entropy,entropyInd,RabA,RabB,RabC,RabD,RabE,RabF,RabG,RabH,RabI,xER,xPM,
2.178,0.3355,0.106,0.0907,0.0685,0.1252,0.05449,0.03938,0.03062,0.03407,0.03502,0.2066,0.2094,
2.177,0.3453,0.106,0.09074,0.06852,0.1248,0.05399,0.03926,0.03063,0.03408,0.03503,0.2067,0.2102,
2.177,0.3459,0.1062,0.09045,0.06858,0.1242,0.05404,0.03931,0.03066,0.03412,0.03507,0.207,0.2104,
2.176,0.3369,0.1061,0.09047,0.06863,0.1236,0.05367,0.03924,0.03056,0.03415,0.0351,0.2072,0.2113,
2.174,0.3425,0.1061,0.09041,0.06793,0.1231,0.05297,0.03922,0.03054,0.03413,0.03508,0.2081,0.2125,
2.175,0.337,0.1081,0.09041,0.06793,0.1231,0.05297,0.03922,0.03054,0.03413,0.03508,0.2081,0.2105,
2.17,0.3515,0.1081,0.0904,0.06792,0.1222,0.04988,0.03921,0.03053,0.03412,0.03507,0.2091,0.2135,
2.172,0.3384,0.1119,0.09034,0.06788,0.1217,0.04985,0.03919,0.03051,0.0341,0.03505,0.21,0.2095,
2.171,0.3446,0.1097,0.09042,0.06794,0.1213,0.0499,0.03922,0.03054,0.03413,0.03508,0.2102,0.2116,
2.186,0.3483,0.1133,0.09035,0.06788,0.12,0.04788,0.03919,0.03051,0.0341,0.0451,0.2021,0.2097,
2.185,0.3487,0.1118,0.09035,0.06788,0.12,0.04788,0.03919,0.03051,0.0341,0.0451,0.2021,0.2112,
2.184,0.359,0.1111,0.09035,0.06788,0.12,0.04788,0.03919,0.03051,0.0341,0.0451,0.2021,0.2119,
2.181,0.3556,0.1092,0.09039,0.06639,0.1196,0.04792,0.03923,0.03054,0.03413,0.04514,0.2023,0.2151,
2.181,0.3565,0.1092,0.09036,0.06638,0.1188,0.04791,0.03922,0.03054,0.03413,0.04513,0.2032,0.2151,
2.178,0.3515,0.109,0.09017,0.06624,0.1186,0.0465,0.03914,0.03048,0.03406,0.04504,0.2049,0.216,
2.178,0.3516,0.109,0.09025,0.0663,0.1178,0.04654,0.03918,0.0305,0.03409,0.04508,0.205,0.2162,
2.178,0.3542,0.1091,0.09033,0.06636,0.117,0.04658,0.03921,0.03053,0.03412,0.04512,0.2052,0.2164,
2.178,0.3541,0.1088,0.09031,0.06639,0.1171,0.0466,0.03923,0.03054,0.03413,0.04514,0.2053,0.2165,
2.174,0.3636,0.1088,0.09031,0.06535,0.1171,0.04506,0.03923,0.03054,0.03413,0.04514,0.2053,0.2191,
2.173,0.3517,0.1076,0.09025,0.0654,0.1164,0.0451,0.03926,0.03057,0.03416,0.04517,0.2055,0.2205,
2.173,0.3477,0.1075,0.09022,0.06535,0.1161,0.04514,0.03929,0.03059,0.03418,0.0452,0.2057,0.2207,
2.171,0.348,0.1075,0.09022,0.06381,0.1161,0.04514,0.03929,0.03059,0.03418,0.0452,0.2057,0.2223,
2.169,0.3446,0.1072,0.08994,0.06361,0.1158,0.045,0.03917,0.03049,0.03408,0.04506,0.2081,0.2216,
2.167,0.3578,0.107,0.08984,0.06354,0.1157,0.04385,0.03913,0.03046,0.03404,0.04502,0.209,0.2225,
2.167,0.3537,0.1069,0.08985,0.06363,0.1149,0.04391,0.03918,0.0305,0.03409,0.04507,0.2092,0.2228,
2.166,0.3539,0.1067,0.08976,0.06356,0.1148,0.04387,0.03914,0.03047,0.03405,0.04503,0.2101,0.2225,
2.166,0.3531,0.1066,0.08959,0.06359,0.1149,0.04389,0.03915,0.03048,0.03407,0.04505,0.2101,0.2226,
2.186,0.3441,0.1104,0.08959,0.06359,0.1149,0.04389,0.03915,0.03048,0.03407,0.05733,0.1979,0.2188,
2.19,0.3409,0.117,0.08959,0.06359,0.1149,0.04389,0.03915,0.03048,0.03407,0.05733,0.1979,0.2122,
2.188,0.3453,0.1133,0.08951,0.06361,0.1149,0.0439,0.03917,0.03049,0.03408,0.05736,0.1979,0.2157,
2.186,0.3543,0.1131,0.08933,0.06349,0.1147,0.04316,0.03909,0.03043,0.03401,0.05724,0.1995,0.2159,
2.186,0.35,0.1125,0.08954,0.06361,0.1147,0.04398,0.03831,0.03045,0.03403,0.05727,0.1996,0.216,
2.186,0.3467,0.1142,0.08937,0.06366,0.1146,0.04393,0.03827,0.0344,0.03002,0.05721,0.2004,0.2139,
2.188,0.3479,0.1124,0.08961,0.06373,0.1161,0.04393,0.03827,0.0344,0.03357,0.05366,0.2004,0.2139,
2.189,0.3517,0.1143,0.0897,0.06391,0.116,0.04389,0.03824,0.03436,0.03354,0.0536,0.2012,0.2113,
2.192,0.3841,0.1184,0.08973,0.06401,0.116,0.04389,0.03824,0.03436,0.03406,0.05308,0.2012,0.2071,
2.194,0.3369,0.1178,0.08929,0.06452,0.1161,0.04391,0.03825,0.0348,0.03808,0.04868,0.2013,0.2072,
2.194,0.3256,0.1177,0.08974,0.06466,0.1146,0.04398,0.03832,0.03539,0.03762,0.04877,0.2017,0.2075,
2.192,0.3308,0.1179,0.08964,0.06497,0.1135,0.04281,0.03784,0.03648,0.03713,0.04829,0.2019,0.2096,
2.191,0.3299,0.1175,0.0897,0.06506,0.113,0.04331,0.03729,0.03699,0.03658,0.04826,0.2028,0.2095,
2.188,0.3445,0.1164,0.08936,0.06508,0.113,0.04208,0.03705,0.03702,0.03661,0.0483,0.204,0.2112,
2.188,0.3402,0.1176,0.08884,0.06496,0.1129,0.04203,0.037,0.03697,0.03657,0.04824,0.2058,0.2091,
2.188,0.343,0.1176,0.08877,0.06509,0.1129,0.04203,0.037,0.0388,0.03474,0.04824,0.2058,0.2091,
2.164,0.3615,0.1177,0.08878,0.0652,0.1121,0.06875,0.01034,0.03883,0.03606,0.04699,0.206,0.2093,
2.164,0.3287,0.1162,0.08879,0.06538,0.1131,0.06878,0.01035,0.03885,0.03608,0.04701,0.2061,0.2094,
2.163,0.3109,0.1153,0.08877,0.0654,0.1131,0.06877,0.01035,0.03884,0.03608,0.047,0.2071,0.2093,
2.161,0.3151,0.1118,0.08863,0.06369,0.1157,0.06866,0.01033,0.03878,0.03705,0.04589,0.2088,0.2106,
2.162,0.3167,0.1133,0.08887,0.06381,0.1163,0.06866,0.01033,0.03878,0.03793,0.04502,0.2088,0.2082,
2.159,0.3285,0.1129,0.08923,0.06386,0.1163,0.06558,0.01033,0.03878,0.03845,0.04449,0.2088,0.2113,
2.159,0.3266,0.1138,0.08908,0.06383,0.1156,0.06611,0.01023,0.03849,0.03938,0.04366,0.2101,0.2097,
2.18,0.3279,0.1134,0.08927,0.06402,0.1156,0.0649,0.01023,0.03849,0.04111,0.05738,0.1946,0.2109,
2.181,0.3257,0.116,0.08922,0.06417,0.1156,0.06369,0.01057,0.03815,0.04293,0.05556,0.1946,0.2094,
2.181,0.3247,0.1155,0.08957,0.06414,0.1155,0.06363,0.01056,0.03811,0.04289,0.05551,0.1954,0.2092,
2.178,0.3253,0.114,0.08944,0.06268,0.1167,0.06356,0.01054,0.03808,0.04285,0.05545,0.1962,0.2105,
2.177,0.327,0.1136,0.08884,0.06289,0.1163,0.06338,0.01051,0.03796,0.04272,0.05529,0.1986,0.2099,
2.177,0.3271,0.1133,0.08904,0.06299,0.1163,0.06338,0.01051,0.03796,0.0436,0.05442,0.1986,0.2099,
2.177,0.3274,0.113,0.08907,0.06301,0.1164,0.06341,0.01052,0.03798,0.04362,0.05444,0.1987,0.21,
2.179,0.3286,0.1148,0.08939,0.06313,0.116,0.06343,0.01052,0.03799,0.04363,0.05445,0.1987,0.2079,
2.179,0.3367,0.1134,0.08933,0.0632,0.117,0.06337,0.01051,0.03795,0.05119,0.0468,0.1995,0.2077,
2.177,0.3452,0.113,0.0895,0.06326,0.1165,0.06224,0.0105,0.03835,0.05074,0.04677,0.2004,0.2086,
2.175,0.3366,0.1129,0.08976,0.06339,0.1158,0.06075,0.01051,0.03922,0.04994,0.04681,0.2006,0.2104,
2.176,0.3492,0.1128,0.08946,0.06363,0.1163,0.0608,0.01052,0.04065,0.04858,0.04685,0.2018,0.2087,
2.176,0.3461,0.1114,0.08944,0.06375,0.1164,0.0608,0.01086,0.04032,0.04859,0.04685,0.2028,0.2088,
2.177,0.3388,0.1152,0.08885,0.06379,0.1163,0.0597,0.01085,0.04032,0.04858,0.04684,0.2038,0.2057,
2.177,0.3427,0.1147,0.08826,0.06402,0.1161,0.05979,0.01129,0.03997,0.04866,0.04692,0.2042,0.206,
2.174,0.348,0.1122,0.0882,0.06241,0.1174,0.05972,0.01128,0.03992,0.04861,0.04687,0.206,0.2075,
2.174,0.3603,0.1119,0.08815,0.06236,0.1174,0.05975,0.01129,0.04046,0.0481,0.04689,0.2061,0.2076,
2.177,0.3467,0.1118,0.08836,0.06252,0.1167,0.05979,0.01357,0.03821,0.04814,0.04692,0.2062,0.2077,
2.177,0.3516,0.1115,0.08884,0.06265,0.1156,0.05987,0.01401,0.03784,0.04917,0.04601,0.2065,0.208,
2.176,0.3608,0.1102,0.08865,0.06269,0.1166,0.05981,0.014,0.0378,0.05035,0.04474,0.2073,0.2078,
2.176,0.3527,0.1101,0.08821,0.06265,0.1166,0.05977,0.01399,0.03848,0.04961,0.04471,0.2082,0.2077,
2.176,0.4005,0.1089,0.08894,0.06271,0.1164,0.05982,0.014,0.03851,0.04966,0.04475,0.2084,0.2079,
2.176,0.3719,0.1084,0.08963,0.06279,0.1157,0.05987,0.01401,0.03854,0.05057,0.04391,0.2086,0.208,
2.17,0.3362,0.108,0.08944,0.06305,0.1155,0.06314,0.01066,0.0385,0.05052,0.04386,0.2094,0.2078,
2.17,0.336,0.1081,0.08934,0.06322,0.1152,0.06317,0.01066,0.03852,0.05183,0.04259,0.2095,0.2079,
2.17,0.3365,0.1081,0.08934,0.06322,0.1152,0.06317,0.01066,0.03852,0.05183,0.04259,0.2095,0.2079,
2.168,0.3431,0.1079,0.08935,0.06165,0.1152,0.06317,0.01066,0.03947,0.05244,0.04103,0.2095,0.2096,
2.169,0.3492,0.1078,0.0895,0.06165,0.1152,0.06317,0.01119,0.04123,0.05103,0.04015,0.2095,0.2096,
2.168,0.3403,0.1062,0.0895,0.06164,0.1163,0.06311,0.01118,0.04171,0.05045,0.04011,0.2104,0.2094,
2.168,0.3436,0.1059,0.08975,0.06176,0.1163,0.06311,0.01118,0.04171,0.05045,0.04011,0.2104,0.2094,
2.169,0.3464,0.103,0.08975,0.06176,0.1192,0.06311,0.01251,0.04038,0.05159,0.03898,0.2104,0.2094,
2.168,0.3695,0.1027,0.08981,0.06193,0.1192,0.06398,0.01164,0.04038,0.05159,0.03898,0.2104,0.2094,
2.169,0.3419,0.1026,0.08986,0.062,0.1183,0.06397,0.01276,0.03925,0.05263,0.03792,0.2114,0.2093,
2.167,0.3456,0.1023,0.09018,0.0621,0.118,0.0629,0.01276,0.03926,0.05265,0.03793,0.2115,0.2105,
2.167,0.3482,0.1018,0.09012,0.0623,0.118,0.06293,0.01277,0.03928,0.05267,0.03795,0.2116,0.2106,
2.181,0.304,0.1024,0.08963,0.06258,0.1176,0.06291,0.01276,0.06006,0.03368,0.04655,0.2021,0.2097,
2.179,0.3011,0.1059,0.08975,0.06084,0.1175,0.06131,0.01275,0.06,0.0347,0.04545,0.203,0.2089,
2.179,0.3024,0.1058,0.08991,0.06093,0.1167,0.0611,0.01269,0.05997,0.03572,0.04426,0.2031,0.2098,
2.179,0.3056,0.1042,0.09,0.06093,0.1182,0.0611,0.01269,0.05997,0.03572,0.04426,0.2031,0.2098,
2.18,0.3032,0.1062,0.08999,0.0611,0.1182,0.0611,0.01269,0.05997,0.03572,0.04426,0.2031,0.2076,
2.18,0.3062,0.1061,0.09003,0.06113,0.1182,0.0611,0.01269,0.05997,0.03677,0.04321,0.2031,0.2076,
2.179,0.3103,0.1057,0.08983,0.06095,0.1178,0.06091,0.01266,0.05979,0.03666,0.04308,0.2056,0.207,
2.179,0.3173,0.105,0.09015,0.06101,0.1179,0.06094,0.01266,0.05981,0.04226,0.03751,0.2057,0.2071,
2.179,0.3158,0.1049,0.09004,0.06121,0.1179,0.06094,0.01266,0.05981,0.04322,0.03655,0.2057,0.2071,
2.176,0.3185,0.1045,0.09021,0.06126,0.1178,0.05978,0.01265,0.05975,0.04502,0.03467,0.2065,0.208,
2.176,0.3203,0.1033,0.09032,0.06135,0.1187,0.05978,0.01265,0.05975,0.04611,0.03358,0.2065,0.208,
2.198,0.3144,0.1046,0.09012,0.06131,0.1183,0.05807,0.01261,0.05957,0.04597,0.04911,0.1933,0.2071,
2.195,0.313,0.1041,0.0898,0.06127,0.1181,0.05755,0.01193,0.05948,0.0459,0.04903,0.1949,0.2078,
2.194,0.3131,0.1038,0.08982,0.06118,0.1175,0.05747,0.01191,0.05939,0.04583,0.04896,0.1966,0.2075,
2.194,0.3195,0.1034,0.09011,0.06125,0.1175,0.05747,0.01191,0.05939,0.04583,0.04896,0.1966,0.2075,
2.194,0.3125,0.103,0.09025,0.06127,0.1174,0.05741,0.01223,0.059,0.04578,0.04891,0.1974,0.2073,
2.194,0.3236,0.1025,0.09021,0.06156,0.1173,0.05735,0.01274,0.05842,0.04574,0.04886,0.1982,0.2071,
2.194,0.3257,0.1022,0.08986,0.06151,0.117,0.05718,0.01377,0.05717,0.0456,0.04872,0.2006,0.2065,
2.183,0.3215,0.1007,0.08981,0.06173,0.1182,0.06324,0.007719,0.05838,0.04439,0.04872,0.2006,0.2065,
2.184,0.329,0.1005,0.0898,0.06171,0.1181,0.06351,0.008417,0.05729,0.04951,0.0435,0.2014,0.2063,
2.184,0.329,0.1005,0.08966,0.06188,0.1181,0.06351,0.008417,0.05729,0.04951,0.0435,0.2014,0.2063,
2.184,0.3623,0.09888,0.08956,0.06197,0.1184,0.06342,0.008922,0.0567,0.04945,0.04345,0.2032,0.2061,
2.184,0.3312,0.0989,0.08945,0.06226,0.1177,0.06348,0.008924,0.05674,0.04949,0.04347,0.2033,0.2062,
2.182,0.3372,0.09849,0.08921,0.0624,0.1175,0.06184,0.009237,0.0563,0.04939,0.04338,0.205,0.2073,
2.181,0.3388,0.09343,0.08921,0.06255,0.1221,0.06186,0.009241,0.05632,0.04941,0.0434,0.205,0.2074,
2.179,0.3361,0.08889,0.08915,0.0626,0.1267,0.06186,0.009241,0.05701,0.04872,0.0434,0.205,0.2074,
2.178,0.3951,0.08735,0.08898,0.06283,0.1281,0.06238,0.008723,0.05777,0.04796,0.0434,0.205,0.2074,
2.192,0.3497,0.09067,0.08876,0.06292,0.128,0.06232,0.008714,0.05771,0.04791,0.05138,0.1978,0.2038,
2.191,0.3038,0.09016,0.08917,0.06303,0.128,0.06232,0.008714,0.05905,0.04743,0.05052,0.1978,0.2038,
2.191,0.2931,0.09015,0.08915,0.06315,0.1277,0.06234,0.008716,0.05994,0.04659,0.05054,0.1979,0.2039,
2.191,0.2817,0.09008,0.08878,0.06326,0.1277,0.06237,0.00872,0.05997,0.04661,0.05056,0.198,0.2039,
2.188,0.2841,0.08982,0.08861,0.06337,0.1278,0.06395,0.00717,0.05999,0.04663,0.05058,0.1981,0.204,
2.187,0.2958,0.08947,0.08895,0.06348,0.1274,0.06449,0.006653,0.06078,0.05071,0.04577,0.1982,0.2041,
2.186,0.3013,0.08593,0.08855,0.06358,0.1306,0.06446,0.007167,0.06023,0.05068,0.04575,0.199,0.204,
2.186,0.3033,0.08593,0.08849,0.06364,0.1306,0.06446,0.007167,0.06023,0.05068,0.04575,0.199,0.204,
2.186,0.3108,0.08532,0.08846,0.06396,0.1307,0.06449,0.00717,0.06025,0.05208,0.04438,0.1991,0.2041,
2.185,0.3105,0.08496,0.08838,0.06408,0.1307,0.06477,0.006908,0.06028,0.0521,0.0444,0.1992,0.2042,
2.183,0.321,0.0821,0.08833,0.06419,0.133,0.06481,0.006914,0.06085,0.0525,0.04358,0.1994,0.2044,
2.183,0.3312,0.08194,0.08842,0.06425,0.133,0.06481,0.006914,0.06085,0.0525,0.04358,0.1994,0.2044,
2.183,0.2997,0.08197,0.08817,0.06425,0.133,0.06481,0.006917,0.06088,0.05425,0.04187,0.1995,0.2044,
2.182,0.2951,0.08186,0.08788,0.06426,0.1327,0.06477,0.006913,0.06084,0.05422,0.04184,0.2004,0.2043,
2.165,0.3127,0.08166,0.08801,0.06433,0.1327,0.06477,0.007431,0.08919,0.02535,0.04184,0.2004,0.2043,
2.162,0.3158,0.08005,0.08803,0.0644,0.1342,0.06563,0.006574,0.08919,0.02586,0.04133,0.2004,0.2043,
2.164,0.3208,0.07958,0.08761,0.06464,0.1343,0.06569,0.007098,0.08875,0.02779,0.03946,0.2005,0.2045,
2.163,0.3223,0.07804,0.08768,0.06461,0.1352,0.06565,0.007094,0.0887,0.02777,0.03944,0.2014,0.2044,
2.163,0.3334,0.07727,0.08768,0.06482,0.1351,0.06561,0.00709,0.08865,0.03584,0.03133,0.2023,0.2043,
2.162,0.3232,0.07664,0.08765,0.06478,0.1352,0.06584,0.006819,0.0886,0.03582,0.03131,0.2032,0.2042,
2.16,0.3428,0.07311,0.08748,0.06504,0.1386,0.06584,0.006819,0.0886,0.03703,0.0301,0.2032,0.2042,
2.156,0.3254,0.07217,0.08681,0.06355,0.1394,0.06589,0.006825,0.08867,0.039,0.02818,0.2034,0.2062,
2.156,0.324,0.07148,0.08633,0.0638,0.14,0.06592,0.006828,0.08871,0.03902,0.02819,0.2035,0.2062,
2.153,0.3352,0.07125,0.08624,0.06367,0.1397,0.06428,0.006814,0.08853,0.03894,0.02814,0.2051,0.2073,
2.153,0.3313,0.0711,0.08633,0.06384,0.1391,0.06433,0.00682,0.08861,0.0404,0.02674,0.2053,0.2075,
2.162,0.3257,0.07398,0.08595,0.06407,0.1389,0.06427,0.00742,0.08791,0.04035,0.02928,0.2035,0.2043,
2.159,0.326,0.07367,0.08605,0.06404,0.1388,0.06222,0.007413,0.08782,0.04031,0.02925,0.2043,0.2061,
2.155,0.3113,0.07271,0.08599,0.06411,0.1397,0.05963,0.007413,0.08782,0.04083,0.02873,0.2043,0.2087,
2.155,0.31,0.07268,0.08583,0.0643,0.1397,0.05963,0.007413,0.08782,0.04083,0.02873,0.2043,0.2087,
2.153,0.3054,0.07422,0.08573,0.06446,0.1422,0.05764,0.00741,0.09084,0.03778,0.02872,0.2053,0.2056,
2.148,0.3105,0.07408,0.08541,0.06136,0.1414,0.05765,0.007412,0.09087,0.03865,0.02787,0.2064,0.2089,
2.132,0.3123,0.07278,0.08501,0.06151,0.1419,0.05747,0.008049,0.1037,0.0256,0.02692,0.2089,0.2082,
2.141,0.3049,0.07605,0.08505,0.06155,0.142,0.0579,0.008188,0.105,0.02384,0.03069,0.2062,0.2036,
2.141,0.3051,0.07607,0.08509,0.06169,0.1413,0.05795,0.008195,0.1063,0.02265,0.03186,0.2052,0.2038,
2.141,0.3068,0.0761,0.08502,0.06182,0.1409,0.05797,0.008198,0.1063,0.02266,0.03187,0.2053,0.2038,
2.142,0.3066,0.07607,0.08512,0.06193,0.1402,0.05802,0.008204,0.1064,0.02363,0.03094,0.2055,0.204,
2.139,0.3168,0.07203,0.08502,0.0622,0.1435,0.05699,0.008623,0.1061,0.02365,0.03096,0.2057,0.2053,
2.136,0.3171,0.07104,0.08416,0.06243,0.1439,0.05593,0.008625,0.1065,0.02324,0.03097,0.2068,0.2064,
2.135,0.3154,0.07088,0.08362,0.06234,0.1437,0.05431,0.009747,0.1048,0.0232,0.03092,0.2085,0.208,
2.135,0.3382,0.07065,0.0836,0.06246,0.143,0.05437,0.01028,0.1049,0.02271,0.03096,0.2088,0.2083,
2.135,0.3241,0.07043,0.0835,0.06254,0.1429,0.05431,0.01027,0.1048,0.02269,0.03093,0.2096,0.2081,
2.133,0.3103,0.06962,0.08358,0.06266,0.1417,0.05437,0.01028,0.1053,0.0223,0.03096,0.2109,0.2083,
2.156,0.3152,0.07256,0.08334,0.06278,0.1416,0.05432,0.0113,0.1042,0.02314,0.03988,0.2018,0.205,
2.186,0.3189,0.07218,0.08313,0.06269,0.141,0.05318,0.08305,0.03283,0.02453,0.0379,0.2036,0.2059,
2.186,0.321,0.07206,0.08351,0.06291,0.1392,0.05329,0.08323,0.03387,0.02362,0.03798,0.2041,0.2063,
2.189,0.3271,0.0751,0.08359,0.06291,0.1386,0.05326,0.08318,0.03454,0.02386,0.03701,0.205,0.2029,
2.189,0.323,0.07495,0.0837,0.06295,0.1386,0.05326,0.08318,0.03523,0.02317,0.03701,0.205,0.2029,
2.188,0.3247,0.07491,0.08317,0.06313,0.1384,0.05323,0.08313,0.03521,0.02316,0.03699,0.2059,0.2028,
2.188,0.3302,0.07473,0.08329,0.06318,0.1384,0.05374,0.08261,0.03521,0.02368,0.03648,0.2059,0.2028,
2.192,0.3289,0.07473,0.08323,0.06327,0.1381,0.05425,0.08216,0.03522,0.02369,0.03866,0.2038,0.2029,
2.2,0.3288,0.07434,0.08321,0.06323,0.1378,0.05414,0.082,0.03584,0.02295,0.0441,0.1999,0.2025,
2.2,0.3283,0.07444,0.08323,0.0634,0.1367,0.05462,0.08169,0.03588,0.02298,0.04416,0.2001,0.2027,
2.199,0.3327,0.074,0.08302,0.06336,0.1361,0.05456,0.0816,0.03584,0.02295,0.04411,0.2019,0.2025,
2.2,0.3397,0.07338,0.08308,0.06337,0.136,0.05453,0.08155,0.03582,0.02763,0.0394,0.2028,0.2024,
2.2,0.3434,0.07324,0.08306,0.06358,0.1348,0.05454,0.08218,0.03522,0.02866,0.03837,0.2039,0.2024,
2.199,0.3421,0.07281,0.08313,0.06252,0.1349,0.05498,0.0818,0.03524,0.02867,0.03839,0.204,0.2036,
2.197,0.346,0.07069,0.08314,0.06262,0.1365,0.05492,0.08172,0.0352,0.02864,0.03835,0.2048,0.2034,
2.195,0.3559,0.06901,0.08304,0.06289,0.1365,0.05492,0.08172,0.0352,0.02864,0.03835,0.2048,0.2049,
2.196,0.3442,0.06852,0.08296,0.06297,0.137,0.05544,0.0812,0.0352,0.03036,0.03664,0.2048,0.2049,
2.194,0.3503,0.06829,0.08261,0.0631,0.1367,0.05573,0.08062,0.03664,0.03043,0.03492,0.2064,0.2045,
2.193,0.3576,0.06811,0.0826,0.06308,0.1366,0.05568,0.08054,0.03855,0.02845,0.03488,0.2072,0.2043,
2.193,0.3552,0.06793,0.08247,0.06316,0.1365,0.05603,0.08056,0.038,0.02842,0.03484,0.2081,0.2041,
2.192,0.3684,0.06675,0.08251,0.0632,0.1373,0.05638,0.08027,0.03802,0.02843,0.03486,0.2081,0.2042,
2.191,0.3763,0.06623,0.08234,0.06333,0.1372,0.05687,0.07969,0.03799,0.02842,0.03484,0.2091,0.204,
2.191,0.3659,0.06571,0.08231,0.06333,0.1371,0.07723,0.05925,0.03797,0.0284,0.03482,0.21,0.2039,
2.191,0.3506,0.06575,0.08227,0.06346,0.1364,0.0773,0.0593,0.038,0.02842,0.03485,0.2101,0.2041,
2.19,0.3519,0.06555,0.08222,0.06366,0.1356,0.07728,0.05928,0.03943,0.02698,0.03483,0.2112,0.204,
2.19,0.3536,0.06508,0.08199,0.06401,0.1356,0.07783,0.05931,0.03893,0.02699,0.03485,0.2112,0.2041,
2.194,0.3514,0.06505,0.08185,0.06418,0.1356,0.07783,0.05931,0.03893,0.02699,0.037,0.2091,0.2041,
2.193,0.3491,0.0647,0.08211,0.06414,0.1351,0.07778,0.05927,0.03891,0.02697,0.03697,0.21,0.204,
2.191,0.3516,0.06454,0.08206,0.06324,0.134,0.07779,0.05989,0.03831,0.02749,0.03646,0.2111,0.2051,
2.167,0.3438,0.06441,0.08214,0.06354,0.1329,0.1094,0.02847,0.03836,0.02753,0.03649,0.2114,0.2054,
2.166,0.3568,0.06403,0.08212,0.0636,0.133,0.1103,0.02756,0.03837,0.02754,0.03651,0.2115,0.2055,
2.165,0.3435,0.06385,0.08184,0.06371,0.1323,0.1102,0.02802,0.03779,0.02749,0.03645,0.2132,0.2051,
2.181,0.3472,0.0638,0.08224,0.06381,0.1314,0.1103,0.02807,0.03786,0.02886,0.04474,0.204,0.2048,
2.183,0.3503,0.06586,0.08233,0.06396,0.1303,0.1094,0.02914,0.03687,0.0289,0.0448,0.2043,0.2041,
2.182,0.3577,0.0666,0.08246,0.06405,0.1303,0.1074,0.02862,0.03687,0.0289,0.0448,0.2043,0.2057,
2.182,0.3597,0.06654,0.08238,0.06402,0.129,0.1078,0.02808,0.03684,0.03264,0.041,0.2062,0.2056,
2.182,0.3622,0.06641,0.08238,0.06415,0.129,0.1078,0.02808,0.03684,0.03264,0.041,0.2062,0.2056,
2.182,0.3476,0.06637,0.08244,0.0643,0.1282,0.1079,0.0281,0.03687,0.03318,0.04052,0.2064,0.2057,
2.18,0.3556,0.06593,0.08165,0.06439,0.1279,0.1084,0.02771,0.03741,0.03533,0.0379,0.2075,0.2059,
2.18,0.3559,0.0657,0.0818,0.06447,0.1279,0.1073,0.02771,0.03741,0.03619,0.03704,0.2075,0.2069,
2.179,0.36,0.06536,0.08186,0.06447,0.1276,0.1078,0.02765,0.03711,0.03622,0.03707,0.2077,0.2071,
2.177,0.3525,0.06527,0.08168,0.06461,0.1271,0.1071,0.02777,0.03654,0.0362,0.03705,0.2086,0.2081,
2.171,0.3515,0.06469,0.08148,0.0648,0.1277,0.1084,0.02484,0.03621,0.0362,0.03705,0.2086,0.21,
2.171,0.3578,0.06458,0.0816,0.06495,0.127,0.1085,0.02486,0.03623,0.03674,0.03656,0.2088,0.2102,
2.171,0.3605,0.0643,0.08177,0.06506,0.127,0.1085,0.02486,0.03623,0.03766,0.03563,0.2088,0.2102,
2.17,0.3379,0.06406,0.08145,0.06518,0.1267,0.1083,0.0248,0.03616,0.03953,0.03361,0.2105,0.2097,
2.182,0.3379,0.06606,0.08136,0.06533,0.1267,0.1083,0.0248,0.03616,0.03953,0.03909,0.205,0.2077,
2.186,0.3388,0.06874,0.08126,0.0655,0.1267,0.1063,0.0248,0.03616,0.04245,0.03792,0.2032,0.2069,
2.184,0.3451,0.06652,0.08139,0.06577,0.128,0.1045,0.02483,0.03619,0.04249,0.03795,0.2034,0.209,
2.184,0.3479,0.06822,0.08128,0.06582,0.1275,0.1038,0.0255,0.03551,0.04195,0.03793,0.2043,0.2081,
2.181,0.3413,0.07087,0.0813,0.06591,0.1281,0.1043,0.04481,0.0162,0.04143,0.03793,0.2043,0.2048,
2.179,0.3459,0.07075,0.0812,0.06614,0.1281,0.1013,0.04481,0.0162,0.04143,0.03793,0.2043,0.2078,
2.178,0.3526,0.07083,0.08118,0.06632,0.1261,0.102,0.04435,0.01621,0.0424,0.03705,0.2056,0.2081,
2.178,0.35,0.0708,0.08099,0.06656,0.1246,0.1022,0.04485,0.01652,0.0418,0.03713,0.206,0.2085,
2.17,0.3549,0.0706,0.08079,0.06674,0.1245,0.1105,0.03638,0.0165,0.04176,0.03709,0.2068,0.2083,
2.178,0.3433,0.07402,0.08105,0.06672,0.1244,0.1104,0.03634,0.01648,0.04171,0.03977,0.2049,0.2042,
2.177,0.3333,0.0736,0.08068,0.0669,0.1241,0.1104,0.03689,0.01662,0.04102,0.03976,0.2059,0.2042,
2.176,0.3357,0.07338,0.08061,0.06697,0.124,0.1103,0.03726,0.01619,0.04098,0.03972,0.2067,0.2039,
2.179,0.3512,0.07279,0.08065,0.06719,0.124,0.1084,0.03717,0.01758,0.03948,0.04198,0.2046,0.2062,
2.177,0.3396,0.07261,0.08038,0.06719,0.1238,0.1078,0.03701,0.01744,0.04013,0.04103,0.2062,0.2064,
2.176,0.3408,0.07119,0.08013,0.06749,0.1251,0.107,0.03675,0.01744,0.04013,0.04103,0.2062,0.2075,
2.176,0.3409,0.07119,0.08013,0.06749,0.1251,0.107,0.03675,0.01744,0.04064,0.04052,0.2062,0.2075,
2.175,0.3521,0.07049,0.08043,0.06764,0.1236,0.1072,0.03679,0.01746,0.04069,0.04056,0.2075,0.2077,
2.175,0.3513,0.07021,0.08039,0.06771,0.1233,0.1072,0.03682,0.01747,0.04072,0.0406,0.2077,0.2079,
2.185,0.3488,0.07285,0.0798,0.06784,0.1232,0.1072,0.0368,0.01746,0.04527,0.04133,0.2032,0.205,
2.183,0.3763,0.07008,0.07962,0.06805,0.1259,0.1061,0.0368,0.01746,0.04708,0.03952,0.2032,0.2061,
2.185,0.3627,0.07213,0.07961,0.06811,0.1257,0.1062,0.03682,0.01747,0.0471,0.03954,0.2033,0.2041,
2.184,0.3237,0.07186,0.07983,0.06816,0.1257,0.1057,0.03671,0.01734,0.04762,0.03902,0.2033,0.2047,
2.182,0.3264,0.07157,0.0795,0.0681,0.1253,0.1054,0.0372,0.01669,0.04747,0.0389,0.2058,0.2041,
2.182,0.3326,0.07119,0.07963,0.06813,0.1251,0.1053,0.03717,0.01776,0.04633,0.03886,0.2066,0.2039,
2.182,0.3339,0.07119,0.07963,0.06813,0.1251,0.1053,0.03717,0.01776,0.04684,0.03835,0.2066,0.2039,
2.195,0.3321,0.07107,0.07966,0.06821,0.1251,0.1018,0.03717,0.01828,0.04633,0.04789,0.197,0.2074,
2.194,0.329,0.07101,0.07968,0.06825,0.1251,0.1007,0.03717,0.01828,0.04633,0.04789,0.197,0.2085,
2.194,0.331,0.07096,0.07957,0.06842,0.1251,0.1007,0.03717,0.01828,0.04722,0.04699,0.197,0.2085,
2.197,0.3358,0.07459,0.07937,0.06854,0.125,0.1011,0.0366,0.01826,0.04718,0.04695,0.1978,0.2045,
2.203,0.3366,0.07688,0.07924,0.06857,0.1249,0.102,0.03617,0.03854,0.02628,0.0469,0.1986,0.2019,
2.203,0.3376,0.07677,0.07916,0.06867,0.1241,0.102,0.03616,0.03853,0.02628,0.0469,0.1996,0.2019,
2.202,0.341,0.07553,0.07885,0.06886,0.1251,0.1008,0.03612,0.0385,0.02779,0.04532,0.2004,0.2027,
2.201,0.3405,0.07534,0.07877,0.06914,0.1251,0.09923,0.03612,0.0385,0.02779,0.04532,0.2004,0.2043,
2.203,0.3434,0.07815,0.07853,0.06941,0.1251,0.09923,0.03612,0.0385,0.02779,0.04532,0.2004,0.2015,
2.203,0.34,0.07704,0.07812,0.06958,0.1262,0.09927,0.03614,0.03851,0.0278,0.04533,0.2005,0.2016,
2.204,0.3436,0.07685,0.07816,0.06974,0.1262,0.09927,0.03614,0.03851,0.02981,0.04332,0.2005,0.2016,
2.202,0.3473,0.07645,0.07795,0.06968,0.1263,0.09781,0.03658,0.03814,0.02984,0.04336,0.2006,0.2033,
2.202,0.3411,0.0764,0.07785,0.06984,0.1263,0.09781,0.03658,0.03814,0.02984,0.04336,0.2006,0.2033,
2.202,0.3451,0.07937,0.07775,0.06872,0.1262,0.09691,0.03646,0.03965,0.02816,0.04334,0.2015,0.2019,
2.201,0.3339,0.07927,0.07776,0.06891,0.1258,0.09503,0.03647,0.03967,0.02817,0.04335,0.2016,0.2039,
2.199,0.3342,0.07917,0.07774,0.06903,0.1258,0.09389,0.03611,0.03967,0.02776,0.04335,0.2016,0.2059,
2.165,0.3308,0.07907,0.07777,0.06909,0.1258,0.1117,0.0148,0.03983,0.02704,0.04335,0.2016,0.2099,
2.162,0.308,0.07826,0.07777,0.06681,0.1265,0.1117,0.0148,0.03983,0.02704,0.04335,0.2016,0.2122,
2.161,0.3093,0.07944,0.07785,0.06689,0.1265,0.1112,0.01432,0.04097,0.02591,0.04335,0.2016,0.212,
2.16,0.3078,0.07935,0.07781,0.06701,0.1265,0.1098,0.01432,0.04097,0.02591,0.04335,0.2016,0.2134,
2.156,0.3144,0.07782,0.07775,0.06682,0.127,0.107,0.01483,0.04032,0.02584,0.04324,0.2041,0.2153,
2.161,0.3166,0.07872,0.07779,0.06683,0.1274,0.1029,0.01466,0.04029,0.0276,0.04522,0.2012,0.2174,
2.161,0.3135,0.07872,0.07776,0.06685,0.1274,0.1029,0.01466,0.04029,0.0276,0.04522,0.2012,0.2174,
2.16,0.3151,0.07835,0.0779,0.06694,0.1267,0.1019,0.01468,0.04035,0.02764,0.04528,0.2015,0.2188,
2.16,0.3176,0.07831,0.0779,0.06707,0.1263,0.102,0.01468,0.04109,0.02743,0.04479,0.2016,0.2189,
2.158,0.3329,0.0782,0.07787,0.06707,0.1256,0.1002,0.0147,0.04115,0.02746,0.04485,0.2018,0.2211,
2.158,0.3236,0.07943,0.07806,0.06721,0.1253,0.09977,0.01428,0.04186,0.0268,0.04488,0.202,0.2204,
2.164,0.3252,0.08846,0.07781,0.06732,0.1252,0.09819,0.01382,0.04182,0.02763,0.04398,0.2028,0.213,
2.165,0.323,0.08849,0.07757,0.0674,0.1245,0.09831,0.01384,0.04187,0.02881,0.0429,0.2031,0.2132,
2.168,0.3232,0.09207,0.07717,0.06737,0.1245,0.09834,0.01385,0.04189,0.02881,0.04291,0.2041,0.2089,
2.168,0.3213,0.09201,0.07723,0.06747,0.1242,0.09838,0.01385,0.0419,0.02971,0.04204,0.2042,0.209,
2.167,0.3073,0.0918,0.0773,0.06761,0.1242,0.09629,0.01436,0.04139,0.03059,0.04116,0.2042,0.2111,
2.166,0.3099,0.09143,0.07725,0.0677,0.1242,0.09474,0.01437,0.04108,0.03237,0.03941,0.2043,0.2131,
2.165,0.3064,0.09116,0.07718,0.06772,0.1243,0.09529,0.01386,0.0411,0.0329,0.03891,0.2044,0.2132,
2.177,0.3071,0.09323,0.07725,0.06775,0.1243,0.09533,0.01387,0.04153,0.03434,0.04319,0.1984,0.2108,
2.176,0.3097,0.09317,0.07711,0.06795,0.1243,0.09383,0.01387,0.04153,0.03434,0.04319,0.1984,0.2123,
2.173,0.3095,0.09267,0.07752,0.06815,0.124,0.09242,0.01355,0.04146,0.03521,0.04212,0.1985,0.2145,
2.173,0.3162,0.09001,0.07756,0.06826,0.1262,0.09246,0.01413,0.0409,0.03709,0.04027,0.1985,0.2146,
2.177,0.3423,0.09482,0.07739,0.06851,0.1261,0.09237,0.01412,0.04086,0.03706,0.04023,0.1993,0.2092,
2.182,0.3254,0.0956,0.07745,0.06859,0.1287,0.09245,0.03865,0.01637,0.03709,0.04027,0.1995,0.2053,
2.181,0.3272,0.09606,0.07752,0.06868,0.1297,0.09116,0.0392,0.01582,0.03709,0.04027,0.1995,0.205,
2.18,0.3275,0.09595,0.07732,0.06871,0.1287,0.09147,0.03908,0.01616,0.03756,0.03902,0.2013,0.2047,
2.178,0.3281,0.09594,0.07744,0.069,0.1273,0.09162,0.03914,0.01618,0.04756,0.02915,0.2016,0.2051,
2.177,0.3299,0.09577,0.07708,0.06907,0.1268,0.09161,0.03913,0.01618,0.04894,0.02776,0.2026,0.205,
2.179,0.3294,0.09732,0.07688,0.06922,0.1282,0.09165,0.03915,0.01618,0.04896,0.02777,0.2027,0.2019,
2.178,0.3294,0.09723,0.07681,0.06915,0.1281,0.09155,0.03911,0.01617,0.04891,0.02774,0.2035,0.2017,
2.177,0.3248,0.09712,0.07659,0.06947,0.1281,0.09006,0.03911,0.01617,0.04891,0.02774,0.2035,0.2032,
2.183,0.3457,0.09371,0.0764,0.06951,0.1313,0.08996,0.03962,0.0156,0.04886,0.03228,0.1997,0.203,
2.183,0.3295,0.09319,0.07626,0.06953,0.1314,0.09004,0.03965,0.01562,0.0489,0.03231,0.1999,0.2032,
2.182,0.3349,0.09285,0.07621,0.06958,0.1314,0.09008,0.04018,0.01511,0.04943,0.03181,0.2,0.2033,
2.18,0.3334,0.0928,0.07608,0.06976,0.1314,0.08885,0.04163,0.01366,0.04943,0.03181,0.2,0.2045,
2.174,0.3418,0.09259,0.07626,0.0698,0.1314,0.09293,0.03605,0.01366,0.04943,0.03181,0.2,0.206,
2.173,0.3406,0.09231,0.07591,0.0701,0.1315,0.09264,0.03598,0.01356,0.04933,0.03182,0.2001,0.2067,
2.172,0.3437,0.0916,0.07572,0.07011,0.1315,0.09289,0.03572,0.01356,0.04932,0.03181,0.2011,0.2067,
2.171,0.3433,0.09151,0.07558,0.07011,0.1314,0.09334,0.03514,0.01355,0.04927,0.03178,0.2019,0.2065,
2.171,0.3474,0.09288,0.07549,0.07046,0.1306,0.092,0.03484,0.01427,0.04946,0.03095,0.202,0.207,
2.171,0.3486,0.09284,0.07567,0.0707,0.1292,0.09215,0.0349,0.01429,0.04954,0.031,0.2024,0.2073,
2.174,0.3561,0.09653,0.07567,0.07086,0.1292,0.09215,0.0349,0.01429,0.04954,0.031,0.2024,0.2035,
2.174,0.354,0.09533,0.07593,0.07089,0.1298,0.09219,0.03491,0.01429,0.04956,0.03101,0.2025,0.2036,
2.174,0.3474,0.09404,0.07576,0.07105,0.1301,0.09235,0.03497,0.01473,0.04975,0.03055,0.2028,0.2039,
2.175,0.3508,0.09357,0.07614,0.07121,0.1288,0.09238,0.03498,0.01553,0.04897,0.03056,0.2039,0.204,
2.175,0.3581,0.09364,0.07616,0.07143,0.1277,0.09249,0.03503,0.01555,0.04904,0.03059,0.2042,0.2042,
2.175,0.3566,0.09341,0.07593,0.07164,0.1275,0.09284,0.03455,0.01624,0.04828,0.03056,0.205,0.204,
2.189,0.3525,0.09318,0.07572,0.07152,0.1275,0.08803,0.03453,0.01623,0.04825,0.04146,0.195,0.2087,
2.187,0.3543,0.09303,0.07577,0.07019,0.1271,0.08683,0.03455,0.01675,0.04775,0.04147,0.195,0.2115,
2.191,0.3532,0.09975,0.07592,0.0703,0.1272,0.08511,0.03456,0.01676,0.04829,0.04097,0.1951,0.206,
2.187,0.3586,0.1009,0.07574,0.0703,0.1269,0.08155,0.03403,0.01673,0.04819,0.04089,0.1967,0.208,
2.185,0.352,0.1006,0.07497,0.07037,0.1261,0.08153,0.03402,0.01672,0.0487,0.04037,0.1986,0.208,
2.187,0.3535,0.105,0.07473,0.06919,0.126,0.08145,0.03398,0.01671,0.04865,0.04033,0.1994,0.2046,
2.187,0.3513,0.1044,0.07459,0.0693,0.1259,0.0814,0.03396,0.01743,0.04788,0.04031,0.2003,0.2045,
2.183,0.3405,0.1076,0.07471,0.06925,0.1254,0.07841,0.03347,0.01715,0.05034,0.03741,0.2012,0.205,
2.186,0.3351,0.1114,0.0745,0.06963,0.1244,0.0785,0.03351,0.01768,0.04988,0.03746,0.2014,0.2016,
2.185,0.3409,0.111,0.07435,0.06977,0.1237,0.07838,0.03345,0.01765,0.0498,0.0374,0.2031,0.2013,
2.184,0.3429,0.1102,0.07472,0.06995,0.1236,0.07766,0.03397,0.01709,0.04975,0.03736,0.2039,0.2017,
2.182,0.3517,0.1101,0.0748,0.07001,0.1236,0.07659,0.03397,0.01709,0.05181,0.03531,0.2039,0.2028,
2.182,0.3436,0.1093,0.07473,0.07019,0.1237,0.07666,0.034,0.0171,0.05185,0.03534,0.2041,0.203,
2.182,0.3412,0.108,0.0751,0.07023,0.1246,0.07666,0.034,0.0171,0.05185,0.03534,0.2041,0.203,
2.18,0.3488,0.1077,0.07512,0.07032,0.1241,0.07661,0.03398,0.01709,0.05465,0.03249,0.205,0.2029,
2.191,0.3392,0.1076,0.07448,0.07044,0.1242,0.07668,0.03466,0.01645,0.0547,0.0391,0.1986,0.203,
2.19,0.3458,0.107,0.07473,0.07056,0.1239,0.07748,0.03379,0.01644,0.05518,0.03857,0.1995,0.2029,
2.188,0.3428,0.105,0.07473,0.07058,0.1254,0.07623,0.03376,0.01711,0.05444,0.03853,0.2003,0.2039,
2.187,0.3403,0.1048,0.07471,0.07055,0.1244,0.07614,0.03372,0.01709,0.0554,0.03746,0.2021,0.2037,
2.157,0.3212,0.1046,0.07463,0.07056,0.1243,0.09779,0.01197,0.01707,0.05535,0.03742,0.2029,0.2035,
2.156,0.2863,0.104,0.07505,0.07071,0.1243,0.09715,0.01197,0.01707,0.05535,0.03742,0.2029,0.2041,
2.168,0.2861,0.1048,0.07519,0.07099,0.1243,0.09713,0.01196,0.01707,0.05534,0.04415,0.1971,0.202,
2.167,0.2904,0.09734,0.07503,0.07104,0.1312,0.09708,0.01196,0.01812,0.05476,0.04361,0.198,0.2018,
2.166,0.3058,0.09558,0.07491,0.07136,0.1323,0.0976,0.01186,0.01781,0.0548,0.04365,0.1982,0.202,
2.166,0.3025,0.09541,0.07508,0.07136,0.1323,0.09653,0.01242,0.01776,0.05429,0.04365,0.1982,0.2031,
2.166,0.3093,0.09419,0.07537,0.07142,0.1329,0.09657,0.01299,0.0172,0.05431,0.04367,0.1982,0.2032,
2.166,0.3036,0.094,0.07537,0.07161,0.1329,0.09657,0.01299,0.01796,0.05449,0.04273,0.1982,0.2032,
2.166,0.3046,0.09376,0.07544,0.07154,0.1327,0.09648,0.01298,0.01795,0.05529,0.04184,0.199,0.203,
2.165,0.3255,0.09349,0.0752,0.07142,0.132,0.09623,0.01345,0.01807,0.05447,0.04173,0.2015,0.2024,
2.163,0.3076,0.09331,0.0754,0.07149,0.1316,0.09703,0.01269,0.01808,0.05449,0.04174,0.2016,0.2025,
2.163,0.3199,0.0933,0.07486,0.07147,0.1314,0.09716,0.0127,0.0181,0.05643,0.03992,0.2019,0.2028,
2.163,0.3086,0.09334,0.07479,0.0716,0.131,0.0972,0.01271,0.0181,0.05645,0.03994,0.2019,0.2029,
2.163,0.3106,0.09283,0.07537,0.07173,0.1303,0.09728,0.01271,0.01811,0.0565,0.03997,0.2021,0.2031,
2.163,0.3108,0.0923,0.07563,0.07175,0.1302,0.09718,0.0127,0.0185,0.05603,0.03993,0.2029,0.2028,
2.162,0.3123,0.09144,0.07558,0.0718,0.1311,0.09718,0.01379,0.01741,0.05757,0.03839,0.2029,0.2028,
2.162,0.319,0.09117,0.07583,0.07182,0.1311,0.09718,0.01379,0.01782,0.05818,0.03737,0.2029,0.2028,
2.162,0.3218,0.0909,0.07579,0.07181,0.1311,0.09722,0.0138,0.01783,0.0582,0.03739,0.203,0.2029,
2.162,0.3195,0.09069,0.0759,0.0719,0.1311,0.09722,0.0138,0.01783,0.05923,0.03636,0.203,0.2029,
2.162,0.3269,0.08996,0.07563,0.07209,0.1316,0.09712,0.01804,0.01426,0.05846,0.03633,0.2038,0.2027,
2.161,0.3312,0.08989,0.07496,0.0725,0.1316,0.09716,0.01805,0.01426,0.06087,0.03396,0.2039,0.2028,
2.157,0.3357,0.08634,0.07479,0.07253,0.1349,0.09504,0.01857,0.0137,0.06081,0.03392,0.2047,0.2046,
2.155,0.3453,0.08579,0.07511,0.07252,0.1348,0.09565,0.01785,0.01369,0.06075,0.03389,0.2055,0.2044,
2.155,0.3517,0.08558,0.07495,0.07289,0.1348,0.09565,0.01785,0.01369,0.06075,0.03389,0.2055,0.2044,
2.154,0.3628,0.08229,0.07494,0.07301,0.1377,0.0957,0.01785,0.0137,0.06078,0.0339,0.2056,0.2045,
2.161,0.3449,0.08323,0.07458,0.073,0.1374,0.09572,0.01786,0.0137,0.0613,0.03752,0.2025,0.2031,
2.144,0.3421,0.08286,0.07412,0.07304,0.1372,0.1036,0.009803,0.01409,0.0608,0.03746,0.2042,0.2028,
2.143,0.3361,0.08231,0.07414,0.07314,0.1368,0.1036,0.009801,0.01408,0.06172,0.03647,0.2052,0.2028,
2.157,0.3489,0.08317,0.07429,0.07317,0.1358,0.1036,0.01041,0.01348,0.06174,0.04474,0.198,0.2016,
2.157,0.3535,0.08315,0.07418,0.07339,0.1354,0.1036,0.01042,0.01348,0.06176,0.04476,0.1981,0.2017,
2.158,0.3406,0.08307,0.07413,0.07353,0.1344,0.1038,0.01106,0.01329,0.06146,0.04484,0.1984,0.202,
2.158,0.3555,0.08281,0.07432,0.07369,0.134,0.1039,0.01106,0.01329,0.06148,0.04485,0.1985,0.2021,
2.158,0.3292,0.08231,0.07437,0.07389,0.1337,0.1029,0.01107,0.0133,0.06154,0.04489,0.1987,0.2033,
2.156,0.3266,0.08145,0.07425,0.07392,0.1341,0.1013,0.01106,0.0137,0.06109,0.04487,0.1996,0.2047,
2.169,0.3538,0.08435,0.07441,0.074,0.1341,0.09741,0.01106,0.0487,0.02609,0.04487,0.1996,0.2055,
2.169,0.3622,0.08576,0.07407,0.07277,0.135,0.09745,0.01107,0.04992,0.02576,0.04403,0.1997,0.2045,
2.166,0.3616,0.08511,0.07389,0.07112,0.135,0.09744,0.01107,0.05032,0.0262,0.04313,0.2006,0.2061,
2.166,0.3711,0.08661,0.07383,0.07117,0.135,0.09599,0.01116,0.04977,0.0262,0.04313,0.2006,0.2065,
2.163,0.3687,0.08506,0.07325,0.07126,0.1363,0.09396,0.01117,0.05025,0.02582,0.04318,0.2009,0.2088,
2.165,0.3658,0.08602,0.07325,0.07134,0.1362,0.0939,0.01171,0.04967,0.02581,0.04316,0.2018,0.2071,
2.165,0.3828,0.08554,0.07326,0.07157,0.1359,0.09398,0.01172,0.04971,0.02583,0.04319,0.2019,0.2073,
2.164,0.364,0.08475,0.07318,0.07165,0.1356,0.09399,0.01172,0.05041,0.02515,0.0432,0.203,0.2074,
2.167,0.3663,0.0884,0.07335,0.07171,0.1356,0.09399,0.01229,0.0506,0.0244,0.0432,0.203,0.2035,
2.167,0.3703,0.08735,0.07341,0.07181,0.1365,0.09399,0.01229,0.05203,0.02476,0.04141,0.203,0.2035,
2.167,0.3751,0.08727,0.0735,0.0719,0.1361,0.09403,0.01229,0.05205,0.02477,0.04143,0.2031,0.2036,
2.165,0.3729,0.08712,0.07361,0.07194,0.1361,0.09488,0.01144,0.05274,0.02537,0.04015,0.2031,0.2036,
2.165,0.3791,0.08712,0.07356,0.07199,0.1361,0.09488,0.01144,0.05274,0.02537,0.04015,0.2031,0.2036,
2.166,0.3818,0.08705,0.07328,0.07234,0.1361,0.09488,0.01144,0.05274,0.02682,0.0387,0.2031,0.2036,
2.168,0.39,0.08694,0.07333,0.0725,0.1357,0.09493,0.01203,0.05217,0.03369,0.03185,0.2032,0.2036,
2.176,0.4064,0.08691,0.07255,0.0728,0.1358,0.09451,0.04509,0.01918,0.03372,0.03187,0.2035,0.204,
2.175,0.4077,0.08682,0.07242,0.07278,0.1357,0.09442,0.04504,0.01916,0.03369,0.03184,0.2043,0.2038,
2.175,0.3853,0.08676,0.07237,0.07289,0.1357,0.09442,0.04504,0.01916,0.03369,0.03184,0.2043,0.2038,
2.173,0.3907,0.08474,0.07197,0.07315,0.1358,0.0945,0.04508,0.01918,0.03372,0.03187,0.2045,0.2055,
2.173,0.3918,0.08461,0.07191,0.07321,0.1353,0.09444,0.04506,0.01917,0.0337,0.03185,0.2054,0.2053,
2.172,0.393,0.08442,0.07194,0.07314,0.1352,0.09434,0.04501,0.01915,0.03366,0.03181,0.2062,0.2051,
2.18,0.3843,0.08596,0.07186,0.07313,0.135,0.09425,0.04496,0.01964,0.03312,0.03566,0.2032,0.2032,
2.179,0.3828,0.08566,0.07176,0.07306,0.1348,0.09406,0.04538,0.01909,0.03607,0.03257,0.2048,0.2028,
2.185,0.3786,0.08542,0.072,0.07306,0.1348,0.09406,0.04538,0.01909,0.03752,0.03458,0.2013,0.2028,
2.184,0.3869,0.08534,0.07159,0.07322,0.1348,0.09281,0.04573,0.01918,0.03849,0.03323,0.2014,0.2042,
2.182,0.3882,0.08356,0.07165,0.07322,0.1365,0.09091,0.04573,0.01959,0.03809,0.03323,0.2014,0.2061,
2.178,0.3876,0.0835,0.07171,0.07216,0.1365,0.08953,0.04573,0.01945,0.03792,0.03302,0.2014,0.209,
2.179,0.3863,0.0852,0.07168,0.07208,0.1364,0.08944,0.04568,0.01943,0.03788,0.03299,0.2022,0.207,
2.176,0.3649,0.08503,0.07151,0.07229,0.1359,0.08746,0.04459,0.01983,0.03745,0.03297,0.2031,0.2099,
2.176,0.3707,0.0847,0.0719,0.07231,0.1356,0.08852,0.04359,0.02065,0.03664,0.03298,0.2032,0.21,
2.174,0.3678,0.08403,0.07184,0.07237,0.1362,0.08693,0.04359,0.02065,0.03664,0.03298,0.2032,0.2115,
2.172,0.3611,0.08378,0.07161,0.07247,0.1356,0.08679,0.04417,0.01997,0.03659,0.03293,0.2049,0.2112,
2.172,0.3632,0.08346,0.07178,0.07263,0.1356,0.08679,0.04417,0.01997,0.03743,0.03208,0.2049,0.2112,
2.172,0.3542,0.08309,0.07173,0.07267,0.1348,0.08679,0.04418,0.01997,0.03829,0.03123,0.206,0.2113,
2.172,0.3597,0.08305,0.07169,0.07281,0.1336,0.08681,0.04419,0.02115,0.03815,0.03022,0.207,0.2113,
2.185,0.3626,0.08543,0.07191,0.07286,0.1334,0.08524,0.04415,0.02774,0.0315,0.0359,0.2021,0.2097,
2.189,0.3672,0.08948,0.0718,0.07333,0.1334,0.08617,0.04321,0.02774,0.03201,0.03539,0.2021,0.2053,
2.187,0.3676,0.08838,0.07177,0.07351,0.1344,0.08511,0.04321,0.02774,0.03201,0.03539,0.2021,0.2064,
2.194,0.3847,0.0902,0.07174,0.07363,0.1342,0.08447,0.04266,0.02913,0.03212,0.03752,0.1992,0.2051,
2.195,0.3722,0.0936,0.07163,0.0737,0.135,0.0829,0.04262,0.02911,0.03209,0.03748,0.2,0.2019,
2.195,0.3715,0.09303,0.07158,0.07377,0.1349,0.08286,0.04259,0.02909,0.03207,0.03746,0.2009,0.2017,
2.194,0.3783,0.09052,0.07182,0.07392,0.1365,0.08293,0.04263,0.02911,0.03261,0.03696,0.2011,0.2019,
2.193,0.3774,0.09027,0.07171,0.07382,0.1361,0.08291,0.04313,0.0286,0.0326,0.03695,0.202,0.2019,
2.192,0.3773,0.08889,0.07181,0.0739,0.1371,0.08343,0.04261,0.0286,0.03261,0.03696,0.2021,0.202,
2.191,0.3782,0.0887,0.07184,0.07406,0.1371,0.08191,0.04261,0.0286,0.03346,0.03611,0.2021,0.2035,
2.189,0.3814,0.08849,0.07199,0.072,0.1371,0.08191,0.04261,0.0286,0.03346,0.03611,0.2021,0.2056,
2.188,0.3838,0.08803,0.07223,0.07199,0.137,0.08077,0.04257,0.02959,0.0324,0.03607,0.2029,0.2065,
2.188,0.3747,0.0876,0.0722,0.0722,0.1367,0.08083,0.0426,0.03012,0.03319,0.03483,0.2031,0.2066,
2.187,0.3694,0.08662,0.0725,0.0724,0.1369,0.08128,0.04222,0.03014,0.03321,0.03484,0.2032,0.2067,
2.185,0.364,0.08654,0.07225,0.07273,0.1369,0.08038,0.04211,0.03,0.03629,0.03138,0.2032,0.2082,
2.183,0.3679,0.0864,0.0722,0.07297,0.1366,0.07921,0.04216,0.02947,0.03631,0.03139,0.2033,0.21,
2.179,0.3785,0.08222,0.07207,0.07319,0.1407,0.07921,0.04699,0.02464,0.03631,0.03139,0.2033,0.21,
2.179,0.3781,0.08223,0.07195,0.07333,0.1404,0.07924,0.04752,0.02499,0.03547,0.03141,0.2034,0.2101,
2.187,0.3854,0.08139,0.07229,0.07335,0.1434,0.07967,0.04747,0.02446,0.03544,0.03633,0.1992,0.207,
2.191,0.369,0.08608,0.07225,0.0735,0.1434,0.07916,0.04734,0.02446,0.03544,0.03633,0.1992,0.2028,
2.193,0.3716,0.08942,0.07231,0.07353,0.1434,0.07792,0.04736,0.02515,0.03477,0.03635,0.1993,0.2005,
2.188,0.3816,0.08898,0.07222,0.07254,0.143,0.07482,0.04735,0.02514,0.0357,0.03541,0.2003,0.2046,
2.188,0.3787,0.08893,0.07221,0.0726,0.143,0.07482,0.04768,0.02482,0.0357,0.03541,0.2003,0.2046,
2.189,0.3675,0.0934,0.07219,0.07263,0.1425,0.07209,0.04765,0.0248,0.03568,0.03539,0.2011,0.2025,
2.193,0.3673,0.09865,0.07225,0.07274,0.1422,0.07212,0.04767,0.02481,0.03827,0.03282,0.2012,0.1973,
2.191,0.3679,0.09667,0.07221,0.07284,0.1435,0.07208,0.04764,0.02479,0.03825,0.0328,0.2021,0.1971,
2.19,0.3692,0.09596,0.07232,0.07297,0.1428,0.07104,0.04765,0.02531,0.03775,0.03281,0.2032,0.1983,
2.19,0.3717,0.09564,0.07272,0.0731,0.142,0.0711,0.04802,0.025,0.03778,0.03284,0.2034,0.1984,
2.204,0.3765,0.09547,0.07274,0.0731,0.1415,0.07,0.04799,0.0255,0.03832,0.04085,0.1951,0.1994,
2.198,0.3765,0.09433,0.07263,0.07324,0.1424,0.06905,0.05278,0.02022,0.04046,0.03874,0.1952,0.2009,
2.201,0.3757,0.09344,0.07272,0.07326,0.1432,0.06905,0.05278,0.03397,0.02671,0.03874,0.1952,0.2009,
2.201,0.3618,0.09327,0.07263,0.07342,0.1422,0.06968,0.05236,0.03443,0.02635,0.03879,0.1956,0.2013,
2.2,0.3701,0.09182,0.07295,0.07343,0.142,0.06993,0.05214,0.03446,0.02741,0.03776,0.1967,0.2014,
2.197,0.3607,0.09175,0.07273,0.07371,0.142,0.07707,0.045,0.03487,0.027,0.03776,0.1967,0.2014,
2.197,0.3566,0.09123,0.07265,0.07379,0.1425,0.07707,0.045,0.03487,0.027,0.03776,0.1967,0.2014,
2.197,0.3611,0.09004,0.07233,0.07385,0.1437,0.0771,0.04534,0.03456,0.02961,0.03518,0.1968,0.2015,
2.195,0.3626,0.08968,0.07234,0.07384,0.1431,0.07592,0.04527,0.03518,0.02888,0.03513,0.1984,0.2023,
2.195,0.3644,0.08955,0.07234,0.07398,0.1431,0.07592,0.04595,0.0345,0.02939,0.03462,0.1984,0.2023,
2.194,0.37,0.0883,0.07265,0.07415,0.1433,0.07599,0.04599,0.03494,0.02901,0.03464,0.1986,0.2024,
2.176,0.3518,0.08817,0.07261,0.07414,0.1417,0.09562,0.02632,0.03493,0.029,0.03463,0.2005,0.2024,
2.171,0.3684,0.08817,0.07246,0.07429,0.1417,0.09562,0.04434,0.0169,0.02951,0.03412,0.2005,0.2024,
2.169,0.3682,0.08784,0.07254,0.07431,0.1415,0.09553,0.04495,0.01623,0.02948,0.03409,0.2013,0.2022,
2.169,0.3714,0.08637,0.07229,0.0746,0.143,0.09553,0.04495,0.01742,0.02829,0.03409,0.2013,0.2022,
2.167,0.387,0.08444,0.07198,0.07484,0.1425,0.09549,0.04494,0.01742,0.02828,0.03404,0.2023,0.2037,
2.169,0.3801,0.08628,0.07184,0.07498,0.1425,0.09549,0.04494,0.01742,0.02879,0.03353,0.2023,0.2019,
2.167,0.3848,0.08607,0.07173,0.07428,0.1419,0.0956,0.04493,0.01707,0.02874,0.03348,0.204,0.2022,
2.166,0.3819,0.08595,0.07176,0.07424,0.1414,0.09448,0.0449,0.01706,0.02873,0.03346,0.2049,0.2031,
2.166,0.3806,0.08595,0.07154,0.07455,0.141,0.09452,0.04492,0.01706,0.02966,0.03255,0.205,0.2032,
2.181,0.3797,0.08785,0.07138,0.07476,0.1412,0.09456,0.04549,0.01721,0.03048,0.03901,0.1971,0.2009,
2.18,0.3807,0.08775,0.07157,0.0738,0.1405,0.09464,0.04603,0.01671,0.03143,0.03811,0.1973,0.2021,
2.178,0.387,0.08341,0.0714,0.07393,0.144,0.09463,0.04603,0.01671,0.03194,0.0376,0.1983,0.2021,
2.177,0.3935,0.08279,0.07209,0.07397,0.1436,0.09339,0.04605,0.01671,0.03195,0.03761,0.1984,0.2034,
2.179,0.3957,0.08233,0.07201,0.07424,0.1425,0.09346,0.04608,0.02637,0.02234,0.03764,0.1995,0.2036,
2.178,0.4276,0.08228,0.07186,0.07444,0.1425,0.09144,0.04608,0.02637,0.02353,0.03645,0.1995,0.2056,
2.177,0.3962,0.085,0.0714,0.07432,0.1422,0.08905,0.0456,0.02632,0.02349,0.03639,0.2012,0.205,
2.175,0.3792,0.08495,0.07125,0.07438,0.1417,0.08752,0.04557,0.02631,0.02347,0.03637,0.2021,0.2064,
2.171,0.3806,0.08464,0.07102,0.07444,0.1413,0.08411,0.04556,0.0263,0.02346,0.03636,0.203,0.2097,
2.169,0.3867,0.08445,0.07104,0.07467,0.1401,0.08255,0.04514,0.02705,0.02272,0.03637,0.2041,0.2118,
2.167,0.3845,0.08433,0.07117,0.07353,0.1397,0.0831,0.04465,0.02707,0.02273,0.03639,0.2042,0.2131,
2.167,0.3792,0.08435,0.0712,0.07367,0.139,0.08317,0.04501,0.02676,0.02275,0.03642,0.2044,0.2133,
2.172,0.3783,0.0885,0.071,0.07387,0.1382,0.08342,0.04474,0.02759,0.02192,0.03741,0.2043,0.2091,
2.172,0.3822,0.08832,0.07086,0.07418,0.1382,0.08342,0.04525,0.0281,0.02183,0.03648,0.2043,0.2091,
2.171,0.3868,0.08782,0.07078,0.07444,0.1382,0.08371,0.04555,0.02757,0.02184,0.0365,0.2044,0.2091,
2.184,0.3819,0.09004,0.07077,0.07455,0.1382,0.08371,0.04555,0.02757,0.02184,0.04281,0.1981,0.2068,
2.186,0.3866,0.09223,0.07082,0.07485,0.1379,0.08375,0.04557,0.02758,0.02185,0.04283,0.1982,0.2045,
2.156,0.3929,0.09186,0.07097,0.07494,0.1374,0.111,0.01853,0.02724,0.02607,0.03857,0.1991,0.2043,
2.158,0.3408,0.0956,0.07075,0.07506,0.1372,0.1112,0.01826,0.02721,0.02604,0.03853,0.1999,0.2003,
2.158,0.3323,0.09566,0.07082,0.07532,0.1358,0.1084,0.01828,0.02726,0.02833,0.03635,0.2002,0.2036,
2.159,0.32,0.09796,0.07075,0.07541,0.1349,0.1084,0.01828,0.02725,0.02832,0.03634,0.2012,0.2012,
2.158,0.3222,0.09772,0.07066,0.07574,0.1349,0.1073,0.01828,0.028,0.02757,0.03634,0.2012,0.2022,
2.157,0.3596,0.09512,0.0707,0.07581,0.1374,0.1063,0.01815,0.02874,0.02777,0.03541,0.2012,0.2033,
2.159,0.3241,0.09864,0.07069,0.07582,0.1374,0.1053,0.01815,0.02914,0.02736,0.0354,0.2022,0.2,
2.159,0.3243,0.09853,0.07071,0.0759,0.1374,0.1053,0.01815,0.02914,0.02736,0.0354,0.2022,0.2,
2.157,0.3218,0.09838,0.07062,0.07589,0.1373,0.1031,0.01898,0.02867,0.02817,0.03412,0.203,0.2018,
2.157,0.3202,0.09838,0.07055,0.07597,0.1373,0.1021,0.01898,0.02867,0.02817,0.03412,0.203,0.2028,
2.157,0.3242,0.09835,0.07058,0.07597,0.1373,0.1021,0.01898,0.02867,0.02817,0.03412,0.203,0.2028,
2.167,0.3182,0.1005,0.07038,0.07604,0.1373,0.1025,0.01855,0.02868,0.02818,0.04003,0.1972,0.2006,
2.166,0.3274,0.0985,0.07035,0.07615,0.1391,0.1006,0.01856,0.02944,0.02864,0.03886,0.1972,0.2026,
2.163,0.3237,0.09734,0.06987,0.076,0.1391,0.1003,0.0185,0.02934,0.02854,0.03872,0.2005,0.2018,
2.162,0.3443,0.09728,0.06994,0.0761,0.1387,0.09832,0.0185,0.02935,0.02963,0.03766,0.2006,0.2039,
2.16,0.34,0.0971,0.06978,0.07613,0.1377,0.09766,0.01798,0.02932,0.02959,0.03761,0.2024,0.2048,
2.171,0.3393,0.101,0.06954,0.07637,0.1369,0.09764,0.01797,0.02931,0.03067,0.04201,0.1979,0.2008,
2.17,0.3277,0.1008,0.06951,0.07643,0.1364,0.09812,0.01742,0.02929,0.03065,0.04199,0.1987,0.2007,
2.17,0.3304,0.1005,0.06901,0.07643,0.1363,0.09808,0.02676,0.01995,0.03064,0.04198,0.1997,0.2007,
2.17,0.35,0.09994,0.06908,0.07656,0.1364,0.09879,0.02691,0.02087,0.02893,0.042,0.1998,0.2007,
2.169,0.3289,0.09886,0.0687,0.07676,0.1371,0.09931,0.0265,0.02088,0.02989,0.0411,0.1999,0.2009,
2.169,0.332,0.0988,0.06868,0.07684,0.1371,0.09957,0.02624,0.02088,0.02989,0.0411,0.1999,0.2009,
2.168,0.3301,0.09856,0.0685,0.07702,0.137,0.09947,0.02688,0.02104,0.02901,0.04106,0.2007,0.2007,
2.168,0.3301,0.09854,0.06831,0.0773,0.1367,0.09951,0.02689,0.02105,0.02902,0.04108,0.2008,0.2008,
2.168,0.325,0.09797,0.06823,0.07738,0.1372,0.09901,0.02676,0.02156,0.02852,0.04108,0.2008,0.2014,
2.167,0.3317,0.0978,0.0684,0.07738,0.1372,0.09901,0.03031,0.01875,0.02777,0.04108,0.2008,0.2014,
2.167,0.3343,0.09769,0.06835,0.07755,0.1372,0.09901,0.03064,0.01843,0.02828,0.04057,0.2008,0.2014,
2.167,0.3364,0.09758,0.06838,0.0778,0.1365,0.09909,0.03066,0.01844,0.0283,0.04061,0.201,0.2016,
2.167,0.3464,0.09582,0.06857,0.07782,0.1374,0.09903,0.03064,0.01843,0.02981,0.03906,0.2019,0.2015,
2.16,0.3505,0.09551,0.06886,0.07784,0.1374,0.1043,0.0254,0.01843,0.02981,0.03906,0.2019,0.2015,
2.158,0.354,0.09198,0.06923,0.07786,0.1403,0.1047,0.025,0.01844,0.02982,0.03908,0.202,0.2016,
2.156,0.3573,0.09104,0.06908,0.07775,0.1419,0.1033,0.02469,0.0184,0.03069,0.03807,0.2036,0.2015,
2.156,0.363,0.09073,0.06917,0.07796,0.1419,0.1033,0.02469,0.0184,0.03119,0.03756,0.2036,0.2015,
2.156,0.3669,0.09048,0.06919,0.07795,0.1418,0.1032,0.02467,0.01838,0.03116,0.03752,0.2044,0.2013,
2.163,0.3883,0.08932,0.06916,0.07787,0.1427,0.1031,0.02464,0.01837,0.03113,0.04246,0.2002,0.2011,
2.168,0.3859,0.08738,0.06922,0.07794,0.1433,0.1031,0.02465,0.01837,0.03114,0.04655,0.1972,0.2011,
2.168,0.3894,0.08695,0.06955,0.07805,0.1433,0.1031,0.02524,0.01778,0.03207,0.04563,0.1972,0.2011,
2.167,0.3728,0.08677,0.06937,0.07794,0.143,0.1029,0.02578,0.01716,0.03369,0.04385,0.1988,0.2007,
2.167,0.3619,0.08679,0.06923,0.07803,0.1428,0.103,0.02579,0.01716,0.0337,0.04387,0.1989,0.2008,
2.167,0.3541,0.08633,0.06961,0.07811,0.1428,0.103,0.02638,0.01657,0.0337,0.04387,0.1989,0.2008,
2.167,0.3597,0.08787,0.06843,0.07859,0.1424,0.1021,0.02592,0.0166,0.03851,0.03919,0.1992,0.2013,
2.165,0.3591,0.08784,0.06846,0.07722,0.142,0.1021,0.02625,0.01628,0.03853,0.03921,0.1993,0.2028,
2.163,0.3622,0.08649,0.06856,0.0772,0.1429,0.1001,0.02623,0.01627,0.04219,0.03547,0.2001,0.2045,
2.162,0.3681,0.08631,0.06856,0.07714,0.1428,0.1,0.02679,0.01566,0.04215,0.03543,0.2009,0.2043,
2.161,0.3683,0.0859,0.06859,0.07751,0.1428,0.1,0.02679,0.01566,0.04375,0.03383,0.2009,0.2043,
2.161,0.3787,0.08558,0.06871,0.07755,0.1423,0.09995,0.02678,0.01565,0.04372,0.03381,0.2018,0.2042,
2.184,0.3521,0.08819,0.06912,0.07755,0.1423,0.09995,0.02678,0.01565,0.04625,0.04418,0.1889,0.2012,
2.182,0.3502,0.08787,0.06899,0.07617,0.1423,0.09995,0.02678,0.01565,0.04879,0.04164,0.1889,0.203,
2.183,0.3485,0.08972,0.06909,0.07617,0.1423,0.09848,0.02678,0.01565,0.04879,0.04164,0.1889,0.2025,
2.182,0.3487,0.08831,0.06922,0.07618,0.1432,0.09838,0.02708,0.01531,0.04874,0.0416,0.1896,0.2023,
2.16,0.325,0.08831,0.0692,0.07628,0.1429,0.112,0.01347,0.01582,0.04825,0.04161,0.1897,0.2024,
2.159,0.3279,0.08824,0.06895,0.07636,0.1425,0.112,0.01347,0.01581,0.05057,0.03925,0.1906,0.2023,
2.159,0.3285,0.08807,0.06907,0.07641,0.1425,0.112,0.01347,0.01581,0.05057,0.03925,0.1906,0.2023,
2.158,0.3417,0.08777,0.06916,0.07662,0.1425,0.1109,0.01347,0.01581,0.05057,0.03925,0.1906,0.2034,
2.157,0.3337,0.0878,0.06914,0.07669,0.1422,0.111,0.01347,0.01582,0.05373,0.03613,0.1906,0.2034,
2.155,0.3312,0.08763,0.06931,0.07669,0.1422,0.1091,0.01335,0.01582,0.05423,0.03563,0.1906,0.2054,
2.156,0.3302,0.08762,0.06931,0.07684,0.1415,0.1092,0.01336,0.01583,0.05428,0.03566,0.1908,0.2056,
2.154,0.3315,0.08526,0.06938,0.07682,0.1448,0.1077,0.01335,0.01582,0.05425,0.03564,0.1917,0.2054,
2.153,0.3303,0.08523,0.06937,0.07686,0.1448,0.1058,0.01335,0.01582,0.05425,0.03564,0.1917,0.2072,
2.155,0.343,0.08523,0.06925,0.07698,0.1448,0.1058,0.01335,0.01796,0.05211,0.03564,0.1917,0.2072,
2.153,0.3451,0.08619,0.06911,0.07687,0.1446,0.1066,0.01239,0.01793,0.05355,0.03407,0.1933,0.2054,
2.154,0.3477,0.08716,0.06905,0.07697,0.1446,0.1066,0.01239,0.01887,0.05261,0.03407,0.1933,0.2044,
2.157,0.3497,0.0872,0.06922,0.07714,0.1452,0.1067,0.0124,0.02036,0.05117,0.0341,0.1934,0.2031,
2.153,0.3366,0.08657,0.06922,0.07714,0.1452,0.106,0.01181,0.02022,0.05099,0.03387,0.1934,0.2055,
2.156,0.3374,0.09139,0.06894,0.07735,0.1451,0.1059,0.0118,0.0202,0.05253,0.03224,0.1942,0.2003,
2.155,0.3512,0.09124,0.06889,0.07733,0.1449,0.1058,0.02059,0.01137,0.05248,0.03221,0.195,0.2001,
2.151,0.3626,0.09122,0.0684,0.07688,0.145,0.1029,0.02013,0.01137,0.05334,0.03138,0.1951,0.2043,
2.151,0.3518,0.09107,0.06821,0.07691,0.145,0.1029,0.02014,0.01138,0.05336,0.0314,0.1952,0.2044,
2.149,0.3597,0.09012,0.06816,0.07696,0.146,0.1029,0.02014,0.01138,0.05498,0.02978,0.1952,0.2044,
2.151,0.3389,0.0927,0.06767,0.07717,0.1458,0.103,0.02085,0.01121,0.05539,0.02898,0.1954,0.2018,
2.154,0.3386,0.09589,0.06772,0.0773,0.1451,0.1031,0.02087,0.01122,0.05543,0.029,0.1956,0.1987,
2.154,0.3479,0.0959,0.06746,0.0774,0.1451,0.1032,0.02088,0.01123,0.05546,0.02888,0.1957,0.1988,
2.154,0.3441,0.0958,0.06744,0.07752,0.1451,0.1032,0.02088,0.01123,0.05546,0.02888,0.1957,0.1988,
2.153,0.3424,0.09561,0.06744,0.07748,0.145,0.1031,0.02086,0.01122,0.0554,0.02885,0.1965,0.1986,
2.153,0.3435,0.09553,0.0674,0.0776,0.145,0.1031,0.02086,0.01122,0.0554,0.02885,0.1965,0.1986,
2.153,0.3509,0.09553,0.06735,0.07765,0.145,0.1031,0.02126,0.01081,0.0554,0.02885,0.1965,0.1986,
2.151,0.3617,0.09475,0.06713,0.07776,0.1456,0.1031,0.02127,0.01082,0.05711,0.02718,0.1965,0.1987,
2.161,0.3972,0.09471,0.06717,0.07786,0.1453,0.1037,0.02078,0.0486,0.01935,0.02719,0.1966,0.1988,
2.161,0.3724,0.09457,0.06722,0.0779,0.1444,0.1037,0.02077,0.04859,0.01985,0.02668,0.1976,0.1987,
2.161,0.3759,0.09451,0.06727,0.07799,0.1441,0.1037,0.02077,0.04861,0.01985,0.02669,0.1977,0.1988,
2.159,0.3774,0.09273,0.067,0.07815,0.1456,0.1025,0.02075,0.04856,0.01983,0.02667,0.1984,0.1997,
2.159,0.3891,0.09208,0.06692,0.07824,0.1458,0.1026,0.02076,0.0486,0.02195,0.02458,0.1986,0.1999,
2.159,0.401,0.09192,0.06702,0.07829,0.1458,0.1026,0.02076,0.04934,0.02121,0.02458,0.1986,0.1999,
2.158,0.3774,0.09178,0.06685,0.07838,0.1458,0.1032,0.02027,0.04936,0.02122,0.02457,0.1987,0.1999,
2.158,0.3793,0.09159,0.0666,0.0785,0.1458,0.1032,0.02027,0.04938,0.02123,0.02458,0.1988,0.2,
2.158,0.3831,0.09107,0.06663,0.07827,0.1456,0.103,0.02159,0.04796,0.02321,0.02251,0.2005,0.1997,
2.157,0.4026,0.09095,0.06647,0.07809,0.1454,0.1029,0.02158,0.04793,0.02446,0.02121,0.2013,0.1996,
2.156,0.3998,0.09097,0.06637,0.0782,0.1452,0.103,0.02158,0.04795,0.02684,0.01884,0.2014,0.1997,
2.156,0.4026,0.08999,0.06643,0.07805,0.1457,0.1031,0.0216,0.04799,0.02687,0.01886,0.2016,0.1998,
2.165,0.3863,0.0896,0.06638,0.07818,0.1458,0.1011,0.02161,0.04801,0.02688,0.02359,0.197,0.2019,
2.165,0.3917,0.09025,0.0665,0.07818,0.1463,0.09914,0.02161,0.04801,0.02688,0.02359,0.197,0.2026,
2.164,0.3911,0.08783,0.06691,0.0781,0.1479,0.09922,0.02163,0.04805,0.0269,0.0236,0.1971,0.2028,
2.167,0.3913,0.09247,0.06689,0.07818,0.1479,0.09922,0.02163,0.04805,0.02901,0.02149,0.1971,0.1981,
2.166,0.3949,0.09246,0.06683,0.07834,0.1475,0.09736,0.02223,0.04748,0.02902,0.0215,0.1972,0.2,
2.166,0.3948,0.09131,0.06673,0.07838,0.1482,0.09744,0.02225,0.04752,0.02904,0.02152,0.1974,0.2002,
2.164,0.3962,0.09089,0.06665,0.07841,0.1479,0.09751,0.02195,0.04783,0.02858,0.02147,0.199,0.1998,
2.164,0.3991,0.09089,0.0664,0.07867,0.1479,0.09751,0.02254,0.04724,0.02951,0.02055,0.199,0.1998,
2.162,0.4089,0.09059,0.06633,0.07899,0.1471,0.09498,0.02297,0.04648,0.0295,0.02054,0.1999,0.2026,
2.164,0.3906,0.09345,0.06647,0.07902,0.1467,0.09502,0.02298,0.04724,0.02878,0.02055,0.2,0.1997,
2.163,0.3729,0.09327,0.06638,0.07905,0.1466,0.09492,0.02296,0.04786,0.02807,0.02053,0.2008,0.1995,
2.163,0.3763,0.09309,0.06673,0.07917,0.1456,0.09504,0.02298,0.04792,0.02811,0.02055,0.2011,0.1998,
2.163,0.396,0.09296,0.06679,0.0792,0.1447,0.09502,0.02298,0.04791,0.0281,0.02055,0.202,0.1998,
2.162,0.3612,0.08931,0.06698,0.07943,0.1469,0.09517,0.02301,0.04798,0.02814,0.02058,0.2024,0.2001,
2.162,0.3636,0.08922,0.06723,0.07956,0.1458,0.09529,0.02304,0.04855,0.02818,0.0201,0.2026,0.2004,
2.16,0.3683,0.08884,0.06719,0.07981,0.1443,0.09367,0.0231,0.04909,0.02836,0.01965,0.2032,0.2027,
2.159,0.3619,0.08844,0.06709,0.08008,0.144,0.09268,0.02312,0.04913,0.02838,0.01966,0.2034,0.204,
2.159,0.3775,0.08817,0.06725,0.08019,0.144,0.09268,0.02312,0.04913,0.02838,0.01966,0.2034,0.204,
2.19,0.3555,0.0931,0.06722,0.08016,0.1449,0.0931,0.02319,0.04849,0.02929,0.03181,0.1911,0.1977,
2.189,0.3621,0.0921,0.06712,0.08031,0.1458,0.09351,0.0237,0.04808,0.02878,0.03181,0.1911,0.1977,
2.188,0.3664,0.09065,0.06723,0.08042,0.1467,0.09342,0.02367,0.04804,0.02875,0.03178,0.1918,0.1975,
2.188,0.3638,0.09054,0.06712,0.08052,0.1462,0.09337,0.02366,0.04801,0.02927,0.03123,0.1927,0.1974,
2.185,0.3663,0.08552,0.06706,0.08068,0.1506,0.09345,0.02368,0.04805,0.03014,0.03041,0.1929,0.1976,
2.185,0.3674,0.08502,0.06722,0.0807,0.1506,0.09349,0.02369,0.04895,0.02927,0.03043,0.1929,0.1977,
2.184,0.4171,0.08502,0.06716,0.08075,0.1506,0.094,0.02318,0.04895,0.02927,0.03043,0.1929,0.1977,
2.18,0.3691,0.08481,0.06701,0.08066,0.1503,0.09234,0.05158,0.02042,0.02921,0.03037,0.1945,0.1988,
2.179,0.3687,0.08447,0.06729,0.08067,0.1486,0.09231,0.05156,0.02041,0.02921,0.03036,0.1964,0.1987,
2.179,0.3709,0.08437,0.06723,0.081,0.1479,0.09239,0.0516,0.02042,0.02923,0.03038,0.1966,0.1989,
2.18,0.3735,0.08419,0.06739,0.08112,0.1476,0.09243,0.05163,0.02118,0.02849,0.03039,0.1966,0.199,
2.18,0.375,0.08403,0.06762,0.08115,0.1472,0.09246,0.05165,0.02119,0.02851,0.03041,0.1967,0.199,
2.169,0.3871,0.08372,0.06761,0.08102,0.1469,0.1049,0.03922,0.02082,0.02845,0.03035,0.1983,0.1987,
2.168,0.3693,0.08353,0.06784,0.08108,0.1466,0.105,0.03974,0.02032,0.02846,0.03036,0.1984,0.1987,
2.168,0.3702,0.08267,0.06815,0.08107,0.1465,0.1049,0.03972,0.02641,0.02235,0.03034,0.1993,0.1986,
2.167,0.4005,0.08247,0.0679,0.08129,0.1463,0.1038,0.03968,0.02638,0.02283,0.02981,0.2001,0.1995,
2.166,0.4129,0.08175,0.06788,0.08124,0.1461,0.1036,0.04012,0.02584,0.02279,0.02976,0.2018,0.1992,
2.172,0.3546,0.08165,0.06793,0.08129,0.1461,0.1036,0.04012,0.02584,0.02279,0.03309,0.1984,0.1992,
2.172,0.3506,0.08156,0.06802,0.08139,0.1458,0.1036,0.04014,0.02585,0.02377,0.03213,0.1985,0.1993,
2.17,0.3512,0.08043,0.06772,0.08131,0.1466,0.1025,0.04065,0.02529,0.02468,0.03119,0.1994,0.2002,
2.168,0.3451,0.08035,0.06774,0.08146,0.1463,0.1022,0.03932,0.0253,0.02469,0.0312,0.1995,0.202,
2.167,0.3456,0.08153,0.06774,0.0815,0.1468,0.1003,0.03872,0.02604,0.02395,0.0312,0.1995,0.2028,
2.166,0.348,0.08144,0.06776,0.08158,0.1468,0.1008,0.03895,0.02574,0.02355,0.0312,0.1995,0.2028,
2.168,0.3698,0.08489,0.06786,0.08152,0.1466,0.1001,0.03844,0.02571,0.02352,0.03117,0.2003,0.1999,
2.173,0.3567,0.08784,0.06774,0.0815,0.1457,0.09571,0.03839,0.02569,0.0235,0.03497,0.1982,0.2008,
2.175,0.3498,0.08909,0.06818,0.08172,0.1468,0.0963,0.03797,0.02572,0.02353,0.03502,0.1984,0.1972,
2.175,0.3449,0.08901,0.06826,0.08172,0.1468,0.0963,0.03797,0.02572,0.02353,0.03502,0.1984,0.1972,
2.175,0.353,0.08887,0.06812,0.08177,0.1467,0.09621,0.03793,0.02569,0.02435,0.03414,0.1992,0.197,
2.174,0.3481,0.08849,0.06779,0.08182,0.1466,0.09496,0.03798,0.02647,0.02363,0.03419,0.1995,0.1986,
2.137,0.3068,0.08722,0.06778,0.08169,0.1469,0.1188,0.01421,0.02651,0.02319,0.03413,0.2012,0.1983,
2.137,0.3057,0.0871,0.06781,0.08183,0.1466,0.1168,0.01422,0.02652,0.02472,0.03263,0.2012,0.2005,
2.146,0.3004,0.08539,0.06761,0.08171,0.1484,0.1168,0.01422,0.02763,0.02363,0.03861,0.1954,0.2006,
2.142,0.3264,0.08366,0.06735,0.08179,0.1514,0.1128,0.0142,0.02832,0.02285,0.03855,0.197,0.2021,
2.142,0.3211,0.0835,0.06743,0.08186,0.1514,0.1128,0.0142,0.02832,0.02285,0.03855,0.197,0.2021,
2.142,0.3228,0.0834,0.0673,0.08196,0.1509,0.1127,0.01419,0.02831,0.02284,0.03852,0.1979,0.202,
2.143,0.3265,0.08298,0.067,0.08203,0.151,0.1128,0.0148,0.02774,0.026,0.03542,0.1981,0.2022,
2.143,0.3287,0.08278,0.06723,0.08209,0.1506,0.1134,0.01424,0.02825,0.0312,0.02974,0.1982,0.2023,
2.145,0.3248,0.08632,0.06689,0.08217,0.1503,0.1132,0.01421,0.0282,0.03114,0.02968,0.1997,0.1981,
2.145,0.3348,0.0862,0.06686,0.08231,0.1503,0.1132,0.01421,0.0282,0.03114,0.02968,0.1997,0.1981,
2.145,0.318,0.08596,0.06683,0.08235,0.1502,0.1131,0.0142,0.02817,0.03111,0.02965,0.2005,0.1979,
2.143,0.3142,0.08566,0.06711,0.08246,0.1498,0.1131,0.02985,0.01253,0.03112,0.02966,0.2006,0.198,
2.143,0.3135,0.085,0.06708,0.08238,0.1502,0.113,0.02982,0.01252,0.03109,0.02963,0.2014,0.1978,
2.147,0.32,0.08486,0.06719,0.0825,0.1499,0.1131,0.02983,0.01303,0.0306,0.03193,0.1992,0.1979,
2.152,0.3118,0.08481,0.0671,0.08251,0.1494,0.1111,0.02981,0.01302,0.03058,0.03554,0.1965,0.1997,
2.151,0.3142,0.08414,0.06722,0.08258,0.1493,0.1087,0.02984,0.01303,0.03061,0.03557,0.1966,0.2024,
2.15,0.319,0.08198,0.0675,0.08258,0.1512,0.1087,0.02984,0.01303,0.03144,0.03473,0.1966,0.2024,
2.149,0.3213,0.0866,0.06767,0.0825,0.1511,0.1021,0.03031,0.01252,0.03141,0.0347,0.1974,0.2037,
2.147,0.323,0.08625,0.06778,0.0825,0.1509,0.1002,0.03028,0.0125,0.03138,0.03466,0.1982,0.2053,
2.146,0.3264,0.08613,0.06788,0.08252,0.1509,0.09865,0.03028,0.0125,0.03138,0.03466,0.1982,0.2068,
2.146,0.324,0.08596,0.06784,0.08259,0.1504,0.09755,0.03026,0.01327,0.0306,0.03464,0.1991,0.2078,
2.144,0.3546,0.08522,0.06778,0.08284,0.1502,0.09614,0.0303,0.01328,0.03063,0.03468,0.1993,0.2096,
2.142,0.3268,0.08309,0.06756,0.08304,0.1515,0.09508,0.03029,0.01328,0.03063,0.03468,0.2003,0.2106,
2.14,0.3273,0.08186,0.06748,0.08297,0.1508,0.09509,0.0303,0.01328,0.03063,0.03468,0.2023,0.2106,
2.156,0.3198,0.08676,0.06721,0.08263,0.1502,0.0947,0.03017,0.01323,0.03101,0.04216,0.1975,0.2045,
2.155,0.3024,0.08526,0.06696,0.08277,0.1536,0.09357,0.03014,0.01321,0.03098,0.04212,0.1982,0.2031,
2.154,0.3047,0.08513,0.06708,0.08277,0.1536,0.09357,0.03158,0.01177,0.03148,0.04162,0.1982,0.2031,
2.153,0.3516,0.08509,0.06712,0.08277,0.1536,0.09357,0.03217,0.01119,0.03148,0.04162,0.1982,0.2031,
2.156,0.327,0.08903,0.06715,0.08277,0.1536,0.09407,0.03199,0.01087,0.03148,0.04162,0.1982,0.1992,
2.155,0.3101,0.08966,0.06701,0.08306,0.1536,0.09265,0.032,0.01087,0.03205,0.04108,0.1983,0.1997,
2.153,0.3124,0.08958,0.06684,0.08331,0.1536,0.08967,0.032,0.01087,0.03205,0.04108,0.1983,0.2026,
2.156,0.325,0.08776,0.06704,0.08333,0.1552,0.08863,0.032,0.02433,0.01859,0.04108,0.1983,0.2037,
2.153,0.327,0.08743,0.06686,0.08307,0.1539,0.08648,0.0319,0.02491,0.01787,0.04095,0.2017,0.2049,
2.15,0.3331,0.08699,0.06666,0.08315,0.1538,0.08391,0.03188,0.0249,0.01786,0.04093,0.2026,0.2073,
2.147,0.3362,0.08696,0.06646,0.08076,0.1538,0.08391,0.03188,0.0249,0.01786,0.04093,0.2026,0.2099,
2.146,0.3379,0.08691,0.06626,0.08102,0.1538,0.08225,0.03188,0.0249,0.01786,0.04093,0.2026,0.2116,
2.145,0.3412,0.08667,0.06632,0.08096,0.1537,0.08216,0.03185,0.02487,0.01784,0.04088,0.2034,0.2114,
2.147,0.3406,0.08628,0.06654,0.08113,0.1537,0.08216,0.03185,0.02487,0.02057,0.03815,0.2034,0.2114,
2.155,0.3384,0.08835,0.06657,0.08129,0.1526,0.08226,0.03189,0.0249,0.02059,0.04165,0.2002,0.2097,
2.154,0.3421,0.08737,0.06645,0.08141,0.1536,0.08226,0.03189,0.0249,0.02059,0.04165,0.2002,0.2097,
2.154,0.3454,0.08731,0.06641,0.08151,0.1536,0.08226,0.03247,0.02432,0.02059,0.04165,0.2002,0.2097,
2.155,0.3419,0.08669,0.06653,0.08164,0.154,0.08226,0.03247,0.02432,0.02231,0.03994,0.2002,0.2097,
2.172,0.3387,0.09562,0.06629,0.0819,0.154,0.0804,0.03247,0.02432,0.02231,0.04784,0.1923,0.2026,
2.172,0.3447,0.09563,0.06597,0.082,0.1537,0.08047,0.0325,0.02434,0.02232,0.04788,0.1924,0.2027,
2.174,0.3309,0.09935,0.06574,0.08153,0.1532,0.07912,0.03288,0.02393,0.0243,0.04587,0.1933,0.2008,
2.172,0.3364,0.09901,0.06551,0.08185,0.1531,0.07718,0.03285,0.0243,0.02479,0.04491,0.1941,0.2024,
2.173,0.334,0.1001,0.06552,0.08192,0.1531,0.07718,0.03285,0.0243,0.02479,0.04491,0.1941,0.2013,
2.176,0.3483,0.1036,0.0655,0.08198,0.1531,0.07718,0.03285,0.0243,0.02562,0.04408,0.1941,0.1978,
2.176,0.3296,0.1026,0.06571,0.08058,0.153,0.07728,0.03289,0.02433,0.02715,0.04264,0.1943,0.1995,
2.174,0.3411,0.1018,0.06562,0.08074,0.1537,0.07541,0.03289,0.02516,0.02809,0.04086,0.1943,0.2013,
2.174,0.3188,0.1015,0.06576,0.0807,0.1536,0.07534,0.03286,0.02514,0.02807,0.04082,0.1951,0.2011,
2.176,0.3183,0.1053,0.06553,0.08083,0.1545,0.07531,0.03347,0.02572,0.02686,0.04081,0.1952,0.1965,
2.174,0.3282,0.1047,0.06554,0.08086,0.1544,0.07371,0.03404,0.02512,0.02684,0.04079,0.196,0.1979,
2.175,0.3153,0.1043,0.06554,0.08107,0.1541,0.07377,0.03406,0.02514,0.02778,0.03991,0.1962,0.1981,
2.174,0.328,0.1054,0.06542,0.08124,0.1541,0.07206,0.03394,0.02514,0.02886,0.03883,0.1962,0.1988,
2.174,0.2976,0.1053,0.06533,0.08146,0.1538,0.07256,0.03348,0.02514,0.02887,0.03885,0.1963,0.1989,
2.174,0.3461,0.1054,0.0651,0.08175,0.1534,0.07258,0.03349,0.026,0.02803,0.03886,0.1964,0.199,
2.174,0.3067,0.1051,0.06518,0.08202,0.1531,0.07261,0.03417,0.02534,0.02908,0.03784,0.1965,0.1991,
2.174,0.2947,0.1047,0.06519,0.08208,0.1532,0.07264,0.03419,0.02535,0.03182,0.03513,0.1965,0.1992,
2.174,0.3125,0.1045,0.06531,0.08217,0.1532,0.07304,0.03379,0.02535,0.03321,0.03374,0.1965,0.1992,
2.172,0.3014,0.104,0.0654,0.08214,0.1529,0.07186,0.03372,0.0253,0.03315,0.03367,0.1981,0.1998,
2.17,0.3053,0.09974,0.06497,0.08226,0.1564,0.07198,0.03378,0.02535,0.0332,0.03373,0.1984,0.2001,
2.168,0.3091,0.09812,0.06477,0.08237,0.157,0.07044,0.03378,0.02535,0.03321,0.03373,0.1995,0.2017,
2.169,0.3148,0.09802,0.065,0.08254,0.156,0.07052,0.03382,0.02772,0.03091,0.03377,0.1997,0.202,
2.167,0.3169,0.098,0.06432,0.08271,0.1557,0.06915,0.03387,0.02775,0.03095,0.03381,0.2,0.2037,
2.167,0.3195,0.09785,0.06446,0.08287,0.1542,0.0692,0.03389,0.02915,0.0296,0.03384,0.2011,0.2038,
2.167,0.3199,0.09785,0.06428,0.08304,0.1542,0.0692,0.03389,0.02915,0.0296,0.03384,0.2011,0.2038,
2.18,0.3179,0.1025,0.06398,0.08332,0.1543,0.06923,0.0339,0.02916,0.02961,0.03998,0.1951,0.199,
2.18,0.3195,0.1025,0.06335,0.08333,0.1544,0.06969,0.0344,0.02831,0.02963,0.04002,0.1952,0.1992,
2.179,0.3194,0.1022,0.06334,0.08345,0.1539,0.06965,0.03438,0.02903,0.02888,0.03999,0.1961,0.1991,
2.176,0.3126,0.1019,0.06299,0.08342,0.1531,0.06896,0.03376,0.02962,0.02864,0.03939,0.1986,0.1996,
2.175,0.3236,0.1016,0.06296,0.08167,0.1521,0.06908,0.03382,0.03118,0.02718,0.03946,0.1989,0.202,
2.175,0.3204,0.1015,0.0628,0.08175,0.152,0.06901,0.03378,0.03115,0.02982,0.03675,0.1997,0.2018,
2.149,0.3411,0.1011,0.06308,0.08187,0.1516,0.08983,0.013,0.03116,0.02984,0.03676,0.1998,0.2019,
2.156,0.2934,0.1033,0.06312,0.08192,0.1516,0.08983,0.013,0.03116,0.02984,0.03988,0.1967,0.1997,
2.156,0.305,0.1031,0.06314,0.08191,0.1511,0.08978,0.03025,0.01389,0.02982,0.03985,0.1975,0.1996,
2.157,0.3088,0.1026,0.06298,0.08216,0.1513,0.08972,0.03027,0.01427,0.03273,0.03659,0.1977,0.1997,
2.155,0.3254,0.102,0.06322,0.08202,0.151,0.08809,0.03021,0.01425,0.03266,0.03651,0.1993,0.2008,
2.153,0.3182,0.1005,0.06332,0.08211,0.1523,0.08655,0.03009,0.01425,0.03374,0.03543,0.1993,0.2025,
2.152,0.3153,0.09998,0.06278,0.08186,0.1527,0.08653,0.03008,0.01424,0.03374,0.03543,0.2002,0.2024,
2.152,0.3176,0.09989,0.06282,0.0819,0.1527,0.08653,0.03008,0.01424,0.03374,0.03543,0.2002,0.2024,
2.151,0.32,0.09987,0.0627,0.0822,0.1511,0.08555,0.0301,0.01425,0.03493,0.03428,0.2014,0.2036,
2.151,0.3392,0.09975,0.06282,0.08231,0.1508,0.08615,0.02955,0.01498,0.03473,0.0338,0.2015,0.2037,
2.15,0.3193,0.0996,0.063,0.08144,0.1497,0.08625,0.03008,0.01449,0.03477,0.03383,0.2017,0.2051,
2.149,0.3201,0.09946,0.06295,0.08164,0.1497,0.08625,0.03076,0.01381,0.03477,0.03383,0.2017,0.2051,
2.148,0.32,0.09894,0.06318,0.08064,0.1496,0.08616,0.03073,0.01379,0.03473,0.0338,0.2025,0.2059,
2.147,0.3235,0.09733,0.06304,0.08099,0.1505,0.08624,0.03075,0.01381,0.03476,0.03383,0.2027,0.2061,
2.167,0.3171,0.1033,0.06299,0.08114,0.1493,0.08626,0.03076,0.01381,0.03477,0.04327,0.1943,0.2001,
2.17,0.3198,0.108,0.06312,0.08139,0.1486,0.08636,0.0308,0.01383,0.03481,0.04333,0.1946,0.1952,
2.171,0.4022,0.108,0.06318,0.0815,0.148,0.0864,0.03082,0.01383,0.03484,0.04336,0.1947,0.1953,
2.169,0.3047,0.1077,0.0633,0.08148,0.1478,0.08528,0.03079,0.01382,0.0348,0.04332,0.1955,0.1962,
2.169,0.258,0.1076,0.0633,0.08151,0.147,0.08424,0.03079,0.01382,0.04053,0.03758,0.1965,0.1972,
2.17,0.2523,0.1068,0.06365,0.08169,0.1465,0.08434,0.03082,0.01479,0.03963,0.03763,0.1967,0.1974,
2.161,0.249,0.1068,0.06343,0.08172,0.1462,0.08812,0.02943,0.01148,0.03966,0.03766,0.1969,0.1986,
2.16,0.266,0.1044,0.06325,0.0819,0.1486,0.08812,0.02943,0.01148,0.03966,0.03766,0.1969,0.1986,
2.159,0.2444,0.1044,0.06276,0.08205,0.1477,0.08728,0.02949,0.0115,0.04058,0.0369,0.1973,0.2001,
2.159,0.2481,0.1027,0.06237,0.08225,0.1493,0.08732,0.0295,0.01151,0.0406,0.03691,0.1974,0.2001,
2.155,0.245,0.09967,0.06232,0.08247,0.152,0.08475,0.02951,0.01151,0.04062,0.03693,0.1974,0.2028,
2.155,0.2404,0.1029,0.06233,0.0826,0.1516,0.08244,0.02952,0.01152,0.04035,0.03659,0.1975,0.2026,
2.155,0.2385,0.1044,0.06255,0.08246,0.1513,0.08254,0.0292,0.0115,0.04144,0.03534,0.1991,0.2001,
2.152,0.2489,0.1042,0.06249,0.08246,0.1512,0.08037,0.02917,0.01148,0.04308,0.03363,0.1999,0.202,
2.15,0.2348,0.1042,0.0623,0.08283,0.1504,0.07937,0.02879,0.01149,0.04311,0.03366,0.2001,0.2037,
2.152,0.2487,0.108,0.06234,0.08284,0.1496,0.07936,0.02878,0.01149,0.04361,0.03315,0.201,0.1998,
2.153,0.2422,0.1078,0.06249,0.08315,0.1485,0.07946,0.02881,0.0115,0.04366,0.03319,0.2013,0.2001,
2.159,0.2532,0.1077,0.06252,0.08323,0.1485,0.07946,0.02881,0.0115,0.04825,0.03294,0.197,0.2001,
2.131,0.258,0.1073,0.06283,0.08334,0.1485,0.09765,0.01062,0.0115,0.04875,0.03244,0.197,0.2001,
2.129,0.2586,0.1071,0.06255,0.08336,0.1482,0.09618,0.0106,0.01148,0.04865,0.03237,0.1985,0.201,
2.129,0.234,0.1099,0.0625,0.08203,0.1482,0.09618,0.01118,0.0109,0.04916,0.03187,0.1985,0.1995,
2.127,0.2346,0.1096,0.06265,0.08225,0.1473,0.09739,0.01014,0.01092,0.04974,0.03142,0.1989,0.1998,
2.127,0.2397,0.1094,0.06278,0.0822,0.1467,0.09733,0.01014,0.01091,0.04971,0.0314,0.1998,0.1997,
2.124,0.2426,0.1091,0.06297,0.08226,0.1467,0.09374,0.01014,0.01091,0.04971,0.0314,0.1998,0.2033,
2.125,0.271,0.1089,0.06277,0.08262,0.1467,0.09374,0.01014,0.01158,0.04955,0.0309,0.1998,0.2033,
2.125,0.2582,0.1086,0.06266,0.08287,0.1465,0.09277,0.01068,0.012,0.04915,0.03042,0.1999,0.2045,
2.122,0.2615,0.1067,0.06262,0.083,0.148,0.08903,0.01069,0.012,0.04917,0.03043,0.2,0.2083,
2.143,0.2522,0.1131,0.06258,0.08291,0.1477,0.08886,0.01066,0.01198,0.04908,0.04066,0.1913,0.2012,
2.143,0.2505,0.1128,0.06287,0.08293,0.1477,0.08886,0.01066,0.01198,0.04908,0.04066,0.1913,0.2012,
2.142,0.2611,0.1144,0.06275,0.08308,0.1478,0.0881,0.01095,0.01145,0.0491,0.04068,0.1914,0.2003,
2.14,0.2587,0.1143,0.06263,0.08305,0.1478,0.08536,0.01095,0.01145,0.04912,0.04069,0.1914,0.2032,
2.142,0.2582,0.114,0.06285,0.08312,0.1478,0.08536,0.01095,0.01272,0.04785,0.04069,0.1914,0.2032,
2.142,0.2565,0.114,0.06271,0.08326,0.1478,0.08536,0.01095,0.01272,0.04785,0.04069,0.1914,0.2032,
2.143,0.2644,0.1144,0.06319,0.08326,0.149,0.08536,0.01095,0.01272,0.04835,0.04019,0.1914,0.2011,
2.142,0.2625,0.1133,0.06321,0.08331,0.1501,0.08536,0.01095,0.01272,0.04927,0.03927,0.1914,0.2011,
2.142,0.2625,0.1152,0.0629,0.08325,0.1505,0.08384,0.01153,0.01213,0.04925,0.03925,0.1923,0.1999,
2.142,0.2731,0.115,0.0629,0.08321,0.1503,0.08376,0.01152,0.01252,0.0488,0.03921,0.1931,0.1997,
2.14,0.2685,0.1141,0.06296,0.0834,0.1509,0.08227,0.01152,0.01252,0.05115,0.03685,0.1931,0.2012,
2.139,0.2725,0.113,0.06269,0.08366,0.1517,0.0801,0.01151,0.01383,0.04978,0.03682,0.1938,0.2031,
2.138,0.2453,0.1128,0.06273,0.0838,0.1517,0.07842,0.01151,0.01383,0.04978,0.03682,0.1938,0.2048,
2.14,0.2442,0.1172,0.06276,0.08387,0.1517,0.07842,0.01151,0.01383,0.05028,0.03631,0.1938,0.2003,
2.139,0.2458,0.1189,0.06262,0.08377,0.1514,0.07827,0.01149,0.0138,0.05201,0.03442,0.1954,0.198,
2.139,0.2789,0.1185,0.06264,0.08383,0.1512,0.07819,0.01148,0.01379,0.05196,0.03438,0.1962,0.1978,
2.138,0.2567,0.1185,0.06122,0.08402,0.1515,0.07832,0.0115,0.01381,0.05205,0.03444,0.1965,0.1981,
2.137,0.2552,0.1173,0.06146,0.0841,0.1524,0.07728,0.0115,0.01381,0.05205,0.03444,0.1965,0.1992,
2.137,0.2556,0.1172,0.06151,0.08415,0.1524,0.07728,0.0115,0.01381,0.05205,0.03444,0.1965,0.1992,
2.137,0.2611,0.1152,0.06142,0.08406,0.1534,0.07716,0.01148,0.01486,0.0509,0.03439,0.1982,0.1989,
2.134,0.2677,0.1151,0.06125,0.08437,0.1534,0.07586,0.01148,0.01486,0.05473,0.03056,0.1982,0.2002,
2.133,0.2727,0.1098,0.0615,0.08443,0.1585,0.07586,0.01148,0.01526,0.05483,0.03006,0.1982,0.2002,
2.132,0.2838,0.1094,0.06181,0.08451,0.1585,0.07456,0.01148,0.01526,0.05483,0.03006,0.1982,0.2015,
2.132,0.2682,0.111,0.06134,0.08465,0.1585,0.07459,0.0118,0.01494,0.05485,0.03007,0.1983,0.1999,
2.132,0.2923,0.1109,0.06138,0.08472,0.1585,0.07459,0.0118,0.01494,0.05485,0.03007,0.1983,0.1999,
2.132,0.269,0.1133,0.06145,0.08474,0.1585,0.07386,0.01167,0.01478,0.05464,0.02981,0.1983,0.1989,
2.132,0.2707,0.1156,0.06104,0.08496,0.1587,0.07294,0.01169,0.0148,0.05524,0.02936,0.1986,0.197,
2.131,0.2683,0.1151,0.06108,0.08507,0.1586,0.073,0.0117,0.01482,0.05707,0.0276,0.1988,0.1972,
2.131,0.2637,0.1147,0.06113,0.08526,0.1581,0.07309,0.01172,0.01483,0.05714,0.02764,0.199,0.1974,
2.131,0.2762,0.1143,0.06093,0.08554,0.1581,0.07312,0.0123,0.01426,0.05716,0.02765,0.1991,0.1975,
2.131,0.2745,0.1143,0.06089,0.08558,0.1581,0.07312,0.01305,0.01351,0.05767,0.02715,0.1991,0.1975,
2.128,0.279,0.1141,0.06098,0.08388,0.1581,0.07312,0.01305,0.01532,0.05984,0.02316,0.1991,0.1993,
2.128,0.2832,0.114,0.06093,0.08402,0.1581,0.07312,0.01305,0.01532,0.05984,0.02316,0.1991,0.1993,
2.139,0.2757,0.1174,0.0608,0.08409,0.158,0.07158,0.01303,0.04892,0.02618,0.02314,0.1999,0.197,
2.142,0.2809,0.1171,0.0612,0.08422,0.1573,0.07164,0.01355,0.04886,0.02679,0.0233,0.1989,0.1971,
2.142,0.3137,0.1171,0.06125,0.08437,0.1566,0.0717,0.01356,0.0489,0.02681,0.02332,0.1991,0.1973,
2.142,0.2575,0.1172,0.06125,0.08443,0.1562,0.07173,0.01356,0.04942,0.02716,0.02249,0.1992,0.1974,
2.141,0.2588,0.1166,0.06148,0.08426,0.1559,0.07159,0.01353,0.04972,0.0267,0.02244,0.2008,0.197,
2.153,0.2653,0.1118,0.06179,0.08427,0.1599,0.06964,0.01386,0.04934,0.0281,0.02861,0.1939,0.1987,
2.155,0.2682,0.1136,0.06191,0.0843,0.1598,0.06811,0.01601,0.04713,0.02807,0.02859,0.1947,0.1978,
2.155,0.2664,0.1136,0.06183,0.08445,0.1598,0.06811,0.01601,0.04713,0.02901,0.02765,0.1947,0.1978,
2.155,0.2613,0.1128,0.06187,0.08454,0.1599,0.06816,0.01634,0.04725,0.02863,0.02768,0.1949,0.1979,
2.155,0.2587,0.1126,0.06192,0.08468,0.1599,0.06816,0.01634,0.04725,0.02863,0.02768,0.1949,0.1979,
2.154,0.2697,0.1123,0.06203,0.08464,0.1597,0.06857,0.01586,0.0476,0.0282,0.02765,0.1957,0.1977,
2.153,0.2671,0.1122,0.06201,0.08478,0.1597,0.06857,0.01586,0.04885,0.02794,0.02666,0.1957,0.1977,
2.153,0.2751,0.1118,0.06235,0.08485,0.1597,0.06857,0.01586,0.04965,0.02714,0.02666,0.1957,0.1977,
2.151,0.2831,0.111,0.0623,0.08483,0.1595,0.067,0.01616,0.04925,0.0271,0.02662,0.1973,0.1989,
2.15,0.2845,0.1097,0.06236,0.08491,0.1607,0.067,0.01616,0.04999,0.02637,0.02662,0.1973,0.1989,
2.149,0.2873,0.109,0.06237,0.08489,0.1608,0.06696,0.01615,0.04996,0.02734,0.02561,0.1982,0.1988,
2.15,0.2892,0.1086,0.06301,0.08503,0.1594,0.06708,0.01617,0.05004,0.02739,0.02565,0.1985,0.1991,
2.149,0.2956,0.1082,0.06325,0.08495,0.1595,0.066,0.0165,0.05024,0.0269,0.02566,0.1986,0.2002,
2.147,0.2911,0.1081,0.06323,0.0849,0.1588,0.06711,0.01533,0.05024,0.02689,0.02566,0.1996,0.2002,
2.145,0.2889,0.1074,0.06317,0.08487,0.1585,0.06555,0.01584,0.04962,0.02685,0.02562,0.2012,0.2014,
2.164,0.289,0.108,0.06312,0.0837,0.1603,0.06555,0.01584,0.04962,0.02884,0.03397,0.1909,0.2001,
2.164,0.3016,0.1067,0.06305,0.08382,0.1616,0.06597,0.01581,0.04922,0.02884,0.03397,0.1909,0.2001,
2.166,0.2917,0.1085,0.06298,0.08406,0.1609,0.06603,0.01676,0.04833,0.02887,0.034,0.1911,0.1985,
2.166,0.2932,0.1083,0.06288,0.08412,0.161,0.06606,0.01677,0.04885,0.03028,0.03211,0.1911,0.1986,
2.166,0.294,0.1081,0.06283,0.08408,0.1608,0.06599,0.01675,0.0488,0.03025,0.03208,0.1919,0.1984,
2.165,0.3065,0.107,0.06297,0.08416,0.1617,0.06599,0.01715,0.04907,0.02958,0.03208,0.1919,0.1984,
2.165,0.3132,0.1053,0.06343,0.0844,0.1623,0.06605,0.01716,0.04911,0.03077,0.03094,0.1921,0.1985,
2.165,0.3041,0.1053,0.06321,0.08466,0.1611,0.06639,0.01684,0.04912,0.03078,0.03094,0.1931,0.1986,
2.165,0.3091,0.1051,0.06346,0.08474,0.1607,0.06641,0.01685,0.04914,0.0308,0.03096,0.1932,0.1987,
2.163,0.3091,0.1051,0.06333,0.08275,0.1607,0.06641,0.01685,0.05034,0.0296,0.03096,0.1932,0.2008,
2.172,0.3133,0.1079,0.06372,0.08285,0.1604,0.06704,0.02577,0.04085,0.02961,0.03097,0.1933,0.1977,
2.171,0.3143,0.1078,0.06381,0.08283,0.1595,0.06703,0.02577,0.04084,0.02961,0.03096,0.1942,0.1977,
2.17,0.3161,0.1074,0.06397,0.08275,0.1594,0.06592,0.02574,0.0408,0.02958,0.03093,0.195,0.1985,
2.169,0.316,0.1064,0.06388,0.08276,0.1601,0.06586,0.02572,0.04126,0.02955,0.03041,0.1958,0.1983,
2.168,0.3094,0.1063,0.06373,0.08276,0.1599,0.0658,0.02569,0.04122,0.02952,0.03038,0.1965,0.1981,
2.165,0.3141,0.106,0.06412,0.08279,0.1596,0.06628,0.02525,0.04686,0.02391,0.03039,0.1966,0.1982,
2.165,0.3278,0.1058,0.06424,0.08293,0.1592,0.06681,0.02507,0.04656,0.02392,0.0304,0.1967,0.1983,
2.164,0.3096,0.1054,0.06448,0.08287,0.1591,0.067,0.02479,0.04726,0.02315,0.03037,0.1975,0.1981,
2.163,0.314,0.105,0.06434,0.08263,0.1586,0.0668,0.02472,0.04712,0.02425,0.02912,0.1999,0.1975,
2.173,0.2994,0.1016,0.06451,0.08145,0.1634,0.0671,0.02446,0.04714,0.02426,0.03619,0.1929,0.197,
2.172,0.3001,0.1014,0.06453,0.08161,0.1634,0.0671,0.02446,0.04912,0.02227,0.03619,0.1929,0.197,
2.172,0.2999,0.1013,0.0647,0.08161,0.1634,0.0671,0.02446,0.04912,0.02227,0.03619,0.1929,0.197,
2.171,0.3066,0.1012,0.0645,0.08188,0.1634,0.0671,0.02446,0.04992,0.02147,0.03619,0.1929,0.197,
2.17,0.3183,0.0989,0.0644,0.08202,0.1654,0.06712,0.02447,0.04994,0.02148,0.03621,0.193,0.197,
2.162,0.2751,0.09815,0.06457,0.08216,0.1649,0.0741,0.01797,0.0497,0.02152,0.03627,0.1933,0.1974,
2.161,0.2776,0.09658,0.06458,0.08215,0.1656,0.07409,0.01797,0.05063,0.02158,0.03526,0.1942,0.1973,
2.16,0.2759,0.0962,0.0648,0.08217,0.1651,0.07405,0.01796,0.05139,0.02078,0.03524,0.1951,0.1972,
2.159,0.2787,0.09628,0.06478,0.08232,0.1644,0.07332,0.01811,0.05103,0.02079,0.03527,0.1953,0.1984,
2.16,0.3523,0.09624,0.06486,0.08234,0.1634,0.07334,0.01812,0.05087,0.02255,0.03353,0.1963,0.1985,
2.165,0.2886,0.09576,0.06498,0.0825,0.1626,0.07346,0.02365,0.04541,0.02323,0.03294,0.1966,0.1988,
2.168,0.3086,0.09443,0.0649,0.08276,0.1633,0.07352,0.03202,0.03709,0.02325,0.03297,0.1968,0.199,
2.168,0.3028,0.09443,0.06497,0.08299,0.1622,0.07257,0.03489,0.03431,0.02411,0.03217,0.197,0.2003,
2.165,0.3085,0.09739,0.06483,0.08318,0.1621,0.07801,0.02939,0.03429,0.0241,0.03215,0.1979,0.1966,
2.165,0.3136,0.09707,0.06474,0.08326,0.1622,0.07805,0.0294,0.0351,0.02331,0.03217,0.198,0.1967,
2.164,0.3094,0.09547,0.06487,0.08337,0.1636,0.07805,0.0294,0.0351,0.02331,0.03217,0.198,0.1967,
2.162,0.2982,0.09495,0.06483,0.08338,0.1635,0.07654,0.02971,0.03476,0.0233,0.03215,0.1989,0.1981,
2.161,0.3028,0.09463,0.06421,0.0835,0.1635,0.07696,0.02942,0.0348,0.02333,0.03219,0.1991,0.1983,
2.162,0.3039,0.09396,0.06435,0.08371,0.1636,0.07699,0.02944,0.03482,0.02453,0.03101,0.1992,0.1984,
2.161,0.3074,0.09364,0.06445,0.08369,0.1634,0.07717,0.02915,0.03478,0.02567,0.02981,0.2,0.1982,
2.161,0.3101,0.09318,0.0645,0.08378,0.1635,0.0772,0.02916,0.0348,0.02569,0.02982,0.2001,0.1983,
2.175,0.315,0.093,0.06444,0.08379,0.1633,0.07712,0.02913,0.03476,0.02616,0.0373,0.1929,0.1981,
2.174,0.3086,0.09247,0.06483,0.08393,0.1633,0.07659,0.0295,0.03409,0.02696,0.03629,0.1929,0.1991,
2.174,0.3313,0.09253,0.06484,0.08402,0.1627,0.07665,0.02952,0.03412,0.02698,0.03632,0.193,0.1993,
2.173,0.32,0.09232,0.06488,0.08406,0.1622,0.07557,0.02951,0.0341,0.02696,0.0363,0.1939,0.2002,
2.173,0.3063,0.09262,0.06473,0.08407,0.1615,0.07558,0.02952,0.03411,0.02697,0.03631,0.1949,0.1997,
2.172,0.3172,0.09333,0.0649,0.0827,0.162,0.07463,0.03073,0.03298,0.027,0.03636,0.1952,0.2002,
2.171,0.3154,0.09298,0.06478,0.08295,0.1618,0.07342,0.03075,0.03418,0.02771,0.03453,0.1953,0.2016,
2.171,0.3215,0.09827,0.06487,0.08177,0.1614,0.07088,0.03077,0.0342,0.02773,0.03454,0.1954,0.2002,
2.17,0.3145,0.09736,0.06484,0.08033,0.162,0.0709,0.03078,0.03473,0.02722,0.03456,0.1955,0.2018,
2.168,0.317,0.09688,0.06466,0.08043,0.1619,0.06982,0.0314,0.03407,0.02721,0.03454,0.1964,0.2027,
2.17,0.3172,0.09938,0.06454,0.08073,0.1616,0.06988,0.03143,0.0346,0.02673,0.03457,0.1965,0.2,
2.147,0.3055,0.09926,0.06451,0.08082,0.1608,0.0874,0.01389,0.03459,0.02672,0.03456,0.1975,0.2,
2.144,0.2777,0.0991,0.06474,0.08095,0.1601,0.08589,0.01297,0.03543,0.02594,0.03459,0.1977,0.2026,
2.145,0.2792,0.1014,0.06465,0.0811,0.1597,0.08593,0.01297,0.03595,0.02545,0.03461,0.1977,0.2005,
2.146,0.2813,0.1058,0.06453,0.08134,0.1597,0.08499,0.01274,0.03565,0.02545,0.03461,0.1977,0.1975,
2.146,0.3166,0.105,0.06492,0.08138,0.1598,0.08305,0.01368,0.03473,0.02546,0.03462,0.1978,0.1995,
2.146,0.2955,0.1049,0.06502,0.0814,0.1598,0.08305,0.01368,0.03473,0.02546,0.03462,0.1978,0.1995,
2.146,0.287,0.1048,0.06505,0.08145,0.1598,0.08305,0.01368,0.03473,0.02546,0.03462,0.1978,0.1995,
2.146,0.2954,0.1047,0.06523,0.08157,0.1591,0.08312,0.01369,0.03476,0.02548,0.03465,0.198,0.1997,
2.143,0.277,0.1033,0.06501,0.08161,0.1602,0.0813,0.01371,0.03563,0.02465,0.03468,0.1982,0.2017,
2.142,0.2787,0.103,0.06476,0.08165,0.1601,0.0802,0.0137,0.03561,0.02462,0.03465,0.199,0.2027,
2.143,0.2801,0.1049,0.06481,0.08169,0.1601,0.0802,0.0137,0.03657,0.02417,0.03415,0.199,0.2007,
2.142,0.2898,0.1033,0.06478,0.08175,0.1617,0.0802,0.0137,0.03657,0.02417,0.03415,0.199,0.2007,
2.143,0.2903,0.1027,0.06515,0.08195,0.1617,0.0802,0.01434,0.0366,0.0235,0.03415,0.199,0.2007,
2.143,0.2961,0.1021,0.06554,0.08191,0.1615,0.08012,0.01496,0.03592,0.02347,0.03412,0.1998,0.2005,
2.143,0.3026,0.1021,0.06569,0.08215,0.1601,0.08025,0.01499,0.03598,0.02351,0.03417,0.2002,0.2008,
2.144,0.3033,0.1021,0.06556,0.08236,0.1598,0.08029,0.01499,0.036,0.02352,0.03419,0.2002,0.2009,
2.144,0.3041,0.1021,0.06549,0.08244,0.1598,0.08029,0.01499,0.036,0.02352,0.03419,0.2002,0.2009,
2.141,0.3068,0.1015,0.06536,0.08263,0.1602,0.07857,0.01474,0.03696,0.02259,0.0342,0.2003,0.203,
2.14,0.3125,0.1012,0.06541,0.08263,0.16,0.07849,0.01473,0.03692,0.02257,0.03417,0.2011,0.2028,
2.14,0.31,0.09954,0.06559,0.08271,0.1611,0.07853,0.01568,0.03599,0.02258,0.03418,0.2012,0.2029,
2.151,0.3644,0.1004,0.06582,0.08278,0.1611,0.07853,0.01632,0.03663,0.0218,0.03919,0.1957,0.2018,
2.151,0.3285,0.1004,0.0659,0.08287,0.1604,0.07891,0.016,0.03666,0.02181,0.03921,0.1959,0.2019,
2.143,0.3025,0.1002,0.0659,0.08314,0.1591,0.08364,0.01147,0.03674,0.02186,0.03929,0.1963,0.2024,
2.144,0.3104,0.09997,0.0661,0.0832,0.1591,0.08364,0.01147,0.03674,0.02355,0.0376,0.1963,0.2024,
2.143,0.3078,0.09913,0.06626,0.08334,0.1596,0.08415,0.01096,0.03674,0.02507,0.03608,0.1963,0.2024,
2.142,0.305,0.09903,0.0662,0.08325,0.1595,0.08407,0.01095,0.03792,0.02383,0.03605,0.1971,0.2022,
2.142,0.3197,0.09887,0.06633,0.08328,0.1595,0.08301,0.01095,0.03792,0.0248,0.03507,0.1971,0.2032,
2.142,0.3045,0.1017,0.06629,0.0831,0.1592,0.08139,0.01095,0.0379,0.02576,0.03409,0.198,0.2015,
2.142,0.2963,0.1033,0.06585,0.08327,0.1593,0.08037,0.01096,0.03792,0.02695,0.03293,0.1981,0.2011,
2.141,0.3031,0.1009,0.06611,0.08329,0.1612,0.07934,0.01096,0.03793,0.03173,0.02817,0.1982,0.2022,
2.141,0.2966,0.1029,0.06615,0.08169,0.1612,0.07934,0.01096,0.03793,0.03173,0.02817,0.1982,0.2018,
2.14,0.2954,0.1028,0.06587,0.08191,0.1606,0.07985,0.01056,0.03838,0.03136,0.0282,0.1984,0.2021,
2.135,0.2974,0.1028,0.0659,0.08201,0.1602,0.07949,0.009047,0.0384,0.03138,0.02821,0.1985,0.2041,
2.134,0.3038,0.1027,0.06584,0.08204,0.1594,0.07817,0.009044,0.03839,0.03137,0.02821,0.1995,0.2053,
2.134,0.3137,0.1026,0.06552,0.08231,0.1581,0.07837,0.009067,0.03849,0.03145,0.02828,0.2,0.2059,
2.13,0.3175,0.1036,0.06583,0.08022,0.1573,0.07919,0.008428,0.03798,0.03188,0.0277,0.2025,0.2055,
2.13,0.3213,0.1033,0.06599,0.08026,0.1573,0.07919,0.008428,0.03798,0.03188,0.0277,0.2025,0.2055,
2.13,0.327,0.1027,0.06601,0.0803,0.1572,0.07914,0.008423,0.03796,0.03186,0.02768,0.2034,0.2054,
2.143,0.3114,0.1047,0.06606,0.0804,0.1572,0.07727,0.008427,0.03798,0.03187,0.03492,0.1962,0.2049,
2.143,0.3132,0.1041,0.06656,0.08052,0.1572,0.07727,0.008427,0.03798,0.03187,0.03492,0.1962,0.2049,
2.141,0.3079,0.1019,0.06696,0.08051,0.1581,0.07578,0.008424,0.03797,0.03187,0.03491,0.1972,0.2064,
2.142,0.3081,0.1045,0.06669,0.08053,0.1579,0.07566,0.008411,0.03791,0.03182,0.03486,0.1989,0.2029,
2.141,0.3378,0.1005,0.06659,0.0806,0.1613,0.07562,0.009053,0.03724,0.0318,0.03484,0.1997,0.2028,
2.14,0.2956,0.09932,0.06647,0.08063,0.1621,0.07555,0.009044,0.0372,0.03261,0.03396,0.2005,0.2026,
2.135,0.2752,0.09911,0.06675,0.08066,0.1618,0.0709,0.009047,0.03722,0.03262,0.03397,0.2006,0.2073,
2.136,0.2685,0.09887,0.0671,0.08096,0.1604,0.07101,0.009058,0.03728,0.035,0.0317,0.201,0.2077,
2.134,0.2649,0.09856,0.06711,0.08094,0.1604,0.06956,0.009062,0.03729,0.03502,0.03171,0.2011,0.2092,
2.132,0.2702,0.0981,0.06704,0.08115,0.1605,0.06781,0.009066,0.03731,0.03503,0.03172,0.2011,0.2111,
2.131,0.2714,0.09764,0.0668,0.08125,0.1595,0.06776,0.009059,0.03728,0.03551,0.03119,0.203,0.211,
2.131,0.2666,0.09753,0.06698,0.08128,0.1592,0.06779,0.009063,0.0373,0.03553,0.03121,0.2031,0.211,
2.144,0.257,0.1,0.06701,0.08131,0.1592,0.06779,0.01084,0.03552,0.03604,0.03552,0.1983,0.2085,
2.142,0.2632,0.09978,0.06714,0.08144,0.1592,0.06724,0.01033,0.03552,0.03747,0.03409,0.1983,0.2095,
2.14,0.2751,0.09967,0.06715,0.08164,0.1588,0.06549,0.01034,0.03628,0.03866,0.03219,0.1983,0.2114,
2.136,0.256,0.09929,0.06729,0.08194,0.1573,0.06307,0.009981,0.03637,0.03876,0.03227,0.1989,0.2149,
2.14,0.2727,0.0994,0.06702,0.08203,0.1566,0.0631,0.03191,0.01449,0.03999,0.03112,0.1991,0.2152,
2.143,0.2668,0.1032,0.06702,0.08211,0.1566,0.0631,0.03191,0.01449,0.04101,0.0301,0.1991,0.2113,
2.145,0.2709,0.1032,0.06694,0.08224,0.1566,0.0631,0.03191,0.01614,0.03936,0.0301,0.1991,0.2113,
2.144,0.2765,0.1023,0.06727,0.08252,0.1564,0.06393,0.03117,0.01616,0.04118,0.02834,0.1993,0.2115,
2.147,0.2787,0.1056,0.06764,0.08252,0.1578,0.06441,0.03069,0.01667,0.04067,0.02834,0.1993,0.2064,
2.147,0.2786,0.1055,0.0673,0.08262,0.1579,0.06444,0.0307,0.01717,0.04019,0.02835,0.1994,0.2065,
2.146,0.2791,0.1052,0.0673,0.08263,0.1577,0.06488,0.03016,0.01715,0.04015,0.02832,0.2002,0.2063,
2.147,0.2838,0.106,0.06834,0.08261,0.1581,0.06336,0.03014,0.01833,0.03893,0.02831,0.201,0.2049,
2.149,0.2956,0.1088,0.06847,0.08272,0.1577,0.06338,0.03015,0.01834,0.03946,0.02781,0.2011,0.202,
2.149,0.2831,0.1088,0.06847,0.08272,0.1577,0.06379,0.02975,0.01834,0.03946,0.02781,0.2011,0.202,
2.148,0.2805,0.1073,0.06865,0.08284,0.1565,0.06381,0.02975,0.01834,0.03947,0.02781,0.2022,0.2034,
2.145,0.2975,0.107,0.06853,0.08304,0.156,0.06238,0.02921,0.01833,0.03944,0.02779,0.2031,0.2052,
2.144,0.2962,0.1069,0.06858,0.08305,0.1552,0.06237,0.02921,0.01833,0.03944,0.02779,0.2041,0.2051,
2.142,0.3018,0.1058,0.06866,0.08148,0.1558,0.06239,0.02922,0.01833,0.0403,0.02695,0.2041,0.2069,
2.14,0.3042,0.105,0.06918,0.07995,0.1556,0.06232,0.02919,0.01831,0.04076,0.02641,0.205,0.2083,
2.137,0.3058,0.1005,0.0689,0.07875,0.1595,0.06237,0.02921,0.01833,0.04165,0.02559,0.2051,0.2101,
2.133,0.3125,0.1004,0.06886,0.07884,0.1595,0.0611,0.02954,0.018,0.04553,0.02171,0.2051,0.2114,
2.149,0.301,0.1082,0.06925,0.07885,0.1595,0.05977,0.02953,0.01868,0.04484,0.02746,0.2003,0.2036,
2.149,0.3025,0.1096,0.06931,0.07889,0.1595,0.05828,0.02953,0.01868,0.04484,0.02746,0.2003,0.2036,
2.149,0.2977,0.1102,0.06924,0.07898,0.1604,0.05828,0.02953,0.01868,0.04484,0.02746,0.2003,0.2021,
2.146,0.2996,0.1101,0.06908,0.07898,0.1602,0.05648,0.0295,0.01866,0.0448,0.02744,0.2011,0.2036,
2.147,0.3039,0.1104,0.06902,0.07908,0.1603,0.05649,0.02951,0.01866,0.04481,0.02744,0.2022,0.2021,
2.15,0.3045,0.1086,0.06905,0.079,0.1629,0.05597,0.02892,0.01792,0.04612,0.03002,0.199,0.2024,
2.148,0.3159,0.1054,0.0692,0.079,0.1647,0.05597,0.02892,0.01843,0.04561,0.03002,0.199,0.2037,
2.148,0.3039,0.1051,0.06926,0.07892,0.1645,0.05634,0.02846,0.01841,0.04557,0.02999,0.1998,0.2035,
2.143,0.3119,0.1024,0.06901,0.07901,0.1664,0.05507,0.02842,0.01838,0.04702,0.02842,0.2015,0.2044,
2.144,0.3103,0.1024,0.06906,0.07922,0.1654,0.05514,0.02845,0.0184,0.04707,0.02846,0.2018,0.2047,
2.148,0.3165,0.104,0.06903,0.07935,0.1645,0.05322,0.02884,0.018,0.04706,0.03152,0.1997,0.2047,
2.147,0.3365,0.1057,0.06919,0.07942,0.1648,0.05189,0.02886,0.01801,0.04805,0.0306,0.1998,0.2036,
2.123,0.3371,0.1054,0.06901,0.07938,0.1647,0.07087,0.009797,0.01799,0.04902,0.02957,0.2007,0.2035,
2.123,0.3132,0.1052,0.06899,0.07938,0.1648,0.0709,0.009795,0.01798,0.04901,0.02957,0.2008,0.2036,
2.122,0.2789,0.1046,0.06899,0.07949,0.165,0.06987,0.009798,0.01799,0.04903,0.02958,0.2009,0.2047,
2.123,0.2902,0.1071,0.06915,0.07978,0.1633,0.06789,0.01113,0.01671,0.04913,0.02964,0.2013,0.2048,
2.121,0.3004,0.1089,0.06905,0.0802,0.1644,0.06463,0.01115,0.01725,0.04872,0.0297,0.2018,0.2043,
2.122,0.2925,0.1104,0.06886,0.08037,0.1628,0.0647,0.01116,0.01726,0.04929,0.02922,0.203,0.2029,
2.123,0.2912,0.1105,0.06894,0.08062,0.1614,0.06481,0.01118,0.01729,0.04937,0.02926,0.2033,0.2033,
2.124,0.2924,0.1156,0.06905,0.08092,0.1602,0.06294,0.01119,0.0173,0.0494,0.02928,0.2045,0.1996,
2.123,0.2947,0.1142,0.0689,0.08105,0.1607,0.06292,0.01119,0.0173,0.04939,0.02928,0.2055,0.1996,
2.127,0.2969,0.1131,0.06894,0.08092,0.161,0.06291,0.01118,0.0173,0.04939,0.03175,0.204,0.1995,
2.126,0.2975,0.1128,0.06886,0.0808,0.1597,0.06289,0.01118,0.01729,0.04937,0.03174,0.206,0.1995,
2.127,0.3056,0.1116,0.06883,0.08079,0.1602,0.06095,0.01096,0.01728,0.05254,0.03187,0.2035,0.2015,
2.126,0.3019,0.1114,0.06905,0.08079,0.1602,0.05989,0.01096,0.01728,0.05254,0.03187,0.2035,0.2025,
2.126,0.2987,0.1114,0.06898,0.08089,0.1602,0.05989,0.01096,0.01728,0.05254,0.03187,0.2035,0.2025,
2.126,0.2964,0.1114,0.06898,0.08089,0.1602,0.05989,0.01096,0.01728,0.05254,0.03187,0.2035,0.2025,
2.126,0.2934,0.1114,0.06898,0.08091,0.1602,0.05989,0.01096,0.01728,0.05254,0.03187,0.2035,0.2025,
2.125,0.2958,0.1106,0.06881,0.081,0.1599,0.05979,0.01095,0.01725,0.05245,0.03182,0.2052,0.2022,
2.122,0.3014,0.1102,0.06862,0.081,0.1598,0.05804,0.01094,0.01724,0.05242,0.0318,0.2061,0.2038,
2.119,0.3043,0.1098,0.06843,0.08101,0.16,0.05616,0.01095,0.01726,0.05247,0.03182,0.2063,0.2059,
2.117,0.3108,0.1087,0.06844,0.08115,0.1606,0.05512,0.01095,0.01836,0.05478,0.02846,0.2064,0.207,
2.115,0.3108,0.1084,0.06833,0.081,0.1603,0.05549,0.01045,0.01832,0.05466,0.0284,0.208,0.2066,
2.112,0.3131,0.1015,0.06825,0.08108,0.1672,0.05549,0.01045,0.01832,0.05466,0.0284,0.208,0.2066,
2.112,0.3154,0.1011,0.06857,0.08118,0.1669,0.05551,0.01046,0.01833,0.05469,0.02841,0.2081,0.2067,
2.118,0.3105,0.1047,0.06879,0.08127,0.1669,0.05602,0.009947,0.01833,0.05469,0.0304,0.2061,0.2028,
2.117,0.3129,0.1046,0.06867,0.08146,0.1669,0.05496,0.009947,0.01833,0.05469,0.0304,0.2061,0.2039,
2.136,0.3155,0.1066,0.06852,0.08165,0.1671,0.05366,0.009951,0.01909,0.05457,0.04077,0.1952,0.2028,
2.136,0.3024,0.1051,0.06861,0.08171,0.1682,0.05368,0.01036,0.01869,0.05459,0.04079,0.1953,0.2029,
2.132,0.3055,0.1048,0.06848,0.08037,0.1682,0.0527,0.009861,0.01919,0.05512,0.03977,0.1953,0.2061,
2.133,0.3,0.1046,0.0685,0.0803,0.168,0.05265,0.01393,0.01509,0.05506,0.03973,0.1961,0.2059,
2.134,0.3033,0.1046,0.06848,0.0804,0.168,0.05265,0.01393,0.0159,0.05425,0.03973,0.1961,0.2059,
2.134,0.3089,0.1044,0.06855,0.08047,0.168,0.05265,0.01393,0.0159,0.05425,0.03973,0.1961,0.2059,
2.133,0.2999,0.1074,0.06873,0.08058,0.1678,0.05008,0.01394,0.01592,0.05429,0.03976,0.1963,0.2053,
2.13,0.3033,0.1071,0.06878,0.0806,0.1676,0.04873,0.01393,0.0159,0.05424,0.03972,0.1971,0.2064,
2.13,0.3082,0.1081,0.06871,0.08056,0.1674,0.04868,0.01442,0.01538,0.05597,0.0379,0.1979,0.2049,
2.127,0.319,0.1062,0.06856,0.07885,0.1674,0.04868,0.01442,0.01605,0.05707,0.03612,0.1979,0.2088,
2.127,0.3187,0.106,0.06852,0.07906,0.1674,0.04868,0.01442,0.01605,0.05758,0.03561,0.1979,0.2088,
2.127,0.3242,0.1059,0.06837,0.07906,0.1673,0.04863,0.01441,0.01672,0.05685,0.03557,0.1986,0.2085,
2.128,0.3195,0.1102,0.06793,0.07953,0.1673,0.04759,0.01441,0.01672,0.05687,0.03559,0.1987,0.2051,
2.128,0.324,0.1093,0.06803,0.07947,0.1677,0.04755,0.0144,0.01671,0.05681,0.03555,0.1995,0.2049,
2.126,0.3404,0.1105,0.06803,0.0795,0.1682,0.04562,0.0144,0.01671,0.05681,0.03555,0.1995,0.2051,
2.125,0.2947,0.112,0.06788,0.07936,0.1677,0.04419,0.0144,0.01721,0.05634,0.03557,0.2007,0.2046,
2.122,0.3023,0.1117,0.06789,0.0792,0.1674,0.0436,0.01425,0.01751,0.05698,0.03382,0.2023,0.2054,
2.129,0.3195,0.115,0.06781,0.07937,0.1674,0.04411,0.01374,0.01751,0.05904,0.03568,0.1983,0.202,
2.129,0.3027,0.1147,0.06797,0.0795,0.1674,0.04411,0.01374,0.01802,0.05938,0.03484,0.1983,0.202,
2.127,0.3057,0.1142,0.06804,0.07932,0.1673,0.04409,0.01373,0.01801,0.06142,0.03274,0.1992,0.2019,
2.127,0.3125,0.1136,0.06856,0.07941,0.1673,0.04409,0.01373,0.01801,0.06269,0.03148,0.1992,0.2019,
2.127,0.2997,0.113,0.06907,0.07936,0.1668,0.043,0.01373,0.01969,0.06096,0.03146,0.2001,0.2028,
2.127,0.3003,0.113,0.06905,0.07957,0.1654,0.0431,0.01375,0.01973,0.06194,0.03068,0.2005,0.2033,
2.128,0.3069,0.112,0.06965,0.07972,0.1652,0.04313,0.01377,0.01975,0.06199,0.0307,0.2007,0.2034,
2.127,0.3182,0.1119,0.0697,0.07981,0.1652,0.04313,0.01431,0.0192,0.0625,0.03019,0.2007,0.2034,
2.125,0.3069,0.1118,0.06956,0.07973,0.1652,0.04245,0.01381,0.01921,0.06253,0.03021,0.2008,0.2047,
2.128,0.3,0.1162,0.06982,0.07973,0.1652,0.04245,0.01492,0.0181,0.06253,0.03021,0.2008,0.2,
2.127,0.3016,0.1162,0.0698,0.0798,0.1652,0.04245,0.01531,0.01821,0.06418,0.02804,0.2008,0.2,
2.128,0.3033,0.1161,0.06984,0.07988,0.1652,0.04245,0.01531,0.01903,0.06337,0.02804,0.2008,0.2,
2.127,0.3106,0.1153,0.06976,0.07983,0.1654,0.04199,0.01521,0.01905,0.06345,0.02808,0.201,0.2009,
2.117,0.3141,0.1145,0.07007,0.07978,0.1651,0.04893,0.009202,0.01796,0.06332,0.02802,0.2026,0.2005,
2.116,0.319,0.1142,0.07025,0.07986,0.1651,0.04893,0.009711,0.01745,0.06476,0.02658,0.2026,0.2005,
2.117,0.3078,0.1144,0.0703,0.08006,0.1637,0.04901,0.009726,0.01748,0.06487,0.02663,0.203,0.2008,
2.121,0.3058,0.1145,0.07033,0.0801,0.1633,0.04903,0.00973,0.01749,0.06834,0.02669,0.1996,0.2009,
2.132,0.3204,0.1144,0.07016,0.08043,0.1621,0.04756,0.01251,0.02657,0.05701,0.02618,0.2006,0.2025,
2.129,0.319,0.116,0.07,0.0805,0.1616,0.04498,0.0125,0.02656,0.05783,0.02532,0.2015,0.2032,
2.129,0.3162,0.1171,0.0694,0.08059,0.1616,0.045,0.0125,0.02656,0.05784,0.02533,0.2026,0.2015,
2.129,0.3173,0.1166,0.06941,0.08078,0.1617,0.04501,0.01251,0.02658,0.05787,0.02534,0.2027,0.2016,
2.129,0.3141,0.1161,0.06937,0.08093,0.1618,0.04503,0.01251,0.02659,0.05789,0.02535,0.2028,0.2016,
2.129,0.3254,0.1161,0.06924,0.08113,0.1618,0.04503,0.01284,0.02626,0.05789,0.02535,0.2028,0.2016,
2.13,0.3294,0.1157,0.06939,0.08134,0.1618,0.04503,0.01317,0.02668,0.05714,0.02535,0.2028,0.2016,
2.129,0.3361,0.1158,0.06972,0.08154,0.1624,0.04355,0.01422,0.02631,0.05765,0.02416,0.2028,0.202,
2.132,0.3334,0.1155,0.06969,0.08157,0.1622,0.0435,0.01461,0.02818,0.05529,0.02517,0.2025,0.2017,
2.143,0.3369,0.1153,0.06946,0.08158,0.1617,0.04349,0.01515,0.02762,0.05622,0.03024,0.1974,0.2017,
2.141,0.3447,0.1147,0.06947,0.08179,0.1613,0.042,0.01515,0.02762,0.05622,0.03024,0.1984,0.2032,
2.137,0.3416,0.1141,0.06955,0.0817,0.161,0.03999,0.01512,0.02756,0.0561,0.03018,0.2,0.2047,
2.134,0.3449,0.1139,0.06959,0.08175,0.1605,0.03848,0.01511,0.02754,0.05607,0.03016,0.2009,0.2061,
2.134,0.3667,0.1136,0.06967,0.08182,0.1602,0.03851,0.01511,0.02755,0.05609,0.03017,0.201,0.2062,
2.135,0.3498,0.1134,0.06962,0.08176,0.163,0.03854,0.01574,0.02689,0.05611,0.03017,0.2013,0.2034,
2.135,0.3565,0.1128,0.0702,0.08186,0.1627,0.03856,0.01574,0.0269,0.05614,0.03018,0.2014,0.2035,
2.134,0.3891,0.1097,0.07041,0.08195,0.165,0.03852,0.01573,0.05572,0.02724,0.03015,0.2022,0.2033,
2.134,0.3907,0.1096,0.07049,0.082,0.165,0.03893,0.01532,0.05572,0.02809,0.0293,0.2022,0.2033,
2.133,0.3946,0.1093,0.07049,0.08202,0.1649,0.03976,0.01503,0.05506,0.02984,0.02749,0.203,0.2031,
2.132,0.394,0.1085,0.0706,0.08065,0.165,0.04011,0.01473,0.05511,0.02986,0.02752,0.2032,0.2047,
2.131,0.3957,0.1084,0.07053,0.08057,0.1648,0.04007,0.01471,0.05505,0.02983,0.02749,0.204,0.2045,
2.143,0.394,0.1108,0.07017,0.0806,0.1648,0.04006,0.01471,0.05599,0.02888,0.03333,0.1991,0.2016,
2.142,0.3937,0.1097,0.06997,0.08065,0.1656,0.04002,0.01524,0.0554,0.02885,0.0333,0.1999,0.2014,
2.141,0.3948,0.1092,0.06998,0.07976,0.165,0.04058,0.01475,0.05547,0.02889,0.03334,0.2002,0.2028,
2.141,0.4004,0.1092,0.06998,0.07984,0.165,0.04058,0.01475,0.05547,0.02985,0.03237,0.2002,0.2028,
2.138,0.3996,0.1087,0.06991,0.07843,0.1651,0.0406,0.01475,0.0584,0.02695,0.03239,0.2003,0.2045,
2.137,0.3978,0.1071,0.07008,0.07845,0.1658,0.04058,0.01474,0.05837,0.02693,0.03237,0.2011,0.2044,
2.138,0.3976,0.1091,0.07007,0.07849,0.1658,0.04058,0.01474,0.05837,0.0279,0.0314,0.2011,0.2024,
2.138,0.3998,0.109,0.07004,0.07863,0.1658,0.04058,0.01474,0.05837,0.0279,0.0314,0.2011,0.2024,
2.138,0.4027,0.1087,0.07005,0.07886,0.1658,0.04058,0.01474,0.05837,0.0279,0.0314,0.2011,0.2024,
2.138,0.4029,0.1085,0.07014,0.0788,0.1657,0.04054,0.01473,0.05831,0.02787,0.03137,0.2019,0.2022,
2.139,0.4011,0.1114,0.07024,0.07889,0.1662,0.04054,0.01473,0.05906,0.02713,0.03137,0.2019,0.1985,
2.147,0.4274,0.1114,0.07012,0.07902,0.1662,0.04054,0.05166,0.02213,0.02713,0.03137,0.2019,0.1985,
2.147,0.428,0.1104,0.06995,0.07912,0.1666,0.04051,0.05163,0.02211,0.02711,0.03135,0.2028,0.1984,
2.146,0.4295,0.1099,0.06992,0.07907,0.1663,0.04086,0.05109,0.02207,0.0279,0.03045,0.2044,0.198,
2.131,0.403,0.1098,0.06994,0.07918,0.1663,0.0751,0.01686,0.02207,0.0279,0.03271,0.2022,0.198,
2.152,0.3146,0.1091,0.07005,0.07933,0.1665,0.07513,0.01771,0.02122,0.02791,0.04582,0.1892,0.198,
2.152,0.3105,0.109,0.07049,0.07946,0.1651,0.07593,0.01706,0.02125,0.02846,0.04539,0.1895,0.1984,
2.152,0.3042,0.1084,0.07062,0.07964,0.1649,0.07599,0.01707,0.02127,0.02848,0.04543,0.1897,0.1985,
2.153,0.3125,0.1079,0.07081,0.07969,0.1649,0.07603,0.01708,0.02128,0.02934,0.0446,0.1897,0.1986,
2.153,0.2898,0.1069,0.0708,0.0799,0.1655,0.07606,0.0176,0.02078,0.0302,0.04377,0.1898,0.1987,
2.152,0.2869,0.1058,0.07097,0.07996,0.1661,0.07503,0.0176,0.02079,0.03021,0.04379,0.1899,0.1999,
2.149,0.2974,0.1055,0.07113,0.08011,0.1661,0.07382,0.02081,0.01763,0.02947,0.04379,0.1899,0.2018,
2.149,0.3057,0.1047,0.07102,0.08043,0.1662,0.07432,0.02039,0.01765,0.03141,0.04191,0.1901,0.2019,
2.147,0.2966,0.1041,0.07102,0.08038,0.1661,0.07306,0.02063,0.01821,0.03006,0.04189,0.1909,0.2036,
2.144,0.3088,0.1036,0.07121,0.08039,0.1654,0.07062,0.02031,0.01822,0.03134,0.04063,0.1919,0.2064,
2.144,0.3086,0.1037,0.07126,0.08055,0.1676,0.07062,0.02031,0.01822,0.03134,0.04063,0.1919,0.2038,
2.143,0.3112,0.1026,0.07113,0.0805,0.1681,0.07048,0.02027,0.01818,0.03128,0.04055,0.1935,0.2035,
2.143,0.3086,0.1025,0.0711,0.0805,0.1676,0.07044,0.02026,0.01817,0.03126,0.04053,0.1943,0.2033,
2.144,0.3076,0.1031,0.0711,0.08055,0.1681,0.0704,0.02025,0.01884,0.03057,0.04051,0.1952,0.2014,
2.143,0.3065,0.1023,0.07156,0.08039,0.1677,0.07027,0.02021,0.0188,0.03154,0.0394,0.1968,0.201,
2.141,0.3123,0.1018,0.07155,0.08037,0.1667,0.06858,0.02023,0.01933,0.03106,0.03944,0.198,0.2029,
2.142,0.3062,0.1012,0.07192,0.08047,0.1664,0.06864,0.02025,0.01934,0.03261,0.03796,0.1981,0.2031,
2.141,0.3062,0.09947,0.07181,0.08055,0.1672,0.06863,0.02079,0.0188,0.0326,0.03795,0.1991,0.2031,
2.138,0.304,0.09927,0.07158,0.08048,0.1669,0.06744,0.02074,0.01876,0.03254,0.03788,0.2007,0.2037,
2.147,0.3023,0.1008,0.0716,0.08047,0.1662,0.06733,0.02122,0.01982,0.03089,0.04236,0.1978,0.2015,
2.148,0.3164,0.1001,0.0717,0.08061,0.1659,0.06741,0.02124,0.02199,0.03029,0.0409,0.1981,0.2018,
2.15,0.3159,0.1032,0.07193,0.08061,0.1659,0.06826,0.0204,0.02199,0.03123,0.03996,0.1981,0.1984,
2.148,0.3141,0.103,0.07206,0.08068,0.1659,0.06636,0.0204,0.02199,0.03123,0.03996,0.1981,0.2003,
2.148,0.3185,0.1079,0.0722,0.08093,0.1649,0.06285,0.02042,0.02201,0.03313,0.03815,0.1983,0.1992,
2.148,0.319,0.1075,0.07247,0.08107,0.1639,0.06296,0.02045,0.02205,0.03403,0.03736,0.1987,0.1995,
2.149,0.3229,0.1071,0.07293,0.08122,0.1632,0.06301,0.02047,0.02207,0.03589,0.03556,0.1989,0.1997,
2.142,0.3334,0.1033,0.07313,0.07973,0.1662,0.06001,0.02046,0.02205,0.03587,0.03554,0.1997,0.204,
2.142,0.336,0.1032,0.07308,0.0798,0.1662,0.06001,0.02046,0.02205,0.03587,0.03554,0.1997,0.204,
2.143,0.3247,0.106,0.07296,0.07971,0.1659,0.0604,0.01991,0.02201,0.0363,0.03497,0.2013,0.2006,
2.139,0.3353,0.1018,0.07301,0.07975,0.1695,0.06122,0.01941,0.02158,0.03677,0.03442,0.2021,0.2004,
2.145,0.3319,0.1016,0.07307,0.07989,0.1695,0.06122,0.02001,0.02099,0.03783,0.03639,0.1991,0.2004,
2.144,0.3269,0.1001,0.07308,0.07988,0.1703,0.06118,0.02,0.02148,0.0373,0.03637,0.2,0.2003,
2.144,0.3332,0.1001,0.07312,0.07988,0.1703,0.06118,0.02,0.02148,0.03853,0.03514,0.2,0.2003,
2.139,0.3413,0.09472,0.0731,0.07984,0.1751,0.06009,0.01998,0.02197,0.03801,0.03512,0.2009,0.2012,
2.138,0.3416,0.09565,0.07334,0.07976,0.1749,0.0596,0.01986,0.02182,0.0378,0.03487,0.2017,0.2007,
2.137,0.343,0.0941,0.07351,0.07984,0.176,0.05963,0.01986,0.02183,0.03866,0.03403,0.2018,0.2008,
2.143,0.3586,0.09305,0.07338,0.07986,0.1756,0.05956,0.01985,0.02282,0.03762,0.03738,0.2002,0.2006,
2.143,0.3402,0.09276,0.07324,0.07992,0.1755,0.05959,0.02027,0.02284,0.03725,0.03741,0.2004,0.2008,
2.143,0.3427,0.09267,0.07331,0.07995,0.1755,0.05959,0.02027,0.02362,0.03698,0.03691,0.2004,0.2008,
2.127,0.3332,0.09254,0.07342,0.07997,0.1755,0.06755,0.01041,0.02362,0.03698,0.03691,0.2004,0.2027,
2.128,0.3371,0.0933,0.0734,0.08005,0.1753,0.06748,0.0104,0.02482,0.03572,0.03687,0.2012,0.2014,
2.127,0.3397,0.09321,0.07313,0.08017,0.1751,0.06742,0.01039,0.02479,0.03568,0.03683,0.202,0.2012,
2.126,0.3419,0.09211,0.07323,0.08021,0.1761,0.06782,0.009988,0.02479,0.03677,0.03574,0.202,0.2012,
2.125,0.3434,0.09178,0.0732,0.08009,0.1757,0.06768,0.009968,0.02474,0.0367,0.03567,0.2036,0.2008,
2.123,0.3452,0.09164,0.07334,0.07819,0.1757,0.06768,0.01029,0.02442,0.03767,0.0347,0.2036,0.2027,
2.123,0.3459,0.09131,0.07327,0.07827,0.1758,0.06771,0.01029,0.02443,0.03768,0.03472,0.2037,0.2028,
2.127,0.3467,0.09455,0.07331,0.07831,0.1758,0.06771,0.01029,0.02443,0.04017,0.0333,0.2026,0.1995,
2.127,0.3136,0.09456,0.07333,0.07838,0.1755,0.06817,0.009868,0.02444,0.04018,0.03331,0.2027,0.1996,
2.125,0.314,0.09445,0.07336,0.07856,0.1751,0.0691,0.008965,0.02445,0.0402,0.03332,0.2028,0.1997,
2.136,0.314,0.09744,0.0732,0.07672,0.175,0.06906,0.00896,0.02444,0.04098,0.0388,0.1974,0.198,
2.134,0.3181,0.09661,0.0732,0.07674,0.1758,0.06802,0.00896,0.02444,0.04098,0.0388,0.1974,0.1991,
2.134,0.3095,0.09636,0.07323,0.07692,0.175,0.068,0.009359,0.02403,0.04097,0.03879,0.1983,0.199,
2.133,0.313,0.0955,0.07341,0.07712,0.175,0.06733,0.009044,0.02455,0.04181,0.03751,0.1985,0.2002,
2.131,0.3063,0.09523,0.07329,0.07666,0.1748,0.06673,0.009361,0.02397,0.04182,0.0375,0.1988,0.2019,
2.131,0.3105,0.09207,0.07389,0.07706,0.1737,0.0671,0.009412,0.0241,0.04205,0.0377,0.1998,0.203,
2.131,0.3135,0.09212,0.07396,0.07721,0.1718,0.06768,0.009423,0.02362,0.04209,0.03774,0.2011,0.2033,
2.126,0.3276,0.09173,0.07429,0.07748,0.1711,0.06724,0.008445,0.02405,0.04877,0.03073,0.2012,0.2049,
2.129,0.3209,0.09598,0.07397,0.0777,0.1722,0.06727,0.008452,0.02407,0.04881,0.03075,0.2014,0.1994,
2.128,0.319,0.09374,0.07394,0.07797,0.1737,0.06733,0.008459,0.02409,0.04885,0.03078,0.2016,0.1996,
2.126,0.3212,0.09321,0.07422,0.07797,0.1735,0.06514,0.008451,0.02406,0.0488,0.03075,0.2024,0.2015,
2.126,0.3129,0.09304,0.07442,0.07804,0.1732,0.06517,0.008454,0.02448,0.04842,0.03076,0.2025,0.2016,
2.126,0.3278,0.09264,0.07478,0.07809,0.1732,0.06517,0.008454,0.02543,0.04849,0.02974,0.2025,0.2016,
2.125,0.3055,0.0927,0.07476,0.07824,0.1725,0.06374,0.008461,0.02545,0.04853,0.02977,0.2026,0.2032,
2.129,0.3044,0.0976,0.0748,0.07846,0.1722,0.06379,0.008469,0.02547,0.04857,0.02979,0.2028,0.198,
2.129,0.3048,0.09753,0.07467,0.07849,0.1717,0.06376,0.008464,0.02546,0.04854,0.02978,0.2037,0.1979,
2.131,0.3047,0.09747,0.07444,0.07851,0.1713,0.06372,0.008968,0.02493,0.04851,0.03112,0.2032,0.1978,
2.132,0.3063,0.09747,0.07431,0.07865,0.1713,0.06372,0.008968,0.02578,0.04766,0.03112,0.2032,0.1978,
2.129,0.3233,0.09717,0.07456,0.07869,0.1713,0.06211,0.009375,0.02515,0.04885,0.02993,0.2032,0.1996,
2.129,0.3134,0.0968,0.07454,0.07851,0.1714,0.06216,0.009375,0.02517,0.04889,0.02993,0.2034,0.1998,
2.133,0.3021,0.09673,0.07457,0.07855,0.1714,0.06216,0.009375,0.02598,0.04807,0.0316,0.2017,0.1998,
2.134,0.3036,0.09645,0.07464,0.07876,0.1714,0.06216,0.009375,0.02766,0.0464,0.0316,0.2017,0.1998,
2.131,0.3106,0.09417,0.07469,0.07886,0.1733,0.06034,0.01014,0.02691,0.04642,0.03162,0.2018,0.2017,
2.132,0.3511,0.09404,0.07489,0.07889,0.1729,0.06037,0.01077,0.02629,0.04643,0.03163,0.2019,0.2018,
2.131,0.3335,0.09361,0.07479,0.07882,0.1731,0.05935,0.01144,0.02565,0.04647,0.03165,0.2021,0.2031,
2.127,0.3203,0.0934,0.07425,0.07892,0.1732,0.0594,0.01144,0.05193,0.02077,0.03117,0.2023,0.2032,
2.126,0.3106,0.09309,0.07367,0.07899,0.1729,0.0593,0.01143,0.05184,0.02124,0.03061,0.204,0.2029,
2.124,0.3033,0.09142,0.07324,0.07908,0.1741,0.05929,0.01142,0.05248,0.02059,0.0306,0.2049,0.2029,
2.121,0.3168,0.09103,0.07362,0.0761,0.1741,0.05929,0.01142,0.05248,0.02059,0.0306,0.2049,0.2059,
2.117,0.3152,0.09037,0.07356,0.07605,0.1737,0.05945,0.01114,0.05601,0.02085,0.02664,0.2067,0.2055,
2.124,0.314,0.09067,0.07365,0.07608,0.1746,0.05947,0.01114,0.05603,0.02086,0.02972,0.2037,0.2041,
2.122,0.344,0.0903,0.07382,0.07625,0.1737,0.05946,0.01114,0.05708,0.0198,0.02971,0.2047,0.2041,
2.125,0.3365,0.09019,0.07331,0.07664,0.1734,0.05886,0.01404,0.05383,0.01981,0.02974,0.2048,0.2053,
2.143,0.3235,0.09227,0.07335,0.07676,0.1734,0.05886,0.01404,0.05383,0.01981,0.03897,0.1956,0.2031,
2.145,0.332,0.09498,0.07329,0.07681,0.1733,0.0588,0.01402,0.05378,0.01979,0.03893,0.1964,0.1999,
2.145,0.3331,0.09424,0.0733,0.07681,0.1736,0.05874,0.01401,0.05373,0.02028,0.03839,0.1972,0.1997,
2.145,0.3219,0.09424,0.07322,0.0769,0.1736,0.05874,0.01401,0.05373,0.02028,0.03839,0.1972,0.1997,
2.145,0.3264,0.09404,0.07278,0.07724,0.1727,0.05886,0.01403,0.05435,0.02066,0.03761,0.1976,0.2002,
2.149,0.3432,0.09397,0.07277,0.07729,0.1718,0.05782,0.04947,0.01888,0.02144,0.03631,0.1986,0.2017,
2.149,0.3453,0.09337,0.07241,0.07746,0.1721,0.05787,0.04951,0.0189,0.02259,0.03521,0.1987,0.2019,
2.149,0.3498,0.09316,0.07247,0.07761,0.1721,0.05787,0.04951,0.0189,0.02259,0.03521,0.1987,0.2019,
2.148,0.3131,0.09282,0.07259,0.07758,0.1719,0.05781,0.05011,0.01823,0.02257,0.03518,0.1995,0.2017,
2.148,0.3064,0.0924,0.07292,0.07764,0.1711,0.0578,0.05011,0.01823,0.02257,0.03517,0.2005,0.2016,
2.146,0.3064,0.09193,0.07262,0.07764,0.1708,0.0577,0.05053,0.01769,0.02346,0.03418,0.2022,0.2013,
2.153,0.2877,0.09166,0.07229,0.07752,0.1703,0.05753,0.05038,0.01763,0.02459,0.03757,0.1999,0.2007,
2.151,0.2928,0.09139,0.07256,0.07752,0.1703,0.05623,0.05038,0.01833,0.02371,0.03744,0.1999,0.2023,
2.153,0.2953,0.09386,0.07237,0.07777,0.1699,0.05626,0.0504,0.01834,0.02372,0.03745,0.2,0.2,
2.153,0.2927,0.09374,0.0723,0.07772,0.1697,0.0562,0.05035,0.01832,0.0242,0.03691,0.2008,0.1998,
2.152,0.2897,0.08946,0.07235,0.07781,0.1736,0.05672,0.04986,0.01874,0.02905,0.03168,0.2008,0.1998,
2.15,0.2945,0.08677,0.07312,0.07799,0.1749,0.05571,0.0499,0.01875,0.02907,0.03171,0.201,0.2011,
2.149,0.2911,0.0866,0.07286,0.07795,0.1745,0.0556,0.0498,0.01872,0.02901,0.03164,0.2026,0.2007,
2.161,0.2895,0.08664,0.07289,0.07798,0.1742,0.05512,0.04969,0.01872,0.02902,0.03934,0.195,0.2014,
2.162,0.2812,0.08671,0.07283,0.07817,0.1735,0.05516,0.04973,0.01924,0.02854,0.03937,0.1952,0.2016,
2.163,0.2861,0.08663,0.07342,0.07845,0.1707,0.05535,0.0499,0.01931,0.02863,0.0395,0.1959,0.2022,
2.159,0.2884,0.08198,0.07323,0.07859,0.1748,0.05531,0.05071,0.01845,0.02861,0.03947,0.1967,0.2021,
2.158,0.2891,0.08183,0.07312,0.07861,0.1746,0.05526,0.05066,0.01843,0.02859,0.03943,0.1975,0.2019,
2.156,0.2917,0.08169,0.07302,0.07684,0.1745,0.0552,0.05061,0.01841,0.02978,0.03817,0.1983,0.2035,
2.153,0.2867,0.08153,0.07282,0.07674,0.1741,0.05344,0.05051,0.01838,0.02973,0.03809,0.1999,0.2048,
2.153,0.287,0.08187,0.07269,0.07687,0.175,0.05341,0.05048,0.01837,0.03021,0.03756,0.2008,0.2028,
2.163,0.3116,0.08425,0.07246,0.07689,0.1737,0.05345,0.05084,0.01805,0.03024,0.04256,0.1969,0.2006,
2.163,0.3144,0.08426,0.07246,0.07697,0.1734,0.05408,0.05026,0.01806,0.03177,0.04106,0.197,0.2007,
2.163,0.3267,0.08398,0.07224,0.07701,0.173,0.05397,0.05016,0.01899,0.03125,0.04047,0.1986,0.2003,
2.163,0.3246,0.08398,0.07219,0.07706,0.173,0.05397,0.05016,0.01899,0.03125,0.04047,0.1986,0.2003,
2.152,0.3307,0.08327,0.07214,0.07732,0.1728,0.05403,0.05832,0.0109,0.03129,0.04052,0.1989,0.2005,
2.152,0.3315,0.08318,0.07195,0.07736,0.1726,0.05398,0.05826,0.01089,0.03126,0.04048,0.1997,0.2003,
2.151,0.3274,0.08306,0.07195,0.07603,0.1724,0.054,0.05829,0.0109,0.03439,0.03737,0.1997,0.2019,
2.149,0.3329,0.08163,0.07195,0.07613,0.1735,0.05295,0.05831,0.0109,0.03441,0.03739,0.1998,0.203,
2.147,0.3275,0.08153,0.07188,0.07615,0.173,0.05235,0.05777,0.0113,0.03398,0.03737,0.2007,0.204,
2.15,0.3101,0.08389,0.07215,0.0762,0.173,0.05235,0.05777,0.0113,0.03398,0.03737,0.2007,0.2013,
2.15,0.3086,0.08386,0.07206,0.07631,0.173,0.05235,0.05777,0.0113,0.03398,0.03737,0.2007,0.2013,
2.15,0.3145,0.08355,0.072,0.07641,0.173,0.05236,0.05779,0.0113,0.03399,0.03738,0.2008,0.2014,
2.149,0.3291,0.08218,0.07206,0.07648,0.1743,0.05288,0.05727,0.01181,0.03349,0.03738,0.2008,0.2014,
2.145,0.3356,0.08051,0.07268,0.07656,0.175,0.05018,0.0573,0.01182,0.0335,0.0374,0.2009,0.2042,
2.144,0.3404,0.08028,0.07255,0.0766,0.1751,0.0502,0.05813,0.01101,0.03521,0.03572,0.201,0.2043,
2.144,0.3421,0.08334,0.07258,0.07663,0.1749,0.04938,0.05799,0.0109,0.03504,0.03569,0.2018,0.2018,
2.144,0.3408,0.08182,0.07275,0.07665,0.1762,0.05015,0.05723,0.0109,0.03504,0.03569,0.2018,0.2018,
2.125,0.3154,0.08131,0.07303,0.07664,0.176,0.08405,0.02322,0.01089,0.03501,0.03565,0.2026,0.2016,
2.125,0.3188,0.08088,0.07308,0.07671,0.1761,0.08303,0.02323,0.01197,0.03725,0.03236,0.2027,0.2027,
2.141,0.3216,0.08195,0.07292,0.07677,0.1759,0.08295,0.02321,0.01196,0.03722,0.04139,0.1944,0.2013,
2.141,0.3345,0.08184,0.07289,0.07684,0.1771,0.08298,0.02322,0.01196,0.03723,0.0414,0.1944,0.2001,
2.141,0.3692,0.08152,0.0727,0.07676,0.1766,0.08296,0.02327,0.01199,0.03731,0.04149,0.1949,0.2005,
2.141,0.3233,0.08125,0.07275,0.07541,0.176,0.08304,0.02329,0.01297,0.03842,0.03949,0.1951,0.2023,
2.143,0.3201,0.08355,0.07257,0.0754,0.1761,0.08297,0.02327,0.01297,0.0403,0.03764,0.1952,0.2,
2.139,0.322,0.08339,0.07225,0.07543,0.1757,0.08137,0.02272,0.01295,0.04022,0.03757,0.1968,0.2016,
2.139,0.3292,0.08312,0.07237,0.07536,0.1756,0.08129,0.02302,0.01346,0.04052,0.03635,0.1975,0.2014,
2.138,0.3401,0.08281,0.07193,0.07541,0.1751,0.08105,0.02295,0.01342,0.0404,0.03624,0.1999,0.2008,
2.137,0.3441,0.08281,0.07187,0.07548,0.1751,0.08172,0.02228,0.01342,0.0404,0.03624,0.1999,0.2008,
2.136,0.3457,0.08273,0.07156,0.07564,0.1749,0.08164,0.02258,0.01308,0.04036,0.03621,0.2007,0.2006,
2.157,0.3356,0.08238,0.07131,0.07576,0.1748,0.08158,0.02256,0.01305,0.04033,0.05022,0.1876,0.2005,
2.155,0.3384,0.08037,0.07138,0.07583,0.1751,0.08153,0.02255,0.01305,0.04031,0.05019,0.1893,0.2003,
2.162,0.3461,0.0835,0.07154,0.0759,0.1751,0.07993,0.02255,0.03456,0.0193,0.04969,0.1893,0.1986,
2.162,0.3478,0.0835,0.07143,0.07601,0.1751,0.07993,0.02255,0.03456,0.0198,0.04918,0.1893,0.1986,
2.159,0.3619,0.08186,0.07142,0.07404,0.1767,0.07993,0.02255,0.03456,0.0198,0.04918,0.1893,0.2006,
2.156,0.3509,0.0776,0.07144,0.07416,0.1808,0.07993,0.02287,0.03424,0.0198,0.04918,0.1893,0.2006,
2.158,0.3517,0.08024,0.07123,0.07258,0.1806,0.07881,0.02285,0.0342,0.02313,0.04579,0.1901,0.2004,
2.162,0.362,0.08222,0.07128,0.07272,0.1806,0.07774,0.02402,0.03393,0.02675,0.04126,0.1901,0.1993,
2.162,0.3697,0.08219,0.07113,0.07299,0.1803,0.07777,0.02403,0.03395,0.02677,0.04128,0.1902,0.1994,
2.164,0.364,0.08501,0.07106,0.07322,0.1799,0.07674,0.02404,0.03396,0.02879,0.03928,0.1903,0.1977,
2.163,0.3652,0.085,0.07114,0.07325,0.1796,0.07526,0.02405,0.03438,0.02932,0.03837,0.1903,0.1993,
2.163,0.3625,0.08447,0.0712,0.07331,0.1789,0.07528,0.02406,0.03513,0.02859,0.03838,0.1914,0.1993,
2.162,0.3585,0.08423,0.07087,0.07334,0.1788,0.07524,0.02405,0.03511,0.02858,0.03836,0.1922,0.1992,
2.161,0.3586,0.08423,0.07079,0.07342,0.1788,0.07364,0.02405,0.03511,0.02858,0.03836,0.1922,0.2008,
2.16,0.3608,0.08423,0.07073,0.07349,0.1788,0.07414,0.02354,0.03551,0.02901,0.03752,0.1922,0.2008,
2.159,0.3639,0.08398,0.07097,0.07349,0.1788,0.07254,0.02354,0.03592,0.02958,0.03655,0.1922,0.2024,
2.159,0.3649,0.08392,0.07092,0.0736,0.1788,0.07254,0.02354,0.03592,0.02958,0.03655,0.1922,0.2024,
2.16,0.3723,0.08588,0.07104,0.07357,0.1786,0.07247,0.02352,0.03588,0.02955,0.03652,0.193,0.2,
2.161,0.3714,0.08577,0.07111,0.07372,0.178,0.07253,0.02354,0.03591,0.02957,0.03655,0.1931,0.2001,
2.161,0.3722,0.08553,0.07121,0.07385,0.178,0.07253,0.02354,0.03591,0.02957,0.03655,0.1931,0.2001,
2.16,0.3723,0.08535,0.07137,0.07387,0.178,0.07107,0.02354,0.03591,0.03213,0.03399,0.1931,0.2016,
2.159,0.3551,0.08446,0.07107,0.07382,0.1779,0.07108,0.02355,0.03593,0.03215,0.03401,0.1943,0.2017,
2.16,0.2929,0.08628,0.07103,0.07393,0.1773,0.07167,0.02308,0.03598,0.03219,0.03405,0.1945,0.2,
2.16,0.2941,0.08615,0.0713,0.07399,0.1766,0.07173,0.0231,0.03601,0.03222,0.03408,0.1947,0.2001,
2.16,0.2983,0.08598,0.07124,0.07399,0.1765,0.07166,0.02307,0.03597,0.03219,0.03405,0.1954,0.1999,
2.151,0.2961,0.08592,0.07128,0.07402,0.1765,0.07863,0.01611,0.03665,0.03202,0.03354,0.1954,0.1999,
2.151,0.2921,0.08586,0.07131,0.07404,0.1765,0.07863,0.01611,0.03665,0.03202,0.03354,0.1954,0.1999,
2.151,0.2955,0.08575,0.07129,0.07417,0.1765,0.07863,0.01611,0.03705,0.03212,0.03304,0.1954,0.1999,
2.15,0.3027,0.08575,0.07079,0.07467,0.1765,0.07863,0.01611,0.03705,0.03212,0.03304,0.1954,0.1999,
2.15,0.3099,0.08558,0.07087,0.07476,0.1765,0.07889,0.01618,0.03673,0.03307,0.03209,0.1954,0.1999,
2.151,0.3115,0.08535,0.0712,0.07481,0.1749,0.07894,0.01619,0.03675,0.03308,0.03211,0.1966,0.2001,
2.151,0.3134,0.08539,0.07123,0.07484,0.1746,0.07897,0.01619,0.03716,0.03269,0.03212,0.1966,0.2002,
2.15,0.3386,0.08518,0.07124,0.07481,0.1744,0.07889,0.03786,0.01544,0.03316,0.03158,0.1974,0.2,
2.149,0.3317,0.08513,0.07119,0.07491,0.1744,0.07889,0.03818,0.01512,0.03409,0.03066,0.1974,0.2,
2.149,0.3278,0.08504,0.07124,0.07494,0.1744,0.07915,0.03793,0.01512,0.03409,0.03066,0.1974,0.2,
2.146,0.3262,0.0841,0.071,0.07439,0.1745,0.07706,0.03794,0.01593,0.03422,0.02974,0.1985,0.2027,
2.147,0.3326,0.08394,0.07149,0.07459,0.1747,0.07716,0.03798,0.01595,0.03426,0.02978,0.1987,0.2014,
2.148,0.3331,0.08527,0.07155,0.07472,0.1743,0.07719,0.038,0.01596,0.03427,0.02979,0.1988,0.2001,
2.147,0.3398,0.0851,0.07123,0.07482,0.1742,0.076,0.03797,0.01593,0.03425,0.02977,0.1997,0.2011,
2.14,0.347,0.08352,0.07121,0.07477,0.1754,0.08221,0.03164,0.01666,0.03491,0.02831,0.2005,0.2009,
2.144,0.3591,0.08347,0.07119,0.07484,0.1754,0.08221,0.03164,0.02752,0.02547,0.02688,0.2005,0.2009,
2.144,0.3624,0.08342,0.07109,0.075,0.1754,0.08221,0.03164,0.02752,0.02639,0.02596,0.2005,0.2009,
2.142,0.3705,0.08324,0.07119,0.07507,0.1754,0.08221,0.03164,0.02752,0.03188,0.02047,0.2005,0.2009,
2.141,0.3638,0.08287,0.07114,0.07523,0.1752,0.08081,0.03167,0.0283,0.03115,0.02049,0.2007,0.2025,
2.141,0.3736,0.08366,0.07122,0.07525,0.1752,0.08081,0.03167,0.0283,0.03317,0.01847,0.2007,0.2016,
2.143,0.3702,0.08651,0.07105,0.07527,0.175,0.08073,0.03164,0.02827,0.03314,0.01845,0.2015,0.1985,
2.157,0.3817,0.08639,0.07112,0.07533,0.175,0.08073,0.03164,0.02905,0.03237,0.02464,0.1953,0.1985,
2.156,0.3701,0.08623,0.07102,0.07535,0.1749,0.08065,0.03161,0.02902,0.03234,0.02462,0.196,0.1983,
2.153,0.37,0.08354,0.07078,0.07557,0.1772,0.08151,0.03063,0.02899,0.0323,0.02459,0.1968,0.1981,
2.15,0.3784,0.08354,0.07078,0.07397,0.1772,0.08269,0.02946,0.02899,0.03281,0.02409,0.1968,0.1997,
2.148,0.3781,0.08341,0.07067,0.07213,0.177,0.08261,0.03002,0.02837,0.03277,0.02407,0.1976,0.2013,
2.148,0.3799,0.08341,0.07052,0.07228,0.177,0.08261,0.03002,0.02837,0.03277,0.02407,0.1976,0.2013,
2.148,0.3792,0.08468,0.07046,0.07225,0.1777,0.08303,0.02949,0.02834,0.03274,0.02404,0.1984,0.1988,
2.147,0.3781,0.08459,0.07035,0.07222,0.1775,0.08295,0.02946,0.02831,0.03271,0.02402,0.1992,0.1987,
2.146,0.4086,0.08459,0.07026,0.07231,0.1775,0.08085,0.02946,0.02831,0.03271,0.02402,0.1992,0.2007,
2.144,0.3739,0.08438,0.06974,0.0724,0.1777,0.08168,0.02872,0.02874,0.03317,0.0232,0.1994,0.2009,
2.142,0.3756,0.08343,0.06971,0.07247,0.1783,0.08222,0.02823,0.02875,0.03568,0.02072,0.1995,0.201,
2.141,0.3751,0.08325,0.06965,0.07272,0.1783,0.08086,0.02855,0.02843,0.03568,0.02072,0.1995,0.2024,
2.157,0.386,0.08579,0.06972,0.07264,0.1782,0.08077,0.02956,0.02736,0.03564,0.02763,0.1933,0.1994,
2.157,0.3783,0.08558,0.06958,0.07267,0.1782,0.08081,0.02958,0.02778,0.03526,0.02764,0.1934,0.1995,
2.155,0.3911,0.08278,0.06936,0.07285,0.1805,0.08068,0.02955,0.02774,0.03523,0.02762,0.1943,0.1994,
2.152,0.3776,0.08266,0.06829,0.07166,0.1806,0.08071,0.02958,0.02851,0.03694,0.02521,0.1944,0.2014,
2.151,0.3834,0.08443,0.06803,0.07193,0.1805,0.07854,0.02955,0.02848,0.03691,0.02519,0.1952,0.2013,
2.153,0.4295,0.0875,0.06816,0.07197,0.181,0.07749,0.02955,0.02848,0.03691,0.02519,0.1952,0.1985,
2.151,0.3946,0.08717,0.06733,0.07218,0.1812,0.07646,0.02959,0.02851,0.03695,0.02522,0.1955,0.1999,
2.151,0.351,0.0871,0.06724,0.07236,0.1809,0.0769,0.03002,0.0277,0.03697,0.02523,0.1955,0.2,
2.151,0.3519,0.08706,0.06722,0.07242,0.1809,0.0769,0.03002,0.0281,0.03657,0.02523,0.1955,0.2,
2.149,0.3498,0.08664,0.0672,0.07251,0.1808,0.07488,0.03,0.02847,0.03614,0.02521,0.1964,0.2018,
2.148,0.3505,0.08765,0.06712,0.07255,0.1806,0.07369,0.02997,0.02885,0.0357,0.02519,0.1972,0.2015,
2.146,0.3518,0.08741,0.06704,0.07243,0.1802,0.07191,0.02991,0.02879,0.03563,0.02514,0.1988,0.2027,
2.145,0.3554,0.08731,0.06689,0.07268,0.1802,0.07079,0.02991,0.02919,0.03523,0.02514,0.1988,0.2038,
2.142,0.3583,0.08461,0.06686,0.07265,0.1826,0.07072,0.02988,0.02916,0.0357,0.02461,0.1996,0.2036,
2.157,0.3534,0.08915,0.06662,0.07266,0.1825,0.07068,0.02987,0.02915,0.03568,0.03061,0.1944,0.1987,
2.157,0.3553,0.08902,0.06652,0.07267,0.1823,0.07061,0.03048,0.02921,0.03491,0.03058,0.1952,0.1985,
2.156,0.3611,0.08721,0.0667,0.07282,0.1834,0.07064,0.03049,0.02922,0.03584,0.02968,0.1954,0.1986,
2.156,0.3676,0.08707,0.06673,0.07293,0.1834,0.07064,0.03049,0.02989,0.03517,0.02968,0.1954,0.1986,
2.156,0.3696,0.08615,0.06679,0.07309,0.1841,0.07064,0.03049,0.03083,0.03424,0.02968,0.1954,0.1986,
2.155,0.3663,0.08579,0.0667,0.07309,0.1837,0.07063,0.03102,0.03029,0.03423,0.02967,0.1963,0.1986,
2.153,0.3785,0.08571,0.06675,0.07313,0.1837,0.07063,0.03102,0.04109,0.02343,0.02967,0.1963,0.1986,
2.153,0.37,0.08504,0.06698,0.07323,0.1837,0.07066,0.03104,0.0411,0.02436,0.02876,0.1964,0.1987,
2.149,0.3718,0.08484,0.06697,0.07345,0.1837,0.06739,0.03104,0.0411,0.02436,0.02876,0.1964,0.202,
2.145,0.385,0.08467,0.06714,0.07181,0.1837,0.06467,0.03104,0.0411,0.02436,0.02876,0.1964,0.2063,
2.121,0.4074,0.08438,0.06743,0.07181,0.1837,0.08106,0.01298,0.0411,0.02528,0.02785,0.1964,0.208,
2.124,0.3612,0.08923,0.06747,0.07176,0.1832,0.08085,0.01301,0.04058,0.02526,0.02783,0.1973,0.2035,
2.133,0.3659,0.0935,0.06744,0.07182,0.1824,0.0793,0.03164,0.02267,0.02453,0.02783,0.1982,0.2007,
2.133,0.354,0.0959,0.06776,0.07003,0.1813,0.0794,0.03168,0.0227,0.02506,0.02736,0.1985,0.2003,
2.129,0.3688,0.09582,0.06744,0.06856,0.1809,0.07837,0.03144,0.0224,0.02505,0.02731,0.1994,0.2033,
2.147,0.3534,0.09953,0.06684,0.06845,0.1809,0.07655,0.03144,0.0228,0.02465,0.03719,0.1905,0.2012,
2.147,0.3549,0.09949,0.06666,0.06859,0.1816,0.07662,0.03147,0.02282,0.02467,0.03722,0.1906,0.2002,
2.145,0.3768,0.09846,0.06651,0.06862,0.1824,0.07448,0.03163,0.02248,0.02817,0.03366,0.1914,0.2022,
