entropy,entropyInd,RabA,RabB,RabC,RabD,RabE,RabF,RabG,RabH,RabI,xER,xPM,
2.178,0.3355,0.106,0.0907,0.0685,0.1252,0.05449,0.03938,0.03062,0.03407,0.03502,0.2066,0.2094,
2.178,0.3362,0.1061,0.09078,0.06855,0.1245,0.05453,0.03941,0.03064,0.03409,0.03504,0.2068,0.2096,
2.177,0.3495,0.106,0.09069,0.06848,0.1243,0.05448,0.03937,0.0306,0.03405,0.03501,0.2077,0.2094,
2.176,0.3378,0.1058,0.0905,0.06833,0.1241,0.05436,0.03929,0.03054,0.03398,0.03494,0.2093,0.2089,
2.175,0.3328,0.1057,0.09044,0.06829,0.1236,0.05432,0.03926,0.03052,0.03396,0.03491,0.2102,0.2088,
2.175,0.3341,0.1057,0.09044,0.06829,0.1236,0.05432,0.03926,0.03052,0.03396,0.03491,0.2102,0.2088,
2.175,0.3366,0.105,0.09045,0.06835,0.1237,0.05437,0.0393,0.03055,0.03399,0.03494,0.2104,0.209,
2.182,0.3349,0.1014,0.09045,0.06835,0.1237,0.05395,0.03919,0.03042,0.03399,0.04124,0.2041,0.2133,
2.184,0.3541,0.1035,0.09045,0.06835,0.1237,0.05395,0.03919,0.03042,0.03399,0.04124,0.2041,0.2111,
2.179,0.3388,0.1029,0.09049,0.06838,0.1233,0.05081,0.03908,0.03043,0.034,0.04126,0.2042,0.2152,
2.178,0.3386,0.1027,0.09034,0.06827,0.1227,0.05073,0.03901,0.03038,0.03395,0.04119,0.2059,0.2148,
2.174,0.355,0.1026,0.08987,0.0682,0.1217,0.04947,0.03868,0.03036,0.03392,0.04116,0.2078,0.2162,
2.172,0.3458,0.1037,0.08983,0.06823,0.1215,0.04752,0.03869,0.03037,0.03394,0.04118,0.2079,0.2171,
2.171,0.3353,0.1035,0.08977,0.06818,0.1212,0.04749,0.03867,0.03035,0.03391,0.04115,0.2088,0.217,
2.169,0.3218,0.1033,0.08988,0.06828,0.1198,0.04626,0.03874,0.0304,0.03397,0.04122,0.2093,0.2188,
2.171,0.3309,0.1061,0.08988,0.06828,0.1198,0.04626,0.03874,0.0304,0.03397,0.04122,0.2093,0.216,
2.174,0.3142,0.1114,0.08939,0.06827,0.1195,0.04629,0.03876,0.03042,0.03399,0.04125,0.2105,0.2102,
2.185,0.3077,0.1114,0.08943,0.0683,0.1191,0.04631,0.03878,0.03043,0.03401,0.04855,0.2033,0.2104,
2.185,0.314,0.1103,0.08943,0.0683,0.1191,0.04631,0.03878,0.03043,0.03401,0.04855,0.2033,0.2115,
2.187,0.3151,0.1136,0.08943,0.0683,0.1191,0.04631,0.03878,0.03043,0.03401,0.04855,0.2033,0.2082,
2.187,0.3107,0.1136,0.08943,0.0683,0.1191,0.04631,0.03878,0.03043,0.03401,0.04855,0.2033,0.2082,
2.184,0.3175,0.1135,0.08934,0.06823,0.119,0.04472,0.03874,0.0304,0.03397,0.0485,0.2041,0.2095,
2.183,0.3061,0.1165,0.08925,0.06816,0.1189,0.04336,0.0387,0.03037,0.03394,0.04845,0.2049,0.2075,
2.181,0.3116,0.1163,0.08896,0.06815,0.1184,0.0427,0.0387,0.03037,0.03393,0.04844,0.2059,0.2081,
2.181,0.3111,0.1164,0.08903,0.06821,0.1177,0.04274,0.03873,0.03039,0.03396,0.04848,0.2061,0.2083,
2.181,0.3098,0.115,0.08907,0.06824,0.1173,0.04276,0.03875,0.03041,0.03398,0.0485,0.2062,0.2099,
2.179,0.3179,0.1147,0.08902,0.06827,0.1173,0.04168,0.03876,0.03042,0.03399,0.04852,0.2063,0.211,
2.18,0.3111,0.1157,0.08903,0.0683,0.1174,0.0417,0.03878,0.03043,0.03401,0.04855,0.2063,0.2098,
2.179,0.314,0.1193,0.08903,0.0683,0.1174,0.04016,0.03878,0.03043,0.03401,0.04855,0.2063,0.2077,
2.176,0.3093,0.1187,0.08889,0.06819,0.1172,0.039,0.03872,0.03038,0.03395,0.04847,0.2081,0.2084,
2.176,0.3093,0.1187,0.08889,0.06819,0.1172,0.039,0.03872,0.03038,0.03395,0.04847,0.2081,0.2084,
2.174,0.3222,0.1184,0.08893,0.06818,0.1172,0.03734,0.03874,0.0304,0.03947,0.04298,0.2082,0.2102,
2.178,0.3301,0.1227,0.08893,0.06823,0.1172,0.03734,0.03874,0.03667,0.0348,0.04138,0.2082,0.2058,
2.178,0.3262,0.1227,0.08876,0.06839,0.1172,0.03761,0.03847,0.03667,0.0348,0.04138,0.2082,0.2058,
2.176,0.3309,0.1224,0.0888,0.06711,0.1172,0.03761,0.03847,0.03667,0.03579,0.04039,0.2082,0.2073,
2.177,0.3337,0.1221,0.08899,0.06722,0.1172,0.03761,0.03847,0.03667,0.03664,0.03954,0.2082,0.2073,
2.177,0.3405,0.122,0.08894,0.06739,0.1172,0.03761,0.03899,0.03614,0.03918,0.037,0.2082,0.2073,
2.176,0.3415,0.1219,0.08905,0.06677,0.1172,0.03761,0.03899,0.03614,0.04033,0.03585,0.2082,0.208,
2.175,0.3492,0.1168,0.0887,0.06679,0.1218,0.03754,0.03891,0.03607,0.04025,0.03578,0.2098,0.2076,
2.175,0.3481,0.1161,0.08844,0.06711,0.1219,0.03757,0.03895,0.0361,0.04028,0.03581,0.21,0.2077,
2.183,0.3407,0.1159,0.08834,0.06721,0.1214,0.03755,0.03892,0.03608,0.04026,0.04088,0.2058,0.2076,
2.183,0.339,0.1155,0.08791,0.06745,0.1202,0.03765,0.03903,0.03671,0.04072,0.04012,0.2064,0.2083,
2.182,0.3407,0.1153,0.08812,0.06756,0.1198,0.037,0.03905,0.03672,0.04074,0.04014,0.2065,0.209,
2.182,0.3479,0.1153,0.08821,0.06764,0.1194,0.03702,0.03906,0.03673,0.04161,0.0393,0.2066,0.2091,
2.18,0.3415,0.1153,0.08781,0.06779,0.1191,0.03595,0.03963,0.03624,0.04165,0.03933,0.2068,0.2104,
2.177,0.3519,0.1144,0.08759,0.06797,0.1213,0.03391,0.0397,0.0363,0.04172,0.0394,0.2072,0.2105,
2.177,0.337,0.1141,0.08715,0.06816,0.121,0.03396,0.03975,0.03635,0.04231,0.03892,0.2074,0.2108,
2.175,0.3417,0.1135,0.08712,0.06679,0.121,0.03394,0.03973,0.03633,0.04425,0.03693,0.2084,0.2121,
2.157,0.3726,0.116,0.08675,0.06696,0.1203,0.06036,0.03641,0.01231,0.04433,0.037,0.2087,0.2109,
2.158,0.3407,0.1158,0.08698,0.06703,0.1199,0.06039,0.03642,0.01274,0.0448,0.03613,0.2088,0.211,
2.158,0.3443,0.1157,0.08705,0.06712,0.1195,0.06041,0.03644,0.01275,0.04482,0.03615,0.2089,0.2111,
2.157,0.3543,0.1153,0.08704,0.06702,0.1193,0.06029,0.03636,0.01272,0.04473,0.03607,0.2106,0.2106,
2.156,0.363,0.1148,0.08765,0.06713,0.1185,0.06034,0.03639,0.01273,0.04826,0.03261,0.2107,0.2108,
2.155,0.4283,0.1139,0.08773,0.06704,0.1183,0.06024,0.03633,0.01271,0.04818,0.03256,0.2125,0.2105,
2.155,0.3867,0.1127,0.08859,0.06723,0.118,0.06029,0.03636,0.01272,0.04822,0.03259,0.2127,0.2107,
2.153,0.3747,0.1116,0.08889,0.06535,0.1181,0.06035,0.0364,0.01274,0.04827,0.03262,0.2129,0.2128,
2.151,0.3861,0.1108,0.08841,0.06544,0.1186,0.06031,0.03637,0.01273,0.04929,0.03154,0.2138,0.2127,
2.15,0.3828,0.1101,0.08839,0.06561,0.1192,0.06031,0.0369,0.0122,0.05053,0.0303,0.2138,0.2127,
2.149,0.3844,0.1098,0.08807,0.0656,0.1189,0.06018,0.03682,0.01217,0.05095,0.02971,0.2155,0.2122,
2.148,0.3823,0.1095,0.08808,0.06563,0.1188,0.06012,0.03679,0.01216,0.0509,0.02968,0.2163,0.212,
2.148,0.3782,0.1093,0.08805,0.06585,0.1188,0.06012,0.03679,0.01216,0.0509,0.02968,0.2163,0.212,
2.148,0.3778,0.1091,0.08803,0.06575,0.1188,0.06014,0.0368,0.01216,0.05092,0.02969,0.2164,0.2121,
2.148,0.3901,0.1066,0.08804,0.06576,0.121,0.06017,0.03682,0.01217,0.05094,0.0297,0.2165,0.2122,
2.148,0.3864,0.1062,0.08783,0.0658,0.1211,0.06022,0.03685,0.01218,0.05099,0.02973,0.2167,0.2124,
2.148,0.3861,0.1056,0.08832,0.06589,0.1211,0.06022,0.03685,0.01218,0.05099,0.02973,0.2167,0.2124,
2.157,0.3989,0.1053,0.08781,0.06619,0.1205,0.06011,0.03679,0.02484,0.04006,0.02783,0.2185,0.212,
2.155,0.3864,0.105,0.08786,0.0662,0.1204,0.05895,0.03675,0.02481,0.04101,0.0268,0.2194,0.2129,
2.152,0.3936,0.1045,0.0881,0.06617,0.1203,0.05889,0.03671,0.02478,0.04559,0.02215,0.2202,0.2127,
2.15,0.3896,0.1043,0.08793,0.06633,0.1198,0.05774,0.03668,0.02476,0.04555,0.02214,0.2212,0.2136,
2.161,0.401,0.1071,0.08779,0.06652,0.1215,0.08215,0.01227,0.02623,0.04408,0.03983,0.2035,0.2091,
2.16,0.4299,0.1067,0.08825,0.06659,0.1211,0.08065,0.01227,0.02624,0.0441,0.03984,0.2036,0.2107,
2.159,0.4194,0.1066,0.08821,0.06671,0.1211,0.07956,0.0128,0.02641,0.04569,0.03756,0.2036,0.2118,
2.155,0.3659,0.1059,0.08782,0.06667,0.1205,0.07632,0.01277,0.02703,0.04491,0.03748,0.2062,0.2144,
2.155,0.4049,0.1056,0.08805,0.0668,0.1205,0.07632,0.01277,0.02756,0.0453,0.03656,0.2062,0.2144,
2.157,0.3685,0.1083,0.08805,0.06678,0.1205,0.07631,0.01277,0.02755,0.04582,0.03603,0.2072,0.2107,
2.153,0.3684,0.1082,0.08804,0.06682,0.1203,0.07319,0.01277,0.02757,0.04584,0.03605,0.2073,0.2139,
2.153,0.3781,0.1031,0.08817,0.06716,0.1247,0.07322,0.01278,0.02758,0.04586,0.03606,0.2074,0.214,
2.154,0.3742,0.1049,0.08827,0.06737,0.1247,0.07322,0.01278,0.02758,0.04586,0.03606,0.2074,0.2119,
2.153,0.3784,0.1022,0.08843,0.06745,0.1257,0.07327,0.01279,0.0276,0.04712,0.03486,0.2086,0.2121,
2.155,0.3877,0.1044,0.08822,0.06766,0.1254,0.07337,0.01281,0.02763,0.04771,0.03438,0.2088,0.2096,
2.156,0.3985,0.1045,0.08818,0.06796,0.1274,0.07233,0.01334,0.02755,0.04821,0.03353,0.209,0.208,
2.156,0.38,0.1037,0.08806,0.06804,0.128,0.07237,0.01335,0.02799,0.04834,0.03302,0.2091,0.2081,
2.154,0.3864,0.1014,0.088,0.0682,0.1299,0.07282,0.01293,0.028,0.04836,0.03303,0.2092,0.2081,
2.158,0.3871,0.1013,0.08802,0.0682,0.1288,0.07284,0.01294,0.028,0.04837,0.03509,0.2083,0.2082,
2.158,0.352,0.1013,0.08803,0.06829,0.1284,0.07287,0.01347,0.02748,0.04839,0.0351,0.2083,0.2083,
2.156,0.3487,0.1011,0.08791,0.06826,0.1285,0.07339,0.01295,0.0275,0.05075,0.03278,0.2084,0.2084,
2.154,0.3627,0.103,0.08828,0.06647,0.1285,0.07185,0.01295,0.02829,0.05092,0.03181,0.2084,0.2094,
2.157,0.3669,0.1028,0.08791,0.06656,0.1286,0.07183,0.01296,0.04094,0.03834,0.03184,0.2086,0.2096,
2.154,0.3772,0.09889,0.08769,0.06661,0.1322,0.07021,0.01295,0.0409,0.0383,0.0318,0.2094,0.211,
2.152,0.375,0.0987,0.08727,0.06688,0.1319,0.06907,0.01294,0.04087,0.03828,0.03178,0.2104,0.2119,
2.152,0.3775,0.09851,0.08733,0.06701,0.1319,0.06907,0.01294,0.04087,0.03828,0.03178,0.2104,0.2119,
2.151,0.3766,0.0979,0.08714,0.06694,0.1317,0.06896,0.01292,0.04081,0.03821,0.03173,0.2121,0.2116,
2.15,0.3835,0.09768,0.08697,0.06707,0.1316,0.06888,0.0129,0.04118,0.03898,0.03047,0.213,0.2113,
2.156,0.3923,0.09881,0.08676,0.06733,0.1316,0.06891,0.01291,0.0412,0.039,0.03283,0.2107,0.2099,
2.175,0.374,0.103,0.08668,0.06716,0.1311,0.06887,0.0129,0.04117,0.03897,0.0425,0.2019,0.2057,
2.173,0.4038,0.102,0.08677,0.06718,0.1309,0.06876,0.01288,0.04111,0.03891,0.04244,0.2036,0.2054,
2.172,0.3765,0.1004,0.0869,0.06725,0.1321,0.06769,0.01289,0.04113,0.03893,0.04245,0.2037,0.2066,
2.17,0.3831,0.09825,0.08671,0.06729,0.132,0.06568,0.03876,0.01522,0.03891,0.04243,0.2046,0.2101,
2.172,0.385,0.1001,0.08667,0.06736,0.132,0.06568,0.03876,0.01522,0.03943,0.0419,0.2046,0.2082,
2.17,0.3954,0.1,0.08657,0.06738,0.1315,0.06508,0.03821,0.01564,0.03899,0.04188,0.2055,0.2092,
2.172,0.3984,0.1027,0.08687,0.06746,0.1315,0.06508,0.03821,0.01564,0.04,0.04087,0.2055,0.2062,
2.171,0.3764,0.1025,0.08649,0.06769,0.1311,0.06494,0.03738,0.01565,0.04004,0.04092,0.2058,0.2075,
2.169,0.3794,0.1024,0.08667,0.06772,0.1307,0.06299,0.03739,0.01618,0.03953,0.04094,0.2059,0.2096,
2.169,0.378,0.1025,0.08662,0.06791,0.1299,0.06304,0.03743,0.0162,0.04058,0.03997,0.2061,0.2098,
2.171,0.3892,0.1056,0.08654,0.06799,0.13,0.06307,0.03744,0.0162,0.04059,0.03999,0.2062,0.2064,
2.172,0.3966,0.1051,0.08649,0.06806,0.1294,0.06318,0.03751,0.01694,0.04084,0.03918,0.2065,0.2067,
2.172,0.3896,0.1049,0.08607,0.0681,0.1295,0.06324,0.03754,0.01695,0.04088,0.03921,0.2067,0.2069,
2.17,0.3875,0.1045,0.08582,0.06814,0.1295,0.0632,0.03828,0.01618,0.04085,0.03919,0.2076,0.2068,
2.174,0.4011,0.1044,0.08589,0.06842,0.1284,0.06324,0.03833,0.03702,0.02096,0.03836,0.2079,0.2071,
2.175,0.402,0.1045,0.08595,0.06846,0.1277,0.06327,0.03836,0.03804,0.0218,0.03658,0.2081,0.2072,
2.173,0.4092,0.1038,0.08596,0.0688,0.1278,0.0622,0.03838,0.03806,0.02181,0.0366,0.2082,0.2084,
2.171,0.4123,0.1035,0.0862,0.06689,0.1278,0.0622,0.03838,0.03806,0.02181,0.0366,0.2082,0.2105,
2.172,0.4179,0.1032,0.08644,0.06712,0.127,0.06225,0.03841,0.03809,0.02371,0.03475,0.2083,0.2106,
2.171,0.4151,0.1029,0.0862,0.06716,0.1267,0.06212,0.03833,0.03801,0.02467,0.03366,0.21,0.2102,
2.167,0.4162,0.1023,0.08604,0.06732,0.1273,0.05859,0.03833,0.03801,0.02467,0.03366,0.21,0.2137,
2.168,0.417,0.107,0.08577,0.06561,0.1273,0.05859,0.03867,0.03768,0.02467,0.03366,0.21,0.211,
2.167,0.4265,0.1056,0.0855,0.06561,0.1282,0.05847,0.03893,0.03726,0.02462,0.03359,0.2117,0.2106,
2.167,0.4227,0.1048,0.08593,0.06591,0.1282,0.05847,0.03926,0.03812,0.02439,0.03263,0.2117,0.2106,
2.167,0.4223,0.1046,0.08594,0.06602,0.1275,0.05855,0.03931,0.03817,0.02442,0.03267,0.2119,0.2109,
2.166,0.426,0.1041,0.08602,0.06615,0.1274,0.05849,0.03991,0.03749,0.0244,0.03263,0.2128,0.2106,
2.175,0.4426,0.1043,0.08614,0.06635,0.1293,0.05849,0.03991,0.03749,0.0244,0.03692,0.2085,0.2082,
2.175,0.425,0.1029,0.08624,0.06658,0.1293,0.05859,0.04053,0.03701,0.02444,0.03699,0.2088,0.2086,
2.175,0.4288,0.1028,0.08625,0.06665,0.1293,0.05859,0.04108,0.03645,0.02444,0.03699,0.2088,0.2086,
2.175,0.4265,0.1028,0.0862,0.06676,0.129,0.05914,0.04057,0.03647,0.02445,0.037,0.2089,0.2087,
2.174,0.436,0.1027,0.08646,0.06696,0.1279,0.05921,0.04062,0.03838,0.0226,0.03705,0.2092,0.209,
2.174,0.4459,0.1015,0.08622,0.06724,0.1286,0.05849,0.04057,0.03876,0.02762,0.03154,0.21,0.2094,
2.173,0.4658,0.1013,0.08595,0.06708,0.1287,0.05788,0.04061,0.0388,0.02764,0.03157,0.2102,0.2102,
2.171,0.4347,0.1007,0.08615,0.06693,0.1286,0.05667,0.04058,0.03877,0.02763,0.03155,0.2111,0.2113,
2.17,0.4391,0.1003,0.08598,0.06687,0.1285,0.05664,0.04056,0.03875,0.02761,0.03153,0.2121,0.2112,
2.189,0.4301,0.1028,0.08606,0.06687,0.1285,0.05664,0.04056,0.03875,0.02976,0.03869,0.2028,0.2086,
2.188,0.435,0.1025,0.08602,0.06717,0.1285,0.05554,0.04056,0.03875,0.03117,0.03728,0.2028,0.2097,
2.188,0.4399,0.1025,0.08598,0.0673,0.1282,0.05554,0.04058,0.03877,0.03557,0.03292,0.2028,0.2098,
2.188,0.4276,0.1024,0.08612,0.06733,0.1278,0.05557,0.04059,0.03949,0.03558,0.03223,0.2029,0.2099,
2.188,0.436,0.1023,0.08595,0.06771,0.1274,0.05559,0.04061,0.0395,0.0356,0.03224,0.203,0.21,
2.178,0.445,0.1021,0.08587,0.06772,0.1273,0.05553,0.05893,0.0211,0.0368,0.03097,0.2038,0.2098,
2.172,0.4166,0.101,0.08577,0.06796,0.128,0.07579,0.03926,0.02058,0.03681,0.03099,0.2039,0.2099,
2.172,0.4174,0.101,0.08569,0.06814,0.1277,0.07581,0.03927,0.02059,0.03683,0.031,0.204,0.21,
2.172,0.3998,0.1006,0.08512,0.06846,0.1278,0.07641,0.03878,0.02142,0.03604,0.03103,0.2042,0.2102,
2.172,0.3946,0.1005,0.08509,0.0686,0.1278,0.07641,0.0392,0.021,0.03667,0.03039,0.2042,0.2102,
2.172,0.3977,0.1006,0.08506,0.06864,0.132,0.07479,0.03916,0.02098,0.03664,0.03036,0.205,0.2068,
2.169,0.4034,0.1002,0.08472,0.0688,0.1319,0.07321,0.03876,0.02161,0.03583,0.03034,0.2059,0.2087,
2.167,0.4043,0.09991,0.08484,0.06714,0.1319,0.07321,0.03876,0.02242,0.03502,0.03034,0.2059,0.2105,
2.161,0.4129,0.09961,0.08433,0.06722,0.1313,0.06865,0.03905,0.02287,0.03505,0.02942,0.2077,0.2147,
2.163,0.3992,0.1019,0.08447,0.0673,0.1313,0.06892,0.03935,0.0223,0.03505,0.02942,0.2077,0.2122,
2.163,0.4033,0.1017,0.08462,0.06739,0.1313,0.06892,0.03935,0.0223,0.03505,0.02942,0.2077,0.2122,
2.162,0.4015,0.1015,0.08455,0.06741,0.1312,0.06884,0.03931,0.02228,0.03501,0.02939,0.2086,0.212,
2.162,0.4164,0.1005,0.08451,0.06752,0.1321,0.06884,0.03931,0.02228,0.03651,0.0279,0.2086,0.212,
2.16,0.4149,0.103,0.08437,0.06692,0.132,0.06677,0.03926,0.02226,0.03647,0.02787,0.2094,0.2118,
2.16,0.411,0.1029,0.0844,0.06716,0.1313,0.06682,0.03964,0.02194,0.0365,0.02789,0.2096,0.2119,
2.162,0.4076,0.1072,0.08427,0.06729,0.131,0.06579,0.03969,0.02197,0.03654,0.02793,0.2098,0.2084,
2.162,0.4064,0.1072,0.08424,0.06742,0.131,0.06579,0.04025,0.0214,0.03654,0.02793,0.2098,0.2084,
2.16,0.4439,0.1027,0.08407,0.06745,0.1353,0.06582,0.04027,0.02141,0.03772,0.02677,0.2099,0.2085,
2.159,0.3958,0.1019,0.08393,0.06749,0.1353,0.06631,0.03975,0.02141,0.03771,0.02677,0.2109,0.2085,
2.158,0.3993,0.1013,0.08411,0.06758,0.1343,0.06622,0.0397,0.02138,0.03766,0.02674,0.2128,0.2082,
2.158,0.4073,0.1009,0.08449,0.06775,0.1339,0.06625,0.03971,0.02138,0.03883,0.02558,0.2129,0.2083,
2.157,0.4019,0.09928,0.08487,0.0679,0.1336,0.06639,0.04039,0.02084,0.0398,0.02476,0.2134,0.2088,
2.157,0.4095,0.09889,0.08486,0.06812,0.1333,0.06644,0.04043,0.02085,0.03983,0.02478,0.2135,0.209,
2.156,0.4375,0.09878,0.08496,0.06824,0.1329,0.06493,0.04045,0.02157,0.03914,0.02479,0.2136,0.2106,
2.153,0.3864,0.09733,0.08523,0.06833,0.1332,0.06347,0.0405,0.0216,0.04078,0.02323,0.2139,0.2124,
2.151,0.3812,0.09704,0.08523,0.06835,0.133,0.0634,0.04111,0.02093,0.04165,0.02229,0.2148,0.2122,
2.151,0.383,0.09645,0.08544,0.0684,0.1331,0.06343,0.04112,0.02094,0.04167,0.0223,0.2149,0.2123,
2.149,0.3837,0.09555,0.08521,0.06833,0.1329,0.06224,0.04107,0.02091,0.04162,0.02227,0.2167,0.2131,
2.172,0.3802,0.09723,0.08486,0.06839,0.1329,0.0622,0.04105,0.0209,0.04276,0.03243,0.2063,0.211,
2.173,0.3677,0.09729,0.08477,0.06856,0.1322,0.06226,0.04108,0.02162,0.04209,0.03246,0.2065,0.2112,
2.171,0.3785,0.09772,0.08486,0.06711,0.1328,0.06231,0.04174,0.02102,0.04398,0.03063,0.2067,0.2111,
2.171,0.4319,0.09692,0.08456,0.06742,0.1338,0.06221,0.0423,0.02135,0.04292,0.03058,0.2084,0.2095,
2.17,0.3864,0.09649,0.08376,0.06709,0.1339,0.06252,0.04205,0.0219,0.04339,0.02963,0.2096,0.2097,
2.168,0.3885,0.09643,0.08387,0.06726,0.1331,0.06083,0.04209,0.02245,0.04289,0.02965,0.2098,0.2116,
2.172,0.3889,0.1013,0.0838,0.06741,0.1331,0.06083,0.04209,0.02245,0.04289,0.02965,0.2098,0.2067,
2.171,0.3969,0.1007,0.08352,0.06734,0.1331,0.06082,0.04208,0.02244,0.04289,0.02965,0.2108,0.2066,
2.17,0.388,0.1003,0.08372,0.06737,0.1326,0.06078,0.04206,0.02243,0.04286,0.02963,0.2117,0.2065,
2.184,0.3835,0.1003,0.08389,0.06761,0.1308,0.06145,0.04162,0.02248,0.04296,0.03691,0.205,0.207,
2.183,0.3808,0.1003,0.08381,0.06764,0.1303,0.06141,0.0416,0.02247,0.04293,0.03689,0.2059,0.2069,
2.182,0.3986,0.1,0.08344,0.06798,0.1301,0.06135,0.04244,0.02156,0.04497,0.03477,0.2067,0.2066,
2.181,0.3965,0.09862,0.08338,0.06807,0.1315,0.06162,0.04217,0.02156,0.04497,0.03477,0.2067,0.2066,
2.182,0.3902,0.09862,0.08338,0.06807,0.1315,0.06162,0.04217,0.02244,0.04408,0.03477,0.2067,0.2066,
2.178,0.4098,0.09854,0.08335,0.06818,0.1315,0.05895,0.04174,0.02244,0.04408,0.03477,0.2067,0.2097,
2.158,0.3764,0.09835,0.08354,0.06827,0.13,0.08043,0.01921,0.0432,0.02337,0.03479,0.2079,0.211,
2.156,0.3687,0.09801,0.08361,0.06832,0.1286,0.07926,0.01976,0.04259,0.02335,0.03477,0.2098,0.2119,
2.155,0.3741,0.0978,0.08369,0.06856,0.1282,0.07796,0.01977,0.04261,0.02336,0.03478,0.2099,0.2134,
2.154,0.3745,0.09736,0.08381,0.06872,0.1277,0.07791,0.01976,0.04309,0.02283,0.03476,0.2108,0.2132,
2.154,0.384,0.09607,0.08401,0.06889,0.1283,0.07529,0.02489,0.03798,0.02284,0.03477,0.2109,0.216,
2.154,0.3809,0.09615,0.08376,0.06928,0.1276,0.07536,0.02491,0.03801,0.02286,0.0348,0.2111,0.2162,
2.155,0.3878,0.0961,0.08357,0.06952,0.127,0.07543,0.02494,0.03805,0.02341,0.0343,0.2113,0.2164,
2.153,0.3954,0.09401,0.08366,0.06971,0.1288,0.07388,0.0255,0.03748,0.02341,0.0343,0.2113,0.2179,
2.152,0.4137,0.09374,0.08375,0.06963,0.1287,0.0738,0.02548,0.03744,0.02339,0.03427,0.2121,0.2177,
2.15,0.3997,0.0934,0.08329,0.06952,0.1283,0.07371,0.02544,0.03819,0.02257,0.03423,0.214,0.2174,
2.16,0.4003,0.09375,0.08352,0.06969,0.1298,0.07172,0.02544,0.03819,0.02349,0.03922,0.2081,0.2171,
2.161,0.4118,0.09312,0.08361,0.0699,0.1299,0.07175,0.02546,0.0382,0.02442,0.03832,0.2082,0.2172,
2.161,0.4056,0.09256,0.08353,0.06995,0.1298,0.07171,0.02544,0.03818,0.02557,0.03713,0.2091,0.2171,
2.159,0.3947,0.09209,0.08355,0.07006,0.1298,0.07019,0.02545,0.0382,0.02558,0.03714,0.2092,0.2187,
2.164,0.3916,0.1006,0.0834,0.07014,0.1303,0.06901,0.02542,0.03816,0.02555,0.03711,0.21,0.2104,
2.164,0.3827,0.1005,0.08351,0.07014,0.1303,0.06901,0.02542,0.03816,0.02555,0.03711,0.21,0.2104,
2.164,0.371,0.1005,0.0836,0.07035,0.1291,0.0691,0.02546,0.03821,0.02559,0.03715,0.2103,0.2107,
2.162,0.3874,0.09947,0.08381,0.07041,0.1296,0.06905,0.02445,0.03822,0.0256,0.03717,0.2104,0.2119,
2.162,0.4142,0.09838,0.08349,0.07035,0.1305,0.069,0.02486,0.03778,0.03358,0.02911,0.2113,0.2117,
2.161,0.3634,0.09782,0.08338,0.07042,0.1304,0.06896,0.02484,0.03775,0.03356,0.02909,0.2122,0.2116,
2.161,0.3653,0.09764,0.08325,0.07045,0.1302,0.06889,0.02482,0.03771,0.03352,0.02906,0.213,0.2114,
2.176,0.3585,0.1032,0.08316,0.07061,0.1302,0.06778,0.02524,0.03817,0.03264,0.03539,0.2067,0.2068,
2.175,0.3746,0.1028,0.0834,0.07081,0.1302,0.06866,0.02436,0.03888,0.03193,0.03539,0.2067,0.2068,
2.162,0.3639,0.1013,0.08343,0.07071,0.1306,0.07693,0.0158,0.03921,0.03138,0.03528,0.2092,0.2062,
2.162,0.3559,0.1008,0.08339,0.07088,0.1307,0.07697,0.0158,0.03923,0.03139,0.0353,0.2093,0.2063,
2.16,0.3409,0.09966,0.08337,0.07086,0.1305,0.07688,0.01579,0.03918,0.03135,0.03526,0.2111,0.206,
2.164,0.3312,0.0997,0.08312,0.07119,0.1301,0.07581,0.0162,0.0388,0.03245,0.0368,0.2086,0.2072,
2.162,0.338,0.09934,0.08326,0.07125,0.1296,0.07422,0.01619,0.03877,0.03243,0.03678,0.2095,0.2086,
2.161,0.3384,0.0988,0.08377,0.07128,0.1296,0.07493,0.01548,0.03955,0.03165,0.03678,0.2095,0.2086,
2.161,0.3404,0.09852,0.08403,0.0713,0.1296,0.07493,0.01548,0.03997,0.03123,0.03678,0.2095,0.2086,
2.157,0.3554,0.09847,0.0836,0.07178,0.1296,0.07245,0.01486,0.03997,0.03176,0.03625,0.2095,0.2117,
2.16,0.3478,0.1018,0.08381,0.07174,0.1292,0.07091,0.01235,0.03986,0.03163,0.04222,0.2043,0.2122,
2.16,0.3389,0.1016,0.08388,0.07172,0.1287,0.07087,0.01234,0.03984,0.03285,0.04097,0.2052,0.2121,
2.159,0.3424,0.1015,0.08349,0.07196,0.1286,0.07132,0.01245,0.03915,0.03281,0.04093,0.206,0.2118,
2.16,0.3456,0.1011,0.08367,0.07207,0.1283,0.07135,0.01245,0.03917,0.03283,0.04095,0.2061,0.2119,
2.158,0.3616,0.09489,0.08343,0.07208,0.1342,0.07131,0.01244,0.03915,0.0377,0.03603,0.207,0.2118,
2.165,0.3631,0.09749,0.08331,0.07224,0.1343,0.07137,0.01882,0.03281,0.03871,0.03508,0.2072,0.2087,
2.165,0.358,0.09582,0.08387,0.07243,0.1349,0.0714,0.01883,0.03282,0.03872,0.0351,0.2073,0.2088,
2.165,0.3571,0.09575,0.08399,0.0725,0.1343,0.07147,0.01885,0.03285,0.03999,0.0339,0.2075,0.209,
2.162,0.3593,0.09563,0.08388,0.07273,0.1343,0.06824,0.01885,0.03285,0.03999,0.0339,0.2075,0.2122,
2.162,0.3581,0.1005,0.08365,0.07284,0.1341,0.06686,0.0183,0.03282,0.03995,0.03386,0.2083,0.2088,
2.16,0.3646,0.1005,0.08345,0.07305,0.1341,0.06578,0.0183,0.03282,0.04158,0.03223,0.2083,0.2099,
2.16,0.3549,0.1042,0.0834,0.07302,0.134,0.06371,0.01828,0.03278,0.04154,0.03219,0.2091,0.2077,
2.16,0.3648,0.1042,0.08319,0.07322,0.134,0.06371,0.01828,0.03278,0.04206,0.03167,0.2091,0.2077,
2.16,0.3503,0.1039,0.08332,0.07331,0.1333,0.06379,0.0183,0.03359,0.04134,0.03171,0.2094,0.208,
2.161,0.3279,0.1038,0.08349,0.07373,0.1315,0.06393,0.01833,0.03365,0.04142,0.03177,0.2099,0.2085,
2.161,0.3282,0.1037,0.08358,0.07384,0.1311,0.06396,0.01834,0.03367,0.04144,0.03179,0.2099,0.2086,
2.161,0.3362,0.1035,0.08384,0.07396,0.1308,0.06398,0.01835,0.03368,0.04145,0.0318,0.21,0.2086,
2.161,0.3495,0.1036,0.08396,0.07414,0.1293,0.0641,0.01838,0.03374,0.04153,0.03186,0.2104,0.209,
2.158,0.3518,0.1036,0.08385,0.07247,0.1285,0.06504,0.01751,0.03377,0.04156,0.03188,0.2106,0.2112,
2.158,0.3542,0.1035,0.08378,0.07262,0.1285,0.06504,0.01751,0.03377,0.04156,0.03188,0.2106,0.2112,
2.158,0.3493,0.1035,0.08359,0.07285,0.1285,0.06504,0.01813,0.03315,0.04245,0.031,0.2106,0.2112,
2.158,0.3535,0.1032,0.0834,0.07307,0.1284,0.06497,0.01811,0.03402,0.04237,0.03009,0.2114,0.211,
2.156,0.3818,0.1031,0.08327,0.07332,0.1284,0.06497,0.03684,0.01529,0.04237,0.03009,0.2114,0.211,
2.16,0.3853,0.1062,0.08325,0.07346,0.1284,0.06497,0.03684,0.01529,0.04237,0.03137,0.2101,0.2078,
2.163,0.3667,0.106,0.08347,0.07355,0.128,0.065,0.0372,0.01801,0.03934,0.03138,0.2102,0.2079,
2.163,0.3726,0.1058,0.08356,0.07365,0.128,0.065,0.0372,0.01801,0.03987,0.03085,0.2102,0.2079,
2.161,0.3741,0.1046,0.08337,0.07379,0.1288,0.06383,0.03716,0.01799,0.03983,0.03082,0.2111,0.2088,
2.155,0.3781,0.1042,0.08341,0.07382,0.1287,0.05957,0.03712,0.01797,0.04137,0.0292,0.2119,0.2127,
2.174,0.3672,0.1058,0.08354,0.07399,0.1283,0.0596,0.03714,0.01798,0.04139,0.0391,0.2021,0.2111,
2.171,0.3698,0.1058,0.0835,0.07415,0.1279,0.05764,0.03715,0.01799,0.04141,0.03912,0.2022,0.2131,
2.145,0.3833,0.1088,0.08337,0.07416,0.1278,0.07977,0.01289,0.01797,0.04242,0.03801,0.204,0.2108,
2.144,0.3382,0.1084,0.0832,0.07414,0.1275,0.0796,0.01349,0.01731,0.04321,0.03706,0.2056,0.2104,
2.143,0.318,0.1081,0.08296,0.07416,0.1273,0.07944,0.01346,0.01728,0.04312,0.03698,0.2072,0.21,
2.146,0.3158,0.1128,0.08288,0.07424,0.1273,0.07944,0.01416,0.01657,0.04312,0.03698,0.2072,0.2053,
2.141,0.3247,0.1122,0.083,0.07288,0.127,0.07774,0.01413,0.01654,0.04766,0.03227,0.2089,0.2077,
2.141,0.3324,0.1117,0.08309,0.07294,0.1271,0.07778,0.01413,0.01654,0.04769,0.03229,0.209,0.2078,
2.138,0.3367,0.1116,0.08311,0.07305,0.1271,0.07619,0.01413,0.01654,0.05022,0.02975,0.209,0.2094,
2.138,0.3393,0.1107,0.08326,0.07318,0.1272,0.07626,0.01414,0.01656,0.05115,0.0289,0.2092,0.2096,
2.137,0.34,0.1099,0.08313,0.0733,0.1268,0.07628,0.01415,0.01656,0.05116,0.0289,0.2103,0.2096,
2.146,0.3329,0.1114,0.08342,0.07337,0.1274,0.07521,0.01415,0.01657,0.05118,0.03332,0.206,0.208,
2.144,0.3394,0.1114,0.08315,0.07364,0.1274,0.07313,0.01415,0.01657,0.05206,0.03244,0.206,0.2101,
2.138,0.3483,0.1063,0.08354,0.07371,0.1317,0.06885,0.01414,0.01655,0.05201,0.03241,0.2068,0.214,
2.137,0.3456,0.1026,0.08359,0.07383,0.1352,0.06885,0.01414,0.01655,0.05201,0.03241,0.2068,0.214,
2.148,0.3527,0.1041,0.08327,0.0741,0.1349,0.06886,0.01415,0.0339,0.03517,0.03191,0.207,0.2127,
2.146,0.345,0.1038,0.08335,0.07408,0.1344,0.06772,0.01414,0.03387,0.03655,0.03048,0.2079,0.2137,
2.145,0.3533,0.1028,0.08342,0.07405,0.1351,0.06765,0.01412,0.03425,0.03609,0.03045,0.2087,0.2134,
2.148,0.3682,0.1065,0.08333,0.07421,0.1351,0.06765,0.01412,0.03425,0.03662,0.02993,0.2087,0.2097,
2.147,0.3272,0.1095,0.08333,0.07332,0.1351,0.06655,0.01412,0.03552,0.03536,0.02993,0.2087,0.2086,
2.146,0.3309,0.111,0.08305,0.07358,0.1349,0.06467,0.01414,0.03556,0.03672,0.02865,0.209,0.2088,
2.146,0.3426,0.1108,0.08276,0.07367,0.1348,0.06499,0.01388,0.03559,0.03675,0.02867,0.2091,0.2089,
2.146,0.3391,0.1138,0.08268,0.07385,0.1348,0.06392,0.01389,0.03603,0.03634,0.02868,0.2092,0.2068,
2.147,0.341,0.1138,0.08275,0.07406,0.1337,0.064,0.0139,0.03678,0.03568,0.02872,0.2095,0.207,
2.162,0.3375,0.1136,0.08262,0.07421,0.1332,0.06396,0.01389,0.03675,0.03566,0.03711,0.202,0.2069,
2.161,0.3387,0.1117,0.08265,0.07418,0.1347,0.0639,0.01388,0.03714,0.0352,0.03707,0.2028,0.2067,
2.158,0.3416,0.1099,0.08261,0.07429,0.1361,0.06186,0.01386,0.0378,0.03447,0.03704,0.2036,0.2085,
2.156,0.3437,0.105,0.08258,0.07436,0.1397,0.06188,0.01387,0.03781,0.03649,0.03503,0.2047,0.2085,
2.156,0.3503,0.1047,0.08256,0.07443,0.1395,0.06193,0.01388,0.03784,0.03779,0.03379,0.2049,0.2087,
2.156,0.3518,0.1037,0.08272,0.07464,0.1391,0.06203,0.01389,0.0379,0.03785,0.03384,0.2053,0.2091,
2.156,0.3531,0.1032,0.08251,0.07496,0.1385,0.06213,0.01391,0.03884,0.03703,0.0339,0.2056,0.2095,
2.155,0.3657,0.1029,0.08199,0.07492,0.1382,0.06203,0.01389,0.03878,0.0375,0.03331,0.2073,0.2091,
2.153,0.3674,0.1028,0.08176,0.07505,0.1377,0.06089,0.01388,0.03929,0.03695,0.03329,0.2083,0.2101,
2.152,0.3725,0.1028,0.08171,0.07515,0.1377,0.06089,0.01388,0.04034,0.03951,0.02968,0.2083,0.2101,
2.153,0.3859,0.1035,0.08169,0.07536,0.1377,0.06089,0.01459,0.03964,0.041,0.02819,0.2083,0.2092,
2.152,0.3578,0.1033,0.08152,0.07543,0.1376,0.06083,0.01457,0.0396,0.04096,0.02816,0.2091,0.209,
2.17,0.3536,0.1031,0.08149,0.07539,0.1374,0.06077,0.01456,0.03955,0.04091,0.0381,0.1999,0.2087,
2.162,0.3467,0.103,0.08148,0.07551,0.1371,0.06408,0.01017,0.0401,0.0404,0.03812,0.2,0.2099,
2.161,0.3497,0.1044,0.08151,0.07561,0.1371,0.06298,0.01017,0.04094,0.04053,0.03715,0.2,0.2095,
2.16,0.3438,0.104,0.08135,0.07549,0.1364,0.06282,0.01015,0.04083,0.04042,0.03706,0.2025,0.209,
2.16,0.3482,0.1084,0.08132,0.0756,0.1364,0.06063,0.01015,0.04083,0.04042,0.03706,0.2025,0.2067,
2.16,0.3656,0.1056,0.08171,0.07574,0.138,0.0606,0.01067,0.04029,0.0404,0.03703,0.2034,0.2066,
2.162,0.385,0.1033,0.08204,0.07423,0.1387,0.05842,0.03424,0.01812,0.03901,0.03704,0.2045,0.2103,
2.165,0.3739,0.1034,0.08204,0.07438,0.1376,0.05841,0.03464,0.03478,0.02298,0.03623,0.2048,0.2107,
2.164,0.3716,0.1032,0.08186,0.07447,0.1365,0.05834,0.0346,0.03474,0.02295,0.03619,0.2067,0.2105,
2.164,0.3491,0.1031,0.08203,0.07471,0.1352,0.05839,0.03465,0.03585,0.02246,0.03572,0.207,0.2108,
2.162,0.3566,0.1018,0.08228,0.07475,0.1353,0.05679,0.03465,0.03585,0.02466,0.03351,0.208,0.2124,
2.161,0.3597,0.09902,0.0821,0.07493,0.1381,0.05679,0.03465,0.03585,0.02466,0.03351,0.208,0.2124,
2.16,0.3561,0.0987,0.08216,0.07492,0.138,0.05715,0.03419,0.03581,0.02464,0.03347,0.2088,0.2122,
2.161,0.3592,0.09852,0.08215,0.07496,0.1374,0.05712,0.03417,0.03579,0.02707,0.031,0.2098,0.212,
2.161,0.3614,0.09847,0.08213,0.07503,0.1374,0.05712,0.03417,0.03579,0.02847,0.0296,0.2098,0.212,
2.16,0.3601,0.09753,0.0822,0.07517,0.1382,0.05712,0.03417,0.03579,0.02847,0.0296,0.2098,0.212,
2.175,0.357,0.09884,0.08196,0.07515,0.1379,0.057,0.0341,0.03571,0.02842,0.0375,0.2035,0.21,
2.178,0.3494,0.1025,0.08218,0.07535,0.1372,0.05756,0.03365,0.03575,0.02845,0.03755,0.2047,0.2051,
2.175,0.3511,0.1025,0.08211,0.07551,0.1369,0.05561,0.034,0.03543,0.02846,0.03756,0.2048,0.2072,
2.175,0.3554,0.1024,0.08204,0.07562,0.136,0.0556,0.03399,0.03543,0.02846,0.03756,0.2058,0.2072,
2.175,0.3582,0.1023,0.08209,0.07562,0.136,0.0556,0.03399,0.03641,0.0287,0.03633,0.2058,0.2072,
2.173,0.3642,0.1021,0.08193,0.07573,0.1358,0.05405,0.03396,0.03679,0.02979,0.03475,0.2066,0.2084,
2.172,0.3741,0.1015,0.08215,0.07583,0.1357,0.05399,0.03392,0.03675,0.03134,0.03314,0.2074,0.2082,
2.171,0.3756,0.101,0.08206,0.07587,0.1354,0.05388,0.03385,0.03667,0.03127,0.03308,0.2091,0.2078,
2.17,0.3778,0.09857,0.08203,0.07597,0.1378,0.05388,0.03385,0.03667,0.03127,0.03308,0.2091,0.2078,
2.17,0.383,0.09836,0.08218,0.07604,0.1378,0.05388,0.03441,0.03688,0.0305,0.03308,0.2091,0.2078,
2.178,0.3846,0.09818,0.08206,0.07606,0.1377,0.05382,0.03437,0.03684,0.03099,0.03719,0.2052,0.2076,
2.176,0.3796,0.09753,0.0821,0.07603,0.1378,0.05387,0.0344,0.04264,0.02526,0.03722,0.2054,0.2078,
2.176,0.3686,0.09638,0.08236,0.07617,0.1378,0.05393,0.03445,0.04321,0.02477,0.03727,0.2057,0.208,
2.176,0.3696,0.09625,0.0824,0.07637,0.1374,0.05395,0.03446,0.04323,0.02478,0.03729,0.2057,0.2081,
2.176,0.3751,0.09605,0.08232,0.07644,0.1375,0.05393,0.03514,0.04255,0.02475,0.0373,0.2058,0.2082,
2.154,0.368,0.09602,0.08222,0.07658,0.1375,0.07569,0.01394,0.04241,0.0253,0.03634,0.2058,0.2082,
2.155,0.3317,0.0956,0.08254,0.07666,0.1375,0.07569,0.01394,0.04241,0.0253,0.03634,0.2058,0.2082,
2.154,0.3305,0.09518,0.08235,0.07678,0.1374,0.07565,0.01427,0.04205,0.02528,0.03623,0.2067,0.2081,
2.153,0.3353,0.09493,0.08252,0.07694,0.137,0.0762,0.01375,0.04207,0.02529,0.03624,0.2068,0.2082,
2.154,0.3339,0.09455,0.083,0.07701,0.1363,0.07627,0.01377,0.04211,0.02531,0.03627,0.207,0.2084,
2.154,0.3383,0.09419,0.0831,0.0771,0.1357,0.07637,0.01378,0.04216,0.02535,0.03632,0.2073,0.2086,
2.153,0.3398,0.09325,0.08316,0.07716,0.1361,0.07629,0.01377,0.04212,0.02628,0.03532,0.2081,0.2084,
2.153,0.3527,0.09316,0.08305,0.0772,0.1356,0.07624,0.01376,0.04209,0.02626,0.0353,0.209,0.2083,
2.148,0.3462,0.09156,0.0831,0.07718,0.1365,0.07361,0.01378,0.04192,0.02583,0.03528,0.2099,0.2113,
2.146,0.3467,0.09139,0.08299,0.0772,0.1364,0.07228,0.01392,0.04146,0.0258,0.03524,0.2108,0.2126,
2.165,0.3444,0.09361,0.083,0.07722,0.1362,0.07234,0.01393,0.0415,0.02582,0.04588,0.2003,0.2102,
2.165,0.3409,0.09349,0.08289,0.0772,0.136,0.07227,0.01392,0.04146,0.02736,0.04427,0.2011,0.21,
2.167,0.3388,0.09611,0.08282,0.07749,0.136,0.07227,0.01392,0.04215,0.02667,0.04427,0.2011,0.2071,
2.167,0.3507,0.09588,0.08287,0.07741,0.1359,0.07219,0.0139,0.04253,0.02695,0.04349,0.2019,0.2069,
2.166,0.3485,0.0954,0.08269,0.07731,0.1353,0.07211,0.01445,0.04192,0.02692,0.04344,0.2037,0.2067,
2.165,0.3435,0.0953,0.08294,0.07759,0.1339,0.07065,0.01447,0.04241,0.02655,0.04352,0.2041,0.2086,
2.165,0.3524,0.09527,0.08288,0.0778,0.1335,0.07068,0.01448,0.04243,0.02752,0.04258,0.2042,0.2087,
2.167,0.3487,0.0974,0.08287,0.07809,0.1331,0.07071,0.01448,0.04245,0.02753,0.04259,0.2043,0.2065,
2.167,0.3508,0.09701,0.08298,0.0781,0.133,0.07064,0.01447,0.04241,0.0275,0.04255,0.2051,0.2063,
2.166,0.3549,0.09662,0.0829,0.07825,0.133,0.07112,0.01403,0.04242,0.02752,0.04257,0.2052,0.2064,
2.167,0.3451,0.0966,0.08299,0.07838,0.1323,0.07117,0.01488,0.04162,0.02901,0.04114,0.2053,0.2066,
2.167,0.347,0.09655,0.08303,0.0785,0.1319,0.0712,0.01488,0.04206,0.02912,0.04063,0.2054,0.2067,
2.163,0.3535,0.09659,0.08293,0.07888,0.1308,0.06971,0.0149,0.04864,0.0243,0.03903,0.2057,0.2085,
2.166,0.3612,0.1005,0.0832,0.07891,0.1308,0.06796,0.01576,0.0483,0.02508,0.03771,0.2057,0.206,
2.163,0.359,0.09961,0.08301,0.07898,0.1307,0.06912,0.01462,0.04873,0.02466,0.03771,0.2068,0.2061,
2.164,0.3606,0.09955,0.08275,0.07914,0.1306,0.06915,0.0155,0.04787,0.02466,0.03772,0.2069,0.2062,
2.163,0.3543,0.0983,0.08257,0.07915,0.1318,0.06918,0.0155,0.04789,0.02467,0.03774,0.207,0.2063,
2.158,0.3582,0.09825,0.0824,0.07936,0.1318,0.07251,0.01218,0.04842,0.02414,0.03774,0.207,0.2063,
2.156,0.3667,0.09769,0.08236,0.07791,0.1323,0.07251,0.01218,0.04842,0.02414,0.03774,0.207,0.2078,
2.156,0.3695,0.09749,0.08235,0.07797,0.1318,0.07291,0.01172,0.04839,0.03168,0.03017,0.2079,0.2076,
2.156,0.3783,0.09701,0.08244,0.07822,0.1306,0.07307,0.01175,0.04849,0.03376,0.02822,0.2083,0.2081,
2.155,0.3798,0.09519,0.08254,0.07831,0.1317,0.07314,0.01176,0.04853,0.03379,0.02824,0.2085,0.2083,
2.155,0.3722,0.09488,0.08244,0.0784,0.1318,0.07317,0.01177,0.04933,0.034,0.02729,0.2086,0.2084,
2.155,0.3787,0.09482,0.0824,0.07849,0.1318,0.07317,0.01261,0.04849,0.03666,0.02463,0.2086,0.2084,
2.154,0.372,0.09453,0.08222,0.07864,0.1318,0.07161,0.01295,0.04817,0.03668,0.02464,0.2087,0.21,
2.154,0.3762,0.094,0.08237,0.07869,0.1319,0.07164,0.01296,0.04872,0.03617,0.02465,0.2088,0.2101,
2.151,0.3805,0.09302,0.08234,0.07871,0.1326,0.07051,0.01269,0.04874,0.03618,0.02466,0.2089,0.2117,
2.15,0.39,0.09694,0.08237,0.07881,0.1326,0.07051,0.01359,0.05768,0.02749,0.02352,0.2089,0.2076,
2.15,0.4041,0.09694,0.08227,0.0789,0.1326,0.07051,0.01359,0.05768,0.02749,0.02352,0.2089,0.2076,
2.15,0.3938,0.09679,0.08184,0.07916,0.1327,0.07082,0.01333,0.0577,0.0275,0.02353,0.209,0.2077,
2.148,0.3812,0.09637,0.08178,0.0793,0.1327,0.06981,0.01327,0.05765,0.02793,0.02288,0.2091,0.2092,
2.168,0.354,0.09154,0.08155,0.07955,0.1357,0.07023,0.01281,0.05762,0.02792,0.03461,0.1993,0.2092,
2.168,0.3599,0.09127,0.0819,0.07958,0.1353,0.07026,0.01281,0.05764,0.03074,0.03181,0.1994,0.2092,
2.167,0.3642,0.09117,0.08205,0.07964,0.1349,0.07097,0.01214,0.0582,0.03023,0.03182,0.1995,0.2093,
2.165,0.3714,0.08605,0.08218,0.0797,0.1393,0.07103,0.01249,0.05791,0.03025,0.03185,0.1997,0.2095,
2.164,0.366,0.08592,0.08193,0.0797,0.1387,0.07092,0.01247,0.05782,0.03021,0.0318,0.2014,0.2092,
2.162,0.3735,0.08589,0.08189,0.07977,0.1387,0.07004,0.01225,0.05824,0.02978,0.0318,0.2014,0.2103,
2.163,0.38,0.08795,0.08119,0.07999,0.1386,0.07,0.01224,0.05821,0.02977,0.03178,0.2023,0.208,
2.159,0.38,0.08357,0.08132,0.07955,0.1424,0.06959,0.01191,0.05815,0.0302,0.03114,0.2024,0.2099,
2.158,0.3805,0.08346,0.08123,0.0796,0.1418,0.06955,0.0119,0.05812,0.03019,0.03112,0.2033,0.2097,
2.158,0.3799,0.08322,0.08117,0.0798,0.1417,0.06958,0.01191,0.05814,0.0302,0.03113,0.2033,0.2098,
2.156,0.4003,0.08179,0.08092,0.07971,0.1424,0.06947,0.01189,0.05805,0.03068,0.03056,0.2051,0.2095,
2.155,0.3655,0.0813,0.0795,0.07979,0.1423,0.06945,0.01189,0.05803,0.03067,0.03055,0.207,0.2094,
2.154,0.3614,0.08068,0.0793,0.08012,0.1426,0.06948,0.01189,0.05806,0.03068,0.03056,0.2071,0.2095,
2.154,0.3695,0.07965,0.07915,0.08035,0.1426,0.06947,0.01242,0.05752,0.03068,0.03056,0.2081,0.2095,
2.154,0.3674,0.07931,0.07944,0.0804,0.1426,0.06947,0.01242,0.05752,0.03068,0.03056,0.2081,0.2095,
2.152,0.36,0.079,0.07967,0.08047,0.1426,0.06902,0.0123,0.05738,0.0305,0.03034,0.2081,0.2106,
2.151,0.358,0.07875,0.0795,0.0804,0.1423,0.06932,0.01236,0.05674,0.03044,0.03028,0.2098,0.2101,
2.148,0.3457,0.07763,0.07958,0.08036,0.143,0.06748,0.01234,0.05745,0.02964,0.03024,0.2106,0.2117,
2.157,0.3575,0.0823,0.07943,0.08043,0.1425,0.06567,0.01286,0.05688,0.02961,0.03375,0.208,0.2086,
2.156,0.3344,0.08205,0.0792,0.08063,0.1425,0.06622,0.01234,0.0569,0.03056,0.03282,0.2081,0.2087,
2.154,0.336,0.08171,0.07921,0.08071,0.1426,0.06438,0.01234,0.05691,0.03108,0.03231,0.2082,0.2106,
2.151,0.3418,0.08107,0.07921,0.08011,0.1431,0.06317,0.01234,0.05691,0.03108,0.03231,0.2082,0.2125,
2.171,0.3323,0.08694,0.07903,0.08012,0.1424,0.06307,0.01294,0.05621,0.03216,0.03904,0.202,0.2061,
2.168,0.335,0.08694,0.07895,0.0802,0.1424,0.06457,0.01144,0.05621,0.03216,0.03904,0.202,0.2061,
2.168,0.3372,0.08686,0.07896,0.08027,0.1424,0.06457,0.01144,0.05621,0.03216,0.03904,0.202,0.2061,
2.165,0.3227,0.08656,0.07923,0.0803,0.1424,0.06272,0.01144,0.05788,0.03048,0.03904,0.202,0.2079,
2.163,0.3312,0.08565,0.07936,0.08035,0.1425,0.06153,0.01144,0.05785,0.03143,0.03805,0.2029,0.209,
2.163,0.3305,0.0857,0.07905,0.08065,0.1419,0.06158,0.01145,0.0579,0.03145,0.03809,0.203,0.2092,
2.168,0.3283,0.09157,0.07916,0.08065,0.1418,0.06179,0.01169,0.05732,0.03142,0.03805,0.2039,0.2027,
2.168,0.3345,0.09026,0.07915,0.08074,0.143,0.06179,0.01203,0.05698,0.03142,0.03805,0.2039,0.2027,
2.168,0.33,0.09018,0.07918,0.08079,0.143,0.06206,0.01176,0.05698,0.03142,0.03805,0.2039,0.2027,
2.166,0.3323,0.08988,0.07948,0.08079,0.143,0.06029,0.01176,0.05698,0.03237,0.0371,0.2039,0.2045,
2.166,0.3413,0.0898,0.07951,0.08084,0.143,0.06029,0.01176,0.0574,0.03195,0.0371,0.2039,0.2045,
2.165,0.3346,0.08959,0.07944,0.081,0.1424,0.06086,0.01125,0.05748,0.03199,0.03715,0.2041,0.2048,
2.164,0.3556,0.089,0.0794,0.08103,0.143,0.06086,0.01125,0.05867,0.03281,0.03514,0.2041,0.2048,
2.151,0.3545,0.08783,0.07941,0.08122,0.1431,0.06094,0.0116,0.07343,0.01879,0.03423,0.2044,0.205,
2.151,0.3508,0.08666,0.07942,0.08137,0.1439,0.06096,0.01161,0.07346,0.01974,0.03331,0.2045,0.2051,
2.149,0.3489,0.08584,0.07925,0.08126,0.1435,0.0608,0.01157,0.07326,0.01969,0.03322,0.207,0.2046,
2.149,0.3571,0.08584,0.07913,0.08138,0.1435,0.0608,0.01157,0.07326,0.02074,0.03217,0.207,0.2046,
2.146,0.3475,0.08576,0.07905,0.08011,0.1435,0.05904,0.01157,0.07326,0.02074,0.03217,0.207,0.2078,
2.143,0.3341,0.08772,0.07917,0.07873,0.1428,0.05828,0.01086,0.07336,0.02076,0.03221,0.2073,0.2089,
2.14,0.3424,0.08729,0.07956,0.07868,0.142,0.05754,0.01069,0.07314,0.0205,0.03188,0.2083,0.2105,
2.16,0.315,0.09237,0.07938,0.07871,0.1413,0.05718,0.01061,0.07293,0.02036,0.04188,0.1999,0.2054,
2.159,0.3145,0.09216,0.07927,0.07858,0.1407,0.05709,0.01059,0.07282,0.02033,0.04181,0.2015,0.2051,
2.157,0.316,0.0921,0.07929,0.07862,0.1407,0.056,0.01059,0.07282,0.02033,0.04181,0.2015,0.2062,
2.16,0.3174,0.09164,0.07932,0.07872,0.1408,0.05603,0.01173,0.07172,0.02088,0.04129,0.2016,0.2063,
2.157,0.32,0.09121,0.07886,0.07761,0.14,0.05588,0.0117,0.07153,0.02169,0.04031,0.2041,0.2071,
2.157,0.3531,0.0897,0.07879,0.07766,0.1409,0.05585,0.0117,0.07149,0.02263,0.03934,0.205,0.2069,
2.18,0.3404,0.08943,0.07881,0.07797,0.1406,0.05584,0.0474,0.03582,0.02366,0.03834,0.2051,0.207,
2.181,0.3013,0.08907,0.07889,0.07822,0.1396,0.05594,0.04747,0.03588,0.02369,0.03839,0.2055,0.2074,
2.181,0.2929,0.08876,0.07922,0.07831,0.1392,0.05596,0.04749,0.0359,0.0237,0.0384,0.2056,0.2075,
2.181,0.2967,0.08859,0.07919,0.07851,0.1392,0.05638,0.04707,0.0359,0.0237,0.0384,0.2056,0.2075,
2.181,0.3054,0.0884,0.07927,0.07863,0.1392,0.05638,0.04759,0.03537,0.02492,0.03718,0.2056,0.2075,
2.18,0.3105,0.08789,0.07922,0.07886,0.1393,0.05693,0.04709,0.03637,0.02395,0.0372,0.2057,0.2076,
2.18,0.3221,0.08765,0.07899,0.07907,0.1391,0.05687,0.04704,0.03633,0.02393,0.03716,0.2065,0.2074,
2.179,0.3262,0.08723,0.07915,0.07907,0.139,0.05681,0.04699,0.03629,0.0239,0.03712,0.2073,0.2071,
2.178,0.3282,0.08526,0.07922,0.07911,0.1409,0.05681,0.0476,0.03644,0.02314,0.03712,0.2073,0.2071,
2.177,0.33,0.08401,0.07929,0.07924,0.1419,0.05708,0.04734,0.03694,0.02264,0.03712,0.2073,0.2071,
2.177,0.3393,0.08382,0.07944,0.07928,0.1419,0.05708,0.04734,0.03694,0.02264,0.03712,0.2073,0.2071,
2.175,0.3358,0.08267,0.07947,0.07928,0.1424,0.0565,0.04718,0.03767,0.02187,0.0371,0.2082,0.2077,
2.187,0.3331,0.08465,0.07935,0.07928,0.1436,0.05644,0.04715,0.03765,0.02186,0.04373,0.2024,0.2038,
2.185,0.3425,0.08457,0.07935,0.07668,0.1436,0.05644,0.04767,0.03713,0.02186,0.04373,0.2024,0.2065,
2.185,0.344,0.08451,0.0793,0.07679,0.1436,0.05644,0.04767,0.03713,0.02186,0.04373,0.2024,0.2065,
2.185,0.3435,0.08443,0.07893,0.07691,0.1437,0.05696,0.0472,0.03714,0.02187,0.04375,0.2025,0.2066,
2.185,0.3284,0.08407,0.07918,0.07702,0.1437,0.05696,0.0472,0.03714,0.02187,0.04375,0.2025,0.2066,
2.159,0.3169,0.08374,0.07918,0.07711,0.1435,0.0865,0.01755,0.03752,0.02143,0.0437,0.2033,0.2064,
2.157,0.2945,0.08298,0.07886,0.07712,0.1432,0.08628,0.01751,0.03742,0.02138,0.04359,0.2059,0.2058,
2.156,0.3002,0.08249,0.07858,0.07708,0.1429,0.08613,0.01748,0.03736,0.02134,0.04352,0.2076,0.2055,
2.149,0.3003,0.08218,0.07867,0.07704,0.1428,0.08716,0.01686,0.04327,0.01486,0.04347,0.2084,0.2053,
2.147,0.303,0.08204,0.07862,0.07724,0.1428,0.08468,0.01686,0.04327,0.01486,0.04347,0.2084,0.2078,
2.146,0.3131,0.08165,0.079,0.07557,0.1422,0.08471,0.01798,0.0422,0.01487,0.04351,0.2086,0.2097,
2.149,0.3197,0.08155,0.07883,0.07567,0.1417,0.08465,0.01797,0.04299,0.01927,0.03826,0.2095,0.2096,
2.149,0.3274,0.08151,0.07879,0.07574,0.1417,0.08465,0.01797,0.04299,0.01927,0.03826,0.2095,0.2096,
2.167,0.3151,0.0849,0.07895,0.07582,0.1417,0.08465,0.04462,0.01633,0.01927,0.04812,0.1996,0.206,
2.164,0.3178,0.08487,0.07889,0.07441,0.1417,0.08259,0.04462,0.01633,0.01979,0.04761,0.1996,0.2095,
2.169,0.3148,0.09111,0.07867,0.07463,0.1417,0.08259,0.04462,0.01675,0.01938,0.04761,0.1996,0.2033,
2.169,0.3238,0.09078,0.07876,0.07486,0.1417,0.08301,0.04421,0.01675,0.02015,0.04683,0.1996,0.2033,
2.169,0.3216,0.09078,0.0785,0.07513,0.1417,0.08193,0.04421,0.01675,0.02067,0.04631,0.1996,0.2044,
2.167,0.3297,0.08981,0.0783,0.07523,0.1424,0.08185,0.04537,0.01552,0.02065,0.04627,0.2004,0.2042,
2.167,0.3213,0.08923,0.07829,0.07527,0.143,0.08185,0.04537,0.01552,0.02065,0.04627,0.2004,0.2042,
2.166,0.3274,0.08914,0.07797,0.07543,0.1428,0.08176,0.04533,0.01551,0.02063,0.04622,0.2012,0.204,
2.167,0.3218,0.08901,0.07806,0.07548,0.1428,0.08176,0.04533,0.01551,0.02149,0.04536,0.2012,0.204,
2.166,0.3291,0.08893,0.07758,0.0755,0.1427,0.08168,0.04582,0.01572,0.02074,0.04533,0.2021,0.2038,
2.164,0.3147,0.08878,0.07769,0.07553,0.1427,0.08102,0.04541,0.01572,0.02074,0.04533,0.2021,0.2049,
2.163,0.3179,0.0887,0.07769,0.07561,0.1427,0.07994,0.04541,0.01572,0.02074,0.04533,0.2021,0.206,
2.162,0.3172,0.08681,0.07777,0.07558,0.1442,0.07986,0.04536,0.01571,0.02072,0.04529,0.2029,0.2058,
2.162,0.3286,0.08681,0.07755,0.07579,0.1442,0.07986,0.04536,0.01571,0.02123,0.04477,0.2029,0.2058,
2.164,0.3131,0.0843,0.07744,0.07588,0.1462,0.07993,0.0454,0.01571,0.0264,0.03964,0.2031,0.206,
2.163,0.3167,0.08427,0.07726,0.07608,0.1462,0.07993,0.04633,0.01478,0.0264,0.03964,0.2031,0.206,
2.161,0.3184,0.0839,0.07735,0.07598,0.1456,0.0783,0.04625,0.01476,0.02636,0.03957,0.2048,0.2071,
2.179,0.3128,0.08785,0.07725,0.07605,0.1454,0.07822,0.04672,0.01497,0.02643,0.04882,0.1955,0.2028,
2.178,0.3162,0.08772,0.0771,0.07609,0.1453,0.07675,0.04667,0.01496,0.02795,0.04722,0.1963,0.204,
2.178,0.3239,0.08725,0.07706,0.07604,0.1452,0.0767,0.04665,0.01495,0.02794,0.0472,0.1971,0.2039,
2.179,0.3155,0.08719,0.07688,0.07611,0.1453,0.07713,0.04612,0.01911,0.02464,0.04637,0.1972,0.204,
2.18,0.3375,0.08708,0.07631,0.07625,0.1451,0.07718,0.04617,0.01914,0.02614,0.04497,0.1975,0.2042,
2.182,0.311,0.08699,0.07616,0.07637,0.1445,0.07723,0.04675,0.01864,0.03095,0.04024,0.1977,0.2045,
2.181,0.309,0.087,0.07584,0.07688,0.1437,0.07782,0.04678,0.01814,0.03097,0.04026,0.1979,0.2047,
2.179,0.3084,0.08663,0.07567,0.0767,0.1433,0.07759,0.04664,0.01808,0.03088,0.04014,0.2003,0.204,
2.179,0.3107,0.08496,0.07606,0.07669,0.1444,0.07762,0.04666,0.0185,0.03048,0.04016,0.2004,0.2041,
2.179,0.3151,0.08484,0.07603,0.07683,0.1441,0.07765,0.0472,0.018,0.03101,0.03966,0.2005,0.2042,
2.178,0.3278,0.08475,0.07588,0.07686,0.1436,0.07761,0.04717,0.01799,0.03099,0.03964,0.2014,0.2041,
2.18,0.3191,0.087,0.07591,0.07695,0.1446,0.07657,0.04719,0.01799,0.031,0.03966,0.2014,0.2017,
2.18,0.3188,0.08676,0.07595,0.07716,0.1446,0.07657,0.04752,0.01859,0.03059,0.03914,0.2014,0.2017,
2.177,0.3302,0.08668,0.0759,0.07737,0.1442,0.08228,0.04186,0.0186,0.0306,0.03915,0.2015,0.2018,
2.148,0.307,0.08612,0.07622,0.07746,0.1437,0.1061,0.01858,0.01794,0.03058,0.03913,0.2024,0.2017,
2.147,0.2913,0.08594,0.07635,0.07751,0.1437,0.1073,0.01739,0.01873,0.03306,0.03586,0.2024,0.2017,
2.147,0.2749,0.0857,0.07617,0.07769,0.1436,0.1072,0.01737,0.01871,0.03303,0.03583,0.2032,0.2015,
2.147,0.2763,0.08565,0.07611,0.0779,0.1432,0.1073,0.01738,0.01872,0.03304,0.03584,0.2033,0.2016,
2.145,0.2776,0.08559,0.07607,0.078,0.1432,0.1067,0.01686,0.01872,0.03304,0.03584,0.2033,0.2026,
2.145,0.2877,0.08537,0.07608,0.07797,0.1431,0.1066,0.01743,0.01885,0.03227,0.03581,0.2041,0.2024,
2.151,0.2931,0.0849,0.07574,0.07817,0.1425,0.1053,0.01739,0.01882,0.03351,0.03909,0.2013,0.2033,
2.151,0.2867,0.0848,0.07557,0.0783,0.142,0.1053,0.01738,0.01983,0.03247,0.03907,0.2022,0.2031,
2.151,0.3004,0.08465,0.07566,0.07837,0.142,0.1053,0.01738,0.01983,0.03247,0.03907,0.2022,0.2031,
2.149,0.2967,0.08413,0.07555,0.07698,0.1425,0.1053,0.01797,0.01924,0.03247,0.03907,0.2022,0.2046,
2.148,0.2984,0.08413,0.07546,0.07707,0.1425,0.1031,0.01797,0.01924,0.03247,0.03907,0.2022,0.2068,
2.149,0.3014,0.08558,0.07563,0.07707,0.1424,0.1018,0.01796,0.01923,0.03478,0.03671,0.2031,0.2058,
2.147,0.2974,0.08547,0.0755,0.07709,0.1423,0.1006,0.01896,0.01819,0.03603,0.03539,0.2039,0.2066,
2.149,0.2912,0.08792,0.0753,0.07701,0.1418,0.1006,0.01896,0.01819,0.03602,0.03538,0.2049,0.2039,
2.148,0.2923,0.08757,0.07531,0.0772,0.1413,0.1009,0.01853,0.01818,0.036,0.03536,0.2058,0.2038,
2.147,0.304,0.08721,0.07538,0.07724,0.1412,0.1008,0.02192,0.01475,0.03647,0.03481,0.2066,0.2036,
2.156,0.3095,0.0867,0.0752,0.07736,0.1411,0.1008,0.0219,0.01474,0.03645,0.04075,0.2015,0.2035,
2.154,0.308,0.08594,0.07479,0.0774,0.1409,0.1007,0.02188,0.01473,0.04268,0.03443,0.2033,0.2032,
2.154,0.3259,0.08543,0.07488,0.0775,0.141,0.101,0.02163,0.01473,0.0427,0.03444,0.2034,0.2033,
2.153,0.2897,0.08481,0.07495,0.07772,0.1411,0.101,0.02164,0.01474,0.04334,0.03384,0.2035,0.2034,
2.153,0.3088,0.08475,0.07498,0.07775,0.1411,0.09909,0.02164,0.01549,0.04258,0.03384,0.2035,0.2053,
2.149,0.2959,0.08469,0.07504,0.07775,0.1411,0.1003,0.02494,0.0114,0.04218,0.03384,0.2035,0.2053,
2.153,0.2932,0.08891,0.07501,0.07789,0.1411,0.1003,0.02494,0.0114,0.04307,0.03295,0.2035,0.201,
2.152,0.2973,0.08855,0.07536,0.07789,0.1411,0.0973,0.02494,0.01232,0.04287,0.03223,0.2035,0.204,
2.154,0.2975,0.09156,0.07533,0.07799,0.1411,0.0973,0.02494,0.01232,0.04377,0.03133,0.2035,0.2009,
2.153,0.3019,0.09112,0.07538,0.07799,0.1404,0.09715,0.0249,0.0123,0.0437,0.03128,0.2052,0.2006,
2.155,0.304,0.09082,0.07558,0.07809,0.1404,0.09776,0.02429,0.0123,0.0437,0.03281,0.2037,0.2006,
2.153,0.3037,0.0907,0.0755,0.07829,0.1404,0.09575,0.02417,0.0123,0.0437,0.03281,0.2037,0.2027,
2.168,0.2901,0.09318,0.07516,0.07839,0.1404,0.09465,0.02416,0.0123,0.04461,0.04057,0.196,0.2006,
2.166,0.3009,0.08798,0.07527,0.07847,0.1454,0.09465,0.02416,0.0123,0.04461,0.04057,0.196,0.2006,
2.165,0.309,0.08784,0.07505,0.07861,0.1452,0.09405,0.02401,0.01228,0.04456,0.04053,0.1968,0.2011,
2.164,0.2921,0.087,0.07513,0.07872,0.1454,0.0946,0.02388,0.01197,0.04545,0.03971,0.1969,0.2012,
2.165,0.2921,0.08623,0.07497,0.07883,0.1453,0.09452,0.02388,0.01316,0.04425,0.03971,0.1979,0.2012,
2.164,0.2968,0.08525,0.07503,0.07894,0.1459,0.09456,0.02389,0.01316,0.04427,0.03972,0.198,0.2013,
2.161,0.2982,0.08181,0.07509,0.07908,0.1487,0.0934,0.02387,0.01315,0.04423,0.03968,0.1988,0.2022,
2.157,0.2986,0.0817,0.0749,0.07915,0.1486,0.09002,0.02378,0.01305,0.04408,0.03952,0.1996,0.2056,
2.157,0.302,0.08152,0.0749,0.07933,0.1486,0.09002,0.02473,0.0121,0.04408,0.03952,0.1996,0.2056,
2.156,0.3059,0.08191,0.07533,0.07945,0.1483,0.09105,0.02376,0.01211,0.0441,0.03953,0.1996,0.2049,
2.154,0.3084,0.07886,0.07542,0.07949,0.1512,0.09105,0.02376,0.01211,0.04552,0.03811,0.1996,0.2049,
2.157,0.3152,0.0808,0.07626,0.07961,0.1505,0.09112,0.02378,0.01212,0.04555,0.03815,0.1998,0.2023,
2.157,0.3347,0.0807,0.07616,0.0797,0.1497,0.09111,0.02377,0.01212,0.04555,0.03814,0.2008,0.2022,
2.159,0.2942,0.08495,0.0764,0.07992,0.1498,0.08912,0.02378,0.01212,0.04785,0.03587,0.2009,0.1993,
2.158,0.3183,0.08499,0.07623,0.08016,0.1494,0.08989,0.02306,0.01213,0.04787,0.03589,0.201,0.1994,
2.157,0.2907,0.08377,0.07596,0.08037,0.1501,0.08984,0.02305,0.01212,0.04835,0.03536,0.2018,0.1993,
2.156,0.2993,0.08348,0.07581,0.08032,0.1498,0.08966,0.023,0.0121,0.04826,0.03529,0.2035,0.1989,
2.155,0.2813,0.08334,0.07586,0.08042,0.1498,0.08966,0.02409,0.011,0.04877,0.03478,0.2035,0.1989,
2.161,0.2823,0.08334,0.07581,0.08047,0.1498,0.08966,0.02409,0.01141,0.0497,0.03709,0.1998,0.1989,
2.142,0.2629,0.08318,0.07587,0.08057,0.1498,0.1011,0.0127,0.01141,0.0497,0.03709,0.1998,0.1989,
2.14,0.2629,0.08304,0.07585,0.08072,0.1498,0.09904,0.01321,0.01141,0.05401,0.03227,0.1998,0.2009,
2.139,0.2473,0.08301,0.07582,0.08088,0.1494,0.09949,0.0128,0.01141,0.05404,0.03228,0.1999,0.201,
2.153,0.2695,0.08298,0.07548,0.0811,0.1491,0.0995,0.01281,0.03887,0.02663,0.03231,0.2001,0.2012,
2.152,0.2731,0.08257,0.07569,0.08106,0.149,0.0994,0.0128,0.03883,0.02745,0.03143,0.2009,0.2009,
2.15,0.2862,0.08258,0.07567,0.08117,0.1486,0.09922,0.01195,0.03958,0.02724,0.03093,0.2009,0.2021,
2.149,0.2782,0.08245,0.07578,0.08119,0.1486,0.09816,0.01195,0.04043,0.0269,0.03042,0.2009,0.2032,
2.148,0.2777,0.08205,0.07585,0.08127,0.1485,0.09806,0.01194,0.04039,0.02687,0.03039,0.2017,0.203,
2.146,0.2943,0.07922,0.07592,0.08137,0.1509,0.09837,0.01168,0.0404,0.02688,0.0304,0.2018,0.203,
2.147,0.2822,0.07994,0.07612,0.08156,0.1509,0.0984,0.01169,0.04042,0.0269,0.03041,0.2019,0.2017,
2.148,0.2792,0.07957,0.07631,0.0817,0.1501,0.09839,0.01242,0.03968,0.02689,0.03041,0.2029,0.2017,
2.168,0.2739,0.08268,0.07648,0.0819,0.1507,0.094,0.01242,0.03971,0.02691,0.04255,0.1909,0.2017,
2.169,0.273,0.08263,0.07653,0.082,0.1492,0.09407,0.01292,0.03925,0.02693,0.04258,0.192,0.2018,
2.169,0.2698,0.08269,0.0768,0.08216,0.1475,0.09426,0.01294,0.03933,0.02699,0.04267,0.1925,0.2022,
2.17,0.2754,0.08259,0.07684,0.08242,0.1467,0.09232,0.01295,0.03937,0.03287,0.03684,0.1926,0.2044,
2.17,0.2792,0.0822,0.07668,0.08265,0.1465,0.0924,0.01348,0.03889,0.0329,0.03687,0.1928,0.2046,
2.175,0.2913,0.08572,0.0769,0.08285,0.1481,0.09244,0.01411,0.03828,0.03377,0.03603,0.1929,0.1989,
2.173,0.2896,0.08557,0.07677,0.08276,0.1475,0.09189,0.01398,0.03809,0.03372,0.03598,0.1945,0.1992,
2.173,0.2831,0.08543,0.07676,0.08268,0.1474,0.0918,0.01397,0.03806,0.03369,0.03594,0.1953,0.199,
2.173,0.2841,0.08512,0.07696,0.08279,0.1474,0.0918,0.01397,0.03806,0.03369,0.03594,0.1953,0.199,
2.173,0.3218,0.08498,0.07714,0.08304,0.1463,0.09191,0.01398,0.0381,0.03373,0.03599,0.1955,0.1993,
2.173,0.283,0.08504,0.07697,0.08346,0.1452,0.09203,0.01399,0.03814,0.03377,0.03603,0.1958,0.1995,
2.172,0.2636,0.08445,0.07709,0.08349,0.1454,0.09248,0.01359,0.03816,0.03378,0.03605,0.1959,0.1996,
2.172,0.2667,0.08403,0.07702,0.08365,0.1455,0.09251,0.01359,0.03869,0.03328,0.03606,0.196,0.1997,
2.171,0.2641,0.08393,0.07677,0.08377,0.1453,0.09135,0.01358,0.03865,0.03325,0.03603,0.1967,0.2006,
2.17,0.2665,0.08388,0.07653,0.08295,0.1453,0.09135,0.01391,0.03832,0.03411,0.03517,0.1967,0.2017,
2.17,0.2688,0.08387,0.07636,0.08324,0.145,0.09139,0.01391,0.03834,0.03412,0.03519,0.1968,0.2018,
2.168,0.2699,0.0837,0.07625,0.08327,0.1448,0.08938,0.0139,0.0383,0.03409,0.03515,0.1976,0.2035,
2.168,0.2746,0.08347,0.07602,0.08341,0.1449,0.08942,0.01432,0.03791,0.0341,0.03517,0.1977,0.2036,
2.165,0.2764,0.08284,0.07639,0.08343,0.1448,0.08869,0.01345,0.03787,0.03526,0.03394,0.1985,0.2049,
2.164,0.2777,0.08249,0.07653,0.0834,0.1446,0.08886,0.01317,0.03783,0.03574,0.03339,0.1993,0.2047,
2.164,0.2994,0.0824,0.07652,0.08351,0.1446,0.08886,0.01317,0.03835,0.03523,0.03339,0.1993,0.2047,
2.164,0.2764,0.08234,0.07638,0.0837,0.1446,0.0878,0.01368,0.03783,0.03523,0.03339,0.1993,0.2057,
2.164,0.2863,0.08239,0.07637,0.08406,0.1432,0.08846,0.01421,0.03687,0.03529,0.03344,0.1996,0.2061,
2.163,0.2791,0.08203,0.07667,0.08433,0.1424,0.08827,0.01416,0.03733,0.0347,0.03334,0.1998,0.2069,
2.161,0.278,0.08165,0.07678,0.08436,0.1423,0.08669,0.01414,0.03729,0.03635,0.03163,0.2006,0.2082,
2.161,0.2694,0.08161,0.07665,0.08454,0.1423,0.08669,0.01414,0.03729,0.03635,0.03163,0.2006,0.2082,
2.168,0.2688,0.08991,0.07656,0.0846,0.1422,0.08664,0.01414,0.03727,0.03633,0.03161,0.2015,0.1992,
2.165,0.2726,0.08985,0.07651,0.08471,0.1422,0.08408,0.01414,0.03727,0.03894,0.029,0.2015,0.2018,
2.164,0.2771,0.08891,0.07649,0.08494,0.1424,0.08415,0.01415,0.0373,0.0414,0.02659,0.2017,0.202,
2.163,0.2752,0.08832,0.07647,0.0838,0.1425,0.08422,0.01416,0.03734,0.04144,0.02662,0.2018,0.2033,
2.16,0.2776,0.08797,0.07602,0.08377,0.1423,0.08259,0.01414,0.03728,0.04223,0.02572,0.2035,0.2044,
2.152,0.265,0.08779,0.07571,0.08375,0.142,0.08608,0.01045,0.0372,0.04265,0.02516,0.2052,0.204,
2.151,0.2702,0.08776,0.07568,0.08269,0.142,0.08608,0.01045,0.0372,0.04265,0.02516,0.2052,0.2051,
2.148,0.2705,0.08752,0.07568,0.08269,0.1419,0.08396,0.01044,0.03716,0.04261,0.02513,0.206,0.207,
2.161,0.2677,0.08919,0.07578,0.08286,0.1419,0.08518,0.009254,0.03718,0.04424,0.03053,0.199,0.2048,
2.16,0.2786,0.08879,0.07606,0.08294,0.1411,0.08517,0.009252,0.03717,0.04424,0.03052,0.2,0.2048,
2.158,0.2662,0.08846,0.07633,0.08188,0.1407,0.08572,0.008745,0.03719,0.04426,0.03054,0.2001,0.2061,
2.157,0.2686,0.08787,0.07635,0.0821,0.1405,0.08441,0.008753,0.03722,0.04515,0.02971,0.2003,0.2076,
2.157,0.2705,0.08941,0.07642,0.08221,0.1405,0.08302,0.00908,0.03689,0.04515,0.02971,0.2003,0.2073,
2.162,0.2643,0.09509,0.07629,0.08238,0.1405,0.08302,0.00908,0.03689,0.04515,0.02971,0.2003,0.2016,
2.157,0.2622,0.09101,0.07629,0.08248,0.1445,0.08086,0.008654,0.03689,0.04515,0.02971,0.2003,0.2042,
2.153,0.2584,0.09063,0.07608,0.08232,0.1441,0.07863,0.008628,0.03678,0.04552,0.02911,0.2027,0.2056,
2.152,0.2645,0.09267,0.07532,0.08202,0.1441,0.07693,0.008628,0.03678,0.04552,0.02911,0.2027,0.2063,
2.178,0.2607,0.09719,0.07519,0.08219,0.1439,0.07685,0.008619,0.03715,0.04507,0.04215,0.1904,0.2013,
2.176,0.2593,0.09698,0.07501,0.08226,0.144,0.07582,0.008623,0.03717,0.0456,0.04166,0.1905,0.2024,
2.161,0.2808,0.09671,0.07479,0.08137,0.144,0.07586,0.008626,0.06541,0.01739,0.04168,0.1906,0.2036,
2.161,0.2817,0.09795,0.07505,0.08146,0.1447,0.07386,0.008626,0.06582,0.01894,0.03972,0.1906,0.2033,
2.161,0.2815,0.1001,0.07493,0.08139,0.1448,0.07192,0.008634,0.06587,0.01895,0.03976,0.1907,0.2029,
2.162,0.2836,0.09986,0.07515,0.08139,0.1448,0.07192,0.008634,0.06587,0.01998,0.03873,0.1907,0.2029,
2.163,0.2825,0.09972,0.07508,0.0816,0.1448,0.07192,0.009144,0.06536,0.01998,0.03873,0.1907,0.2029,
2.163,0.2921,0.0995,0.07505,0.08161,0.1447,0.07185,0.009135,0.0653,0.02081,0.03784,0.1915,0.2027,
2.164,0.2672,0.104,0.07507,0.08165,0.1443,0.07119,0.008726,0.06529,0.02081,0.03784,0.1924,0.1987,
2.161,0.2669,0.1035,0.07449,0.08184,0.1442,0.06949,0.008428,0.06528,0.02081,0.03783,0.1934,0.2007,
2.158,0.2725,0.09805,0.07446,0.08187,0.1482,0.06949,0.008428,0.06528,0.02081,0.03783,0.1934,0.2022,
2.16,0.2692,0.09809,0.07421,0.08218,0.1479,0.06952,0.008432,0.06531,0.02577,0.0329,0.1935,0.2023,
2.16,0.2722,0.09795,0.07385,0.08268,0.1479,0.06952,0.008432,0.06531,0.02577,0.0329,0.1935,0.2023,
2.158,0.2263,0.09482,0.07397,0.0828,0.1502,0.06851,0.008439,0.06537,0.02579,0.03293,0.1936,0.2035,
2.171,0.265,0.09483,0.07398,0.08288,0.1499,0.06854,0.05787,0.01638,0.02539,0.03294,0.1937,0.2036,
2.171,0.2662,0.0959,0.07387,0.08285,0.1497,0.06914,0.05715,0.01636,0.02537,0.03291,0.1945,0.2022,
2.171,0.2685,0.0956,0.07417,0.08285,0.1497,0.06914,0.05715,0.01636,0.02588,0.0324,0.1945,0.2022,
2.171,0.2593,0.09563,0.07429,0.08292,0.149,0.0692,0.05719,0.01637,0.0259,0.03242,0.1947,0.2024,
2.171,0.2215,0.09437,0.07419,0.08304,0.1488,0.06925,0.05723,0.01638,0.02592,0.03245,0.1958,0.2025,
2.169,0.2215,0.09426,0.07396,0.08318,0.1485,0.0678,0.05728,0.0164,0.02594,0.03248,0.1959,0.2042,
2.17,0.2192,0.09528,0.07399,0.08319,0.1485,0.06779,0.05727,0.01708,0.02629,0.03144,0.1969,0.2023,
2.17,0.2219,0.0952,0.07402,0.08323,0.1485,0.06779,0.05727,0.01708,0.02739,0.03033,0.1969,0.2023,
2.169,0.221,0.09481,0.0741,0.08215,0.1484,0.06772,0.05722,0.01706,0.02737,0.0303,0.1977,0.2032,
2.169,0.2222,0.09383,0.0741,0.08232,0.1487,0.06778,0.05726,0.01707,0.02739,0.03033,0.1979,0.2034,
2.168,0.223,0.0938,0.07413,0.08232,0.1487,0.06778,0.05778,0.01656,0.02739,0.03033,0.1979,0.2034,
2.165,0.2219,0.09158,0.07409,0.08119,0.1506,0.06771,0.05772,0.01655,0.02787,0.02979,0.1987,0.2043,
2.166,0.2234,0.09114,0.0744,0.08132,0.1506,0.06771,0.05772,0.01655,0.02787,0.02979,0.1987,0.2043,
2.166,0.2315,0.09098,0.07439,0.08119,0.1494,0.06776,0.05776,0.01737,0.02708,0.02981,0.1998,0.2044,
2.165,0.2273,0.09271,0.07427,0.08143,0.15,0.06587,0.05778,0.01738,0.02709,0.02982,0.1999,0.2037,
2.165,0.2244,0.09271,0.07422,0.08148,0.15,0.06587,0.05778,0.01806,0.02641,0.02982,0.1999,0.2037,
2.165,0.2371,0.09263,0.07417,0.0816,0.15,0.06587,0.05778,0.02743,0.01704,0.02982,0.1999,0.2037,
2.163,0.2378,0.0916,0.07423,0.0798,0.1504,0.06593,0.05783,0.02746,0.01705,0.02985,0.2,0.2058,
2.166,0.2297,0.09543,0.07445,0.08,0.1483,0.06609,0.05798,0.02752,0.01709,0.02992,0.2006,0.2027,
2.165,0.235,0.09536,0.07455,0.08017,0.1476,0.06508,0.05802,0.02806,0.01659,0.02994,0.2007,0.2039,
2.165,0.2445,0.09531,0.07428,0.08035,0.147,0.06504,0.05832,0.02771,0.01659,0.02993,0.2016,0.2038,
2.166,0.2476,0.09496,0.07459,0.0804,0.147,0.06504,0.05832,0.02771,0.01898,0.02753,0.2016,0.2038,
2.164,0.2493,0.09303,0.07474,0.08052,0.1487,0.06504,0.05917,0.02686,0.01898,0.02753,0.2016,0.2038,
2.165,0.2565,0.09236,0.07474,0.08068,0.1492,0.06555,0.05866,0.02727,0.02362,0.02248,0.2016,0.2038,
2.165,0.2773,0.09152,0.07511,0.08086,0.1492,0.06558,0.05869,0.02728,0.02363,0.02249,0.2017,0.2039,
2.161,0.249,0.09111,0.07505,0.08083,0.1489,0.06309,0.05857,0.02723,0.02359,0.02244,0.2033,0.2058,
2.168,0.2507,0.09265,0.07517,0.08095,0.1484,0.06305,0.05853,0.02721,0.02596,0.02297,0.2013,0.2038,
2.169,0.2496,0.09229,0.07516,0.0809,0.1532,0.0637,0.05782,0.02719,0.02595,0.02296,0.2022,0.1986,
2.168,0.2568,0.09205,0.07527,0.08099,0.1524,0.06369,0.05832,0.02668,0.02594,0.02296,0.2031,0.1986,
2.168,0.2565,0.09179,0.07536,0.08091,0.1522,0.06362,0.05826,0.02665,0.02592,0.02293,0.2039,0.1984,
2.167,0.263,0.09179,0.07521,0.08106,0.1522,0.06298,0.05826,0.02665,0.02737,0.02149,0.2039,0.1991,
2.165,0.2612,0.08965,0.0754,0.08102,0.1538,0.06292,0.0582,0.02703,0.02693,0.02146,0.2048,0.1989,
2.166,0.2643,0.08942,0.07551,0.08123,0.1534,0.06294,0.05822,0.02787,0.02612,0.02147,0.2048,0.1989,
2.166,0.2633,0.08939,0.07544,0.08139,0.1531,0.06297,0.05825,0.02788,0.02613,0.02148,0.2049,0.199,
2.162,0.278,0.08941,0.07535,0.08151,0.1528,0.0603,0.05776,0.02789,0.02614,0.02149,0.205,0.2023,
2.18,0.2728,0.08765,0.07557,0.08162,0.1542,0.06081,0.05758,0.02756,0.02614,0.03072,0.1958,0.2023,
2.177,0.2658,0.08647,0.07541,0.08178,0.1554,0.05932,0.05758,0.02807,0.02563,0.03072,0.1958,0.2038,
2.173,0.2683,0.08617,0.07563,0.08187,0.1554,0.05612,0.0579,0.02775,0.02563,0.03072,0.1958,0.207,
2.173,0.2647,0.0852,0.0759,0.08189,0.1572,0.05664,0.05794,0.0272,0.02563,0.03072,0.1958,0.2058,
2.17,0.2657,0.08496,0.07614,0.08189,0.1572,0.05493,0.05794,0.0272,0.02563,0.03072,0.1958,0.2076,
2.172,0.2634,0.08693,0.07619,0.08189,0.1572,0.05493,0.05794,0.02761,0.02522,0.03072,0.1958,0.2055,
2.176,0.2646,0.09115,0.0761,0.08212,0.1572,0.05579,0.05709,0.02761,0.02522,0.03072,0.1958,0.2012,
2.176,0.2683,0.0907,0.07619,0.08215,0.1573,0.05632,0.0566,0.02762,0.02523,0.03073,0.1959,0.2013,
2.176,0.2659,0.0906,0.07617,0.08227,0.1573,0.05632,0.0566,0.02762,0.02523,0.03073,0.1959,0.2013,
2.173,0.269,0.08638,0.07606,0.08241,0.1615,0.05632,0.0566,0.02762,0.02523,0.03073,0.1959,0.2013,
2.172,0.2712,0.08547,0.07653,0.08094,0.1619,0.05632,0.0566,0.02837,0.02601,0.0292,0.1959,0.2027,
2.172,0.271,0.08547,0.07649,0.08098,0.1619,0.05632,0.0566,0.0292,0.02604,0.02835,0.1959,0.2027,
2.172,0.2671,0.08541,0.07657,0.08106,0.1616,0.05634,0.05662,0.02921,0.02605,0.02836,0.196,0.2028,
2.172,0.2713,0.08504,0.07682,0.08117,0.1616,0.05634,0.05662,0.02921,0.02605,0.02836,0.196,0.2028,
2.169,0.2754,0.0848,0.07649,0.0813,0.1611,0.05506,0.0561,0.02983,0.02658,0.02707,0.1969,0.2047,
2.169,0.2687,0.08473,0.07635,0.08152,0.1609,0.05509,0.05667,0.02969,0.02618,0.02709,0.197,0.2048,
2.168,0.2702,0.08453,0.07637,0.08147,0.1607,0.05503,0.05661,0.02966,0.02701,0.02621,0.1978,0.2046,
2.168,0.2728,0.08423,0.07653,0.08161,0.1607,0.05503,0.05694,0.02934,0.02701,0.02621,0.1978,0.2046,
2.152,0.2849,0.0886,0.07651,0.08165,0.1607,0.05529,0.07334,0.01267,0.02701,0.02621,0.1978,0.2002,
2.151,0.2864,0.0886,0.07642,0.08174,0.1607,0.05423,0.07334,0.01267,0.02701,0.02621,0.1978,0.2012,
2.148,0.2883,0.08784,0.07623,0.0818,0.1607,0.05273,0.07312,0.01267,0.027,0.0262,0.1987,0.2029,
2.147,0.2614,0.08774,0.07619,0.08195,0.1607,0.05273,0.07378,0.01201,0.02825,0.02496,0.1987,0.2029,
2.147,0.2659,0.08768,0.07617,0.08213,0.1604,0.05275,0.07381,0.01201,0.02826,0.02497,0.1988,0.203,
2.147,0.267,0.08748,0.07625,0.0822,0.1595,0.05274,0.0738,0.01275,0.02751,0.02496,0.1998,0.203,
2.146,0.2644,0.08712,0.07643,0.08069,0.1595,0.05274,0.0738,0.01275,0.02751,0.02496,0.1998,0.2047,
2.146,0.2681,0.08706,0.07645,0.08073,0.1595,0.05274,0.0738,0.01275,0.02802,0.02445,0.1998,0.2047,
2.145,0.2674,0.08617,0.07661,0.08094,0.16,0.05325,0.07329,0.01275,0.02802,0.02445,0.1998,0.2047,
2.143,0.2757,0.08578,0.07683,0.08097,0.1595,0.05173,0.07325,0.01275,0.02986,0.02258,0.2007,0.2061,
2.143,0.2753,0.08981,0.07645,0.08082,0.1589,0.05167,0.07357,0.01232,0.03306,0.01932,0.2025,0.2016,
2.145,0.237,0.08969,0.07663,0.08095,0.1582,0.06474,0.06061,0.01233,0.03308,0.01934,0.2026,0.2018,
2.143,0.2276,0.08943,0.07666,0.08122,0.157,0.06377,0.06012,0.01233,0.03309,0.01934,0.2037,0.2033,
2.143,0.2343,0.08905,0.07682,0.08144,0.157,0.06428,0.0596,0.01233,0.03309,0.01934,0.2037,0.2033,
2.141,0.2353,0.08895,0.07681,0.08155,0.157,0.0621,0.0596,0.01233,0.03309,0.01934,0.2037,0.2055,
2.15,0.2345,0.09099,0.07706,0.08052,0.157,0.06264,0.05939,0.01201,0.0336,0.02268,0.1998,0.2042,
2.152,0.2374,0.09646,0.07689,0.08075,0.157,0.06115,0.05939,0.01201,0.0336,0.02268,0.1998,0.2002,
2.15,0.2403,0.09624,0.07691,0.0807,0.1569,0.0596,0.05933,0.01199,0.03357,0.02266,0.2006,0.2015,
2.117,0.283,0.09558,0.0769,0.07974,0.1568,0.1004,0.01845,0.01199,0.03355,0.02265,0.2015,0.2024,
2.114,0.256,0.0954,0.07678,0.07978,0.1566,0.1003,0.02197,0.008435,0.03352,0.02262,0.2023,0.2022,
2.114,0.2522,0.09423,0.07649,0.08005,0.1574,0.1004,0.02196,0.008435,0.03354,0.02263,0.2025,0.2024,
2.11,0.2488,0.09237,0.07629,0.07997,0.1587,0.1002,0.02191,0.008418,0.03729,0.01876,0.2041,0.202,
2.107,0.2536,0.09184,0.07607,0.08015,0.1586,0.09685,0.0219,0.008413,0.03727,0.01875,0.205,0.2052,
2.114,0.2772,0.09173,0.07595,0.08038,0.1586,0.09685,0.0225,0.02956,0.01553,0.01875,0.205,0.2052,
2.113,0.2873,0.0908,0.07645,0.0803,0.1583,0.09665,0.02296,0.02967,0.01533,0.0182,0.2067,0.2047,
2.123,0.282,0.09339,0.07688,0.07926,0.1583,0.09665,0.02296,0.02967,0.01533,0.0219,0.203,0.2028,
2.138,0.2838,0.09503,0.07685,0.07934,0.1583,0.09526,0.02297,0.02968,0.01533,0.02912,0.1958,0.2023,
2.138,0.2839,0.09663,0.07661,0.07928,0.158,0.09558,0.02242,0.02962,0.0153,0.02906,0.1974,0.2001,
2.137,0.2871,0.09635,0.07644,0.07951,0.1577,0.09424,0.02244,0.02965,0.01531,0.02909,0.1976,0.2017,
2.137,0.2869,0.09542,0.07679,0.07977,0.1578,0.09428,0.02245,0.02966,0.01532,0.0291,0.1977,0.2018,
2.137,0.2866,0.09495,0.07691,0.07981,0.1579,0.09432,0.02246,0.02967,0.01533,0.02911,0.1977,0.2019,
2.135,0.289,0.09486,0.07698,0.07991,0.1575,0.09237,0.02247,0.02969,0.01533,0.02912,0.1978,0.2039,
2.135,0.2891,0.09594,0.077,0.07989,0.1574,0.09037,0.02244,0.02966,0.01659,0.02783,0.1986,0.2043,
2.111,0.2853,0.09518,0.07705,0.08002,0.1573,0.09877,0.01029,0.02964,0.0182,0.02619,0.1995,0.2079,
2.11,0.3053,0.09515,0.07705,0.08005,0.1573,0.09928,0.009779,0.02964,0.0182,0.02619,0.1995,0.2079,
2.106,0.2971,0.09498,0.07705,0.07997,0.1571,0.09772,0.009246,0.02961,0.01818,0.02616,0.2003,0.2097,
2.105,0.3049,0.09433,0.07701,0.0802,0.1573,0.09612,0.009586,0.02903,0.01963,0.02473,0.2004,0.2117,
2.105,0.3195,0.09413,0.07695,0.0802,0.1573,0.09616,0.009582,0.02904,0.0209,0.02347,0.2005,0.2117,
2.105,0.3078,0.09386,0.07693,0.08037,0.157,0.09624,0.009578,0.02906,0.02092,0.02349,0.2006,0.2119,
2.105,0.3087,0.09386,0.07682,0.08048,0.157,0.09433,0.01023,0.0284,0.02092,0.02349,0.2006,0.2138,
2.106,0.3096,0.09575,0.07688,0.0806,0.1563,0.09441,0.01024,0.02883,0.02171,0.02232,0.2008,0.2121,
2.105,0.3121,0.09567,0.07667,0.08089,0.1563,0.09293,0.01024,0.02883,0.02171,0.02232,0.2008,0.2136,
2.105,0.3078,0.09528,0.07639,0.08124,0.1564,0.09297,0.01025,0.02885,0.02172,0.02233,0.2009,0.2137,
2.105,0.3073,0.0952,0.07647,0.08135,0.156,0.09301,0.01025,0.02886,0.02173,0.02234,0.201,0.2138,
2.106,0.3079,0.09719,0.07661,0.08133,0.1552,0.09342,0.009814,0.02885,0.02173,0.02233,0.2019,0.2116,
2.11,0.3067,0.0985,0.07647,0.0814,0.1552,0.09337,0.009808,0.02924,0.02131,0.02405,0.2011,0.2096,
2.112,0.3036,0.101,0.07642,0.08153,0.1552,0.09337,0.009808,0.02924,0.02131,0.02405,0.2011,0.2069,
2.112,0.2973,0.1036,0.0764,0.08143,0.1549,0.09212,0.009788,0.02918,0.02127,0.024,0.2027,0.2046,
2.124,0.2829,0.1059,0.07649,0.0816,0.1549,0.09216,0.009792,0.0297,0.02077,0.02893,0.1979,0.2018,
2.123,0.2851,0.1049,0.07648,0.08171,0.1549,0.09215,0.009791,0.02969,0.02076,0.02892,0.1988,0.2018,
2.123,0.2858,0.1046,0.07664,0.08163,0.1548,0.09206,0.009781,0.02966,0.02074,0.0289,0.1996,0.2016,
2.123,0.2867,0.1046,0.07648,0.08185,0.1544,0.0921,0.009785,0.02968,0.02075,0.02891,0.1997,0.2017,
2.122,0.2886,0.1047,0.07651,0.08189,0.1541,0.09261,0.009313,0.02969,0.02127,0.02841,0.1998,0.2017,
2.122,0.2912,0.1046,0.07657,0.08191,0.1541,0.09261,0.009313,0.02969,0.02127,0.02841,0.1998,0.2017,
2.122,0.2981,0.1045,0.07654,0.08204,0.1541,0.09261,0.009313,0.0301,0.02086,0.02841,0.1998,0.2017,
2.12,0.2953,0.1044,0.07643,0.08056,0.1541,0.09156,0.009313,0.0301,0.02086,0.02841,0.1998,0.2045,
2.118,0.2967,0.1043,0.07649,0.0807,0.1537,0.0921,0.00881,0.03062,0.02036,0.02842,0.1999,0.2045,
2.119,0.2891,0.1054,0.07656,0.08074,0.1537,0.09063,0.009317,0.03011,0.02036,0.02842,0.1999,0.2049,
2.116,0.2949,0.1069,0.07644,0.07763,0.1536,0.09054,0.009308,0.03008,0.02034,0.0284,0.2007,0.2061,
2.112,0.2982,0.1058,0.07635,0.0778,0.1541,0.08956,0.009242,0.0311,0.0185,0.02842,0.2009,0.2083,
2.113,0.3023,0.1056,0.07635,0.0779,0.1536,0.08951,0.009237,0.03107,0.02103,0.02585,0.2018,0.2082,
2.113,0.3047,0.1046,0.07665,0.07802,0.1535,0.08945,0.01014,0.03014,0.02102,0.02583,0.2026,0.208,
2.121,0.3262,0.1059,0.07671,0.07802,0.154,0.08945,0.02866,0.01163,0.02102,0.02847,0.2,0.2061,
2.12,0.326,0.1024,0.0768,0.07809,0.1573,0.08945,0.02906,0.01173,0.02052,0.02847,0.2,0.2061,
2.123,0.3422,0.1056,0.0768,0.07813,0.1573,0.08945,0.02906,0.01173,0.02254,0.02644,0.2,0.2029,
2.121,0.3419,0.105,0.07681,0.07823,0.1574,0.08786,0.02876,0.01174,0.02349,0.02554,0.2002,0.2051,
2.118,0.3369,0.104,0.07685,0.07824,0.1587,0.08622,0.02869,0.01165,0.02338,0.0254,0.2011,0.2057,
2.121,0.3433,0.1085,0.07689,0.07631,0.1587,0.08622,0.02869,0.01747,0.01757,0.0254,0.2011,0.2031,
2.121,0.3245,0.1117,0.07708,0.07638,0.1588,0.08397,0.02862,0.01738,0.01745,0.02541,0.2012,0.202,
2.121,0.3237,0.1147,0.07644,0.07544,0.1584,0.084,0.02896,0.01706,0.01746,0.02542,0.2013,0.2008,
2.121,0.322,0.1146,0.07617,0.07557,0.1581,0.08407,0.02898,0.01707,0.01798,0.02493,0.2015,0.201,
2.121,0.325,0.1143,0.07583,0.07597,0.1579,0.08414,0.02901,0.01708,0.01799,0.02495,0.2017,0.2012,
2.136,0.3295,0.1132,0.07562,0.07594,0.1582,0.08401,0.02896,0.01705,0.01796,0.03328,0.1949,0.2009,
2.135,0.3337,0.1143,0.07555,0.07434,0.1583,0.08404,0.02897,0.01706,0.01797,0.03329,0.195,0.2012,
2.135,0.3121,0.1141,0.0754,0.07435,0.1574,0.08407,0.02897,0.01706,0.01898,0.03228,0.1961,0.2013,
2.135,0.3094,0.1141,0.07536,0.07431,0.1569,0.08402,0.02895,0.01745,0.01857,0.03226,0.1969,0.2011,
2.132,0.3222,0.1139,0.07513,0.0743,0.1563,0.08199,0.02891,0.01793,0.01803,0.03221,0.1986,0.2027,
2.133,0.3132,0.1136,0.07534,0.0744,0.1563,0.08199,0.02891,0.01793,0.01803,0.03221,0.1986,0.2027,
2.131,0.3155,0.112,0.07521,0.07452,0.1558,0.08194,0.02889,0.01792,0.01802,0.03219,0.1995,0.2041,
2.132,0.3251,0.1115,0.07548,0.07463,0.1551,0.08204,0.02943,0.01744,0.01965,0.03062,0.1997,0.2044,
2.132,0.3303,0.1138,0.07525,0.07488,0.1551,0.08017,0.02945,0.01744,0.01966,0.03064,0.1998,0.2037,
2.134,0.3383,0.1158,0.07497,0.07486,0.1552,0.08021,0.02946,0.01745,0.02189,0.02842,0.1999,0.2018,
2.134,0.3299,0.1154,0.07533,0.07492,0.1552,0.08021,0.02946,0.02071,0.01914,0.02791,0.1999,0.2018,
2.134,0.3461,0.1149,0.07534,0.07512,0.1552,0.08068,0.02903,0.02072,0.01914,0.02792,0.2,0.2019,
2.134,0.3303,0.1144,0.07533,0.07519,0.155,0.08063,0.02901,0.02071,0.01998,0.02706,0.2009,0.2018,
2.132,0.3304,0.1122,0.07502,0.07533,0.1567,0.08058,0.02899,0.02069,0.01996,0.02704,0.2018,0.2017,
2.132,0.333,0.1121,0.07505,0.0754,0.1567,0.08058,0.02939,0.02029,0.01996,0.02704,0.2018,0.2017,
2.131,0.3334,0.1116,0.0752,0.07543,0.1568,0.07956,0.02941,0.0203,0.01997,0.02705,0.2018,0.2028,
2.132,0.3333,0.1153,0.07517,0.07558,0.1569,0.07894,0.02942,0.0199,0.01998,0.02706,0.2019,0.1998,
2.132,0.33,0.1152,0.0752,0.07574,0.1569,0.07894,0.02942,0.0199,0.01998,0.02706,0.2019,0.1998,
2.132,0.3445,0.1146,0.07526,0.07597,0.1569,0.07897,0.02943,0.01991,0.01999,0.02708,0.202,0.1999,
2.132,0.3487,0.1141,0.07516,0.07603,0.1566,0.07882,0.02937,0.01987,0.02105,0.02592,0.2036,0.1995,
2.132,0.3428,0.1133,0.075,0.07605,0.1568,0.07892,0.02941,0.01989,0.02107,0.02596,0.2039,0.1997,
2.129,0.3444,0.1132,0.07498,0.07601,0.1563,0.07633,0.02939,0.01988,0.02106,0.02594,0.2048,0.2021,
2.099,0.3162,0.1127,0.07495,0.07603,0.1557,0.09529,0.01026,0.01985,0.02103,0.0259,0.2065,0.2018,
2.109,0.283,0.1144,0.07471,0.07499,0.1549,0.09611,0.009461,0.01985,0.02103,0.032,0.2015,0.2011,
2.109,0.2906,0.1143,0.07491,0.07507,0.1545,0.09435,0.0163,0.01303,0.02104,0.03201,0.2015,0.2029,
2.11,0.2866,0.1154,0.07505,0.07507,0.1541,0.0943,0.01629,0.01302,0.02103,0.03199,0.2024,0.2014,
2.126,0.2877,0.1153,0.07521,0.07512,0.1537,0.09484,0.01611,0.0127,0.02104,0.04217,0.1924,0.2015,
2.126,0.2819,0.1148,0.07557,0.07516,0.1529,0.09483,0.01611,0.0127,0.02103,0.04217,0.1933,0.2014,
2.126,0.2817,0.1124,0.0758,0.07539,0.1539,0.09499,0.01614,0.01272,0.02107,0.04224,0.1936,0.2018,
2.124,0.2945,0.1099,0.07584,0.0754,0.1552,0.09396,0.01614,0.01313,0.02067,0.04225,0.1946,0.2029,
2.123,0.2865,0.1118,0.07562,0.07541,0.1549,0.09267,0.01586,0.01311,0.02064,0.04219,0.1963,0.2015,
2.123,0.3236,0.1105,0.07553,0.07558,0.1561,0.09267,0.01586,0.01379,0.01996,0.04219,0.1963,0.2015,
2.122,0.3132,0.1099,0.07584,0.07561,0.1561,0.0908,0.01586,0.01379,0.01997,0.0422,0.1964,0.2035,
2.12,0.2817,0.1096,0.0759,0.07579,0.1561,0.0889,0.01586,0.01379,0.01997,0.0422,0.1964,0.2054,
2.123,0.2972,0.1074,0.07639,0.07586,0.1579,0.0889,0.01586,0.01379,0.02721,0.03496,0.1964,0.2054,
2.125,0.2959,0.1081,0.07571,0.07606,0.1632,0.08898,0.01588,0.0138,0.02826,0.03397,0.1965,0.1995,
2.124,0.2986,0.1079,0.07549,0.07613,0.1624,0.089,0.01621,0.01348,0.02827,0.03398,0.1976,0.1995,
2.125,0.2992,0.1077,0.07538,0.07625,0.162,0.08895,0.0162,0.01473,0.027,0.03396,0.1985,0.1994,
2.124,0.2981,0.1073,0.07521,0.07631,0.1617,0.08878,0.01617,0.0147,0.02695,0.03389,0.2001,0.199,
2.123,0.3026,0.1069,0.07517,0.07547,0.1612,0.08873,0.01616,0.01469,0.02693,0.03387,0.2009,0.2,
2.123,0.3028,0.1104,0.07512,0.07555,0.161,0.08623,0.01616,0.01469,0.02694,0.03388,0.201,0.1991,
2.123,0.3134,0.1102,0.07521,0.07561,0.161,0.08623,0.01734,0.01351,0.02694,0.03388,0.201,0.1991,
2.121,0.3109,0.1096,0.07528,0.07579,0.161,0.08511,0.01703,0.01352,0.02695,0.0339,0.2011,0.2006,
2.121,0.3108,0.1095,0.07522,0.07576,0.1609,0.08503,0.01701,0.01351,0.02967,0.03112,0.2019,0.2004,
2.12,0.2873,0.1095,0.07522,0.07593,0.1602,0.08362,0.01702,0.01351,0.03122,0.02961,0.2021,0.2021,
2.119,0.2934,0.109,0.07488,0.07626,0.159,0.08281,0.01707,0.01355,0.03131,0.0297,0.2027,0.2037,
2.128,0.2862,0.1146,0.07497,0.0763,0.1585,0.08276,0.02221,0.008797,0.03089,0.03435,0.1989,0.1978,
2.128,0.2841,0.1146,0.07473,0.07661,0.1581,0.08279,0.02222,0.0088,0.03193,0.03334,0.199,0.1978,
2.112,0.2845,0.1141,0.07483,0.07675,0.158,0.0927,0.0122,0.008792,0.03189,0.0333,0.1998,0.1977,
2.113,0.2737,0.1138,0.0746,0.07698,0.1581,0.09274,0.01221,0.009675,0.03103,0.03332,0.1998,0.1977,
2.111,0.275,0.1123,0.07455,0.07708,0.1593,0.0913,0.01221,0.009679,0.03104,0.03333,0.1999,0.1993,
2.109,0.2799,0.1084,0.07421,0.07718,0.1625,0.09111,0.01219,0.01007,0.03057,0.03327,0.2015,0.1989,
2.108,0.2875,0.1083,0.07434,0.07617,0.1625,0.09111,0.01219,0.01007,0.03205,0.03179,0.2015,0.2,
2.107,0.2964,0.1065,0.07431,0.0763,0.1641,0.09111,0.01219,0.01007,0.0336,0.03024,0.2015,0.2,
2.107,0.29,0.1062,0.07401,0.07639,0.164,0.09106,0.01218,0.01006,0.03358,0.03022,0.2024,0.1998,
2.113,0.2923,0.1047,0.07408,0.07638,0.165,0.09097,0.01217,0.01005,0.03439,0.033,0.1996,0.1996,
2.11,0.297,0.1041,0.07388,0.07642,0.1647,0.08909,0.01217,0.01005,0.03617,0.03124,0.2006,0.2016,
2.112,0.2937,0.1047,0.07381,0.07658,0.1677,0.08909,0.01217,0.01073,0.0355,0.03124,0.2006,0.1978,
2.111,0.2955,0.1041,0.07377,0.07685,0.1678,0.08808,0.01218,0.01073,0.03551,0.03125,0.2007,0.1989,
2.111,0.2999,0.1024,0.07395,0.077,0.1687,0.08815,0.01219,0.01074,0.03681,0.03001,0.2009,0.1991,
2.11,0.3036,0.1025,0.07385,0.07718,0.1684,0.08845,0.01194,0.01075,0.03683,0.03002,0.201,0.1992,
2.111,0.3025,0.1021,0.07421,0.07725,0.168,0.08849,0.01194,0.01075,0.03684,0.03003,0.2011,0.1993,
2.111,0.3029,0.1021,0.07417,0.0773,0.168,0.08849,0.01194,0.01075,0.03684,0.03003,0.2011,0.1993,
2.128,0.3052,0.1019,0.07402,0.07739,0.1674,0.08741,0.01194,0.01075,0.03684,0.04099,0.1911,0.2003,
2.128,0.3125,0.1008,0.07361,0.07767,0.1681,0.08749,0.01195,0.01075,0.03771,0.04017,0.1912,0.2005,
2.127,0.3094,0.1004,0.07395,0.07784,0.1675,0.08756,0.01414,0.008575,0.03927,0.03868,0.1914,0.2007,
2.126,0.303,0.09982,0.07391,0.0777,0.1669,0.08734,0.01461,0.008046,0.03917,0.03859,0.1938,0.2002,
2.123,0.3048,0.09945,0.07375,0.0775,0.1664,0.08549,0.01489,0.007699,0.03905,0.03847,0.1961,0.2012,
2.126,0.3076,0.1031,0.07387,0.07753,0.166,0.08552,0.0149,0.007702,0.03907,0.03849,0.1962,0.1975,
2.126,0.3038,0.1031,0.07383,0.07757,0.166,0.08552,0.0149,0.007702,0.03907,0.03849,0.1962,0.1975,
2.123,0.3034,0.1003,0.07385,0.07755,0.1684,0.08397,0.01488,0.007695,0.03903,0.03845,0.197,0.1988,
2.122,0.2958,0.09988,0.07418,0.07767,0.1684,0.08291,0.01488,0.007695,0.03903,0.03845,0.197,0.1998,
2.118,0.3012,0.09707,0.07418,0.07768,0.1708,0.08186,0.01447,0.007687,0.04026,0.03715,0.1978,0.201,
2.119,0.2957,0.09858,0.07427,0.07776,0.172,0.08186,0.01447,0.007687,0.04026,0.03715,0.1978,0.1982,
2.119,0.2932,0.09847,0.07421,0.07783,0.1712,0.08185,0.01446,0.007686,0.04025,0.03715,0.1988,0.1982,
2.121,0.2926,0.09804,0.07419,0.07796,0.1708,0.0818,0.01445,0.008898,0.03901,0.03712,0.1996,0.1981,
2.119,0.2936,0.09801,0.0741,0.07817,0.1705,0.08036,0.01446,0.008902,0.04093,0.03523,0.1997,0.1996,
2.119,0.2904,0.09762,0.07389,0.07838,0.1709,0.08036,0.01446,0.008902,0.04093,0.03523,0.1997,0.1996,
2.127,0.3112,0.09428,0.07404,0.07856,0.1729,0.07944,0.01502,0.03119,0.01869,0.03478,0.2001,0.201,
2.13,0.31,0.09408,0.07408,0.07849,0.1727,0.07936,0.015,0.03116,0.01867,0.03708,0.1985,0.2008,
2.128,0.312,0.0939,0.07406,0.07853,0.1722,0.07743,0.01499,0.03114,0.01866,0.03706,0.1994,0.2026,
2.13,0.3203,0.09594,0.07421,0.07859,0.1722,0.07743,0.01532,0.03166,0.01782,0.03706,0.1994,0.2003,
2.127,0.3155,0.09574,0.0743,0.07723,0.1722,0.07596,0.01532,0.03166,0.01782,0.03706,0.1994,0.2033,
2.125,0.3255,0.09534,0.07465,0.07577,0.1722,0.07596,0.01532,0.03166,0.01782,0.03706,0.1994,0.2048,
2.124,0.3208,0.09509,0.07479,0.07456,0.1722,0.07596,0.01532,0.03166,0.01782,0.03706,0.1994,0.2061,
2.123,0.3191,0.09509,0.07474,0.0733,0.1722,0.07596,0.01532,0.03166,0.01782,0.03706,0.1994,0.2074,
2.125,0.3223,0.09764,0.0746,0.07349,0.1722,0.07596,0.01602,0.03096,0.01782,0.03706,0.1994,0.2048,
2.129,0.3364,0.1029,0.07458,0.07355,0.1719,0.07589,0.01601,0.03094,0.01781,0.03704,0.2003,0.1991,
2.129,0.2984,0.1023,0.07511,0.07359,0.1719,0.07589,0.01601,0.03094,0.01781,0.03704,0.2003,0.1991,
2.14,0.2836,0.102,0.07521,0.07363,0.1717,0.07582,0.01599,0.03091,0.0183,0.04367,0.1939,0.1989,
2.143,0.2892,0.1016,0.0751,0.07375,0.1718,0.07585,0.016,0.03093,0.02253,0.03947,0.194,0.199,
2.14,0.2883,0.09656,0.07515,0.07371,0.1762,0.07581,0.01599,0.03091,0.02251,0.03945,0.1949,0.1989,
2.14,0.2907,0.09642,0.07513,0.07388,0.1762,0.07581,0.01599,0.03091,0.02251,0.03945,0.1949,0.1989,
2.142,0.2927,0.09603,0.07552,0.07388,0.1762,0.07581,0.01599,0.03091,0.02641,0.03556,0.1949,0.1989,
2.142,0.2961,0.09588,0.07562,0.07392,0.1762,0.07581,0.01599,0.03091,0.02641,0.03556,0.1949,0.1989,
2.142,0.2963,0.09564,0.07555,0.07424,0.1762,0.07581,0.01599,0.03091,0.02691,0.03505,0.1949,0.1989,
2.142,0.3001,0.09555,0.07543,0.07421,0.176,0.07573,0.01597,0.03088,0.02739,0.03451,0.1956,0.1987,
2.141,0.295,0.09544,0.07539,0.07289,0.176,0.07573,0.01597,0.03088,0.02739,0.03451,0.1956,0.2001,
2.14,0.3016,0.09489,0.07539,0.07289,0.1759,0.07569,0.01596,0.03086,0.02737,0.0345,0.1965,0.2,
2.14,0.3027,0.09383,0.07548,0.07308,0.1762,0.07575,0.01598,0.03089,0.02739,0.03452,0.1967,0.2002,
2.14,0.3043,0.09592,0.07552,0.07329,0.1763,0.07432,0.01598,0.0309,0.0274,0.03454,0.1968,0.1991,
2.14,0.3095,0.09568,0.07527,0.07355,0.1761,0.07425,0.01597,0.03087,0.02738,0.03451,0.1976,0.1989,
2.137,0.3055,0.09549,0.07507,0.07263,0.1757,0.07367,0.01594,0.03081,0.02732,0.03444,0.1991,0.1998,
2.139,0.3044,0.09692,0.07526,0.07278,0.1757,0.07367,0.01644,0.03031,0.02732,0.03444,0.1991,0.198,
2.139,0.3081,0.09677,0.07505,0.0729,0.1756,0.07385,0.01681,0.02963,0.0273,0.0344,0.1999,0.1978,
2.138,0.3191,0.09552,0.07497,0.07312,0.176,0.07381,0.01734,0.02908,0.02728,0.03438,0.2008,0.1977,
2.142,0.3206,0.09536,0.07479,0.07321,0.1758,0.07374,0.01732,0.02905,0.02725,0.03671,0.1993,0.1975,
2.14,0.3174,0.09309,0.07446,0.07341,0.1778,0.07366,0.0173,0.02942,0.02683,0.03667,0.2,0.1973,
2.135,0.3285,0.0931,0.07447,0.07347,0.1775,0.07369,0.01731,0.03952,0.01675,0.03668,0.2001,0.1974,
2.136,0.3329,0.09211,0.07446,0.07362,0.1781,0.07372,0.01732,0.03953,0.01926,0.03419,0.2002,0.1975,
2.137,0.3349,0.09137,0.07436,0.07384,0.1783,0.07378,0.01733,0.03956,0.02078,0.03272,0.2004,0.1976,
2.149,0.3294,0.09008,0.0746,0.07384,0.1793,0.07378,0.01733,0.03956,0.02078,0.04001,0.1931,0.1976,
2.144,0.335,0.08959,0.07488,0.07175,0.1789,0.07243,0.01719,0.03938,0.02148,0.03882,0.194,0.2017,
2.144,0.3441,0.08961,0.07482,0.07185,0.1786,0.07246,0.0172,0.0399,0.02099,0.03883,0.194,0.2017,
2.145,0.3329,0.08921,0.07522,0.07185,0.1786,0.07246,0.0172,0.0399,0.02191,0.03792,0.194,0.2017,
2.144,0.3647,0.08909,0.07447,0.07218,0.1785,0.07242,0.01719,0.03988,0.0219,0.0379,0.1949,0.2016,
2.145,0.4316,0.08891,0.07429,0.07239,0.1799,0.07242,0.01751,0.03956,0.02465,0.03514,0.1949,0.2003,
2.148,0.3773,0.09188,0.0744,0.0726,0.1796,0.07245,0.01752,0.03957,0.02466,0.03515,0.195,0.1972,
2.148,0.3531,0.092,0.07433,0.07276,0.1785,0.07255,0.01752,0.04112,0.02434,0.03402,0.1953,0.1975,
2.148,0.3306,0.09191,0.07426,0.07269,0.1783,0.07248,0.01751,0.04108,0.02432,0.03399,0.1961,0.1974,
2.147,0.3192,0.09171,0.07404,0.07268,0.1766,0.07236,0.01747,0.04101,0.02427,0.03394,0.1988,0.1971,
2.146,0.2998,0.09166,0.07397,0.07266,0.1761,0.07232,0.01746,0.04098,0.02425,0.03392,0.1997,0.197,
2.146,0.3101,0.09163,0.07417,0.07279,0.1751,0.07241,0.01748,0.04187,0.02345,0.03396,0.1999,0.1972,
2.155,0.2979,0.08996,0.0738,0.07279,0.1759,0.07219,0.01743,0.04174,0.02521,0.03786,0.1965,0.1966,
2.155,0.3019,0.0899,0.07378,0.07287,0.1759,0.07219,0.01743,0.04174,0.02521,0.03786,0.1965,0.1966,
2.156,0.2985,0.08982,0.07373,0.07301,0.1759,0.07219,0.01743,0.04174,0.02817,0.0349,0.1965,0.1966,
2.155,0.3009,0.08939,0.07368,0.07316,0.176,0.07222,0.01743,0.04176,0.02818,0.03491,0.1966,0.1967,
2.156,0.2943,0.08878,0.07393,0.07321,0.176,0.07225,0.01784,0.04178,0.02779,0.03493,0.1966,0.1968,
2.156,0.3018,0.08846,0.07399,0.07333,0.1755,0.07221,0.0185,0.04109,0.02778,0.0349,0.1975,0.1967,
2.155,0.3033,0.08801,0.07364,0.07335,0.1752,0.07223,0.0185,0.04109,0.02778,0.03491,0.1985,0.1968,
2.155,0.3044,0.08792,0.07336,0.07321,0.1751,0.07219,0.01848,0.04106,0.02905,0.03358,0.1994,0.1966,
2.154,0.3362,0.08742,0.07324,0.07325,0.1752,0.07225,0.01849,0.04108,0.02907,0.03358,0.1996,0.1968,
2.154,0.3167,0.08482,0.0735,0.07337,0.1772,0.07103,0.03771,0.02188,0.02994,0.03274,0.1997,0.1981,
2.154,0.3188,0.0848,0.07353,0.07347,0.1769,0.07106,0.03772,0.02189,0.02996,0.03275,0.1998,0.1982,
2.154,0.3191,0.08464,0.07339,0.07353,0.1767,0.07098,0.03769,0.02187,0.03193,0.03072,0.2006,0.198,
2.149,0.3216,0.08205,0.07318,0.07345,0.1787,0.06897,0.03761,0.02249,0.03203,0.02983,0.2022,0.1995,
2.163,0.3262,0.08417,0.07307,0.07351,0.1774,0.06892,0.03758,0.02247,0.032,0.03713,0.1967,0.1971,
2.163,0.3181,0.08415,0.07305,0.0735,0.1766,0.06942,0.03705,0.02246,0.03281,0.03629,0.1976,0.1971,
2.163,0.3217,0.0841,0.07309,0.0736,0.176,0.06948,0.03708,0.02248,0.03284,0.03632,0.1978,0.1972,
2.161,0.3215,0.08381,0.07302,0.07396,0.176,0.06761,0.03761,0.02194,0.03284,0.03632,0.1978,0.1991,
2.161,0.3193,0.08614,0.0731,0.07425,0.1764,0.06439,0.03767,0.02281,0.03306,0.03538,0.1981,0.1987,
2.159,0.3234,0.08452,0.07324,0.07424,0.1769,0.06438,0.03767,0.0228,0.03355,0.03487,0.1991,0.1987,
2.159,0.3203,0.08384,0.07346,0.07433,0.1759,0.06559,0.03653,0.02282,0.03358,0.0349,0.2002,0.1988,
2.159,0.2969,0.08392,0.07359,0.07455,0.1741,0.06574,0.0366,0.02286,0.03953,0.02909,0.2007,0.1993,
2.16,0.2944,0.0841,0.07358,0.07487,0.1723,0.06588,0.03668,0.02291,0.03961,0.02915,0.2011,0.1998,
2.16,0.2968,0.08401,0.07348,0.07505,0.1723,0.06588,0.03668,0.02365,0.03971,0.02832,0.2011,0.1998,
2.159,0.3042,0.08349,0.07384,0.07521,0.1723,0.06588,0.03735,0.02298,0.03971,0.02832,0.2011,0.1998,
2.159,0.3049,0.08341,0.07369,0.07545,0.1723,0.06588,0.03735,0.02298,0.03971,0.02832,0.2011,0.1998,
2.159,0.2955,0.08326,0.0735,0.07539,0.1717,0.06578,0.03729,0.02388,0.03945,0.02753,0.2028,0.1994,
2.158,0.2961,0.08296,0.0736,0.07526,0.1717,0.0658,0.03731,0.02389,0.03947,0.02755,0.2029,0.1995,
2.157,0.2943,0.0827,0.0735,0.07524,0.1711,0.0662,0.03674,0.02384,0.0394,0.0275,0.2046,0.1992,
2.173,0.3042,0.08251,0.07328,0.07532,0.1712,0.06623,0.03676,0.02385,0.03941,0.03618,0.196,0.1993,
2.172,0.2974,0.08204,0.07356,0.0753,0.171,0.06616,0.03704,0.02401,0.04054,0.03447,0.1968,0.1991,
2.17,0.3021,0.07861,0.07354,0.07522,0.1741,0.0661,0.037,0.02465,0.03984,0.03444,0.1976,0.1989,
2.169,0.3019,0.07851,0.07362,0.07525,0.1741,0.06505,0.037,0.02465,0.03984,0.03444,0.1976,0.1999,
2.168,0.307,0.07843,0.07369,0.07525,0.1741,0.06559,0.03647,0.0251,0.04205,0.03177,0.1976,0.1999,
2.168,0.3024,0.07836,0.07377,0.07533,0.1738,0.06561,0.03648,0.02511,0.04207,0.03178,0.1977,0.2,
2.166,0.3049,0.07825,0.0739,0.07435,0.1735,0.06489,0.0362,0.02511,0.04208,0.03179,0.1978,0.2022,
2.169,0.3014,0.08284,0.07395,0.07346,0.1728,0.06494,0.03673,0.02463,0.04211,0.03181,0.1979,0.1988,
2.169,0.3018,0.08284,0.07385,0.07357,0.1728,0.06526,0.03641,0.02463,0.04211,0.03181,0.1979,0.1988,
2.169,0.2933,0.08212,0.07343,0.07376,0.1734,0.06532,0.03643,0.02554,0.04111,0.03183,0.1981,0.199,
2.169,0.2949,0.08192,0.07351,0.07388,0.1734,0.06532,0.03643,0.02554,0.04111,0.03183,0.1981,0.199,
2.178,0.2829,0.08167,0.07311,0.07368,0.1728,0.06515,0.03634,0.02547,0.0415,0.03753,0.1943,0.1984,
2.173,0.2914,0.08163,0.07339,0.07401,0.1708,0.06557,0.04499,0.01672,0.0416,0.03762,0.1948,0.1989,
2.173,0.2993,0.08131,0.07345,0.07414,0.1703,0.06553,0.04496,0.01721,0.04108,0.0376,0.1956,0.1988,
2.172,0.2999,0.08108,0.07353,0.07417,0.1698,0.06549,0.04493,0.0172,0.04222,0.03641,0.1965,0.1987,
2.172,0.315,0.08103,0.07334,0.07436,0.1689,0.06548,0.04492,0.01719,0.04221,0.0364,0.1974,0.1987,
2.172,0.2992,0.08075,0.07332,0.07443,0.1688,0.06542,0.04488,0.01718,0.04306,0.03546,0.1982,0.1985,
2.169,0.302,0.08049,0.07343,0.07234,0.1686,0.06535,0.04483,0.01756,0.04312,0.03493,0.199,0.2003,
2.165,0.3229,0.07802,0.07315,0.07102,0.1701,0.06596,0.04499,0.017,0.04402,0.03415,0.1994,0.2023,
2.179,0.3152,0.08064,0.07367,0.07124,0.1691,0.06607,0.0456,0.01716,0.04343,0.04057,0.1933,0.1992,
2.177,0.3123,0.07955,0.07384,0.07124,0.17,0.06445,0.0456,0.01716,0.04343,0.04057,0.1933,0.2008,
2.177,0.3142,0.07955,0.07376,0.07131,0.17,0.06445,0.0456,0.01716,0.04343,0.04057,0.1933,0.2008,
2.18,0.3168,0.08516,0.07397,0.07131,0.17,0.06252,0.0456,0.01716,0.04429,0.0397,0.1933,0.1969,
2.181,0.32,0.08502,0.07402,0.0715,0.1697,0.06255,0.04562,0.01784,0.04364,0.03972,0.1934,0.197,
2.179,0.316,0.08491,0.07391,0.07053,0.1692,0.06251,0.04559,0.01783,0.04362,0.0397,0.1943,0.1979,
2.181,0.3434,0.08637,0.07383,0.0707,0.1692,0.06063,0.04559,0.04,0.02145,0.0397,0.1943,0.1983,
2.183,0.3449,0.08637,0.0737,0.07083,0.1692,0.06063,0.04613,0.03946,0.0259,0.03524,0.1943,0.1983,
2.18,0.341,0.08615,0.07372,0.07081,0.169,0.05908,0.04596,0.03943,0.02588,0.03521,0.1951,0.1997,
2.182,0.3405,0.09081,0.07376,0.07098,0.1692,0.05725,0.046,0.04013,0.02523,0.03524,0.1952,0.1962,
2.182,0.3283,0.08984,0.07363,0.07119,0.1679,0.05736,0.04609,0.04061,0.02488,0.0353,0.1966,0.1966,
2.181,0.3242,0.08948,0.07351,0.07131,0.1671,0.05788,0.0456,0.04062,0.02488,0.03531,0.1976,0.1967,
2.179,0.3302,0.08755,0.07375,0.07134,0.1685,0.05644,0.04562,0.04063,0.02489,0.03533,0.1977,0.1982,
2.177,0.3371,0.08732,0.07369,0.0715,0.1679,0.05503,0.04527,0.04069,0.02788,0.03242,0.1979,0.2003,
2.179,0.3362,0.09072,0.07378,0.07158,0.1676,0.054,0.04529,0.0407,0.02789,0.03243,0.198,0.198,
2.177,0.3355,0.08924,0.07376,0.0716,0.1684,0.05397,0.04526,0.04067,0.02938,0.0309,0.1989,0.1979,
2.177,0.3358,0.08919,0.07353,0.07175,0.1679,0.05394,0.04523,0.04065,0.03096,0.02929,0.1998,0.1978,
2.177,0.3344,0.08919,0.07353,0.07175,0.1679,0.05394,0.04523,0.04065,0.03096,0.02929,0.1998,0.1978,
2.176,0.3331,0.08783,0.07345,0.07172,0.1689,0.05398,0.04527,0.04251,0.02915,0.02931,0.2,0.1979,
2.193,0.3347,0.08768,0.07319,0.0719,0.1687,0.05393,0.04523,0.04331,0.02829,0.03959,0.1904,0.1977,
2.191,0.3372,0.08581,0.07274,0.07207,0.1706,0.05438,0.04482,0.04405,0.02758,0.03961,0.1905,0.1978,
2.191,0.3344,0.08547,0.07257,0.07236,0.1703,0.05443,0.04485,0.04408,0.0276,0.03964,0.1907,0.198,
2.19,0.3387,0.08532,0.07248,0.07234,0.1693,0.05437,0.0448,0.04404,0.02757,0.0396,0.1924,0.1978,
2.189,0.3315,0.085,0.07274,0.07254,0.1677,0.05303,0.04491,0.04415,0.02763,0.03969,0.1929,0.1997,
2.189,0.3351,0.08494,0.07254,0.07287,0.1665,0.05304,0.04492,0.04416,0.02764,0.0397,0.1939,0.1998,
2.189,0.3369,0.08483,0.07249,0.07294,0.1658,0.05311,0.04548,0.04371,0.02767,0.03975,0.1941,0.2001,
2.16,0.2893,0.08443,0.07251,0.07318,0.1651,0.08492,0.01365,0.04483,0.02654,0.03974,0.1951,0.2,
2.159,0.2883,0.08421,0.07216,0.07331,0.1648,0.08476,0.01362,0.04474,0.02649,0.03967,0.1967,0.1996,
2.158,0.2856,0.08404,0.07181,0.07336,0.1644,0.08459,0.0136,0.04465,0.02644,0.03959,0.1982,0.1992,
2.157,0.2975,0.0826,0.07163,0.07366,0.1655,0.0851,0.01366,0.0448,0.02577,0.0396,0.1983,0.1993,
2.16,0.2845,0.08726,0.07174,0.07389,0.1649,0.08396,0.01366,0.04483,0.02578,0.03963,0.1985,0.1959,
2.159,0.2853,0.08624,0.07209,0.07378,0.1646,0.08383,0.01418,0.04422,0.02574,0.03957,0.2002,0.1956,
2.161,0.292,0.08567,0.07246,0.07375,0.1645,0.0827,0.01416,0.04418,0.02935,0.03695,0.1999,0.1964,
2.171,0.2913,0.08561,0.07243,0.07384,0.1645,0.08075,0.01416,0.04458,0.02895,0.0446,0.1922,0.1984,
2.172,0.2894,0.08551,0.07235,0.07402,0.1645,0.08075,0.01416,0.04458,0.03203,0.04151,0.1922,0.1984,
2.172,0.2901,0.08548,0.07228,0.07412,0.1645,0.0797,0.01416,0.04458,0.03371,0.03983,0.1922,0.1994,
2.171,0.284,0.08537,0.07219,0.07418,0.164,0.07966,0.01416,0.04456,0.03469,0.03881,0.1931,0.1993,
2.171,0.2868,0.0854,0.0721,0.07433,0.1636,0.08012,0.01373,0.04458,0.03611,0.03743,0.1932,0.1994,
2.171,0.271,0.08494,0.07238,0.07429,0.1635,0.08004,0.01426,0.04533,0.03603,0.03609,0.194,0.1992,
2.171,0.2717,0.08491,0.07245,0.07434,0.1631,0.08008,0.01426,0.04535,0.03692,0.03523,0.194,0.1993,
2.17,0.2737,0.0839,0.07271,0.07432,0.1629,0.07995,0.01424,0.04528,0.03687,0.03517,0.1957,0.199,
2.163,0.2764,0.08091,0.07282,0.07362,0.1654,0.07718,0.01372,0.04524,0.03683,0.03514,0.1965,0.2026,
2.148,0.2811,0.07864,0.07296,0.07365,0.1672,0.08181,0.008212,0.04453,0.03679,0.03511,0.1973,0.2039,
2.151,0.284,0.08069,0.07351,0.07369,0.1672,0.08181,0.008212,0.04453,0.03679,0.03511,0.1973,0.2012,
2.166,0.2705,0.0845,0.07333,0.07387,0.1672,0.08181,0.0346,0.01887,0.03694,0.03423,0.1973,0.1974,
2.165,0.2723,0.08432,0.07339,0.07317,0.1672,0.08077,0.0346,0.02114,0.03567,0.03323,0.1973,0.1993,
2.162,0.2784,0.08371,0.07271,0.07328,0.1672,0.07829,0.03493,0.02082,0.03656,0.03234,0.1983,0.2018,
2.163,0.2768,0.08503,0.07254,0.07331,0.1673,0.07832,0.03495,0.02082,0.03658,0.03236,0.1984,0.2004,
2.162,0.2799,0.08501,0.07246,0.07343,0.1673,0.07728,0.03495,0.02082,0.03747,0.03147,0.1984,0.2015,
2.161,0.2795,0.08492,0.07234,0.07339,0.1671,0.0772,0.03491,0.0208,0.03743,0.03143,0.1992,0.2013,
2.161,0.2825,0.08496,0.07237,0.07342,0.1668,0.07723,0.03575,0.01999,0.03837,0.03053,0.1993,0.2013,
2.158,0.2926,0.08482,0.07192,0.07221,0.1666,0.07766,0.03521,0.01997,0.04047,0.02836,0.2001,0.2027,
2.173,0.2953,0.08925,0.07206,0.07232,0.1666,0.07766,0.03521,0.02081,0.03963,0.03422,0.1942,0.1981,
2.17,0.295,0.08592,0.07195,0.07229,0.1697,0.07758,0.0355,0.02047,0.04084,0.03294,0.195,0.1979,
2.17,0.2974,0.08584,0.07181,0.0725,0.1697,0.07758,0.03582,0.02015,0.04084,0.03294,0.195,0.1979,
2.168,0.3035,0.08338,0.07164,0.07283,0.172,0.07758,0.03621,0.01975,0.04084,0.03294,0.195,0.1979,
2.166,0.3002,0.08304,0.07159,0.0729,0.1721,0.077,0.0358,0.01976,0.04086,0.03295,0.1951,0.199,
2.166,0.324,0.08229,0.07152,0.07309,0.1722,0.07706,0.03583,0.01977,0.04089,0.03298,0.1952,0.1991,
2.166,0.2978,0.08157,0.07157,0.07321,0.1749,0.07709,0.03585,0.02028,0.04183,0.03157,0.1953,0.1968,
2.167,0.3016,0.0816,0.0714,0.07336,0.1736,0.07726,0.03592,0.02032,0.04191,0.03164,0.1957,0.1972,
2.164,0.3025,0.08092,0.07142,0.07163,0.174,0.07718,0.03589,0.0203,0.04287,0.03061,0.1965,0.1987,
2.163,0.306,0.08084,0.07142,0.07172,0.174,0.07761,0.03546,0.0203,0.04337,0.03011,0.1965,0.1987,
2.163,0.3087,0.08034,0.07139,0.07203,0.1738,0.07753,0.03543,0.02028,0.04333,0.03008,0.1973,0.1985,
2.163,0.3153,0.08027,0.07134,0.07215,0.1738,0.07753,0.03575,0.01996,0.04333,0.03008,0.1973,0.1985,
2.162,0.3115,0.07993,0.07148,0.07212,0.1736,0.07745,0.03571,0.01994,0.04379,0.02955,0.1981,0.1983,
2.159,0.3171,0.07822,0.07129,0.07234,0.1751,0.07603,0.03572,0.02035,0.04439,0.02858,0.1982,0.1998,
2.162,0.3099,0.07803,0.07088,0.07245,0.1747,0.07602,0.03572,0.03768,0.02704,0.02858,0.1991,0.1998,
2.162,0.3109,0.07786,0.07095,0.07254,0.1747,0.07602,0.03572,0.03768,0.02704,0.02858,0.1991,0.1998,
2.138,0.3368,0.07988,0.07089,0.07258,0.1744,0.1,0.01409,0.03543,0.02707,0.0302,0.1977,0.1977,
2.136,0.3172,0.07975,0.07085,0.07171,0.1744,0.1003,0.01384,0.03543,0.02794,0.02932,0.1977,0.1988,
2.134,0.3028,0.07973,0.0708,0.07045,0.1744,0.09892,0.01384,0.03606,0.02731,0.02932,0.1977,0.2015,
2.136,0.2977,0.08235,0.0708,0.07055,0.1741,0.09897,0.01384,0.03688,0.02652,0.02933,0.1978,0.1989,
2.136,0.2995,0.082,0.07063,0.07063,0.1737,0.09877,0.01563,0.03539,0.02606,0.02927,0.1994,0.1985,
2.136,0.2969,0.08191,0.0706,0.07073,0.1737,0.09877,0.01563,0.03609,0.02537,0.02927,0.1994,0.1985,
2.134,0.3076,0.08161,0.07067,0.07086,0.1734,0.09789,0.01514,0.03612,0.02589,0.02868,0.1995,0.2002,
2.138,0.3068,0.08542,0.07078,0.07094,0.1734,0.09843,0.01461,0.03682,0.02519,0.02967,0.1985,0.1962,
2.136,0.3108,0.08462,0.07115,0.07104,0.1735,0.09685,0.01436,0.03684,0.0252,0.02969,0.1986,0.1981,
2.134,0.3187,0.083,0.07129,0.07111,0.1749,0.09498,0.01436,0.03684,0.0252,0.02969,0.1986,0.2,
2.133,0.3224,0.08292,0.07118,0.07109,0.1748,0.09488,0.01434,0.0372,0.02477,0.02966,0.1994,0.1998,
2.133,0.3308,0.08235,0.07063,0.07101,0.1748,0.09491,0.01492,0.03735,0.02407,0.02967,0.2005,0.1998,
2.13,0.3213,0.08186,0.07019,0.07128,0.1749,0.09248,0.01493,0.03811,0.02335,0.02969,0.2006,0.2025,
2.139,0.311,0.08262,0.06981,0.07137,0.175,0.09252,0.01494,0.03884,0.02265,0.03459,0.1958,0.2018,
2.137,0.3179,0.08021,0.06994,0.07123,0.1767,0.09233,0.01491,0.03977,0.02386,0.03227,0.1974,0.2014,
2.137,0.3217,0.08009,0.07006,0.07123,0.1767,0.09233,0.01491,0.04048,0.02431,0.0311,0.1974,0.2014,
2.136,0.314,0.08012,0.06992,0.07151,0.176,0.09054,0.01492,0.04051,0.02433,0.03113,0.1976,0.2035,
2.135,0.3174,0.08007,0.06987,0.07158,0.1751,0.09052,0.01492,0.04121,0.02361,0.03112,0.1985,0.2034,
2.135,0.3428,0.07993,0.06976,0.07173,0.1746,0.09064,0.01493,0.04126,0.02848,0.02625,0.1988,0.2037,
2.135,0.3298,0.07991,0.06982,0.07178,0.1742,0.09067,0.01494,0.04178,0.02799,0.02626,0.1989,0.2038,
2.137,0.3524,0.07989,0.06911,0.07219,0.1743,0.09097,0.03968,0.01681,0.028,0.02627,0.1989,0.2039,
2.137,0.3673,0.08091,0.06878,0.07216,0.1742,0.09091,0.03965,0.0172,0.02759,0.02625,0.1998,0.2025,
2.148,0.39,0.08313,0.06805,0.07244,0.1742,0.0914,0.03915,0.01719,0.02758,0.03129,0.1957,0.1999,
2.149,0.3402,0.08558,0.06755,0.07235,0.1739,0.09126,0.03909,0.01717,0.02754,0.03124,0.1974,0.1969,
2.149,0.3446,0.08551,0.06752,0.07246,0.1739,0.09126,0.03909,0.01717,0.02852,0.03026,0.1974,0.1969,
2.149,0.3321,0.08513,0.06708,0.07255,0.1722,0.09147,0.03918,0.01811,0.02768,0.03033,0.1989,0.1974,
2.149,0.3144,0.08506,0.06696,0.07275,0.1722,0.09147,0.03918,0.01811,0.02768,0.03033,0.1989,0.1974,
2.148,0.3231,0.08432,0.06732,0.0728,0.1723,0.09005,0.03919,0.01895,0.02686,0.03034,0.1989,0.1989,
2.159,0.3462,0.08418,0.06723,0.07281,0.1721,0.09046,0.03865,0.01943,0.02633,0.03657,0.1935,0.1987,
2.158,0.3219,0.08378,0.06724,0.07282,0.1714,0.09048,0.03866,0.01943,0.02634,0.03658,0.1945,0.1988,
2.157,0.3152,0.08273,0.06722,0.07302,0.1713,0.08947,0.03928,0.0189,0.02638,0.03663,0.1948,0.2003,
2.156,0.3216,0.08487,0.06739,0.07305,0.1713,0.0862,0.0397,0.01851,0.02639,0.03665,0.1949,0.201,
2.158,0.3392,0.08805,0.06772,0.07314,0.1707,0.08436,0.04039,0.01862,0.02569,0.03669,0.1951,0.1994,
2.158,0.3422,0.08797,0.0678,0.07326,0.1704,0.08489,0.03991,0.01942,0.02541,0.03621,0.1952,0.1995,
2.157,0.346,0.08769,0.06782,0.07337,0.1698,0.08395,0.03996,0.01944,0.02628,0.03541,0.1955,0.2008,
2.161,0.3495,0.09076,0.06773,0.07351,0.169,0.08397,0.04056,0.02423,0.02328,0.03305,0.1965,0.1974,
2.161,0.3508,0.09072,0.0678,0.07358,0.1687,0.084,0.04057,0.02541,0.02211,0.03306,0.1966,0.1975,
2.159,0.3538,0.09054,0.06716,0.07393,0.1683,0.08279,0.04049,0.02536,0.02207,0.033,0.1982,0.1982,
2.158,0.3581,0.09017,0.06753,0.07393,0.1683,0.08175,0.04106,0.02479,0.02207,0.033,0.1982,0.1992,
2.158,0.3585,0.0899,0.06749,0.07424,0.1683,0.08175,0.04106,0.02479,0.02207,0.033,0.1982,0.1992,
2.158,0.3689,0.08967,0.06751,0.07453,0.168,0.08178,0.04165,0.0249,0.0214,0.033,0.1982,0.1993,
2.157,0.3859,0.08933,0.06742,0.07432,0.1682,0.08185,0.04169,0.02492,0.02142,0.03303,0.1984,0.1994,
2.157,0.4046,0.0893,0.06716,0.07428,0.1682,0.08188,0.04227,0.02477,0.02267,0.0314,0.1985,0.1995,
2.158,0.3732,0.08904,0.06748,0.0744,0.1676,0.08195,0.0423,0.02478,0.02268,0.03142,0.1987,0.1997,
2.155,0.3703,0.0889,0.06718,0.07306,0.1674,0.08084,0.04266,0.02435,0.02346,0.03059,0.1995,0.2021,
2.157,0.3562,0.08975,0.0671,0.07284,0.1669,0.08059,0.04285,0.02446,0.02289,0.03214,0.2002,0.2002,
2.157,0.3554,0.08951,0.06729,0.07289,0.1669,0.08059,0.04285,0.02446,0.02289,0.03214,0.2002,0.2002,
2.156,0.3591,0.08948,0.0673,0.07292,0.1669,0.08005,0.04235,0.02538,0.02282,0.03128,0.2002,0.2013,
2.155,0.3675,0.08898,0.06729,0.07326,0.1654,0.07909,0.04239,0.02541,0.02285,0.03132,0.2014,0.2026,
2.159,0.3608,0.09033,0.06742,0.07345,0.1653,0.07922,0.04246,0.02545,0.02372,0.03139,0.2009,0.2004,
2.155,0.3599,0.08944,0.0675,0.07063,0.1642,0.07931,0.04251,0.02548,0.02375,0.03143,0.2021,0.2036,
2.167,0.3572,0.09228,0.06765,0.0707,0.1626,0.07936,0.04254,0.0255,0.02376,0.03696,0.1978,0.2009,
2.163,0.3638,0.08831,0.06796,0.0707,0.1663,0.0776,0.04319,0.02452,0.02376,0.03696,0.1978,0.2029,
2.164,0.3638,0.09066,0.0678,0.07065,0.1658,0.07807,0.04268,0.02451,0.0246,0.03607,0.1987,0.2004,
2.163,0.3667,0.09022,0.06789,0.07068,0.1659,0.07653,0.0427,0.02503,0.02551,0.03469,0.1988,0.202,
2.162,0.3738,0.09014,0.06774,0.07091,0.1659,0.07465,0.0427,0.02503,0.02691,0.03329,0.1988,0.2039,
2.164,0.4145,0.09351,0.06773,0.07097,0.1658,0.0746,0.0435,0.02469,0.02689,0.03276,0.1997,0.1998,
2.163,0.3428,0.09294,0.06727,0.07168,0.1659,0.07514,0.04302,0.0247,0.0269,0.03278,0.1998,0.1999,
2.163,0.3741,0.09288,0.06729,0.07172,0.1659,0.07514,0.04353,0.02419,0.0269,0.03278,0.1998,0.1999,
2.163,0.3376,0.0928,0.06724,0.07184,0.1659,0.07514,0.04353,0.02486,0.02623,0.03278,0.1998,0.1999,
2.16,0.3395,0.09274,0.06718,0.07197,0.1659,0.07514,0.04808,0.02031,0.02715,0.03185,0.1998,0.1999,
2.16,0.3423,0.09274,0.06712,0.07204,0.1659,0.07514,0.04865,0.01974,0.02883,0.03018,0.1998,0.1999,
2.159,0.3436,0.09237,0.06724,0.07205,0.1657,0.07506,0.0486,0.01972,0.02964,0.02931,0.2006,0.1997,
2.178,0.3438,0.09013,0.06719,0.07222,0.1678,0.07558,0.04809,0.01972,0.03015,0.04044,0.1889,0.1997,
2.177,0.3409,0.08968,0.06709,0.07227,0.1678,0.07596,0.0476,0.01971,0.03013,0.04042,0.1898,0.1996,
2.175,0.2984,0.08968,0.06695,0.07241,0.1678,0.07408,0.0476,0.01971,0.03013,0.04042,0.1898,0.2015,
2.177,0.2978,0.09238,0.06669,0.07238,0.1678,0.0741,0.04762,0.01972,0.03014,0.04044,0.1899,0.1989,
2.175,0.3018,0.09235,0.06668,0.07243,0.1678,0.07075,0.04762,0.01972,0.03276,0.03783,0.1899,0.2022,
2.174,0.308,0.09097,0.06707,0.07245,0.1688,0.07075,0.04794,0.0194,0.03276,0.03783,0.1899,0.2022,
2.175,0.3083,0.09204,0.06703,0.07252,0.1688,0.07075,0.04794,0.02004,0.03211,0.03783,0.1899,0.2011,
2.177,0.314,0.09469,0.06719,0.07254,0.1688,0.07075,0.04853,0.01945,0.03211,0.03783,0.1899,0.1983,
2.172,0.3201,0.0925,0.06743,0.07178,0.1698,0.06914,0.04969,0.01963,0.03062,0.03777,0.1915,0.2001,
2.171,0.3254,0.0934,0.06726,0.07185,0.1706,0.06758,0.04964,0.02042,0.02979,0.03774,0.1922,0.1995,
2.147,0.3282,0.09309,0.06744,0.07198,0.1706,0.09609,0.02112,0.02042,0.03113,0.0364,0.1922,0.1995,
2.147,0.3291,0.09237,0.06789,0.07209,0.1703,0.09611,0.02114,0.02044,0.03199,0.03559,0.1924,0.1997,
2.148,0.3335,0.09226,0.06816,0.07227,0.169,0.09627,0.02118,0.02047,0.03205,0.03565,0.1927,0.2,
2.148,0.3306,0.09231,0.06781,0.07276,0.1683,0.09635,0.0212,0.02049,0.03207,0.03568,0.1929,0.2002,
2.148,0.332,0.09232,0.06783,0.07289,0.1676,0.09694,0.02071,0.02091,0.0317,0.03571,0.1931,0.2003,
2.147,0.3336,0.09237,0.06795,0.07298,0.1666,0.09684,0.02032,0.02094,0.03174,0.03576,0.1933,0.2012,
2.148,0.3332,0.09237,0.0678,0.07323,0.1662,0.09688,0.02033,0.02145,0.03124,0.03577,0.1934,0.2013,
2.148,0.3363,0.0961,0.06791,0.07323,0.1662,0.09414,0.02007,0.02185,0.03084,0.03577,0.1934,0.2005,
2.147,0.3413,0.09449,0.06811,0.07327,0.1662,0.09467,0.01963,0.02187,0.03525,0.03141,0.1945,0.2006,
2.148,0.3442,0.0938,0.06843,0.07332,0.1663,0.09471,0.02004,0.02287,0.03388,0.03142,0.1946,0.2007,
2.147,0.3458,0.09381,0.06836,0.07348,0.1659,0.09369,0.02005,0.02288,0.03389,0.03143,0.1946,0.2018,
2.146,0.3506,0.0938,0.06809,0.07373,0.1651,0.09409,0.01964,0.02396,0.03279,0.03143,0.1956,0.2018,
2.148,0.3369,0.09865,0.06796,0.07378,0.1651,0.09207,0.01939,0.02397,0.03281,0.03144,0.1957,0.1991,
2.147,0.3409,0.09861,0.068,0.07384,0.1639,0.09249,0.01899,0.02398,0.03282,0.03145,0.1967,0.1992,
2.146,0.3384,0.09802,0.06794,0.07388,0.163,0.09243,0.01898,0.02396,0.03279,0.03142,0.1985,0.199,
2.145,0.349,0.096,0.06804,0.07399,0.1648,0.09243,0.01898,0.02396,0.03279,0.03142,0.1985,0.199,
2.143,0.3652,0.09561,0.06822,0.0742,0.1648,0.09148,0.01813,0.02396,0.03279,0.03142,0.1985,0.2008,
2.142,0.3517,0.09555,0.06812,0.07422,0.1643,0.09037,0.01812,0.02394,0.03277,0.03141,0.1994,0.2018,
2.143,0.3529,0.09672,0.06797,0.07431,0.1644,0.09041,0.01813,0.02395,0.03279,0.03142,0.1995,0.2004,
2.142,0.3355,0.09618,0.0682,0.07435,0.1632,0.09094,0.01767,0.02396,0.03281,0.03144,0.2006,0.2006,
2.142,0.3412,0.0958,0.06826,0.07466,0.1623,0.0911,0.0177,0.024,0.03455,0.0298,0.201,0.2009,
2.142,0.3476,0.09705,0.06855,0.07473,0.1619,0.08934,0.01771,0.02476,0.03382,0.02981,0.2011,0.2013,
2.141,0.3463,0.09651,0.06871,0.07462,0.1616,0.08916,0.01767,0.02471,0.03375,0.02975,0.2027,0.2009,
2.144,0.3547,0.09639,0.06864,0.07482,0.1616,0.08916,0.01767,0.02471,0.03468,0.03067,0.2008,0.2009,
2.144,0.3579,0.09569,0.069,0.07483,0.1617,0.0892,0.01822,0.02417,0.0368,0.02857,0.2009,0.2009,
2.144,0.3587,0.09573,0.06883,0.07507,0.1613,0.08924,0.01877,0.02364,0.03682,0.02859,0.201,0.201,
2.14,0.3654,0.09561,0.06869,0.07509,0.1611,0.08818,0.01865,0.02321,0.04249,0.02285,0.2018,0.2023,
2.139,0.3673,0.09544,0.06863,0.07518,0.1606,0.08812,0.01864,0.0232,0.04297,0.02234,0.2027,0.2022,
2.137,0.3734,0.09482,0.06867,0.07518,0.1612,0.08665,0.01864,0.0232,0.04297,0.02234,0.2027,0.2037,
2.134,0.3715,0.09445,0.06885,0.07513,0.161,0.08467,0.01862,0.02318,0.04419,0.02105,0.2035,0.2053,
2.146,0.376,0.09633,0.06842,0.07512,0.161,0.08491,0.01901,0.02253,0.04418,0.02627,0.1992,0.203,
2.147,0.3548,0.09759,0.0683,0.07523,0.1611,0.08494,0.01901,0.02254,0.0442,0.02628,0.1993,0.2015,
2.147,0.3625,0.09903,0.06825,0.07515,0.1609,0.08402,0.01878,0.02319,0.04348,0.02625,0.2001,0.2008,
2.147,0.3479,0.09888,0.06829,0.07526,0.1609,0.08402,0.01878,0.02319,0.04348,0.02625,0.2001,0.2008,
2.146,0.3509,0.09858,0.06817,0.07537,0.161,0.08332,0.01879,0.02338,0.0435,0.02576,0.2002,0.202,
2.146,0.352,0.1003,0.06845,0.07543,0.161,0.08383,0.01829,0.02338,0.0435,0.02576,0.2002,0.1999,
2.146,0.352,0.09893,0.0684,0.07548,0.1623,0.08383,0.01869,0.02297,0.0435,0.02576,0.2002,0.1999,
2.144,0.3416,0.09871,0.06833,0.07552,0.1621,0.08227,0.01867,0.02295,0.04346,0.02573,0.201,0.2012,
2.144,0.3588,0.09831,0.06855,0.07571,0.1621,0.08227,0.01867,0.02413,0.04379,0.02422,0.201,0.2012,
2.15,0.3542,0.1007,0.0688,0.07576,0.1618,0.08231,0.01868,0.02414,0.04381,0.02611,0.1992,0.1987,
2.148,0.3511,0.09792,0.06878,0.07593,0.1644,0.08231,0.01868,0.02414,0.04474,0.02519,0.1992,0.1987,
2.147,0.3508,0.09726,0.06855,0.07606,0.1649,0.08281,0.01821,0.02415,0.04475,0.0252,0.1993,0.1988,
2.147,0.3635,0.09723,0.0685,0.07615,0.1649,0.08281,0.01821,0.02415,0.04475,0.0252,0.1993,0.1988,
2.143,0.3655,0.09321,0.0685,0.07612,0.1686,0.08126,0.0182,0.02412,0.04471,0.02517,0.2001,0.2001,
2.157,0.3461,0.09307,0.06839,0.07614,0.1684,0.08749,0.01794,0.01802,0.04576,0.03699,0.1879,0.1999,
2.157,0.3505,0.09251,0.06866,0.0761,0.1685,0.08606,0.01795,0.0187,0.0451,0.03701,0.188,0.2014,
2.156,0.3542,0.09174,0.06873,0.07606,0.1701,0.08627,0.01768,0.01869,0.04508,0.03699,0.1889,0.1998,
2.155,0.3547,0.09163,0.06864,0.07605,0.17,0.08619,0.01856,0.01778,0.04504,0.03695,0.1896,0.1996,
2.155,0.3562,0.09137,0.06841,0.07494,0.1699,0.08614,0.01855,0.01877,0.04401,0.03693,0.1905,0.2005,
2.153,0.3569,0.09336,0.06832,0.07355,0.1697,0.08459,0.01853,0.01876,0.04397,0.0369,0.1913,0.2011,
2.155,0.3559,0.09644,0.06832,0.07375,0.169,0.08517,0.01805,0.01877,0.04484,0.03609,0.1914,0.1981,
2.154,0.3601,0.09608,0.06813,0.07375,0.169,0.08512,0.01804,0.01876,0.04482,0.03607,0.1923,0.198,
2.154,0.3556,0.09594,0.06803,0.07381,0.1685,0.08508,0.01803,0.01942,0.04412,0.03605,0.1931,0.1979,
2.155,0.3673,0.09563,0.06821,0.07393,0.1685,0.08508,0.01803,0.01982,0.04519,0.03459,0.1931,0.1979,
2.153,0.3645,0.09369,0.06824,0.07388,0.1694,0.08495,0.01859,0.01961,0.04472,0.03453,0.1948,0.1976,
2.153,0.3839,0.09343,0.06817,0.07398,0.1693,0.08487,0.0191,0.01905,0.04467,0.0345,0.1955,0.1974,
2.151,0.3772,0.09294,0.06814,0.07396,0.1692,0.0833,0.01909,0.01904,0.04465,0.03448,0.1964,0.1988,
2.146,0.3839,0.08823,0.06824,0.07285,0.1734,0.08322,0.01948,0.01862,0.0446,0.03445,0.1972,0.1997,
2.146,0.3662,0.08826,0.06827,0.07295,0.1728,0.08329,0.01949,0.01863,0.04556,0.03355,0.1974,0.1998,
2.145,0.3613,0.08794,0.06843,0.07298,0.1723,0.08374,0.01952,0.01808,0.04553,0.03353,0.1982,0.1997,
2.146,0.362,0.08798,0.06852,0.07313,0.1713,0.08384,0.02008,0.01757,0.04558,0.03357,0.1985,0.2,
2.149,0.358,0.09208,0.06845,0.07323,0.1713,0.08388,0.02102,0.01664,0.0456,0.03359,0.1986,0.1956,
2.148,0.3589,0.09187,0.06832,0.0732,0.1707,0.08374,0.02099,0.01661,0.04553,0.03353,0.2003,0.1953,
2.154,0.3588,0.09165,0.06831,0.0732,0.1705,0.08366,0.02097,0.01659,0.0464,0.03612,0.1975,0.1951,
2.15,0.373,0.09134,0.06806,0.0733,0.17,0.08364,0.02097,0.01659,0.05336,0.02915,0.1985,0.1951,
2.147,0.3676,0.09102,0.06812,0.07334,0.1699,0.08243,0.0202,0.01658,0.0533,0.02912,0.1993,0.1967,
2.146,0.3657,0.09076,0.06825,0.07346,0.1699,0.08098,0.0207,0.01608,0.0533,0.02912,0.1993,0.1982,
2.146,0.3652,0.09069,0.06828,0.07351,0.1699,0.08098,0.0207,0.01608,0.0533,0.02912,0.1993,0.1982,
2.147,0.367,0.09069,0.06813,0.07366,0.1699,0.08098,0.0207,0.01715,0.05222,0.02912,0.1993,0.1982,
2.147,0.3665,0.09064,0.06812,0.07373,0.1699,0.08098,0.0207,0.01715,0.05222,0.02912,0.1993,0.1982,
2.156,0.3869,0.09009,0.06797,0.07357,0.1699,0.08197,0.0202,0.01664,0.05222,0.03563,0.1937,0.1982,
2.157,0.3732,0.0896,0.06795,0.07368,0.1693,0.08206,0.02024,0.01717,0.0518,0.03569,0.194,0.1985,
2.157,0.3653,0.08937,0.068,0.07372,0.1688,0.08201,0.02022,0.01716,0.05178,0.03567,0.1949,0.1984,
2.156,0.3656,0.08917,0.06788,0.07382,0.1686,0.08193,0.0202,0.01714,0.05173,0.03563,0.1957,0.1982,
2.155,0.367,0.08871,0.06766,0.07392,0.1688,0.08185,0.02098,0.01633,0.05259,0.03468,0.1964,0.198,
2.153,0.3729,0.08599,0.06738,0.07383,0.1713,0.08216,0.02057,0.01772,0.05166,0.03416,0.1973,0.1979,
2.153,0.375,0.08579,0.06729,0.0739,0.1711,0.08208,0.02055,0.0177,0.05161,0.03413,0.1981,0.1977,
2.151,0.3896,0.08563,0.0673,0.07382,0.171,0.082,0.02053,0.01768,0.05426,0.0314,0.1989,0.1975,
2.147,0.3918,0.08127,0.06726,0.07387,0.1747,0.08195,0.02052,0.01767,0.05591,0.0297,0.1998,0.1974,
2.143,0.3935,0.08086,0.06727,0.07398,0.1745,0.08202,0.02054,0.01769,0.06008,0.0256,0.1999,0.1976,
2.152,0.3878,0.07993,0.06726,0.07403,0.1754,0.08202,0.02107,0.01715,0.06008,0.03009,0.1955,0.1976,
2.15,0.3678,0.07927,0.06716,0.0741,0.1754,0.08197,0.02106,0.01714,0.06054,0.02958,0.1963,0.1974,
2.161,0.3959,0.07912,0.06714,0.07404,0.1752,0.08018,0.02153,0.04393,0.03318,0.02955,0.1971,0.199,
2.161,0.3956,0.07912,0.06714,0.07404,0.1752,0.08018,0.02153,0.04393,0.03401,0.02872,0.1971,0.199,
2.165,0.3965,0.08505,0.06717,0.07404,0.1752,0.08064,0.02108,0.04393,0.03401,0.02872,0.1971,0.193,
2.165,0.3965,0.08467,0.06711,0.07416,0.1753,0.08067,0.02109,0.04395,0.03452,0.02823,0.1972,0.1931,
2.165,0.392,0.08444,0.0673,0.0742,0.1753,0.08067,0.02109,0.04395,0.03452,0.02823,0.1972,0.1931,
2.165,0.3946,0.08377,0.06713,0.07435,0.1758,0.0807,0.0211,0.04397,0.03453,0.02825,0.1973,0.1932,
2.162,0.4002,0.08354,0.06706,0.0742,0.1754,0.08129,0.02031,0.04388,0.03446,0.02819,0.1989,0.1928,
2.161,0.3853,0.08181,0.06679,0.07431,0.1771,0.08132,0.02032,0.0439,0.03531,0.02737,0.1989,0.1929,
2.151,0.3673,0.0803,0.0669,0.0744,0.1784,0.08832,0.01332,0.0444,0.03672,0.02679,0.1976,0.1929,
2.15,0.3722,0.07885,0.06692,0.07458,0.1791,0.08839,0.01333,0.04444,0.03675,0.02682,0.1978,0.193,
2.149,0.3787,0.07747,0.06725,0.07462,0.1796,0.08847,0.01335,0.04447,0.03678,0.02684,0.1979,0.1932,
2.153,0.3729,0.07719,0.06722,0.0745,0.1793,0.08829,0.01332,0.04438,0.03671,0.0293,0.197,0.1928,
2.153,0.3977,0.07595,0.06739,0.07465,0.1797,0.08702,0.0149,0.04285,0.0384,0.02767,0.1972,0.1943,
2.153,0.3681,0.0758,0.06747,0.07454,0.1794,0.08709,0.01492,0.04288,0.03924,0.02688,0.1973,0.1945,
2.153,0.3727,0.07554,0.06779,0.07465,0.1787,0.08716,0.01493,0.04365,0.03855,0.0269,0.1975,0.1946,
2.153,0.3725,0.07561,0.0678,0.07476,0.1781,0.08722,0.01494,0.04368,0.03858,0.02692,0.1977,0.1948,
2.153,0.3711,0.07554,0.06776,0.07474,0.1775,0.08717,0.01493,0.04366,0.03856,0.0269,0.1985,0.1947,
2.154,0.3694,0.07528,0.06771,0.07499,0.1766,0.08778,0.01449,0.04446,0.03789,0.02789,0.1979,0.195,
2.153,0.3772,0.07517,0.06734,0.07515,0.1767,0.08782,0.01449,0.04448,0.03907,0.02674,0.198,0.1951,
2.153,0.3482,0.07512,0.06738,0.07515,0.1767,0.08782,0.01449,0.04448,0.03907,0.02674,0.198,0.1951,
2.151,0.3488,0.07485,0.06722,0.07537,0.1765,0.08638,0.01448,0.04443,0.04019,0.02555,0.1988,0.1962,
2.156,0.3436,0.07465,0.06706,0.07553,0.1763,0.08443,0.01446,0.04439,0.04107,0.02842,0.1957,0.1979,
2.154,0.3463,0.07288,0.06707,0.07538,0.1775,0.08427,0.01444,0.0443,0.04148,0.02787,0.1973,0.1975,
2.152,0.3478,0.0728,0.06701,0.07553,0.1775,0.0824,0.01444,0.0443,0.04148,0.02787,0.1973,0.1994,
2.15,0.3507,0.07243,0.06647,0.07532,0.177,0.08275,0.01402,0.04533,0.04039,0.02785,0.1992,0.1992,
2.15,0.3533,0.07182,0.06644,0.07522,0.1769,0.08273,0.01451,0.04522,0.03999,0.02785,0.2001,0.1992,
2.149,0.366,0.07175,0.06627,0.07524,0.1767,0.08265,0.0145,0.04518,0.04045,0.02732,0.2009,0.199,
2.149,0.3685,0.07115,0.06644,0.07537,0.1768,0.08269,0.0145,0.0452,0.04046,0.02733,0.201,0.1991,
2.18,0.3789,0.07465,0.06643,0.07534,0.1776,0.08303,0.03804,0.02118,0.04042,0.04027,0.1888,0.1943,
2.178,0.3724,0.07456,0.06635,0.0753,0.1758,0.08118,0.03805,0.02118,0.04126,0.03945,0.1907,0.1962,
2.178,0.3726,0.07437,0.0663,0.07533,0.1756,0.0811,0.03801,0.02166,0.04072,0.03941,0.1915,0.196,
2.178,0.3744,0.07411,0.06638,0.07531,0.1754,0.08103,0.03798,0.02164,0.04068,0.03938,0.1923,0.1958,
2.179,0.3722,0.07296,0.06638,0.07554,0.1764,0.08103,0.03798,0.03568,0.02664,0.03938,0.1923,0.1958,
2.179,0.3762,0.07278,0.06651,0.07558,0.1764,0.08103,0.03798,0.03568,0.02664,0.03938,0.1923,0.1958,
2.179,0.3673,0.0726,0.06668,0.07568,0.176,0.08106,0.03799,0.03569,0.02665,0.03939,0.1923,0.1959,
2.175,0.3565,0.07182,0.06664,0.07561,0.1759,0.08502,0.03385,0.03564,0.02661,0.03933,0.194,0.1956,
2.174,0.3588,0.07194,0.06668,0.0758,0.1746,0.08402,0.0339,0.0357,0.02665,0.03939,0.1943,0.197,
2.174,0.3815,0.07194,0.06658,0.0759,0.1746,0.08402,0.03454,0.03506,0.02665,0.03939,0.1943,0.197,
2.172,0.356,0.07196,0.06634,0.07605,0.1744,0.08112,0.03455,0.03508,0.02667,0.03941,0.1944,0.2,
2.169,0.3591,0.0719,0.06623,0.07434,0.1744,0.07966,0.03455,0.03508,0.02667,0.03941,0.1944,0.2034,
2.169,0.3639,0.07179,0.06623,0.07453,0.1741,0.07969,0.03515,0.0349,0.02628,0.03942,0.1944,0.2035,
2.17,0.356,0.07289,0.06639,0.07466,0.1729,0.0797,0.03515,0.03491,0.02629,0.03943,0.1955,0.2022,
2.171,0.3729,0.07261,0.06679,0.07493,0.1704,0.07985,0.03522,0.03498,0.02634,0.03949,0.1968,0.2026,
2.167,0.3393,0.07258,0.06658,0.07388,0.1704,0.07735,0.03562,0.03458,0.02634,0.03949,0.1968,0.2064,
2.167,0.3482,0.07219,0.06664,0.07398,0.1701,0.07741,0.03565,0.03526,0.02571,0.03953,0.197,0.2065,
2.165,0.3507,0.07074,0.06672,0.07401,0.1711,0.07734,0.03561,0.03522,0.02628,0.03889,0.1978,0.2063,
2.165,0.3578,0.06933,0.06662,0.07399,0.172,0.07729,0.03559,0.0356,0.02914,0.03559,0.1987,0.2062,
2.18,0.3559,0.0713,0.06681,0.07408,0.172,0.07729,0.03559,0.0356,0.03046,0.04207,0.1909,0.204,
2.184,0.3522,0.07568,0.06666,0.0743,0.172,0.07729,0.03559,0.0356,0.03046,0.04207,0.1909,0.1995,
2.185,0.3533,0.07534,0.06676,0.07448,0.171,0.07742,0.03565,0.03566,0.03051,0.04214,0.1912,0.1998,
2.185,0.3523,0.07529,0.06677,0.07452,0.171,0.07742,0.03565,0.03639,0.02978,0.04214,0.1912,0.1998,
2.187,0.3555,0.07707,0.06676,0.07474,0.1711,0.07748,0.03568,0.03682,0.0294,0.04218,0.1913,0.1975,
2.186,0.355,0.07687,0.06646,0.07482,0.1707,0.07734,0.03561,0.03675,0.02935,0.0421,0.1929,0.1971,
2.186,0.374,0.07683,0.06651,0.07489,0.1704,0.07737,0.03612,0.03627,0.02936,0.04211,0.193,0.1972,
2.186,0.355,0.07675,0.06643,0.07514,0.1701,0.0774,0.03646,0.03596,0.02937,0.04213,0.193,0.1972,
2.185,0.3531,0.07622,0.06633,0.07516,0.1696,0.07797,0.03588,0.03597,0.02938,0.04214,0.1941,0.1973,
2.183,0.3573,0.07601,0.0662,0.07518,0.1697,0.079,0.03456,0.03559,0.02939,0.04215,0.1941,0.1981,
2.182,0.356,0.07586,0.06627,0.07521,0.1692,0.07803,0.0349,0.0353,0.02942,0.04219,0.1943,0.1993,
2.182,0.354,0.07578,0.0663,0.07525,0.1692,0.07843,0.03451,0.0353,0.02942,0.04219,0.1943,0.1993,
2.182,0.3579,0.07569,0.06631,0.07534,0.1692,0.07843,0.03451,0.0353,0.03025,0.04136,0.1943,0.1993,
2.179,0.361,0.07433,0.06646,0.07439,0.1701,0.07928,0.0337,0.03531,0.03026,0.04138,0.1944,0.2004,
2.18,0.3646,0.07677,0.06646,0.07438,0.1704,0.07755,0.0342,0.03475,0.03023,0.04134,0.1952,0.1988,
2.18,0.3508,0.07664,0.06618,0.07458,0.1702,0.07747,0.03417,0.03471,0.03144,0.04005,0.196,0.1986,
2.179,0.3539,0.07515,0.06605,0.07476,0.1714,0.0775,0.03418,0.03473,0.03243,0.03909,0.196,0.1987,
2.177,0.3549,0.07496,0.0663,0.07497,0.1703,0.078,0.03383,0.04236,0.02488,0.03914,0.1963,0.1989,
2.177,0.355,0.07495,0.06629,0.07496,0.1695,0.07848,0.03332,0.04235,0.02579,0.03822,0.1972,0.1989,
2.175,0.3561,0.07482,0.06643,0.07503,0.1692,0.07686,0.03334,0.04237,0.0258,0.03823,0.1973,0.2006,
2.179,0.3603,0.07834,0.06594,0.07536,0.1692,0.07689,0.03335,0.04239,0.02835,0.03571,0.1974,0.197,
2.188,0.3609,0.07732,0.06574,0.07543,0.17,0.07682,0.03332,0.04234,0.0293,0.04082,0.1921,0.1969,
2.187,0.3609,0.07567,0.06578,0.07546,0.1716,0.07682,0.03332,0.04234,0.0293,0.04082,0.1921,0.1969,
2.186,0.3628,0.07548,0.06583,0.0756,0.1716,0.07658,0.03294,0.04234,0.03046,0.03966,0.1921,0.1975,
2.187,0.3632,0.07545,0.06579,0.07566,0.1716,0.07658,0.03326,0.04202,0.03285,0.03728,0.1921,0.1975,
2.186,0.3653,0.07501,0.06544,0.07578,0.171,0.07649,0.03322,0.04198,0.03364,0.03641,0.1938,0.1973,
2.186,0.3723,0.07495,0.06542,0.07586,0.171,0.07649,0.03354,0.04166,0.03726,0.03279,0.1938,0.1973,
2.184,0.3728,0.07474,0.06524,0.07592,0.1703,0.07637,0.03349,0.0416,0.04242,0.02752,0.1954,0.197,
2.183,0.3702,0.07479,0.06523,0.076,0.1688,0.07717,0.03276,0.04162,0.04244,0.02753,0.1965,0.1971,
2.183,0.3688,0.07469,0.06517,0.07616,0.1688,0.07717,0.03276,0.04162,0.04335,0.02662,0.1965,0.1971,
2.182,0.3763,0.0745,0.06543,0.07622,0.1683,0.07717,0.03337,0.04107,0.0448,0.02523,0.1967,0.1973,
2.182,0.3712,0.07441,0.06533,0.07641,0.1683,0.07717,0.03337,0.04107,0.0448,0.02523,0.1967,0.1973,
2.178,0.387,0.06971,0.06512,0.07652,0.1727,0.07709,0.03333,0.04103,0.04475,0.02521,0.1975,0.1971,
2.177,0.3979,0.06965,0.06502,0.07648,0.1725,0.07702,0.0333,0.04147,0.04423,0.02518,0.1983,0.1969,
2.178,0.376,0.0695,0.06527,0.07654,0.1718,0.07708,0.03333,0.0415,0.04427,0.0252,0.1984,0.197,
2.155,0.393,0.06949,0.0653,0.07661,0.1715,0.09494,0.01551,0.04152,0.04428,0.02521,0.1985,0.1971,
2.175,0.3339,0.07371,0.06541,0.07557,0.1713,0.09534,0.015,0.04214,0.04358,0.03457,0.1899,0.1934,
2.174,0.3261,0.07364,0.06526,0.07565,0.1709,0.09529,0.01499,0.0429,0.04278,0.03455,0.1908,0.1933,
2.173,0.3316,0.07279,0.06522,0.07573,0.1717,0.09529,0.01499,0.04445,0.04263,0.03314,0.1908,0.1933,
2.172,0.3387,0.07046,0.06595,0.07586,0.1729,0.09533,0.015,0.04447,0.04265,0.03315,0.1909,0.1934,
2.172,0.3377,0.07049,0.06567,0.07599,0.1726,0.09541,0.01501,0.04451,0.04318,0.03259,0.191,0.1936,
2.172,0.3361,0.07045,0.06582,0.07605,0.1719,0.09548,0.01503,0.04454,0.04321,0.03262,0.1912,0.1937,
2.172,0.329,0.07025,0.06599,0.07607,0.1719,0.09548,0.01503,0.04521,0.04255,0.03262,0.1912,0.1937,
2.172,0.3293,0.07025,0.06587,0.07623,0.1716,0.09552,0.01503,0.04522,0.04257,0.03263,0.1913,0.1938,
2.173,0.3328,0.07014,0.06611,0.07636,0.1706,0.09564,0.01505,0.04528,0.04262,0.03267,0.1915,0.194,
2.171,0.3344,0.07008,0.06621,0.07637,0.1694,0.09362,0.01506,0.04529,0.04263,0.03268,0.1925,0.1961,
2.171,0.3337,0.06959,0.06625,0.0765,0.1695,0.09366,0.01506,0.04604,0.04192,0.0327,0.1926,0.1962,
2.17,0.3381,0.06942,0.06635,0.07672,0.1688,0.0927,0.01507,0.04608,0.04312,0.03156,0.1927,0.1974,
2.169,0.3377,0.07023,0.06629,0.07671,0.1686,0.09096,0.01506,0.04604,0.04308,0.03153,0.1935,0.1979,
2.169,0.3457,0.06966,0.06639,0.0767,0.1682,0.09095,0.01506,0.04603,0.04307,0.03153,0.1945,0.1979,
2.166,0.3423,0.06676,0.06634,0.07674,0.1705,0.0909,0.01505,0.04601,0.04305,0.03151,0.1953,0.1978,
2.166,0.3372,0.06644,0.06647,0.07675,0.1701,0.09085,0.01504,0.04598,0.04302,0.03149,0.1962,0.1977,
2.165,0.3393,0.06631,0.06641,0.07693,0.1701,0.09022,0.01504,0.04598,0.04302,0.03149,0.1962,0.1983,
2.164,0.3403,0.06631,0.06638,0.07697,0.1701,0.09072,0.01454,0.04598,0.04435,0.03016,0.1962,0.1983,
2.163,0.3415,0.06598,0.06624,0.07711,0.1701,0.09076,0.01455,0.046,0.04437,0.03018,0.1963,0.1984,
2.161,0.3447,0.06598,0.06624,0.07711,0.1701,0.08894,0.01455,0.046,0.04678,0.02777,0.1963,0.2002,
2.159,0.346,0.06595,0.06627,0.07711,0.1701,0.08693,0.01455,0.046,0.04678,0.02777,0.1963,0.2022,
2.162,0.3489,0.07024,0.0662,0.07719,0.1697,0.08625,0.01454,0.0467,0.04809,0.02568,0.1971,0.1983,
2.165,0.3581,0.07265,0.06611,0.07728,0.1697,0.08651,0.01491,0.04608,0.04809,0.02568,0.1971,0.1959,
2.173,0.3478,0.0736,0.06587,0.07603,0.1699,0.08505,0.01488,0.04599,0.04932,0.02999,0.193,0.1963,
2.172,0.3489,0.07284,0.06553,0.07618,0.1702,0.085,0.01487,0.04596,0.0493,0.02997,0.1939,0.1962,
2.169,0.3507,0.07229,0.06555,0.07619,0.1701,0.08396,0.01451,0.04586,0.04917,0.02983,0.1948,0.1978,
2.162,0.3594,0.07207,0.06568,0.07627,0.1701,0.08396,0.01451,0.0659,0.02913,0.02983,0.1948,0.1978,
2.165,0.3518,0.07736,0.06544,0.07651,0.1701,0.08257,0.01426,0.0659,0.02913,0.02983,0.1948,0.1941,
2.165,0.3523,0.07736,0.06533,0.07662,0.1701,0.08257,0.01426,0.0659,0.02913,0.02983,0.1948,0.1941,
2.165,0.3551,0.07707,0.06557,0.07666,0.1701,0.08307,0.01426,0.0654,0.02971,0.02925,0.1948,0.1941,
2.165,0.3541,0.07654,0.06571,0.07673,0.1702,0.0831,0.01427,0.06543,0.02972,0.02926,0.1948,0.1942,
2.164,0.3631,0.07646,0.06552,0.07702,0.1699,0.08314,0.01427,0.06586,0.02933,0.02928,0.1949,0.1943,
2.164,0.3558,0.07588,0.0656,0.07704,0.1693,0.08316,0.01428,0.06587,0.03108,0.02755,0.196,0.1943,
2.163,0.3606,0.0758,0.06572,0.07719,0.1686,0.08273,0.01417,0.06593,0.0311,0.02757,0.1961,0.1951,
2.162,0.3589,0.07572,0.06555,0.07711,0.1681,0.08165,0.01416,0.06589,0.03109,0.02755,0.197,0.1962,
