R-TfaEn,REn,RabA,RabB,RabC,RabD,RabE,RabF,RabG,RabH,RabI,TfaEn,area,cMHCIEn,exCxEn,imCxEn,membraneMarker,mvb,oMHCIEn,ovaEn,pepEn,pepMHCIEn,protonEn,solubleMarker,volume,
6.1E-42,2.7,3199999.9999999995,0.0,0.0,0.0,0.0,0.0,0.0,0.0,0.0,0.47,3199999.9999999995,36.0,0.0,0.0,0.0,2.0,4.3E-6,0.0,0.0,0.0,37000.0,1.0,5.0E8,
5.1E-42,2.7,3199999.9999999995,0.0,0.0,0.0,0.0,0.0,0.0,0.0,0.0,0.47,3199999.9999999995,36.0,0.0,0.0,0.0,4.0,4.5E-5,0.0,0.0,0.0,65000.0,1.0,5.0E8,
5.1E-42,2.7,3199999.9999999995,0.0,0.0,0.0,0.0,0.0,0.0,0.0,0.0,0.47,3199999.9999999995,36.0,0.0,0.0,0.0,4.0,1.4E-4,0.0,0.0,0.0,84000.0,1.0,5.0E8,
5.1E-42,2.7,3199999.9999999995,0.0,0.0,0.0,0.0,0.0,0.0,0.0,0.0,0.47,3199999.9999999995,36.0,0.0,0.0,0.0,4.0,4.3E-4,0.0,0.0,0.0,110000.0,1.0,5.0E8,
5.1E-42,2.7,3199999.9999999995,0.0,0.0,0.0,0.0,0.0,0.0,0.0,0.0,0.47,3199999.9999999995,36.0,0.0,0.0,0.0,5.0,8.1E-4,0.0,0.0,0.0,120000.0,1.0,5.0E8,
5.0E-42,2.7,3199999.9999999995,0.0,0.0,0.0,0.0,0.0,0.0,0.0,0.0,0.47,3199999.9999999995,36.0,0.0,0.0,0.0,6.0,0.0017,0.0,0.0,0.0,140000.0,1.0,5.0E8,
5.0E-42,2.7,3199999.9999999995,0.0,0.0,0.0,0.0,0.0,0.0,0.0,0.0,0.47,3199999.9999999995,36.0,0.0,0.0,0.0,8.0,0.003,0.0,0.0,0.0,160000.0,1.0,5.0E8,
5.0E-42,2.7,3199999.9999999995,0.0,0.0,0.0,0.0,0.0,0.0,0.0,0.0,0.47,3199999.9999999995,36.0,0.0,0.0,0.0,9.0,0.0047,0.0,0.0,0.0,170000.0,1.0,5.0E8,
5.0E-42,2.7,3199999.9999999995,0.0,0.0,0.0,0.0,0.0,0.0,0.0,0.0,0.47,3199999.9999999995,36.0,0.0,0.0,0.0,10.0,0.0061,0.0,0.0,0.0,180000.0,1.0,5.0E8,
5.0E-42,2.7,3099999.9999999995,0.0,0.0,0.0,0.0,0.0,0.0,0.0,0.0,0.47,3099999.9999999995,36.0,0.0,0.0,0.0,11.0,0.0072,0.0,0.0,0.0,190000.0,1.0,5.0E8,
5.0E-42,2.7,3099999.9999999995,0.0,0.0,0.0,0.0,0.0,0.0,0.0,0.0,0.47,3099999.9999999995,36.0,0.0,0.0,0.0,13.0,0.0095,0.0,0.0,0.0,200000.0,1.0,5.0E8,
5.0E-42,2.7,3099999.9999999995,0.0,0.0,0.0,0.0,0.0,0.0,0.0,0.0,0.47,3099999.9999999995,36.0,0.0,0.0,0.0,14.0,0.013,0.0,0.0,0.0,210000.0,1.0,5.0E8,
4.9E-42,2.7,3099999.9999999995,0.0,0.0,0.0,0.0,0.0,0.0,0.0,0.0,0.47,3099999.9999999995,35.0,0.0,0.0,0.0,18.0,0.019,0.0,0.0,0.0,220000.0,1.0,5.0E8,
4.9E-42,2.7,3099999.9999999995,0.0,0.0,0.0,0.0,0.0,0.0,0.0,0.0,0.47,3099999.9999999995,35.0,0.0,0.0,0.0,21.0,0.027,0.0,0.0,0.0,230000.0,1.0,5.0E8,
4.9E-42,2.6,3099999.9999999995,0.0,0.0,0.0,0.0,0.0,0.0,0.0,0.0,0.47,3099999.9999999995,35.0,0.0,0.0,0.0,23.0,0.038,0.0,0.0,0.0,250000.0,1.0,5.0E8,
2.1E-34,8.2,3099999.9999999995,77000.0,23000.0,2600.0,0.0,0.0,0.0,0.0,0.0,2.1,3199999.9999999995,76.0,0.88,0.88,0.0,28.0,18.0,0.0,0.0,0.0,300000.0,1.0,5.0E8,
6.0E-35,2.4,2999999.9999999995,4400.0,23000.0,2600.0,0.0,0.0,0.0,0.0,0.0,2.1,3099999.9999999995,28.0,0.38,0.38,0.0,29.0,0.06,0.0,0.0,0.0,280000.0,1.0,5.0E8,
6.0E-35,2.4,2999999.9999999995,4400.0,23000.0,2600.0,0.0,0.0,0.0,0.0,0.0,2.1,3099999.9999999995,28.0,0.38,0.38,0.0,30.0,0.043,0.0,0.0,0.0,260000.0,1.0,5.0E8,
6.0E-35,2.4,2999999.9999999995,4400.0,23000.0,2600.0,0.0,0.0,0.0,0.0,0.0,2.1,3099999.9999999995,28.0,0.38,0.38,0.0,30.0,0.04,0.0,0.0,0.0,260000.0,1.0,5.0E8,
6.0E-35,2.4,2999999.9999999995,4400.0,23000.0,2600.0,0.0,0.0,0.0,0.0,0.0,2.1,3099999.9999999995,28.0,0.38,0.38,0.0,30.0,0.044,0.0,0.0,0.0,260000.0,1.0,5.0E8,
6.0E-35,2.4,2999999.9999999995,4400.0,23000.0,2600.0,0.0,0.0,0.0,0.0,0.0,2.1,3099999.9999999995,28.0,0.38,0.38,0.0,30.0,0.054,0.0,0.0,0.0,270000.0,1.0,5.0E8,
6.0E-35,2.4,2999999.9999999995,4400.0,23000.0,2600.0,0.0,0.0,0.0,0.0,0.0,2.1,3099999.9999999995,28.0,0.38,0.38,0.0,30.0,0.07,0.0,0.0,0.0,280000.0,1.0,5.0E8,
6.0E-35,2.4,2999999.9999999995,4400.0,23000.0,2600.0,0.0,0.0,0.0,0.0,0.0,2.1,3099999.9999999995,28.0,0.38,0.38,0.0,30.0,0.092,0.0,0.0,0.0,300000.0,1.0,5.0E8,
2.8E-34,10.0,3099999.9999999995,120000.0,23000.0,2600.0,0.0,0.0,0.0,0.0,0.0,2.2,3299999.9999999995,110.0,1.2,1.2,0.0,31.0,0.13,0.0,0.0,0.0,310000.0,1.0,5.0E8,
2.4E-34,9.1,2999999.9999999995,120000.0,5300.0,2600.0,0.0,0.0,0.0,0.0,0.0,2.2,3099999.9999999995,95.0,1.0,1.0,0.0,32.0,0.3,0.0,0.0,0.0,290000.0,1.0,5.0E8,
2.4E-34,9.1,2999999.9999999995,120000.0,5300.0,2600.0,0.0,0.0,0.0,0.0,0.0,2.2,3099999.9999999995,95.0,1.0,1.0,0.0,33.0,0.2,0.0,0.0,0.0,280000.0,1.0,5.0E8,
2.4E-34,9.1,2999999.9999999995,120000.0,5300.0,2600.0,0.0,0.0,0.0,0.0,0.0,2.2,3099999.9999999995,95.0,1.0,1.0,0.0,34.0,0.17,0.0,0.0,0.0,270000.0,1.0,5.0E8,
2.4E-34,9.0,2999999.9999999995,120000.0,5300.0,2600.0,0.0,0.0,0.0,0.0,0.0,2.2,3099999.9999999995,95.0,1.0,1.0,0.0,36.0,0.18,0.0,0.0,0.0,270000.0,1.0,5.0E8,
2.4E-34,9.0,2999999.9999999995,110000.0,5300.0,2600.0,0.0,0.0,0.0,0.0,0.0,2.2,3099999.9999999995,95.0,1.0,1.0,0.0,38.0,0.21,0.0,0.0,0.0,280000.0,1.0,5.0E8,
2.4E-34,9.0,2999999.9999999995,110000.0,5200.0,2600.0,0.0,0.0,0.0,0.0,0.0,2.2,3099999.9999999995,94.0,1.0,1.0,0.0,40.0,0.27,0.0,0.0,0.0,290000.0,1.0,5.0E8,
2.4E-34,9.0,2999999.9999999995,110000.0,5200.0,2600.0,0.0,0.0,0.0,0.0,0.0,2.2,3099999.9999999995,94.0,1.0,1.0,0.0,41.0,0.35,0.0,0.0,0.0,300000.0,1.0,5.0E8,
2.4E-34,9.0,2999999.9999999995,110000.0,5200.0,2600.0,0.0,0.0,0.0,0.0,0.0,2.2,3099999.9999999995,94.0,1.0,1.0,0.0,42.0,0.46,0.0,0.0,0.0,320000.0,1.0,5.0E8,
2.4E-34,9.0,2999999.9999999995,110000.0,5200.0,2600.0,0.0,0.0,0.0,0.0,0.0,2.2,3099999.9999999995,94.0,1.0,1.0,0.0,42.0,0.61,0.0,0.0,0.0,330000.0,1.0,5.0E8,
2.4E-34,8.9,2999999.9999999995,110000.0,5200.0,2600.0,0.0,0.0,0.0,0.0,0.0,2.2,3099999.9999999995,94.0,1.0,1.0,0.0,43.0,0.45,0.0,0.0,0.0,320000.0,1.0,5.0E8,
2.4E-34,8.9,2899999.9999999995,110000.0,5200.0,2600.0,0.0,0.0,0.0,0.0,0.0,2.2,3099999.9999999995,94.0,1.0,1.0,0.0,44.0,0.33,0.0,0.0,0.0,300000.0,1.0,5.0E8,
2.4E-34,8.9,2800000.0,260000.0,5200.0,2600.0,0.0,0.0,0.0,0.0,0.0,2.2,3099999.9999999995,93.0,1.0,1.0,0.0,46.0,0.31,0.0,0.0,0.0,300000.0,1.0,5.0E8,
2.4E-34,8.9,2800000.0,260000.0,5200.0,2500.0,0.0,0.0,0.0,0.0,0.0,2.2,3099999.9999999995,93.0,1.0,1.0,0.0,47.0,0.33,0.0,0.0,0.0,300000.0,1.0,5.0E8,
2.4E-34,9.2,2700000.0,360000.0,5200.0,16000.0,0.0,0.0,0.0,0.0,0.0,2.4,3099999.9999999995,96.0,1.0,1.0,0.0,49.0,0.46,0.0,0.0,0.0,310000.0,1.0,5.0E8,
2.4E-34,9.2,2700000.0,360000.0,5200.0,16000.0,0.0,0.0,0.0,0.0,0.0,2.4,3099999.9999999995,96.0,1.0,1.0,0.0,51.0,0.29,0.0,0.0,0.0,290000.0,1.0,5.0E8,
2.4E-34,9.2,2700000.0,360000.0,5200.0,16000.0,0.0,0.0,0.0,0.0,0.0,2.4,3099999.9999999995,96.0,1.0,1.0,0.0,51.0,0.28,0.0,0.0,0.0,290000.0,1.0,5.0E8,
2.4E-34,9.2,2700000.0,360000.0,5200.0,16000.0,0.0,0.0,0.0,0.0,0.0,2.4,3099999.9999999995,96.0,1.0,1.0,0.0,52.0,0.32,0.0,0.0,0.0,300000.0,1.0,5.0E8,
2.4E-34,9.2,2700000.0,360000.0,5100.0,16000.0,0.0,0.0,0.0,0.0,0.0,2.4,3099999.9999999995,96.0,1.0,1.0,0.0,53.0,0.41,0.0,0.0,0.0,310000.0,1.0,5.0E8,
2.4E-34,9.2,2700000.0,360000.0,5100.0,16000.0,0.0,0.0,0.0,0.0,0.0,2.4,3099999.9999999995,95.0,1.0,1.0,0.0,54.0,0.55,0.0,0.0,0.0,320000.0,1.0,5.0E8,
2.4E-34,9.2,2700000.0,360000.0,5100.0,16000.0,0.0,0.0,0.0,0.0,0.0,2.4,3099999.9999999995,95.0,1.0,1.0,0.0,54.0,0.76,0.0,0.0,0.0,340000.0,1.0,5.0E8,
2.4E-34,9.1,2700000.0,360000.0,5100.0,16000.0,0.0,0.0,0.0,0.0,0.0,2.4,3099999.9999999995,95.0,1.0,1.0,0.0,56.0,1.0,0.0,0.0,0.0,360000.0,1.0,5.0E8,
2.4E-34,9.1,2700000.0,350000.0,5100.0,16000.0,0.0,0.0,0.0,0.0,0.0,2.4,3099999.9999999995,94.0,1.0,1.0,0.0,57.0,1.4,0.0,0.0,0.0,380000.0,1.0,5.0E8,
2.4E-34,9.1,2600000.0,490000.0,5100.0,16000.0,0.0,0.0,0.0,0.0,0.0,2.4,3099999.9999999995,94.0,1.0,1.0,0.0,58.0,1.1,0.0,0.0,0.0,360000.0,1.0,5.0E8,
2.4E-34,9.1,2400000.0,620000.0,5100.0,16000.0,0.0,0.0,0.0,0.0,0.0,2.4,3099999.9999999995,94.0,1.0,1.0,0.0,58.0,0.81,0.0,0.0,0.0,340000.0,1.0,5.0E8,
2.4E-34,9.1,2400000.0,610000.0,5100.0,16000.0,0.0,0.0,0.0,0.0,0.0,2.4,3099999.9999999995,94.0,1.0,1.0,0.0,60.0,0.77,0.0,0.0,0.0,340000.0,1.0,5.0E8,
2.4E-34,9.1,2400000.0,610000.0,5100.0,16000.0,0.0,0.0,0.0,0.0,0.0,2.4,3099999.9999999995,94.0,1.0,1.0,0.0,60.0,0.85,0.0,0.0,0.0,350000.0,1.0,5.0E8,
2.4E-34,9.1,2400000.0,610000.0,5100.0,16000.0,0.0,0.0,0.0,0.0,0.0,2.4,3099999.9999999995,94.0,1.0,1.0,0.0,60.0,1.0,0.0,0.0,0.0,360000.0,1.0,5.0E8,
2.4E-34,9.1,2400000.0,610000.0,5100.0,16000.0,0.0,0.0,0.0,0.0,0.0,2.4,3099999.9999999995,94.0,1.0,1.0,0.0,60.0,1.3,0.0,0.0,0.0,370000.0,1.0,5.0E8,
2.4E-34,9.1,2400000.0,610000.0,5100.0,16000.0,0.0,0.0,0.0,0.0,0.0,2.4,3099999.9999999995,93.0,1.0,1.0,0.0,60.0,1.7,0.0,0.0,0.0,390000.0,1.0,5.0E8,
2.4E-34,9.1,2400000.0,610000.0,5100.0,16000.0,0.0,0.0,0.0,0.0,0.0,2.4,3099999.9999999995,93.0,1.0,1.0,0.0,60.0,2.2,0.0,0.0,0.0,400000.0,1.0,5.0E8,
2.4E-34,9.1,2400000.0,610000.0,5100.0,16000.0,0.0,0.0,0.0,0.0,0.0,2.4,3099999.9999999995,93.0,1.0,1.0,0.0,60.0,2.1,0.0,0.0,0.0,400000.0,1.0,5.0E8,
2.4E-34,9.1,2400000.0,610000.0,5100.0,16000.0,0.0,0.0,0.0,0.0,0.0,2.4,3099999.9999999995,94.0,1.0,1.0,0.0,60.0,1.3,0.0,0.0,0.0,370000.0,1.0,5.0E8,
2.4E-34,9.1,2400000.0,610000.0,5100.0,16000.0,0.0,0.0,0.0,0.0,0.0,2.4,3099999.9999999995,94.0,1.0,1.0,0.0,60.0,1.1,0.0,0.0,0.0,360000.0,1.0,5.0E8,
2.4E-34,9.1,2400000.0,610000.0,5100.0,16000.0,0.0,0.0,0.0,0.0,0.0,2.4,3099999.9999999995,94.0,1.0,1.0,0.0,60.0,1.1,0.0,0.0,0.0,360000.0,1.0,5.0E8,
2.4E-34,9.1,2400000.0,610000.0,5100.0,16000.0,0.0,0.0,0.0,0.0,0.0,2.4,3099999.9999999995,94.0,1.0,1.0,0.0,60.0,1.2,0.0,0.0,0.0,370000.0,1.0,5.0E8,
2.4E-34,9.1,2400000.0,610000.0,5100.0,16000.0,0.0,0.0,0.0,0.0,0.0,2.4,3099999.9999999995,93.0,1.0,1.0,0.0,60.0,1.5,0.0,0.0,0.0,380000.0,1.0,5.0E8,
2.4E-34,9.1,2400000.0,610000.0,5100.0,16000.0,0.0,0.0,0.0,0.0,0.0,2.4,3099999.9999999995,93.0,1.0,1.0,0.0,60.0,1.9,0.0,0.0,0.0,390000.0,1.0,5.0E8,
2.4E-34,9.1,2400000.0,610000.0,5100.0,16000.0,0.0,0.0,0.0,0.0,0.0,2.4,3099999.9999999995,92.0,1.0,1.0,0.0,60.0,2.4,0.0,0.0,0.0,410000.0,1.0,5.0E8,
2.4E-34,9.1,2400000.0,610000.0,5100.0,16000.0,0.0,0.0,0.0,0.0,0.0,2.4,3099999.9999999995,92.0,1.0,1.0,0.0,60.0,3.1,0.0,0.0,0.0,430000.0,1.0,5.0E8,
3.5000000000000003E-34,13.0,2400000.0,700000.0,13000.0,32000.0,5000.0,1300.0,1600.0,0.0,0.0,2.7,3199999.9999999995,140.0,1.5,1.5,0.0,66.0,2.4,0.0,0.0,0.0,400000.0,1.0,5.0E8,
3.1000000000000002E-34,12.0,2400000.0,620000.0,130.0,32000.0,5000.0,1300.0,1600.0,0.0,0.0,2.7,3099999.9999999995,120.0,1.3,1.3,0.0,66.0,2.0,0.0,0.0,0.0,380000.0,1.0,5.0E8,
3.1000000000000002E-34,12.0,2400000.0,620000.0,130.0,32000.0,5000.0,1300.0,1600.0,0.0,0.0,2.7,3099999.9999999995,120.0,1.3,1.3,0.0,68.0,1.6,0.0,0.0,0.0,370000.0,1.0,5.0E8,
3.1000000000000002E-34,12.0,2400000.0,620000.0,130.0,31000.0,5000.0,1300.0,1600.0,0.0,0.0,2.7,3099999.9999999995,120.0,1.3,1.3,0.0,70.0,1.6,0.0,0.0,0.0,370000.0,1.0,5.0E8,
3.1000000000000002E-34,12.0,2400000.0,620000.0,130.0,31000.0,5000.0,1200.0,1600.0,0.0,0.0,2.7,3099999.9999999995,120.0,1.3,1.3,0.0,72.0,1.9,0.0,0.0,0.0,380000.0,1.0,5.0E8,
3.1000000000000002E-34,12.0,2400000.0,620000.0,130.0,31000.0,5000.0,1200.0,1600.0,0.0,0.0,2.7,3099999.9999999995,120.0,1.3,1.3,0.0,73.0,2.5,0.0,0.0,0.0,390000.0,1.0,5.0E8,
3.1000000000000002E-34,12.0,2400000.0,620000.0,130.0,31000.0,5000.0,1200.0,1600.0,0.0,0.0,2.7,3099999.9999999995,120.0,1.3,1.3,0.0,73.0,3.4,0.0,0.0,0.0,410000.0,1.0,5.0E8,
3.1000000000000002E-34,12.0,2400000.0,620000.0,130.0,31000.0,5000.0,1200.0,1600.0,0.0,0.0,2.7,3099999.9999999995,120.0,1.3,1.3,0.0,73.0,4.6,0.0,0.0,0.0,430000.0,1.0,5.0E8,
3.1000000000000002E-34,12.0,2400000.0,620000.0,130.0,31000.0,5000.0,1200.0,1600.0,0.0,0.0,2.7,3099999.9999999995,120.0,1.3,1.3,0.0,73.0,6.3,0.0,0.0,0.0,460000.0,1.0,5.0E8,
3.1000000000000002E-34,12.0,2400000.0,620000.0,130.0,31000.0,5000.0,1200.0,1600.0,0.0,0.0,2.7,3099999.9999999995,120.0,1.3,1.3,0.0,73.0,7.3,0.0,0.0,0.0,470000.0,1.0,5.0E8,
3.1000000000000002E-34,12.0,2400000.0,620000.0,130.0,31000.0,5000.0,1200.0,1600.0,0.0,0.0,2.7,3099999.9999999995,120.0,1.3,1.3,0.0,73.0,4.6,0.0,0.0,0.0,430000.0,1.0,5.0E8,
3.1000000000000002E-34,12.0,2400000.0,620000.0,130.0,31000.0,5000.0,1200.0,1600.0,0.0,0.0,2.7,3099999.9999999995,120.0,1.3,1.3,0.0,73.0,3.9,0.0,0.0,0.0,420000.0,1.0,5.0E8,
3.1000000000000002E-34,12.0,2400000.0,620000.0,130.0,31000.0,5000.0,1200.0,1600.0,0.0,0.0,2.7,3099999.9999999995,120.0,1.3,1.3,0.0,73.0,4.0,0.0,0.0,0.0,430000.0,1.0,5.0E8,
3.1000000000000002E-34,12.0,2400000.0,620000.0,130.0,31000.0,5000.0,1200.0,1600.0,0.0,0.0,2.7,3099999.9999999995,120.0,1.3,1.3,0.0,73.0,4.7,0.0,0.0,0.0,440000.0,1.0,5.0E8,
3.1000000000000002E-34,12.0,2400000.0,620000.0,130.0,31000.0,5000.0,1200.0,1600.0,0.0,0.0,2.7,3099999.9999999995,120.0,1.3,1.3,0.0,73.0,5.9,0.0,0.0,0.0,450000.0,1.0,5.0E8,
3.1000000000000002E-34,12.0,2400000.0,620000.0,130.0,31000.0,5000.0,1200.0,1600.0,0.0,0.0,2.7,3099999.9999999995,120.0,1.3,1.3,0.0,73.0,7.7,0.0,0.0,0.0,470000.0,1.0,5.0E8,
3.1000000000000002E-34,12.0,2400000.0,620000.0,130.0,31000.0,5000.0,1200.0,1600.0,0.0,0.0,2.7,3099999.9999999995,110.0,1.3,1.3,0.0,73.0,10.0,0.0,0.0,0.0,490000.0,1.0,5.0E8,
3.1000000000000002E-34,12.0,2400000.0,620000.0,130.0,31000.0,5000.0,1200.0,1600.0,0.0,0.0,2.7,3099999.9999999995,110.0,1.3,1.3,0.0,73.0,13.0,0.0,0.0,0.0,510000.0,1.0,5.0E8,
3.1000000000000002E-34,12.0,2400000.0,620000.0,130.0,31000.0,5000.0,1200.0,1600.0,0.0,0.0,2.7,3099999.9999999995,120.0,1.3,1.3,0.0,73.0,8.4,0.0,0.0,0.0,480000.0,1.0,5.0E8,
3.1000000000000002E-34,12.0,2400000.0,620000.0,130.0,31000.0,5000.0,1200.0,1600.0,0.0,0.0,2.7,3099999.9999999995,120.0,1.3,1.3,0.0,73.0,6.2,0.0,0.0,0.0,450000.0,1.0,5.0E8,
3.1000000000000002E-34,12.0,2400000.0,620000.0,130.0,31000.0,5000.0,1200.0,1600.0,0.0,0.0,2.7,3099999.9999999995,120.0,1.3,1.3,0.0,73.0,5.8,0.0,0.0,0.0,450000.0,1.0,5.0E8,
3.1000000000000002E-34,12.0,2400000.0,620000.0,130.0,31000.0,5000.0,1200.0,1600.0,0.0,0.0,2.7,3099999.9999999995,120.0,1.3,1.3,0.0,73.0,6.3,0.0,0.0,0.0,460000.0,1.0,5.0E8,
3.1000000000000002E-34,12.0,2400000.0,620000.0,130.0,31000.0,5000.0,1200.0,1600.0,0.0,0.0,2.7,3099999.9999999995,120.0,1.3,1.3,0.0,73.0,7.5,0.0,0.0,0.0,470000.0,1.0,5.0E8,
3.1000000000000002E-34,12.0,2400000.0,620000.0,130.0,31000.0,5000.0,1200.0,1600.0,0.0,0.0,2.7,3099999.9999999995,110.0,1.3,1.3,0.0,73.0,9.4,0.0,0.0,0.0,490000.0,1.0,5.0E8,
3.1000000000000002E-34,12.0,2400000.0,620000.0,130.0,31000.0,5000.0,1200.0,1600.0,0.0,0.0,2.7,3099999.9999999995,110.0,1.3,1.3,0.0,73.0,12.0,0.0,0.0,0.0,510000.0,1.0,5.0E8,
3.1000000000000002E-34,12.0,2400000.0,620000.0,130.0,31000.0,5000.0,1200.0,1600.0,0.0,0.0,2.7,3099999.9999999995,110.0,1.3,1.3,0.0,73.0,15.0,0.0,0.0,0.0,530000.0,1.0,5.0E8,
3.1000000000000002E-34,12.0,2400000.0,620000.0,130.0,31000.0,5000.0,1200.0,1600.0,0.0,0.0,2.7,3099999.9999999995,110.0,1.3,1.3,0.0,73.0,12.0,0.0,0.0,0.0,510000.0,1.0,5.0E8,
3.1000000000000002E-34,12.0,2300000.0,740000.0,130.0,31000.0,5000.0,1200.0,1600.0,0.0,0.0,2.7,3099999.9999999995,120.0,1.3,1.3,0.0,73.0,8.2,0.0,0.0,0.0,480000.0,1.0,5.0E8,
5.2E-34,24.0,2400000.0,830000.0,95000.0,290000.0,11000.0,5700.0,4700.0,3400.0,4200.0,9.2,3699999.9999999995,170.0,5.1,5.1,0.0,230.0,74.0,0.0,0.0,0.0,890000.0,1.0,5.2E8,
4.9000000000000005E-34,22.0,2400000.0,780000.0,87000.0,290000.0,3800.0,5700.0,4700.0,3400.0,4200.0,9.2,3599999.9999999995,45.0,4.8,4.8,0.0,230.0,180.0,0.0,0.0,0.0,900000.0,1.0,5.2E8,
4.6E-34,21.0,2400000.0,750000.0,69000.0,290000.0,3800.0,5700.0,4700.0,3400.0,4200.0,9.2,3499999.9999999995,33.0,4.6,4.6,0.0,230.0,160.0,0.0,0.0,0.0,920000.0,1.0,5.2E8,
3.8E-34,17.0,2100000.0,780000.0,1500.0,290000.0,3800.0,5700.0,4700.0,3400.0,4200.0,9.1,3199999.9999999995,6.1,3.8,3.8,0.0,230.0,32.0,0.0,0.0,0.0,930000.0,1.0,5.1E8,
3.3000000000000003E-34,15.0,2100000.0,670000.0,1500.0,290000.0,3800.0,5700.0,4700.0,3400.0,4100.0,9.1,3099999.9999999995,4.7,3.3,3.3,0.0,240.0,32.0,0.0,0.0,0.0,960000.0,1.0,5.1E8,
3.2E-34,15.0,2100000.0,660000.0,1500.0,280000.0,3800.0,5700.0,4700.0,3400.0,4100.0,9.0,3099999.9999999995,3.7,3.3,3.3,0.0,240.0,33.0,0.0,0.0,0.0,990000.0,1.0,5.1E8,
3.2E-34,15.0,2100000.0,660000.0,1500.0,280000.0,3800.0,5700.0,4700.0,3400.0,4100.0,9.0,3099999.9999999995,2.8,3.3,3.3,0.0,240.0,34.0,0.0,0.0,0.0,999999.9999999999,1.0,5.1E8,
3.2E-34,15.0,2100000.0,660000.0,1500.0,280000.0,3800.0,5700.0,4700.0,3400.0,4100.0,9.0,3099999.9999999995,1.9,3.3,3.3,0.0,240.0,35.0,0.0,0.0,0.0,1100000.0,1.0,5.1E8,
3.2E-34,15.0,2100000.0,660000.0,1500.0,280000.0,3800.0,5700.0,4700.0,3400.0,4100.0,9.0,3099999.9999999995,1.1,3.3,3.3,0.0,240.0,35.0,0.0,0.0,0.0,1200000.0,1.0,5.1E8,
3.2E-34,15.0,2100000.0,660000.0,1500.0,280000.0,3800.0,5700.0,4700.0,3400.0,4100.0,9.0,3099999.9999999995,0.69,3.3,3.3,0.0,240.0,36.0,0.0,0.0,0.0,1300000.0,1.0,5.1E8,
3.2E-34,15.0,2100000.0,660000.0,1500.0,280000.0,3800.0,5700.0,4700.0,3400.0,4100.0,9.0,3099999.9999999995,0.43,3.3,3.3,0.0,240.0,36.0,0.0,0.0,0.0,1400000.0,1.0,5.1E8,
3.2E-34,15.0,2100000.0,660000.0,1500.0,280000.0,3800.0,5700.0,4700.0,3400.0,4100.0,9.0,3099999.9999999995,0.27,3.3,3.3,0.0,240.0,36.0,0.0,0.0,0.0,1499999.9999999998,1.0,5.1E8,
3.2E-34,15.0,2100000.0,660000.0,1500.0,280000.0,3800.0,5700.0,4700.0,3400.0,4100.0,9.0,3099999.9999999995,0.18,3.3,3.3,0.0,240.0,36.0,0.0,0.0,0.0,1699999.9999999998,1.0,5.1E8,
3.2E-34,15.0,2100000.0,660000.0,1500.0,280000.0,3800.0,5700.0,4700.0,3400.0,4100.0,9.0,3099999.9999999995,0.12,3.3,3.3,0.0,240.0,36.0,0.0,0.0,0.0,1799999.9999999998,1.0,5.1E8,
3.2E-34,15.0,2100000.0,660000.0,1500.0,280000.0,3800.0,5700.0,4700.0,3400.0,4100.0,9.0,3099999.9999999995,0.16,3.3,3.3,0.0,240.0,36.0,0.0,0.0,0.0,1699999.9999999998,1.0,5.1E8,
3.2E-34,15.0,2100000.0,660000.0,1500.0,280000.0,3800.0,5700.0,4700.0,3400.0,4100.0,9.0,3099999.9999999995,0.18,3.3,3.3,0.0,240.0,36.0,0.0,0.0,0.0,1699999.9999999998,1.0,5.1E8,
3.2E-34,15.0,2100000.0,660000.0,1500.0,280000.0,3800.0,5700.0,4700.0,3400.0,4100.0,9.0,3099999.9999999995,0.17,3.3,3.3,0.0,240.0,36.0,0.0,0.0,0.0,1699999.9999999998,1.0,5.1E8,
3.2E-34,15.0,2100000.0,660000.0,1500.0,280000.0,3800.0,5700.0,4700.0,3400.0,4100.0,9.0,3099999.9999999995,0.14,3.3,3.3,0.0,240.0,36.0,0.0,0.0,0.0,1699999.9999999998,1.0,5.1E8,
3.2E-34,15.0,2100000.0,660000.0,1500.0,280000.0,3800.0,5700.0,4700.0,3400.0,4100.0,9.0,3099999.9999999995,0.11,3.3,3.3,0.0,240.0,36.0,0.0,0.0,0.0,1799999.9999999998,1.0,5.1E8,
3.2E-34,15.0,2100000.0,660000.0,1500.0,280000.0,3800.0,5700.0,4700.0,3400.0,4100.0,9.0,3099999.9999999995,0.081,3.3,3.3,0.0,240.0,36.0,0.0,0.0,0.0,1899999.9999999998,1.0,5.1E8,
3.2E-34,15.0,2100000.0,660000.0,1500.0,280000.0,3800.0,5700.0,4700.0,3400.0,4100.0,9.0,3099999.9999999995,0.062,3.3,3.3,0.0,240.0,36.0,0.0,0.0,0.0,1999999.9999999998,1.0,5.1E8,
3.2E-34,15.0,2100000.0,660000.0,1500.0,280000.0,3800.0,5700.0,4700.0,3400.0,4100.0,9.0,3099999.9999999995,0.049,3.3,3.3,0.0,240.0,36.0,0.0,0.0,0.0,2100000.0,1.0,5.1E8,
3.2E-34,15.0,2100000.0,660000.0,1500.0,280000.0,3800.0,5700.0,4700.0,3400.0,4100.0,9.0,3099999.9999999995,0.055,3.3,3.3,0.0,240.0,36.0,0.0,0.0,0.0,2100000.0,1.0,5.1E8,
3.2E-34,15.0,2100000.0,660000.0,1500.0,280000.0,3800.0,5700.0,4700.0,3400.0,4100.0,9.0,3099999.9999999995,0.074,3.3,3.3,0.0,240.0,36.0,0.0,0.0,0.0,1999999.9999999998,1.0,5.1E8,
3.2E-34,15.0,2100000.0,660000.0,1500.0,280000.0,3800.0,5700.0,4700.0,3400.0,4100.0,9.0,3099999.9999999995,0.08,3.3,3.3,0.0,240.0,36.0,0.0,0.0,0.0,1899999.9999999998,1.0,5.1E8,
3.2E-34,15.0,2100000.0,660000.0,1500.0,280000.0,3800.0,5700.0,4700.0,3400.0,4100.0,9.0,3099999.9999999995,0.074,3.3,3.3,0.0,240.0,36.0,0.0,0.0,0.0,1999999.9999999998,1.0,5.1E8,
3.2E-34,15.0,2100000.0,660000.0,1500.0,280000.0,3800.0,5700.0,4700.0,3400.0,4100.0,9.0,3099999.9999999995,0.064,3.3,3.3,0.0,240.0,36.0,0.0,0.0,0.0,1999999.9999999998,1.0,5.1E8,
3.2E-34,15.0,2100000.0,660000.0,1500.0,280000.0,3800.0,5700.0,4700.0,3400.0,4100.0,9.0,3099999.9999999995,0.052,3.3,3.3,0.0,240.0,36.0,0.0,0.0,0.0,2100000.0,1.0,5.1E8,
3.2E-34,15.0,2100000.0,660000.0,1500.0,280000.0,3800.0,5700.0,4700.0,3400.0,4100.0,9.0,3099999.9999999995,0.043,3.3,3.3,0.0,240.0,36.0,0.0,0.0,0.0,2200000.0,1.0,5.1E8,
3.2E-34,15.0,2100000.0,660000.0,1500.0,280000.0,3800.0,5700.0,4700.0,3400.0,4100.0,9.0,3099999.9999999995,0.035,3.3,3.3,0.0,240.0,36.0,0.0,0.0,0.0,2300000.0,1.0,5.1E8,
3.2E-34,15.0,2100000.0,660000.0,1500.0,280000.0,3800.0,5700.0,4700.0,3400.0,4100.0,9.0,3099999.9999999995,0.032,3.3,3.3,0.0,240.0,36.0,0.0,0.0,0.0,2400000.0,1.0,5.1E8,
3.2E-34,15.0,2100000.0,660000.0,1500.0,280000.0,3800.0,5700.0,4700.0,3400.0,4100.0,9.0,3099999.9999999995,0.047,3.3,3.3,0.0,240.0,36.0,0.0,0.0,0.0,2200000.0,1.0,5.1E8,
3.2E-34,15.0,2100000.0,660000.0,1500.0,280000.0,3800.0,5700.0,4700.0,3400.0,4100.0,9.0,3099999.9999999995,0.056,3.3,3.3,0.0,240.0,36.0,0.0,0.0,0.0,2100000.0,1.0,5.1E8,
3.2E-34,15.0,2100000.0,660000.0,1500.0,280000.0,3800.0,5700.0,4700.0,3400.0,4100.0,9.0,3099999.9999999995,0.057,3.3,3.3,0.0,240.0,36.0,0.0,0.0,0.0,2100000.0,1.0,5.1E8,
3.2E-34,15.0,2100000.0,660000.0,1500.0,280000.0,3800.0,5700.0,4700.0,3400.0,4100.0,9.0,3099999.9999999995,0.052,3.3,3.3,0.0,240.0,36.0,0.0,0.0,0.0,2100000.0,1.0,5.1E8,
4.7E-34,24.0,2200000.0,880000.0,41000.0,520000.0,3200.0,180.0,7200.0,6600.0,2100.0,13.0,3699999.9999999995,0.13,5.5,5.5,0.0,310.0,160.0,0.0,0.0,0.0,2500000.0,1.0,5.2E8,
4.1E-34,21.0,2100000.0,800000.0,26000.0,520000.0,3200.0,180.0,7200.0,6600.0,2100.0,13.0,3499999.9999999995,0.1,4.9,4.9,0.0,310.0,110.0,0.0,0.0,0.0,2400000.0,1.0,5.2E8,
3.8E-34,19.0,1999999.9999999998,740000.0,980.0,520000.0,3200.0,180.0,7200.0,6600.0,2100.0,13.0,3299999.9999999995,0.016,4.5,4.5,0.0,310.0,16.0,0.0,0.0,0.0,2300000.0,1.0,5.2E8,
3.6E-34,18.0,1899999.9999999998,700000.0,980.0,520000.0,3200.0,180.0,7200.0,6600.0,2000.0,13.0,3099999.9999999995,0.018,4.3,4.3,0.0,310.0,15.0,0.0,0.0,0.0,2200000.0,1.0,5.2E8,
3.6E-34,18.0,1899999.9999999998,700000.0,980.0,520000.0,3200.0,180.0,7200.0,6600.0,2000.0,13.0,3099999.9999999995,0.02,4.2,4.2,0.0,310.0,15.0,0.0,0.0,0.0,2200000.0,1.0,5.1E8,
3.5000000000000003E-34,18.0,1899999.9999999998,700000.0,980.0,520000.0,3200.0,180.0,7200.0,6600.0,2000.0,13.0,3099999.9999999995,0.021,4.2,4.2,0.0,310.0,15.0,0.0,0.0,0.0,2100000.0,1.0,5.1E8,
3.5000000000000003E-34,18.0,1899999.9999999998,700000.0,980.0,520000.0,3200.0,180.0,7200.0,6600.0,2000.0,13.0,3099999.9999999995,0.018,4.2,4.2,0.0,310.0,15.0,0.0,0.0,0.0,2200000.0,1.0,5.1E8,
3.5000000000000003E-34,18.0,1899999.9999999998,700000.0,980.0,520000.0,3200.0,180.0,7200.0,6600.0,2000.0,13.0,3099999.9999999995,0.014,4.2,4.2,0.0,310.0,15.0,0.0,0.0,0.0,2300000.0,1.0,5.1E8,
3.5000000000000003E-34,18.0,1899999.9999999998,700000.0,980.0,520000.0,3200.0,180.0,7200.0,6600.0,2000.0,13.0,3099999.9999999995,0.011,4.2,4.2,0.0,310.0,15.0,0.0,0.0,0.0,2500000.0,1.0,5.1E8,
3.5000000000000003E-34,18.0,1899999.9999999998,700000.0,980.0,520000.0,3200.0,180.0,7200.0,6600.0,2000.0,13.0,3099999.9999999995,0.0084,4.2,4.2,0.0,310.0,15.0,0.0,0.0,0.0,2700000.0,1.0,5.1E8,
3.5000000000000003E-34,18.0,1899999.9999999998,700000.0,980.0,520000.0,3200.0,180.0,7200.0,6600.0,2000.0,13.0,3099999.9999999995,0.0065,4.2,4.2,0.0,310.0,15.0,0.0,0.0,0.0,2800000.0,1.0,5.1E8,
3.5000000000000003E-34,18.0,1899999.9999999998,700000.0,980.0,520000.0,3200.0,180.0,7200.0,6600.0,2000.0,13.0,3099999.9999999995,0.0051,4.2,4.2,0.0,310.0,15.0,0.0,0.0,0.0,2999999.9999999995,1.0,5.1E8,
3.5000000000000003E-34,18.0,1899999.9999999998,700000.0,980.0,520000.0,3200.0,180.0,7200.0,6600.0,2000.0,13.0,3099999.9999999995,0.0041,4.2,4.2,0.0,310.0,15.0,0.0,0.0,0.0,3299999.9999999995,1.0,5.1E8,
3.5000000000000003E-34,18.0,1899999.9999999998,700000.0,980.0,520000.0,3200.0,180.0,7200.0,6600.0,2000.0,13.0,3099999.9999999995,0.0043,4.2,4.2,0.0,310.0,15.0,0.0,0.0,0.0,3199999.9999999995,1.0,5.1E8,
3.5000000000000003E-34,18.0,1899999.9999999998,700000.0,980.0,520000.0,3200.0,180.0,7200.0,6600.0,2000.0,13.0,3099999.9999999995,0.005,4.2,4.2,0.0,310.0,15.0,0.0,0.0,0.0,3099999.9999999995,1.0,5.1E8,
3.5000000000000003E-34,18.0,1899999.9999999998,700000.0,980.0,520000.0,3200.0,180.0,7200.0,6600.0,2000.0,13.0,3099999.9999999995,0.0051,4.2,4.2,0.0,310.0,15.0,0.0,0.0,0.0,3099999.9999999995,1.0,5.1E8,
3.5000000000000003E-34,18.0,1899999.9999999998,700000.0,980.0,520000.0,3200.0,180.0,7200.0,6600.0,2000.0,13.0,3099999.9999999995,0.0047,4.2,4.2,0.0,310.0,15.0,0.0,0.0,0.0,3099999.9999999995,1.0,5.1E8,
3.5000000000000003E-34,18.0,1899999.9999999998,700000.0,980.0,520000.0,3200.0,180.0,7200.0,6600.0,2000.0,13.0,3099999.9999999995,0.0041,4.2,4.2,0.0,310.0,15.0,0.0,0.0,0.0,3299999.9999999995,1.0,5.1E8,
3.5000000000000003E-34,18.0,1899999.9999999998,700000.0,980.0,520000.0,3200.0,180.0,7200.0,6600.0,2000.0,13.0,3099999.9999999995,0.0035,4.2,4.2,0.0,310.0,15.0,0.0,0.0,0.0,3399999.9999999995,1.0,5.1E8,
1.2E-33,31.0,1999999.9999999998,940000.0,58000.0,620000.0,3200.0,180.0,7200.0,4000.0,4600.0,15.0,3599999.9999999995,0.044,8.1,8.1,0.0,320.0,150.0,0.0,0.0,0.0,3199999.9999999995,1.0,5.2E8,
1.1E-33,29.0,1699999.9999999998,940000.0,2400.0,620000.0,3200.0,180.0,7200.0,4000.0,4600.0,14.0,3299999.9999999995,0.0047,7.6,7.6,0.0,320.0,14.0,0.0,0.0,0.0,3099999.9999999995,1.0,5.1E8,
1.1E-33,31.0,1899999.9999999998,920000.0,89000.0,670000.0,3200.0,180.0,7100.0,4000.0,4500.0,15.0,3599999.9999999995,84.0,8.2,8.2,0.0,320.0,15.0,0.0,0.0,0.0,2999999.9999999995,1.0,5.2E8,
8.900000000000001E-34,25.0,1599999.9999999998,810000.0,910.0,670000.0,3200.0,180.0,7100.0,4000.0,4500.0,15.0,3099999.9999999995,0.0018,6.6,6.6,0.0,320.0,4.3,0.0,0.0,0.0,2899999.9999999995,1.0,5.1E8,
8.8E-34,25.0,1599999.9999999998,800000.0,910.0,670000.0,3200.0,180.0,7100.0,4000.0,4500.0,15.0,3099999.9999999995,0.002,6.6,6.6,0.0,320.0,4.3,0.0,0.0,0.0,2800000.0,1.0,5.1E8,
8.8E-34,25.0,1599999.9999999998,800000.0,910.0,670000.0,3200.0,180.0,7100.0,4000.0,4500.0,15.0,3099999.9999999995,0.002,6.6,6.6,0.0,320.0,4.3,0.0,0.0,0.0,2800000.0,1.0,5.1E8,
8.8E-34,25.0,1599999.9999999998,800000.0,910.0,670000.0,3200.0,180.0,7100.0,4000.0,4500.0,15.0,3099999.9999999995,0.0017,6.6,6.6,0.0,320.0,4.3,0.0,0.0,0.0,2899999.9999999995,1.0,5.1E8,
8.8E-34,25.0,1599999.9999999998,800000.0,910.0,670000.0,3200.0,180.0,7100.0,4000.0,4500.0,15.0,3099999.9999999995,0.0014,6.6,6.6,0.0,320.0,4.3,0.0,0.0,0.0,3099999.9999999995,1.0,5.1E8,
8.8E-34,25.0,1599999.9999999998,800000.0,910.0,670000.0,3200.0,180.0,7100.0,4000.0,4500.0,15.0,3099999.9999999995,0.0011,6.6,6.6,0.0,320.0,4.3,0.0,0.0,0.0,3299999.9999999995,1.0,5.1E8,
9.5E-34,27.0,1699999.9999999998,870000.0,34000.0,730000.0,3200.0,180.0,7100.0,4000.0,19000.0,15.0,3399999.9999999995,0.004,12.0,12.0,0.0,320.0,18.0,0.0,0.0,0.0,3499999.9999999995,1.0,5.1E8,
8.4E-34,24.0,1599999.9999999998,800000.0,3800.0,720000.0,3200.0,180.0,7100.0,4000.0,1900.0,15.0,3199999.9999999995,8.2E-4,9.0,9.0,0.0,320.0,3.4,0.0,0.0,0.0,3399999.9999999995,1.0,5.1E8,
8.4E-34,24.0,1599999.9999999998,800000.0,3800.0,720000.0,3200.0,180.0,7100.0,4000.0,1900.0,15.0,3099999.9999999995,9.3E-4,8.9,8.9,0.0,320.0,3.4,0.0,0.0,0.0,3199999.9999999995,1.0,5.1E8,
8.3E-34,24.0,1599999.9999999998,800000.0,3800.0,710000.0,3200.0,180.0,7100.0,4000.0,1800.0,15.0,3099999.9999999995,9.1E-4,8.9,8.9,0.0,330.0,3.3,0.0,0.0,0.0,3299999.9999999995,1.0,5.1E8,
8.3E-34,24.0,1599999.9999999998,790000.0,3800.0,710000.0,3100.0,180.0,7100.0,4000.0,1800.0,15.0,3099999.9999999995,8.0E-4,8.8,8.8,0.0,330.0,3.3,0.0,0.0,0.0,3399999.9999999995,1.0,5.1E8,
8.3E-34,24.0,1599999.9999999998,790000.0,3800.0,710000.0,3100.0,180.0,7100.0,4000.0,1800.0,15.0,3099999.9999999995,6.8E-4,8.8,8.8,0.0,330.0,3.3,0.0,0.0,0.0,3599999.9999999995,1.0,5.1E8,
8.3E-34,24.0,1599999.9999999998,790000.0,3800.0,710000.0,3100.0,180.0,7000.0,4000.0,1800.0,15.0,3099999.9999999995,5.6E-4,8.8,8.8,0.0,330.0,3.3,0.0,0.0,0.0,3799999.9999999995,1.0,5.1E8,
8.3E-34,24.0,1599999.9999999998,790000.0,3700.0,710000.0,3100.0,180.0,7000.0,4000.0,1800.0,15.0,3099999.9999999995,4.6E-4,8.8,8.8,0.0,330.0,3.3,0.0,0.0,0.0,3999999.9999999995,1.0,5.1E8,
8.3E-34,24.0,1599999.9999999998,790000.0,3700.0,710000.0,3100.0,180.0,7000.0,4000.0,1800.0,15.0,3099999.9999999995,3.8E-4,8.8,8.8,0.0,330.0,3.3,0.0,0.0,0.0,4300000.0,1.0,5.1E8,
9.9E-34,31.0,1899999.9999999998,970000.0,100000.0,770000.0,7100.0,1000.0,7200.0,8100.0,4200.0,16.0,3699999.9999999995,53.0,11.0,11.0,0.0,360.0,100.0,0.0,0.0,0.0,4600000.0,1.0,5.2E8,
8.900000000000001E-34,28.0,1599999.9999999998,970000.0,920.0,770000.0,7100.0,1000.0,7200.0,600.0,4200.0,16.0,3399999.9999999995,7.4E-4,9.7,9.7,0.0,360.0,6.2,0.0,0.0,0.0,4400000.0,1.0,5.2E8,
8.6E-34,27.0,1400000.0,940000.0,920.0,770000.0,7100.0,1000.0,7200.0,600.0,4200.0,16.0,3099999.9999999995,7.6E-4,9.4,9.4,0.0,360.0,5.8,0.0,0.0,0.0,4099999.9999999995,1.0,5.1E8,
8.6E-34,27.0,1400000.0,940000.0,920.0,770000.0,7100.0,1000.0,7200.0,600.0,4200.0,16.0,3099999.9999999995,9.0E-4,9.4,9.4,0.0,360.0,5.8,0.0,0.0,0.0,3899999.9999999995,1.0,5.1E8,
8.6E-34,27.0,1400000.0,940000.0,920.0,770000.0,7100.0,1000.0,7200.0,600.0,4200.0,16.0,3099999.9999999995,9.3E-4,9.4,9.4,0.0,360.0,5.8,0.0,0.0,0.0,3899999.9999999995,1.0,5.1E8,
8.6E-34,27.0,1400000.0,940000.0,920.0,770000.0,7100.0,1000.0,7200.0,600.0,4200.0,16.0,3099999.9999999995,8.6E-4,9.4,9.4,0.0,370.0,5.8,0.0,0.0,0.0,3999999.9999999995,1.0,5.1E8,
8.6E-34,27.0,1400000.0,940000.0,920.0,770000.0,7100.0,1000.0,7200.0,600.0,4200.0,16.0,3099999.9999999995,7.5E-4,9.4,9.4,0.0,370.0,5.8,0.0,0.0,0.0,4099999.9999999995,1.0,5.1E8,
8.6E-34,27.0,1400000.0,940000.0,920.0,770000.0,7100.0,1000.0,7200.0,600.0,4200.0,16.0,3099999.9999999995,6.4E-4,9.4,9.4,0.0,370.0,5.8,0.0,0.0,0.0,4400000.0,1.0,5.1E8,
8.6E-34,27.0,1400000.0,940000.0,920.0,770000.0,7100.0,1000.0,7200.0,600.0,4200.0,16.0,3099999.9999999995,5.4E-4,9.4,9.4,0.0,370.0,5.8,0.0,0.0,0.0,4600000.0,1.0,5.1E8,
8.6E-34,27.0,1400000.0,940000.0,920.0,770000.0,7100.0,1000.0,7200.0,600.0,4200.0,16.0,3099999.9999999995,4.6E-4,9.4,9.4,0.0,370.0,5.8,0.0,0.0,0.0,4900000.0,1.0,5.1E8,
8.6E-34,27.0,1400000.0,940000.0,920.0,770000.0,7100.0,1000.0,7200.0,600.0,4200.0,16.0,3099999.9999999995,3.9E-4,9.4,9.4,0.0,370.0,5.8,0.0,0.0,0.0,5200000.0,1.0,5.1E8,
8.6E-34,27.0,1400000.0,940000.0,920.0,770000.0,7100.0,1000.0,7200.0,600.0,4200.0,16.0,3099999.9999999995,4.1E-4,9.4,9.4,0.0,370.0,5.8,0.0,0.0,0.0,5100000.0,1.0,5.1E8,
8.6E-34,27.0,1400000.0,940000.0,920.0,770000.0,7100.0,1000.0,7200.0,600.0,4200.0,16.0,3099999.9999999995,4.9E-4,9.4,9.4,0.0,370.0,5.8,0.0,0.0,0.0,4800000.0,1.0,5.1E8,
8.6E-34,27.0,1400000.0,940000.0,920.0,770000.0,7100.0,1000.0,7200.0,600.0,4200.0,16.0,3099999.9999999995,5.1E-4,9.4,9.4,0.0,370.0,5.8,0.0,0.0,0.0,4700000.0,1.0,5.1E8,
8.6E-34,27.0,1400000.0,940000.0,920.0,770000.0,7100.0,1000.0,7200.0,600.0,4200.0,16.0,3099999.9999999995,4.8E-4,9.4,9.4,0.0,360.0,5.8,0.0,0.0,0.0,4800000.0,1.0,5.1E8,
8.6E-34,27.0,1400000.0,940000.0,920.0,770000.0,7100.0,1000.0,7200.0,600.0,4200.0,16.0,3099999.9999999995,4.4E-4,9.4,9.4,0.0,360.0,5.8,0.0,0.0,0.0,5000000.0,1.0,5.1E8,
8.6E-34,27.0,1400000.0,940000.0,920.0,770000.0,7100.0,1000.0,7200.0,600.0,4200.0,16.0,3099999.9999999995,3.8E-4,9.4,9.4,0.0,360.0,5.8,0.0,0.0,0.0,5200000.0,1.0,5.1E8,
8.6E-34,27.0,1400000.0,940000.0,920.0,770000.0,7100.0,1000.0,7200.0,600.0,4200.0,16.0,3099999.9999999995,3.3E-4,9.4,9.4,0.0,360.0,5.8,0.0,0.0,0.0,5500000.0,1.0,5.1E8,
8.6E-34,27.0,1400000.0,940000.0,920.0,770000.0,7100.0,1000.0,7200.0,600.0,4200.0,16.0,3099999.9999999995,2.9E-4,9.4,9.4,0.0,360.0,5.8,0.0,0.0,0.0,5699999.999999999,1.0,5.1E8,
9.6E-34,30.0,1499999.9999999998,1000000.0,37000.0,890000.0,7000.0,1000.0,7200.0,600.0,4200.0,16.0,3399999.9999999995,0.0024,10.0,10.0,0.0,360.0,44.0,0.0,0.0,0.0,5600000.0,1.0,5.2E8,
8.8E-34,27.0,1300000.0,940000.0,14000.0,890000.0,7000.0,1000.0,7200.0,600.0,4200.0,16.0,3199999.9999999995,0.0026,9.2,9.2,0.0,360.0,19.0,0.0,0.0,0.0,5300000.0,1.0,5.1E8,
8.3E-34,25.0,1300000.0,810000.0,64000.0,890000.0,7000.0,1000.0,7100.0,600.0,4200.0,16.0,3099999.9999999995,0.0049,8.5,8.5,0.0,370.0,71.0,0.0,0.0,0.0,5100000.0,1.0,5.1E8,
8.2E-34,25.0,1300000.0,810000.0,64000.0,890000.0,7000.0,1000.0,7100.0,600.0,4200.0,16.0,3099999.9999999995,0.0061,8.4,8.4,0.0,370.0,71.0,0.0,0.0,0.0,4800000.0,1.0,5.1E8,
8.2E-34,25.0,1300000.0,810000.0,64000.0,890000.0,7000.0,1000.0,7100.0,600.0,4200.0,16.0,3099999.9999999995,0.0064,8.4,8.4,0.0,370.0,71.0,0.0,0.0,0.0,4700000.0,1.0,5.1E8,
8.2E-34,25.0,1300000.0,810000.0,64000.0,890000.0,7000.0,1000.0,7100.0,600.0,4200.0,16.0,3099999.9999999995,0.0061,8.4,8.4,0.0,370.0,71.0,0.0,0.0,0.0,4800000.0,1.0,5.1E8,
8.2E-34,25.0,1300000.0,810000.0,64000.0,890000.0,7000.0,1000.0,7100.0,600.0,4200.0,16.0,3099999.9999999995,0.0054,8.4,8.4,0.0,360.0,71.0,0.0,0.0,0.0,5000000.0,1.0,5.1E8,
8.2E-34,25.0,1300000.0,810000.0,64000.0,890000.0,7000.0,1000.0,7100.0,600.0,4200.0,16.0,3099999.9999999995,0.0047,8.4,8.4,0.0,360.0,71.0,0.0,0.0,0.0,5200000.0,1.0,5.1E8,
8.2E-34,25.0,1300000.0,810000.0,64000.0,890000.0,7000.0,1000.0,7100.0,600.0,4200.0,16.0,3099999.9999999995,0.004,8.4,8.4,0.0,360.0,71.0,0.0,0.0,0.0,5500000.0,1.0,5.1E8,
8.2E-34,25.0,1300000.0,810000.0,64000.0,890000.0,7000.0,1000.0,7100.0,600.0,4200.0,16.0,3099999.9999999995,0.0034,8.4,8.4,0.0,360.0,71.0,0.0,0.0,0.0,5799999.999999999,1.0,5.1E8,
8.2E-34,25.0,1300000.0,810000.0,64000.0,890000.0,7000.0,1000.0,7100.0,600.0,4200.0,16.0,3099999.9999999995,0.0029,8.4,8.4,0.0,360.0,71.0,0.0,0.0,0.0,6199999.999999999,1.0,5.1E8,
8.2E-34,25.0,1300000.0,810000.0,64000.0,890000.0,7000.0,1000.0,7100.0,600.0,4200.0,16.0,3099999.9999999995,0.0032,8.4,8.4,0.0,360.0,71.0,0.0,0.0,0.0,5999999.999999999,1.0,5.1E8,
8.2E-34,25.0,1300000.0,810000.0,64000.0,890000.0,7000.0,1000.0,7100.0,600.0,4200.0,16.0,3099999.9999999995,0.0038,8.4,8.4,0.0,360.0,71.0,0.0,0.0,0.0,5600000.0,1.0,5.1E8,
8.2E-34,25.0,1300000.0,810000.0,64000.0,890000.0,7000.0,1000.0,7100.0,600.0,4200.0,16.0,3099999.9999999995,0.0039,8.4,8.4,0.0,360.0,71.0,0.0,0.0,0.0,5600000.0,1.0,5.1E8,
8.2E-34,25.0,1300000.0,810000.0,64000.0,890000.0,7000.0,1000.0,7100.0,600.0,4200.0,16.0,3099999.9999999995,0.0037,8.4,8.4,0.0,360.0,71.0,0.0,0.0,0.0,5600000.0,1.0,5.1E8,
8.2E-34,25.0,1300000.0,810000.0,64000.0,890000.0,7000.0,1000.0,7100.0,600.0,4200.0,16.0,3099999.9999999995,0.0034,8.4,8.4,0.0,360.0,71.0,0.0,0.0,0.0,5799999.999999999,1.0,5.1E8,
8.2E-34,25.0,1300000.0,810000.0,64000.0,890000.0,7000.0,1000.0,7100.0,600.0,4200.0,16.0,3099999.9999999995,0.003,8.4,8.4,0.0,360.0,71.0,0.0,0.0,0.0,6099999.999999999,1.0,5.1E8,
8.2E-34,25.0,1300000.0,810000.0,64000.0,890000.0,7000.0,1000.0,7100.0,600.0,4200.0,16.0,3099999.9999999995,0.0026,8.4,8.4,0.0,360.0,71.0,0.0,0.0,0.0,6399999.999999999,1.0,5.1E8,
8.2E-34,25.0,1300000.0,810000.0,64000.0,890000.0,7000.0,1000.0,7100.0,600.0,4200.0,16.0,3099999.9999999995,0.0023,8.4,8.4,0.0,360.0,71.0,0.0,0.0,0.0,6699999.999999999,1.0,5.1E8,
8.2E-34,25.0,1300000.0,810000.0,64000.0,890000.0,7000.0,1000.0,7100.0,600.0,4200.0,16.0,3099999.9999999995,0.0022,8.4,8.4,0.0,360.0,71.0,0.0,0.0,0.0,6799999.999999999,1.0,5.1E8,
8.2E-34,25.0,1300000.0,810000.0,64000.0,890000.0,7000.0,1000.0,7100.0,600.0,4200.0,16.0,3099999.9999999995,0.0028,8.4,8.4,0.0,360.0,71.0,0.0,0.0,0.0,6199999.999999999,1.0,5.1E8,
8.2E-34,25.0,1300000.0,810000.0,64000.0,890000.0,7000.0,1000.0,7100.0,600.0,4200.0,16.0,3099999.9999999995,0.0031,8.4,8.4,0.0,360.0,71.0,0.0,0.0,0.0,5999999.999999999,1.0,5.1E8,
8.2E-34,25.0,1300000.0,810000.0,64000.0,890000.0,7000.0,1000.0,7100.0,600.0,4200.0,16.0,3099999.9999999995,0.0031,8.4,8.4,0.0,360.0,71.0,0.0,0.0,0.0,5999999.999999999,1.0,5.1E8,
8.2E-34,25.0,1300000.0,810000.0,64000.0,890000.0,7000.0,1000.0,7100.0,600.0,4200.0,16.0,3099999.9999999995,0.003,8.4,8.4,0.0,360.0,71.0,0.0,0.0,0.0,6099999.999999999,1.0,5.1E8,
8.2E-34,25.0,1300000.0,810000.0,64000.0,890000.0,7000.0,1000.0,7100.0,600.0,4200.0,16.0,3099999.9999999995,0.0027,8.4,8.4,0.0,360.0,71.0,0.0,0.0,0.0,6399999.999999999,1.0,5.1E8,
1.1E-33,33.0,1300000.0,990000.0,150000.0,950000.0,7000.0,1000.0,7100.0,600.0,4200.0,17.0,3499999.9999999995,0.0068,11.0,11.0,0.0,370.0,180.0,0.0,0.0,0.0,6399999.999999999,1.0,5.2E8,
1.1E-33,34.0,1300000.0,999999.9999999999,130000.0,960000.0,7000.0,1000.0,7100.0,600.0,4200.0,17.0,3399999.9999999995,0.008,11.0,11.0,0.0,370.0,160.0,0.0,0.0,0.0,6099999.999999999,1.0,5.2E8,
8.4E-34,25.0,1200000.0,870000.0,3100.0,960000.0,7000.0,1000.0,7100.0,590.0,4200.0,17.0,3099999.9999999995,3.9E-4,8.2,8.2,0.0,370.0,7.3,0.0,0.0,0.0,5600000.0,1.0,5.1E8,
8.4E-34,25.0,1200000.0,870000.0,3100.0,960000.0,7000.0,1000.0,7100.0,590.0,4200.0,17.0,3099999.9999999995,4.4E-4,8.2,8.2,0.0,370.0,7.3,0.0,0.0,0.0,5400000.0,1.0,5.1E8,
8.4E-34,25.0,1200000.0,870000.0,3100.0,960000.0,7000.0,1000.0,7100.0,590.0,4200.0,17.0,3099999.9999999995,4.4E-4,8.2,8.2,0.0,370.0,7.3,0.0,0.0,0.0,5400000.0,1.0,5.1E8,
8.4E-34,25.0,1200000.0,870000.0,3100.0,960000.0,7000.0,1000.0,7100.0,590.0,4200.0,17.0,3099999.9999999995,4.1E-4,8.2,8.2,0.0,370.0,7.3,0.0,0.0,0.0,5500000.0,1.0,5.1E8,
8.4E-34,25.0,1200000.0,870000.0,3100.0,960000.0,7000.0,1000.0,7100.0,590.0,4200.0,17.0,3099999.9999999995,3.6E-4,8.2,8.2,0.0,370.0,7.3,0.0,0.0,0.0,5799999.999999999,1.0,5.1E8,
8.4E-34,25.0,1200000.0,870000.0,3100.0,960000.0,7000.0,1000.0,7100.0,590.0,4200.0,17.0,3099999.9999999995,3.1E-4,8.2,8.2,0.0,370.0,7.3,0.0,0.0,0.0,6099999.999999999,1.0,5.1E8,
8.4E-34,25.0,1200000.0,870000.0,3100.0,960000.0,7000.0,1000.0,7100.0,590.0,4200.0,17.0,3099999.9999999995,2.7E-4,8.2,8.2,0.0,370.0,7.3,0.0,0.0,0.0,6399999.999999999,1.0,5.1E8,
8.4E-34,25.0,1200000.0,870000.0,3100.0,960000.0,7000.0,1000.0,7100.0,590.0,4200.0,17.0,3099999.9999999995,2.3E-4,8.2,8.2,0.0,360.0,7.3,0.0,0.0,0.0,6699999.999999999,1.0,5.1E8,
8.4E-34,25.0,1200000.0,870000.0,3100.0,960000.0,7000.0,1000.0,7100.0,590.0,4200.0,17.0,3099999.9999999995,2.2E-4,8.2,8.2,0.0,360.0,7.3,0.0,0.0,0.0,6899999.999999999,1.0,5.1E8,
8.4E-34,25.0,1200000.0,870000.0,3100.0,960000.0,7000.0,1000.0,7100.0,590.0,4200.0,17.0,3099999.9999999995,2.8E-4,8.2,8.2,0.0,360.0,7.3,0.0,0.0,0.0,6299999.999999999,1.0,5.1E8,
8.4E-34,25.0,1200000.0,870000.0,3100.0,960000.0,7000.0,1000.0,7100.0,590.0,4200.0,17.0,3099999.9999999995,3.0E-4,8.2,8.2,0.0,360.0,7.3,0.0,0.0,0.0,6099999.999999999,1.0,5.1E8,
8.4E-34,25.0,1200000.0,870000.0,3100.0,960000.0,7000.0,1000.0,7100.0,590.0,4200.0,17.0,3099999.9999999995,3.0E-4,8.2,8.2,0.0,360.0,7.3,0.0,0.0,0.0,6199999.999999999,1.0,5.1E8,
8.4E-34,25.0,1200000.0,870000.0,3100.0,960000.0,7000.0,1000.0,7100.0,590.0,4200.0,17.0,3099999.9999999995,2.8E-4,8.2,8.2,0.0,360.0,7.3,0.0,0.0,0.0,6299999.999999999,1.0,5.1E8,
8.4E-34,25.0,1200000.0,870000.0,3100.0,960000.0,7000.0,1000.0,7100.0,590.0,4200.0,17.0,3099999.9999999995,2.5E-4,8.2,8.2,0.0,360.0,7.3,0.0,0.0,0.0,6599999.999999999,1.0,5.1E8,
8.4E-34,25.0,1200000.0,870000.0,3100.0,960000.0,7000.0,1000.0,7100.0,590.0,4200.0,17.0,3099999.9999999995,2.2E-4,8.2,8.2,0.0,360.0,7.3,0.0,0.0,0.0,6899999.999999999,1.0,5.1E8,
8.4E-34,25.0,1200000.0,870000.0,3100.0,960000.0,7000.0,1000.0,7100.0,590.0,4200.0,17.0,3099999.9999999995,1.9E-4,8.2,8.2,0.0,360.0,7.3,0.0,0.0,0.0,7199999.999999999,1.0,5.1E8,
8.4E-34,25.0,1200000.0,870000.0,3100.0,960000.0,7000.0,1000.0,7100.0,590.0,4200.0,17.0,3099999.9999999995,1.7E-4,8.2,8.2,0.0,360.0,7.3,0.0,0.0,0.0,7599999.999999999,1.0,5.1E8,
8.4E-34,25.0,1200000.0,870000.0,3100.0,960000.0,7000.0,1000.0,7100.0,590.0,4200.0,17.0,3099999.9999999995,2.1E-4,8.2,8.2,0.0,360.0,7.3,0.0,0.0,0.0,6999999.999999999,1.0,5.1E8,
8.4E-34,25.0,1200000.0,870000.0,3100.0,960000.0,7000.0,1000.0,7100.0,590.0,4200.0,17.0,3099999.9999999995,2.5E-4,8.2,8.2,0.0,360.0,7.3,0.0,0.0,0.0,6599999.999999999,1.0,5.1E8,
8.4E-34,25.0,1200000.0,870000.0,3100.0,960000.0,7000.0,1000.0,7100.0,590.0,4200.0,17.0,3099999.9999999995,2.6E-4,8.2,8.2,0.0,360.0,7.3,0.0,0.0,0.0,6499999.999999999,1.0,5.1E8,
8.4E-34,25.0,1200000.0,870000.0,3100.0,960000.0,7000.0,1000.0,7100.0,590.0,4200.0,17.0,3099999.9999999995,2.5E-4,8.2,8.2,0.0,360.0,7.3,0.0,0.0,0.0,6599999.999999999,1.0,5.1E8,
8.4E-34,25.0,1200000.0,870000.0,3100.0,960000.0,7000.0,1000.0,7100.0,590.0,4200.0,17.0,3099999.9999999995,2.3E-4,8.2,8.2,0.0,360.0,7.3,0.0,0.0,0.0,6799999.999999999,1.0,5.1E8,
8.4E-34,25.0,1200000.0,870000.0,3100.0,960000.0,7000.0,1000.0,7100.0,590.0,4200.0,17.0,3099999.9999999995,2.0E-4,8.2,8.2,0.0,360.0,7.3,0.0,0.0,0.0,7099999.999999999,1.0,5.1E8,
8.4E-34,25.0,1200000.0,870000.0,3100.0,960000.0,7000.0,1000.0,7100.0,590.0,4200.0,17.0,3099999.9999999995,1.8E-4,8.2,8.2,0.0,360.0,7.3,0.0,0.0,0.0,7399999.999999999,1.0,5.1E8,
8.4E-34,25.0,1200000.0,870000.0,3100.0,960000.0,7000.0,1000.0,7100.0,590.0,4200.0,17.0,3099999.9999999995,1.6E-4,8.2,8.2,0.0,360.0,7.3,0.0,0.0,0.0,7699999.999999999,1.0,5.1E8,
8.4E-34,25.0,1200000.0,870000.0,3100.0,960000.0,7000.0,1000.0,7100.0,590.0,4200.0,17.0,3099999.9999999995,1.8E-4,8.2,8.2,0.0,360.0,7.3,0.0,0.0,0.0,7399999.999999999,1.0,5.1E8,
8.4E-34,25.0,1200000.0,870000.0,3100.0,960000.0,7000.0,1000.0,7100.0,590.0,4200.0,17.0,3099999.9999999995,2.2E-4,8.2,8.2,0.0,360.0,7.3,0.0,0.0,0.0,6899999.999999999,1.0,5.1E8,
8.4E-34,25.0,1200000.0,870000.0,3100.0,960000.0,7000.0,1000.0,7100.0,590.0,4200.0,17.0,3099999.9999999995,2.4E-4,8.2,8.2,0.0,360.0,7.3,0.0,0.0,0.0,6699999.999999999,1.0,5.1E8,
8.4E-34,25.0,1200000.0,870000.0,3100.0,960000.0,7000.0,1000.0,7100.0,590.0,4200.0,17.0,3099999.9999999995,2.3E-4,8.2,8.2,0.0,360.0,7.3,0.0,0.0,0.0,6699999.999999999,1.0,5.1E8,
8.4E-34,25.0,1200000.0,870000.0,3100.0,960000.0,7000.0,1000.0,7100.0,590.0,4200.0,17.0,3099999.9999999995,2.2E-4,8.2,8.2,0.0,350.0,7.3,0.0,0.0,0.0,6899999.999999999,1.0,5.1E8,
8.4E-34,25.0,1200000.0,870000.0,3100.0,960000.0,7000.0,1000.0,7100.0,590.0,4200.0,17.0,3099999.9999999995,2.0E-4,8.2,8.2,0.0,350.0,7.3,0.0,0.0,0.0,7099999.999999999,1.0,5.1E8,
8.4E-34,25.0,1200000.0,870000.0,3100.0,960000.0,7000.0,1000.0,7100.0,590.0,4200.0,17.0,3099999.9999999995,1.8E-4,8.2,8.2,0.0,350.0,7.3,0.0,0.0,0.0,7399999.999999999,1.0,5.1E8,
8.4E-34,25.0,1200000.0,870000.0,3100.0,960000.0,7000.0,1000.0,7100.0,590.0,4200.0,17.0,3099999.9999999995,1.5E-4,8.2,8.2,0.0,350.0,7.3,0.0,0.0,0.0,7799999.999999999,1.0,5.1E8,
8.4E-34,25.0,1200000.0,870000.0,3100.0,960000.0,7000.0,1000.0,7100.0,590.0,4200.0,17.0,3099999.9999999995,1.5E-4,8.2,8.2,0.0,350.0,7.3,0.0,0.0,0.0,7899999.999999999,1.0,5.1E8,
8.4E-34,25.0,1200000.0,870000.0,3100.0,960000.0,7000.0,1000.0,7100.0,590.0,4200.0,17.0,3099999.9999999995,2.0E-4,8.2,8.2,0.0,350.0,7.3,0.0,0.0,0.0,7199999.999999999,1.0,5.1E8,
8.4E-34,25.0,1200000.0,870000.0,3100.0,960000.0,7000.0,1000.0,7100.0,590.0,4200.0,17.0,3099999.9999999995,2.2E-4,8.2,8.2,0.0,350.0,7.3,0.0,0.0,0.0,6799999.999999999,1.0,5.1E8,
8.4E-34,25.0,1200000.0,870000.0,3100.0,960000.0,7000.0,1000.0,7100.0,590.0,4200.0,17.0,3099999.9999999995,2.3E-4,8.2,8.2,0.0,350.0,7.3,0.0,0.0,0.0,6799999.999999999,1.0,5.1E8,
8.4E-34,25.0,1200000.0,870000.0,3100.0,960000.0,7000.0,1000.0,7100.0,590.0,4200.0,17.0,3099999.9999999995,2.2E-4,8.2,8.2,0.0,350.0,7.3,0.0,0.0,0.0,6899999.999999999,1.0,5.1E8,
8.4E-34,25.0,1200000.0,870000.0,3100.0,960000.0,7000.0,1000.0,7100.0,590.0,4200.0,17.0,3099999.9999999995,2.0E-4,8.2,8.2,0.0,350.0,7.3,0.0,0.0,0.0,7099999.999999999,1.0,5.1E8,
8.4E-34,25.0,1200000.0,870000.0,3100.0,960000.0,7000.0,1000.0,7100.0,590.0,4200.0,17.0,3099999.9999999995,1.8E-4,8.2,8.2,0.0,350.0,7.3,0.0,0.0,0.0,7399999.999999999,1.0,5.1E8,
8.4E-34,25.0,1200000.0,870000.0,3100.0,960000.0,7000.0,1000.0,7100.0,590.0,4200.0,17.0,3099999.9999999995,1.6E-4,8.2,8.2,0.0,350.0,7.3,0.0,0.0,0.0,7699999.999999999,1.0,5.1E8,
8.4E-34,25.0,1200000.0,870000.0,3100.0,960000.0,7000.0,1000.0,7100.0,590.0,4200.0,17.0,3099999.9999999995,1.4E-4,8.2,8.2,0.0,350.0,7.3,0.0,0.0,0.0,8099999.999999999,1.0,5.1E8,
8.4E-34,25.0,1200000.0,870000.0,3100.0,960000.0,7000.0,1000.0,7100.0,590.0,4200.0,17.0,3099999.9999999995,1.8E-4,8.2,8.2,0.0,350.0,7.3,0.0,2.1E-12,2.2E-22,7399999.999999999,1.0,5.1E8,
8.4E-34,25.0,1200000.0,870000.0,3100.0,960000.0,7000.0,1000.0,7100.0,590.0,4200.0,17.0,3099999.9999999995,2.1E-4,8.2,8.2,0.0,350.0,7.3,0.0,6.8E-12,1.4E-21,6999999.999999999,1.0,5.1E8,
8.4E-34,25.0,1200000.0,870000.0,3100.0,960000.0,7000.0,1000.0,7100.0,590.0,4200.0,17.0,3099999.9999999995,2.2E-4,8.2,8.2,0.0,350.0,7.3,0.0,1.4E-11,3.6E-21,6799999.999999999,1.0,5.1E8,
8.4E-34,25.0,1200000.0,870000.0,3100.0,960000.0,7000.0,1000.0,7100.0,590.0,4200.0,17.0,3099999.9999999995,2.2E-4,8.2,8.2,0.0,350.0,7.3,0.0,2.3E-11,6.7E-21,6899999.999999999,1.0,5.1E8,
8.4E-34,25.0,1200000.0,870000.0,3100.0,960000.0,7000.0,1000.0,7100.0,590.0,4200.0,17.0,3099999.9999999995,2.0E-4,8.2,8.2,0.0,350.0,7.3,0.0,3.4E-11,1.0E-20,7099999.999999999,1.0,5.1E8,
8.4E-34,25.0,1200000.0,870000.0,3100.0,960000.0,7000.0,1000.0,7100.0,590.0,4200.0,17.0,3099999.9999999995,1.8E-4,8.2,8.2,0.0,350.0,7.3,0.0,4.6E-11,1.4E-20,7399999.999999999,1.0,5.1E8,
8.4E-34,25.0,1200000.0,870000.0,3100.0,960000.0,7000.0,1000.0,7100.0,590.0,4200.0,17.0,3099999.9999999995,1.6E-4,8.2,8.2,0.0,350.0,7.3,0.0,6.1E-11,1.7E-20,7699999.999999999,1.0,5.1E8,
8.4E-34,25.0,1200000.0,870000.0,3100.0,960000.0,7000.0,1000.0,7100.0,590.0,4200.0,17.0,3099999.9999999995,1.4E-4,8.2,8.2,0.0,350.0,7.3,0.0,7.7E-11,1.9E-20,7999999.999999999,1.0,5.1E8,
8.4E-34,25.0,1200000.0,870000.0,3100.0,960000.0,7000.0,1000.0,7100.0,590.0,4200.0,17.0,3099999.9999999995,1.6E-4,8.2,8.2,0.0,350.0,7.3,0.0,2.7E-10,3.6E-20,7699999.999999999,1.0,5.1E8,
8.4E-34,25.0,1200000.0,870000.0,3100.0,960000.0,7000.0,1000.0,7100.0,590.0,4200.0,17.0,3099999.9999999995,2.0E-4,8.2,8.2,0.0,350.0,7.3,0.0,7.6E-10,1.5E-19,7099999.999999999,1.0,5.1E8,
8.4E-34,25.0,1200000.0,870000.0,3100.0,960000.0,7000.0,1000.0,7100.0,590.0,4200.0,17.0,3099999.9999999995,2.2E-4,8.2,8.2,0.0,350.0,7.3,0.0,1.4E-9,3.7E-19,6899999.999999999,1.0,5.1E8,
8.4E-34,25.0,1200000.0,870000.0,3100.0,960000.0,7000.0,1000.0,7100.0,590.0,4200.0,17.0,3099999.9999999995,2.2E-4,8.2,8.2,0.0,350.0,7.3,0.0,2.2E-9,6.7E-19,6899999.999999999,1.0,5.1E8,
8.4E-34,25.0,1200000.0,870000.0,3100.0,960000.0,7000.0,1000.0,7100.0,590.0,4200.0,17.0,3099999.9999999995,2.0E-4,8.2,8.2,0.0,350.0,7.3,0.0,3.1E-9,9.8E-19,6999999.999999999,1.0,5.1E8,
8.4E-34,25.0,1200000.0,870000.0,3100.0,960000.0,7000.0,1000.0,7100.0,590.0,4200.0,17.0,3099999.9999999995,1.9E-4,8.2,8.2,0.0,350.0,7.3,0.0,4.1E-9,1.3E-18,7299999.999999999,1.0,5.1E8,
8.4E-34,25.0,1200000.0,870000.0,3100.0,960000.0,7000.0,1000.0,7100.0,590.0,4200.0,17.0,3099999.9999999995,1.7E-4,8.2,8.2,0.0,350.0,7.3,0.0,5.3E-9,1.5E-18,7599999.999999999,1.0,5.1E8,
8.100000000000001E-34,27.0,1200000.0,900000.0,2000.0,999999.9999999999,7000.0,1000.0,7100.0,590.0,4200.0,17.0,3099999.9999999995,9.4E-4,8.2,8.2,0.0,350.0,41.0,0.0,6.5E-9,8.3E-16,7499999.999999999,1.0,5.1E8,
7.7E-34,27.0,1200000.0,780000.0,110000.0,1100000.0,7000.0,1000.0,7100.0,590.0,4200.0,17.0,3199999.9999999995,0.004,8.0,8.0,0.0,350.0,140.0,0.0,9.5E-9,5.4E-16,6799999.999999999,1.0,5.1E8,
7.7E-34,27.0,1200000.0,780000.0,110000.0,1100000.0,7000.0,990.0,7100.0,590.0,4200.0,17.0,3099999.9999999995,0.0052,8.0,8.0,0.0,360.0,140.0,0.0,1.1E-8,2.6E-16,6299999.999999999,1.0,5.1E8,
7.7E-34,27.0,1200000.0,780000.0,110000.0,1100000.0,6900.0,990.0,7100.0,590.0,4100.0,17.0,3099999.9999999995,0.0057,8.0,8.0,0.0,360.0,140.0,0.0,1.4E-8,1.7E-16,6099999.999999999,1.0,5.1E8,
7.6E-34,27.0,1200000.0,780000.0,110000.0,1100000.0,6900.0,990.0,7000.0,590.0,4100.0,17.0,3099999.9999999995,0.0055,8.0,8.0,0.0,360.0,130.0,0.0,1.7E-8,1.7E-16,6199999.999999999,1.0,5.1E8,
7.6E-34,27.0,1200000.0,780000.0,110000.0,1100000.0,6900.0,990.0,7000.0,590.0,4100.0,17.0,3099999.9999999995,0.0051,8.0,8.0,0.0,360.0,130.0,0.0,2.0E-8,1.8E-16,6299999.999999999,1.0,5.1E8,
7.6E-34,26.0,1200000.0,770000.0,110000.0,1100000.0,6900.0,980.0,7000.0,590.0,4100.0,17.0,3099999.9999999995,0.0045,7.9,7.9,0.0,360.0,130.0,0.0,2.3E-8,2.0E-16,6599999.999999999,1.0,5.1E8,
7.6E-34,26.0,1100000.0,770000.0,110000.0,1100000.0,6900.0,980.0,7000.0,580.0,4100.0,17.0,3099999.9999999995,0.0038,7.9,7.9,0.0,370.0,130.0,0.0,2.8E-8,2.1E-16,6999999.999999999,1.0,5.1E8,
7.6E-34,26.0,1100000.0,770000.0,110000.0,1100000.0,6900.0,980.0,7000.0,580.0,4100.0,17.0,3099999.9999999995,0.0034,7.9,7.9,0.0,370.0,130.0,0.0,3.2E-8,2.1E-16,7299999.999999999,1.0,5.1E8,
7.6E-34,26.0,1100000.0,770000.0,110000.0,1100000.0,6900.0,980.0,7000.0,580.0,4100.0,17.0,3099999.9999999995,0.0029,7.9,7.9,0.0,370.0,130.0,0.0,3.7E-8,2.1E-16,7799999.999999999,1.0,5.1E8,
7.6E-34,26.0,1100000.0,770000.0,110000.0,1100000.0,6900.0,980.0,7000.0,580.0,4100.0,17.0,3099999.9999999995,0.0033,7.9,7.9,0.0,370.0,130.0,0.0,4.2E-8,2.3E-16,7299999.999999999,1.0,5.1E8,
7.6E-34,26.0,1100000.0,770000.0,110000.0,1100000.0,6900.0,980.0,7000.0,580.0,4100.0,17.0,3099999.9999999995,0.0039,7.9,7.9,0.0,370.0,130.0,0.0,4.6E-8,2.9E-16,6899999.999999999,1.0,5.1E8,
7.6E-34,26.0,1100000.0,770000.0,110000.0,1100000.0,6900.0,980.0,7000.0,580.0,4100.0,17.0,3099999.9999999995,0.0041,7.9,7.9,0.0,370.0,130.0,0.0,5.2E-8,3.6E-16,6799999.999999999,1.0,5.1E8,
7.6E-34,26.0,1100000.0,770000.0,110000.0,1100000.0,6900.0,980.0,7000.0,580.0,4100.0,17.0,3099999.9999999995,0.0039,7.9,7.9,0.0,370.0,130.0,0.0,5.9E-8,4.1E-16,6899999.999999999,1.0,5.1E8,
7.6E-34,26.0,1100000.0,770000.0,110000.0,1100000.0,6900.0,980.0,7000.0,580.0,4100.0,17.0,3099999.9999999995,0.0036,7.9,7.9,0.0,370.0,130.0,0.0,6.6E-8,4.4E-16,7199999.999999999,1.0,5.1E8,
9.0E-34,32.0,999999.9999999999,930000.0,160000.0,1100000.0,6900.0,980.0,7000.0,580.0,4100.0,17.0,3199999.9999999995,0.0053,9.5,9.5,0.0,370.0,160.0,0.0,8.5E-8,4.7E-13,6699999.999999999,1.0,5.1E8,
8.8E-34,32.0,999999.9999999999,910000.0,160000.0,1100000.0,6800.0,970.0,7000.0,580.0,4100.0,17.0,3199999.9999999995,0.0066,9.4,9.4,0.0,370.0,160.0,0.0,9.3E-8,1.7E-13,6199999.999999999,1.0,5.1E8,
8.8E-34,32.0,999999.9999999999,910000.0,160000.0,1100000.0,6800.0,970.0,7000.0,580.0,4100.0,17.0,3199999.9999999995,0.0077,9.4,9.4,0.0,370.0,160.0,0.0,1.0E-7,5.4E-14,5899999.999999999,1.0,5.1E8,
8.8E-34,32.0,999999.9999999999,910000.0,160000.0,1100000.0,6800.0,970.0,7000.0,580.0,4100.0,17.0,3199999.9999999995,0.0079,9.4,9.4,0.0,370.0,160.0,0.0,1.2E-7,1.8E-14,5799999.999999999,1.0,5.1E8,
8.8E-34,32.0,999999.9999999999,910000.0,160000.0,1100000.0,6800.0,970.0,7000.0,580.0,4100.0,17.0,3199999.9999999995,0.0074,9.4,9.4,0.0,370.0,160.0,0.0,1.3E-7,6.7E-15,5899999.999999999,1.0,5.1E8,
8.8E-34,32.0,999999.9999999999,910000.0,160000.0,999999.9999999999,6800.0,970.0,6900.0,580.0,4100.0,17.0,3199999.9999999995,0.0066,9.4,9.4,0.0,380.0,160.0,0.0,1.5E-7,3.4E-15,6199999.999999999,1.0,5.1E8,
8.8E-34,32.0,999999.9999999999,910000.0,160000.0,999999.9999999999,6800.0,970.0,6900.0,580.0,4100.0,17.0,3199999.9999999995,0.0058,9.4,9.4,0.0,380.0,160.0,0.0,1.6E-7,2.3E-15,6499999.999999999,1.0,5.1E8,
8.8E-34,32.0,999999.9999999999,910000.0,160000.0,999999.9999999999,6800.0,970.0,6900.0,580.0,4100.0,17.0,3199999.9999999995,0.005,9.3,9.3,0.0,380.0,160.0,0.0,1.8E-7,2.0E-15,6799999.999999999,1.0,5.1E8,
8.8E-34,32.0,999999.9999999999,910000.0,160000.0,999999.9999999999,6800.0,970.0,6900.0,570.0,4000.0,17.0,3099999.9999999995,0.0043,9.3,9.3,0.0,380.0,160.0,0.0,2.0E-7,1.8E-15,7199999.999999999,1.0,5.1E8,
7.9E-34,29.0,1100000.0,950000.0,72000.0,1100000.0,6800.0,960.0,6900.0,570.0,13000.0,17.0,3299999.9999999995,0.0031,8.8,8.8,0.0,380.0,62.0,0.0,2.5E-7,7.2E-13,6999999.999999999,1.0,5.1E8,
7.1E-34,26.0,1100000.0,860000.0,56000.0,1100000.0,6800.0,960.0,6900.0,570.0,5700.0,17.0,3099999.9999999995,0.0017,7.5,7.5,0.0,380.0,49.0,0.0,2.6E-7,3.0E-13,6499999.999999999,1.0,5.1E8,
7.1E-34,26.0,1100000.0,860000.0,56000.0,1100000.0,6800.0,960.0,6900.0,570.0,5700.0,17.0,3099999.9999999995,0.002,7.5,7.5,0.0,380.0,49.0,0.0,2.8E-7,9.1E-14,6199999.999999999,1.0,5.1E8,
7.1E-34,26.0,1100000.0,860000.0,56000.0,1100000.0,6800.0,960.0,6900.0,570.0,5700.0,17.0,3099999.9999999995,0.002,7.5,7.5,0.0,380.0,49.0,0.0,2.9E-7,2.9E-14,6199999.999999999,1.0,5.1E8,
7.1E-34,26.0,1100000.0,860000.0,56000.0,1100000.0,6700.0,960.0,6900.0,570.0,5700.0,17.0,3099999.9999999995,0.0018,7.5,7.5,0.0,390.0,49.0,0.0,3.2E-7,9.5E-15,6399999.999999999,1.0,5.1E8,
7.1E-34,26.0,1100000.0,860000.0,56000.0,1100000.0,6700.0,960.0,6800.0,570.0,5700.0,17.0,3099999.9999999995,0.0016,7.5,7.5,0.0,390.0,49.0,0.0,3.4E-7,3.6E-15,6699999.999999999,1.0,5.1E8,
7.1E-34,26.0,1100000.0,860000.0,56000.0,1100000.0,6700.0,950.0,6800.0,570.0,5700.0,17.0,3099999.9999999995,0.0014,7.5,7.5,0.0,390.0,49.0,0.0,3.6E-7,1.8E-15,6999999.999999999,1.0,5.1E8,
7.1E-34,26.0,1100000.0,860000.0,56000.0,1100000.0,6700.0,950.0,6800.0,570.0,5700.0,17.0,3099999.9999999995,0.0012,7.4,7.4,0.0,390.0,49.0,0.0,3.9E-7,1.2E-15,7399999.999999999,1.0,5.1E8,
7.1E-34,26.0,1100000.0,850000.0,56000.0,1100000.0,6700.0,950.0,6800.0,570.0,5700.0,17.0,3099999.9999999995,0.001,7.4,7.4,0.0,390.0,49.0,0.0,4.2E-7,9.7E-16,7799999.999999999,1.0,5.1E8,
7.0000000000000006E-34,26.0,1100000.0,850000.0,56000.0,1100000.0,6700.0,950.0,6800.0,560.0,5700.0,17.0,3099999.9999999995,9.7E-4,7.4,7.4,0.0,390.0,48.0,0.0,4.5E-7,8.6E-16,7999999.999999999,1.0,5.1E8,
7.0000000000000006E-34,26.0,1100000.0,850000.0,56000.0,1100000.0,6700.0,950.0,6800.0,560.0,5700.0,17.0,3099999.9999999995,0.0012,7.4,7.4,0.0,390.0,48.0,0.0,4.7E-7,9.7E-16,7299999.999999999,1.0,5.1E8,
7.0000000000000006E-34,26.0,1100000.0,850000.0,56000.0,1100000.0,6700.0,950.0,6800.0,560.0,5700.0,17.0,3099999.9999999995,0.0013,7.4,7.4,0.0,390.0,48.0,0.0,4.9E-7,1.2E-15,7099999.999999999,1.0,5.1E8,
7.0000000000000006E-34,26.0,1100000.0,850000.0,56000.0,1100000.0,6700.0,950.0,6800.0,560.0,5700.0,17.0,3099999.9999999995,0.0013,7.4,7.4,0.0,390.0,48.0,0.0,5.2E-7,1.3E-15,7099999.999999999,1.0,5.1E8,
7.0000000000000006E-34,26.0,1100000.0,850000.0,56000.0,1100000.0,6700.0,950.0,6800.0,560.0,5700.0,17.0,3099999.9999999995,0.0012,7.4,7.4,0.0,390.0,48.0,0.0,5.5E-7,1.3E-15,7299999.999999999,1.0,5.1E8,
7.0000000000000006E-34,26.0,1100000.0,850000.0,56000.0,1100000.0,6700.0,950.0,6800.0,560.0,5700.0,17.0,3099999.9999999995,0.0011,7.4,7.4,0.0,390.0,48.0,0.0,5.8E-7,1.3E-15,7599999.999999999,1.0,5.1E8,
7.0000000000000006E-34,26.0,1100000.0,850000.0,56000.0,1100000.0,6700.0,950.0,6800.0,560.0,5700.0,17.0,3099999.9999999995,9.8E-4,7.4,7.4,0.0,390.0,48.0,0.0,6.2E-7,1.2E-15,7899999.999999999,1.0,5.1E8,
7.0000000000000006E-34,26.0,1100000.0,850000.0,56000.0,1100000.0,6700.0,950.0,6800.0,560.0,5700.0,17.0,3099999.9999999995,8.6E-4,7.4,7.4,0.0,390.0,48.0,0.0,6.6E-7,1.2E-15,8299999.999999999,1.0,5.1E8,
7.0000000000000006E-34,26.0,1100000.0,850000.0,56000.0,1100000.0,6700.0,950.0,6800.0,560.0,5700.0,17.0,3099999.9999999995,7.5E-4,7.4,7.4,0.0,390.0,48.0,0.0,7.0E-7,1.1E-15,8700000.0,1.0,5.1E8,
7.0000000000000006E-34,26.0,1100000.0,850000.0,56000.0,1100000.0,6700.0,950.0,6800.0,560.0,5700.0,17.0,3099999.9999999995,9.5E-4,7.4,7.4,0.0,390.0,48.0,0.0,7.3E-7,1.2E-15,7999999.999999999,1.0,5.1E8,
7.0000000000000006E-34,26.0,1100000.0,850000.0,56000.0,1100000.0,6700.0,950.0,6800.0,560.0,5700.0,17.0,3099999.9999999995,0.0011,7.4,7.4,0.0,390.0,48.0,0.0,7.6E-7,1.4E-15,7599999.999999999,1.0,5.1E8,
7.0000000000000006E-34,26.0,1100000.0,850000.0,56000.0,1100000.0,6700.0,950.0,6800.0,560.0,5700.0,17.0,3099999.9999999995,0.0012,7.4,7.4,0.0,390.0,48.0,0.0,8.0E-7,1.7E-15,7499999.999999999,1.0,5.1E8,
7.0000000000000006E-34,26.0,1100000.0,850000.0,56000.0,1100000.0,6700.0,950.0,6800.0,560.0,5700.0,17.0,3099999.9999999995,0.0011,7.4,7.4,0.0,390.0,48.0,0.0,8.4E-7,1.8E-15,7599999.999999999,1.0,5.1E8,
7.0000000000000006E-34,26.0,1100000.0,850000.0,56000.0,1100000.0,6700.0,950.0,6800.0,560.0,5700.0,17.0,3099999.9999999995,0.001,7.4,7.4,0.0,390.0,48.0,0.0,8.8E-7,1.8E-15,7799999.999999999,1.0,5.1E8,
7.0000000000000006E-34,26.0,1100000.0,850000.0,56000.0,1100000.0,6700.0,950.0,6800.0,560.0,5700.0,17.0,3099999.9999999995,9.1E-4,7.4,7.4,0.0,390.0,48.0,0.0,9.2E-7,1.7E-15,8199999.999999999,1.0,5.1E8,
7.0000000000000006E-34,26.0,1100000.0,850000.0,56000.0,1100000.0,6700.0,950.0,6800.0,560.0,5700.0,17.0,3099999.9999999995,8.0E-4,7.4,7.4,0.0,390.0,48.0,0.0,9.7E-7,1.6E-15,8500000.0,1.0,5.1E8,
7.0000000000000006E-34,26.0,1100000.0,850000.0,56000.0,1100000.0,6700.0,950.0,6800.0,560.0,5700.0,17.0,3099999.9999999995,7.1E-4,7.4,7.4,0.0,390.0,48.0,0.0,1.0E-6,1.5E-15,8900000.0,1.0,5.1E8,
7.0000000000000006E-34,26.0,1100000.0,850000.0,56000.0,1100000.0,6700.0,950.0,6800.0,560.0,5700.0,17.0,3099999.9999999995,7.9E-4,7.4,7.4,0.0,390.0,48.0,0.0,1.1E-6,1.5E-15,8600000.0,1.0,5.1E8,
7.0000000000000006E-34,26.0,1100000.0,850000.0,56000.0,1100000.0,6700.0,950.0,6800.0,560.0,5700.0,17.0,3099999.9999999995,9.8E-4,7.4,7.4,0.0,390.0,48.0,0.0,1.1E-6,1.8E-15,7899999.999999999,1.0,5.1E8,
7.0000000000000006E-34,26.0,1100000.0,850000.0,56000.0,1100000.0,6700.0,950.0,6800.0,560.0,5700.0,17.0,3099999.9999999995,0.0011,7.4,7.4,0.0,390.0,48.0,0.0,1.1E-6,2.1E-15,7699999.999999999,1.0,5.1E8,
7.0000000000000006E-34,26.0,1100000.0,850000.0,56000.0,1100000.0,6700.0,950.0,6800.0,560.0,5700.0,17.0,3099999.9999999995,0.0011,7.4,7.4,0.0,390.0,48.0,0.0,1.2E-6,2.3E-15,7699999.999999999,1.0,5.1E8,
7.0000000000000006E-34,26.0,1100000.0,850000.0,56000.0,1100000.0,6700.0,950.0,6800.0,560.0,5700.0,17.0,3099999.9999999995,9.8E-4,7.4,7.4,0.0,390.0,48.0,0.0,1.2E-6,2.4E-15,7899999.999999999,1.0,5.1E8,
7.0000000000000006E-34,26.0,1100000.0,850000.0,56000.0,1100000.0,6700.0,950.0,6800.0,560.0,5700.0,17.0,3099999.9999999995,8.9E-4,7.4,7.4,0.0,390.0,48.0,0.0,1.3E-6,2.3E-15,8199999.999999999,1.0,5.1E8,
7.0000000000000006E-34,26.0,1100000.0,850000.0,56000.0,1100000.0,6700.0,950.0,6800.0,560.0,5700.0,17.0,3099999.9999999995,7.9E-4,7.4,7.4,0.0,390.0,48.0,0.0,1.4E-6,2.2E-15,8600000.0,1.0,5.1E8,
7.0000000000000006E-34,26.0,1100000.0,850000.0,56000.0,1100000.0,6700.0,950.0,6800.0,560.0,5700.0,17.0,3099999.9999999995,7.0E-4,7.4,7.4,0.0,390.0,48.0,0.0,1.4E-6,2.1E-15,9000000.0,1.0,5.1E8,
7.0000000000000006E-34,26.0,1100000.0,850000.0,56000.0,1100000.0,6700.0,950.0,6800.0,560.0,5700.0,17.0,3099999.9999999995,6.7E-4,7.4,7.4,0.0,390.0,48.0,0.0,1.5E-6,1.9E-15,9100000.0,1.0,5.1E8,
7.0000000000000006E-34,26.0,1100000.0,850000.0,56000.0,1100000.0,6700.0,950.0,6800.0,560.0,5700.0,17.0,3099999.9999999995,8.9E-4,7.4,7.4,0.0,390.0,48.0,0.0,1.5E-6,2.2E-15,8199999.999999999,1.0,5.1E8,
7.0000000000000006E-34,26.0,1100000.0,850000.0,56000.0,1100000.0,6700.0,950.0,6800.0,560.0,5700.0,17.0,3099999.9999999995,0.001,7.4,7.4,0.0,390.0,48.0,0.0,1.6E-6,2.7E-15,7899999.999999999,1.0,5.1E8,
7.0000000000000006E-34,26.0,1100000.0,850000.0,56000.0,1100000.0,6700.0,950.0,6800.0,560.0,5700.0,17.0,3099999.9999999995,0.001,7.4,7.4,0.0,390.0,48.0,0.0,1.6E-6,3.1E-15,7799999.999999999,1.0,5.1E8,
7.0000000000000006E-34,26.0,1100000.0,850000.0,56000.0,1100000.0,6700.0,950.0,6800.0,560.0,5700.0,17.0,3099999.9999999995,9.8E-4,7.4,7.4,0.0,390.0,48.0,0.0,1.7E-6,3.2E-15,7999999.999999999,1.0,5.1E8,
7.0000000000000006E-34,26.0,1100000.0,850000.0,56000.0,1100000.0,6700.0,950.0,6800.0,560.0,5700.0,17.0,3099999.9999999995,8.9E-4,7.4,7.4,0.0,380.0,48.0,0.0,1.8E-6,3.2E-15,8199999.999999999,1.0,5.1E8,
7.0000000000000006E-34,26.0,1100000.0,850000.0,56000.0,1100000.0,6700.0,950.0,6800.0,560.0,5700.0,17.0,3099999.9999999995,8.0E-4,7.4,7.4,0.0,380.0,48.0,0.0,1.8E-6,3.0E-15,8500000.0,1.0,5.1E8,
7.0000000000000006E-34,26.0,1100000.0,850000.0,56000.0,1100000.0,6700.0,950.0,6800.0,560.0,5700.0,17.0,3099999.9999999995,7.1E-4,7.4,7.4,0.0,380.0,48.0,0.0,1.9E-6,2.8E-15,8900000.0,1.0,5.1E8,
7.0000000000000006E-34,26.0,1100000.0,850000.0,56000.0,1100000.0,6700.0,950.0,6800.0,560.0,5700.0,17.0,3099999.9999999995,6.3E-4,7.4,7.4,0.0,380.0,48.0,0.0,2.0E-6,2.6E-15,9300000.0,1.0,5.1E8,
7.0000000000000006E-34,26.0,1100000.0,850000.0,56000.0,1100000.0,6700.0,950.0,6800.0,560.0,5700.0,17.0,3099999.9999999995,8.1E-4,7.4,7.4,0.0,380.0,48.0,0.0,2.0E-6,2.8E-15,8500000.0,1.0,5.1E8,
7.0000000000000006E-34,26.0,1100000.0,850000.0,56000.0,1100000.0,6700.0,950.0,6800.0,560.0,5700.0,17.0,3099999.9999999995,9.6E-4,7.4,7.4,0.0,380.0,48.0,0.0,2.1E-6,3.4E-15,7999999.999999999,1.0,5.1E8,
7.0000000000000006E-34,26.0,1100000.0,850000.0,56000.0,1100000.0,6700.0,950.0,6800.0,560.0,5700.0,17.0,3099999.9999999995,0.001,7.4,7.4,0.0,380.0,48.0,0.0,2.2E-6,3.9E-15,7899999.999999999,1.0,5.1E8,
7.0000000000000006E-34,26.0,1100000.0,850000.0,56000.0,1100000.0,6700.0,950.0,6800.0,560.0,5700.0,17.0,3099999.9999999995,9.8E-4,7.4,7.4,0.0,380.0,48.0,0.0,2.2E-6,4.2E-15,7899999.999999999,1.0,5.1E8,
7.0000000000000006E-34,26.0,1100000.0,850000.0,56000.0,1100000.0,6700.0,950.0,6800.0,560.0,5700.0,17.0,3099999.9999999995,9.1E-4,7.4,7.4,0.0,380.0,48.0,0.0,2.3E-6,4.2E-15,8199999.999999999,1.0,5.1E8,
7.0000000000000006E-34,26.0,1100000.0,850000.0,56000.0,1100000.0,6700.0,950.0,6800.0,560.0,5700.0,17.0,3099999.9999999995,8.2E-4,7.4,7.4,0.0,380.0,48.0,0.0,2.4E-6,4.0E-15,8500000.0,1.0,5.1E8,
7.0000000000000006E-34,26.0,1100000.0,850000.0,56000.0,1100000.0,6700.0,950.0,6800.0,560.0,5700.0,17.0,3099999.9999999995,7.3E-4,7.4,7.4,0.0,380.0,48.0,0.0,2.5E-6,3.8E-15,8800000.0,1.0,5.1E8,
7.0000000000000006E-34,26.0,1100000.0,850000.0,56000.0,1100000.0,6700.0,950.0,6800.0,560.0,5700.0,17.0,3099999.9999999995,6.5E-4,7.4,7.4,0.0,380.0,48.0,0.0,2.6E-6,3.5E-15,9200000.0,1.0,5.1E8,
7.0000000000000006E-34,26.0,1100000.0,850000.0,56000.0,1100000.0,6700.0,950.0,6800.0,560.0,5700.0,17.0,3099999.9999999995,7.3E-4,7.4,7.4,0.0,380.0,48.0,0.0,2.7E-6,3.4E-15,8800000.0,1.0,5.1E8,
7.0000000000000006E-34,26.0,1100000.0,850000.0,56000.0,1100000.0,6700.0,950.0,6800.0,560.0,5700.0,17.0,3099999.9999999995,9.1E-4,7.4,7.4,0.0,380.0,48.0,0.0,2.7E-6,4.1E-15,8199999.999999999,1.0,5.1E8,
7.0000000000000006E-34,26.0,1100000.0,850000.0,56000.0,1100000.0,6700.0,950.0,6800.0,560.0,5700.0,17.0,3099999.9999999995,9.9E-4,7.4,7.4,0.0,380.0,48.0,0.0,2.8E-6,4.9E-15,7899999.999999999,1.0,5.1E8,
7.0000000000000006E-34,26.0,1100000.0,850000.0,56000.0,1100000.0,6700.0,950.0,6800.0,560.0,5700.0,17.0,3099999.9999999995,9.9E-4,7.4,7.4,0.0,380.0,48.0,0.0,2.9E-6,5.3E-15,7899999.999999999,1.0,5.1E8,
7.0000000000000006E-34,26.0,1100000.0,850000.0,56000.0,1100000.0,6700.0,950.0,6800.0,560.0,5700.0,17.0,3099999.9999999995,9.3E-4,7.4,7.4,0.0,380.0,48.0,0.0,3.0E-6,5.4E-15,8099999.999999999,1.0,5.1E8,
7.0000000000000006E-34,26.0,1100000.0,850000.0,56000.0,1100000.0,6700.0,950.0,6800.0,560.0,5700.0,17.0,3099999.9999999995,8.4E-4,7.4,7.4,0.0,380.0,48.0,0.0,3.1E-6,5.3E-15,8400000.0,1.0,5.1E8,
7.0000000000000006E-34,26.0,1100000.0,850000.0,56000.0,1100000.0,6700.0,950.0,6800.0,560.0,5700.0,17.0,3099999.9999999995,7.5E-4,7.4,7.4,0.0,380.0,48.0,0.0,3.2E-6,4.9E-15,8700000.0,1.0,5.1E8,
7.0000000000000006E-34,26.0,1100000.0,850000.0,56000.0,1100000.0,6700.0,950.0,6800.0,560.0,5700.0,17.0,3099999.9999999995,6.7E-4,7.4,7.4,0.0,380.0,48.0,0.0,3.3E-6,4.6E-15,9100000.0,1.0,5.1E8,
8.4E-34,35.0,1200000.0,999999.9999999999,110000.0,1200000.0,6700.0,950.0,6800.0,560.0,5700.0,18.0,3499999.9999999995,0.0024,8.8,8.8,0.0,390.0,160.0,0.0,4.0E-6,1.8E-10,9200000.0,1.0,5.2E8,
7.0000000000000006E-34,29.0,999999.9999999999,930000.0,4200.0,1200000.0,6700.0,950.0,6800.0,560.0,5700.0,18.0,3099999.9999999995,1.8E-4,7.4,7.4,0.0,390.0,10.0,0.0,4.0E-6,6.7E-11,8299999.999999999,1.0,5.1E8,
6.9E-34,29.0,999999.9999999999,910000.0,4200.0,1200000.0,6700.0,950.0,6800.0,560.0,5700.0,18.0,3099999.9999999995,2.2E-4,7.3,7.3,0.0,390.0,10.0,0.0,4.0E-6,2.4E-11,7699999.999999999,1.0,5.1E8,
6.9E-34,29.0,999999.9999999999,910000.0,4200.0,1100000.0,6600.0,950.0,6800.0,560.0,5600.0,18.0,3099999.9999999995,2.5E-4,7.3,7.3,0.0,390.0,10.0,0.0,4.1E-6,7.4E-12,7299999.999999999,1.0,5.1E8,
6.9E-34,29.0,999999.9999999999,910000.0,4200.0,1100000.0,6600.0,950.0,6800.0,560.0,5600.0,18.0,3099999.9999999995,2.6E-4,7.3,7.3,0.0,390.0,10.0,0.0,4.2E-6,2.2E-12,7299999.999999999,1.0,5.1E8,
6.9E-34,29.0,999999.9999999999,910000.0,4200.0,1100000.0,6600.0,950.0,6800.0,560.0,5600.0,18.0,3099999.9999999995,2.4E-4,7.3,7.3,0.0,390.0,10.0,0.0,4.3E-6,6.8E-13,7399999.999999999,1.0,5.1E8,
6.9E-34,29.0,999999.9999999999,910000.0,4200.0,1100000.0,6600.0,950.0,6800.0,560.0,5600.0,18.0,3099999.9999999995,2.2E-4,7.3,7.3,0.0,390.0,10.0,0.0,4.4E-6,2.1E-13,7699999.999999999,1.0,5.1E8,
6.9E-34,29.0,999999.9999999999,910000.0,4200.0,1100000.0,6600.0,950.0,6800.0,560.0,5600.0,18.0,3099999.9999999995,2.0E-4,7.3,7.3,0.0,390.0,10.0,0.0,4.5E-6,6.4E-14,7999999.999999999,1.0,5.1E8,
7.400000000000001E-34,31.0,1100000.0,970000.0,37000.0,1200000.0,190.0,940.0,6700.0,560.0,6200.0,18.0,3299999.9999999995,9.2E-4,8.1,8.1,0.0,400.0,48.0,0.0,5.4E-6,4.2E-11,8199999.999999999,1.0,5.2E8,
6.1E-34,26.0,999999.9999999999,830000.0,4300.0,1200000.0,190.0,940.0,6700.0,560.0,6200.0,18.0,3099999.9999999995,2.1E-4,6.8,6.8,0.0,400.0,8.9,0.0,5.5E-6,1.6E-11,7599999.999999999,1.0,5.1E8,
6.1E-34,26.0,999999.9999999999,830000.0,4300.0,1200000.0,190.0,940.0,6700.0,560.0,6200.0,18.0,3099999.9999999995,2.5E-4,6.8,6.8,0.0,400.0,8.9,0.0,5.5E-6,4.7E-12,7099999.999999999,1.0,5.1E8,
6.1E-34,26.0,999999.9999999999,830000.0,4300.0,1200000.0,190.0,940.0,6700.0,560.0,6200.0,18.0,3099999.9999999995,2.6E-4,6.8,6.8,0.0,400.0,8.9,0.0,5.6E-6,1.4E-12,6999999.999999999,1.0,5.1E8,
6.1E-34,26.0,999999.9999999999,830000.0,4300.0,1200000.0,190.0,940.0,6700.0,560.0,6200.0,18.0,3099999.9999999995,2.5E-4,6.8,6.8,0.0,400.0,8.9,0.0,5.7E-6,4.4E-13,7099999.999999999,1.0,5.1E8,
6.1E-34,26.0,999999.9999999999,830000.0,4300.0,1200000.0,190.0,940.0,6700.0,560.0,6200.0,18.0,3099999.9999999995,2.3E-4,6.8,6.8,0.0,400.0,8.9,0.0,5.8E-6,1.3E-13,7299999.999999999,1.0,5.1E8,
6.1E-34,26.0,999999.9999999999,830000.0,4300.0,1200000.0,190.0,940.0,6700.0,560.0,6200.0,18.0,3099999.9999999995,2.0E-4,6.8,6.8,0.0,400.0,8.9,0.0,5.9E-6,4.2E-14,7699999.999999999,1.0,5.1E8,
6.1E-34,26.0,999999.9999999999,830000.0,4300.0,1200000.0,190.0,940.0,6700.0,560.0,6200.0,18.0,3099999.9999999995,1.7E-4,6.8,6.8,0.0,400.0,8.9,0.0,6.0E-6,1.4E-14,8099999.999999999,1.0,5.1E8,
6.1E-34,26.0,999999.9999999999,830000.0,4300.0,1200000.0,190.0,940.0,6700.0,560.0,6200.0,18.0,3099999.9999999995,1.5E-4,6.8,6.8,0.0,400.0,8.9,0.0,6.2E-6,5.6E-15,8500000.0,1.0,5.1E8,
6.1E-34,26.0,999999.9999999999,830000.0,4300.0,1200000.0,190.0,940.0,6700.0,560.0,6200.0,18.0,3099999.9999999995,1.3E-4,6.8,6.8,0.0,400.0,8.9,0.0,6.3E-6,2.9E-15,9000000.0,1.0,5.1E8,
6.1E-34,26.0,999999.9999999999,830000.0,4300.0,1200000.0,190.0,940.0,6700.0,560.0,6200.0,18.0,3099999.9999999995,1.6E-4,6.8,6.8,0.0,400.0,8.9,0.0,6.4E-6,2.1E-15,8299999.999999999,1.0,5.1E8,
6.1E-34,26.0,999999.9999999999,830000.0,4300.0,1200000.0,190.0,940.0,6700.0,560.0,6200.0,18.0,3099999.9999999995,1.8E-4,6.8,6.8,0.0,400.0,8.9,0.0,6.5E-6,2.2E-15,7899999.999999999,1.0,5.1E8,
6.7E-34,30.0,950000.0,930000.0,1900.0,1200000.0,190.0,940.0,6700.0,560.0,6100.0,18.0,3099999.9999999995,8.8E-4,7.5,7.5,0.0,400.0,38.0,0.0,7.0E-6,3.3E-10,7599999.999999999,1.0,5.1E8,
6.7E-34,30.0,940000.0,920000.0,1900.0,1200000.0,190.0,940.0,6700.0,560.0,6100.0,18.0,3099999.9999999995,0.0011,7.5,7.5,0.0,400.0,38.0,0.0,7.1E-6,1.0E-10,7099999.999999999,1.0,5.1E8,
6.7E-34,30.0,940000.0,920000.0,1900.0,1200000.0,190.0,940.0,6700.0,560.0,6100.0,18.0,3099999.9999999995,0.0011,7.5,7.5,0.0,400.0,38.0,0.0,7.2E-6,3.0E-11,6999999.999999999,1.0,5.1E8,
6.7E-34,30.0,940000.0,920000.0,1900.0,1200000.0,190.0,940.0,6700.0,560.0,6100.0,18.0,3099999.9999999995,0.0011,7.5,7.5,0.0,400.0,38.0,0.0,7.3E-6,1.1E-11,6999999.999999999,1.0,5.1E8,
7.6E-34,35.0,990000.0,999999.9999999999,56000.0,1200000.0,4000.0,940.0,16000.0,2900.0,9000.0,18.0,3299999.9999999995,55.0,8.5,8.5,0.0,400.0,54.0,1300.0,7.8E-6,4.3E-10,7199999.999999999,1.0,5.2E8,
6.3E-34,30.0,990000.0,880000.0,2800.0,1200000.0,4000.0,940.0,3500.0,2900.0,1500.0,18.0,3099999.9999999995,3.5E-4,6.7,6.7,0.0,400.0,11.0,280.0,7.8E-6,1.6E-10,6799999.999999999,1.0,5.1E8,
6.3E-34,30.0,990000.0,880000.0,2800.0,1200000.0,4000.0,940.0,3500.0,2900.0,1500.0,18.0,3099999.9999999995,3.9E-4,6.7,6.7,0.0,400.0,11.0,27.0,7.9E-6,4.9E-11,6499999.999999999,1.0,5.1E8,
6.3E-34,30.0,990000.0,880000.0,2800.0,1200000.0,4000.0,940.0,3500.0,2900.0,1500.0,18.0,3099999.9999999995,3.8E-4,6.7,6.7,0.0,400.0,11.0,2.5,8.0E-6,1.5E-11,6599999.999999999,1.0,5.1E8,
6.3E-34,30.0,990000.0,880000.0,2800.0,1200000.0,4000.0,940.0,3500.0,2900.0,1500.0,18.0,3099999.9999999995,3.5E-4,6.7,6.7,0.0,400.0,11.0,0.24,8.2E-6,4.5E-12,6799999.999999999,1.0,5.1E8,
6.3E-34,30.0,990000.0,880000.0,2800.0,1200000.0,4000.0,940.0,3500.0,2900.0,1500.0,18.0,3099999.9999999995,3.1E-4,6.7,6.7,0.0,400.0,11.0,0.023,8.3E-6,1.4E-12,7099999.999999999,1.0,5.1E8,
6.3E-34,30.0,990000.0,880000.0,2800.0,1200000.0,4000.0,940.0,3500.0,2900.0,1500.0,18.0,3099999.9999999995,2.7E-4,6.7,6.7,0.0,400.0,11.0,0.0022,8.4E-6,4.2E-13,7399999.999999999,1.0,5.1E8,
6.3E-34,30.0,990000.0,880000.0,2800.0,1200000.0,4000.0,940.0,3500.0,2900.0,1500.0,18.0,3099999.9999999995,2.3E-4,6.7,6.7,0.0,400.0,11.0,2.0E-4,8.6E-6,1.3E-13,7899999.999999999,1.0,5.1E8,
6.3E-34,30.0,990000.0,880000.0,2800.0,1200000.0,4000.0,940.0,3500.0,2900.0,1500.0,18.0,3099999.9999999995,2.0E-4,6.7,6.7,0.0,400.0,11.0,1.9E-5,8.7E-6,4.2E-14,8299999.999999999,1.0,5.1E8,
6.3E-34,30.0,990000.0,880000.0,2800.0,1200000.0,4000.0,940.0,3500.0,2900.0,1500.0,18.0,3099999.9999999995,1.8E-4,6.7,6.7,0.0,400.0,11.0,1.8E-6,8.9E-6,1.5E-14,8500000.0,1.0,5.1E8,
6.3E-34,30.0,990000.0,880000.0,2800.0,1200000.0,4000.0,940.0,3500.0,2900.0,1500.0,18.0,3099999.9999999995,2.3E-4,6.7,6.7,0.0,400.0,11.0,1.7E-7,8.9E-6,7.1E-15,7799999.999999999,1.0,5.1E8,
6.3E-34,30.0,990000.0,880000.0,2800.0,1200000.0,4000.0,940.0,3500.0,2900.0,1500.0,18.0,3099999.9999999995,2.5E-4,6.7,6.7,0.0,400.0,11.0,1.7E-8,9.1E-6,5.1E-15,7599999.999999999,1.0,5.1E8,
6.3E-34,30.0,990000.0,880000.0,2800.0,1200000.0,4000.0,940.0,3500.0,2900.0,1500.0,18.0,3099999.9999999995,2.5E-4,6.7,6.7,0.0,400.0,11.0,1.6E-9,9.2E-6,4.6E-15,7699999.999999999,1.0,5.1E8,
6.3E-34,30.0,990000.0,880000.0,2800.0,1200000.0,4000.0,940.0,3500.0,2900.0,1500.0,18.0,3099999.9999999995,2.3E-4,6.7,6.7,0.0,400.0,11.0,1.5E-10,9.3E-6,4.4E-15,7899999.999999999,1.0,5.1E8,
6.3E-34,30.0,990000.0,880000.0,2800.0,1200000.0,4000.0,940.0,3500.0,2900.0,1500.0,18.0,3099999.9999999995,2.0E-4,6.7,6.7,0.0,400.0,11.0,1.4E-11,9.5E-6,4.0E-15,8199999.999999999,1.0,5.1E8,
6.3E-34,30.0,990000.0,880000.0,2800.0,1200000.0,4000.0,940.0,3500.0,2900.0,1500.0,18.0,3099999.9999999995,1.8E-4,6.7,6.7,0.0,400.0,11.0,1.3E-12,9.6E-6,3.7E-15,8600000.0,1.0,5.1E8,
6.3E-34,30.0,990000.0,880000.0,2800.0,1200000.0,4000.0,940.0,3500.0,2900.0,1500.0,18.0,3099999.9999999995,1.6E-4,6.7,6.7,0.0,400.0,11.0,1.3E-13,9.8E-6,3.3E-15,9000000.0,1.0,5.1E8,
6.3E-34,30.0,990000.0,880000.0,2800.0,1200000.0,4000.0,940.0,3500.0,2900.0,1500.0,18.0,3099999.9999999995,1.4E-4,6.7,6.7,0.0,390.0,11.0,1.2E-14,9.9E-6,2.9E-15,9400000.0,1.0,5.1E8,
6.3E-34,30.0,990000.0,880000.0,2800.0,1200000.0,4000.0,940.0,3500.0,2900.0,1500.0,18.0,3099999.9999999995,1.7E-4,6.7,6.7,0.0,390.0,11.0,1.1E-15,1.0E-5,3.0E-15,8700000.0,1.0,5.1E8,
6.3E-34,30.0,990000.0,880000.0,2800.0,1200000.0,4000.0,940.0,3500.0,2900.0,1500.0,18.0,3099999.9999999995,2.0E-4,6.7,6.7,0.0,390.0,11.0,1.1E-16,1.0E-5,3.5E-15,8199999.999999999,1.0,5.1E8,
6.3E-34,30.0,990000.0,880000.0,2800.0,1200000.0,4000.0,940.0,3500.0,2900.0,1500.0,18.0,3099999.9999999995,2.1E-4,6.7,6.7,0.0,390.0,11.0,1.0E-17,1.0E-5,3.9E-15,8099999.999999999,1.0,5.1E8,
6.3E-34,30.0,990000.0,880000.0,2800.0,1200000.0,4000.0,940.0,3500.0,2900.0,1500.0,18.0,3099999.9999999995,2.0E-4,6.7,6.7,0.0,390.0,11.0,9.6E-19,1.0E-5,4.0E-15,8299999.999999999,1.0,5.1E8,
6.3E-34,30.0,990000.0,880000.0,2800.0,1200000.0,4000.0,940.0,3500.0,2900.0,1500.0,18.0,3099999.9999999995,1.8E-4,6.7,6.7,0.0,390.0,11.0,9.1E-20,1.1E-5,3.9E-15,8500000.0,1.0,5.1E8,
6.3E-34,30.0,990000.0,880000.0,2800.0,1200000.0,4000.0,940.0,3500.0,2900.0,1500.0,18.0,3099999.9999999995,1.6E-4,6.7,6.7,0.0,390.0,11.0,8.7E-21,1.1E-5,3.7E-15,8900000.0,1.0,5.1E8,
6.3E-34,30.0,990000.0,880000.0,2800.0,1200000.0,4000.0,940.0,3500.0,2900.0,1500.0,18.0,3099999.9999999995,1.4E-4,6.7,6.7,0.0,390.0,11.0,8.200000000000001E-22,1.1E-5,3.3E-15,9300000.0,1.0,5.1E8,
6.3E-34,30.0,990000.0,880000.0,2800.0,1200000.0,4000.0,940.0,3500.0,2900.0,1500.0,18.0,3099999.9999999995,1.3E-4,6.7,6.7,0.0,390.0,11.0,7.8E-23,1.1E-5,3.0E-15,9700000.0,1.0,5.1E8,
6.3E-34,30.0,990000.0,880000.0,2800.0,1200000.0,4000.0,940.0,3500.0,2900.0,1500.0,18.0,3099999.9999999995,1.4E-4,6.7,6.7,0.0,390.0,11.0,7.4E-24,1.1E-5,2.8E-15,9400000.0,1.0,5.1E8,
6.3E-34,30.0,990000.0,880000.0,2800.0,1200000.0,4000.0,940.0,3500.0,2900.0,1500.0,18.0,3099999.9999999995,1.7E-4,6.7,6.7,0.0,390.0,11.0,6.9999999999999995E-25,1.1E-5,3.3E-15,8700000.0,1.0,5.1E8,
6.3E-34,30.0,990000.0,880000.0,2800.0,1200000.0,4000.0,940.0,3500.0,2900.0,1500.0,18.0,3099999.9999999995,1.9E-4,6.7,6.7,0.0,390.0,11.0,6.6E-26,1.1E-5,3.9E-15,8400000.0,1.0,5.1E8,
6.3E-34,30.0,990000.0,880000.0,2800.0,1200000.0,4000.0,940.0,3500.0,2900.0,1500.0,18.0,3099999.9999999995,1.9E-4,6.7,6.7,0.0,390.0,11.0,6.3E-27,1.2E-5,4.1E-15,8500000.0,1.0,5.1E8,
6.5E-34,32.0,1100000.0,880000.0,31000.0,1300000.0,4000.0,940.0,3500.0,2900.0,1500.0,18.0,3299999.9999999995,0.0011,6.8,6.8,0.0,390.0,59.0,1400.0,1.2E-5,3.3E-10,8199999.999999999,1.0,5.2E8,
6.1E-34,30.0,960000.0,860000.0,1100.0,1300000.0,4000.0,930.0,3400.0,2900.0,1500.0,18.0,3099999.9999999995,1.5E-4,6.4,6.4,0.0,390.0,7.1,430.0,1.2E-5,1.7E-10,7699999.999999999,1.0,5.1E8,
6.1E-34,30.0,960000.0,860000.0,1100.0,1300000.0,4000.0,930.0,3400.0,2900.0,1500.0,18.0,3099999.9999999995,1.9E-4,6.4,6.4,0.0,390.0,7.1,38.0,1.2E-5,5.3E-11,7199999.999999999,1.0,5.1E8,
6.1E-34,30.0,960000.0,860000.0,1100.0,1300000.0,4000.0,930.0,3400.0,2900.0,1500.0,18.0,3099999.9999999995,2.0E-4,6.4,6.4,0.0,390.0,7.1,3.3,1.2E-5,1.6E-11,7099999.999999999,1.0,5.1E8,
6.1E-34,30.0,960000.0,860000.0,1100.0,1300000.0,4000.0,930.0,3400.0,2900.0,1500.0,18.0,3099999.9999999995,1.9E-4,6.4,6.4,0.0,390.0,7.1,0.28,1.3E-5,4.8E-12,7299999.999999999,1.0,5.1E8,
6.1E-34,30.0,960000.0,860000.0,1100.0,1300000.0,4000.0,930.0,3400.0,2900.0,1500.0,18.0,3099999.9999999995,1.7E-4,6.4,6.4,0.0,390.0,7.1,0.025,1.3E-5,1.5E-12,7499999.999999999,1.0,5.1E8,
6.1E-34,30.0,960000.0,860000.0,1100.0,1300000.0,4000.0,930.0,3400.0,2900.0,1500.0,18.0,3099999.9999999995,1.5E-4,6.4,6.4,0.0,390.0,7.1,0.0021,1.3E-5,4.5E-13,7899999.999999999,1.0,5.1E8,
8.0E-34,40.0,1100000.0,970000.0,90000.0,1300000.0,4000.0,930.0,3400.0,2900.0,24000.0,18.0,3499999.9999999995,0.0024,8.2,8.2,0.0,390.0,120.0,2.9E-4,1.4E-5,8.9E-10,7999999.999999999,1.0,5.2E8,
5.700000000000001E-34,28.0,1100000.0,700000.0,58000.0,1300000.0,3900.0,930.0,3400.0,2900.0,1400.0,18.0,3099999.9999999995,0.0013,4.9,4.9,0.0,390.0,78.0,9.2E-5,1.4E-5,3.5E-10,7599999.999999999,1.0,5.1E8,
5.5E-34,28.0,1100000.0,690000.0,42000.0,1300000.0,3900.0,930.0,3400.0,2900.0,1400.0,18.0,3099999.9999999995,0.0016,4.8,4.8,0.0,390.0,58.0,1.1E-5,1.4E-5,1.3E-10,6999999.999999999,1.0,5.1E8,
5.5E-34,28.0,1100000.0,690000.0,42000.0,1300000.0,3900.0,930.0,3400.0,2900.0,1400.0,18.0,3099999.9999999995,0.0019,4.8,4.8,0.0,390.0,58.0,9.2E-7,1.4E-5,3.8E-11,6699999.999999999,1.0,5.1E8,
5.5E-34,28.0,1100000.0,690000.0,42000.0,1300000.0,3900.0,930.0,3400.0,2900.0,1400.0,18.0,3099999.9999999995,0.0018,4.8,4.8,0.0,390.0,58.0,7.4E-8,1.4E-5,1.2E-11,6799999.999999999,1.0,5.1E8,
5.5E-34,28.0,1100000.0,690000.0,42000.0,1300000.0,3900.0,930.0,3400.0,2900.0,1400.0,18.0,3099999.9999999995,0.0017,4.8,4.8,0.0,390.0,58.0,6.0E-9,1.5E-5,3.6E-12,6999999.999999999,1.0,5.1E8,
5.5E-34,28.0,1100000.0,690000.0,42000.0,1300000.0,3900.0,930.0,3400.0,2900.0,1400.0,18.0,3099999.9999999995,0.0015,4.8,4.8,0.0,390.0,58.0,4.9E-10,1.5E-5,1.1E-12,7299999.999999999,1.0,5.1E8,
5.5E-34,28.0,1100000.0,690000.0,42000.0,1300000.0,3900.0,930.0,3400.0,2900.0,1400.0,18.0,3099999.9999999995,0.0013,4.8,4.8,0.0,390.0,58.0,3.9E-11,1.5E-5,3.7E-13,7699999.999999999,1.0,5.1E8,
5.5E-34,28.0,1100000.0,690000.0,42000.0,1300000.0,3900.0,930.0,3400.0,2900.0,1400.0,18.0,3099999.9999999995,0.0011,4.8,4.8,0.0,390.0,58.0,3.2E-12,1.5E-5,1.4E-13,8199999.999999999,1.0,5.1E8,
5.5E-34,28.0,1100000.0,690000.0,42000.0,1300000.0,3900.0,930.0,3400.0,2900.0,1400.0,18.0,3099999.9999999995,9.3E-4,4.8,4.8,0.0,390.0,58.0,2.6E-13,1.5E-5,6.1E-14,8600000.0,1.0,5.1E8,
5.5E-34,28.0,1100000.0,690000.0,42000.0,1300000.0,3900.0,930.0,3400.0,2900.0,1400.0,18.0,3099999.9999999995,8.0E-4,4.8,4.8,0.0,390.0,58.0,2.1E-14,1.5E-5,3.6E-14,9100000.0,1.0,5.1E8,
5.5E-34,28.0,1100000.0,690000.0,42000.0,1300000.0,3900.0,930.0,3400.0,2900.0,1400.0,18.0,3099999.9999999995,0.001,4.8,4.8,0.0,390.0,58.0,1.7E-15,1.5E-5,3.1E-14,8299999.999999999,1.0,5.1E8,
5.5E-34,28.0,1100000.0,690000.0,42000.0,1300000.0,3900.0,930.0,3400.0,2900.0,1400.0,18.0,3099999.9999999995,0.0011,4.8,4.8,0.0,390.0,58.0,1.4E-16,1.5E-5,3.2E-14,7999999.999999999,1.0,5.1E8,
5.5E-34,28.0,1100000.0,690000.0,42000.0,1300000.0,3900.0,930.0,3400.0,2900.0,1400.0,18.0,3099999.9999999995,0.0011,4.8,4.8,0.0,390.0,58.0,1.1E-17,1.6E-5,3.4E-14,8099999.999999999,1.0,5.1E8,
5.5E-34,28.0,1100000.0,690000.0,42000.0,1300000.0,3900.0,930.0,3400.0,2900.0,1400.0,18.0,3099999.9999999995,0.0011,4.8,4.8,0.0,390.0,58.0,8.9E-19,1.6E-5,3.3E-14,8299999.999999999,1.0,5.1E8,
5.5E-34,28.0,1100000.0,690000.0,42000.0,1300000.0,3900.0,930.0,3400.0,2900.0,1400.0,18.0,3099999.9999999995,9.4E-4,4.8,4.8,0.0,390.0,58.0,7.2E-20,1.6E-5,3.1E-14,8600000.0,1.0,5.1E8,
5.5E-34,28.0,1100000.0,690000.0,42000.0,1300000.0,3900.0,930.0,3400.0,2900.0,1400.0,18.0,3099999.9999999995,8.3E-4,4.8,4.8,0.0,390.0,58.0,5.8E-21,1.6E-5,2.9E-14,9000000.0,1.0,5.1E8,
5.5E-34,28.0,1100000.0,690000.0,42000.0,1300000.0,3900.0,930.0,3400.0,2900.0,1400.0,18.0,3099999.9999999995,7.3E-4,4.8,4.8,0.0,390.0,58.0,4.7E-22,1.6E-5,2.5E-14,9400000.0,1.0,5.1E8,
5.5E-34,28.0,1100000.0,690000.0,42000.0,1300000.0,3900.0,930.0,3400.0,2900.0,1400.0,18.0,3099999.9999999995,6.3E-4,4.8,4.8,0.0,390.0,58.0,3.8E-23,1.6E-5,2.2E-14,9900000.0,1.0,5.1E8,
5.5E-34,28.0,1100000.0,690000.0,42000.0,1300000.0,3900.0,930.0,3400.0,2900.0,1400.0,18.0,3099999.9999999995,7.4E-4,4.8,4.8,0.0,390.0,58.0,3.0999999999999997E-24,1.6E-5,2.2E-14,9400000.0,1.0,5.1E8,
5.5E-34,28.0,1100000.0,690000.0,42000.0,1300000.0,3900.0,930.0,3400.0,2900.0,1400.0,18.0,3099999.9999999995,8.9E-4,4.8,4.8,0.0,390.0,58.0,2.5E-25,1.7E-5,2.5E-14,8800000.0,1.0,5.1E8,
5.5E-34,28.0,1100000.0,690000.0,42000.0,1300000.0,3900.0,930.0,3400.0,2900.0,1400.0,18.0,3099999.9999999995,9.3E-4,4.8,4.8,0.0,390.0,58.0,2.0E-26,1.7E-5,2.9E-14,8600000.0,1.0,5.1E8,
5.5E-34,28.0,1100000.0,690000.0,42000.0,1300000.0,3900.0,930.0,3400.0,2900.0,1400.0,18.0,3099999.9999999995,9.0E-4,4.8,4.8,0.0,390.0,58.0,1.6000000000000001E-27,1.7E-5,3.0E-14,8700000.0,1.0,5.1E8,
5.5E-34,28.0,1100000.0,690000.0,42000.0,1300000.0,3900.0,930.0,3400.0,2900.0,1400.0,18.0,3099999.9999999995,8.3E-4,4.8,4.8,0.0,390.0,58.0,1.3000000000000002E-28,1.7E-5,2.9E-14,9000000.0,1.0,5.1E8,
5.5E-34,28.0,1100000.0,690000.0,42000.0,1300000.0,3900.0,930.0,3400.0,2900.0,1400.0,18.0,3099999.9999999995,7.4E-4,4.8,4.8,0.0,390.0,58.0,1.1E-29,1.7E-5,2.7E-14,9400000.0,1.0,5.1E8,
6.4E-34,34.0,1100000.0,840000.0,67000.0,1300000.0,18000.0,930.0,3400.0,2900.0,1400.0,18.0,3299999.9999999995,0.0014,5.7,5.7,0.0,400.0,90.0,620.0,4.1E-5,5.3E-9,8700000.0,1.0,5.2E8,
5.8E-34,31.0,1100000.0,810000.0,6200.0,1300000.0,18000.0,930.0,3400.0,2800.0,1400.0,18.0,3199999.9999999995,2.2E-4,5.1,5.1,0.0,400.0,12.0,190.0,4.1E-5,2.6E-9,8199999.999999999,1.0,5.2E8,
5.700000000000001E-34,30.0,1100000.0,790000.0,6200.0,1300000.0,830.0,920.0,3400.0,2800.0,1400.0,18.0,3199999.9999999995,3.0E-4,5.0,5.0,0.0,400.0,12.0,16.0,4.1E-5,7.8E-10,7399999.999999999,1.0,5.1E8,
5.6E-34,30.0,1100000.0,780000.0,6200.0,1300000.0,830.0,920.0,3400.0,2800.0,1400.0,18.0,3199999.9999999995,3.4E-4,5.0,5.0,0.0,400.0,12.0,1.4,4.1E-5,2.3E-10,7099999.999999999,1.0,5.1E8,
5.6E-34,30.0,1100000.0,780000.0,6200.0,1300000.0,830.0,920.0,3400.0,2800.0,1400.0,18.0,3199999.9999999995,3.9E-4,5.0,5.0,0.0,400.0,12.0,0.18,4.1E-5,8.7E-11,6699999.999999999,1.0,5.1E8,
5.6E-34,30.0,1100000.0,780000.0,6200.0,1300000.0,830.0,920.0,3400.0,2800.0,1400.0,18.0,3199999.9999999995,4.2E-4,5.0,5.0,0.0,400.0,12.0,0.016,4.1E-5,2.6E-11,6599999.999999999,1.0,5.1E8,
5.6E-34,30.0,1100000.0,780000.0,6200.0,1300000.0,820.0,910.0,3400.0,2800.0,1400.0,18.0,3099999.9999999995,4.0E-4,5.0,5.0,0.0,400.0,12.0,0.0013,4.1E-5,8.0E-12,6699999.999999999,1.0,5.1E8,
5.6E-34,30.0,1100000.0,780000.0,6100.0,1300000.0,820.0,910.0,3400.0,2800.0,1400.0,18.0,3099999.9999999995,3.6E-4,4.9,4.9,0.0,400.0,12.0,1.2E-4,4.2E-5,2.5E-12,6899999.999999999,1.0,5.1E8,
5.6E-34,30.0,1100000.0,780000.0,6100.0,1300000.0,820.0,910.0,3400.0,2800.0,1400.0,18.0,3099999.9999999995,3.1E-4,4.9,4.9,0.0,400.0,12.0,9.9E-6,4.2E-5,7.7E-13,7299999.999999999,1.0,5.1E8,
5.6E-34,30.0,999999.9999999999,780000.0,6100.0,1300000.0,820.0,910.0,3400.0,2800.0,1400.0,18.0,3099999.9999999995,3.6E-4,4.9,4.9,0.0,400.0,12.0,1.9E-6,4.2E-5,3.6E-13,6899999.999999999,1.0,5.1E8,
5.6E-34,30.0,999999.9999999999,770000.0,6100.0,1300000.0,820.0,910.0,3300.0,2800.0,1400.0,18.0,3099999.9999999995,3.9E-4,4.9,4.9,0.0,400.0,12.0,1.1E-7,4.2E-5,1.1E-13,6699999.999999999,1.0,5.1E8,
5.5E-34,30.0,999999.9999999999,770000.0,6100.0,1300000.0,810.0,900.0,3300.0,2800.0,1400.0,18.0,3099999.9999999995,3.7E-4,4.9,4.9,0.0,400.0,12.0,1.4E-8,4.2E-5,6.2E-14,6799999.999999999,1.0,5.1E8,
5.5E-34,30.0,999999.9999999999,770000.0,6100.0,1300000.0,810.0,900.0,3300.0,2800.0,1400.0,18.0,3099999.9999999995,3.4E-4,4.9,4.9,0.0,400.0,12.0,1.2E-9,4.2E-5,3.9E-14,6999999.999999999,1.0,5.1E8,
5.5E-34,30.0,999999.9999999999,770000.0,6100.0,1300000.0,810.0,900.0,3300.0,2800.0,1400.0,18.0,3099999.9999999995,2.9E-4,4.9,4.9,0.0,400.0,12.0,6.6E-11,4.3E-5,2.9E-14,7399999.999999999,1.0,5.1E8,
5.5E-34,30.0,999999.9999999999,770000.0,6100.0,1300000.0,810.0,900.0,3300.0,2800.0,1400.0,18.0,3099999.9999999995,2.6E-4,4.9,4.9,0.0,400.0,12.0,8.4E-12,4.3E-5,2.5E-14,7799999.999999999,1.0,5.1E8,
5.5E-34,30.0,999999.9999999999,770000.0,6100.0,1300000.0,810.0,900.0,3300.0,2800.0,1400.0,18.0,3099999.9999999995,2.1E-4,4.9,4.9,0.0,400.0,12.0,4.8E-13,4.3E-5,2.0E-14,8299999.999999999,1.0,5.1E8,
5.5E-34,30.0,999999.9999999999,770000.0,6100.0,1300000.0,810.0,900.0,3300.0,2800.0,1400.0,18.0,3099999.9999999995,1.9E-4,4.9,4.9,0.0,400.0,12.0,6.1E-14,4.3E-5,1.8E-14,8700000.0,1.0,5.1E8,
5.5E-34,30.0,999999.9999999999,770000.0,6100.0,1300000.0,810.0,900.0,3300.0,2800.0,1400.0,18.0,3099999.9999999995,2.0E-4,4.9,4.9,0.0,400.0,12.0,3.4E-15,4.3E-5,1.6E-14,8600000.0,1.0,5.1E8,
5.5E-34,30.0,999999.9999999999,770000.0,6100.0,1300000.0,810.0,900.0,3300.0,2800.0,1400.0,18.0,3099999.9999999995,2.3E-4,4.9,4.9,0.0,400.0,12.0,4.4E-16,4.3E-5,1.7E-14,8099999.999999999,1.0,5.1E8,
5.5E-34,30.0,999999.9999999999,770000.0,6100.0,1300000.0,810.0,900.0,3300.0,2800.0,1400.0,18.0,3099999.9999999995,2.4E-4,4.9,4.9,0.0,400.0,12.0,2.5E-17,4.4E-5,2.0E-14,7899999.999999999,1.0,5.1E8,
5.5E-34,30.0,999999.9999999999,770000.0,6100.0,1300000.0,810.0,900.0,3300.0,2800.0,1400.0,18.0,3099999.9999999995,2.3E-4,4.9,4.9,0.0,400.0,12.0,2.1E-18,4.4E-5,2.0E-14,7999999.999999999,1.0,5.1E8,
5.5E-34,30.0,999999.9999999999,770000.0,6100.0,1300000.0,810.0,900.0,3300.0,2800.0,1400.0,18.0,3099999.9999999995,2.1E-4,4.9,4.9,0.0,400.0,12.0,1.8E-19,4.4E-5,1.9E-14,8299999.999999999,1.0,5.1E8,
5.5E-34,30.0,999999.9999999999,770000.0,6100.0,1300000.0,810.0,900.0,3300.0,2800.0,1400.0,18.0,3099999.9999999995,1.9E-4,4.9,4.9,0.0,400.0,12.0,1.5E-20,4.4E-5,1.8E-14,8700000.0,1.0,5.1E8,
6.9E-34,41.0,1100000.0,990000.0,2700.0,1300000.0,810.0,900.0,3300.0,2800.0,1400.0,18.0,3399999.9999999995,45.0,6.6,6.6,0.0,400.0,5.3,2.0E-21,4.7E-5,2.2E-9,9000000.0,1.0,5.2E8,
5.5E-34,33.0,1100000.0,790000.0,2700.0,1300000.0,810.0,900.0,3300.0,2800.0,1400.0,18.0,3199999.9999999995,7.6E-4,5.3,5.3,0.0,400.0,49.0,9.000000000000002E-22,4.7E-5,1.2E-9,8600000.0,1.0,5.1E8,
5.3000000000000005E-34,32.0,1100000.0,760000.0,2700.0,1300000.0,810.0,900.0,3300.0,2800.0,1400.0,18.0,3099999.9999999995,0.001,5.1,5.1,0.0,400.0,49.0,7.700000000000001E-23,4.7E-5,3.4E-10,7799999.999999999,1.0,5.1E8,
5.3000000000000005E-34,32.0,1100000.0,760000.0,2700.0,1300000.0,810.0,900.0,3300.0,2800.0,1400.0,18.0,3099999.9999999995,0.0011,5.1,5.1,0.0,400.0,48.0,6.6E-24,4.7E-5,1.0E-10,7499999.999999999,1.0,5.1E8,
5.3000000000000005E-34,32.0,1100000.0,760000.0,2700.0,1300000.0,810.0,900.0,3300.0,2800.0,1400.0,18.0,3099999.9999999995,0.0011,5.1,5.1,0.0,400.0,48.0,5.6E-25,4.7E-5,3.2E-11,7599999.999999999,1.0,5.1E8,
5.3000000000000005E-34,31.0,1100000.0,750000.0,2700.0,1300000.0,800.0,890.0,3300.0,2700.0,1400.0,18.0,3099999.9999999995,0.001,5.1,5.1,0.0,400.0,48.0,4.8E-26,4.7E-5,9.6E-12,7799999.999999999,1.0,5.1E8,
5.2E-34,31.0,1100000.0,750000.0,2600.0,1300000.0,800.0,890.0,3300.0,2700.0,1400.0,18.0,3099999.9999999995,9.3E-4,5.1,5.1,0.0,410.0,48.0,4.1E-27,4.8E-5,3.0E-12,8099999.999999999,1.0,5.1E8,
5.2E-34,31.0,1100000.0,750000.0,2600.0,1300000.0,800.0,890.0,3300.0,2700.0,1400.0,18.0,3099999.9999999995,8.1E-4,5.1,5.1,0.0,410.0,48.0,3.6000000000000003E-28,4.8E-5,9.5E-13,8500000.0,1.0,5.1E8,
5.2E-34,31.0,1100000.0,750000.0,2600.0,1300000.0,800.0,890.0,3300.0,2700.0,1400.0,18.0,3099999.9999999995,7.1E-4,5.1,5.1,0.0,410.0,48.0,3.0999999999999997E-29,4.8E-5,3.4E-13,8900000.0,1.0,5.1E8,
5.2E-34,31.0,1100000.0,750000.0,2600.0,1300000.0,800.0,890.0,3300.0,2700.0,1400.0,18.0,3099999.9999999995,6.1E-4,5.1,5.1,0.0,410.0,48.0,2.6000000000000002E-30,4.8E-5,1.4E-13,9400000.0,1.0,5.1E8,
5.2E-34,31.0,1100000.0,750000.0,2600.0,1300000.0,800.0,890.0,3300.0,2700.0,1400.0,18.0,3099999.9999999995,6.7E-4,5.1,5.1,0.0,410.0,48.0,2.3E-31,4.9E-5,8.4E-14,9100000.0,1.0,5.1E8,
6.5E-34,41.0,1100000.0,930000.0,77000.0,1400000.0,3100.0,890.0,3300.0,2700.0,1400.0,18.0,3499999.9999999995,0.0025,6.5,6.5,0.0,420.0,130.0,1.0E-23,5.3E-5,1.9E-9,8400000.0,1.0,5.2E8,
4.8E-34,30.0,980000.0,680000.0,60000.0,1400000.0,3100.0,890.0,3300.0,2700.0,1400.0,18.0,3099999.9999999995,0.0016,4.8,4.8,0.0,420.0,99.0,2.9999999999999996E-24,5.3E-5,7.8E-10,7899999.999999999,1.0,5.1E8,
4.8E-34,30.0,980000.0,670000.0,60000.0,1400000.0,3100.0,890.0,3300.0,2700.0,1300.0,18.0,3099999.9999999995,0.0025,4.8,4.8,0.0,420.0,99.0,2.1E-25,5.3E-5,2.4E-10,7399999.999999999,1.0,5.1E8,
4.8E-34,30.0,980000.0,670000.0,60000.0,1400000.0,3100.0,890.0,3300.0,2700.0,1300.0,18.0,3099999.9999999995,0.0025,4.8,4.8,0.0,420.0,99.0,1.4E-26,5.3E-5,7.2E-11,7299999.999999999,1.0,5.1E8,
4.8E-34,30.0,980000.0,670000.0,60000.0,1400000.0,3100.0,890.0,3300.0,2700.0,1300.0,18.0,3099999.9999999995,0.0024,4.8,4.8,0.0,420.0,99.0,1.0E-27,5.3E-5,2.2E-11,7399999.999999999,1.0,5.1E8,
4.8E-34,30.0,980000.0,670000.0,60000.0,1400000.0,3100.0,890.0,3300.0,2700.0,1300.0,18.0,3099999.9999999995,0.0022,4.8,4.8,0.0,420.0,99.0,6.9E-29,5.3E-5,6.9E-12,7799999.999999999,1.0,5.1E8,
4.8E-34,30.0,980000.0,670000.0,60000.0,1400000.0,3100.0,890.0,3300.0,2700.0,1300.0,18.0,3099999.9999999995,0.0019,4.8,4.8,0.0,420.0,99.0,4.8000000000000004E-30,5.4E-5,2.2E-12,8199999.999999999,1.0,5.1E8,
4.8E-34,30.0,980000.0,670000.0,60000.0,1400000.0,3100.0,890.0,3300.0,2700.0,1300.0,18.0,3099999.9999999995,0.0016,4.8,4.8,0.0,420.0,99.0,3.3E-31,5.4E-5,8.0E-13,8600000.0,1.0,5.1E8,
4.8E-34,30.0,980000.0,670000.0,60000.0,1400000.0,3100.0,890.0,3300.0,2700.0,1300.0,18.0,3099999.9999999995,0.0014,4.8,4.8,0.0,420.0,99.0,2.3E-32,5.4E-5,3.5E-13,9100000.0,1.0,5.1E8,
4.8E-34,30.0,980000.0,670000.0,60000.0,1400000.0,3100.0,890.0,3300.0,2700.0,1300.0,18.0,3099999.9999999995,0.0012,4.8,4.8,0.0,420.0,99.0,1.6000000000000002E-33,5.4E-5,2.0E-13,9600000.0,1.0,5.1E8,
4.8E-34,30.0,980000.0,670000.0,60000.0,1400000.0,3100.0,890.0,3300.0,2700.0,1300.0,18.0,3099999.9999999995,0.0014,4.8,4.8,0.0,420.0,99.0,1.1E-34,5.5E-5,1.5E-13,9200000.0,1.0,5.1E8,
4.8E-34,30.0,980000.0,670000.0,60000.0,1400000.0,3100.0,890.0,3300.0,2700.0,1300.0,18.0,3099999.9999999995,0.0016,4.8,4.8,0.0,420.0,99.0,7.5E-36,5.5E-5,1.6E-13,8700000.0,1.0,5.1E8,
5.6E-34,37.0,1200000.0,770000.0,120000.0,1400000.0,3100.0,890.0,3300.0,2700.0,1300.0,19.0,3499999.9999999995,47.0,5.7,5.7,0.0,430.0,110.0,980.0,5.7E-5,1.9E-9,8600000.0,1.0,5.2E8,
4.5E-34,29.0,1100000.0,700000.0,2800.0,1400000.0,3100.0,880.0,3300.0,2700.0,1300.0,18.0,3299999.9999999995,0.0021,4.5,4.5,0.0,430.0,7.3,650.0,5.7E-5,1.2E-9,8400000.0,1.0,5.2E8,
3.4E-34,22.0,1100000.0,530000.0,2800.0,1400000.0,3100.0,880.0,3300.0,2700.0,1300.0,18.0,3099999.9999999995,1.5E-4,3.5,3.5,0.0,430.0,7.1,67.0,5.7E-5,3.4E-10,7799999.999999999,1.0,5.1E8,
3.4E-34,22.0,1100000.0,530000.0,2800.0,1400000.0,3100.0,880.0,3300.0,2700.0,1300.0,18.0,3099999.9999999995,1.7E-4,3.5,3.5,0.0,430.0,7.1,4.2,5.7E-5,1.0E-10,7499999.999999999,1.0,5.1E8,
3.4E-34,22.0,1100000.0,530000.0,2800.0,1400000.0,3100.0,880.0,3300.0,2700.0,1300.0,18.0,3099999.9999999995,1.7E-4,3.5,3.5,0.0,430.0,7.1,0.27,5.7E-5,3.1E-11,7499999.999999999,1.0,5.1E8,
3.4E-34,22.0,1100000.0,530000.0,2800.0,1400000.0,3100.0,880.0,3300.0,2700.0,1300.0,18.0,3099999.9999999995,1.6E-4,3.5,3.5,0.0,430.0,7.1,0.017,5.7E-5,9.5E-12,7699999.999999999,1.0,5.1E8,
3.4E-34,22.0,1100000.0,530000.0,2800.0,1400000.0,3100.0,880.0,3300.0,2700.0,1300.0,18.0,3099999.9999999995,1.4E-4,3.5,3.5,0.0,430.0,7.1,0.0011,5.7E-5,2.9E-12,8099999.999999999,1.0,5.1E8,
3.4E-34,22.0,1100000.0,530000.0,2800.0,1400000.0,3100.0,880.0,3300.0,2700.0,1300.0,18.0,3099999.9999999995,1.2E-4,3.5,3.5,0.0,430.0,7.1,6.8E-5,5.8E-5,8.8E-13,8500000.0,1.0,5.1E8,
3.4E-34,22.0,1100000.0,530000.0,2800.0,1400000.0,3100.0,880.0,3300.0,2700.0,1300.0,18.0,3099999.9999999995,1.0E-4,3.5,3.5,0.0,430.0,7.1,4.3E-6,5.8E-5,2.7E-13,9000000.0,1.0,5.1E8,
3.4E-34,22.0,1100000.0,530000.0,2800.0,1400000.0,3100.0,880.0,3300.0,2700.0,1300.0,18.0,3099999.9999999995,8.7E-5,3.5,3.5,0.0,430.0,7.1,2.8E-7,5.8E-5,9.0E-14,9500000.0,1.0,5.1E8,
3.4E-34,22.0,1100000.0,530000.0,2800.0,1400000.0,3100.0,880.0,3300.0,2700.0,1300.0,18.0,3099999.9999999995,7.5E-5,3.5,3.5,0.0,430.0,7.1,1.7E-8,5.8E-5,3.4E-14,1.0E7,1.0,5.1E8,
3.4E-34,22.0,1100000.0,530000.0,2800.0,1400000.0,3100.0,880.0,3300.0,2700.0,1300.0,18.0,3099999.9999999995,9.7E-5,3.5,3.5,0.0,430.0,7.1,1.1E-9,5.8E-5,1.7E-14,9200000.0,1.0,5.1E8,
3.4E-34,22.0,1100000.0,530000.0,2800.0,1400000.0,3100.0,880.0,3300.0,2700.0,1300.0,18.0,3099999.9999999995,1.1E-4,3.5,3.5,0.0,430.0,7.1,7.0E-11,5.8E-5,1.3E-14,8800000.0,1.0,5.1E8,
3.4E-34,22.0,1100000.0,530000.0,2800.0,1400000.0,3100.0,880.0,3300.0,2700.0,1300.0,18.0,3099999.9999999995,1.1E-4,3.5,3.5,0.0,430.0,7.1,4.4E-12,5.9E-5,1.3E-14,8900000.0,1.0,5.1E8,
3.4E-34,22.0,1100000.0,530000.0,2800.0,1400000.0,3100.0,880.0,3300.0,2700.0,1300.0,18.0,3099999.9999999995,9.9E-5,3.5,3.5,0.0,430.0,7.1,2.8E-13,5.9E-5,1.2E-14,9100000.0,1.0,5.1E8,
3.4E-34,22.0,1100000.0,530000.0,2800.0,1400000.0,3100.0,880.0,3300.0,2700.0,1300.0,18.0,3099999.9999999995,8.9E-5,3.5,3.5,0.0,420.0,7.1,1.8E-14,5.9E-5,1.1E-14,9500000.0,1.0,5.1E8,
3.4E-34,22.0,1100000.0,530000.0,2800.0,1400000.0,3100.0,880.0,3300.0,2700.0,1300.0,18.0,3099999.9999999995,7.8E-5,3.5,3.5,0.0,420.0,7.1,1.1E-15,5.9E-5,9.9E-15,9900000.0,1.0,5.1E8,
3.4E-34,22.0,1100000.0,530000.0,2800.0,1400000.0,3100.0,880.0,3300.0,2700.0,1300.0,18.0,3099999.9999999995,6.8E-5,3.5,3.5,0.0,420.0,7.1,7.2E-17,5.9E-5,8.8E-15,1.0E7,1.0,5.1E8,
3.4E-34,22.0,1100000.0,530000.0,2800.0,1400000.0,3100.0,880.0,3300.0,2700.0,1300.0,18.0,3099999.9999999995,6.0E-5,3.5,3.5,0.0,420.0,7.1,4.6E-18,6.0E-5,7.7E-15,1.1E7,1.0,5.1E8,
3.4E-34,22.0,1100000.0,530000.0,2800.0,1400000.0,3100.0,880.0,3300.0,2700.0,1300.0,18.0,3099999.9999999995,7.0E-5,3.5,3.5,0.0,420.0,7.1,2.9E-19,6.0E-5,7.5E-15,1.0E7,1.0,5.1E8,
3.4E-34,22.0,1100000.0,530000.0,2800.0,1400000.0,3100.0,880.0,3300.0,2700.0,1300.0,18.0,3099999.9999999995,8.4E-5,3.5,3.5,0.0,420.0,7.1,1.8E-20,6.0E-5,8.7E-15,9700000.0,1.0,5.1E8,
3.4E-34,22.0,1100000.0,530000.0,2800.0,1400000.0,3100.0,880.0,3300.0,2700.0,1300.0,18.0,3099999.9999999995,8.8E-5,3.5,3.5,0.0,420.0,7.1,1.2E-21,6.0E-5,9.7E-15,9500000.0,1.0,5.1E8,
3.4E-34,22.0,1100000.0,530000.0,2800.0,1400000.0,3100.0,880.0,3300.0,2700.0,1300.0,18.0,3099999.9999999995,8.5E-5,3.5,3.5,0.0,420.0,7.1,7.4E-23,6.0E-5,1.0E-14,9600000.0,1.0,5.1E8,
3.4E-34,22.0,1100000.0,530000.0,2800.0,1400000.0,3100.0,880.0,3300.0,2700.0,1300.0,18.0,3099999.9999999995,7.8E-5,3.5,3.5,0.0,420.0,7.1,4.7E-24,6.0E-5,9.7E-15,9900000.0,1.0,5.1E8,
3.4E-34,22.0,1100000.0,530000.0,2800.0,1400000.0,3100.0,880.0,3300.0,2700.0,1300.0,18.0,3099999.9999999995,7.0E-5,3.5,3.5,0.0,420.0,7.1,3.0E-25,6.1E-5,8.9E-15,1.0E7,1.0,5.1E8,
3.4E-34,22.0,1100000.0,530000.0,2800.0,1400000.0,3100.0,880.0,3300.0,2700.0,1300.0,18.0,3099999.9999999995,6.2E-5,3.5,3.5,0.0,420.0,7.1,1.9E-26,6.1E-5,8.1E-15,1.1E7,1.0,5.1E8,
3.4E-34,22.0,1100000.0,530000.0,2800.0,1400000.0,3100.0,880.0,3300.0,2700.0,1300.0,18.0,3099999.9999999995,5.4E-5,3.5,3.5,0.0,420.0,7.1,1.2E-27,6.1E-5,7.2E-15,1.1E7,1.0,5.1E8,
3.4E-34,22.0,1100000.0,530000.0,2800.0,1400000.0,3100.0,880.0,3300.0,2700.0,1300.0,18.0,3099999.9999999995,5.6E-5,3.5,3.5,0.0,420.0,7.1,7.6E-29,6.1E-5,6.5E-15,1.1E7,1.0,5.1E8,
3.4E-34,22.0,1100000.0,530000.0,2800.0,1400000.0,3100.0,880.0,3300.0,2700.0,1300.0,18.0,3099999.9999999995,7.2E-5,3.5,3.5,0.0,420.0,7.1,4.8000000000000004E-30,6.1E-5,7.5E-15,1.0E7,1.0,5.1E8,
3.4E-34,22.0,1100000.0,530000.0,2800.0,1400000.0,3100.0,880.0,3300.0,2700.0,1300.0,18.0,3099999.9999999995,7.9E-5,3.5,3.5,0.0,420.0,7.1,3.1E-31,6.2E-5,8.7E-15,9900000.0,1.0,5.1E8,
3.4E-34,22.0,1100000.0,530000.0,2800.0,1400000.0,3100.0,880.0,3300.0,2700.0,1300.0,18.0,3099999.9999999995,7.9E-5,3.5,3.5,0.0,420.0,7.1,1.9E-32,6.2E-5,9.3E-15,9900000.0,1.0,5.1E8,
3.4E-34,22.0,1100000.0,530000.0,2800.0,1400000.0,3100.0,880.0,3300.0,2700.0,1300.0,18.0,3099999.9999999995,7.4E-5,3.5,3.5,0.0,420.0,7.1,1.2E-33,6.2E-5,9.2E-15,1.0E7,1.0,5.1E8,
3.4E-34,22.0,1100000.0,530000.0,2800.0,1400000.0,3100.0,880.0,3300.0,2700.0,1300.0,18.0,3099999.9999999995,6.7E-5,3.5,3.5,0.0,420.0,7.1,7.8E-35,6.2E-5,8.7E-15,1.0E7,1.0,5.1E8,
2.7E-34,20.0,1100000.0,430000.0,11000.0,1499999.9999999998,3100.0,880.0,3300.0,2700.0,2600.0,18.0,3099999.9999999995,6.4E-4,2.9,2.9,0.0,430.0,95.0,880.0,6.8E-5,2.2E-9,1.0E7,1.0,5.1E8,
2.7E-34,20.0,1100000.0,430000.0,11000.0,1499999.9999999998,3100.0,880.0,3300.0,2700.0,2600.0,18.0,3099999.9999999995,0.0012,2.9,2.9,0.0,430.0,95.0,46.0,6.8E-5,6.7E-10,9400000.0,1.0,5.1E8,
2.7E-34,20.0,1100000.0,430000.0,11000.0,1499999.9999999998,3100.0,880.0,3300.0,2700.0,2600.0,18.0,3099999.9999999995,0.0013,2.9,2.9,0.0,430.0,95.0,2.4,6.8E-5,2.0E-10,9100000.0,1.0,5.1E8,
4.4E-34,34.0,1100000.0,680000.0,93000.0,1599999.9999999998,18000.0,880.0,3300.0,2700.0,2600.0,19.0,3599999.9999999995,0.0027,4.7,4.7,0.0,440.0,170.0,1300.0,7.3E-5,3.2E-9,8900000.0,1.0,5.2E8,
3.4E-34,26.0,1100000.0,590000.0,2600.0,1599999.9999999998,650.0,880.0,3300.0,2700.0,2600.0,18.0,3299999.9999999995,1.9E-4,3.7,3.7,0.0,440.0,11.0,320.0,7.3E-5,1.3E-9,8400000.0,1.0,5.2E8,
3.4E-34,26.0,880000.0,590000.0,2600.0,1599999.9999999998,650.0,880.0,3300.0,2700.0,2600.0,18.0,3099999.9999999995,2.0E-4,3.6,3.6,0.0,440.0,10.0,41.0,7.3E-5,6.0E-10,7999999.999999999,1.0,5.1E8,
3.4E-34,26.0,880000.0,590000.0,2600.0,1599999.9999999998,650.0,880.0,3300.0,2700.0,2600.0,18.0,3099999.9999999995,2.3E-4,3.6,3.6,0.0,440.0,10.0,1.7,7.3E-5,1.8E-10,7699999.999999999,1.0,5.1E8,
3.4E-34,26.0,880000.0,590000.0,2600.0,1599999.9999999998,650.0,880.0,3300.0,2700.0,2600.0,18.0,3099999.9999999995,2.3E-4,3.6,3.6,0.0,440.0,10.0,0.074,7.3E-5,5.5E-11,7699999.999999999,1.0,5.1E8,
3.4E-34,26.0,880000.0,590000.0,2600.0,1599999.9999999998,650.0,880.0,3300.0,2700.0,2600.0,18.0,3099999.9999999995,2.1E-4,3.6,3.6,0.0,440.0,10.0,0.0031,7.3E-5,1.7E-11,7999999.999999999,1.0,5.1E8,
3.4E-34,26.0,880000.0,590000.0,2600.0,1599999.9999999998,650.0,880.0,3300.0,2700.0,2600.0,18.0,3099999.9999999995,1.8E-4,3.6,3.6,0.0,440.0,10.0,1.3E-4,7.4E-5,5.1E-12,8400000.0,1.0,5.1E8,
3.4E-34,26.0,880000.0,590000.0,2600.0,1599999.9999999998,650.0,880.0,3300.0,2700.0,2600.0,18.0,3099999.9999999995,1.5E-4,3.6,3.6,0.0,440.0,10.0,5.7E-6,7.4E-5,1.6E-12,8900000.0,1.0,5.1E8,
3.4E-34,26.0,880000.0,590000.0,2600.0,1599999.9999999998,650.0,880.0,3300.0,2700.0,2600.0,18.0,3099999.9999999995,1.3E-4,3.6,3.6,0.0,440.0,10.0,2.4E-7,7.4E-5,4.8E-13,9500000.0,1.0,5.1E8,
3.4E-34,26.0,880000.0,590000.0,2600.0,1599999.9999999998,650.0,880.0,3300.0,2700.0,2600.0,18.0,3099999.9999999995,1.1E-4,3.6,3.6,0.0,440.0,10.0,1.0E-8,7.4E-5,1.6E-13,1.0E7,1.0,5.1E8,
3.4E-34,26.0,880000.0,590000.0,2600.0,1599999.9999999998,650.0,880.0,3300.0,2700.0,2600.0,18.0,3099999.9999999995,9.1E-5,3.6,3.6,0.0,430.0,10.0,4.4E-10,7.5E-5,5.7E-14,1.1E7,1.0,5.1E8,
3.4E-34,26.0,880000.0,590000.0,2600.0,1599999.9999999998,650.0,880.0,3300.0,2700.0,2600.0,18.0,3099999.9999999995,1.0E-4,3.6,3.6,0.0,430.0,10.0,1.9E-11,7.5E-5,2.7E-14,1.0E7,1.0,5.1E8,
3.4E-34,26.0,880000.0,590000.0,2600.0,1599999.9999999998,650.0,880.0,3300.0,2700.0,2600.0,18.0,3099999.9999999995,1.2E-4,3.6,3.6,0.0,430.0,10.0,8.1E-13,7.5E-5,2.0E-14,9800000.0,1.0,5.1E8,
3.4E-34,26.0,880000.0,590000.0,2600.0,1599999.9999999998,650.0,880.0,3300.0,2700.0,2600.0,18.0,3099999.9999999995,1.2E-4,3.6,3.6,0.0,430.0,10.0,3.4E-14,7.5E-5,1.8E-14,9700000.0,1.0,5.1E8,
3.4E-34,26.0,880000.0,590000.0,2600.0,1599999.9999999998,650.0,880.0,3300.0,2700.0,2600.0,18.0,3099999.9999999995,1.1E-4,3.6,3.6,0.0,430.0,10.0,1.5E-15,7.5E-5,1.7E-14,9900000.0,1.0,5.1E8,
3.4E-34,26.0,880000.0,590000.0,2600.0,1599999.9999999998,650.0,880.0,3300.0,2700.0,2600.0,18.0,3099999.9999999995,1.0E-4,3.6,3.6,0.0,430.0,10.0,6.2E-17,7.6E-5,1.6E-14,1.0E7,1.0,5.1E8,
3.4E-34,26.0,880000.0,590000.0,2600.0,1599999.9999999998,650.0,880.0,3300.0,2700.0,2600.0,18.0,3099999.9999999995,8.8E-5,3.6,3.6,0.0,430.0,10.0,2.7E-18,7.6E-5,1.4E-14,1.1E7,1.0,5.1E8,
3.4E-34,26.0,880000.0,590000.0,2600.0,1599999.9999999998,650.0,880.0,3300.0,2700.0,2600.0,18.0,3099999.9999999995,7.7E-5,3.6,3.6,0.0,430.0,10.0,1.1E-19,7.6E-5,1.3E-14,1.1E7,1.0,5.1E8,
3.4E-34,26.0,880000.0,590000.0,2600.0,1599999.9999999998,650.0,880.0,3300.0,2700.0,2600.0,18.0,3099999.9999999995,6.7E-5,3.6,3.6,0.0,430.0,10.0,4.9E-21,7.6E-5,1.1E-14,1.2E7,1.0,5.1E8,
3.4E-34,26.0,880000.0,590000.0,2600.0,1599999.9999999998,650.0,880.0,3300.0,2700.0,2600.0,18.0,3099999.9999999995,6.8E-5,3.6,3.6,0.0,430.0,10.0,2.1E-22,7.7E-5,1.0E-14,1.2E7,1.0,5.1E8,
3.4E-34,26.0,880000.0,590000.0,2600.0,1599999.9999999998,650.0,880.0,3300.0,2700.0,2600.0,18.0,3099999.9999999995,8.5E-5,3.6,3.6,0.0,430.0,10.0,9.0E-24,7.7E-5,1.1E-14,1.1E7,1.0,5.1E8,
3.4E-34,26.0,880000.0,590000.0,2600.0,1599999.9999999998,650.0,880.0,3300.0,2700.0,2600.0,18.0,3099999.9999999995,9.2E-5,3.6,3.6,0.0,430.0,10.0,3.8E-25,7.7E-5,1.3E-14,1.1E7,1.0,5.1E8,
3.4E-34,26.0,880000.0,590000.0,2600.0,1599999.9999999998,650.0,880.0,3300.0,2700.0,2600.0,18.0,3099999.9999999995,9.1E-5,3.6,3.6,0.0,430.0,10.0,1.6E-26,7.7E-5,1.3E-14,1.1E7,1.0,5.1E8,
3.4E-34,26.0,880000.0,590000.0,2600.0,1599999.9999999998,650.0,880.0,3300.0,2700.0,2600.0,18.0,3099999.9999999995,8.4E-5,3.6,3.6,0.0,430.0,10.0,7.000000000000001E-28,7.7E-5,1.3E-14,1.1E7,1.0,5.1E8,
3.4E-34,26.0,880000.0,590000.0,2600.0,1599999.9999999998,650.0,880.0,3300.0,2700.0,2600.0,18.0,3099999.9999999995,7.6E-5,3.6,3.6,0.0,430.0,10.0,2.9999999999999997E-29,7.8E-5,1.2E-14,1.1E7,1.0,5.1E8,
3.4E-34,26.0,880000.0,590000.0,2600.0,1599999.9999999998,650.0,880.0,3300.0,2700.0,2600.0,18.0,3099999.9999999995,6.7E-5,3.6,3.6,0.0,430.0,10.0,1.3000000000000001E-30,7.8E-5,1.1E-14,1.2E7,1.0,5.1E8,
3.4E-34,26.0,880000.0,590000.0,2600.0,1599999.9999999998,650.0,880.0,3300.0,2700.0,2600.0,18.0,3099999.9999999995,5.9E-5,3.6,3.6,0.0,430.0,10.0,5.400000000000001E-32,7.8E-5,1.0E-14,1.3E7,1.0,5.1E8,
3.4E-34,26.0,880000.0,590000.0,2600.0,1599999.9999999998,650.0,880.0,3300.0,2700.0,2600.0,18.0,3099999.9999999995,5.2E-5,3.6,3.6,0.0,430.0,10.0,2.5E-33,7.8E-5,8.8E-15,1.3E7,1.0,5.1E8,
3.4E-34,26.0,880000.0,590000.0,2600.0,1599999.9999999998,650.0,880.0,3300.0,2700.0,2600.0,18.0,3099999.9999999995,6.9E-5,3.6,3.6,0.0,430.0,10.0,1.1E-34,7.9E-5,9.4E-15,1.2E7,1.0,5.1E8,
3.4E-34,26.0,880000.0,590000.0,2600.0,1599999.9999999998,650.0,880.0,3300.0,2700.0,2600.0,18.0,3099999.9999999995,8.0E-5,3.6,3.6,0.0,430.0,10.0,4.5E-36,7.9E-5,1.1E-14,1.1E7,1.0,5.1E8,
3.4E-34,26.0,880000.0,590000.0,2600.0,1599999.9999999998,650.0,880.0,3300.0,2700.0,2600.0,18.0,3099999.9999999995,8.2E-5,3.6,3.6,0.0,430.0,10.0,1.9E-37,7.9E-5,1.2E-14,1.1E7,1.0,5.1E8,
3.4E-34,26.0,880000.0,590000.0,2600.0,1599999.9999999998,650.0,880.0,3300.0,2700.0,2600.0,18.0,3099999.9999999995,7.8E-5,3.6,3.6,0.0,430.0,10.0,8.2E-39,7.9E-5,1.2E-14,1.1E7,1.0,5.1E8,
3.4E-34,26.0,880000.0,590000.0,2600.0,1599999.9999999998,650.0,880.0,3300.0,2700.0,2600.0,18.0,3099999.9999999995,7.1E-5,3.6,3.6,0.0,430.0,10.0,3.5E-40,8.0E-5,1.2E-14,1.2E7,1.0,5.1E8,
3.4E-34,26.0,880000.0,590000.0,2600.0,1599999.9999999998,650.0,880.0,3300.0,2700.0,2600.0,18.0,3099999.9999999995,6.4E-5,3.6,3.6,0.0,430.0,10.0,1.5E-41,8.0E-5,1.1E-14,1.2E7,1.0,5.1E8,
3.4E-34,26.0,880000.0,590000.0,2600.0,1599999.9999999998,650.0,880.0,3300.0,2700.0,2600.0,18.0,3099999.9999999995,5.7E-5,3.6,3.6,0.0,430.0,10.0,6.299999999999999E-43,8.0E-5,9.7E-15,1.3E7,1.0,5.1E8,
3.4E-34,26.0,880000.0,590000.0,2600.0,1599999.9999999998,650.0,880.0,3300.0,2700.0,2600.0,18.0,3099999.9999999995,5.0E-5,3.6,3.6,0.0,420.0,10.0,2.8E-44,8.1E-5,8.7E-15,1.3E7,1.0,5.1E8,
3.4E-34,26.0,880000.0,590000.0,2600.0,1599999.9999999998,650.0,880.0,3300.0,2700.0,2600.0,18.0,3099999.9999999995,6.0E-5,3.6,3.6,0.0,420.0,10.0,1.2E-45,8.1E-5,8.5E-15,1.2E7,1.0,5.1E8,
3.4E-34,26.0,880000.0,590000.0,2600.0,1599999.9999999998,650.0,880.0,3300.0,2700.0,2600.0,18.0,3099999.9999999995,7.2E-5,3.6,3.6,0.0,420.0,10.0,5.1E-47,8.1E-5,1.0E-14,1.2E7,1.0,5.1E8,
3.4E-34,26.0,880000.0,590000.0,2600.0,1599999.9999999998,650.0,880.0,3300.0,2700.0,2600.0,18.0,3099999.9999999995,7.7E-5,3.6,3.6,0.0,420.0,10.0,2.2E-48,8.1E-5,1.1E-14,1.1E7,1.0,5.1E8,
3.4E-34,26.0,880000.0,590000.0,2600.0,1599999.9999999998,650.0,880.0,3300.0,2700.0,2600.0,18.0,3099999.9999999995,7.5E-5,3.6,3.6,0.0,420.0,10.0,9.2E-50,8.2E-5,1.2E-14,1.1E7,1.0,5.1E8,
3.4E-34,26.0,880000.0,590000.0,2600.0,1599999.9999999998,650.0,880.0,3300.0,2700.0,2600.0,18.0,3099999.9999999995,7.0E-5,3.6,3.6,0.0,410.0,10.0,3.9E-51,8.2E-5,1.2E-14,1.2E7,1.0,5.1E8,
3.4E-34,26.0,870000.0,590000.0,2600.0,1599999.9999999998,650.0,880.0,3200.0,2700.0,2600.0,18.0,3099999.9999999995,6.3E-5,3.6,3.6,0.0,410.0,10.0,1.7E-52,8.2E-5,1.1E-14,1.2E7,1.0,5.1E8,
3.4E-34,26.0,870000.0,590000.0,2600.0,1599999.9999999998,650.0,880.0,3200.0,2700.0,2600.0,18.0,3099999.9999999995,5.6E-5,3.6,3.6,0.0,410.0,10.0,7.1E-54,8.2E-5,9.9E-15,1.3E7,1.0,5.1E8,
3.4E-34,26.0,870000.0,590000.0,2600.0,1599999.9999999998,650.0,880.0,3200.0,2700.0,2600.0,18.0,3099999.9999999995,5.0E-5,3.6,3.6,0.0,410.0,10.0,3.0999999999999996E-55,8.3E-5,8.8E-15,1.3E7,1.0,5.1E8,
3.4E-34,26.0,870000.0,590000.0,2600.0,1599999.9999999998,650.0,880.0,3200.0,2700.0,2600.0,18.0,3099999.9999999995,5.2E-5,3.6,3.6,0.0,410.0,10.0,1.3E-56,8.3E-5,8.1E-15,1.3E7,1.0,5.1E8,
3.4E-34,26.0,870000.0,590000.0,2600.0,1599999.9999999998,650.0,880.0,3200.0,2700.0,2600.0,18.0,3099999.9999999995,6.6E-5,3.6,3.6,0.0,410.0,10.0,5.7E-58,8.3E-5,9.3E-15,1.2E7,1.0,5.1E8,
3.4E-34,26.0,870000.0,590000.0,2600.0,1599999.9999999998,650.0,880.0,3200.0,2700.0,2600.0,18.0,3099999.9999999995,7.4E-5,3.6,3.6,0.0,410.0,10.0,2.4E-59,8.3E-5,1.1E-14,1.2E7,1.0,5.1E8,
3.4E-34,26.0,870000.0,590000.0,2600.0,1599999.9999999998,650.0,880.0,3200.0,2700.0,2600.0,18.0,3099999.9999999995,7.4E-5,3.6,3.6,0.0,410.0,10.0,1.0000000000000001E-60,8.4E-5,1.2E-14,1.1E7,1.0,5.1E8,
3.4E-34,26.0,870000.0,590000.0,2600.0,1599999.9999999998,650.0,880.0,3200.0,2700.0,2600.0,18.0,3099999.9999999995,7.0E-5,3.6,3.6,0.0,410.0,10.0,4.3999999999999995E-62,8.4E-5,1.2E-14,1.2E7,1.0,5.1E8,
3.4E-34,26.0,870000.0,590000.0,2600.0,1599999.9999999998,650.0,880.0,3200.0,2700.0,2600.0,18.0,3099999.9999999995,6.4E-5,3.6,3.6,0.0,410.0,10.0,1.9E-63,8.4E-5,1.1E-14,1.2E7,1.0,5.1E8,
3.4E-34,26.0,870000.0,590000.0,2600.0,1599999.9999999998,650.0,880.0,3200.0,2700.0,2600.0,18.0,3099999.9999999995,5.7E-5,3.6,3.6,0.0,410.0,10.0,8.000000000000001E-65,8.5E-5,1.0E-14,1.3E7,1.0,5.1E8,
3.4E-34,26.0,870000.0,590000.0,2600.0,1599999.9999999998,650.0,880.0,3200.0,2700.0,2600.0,18.0,3099999.9999999995,5.1E-5,3.6,3.6,0.0,410.0,10.0,3.4E-66,8.5E-5,9.2E-15,1.3E7,1.0,5.1E8,
3.4E-34,26.0,870000.0,590000.0,2600.0,1599999.9999999998,650.0,880.0,3200.0,2700.0,2600.0,18.0,3099999.9999999995,4.5E-5,3.6,3.6,0.0,410.0,10.0,1.5E-67,8.5E-5,8.3E-15,1.4E7,1.0,5.1E8,
3.4E-34,26.0,870000.0,590000.0,2600.0,1599999.9999999998,650.0,880.0,3200.0,2700.0,2600.0,18.0,3099999.9999999995,6.1E-5,3.6,3.6,0.0,410.0,10.0,6.4E-69,8.6E-5,8.9E-15,1.2E7,1.0,5.1E8,
3.4E-34,26.0,870000.0,590000.0,2600.0,1599999.9999999998,650.0,880.0,3200.0,2700.0,2600.0,18.0,3099999.9999999995,7.1E-5,3.6,3.6,0.0,410.0,10.0,2.6999999999999998E-70,8.6E-5,1.1E-14,1.2E7,1.0,5.1E8,
3.4E-34,26.0,870000.0,590000.0,2600.0,1599999.9999999998,650.0,880.0,3200.0,2700.0,2600.0,18.0,3099999.9999999995,7.4E-5,3.6,3.6,0.0,410.0,10.0,1.2E-71,8.6E-5,1.2E-14,1.2E7,1.0,5.1E8,
3.4E-34,26.0,870000.0,590000.0,2600.0,1599999.9999999998,650.0,880.0,3200.0,2700.0,2600.0,18.0,3099999.9999999995,7.1E-5,3.6,3.6,0.0,400.0,10.0,5.0000000000000005E-73,8.6E-5,1.2E-14,1.2E7,1.0,5.1E8,
3.4E-34,26.0,870000.0,590000.0,2600.0,1599999.9999999998,650.0,880.0,3200.0,2700.0,2600.0,18.0,3099999.9999999995,6.5E-5,3.6,3.6,0.0,400.0,10.0,2.1E-74,8.7E-5,1.2E-14,1.2E7,1.0,5.1E8,
3.4E-34,26.0,870000.0,590000.0,2600.0,1599999.9999999998,650.0,880.0,3200.0,2700.0,2600.0,18.0,3099999.9999999995,5.9E-5,3.6,3.6,0.0,400.0,10.0,9.0E-76,8.7E-5,1.1E-14,1.2E7,1.0,5.1E8,
3.4E-34,26.0,870000.0,590000.0,2600.0,1599999.9999999998,650.0,880.0,3200.0,2700.0,2600.0,18.0,3099999.9999999995,5.2E-5,3.6,3.6,0.0,400.0,10.0,3.9E-77,8.7E-5,9.8E-15,1.3E7,1.0,5.1E8,
3.4E-34,26.0,870000.0,590000.0,2600.0,1599999.9999999998,650.0,880.0,3200.0,2700.0,2600.0,18.0,3099999.9999999995,4.6E-5,3.6,3.6,0.0,400.0,10.0,1.7E-78,8.8E-5,8.7E-15,1.4E7,1.0,5.1E8,
3.4E-34,26.0,870000.0,590000.0,2600.0,1599999.9999999998,650.0,880.0,3200.0,2700.0,2600.0,18.0,3099999.9999999995,5.6E-5,3.6,3.6,0.0,390.0,10.0,7.300000000000001E-80,8.8E-5,8.6E-15,1.3E7,1.0,5.1E8,
3.4E-34,26.0,870000.0,590000.0,2600.0,1599999.9999999998,650.0,880.0,3200.0,2700.0,2600.0,18.0,3099999.9999999995,6.8E-5,3.6,3.6,0.0,390.0,10.0,3.1E-81,8.8E-5,1.0E-14,1.2E7,1.0,5.1E8,
3.4E-34,26.0,870000.0,590000.0,2600.0,1599999.9999999998,650.0,880.0,3200.0,2700.0,2600.0,18.0,3099999.9999999995,7.3E-5,3.6,3.6,0.0,390.0,10.0,1.3E-82,8.9E-5,1.2E-14,1.2E7,1.0,5.1E8,
3.4E-34,26.0,870000.0,590000.0,2600.0,1599999.9999999998,650.0,880.0,3200.0,2700.0,2600.0,18.0,3099999.9999999995,7.2E-5,3.6,3.6,0.0,390.0,10.0,5.6E-84,8.9E-5,1.2E-14,1.2E7,1.0,5.1E8,
3.4E-34,26.0,870000.0,590000.0,2600.0,1599999.9999999998,650.0,880.0,3200.0,2700.0,2600.0,18.0,3099999.9999999995,6.7E-5,3.6,3.6,0.0,390.0,10.0,2.4E-85,8.9E-5,1.2E-14,1.2E7,1.0,5.1E8,
3.4E-34,26.0,870000.0,590000.0,2600.0,1599999.9999999998,650.0,880.0,3200.0,2700.0,2600.0,18.0,3099999.9999999995,6.1E-5,3.6,3.6,0.0,390.0,10.0,1.0E-86,9.0E-5,1.1E-14,1.2E7,1.0,5.1E8,
3.4E-34,26.0,870000.0,590000.0,2600.0,1599999.9999999998,650.0,880.0,3200.0,2700.0,2600.0,18.0,3099999.9999999995,5.4E-5,3.6,3.6,0.0,390.0,10.0,4.4E-88,9.0E-5,1.0E-14,1.3E7,1.0,5.1E8,
3.4E-34,26.0,870000.0,590000.0,2600.0,1599999.9999999998,650.0,880.0,3200.0,2700.0,2600.0,18.0,3099999.9999999995,4.8E-5,3.6,3.6,0.0,390.0,10.0,1.9E-89,9.0E-5,9.3E-15,1.3E7,1.0,5.1E8,
3.4E-34,26.0,870000.0,590000.0,2600.0,1599999.9999999998,650.0,880.0,3200.0,2700.0,2600.0,18.0,3099999.9999999995,5.0E-5,3.6,3.6,0.0,390.0,10.0,8.5E-91,9.1E-5,8.6E-15,1.3E7,1.0,5.1E8,
3.4E-34,26.0,870000.0,590000.0,2600.0,1599999.9999999998,650.0,880.0,3200.0,2700.0,2600.0,18.0,3099999.9999999995,6.4E-5,3.6,3.6,0.0,390.0,10.0,3.6E-92,9.1E-5,9.9E-15,1.2E7,1.0,5.1E8,
3.4E-34,26.0,870000.0,590000.0,2600.0,1599999.9999999998,650.0,880.0,3200.0,2700.0,2600.0,18.0,3099999.9999999995,7.2E-5,3.6,3.6,0.0,380.0,10.0,1.5E-93,9.1E-5,1.2E-14,1.2E7,1.0,5.1E8,
3.4E-34,26.0,870000.0,580000.0,2600.0,1599999.9999999998,650.0,880.0,3200.0,2700.0,2600.0,18.0,3099999.9999999995,7.2E-5,3.6,3.6,0.0,380.0,10.0,6.5E-95,9.2E-5,1.3E-14,1.2E7,1.0,5.1E8,
3.4E-34,26.0,870000.0,580000.0,2600.0,1599999.9999999998,650.0,880.0,3200.0,2700.0,2600.0,18.0,3099999.9999999995,6.8E-5,3.6,3.6,0.0,380.0,10.0,2.7999999999999997E-96,9.2E-5,1.3E-14,1.2E7,1.0,5.1E8,
3.4E-34,26.0,870000.0,580000.0,2600.0,1599999.9999999998,650.0,880.0,3200.0,2700.0,2600.0,18.0,3099999.9999999995,6.3E-5,3.6,3.6,0.0,380.0,10.0,1.2E-97,9.2E-5,1.2E-14,1.2E7,1.0,5.1E8,
3.4E-34,26.0,870000.0,580000.0,2600.0,1599999.9999999998,650.0,880.0,3200.0,2700.0,2600.0,18.0,3099999.9999999995,5.6E-5,3.6,3.6,0.0,380.0,10.0,5.1E-99,9.3E-5,1.1E-14,1.3E7,1.0,5.1E8,
3.4E-34,26.0,870000.0,580000.0,2600.0,1599999.9999999998,650.0,880.0,3200.0,2700.0,2600.0,18.0,3099999.9999999995,5.0E-5,3.6,3.6,0.0,380.0,10.0,2.2000000000000001E-100,9.3E-5,9.9E-15,1.3E7,1.0,5.1E8,
3.4E-34,26.0,870000.0,580000.0,2600.0,1599999.9999999998,650.0,880.0,3200.0,2700.0,2600.0,18.0,3099999.9999999995,4.7E-5,3.6,3.6,0.0,380.0,10.0,5.9E-102,9.3E-5,8.8E-15,1.4E7,1.0,5.1E8,
3.4E-34,26.0,870000.0,580000.0,2600.0,1599999.9999999998,650.0,880.0,3200.0,2700.0,2600.0,18.0,3099999.9999999995,6.2E-5,3.6,3.6,0.0,380.0,10.0,2.5E-103,9.4E-5,9.9E-15,1.2E7,1.0,5.1E8,
3.4E-34,26.0,870000.0,580000.0,2600.0,1599999.9999999998,650.0,880.0,3200.0,2700.0,2600.0,18.0,3099999.9999999995,7.0E-5,3.6,3.6,0.0,380.0,10.0,1.8000000000000002E-104,9.4E-5,1.1E-14,1.2E7,1.0,5.1E8,
3.5000000000000003E-34,32.0,940000.0,680000.0,37000.0,2200000.0,6300.0,3100.0,3600.0,3700.0,5300.0,22.0,3899999.9999999995,6.3E-4,4.0,4.0,0.0,450.0,100.0,5800.0,1.2E-4,8.2E-9,1.3E7,1.0,5.5E8,
3.1000000000000002E-34,28.0,930000.0,620000.0,4100.0,2200000.0,6300.0,3100.0,3600.0,3700.0,5300.0,22.0,3799999.9999999995,1.8E-4,3.5,3.5,0.0,450.0,20.0,320.0,1.3E-4,2.6E-9,1.1E7,1.0,5.5E8,
3.1000000000000002E-34,28.0,710000.0,620000.0,4100.0,2200000.0,6300.0,3100.0,3600.0,3700.0,5300.0,22.0,3599999.9999999995,2.1E-4,3.5,3.5,0.0,450.0,19.0,16.0,1.2E-4,9.7E-10,1.1E7,1.0,5.5E8,
2.7E-34,25.0,610000.0,550000.0,4100.0,2200000.0,6300.0,3100.0,3600.0,3700.0,5200.0,22.0,3399999.9999999995,2.3E-4,3.2,3.2,0.0,460.0,19.0,1.2,1.2E-4,3.9E-10,1.0E7,1.0,5.5E8,
2.1E-34,20.0,560000.0,430000.0,4100.0,2200000.0,6300.0,3100.0,3600.0,3700.0,5200.0,22.0,3199999.9999999995,2.4E-4,2.6,2.6,0.0,460.0,18.0,0.039,1.2E-4,1.1E-10,9900000.0,1.0,5.5E8,
2.1E-34,20.0,550000.0,430000.0,4100.0,2200000.0,6300.0,3100.0,3600.0,3700.0,5200.0,22.0,3199999.9999999995,2.6E-4,2.6,2.6,0.0,460.0,18.0,6.2E-4,1.2E-4,3.4E-11,9600000.0,1.0,5.5E8,
2.1E-34,20.0,540000.0,430000.0,4100.0,2200000.0,6300.0,3100.0,3600.0,3700.0,5200.0,21.0,3199999.9999999995,2.5E-4,2.6,2.6,0.0,450.0,18.0,2.0E-5,1.2E-4,1.3E-11,9800000.0,1.0,5.5E8,
2.1E-34,20.0,540000.0,430000.0,4100.0,2200000.0,6300.0,3100.0,3600.0,3700.0,5200.0,21.0,3199999.9999999995,2.6E-4,2.6,2.6,0.0,440.0,18.0,3.1E-7,1.2E-4,3.8E-12,9500000.0,1.0,5.5E8,
2.1E-34,20.0,540000.0,430000.0,4100.0,2200000.0,6300.0,3100.0,3600.0,3700.0,5200.0,21.0,3199999.9999999995,2.5E-4,2.6,2.6,0.0,440.0,18.0,5.0E-9,1.2E-4,1.2E-12,9700000.0,1.0,5.4E8,
2.1E-34,20.0,540000.0,430000.0,4100.0,2200000.0,6300.0,3100.0,3600.0,3700.0,5200.0,21.0,3199999.9999999995,2.2E-4,2.5,2.5,0.0,430.0,18.0,7.9E-11,1.2E-4,4.0E-13,1.0E7,1.0,5.4E8,
2.1E-34,20.0,540000.0,430000.0,4100.0,2200000.0,6200.0,3100.0,3600.0,3700.0,5200.0,21.0,3199999.9999999995,1.8E-4,2.5,2.5,0.0,430.0,18.0,1.2E-12,1.2E-4,1.5E-13,1.1E7,1.0,5.4E8,
2.1E-34,20.0,540000.0,430000.0,4100.0,2200000.0,6200.0,3100.0,3600.0,3700.0,5200.0,21.0,3199999.9999999995,1.5E-4,2.5,2.5,0.0,430.0,18.0,2.0E-14,1.2E-4,7.2E-14,1.2E7,1.0,5.4E8,
2.1E-34,20.0,540000.0,430000.0,4100.0,2200000.0,6200.0,3100.0,3600.0,3700.0,5200.0,21.0,3199999.9999999995,1.3E-4,2.5,2.5,0.0,430.0,18.0,3.2E-16,1.2E-4,4.4E-14,1.2E7,1.0,5.4E8,
2.1E-34,19.0,540000.0,420000.0,4100.0,2200000.0,6200.0,3100.0,3600.0,3700.0,5200.0,21.0,3199999.9999999995,1.1E-4,2.5,2.5,0.0,430.0,18.0,5.2E-18,1.2E-4,3.1E-14,1.3E7,1.0,5.4E8,
2.1E-34,19.0,540000.0,420000.0,4100.0,2200000.0,6200.0,3100.0,3500.0,3600.0,5200.0,21.0,3199999.9999999995,1.3E-4,2.5,2.5,0.0,430.0,18.0,8.2E-20,1.2E-4,3.0E-14,1.2E7,1.0,5.4E8,
2.1E-34,19.0,540000.0,420000.0,4100.0,2200000.0,6200.0,3100.0,3500.0,3600.0,5200.0,21.0,3199999.9999999995,1.4E-4,2.5,2.5,0.0,430.0,18.0,1.3E-21,1.3E-4,3.1E-14,1.2E7,1.0,5.4E8,
2.1E-34,19.0,540000.0,420000.0,4100.0,2200000.0,6200.0,3100.0,3500.0,3600.0,5200.0,21.0,3199999.9999999995,1.3E-4,2.5,2.5,0.0,430.0,18.0,2.0E-23,1.3E-4,3.1E-14,1.2E7,1.0,5.4E8,
2.1E-34,19.0,530000.0,420000.0,4100.0,2200000.0,6200.0,3100.0,3500.0,3600.0,5200.0,21.0,3199999.9999999995,1.3E-4,2.5,2.5,0.0,430.0,18.0,6.3E-25,1.3E-4,3.0E-14,1.2E7,1.0,5.4E8,
2.1E-34,19.0,530000.0,420000.0,4100.0,2200000.0,6200.0,3000.0,3500.0,3600.0,5200.0,21.0,3199999.9999999995,1.5E-4,2.5,2.5,0.0,430.0,18.0,9.800000000000001E-27,1.3E-4,3.2E-14,1.2E7,1.0,5.3E8,
2.1E-34,19.0,530000.0,420000.0,4100.0,2200000.0,6200.0,3000.0,3500.0,3600.0,5200.0,21.0,3199999.9999999995,1.4E-4,2.5,2.5,0.0,430.0,18.0,1.5000000000000002E-28,1.3E-4,3.4E-14,1.2E7,1.0,5.3E8,
2.1E-34,19.0,520000.0,420000.0,4100.0,2200000.0,6200.0,3000.0,3500.0,3600.0,5200.0,21.0,3199999.9999999995,1.3E-4,2.5,2.5,0.0,430.0,18.0,2.4000000000000002E-30,1.3E-4,3.3E-14,1.2E7,1.0,5.3E8,
2.1E-34,19.0,520000.0,420000.0,4100.0,2200000.0,6200.0,3000.0,3500.0,3600.0,5200.0,21.0,3199999.9999999995,1.5E-4,2.5,2.5,0.0,420.0,18.0,3.6E-32,1.3E-4,3.4E-14,1.1E7,1.0,5.3E8,
2.1E-34,19.0,520000.0,420000.0,4100.0,2200000.0,6200.0,3000.0,3500.0,3600.0,5200.0,21.0,3199999.9999999995,1.6E-4,2.5,2.5,0.0,430.0,18.0,5.6E-34,1.3E-4,3.6E-14,1.1E7,1.0,5.3E8,
2.1E-34,19.0,520000.0,420000.0,4100.0,2200000.0,6200.0,3000.0,3500.0,3600.0,5200.0,21.0,3199999.9999999995,1.6E-4,2.5,2.5,0.0,420.0,18.0,8.6E-36,1.3E-4,3.7E-14,1.1E7,1.0,5.3E8,
2.1E-34,19.0,520000.0,420000.0,4100.0,2200000.0,6200.0,3000.0,3500.0,3600.0,5200.0,21.0,3199999.9999999995,1.8E-4,2.5,2.5,0.0,420.0,18.0,1.3000000000000001E-37,1.3E-4,3.9E-14,1.1E7,1.0,5.3E8,
2.1E-34,19.0,520000.0,420000.0,4100.0,2200000.0,6200.0,3000.0,3500.0,3600.0,5200.0,21.0,3199999.9999999995,1.9E-4,2.5,2.5,0.0,420.0,18.0,4.1E-39,1.3E-4,4.3E-14,1.0E7,1.0,5.3E8,
2.0E-34,19.0,520000.0,410000.0,4100.0,2200000.0,6200.0,3000.0,3500.0,3600.0,5200.0,21.0,3099999.9999999995,2.1E-4,2.4,2.4,0.0,420.0,18.0,6.2E-41,1.3E-4,4.7E-14,9800000.0,1.0,5.2E8,
2.0E-34,19.0,520000.0,410000.0,4100.0,2200000.0,6200.0,3000.0,3500.0,3600.0,5200.0,21.0,3099999.9999999995,2.1E-4,2.4,2.4,0.0,420.0,18.0,9.399999999999999E-43,1.3E-4,5.0E-14,9800000.0,1.0,5.2E8,
2.0E-34,19.0,520000.0,410000.0,4100.0,2200000.0,6200.0,3000.0,3500.0,3600.0,5200.0,21.0,3099999.9999999995,1.9E-4,2.4,2.4,0.0,420.0,18.0,1.4E-44,1.3E-4,4.9E-14,1.0E7,1.0,5.2E8,
2.0E-34,19.0,520000.0,410000.0,4100.0,2200000.0,6200.0,3000.0,3500.0,3600.0,5200.0,21.0,3099999.9999999995,1.7E-4,2.4,2.4,0.0,420.0,18.0,2.2E-46,1.3E-4,4.5E-14,1.1E7,1.0,5.2E8,
2.0E-34,19.0,520000.0,410000.0,4100.0,2200000.0,6200.0,3000.0,3500.0,3600.0,5200.0,21.0,3099999.9999999995,1.4E-4,2.4,2.4,0.0,420.0,18.0,3.3E-48,1.3E-4,3.9E-14,1.1E7,1.0,5.2E8,
2.0E-34,19.0,510000.0,410000.0,4000.0,2200000.0,6200.0,3000.0,3500.0,3600.0,5200.0,21.0,3099999.9999999995,1.2E-4,2.4,2.4,0.0,420.0,18.0,5.0E-50,1.3E-4,3.3E-14,1.2E7,1.0,5.2E8,
2.0E-34,19.0,510000.0,410000.0,4000.0,2200000.0,6200.0,3000.0,3500.0,3600.0,5200.0,21.0,3099999.9999999995,9.9E-5,2.4,2.4,0.0,420.0,18.0,1.0E-51,1.3E-4,2.8E-14,1.3E7,1.0,5.2E8,
2.0E-34,19.0,510000.0,410000.0,4000.0,2200000.0,6200.0,3000.0,3500.0,3600.0,5200.0,21.0,3099999.9999999995,8.3E-5,2.4,2.4,0.0,420.0,18.0,5.2E-53,1.3E-4,2.4E-14,1.4E7,1.0,5.2E8,
2.0E-34,19.0,510000.0,410000.0,4000.0,2200000.0,6200.0,3000.0,3500.0,3600.0,5200.0,21.0,3099999.9999999995,8.2E-5,2.4,2.4,0.0,420.0,18.0,1.4E-53,1.3E-4,2.0E-14,1.4E7,1.0,5.2E8,
2.0E-34,19.0,510000.0,410000.0,4000.0,2200000.0,6200.0,3000.0,3500.0,3600.0,5100.0,21.0,3099999.9999999995,9.8E-5,2.4,2.4,0.0,420.0,18.0,2.0999999999999998E-55,1.3E-4,2.2E-14,1.3E7,1.0,5.2E8,
2.0E-34,19.0,510000.0,410000.0,4000.0,2200000.0,6200.0,3000.0,3500.0,3600.0,5100.0,21.0,3099999.9999999995,1.0E-4,2.4,2.4,0.0,420.0,18.0,3.2E-57,1.3E-4,2.4E-14,1.3E7,1.0,5.2E8,
2.0E-34,19.0,510000.0,410000.0,4000.0,2200000.0,6200.0,3000.0,3500.0,3600.0,5100.0,20.0,3099999.9999999995,1.1E-4,2.4,2.4,0.0,410.0,18.0,9.800000000000001E-59,1.3E-4,2.5E-14,1.2E7,1.0,5.2E8,
2.0E-34,19.0,500000.0,410000.0,4000.0,2200000.0,6200.0,3000.0,3500.0,3600.0,5100.0,20.0,3099999.9999999995,1.4E-4,2.4,2.4,0.0,410.0,18.0,1.5E-60,1.3E-4,2.9E-14,1.1E7,1.0,5.2E8,
2.0E-34,19.0,500000.0,410000.0,4000.0,2200000.0,6200.0,3000.0,3500.0,3600.0,5100.0,20.0,3099999.9999999995,1.5E-4,2.4,2.4,0.0,410.0,18.0,2.1999999999999997E-62,1.3E-4,3.3E-14,1.1E7,1.0,5.2E8,
2.0E-34,19.0,500000.0,410000.0,4000.0,2200000.0,6200.0,3000.0,3500.0,3600.0,5100.0,20.0,3099999.9999999995,1.4E-4,2.4,2.4,0.0,410.0,18.0,3.2E-64,1.3E-4,3.5E-14,1.1E7,1.0,5.1E8,
2.0E-34,18.0,500000.0,400000.0,4000.0,2200000.0,6200.0,3000.0,3500.0,3600.0,5100.0,20.0,3099999.9999999995,1.6E-4,2.4,2.4,0.0,410.0,18.0,9.6E-66,1.3E-4,3.6E-14,1.1E7,1.0,5.1E8,
2.0E-34,18.0,500000.0,400000.0,4000.0,2200000.0,6200.0,3000.0,3500.0,3600.0,5100.0,20.0,3099999.9999999995,1.7E-4,2.4,2.4,0.0,410.0,18.0,1.4E-67,1.3E-4,3.9E-14,1.1E7,1.0,5.1E8,
2.0E-34,18.0,500000.0,400000.0,4000.0,2200000.0,6200.0,3000.0,3500.0,3600.0,5100.0,20.0,3099999.9999999995,1.6E-4,2.4,2.4,0.0,410.0,18.0,2.1E-69,1.3E-4,4.0E-14,1.1E7,1.0,5.1E8,
2.0E-34,18.0,500000.0,400000.0,4000.0,2200000.0,6200.0,3000.0,3500.0,3600.0,5100.0,20.0,3099999.9999999995,1.4E-4,2.4,2.4,0.0,410.0,18.0,3.0E-71,1.3E-4,3.7E-14,1.1E7,1.0,5.1E8,
2.0E-34,18.0,500000.0,400000.0,4000.0,2200000.0,6200.0,3000.0,3500.0,3600.0,5100.0,20.0,3099999.9999999995,1.2E-4,2.4,2.4,0.0,410.0,18.0,4.5E-73,1.3E-4,3.3E-14,1.2E7,1.0,5.1E8,
2.0E-34,18.0,500000.0,400000.0,4000.0,2200000.0,6200.0,3000.0,3500.0,3600.0,5100.0,20.0,3099999.9999999995,1.0E-4,2.4,2.4,0.0,410.0,18.0,6.499999999999999E-75,1.3E-4,2.9E-14,1.3E7,1.0,5.1E8,
2.0E-34,18.0,500000.0,400000.0,4000.0,2200000.0,6200.0,3000.0,3500.0,3600.0,5100.0,20.0,3099999.9999999995,8.5E-5,2.4,2.4,0.0,410.0,18.0,7.8E-77,1.3E-4,2.5E-14,1.3E7,1.0,5.1E8,
2.0E-34,18.0,500000.0,400000.0,4000.0,2200000.0,6200.0,3000.0,3500.0,3600.0,5100.0,20.0,3099999.9999999995,7.2E-5,2.4,2.4,0.0,410.0,18.0,0.0,1.3E-4,2.1E-14,1.4E7,1.0,5.1E8,
2.0E-34,18.0,500000.0,400000.0,4000.0,2200000.0,6200.0,3000.0,3500.0,3600.0,5100.0,20.0,3099999.9999999995,7.2E-5,2.4,2.4,0.0,410.0,18.0,9.0E-80,1.3E-4,1.8E-14,1.4E7,1.0,5.1E8,
2.0E-34,18.0,500000.0,400000.0,4000.0,2200000.0,6200.0,3000.0,3500.0,3600.0,5100.0,20.0,3099999.9999999995,8.7E-5,2.4,2.4,0.0,410.0,18.0,1.3E-81,1.3E-4,2.0E-14,1.3E7,1.0,5.1E8,
2.0E-34,18.0,500000.0,400000.0,4000.0,2200000.0,6200.0,3000.0,3500.0,3600.0,5100.0,20.0,3099999.9999999995,9.1E-5,2.4,2.4,0.0,410.0,18.0,1.9E-83,1.3E-4,2.2E-14,1.3E7,1.0,5.1E8,
2.0E-34,18.0,500000.0,400000.0,4000.0,2200000.0,6200.0,3000.0,3500.0,3600.0,5100.0,20.0,3099999.9999999995,8.8E-5,2.4,2.4,0.0,410.0,18.0,2.8E-85,1.3E-4,2.2E-14,1.3E7,1.0,5.1E8,
1.1E-34,11.0,560000.0,260000.0,600.0,2300000.0,6100.0,3000.0,3500.0,3600.0,5100.0,20.0,3099999.9999999995,22.0,1.6,1.6,0.0,410.0,1.4,0.0089,1.4E-4,6.6E-9,1.3E7,1.0,5.1E8,
9.699999999999999E-35,10.0,550000.0,230000.0,600.0,2300000.0,6100.0,3000.0,3500.0,3600.0,5100.0,20.0,3099999.9999999995,1.4E-4,1.5,1.5,0.0,410.0,23.0,1.0E-4,1.4E-4,1.7E-9,1.2E7,1.0,5.1E8,
9.699999999999999E-35,10.0,550000.0,230000.0,600.0,2300000.0,6100.0,3000.0,3500.0,3600.0,5100.0,20.0,3099999.9999999995,1.4E-4,1.5,1.5,0.0,400.0,23.0,1.2E-6,1.4E-4,5.2E-10,1.2E7,1.0,5.1E8,
9.699999999999999E-35,10.0,550000.0,230000.0,600.0,2300000.0,6100.0,3000.0,3500.0,3600.0,5100.0,20.0,3099999.9999999995,1.4E-4,1.5,1.5,0.0,400.0,23.0,1.4E-8,1.4E-4,1.6E-10,1.2E7,1.0,5.1E8,
9.699999999999999E-35,10.0,550000.0,230000.0,600.0,2300000.0,6100.0,3000.0,3500.0,3600.0,5100.0,20.0,3099999.9999999995,1.2E-4,1.5,1.5,0.0,400.0,23.0,1.6E-10,1.4E-4,4.8E-11,1.3E7,1.0,5.1E8,
9.699999999999999E-35,10.0,550000.0,230000.0,600.0,2300000.0,6100.0,3000.0,3500.0,3600.0,5100.0,20.0,3099999.9999999995,1.1E-4,1.5,1.5,0.0,400.0,23.0,1.9E-12,1.4E-4,1.4E-11,1.3E7,1.0,5.1E8,
9.699999999999999E-35,10.0,550000.0,230000.0,600.0,2300000.0,6100.0,3000.0,3500.0,3600.0,5100.0,20.0,3099999.9999999995,9.3E-5,1.5,1.5,0.0,400.0,23.0,2.2E-14,1.4E-4,4.4E-12,1.4E7,1.0,5.1E8,
9.699999999999999E-35,10.0,550000.0,230000.0,600.0,2300000.0,6100.0,3000.0,3500.0,3600.0,5100.0,20.0,3099999.9999999995,8.0E-5,1.5,1.5,0.0,400.0,23.0,2.6E-16,1.4E-4,1.3E-12,1.5E7,1.0,5.1E8,
9.699999999999999E-35,10.0,550000.0,230000.0,600.0,2300000.0,6100.0,3000.0,3500.0,3600.0,5100.0,20.0,3099999.9999999995,6.9E-5,1.5,1.5,0.0,390.0,23.0,3.1E-18,1.4E-4,4.1E-13,1.6E7,1.0,5.1E8,
9.699999999999999E-35,10.0,550000.0,230000.0,600.0,2300000.0,6100.0,3000.0,3500.0,3600.0,5100.0,20.0,3099999.9999999995,7.4E-5,1.5,1.5,0.0,390.0,23.0,3.5E-20,1.4E-4,1.4E-13,1.5E7,1.0,5.1E8,
9.699999999999999E-35,10.0,550000.0,230000.0,600.0,2300000.0,6100.0,3000.0,3500.0,3600.0,5100.0,20.0,3099999.9999999995,8.8E-5,1.5,1.5,0.0,390.0,23.0,4.1000000000000004E-22,1.4E-4,5.8E-14,1.4E7,1.0,5.1E8,
9.699999999999999E-35,10.0,550000.0,230000.0,590.0,2300000.0,6100.0,3000.0,3500.0,3600.0,5100.0,20.0,3099999.9999999995,9.2E-5,1.5,1.5,0.0,390.0,23.0,4.7E-24,1.4E-4,3.5E-14,1.4E7,1.0,5.1E8,
9.699999999999999E-35,10.0,550000.0,230000.0,590.0,2300000.0,6100.0,3000.0,3500.0,3600.0,5100.0,20.0,3099999.9999999995,8.8E-5,1.5,1.5,0.0,390.0,23.0,5.5E-26,1.4E-4,2.8E-14,1.4E7,1.0,5.1E8,
9.699999999999999E-35,10.0,550000.0,230000.0,590.0,2300000.0,6100.0,3000.0,3500.0,3600.0,5100.0,20.0,3099999.9999999995,8.1E-5,1.5,1.5,0.0,390.0,23.0,6.4000000000000005E-28,1.4E-4,2.5E-14,1.5E7,1.0,5.1E8,
9.699999999999999E-35,10.0,550000.0,230000.0,590.0,2300000.0,6100.0,3000.0,3500.0,3600.0,5100.0,20.0,3099999.9999999995,7.2E-5,1.5,1.5,0.0,390.0,23.0,7.3E-30,1.4E-4,2.2E-14,1.6E7,1.0,5.1E8,
1.4E-34,16.0,650000.0,370000.0,510.0,2600000.0,7400.0,3000.0,3500.0,1700.0,10000.0,21.0,3599999.9999999995,8.6E-5,4.6,4.6,0.0,460.0,29.0,4.2E-31,1.8E-4,6.6E-9,1.6E7,1.0,5.2E8,
9.699999999999999E-35,11.0,540000.0,250000.0,510.0,2600000.0,7400.0,3000.0,3500.0,1700.0,2500.0,20.0,3399999.9999999995,1.1E-4,2.8,2.8,0.0,460.0,27.0,2.1000000000000002E-32,1.8E-4,2.0E-9,1.5E7,1.0,5.2E8,
8.099999999999999E-35,8.9,490000.0,210000.0,510.0,2600000.0,7400.0,3000.0,3500.0,1700.0,2500.0,20.0,3299999.9999999995,1.0E-4,2.4,2.4,0.0,460.0,27.0,1.0E-33,1.8E-4,7.6E-10,1.4E7,1.0,5.2E8,
4.0999999999999997E-35,4.6,470000.0,100000.0,510.0,2500000.0,7400.0,3000.0,3500.0,1700.0,2500.0,20.0,3099999.9999999995,1.3E-4,1.5,1.5,0.0,460.0,26.0,4.2E-35,1.8E-4,1.7E-10,1.3E7,1.0,5.2E8,
4.0999999999999997E-35,4.6,470000.0,100000.0,510.0,2500000.0,7400.0,3000.0,3500.0,1700.0,2500.0,20.0,3099999.9999999995,1.5E-4,1.5,1.5,0.0,460.0,26.0,3.2E-37,1.8E-4,5.3E-11,1.3E7,1.0,5.2E8,
4.0999999999999997E-35,4.6,470000.0,100000.0,510.0,2500000.0,7400.0,3000.0,3500.0,1700.0,2500.0,20.0,3099999.9999999995,1.5E-4,1.5,1.5,0.0,460.0,26.0,5.4999999999999995E-39,1.8E-4,1.9E-11,1.3E7,1.0,5.2E8,
4.0999999999999997E-35,4.6,460000.0,100000.0,510.0,2500000.0,7400.0,3000.0,3500.0,1700.0,2500.0,20.0,3099999.9999999995,1.6E-4,1.5,1.5,0.0,450.0,26.0,4.1999999999999997E-41,1.8E-4,5.9E-12,1.2E7,1.0,5.2E8,
4.0999999999999997E-35,4.6,460000.0,100000.0,510.0,2500000.0,7400.0,3000.0,3500.0,1700.0,2500.0,20.0,3099999.9999999995,1.7E-4,1.5,1.5,0.0,440.0,26.0,3.2E-43,1.8E-4,1.8E-12,1.2E7,1.0,5.2E8,
4.0999999999999997E-35,4.6,460000.0,100000.0,510.0,2500000.0,7400.0,3000.0,3500.0,1700.0,2500.0,20.0,3099999.9999999995,1.6E-4,1.5,1.5,0.0,440.0,26.0,2.4E-45,1.8E-4,5.9E-13,1.2E7,1.0,5.2E8,
4.0999999999999997E-35,4.6,460000.0,100000.0,510.0,2500000.0,7400.0,3000.0,3500.0,1700.0,2500.0,20.0,3099999.9999999995,1.4E-4,1.5,1.5,0.0,430.0,26.0,1.8E-47,1.8E-4,2.1E-13,1.3E7,1.0,5.2E8,
4.0999999999999997E-35,4.6,460000.0,100000.0,510.0,2500000.0,7400.0,3000.0,3500.0,1700.0,2500.0,20.0,3099999.9999999995,1.2E-4,1.5,1.5,0.0,430.0,26.0,1.4E-49,1.8E-4,9.5E-14,1.4E7,1.0,5.2E8,
4.0999999999999997E-35,4.6,460000.0,100000.0,510.0,2500000.0,7400.0,3000.0,3500.0,1700.0,2500.0,20.0,3099999.9999999995,1.0E-4,1.5,1.5,0.0,430.0,26.0,1.1E-51,1.8E-4,5.5E-14,1.4E7,1.0,5.2E8,
4.0999999999999997E-35,4.6,460000.0,100000.0,510.0,2500000.0,7400.0,3000.0,3500.0,1700.0,2500.0,20.0,3099999.9999999995,8.5E-5,1.5,1.5,0.0,430.0,26.0,9.999999999999999E-54,1.8E-4,3.9E-14,1.5E7,1.0,5.2E8,
4.0999999999999997E-35,4.6,460000.0,100000.0,510.0,2500000.0,7400.0,3000.0,3500.0,1700.0,2500.0,20.0,3099999.9999999995,7.2E-5,1.5,1.5,0.0,430.0,26.0,0.0,1.8E-4,3.1E-14,1.6E7,1.0,5.2E8,
4.0999999999999997E-35,4.6,460000.0,100000.0,510.0,2500000.0,7400.0,3000.0,3500.0,1700.0,2500.0,20.0,3099999.9999999995,7.1E-5,1.5,1.5,0.0,430.0,26.0,0.0,1.8E-4,2.6E-14,1.6E7,1.0,5.2E8,
4.0999999999999997E-35,4.6,460000.0,100000.0,500.0,2500000.0,7400.0,3000.0,3500.0,1700.0,2500.0,20.0,3099999.9999999995,8.5E-5,1.5,1.5,0.0,430.0,26.0,0.0,1.8E-4,2.8E-14,1.5E7,1.0,5.2E8,
4.0999999999999997E-35,4.6,460000.0,100000.0,500.0,2500000.0,7400.0,3000.0,3500.0,1700.0,2500.0,20.0,3099999.9999999995,8.9E-5,1.5,1.5,0.0,430.0,26.0,0.0,1.8E-4,3.0E-14,1.5E7,1.0,5.1E8,
4.0999999999999997E-35,4.6,460000.0,100000.0,500.0,2500000.0,7400.0,3000.0,3500.0,1700.0,2500.0,20.0,3099999.9999999995,8.6E-5,1.5,1.5,0.0,430.0,26.0,0.0,1.8E-4,3.1E-14,1.5E7,1.0,5.1E8,
4.0999999999999997E-35,4.6,460000.0,100000.0,500.0,2500000.0,7400.0,3000.0,3500.0,1700.0,2500.0,20.0,3099999.9999999995,7.8E-5,1.5,1.5,0.0,430.0,26.0,0.0,1.8E-4,2.9E-14,1.6E7,1.0,5.1E8,
4.0999999999999997E-35,4.6,460000.0,100000.0,500.0,2500000.0,7400.0,3000.0,3500.0,1700.0,2500.0,20.0,3099999.9999999995,6.9E-5,1.5,1.5,0.0,430.0,26.0,0.0,1.8E-4,2.7E-14,1.6E7,1.0,5.1E8,
4.0999999999999997E-35,4.6,460000.0,100000.0,500.0,2500000.0,7400.0,3000.0,3500.0,1700.0,2500.0,20.0,3099999.9999999995,6.0E-5,1.5,1.5,0.0,430.0,26.0,0.0,1.8E-4,2.4E-14,1.7E7,1.0,5.1E8,
4.0999999999999997E-35,4.6,460000.0,100000.0,500.0,2500000.0,7400.0,3000.0,3500.0,1700.0,2500.0,20.0,3099999.9999999995,5.2E-5,1.5,1.5,0.0,430.0,26.0,0.0,1.8E-4,2.1E-14,1.8E7,1.0,5.1E8,
4.0999999999999997E-35,4.6,460000.0,100000.0,500.0,2500000.0,7400.0,3000.0,3500.0,1700.0,2500.0,20.0,3099999.9999999995,4.6E-5,1.5,1.5,0.0,430.0,26.0,0.0,1.8E-4,1.8E-14,1.9E7,1.0,5.1E8,
4.0999999999999997E-35,4.6,460000.0,100000.0,500.0,2500000.0,7400.0,3000.0,3500.0,1700.0,2500.0,20.0,3099999.9999999995,6.0E-5,1.5,1.5,0.0,430.0,26.0,0.0,1.8E-4,1.9E-14,1.7E7,1.0,5.1E8,
4.0999999999999997E-35,4.6,460000.0,100000.0,500.0,2500000.0,7400.0,3000.0,3500.0,1700.0,2500.0,20.0,3099999.9999999995,6.8E-5,1.5,1.5,0.0,430.0,26.0,0.0,1.8E-4,2.2E-14,1.7E7,1.0,5.1E8,
6.2E-35,7.3,470000.0,170000.0,740.0,2600000.0,7300.0,3000.0,3500.0,1700.0,2500.0,20.0,3199999.9999999995,7.3E-5,1.8,1.8,0.0,440.0,23.0,0.0,1.9E-4,1.4E-9,1.6E7,1.0,5.2E8,
4.2999999999999996E-35,5.1,390000.0,120000.0,740.0,2600000.0,7300.0,3000.0,3500.0,1700.0,2500.0,20.0,3099999.9999999995,8.9E-5,1.4,1.4,0.0,440.0,22.0,0.0,1.9E-4,3.0E-10,1.4E7,1.0,5.2E8,
4.2999999999999996E-35,5.1,390000.0,120000.0,740.0,2600000.0,7300.0,3000.0,3500.0,1700.0,2500.0,20.0,3099999.9999999995,9.8E-5,1.4,1.4,0.0,440.0,22.0,0.0,1.9E-4,8.9E-11,1.4E7,1.0,5.2E8,
4.2999999999999996E-35,5.1,390000.0,120000.0,740.0,2600000.0,7300.0,3000.0,3500.0,1700.0,2500.0,20.0,3099999.9999999995,9.5E-5,1.4,1.4,0.0,440.0,22.0,0.0,1.9E-4,2.7E-11,1.4E7,1.0,5.1E8,
4.2999999999999996E-35,5.1,390000.0,120000.0,740.0,2600000.0,7300.0,3000.0,3500.0,1700.0,2500.0,20.0,3099999.9999999995,8.7E-5,1.4,1.4,0.0,440.0,22.0,0.0,1.9E-4,8.1E-12,1.4E7,1.0,5.1E8,
4.2999999999999996E-35,5.1,390000.0,120000.0,740.0,2600000.0,7300.0,3000.0,3500.0,1700.0,2500.0,20.0,3099999.9999999995,7.7E-5,1.4,1.4,0.0,440.0,22.0,0.0,1.9E-4,2.5E-12,1.5E7,1.0,5.1E8,
4.2999999999999996E-35,5.1,390000.0,120000.0,740.0,2600000.0,7300.0,3000.0,3500.0,1700.0,2500.0,20.0,3099999.9999999995,6.6E-5,1.4,1.4,0.0,440.0,22.0,0.0,1.9E-4,7.6E-13,1.6E7,1.0,5.1E8,
4.2999999999999996E-35,5.1,390000.0,120000.0,740.0,2600000.0,7300.0,3000.0,3500.0,1700.0,2500.0,20.0,3099999.9999999995,5.7E-5,1.4,1.4,0.0,430.0,22.0,0.0,1.9E-4,2.5E-13,1.7E7,1.0,5.1E8,
4.2999999999999996E-35,5.1,390000.0,120000.0,740.0,2600000.0,7300.0,3000.0,3500.0,1700.0,2500.0,20.0,3099999.9999999995,4.9E-5,1.4,1.4,0.0,420.0,22.0,0.0,1.9E-4,8.8E-14,1.8E7,1.0,5.1E8,
4.2999999999999996E-35,5.1,390000.0,120000.0,740.0,2600000.0,7300.0,3000.0,3500.0,1700.0,2500.0,20.0,3099999.9999999995,4.9E-5,1.4,1.4,0.0,420.0,22.0,0.0,1.9E-4,3.9E-14,1.8E7,1.0,5.1E8,
4.2999999999999996E-35,5.1,390000.0,120000.0,740.0,2600000.0,7300.0,3000.0,3500.0,1700.0,2500.0,20.0,3099999.9999999995,6.0E-5,1.4,1.4,0.0,420.0,22.0,0.0,1.9E-4,2.7E-14,1.6E7,1.0,5.1E8,
4.2999999999999996E-35,5.1,390000.0,120000.0,740.0,2600000.0,7300.0,3000.0,3500.0,1700.0,2500.0,20.0,3099999.9999999995,6.4E-5,1.4,1.4,0.0,420.0,22.0,0.0,1.9E-4,2.5E-14,1.6E7,1.0,5.1E8,
4.2999999999999996E-35,5.1,390000.0,120000.0,740.0,2600000.0,7300.0,3000.0,3500.0,1700.0,2500.0,20.0,3099999.9999999995,6.3E-5,1.4,1.4,0.0,420.0,22.0,0.0,1.9E-4,2.4E-14,1.6E7,1.0,5.1E8,
4.2999999999999996E-35,5.1,390000.0,120000.0,740.0,2600000.0,7300.0,3000.0,3500.0,1700.0,2500.0,20.0,3099999.9999999995,5.8E-5,1.4,1.4,0.0,420.0,22.0,0.0,2.0E-4,2.3E-14,1.7E7,1.0,5.1E8,
4.2999999999999996E-35,5.1,390000.0,120000.0,740.0,2600000.0,7300.0,3000.0,3500.0,1700.0,2500.0,20.0,3099999.9999999995,5.1E-5,1.4,1.4,0.0,420.0,22.0,0.0,2.0E-4,2.1E-14,1.7E7,1.0,5.1E8,
4.2999999999999996E-35,5.1,390000.0,120000.0,740.0,2600000.0,7300.0,3000.0,3500.0,1700.0,2500.0,20.0,3099999.9999999995,4.5E-5,1.4,1.4,0.0,420.0,22.0,0.0,2.0E-4,1.9E-14,1.8E7,1.0,5.1E8,
4.2999999999999996E-35,5.1,390000.0,120000.0,740.0,2600000.0,7300.0,3000.0,3500.0,1700.0,2500.0,20.0,3099999.9999999995,4.0E-5,1.4,1.4,0.0,420.0,22.0,0.0,2.0E-4,1.7E-14,1.9E7,1.0,5.1E8,
4.2999999999999996E-35,5.1,390000.0,120000.0,740.0,2600000.0,7300.0,3000.0,3500.0,1700.0,2500.0,20.0,3099999.9999999995,3.5E-5,1.4,1.4,0.0,420.0,22.0,0.0,2.0E-4,1.5E-14,2.0E7,1.0,5.1E8,
4.2999999999999996E-35,5.1,390000.0,120000.0,740.0,2600000.0,7300.0,3000.0,3500.0,1700.0,2500.0,20.0,3099999.9999999995,4.6E-5,1.4,1.4,0.0,420.0,22.0,0.0,2.0E-4,1.6E-14,1.8E7,1.0,5.1E8,
4.2999999999999996E-35,5.1,390000.0,120000.0,740.0,2600000.0,7300.0,3000.0,3500.0,1700.0,2500.0,20.0,3099999.9999999995,5.2E-5,1.4,1.4,0.0,420.0,22.0,0.0,2.0E-4,1.8E-14,1.7E7,1.0,5.1E8,
4.2999999999999996E-35,5.1,390000.0,120000.0,740.0,2600000.0,7300.0,3000.0,3500.0,1700.0,2500.0,20.0,3099999.9999999995,5.3E-5,1.4,1.4,0.0,410.0,22.0,0.0,2.0E-4,2.0E-14,1.7E7,1.0,5.1E8,
4.2999999999999996E-35,5.1,390000.0,120000.0,740.0,2600000.0,7300.0,3000.0,3500.0,1700.0,2500.0,20.0,3099999.9999999995,5.1E-5,1.4,1.4,0.0,410.0,22.0,0.0,2.0E-4,2.0E-14,1.7E7,1.0,5.1E8,
4.2999999999999996E-35,5.1,390000.0,120000.0,740.0,2600000.0,7300.0,3000.0,3500.0,1700.0,2500.0,20.0,3099999.9999999995,4.6E-5,1.4,1.4,0.0,410.0,22.0,0.0,2.0E-4,1.9E-14,1.8E7,1.0,5.1E8,
4.2999999999999996E-35,5.1,390000.0,120000.0,740.0,2600000.0,7300.0,3000.0,3500.0,1700.0,2500.0,20.0,3099999.9999999995,4.1E-5,1.4,1.4,0.0,410.0,22.0,0.0,2.0E-4,1.7E-14,1.9E7,1.0,5.1E8,
4.2999999999999996E-35,5.1,390000.0,120000.0,740.0,2600000.0,7300.0,3000.0,3500.0,1700.0,2500.0,20.0,3099999.9999999995,3.6E-5,1.4,1.4,0.0,410.0,22.0,0.0,2.0E-4,1.6E-14,2.0E7,1.0,5.1E8,
5.9E-35,7.4,190000.0,180000.0,3900.0,2700000.0,210.0,3000.0,3400.0,6700.0,5700.0,20.0,3099999.9999999995,4.4E-5,1.8,1.8,0.0,420.0,26.0,6.9E-10,2.5E-4,5.3E-9,1.9E7,1.0,5.2E8,
5.9E-35,7.4,190000.0,180000.0,3900.0,2700000.0,210.0,3000.0,3400.0,6700.0,5700.0,20.0,3099999.9999999995,5.6E-5,1.7,1.7,0.0,420.0,26.0,3.6E-12,2.5E-4,1.6E-9,1.8E7,1.0,5.2E8,
5.9E-35,7.4,190000.0,180000.0,3900.0,2700000.0,210.0,3000.0,3400.0,6700.0,5700.0,20.0,3099999.9999999995,6.1E-5,1.7,1.7,0.0,420.0,26.0,1.9E-14,2.5E-4,4.8E-10,1.7E7,1.0,5.1E8,
5.2E-35,6.7,200000.0,160000.0,5800.0,2700000.0,210.0,3000.0,3400.0,6700.0,5700.0,20.0,3099999.9999999995,8.2E-5,1.5,1.5,0.0,430.0,29.0,160.0,2.6E-4,1.7E-9,1.6E7,1.0,5.2E8,
5.2E-35,6.7,200000.0,160000.0,5800.0,2700000.0,210.0,3000.0,3400.0,6700.0,5700.0,20.0,3099999.9999999995,1.0E-4,1.5,1.5,0.0,420.0,29.0,0.86,2.6E-4,5.2E-10,1.5E7,1.0,5.2E8,
5.2E-35,6.7,200000.0,160000.0,5800.0,2700000.0,210.0,3000.0,3400.0,6700.0,5700.0,20.0,3099999.9999999995,1.1E-4,1.5,1.5,0.0,420.0,29.0,0.0045,2.6E-4,1.6E-10,1.5E7,1.0,5.1E8,
5.2E-35,6.7,200000.0,160000.0,5800.0,2700000.0,210.0,3000.0,3400.0,6700.0,5700.0,20.0,3099999.9999999995,1.0E-4,1.5,1.5,0.0,420.0,29.0,2.3E-5,2.6E-4,4.8E-11,1.5E7,1.0,5.1E8,
5.2E-35,6.7,200000.0,160000.0,5800.0,2700000.0,210.0,3000.0,3400.0,6700.0,5700.0,20.0,3099999.9999999995,9.1E-5,1.5,1.5,0.0,410.0,29.0,1.2E-7,2.6E-4,1.4E-11,1.6E7,1.0,5.1E8,
5.2E-35,6.7,200000.0,160000.0,5800.0,2700000.0,210.0,3000.0,3400.0,6700.0,5700.0,20.0,3099999.9999999995,8.0E-5,1.5,1.5,0.0,410.0,29.0,6.6E-10,2.6E-4,4.4E-12,1.6E7,1.0,5.1E8,
5.2E-35,6.7,200000.0,160000.0,5800.0,2700000.0,210.0,3000.0,3400.0,6700.0,5700.0,20.0,3099999.9999999995,6.9E-5,1.5,1.5,0.0,410.0,29.0,3.7E-12,2.6E-4,1.3E-12,1.7E7,1.0,5.1E8,
5.2E-35,6.7,200000.0,160000.0,5800.0,2700000.0,210.0,3000.0,3400.0,6700.0,5700.0,20.0,3099999.9999999995,5.9E-5,1.5,1.5,0.0,410.0,29.0,2.6E-14,2.6E-4,4.3E-13,1.8E7,1.0,5.1E8,
5.2E-35,6.7,200000.0,160000.0,5800.0,2700000.0,210.0,3000.0,3400.0,6700.0,5700.0,20.0,3099999.9999999995,5.1E-5,1.5,1.5,0.0,410.0,29.0,0.0,2.6E-4,1.5E-13,1.9E7,1.0,5.1E8,
5.2E-35,6.7,200000.0,160000.0,5800.0,2700000.0,210.0,3000.0,3400.0,6700.0,5700.0,20.0,3099999.9999999995,5.9E-5,1.5,1.5,0.0,410.0,29.0,3.1E-18,2.6E-4,6.3E-14,1.8E7,1.0,5.1E8,
5.2E-35,6.7,200000.0,160000.0,5800.0,2700000.0,210.0,3000.0,3400.0,6700.0,5700.0,20.0,3099999.9999999995,6.9E-5,1.5,1.5,0.0,410.0,29.0,1.6E-20,2.6E-4,4.2E-14,1.7E7,1.0,5.1E8,
5.2E-35,6.7,200000.0,160000.0,5800.0,2700000.0,210.0,3000.0,3400.0,6700.0,5700.0,20.0,3099999.9999999995,7.1E-5,1.5,1.5,0.0,400.0,29.0,8.4E-23,2.6E-4,3.8E-14,1.7E7,1.0,5.1E8,
5.2E-35,6.7,200000.0,160000.0,5800.0,2700000.0,210.0,3000.0,3400.0,6700.0,5700.0,20.0,3099999.9999999995,6.8E-5,1.5,1.5,0.0,400.0,29.0,4.3999999999999995E-25,2.6E-4,3.6E-14,1.7E7,1.0,5.1E8,
5.2E-35,6.7,200000.0,160000.0,5800.0,2700000.0,210.0,3000.0,3400.0,6700.0,5700.0,20.0,3099999.9999999995,6.2E-5,1.5,1.5,0.0,400.0,29.0,2.3E-27,2.6E-4,3.4E-14,1.8E7,1.0,5.1E8,
5.2E-35,6.7,200000.0,160000.0,5800.0,2700000.0,210.0,3000.0,3400.0,6700.0,5700.0,20.0,3099999.9999999995,5.5E-5,1.5,1.5,0.0,400.0,29.0,1.7E-29,2.6E-4,3.1E-14,1.9E7,1.0,5.1E8,
5.2E-35,6.7,200000.0,160000.0,5800.0,2700000.0,210.0,3000.0,3400.0,6700.0,5700.0,20.0,3099999.9999999995,4.8E-5,1.5,1.5,0.0,400.0,29.0,0.0,2.6E-4,2.7E-14,2.0E7,1.0,5.1E8,
5.2E-35,6.7,200000.0,160000.0,5800.0,2700000.0,210.0,3000.0,3400.0,6700.0,5700.0,20.0,3099999.9999999995,4.2E-5,1.5,1.5,0.0,400.0,29.0,1.1000000000000001E-30,2.6E-4,2.4E-14,2.0E7,1.0,5.1E8,
5.2E-35,6.7,200000.0,160000.0,5800.0,2700000.0,210.0,3000.0,3400.0,6700.0,5700.0,20.0,3099999.9999999995,4.4E-5,1.5,1.5,0.0,390.0,29.0,1.9E-31,2.6E-4,2.2E-14,2.0E7,1.0,5.1E8,
5.2E-35,6.7,200000.0,160000.0,5800.0,2700000.0,210.0,3000.0,3400.0,6700.0,5700.0,20.0,3099999.9999999995,5.5E-5,1.5,1.5,0.0,400.0,29.0,9.800000000000001E-34,2.6E-4,2.4E-14,1.9E7,1.0,5.1E8,
5.2E-35,6.7,200000.0,160000.0,5800.0,2700000.0,210.0,3000.0,3400.0,6700.0,5700.0,20.0,3099999.9999999995,6.0E-5,1.5,1.5,0.0,400.0,29.0,5.1000000000000004E-36,2.6E-4,2.8E-14,1.8E7,1.0,5.1E8,
5.2E-35,6.7,200000.0,160000.0,5800.0,2700000.0,210.0,3000.0,3400.0,6700.0,5700.0,20.0,3099999.9999999995,5.9E-5,1.5,1.5,0.0,400.0,29.0,2.7E-38,2.6E-4,3.0E-14,1.8E7,1.0,5.1E8,
5.2E-35,6.7,200000.0,160000.0,5800.0,2700000.0,210.0,3000.0,3400.0,6700.0,5700.0,20.0,3099999.9999999995,5.6E-5,1.5,1.5,0.0,390.0,29.0,1.4E-40,2.6E-4,2.9E-14,1.9E7,1.0,5.1E8,
5.2E-35,6.7,200000.0,160000.0,5800.0,2700000.0,210.0,3000.0,3400.0,6700.0,5700.0,20.0,3099999.9999999995,5.0E-5,1.5,1.5,0.0,390.0,29.0,8.3E-43,2.6E-4,2.8E-14,1.9E7,1.0,5.1E8,
5.2E-35,6.7,200000.0,160000.0,5800.0,2700000.0,210.0,3000.0,3400.0,6700.0,5700.0,20.0,3099999.9999999995,4.5E-5,1.5,1.5,0.0,390.0,29.0,2.4E-44,2.6E-4,2.5E-14,2.0E7,1.0,5.1E8,
5.2E-35,6.7,200000.0,160000.0,5800.0,2700000.0,210.0,3000.0,3400.0,6700.0,5700.0,20.0,3099999.9999999995,3.9E-5,1.5,1.5,0.0,380.0,29.0,0.0,2.6E-4,2.2E-14,2.1E7,1.0,5.1E8,
5.2E-35,6.7,200000.0,160000.0,5800.0,2700000.0,210.0,3000.0,3400.0,6700.0,5700.0,20.0,3099999.9999999995,3.7E-5,1.5,1.5,0.0,380.0,29.0,0.0,2.6E-4,2.0E-14,2.2E7,1.0,5.1E8,
5.2E-35,6.7,200000.0,160000.0,5800.0,2700000.0,210.0,3000.0,3400.0,6700.0,5700.0,20.0,3099999.9999999995,4.7E-5,1.5,1.5,0.0,380.0,29.0,0.0,2.6E-4,2.1E-14,2.0E7,1.0,5.1E8,
5.2E-35,6.7,200000.0,160000.0,5800.0,2700000.0,210.0,3000.0,3400.0,6700.0,5700.0,20.0,3099999.9999999995,5.4E-5,1.5,1.5,0.0,380.0,29.0,0.0,2.6E-4,2.5E-14,1.9E7,1.0,5.1E8,
5.2E-35,6.7,200000.0,160000.0,5800.0,2700000.0,210.0,3000.0,3400.0,6700.0,5700.0,20.0,3099999.9999999995,5.5E-5,1.5,1.5,0.0,380.0,29.0,0.0,2.6E-4,2.8E-14,1.9E7,1.0,5.1E8,
5.2E-35,6.7,200000.0,160000.0,5800.0,2700000.0,210.0,3000.0,3400.0,6700.0,5700.0,20.0,3099999.9999999995,5.2E-5,1.5,1.5,0.0,370.0,29.0,0.0,2.7E-4,2.8E-14,1.9E7,1.0,5.1E8,
5.2E-35,6.7,200000.0,160000.0,5800.0,2700000.0,210.0,3000.0,3400.0,6700.0,5700.0,20.0,3099999.9999999995,4.8E-5,1.5,1.5,0.0,370.0,29.0,0.0,2.7E-4,2.6E-14,2.0E7,1.0,5.1E8,
5.2E-35,6.7,200000.0,160000.0,5800.0,2700000.0,210.0,3000.0,3400.0,6700.0,5700.0,20.0,3099999.9999999995,4.3E-5,1.5,1.5,0.0,370.0,29.0,0.0,2.7E-4,2.4E-14,2.0E7,1.0,5.1E8,
5.2E-35,6.7,200000.0,160000.0,5800.0,2700000.0,210.0,3000.0,3400.0,6700.0,5700.0,20.0,3099999.9999999995,3.8E-5,1.5,1.5,0.0,370.0,29.0,0.0,2.7E-4,2.2E-14,2.1E7,1.0,5.1E8,
5.2E-35,6.7,200000.0,160000.0,5800.0,2700000.0,210.0,3000.0,3400.0,6700.0,5700.0,20.0,3099999.9999999995,3.4E-5,1.5,1.5,0.0,370.0,29.0,0.0,2.7E-4,1.9E-14,2.2E7,1.0,5.1E8,
5.2E-35,6.7,200000.0,160000.0,5800.0,2700000.0,210.0,3000.0,3400.0,6700.0,5700.0,20.0,3099999.9999999995,4.3E-5,1.5,1.5,0.0,360.0,29.0,0.0,2.7E-4,2.0E-14,2.0E7,1.0,5.1E8,
5.2E-35,6.7,200000.0,160000.0,5800.0,2700000.0,210.0,3000.0,3400.0,6700.0,5700.0,20.0,3099999.9999999995,5.1E-5,1.5,1.5,0.0,360.0,29.0,0.0,2.7E-4,2.3E-14,1.9E7,1.0,5.1E8,
5.2E-35,6.7,200000.0,160000.0,5800.0,2700000.0,210.0,3000.0,3400.0,6700.0,5700.0,20.0,3099999.9999999995,5.3E-5,1.5,1.5,0.0,360.0,29.0,0.0,2.7E-4,2.6E-14,1.9E7,1.0,5.1E8,
6.6E-35,9.5,230000.0,240000.0,21000.0,2899999.9999999995,210.0,3000.0,3400.0,6700.0,12000.0,20.0,3399999.9999999995,1.2E-4,2.1,2.1,0.0,360.0,59.0,310.0,2.9E-4,4.0E-9,1.8E7,1.0,5.2E8,
4.2E-35,6.0,210000.0,160000.0,890.0,2899999.9999999995,210.0,3000.0,3400.0,6700.0,4800.0,20.0,3199999.9999999995,2.3E-5,1.2,1.2,0.0,360.0,10.0,55.0,2.9E-4,1.7E-9,1.7E7,1.0,5.1E8,
1.8999999999999998E-35,2.8,160000.0,72000.0,890.0,2899999.9999999995,210.0,2900.0,3400.0,6600.0,4700.0,20.0,3099999.9999999995,2.7E-5,0.77,0.77,0.0,350.0,9.7,1.5,2.9E-4,3.5E-10,1.6E7,1.0,5.1E8,
1.8999999999999998E-35,2.8,160000.0,72000.0,890.0,2899999.9999999995,210.0,2900.0,3400.0,6600.0,4700.0,20.0,3099999.9999999995,3.1E-5,0.77,0.77,0.0,350.0,9.7,0.0061,2.9E-4,1.1E-10,1.5E7,1.0,5.1E8,
1.8999999999999998E-35,2.8,160000.0,72000.0,890.0,2899999.9999999995,210.0,2900.0,3400.0,6600.0,4700.0,20.0,3099999.9999999995,3.2E-5,0.77,0.77,0.0,350.0,9.7,2.5E-5,2.9E-4,3.2E-11,1.5E7,1.0,5.1E8,
1.8999999999999998E-35,2.8,160000.0,72000.0,890.0,2899999.9999999995,210.0,2900.0,3400.0,6600.0,4700.0,20.0,3099999.9999999995,3.0E-5,0.77,0.77,0.0,350.0,9.7,9.8E-8,2.9E-4,9.7E-12,1.5E7,1.0,5.1E8,
1.8999999999999998E-35,2.8,160000.0,72000.0,890.0,2899999.9999999995,210.0,2900.0,3400.0,6600.0,4700.0,20.0,3099999.9999999995,2.7E-5,0.77,0.77,0.0,350.0,9.7,4.0E-10,2.9E-4,2.9E-12,1.6E7,1.0,5.1E8,
1.8999999999999998E-35,2.8,160000.0,72000.0,890.0,2899999.9999999995,210.0,2900.0,3400.0,6600.0,4700.0,20.0,3099999.9999999995,2.4E-5,0.77,0.77,0.0,350.0,9.7,1.8E-12,2.9E-4,8.9E-13,1.7E7,1.0,5.1E8,
1.8999999999999998E-35,2.8,160000.0,72000.0,890.0,2899999.9999999995,210.0,2900.0,3400.0,6600.0,4700.0,20.0,3099999.9999999995,2.0E-5,0.77,0.77,0.0,350.0,9.7,7.2E-15,2.9E-4,2.8E-13,1.8E7,1.0,5.1E8,
2.7E-35,4.2,250000.0,110000.0,8600.0,3099999.9999999995,960.0,2900.0,3400.0,6600.0,4700.0,20.0,3399999.9999999995,8.8E-5,0.92,0.92,0.0,370.0,44.0,8.5E-17,3.1E-4,1.1E-11,1.8E7,1.0,5.2E8,
5.1000000000000004E-36,0.77,170000.0,18000.0,990.0,3099999.9999999995,960.0,2900.0,3400.0,6600.0,4700.0,20.0,3299999.9999999995,8.0E-5,0.46,0.46,0.0,370.0,15.0,9.7E-19,3.1E-4,7.3E-13,1.7E7,1.0,5.2E8,
2.1000000000000002E-36,0.32,37000.0,5000.0,990.0,3099999.9999999995,960.0,2900.0,3400.0,6600.0,4700.0,20.0,3099999.9999999995,4.4E-5,0.39,0.39,0.0,370.0,15.0,2.0E-20,3.0E-4,1.5E-13,1.6E7,1.0,5.2E8,
2.1000000000000002E-36,0.32,37000.0,5000.0,990.0,3099999.9999999995,960.0,2900.0,3400.0,6600.0,4700.0,20.0,3099999.9999999995,4.8E-5,0.39,0.39,0.0,360.0,15.0,5.600000000000001E-23,3.0E-4,6.4E-14,1.5E7,1.0,5.2E8,
2.1000000000000002E-36,0.32,37000.0,5000.0,990.0,3099999.9999999995,960.0,2900.0,3400.0,6600.0,4700.0,20.0,3099999.9999999995,4.6E-5,0.39,0.39,0.0,360.0,15.0,1.5999999999999998E-25,3.1E-4,3.9E-14,1.6E7,1.0,5.2E8,
2.1000000000000002E-36,0.32,37000.0,5000.0,990.0,3099999.9999999995,960.0,2900.0,3400.0,6600.0,4700.0,20.0,3099999.9999999995,4.2E-5,0.39,0.39,0.0,360.0,15.0,4.400000000000001E-28,3.0E-4,3.0E-14,1.6E7,1.0,5.2E8,
2.1000000000000002E-36,0.32,30000.0,5000.0,990.0,3099999.9999999995,960.0,2900.0,3400.0,6600.0,4700.0,20.0,3099999.9999999995,4.5E-5,0.39,0.39,0.0,350.0,15.0,3.2E-30,3.0E-4,2.7E-14,1.6E7,1.0,5.2E8,
2.1000000000000002E-36,0.32,30000.0,5000.0,990.0,3099999.9999999995,960.0,2900.0,3400.0,6600.0,4700.0,20.0,3099999.9999999995,4.9E-5,0.39,0.39,0.0,350.0,15.0,8.9E-33,3.1E-4,2.8E-14,1.5E7,1.0,5.2E8,
2.1000000000000002E-36,0.32,30000.0,5000.0,990.0,3099999.9999999995,960.0,2900.0,3400.0,6600.0,4700.0,20.0,3099999.9999999995,4.7E-5,0.39,0.39,0.0,350.0,15.0,2.3999999999999999E-35,3.1E-4,2.8E-14,1.6E7,1.0,5.2E8,
2.1000000000000002E-36,0.32,30000.0,5000.0,990.0,3099999.9999999995,960.0,2900.0,3400.0,6600.0,4700.0,20.0,3099999.9999999995,4.3E-5,0.39,0.39,0.0,340.0,15.0,6.7E-38,3.1E-4,2.7E-14,1.6E7,1.0,5.2E8,
2.1000000000000002E-36,0.32,30000.0,5000.0,990.0,3099999.9999999995,960.0,2900.0,3400.0,6600.0,4700.0,20.0,3099999.9999999995,3.7E-5,0.39,0.39,0.0,340.0,15.0,1.9E-40,3.1E-4,2.4E-14,1.7E7,1.0,5.2E8,
2.1000000000000002E-36,0.32,30000.0,5000.0,990.0,3099999.9999999995,960.0,2900.0,3400.0,6600.0,4700.0,20.0,3099999.9999999995,3.2E-5,0.39,0.39,0.0,340.0,15.0,4.0E-42,3.1E-4,2.1E-14,1.8E7,1.0,5.2E8,
2.1000000000000002E-36,0.32,30000.0,5000.0,990.0,3099999.9999999995,960.0,2900.0,3400.0,6600.0,4700.0,20.0,3099999.9999999995,2.7E-5,0.39,0.39,0.0,330.0,15.0,3.6E-42,3.1E-4,1.8E-14,1.9E7,1.0,5.2E8,
2.1000000000000002E-36,0.32,30000.0,5000.0,990.0,3099999.9999999995,960.0,2900.0,3400.0,6600.0,4700.0,20.0,3099999.9999999995,2.3E-5,0.39,0.39,0.0,330.0,15.0,1.5E-42,3.1E-4,1.6E-14,2.0E7,1.0,5.2E8,
2.1000000000000002E-36,0.32,30000.0,5000.0,990.0,3099999.9999999995,960.0,2900.0,3400.0,6600.0,4700.0,20.0,3099999.9999999995,2.1E-5,0.39,0.39,0.0,330.0,15.0,0.0,3.1E-4,1.4E-14,2.1E7,1.0,5.2E8,
2.1000000000000002E-36,0.32,30000.0,5000.0,990.0,3099999.9999999995,960.0,2900.0,3400.0,6600.0,4700.0,20.0,3099999.9999999995,2.7E-5,0.39,0.39,0.0,330.0,15.0,0.0,3.1E-4,1.4E-14,1.9E7,1.0,5.2E8,
2.1000000000000002E-36,0.32,30000.0,5000.0,990.0,3099999.9999999995,960.0,2900.0,3400.0,6600.0,4700.0,20.0,3099999.9999999995,2.9E-5,0.39,0.39,0.0,320.0,15.0,0.0,3.1E-4,1.6E-14,1.8E7,1.0,5.2E8,
2.1000000000000002E-36,0.32,30000.0,5000.0,990.0,3099999.9999999995,960.0,2900.0,3400.0,6600.0,4700.0,20.0,3099999.9999999995,2.8E-5,0.39,0.39,0.0,320.0,15.0,0.0,3.1E-4,1.7E-14,1.9E7,1.0,5.2E8,
2.1000000000000002E-36,0.32,30000.0,5000.0,990.0,3099999.9999999995,960.0,2900.0,3400.0,6600.0,4700.0,20.0,3099999.9999999995,2.6E-5,0.39,0.39,0.0,320.0,15.0,0.0,3.1E-4,1.6E-14,1.9E7,1.0,5.2E8,
2.1000000000000002E-36,0.32,30000.0,5000.0,990.0,3099999.9999999995,960.0,2900.0,3400.0,6600.0,4700.0,20.0,3099999.9999999995,2.3E-5,0.39,0.39,0.0,320.0,15.0,0.0,3.1E-4,1.5E-14,2.0E7,1.0,5.2E8,
7.5E-36,1.2,34000.0,32000.0,2500.0,3099999.9999999995,960.0,2900.0,3400.0,6600.0,4700.0,20.0,3199999.9999999995,2.9E-5,0.5,0.5,0.0,320.0,18.0,0.0,3.1E-4,1.2E-9,2.0E7,1.0,5.2E8,
1.9000000000000002E-36,0.31,1700.0,4100.0,2500.0,3099999.9999999995,960.0,2900.0,3400.0,6600.0,4700.0,20.0,3099999.9999999995,3.4E-5,0.38,0.38,0.0,320.0,18.0,0.0,3.1E-4,1.3E-10,1.9E7,1.0,5.2E8,
1.9000000000000002E-36,0.31,1700.0,4100.0,2500.0,3099999.9999999995,960.0,2900.0,3400.0,6600.0,4700.0,20.0,3099999.9999999995,3.9E-5,0.38,0.38,0.0,310.0,18.0,0.0,3.1E-4,4.0E-11,1.8E7,1.0,5.2E8,
1.9000000000000002E-36,0.31,1700.0,4100.0,2500.0,3099999.9999999995,960.0,2900.0,3400.0,6600.0,4700.0,20.0,3099999.9999999995,3.9E-5,0.38,0.38,0.0,310.0,18.0,0.0,3.1E-4,1.2E-11,1.8E7,1.0,5.2E8,
1.9000000000000002E-36,0.31,1700.0,4100.0,2500.0,3099999.9999999995,960.0,2900.0,3400.0,6600.0,4700.0,20.0,3099999.9999999995,3.6E-5,0.38,0.38,0.0,310.0,18.0,0.0,3.1E-4,3.7E-12,1.8E7,1.0,5.2E8,
1.9000000000000002E-36,0.31,1700.0,4100.0,2500.0,3099999.9999999995,960.0,2900.0,3400.0,6600.0,4700.0,20.0,3099999.9999999995,3.3E-5,0.38,0.38,0.0,310.0,18.0,0.0,3.1E-4,1.1E-12,1.9E7,1.0,5.2E8,
1.9000000000000002E-36,0.31,1700.0,4100.0,2500.0,3099999.9999999995,960.0,2900.0,3400.0,6600.0,4700.0,20.0,3099999.9999999995,2.8E-5,0.38,0.38,0.0,310.0,18.0,0.0,3.1E-4,3.5E-13,2.0E7,1.0,5.2E8,
5.2E-36,1.8,4000.0,45000.0,540.0,3199999.9999999995,27000.0,2900.0,3400.0,6600.0,4700.0,20.0,3299999.9999999995,5.6E-5,0.46,0.46,0.0,310.0,14.0,0.0,3.2E-4,1.4E-9,2.0E7,1.0,5.2E8,
6.6000000000000005E-37,0.23,3900.0,2500.0,530.0,3199999.9999999995,4600.0,2900.0,3400.0,6600.0,4700.0,20.0,3199999.9999999995,2.7E-5,0.3,0.3,0.0,310.0,14.0,0.0,3.2E-4,6.8E-11,1.9E7,1.0,5.2E8,
6.5E-37,0.22,3900.0,2500.0,530.0,3099999.9999999995,4600.0,2900.0,3400.0,6500.0,4700.0,20.0,3099999.9999999995,3.3E-5,0.29,0.29,0.0,310.0,14.0,0.0,3.2E-4,2.5E-11,1.7E7,1.0,5.2E8,
1.6999999999999999E-35,3.3,8600.0,85000.0,3200.0,3199999.9999999995,4600.0,2900.0,3400.0,6500.0,4700.0,20.0,3299999.9999999995,6.7E-5,0.66,0.66,0.0,320.0,23.0,0.0,3.3E-4,1.1E-9,1.6E7,1.0,5.2E8,
1.6E-36,0.31,1100.0,2200.0,3200.0,3099999.9999999995,4600.0,2900.0,3400.0,6500.0,4700.0,20.0,3099999.9999999995,7.4E-5,0.32,0.32,0.0,320.0,23.0,0.0,3.3E-4,4.7E-11,1.5E7,1.0,5.2E8,
1.6E-36,0.31,1100.0,2200.0,3200.0,3099999.9999999995,4600.0,2900.0,3400.0,6500.0,4600.0,20.0,3099999.9999999995,7.9E-5,0.32,0.32,0.0,310.0,23.0,0.0,3.3E-4,1.4E-11,1.5E7,1.0,5.2E8,
1.6E-36,0.31,1100.0,2200.0,3200.0,3099999.9999999995,4600.0,2900.0,3400.0,6500.0,4600.0,20.0,3099999.9999999995,7.6E-5,0.32,0.32,0.0,310.0,23.0,0.0,3.3E-4,4.3E-12,1.5E7,1.0,5.2E8,
1.6E-36,0.31,1100.0,2200.0,3200.0,3099999.9999999995,4600.0,2900.0,3400.0,6500.0,4600.0,20.0,3099999.9999999995,6.8E-5,0.32,0.32,0.0,310.0,23.0,0.0,3.3E-4,1.3E-12,1.6E7,1.0,5.2E8,
1.6E-36,0.31,1100.0,2200.0,3200.0,3099999.9999999995,4600.0,2900.0,3400.0,6500.0,4600.0,20.0,3099999.9999999995,5.9E-5,0.32,0.32,0.0,310.0,23.0,0.0,3.3E-4,4.3E-13,1.7E7,1.0,5.2E8,
1.6E-36,0.31,1100.0,2200.0,3200.0,3099999.9999999995,4600.0,2900.0,3400.0,6500.0,4600.0,20.0,3099999.9999999995,5.0E-5,0.32,0.32,0.0,310.0,23.0,0.0,3.3E-4,1.5E-13,1.8E7,1.0,5.2E8,
1.6E-36,0.31,1100.0,2200.0,3200.0,3099999.9999999995,4600.0,2900.0,3400.0,6500.0,4600.0,19.0,3099999.9999999995,4.2E-5,0.32,0.32,0.0,300.0,23.0,0.0,3.3E-4,6.6E-14,1.9E7,1.0,5.2E8,
1.6E-36,0.31,1100.0,2200.0,3200.0,3099999.9999999995,4600.0,2900.0,3400.0,6500.0,4600.0,19.0,3099999.9999999995,3.6E-5,0.32,0.32,0.0,300.0,23.0,0.0,3.3E-4,3.7E-14,2.0E7,1.0,5.2E8,
1.6E-36,0.31,1100.0,2200.0,3200.0,3099999.9999999995,4600.0,2900.0,3400.0,6500.0,4600.0,19.0,3099999.9999999995,3.3E-5,0.32,0.32,0.0,300.0,23.0,0.0,3.3E-4,2.6E-14,2.0E7,1.0,5.2E8,
1.6E-36,0.31,1100.0,2200.0,3200.0,3099999.9999999995,4600.0,2900.0,3400.0,6500.0,4600.0,19.0,3099999.9999999995,4.1E-5,0.32,0.32,0.0,300.0,23.0,0.0,3.3E-4,2.5E-14,1.9E7,1.0,5.2E8,
1.6E-36,0.31,1100.0,2200.0,3200.0,3099999.9999999995,4600.0,2900.0,3400.0,6500.0,4600.0,19.0,3099999.9999999995,4.4E-5,0.32,0.32,0.0,300.0,23.0,0.0,3.3E-4,2.7E-14,1.8E7,1.0,5.2E8,
1.6E-36,0.31,1100.0,2200.0,3200.0,3099999.9999999995,4600.0,2900.0,3400.0,6500.0,4600.0,19.0,3099999.9999999995,4.3E-5,0.32,0.32,0.0,300.0,23.0,0.0,3.3E-4,2.8E-14,1.9E7,1.0,5.2E8,
1.6E-36,0.31,1100.0,2200.0,3200.0,3099999.9999999995,4600.0,2900.0,3400.0,6500.0,4600.0,19.0,3099999.9999999995,4.0E-5,0.32,0.32,0.0,290.0,23.0,0.0,3.3E-4,2.7E-14,1.9E7,1.0,5.2E8,
1.6E-36,0.31,1100.0,2200.0,3200.0,3099999.9999999995,4600.0,2900.0,3400.0,6500.0,4600.0,19.0,3099999.9999999995,3.5E-5,0.32,0.32,0.0,290.0,23.0,0.0,3.3E-4,2.5E-14,2.0E7,1.0,5.2E8,
1.6E-36,0.31,1100.0,2200.0,3200.0,3099999.9999999995,4600.0,2900.0,3400.0,6500.0,4600.0,19.0,3099999.9999999995,3.1E-5,0.32,0.32,0.0,290.0,23.0,0.0,3.3E-4,2.2E-14,2.1E7,1.0,5.2E8,
1.6E-36,0.31,1100.0,2200.0,3200.0,3099999.9999999995,4600.0,2900.0,3400.0,6500.0,4600.0,19.0,3099999.9999999995,2.7E-5,0.32,0.32,0.0,290.0,23.0,0.0,3.3E-4,1.9E-14,2.2E7,1.0,5.2E8,
1.6E-36,0.31,1100.0,2200.0,3200.0,3099999.9999999995,4600.0,2900.0,3400.0,6500.0,4600.0,19.0,3099999.9999999995,2.4E-5,0.32,0.32,0.0,290.0,23.0,0.0,3.3E-4,1.7E-14,2.3E7,1.0,5.2E8,
1.6E-36,0.31,1100.0,2200.0,3200.0,3099999.9999999995,4600.0,2900.0,3400.0,6500.0,4600.0,19.0,3099999.9999999995,2.9E-5,0.32,0.32,0.0,290.0,23.0,0.0,3.3E-4,1.7E-14,2.1E7,1.0,5.2E8,
1.6E-36,0.31,1100.0,2200.0,3200.0,3099999.9999999995,4600.0,2900.0,3400.0,6500.0,4600.0,19.0,3099999.9999999995,3.4E-5,0.32,0.32,0.0,290.0,23.0,0.0,3.3E-4,1.9E-14,2.0E7,1.0,5.2E8,
3.3E-36,1.7,8100.0,43000.0,4800.0,3299999.9999999995,4600.0,2900.0,3400.0,6500.0,4600.0,20.0,3399999.9999999995,10.0,0.41,0.41,0.0,290.0,34.0,47.0,3.3E-4,3.6E-9,1.9E7,1.0,5.2E8,
6.6000000000000005E-37,0.35,590.0,2400.0,4800.0,3099999.9999999995,4600.0,2900.0,3400.0,6500.0,4600.0,19.0,3099999.9999999995,8.8E-5,0.27,0.27,0.0,290.0,42.0,2.4,3.3E-4,4.0E-10,1.8E7,1.0,5.2E8,
6.6000000000000005E-37,0.35,590.0,2400.0,4800.0,3099999.9999999995,4600.0,2900.0,3400.0,6500.0,4600.0,19.0,3099999.9999999995,1.1E-4,0.27,0.27,0.0,290.0,42.0,0.0063,3.3E-4,1.2E-10,1.7E7,1.0,5.2E8,
6.6000000000000005E-37,0.35,590.0,2400.0,4800.0,3099999.9999999995,4600.0,2900.0,3400.0,6500.0,4600.0,19.0,3099999.9999999995,1.1E-4,0.27,0.27,0.0,290.0,42.0,1.7E-5,3.3E-4,3.6E-11,1.7E7,1.0,5.2E8,
6.6000000000000005E-37,0.35,590.0,2400.0,4800.0,3099999.9999999995,4600.0,2900.0,3400.0,6500.0,4600.0,19.0,3099999.9999999995,1.1E-4,0.27,0.27,0.0,290.0,42.0,4.4E-8,3.3E-4,1.1E-11,1.7E7,1.0,5.2E8,
6.6000000000000005E-37,0.35,590.0,2400.0,4800.0,3099999.9999999995,4600.0,2900.0,3400.0,6500.0,4600.0,19.0,3099999.9999999995,9.7E-5,0.27,0.27,0.0,290.0,42.0,1.1E-10,3.3E-4,3.3E-12,1.8E7,1.0,5.2E8,
6.6000000000000005E-37,0.35,590.0,2400.0,4800.0,3099999.9999999995,4600.0,2900.0,3400.0,6500.0,4600.0,19.0,3099999.9999999995,8.4E-5,0.27,0.27,0.0,290.0,42.0,3.3E-13,3.3E-4,1.0E-12,1.8E7,1.0,5.2E8,
6.6000000000000005E-37,0.35,590.0,2400.0,4800.0,3099999.9999999995,4600.0,2900.0,3400.0,6500.0,4600.0,19.0,3099999.9999999995,7.3E-5,0.27,0.27,0.0,280.0,42.0,1.6E-15,3.3E-4,3.5E-13,1.9E7,1.0,5.2E8,
6.6000000000000005E-37,0.35,590.0,2400.0,4800.0,3099999.9999999995,4600.0,2900.0,3400.0,6500.0,4600.0,19.0,3099999.9999999995,6.3E-5,0.27,0.27,0.0,280.0,42.0,9.0E-17,3.3E-4,1.3E-13,2.0E7,1.0,5.2E8,
6.6000000000000005E-37,0.35,590.0,2400.0,4800.0,3099999.9999999995,4600.0,2900.0,3400.0,6500.0,4600.0,19.0,3099999.9999999995,5.4E-5,0.27,0.27,0.0,280.0,42.0,2.8E-18,3.3E-4,6.6E-14,2.2E7,1.0,5.2E8,
6.6000000000000005E-37,0.35,590.0,2400.0,4800.0,3099999.9999999995,4600.0,2900.0,3400.0,6500.0,4600.0,19.0,3099999.9999999995,6.2E-5,0.27,0.27,0.0,280.0,42.0,2.9E-20,3.3E-4,4.5E-14,2.1E7,1.0,5.2E8,
6.6000000000000005E-37,0.35,590.0,2400.0,4800.0,3099999.9999999995,4600.0,2900.0,3400.0,6500.0,4600.0,19.0,3099999.9999999995,7.2E-5,0.27,0.27,0.0,280.0,42.0,7.6E-23,3.3E-4,4.5E-14,1.9E7,1.0,5.2E8,
1.5E-36,0.54,1900.0,4000.0,7400.0,3199999.9999999995,4600.0,2900.0,3400.0,6500.0,4600.0,19.0,3299999.9999999995,9.9E-5,0.29,0.29,0.0,280.0,51.0,18.0,3.4E-4,2.7E-10,1.9E7,1.0,5.2E8,
1.5E-36,0.53,1900.0,3900.0,7400.0,3099999.9999999995,4600.0,2900.0,3300.0,6500.0,4600.0,19.0,3099999.9999999995,1.2E-4,0.29,0.29,0.0,270.0,51.0,0.13,3.4E-4,9.9E-11,1.7E7,1.0,5.2E8,
1.5E-36,0.53,1900.0,3900.0,7400.0,3099999.9999999995,4600.0,2900.0,3300.0,6500.0,4600.0,19.0,3099999.9999999995,1.3E-4,0.29,0.29,0.0,270.0,51.0,3.4E-4,3.4E-4,3.0E-11,1.7E7,1.0,5.2E8,
1.5E-36,0.53,1900.0,3900.0,7400.0,3099999.9999999995,4600.0,2900.0,3300.0,6500.0,4600.0,19.0,3099999.9999999995,1.3E-4,0.29,0.29,0.0,270.0,51.0,9.0E-7,3.4E-4,9.1E-12,1.7E7,1.0,5.2E8,
1.5E-36,0.53,1900.0,3900.0,7400.0,3099999.9999999995,4600.0,2900.0,3300.0,6500.0,4600.0,19.0,3099999.9999999995,1.2E-4,0.29,0.29,0.0,270.0,51.0,2.4E-9,3.4E-4,2.8E-12,1.7E7,1.0,5.2E8,
1.7999999999999998E-35,5.0,41000.0,130000.0,19000.0,3399999.9999999995,4600.0,2900.0,3300.0,14000.0,4600.0,19.0,3599999.9999999995,23.0,0.85,0.85,0.0,270.0,55.0,1300.0,3.7E-4,1.5E-8,1.8E7,1.0,5.2E8,
1.0E-35,2.9,3500.0,83000.0,1400.0,3299999.9999999995,4600.0,2900.0,3300.0,14000.0,4600.0,19.0,3499999.9999999995,7.0E-5,0.61,0.61,0.0,270.0,29.0,75.0,3.7E-4,4.7E-9,1.7E7,1.0,5.2E8,
5.4E-36,1.7,4800.0,55000.0,3000.0,3399999.9999999995,4600.0,2900.0,3300.0,1400.0,4600.0,19.0,3499999.9999999995,6.9,0.42,0.42,0.0,270.0,29.0,1.5,3.7E-4,9.1E-9,1.6E7,1.0,5.2E8,
9.4E-37,0.29,4800.0,4400.0,3000.0,3199999.9999999995,4600.0,2900.0,3300.0,1400.0,4600.0,19.0,3299999.9999999995,1.1E-4,0.26,0.26,0.0,270.0,35.0,0.21,3.7E-4,1.1E-9,1.6E7,1.0,5.2E8,
9.3E-37,0.29,4800.0,4400.0,3000.0,3099999.9999999995,4600.0,2900.0,3300.0,1400.0,4600.0,19.0,3099999.9999999995,1.2E-4,0.26,0.26,0.0,270.0,34.0,0.004,3.7E-4,4.7E-10,1.5E7,1.0,5.2E8,
9.3E-37,0.29,4800.0,4400.0,3000.0,3099999.9999999995,4600.0,2900.0,3300.0,1400.0,4600.0,19.0,3099999.9999999995,1.3E-4,0.26,0.26,0.0,260.0,34.0,1.1E-5,3.7E-4,1.4E-10,1.5E7,1.0,5.2E8,
9.3E-37,0.29,4800.0,4400.0,3000.0,3099999.9999999995,4600.0,2900.0,3300.0,1400.0,4600.0,19.0,3099999.9999999995,1.2E-4,0.26,0.26,0.0,260.0,34.0,2.8E-8,3.7E-4,4.3E-11,1.5E7,1.0,5.2E8,
9.3E-37,0.29,4800.0,4400.0,3000.0,3099999.9999999995,4600.0,2900.0,3300.0,1400.0,4600.0,19.0,3099999.9999999995,1.1E-4,0.26,0.26,0.0,260.0,34.0,7.3E-11,3.7E-4,1.3E-11,1.5E7,1.0,5.2E8,
9.3E-37,0.29,4800.0,4400.0,3000.0,3099999.9999999995,4600.0,2900.0,3300.0,1400.0,4600.0,19.0,3099999.9999999995,9.5E-5,0.26,0.26,0.0,260.0,34.0,1.9E-13,3.7E-4,4.0E-12,1.6E7,1.0,5.2E8,
9.3E-37,0.29,4800.0,4400.0,3000.0,3099999.9999999995,4600.0,2900.0,3300.0,1400.0,4600.0,19.0,3099999.9999999995,8.1E-5,0.26,0.26,0.0,250.0,34.0,5.4E-16,3.7E-4,1.2E-12,1.7E7,1.0,5.2E8,
9.3E-37,0.29,4800.0,4400.0,3000.0,3099999.9999999995,4600.0,2900.0,3300.0,1400.0,4600.0,19.0,3099999.9999999995,6.8E-5,0.26,0.26,0.0,250.0,34.0,5.4E-18,3.7E-4,4.1E-13,1.8E7,1.0,5.2E8,
9.3E-37,0.29,4800.0,4400.0,3000.0,3099999.9999999995,4600.0,2900.0,3300.0,1400.0,4600.0,19.0,3099999.9999999995,5.8E-5,0.26,0.26,0.0,250.0,34.0,1.1E-20,3.7E-4,1.5E-13,1.9E7,1.0,5.2E8,
9.3E-37,0.29,4800.0,4400.0,3000.0,3099999.9999999995,4600.0,2900.0,3300.0,1400.0,4600.0,19.0,3099999.9999999995,4.9E-5,0.26,0.26,0.0,240.0,34.0,2.1E-23,3.7E-4,7.3E-14,2.1E7,1.0,5.2E8,
9.3E-37,0.29,4800.0,4400.0,3000.0,3099999.9999999995,4600.0,2900.0,3300.0,1400.0,4600.0,19.0,3099999.9999999995,6.3E-5,0.26,0.26,0.0,240.0,34.0,5.5E-26,3.7E-4,5.1E-14,1.9E7,1.0,5.2E8,
9.3E-37,0.29,4800.0,4400.0,3000.0,3099999.9999999995,4600.0,2900.0,3300.0,1400.0,4600.0,19.0,3099999.9999999995,6.8E-5,0.26,0.26,0.0,240.0,34.0,1.4000000000000001E-28,3.7E-4,4.9E-14,1.8E7,1.0,5.2E8,
9.3E-37,0.29,4800.0,4400.0,3000.0,3099999.9999999995,4600.0,2900.0,3300.0,1400.0,4600.0,19.0,3099999.9999999995,6.7E-5,0.26,0.26,0.0,240.0,34.0,3.8E-31,3.7E-4,4.9E-14,1.8E7,1.0,5.2E8,
9.3E-37,0.29,4800.0,4400.0,3000.0,3099999.9999999995,4600.0,2900.0,3300.0,1400.0,4600.0,19.0,3099999.9999999995,6.2E-5,0.26,0.26,0.0,240.0,34.0,1.0E-33,3.7E-4,4.7E-14,1.9E7,1.0,5.2E8,
9.3E-37,0.29,4800.0,4400.0,3000.0,3099999.9999999995,4600.0,2900.0,3300.0,1400.0,4600.0,19.0,3099999.9999999995,5.6E-5,0.26,0.26,0.0,230.0,34.0,1.0E-35,3.7E-4,4.3E-14,2.0E7,1.0,5.2E8,
9.3E-37,0.29,4800.0,4400.0,3000.0,3099999.9999999995,4600.0,2900.0,3300.0,1400.0,4600.0,19.0,3099999.9999999995,4.9E-5,0.26,0.26,0.0,230.0,34.0,2.2E-36,3.7E-4,3.9E-14,2.1E7,1.0,5.2E8,
9.3E-37,0.29,4800.0,4400.0,3000.0,3099999.9999999995,4600.0,2900.0,3300.0,1400.0,4600.0,19.0,3099999.9999999995,4.2E-5,0.26,0.26,0.0,230.0,34.0,4.6E-37,3.7E-4,3.4E-14,2.2E7,1.0,5.2E8,
9.3E-37,0.29,4800.0,4400.0,3000.0,3099999.9999999995,4600.0,2900.0,3300.0,1400.0,4600.0,19.0,3099999.9999999995,3.7E-5,0.26,0.26,0.0,230.0,34.0,0.0,3.7E-4,3.0E-14,2.3E7,1.0,5.2E8,
9.3E-37,0.29,4800.0,4400.0,3000.0,3099999.9999999995,4600.0,2900.0,3300.0,1400.0,4600.0,19.0,3099999.9999999995,4.3E-5,0.26,0.26,0.0,230.0,34.0,1.4E-38,3.7E-4,2.9E-14,2.2E7,1.0,5.2E8,
9.3E-37,0.29,4800.0,4400.0,3000.0,3099999.9999999995,4600.0,2900.0,3300.0,1400.0,4600.0,19.0,3099999.9999999995,5.1E-5,0.26,0.26,0.0,220.0,34.0,3.8E-41,3.7E-4,3.3E-14,2.0E7,1.0,5.2E8,
9.3E-37,0.29,4800.0,4400.0,3000.0,3099999.9999999995,4600.0,2900.0,3300.0,1400.0,4600.0,19.0,3099999.9999999995,5.3E-5,0.26,0.26,0.0,220.0,34.0,9.900000000000002E-44,3.7E-4,3.6E-14,2.0E7,1.0,5.2E8,
9.3E-37,0.29,4800.0,4400.0,3000.0,3099999.9999999995,4600.0,2900.0,3300.0,1400.0,4600.0,19.0,3099999.9999999995,5.1E-5,0.26,0.26,0.0,220.0,34.0,2.5999999999999998E-46,3.7E-4,3.7E-14,2.0E7,1.0,5.2E8,
9.3E-37,0.29,4800.0,4400.0,3000.0,3099999.9999999995,4600.0,2900.0,3300.0,1400.0,4600.0,19.0,3099999.9999999995,4.7E-5,0.26,0.26,0.0,220.0,34.0,8.599999999999999E-49,3.7E-4,3.6E-14,2.1E7,1.0,5.2E8,
9.3E-37,0.29,4800.0,4400.0,3000.0,3099999.9999999995,4600.0,2900.0,3300.0,1400.0,4600.0,19.0,3099999.9999999995,4.2E-5,0.26,0.26,0.0,220.0,34.0,1.5999999999999998E-49,3.7E-4,3.3E-14,2.2E7,1.0,5.2E8,
9.3E-37,0.29,4800.0,4400.0,3000.0,3099999.9999999995,4600.0,2900.0,3300.0,1400.0,4600.0,19.0,3099999.9999999995,3.7E-5,0.26,0.26,0.0,220.0,34.0,6.7E-51,3.7E-4,3.0E-14,2.3E7,1.0,5.2E8,
9.3E-37,0.29,4800.0,4400.0,3000.0,3099999.9999999995,4600.0,2900.0,3300.0,1400.0,4600.0,19.0,3099999.9999999995,3.3E-5,0.26,0.26,0.0,210.0,34.0,0.0,3.7E-4,2.6E-14,2.4E7,1.0,5.2E8,
9.3E-37,0.29,4800.0,4400.0,3000.0,3099999.9999999995,4600.0,2900.0,3300.0,1400.0,4600.0,19.0,3099999.9999999995,3.4E-5,0.26,0.26,0.0,210.0,34.0,0.0,3.7E-4,2.4E-14,2.4E7,1.0,5.2E8,
9.3E-37,0.29,4800.0,4400.0,3000.0,3099999.9999999995,4600.0,2900.0,3300.0,1400.0,4600.0,19.0,3099999.9999999995,4.3E-5,0.26,0.26,0.0,210.0,34.0,0.0,3.7E-4,2.7E-14,2.2E7,1.0,5.2E8,
9.3E-37,0.29,4800.0,4400.0,3000.0,3099999.9999999995,4600.0,2900.0,3300.0,1400.0,4600.0,19.0,3099999.9999999995,4.7E-5,0.26,0.26,0.0,210.0,34.0,0.0,3.7E-4,3.1E-14,2.1E7,1.0,5.2E8,
9.3E-37,0.29,4800.0,4400.0,3000.0,3099999.9999999995,4600.0,2900.0,3300.0,1400.0,4600.0,19.0,3099999.9999999995,4.7E-5,0.26,0.26,0.0,210.0,34.0,0.0,3.7E-4,3.3E-14,2.1E7,1.0,5.2E8,
9.3E-37,0.29,4800.0,4400.0,3000.0,3099999.9999999995,4600.0,2900.0,3300.0,1400.0,4600.0,19.0,3099999.9999999995,4.4E-5,0.26,0.26,0.0,210.0,34.0,0.0,3.7E-4,3.3E-14,2.1E7,1.0,5.2E8,
9.3E-37,0.29,4800.0,4400.0,3000.0,3099999.9999999995,4600.0,2900.0,3300.0,1400.0,4600.0,19.0,3099999.9999999995,4.0E-5,0.26,0.26,0.0,210.0,34.0,0.0,3.7E-4,3.1E-14,2.2E7,1.0,5.2E8,
9.3E-37,0.29,4800.0,4400.0,3000.0,3099999.9999999995,4600.0,2900.0,3300.0,1400.0,4600.0,19.0,3099999.9999999995,3.6E-5,0.26,0.26,0.0,200.0,34.0,0.0,3.7E-4,2.8E-14,2.3E7,1.0,5.2E8,
9.3E-37,0.29,4800.0,4400.0,3000.0,3099999.9999999995,4600.0,2900.0,3300.0,1400.0,4600.0,19.0,3099999.9999999995,3.2E-5,0.26,0.26,0.0,200.0,34.0,0.0,3.7E-4,2.5E-14,2.4E7,1.0,5.2E8,
9.3E-37,0.29,4800.0,4400.0,3000.0,3099999.9999999995,4600.0,2900.0,3300.0,1400.0,4600.0,19.0,3099999.9999999995,2.8E-5,0.26,0.26,0.0,200.0,34.0,0.0,3.7E-4,2.2E-14,2.5E7,1.0,5.2E8,
9.3E-37,0.29,4800.0,4400.0,3000.0,3099999.9999999995,4600.0,2900.0,3300.0,1400.0,4600.0,19.0,3099999.9999999995,3.8E-5,0.26,0.26,0.0,190.0,34.0,0.0,3.7E-4,2.4E-14,2.3E7,1.0,5.2E8,
9.3E-37,0.29,4800.0,4400.0,3000.0,3099999.9999999995,4600.0,2900.0,3300.0,1400.0,4600.0,19.0,3099999.9999999995,4.3E-5,0.26,0.26,0.0,190.0,34.0,0.0,3.7E-4,2.8E-14,2.2E7,1.0,5.2E8,
9.3E-37,0.29,4800.0,4400.0,3000.0,3099999.9999999995,4600.0,2900.0,3300.0,1400.0,4600.0,19.0,3099999.9999999995,4.5E-5,0.26,0.26,0.0,190.0,34.0,0.0,3.7E-4,3.1E-14,2.1E7,1.0,5.2E8,
9.3E-37,0.29,4800.0,4400.0,3000.0,3099999.9999999995,4600.0,2900.0,3300.0,1400.0,4600.0,19.0,3099999.9999999995,4.3E-5,0.26,0.26,0.0,190.0,34.0,0.0,3.7E-4,3.1E-14,2.2E7,1.0,5.2E8,
9.3E-37,0.29,4800.0,4400.0,3000.0,3099999.9999999995,4600.0,2900.0,3300.0,1400.0,4600.0,19.0,3099999.9999999995,4.0E-5,0.26,0.26,0.0,190.0,34.0,0.0,3.7E-4,3.0E-14,2.2E7,1.0,5.2E8,
9.3E-37,0.29,4800.0,4400.0,3000.0,3099999.9999999995,4600.0,2900.0,3300.0,1400.0,4600.0,19.0,3099999.9999999995,3.5E-5,0.26,0.26,0.0,190.0,34.0,0.0,3.7E-4,2.8E-14,2.3E7,1.0,5.2E8,
9.3E-37,0.29,4800.0,4400.0,3000.0,3099999.9999999995,4600.0,2900.0,3300.0,1400.0,4600.0,19.0,3099999.9999999995,3.2E-5,0.26,0.26,0.0,190.0,34.0,0.0,3.7E-4,2.5E-14,2.4E7,1.0,5.2E8,
9.3E-37,0.29,4800.0,4400.0,3000.0,3099999.9999999995,4600.0,2900.0,3300.0,1400.0,4600.0,19.0,3099999.9999999995,2.8E-5,0.26,0.26,0.0,190.0,34.0,0.0,3.7E-4,2.2E-14,2.5E7,1.0,5.2E8,
9.3E-37,0.29,4800.0,4400.0,3000.0,3099999.9999999995,4600.0,2900.0,3300.0,1400.0,4600.0,19.0,3099999.9999999995,3.3E-5,0.26,0.26,0.0,190.0,34.0,0.0,3.7E-4,2.2E-14,2.4E7,1.0,5.2E8,
9.3E-37,0.29,4800.0,4400.0,3000.0,3099999.9999999995,4600.0,2900.0,3300.0,1400.0,4600.0,19.0,3099999.9999999995,4.1E-5,0.26,0.26,0.0,190.0,34.0,0.0,3.7E-4,2.6E-14,2.2E7,1.0,5.2E8,
9.3E-37,0.29,4800.0,4400.0,3000.0,3099999.9999999995,4600.0,2900.0,3300.0,1400.0,4600.0,19.0,3099999.9999999995,4.3E-5,0.26,0.26,0.0,180.0,34.0,0.0,3.7E-4,2.9E-14,2.2E7,1.0,5.2E8,
2.9E-36,1.0,17000.0,39000.0,7000.0,3599999.9999999995,9100.0,2900.0,3300.0,1400.0,4600.0,19.0,3599999.9999999995,2.0,0.33,0.33,0.0,200.0,39.0,2.7999999999999997E-29,4.0E-4,4.7E-9,2.2E7,1.0,5.2E8,
6.6000000000000005E-37,0.23,4500.0,820.0,6900.0,3399999.9999999995,1500.0,2900.0,3300.0,1400.0,4600.0,19.0,3399999.9999999995,6.3E-5,0.23,0.23,0.0,200.0,40.0,5.399999999999999E-31,4.0E-4,4.8E-10,2.0E7,1.0,5.2E8,
6.4E-37,0.22,4500.0,810.0,6900.0,3099999.9999999995,1500.0,2800.0,3300.0,1400.0,4600.0,19.0,3199999.9999999995,7.7E-5,0.22,0.22,0.0,210.0,39.0,3.8E-33,3.9E-4,1.7E-10,1.9E7,1.0,5.2E8,
6.4E-37,0.22,4500.0,810.0,6900.0,3099999.9999999995,1500.0,2800.0,3300.0,1400.0,4600.0,19.0,3099999.9999999995,9.2E-5,0.22,0.22,0.0,200.0,39.0,2.7E-35,3.9E-4,6.3E-11,1.7E7,1.0,5.2E8,
6.4E-37,0.22,4500.0,810.0,6900.0,3099999.9999999995,1500.0,2800.0,3300.0,1400.0,4600.0,19.0,3099999.9999999995,9.9E-5,0.22,0.22,0.0,200.0,39.0,6.9E-38,3.9E-4,1.9E-11,1.7E7,1.0,5.2E8,
6.4E-37,0.22,4500.0,810.0,6900.0,3099999.9999999995,1500.0,2800.0,3300.0,1400.0,4600.0,19.0,3099999.9999999995,9.6E-5,0.22,0.22,0.0,200.0,39.0,1.8E-40,3.9E-4,5.8E-12,1.7E7,1.0,5.2E8,
6.4E-37,0.22,4500.0,810.0,6900.0,3099999.9999999995,1500.0,2800.0,3300.0,1400.0,4600.0,19.0,3099999.9999999995,8.7E-5,0.22,0.22,0.0,200.0,39.0,4.699999999999999E-43,3.9E-4,1.8E-12,1.8E7,1.0,5.2E8,
6.4E-37,0.22,4500.0,810.0,6900.0,3099999.9999999995,1500.0,2800.0,3300.0,1400.0,4600.0,19.0,3099999.9999999995,7.7E-5,0.22,0.22,0.0,200.0,39.0,1.2E-45,3.9E-4,5.8E-13,1.8E7,1.0,5.2E8,
6.4E-37,0.22,4500.0,810.0,6900.0,3099999.9999999995,1500.0,2800.0,3300.0,1400.0,4600.0,19.0,3099999.9999999995,6.7E-5,0.22,0.22,0.0,200.0,39.0,3.2000000000000004E-48,3.9E-4,2.1E-13,2.0E7,1.0,5.2E8,
6.4E-37,0.22,4500.0,810.0,6900.0,3099999.9999999995,1500.0,2800.0,3300.0,1400.0,4600.0,19.0,3099999.9999999995,5.7E-5,0.22,0.22,0.0,190.0,39.0,6.0E-51,3.9E-4,9.6E-14,2.1E7,1.0,5.2E8,
6.4E-37,0.22,4500.0,810.0,6900.0,3099999.9999999995,1500.0,2800.0,3300.0,1400.0,4600.0,19.0,3099999.9999999995,4.9E-5,0.22,0.22,0.0,190.0,39.0,0.0,3.9E-4,5.7E-14,2.2E7,1.0,5.2E8,
6.4E-37,0.22,4500.0,810.0,6900.0,3099999.9999999995,1500.0,2800.0,3300.0,1400.0,4600.0,19.0,3099999.9999999995,5.3E-5,0.22,0.22,0.0,190.0,39.0,0.0,3.9E-4,4.3E-14,2.1E7,1.0,5.2E8,
6.4E-37,0.22,4500.0,810.0,6900.0,3099999.9999999995,1500.0,2800.0,3300.0,1400.0,4600.0,19.0,3099999.9999999995,6.4E-5,0.22,0.22,0.0,190.0,39.0,0.0,3.9E-4,4.5E-14,2.0E7,1.0,5.2E8,
6.4E-37,0.22,4500.0,810.0,6900.0,3099999.9999999995,1500.0,2800.0,3300.0,1400.0,4600.0,19.0,3099999.9999999995,6.7E-5,0.22,0.22,0.0,190.0,39.0,0.0,3.9E-4,4.9E-14,1.9E7,1.0,5.2E8,
6.4E-37,0.22,4500.0,810.0,6900.0,3099999.9999999995,1500.0,2800.0,3300.0,1400.0,4600.0,19.0,3099999.9999999995,6.5E-5,0.22,0.22,0.0,190.0,39.0,0.0,3.9E-4,5.0E-14,2.0E7,1.0,5.2E8,
6.4E-37,0.22,4500.0,810.0,6900.0,3099999.9999999995,1500.0,2800.0,3300.0,1400.0,4600.0,19.0,3099999.9999999995,5.9E-5,0.22,0.22,0.0,190.0,39.0,0.0,3.9E-4,4.8E-14,2.0E7,1.0,5.2E8,
6.3E-37,0.22,4500.0,810.0,6900.0,3099999.9999999995,1500.0,2800.0,3300.0,1400.0,4600.0,19.0,3099999.9999999995,5.3E-5,0.22,0.22,0.0,190.0,39.0,0.0,3.9E-4,4.4E-14,2.1E7,1.0,5.2E8,
6.3E-37,0.22,4500.0,810.0,6900.0,3099999.9999999995,1500.0,2800.0,3300.0,1400.0,4600.0,19.0,3099999.9999999995,4.6E-5,0.22,0.22,0.0,190.0,39.0,0.0,3.9E-4,3.9E-14,2.2E7,1.0,5.2E8,
6.3E-37,0.22,4500.0,810.0,6900.0,3099999.9999999995,1500.0,2800.0,3300.0,1400.0,4600.0,19.0,3099999.9999999995,4.1E-5,0.22,0.22,0.0,190.0,39.0,0.0,3.9E-4,3.5E-14,2.3E7,1.0,5.2E8,
6.3E-37,0.22,4500.0,810.0,6900.0,3099999.9999999995,1500.0,2800.0,3300.0,1400.0,4600.0,19.0,3099999.9999999995,3.9E-5,0.22,0.22,0.0,190.0,39.0,0.0,3.9E-4,3.1E-14,2.4E7,1.0,5.2E8,
6.3E-37,0.22,4500.0,810.0,6900.0,3099999.9999999995,1500.0,2800.0,3300.0,1400.0,4600.0,19.0,3099999.9999999995,5.0E-5,0.22,0.22,0.0,190.0,39.0,0.0,3.9E-4,3.4E-14,2.2E7,1.0,5.2E8,
6.3E-37,0.22,4500.0,810.0,6900.0,3099999.9999999995,1500.0,2800.0,3300.0,1400.0,4600.0,19.0,3099999.9999999995,5.6E-5,0.22,0.22,0.0,190.0,39.0,0.0,3.9E-4,3.9E-14,2.1E7,1.0,5.2E8,
6.3E-37,0.22,4500.0,810.0,6900.0,3099999.9999999995,1500.0,2800.0,3300.0,1400.0,4600.0,19.0,3099999.9999999995,5.6E-5,0.22,0.22,0.0,190.0,39.0,0.0,3.9E-4,4.2E-14,2.1E7,1.0,5.2E8,
6.3E-37,0.22,4500.0,810.0,6900.0,3099999.9999999995,1500.0,2800.0,3300.0,1400.0,4600.0,19.0,3099999.9999999995,5.3E-5,0.22,0.22,0.0,180.0,39.0,0.0,3.9E-4,4.1E-14,2.1E7,1.0,5.2E8,
6.3E-37,0.22,4500.0,810.0,6900.0,3099999.9999999995,1500.0,2800.0,3300.0,1400.0,4600.0,19.0,3099999.9999999995,4.8E-5,0.22,0.22,0.0,180.0,39.0,0.0,3.9E-4,3.9E-14,2.2E7,1.0,5.2E8,
2.4E-36,0.94,1300.0,41000.0,14000.0,3399999.9999999995,1500.0,2800.0,3300.0,1400.0,4600.0,19.0,3499999.9999999995,1.6,0.29,0.29,0.0,190.0,47.0,0.0,4.1E-4,5.0E-9,2.3E7,1.0,5.2E8,
2.9E-37,0.12,1300.0,3000.0,1000.0,3099999.9999999995,1500.0,2800.0,3300.0,1400.0,4600.0,19.0,3099999.9999999995,1.7E-5,0.18,0.18,0.0,190.0,12.0,0.0,4.1E-4,2.8E-10,2.1E7,1.0,5.2E8,
2.9E-37,0.12,1300.0,3000.0,1000.0,3099999.9999999995,1500.0,2800.0,3300.0,1400.0,4600.0,19.0,3099999.9999999995,2.1E-5,0.18,0.18,0.0,190.0,12.0,0.0,4.1E-4,8.4E-11,1.9E7,1.0,5.2E8,
2.9E-37,0.12,1300.0,3000.0,1000.0,3099999.9999999995,1500.0,2800.0,3300.0,1400.0,4600.0,19.0,3099999.9999999995,2.3E-5,0.18,0.18,0.0,190.0,12.0,0.0,4.1E-4,2.5E-11,1.9E7,1.0,5.2E8,
2.9E-37,0.12,1300.0,3000.0,1000.0,3099999.9999999995,1500.0,2800.0,3300.0,1400.0,4600.0,19.0,3099999.9999999995,2.2E-5,0.18,0.18,0.0,180.0,12.0,0.0,4.1E-4,7.6E-12,1.9E7,1.0,5.2E8,
2.9E-37,0.12,1300.0,3000.0,1000.0,3099999.9999999995,1500.0,2800.0,3300.0,1400.0,4600.0,19.0,3099999.9999999995,2.0E-5,0.18,0.18,0.0,180.0,12.0,0.0,4.1E-4,2.3E-12,1.9E7,1.0,5.2E8,
2.9E-37,0.12,1300.0,3000.0,1000.0,3099999.9999999995,1500.0,2800.0,3300.0,1400.0,4600.0,19.0,3099999.9999999995,1.8E-5,0.18,0.18,0.0,180.0,12.0,0.0,4.1E-4,7.0E-13,2.0E7,1.0,5.2E8,
2.9E-37,0.12,1300.0,3000.0,1000.0,3099999.9999999995,1500.0,2800.0,3300.0,1400.0,4600.0,19.0,3099999.9999999995,1.6E-5,0.18,0.18,0.0,180.0,12.0,0.0,4.1E-4,2.2E-13,2.1E7,1.0,5.2E8,
2.9E-37,0.12,1300.0,3000.0,1000.0,3099999.9999999995,1500.0,2800.0,3300.0,1400.0,4600.0,19.0,3099999.9999999995,1.4E-5,0.18,0.18,0.0,180.0,12.0,0.0,4.1E-4,7.5E-14,2.2E7,1.0,5.2E8,
2.9E-37,0.12,1300.0,3000.0,1000.0,3099999.9999999995,1500.0,2800.0,3300.0,1400.0,4600.0,19.0,3099999.9999999995,1.2E-5,0.18,0.18,0.0,180.0,12.0,0.0,4.1E-4,3.0E-14,2.3E7,1.0,5.2E8,
2.9E-37,0.12,1300.0,3000.0,1000.0,3099999.9999999995,1500.0,2800.0,3300.0,1400.0,4600.0,19.0,3099999.9999999995,1.5E-5,0.18,0.18,0.0,180.0,12.0,0.0,4.1E-4,1.6E-14,2.2E7,1.0,5.2E8,
2.9E-37,0.12,1300.0,3000.0,1000.0,3099999.9999999995,1500.0,2800.0,3300.0,1400.0,4600.0,19.0,3099999.9999999995,1.8E-5,0.18,0.18,0.0,180.0,12.0,0.0,4.1E-4,1.4E-14,2.0E7,1.0,5.2E8,
2.9E-37,0.12,1300.0,3000.0,1000.0,3099999.9999999995,1500.0,2800.0,3300.0,1400.0,4600.0,19.0,3099999.9999999995,1.8E-5,0.18,0.18,0.0,180.0,12.0,0.0,4.1E-4,1.4E-14,2.0E7,1.0,5.2E8,
2.9E-37,0.12,1300.0,3000.0,1000.0,3099999.9999999995,1500.0,2800.0,3300.0,1400.0,4600.0,19.0,3099999.9999999995,1.7E-5,0.18,0.18,0.0,180.0,12.0,0.0,4.1E-4,1.4E-14,2.1E7,1.0,5.2E8,
2.9E-37,0.12,1300.0,3000.0,1000.0,3099999.9999999995,1500.0,2800.0,3300.0,1400.0,4600.0,19.0,3099999.9999999995,1.6E-5,0.18,0.18,0.0,180.0,12.0,0.0,4.1E-4,1.3E-14,2.1E7,1.0,5.2E8,
2.9E-37,0.12,1300.0,3000.0,1000.0,3099999.9999999995,1500.0,2800.0,3300.0,1400.0,4600.0,19.0,3099999.9999999995,1.4E-5,0.18,0.18,0.0,180.0,12.0,0.0,4.1E-4,1.2E-14,2.2E7,1.0,5.2E8,
2.9E-37,0.12,1300.0,3000.0,1000.0,3099999.9999999995,1500.0,2800.0,3300.0,1400.0,4600.0,19.0,3099999.9999999995,1.2E-5,0.18,0.18,0.0,170.0,12.0,0.0,4.1E-4,1.1E-14,2.3E7,1.0,5.2E8,
2.9E-37,0.12,1300.0,3000.0,1000.0,3099999.9999999995,1500.0,2800.0,3300.0,1400.0,4600.0,19.0,3099999.9999999995,1.1E-5,0.18,0.18,0.0,170.0,12.0,0.0,4.1E-4,9.7E-15,2.4E7,1.0,5.2E8,
2.9E-37,0.12,1300.0,3000.0,1000.0,3099999.9999999995,1500.0,2800.0,3300.0,1400.0,4600.0,19.0,3099999.9999999995,1.2E-5,0.18,0.18,0.0,170.0,12.0,0.0,4.1E-4,9.1E-15,2.3E7,1.0,5.2E8,
2.9E-37,0.12,1300.0,3000.0,1000.0,3099999.9999999995,1500.0,2800.0,3300.0,1400.0,4600.0,19.0,3099999.9999999995,1.5E-5,0.18,0.18,0.0,170.0,12.0,0.0,4.1E-4,1.0E-14,2.2E7,1.0,5.2E8,
2.9E-37,0.12,1300.0,3000.0,1000.0,3099999.9999999995,1500.0,2800.0,3300.0,1400.0,4600.0,19.0,3099999.9999999995,1.6E-5,0.18,0.18,0.0,170.0,12.0,0.0,4.1E-4,1.2E-14,2.1E7,1.0,5.2E8,
2.9E-37,0.12,1300.0,3000.0,1000.0,3099999.9999999995,1500.0,2800.0,3300.0,1400.0,4600.0,19.0,3099999.9999999995,1.6E-5,0.18,0.18,0.0,170.0,12.0,0.0,4.1E-4,1.3E-14,2.1E7,1.0,5.2E8,
2.9E-37,0.12,1300.0,3000.0,1000.0,3099999.9999999995,1500.0,2800.0,3300.0,1400.0,4600.0,19.0,3099999.9999999995,1.5E-5,0.18,0.18,0.0,170.0,12.0,0.0,4.1E-4,1.2E-14,2.2E7,1.0,5.2E8,
2.9E-37,0.12,1300.0,3000.0,1000.0,3099999.9999999995,1500.0,2800.0,3300.0,1400.0,4600.0,19.0,3099999.9999999995,1.4E-5,0.18,0.18,0.0,160.0,12.0,0.0,4.1E-4,1.2E-14,2.3E7,1.0,5.2E8,
2.9E-37,0.12,1300.0,3000.0,1000.0,3099999.9999999995,1500.0,2800.0,3300.0,1400.0,4600.0,19.0,3099999.9999999995,1.2E-5,0.18,0.18,0.0,160.0,12.0,0.0,4.1E-4,1.0E-14,2.3E7,1.0,5.2E8,
2.9E-37,0.12,1300.0,3000.0,1000.0,3099999.9999999995,1500.0,2800.0,3300.0,1400.0,4600.0,19.0,3099999.9999999995,1.1E-5,0.18,0.18,0.0,160.0,12.0,0.0,4.1E-4,9.4E-15,2.5E7,1.0,5.2E8,
2.9E-37,0.12,1300.0,3000.0,1000.0,3099999.9999999995,1500.0,2800.0,3300.0,1400.0,4600.0,19.0,3099999.9999999995,1.0E-5,0.18,0.18,0.0,160.0,12.0,0.0,4.1E-4,8.4E-15,2.5E7,1.0,5.2E8,
2.9E-37,0.12,1300.0,3000.0,1000.0,3099999.9999999995,1500.0,2800.0,3300.0,1400.0,4600.0,19.0,3099999.9999999995,1.3E-5,0.18,0.18,0.0,160.0,12.0,0.0,4.1E-4,9.3E-15,2.3E7,1.0,5.2E8,
2.9E-37,0.12,1300.0,3000.0,1000.0,3099999.9999999995,1500.0,2800.0,3300.0,1400.0,4600.0,19.0,3099999.9999999995,1.5E-5,0.18,0.18,0.0,160.0,12.0,0.0,4.1E-4,1.1E-14,2.2E7,1.0,5.2E8,
2.9E-37,0.12,1300.0,3000.0,1000.0,3099999.9999999995,1500.0,2800.0,3300.0,1400.0,4600.0,19.0,3099999.9999999995,1.5E-5,0.18,0.18,0.0,160.0,12.0,0.0,4.1E-4,1.2E-14,2.1E7,1.0,5.2E8,
2.9E-37,0.12,1300.0,3000.0,1000.0,3099999.9999999995,1500.0,2800.0,3300.0,1400.0,4600.0,19.0,3099999.9999999995,1.5E-5,0.18,0.18,0.0,160.0,12.0,0.0,4.1E-4,1.2E-14,2.2E7,1.0,5.2E8,
7.5E-37,0.32,6500.0,7700.0,6000.0,3499999.9999999995,4100.0,2800.0,3300.0,1400.0,5700.0,19.0,3599999.9999999995,0.038,0.25,0.25,0.0,180.0,17.0,0.0,4.7E-4,5.5E-11,2.3E7,1.0,5.2E8,
4.2E-37,0.18,6500.0,100.0,5900.0,3499999.9999999995,4100.0,2800.0,3300.0,1400.0,5600.0,19.0,3499999.9999999995,2.5E-5,0.23,0.23,0.0,180.0,17.0,0.0,4.7E-4,1.1E-11,2.1E7,1.0,5.2E8,
4.1E-37,0.18,6500.0,100.0,5900.0,3299999.9999999995,4100.0,2800.0,3300.0,1400.0,5600.0,19.0,3399999.9999999995,2.9E-5,0.23,0.23,0.0,180.0,17.0,0.0,4.6E-4,6.1E-12,2.0E7,1.0,5.2E8,
4.0E-37,0.17,6500.0,100.0,5900.0,3199999.9999999995,4100.0,2800.0,3300.0,1400.0,5600.0,19.0,3199999.9999999995,3.5E-5,0.22,0.22,0.0,180.0,17.0,0.0,4.6E-4,2.2E-12,1.8E7,1.0,5.2E8,
4.0E-37,0.17,6500.0,100.0,5900.0,3099999.9999999995,4100.0,2800.0,3300.0,1400.0,5600.0,19.0,3099999.9999999995,4.2E-5,0.22,0.22,0.0,180.0,16.0,0.0,4.6E-4,8.4E-13,1.7E7,1.0,5.2E8,
4.0E-37,0.17,6500.0,100.0,5900.0,3099999.9999999995,4000.0,2800.0,3300.0,1400.0,5600.0,19.0,3099999.9999999995,4.8E-5,0.22,0.22,0.0,180.0,16.0,0.0,4.6E-4,2.8E-13,1.6E7,1.0,5.2E8,
4.0E-37,0.17,6500.0,100.0,5900.0,3099999.9999999995,4000.0,2800.0,3300.0,1400.0,5600.0,19.0,3099999.9999999995,4.8E-5,0.22,0.22,0.0,180.0,16.0,0.0,4.6E-4,1.1E-13,1.6E7,1.0,5.2E8,
4.0E-37,0.17,6500.0,100.0,5900.0,3099999.9999999995,4000.0,2800.0,3300.0,1400.0,5600.0,19.0,3099999.9999999995,4.4E-5,0.22,0.22,0.0,180.0,16.0,0.0,4.6E-4,6.3E-14,1.7E7,1.0,5.2E8,
4.0E-37,0.17,6500.0,100.0,5900.0,3099999.9999999995,4000.0,2800.0,3300.0,1400.0,5600.0,19.0,3099999.9999999995,3.9E-5,0.22,0.22,0.0,180.0,16.0,0.0,4.6E-4,4.4E-14,1.7E7,1.0,5.2E8,
4.0E-37,0.17,6500.0,100.0,5900.0,3099999.9999999995,4000.0,2800.0,3300.0,1400.0,5600.0,19.0,3099999.9999999995,3.3E-5,0.22,0.22,0.0,180.0,16.0,0.0,4.6E-4,3.6E-14,1.8E7,1.0,5.2E8,
4.0E-37,0.17,6500.0,100.0,5900.0,3099999.9999999995,4000.0,2800.0,3300.0,1400.0,5600.0,19.0,3099999.9999999995,2.9E-5,0.22,0.22,0.0,180.0,16.0,0.0,4.6E-4,3.0E-14,1.9E7,1.0,5.2E8,
4.0E-37,0.17,6500.0,100.0,5900.0,3099999.9999999995,4000.0,2800.0,3300.0,1400.0,5600.0,19.0,3099999.9999999995,2.4E-5,0.22,0.22,0.0,180.0,16.0,0.0,4.6E-4,2.5E-14,2.0E7,1.0,5.2E8,
4.0E-37,0.17,6500.0,100.0,5900.0,3099999.9999999995,4000.0,2800.0,3300.0,1400.0,5600.0,19.0,3099999.9999999995,2.1E-5,0.22,0.22,0.0,170.0,16.0,0.0,4.6E-4,2.1E-14,2.2E7,1.0,5.2E8,
4.0E-37,0.17,6500.0,100.0,5900.0,3099999.9999999995,4000.0,2800.0,3300.0,1400.0,5600.0,19.0,3099999.9999999995,2.7E-5,0.22,0.22,0.0,170.0,16.0,0.0,4.6E-4,2.2E-14,2.0E7,1.0,5.2E8,
4.0E-37,0.17,6500.0,100.0,5900.0,3099999.9999999995,4000.0,2800.0,3300.0,1400.0,5600.0,19.0,3099999.9999999995,3.0E-5,0.22,0.22,0.0,170.0,16.0,0.0,4.6E-4,2.5E-14,1.9E7,1.0,5.2E8,
4.0E-37,0.17,6500.0,100.0,5900.0,3099999.9999999995,4000.0,2800.0,3300.0,1400.0,5600.0,19.0,3099999.9999999995,3.0E-5,0.22,0.22,0.0,170.0,16.0,0.0,4.6E-4,2.6E-14,1.9E7,1.0,5.2E8,
4.0E-37,0.17,6500.0,100.0,5900.0,3099999.9999999995,4000.0,2800.0,3300.0,1400.0,5600.0,19.0,3099999.9999999995,2.8E-5,0.22,0.22,0.0,170.0,16.0,0.0,4.6E-4,2.6E-14,2.0E7,1.0,5.2E8,
4.0E-37,0.17,6500.0,100.0,5900.0,3099999.9999999995,4000.0,2800.0,3300.0,1400.0,5600.0,19.0,3099999.9999999995,2.5E-5,0.22,0.22,0.0,170.0,16.0,0.0,4.6E-4,2.4E-14,2.0E7,1.0,5.2E8,
4.0E-37,0.17,6500.0,100.0,5900.0,3099999.9999999995,4000.0,2800.0,3300.0,1400.0,5600.0,19.0,3099999.9999999995,2.2E-5,0.22,0.22,0.0,160.0,16.0,0.0,4.6E-4,2.2E-14,2.1E7,1.0,5.2E8,
4.0E-37,0.17,6500.0,100.0,5900.0,3099999.9999999995,4000.0,2800.0,3300.0,1400.0,5600.0,19.0,3099999.9999999995,1.9E-5,0.22,0.22,0.0,160.0,16.0,0.0,4.6E-4,1.9E-14,2.2E7,1.0,5.2E8,
4.0E-37,0.17,6500.0,100.0,5900.0,3099999.9999999995,4000.0,2800.0,3300.0,1400.0,5600.0,19.0,3099999.9999999995,1.7E-5,0.22,0.22,0.0,160.0,16.0,0.0,4.6E-4,1.7E-14,2.3E7,1.0,5.2E8,
4.0E-37,0.17,6500.0,100.0,5900.0,3099999.9999999995,4000.0,2800.0,3300.0,1400.0,5600.0,19.0,3099999.9999999995,2.0E-5,0.22,0.22,0.0,160.0,16.0,0.0,4.6E-4,1.6E-14,2.2E7,1.0,5.2E8,
4.0E-37,0.17,6500.0,100.0,5900.0,3099999.9999999995,4000.0,2800.0,3300.0,1400.0,5600.0,19.0,3099999.9999999995,2.3E-5,0.22,0.22,0.0,160.0,16.0,0.0,4.6E-4,1.9E-14,2.1E7,1.0,5.2E8,
4.0E-37,0.17,6500.0,100.0,5900.0,3099999.9999999995,4000.0,2800.0,3300.0,1400.0,5600.0,19.0,3099999.9999999995,2.5E-5,0.22,0.22,0.0,160.0,16.0,0.0,4.6E-4,2.1E-14,2.0E7,1.0,5.2E8,
4.0E-37,0.17,6500.0,100.0,5900.0,3099999.9999999995,4000.0,2800.0,3300.0,1400.0,5600.0,19.0,3099999.9999999995,2.4E-5,0.22,0.22,0.0,160.0,16.0,0.0,4.6E-4,2.1E-14,2.1E7,1.0,5.2E8,
4.0E-37,0.17,6500.0,100.0,5900.0,3099999.9999999995,4000.0,2800.0,3300.0,1400.0,5600.0,19.0,3099999.9999999995,2.2E-5,0.22,0.22,0.0,160.0,16.0,0.0,4.6E-4,2.1E-14,2.1E7,1.0,5.2E8,
4.0E-37,0.17,6500.0,100.0,5900.0,3099999.9999999995,4000.0,2800.0,3300.0,1400.0,5600.0,19.0,3099999.9999999995,2.0E-5,0.22,0.22,0.0,160.0,16.0,0.0,4.6E-4,1.9E-14,2.2E7,1.0,5.2E8,
4.0E-37,0.17,6500.0,100.0,5900.0,3099999.9999999995,4000.0,2800.0,3300.0,1400.0,5600.0,19.0,3099999.9999999995,1.7E-5,0.22,0.22,0.0,160.0,16.0,0.0,4.6E-4,1.7E-14,2.3E7,1.0,5.2E8,
4.0E-37,0.17,6500.0,100.0,5900.0,3099999.9999999995,4000.0,2800.0,3300.0,1400.0,5600.0,19.0,3099999.9999999995,1.5E-5,0.22,0.22,0.0,160.0,16.0,0.0,4.6E-4,1.5E-14,2.4E7,1.0,5.2E8,
4.0E-37,0.17,6500.0,100.0,5900.0,3099999.9999999995,4000.0,2800.0,3300.0,1400.0,5600.0,19.0,3099999.9999999995,1.6E-5,0.22,0.22,0.0,160.0,16.0,0.0,4.6E-4,1.4E-14,2.4E7,1.0,5.2E8,
4.0E-37,0.17,6500.0,100.0,5900.0,3099999.9999999995,4000.0,2800.0,3300.0,1400.0,5600.0,19.0,3099999.9999999995,2.0E-5,0.22,0.22,0.0,160.0,16.0,0.0,4.6E-4,1.6E-14,2.2E7,1.0,5.2E8,
4.0E-37,0.17,6500.0,100.0,5900.0,3099999.9999999995,4000.0,2800.0,3300.0,1400.0,5600.0,19.0,3099999.9999999995,2.2E-5,0.22,0.22,0.0,160.0,16.0,0.0,4.6E-4,1.8E-14,2.1E7,1.0,5.2E8,
4.0E-37,0.17,6500.0,100.0,5900.0,3099999.9999999995,4000.0,2800.0,3300.0,1400.0,5600.0,19.0,3099999.9999999995,2.2E-5,0.22,0.22,0.0,150.0,16.0,0.0,4.6E-4,1.9E-14,2.1E7,1.0,5.2E8,
4.0E-37,0.17,6500.0,100.0,5900.0,3099999.9999999995,4000.0,2800.0,3300.0,1400.0,5600.0,19.0,3099999.9999999995,2.1E-5,0.22,0.22,0.0,150.0,16.0,0.0,4.6E-4,1.9E-14,2.2E7,1.0,5.2E8,
4.0E-37,0.17,6500.0,100.0,5900.0,3099999.9999999995,4000.0,2800.0,3300.0,1400.0,5600.0,19.0,3099999.9999999995,1.9E-5,0.22,0.22,0.0,150.0,16.0,0.0,4.6E-4,1.8E-14,2.2E7,1.0,5.2E8,
4.0E-37,0.17,6500.0,100.0,5900.0,3099999.9999999995,4000.0,2800.0,3300.0,1400.0,5600.0,19.0,3099999.9999999995,1.7E-5,0.22,0.22,0.0,150.0,16.0,0.0,4.6E-4,1.7E-14,2.3E7,1.0,5.2E8,
4.0E-37,0.17,6500.0,100.0,5900.0,3099999.9999999995,4000.0,2800.0,3300.0,1400.0,5600.0,19.0,3099999.9999999995,1.5E-5,0.22,0.22,0.0,150.0,16.0,0.0,4.6E-4,1.5E-14,2.4E7,1.0,5.2E8,
4.0E-37,0.17,6500.0,100.0,5900.0,3099999.9999999995,4000.0,2800.0,3300.0,1400.0,5600.0,19.0,3099999.9999999995,1.3E-5,0.22,0.22,0.0,150.0,16.0,0.0,4.6E-4,1.3E-14,2.6E7,1.0,5.2E8,
4.0E-37,0.17,6500.0,100.0,5900.0,3099999.9999999995,4000.0,2800.0,3300.0,1400.0,5600.0,19.0,3099999.9999999995,1.8E-5,0.22,0.22,0.0,150.0,16.0,0.0,4.6E-4,1.4E-14,2.3E7,1.0,5.2E8,
4.0E-37,0.17,6500.0,100.0,5900.0,3099999.9999999995,4000.0,2800.0,3300.0,1400.0,5600.0,19.0,3099999.9999999995,2.1E-5,0.22,0.22,0.0,150.0,16.0,0.0,4.6E-4,1.7E-14,2.2E7,1.0,5.2E8,
4.0E-37,0.17,6500.0,100.0,5900.0,3099999.9999999995,4000.0,2800.0,3300.0,1400.0,5600.0,19.0,3099999.9999999995,2.1E-5,0.22,0.22,0.0,150.0,16.0,0.0,4.6E-4,1.8E-14,2.1E7,1.0,5.2E8,
4.0E-37,0.17,6500.0,100.0,5900.0,3099999.9999999995,4000.0,2800.0,3300.0,1400.0,5600.0,19.0,3099999.9999999995,2.1E-5,0.22,0.22,0.0,150.0,16.0,0.0,4.6E-4,1.9E-14,2.2E7,1.0,5.2E8,
4.0E-37,0.17,6500.0,100.0,5900.0,3099999.9999999995,4000.0,2800.0,3300.0,1400.0,5600.0,19.0,3099999.9999999995,1.9E-5,0.22,0.22,0.0,150.0,16.0,0.0,4.6E-4,1.8E-14,2.2E7,1.0,5.2E8,
4.0E-37,0.17,6500.0,100.0,5900.0,3099999.9999999995,4000.0,2800.0,3300.0,1400.0,5600.0,19.0,3099999.9999999995,1.7E-5,0.22,0.22,0.0,150.0,16.0,0.0,4.7E-4,1.6E-14,2.3E7,1.0,5.2E8,
4.0E-37,0.17,6500.0,100.0,5900.0,3099999.9999999995,4000.0,2800.0,3300.0,1400.0,5600.0,19.0,3099999.9999999995,1.5E-5,0.22,0.22,0.0,150.0,16.0,0.0,4.6E-4,1.5E-14,2.4E7,1.0,5.2E8,
4.0E-37,0.17,6500.0,100.0,5900.0,3099999.9999999995,4000.0,2800.0,3300.0,1400.0,5600.0,19.0,3099999.9999999995,1.3E-5,0.22,0.22,0.0,150.0,16.0,0.0,4.7E-4,1.3E-14,2.5E7,1.0,5.2E8,
4.0E-37,0.17,6500.0,100.0,5900.0,3099999.9999999995,4000.0,2800.0,3300.0,1400.0,5600.0,19.0,3099999.9999999995,1.6E-5,0.22,0.22,0.0,150.0,16.0,0.0,4.7E-4,1.3E-14,2.4E7,1.0,5.2E8,
4.0E-37,0.17,6500.0,100.0,5900.0,3099999.9999999995,4000.0,2800.0,3300.0,1400.0,5600.0,19.0,3099999.9999999995,1.9E-5,0.22,0.22,0.0,140.0,16.0,0.0,4.7E-4,1.5E-14,2.2E7,1.0,5.2E8,
2.7E-36,1.8,36000.0,62000.0,23000.0,3799999.9999999995,7800.0,5100.0,4300.0,2100.0,13000.0,19.0,3899999.9999999995,1.4,0.61,0.61,0.0,240.0,31.0,4.899999999999999E-31,7.4E-4,2.5E-9,2.2E7,1.0,5.4E8,
2.1000000000000002E-36,1.4,3200.0,62000.0,2900.0,3799999.9999999995,7800.0,5100.0,4300.0,2100.0,13000.0,19.0,3899999.9999999995,1.4E-5,0.56,0.56,0.0,240.0,8.1,3.9000000000000004E-33,7.4E-4,7.0E-10,2.0E7,1.0,5.4E8,
1.0000000000000001E-36,0.67,3200.0,27000.0,2900.0,3699999.9999999995,250.0,5100.0,4300.0,2100.0,5300.0,19.0,3799999.9999999995,1.6E-5,0.29,0.29,0.0,240.0,8.0,2.0E-34,7.4E-4,1.9E-10,1.9E7,1.0,5.4E8,
2.3E-37,0.38,4700.0,4400.0,4400.0,3799999.9999999995,250.0,5100.0,2800.0,3600.0,5300.0,19.0,3799999.9999999995,5.2,0.23,0.23,0.0,230.0,7.9,1.0E-35,7.5E-4,6.4E-10,1.8E7,1.0,5.4E8,
2.2E-37,0.37,4700.0,4400.0,4300.0,3499999.9999999995,250.0,5100.0,2800.0,3600.0,5300.0,19.0,3499999.9999999995,3.5E-5,0.23,0.23,0.0,230.0,13.0,7.2E-38,7.5E-4,2.3E-10,1.7E7,1.0,5.4E8,
2.2E-37,0.36,4600.0,4400.0,4300.0,3199999.9999999995,250.0,5100.0,2800.0,3600.0,5300.0,19.0,3199999.9999999995,3.8E-5,0.22,0.22,0.0,230.0,12.0,3.7E-39,7.4E-4,1.2E-10,1.6E7,1.0,5.3E8,
2.2E-37,0.36,4600.0,4400.0,4300.0,3199999.9999999995,250.0,5100.0,2800.0,3600.0,5300.0,19.0,3199999.9999999995,4.3E-5,0.22,0.22,0.0,230.0,12.0,9.6E-42,7.4E-4,3.7E-11,1.5E7,1.0,5.3E8,
2.2E-37,0.36,4600.0,4400.0,4300.0,3199999.9999999995,250.0,5100.0,2800.0,3600.0,5300.0,19.0,3199999.9999999995,4.3E-5,0.22,0.22,0.0,230.0,12.0,2.5E-44,7.5E-4,1.1E-11,1.5E7,1.0,5.3E8,
2.2E-37,0.36,4600.0,4400.0,4300.0,3199999.9999999995,250.0,5100.0,2800.0,3600.0,5300.0,19.0,3199999.9999999995,4.0E-5,0.22,0.22,0.0,230.0,12.0,6.6E-47,7.5E-4,3.4E-12,1.6E7,1.0,5.3E8,
2.2E-37,0.36,4600.0,4400.0,4300.0,3199999.9999999995,250.0,5100.0,2800.0,3600.0,5300.0,19.0,3199999.9999999995,3.5E-5,0.22,0.22,0.0,230.0,12.0,1.6999999999999998E-49,7.5E-4,1.1E-12,1.7E7,1.0,5.3E8,
2.2E-37,0.36,4600.0,4400.0,4300.0,3199999.9999999995,250.0,5100.0,2800.0,3600.0,5300.0,19.0,3199999.9999999995,3.0E-5,0.22,0.22,0.0,230.0,12.0,4.7E-52,7.5E-4,3.5E-13,1.8E7,1.0,5.3E8,
2.2E-37,0.36,4600.0,4400.0,4300.0,3199999.9999999995,250.0,5100.0,2800.0,3600.0,5300.0,19.0,3199999.9999999995,2.5E-5,0.22,0.22,0.0,230.0,12.0,1.7E-54,7.4E-4,1.3E-13,1.9E7,1.0,5.3E8,
2.2E-37,0.36,4600.0,4400.0,4300.0,3099999.9999999995,250.0,5100.0,2800.0,3600.0,5300.0,19.0,3199999.9999999995,2.1E-5,0.22,0.22,0.0,230.0,12.0,4.5000000000000003E-57,7.5E-4,6.2E-14,2.0E7,1.0,5.3E8,
2.2E-37,0.36,4600.0,4400.0,4300.0,3099999.9999999995,250.0,5100.0,2800.0,3600.0,5300.0,19.0,3199999.9999999995,1.8E-5,0.22,0.22,0.0,230.0,12.0,1.5E-59,7.5E-4,3.8E-14,2.1E7,1.0,5.3E8,
2.2E-37,0.36,4600.0,4400.0,4300.0,3099999.9999999995,250.0,5100.0,2800.0,3600.0,5300.0,19.0,3199999.9999999995,2.1E-5,0.22,0.22,0.0,230.0,12.0,1.7E-61,7.5E-4,3.0E-14,2.0E7,1.0,5.3E8,
2.2E-37,0.36,4600.0,4400.0,4300.0,3099999.9999999995,250.0,5100.0,2800.0,3600.0,5300.0,19.0,3199999.9999999995,2.4E-5,0.22,0.22,0.0,230.0,12.0,4.6E-64,7.5E-4,3.1E-14,1.9E7,1.0,5.3E8,
2.2E-37,0.36,4600.0,4400.0,4300.0,3099999.9999999995,250.0,5100.0,2800.0,3600.0,5300.0,19.0,3199999.9999999995,2.4E-5,0.22,0.22,0.0,230.0,12.0,1.2E-66,7.5E-4,3.3E-14,1.9E7,1.0,5.3E8,
2.2E-37,0.36,4600.0,4400.0,4300.0,3099999.9999999995,250.0,5100.0,2800.0,3600.0,5300.0,19.0,3199999.9999999995,2.3E-5,0.22,0.22,0.0,230.0,12.0,3.1E-69,7.5E-4,3.3E-14,1.9E7,1.0,5.3E8,
2.2E-37,0.36,4600.0,4400.0,4300.0,3099999.9999999995,250.0,5100.0,2800.0,3600.0,5300.0,19.0,3199999.9999999995,2.0E-5,0.22,0.22,0.0,230.0,12.0,9.100000000000001E-72,7.5E-4,3.1E-14,2.0E7,1.0,5.3E8,
2.2E-37,0.36,4600.0,4400.0,4300.0,3099999.9999999995,250.0,5100.0,2800.0,3600.0,5300.0,19.0,3199999.9999999995,1.8E-5,0.22,0.22,0.0,230.0,12.0,5.8E-73,7.5E-4,2.8E-14,2.1E7,1.0,5.3E8,
2.2E-37,0.36,4600.0,4400.0,4300.0,3099999.9999999995,250.0,5100.0,2800.0,3600.0,5300.0,19.0,3199999.9999999995,1.6E-5,0.22,0.22,0.0,230.0,12.0,0.0,7.5E-4,2.5E-14,2.2E7,1.0,5.3E8,
2.2E-37,0.36,4600.0,4400.0,4300.0,3099999.9999999995,250.0,5100.0,2800.0,3600.0,5300.0,19.0,3199999.9999999995,1.4E-5,0.22,0.22,0.0,230.0,12.0,0.0,7.5E-4,2.1E-14,2.3E7,1.0,5.3E8,
2.2E-37,0.36,4600.0,4400.0,4300.0,3099999.9999999995,250.0,5100.0,2800.0,3600.0,5300.0,19.0,3199999.9999999995,1.4E-5,0.22,0.22,0.0,230.0,12.0,1.3E-74,7.5E-4,1.9E-14,2.3E7,1.0,5.3E8,
2.2E-37,0.36,4600.0,4400.0,4300.0,3099999.9999999995,250.0,5100.0,2800.0,3600.0,5300.0,19.0,3199999.9999999995,1.7E-5,0.22,0.22,0.0,230.0,12.0,3.5E-77,7.5E-4,2.2E-14,2.1E7,1.0,5.3E8,
2.2E-37,0.36,4600.0,4400.0,4300.0,3099999.9999999995,250.0,5100.0,2800.0,3600.0,5300.0,19.0,3199999.9999999995,1.9E-5,0.22,0.22,0.0,230.0,12.0,9.3E-80,7.5E-4,2.4E-14,2.1E7,1.0,5.3E8,
2.2E-37,0.36,4600.0,4400.0,4300.0,3099999.9999999995,250.0,5100.0,2800.0,3600.0,5300.0,19.0,3199999.9999999995,1.9E-5,0.22,0.22,0.0,220.0,12.0,2.3999999999999998E-82,7.5E-4,2.6E-14,2.1E7,1.0,5.3E8,
2.2E-37,0.36,4600.0,4400.0,4300.0,3099999.9999999995,250.0,5100.0,2800.0,3600.0,5300.0,19.0,3199999.9999999995,1.7E-5,0.22,0.22,0.0,220.0,12.0,6.8E-85,7.5E-4,2.5E-14,2.1E7,1.0,5.3E8,
5.6E-37,0.66,5000.0,4300.0,18000.0,3699999.9999999995,250.0,5000.0,2800.0,3600.0,5300.0,19.0,3799999.9999999995,1.9E-5,0.32,0.32,0.0,220.0,17.0,130.0,7.8E-4,4.6E-9,2.1E7,1.0,5.4E8,
1.8E-37,0.2,5000.0,4300.0,430.0,3399999.9999999995,250.0,5000.0,2800.0,3500.0,5300.0,19.0,3399999.9999999995,5.6E-6,0.26,0.26,0.0,220.0,3.0,6.5,7.7E-4,7.9E-10,2.0E7,1.0,5.3E8,
1.7E-37,0.2,5000.0,4300.0,430.0,3199999.9999999995,250.0,5000.0,2800.0,3500.0,5300.0,19.0,3299999.9999999995,6.1E-6,0.26,0.26,0.0,220.0,2.9,0.33,7.7E-4,4.3E-10,1.9E7,1.0,5.3E8,
1.7E-37,0.2,5000.0,4300.0,430.0,3199999.9999999995,250.0,5000.0,2800.0,3500.0,5300.0,19.0,3199999.9999999995,7.2E-6,0.25,0.25,0.0,220.0,2.9,0.0023,7.7E-4,1.5E-10,1.7E7,1.0,5.3E8,
1.7E-37,0.2,5000.0,4300.0,430.0,3199999.9999999995,250.0,5000.0,2800.0,3500.0,5300.0,19.0,3199999.9999999995,7.8E-6,0.25,0.25,0.0,220.0,2.9,6.1E-6,7.7E-4,4.7E-11,1.7E7,1.0,5.3E8,
1.7E-37,0.2,5000.0,4300.0,430.0,3199999.9999999995,250.0,5000.0,2800.0,3500.0,5300.0,19.0,3199999.9999999995,7.6E-6,0.25,0.25,0.0,210.0,2.9,1.6E-8,7.7E-4,1.4E-11,1.7E7,1.0,5.3E8,
1.7E-37,0.2,5000.0,4300.0,430.0,3199999.9999999995,250.0,5000.0,2800.0,3500.0,5300.0,19.0,3199999.9999999995,7.0E-6,0.25,0.25,0.0,210.0,2.9,4.1E-11,7.7E-4,4.2E-12,1.8E7,1.0,5.3E8,
3.9E-37,0.86,3200.0,26000.0,2900.0,3799999.9999999995,250.0,5000.0,2800.0,3500.0,5300.0,19.0,3799999.9999999995,3.0E-5,0.32,0.32,0.0,220.0,12.0,81.0,7.9E-4,6.4E-9,1.8E7,1.0,5.4E8,
1.2E-37,0.26,3200.0,3300.0,2900.0,3599999.9999999995,250.0,5000.0,2800.0,3500.0,5200.0,19.0,3699999.9999999995,3.4E-5,0.26,0.26,0.0,220.0,12.0,1.5,7.9E-4,8.7E-10,1.7E7,1.0,5.4E8,
1.1E-37,0.25,3200.0,3300.0,2900.0,3199999.9999999995,250.0,5000.0,2800.0,3500.0,5200.0,19.0,3199999.9999999995,3.6E-5,0.24,0.24,0.0,220.0,11.0,0.029,7.8E-4,3.7E-10,1.6E7,1.0,5.3E8,
1.1E-37,0.25,3200.0,3300.0,2900.0,3199999.9999999995,250.0,5000.0,2800.0,3500.0,5200.0,19.0,3199999.9999999995,4.1E-5,0.24,0.24,0.0,220.0,11.0,7.4E-5,7.8E-4,1.1E-10,1.5E7,1.0,5.3E8,
1.1E-37,0.25,3200.0,3300.0,2900.0,3199999.9999999995,250.0,5000.0,2800.0,3500.0,5200.0,19.0,3199999.9999999995,4.0E-5,0.24,0.24,0.0,210.0,11.0,1.9E-7,7.8E-4,3.4E-11,1.5E7,1.0,5.3E8,
1.1E-37,0.25,3200.0,3300.0,2900.0,3199999.9999999995,250.0,5000.0,2800.0,3500.0,5200.0,19.0,3199999.9999999995,3.7E-5,0.24,0.24,0.0,210.0,11.0,5.1E-10,7.8E-4,1.0E-11,1.6E7,1.0,5.3E8,
1.1E-37,0.25,3200.0,3300.0,2900.0,3199999.9999999995,250.0,5000.0,2800.0,3500.0,5200.0,19.0,3199999.9999999995,3.2E-5,0.24,0.24,0.0,210.0,11.0,1.3E-12,7.8E-4,3.1E-12,1.6E7,1.0,5.3E8,
1.1E-37,0.25,3200.0,3300.0,2900.0,3199999.9999999995,250.0,5000.0,2800.0,3500.0,5200.0,19.0,3199999.9999999995,2.7E-5,0.24,0.24,0.0,210.0,11.0,3.9E-15,7.8E-4,9.6E-13,1.7E7,1.0,5.3E8,
1.1E-37,0.25,3200.0,3300.0,2900.0,3199999.9999999995,250.0,5000.0,2800.0,3500.0,5200.0,19.0,3199999.9999999995,2.3E-5,0.24,0.24,0.0,210.0,11.0,1.1E-17,7.8E-4,3.2E-13,1.8E7,1.0,5.3E8,
1.1E-37,0.25,3200.0,3300.0,2900.0,3199999.9999999995,250.0,5000.0,2800.0,3500.0,5200.0,19.0,3199999.9999999995,1.9E-5,0.24,0.24,0.0,210.0,11.0,0.0,7.8E-4,1.2E-13,2.0E7,1.0,5.3E8,
1.1E-37,0.25,3200.0,3300.0,2900.0,3199999.9999999995,250.0,5000.0,2800.0,3500.0,5200.0,19.0,3199999.9999999995,1.6E-5,0.24,0.24,0.0,210.0,11.0,8.7E-21,7.8E-4,5.3E-14,2.1E7,1.0,5.3E8,
1.1E-37,0.25,3200.0,3300.0,2900.0,3199999.9999999995,250.0,5000.0,2800.0,3500.0,5200.0,19.0,3199999.9999999995,1.9E-5,0.24,0.24,0.0,210.0,11.0,0.0,7.8E-4,3.3E-14,2.0E7,1.0,5.3E8,
1.1E-37,0.25,3200.0,3300.0,2900.0,3199999.9999999995,250.0,5000.0,2800.0,3500.0,5200.0,19.0,3199999.9999999995,2.1E-5,0.24,0.24,0.0,200.0,11.0,0.0,7.8E-4,3.1E-14,1.9E7,1.0,5.3E8,
1.1E-37,0.25,3200.0,3300.0,2900.0,3199999.9999999995,250.0,5000.0,2800.0,3500.0,5200.0,19.0,3199999.9999999995,2.2E-5,0.24,0.24,0.0,200.0,11.0,0.0,7.8E-4,3.1E-14,1.9E7,1.0,5.3E8,
1.1E-37,0.25,3200.0,3300.0,2900.0,3199999.9999999995,250.0,5000.0,2800.0,3500.0,5200.0,19.0,3199999.9999999995,2.0E-5,0.24,0.24,0.0,200.0,11.0,0.0,7.8E-4,3.1E-14,1.9E7,1.0,5.3E8,
1.1E-37,0.25,3200.0,3300.0,2900.0,3199999.9999999995,250.0,5000.0,2800.0,3500.0,5200.0,19.0,3199999.9999999995,1.8E-5,0.24,0.24,0.0,200.0,11.0,0.0,7.8E-4,2.9E-14,2.0E7,1.0,5.3E8,
1.1E-37,0.25,3200.0,3300.0,2900.0,3199999.9999999995,250.0,5000.0,2800.0,3500.0,5200.0,19.0,3199999.9999999995,1.6E-5,0.24,0.24,0.0,200.0,11.0,0.0,7.8E-4,2.6E-14,2.1E7,1.0,5.3E8,
1.1E-37,0.25,3200.0,3300.0,2900.0,3199999.9999999995,250.0,5000.0,2800.0,3500.0,5200.0,19.0,3199999.9999999995,1.4E-5,0.24,0.24,0.0,200.0,11.0,0.0,7.8E-4,2.3E-14,2.2E7,1.0,5.3E8,
1.1E-37,0.25,3200.0,3300.0,2900.0,3199999.9999999995,250.0,5000.0,2800.0,3500.0,5200.0,19.0,3199999.9999999995,1.2E-5,0.24,0.24,0.0,200.0,11.0,0.0,7.8E-4,2.0E-14,2.3E7,1.0,5.3E8,
1.1E-37,0.25,3200.0,3300.0,2900.0,3199999.9999999995,250.0,5000.0,2800.0,3500.0,5200.0,19.0,3199999.9999999995,1.2E-5,0.24,0.24,0.0,200.0,11.0,0.0,7.8E-4,1.8E-14,2.3E7,1.0,5.3E8,
1.1E-37,0.25,3200.0,3300.0,2900.0,3199999.9999999995,250.0,5000.0,2800.0,3500.0,5200.0,19.0,3199999.9999999995,1.5E-5,0.24,0.24,0.0,200.0,11.0,0.0,7.8E-4,2.0E-14,2.1E7,1.0,5.3E8,
1.1E-37,0.25,3200.0,3300.0,2900.0,3199999.9999999995,250.0,5000.0,2800.0,3500.0,5200.0,19.0,3199999.9999999995,1.7E-5,0.24,0.24,0.0,200.0,11.0,0.0,7.8E-4,2.3E-14,2.1E7,1.0,5.3E8,
1.1E-37,0.25,3200.0,3300.0,2900.0,3199999.9999999995,250.0,5000.0,2800.0,3500.0,5200.0,19.0,3199999.9999999995,1.6E-5,0.24,0.24,0.0,200.0,11.0,0.0,7.8E-4,2.4E-14,2.1E7,1.0,5.3E8,
1.1E-37,0.25,3200.0,3300.0,2900.0,3199999.9999999995,250.0,5000.0,2800.0,3500.0,5200.0,19.0,3199999.9999999995,1.5E-5,0.24,0.24,0.0,200.0,11.0,0.0,7.8E-4,2.3E-14,2.1E7,1.0,5.3E8,
1.1E-37,0.25,3200.0,3300.0,2900.0,3199999.9999999995,250.0,5000.0,2800.0,3500.0,5200.0,19.0,3199999.9999999995,1.4E-5,0.24,0.24,0.0,200.0,11.0,0.0,7.8E-4,2.2E-14,2.2E7,1.0,5.3E8,
1.1E-37,0.25,3200.0,3300.0,2900.0,3199999.9999999995,250.0,5000.0,2800.0,3500.0,5200.0,19.0,3199999.9999999995,1.2E-5,0.24,0.24,0.0,200.0,11.0,0.0,7.8E-4,2.0E-14,2.3E7,1.0,5.3E8,
1.1E-37,0.25,3200.0,3300.0,2900.0,3199999.9999999995,250.0,5000.0,2800.0,3500.0,5200.0,19.0,3199999.9999999995,1.1E-5,0.24,0.24,0.0,190.0,11.0,0.0,7.8E-4,1.8E-14,2.4E7,1.0,5.3E8,
1.1E-37,0.25,3200.0,3300.0,2900.0,3199999.9999999995,250.0,5000.0,2800.0,3500.0,5200.0,19.0,3199999.9999999995,9.4E-6,0.24,0.24,0.0,190.0,11.0,0.0,7.8E-4,1.5E-14,2.5E7,1.0,5.3E8,
1.1E-37,0.25,3200.0,3300.0,2900.0,3199999.9999999995,250.0,5000.0,2800.0,3500.0,5200.0,19.0,3199999.9999999995,1.3E-5,0.24,0.24,0.0,190.0,11.0,0.0,7.8E-4,1.6E-14,2.3E7,1.0,5.3E8,
1.1E-37,0.25,3200.0,3300.0,2900.0,3199999.9999999995,250.0,5000.0,2800.0,3500.0,5200.0,19.0,3199999.9999999995,1.5E-5,0.24,0.24,0.0,190.0,11.0,0.0,7.8E-4,1.9E-14,2.2E7,1.0,5.3E8,
1.1E-37,0.25,3200.0,3300.0,2900.0,3199999.9999999995,250.0,5000.0,2800.0,3500.0,5200.0,19.0,3199999.9999999995,1.5E-5,0.24,0.24,0.0,190.0,11.0,0.0,7.8E-4,2.1E-14,2.2E7,1.0,5.3E8,
1.1E-37,0.25,3200.0,3300.0,2900.0,3199999.9999999995,250.0,5000.0,2800.0,3500.0,5200.0,19.0,3199999.9999999995,1.4E-5,0.24,0.24,0.0,190.0,11.0,0.0,7.8E-4,2.1E-14,2.2E7,1.0,5.3E8,
1.1E-37,0.25,3200.0,3300.0,2900.0,3199999.9999999995,250.0,5000.0,2800.0,3500.0,5200.0,19.0,3199999.9999999995,1.3E-5,0.24,0.24,0.0,180.0,11.0,0.0,7.8E-4,2.0E-14,2.3E7,1.0,5.3E8,
1.1E-37,0.25,3200.0,3300.0,2900.0,3199999.9999999995,250.0,5000.0,2800.0,3500.0,5200.0,19.0,3199999.9999999995,1.2E-5,0.24,0.24,0.0,180.0,11.0,0.0,7.8E-4,1.9E-14,2.4E7,1.0,5.3E8,
1.1E-37,0.25,3200.0,3300.0,2900.0,3199999.9999999995,250.0,5000.0,2800.0,3500.0,5200.0,19.0,3199999.9999999995,1.0E-5,0.24,0.24,0.0,180.0,11.0,0.0,7.8E-4,1.7E-14,2.5E7,1.0,5.3E8,
1.1E-37,0.25,3200.0,3300.0,2900.0,3199999.9999999995,250.0,5000.0,2800.0,3500.0,5200.0,19.0,3199999.9999999995,9.1E-6,0.24,0.24,0.0,180.0,11.0,0.0,7.8E-4,1.5E-14,2.6E7,1.0,5.3E8,
1.1E-37,0.25,3200.0,3300.0,2900.0,3199999.9999999995,250.0,5000.0,2800.0,3500.0,5200.0,19.0,3199999.9999999995,1.1E-5,0.24,0.24,0.0,180.0,11.0,0.0,7.8E-4,1.4E-14,2.4E7,1.0,5.3E8,
1.1E-37,0.25,3200.0,3300.0,2900.0,3199999.9999999995,250.0,5000.0,2800.0,3500.0,5200.0,19.0,3199999.9999999995,1.3E-5,0.24,0.24,0.0,180.0,11.0,0.0,7.8E-4,1.7E-14,2.3E7,1.0,5.3E8,
1.1E-37,0.25,3200.0,3300.0,2900.0,3199999.9999999995,250.0,5000.0,2800.0,3500.0,5200.0,19.0,3199999.9999999995,1.4E-5,0.24,0.24,0.0,170.0,11.0,0.0,7.8E-4,1.9E-14,2.2E7,1.0,5.3E8,
2.5E-37,0.41,3200.0,3300.0,8300.0,3799999.9999999995,5300.0,6300.0,4300.0,3500.0,5200.0,19.0,3799999.9999999995,6.3E-5,0.27,0.27,0.0,200.0,37.0,1.1E-36,8.4E-4,6.5E-10,2.0E7,1.0,5.4E8,
1.2E-37,0.2,3100.0,3300.0,750.0,3299999.9999999995,5300.0,6200.0,4300.0,3500.0,5200.0,19.0,3399999.9999999995,2.4E-5,0.24,0.24,0.0,200.0,13.0,4.0E-37,8.3E-4,2.6E-10,2.0E7,1.0,5.4E8,
1.2E-37,0.2,3100.0,3300.0,750.0,3199999.9999999995,5300.0,6200.0,4300.0,3500.0,5200.0,19.0,3199999.9999999995,2.7E-5,0.23,0.23,0.0,200.0,12.0,2.7999999999999998E-39,8.3E-4,9.2E-11,1.8E7,1.0,5.4E8,
1.2E-37,0.19,3100.0,3300.0,750.0,3199999.9999999995,5300.0,6200.0,4300.0,3500.0,5200.0,19.0,3199999.9999999995,3.1E-5,0.23,0.23,0.0,200.0,12.0,7.4E-42,8.3E-4,2.8E-11,1.7E7,1.0,5.4E8,
1.2E-37,0.19,3100.0,3300.0,750.0,3199999.9999999995,5300.0,6200.0,4300.0,3500.0,5200.0,19.0,3199999.9999999995,3.2E-5,0.23,0.23,0.0,200.0,12.0,2.0000000000000002E-44,8.3E-4,8.4E-12,1.7E7,1.0,5.4E8,
1.6E-36,3.2,2000.0,92000.0,32000.0,3699999.9999999995,5300.0,6200.0,4300.0,3500.0,5600.0,19.0,3899999.9999999995,9.0E-5,0.21,0.21,0.0,210.0,34.0,1.4E-46,8.8E-4,1.3E-8,1.7E7,1.0,5.4E8,
1.2E-36,2.5,2000.0,92000.0,4200.0,3699999.9999999995,5300.0,6200.0,4300.0,3500.0,5600.0,19.0,3799999.9999999995,2.5E-5,0.19,0.19,0.0,210.0,7.6,4.4E-49,8.8E-4,3.2E-9,1.6E7,1.0,5.4E8,
1.4E-37,0.29,2000.0,4300.0,4200.0,3199999.9999999995,5300.0,6200.0,4300.0,3500.0,5600.0,19.0,3199999.9999999995,2.5E-5,0.095,0.095,0.0,210.0,7.0,6.1E-50,8.7E-4,2.5E-10,1.6E7,1.0,5.4E8,
1.7E-37,0.3,2000.0,4300.0,4200.0,3499999.9999999995,5300.0,6200.0,4300.0,3500.0,5600.0,19.0,3499999.9999999995,3.0E-5,0.11,0.11,0.0,210.0,7.6,1.2E-51,8.7E-4,7.1E-11,1.5E7,1.0,5.4E8,
1.6E-37,0.3,2000.0,4300.0,4200.0,3299999.9999999995,5300.0,6200.0,4300.0,3500.0,5600.0,19.0,3299999.9999999995,3.2E-5,0.11,0.11,0.0,210.0,7.4,8.2E-54,8.7E-4,2.6E-11,1.4E7,1.0,5.4E8,
1.6E-37,0.29,2000.0,4300.0,4200.0,3199999.9999999995,5300.0,6200.0,4300.0,3500.0,5600.0,19.0,3199999.9999999995,3.6E-5,0.11,0.11,0.0,210.0,7.3,5.9E-56,8.7E-4,9.4E-12,1.4E7,1.0,5.4E8,
1.6E-37,0.29,2000.0,4300.0,4200.0,3199999.9999999995,5300.0,6200.0,4300.0,3500.0,5600.0,19.0,3199999.9999999995,3.8E-5,0.11,0.11,0.0,210.0,7.3,4.2000000000000005E-58,8.7E-4,3.5E-12,1.4E7,1.0,5.4E8,
1.6E-37,0.29,2000.0,4300.0,4200.0,3199999.9999999995,5300.0,6200.0,4300.0,3500.0,5600.0,19.0,3199999.9999999995,3.7E-5,0.11,0.11,0.0,210.0,7.3,1.1000000000000001E-60,8.7E-4,1.1E-12,1.4E7,1.0,5.4E8,
1.6E-37,0.29,2000.0,4300.0,4100.0,3199999.9999999995,5300.0,6200.0,4300.0,3500.0,5500.0,19.0,3199999.9999999995,3.3E-5,0.11,0.11,0.0,210.0,7.3,2.9E-63,8.7E-4,3.7E-13,1.4E7,1.0,5.4E8,
1.6E-37,0.29,2000.0,4300.0,4100.0,3199999.9999999995,5300.0,6200.0,4300.0,3500.0,5500.0,19.0,3199999.9999999995,2.8E-5,0.11,0.11,0.0,210.0,7.3,7.8E-66,8.7E-4,1.4E-13,1.5E7,1.0,5.4E8,
1.6E-37,0.29,2000.0,4300.0,4100.0,3199999.9999999995,5300.0,6200.0,4300.0,3500.0,5500.0,19.0,3199999.9999999995,2.3E-5,0.11,0.11,0.0,210.0,7.3,2.6999999999999997E-68,8.7E-4,7.2E-14,1.6E7,1.0,5.4E8,
1.6E-37,0.29,2000.0,4300.0,4100.0,3199999.9999999995,5300.0,6200.0,4300.0,3500.0,5500.0,19.0,3199999.9999999995,1.9E-5,0.11,0.11,0.0,210.0,7.3,2.0999999999999998E-70,8.7E-4,4.5E-14,1.7E7,1.0,5.4E8,
1.6E-37,0.29,2000.0,4300.0,4100.0,3199999.9999999995,5300.0,6200.0,4300.0,3500.0,5500.0,19.0,3199999.9999999995,1.6E-5,0.11,0.11,0.0,210.0,7.3,5.7E-73,8.7E-4,3.3E-14,1.9E7,1.0,5.4E8,
1.6E-37,0.29,2000.0,4300.0,4100.0,3199999.9999999995,5300.0,6200.0,4300.0,3500.0,5500.0,19.0,3199999.9999999995,1.3E-5,0.11,0.11,0.0,210.0,7.3,1.1999999999999999E-75,8.7E-4,2.6E-14,2.0E7,1.0,5.4E8,
1.6E-37,0.29,2000.0,4300.0,4100.0,3199999.9999999995,5300.0,6200.0,4300.0,3500.0,5500.0,19.0,3199999.9999999995,1.4E-5,0.11,0.11,0.0,210.0,7.3,4.1000000000000003E-78,8.7E-4,2.3E-14,1.9E7,1.0,5.4E8,
1.6E-37,0.29,2000.0,4300.0,4100.0,3199999.9999999995,5300.0,6200.0,4300.0,3500.0,5500.0,19.0,3199999.9999999995,1.6E-5,0.11,0.11,0.0,210.0,7.3,1.1E-80,8.7E-4,2.4E-14,1.8E7,1.0,5.4E8,
1.6E-37,0.29,2000.0,4300.0,4100.0,3199999.9999999995,5300.0,6200.0,4300.0,3500.0,5500.0,19.0,3199999.9999999995,1.6E-5,0.11,0.11,0.0,200.0,7.3,2.9E-83,8.7E-4,2.6E-14,1.8E7,1.0,5.4E8,
1.6E-37,0.29,2000.0,4300.0,4100.0,3199999.9999999995,5300.0,6200.0,4300.0,3500.0,5500.0,19.0,3199999.9999999995,1.5E-5,0.11,0.11,0.0,200.0,7.3,7.6E-86,8.7E-4,2.6E-14,1.9E7,1.0,5.4E8,
1.6E-37,0.29,2000.0,4300.0,4100.0,3199999.9999999995,5300.0,6200.0,4300.0,3500.0,5500.0,19.0,3199999.9999999995,1.4E-5,0.11,0.11,0.0,200.0,7.3,2.2E-88,8.7E-4,2.4E-14,1.9E7,1.0,5.4E8,
1.6E-37,0.29,2000.0,4300.0,4100.0,3199999.9999999995,5300.0,6200.0,4300.0,3500.0,5500.0,19.0,3199999.9999999995,1.2E-5,0.11,0.11,0.0,200.0,7.3,1.3000000000000001E-89,8.7E-4,2.2E-14,2.0E7,1.0,5.4E8,
1.6E-37,0.29,2000.0,4300.0,4100.0,3199999.9999999995,5300.0,6200.0,4300.0,3500.0,5500.0,19.0,3199999.9999999995,1.1E-5,0.11,0.11,0.0,200.0,7.3,3.4E-90,8.7E-4,1.9E-14,2.2E7,1.0,5.4E8,
1.6E-37,0.29,2000.0,4300.0,4100.0,3199999.9999999995,5300.0,6200.0,4300.0,3500.0,5500.0,19.0,3199999.9999999995,9.1E-6,0.11,0.11,0.0,200.0,7.3,1.4E-90,8.7E-4,1.7E-14,2.3E7,1.0,5.4E8,
1.1E-37,0.21,11000.0,4100.0,960.0,3699999.9999999995,5300.0,6200.0,4300.0,3500.0,5500.0,19.0,3699999.9999999995,0.0012,0.12,0.12,0.0,220.0,7.3,4.2E-9,8.9E-4,1.6E-11,2.4E7,1.0,5.5E8,
1.0E-37,0.2,3600.0,4100.0,960.0,3399999.9999999995,5300.0,6200.0,4300.0,3500.0,5500.0,19.0,3399999.9999999995,9.8E-6,0.11,0.11,0.0,220.0,6.9,7.9E-11,8.9E-4,6.9E-12,2.2E7,1.0,5.4E8,
1.0E-37,0.2,3600.0,4000.0,950.0,3199999.9999999995,5300.0,6200.0,4300.0,3500.0,5500.0,19.0,3299999.9999999995,1.2E-5,0.11,0.11,0.0,220.0,6.7,5.6E-13,8.8E-4,2.5E-12,2.0E7,1.0,5.4E8,
1.0E-37,0.2,3600.0,4000.0,950.0,3199999.9999999995,5300.0,6200.0,4300.0,3500.0,5500.0,19.0,3199999.9999999995,1.4E-5,0.11,0.11,0.0,220.0,6.6,3.9E-15,8.8E-4,9.2E-13,1.9E7,1.0,5.4E8,
1.0E-37,0.2,3600.0,4000.0,950.0,3199999.9999999995,5300.0,6200.0,4300.0,3500.0,5500.0,18.0,3199999.9999999995,1.6E-5,0.11,0.11,0.0,220.0,6.6,1.0E-17,8.8E-4,2.9E-13,1.8E7,1.0,5.4E8,
1.0E-37,0.2,3600.0,4000.0,950.0,3199999.9999999995,5300.0,6200.0,4300.0,3500.0,5500.0,19.0,3199999.9999999995,1.5E-5,0.11,0.11,0.0,220.0,6.6,2.7E-20,8.8E-4,1.1E-13,1.8E7,1.0,5.4E8,
1.0E-37,0.2,3600.0,4000.0,950.0,3199999.9999999995,5300.0,6200.0,4300.0,3500.0,5500.0,18.0,3199999.9999999995,1.4E-5,0.11,0.11,0.0,220.0,6.6,7.3E-23,8.8E-4,4.9E-14,1.9E7,1.0,5.4E8,
1.0E-37,0.2,3600.0,4000.0,950.0,3199999.9999999995,5300.0,6200.0,4300.0,3500.0,5500.0,19.0,3199999.9999999995,1.2E-5,0.11,0.11,0.0,220.0,6.6,1.9E-25,8.8E-4,3.0E-14,2.0E7,1.0,5.4E8,
1.0E-37,0.2,3600.0,4000.0,950.0,3199999.9999999995,5300.0,6200.0,4300.0,3500.0,5500.0,19.0,3199999.9999999995,1.1E-5,0.11,0.11,0.0,220.0,6.6,5.8E-28,8.8E-4,2.2E-14,2.1E7,1.0,5.4E8,
1.0E-37,0.2,3600.0,4000.0,950.0,3199999.9999999995,5300.0,6200.0,4300.0,3500.0,5500.0,19.0,3199999.9999999995,9.3E-6,0.11,0.11,0.0,210.0,6.6,9.999999999999999E-31,8.8E-4,1.8E-14,2.2E7,1.0,5.4E8,
1.0E-37,0.2,3600.0,4000.0,950.0,3199999.9999999995,5300.0,6200.0,4300.0,3500.0,5500.0,18.0,3199999.9999999995,8.1E-6,0.11,0.11,0.0,210.0,6.6,1.0E-32,8.8E-4,1.5E-14,2.3E7,1.0,5.4E8,
1.0E-37,0.2,3600.0,4000.0,950.0,3199999.9999999995,5300.0,6200.0,4300.0,3500.0,5500.0,18.0,3199999.9999999995,8.8E-6,0.11,0.11,0.0,210.0,6.6,1.8E-36,8.8E-4,1.4E-14,2.2E7,1.0,5.4E8,
1.0E-37,0.2,3600.0,4000.0,950.0,3199999.9999999995,5300.0,6200.0,4300.0,3500.0,5500.0,19.0,3199999.9999999995,1.1E-5,0.11,0.11,0.0,210.0,6.6,4.6E-39,8.8E-4,1.5E-14,2.1E7,1.0,5.4E8,
1.0E-37,0.2,3600.0,4000.0,950.0,3199999.9999999995,5300.0,6200.0,4300.0,3500.0,5500.0,19.0,3199999.9999999995,1.1E-5,0.11,0.11,0.0,210.0,6.6,1.1999999999999999E-41,8.8E-4,1.7E-14,2.0E7,1.0,5.4E8,
1.0E-37,0.2,3600.0,4000.0,950.0,3199999.9999999995,5300.0,6200.0,4300.0,3500.0,5500.0,19.0,3199999.9999999995,1.1E-5,0.11,0.11,0.0,210.0,6.6,3.2000000000000004E-44,8.8E-4,1.8E-14,2.1E7,1.0,5.4E8,
1.0E-37,0.2,3600.0,4000.0,950.0,3199999.9999999995,5300.0,6200.0,4300.0,3500.0,5500.0,18.0,3199999.9999999995,9.9E-6,0.11,0.11,0.0,200.0,6.6,8.3E-47,8.8E-4,1.7E-14,2.1E7,1.0,5.4E8,
1.0E-37,0.2,3600.0,4000.0,950.0,3199999.9999999995,5300.0,6200.0,4300.0,3500.0,5500.0,18.0,3199999.9999999995,8.8E-6,0.11,0.11,0.0,200.0,6.6,0.0,8.8E-4,1.6E-14,2.2E7,1.0,5.4E8,
1.0E-37,0.2,3600.0,4000.0,950.0,3199999.9999999995,5300.0,6200.0,4300.0,3500.0,5500.0,18.0,3199999.9999999995,7.8E-6,0.11,0.11,0.0,200.0,6.6,0.0,8.8E-4,1.4E-14,2.3E7,1.0,5.4E8,
1.0E-37,0.2,3600.0,4000.0,950.0,3199999.9999999995,5300.0,6200.0,4300.0,3500.0,5500.0,18.0,3199999.9999999995,6.8E-6,0.11,0.11,0.0,200.0,6.6,5.0E-51,8.8E-4,1.2E-14,2.4E7,1.0,5.4E8,
1.0E-37,0.2,3600.0,4000.0,950.0,3199999.9999999995,5300.0,6200.0,4300.0,3500.0,5500.0,18.0,3199999.9999999995,6.5E-6,0.11,0.11,0.0,190.0,6.6,1.1E-51,8.8E-4,1.1E-14,2.5E7,1.0,5.4E8,
1.0E-37,0.2,3600.0,4000.0,950.0,3199999.9999999995,5300.0,6200.0,4300.0,3500.0,5500.0,18.0,3199999.9999999995,8.4E-6,0.11,0.11,0.0,190.0,6.6,2.8E-54,8.8E-4,1.2E-14,2.3E7,1.0,5.4E8,
1.0E-37,0.2,3600.0,4000.0,950.0,3199999.9999999995,5300.0,6200.0,4300.0,3500.0,5500.0,18.0,3199999.9999999995,9.4E-6,0.11,0.11,0.0,190.0,6.6,7.3E-57,8.8E-4,1.4E-14,2.2E7,1.0,5.4E8,
1.0E-37,0.2,3600.0,4000.0,950.0,3199999.9999999995,5300.0,6200.0,4300.0,3500.0,5500.0,18.0,3199999.9999999995,9.5E-6,0.11,0.11,0.0,190.0,6.6,1.9000000000000001E-59,8.8E-4,1.5E-14,2.2E7,1.0,5.4E8,
1.0E-37,0.2,3600.0,4000.0,950.0,3199999.9999999995,5300.0,6200.0,4300.0,3500.0,5500.0,18.0,3199999.9999999995,8.9E-6,0.11,0.11,0.0,190.0,6.6,5.2E-62,8.8E-4,1.5E-14,2.2E7,1.0,5.4E8,
1.0E-37,0.2,3600.0,4000.0,950.0,3199999.9999999995,5300.0,6200.0,4300.0,3500.0,5500.0,18.0,3199999.9999999995,8.1E-6,0.11,0.11,0.0,190.0,6.6,4.6E-64,8.8E-4,1.4E-14,2.3E7,1.0,5.4E8,
1.0E-37,0.2,3600.0,4000.0,950.0,3199999.9999999995,5300.0,6200.0,4300.0,3500.0,5500.0,18.0,3199999.9999999995,7.2E-6,0.11,0.11,0.0,190.0,6.6,2.3E-65,8.8E-4,1.3E-14,2.4E7,1.0,5.4E8,
1.0E-37,0.2,3600.0,4000.0,950.0,3199999.9999999995,5300.0,6200.0,4300.0,3500.0,5500.0,18.0,3199999.9999999995,6.4E-6,0.11,0.11,0.0,190.0,6.6,4.1E-65,8.8E-4,1.2E-14,2.5E7,1.0,5.4E8,
1.0E-37,0.2,3600.0,4000.0,950.0,3199999.9999999995,5300.0,6200.0,4300.0,3500.0,5500.0,18.0,3199999.9999999995,5.6E-6,0.11,0.11,0.0,190.0,6.6,0.0,8.8E-4,1.0E-14,2.6E7,1.0,5.4E8,
1.0E-37,0.2,3600.0,4000.0,950.0,3199999.9999999995,5300.0,6200.0,4300.0,3500.0,5500.0,18.0,3199999.9999999995,7.2E-6,0.11,0.11,0.0,190.0,6.6,0.0,8.8E-4,1.0E-14,2.4E7,1.0,5.4E8,
1.0E-37,0.2,3600.0,4000.0,950.0,3199999.9999999995,5300.0,6200.0,4300.0,3500.0,5500.0,18.0,3199999.9999999995,8.4E-6,0.11,0.11,0.0,180.0,6.6,0.0,8.8E-4,1.2E-14,2.2E7,1.0,5.4E8,
1.0E-37,0.2,3600.0,4000.0,950.0,3199999.9999999995,5300.0,6200.0,4300.0,3500.0,5500.0,18.0,3199999.9999999995,8.8E-6,0.11,0.11,0.0,180.0,6.6,0.0,8.8E-4,1.4E-14,2.2E7,1.0,5.4E8,
1.0E-37,0.2,3600.0,4000.0,950.0,3199999.9999999995,5300.0,6200.0,4300.0,3500.0,5500.0,18.0,3199999.9999999995,8.6E-6,0.11,0.11,0.0,180.0,6.6,0.0,8.8E-4,1.4E-14,2.2E7,1.0,5.4E8,
1.0E-37,0.2,3600.0,4000.0,950.0,3199999.9999999995,5300.0,6200.0,4300.0,3500.0,5500.0,18.0,3199999.9999999995,7.9E-6,0.11,0.11,0.0,180.0,6.6,0.0,8.8E-4,1.4E-14,2.3E7,1.0,5.4E8,
1.0E-37,0.2,3600.0,4000.0,950.0,3199999.9999999995,5300.0,6200.0,4300.0,3500.0,5500.0,18.0,3199999.9999999995,7.1E-6,0.11,0.11,0.0,180.0,6.6,0.0,8.8E-4,1.3E-14,2.4E7,1.0,5.4E8,
1.0E-37,0.2,3600.0,4000.0,950.0,3199999.9999999995,5300.0,6200.0,4300.0,3500.0,5500.0,18.0,3199999.9999999995,6.3E-6,0.11,0.11,0.0,180.0,6.6,0.0,8.8E-4,1.1E-14,2.5E7,1.0,5.4E8,
1.0E-37,0.2,3600.0,4000.0,950.0,3199999.9999999995,5300.0,6200.0,4300.0,3500.0,5500.0,18.0,3199999.9999999995,5.6E-6,0.11,0.11,0.0,170.0,6.6,0.0,8.8E-4,1.0E-14,2.6E7,1.0,5.4E8,
1.0E-37,0.2,3600.0,4000.0,950.0,3199999.9999999995,5300.0,6200.0,4300.0,3500.0,5500.0,18.0,3199999.9999999995,6.6E-6,0.11,0.11,0.0,170.0,6.6,0.0,8.8E-4,9.7E-15,2.5E7,1.0,5.4E8,
1.0E-37,0.2,3600.0,4000.0,950.0,3199999.9999999995,5300.0,6200.0,4300.0,3500.0,5500.0,18.0,3199999.9999999995,7.8E-6,0.11,0.11,0.0,170.0,6.6,0.0,8.8E-4,1.1E-14,2.3E7,1.0,5.4E8,
1.0E-37,0.2,3600.0,4000.0,950.0,3199999.9999999995,5300.0,6200.0,4300.0,3500.0,5500.0,18.0,3199999.9999999995,8.5E-6,0.11,0.11,0.0,170.0,6.6,0.0,8.8E-4,1.3E-14,2.2E7,1.0,5.4E8,
1.0E-37,0.2,3600.0,4000.0,950.0,3199999.9999999995,5300.0,6200.0,4300.0,3500.0,5500.0,18.0,3199999.9999999995,8.4E-6,0.11,0.11,0.0,160.0,6.6,0.0,8.9E-4,1.4E-14,2.3E7,1.0,5.4E8,
1.0E-37,0.2,3600.0,4000.0,950.0,3199999.9999999995,5300.0,6200.0,4300.0,3500.0,5500.0,18.0,3199999.9999999995,7.9E-6,0.11,0.11,0.0,160.0,6.6,0.0,8.9E-4,1.3E-14,2.3E7,1.0,5.4E8,
1.0E-37,0.2,3600.0,4000.0,950.0,3199999.9999999995,5300.0,6200.0,4300.0,3500.0,5500.0,18.0,3199999.9999999995,7.2E-6,0.11,0.11,0.0,160.0,6.6,0.0,8.8E-4,1.3E-14,2.4E7,1.0,5.4E8,
1.0E-37,0.2,3600.0,4000.0,950.0,3199999.9999999995,5300.0,6200.0,4300.0,3500.0,5500.0,18.0,3199999.9999999995,6.3E-6,0.11,0.11,0.0,160.0,6.6,0.0,8.9E-4,1.1E-14,2.5E7,1.0,5.4E8,
1.0E-37,0.2,3600.0,4000.0,950.0,3199999.9999999995,5300.0,6200.0,4300.0,3500.0,5500.0,18.0,3199999.9999999995,5.7E-6,0.11,0.11,0.0,160.0,6.6,0.0,8.8E-4,1.0E-14,2.6E7,1.0,5.4E8,
1.0E-37,0.2,3600.0,4000.0,950.0,3199999.9999999995,5300.0,6200.0,4300.0,3500.0,5500.0,18.0,3199999.9999999995,5.8E-6,0.11,0.11,0.0,160.0,6.6,0.0,8.9E-4,9.2E-15,2.6E7,1.0,5.4E8,
1.0E-37,0.2,3600.0,4000.0,950.0,3199999.9999999995,5300.0,6200.0,4300.0,3500.0,5500.0,18.0,3199999.9999999995,7.2E-6,0.11,0.11,0.0,150.0,6.6,0.0,8.9E-4,1.0E-14,2.4E7,1.0,5.4E8,
1.0E-37,0.2,3600.0,4000.0,950.0,3199999.9999999995,5300.0,6200.0,4300.0,3500.0,5500.0,18.0,3199999.9999999995,8.2E-6,0.11,0.11,0.0,150.0,6.6,0.0,8.9E-4,1.2E-14,2.3E7,1.0,5.4E8,
1.0E-37,0.2,3600.0,4000.0,950.0,3199999.9999999995,5300.0,6200.0,4300.0,3500.0,5500.0,18.0,3199999.9999999995,8.3E-6,0.11,0.11,0.0,150.0,6.6,0.0,8.8E-4,1.3E-14,2.3E7,1.0,5.4E8,
1.0E-37,0.2,3600.0,4000.0,950.0,3199999.9999999995,5300.0,6200.0,4300.0,3500.0,5500.0,18.0,3199999.9999999995,7.9E-6,0.11,0.11,0.0,150.0,6.6,0.0,8.8E-4,1.3E-14,2.3E7,1.0,5.4E8,
1.0E-37,0.2,3600.0,4000.0,950.0,3199999.9999999995,5300.0,6200.0,4300.0,3500.0,5500.0,18.0,3199999.9999999995,7.2E-6,0.11,0.11,0.0,150.0,6.6,0.0,8.8E-4,1.3E-14,2.4E7,1.0,5.4E8,
1.0E-37,0.2,3600.0,4000.0,950.0,3199999.9999999995,5300.0,6200.0,4300.0,3500.0,5500.0,18.0,3199999.9999999995,6.4E-6,0.11,0.11,0.0,150.0,6.6,0.0,8.9E-4,1.1E-14,2.5E7,1.0,5.4E8,
1.0E-37,0.2,3600.0,4000.0,950.0,3199999.9999999995,5300.0,6200.0,4300.0,3500.0,5500.0,18.0,3199999.9999999995,5.8E-6,0.11,0.11,0.0,150.0,6.6,0.0,8.8E-4,1.1E-14,2.6E7,1.0,5.4E8,
1.0E-37,0.2,3600.0,4000.0,950.0,3199999.9999999995,5300.0,6200.0,4300.0,3500.0,5500.0,18.0,3199999.9999999995,5.0E-6,0.11,0.11,0.0,150.0,6.6,0.0,8.9E-4,9.2E-15,2.7E7,1.0,5.4E8,
1.0E-37,0.2,3600.0,4000.0,950.0,3199999.9999999995,5300.0,6200.0,4300.0,3500.0,5500.0,18.0,3199999.9999999995,6.9E-6,0.11,0.11,0.0,150.0,6.6,0.0,8.9E-4,9.8E-15,2.4E7,1.0,5.4E8,
1.0E-37,0.2,3600.0,4000.0,950.0,3199999.9999999995,5300.0,6200.0,4300.0,3500.0,5500.0,18.0,3199999.9999999995,8.0E-6,0.11,0.11,0.0,150.0,6.6,0.0,8.9E-4,1.2E-14,2.3E7,1.0,5.4E8,
1.0E-37,0.2,3600.0,4000.0,950.0,3199999.9999999995,5300.0,6200.0,4300.0,3500.0,5500.0,18.0,3199999.9999999995,8.3E-6,0.11,0.11,0.0,150.0,6.6,0.0,8.9E-4,1.3E-14,2.3E7,1.0,5.4E8,
1.0E-37,0.2,3600.0,4000.0,950.0,3199999.9999999995,5300.0,6200.0,4300.0,3500.0,5500.0,18.0,3199999.9999999995,8.0E-6,0.11,0.11,0.0,150.0,6.6,0.0,8.9E-4,1.3E-14,2.3E7,1.0,5.4E8,
1.0E-37,0.2,3600.0,4000.0,950.0,3199999.9999999995,5300.0,6200.0,4300.0,3500.0,5500.0,18.0,3199999.9999999995,7.5E-6,0.11,0.11,0.0,140.0,6.6,0.0,8.9E-4,1.3E-14,2.3E7,1.0,5.4E8,
1.0E-37,0.2,3600.0,4000.0,950.0,3199999.9999999995,5300.0,6200.0,4300.0,3500.0,5500.0,18.0,3199999.9999999995,6.6E-6,0.11,0.11,0.0,140.0,6.6,0.0,8.9E-4,1.2E-14,2.5E7,1.0,5.4E8,
1.0E-37,0.2,3600.0,4000.0,950.0,3199999.9999999995,5300.0,6200.0,4300.0,3500.0,5500.0,18.0,3199999.9999999995,5.9E-6,0.11,0.11,0.0,140.0,6.6,0.0,8.9E-4,1.1E-14,2.6E7,1.0,5.4E8,
1.3000000000000001E-37,0.45,3600.0,5000.0,4300.0,3699999.9999999995,5300.0,6200.0,4300.0,3500.0,6400.0,19.0,3699999.9999999995,6.9E-5,0.13,0.13,0.0,180.0,25.0,2.4E-24,9.3E-4,3.0E-12,2.7E7,1.0,5.5E8,
1.3000000000000001E-37,0.44,3600.0,5000.0,4200.0,3499999.9999999995,5200.0,6100.0,4300.0,3500.0,6400.0,19.0,3599999.9999999995,2.5E-5,0.12,0.12,0.0,180.0,24.0,4.6E-26,9.3E-4,1.3E-12,2.5E7,1.0,5.5E8,
1.3000000000000001E-37,0.43,3600.0,4900.0,4200.0,3299999.9999999995,5200.0,6100.0,4300.0,3400.0,6400.0,18.0,3299999.9999999995,2.9E-5,0.12,0.12,0.0,180.0,24.0,2.4E-27,9.2E-4,7.4E-13,2.3E7,1.0,5.5E8,
1.3000000000000001E-37,0.43,3600.0,4900.0,4200.0,3199999.9999999995,5200.0,6100.0,4200.0,3400.0,6400.0,18.0,3199999.9999999995,3.9E-5,0.12,0.12,0.0,180.0,23.0,6.3000000000000005E-30,9.2E-4,2.6E-13,2.1E7,1.0,5.4E8,
1.3000000000000001E-37,0.43,3600.0,4900.0,4200.0,3199999.9999999995,5200.0,6100.0,4200.0,3400.0,6400.0,18.0,3199999.9999999995,4.5E-5,0.12,0.12,0.0,180.0,23.0,1.7000000000000002E-32,9.2E-4,1.3E-13,2.0E7,1.0,5.4E8,
1.3000000000000001E-37,0.43,3600.0,4900.0,4200.0,3199999.9999999995,5200.0,6100.0,4200.0,3400.0,6400.0,18.0,3199999.9999999995,4.7E-5,0.12,0.12,0.0,180.0,23.0,4.4E-35,9.2E-4,9.4E-14,1.9E7,1.0,5.4E8,
1.3000000000000001E-37,0.43,3600.0,4900.0,4200.0,3199999.9999999995,5200.0,6100.0,4200.0,3400.0,6400.0,18.0,3199999.9999999995,4.5E-5,0.12,0.12,0.0,180.0,23.0,1.2E-37,9.2E-4,8.2E-14,2.0E7,1.0,5.4E8,
1.3000000000000001E-37,0.43,3600.0,4900.0,4200.0,3199999.9999999995,5200.0,6100.0,4200.0,3400.0,6400.0,18.0,3199999.9999999995,4.0E-5,0.12,0.12,0.0,180.0,23.0,3.6E-40,9.2E-4,7.5E-14,2.0E7,1.0,5.4E8,
1.3000000000000001E-37,0.43,3600.0,4900.0,4200.0,3199999.9999999995,5200.0,6100.0,4200.0,3400.0,6400.0,18.0,3199999.9999999995,3.6E-5,0.12,0.12,0.0,170.0,23.0,7.5E-42,9.2E-4,6.7E-14,2.1E7,1.0,5.4E8,
1.3000000000000001E-37,0.43,3600.0,4900.0,4200.0,3199999.9999999995,5200.0,6100.0,4200.0,3400.0,6400.0,18.0,3199999.9999999995,3.1E-5,0.12,0.12,0.0,170.0,23.0,0.0,9.2E-4,5.9E-14,2.2E7,1.0,5.4E8,
1.3000000000000001E-37,0.43,3600.0,4900.0,4200.0,3199999.9999999995,5200.0,6100.0,4200.0,3400.0,6400.0,18.0,3199999.9999999995,2.7E-5,0.12,0.12,0.0,170.0,23.0,0.0,9.2E-4,5.2E-14,2.4E7,1.0,5.4E8,
1.3000000000000001E-37,0.43,3600.0,4900.0,4200.0,3199999.9999999995,5200.0,6100.0,4200.0,3400.0,6400.0,18.0,3199999.9999999995,2.6E-5,0.12,0.12,0.0,170.0,23.0,0.0,9.2E-4,4.5E-14,2.4E7,1.0,5.4E8,
1.3000000000000001E-37,0.43,3600.0,4900.0,4200.0,3199999.9999999995,5200.0,6100.0,4200.0,3400.0,6400.0,18.0,3199999.9999999995,3.3E-5,0.12,0.12,0.0,170.0,23.0,0.0,9.2E-4,4.9E-14,2.2E7,1.0,5.4E8,
1.3000000000000001E-37,0.43,3600.0,4900.0,4200.0,3199999.9999999995,5200.0,6100.0,4200.0,3400.0,6400.0,18.0,3199999.9999999995,3.6E-5,0.12,0.12,0.0,170.0,23.0,0.0,9.2E-4,5.6E-14,2.1E7,1.0,5.4E8,
1.3000000000000001E-37,0.43,3600.0,4900.0,4200.0,3199999.9999999995,5200.0,6100.0,4200.0,3400.0,6400.0,18.0,3199999.9999999995,3.6E-5,0.12,0.12,0.0,160.0,23.0,0.0,9.2E-4,6.0E-14,2.1E7,1.0,5.4E8,
1.8E-37,0.68,3900.0,16000.0,4500.0,3699999.9999999995,1100.0,6100.0,4200.0,3400.0,6300.0,19.0,3699999.9999999995,4.5E-5,0.23,0.23,0.0,180.0,28.0,4.3E-7,9.6E-4,7.5E-9,2.1E7,1.0,5.5E8,
8.6E-38,0.32,3900.0,3900.0,4500.0,3399999.9999999995,1100.0,6100.0,4200.0,3400.0,6300.0,18.0,3399999.9999999995,5.3E-5,0.2,0.2,0.0,180.0,27.0,8.1E-9,9.6E-4,1.6E-9,2.0E7,1.0,5.5E8,
8.4E-38,0.32,3900.0,3900.0,4500.0,3199999.9999999995,1100.0,6100.0,4200.0,3400.0,6300.0,18.0,3199999.9999999995,6.2E-5,0.19,0.19,0.0,180.0,26.0,5.8E-11,9.5E-4,5.8E-10,1.8E7,1.0,5.5E8,
8.4E-38,0.32,3900.0,3900.0,4500.0,3199999.9999999995,1100.0,6100.0,4200.0,3400.0,6300.0,18.0,3199999.9999999995,6.9E-5,0.19,0.19,0.0,180.0,26.0,1.5E-13,9.5E-4,1.8E-10,1.8E7,1.0,5.5E8,
8.4E-38,0.32,3900.0,3900.0,4500.0,3199999.9999999995,1100.0,6100.0,4200.0,3400.0,6300.0,18.0,3199999.9999999995,6.7E-5,0.19,0.19,0.0,180.0,26.0,4.0E-16,9.5E-4,5.3E-11,1.8E7,1.0,5.5E8,
8.4E-38,0.32,3900.0,3900.0,4500.0,3199999.9999999995,1100.0,6100.0,4200.0,3400.0,6300.0,18.0,3199999.9999999995,6.2E-5,0.19,0.19,0.0,180.0,26.0,1.1E-18,9.5E-4,1.6E-11,1.8E7,1.0,5.5E8,
8.4E-38,0.32,3900.0,3900.0,4500.0,3199999.9999999995,1100.0,6100.0,4200.0,3400.0,6300.0,18.0,3199999.9999999995,5.5E-5,0.19,0.19,0.0,170.0,26.0,2.8E-21,9.5E-4,4.9E-12,1.9E7,1.0,5.5E8,
8.4E-38,0.32,3900.0,3900.0,4500.0,3199999.9999999995,1100.0,6100.0,4200.0,3400.0,6300.0,18.0,3199999.9999999995,4.7E-5,0.19,0.19,0.0,170.0,26.0,7.8E-24,9.5E-4,1.5E-12,2.0E7,1.0,5.5E8,
8.4E-38,0.32,3900.0,3900.0,4500.0,3199999.9999999995,1100.0,6100.0,4200.0,3400.0,6300.0,18.0,3199999.9999999995,4.1E-5,0.19,0.19,0.0,170.0,26.0,2.4E-26,9.5E-4,5.2E-13,2.1E7,1.0,5.5E8,
8.4E-38,0.32,3900.0,3900.0,4500.0,3199999.9999999995,1100.0,6100.0,4200.0,3400.0,6300.0,18.0,3199999.9999999995,3.5E-5,0.19,0.19,0.0,170.0,26.0,0.0,9.5E-4,2.0E-13,2.3E7,1.0,5.5E8,
8.4E-38,0.32,3900.0,3900.0,4500.0,3199999.9999999995,1100.0,6100.0,4200.0,3400.0,6300.0,18.0,3199999.9999999995,3.5E-5,0.19,0.19,0.0,170.0,26.0,1.7E-30,9.5E-4,1.0E-13,2.2E7,1.0,5.5E8,
8.4E-38,0.32,3900.0,3900.0,4500.0,3199999.9999999995,1100.0,6100.0,4200.0,3400.0,6300.0,18.0,3199999.9999999995,4.3E-5,0.19,0.19,0.0,170.0,26.0,4.4E-33,9.5E-4,8.0E-14,2.1E7,1.0,5.5E8,
8.4E-38,0.32,3900.0,3900.0,4500.0,3199999.9999999995,1100.0,6100.0,4200.0,3400.0,6300.0,18.0,3199999.9999999995,4.6E-5,0.19,0.19,0.0,160.0,26.0,1.1999999999999999E-35,9.5E-4,8.0E-14,2.0E7,1.0,5.5E8,
8.4E-38,0.32,3900.0,3900.0,4500.0,3199999.9999999995,1100.0,6100.0,4200.0,3400.0,6300.0,18.0,3199999.9999999995,4.5E-5,0.19,0.19,0.0,160.0,26.0,3.1000000000000004E-38,9.5E-4,8.0E-14,2.1E7,1.0,5.5E8,
8.4E-38,0.32,3900.0,3900.0,4500.0,3199999.9999999995,1100.0,6100.0,4200.0,3400.0,6300.0,18.0,3199999.9999999995,4.2E-5,0.19,0.19,0.0,160.0,26.0,8.6E-41,9.5E-4,7.7E-14,2.1E7,1.0,5.5E8,
8.4E-38,0.32,3900.0,3900.0,4500.0,3199999.9999999995,1100.0,6100.0,4200.0,3400.0,6300.0,18.0,3199999.9999999995,3.7E-5,0.19,0.19,0.0,160.0,26.0,2.0999999999999997E-43,9.5E-4,7.1E-14,2.2E7,1.0,5.5E8,
8.4E-38,0.32,3900.0,3900.0,4500.0,3199999.9999999995,1100.0,6100.0,4200.0,3400.0,6300.0,18.0,3199999.9999999995,3.3E-5,0.19,0.19,0.0,160.0,26.0,0.0,9.5E-4,6.4E-14,2.3E7,1.0,5.5E8,
8.4E-38,0.32,3900.0,3900.0,4500.0,3199999.9999999995,1100.0,6100.0,4200.0,3400.0,6300.0,18.0,3199999.9999999995,2.9E-5,0.19,0.19,0.0,160.0,26.0,0.0,9.6E-4,5.6E-14,2.4E7,1.0,5.5E8,
8.4E-38,0.32,3900.0,3900.0,4500.0,3199999.9999999995,1100.0,6100.0,4200.0,3400.0,6300.0,18.0,3199999.9999999995,2.5E-5,0.19,0.19,0.0,160.0,26.0,0.0,9.6E-4,4.9E-14,2.5E7,1.0,5.5E8,
8.4E-38,0.32,3900.0,3900.0,4500.0,3199999.9999999995,1100.0,6100.0,4200.0,3400.0,6300.0,18.0,3199999.9999999995,3.3E-5,0.19,0.19,0.0,160.0,26.0,0.0,9.6E-4,5.2E-14,2.3E7,1.0,5.5E8,
8.4E-38,0.32,3900.0,3900.0,4500.0,3199999.9999999995,1100.0,6100.0,4200.0,3400.0,6300.0,18.0,3199999.9999999995,3.8E-5,0.19,0.19,0.0,160.0,26.0,0.0,9.6E-4,6.0E-14,2.2E7,1.0,5.5E8,
8.4E-38,0.32,3900.0,3900.0,4500.0,3199999.9999999995,1100.0,6100.0,4200.0,3400.0,6300.0,18.0,3199999.9999999995,3.9E-5,0.19,0.19,0.0,160.0,26.0,0.0,9.6E-4,6.6E-14,2.2E7,1.0,5.5E8,
8.4E-38,0.32,3900.0,3900.0,4500.0,3199999.9999999995,1100.0,6100.0,4200.0,3400.0,6300.0,18.0,3199999.9999999995,3.7E-5,0.19,0.19,0.0,160.0,26.0,0.0,9.6E-4,6.6E-14,2.2E7,1.0,5.5E8,
8.4E-38,0.32,3900.0,3900.0,4500.0,3199999.9999999995,1100.0,6100.0,4200.0,3400.0,6300.0,18.0,3199999.9999999995,3.4E-5,0.19,0.19,0.0,160.0,26.0,0.0,9.6E-4,6.3E-14,2.3E7,1.0,5.5E8,
8.4E-38,0.32,3900.0,3900.0,4500.0,3199999.9999999995,1100.0,6100.0,4200.0,3400.0,6300.0,18.0,3199999.9999999995,3.0E-5,0.19,0.19,0.0,150.0,26.0,0.0,9.6E-4,5.8E-14,2.4E7,1.0,5.5E8,
8.4E-38,0.32,3900.0,3900.0,4500.0,3199999.9999999995,1100.0,6100.0,4200.0,3400.0,6300.0,18.0,3199999.9999999995,2.7E-5,0.19,0.19,0.0,150.0,26.0,0.0,9.6E-4,5.2E-14,2.5E7,1.0,5.5E8,
8.4E-38,0.32,3900.0,3900.0,4500.0,3199999.9999999995,1100.0,6100.0,4200.0,3400.0,6300.0,18.0,3199999.9999999995,2.3E-5,0.19,0.19,0.0,150.0,26.0,0.0,9.6E-4,4.6E-14,2.6E7,1.0,5.5E8,
8.4E-38,0.32,3900.0,3900.0,4500.0,3199999.9999999995,1100.0,6100.0,4200.0,3400.0,6300.0,18.0,3199999.9999999995,2.8E-5,0.19,0.19,0.0,150.0,26.0,0.0,9.6E-4,4.4E-14,2.4E7,1.0,5.5E8,
8.4E-38,0.32,3900.0,3900.0,4500.0,3199999.9999999995,1100.0,6100.0,4200.0,3400.0,6300.0,18.0,3199999.9999999995,3.4E-5,0.19,0.19,0.0,150.0,26.0,0.0,9.6E-4,5.2E-14,2.3E7,1.0,5.5E8,
8.4E-38,0.32,3900.0,3900.0,4500.0,3199999.9999999995,1100.0,6100.0,4200.0,3400.0,6300.0,18.0,3199999.9999999995,3.6E-5,0.19,0.19,0.0,150.0,26.0,0.0,9.6E-4,5.9E-14,2.2E7,1.0,5.5E8,
8.4E-38,0.32,3900.0,3900.0,4500.0,3199999.9999999995,1100.0,6100.0,4200.0,3400.0,6300.0,18.0,3199999.9999999995,3.5E-5,0.19,0.19,0.0,150.0,26.0,0.0,9.6E-4,6.1E-14,2.2E7,1.0,5.5E8,
8.4E-38,0.32,3900.0,3900.0,4500.0,3199999.9999999995,1100.0,6100.0,4200.0,3400.0,6300.0,18.0,3199999.9999999995,3.3E-5,0.19,0.19,0.0,150.0,26.0,0.0,9.6E-4,6.0E-14,2.3E7,1.0,5.5E8,
8.4E-38,0.32,3900.0,3900.0,4500.0,3199999.9999999995,1100.0,6100.0,4200.0,3400.0,6300.0,18.0,3199999.9999999995,2.9E-5,0.19,0.19,0.0,150.0,26.0,0.0,9.5E-4,5.6E-14,2.4E7,1.0,5.5E8,
8.4E-38,0.32,3900.0,3900.0,4500.0,3199999.9999999995,1100.0,6100.0,4200.0,3400.0,6300.0,18.0,3199999.9999999995,2.6E-5,0.19,0.19,0.0,150.0,26.0,0.0,9.6E-4,5.0E-14,2.5E7,1.0,5.5E8,
8.4E-38,0.32,3900.0,3900.0,4500.0,3199999.9999999995,1100.0,6100.0,4200.0,3400.0,6300.0,18.0,3199999.9999999995,2.3E-5,0.19,0.19,0.0,150.0,26.0,0.0,9.6E-4,4.5E-14,2.6E7,1.0,5.5E8,
3.5E-38,0.12,3900.0,3600.0,390.0,3699999.9999999995,17000.0,6100.0,4200.0,5300.0,100.0,18.0,3799999.9999999995,0.64,0.11,0.11,0.0,170.0,5.0,8.7E-61,0.0011,2.0E-9,2.7E7,1.0,5.5E8,
3.4E-38,0.12,3900.0,3600.0,390.0,3399999.9999999995,4600.0,6100.0,4200.0,5200.0,100.0,18.0,3499999.9999999995,5.4E-6,0.1,0.1,0.0,170.0,5.3,4.499999999999999E-62,0.0011,1.0E-9,2.5E7,1.0,5.5E8,
3.3E-38,0.11,3900.0,3600.0,390.0,3199999.9999999995,4600.0,6100.0,4200.0,5200.0,100.0,18.0,3199999.9999999995,6.3E-6,0.096,0.096,0.0,160.0,5.0,3.1E-64,0.0011,3.7E-10,2.3E7,1.0,5.5E8,
3.3E-38,0.11,3900.0,3600.0,390.0,3199999.9999999995,4600.0,6000.0,4200.0,5200.0,100.0,18.0,3199999.9999999995,7.3E-6,0.096,0.096,0.0,160.0,5.0,8.200000000000001E-67,0.0011,1.1E-10,2.2E7,1.0,5.5E8,
3.3E-38,0.11,3900.0,3600.0,390.0,3199999.9999999995,4600.0,6000.0,4200.0,5200.0,100.0,18.0,3199999.9999999995,7.5E-6,0.096,0.096,0.0,160.0,5.0,2.1E-69,0.0011,3.4E-11,2.2E7,1.0,5.5E8,
3.3E-38,0.11,3900.0,3600.0,390.0,3199999.9999999995,4600.0,6000.0,4200.0,5200.0,100.0,18.0,3199999.9999999995,7.2E-6,0.096,0.096,0.0,160.0,5.0,5.6E-72,0.0011,1.0E-11,2.2E7,1.0,5.5E8,
