tick 60001.0,,,,,,,,,,,,,,,,,,,
endosome1159O,initOrgProp,area,25168.53981,volume,220398.01,xcoor,23.85143863,ycoor,49.3141283,zcoor,4,,,,,,,,
endosome1159O,initRabContent,RabE,25168.53981,,,,,,,,,,,,,,,,
endosome1159O,initMembraneContent,exCxEn,0,R-TfaEn,0.011200831,oMHCIEn,0,membraneMarker,0,cMHCIEn,0,R-TfEn,1.30E-04,pepMHCIEn,0,REn,0.006216327,imCxEn,0
endosome1159O,initSolubleContent,ovaEn,0,protonEn,22.04244578,TfaEn,0.023914506,solubleMarker,0,mvb,0,FeEn,2.05E-04,TfEn,1.81E-07,pepEn,0,,
endosome1160j,initOrgProp,area,37409.82051,volume,506778.6471,xcoor,0.716835039,ycoor,44.22593048,zcoor,4,,,,,,,,
endosome1160j,initRabContent,RabA,37409.82051,,,,,,,,,,,,,,,,
endosome1160j,initMembraneContent,exCxEn,0,R-TfaEn,0.285921014,oMHCIEn,0,membraneMarker,0,cMHCIEn,0,R-TfEn,1.587048038,pepMHCIEn,0,REn,0.011213107,imCxEn,0
endosome1160j,initSolubleContent,ovaEn,0,protonEn,132.25301,TfaEn,0.055499864,solubleMarker,0,mvb,1,FeEn,1.75E-04,TfEn,1.94E-05,pepEn,0,,
endosome1161k,initOrgProp,area,7539.822369,volume,50265.48246,xcoor,0.898556345,ycoor,45.21042223,zcoor,4,,,,,,,,
endosome1161k,initRabContent,RabA,7539.822369,,,,,,,,,,,,,,,,
endosome1161k,initMembraneContent,exCxEn,0,R-TfaEn,0.008284983,oMHCIEn,0,membraneMarker,0,cMHCIEn,0,R-TfEn,4.24E-04,pepMHCIEn,0,REn,6.27E-05,imCxEn,0
endosome1161k,initSolubleContent,ovaEn,0,protonEn,16.7325246,TfaEn,0.005773041,solubleMarker,0,mvb,0,FeEn,3.36E-05,TfEn,1.99E-06,pepEn,0,,
endosome1162o,initOrgProp,area,7539.822369,volume,50265.48246,xcoor,26.78910733,ycoor,25.77893625,zcoor,4,,,,,,,,
endosome1162o,initRabContent,RabA,7539.822369,,,,,,,,,,,,,,,,
endosome1162o,initMembraneContent,exCxEn,0,R-TfaEn,0.012541816,oMHCIEn,0,membraneMarker,0,cMHCIEn,0,R-TfEn,7.71E-08,pepMHCIEn,0,REn,0.001395304,imCxEn,0
endosome1162o,initSolubleContent,ovaEn,0,protonEn,336.2665272,TfaEn,0.005205343,solubleMarker,0,mvb,0,FeEn,6.05E-09,TfEn,5.16E-07,pepEn,0,,
endosome1163D,initOrgProp,area,7539.822369,volume,50265.48246,xcoor,40.18940982,ycoor,36.97748977,zcoor,4,,,,,,,,
endosome1163D,initRabContent,RabB,7539.822369,,,,,,,,,,,,,,,,
endosome1163D,initMembraneContent,exCxEn,0,R-TfaEn,12.55440743,oMHCIEn,0,membraneMarker,0,cMHCIEn,0,R-TfEn,7.71E-05,pepMHCIEn,0,REn,1.396699315,imCxEn,0
endosome1163D,initSolubleContent,ovaEn,0,protonEn,328.4738695,TfaEn,0.005205343,solubleMarker,0,mvb,0,FeEn,6.06E-06,TfEn,5.16E-07,pepEn,0,,
endosome1164w,initOrgProp,area,7539.822369,volume,50265.48246,xcoor,26.63519823,ycoor,26.62679718,zcoor,4,,,,,,,,
endosome1164w,initRabContent,RabA,7539.822369,,,,,,,,,,,,,,,,
endosome1164w,initMembraneContent,exCxEn,0,R-TfaEn,0.012541816,oMHCIEn,0,membraneMarker,0,cMHCIEn,0,R-TfEn,7.71E-08,pepMHCIEn,0,REn,0.001395304,imCxEn,0
endosome1164w,initSolubleContent,ovaEn,0,protonEn,336.2665272,TfaEn,0.005205343,solubleMarker,0,mvb,0,FeEn,6.05E-09,TfEn,5.16E-07,pepEn,0,,
endosome1165J,initOrgProp,area,7539.822369,volume,50265.48246,xcoor,26.38828306,ycoor,25.51551496,zcoor,4,,,,,,,,
endosome1165J,initRabContent,RabG,7539.822369,,,,,,,,,,,,,,,,
endosome1165J,initMembraneContent,exCxEn,0,R-TfaEn,0.012541816,oMHCIEn,0,membraneMarker,0,cMHCIEn,0,R-TfEn,7.71E-08,pepMHCIEn,0,REn,0.001395304,imCxEn,0
endosome1165J,initSolubleContent,ovaEn,0,protonEn,328.4738695,TfaEn,0.005205343,solubleMarker,0,mvb,0,FeEn,6.05E-09,TfEn,5.16E-07,pepEn,0,,
endosome1166V,initOrgProp,area,7539.822369,volume,50265.48246,xcoor,26.24979905,ycoor,25.81985686,zcoor,4,,,,,,,,
endosome1166V,initRabContent,RabD,7539.822369,,,,,,,,,,,,,,,,
endosome1166V,initMembraneContent,exCxEn,0,R-TfaEn,0.012541816,oMHCIEn,0,membraneMarker,0,cMHCIEn,0,R-TfEn,7.71E-08,pepMHCIEn,0,REn,0.001395304,imCxEn,0
endosome1166V,initSolubleContent,ovaEn,0,protonEn,932.4045934,TfaEn,0.005205343,solubleMarker,0,mvb,0,FeEn,6.05E-09,TfEn,5.16E-07,pepEn,0,,
endosome1167V,initOrgProp,area,7539.822369,volume,50265.48246,xcoor,25.9442215,ycoor,25.87578977,zcoor,4,,,,,,,,
endosome1167V,initRabContent,RabD,7539.822369,,,,,,,,,,,,,,,,
endosome1167V,initMembraneContent,exCxEn,0,R-TfaEn,0.012541816,oMHCIEn,0,membraneMarker,0,cMHCIEn,0,R-TfEn,7.71E-08,pepMHCIEn,0,REn,0.001395304,imCxEn,0
endosome1167V,initSolubleContent,ovaEn,0,protonEn,932.4045934,TfaEn,0.005205343,solubleMarker,0,mvb,0,FeEn,6.05E-09,TfEn,5.16E-07,pepEn,0,,
endosome1168k,initOrgProp,area,13823.00768,volume,125663.7061,xcoor,1.012772159,ycoor,45.24475201,zcoor,4,,,,,,,,
endosome1168k,initRabContent,RabC,1105.840614,RabB,12717.16706,,,,,,,,,,,,,,
endosome1168k,initMembraneContent,exCxEn,0,R-TfaEn,14.99823979,oMHCIEn,0,membraneMarker,0,cMHCIEn,0,R-TfEn,0.983426823,pepMHCIEn,0,REn,0.115318856,imCxEn,0
endosome1168k,initSolubleContent,ovaEn,0,protonEn,21.53762826,TfaEn,0.014743117,solubleMarker,0,mvb,0,FeEn,0.077037884,TfEn,4.96E-06,pepEn,0,,
endosome1169O,initOrgProp,area,18416.2658,volume,155460.98,xcoor,21.82149835,ycoor,19.37720139,zcoor,4,,,,,,,,
endosome1169O,initRabContent,RabE,18416.2658,,,,,,,,,,,,,,,,
endosome1169O,initMembraneContent,exCxEn,0,R-TfaEn,0.001932916,oMHCIEn,0,membraneMarker,0,cMHCIEn,0,R-TfEn,2.39E-07,pepMHCIEn,0,REn,0.008422495,imCxEn,0
endosome1169O,initSolubleContent,ovaEn,0,protonEn,15.55231644,TfaEn,0.034661736,solubleMarker,0,mvb,0,FeEn,1.66E-07,TfEn,3.71E-07,pepEn,0,,
endosome1170Q,initOrgProp,area,12566.37061,volume,100530.9649,xcoor,1.61236642,ycoor,40.89800777,zcoor,4,,,,,,,,
endosome1170Q,initRabContent,RabB,12566.37061,,,,,,,,,,,,,,,,
endosome1170Q,initMembraneContent,exCxEn,0,R-TfaEn,7.442118837,oMHCIEn,0,membraneMarker,0,cMHCIEn,0,R-TfEn,0.101206533,pepMHCIEn,0,REn,0.071529918,imCxEn,0
endosome1170Q,initSolubleContent,ovaEn,0,protonEn,17.31997729,TfaEn,0.010367457,solubleMarker,0,mvb,0,FeEn,0.007930466,TfEn,3.67E-06,pepEn,0,,
endosome1171n,initOrgProp,area,16437.12186,volume,136370.5085,xcoor,32.36867332,ycoor,20.07730841,zcoor,4,,,,,,,,
endosome1171n,initRabContent,RabI,3287.424372,RabH,13149.69749,,,,,,,,,,,,,,
endosome1171n,initMembraneContent,exCxEn,0,R-TfaEn,1.45E-04,oMHCIEn,0,membraneMarker,0,cMHCIEn,0,R-TfEn,5.23E-09,pepMHCIEn,0,REn,0.001336392,imCxEn,0
endosome1171n,initSolubleContent,ovaEn,0,protonEn,13.63705085,TfaEn,1.39E-04,solubleMarker,0,mvb,0,FeEn,4.37E-09,TfEn,4.76E-09,pepEn,0,,
endosome1172M,initOrgProp,area,13823.00768,volume,113097.3355,xcoor,0.946528608,ycoor,45.03294688,zcoor,4,,,,,,,,
endosome1172M,initRabContent,RabB,13823.00768,,,,,,,,,,,,,,,,
endosome1172M,initMembraneContent,R-TfaEn,0,R-TfEn,0,REn,0,,,,,,,,,,,,
endosome1172M,initSolubleContent,protonEn,7.719684831,TfaEn,0,FeEn,0,TfEn,0,,,,,,,,,,
endosome1173b,initOrgProp,area,7539.822369,volume,50265.48246,xcoor,25.17025762,ycoor,25.91345259,zcoor,4,,,,,,,,
endosome1173b,initRabContent,RabD,7539.822369,,,,,,,,,,,,,,,,
endosome1173b,initMembraneContent,exCxEn,0,R-TfaEn,0.012541816,oMHCIEn,0,membraneMarker,0,cMHCIEn,0,R-TfEn,7.71E-08,pepMHCIEn,0,REn,0.001395297,imCxEn,0
endosome1173b,initSolubleContent,ovaEn,0,protonEn,932.4045934,TfaEn,0.005205343,solubleMarker,0,mvb,0,FeEn,6.05E-09,TfEn,5.16E-07,pepEn,0,,
endosome1174v,initOrgProp,area,7539.822369,volume,50265.48246,xcoor,25.20009938,ycoor,26.10707665,zcoor,4,,,,,,,,
endosome1174v,initRabContent,RabD,7539.822369,,,,,,,,,,,,,,,,
endosome1174v,initMembraneContent,exCxEn,0,R-TfaEn,0.012541816,oMHCIEn,0,membraneMarker,0,cMHCIEn,0,R-TfEn,7.92E-08,pepMHCIEn,0,REn,0.001395297,imCxEn,0
endosome1174v,initSolubleContent,ovaEn,0,protonEn,932.4598854,TfaEn,0.00521057,solubleMarker,0,mvb,0,FeEn,6.22E-09,TfEn,5.17E-07,pepEn,0,,
endosome1175X,initOrgProp,area,13273.93216,volume,110444.2514,xcoor,25.01529206,ycoor,23.69873877,zcoor,4,,,,,,,,
endosome1175X,initRabContent,RabI,13273.93216,,,,,,,,,,,,,,,,
endosome1175X,initMembraneContent,exCxEn,0,R-TfaEn,0.003785779,oMHCIEn,0,membraneMarker,0,cMHCIEn,0,R-TfEn,5.20E-06,pepMHCIEn,0,REn,0.002737908,imCxEn,0
endosome1175X,initSolubleContent,ovaEn,0,protonEn,26.15231517,TfaEn,0.00284067,solubleMarker,0,mvb,0,FeEn,4.09E-07,TfEn,8.85E-08,pepEn,0,,
endosome1176E,initOrgProp,area,12566.37061,volume,100530.9649,xcoor,49.27790207,ycoor,27.47635005,zcoor,4,,,,,,,,
endosome1176E,initRabContent,RabA,12566.37061,,,,,,,,,,,,,,,,
endosome1176E,initMembraneContent,exCxEn,0,R-TfaEn,2.97E-04,oMHCIEn,0,membraneMarker,0,cMHCIEn,0,R-TfEn,8.95E-07,pepMHCIEn,0,REn,2.59E-06,imCxEn,0
endosome1176E,initSolubleContent,ovaEn,0,protonEn,34.77285652,TfaEn,0.010188311,solubleMarker,0,mvb,0,FeEn,7.09E-08,TfEn,3.65E-06,pepEn,0,,
endosome1177H,initOrgProp,area,31415.92654,volume,451886.6873,xcoor,48.86375805,ycoor,33.75664465,zcoor,4,,,,,,,,
endosome1177H,initRabContent,RabA,31415.92654,,,,,,,,,,,,,,,,
endosome1177H,initMembraneContent,exCxEn,0,R-TfaEn,0.229940706,oMHCIEn,0,membraneMarker,0,cMHCIEn,0,R-TfEn,0.042913527,pepMHCIEn,0,REn,0.002242701,imCxEn,0
endosome1177H,initSolubleContent,ovaEn,0,protonEn,149.1610172,TfaEn,0.049984542,solubleMarker,0,mvb,2,FeEn,0.003382241,TfEn,1.88E-05,pepEn,0,,
endosome1178z,initOrgProp,area,11309.73355,volume,95697.74545,xcoor,8.452870759,ycoor,8.834060469,zcoor,4,,,,,,,,
endosome1178z,initRabContent,RabA,11309.73355,,,,,,,,,,,,,,,,
endosome1178z,initMembraneContent,exCxEn,0,R-TfaEn,0.003364499,oMHCIEn,0,membraneMarker,0,cMHCIEn,0,R-TfEn,1.07E-08,pepMHCIEn,0,REn,2.17E-04,imCxEn,0
endosome1178z,initSolubleContent,ovaEn,0,protonEn,27.45108968,TfaEn,0.068052007,solubleMarker,0,mvb,0,FeEn,1.66E-09,TfEn,3.39E-06,pepEn,0,,
endosome1179e,initOrgProp,area,12566.37061,volume,100530.9649,xcoor,29.53175756,ycoor,0.68693538,zcoor,4,,,,,,,,
endosome1179e,initRabContent,RabB,12566.37061,,,,,,,,,,,,,,,,
endosome1179e,initMembraneContent,R-TfaEn,0,R-TfEn,0,REn,0,,,,,,,,,,,,
endosome1179e,initSolubleContent,protonEn,5.292452648,TfaEn,0,FeEn,0,TfEn,0,,,,,,,,,,
endosome1180N,initOrgProp,area,12566.37061,volume,100530.9649,xcoor,29.33388434,ycoor,0.64386552,zcoor,4,,,,,,,,
endosome1180N,initRabContent,RabA,12566.37061,,,,,,,,,,,,,,,,
endosome1180N,initMembraneContent,exCxEn,0,R-TfaEn,0.014783078,oMHCIEn,0,membraneMarker,0,cMHCIEn,0,R-TfEn,8.79E-04,pepMHCIEn,0,REn,1.42E-04,imCxEn,0
endosome1180N,initSolubleContent,ovaEn,0,protonEn,33.08112144,TfaEn,0.011571617,solubleMarker,0,mvb,0,FeEn,7.29E-05,TfEn,4.15E-06,pepEn,0,,
endosome1181T,initOrgProp,area,7539.822369,volume,50265.48246,xcoor,25.34691119,ycoor,25.96573514,zcoor,4,,,,,,,,
endosome1181T,initRabContent,RabD,7539.822369,,,,,,,,,,,,,,,,
endosome1181T,initMembraneContent,exCxEn,0,R-TfaEn,0.012583134,oMHCIEn,0,membraneMarker,0,cMHCIEn,0,R-TfEn,8.40E-08,pepMHCIEn,0,REn,0.001399889,imCxEn,0
endosome1181T,initSolubleContent,ovaEn,0,protonEn,932.6911066,TfaEn,0.005222081,solubleMarker,0,mvb,0,FeEn,6.60E-09,TfEn,5.18E-07,pepEn,0,,
endosome1182U,initOrgProp,area,7539.822369,volume,50265.48246,xcoor,25.20645655,ycoor,28.27508144,zcoor,4,,,,,,,,
endosome1182U,initRabContent,RabI,7539.822369,,,,,,,,,,,,,,,,
endosome1182U,initMembraneContent,exCxEn,0,R-TfaEn,0.002314311,oMHCIEn,0,membraneMarker,0,cMHCIEn,0,R-TfEn,1.02E-05,pepMHCIEn,0,REn,0.001883327,imCxEn,0
endosome1182U,initSolubleContent,ovaEn,0,protonEn,5.079427533,TfaEn,0.001146978,solubleMarker,0,mvb,0,FeEn,6.88E-06,TfEn,1.30E-08,pepEn,0,,
endosome1183o,initOrgProp,area,445831.9715,volume,2.67E+07,xcoor,25,ycoor,29.8,zcoor,4,,,,,,,,
endosome1183o,initRabContent,RabI,6516.979694,RabG,340731.1966,RabH,78915.64725,RabE,7373.370219,RabF,3994.370941,RabC,6860.25501,RabD,0,RabA,616.1512012,RabB,824.0005915
endosome1183o,initMembraneContent,exCxEn,0,R-TfaEn,2.725210342,oMHCIEn,0,membraneMarker,0,cMHCIEn,0,R-TfEn,0.011605987,pepMHCIEn,0,REn,2.693953062,imCxEn,0
endosome1183o,initSolubleContent,ovaEn,0,protonEn,2675.849856,TfaEn,0.651219813,solubleMarker,0,mvb,1,FeEn,0.004562026,TfEn,7.55E-06,pepEn,0,,
endosome1184g,initOrgProp,area,12303.39535,volume,103933.1942,xcoor,0.633811656,ycoor,3.372141207,zcoor,4,,,,,,,,
endosome1184g,initRabContent,RabA,12303.39535,,,,,,,,,,,,,,,,
endosome1184g,initMembraneContent,R-TfaEn,2.56E-05,exCxEn,0,oMHCIEn,0,membraneMarker,0,R-TfEn,5.39E-09,cMHCIEn,0,pepMHCIEn,0,REn,2.62E-07,imCxEn,0
endosome1184g,initSolubleContent,ovaEn,0,protonEn,33.51949447,TfaEn,0.010234863,solubleMarker,0,mvb,0,FeEn,4.85E-10,TfEn,2.26E-06,pepEn,0,,
endosome1185g,initOrgProp,area,10640.76067,volume,89888.05235,xcoor,2.172397287,ycoor,4.431074611,zcoor,4,,,,,,,,
endosome1185g,initRabContent,RabC,10640.76067,,,,,,,,,,,,,,,,
endosome1185g,initMembraneContent,R-TfaEn,0.022195988,exCxEn,0,oMHCIEn,0,membraneMarker,0,R-TfEn,5.66E-06,cMHCIEn,0,pepMHCIEn,0,REn,2.27E-04,imCxEn,0
endosome1185g,initSolubleContent,ovaEn,0,protonEn,15.84978049,TfaEn,0.008852121,solubleMarker,0,mvb,0,FeEn,4.42E-07,TfEn,1.96E-06,pepEn,0,,
endosome1186J,initOrgProp,area,12303.39535,volume,103933.1942,xcoor,0.912141459,ycoor,3.942110681,zcoor,4,,,,,,,,
endosome1186J,initRabContent,RabA,12303.39535,,,,,,,,,,,,,,,,
endosome1186J,initMembraneContent,R-TfaEn,2.56E-05,exCxEn,0,oMHCIEn,0,membraneMarker,0,R-TfEn,5.39E-09,cMHCIEn,0,pepMHCIEn,0,REn,2.62E-07,imCxEn,0
endosome1186J,initSolubleContent,ovaEn,0,protonEn,33.51949447,TfaEn,0.010234863,solubleMarker,0,mvb,0,FeEn,4.85E-10,TfEn,2.26E-06,pepEn,0,,
endosome1187u,initOrgProp,area,7539.822369,volume,50265.48246,xcoor,28.70137374,ycoor,1.58734663,zcoor,4,,,,,,,,
endosome1187u,initRabContent,RabA,7539.822369,,,,,,,,,,,,,,,,
endosome1187u,initMembraneContent,exCxEn,0,R-TfaEn,1.36338084,oMHCIEn,0,membraneMarker,0,cMHCIEn,0,R-TfEn,0.351899344,pepMHCIEn,0,REn,0.012481422,imCxEn,0
endosome1187u,initSolubleContent,ovaEn,0,protonEn,16.51004957,TfaEn,0.006588297,solubleMarker,0,mvb,0,FeEn,0.027624552,TfEn,2.09E-06,pepEn,0,,
endosome1188e,initOrgProp,area,13823.00768,volume,113097.3355,xcoor,48.21322656,ycoor,23.61828336,zcoor,4,,,,,,,,
endosome1188e,initRabContent,RabI,13823.00768,,,,,,,,,,,,,,,,
endosome1188e,initMembraneContent,exCxEn,0,R-TfaEn,7.69E-08,oMHCIEn,0,membraneMarker,0,cMHCIEn,0,R-TfEn,1.74E-09,pepMHCIEn,0,REn,8.96E-06,imCxEn,0
endosome1188e,initSolubleContent,ovaEn,0,protonEn,11.30957522,TfaEn,1.76E-06,solubleMarker,0,mvb,0,FeEn,5.76E-09,TfEn,1.80E-11,pepEn,0,,
endosome1189n,initOrgProp,area,18221.23739,volume,163362.818,xcoor,45.12759714,ycoor,0.58307582,zcoor,4,,,,,,,,
endosome1189n,initRabContent,RabA,18221.23739,,,,,,,,,,,,,,,,
endosome1189n,initMembraneContent,exCxEn,0,R-TfaEn,0.003310343,oMHCIEn,0,membraneMarker,0,cMHCIEn,0,R-TfEn,2.05E-04,pepMHCIEn,0,REn,1.26E-04,imCxEn,0
endosome1189n,initSolubleContent,ovaEn,0,protonEn,46.10539803,TfaEn,0.029561319,solubleMarker,0,mvb,0,FeEn,4.51E-05,TfEn,3.22E-06,pepEn,0,,
endosome1190C,initOrgProp,area,18221.23739,volume,163362.818,xcoor,45.30984795,ycoor,1.189931619,zcoor,4,,,,,,,,
endosome1190C,initRabContent,RabA,16399.11365,RabB,1822.123739,,,,,,,,,,,,,,
endosome1190C,initMembraneContent,exCxEn,0,R-TfaEn,0.003310343,oMHCIEn,0,membraneMarker,0,cMHCIEn,0,R-TfEn,2.05E-04,pepMHCIEn,0,REn,1.26E-04,imCxEn,0
endosome1190C,initSolubleContent,ovaEn,0,protonEn,46.10539803,TfaEn,0.029561319,solubleMarker,0,mvb,0,FeEn,4.51E-05,TfEn,3.22E-06,pepEn,0,,
endosome1191C,initOrgProp,area,13665.92804,volume,122522.1135,xcoor,44.70139825,ycoor,1.420845718,zcoor,4,,,,,,,,
endosome1191C,initRabContent,RabB,13665.92804,,,,,,,,,,,,,,,,
endosome1191C,initMembraneContent,exCxEn,0,R-TfaEn,2.420413514,oMHCIEn,0,membraneMarker,0,cMHCIEn,0,R-TfEn,0.218779209,pepMHCIEn,0,REn,0.094775671,imCxEn,0
endosome1191C,initSolubleContent,ovaEn,0,protonEn,17.18237867,TfaEn,0.022478397,solubleMarker,0,mvb,0,FeEn,0.015591552,TfEn,2.42E-06,pepEn,0,,
endosome1192a,initOrgProp,area,13665.92804,volume,122522.1135,xcoor,44.7588807,ycoor,1.477864929,zcoor,4,,,,,,,,
endosome1192a,initRabContent,RabB,13665.92804,,,,,,,,,,,,,,,,
endosome1192a,initMembraneContent,exCxEn,0,R-TfaEn,2.420413514,oMHCIEn,0,membraneMarker,0,cMHCIEn,0,R-TfEn,0.218779209,pepMHCIEn,0,REn,0.094775671,imCxEn,0
endosome1192a,initSolubleContent,ovaEn,0,protonEn,17.18237867,TfaEn,0.022478397,solubleMarker,0,mvb,0,FeEn,0.015591552,TfEn,2.42E-06,pepEn,0,,
endosome1193y,initOrgProp,area,12566.37061,volume,100530.9649,xcoor,29.13654444,ycoor,21.96649589,zcoor,4,,,,,,,,
endosome1193y,initRabContent,RabH,12566.37061,,,,,,,,,,,,,,,,
endosome1193y,initMembraneContent,exCxEn,0,R-TfaEn,3.48E-04,oMHCIEn,0,membraneMarker,0,cMHCIEn,0,R-TfEn,4.82E-08,pepMHCIEn,0,REn,0.002916818,imCxEn,0
endosome1193y,initSolubleContent,ovaEn,0,protonEn,29.61300421,TfaEn,0.005266747,solubleMarker,0,mvb,0,FeEn,3.86E-09,TfEn,1.58E-07,pepEn,0,,
endosome1194A,initOrgProp,area,15079.64474,volume,133862.087,xcoor,16.16380548,ycoor,3.452460647,zcoor,4,,,,,,,,
endosome1194A,initRabContent,RabB,15079.64474,,,,,,,,,,,,,,,,
endosome1194A,initMembraneContent,exCxEn,0,R-TfaEn,34.00113056,oMHCIEn,0,membraneMarker,0,cMHCIEn,0,R-TfEn,1.032862171,pepMHCIEn,0,REn,1.127410035,imCxEn,0
endosome1194A,initSolubleContent,ovaEn,0,protonEn,30.66673323,TfaEn,0.076549034,solubleMarker,0,mvb,0,FeEn,0.081041982,TfEn,5.28E-06,pepEn,0,,
endosome1195o,initOrgProp,area,20145.46289,volume,178831.3818,xcoor,16.03158102,ycoor,3.524560435,zcoor,4,,,,,,,,
endosome1195o,initRabContent,RabA,2882.41126,RabB,17263.05163,,,,,,,,,,,,,,
endosome1195o,initMembraneContent,exCxEn,0,R-TfaEn,34.03213337,oMHCIEn,0,membraneMarker,0,cMHCIEn,0,R-TfEn,1.031342944,pepMHCIEn,0,REn,1.128311115,imCxEn,0
endosome1195o,initSolubleContent,ovaEn,0,protonEn,50.4984056,TfaEn,0.102200525,solubleMarker,0,mvb,0,FeEn,0.080001113,TfEn,7.05E-06,pepEn,0,,
endosome1196L,initOrgProp,area,12566.37061,volume,100530.9649,xcoor,48.78596939,ycoor,10.89753955,zcoor,4,,,,,,,,
endosome1196L,initRabContent,RabA,11812.38838,RabB,753.9822369,,,,,,,,,,,,,,
endosome1196L,initMembraneContent,exCxEn,0,R-TfaEn,2.089221946,oMHCIEn,0,membraneMarker,0,cMHCIEn,0,R-TfEn,0.004575767,pepMHCIEn,0,REn,0.012921622,imCxEn,0
endosome1196L,initSolubleContent,ovaEn,0,protonEn,33.31063363,TfaEn,0.009753404,solubleMarker,0,mvb,0,FeEn,3.46E-04,TfEn,4.10E-06,pepEn,0,,
endosome1197T,initOrgProp,area,27646.01535,volume,301592.8947,xcoor,3.099578332,ycoor,11.96708624,zcoor,4,,,,,,,,
endosome1197T,initRabContent,RabA,27646.01535,,,,,,,,,,,,,,,,
endosome1197T,initMembraneContent,exCxEn,0,R-TfaEn,0.018049282,oMHCIEn,0,membraneMarker,0,cMHCIEn,0,R-TfEn,1.88E-05,pepMHCIEn,0,REn,2.51E-04,imCxEn,0
endosome1197T,initSolubleContent,ovaEn,0,protonEn,145.1204691,TfaEn,0.067124324,solubleMarker,0,mvb,0,FeEn,1.48E-06,TfEn,1.20E-05,pepEn,0,,
endosome1198s,initOrgProp,area,7539.822369,volume,50265.48246,xcoor,3.072444698,ycoor,11.94253831,zcoor,4,,,,,,,,
endosome1198s,initRabContent,RabA,6785.840132,RabB,753.9822369,,,,,,,,,,,,,,
endosome1198s,initMembraneContent,exCxEn,0,R-TfaEn,0.004922531,oMHCIEn,0,membraneMarker,0,cMHCIEn,0,R-TfEn,5.12E-06,pepMHCIEn,0,REn,6.85E-05,imCxEn,0
endosome1198s,initSolubleContent,ovaEn,0,protonEn,24.18674485,TfaEn,0.011187387,solubleMarker,0,mvb,0,FeEn,4.03E-07,TfEn,2.00E-06,pepEn,0,,
endosome1199n,initOrgProp,area,21362.83004,volume,175929.1886,xcoor,3.317118464,ycoor,11.9985683,zcoor,4,,,,,,,,
endosome1199n,initRabContent,RabA,21362.83004,,,,,,,,,,,,,,,,
endosome1199n,initMembraneContent,exCxEn,0,R-TfaEn,0.013947151,oMHCIEn,0,membraneMarker,0,cMHCIEn,0,R-TfEn,1.45E-05,pepMHCIEn,0,REn,1.94E-04,imCxEn,0
endosome1199n,initSolubleContent,ovaEn,0,protonEn,84.65360697,TfaEn,0.039155856,solubleMarker,0,mvb,0,FeEn,1.14E-06,TfEn,6.99E-06,pepEn,0,,
endosome1200U,initOrgProp,area,18221.23739,volume,163362.818,xcoor,21.39119928,ycoor,24.36345384,zcoor,4,,,,,,,,
endosome1200U,initRabContent,RabI,18221.23739,,,,,,,,,,,,,,,,
endosome1200U,initMembraneContent,exCxEn,0,R-TfaEn,0.00208604,oMHCIEn,0,membraneMarker,0,cMHCIEn,0,R-TfEn,1.63E-08,pepMHCIEn,0,REn,0.003726535,imCxEn,0
endosome1200U,initSolubleContent,ovaEn,0,protonEn,36.23616011,TfaEn,0.002839327,solubleMarker,0,mvb,0,FeEn,1.30E-09,TfEn,1.69E-07,pepEn,0,,
endosome1201S,initOrgProp,area,21697.7399,volume,201943.7019,xcoor,26.37129325,ycoor,25.06704311,zcoor,4,,,,,,,,
endosome1201S,initRabContent,RabI,21697.7399,,,,,,,,,,,,,,,,
endosome1201S,initMembraneContent,exCxEn,0,R-TfaEn,0.004827834,oMHCIEn,0,membraneMarker,0,cMHCIEn,0,R-TfEn,1.64E-05,pepMHCIEn,0,REn,0.003861785,imCxEn,0
endosome1201S,initSolubleContent,ovaEn,0,protonEn,22.63061901,TfaEn,0.004163393,solubleMarker,0,mvb,0,FeEn,4.55E-06,TfEn,5.09E-08,pepEn,0,,
endosome1202W,initOrgProp,area,8516.228453,volume,76720.03448,xcoor,24.99493743,ycoor,25.50757088,zcoor,4,,,,,,,,
endosome1202W,initRabContent,RabG,8516.228453,,,,,,,,,,,,,,,,
endosome1202W,initMembraneContent,exCxEn,0,R-TfaEn,0.001898991,oMHCIEn,0,membraneMarker,0,cMHCIEn,0,R-TfEn,6.51E-06,pepMHCIEn,0,REn,0.001528859,imCxEn,0
endosome1202W,initSolubleContent,ovaEn,0,protonEn,8.604320055,TfaEn,0.001570476,solubleMarker,0,mvb,0,FeEn,1.79E-06,TfEn,1.92E-08,pepEn,0,,
endosome1203z,initOrgProp,area,12258.35574,volume,97584.67048,xcoor,23.19658815,ycoor,19.9858237,zcoor,4,,,,,,,,
endosome1203z,initRabContent,RabI,12258.35574,,,,,,,,,,,,,,,,
endosome1203z,initMembraneContent,exCxEn,0,R-TfaEn,0.003323081,oMHCIEn,0,membraneMarker,0,cMHCIEn,0,R-TfEn,9.77E-06,pepMHCIEn,0,REn,0.004474018,imCxEn,0
endosome1203z,initSolubleContent,ovaEn,0,protonEn,9.758467048,TfaEn,0.004633447,solubleMarker,0,mvb,0,FeEn,1.97E-06,TfEn,7.99E-08,pepEn,0,,
endosome1204r,initOrgProp,area,7539.822369,volume,50265.48246,xcoor,13.58780787,ycoor,49.06114802,zcoor,4,,,,,,,,
endosome1204r,initRabContent,RabA,6785.840132,RabB,753.9822369,,,,,,,,,,,,,,
endosome1204r,initMembraneContent,exCxEn,0,R-TfaEn,0.005380184,oMHCIEn,0,membraneMarker,0,cMHCIEn,0,R-TfEn,5.82E-07,pepMHCIEn,0,REn,3.35E-05,imCxEn,0
endosome1204r,initSolubleContent,ovaEn,0,protonEn,16.16749031,TfaEn,0.007069941,solubleMarker,0,mvb,0,FeEn,4.98E-08,TfEn,1.64E-06,pepEn,0,,
endosome1205m,initOrgProp,area,7539.822369,volume,50265.48246,xcoor,25.11949371,ycoor,25.86117591,zcoor,4,,,,,,,,
endosome1205m,initRabContent,RabD,7539.822369,,,,,,,,,,,,,,,,
endosome1205m,initMembraneContent,exCxEn,0,R-TfaEn,0.01421445,oMHCIEn,0,membraneMarker,0,cMHCIEn,0,R-TfEn,9.63E-08,pepMHCIEn,0,REn,0.001415293,imCxEn,0
endosome1205m,initSolubleContent,ovaEn,0,protonEn,931.6556377,TfaEn,0.005230526,solubleMarker,0,mvb,0,FeEn,7.57E-09,TfEn,5.20E-07,pepEn,0,,
endosome1206B,initOrgProp,area,7539.822369,volume,50265.48246,xcoor,25.16408843,ycoor,25.91628822,zcoor,4,,,,,,,,
endosome1206B,initRabContent,RabD,7539.822369,,,,,,,,,,,,,,,,
endosome1206B,initMembraneContent,exCxEn,0,R-TfaEn,0.01421445,oMHCIEn,0,membraneMarker,0,cMHCIEn,0,R-TfEn,9.63E-08,pepMHCIEn,0,REn,0.001415293,imCxEn,0
endosome1206B,initSolubleContent,ovaEn,0,protonEn,931.6556377,TfaEn,0.005230526,solubleMarker,0,mvb,0,FeEn,7.57E-09,TfEn,5.20E-07,pepEn,0,,
endosome1207O,initOrgProp,area,7539.822369,volume,50265.48246,xcoor,25.24655289,ycoor,25.91419109,zcoor,4,,,,,,,,
endosome1207O,initRabContent,RabD,7539.822369,,,,,,,,,,,,,,,,
endosome1207O,initMembraneContent,exCxEn,0,R-TfaEn,0.01421445,oMHCIEn,0,membraneMarker,0,cMHCIEn,0,R-TfEn,9.63E-08,pepMHCIEn,0,REn,0.001415293,imCxEn,0
endosome1207O,initSolubleContent,ovaEn,0,protonEn,931.6556377,TfaEn,0.005230526,solubleMarker,0,mvb,0,FeEn,7.57E-09,TfEn,5.20E-07,pepEn,0,,
endosome1208U,initOrgProp,area,7539.822369,volume,50265.48246,xcoor,25.34054701,ycoor,25.91030334,zcoor,4,,,,,,,,
endosome1208U,initRabContent,RabD,7539.822369,,,,,,,,,,,,,,,,
endosome1208U,initMembraneContent,exCxEn,0,R-TfaEn,0.01421445,oMHCIEn,0,membraneMarker,0,cMHCIEn,0,R-TfEn,9.63E-08,pepMHCIEn,0,REn,0.001415293,imCxEn,0
endosome1208U,initSolubleContent,ovaEn,0,protonEn,931.6556377,TfaEn,0.005230526,solubleMarker,0,mvb,0,FeEn,7.57E-09,TfEn,5.20E-07,pepEn,0,,
endosome1209p,initOrgProp,area,7539.822369,volume,50265.48246,xcoor,25.01696867,ycoor,25.86165775,zcoor,4,,,,,,,,
endosome1209p,initRabContent,RabD,7539.822369,,,,,,,,,,,,,,,,
endosome1209p,initMembraneContent,exCxEn,0,R-TfaEn,0.01421445,oMHCIEn,0,membraneMarker,0,cMHCIEn,0,R-TfEn,9.63E-08,pepMHCIEn,0,REn,0.001415293,imCxEn,0
endosome1209p,initSolubleContent,ovaEn,0,protonEn,931.6556377,TfaEn,0.005230526,solubleMarker,0,mvb,0,FeEn,7.57E-09,TfEn,5.20E-07,pepEn,0,,
endosome1210b,initOrgProp,area,7539.822369,volume,50265.48246,xcoor,25.39192499,ycoor,25.9299119,zcoor,4,,,,,,,,
endosome1210b,initRabContent,RabD,7539.822369,,,,,,,,,,,,,,,,
endosome1210b,initMembraneContent,exCxEn,0,R-TfaEn,0.01421445,oMHCIEn,0,membraneMarker,0,cMHCIEn,0,R-TfEn,9.63E-08,pepMHCIEn,0,REn,0.001415293,imCxEn,0
endosome1210b,initSolubleContent,ovaEn,0,protonEn,931.6556377,TfaEn,0.005230526,solubleMarker,0,mvb,0,FeEn,7.57E-09,TfEn,5.20E-07,pepEn,0,,
endosome1211F,initOrgProp,area,7539.822369,volume,50265.48246,xcoor,25.13141596,ycoor,25.972111,zcoor,4,,,,,,,,
endosome1211F,initRabContent,RabD,7539.822369,,,,,,,,,,,,,,,,
endosome1211F,initMembraneContent,exCxEn,0,R-TfaEn,0.01421445,oMHCIEn,0,membraneMarker,0,cMHCIEn,0,R-TfEn,9.63E-08,pepMHCIEn,0,REn,0.001415293,imCxEn,0
endosome1211F,initSolubleContent,ovaEn,0,protonEn,931.6556377,TfaEn,0.005230526,solubleMarker,0,mvb,0,FeEn,7.57E-09,TfEn,5.20E-07,pepEn,0,,
endosome1212U,initOrgProp,area,7539.822369,volume,50265.48246,xcoor,25.17525882,ycoor,25.88757173,zcoor,4,,,,,,,,
endosome1212U,initRabContent,RabD,7539.822369,,,,,,,,,,,,,,,,
endosome1212U,initMembraneContent,exCxEn,0,R-TfaEn,0.01421445,oMHCIEn,0,membraneMarker,0,cMHCIEn,0,R-TfEn,9.63E-08,pepMHCIEn,0,REn,0.001415293,imCxEn,0
endosome1212U,initSolubleContent,ovaEn,0,protonEn,931.6556377,TfaEn,0.005230526,solubleMarker,0,mvb,0,FeEn,7.57E-09,TfEn,5.20E-07,pepEn,0,,
endosome1213u,initOrgProp,area,7539.822369,volume,50265.48246,xcoor,25.04846939,ycoor,26.02277097,zcoor,4,,,,,,,,
endosome1213u,initRabContent,RabD,7539.822369,,,,,,,,,,,,,,,,
endosome1213u,initMembraneContent,exCxEn,0,R-TfaEn,0.01421445,oMHCIEn,0,membraneMarker,0,cMHCIEn,0,R-TfEn,9.63E-08,pepMHCIEn,0,REn,0.001415293,imCxEn,0
endosome1213u,initSolubleContent,ovaEn,0,protonEn,931.6556377,TfaEn,0.005230526,solubleMarker,0,mvb,0,FeEn,7.57E-09,TfEn,5.20E-07,pepEn,0,,
endosome1214h,initOrgProp,area,7539.822369,volume,50265.48246,xcoor,25.16011737,ycoor,25.9688762,zcoor,4,,,,,,,,
endosome1214h,initRabContent,RabD,7539.822369,,,,,,,,,,,,,,,,
endosome1214h,initMembraneContent,exCxEn,0,R-TfaEn,0.01421445,oMHCIEn,0,membraneMarker,0,cMHCIEn,0,R-TfEn,9.63E-08,pepMHCIEn,0,REn,0.001415293,imCxEn,0
endosome1214h,initSolubleContent,ovaEn,0,protonEn,931.6556377,TfaEn,0.005230526,solubleMarker,0,mvb,0,FeEn,7.57E-09,TfEn,5.20E-07,pepEn,0,,
endosome1215s,initOrgProp,area,7539.822369,volume,50265.48246,xcoor,25.29714946,ycoor,25.83190155,zcoor,4,,,,,,,,
endosome1215s,initRabContent,RabD,7539.822369,,,,,,,,,,,,,,,,
endosome1215s,initMembraneContent,exCxEn,0,R-TfaEn,0.01421445,oMHCIEn,0,membraneMarker,0,cMHCIEn,0,R-TfEn,9.63E-08,pepMHCIEn,0,REn,0.001415293,imCxEn,0
endosome1215s,initSolubleContent,ovaEn,0,protonEn,931.6556377,TfaEn,0.005230526,solubleMarker,0,mvb,0,FeEn,7.57E-09,TfEn,5.20E-07,pepEn,0,,
endosome1216t,initOrgProp,area,7539.822369,volume,50265.48246,xcoor,25.3330761,ycoor,25.82952103,zcoor,4,,,,,,,,
endosome1216t,initRabContent,RabD,7539.822369,,,,,,,,,,,,,,,,
endosome1216t,initMembraneContent,exCxEn,0,R-TfaEn,0.01421445,oMHCIEn,0,membraneMarker,0,cMHCIEn,0,R-TfEn,9.63E-08,pepMHCIEn,0,REn,0.001415293,imCxEn,0
endosome1216t,initSolubleContent,ovaEn,0,protonEn,931.6556377,TfaEn,0.005230526,solubleMarker,0,mvb,0,FeEn,7.57E-09,TfEn,5.20E-07,pepEn,0,,
endosome1217k,initOrgProp,area,7539.822369,volume,50265.48246,xcoor,25.20055174,ycoor,25.94449062,zcoor,4,,,,,,,,
endosome1217k,initRabContent,RabD,7539.822369,,,,,,,,,,,,,,,,
endosome1217k,initMembraneContent,exCxEn,0,R-TfaEn,0.01421445,oMHCIEn,0,membraneMarker,0,cMHCIEn,0,R-TfEn,9.63E-08,pepMHCIEn,0,REn,0.001415293,imCxEn,0
endosome1217k,initSolubleContent,ovaEn,0,protonEn,931.6556377,TfaEn,0.005230526,solubleMarker,0,mvb,0,FeEn,7.57E-09,TfEn,5.20E-07,pepEn,0,,
endosome1218N,initOrgProp,area,7539.822369,volume,50265.48246,xcoor,25.24470113,ycoor,25.98989261,zcoor,4,,,,,,,,
endosome1218N,initRabContent,RabD,7539.822369,,,,,,,,,,,,,,,,
endosome1218N,initMembraneContent,exCxEn,0,R-TfaEn,0.01421445,oMHCIEn,0,membraneMarker,0,cMHCIEn,0,R-TfEn,9.63E-08,pepMHCIEn,0,REn,0.001415293,imCxEn,0
endosome1218N,initSolubleContent,ovaEn,0,protonEn,931.6556377,TfaEn,0.005230526,solubleMarker,0,mvb,0,FeEn,7.57E-09,TfEn,5.20E-07,pepEn,0,,
endosome1219q,initOrgProp,area,7539.822369,volume,50265.48246,xcoor,25.043356,ycoor,25.95569144,zcoor,4,,,,,,,,
endosome1219q,initRabContent,RabD,7539.822369,,,,,,,,,,,,,,,,
endosome1219q,initMembraneContent,exCxEn,0,R-TfaEn,0.01421445,oMHCIEn,0,membraneMarker,0,cMHCIEn,0,R-TfEn,9.63E-08,pepMHCIEn,0,REn,0.001415293,imCxEn,0
endosome1219q,initSolubleContent,ovaEn,0,protonEn,931.6556377,TfaEn,0.005230526,solubleMarker,0,mvb,0,FeEn,7.57E-09,TfEn,5.20E-07,pepEn,0,,
endosome1220g,initOrgProp,area,7539.822369,volume,50265.48246,xcoor,25.27724706,ycoor,25.93959154,zcoor,4,,,,,,,,
endosome1220g,initRabContent,RabD,7539.822369,,,,,,,,,,,,,,,,
endosome1220g,initMembraneContent,exCxEn,0,R-TfaEn,0.01421445,oMHCIEn,0,membraneMarker,0,cMHCIEn,0,R-TfEn,9.63E-08,pepMHCIEn,0,REn,0.001415293,imCxEn,0
endosome1220g,initSolubleContent,ovaEn,0,protonEn,931.6556377,TfaEn,0.005230526,solubleMarker,0,mvb,0,FeEn,7.57E-09,TfEn,5.20E-07,pepEn,0,,
endosome1221g,initOrgProp,area,7539.822369,volume,50265.48246,xcoor,25.18396376,ycoor,25.95897303,zcoor,4,,,,,,,,
endosome1221g,initRabContent,RabD,7539.822369,,,,,,,,,,,,,,,,
endosome1221g,initMembraneContent,exCxEn,0,R-TfaEn,0.01421445,oMHCIEn,0,membraneMarker,0,cMHCIEn,0,R-TfEn,9.63E-08,pepMHCIEn,0,REn,0.001415293,imCxEn,0
endosome1221g,initSolubleContent,ovaEn,0,protonEn,931.6556377,TfaEn,0.005230526,solubleMarker,0,mvb,0,FeEn,7.57E-09,TfEn,5.20E-07,pepEn,0,,
endosome1222l,initOrgProp,area,7539.822369,volume,50265.48246,xcoor,25.12670211,ycoor,25.9403559,zcoor,4,,,,,,,,
endosome1222l,initRabContent,RabD,7539.822369,,,,,,,,,,,,,,,,
endosome1222l,initMembraneContent,exCxEn,0,R-TfaEn,0.01421445,oMHCIEn,0,membraneMarker,0,cMHCIEn,0,R-TfEn,9.63E-08,pepMHCIEn,0,REn,0.001415293,imCxEn,0
endosome1222l,initSolubleContent,ovaEn,0,protonEn,931.6556377,TfaEn,0.005230526,solubleMarker,0,mvb,0,FeEn,7.57E-09,TfEn,5.20E-07,pepEn,0,,
endosome1223K,initOrgProp,area,7539.822369,volume,50265.48246,xcoor,25.31604749,ycoor,25.89130286,zcoor,4,,,,,,,,
endosome1223K,initRabContent,RabD,7539.822369,,,,,,,,,,,,,,,,
endosome1223K,initMembraneContent,exCxEn,0,R-TfaEn,0.01421445,oMHCIEn,0,membraneMarker,0,cMHCIEn,0,R-TfEn,9.63E-08,pepMHCIEn,0,REn,0.001415293,imCxEn,0
endosome1223K,initSolubleContent,ovaEn,0,protonEn,931.6556377,TfaEn,0.005230526,solubleMarker,0,mvb,0,FeEn,7.57E-09,TfEn,5.20E-07,pepEn,0,,
endosome1224o,initOrgProp,area,7539.822369,volume,50265.48246,xcoor,25.09261185,ycoor,26.07514773,zcoor,4,,,,,,,,
endosome1224o,initRabContent,RabD,7539.822369,,,,,,,,,,,,,,,,
endosome1224o,initMembraneContent,exCxEn,0,R-TfaEn,0.01421445,oMHCIEn,0,membraneMarker,0,cMHCIEn,0,R-TfEn,9.63E-08,pepMHCIEn,0,REn,0.001415293,imCxEn,0
endosome1224o,initSolubleContent,ovaEn,0,protonEn,931.6556377,TfaEn,0.005230526,solubleMarker,0,mvb,0,FeEn,7.57E-09,TfEn,5.20E-07,pepEn,0,,
endosome1225D,initOrgProp,area,7539.822369,volume,50265.48246,xcoor,25.16542883,ycoor,25.68810424,zcoor,4,,,,,,,,
endosome1225D,initRabContent,RabD,7539.822369,,,,,,,,,,,,,,,,
endosome1225D,initMembraneContent,exCxEn,0,R-TfaEn,0.01421445,oMHCIEn,0,membraneMarker,0,cMHCIEn,0,R-TfEn,9.63E-08,pepMHCIEn,0,REn,0.001415293,imCxEn,0
endosome1225D,initSolubleContent,ovaEn,0,protonEn,931.6556377,TfaEn,0.005230526,solubleMarker,0,mvb,0,FeEn,7.57E-09,TfEn,5.20E-07,pepEn,0,,
endosome1226D,initOrgProp,area,7539.822369,volume,50265.48246,xcoor,25.28957901,ycoor,25.83526562,zcoor,4,,,,,,,,
endosome1226D,initRabContent,RabD,7539.822369,,,,,,,,,,,,,,,,
endosome1226D,initMembraneContent,exCxEn,0,R-TfaEn,0.01421445,oMHCIEn,0,membraneMarker,0,cMHCIEn,0,R-TfEn,9.63E-08,pepMHCIEn,0,REn,0.001415293,imCxEn,0
endosome1226D,initSolubleContent,ovaEn,0,protonEn,931.6556377,TfaEn,0.005230526,solubleMarker,0,mvb,0,FeEn,7.57E-09,TfEn,5.20E-07,pepEn,0,,
endosome1227Y,initOrgProp,area,7539.822369,volume,50265.48246,xcoor,25.11693957,ycoor,25.93317988,zcoor,4,,,,,,,,
endosome1227Y,initRabContent,RabD,7539.822369,,,,,,,,,,,,,,,,
endosome1227Y,initMembraneContent,exCxEn,0,R-TfaEn,0.01421445,oMHCIEn,0,membraneMarker,0,cMHCIEn,0,R-TfEn,9.63E-08,pepMHCIEn,0,REn,0.001415293,imCxEn,0
endosome1227Y,initSolubleContent,ovaEn,0,protonEn,931.6556377,TfaEn,0.005230526,solubleMarker,0,mvb,0,FeEn,7.57E-09,TfEn,5.20E-07,pepEn,0,,
endosome1228d,initOrgProp,area,7539.822369,volume,50265.48246,xcoor,25.32567823,ycoor,25.95871309,zcoor,4,,,,,,,,
endosome1228d,initRabContent,RabD,7539.822369,,,,,,,,,,,,,,,,
endosome1228d,initMembraneContent,exCxEn,0,R-TfaEn,0.01421445,oMHCIEn,0,membraneMarker,0,cMHCIEn,0,R-TfEn,9.63E-08,pepMHCIEn,0,REn,0.001415293,imCxEn,0
endosome1228d,initSolubleContent,ovaEn,0,protonEn,931.6556377,TfaEn,0.005230526,solubleMarker,0,mvb,0,FeEn,7.57E-09,TfEn,5.20E-07,pepEn,0,,
endosome1229R,initOrgProp,area,7539.822369,volume,50265.48246,xcoor,25.37824081,ycoor,25.97886336,zcoor,4,,,,,,,,
endosome1229R,initRabContent,RabD,7539.822369,,,,,,,,,,,,,,,,
endosome1229R,initMembraneContent,exCxEn,0,R-TfaEn,0.01421445,oMHCIEn,0,membraneMarker,0,cMHCIEn,0,R-TfEn,9.63E-08,pepMHCIEn,0,REn,0.001415293,imCxEn,0
endosome1229R,initSolubleContent,ovaEn,0,protonEn,931.6556377,TfaEn,0.005230526,solubleMarker,0,mvb,0,FeEn,7.57E-09,TfEn,5.20E-07,pepEn,0,,
endosome1230Z,initOrgProp,area,7539.822369,volume,50265.48246,xcoor,25.17084883,ycoor,25.8560655,zcoor,4,,,,,,,,
endosome1230Z,initRabContent,RabD,7539.822369,,,,,,,,,,,,,,,,
endosome1230Z,initMembraneContent,exCxEn,0,R-TfaEn,0.01421445,oMHCIEn,0,membraneMarker,0,cMHCIEn,0,R-TfEn,9.63E-08,pepMHCIEn,0,REn,0.001415293,imCxEn,0
endosome1230Z,initSolubleContent,ovaEn,0,protonEn,931.6556377,TfaEn,0.005230526,solubleMarker,0,mvb,0,FeEn,7.57E-09,TfEn,5.20E-07,pepEn,0,,
endosome1231K,initOrgProp,area,7539.822369,volume,50265.48246,xcoor,24.9749439,ycoor,25.928054,zcoor,4,,,,,,,,
endosome1231K,initRabContent,RabD,7539.822369,,,,,,,,,,,,,,,,
endosome1231K,initMembraneContent,exCxEn,0,R-TfaEn,0.01421445,oMHCIEn,0,membraneMarker,0,cMHCIEn,0,R-TfEn,9.63E-08,pepMHCIEn,0,REn,0.001415293,imCxEn,0
endosome1231K,initSolubleContent,ovaEn,0,protonEn,931.6556377,TfaEn,0.005230526,solubleMarker,0,mvb,0,FeEn,7.57E-09,TfEn,5.20E-07,pepEn,0,,
endosome1232Y,initOrgProp,area,7539.822369,volume,50265.48246,xcoor,25.1666588,ycoor,25.84556333,zcoor,4,,,,,,,,
endosome1232Y,initRabContent,RabD,7539.822369,,,,,,,,,,,,,,,,
endosome1232Y,initMembraneContent,exCxEn,0,R-TfaEn,0.01421445,oMHCIEn,0,membraneMarker,0,cMHCIEn,0,R-TfEn,9.63E-08,pepMHCIEn,0,REn,0.001415293,imCxEn,0
endosome1232Y,initSolubleContent,ovaEn,0,protonEn,931.6556377,TfaEn,0.005230526,solubleMarker,0,mvb,0,FeEn,7.57E-09,TfEn,5.20E-07,pepEn,0,,
endosome1233E,initOrgProp,area,7539.822369,volume,50265.48246,xcoor,25.15847426,ycoor,25.9776873,zcoor,4,,,,,,,,
endosome1233E,initRabContent,RabD,7539.822369,,,,,,,,,,,,,,,,
endosome1233E,initMembraneContent,exCxEn,0,R-TfaEn,0.01421445,oMHCIEn,0,membraneMarker,0,cMHCIEn,0,R-TfEn,9.63E-08,pepMHCIEn,0,REn,0.001415293,imCxEn,0
endosome1233E,initSolubleContent,ovaEn,0,protonEn,931.6556377,TfaEn,0.005230526,solubleMarker,0,mvb,0,FeEn,7.57E-09,TfEn,5.20E-07,pepEn,0,,
endosome1234g,initOrgProp,area,7539.822369,volume,50265.48246,xcoor,25.16516709,ycoor,25.85144424,zcoor,4,,,,,,,,
endosome1234g,initRabContent,RabD,7539.822369,,,,,,,,,,,,,,,,
endosome1234g,initMembraneContent,exCxEn,0,R-TfaEn,0.01421445,oMHCIEn,0,membraneMarker,0,cMHCIEn,0,R-TfEn,9.63E-08,pepMHCIEn,0,REn,0.001415293,imCxEn,0
endosome1234g,initSolubleContent,ovaEn,0,protonEn,931.6556377,TfaEn,0.005230526,solubleMarker,0,mvb,0,FeEn,7.57E-09,TfEn,5.20E-07,pepEn,0,,
endosome1235B,initOrgProp,area,7539.822369,volume,50265.48246,xcoor,25.20017704,ycoor,25.95734315,zcoor,4,,,,,,,,
endosome1235B,initRabContent,RabD,7539.822369,,,,,,,,,,,,,,,,
endosome1235B,initMembraneContent,exCxEn,0,R-TfaEn,0.01421445,oMHCIEn,0,membraneMarker,0,cMHCIEn,0,R-TfEn,9.63E-08,pepMHCIEn,0,REn,0.001415293,imCxEn,0
endosome1235B,initSolubleContent,ovaEn,0,protonEn,931.6556377,TfaEn,0.005230526,solubleMarker,0,mvb,0,FeEn,7.57E-09,TfEn,5.20E-07,pepEn,0,,
endosome1236m,initOrgProp,area,7539.822369,volume,50265.48246,xcoor,25.05658496,ycoor,25.87597338,zcoor,4,,,,,,,,
endosome1236m,initRabContent,RabD,7539.822369,,,,,,,,,,,,,,,,
endosome1236m,initMembraneContent,exCxEn,0,R-TfaEn,0.01421445,oMHCIEn,0,membraneMarker,0,cMHCIEn,0,R-TfEn,9.63E-08,pepMHCIEn,0,REn,0.001415293,imCxEn,0
endosome1236m,initSolubleContent,ovaEn,0,protonEn,931.6556377,TfaEn,0.005230526,solubleMarker,0,mvb,0,FeEn,7.57E-09,TfEn,5.20E-07,pepEn,0,,
endosome1237X,initOrgProp,area,7539.822369,volume,50265.48246,xcoor,25.006745,ycoor,25.92858446,zcoor,4,,,,,,,,
endosome1237X,initRabContent,RabD,7539.822369,,,,,,,,,,,,,,,,
endosome1237X,initMembraneContent,exCxEn,0,R-TfaEn,0.01421445,oMHCIEn,0,membraneMarker,0,cMHCIEn,0,R-TfEn,9.63E-08,pepMHCIEn,0,REn,0.001415293,imCxEn,0
endosome1237X,initSolubleContent,ovaEn,0,protonEn,931.6556377,TfaEn,0.005230526,solubleMarker,0,mvb,0,FeEn,7.57E-09,TfEn,5.20E-07,pepEn,0,,
endosome1238g,initOrgProp,area,7539.822369,volume,50265.48246,xcoor,25.07721946,ycoor,25.9664472,zcoor,4,,,,,,,,
endosome1238g,initRabContent,RabD,7539.822369,,,,,,,,,,,,,,,,
endosome1238g,initMembraneContent,exCxEn,0,R-TfaEn,0.01421445,oMHCIEn,0,membraneMarker,0,cMHCIEn,0,R-TfEn,9.63E-08,pepMHCIEn,0,REn,0.001415293,imCxEn,0
endosome1238g,initSolubleContent,ovaEn,0,protonEn,931.6556377,TfaEn,0.005230526,solubleMarker,0,mvb,0,FeEn,7.57E-09,TfEn,5.20E-07,pepEn,0,,
endosome1239I,initOrgProp,area,7539.822369,volume,50265.48246,xcoor,25.28057372,ycoor,25.96798592,zcoor,4,,,,,,,,
endosome1239I,initRabContent,RabD,7539.822369,,,,,,,,,,,,,,,,
endosome1239I,initMembraneContent,exCxEn,0,R-TfaEn,0.01421445,oMHCIEn,0,membraneMarker,0,cMHCIEn,0,R-TfEn,9.63E-08,pepMHCIEn,0,REn,0.001415293,imCxEn,0
endosome1239I,initSolubleContent,ovaEn,0,protonEn,931.6556377,TfaEn,0.005230526,solubleMarker,0,mvb,0,FeEn,7.57E-09,TfEn,5.20E-07,pepEn,0,,
endosome1240o,initOrgProp,area,7539.822369,volume,50265.48246,xcoor,25.2769894,ycoor,25.7424628,zcoor,4,,,,,,,,
endosome1240o,initRabContent,RabD,7539.822369,,,,,,,,,,,,,,,,
endosome1240o,initMembraneContent,exCxEn,0,R-TfaEn,0.01421445,oMHCIEn,0,membraneMarker,0,cMHCIEn,0,R-TfEn,9.63E-08,pepMHCIEn,0,REn,0.001415293,imCxEn,0
endosome1240o,initSolubleContent,ovaEn,0,protonEn,931.6556377,TfaEn,0.005230526,solubleMarker,0,mvb,0,FeEn,7.57E-09,TfEn,5.20E-07,pepEn,0,,
endosome1241P,initOrgProp,area,7539.822369,volume,50265.48246,xcoor,25.27223529,ycoor,25.89398508,zcoor,4,,,,,,,,
endosome1241P,initRabContent,RabD,7539.822369,,,,,,,,,,,,,,,,
endosome1241P,initMembraneContent,exCxEn,0,R-TfaEn,0.01421445,oMHCIEn,0,membraneMarker,0,cMHCIEn,0,R-TfEn,9.63E-08,pepMHCIEn,0,REn,0.001415293,imCxEn,0
endosome1241P,initSolubleContent,ovaEn,0,protonEn,931.6556377,TfaEn,0.005230526,solubleMarker,0,mvb,0,FeEn,7.57E-09,TfEn,5.20E-07,pepEn,0,,
endosome1242k,initOrgProp,area,7539.822369,volume,50265.48246,xcoor,25.31572056,ycoor,25.95225278,zcoor,4,,,,,,,,
endosome1242k,initRabContent,RabD,7539.822369,,,,,,,,,,,,,,,,
endosome1242k,initMembraneContent,exCxEn,0,R-TfaEn,0.01421445,oMHCIEn,0,membraneMarker,0,cMHCIEn,0,R-TfEn,9.63E-08,pepMHCIEn,0,REn,0.001415293,imCxEn,0
endosome1242k,initSolubleContent,ovaEn,0,protonEn,931.6556377,TfaEn,0.005230526,solubleMarker,0,mvb,0,FeEn,7.57E-09,TfEn,5.20E-07,pepEn,0,,
endosome1243u,initOrgProp,area,7539.822369,volume,50265.48246,xcoor,25.3272842,ycoor,25.95466419,zcoor,4,,,,,,,,
endosome1243u,initRabContent,RabD,7539.822369,,,,,,,,,,,,,,,,
endosome1243u,initMembraneContent,exCxEn,0,R-TfaEn,0.01421445,oMHCIEn,0,membraneMarker,0,cMHCIEn,0,R-TfEn,9.63E-08,pepMHCIEn,0,REn,0.001415293,imCxEn,0
endosome1243u,initSolubleContent,ovaEn,0,protonEn,931.6556377,TfaEn,0.005230526,solubleMarker,0,mvb,0,FeEn,7.57E-09,TfEn,5.20E-07,pepEn,0,,
endosome1244Z,initOrgProp,area,7539.822369,volume,50265.48246,xcoor,25.20556715,ycoor,25.95323696,zcoor,4,,,,,,,,
endosome1244Z,initRabContent,RabD,7539.822369,,,,,,,,,,,,,,,,
endosome1244Z,initMembraneContent,exCxEn,0,R-TfaEn,0.01421445,oMHCIEn,0,membraneMarker,0,cMHCIEn,0,R-TfEn,9.63E-08,pepMHCIEn,0,REn,0.001415293,imCxEn,0
endosome1244Z,initSolubleContent,ovaEn,0,protonEn,931.6556377,TfaEn,0.005230526,solubleMarker,0,mvb,0,FeEn,7.57E-09,TfEn,5.20E-07,pepEn,0,,
endosome1245B,initOrgProp,area,7539.822369,volume,50265.48246,xcoor,25.21318281,ycoor,25.97902165,zcoor,4,,,,,,,,
endosome1245B,initRabContent,RabD,7539.822369,,,,,,,,,,,,,,,,
endosome1245B,initMembraneContent,exCxEn,0,R-TfaEn,0.01421445,oMHCIEn,0,membraneMarker,0,cMHCIEn,0,R-TfEn,9.63E-08,pepMHCIEn,0,REn,0.001415293,imCxEn,0
endosome1245B,initSolubleContent,ovaEn,0,protonEn,931.6556377,TfaEn,0.005230526,solubleMarker,0,mvb,0,FeEn,7.57E-09,TfEn,5.20E-07,pepEn,0,,
endosome1246R,initOrgProp,area,7539.822369,volume,50265.48246,xcoor,25.20264852,ycoor,25.94421403,zcoor,4,,,,,,,,
endosome1246R,initRabContent,RabD,7539.822369,,,,,,,,,,,,,,,,
endosome1246R,initMembraneContent,exCxEn,0,R-TfaEn,0.01421445,oMHCIEn,0,membraneMarker,0,cMHCIEn,0,R-TfEn,9.63E-08,pepMHCIEn,0,REn,0.001415293,imCxEn,0
endosome1246R,initSolubleContent,ovaEn,0,protonEn,931.6556377,TfaEn,0.005230526,solubleMarker,0,mvb,0,FeEn,7.57E-09,TfEn,5.20E-07,pepEn,0,,
endosome1247e,initOrgProp,area,7539.822369,volume,50265.48246,xcoor,25.30051113,ycoor,25.93135385,zcoor,4,,,,,,,,
endosome1247e,initRabContent,RabD,7539.822369,,,,,,,,,,,,,,,,
endosome1247e,initMembraneContent,exCxEn,0,R-TfaEn,0.01421445,oMHCIEn,0,membraneMarker,0,cMHCIEn,0,R-TfEn,9.63E-08,pepMHCIEn,0,REn,0.001415293,imCxEn,0
endosome1247e,initSolubleContent,ovaEn,0,protonEn,931.6556377,TfaEn,0.005230526,solubleMarker,0,mvb,0,FeEn,7.57E-09,TfEn,5.20E-07,pepEn,0,,
endosome1248I,initOrgProp,area,7539.822369,volume,50265.48246,xcoor,25.26048962,ycoor,25.93898813,zcoor,4,,,,,,,,
endosome1248I,initRabContent,RabD,7539.822369,,,,,,,,,,,,,,,,
endosome1248I,initMembraneContent,exCxEn,0,R-TfaEn,0.01421445,oMHCIEn,0,membraneMarker,0,cMHCIEn,0,R-TfEn,9.63E-08,pepMHCIEn,0,REn,0.001415293,imCxEn,0
endosome1248I,initSolubleContent,ovaEn,0,protonEn,931.6556377,TfaEn,0.005230526,solubleMarker,0,mvb,0,FeEn,7.57E-09,TfEn,5.20E-07,pepEn,0,,
endosome1249D,initOrgProp,area,7539.822369,volume,50265.48246,xcoor,25.19518608,ycoor,25.87172437,zcoor,4,,,,,,,,
endosome1249D,initRabContent,RabD,7539.822369,,,,,,,,,,,,,,,,
endosome1249D,initMembraneContent,exCxEn,0,R-TfaEn,0.01421445,oMHCIEn,0,membraneMarker,0,cMHCIEn,0,R-TfEn,9.63E-08,pepMHCIEn,0,REn,0.001415293,imCxEn,0
endosome1249D,initSolubleContent,ovaEn,0,protonEn,931.6556377,TfaEn,0.005230526,solubleMarker,0,mvb,0,FeEn,7.57E-09,TfEn,5.20E-07,pepEn,0,,
endosome1250G,initOrgProp,area,7539.822369,volume,50265.48246,xcoor,25.07152593,ycoor,26.11105526,zcoor,4,,,,,,,,
endosome1250G,initRabContent,RabD,7539.822369,,,,,,,,,,,,,,,,
endosome1250G,initMembraneContent,exCxEn,0,R-TfaEn,0.01421445,oMHCIEn,0,membraneMarker,0,cMHCIEn,0,R-TfEn,9.63E-08,pepMHCIEn,0,REn,0.001415293,imCxEn,0
endosome1250G,initSolubleContent,ovaEn,0,protonEn,931.6556377,TfaEn,0.005230526,solubleMarker,0,mvb,0,FeEn,7.57E-09,TfEn,5.20E-07,pepEn,0,,
endosome1251m,initOrgProp,area,7539.822369,volume,50265.48246,xcoor,25.17751722,ycoor,25.95838814,zcoor,4,,,,,,,,
endosome1251m,initRabContent,RabD,7539.822369,,,,,,,,,,,,,,,,
endosome1251m,initMembraneContent,exCxEn,0,R-TfaEn,0.01421445,oMHCIEn,0,membraneMarker,0,cMHCIEn,0,R-TfEn,9.63E-08,pepMHCIEn,0,REn,0.001415293,imCxEn,0
endosome1251m,initSolubleContent,ovaEn,0,protonEn,931.6556377,TfaEn,0.005230526,solubleMarker,0,mvb,0,FeEn,7.57E-09,TfEn,5.20E-07,pepEn,0,,
endosome1252B,initOrgProp,area,7539.822369,volume,50265.48246,xcoor,25.1370461,ycoor,25.93277181,zcoor,4,,,,,,,,
endosome1252B,initRabContent,RabD,7539.822369,,,,,,,,,,,,,,,,
endosome1252B,initMembraneContent,exCxEn,0,R-TfaEn,0.01421445,oMHCIEn,0,membraneMarker,0,cMHCIEn,0,R-TfEn,9.63E-08,pepMHCIEn,0,REn,0.001415293,imCxEn,0
endosome1252B,initSolubleContent,ovaEn,0,protonEn,931.6556377,TfaEn,0.005230526,solubleMarker,0,mvb,0,FeEn,7.57E-09,TfEn,5.20E-07,pepEn,0,,
endosome1253t,initOrgProp,area,7539.822369,volume,50265.48246,xcoor,25.15511686,ycoor,26.05358864,zcoor,4,,,,,,,,
endosome1253t,initRabContent,RabD,7539.822369,,,,,,,,,,,,,,,,
endosome1253t,initMembraneContent,exCxEn,0,R-TfaEn,0.01421445,oMHCIEn,0,membraneMarker,0,cMHCIEn,0,R-TfEn,9.63E-08,pepMHCIEn,0,REn,0.001415293,imCxEn,0
endosome1253t,initSolubleContent,ovaEn,0,protonEn,931.6556377,TfaEn,0.005230526,solubleMarker,0,mvb,0,FeEn,7.57E-09,TfEn,5.20E-07,pepEn,0,,
endosome1254i,initOrgProp,area,7539.822369,volume,50265.48246,xcoor,25.02282658,ycoor,25.89009781,zcoor,4,,,,,,,,
endosome1254i,initRabContent,RabD,7539.822369,,,,,,,,,,,,,,,,
endosome1254i,initMembraneContent,exCxEn,0,R-TfaEn,0.01421445,oMHCIEn,0,membraneMarker,0,cMHCIEn,0,R-TfEn,9.63E-08,pepMHCIEn,0,REn,0.001415293,imCxEn,0
endosome1254i,initSolubleContent,ovaEn,0,protonEn,931.6556377,TfaEn,0.005230526,solubleMarker,0,mvb,0,FeEn,7.57E-09,TfEn,5.20E-07,pepEn,0,,
endosome1255r,initOrgProp,area,7539.822369,volume,50265.48246,xcoor,25.16842543,ycoor,25.97807857,zcoor,4,,,,,,,,
endosome1255r,initRabContent,RabD,7539.822369,,,,,,,,,,,,,,,,
endosome1255r,initMembraneContent,exCxEn,0,R-TfaEn,0.01421445,oMHCIEn,0,membraneMarker,0,cMHCIEn,0,R-TfEn,9.63E-08,pepMHCIEn,0,REn,0.001415293,imCxEn,0
endosome1255r,initSolubleContent,ovaEn,0,protonEn,931.6556377,TfaEn,0.005230526,solubleMarker,0,mvb,0,FeEn,7.57E-09,TfEn,5.20E-07,pepEn,0,,
endosome1256U,initOrgProp,area,7539.822369,volume,50265.48246,xcoor,25.09766735,ycoor,26.09244905,zcoor,4,,,,,,,,
endosome1256U,initRabContent,RabD,7539.822369,,,,,,,,,,,,,,,,
endosome1256U,initMembraneContent,exCxEn,0,R-TfaEn,0.01421445,oMHCIEn,0,membraneMarker,0,cMHCIEn,0,R-TfEn,9.63E-08,pepMHCIEn,0,REn,0.001415293,imCxEn,0
endosome1256U,initSolubleContent,ovaEn,0,protonEn,931.6556377,TfaEn,0.005230526,solubleMarker,0,mvb,0,FeEn,7.57E-09,TfEn,5.20E-07,pepEn,0,,
endosome1257n,initOrgProp,area,7539.822369,volume,50265.48246,xcoor,25.33546156,ycoor,25.89772843,zcoor,4,,,,,,,,
endosome1257n,initRabContent,RabD,7539.822369,,,,,,,,,,,,,,,,
endosome1257n,initMembraneContent,exCxEn,0,R-TfaEn,0.01421445,oMHCIEn,0,membraneMarker,0,cMHCIEn,0,R-TfEn,9.63E-08,pepMHCIEn,0,REn,0.001415293,imCxEn,0
endosome1257n,initSolubleContent,ovaEn,0,protonEn,931.6556377,TfaEn,0.005230526,solubleMarker,0,mvb,0,FeEn,7.57E-09,TfEn,5.20E-07,pepEn,0,,
endosome1258r,initOrgProp,area,7539.822369,volume,50265.48246,xcoor,25.13059036,ycoor,25.98775033,zcoor,4,,,,,,,,
endosome1258r,initRabContent,RabD,7539.822369,,,,,,,,,,,,,,,,
endosome1258r,initMembraneContent,exCxEn,0,R-TfaEn,0.01421445,oMHCIEn,0,membraneMarker,0,cMHCIEn,0,R-TfEn,9.63E-08,pepMHCIEn,0,REn,0.001415293,imCxEn,0
endosome1258r,initSolubleContent,ovaEn,0,protonEn,931.6556377,TfaEn,0.005230526,solubleMarker,0,mvb,0,FeEn,7.57E-09,TfEn,5.20E-07,pepEn,0,,
endosome1259g,initOrgProp,area,7539.822369,volume,50265.48246,xcoor,25.10450395,ycoor,26.20062431,zcoor,4,,,,,,,,
endosome1259g,initRabContent,RabD,7539.822369,,,,,,,,,,,,,,,,
endosome1259g,initMembraneContent,exCxEn,0,R-TfaEn,0.01421445,oMHCIEn,0,membraneMarker,0,cMHCIEn,0,R-TfEn,9.63E-08,pepMHCIEn,0,REn,0.001415293,imCxEn,0
endosome1259g,initSolubleContent,ovaEn,0,protonEn,931.6556377,TfaEn,0.005230526,solubleMarker,0,mvb,0,FeEn,7.57E-09,TfEn,5.20E-07,pepEn,0,,
endosome1260Z,initOrgProp,area,7539.822369,volume,50265.48246,xcoor,25.16861571,ycoor,25.78969505,zcoor,4,,,,,,,,
endosome1260Z,initRabContent,RabD,7539.822369,,,,,,,,,,,,,,,,
endosome1260Z,initMembraneContent,exCxEn,0,R-TfaEn,0.01421445,oMHCIEn,0,membraneMarker,0,cMHCIEn,0,R-TfEn,9.63E-08,pepMHCIEn,0,REn,0.001415293,imCxEn,0
endosome1260Z,initSolubleContent,ovaEn,0,protonEn,931.6556377,TfaEn,0.005230526,solubleMarker,0,mvb,0,FeEn,7.57E-09,TfEn,5.20E-07,pepEn,0,,
endosome1261J,initOrgProp,area,7539.822369,volume,50265.48246,xcoor,25.15702787,ycoor,25.86555999,zcoor,4,,,,,,,,
endosome1261J,initRabContent,RabD,7539.822369,,,,,,,,,,,,,,,,
endosome1261J,initMembraneContent,exCxEn,0,R-TfaEn,0.01421445,oMHCIEn,0,membraneMarker,0,cMHCIEn,0,R-TfEn,9.63E-08,pepMHCIEn,0,REn,0.001415293,imCxEn,0
endosome1261J,initSolubleContent,ovaEn,0,protonEn,931.6556377,TfaEn,0.005230526,solubleMarker,0,mvb,0,FeEn,7.57E-09,TfEn,5.20E-07,pepEn,0,,
endosome1262J,initOrgProp,area,7539.822369,volume,50265.48246,xcoor,25.0894396,ycoor,25.81759928,zcoor,4,,,,,,,,
endosome1262J,initRabContent,RabD,7539.822369,,,,,,,,,,,,,,,,
endosome1262J,initMembraneContent,exCxEn,0,R-TfaEn,0.01421445,oMHCIEn,0,membraneMarker,0,cMHCIEn,0,R-TfEn,9.63E-08,pepMHCIEn,0,REn,0.001415293,imCxEn,0
endosome1262J,initSolubleContent,ovaEn,0,protonEn,931.6556377,TfaEn,0.005230526,solubleMarker,0,mvb,0,FeEn,7.57E-09,TfEn,5.20E-07,pepEn,0,,
endosome1263b,initOrgProp,area,7539.822369,volume,50265.48246,xcoor,25.07237453,ycoor,25.99213554,zcoor,4,,,,,,,,
endosome1263b,initRabContent,RabD,7539.822369,,,,,,,,,,,,,,,,
endosome1263b,initMembraneContent,exCxEn,0,R-TfaEn,0.01421445,oMHCIEn,0,membraneMarker,0,cMHCIEn,0,R-TfEn,9.63E-08,pepMHCIEn,0,REn,0.001415293,imCxEn,0
endosome1263b,initSolubleContent,ovaEn,0,protonEn,931.6556377,TfaEn,0.005230526,solubleMarker,0,mvb,0,FeEn,7.57E-09,TfEn,5.20E-07,pepEn,0,,
endosome1264R,initOrgProp,area,7539.822369,volume,50265.48246,xcoor,25.23414781,ycoor,25.81888104,zcoor,4,,,,,,,,
endosome1264R,initRabContent,RabD,7539.822369,,,,,,,,,,,,,,,,
endosome1264R,initMembraneContent,exCxEn,0,R-TfaEn,0.01421445,oMHCIEn,0,membraneMarker,0,cMHCIEn,0,R-TfEn,9.63E-08,pepMHCIEn,0,REn,0.001415293,imCxEn,0
endosome1264R,initSolubleContent,ovaEn,0,protonEn,931.6556377,TfaEn,0.005230526,solubleMarker,0,mvb,0,FeEn,7.57E-09,TfEn,5.20E-07,pepEn,0,,
endosome1265z,initOrgProp,area,7539.822369,volume,50265.48246,xcoor,25.01070863,ycoor,25.85028092,zcoor,4,,,,,,,,
endosome1265z,initRabContent,RabD,7539.822369,,,,,,,,,,,,,,,,
endosome1265z,initMembraneContent,exCxEn,0,R-TfaEn,0.01421445,oMHCIEn,0,membraneMarker,0,cMHCIEn,0,R-TfEn,9.63E-08,pepMHCIEn,0,REn,0.001415293,imCxEn,0
endosome1265z,initSolubleContent,ovaEn,0,protonEn,931.6556377,TfaEn,0.005230526,solubleMarker,0,mvb,0,FeEn,7.57E-09,TfEn,5.20E-07,pepEn,0,,
endosome1266x,initOrgProp,area,7539.822369,volume,50265.48246,xcoor,25.33077825,ycoor,25.92555246,zcoor,4,,,,,,,,
endosome1266x,initRabContent,RabD,7539.822369,,,,,,,,,,,,,,,,
endosome1266x,initMembraneContent,exCxEn,0,R-TfaEn,0.01421445,oMHCIEn,0,membraneMarker,0,cMHCIEn,0,R-TfEn,9.63E-08,pepMHCIEn,0,REn,0.001415293,imCxEn,0
endosome1266x,initSolubleContent,ovaEn,0,protonEn,931.6556377,TfaEn,0.005230526,solubleMarker,0,mvb,0,FeEn,7.57E-09,TfEn,5.20E-07,pepEn,0,,
endosome1267W,initOrgProp,area,7539.822369,volume,50265.48246,xcoor,25.25862779,ycoor,25.87478787,zcoor,4,,,,,,,,
endosome1267W,initRabContent,RabD,7539.822369,,,,,,,,,,,,,,,,
endosome1267W,initMembraneContent,exCxEn,0,R-TfaEn,0.01421445,oMHCIEn,0,membraneMarker,0,cMHCIEn,0,R-TfEn,9.63E-08,pepMHCIEn,0,REn,0.001415293,imCxEn,0
endosome1267W,initSolubleContent,ovaEn,0,protonEn,931.6556377,TfaEn,0.005230526,solubleMarker,0,mvb,0,FeEn,7.57E-09,TfEn,5.20E-07,pepEn,0,,
endosome1268q,initOrgProp,area,7539.822369,volume,50265.48246,xcoor,25.15533317,ycoor,26.00366026,zcoor,4,,,,,,,,
endosome1268q,initRabContent,RabD,7539.822369,,,,,,,,,,,,,,,,
endosome1268q,initMembraneContent,exCxEn,0,R-TfaEn,0.01421445,oMHCIEn,0,membraneMarker,0,cMHCIEn,0,R-TfEn,9.63E-08,pepMHCIEn,0,REn,0.001415293,imCxEn,0
endosome1268q,initSolubleContent,ovaEn,0,protonEn,931.6556377,TfaEn,0.005230526,solubleMarker,0,mvb,0,FeEn,7.57E-09,TfEn,5.20E-07,pepEn,0,,
endosome1269I,initOrgProp,area,7539.822369,volume,50265.48246,xcoor,25.16536858,ycoor,25.93544482,zcoor,4,,,,,,,,
endosome1269I,initRabContent,RabD,7539.822369,,,,,,,,,,,,,,,,
endosome1269I,initMembraneContent,exCxEn,0,R-TfaEn,0.01421445,oMHCIEn,0,membraneMarker,0,cMHCIEn,0,R-TfEn,9.63E-08,pepMHCIEn,0,REn,0.001415293,imCxEn,0
endosome1269I,initSolubleContent,ovaEn,0,protonEn,931.6556377,TfaEn,0.005230526,solubleMarker,0,mvb,0,FeEn,7.57E-09,TfEn,5.20E-07,pepEn,0,,
endosome1270F,initOrgProp,area,7539.822369,volume,50265.48246,xcoor,25.13616717,ycoor,26.0146082,zcoor,4,,,,,,,,
endosome1270F,initRabContent,RabD,7539.822369,,,,,,,,,,,,,,,,
endosome1270F,initMembraneContent,exCxEn,0,R-TfaEn,0.01421445,oMHCIEn,0,membraneMarker,0,cMHCIEn,0,R-TfEn,9.63E-08,pepMHCIEn,0,REn,0.001415293,imCxEn,0
endosome1270F,initSolubleContent,ovaEn,0,protonEn,931.6556377,TfaEn,0.005230526,solubleMarker,0,mvb,0,FeEn,7.57E-09,TfEn,5.20E-07,pepEn,0,,
endosome1271I,initOrgProp,area,7539.822369,volume,50265.48246,xcoor,25.2609356,ycoor,25.91800774,zcoor,4,,,,,,,,
endosome1271I,initRabContent,RabD,7539.822369,,,,,,,,,,,,,,,,
endosome1271I,initMembraneContent,exCxEn,0,R-TfaEn,0.01421445,oMHCIEn,0,membraneMarker,0,cMHCIEn,0,R-TfEn,9.63E-08,pepMHCIEn,0,REn,0.001415293,imCxEn,0
endosome1271I,initSolubleContent,ovaEn,0,protonEn,931.6556377,TfaEn,0.005230526,solubleMarker,0,mvb,0,FeEn,7.57E-09,TfEn,5.20E-07,pepEn,0,,
endosome1272C,initOrgProp,area,7539.822369,volume,50265.48246,xcoor,25.14375401,ycoor,25.93200462,zcoor,4,,,,,,,,
endosome1272C,initRabContent,RabD,7539.822369,,,,,,,,,,,,,,,,
endosome1272C,initMembraneContent,exCxEn,0,R-TfaEn,0.01421445,oMHCIEn,0,membraneMarker,0,cMHCIEn,0,R-TfEn,9.63E-08,pepMHCIEn,0,REn,0.001415293,imCxEn,0
endosome1272C,initSolubleContent,ovaEn,0,protonEn,931.6556377,TfaEn,0.005230526,solubleMarker,0,mvb,0,FeEn,7.57E-09,TfEn,5.20E-07,pepEn,0,,
endosome1273f,initOrgProp,area,7539.822369,volume,50265.48246,xcoor,25.25522832,ycoor,25.91602154,zcoor,4,,,,,,,,
endosome1273f,initRabContent,RabD,7539.822369,,,,,,,,,,,,,,,,
endosome1273f,initMembraneContent,exCxEn,0,R-TfaEn,0.01421445,oMHCIEn,0,membraneMarker,0,cMHCIEn,0,R-TfEn,9.63E-08,pepMHCIEn,0,REn,0.001415293,imCxEn,0
endosome1273f,initSolubleContent,ovaEn,0,protonEn,931.6556377,TfaEn,0.005230526,solubleMarker,0,mvb,0,FeEn,7.57E-09,TfEn,5.20E-07,pepEn,0,,
endosome1274j,initOrgProp,area,7539.822369,volume,50265.48246,xcoor,25.25541428,ycoor,25.90384197,zcoor,4,,,,,,,,
endosome1274j,initRabContent,RabD,7539.822369,,,,,,,,,,,,,,,,
endosome1274j,initMembraneContent,exCxEn,0,R-TfaEn,0.01421445,oMHCIEn,0,membraneMarker,0,cMHCIEn,0,R-TfEn,9.63E-08,pepMHCIEn,0,REn,0.001415293,imCxEn,0
endosome1274j,initSolubleContent,ovaEn,0,protonEn,931.6556377,TfaEn,0.005230526,solubleMarker,0,mvb,0,FeEn,7.57E-09,TfEn,5.20E-07,pepEn,0,,
endosome1275c,initOrgProp,area,7539.822369,volume,50265.48246,xcoor,25.12487232,ycoor,25.96015284,zcoor,4,,,,,,,,
endosome1275c,initRabContent,RabD,7539.822369,,,,,,,,,,,,,,,,
endosome1275c,initMembraneContent,exCxEn,0,R-TfaEn,0.01421445,oMHCIEn,0,membraneMarker,0,cMHCIEn,0,R-TfEn,9.63E-08,pepMHCIEn,0,REn,0.001415293,imCxEn,0
endosome1275c,initSolubleContent,ovaEn,0,protonEn,931.6556377,TfaEn,0.005230526,solubleMarker,0,mvb,0,FeEn,7.57E-09,TfEn,5.20E-07,pepEn,0,,
endosome1276V,initOrgProp,area,7539.822369,volume,50265.48246,xcoor,25.3192891,ycoor,25.95697742,zcoor,4,,,,,,,,
endosome1276V,initRabContent,RabD,7539.822369,,,,,,,,,,,,,,,,
endosome1276V,initMembraneContent,exCxEn,0,R-TfaEn,0.01421445,oMHCIEn,0,membraneMarker,0,cMHCIEn,0,R-TfEn,9.63E-08,pepMHCIEn,0,REn,0.001415293,imCxEn,0
endosome1276V,initSolubleContent,ovaEn,0,protonEn,931.6556377,TfaEn,0.005230526,solubleMarker,0,mvb,0,FeEn,7.57E-09,TfEn,5.20E-07,pepEn,0,,
endosome1277L,initOrgProp,area,7539.822369,volume,50265.48246,xcoor,25.11023038,ycoor,26.09172688,zcoor,4,,,,,,,,
endosome1277L,initRabContent,RabD,7539.822369,,,,,,,,,,,,,,,,
endosome1277L,initMembraneContent,exCxEn,0,R-TfaEn,0.01421445,oMHCIEn,0,membraneMarker,0,cMHCIEn,0,R-TfEn,9.63E-08,pepMHCIEn,0,REn,0.001415293,imCxEn,0
endosome1277L,initSolubleContent,ovaEn,0,protonEn,931.6556377,TfaEn,0.005230526,solubleMarker,0,mvb,0,FeEn,7.57E-09,TfEn,5.20E-07,pepEn,0,,
endosome1278v,initOrgProp,area,7539.822369,volume,50265.48246,xcoor,25.20865982,ycoor,25.90390555,zcoor,4,,,,,,,,
endosome1278v,initRabContent,RabD,7539.822369,,,,,,,,,,,,,,,,
endosome1278v,initMembraneContent,exCxEn,0,R-TfaEn,0.01421445,oMHCIEn,0,membraneMarker,0,cMHCIEn,0,R-TfEn,9.63E-08,pepMHCIEn,0,REn,0.001415293,imCxEn,0
endosome1278v,initSolubleContent,ovaEn,0,protonEn,931.6556377,TfaEn,0.005230526,solubleMarker,0,mvb,0,FeEn,7.57E-09,TfEn,5.20E-07,pepEn,0,,
endosome1279B,initOrgProp,area,7539.822369,volume,50265.48246,xcoor,25.14644444,ycoor,26.03241551,zcoor,4,,,,,,,,
endosome1279B,initRabContent,RabD,7539.822369,,,,,,,,,,,,,,,,
endosome1279B,initMembraneContent,exCxEn,0,R-TfaEn,0.01421445,oMHCIEn,0,membraneMarker,0,cMHCIEn,0,R-TfEn,9.63E-08,pepMHCIEn,0,REn,0.001415293,imCxEn,0
endosome1279B,initSolubleContent,ovaEn,0,protonEn,931.6556377,TfaEn,0.005230526,solubleMarker,0,mvb,0,FeEn,7.57E-09,TfEn,5.20E-07,pepEn,0,,
endosome1280S,initOrgProp,area,7539.822369,volume,50265.48246,xcoor,25.20859902,ycoor,25.89657823,zcoor,4,,,,,,,,
endosome1280S,initRabContent,RabD,7539.822369,,,,,,,,,,,,,,,,
endosome1280S,initMembraneContent,exCxEn,0,R-TfaEn,0.01421445,oMHCIEn,0,membraneMarker,0,cMHCIEn,0,R-TfEn,9.63E-08,pepMHCIEn,0,REn,0.001415293,imCxEn,0
endosome1280S,initSolubleContent,ovaEn,0,protonEn,931.6556377,TfaEn,0.005230526,solubleMarker,0,mvb,0,FeEn,7.57E-09,TfEn,5.20E-07,pepEn,0,,
endosome1281f,initOrgProp,area,7539.822369,volume,50265.48246,xcoor,25.34735641,ycoor,25.89299218,zcoor,4,,,,,,,,
endosome1281f,initRabContent,RabD,7539.822369,,,,,,,,,,,,,,,,
endosome1281f,initMembraneContent,exCxEn,0,R-TfaEn,0.01421445,oMHCIEn,0,membraneMarker,0,cMHCIEn,0,R-TfEn,9.63E-08,pepMHCIEn,0,REn,0.001415293,imCxEn,0
endosome1281f,initSolubleContent,ovaEn,0,protonEn,931.6556377,TfaEn,0.005230526,solubleMarker,0,mvb,0,FeEn,7.57E-09,TfEn,5.20E-07,pepEn,0,,
endosome1282w,initOrgProp,area,7539.822369,volume,50265.48246,xcoor,25.1502652,ycoor,26.13178252,zcoor,4,,,,,,,,
endosome1282w,initRabContent,RabD,7539.822369,,,,,,,,,,,,,,,,
endosome1282w,initMembraneContent,exCxEn,0,R-TfaEn,0.01421445,oMHCIEn,0,membraneMarker,0,cMHCIEn,0,R-TfEn,9.63E-08,pepMHCIEn,0,REn,0.001415293,imCxEn,0
endosome1282w,initSolubleContent,ovaEn,0,protonEn,931.6556377,TfaEn,0.005230526,solubleMarker,0,mvb,0,FeEn,7.57E-09,TfEn,5.20E-07,pepEn,0,,
endosome1283r,initOrgProp,area,7539.822369,volume,50265.48246,xcoor,25.1472797,ycoor,25.80255865,zcoor,4,,,,,,,,
endosome1283r,initRabContent,RabD,7539.822369,,,,,,,,,,,,,,,,
endosome1283r,initMembraneContent,exCxEn,0,R-TfaEn,0.01421445,oMHCIEn,0,membraneMarker,0,cMHCIEn,0,R-TfEn,9.63E-08,pepMHCIEn,0,REn,0.001415293,imCxEn,0
endosome1283r,initSolubleContent,ovaEn,0,protonEn,931.6556377,TfaEn,0.005230526,solubleMarker,0,mvb,0,FeEn,7.57E-09,TfEn,5.20E-07,pepEn,0,,
endosome1284u,initOrgProp,area,7539.822369,volume,50265.48246,xcoor,25.21389245,ycoor,25.99090713,zcoor,4,,,,,,,,
endosome1284u,initRabContent,RabD,7539.822369,,,,,,,,,,,,,,,,
endosome1284u,initMembraneContent,exCxEn,0,R-TfaEn,0.01421445,oMHCIEn,0,membraneMarker,0,cMHCIEn,0,R-TfEn,9.63E-08,pepMHCIEn,0,REn,0.001415293,imCxEn,0
endosome1284u,initSolubleContent,ovaEn,0,protonEn,931.6556377,TfaEn,0.005230526,solubleMarker,0,mvb,0,FeEn,7.57E-09,TfEn,5.20E-07,pepEn,0,,
endosome1285w,initOrgProp,area,7539.822369,volume,50265.48246,xcoor,25.24825098,ycoor,25.80752343,zcoor,4,,,,,,,,
endosome1285w,initRabContent,RabD,7539.822369,,,,,,,,,,,,,,,,
endosome1285w,initMembraneContent,exCxEn,0,R-TfaEn,0.01421445,oMHCIEn,0,membraneMarker,0,cMHCIEn,0,R-TfEn,9.63E-08,pepMHCIEn,0,REn,0.001415293,imCxEn,0
endosome1285w,initSolubleContent,ovaEn,0,protonEn,931.6556377,TfaEn,0.005230526,solubleMarker,0,mvb,0,FeEn,7.57E-09,TfEn,5.20E-07,pepEn,0,,
endosome1286u,initOrgProp,area,7539.822369,volume,50265.48246,xcoor,25.292052,ycoor,25.92447987,zcoor,4,,,,,,,,
endosome1286u,initRabContent,RabD,7539.822369,,,,,,,,,,,,,,,,
endosome1286u,initMembraneContent,exCxEn,0,R-TfaEn,0.01421445,oMHCIEn,0,membraneMarker,0,cMHCIEn,0,R-TfEn,9.63E-08,pepMHCIEn,0,REn,0.001415293,imCxEn,0
endosome1286u,initSolubleContent,ovaEn,0,protonEn,931.6556377,TfaEn,0.005230526,solubleMarker,0,mvb,0,FeEn,7.57E-09,TfEn,5.20E-07,pepEn,0,,
endosome1287r,initOrgProp,area,7539.822369,volume,50265.48246,xcoor,25.32106859,ycoor,25.97118165,zcoor,4,,,,,,,,
endosome1287r,initRabContent,RabD,7539.822369,,,,,,,,,,,,,,,,
endosome1287r,initMembraneContent,exCxEn,0,R-TfaEn,0.01421445,oMHCIEn,0,membraneMarker,0,cMHCIEn,0,R-TfEn,9.63E-08,pepMHCIEn,0,REn,0.001415293,imCxEn,0
endosome1287r,initSolubleContent,ovaEn,0,protonEn,931.6556377,TfaEn,0.005230526,solubleMarker,0,mvb,0,FeEn,7.57E-09,TfEn,5.20E-07,pepEn,0,,
endosome1288R,initOrgProp,area,7539.822369,volume,50265.48246,xcoor,25.22730524,ycoor,25.95036056,zcoor,4,,,,,,,,
endosome1288R,initRabContent,RabD,7539.822369,,,,,,,,,,,,,,,,
endosome1288R,initMembraneContent,exCxEn,0,R-TfaEn,0.01421445,oMHCIEn,0,membraneMarker,0,cMHCIEn,0,R-TfEn,9.63E-08,pepMHCIEn,0,REn,0.001415293,imCxEn,0
endosome1288R,initSolubleContent,ovaEn,0,protonEn,931.6556377,TfaEn,0.005230526,solubleMarker,0,mvb,0,FeEn,7.57E-09,TfEn,5.20E-07,pepEn,0,,
endosome1289T,initOrgProp,area,7539.822369,volume,50265.48246,xcoor,25.24241226,ycoor,25.95738607,zcoor,4,,,,,,,,
endosome1289T,initRabContent,RabD,7539.822369,,,,,,,,,,,,,,,,
endosome1289T,initMembraneContent,exCxEn,0,R-TfaEn,0.01421445,oMHCIEn,0,membraneMarker,0,cMHCIEn,0,R-TfEn,9.63E-08,pepMHCIEn,0,REn,0.001415293,imCxEn,0
endosome1289T,initSolubleContent,ovaEn,0,protonEn,931.6556377,TfaEn,0.005230526,solubleMarker,0,mvb,0,FeEn,7.57E-09,TfEn,5.20E-07,pepEn,0,,
endosome1290V,initOrgProp,area,7539.822369,volume,50265.48246,xcoor,25.18588945,ycoor,25.97975888,zcoor,4,,,,,,,,
endosome1290V,initRabContent,RabD,7539.822369,,,,,,,,,,,,,,,,
endosome1290V,initMembraneContent,exCxEn,0,R-TfaEn,0.01421445,oMHCIEn,0,membraneMarker,0,cMHCIEn,0,R-TfEn,9.63E-08,pepMHCIEn,0,REn,0.001415293,imCxEn,0
endosome1290V,initSolubleContent,ovaEn,0,protonEn,931.6556377,TfaEn,0.005230526,solubleMarker,0,mvb,0,FeEn,7.57E-09,TfEn,5.20E-07,pepEn,0,,
endosome1291o,initOrgProp,area,7539.822369,volume,50265.48246,xcoor,25.08668534,ycoor,26.14494345,zcoor,4,,,,,,,,
endosome1291o,initRabContent,RabD,7539.822369,,,,,,,,,,,,,,,,
endosome1291o,initMembraneContent,exCxEn,0,R-TfaEn,0.01421445,oMHCIEn,0,membraneMarker,0,cMHCIEn,0,R-TfEn,9.63E-08,pepMHCIEn,0,REn,0.001415293,imCxEn,0
endosome1291o,initSolubleContent,ovaEn,0,protonEn,931.6556377,TfaEn,0.005230526,solubleMarker,0,mvb,0,FeEn,7.57E-09,TfEn,5.20E-07,pepEn,0,,
endosome1292y,initOrgProp,area,7539.822369,volume,50265.48246,xcoor,25.14892243,ycoor,25.93033766,zcoor,4,,,,,,,,
endosome1292y,initRabContent,RabD,7539.822369,,,,,,,,,,,,,,,,
endosome1292y,initMembraneContent,exCxEn,0,R-TfaEn,0.01421445,oMHCIEn,0,membraneMarker,0,cMHCIEn,0,R-TfEn,9.63E-08,pepMHCIEn,0,REn,0.001415293,imCxEn,0
endosome1292y,initSolubleContent,ovaEn,0,protonEn,931.6556377,TfaEn,0.005230526,solubleMarker,0,mvb,0,FeEn,7.57E-09,TfEn,5.20E-07,pepEn,0,,
endosome1293L,initOrgProp,area,7539.822369,volume,50265.48246,xcoor,25.13807617,ycoor,25.96291436,zcoor,4,,,,,,,,
endosome1293L,initRabContent,RabD,7539.822369,,,,,,,,,,,,,,,,
endosome1293L,initMembraneContent,exCxEn,0,R-TfaEn,0.01421445,oMHCIEn,0,membraneMarker,0,cMHCIEn,0,R-TfEn,9.63E-08,pepMHCIEn,0,REn,0.001415293,imCxEn,0
endosome1293L,initSolubleContent,ovaEn,0,protonEn,931.6556377,TfaEn,0.005230526,solubleMarker,0,mvb,0,FeEn,7.57E-09,TfEn,5.20E-07,pepEn,0,,
endosome1294W,initOrgProp,area,7539.822369,volume,50265.48246,xcoor,25.10865363,ycoor,26.07379216,zcoor,4,,,,,,,,
endosome1294W,initRabContent,RabD,7539.822369,,,,,,,,,,,,,,,,
endosome1294W,initMembraneContent,exCxEn,0,R-TfaEn,0.01421445,oMHCIEn,0,membraneMarker,0,cMHCIEn,0,R-TfEn,9.63E-08,pepMHCIEn,0,REn,0.001415293,imCxEn,0
endosome1294W,initSolubleContent,ovaEn,0,protonEn,931.6556377,TfaEn,0.005230526,solubleMarker,0,mvb,0,FeEn,7.57E-09,TfEn,5.20E-07,pepEn,0,,
endosome1295g,initOrgProp,area,7539.822369,volume,50265.48246,xcoor,25.28097158,ycoor,25.97292793,zcoor,4,,,,,,,,
endosome1295g,initRabContent,RabD,7539.822369,,,,,,,,,,,,,,,,
endosome1295g,initMembraneContent,exCxEn,0,R-TfaEn,0.01421445,oMHCIEn,0,membraneMarker,0,cMHCIEn,0,R-TfEn,9.63E-08,pepMHCIEn,0,REn,0.001415293,imCxEn,0
endosome1295g,initSolubleContent,ovaEn,0,protonEn,931.6556377,TfaEn,0.005230526,solubleMarker,0,mvb,0,FeEn,7.57E-09,TfEn,5.20E-07,pepEn,0,,
endosome1296I,initOrgProp,area,7539.822369,volume,50265.48246,xcoor,25.06609327,ycoor,25.90101301,zcoor,4,,,,,,,,
endosome1296I,initRabContent,RabD,7539.822369,,,,,,,,,,,,,,,,
endosome1296I,initMembraneContent,exCxEn,0,R-TfaEn,0.01421445,oMHCIEn,0,membraneMarker,0,cMHCIEn,0,R-TfEn,9.63E-08,pepMHCIEn,0,REn,0.001415293,imCxEn,0
endosome1296I,initSolubleContent,ovaEn,0,protonEn,931.6556377,TfaEn,0.005230526,solubleMarker,0,mvb,0,FeEn,7.57E-09,TfEn,5.20E-07,pepEn,0,,
endosome1297K,initOrgProp,area,7539.822369,volume,50265.48246,xcoor,25.22372502,ycoor,25.91526211,zcoor,4,,,,,,,,
endosome1297K,initRabContent,RabD,7539.822369,,,,,,,,,,,,,,,,
endosome1297K,initMembraneContent,exCxEn,0,R-TfaEn,0.01421445,oMHCIEn,0,membraneMarker,0,cMHCIEn,0,R-TfEn,9.63E-08,pepMHCIEn,0,REn,0.001415293,imCxEn,0
endosome1297K,initSolubleContent,ovaEn,0,protonEn,931.6556377,TfaEn,0.005230526,solubleMarker,0,mvb,0,FeEn,7.57E-09,TfEn,5.20E-07,pepEn,0,,
endosome1298e,initOrgProp,area,7539.822369,volume,50265.48246,xcoor,25.08804811,ycoor,25.88343781,zcoor,4,,,,,,,,
endosome1298e,initRabContent,RabD,7539.822369,,,,,,,,,,,,,,,,
endosome1298e,initMembraneContent,exCxEn,0,R-TfaEn,0.01421445,oMHCIEn,0,membraneMarker,0,cMHCIEn,0,R-TfEn,9.63E-08,pepMHCIEn,0,REn,0.001415293,imCxEn,0
endosome1298e,initSolubleContent,ovaEn,0,protonEn,931.6556377,TfaEn,0.005230526,solubleMarker,0,mvb,0,FeEn,7.57E-09,TfEn,5.20E-07,pepEn,0,,
endosome1299o,initOrgProp,area,7539.822369,volume,50265.48246,xcoor,25.09837306,ycoor,25.91093817,zcoor,4,,,,,,,,
endosome1299o,initRabContent,RabD,7539.822369,,,,,,,,,,,,,,,,
endosome1299o,initMembraneContent,exCxEn,0,R-TfaEn,0.01421445,oMHCIEn,0,membraneMarker,0,cMHCIEn,0,R-TfEn,9.63E-08,pepMHCIEn,0,REn,0.001415293,imCxEn,0
endosome1299o,initSolubleContent,ovaEn,0,protonEn,931.6556377,TfaEn,0.005230526,solubleMarker,0,mvb,0,FeEn,7.57E-09,TfEn,5.20E-07,pepEn,0,,
endosome1300J,initOrgProp,area,7539.822369,volume,50265.48246,xcoor,25.1506818,ycoor,26.04403966,zcoor,4,,,,,,,,
endosome1300J,initRabContent,RabD,7539.822369,,,,,,,,,,,,,,,,
endosome1300J,initMembraneContent,exCxEn,0,R-TfaEn,0.01421445,oMHCIEn,0,membraneMarker,0,cMHCIEn,0,R-TfEn,9.63E-08,pepMHCIEn,0,REn,0.001415293,imCxEn,0
endosome1300J,initSolubleContent,ovaEn,0,protonEn,931.6556377,TfaEn,0.005230526,solubleMarker,0,mvb,0,FeEn,7.57E-09,TfEn,5.20E-07,pepEn,0,,
endosome1301v,initOrgProp,area,7539.822369,volume,50265.48246,xcoor,25.3427263,ycoor,25.8740818,zcoor,4,,,,,,,,
endosome1301v,initRabContent,RabD,7539.822369,,,,,,,,,,,,,,,,
endosome1301v,initMembraneContent,exCxEn,0,R-TfaEn,0.01421445,oMHCIEn,0,membraneMarker,0,cMHCIEn,0,R-TfEn,9.63E-08,pepMHCIEn,0,REn,0.001415293,imCxEn,0
endosome1301v,initSolubleContent,ovaEn,0,protonEn,931.6556377,TfaEn,0.005230526,solubleMarker,0,mvb,0,FeEn,7.57E-09,TfEn,5.20E-07,pepEn,0,,
endosome1302h,initOrgProp,area,7539.822369,volume,50265.48246,xcoor,25.38513356,ycoor,25.89280407,zcoor,4,,,,,,,,
endosome1302h,initRabContent,RabD,7539.822369,,,,,,,,,,,,,,,,
endosome1302h,initMembraneContent,exCxEn,0,R-TfaEn,0.01421445,oMHCIEn,0,membraneMarker,0,cMHCIEn,0,R-TfEn,9.63E-08,pepMHCIEn,0,REn,0.001415293,imCxEn,0
endosome1302h,initSolubleContent,ovaEn,0,protonEn,931.6556377,TfaEn,0.005230526,solubleMarker,0,mvb,0,FeEn,7.57E-09,TfEn,5.20E-07,pepEn,0,,
endosome1303j,initOrgProp,area,7539.822369,volume,50265.48246,xcoor,25.23447091,ycoor,25.96956479,zcoor,4,,,,,,,,
endosome1303j,initRabContent,RabD,7539.822369,,,,,,,,,,,,,,,,
endosome1303j,initMembraneContent,exCxEn,0,R-TfaEn,0.01421445,oMHCIEn,0,membraneMarker,0,cMHCIEn,0,R-TfEn,9.63E-08,pepMHCIEn,0,REn,0.001415293,imCxEn,0
endosome1303j,initSolubleContent,ovaEn,0,protonEn,931.6556377,TfaEn,0.005230526,solubleMarker,0,mvb,0,FeEn,7.57E-09,TfEn,5.20E-07,pepEn,0,,
endosome1304s,initOrgProp,area,21434.68191,volume,231920.2434,xcoor,49.42821359,ycoor,4.638861661,zcoor,4,,,,,,,,
endosome1304s,initRabContent,RabA,21434.68191,,,,,,,,,,,,,,,,
endosome1304s,initMembraneContent,exCxEn,0,R-TfaEn,0.818178956,oMHCIEn,0,membraneMarker,0,cMHCIEn,0,R-TfEn,4.169388586,pepMHCIEn,0,REn,0.033404451,imCxEn,0
endosome1304s,initSolubleContent,ovaEn,0,protonEn,43.23457178,TfaEn,0.032912498,solubleMarker,0,mvb,1.17E-21,FeEn,0.121469619,TfEn,9.66E-06,pepEn,0,,
endosome1305h,initOrgProp,area,25391.98652,volume,327179.6381,xcoor,13.65997504,ycoor,0.609448044,zcoor,4,,,,,,,,
endosome1305h,initRabContent,RabA,25391.98652,,,,,,,,,,,,,,,,
endosome1305h,initMembraneContent,exCxEn,0,R-TfaEn,1.020257636,oMHCIEn,0,membraneMarker,0,cMHCIEn,0,R-TfEn,4.867262936,pepMHCIEn,0,REn,0.039433247,imCxEn,0
endosome1305h,initSolubleContent,ovaEn,0,protonEn,63.09037679,TfaEn,0.038852582,solubleMarker,0,mvb,1.65E-21,FeEn,0.173556038,TfEn,1.36E-05,pepEn,0,,
endosome1306Z,initOrgProp,area,10500.98802,volume,99064.62103,xcoor,25.88667159,ycoor,49.40489698,zcoor,4,,,,,,,,
endosome1306Z,initRabContent,RabA,10500.98802,,,,,,,,,,,,,,,,
endosome1306Z,initMembraneContent,exCxEn,0,R-TfaEn,0.420765139,oMHCIEn,0,membraneMarker,0,cMHCIEn,0,R-TfEn,2.007316365,pepMHCIEn,0,REn,0.01626267,imCxEn,0
endosome1306Z,initSolubleContent,ovaEn,0,protonEn,19.10272994,TfaEn,0.015721456,solubleMarker,0,mvb,5.09E-22,FeEn,0.070228693,TfEn,4.13E-06,pepEn,0,,
endosome1307B,initOrgProp,area,62511.35995,volume,1318853.253,xcoor,49.4116492,ycoor,2.288152248,zcoor,4,,,,,,,,
endosome1307B,initRabContent,RabA,62511.35995,,,,,,,,,,,,,,,,
endosome1307B,initMembraneContent,exCxEn,0,R-TfaEn,2.494753362,oMHCIEn,0,membraneMarker,0,cMHCIEn,0,R-TfEn,11.90147531,pepMHCIEn,0,REn,0.096422522,imCxEn,0
endosome1307B,initSolubleContent,ovaEn,0,protonEn,254.3157916,TfaEn,0.095002671,solubleMarker,0,mvb,6.90E-21,FeEn,0.4243806,TfEn,5.50E-05,pepEn,0,,
endosome1308H,initOrgProp,area,60605.40226,volume,1308422.047,xcoor,0.592275804,ycoor,25.31445913,zcoor,4,,,,,,,,
endosome1308H,initRabContent,RabA,60605.40226,,,,,,,,,,,,,,,,
endosome1308H,initMembraneContent,exCxEn,0,R-TfaEn,2.401761789,oMHCIEn,0,membraneMarker,0,cMHCIEn,0,R-TfEn,11.45787554,pepMHCIEn,0,REn,0.092828689,imCxEn,0
endosome1308H,initSolubleContent,ovaEn,0,protonEn,252.3043317,TfaEn,0.091461449,solubleMarker,0,mvb,6.84E-21,FeEn,0.408562635,TfEn,5.45E-05,pepEn,0,,
endosome1309f,initOrgProp,area,53321.12133,volume,1003962.798,xcoor,44.18058206,ycoor,0.550433402,zcoor,4,,,,,,,,
endosome1309f,initRabContent,RabC,2990.796206,RabA,38555.63586,RabB,11774.68927,,,,,,,,,,,,
endosome1309f,initMembraneContent,exCxEn,0,R-TfaEn,3.610501096,oMHCIEn,0,membraneMarker,0,cMHCIEn,0,R-TfEn,5.48221109,pepMHCIEn,0,REn,0.144154185,imCxEn,0
endosome1309f,initSolubleContent,ovaEn,0,protonEn,175.3380868,TfaEn,0.100701484,solubleMarker,0,mvb,4.84E-21,FeEn,0.173345221,TfEn,3.74E-05,pepEn,0,,
endosome1310B,initOrgProp,area,36817.82556,volume,645669.552,xcoor,0.593319828,ycoor,9.173021972,zcoor,4,,,,,,,,
endosome1310B,initRabContent,RabA,36817.82556,,,,,,,,,,,,,,,,
endosome1310B,initMembraneContent,exCxEn,0,R-TfaEn,1.356118332,oMHCIEn,0,membraneMarker,0,cMHCIEn,0,R-TfEn,6.910705858,pepMHCIEn,0,REn,0.055367014,imCxEn,0
endosome1310B,initSolubleContent,ovaEn,0,protonEn,120.6068109,TfaEn,0.053901191,solubleMarker,0,mvb,3.30E-21,FeEn,0.199906986,TfEn,2.70E-05,pepEn,0,,
endosome1311M,initOrgProp,area,15201.64704,volume,168872.7645,xcoor,0.610831462,ycoor,18.75693544,zcoor,4,,,,,,,,
endosome1311M,initRabContent,RabA,15201.64704,,,,,,,,,,,,,,,,
endosome1311M,initMembraneContent,exCxEn,0,R-TfaEn,0.589106388,oMHCIEn,0,membraneMarker,0,cMHCIEn,0,R-TfEn,2.810389295,pepMHCIEn,0,REn,0.022769179,imCxEn,0
endosome1311M,initSolubleContent,ovaEn,0,protonEn,32.59650055,TfaEn,0.022099681,solubleMarker,0,mvb,8.64E-22,FeEn,0.098719908,TfEn,7.04E-06,pepEn,0,,
endosome1312x,initOrgProp,area,34318.78722,volume,475117.1364,xcoor,49.40258829,ycoor,1.861012216,zcoor,4,,,,,,,,
endosome1312x,initRabContent,RabA,31177.19456,RabB,3141.592654,,,,,,,,,,,,,,
endosome1312x,initMembraneContent,exCxEn,0,R-TfaEn,2.610499732,oMHCIEn,0,membraneMarker,0,cMHCIEn,0,R-TfEn,0.96318765,pepMHCIEn,0,REn,0.033965372,imCxEn,0
endosome1312x,initSolubleContent,ovaEn,0,protonEn,99.6429912,TfaEn,0.048020089,solubleMarker,0,mvb,1.93E-21,FeEn,0.0582066,TfEn,1.85E-05,pepEn,0,,
endosome1313u,initOrgProp,area,31197.25126,volume,502998.7279,xcoor,41.73812933,ycoor,49.39911042,zcoor,4,,,,,,,,
endosome1313u,initRabContent,RabA,31197.25126,,,,,,,,,,,,,,,,
endosome1313u,initMembraneContent,exCxEn,0,R-TfaEn,0.927478681,oMHCIEn,0,membraneMarker,0,cMHCIEn,0,R-TfEn,2.811165593,pepMHCIEn,0,REn,0.025095287,imCxEn,0
endosome1313u,initSolubleContent,ovaEn,0,protonEn,121.5244927,TfaEn,0.051830498,solubleMarker,0,mvb,1,FeEn,0.223468251,TfEn,2.03E-05,pepEn,0,,
endosome1314I,initOrgProp,area,30837.06408,volume,486157.5906,xcoor,48.78621693,ycoor,0.621023769,zcoor,4,,,,,,,,
endosome1314I,initRabContent,RabA,30837.06408,,,,,,,,,,,,,,,,
endosome1314I,initMembraneContent,exCxEn,0,R-TfaEn,1.187627849,oMHCIEn,0,membraneMarker,0,cMHCIEn,0,R-TfEn,5.663874397,pepMHCIEn,0,REn,0.045772379,imCxEn,0
endosome1314I,initSolubleContent,ovaEn,0,protonEn,93.75597751,TfaEn,0.044513659,solubleMarker,0,mvb,2.48E-21,FeEn,0.199469487,TfEn,2.03E-05,pepEn,0,,
endosome1315R,initOrgProp,area,41066.09177,volume,626268.0422,xcoor,0.597431645,ycoor,1.667208666,zcoor,4,,,,,,,,
endosome1315R,initRabContent,RabA,28499.72115,RabB,12566.37061,,,,,,,,,,,,,,
endosome1315R,initMembraneContent,exCxEn,0,R-TfaEn,1.133506265,oMHCIEn,0,membraneMarker,0,cMHCIEn,0,R-TfEn,6.842596475,pepMHCIEn,0,REn,0.055872882,imCxEn,0
endosome1315R,initSolubleContent,ovaEn,0,protonEn,96.16408415,TfaEn,0.051652772,solubleMarker,0,mvb,2.90E-21,FeEn,0.069138113,TfEn,2.22E-05,pepEn,0,,
endosome1316K,initOrgProp,area,27888.82322,volume,411676.1505,xcoor,36.87745471,ycoor,0.558728714,zcoor,4,,,,,,,,
endosome1316K,initRabContent,RabA,27888.82322,,,,,,,,,,,,,,,,
endosome1316K,initMembraneContent,exCxEn,0,R-TfaEn,1.066557844,oMHCIEn,0,membraneMarker,0,cMHCIEn,0,R-TfEn,5.088148463,pepMHCIEn,0,REn,0.041222748,imCxEn,0
endosome1316K,initSolubleContent,ovaEn,0,protonEn,79.38392378,TfaEn,0.040615681,solubleMarker,0,mvb,2.07E-21,FeEn,0.181431855,TfEn,1.72E-05,pepEn,0,,
endosome1317P,initOrgProp,area,26224.86339,volume,396142.2056,xcoor,22.16710604,ycoor,49.39009,zcoor,4,,,,,,,,
endosome1317P,initRabContent,RabA,26224.86339,,,,,,,,,,,,,,,,
endosome1317P,initMembraneContent,exCxEn,0,R-TfaEn,1.000098278,oMHCIEn,0,membraneMarker,0,cMHCIEn,0,R-TfEn,4.771089397,pepMHCIEn,0,REn,0.038654137,imCxEn,0
endosome1317P,initSolubleContent,ovaEn,0,protonEn,76.4649626,TfaEn,0.037818971,solubleMarker,0,mvb,2.01E-21,FeEn,0.168938987,TfEn,1.65E-05,pepEn,0,,
endosome1318v,initOrgProp,area,32803.09985,volume,390426.7779,xcoor,40.39975762,ycoor,31.89648678,zcoor,4,,,,,,,,
endosome1318v,initRabContent,RabI,32803.09985,,,,,,,,,,,,,,,,
endosome1318v,initMembraneContent,exCxEn,0,R-TfaEn,2.62E-07,oMHCIEn,0,membraneMarker,0,cMHCIEn,0,R-TfEn,4.43E-09,pepMHCIEn,0,REn,2.13E-05,imCxEn,0
endosome1318v,initSolubleContent,ovaEn,0,protonEn,27.13532479,TfaEn,7.37E-06,solubleMarker,0,mvb,4.22E-27,FeEn,3.00E-08,TfEn,1.05E-10,pepEn,0,,
endosome1319r,initOrgProp,area,7539.822369,volume,50265.48246,xcoor,49.03740748,ycoor,2.937176307,zcoor,4,,,,,,,,
endosome1319r,initRabContent,RabA,7539.822369,,,,,,,,,,,,,,,,
endosome1319r,initMembraneContent,exCxEn,0,R-TfaEn,0.300905263,oMHCIEn,0,membraneMarker,0,cMHCIEn,0,R-TfEn,1.435499241,pepMHCIEn,0,REn,0.011630101,imCxEn,0
endosome1319r,initSolubleContent,ovaEn,0,protonEn,9.692743248,TfaEn,0.011458821,solubleMarker,0,mvb,0,FeEn,0.051186849,TfEn,2.09E-06,pepEn,0,,
endosome1320n,initOrgProp,area,7539.822369,volume,50265.48246,xcoor,40.28010265,ycoor,31.84932073,zcoor,4,,,,,,,,
endosome1320n,initRabContent,RabI,7539.822369,,,,,,,,,,,,,,,,
endosome1320n,initMembraneContent,exCxEn,0,R-TfaEn,6.02E-08,oMHCIEn,0,membraneMarker,0,cMHCIEn,0,R-TfEn,1.02E-09,pepMHCIEn,0,REn,4.90E-06,imCxEn,0
endosome1320n,initSolubleContent,ovaEn,0,protonEn,3.493536482,TfaEn,9.57E-07,solubleMarker,0,mvb,0,FeEn,3.86E-09,TfEn,1.35E-11,pepEn,0,,
endosome1321s,initOrgProp,area,7539.822369,volume,50265.48246,xcoor,0.647298504,ycoor,25.01794943,zcoor,4,,,,,,,,
endosome1321s,initRabContent,RabA,7539.822369,,,,,,,,,,,,,,,,
endosome1321s,initMembraneContent,exCxEn,0,R-TfaEn,0.298799391,oMHCIEn,0,membraneMarker,0,cMHCIEn,0,R-TfEn,1.425456198,pepMHCIEn,0,REn,0.011548671,imCxEn,0
endosome1321s,initSolubleContent,ovaEn,0,protonEn,9.692743248,TfaEn,0.011378597,solubleMarker,0,mvb,0,FeEn,0.050828456,TfEn,2.09E-06,pepEn,0,,
endosome1322L,initOrgProp,area,7539.822369,volume,50265.48246,xcoor,24.67297124,ycoor,25.97181189,zcoor,4,,,,,,,,
endosome1322L,initRabContent,RabD,7539.822369,,,,,,,,,,,,,,,,
endosome1322L,initMembraneContent,exCxEn,0,R-TfaEn,0.01421445,oMHCIEn,0,membraneMarker,0,cMHCIEn,0,R-TfEn,9.63E-08,pepMHCIEn,0,REn,0.001415293,imCxEn,0
endosome1322L,initSolubleContent,ovaEn,0,protonEn,931.6556377,TfaEn,0.005230526,solubleMarker,0,mvb,0,FeEn,7.57E-09,TfEn,5.20E-07,pepEn,0,,
endosome1323s,initOrgProp,area,7539.822369,volume,50265.48246,xcoor,24.67267234,ycoor,25.81104114,zcoor,4,,,,,,,,
endosome1323s,initRabContent,RabD,7539.822369,,,,,,,,,,,,,,,,
endosome1323s,initMembraneContent,exCxEn,0,R-TfaEn,0.01421445,oMHCIEn,0,membraneMarker,0,cMHCIEn,0,R-TfEn,9.90E-08,pepMHCIEn,0,REn,0.001415293,imCxEn,0
endosome1323s,initSolubleContent,ovaEn,0,protonEn,931.5953191,TfaEn,0.00523319,solubleMarker,0,mvb,0,FeEn,7.79E-09,TfEn,5.20E-07,pepEn,0,,
endosome1324V,initOrgProp,area,7539.822369,volume,50265.48246,xcoor,24.9291822,ycoor,25.83241922,zcoor,4,,,,,,,,
endosome1324V,initRabContent,RabD,7539.822369,,,,,,,,,,,,,,,,
endosome1324V,initMembraneContent,exCxEn,0,R-TfaEn,0.01421445,oMHCIEn,0,membraneMarker,0,cMHCIEn,0,R-TfEn,9.90E-08,pepMHCIEn,0,REn,0.001415293,imCxEn,0
endosome1324V,initSolubleContent,ovaEn,0,protonEn,931.8315669,TfaEn,0.005235854,solubleMarker,0,mvb,0,FeEn,7.79E-09,TfEn,5.20E-07,pepEn,0,,
endosome1325W,initOrgProp,area,7539.822369,volume,50265.48246,xcoor,25.5485536,ycoor,25.7741897,zcoor,4,,,,,,,,
endosome1325W,initRabContent,RabD,7539.822369,,,,,,,,,,,,,,,,
endosome1325W,initMembraneContent,exCxEn,0,R-TfaEn,0.01421445,oMHCIEn,0,membraneMarker,0,cMHCIEn,0,R-TfEn,9.90E-08,pepMHCIEn,0,REn,0.001415293,imCxEn,0
endosome1325W,initSolubleContent,ovaEn,0,protonEn,931.8315669,TfaEn,0.005235854,solubleMarker,0,mvb,0,FeEn,7.79E-09,TfEn,5.20E-07,pepEn,0,,
endosome1326E,initOrgProp,area,7539.822369,volume,50265.48246,xcoor,25.52007721,ycoor,25.95337838,zcoor,4,,,,,,,,
endosome1326E,initRabContent,RabD,7539.822369,,,,,,,,,,,,,,,,
endosome1326E,initMembraneContent,exCxEn,0,R-TfaEn,0.01421445,oMHCIEn,0,membraneMarker,0,cMHCIEn,0,R-TfEn,9.90E-08,pepMHCIEn,0,REn,0.001415293,imCxEn,0
endosome1326E,initSolubleContent,ovaEn,0,protonEn,931.8315669,TfaEn,0.005235854,solubleMarker,0,mvb,0,FeEn,7.79E-09,TfEn,5.20E-07,pepEn,0,,
endosome1327E,initOrgProp,area,7539.822369,volume,50265.48246,xcoor,25.19007853,ycoor,26.49177833,zcoor,4,,,,,,,,
endosome1327E,initRabContent,RabD,7539.822369,,,,,,,,,,,,,,,,
endosome1327E,initMembraneContent,exCxEn,0,R-TfaEn,0.01421445,oMHCIEn,0,membraneMarker,0,cMHCIEn,0,R-TfEn,9.90E-08,pepMHCIEn,0,REn,0.001415293,imCxEn,0
endosome1327E,initSolubleContent,ovaEn,0,protonEn,931.8315669,TfaEn,0.005235854,solubleMarker,0,mvb,0,FeEn,7.79E-09,TfEn,5.20E-07,pepEn,0,,
endosome1328g,initOrgProp,area,366634.6829,volume,1.15E+07,xcoor,25,ycoor,29.8,zcoor,4,,,,,,,,
endosome1328g,initRabContent,RabG,366634.6829,,,,,,,,,,,,,,,,
endosome1328g,initMembraneContent,exCxEn,0,R-TfaEn,0.122920877,oMHCIEn,0,membraneMarker,0,cMHCIEn,0,R-TfEn,5.23E-04,pepMHCIEn,0,REn,0.121462771,imCxEn,0
endosome1328g,initSolubleContent,ovaEn,0,protonEn,1153.85365,TfaEn,0.278409308,solubleMarker,0,mvb,0,FeEn,0.001965837,TfEn,3.26E-06,pepEn,0,,
endosome1329V,initOrgProp,area,7539.822369,volume,50265.48246,xcoor,25.01352812,ycoor,28.50717456,zcoor,4,,,,,,,,
endosome1329V,initRabContent,RabG,7539.822369,,,,,,,,,,,,,,,,
endosome1329V,initMembraneContent,exCxEn,0,R-TfaEn,0.002525773,oMHCIEn,0,membraneMarker,0,cMHCIEn,0,R-TfEn,1.08E-05,pepMHCIEn,0,REn,0.002499964,imCxEn,0
endosome1329V,initSolubleContent,ovaEn,0,protonEn,5.036902935,TfaEn,0.001222663,solubleMarker,0,mvb,0,FeEn,8.54E-06,TfEn,1.42E-08,pepEn,0,,
endosome1330c,initOrgProp,area,7539.822369,volume,50265.48246,xcoor,25.11067252,ycoor,26.09116725,zcoor,4,,,,,,,,
endosome1330c,initRabContent,RabD,7539.822369,,,,,,,,,,,,,,,,
endosome1330c,initMembraneContent,exCxEn,0,R-TfaEn,0.01421445,oMHCIEn,0,membraneMarker,0,cMHCIEn,0,R-TfEn,9.90E-08,pepMHCIEn,0,REn,0.001415293,imCxEn,0
endosome1330c,initSolubleContent,ovaEn,0,protonEn,931.8315669,TfaEn,0.005235854,solubleMarker,0,mvb,0,FeEn,7.79E-09,TfEn,5.20E-07,pepEn,0,,
endosome1331D,initOrgProp,area,7539.822369,volume,50265.48246,xcoor,25.14697227,ycoor,26.36431963,zcoor,4,,,,,,,,
endosome1331D,initRabContent,RabD,7539.822369,,,,,,,,,,,,,,,,
endosome1331D,initMembraneContent,exCxEn,0,R-TfaEn,0.01421445,oMHCIEn,0,membraneMarker,0,cMHCIEn,0,R-TfEn,9.90E-08,pepMHCIEn,0,REn,0.001415293,imCxEn,0
endosome1331D,initSolubleContent,ovaEn,0,protonEn,931.8315669,TfaEn,0.005235854,solubleMarker,0,mvb,0,FeEn,7.79E-09,TfEn,5.20E-07,pepEn,0,,
endosome1332A,initOrgProp,area,7539.822369,volume,50265.48246,xcoor,25.18027158,ycoor,25.9923404,zcoor,4,,,,,,,,
endosome1332A,initRabContent,RabD,7539.822369,,,,,,,,,,,,,,,,
endosome1332A,initMembraneContent,exCxEn,0,R-TfaEn,0.01421445,oMHCIEn,0,membraneMarker,0,cMHCIEn,0,R-TfEn,9.90E-08,pepMHCIEn,0,REn,0.001415293,imCxEn,0
endosome1332A,initSolubleContent,ovaEn,0,protonEn,931.8315669,TfaEn,0.005235854,solubleMarker,0,mvb,0,FeEn,7.79E-09,TfEn,5.20E-07,pepEn,0,,
endosome1333d,initOrgProp,area,7539.822369,volume,50265.48246,xcoor,25.1071849,ycoor,28.54281176,zcoor,4,,,,,,,,
endosome1333d,initRabContent,RabG,7539.822369,,,,,,,,,,,,,,,,
endosome1333d,initMembraneContent,exCxEn,0,R-TfaEn,0.002525773,oMHCIEn,0,membraneMarker,0,cMHCIEn,0,R-TfEn,1.08E-05,pepMHCIEn,0,REn,0.002499964,imCxEn,0
endosome1333d,initSolubleContent,ovaEn,0,protonEn,5.036902935,TfaEn,0.001222663,solubleMarker,0,mvb,0,FeEn,8.54E-06,TfEn,1.42E-08,pepEn,0,,
endosome1334L,initOrgProp,area,7539.822369,volume,50265.48246,xcoor,25.30951211,ycoor,25.93468968,zcoor,4,,,,,,,,
endosome1334L,initRabContent,RabD,7539.822369,,,,,,,,,,,,,,,,
endosome1334L,initMembraneContent,exCxEn,0,R-TfaEn,0.014214526,oMHCIEn,0,membraneMarker,0,cMHCIEn,0,R-TfEn,9.90E-08,pepMHCIEn,0,REn,0.001415293,imCxEn,0
endosome1334L,initSolubleContent,ovaEn,0,protonEn,931.8315669,TfaEn,0.005235854,solubleMarker,0,mvb,0,FeEn,7.79E-09,TfEn,5.20E-07,pepEn,0,,
endosome1335T,initOrgProp,area,7539.822369,volume,50265.48246,xcoor,25.16384572,ycoor,26.50374247,zcoor,4,,,,,,,,
endosome1335T,initRabContent,RabD,7539.822369,,,,,,,,,,,,,,,,
endosome1335T,initMembraneContent,exCxEn,0,R-TfaEn,0.014214526,oMHCIEn,0,membraneMarker,0,cMHCIEn,0,R-TfEn,9.90E-08,pepMHCIEn,0,REn,0.001415293,imCxEn,0
endosome1335T,initSolubleContent,ovaEn,0,protonEn,931.8315669,TfaEn,0.005235854,solubleMarker,0,mvb,0,FeEn,7.79E-09,TfEn,5.20E-07,pepEn,0,,
endosome1336a,initOrgProp,area,7539.822369,volume,50265.48246,xcoor,25.01892218,ycoor,28.38943955,zcoor,4,,,,,,,,
endosome1336a,initRabContent,RabG,7539.822369,,,,,,,,,,,,,,,,
endosome1336a,initMembraneContent,exCxEn,0,R-TfaEn,0.002526293,oMHCIEn,0,membraneMarker,0,cMHCIEn,0,R-TfEn,1.08E-05,pepMHCIEn,0,REn,0.002499436,imCxEn,0
endosome1336a,initSolubleContent,ovaEn,0,protonEn,5.037305059,TfaEn,0.001222145,solubleMarker,0,mvb,0,FeEn,8.56E-06,TfEn,1.42E-08,pepEn,0,,
endosome1337y,initOrgProp,area,7539.822369,volume,50265.48246,xcoor,24.7969167,ycoor,25.99510642,zcoor,4,,,,,,,,
endosome1337y,initRabContent,RabD,7539.822369,,,,,,,,,,,,,,,,
endosome1337y,initMembraneContent,exCxEn,0,R-TfaEn,0.014214526,oMHCIEn,0,membraneMarker,0,cMHCIEn,0,R-TfEn,1.02E-07,pepMHCIEn,0,REn,0.001415293,imCxEn,0
endosome1337y,initSolubleContent,ovaEn,0,protonEn,931.5450536,TfaEn,0.005235854,solubleMarker,0,mvb,0,FeEn,8.02E-09,TfEn,5.20E-07,pepEn,0,,
endosome1338q,initOrgProp,area,587601.8031,volume,1.09E+07,xcoor,25,ycoor,29.8,zcoor,4,,,,,,,,
endosome1338q,initRabContent,RabG,587601.8031,,,,,,,,,,,,,,,,
endosome1338q,initMembraneContent,exCxEn,0,R-TfaEn,0.197002906,oMHCIEn,0,membraneMarker,0,cMHCIEn,0,R-TfEn,8.39E-04,pepMHCIEn,0,REn,0.194667777,imCxEn,0
endosome1338q,initSolubleContent,ovaEn,0,protonEn,1088.351041,TfaEn,0.262797674,solubleMarker,0,mvb,0,FeEn,0.001854749,TfEn,3.07E-06,pepEn,0,,
endosome1339d,initOrgProp,area,7539.822369,volume,50265.48246,xcoor,24.74611539,ycoor,26.07218921,zcoor,4,,,,,,,,
endosome1339d,initRabContent,RabD,7539.822369,,,,,,,,,,,,,,,,
endosome1339d,initMembraneContent,exCxEn,0,R-TfaEn,0.014214526,oMHCIEn,0,membraneMarker,0,cMHCIEn,0,R-TfEn,1.02E-07,pepMHCIEn,0,REn,0.001415293,imCxEn,0
endosome1339d,initSolubleContent,ovaEn,0,protonEn,931.5450536,TfaEn,0.005235854,solubleMarker,0,mvb,0,FeEn,8.02E-09,TfEn,5.20E-07,pepEn,0,,
endosome1340p,initOrgProp,area,7539.822369,volume,50265.48246,xcoor,25.01480217,ycoor,26.10279178,zcoor,4,,,,,,,,
endosome1340p,initRabContent,RabG,7539.822369,,,,,,,,,,,,,,,,
endosome1340p,initMembraneContent,exCxEn,0,R-TfaEn,0.002526293,oMHCIEn,0,membraneMarker,0,cMHCIEn,0,R-TfEn,1.08E-05,pepMHCIEn,0,REn,0.002499436,imCxEn,0
endosome1340p,initSolubleContent,ovaEn,0,protonEn,5.037305059,TfaEn,0.001222145,solubleMarker,0,mvb,0,FeEn,8.56E-06,TfEn,1.42E-08,pepEn,0,,
endosome1341V,initOrgProp,area,7539.822369,volume,50265.48246,xcoor,25.09497203,ycoor,28.69316911,zcoor,4,,,,,,,,
endosome1341V,initRabContent,RabG,7539.822369,,,,,,,,,,,,,,,,
endosome1341V,initMembraneContent,exCxEn,0,R-TfaEn,0.002526293,oMHCIEn,0,membraneMarker,0,cMHCIEn,0,R-TfEn,1.08E-05,pepMHCIEn,0,REn,0.002499436,imCxEn,0
endosome1341V,initSolubleContent,ovaEn,0,protonEn,5.037305059,TfaEn,0.001222145,solubleMarker,0,mvb,0,FeEn,8.56E-06,TfEn,1.42E-08,pepEn,0,,
endosome1342t,initOrgProp,area,7539.822369,volume,50265.48246,xcoor,24.84161669,ycoor,24.60312625,zcoor,4,,,,,,,,
endosome1342t,initRabContent,RabD,7539.822369,,,,,,,,,,,,,,,,
endosome1342t,initMembraneContent,exCxEn,0,R-TfaEn,0.014214526,oMHCIEn,0,membraneMarker,0,cMHCIEn,0,R-TfEn,1.02E-07,pepMHCIEn,0,REn,0.001415293,imCxEn,0
endosome1342t,initSolubleContent,ovaEn,0,protonEn,931.5450536,TfaEn,0.005235854,solubleMarker,0,mvb,0,FeEn,8.02E-09,TfEn,5.20E-07,pepEn,0,,
endosome1343v,initOrgProp,area,7539.822369,volume,50265.48246,xcoor,24.80434705,ycoor,24.5744112,zcoor,4,,,,,,,,
endosome1343v,initRabContent,RabD,7539.822369,,,,,,,,,,,,,,,,
endosome1343v,initMembraneContent,exCxEn,0,R-TfaEn,0.014214526,oMHCIEn,0,membraneMarker,0,cMHCIEn,0,R-TfEn,1.02E-07,pepMHCIEn,0,REn,0.001415293,imCxEn,0
endosome1343v,initSolubleContent,ovaEn,0,protonEn,931.5450536,TfaEn,0.005235854,solubleMarker,0,mvb,0,FeEn,8.02E-09,TfEn,5.20E-07,pepEn,0,,
endosome1344M,initOrgProp,area,7539.822369,volume,50265.48246,xcoor,24.70817026,ycoor,24.74418718,zcoor,4,,,,,,,,
endosome1344M,initRabContent,RabD,7539.822369,,,,,,,,,,,,,,,,
endosome1344M,initMembraneContent,exCxEn,0,R-TfaEn,0.014214526,oMHCIEn,0,membraneMarker,0,cMHCIEn,0,R-TfEn,1.02E-07,pepMHCIEn,0,REn,0.001415293,imCxEn,0
endosome1344M,initSolubleContent,ovaEn,0,protonEn,931.5450536,TfaEn,0.005235854,solubleMarker,0,mvb,0,FeEn,8.02E-09,TfEn,5.20E-07,pepEn,0,,
endosome1345a,initOrgProp,area,7539.822369,volume,50265.48246,xcoor,25.08993514,ycoor,25.98511237,zcoor,4,,,,,,,,
endosome1345a,initRabContent,RabG,7539.822369,,,,,,,,,,,,,,,,
endosome1345a,initMembraneContent,exCxEn,0,R-TfaEn,0.002526293,oMHCIEn,0,membraneMarker,0,cMHCIEn,0,R-TfEn,1.08E-05,pepMHCIEn,0,REn,0.002499436,imCxEn,0
endosome1345a,initSolubleContent,ovaEn,0,protonEn,5.037305059,TfaEn,0.001222145,solubleMarker,0,mvb,0,FeEn,8.56E-06,TfEn,1.42E-08,pepEn,0,,
endosome1346Q,initOrgProp,area,7539.822369,volume,50265.48246,xcoor,48.99568645,ycoor,33.74328443,zcoor,4,,,,,,,,
endosome1346Q,initRabContent,RabA,7539.822369,,,,,,,,,,,,,,,,
endosome1346Q,initMembraneContent,exCxEn,0,R-TfaEn,0.055185769,oMHCIEn,0,membraneMarker,0,cMHCIEn,0,R-TfEn,0.010299247,pepMHCIEn,0,REn,5.38E-04,imCxEn,0
endosome1346Q,initSolubleContent,ovaEn,0,protonEn,16.59188178,TfaEn,0.005560016,solubleMarker,0,mvb,0,FeEn,8.08E-04,TfEn,2.10E-06,pepEn,0,,
endosome1347V,initOrgProp,area,7539.822369,volume,50265.48246,xcoor,25.08428211,ycoor,28.62216046,zcoor,4,,,,,,,,
endosome1347V,initRabContent,RabG,7539.822369,,,,,,,,,,,,,,,,
endosome1347V,initMembraneContent,exCxEn,0,R-TfaEn,0.002526293,oMHCIEn,0,membraneMarker,0,cMHCIEn,0,R-TfEn,1.08E-05,pepMHCIEn,0,REn,0.002499436,imCxEn,0
endosome1347V,initSolubleContent,ovaEn,0,protonEn,5.037305059,TfaEn,0.001222145,solubleMarker,0,mvb,0,FeEn,8.56E-06,TfEn,1.42E-08,pepEn,0,,
endosome1348x,initOrgProp,area,7539.822369,volume,50265.48246,xcoor,24.67730311,ycoor,24.48554323,zcoor,4,,,,,,,,
endosome1348x,initRabContent,RabD,7539.822369,,,,,,,,,,,,,,,,
endosome1348x,initMembraneContent,exCxEn,0,R-TfaEn,0.014214526,oMHCIEn,0,membraneMarker,0,cMHCIEn,0,R-TfEn,1.02E-07,pepMHCIEn,0,REn,0.001415293,imCxEn,0
endosome1348x,initSolubleContent,ovaEn,0,protonEn,931.5450536,TfaEn,0.005235854,solubleMarker,0,mvb,0,FeEn,8.02E-09,TfEn,5.20E-07,pepEn,0,,
endosome1349a,initOrgProp,area,7539.822369,volume,50265.48246,xcoor,25.0380262,ycoor,28.59543431,zcoor,4,,,,,,,,
endosome1349a,initRabContent,RabG,7539.822369,,,,,,,,,,,,,,,,
endosome1349a,initMembraneContent,exCxEn,0,R-TfaEn,0.002526293,oMHCIEn,0,membraneMarker,0,cMHCIEn,0,R-TfEn,1.08E-05,pepMHCIEn,0,REn,0.002499436,imCxEn,0
endosome1349a,initSolubleContent,ovaEn,0,protonEn,5.037305059,TfaEn,0.001222145,solubleMarker,0,mvb,0,FeEn,8.56E-06,TfEn,1.42E-08,pepEn,0,,
endosome1350t,initOrgProp,area,7539.822369,volume,50265.48246,xcoor,25.01990834,ycoor,28.56343624,zcoor,4,,,,,,,,
endosome1350t,initRabContent,RabG,7539.822369,,,,,,,,,,,,,,,,
endosome1350t,initMembraneContent,exCxEn,0,R-TfaEn,0.002526293,oMHCIEn,0,membraneMarker,0,cMHCIEn,0,R-TfEn,1.08E-05,pepMHCIEn,0,REn,0.002499436,imCxEn,0
endosome1350t,initSolubleContent,ovaEn,0,protonEn,5.037305059,TfaEn,0.001222145,solubleMarker,0,mvb,0,FeEn,8.56E-06,TfEn,1.42E-08,pepEn,0,,
endosome1351U,initOrgProp,area,16336.2818,volume,150796.4474,xcoor,20.19786999,ycoor,22.28480111,zcoor,4,,,,,,,,
endosome1351U,initRabContent,RabI,16336.2818,,,,,,,,,,,,,,,,
endosome1351U,initMembraneContent,exCxEn,0,R-TfaEn,9.50E-08,oMHCIEn,0,membraneMarker,0,cMHCIEn,0,R-TfEn,2.06E-09,pepMHCIEn,0,REn,1.06E-05,imCxEn,0
endosome1351U,initSolubleContent,ovaEn,0,protonEn,15.07116998,TfaEn,2.12E-06,solubleMarker,0,mvb,0,FeEn,6.75E-09,TfEn,2.49E-11,pepEn,0,,
endosome1352P,initOrgProp,area,7539.822369,volume,50265.48246,xcoor,25.1478902,ycoor,24.49549634,zcoor,4,,,,,,,,
endosome1352P,initRabContent,RabD,7539.822369,,,,,,,,,,,,,,,,
endosome1352P,initMembraneContent,exCxEn,0,R-TfaEn,0.014214526,oMHCIEn,0,membraneMarker,0,cMHCIEn,0,R-TfEn,1.05E-07,pepMHCIEn,0,REn,0.001415293,imCxEn,0
endosome1352P,initSolubleContent,ovaEn,0,protonEn,931.5048413,TfaEn,0.005238518,solubleMarker,0,mvb,0,FeEn,8.25E-09,TfEn,5.20E-07,pepEn,0,,
endosome1353F,initOrgProp,area,7539.822369,volume,50265.48246,xcoor,25.10433555,ycoor,28.51748862,zcoor,4,,,,,,,,
endosome1353F,initRabContent,RabG,7539.822369,,,,,,,,,,,,,,,,
endosome1353F,initMembraneContent,exCxEn,0,R-TfaEn,0.002526813,oMHCIEn,0,membraneMarker,0,cMHCIEn,0,R-TfEn,1.08E-05,pepMHCIEn,0,REn,0.002498916,imCxEn,0
endosome1353F,initSolubleContent,ovaEn,0,protonEn,5.037757448,TfaEn,0.001221622,solubleMarker,0,mvb,0,FeEn,8.57E-06,TfEn,1.42E-08,pepEn,0,,
endosome1354W,initOrgProp,area,16336.2818,volume,150796.4474,xcoor,20.36601491,ycoor,22.41351088,zcoor,4,,,,,,,,
endosome1354W,initRabContent,RabI,16336.2818,,,,,,,,,,,,,,,,
endosome1354W,initMembraneContent,exCxEn,0,R-TfaEn,9.51E-08,oMHCIEn,0,membraneMarker,0,cMHCIEn,0,R-TfEn,2.06E-09,pepMHCIEn,0,REn,1.06E-05,imCxEn,0
endosome1354W,initSolubleContent,ovaEn,0,protonEn,15.07082315,TfaEn,2.12E-06,solubleMarker,0,mvb,0,FeEn,6.76E-09,TfEn,2.49E-11,pepEn,0,,
endosome1355W,initOrgProp,area,7539.822369,volume,50265.48246,xcoor,25.16987162,ycoor,24.66947401,zcoor,4,,,,,,,,
endosome1355W,initRabContent,RabD,7539.822369,,,,,,,,,,,,,,,,
endosome1355W,initMembraneContent,exCxEn,0,R-TfaEn,0.014214526,oMHCIEn,0,membraneMarker,0,cMHCIEn,0,R-TfEn,1.05E-07,pepMHCIEn,0,REn,0.001415293,imCxEn,0
endosome1355W,initSolubleContent,ovaEn,0,protonEn,931.5048413,TfaEn,0.005238518,solubleMarker,0,mvb,0,FeEn,8.25E-09,TfEn,5.20E-07,pepEn,0,,
endosome1356N,initOrgProp,area,7539.822369,volume,50265.48246,xcoor,20.74130322,ycoor,22.44700199,zcoor,4,,,,,,,,
endosome1356N,initRabContent,RabI,1507.964474,RabH,6031.857895,,,,,,,,,,,,,,
endosome1356N,initMembraneContent,exCxEn,0,R-TfaEn,4.39E-08,oMHCIEn,0,membraneMarker,0,cMHCIEn,0,R-TfEn,9.52E-10,pepMHCIEn,0,REn,4.89E-06,imCxEn,0
endosome1356N,initSolubleContent,ovaEn,0,protonEn,5.023607715,TfaEn,7.06E-07,solubleMarker,0,mvb,0,FeEn,2.25E-09,TfEn,8.31E-12,pepEn,0,,
endosome1357S,initOrgProp,area,7539.822369,volume,50265.48246,xcoor,25.32336192,ycoor,24.58640085,zcoor,4,,,,,,,,
endosome1357S,initRabContent,RabD,7539.822369,,,,,,,,,,,,,,,,
endosome1357S,initMembraneContent,exCxEn,0,R-TfaEn,0.014214526,oMHCIEn,0,membraneMarker,0,cMHCIEn,0,R-TfEn,1.05E-07,pepMHCIEn,0,REn,0.001415293,imCxEn,0
endosome1357S,initSolubleContent,ovaEn,0,protonEn,931.5048413,TfaEn,0.005238518,solubleMarker,0,mvb,0,FeEn,8.25E-09,TfEn,5.20E-07,pepEn,0,,
endosome1358H,initOrgProp,area,7539.822369,volume,50265.48246,xcoor,25.10727963,ycoor,29.00690993,zcoor,4,,,,,,,,
endosome1358H,initRabContent,RabG,7539.822369,,,,,,,,,,,,,,,,
endosome1358H,initMembraneContent,exCxEn,0,R-TfaEn,0.002526806,oMHCIEn,0,membraneMarker,0,cMHCIEn,0,R-TfEn,1.08E-05,pepMHCIEn,0,REn,0.002498916,imCxEn,0
endosome1358H,initSolubleContent,ovaEn,0,protonEn,5.037757448,TfaEn,0.001221622,solubleMarker,0,mvb,0,FeEn,8.57E-06,TfEn,1.42E-08,pepEn,0,,
endosome1359L,initOrgProp,area,7539.822369,volume,50265.48246,xcoor,25.01447325,ycoor,25.98016748,zcoor,4,,,,,,,,
endosome1359L,initRabContent,RabG,7539.822369,,,,,,,,,,,,,,,,
endosome1359L,initMembraneContent,exCxEn,0,R-TfaEn,0.002526813,oMHCIEn,0,membraneMarker,0,cMHCIEn,0,R-TfEn,1.08E-05,pepMHCIEn,0,REn,0.002498916,imCxEn,0
endosome1359L,initSolubleContent,ovaEn,0,protonEn,5.037757448,TfaEn,0.001221622,solubleMarker,0,mvb,0,FeEn,8.57E-06,TfEn,1.42E-08,pepEn,0,,
endosome1360h,initOrgProp,area,7539.822369,volume,50265.48246,xcoor,0.368478748,ycoor,1.602933524,zcoor,4,,,,,,,,
endosome1360h,initRabContent,RabA,7539.822369,,,,,,,,,,,,,,,,
endosome1360h,initMembraneContent,exCxEn,0,R-TfaEn,7.82E-04,oMHCIEn,0,membraneMarker,0,cMHCIEn,0,R-TfEn,0.003989275,pepMHCIEn,0,REn,3.20E-05,imCxEn,0
endosome1360h,initSolubleContent,ovaEn,0,protonEn,9.366671063,TfaEn,0.003464749,solubleMarker,0,mvb,0,FeEn,1.17E-04,TfEn,1.78E-06,pepEn,0,,
endosome1361i,initOrgProp,area,7539.822369,volume,50265.48246,xcoor,25.38702287,ycoor,24.47735306,zcoor,4,,,,,,,,
endosome1361i,initRabContent,RabD,7539.822369,,,,,,,,,,,,,,,,
endosome1361i,initMembraneContent,exCxEn,0,R-TfaEn,0.014214526,oMHCIEn,0,membraneMarker,0,cMHCIEn,0,R-TfEn,1.05E-07,pepMHCIEn,0,REn,0.001415293,imCxEn,0
endosome1361i,initSolubleContent,ovaEn,0,protonEn,931.5048413,TfaEn,0.005238518,solubleMarker,0,mvb,0,FeEn,8.25E-09,TfEn,5.20E-07,pepEn,0,,
endosome1362U,initOrgProp,area,12566.37061,volume,100530.9649,xcoor,49.37708939,ycoor,2.110004249,zcoor,4,,,,,,,,
endosome1362U,initRabContent,RabB,12566.37061,,,,,,,,,,,,,,,,
endosome1362U,initMembraneContent,exCxEn,0,R-TfaEn,9.946533669,oMHCIEn,0,membraneMarker,0,cMHCIEn,0,R-TfEn,4.199982652,pepMHCIEn,0,REn,0.142451121,imCxEn,0
endosome1362U,initSolubleContent,ovaEn,0,protonEn,11.29636293,TfaEn,0.019093947,solubleMarker,0,mvb,0,FeEn,0.026011382,TfEn,3.92E-06,pepEn,0,,
endosome1363i,initOrgProp,area,7539.822369,volume,50265.48246,xcoor,49.49017684,ycoor,2.070612719,zcoor,4,,,,,,,,
endosome1363i,initRabContent,RabA,7539.822369,,,,,,,,,,,,,,,,
endosome1363i,initMembraneContent,exCxEn,0,R-TfaEn,0.006237393,oMHCIEn,0,membraneMarker,0,cMHCIEn,0,R-TfEn,0.002246844,pepMHCIEn,0,REn,8.06E-05,imCxEn,0
endosome1363i,initSolubleContent,ovaEn,0,protonEn,11.03478136,TfaEn,0.005052385,solubleMarker,0,mvb,0,FeEn,4.06E-04,TfEn,1.96E-06,pepEn,0,,
endosome1364L,initOrgProp,area,7539.822369,volume,50265.48246,xcoor,24.97411701,ycoor,28.54472473,zcoor,4,,,,,,,,
endosome1364L,initRabContent,RabG,7539.822369,,,,,,,,,,,,,,,,
endosome1364L,initMembraneContent,exCxEn,0,R-TfaEn,0.002526813,oMHCIEn,0,membraneMarker,0,cMHCIEn,0,R-TfEn,1.08E-05,pepMHCIEn,0,REn,0.002498916,imCxEn,0
endosome1364L,initSolubleContent,ovaEn,0,protonEn,5.037757448,TfaEn,0.001221622,solubleMarker,0,mvb,0,FeEn,8.57E-06,TfEn,1.42E-08,pepEn,0,,
endosome1365O,initOrgProp,area,7539.822369,volume,50265.48246,xcoor,25.06093197,ycoor,26.01277673,zcoor,4,,,,,,,,
endosome1365O,initRabContent,RabG,7539.822369,,,,,,,,,,,,,,,,
endosome1365O,initMembraneContent,exCxEn,0,R-TfaEn,0.002526813,oMHCIEn,0,membraneMarker,0,cMHCIEn,0,R-TfEn,1.08E-05,pepMHCIEn,0,REn,0.002498916,imCxEn,0
endosome1365O,initSolubleContent,ovaEn,0,protonEn,5.037757448,TfaEn,0.001221622,solubleMarker,0,mvb,0,FeEn,8.57E-06,TfEn,1.42E-08,pepEn,0,,
endosome1366D,initOrgProp,area,7539.822369,volume,50265.48246,xcoor,25.20325209,ycoor,24.51463544,zcoor,4,,,,,,,,
endosome1366D,initRabContent,RabD,7539.822369,,,,,,,,,,,,,,,,
endosome1366D,initMembraneContent,exCxEn,0,R-TfaEn,0.014214526,oMHCIEn,0,membraneMarker,0,cMHCIEn,0,R-TfEn,1.05E-07,pepMHCIEn,0,REn,0.001415293,imCxEn,0
endosome1366D,initSolubleContent,ovaEn,0,protonEn,931.5048413,TfaEn,0.005238518,solubleMarker,0,mvb,0,FeEn,8.25E-09,TfEn,5.20E-07,pepEn,0,,
endosome1367c,initOrgProp,area,7539.822369,volume,50265.48246,xcoor,25.12002269,ycoor,24.39979454,zcoor,4,,,,,,,,
endosome1367c,initRabContent,RabD,7539.822369,,,,,,,,,,,,,,,,
endosome1367c,initMembraneContent,exCxEn,0,R-TfaEn,0.014214526,oMHCIEn,0,membraneMarker,0,cMHCIEn,0,R-TfEn,1.05E-07,pepMHCIEn,0,REn,0.001415293,imCxEn,0
endosome1367c,initSolubleContent,ovaEn,0,protonEn,931.5048413,TfaEn,0.005238518,solubleMarker,0,mvb,0,FeEn,8.25E-09,TfEn,5.20E-07,pepEn,0,,
endosome1368n,initOrgProp,area,7539.822369,volume,50265.48246,xcoor,24.99513182,ycoor,28.66512877,zcoor,4,,,,,,,,
endosome1368n,initRabContent,RabG,7539.822369,,,,,,,,,,,,,,,,
endosome1368n,initMembraneContent,exCxEn,0,R-TfaEn,0.002526813,oMHCIEn,0,membraneMarker,0,cMHCIEn,0,R-TfEn,1.08E-05,pepMHCIEn,0,REn,0.002498916,imCxEn,0
endosome1368n,initSolubleContent,ovaEn,0,protonEn,5.037757448,TfaEn,0.001221622,solubleMarker,0,mvb,0,FeEn,8.57E-06,TfEn,1.42E-08,pepEn,0,,
endosome1369x,initOrgProp,area,7539.822369,volume,50265.48246,xcoor,25.00362706,ycoor,24.43231012,zcoor,4,,,,,,,,
endosome1369x,initRabContent,RabD,7539.822369,,,,,,,,,,,,,,,,
endosome1369x,initMembraneContent,exCxEn,0,R-TfaEn,0.014214526,oMHCIEn,0,membraneMarker,0,cMHCIEn,0,R-TfEn,1.05E-07,pepMHCIEn,0,REn,0.001415293,imCxEn,0
endosome1369x,initSolubleContent,ovaEn,0,protonEn,931.5048413,TfaEn,0.005238518,solubleMarker,0,mvb,0,FeEn,8.25E-09,TfEn,5.20E-07,pepEn,0,,
endosome1370i,initOrgProp,area,7539.822369,volume,50265.48246,xcoor,25.20676013,ycoor,24.5242291,zcoor,4,,,,,,,,
endosome1370i,initRabContent,RabD,7539.822369,,,,,,,,,,,,,,,,
endosome1370i,initMembraneContent,exCxEn,0,R-TfaEn,0.014214526,oMHCIEn,0,membraneMarker,0,cMHCIEn,0,R-TfEn,1.05E-07,pepMHCIEn,0,REn,0.001415293,imCxEn,0
endosome1370i,initSolubleContent,ovaEn,0,protonEn,931.5048413,TfaEn,0.005238518,solubleMarker,0,mvb,0,FeEn,8.25E-09,TfEn,5.20E-07,pepEn,0,,
endosome1371O,initOrgProp,area,7539.822369,volume,50265.48246,xcoor,25.0889016,ycoor,28.51049849,zcoor,4,,,,,,,,
endosome1371O,initRabContent,RabG,7539.822369,,,,,,,,,,,,,,,,
endosome1371O,initMembraneContent,exCxEn,0,R-TfaEn,0.002526813,oMHCIEn,0,membraneMarker,0,cMHCIEn,0,R-TfEn,1.08E-05,pepMHCIEn,0,REn,0.002498916,imCxEn,0
endosome1371O,initSolubleContent,ovaEn,0,protonEn,5.037757448,TfaEn,0.001221622,solubleMarker,0,mvb,0,FeEn,8.57E-06,TfEn,1.42E-08,pepEn,0,,
endosome1372D,initOrgProp,area,7539.822369,volume,50265.48246,xcoor,25.56772794,ycoor,24.39563953,zcoor,4,,,,,,,,
endosome1372D,initRabContent,RabD,7539.822369,,,,,,,,,,,,,,,,
endosome1372D,initMembraneContent,exCxEn,0,R-TfaEn,0.014214526,oMHCIEn,0,membraneMarker,0,cMHCIEn,0,R-TfEn,1.05E-07,pepMHCIEn,0,REn,0.001415293,imCxEn,0
endosome1372D,initSolubleContent,ovaEn,0,protonEn,931.7611952,TfaEn,0.005241182,solubleMarker,0,mvb,0,FeEn,8.25E-09,TfEn,5.21E-07,pepEn,0,,
endosome1373O,initOrgProp,area,7539.822369,volume,50265.48246,xcoor,25.50214345,ycoor,24.39463737,zcoor,4,,,,,,,,
endosome1373O,initRabContent,RabD,7539.822369,,,,,,,,,,,,,,,,
endosome1373O,initMembraneContent,exCxEn,0,R-TfaEn,0.014214526,oMHCIEn,0,membraneMarker,0,cMHCIEn,0,R-TfEn,1.05E-07,pepMHCIEn,0,REn,0.001415293,imCxEn,0
endosome1373O,initSolubleContent,ovaEn,0,protonEn,931.7611952,TfaEn,0.005241182,solubleMarker,0,mvb,0,FeEn,8.25E-09,TfEn,5.21E-07,pepEn,0,,
endosome1374x,initOrgProp,area,690953.8463,volume,1.43E+07,xcoor,25,ycoor,29.8,zcoor,4,,,,,,,,
endosome1374x,initRabContent,RabG,690953.8463,,,,,,,,,,,,,,,,
endosome1374x,initMembraneContent,exCxEn,0,R-TfaEn,0.231750066,oMHCIEn,0,membraneMarker,0,cMHCIEn,0,R-TfEn,9.87E-04,pepMHCIEn,0,REn,0.22881213,imCxEn,0
endosome1374x,initSolubleContent,ovaEn,0,protonEn,1431.251305,TfaEn,0.345363253,solubleMarker,0,mvb,0,FeEn,0.002446746,TfEn,4.04E-06,pepEn,0,,
endosome1375B,initOrgProp,area,7539.822369,volume,50265.48246,xcoor,25.59727635,ycoor,24.46558987,zcoor,4,,,,,,,,
endosome1375B,initRabContent,RabD,7539.822369,,,,,,,,,,,,,,,,
endosome1375B,initMembraneContent,exCxEn,0,R-TfaEn,0.014214526,oMHCIEn,0,membraneMarker,0,cMHCIEn,0,R-TfEn,1.08E-07,pepMHCIEn,0,REn,0.001415293,imCxEn,0
endosome1375B,initSolubleContent,ovaEn,0,protonEn,931.4696554,TfaEn,0.005241182,solubleMarker,0,mvb,0,FeEn,8.50E-09,TfEn,5.21E-07,pepEn,0,,
endosome1376W,initOrgProp,area,585761.9944,volume,1.24E+07,xcoor,25,ycoor,29.8,zcoor,4,,,,,,,,
endosome1376W,initRabContent,RabG,585761.9944,,,,,,,,,,,,,,,,
endosome1376W,initMembraneContent,exCxEn,0,R-TfaEn,0.196466916,oMHCIEn,0,membraneMarker,0,cMHCIEn,0,R-TfEn,8.37E-04,pepMHCIEn,0,REn,0.193976842,imCxEn,0
endosome1376W,initSolubleContent,ovaEn,0,protonEn,1239.758214,TfaEn,0.299141548,solubleMarker,0,mvb,0,FeEn,0.002119327,TfEn,3.50E-06,pepEn,0,,
endosome1377d,initOrgProp,area,7539.822369,volume,50265.48246,xcoor,25.58844291,ycoor,24.47370197,zcoor,4,,,,,,,,
endosome1377d,initRabContent,RabD,7539.822369,,,,,,,,,,,,,,,,
endosome1377d,initMembraneContent,exCxEn,0,R-TfaEn,0.014214526,oMHCIEn,0,membraneMarker,0,cMHCIEn,0,R-TfEn,1.08E-07,pepMHCIEn,0,REn,0.001415293,imCxEn,0
endosome1377d,initSolubleContent,ovaEn,0,protonEn,931.4696554,TfaEn,0.005241182,solubleMarker,0,mvb,0,FeEn,8.50E-09,TfEn,5.21E-07,pepEn,0,,
endosome1378c,initOrgProp,area,7539.822369,volume,50265.48246,xcoor,25.19108378,ycoor,28.84038557,zcoor,4,,,,,,,,
endosome1378c,initRabContent,RabG,7539.822369,,,,,,,,,,,,,,,,
endosome1378c,initMembraneContent,exCxEn,0,R-TfaEn,0.002527333,oMHCIEn,0,membraneMarker,0,cMHCIEn,0,R-TfEn,1.08E-05,pepMHCIEn,0,REn,0.002498396,imCxEn,0
endosome1378c,initSolubleContent,ovaEn,0,protonEn,5.038209838,TfaEn,0.001221099,solubleMarker,0,mvb,0,FeEn,8.58E-06,TfEn,1.42E-08,pepEn,0,,
endosome1379u,initOrgProp,area,7539.822369,volume,50265.48246,xcoor,24.48743142,ycoor,17.31306148,zcoor,4,,,,,,,,
endosome1379u,initRabContent,RabE,7539.822369,,,,,,,,,,,,,,,,
endosome1379u,initMembraneContent,exCxEn,0,R-TfaEn,0.006457948,oMHCIEn,0,membraneMarker,0,cMHCIEn,0,R-TfEn,3.45E-10,pepMHCIEn,0,REn,9.54E-04,imCxEn,0
endosome1379u,initSolubleContent,ovaEn,0,protonEn,456.7182055,TfaEn,0.004457327,solubleMarker,0,mvb,0,FeEn,2.82E-11,TfEn,3.20E-07,pepEn,0,,
endosome1380F,initOrgProp,area,7539.822369,volume,50265.48246,xcoor,25.0282072,ycoor,28.90584307,zcoor,4,,,,,,,,
endosome1380F,initRabContent,RabG,7539.822369,,,,,,,,,,,,,,,,
endosome1380F,initMembraneContent,exCxEn,0,R-TfaEn,0.002527333,oMHCIEn,0,membraneMarker,0,cMHCIEn,0,R-TfEn,1.08E-05,pepMHCIEn,0,REn,0.002498396,imCxEn,0
endosome1380F,initSolubleContent,ovaEn,0,protonEn,5.038209838,TfaEn,0.001221099,solubleMarker,0,mvb,0,FeEn,8.58E-06,TfEn,1.42E-08,pepEn,0,,
endosome1381N,initOrgProp,area,7539.822369,volume,50265.48246,xcoor,25.71637153,ycoor,24.51957298,zcoor,4,,,,,,,,
endosome1381N,initRabContent,RabD,7539.822369,,,,,,,,,,,,,,,,
endosome1381N,initMembraneContent,exCxEn,0,R-TfaEn,0.014214526,oMHCIEn,0,membraneMarker,0,cMHCIEn,0,R-TfEn,1.08E-07,pepMHCIEn,0,REn,0.001415293,imCxEn,0
endosome1381N,initSolubleContent,ovaEn,0,protonEn,931.4696554,TfaEn,0.005241182,solubleMarker,0,mvb,0,FeEn,8.50E-09,TfEn,5.21E-07,pepEn,0,,
endosome1382u,initOrgProp,area,7539.822369,volume,50265.48246,xcoor,25.00408846,ycoor,28.88924593,zcoor,4,,,,,,,,
endosome1382u,initRabContent,RabG,7539.822369,,,,,,,,,,,,,,,,
endosome1382u,initMembraneContent,exCxEn,0,R-TfaEn,0.002527333,oMHCIEn,0,membraneMarker,0,cMHCIEn,0,R-TfEn,1.08E-05,pepMHCIEn,0,REn,0.002498396,imCxEn,0
endosome1382u,initSolubleContent,ovaEn,0,protonEn,5.038209838,TfaEn,0.001221099,solubleMarker,0,mvb,0,FeEn,8.58E-06,TfEn,1.42E-08,pepEn,0,,
endosome1383U,initOrgProp,area,7539.822369,volume,50265.48246,xcoor,25.54189773,ycoor,24.36535857,zcoor,4,,,,,,,,
endosome1383U,initRabContent,RabD,7539.822369,,,,,,,,,,,,,,,,
endosome1383U,initMembraneContent,exCxEn,0,R-TfaEn,0.014214526,oMHCIEn,0,membraneMarker,0,cMHCIEn,0,R-TfEn,1.08E-07,pepMHCIEn,0,REn,0.001415293,imCxEn,0
endosome1383U,initSolubleContent,ovaEn,0,protonEn,931.4696554,TfaEn,0.005241182,solubleMarker,0,mvb,0,FeEn,8.50E-09,TfEn,5.21E-07,pepEn,0,,
endosome1384k,initOrgProp,area,7539.822369,volume,50265.48246,xcoor,25.06198941,ycoor,24.48446752,zcoor,4,,,,,,,,
endosome1384k,initRabContent,RabD,7539.822369,,,,,,,,,,,,,,,,
endosome1384k,initMembraneContent,exCxEn,0,R-TfaEn,0.014214526,oMHCIEn,0,membraneMarker,0,cMHCIEn,0,R-TfEn,1.08E-07,pepMHCIEn,0,REn,0.001415293,imCxEn,0
endosome1384k,initSolubleContent,ovaEn,0,protonEn,931.4696554,TfaEn,0.005241182,solubleMarker,0,mvb,0,FeEn,8.50E-09,TfEn,5.21E-07,pepEn,0,,
endosome1385m,initOrgProp,area,7539.822369,volume,50265.48246,xcoor,25.08233759,ycoor,28.72590118,zcoor,4,,,,,,,,
endosome1385m,initRabContent,RabG,7539.822369,,,,,,,,,,,,,,,,
endosome1385m,initMembraneContent,exCxEn,0,R-TfaEn,0.002527333,oMHCIEn,0,membraneMarker,0,cMHCIEn,0,R-TfEn,1.08E-05,pepMHCIEn,0,REn,0.002498396,imCxEn,0
endosome1385m,initSolubleContent,ovaEn,0,protonEn,5.038209838,TfaEn,0.001221099,solubleMarker,0,mvb,0,FeEn,8.58E-06,TfEn,1.42E-08,pepEn,0,,
endosome1386u,initOrgProp,area,7539.822369,volume,50265.48246,xcoor,25.10703581,ycoor,24.58523262,zcoor,4,,,,,,,,
endosome1386u,initRabContent,RabD,7539.822369,,,,,,,,,,,,,,,,
endosome1386u,initMembraneContent,exCxEn,0,R-TfaEn,0.014214526,oMHCIEn,0,membraneMarker,0,cMHCIEn,0,R-TfEn,1.08E-07,pepMHCIEn,0,REn,0.001415293,imCxEn,0
endosome1386u,initSolubleContent,ovaEn,0,protonEn,931.4696554,TfaEn,0.005241182,solubleMarker,0,mvb,0,FeEn,8.50E-09,TfEn,5.21E-07,pepEn,0,,
endosome1387j,initOrgProp,area,2340453.708,volume,3.95E+07,xcoor,25,ycoor,29.4,zcoor,4,,,,,,,,
endosome1387j,initRabContent,RabI,23886.80499,RabG,308970.2334,RabH,2003315.339,RabE,1366.528314,RabF,2914.802181,,,,,,,,
endosome1387j,initMembraneContent,exCxEn,0,R-TfaEn,0.669982959,oMHCIEn,0,membraneMarker,0,cMHCIEn,0,R-TfEn,0.002771706,pepMHCIEn,0,REn,0.548768521,imCxEn,0
endosome1387j,initSolubleContent,ovaEn,0,protonEn,4074.543171,TfaEn,0.739383693,solubleMarker,0,mvb,2.01E-25,FeEn,0.004185023,TfEn,9.12E-06,pepEn,0,,
endosome1388H,initOrgProp,area,7539.822369,volume,50265.48246,xcoor,39.98351282,ycoor,0.410081857,zcoor,4,,,,,,,,
endosome1388H,initRabContent,RabA,7539.822369,,,,,,,,,,,,,,,,
endosome1388H,initMembraneContent,exCxEn,0,R-TfaEn,0.063077852,oMHCIEn,0,membraneMarker,0,cMHCIEn,0,R-TfEn,0.005196966,pepMHCIEn,0,REn,2.86E-04,imCxEn,0
endosome1388H,initSolubleContent,ovaEn,0,protonEn,17.30811464,TfaEn,0.004119538,solubleMarker,0,mvb,0,FeEn,4.52E-04,TfEn,1.95E-06,pepEn,0,,
endosome1389M,initOrgProp,area,7539.822369,volume,50265.48246,xcoor,28.28264492,ycoor,17.80490832,zcoor,4,,,,,,,,
endosome1389M,initRabContent,RabG,7539.822369,,,,,,,,,,,,,,,,
endosome1389M,initMembraneContent,exCxEn,0,R-TfaEn,0.003158492,oMHCIEn,0,membraneMarker,0,cMHCIEn,0,R-TfEn,6.25E-07,pepMHCIEn,0,REn,5.24E-04,imCxEn,0
endosome1389M,initSolubleContent,ovaEn,0,protonEn,5.033937272,TfaEn,3.96E-04,solubleMarker,0,mvb,0,FeEn,4.38E-08,TfEn,3.31E-08,pepEn,0,,
endosome1390i,initOrgProp,area,7539.822369,volume,50265.48246,xcoor,25.11161782,ycoor,24.49925762,zcoor,4,,,,,,,,
endosome1390i,initRabContent,RabD,7539.822369,,,,,,,,,,,,,,,,
endosome1390i,initMembraneContent,exCxEn,0,R-TfaEn,0.014214526,oMHCIEn,0,membraneMarker,0,cMHCIEn,0,R-TfEn,1.08E-07,pepMHCIEn,0,REn,0.001415293,imCxEn,0
endosome1390i,initSolubleContent,ovaEn,0,protonEn,931.4696554,TfaEn,0.005241182,solubleMarker,0,mvb,0,FeEn,8.50E-09,TfEn,5.21E-07,pepEn,0,,
endosome1391e,initOrgProp,area,483785.5677,volume,1.06E+07,xcoor,25,ycoor,29.8,zcoor,4,,,,,,,,
endosome1391e,initRabContent,RabG,483785.5677,,,,,,,,,,,,,,,,
endosome1391e,initMembraneContent,exCxEn,0,R-TfaEn,0.162330377,oMHCIEn,0,membraneMarker,0,cMHCIEn,0,R-TfEn,6.91E-04,pepMHCIEn,0,REn,0.160139796,imCxEn,0
endosome1391e,initSolubleContent,ovaEn,0,protonEn,1063.613789,TfaEn,0.256498031,solubleMarker,0,mvb,0,FeEn,0.001823927,TfEn,3.00E-06,pepEn,0,,
endosome1392C,initOrgProp,area,7539.822369,volume,50265.48246,xcoor,25.04502236,ycoor,24.61224304,zcoor,4,,,,,,,,
endosome1392C,initRabContent,RabD,7539.822369,,,,,,,,,,,,,,,,
endosome1392C,initMembraneContent,exCxEn,0,R-TfaEn,0.014214526,oMHCIEn,0,membraneMarker,0,cMHCIEn,0,R-TfEn,1.11E-07,pepMHCIEn,0,REn,0.001415293,imCxEn,0
endosome1392C,initSolubleContent,ovaEn,0,protonEn,931.4495492,TfaEn,0.005243846,solubleMarker,0,mvb,0,FeEn,8.76E-09,TfEn,5.21E-07,pepEn,0,,
endosome1393s,initOrgProp,area,7539.822369,volume,50265.48246,xcoor,28.42588012,ycoor,17.60156228,zcoor,4,,,,,,,,
endosome1393s,initRabContent,RabE,7539.822369,,,,,,,,,,,,,,,,
endosome1393s,initMembraneContent,exCxEn,0,R-TfaEn,0.003159148,oMHCIEn,0,membraneMarker,0,cMHCIEn,0,R-TfEn,6.25E-07,pepMHCIEn,0,REn,5.24E-04,imCxEn,0
endosome1393s,initSolubleContent,ovaEn,0,protonEn,5.034238865,TfaEn,3.95E-04,solubleMarker,0,mvb,0,FeEn,4.38E-08,TfEn,3.31E-08,pepEn,0,,
endosome1394o,initOrgProp,area,7539.822369,volume,50265.48246,xcoor,24.93677598,ycoor,24.5108904,zcoor,4,,,,,,,,
endosome1394o,initRabContent,RabD,7539.822369,,,,,,,,,,,,,,,,
endosome1394o,initMembraneContent,exCxEn,0,R-TfaEn,0.01421445,oMHCIEn,0,membraneMarker,0,cMHCIEn,0,R-TfEn,1.11E-07,pepMHCIEn,0,REn,0.001415293,imCxEn,0
endosome1394o,initSolubleContent,ovaEn,0,protonEn,931.4495492,TfaEn,0.005243846,solubleMarker,0,mvb,0,FeEn,8.76E-09,TfEn,5.21E-07,pepEn,0,,
endosome1395t,initOrgProp,area,7539.822369,volume,50265.48246,xcoor,25.06751781,ycoor,24.50742899,zcoor,4,,,,,,,,
endosome1395t,initRabContent,RabD,7539.822369,,,,,,,,,,,,,,,,
endosome1395t,initMembraneContent,exCxEn,0,R-TfaEn,0.01421445,oMHCIEn,0,membraneMarker,0,cMHCIEn,0,R-TfEn,1.11E-07,pepMHCIEn,0,REn,0.001415293,imCxEn,0
endosome1395t,initSolubleContent,ovaEn,0,protonEn,931.4495492,TfaEn,0.005243846,solubleMarker,0,mvb,0,FeEn,8.76E-09,TfEn,5.21E-07,pepEn,0,,
endosome1396g,initOrgProp,area,7539.822369,volume,50265.48246,xcoor,28.44720487,ycoor,17.86137429,zcoor,4,,,,,,,,
endosome1396g,initRabContent,RabI,7539.822369,,,,,,,,,,,,,,,,
endosome1396g,initMembraneContent,exCxEn,0,R-TfaEn,0.003159148,oMHCIEn,0,membraneMarker,0,cMHCIEn,0,R-TfEn,6.25E-07,pepMHCIEn,0,REn,5.24E-04,imCxEn,0
endosome1396g,initSolubleContent,ovaEn,0,protonEn,5.034238865,TfaEn,3.95E-04,solubleMarker,0,mvb,0,FeEn,4.38E-08,TfEn,3.31E-08,pepEn,0,,
endosome1397t,initOrgProp,area,7539.822369,volume,50265.48246,xcoor,25.06734391,ycoor,28.72637347,zcoor,4,,,,,,,,
endosome1397t,initRabContent,RabG,7539.822369,,,,,,,,,,,,,,,,
endosome1397t,initMembraneContent,exCxEn,0,R-TfaEn,0.002527854,oMHCIEn,0,membraneMarker,0,cMHCIEn,0,R-TfEn,1.08E-05,pepMHCIEn,0,REn,0.002497875,imCxEn,0
endosome1397t,initSolubleContent,ovaEn,0,protonEn,5.038662227,TfaEn,0.001220582,solubleMarker,0,mvb,0,FeEn,8.60E-06,TfEn,1.42E-08,pepEn,0,,
endosome1398Z,initOrgProp,area,7539.822369,volume,50265.48246,xcoor,24.93885612,ycoor,24.41508803,zcoor,4,,,,,,,,
endosome1398Z,initRabContent,RabD,7539.822369,,,,,,,,,,,,,,,,
endosome1398Z,initMembraneContent,exCxEn,0,R-TfaEn,0.01421445,oMHCIEn,0,membraneMarker,0,cMHCIEn,0,R-TfEn,1.11E-07,pepMHCIEn,0,REn,0.001415293,imCxEn,0
endosome1398Z,initSolubleContent,ovaEn,0,protonEn,931.4495492,TfaEn,0.005243846,solubleMarker,0,mvb,0,FeEn,8.76E-09,TfEn,5.21E-07,pepEn,0,,
endosome1399Z,initOrgProp,area,7539.822369,volume,50265.48246,xcoor,25.05239855,ycoor,24.46381641,zcoor,4,,,,,,,,
endosome1399Z,initRabContent,RabD,7539.822369,,,,,,,,,,,,,,,,
endosome1399Z,initMembraneContent,exCxEn,0,R-TfaEn,0.01421445,oMHCIEn,0,membraneMarker,0,cMHCIEn,0,R-TfEn,1.11E-07,pepMHCIEn,0,REn,0.001415293,imCxEn,0
endosome1399Z,initSolubleContent,ovaEn,0,protonEn,931.4495492,TfaEn,0.005243846,solubleMarker,0,mvb,0,FeEn,8.76E-09,TfEn,5.21E-07,pepEn,0,,
endosome1400c,initOrgProp,area,7539.822369,volume,50265.48246,xcoor,25.14226801,ycoor,24.48422057,zcoor,4,,,,,,,,
endosome1400c,initRabContent,RabD,7539.822369,,,,,,,,,,,,,,,,
endosome1400c,initMembraneContent,exCxEn,0,R-TfaEn,0.01421445,oMHCIEn,0,membraneMarker,0,cMHCIEn,0,R-TfEn,1.11E-07,pepMHCIEn,0,REn,0.001415293,imCxEn,0
endosome1400c,initSolubleContent,ovaEn,0,protonEn,931.4495492,TfaEn,0.005243846,solubleMarker,0,mvb,0,FeEn,8.76E-09,TfEn,5.21E-07,pepEn,0,,
endosome1401o,initOrgProp,area,7539.822369,volume,50265.48246,xcoor,24.99613968,ycoor,28.91699971,zcoor,4,,,,,,,,
endosome1401o,initRabContent,RabG,7539.822369,,,,,,,,,,,,,,,,
endosome1401o,initMembraneContent,exCxEn,0,R-TfaEn,0.002527854,oMHCIEn,0,membraneMarker,0,cMHCIEn,0,R-TfEn,1.08E-05,pepMHCIEn,0,REn,0.002497875,imCxEn,0
endosome1401o,initSolubleContent,ovaEn,0,protonEn,5.038662227,TfaEn,0.001220582,solubleMarker,0,mvb,0,FeEn,8.60E-06,TfEn,1.42E-08,pepEn,0,,
endosome1402a,initOrgProp,area,7539.822369,volume,50265.48246,xcoor,25.1193694,ycoor,28.96371905,zcoor,4,,,,,,,,
endosome1402a,initRabContent,RabG,7539.822369,,,,,,,,,,,,,,,,
endosome1402a,initMembraneContent,exCxEn,0,R-TfaEn,0.002526806,oMHCIEn,0,membraneMarker,0,cMHCIEn,0,R-TfEn,1.08E-05,pepMHCIEn,0,REn,0.002498916,imCxEn,0
endosome1402a,initSolubleContent,ovaEn,0,protonEn,5.037757448,TfaEn,0.001220974,solubleMarker,0,mvb,0,FeEn,8.57E-06,TfEn,1.42E-08,pepEn,0,,
endosome1403v,initOrgProp,area,7539.822369,volume,50265.48246,xcoor,25.03315909,ycoor,24.58909036,zcoor,4,,,,,,,,
endosome1403v,initRabContent,RabD,7539.822369,,,,,,,,,,,,,,,,
endosome1403v,initMembraneContent,exCxEn,0,R-TfaEn,0.01421445,oMHCIEn,0,membraneMarker,0,cMHCIEn,0,R-TfEn,1.11E-07,pepMHCIEn,0,REn,0.001415293,imCxEn,0
endosome1403v,initSolubleContent,ovaEn,0,protonEn,931.4495492,TfaEn,0.005243846,solubleMarker,0,mvb,0,FeEn,8.76E-09,TfEn,5.21E-07,pepEn,0,,
endosome1404L,initOrgProp,area,7539.822369,volume,50265.48246,xcoor,25.00541656,ycoor,28.99204538,zcoor,4,,,,,,,,
endosome1404L,initRabContent,RabG,7539.822369,,,,,,,,,,,,,,,,
endosome1404L,initMembraneContent,exCxEn,0,R-TfaEn,0.002527333,oMHCIEn,0,membraneMarker,0,cMHCIEn,0,R-TfEn,1.08E-05,pepMHCIEn,0,REn,0.002498396,imCxEn,0
endosome1404L,initSolubleContent,ovaEn,0,protonEn,5.038209838,TfaEn,0.001220737,solubleMarker,0,mvb,0,FeEn,8.58E-06,TfEn,1.42E-08,pepEn,0,,
endosome1405c,initOrgProp,area,7539.822369,volume,50265.48246,xcoor,25.07896975,ycoor,24.50506137,zcoor,4,,,,,,,,
endosome1405c,initRabContent,RabD,7539.822369,,,,,,,,,,,,,,,,
endosome1405c,initMembraneContent,exCxEn,0,R-TfaEn,0.01421445,oMHCIEn,0,membraneMarker,0,cMHCIEn,0,R-TfEn,1.11E-07,pepMHCIEn,0,REn,0.001415293,imCxEn,0
endosome1405c,initSolubleContent,ovaEn,0,protonEn,931.4495492,TfaEn,0.005243846,solubleMarker,0,mvb,0,FeEn,8.76E-09,TfEn,5.21E-07,pepEn,0,,
endosome1406L,initOrgProp,area,7539.822369,volume,50265.48246,xcoor,24.95181117,ycoor,28.93312741,zcoor,4,,,,,,,,
endosome1406L,initRabContent,RabG,7539.822369,,,,,,,,,,,,,,,,
endosome1406L,initMembraneContent,exCxEn,0,R-TfaEn,0.002527333,oMHCIEn,0,membraneMarker,0,cMHCIEn,0,R-TfEn,1.08E-05,pepMHCIEn,0,REn,0.002498396,imCxEn,0
endosome1406L,initSolubleContent,ovaEn,0,protonEn,5.038209838,TfaEn,0.001220763,solubleMarker,0,mvb,0,FeEn,8.58E-06,TfEn,1.42E-08,pepEn,0,,
endosome1407A,initOrgProp,area,7539.822369,volume,50265.48246,xcoor,25.09392728,ycoor,24.51335252,zcoor,4,,,,,,,,
endosome1407A,initRabContent,RabD,7539.822369,,,,,,,,,,,,,,,,
endosome1407A,initMembraneContent,exCxEn,0,R-TfaEn,0.01421445,oMHCIEn,0,membraneMarker,0,cMHCIEn,0,R-TfEn,1.11E-07,pepMHCIEn,0,REn,0.001415293,imCxEn,0
endosome1407A,initSolubleContent,ovaEn,0,protonEn,931.4495492,TfaEn,0.005243846,solubleMarker,0,mvb,0,FeEn,8.76E-09,TfEn,5.21E-07,pepEn,0,,
endosome1408o,initOrgProp,area,7539.822369,volume,50265.48246,xcoor,4.362710689,ycoor,0.418254875,zcoor,4,,,,,,,,
endosome1408o,initRabContent,RabA,7539.822369,,,,,,,,,,,,,,,,
endosome1408o,initMembraneContent,R-TfaEn,1.14E-05,exCxEn,0,oMHCIEn,0,membraneMarker,0,R-TfEn,6.34E-08,cMHCIEn,0,pepMHCIEn,0,REn,1.40E-07,imCxEn,0
endosome1408o,initSolubleContent,ovaEn,0,protonEn,15.02812262,TfaEn,0.002441968,solubleMarker,0,mvb,0,FeEn,1.02E-08,TfEn,4.68E-07,pepEn,0,,
endosome1409b,initOrgProp,area,20145.46289,volume,178831.3818,xcoor,16.07645086,ycoor,4.041703497,zcoor,4,,,,,,,,
endosome1409b,initRabContent,RabA,20145.46289,,,,,,,,,,,,,,,,
endosome1409b,initMembraneContent,exCxEn,0,R-TfaEn,0.039675482,oMHCIEn,0,membraneMarker,0,cMHCIEn,0,R-TfEn,0.001194719,pepMHCIEn,0,REn,0.001315164,imCxEn,0
endosome1409b,initSolubleContent,ovaEn,0,protonEn,65.08711206,TfaEn,0.102189617,solubleMarker,0,mvb,0,FeEn,4.04E-04,TfEn,7.05E-06,pepEn,0,,
endosome1410K,initOrgProp,area,7539.822369,volume,50265.48246,xcoor,25.05252422,ycoor,24.50854056,zcoor,4,,,,,,,,
endosome1410K,initRabContent,RabD,7539.822369,,,,,,,,,,,,,,,,
endosome1410K,initMembraneContent,exCxEn,0,R-TfaEn,0.01421445,oMHCIEn,0,membraneMarker,0,cMHCIEn,0,R-TfEn,1.11E-07,pepMHCIEn,0,REn,0.001415293,imCxEn,0
endosome1410K,initSolubleContent,ovaEn,0,protonEn,931.4495492,TfaEn,0.005243846,solubleMarker,0,mvb,0,FeEn,8.76E-09,TfEn,5.21E-07,pepEn,0,,
endosome1411O,initOrgProp,area,7539.822369,volume,50265.48246,xcoor,25.22697023,ycoor,24.49170784,zcoor,4,,,,,,,,
endosome1411O,initRabContent,RabD,7539.822369,,,,,,,,,,,,,,,,
endosome1411O,initMembraneContent,exCxEn,0,R-TfaEn,0.01421445,oMHCIEn,0,membraneMarker,0,cMHCIEn,0,R-TfEn,1.14E-07,pepMHCIEn,0,REn,0.001415293,imCxEn,0
endosome1411O,initSolubleContent,ovaEn,0,protonEn,931.1479563,TfaEn,0.005243846,solubleMarker,0,mvb,0,FeEn,9.05E-09,TfEn,5.21E-07,pepEn,0,,
endosome1412m,initOrgProp,area,7539.822369,volume,50265.48246,xcoor,25.22634092,ycoor,24.56838175,zcoor,4,,,,,,,,
endosome1412m,initRabContent,RabD,7539.822369,,,,,,,,,,,,,,,,
endosome1412m,initMembraneContent,exCxEn,0,R-TfaEn,0.01421445,oMHCIEn,0,membraneMarker,0,cMHCIEn,0,R-TfEn,1.14E-07,pepMHCIEn,0,REn,0.001415293,imCxEn,0
endosome1412m,initSolubleContent,ovaEn,0,protonEn,931.1479563,TfaEn,0.005243846,solubleMarker,0,mvb,0,FeEn,9.05E-09,TfEn,5.21E-07,pepEn,0,,
endosome1413m,initOrgProp,area,7539.822369,volume,50265.48246,xcoor,24.75969697,ycoor,24.83410085,zcoor,4,,,,,,,,
endosome1413m,initRabContent,RabD,7539.822369,,,,,,,,,,,,,,,,
endosome1413m,initMembraneContent,exCxEn,0,R-TfaEn,0.01421445,oMHCIEn,0,membraneMarker,0,cMHCIEn,0,R-TfEn,1.14E-07,pepMHCIEn,0,REn,0.001415293,imCxEn,0
endosome1413m,initSolubleContent,ovaEn,0,protonEn,931.1479563,TfaEn,0.005243846,solubleMarker,0,mvb,0,FeEn,9.05E-09,TfEn,5.21E-07,pepEn,0,,
endosome1414d,initOrgProp,area,9159.313382,volume,72759.85831,xcoor,12.8065313,ycoor,0.615742743,zcoor,4,,,,,,,,
endosome1414d,initRabContent,RabB,9159.313382,,,,,,,,,,,,,,,,
endosome1414d,initMembraneContent,exCxEn,0,R-TfaEn,3.152947083,oMHCIEn,0,membraneMarker,0,cMHCIEn,0,R-TfEn,0.491913748,pepMHCIEn,0,REn,0.027231371,imCxEn,0
endosome1414d,initSolubleContent,ovaEn,0,protonEn,241.1167117,TfaEn,0.005785449,solubleMarker,0,mvb,0,FeEn,0.038001528,TfEn,2.15E-06,pepEn,0,,
endosome1415S,initOrgProp,area,7539.822369,volume,50265.48246,xcoor,24.89427609,ycoor,24.85135023,zcoor,4,,,,,,,,
endosome1415S,initRabContent,RabD,7539.822369,,,,,,,,,,,,,,,,
endosome1415S,initMembraneContent,exCxEn,0,R-TfaEn,0.01421445,oMHCIEn,0,membraneMarker,0,cMHCIEn,0,R-TfEn,1.14E-07,pepMHCIEn,0,REn,0.001415293,imCxEn,0
endosome1415S,initSolubleContent,ovaEn,0,protonEn,931.1479563,TfaEn,0.005243846,solubleMarker,0,mvb,0,FeEn,9.05E-09,TfEn,5.21E-07,pepEn,0,,
endosome1416I,initOrgProp,area,18661.06036,volume,148239.9446,xcoor,13.1342412,ycoor,1.126222749,zcoor,4,,,,,,,,
endosome1416I,initRabContent,RabA,18661.06036,,,,,,,,,,,,,,,,
endosome1416I,initMembraneContent,exCxEn,0,R-TfaEn,0.006389286,oMHCIEn,0,membraneMarker,0,cMHCIEn,0,R-TfEn,0.001029307,pepMHCIEn,0,REn,5.54E-05,imCxEn,0
endosome1416I,initSolubleContent,ovaEn,0,protonEn,522.7103509,TfaEn,0.011787195,solubleMarker,0,mvb,0,FeEn,6.01E-04,TfEn,4.38E-06,pepEn,0,,
endosome1417S,initOrgProp,area,7539.822369,volume,50265.48246,xcoor,24.81345084,ycoor,24.79280819,zcoor,4,,,,,,,,
endosome1417S,initRabContent,RabD,7539.822369,,,,,,,,,,,,,,,,
endosome1417S,initMembraneContent,exCxEn,0,R-TfaEn,0.01421445,oMHCIEn,0,membraneMarker,0,cMHCIEn,0,R-TfEn,1.14E-07,pepMHCIEn,0,REn,0.001415293,imCxEn,0
endosome1417S,initSolubleContent,ovaEn,0,protonEn,931.1479563,TfaEn,0.005243846,solubleMarker,0,mvb,0,FeEn,9.05E-09,TfEn,5.21E-07,pepEn,0,,
endosome1418d,initOrgProp,area,7539.822369,volume,50265.48246,xcoor,25.84221276,ycoor,25.93436459,zcoor,4,,,,,,,,
endosome1418d,initRabContent,RabD,7539.822369,,,,,,,,,,,,,,,,
endosome1418d,initMembraneContent,exCxEn,0,R-TfaEn,0.01421445,oMHCIEn,0,membraneMarker,0,cMHCIEn,0,R-TfEn,1.14E-07,pepMHCIEn,0,REn,0.001415293,imCxEn,0
endosome1418d,initSolubleContent,ovaEn,0,protonEn,931.1479563,TfaEn,0.005243846,solubleMarker,0,mvb,0,FeEn,9.05E-09,TfEn,5.21E-07,pepEn,0,,
endosome1419K,initOrgProp,area,7539.822369,volume,50265.48246,xcoor,25.82644352,ycoor,25.77483476,zcoor,4,,,,,,,,
endosome1419K,initRabContent,RabD,7539.822369,,,,,,,,,,,,,,,,
endosome1419K,initMembraneContent,exCxEn,0,R-TfaEn,0.01421445,oMHCIEn,0,membraneMarker,0,cMHCIEn,0,R-TfEn,1.14E-07,pepMHCIEn,0,REn,0.001415293,imCxEn,0
endosome1419K,initSolubleContent,ovaEn,0,protonEn,931.1479563,TfaEn,0.005243846,solubleMarker,0,mvb,0,FeEn,9.05E-09,TfEn,5.21E-07,pepEn,0,,
endosome1420m,initOrgProp,area,7539.822369,volume,50265.48246,xcoor,25.15478601,ycoor,28.8020053,zcoor,4,,,,,,,,
endosome1420m,initRabContent,RabG,7539.822369,,,,,,,,,,,,,,,,
endosome1420m,initMembraneContent,exCxEn,0,R-TfaEn,0.002528374,oMHCIEn,0,membraneMarker,0,cMHCIEn,0,R-TfEn,1.08E-05,pepMHCIEn,0,REn,0.002497355,imCxEn,0
endosome1420m,initSolubleContent,ovaEn,0,protonEn,5.039164882,TfaEn,0.001220059,solubleMarker,0,mvb,0,FeEn,8.61E-06,TfEn,1.42E-08,pepEn,0,,
endosome1421D,initOrgProp,area,7539.822369,volume,50265.48246,xcoor,26.28671156,ycoor,25.59516796,zcoor,4,,,,,,,,
endosome1421D,initRabContent,RabD,7539.822369,,,,,,,,,,,,,,,,
endosome1421D,initMembraneContent,exCxEn,0,R-TfaEn,0.014214526,oMHCIEn,0,membraneMarker,0,cMHCIEn,0,R-TfEn,1.14E-07,pepMHCIEn,0,REn,0.001415293,imCxEn,0
endosome1421D,initSolubleContent,ovaEn,0,protonEn,931.1479563,TfaEn,0.005243846,solubleMarker,0,mvb,0,FeEn,9.05E-09,TfEn,5.21E-07,pepEn,0,,
endosome1422s,initOrgProp,area,7539.822369,volume,50265.48246,xcoor,26.39507962,ycoor,25.53657025,zcoor,4,,,,,,,,
endosome1422s,initRabContent,RabD,7539.822369,,,,,,,,,,,,,,,,
endosome1422s,initMembraneContent,exCxEn,0,R-TfaEn,0.014214526,oMHCIEn,0,membraneMarker,0,cMHCIEn,0,R-TfEn,1.14E-07,pepMHCIEn,0,REn,0.001415293,imCxEn,0
endosome1422s,initSolubleContent,ovaEn,0,protonEn,931.1479563,TfaEn,0.005243846,solubleMarker,0,mvb,0,FeEn,9.05E-09,TfEn,5.21E-07,pepEn,0,,
endosome1423u,initOrgProp,area,7539.822369,volume,50265.48246,xcoor,25.08991999,ycoor,28.89117257,zcoor,4,,,,,,,,
endosome1423u,initRabContent,RabG,7539.822369,,,,,,,,,,,,,,,,
endosome1423u,initMembraneContent,exCxEn,0,R-TfaEn,0.002528374,oMHCIEn,0,membraneMarker,0,cMHCIEn,0,R-TfEn,1.08E-05,pepMHCIEn,0,REn,0.002497355,imCxEn,0
endosome1423u,initSolubleContent,ovaEn,0,protonEn,5.039164882,TfaEn,0.001220059,solubleMarker,0,mvb,0,FeEn,8.61E-06,TfEn,1.42E-08,pepEn,0,,
endosome1424x,initOrgProp,area,7539.822369,volume,50265.48246,xcoor,25.02317831,ycoor,29.0134003,zcoor,4,,,,,,,,
endosome1424x,initRabContent,RabG,7539.822369,,,,,,,,,,,,,,,,
endosome1424x,initMembraneContent,exCxEn,0,R-TfaEn,0.002527854,oMHCIEn,0,membraneMarker,0,cMHCIEn,0,R-TfEn,1.08E-05,pepMHCIEn,0,REn,0.002497875,imCxEn,0
endosome1424x,initSolubleContent,ovaEn,0,protonEn,5.038662227,TfaEn,0.00122024,solubleMarker,0,mvb,0,FeEn,8.60E-06,TfEn,1.42E-08,pepEn,0,,
endosome1425o,initOrgProp,area,13194.68915,volume,113097.3355,xcoor,42.82383369,ycoor,1.274283664,zcoor,4,,,,,,,,
endosome1425o,initRabContent,RabA,13194.68915,,,,,,,,,,,,,,,,
endosome1425o,initMembraneContent,exCxEn,0,R-TfaEn,0.885291071,oMHCIEn,0,membraneMarker,0,cMHCIEn,0,R-TfEn,0.010723957,pepMHCIEn,0,REn,0.007993448,imCxEn,0
endosome1425o,initSolubleContent,ovaEn,0,protonEn,39.87959077,TfaEn,0.027543047,solubleMarker,0,mvb,0,FeEn,8.42E-04,TfEn,4.15E-06,pepEn,0,,
endosome1426v,initOrgProp,area,7539.822369,volume,50265.48246,xcoor,26.12900261,ycoor,25.68585477,zcoor,4,,,,,,,,
endosome1426v,initRabContent,RabD,7539.822369,,,,,,,,,,,,,,,,
endosome1426v,initMembraneContent,exCxEn,0,R-TfaEn,0.014214526,oMHCIEn,0,membraneMarker,0,cMHCIEn,0,R-TfEn,1.14E-07,pepMHCIEn,0,REn,0.001415293,imCxEn,0
endosome1426v,initSolubleContent,ovaEn,0,protonEn,931.1479563,TfaEn,0.005243846,solubleMarker,0,mvb,0,FeEn,9.05E-09,TfEn,5.21E-07,pepEn,0,,
endosome1427N,initOrgProp,area,7539.822369,volume,50265.48246,xcoor,26.30109153,ycoor,25.74356285,zcoor,4,,,,,,,,
endosome1427N,initRabContent,RabD,7539.822369,,,,,,,,,,,,,,,,
endosome1427N,initMembraneContent,exCxEn,0,R-TfaEn,0.014214526,oMHCIEn,0,membraneMarker,0,cMHCIEn,0,R-TfEn,1.14E-07,pepMHCIEn,0,REn,0.001415293,imCxEn,0
endosome1427N,initSolubleContent,ovaEn,0,protonEn,931.1479563,TfaEn,0.005243846,solubleMarker,0,mvb,0,FeEn,9.05E-09,TfEn,5.21E-07,pepEn,0,,
endosome1428z,initOrgProp,area,12566.37061,volume,100530.9649,xcoor,0.478841754,ycoor,41.63370933,zcoor,4,,,,,,,,
endosome1428z,initRabContent,RabA,12566.37061,,,,,,,,,,,,,,,,
endosome1428z,initMembraneContent,exCxEn,0,R-TfaEn,0.012424094,oMHCIEn,0,membraneMarker,0,cMHCIEn,0,R-TfEn,5.15E-05,pepMHCIEn,0,REn,1.01E-04,imCxEn,0
endosome1428z,initSolubleContent,ovaEn,0,protonEn,85.70747308,TfaEn,0.010495232,solubleMarker,0,mvb,0,FeEn,1.08E-05,TfEn,3.71E-06,pepEn,0,,
endosome1429X,initOrgProp,area,7539.822369,volume,50265.48246,xcoor,26.25980153,ycoor,25.78475413,zcoor,4,,,,,,,,
endosome1429X,initRabContent,RabD,7539.822369,,,,,,,,,,,,,,,,
endosome1429X,initMembraneContent,exCxEn,0,R-TfaEn,0.014214526,oMHCIEn,0,membraneMarker,0,cMHCIEn,0,R-TfEn,1.14E-07,pepMHCIEn,0,REn,0.001415293,imCxEn,0
endosome1429X,initSolubleContent,ovaEn,0,protonEn,931.1479563,TfaEn,0.005243846,solubleMarker,0,mvb,0,FeEn,9.05E-09,TfEn,5.21E-07,pepEn,0,,
endosome1430F,initOrgProp,area,7539.822369,volume,50265.48246,xcoor,26.30400834,ycoor,25.61119197,zcoor,4,,,,,,,,
endosome1430F,initRabContent,RabD,7539.822369,,,,,,,,,,,,,,,,
endosome1430F,initMembraneContent,exCxEn,0,R-TfaEn,0.014214375,oMHCIEn,0,membraneMarker,0,cMHCIEn,0,R-TfEn,1.17E-07,pepMHCIEn,0,REn,0.001415293,imCxEn,0
endosome1430F,initSolubleContent,ovaEn,0,protonEn,930.8312838,TfaEn,0.005243846,solubleMarker,0,mvb,0,FeEn,9.35E-09,TfEn,5.21E-07,pepEn,0,,
endosome1431U,initOrgProp,area,7539.822369,volume,50265.48246,xcoor,26.28899885,ycoor,25.69236109,zcoor,4,,,,,,,,
endosome1431U,initRabContent,RabD,7539.822369,,,,,,,,,,,,,,,,
endosome1431U,initMembraneContent,exCxEn,0,R-TfaEn,0.014214299,oMHCIEn,0,membraneMarker,0,cMHCIEn,0,R-TfEn,1.17E-07,pepMHCIEn,0,REn,0.0014153,imCxEn,0
endosome1431U,initSolubleContent,ovaEn,0,protonEn,930.8312838,TfaEn,0.005243846,solubleMarker,0,mvb,0,FeEn,9.35E-09,TfEn,5.21E-07,pepEn,0,,
endosome1432u,initOrgProp,area,7539.822369,volume,50265.48246,xcoor,26.23439794,ycoor,25.69464207,zcoor,4,,,,,,,,
endosome1432u,initRabContent,RabD,7539.822369,,,,,,,,,,,,,,,,
endosome1432u,initMembraneContent,exCxEn,0,R-TfaEn,0.014214299,oMHCIEn,0,membraneMarker,0,cMHCIEn,0,R-TfEn,1.17E-07,pepMHCIEn,0,REn,0.001415293,imCxEn,0
endosome1432u,initSolubleContent,ovaEn,0,protonEn,930.8312838,TfaEn,0.005243846,solubleMarker,0,mvb,0,FeEn,9.35E-09,TfEn,5.21E-07,pepEn,0,,
endosome1433t,initOrgProp,area,212769.829,volume,3920707.632,xcoor,25,ycoor,29.8,zcoor,4,,,,,,,,
endosome1433t,initRabContent,RabG,212769.829,,,,,,,,,,,,,,,,
endosome1433t,initMembraneContent,exCxEn,0,R-TfaEn,0.071349383,oMHCIEn,0,membraneMarker,0,cMHCIEn,0,R-TfEn,3.04E-04,pepMHCIEn,0,REn,0.070474048,imCxEn,0
endosome1433t,initSolubleContent,ovaEn,0,protonEn,393.0548608,TfaEn,0.094877204,solubleMarker,0,mvb,0,FeEn,6.71E-04,TfEn,1.11E-06,pepEn,0,,
endosome1434O,initOrgProp,area,7539.822369,volume,50265.48246,xcoor,26.43201738,ycoor,25.63120686,zcoor,4,,,,,,,,
endosome1434O,initRabContent,RabD,7539.822369,,,,,,,,,,,,,,,,
endosome1434O,initMembraneContent,exCxEn,0,R-TfaEn,0.014214299,oMHCIEn,0,membraneMarker,0,cMHCIEn,0,R-TfEn,1.17E-07,pepMHCIEn,0,REn,0.001415285,imCxEn,0
endosome1434O,initSolubleContent,ovaEn,0,protonEn,930.8312838,TfaEn,0.005243846,solubleMarker,0,mvb,0,FeEn,9.35E-09,TfEn,5.21E-07,pepEn,0,,
endosome1435b,initOrgProp,area,7539.822369,volume,50265.48246,xcoor,0.522186912,ycoor,41.49246326,zcoor,4,,,,,,,,
endosome1435b,initRabContent,RabB,7539.822369,,,,,,,,,,,,,,,,
endosome1435b,initMembraneContent,exCxEn,0,R-TfaEn,7.461046305,oMHCIEn,0,membraneMarker,0,cMHCIEn,0,R-TfEn,0.031798899,pepMHCIEn,0,REn,0.060648672,imCxEn,0
endosome1435b,initSolubleContent,ovaEn,0,protonEn,39.75793574,TfaEn,0.005247616,solubleMarker,0,mvb,0,FeEn,0.002428351,TfEn,1.85E-06,pepEn,0,,
endosome1436v,initOrgProp,area,9801.769079,volume,76577.28432,xcoor,46.1173087,ycoor,38.33710244,zcoor,4,,,,,,,,
endosome1436v,initRabContent,RabA,9801.769079,,,,,,,,,,,,,,,,
endosome1436v,initMembraneContent,R-TfaEn,0.006774238,exCxEn,0,oMHCIEn,0,membraneMarker,0,R-TfEn,1.10E-07,cMHCIEn,0,pepMHCIEn,0,REn,1.32E-04,imCxEn,0
endosome1436v,initSolubleContent,ovaEn,0,protonEn,48.08739489,TfaEn,0.013312808,solubleMarker,0,mvb,0,FeEn,9.66E-08,TfEn,1.54E-06,pepEn,0,,
endosome1437e,initOrgProp,area,390191.2286,volume,7791149.781,xcoor,25,ycoor,29.8,zcoor,4,,,,,,,,
endosome1437e,initRabContent,RabG,390191.2286,,,,,,,,,,,,,,,,
endosome1437e,initMembraneContent,exCxEn,0,R-TfaEn,0.130898622,oMHCIEn,0,membraneMarker,0,cMHCIEn,0,R-TfEn,5.57E-04,pepMHCIEn,0,REn,0.129186073,imCxEn,0
endosome1437e,initSolubleContent,ovaEn,0,protonEn,781.2341708,TfaEn,0.188467134,solubleMarker,0,mvb,0,FeEn,0.001337631,TfEn,2.20E-06,pepEn,0,,
endosome1438U,initOrgProp,area,7539.822369,volume,50265.48246,xcoor,25.01156318,ycoor,29.03204051,zcoor,4,,,,,,,,
endosome1438U,initRabContent,RabG,7539.822369,,,,,,,,,,,,,,,,
endosome1438U,initMembraneContent,exCxEn,0,R-TfaEn,0.002528894,oMHCIEn,0,membraneMarker,0,cMHCIEn,0,R-TfEn,1.08E-05,pepMHCIEn,0,REn,0.002496835,imCxEn,0
endosome1438U,initSolubleContent,ovaEn,0,protonEn,5.039667537,TfaEn,0.001219541,solubleMarker,0,mvb,0,FeEn,8.62E-06,TfEn,1.42E-08,pepEn,0,,
endosome1439Y,initOrgProp,area,7539.822369,volume,50265.48246,xcoor,26.20188522,ycoor,25.64778222,zcoor,4,,,,,,,,
endosome1439Y,initRabContent,RabD,7539.822369,,,,,,,,,,,,,,,,
endosome1439Y,initMembraneContent,exCxEn,0,R-TfaEn,0.014214224,oMHCIEn,0,membraneMarker,0,cMHCIEn,0,R-TfEn,1.17E-07,pepMHCIEn,0,REn,0.001415285,imCxEn,0
endosome1439Y,initSolubleContent,ovaEn,0,protonEn,930.8312838,TfaEn,0.005243846,solubleMarker,0,mvb,0,FeEn,9.35E-09,TfEn,5.21E-07,pepEn,0,,
endosome1440d,initOrgProp,area,7539.822369,volume,50265.48246,xcoor,26.32504405,ycoor,25.64676303,zcoor,4,,,,,,,,
endosome1440d,initRabContent,RabD,7539.822369,,,,,,,,,,,,,,,,
endosome1440d,initMembraneContent,exCxEn,0,R-TfaEn,0.01426738,oMHCIEn,0,membraneMarker,0,cMHCIEn,0,R-TfEn,1.17E-07,pepMHCIEn,0,REn,0.001420578,imCxEn,0
endosome1440d,initSolubleContent,ovaEn,0,protonEn,930.6251953,TfaEn,0.005242087,solubleMarker,0,mvb,0,FeEn,9.38E-09,TfEn,5.21E-07,pepEn,0,,
endosome1441I,initOrgProp,area,7539.822369,volume,50265.48246,xcoor,24.99690646,ycoor,29.00441106,zcoor,4,,,,,,,,
endosome1441I,initRabContent,RabG,7539.822369,,,,,,,,,,,,,,,,
endosome1441I,initMembraneContent,exCxEn,0,R-TfaEn,0.002528894,oMHCIEn,0,membraneMarker,0,cMHCIEn,0,R-TfEn,1.08E-05,pepMHCIEn,0,REn,0.002496835,imCxEn,0
endosome1441I,initSolubleContent,ovaEn,0,protonEn,5.039667537,TfaEn,0.001219541,solubleMarker,0,mvb,0,FeEn,8.62E-06,TfEn,1.42E-08,pepEn,0,,
endosome1442E,initOrgProp,area,7539.822369,volume,50265.48246,xcoor,26.201003,ycoor,25.72689034,zcoor,4,,,,,,,,
endosome1442E,initRabContent,RabD,7539.822369,,,,,,,,,,,,,,,,
endosome1442E,initMembraneContent,exCxEn,0,R-TfaEn,0.014267304,oMHCIEn,0,membraneMarker,0,cMHCIEn,0,R-TfEn,1.17E-07,pepMHCIEn,0,REn,0.001420578,imCxEn,0
endosome1442E,initSolubleContent,ovaEn,0,protonEn,930.6251953,TfaEn,0.005242087,solubleMarker,0,mvb,0,FeEn,9.38E-09,TfEn,5.21E-07,pepEn,0,,
endosome1443j,initOrgProp,area,14686.94566,volume,127234.5025,xcoor,30.59266549,ycoor,14.56118661,zcoor,4,,,,,,,,
endosome1443j,initRabContent,RabI,14686.94566,,,,,,,,,,,,,,,,
endosome1443j,initMembraneContent,exCxEn,0,R-TfaEn,0.003939876,oMHCIEn,0,membraneMarker,0,cMHCIEn,0,R-TfEn,2.28E-06,pepMHCIEn,0,REn,5.36E-04,imCxEn,0
endosome1443j,initSolubleContent,ovaEn,0,protonEn,12.75983931,TfaEn,6.35E-04,solubleMarker,0,mvb,0,FeEn,1.50E-07,TfEn,5.94E-08,pepEn,0,,
endosome1444s,initOrgProp,area,7539.822369,volume,50265.48246,xcoor,26.25273066,ycoor,25.62785482,zcoor,4,,,,,,,,
endosome1444s,initRabContent,RabD,7539.822369,,,,,,,,,,,,,,,,
endosome1444s,initMembraneContent,exCxEn,0,R-TfaEn,0.01426738,oMHCIEn,0,membraneMarker,0,cMHCIEn,0,R-TfEn,1.17E-07,pepMHCIEn,0,REn,0.001420578,imCxEn,0
endosome1444s,initSolubleContent,ovaEn,0,protonEn,930.6251953,TfaEn,0.005242087,solubleMarker,0,mvb,0,FeEn,9.38E-09,TfEn,5.21E-07,pepEn,0,,
endosome1445d,initOrgProp,area,7539.822369,volume,50265.48246,xcoor,26.25570114,ycoor,25.63686567,zcoor,4,,,,,,,,
endosome1445d,initRabContent,RabD,7539.822369,,,,,,,,,,,,,,,,
endosome1445d,initMembraneContent,exCxEn,0,R-TfaEn,0.01426738,oMHCIEn,0,membraneMarker,0,cMHCIEn,0,R-TfEn,1.17E-07,pepMHCIEn,0,REn,0.001420578,imCxEn,0
endosome1445d,initSolubleContent,ovaEn,0,protonEn,930.6251953,TfaEn,0.005242087,solubleMarker,0,mvb,0,FeEn,9.38E-09,TfEn,5.21E-07,pepEn,0,,
endosome1446X,initOrgProp,area,7539.822369,volume,50265.48246,xcoor,2.913476805,ycoor,2.826668904,zcoor,4,,,,,,,,
endosome1446X,initRabContent,RabA,7539.822369,,,,,,,,,,,,,,,,
endosome1446X,initMembraneContent,exCxEn,0,R-TfaEn,0.005630377,oMHCIEn,0,membraneMarker,0,cMHCIEn,0,R-TfEn,1.05E-04,pepMHCIEn,0,REn,4.53E-05,imCxEn,0
endosome1446X,initSolubleContent,ovaEn,0,protonEn,15.67403407,TfaEn,0.00519162,solubleMarker,0,mvb,0,FeEn,3.71E-05,TfEn,1.69E-06,pepEn,0,,
endosome1447A,initOrgProp,area,7539.822369,volume,50265.48246,xcoor,26.37974298,ycoor,25.76797132,zcoor,4,,,,,,,,
endosome1447A,initRabContent,RabD,7539.822369,,,,,,,,,,,,,,,,
endosome1447A,initMembraneContent,exCxEn,0,R-TfaEn,0.014267455,oMHCIEn,0,membraneMarker,0,cMHCIEn,0,R-TfEn,1.17E-07,pepMHCIEn,0,REn,0.00142057,imCxEn,0
endosome1447A,initSolubleContent,ovaEn,0,protonEn,930.6251953,TfaEn,0.005242087,solubleMarker,0,mvb,0,FeEn,9.38E-09,TfEn,5.21E-07,pepEn,0,,
endosome1448Z,initOrgProp,area,7539.822369,volume,50265.48246,xcoor,26.37560922,ycoor,25.64004073,zcoor,4,,,,,,,,
endosome1448Z,initRabContent,RabD,7539.822369,,,,,,,,,,,,,,,,
endosome1448Z,initMembraneContent,exCxEn,0,R-TfaEn,0.01426738,oMHCIEn,0,membraneMarker,0,cMHCIEn,0,R-TfEn,1.17E-07,pepMHCIEn,0,REn,0.00142057,imCxEn,0
endosome1448Z,initSolubleContent,ovaEn,0,protonEn,930.6251953,TfaEn,0.005242087,solubleMarker,0,mvb,0,FeEn,9.38E-09,TfEn,5.21E-07,pepEn,0,,
endosome1449J,initOrgProp,area,7539.822369,volume,50265.48246,xcoor,25.89363238,ycoor,25.87287453,zcoor,4,,,,,,,,
endosome1449J,initRabContent,RabD,7539.822369,,,,,,,,,,,,,,,,
endosome1449J,initMembraneContent,exCxEn,0,R-TfaEn,0.01426738,oMHCIEn,0,membraneMarker,0,cMHCIEn,0,R-TfEn,1.17E-07,pepMHCIEn,0,REn,0.00142057,imCxEn,0
endosome1449J,initSolubleContent,ovaEn,0,protonEn,930.6251953,TfaEn,0.005242087,solubleMarker,0,mvb,0,FeEn,9.38E-09,TfEn,5.21E-07,pepEn,0,,
endosome1450e,initOrgProp,area,7539.822369,volume,50265.48246,xcoor,0.981025033,ycoor,47.32833001,zcoor,4,,,,,,,,
endosome1450e,initRabContent,RabA,7539.822369,,,,,,,,,,,,,,,,
endosome1450e,initMembraneContent,exCxEn,0,R-TfaEn,1.245111186,oMHCIEn,0,membraneMarker,0,cMHCIEn,0,R-TfEn,0.103103301,pepMHCIEn,0,REn,0.010725247,imCxEn,0
endosome1450e,initSolubleContent,ovaEn,0,protonEn,17.39839144,TfaEn,0.006651631,solubleMarker,0,mvb,0,FeEn,0.007948229,TfEn,1.99E-06,pepEn,0,,
endosome1451K,initOrgProp,area,7539.822369,volume,50265.48246,xcoor,25.92461568,ycoor,25.9103783,zcoor,4,,,,,,,,
endosome1451K,initRabContent,RabD,7539.822369,,,,,,,,,,,,,,,,
endosome1451K,initMembraneContent,exCxEn,0,R-TfaEn,0.014267455,oMHCIEn,0,membraneMarker,0,cMHCIEn,0,R-TfEn,1.21E-07,pepMHCIEn,0,REn,0.001420578,imCxEn,0
endosome1451K,initSolubleContent,ovaEn,0,protonEn,930.2884166,TfaEn,0.005242087,solubleMarker,0,mvb,0,FeEn,9.72E-09,TfEn,5.21E-07,pepEn,0,,
endosome1452j,initOrgProp,area,7539.822369,volume,50265.48246,xcoor,25.06445743,ycoor,28.95812235,zcoor,4,,,,,,,,
endosome1452j,initRabContent,RabG,7539.822369,,,,,,,,,,,,,,,,
endosome1452j,initMembraneContent,exCxEn,0,R-TfaEn,0.002529407,oMHCIEn,0,membraneMarker,0,cMHCIEn,0,R-TfEn,1.08E-05,pepMHCIEn,0,REn,0.002496315,imCxEn,0
endosome1452j,initSolubleContent,ovaEn,0,protonEn,5.040220457,TfaEn,0.001219018,solubleMarker,0,mvb,0,FeEn,8.64E-06,TfEn,1.42E-08,pepEn,0,,
endosome1453R,initOrgProp,area,7539.822369,volume,50265.48246,xcoor,25.85785295,ycoor,25.91547816,zcoor,4,,,,,,,,
endosome1453R,initRabContent,RabD,7539.822369,,,,,,,,,,,,,,,,
endosome1453R,initMembraneContent,exCxEn,0,R-TfaEn,0.014267455,oMHCIEn,0,membraneMarker,0,cMHCIEn,0,R-TfEn,1.21E-07,pepMHCIEn,0,REn,0.001420578,imCxEn,0
endosome1453R,initSolubleContent,ovaEn,0,protonEn,930.2884166,TfaEn,0.005242087,solubleMarker,0,mvb,0,FeEn,9.72E-09,TfEn,5.21E-07,pepEn,0,,
endosome1454L,initOrgProp,area,7539.822369,volume,50265.48246,xcoor,25.9484492,ycoor,25.81297034,zcoor,4,,,,,,,,
endosome1454L,initRabContent,RabD,7539.822369,,,,,,,,,,,,,,,,
endosome1454L,initMembraneContent,exCxEn,0,R-TfaEn,0.014267455,oMHCIEn,0,membraneMarker,0,cMHCIEn,0,R-TfEn,1.21E-07,pepMHCIEn,0,REn,0.001420585,imCxEn,0
endosome1454L,initSolubleContent,ovaEn,0,protonEn,930.2884166,TfaEn,0.005242087,solubleMarker,0,mvb,0,FeEn,9.72E-09,TfEn,5.21E-07,pepEn,0,,
endosome1455e,initOrgProp,area,7539.822369,volume,50265.48246,xcoor,25.89867552,ycoor,25.9005965,zcoor,4,,,,,,,,
endosome1455e,initRabContent,RabD,7539.822369,,,,,,,,,,,,,,,,
endosome1455e,initMembraneContent,exCxEn,0,R-TfaEn,0.014267455,oMHCIEn,0,membraneMarker,0,cMHCIEn,0,R-TfEn,1.21E-07,pepMHCIEn,0,REn,0.001420585,imCxEn,0
endosome1455e,initSolubleContent,ovaEn,0,protonEn,930.2884166,TfaEn,0.005242087,solubleMarker,0,mvb,0,FeEn,9.72E-09,TfEn,5.21E-07,pepEn,0,,
endosome1456S,initOrgProp,area,7539.822369,volume,50265.48246,xcoor,25.01166517,ycoor,29.03231319,zcoor,4,,,,,,,,
endosome1456S,initRabContent,RabG,7539.822369,,,,,,,,,,,,,,,,
endosome1456S,initMembraneContent,exCxEn,0,R-TfaEn,0.002528381,oMHCIEn,0,membraneMarker,0,cMHCIEn,0,R-TfEn,1.08E-05,pepMHCIEn,0,REn,0.002497355,imCxEn,0
endosome1456S,initSolubleContent,ovaEn,0,protonEn,5.039164882,TfaEn,0.00121938,solubleMarker,0,mvb,0,FeEn,8.61E-06,TfEn,1.42E-08,pepEn,0,,
endosome1457z,initOrgProp,area,295501.9381,volume,5730265,xcoor,25,ycoor,29.8,zcoor,4,,,,,,,,
endosome1457z,initRabContent,RabG,295501.9381,,,,,,,,,,,,,,,,
endosome1457z,initMembraneContent,exCxEn,0,R-TfaEn,0.099153311,oMHCIEn,0,membraneMarker,0,cMHCIEn,0,R-TfEn,4.22E-04,pepMHCIEn,0,REn,0.097815574,imCxEn,0
endosome1457z,initSolubleContent,ovaEn,0,protonEn,574.648165,TfaEn,0.138599066,solubleMarker,0,mvb,0,FeEn,9.85E-04,TfEn,1.62E-06,pepEn,0,,
endosome1458y,initOrgProp,area,7539.822369,volume,50265.48246,xcoor,24.99180247,ycoor,28.59002555,zcoor,4,,,,,,,,
endosome1458y,initRabContent,RabG,7539.822369,,,,,,,,,,,,,,,,
endosome1458y,initMembraneContent,exCxEn,0,R-TfaEn,0.002179484,oMHCIEn,0,membraneMarker,0,cMHCIEn,0,R-TfEn,9.19E-06,pepMHCIEn,0,REn,0.001730269,imCxEn,0
endosome1458y,initSolubleContent,ovaEn,0,protonEn,5.102800983,TfaEn,0.001016634,solubleMarker,0,mvb,0,FeEn,6.16E-06,TfEn,1.20E-08,pepEn,0,,
endosome1459G,initOrgProp,area,7539.822369,volume,50265.48246,xcoor,26.03323386,ycoor,25.83228799,zcoor,4,,,,,,,,
endosome1459G,initRabContent,RabD,7539.822369,,,,,,,,,,,,,,,,
endosome1459G,initMembraneContent,exCxEn,0,R-TfaEn,0.014267455,oMHCIEn,0,membraneMarker,0,cMHCIEn,0,R-TfEn,1.21E-07,pepMHCIEn,0,REn,0.001420585,imCxEn,0
endosome1459G,initSolubleContent,ovaEn,0,protonEn,930.2884166,TfaEn,0.005242087,solubleMarker,0,mvb,0,FeEn,9.72E-09,TfEn,5.21E-07,pepEn,0,,
endosome1460n,initOrgProp,area,7539.822369,volume,50265.48246,xcoor,25.02829873,ycoor,29.01128554,zcoor,4,,,,,,,,
endosome1460n,initRabContent,RabG,7539.822369,,,,,,,,,,,,,,,,
endosome1460n,initMembraneContent,exCxEn,0,R-TfaEn,0.002526821,oMHCIEn,0,membraneMarker,0,cMHCIEn,0,R-TfEn,1.08E-05,pepMHCIEn,0,REn,0.002498893,imCxEn,0
endosome1460n,initSolubleContent,ovaEn,0,protonEn,5.03951674,TfaEn,0.00122409,solubleMarker,0,mvb,0,FeEn,8.58E-06,TfEn,1.42E-08,pepEn,0,,
endosome1461S,initOrgProp,area,7539.822369,volume,50265.48246,xcoor,26.32326118,ycoor,25.71221974,zcoor,4,,,,,,,,
endosome1461S,initRabContent,RabD,7539.822369,,,,,,,,,,,,,,,,
endosome1461S,initMembraneContent,exCxEn,0,R-TfaEn,0.014267455,oMHCIEn,0,membraneMarker,0,cMHCIEn,0,R-TfEn,1.21E-07,pepMHCIEn,0,REn,0.001420585,imCxEn,0
endosome1461S,initSolubleContent,ovaEn,0,protonEn,930.2884166,TfaEn,0.005242087,solubleMarker,0,mvb,0,FeEn,9.72E-09,TfEn,5.21E-07,pepEn,0,,
endosome1462Y,initOrgProp,area,12566.37061,volume,100530.9649,xcoor,23.44960667,ycoor,25.28621207,zcoor,4,,,,,,,,
endosome1462Y,initRabContent,RabH,12566.37061,,,,,,,,,,,,,,,,
endosome1462Y,initMembraneContent,exCxEn,0,R-TfaEn,0.001889354,oMHCIEn,0,membraneMarker,0,cMHCIEn,0,R-TfEn,5.86E-06,pepMHCIEn,0,REn,0.001581754,imCxEn,0
endosome1462Y,initSolubleContent,ovaEn,0,protonEn,10.91846704,TfaEn,0.001155975,solubleMarker,0,mvb,0,FeEn,1.50E-06,TfEn,1.70E-08,pepEn,0,,
endosome1463G,initOrgProp,area,7539.822369,volume,50265.48246,xcoor,26.07774897,ycoor,25.83503371,zcoor,4,,,,,,,,
endosome1463G,initRabContent,RabD,7539.822369,,,,,,,,,,,,,,,,
endosome1463G,initMembraneContent,exCxEn,0,R-TfaEn,0.014267455,oMHCIEn,0,membraneMarker,0,cMHCIEn,0,R-TfEn,1.21E-07,pepMHCIEn,0,REn,0.001420585,imCxEn,0
endosome1463G,initSolubleContent,ovaEn,0,protonEn,930.2884166,TfaEn,0.005242087,solubleMarker,0,mvb,0,FeEn,9.72E-09,TfEn,5.21E-07,pepEn,0,,
endosome1464q,initOrgProp,area,15098.67335,volume,132656.7153,xcoor,25.56995531,ycoor,24.44238587,zcoor,4,,,,,,,,
endosome1464q,initRabContent,RabI,15098.67335,RabH,0,,,,,,,,,,,,,,
endosome1464q,initMembraneContent,exCxEn,0,R-TfaEn,0.003494996,oMHCIEn,0,membraneMarker,0,cMHCIEn,0,R-TfEn,9.58E-06,pepMHCIEn,0,REn,0.002659027,imCxEn,0
endosome1464q,initSolubleContent,ovaEn,0,protonEn,19.63956139,TfaEn,0.003770024,solubleMarker,0,mvb,0,FeEn,2.71E-06,TfEn,5.35E-08,pepEn,0,,
endosome1465e,initOrgProp,area,21144.57203,volume,181814.6732,xcoor,26.34616496,ycoor,24.7994002,zcoor,4,,,,,,,,
endosome1465e,initRabContent,RabI,21144.57203,,,,,,,,,,,,,,,,
endosome1465e,initMembraneContent,exCxEn,0,R-TfaEn,0.004826756,oMHCIEn,0,membraneMarker,0,cMHCIEn,0,R-TfEn,1.19E-05,pepMHCIEn,0,REn,0.003245248,imCxEn,0
endosome1465e,initSolubleContent,ovaEn,0,protonEn,28.57199408,TfaEn,0.012973386,solubleMarker,0,mvb,0,FeEn,7.58E-06,TfEn,9.65E-08,pepEn,0,,
endosome1466o,initOrgProp,area,7539.822369,volume,50265.48246,xcoor,26.05990655,ycoor,25.74206774,zcoor,4,,,,,,,,
endosome1466o,initRabContent,RabD,7539.822369,,,,,,,,,,,,,,,,
endosome1466o,initMembraneContent,exCxEn,0,R-TfaEn,0.014267455,oMHCIEn,0,membraneMarker,0,cMHCIEn,0,R-TfEn,1.21E-07,pepMHCIEn,0,REn,0.001420578,imCxEn,0
endosome1466o,initSolubleContent,ovaEn,0,protonEn,930.2884166,TfaEn,0.005242087,solubleMarker,0,mvb,0,FeEn,9.72E-09,TfEn,5.21E-07,pepEn,0,,
endosome1467I,initOrgProp,area,26389.37829,volume,301592.8947,xcoor,23.46548827,ycoor,25.08734513,zcoor,4,,,,,,,,
endosome1467I,initRabContent,RabI,26389.37829,,,,,,,,,,,,,,,,
endosome1467I,initMembraneContent,exCxEn,0,R-TfaEn,0.003968065,oMHCIEn,0,membraneMarker,0,cMHCIEn,0,R-TfEn,1.23E-05,pepMHCIEn,0,REn,0.003321262,imCxEn,0
endosome1467I,initSolubleContent,ovaEn,0,protonEn,32.86126022,TfaEn,0.003465996,solubleMarker,0,mvb,0,FeEn,4.50E-06,TfEn,5.09E-08,pepEn,0,,
endosome1468C,initOrgProp,area,7539.822369,volume,50265.48246,xcoor,26.16231948,ycoor,25.81145769,zcoor,4,,,,,,,,
endosome1468C,initRabContent,RabD,7539.822369,,,,,,,,,,,,,,,,
endosome1468C,initMembraneContent,exCxEn,0,R-TfaEn,0.01426753,oMHCIEn,0,membraneMarker,0,cMHCIEn,0,R-TfEn,1.21E-07,pepMHCIEn,0,REn,0.001420578,imCxEn,0
endosome1468C,initSolubleContent,ovaEn,0,protonEn,930.2884166,TfaEn,0.005242087,solubleMarker,0,mvb,0,FeEn,9.72E-09,TfEn,5.21E-07,pepEn,0,,
endosome1469Z,initOrgProp,area,7539.822369,volume,50265.48246,xcoor,25.00178472,ycoor,28.61164122,zcoor,4,,,,,,,,
endosome1469Z,initRabContent,RabG,7539.822369,,,,,,,,,,,,,,,,
endosome1469Z,initMembraneContent,exCxEn,0,R-TfaEn,0.002179484,oMHCIEn,0,membraneMarker,0,cMHCIEn,0,R-TfEn,9.19E-06,pepMHCIEn,0,REn,0.001730269,imCxEn,0
endosome1469Z,initSolubleContent,ovaEn,0,protonEn,5.102800983,TfaEn,0.001016634,solubleMarker,0,mvb,0,FeEn,6.16E-06,TfEn,1.20E-08,pepEn,0,,
endosome1470x,initOrgProp,area,19792.03372,volume,201061.9298,xcoor,23.72603637,ycoor,24.81080268,zcoor,4,,,,,,,,
endosome1470x,initRabContent,RabI,19792.03372,,,,,,,,,,,,,,,,
endosome1470x,initMembraneContent,exCxEn,0,R-TfaEn,0.002976326,oMHCIEn,0,membraneMarker,0,cMHCIEn,0,R-TfEn,9.24E-06,pepMHCIEn,0,REn,0.002490669,imCxEn,0
endosome1470x,initSolubleContent,ovaEn,0,protonEn,21.97003707,TfaEn,0.002310865,solubleMarker,0,mvb,0,FeEn,3.01E-06,TfEn,3.39E-08,pepEn,0,,
endosome1471P,initOrgProp,area,21362.83004,volume,201061.9298,xcoor,23.59315185,ycoor,25.09416135,zcoor,4,,,,,,,,
endosome1471P,initRabContent,RabI,21362.83004,,,,,,,,,,,,,,,,
endosome1471P,initMembraneContent,exCxEn,0,R-TfaEn,0.003211901,oMHCIEn,0,membraneMarker,0,cMHCIEn,0,R-TfEn,9.97E-06,pepMHCIEn,0,REn,0.002688982,imCxEn,0
endosome1471P,initSolubleContent,ovaEn,0,protonEn,21.83693407,TfaEn,0.002311448,solubleMarker,0,mvb,0,FeEn,3.00E-06,TfEn,3.39E-08,pepEn,0,,
endosome1472F,initOrgProp,area,27646.01535,volume,301592.8947,xcoor,23.49418247,ycoor,25.09371243,zcoor,4,,,,,,,,
endosome1472F,initRabContent,RabI,27646.01535,,,,,,,,,,,,,,,,
endosome1472F,initMembraneContent,exCxEn,0,R-TfaEn,0.004157021,oMHCIEn,0,membraneMarker,0,cMHCIEn,0,R-TfEn,1.29E-05,pepMHCIEn,0,REn,0.003479417,imCxEn,0
endosome1472F,initSolubleContent,ovaEn,0,protonEn,32.86126022,TfaEn,0.003466147,solubleMarker,0,mvb,0,FeEn,4.50E-06,TfEn,5.09E-08,pepEn,0,,
endosome1473G,initOrgProp,area,7539.822369,volume,50265.48246,xcoor,26.14487799,ycoor,25.85180519,zcoor,4,,,,,,,,
endosome1473G,initRabContent,RabD,7539.822369,,,,,,,,,,,,,,,,
endosome1473G,initMembraneContent,exCxEn,0,R-TfaEn,0.01426753,oMHCIEn,0,membraneMarker,0,cMHCIEn,0,R-TfEn,1.24E-07,pepMHCIEn,0,REn,0.00142057,imCxEn,0
endosome1473G,initSolubleContent,ovaEn,0,protonEn,929.9315317,TfaEn,0.005242087,solubleMarker,0,mvb,0,FeEn,1.01E-08,TfEn,5.21E-07,pepEn,0,,
endosome1474I,initOrgProp,area,27646.01535,volume,301592.8947,xcoor,23.62420809,ycoor,25.19877429,zcoor,4,,,,,,,,
endosome1474I,initRabContent,RabI,27646.01535,,,,,,,,,,,,,,,,
endosome1474I,initMembraneContent,exCxEn,0,R-TfaEn,0.004157021,oMHCIEn,0,membraneMarker,0,cMHCIEn,0,R-TfEn,1.29E-05,pepMHCIEn,0,REn,0.003479417,imCxEn,0
endosome1474I,initSolubleContent,ovaEn,0,protonEn,32.86126022,TfaEn,0.003466147,solubleMarker,0,mvb,0,FeEn,4.50E-06,TfEn,5.09E-08,pepEn,0,,
endosome1475I,initOrgProp,area,7539.822369,volume,50265.48246,xcoor,26.24240515,ycoor,25.83794712,zcoor,4,,,,,,,,
endosome1475I,initRabContent,RabD,7539.822369,,,,,,,,,,,,,,,,
endosome1475I,initMembraneContent,exCxEn,0,R-TfaEn,0.014267606,oMHCIEn,0,membraneMarker,0,cMHCIEn,0,R-TfEn,1.24E-07,pepMHCIEn,0,REn,0.00142057,imCxEn,0
endosome1475I,initSolubleContent,ovaEn,0,protonEn,929.9315317,TfaEn,0.005242087,solubleMarker,0,mvb,0,FeEn,1.01E-08,TfEn,5.21E-07,pepEn,0,,
endosome1476B,initOrgProp,area,7539.822369,volume,50265.48246,xcoor,26.13442669,ycoor,25.79135186,zcoor,4,,,,,,,,
endosome1476B,initRabContent,RabD,7539.822369,,,,,,,,,,,,,,,,
endosome1476B,initMembraneContent,exCxEn,0,R-TfaEn,0.014267681,oMHCIEn,0,membraneMarker,0,cMHCIEn,0,R-TfEn,1.24E-07,pepMHCIEn,0,REn,0.00142057,imCxEn,0
endosome1476B,initSolubleContent,ovaEn,0,protonEn,929.9315317,TfaEn,0.005242087,solubleMarker,0,mvb,0,FeEn,1.01E-08,TfEn,5.21E-07,pepEn,0,,
endosome1477h,initOrgProp,area,22619.46711,volume,201061.9298,xcoor,23.48282698,ycoor,25.21885366,zcoor,4,,,,,,,,
endosome1477h,initRabContent,RabI,22619.46711,,,,,,,,,,,,,,,,
endosome1477h,initMembraneContent,exCxEn,0,R-TfaEn,0.003401199,oMHCIEn,0,membraneMarker,0,cMHCIEn,0,R-TfEn,1.06E-05,pepMHCIEn,0,REn,0.002846796,imCxEn,0
endosome1477h,initSolubleContent,ovaEn,0,protonEn,21.90750681,TfaEn,0.002311247,solubleMarker,0,mvb,0,FeEn,3.01E-06,TfEn,3.39E-08,pepEn,0,,
endosome1478H,initOrgProp,area,97102.16882,volume,864502.9837,xcoor,25.33993806,ycoor,25.22657683,zcoor,4,,,,,,,,
endosome1478H,initRabContent,RabI,73249.95853,RabG,0,RabH,23852.21029,,,,,,,,,,,,
endosome1478H,initMembraneContent,exCxEn,0,R-TfaEn,0.020469526,oMHCIEn,0,membraneMarker,0,cMHCIEn,0,R-TfEn,7.07E-05,pepMHCIEn,0,REn,0.016201303,imCxEn,0
endosome1478H,initSolubleContent,ovaEn,0,protonEn,95.7903886,TfaEn,0.02031703,solubleMarker,0,mvb,1.99E-26,FeEn,2.50E-05,TfEn,2.12E-07,pepEn,0,,
endosome1479D,initOrgProp,area,18467.76279,volume,167049.1412,xcoor,25.0475927,ycoor,24.68392634,zcoor,4,,,,,,,,
endosome1479D,initRabContent,RabI,18467.76279,,,,,,,,,,,,,,,,
endosome1479D,initMembraneContent,exCxEn,0,R-TfaEn,0.003841682,oMHCIEn,0,membraneMarker,0,cMHCIEn,0,R-TfEn,1.34E-05,pepMHCIEn,0,REn,0.003022083,imCxEn,0
endosome1479D,initSolubleContent,ovaEn,0,protonEn,18.47028944,TfaEn,0.004071756,solubleMarker,0,mvb,0,FeEn,5.17E-06,TfEn,4.07E-08,pepEn,0,,
endosome1480J,initOrgProp,area,7539.822369,volume,50265.48246,xcoor,25.0344779,ycoor,28.6107498,zcoor,4,,,,,,,,
endosome1480J,initRabContent,RabG,7539.822369,,,,,,,,,,,,,,,,
endosome1480J,initMembraneContent,exCxEn,0,R-TfaEn,0.002179891,oMHCIEn,0,membraneMarker,0,cMHCIEn,0,R-TfEn,9.19E-06,pepMHCIEn,0,REn,0.001729861,imCxEn,0
endosome1480J,initSolubleContent,ovaEn,0,protonEn,5.105917443,TfaEn,0.001016227,solubleMarker,0,mvb,0,FeEn,6.17E-06,TfEn,1.20E-08,pepEn,0,,
endosome1481r,initOrgProp,area,7539.822369,volume,50265.48246,xcoor,25.14273881,ycoor,29.20818163,zcoor,4,,,,,,,,
endosome1481r,initRabContent,RabG,7539.822369,,,,,,,,,,,,,,,,
endosome1481r,initMembraneContent,exCxEn,0,R-TfaEn,0.002529414,oMHCIEn,0,membraneMarker,0,cMHCIEn,0,R-TfEn,1.08E-05,pepMHCIEn,0,REn,0.002496315,imCxEn,0
endosome1481r,initSolubleContent,ovaEn,0,protonEn,5.040220457,TfaEn,0.001218667,solubleMarker,0,mvb,0,FeEn,8.64E-06,TfEn,1.42E-08,pepEn,0,,
endosome1482g,initOrgProp,area,18467.76279,volume,167049.1412,xcoor,25.02815733,ycoor,24.12480746,zcoor,4,,,,,,,,
endosome1482g,initRabContent,RabI,18467.76279,,,,,,,,,,,,,,,,
endosome1482g,initMembraneContent,exCxEn,0,R-TfaEn,0.003842052,oMHCIEn,0,membraneMarker,0,cMHCIEn,0,R-TfEn,1.34E-05,pepMHCIEn,0,REn,0.003021714,imCxEn,0
endosome1482g,initSolubleContent,ovaEn,0,protonEn,18.54245467,TfaEn,0.004071405,solubleMarker,0,mvb,0,FeEn,5.18E-06,TfEn,4.07E-08,pepEn,0,,
endosome1483b,initOrgProp,area,7539.822369,volume,50265.48246,xcoor,25.06884488,ycoor,28.99872359,zcoor,4,,,,,,,,
endosome1483b,initRabContent,RabG,7539.822369,,,,,,,,,,,,,,,,
endosome1483b,initMembraneContent,exCxEn,0,R-TfaEn,0.002529927,oMHCIEn,0,membraneMarker,0,cMHCIEn,0,R-TfEn,1.08E-05,pepMHCIEn,0,REn,0.002495794,imCxEn,0
endosome1483b,initSolubleContent,ovaEn,0,protonEn,5.040773377,TfaEn,0.001218501,solubleMarker,0,mvb,0,FeEn,8.65E-06,TfEn,1.42E-08,pepEn,0,,
endosome1484J,initOrgProp,area,7539.822369,volume,50265.48246,xcoor,25.01377165,ycoor,28.64469487,zcoor,4,,,,,,,,
endosome1484J,initRabContent,RabG,7539.822369,,,,,,,,,,,,,,,,
endosome1484J,initMembraneContent,exCxEn,0,R-TfaEn,0.002179891,oMHCIEn,0,membraneMarker,0,cMHCIEn,0,R-TfEn,9.19E-06,pepMHCIEn,0,REn,0.001729861,imCxEn,0
endosome1484J,initSolubleContent,ovaEn,0,protonEn,5.105917443,TfaEn,0.001016227,solubleMarker,0,mvb,0,FeEn,6.17E-06,TfEn,1.20E-08,pepEn,0,,
endosome1485X,initOrgProp,area,212707.9542,volume,3920707.632,xcoor,25,ycoor,29.8,zcoor,4,,,,,,,,
endosome1485X,initRabContent,RabG,212707.9542,,,,,,,,,,,,,,,,
endosome1485X,initMembraneContent,exCxEn,0,R-TfaEn,0.071387129,oMHCIEn,0,membraneMarker,0,cMHCIEn,0,R-TfEn,3.04E-04,pepMHCIEn,0,REn,0.070395059,imCxEn,0
endosome1485X,initSolubleContent,ovaEn,0,protonEn,393.2273719,TfaEn,0.094824666,solubleMarker,0,mvb,0,FeEn,6.75E-04,TfEn,1.11E-06,pepEn,0,,
endosome1486T,initOrgProp,area,7539.822369,volume,50265.48246,xcoor,24.99780646,ycoor,29.10607018,zcoor,4,,,,,,,,
endosome1486T,initRabContent,RabG,7539.822369,,,,,,,,,,,,,,,,
endosome1486T,initMembraneContent,exCxEn,0,R-TfaEn,0.002528381,oMHCIEn,0,membraneMarker,0,cMHCIEn,0,R-TfEn,1.08E-05,pepMHCIEn,0,REn,0.002497363,imCxEn,0
endosome1486T,initSolubleContent,ovaEn,0,protonEn,5.039164882,TfaEn,0.001219033,solubleMarker,0,mvb,0,FeEn,8.61E-06,TfEn,1.42E-08,pepEn,0,,
endosome1487S,initOrgProp,area,12762.72016,volume,98823.5776,xcoor,5.012247245,ycoor,0.732347004,zcoor,4,,,,,,,,
endosome1487S,initRabContent,RabA,12762.72016,,,,,,,,,,,,,,,,
endosome1487S,initMembraneContent,exCxEn,0,R-TfaEn,0.012041729,oMHCIEn,0,membraneMarker,0,cMHCIEn,0,R-TfEn,4.30E-04,pepMHCIEn,0,REn,1.30E-04,imCxEn,0
endosome1487S,initSolubleContent,ovaEn,0,protonEn,33.16025146,TfaEn,0.01192514,solubleMarker,0,mvb,0,FeEn,2.55E-04,TfEn,3.78E-06,pepEn,0,,
endosome1488g,initOrgProp,area,12762.72016,volume,98823.5776,xcoor,4.868267173,ycoor,0.6716668,zcoor,4,,,,,,,,
endosome1488g,initRabContent,RabA,12762.72016,,,,,,,,,,,,,,,,
endosome1488g,initMembraneContent,exCxEn,0,R-TfaEn,0.012041729,oMHCIEn,0,membraneMarker,0,cMHCIEn,0,R-TfEn,4.30E-04,pepMHCIEn,0,REn,1.30E-04,imCxEn,0
endosome1488g,initSolubleContent,ovaEn,0,protonEn,33.16025146,TfaEn,0.01192514,solubleMarker,0,mvb,0,FeEn,2.55E-04,TfEn,3.78E-06,pepEn,0,,
endosome1489t,initOrgProp,area,12762.72016,volume,98823.5776,xcoor,6.424407991,ycoor,2.370149653,zcoor,4,,,,,,,,
endosome1489t,initRabContent,RabA,11486.44814,RabB,1276.272016,,,,,,,,,,,,,,
endosome1489t,initMembraneContent,exCxEn,0,R-TfaEn,0.012041703,oMHCIEn,0,membraneMarker,0,cMHCIEn,0,R-TfEn,4.30E-04,pepMHCIEn,0,REn,1.30E-04,imCxEn,0
endosome1489t,initSolubleContent,ovaEn,0,protonEn,33.16025146,TfaEn,0.01192514,solubleMarker,0,mvb,0,FeEn,2.55E-04,TfEn,3.78E-06,pepEn,0,,
endosome1490u,initOrgProp,area,7539.822369,volume,50265.48246,xcoor,49.55007941,ycoor,42.67228193,zcoor,4,,,,,,,,
endosome1490u,initRabContent,RabA,7539.822369,,,,,,,,,,,,,,,,
endosome1490u,initMembraneContent,exCxEn,0,R-TfaEn,0.709209264,oMHCIEn,0,membraneMarker,0,cMHCIEn,0,R-TfEn,0.236647127,pepMHCIEn,0,REn,0.007073379,imCxEn,0
endosome1490u,initSolubleContent,ovaEn,0,protonEn,16.67115044,TfaEn,0.006266145,solubleMarker,0,mvb,0,FeEn,0.017726273,TfEn,2.08E-06,pepEn,0,,
endosome1491k,initOrgProp,area,304356.8711,volume,5076813.728,xcoor,25,ycoor,29.8,zcoor,4,,,,,,,,
endosome1491k,initRabContent,RabG,304356.8711,,,,,,,,,,,,,,,,
endosome1491k,initMembraneContent,exCxEn,0,R-TfaEn,0.102061816,oMHCIEn,0,membraneMarker,0,cMHCIEn,0,R-TfEn,4.35E-04,pepMHCIEn,0,REn,0.100809692,imCxEn,0
endosome1491k,initSolubleContent,ovaEn,0,protonEn,508.9556531,TfaEn,0.122867523,solubleMarker,0,mvb,0,FeEn,8.69E-04,TfEn,1.44E-06,pepEn,0,,
endosome1492t,initOrgProp,area,12566.37061,volume,100530.9649,xcoor,41.58876474,ycoor,49.62818114,zcoor,4,,,,,,,,
endosome1492t,initRabContent,RabA,12566.37061,,,,,,,,,,,,,,,,
endosome1492t,initMembraneContent,exCxEn,0,R-TfaEn,0.373591915,oMHCIEn,0,membraneMarker,0,cMHCIEn,0,R-TfEn,1.132348116,pepMHCIEn,0,REn,0.010108476,imCxEn,0
endosome1492t,initSolubleContent,ovaEn,0,protonEn,24.28828112,TfaEn,0.010359314,solubleMarker,0,mvb,0,FeEn,0.073794353,TfEn,4.06E-06,pepEn,0,,
endosome1493l,initOrgProp,area,20313.72722,volume,184512.6426,xcoor,20.3429095,ycoor,20.74770085,zcoor,4,,,,,,,,
endosome1493l,initRabContent,RabE,20313.72722,RabF,0,RabC,0,,,,,,,,,,,,
endosome1493l,initMembraneContent,exCxEn,0,R-TfaEn,0.003517627,oMHCIEn,0,membraneMarker,0,cMHCIEn,0,R-TfEn,1.48E-08,pepMHCIEn,0,REn,0.013971416,imCxEn,0
endosome1493l,initSolubleContent,ovaEn,0,protonEn,25.99321853,TfaEn,0.044836572,solubleMarker,0,mvb,0,FeEn,1.15E-07,TfEn,5.63E-07,pepEn,0,,
endosome1494T,initOrgProp,area,12566.37061,volume,100530.9649,xcoor,43.9708123,ycoor,0.686455629,zcoor,4,,,,,,,,
endosome1494T,initRabContent,RabB,12566.37061,,,,,,,,,,,,,,,,
endosome1494T,initMembraneContent,exCxEn,0,R-TfaEn,5.202163275,oMHCIEn,0,membraneMarker,0,cMHCIEn,0,R-TfEn,0.09021121,pepMHCIEn,0,REn,0.177929755,imCxEn,0
endosome1494T,initSolubleContent,ovaEn,0,protonEn,23.77969497,TfaEn,0.027233939,solubleMarker,0,mvb,0,FeEn,0.006134007,TfEn,3.49E-06,pepEn,0,,
endosome1495w,initOrgProp,area,22619.46711,volume,201061.9298,xcoor,21.44937553,ycoor,42.52042508,zcoor,4,,,,,,,,
endosome1495w,initRabContent,RabI,22619.46711,,,,,,,,,,,,,,,,
endosome1495w,initMembraneContent,exCxEn,0,R-TfaEn,1.55E-07,oMHCIEn,0,membraneMarker,0,cMHCIEn,0,R-TfEn,3.00E-09,pepMHCIEn,0,REn,1.47E-05,imCxEn,0
endosome1495w,initSolubleContent,ovaEn,0,protonEn,20.08144226,TfaEn,3.51E-06,solubleMarker,0,mvb,0,FeEn,1.29E-08,TfEn,4.61E-11,pepEn,0,,
endosome1496v,initOrgProp,area,21362.83004,volume,175929.1886,xcoor,3.578499052,ycoor,11.98748743,zcoor,4,,,,,,,,
endosome1496v,initRabContent,RabA,21362.83004,,,,,,,,,,,,,,,,
endosome1496v,initMembraneContent,exCxEn,0,R-TfaEn,0.013947151,oMHCIEn,0,membraneMarker,0,cMHCIEn,0,R-TfEn,1.45E-05,pepMHCIEn,0,REn,1.94E-04,imCxEn,0
endosome1496v,initSolubleContent,ovaEn,0,protonEn,84.65360697,TfaEn,0.039155856,solubleMarker,0,mvb,0,FeEn,1.14E-06,TfEn,6.99E-06,pepEn,0,,
endosome1497E,initOrgProp,area,23876.10417,volume,201061.9298,xcoor,20.40819223,ycoor,22.83306046,zcoor,4,,,,,,,,
endosome1497E,initRabContent,RabI,23876.10417,,,,,,,,,,,,,,,,
endosome1497E,initMembraneContent,exCxEn,0,R-TfaEn,1.69E-07,oMHCIEn,0,membraneMarker,0,cMHCIEn,0,R-TfEn,3.20E-09,pepMHCIEn,0,REn,1.55E-05,imCxEn,0
endosome1497E,initSolubleContent,ovaEn,0,protonEn,20.01820828,TfaEn,3.68E-06,solubleMarker,0,mvb,0,FeEn,1.36E-08,TfEn,4.82E-11,pepEn,0,,
endosome1498a,initOrgProp,area,17592.91886,volume,150796.4474,xcoor,37.49436297,ycoor,49.33231584,zcoor,4,,,,,,,,
endosome1498a,initRabContent,RabA,17592.91886,,,,,,,,,,,,,,,,
endosome1498a,initMembraneContent,exCxEn,0,R-TfaEn,0.009879462,oMHCIEn,0,membraneMarker,0,cMHCIEn,0,R-TfEn,0.008888594,pepMHCIEn,0,REn,1.29E-04,imCxEn,0
endosome1498a,initSolubleContent,ovaEn,0,protonEn,65.75584645,TfaEn,0.014061467,solubleMarker,0,mvb,0,FeEn,9.47E-04,TfEn,5.94E-06,pepEn,0,,
endosome1499U,initOrgProp,area,22619.46711,volume,201061.9298,xcoor,37.52190147,ycoor,49.40203712,zcoor,4,,,,,,,,
endosome1499U,initRabContent,RabB,22619.46711,,,,,,,,,,,,,,,,
endosome1499U,initMembraneContent,exCxEn,0,R-TfaEn,12.71300005,oMHCIEn,0,membraneMarker,0,cMHCIEn,0,R-TfEn,11.44146933,pepMHCIEn,0,REn,0.166262131,imCxEn,0
endosome1499U,initSolubleContent,ovaEn,0,protonEn,78.5754043,TfaEn,0.018748804,solubleMarker,0,mvb,0,FeEn,0.743780355,TfEn,7.92E-06,pepEn,0,,
endosome1500b,initOrgProp,area,27646.01535,volume,301592.8947,xcoor,37.49227125,ycoor,49.40410917,zcoor,4,,,,,,,,
endosome1500b,initRabContent,RabA,27646.01535,,,,,,,,,,,,,,,,
endosome1500b,initMembraneContent,exCxEn,0,R-TfaEn,0.015133843,oMHCIEn,0,membraneMarker,0,cMHCIEn,0,R-TfEn,0.014358732,pepMHCIEn,0,REn,2.03E-04,imCxEn,0
endosome1500b,initSolubleContent,ovaEn,0,protonEn,132.5748079,TfaEn,0.028122934,solubleMarker,0,mvb,0,FeEn,0.001931353,TfEn,1.19E-05,pepEn,0,,
endosome1501X,initOrgProp,area,13823.00768,volume,125663.7061,xcoor,37.48194134,ycoor,49.36144566,zcoor,4,,,,,,,,
endosome1501X,initRabContent,RabA,13823.00768,,,,,,,,,,,,,,,,
endosome1501X,initMembraneContent,exCxEn,0,R-TfaEn,0.007566908,oMHCIEn,0,membraneMarker,0,cMHCIEn,0,R-TfEn,0.007179366,pepMHCIEn,0,REn,1.02E-04,imCxEn,0
endosome1501X,initSolubleContent,ovaEn,0,protonEn,55.23950327,TfaEn,0.011717889,solubleMarker,0,mvb,0,FeEn,8.76E-04,TfEn,4.95E-06,pepEn,0,,
endosome1502g,initOrgProp,area,13823.00768,volume,125663.7061,xcoor,37.34836695,ycoor,49.48669096,zcoor,4,,,,,,,,
endosome1502g,initRabContent,RabA,13823.00768,,,,,,,,,,,,,,,,
endosome1502g,initMembraneContent,exCxEn,0,R-TfaEn,0.007566908,oMHCIEn,0,membraneMarker,0,cMHCIEn,0,R-TfEn,0.007179366,pepMHCIEn,0,REn,1.02E-04,imCxEn,0
endosome1502g,initSolubleContent,ovaEn,0,protonEn,55.23950327,TfaEn,0.011717889,solubleMarker,0,mvb,0,FeEn,8.76E-04,TfEn,4.95E-06,pepEn,0,,
endosome1503o,initOrgProp,area,12566.37061,volume,100530.9649,xcoor,37.51779724,ycoor,49.2744084,zcoor,4,,,,,,,,
endosome1503o,initRabContent,RabA,12566.37061,,,,,,,,,,,,,,,,
endosome1503o,initMembraneContent,exCxEn,0,R-TfaEn,0.006878995,oMHCIEn,0,membraneMarker,0,cMHCIEn,0,R-TfEn,0.006526684,pepMHCIEn,0,REn,9.23E-05,imCxEn,0
endosome1503o,initSolubleContent,ovaEn,0,protonEn,44.19160262,TfaEn,0.009374311,solubleMarker,0,mvb,0,FeEn,7.47E-04,TfEn,3.96E-06,pepEn,0,,
endosome1504t,initOrgProp,area,18849.55592,volume,175929.1886,xcoor,37.80181838,ycoor,49.26719644,zcoor,4,,,,,,,,
endosome1504t,initRabContent,RabA,18849.55592,,,,,,,,,,,,,,,,
endosome1504t,initMembraneContent,exCxEn,0,R-TfaEn,0.01031853,oMHCIEn,0,membraneMarker,0,cMHCIEn,0,R-TfEn,0.009790045,pepMHCIEn,0,REn,1.38E-04,imCxEn,0
endosome1504t,initSolubleContent,ovaEn,0,protonEn,77.33530458,TfaEn,0.016405045,solubleMarker,0,mvb,0,FeEn,0.001210467,TfEn,6.93E-06,pepEn,0,,
endosome1505v,initOrgProp,area,18849.55592,volume,175929.1886,xcoor,37.89059565,ycoor,49.46713495,zcoor,4,,,,,,,,
endosome1505v,initRabContent,RabA,18849.55592,,,,,,,,,,,,,,,,
endosome1505v,initMembraneContent,exCxEn,0,R-TfaEn,0.01031853,oMHCIEn,0,membraneMarker,0,cMHCIEn,0,R-TfEn,0.009790045,pepMHCIEn,0,REn,1.38E-04,imCxEn,0
endosome1505v,initSolubleContent,ovaEn,0,protonEn,77.33530458,TfaEn,0.016405045,solubleMarker,0,mvb,0,FeEn,0.001210467,TfEn,6.93E-06,pepEn,0,,
endosome1506B,initOrgProp,area,307119.6094,volume,5127079.211,xcoor,25,ycoor,29.8,zcoor,4,,,,,,,,
endosome1506B,initRabContent,RabG,307119.6094,,,,,,,,,,,,,,,,
endosome1506B,initMembraneContent,exCxEn,0,R-TfaEn,0.103072719,oMHCIEn,0,membraneMarker,0,cMHCIEn,0,R-TfEn,4.39E-04,pepMHCIEn,0,REn,0.101640313,imCxEn,0
endosome1506B,initSolubleContent,ovaEn,0,protonEn,514.2204094,TfaEn,0.12400969,solubleMarker,0,mvb,0,FeEn,8.83E-04,TfEn,1.45E-06,pepEn,0,,
endosome1507k,initOrgProp,area,12566.37061,volume,100530.9649,xcoor,37.33024583,ycoor,49.23373306,zcoor,4,,,,,,,,
endosome1507k,initRabContent,RabA,12566.37061,,,,,,,,,,,,,,,,
endosome1507k,initMembraneContent,exCxEn,0,R-TfaEn,0.00687902,oMHCIEn,0,membraneMarker,0,cMHCIEn,0,R-TfEn,0.006526696,pepMHCIEn,0,REn,9.23E-05,imCxEn,0
endosome1507k,initSolubleContent,ovaEn,0,protonEn,44.19160262,TfaEn,0.009374311,solubleMarker,0,mvb,0,FeEn,7.47E-04,TfEn,3.96E-06,pepEn,0,,
endosome1508V,initOrgProp,area,7539.822369,volume,50265.48246,xcoor,25.06591397,ycoor,29.12220406,zcoor,4,,,,,,,,
endosome1508V,initRabContent,RabG,7539.822369,,,,,,,,,,,,,,,,
endosome1508V,initMembraneContent,exCxEn,0,R-TfaEn,0.002528902,oMHCIEn,0,membraneMarker,0,cMHCIEn,0,R-TfEn,1.08E-05,pepMHCIEn,0,REn,0.002496835,imCxEn,0
endosome1508V,initSolubleContent,ovaEn,0,protonEn,5.039667537,TfaEn,0.00121747,solubleMarker,0,mvb,0,FeEn,8.62E-06,TfEn,1.42E-08,pepEn,0,,
endosome1509g,initOrgProp,area,7539.822369,volume,50265.48246,xcoor,24.96588567,ycoor,28.99899046,zcoor,4,,,,,,,,
endosome1509g,initRabContent,RabG,7539.822369,,,,,,,,,,,,,,,,
endosome1509g,initMembraneContent,exCxEn,0,R-TfaEn,0.002527348,oMHCIEn,0,membraneMarker,0,cMHCIEn,0,R-TfEn,1.08E-05,pepMHCIEn,0,REn,0.002498365,imCxEn,0
endosome1509g,initSolubleContent,ovaEn,0,protonEn,5.041879218,TfaEn,0.001225553,solubleMarker,0,mvb,0,FeEn,8.59E-06,TfEn,1.42E-08,pepEn,0,,
endosome1510b,initOrgProp,area,12566.37061,volume,100530.9649,xcoor,44.43409317,ycoor,0.909238864,zcoor,4,,,,,,,,
endosome1510b,initRabContent,RabB,12566.37061,,,,,,,,,,,,,,,,
endosome1510b,initMembraneContent,exCxEn,0,R-TfaEn,3.020691602,oMHCIEn,0,membraneMarker,0,cMHCIEn,0,R-TfEn,4.697585796,pepMHCIEn,0,REn,0.122410901,imCxEn,0
endosome1510b,initSolubleContent,ovaEn,0,protonEn,14.87104299,TfaEn,0.010174437,solubleMarker,0,mvb,0,FeEn,0.059697197,TfEn,3.74E-06,pepEn,0,,
endosome1511U,initOrgProp,area,20145.46289,volume,178831.3818,xcoor,15.87162217,ycoor,3.939297353,zcoor,4,,,,,,,,
endosome1511U,initRabContent,RabA,20145.46289,,,,,,,,,,,,,,,,
endosome1511U,initMembraneContent,exCxEn,0,R-TfaEn,0.03962532,oMHCIEn,0,membraneMarker,0,cMHCIEn,0,R-TfEn,0.001245,pepMHCIEn,0,REn,0.001315162,imCxEn,0
endosome1511U,initSolubleContent,ovaEn,0,protonEn,65.24502017,TfaEn,0.102189617,solubleMarker,0,mvb,0,FeEn,6.53E-04,TfEn,7.05E-06,pepEn,0,,
endosome1512j,initOrgProp,area,12566.37061,volume,100530.9649,xcoor,44.04039448,ycoor,0.723384227,zcoor,4,,,,,,,,
endosome1512j,initRabContent,RabA,12566.37061,,,,,,,,,,,,,,,,
endosome1512j,initMembraneContent,exCxEn,0,R-TfaEn,0.003083838,oMHCIEn,0,membraneMarker,0,cMHCIEn,0,R-TfEn,0.004626787,pepMHCIEn,0,REn,1.22E-04,imCxEn,0
endosome1512j,initSolubleContent,ovaEn,0,protonEn,18.58596373,TfaEn,0.010077727,solubleMarker,0,mvb,0,FeEn,0.006790987,TfEn,3.74E-06,pepEn,0,,
endosome1513Q,initOrgProp,area,12566.37061,volume,100530.9649,xcoor,9.979283594,ycoor,0.504384887,zcoor,4,,,,,,,,
endosome1513Q,initRabContent,RabA,12566.37061,,,,,,,,,,,,,,,,
endosome1513Q,initMembraneContent,exCxEn,0,R-TfaEn,2.01608567,oMHCIEn,0,membraneMarker,0,cMHCIEn,0,R-TfEn,0.848683662,pepMHCIEn,0,REn,0.025839977,imCxEn,0
endosome1513Q,initSolubleContent,ovaEn,0,protonEn,31.51535166,TfaEn,0.014161898,solubleMarker,0,mvb,0,FeEn,0.060978565,TfEn,4.19E-06,pepEn,0,,
endosome1514C,initOrgProp,area,7539.822369,volume,50265.48246,xcoor,27.99765796,ycoor,17.18551551,zcoor,4,,,,,,,,
endosome1514C,initRabContent,RabI,7539.822369,,,,,,,,,,,,,,,,
endosome1514C,initMembraneContent,exCxEn,0,R-TfaEn,0.002691875,oMHCIEn,0,membraneMarker,0,cMHCIEn,0,R-TfEn,5.33E-07,pepMHCIEn,0,REn,4.47E-04,imCxEn,0
endosome1514C,initSolubleContent,ovaEn,0,protonEn,5.033786475,TfaEn,3.67E-04,solubleMarker,0,mvb,0,FeEn,4.07E-08,TfEn,3.10E-08,pepEn,0,,
endosome1515F,initOrgProp,area,21362.83004,volume,226194.6711,xcoor,27.81607588,ycoor,17.1710599,zcoor,4,,,,,,,,
endosome1515F,initRabContent,RabI,21362.83004,,,,,,,,,,,,,,,,
endosome1515F,initMembraneContent,exCxEn,0,R-TfaEn,0.00762856,oMHCIEn,0,membraneMarker,0,cMHCIEn,0,R-TfEn,1.51E-06,pepMHCIEn,0,REn,0.001264438,imCxEn,0
endosome1515F,initSolubleContent,ovaEn,0,protonEn,22.65339631,TfaEn,0.001645568,solubleMarker,0,mvb,0,FeEn,1.83E-07,TfEn,1.40E-07,pepEn,0,,
endosome1516n,initOrgProp,area,13823.00768,volume,125663.7061,xcoor,49.57353153,ycoor,14.7680051,zcoor,4,,,,,,,,
endosome1516n,initRabContent,RabA,13823.00768,,,,,,,,,,,,,,,,
endosome1516n,initMembraneContent,exCxEn,0,R-TfaEn,0.05132538,oMHCIEn,0,membraneMarker,0,cMHCIEn,0,R-TfEn,0.014357958,pepMHCIEn,0,REn,4.14E-04,imCxEn,0
endosome1516n,initSolubleContent,ovaEn,0,protonEn,39.80837715,TfaEn,0.010757668,solubleMarker,0,mvb,0,FeEn,0.006322606,TfEn,5.24E-06,pepEn,0,,
endosome1517A,initOrgProp,area,21362.83004,volume,226194.6711,xcoor,27.83098443,ycoor,16.87293153,zcoor,4,,,,,,,,
endosome1517A,initRabContent,RabI,21362.83004,,,,,,,,,,,,,,,,
endosome1517A,initMembraneContent,exCxEn,0,R-TfaEn,0.00762856,oMHCIEn,0,membraneMarker,0,cMHCIEn,0,R-TfEn,1.51E-06,pepMHCIEn,0,REn,0.001264438,imCxEn,0
endosome1517A,initSolubleContent,ovaEn,0,protonEn,22.65339631,TfaEn,0.001645568,solubleMarker,0,mvb,0,FeEn,1.83E-07,TfEn,1.40E-07,pepEn,0,,
endosome1518r,initOrgProp,area,7539.822369,volume,50265.48246,xcoor,49.09691334,ycoor,15.14459206,zcoor,4,,,,,,,,
endosome1518r,initRabContent,RabA,7539.822369,,,,,,,,,,,,,,,,
endosome1518r,initMembraneContent,exCxEn,0,R-TfaEn,0.027995662,oMHCIEn,0,membraneMarker,0,cMHCIEn,0,R-TfEn,0.007831613,pepMHCIEn,0,REn,2.26E-04,imCxEn,0
endosome1518r,initSolubleContent,ovaEn,0,protonEn,15.92335086,TfaEn,0.004303067,solubleMarker,0,mvb,0,FeEn,0.002634364,TfEn,2.09E-06,pepEn,0,,
endosome1519c,initOrgProp,area,7539.822369,volume,50265.48246,xcoor,27.67952219,ycoor,16.69994754,zcoor,4,,,,,,,,
endosome1519c,initRabContent,RabI,7539.822369,,,,,,,,,,,,,,,,
endosome1519c,initMembraneContent,exCxEn,0,R-TfaEn,0.002692433,oMHCIEn,0,membraneMarker,0,cMHCIEn,0,R-TfEn,5.33E-07,pepMHCIEn,0,REn,4.46E-04,imCxEn,0
endosome1519c,initSolubleContent,ovaEn,0,protonEn,5.034088068,TfaEn,3.66E-04,solubleMarker,0,mvb,0,FeEn,4.07E-08,TfEn,3.10E-08,pepEn,0,,
endosome1520b,initOrgProp,area,7539.822369,volume,50265.48246,xcoor,27.69495353,ycoor,17.14381927,zcoor,4,,,,,,,,
endosome1520b,initRabContent,RabI,7539.822369,,,,,,,,,,,,,,,,
endosome1520b,initMembraneContent,exCxEn,0,R-TfaEn,0.002692433,oMHCIEn,0,membraneMarker,0,cMHCIEn,0,R-TfEn,5.33E-07,pepMHCIEn,0,REn,4.46E-04,imCxEn,0
endosome1520b,initSolubleContent,ovaEn,0,protonEn,5.034088068,TfaEn,3.66E-04,solubleMarker,0,mvb,0,FeEn,4.07E-08,TfEn,3.10E-08,pepEn,0,,
endosome1521F,initOrgProp,area,20012.17927,volume,175826.7039,xcoor,25.88325438,ycoor,24.70914341,zcoor,4,,,,,,,,
endosome1521F,initRabContent,RabI,20012.17927,,,,,,,,,,,,,,,,
endosome1521F,initMembraneContent,exCxEn,0,R-TfaEn,0.004632359,oMHCIEn,0,membraneMarker,0,cMHCIEn,0,R-TfEn,1.27E-05,pepMHCIEn,0,REn,0.003524345,imCxEn,0
endosome1521F,initSolubleContent,ovaEn,0,protonEn,26.03079186,TfaEn,0.004996889,solubleMarker,0,mvb,0,FeEn,3.59E-06,TfEn,7.09E-08,pepEn,0,,
endosome1522n,initOrgProp,area,13823.00768,volume,125663.7061,xcoor,49.19613237,ycoor,14.85764237,zcoor,4,,,,,,,,
endosome1522n,initRabContent,RabA,13823.00768,,,,,,,,,,,,,,,,
endosome1522n,initMembraneContent,exCxEn,0,R-TfaEn,0.05132538,oMHCIEn,0,membraneMarker,0,cMHCIEn,0,R-TfEn,0.014357958,pepMHCIEn,0,REn,4.14E-04,imCxEn,0
endosome1522n,initSolubleContent,ovaEn,0,protonEn,39.80837715,TfaEn,0.010757668,solubleMarker,0,mvb,0,FeEn,0.006322606,TfEn,5.24E-06,pepEn,0,,
endosome1523y,initOrgProp,area,12566.37061,volume,100530.9649,xcoor,27.94642012,ycoor,17.16631347,zcoor,4,,,,,,,,
endosome1523y,initRabContent,RabI,12566.37061,,,,,,,,,,,,,,,,
endosome1523y,initMembraneContent,exCxEn,0,R-TfaEn,0.004487388,oMHCIEn,0,membraneMarker,0,cMHCIEn,0,R-TfEn,8.88E-07,pepMHCIEn,0,REn,7.44E-04,imCxEn,0
endosome1523y,initSolubleContent,ovaEn,0,protonEn,10.06817614,TfaEn,7.32E-04,solubleMarker,0,mvb,0,FeEn,8.13E-08,TfEn,6.20E-08,pepEn,0,,
endosome1524R,initOrgProp,area,20012.17927,volume,175826.7039,xcoor,25.69789179,ycoor,24.57742487,zcoor,4,,,,,,,,
endosome1524R,initRabContent,RabI,20012.17927,,,,,,,,,,,,,,,,
endosome1524R,initMembraneContent,exCxEn,0,R-TfaEn,0.004632359,oMHCIEn,0,membraneMarker,0,cMHCIEn,0,R-TfEn,1.27E-05,pepMHCIEn,0,REn,0.003524345,imCxEn,0
endosome1524R,initSolubleContent,ovaEn,0,protonEn,26.03079186,TfaEn,0.004996889,solubleMarker,0,mvb,0,FeEn,3.59E-06,TfEn,7.09E-08,pepEn,0,,
endosome1525c,initOrgProp,area,20012.17927,volume,175826.7039,xcoor,25.78195514,ycoor,24.58057372,zcoor,4,,,,,,,,
endosome1525c,initRabContent,RabI,20012.17927,,,,,,,,,,,,,,,,
endosome1525c,initMembraneContent,exCxEn,0,R-TfaEn,0.004632359,oMHCIEn,0,membraneMarker,0,cMHCIEn,0,R-TfEn,1.27E-05,pepMHCIEn,0,REn,0.003524345,imCxEn,0
endosome1525c,initSolubleContent,ovaEn,0,protonEn,26.03079186,TfaEn,0.004996889,solubleMarker,0,mvb,0,FeEn,3.59E-06,TfEn,7.09E-08,pepEn,0,,
endosome1526O,initOrgProp,area,9827.011849,volume,86339.97724,xcoor,25.79553268,ycoor,24.51021672,zcoor,4,,,,,,,,
endosome1526O,initRabContent,RabH,9827.011849,,,,,,,,,,,,,,,,
endosome1526O,initMembraneContent,exCxEn,0,R-TfaEn,0.002274727,oMHCIEn,0,membraneMarker,0,cMHCIEn,0,R-TfEn,6.24E-06,pepMHCIEn,0,REn,0.001730635,imCxEn,0
endosome1526O,initSolubleContent,ovaEn,0,protonEn,12.78246095,TfaEn,0.00245373,solubleMarker,0,mvb,0,FeEn,1.76E-06,TfEn,3.48E-08,pepEn,0,,
endosome1527b,initOrgProp,area,20012.17927,volume,175826.7039,xcoor,26.06404254,ycoor,25.16130238,zcoor,4,,,,,,,,
endosome1527b,initRabContent,RabI,20012.17927,,,,,,,,,,,,,,,,
endosome1527b,initMembraneContent,exCxEn,0,R-TfaEn,0.004632359,oMHCIEn,0,membraneMarker,0,cMHCIEn,0,R-TfEn,1.27E-05,pepMHCIEn,0,REn,0.003524345,imCxEn,0
endosome1527b,initSolubleContent,ovaEn,0,protonEn,26.03079186,TfaEn,0.004996889,solubleMarker,0,mvb,0,FeEn,3.59E-06,TfEn,7.09E-08,pepEn,0,,
endosome1528r,initOrgProp,area,20012.17927,volume,175826.7039,xcoor,25.96206747,ycoor,24.65441966,zcoor,4,,,,,,,,
endosome1528r,initRabContent,RabI,20012.17927,,,,,,,,,,,,,,,,
endosome1528r,initMembraneContent,exCxEn,0,R-TfaEn,0.004632359,oMHCIEn,0,membraneMarker,0,cMHCIEn,0,R-TfEn,1.27E-05,pepMHCIEn,0,REn,0.003524345,imCxEn,0
endosome1528r,initSolubleContent,ovaEn,0,protonEn,26.03079186,TfaEn,0.004996889,solubleMarker,0,mvb,0,FeEn,3.59E-06,TfEn,7.09E-08,pepEn,0,,
endosome1529s,initOrgProp,area,7539.822369,volume,50265.48246,xcoor,25.01515538,ycoor,29.24375206,zcoor,4,,,,,,,,
endosome1529s,initRabContent,RabG,7539.822369,,,,,,,,,,,,,,,,
endosome1529s,initMembraneContent,exCxEn,0,R-TfaEn,0.002529927,oMHCIEn,0,membraneMarker,0,cMHCIEn,0,R-TfEn,1.08E-05,pepMHCIEn,0,REn,0.002495787,imCxEn,0
endosome1529s,initSolubleContent,ovaEn,0,protonEn,5.040823643,TfaEn,0.001216716,solubleMarker,0,mvb,0,FeEn,8.65E-06,TfEn,1.42E-08,pepEn,0,,
endosome1530k,initOrgProp,area,12566.37061,volume,100530.9649,xcoor,16.91140703,ycoor,49.65707305,zcoor,4,,,,,,,,
endosome1530k,initRabContent,RabA,12566.37061,,,,,,,,,,,,,,,,
endosome1530k,initMembraneContent,exCxEn,0,R-TfaEn,2.773913216,oMHCIEn,0,membraneMarker,0,cMHCIEn,0,R-TfEn,0.157587314,pepMHCIEn,0,REn,0.0226588,imCxEn,0
endosome1530k,initSolubleContent,ovaEn,0,protonEn,34.88464695,TfaEn,0.012205867,solubleMarker,0,mvb,0,FeEn,0.010450495,TfEn,4.19E-06,pepEn,0,,
endosome1531Y,initOrgProp,area,15098.67335,volume,132656.7153,xcoor,25.68835744,ycoor,24.50788455,zcoor,4,,,,,,,,
endosome1531Y,initRabContent,RabI,15098.67335,,,,,,,,,,,,,,,,
endosome1531Y,initMembraneContent,exCxEn,0,R-TfaEn,0.003494996,oMHCIEn,0,membraneMarker,0,cMHCIEn,0,R-TfEn,9.58E-06,pepMHCIEn,0,REn,0.002659027,imCxEn,0
endosome1531Y,initSolubleContent,ovaEn,0,protonEn,19.63956139,TfaEn,0.003770024,solubleMarker,0,mvb,0,FeEn,2.71E-06,TfEn,5.35E-08,pepEn,0,,
endosome1532C,initOrgProp,area,24042.87587,volume,281346.4969,xcoor,42.01836705,ycoor,0.566650726,zcoor,4,,,,,,,,
endosome1532C,initRabContent,RabA,24042.87587,,,,,,,,,,,,,,,,
endosome1532C,initMembraneContent,exCxEn,0,R-TfaEn,0.745641709,oMHCIEn,0,membraneMarker,0,cMHCIEn,0,R-TfEn,4.748419898,pepMHCIEn,0,REn,0.035491612,imCxEn,0
endosome1532C,initSolubleContent,ovaEn,0,protonEn,21.06778838,TfaEn,0.035352875,solubleMarker,0,mvb,1.42E-21,FeEn,4.63E-05,TfEn,1.17E-05,pepEn,0,,
endosome1533g,initOrgProp,area,14681.48518,volume,166925.1362,xcoor,46.23620535,ycoor,49.40436421,zcoor,4,,,,,,,,
endosome1533g,initRabContent,RabA,14681.48518,,,,,,,,,,,,,,,,
endosome1533g,initMembraneContent,exCxEn,0,R-TfaEn,0.454157063,oMHCIEn,0,membraneMarker,0,cMHCIEn,0,R-TfEn,2.892164492,pepMHCIEn,0,REn,0.021617312,imCxEn,0
endosome1533g,initSolubleContent,ovaEn,0,protonEn,12.51220025,TfaEn,0.021511119,solubleMarker,0,mvb,8.43E-22,FeEn,2.82E-05,TfEn,6.96E-06,pepEn,0,,
endosome1534S,initOrgProp,area,22233.98373,volume,248952.7197,xcoor,49.40608331,ycoor,42.88000559,zcoor,4,,,,,,,,
endosome1534S,initRabContent,RabA,22233.98373,,,,,,,,,,,,,,,,
endosome1534S,initMembraneContent,exCxEn,0,R-TfaEn,0.686865566,oMHCIEn,0,membraneMarker,0,cMHCIEn,0,R-TfEn,4.374113852,pepMHCIEn,0,REn,0.032693961,imCxEn,0
endosome1534S,initSolubleContent,ovaEn,0,protonEn,18.64207756,TfaEn,0.032566003,solubleMarker,0,mvb,1.25E-21,FeEn,4.26E-05,TfEn,1.04E-05,pepEn,0,,
endosome1535M,initOrgProp,area,24038.07629,volume,299706.2638,xcoor,0.592016616,ycoor,39.20006949,zcoor,4,,,,,,,,
endosome1535M,initRabContent,RabA,24038.07629,,,,,,,,,,,,,,,,
endosome1535M,initMembraneContent,exCxEn,0,R-TfaEn,0.740976106,oMHCIEn,0,membraneMarker,0,cMHCIEn,0,R-TfEn,4.718698414,pepMHCIEn,0,REn,0.035269627,imCxEn,0
endosome1535M,initSolubleContent,ovaEn,0,protonEn,22.44260445,TfaEn,0.035131568,solubleMarker,0,mvb,1.51E-21,FeEn,4.60E-05,TfEn,1.25E-05,pepEn,0,,
endosome1536w,initOrgProp,area,24672.34629,volume,320260.8807,xcoor,9.049454899,ycoor,0.611444912,zcoor,4,,,,,,,,
endosome1536w,initRabContent,RabA,24672.34629,,,,,,,,,,,,,,,,
endosome1536w,initMembraneContent,exCxEn,0,R-TfaEn,0.758714124,oMHCIEn,0,membraneMarker,0,cMHCIEn,0,R-TfEn,4.831659591,pepMHCIEn,0,REn,0.0361139,imCxEn,0
endosome1536w,initSolubleContent,ovaEn,0,protonEn,23.98177527,TfaEn,0.035972663,solubleMarker,0,mvb,1.61E-21,FeEn,4.71E-05,TfEn,1.33E-05,pepEn,0,,
endosome1537y,initOrgProp,area,39594.42378,volume,710376.1384,xcoor,49.39786665,ycoor,31.85870011,zcoor,4,,,,,,,,
endosome1537y,initRabContent,RabA,39594.42378,,,,,,,,,,,,,,,,
endosome1537y,initMembraneContent,exCxEn,0,R-TfaEn,1.214895502,oMHCIEn,0,membraneMarker,0,cMHCIEn,0,R-TfEn,7.736710811,pepMHCIEn,0,REn,0.057827656,imCxEn,0
endosome1537y,initSolubleContent,ovaEn,0,protonEn,53.24763363,TfaEn,0.057543809,solubleMarker,0,mvb,3.59E-21,FeEn,7.53E-05,TfEn,2.96E-05,pepEn,0,,
endosome1538m,initOrgProp,area,24019.63783,volume,305532.0046,xcoor,5.473369474,ycoor,49.39504779,zcoor,4,,,,,,,,
endosome1538m,initRabContent,RabA,24019.63783,,,,,,,,,,,,,,,,
endosome1538m,initMembraneContent,exCxEn,0,R-TfaEn,0.73390322,oMHCIEn,0,membraneMarker,0,cMHCIEn,0,R-TfEn,4.673669071,pepMHCIEn,0,REn,0.03493296,imCxEn,0
endosome1538m,initSolubleContent,ovaEn,0,protonEn,22.87884757,TfaEn,0.034796429,solubleMarker,0,mvb,1.54E-21,FeEn,4.56E-05,TfEn,1.27E-05,pepEn,0,,
endosome1539k,initOrgProp,area,34437.32343,volume,492999.8897,xcoor,21.94998655,ycoor,0.617141156,zcoor,4,,,,,,,,
endosome1539k,initRabContent,RabA,34437.32343,,,,,,,,,,,,,,,,
endosome1539k,initMembraneContent,exCxEn,0,R-TfaEn,1.049870017,oMHCIEn,0,membraneMarker,0,cMHCIEn,0,R-TfEn,6.68579972,pepMHCIEn,0,REn,0.049972689,imCxEn,0
endosome1539k,initSolubleContent,ovaEn,0,protonEn,36.91681774,TfaEn,0.049777213,solubleMarker,0,mvb,2.48E-21,FeEn,6.52E-05,TfEn,2.05E-05,pepEn,0,,
endosome1540d,initOrgProp,area,30835.92653,volume,459266.616,xcoor,0.585531076,ycoor,32.94190938,zcoor,4,,,,,,,,
endosome1540d,initRabContent,RabA,30835.92653,,,,,,,,,,,,,,,,
endosome1540d,initMembraneContent,exCxEn,0,R-TfaEn,0.936783114,oMHCIEn,0,membraneMarker,0,cMHCIEn,0,R-TfEn,5.965641691,pepMHCIEn,0,REn,0.044589983,imCxEn,0
endosome1540d,initSolubleContent,ovaEn,0,protonEn,34.39080274,TfaEn,0.044415307,solubleMarker,0,mvb,2.31E-21,FeEn,5.82E-05,TfEn,1.91E-05,pepEn,0,,
endosome1541z,initOrgProp,area,35774.38699,volume,565294.2241,xcoor,49.41899152,ycoor,25.01243218,zcoor,4,,,,,,,,
endosome1541z,initRabContent,RabA,35774.38699,,,,,,,,,,,,,,,,
endosome1541z,initMembraneContent,exCxEn,0,R-TfaEn,1.08355252,oMHCIEn,0,membraneMarker,0,cMHCIEn,0,R-TfEn,6.90030686,pepMHCIEn,0,REn,0.051575934,imCxEn,0
endosome1541z,initSolubleContent,ovaEn,0,protonEn,42.33036209,TfaEn,0.051374052,solubleMarker,0,mvb,2.85E-21,FeEn,6.73E-05,TfEn,2.36E-05,pepEn,0,,
endosome1542z,initOrgProp,area,40210.83246,volume,600439.5095,xcoor,49.4047666,ycoor,22.95651881,zcoor,4,,,,,,,,
endosome1542z,initRabContent,RabA,40210.83246,,,,,,,,,,,,,,,,
endosome1542z,initMembraneContent,exCxEn,0,R-TfaEn,1.210981388,oMHCIEn,0,membraneMarker,0,cMHCIEn,0,R-TfEn,7.711794292,pepMHCIEn,0,REn,0.057641424,imCxEn,0
endosome1542z,initSolubleContent,ovaEn,0,protonEn,44.96211135,TfaEn,0.057415767,solubleMarker,0,mvb,3.03E-21,FeEn,7.52E-05,TfEn,2.50E-05,pepEn,0,,
endosome1543L,initOrgProp,area,9289.566999,volume,82730.74576,xcoor,27.85737646,ycoor,40.74996569,zcoor,4,,,,,,,,
endosome1543L,initRabContent,RabI,9289.566999,,,,,,,,,,,,,,,,
endosome1543L,initMembraneContent,exCxEn,0,R-TfaEn,8.82E-08,oMHCIEn,0,membraneMarker,0,cMHCIEn,0,R-TfEn,1.25E-09,pepMHCIEn,0,REn,6.02E-06,imCxEn,0
endosome1543L,initSolubleContent,ovaEn,0,protonEn,3.85586496,TfaEn,1.56E-06,solubleMarker,0,mvb,7.93E-28,FeEn,6.35E-09,TfEn,2.26E-11,pepEn,0,,
endosome1544C,initOrgProp,area,20012.17927,volume,175826.7039,xcoor,25.64475489,ycoor,24.82882678,zcoor,4,,,,,,,,
endosome1544C,initRabContent,RabI,20012.17927,,,,,,,,,,,,,,,,
endosome1544C,initMembraneContent,exCxEn,0,R-TfaEn,0.004632359,oMHCIEn,0,membraneMarker,0,cMHCIEn,0,R-TfEn,1.27E-05,pepMHCIEn,0,REn,0.003524345,imCxEn,0
endosome1544C,initSolubleContent,ovaEn,0,protonEn,26.03079186,TfaEn,0.004996889,solubleMarker,0,mvb,0,FeEn,3.59E-06,TfEn,7.09E-08,pepEn,0,,
endosome1545q,initOrgProp,area,7539.822369,volume,50265.48246,xcoor,33.16881304,ycoor,0.609542874,zcoor,4,,,,,,,,
endosome1545q,initRabContent,RabA,7539.822369,,,,,,,,,,,,,,,,
endosome1545q,initMembraneContent,exCxEn,0,R-TfaEn,1.108572543,oMHCIEn,0,membraneMarker,0,cMHCIEn,0,R-TfEn,0.021653314,pepMHCIEn,0,REn,0.008809755,imCxEn,0
endosome1545q,initSolubleContent,ovaEn,0,protonEn,17.5388332,TfaEn,0.006000945,solubleMarker,0,mvb,0,FeEn,0.001447827,TfEn,2.08E-06,pepEn,0,,
endosome1546W,initOrgProp,area,18860.36995,volume,160756.8866,xcoor,26.21807746,ycoor,24.95296998,zcoor,4,,,,,,,,
endosome1546W,initRabContent,RabI,18860.36995,RabH,0,,,,,,,,,,,,,,
endosome1546W,initMembraneContent,exCxEn,0,R-TfaEn,0.004108128,oMHCIEn,0,membraneMarker,0,cMHCIEn,0,R-TfEn,1.16E-05,pepMHCIEn,0,REn,0.002882223,imCxEn,0
endosome1546W,initSolubleContent,ovaEn,0,protonEn,23.29479817,TfaEn,0.006966255,solubleMarker,0,mvb,0,FeEn,5.96E-06,TfEn,6.62E-08,pepEn,0,,
endosome1547V,initOrgProp,area,11985.15009,volume,92884.07069,xcoor,20.49126521,ycoor,20.15882366,zcoor,4,,,,,,,,
endosome1547V,initRabContent,RabC,11985.15009,,,,,,,,,,,,,,,,
endosome1547V,initMembraneContent,exCxEn,0,R-TfaEn,3.424660756,oMHCIEn,0,membraneMarker,0,cMHCIEn,0,R-TfEn,1.88E-05,pepMHCIEn,0,REn,5.686126741,imCxEn,0
endosome1547V,initSolubleContent,ovaEn,0,protonEn,12.96141476,TfaEn,0.042952474,solubleMarker,0,mvb,0,FeEn,1.48E-06,TfEn,1.09E-06,pepEn,0,,
endosome1548y,initOrgProp,area,19057.09016,volume,191318.2783,xcoor,20.2998961,ycoor,20.46524848,zcoor,4,,,,,,,,
endosome1548y,initRabContent,RabE,19057.09016,,,,,,,,,,,,,,,,
endosome1548y,initMembraneContent,exCxEn,0,R-TfaEn,0.003300021,oMHCIEn,0,membraneMarker,0,cMHCIEn,0,R-TfEn,1.39E-08,pepMHCIEn,0,REn,0.013107124,imCxEn,0
endosome1548y,initSolubleContent,ovaEn,0,protonEn,26.95196245,TfaEn,0.04649015,solubleMarker,0,mvb,0,FeEn,1.20E-07,TfEn,5.84E-07,pepEn,0,,
endosome1549J,initOrgProp,area,19057.09016,volume,191318.2783,xcoor,20.05417933,ycoor,20.31743185,zcoor,4,,,,,,,,
endosome1549J,initRabContent,RabE,19057.09016,,,,,,,,,,,,,,,,
endosome1549J,initMembraneContent,exCxEn,0,R-TfaEn,0.003300021,oMHCIEn,0,membraneMarker,0,cMHCIEn,0,R-TfEn,1.39E-08,pepMHCIEn,0,REn,0.013107124,imCxEn,0
endosome1549J,initSolubleContent,ovaEn,0,protonEn,26.95196245,TfaEn,0.04649015,solubleMarker,0,mvb,0,FeEn,1.20E-07,TfEn,5.84E-07,pepEn,0,,
endosome1550E,initOrgProp,area,7539.822369,volume,50265.48246,xcoor,20.02305414,ycoor,20.29571192,zcoor,4,,,,,,,,
endosome1550E,initRabContent,RabE,7539.822369,,,,,,,,,,,,,,,,
endosome1550E,initMembraneContent,exCxEn,0,R-TfaEn,0.001305633,oMHCIEn,0,membraneMarker,0,cMHCIEn,0,R-TfEn,5.51E-09,pepMHCIEn,0,REn,0.005185754,imCxEn,0
endosome1550E,initSolubleContent,ovaEn,0,protonEn,7.081149841,TfaEn,0.012214512,solubleMarker,0,mvb,0,FeEn,3.15E-08,TfEn,1.53E-07,pepEn,0,,
endosome1551e,initOrgProp,area,12566.37061,volume,114142.2362,xcoor,20.31308233,ycoor,20.52112828,zcoor,4,,,,,,,,
endosome1551e,initRabContent,RabF,12566.37061,,,,,,,,,,,,,,,,
endosome1551e,initMembraneContent,exCxEn,0,R-TfaEn,0.002176056,oMHCIEn,0,membraneMarker,0,cMHCIEn,0,R-TfEn,9.18E-09,pepMHCIEn,0,REn,0.008642924,imCxEn,0
endosome1551e,initSolubleContent,ovaEn,0,protonEn,16.07978752,TfaEn,0.027736563,solubleMarker,0,mvb,0,FeEn,7.14E-08,TfEn,3.48E-07,pepEn,0,,
endosome1552L,initOrgProp,area,20313.72722,volume,184512.6426,xcoor,20.30440275,ycoor,20.58053873,zcoor,4,,,,,,,,
endosome1552L,initRabContent,RabE,20313.72722,,,,,,,,,,,,,,,,
endosome1552L,initMembraneContent,exCxEn,0,R-TfaEn,0.003517627,oMHCIEn,0,membraneMarker,0,cMHCIEn,0,R-TfEn,1.48E-08,pepMHCIEn,0,REn,0.013971416,imCxEn,0
endosome1552L,initSolubleContent,ovaEn,0,protonEn,25.99321853,TfaEn,0.044836572,solubleMarker,0,mvb,0,FeEn,1.15E-07,TfEn,5.63E-07,pepEn,0,,
endosome1553b,initOrgProp,area,7539.822369,volume,50265.48246,xcoor,27.33562236,ycoor,18.60217125,zcoor,4,,,,,,,,
endosome1553b,initRabContent,RabI,7539.822369,,,,,,,,,,,,,,,,
endosome1553b,initMembraneContent,exCxEn,0,R-TfaEn,0.025231262,oMHCIEn,0,membraneMarker,0,cMHCIEn,0,R-TfEn,8.43E-12,pepMHCIEn,0,REn,5.35E-04,imCxEn,0
endosome1553b,initSolubleContent,ovaEn,0,protonEn,799.578056,TfaEn,0.004083915,solubleMarker,0,mvb,0,FeEn,8.81E-12,TfEn,5.72E-07,pepEn,0,,
endosome1554R,initOrgProp,area,7539.822369,volume,50265.48246,xcoor,20.07001291,ycoor,20.13789736,zcoor,4,,,,,,,,
endosome1554R,initRabContent,RabE,7539.822369,,,,,,,,,,,,,,,,
endosome1554R,initMembraneContent,exCxEn,0,R-TfaEn,0.001305633,oMHCIEn,0,membraneMarker,0,cMHCIEn,0,R-TfEn,5.51E-09,pepMHCIEn,0,REn,0.005185754,imCxEn,0
endosome1554R,initSolubleContent,ovaEn,0,protonEn,7.081149841,TfaEn,0.012214512,solubleMarker,0,mvb,0,FeEn,3.15E-08,TfEn,1.53E-07,pepEn,0,,
endosome1555v,initOrgProp,area,22619.46711,volume,201061.9298,xcoor,49.51394102,ycoor,47.4757803,zcoor,4,,,,,,,,
endosome1555v,initRabContent,RabA,22619.46711,,,,,,,,,,,,,,,,
endosome1555v,initMembraneContent,exCxEn,0,R-TfaEn,0.002408679,oMHCIEn,0,membraneMarker,0,cMHCIEn,0,R-TfEn,0.00127657,pepMHCIEn,0,REn,3.81E-05,imCxEn,0
endosome1555v,initSolubleContent,ovaEn,0,protonEn,51.02529549,TfaEn,0.020227232,solubleMarker,0,mvb,0,FeEn,0.017492066,TfEn,5.20E-06,pepEn,0,,
endosome1556d,initOrgProp,area,7539.822369,volume,50265.48246,xcoor,27.414186,ycoor,18.72690633,zcoor,4,,,,,,,,
endosome1556d,initRabContent,RabD,7539.822369,,,,,,,,,,,,,,,,
endosome1556d,initMembraneContent,exCxEn,0,R-TfaEn,0.025231186,oMHCIEn,0,membraneMarker,0,cMHCIEn,0,R-TfEn,8.43E-12,pepMHCIEn,0,REn,5.35E-04,imCxEn,0
endosome1556d,initSolubleContent,ovaEn,0,protonEn,871.7341561,TfaEn,0.004083915,solubleMarker,0,mvb,0,FeEn,8.81E-12,TfEn,5.72E-07,pepEn,0,,
endosome1557x,initOrgProp,area,7539.822369,volume,50265.48246,xcoor,49.48511948,ycoor,47.50777359,zcoor,4,,,,,,,,
endosome1557x,initRabContent,RabB,7539.822369,,,,,,,,,,,,,,,,
endosome1557x,initMembraneContent,exCxEn,0,R-TfaEn,0.80266687,oMHCIEn,0,membraneMarker,0,cMHCIEn,0,R-TfEn,0.426980895,pepMHCIEn,0,REn,0.012729331,imCxEn,0
endosome1557x,initSolubleContent,ovaEn,0,protonEn,11.79077422,TfaEn,0.00505716,solubleMarker,0,mvb,0,FeEn,0.019076454,TfEn,1.30E-06,pepEn,0,,
endosome1558n,initOrgProp,area,7539.822369,volume,50265.48246,xcoor,27.40407055,ycoor,18.66881456,zcoor,4,,,,,,,,
endosome1558n,initRabContent,RabD,7539.822369,,,,,,,,,,,,,,,,
endosome1558n,initMembraneContent,exCxEn,0,R-TfaEn,0.025231186,oMHCIEn,0,membraneMarker,0,cMHCIEn,0,R-TfEn,8.43E-12,pepMHCIEn,0,REn,5.35E-04,imCxEn,0
endosome1558n,initSolubleContent,ovaEn,0,protonEn,871.7341561,TfaEn,0.004083915,solubleMarker,0,mvb,0,FeEn,8.81E-12,TfEn,5.72E-07,pepEn,0,,
endosome1559b,initOrgProp,area,18221.23739,volume,163362.818,xcoor,21.55042781,ycoor,24.69265612,zcoor,4,,,,,,,,
endosome1559b,initRabContent,RabI,18221.23739,,,,,,,,,,,,,,,,
endosome1559b,initMembraneContent,exCxEn,0,R-TfaEn,0.00208604,oMHCIEn,0,membraneMarker,0,cMHCIEn,0,R-TfEn,1.63E-08,pepMHCIEn,0,REn,0.003726535,imCxEn,0
endosome1559b,initSolubleContent,ovaEn,0,protonEn,36.23616011,TfaEn,0.002839327,solubleMarker,0,mvb,0,FeEn,1.30E-09,TfEn,1.69E-07,pepEn,0,,
endosome1560W,initOrgProp,area,7539.822369,volume,50265.48246,xcoor,27.37446255,ycoor,18.68193284,zcoor,4,,,,,,,,
endosome1560W,initRabContent,RabD,7539.822369,,,,,,,,,,,,,,,,
endosome1560W,initMembraneContent,exCxEn,0,R-TfaEn,0.025231262,oMHCIEn,0,membraneMarker,0,cMHCIEn,0,R-TfEn,8.43E-12,pepMHCIEn,0,REn,5.35E-04,imCxEn,0
endosome1560W,initSolubleContent,ovaEn,0,protonEn,871.7341561,TfaEn,0.004083915,solubleMarker,0,mvb,0,FeEn,8.81E-12,TfEn,5.72E-07,pepEn,0,,
endosome1561u,initOrgProp,area,7539.822369,volume,50265.48246,xcoor,27.81259395,ycoor,17.5955519,zcoor,4,,,,,,,,
endosome1561u,initRabContent,RabD,7539.822369,,,,,,,,,,,,,,,,
endosome1561u,initMembraneContent,exCxEn,0,R-TfaEn,0.025231262,oMHCIEn,0,membraneMarker,0,cMHCIEn,0,R-TfEn,8.43E-12,pepMHCIEn,0,REn,5.35E-04,imCxEn,0
endosome1561u,initSolubleContent,ovaEn,0,protonEn,871.7341561,TfaEn,0.004083915,solubleMarker,0,mvb,0,FeEn,8.81E-12,TfEn,5.72E-07,pepEn,0,,
endosome1562j,initOrgProp,area,22641.14484,volume,235665.3093,xcoor,26.83184013,ycoor,24.98058671,zcoor,4,,,,,,,,
endosome1562j,initRabContent,RabI,22641.14484,,,,,,,,,,,,,,,,
endosome1562j,initMembraneContent,exCxEn,0,R-TfaEn,0.00360447,oMHCIEn,0,membraneMarker,0,cMHCIEn,0,R-TfEn,1.12E-05,pepMHCIEn,0,REn,0.001078008,imCxEn,0
endosome1562j,initSolubleContent,ovaEn,0,protonEn,32.60382421,TfaEn,0.020298701,solubleMarker,0,mvb,0,FeEn,2.07E-05,TfEn,1.12E-07,pepEn,0,,
endosome1563J,initOrgProp,area,18221.23739,volume,163362.818,xcoor,21.69103608,ycoor,24.70905495,zcoor,4,,,,,,,,
endosome1563J,initRabContent,RabI,18221.23739,,,,,,,,,,,,,,,,
endosome1563J,initMembraneContent,exCxEn,0,R-TfaEn,0.00208604,oMHCIEn,0,membraneMarker,0,cMHCIEn,0,R-TfEn,1.63E-08,pepMHCIEn,0,REn,0.003726535,imCxEn,0
endosome1563J,initSolubleContent,ovaEn,0,protonEn,36.23616011,TfaEn,0.002839327,solubleMarker,0,mvb,0,FeEn,1.30E-09,TfEn,1.69E-07,pepEn,0,,
endosome1564c,initOrgProp,area,18221.23739,volume,163362.818,xcoor,21.60671219,ycoor,24.63933362,zcoor,4,,,,,,,,
endosome1564c,initRabContent,RabI,18221.23739,,,,,,,,,,,,,,,,
endosome1564c,initMembraneContent,exCxEn,0,R-TfaEn,0.00208604,oMHCIEn,0,membraneMarker,0,cMHCIEn,0,R-TfEn,1.63E-08,pepMHCIEn,0,REn,0.003726535,imCxEn,0
endosome1564c,initSolubleContent,ovaEn,0,protonEn,36.23616011,TfaEn,0.002839327,solubleMarker,0,mvb,0,FeEn,1.30E-09,TfEn,1.69E-07,pepEn,0,,
endosome1565a,initOrgProp,area,22641.14484,volume,235665.3093,xcoor,26.87138396,ycoor,25.05794988,zcoor,4,,,,,,,,
endosome1565a,initRabContent,RabI,22641.14484,,,,,,,,,,,,,,,,
endosome1565a,initMembraneContent,exCxEn,0,R-TfaEn,0.00360447,oMHCIEn,0,membraneMarker,0,cMHCIEn,0,R-TfEn,1.12E-05,pepMHCIEn,0,REn,0.001078011,imCxEn,0
endosome1565a,initSolubleContent,ovaEn,0,protonEn,32.60382421,TfaEn,0.020298701,solubleMarker,0,mvb,0,FeEn,2.07E-05,TfEn,1.12E-07,pepEn,0,,
endosome1566l,initOrgProp,area,20145.46289,volume,178831.3818,xcoor,15.68733025,ycoor,3.943377718,zcoor,4,,,,,,,,
endosome1566l,initRabContent,RabA,20145.46289,,,,,,,,,,,,,,,,
endosome1566l,initMembraneContent,exCxEn,0,R-TfaEn,0.03962532,oMHCIEn,0,membraneMarker,0,cMHCIEn,0,R-TfEn,0.001245,pepMHCIEn,0,REn,0.001315162,imCxEn,0
endosome1566l,initSolubleContent,ovaEn,0,protonEn,65.24502017,TfaEn,0.102189617,solubleMarker,0,mvb,0,FeEn,6.53E-04,TfEn,7.05E-06,pepEn,0,,
endosome1567O,initOrgProp,area,7539.822369,volume,50265.48246,xcoor,26.77694192,ycoor,25.09772091,zcoor,4,,,,,,,,
endosome1567O,initRabContent,RabE,7539.822369,,,,,,,,,,,,,,,,
endosome1567O,initMembraneContent,exCxEn,0,R-TfaEn,0.00120034,oMHCIEn,0,membraneMarker,0,cMHCIEn,0,R-TfEn,3.72E-06,pepMHCIEn,0,REn,3.59E-04,imCxEn,0
endosome1567O,initSolubleContent,ovaEn,0,protonEn,6.954128967,TfaEn,0.004329557,solubleMarker,0,mvb,0,FeEn,4.42E-06,TfEn,2.40E-08,pepEn,0,,
endosome1568x,initOrgProp,area,78868.63181,volume,1105840.614,xcoor,25,ycoor,29.8,zcoor,4,,,,,,,,
endosome1568x,initRabContent,RabG,78868.63181,,,,,,,,,,,,,,,,
endosome1568x,initMembraneContent,exCxEn,0,R-TfaEn,0.026436765,oMHCIEn,0,membraneMarker,0,cMHCIEn,0,R-TfEn,1.13E-04,pepMHCIEn,0,REn,0.026133594,imCxEn,0
endosome1568x,initSolubleContent,ovaEn,0,protonEn,110.9445654,TfaEn,0.026972227,solubleMarker,0,mvb,0,FeEn,1.89E-04,TfEn,3.13E-07,pepEn,0,,
endosome1569e,initOrgProp,area,7539.822369,volume,50265.48246,xcoor,27.80541669,ycoor,17.62999817,zcoor,4,,,,,,,,
endosome1569e,initRabContent,RabD,7539.822369,,,,,,,,,,,,,,,,
endosome1569e,initMembraneContent,exCxEn,0,R-TfaEn,0.025231262,oMHCIEn,0,membraneMarker,0,cMHCIEn,0,R-TfEn,8.43E-12,pepMHCIEn,0,REn,5.35E-04,imCxEn,0
endosome1569e,initSolubleContent,ovaEn,0,protonEn,871.7341561,TfaEn,0.004083915,solubleMarker,0,mvb,0,FeEn,8.81E-12,TfEn,5.72E-07,pepEn,0,,
endosome1570p,initOrgProp,area,22641.14484,volume,235665.3093,xcoor,26.99714737,ycoor,24.76960007,zcoor,4,,,,,,,,
endosome1570p,initRabContent,RabI,22641.14484,,,,,,,,,,,,,,,,
endosome1570p,initMembraneContent,exCxEn,0,R-TfaEn,0.00360447,oMHCIEn,0,membraneMarker,0,cMHCIEn,0,R-TfEn,1.12E-05,pepMHCIEn,0,REn,0.001078008,imCxEn,0
endosome1570p,initSolubleContent,ovaEn,0,protonEn,32.60382421,TfaEn,0.020298701,solubleMarker,0,mvb,0,FeEn,2.07E-05,TfEn,1.12E-07,pepEn,0,,
endosome1571A,initOrgProp,area,7539.822369,volume,50265.48246,xcoor,27.84170769,ycoor,17.61842089,zcoor,4,,,,,,,,
endosome1571A,initRabContent,RabD,7539.822369,,,,,,,,,,,,,,,,
endosome1571A,initMembraneContent,exCxEn,0,R-TfaEn,0.025231262,oMHCIEn,0,membraneMarker,0,cMHCIEn,0,R-TfEn,8.43E-12,pepMHCIEn,0,REn,5.35E-04,imCxEn,0
endosome1571A,initSolubleContent,ovaEn,0,protonEn,871.7341561,TfaEn,0.004083915,solubleMarker,0,mvb,0,FeEn,8.81E-12,TfEn,5.72E-07,pepEn,0,,
endosome1572k,initOrgProp,area,7539.822369,volume,50265.48246,xcoor,27.82184785,ycoor,17.59792298,zcoor,4,,,,,,,,
endosome1572k,initRabContent,RabD,7539.822369,,,,,,,,,,,,,,,,
endosome1572k,initMembraneContent,exCxEn,0,R-TfaEn,0.025231262,oMHCIEn,0,membraneMarker,0,cMHCIEn,0,R-TfEn,8.43E-12,pepMHCIEn,0,REn,5.35E-04,imCxEn,0
endosome1572k,initSolubleContent,ovaEn,0,protonEn,871.7341561,TfaEn,0.004083915,solubleMarker,0,mvb,0,FeEn,8.81E-12,TfEn,5.72E-07,pepEn,0,,
endosome1573T,initOrgProp,area,9874.867543,volume,73924.1834,xcoor,46.15685472,ycoor,38.27313508,zcoor,4,,,,,,,,
endosome1573T,initRabContent,RabB,9874.867543,,,,,,,,,,,,,,,,
endosome1573T,initMembraneContent,R-TfaEn,8.530029082,exCxEn,0,oMHCIEn,0,membraneMarker,0,R-TfEn,0.0344781,cMHCIEn,0,pepMHCIEn,0,REn,0.146369237,imCxEn,0
endosome1573T,initSolubleContent,ovaEn,0,protonEn,168.5944496,TfaEn,0.011820403,solubleMarker,0,mvb,0,FeEn,0.00186935,TfEn,1.89E-06,pepEn,0,,
endosome1574r,initOrgProp,area,7539.822369,volume,50265.48246,xcoor,27.78213181,ycoor,17.65602093,zcoor,4,,,,,,,,
endosome1574r,initRabContent,RabD,7539.822369,,,,,,,,,,,,,,,,
endosome1574r,initMembraneContent,exCxEn,0,R-TfaEn,0.025231262,oMHCIEn,0,membraneMarker,0,cMHCIEn,0,R-TfEn,8.43E-12,pepMHCIEn,0,REn,5.35E-04,imCxEn,0
endosome1574r,initSolubleContent,ovaEn,0,protonEn,871.7341561,TfaEn,0.004083915,solubleMarker,0,mvb,0,FeEn,8.81E-12,TfEn,5.72E-07,pepEn,0,,
endosome1575p,initOrgProp,area,7539.822369,volume,50265.48246,xcoor,27.82039175,ycoor,17.66802302,zcoor,4,,,,,,,,
endosome1575p,initRabContent,RabD,7539.822369,,,,,,,,,,,,,,,,
endosome1575p,initMembraneContent,exCxEn,0,R-TfaEn,0.025231262,oMHCIEn,0,membraneMarker,0,cMHCIEn,0,R-TfEn,8.67E-12,pepMHCIEn,0,REn,5.35E-04,imCxEn,0
endosome1575p,initSolubleContent,ovaEn,0,protonEn,868.808705,TfaEn,0.004083915,solubleMarker,0,mvb,0,FeEn,1.26E-11,TfEn,5.72E-07,pepEn,0,,
endosome1576h,initOrgProp,area,7539.822369,volume,50265.48246,xcoor,27.79430874,ycoor,17.6662393,zcoor,4,,,,,,,,
endosome1576h,initRabContent,RabD,7539.822369,,,,,,,,,,,,,,,,
endosome1576h,initMembraneContent,exCxEn,0,R-TfaEn,0.025231262,oMHCIEn,0,membraneMarker,0,cMHCIEn,0,R-TfEn,8.67E-12,pepMHCIEn,0,REn,5.35E-04,imCxEn,0
endosome1576h,initSolubleContent,ovaEn,0,protonEn,868.808705,TfaEn,0.004083915,solubleMarker,0,mvb,0,FeEn,1.26E-11,TfEn,5.72E-07,pepEn,0,,
endosome1577T,initOrgProp,area,7539.822369,volume,50265.48246,xcoor,27.7880578,ycoor,17.7401214,zcoor,4,,,,,,,,
endosome1577T,initRabContent,RabD,7539.822369,,,,,,,,,,,,,,,,
endosome1577T,initMembraneContent,exCxEn,0,R-TfaEn,0.025231262,oMHCIEn,0,membraneMarker,0,cMHCIEn,0,R-TfEn,8.67E-12,pepMHCIEn,0,REn,5.35E-04,imCxEn,0
endosome1577T,initSolubleContent,ovaEn,0,protonEn,869.2510412,TfaEn,0.004086096,solubleMarker,0,mvb,0,FeEn,1.26E-11,TfEn,5.73E-07,pepEn,0,,
endosome1578A,initOrgProp,area,7539.822369,volume,50265.48246,xcoor,27.85924371,ycoor,17.69959385,zcoor,4,,,,,,,,
endosome1578A,initRabContent,RabD,7539.822369,,,,,,,,,,,,,,,,
endosome1578A,initMembraneContent,exCxEn,0,R-TfaEn,0.025231262,oMHCIEn,0,membraneMarker,0,cMHCIEn,0,R-TfEn,8.67E-12,pepMHCIEn,0,REn,5.35E-04,imCxEn,0
endosome1578A,initSolubleContent,ovaEn,0,protonEn,869.2510412,TfaEn,0.004086096,solubleMarker,0,mvb,0,FeEn,1.26E-11,TfEn,5.73E-07,pepEn,0,,
endosome1579U,initOrgProp,area,7539.822369,volume,50265.48246,xcoor,15.21365805,ycoor,2.171686585,zcoor,4,,,,,,,,
endosome1579U,initRabContent,RabB,7539.822369,,,,,,,,,,,,,,,,
endosome1579U,initMembraneContent,exCxEn,0,R-TfaEn,14.02648235,oMHCIEn,0,membraneMarker,0,cMHCIEn,0,R-TfEn,0.119394595,pepMHCIEn,0,REn,0.42938836,imCxEn,0
endosome1579U,initSolubleContent,ovaEn,0,protonEn,34.35017407,TfaEn,0.017014263,solubleMarker,0,mvb,0,FeEn,0.002876618,TfEn,1.98E-06,pepEn,0,,
endosome1580i,initOrgProp,area,7539.822369,volume,50265.48246,xcoor,25.0114128,ycoor,29.19119654,zcoor,4,,,,,,,,
endosome1580i,initRabContent,RabG,7539.822369,,,,,,,,,,,,,,,,
endosome1580i,initMembraneContent,exCxEn,0,R-TfaEn,0.002528902,oMHCIEn,0,membraneMarker,0,cMHCIEn,0,R-TfEn,1.08E-05,pepMHCIEn,0,REn,0.002496842,imCxEn,0
endosome1580i,initSolubleContent,ovaEn,0,protonEn,5.039617271,TfaEn,0.00121642,solubleMarker,0,mvb,0,FeEn,8.62E-06,TfEn,1.42E-08,pepEn,0,,
endosome1581S,initOrgProp,area,17592.91886,volume,150796.4474,xcoor,49.07573001,ycoor,17.18558201,zcoor,4,,,,,,,,
endosome1581S,initRabContent,RabA,17592.91886,,,,,,,,,,,,,,,,
endosome1581S,initMembraneContent,exCxEn,0,R-TfaEn,4.025840402,oMHCIEn,0,membraneMarker,0,cMHCIEn,0,R-TfEn,0.239040266,pepMHCIEn,0,REn,0.030869239,imCxEn,0
endosome1581S,initSolubleContent,ovaEn,0,protonEn,52.29077928,TfaEn,0.014571762,solubleMarker,0,mvb,0,FeEn,0.012273851,TfEn,6.28E-06,pepEn,0,,
endosome1582E,initOrgProp,area,7539.822369,volume,50265.48246,xcoor,27.89551297,ycoor,17.64795483,zcoor,4,,,,,,,,
endosome1582E,initRabContent,RabD,7539.822369,,,,,,,,,,,,,,,,
endosome1582E,initMembraneContent,exCxEn,0,R-TfaEn,0.025231337,oMHCIEn,0,membraneMarker,0,cMHCIEn,0,R-TfEn,8.67E-12,pepMHCIEn,0,REn,5.35E-04,imCxEn,0
endosome1582E,initSolubleContent,ovaEn,0,protonEn,869.2510412,TfaEn,0.004086096,solubleMarker,0,mvb,0,FeEn,1.26E-11,TfEn,5.73E-07,pepEn,0,,
endosome1583V,initOrgProp,area,7539.822369,volume,50265.48246,xcoor,27.87181423,ycoor,17.68736087,zcoor,4,,,,,,,,
endosome1583V,initRabContent,RabD,7539.822369,,,,,,,,,,,,,,,,
endosome1583V,initMembraneContent,exCxEn,0,R-TfaEn,0.025231337,oMHCIEn,0,membraneMarker,0,cMHCIEn,0,R-TfEn,8.67E-12,pepMHCIEn,0,REn,5.35E-04,imCxEn,0
endosome1583V,initSolubleContent,ovaEn,0,protonEn,869.2510412,TfaEn,0.004086096,solubleMarker,0,mvb,0,FeEn,1.26E-11,TfEn,5.73E-07,pepEn,0,,
endosome1584a,initOrgProp,area,24843.44989,volume,230318.4935,xcoor,0.657250362,ycoor,43.91440816,zcoor,4,,,,,,,,
endosome1584a,initRabContent,RabA,24843.44989,,,,,,,,,,,,,,,,
endosome1584a,initMembraneContent,exCxEn,0,R-TfaEn,0.369091682,oMHCIEn,0,membraneMarker,0,cMHCIEn,0,R-TfEn,2.09819331,pepMHCIEn,0,REn,0.014729657,imCxEn,0
endosome1584a,initSolubleContent,ovaEn,0,protonEn,43.1319746,TfaEn,0.026099001,solubleMarker,0,mvb,0,FeEn,0.019003579,TfEn,9.38E-06,pepEn,0,,
endosome1585q,initOrgProp,area,7539.822369,volume,50265.48246,xcoor,27.89518709,ycoor,17.68296142,zcoor,4,,,,,,,,
endosome1585q,initRabContent,RabD,7539.822369,,,,,,,,,,,,,,,,
endosome1585q,initMembraneContent,exCxEn,0,R-TfaEn,0.025231337,oMHCIEn,0,membraneMarker,0,cMHCIEn,0,R-TfEn,8.67E-12,pepMHCIEn,0,REn,5.35E-04,imCxEn,0
endosome1585q,initSolubleContent,ovaEn,0,protonEn,869.2510412,TfaEn,0.004086096,solubleMarker,0,mvb,0,FeEn,1.26E-11,TfEn,5.73E-07,pepEn,0,,
endosome1586w,initOrgProp,area,22800.95742,volume,194344.5933,xcoor,25.87193196,ycoor,25.19021844,zcoor,4,,,,,,,,
endosome1586w,initRabContent,RabI,22800.95742,,,,,,,,,,,,,,,,
endosome1586w,initMembraneContent,exCxEn,0,R-TfaEn,0.004966459,oMHCIEn,0,membraneMarker,0,cMHCIEn,0,R-TfEn,1.41E-05,pepMHCIEn,0,REn,0.00348442,imCxEn,0
endosome1586w,initSolubleContent,ovaEn,0,protonEn,28.16189198,TfaEn,0.008421748,solubleMarker,0,mvb,0,FeEn,7.21E-06,TfEn,8.00E-08,pepEn,0,,
endosome1587f,initOrgProp,area,7539.822369,volume,50265.48246,xcoor,27.90677949,ycoor,17.66582643,zcoor,4,,,,,,,,
endosome1587f,initRabContent,RabD,7539.822369,,,,,,,,,,,,,,,,
endosome1587f,initMembraneContent,exCxEn,0,R-TfaEn,0.025231337,oMHCIEn,0,membraneMarker,0,cMHCIEn,0,R-TfEn,8.67E-12,pepMHCIEn,0,REn,5.35E-04,imCxEn,0
endosome1587f,initSolubleContent,ovaEn,0,protonEn,869.2510412,TfaEn,0.004086096,solubleMarker,0,mvb,0,FeEn,1.26E-11,TfEn,5.73E-07,pepEn,0,,
endosome1588L,initOrgProp,area,16336.2818,volume,150796.4474,xcoor,21.85882598,ycoor,42.40074243,zcoor,4,,,,,,,,
endosome1588L,initRabContent,RabI,16336.2818,,,,,,,,,,,,,,,,
endosome1588L,initMembraneContent,exCxEn,0,R-TfaEn,1.12E-07,oMHCIEn,0,membraneMarker,0,cMHCIEn,0,R-TfEn,2.17E-09,pepMHCIEn,0,REn,1.06E-05,imCxEn,0
endosome1588L,initSolubleContent,ovaEn,0,protonEn,15.06031263,TfaEn,2.63E-06,solubleMarker,0,mvb,0,FeEn,9.73E-09,TfEn,3.46E-11,pepEn,0,,
endosome1589c,initOrgProp,area,15762.34987,volume,134350.8265,xcoor,26.44565085,ycoor,25.06792165,zcoor,4,,,,,,,,
endosome1589c,initRabContent,RabH,15762.34987,,,,,,,,,,,,,,,,
endosome1589c,initMembraneContent,exCxEn,0,R-TfaEn,0.003433308,oMHCIEn,0,membraneMarker,0,cMHCIEn,0,R-TfEn,9.70E-06,pepMHCIEn,0,REn,0.002408834,imCxEn,0
endosome1589c,initSolubleContent,ovaEn,0,protonEn,19.23178341,TfaEn,0.005822012,solubleMarker,0,mvb,0,FeEn,4.87E-06,TfEn,5.53E-08,pepEn,0,,
endosome1590X,initOrgProp,area,18860.36995,volume,160756.8866,xcoor,26.42871502,ycoor,25.06183153,zcoor,4,,,,,,,,
endosome1590X,initRabContent,RabI,18860.36995,,,,,,,,,,,,,,,,
endosome1590X,initMembraneContent,exCxEn,0,R-TfaEn,0.004108128,oMHCIEn,0,membraneMarker,0,cMHCIEn,0,R-TfEn,1.16E-05,pepMHCIEn,0,REn,0.002882223,imCxEn,0
endosome1590X,initSolubleContent,ovaEn,0,protonEn,23.29479817,TfaEn,0.006966255,solubleMarker,0,mvb,0,FeEn,5.96E-06,TfEn,6.62E-08,pepEn,0,,
endosome1591E,initOrgProp,area,7539.822369,volume,50265.48246,xcoor,27.88197411,ycoor,17.69762908,zcoor,4,,,,,,,,
endosome1591E,initRabContent,RabD,7539.822369,,,,,,,,,,,,,,,,
endosome1591E,initMembraneContent,exCxEn,0,R-TfaEn,0.025231337,oMHCIEn,0,membraneMarker,0,cMHCIEn,0,R-TfEn,8.67E-12,pepMHCIEn,0,REn,5.35E-04,imCxEn,0
endosome1591E,initSolubleContent,ovaEn,0,protonEn,869.2510412,TfaEn,0.004086096,solubleMarker,0,mvb,0,FeEn,1.26E-11,TfEn,5.73E-07,pepEn,0,,
endosome1592M,initOrgProp,area,22800.95742,volume,194344.5933,xcoor,25.6877266,ycoor,25.39564258,zcoor,4,,,,,,,,
endosome1592M,initRabContent,RabI,22800.95742,,,,,,,,,,,,,,,,
endosome1592M,initMembraneContent,exCxEn,0,R-TfaEn,0.004966436,oMHCIEn,0,membraneMarker,0,cMHCIEn,0,R-TfEn,1.40E-05,pepMHCIEn,0,REn,0.003484488,imCxEn,0
endosome1592M,initSolubleContent,ovaEn,0,protonEn,27.81965115,TfaEn,0.008421806,solubleMarker,0,mvb,0,FeEn,7.04E-06,TfEn,8.00E-08,pepEn,0,,
endosome1593c,initOrgProp,area,22800.95742,volume,194344.5933,xcoor,25.52496282,ycoor,25.60020565,zcoor,4,,,,,,,,
endosome1593c,initRabContent,RabI,22800.95742,,,,,,,,,,,,,,,,
endosome1593c,initMembraneContent,exCxEn,0,R-TfaEn,0.004966436,oMHCIEn,0,membraneMarker,0,cMHCIEn,0,R-TfEn,1.40E-05,pepMHCIEn,0,REn,0.003484488,imCxEn,0
endosome1593c,initSolubleContent,ovaEn,0,protonEn,27.81965115,TfaEn,0.008421806,solubleMarker,0,mvb,0,FeEn,7.04E-06,TfEn,8.00E-08,pepEn,0,,
endosome1594F,initOrgProp,area,19792.03372,volume,201061.9298,xcoor,24.00303472,ycoor,24.51510669,zcoor,4,,,,,,,,
endosome1594F,initRabContent,RabI,19792.03372,,,,,,,,,,,,,,,,
endosome1594F,initMembraneContent,exCxEn,0,R-TfaEn,0.002976326,oMHCIEn,0,membraneMarker,0,cMHCIEn,0,R-TfEn,9.24E-06,pepMHCIEn,0,REn,0.002490669,imCxEn,0
endosome1594F,initSolubleContent,ovaEn,0,protonEn,21.97003707,TfaEn,0.002310865,solubleMarker,0,mvb,0,FeEn,3.01E-06,TfEn,3.39E-08,pepEn,0,,
endosome1595Q,initOrgProp,area,22800.95742,volume,194344.5933,xcoor,25.72167578,ycoor,25.3505207,zcoor,4,,,,,,,,
endosome1595Q,initRabContent,RabI,22800.95742,,,,,,,,,,,,,,,,
endosome1595Q,initMembraneContent,exCxEn,0,R-TfaEn,0.004966459,oMHCIEn,0,membraneMarker,0,cMHCIEn,0,R-TfEn,1.41E-05,pepMHCIEn,0,REn,0.00348442,imCxEn,0
endosome1595Q,initSolubleContent,ovaEn,0,protonEn,28.16189198,TfaEn,0.008421748,solubleMarker,0,mvb,0,FeEn,7.21E-06,TfEn,8.00E-08,pepEn,0,,
endosome1596d,initOrgProp,area,7539.822369,volume,50265.48246,xcoor,27.96818488,ycoor,18.32409585,zcoor,4,,,,,,,,
endosome1596d,initRabContent,RabD,7539.822369,,,,,,,,,,,,,,,,
endosome1596d,initMembraneContent,exCxEn,0,R-TfaEn,0.025231337,oMHCIEn,0,membraneMarker,0,cMHCIEn,0,R-TfEn,8.91E-12,pepMHCIEn,0,REn,5.35E-04,imCxEn,0
endosome1596d,initSolubleContent,ovaEn,0,protonEn,866.2150061,TfaEn,0.004086096,solubleMarker,0,mvb,0,FeEn,1.81E-11,TfEn,5.73E-07,pepEn,0,,
endosome1597b,initOrgProp,area,18860.36995,volume,160756.8866,xcoor,26.39767525,ycoor,25.06004091,zcoor,4,,,,,,,,
endosome1597b,initRabContent,RabI,18860.36995,,,,,,,,,,,,,,,,
endosome1597b,initMembraneContent,exCxEn,0,R-TfaEn,0.004108128,oMHCIEn,0,membraneMarker,0,cMHCIEn,0,R-TfEn,1.16E-05,pepMHCIEn,0,REn,0.002882223,imCxEn,0
endosome1597b,initSolubleContent,ovaEn,0,protonEn,23.29479817,TfaEn,0.006966255,solubleMarker,0,mvb,0,FeEn,5.96E-06,TfEn,6.62E-08,pepEn,0,,
endosome1598m,initOrgProp,area,19792.03372,volume,201061.9298,xcoor,23.93653404,ycoor,24.54623083,zcoor,4,,,,,,,,
endosome1598m,initRabContent,RabI,19792.03372,,,,,,,,,,,,,,,,
endosome1598m,initMembraneContent,exCxEn,0,R-TfaEn,0.002976326,oMHCIEn,0,membraneMarker,0,cMHCIEn,0,R-TfEn,9.24E-06,pepMHCIEn,0,REn,0.002490669,imCxEn,0
endosome1598m,initSolubleContent,ovaEn,0,protonEn,21.97003707,TfaEn,0.002310865,solubleMarker,0,mvb,0,FeEn,3.01E-06,TfEn,3.39E-08,pepEn,0,,
endosome1599x,initOrgProp,area,18860.36995,volume,160756.8866,xcoor,26.20285308,ycoor,25.01958573,zcoor,4,,,,,,,,
endosome1599x,initRabContent,RabI,18860.36995,,,,,,,,,,,,,,,,
endosome1599x,initMembraneContent,exCxEn,0,R-TfaEn,0.004108128,oMHCIEn,0,membraneMarker,0,cMHCIEn,0,R-TfEn,1.16E-05,pepMHCIEn,0,REn,0.002882223,imCxEn,0
endosome1599x,initSolubleContent,ovaEn,0,protonEn,23.29479817,TfaEn,0.006966255,solubleMarker,0,mvb,0,FeEn,5.96E-06,TfEn,6.62E-08,pepEn,0,,
endosome1600q,initOrgProp,area,16964.60033,volume,125663.7061,xcoor,24.65796265,ycoor,20.7212254,zcoor,4,,,,,,,,
endosome1600q,initRabContent,RabD,16964.60033,,,,,,,,,,,,,,,,
endosome1600q,initMembraneContent,exCxEn,0,R-TfaEn,1.19E-04,oMHCIEn,0,membraneMarker,0,cMHCIEn,0,R-TfEn,5.19E-18,pepMHCIEn,0,REn,0.018613899,imCxEn,0
endosome1600q,initSolubleContent,ovaEn,0,protonEn,2345.927765,TfaEn,0.002633974,solubleMarker,0,mvb,0,FeEn,4.07E-19,TfEn,2.93E-09,pepEn,0,,
endosome1601Q,initOrgProp,area,7539.822369,volume,50265.48246,xcoor,27.93848405,ycoor,18.34894911,zcoor,4,,,,,,,,
endosome1601Q,initRabContent,RabD,7539.822369,,,,,,,,,,,,,,,,
endosome1601Q,initMembraneContent,exCxEn,0,R-TfaEn,0.025231337,oMHCIEn,0,membraneMarker,0,cMHCIEn,0,R-TfEn,8.91E-12,pepMHCIEn,0,REn,5.35E-04,imCxEn,0
endosome1601Q,initSolubleContent,ovaEn,0,protonEn,866.2150061,TfaEn,0.004086096,solubleMarker,0,mvb,0,FeEn,1.81E-11,TfEn,5.73E-07,pepEn,0,,
endosome1602t,initOrgProp,area,19792.03372,volume,201061.9298,xcoor,23.86023061,ycoor,24.29632134,zcoor,4,,,,,,,,
endosome1602t,initRabContent,RabI,19792.03372,,,,,,,,,,,,,,,,
endosome1602t,initMembraneContent,exCxEn,0,R-TfaEn,0.002976326,oMHCIEn,0,membraneMarker,0,cMHCIEn,0,R-TfEn,9.24E-06,pepMHCIEn,0,REn,0.002490669,imCxEn,0
endosome1602t,initSolubleContent,ovaEn,0,protonEn,21.97003707,TfaEn,0.002310865,solubleMarker,0,mvb,0,FeEn,3.01E-06,TfEn,3.39E-08,pepEn,0,,
endosome1603q,initOrgProp,area,19792.03372,volume,201061.9298,xcoor,24.14350144,ycoor,24.21991032,zcoor,4,,,,,,,,
endosome1603q,initRabContent,RabI,19792.03372,,,,,,,,,,,,,,,,
endosome1603q,initMembraneContent,exCxEn,0,R-TfaEn,0.002976326,oMHCIEn,0,membraneMarker,0,cMHCIEn,0,R-TfEn,9.24E-06,pepMHCIEn,0,REn,0.002490669,imCxEn,0
endosome1603q,initSolubleContent,ovaEn,0,protonEn,21.97003707,TfaEn,0.002310865,solubleMarker,0,mvb,0,FeEn,3.01E-06,TfEn,3.39E-08,pepEn,0,,
endosome1604v,initOrgProp,area,19792.03372,volume,201061.9298,xcoor,23.9025211,ycoor,24.62375107,zcoor,4,,,,,,,,
endosome1604v,initRabContent,RabI,19792.03372,,,,,,,,,,,,,,,,
endosome1604v,initMembraneContent,exCxEn,0,R-TfaEn,0.002976326,oMHCIEn,0,membraneMarker,0,cMHCIEn,0,R-TfEn,9.24E-06,pepMHCIEn,0,REn,0.002490669,imCxEn,0
endosome1604v,initSolubleContent,ovaEn,0,protonEn,21.97003707,TfaEn,0.002310865,solubleMarker,0,mvb,0,FeEn,3.01E-06,TfEn,3.39E-08,pepEn,0,,
endosome1605l,initOrgProp,area,7539.822369,volume,50265.48246,xcoor,23.93434535,ycoor,24.34884761,zcoor,4,,,,,,,,
endosome1605l,initRabContent,RabI,7539.822369,,,,,,,,,,,,,,,,
endosome1605l,initMembraneContent,exCxEn,0,R-TfaEn,0.001133838,oMHCIEn,0,membraneMarker,0,cMHCIEn,0,R-TfEn,3.52E-06,pepMHCIEn,0,REn,9.49E-04,imCxEn,0
endosome1605l,initSolubleContent,ovaEn,0,protonEn,5.492509268,TfaEn,5.78E-04,solubleMarker,0,mvb,0,FeEn,7.53E-07,TfEn,8.49E-09,pepEn,0,,
endosome1606b,initOrgProp,area,7539.822369,volume,50265.48246,xcoor,24.05587645,ycoor,24.5080997,zcoor,4,,,,,,,,
endosome1606b,initRabContent,RabI,7539.822369,,,,,,,,,,,,,,,,
endosome1606b,initMembraneContent,exCxEn,0,R-TfaEn,0.001133838,oMHCIEn,0,membraneMarker,0,cMHCIEn,0,R-TfEn,3.52E-06,pepMHCIEn,0,REn,9.49E-04,imCxEn,0
endosome1606b,initSolubleContent,ovaEn,0,protonEn,5.492509268,TfaEn,5.78E-04,solubleMarker,0,mvb,0,FeEn,7.53E-07,TfEn,8.49E-09,pepEn,0,,
endosome1607L,initOrgProp,area,19792.03372,volume,201061.9298,xcoor,24.13082783,ycoor,24.27783065,zcoor,4,,,,,,,,
endosome1607L,initRabContent,RabI,19792.03372,,,,,,,,,,,,,,,,
endosome1607L,initMembraneContent,exCxEn,0,R-TfaEn,0.002976326,oMHCIEn,0,membraneMarker,0,cMHCIEn,0,R-TfEn,9.24E-06,pepMHCIEn,0,REn,0.002490669,imCxEn,0
endosome1607L,initSolubleContent,ovaEn,0,protonEn,21.97003707,TfaEn,0.002310865,solubleMarker,0,mvb,0,FeEn,3.01E-06,TfEn,3.39E-08,pepEn,0,,
endosome1608p,initOrgProp,area,7539.822369,volume,50265.48246,xcoor,24.96260479,ycoor,16.46936229,zcoor,4,,,,,,,,
endosome1608p,initRabContent,RabF,7539.822369,,,,,,,,,,,,,,,,
endosome1608p,initMembraneContent,exCxEn,0,R-TfaEn,0.006449609,oMHCIEn,0,membraneMarker,0,cMHCIEn,0,R-TfEn,3.55E-10,pepMHCIEn,0,REn,9.53E-04,imCxEn,0
endosome1608p,initSolubleContent,ovaEn,0,protonEn,767.6494215,TfaEn,0.004428128,solubleMarker,0,mvb,0,FeEn,1.33E-10,TfEn,3.18E-07,pepEn,0,,
endosome1609q,initOrgProp,area,7539.822369,volume,50265.48246,xcoor,23.76921245,ycoor,24.16089759,zcoor,4,,,,,,,,
endosome1609q,initRabContent,RabI,7539.822369,,,,,,,,,,,,,,,,
endosome1609q,initMembraneContent,exCxEn,0,R-TfaEn,0.001133838,oMHCIEn,0,membraneMarker,0,cMHCIEn,0,R-TfEn,3.52E-06,pepMHCIEn,0,REn,9.49E-04,imCxEn,0
endosome1609q,initSolubleContent,ovaEn,0,protonEn,5.492509268,TfaEn,5.78E-04,solubleMarker,0,mvb,0,FeEn,7.53E-07,TfEn,8.49E-09,pepEn,0,,
endosome1610g,initOrgProp,area,7539.822369,volume,50265.48246,xcoor,23.86464384,ycoor,24.64716517,zcoor,4,,,,,,,,
endosome1610g,initRabContent,RabI,7539.822369,,,,,,,,,,,,,,,,
endosome1610g,initMembraneContent,exCxEn,0,R-TfaEn,0.001133838,oMHCIEn,0,membraneMarker,0,cMHCIEn,0,R-TfEn,3.52E-06,pepMHCIEn,0,REn,9.49E-04,imCxEn,0
endosome1610g,initSolubleContent,ovaEn,0,protonEn,5.492509268,TfaEn,5.78E-04,solubleMarker,0,mvb,0,FeEn,7.53E-07,TfEn,8.49E-09,pepEn,0,,
endosome1611Y,initOrgProp,area,7539.822369,volume,50265.48246,xcoor,24.30566883,ycoor,24.15154406,zcoor,4,,,,,,,,
endosome1611Y,initRabContent,RabI,7539.822369,,,,,,,,,,,,,,,,
endosome1611Y,initMembraneContent,exCxEn,0,R-TfaEn,0.001133838,oMHCIEn,0,membraneMarker,0,cMHCIEn,0,R-TfEn,3.52E-06,pepMHCIEn,0,REn,9.49E-04,imCxEn,0
endosome1611Y,initSolubleContent,ovaEn,0,protonEn,5.492509268,TfaEn,5.78E-04,solubleMarker,0,mvb,0,FeEn,7.53E-07,TfEn,8.49E-09,pepEn,0,,
endosome1612k,initOrgProp,area,19792.03372,volume,201061.9298,xcoor,24.33676632,ycoor,24.0368086,zcoor,4,,,,,,,,
endosome1612k,initRabContent,RabI,19792.03372,,,,,,,,,,,,,,,,
endosome1612k,initMembraneContent,exCxEn,0,R-TfaEn,0.002976326,oMHCIEn,0,membraneMarker,0,cMHCIEn,0,R-TfEn,9.24E-06,pepMHCIEn,0,REn,0.002490669,imCxEn,0
endosome1612k,initSolubleContent,ovaEn,0,protonEn,21.97003707,TfaEn,0.002310865,solubleMarker,0,mvb,0,FeEn,3.01E-06,TfEn,3.39E-08,pepEn,0,,
endosome1613K,initOrgProp,area,17585.45887,volume,153196.4867,xcoor,43.90118574,ycoor,0.497743336,zcoor,4,,,,,,,,
endosome1613K,initRabContent,RabA,17585.45887,,,,,,,,,,,,,,,,
endosome1613K,initMembraneContent,exCxEn,0,R-TfaEn,9.10E-05,oMHCIEn,0,membraneMarker,0,cMHCIEn,0,R-TfEn,8.17E-07,pepMHCIEn,0,REn,2.55E-06,imCxEn,0
endosome1613K,initSolubleContent,ovaEn,0,protonEn,50.62607698,TfaEn,0.031739401,solubleMarker,0,mvb,0,FeEn,5.28E-06,TfEn,4.68E-06,pepEn,0,,
endosome1614G,initOrgProp,area,7539.822369,volume,50265.48246,xcoor,24.96133063,ycoor,16.51190849,zcoor,4,,,,,,,,
endosome1614G,initRabContent,RabD,7539.822369,,,,,,,,,,,,,,,,
endosome1614G,initMembraneContent,exCxEn,0,R-TfaEn,0.006449602,oMHCIEn,0,membraneMarker,0,cMHCIEn,0,R-TfEn,3.55E-10,pepMHCIEn,0,REn,9.53E-04,imCxEn,0
endosome1614G,initSolubleContent,ovaEn,0,protonEn,767.6494215,TfaEn,0.004428128,solubleMarker,0,mvb,0,FeEn,1.33E-10,TfEn,3.18E-07,pepEn,0,,
endosome1615S,initOrgProp,area,7539.822369,volume,50265.48246,xcoor,15.50215395,ycoor,2.364426612,zcoor,4,,,,,,,,
endosome1615S,initRabContent,RabB,7539.822369,,,,,,,,,,,,,,,,
endosome1615S,initMembraneContent,exCxEn,0,R-TfaEn,14.02520058,oMHCIEn,0,membraneMarker,0,cMHCIEn,0,R-TfEn,0.120508981,pepMHCIEn,0,REn,0.429499949,imCxEn,0
endosome1615S,initSolubleContent,ovaEn,0,protonEn,35.46667097,TfaEn,0.017014916,solubleMarker,0,mvb,0,FeEn,2.00E-04,TfEn,1.98E-06,pepEn,0,,
endosome1616y,initOrgProp,area,12566.37061,volume,100530.9649,xcoor,0.4600791,ycoor,44.12138973,zcoor,4,,,,,,,,
endosome1616y,initRabContent,RabA,12566.37061,,,,,,,,,,,,,,,,
endosome1616y,initMembraneContent,exCxEn,0,R-TfaEn,0.096044017,oMHCIEn,0,membraneMarker,0,cMHCIEn,0,R-TfEn,0.53310691,pepMHCIEn,0,REn,0.003766606,imCxEn,0
endosome1616y,initSolubleContent,ovaEn,0,protonEn,26.23536485,TfaEn,0.011009649,solubleMarker,0,mvb,0,FeEn,3.47E-05,TfEn,3.85E-06,pepEn,0,,
endosome1617b,initOrgProp,area,7539.822369,volume,50265.48246,xcoor,27.95949636,ycoor,18.35017574,zcoor,4,,,,,,,,
endosome1617b,initRabContent,RabD,7539.822369,,,,,,,,,,,,,,,,
endosome1617b,initMembraneContent,exCxEn,0,R-TfaEn,0.025231337,oMHCIEn,0,membraneMarker,0,cMHCIEn,0,R-TfEn,8.91E-12,pepMHCIEn,0,REn,5.35E-04,imCxEn,0
endosome1617b,initSolubleContent,ovaEn,0,protonEn,866.2150061,TfaEn,0.004086096,solubleMarker,0,mvb,0,FeEn,1.81E-11,TfEn,5.73E-07,pepEn,0,,
endosome1618x,initOrgProp,area,13823.00768,volume,125663.7061,xcoor,15.51526668,ycoor,2.401061119,zcoor,4,,,,,,,,
endosome1618x,initRabContent,RabA,13823.00768,,,,,,,,,,,,,,,,
endosome1618x,initMembraneContent,exCxEn,0,R-TfaEn,0.025687157,oMHCIEn,0,membraneMarker,0,cMHCIEn,0,R-TfEn,2.21E-04,pepMHCIEn,0,REn,7.87E-04,imCxEn,0
endosome1618x,initSolubleContent,ovaEn,0,protonEn,88.66667743,TfaEn,0.04253729,solubleMarker,0,mvb,0,FeEn,5.00E-04,TfEn,4.96E-06,pepEn,0,,
endosome1619h,initOrgProp,area,7539.822369,volume,50265.48246,xcoor,24.13960629,ycoor,24.65771435,zcoor,4,,,,,,,,
endosome1619h,initRabContent,RabI,7539.822369,,,,,,,,,,,,,,,,
endosome1619h,initMembraneContent,exCxEn,0,R-TfaEn,0.001133838,oMHCIEn,0,membraneMarker,0,cMHCIEn,0,R-TfEn,3.52E-06,pepMHCIEn,0,REn,9.49E-04,imCxEn,0
endosome1619h,initSolubleContent,ovaEn,0,protonEn,5.492509268,TfaEn,5.78E-04,solubleMarker,0,mvb,0,FeEn,7.53E-07,TfEn,8.49E-09,pepEn,0,,
endosome1620C,initOrgProp,area,7539.822369,volume,50265.48246,xcoor,24.29219987,ycoor,24.08209209,zcoor,4,,,,,,,,
endosome1620C,initRabContent,RabI,7539.822369,,,,,,,,,,,,,,,,
endosome1620C,initMembraneContent,exCxEn,0,R-TfaEn,0.001133838,oMHCIEn,0,membraneMarker,0,cMHCIEn,0,R-TfEn,3.52E-06,pepMHCIEn,0,REn,9.49E-04,imCxEn,0
endosome1620C,initSolubleContent,ovaEn,0,protonEn,5.492509268,TfaEn,5.78E-04,solubleMarker,0,mvb,0,FeEn,7.53E-07,TfEn,8.49E-09,pepEn,0,,
endosome1621R,initOrgProp,area,7539.822369,volume,50265.48246,xcoor,24.94987672,ycoor,16.5221483,zcoor,4,,,,,,,,
endosome1621R,initRabContent,RabD,7539.822369,,,,,,,,,,,,,,,,
endosome1621R,initMembraneContent,exCxEn,0,R-TfaEn,0.006449594,oMHCIEn,0,membraneMarker,0,cMHCIEn,0,R-TfEn,3.55E-10,pepMHCIEn,0,REn,9.53E-04,imCxEn,0
endosome1621R,initSolubleContent,ovaEn,0,protonEn,767.6494215,TfaEn,0.004428128,solubleMarker,0,mvb,0,FeEn,1.33E-10,TfEn,3.18E-07,pepEn,0,,
endosome1622J,initOrgProp,area,13823.00768,volume,125663.7061,xcoor,15.41114618,ycoor,2.580140878,zcoor,4,,,,,,,,
endosome1622J,initRabContent,RabA,13823.00768,,,,,,,,,,,,,,,,
endosome1622J,initMembraneContent,exCxEn,0,R-TfaEn,0.025687157,oMHCIEn,0,membraneMarker,0,cMHCIEn,0,R-TfEn,2.21E-04,pepMHCIEn,0,REn,7.87E-04,imCxEn,0
endosome1622J,initSolubleContent,ovaEn,0,protonEn,88.66667743,TfaEn,0.04253729,solubleMarker,0,mvb,0,FeEn,5.00E-04,TfEn,4.96E-06,pepEn,0,,
endosome1623v,initOrgProp,area,7539.822369,volume,50265.48246,xcoor,27.94020495,ycoor,18.33076279,zcoor,4,,,,,,,,
endosome1623v,initRabContent,RabD,7539.822369,,,,,,,,,,,,,,,,
endosome1623v,initMembraneContent,exCxEn,0,R-TfaEn,0.025231337,oMHCIEn,0,membraneMarker,0,cMHCIEn,0,R-TfEn,8.91E-12,pepMHCIEn,0,REn,5.35E-04,imCxEn,0
endosome1623v,initSolubleContent,ovaEn,0,protonEn,866.2150061,TfaEn,0.004086096,solubleMarker,0,mvb,0,FeEn,1.81E-11,TfEn,5.73E-07,pepEn,0,,
endosome1624Q,initOrgProp,area,7539.822369,volume,50265.48246,xcoor,24.52389488,ycoor,23.93596104,zcoor,4,,,,,,,,
endosome1624Q,initRabContent,RabI,7539.822369,,,,,,,,,,,,,,,,
endosome1624Q,initMembraneContent,exCxEn,0,R-TfaEn,0.001133838,oMHCIEn,0,membraneMarker,0,cMHCIEn,0,R-TfEn,3.52E-06,pepMHCIEn,0,REn,9.49E-04,imCxEn,0
endosome1624Q,initSolubleContent,ovaEn,0,protonEn,5.492509268,TfaEn,5.78E-04,solubleMarker,0,mvb,0,FeEn,7.53E-07,TfEn,8.49E-09,pepEn,0,,
endosome1625D,initOrgProp,area,7539.822369,volume,50265.48246,xcoor,24.94905575,ycoor,16.52242623,zcoor,4,,,,,,,,
endosome1625D,initRabContent,RabD,7539.822369,,,,,,,,,,,,,,,,
endosome1625D,initMembraneContent,exCxEn,0,R-TfaEn,0.006449602,oMHCIEn,0,membraneMarker,0,cMHCIEn,0,R-TfEn,3.55E-10,pepMHCIEn,0,REn,9.53E-04,imCxEn,0
endosome1625D,initSolubleContent,ovaEn,0,protonEn,767.6494215,TfaEn,0.004428128,solubleMarker,0,mvb,0,FeEn,1.33E-10,TfEn,3.18E-07,pepEn,0,,
endosome1626X,initOrgProp,area,16964.60033,volume,125663.7061,xcoor,24.54528304,ycoor,20.56445896,zcoor,4,,,,,,,,
endosome1626X,initRabContent,RabD,16964.60033,,,,,,,,,,,,,,,,
endosome1626X,initMembraneContent,exCxEn,0,R-TfaEn,1.19E-04,oMHCIEn,0,membraneMarker,0,cMHCIEn,0,R-TfEn,5.19E-18,pepMHCIEn,0,REn,0.018613899,imCxEn,0
endosome1626X,initSolubleContent,ovaEn,0,protonEn,2345.927765,TfaEn,0.002633974,solubleMarker,0,mvb,0,FeEn,4.07E-19,TfEn,2.93E-09,pepEn,0,,
endosome1627X,initOrgProp,area,7539.822369,volume,50265.48246,xcoor,27.93999268,ycoor,18.34977451,zcoor,4,,,,,,,,
endosome1627X,initRabContent,RabD,7539.822369,,,,,,,,,,,,,,,,
endosome1627X,initMembraneContent,exCxEn,0,R-TfaEn,0.025231337,oMHCIEn,0,membraneMarker,0,cMHCIEn,0,R-TfEn,8.91E-12,pepMHCIEn,0,REn,5.35E-04,imCxEn,0
endosome1627X,initSolubleContent,ovaEn,0,protonEn,866.2150061,TfaEn,0.004086096,solubleMarker,0,mvb,0,FeEn,1.81E-11,TfEn,5.73E-07,pepEn,0,,
endosome1628f,initOrgProp,area,7539.822369,volume,50265.48246,xcoor,25,ycoor,29.26580002,zcoor,4,,,,,,,,
endosome1628f,initRabContent,RabG,7539.822369,,,,,,,,,,,,,,,,
endosome1628f,initMembraneContent,exCxEn,0,R-TfaEn,0.002527846,oMHCIEn,0,membraneMarker,0,cMHCIEn,0,R-TfEn,1.08E-05,pepMHCIEn,0,REn,0.002497883,imCxEn,0
endosome1628f,initSolubleContent,ovaEn,0,protonEn,5.038662227,TfaEn,0.001216656,solubleMarker,0,mvb,0,FeEn,8.59E-06,TfEn,1.42E-08,pepEn,0,,
endosome1629o,initOrgProp,area,7539.822369,volume,50265.48246,xcoor,24.94823133,ycoor,16.52270533,zcoor,4,,,,,,,,
endosome1629o,initRabContent,RabD,7539.822369,,,,,,,,,,,,,,,,
endosome1629o,initMembraneContent,exCxEn,0,R-TfaEn,0.006449602,oMHCIEn,0,membraneMarker,0,cMHCIEn,0,R-TfEn,3.55E-10,pepMHCIEn,0,REn,9.53E-04,imCxEn,0
endosome1629o,initSolubleContent,ovaEn,0,protonEn,767.6494215,TfaEn,0.004428128,solubleMarker,0,mvb,0,FeEn,1.33E-10,TfEn,3.18E-07,pepEn,0,,
endosome1630K,initOrgProp,area,16336.2818,volume,150796.4474,xcoor,21.88144069,ycoor,42.17873121,zcoor,4,,,,,,,,
endosome1630K,initRabContent,RabI,16336.2818,,,,,,,,,,,,,,,,
endosome1630K,initMembraneContent,exCxEn,0,R-TfaEn,1.12E-07,oMHCIEn,0,membraneMarker,0,cMHCIEn,0,R-TfEn,2.17E-09,pepMHCIEn,0,REn,1.06E-05,imCxEn,0
endosome1630K,initSolubleContent,ovaEn,0,protonEn,15.06031263,TfaEn,2.63E-06,solubleMarker,0,mvb,0,FeEn,9.73E-09,TfEn,3.46E-11,pepEn,0,,
endosome1631R,initOrgProp,area,7539.822369,volume,50265.48246,xcoor,27.93943123,ycoor,18.34946733,zcoor,4,,,,,,,,
endosome1631R,initRabContent,RabD,7539.822369,,,,,,,,,,,,,,,,
endosome1631R,initMembraneContent,exCxEn,0,R-TfaEn,0.025231337,oMHCIEn,0,membraneMarker,0,cMHCIEn,0,R-TfEn,8.91E-12,pepMHCIEn,0,REn,5.35E-04,imCxEn,0
endosome1631R,initSolubleContent,ovaEn,0,protonEn,866.2150061,TfaEn,0.004086096,solubleMarker,0,mvb,0,FeEn,1.81E-11,TfEn,5.73E-07,pepEn,0,,
endosome1632G,initOrgProp,area,12566.37061,volume,100530.9649,xcoor,4.745748228,ycoor,49.37687345,zcoor,4,,,,,,,,
endosome1632G,initRabContent,RabA,12566.37061,,,,,,,,,,,,,,,,
endosome1632G,initMembraneContent,exCxEn,0,R-TfaEn,1.907864086,oMHCIEn,0,membraneMarker,0,cMHCIEn,0,R-TfEn,0.952914167,pepMHCIEn,0,REn,0.026362109,imCxEn,0
endosome1632G,initSolubleContent,ovaEn,0,protonEn,31.08668763,TfaEn,0.010851513,solubleMarker,0,mvb,0,FeEn,0.039577231,TfEn,4.19E-06,pepEn,0,,
endosome1633i,initOrgProp,area,23876.10417,volume,226194.6711,xcoor,19.2503109,ycoor,22.17151705,zcoor,4,,,,,,,,
endosome1633i,initRabContent,RabI,23876.10417,,,,,,,,,,,,,,,,
endosome1633i,initMembraneContent,exCxEn,0,R-TfaEn,1.64E-07,oMHCIEn,0,membraneMarker,0,cMHCIEn,0,R-TfEn,3.16E-09,pepMHCIEn,0,REn,1.55E-05,imCxEn,0
endosome1633i,initSolubleContent,ovaEn,0,protonEn,22.56597207,TfaEn,4.09E-06,solubleMarker,0,mvb,0,FeEn,1.50E-08,TfEn,5.33E-11,pepEn,0,,
endosome1634s,initOrgProp,area,16336.2818,volume,150796.4474,xcoor,49.0940703,ycoor,10.7980452,zcoor,4,,,,,,,,
endosome1634s,initRabContent,RabA,16336.2818,,,,,,,,,,,,,,,,
endosome1634s,initMembraneContent,exCxEn,0,R-TfaEn,0.045570385,oMHCIEn,0,membraneMarker,0,cMHCIEn,0,R-TfEn,0.004221099,pepMHCIEn,0,REn,3.60E-04,imCxEn,0
endosome1634s,initSolubleContent,ovaEn,0,protonEn,48.27929218,TfaEn,0.015217171,solubleMarker,0,mvb,0,FeEn,0.027536939,TfEn,6.10E-06,pepEn,0,,
endosome1635O,initOrgProp,area,7539.822369,volume,50265.48246,xcoor,27.94906499,ycoor,18.36285628,zcoor,4,,,,,,,,
endosome1635O,initRabContent,RabD,7539.822369,,,,,,,,,,,,,,,,
endosome1635O,initMembraneContent,exCxEn,0,R-TfaEn,0.025231337,oMHCIEn,0,membraneMarker,0,cMHCIEn,0,R-TfEn,8.91E-12,pepMHCIEn,0,REn,5.35E-04,imCxEn,0
endosome1635O,initSolubleContent,ovaEn,0,protonEn,866.2150061,TfaEn,0.004086096,solubleMarker,0,mvb,0,FeEn,1.81E-11,TfEn,5.73E-07,pepEn,0,,
endosome1636j,initOrgProp,area,15707.96327,volume,138230.0768,xcoor,2.827093751,ycoor,4.029504228,zcoor,4,,,,,,,,
endosome1636j,initRabContent,RabA,15707.96327,,,,,,,,,,,,,,,,
endosome1636j,initMembraneContent,exCxEn,0,R-TfaEn,1.582734379,oMHCIEn,0,membraneMarker,0,cMHCIEn,0,R-TfEn,0.052290867,pepMHCIEn,0,REn,0.012146905,imCxEn,0
endosome1636j,initSolubleContent,ovaEn,0,protonEn,48.17608458,TfaEn,0.017878263,solubleMarker,0,mvb,0,FeEn,0.004106097,TfEn,5.26E-06,pepEn,0,,
endosome1637p,initOrgProp,area,23876.10417,volume,226194.6711,xcoor,19.50136944,ycoor,22.193096,zcoor,4,,,,,,,,
endosome1637p,initRabContent,RabI,23876.10417,,,,,,,,,,,,,,,,
endosome1637p,initMembraneContent,exCxEn,0,R-TfaEn,1.64E-07,oMHCIEn,0,membraneMarker,0,cMHCIEn,0,R-TfEn,3.16E-09,pepMHCIEn,0,REn,1.55E-05,imCxEn,0
endosome1637p,initSolubleContent,ovaEn,0,protonEn,22.56597207,TfaEn,4.09E-06,solubleMarker,0,mvb,0,FeEn,1.50E-08,TfEn,5.33E-11,pepEn,0,,
endosome1638g,initOrgProp,area,12566.37061,volume,100530.9649,xcoor,49.3277717,ycoor,11.03652269,zcoor,4,,,,,,,,
endosome1638g,initRabContent,RabA,12566.37061,,,,,,,,,,,,,,,,
endosome1638g,initMembraneContent,exCxEn,0,R-TfaEn,0.035054142,oMHCIEn,0,membraneMarker,0,cMHCIEn,0,R-TfEn,0.003246999,pepMHCIEn,0,REn,2.77E-04,imCxEn,0
endosome1638g,initSolubleContent,ovaEn,0,protonEn,32.18619479,TfaEn,0.010144781,solubleMarker,0,mvb,0,FeEn,0.01835796,TfEn,4.07E-06,pepEn,0,,
endosome1639D,initOrgProp,area,7539.822369,volume,50265.48246,xcoor,25,ycoor,28.61732638,zcoor,4,,,,,,,,
endosome1639D,initRabContent,RabI,7539.822369,,,,,,,,,,,,,,,,
endosome1639D,initMembraneContent,exCxEn,0,R-TfaEn,0.002158365,oMHCIEn,0,membraneMarker,0,cMHCIEn,0,R-TfEn,8.93E-06,pepMHCIEn,0,REn,0.00176787,imCxEn,0
endosome1639D,initSolubleContent,ovaEn,0,protonEn,5.190665046,TfaEn,9.42E-04,solubleMarker,0,mvb,0,FeEn,5.33E-06,TfEn,1.16E-08,pepEn,0,,
endosome1640R,initOrgProp,area,7539.822369,volume,50265.48246,xcoor,27.7379433,ycoor,18.55791331,zcoor,4,,,,,,,,
endosome1640R,initRabContent,RabD,7539.822369,,,,,,,,,,,,,,,,
endosome1640R,initMembraneContent,exCxEn,0,R-TfaEn,0.025231337,oMHCIEn,0,membraneMarker,0,cMHCIEn,0,R-TfEn,8.91E-12,pepMHCIEn,0,REn,5.35E-04,imCxEn,0
endosome1640R,initSolubleContent,ovaEn,0,protonEn,866.2150061,TfaEn,0.004086096,solubleMarker,0,mvb,0,FeEn,1.81E-11,TfEn,5.73E-07,pepEn,0,,
endosome1641m,initOrgProp,area,21362.83004,volume,201061.9298,xcoor,24.99928653,ycoor,28.54263217,zcoor,4,,,,,,,,
endosome1641m,initRabContent,RabI,21362.83004,,,,,,,,,,,,,,,,
endosome1641m,initMembraneContent,exCxEn,0,R-TfaEn,0.006115366,oMHCIEn,0,membraneMarker,0,cMHCIEn,0,R-TfEn,2.53E-05,pepMHCIEn,0,REn,0.005008964,imCxEn,0
endosome1641m,initSolubleContent,ovaEn,0,protonEn,20.76266018,TfaEn,0.003767679,solubleMarker,0,mvb,0,FeEn,2.13E-05,TfEn,4.65E-08,pepEn,0,,
endosome1642A,initOrgProp,area,16336.2818,volume,150796.4474,xcoor,48.87533929,ycoor,10.82280994,zcoor,4,,,,,,,,
endosome1642A,initRabContent,RabA,16336.2818,,,,,,,,,,,,,,,,
endosome1642A,initMembraneContent,exCxEn,0,R-TfaEn,0.045570385,oMHCIEn,0,membraneMarker,0,cMHCIEn,0,R-TfEn,0.004221099,pepMHCIEn,0,REn,3.60E-04,imCxEn,0
endosome1642A,initSolubleContent,ovaEn,0,protonEn,48.27929218,TfaEn,0.015217171,solubleMarker,0,mvb,0,FeEn,0.027536939,TfEn,6.10E-06,pepEn,0,,
endosome1643p,initOrgProp,area,7539.822369,volume,50265.48246,xcoor,27.73760988,ycoor,18.557361,zcoor,4,,,,,,,,
endosome1643p,initRabContent,RabD,7539.822369,,,,,,,,,,,,,,,,
endosome1643p,initMembraneContent,exCxEn,0,R-TfaEn,0.025231337,oMHCIEn,0,membraneMarker,0,cMHCIEn,0,R-TfEn,8.91E-12,pepMHCIEn,0,REn,5.35E-04,imCxEn,0
endosome1643p,initSolubleContent,ovaEn,0,protonEn,866.2150061,TfaEn,0.004086096,solubleMarker,0,mvb,0,FeEn,1.81E-11,TfEn,5.73E-07,pepEn,0,,
endosome1644b,initOrgProp,area,7539.822369,volume,50265.48246,xcoor,0,ycoor,0,zcoor,4,,,,,,,,
endosome1644b,initRabContent,RabD,7539.822369,,,,,,,,,,,,,,,,
endosome1644b,initMembraneContent,exCxEn,0,R-TfaEn,0.025231371,oMHCIEn,0,membraneMarker,0,cMHCIEn,0,R-TfEn,8.91E-12,pepMHCIEn,0,REn,5.35E-04,imCxEn,0
endosome1644b,initSolubleContent,ovaEn,0,protonEn,866.2150061,TfaEn,0.004086096,solubleMarker,0,mvb,0,FeEn,1.81E-11,TfEn,5.73E-07,pepEn,0,,
endosome1645q,initOrgProp,area,21362.83004,volume,201061.9298,xcoor,0,ycoor,0,zcoor,4,,,,,,,,
endosome1645q,initRabContent,RabI,21362.83004,,,,,,,,,,,,,,,,
endosome1645q,initMembraneContent,exCxEn,0,R-TfaEn,0.006115366,oMHCIEn,0,membraneMarker,0,cMHCIEn,0,R-TfEn,2.53E-05,pepMHCIEn,0,REn,0.005008964,imCxEn,0
endosome1645q,initSolubleContent,ovaEn,0,protonEn,20.76266018,TfaEn,0.003767679,solubleMarker,0,mvb,0,FeEn,2.13E-05,TfEn,4.65E-08,pepEn,0,,
plasmaMembrane,initOrgProp,area,6.00E+07,volume,2.40E+30,,,,,,,,,,,,,,
plasmaMembrane,initMembraneContent,exCxEn,0,R-TfaEn,269.5042761,oMHCIEn,0,membraneMarker,0,cMHCIEn,0,R-TfEn,1647.117351,pepMHCIEn,0,REn,0.142494823,imCxEn,0
plasmaMembrane,initSolubleContent,ovaEn,0,protonEn,9.55E+25,TfaEn,0,solubleMarker,0,mvb,0,FeEn,0,TfEn,0,pepEn,0,,
EReticulum,initOrgProp,area,6.00E+07,volume,2.40E+10,,,,,,,,,,,,,,
EReticulum,initMembraneContent,exCxEn,0,R-TfaEn,0.316656228,oMHCIEn,0,membraneMarker,0,cMHCIEn,0,R-TfEn,0.004054269,pepMHCIEn,0,REn,19.42081308,imCxEn,0
EReticulum,initSolubleContent,ovaEn,0,protonEn,18640.17545,TfaEn,0.450860956,solubleMarker,0,mvb,2.30E-22,FeEn,0.001843428,TfEn,6.57E-06,pepEn,0,,
CyCell,initOrgProp,area,9000000,volume,7.20E+09,,,,,,,,,,,,,,
CyCell,initMembraneContent,,,,,,,,,,,,,,,,,,
CyCell,initSolubleContent,pepCy,0,ovaCy,0,FeCy,2.80E-06,protonCy,1.00E-04,,,,,,,,,,
