R-TfaEn,REn,RabA,RabB,RabC,RabD,RabE,RabF,RabG,RabH,RabI,TfaEn,area,cMHCIEn,exCxEn,imCxEn,membraneMarker,mvb,oMHCIEn,ovaEn,pepEn,pepMHCIEn,protonEn,solubleMarker,volume,
3.6E-36,2.7,3199999.9999999995,0.0,0.0,0.0,0.0,0.0,0.0,0.0,0.0,0.47,3199999.9999999995,36.0,0.0,0.0,0.0,9.0,0.0042,0.0,0.0,0.0,270.0,1.0,5.0E8,
3.6E-36,2.7,3099999.9999999995,0.0,0.0,0.0,0.0,0.0,0.0,0.0,0.0,0.47,3099999.9999999995,35.0,0.0,0.0,0.0,20.0,0.0042,0.0,0.0,0.0,270.0,1.0,5.0E8,
3.5E-36,2.6,3099999.9999999995,0.0,0.0,0.0,0.0,0.0,0.0,0.0,0.0,0.47,3099999.9999999995,35.0,0.0,0.0,0.0,30.0,0.0041,0.0,0.0,0.0,270.0,1.0,5.0E8,
3.5E-36,2.6,3099999.9999999995,0.0,0.0,0.0,0.0,0.0,0.0,0.0,0.0,0.47,3099999.9999999995,35.0,0.0,0.0,0.0,30.0,0.0041,0.0,0.0,0.0,270.0,1.0,5.0E8,
3.5E-36,2.6,3099999.9999999995,0.0,0.0,0.0,0.0,0.0,0.0,0.0,0.0,0.47,3099999.9999999995,35.0,0.0,0.0,0.0,30.0,0.0041,0.0,0.0,0.0,270.0,1.0,5.0E8,
3.5E-36,2.6,3099999.9999999995,0.0,0.0,0.0,0.0,0.0,0.0,0.0,0.0,0.47,3099999.9999999995,35.0,0.0,0.0,0.0,30.0,0.0041,0.0,0.0,0.0,270.0,1.0,5.0E8,
3.5E-36,2.6,3099999.9999999995,0.0,0.0,0.0,0.0,0.0,0.0,0.0,0.0,0.47,3099999.9999999995,35.0,0.0,0.0,0.0,30.0,0.0041,0.0,0.0,0.0,270.0,1.0,5.0E8,
3.5E-36,2.6,3099999.9999999995,0.0,0.0,0.0,0.0,0.0,0.0,0.0,0.0,0.47,3099999.9999999995,35.0,0.0,0.0,0.0,30.0,0.0041,0.0,0.0,0.0,270.0,1.0,5.0E8,
3.5E-36,2.6,3099999.9999999995,0.0,0.0,0.0,0.0,0.0,0.0,0.0,0.0,0.47,3099999.9999999995,35.0,0.0,0.0,0.0,30.0,0.0041,0.0,0.0,0.0,270.0,1.0,5.0E8,
3.5E-36,2.6,3099999.9999999995,0.0,0.0,0.0,0.0,0.0,0.0,0.0,0.0,0.47,3099999.9999999995,35.0,0.0,0.0,0.0,30.0,0.0041,0.0,0.0,0.0,270.0,1.0,5.0E8,
3.5E-36,2.6,3099999.9999999995,0.0,0.0,0.0,0.0,0.0,0.0,0.0,0.0,0.47,3099999.9999999995,35.0,0.0,0.0,0.0,30.0,0.0041,0.0,0.0,0.0,270.0,1.0,5.0E8,
3.5E-36,2.6,3099999.9999999995,0.0,0.0,0.0,0.0,0.0,0.0,0.0,0.0,0.47,3099999.9999999995,35.0,0.0,0.0,0.0,30.0,0.0041,0.0,0.0,0.0,270.0,1.0,5.0E8,
3.5E-36,2.6,3099999.9999999995,0.0,0.0,0.0,0.0,0.0,0.0,0.0,0.0,0.47,3099999.9999999995,35.0,0.0,0.0,0.0,30.0,0.0041,0.0,0.0,0.0,270.0,1.0,5.0E8,
3.5E-36,2.6,3099999.9999999995,0.0,0.0,0.0,0.0,0.0,0.0,0.0,0.0,0.47,3099999.9999999995,35.0,0.0,0.0,0.0,30.0,0.0041,0.0,0.0,0.0,270.0,1.0,5.0E8,
3.5E-36,2.6,3099999.9999999995,0.0,0.0,0.0,0.0,0.0,0.0,0.0,0.0,0.47,3099999.9999999995,35.0,0.0,0.0,0.0,30.0,0.0041,0.0,0.0,0.0,270.0,1.0,5.0E8,
3.5E-36,2.6,3099999.9999999995,0.0,0.0,0.0,0.0,0.0,0.0,0.0,0.0,0.47,3099999.9999999995,35.0,0.0,0.0,0.0,30.0,0.0041,0.0,0.0,0.0,270.0,1.0,5.0E8,
3.5E-36,2.6,3099999.9999999995,0.0,0.0,0.0,0.0,0.0,0.0,0.0,0.0,0.47,3099999.9999999995,35.0,0.0,0.0,0.0,30.0,0.0041,0.0,0.0,0.0,270.0,1.0,5.0E8,
3.5E-36,2.6,3099999.9999999995,0.0,0.0,0.0,0.0,0.0,0.0,0.0,0.0,0.47,3099999.9999999995,35.0,0.0,0.0,0.0,30.0,0.0041,0.0,0.0,0.0,270.0,1.0,5.0E8,
3.5E-36,2.6,3099999.9999999995,0.0,0.0,0.0,0.0,0.0,0.0,0.0,0.0,0.47,3099999.9999999995,35.0,0.0,0.0,0.0,30.0,0.0041,0.0,0.0,0.0,270.0,1.0,5.0E8,
3.5E-36,2.6,3099999.9999999995,0.0,0.0,0.0,0.0,0.0,0.0,0.0,0.0,0.47,3099999.9999999995,35.0,0.0,0.0,0.0,30.0,0.0041,0.0,0.0,0.0,270.0,1.0,5.0E8,
3.5E-36,2.6,3099999.9999999995,0.0,0.0,0.0,0.0,0.0,0.0,0.0,0.0,0.47,3099999.9999999995,35.0,0.0,0.0,0.0,30.0,0.0041,0.0,0.0,0.0,270.0,1.0,5.0E8,
3.5E-36,2.6,3099999.9999999995,0.0,0.0,0.0,0.0,0.0,0.0,0.0,0.0,0.47,3099999.9999999995,35.0,0.0,0.0,0.0,30.0,0.0041,0.0,0.0,0.0,270.0,1.0,5.0E8,
3.5E-36,2.6,3099999.9999999995,0.0,0.0,0.0,0.0,0.0,0.0,0.0,0.0,0.47,3099999.9999999995,35.0,0.0,0.0,0.0,30.0,0.0041,0.0,0.0,0.0,270.0,1.0,5.0E8,
3.5E-36,2.6,3099999.9999999995,0.0,0.0,0.0,0.0,0.0,0.0,0.0,0.0,0.47,3099999.9999999995,35.0,0.0,0.0,0.0,30.0,0.0041,0.0,0.0,0.0,270.0,1.0,5.0E8,
3.5E-36,2.6,3099999.9999999995,0.0,0.0,0.0,0.0,0.0,0.0,0.0,0.0,0.47,3099999.9999999995,35.0,0.0,0.0,0.0,30.0,0.0041,0.0,0.0,0.0,270.0,1.0,5.0E8,
3.5E-36,2.6,3099999.9999999995,0.0,0.0,0.0,0.0,0.0,0.0,0.0,0.0,0.47,3099999.9999999995,35.0,0.0,0.0,0.0,30.0,0.0041,0.0,0.0,0.0,270.0,1.0,5.0E8,
3.5E-36,2.6,3099999.9999999995,0.0,0.0,0.0,0.0,0.0,0.0,0.0,0.0,0.47,3099999.9999999995,35.0,0.0,0.0,0.0,30.0,0.0041,0.0,0.0,0.0,270.0,1.0,5.0E8,
3.5E-36,2.6,3099999.9999999995,0.0,0.0,0.0,0.0,0.0,0.0,0.0,0.0,0.47,3099999.9999999995,35.0,0.0,0.0,0.0,30.0,0.0041,0.0,0.0,0.0,270.0,1.0,5.0E8,
3.5E-36,2.6,3099999.9999999995,0.0,0.0,0.0,0.0,0.0,0.0,0.0,0.0,0.47,3099999.9999999995,35.0,0.0,0.0,0.0,30.0,0.0041,0.0,0.0,0.0,270.0,1.0,5.0E8,
3.5E-36,2.6,3099999.9999999995,0.0,0.0,0.0,0.0,0.0,0.0,0.0,0.0,0.47,3099999.9999999995,35.0,0.0,0.0,0.0,30.0,0.0041,0.0,0.0,0.0,270.0,1.0,5.0E8,
3.5E-36,2.6,3099999.9999999995,0.0,0.0,0.0,0.0,0.0,0.0,0.0,0.0,0.47,3099999.9999999995,35.0,0.0,0.0,0.0,30.0,0.0041,0.0,0.0,0.0,270.0,1.0,5.0E8,
3.5E-36,2.6,3099999.9999999995,0.0,0.0,0.0,0.0,0.0,0.0,0.0,0.0,0.47,3099999.9999999995,35.0,0.0,0.0,0.0,30.0,0.0041,0.0,0.0,0.0,270.0,1.0,5.0E8,
3.5E-36,2.6,3099999.9999999995,0.0,0.0,0.0,0.0,0.0,0.0,0.0,0.0,0.47,3099999.9999999995,35.0,0.0,0.0,0.0,30.0,0.0041,0.0,0.0,0.0,270.0,1.0,5.0E8,
3.5E-36,2.6,3099999.9999999995,0.0,0.0,0.0,0.0,0.0,0.0,0.0,0.0,0.47,3099999.9999999995,35.0,0.0,0.0,0.0,30.0,0.0041,0.0,0.0,0.0,270.0,1.0,5.0E8,
1.6E-34,13.0,3099999.9999999995,110000.0,7400.0,0.0,0.0,0.0,0.0,0.0,0.0,1.5,3199999.9999999995,150.0,0.79,0.79,0.0,34.0,0.076,0.0,0.0,0.0,1100.0,1.0,5.0E8,
1.2E-34,9.5,2999999.9999999995,79000.0,7400.0,0.0,0.0,0.0,0.0,0.0,0.0,1.5,3099999.9999999995,110.0,0.62,0.62,0.0,34.0,0.075,0.0,0.0,0.0,1100.0,1.0,5.0E8,
1.2E-34,9.5,2999999.9999999995,79000.0,7400.0,0.0,0.0,0.0,0.0,0.0,0.0,1.5,3099999.9999999995,110.0,0.62,0.62,0.0,34.0,0.075,0.0,0.0,0.0,1100.0,1.0,5.0E8,
1.2E-34,9.5,2999999.9999999995,79000.0,7300.0,0.0,0.0,0.0,0.0,0.0,0.0,1.5,3099999.9999999995,110.0,0.62,0.62,0.0,35.0,0.075,0.0,0.0,0.0,1100.0,1.0,5.0E8,
1.2E-34,9.5,2999999.9999999995,79000.0,7300.0,0.0,0.0,0.0,0.0,0.0,0.0,1.5,3099999.9999999995,110.0,0.62,0.62,0.0,35.0,0.075,0.0,0.0,0.0,1100.0,1.0,5.0E8,
1.2E-34,9.5,2800000.0,230000.0,7300.0,0.0,0.0,0.0,0.0,0.0,0.0,1.5,3099999.9999999995,110.0,0.62,0.62,0.0,35.0,0.075,0.0,0.0,0.0,1100.0,1.0,5.0E8,
1.2E-34,9.5,2800000.0,230000.0,7300.0,0.0,0.0,0.0,0.0,0.0,0.0,1.5,3099999.9999999995,110.0,0.62,0.62,0.0,35.0,0.075,0.0,0.0,0.0,1100.0,1.0,5.0E8,
1.2E-34,9.5,2800000.0,230000.0,7300.0,0.0,0.0,0.0,0.0,0.0,0.0,1.5,3099999.9999999995,110.0,0.62,0.62,0.0,35.0,0.075,0.0,0.0,0.0,1100.0,1.0,5.0E8,
1.2E-34,9.5,2800000.0,230000.0,7300.0,0.0,0.0,0.0,0.0,0.0,0.0,1.5,3099999.9999999995,110.0,0.62,0.62,0.0,35.0,0.075,0.0,0.0,0.0,1100.0,1.0,5.0E8,
1.2E-34,9.5,2800000.0,230000.0,7300.0,0.0,0.0,0.0,0.0,0.0,0.0,1.5,3099999.9999999995,110.0,0.62,0.62,0.0,35.0,0.075,0.0,0.0,0.0,1100.0,1.0,5.0E8,
1.2E-34,9.5,2800000.0,230000.0,7300.0,0.0,0.0,0.0,0.0,0.0,0.0,1.5,3099999.9999999995,110.0,0.62,0.62,0.0,35.0,0.075,0.0,0.0,0.0,1100.0,1.0,5.0E8,
1.2E-34,9.5,2800000.0,230000.0,7300.0,0.0,0.0,0.0,0.0,0.0,0.0,1.5,3099999.9999999995,110.0,0.62,0.62,0.0,35.0,0.075,0.0,0.0,0.0,1100.0,1.0,5.0E8,
1.2E-34,9.5,2800000.0,230000.0,7300.0,0.0,0.0,0.0,0.0,0.0,0.0,1.5,3099999.9999999995,110.0,0.62,0.62,0.0,35.0,0.075,0.0,0.0,0.0,1100.0,1.0,5.0E8,
1.2E-34,9.5,2800000.0,230000.0,7300.0,0.0,0.0,0.0,0.0,0.0,0.0,1.5,3099999.9999999995,110.0,0.62,0.62,0.0,35.0,0.075,0.0,0.0,0.0,1100.0,1.0,5.0E8,
1.2E-34,9.5,2800000.0,230000.0,7300.0,0.0,0.0,0.0,0.0,0.0,0.0,1.5,3099999.9999999995,110.0,0.62,0.62,0.0,35.0,0.075,0.0,0.0,0.0,1100.0,1.0,5.0E8,
1.2E-34,9.5,2800000.0,230000.0,7300.0,0.0,0.0,0.0,0.0,0.0,0.0,1.5,3099999.9999999995,110.0,0.62,0.62,0.0,35.0,0.075,0.0,0.0,0.0,1100.0,1.0,5.0E8,
1.2E-34,9.5,2800000.0,230000.0,7300.0,0.0,0.0,0.0,0.0,0.0,0.0,1.5,3099999.9999999995,110.0,0.62,0.62,0.0,35.0,0.075,0.0,0.0,0.0,1100.0,1.0,5.0E8,
1.2E-34,9.5,2800000.0,230000.0,7300.0,0.0,0.0,0.0,0.0,0.0,0.0,1.5,3099999.9999999995,110.0,0.62,0.62,0.0,35.0,0.075,0.0,0.0,0.0,1100.0,1.0,5.0E8,
1.2E-34,9.5,2800000.0,230000.0,7300.0,0.0,0.0,0.0,0.0,0.0,0.0,1.5,3099999.9999999995,110.0,0.62,0.62,0.0,35.0,0.075,0.0,0.0,0.0,1100.0,1.0,5.0E8,
1.2E-34,9.5,2800000.0,230000.0,7300.0,0.0,0.0,0.0,0.0,0.0,0.0,1.5,3099999.9999999995,110.0,0.62,0.62,0.0,35.0,0.075,0.0,0.0,0.0,1100.0,1.0,5.0E8,
1.2E-34,9.5,2800000.0,230000.0,7300.0,0.0,0.0,0.0,0.0,0.0,0.0,1.5,3099999.9999999995,110.0,0.62,0.62,0.0,35.0,0.075,0.0,0.0,0.0,1100.0,1.0,5.0E8,
1.2E-34,9.5,2800000.0,230000.0,7300.0,0.0,0.0,0.0,0.0,0.0,0.0,1.5,3099999.9999999995,110.0,0.62,0.62,0.0,35.0,0.075,0.0,0.0,0.0,1100.0,1.0,5.0E8,
1.2E-34,9.5,2800000.0,230000.0,7300.0,0.0,0.0,0.0,0.0,0.0,0.0,1.5,3099999.9999999995,110.0,0.62,0.62,0.0,35.0,0.075,0.0,0.0,0.0,1100.0,1.0,5.0E8,
1.2E-34,9.5,2800000.0,230000.0,7300.0,0.0,0.0,0.0,0.0,0.0,0.0,1.5,3099999.9999999995,110.0,0.62,0.62,0.0,35.0,0.075,0.0,0.0,0.0,1100.0,1.0,5.0E8,
1.2E-34,9.5,2800000.0,230000.0,7300.0,0.0,0.0,0.0,0.0,0.0,0.0,1.5,3099999.9999999995,110.0,0.62,0.62,0.0,35.0,0.075,0.0,0.0,0.0,1100.0,1.0,5.0E8,
1.2E-34,9.5,2800000.0,230000.0,7300.0,0.0,0.0,0.0,0.0,0.0,0.0,1.5,3099999.9999999995,110.0,0.62,0.62,0.0,35.0,0.075,0.0,0.0,0.0,1100.0,1.0,5.0E8,
1.2E-34,9.5,2800000.0,230000.0,7300.0,0.0,0.0,0.0,0.0,0.0,0.0,1.5,3099999.9999999995,110.0,0.62,0.62,0.0,35.0,0.075,0.0,0.0,0.0,1100.0,1.0,5.0E8,
1.2E-34,9.5,2800000.0,230000.0,7300.0,0.0,0.0,0.0,0.0,0.0,0.0,1.5,3099999.9999999995,110.0,0.62,0.62,0.0,35.0,0.075,0.0,0.0,0.0,1100.0,1.0,5.0E8,
1.2E-34,9.5,2800000.0,230000.0,7300.0,0.0,0.0,0.0,0.0,0.0,0.0,1.5,3099999.9999999995,110.0,0.62,0.62,0.0,35.0,0.075,0.0,0.0,0.0,1100.0,1.0,5.0E8,
1.2E-34,9.5,2800000.0,230000.0,7300.0,0.0,0.0,0.0,0.0,0.0,0.0,1.5,3099999.9999999995,110.0,0.62,0.62,0.0,35.0,0.075,0.0,0.0,0.0,1100.0,1.0,5.0E8,
1.2E-34,9.5,2800000.0,230000.0,7300.0,0.0,0.0,0.0,0.0,0.0,0.0,1.5,3099999.9999999995,110.0,0.62,0.62,0.0,35.0,0.075,0.0,0.0,0.0,1100.0,1.0,5.0E8,
1.2E-34,9.5,2800000.0,230000.0,7300.0,0.0,0.0,0.0,0.0,0.0,0.0,1.5,3099999.9999999995,110.0,0.62,0.62,0.0,35.0,0.075,0.0,0.0,0.0,1100.0,1.0,5.0E8,
1.2E-34,9.5,2800000.0,230000.0,7300.0,0.0,0.0,0.0,0.0,0.0,0.0,1.5,3099999.9999999995,110.0,0.62,0.62,0.0,35.0,0.075,0.0,0.0,0.0,1100.0,1.0,5.0E8,
1.0E-34,6.8,2899999.9999999995,160000.0,2200.0,0.0,0.0,0.0,0.0,0.0,0.0,1.7,3099999.9999999995,75.0,0.57,0.57,0.0,44.0,0.37,0.0,0.0,0.0,1700.0,1.0,5.1E8,
1.0E-34,6.8,2899999.9999999995,160000.0,2200.0,0.0,0.0,0.0,0.0,0.0,0.0,1.7,3099999.9999999995,75.0,0.57,0.57,0.0,45.0,0.37,0.0,0.0,0.0,1700.0,1.0,5.1E8,
1.0E-34,6.8,290000.0,160000.0,2200.0,2600000.0,0.0,0.0,0.0,0.0,0.0,1.7,3099999.9999999995,75.0,0.57,0.57,0.0,45.0,0.37,0.0,0.0,0.0,1700.0,1.0,5.1E8,
1.0E-34,6.8,290000.0,160000.0,2200.0,2600000.0,0.0,0.0,0.0,0.0,0.0,1.7,3099999.9999999995,75.0,0.57,0.57,0.0,45.0,0.37,0.0,0.0,0.0,1700.0,1.0,5.1E8,
1.0E-34,6.8,290000.0,160000.0,2200.0,2600000.0,0.0,0.0,0.0,0.0,0.0,1.7,3099999.9999999995,75.0,0.57,0.57,0.0,45.0,0.37,0.0,0.0,0.0,1700.0,1.0,5.1E8,
1.0E-34,6.8,290000.0,160000.0,2200.0,2600000.0,0.0,0.0,0.0,0.0,0.0,1.7,3099999.9999999995,75.0,0.57,0.57,0.0,45.0,0.37,0.0,0.0,0.0,1700.0,1.0,5.1E8,
1.0E-34,6.8,290000.0,160000.0,2200.0,2600000.0,0.0,0.0,0.0,0.0,0.0,1.7,3099999.9999999995,75.0,0.57,0.57,0.0,45.0,0.37,0.0,0.0,0.0,1600.0,1.0,5.1E8,
1.0E-34,6.8,290000.0,160000.0,2200.0,2600000.0,0.0,0.0,0.0,0.0,0.0,1.7,3099999.9999999995,75.0,0.57,0.57,0.0,45.0,0.37,0.0,0.0,0.0,1600.0,1.0,5.1E8,
1.0E-34,6.8,290000.0,160000.0,2200.0,2600000.0,0.0,0.0,0.0,0.0,0.0,1.7,3099999.9999999995,75.0,0.57,0.57,0.0,45.0,0.37,0.0,0.0,0.0,1600.0,1.0,5.1E8,
1.0E-34,6.8,290000.0,160000.0,2200.0,2600000.0,0.0,0.0,0.0,0.0,0.0,1.7,3099999.9999999995,75.0,0.57,0.57,0.0,45.0,0.37,0.0,0.0,0.0,1600.0,1.0,5.1E8,
1.0E-34,6.8,290000.0,160000.0,2200.0,2600000.0,0.0,0.0,0.0,0.0,0.0,1.7,3099999.9999999995,75.0,0.57,0.57,0.0,45.0,0.37,0.0,0.0,0.0,1600.0,1.0,5.1E8,
1.0E-34,6.8,290000.0,160000.0,2200.0,2600000.0,0.0,0.0,0.0,0.0,0.0,1.7,3099999.9999999995,75.0,0.57,0.57,0.0,45.0,0.37,0.0,0.0,0.0,1600.0,1.0,5.1E8,
1.0E-34,6.8,290000.0,160000.0,2200.0,2600000.0,0.0,0.0,0.0,0.0,0.0,1.7,3099999.9999999995,75.0,0.57,0.57,0.0,45.0,0.37,0.0,0.0,0.0,1600.0,1.0,5.1E8,
1.0E-34,6.8,290000.0,160000.0,2200.0,2600000.0,0.0,0.0,0.0,0.0,0.0,1.7,3099999.9999999995,75.0,0.57,0.57,0.0,45.0,0.37,0.0,0.0,0.0,1600.0,1.0,5.1E8,
1.0E-34,6.8,290000.0,160000.0,2200.0,2600000.0,0.0,0.0,0.0,0.0,0.0,1.7,3099999.9999999995,75.0,0.57,0.57,0.0,45.0,0.37,0.0,0.0,0.0,1600.0,1.0,5.1E8,
1.0E-34,6.8,290000.0,160000.0,2200.0,2600000.0,0.0,0.0,0.0,0.0,0.0,1.7,3099999.9999999995,75.0,0.57,0.57,0.0,45.0,0.37,0.0,0.0,0.0,1600.0,1.0,5.1E8,
1.0E-34,6.8,290000.0,160000.0,2200.0,2600000.0,0.0,0.0,0.0,0.0,0.0,1.7,3099999.9999999995,75.0,0.57,0.57,0.0,45.0,0.37,0.0,0.0,0.0,1600.0,1.0,5.1E8,
1.0E-34,6.8,290000.0,160000.0,2200.0,2600000.0,0.0,0.0,0.0,0.0,0.0,1.7,3099999.9999999995,75.0,0.57,0.57,0.0,45.0,0.37,0.0,0.0,0.0,1600.0,1.0,5.1E8,
1.0E-34,6.8,290000.0,160000.0,2200.0,2600000.0,0.0,0.0,0.0,0.0,0.0,1.7,3099999.9999999995,75.0,0.57,0.57,0.0,45.0,0.37,0.0,0.0,0.0,1600.0,1.0,5.1E8,
1.0E-34,6.8,290000.0,160000.0,2200.0,2600000.0,0.0,0.0,0.0,0.0,0.0,1.7,3099999.9999999995,75.0,0.57,0.57,0.0,45.0,0.37,0.0,0.0,0.0,1600.0,1.0,5.1E8,
1.0E-34,6.8,290000.0,160000.0,2200.0,2600000.0,0.0,0.0,0.0,0.0,0.0,1.7,3099999.9999999995,75.0,0.57,0.57,0.0,45.0,0.37,0.0,0.0,0.0,1600.0,1.0,5.1E8,
1.0E-34,6.8,290000.0,160000.0,2200.0,2600000.0,0.0,0.0,0.0,0.0,0.0,1.7,3099999.9999999995,75.0,0.57,0.57,0.0,45.0,0.37,0.0,0.0,0.0,1600.0,1.0,5.1E8,
1.0E-34,6.8,290000.0,160000.0,2200.0,2600000.0,0.0,0.0,0.0,0.0,0.0,1.6,3099999.9999999995,75.0,0.57,0.57,0.0,45.0,0.37,0.0,0.0,0.0,1600.0,1.0,5.1E8,
1.0E-34,6.8,290000.0,160000.0,2200.0,2600000.0,0.0,0.0,0.0,0.0,0.0,1.6,3099999.9999999995,75.0,0.57,0.57,0.0,45.0,0.37,0.0,0.0,0.0,1600.0,1.0,5.1E8,
1.0E-34,6.8,290000.0,160000.0,2200.0,2600000.0,0.0,0.0,0.0,0.0,0.0,1.6,3099999.9999999995,75.0,0.57,0.57,0.0,45.0,0.37,0.0,0.0,0.0,1600.0,1.0,5.1E8,
1.0E-34,6.8,290000.0,160000.0,2200.0,2600000.0,0.0,0.0,0.0,0.0,0.0,1.6,3099999.9999999995,75.0,0.57,0.57,0.0,45.0,0.37,0.0,0.0,0.0,1600.0,1.0,5.1E8,
1.0E-34,6.8,290000.0,160000.0,2200.0,2600000.0,0.0,0.0,0.0,0.0,0.0,1.6,3099999.9999999995,75.0,0.57,0.57,0.0,45.0,0.37,0.0,0.0,0.0,1600.0,1.0,5.1E8,
1.0E-34,6.8,290000.0,160000.0,2200.0,2600000.0,0.0,0.0,0.0,0.0,0.0,1.6,3099999.9999999995,75.0,0.57,0.57,0.0,45.0,0.37,0.0,0.0,0.0,1600.0,1.0,5.1E8,
1.0E-34,6.8,290000.0,160000.0,2200.0,2600000.0,0.0,0.0,0.0,0.0,0.0,1.6,3099999.9999999995,75.0,0.57,0.57,0.0,45.0,0.37,0.0,0.0,0.0,1600.0,1.0,5.1E8,
1.0E-34,6.8,290000.0,160000.0,2200.0,2600000.0,0.0,0.0,0.0,0.0,0.0,1.6,3099999.9999999995,75.0,0.57,0.57,0.0,45.0,0.37,0.0,0.0,0.0,1600.0,1.0,5.1E8,
1.0E-34,6.8,290000.0,160000.0,2200.0,2600000.0,0.0,0.0,0.0,0.0,0.0,1.6,3099999.9999999995,75.0,0.57,0.57,0.0,45.0,0.37,0.0,0.0,0.0,1600.0,1.0,5.1E8,
1.0E-34,6.8,290000.0,160000.0,2200.0,2600000.0,0.0,0.0,0.0,0.0,0.0,1.6,3099999.9999999995,75.0,0.57,0.57,0.0,45.0,0.37,0.0,0.0,0.0,1600.0,1.0,5.1E8,
1.0E-34,6.8,290000.0,160000.0,2200.0,2600000.0,0.0,0.0,0.0,0.0,0.0,1.6,3099999.9999999995,75.0,0.57,0.57,0.0,45.0,0.37,0.0,0.0,0.0,1600.0,1.0,5.1E8,
1.0E-34,6.8,290000.0,160000.0,2200.0,2600000.0,0.0,0.0,0.0,0.0,0.0,1.6,3099999.9999999995,75.0,0.57,0.57,0.0,45.0,0.37,0.0,0.0,0.0,1600.0,1.0,5.1E8,
1.0E-34,6.8,290000.0,160000.0,2200.0,2600000.0,0.0,0.0,0.0,0.0,0.0,1.6,3099999.9999999995,75.0,0.57,0.57,0.0,45.0,0.37,0.0,0.0,0.0,1500.0,1.0,5.1E8,
1.0E-34,6.8,290000.0,160000.0,2200.0,2600000.0,0.0,0.0,0.0,0.0,0.0,1.6,3099999.9999999995,75.0,0.57,0.57,0.0,45.0,0.37,0.0,0.0,0.0,1500.0,1.0,5.1E8,
1.0E-34,6.8,290000.0,160000.0,2200.0,2600000.0,0.0,0.0,0.0,0.0,0.0,1.6,3099999.9999999995,75.0,0.57,0.57,0.0,45.0,0.37,0.0,0.0,0.0,1500.0,1.0,5.1E8,
1.0E-34,6.8,290000.0,160000.0,2200.0,2600000.0,0.0,0.0,0.0,0.0,0.0,1.6,3099999.9999999995,75.0,0.57,0.57,0.0,45.0,0.37,0.0,0.0,0.0,1500.0,1.0,5.1E8,
1.0E-34,6.8,290000.0,160000.0,2200.0,2600000.0,0.0,0.0,0.0,0.0,0.0,1.6,3099999.9999999995,75.0,0.57,0.57,0.0,45.0,0.37,0.0,0.0,0.0,1500.0,1.0,5.1E8,
1.0E-34,6.8,290000.0,160000.0,2200.0,2600000.0,0.0,0.0,0.0,0.0,0.0,1.6,3099999.9999999995,75.0,0.57,0.57,0.0,45.0,0.37,0.0,0.0,0.0,1500.0,1.0,5.1E8,
1.0E-34,6.8,290000.0,160000.0,2200.0,2600000.0,0.0,0.0,0.0,0.0,0.0,1.6,3099999.9999999995,75.0,0.57,0.57,0.0,45.0,0.37,0.0,0.0,0.0,1500.0,1.0,5.1E8,
1.0E-34,6.8,290000.0,160000.0,2200.0,2600000.0,0.0,0.0,0.0,0.0,0.0,1.6,3099999.9999999995,75.0,0.57,0.57,0.0,45.0,0.37,0.0,0.0,0.0,1500.0,1.0,5.1E8,
1.0E-34,6.8,290000.0,160000.0,2200.0,2600000.0,0.0,0.0,0.0,0.0,0.0,1.6,3099999.9999999995,75.0,0.57,0.57,0.0,45.0,0.37,0.0,0.0,0.0,1500.0,1.0,5.1E8,
1.0E-34,6.8,290000.0,160000.0,2200.0,2600000.0,0.0,0.0,0.0,0.0,0.0,1.6,3099999.9999999995,75.0,0.57,0.57,0.0,45.0,0.37,0.0,0.0,0.0,1500.0,1.0,5.1E8,
1.0E-34,6.8,290000.0,160000.0,2200.0,2600000.0,0.0,0.0,0.0,0.0,0.0,1.6,3099999.9999999995,75.0,0.57,0.57,0.0,45.0,0.37,0.0,0.0,0.0,1500.0,1.0,5.1E8,
1.0E-34,6.8,290000.0,160000.0,2200.0,2600000.0,0.0,0.0,0.0,0.0,0.0,1.6,3099999.9999999995,75.0,0.57,0.57,0.0,45.0,0.37,0.0,0.0,0.0,1500.0,1.0,5.1E8,
1.0E-34,6.8,290000.0,160000.0,2200.0,2600000.0,0.0,0.0,0.0,0.0,0.0,1.6,3099999.9999999995,75.0,0.57,0.57,0.0,45.0,0.37,0.0,0.0,0.0,1500.0,1.0,5.1E8,
1.0E-34,6.8,290000.0,160000.0,2200.0,2600000.0,0.0,0.0,0.0,0.0,0.0,1.6,3099999.9999999995,75.0,0.57,0.57,0.0,45.0,0.37,0.0,0.0,0.0,1500.0,1.0,5.1E8,
3.9E-34,12.0,300000.0,220000.0,1200.0,2999999.9999999995,3100.0,2100.0,860.0,5300.0,1400.0,7.7,3499999.9999999995,140.0,1.2,1.2,0.0,210.0,1.9,0.0,0.0,0.0,260000.0,1.0,5.2E8,
3.8E-34,12.0,280000.0,210000.0,1200.0,2999999.9999999995,3100.0,2100.0,860.0,5300.0,1400.0,7.7,3499999.9999999995,130.0,1.1,1.1,0.0,210.0,1.9,0.0,0.0,0.0,260000.0,1.0,5.2E8,
3.6E-34,11.0,150000.0,200000.0,1200.0,2999999.9999999995,3100.0,2100.0,860.0,5300.0,1400.0,7.7,3399999.9999999995,130.0,1.1,1.1,0.0,210.0,1.8,0.0,0.0,0.0,260000.0,1.0,5.2E8,
3.5999999999999997E-35,1.1,89000.0,16000.0,1200.0,2999999.9999999995,3100.0,2100.0,860.0,5300.0,1400.0,7.6,3099999.9999999995,13.0,0.28,0.28,0.0,210.0,1.7,0.0,0.0,0.0,260000.0,1.0,5.2E8,
3.5999999999999997E-35,1.1,89000.0,16000.0,1200.0,2999999.9999999995,3100.0,2100.0,860.0,5300.0,1400.0,7.6,3099999.9999999995,13.0,0.28,0.28,0.0,210.0,1.7,0.0,0.0,0.0,260000.0,1.0,5.2E8,
3.5999999999999997E-35,1.1,89000.0,16000.0,1200.0,2999999.9999999995,3100.0,2100.0,860.0,5300.0,1400.0,7.6,3099999.9999999995,13.0,0.28,0.28,0.0,200.0,1.7,0.0,0.0,0.0,260000.0,1.0,5.2E8,
1.4E-35,0.44,89000.0,3500.0,1200.0,2999999.9999999995,3100.0,2100.0,860.0,5300.0,1400.0,7.6,3099999.9999999995,4.9,0.22,0.22,0.0,200.0,1.7,0.0,0.0,0.0,250000.0,1.0,5.1E8,
1.4E-35,0.44,89000.0,3500.0,1200.0,2999999.9999999995,3100.0,2100.0,860.0,5300.0,1400.0,7.5,3099999.9999999995,4.9,0.22,0.22,0.0,200.0,1.7,0.0,0.0,0.0,250000.0,1.0,5.1E8,
1.4E-35,0.44,89000.0,3500.0,1200.0,2999999.9999999995,3100.0,2100.0,860.0,5300.0,1400.0,7.5,3099999.9999999995,4.9,0.22,0.22,0.0,200.0,1.7,0.0,0.0,0.0,250000.0,1.0,5.1E8,
1.4E-35,0.44,89000.0,3500.0,1200.0,2999999.9999999995,3100.0,2100.0,860.0,5300.0,1400.0,7.5,3099999.9999999995,4.9,0.22,0.22,0.0,200.0,1.7,0.0,0.0,0.0,250000.0,1.0,5.1E8,
1.4E-35,0.44,89000.0,3500.0,1200.0,2999999.9999999995,3100.0,2100.0,860.0,5300.0,1400.0,7.5,3099999.9999999995,4.9,0.22,0.22,0.0,200.0,1.7,0.0,0.0,0.0,250000.0,1.0,5.1E8,
1.4E-35,0.44,89000.0,3500.0,1200.0,2999999.9999999995,3100.0,2100.0,860.0,5300.0,1400.0,7.4,3099999.9999999995,4.9,0.22,0.22,0.0,200.0,1.7,0.0,0.0,0.0,250000.0,1.0,5.1E8,
1.4E-35,0.44,89000.0,3500.0,1200.0,2999999.9999999995,3100.0,2100.0,860.0,5300.0,1400.0,7.4,3099999.9999999995,4.9,0.22,0.22,0.0,200.0,1.7,0.0,0.0,0.0,250000.0,1.0,5.1E8,
1.4E-35,0.44,89000.0,3500.0,1200.0,2999999.9999999995,3100.0,2100.0,860.0,5300.0,1400.0,7.4,3099999.9999999995,4.9,0.22,0.22,0.0,200.0,1.7,0.0,0.0,0.0,250000.0,1.0,5.1E8,
1.4E-35,0.44,89000.0,3500.0,1200.0,2999999.9999999995,3100.0,2100.0,860.0,5300.0,1400.0,7.4,3099999.9999999995,4.9,0.22,0.22,0.0,200.0,1.7,0.0,0.0,0.0,250000.0,1.0,5.1E8,
1.4E-35,0.44,89000.0,3500.0,1200.0,2999999.9999999995,3100.0,2100.0,860.0,5300.0,1400.0,7.4,3099999.9999999995,4.9,0.22,0.22,0.0,200.0,1.7,0.0,0.0,0.0,250000.0,1.0,5.1E8,
1.4E-35,0.44,89000.0,3500.0,1200.0,2999999.9999999995,3100.0,2100.0,860.0,5300.0,1400.0,7.3,3099999.9999999995,4.9,0.22,0.22,0.0,200.0,1.7,0.0,0.0,0.0,250000.0,1.0,5.1E8,
1.4E-35,0.44,89000.0,3500.0,1200.0,2999999.9999999995,3100.0,2100.0,860.0,5300.0,1400.0,7.3,3099999.9999999995,4.9,0.22,0.22,0.0,200.0,1.7,0.0,0.0,0.0,250000.0,1.0,5.1E8,
1.4E-35,0.44,89000.0,3500.0,1200.0,2999999.9999999995,3100.0,2100.0,860.0,5300.0,1400.0,7.3,3099999.9999999995,4.9,0.22,0.22,0.0,200.0,1.7,0.0,0.0,0.0,250000.0,1.0,5.1E8,
1.4E-35,0.44,89000.0,3500.0,1200.0,2999999.9999999995,3100.0,2100.0,860.0,5300.0,1400.0,7.3,3099999.9999999995,4.9,0.22,0.22,0.0,190.0,1.7,0.0,0.0,0.0,250000.0,1.0,5.1E8,
1.4E-35,0.44,89000.0,3500.0,1200.0,2999999.9999999995,3100.0,2100.0,860.0,5300.0,1400.0,7.3,3099999.9999999995,4.9,0.22,0.22,0.0,190.0,1.7,0.0,0.0,0.0,250000.0,1.0,5.1E8,
1.4E-35,0.44,89000.0,3500.0,1200.0,2999999.9999999995,3100.0,2100.0,860.0,5300.0,1400.0,7.3,3099999.9999999995,4.9,0.22,0.22,0.0,190.0,1.7,0.0,0.0,0.0,240000.0,1.0,5.1E8,
1.4E-35,0.44,89000.0,3500.0,1200.0,2999999.9999999995,3100.0,2100.0,860.0,5300.0,1400.0,7.2,3099999.9999999995,4.9,0.22,0.22,0.0,190.0,1.7,0.0,0.0,0.0,240000.0,1.0,5.1E8,
1.4E-35,0.44,89000.0,3500.0,1200.0,2999999.9999999995,3100.0,2100.0,860.0,5300.0,1400.0,7.2,3099999.9999999995,4.9,0.22,0.22,0.0,190.0,1.7,0.0,0.0,0.0,240000.0,1.0,5.1E8,
1.4E-35,0.44,89000.0,3500.0,1200.0,2999999.9999999995,3100.0,2100.0,860.0,5300.0,1400.0,7.2,3099999.9999999995,4.9,0.22,0.22,0.0,190.0,1.7,0.0,0.0,0.0,240000.0,1.0,5.1E8,
1.4E-35,0.44,89000.0,3500.0,1200.0,2999999.9999999995,3100.0,2100.0,860.0,5300.0,1400.0,7.2,3099999.9999999995,4.9,0.22,0.22,0.0,190.0,1.7,0.0,0.0,0.0,240000.0,1.0,5.1E8,
1.4E-35,0.44,89000.0,3500.0,1200.0,2999999.9999999995,3100.0,2100.0,860.0,5300.0,1400.0,7.1,3099999.9999999995,4.9,0.22,0.22,0.0,190.0,1.7,0.0,0.0,0.0,240000.0,1.0,5.1E8,
1.4E-35,0.44,89000.0,3500.0,1200.0,2999999.9999999995,3100.0,2100.0,860.0,5300.0,1400.0,7.1,3099999.9999999995,4.9,0.22,0.22,0.0,190.0,1.7,0.0,0.0,0.0,240000.0,1.0,5.1E8,
1.4E-35,0.44,89000.0,3500.0,1200.0,2999999.9999999995,3100.0,2100.0,860.0,5300.0,1400.0,7.1,3099999.9999999995,4.9,0.22,0.22,0.0,190.0,1.7,0.0,0.0,0.0,240000.0,1.0,5.1E8,
1.4E-35,0.44,89000.0,3500.0,1200.0,2999999.9999999995,3100.0,2100.0,860.0,5300.0,1400.0,7.1,3099999.9999999995,4.9,0.22,0.22,0.0,190.0,1.7,0.0,0.0,0.0,240000.0,1.0,5.1E8,
1.4E-35,0.44,89000.0,3500.0,1200.0,2999999.9999999995,3100.0,2100.0,860.0,5300.0,1400.0,7.1,3099999.9999999995,4.9,0.22,0.22,0.0,190.0,1.7,0.0,0.0,0.0,240000.0,1.0,5.1E8,
1.4E-35,0.44,89000.0,3500.0,1200.0,2999999.9999999995,3100.0,2100.0,860.0,5300.0,1400.0,7.1,3099999.9999999995,4.9,0.22,0.22,0.0,190.0,1.7,0.0,0.0,0.0,240000.0,1.0,5.1E8,
1.4E-35,0.44,89000.0,3500.0,1200.0,2999999.9999999995,3100.0,2100.0,860.0,5300.0,1400.0,7.0,3099999.9999999995,4.9,0.22,0.22,0.0,180.0,1.7,0.0,0.0,0.0,240000.0,1.0,5.1E8,
1.4E-35,0.44,89000.0,3500.0,1200.0,2999999.9999999995,3100.0,2100.0,860.0,5300.0,1400.0,7.0,3099999.9999999995,4.9,0.22,0.22,0.0,180.0,1.7,0.0,0.0,0.0,240000.0,1.0,5.1E8,
1.4E-35,0.44,89000.0,3500.0,1200.0,2999999.9999999995,3100.0,2100.0,860.0,5300.0,1400.0,7.0,3099999.9999999995,4.9,0.22,0.22,0.0,180.0,1.7,0.0,0.0,0.0,240000.0,1.0,5.1E8,
1.4E-35,0.44,89000.0,3500.0,1200.0,2999999.9999999995,3100.0,2100.0,860.0,5300.0,1400.0,7.0,3099999.9999999995,4.9,0.22,0.22,0.0,180.0,1.7,0.0,0.0,0.0,240000.0,1.0,5.1E8,
1.4E-35,0.44,89000.0,3500.0,1200.0,2999999.9999999995,3100.0,2100.0,860.0,5300.0,1400.0,7.0,3099999.9999999995,4.9,0.22,0.22,0.0,180.0,1.7,0.0,0.0,0.0,240000.0,1.0,5.1E8,
1.4E-35,0.44,89000.0,3500.0,1200.0,2999999.9999999995,3100.0,2100.0,860.0,5300.0,1400.0,7.0,3099999.9999999995,4.9,0.22,0.22,0.0,180.0,1.7,0.0,0.0,0.0,230000.0,1.0,5.1E8,
1.4E-35,0.44,89000.0,3500.0,1200.0,2999999.9999999995,3100.0,2100.0,860.0,5300.0,1400.0,6.9,3099999.9999999995,4.9,0.22,0.22,0.0,180.0,1.7,0.0,0.0,0.0,230000.0,1.0,5.1E8,
1.4E-35,0.44,89000.0,3500.0,1200.0,2999999.9999999995,3100.0,2100.0,860.0,5300.0,1400.0,6.9,3099999.9999999995,4.9,0.22,0.22,0.0,180.0,1.7,0.0,0.0,0.0,230000.0,1.0,5.1E8,
1.4E-35,0.44,89000.0,3500.0,1200.0,2999999.9999999995,3100.0,2100.0,860.0,5300.0,1400.0,6.9,3099999.9999999995,4.9,0.22,0.22,0.0,180.0,1.7,0.0,0.0,0.0,230000.0,1.0,5.1E8,
1.4E-35,0.44,89000.0,3500.0,1200.0,2999999.9999999995,3100.0,2100.0,860.0,5300.0,1400.0,6.9,3099999.9999999995,4.9,0.22,0.22,0.0,180.0,1.7,0.0,0.0,0.0,230000.0,1.0,5.1E8,
1.4E-35,0.44,89000.0,3500.0,1200.0,2999999.9999999995,3100.0,2100.0,860.0,5300.0,1400.0,6.9,3099999.9999999995,4.9,0.22,0.22,0.0,170.0,1.7,0.0,0.0,0.0,230000.0,1.0,5.1E8,
8.099999999999999E-35,2.5,120000.0,42000.0,3900.0,3099999.9999999995,3100.0,2100.0,860.0,5300.0,14000.0,7.7,3299999.9999999995,22.0,2.2,2.2,0.0,180.0,19.0,0.0,0.0,0.0,250000.0,1.0,5.1E8,
8.099999999999999E-35,2.5,120000.0,42000.0,3900.0,3099999.9999999995,3100.0,2100.0,860.0,5300.0,14000.0,7.6,3299999.9999999995,22.0,2.2,2.2,0.0,180.0,19.0,0.0,0.0,0.0,250000.0,1.0,5.1E8,
1.5E-35,0.46,81000.0,2100.0,3900.0,3099999.9999999995,3100.0,2100.0,860.0,5300.0,1400.0,7.6,3199999.9999999995,4.2,0.53,0.53,0.0,170.0,19.0,0.0,0.0,0.0,250000.0,1.0,5.1E8,
1.5E-35,0.46,830.0,2100.0,3900.0,3099999.9999999995,3100.0,2100.0,860.0,5300.0,1400.0,7.6,3099999.9999999995,4.1,0.51,0.51,0.0,170.0,19.0,0.0,0.0,0.0,250000.0,1.0,5.1E8,
1.5E-35,0.46,830.0,2100.0,3900.0,3099999.9999999995,3100.0,2100.0,860.0,5300.0,1400.0,7.5,3099999.9999999995,4.1,0.51,0.51,0.0,170.0,19.0,0.0,0.0,0.0,250000.0,1.0,5.1E8,
2.1E-34,5.9,1200.0,96000.0,9100.0,3099999.9999999995,5700.0,2600.0,1500.0,6000.0,1500.0,9.4,3299999.9999999995,61.0,1.1,1.1,0.0,230.0,20.0,0.0,0.0,0.0,350000.0,1.0,5.2E8,
1.1E-35,0.3,1200.0,940.0,1600.0,3099999.9999999995,5700.0,2600.0,1400.0,6000.0,1500.0,9.3,3099999.9999999995,3.1,0.35,0.35,0.0,230.0,7.7,0.0,0.0,0.0,350000.0,1.0,5.2E8,
1.1E-35,0.3,1200.0,940.0,1600.0,3099999.9999999995,5700.0,2600.0,1400.0,6000.0,1500.0,9.3,3099999.9999999995,3.1,0.35,0.35,0.0,230.0,7.7,0.0,0.0,0.0,350000.0,1.0,5.2E8,
1.1E-35,0.3,1200.0,940.0,1600.0,3099999.9999999995,5700.0,2600.0,1400.0,6000.0,1500.0,9.2,3099999.9999999995,3.1,0.35,0.35,0.0,220.0,7.7,0.0,0.0,0.0,350000.0,1.0,5.2E8,
1.1E-35,0.3,1200.0,940.0,1600.0,3099999.9999999995,5700.0,2600.0,1400.0,6000.0,1500.0,9.2,3099999.9999999995,3.1,0.35,0.35,0.0,220.0,7.7,0.0,0.0,0.0,350000.0,1.0,5.2E8,
1.1E-35,0.3,1200.0,940.0,1600.0,3099999.9999999995,5700.0,2600.0,1400.0,6000.0,1500.0,9.2,3099999.9999999995,3.1,0.35,0.35,0.0,220.0,7.7,0.0,0.0,0.0,350000.0,1.0,5.2E8,
1.1E-35,0.3,1200.0,940.0,1600.0,3099999.9999999995,5700.0,2600.0,1400.0,6000.0,1500.0,9.2,3099999.9999999995,3.1,0.35,0.35,0.0,220.0,7.7,0.0,0.0,0.0,350000.0,1.0,5.2E8,
1.1E-35,0.3,1200.0,940.0,1600.0,3099999.9999999995,5700.0,2600.0,1400.0,6000.0,1500.0,9.1,3099999.9999999995,3.1,0.35,0.35,0.0,210.0,7.7,0.0,0.0,0.0,340000.0,1.0,5.2E8,
1.1E-35,0.3,1200.0,940.0,1600.0,3099999.9999999995,5700.0,2600.0,1400.0,6000.0,1500.0,9.1,3099999.9999999995,3.1,0.35,0.35,0.0,210.0,7.7,0.0,0.0,0.0,340000.0,1.0,5.2E8,
1.1E-35,0.3,1200.0,940.0,1600.0,3099999.9999999995,5700.0,2600.0,1400.0,6000.0,1500.0,9.1,3099999.9999999995,3.1,0.35,0.35,0.0,210.0,7.7,0.0,0.0,0.0,340000.0,1.0,5.2E8,
1.1E-35,0.3,1200.0,940.0,1600.0,3099999.9999999995,5700.0,2600.0,1400.0,6000.0,1500.0,9.1,3099999.9999999995,3.1,0.35,0.35,0.0,210.0,7.7,0.0,0.0,0.0,340000.0,1.0,5.2E8,
1.1E-35,0.3,1200.0,940.0,1600.0,3099999.9999999995,5700.0,2600.0,1400.0,6000.0,1500.0,9.1,3099999.9999999995,3.1,0.35,0.35,0.0,210.0,7.7,0.0,0.0,0.0,340000.0,1.0,5.2E8,
1.1E-35,0.3,1200.0,940.0,1600.0,3099999.9999999995,5700.0,2600.0,1400.0,6000.0,1500.0,9.0,3099999.9999999995,3.1,0.35,0.35,0.0,210.0,7.7,0.0,0.0,0.0,340000.0,1.0,5.2E8,
1.1E-35,0.3,1200.0,940.0,1600.0,3099999.9999999995,5700.0,2600.0,1400.0,6000.0,1500.0,9.0,3099999.9999999995,3.1,0.35,0.35,0.0,210.0,7.7,0.0,0.0,0.0,340000.0,1.0,5.2E8,
1.1E-35,0.3,1200.0,940.0,1600.0,3099999.9999999995,5700.0,2600.0,1400.0,6000.0,1500.0,9.0,3099999.9999999995,3.1,0.35,0.35,0.0,210.0,7.7,0.0,0.0,0.0,340000.0,1.0,5.2E8,
1.1E-35,0.3,1200.0,940.0,1600.0,3099999.9999999995,5700.0,2600.0,1400.0,6000.0,1500.0,8.9,3099999.9999999995,3.1,0.35,0.35,0.0,200.0,7.7,0.0,0.0,0.0,340000.0,1.0,5.2E8,
1.1E-35,0.3,1200.0,940.0,1600.0,3099999.9999999995,5700.0,2600.0,1400.0,6000.0,1500.0,8.9,3099999.9999999995,3.1,0.35,0.35,0.0,200.0,7.7,0.0,0.0,0.0,340000.0,1.0,5.2E8,
1.1E-35,0.3,1200.0,940.0,1600.0,3099999.9999999995,5700.0,2600.0,1400.0,6000.0,1500.0,8.9,3099999.9999999995,3.1,0.35,0.35,0.0,200.0,7.7,0.0,0.0,0.0,330000.0,1.0,5.2E8,
1.1E-35,0.3,1200.0,940.0,1600.0,3099999.9999999995,5700.0,2600.0,1400.0,6000.0,1500.0,8.8,3099999.9999999995,3.1,0.35,0.35,0.0,200.0,7.7,0.0,0.0,0.0,330000.0,1.0,5.2E8,
1.1E-35,0.3,1200.0,940.0,1600.0,3099999.9999999995,5700.0,2600.0,1400.0,6000.0,1500.0,8.8,3099999.9999999995,3.1,0.35,0.35,0.0,190.0,7.7,0.0,0.0,0.0,330000.0,1.0,5.2E8,
1.1E-35,0.3,1200.0,940.0,1600.0,3099999.9999999995,5700.0,2600.0,1400.0,6000.0,1500.0,8.8,3099999.9999999995,3.1,0.35,0.35,0.0,190.0,7.7,0.0,0.0,0.0,330000.0,1.0,5.2E8,
1.1E-35,0.3,1200.0,940.0,1600.0,3099999.9999999995,5700.0,2600.0,1400.0,6000.0,1500.0,8.8,3099999.9999999995,3.1,0.35,0.35,0.0,190.0,7.7,0.0,0.0,0.0,330000.0,1.0,5.2E8,
1.1E-35,0.3,1200.0,940.0,1600.0,3099999.9999999995,5700.0,2600.0,1400.0,6000.0,1500.0,8.8,3099999.9999999995,3.1,0.35,0.35,0.0,190.0,7.7,0.0,0.0,0.0,330000.0,1.0,5.2E8,
1.1E-35,0.3,1200.0,940.0,1600.0,3099999.9999999995,5700.0,2600.0,1400.0,6000.0,1500.0,8.7,3099999.9999999995,3.1,0.35,0.35,0.0,180.0,7.7,0.0,0.0,0.0,330000.0,1.0,5.2E8,
1.1E-35,0.3,1200.0,940.0,1600.0,3099999.9999999995,5700.0,2600.0,1400.0,6000.0,1500.0,8.7,3099999.9999999995,3.1,0.35,0.35,0.0,180.0,7.7,0.0,0.0,0.0,330000.0,1.0,5.2E8,
1.0E-34,3.3,2900.0,23000.0,12000.0,3299999.9999999995,5700.0,2600.0,1400.0,6000.0,1500.0,8.9,3399999.9999999995,37.0,0.66,0.66,0.0,180.0,9.7,0.0,0.0,0.0,330000.0,1.0,5.2E8,
3.5E-35,1.1,2900.0,5800.0,4000.0,3099999.9999999995,5700.0,2500.0,1400.0,6000.0,1500.0,8.8,3099999.9999999995,12.0,0.44,0.44,0.0,180.0,4.6,0.0,0.0,0.0,330000.0,1.0,5.2E8,
3.5E-35,1.1,2900.0,5800.0,4000.0,3099999.9999999995,5700.0,2500.0,1400.0,6000.0,1500.0,8.8,3099999.9999999995,12.0,0.44,0.44,0.0,180.0,4.6,0.0,0.0,0.0,330000.0,1.0,5.2E8,
3.5E-35,1.1,2900.0,5800.0,4000.0,3099999.9999999995,5700.0,2500.0,1400.0,6000.0,1500.0,8.8,3099999.9999999995,12.0,0.44,0.44,0.0,180.0,4.6,0.0,0.0,0.0,330000.0,1.0,5.2E8,
3.5E-35,1.1,2900.0,5800.0,4000.0,3099999.9999999995,5700.0,2500.0,1400.0,6000.0,1500.0,8.8,3099999.9999999995,12.0,0.44,0.44,0.0,180.0,4.6,0.0,0.0,0.0,330000.0,1.0,5.2E8,
3.5E-35,1.1,2900.0,5800.0,4000.0,3099999.9999999995,5700.0,2500.0,1400.0,6000.0,1500.0,8.7,3099999.9999999995,12.0,0.44,0.44,0.0,180.0,4.6,0.0,0.0,0.0,330000.0,1.0,5.2E8,
1.7999999999999998E-35,0.56,2900.0,1800.0,4000.0,3199999.9999999995,5700.0,2500.0,1400.0,6000.0,1500.0,8.8,3299999.9999999995,5.9,0.39,0.39,0.0,180.0,4.7,0.0,0.0,0.0,330000.0,1.0,5.2E8,
1.6999999999999999E-35,0.55,2900.0,1800.0,4000.0,3099999.9999999995,5700.0,2500.0,1400.0,6000.0,1500.0,8.7,3099999.9999999995,5.8,0.38,0.38,0.0,180.0,4.6,0.0,0.0,0.0,330000.0,1.0,5.2E8,
1.6999999999999999E-35,0.55,2900.0,1800.0,4000.0,3099999.9999999995,5700.0,2500.0,1400.0,6000.0,1500.0,8.7,3099999.9999999995,5.8,0.38,0.38,0.0,180.0,4.6,0.0,0.0,0.0,330000.0,1.0,5.2E8,
1.6999999999999999E-35,0.55,2900.0,1800.0,4000.0,3099999.9999999995,5700.0,2500.0,1400.0,6000.0,1500.0,8.7,3099999.9999999995,5.8,0.38,0.38,0.0,180.0,4.6,0.0,0.0,0.0,330000.0,1.0,5.2E8,
1.6999999999999999E-35,0.55,2900.0,1800.0,4000.0,3099999.9999999995,5700.0,2500.0,1400.0,6000.0,1500.0,8.7,3099999.9999999995,5.8,0.38,0.38,0.0,180.0,4.6,0.0,0.0,0.0,330000.0,1.0,5.2E8,
1.6999999999999999E-35,0.55,2900.0,1800.0,4000.0,3099999.9999999995,5700.0,2500.0,1400.0,6000.0,1500.0,8.6,3099999.9999999995,5.8,0.38,0.38,0.0,170.0,4.6,0.0,0.0,0.0,320000.0,1.0,5.2E8,
1.6999999999999999E-35,0.55,2900.0,1800.0,4000.0,3099999.9999999995,5700.0,2500.0,1400.0,6000.0,1500.0,8.6,3099999.9999999995,5.8,0.38,0.38,0.0,170.0,4.6,0.0,0.0,0.0,320000.0,1.0,5.2E8,
1.6999999999999999E-35,0.55,2900.0,1800.0,4000.0,3099999.9999999995,5700.0,2500.0,1400.0,6000.0,1500.0,8.6,3099999.9999999995,5.8,0.38,0.38,0.0,170.0,4.6,0.0,0.0,0.0,320000.0,1.0,5.2E8,
1.6999999999999999E-35,0.55,2900.0,1800.0,4000.0,3099999.9999999995,5700.0,2500.0,1400.0,6000.0,1500.0,8.5,3099999.9999999995,5.8,0.38,0.38,0.0,170.0,4.6,0.0,0.0,0.0,320000.0,1.0,5.2E8,
1.6999999999999999E-35,0.55,2900.0,1800.0,4000.0,3099999.9999999995,5700.0,2500.0,1400.0,6000.0,1500.0,8.5,3099999.9999999995,5.8,0.38,0.38,0.0,170.0,4.6,0.0,0.0,0.0,320000.0,1.0,5.2E8,
1.6999999999999999E-35,0.55,2900.0,1800.0,4000.0,3099999.9999999995,5700.0,2500.0,1400.0,6000.0,1500.0,8.5,3099999.9999999995,5.8,0.38,0.38,0.0,170.0,4.6,0.0,0.0,0.0,320000.0,1.0,5.2E8,
1.6999999999999999E-35,0.55,2900.0,1800.0,4000.0,3099999.9999999995,5700.0,2500.0,1400.0,6000.0,1500.0,8.4,3099999.9999999995,5.8,0.38,0.38,0.0,170.0,4.6,0.0,0.0,0.0,320000.0,1.0,5.2E8,
1.6999999999999999E-35,0.54,2900.0,1800.0,4000.0,3099999.9999999995,5700.0,2500.0,1400.0,6000.0,1500.0,8.4,3099999.9999999995,5.8,0.38,0.38,0.0,160.0,4.6,0.0,0.0,0.0,320000.0,1.0,5.1E8,
1.6999999999999999E-35,0.54,2900.0,1800.0,4000.0,3099999.9999999995,5700.0,2500.0,1400.0,6000.0,1500.0,8.4,3099999.9999999995,5.8,0.38,0.38,0.0,160.0,4.6,0.0,0.0,0.0,320000.0,1.0,5.1E8,
1.6999999999999999E-35,0.54,2900.0,1800.0,4000.0,3099999.9999999995,5700.0,2500.0,1400.0,6000.0,1500.0,8.4,3099999.9999999995,5.8,0.38,0.38,0.0,160.0,4.6,0.0,0.0,0.0,310000.0,1.0,5.1E8,
1.6999999999999999E-35,0.54,2900.0,1800.0,4000.0,3099999.9999999995,5700.0,2500.0,1400.0,6000.0,1500.0,8.3,3099999.9999999995,5.8,0.38,0.38,0.0,160.0,4.6,0.0,0.0,0.0,310000.0,1.0,5.1E8,
1.6999999999999999E-35,0.54,2900.0,1800.0,4000.0,3099999.9999999995,5700.0,2500.0,1400.0,6000.0,1500.0,8.3,3099999.9999999995,5.8,0.38,0.38,0.0,160.0,4.6,0.0,0.0,0.0,310000.0,1.0,5.1E8,
1.6999999999999999E-35,0.54,2900.0,1800.0,4000.0,3099999.9999999995,5700.0,2500.0,1400.0,6000.0,1500.0,8.3,3099999.9999999995,5.8,0.38,0.38,0.0,160.0,4.6,0.0,0.0,0.0,310000.0,1.0,5.1E8,
1.6999999999999999E-35,0.54,2900.0,1800.0,4000.0,3099999.9999999995,5700.0,2500.0,1400.0,6000.0,1500.0,8.2,3099999.9999999995,5.8,0.38,0.38,0.0,160.0,4.6,0.0,0.0,0.0,310000.0,1.0,5.1E8,
1.6999999999999999E-35,0.54,2900.0,1800.0,4000.0,3099999.9999999995,5700.0,2500.0,1400.0,6000.0,1500.0,8.2,3099999.9999999995,5.8,0.38,0.38,0.0,160.0,4.6,0.0,0.0,0.0,310000.0,1.0,5.1E8,
1.6999999999999999E-35,0.54,2900.0,1800.0,4000.0,3099999.9999999995,5700.0,2500.0,1400.0,6000.0,1500.0,8.2,3099999.9999999995,5.8,0.38,0.38,0.0,150.0,4.6,0.0,0.0,0.0,310000.0,1.0,5.1E8,
1.6999999999999999E-35,0.54,2900.0,1800.0,4000.0,3099999.9999999995,5700.0,2500.0,1400.0,6000.0,1500.0,8.2,3099999.9999999995,5.8,0.38,0.38,0.0,150.0,4.6,0.0,0.0,0.0,310000.0,1.0,5.1E8,
1.6999999999999999E-35,0.54,2900.0,1800.0,4000.0,3099999.9999999995,5700.0,2500.0,1400.0,6000.0,1500.0,8.1,3099999.9999999995,5.8,0.37,0.37,0.0,150.0,4.6,0.0,0.0,0.0,310000.0,1.0,5.1E8,
1.6999999999999999E-35,0.54,2900.0,1800.0,4000.0,3099999.9999999995,5700.0,2500.0,1400.0,6000.0,1500.0,8.1,3099999.9999999995,5.8,0.37,0.37,0.0,150.0,4.6,0.0,0.0,0.0,310000.0,1.0,5.1E8,
1.6999999999999999E-35,0.54,2900.0,1800.0,3900.0,2999999.9999999995,5700.0,2500.0,1400.0,5900.0,1500.0,8.1,3099999.9999999995,5.8,0.37,0.37,0.0,150.0,4.6,0.0,0.0,0.0,310000.0,1.0,5.1E8,
1.6999999999999999E-35,0.54,2900.0,1800.0,3900.0,2999999.9999999995,5700.0,2500.0,1400.0,5900.0,1500.0,8.1,3099999.9999999995,5.8,0.37,0.37,0.0,150.0,4.6,0.0,0.0,0.0,300000.0,1.0,5.1E8,
1.6999999999999999E-35,0.54,2900.0,1800.0,3900.0,2999999.9999999995,5700.0,2500.0,1400.0,5900.0,1500.0,8.1,3099999.9999999995,5.8,0.37,0.37,0.0,150.0,4.6,0.0,0.0,0.0,300000.0,1.0,5.1E8,
1.6999999999999999E-35,0.54,2900.0,1800.0,3900.0,2999999.9999999995,5700.0,2500.0,1400.0,5900.0,1500.0,8.1,3099999.9999999995,5.8,0.37,0.37,0.0,150.0,4.6,0.0,0.0,0.0,300000.0,1.0,5.1E8,
1.6999999999999999E-35,0.54,2900.0,1800.0,3900.0,2999999.9999999995,5700.0,2500.0,1400.0,5900.0,1500.0,8.0,3099999.9999999995,5.8,0.37,0.37,0.0,150.0,4.6,0.0,0.0,0.0,300000.0,1.0,5.1E8,
1.6999999999999999E-35,0.54,2900.0,1800.0,3900.0,2999999.9999999995,5700.0,2500.0,1400.0,5900.0,1500.0,8.0,3099999.9999999995,5.8,0.37,0.37,0.0,140.0,4.6,0.0,0.0,0.0,300000.0,1.0,5.1E8,
1.6999999999999999E-35,0.54,2900.0,1800.0,3900.0,2999999.9999999995,5700.0,2500.0,1400.0,5900.0,1500.0,8.0,3099999.9999999995,5.8,0.37,0.37,0.0,140.0,4.6,0.0,0.0,0.0,300000.0,1.0,5.1E8,
1.6999999999999999E-35,0.54,2900.0,1800.0,3900.0,2999999.9999999995,5700.0,2500.0,1400.0,5900.0,1500.0,7.9,3099999.9999999995,5.8,0.37,0.37,0.0,140.0,4.6,0.0,0.0,0.0,300000.0,1.0,5.1E8,
1.6999999999999999E-35,0.54,2900.0,1800.0,3900.0,2999999.9999999995,5700.0,2500.0,1400.0,5900.0,1500.0,7.9,3099999.9999999995,5.8,0.37,0.37,0.0,140.0,4.6,0.0,0.0,0.0,300000.0,1.0,5.1E8,
1.6999999999999999E-35,0.54,2900.0,1800.0,3900.0,2999999.9999999995,5700.0,2500.0,1400.0,5900.0,1500.0,7.9,3099999.9999999995,5.8,0.37,0.37,0.0,140.0,4.6,0.0,0.0,0.0,300000.0,1.0,5.1E8,
1.6999999999999999E-35,0.54,2900.0,1800.0,3900.0,2999999.9999999995,5700.0,2500.0,1400.0,5900.0,1500.0,7.9,3099999.9999999995,5.8,0.37,0.37,0.0,140.0,4.6,0.0,0.0,0.0,300000.0,1.0,5.1E8,
1.6999999999999999E-35,0.54,2900.0,1800.0,3900.0,2999999.9999999995,5700.0,2500.0,1400.0,5900.0,1500.0,7.8,3099999.9999999995,5.8,0.37,0.37,0.0,140.0,4.6,0.0,0.0,0.0,300000.0,1.0,5.1E8,
1.6999999999999999E-35,0.54,2900.0,1800.0,3900.0,2999999.9999999995,5700.0,2500.0,1400.0,5900.0,1500.0,7.8,3099999.9999999995,5.8,0.37,0.37,0.0,140.0,4.6,0.0,0.0,0.0,290000.0,1.0,5.1E8,
1.6999999999999999E-35,0.54,2900.0,1800.0,3900.0,2999999.9999999995,5700.0,2500.0,1400.0,5900.0,1500.0,7.8,3099999.9999999995,5.8,0.37,0.37,0.0,140.0,4.6,0.0,0.0,0.0,290000.0,1.0,5.1E8,
1.6999999999999999E-35,0.54,2900.0,1800.0,3900.0,2999999.9999999995,5700.0,2500.0,1400.0,5900.0,1500.0,7.8,3099999.9999999995,5.8,0.37,0.37,0.0,140.0,4.6,0.0,0.0,0.0,290000.0,1.0,5.1E8,
1.6999999999999999E-35,0.54,2900.0,1800.0,3900.0,2999999.9999999995,5700.0,2500.0,1400.0,5900.0,1500.0,7.8,3099999.9999999995,5.8,0.37,0.37,0.0,140.0,4.6,0.0,0.0,0.0,290000.0,1.0,5.1E8,
1.6999999999999999E-35,0.54,2900.0,1800.0,3900.0,2999999.9999999995,5700.0,2500.0,1400.0,5900.0,1500.0,7.7,3099999.9999999995,5.8,0.37,0.37,0.0,140.0,4.6,0.0,0.0,0.0,290000.0,1.0,5.1E8,
1.6999999999999999E-35,0.54,2900.0,1800.0,3900.0,2999999.9999999995,5700.0,2500.0,1400.0,5900.0,1500.0,7.7,3099999.9999999995,5.8,0.37,0.37,0.0,140.0,4.6,0.0,0.0,0.0,290000.0,1.0,5.1E8,
1.6999999999999999E-35,0.54,2900.0,1800.0,3900.0,2999999.9999999995,5700.0,2500.0,1400.0,5900.0,1500.0,7.7,3099999.9999999995,5.8,0.37,0.37,0.0,140.0,4.6,0.0,0.0,0.0,290000.0,1.0,5.1E8,
1.6999999999999999E-35,0.54,2900.0,1800.0,3900.0,2999999.9999999995,5700.0,2500.0,1400.0,5900.0,1500.0,7.7,3099999.9999999995,5.8,0.37,0.37,0.0,140.0,4.6,0.0,0.0,0.0,290000.0,1.0,5.1E8,
1.6999999999999999E-35,0.54,2900.0,1800.0,3900.0,2999999.9999999995,5700.0,2500.0,1400.0,5900.0,1500.0,7.6,3099999.9999999995,5.8,0.37,0.37,0.0,140.0,4.6,0.0,0.0,0.0,290000.0,1.0,5.1E8,
1.6999999999999999E-35,0.54,2900.0,1800.0,3900.0,2999999.9999999995,5700.0,2500.0,1400.0,5900.0,1500.0,7.6,3099999.9999999995,5.8,0.37,0.37,0.0,140.0,4.6,0.0,0.0,0.0,290000.0,1.0,5.1E8,
1.6999999999999999E-35,0.54,2900.0,1800.0,3900.0,2999999.9999999995,5700.0,2500.0,1400.0,5900.0,1500.0,7.6,3099999.9999999995,5.8,0.37,0.37,0.0,140.0,4.6,0.0,0.0,0.0,290000.0,1.0,5.1E8,
1.6999999999999999E-35,0.54,2900.0,1800.0,3900.0,2999999.9999999995,5700.0,2500.0,1400.0,5900.0,1500.0,7.6,3099999.9999999995,5.8,0.37,0.37,0.0,140.0,4.6,0.0,0.0,0.0,290000.0,1.0,5.1E8,
1.6999999999999999E-35,0.54,2900.0,1800.0,3900.0,2999999.9999999995,5700.0,2500.0,1400.0,5900.0,1500.0,7.6,3099999.9999999995,5.8,0.37,0.37,0.0,130.0,4.6,0.0,0.0,0.0,280000.0,1.0,5.1E8,
1.6999999999999999E-35,0.54,2900.0,1800.0,3900.0,2999999.9999999995,5700.0,2500.0,1400.0,5900.0,1500.0,7.5,3099999.9999999995,5.8,0.37,0.37,0.0,130.0,4.6,0.0,0.0,0.0,280000.0,1.0,5.1E8,
1.6999999999999999E-35,0.54,2900.0,1800.0,3900.0,2999999.9999999995,5700.0,2500.0,1400.0,5900.0,1500.0,7.5,3099999.9999999995,5.8,0.37,0.37,0.0,130.0,4.6,0.0,0.0,0.0,280000.0,1.0,5.1E8,
1.6999999999999999E-35,0.54,2900.0,1800.0,3900.0,2999999.9999999995,5700.0,2500.0,1400.0,5900.0,1500.0,7.5,3099999.9999999995,5.8,0.37,0.37,0.0,130.0,4.6,0.0,0.0,0.0,280000.0,1.0,5.1E8,
1.6999999999999999E-35,0.54,2900.0,1800.0,3900.0,2999999.9999999995,5700.0,2500.0,1400.0,5900.0,1500.0,7.5,3099999.9999999995,5.8,0.37,0.37,0.0,130.0,4.6,0.0,0.0,0.0,280000.0,1.0,5.1E8,
1.6999999999999999E-35,0.54,2900.0,1800.0,3900.0,2999999.9999999995,5700.0,2500.0,1400.0,5900.0,1500.0,7.4,3099999.9999999995,5.8,0.37,0.37,0.0,130.0,4.6,0.0,0.0,0.0,280000.0,1.0,5.1E8,
1.6999999999999999E-35,0.54,2900.0,1800.0,3900.0,2999999.9999999995,5700.0,2500.0,1400.0,5900.0,1500.0,7.4,3099999.9999999995,5.8,0.37,0.37,0.0,130.0,4.6,0.0,0.0,0.0,280000.0,1.0,5.1E8,
1.6999999999999999E-35,0.54,2900.0,1800.0,3900.0,2999999.9999999995,5700.0,2500.0,1400.0,5900.0,1500.0,7.4,3099999.9999999995,5.8,0.37,0.37,0.0,130.0,4.6,0.0,0.0,0.0,280000.0,1.0,5.1E8,
1.6999999999999999E-35,0.54,2900.0,1800.0,3900.0,2999999.9999999995,5700.0,2500.0,1400.0,5900.0,1500.0,7.4,3099999.9999999995,5.8,0.37,0.37,0.0,130.0,4.6,0.0,0.0,0.0,280000.0,1.0,5.1E8,
1.6999999999999999E-35,0.54,2900.0,1800.0,3900.0,2999999.9999999995,5700.0,2500.0,1400.0,5900.0,1500.0,7.4,3099999.9999999995,5.8,0.37,0.37,0.0,130.0,4.6,0.0,0.0,0.0,280000.0,1.0,5.1E8,
1.6999999999999999E-35,0.54,2900.0,1800.0,3900.0,2999999.9999999995,5700.0,2500.0,1400.0,5900.0,1500.0,7.3,3099999.9999999995,5.8,0.37,0.37,0.0,130.0,4.6,0.0,0.0,0.0,280000.0,1.0,5.1E8,
1.6999999999999999E-35,0.54,2900.0,1800.0,3900.0,2999999.9999999995,5700.0,2500.0,1400.0,5900.0,1500.0,7.3,3099999.9999999995,5.8,0.37,0.37,0.0,130.0,4.6,0.0,0.0,0.0,280000.0,1.0,5.1E8,
1.6999999999999999E-35,0.54,2900.0,1800.0,3900.0,2999999.9999999995,5700.0,2500.0,1400.0,5900.0,1500.0,7.3,3099999.9999999995,5.8,0.37,0.37,0.0,130.0,4.6,0.0,0.0,0.0,270000.0,1.0,5.1E8,
1.6999999999999999E-35,0.54,2900.0,1800.0,3900.0,2999999.9999999995,5700.0,2500.0,1400.0,5900.0,1500.0,7.3,3099999.9999999995,5.8,0.37,0.37,0.0,130.0,4.6,0.0,0.0,0.0,270000.0,1.0,5.1E8,
1.6999999999999999E-35,0.54,2900.0,1800.0,3900.0,2999999.9999999995,5700.0,2500.0,1400.0,5900.0,1500.0,7.3,3099999.9999999995,5.8,0.37,0.37,0.0,130.0,4.6,0.0,0.0,0.0,270000.0,1.0,5.1E8,
1.6999999999999999E-35,0.54,2900.0,1800.0,3900.0,2999999.9999999995,5700.0,2500.0,1400.0,5900.0,1500.0,7.2,3099999.9999999995,5.8,0.37,0.37,0.0,130.0,4.6,0.0,0.0,0.0,270000.0,1.0,5.1E8,
1.6999999999999999E-35,0.54,2900.0,1800.0,3900.0,2999999.9999999995,5700.0,2500.0,1400.0,5900.0,1500.0,7.2,3099999.9999999995,5.8,0.37,0.37,0.0,130.0,4.6,0.0,0.0,0.0,270000.0,1.0,5.1E8,
1.6999999999999999E-35,0.54,2900.0,1800.0,3900.0,2999999.9999999995,5700.0,2500.0,1400.0,5900.0,1500.0,7.2,3099999.9999999995,5.8,0.37,0.37,0.0,130.0,4.6,0.0,0.0,0.0,270000.0,1.0,5.1E8,
1.6999999999999999E-35,0.54,2900.0,1800.0,3900.0,2999999.9999999995,5700.0,2500.0,1400.0,5900.0,1500.0,7.2,3099999.9999999995,5.8,0.37,0.37,0.0,130.0,4.6,0.0,0.0,0.0,270000.0,1.0,5.1E8,
1.6999999999999999E-35,0.54,2900.0,1800.0,3900.0,2999999.9999999995,5700.0,2500.0,1400.0,5900.0,1500.0,7.2,3099999.9999999995,5.8,0.37,0.37,0.0,130.0,4.6,0.0,0.0,0.0,270000.0,1.0,5.1E8,
1.6999999999999999E-35,0.54,2900.0,1800.0,3900.0,2999999.9999999995,5700.0,2500.0,1400.0,5900.0,1500.0,7.1,3099999.9999999995,5.8,0.37,0.37,0.0,120.0,4.6,0.0,0.0,0.0,270000.0,1.0,5.1E8,
1.6999999999999999E-35,0.54,2900.0,1800.0,3900.0,2999999.9999999995,5700.0,2500.0,1400.0,5900.0,1500.0,7.1,3099999.9999999995,5.8,0.37,0.37,0.0,120.0,4.6,0.0,0.0,0.0,270000.0,1.0,5.1E8,
6.2E-35,1.9,18000.0,23000.0,1100.0,3299999.9999999995,4600.0,2500.0,1400.0,5900.0,1500.0,8.0,3399999.9999999995,22.0,0.48,0.48,0.0,130.0,1.4,0.0,0.0,0.0,270000.0,1.0,5.1E8,
1.0E-35,0.31,110.0,350.0,1100.0,3099999.9999999995,4600.0,2500.0,1400.0,5900.0,1500.0,8.0,3099999.9999999995,3.6,0.31,0.31,0.0,130.0,1.3,0.0,0.0,0.0,270000.0,1.0,5.1E8,
1.0E-35,0.31,110.0,350.0,1100.0,3099999.9999999995,4600.0,2500.0,1400.0,5900.0,1500.0,7.9,3099999.9999999995,3.6,0.31,0.31,0.0,130.0,1.3,0.0,0.0,0.0,270000.0,1.0,5.1E8,
1.0E-35,0.31,110.0,350.0,1100.0,3099999.9999999995,4600.0,2500.0,1400.0,5900.0,1500.0,7.9,3099999.9999999995,3.6,0.31,0.31,0.0,130.0,1.3,0.0,0.0,0.0,270000.0,1.0,5.1E8,
9.4E-36,0.21,110.0,500.0,1100.0,3299999.9999999995,4600.0,2500.0,1400.0,5900.0,1500.0,8.0,3299999.9999999995,2.3,0.28,0.28,0.0,130.0,1.3,0.0,0.0,0.0,270000.0,1.0,5.1E8,
9.0E-36,0.2,110.0,500.0,1100.0,3099999.9999999995,4600.0,2500.0,1400.0,5900.0,1500.0,7.9,3099999.9999999995,2.2,0.26,0.26,0.0,130.0,1.3,0.0,0.0,0.0,270000.0,1.0,5.1E8,
9.0E-36,0.2,110.0,500.0,1100.0,3099999.9999999995,4600.0,2500.0,1400.0,5900.0,1500.0,7.9,3099999.9999999995,2.2,0.26,0.26,0.0,130.0,1.3,0.0,0.0,0.0,270000.0,1.0,5.1E8,
9.0E-36,0.2,110.0,500.0,1100.0,3099999.9999999995,4600.0,2500.0,1400.0,5900.0,1500.0,7.9,3099999.9999999995,2.2,0.26,0.26,0.0,130.0,1.3,0.0,0.0,0.0,270000.0,1.0,5.1E8,
9.0E-36,0.2,110.0,500.0,1100.0,3099999.9999999995,4600.0,2500.0,1400.0,5900.0,1500.0,7.8,3099999.9999999995,2.2,0.26,0.26,0.0,130.0,1.3,0.0,0.0,0.0,270000.0,1.0,5.1E8,
9.0E-36,0.2,110.0,500.0,1100.0,3099999.9999999995,4600.0,2500.0,1400.0,5900.0,1500.0,7.8,3099999.9999999995,2.2,0.26,0.26,0.0,130.0,1.3,0.0,0.0,0.0,270000.0,1.0,5.1E8,
9.0E-36,0.2,110.0,500.0,1100.0,3099999.9999999995,4600.0,2500.0,1400.0,5900.0,1500.0,7.8,3099999.9999999995,2.2,0.26,0.26,0.0,130.0,1.3,0.0,0.0,0.0,270000.0,1.0,5.1E8,
6.299999999999999E-35,1.8,860.0,23000.0,2100.0,3299999.9999999995,4600.0,2500.0,1400.0,5900.0,1500.0,7.8,3299999.9999999995,21.0,0.43,0.43,0.0,130.0,1.3,0.0,0.0,0.0,270000.0,1.0,5.1E8,
1.3E-35,0.38,860.0,800.0,2100.0,3099999.9999999995,4600.0,2500.0,1400.0,5900.0,1500.0,7.8,3099999.9999999995,4.4,0.29,0.29,0.0,130.0,1.3,0.0,0.0,0.0,270000.0,1.0,5.1E8,
1.3E-35,0.38,860.0,800.0,2100.0,3099999.9999999995,4600.0,2500.0,1400.0,5900.0,1500.0,7.8,3099999.9999999995,4.4,0.29,0.29,0.0,130.0,1.3,0.0,0.0,0.0,260000.0,1.0,5.1E8,
1.3E-35,0.38,860.0,800.0,2100.0,3099999.9999999995,4600.0,2500.0,1400.0,5900.0,1500.0,7.7,3099999.9999999995,4.4,0.29,0.29,0.0,130.0,1.3,0.0,0.0,0.0,260000.0,1.0,5.1E8,
1.3E-35,0.38,860.0,800.0,2100.0,3099999.9999999995,4600.0,2500.0,1400.0,5900.0,1500.0,7.7,3099999.9999999995,4.4,0.29,0.29,0.0,130.0,1.3,0.0,0.0,0.0,260000.0,1.0,5.1E8,
1.3E-35,0.38,860.0,800.0,2100.0,3099999.9999999995,4600.0,2500.0,1400.0,5900.0,1500.0,7.7,3099999.9999999995,4.4,0.29,0.29,0.0,130.0,1.3,0.0,0.0,0.0,260000.0,1.0,5.1E8,
1.3E-35,0.38,860.0,800.0,2100.0,3099999.9999999995,4600.0,2500.0,1400.0,5900.0,1500.0,7.7,3099999.9999999995,4.4,0.29,0.29,0.0,130.0,1.3,0.0,0.0,0.0,260000.0,1.0,5.1E8,
1.3E-35,0.38,860.0,800.0,2100.0,3099999.9999999995,4600.0,2500.0,1400.0,5900.0,1500.0,7.6,3099999.9999999995,4.4,0.29,0.29,0.0,130.0,1.3,0.0,0.0,0.0,260000.0,1.0,5.1E8,
1.3E-35,0.38,860.0,800.0,2100.0,3099999.9999999995,4600.0,2500.0,1400.0,5900.0,1500.0,7.6,3099999.9999999995,4.4,0.29,0.29,0.0,130.0,1.3,0.0,0.0,0.0,260000.0,1.0,5.1E8,
1.3E-35,0.38,860.0,800.0,2100.0,3099999.9999999995,4600.0,2500.0,1400.0,5900.0,1500.0,7.6,3099999.9999999995,4.4,0.29,0.29,0.0,130.0,1.3,0.0,0.0,0.0,260000.0,1.0,5.1E8,
1.3E-35,0.38,860.0,800.0,2100.0,3099999.9999999995,4600.0,2500.0,1400.0,5900.0,1500.0,7.6,3099999.9999999995,4.4,0.29,0.29,0.0,130.0,1.3,0.0,0.0,0.0,260000.0,1.0,5.1E8,
2.8E-35,0.7,860.0,8100.0,2100.0,3299999.9999999995,3800.0,2500.0,7500.0,7400.0,1500.0,7.6,3299999.9999999995,7.3,0.33,0.33,0.0,130.0,1.3,0.0,0.0,0.0,260000.0,1.0,5.1E8,
1.1999999999999999E-35,0.3,860.0,510.0,2100.0,3099999.9999999995,3800.0,2500.0,7400.0,7400.0,1500.0,7.6,3099999.9999999995,3.1,0.27,0.27,0.0,140.0,1.3,0.0,0.0,0.0,260000.0,1.0,5.1E8,
1.1999999999999999E-35,0.3,860.0,510.0,2100.0,3099999.9999999995,3700.0,2500.0,7400.0,7400.0,1500.0,7.6,3099999.9999999995,3.1,0.27,0.27,0.0,140.0,1.3,0.0,0.0,0.0,260000.0,1.0,5.1E8,
1.1999999999999999E-35,0.3,860.0,510.0,2100.0,3099999.9999999995,3700.0,2500.0,7400.0,7400.0,1500.0,7.6,3099999.9999999995,3.1,0.27,0.27,0.0,140.0,1.3,0.0,0.0,0.0,260000.0,1.0,5.1E8,
1.1999999999999999E-35,0.3,860.0,510.0,2100.0,3099999.9999999995,3700.0,2500.0,7400.0,7400.0,1500.0,7.6,3099999.9999999995,3.1,0.27,0.27,0.0,130.0,1.3,0.0,0.0,0.0,260000.0,1.0,5.1E8,
1.1999999999999999E-35,0.3,860.0,510.0,2100.0,3099999.9999999995,3700.0,2500.0,7400.0,7400.0,1500.0,7.5,3099999.9999999995,3.1,0.27,0.27,0.0,130.0,1.3,0.0,0.0,0.0,260000.0,1.0,5.1E8,
1.1999999999999999E-35,0.3,860.0,510.0,2100.0,3099999.9999999995,3700.0,2500.0,7400.0,7400.0,1500.0,7.5,3099999.9999999995,3.1,0.27,0.27,0.0,130.0,1.3,0.0,0.0,0.0,260000.0,1.0,5.1E8,
1.1999999999999999E-35,0.3,860.0,510.0,2100.0,3099999.9999999995,3700.0,2500.0,7400.0,7400.0,1500.0,7.5,3099999.9999999995,3.1,0.27,0.27,0.0,130.0,1.3,0.0,0.0,0.0,250000.0,1.0,5.1E8,
1.1999999999999999E-35,0.3,860.0,510.0,2100.0,3099999.9999999995,3700.0,2500.0,7400.0,7400.0,1500.0,7.5,3099999.9999999995,3.1,0.27,0.27,0.0,130.0,1.3,0.0,0.0,0.0,250000.0,1.0,5.1E8,
1.1999999999999999E-35,0.3,860.0,510.0,2100.0,3099999.9999999995,3700.0,2500.0,7400.0,7400.0,1500.0,7.4,3099999.9999999995,3.1,0.27,0.27,0.0,130.0,1.3,0.0,0.0,0.0,250000.0,1.0,5.1E8,
1.1999999999999999E-35,0.3,860.0,510.0,2100.0,3099999.9999999995,3700.0,2500.0,7400.0,7400.0,1500.0,7.4,3099999.9999999995,3.1,0.27,0.27,0.0,130.0,1.3,0.0,0.0,0.0,250000.0,1.0,5.1E8,
1.1999999999999999E-35,0.3,860.0,510.0,2100.0,3099999.9999999995,3700.0,2500.0,7400.0,7400.0,1500.0,7.4,3099999.9999999995,3.1,0.27,0.27,0.0,130.0,1.3,0.0,0.0,0.0,250000.0,1.0,5.1E8,
1.1999999999999999E-35,0.3,860.0,510.0,2100.0,3099999.9999999995,3700.0,2500.0,7400.0,7400.0,1500.0,7.4,3099999.9999999995,3.1,0.27,0.27,0.0,130.0,1.3,0.0,0.0,0.0,250000.0,1.0,5.1E8,
1.1999999999999999E-35,0.3,860.0,510.0,2100.0,3099999.9999999995,3700.0,2500.0,7400.0,7400.0,1500.0,7.4,3099999.9999999995,3.1,0.27,0.27,0.0,130.0,1.3,0.0,0.0,0.0,250000.0,1.0,5.1E8,
1.1999999999999999E-35,0.3,860.0,510.0,2100.0,3099999.9999999995,3700.0,2500.0,7400.0,7400.0,1500.0,7.3,3099999.9999999995,3.1,0.27,0.27,0.0,130.0,1.3,0.0,0.0,0.0,250000.0,1.0,5.1E8,
1.1999999999999999E-35,0.3,860.0,510.0,2100.0,3099999.9999999995,3700.0,2500.0,7400.0,7400.0,1500.0,7.3,3099999.9999999995,3.1,0.27,0.27,0.0,130.0,1.3,0.0,0.0,0.0,250000.0,1.0,5.1E8,
1.1999999999999999E-35,0.3,860.0,510.0,2100.0,3099999.9999999995,3700.0,2500.0,7400.0,7400.0,1500.0,7.3,3099999.9999999995,3.1,0.27,0.27,0.0,120.0,1.3,0.0,0.0,0.0,250000.0,1.0,5.1E8,
1.1999999999999999E-35,0.3,860.0,510.0,2100.0,3099999.9999999995,3700.0,2500.0,7400.0,7400.0,1500.0,7.3,3099999.9999999995,3.1,0.27,0.27,0.0,120.0,1.3,0.0,0.0,0.0,250000.0,1.0,5.1E8,
1.1999999999999999E-35,0.3,860.0,510.0,2100.0,3099999.9999999995,3700.0,2500.0,7400.0,7400.0,1500.0,7.2,3099999.9999999995,3.1,0.27,0.27,0.0,120.0,1.3,0.0,0.0,0.0,250000.0,1.0,5.1E8,
1.1999999999999999E-35,0.3,860.0,510.0,2100.0,3099999.9999999995,3700.0,2500.0,7400.0,7400.0,1500.0,7.2,3099999.9999999995,3.1,0.27,0.27,0.0,120.0,1.3,0.0,0.0,0.0,250000.0,1.0,5.1E8,
1.1999999999999999E-35,0.3,860.0,510.0,2100.0,3099999.9999999995,3700.0,2500.0,7400.0,7400.0,1500.0,7.2,3099999.9999999995,3.1,0.27,0.27,0.0,120.0,1.3,0.0,0.0,0.0,250000.0,1.0,5.1E8,
1.1999999999999999E-35,0.3,860.0,510.0,2100.0,3099999.9999999995,3700.0,2500.0,7400.0,7400.0,1500.0,7.2,3099999.9999999995,3.1,0.27,0.27,0.0,120.0,1.3,0.0,0.0,0.0,240000.0,1.0,5.1E8,
1.1999999999999999E-35,0.3,860.0,510.0,2100.0,3099999.9999999995,3700.0,2500.0,7400.0,7400.0,1500.0,7.2,3099999.9999999995,3.1,0.27,0.27,0.0,120.0,1.3,0.0,0.0,0.0,240000.0,1.0,5.1E8,
1.1999999999999999E-35,0.3,860.0,510.0,2100.0,3099999.9999999995,3700.0,2500.0,7400.0,7400.0,1500.0,7.2,3099999.9999999995,3.1,0.27,0.27,0.0,120.0,1.3,0.0,0.0,0.0,240000.0,1.0,5.1E8,
1.1999999999999999E-35,0.3,860.0,510.0,2100.0,3099999.9999999995,3700.0,2500.0,7400.0,7400.0,1500.0,7.1,3099999.9999999995,3.1,0.27,0.27,0.0,120.0,1.3,0.0,0.0,0.0,240000.0,1.0,5.1E8,
1.1999999999999999E-35,0.3,860.0,510.0,2100.0,3099999.9999999995,3700.0,2500.0,7400.0,7400.0,1500.0,7.1,3099999.9999999995,3.1,0.27,0.27,0.0,120.0,1.3,0.0,0.0,0.0,240000.0,1.0,5.1E8,
1.1999999999999999E-35,0.3,860.0,510.0,2100.0,3099999.9999999995,3700.0,2500.0,7400.0,7400.0,1500.0,7.1,3099999.9999999995,3.1,0.27,0.27,0.0,120.0,1.3,0.0,0.0,0.0,240000.0,1.0,5.1E8,
1.1999999999999999E-35,0.3,860.0,510.0,2100.0,3099999.9999999995,3700.0,2500.0,7400.0,7400.0,1500.0,7.1,3099999.9999999995,3.1,0.27,0.27,0.0,120.0,1.3,0.0,0.0,0.0,240000.0,1.0,5.1E8,
1.1999999999999999E-35,0.3,860.0,510.0,2100.0,3099999.9999999995,3700.0,2500.0,7400.0,7400.0,1500.0,7.0,3099999.9999999995,3.1,0.27,0.27,0.0,120.0,1.3,0.0,0.0,0.0,240000.0,1.0,5.1E8,
1.1999999999999999E-35,0.3,860.0,510.0,2100.0,3099999.9999999995,3700.0,2500.0,7400.0,7400.0,1500.0,7.0,3099999.9999999995,3.1,0.27,0.27,0.0,120.0,1.3,0.0,0.0,0.0,240000.0,1.0,5.1E8,
1.1999999999999999E-35,0.3,860.0,510.0,2100.0,3099999.9999999995,3700.0,2500.0,7400.0,7400.0,1500.0,7.0,3099999.9999999995,3.1,0.27,0.27,0.0,110.0,1.3,0.0,0.0,0.0,240000.0,1.0,5.1E8,
1.1999999999999999E-35,0.3,860.0,510.0,2100.0,3099999.9999999995,3700.0,2500.0,7400.0,7400.0,1500.0,6.9,3099999.9999999995,3.1,0.27,0.27,0.0,110.0,1.3,0.0,0.0,0.0,240000.0,1.0,5.1E8,
1.1999999999999999E-35,0.3,860.0,510.0,2100.0,3099999.9999999995,3700.0,2500.0,7400.0,7400.0,1500.0,6.9,3099999.9999999995,3.1,0.27,0.27,0.0,110.0,1.3,0.0,0.0,0.0,240000.0,1.0,5.1E8,
1.1999999999999999E-35,0.3,860.0,510.0,2100.0,3099999.9999999995,3700.0,2500.0,7400.0,7400.0,1500.0,6.9,3099999.9999999995,3.1,0.27,0.27,0.0,110.0,1.3,0.0,0.0,0.0,240000.0,1.0,5.1E8,
1.1999999999999999E-35,0.3,860.0,510.0,2100.0,3099999.9999999995,3700.0,2500.0,7400.0,7400.0,1500.0,6.9,3099999.9999999995,3.1,0.27,0.27,0.0,110.0,1.3,0.0,0.0,0.0,240000.0,1.0,5.1E8,
1.1999999999999999E-35,0.3,860.0,510.0,2100.0,3099999.9999999995,3700.0,2500.0,7400.0,7400.0,1500.0,6.9,3099999.9999999995,3.1,0.27,0.27,0.0,110.0,1.3,0.0,0.0,0.0,230000.0,1.0,5.1E8,
1.1999999999999999E-35,0.3,860.0,510.0,2100.0,3099999.9999999995,3700.0,2500.0,7400.0,7400.0,1500.0,6.9,3099999.9999999995,3.1,0.27,0.27,0.0,110.0,1.3,0.0,0.0,0.0,230000.0,1.0,5.1E8,
1.1999999999999999E-35,0.3,860.0,510.0,2100.0,3099999.9999999995,3700.0,2500.0,7400.0,7400.0,1500.0,6.9,3099999.9999999995,3.1,0.27,0.27,0.0,110.0,1.3,0.0,0.0,0.0,230000.0,1.0,5.1E8,
1.1999999999999999E-35,0.3,860.0,510.0,2100.0,3099999.9999999995,3700.0,2500.0,7400.0,7400.0,1500.0,6.8,3099999.9999999995,3.1,0.27,0.27,0.0,110.0,1.3,0.0,0.0,0.0,230000.0,1.0,5.1E8,
1.1999999999999999E-35,0.3,860.0,510.0,2100.0,3099999.9999999995,3700.0,2500.0,7400.0,7400.0,1500.0,6.8,3099999.9999999995,3.1,0.27,0.27,0.0,110.0,1.3,0.0,0.0,0.0,230000.0,1.0,5.1E8,
1.1999999999999999E-35,0.3,860.0,510.0,2100.0,3099999.9999999995,3700.0,2500.0,7400.0,7400.0,1500.0,6.8,3099999.9999999995,3.1,0.27,0.27,0.0,110.0,1.3,0.0,0.0,0.0,230000.0,1.0,5.1E8,
1.1999999999999999E-35,0.3,860.0,510.0,2100.0,3099999.9999999995,3700.0,2500.0,7400.0,7400.0,1500.0,6.8,3099999.9999999995,3.1,0.27,0.27,0.0,110.0,1.3,0.0,0.0,0.0,230000.0,1.0,5.1E8,
1.2E-33,4.9,14000.0,29000.0,14000.0,3299999.9999999995,5500.0,2500.0,7400.0,7400.0,1500.0,7.0,3299999.9999999995,44.0,0.46,0.46,0.0,130.0,4.6,0.0,0.0,0.0,240000.0,1.0,5.1E8,
1.3E-34,0.56,6400.0,900.0,1000.0,3199999.9999999995,5500.0,2500.0,7400.0,7400.0,1500.0,6.9,3199999.9999999995,5.0,0.25,0.25,0.0,130.0,1.2,0.0,0.0,0.0,230000.0,1.0,5.1E8,
1.3E-34,0.55,6400.0,900.0,1000.0,3099999.9999999995,5500.0,2500.0,7400.0,7400.0,1400.0,6.9,3099999.9999999995,4.9,0.24,0.24,0.0,130.0,1.1,0.0,0.0,0.0,230000.0,1.0,5.1E8,
1.3E-34,0.55,6400.0,900.0,1000.0,3099999.9999999995,5500.0,2500.0,7400.0,7400.0,1400.0,6.9,3099999.9999999995,4.9,0.24,0.24,0.0,130.0,1.1,0.0,0.0,0.0,230000.0,1.0,5.1E8,
1.3E-34,0.55,6400.0,900.0,1000.0,3099999.9999999995,5500.0,2500.0,7400.0,7400.0,1400.0,6.9,3099999.9999999995,4.9,0.24,0.24,0.0,130.0,1.1,0.0,0.0,0.0,230000.0,1.0,5.1E8,
1.3E-34,0.55,6400.0,900.0,1000.0,3099999.9999999995,5500.0,2500.0,7400.0,7400.0,1400.0,6.9,3099999.9999999995,4.9,0.24,0.24,0.0,130.0,1.1,0.0,0.0,0.0,230000.0,1.0,5.1E8,
8.9E-35,0.51,6400.0,3200.0,5400.0,3299999.9999999995,5500.0,2500.0,7400.0,15000.0,1400.0,6.9,3299999.9999999995,4.9,0.26,0.26,0.0,130.0,1.2,0.0,0.0,0.0,230000.0,1.0,5.1E8,
8.8E-35,0.51,6400.0,3200.0,5400.0,3199999.9999999995,5500.0,2500.0,7400.0,2300.0,1400.0,6.9,3199999.9999999995,4.9,0.25,0.25,0.0,140.0,1.2,0.0,0.0,0.0,230000.0,1.0,5.1E8,
8.8E-35,0.5,6400.0,3200.0,5400.0,3099999.9999999995,5500.0,2500.0,7400.0,2300.0,1400.0,6.8,3099999.9999999995,4.8,0.25,0.25,0.0,140.0,1.2,0.0,0.0,0.0,230000.0,1.0,5.1E8,
8.8E-35,0.5,6400.0,3200.0,5400.0,3099999.9999999995,5500.0,2500.0,7400.0,2300.0,1400.0,6.8,3099999.9999999995,4.8,0.25,0.25,0.0,140.0,1.2,0.0,0.0,0.0,230000.0,1.0,5.1E8,
8.7E-35,0.5,6400.0,3200.0,5400.0,2999999.9999999995,5500.0,2500.0,7400.0,2300.0,1400.0,6.8,3099999.9999999995,4.8,0.25,0.25,0.0,140.0,1.2,0.0,0.0,0.0,230000.0,1.0,5.1E8,
8.7E-35,0.5,6400.0,3200.0,5400.0,2999999.9999999995,5500.0,2500.0,7400.0,2300.0,1400.0,6.8,3099999.9999999995,4.8,0.25,0.25,0.0,140.0,1.2,0.0,0.0,0.0,230000.0,1.0,5.1E8,
8.7E-35,0.5,6400.0,3200.0,5400.0,2999999.9999999995,5500.0,2500.0,7400.0,2300.0,1400.0,6.8,3099999.9999999995,4.8,0.25,0.25,0.0,140.0,1.2,0.0,0.0,0.0,230000.0,1.0,5.1E8,
8.7E-35,0.5,6400.0,3200.0,5400.0,2999999.9999999995,5500.0,2500.0,7400.0,2300.0,1400.0,6.8,3099999.9999999995,4.8,0.25,0.25,0.0,140.0,1.2,0.0,0.0,0.0,230000.0,1.0,5.1E8,
8.7E-35,0.5,6400.0,3200.0,5400.0,2999999.9999999995,5500.0,2500.0,7400.0,2300.0,1400.0,6.7,3099999.9999999995,4.8,0.25,0.25,0.0,140.0,1.2,0.0,0.0,0.0,230000.0,1.0,5.1E8,
8.7E-35,0.5,6400.0,3200.0,5400.0,2999999.9999999995,5500.0,2500.0,7400.0,2300.0,1400.0,6.7,3099999.9999999995,4.8,0.25,0.25,0.0,130.0,1.2,0.0,0.0,0.0,230000.0,1.0,5.1E8,
8.7E-35,0.5,6400.0,3200.0,5400.0,2999999.9999999995,5500.0,2500.0,7400.0,2300.0,1400.0,6.7,3099999.9999999995,4.8,0.25,0.25,0.0,130.0,1.2,0.0,0.0,0.0,230000.0,1.0,5.1E8,
8.7E-35,0.5,6400.0,3200.0,5400.0,2999999.9999999995,5500.0,2500.0,7400.0,2300.0,1400.0,6.7,3099999.9999999995,4.8,0.25,0.25,0.0,130.0,1.2,0.0,0.0,0.0,230000.0,1.0,5.1E8,
8.7E-35,0.5,6400.0,3200.0,5400.0,2999999.9999999995,5500.0,2500.0,7400.0,2300.0,1400.0,6.6,3099999.9999999995,4.8,0.25,0.25,0.0,130.0,1.2,0.0,0.0,0.0,220000.0,1.0,5.1E8,
8.7E-35,0.5,6400.0,3200.0,5400.0,2999999.9999999995,5500.0,2500.0,7400.0,2300.0,1400.0,6.6,3099999.9999999995,4.8,0.25,0.25,0.0,130.0,1.2,0.0,0.0,0.0,220000.0,1.0,5.1E8,
8.7E-35,0.5,6400.0,3200.0,5400.0,2999999.9999999995,5500.0,2500.0,7400.0,2300.0,1400.0,6.6,3099999.9999999995,4.8,0.25,0.25,0.0,130.0,1.2,0.0,0.0,0.0,220000.0,1.0,5.1E8,
8.7E-35,0.5,6400.0,3200.0,5400.0,2999999.9999999995,5500.0,2500.0,7400.0,2300.0,1400.0,6.6,3099999.9999999995,4.8,0.25,0.25,0.0,130.0,1.2,0.0,0.0,0.0,220000.0,1.0,5.1E8,
8.7E-35,0.5,6400.0,3200.0,5400.0,2999999.9999999995,5500.0,2500.0,7400.0,2300.0,1400.0,6.6,3099999.9999999995,4.8,0.25,0.25,0.0,130.0,1.2,0.0,0.0,0.0,220000.0,1.0,5.1E8,
8.7E-35,0.5,6400.0,3200.0,5400.0,2999999.9999999995,5500.0,2500.0,7400.0,2300.0,1400.0,6.6,3099999.9999999995,4.8,0.25,0.25,0.0,130.0,1.2,0.0,0.0,0.0,220000.0,1.0,5.1E8,
8.7E-35,0.5,6400.0,3200.0,5400.0,2999999.9999999995,5500.0,2500.0,7400.0,2300.0,1400.0,6.5,3099999.9999999995,4.8,0.25,0.25,0.0,130.0,1.2,0.0,0.0,0.0,220000.0,1.0,5.1E8,
8.7E-35,0.5,6400.0,3200.0,5400.0,2999999.9999999995,5500.0,2500.0,7400.0,2300.0,1400.0,6.5,3099999.9999999995,4.8,0.25,0.25,0.0,130.0,1.2,0.0,0.0,0.0,220000.0,1.0,5.1E8,
8.7E-35,0.5,6400.0,3200.0,5400.0,2999999.9999999995,5500.0,2500.0,7400.0,2300.0,1400.0,6.5,3099999.9999999995,4.8,0.25,0.25,0.0,130.0,1.2,0.0,0.0,0.0,220000.0,1.0,5.1E8,
8.7E-35,0.5,6400.0,3200.0,5400.0,2999999.9999999995,5500.0,2500.0,7400.0,2300.0,1400.0,6.5,3099999.9999999995,4.8,0.25,0.25,0.0,130.0,1.2,0.0,0.0,0.0,220000.0,1.0,5.1E8,
8.7E-35,0.5,6400.0,3200.0,5400.0,2999999.9999999995,5500.0,2500.0,7400.0,2300.0,1400.0,6.5,3099999.9999999995,4.8,0.25,0.25,0.0,130.0,1.2,0.0,0.0,0.0,220000.0,1.0,5.1E8,
8.7E-35,0.5,6400.0,3200.0,5400.0,2999999.9999999995,5500.0,2500.0,7400.0,2300.0,1400.0,6.5,3099999.9999999995,4.8,0.25,0.25,0.0,130.0,1.2,0.0,0.0,0.0,220000.0,1.0,5.1E8,
8.7E-35,0.5,6400.0,3200.0,5400.0,2999999.9999999995,5500.0,2500.0,7400.0,2300.0,1400.0,6.5,3099999.9999999995,4.8,0.25,0.25,0.0,130.0,1.2,0.0,0.0,0.0,220000.0,1.0,5.1E8,
8.7E-35,0.5,6400.0,3200.0,5400.0,2999999.9999999995,5500.0,2500.0,7400.0,2300.0,1400.0,6.4,3099999.9999999995,4.8,0.25,0.25,0.0,130.0,1.2,0.0,0.0,0.0,220000.0,1.0,5.1E8,
8.7E-35,0.5,6400.0,3200.0,5400.0,2999999.9999999995,5500.0,2500.0,7400.0,2300.0,1400.0,6.4,3099999.9999999995,4.8,0.25,0.25,0.0,120.0,1.2,0.0,0.0,0.0,220000.0,1.0,5.1E8,
8.7E-35,0.5,6400.0,3200.0,5400.0,2999999.9999999995,5500.0,2500.0,7400.0,2300.0,1400.0,6.4,3099999.9999999995,4.8,0.25,0.25,0.0,120.0,1.2,0.0,0.0,0.0,220000.0,1.0,5.1E8,
8.7E-35,0.5,6400.0,3200.0,5400.0,2999999.9999999995,5500.0,2500.0,7400.0,2300.0,1400.0,6.4,3099999.9999999995,4.8,0.25,0.25,0.0,120.0,1.2,0.0,0.0,0.0,220000.0,1.0,5.1E8,
8.7E-35,0.5,6400.0,3200.0,5400.0,2999999.9999999995,5500.0,2500.0,7400.0,2300.0,1400.0,6.4,3099999.9999999995,4.8,0.25,0.25,0.0,120.0,1.2,0.0,0.0,0.0,220000.0,1.0,5.1E8,
8.7E-35,0.5,6400.0,3200.0,5400.0,2999999.9999999995,5500.0,2500.0,7400.0,2300.0,1400.0,6.3,3099999.9999999995,4.8,0.25,0.25,0.0,120.0,1.2,0.0,0.0,0.0,210000.0,1.0,5.1E8,
8.7E-35,0.5,6400.0,3200.0,5400.0,2999999.9999999995,5500.0,2500.0,7400.0,2300.0,1400.0,6.3,3099999.9999999995,4.8,0.25,0.25,0.0,120.0,1.2,0.0,0.0,0.0,210000.0,1.0,5.1E8,
8.7E-35,0.5,6400.0,3200.0,5400.0,2999999.9999999995,5500.0,2500.0,7400.0,2300.0,1400.0,6.3,3099999.9999999995,4.8,0.25,0.25,0.0,120.0,1.2,0.0,0.0,0.0,210000.0,1.0,5.1E8,
8.7E-35,0.5,6400.0,3200.0,5400.0,2999999.9999999995,5500.0,2500.0,7400.0,2300.0,1400.0,6.3,3099999.9999999995,4.8,0.25,0.25,0.0,120.0,1.2,0.0,0.0,0.0,210000.0,1.0,5.1E8,
8.7E-35,0.5,6400.0,3200.0,5400.0,2999999.9999999995,5500.0,2500.0,7400.0,2300.0,1400.0,6.3,3099999.9999999995,4.8,0.25,0.25,0.0,120.0,1.2,0.0,0.0,0.0,210000.0,1.0,5.1E8,
8.7E-35,0.5,6400.0,3200.0,5400.0,2999999.9999999995,5500.0,2500.0,7400.0,2300.0,1400.0,6.2,3099999.9999999995,4.8,0.25,0.25,0.0,120.0,1.2,0.0,0.0,0.0,210000.0,1.0,5.1E8,
8.7E-35,0.5,6400.0,3200.0,5400.0,2999999.9999999995,5500.0,2500.0,7400.0,2300.0,1400.0,6.2,3099999.9999999995,4.8,0.25,0.25,0.0,120.0,1.2,0.0,0.0,0.0,210000.0,1.0,5.1E8,
8.7E-35,0.5,6400.0,3200.0,5400.0,2999999.9999999995,5500.0,2500.0,7400.0,2300.0,1400.0,6.2,3099999.9999999995,4.8,0.25,0.25,0.0,120.0,1.2,0.0,0.0,0.0,210000.0,1.0,5.1E8,
8.7E-35,0.5,6400.0,3200.0,5400.0,2999999.9999999995,5500.0,2500.0,7400.0,2300.0,1400.0,6.2,3099999.9999999995,4.8,0.25,0.25,0.0,120.0,1.2,0.0,0.0,0.0,210000.0,1.0,5.1E8,
8.7E-35,0.5,6400.0,3200.0,5400.0,2999999.9999999995,5500.0,2500.0,7400.0,2300.0,1400.0,6.2,3099999.9999999995,4.8,0.25,0.25,0.0,120.0,1.2,0.0,0.0,0.0,210000.0,1.0,5.1E8,
9.800000000000001E-34,5.7,3900.0,72000.0,24.0,3499999.9999999995,1200.0,2500.0,7400.0,2300.0,1400.0,6.3,3499999.9999999995,53.0,0.71,0.71,0.0,130.0,0.68,0.0,0.0,0.0,210000.0,1.0,5.2E8,
6.9E-35,0.4,3900.0,2100.0,24.0,3199999.9999999995,1200.0,2500.0,7400.0,2300.0,1400.0,6.2,3199999.9999999995,3.7,0.29,0.29,0.0,130.0,0.62,0.0,0.0,0.0,210000.0,1.0,5.1E8,
6.1E-35,0.41,3900.0,3000.0,1100.0,3399999.9999999995,1200.0,2500.0,7400.0,2300.0,1400.0,6.2,3399999.9999999995,3.9,0.29,0.29,0.0,130.0,0.65,0.0,0.0,0.0,210000.0,1.0,5.2E8,
5.799999999999999E-35,0.4,3900.0,3000.0,1100.0,3099999.9999999995,1200.0,2500.0,7400.0,2300.0,1400.0,6.2,3099999.9999999995,3.7,0.28,0.28,0.0,130.0,0.61,0.0,0.0,0.0,210000.0,1.0,5.1E8,
5.799999999999999E-35,0.4,3900.0,3000.0,1100.0,3099999.9999999995,1200.0,2500.0,7400.0,2300.0,1400.0,6.2,3099999.9999999995,3.7,0.28,0.28,0.0,130.0,0.61,0.0,0.0,0.0,210000.0,1.0,5.1E8,
5.799999999999999E-35,0.4,3900.0,3000.0,1100.0,3099999.9999999995,1200.0,2500.0,7400.0,2300.0,1400.0,6.1,3099999.9999999995,3.7,0.28,0.28,0.0,130.0,0.61,0.0,0.0,0.0,210000.0,1.0,5.1E8,
5.799999999999999E-35,0.4,3900.0,3000.0,1100.0,3099999.9999999995,1200.0,2500.0,7400.0,2300.0,1400.0,6.1,3099999.9999999995,3.7,0.28,0.28,0.0,130.0,0.61,0.0,0.0,0.0,200000.0,1.0,5.1E8,
5.799999999999999E-35,0.4,3900.0,3000.0,1100.0,3099999.9999999995,1200.0,2500.0,7400.0,2300.0,1400.0,6.1,3099999.9999999995,3.7,0.28,0.28,0.0,120.0,0.61,0.0,0.0,0.0,200000.0,1.0,5.1E8,
5.799999999999999E-35,0.4,3900.0,3000.0,1100.0,3099999.9999999995,1200.0,2500.0,7400.0,2300.0,1400.0,6.1,3099999.9999999995,3.7,0.28,0.28,0.0,120.0,0.61,0.0,0.0,0.0,200000.0,1.0,5.1E8,
5.799999999999999E-35,0.4,3900.0,3000.0,1100.0,3099999.9999999995,1200.0,2500.0,7300.0,2300.0,1400.0,6.1,3099999.9999999995,3.7,0.27,0.27,0.0,120.0,0.6,0.0,0.0,0.0,200000.0,1.0,5.1E8,
5.799999999999999E-35,0.4,3900.0,3000.0,1100.0,3099999.9999999995,1200.0,2500.0,7300.0,2300.0,1400.0,6.0,3099999.9999999995,3.7,0.27,0.27,0.0,120.0,0.6,0.0,0.0,0.0,200000.0,1.0,5.1E8,
5.799999999999999E-35,0.4,3900.0,3000.0,1100.0,3099999.9999999995,1200.0,2500.0,7300.0,2300.0,1400.0,6.0,3099999.9999999995,3.7,0.27,0.27,0.0,120.0,0.6,0.0,0.0,0.0,200000.0,1.0,5.1E8,
5.799999999999999E-35,0.4,3900.0,3000.0,1100.0,3099999.9999999995,1200.0,2500.0,7300.0,2300.0,1400.0,6.0,3099999.9999999995,3.7,0.27,0.27,0.0,120.0,0.6,0.0,0.0,0.0,200000.0,1.0,5.1E8,
5.799999999999999E-35,0.4,3900.0,3000.0,1100.0,3099999.9999999995,1200.0,2500.0,7300.0,2300.0,1400.0,6.0,3099999.9999999995,3.7,0.27,0.27,0.0,120.0,0.6,0.0,0.0,0.0,200000.0,1.0,5.1E8,
5.799999999999999E-35,0.4,3900.0,3000.0,1100.0,3099999.9999999995,1200.0,2500.0,7300.0,2300.0,1400.0,6.0,3099999.9999999995,3.7,0.27,0.27,0.0,120.0,0.6,0.0,0.0,0.0,200000.0,1.0,5.1E8,
6.1E-35,0.42,5200.0,5100.0,1100.0,3399999.9999999995,1200.0,2500.0,7300.0,2300.0,1400.0,6.0,3399999.9999999995,3.9,0.29,0.29,0.0,130.0,0.68,0.0,0.0,0.0,200000.0,1.0,5.1E8,
6.0E-35,0.41,5200.0,5100.0,1100.0,3299999.9999999995,1200.0,2500.0,7300.0,2300.0,1400.0,6.0,3299999.9999999995,3.9,0.29,0.29,0.0,130.0,0.66,0.0,0.0,0.0,200000.0,1.0,5.1E8,
5.9E-35,0.4,5200.0,5100.0,1100.0,3099999.9999999995,1200.0,2500.0,7300.0,2300.0,1400.0,5.9,3099999.9999999995,3.8,0.27,0.27,0.0,130.0,0.62,0.0,0.0,0.0,200000.0,1.0,5.1E8,
5.9E-35,0.4,5200.0,5100.0,1100.0,3099999.9999999995,1200.0,2500.0,7300.0,2300.0,1400.0,5.9,3099999.9999999995,3.8,0.27,0.27,0.0,130.0,0.62,0.0,0.0,0.0,200000.0,1.0,5.1E8,
5.9E-35,0.4,5200.0,5100.0,1100.0,3099999.9999999995,1200.0,2500.0,7300.0,2300.0,1400.0,5.9,3099999.9999999995,3.8,0.27,0.27,0.0,130.0,0.62,0.0,0.0,0.0,200000.0,1.0,5.1E8,
5.9E-35,0.4,5200.0,5100.0,1100.0,3099999.9999999995,1200.0,2500.0,7300.0,2300.0,1400.0,5.9,3099999.9999999995,3.8,0.27,0.27,0.0,130.0,0.62,0.0,0.0,0.0,200000.0,1.0,5.1E8,
5.9E-35,0.4,5200.0,5100.0,1100.0,3099999.9999999995,1200.0,2500.0,7300.0,2300.0,1400.0,5.9,3099999.9999999995,3.8,0.27,0.27,0.0,130.0,0.62,0.0,0.0,0.0,200000.0,1.0,5.1E8,
5.9E-35,0.4,5200.0,5100.0,1100.0,3099999.9999999995,1200.0,2500.0,7300.0,2300.0,1400.0,5.8,3099999.9999999995,3.8,0.27,0.27,0.0,130.0,0.62,0.0,0.0,0.0,190000.0,1.0,5.1E8,
5.9E-35,0.4,5200.0,5100.0,1100.0,3099999.9999999995,1200.0,2500.0,7300.0,2300.0,1400.0,5.8,3099999.9999999995,3.8,0.27,0.27,0.0,130.0,0.62,0.0,0.0,0.0,190000.0,1.0,5.1E8,
5.9E-35,0.4,5200.0,5100.0,1100.0,3099999.9999999995,1200.0,2500.0,7300.0,2300.0,1400.0,5.8,3099999.9999999995,3.8,0.27,0.27,0.0,130.0,0.62,0.0,0.0,0.0,190000.0,1.0,5.1E8,
5.9E-35,0.4,5200.0,5100.0,1100.0,3099999.9999999995,1200.0,2500.0,7300.0,2300.0,1400.0,5.8,3099999.9999999995,3.8,0.27,0.27,0.0,130.0,0.62,0.0,0.0,0.0,190000.0,1.0,5.1E8,
5.9E-35,0.4,5200.0,5100.0,1100.0,3099999.9999999995,1200.0,2500.0,7300.0,2300.0,1400.0,5.8,3099999.9999999995,3.8,0.27,0.27,0.0,120.0,0.62,0.0,0.0,0.0,190000.0,1.0,5.1E8,
5.9E-35,0.4,5200.0,5100.0,1100.0,3099999.9999999995,1200.0,2500.0,7300.0,2300.0,1400.0,5.7,3099999.9999999995,3.8,0.27,0.27,0.0,120.0,0.62,0.0,0.0,0.0,190000.0,1.0,5.1E8,
5.9E-35,0.4,5200.0,5100.0,1100.0,3099999.9999999995,1200.0,2500.0,7300.0,2300.0,1400.0,5.7,3099999.9999999995,3.8,0.27,0.27,0.0,120.0,0.62,0.0,0.0,0.0,190000.0,1.0,5.1E8,
5.9E-35,0.4,5200.0,5100.0,1100.0,3099999.9999999995,1200.0,2500.0,7300.0,2300.0,1400.0,5.7,3099999.9999999995,3.8,0.27,0.27,0.0,120.0,0.62,0.0,0.0,0.0,190000.0,1.0,5.1E8,
5.9E-35,0.4,5200.0,5100.0,1100.0,3099999.9999999995,1200.0,2500.0,7300.0,2300.0,1400.0,5.7,3099999.9999999995,3.8,0.27,0.27,0.0,120.0,0.62,0.0,0.0,0.0,190000.0,1.0,5.1E8,
5.9E-35,0.4,5200.0,5100.0,1100.0,3099999.9999999995,1200.0,2500.0,7300.0,2300.0,1400.0,5.7,3099999.9999999995,3.8,0.27,0.27,0.0,120.0,0.62,0.0,0.0,0.0,190000.0,1.0,5.1E8,
5.9E-35,0.4,5200.0,5100.0,1100.0,3099999.9999999995,1200.0,2500.0,7300.0,2300.0,1400.0,5.6,3099999.9999999995,3.8,0.27,0.27,0.0,120.0,0.62,0.0,0.0,0.0,190000.0,1.0,5.1E8,
5.9E-35,0.4,5200.0,5100.0,1100.0,3099999.9999999995,1200.0,2500.0,7300.0,2300.0,1400.0,5.6,3099999.9999999995,3.8,0.27,0.27,0.0,120.0,0.62,0.0,0.0,0.0,190000.0,1.0,5.1E8,
5.9E-35,0.4,5200.0,5100.0,1100.0,3099999.9999999995,1200.0,2500.0,7300.0,2300.0,1400.0,5.6,3099999.9999999995,3.8,0.27,0.27,0.0,120.0,0.62,0.0,0.0,0.0,190000.0,1.0,5.1E8,
5.9E-35,0.4,5200.0,5100.0,1100.0,3099999.9999999995,1200.0,2500.0,7300.0,2300.0,1400.0,5.6,3099999.9999999995,3.8,0.27,0.27,0.0,120.0,0.62,0.0,0.0,0.0,190000.0,1.0,5.1E8,
5.9E-35,0.4,5200.0,5100.0,1100.0,3099999.9999999995,1200.0,2500.0,7300.0,2300.0,1400.0,5.6,3099999.9999999995,3.8,0.27,0.27,0.0,120.0,0.62,0.0,0.0,0.0,190000.0,1.0,5.1E8,
5.9E-35,0.4,5200.0,5100.0,1100.0,3099999.9999999995,1200.0,2500.0,7300.0,2300.0,1400.0,5.6,3099999.9999999995,3.8,0.27,0.27,0.0,120.0,0.62,0.0,0.0,0.0,190000.0,1.0,5.1E8,
5.9E-35,0.4,5200.0,5100.0,1100.0,3099999.9999999995,1200.0,2500.0,7300.0,2300.0,1400.0,5.6,3099999.9999999995,3.8,0.27,0.27,0.0,120.0,0.62,0.0,0.0,0.0,190000.0,1.0,5.1E8,
5.9E-35,0.4,5200.0,5100.0,1100.0,3099999.9999999995,1200.0,2500.0,7300.0,2300.0,1400.0,5.5,3099999.9999999995,3.8,0.27,0.27,0.0,110.0,0.62,0.0,0.0,0.0,190000.0,1.0,5.1E8,
5.9E-35,0.4,5200.0,5100.0,1100.0,3099999.9999999995,1200.0,2500.0,7300.0,2300.0,1400.0,5.5,3099999.9999999995,3.8,0.27,0.27,0.0,110.0,0.62,0.0,0.0,0.0,180000.0,1.0,5.1E8,
5.9E-35,0.4,5200.0,5100.0,1100.0,3099999.9999999995,1200.0,2500.0,7300.0,2300.0,1400.0,5.5,3099999.9999999995,3.8,0.27,0.27,0.0,110.0,0.62,0.0,0.0,0.0,180000.0,1.0,5.1E8,
5.9E-35,0.4,5200.0,5100.0,1100.0,3099999.9999999995,1200.0,2500.0,7300.0,2300.0,1400.0,5.5,3099999.9999999995,3.8,0.27,0.27,0.0,110.0,0.62,0.0,0.0,0.0,180000.0,1.0,5.1E8,
5.9E-35,0.4,5200.0,5100.0,1100.0,3099999.9999999995,1200.0,2500.0,7300.0,2300.0,1400.0,5.5,3099999.9999999995,3.8,0.27,0.27,0.0,110.0,0.62,0.0,0.0,0.0,180000.0,1.0,5.1E8,
5.9E-35,0.4,5200.0,5100.0,1100.0,3099999.9999999995,1200.0,2500.0,7300.0,2300.0,1400.0,5.5,3099999.9999999995,3.8,0.27,0.27,0.0,110.0,0.62,0.0,0.0,0.0,180000.0,1.0,5.1E8,
5.9E-35,0.4,5200.0,5100.0,1100.0,3099999.9999999995,1200.0,2500.0,7300.0,2300.0,1400.0,5.5,3099999.9999999995,3.8,0.27,0.27,0.0,110.0,0.62,0.0,0.0,0.0,180000.0,1.0,5.1E8,
5.9E-35,0.4,5200.0,5100.0,1100.0,3099999.9999999995,1200.0,2500.0,7300.0,2300.0,1400.0,5.4,3099999.9999999995,3.8,0.27,0.27,0.0,110.0,0.62,0.0,0.0,0.0,180000.0,1.0,5.1E8,
5.9E-35,0.4,5200.0,5100.0,1100.0,3099999.9999999995,1200.0,2500.0,7300.0,2300.0,1400.0,5.4,3099999.9999999995,3.8,0.27,0.27,0.0,110.0,0.62,0.0,0.0,0.0,180000.0,1.0,5.1E8,
5.9E-35,0.4,5200.0,5100.0,1100.0,3099999.9999999995,1200.0,2500.0,7300.0,2300.0,1400.0,5.4,3099999.9999999995,3.8,0.27,0.27,0.0,110.0,0.62,0.0,0.0,0.0,180000.0,1.0,5.1E8,
5.9E-35,0.4,5200.0,5100.0,1100.0,3099999.9999999995,1200.0,2500.0,7300.0,2300.0,1400.0,5.4,3099999.9999999995,3.8,0.27,0.27,0.0,110.0,0.62,0.0,0.0,0.0,180000.0,1.0,5.1E8,
5.9E-35,0.4,5200.0,5100.0,1100.0,3099999.9999999995,1200.0,2500.0,7300.0,2300.0,1400.0,5.4,3099999.9999999995,3.8,0.27,0.27,0.0,110.0,0.62,0.0,0.0,0.0,180000.0,1.0,5.1E8,
5.9E-35,0.4,5200.0,5100.0,1100.0,3099999.9999999995,1200.0,2500.0,7300.0,2300.0,1400.0,5.4,3099999.9999999995,3.8,0.27,0.27,0.0,110.0,0.62,0.0,0.0,0.0,180000.0,1.0,5.1E8,
5.9E-35,0.4,5200.0,5100.0,1100.0,3099999.9999999995,1200.0,2500.0,7300.0,2300.0,1400.0,5.3,3099999.9999999995,3.8,0.27,0.27,0.0,110.0,0.62,0.0,0.0,0.0,180000.0,1.0,5.1E8,
5.9E-35,0.4,5200.0,5100.0,1100.0,3099999.9999999995,1200.0,2500.0,7300.0,2300.0,1400.0,5.3,3099999.9999999995,3.8,0.27,0.27,0.0,110.0,0.62,0.0,0.0,0.0,180000.0,1.0,5.1E8,
5.9E-35,0.4,5200.0,5100.0,1100.0,3099999.9999999995,1200.0,2500.0,7300.0,2300.0,1400.0,5.3,3099999.9999999995,3.8,0.27,0.27,0.0,100.0,0.62,0.0,0.0,0.0,180000.0,1.0,5.1E8,
5.9E-35,0.4,5200.0,5100.0,1100.0,3099999.9999999995,1200.0,2500.0,7300.0,2300.0,1400.0,5.3,3099999.9999999995,3.8,0.27,0.27,0.0,100.0,0.62,0.0,0.0,0.0,180000.0,1.0,5.1E8,
5.9E-35,0.4,5200.0,5100.0,1100.0,3099999.9999999995,1200.0,2500.0,7300.0,2300.0,1400.0,5.3,3099999.9999999995,3.8,0.27,0.27,0.0,100.0,0.62,0.0,0.0,0.0,180000.0,1.0,5.1E8,
5.9E-35,0.4,5200.0,5100.0,1100.0,3099999.9999999995,1200.0,2500.0,7300.0,2300.0,1400.0,5.3,3099999.9999999995,3.8,0.27,0.27,0.0,100.0,0.62,0.0,0.0,0.0,180000.0,1.0,5.1E8,
5.9E-35,0.4,5200.0,5100.0,1100.0,3099999.9999999995,1200.0,2500.0,7300.0,2300.0,1400.0,5.3,3099999.9999999995,3.8,0.27,0.27,0.0,100.0,0.62,0.0,0.0,0.0,180000.0,1.0,5.1E8,
5.9E-35,0.4,5200.0,5100.0,1100.0,3099999.9999999995,1200.0,2500.0,7300.0,2300.0,1400.0,5.2,3099999.9999999995,3.8,0.27,0.27,0.0,100.0,0.62,0.0,0.0,0.0,180000.0,1.0,5.1E8,
5.9E-35,0.4,5200.0,5100.0,1100.0,3099999.9999999995,1200.0,2500.0,7300.0,2300.0,1400.0,5.2,3099999.9999999995,3.8,0.27,0.27,0.0,99.0,0.62,0.0,0.0,0.0,170000.0,1.0,5.1E8,
5.9E-35,0.4,5200.0,5100.0,1100.0,3099999.9999999995,1200.0,2500.0,7300.0,2300.0,1400.0,5.2,3099999.9999999995,3.8,0.27,0.27,0.0,99.0,0.62,0.0,0.0,0.0,170000.0,1.0,5.1E8,
5.9E-35,0.4,5200.0,5100.0,1100.0,3099999.9999999995,1200.0,2500.0,7300.0,2300.0,1400.0,5.2,3099999.9999999995,3.8,0.27,0.27,0.0,98.0,0.62,0.0,0.0,0.0,170000.0,1.0,5.1E8,
5.9E-35,0.4,5200.0,5100.0,1100.0,3099999.9999999995,1200.0,2500.0,7300.0,2300.0,1400.0,5.2,3099999.9999999995,3.8,0.27,0.27,0.0,98.0,0.62,0.0,0.0,0.0,170000.0,1.0,5.1E8,
5.9E-35,0.4,5200.0,5100.0,1100.0,3099999.9999999995,1200.0,2500.0,7300.0,2300.0,1400.0,5.2,3099999.9999999995,3.8,0.27,0.27,0.0,97.0,0.62,0.0,0.0,0.0,170000.0,1.0,5.1E8,
5.9E-35,0.4,5200.0,5100.0,1100.0,3099999.9999999995,1200.0,2500.0,7300.0,2300.0,1400.0,5.2,3099999.9999999995,3.8,0.27,0.27,0.0,97.0,0.62,0.0,0.0,0.0,170000.0,1.0,5.1E8,
5.9E-35,0.4,5200.0,5100.0,1100.0,3099999.9999999995,1200.0,2500.0,7300.0,2300.0,1400.0,5.1,3099999.9999999995,3.8,0.27,0.27,0.0,97.0,0.62,0.0,0.0,0.0,170000.0,1.0,5.1E8,
5.9E-35,0.4,5200.0,5100.0,1100.0,3099999.9999999995,1200.0,2500.0,7300.0,2300.0,1400.0,5.1,3099999.9999999995,3.8,0.27,0.27,0.0,97.0,0.62,0.0,0.0,0.0,170000.0,1.0,5.1E8,
5.9E-35,0.4,5200.0,5100.0,1100.0,3099999.9999999995,1200.0,2500.0,7300.0,2300.0,1400.0,5.1,3099999.9999999995,3.8,0.27,0.27,0.0,96.0,0.62,0.0,0.0,0.0,170000.0,1.0,5.1E8,
5.9E-35,0.4,5200.0,5100.0,1100.0,3099999.9999999995,1200.0,2500.0,7300.0,2300.0,1400.0,5.1,3099999.9999999995,3.8,0.27,0.27,0.0,95.0,0.62,0.0,0.0,0.0,170000.0,1.0,5.1E8,
5.9E-35,0.4,5200.0,5100.0,1100.0,3099999.9999999995,1200.0,2500.0,7300.0,2300.0,1400.0,5.1,3099999.9999999995,3.8,0.27,0.27,0.0,94.0,0.62,0.0,0.0,0.0,170000.0,1.0,5.1E8,
6.5E-35,0.33,3400.0,2200.0,420.0,3199999.9999999995,2400.0,2500.0,7300.0,2300.0,5200.0,5.2,3199999.9999999995,2.9,0.35,0.35,0.0,110.0,0.35,0.0,0.0,0.0,170000.0,1.0,5.1E8,
6.299999999999999E-35,0.32,3400.0,2200.0,420.0,3099999.9999999995,2400.0,2500.0,7300.0,2300.0,5200.0,5.1,3099999.9999999995,2.9,0.35,0.35,0.0,110.0,0.34,0.0,0.0,0.0,170000.0,1.0,5.1E8,
6.299999999999999E-35,0.32,3400.0,2200.0,420.0,3099999.9999999995,2400.0,2500.0,7300.0,2300.0,5200.0,5.1,3099999.9999999995,2.9,0.35,0.35,0.0,110.0,0.34,0.0,0.0,0.0,170000.0,1.0,5.1E8,
6.299999999999999E-35,0.32,3400.0,2200.0,420.0,3099999.9999999995,2400.0,2500.0,7300.0,2300.0,5200.0,5.1,3099999.9999999995,2.9,0.35,0.35,0.0,110.0,0.34,0.0,0.0,0.0,170000.0,1.0,5.1E8,
6.299999999999999E-35,0.32,3400.0,2200.0,420.0,3099999.9999999995,2400.0,2500.0,7300.0,2300.0,5200.0,5.1,3099999.9999999995,2.9,0.35,0.35,0.0,110.0,0.34,0.0,0.0,0.0,170000.0,1.0,5.1E8,
6.299999999999999E-35,0.32,3400.0,2200.0,420.0,3099999.9999999995,2400.0,2500.0,7300.0,2300.0,5200.0,5.1,3099999.9999999995,2.9,0.35,0.35,0.0,100.0,0.34,0.0,0.0,0.0,170000.0,1.0,5.1E8,
6.299999999999999E-35,0.32,3400.0,2200.0,420.0,3099999.9999999995,2400.0,2500.0,7300.0,2300.0,5200.0,5.1,3099999.9999999995,2.9,0.35,0.35,0.0,100.0,0.34,0.0,0.0,0.0,170000.0,1.0,5.1E8,
6.299999999999999E-35,0.32,3400.0,2200.0,420.0,3099999.9999999995,2400.0,2500.0,7300.0,2300.0,5200.0,5.1,3099999.9999999995,2.9,0.35,0.35,0.0,100.0,0.34,0.0,0.0,0.0,170000.0,1.0,5.1E8,
6.299999999999999E-35,0.32,3400.0,2200.0,420.0,3099999.9999999995,2400.0,2500.0,7300.0,2300.0,5200.0,5.0,3099999.9999999995,2.9,0.35,0.35,0.0,100.0,0.34,0.0,0.0,0.0,170000.0,1.0,5.1E8,
6.299999999999999E-35,0.32,3400.0,2200.0,420.0,3099999.9999999995,2400.0,2500.0,7300.0,2300.0,5200.0,5.0,3099999.9999999995,2.9,0.35,0.35,0.0,100.0,0.34,0.0,0.0,0.0,170000.0,1.0,5.1E8,
2.4E-34,1.4,3400.0,21000.0,990.0,3399999.9999999995,2400.0,2500.0,7300.0,2300.0,5200.0,5.1,3399999.9999999995,13.0,0.43,0.43,0.0,100.0,0.37,0.0,0.0,0.0,170000.0,1.0,5.1E8,
7.5E-35,0.44,3400.0,3700.0,990.0,3299999.9999999995,2400.0,2500.0,7300.0,2300.0,5200.0,5.0,3299999.9999999995,4.1,0.35,0.35,0.0,100.0,0.36,0.0,0.0,0.0,170000.0,1.0,5.1E8,
7.3E-35,0.43,3400.0,3700.0,990.0,3099999.9999999995,2400.0,2500.0,7300.0,2300.0,5200.0,5.0,3199999.9999999995,4.0,0.35,0.35,0.0,110.0,0.34,0.0,0.0,0.0,170000.0,1.0,5.1E8,
7.199999999999999E-35,0.43,3400.0,3700.0,990.0,3099999.9999999995,2400.0,2500.0,7300.0,2300.0,5200.0,5.0,3099999.9999999995,3.9,0.34,0.34,0.0,110.0,0.34,0.0,0.0,0.0,170000.0,1.0,5.1E8,
7.199999999999999E-35,0.43,3400.0,3700.0,990.0,3099999.9999999995,2400.0,2500.0,7300.0,2300.0,5200.0,5.0,3099999.9999999995,3.9,0.34,0.34,0.0,110.0,0.34,0.0,0.0,0.0,170000.0,1.0,5.1E8,
7.199999999999999E-35,0.43,3400.0,3700.0,990.0,3099999.9999999995,2400.0,2500.0,7300.0,2300.0,5200.0,5.0,3099999.9999999995,3.9,0.34,0.34,0.0,110.0,0.34,0.0,0.0,0.0,170000.0,1.0,5.1E8,
7.199999999999999E-35,0.43,3400.0,3700.0,990.0,3099999.9999999995,2400.0,2500.0,7300.0,2300.0,5200.0,4.9,3099999.9999999995,3.9,0.34,0.34,0.0,110.0,0.34,0.0,0.0,0.0,160000.0,1.0,5.1E8,
7.199999999999999E-35,0.43,3400.0,3700.0,990.0,3099999.9999999995,2400.0,2500.0,7300.0,2300.0,5200.0,4.9,3099999.9999999995,3.9,0.34,0.34,0.0,110.0,0.34,0.0,0.0,0.0,160000.0,1.0,5.1E8,
7.199999999999999E-35,0.43,3400.0,3700.0,990.0,3099999.9999999995,2400.0,2500.0,7300.0,2300.0,5200.0,4.9,3099999.9999999995,3.9,0.34,0.34,0.0,110.0,0.34,0.0,0.0,0.0,160000.0,1.0,5.1E8,
7.199999999999999E-35,0.43,3400.0,3700.0,990.0,3099999.9999999995,2400.0,2500.0,7300.0,2300.0,5200.0,4.9,3099999.9999999995,3.9,0.34,0.34,0.0,100.0,0.34,0.0,0.0,0.0,160000.0,1.0,5.1E8,
7.199999999999999E-35,0.43,3400.0,3700.0,990.0,3099999.9999999995,2400.0,2500.0,7300.0,2300.0,5200.0,4.9,3099999.9999999995,3.9,0.34,0.34,0.0,100.0,0.34,0.0,0.0,0.0,160000.0,1.0,5.1E8,
7.199999999999999E-35,0.43,3400.0,3700.0,990.0,3099999.9999999995,2400.0,2500.0,7300.0,2300.0,5200.0,4.9,3099999.9999999995,3.9,0.34,0.34,0.0,100.0,0.34,0.0,0.0,0.0,160000.0,1.0,5.1E8,
9.099999999999999E-35,0.54,4600.0,3100.0,3600.0,3299999.9999999995,2400.0,2500.0,7300.0,2300.0,5200.0,4.9,3299999.9999999995,5.0,0.36,0.36,0.0,110.0,0.36,0.0,0.0,0.0,160000.0,1.0,5.1E8,
8.9E-35,0.53,4600.0,3100.0,3600.0,3099999.9999999995,2400.0,2500.0,7300.0,2300.0,5200.0,4.9,3099999.9999999995,4.9,0.35,0.35,0.0,110.0,0.35,0.0,0.0,0.0,160000.0,1.0,5.1E8,
8.9E-35,0.53,4600.0,3100.0,3600.0,3099999.9999999995,2400.0,2500.0,7300.0,2300.0,5200.0,4.9,3099999.9999999995,4.9,0.35,0.35,0.0,110.0,0.35,0.0,0.0,0.0,160000.0,1.0,5.1E8,
8.9E-35,0.53,4600.0,3100.0,3600.0,2999999.9999999995,2400.0,2500.0,7300.0,2300.0,5200.0,4.9,3099999.9999999995,4.9,0.35,0.35,0.0,110.0,0.35,0.0,0.0,0.0,160000.0,1.0,5.0E8,
8.9E-35,0.53,4600.0,3100.0,3600.0,2999999.9999999995,2400.0,2500.0,7300.0,2300.0,5200.0,4.8,3099999.9999999995,4.9,0.35,0.35,0.0,110.0,0.35,0.0,0.0,0.0,160000.0,1.0,5.0E8,
8.9E-35,0.53,4600.0,3100.0,3600.0,2999999.9999999995,2400.0,2500.0,7300.0,2300.0,5200.0,4.8,3099999.9999999995,4.9,0.35,0.35,0.0,100.0,0.35,0.0,0.0,0.0,160000.0,1.0,5.0E8,
8.9E-35,0.53,4600.0,3100.0,3600.0,2999999.9999999995,2400.0,2500.0,7300.0,2300.0,5200.0,4.8,3099999.9999999995,4.9,0.35,0.35,0.0,100.0,0.35,0.0,0.0,0.0,160000.0,1.0,5.0E8,
8.9E-35,0.53,4600.0,3100.0,3600.0,2999999.9999999995,2400.0,2500.0,7300.0,2300.0,5200.0,4.8,3099999.9999999995,4.9,0.35,0.35,0.0,100.0,0.35,0.0,0.0,0.0,160000.0,1.0,5.0E8,
8.9E-35,0.53,4600.0,3100.0,3600.0,2999999.9999999995,2400.0,2500.0,7300.0,2300.0,5200.0,4.8,3099999.9999999995,4.9,0.35,0.35,0.0,100.0,0.35,0.0,0.0,0.0,160000.0,1.0,5.0E8,
8.9E-35,0.53,4600.0,3100.0,3600.0,2999999.9999999995,2400.0,2500.0,7300.0,2300.0,5200.0,4.8,3099999.9999999995,4.9,0.35,0.35,0.0,100.0,0.35,0.0,0.0,0.0,160000.0,1.0,5.0E8,
8.9E-35,0.53,4600.0,3100.0,3600.0,2999999.9999999995,2400.0,2500.0,7300.0,2300.0,5200.0,4.8,3099999.9999999995,4.9,0.35,0.35,0.0,100.0,0.35,0.0,0.0,0.0,160000.0,1.0,5.0E8,
8.9E-35,0.53,4600.0,3100.0,3600.0,2999999.9999999995,2400.0,2500.0,7300.0,2300.0,5200.0,4.8,3099999.9999999995,4.9,0.35,0.35,0.0,100.0,0.35,0.0,0.0,0.0,160000.0,1.0,5.0E8,
8.9E-35,0.53,4600.0,3100.0,3600.0,2999999.9999999995,2400.0,2500.0,7300.0,2300.0,5200.0,4.7,3099999.9999999995,4.9,0.35,0.35,0.0,100.0,0.35,0.0,0.0,0.0,160000.0,1.0,5.0E8,
8.9E-35,0.53,4600.0,3100.0,3600.0,2999999.9999999995,2400.0,2500.0,7300.0,2300.0,5200.0,4.7,3099999.9999999995,4.9,0.35,0.35,0.0,100.0,0.35,0.0,0.0,0.0,160000.0,1.0,5.0E8,
8.9E-35,0.53,4600.0,3100.0,3600.0,2999999.9999999995,2400.0,2500.0,7300.0,2300.0,5200.0,4.7,3099999.9999999995,4.9,0.35,0.35,0.0,100.0,0.35,0.0,0.0,0.0,160000.0,1.0,5.0E8,
8.9E-35,0.53,4600.0,3100.0,3600.0,2999999.9999999995,2400.0,2500.0,7300.0,2300.0,5200.0,4.7,3099999.9999999995,4.9,0.35,0.35,0.0,100.0,0.35,0.0,0.0,0.0,160000.0,1.0,5.0E8,
8.9E-35,0.53,4600.0,3100.0,3600.0,2999999.9999999995,2400.0,2500.0,7300.0,2300.0,5200.0,4.7,3099999.9999999995,4.9,0.35,0.35,0.0,100.0,0.35,0.0,0.0,0.0,160000.0,1.0,5.0E8,
8.9E-35,0.53,4600.0,3100.0,3600.0,2999999.9999999995,2400.0,2500.0,7300.0,2300.0,5200.0,4.7,3099999.9999999995,4.9,0.35,0.35,0.0,100.0,0.35,0.0,0.0,0.0,160000.0,1.0,5.0E8,
8.9E-35,0.53,4600.0,3100.0,3600.0,2999999.9999999995,2400.0,2500.0,7300.0,2300.0,5200.0,4.7,3099999.9999999995,4.9,0.35,0.35,0.0,100.0,0.35,0.0,0.0,0.0,160000.0,1.0,5.0E8,
8.9E-35,0.53,4600.0,3100.0,3600.0,2999999.9999999995,2400.0,2500.0,7300.0,2300.0,5200.0,4.7,3099999.9999999995,4.9,0.35,0.35,0.0,100.0,0.35,0.0,0.0,0.0,150000.0,1.0,5.0E8,
8.9E-35,0.53,4600.0,3100.0,3600.0,2999999.9999999995,2400.0,2500.0,7300.0,2300.0,5200.0,4.7,3099999.9999999995,4.9,0.35,0.35,0.0,100.0,0.35,0.0,0.0,0.0,150000.0,1.0,5.0E8,
8.9E-35,0.53,4600.0,3100.0,3600.0,2999999.9999999995,2400.0,2500.0,7300.0,2300.0,5200.0,4.6,3099999.9999999995,4.9,0.35,0.35,0.0,99.0,0.35,0.0,0.0,0.0,150000.0,1.0,5.0E8,
8.9E-35,0.53,4600.0,3100.0,3600.0,2999999.9999999995,2400.0,2500.0,7300.0,2300.0,5200.0,4.6,3099999.9999999995,4.9,0.35,0.35,0.0,95.0,0.35,0.0,0.0,0.0,150000.0,1.0,5.0E8,
8.9E-35,0.53,4600.0,3100.0,3600.0,2999999.9999999995,2400.0,2500.0,7300.0,2300.0,5200.0,4.6,3099999.9999999995,4.9,0.35,0.35,0.0,94.0,0.35,0.0,0.0,0.0,150000.0,1.0,5.0E8,
8.9E-35,0.53,4600.0,3100.0,3600.0,2999999.9999999995,2400.0,2500.0,7300.0,2300.0,5200.0,4.6,3099999.9999999995,4.9,0.35,0.35,0.0,93.0,0.35,0.0,0.0,0.0,150000.0,1.0,5.0E8,
8.9E-35,0.53,4600.0,3100.0,3600.0,2999999.9999999995,2400.0,2500.0,7300.0,2300.0,5200.0,4.6,3099999.9999999995,4.9,0.35,0.35,0.0,91.0,0.35,0.0,0.0,0.0,150000.0,1.0,5.0E8,
8.9E-35,0.53,4600.0,3100.0,3600.0,2999999.9999999995,2400.0,2500.0,7300.0,2300.0,5200.0,4.6,3099999.9999999995,4.9,0.35,0.35,0.0,90.0,0.35,0.0,0.0,0.0,150000.0,1.0,5.0E8,
8.9E-35,0.53,4600.0,3100.0,3600.0,2999999.9999999995,2400.0,2500.0,7300.0,2300.0,5200.0,4.6,3099999.9999999995,4.9,0.35,0.35,0.0,90.0,0.35,0.0,0.0,0.0,150000.0,1.0,5.0E8,
8.9E-35,0.53,4600.0,3100.0,3600.0,2999999.9999999995,2400.0,2500.0,7300.0,2300.0,5200.0,4.5,3099999.9999999995,4.9,0.35,0.35,0.0,88.0,0.35,0.0,0.0,0.0,150000.0,1.0,5.0E8,
8.9E-35,0.53,4600.0,3100.0,3600.0,2999999.9999999995,2400.0,2500.0,7300.0,2300.0,5200.0,4.5,3099999.9999999995,4.9,0.35,0.35,0.0,87.0,0.35,0.0,0.0,0.0,150000.0,1.0,5.0E8,
8.9E-35,0.53,4600.0,3100.0,3600.0,2999999.9999999995,2400.0,2500.0,7300.0,2300.0,5200.0,4.5,3099999.9999999995,4.9,0.35,0.35,0.0,87.0,0.35,0.0,0.0,0.0,150000.0,1.0,5.0E8,
8.9E-35,0.53,4600.0,3100.0,3600.0,2999999.9999999995,2400.0,2500.0,7300.0,2300.0,5200.0,4.5,3099999.9999999995,4.9,0.35,0.35,0.0,86.0,0.35,0.0,0.0,0.0,150000.0,1.0,5.0E8,
8.9E-35,0.53,4600.0,3100.0,3600.0,2999999.9999999995,2400.0,2500.0,7300.0,2300.0,5200.0,4.5,3099999.9999999995,4.9,0.35,0.35,0.0,86.0,0.35,0.0,0.0,0.0,150000.0,1.0,5.0E8,
8.9E-35,0.53,4600.0,3100.0,3600.0,2999999.9999999995,2400.0,2500.0,7300.0,2300.0,5200.0,4.5,3099999.9999999995,4.9,0.35,0.35,0.0,86.0,0.35,0.0,0.0,0.0,150000.0,1.0,5.0E8,
8.9E-35,0.53,4600.0,3100.0,3600.0,2999999.9999999995,2400.0,2500.0,7300.0,2300.0,5200.0,4.5,3099999.9999999995,4.9,0.35,0.35,0.0,86.0,0.35,0.0,0.0,0.0,150000.0,1.0,5.0E8,
8.9E-35,0.53,4600.0,3100.0,3600.0,2999999.9999999995,2400.0,2500.0,7300.0,2300.0,5200.0,4.4,3099999.9999999995,4.9,0.35,0.35,0.0,86.0,0.35,0.0,0.0,0.0,150000.0,1.0,5.0E8,
8.9E-35,0.53,4600.0,3100.0,3600.0,2999999.9999999995,2400.0,2500.0,7300.0,2300.0,5200.0,4.4,3099999.9999999995,4.9,0.35,0.35,0.0,84.0,0.35,0.0,0.0,0.0,150000.0,1.0,5.0E8,
8.9E-35,0.53,4600.0,3100.0,3600.0,2999999.9999999995,2400.0,2500.0,7300.0,2300.0,5200.0,4.4,3099999.9999999995,4.9,0.35,0.35,0.0,84.0,0.35,0.0,0.0,0.0,150000.0,1.0,5.0E8,
8.9E-35,0.53,4600.0,3100.0,3600.0,2999999.9999999995,2400.0,2500.0,7300.0,2300.0,5200.0,4.4,3099999.9999999995,4.9,0.35,0.35,0.0,84.0,0.35,0.0,0.0,0.0,150000.0,1.0,5.0E8,
8.9E-35,0.53,4600.0,3100.0,3600.0,2999999.9999999995,2400.0,2500.0,7300.0,2300.0,5200.0,4.4,3099999.9999999995,4.9,0.35,0.35,0.0,84.0,0.35,0.0,0.0,0.0,150000.0,1.0,5.0E8,
8.9E-35,0.53,4600.0,3100.0,3600.0,2999999.9999999995,2400.0,2500.0,7300.0,2300.0,5200.0,4.4,3099999.9999999995,4.9,0.35,0.35,0.0,84.0,0.35,0.0,0.0,0.0,150000.0,1.0,5.0E8,
8.9E-35,0.53,4600.0,3100.0,3600.0,2999999.9999999995,2400.0,2500.0,7300.0,2300.0,5200.0,4.4,3099999.9999999995,4.9,0.35,0.35,0.0,84.0,0.35,0.0,0.0,0.0,150000.0,1.0,5.0E8,
8.9E-35,0.53,4600.0,3100.0,3600.0,2999999.9999999995,2400.0,2500.0,7300.0,2300.0,5200.0,4.4,3099999.9999999995,4.9,0.35,0.35,0.0,82.0,0.35,0.0,0.0,0.0,150000.0,1.0,5.0E8,
8.9E-35,0.53,4600.0,3100.0,3600.0,2999999.9999999995,2400.0,2500.0,7300.0,2300.0,5200.0,4.4,3099999.9999999995,4.9,0.35,0.35,0.0,82.0,0.35,0.0,0.0,0.0,140000.0,1.0,5.0E8,
8.9E-35,0.53,4600.0,3100.0,3600.0,2999999.9999999995,2400.0,2500.0,7300.0,2300.0,5200.0,4.3,3099999.9999999995,4.9,0.35,0.35,0.0,82.0,0.35,0.0,0.0,0.0,140000.0,1.0,5.0E8,
8.9E-35,0.53,4600.0,3100.0,3600.0,2999999.9999999995,2400.0,2500.0,7300.0,2300.0,5200.0,4.3,3099999.9999999995,4.9,0.35,0.35,0.0,82.0,0.35,0.0,0.0,0.0,140000.0,1.0,5.0E8,
8.9E-35,0.53,4600.0,3100.0,3600.0,2999999.9999999995,2400.0,2500.0,7300.0,2300.0,5200.0,4.3,3099999.9999999995,4.9,0.35,0.35,0.0,80.0,0.35,0.0,0.0,0.0,140000.0,1.0,5.0E8,
8.9E-35,0.53,4600.0,3100.0,3600.0,2999999.9999999995,2400.0,2500.0,7300.0,2300.0,5200.0,4.3,3099999.9999999995,4.9,0.35,0.35,0.0,80.0,0.35,0.0,0.0,0.0,140000.0,1.0,5.0E8,
8.9E-35,0.53,4600.0,3100.0,3600.0,2999999.9999999995,2400.0,2500.0,7300.0,2300.0,5200.0,4.3,3099999.9999999995,4.9,0.35,0.35,0.0,79.0,0.35,0.0,0.0,0.0,140000.0,1.0,5.0E8,
8.9E-35,0.53,4600.0,3100.0,3600.0,2999999.9999999995,2400.0,2500.0,7300.0,2300.0,5200.0,4.3,3099999.9999999995,4.9,0.35,0.35,0.0,79.0,0.35,0.0,0.0,0.0,140000.0,1.0,5.0E8,
8.9E-35,0.53,4600.0,3100.0,3600.0,2999999.9999999995,2400.0,2500.0,7300.0,2300.0,5200.0,4.3,3099999.9999999995,4.9,0.35,0.35,0.0,79.0,0.35,0.0,0.0,0.0,140000.0,1.0,5.0E8,
8.9E-35,0.53,4600.0,3100.0,3600.0,2999999.9999999995,2400.0,2500.0,7300.0,2300.0,5200.0,4.2,3099999.9999999995,4.9,0.35,0.35,0.0,79.0,0.35,0.0,0.0,0.0,140000.0,1.0,5.0E8,
8.9E-35,0.53,4600.0,3100.0,3600.0,2999999.9999999995,2400.0,2500.0,7300.0,2300.0,5200.0,4.2,3099999.9999999995,4.9,0.35,0.35,0.0,78.0,0.35,0.0,0.0,0.0,140000.0,1.0,5.0E8,
8.9E-35,0.53,4600.0,3100.0,3600.0,2999999.9999999995,2400.0,2500.0,7300.0,2300.0,5200.0,4.2,3099999.9999999995,4.9,0.35,0.35,0.0,78.0,0.35,0.0,0.0,0.0,140000.0,1.0,5.0E8,
8.9E-35,0.53,4600.0,3100.0,3600.0,2999999.9999999995,2400.0,2500.0,7300.0,2300.0,5200.0,4.2,3099999.9999999995,4.9,0.35,0.35,0.0,78.0,0.35,0.0,0.0,0.0,140000.0,1.0,5.0E8,
8.9E-35,0.53,4600.0,3100.0,3600.0,2999999.9999999995,2400.0,2500.0,7300.0,2300.0,5200.0,4.2,3099999.9999999995,4.9,0.35,0.35,0.0,77.0,0.35,0.0,0.0,0.0,140000.0,1.0,5.0E8,
8.9E-35,0.53,4600.0,3100.0,3600.0,2999999.9999999995,2400.0,2500.0,7300.0,2300.0,5200.0,4.2,3099999.9999999995,4.9,0.35,0.35,0.0,77.0,0.35,0.0,0.0,0.0,140000.0,1.0,5.0E8,
8.9E-35,0.53,4600.0,3100.0,3600.0,2999999.9999999995,2400.0,2500.0,7300.0,2300.0,5200.0,4.2,3099999.9999999995,4.9,0.35,0.35,0.0,77.0,0.35,0.0,0.0,0.0,140000.0,1.0,5.0E8,
8.9E-35,0.53,4600.0,3100.0,3600.0,2999999.9999999995,2400.0,2500.0,7300.0,2300.0,5200.0,4.2,3099999.9999999995,4.9,0.35,0.35,0.0,77.0,0.35,0.0,0.0,0.0,140000.0,1.0,5.0E8,
8.9E-35,0.53,4600.0,3100.0,3600.0,2999999.9999999995,2400.0,2500.0,7300.0,2300.0,5200.0,4.2,3099999.9999999995,4.9,0.35,0.35,0.0,77.0,0.35,0.0,0.0,0.0,140000.0,1.0,5.0E8,
8.9E-35,0.53,4600.0,3100.0,3600.0,2999999.9999999995,2400.0,2500.0,7300.0,2300.0,5200.0,4.2,3099999.9999999995,4.9,0.35,0.35,0.0,77.0,0.35,0.0,0.0,0.0,140000.0,1.0,5.0E8,
8.9E-35,0.53,4600.0,3100.0,3600.0,2999999.9999999995,2400.0,2500.0,7300.0,2300.0,5200.0,4.1,3099999.9999999995,4.9,0.35,0.35,0.0,76.0,0.35,0.0,0.0,0.0,140000.0,1.0,5.0E8,
8.9E-35,0.53,4600.0,3100.0,3600.0,2999999.9999999995,2400.0,2500.0,7300.0,2300.0,5200.0,4.1,3099999.9999999995,4.9,0.35,0.35,0.0,76.0,0.35,0.0,0.0,0.0,140000.0,1.0,5.0E8,
8.9E-35,0.53,4600.0,3100.0,3600.0,2999999.9999999995,2400.0,2500.0,7300.0,2300.0,5200.0,4.1,3099999.9999999995,4.9,0.35,0.35,0.0,76.0,0.35,0.0,0.0,0.0,140000.0,1.0,5.0E8,
8.9E-35,0.53,4600.0,3100.0,3600.0,2999999.9999999995,2400.0,2500.0,7300.0,2300.0,5200.0,4.1,3099999.9999999995,4.9,0.35,0.35,0.0,76.0,0.35,0.0,0.0,0.0,140000.0,1.0,5.0E8,
8.9E-35,0.53,4600.0,3100.0,3600.0,2999999.9999999995,2400.0,2500.0,7300.0,2300.0,5200.0,4.1,3099999.9999999995,4.9,0.35,0.35,0.0,74.0,0.35,0.0,0.0,0.0,140000.0,1.0,5.0E8,
8.9E-35,0.53,4600.0,3100.0,3600.0,2999999.9999999995,2400.0,2500.0,7300.0,2300.0,5200.0,4.1,3099999.9999999995,4.9,0.35,0.35,0.0,73.0,0.35,0.0,0.0,0.0,140000.0,1.0,5.0E8,
8.9E-35,0.53,4600.0,3100.0,3600.0,2999999.9999999995,2400.0,2500.0,7300.0,2300.0,5200.0,4.1,3099999.9999999995,4.9,0.35,0.35,0.0,71.0,0.35,0.0,0.0,0.0,130000.0,1.0,5.0E8,
8.9E-35,0.53,4600.0,3100.0,3600.0,2999999.9999999995,2400.0,2500.0,7300.0,2300.0,5200.0,4.0,3099999.9999999995,4.9,0.35,0.35,0.0,69.0,0.35,0.0,0.0,0.0,130000.0,1.0,5.0E8,
8.9E-35,0.53,4600.0,3100.0,3600.0,2999999.9999999995,2400.0,2500.0,7300.0,2300.0,5200.0,4.0,3099999.9999999995,4.9,0.35,0.35,0.0,67.0,0.35,0.0,0.0,0.0,130000.0,1.0,5.0E8,
8.9E-35,0.53,4600.0,3100.0,3600.0,2999999.9999999995,2400.0,2500.0,7300.0,2300.0,5200.0,4.0,3099999.9999999995,4.9,0.35,0.35,0.0,67.0,0.35,0.0,0.0,0.0,130000.0,1.0,5.0E8,
8.9E-35,0.53,4600.0,3100.0,3600.0,2999999.9999999995,2400.0,2500.0,7300.0,2300.0,5200.0,4.0,3099999.9999999995,4.9,0.35,0.35,0.0,67.0,0.35,0.0,0.0,0.0,130000.0,1.0,5.0E8,
8.9E-35,0.53,4600.0,3100.0,3600.0,2999999.9999999995,2400.0,2500.0,7300.0,2300.0,5200.0,4.0,3099999.9999999995,4.9,0.35,0.35,0.0,67.0,0.35,0.0,0.0,0.0,130000.0,1.0,5.0E8,
8.9E-35,0.53,4600.0,3100.0,3600.0,2999999.9999999995,2400.0,2500.0,7300.0,2300.0,5200.0,4.0,3099999.9999999995,4.9,0.35,0.35,0.0,67.0,0.35,0.0,0.0,0.0,130000.0,1.0,5.0E8,
8.9E-35,0.53,4600.0,3100.0,3600.0,2999999.9999999995,2400.0,2500.0,7300.0,2300.0,5200.0,4.0,3099999.9999999995,4.9,0.35,0.35,0.0,66.0,0.35,0.0,0.0,0.0,130000.0,1.0,5.0E8,
8.9E-35,0.53,4600.0,3100.0,3600.0,2999999.9999999995,2400.0,2500.0,7300.0,2300.0,5200.0,3.9,3099999.9999999995,4.9,0.35,0.35,0.0,65.0,0.35,0.0,0.0,0.0,130000.0,1.0,5.0E8,
1.3E-34,0.63,3000.0,1600.0,6500.0,3499999.9999999995,2400.0,2500.0,7300.0,2300.0,180.0,4.1,3499999.9999999995,6.4,0.092,0.092,0.0,73.0,1.9,0.0,0.0,0.0,130000.0,1.0,5.1E8,
1.3E-34,0.6,3000.0,1600.0,6500.0,2999999.9999999995,2400.0,2500.0,7200.0,2300.0,180.0,4.0,3099999.9999999995,6.1,0.083,0.083,0.0,75.0,1.8,0.0,0.0,0.0,130000.0,1.0,5.0E8,
1.3E-34,0.6,3000.0,1600.0,6500.0,2999999.9999999995,2400.0,2500.0,7200.0,2300.0,180.0,4.0,3099999.9999999995,6.1,0.083,0.083,0.0,75.0,1.8,0.0,0.0,0.0,130000.0,1.0,5.0E8,
1.3E-34,0.6,3000.0,1600.0,6500.0,2999999.9999999995,2400.0,2500.0,7200.0,2300.0,180.0,4.0,3099999.9999999995,6.1,0.083,0.083,0.0,75.0,1.8,0.0,0.0,0.0,130000.0,1.0,5.0E8,
1.3E-34,0.6,3000.0,1600.0,6500.0,2999999.9999999995,2400.0,2500.0,7200.0,2300.0,180.0,4.0,3099999.9999999995,6.1,0.083,0.083,0.0,74.0,1.8,0.0,0.0,0.0,130000.0,1.0,5.0E8,
1.3E-34,0.6,3000.0,1600.0,6500.0,2999999.9999999995,2400.0,2500.0,7200.0,2300.0,180.0,4.0,3099999.9999999995,6.1,0.083,0.083,0.0,74.0,1.8,0.0,0.0,0.0,130000.0,1.0,5.0E8,
1.3E-34,0.6,3000.0,1600.0,6500.0,2999999.9999999995,2400.0,2500.0,7200.0,2300.0,180.0,4.0,3099999.9999999995,6.1,0.083,0.083,0.0,73.0,1.8,0.0,0.0,0.0,130000.0,1.0,5.0E8,
1.3E-34,0.6,3000.0,1600.0,6500.0,2999999.9999999995,2400.0,2500.0,7200.0,2300.0,180.0,4.0,3099999.9999999995,6.1,0.083,0.083,0.0,71.0,1.8,0.0,0.0,0.0,130000.0,1.0,5.0E8,
1.3E-34,0.6,3000.0,1600.0,6500.0,2999999.9999999995,2400.0,2500.0,7200.0,2300.0,180.0,3.9,3099999.9999999995,6.1,0.083,0.083,0.0,71.0,1.8,0.0,0.0,0.0,130000.0,1.0,5.0E8,
1.3E-34,0.6,3000.0,1600.0,6500.0,2999999.9999999995,2400.0,2500.0,7200.0,2300.0,180.0,3.9,3099999.9999999995,6.1,0.083,0.083,0.0,70.0,1.8,0.0,0.0,0.0,130000.0,1.0,5.0E8,
1.3E-34,0.6,3000.0,1600.0,6500.0,2999999.9999999995,2400.0,2500.0,7200.0,2300.0,180.0,3.9,3099999.9999999995,6.1,0.083,0.083,0.0,70.0,1.8,0.0,0.0,0.0,130000.0,1.0,5.0E8,
1.3E-34,0.6,3000.0,1600.0,6500.0,2999999.9999999995,2400.0,2500.0,7200.0,2300.0,180.0,3.9,3099999.9999999995,6.1,0.083,0.083,0.0,70.0,1.8,0.0,0.0,0.0,130000.0,1.0,5.0E8,
1.3E-34,0.6,3000.0,1600.0,6500.0,2999999.9999999995,2400.0,2500.0,7200.0,2300.0,180.0,3.9,3099999.9999999995,6.1,0.083,0.083,0.0,70.0,1.8,0.0,0.0,0.0,130000.0,1.0,5.0E8,
1.3E-34,0.6,3000.0,1600.0,6500.0,2999999.9999999995,2400.0,2500.0,7200.0,2300.0,180.0,3.9,3099999.9999999995,6.1,0.083,0.083,0.0,69.0,1.8,0.0,0.0,0.0,130000.0,1.0,5.0E8,
1.3E-34,0.6,3000.0,1600.0,6500.0,2999999.9999999995,2400.0,2500.0,7200.0,2300.0,180.0,3.9,3099999.9999999995,6.1,0.083,0.083,0.0,69.0,1.8,0.0,0.0,0.0,130000.0,1.0,5.0E8,
1.0E-34,0.48,14000.0,3600.0,2700.0,3599999.9999999995,2400.0,2500.0,7200.0,2300.0,180.0,4.1,3599999.9999999995,4.5,0.098,0.098,0.0,99.0,0.84,0.0,0.0,0.0,130000.0,1.0,5.2E8,
1.0E-34,0.47,1700.0,3600.0,2700.0,3399999.9999999995,2400.0,2400.0,7200.0,2300.0,180.0,4.0,3499999.9999999995,4.4,0.095,0.095,0.0,100.0,0.82,0.0,0.0,0.0,130000.0,1.0,5.1E8,
9.9E-35,0.46,1700.0,3600.0,2700.0,3299999.9999999995,2400.0,2400.0,7200.0,2300.0,180.0,4.0,3299999.9999999995,4.4,0.091,0.091,0.0,100.0,0.8,0.0,0.0,0.0,130000.0,1.0,5.1E8,
9.699999999999999E-35,0.45,1700.0,3600.0,2700.0,3099999.9999999995,2400.0,2400.0,7200.0,2300.0,180.0,4.0,3099999.9999999995,4.3,0.086,0.086,0.0,100.0,0.77,0.0,0.0,0.0,130000.0,1.0,5.1E8,
9.699999999999999E-35,0.45,1700.0,3600.0,2700.0,3099999.9999999995,2400.0,2400.0,7200.0,2300.0,180.0,4.0,3099999.9999999995,4.3,0.086,0.086,0.0,99.0,0.77,0.0,0.0,0.0,130000.0,1.0,5.1E8,
9.699999999999999E-35,0.45,1700.0,3600.0,2700.0,3099999.9999999995,2400.0,2400.0,7200.0,2300.0,180.0,4.0,3099999.9999999995,4.3,0.086,0.086,0.0,98.0,0.77,0.0,0.0,0.0,130000.0,1.0,5.1E8,
9.699999999999999E-35,0.45,1700.0,3600.0,2700.0,3099999.9999999995,2400.0,2400.0,7200.0,2300.0,180.0,4.0,3099999.9999999995,4.3,0.086,0.086,0.0,98.0,0.77,0.0,0.0,0.0,130000.0,1.0,5.1E8,
9.699999999999999E-35,0.45,1700.0,3600.0,2700.0,3099999.9999999995,2400.0,2400.0,7200.0,2300.0,180.0,3.9,3099999.9999999995,4.3,0.086,0.086,0.0,98.0,0.77,0.0,0.0,0.0,130000.0,1.0,5.1E8,
4.4E-34,2.0,5200.0,25000.0,210.0,3599999.9999999995,2400.0,2400.0,7200.0,2200.0,170.0,4.0,3699999.9999999995,23.0,0.16,0.16,0.0,120.0,0.9,0.0,0.0,0.0,130000.0,1.0,5.2E8,
5.7E-35,0.27,5200.0,82.0,210.0,3499999.9999999995,2300.0,2400.0,7200.0,2200.0,170.0,4.0,3499999.9999999995,3.0,0.092,0.092,0.0,110.0,0.86,0.0,0.0,0.0,130000.0,1.0,5.2E8,
5.7E-35,0.27,5200.0,82.0,210.0,3499999.9999999995,2300.0,2400.0,7200.0,2200.0,170.0,4.0,3499999.9999999995,3.0,0.092,0.092,0.0,120.0,0.86,0.0,0.0,0.0,130000.0,1.0,5.2E8,
5.4E-35,0.25,5200.0,82.0,200.0,3299999.9999999995,2300.0,2400.0,7100.0,2200.0,170.0,3.9,3299999.9999999995,2.8,0.086,0.086,0.0,120.0,0.81,0.0,0.0,0.0,130000.0,1.0,5.2E8,
5.8E-34,2.9,6900.0,49000.0,3100.0,3599999.9999999995,2300.0,2400.0,7100.0,2200.0,170.0,4.0,3699999.9999999995,29.0,0.23,0.23,0.0,120.0,0.88,0.0,0.0,0.0,130000.0,1.0,5.2E8,
1.1E-34,0.54,6900.0,4200.0,3100.0,3099999.9999999995,2300.0,2400.0,7100.0,2200.0,170.0,3.9,3099999.9999999995,5.4,0.1,0.1,0.0,120.0,0.81,0.0,0.0,0.0,130000.0,1.0,5.1E8,
1.1E-34,0.54,6900.0,4200.0,3100.0,3099999.9999999995,2300.0,2400.0,7100.0,2200.0,170.0,3.9,3099999.9999999995,5.4,0.1,0.1,0.0,120.0,0.81,0.0,0.0,0.0,130000.0,1.0,5.1E8,
1.1E-34,0.54,6900.0,4200.0,3100.0,3099999.9999999995,2300.0,2400.0,7100.0,2200.0,170.0,3.9,3099999.9999999995,5.4,0.1,0.1,0.0,120.0,0.81,0.0,0.0,0.0,130000.0,1.0,5.1E8,
1.1E-34,0.54,6900.0,4200.0,3100.0,3099999.9999999995,2300.0,2400.0,7100.0,2200.0,170.0,3.9,3099999.9999999995,5.4,0.1,0.1,0.0,120.0,0.81,0.0,0.0,0.0,130000.0,1.0,5.1E8,
1.1E-34,0.54,6900.0,4200.0,3100.0,3099999.9999999995,2300.0,2400.0,7100.0,2200.0,170.0,3.9,3099999.9999999995,5.4,0.1,0.1,0.0,120.0,0.81,0.0,0.0,0.0,130000.0,1.0,5.1E8,
1.1E-34,0.54,6900.0,4200.0,3100.0,3099999.9999999995,2300.0,2400.0,7100.0,2200.0,170.0,3.8,3099999.9999999995,5.4,0.1,0.1,0.0,120.0,0.81,0.0,0.0,0.0,130000.0,1.0,5.1E8,
1.1E-34,0.54,6900.0,4200.0,3100.0,3099999.9999999995,2300.0,2400.0,7100.0,2200.0,170.0,3.8,3099999.9999999995,5.4,0.1,0.1,0.0,120.0,0.81,0.0,0.0,0.0,130000.0,1.0,5.1E8,
1.1E-34,0.54,6900.0,4200.0,3100.0,3099999.9999999995,2300.0,2400.0,7100.0,2200.0,170.0,3.8,3099999.9999999995,5.4,0.1,0.1,0.0,120.0,0.81,0.0,0.0,0.0,120000.0,1.0,5.1E8,
1.1E-34,0.54,6900.0,4200.0,3100.0,3099999.9999999995,2300.0,2400.0,7100.0,2200.0,170.0,3.8,3099999.9999999995,5.4,0.1,0.1,0.0,110.0,0.81,0.0,0.0,0.0,120000.0,1.0,5.1E8,
1.1E-34,0.54,6900.0,4200.0,3100.0,3099999.9999999995,2300.0,2400.0,7100.0,2200.0,170.0,3.8,3099999.9999999995,5.4,0.1,0.1,0.0,110.0,0.81,0.0,0.0,0.0,120000.0,1.0,5.1E8,
1.1E-34,0.54,6900.0,4200.0,3100.0,3099999.9999999995,2300.0,2400.0,7100.0,2200.0,170.0,3.8,3099999.9999999995,5.4,0.1,0.1,0.0,110.0,0.81,0.0,0.0,0.0,120000.0,1.0,5.1E8,
1.1E-34,0.54,6900.0,4200.0,3100.0,3099999.9999999995,2300.0,2400.0,7100.0,2200.0,170.0,3.8,3099999.9999999995,5.4,0.1,0.1,0.0,110.0,0.81,0.0,0.0,0.0,120000.0,1.0,5.1E8,
1.1E-34,0.54,6900.0,4200.0,3100.0,3099999.9999999995,2300.0,2400.0,7100.0,2200.0,170.0,3.8,3099999.9999999995,5.4,0.1,0.1,0.0,110.0,0.81,0.0,0.0,0.0,120000.0,1.0,5.1E8,
1.1E-34,0.54,6900.0,4200.0,3100.0,3099999.9999999995,2300.0,2400.0,7100.0,2200.0,170.0,3.8,3099999.9999999995,5.4,0.1,0.1,0.0,110.0,0.81,0.0,0.0,0.0,120000.0,1.0,5.1E8,
1.1E-34,0.54,6900.0,4200.0,3100.0,3099999.9999999995,2300.0,2400.0,7100.0,2200.0,170.0,3.8,3099999.9999999995,5.4,0.1,0.1,0.0,110.0,0.81,0.0,0.0,0.0,120000.0,1.0,5.1E8,
1.1E-34,0.54,6900.0,4200.0,3100.0,3099999.9999999995,2300.0,2400.0,7100.0,2200.0,170.0,3.7,3099999.9999999995,5.4,0.1,0.1,0.0,110.0,0.81,0.0,0.0,0.0,120000.0,1.0,5.1E8,
1.1E-34,0.54,6900.0,4200.0,3100.0,3099999.9999999995,2300.0,2400.0,7100.0,2200.0,170.0,3.7,3099999.9999999995,5.4,0.1,0.1,0.0,110.0,0.81,0.0,0.0,0.0,120000.0,1.0,5.1E8,
1.1E-34,0.54,6900.0,4200.0,3100.0,3099999.9999999995,2300.0,2400.0,7100.0,2200.0,170.0,3.7,3099999.9999999995,5.4,0.1,0.1,0.0,110.0,0.81,0.0,0.0,0.0,120000.0,1.0,5.1E8,
1.1E-34,0.54,6900.0,4200.0,3100.0,3099999.9999999995,2300.0,2400.0,7100.0,2200.0,170.0,3.7,3099999.9999999995,5.4,0.1,0.1,0.0,110.0,0.81,0.0,0.0,0.0,120000.0,1.0,5.1E8,
1.1E-34,0.54,6900.0,4200.0,3100.0,3099999.9999999995,2300.0,2400.0,7100.0,2200.0,170.0,3.7,3099999.9999999995,5.4,0.1,0.1,0.0,110.0,0.81,0.0,0.0,0.0,120000.0,1.0,5.1E8,
1.1E-34,0.54,6900.0,4200.0,3100.0,3099999.9999999995,2300.0,2400.0,7100.0,2200.0,170.0,3.7,3099999.9999999995,5.4,0.1,0.1,0.0,110.0,0.81,0.0,0.0,0.0,120000.0,1.0,5.1E8,
1.1E-34,0.54,6900.0,4200.0,3100.0,3099999.9999999995,2300.0,2400.0,7100.0,2200.0,170.0,3.7,3099999.9999999995,5.4,0.1,0.1,0.0,110.0,0.81,0.0,0.0,0.0,120000.0,1.0,5.1E8,
1.1E-34,0.54,6900.0,4200.0,3100.0,3099999.9999999995,2300.0,2400.0,7100.0,2200.0,170.0,3.7,3099999.9999999995,5.4,0.1,0.1,0.0,110.0,0.81,0.0,0.0,0.0,120000.0,1.0,5.1E8,
1.1E-34,0.54,6900.0,4200.0,3100.0,3099999.9999999995,2300.0,2400.0,7100.0,2200.0,170.0,3.7,3099999.9999999995,5.4,0.1,0.1,0.0,110.0,0.81,0.0,0.0,0.0,120000.0,1.0,5.1E8,
1.1E-34,0.54,6900.0,4200.0,3100.0,3099999.9999999995,2300.0,2400.0,7100.0,2200.0,170.0,3.7,3099999.9999999995,5.4,0.1,0.1,0.0,110.0,0.81,0.0,0.0,0.0,120000.0,1.0,5.1E8,
1.1E-34,0.54,6900.0,4200.0,3100.0,3099999.9999999995,2300.0,2400.0,7100.0,2200.0,170.0,3.6,3099999.9999999995,5.4,0.1,0.1,0.0,110.0,0.81,0.0,0.0,0.0,120000.0,1.0,5.1E8,
1.1E-34,0.54,6900.0,4200.0,3100.0,3099999.9999999995,2300.0,2400.0,7100.0,2200.0,170.0,3.6,3099999.9999999995,5.4,0.1,0.1,0.0,110.0,0.81,0.0,0.0,0.0,120000.0,1.0,5.1E8,
1.1E-34,0.54,6900.0,4200.0,3100.0,3099999.9999999995,2300.0,2400.0,7100.0,2200.0,170.0,3.6,3099999.9999999995,5.4,0.1,0.1,0.0,110.0,0.81,0.0,0.0,0.0,120000.0,1.0,5.1E8,
1.1E-34,0.54,6900.0,4200.0,3100.0,3099999.9999999995,2300.0,2400.0,7100.0,2200.0,170.0,3.6,3099999.9999999995,5.4,0.1,0.1,0.0,110.0,0.81,0.0,0.0,0.0,120000.0,1.0,5.1E8,
1.1E-34,0.54,6900.0,4200.0,3100.0,3099999.9999999995,2300.0,2400.0,7100.0,2200.0,170.0,3.6,3099999.9999999995,5.4,0.1,0.1,0.0,110.0,0.81,0.0,0.0,0.0,120000.0,1.0,5.1E8,
1.1E-34,0.54,6900.0,4200.0,3100.0,3099999.9999999995,2300.0,2400.0,7100.0,2200.0,170.0,3.6,3099999.9999999995,5.4,0.1,0.1,0.0,110.0,0.81,0.0,0.0,0.0,120000.0,1.0,5.1E8,
1.1E-34,0.54,6900.0,4200.0,3100.0,3099999.9999999995,2300.0,2400.0,7100.0,2200.0,170.0,3.6,3099999.9999999995,5.4,0.1,0.1,0.0,100.0,0.81,0.0,0.0,0.0,120000.0,1.0,5.1E8,
1.1E-34,0.54,6900.0,4200.0,3100.0,3099999.9999999995,2300.0,2400.0,7100.0,2200.0,170.0,3.6,3099999.9999999995,5.4,0.1,0.1,0.0,100.0,0.81,0.0,0.0,0.0,120000.0,1.0,5.1E8,
1.1E-34,0.54,6900.0,4200.0,3100.0,3099999.9999999995,2300.0,2400.0,7100.0,2200.0,170.0,3.6,3099999.9999999995,5.4,0.1,0.1,0.0,100.0,0.81,0.0,0.0,0.0,120000.0,1.0,5.1E8,
1.1E-34,0.54,6900.0,4200.0,3100.0,3099999.9999999995,2300.0,2400.0,7100.0,2200.0,170.0,3.6,3099999.9999999995,5.4,0.1,0.1,0.0,100.0,0.81,0.0,0.0,0.0,120000.0,1.0,5.1E8,
1.1E-34,0.54,6900.0,4200.0,3100.0,3099999.9999999995,2300.0,2400.0,7100.0,2200.0,170.0,3.5,3099999.9999999995,5.4,0.1,0.1,0.0,100.0,0.81,0.0,0.0,0.0,120000.0,1.0,5.1E8,
1.1E-34,0.54,6900.0,4200.0,3100.0,3099999.9999999995,2300.0,2400.0,7100.0,2200.0,170.0,3.5,3099999.9999999995,5.4,0.1,0.1,0.0,100.0,0.81,0.0,0.0,0.0,110000.0,1.0,5.1E8,
1.1E-34,0.54,6900.0,4200.0,3100.0,3099999.9999999995,2300.0,2400.0,7100.0,2200.0,170.0,3.5,3099999.9999999995,5.4,0.1,0.1,0.0,98.0,0.81,0.0,0.0,0.0,110000.0,1.0,5.1E8,
1.1E-34,0.54,6900.0,4200.0,3100.0,3099999.9999999995,2300.0,2400.0,7100.0,2200.0,170.0,3.5,3099999.9999999995,5.4,0.1,0.1,0.0,98.0,0.81,0.0,0.0,0.0,110000.0,1.0,5.1E8,
4.0E-34,2.1,11000.0,30000.0,8000.0,3499999.9999999995,2300.0,2400.0,7100.0,2200.0,170.0,3.6,3599999.9999999995,20.0,0.28,0.28,0.0,110.0,1.1,0.0,0.0,0.0,120000.0,1.0,5.1E8,
6.4E-35,0.33,3300.0,2800.0,420.0,3499999.9999999995,2300.0,2400.0,7100.0,2200.0,170.0,3.5,3499999.9999999995,3.2,0.15,0.15,0.0,110.0,0.39,0.0,0.0,0.0,120000.0,1.0,5.1E8,
6.0E-35,0.31,3300.0,2800.0,420.0,3099999.9999999995,2300.0,2400.0,7100.0,2200.0,170.0,3.5,3099999.9999999995,3.0,0.13,0.13,0.0,110.0,0.35,0.0,0.0,0.0,110000.0,1.0,5.1E8,
6.0E-35,0.31,3300.0,2800.0,420.0,3099999.9999999995,2300.0,2400.0,7000.0,2200.0,170.0,3.5,3099999.9999999995,3.0,0.13,0.13,0.0,110.0,0.35,0.0,0.0,0.0,110000.0,1.0,5.1E8,
6.0E-35,0.31,3300.0,2800.0,420.0,3099999.9999999995,2300.0,2400.0,7000.0,2200.0,170.0,3.5,3099999.9999999995,3.0,0.13,0.13,0.0,110.0,0.35,0.0,0.0,0.0,110000.0,1.0,5.1E8,
6.0E-35,0.31,3300.0,2800.0,420.0,3099999.9999999995,2300.0,2400.0,7000.0,2200.0,170.0,3.5,3099999.9999999995,3.0,0.13,0.13,0.0,110.0,0.35,0.0,0.0,0.0,110000.0,1.0,5.1E8,
6.0E-35,0.31,3300.0,2800.0,420.0,3099999.9999999995,2300.0,2400.0,7000.0,2200.0,170.0,3.5,3099999.9999999995,3.0,0.13,0.13,0.0,110.0,0.35,0.0,0.0,0.0,110000.0,1.0,5.1E8,
6.0E-35,0.31,3300.0,2800.0,420.0,3099999.9999999995,2300.0,2400.0,7000.0,2200.0,170.0,3.5,3099999.9999999995,3.0,0.13,0.13,0.0,110.0,0.35,0.0,0.0,0.0,110000.0,1.0,5.1E8,
6.0E-35,0.31,3300.0,2800.0,420.0,3099999.9999999995,2300.0,2400.0,7000.0,2200.0,170.0,3.4,3099999.9999999995,3.0,0.13,0.13,0.0,110.0,0.35,0.0,0.0,0.0,110000.0,1.0,5.1E8,
6.0E-35,0.31,3300.0,2800.0,420.0,3099999.9999999995,2300.0,2400.0,7000.0,2200.0,170.0,3.4,3099999.9999999995,3.0,0.13,0.13,0.0,110.0,0.35,0.0,0.0,0.0,110000.0,1.0,5.1E8,
7.3E-35,0.4,860.0,3900.0,1700.0,3099999.9999999995,2300.0,2400.0,7000.0,2200.0,170.0,3.4,3099999.9999999995,3.8,0.15,0.15,0.0,120.0,0.4,0.0,0.0,0.0,110000.0,1.0,5.1E8,
7.3E-35,0.4,860.0,3900.0,1700.0,3099999.9999999995,2300.0,2400.0,7000.0,2200.0,170.0,3.4,3099999.9999999995,3.8,0.15,0.15,0.0,120.0,0.4,0.0,0.0,0.0,110000.0,1.0,5.1E8,
7.3E-35,0.4,860.0,3900.0,1700.0,3099999.9999999995,2300.0,2400.0,7000.0,2200.0,170.0,3.4,3099999.9999999995,3.8,0.15,0.15,0.0,120.0,0.4,0.0,0.0,0.0,110000.0,1.0,5.1E8,
7.3E-35,0.4,860.0,3900.0,1700.0,3099999.9999999995,2300.0,2400.0,7000.0,2200.0,170.0,3.4,3099999.9999999995,3.8,0.15,0.15,0.0,120.0,0.4,0.0,0.0,0.0,110000.0,1.0,5.1E8,
7.3E-35,0.4,860.0,3900.0,1700.0,3099999.9999999995,2300.0,2400.0,7000.0,2200.0,170.0,3.4,3099999.9999999995,3.8,0.15,0.15,0.0,120.0,0.4,0.0,0.0,0.0,110000.0,1.0,5.1E8,
4.6E-34,2.2,3200.0,1500.0,31000.0,3299999.9999999995,2300.0,2400.0,7000.0,2200.0,170.0,3.4,3299999.9999999995,28.0,0.2,0.2,0.0,140.0,10.0,0.0,0.0,0.0,110000.0,1.0,5.2E8,
6.699999999999999E-35,0.32,3100.0,1500.0,590.0,3099999.9999999995,2300.0,2400.0,7000.0,2200.0,170.0,3.4,3199999.9999999995,4.2,0.1,0.1,0.0,140.0,1.1,0.0,0.0,0.0,110000.0,1.0,5.2E8,
6.699999999999999E-35,0.32,3100.0,1500.0,590.0,3099999.9999999995,2300.0,2400.0,7000.0,2200.0,170.0,3.4,3099999.9999999995,4.1,0.1,0.1,0.0,140.0,1.1,0.0,0.0,0.0,110000.0,1.0,5.2E8,
6.699999999999999E-35,0.32,3100.0,1500.0,590.0,3099999.9999999995,2300.0,2400.0,7000.0,2200.0,170.0,3.4,3099999.9999999995,4.1,0.1,0.1,0.0,130.0,1.1,0.0,0.0,0.0,110000.0,1.0,5.2E8,
6.699999999999999E-35,0.32,3100.0,1500.0,590.0,3099999.9999999995,2300.0,2400.0,7000.0,2200.0,170.0,3.4,3099999.9999999995,4.1,0.1,0.1,0.0,130.0,1.1,0.0,0.0,0.0,110000.0,1.0,5.2E8,
6.699999999999999E-35,0.32,3100.0,1500.0,590.0,3099999.9999999995,2300.0,2400.0,7000.0,2200.0,170.0,3.4,3099999.9999999995,4.1,0.1,0.1,0.0,130.0,1.1,0.0,0.0,0.0,110000.0,1.0,5.2E8,
6.699999999999999E-35,0.32,3100.0,1500.0,590.0,3099999.9999999995,2300.0,2400.0,7000.0,2200.0,170.0,3.4,3099999.9999999995,4.1,0.1,0.1,0.0,130.0,1.1,0.0,0.0,0.0,110000.0,1.0,5.2E8,
1.6E-34,0.73,3100.0,10000.0,130.0,3399999.9999999995,2300.0,2400.0,7000.0,2200.0,170.0,3.4,3499999.9999999995,7.7,0.13,0.13,0.0,130.0,0.4,0.0,0.0,0.0,110000.0,1.0,5.2E8,
7.0E-35,0.32,3100.0,2900.0,120.0,3099999.9999999995,2300.0,2400.0,7000.0,2200.0,170.0,3.4,3099999.9999999995,3.4,0.098,0.098,0.0,140.0,0.36,0.0,0.0,0.0,110000.0,1.0,5.2E8,
7.0E-35,0.32,3100.0,2900.0,120.0,3099999.9999999995,2300.0,2400.0,7000.0,2200.0,170.0,3.3,3099999.9999999995,3.4,0.097,0.097,0.0,140.0,0.36,0.0,0.0,0.0,110000.0,1.0,5.2E8,
2.3E-34,1.1,3100.0,1400.0,6500.0,3399999.9999999995,3500.0,2400.0,7000.0,2200.0,170.0,3.4,3399999.9999999995,9.8,0.13,0.13,0.0,140.0,0.41,0.0,0.0,0.0,110000.0,1.0,5.2E8,
2.2E-34,1.0,3100.0,1400.0,6500.0,3199999.9999999995,3500.0,2300.0,6900.0,2200.0,170.0,3.3,3199999.9999999995,9.7,0.13,0.13,0.0,140.0,0.4,0.0,0.0,0.0,110000.0,1.0,5.2E8,
2.2E-34,1.0,3100.0,1400.0,6500.0,3099999.9999999995,3500.0,2300.0,6900.0,2200.0,170.0,3.3,3099999.9999999995,9.6,0.12,0.12,0.0,140.0,0.4,0.0,0.0,0.0,110000.0,1.0,5.2E8,
1.6E-34,0.74,3100.0,4000.0,6500.0,3099999.9999999995,3500.0,2300.0,6900.0,2200.0,170.0,3.3,3099999.9999999995,7.1,0.11,0.11,0.0,140.0,0.4,0.0,0.0,0.0,110000.0,1.0,5.2E8,
1.6E-34,0.74,3100.0,4000.0,6500.0,3099999.9999999995,3500.0,2300.0,6900.0,2200.0,170.0,3.3,3099999.9999999995,7.1,0.11,0.11,0.0,140.0,0.4,0.0,0.0,0.0,110000.0,1.0,5.2E8,
1.6E-34,0.74,3100.0,4000.0,6500.0,3099999.9999999995,3500.0,2300.0,6900.0,2200.0,170.0,3.3,3099999.9999999995,7.1,0.11,0.11,0.0,140.0,0.4,0.0,0.0,0.0,110000.0,1.0,5.2E8,
1.6E-34,0.74,3100.0,4000.0,6500.0,3099999.9999999995,3500.0,2300.0,6900.0,2200.0,170.0,3.3,3099999.9999999995,7.1,0.11,0.11,0.0,140.0,0.4,0.0,0.0,0.0,110000.0,1.0,5.2E8,
1.6E-34,0.74,3100.0,4000.0,6500.0,3099999.9999999995,3500.0,2300.0,6900.0,2200.0,170.0,3.3,3099999.9999999995,7.1,0.11,0.11,0.0,140.0,0.4,0.0,0.0,0.0,110000.0,1.0,5.2E8,
1.6E-34,0.74,3100.0,4000.0,6500.0,3099999.9999999995,3500.0,2300.0,6900.0,2200.0,170.0,3.3,3099999.9999999995,7.1,0.11,0.11,0.0,140.0,0.4,0.0,0.0,0.0,110000.0,1.0,5.2E8,
1.6E-34,0.74,3100.0,4000.0,6500.0,3099999.9999999995,3500.0,2300.0,6900.0,2200.0,170.0,3.3,3099999.9999999995,7.1,0.11,0.11,0.0,140.0,0.4,0.0,0.0,0.0,110000.0,1.0,5.1E8,
1.6E-34,0.74,3100.0,4000.0,6500.0,3099999.9999999995,3500.0,2300.0,6900.0,2200.0,170.0,3.3,3099999.9999999995,7.1,0.11,0.11,0.0,140.0,0.4,0.0,0.0,0.0,110000.0,1.0,5.1E8,
1.6E-34,0.74,3100.0,4000.0,6500.0,3099999.9999999995,3500.0,2300.0,6900.0,2200.0,170.0,3.3,3099999.9999999995,7.1,0.11,0.11,0.0,140.0,0.4,0.0,0.0,0.0,110000.0,1.0,5.1E8,
1.6E-34,0.74,3100.0,4000.0,6500.0,3099999.9999999995,3500.0,2300.0,6900.0,2200.0,170.0,3.2,3099999.9999999995,7.1,0.11,0.11,0.0,140.0,0.4,0.0,0.0,0.0,110000.0,1.0,5.1E8,
1.6E-34,0.74,3100.0,4000.0,6500.0,3099999.9999999995,3500.0,2300.0,6900.0,2200.0,170.0,3.2,3099999.9999999995,7.1,0.11,0.11,0.0,140.0,0.4,0.0,0.0,0.0,100000.0,1.0,5.1E8,
1.6E-34,0.74,3100.0,4000.0,6500.0,3099999.9999999995,3500.0,2300.0,6900.0,2200.0,170.0,3.2,3099999.9999999995,7.1,0.11,0.11,0.0,140.0,0.4,0.0,0.0,0.0,100000.0,1.0,5.1E8,
1.6E-34,0.74,3100.0,4000.0,6500.0,3099999.9999999995,3500.0,2300.0,6900.0,2200.0,170.0,3.2,3099999.9999999995,7.1,0.11,0.11,0.0,140.0,0.4,0.0,0.0,0.0,100000.0,1.0,5.1E8,
1.6E-34,0.74,3100.0,4000.0,6500.0,3099999.9999999995,3500.0,2300.0,6900.0,2200.0,170.0,3.2,3099999.9999999995,7.1,0.11,0.11,0.0,140.0,0.4,0.0,0.0,0.0,100000.0,1.0,5.1E8,
1.6E-34,0.74,3100.0,4000.0,6500.0,3099999.9999999995,3500.0,2300.0,6900.0,2200.0,170.0,3.2,3099999.9999999995,7.1,0.11,0.11,0.0,140.0,0.4,0.0,0.0,0.0,100000.0,1.0,5.1E8,
1.6E-34,0.74,3100.0,4000.0,6500.0,3099999.9999999995,3500.0,2300.0,6900.0,2200.0,170.0,3.2,3099999.9999999995,7.1,0.11,0.11,0.0,140.0,0.4,0.0,0.0,0.0,100000.0,1.0,5.1E8,
1.6E-34,0.74,3100.0,4000.0,6500.0,3099999.9999999995,3500.0,2300.0,6900.0,2200.0,170.0,3.2,3099999.9999999995,7.1,0.11,0.11,0.0,140.0,0.4,0.0,0.0,0.0,100000.0,1.0,5.1E8,
1.6E-34,0.74,3100.0,4000.0,6500.0,3099999.9999999995,3500.0,2300.0,6900.0,2200.0,170.0,3.2,3099999.9999999995,7.1,0.11,0.11,0.0,140.0,0.4,0.0,0.0,0.0,100000.0,1.0,5.1E8,
1.6E-34,0.74,3100.0,4000.0,6500.0,3099999.9999999995,3500.0,2300.0,6900.0,2200.0,170.0,3.2,3099999.9999999995,7.1,0.11,0.11,0.0,140.0,0.4,0.0,0.0,0.0,100000.0,1.0,5.1E8,
1.6E-34,0.74,3100.0,4000.0,6500.0,3099999.9999999995,3500.0,2300.0,6900.0,2200.0,170.0,3.2,3099999.9999999995,7.1,0.11,0.11,0.0,140.0,0.4,0.0,0.0,0.0,100000.0,1.0,5.1E8,
1.6E-34,0.74,3100.0,4000.0,6500.0,3099999.9999999995,3500.0,2300.0,6900.0,2200.0,170.0,3.2,3099999.9999999995,7.1,0.11,0.11,0.0,140.0,0.4,0.0,0.0,0.0,100000.0,1.0,5.1E8,
1.6E-34,0.74,3100.0,4000.0,6500.0,3099999.9999999995,3500.0,2300.0,6900.0,2200.0,170.0,3.1,3099999.9999999995,7.1,0.11,0.11,0.0,140.0,0.4,0.0,0.0,0.0,100000.0,1.0,5.1E8,
1.6E-34,0.74,3100.0,4000.0,6500.0,3099999.9999999995,3500.0,2300.0,6900.0,2200.0,170.0,3.1,3099999.9999999995,7.1,0.11,0.11,0.0,130.0,0.4,0.0,0.0,0.0,100000.0,1.0,5.1E8,
1.6E-34,0.74,3100.0,4000.0,6500.0,3099999.9999999995,3500.0,2300.0,6900.0,2200.0,170.0,3.1,3099999.9999999995,7.1,0.11,0.11,0.0,130.0,0.4,0.0,0.0,0.0,100000.0,1.0,5.1E8,
1.6E-34,0.74,3100.0,4000.0,6500.0,3099999.9999999995,3500.0,2300.0,6900.0,2200.0,170.0,3.1,3099999.9999999995,7.1,0.11,0.11,0.0,130.0,0.4,0.0,0.0,0.0,100000.0,1.0,5.1E8,
1.6E-34,0.74,3100.0,4000.0,6500.0,3099999.9999999995,3500.0,2300.0,6900.0,2200.0,170.0,3.1,3099999.9999999995,7.1,0.11,0.11,0.0,130.0,0.4,0.0,0.0,0.0,100000.0,1.0,5.1E8,
1.6E-34,0.74,3100.0,4000.0,6500.0,3099999.9999999995,3500.0,2300.0,6900.0,2200.0,170.0,3.1,3099999.9999999995,7.1,0.11,0.11,0.0,130.0,0.4,0.0,0.0,0.0,100000.0,1.0,5.1E8,
1.6E-34,0.74,3100.0,4000.0,6500.0,3099999.9999999995,3500.0,2300.0,6900.0,2200.0,170.0,3.1,3099999.9999999995,7.1,0.11,0.11,0.0,130.0,0.4,0.0,0.0,0.0,100000.0,1.0,5.1E8,
1.6E-34,0.74,3100.0,4000.0,6500.0,3099999.9999999995,3500.0,2300.0,6900.0,2200.0,170.0,3.1,3099999.9999999995,7.1,0.11,0.11,0.0,130.0,0.4,0.0,0.0,0.0,100000.0,1.0,5.1E8,
1.6E-34,0.74,3100.0,4000.0,6500.0,3099999.9999999995,3500.0,2300.0,6900.0,2200.0,170.0,3.1,3099999.9999999995,7.1,0.11,0.11,0.0,130.0,0.4,0.0,0.0,0.0,100000.0,1.0,5.1E8,
1.6E-34,0.74,3100.0,4000.0,6500.0,3099999.9999999995,3500.0,2300.0,6900.0,2200.0,170.0,3.1,3099999.9999999995,7.1,0.11,0.11,0.0,130.0,0.4,0.0,0.0,0.0,100000.0,1.0,5.1E8,
1.6E-34,0.74,3100.0,4000.0,6500.0,3099999.9999999995,3500.0,2300.0,6900.0,2200.0,170.0,3.1,3099999.9999999995,7.1,0.11,0.11,0.0,130.0,0.4,0.0,0.0,0.0,99000.0,1.0,5.1E8,
1.6E-34,0.74,3100.0,4000.0,6500.0,2999999.9999999995,3500.0,2300.0,6900.0,2200.0,170.0,3.1,3099999.9999999995,7.1,0.11,0.11,0.0,130.0,0.4,0.0,0.0,0.0,99000.0,1.0,5.1E8,
1.6E-34,0.74,3100.0,4000.0,6500.0,2999999.9999999995,3500.0,2300.0,6900.0,2200.0,170.0,3.0,3099999.9999999995,7.1,0.11,0.11,0.0,130.0,0.4,0.0,0.0,0.0,99000.0,1.0,5.1E8,
1.6E-34,0.74,3100.0,4000.0,6500.0,2999999.9999999995,3500.0,2300.0,6900.0,2200.0,170.0,3.0,3099999.9999999995,7.1,0.11,0.11,0.0,130.0,0.4,0.0,0.0,0.0,98000.0,1.0,5.1E8,
1.6E-34,0.74,3100.0,4000.0,6500.0,2999999.9999999995,3500.0,2300.0,6900.0,2200.0,170.0,3.0,3099999.9999999995,7.1,0.11,0.11,0.0,130.0,0.4,0.0,0.0,0.0,98000.0,1.0,5.1E8,
1.6E-34,0.74,3100.0,4000.0,6500.0,2999999.9999999995,3500.0,2300.0,6900.0,2200.0,170.0,3.0,3099999.9999999995,7.1,0.11,0.11,0.0,130.0,0.4,0.0,0.0,0.0,98000.0,1.0,5.1E8,
1.6E-34,0.74,3100.0,4000.0,6500.0,2999999.9999999995,3500.0,2300.0,6900.0,2200.0,170.0,3.0,3099999.9999999995,7.1,0.11,0.11,0.0,130.0,0.4,0.0,0.0,0.0,97000.0,1.0,5.1E8,
1.6E-34,0.74,3100.0,4000.0,6500.0,2999999.9999999995,3500.0,2300.0,6900.0,2200.0,170.0,3.0,3099999.9999999995,7.1,0.11,0.11,0.0,130.0,0.4,0.0,0.0,0.0,97000.0,1.0,5.1E8,
1.6E-34,0.74,3100.0,4000.0,6500.0,2999999.9999999995,3500.0,2300.0,6900.0,2200.0,170.0,3.0,3099999.9999999995,7.1,0.11,0.11,0.0,130.0,0.4,0.0,0.0,0.0,97000.0,1.0,5.1E8,
1.6E-34,0.74,3100.0,4000.0,6500.0,2999999.9999999995,3500.0,2300.0,6900.0,2200.0,170.0,3.0,3099999.9999999995,7.1,0.11,0.11,0.0,130.0,0.4,0.0,0.0,0.0,96000.0,1.0,5.1E8,
1.6E-34,0.74,3100.0,4000.0,6500.0,2999999.9999999995,3500.0,2300.0,6900.0,2200.0,170.0,3.0,3099999.9999999995,7.1,0.11,0.11,0.0,130.0,0.4,0.0,0.0,0.0,96000.0,1.0,5.1E8,
1.6E-34,0.74,3100.0,4000.0,6500.0,2999999.9999999995,3500.0,2300.0,6900.0,2200.0,170.0,3.0,3099999.9999999995,7.1,0.11,0.11,0.0,130.0,0.4,0.0,0.0,0.0,96000.0,1.0,5.1E8,
1.6E-34,0.74,3100.0,4000.0,6500.0,2999999.9999999995,3500.0,2300.0,6900.0,2200.0,170.0,2.9,3099999.9999999995,7.1,0.11,0.11,0.0,130.0,0.4,0.0,0.0,0.0,96000.0,1.0,5.1E8,
1.6E-34,0.74,3100.0,4000.0,6500.0,2999999.9999999995,3500.0,2300.0,6900.0,2200.0,170.0,2.9,3099999.9999999995,7.1,0.11,0.11,0.0,130.0,0.4,0.0,0.0,0.0,95000.0,1.0,5.1E8,
1.6E-34,0.74,3100.0,4000.0,6500.0,2999999.9999999995,3500.0,2300.0,6900.0,2200.0,170.0,2.9,3099999.9999999995,7.1,0.11,0.11,0.0,130.0,0.4,0.0,0.0,0.0,95000.0,1.0,5.1E8,
1.6E-34,0.74,3100.0,4000.0,6500.0,2999999.9999999995,3500.0,2300.0,6900.0,2200.0,170.0,2.9,3099999.9999999995,7.1,0.11,0.11,0.0,130.0,0.4,0.0,0.0,0.0,95000.0,1.0,5.1E8,
1.6E-34,0.74,3100.0,4000.0,6500.0,2999999.9999999995,3500.0,2300.0,6900.0,2200.0,170.0,2.9,3099999.9999999995,7.1,0.11,0.11,0.0,130.0,0.4,0.0,0.0,0.0,94000.0,1.0,5.1E8,
1.6E-34,0.74,3100.0,4000.0,6500.0,2999999.9999999995,3500.0,2300.0,6900.0,2200.0,170.0,2.9,3099999.9999999995,7.1,0.11,0.11,0.0,130.0,0.4,0.0,0.0,0.0,94000.0,1.0,5.1E8,
1.6E-34,0.74,3100.0,4000.0,6500.0,2999999.9999999995,3500.0,2300.0,6900.0,2200.0,170.0,2.9,3099999.9999999995,7.1,0.11,0.11,0.0,130.0,0.4,0.0,0.0,0.0,94000.0,1.0,5.1E8,
1.6E-34,0.74,3100.0,4000.0,6500.0,2999999.9999999995,3500.0,2300.0,6900.0,2200.0,170.0,2.9,3099999.9999999995,7.1,0.11,0.11,0.0,120.0,0.4,0.0,0.0,0.0,93000.0,1.0,5.1E8,
1.6E-34,0.74,3100.0,4000.0,6500.0,2999999.9999999995,3500.0,2300.0,6900.0,2200.0,170.0,2.9,3099999.9999999995,7.1,0.11,0.11,0.0,120.0,0.4,0.0,0.0,0.0,93000.0,1.0,5.1E8,
1.6E-34,0.74,3100.0,4000.0,6500.0,2999999.9999999995,3500.0,2300.0,6900.0,2200.0,170.0,2.9,3099999.9999999995,7.1,0.11,0.11,0.0,120.0,0.4,0.0,0.0,0.0,93000.0,1.0,5.1E8,
1.6E-34,0.74,3100.0,4000.0,6500.0,2999999.9999999995,3500.0,2300.0,6900.0,2200.0,170.0,2.8,3099999.9999999995,7.1,0.11,0.11,0.0,120.0,0.4,0.0,0.0,0.0,92000.0,1.0,5.1E8,
1.6E-34,0.74,3100.0,4000.0,6500.0,2999999.9999999995,3500.0,2300.0,6900.0,2200.0,170.0,2.8,3099999.9999999995,7.1,0.11,0.11,0.0,120.0,0.4,0.0,0.0,0.0,92000.0,1.0,5.1E8,
1.6E-34,0.74,3100.0,4000.0,6500.0,2999999.9999999995,3500.0,2300.0,6900.0,2200.0,170.0,2.8,3099999.9999999995,7.1,0.11,0.11,0.0,120.0,0.4,0.0,0.0,0.0,92000.0,1.0,5.1E8,
9.799999999999999E-35,0.47,2300.0,3100.0,760.0,3599999.9999999995,3500.0,2300.0,6900.0,2200.0,470.0,2.9,3599999.9999999995,8.4,0.11,0.11,0.0,170.0,1.5,0.0,0.0,0.0,94000.0,1.0,5.2E8,
9.4E-35,0.45,2300.0,3100.0,760.0,3299999.9999999995,3500.0,2300.0,6900.0,2200.0,470.0,2.9,3299999.9999999995,8.1,0.1,0.1,0.0,170.0,1.4,0.0,0.0,0.0,94000.0,1.0,5.2E8,
9.099999999999999E-35,0.44,2300.0,3000.0,760.0,3099999.9999999995,3500.0,2300.0,6900.0,2200.0,470.0,2.9,3099999.9999999995,7.8,0.094,0.094,0.0,170.0,1.4,0.0,0.0,0.0,93000.0,1.0,5.1E8,
9.099999999999999E-35,0.44,2300.0,3000.0,760.0,3099999.9999999995,3500.0,2300.0,6900.0,2200.0,470.0,2.9,3099999.9999999995,7.8,0.094,0.094,0.0,170.0,1.4,0.0,0.0,0.0,93000.0,1.0,5.1E8,
9.099999999999999E-35,0.44,2300.0,3000.0,760.0,3099999.9999999995,3500.0,2300.0,6900.0,2200.0,470.0,2.9,3099999.9999999995,7.8,0.094,0.094,0.0,170.0,1.4,0.0,0.0,0.0,93000.0,1.0,5.1E8,
9.099999999999999E-35,0.44,2300.0,3000.0,760.0,3099999.9999999995,3500.0,2300.0,6900.0,2200.0,470.0,2.8,3099999.9999999995,7.8,0.094,0.094,0.0,160.0,1.4,0.0,0.0,0.0,92000.0,1.0,5.1E8,
9.099999999999999E-35,0.44,2300.0,3000.0,760.0,3099999.9999999995,3500.0,2300.0,6900.0,2200.0,470.0,2.8,3099999.9999999995,7.8,0.094,0.094,0.0,160.0,1.4,0.0,0.0,0.0,92000.0,1.0,5.1E8,
9.099999999999999E-35,0.44,2300.0,3000.0,760.0,3099999.9999999995,3500.0,2300.0,6900.0,2200.0,470.0,2.8,3099999.9999999995,7.8,0.094,0.094,0.0,160.0,1.4,0.0,0.0,0.0,91000.0,1.0,5.1E8,
9.099999999999999E-35,0.44,2300.0,3000.0,760.0,3099999.9999999995,3500.0,2300.0,6900.0,2200.0,470.0,2.8,3099999.9999999995,7.8,0.094,0.094,0.0,160.0,1.4,0.0,0.0,0.0,91000.0,1.0,5.1E8,
9.099999999999999E-35,0.44,2300.0,3000.0,760.0,3099999.9999999995,3500.0,2300.0,6900.0,2200.0,470.0,2.8,3099999.9999999995,7.8,0.094,0.094,0.0,160.0,1.4,0.0,0.0,0.0,91000.0,1.0,5.1E8,
9.099999999999999E-35,0.44,2300.0,3000.0,760.0,3099999.9999999995,3500.0,2300.0,6900.0,2200.0,470.0,2.8,3099999.9999999995,7.8,0.094,0.094,0.0,160.0,1.4,0.0,0.0,0.0,91000.0,1.0,5.1E8,
9.099999999999999E-35,0.44,2300.0,3000.0,760.0,3099999.9999999995,3500.0,2300.0,6900.0,2200.0,470.0,2.8,3099999.9999999995,7.8,0.094,0.094,0.0,160.0,1.4,0.0,0.0,0.0,91000.0,1.0,5.1E8,
9.099999999999999E-35,0.44,2300.0,3000.0,760.0,3099999.9999999995,3500.0,2300.0,6900.0,2200.0,470.0,2.8,3099999.9999999995,7.8,0.094,0.094,0.0,160.0,1.4,0.0,0.0,0.0,90000.0,1.0,5.1E8,
9.099999999999999E-35,0.44,2300.0,3000.0,760.0,3099999.9999999995,3500.0,2300.0,6900.0,2200.0,470.0,2.8,3099999.9999999995,7.8,0.094,0.094,0.0,160.0,1.4,0.0,0.0,0.0,90000.0,1.0,5.1E8,
9.099999999999999E-35,0.44,2300.0,3000.0,760.0,3099999.9999999995,3500.0,2300.0,6900.0,2200.0,470.0,2.8,3099999.9999999995,7.8,0.094,0.094,0.0,160.0,1.4,0.0,0.0,0.0,89000.0,1.0,5.1E8,
9.099999999999999E-35,0.44,2300.0,3000.0,760.0,3099999.9999999995,3500.0,2300.0,6900.0,2200.0,470.0,2.7,3099999.9999999995,7.8,0.094,0.094,0.0,160.0,1.4,0.0,0.0,0.0,89000.0,1.0,5.1E8,
9.099999999999999E-35,0.44,2300.0,3000.0,760.0,3099999.9999999995,3500.0,2300.0,6900.0,2200.0,470.0,2.7,3099999.9999999995,7.8,0.094,0.094,0.0,160.0,1.4,0.0,0.0,0.0,89000.0,1.0,5.1E8,
9.099999999999999E-35,0.44,2300.0,3000.0,760.0,3099999.9999999995,3500.0,2300.0,6900.0,2200.0,470.0,2.7,3099999.9999999995,7.8,0.094,0.094,0.0,150.0,1.4,0.0,0.0,0.0,88000.0,1.0,5.1E8,
9.099999999999999E-35,0.44,2300.0,3000.0,760.0,3099999.9999999995,3500.0,2300.0,6900.0,2200.0,470.0,2.7,3099999.9999999995,7.8,0.094,0.094,0.0,150.0,1.4,0.0,0.0,0.0,88000.0,1.0,5.1E8,
9.099999999999999E-35,0.44,2300.0,3000.0,760.0,3099999.9999999995,3500.0,2300.0,6900.0,2200.0,470.0,2.7,3099999.9999999995,7.8,0.094,0.094,0.0,150.0,1.4,0.0,0.0,0.0,88000.0,1.0,5.1E8,
9.099999999999999E-35,0.44,2300.0,3000.0,760.0,3099999.9999999995,3500.0,2300.0,6900.0,2200.0,470.0,2.7,3099999.9999999995,7.8,0.094,0.094,0.0,150.0,1.4,0.0,0.0,0.0,88000.0,1.0,5.1E8,
9.099999999999999E-35,0.44,2300.0,3000.0,760.0,3099999.9999999995,3500.0,2300.0,6900.0,2200.0,470.0,2.7,3099999.9999999995,7.8,0.094,0.094,0.0,150.0,1.3,0.0,0.0,0.0,88000.0,1.0,5.1E8,
9.099999999999999E-35,0.44,2300.0,3000.0,760.0,3099999.9999999995,3500.0,2300.0,6900.0,2200.0,470.0,2.7,3099999.9999999995,7.8,0.094,0.094,0.0,150.0,1.3,0.0,0.0,0.0,87000.0,1.0,5.1E8,
9.099999999999999E-35,0.44,2300.0,3000.0,760.0,3099999.9999999995,3500.0,2300.0,6900.0,2200.0,470.0,2.7,3099999.9999999995,7.8,0.094,0.094,0.0,150.0,1.3,0.0,0.0,0.0,87000.0,1.0,5.1E8,
9.2E-35,0.5,3000.0,2800.0,4300.0,3699999.9999999995,5300.0,2300.0,6900.0,2200.0,470.0,2.8,3699999.9999999995,5.9,0.13,0.13,0.0,210.0,0.65,0.0,0.0,0.0,90000.0,1.0,5.2E8,
8.7E-35,0.47,3000.0,2800.0,4300.0,3099999.9999999995,5300.0,2300.0,6900.0,2200.0,470.0,2.8,3099999.9999999995,5.6,0.12,0.12,0.0,210.0,0.6,0.0,0.0,0.0,89000.0,1.0,5.1E8,
8.7E-35,0.47,3000.0,2800.0,4300.0,3099999.9999999995,5300.0,2300.0,6900.0,2200.0,470.0,2.8,3099999.9999999995,5.6,0.12,0.12,0.0,200.0,0.6,0.0,0.0,0.0,89000.0,1.0,5.1E8,
8.7E-35,0.47,3000.0,2800.0,4300.0,3099999.9999999995,5300.0,2300.0,6900.0,2200.0,470.0,2.7,3099999.9999999995,5.6,0.12,0.12,0.0,200.0,0.6,0.0,0.0,0.0,88000.0,1.0,5.1E8,
8.7E-35,0.47,3000.0,2800.0,4300.0,3099999.9999999995,5300.0,2300.0,6900.0,2100.0,470.0,2.7,3099999.9999999995,5.6,0.12,0.12,0.0,200.0,0.6,0.0,0.0,0.0,88000.0,1.0,5.1E8,
8.7E-35,0.47,3000.0,2800.0,4300.0,3099999.9999999995,5300.0,2300.0,6900.0,2100.0,470.0,2.7,3099999.9999999995,5.6,0.12,0.12,0.0,200.0,0.6,0.0,0.0,0.0,88000.0,1.0,5.1E8,
8.7E-35,0.47,3000.0,2800.0,4300.0,3099999.9999999995,5300.0,2300.0,6900.0,2100.0,470.0,2.7,3099999.9999999995,5.6,0.12,0.12,0.0,200.0,0.6,0.0,0.0,0.0,88000.0,1.0,5.1E8,
8.7E-35,0.47,3000.0,2800.0,4300.0,3099999.9999999995,5300.0,2300.0,6900.0,2100.0,470.0,2.7,3099999.9999999995,5.6,0.12,0.12,0.0,200.0,0.6,0.0,0.0,0.0,87000.0,1.0,5.1E8,
8.7E-35,0.47,3000.0,2800.0,4300.0,3099999.9999999995,5300.0,2300.0,6900.0,2100.0,470.0,2.7,3099999.9999999995,5.6,0.12,0.12,0.0,200.0,0.6,0.0,0.0,0.0,87000.0,1.0,5.1E8,
8.7E-35,0.47,3000.0,2800.0,4300.0,3099999.9999999995,5300.0,2300.0,6900.0,2100.0,470.0,2.7,3099999.9999999995,5.6,0.12,0.12,0.0,190.0,0.6,0.0,0.0,0.0,87000.0,1.0,5.1E8,
8.7E-35,0.47,3000.0,2800.0,4300.0,3099999.9999999995,5300.0,2300.0,6900.0,2100.0,470.0,2.7,3099999.9999999995,5.6,0.12,0.12,0.0,190.0,0.6,0.0,0.0,0.0,87000.0,1.0,5.1E8,
8.7E-35,0.47,3000.0,2800.0,4300.0,3099999.9999999995,5300.0,2300.0,6900.0,2100.0,470.0,2.7,3099999.9999999995,5.6,0.12,0.12,0.0,190.0,0.6,0.0,0.0,0.0,86000.0,1.0,5.1E8,
8.7E-35,0.47,3000.0,2800.0,4300.0,3099999.9999999995,5300.0,2300.0,6900.0,2100.0,470.0,2.7,3099999.9999999995,5.6,0.12,0.12,0.0,190.0,0.6,0.0,0.0,0.0,86000.0,1.0,5.1E8,
8.7E-35,0.47,3000.0,2800.0,4300.0,3099999.9999999995,5300.0,2300.0,6900.0,2100.0,470.0,2.7,3099999.9999999995,5.6,0.12,0.12,0.0,190.0,0.6,0.0,0.0,0.0,85000.0,1.0,5.1E8,
8.7E-35,0.47,3000.0,2800.0,4300.0,3099999.9999999995,5300.0,2300.0,6900.0,2100.0,470.0,2.6,3099999.9999999995,5.6,0.12,0.12,0.0,190.0,0.6,0.0,0.0,0.0,85000.0,1.0,5.1E8,
8.7E-35,0.47,3000.0,2800.0,4300.0,3099999.9999999995,5300.0,2300.0,6900.0,2100.0,470.0,2.6,3099999.9999999995,5.6,0.12,0.12,0.0,190.0,0.6,0.0,0.0,0.0,85000.0,1.0,5.1E8,
8.7E-35,0.47,3000.0,2800.0,4300.0,3099999.9999999995,5300.0,2300.0,6900.0,2100.0,470.0,2.6,3099999.9999999995,5.6,0.12,0.12,0.0,190.0,0.6,0.0,0.0,0.0,85000.0,1.0,5.1E8,
8.7E-35,0.47,3000.0,2800.0,4300.0,3099999.9999999995,5300.0,2300.0,6900.0,2100.0,470.0,2.6,3099999.9999999995,5.6,0.12,0.12,0.0,190.0,0.6,0.0,0.0,0.0,84000.0,1.0,5.1E8,
8.7E-35,0.47,3000.0,2800.0,4300.0,3099999.9999999995,5300.0,2300.0,6900.0,2100.0,470.0,2.6,3099999.9999999995,5.6,0.12,0.12,0.0,190.0,0.6,0.0,0.0,0.0,84000.0,1.0,5.1E8,
8.7E-35,0.47,3000.0,2800.0,4300.0,3099999.9999999995,5300.0,2300.0,6900.0,2100.0,470.0,2.6,3099999.9999999995,5.6,0.12,0.12,0.0,190.0,0.6,0.0,0.0,0.0,84000.0,1.0,5.1E8,
8.7E-35,0.47,3000.0,2800.0,4300.0,3099999.9999999995,5300.0,2300.0,6900.0,2100.0,470.0,2.6,3099999.9999999995,5.6,0.12,0.12,0.0,190.0,0.6,0.0,0.0,0.0,84000.0,1.0,5.1E8,
8.7E-35,0.47,3000.0,2800.0,4300.0,3099999.9999999995,5300.0,2300.0,6900.0,2100.0,470.0,2.6,3099999.9999999995,5.6,0.12,0.12,0.0,190.0,0.6,0.0,0.0,0.0,84000.0,1.0,5.1E8,
8.7E-35,0.47,3000.0,2800.0,4300.0,3099999.9999999995,5300.0,2300.0,6900.0,2100.0,470.0,2.6,3099999.9999999995,5.6,0.12,0.12,0.0,190.0,0.6,0.0,0.0,0.0,83000.0,1.0,5.1E8,
8.7E-35,0.47,3000.0,2800.0,4300.0,3099999.9999999995,5300.0,2300.0,6900.0,2100.0,470.0,2.6,3099999.9999999995,5.6,0.12,0.12,0.0,190.0,0.6,0.0,0.0,0.0,83000.0,1.0,5.1E8,
8.7E-35,0.47,3000.0,2800.0,4300.0,3099999.9999999995,5300.0,2300.0,6900.0,2100.0,470.0,2.6,3099999.9999999995,5.6,0.12,0.12,0.0,180.0,0.6,0.0,0.0,0.0,83000.0,1.0,5.1E8,
8.7E-35,0.47,3000.0,2800.0,4300.0,3099999.9999999995,5300.0,2300.0,6900.0,2100.0,470.0,2.6,3099999.9999999995,5.6,0.12,0.12,0.0,180.0,0.6,0.0,0.0,0.0,83000.0,1.0,5.1E8,
8.7E-35,0.47,3000.0,2800.0,4300.0,3099999.9999999995,5300.0,2300.0,6900.0,2100.0,470.0,2.6,3099999.9999999995,5.6,0.12,0.12,0.0,180.0,0.6,0.0,0.0,0.0,83000.0,1.0,5.1E8,
8.7E-35,0.47,3000.0,2800.0,4300.0,3099999.9999999995,5300.0,2300.0,6900.0,2100.0,470.0,2.6,3099999.9999999995,5.6,0.12,0.12,0.0,180.0,0.6,0.0,0.0,0.0,82000.0,1.0,5.1E8,
8.7E-35,0.47,3000.0,2800.0,4300.0,3099999.9999999995,5300.0,2300.0,6900.0,2100.0,470.0,2.6,3099999.9999999995,5.6,0.12,0.12,0.0,180.0,0.6,0.0,0.0,0.0,82000.0,1.0,5.1E8,
8.7E-35,0.47,3000.0,2800.0,4300.0,3099999.9999999995,5300.0,2300.0,6900.0,2100.0,470.0,2.6,3099999.9999999995,5.6,0.12,0.12,0.0,180.0,0.6,0.0,0.0,0.0,82000.0,1.0,5.1E8,
8.7E-35,0.47,3000.0,2800.0,4300.0,3099999.9999999995,5300.0,2300.0,6900.0,2100.0,470.0,2.5,3099999.9999999995,5.6,0.12,0.12,0.0,180.0,0.6,0.0,0.0,0.0,82000.0,1.0,5.1E8,
8.7E-35,0.47,3000.0,2800.0,4300.0,3099999.9999999995,5300.0,2300.0,6900.0,2100.0,470.0,2.5,3099999.9999999995,5.6,0.12,0.12,0.0,180.0,0.6,0.0,0.0,0.0,82000.0,1.0,5.1E8,
8.7E-35,0.47,3000.0,2800.0,4300.0,3099999.9999999995,5300.0,2300.0,6900.0,2100.0,470.0,2.5,3099999.9999999995,5.6,0.12,0.12,0.0,180.0,0.6,0.0,0.0,0.0,82000.0,1.0,5.1E8,
8.7E-35,0.47,3000.0,2800.0,4300.0,3099999.9999999995,5300.0,2300.0,6900.0,2100.0,470.0,2.5,3099999.9999999995,5.6,0.12,0.12,0.0,180.0,0.6,0.0,0.0,0.0,81000.0,1.0,5.1E8,
8.7E-35,0.47,3000.0,2800.0,4300.0,3099999.9999999995,5300.0,2300.0,6900.0,2100.0,470.0,2.5,3099999.9999999995,5.6,0.12,0.12,0.0,170.0,0.6,0.0,0.0,0.0,81000.0,1.0,5.1E8,
8.7E-35,0.47,3000.0,2800.0,4300.0,3099999.9999999995,5300.0,2300.0,6900.0,2100.0,470.0,2.5,3099999.9999999995,5.6,0.12,0.12,0.0,170.0,0.6,0.0,0.0,0.0,81000.0,1.0,5.1E8,
8.7E-35,0.47,3000.0,2800.0,4300.0,3099999.9999999995,5300.0,2300.0,6900.0,2100.0,470.0,2.5,3099999.9999999995,5.6,0.12,0.12,0.0,170.0,0.6,0.0,0.0,0.0,81000.0,1.0,5.1E8,
8.7E-35,0.47,3000.0,2800.0,4300.0,3099999.9999999995,5300.0,2300.0,6900.0,2100.0,470.0,2.5,3099999.9999999995,5.6,0.12,0.12,0.0,170.0,0.6,0.0,0.0,0.0,80000.0,1.0,5.1E8,
8.7E-35,0.47,3000.0,2800.0,4300.0,3099999.9999999995,5300.0,2300.0,6900.0,2100.0,470.0,2.5,3099999.9999999995,5.6,0.12,0.12,0.0,170.0,0.6,0.0,0.0,0.0,80000.0,1.0,5.1E8,
8.7E-35,0.47,3000.0,2800.0,4300.0,3099999.9999999995,5300.0,2300.0,6900.0,2100.0,470.0,2.5,3099999.9999999995,5.6,0.12,0.12,0.0,170.0,0.6,0.0,0.0,0.0,80000.0,1.0,5.1E8,
8.7E-35,0.47,3000.0,2800.0,4300.0,3099999.9999999995,5300.0,2300.0,6900.0,2100.0,470.0,2.5,3099999.9999999995,5.6,0.12,0.12,0.0,160.0,0.6,0.0,0.0,0.0,79000.0,1.0,5.1E8,
8.7E-35,0.47,3000.0,2800.0,4300.0,3099999.9999999995,5300.0,2300.0,6900.0,2100.0,470.0,2.5,3099999.9999999995,5.6,0.12,0.12,0.0,160.0,0.6,0.0,0.0,0.0,79000.0,1.0,5.1E8,
8.7E-35,0.47,3000.0,2800.0,4300.0,3099999.9999999995,5300.0,2300.0,6900.0,2100.0,470.0,2.5,3099999.9999999995,5.6,0.12,0.12,0.0,160.0,0.6,0.0,0.0,0.0,79000.0,1.0,5.1E8,
8.7E-35,0.47,3000.0,2800.0,4300.0,3099999.9999999995,5300.0,2300.0,6900.0,2100.0,470.0,2.4,3099999.9999999995,5.6,0.12,0.12,0.0,160.0,0.6,0.0,0.0,0.0,79000.0,1.0,5.1E8,
8.7E-35,0.47,3000.0,2800.0,4300.0,3099999.9999999995,5300.0,2300.0,6900.0,2100.0,470.0,2.4,3099999.9999999995,5.6,0.12,0.12,0.0,160.0,0.6,0.0,0.0,0.0,79000.0,1.0,5.1E8,
8.7E-35,0.47,3000.0,2800.0,4300.0,3099999.9999999995,5300.0,2300.0,6900.0,2100.0,470.0,2.4,3099999.9999999995,5.6,0.12,0.12,0.0,160.0,0.6,0.0,0.0,0.0,78000.0,1.0,5.1E8,
8.7E-35,0.47,3000.0,2800.0,4300.0,3099999.9999999995,5300.0,2300.0,6900.0,2100.0,470.0,2.4,3099999.9999999995,5.6,0.12,0.12,0.0,160.0,0.6,0.0,0.0,0.0,78000.0,1.0,5.1E8,
8.7E-35,0.47,3000.0,2800.0,4300.0,3099999.9999999995,5300.0,2300.0,6900.0,2100.0,470.0,2.4,3099999.9999999995,5.6,0.12,0.12,0.0,160.0,0.6,0.0,0.0,0.0,78000.0,1.0,5.1E8,
8.7E-35,0.47,3000.0,2800.0,4300.0,3099999.9999999995,5300.0,2300.0,6900.0,2100.0,470.0,2.4,3099999.9999999995,5.6,0.12,0.12,0.0,160.0,0.6,0.0,0.0,0.0,78000.0,1.0,5.1E8,
8.7E-35,0.47,3000.0,2800.0,4300.0,3099999.9999999995,5300.0,2300.0,6900.0,2100.0,470.0,2.4,3099999.9999999995,5.6,0.12,0.12,0.0,150.0,0.6,0.0,0.0,0.0,77000.0,1.0,5.1E8,
8.7E-35,0.47,3000.0,2800.0,4300.0,3099999.9999999995,5300.0,2300.0,6900.0,2100.0,470.0,2.4,3099999.9999999995,5.6,0.12,0.12,0.0,150.0,0.6,0.0,0.0,0.0,77000.0,1.0,5.1E8,
8.7E-35,0.47,3000.0,2800.0,4300.0,3099999.9999999995,5300.0,2300.0,6900.0,2100.0,470.0,2.4,3099999.9999999995,5.6,0.12,0.12,0.0,150.0,0.6,0.0,0.0,0.0,77000.0,1.0,5.1E8,
8.7E-35,0.47,3000.0,2800.0,4300.0,3099999.9999999995,5300.0,2300.0,6900.0,2100.0,470.0,2.4,3099999.9999999995,5.6,0.12,0.12,0.0,150.0,0.6,0.0,0.0,0.0,77000.0,1.0,5.1E8,
8.7E-35,0.47,3000.0,2800.0,4300.0,3099999.9999999995,5300.0,2300.0,6900.0,2100.0,470.0,2.4,3099999.9999999995,5.6,0.12,0.12,0.0,150.0,0.6,0.0,0.0,0.0,76000.0,1.0,5.1E8,
8.7E-35,0.47,3000.0,2800.0,4300.0,3099999.9999999995,5300.0,2300.0,6900.0,2100.0,470.0,2.4,3099999.9999999995,5.6,0.12,0.12,0.0,150.0,0.6,0.0,0.0,0.0,76000.0,1.0,5.1E8,
8.7E-35,0.47,3000.0,2800.0,4300.0,3099999.9999999995,5300.0,2300.0,6900.0,2100.0,470.0,2.4,3099999.9999999995,5.6,0.12,0.12,0.0,150.0,0.6,0.0,0.0,0.0,76000.0,1.0,5.1E8,
8.7E-35,0.47,3000.0,2800.0,4300.0,3099999.9999999995,5300.0,2300.0,6900.0,2100.0,470.0,2.3,3099999.9999999995,5.6,0.12,0.12,0.0,150.0,0.6,0.0,0.0,0.0,76000.0,1.0,5.1E8,
8.7E-35,0.47,3000.0,2800.0,4300.0,3099999.9999999995,5300.0,2300.0,6900.0,2100.0,470.0,2.3,3099999.9999999995,5.6,0.12,0.12,0.0,150.0,0.6,0.0,0.0,0.0,75000.0,1.0,5.1E8,
8.7E-35,0.47,3000.0,2800.0,4300.0,3099999.9999999995,5300.0,2300.0,6900.0,2100.0,470.0,2.3,3099999.9999999995,5.6,0.12,0.12,0.0,150.0,0.6,0.0,0.0,0.0,75000.0,1.0,5.1E8,
8.7E-35,0.47,3000.0,2800.0,4300.0,3099999.9999999995,5300.0,2300.0,6900.0,2100.0,470.0,2.3,3099999.9999999995,5.6,0.12,0.12,0.0,150.0,0.6,0.0,0.0,0.0,75000.0,1.0,5.1E8,
8.7E-35,0.47,3000.0,2800.0,4300.0,3099999.9999999995,5300.0,2300.0,6900.0,2100.0,470.0,2.3,3099999.9999999995,5.6,0.12,0.12,0.0,150.0,0.6,0.0,0.0,0.0,75000.0,1.0,5.1E8,
8.7E-35,0.47,3000.0,2800.0,4300.0,3099999.9999999995,5300.0,2300.0,6900.0,2100.0,470.0,2.3,3099999.9999999995,5.6,0.12,0.12,0.0,150.0,0.6,0.0,0.0,0.0,75000.0,1.0,5.1E8,
8.7E-35,0.47,3000.0,2800.0,4300.0,3099999.9999999995,5300.0,2300.0,6900.0,2100.0,470.0,2.3,3099999.9999999995,5.6,0.12,0.12,0.0,150.0,0.6,0.0,0.0,0.0,75000.0,1.0,5.1E8,
8.7E-35,0.47,3000.0,2800.0,4300.0,3099999.9999999995,5300.0,2300.0,6900.0,2100.0,470.0,2.3,3099999.9999999995,5.6,0.12,0.12,0.0,150.0,0.6,0.0,0.0,0.0,74000.0,1.0,5.1E8,
8.7E-35,0.47,3000.0,2800.0,4300.0,3099999.9999999995,5300.0,2300.0,6900.0,2100.0,470.0,2.3,3099999.9999999995,5.6,0.12,0.12,0.0,150.0,0.6,0.0,0.0,0.0,74000.0,1.0,5.1E8,
8.7E-35,0.47,3000.0,2800.0,4300.0,3099999.9999999995,5300.0,2300.0,6900.0,2100.0,470.0,2.3,3099999.9999999995,5.6,0.12,0.12,0.0,140.0,0.6,0.0,0.0,0.0,74000.0,1.0,5.1E8,
8.7E-35,0.47,3000.0,2800.0,4300.0,3099999.9999999995,5300.0,2300.0,6900.0,2100.0,470.0,2.3,3099999.9999999995,5.6,0.12,0.12,0.0,140.0,0.6,0.0,0.0,0.0,74000.0,1.0,5.1E8,
8.7E-35,0.47,3000.0,2800.0,4300.0,3099999.9999999995,5300.0,2300.0,6900.0,2100.0,470.0,2.3,3099999.9999999995,5.6,0.12,0.12,0.0,140.0,0.6,0.0,0.0,0.0,73000.0,1.0,5.1E8,
8.7E-35,0.47,3000.0,2800.0,4300.0,3099999.9999999995,5300.0,2300.0,6900.0,2100.0,470.0,2.3,3099999.9999999995,5.6,0.12,0.12,0.0,140.0,0.6,0.0,0.0,0.0,73000.0,1.0,5.1E8,
8.7E-35,0.47,3000.0,2800.0,4300.0,3099999.9999999995,5300.0,2300.0,6900.0,2100.0,470.0,2.3,3099999.9999999995,5.6,0.12,0.12,0.0,140.0,0.6,0.0,0.0,0.0,73000.0,1.0,5.1E8,
8.7E-35,0.47,3000.0,2800.0,4300.0,3099999.9999999995,5300.0,2300.0,6900.0,2100.0,470.0,2.3,3099999.9999999995,5.6,0.12,0.12,0.0,140.0,0.6,0.0,0.0,0.0,73000.0,1.0,5.1E8,
8.7E-35,0.47,3000.0,2800.0,4300.0,3099999.9999999995,5300.0,2300.0,6900.0,2100.0,470.0,2.3,3099999.9999999995,5.6,0.12,0.12,0.0,140.0,0.6,0.0,0.0,0.0,73000.0,1.0,5.1E8,
8.7E-35,0.47,3000.0,2800.0,4300.0,3099999.9999999995,5300.0,2300.0,6900.0,2100.0,470.0,2.3,3099999.9999999995,5.6,0.12,0.12,0.0,140.0,0.6,0.0,0.0,0.0,72000.0,1.0,5.1E8,
8.7E-35,0.47,3000.0,2800.0,4300.0,3099999.9999999995,5300.0,2300.0,6900.0,2100.0,470.0,2.2,3099999.9999999995,5.6,0.12,0.12,0.0,140.0,0.6,0.0,0.0,0.0,72000.0,1.0,5.1E8,
8.7E-35,0.47,3000.0,2800.0,4300.0,3099999.9999999995,5300.0,2300.0,6900.0,2100.0,470.0,2.2,3099999.9999999995,5.6,0.12,0.12,0.0,140.0,0.6,0.0,0.0,0.0,72000.0,1.0,5.1E8,
8.7E-35,0.47,3000.0,2800.0,4300.0,3099999.9999999995,5300.0,2300.0,6900.0,2100.0,470.0,2.2,3099999.9999999995,5.6,0.12,0.12,0.0,140.0,0.6,0.0,0.0,0.0,72000.0,1.0,5.1E8,
8.7E-35,0.47,3000.0,2800.0,4300.0,3099999.9999999995,5300.0,2300.0,6900.0,2100.0,470.0,2.2,3099999.9999999995,5.6,0.12,0.12,0.0,140.0,0.6,0.0,0.0,0.0,72000.0,1.0,5.1E8,
8.7E-35,0.47,3000.0,2800.0,4300.0,3099999.9999999995,5300.0,2300.0,6900.0,2100.0,470.0,2.2,3099999.9999999995,5.6,0.12,0.12,0.0,140.0,0.6,0.0,0.0,0.0,71000.0,1.0,5.1E8,
8.7E-35,0.47,3000.0,2800.0,4300.0,3099999.9999999995,5300.0,2300.0,6900.0,2100.0,470.0,2.2,3099999.9999999995,5.6,0.12,0.12,0.0,140.0,0.6,0.0,0.0,0.0,71000.0,1.0,5.1E8,
8.7E-35,0.47,3000.0,2800.0,4300.0,3099999.9999999995,5300.0,2300.0,6900.0,2100.0,470.0,2.2,3099999.9999999995,5.6,0.12,0.12,0.0,140.0,0.6,0.0,0.0,0.0,71000.0,1.0,5.1E8,
5.2E-34,2.6,660.0,51000.0,3800.0,3699999.9999999995,5300.0,2300.0,6900.0,2100.0,470.0,2.3,3699999.9999999995,33.0,0.28,0.28,0.0,170.0,1.2,0.0,0.0,0.0,73000.0,1.0,5.2E8,
9.699999999999999E-35,0.48,660.0,3700.0,3800.0,3399999.9999999995,5300.0,2300.0,6900.0,2100.0,470.0,2.3,3399999.9999999995,6.1,0.13,0.13,0.0,170.0,1.2,0.0,0.0,0.0,72000.0,1.0,5.2E8,
9.4E-35,0.47,660.0,3600.0,3800.0,3199999.9999999995,5300.0,2300.0,6800.0,2100.0,470.0,2.2,3199999.9999999995,5.9,0.12,0.12,0.0,170.0,1.2,0.0,0.0,0.0,71000.0,1.0,5.1E8,
9.4E-35,0.46,660.0,3600.0,3800.0,3099999.9999999995,5300.0,2300.0,6800.0,2100.0,470.0,2.2,3099999.9999999995,5.9,0.12,0.12,0.0,170.0,1.1,0.0,0.0,0.0,71000.0,1.0,5.1E8,
9.4E-35,0.46,660.0,3600.0,3800.0,3099999.9999999995,5300.0,2300.0,6800.0,2100.0,470.0,2.2,3099999.9999999995,5.9,0.12,0.12,0.0,160.0,1.1,0.0,0.0,0.0,71000.0,1.0,5.1E8,
9.4E-35,0.46,660.0,3600.0,3800.0,3099999.9999999995,5300.0,2300.0,6800.0,2100.0,470.0,2.2,3099999.9999999995,5.9,0.12,0.12,0.0,160.0,1.1,0.0,0.0,0.0,70000.0,1.0,5.1E8,
9.4E-35,0.46,660.0,3600.0,3800.0,3099999.9999999995,5300.0,2300.0,6800.0,2100.0,470.0,2.2,3099999.9999999995,5.9,0.12,0.12,0.0,160.0,1.1,0.0,0.0,0.0,70000.0,1.0,5.1E8,
9.4E-35,0.46,660.0,3600.0,3800.0,3099999.9999999995,5300.0,2300.0,6800.0,2100.0,470.0,2.2,3099999.9999999995,5.9,0.12,0.12,0.0,160.0,1.1,0.0,0.0,0.0,70000.0,1.0,5.1E8,
9.4E-35,0.46,660.0,3600.0,3800.0,3099999.9999999995,5300.0,2300.0,6800.0,2100.0,470.0,2.2,3099999.9999999995,5.9,0.12,0.12,0.0,160.0,1.1,0.0,0.0,0.0,70000.0,1.0,5.1E8,
9.4E-35,0.46,660.0,3600.0,3800.0,3099999.9999999995,5300.0,2300.0,6800.0,2100.0,470.0,2.2,3099999.9999999995,5.9,0.12,0.12,0.0,160.0,1.1,0.0,0.0,0.0,70000.0,1.0,5.1E8,
9.4E-35,0.46,660.0,3600.0,3800.0,3099999.9999999995,5300.0,2300.0,6800.0,2100.0,470.0,2.2,3099999.9999999995,5.9,0.12,0.12,0.0,160.0,1.1,0.0,0.0,0.0,69000.0,1.0,5.1E8,
9.4E-35,0.46,660.0,3600.0,3800.0,3099999.9999999995,5300.0,2300.0,6800.0,2100.0,470.0,2.2,3099999.9999999995,5.9,0.12,0.12,0.0,160.0,1.1,0.0,0.0,0.0,69000.0,1.0,5.1E8,
9.4E-35,0.46,660.0,3600.0,3800.0,3099999.9999999995,5300.0,2300.0,6800.0,2100.0,470.0,2.2,3099999.9999999995,5.9,0.12,0.12,0.0,160.0,1.1,0.0,0.0,0.0,69000.0,1.0,5.1E8,
9.4E-35,0.46,660.0,3600.0,3800.0,3099999.9999999995,5300.0,2300.0,6800.0,2100.0,470.0,2.1,3099999.9999999995,5.9,0.12,0.12,0.0,160.0,1.1,0.0,0.0,0.0,69000.0,1.0,5.1E8,
9.4E-35,0.46,660.0,3600.0,3800.0,3099999.9999999995,5300.0,2300.0,6800.0,2100.0,470.0,2.1,3099999.9999999995,5.9,0.12,0.12,0.0,160.0,1.1,0.0,0.0,0.0,69000.0,1.0,5.1E8,
9.4E-35,0.46,660.0,3600.0,3800.0,3099999.9999999995,5300.0,2300.0,6800.0,2100.0,470.0,2.1,3099999.9999999995,5.9,0.12,0.12,0.0,160.0,1.1,0.0,0.0,0.0,69000.0,1.0,5.1E8,
9.4E-35,0.46,660.0,3600.0,3800.0,3099999.9999999995,5300.0,2300.0,6800.0,2100.0,470.0,2.1,3099999.9999999995,5.9,0.12,0.12,0.0,160.0,1.1,0.0,0.0,0.0,68000.0,1.0,5.1E8,
9.4E-35,0.46,660.0,3600.0,3800.0,3099999.9999999995,5300.0,2300.0,6800.0,2100.0,470.0,2.1,3099999.9999999995,5.9,0.12,0.12,0.0,160.0,1.1,0.0,0.0,0.0,68000.0,1.0,5.1E8,
9.4E-35,0.46,660.0,3600.0,3800.0,3099999.9999999995,5300.0,2300.0,6800.0,2100.0,470.0,2.1,3099999.9999999995,5.9,0.12,0.12,0.0,160.0,1.1,0.0,0.0,0.0,68000.0,1.0,5.1E8,
9.4E-35,0.46,660.0,3600.0,3800.0,3099999.9999999995,5300.0,2300.0,6800.0,2100.0,470.0,2.1,3099999.9999999995,5.9,0.12,0.12,0.0,150.0,1.1,0.0,0.0,0.0,68000.0,1.0,5.1E8,
9.4E-35,0.46,660.0,3600.0,3800.0,3099999.9999999995,5300.0,2300.0,6800.0,2100.0,470.0,2.1,3099999.9999999995,5.9,0.12,0.12,0.0,150.0,1.1,0.0,0.0,0.0,68000.0,1.0,5.1E8,
9.4E-35,0.46,660.0,3600.0,3800.0,3099999.9999999995,5300.0,2300.0,6800.0,2100.0,470.0,2.1,3099999.9999999995,5.9,0.12,0.12,0.0,150.0,1.1,0.0,0.0,0.0,67000.0,1.0,5.1E8,
9.4E-35,0.46,660.0,3600.0,3800.0,3099999.9999999995,5300.0,2300.0,6800.0,2100.0,470.0,2.1,3099999.9999999995,5.9,0.12,0.12,0.0,150.0,1.1,0.0,0.0,0.0,67000.0,1.0,5.1E8,
9.4E-35,0.46,660.0,3600.0,3800.0,3099999.9999999995,5300.0,2300.0,6800.0,2100.0,470.0,2.1,3099999.9999999995,5.9,0.12,0.12,0.0,150.0,1.1,0.0,0.0,0.0,67000.0,1.0,5.1E8,
9.4E-35,0.46,660.0,3600.0,3800.0,3099999.9999999995,5300.0,2300.0,6800.0,2100.0,470.0,2.1,3099999.9999999995,5.9,0.12,0.12,0.0,150.0,1.1,0.0,0.0,0.0,67000.0,1.0,5.1E8,
9.4E-35,0.46,660.0,3600.0,3800.0,3099999.9999999995,5300.0,2300.0,6800.0,2100.0,470.0,2.1,3099999.9999999995,5.9,0.12,0.12,0.0,150.0,1.1,0.0,0.0,0.0,67000.0,1.0,5.1E8,
6.5E-35,0.33,6400.0,3600.0,880.0,3999999.9999999995,5700.0,2300.0,6800.0,2100.0,470.0,2.2,3999999.9999999995,4.7,0.095,0.095,0.0,210.0,2.3,0.0,0.0,0.0,69000.0,1.0,5.3E8,
6.1E-35,0.3,6300.0,3600.0,880.0,3399999.9999999995,5700.0,2300.0,6800.0,2100.0,460.0,2.2,3399999.9999999995,4.4,0.084,0.084,0.0,210.0,2.0,0.0,0.0,0.0,68000.0,1.0,5.3E8,
5.9E-35,0.3,6300.0,3600.0,880.0,3199999.9999999995,5700.0,2300.0,6800.0,2100.0,460.0,2.1,3199999.9999999995,4.2,0.08,0.08,0.0,210.0,1.9,0.0,0.0,0.0,68000.0,1.0,5.2E8,
5.799999999999999E-35,0.29,6300.0,3500.0,880.0,3099999.9999999995,5700.0,2300.0,6800.0,2100.0,460.0,2.1,3099999.9999999995,4.2,0.078,0.078,0.0,210.0,1.9,0.0,0.0,0.0,68000.0,1.0,5.2E8,
5.799999999999999E-35,0.29,6300.0,3500.0,880.0,3099999.9999999995,5700.0,2300.0,6800.0,2100.0,460.0,2.1,3099999.9999999995,4.2,0.078,0.078,0.0,210.0,1.9,0.0,0.0,0.0,67000.0,1.0,5.2E8,
5.799999999999999E-35,0.29,6300.0,3500.0,880.0,3099999.9999999995,5600.0,2300.0,6800.0,2100.0,460.0,2.1,3099999.9999999995,4.2,0.077,0.077,0.0,210.0,1.9,0.0,0.0,0.0,67000.0,1.0,5.1E8,
5.799999999999999E-35,0.29,6300.0,3500.0,880.0,3099999.9999999995,5600.0,2300.0,6800.0,2100.0,460.0,2.1,3099999.9999999995,4.2,0.077,0.077,0.0,210.0,1.9,0.0,0.0,0.0,67000.0,1.0,5.1E8,
5.799999999999999E-35,0.29,6300.0,3500.0,880.0,3099999.9999999995,5600.0,2300.0,6800.0,2100.0,460.0,2.1,3099999.9999999995,4.2,0.077,0.077,0.0,210.0,1.9,0.0,0.0,0.0,67000.0,1.0,5.1E8,
5.799999999999999E-35,0.29,6300.0,3500.0,880.0,3099999.9999999995,5600.0,2300.0,6800.0,2100.0,460.0,2.1,3099999.9999999995,4.2,0.077,0.077,0.0,210.0,1.9,0.0,0.0,0.0,66000.0,1.0,5.1E8,
5.799999999999999E-35,0.29,6300.0,3500.0,880.0,3099999.9999999995,5600.0,2300.0,6800.0,2100.0,460.0,2.1,3099999.9999999995,4.2,0.077,0.077,0.0,210.0,1.9,0.0,0.0,0.0,66000.0,1.0,5.1E8,
5.799999999999999E-35,0.29,6300.0,3500.0,880.0,3099999.9999999995,5600.0,2300.0,6800.0,2100.0,460.0,2.1,3099999.9999999995,4.2,0.077,0.077,0.0,210.0,1.9,0.0,0.0,0.0,66000.0,1.0,5.1E8,
5.799999999999999E-35,0.29,6300.0,3500.0,880.0,3099999.9999999995,5600.0,2300.0,6800.0,2100.0,460.0,2.1,3099999.9999999995,4.2,0.077,0.077,0.0,210.0,1.9,0.0,0.0,0.0,66000.0,1.0,5.1E8,
5.799999999999999E-35,0.29,6300.0,3500.0,880.0,3099999.9999999995,5600.0,2300.0,6800.0,2100.0,460.0,2.1,3099999.9999999995,4.2,0.077,0.077,0.0,200.0,1.9,0.0,0.0,0.0,66000.0,1.0,5.1E8,
5.799999999999999E-35,0.29,6300.0,3500.0,880.0,3099999.9999999995,5600.0,2300.0,6800.0,2100.0,460.0,2.1,3099999.9999999995,4.2,0.077,0.077,0.0,200.0,1.9,0.0,0.0,0.0,65000.0,1.0,5.1E8,
5.799999999999999E-35,0.29,6300.0,3500.0,880.0,3099999.9999999995,5600.0,2300.0,6800.0,2100.0,460.0,2.1,3099999.9999999995,4.2,0.077,0.077,0.0,200.0,1.9,0.0,0.0,0.0,65000.0,1.0,5.1E8,
5.799999999999999E-35,0.29,6300.0,3500.0,880.0,3099999.9999999995,5600.0,2300.0,6800.0,2100.0,460.0,2.0,3099999.9999999995,4.2,0.077,0.077,0.0,200.0,1.9,0.0,0.0,0.0,65000.0,1.0,5.1E8,
5.799999999999999E-35,0.29,6300.0,3500.0,880.0,3099999.9999999995,5600.0,2300.0,6800.0,2100.0,460.0,2.0,3099999.9999999995,4.2,0.077,0.077,0.0,200.0,1.9,0.0,0.0,0.0,65000.0,1.0,5.1E8,
5.799999999999999E-35,0.29,6300.0,3500.0,880.0,3099999.9999999995,5600.0,2300.0,6800.0,2100.0,460.0,2.0,3099999.9999999995,4.2,0.077,0.077,0.0,200.0,1.9,0.0,0.0,0.0,65000.0,1.0,5.1E8,
5.799999999999999E-35,0.29,6300.0,3500.0,880.0,3099999.9999999995,5600.0,2300.0,6800.0,2100.0,460.0,2.0,3099999.9999999995,4.2,0.077,0.077,0.0,200.0,1.9,0.0,0.0,0.0,65000.0,1.0,5.1E8,
5.799999999999999E-35,0.29,6300.0,3500.0,880.0,3099999.9999999995,5600.0,2300.0,6800.0,2100.0,460.0,2.0,3099999.9999999995,4.2,0.077,0.077,0.0,200.0,1.9,0.0,0.0,0.0,65000.0,1.0,5.1E8,
5.799999999999999E-35,0.29,6300.0,3500.0,880.0,3099999.9999999995,5600.0,2300.0,6800.0,2100.0,460.0,2.0,3099999.9999999995,4.2,0.077,0.077,0.0,200.0,1.9,0.0,0.0,0.0,65000.0,1.0,5.1E8,
5.799999999999999E-35,0.29,6300.0,3500.0,880.0,3099999.9999999995,5600.0,2300.0,6800.0,2100.0,460.0,2.0,3099999.9999999995,4.2,0.077,0.077,0.0,200.0,1.9,0.0,0.0,0.0,65000.0,1.0,5.1E8,
5.799999999999999E-35,0.29,6300.0,3500.0,880.0,3099999.9999999995,5600.0,2300.0,6800.0,2100.0,460.0,2.0,3099999.9999999995,4.2,0.077,0.077,0.0,200.0,1.9,0.0,0.0,0.0,64000.0,1.0,5.1E8,
5.799999999999999E-35,0.29,6300.0,3500.0,880.0,3099999.9999999995,5600.0,2300.0,6800.0,2100.0,460.0,2.0,3099999.9999999995,4.2,0.077,0.077,0.0,200.0,1.9,0.0,0.0,0.0,64000.0,1.0,5.1E8,
5.799999999999999E-35,0.29,6300.0,3500.0,880.0,3099999.9999999995,5600.0,2300.0,6800.0,2100.0,460.0,2.0,3099999.9999999995,4.2,0.077,0.077,0.0,200.0,1.9,0.0,0.0,0.0,64000.0,1.0,5.1E8,
5.9E-34,2.9,2400.0,100000.0,1900.0,4099999.9999999995,6900.0,3200.0,870.0,4300.0,5700.0,2.1,4200000.0,41.0,2.2,2.2,0.0,260.0,2.5,0.0,0.0,0.0,66000.0,1.0,5.3E8,
3.5999999999999997E-35,0.18,2400.0,750.0,1900.0,3799999.9999999995,6800.0,3100.0,870.0,4300.0,5700.0,2.1,3899999.9999999995,2.5,1.1,1.1,0.0,260.0,2.3,0.0,0.0,0.0,66000.0,1.0,5.3E8,
3.5E-35,0.17,2400.0,750.0,1900.0,3699999.9999999995,6800.0,3100.0,870.0,4300.0,5700.0,2.1,3699999.9999999995,2.5,1.1,1.1,0.0,260.0,2.3,0.0,0.0,0.0,65000.0,1.0,5.3E8,
3.3999999999999997E-35,0.17,2400.0,750.0,1900.0,3499999.9999999995,6800.0,3100.0,870.0,4300.0,5700.0,2.0,3499999.9999999995,2.4,1.0,1.0,0.0,260.0,2.2,0.0,0.0,0.0,65000.0,1.0,5.2E8,
3.2E-35,0.16,2400.0,750.0,1900.0,3199999.9999999995,6800.0,3100.0,870.0,4200.0,5700.0,2.0,3199999.9999999995,2.3,1.0,1.0,0.0,270.0,2.0,0.0,0.0,0.0,64000.0,1.0,5.2E8,
3.2E-35,0.16,2400.0,750.0,1900.0,3099999.9999999995,6800.0,3100.0,870.0,4200.0,5700.0,2.0,3099999.9999999995,2.2,1.0,1.0,0.0,270.0,2.0,0.0,0.0,0.0,64000.0,1.0,5.2E8,
3.2E-35,0.16,2400.0,750.0,1900.0,3099999.9999999995,6800.0,3100.0,870.0,4200.0,5700.0,2.0,3099999.9999999995,2.2,1.0,1.0,0.0,270.0,2.0,0.0,0.0,0.0,64000.0,1.0,5.2E8,
3.2E-35,0.16,2400.0,750.0,1900.0,3099999.9999999995,6800.0,3100.0,870.0,4200.0,5700.0,2.0,3099999.9999999995,2.2,1.0,1.0,0.0,270.0,2.0,0.0,0.0,0.0,64000.0,1.0,5.2E8,
3.2E-35,0.16,2400.0,750.0,1900.0,3099999.9999999995,6800.0,3100.0,870.0,4200.0,5700.0,2.0,3099999.9999999995,2.2,1.0,1.0,0.0,260.0,2.0,0.0,0.0,0.0,63000.0,1.0,5.2E8,
3.2E-35,0.16,2400.0,750.0,1900.0,3099999.9999999995,6800.0,3100.0,870.0,4200.0,5700.0,2.0,3099999.9999999995,2.2,1.0,1.0,0.0,260.0,2.0,0.0,0.0,0.0,63000.0,1.0,5.2E8,
3.2E-35,0.16,2400.0,750.0,1900.0,3099999.9999999995,6800.0,3100.0,870.0,4200.0,5700.0,2.0,3099999.9999999995,2.2,1.0,1.0,0.0,260.0,2.0,0.0,0.0,0.0,63000.0,1.0,5.2E8,
3.2E-35,0.16,2400.0,750.0,1900.0,3099999.9999999995,6800.0,3100.0,870.0,4200.0,5700.0,2.0,3099999.9999999995,2.2,1.0,1.0,0.0,260.0,2.0,0.0,0.0,0.0,63000.0,1.0,5.2E8,
3.2E-35,0.16,2400.0,750.0,1900.0,3099999.9999999995,6800.0,3100.0,870.0,4200.0,5700.0,2.0,3099999.9999999995,2.2,1.0,1.0,0.0,260.0,2.0,0.0,0.0,0.0,63000.0,1.0,5.2E8,
3.2E-35,0.16,2400.0,750.0,1900.0,3099999.9999999995,6800.0,3100.0,870.0,4200.0,5700.0,2.0,3099999.9999999995,2.2,1.0,1.0,0.0,260.0,2.0,0.0,0.0,0.0,63000.0,1.0,5.2E8,
3.2E-35,0.16,2400.0,750.0,1900.0,3099999.9999999995,6800.0,3100.0,870.0,4200.0,5700.0,2.0,3099999.9999999995,2.2,1.0,1.0,0.0,260.0,2.0,0.0,0.0,0.0,62000.0,1.0,5.2E8,
9.699999999999999E-35,0.49,7400.0,2700.0,7200.0,3999999.9999999995,6800.0,3100.0,870.0,4200.0,5700.0,2.0,4099999.9999999995,6.7,1.0,1.0,0.0,270.0,3.4,0.0,0.0,0.0,63000.0,1.0,5.3E8,
9.4E-35,0.47,7400.0,2700.0,7100.0,3599999.9999999995,6800.0,3100.0,860.0,4200.0,5600.0,2.0,3599999.9999999995,6.5,0.97,0.97,0.0,270.0,3.2,0.0,0.0,0.0,63000.0,1.0,5.3E8,
9.099999999999999E-35,0.45,7400.0,2700.0,7100.0,3099999.9999999995,6800.0,3100.0,860.0,4200.0,5600.0,1.9,3099999.9999999995,6.3,0.92,0.92,0.0,270.0,3.1,0.0,0.0,0.0,62000.0,1.0,5.2E8,
9.099999999999999E-35,0.45,7400.0,2700.0,7100.0,3099999.9999999995,6800.0,3100.0,860.0,4200.0,5600.0,1.9,3099999.9999999995,6.3,0.92,0.92,0.0,270.0,3.1,0.0,0.0,0.0,62000.0,1.0,5.2E8,
9.099999999999999E-35,0.45,7400.0,2700.0,7100.0,3099999.9999999995,6800.0,3100.0,860.0,4200.0,5600.0,1.9,3099999.9999999995,6.3,0.92,0.92,0.0,260.0,3.1,0.0,0.0,0.0,62000.0,1.0,5.2E8,
9.099999999999999E-35,0.45,7400.0,2700.0,7100.0,3099999.9999999995,6800.0,3100.0,860.0,4200.0,5600.0,1.9,3099999.9999999995,6.3,0.92,0.92,0.0,260.0,3.1,0.0,0.0,0.0,61000.0,1.0,5.2E8,
9.099999999999999E-35,0.45,7400.0,2700.0,7100.0,3099999.9999999995,6800.0,3100.0,860.0,4200.0,5600.0,1.9,3099999.9999999995,6.3,0.92,0.92,0.0,260.0,3.1,0.0,0.0,0.0,61000.0,1.0,5.2E8,
9.099999999999999E-35,0.45,7400.0,2700.0,7100.0,3099999.9999999995,6800.0,3100.0,860.0,4200.0,5600.0,1.9,3099999.9999999995,6.3,0.92,0.92,0.0,250.0,3.1,0.0,0.0,0.0,61000.0,1.0,5.2E8,
9.099999999999999E-35,0.45,7400.0,2700.0,7100.0,3099999.9999999995,6800.0,3100.0,860.0,4200.0,5600.0,1.9,3099999.9999999995,6.3,0.92,0.92,0.0,250.0,3.1,0.0,0.0,0.0,61000.0,1.0,5.2E8,
9.099999999999999E-35,0.45,7400.0,2700.0,7100.0,3099999.9999999995,6800.0,3100.0,860.0,4200.0,5600.0,1.9,3099999.9999999995,6.3,0.92,0.92,0.0,250.0,3.1,0.0,0.0,0.0,61000.0,1.0,5.2E8,
9.099999999999999E-35,0.45,7400.0,2700.0,7100.0,3099999.9999999995,6800.0,3100.0,860.0,4200.0,5600.0,1.9,3099999.9999999995,6.3,0.92,0.92,0.0,250.0,3.1,0.0,0.0,0.0,60000.0,1.0,5.2E8,
9.099999999999999E-35,0.45,7400.0,2700.0,7100.0,3099999.9999999995,6800.0,3100.0,860.0,4200.0,5600.0,1.9,3099999.9999999995,6.3,0.92,0.92,0.0,250.0,3.1,0.0,0.0,0.0,60000.0,1.0,5.2E8,
9.099999999999999E-35,0.45,7400.0,2700.0,7100.0,3099999.9999999995,6800.0,3100.0,860.0,4200.0,5600.0,1.9,3099999.9999999995,6.3,0.92,0.92,0.0,250.0,3.1,0.0,0.0,0.0,60000.0,1.0,5.2E8,
1.3E-34,0.64,7400.0,6900.0,4200.0,3999999.9999999995,11000.0,3100.0,2600.0,6300.0,770.0,1.9,3999999.9999999995,11.0,0.35,0.35,0.0,260.0,1.1,0.0,0.0,0.0,61000.0,1.0,5.3E8,
1.3E-34,0.62,7400.0,6900.0,4200.0,3499999.9999999995,3800.0,3100.0,2600.0,6300.0,770.0,1.9,3499999.9999999995,11.0,0.32,0.32,0.0,260.0,1.0,0.0,0.0,0.0,61000.0,1.0,5.2E8,
1.2E-34,0.6,7300.0,6900.0,4200.0,3099999.9999999995,3800.0,3100.0,2600.0,6300.0,770.0,1.9,3099999.9999999995,11.0,0.29,0.29,0.0,260.0,0.96,0.0,0.0,0.0,60000.0,1.0,5.2E8,
1.2E-34,0.6,7300.0,6900.0,4200.0,3099999.9999999995,3800.0,3100.0,2600.0,6300.0,770.0,1.9,3099999.9999999995,11.0,0.29,0.29,0.0,260.0,0.96,0.0,0.0,0.0,60000.0,1.0,5.2E8,
1.2E-34,0.6,7300.0,6900.0,4200.0,3099999.9999999995,3800.0,3100.0,2600.0,6300.0,770.0,1.9,3099999.9999999995,11.0,0.29,0.29,0.0,260.0,0.96,0.0,0.0,0.0,60000.0,1.0,5.2E8,
1.2E-34,0.6,7300.0,6900.0,4200.0,3099999.9999999995,3800.0,3100.0,2600.0,6300.0,770.0,1.9,3099999.9999999995,11.0,0.29,0.29,0.0,260.0,0.96,0.0,0.0,0.0,59000.0,1.0,5.2E8,
1.2E-34,0.6,7300.0,6900.0,4200.0,3099999.9999999995,3800.0,3100.0,2600.0,6300.0,770.0,1.9,3099999.9999999995,11.0,0.29,0.29,0.0,260.0,0.96,0.0,0.0,0.0,59000.0,1.0,5.2E8,
1.2E-34,0.6,7300.0,6900.0,4200.0,3099999.9999999995,3800.0,3100.0,2600.0,6300.0,770.0,1.9,3099999.9999999995,11.0,0.29,0.29,0.0,260.0,0.96,0.0,0.0,0.0,59000.0,1.0,5.2E8,
1.2E-34,0.6,7300.0,6900.0,4200.0,3099999.9999999995,3800.0,3100.0,2600.0,6300.0,770.0,1.9,3099999.9999999995,11.0,0.29,0.29,0.0,250.0,0.96,0.0,0.0,0.0,59000.0,1.0,5.2E8,
1.2E-34,0.6,7300.0,6900.0,4200.0,3099999.9999999995,3800.0,3100.0,2600.0,6300.0,770.0,1.9,3099999.9999999995,11.0,0.29,0.29,0.0,250.0,0.96,0.0,0.0,0.0,59000.0,1.0,5.2E8,
1.2E-34,0.6,7300.0,6900.0,4200.0,3099999.9999999995,3800.0,3100.0,2600.0,6300.0,770.0,1.8,3099999.9999999995,11.0,0.29,0.29,0.0,250.0,0.96,0.0,0.0,0.0,58000.0,1.0,5.2E8,
1.2E-34,0.6,7300.0,6900.0,4200.0,3099999.9999999995,3800.0,3100.0,2600.0,6300.0,770.0,1.8,3099999.9999999995,11.0,0.29,0.29,0.0,250.0,0.96,0.0,0.0,0.0,58000.0,1.0,5.2E8,
1.2E-34,0.6,7300.0,6900.0,4200.0,3099999.9999999995,3800.0,3100.0,2600.0,6300.0,770.0,1.8,3099999.9999999995,11.0,0.29,0.29,0.0,250.0,0.96,0.0,0.0,0.0,58000.0,1.0,5.2E8,
1.2E-34,0.6,7300.0,6900.0,4200.0,3099999.9999999995,3800.0,3100.0,2600.0,6300.0,770.0,1.8,3099999.9999999995,11.0,0.29,0.29,0.0,240.0,0.96,0.0,0.0,0.0,58000.0,1.0,5.2E8,
1.2E-34,0.6,7300.0,6900.0,4200.0,3099999.9999999995,3800.0,3100.0,2600.0,6300.0,770.0,1.8,3099999.9999999995,11.0,0.29,0.29,0.0,240.0,0.96,0.0,0.0,0.0,58000.0,1.0,5.2E8,
1.2E-34,0.6,7300.0,6900.0,4200.0,3099999.9999999995,3800.0,3100.0,2600.0,6300.0,770.0,1.8,3099999.9999999995,11.0,0.29,0.29,0.0,240.0,0.96,0.0,0.0,0.0,58000.0,1.0,5.2E8,
1.2E-34,0.6,7300.0,6900.0,4200.0,3099999.9999999995,3800.0,3100.0,2600.0,6300.0,770.0,1.8,3099999.9999999995,11.0,0.29,0.29,0.0,240.0,0.96,0.0,0.0,0.0,57000.0,1.0,5.2E8,
1.2E-34,0.6,7300.0,6900.0,4200.0,3099999.9999999995,3800.0,3100.0,2600.0,6300.0,770.0,1.8,3099999.9999999995,11.0,0.29,0.29,0.0,240.0,0.96,0.0,0.0,0.0,57000.0,1.0,5.1E8,
1.2E-34,0.6,7300.0,6900.0,4200.0,3099999.9999999995,3800.0,3100.0,2600.0,6300.0,770.0,1.8,3099999.9999999995,11.0,0.29,0.29,0.0,240.0,0.96,0.0,0.0,0.0,57000.0,1.0,5.1E8,
1.2E-34,0.6,7300.0,6900.0,4200.0,3099999.9999999995,3800.0,3100.0,2600.0,6300.0,770.0,1.8,3099999.9999999995,11.0,0.29,0.29,0.0,240.0,0.96,0.0,0.0,0.0,57000.0,1.0,5.1E8,
1.2E-34,0.6,7300.0,6900.0,4200.0,3099999.9999999995,3800.0,3100.0,2600.0,6300.0,770.0,1.8,3099999.9999999995,11.0,0.29,0.29,0.0,240.0,0.96,0.0,0.0,0.0,57000.0,1.0,5.1E8,
1.2E-34,0.6,7300.0,6900.0,4200.0,3099999.9999999995,3800.0,3100.0,2600.0,6300.0,770.0,1.8,3099999.9999999995,11.0,0.29,0.29,0.0,240.0,0.96,0.0,0.0,0.0,57000.0,1.0,5.1E8,
1.2E-34,0.6,7300.0,6900.0,4200.0,3099999.9999999995,3800.0,3100.0,2600.0,6300.0,770.0,1.8,3099999.9999999995,11.0,0.29,0.29,0.0,240.0,0.96,0.0,0.0,0.0,57000.0,1.0,5.1E8,
1.2E-34,0.6,7300.0,6900.0,4200.0,3099999.9999999995,3800.0,3100.0,2600.0,6300.0,770.0,1.8,3099999.9999999995,11.0,0.29,0.29,0.0,240.0,0.96,0.0,0.0,0.0,56000.0,1.0,5.1E8,
1.2E-34,0.6,7300.0,6900.0,4200.0,3099999.9999999995,3800.0,3100.0,2600.0,6300.0,770.0,1.8,3099999.9999999995,11.0,0.29,0.29,0.0,240.0,0.96,0.0,0.0,0.0,56000.0,1.0,5.1E8,
1.2E-34,0.6,530.0,1600.0,11000.0,3999999.9999999995,8600.0,6600.0,400.0,1000.0,6500.0,1.9,3999999.9999999995,11.0,0.53,0.53,0.0,350.0,5.4,0.0,0.0,0.0,59000.0,1.0,5.3E8,
6.5E-35,0.32,530.0,1600.0,3100.0,3899999.9999999995,1000.0,6600.0,400.0,1000.0,6500.0,1.9,3899999.9999999995,5.6,0.49,0.49,0.0,350.0,2.6,0.0,0.0,0.0,58000.0,1.0,5.3E8,
6.1E-35,0.3,530.0,1600.0,3100.0,3399999.9999999995,1000.0,6600.0,400.0,1000.0,6500.0,1.8,3399999.9999999995,5.3,0.47,0.47,0.0,350.0,2.4,0.0,0.0,0.0,58000.0,1.0,5.2E8,
6.1E-35,0.3,530.0,1600.0,3000.0,3399999.9999999995,1000.0,6600.0,400.0,1000.0,6400.0,1.8,3399999.9999999995,5.3,0.46,0.46,0.0,350.0,2.4,0.0,0.0,0.0,57000.0,1.0,5.2E8,
6.0E-35,0.29,530.0,1600.0,3000.0,3299999.9999999995,1000.0,6500.0,400.0,1000.0,6400.0,1.8,3299999.9999999995,5.2,0.46,0.46,0.0,350.0,2.4,0.0,0.0,0.0,57000.0,1.0,5.2E8,
5.9E-35,0.29,520.0,1600.0,3000.0,3099999.9999999995,1000.0,6500.0,400.0,1000.0,6400.0,1.8,3099999.9999999995,5.1,0.45,0.45,0.0,360.0,2.3,0.0,0.0,0.0,57000.0,1.0,5.2E8,
5.9E-35,0.29,520.0,1600.0,3000.0,3099999.9999999995,1000.0,6500.0,400.0,1000.0,6400.0,1.8,3099999.9999999995,5.1,0.45,0.45,0.0,360.0,2.3,0.0,0.0,0.0,57000.0,1.0,5.2E8,
5.9E-35,0.29,520.0,1600.0,3000.0,3099999.9999999995,1000.0,6500.0,400.0,1000.0,6400.0,1.8,3099999.9999999995,5.1,0.45,0.45,0.0,360.0,2.3,0.0,0.0,0.0,56000.0,1.0,5.2E8,
5.9E-35,0.29,520.0,1600.0,3000.0,3099999.9999999995,1000.0,6500.0,400.0,1000.0,6400.0,1.8,3099999.9999999995,5.1,0.45,0.45,0.0,350.0,2.3,0.0,0.0,0.0,56000.0,1.0,5.2E8,
5.9E-35,0.29,520.0,1600.0,3000.0,3099999.9999999995,1000.0,6500.0,400.0,1000.0,6400.0,1.8,3099999.9999999995,5.1,0.45,0.45,0.0,350.0,2.3,0.0,0.0,0.0,56000.0,1.0,5.2E8,
5.9E-35,0.29,520.0,1600.0,3000.0,3099999.9999999995,1000.0,6500.0,400.0,1000.0,6400.0,1.8,3099999.9999999995,5.1,0.45,0.45,0.0,350.0,2.3,0.0,0.0,0.0,56000.0,1.0,5.2E8,
5.9E-35,0.29,520.0,1600.0,3000.0,3099999.9999999995,1000.0,6500.0,400.0,1000.0,6400.0,1.8,3099999.9999999995,5.1,0.45,0.45,0.0,340.0,2.3,0.0,0.0,0.0,56000.0,1.0,5.2E8,
5.9E-35,0.29,520.0,1600.0,3000.0,3099999.9999999995,1000.0,6500.0,400.0,1000.0,6400.0,1.8,3099999.9999999995,5.1,0.45,0.45,0.0,340.0,2.3,0.0,0.0,0.0,56000.0,1.0,5.2E8,
5.9E-35,0.29,520.0,1600.0,3000.0,3099999.9999999995,1000.0,6500.0,400.0,1000.0,6400.0,1.8,3099999.9999999995,5.1,0.45,0.45,0.0,340.0,2.3,0.0,0.0,0.0,55000.0,1.0,5.2E8,
5.9E-35,0.29,520.0,1600.0,3000.0,3099999.9999999995,1000.0,6500.0,400.0,1000.0,6400.0,1.8,3099999.9999999995,5.1,0.45,0.45,0.0,340.0,2.3,0.0,0.0,0.0,55000.0,1.0,5.2E8,
5.9E-35,0.29,520.0,1600.0,3000.0,3099999.9999999995,1000.0,6500.0,400.0,1000.0,6400.0,1.7,3099999.9999999995,5.1,0.45,0.45,0.0,340.0,2.3,0.0,0.0,0.0,55000.0,1.0,5.2E8,
5.9E-35,0.29,520.0,1600.0,3000.0,3099999.9999999995,1000.0,6500.0,400.0,1000.0,6400.0,1.7,3099999.9999999995,5.1,0.45,0.45,0.0,340.0,2.3,0.0,0.0,0.0,55000.0,1.0,5.2E8,
5.9E-35,0.29,520.0,1600.0,3000.0,3099999.9999999995,1000.0,6500.0,400.0,1000.0,6400.0,1.7,3099999.9999999995,5.1,0.45,0.45,0.0,340.0,2.3,0.0,0.0,0.0,55000.0,1.0,5.2E8,
5.9E-35,0.29,520.0,1600.0,3000.0,3099999.9999999995,1000.0,6500.0,400.0,1000.0,6400.0,1.7,3099999.9999999995,5.1,0.45,0.45,0.0,330.0,2.3,0.0,0.0,0.0,55000.0,1.0,5.2E8,
5.9E-35,0.29,520.0,1600.0,3000.0,3099999.9999999995,1000.0,6500.0,400.0,1000.0,6400.0,1.7,3099999.9999999995,5.1,0.45,0.45,0.0,330.0,2.3,0.0,0.0,0.0,55000.0,1.0,5.2E8,
5.9E-35,0.29,520.0,1600.0,3000.0,3099999.9999999995,1000.0,6500.0,400.0,1000.0,6400.0,1.7,3099999.9999999995,5.1,0.45,0.45,0.0,330.0,2.3,0.0,0.0,0.0,54000.0,1.0,5.2E8,
5.9E-35,0.29,520.0,1600.0,3000.0,3099999.9999999995,1000.0,6500.0,400.0,1000.0,6400.0,1.7,3099999.9999999995,5.1,0.45,0.45,0.0,330.0,2.3,0.0,0.0,0.0,54000.0,1.0,5.2E8,
5.9E-35,0.29,520.0,1600.0,3000.0,3099999.9999999995,1000.0,6500.0,400.0,1000.0,6400.0,1.7,3099999.9999999995,5.1,0.45,0.45,0.0,330.0,2.3,0.0,0.0,0.0,54000.0,1.0,5.2E8,
5.9E-35,0.29,520.0,1600.0,3000.0,3099999.9999999995,1000.0,6500.0,400.0,1000.0,6400.0,1.7,3099999.9999999995,5.1,0.45,0.45,0.0,330.0,2.3,0.0,0.0,0.0,54000.0,1.0,5.2E8,
5.9E-35,0.29,520.0,1600.0,3000.0,3099999.9999999995,1000.0,6500.0,400.0,1000.0,6400.0,1.7,3099999.9999999995,5.1,0.45,0.45,0.0,330.0,2.3,0.0,0.0,0.0,54000.0,1.0,5.2E8,
5.9E-35,0.29,520.0,1600.0,3000.0,3099999.9999999995,1000.0,6500.0,400.0,1000.0,6400.0,1.7,3099999.9999999995,5.1,0.45,0.45,0.0,330.0,2.3,0.0,0.0,0.0,54000.0,1.0,5.2E8,
5.9E-35,0.29,520.0,1600.0,3000.0,3099999.9999999995,1000.0,6500.0,400.0,1000.0,6400.0,1.7,3099999.9999999995,5.1,0.45,0.45,0.0,330.0,2.3,0.0,0.0,0.0,53000.0,1.0,5.2E8,
5.9E-35,0.29,520.0,1600.0,3000.0,3099999.9999999995,1000.0,6500.0,400.0,1000.0,6400.0,1.7,3099999.9999999995,5.1,0.45,0.45,0.0,330.0,2.3,0.0,0.0,0.0,53000.0,1.0,5.2E8,
5.9E-35,0.29,520.0,1600.0,3000.0,3099999.9999999995,1000.0,6500.0,400.0,1000.0,6400.0,1.7,3099999.9999999995,5.1,0.45,0.45,0.0,330.0,2.3,0.0,0.0,0.0,53000.0,1.0,5.2E8,
5.9E-35,0.29,520.0,1600.0,3000.0,3099999.9999999995,1000.0,6500.0,400.0,1000.0,6400.0,1.7,3099999.9999999995,5.1,0.45,0.45,0.0,320.0,2.3,0.0,0.0,0.0,53000.0,1.0,5.2E8,
5.9E-35,0.29,520.0,1600.0,3000.0,3099999.9999999995,1000.0,6500.0,400.0,1000.0,6400.0,1.7,3099999.9999999995,5.1,0.45,0.45,0.0,310.0,2.3,0.0,0.0,0.0,53000.0,1.0,5.2E8,
5.9E-35,0.29,520.0,1600.0,3000.0,3099999.9999999995,1000.0,6500.0,400.0,1000.0,6400.0,1.7,3099999.9999999995,5.1,0.45,0.45,0.0,310.0,2.3,0.0,0.0,0.0,53000.0,1.0,5.2E8,
5.9E-35,0.29,520.0,1600.0,3000.0,3099999.9999999995,1000.0,6500.0,400.0,1000.0,6400.0,1.7,3099999.9999999995,5.1,0.45,0.45,0.0,310.0,2.3,0.0,0.0,0.0,52000.0,1.0,5.2E8,
5.9E-35,0.29,520.0,1600.0,3000.0,3099999.9999999995,1000.0,6500.0,400.0,1000.0,6400.0,1.7,3099999.9999999995,5.1,0.45,0.45,0.0,310.0,2.3,0.0,0.0,0.0,52000.0,1.0,5.2E8,
5.9E-35,0.29,520.0,1600.0,3000.0,3099999.9999999995,1000.0,6500.0,400.0,1000.0,6400.0,1.7,3099999.9999999995,5.1,0.45,0.45,0.0,310.0,2.3,0.0,0.0,0.0,52000.0,1.0,5.2E8,
5.9E-35,0.29,520.0,1600.0,3000.0,3099999.9999999995,1000.0,6500.0,400.0,1000.0,6400.0,1.6,3099999.9999999995,5.1,0.45,0.45,0.0,310.0,2.3,0.0,0.0,0.0,52000.0,1.0,5.2E8,
5.9E-35,0.29,520.0,1600.0,3000.0,3099999.9999999995,1000.0,6500.0,400.0,1000.0,6400.0,1.6,3099999.9999999995,5.1,0.45,0.45,0.0,310.0,2.3,0.0,0.0,0.0,52000.0,1.0,5.2E8,
5.9E-35,0.29,520.0,1600.0,3000.0,3099999.9999999995,1000.0,6500.0,400.0,1000.0,6400.0,1.6,3099999.9999999995,5.1,0.45,0.45,0.0,310.0,2.3,0.0,0.0,0.0,52000.0,1.0,5.2E8,
5.9E-35,0.29,520.0,1600.0,3000.0,3099999.9999999995,1000.0,6500.0,400.0,1000.0,6400.0,1.6,3099999.9999999995,5.1,0.45,0.45,0.0,300.0,2.3,0.0,0.0,0.0,51000.0,1.0,5.2E8,
5.9E-35,0.29,520.0,1600.0,3000.0,3099999.9999999995,1000.0,6500.0,400.0,1000.0,6400.0,1.6,3099999.9999999995,5.1,0.45,0.45,0.0,300.0,2.3,0.0,0.0,0.0,51000.0,1.0,5.2E8,
5.9E-35,0.29,520.0,1600.0,3000.0,3099999.9999999995,1000.0,6500.0,400.0,1000.0,6400.0,1.6,3099999.9999999995,5.1,0.45,0.45,0.0,300.0,2.3,0.0,0.0,0.0,51000.0,1.0,5.2E8,
5.9E-35,0.29,520.0,1600.0,3000.0,3099999.9999999995,1000.0,6500.0,400.0,1000.0,6400.0,1.6,3099999.9999999995,5.1,0.45,0.45,0.0,300.0,2.3,0.0,0.0,0.0,51000.0,1.0,5.2E8,
5.9E-35,0.29,520.0,1600.0,3000.0,3099999.9999999995,1000.0,6500.0,400.0,1000.0,6400.0,1.6,3099999.9999999995,5.1,0.45,0.45,0.0,290.0,2.3,0.0,0.0,0.0,51000.0,1.0,5.2E8,
5.9E-35,0.29,520.0,1600.0,3000.0,3099999.9999999995,1000.0,6500.0,400.0,1000.0,6400.0,1.6,3099999.9999999995,5.1,0.45,0.45,0.0,290.0,2.3,0.0,0.0,0.0,51000.0,1.0,5.2E8,
5.9E-35,0.29,520.0,1600.0,3000.0,3099999.9999999995,1000.0,6500.0,400.0,1000.0,6400.0,1.6,3099999.9999999995,5.1,0.45,0.45,0.0,280.0,2.3,0.0,0.0,0.0,50000.0,1.0,5.2E8,
2.2E-34,1.1,19000.0,4800.0,25000.0,3699999.9999999995,30000.0,6500.0,390.0,1000.0,6400.0,1.6,3799999.9999999995,18.0,0.55,0.55,0.0,330.0,4.2,0.0,0.0,0.0,52000.0,1.0,5.3E8,
6.9E-35,0.34,3800.0,4800.0,2000.0,3699999.9999999995,2800.0,6500.0,390.0,1000.0,6400.0,1.6,3699999.9999999995,5.6,0.45,0.45,0.0,330.0,0.85,0.0,0.0,0.0,51000.0,1.0,5.3E8,
6.799999999999999E-35,0.33,3800.0,4800.0,2000.0,3499999.9999999995,2800.0,6500.0,390.0,990.0,6400.0,1.6,3499999.9999999995,5.5,0.44,0.44,0.0,340.0,0.81,0.0,0.0,0.0,51000.0,1.0,5.2E8,
6.5E-35,0.31,5600.0,3600.0,5600.0,3699999.9999999995,2800.0,1300.0,1600.0,3400.0,2800.0,1.6,3699999.9999999995,5.3,0.43,0.43,0.0,340.0,0.84,0.0,0.0,0.0,51000.0,1.0,5.3E8,
6.299999999999999E-35,0.3,5600.0,3600.0,5600.0,3199999.9999999995,2800.0,1300.0,1600.0,3400.0,2800.0,1.6,3299999.9999999995,5.2,0.41,0.41,0.0,340.0,0.81,0.0,0.0,0.0,50000.0,1.0,5.2E8,
6.2E-35,0.29,5600.0,3600.0,5600.0,3099999.9999999995,2800.0,1300.0,1600.0,3400.0,2800.0,1.6,3099999.9999999995,5.1,0.4,0.4,0.0,340.0,0.79,0.0,0.0,0.0,50000.0,1.0,5.2E8,
6.2E-35,0.29,5600.0,3600.0,5600.0,3099999.9999999995,2800.0,1300.0,1600.0,3400.0,2800.0,1.6,3099999.9999999995,5.1,0.4,0.4,0.0,340.0,0.79,0.0,0.0,0.0,50000.0,1.0,5.2E8,
6.2E-35,0.29,5600.0,3600.0,5600.0,3099999.9999999995,2800.0,1300.0,1600.0,3400.0,2800.0,1.6,3099999.9999999995,5.1,0.4,0.4,0.0,340.0,0.79,0.0,0.0,0.0,50000.0,1.0,5.2E8,
6.2E-35,0.29,5600.0,3600.0,5600.0,3099999.9999999995,2800.0,1300.0,1600.0,3400.0,2800.0,1.6,3099999.9999999995,5.1,0.4,0.4,0.0,340.0,0.79,0.0,0.0,0.0,50000.0,1.0,5.2E8,
6.2E-35,0.29,5600.0,3600.0,5600.0,3099999.9999999995,2800.0,1300.0,1600.0,3400.0,2800.0,1.6,3099999.9999999995,5.1,0.4,0.4,0.0,330.0,0.79,0.0,0.0,0.0,50000.0,1.0,5.2E8,
6.2E-35,0.29,5600.0,3600.0,5600.0,3099999.9999999995,2800.0,1300.0,1600.0,3400.0,2800.0,1.6,3099999.9999999995,5.1,0.4,0.4,0.0,330.0,0.79,0.0,0.0,0.0,49000.0,1.0,5.2E8,
6.2E-35,0.29,5600.0,3600.0,5600.0,3099999.9999999995,2800.0,1300.0,1600.0,3400.0,2800.0,1.6,3099999.9999999995,5.1,0.4,0.4,0.0,330.0,0.79,0.0,0.0,0.0,49000.0,1.0,5.2E8,
6.2E-35,0.29,5600.0,3600.0,5600.0,3099999.9999999995,2800.0,1300.0,1600.0,3400.0,2800.0,1.6,3099999.9999999995,5.1,0.4,0.4,0.0,330.0,0.79,0.0,0.0,0.0,49000.0,1.0,5.2E8,
6.2E-35,0.29,5600.0,3600.0,5600.0,3099999.9999999995,2800.0,1300.0,1600.0,3400.0,2800.0,1.6,3099999.9999999995,5.1,0.4,0.4,0.0,320.0,0.79,0.0,0.0,0.0,49000.0,1.0,5.2E8,
6.2E-35,0.29,5600.0,3600.0,5600.0,3099999.9999999995,2800.0,1300.0,1600.0,3400.0,2800.0,1.6,3099999.9999999995,5.1,0.4,0.4,0.0,320.0,0.79,0.0,0.0,0.0,49000.0,1.0,5.2E8,
6.2E-35,0.29,5600.0,3600.0,5600.0,3099999.9999999995,2800.0,1300.0,1600.0,3400.0,2800.0,1.6,3099999.9999999995,5.1,0.4,0.4,0.0,310.0,0.79,0.0,0.0,0.0,49000.0,1.0,5.2E8,
6.2E-35,0.29,5600.0,3600.0,5600.0,3099999.9999999995,2800.0,1300.0,1600.0,3400.0,2800.0,1.6,3099999.9999999995,5.1,0.4,0.4,0.0,310.0,0.79,0.0,0.0,0.0,49000.0,1.0,5.2E8,
6.2E-35,0.29,5600.0,3600.0,5600.0,3099999.9999999995,2800.0,1300.0,1600.0,3400.0,2800.0,1.5,3099999.9999999995,5.1,0.4,0.4,0.0,310.0,0.79,0.0,0.0,0.0,49000.0,1.0,5.2E8,
6.2E-35,0.29,5600.0,3600.0,5600.0,3099999.9999999995,2800.0,1300.0,1600.0,3400.0,2800.0,1.5,3099999.9999999995,5.1,0.4,0.4,0.0,310.0,0.79,0.0,0.0,0.0,48000.0,1.0,5.2E8,
6.2E-35,0.29,5600.0,3600.0,5600.0,3099999.9999999995,2800.0,1300.0,1600.0,3400.0,2800.0,1.5,3099999.9999999995,5.1,0.4,0.4,0.0,300.0,0.79,0.0,0.0,0.0,48000.0,1.0,5.2E8,
6.2E-35,0.29,5600.0,3600.0,5600.0,3099999.9999999995,2800.0,1300.0,1600.0,3400.0,2800.0,1.5,3099999.9999999995,5.1,0.4,0.4,0.0,300.0,0.79,0.0,0.0,0.0,48000.0,1.0,5.2E8,
6.2E-35,0.29,5600.0,3600.0,5600.0,3099999.9999999995,2800.0,1300.0,1600.0,3400.0,2800.0,1.5,3099999.9999999995,5.1,0.4,0.4,0.0,300.0,0.79,0.0,0.0,0.0,48000.0,1.0,5.2E8,
6.2E-35,0.29,5600.0,3600.0,5600.0,3099999.9999999995,2800.0,1300.0,1600.0,3400.0,2800.0,1.5,3099999.9999999995,5.1,0.4,0.4,0.0,300.0,0.79,0.0,0.0,0.0,48000.0,1.0,5.2E8,
6.2E-35,0.29,5600.0,3600.0,5600.0,3099999.9999999995,2800.0,1300.0,1600.0,3400.0,2800.0,1.5,3099999.9999999995,5.1,0.4,0.4,0.0,300.0,0.79,0.0,0.0,0.0,48000.0,1.0,5.2E8,
6.2E-35,0.29,5600.0,3600.0,5600.0,3099999.9999999995,2800.0,1300.0,1600.0,3400.0,2800.0,1.5,3099999.9999999995,5.1,0.4,0.4,0.0,300.0,0.79,0.0,0.0,0.0,47000.0,1.0,5.2E8,
6.2E-35,0.29,5600.0,3600.0,5600.0,3099999.9999999995,2800.0,1300.0,1600.0,3400.0,2800.0,1.5,3099999.9999999995,5.1,0.4,0.4,0.0,290.0,0.79,0.0,0.0,0.0,47000.0,1.0,5.2E8,
6.2E-35,0.29,5600.0,3600.0,5600.0,3099999.9999999995,2800.0,1300.0,1600.0,3400.0,2800.0,1.5,3099999.9999999995,5.1,0.4,0.4,0.0,290.0,0.79,0.0,0.0,0.0,47000.0,1.0,5.2E8,
6.2E-35,0.29,5600.0,3600.0,5600.0,3099999.9999999995,2800.0,1300.0,1600.0,3400.0,2800.0,1.5,3099999.9999999995,5.1,0.4,0.4,0.0,290.0,0.79,0.0,0.0,0.0,47000.0,1.0,5.2E8,
6.2E-35,0.29,5600.0,3600.0,5600.0,3099999.9999999995,2800.0,1300.0,1600.0,3400.0,2800.0,1.5,3099999.9999999995,5.1,0.4,0.4,0.0,290.0,0.79,0.0,0.0,0.0,47000.0,1.0,5.2E8,
6.2E-35,0.29,5600.0,3600.0,5600.0,3099999.9999999995,2800.0,1300.0,1600.0,3400.0,2800.0,1.5,3099999.9999999995,5.1,0.4,0.4,0.0,290.0,0.79,0.0,0.0,0.0,47000.0,1.0,5.2E8,
6.2E-35,0.29,5600.0,3600.0,5600.0,3099999.9999999995,2800.0,1300.0,1600.0,3400.0,2800.0,1.5,3099999.9999999995,5.1,0.4,0.4,0.0,290.0,0.79,0.0,0.0,0.0,47000.0,1.0,5.2E8,
6.2E-35,0.29,5600.0,3600.0,5600.0,3099999.9999999995,2800.0,1300.0,1600.0,3400.0,2800.0,1.5,3099999.9999999995,5.1,0.4,0.4,0.0,290.0,0.79,0.0,0.0,0.0,46000.0,1.0,5.2E8,
6.2E-35,0.29,5600.0,3600.0,5600.0,3099999.9999999995,2800.0,1300.0,1600.0,3400.0,2800.0,1.5,3099999.9999999995,5.1,0.4,0.4,0.0,290.0,0.79,0.0,0.0,0.0,46000.0,1.0,5.2E8,
6.2E-35,0.29,5600.0,3600.0,5600.0,3099999.9999999995,2800.0,1300.0,1600.0,3400.0,2800.0,1.5,3099999.9999999995,5.1,0.4,0.4,0.0,290.0,0.79,0.0,0.0,0.0,46000.0,1.0,5.2E8,
6.2E-35,0.29,5600.0,3600.0,5600.0,3099999.9999999995,2800.0,1300.0,1600.0,3400.0,2800.0,1.5,3099999.9999999995,5.1,0.4,0.4,0.0,290.0,0.79,0.0,0.0,0.0,46000.0,1.0,5.2E8,
6.2E-35,0.29,5600.0,3600.0,5600.0,3099999.9999999995,2800.0,1300.0,1600.0,3400.0,2800.0,1.5,3099999.9999999995,5.1,0.4,0.4,0.0,290.0,0.79,0.0,0.0,0.0,46000.0,1.0,5.2E8,
6.2E-35,0.29,5600.0,3600.0,5600.0,3099999.9999999995,2800.0,1300.0,1600.0,3400.0,2800.0,1.4,3099999.9999999995,5.1,0.4,0.4,0.0,280.0,0.79,0.0,0.0,0.0,46000.0,1.0,5.2E8,
6.2E-35,0.29,5600.0,3600.0,5600.0,3099999.9999999995,2800.0,1300.0,1600.0,3400.0,2800.0,1.4,3099999.9999999995,5.1,0.4,0.4,0.0,270.0,0.79,0.0,0.0,0.0,45000.0,1.0,5.2E8,
3.3000000000000003E-34,1.6,38.0,54000.0,12000.0,3699999.9999999995,2800.0,1300.0,1600.0,3400.0,2800.0,1.5,3699999.9999999995,28.0,0.55,0.55,0.0,270.0,1.8,0.0,0.0,0.0,46000.0,1.0,5.3E8,
5.299999999999999E-35,0.25,38.0,3300.0,4200.0,3499999.9999999995,2800.0,1300.0,1600.0,3400.0,2800.0,1.5,3499999.9999999995,4.5,0.3,0.3,0.0,270.0,0.91,0.0,0.0,0.0,46000.0,1.0,5.3E8,
5.1E-35,0.24,38.0,3300.0,4200.0,3099999.9999999995,2800.0,1300.0,1600.0,3400.0,2800.0,1.4,3099999.9999999995,4.3,0.28,0.28,0.0,270.0,0.87,0.0,0.0,0.0,45000.0,1.0,5.2E8,
5.1E-35,0.24,38.0,3300.0,4200.0,3099999.9999999995,2800.0,1300.0,1600.0,3400.0,2800.0,1.4,3099999.9999999995,4.3,0.28,0.28,0.0,270.0,0.87,0.0,0.0,0.0,45000.0,1.0,5.2E8,
5.1E-35,0.24,38.0,3300.0,4200.0,3099999.9999999995,2800.0,1300.0,1600.0,3400.0,2800.0,1.4,3099999.9999999995,4.3,0.28,0.28,0.0,270.0,0.87,0.0,0.0,0.0,45000.0,1.0,5.2E8,
7.699999999999999E-35,0.36,4600.0,1300.0,6800.0,3599999.9999999995,2800.0,1300.0,1600.0,3400.0,2800.0,1.4,3599999.9999999995,8.6,0.33,0.33,0.0,280.0,1.1,0.0,0.0,0.0,45000.0,1.0,5.3E8,
7.5E-35,0.35,4600.0,1300.0,6700.0,3199999.9999999995,2800.0,1300.0,1600.0,3400.0,2800.0,1.4,3199999.9999999995,8.2,0.31,0.31,0.0,290.0,1.1,0.0,0.0,0.0,45000.0,1.0,5.2E8,
9.3E-35,0.45,4600.0,2600.0,7300.0,3599999.9999999995,2800.0,1300.0,1600.0,3400.0,2800.0,1.4,3599999.9999999995,8.5,0.34,0.34,0.0,290.0,1.1,0.0,0.0,0.0,45000.0,1.0,5.3E8,
9.2E-35,0.44,4600.0,2600.0,7300.0,3399999.9999999995,2800.0,1300.0,1600.0,3400.0,2800.0,1.4,3399999.9999999995,8.4,0.33,0.33,0.0,290.0,1.1,0.0,0.0,0.0,45000.0,1.0,5.3E8,
8.999999999999999E-35,0.43,4600.0,2600.0,7300.0,3099999.9999999995,2800.0,1300.0,1600.0,3400.0,2800.0,1.4,3099999.9999999995,8.2,0.32,0.32,0.0,290.0,1.0,0.0,0.0,0.0,44000.0,1.0,5.2E8,
8.999999999999999E-35,0.43,4600.0,2600.0,7300.0,3099999.9999999995,2800.0,1300.0,1600.0,3400.0,2800.0,1.4,3099999.9999999995,8.2,0.32,0.32,0.0,280.0,1.0,0.0,0.0,0.0,44000.0,1.0,5.2E8,
8.999999999999999E-35,0.43,4600.0,2600.0,7300.0,3099999.9999999995,2800.0,1300.0,1600.0,3400.0,2800.0,1.4,3099999.9999999995,8.2,0.32,0.32,0.0,280.0,1.0,0.0,0.0,0.0,44000.0,1.0,5.2E8,
8.999999999999999E-35,0.43,4600.0,2600.0,7300.0,3099999.9999999995,2800.0,1300.0,1600.0,3400.0,2800.0,1.4,3099999.9999999995,8.2,0.32,0.32,0.0,270.0,1.0,0.0,0.0,0.0,44000.0,1.0,5.2E8,
6.699999999999999E-35,0.32,3400.0,5000.0,4900.0,3499999.9999999995,2800.0,1300.0,1600.0,3400.0,2800.0,1.4,3599999.9999999995,6.5,0.32,0.32,0.0,280.0,0.65,0.0,0.0,0.0,44000.0,1.0,5.3E8,
6.5E-35,0.31,3400.0,5000.0,4900.0,3199999.9999999995,2800.0,1300.0,1600.0,3400.0,2800.0,1.4,3199999.9999999995,6.3,0.31,0.31,0.0,280.0,0.62,0.0,0.0,0.0,44000.0,1.0,5.2E8,
6.5E-35,0.31,3400.0,5000.0,4900.0,3099999.9999999995,2800.0,1300.0,1600.0,3400.0,2700.0,1.4,3199999.9999999995,6.2,0.31,0.31,0.0,280.0,0.62,0.0,0.0,0.0,44000.0,1.0,5.2E8,
6.5E-35,0.31,3400.0,5000.0,4900.0,3099999.9999999995,2800.0,1300.0,1600.0,3400.0,2700.0,1.4,3199999.9999999995,6.2,0.31,0.31,0.0,280.0,0.62,0.0,0.0,0.0,44000.0,1.0,5.2E8,
6.5E-35,0.31,3400.0,5000.0,4900.0,3099999.9999999995,2800.0,1300.0,1600.0,3400.0,2700.0,1.4,3199999.9999999995,6.2,0.31,0.31,0.0,280.0,0.62,0.0,0.0,0.0,44000.0,1.0,5.2E8,
6.5E-35,0.31,3400.0,5000.0,4900.0,3099999.9999999995,2800.0,1300.0,1600.0,3400.0,2700.0,1.4,3199999.9999999995,6.2,0.31,0.31,0.0,280.0,0.62,0.0,0.0,0.0,43000.0,1.0,5.2E8,
6.5E-35,0.31,3400.0,5000.0,4900.0,3099999.9999999995,2800.0,1300.0,1600.0,3400.0,2700.0,1.4,3199999.9999999995,6.2,0.31,0.31,0.0,280.0,0.62,0.0,0.0,0.0,43000.0,1.0,5.2E8,
6.5E-35,0.31,3400.0,5000.0,4900.0,3099999.9999999995,2800.0,1300.0,1600.0,3400.0,2700.0,1.4,3199999.9999999995,6.2,0.31,0.31,0.0,270.0,0.62,0.0,0.0,0.0,43000.0,1.0,5.2E8,
1.3E-34,0.62,9500.0,22000.0,4900.0,3599999.9999999995,2800.0,1300.0,1600.0,3400.0,2700.0,1.4,3599999.9999999995,12.0,0.38,0.38,0.0,290.0,0.77,0.0,0.0,0.0,44000.0,1.0,5.3E8,
7.199999999999999E-35,0.34,79000.0,2800.0,4100.0,3599999.9999999995,1400.0,1300.0,1500.0,3300.0,2700.0,1.4,3699999.9999999995,6.5,0.23,0.23,0.0,310.0,0.89,0.0,0.0,0.0,44000.0,1.0,5.3E8,
6.9E-35,0.33,3300.0,2800.0,4100.0,3199999.9999999995,1400.0,1300.0,1500.0,3300.0,2700.0,1.4,3199999.9999999995,6.2,0.21,0.21,0.0,300.0,0.83,0.0,0.0,0.0,44000.0,1.0,5.3E8,
6.9E-35,0.33,3300.0,2800.0,4100.0,3199999.9999999995,1400.0,1300.0,1500.0,3300.0,2700.0,1.4,3199999.9999999995,6.2,0.21,0.21,0.0,300.0,0.83,0.0,0.0,0.0,43000.0,1.0,5.3E8,
6.9E-35,0.33,3300.0,2800.0,4100.0,3099999.9999999995,1400.0,1300.0,1500.0,3300.0,2700.0,1.4,3199999.9999999995,6.2,0.21,0.21,0.0,300.0,0.82,0.0,0.0,0.0,43000.0,1.0,5.3E8,
6.9E-35,0.33,3300.0,2800.0,4100.0,3099999.9999999995,1400.0,1300.0,1500.0,3300.0,2700.0,1.4,3199999.9999999995,6.2,0.21,0.21,0.0,290.0,0.82,0.0,0.0,0.0,43000.0,1.0,5.3E8,
6.9E-35,0.33,3300.0,2800.0,4100.0,3099999.9999999995,1400.0,1300.0,1500.0,3300.0,2700.0,1.4,3199999.9999999995,6.2,0.21,0.21,0.0,290.0,0.82,0.0,0.0,0.0,43000.0,1.0,5.3E8,
6.9E-35,0.33,3300.0,2800.0,4100.0,3099999.9999999995,1400.0,1300.0,1500.0,3300.0,2700.0,1.4,3199999.9999999995,6.2,0.21,0.21,0.0,290.0,0.82,0.0,0.0,0.0,43000.0,1.0,5.3E8,
6.9E-35,0.33,3300.0,2800.0,4100.0,3099999.9999999995,1400.0,1300.0,1500.0,3300.0,2700.0,1.4,3199999.9999999995,6.2,0.21,0.21,0.0,290.0,0.82,0.0,0.0,0.0,43000.0,1.0,5.3E8,
6.9E-35,0.33,3300.0,2800.0,4100.0,3099999.9999999995,1400.0,1300.0,1500.0,3300.0,2700.0,1.4,3199999.9999999995,6.2,0.21,0.21,0.0,290.0,0.82,0.0,0.0,0.0,43000.0,1.0,5.3E8,
6.2E-35,0.3,220.0,830.0,3600.0,3599999.9999999995,1400.0,1300.0,1500.0,3300.0,2700.0,1.4,3599999.9999999995,5.0,0.19,0.19,0.0,300.0,0.49,0.0,0.0,0.0,43000.0,1.0,5.3E8,
6.1E-35,0.29,220.0,830.0,3600.0,3499999.9999999995,1400.0,1300.0,1500.0,3300.0,2700.0,1.4,3499999.9999999995,4.9,0.19,0.19,0.0,290.0,0.48,0.0,0.0,0.0,43000.0,1.0,5.3E8,
5.0E-35,0.24,2400.0,1200.0,4000.0,3499999.9999999995,1400.0,1300.0,1500.0,3300.0,2700.0,1.4,3499999.9999999995,4.0,0.18,0.18,0.0,300.0,0.5,0.0,0.0,0.0,43000.0,1.0,5.3E8,
4.899999999999999E-35,0.23,2400.0,1200.0,4000.0,3299999.9999999995,1400.0,1300.0,1500.0,3300.0,2700.0,1.4,3299999.9999999995,3.9,0.17,0.17,0.0,300.0,0.48,0.0,0.0,0.0,43000.0,1.0,5.3E8,
4.7999999999999997E-35,0.23,2400.0,1200.0,4000.0,3199999.9999999995,1400.0,1300.0,1500.0,3300.0,2700.0,1.4,3199999.9999999995,3.9,0.17,0.17,0.0,290.0,0.47,0.0,0.0,0.0,42000.0,1.0,5.3E8,
4.7999999999999997E-35,0.23,2400.0,1200.0,4000.0,3199999.9999999995,1400.0,1300.0,1500.0,3300.0,2700.0,1.4,3199999.9999999995,3.9,0.17,0.17,0.0,290.0,0.47,0.0,0.0,0.0,42000.0,1.0,5.3E8,
4.7999999999999997E-35,0.23,2400.0,1200.0,4000.0,3199999.9999999995,1400.0,1300.0,1500.0,3300.0,2700.0,1.4,3199999.9999999995,3.9,0.17,0.17,0.0,290.0,0.47,0.0,0.0,0.0,42000.0,1.0,5.3E8,
4.7999999999999997E-35,0.23,2400.0,1200.0,4000.0,3199999.9999999995,1400.0,1300.0,1500.0,3300.0,2700.0,1.3,3199999.9999999995,3.9,0.17,0.17,0.0,290.0,0.47,0.0,0.0,0.0,42000.0,1.0,5.3E8,
4.7999999999999997E-35,0.23,2400.0,1200.0,4000.0,3199999.9999999995,1400.0,1300.0,1500.0,3300.0,2700.0,1.3,3199999.9999999995,3.9,0.17,0.17,0.0,290.0,0.47,0.0,0.0,0.0,42000.0,1.0,5.3E8,
4.7999999999999997E-35,0.23,2400.0,1200.0,4000.0,3199999.9999999995,1400.0,1300.0,1500.0,3300.0,2700.0,1.3,3199999.9999999995,3.9,0.17,0.17,0.0,290.0,0.47,0.0,0.0,0.0,42000.0,1.0,5.3E8,
4.7999999999999997E-35,0.23,2400.0,1200.0,4000.0,3199999.9999999995,1400.0,1300.0,1500.0,3300.0,2700.0,1.3,3199999.9999999995,3.9,0.17,0.17,0.0,290.0,0.47,0.0,0.0,0.0,41000.0,1.0,5.3E8,
5.0E-35,0.24,4800.0,890.0,4700.0,3199999.9999999995,1400.0,2800.0,1500.0,3300.0,2700.0,1.3,3199999.9999999995,4.6,0.18,0.18,0.0,290.0,0.57,0.0,0.0,0.0,41000.0,1.0,5.3E8,
5.0E-35,0.24,4800.0,890.0,4700.0,3199999.9999999995,1400.0,2800.0,1500.0,3300.0,2700.0,1.3,3199999.9999999995,4.5,0.18,0.18,0.0,290.0,0.57,0.0,0.0,0.0,41000.0,1.0,5.3E8,
5.0E-35,0.24,4800.0,890.0,4700.0,3199999.9999999995,1400.0,2800.0,1500.0,3300.0,2700.0,1.3,3199999.9999999995,4.5,0.18,0.18,0.0,290.0,0.57,0.0,0.0,0.0,41000.0,1.0,5.3E8,
5.0E-35,0.24,4800.0,890.0,4700.0,3199999.9999999995,1400.0,2800.0,1500.0,3300.0,2700.0,1.3,3199999.9999999995,4.5,0.18,0.18,0.0,290.0,0.57,0.0,0.0,0.0,41000.0,1.0,5.3E8,
5.0E-35,0.24,4800.0,890.0,4700.0,3199999.9999999995,1400.0,2800.0,1500.0,3300.0,2700.0,1.3,3199999.9999999995,4.5,0.18,0.18,0.0,290.0,0.57,0.0,0.0,0.0,41000.0,1.0,5.3E8,
5.0E-35,0.24,4800.0,890.0,4700.0,3199999.9999999995,1400.0,2800.0,1500.0,3300.0,2700.0,1.3,3199999.9999999995,4.5,0.18,0.18,0.0,290.0,0.57,0.0,0.0,0.0,41000.0,1.0,5.3E8,
5.0E-35,0.24,4800.0,890.0,4700.0,3199999.9999999995,1400.0,2800.0,1500.0,3300.0,2700.0,1.3,3199999.9999999995,4.5,0.18,0.18,0.0,290.0,0.57,0.0,0.0,0.0,41000.0,1.0,5.3E8,
5.0E-35,0.24,4800.0,890.0,4700.0,3199999.9999999995,1400.0,2800.0,1500.0,3300.0,2700.0,1.3,3199999.9999999995,4.5,0.18,0.18,0.0,290.0,0.57,0.0,0.0,0.0,41000.0,1.0,5.3E8,
6.6000000000000005E-34,3.0,5000.0,94000.0,1600.0,3799999.9999999995,1400.0,2800.0,1500.0,3300.0,2700.0,1.5,3899999.9999999995,59.0,0.31,0.31,0.0,330.0,0.86,0.0,0.0,0.0,44000.0,1.0,5.4E8,
5.7E-35,0.26,5000.0,3300.0,1600.0,3799999.9999999995,1400.0,2800.0,1500.0,3300.0,2700.0,1.5,3799999.9999999995,5.1,0.13,0.13,0.0,330.0,0.84,0.0,0.0,0.0,44000.0,1.0,5.4E8,
5.4E-35,0.25,5000.0,3300.0,1600.0,3299999.9999999995,1400.0,2800.0,1500.0,3300.0,2700.0,1.5,3299999.9999999995,4.8,0.12,0.12,0.0,330.0,0.76,0.0,0.0,0.0,43000.0,1.0,5.4E8,
5.299999999999999E-35,0.24,5000.0,3300.0,1600.0,3199999.9999999995,1400.0,2800.0,1500.0,3300.0,2700.0,1.5,3199999.9999999995,4.8,0.12,0.12,0.0,330.0,0.75,0.0,0.0,0.0,43000.0,1.0,5.4E8,
2.5E-34,1.2,14000.0,27000.0,9600.0,3799999.9999999995,1400.0,2800.0,1500.0,3300.0,2700.0,1.5,3899999.9999999995,23.0,0.43,0.43,0.0,340.0,1.6,0.0,0.0,0.0,44000.0,1.0,5.4E8,
6.1E-35,0.29,1000.0,4600.0,2000.0,3499999.9999999995,1400.0,2800.0,1500.0,3300.0,2700.0,1.5,3499999.9999999995,5.7,0.29,0.29,0.0,340.0,0.64,0.0,0.0,0.0,43000.0,1.0,5.4E8,
6.0E-35,0.28,1000.0,4600.0,2000.0,3199999.9999999995,1400.0,2800.0,1500.0,3300.0,2700.0,1.5,3199999.9999999995,5.6,0.27,0.27,0.0,340.0,0.61,0.0,0.0,0.0,43000.0,1.0,5.4E8,
6.0E-35,0.28,1000.0,4600.0,2000.0,3199999.9999999995,1400.0,2800.0,1500.0,3300.0,2700.0,1.5,3199999.9999999995,5.6,0.27,0.27,0.0,340.0,0.61,0.0,0.0,0.0,43000.0,1.0,5.3E8,
5.9E-35,0.28,1000.0,4600.0,2000.0,3099999.9999999995,1400.0,2800.0,1500.0,3300.0,2700.0,1.4,3099999.9999999995,5.5,0.27,0.27,0.0,330.0,0.6,0.0,0.0,0.0,43000.0,1.0,5.2E8,
5.9E-35,0.28,1000.0,4600.0,2000.0,3099999.9999999995,1400.0,2800.0,1500.0,3300.0,2700.0,1.4,3099999.9999999995,5.5,0.27,0.27,0.0,330.0,0.6,0.0,0.0,0.0,42000.0,1.0,5.2E8,
5.9E-35,0.28,1000.0,4600.0,2000.0,3099999.9999999995,1400.0,2800.0,1500.0,3300.0,2700.0,1.4,3099999.9999999995,5.5,0.27,0.27,0.0,330.0,0.6,0.0,0.0,0.0,42000.0,1.0,5.2E8,
5.9E-35,0.28,1000.0,4600.0,2000.0,3099999.9999999995,1400.0,2800.0,1500.0,3300.0,2700.0,1.4,3099999.9999999995,5.5,0.27,0.27,0.0,330.0,0.6,0.0,0.0,0.0,42000.0,1.0,5.2E8,
5.9E-35,0.28,1000.0,4600.0,2000.0,3099999.9999999995,1400.0,2800.0,1500.0,3300.0,2700.0,1.4,3099999.9999999995,5.5,0.27,0.27,0.0,330.0,0.6,0.0,0.0,0.0,42000.0,1.0,5.2E8,
5.9E-35,0.28,1000.0,4600.0,2000.0,3099999.9999999995,1400.0,2800.0,1500.0,3300.0,2700.0,1.4,3099999.9999999995,5.5,0.27,0.27,0.0,330.0,0.6,0.0,0.0,0.0,42000.0,1.0,5.2E8,
5.9E-35,0.28,1000.0,4600.0,2000.0,3099999.9999999995,1400.0,2800.0,1500.0,3300.0,2700.0,1.4,3099999.9999999995,5.5,0.27,0.27,0.0,330.0,0.6,0.0,0.0,0.0,42000.0,1.0,5.2E8,
5.9E-35,0.28,1000.0,4600.0,2000.0,3099999.9999999995,1400.0,2800.0,1500.0,3300.0,2700.0,1.4,3099999.9999999995,5.5,0.27,0.27,0.0,330.0,0.6,0.0,0.0,0.0,42000.0,1.0,5.2E8,
5.9E-35,0.28,1000.0,4600.0,2000.0,3099999.9999999995,1400.0,2800.0,1500.0,3300.0,2700.0,1.4,3099999.9999999995,5.5,0.27,0.27,0.0,320.0,0.6,0.0,0.0,0.0,42000.0,1.0,5.2E8,
5.9E-35,0.28,1000.0,4600.0,2000.0,3099999.9999999995,1400.0,2800.0,1500.0,3300.0,2700.0,1.4,3099999.9999999995,5.5,0.27,0.27,0.0,320.0,0.6,0.0,0.0,0.0,41000.0,1.0,5.2E8,
5.9E-35,0.28,1000.0,4600.0,2000.0,3099999.9999999995,1400.0,2800.0,1500.0,3300.0,2700.0,1.4,3099999.9999999995,5.5,0.27,0.27,0.0,320.0,0.6,0.0,0.0,0.0,41000.0,1.0,5.2E8,
5.9E-35,0.28,1000.0,4600.0,2000.0,3099999.9999999995,1400.0,2800.0,1500.0,3300.0,2700.0,1.4,3099999.9999999995,5.5,0.27,0.27,0.0,310.0,0.6,0.0,0.0,0.0,41000.0,1.0,5.2E8,
5.9E-35,0.28,1000.0,4600.0,2000.0,3099999.9999999995,1400.0,2800.0,1500.0,3300.0,2700.0,1.4,3099999.9999999995,5.5,0.27,0.27,0.0,310.0,0.6,0.0,0.0,0.0,41000.0,1.0,5.2E8,
5.9E-35,0.28,1000.0,4600.0,2000.0,3099999.9999999995,1400.0,2800.0,1500.0,3300.0,2700.0,1.4,3099999.9999999995,5.5,0.27,0.27,0.0,310.0,0.6,0.0,0.0,0.0,41000.0,1.0,5.2E8,
5.9E-35,0.28,1000.0,4600.0,2000.0,3099999.9999999995,1400.0,2800.0,1500.0,3300.0,2700.0,1.4,3099999.9999999995,5.5,0.27,0.27,0.0,300.0,0.6,0.0,0.0,0.0,41000.0,1.0,5.2E8,
5.9E-35,0.28,1000.0,4600.0,2000.0,3099999.9999999995,1400.0,2800.0,1500.0,3300.0,2700.0,1.4,3099999.9999999995,5.5,0.27,0.27,0.0,300.0,0.6,0.0,0.0,0.0,41000.0,1.0,5.2E8,
5.9E-35,0.28,1000.0,4600.0,2000.0,3099999.9999999995,1400.0,2800.0,1500.0,3300.0,2700.0,1.4,3099999.9999999995,5.5,0.27,0.27,0.0,300.0,0.6,0.0,0.0,0.0,41000.0,1.0,5.1E8,
5.9E-35,0.28,1000.0,4600.0,2000.0,3099999.9999999995,1400.0,2800.0,1500.0,3300.0,2700.0,1.4,3099999.9999999995,5.5,0.27,0.27,0.0,300.0,0.6,0.0,0.0,0.0,41000.0,1.0,5.1E8,
5.9E-35,0.28,1000.0,4600.0,2000.0,3099999.9999999995,1400.0,2800.0,1500.0,3300.0,2700.0,1.4,3099999.9999999995,5.5,0.27,0.27,0.0,300.0,0.6,0.0,0.0,0.0,40000.0,1.0,5.1E8,
5.9E-35,0.28,1000.0,4600.0,2000.0,3099999.9999999995,1400.0,2800.0,1500.0,3300.0,2700.0,1.4,3099999.9999999995,5.5,0.27,0.27,0.0,300.0,0.6,0.0,0.0,0.0,40000.0,1.0,5.1E8,
5.9E-35,0.28,1000.0,4600.0,2000.0,3099999.9999999995,1400.0,2800.0,1500.0,3300.0,2700.0,1.4,3099999.9999999995,5.5,0.27,0.27,0.0,300.0,0.6,0.0,0.0,0.0,40000.0,1.0,5.1E8,
5.9E-35,0.28,1000.0,4600.0,2000.0,3099999.9999999995,1400.0,2800.0,1500.0,3300.0,2700.0,1.4,3099999.9999999995,5.5,0.27,0.27,0.0,290.0,0.6,0.0,0.0,0.0,40000.0,1.0,5.1E8,
5.9E-35,0.28,1000.0,4600.0,2000.0,3099999.9999999995,1400.0,2800.0,1500.0,3300.0,2700.0,1.4,3099999.9999999995,5.5,0.27,0.27,0.0,290.0,0.6,0.0,0.0,0.0,40000.0,1.0,5.1E8,
5.9E-35,0.28,1000.0,4600.0,2000.0,3099999.9999999995,1400.0,2800.0,1500.0,3300.0,2700.0,1.4,3099999.9999999995,5.5,0.27,0.27,0.0,290.0,0.6,0.0,0.0,0.0,40000.0,1.0,5.1E8,
5.9E-35,0.28,1000.0,4600.0,2000.0,3099999.9999999995,1400.0,2800.0,1500.0,3300.0,2700.0,1.4,3099999.9999999995,5.5,0.27,0.27,0.0,290.0,0.6,0.0,0.0,0.0,40000.0,1.0,5.1E8,
5.9E-35,0.28,1000.0,4600.0,2000.0,3099999.9999999995,1400.0,2800.0,1500.0,3300.0,2700.0,1.3,3099999.9999999995,5.5,0.27,0.27,0.0,280.0,0.6,0.0,0.0,0.0,40000.0,1.0,5.1E8,
5.9E-35,0.28,1000.0,4600.0,2000.0,3099999.9999999995,1400.0,2800.0,1500.0,3300.0,2700.0,1.3,3099999.9999999995,5.5,0.27,0.27,0.0,280.0,0.6,0.0,0.0,0.0,39000.0,1.0,5.1E8,
5.9E-35,0.28,1000.0,4600.0,2000.0,3099999.9999999995,1400.0,2800.0,1500.0,3300.0,2700.0,1.3,3099999.9999999995,5.5,0.27,0.27,0.0,280.0,0.6,0.0,0.0,0.0,39000.0,1.0,5.1E8,
5.9E-35,0.28,1000.0,4600.0,2000.0,3099999.9999999995,1400.0,2800.0,1500.0,3300.0,2700.0,1.3,3099999.9999999995,5.5,0.27,0.27,0.0,280.0,0.6,0.0,0.0,0.0,39000.0,1.0,5.1E8,
5.9E-35,0.28,1000.0,4600.0,2000.0,3099999.9999999995,1400.0,2800.0,1500.0,3300.0,2700.0,1.3,3099999.9999999995,5.5,0.27,0.27,0.0,280.0,0.6,0.0,0.0,0.0,39000.0,1.0,5.1E8,
5.9E-35,0.28,1000.0,4600.0,2000.0,3099999.9999999995,1400.0,2800.0,1500.0,3300.0,2700.0,1.3,3099999.9999999995,5.5,0.27,0.27,0.0,280.0,0.6,0.0,0.0,0.0,39000.0,1.0,5.1E8,
5.9E-35,0.28,1000.0,4600.0,2000.0,3099999.9999999995,1400.0,2800.0,1500.0,3300.0,2700.0,1.3,3099999.9999999995,5.5,0.27,0.27,0.0,270.0,0.6,0.0,0.0,0.0,39000.0,1.0,5.1E8,
5.9E-35,0.28,1000.0,4600.0,2000.0,3099999.9999999995,1400.0,2800.0,1500.0,3300.0,2700.0,1.3,3099999.9999999995,5.5,0.27,0.27,0.0,270.0,0.6,0.0,0.0,0.0,39000.0,1.0,5.1E8,
5.9E-35,0.28,1000.0,4600.0,2000.0,3099999.9999999995,1400.0,2800.0,1500.0,3300.0,2700.0,1.3,3099999.9999999995,5.5,0.27,0.27,0.0,270.0,0.6,0.0,0.0,0.0,39000.0,1.0,5.1E8,
5.9E-35,0.28,1000.0,4600.0,2000.0,3099999.9999999995,1400.0,2800.0,1500.0,3300.0,2700.0,1.3,3099999.9999999995,5.5,0.27,0.27,0.0,270.0,0.6,0.0,0.0,0.0,38000.0,1.0,5.1E8,
5.9E-35,0.28,1000.0,4600.0,2000.0,3099999.9999999995,1400.0,2800.0,1500.0,3300.0,2700.0,1.3,3099999.9999999995,5.5,0.27,0.27,0.0,270.0,0.6,0.0,0.0,0.0,38000.0,1.0,5.1E8,
5.9E-35,0.28,1000.0,4600.0,2000.0,3099999.9999999995,1400.0,2800.0,1500.0,3300.0,2700.0,1.3,3099999.9999999995,5.5,0.27,0.27,0.0,270.0,0.6,0.0,0.0,0.0,38000.0,1.0,5.1E8,
5.9E-35,0.28,1000.0,4600.0,2000.0,3099999.9999999995,1400.0,2800.0,1500.0,3300.0,2700.0,1.3,3099999.9999999995,5.5,0.27,0.27,0.0,260.0,0.6,0.0,0.0,0.0,38000.0,1.0,5.1E8,
5.9E-35,0.28,1000.0,4600.0,2000.0,3099999.9999999995,1400.0,2800.0,1500.0,3300.0,2700.0,1.3,3099999.9999999995,5.5,0.27,0.27,0.0,260.0,0.6,0.0,0.0,0.0,38000.0,1.0,5.1E8,
5.9E-35,0.28,1000.0,4600.0,2000.0,3099999.9999999995,1400.0,2800.0,1500.0,3300.0,2700.0,1.3,3099999.9999999995,5.5,0.27,0.27,0.0,260.0,0.6,0.0,0.0,0.0,38000.0,1.0,5.1E8,
5.9E-35,0.28,1000.0,4600.0,2000.0,3099999.9999999995,1400.0,2800.0,1500.0,3300.0,2700.0,1.3,3099999.9999999995,5.5,0.27,0.27,0.0,260.0,0.6,0.0,0.0,0.0,38000.0,1.0,5.1E8,
5.9E-35,0.28,1000.0,4600.0,2000.0,3099999.9999999995,1400.0,2800.0,1500.0,3300.0,2700.0,1.3,3099999.9999999995,5.5,0.27,0.27,0.0,260.0,0.6,0.0,0.0,0.0,38000.0,1.0,5.1E8,
5.9E-35,0.28,1000.0,4600.0,2000.0,3099999.9999999995,1400.0,2800.0,1500.0,3300.0,2700.0,1.3,3099999.9999999995,5.5,0.27,0.27,0.0,260.0,0.6,0.0,0.0,0.0,38000.0,1.0,5.1E8,
5.9E-35,0.28,1000.0,4600.0,2000.0,3099999.9999999995,1400.0,2800.0,1500.0,3300.0,2700.0,1.3,3099999.9999999995,5.5,0.27,0.27,0.0,260.0,0.6,0.0,0.0,0.0,37000.0,1.0,5.1E8,
5.9E-35,0.28,1000.0,4600.0,2000.0,3099999.9999999995,1400.0,2800.0,1500.0,3300.0,2700.0,1.3,3099999.9999999995,5.5,0.27,0.27,0.0,250.0,0.6,0.0,0.0,0.0,37000.0,1.0,5.1E8,
5.9E-35,0.28,1000.0,4600.0,2000.0,3099999.9999999995,1400.0,2800.0,1500.0,3300.0,2700.0,1.3,3099999.9999999995,5.5,0.27,0.27,0.0,250.0,0.6,0.0,0.0,0.0,37000.0,1.0,5.1E8,
5.9E-35,0.28,1000.0,4600.0,2000.0,3099999.9999999995,1400.0,2800.0,1500.0,3300.0,2700.0,1.3,3099999.9999999995,5.5,0.27,0.27,0.0,250.0,0.6,0.0,0.0,0.0,37000.0,1.0,5.1E8,
5.9E-35,0.28,1000.0,4600.0,2000.0,3099999.9999999995,1400.0,2800.0,1500.0,3300.0,2700.0,1.3,3099999.9999999995,5.5,0.27,0.27,0.0,250.0,0.6,0.0,0.0,0.0,37000.0,1.0,5.1E8,
5.9E-35,0.28,1000.0,4600.0,2000.0,3099999.9999999995,1400.0,2800.0,1500.0,3300.0,2700.0,1.3,3099999.9999999995,5.5,0.27,0.27,0.0,250.0,0.6,0.0,0.0,0.0,37000.0,1.0,5.1E8,
5.9E-35,0.28,1000.0,4600.0,2000.0,3099999.9999999995,1400.0,2800.0,1500.0,3300.0,2700.0,1.3,3099999.9999999995,5.5,0.27,0.27,0.0,250.0,0.6,0.0,0.0,0.0,37000.0,1.0,5.1E8,
5.9E-35,0.28,1000.0,4600.0,2000.0,3099999.9999999995,1400.0,2800.0,1500.0,3300.0,2700.0,1.2,3099999.9999999995,5.5,0.27,0.27,0.0,240.0,0.6,0.0,0.0,0.0,37000.0,1.0,5.1E8,
5.9E-35,0.28,1000.0,4600.0,2000.0,3099999.9999999995,1400.0,2800.0,1500.0,3300.0,2700.0,1.2,3099999.9999999995,5.5,0.27,0.27,0.0,240.0,0.6,0.0,0.0,0.0,37000.0,1.0,5.1E8,
5.9E-35,0.28,1000.0,4600.0,2000.0,3099999.9999999995,1400.0,2800.0,1500.0,3300.0,2700.0,1.2,3099999.9999999995,5.5,0.27,0.27,0.0,240.0,0.6,0.0,0.0,0.0,37000.0,1.0,5.1E8,
5.9E-35,0.28,1000.0,4600.0,2000.0,3099999.9999999995,1400.0,2800.0,1500.0,3300.0,2700.0,1.2,3099999.9999999995,5.5,0.27,0.27,0.0,240.0,0.6,0.0,0.0,0.0,36000.0,1.0,5.1E8,
5.9E-35,0.28,1000.0,4600.0,2000.0,3099999.9999999995,1400.0,2800.0,1500.0,3300.0,2700.0,1.2,3099999.9999999995,5.5,0.27,0.27,0.0,240.0,0.6,0.0,0.0,0.0,36000.0,1.0,5.1E8,
5.9E-35,0.28,1000.0,4600.0,2000.0,3099999.9999999995,1400.0,2800.0,1500.0,3300.0,2700.0,1.2,3099999.9999999995,5.5,0.27,0.27,0.0,240.0,0.6,0.0,0.0,0.0,36000.0,1.0,5.1E8,
5.9E-35,0.28,1000.0,4600.0,2000.0,3099999.9999999995,1400.0,2800.0,1500.0,3300.0,2700.0,1.2,3099999.9999999995,5.5,0.27,0.27,0.0,240.0,0.6,0.0,0.0,0.0,36000.0,1.0,5.1E8,
5.9E-35,0.28,1000.0,4600.0,2000.0,3099999.9999999995,1400.0,2800.0,1500.0,3300.0,2700.0,1.2,3099999.9999999995,5.5,0.27,0.27,0.0,240.0,0.6,0.0,0.0,0.0,36000.0,1.0,5.1E8,
9.4E-35,0.45,4100.0,5800.0,4800.0,4200000.0,1400.0,2800.0,3500.0,5700.0,2700.0,1.3,4200000.0,8.6,0.26,0.26,0.0,310.0,3.5,0.0,0.0,0.0,38000.0,1.0,5.4E8,
9.2E-35,0.44,4100.0,5800.0,4700.0,3899999.9999999995,1400.0,2700.0,3400.0,5700.0,2700.0,1.3,3899999.9999999995,8.4,0.25,0.25,0.0,310.0,3.3,0.0,0.0,0.0,37000.0,1.0,5.3E8,
8.9E-35,0.42,4100.0,5700.0,4700.0,3399999.9999999995,1400.0,2700.0,3400.0,5700.0,2700.0,1.3,3399999.9999999995,8.2,0.23,0.23,0.0,310.0,3.2,0.0,0.0,0.0,37000.0,1.0,5.3E8,
8.7E-35,0.41,4100.0,5700.0,4700.0,3099999.9999999995,1400.0,2700.0,3400.0,5700.0,2700.0,1.3,3199999.9999999995,8.0,0.22,0.22,0.0,310.0,3.0,0.0,0.0,0.0,37000.0,1.0,5.3E8,
8.7E-35,0.41,4100.0,5700.0,4700.0,3099999.9999999995,1400.0,2700.0,3400.0,5700.0,2700.0,1.3,3199999.9999999995,8.0,0.22,0.22,0.0,310.0,3.0,0.0,0.0,0.0,37000.0,1.0,5.3E8,
8.7E-35,0.41,4100.0,5700.0,4700.0,3099999.9999999995,1400.0,2700.0,3400.0,5700.0,2700.0,1.3,3199999.9999999995,8.0,0.22,0.22,0.0,310.0,3.0,0.0,0.0,0.0,37000.0,1.0,5.3E8,
8.7E-35,0.41,4100.0,5700.0,4700.0,3099999.9999999995,1400.0,2700.0,3400.0,5600.0,2700.0,1.3,3199999.9999999995,8.0,0.22,0.22,0.0,310.0,3.0,0.0,0.0,0.0,37000.0,1.0,5.3E8,
8.7E-35,0.41,4100.0,5700.0,4700.0,3099999.9999999995,1400.0,2700.0,3400.0,5600.0,2700.0,1.2,3199999.9999999995,8.0,0.22,0.22,0.0,310.0,3.0,0.0,0.0,0.0,36000.0,1.0,5.3E8,
8.7E-35,0.41,4100.0,5700.0,4700.0,3099999.9999999995,1400.0,2700.0,3400.0,5600.0,2700.0,1.2,3199999.9999999995,8.0,0.22,0.22,0.0,310.0,3.0,0.0,0.0,0.0,36000.0,1.0,5.3E8,
8.7E-35,0.41,4100.0,5700.0,4700.0,3099999.9999999995,1400.0,2700.0,3400.0,5600.0,2700.0,1.2,3199999.9999999995,8.0,0.22,0.22,0.0,310.0,3.0,0.0,0.0,0.0,36000.0,1.0,5.3E8,
4.8E-34,2.3,19000.0,59000.0,10000.0,4200000.0,31000.0,4400.0,5100.0,13000.0,2700.0,1.3,4300000.0,39.0,0.39,0.39,0.0,320.0,5.3,0.0,0.0,0.0,37000.0,1.0,5.4E8,
6.5E-35,0.31,1600.0,3200.0,2600.0,4099999.9999999995,3400.0,4400.0,5100.0,620.0,2600.0,1.3,4099999.9999999995,5.3,0.2,0.2,0.0,320.0,2.5,0.0,0.0,0.0,37000.0,1.0,5.4E8,
6.2E-35,0.3,1600.0,3200.0,2600.0,3699999.9999999995,3400.0,4400.0,5100.0,620.0,2600.0,1.3,3699999.9999999995,5.1,0.19,0.19,0.0,320.0,2.3,0.0,0.0,0.0,37000.0,1.0,5.3E8,
6.1E-35,0.29,1600.0,3200.0,2600.0,3399999.9999999995,3400.0,4400.0,5100.0,610.0,2600.0,1.2,3399999.9999999995,5.0,0.19,0.19,0.0,320.0,2.2,0.0,0.0,0.0,36000.0,1.0,5.3E8,
5.9E-35,0.28,1600.0,3200.0,2600.0,3099999.9999999995,3400.0,4300.0,5100.0,610.0,2600.0,1.2,3199999.9999999995,4.8,0.18,0.18,0.0,310.0,2.1,0.0,0.0,0.0,36000.0,1.0,5.3E8,
5.9E-35,0.28,1600.0,3200.0,2600.0,3099999.9999999995,3400.0,4300.0,5100.0,610.0,2600.0,1.2,3199999.9999999995,4.8,0.18,0.18,0.0,310.0,2.1,0.0,0.0,0.0,36000.0,1.0,5.3E8,
6.1E-35,0.29,43.0,3200.0,4400.0,4099999.9999999995,3400.0,4300.0,5100.0,610.0,2600.0,1.3,4200000.0,5.4,0.2,0.2,0.0,310.0,2.5,0.0,0.0,0.0,37000.0,1.0,5.4E8,
5.9E-35,0.28,43.0,3200.0,4400.0,3799999.9999999995,3400.0,4300.0,5100.0,610.0,2600.0,1.2,3799999.9999999995,5.2,0.19,0.19,0.0,310.0,2.4,0.0,0.0,0.0,36000.0,1.0,5.4E8,
5.7E-35,0.27,43.0,3200.0,4300.0,3399999.9999999995,3400.0,4300.0,5000.0,610.0,2600.0,1.2,3399999.9999999995,5.0,0.18,0.18,0.0,310.0,2.3,0.0,0.0,0.0,36000.0,1.0,5.3E8,
5.5E-35,0.26,43.0,3200.0,4300.0,3099999.9999999995,3300.0,4300.0,5000.0,610.0,2600.0,1.2,3199999.9999999995,4.9,0.17,0.17,0.0,310.0,2.2,0.0,0.0,0.0,36000.0,1.0,5.3E8,
5.5E-35,0.26,43.0,3200.0,4300.0,3099999.9999999995,3300.0,4300.0,5000.0,610.0,2600.0,1.2,3199999.9999999995,4.9,0.17,0.17,0.0,300.0,2.2,0.0,0.0,0.0,36000.0,1.0,5.3E8,
5.2E-35,0.25,43.0,1700.0,6300.0,3999999.9999999995,3300.0,4300.0,5000.0,610.0,2600.0,1.2,3999999.9999999995,4.7,0.19,0.19,0.0,320.0,2.5,0.0,0.0,0.0,36000.0,1.0,5.4E8,
5.1E-35,0.24,43.0,1700.0,6300.0,3799999.9999999995,3300.0,4300.0,5000.0,610.0,2600.0,1.2,3799999.9999999995,4.6,0.18,0.18,0.0,320.0,2.4,0.0,0.0,0.0,36000.0,1.0,5.4E8,
5.1E-35,0.24,43.0,1700.0,6300.0,3699999.9999999995,3300.0,4300.0,5000.0,610.0,2600.0,1.2,3799999.9999999995,4.6,0.18,0.18,0.0,320.0,2.4,0.0,0.0,0.0,36000.0,1.0,5.4E8,
5.0E-35,0.24,43.0,1700.0,6300.0,3499999.9999999995,3300.0,4300.0,5000.0,610.0,2600.0,1.2,3499999.9999999995,4.5,0.18,0.18,0.0,320.0,2.3,0.0,0.0,0.0,35000.0,1.0,5.4E8,
4.899999999999999E-35,0.23,42.0,1700.0,6200.0,3299999.9999999995,3300.0,4300.0,5000.0,610.0,2600.0,1.2,3299999.9999999995,4.4,0.17,0.17,0.0,320.0,2.3,0.0,0.0,0.0,35000.0,1.0,5.3E8,
4.899999999999999E-35,0.23,42.0,1700.0,6200.0,3199999.9999999995,3300.0,4300.0,5000.0,610.0,2600.0,1.2,3199999.9999999995,4.4,0.17,0.17,0.0,320.0,2.3,0.0,0.0,0.0,35000.0,1.0,5.3E8,
4.7999999999999997E-35,0.23,42.0,1700.0,6200.0,3199999.9999999995,3300.0,4300.0,5000.0,600.0,2600.0,1.2,3199999.9999999995,4.4,0.17,0.17,0.0,320.0,2.2,0.0,0.0,0.0,35000.0,1.0,5.3E8,
4.7999999999999997E-35,0.23,42.0,1700.0,6200.0,3099999.9999999995,3300.0,4300.0,5000.0,600.0,2600.0,1.2,3199999.9999999995,4.3,0.17,0.17,0.0,320.0,2.2,0.0,0.0,0.0,35000.0,1.0,5.3E8,
4.7999999999999997E-35,0.23,42.0,1700.0,6200.0,3099999.9999999995,3300.0,4300.0,5000.0,600.0,2600.0,1.2,3199999.9999999995,4.3,0.17,0.17,0.0,320.0,2.2,0.0,0.0,0.0,34000.0,1.0,5.3E8,
4.7999999999999997E-35,0.23,42.0,1700.0,6200.0,3099999.9999999995,3300.0,4300.0,5000.0,600.0,2600.0,1.2,3199999.9999999995,4.3,0.17,0.17,0.0,320.0,2.2,0.0,0.0,0.0,34000.0,1.0,5.3E8,
4.7999999999999997E-35,0.23,42.0,1700.0,6200.0,3099999.9999999995,3300.0,4300.0,5000.0,600.0,2600.0,1.2,3199999.9999999995,4.3,0.17,0.17,0.0,320.0,2.2,0.0,0.0,0.0,34000.0,1.0,5.3E8,
4.7999999999999997E-35,0.23,42.0,1700.0,6200.0,3099999.9999999995,3300.0,4300.0,5000.0,600.0,2600.0,1.2,3099999.9999999995,4.3,0.17,0.17,0.0,320.0,2.2,0.0,0.0,0.0,34000.0,1.0,5.2E8,
4.7999999999999997E-35,0.23,42.0,1700.0,6200.0,3099999.9999999995,3300.0,4300.0,5000.0,600.0,2600.0,1.2,3099999.9999999995,4.3,0.17,0.17,0.0,310.0,2.2,0.0,0.0,0.0,34000.0,1.0,5.2E8,
4.7999999999999997E-35,0.23,42.0,1700.0,6200.0,3099999.9999999995,3300.0,4300.0,5000.0,600.0,2600.0,1.2,3099999.9999999995,4.3,0.17,0.17,0.0,310.0,2.2,0.0,0.0,0.0,34000.0,1.0,5.2E8,
4.7999999999999997E-35,0.23,42.0,1700.0,6200.0,3099999.9999999995,3300.0,4300.0,5000.0,600.0,2600.0,1.2,3099999.9999999995,4.3,0.17,0.17,0.0,310.0,2.2,0.0,0.0,0.0,34000.0,1.0,5.2E8,
4.7999999999999997E-35,0.23,42.0,1700.0,6200.0,3099999.9999999995,3300.0,4300.0,5000.0,600.0,2600.0,1.2,3099999.9999999995,4.3,0.17,0.17,0.0,310.0,2.2,0.0,0.0,0.0,34000.0,1.0,5.2E8,
4.7999999999999997E-35,0.23,42.0,1700.0,6200.0,3099999.9999999995,3300.0,4300.0,5000.0,600.0,2600.0,1.2,3099999.9999999995,4.3,0.17,0.17,0.0,310.0,2.2,0.0,0.0,0.0,34000.0,1.0,5.2E8,
4.7999999999999997E-35,0.23,42.0,1700.0,6200.0,3099999.9999999995,3300.0,4300.0,5000.0,600.0,2600.0,1.2,3099999.9999999995,4.3,0.17,0.17,0.0,310.0,2.2,0.0,0.0,0.0,34000.0,1.0,5.2E8,
4.7999999999999997E-35,0.23,42.0,1700.0,6200.0,3099999.9999999995,3300.0,4300.0,5000.0,600.0,2600.0,1.1,3099999.9999999995,4.3,0.17,0.17,0.0,310.0,2.2,0.0,0.0,0.0,34000.0,1.0,5.2E8,
4.7999999999999997E-35,0.23,42.0,1700.0,6200.0,3099999.9999999995,3300.0,4300.0,5000.0,600.0,2600.0,1.1,3099999.9999999995,4.3,0.17,0.17,0.0,310.0,2.2,0.0,0.0,0.0,34000.0,1.0,5.2E8,
4.7999999999999997E-35,0.23,42.0,1700.0,6200.0,3099999.9999999995,3300.0,4300.0,5000.0,600.0,2600.0,1.1,3099999.9999999995,4.3,0.17,0.17,0.0,300.0,2.2,0.0,0.0,0.0,33000.0,1.0,5.2E8,
4.7999999999999997E-35,0.23,42.0,1700.0,6200.0,3099999.9999999995,3300.0,4300.0,5000.0,600.0,2600.0,1.1,3099999.9999999995,4.3,0.17,0.17,0.0,300.0,2.2,0.0,0.0,0.0,33000.0,1.0,5.2E8,
4.7999999999999997E-35,0.23,42.0,1700.0,6200.0,3099999.9999999995,3300.0,4300.0,5000.0,600.0,2600.0,1.1,3099999.9999999995,4.3,0.17,0.17,0.0,300.0,2.2,0.0,0.0,0.0,33000.0,1.0,5.2E8,
4.7999999999999997E-35,0.23,42.0,1700.0,6200.0,3099999.9999999995,3300.0,4300.0,5000.0,600.0,2600.0,1.1,3099999.9999999995,4.3,0.17,0.17,0.0,300.0,2.2,0.0,0.0,0.0,33000.0,1.0,5.2E8,
4.7999999999999997E-35,0.23,42.0,1700.0,6200.0,3099999.9999999995,3300.0,4300.0,5000.0,600.0,2600.0,1.1,3099999.9999999995,4.3,0.17,0.17,0.0,300.0,2.2,0.0,0.0,0.0,33000.0,1.0,5.2E8,
4.7999999999999997E-35,0.23,42.0,1700.0,6200.0,3099999.9999999995,3300.0,4300.0,5000.0,600.0,2600.0,1.1,3099999.9999999995,4.3,0.17,0.17,0.0,300.0,2.2,0.0,0.0,0.0,33000.0,1.0,5.2E8,
4.7999999999999997E-35,0.23,42.0,1700.0,6200.0,3099999.9999999995,3300.0,4300.0,5000.0,600.0,2600.0,1.1,3099999.9999999995,4.3,0.17,0.17,0.0,300.0,2.2,0.0,0.0,0.0,33000.0,1.0,5.2E8,
4.7999999999999997E-35,0.23,42.0,1700.0,6200.0,3099999.9999999995,3300.0,4300.0,5000.0,600.0,2600.0,1.1,3099999.9999999995,4.3,0.17,0.17,0.0,300.0,2.2,0.0,0.0,0.0,33000.0,1.0,5.2E8,
4.7999999999999997E-35,0.23,42.0,1700.0,6200.0,3099999.9999999995,3300.0,4300.0,5000.0,600.0,2600.0,1.1,3099999.9999999995,4.3,0.17,0.17,0.0,290.0,2.2,0.0,0.0,0.0,33000.0,1.0,5.2E8,
4.7999999999999997E-35,0.23,42.0,1700.0,6200.0,3099999.9999999995,3300.0,4300.0,5000.0,600.0,2600.0,1.1,3099999.9999999995,4.3,0.17,0.17,0.0,290.0,2.2,0.0,0.0,0.0,33000.0,1.0,5.2E8,
4.7999999999999997E-35,0.23,42.0,1700.0,6200.0,3099999.9999999995,3300.0,4300.0,5000.0,600.0,2600.0,1.1,3099999.9999999995,4.3,0.17,0.17,0.0,290.0,2.2,0.0,0.0,0.0,32000.0,1.0,5.2E8,
4.7999999999999997E-35,0.23,42.0,1700.0,6200.0,3099999.9999999995,3300.0,4300.0,5000.0,600.0,2600.0,1.1,3099999.9999999995,4.3,0.17,0.17,0.0,290.0,2.2,0.0,0.0,0.0,32000.0,1.0,5.2E8,
4.7999999999999997E-35,0.23,42.0,1700.0,6200.0,3099999.9999999995,3300.0,4300.0,5000.0,600.0,2600.0,1.1,3099999.9999999995,4.3,0.17,0.17,0.0,290.0,2.2,0.0,0.0,0.0,32000.0,1.0,5.2E8,
4.7999999999999997E-35,0.23,42.0,1700.0,6200.0,3099999.9999999995,3300.0,4300.0,5000.0,600.0,2600.0,1.1,3099999.9999999995,4.3,0.17,0.17,0.0,290.0,2.2,0.0,0.0,0.0,32000.0,1.0,5.2E8,
4.7999999999999997E-35,0.23,42.0,1700.0,6200.0,3099999.9999999995,3300.0,4300.0,5000.0,600.0,2600.0,1.1,3099999.9999999995,4.3,0.17,0.17,0.0,290.0,2.2,0.0,0.0,0.0,32000.0,1.0,5.2E8,
4.7999999999999997E-35,0.23,42.0,1700.0,6200.0,3099999.9999999995,3300.0,4300.0,5000.0,600.0,2600.0,1.1,3099999.9999999995,4.3,0.17,0.17,0.0,290.0,2.2,0.0,0.0,0.0,32000.0,1.0,5.2E8,
4.7999999999999997E-35,0.23,42.0,1700.0,6200.0,3099999.9999999995,3300.0,4300.0,5000.0,600.0,2600.0,1.1,3099999.9999999995,4.3,0.17,0.17,0.0,280.0,2.2,0.0,0.0,0.0,32000.0,1.0,5.2E8,
4.7999999999999997E-35,0.23,42.0,1700.0,6200.0,3099999.9999999995,3300.0,4300.0,5000.0,600.0,2600.0,1.1,3099999.9999999995,4.3,0.17,0.17,0.0,280.0,2.2,0.0,0.0,0.0,32000.0,1.0,5.2E8,
4.7999999999999997E-35,0.23,42.0,1700.0,6200.0,3099999.9999999995,3300.0,4300.0,5000.0,600.0,2600.0,1.1,3099999.9999999995,4.3,0.17,0.17,0.0,280.0,2.2,0.0,0.0,0.0,32000.0,1.0,5.2E8,
4.7999999999999997E-35,0.23,42.0,1700.0,6200.0,3099999.9999999995,3300.0,4300.0,5000.0,600.0,2600.0,1.1,3099999.9999999995,4.3,0.17,0.17,0.0,270.0,2.2,0.0,0.0,0.0,32000.0,1.0,5.2E8,
4.7999999999999997E-35,0.23,42.0,1700.0,6200.0,3099999.9999999995,3300.0,4300.0,5000.0,600.0,2600.0,1.1,3099999.9999999995,4.3,0.17,0.17,0.0,270.0,2.2,0.0,0.0,0.0,32000.0,1.0,5.2E8,
4.7999999999999997E-35,0.23,42.0,1700.0,6200.0,3099999.9999999995,3300.0,4300.0,5000.0,600.0,2600.0,1.1,3099999.9999999995,4.3,0.17,0.17,0.0,270.0,2.2,0.0,0.0,0.0,31000.0,1.0,5.2E8,
4.7999999999999997E-35,0.23,42.0,1700.0,6200.0,3099999.9999999995,3300.0,4300.0,5000.0,600.0,2600.0,1.1,3099999.9999999995,4.3,0.17,0.17,0.0,270.0,2.2,0.0,0.0,0.0,31000.0,1.0,5.2E8,
4.7999999999999997E-35,0.23,42.0,1700.0,6200.0,3099999.9999999995,3300.0,4300.0,5000.0,600.0,2600.0,1.1,3099999.9999999995,4.3,0.17,0.17,0.0,270.0,2.2,0.0,0.0,0.0,31000.0,1.0,5.2E8,
4.7999999999999997E-35,0.23,42.0,1700.0,6200.0,3099999.9999999995,3300.0,4300.0,5000.0,600.0,2600.0,1.1,3099999.9999999995,4.3,0.17,0.17,0.0,270.0,2.2,0.0,0.0,0.0,31000.0,1.0,5.2E8,
4.7999999999999997E-35,0.23,42.0,1700.0,6200.0,3099999.9999999995,3300.0,4300.0,5000.0,600.0,2600.0,1.1,3099999.9999999995,4.3,0.17,0.17,0.0,270.0,2.2,0.0,0.0,0.0,31000.0,1.0,5.2E8,
4.7999999999999997E-35,0.23,42.0,1700.0,6200.0,3099999.9999999995,3300.0,4300.0,5000.0,600.0,2600.0,1.1,3099999.9999999995,4.3,0.17,0.17,0.0,270.0,2.2,0.0,0.0,0.0,31000.0,1.0,5.2E8,
4.7999999999999997E-35,0.23,42.0,1700.0,6200.0,3099999.9999999995,3300.0,4300.0,5000.0,600.0,2600.0,1.1,3099999.9999999995,4.3,0.17,0.17,0.0,260.0,2.2,0.0,0.0,0.0,31000.0,1.0,5.2E8,
4.7999999999999997E-35,0.23,42.0,1700.0,6200.0,3099999.9999999995,3300.0,4300.0,5000.0,600.0,2600.0,1.1,3099999.9999999995,4.3,0.17,0.17,0.0,260.0,2.2,0.0,0.0,0.0,31000.0,1.0,5.2E8,
4.7999999999999997E-35,0.23,42.0,1700.0,6200.0,3099999.9999999995,3300.0,4300.0,5000.0,600.0,2600.0,1.1,3099999.9999999995,4.3,0.17,0.17,0.0,260.0,2.2,0.0,0.0,0.0,31000.0,1.0,5.2E8,
4.7999999999999997E-35,0.23,42.0,1700.0,6200.0,3099999.9999999995,3300.0,4300.0,5000.0,600.0,2600.0,1.1,3099999.9999999995,4.3,0.17,0.17,0.0,260.0,2.2,0.0,0.0,0.0,31000.0,1.0,5.2E8,
4.7999999999999997E-35,0.23,42.0,1700.0,6200.0,3099999.9999999995,3300.0,4300.0,5000.0,600.0,2600.0,1.0,3099999.9999999995,4.3,0.17,0.17,0.0,260.0,2.2,0.0,0.0,0.0,31000.0,1.0,5.2E8,
4.7999999999999997E-35,0.23,42.0,1700.0,6200.0,3099999.9999999995,3300.0,4300.0,5000.0,600.0,2600.0,1.0,3099999.9999999995,4.3,0.16,0.16,0.0,260.0,2.2,0.0,0.0,0.0,31000.0,1.0,5.1E8,
4.7999999999999997E-35,0.23,42.0,1700.0,6200.0,3099999.9999999995,3300.0,4300.0,5000.0,600.0,2600.0,1.0,3099999.9999999995,4.3,0.16,0.16,0.0,260.0,2.2,0.0,0.0,0.0,30000.0,1.0,5.1E8,
4.7999999999999997E-35,0.23,42.0,1700.0,6200.0,3099999.9999999995,3300.0,4300.0,5000.0,600.0,2600.0,1.0,3099999.9999999995,4.3,0.16,0.16,0.0,260.0,2.2,0.0,0.0,0.0,30000.0,1.0,5.1E8,
4.7999999999999997E-35,0.23,42.0,1700.0,6200.0,3099999.9999999995,3300.0,4300.0,5000.0,600.0,2600.0,1.0,3099999.9999999995,4.3,0.16,0.16,0.0,260.0,2.2,0.0,0.0,0.0,30000.0,1.0,5.1E8,
4.7999999999999997E-35,0.23,42.0,1700.0,6200.0,3099999.9999999995,3300.0,4300.0,5000.0,600.0,2600.0,1.0,3099999.9999999995,4.3,0.16,0.16,0.0,260.0,2.2,0.0,0.0,0.0,30000.0,1.0,5.1E8,
4.7999999999999997E-35,0.23,42.0,1700.0,6200.0,3099999.9999999995,3300.0,4300.0,5000.0,600.0,2600.0,1.0,3099999.9999999995,4.3,0.16,0.16,0.0,260.0,2.2,0.0,0.0,0.0,30000.0,1.0,5.1E8,
4.7999999999999997E-35,0.23,42.0,1700.0,6200.0,3099999.9999999995,3300.0,4300.0,5000.0,600.0,2600.0,1.0,3099999.9999999995,4.3,0.16,0.16,0.0,260.0,2.2,0.0,0.0,0.0,30000.0,1.0,5.1E8,
4.7999999999999997E-35,0.23,42.0,1700.0,6200.0,3099999.9999999995,3300.0,4300.0,5000.0,600.0,2600.0,1.0,3099999.9999999995,4.3,0.16,0.16,0.0,250.0,2.2,0.0,0.0,0.0,30000.0,1.0,5.1E8,
4.7999999999999997E-35,0.23,42.0,1700.0,6200.0,3099999.9999999995,3300.0,4300.0,5000.0,600.0,2600.0,1.0,3099999.9999999995,4.3,0.16,0.16,0.0,240.0,2.2,0.0,0.0,0.0,30000.0,1.0,5.1E8,
4.7999999999999997E-35,0.23,42.0,1700.0,6200.0,3099999.9999999995,3300.0,4300.0,5000.0,600.0,2600.0,1.0,3099999.9999999995,4.3,0.16,0.16,0.0,240.0,2.2,0.0,0.0,0.0,30000.0,1.0,5.1E8,
4.7999999999999997E-35,0.23,42.0,1700.0,6200.0,3099999.9999999995,3300.0,4300.0,5000.0,600.0,2600.0,1.0,3099999.9999999995,4.3,0.16,0.16,0.0,240.0,2.2,0.0,0.0,0.0,30000.0,1.0,5.1E8,
4.7999999999999997E-35,0.23,42.0,1700.0,6200.0,3099999.9999999995,3300.0,4300.0,5000.0,600.0,2600.0,1.0,3099999.9999999995,4.3,0.16,0.16,0.0,240.0,2.2,0.0,0.0,0.0,30000.0,1.0,5.1E8,
4.7999999999999997E-35,0.23,42.0,1700.0,6200.0,3099999.9999999995,3300.0,4300.0,5000.0,600.0,2600.0,1.0,3099999.9999999995,4.3,0.16,0.16,0.0,240.0,2.2,0.0,0.0,0.0,30000.0,1.0,5.1E8,
4.7999999999999997E-35,0.23,42.0,1700.0,6200.0,3099999.9999999995,3300.0,4300.0,5000.0,600.0,2600.0,1.0,3099999.9999999995,4.3,0.16,0.16,0.0,240.0,2.2,0.0,0.0,0.0,30000.0,1.0,5.1E8,
4.7999999999999997E-35,0.23,42.0,1700.0,6200.0,3099999.9999999995,3300.0,4300.0,5000.0,600.0,2600.0,1.0,3099999.9999999995,4.3,0.16,0.16,0.0,240.0,2.2,0.0,0.0,0.0,29000.0,1.0,5.1E8,
4.7999999999999997E-35,0.23,42.0,1700.0,6200.0,3099999.9999999995,3300.0,4300.0,5000.0,600.0,2600.0,1.0,3099999.9999999995,4.3,0.16,0.16,0.0,240.0,2.2,0.0,0.0,0.0,29000.0,1.0,5.1E8,
4.7999999999999997E-35,0.23,42.0,1700.0,6200.0,3099999.9999999995,3300.0,4300.0,5000.0,600.0,2600.0,1.0,3099999.9999999995,4.3,0.16,0.16,0.0,240.0,2.2,0.0,0.0,0.0,29000.0,1.0,5.1E8,
4.7999999999999997E-35,0.23,42.0,1700.0,6200.0,3099999.9999999995,3300.0,4300.0,5000.0,600.0,2600.0,0.99,3099999.9999999995,4.3,0.16,0.16,0.0,230.0,2.2,0.0,0.0,0.0,29000.0,1.0,5.1E8,
4.7999999999999997E-35,0.23,42.0,1700.0,6200.0,3099999.9999999995,3300.0,4300.0,5000.0,600.0,2600.0,0.99,3099999.9999999995,4.3,0.16,0.16,0.0,230.0,2.2,0.0,0.0,0.0,29000.0,1.0,5.1E8,
4.7999999999999997E-35,0.23,42.0,1700.0,6200.0,3099999.9999999995,3300.0,4300.0,5000.0,600.0,2600.0,0.99,3099999.9999999995,4.3,0.16,0.16,0.0,230.0,2.2,0.0,0.0,0.0,29000.0,1.0,5.1E8,
4.7999999999999997E-35,0.23,42.0,1700.0,6200.0,3099999.9999999995,3300.0,4300.0,5000.0,600.0,2600.0,0.99,3099999.9999999995,4.3,0.16,0.16,0.0,230.0,2.2,0.0,0.0,0.0,29000.0,1.0,5.1E8,
4.7999999999999997E-35,0.23,42.0,1700.0,6200.0,3099999.9999999995,3300.0,4300.0,5000.0,600.0,2600.0,0.99,3099999.9999999995,4.3,0.16,0.16,0.0,230.0,2.2,0.0,0.0,0.0,29000.0,1.0,5.1E8,
4.7999999999999997E-35,0.23,42.0,1700.0,6200.0,3099999.9999999995,3300.0,4300.0,5000.0,600.0,2600.0,0.98,3099999.9999999995,4.3,0.16,0.16,0.0,230.0,2.2,0.0,0.0,0.0,29000.0,1.0,5.1E8,
4.7999999999999997E-35,0.23,42.0,1700.0,6200.0,3099999.9999999995,3300.0,4300.0,5000.0,600.0,2600.0,0.98,3099999.9999999995,4.3,0.16,0.16,0.0,220.0,2.2,0.0,0.0,0.0,29000.0,1.0,5.1E8,
4.7999999999999997E-35,0.23,42.0,1700.0,6200.0,3099999.9999999995,3300.0,4300.0,5000.0,600.0,2600.0,0.98,3099999.9999999995,4.3,0.16,0.16,0.0,220.0,2.2,0.0,0.0,0.0,29000.0,1.0,5.1E8,
4.7999999999999997E-35,0.23,42.0,1700.0,6200.0,3099999.9999999995,3300.0,4300.0,5000.0,600.0,2600.0,0.97,3099999.9999999995,4.3,0.16,0.16,0.0,220.0,2.2,0.0,0.0,0.0,28000.0,1.0,5.1E8,
4.7999999999999997E-35,0.23,42.0,1700.0,6200.0,3099999.9999999995,3300.0,4300.0,5000.0,600.0,2600.0,0.97,3099999.9999999995,4.3,0.16,0.16,0.0,220.0,2.2,0.0,0.0,0.0,28000.0,1.0,5.1E8,
4.7999999999999997E-35,0.23,42.0,1700.0,6200.0,3099999.9999999995,3300.0,4300.0,5000.0,600.0,2600.0,0.97,3099999.9999999995,4.3,0.16,0.16,0.0,220.0,2.2,0.0,0.0,0.0,28000.0,1.0,5.1E8,
4.7999999999999997E-35,0.23,42.0,1700.0,6200.0,3099999.9999999995,3300.0,4300.0,5000.0,600.0,2600.0,0.96,3099999.9999999995,4.3,0.16,0.16,0.0,220.0,2.2,0.0,0.0,0.0,28000.0,1.0,5.1E8,
4.7999999999999997E-35,0.23,42.0,1700.0,6200.0,3099999.9999999995,3300.0,4300.0,5000.0,600.0,2600.0,0.96,3099999.9999999995,4.3,0.16,0.16,0.0,220.0,2.2,0.0,0.0,0.0,28000.0,1.0,5.1E8,
4.7999999999999997E-35,0.23,42.0,1700.0,6200.0,3099999.9999999995,3300.0,4300.0,5000.0,600.0,2600.0,0.96,3099999.9999999995,4.3,0.16,0.16,0.0,220.0,2.2,0.0,0.0,0.0,28000.0,1.0,5.1E8,
4.7999999999999997E-35,0.23,42.0,1700.0,6200.0,3099999.9999999995,3300.0,4300.0,5000.0,600.0,2600.0,0.96,3099999.9999999995,4.3,0.16,0.16,0.0,220.0,2.2,0.0,0.0,0.0,28000.0,1.0,5.1E8,
4.7999999999999997E-35,0.23,42.0,1700.0,6200.0,3099999.9999999995,3300.0,4300.0,5000.0,600.0,2600.0,0.95,3099999.9999999995,4.3,0.16,0.16,0.0,220.0,2.2,0.0,0.0,0.0,28000.0,1.0,5.1E8,
4.7999999999999997E-35,0.23,42.0,1700.0,6200.0,3099999.9999999995,3300.0,4300.0,5000.0,600.0,2600.0,0.95,3099999.9999999995,4.3,0.16,0.16,0.0,210.0,2.2,0.0,0.0,0.0,28000.0,1.0,5.1E8,
4.7999999999999997E-35,0.23,42.0,1700.0,6200.0,3099999.9999999995,3300.0,4300.0,5000.0,600.0,2600.0,0.95,3099999.9999999995,4.3,0.16,0.16,0.0,210.0,2.2,0.0,0.0,0.0,28000.0,1.0,5.1E8,
4.7999999999999997E-35,0.23,42.0,1700.0,6200.0,3099999.9999999995,3300.0,4300.0,5000.0,600.0,2600.0,0.94,3099999.9999999995,4.3,0.16,0.16,0.0,210.0,2.2,0.0,0.0,0.0,28000.0,1.0,5.1E8,
4.7999999999999997E-35,0.23,42.0,1700.0,6200.0,3099999.9999999995,3300.0,4300.0,5000.0,600.0,2600.0,0.94,3099999.9999999995,4.3,0.16,0.16,0.0,210.0,2.2,0.0,0.0,0.0,28000.0,1.0,5.1E8,
4.7999999999999997E-35,0.23,42.0,1700.0,6200.0,3099999.9999999995,3300.0,4300.0,5000.0,600.0,2600.0,0.94,3099999.9999999995,4.3,0.16,0.16,0.0,210.0,2.2,0.0,0.0,0.0,27000.0,1.0,5.1E8,
4.7999999999999997E-35,0.23,42.0,1700.0,6200.0,3099999.9999999995,3300.0,4300.0,5000.0,600.0,2600.0,0.94,3099999.9999999995,4.3,0.16,0.16,0.0,210.0,2.2,0.0,0.0,0.0,27000.0,1.0,5.1E8,
4.7999999999999997E-35,0.23,42.0,1700.0,6200.0,3099999.9999999995,3300.0,4300.0,5000.0,600.0,2600.0,0.93,3099999.9999999995,4.3,0.16,0.16,0.0,210.0,2.2,0.0,0.0,0.0,27000.0,1.0,5.1E8,
4.7999999999999997E-35,0.23,42.0,1700.0,6200.0,3099999.9999999995,3300.0,4300.0,5000.0,600.0,2600.0,0.93,3099999.9999999995,4.3,0.16,0.16,0.0,200.0,2.2,0.0,0.0,0.0,27000.0,1.0,5.1E8,
4.7999999999999997E-35,0.23,42.0,1700.0,6200.0,3099999.9999999995,3300.0,4300.0,5000.0,600.0,2600.0,0.93,3099999.9999999995,4.3,0.16,0.16,0.0,200.0,2.2,0.0,0.0,0.0,27000.0,1.0,5.1E8,
4.7999999999999997E-35,0.23,42.0,1700.0,6200.0,3099999.9999999995,3300.0,4300.0,5000.0,600.0,2600.0,0.92,3099999.9999999995,4.3,0.16,0.16,0.0,190.0,2.2,0.0,0.0,0.0,27000.0,1.0,5.1E8,
3.2E-34,1.5,4700.0,1200.0,78000.0,4300000.0,3900.0,8900.0,7400.0,4600.0,12000.0,1.0,4400000.0,28.0,0.39,0.39,0.0,370.0,6.3,0.0,0.0,0.0,30000.0,1.0,5.4E8,
2.1E-35,0.1,4700.0,1200.0,140.0,4099999.9999999995,3900.0,1300.0,7400.0,4600.0,4100.0,1.0,4099999.9999999995,1.8,0.14,0.14,0.0,370.0,0.33,0.0,0.0,0.0,30000.0,1.0,5.4E8,
2.0E-35,0.097,4600.0,1200.0,140.0,3899999.9999999995,3900.0,1300.0,7400.0,4600.0,4100.0,1.0,3899999.9999999995,1.8,0.13,0.13,0.0,370.0,0.31,0.0,0.0,0.0,30000.0,1.0,5.4E8,
1.8999999999999998E-35,0.088,4600.0,1200.0,140.0,3399999.9999999995,3900.0,1300.0,7300.0,4600.0,4100.0,1.0,3399999.9999999995,1.6,0.12,0.12,0.0,370.0,0.27,0.0,0.0,0.0,29000.0,1.0,5.3E8,
1.7999999999999998E-35,0.083,4600.0,1200.0,140.0,3099999.9999999995,3900.0,1300.0,7300.0,4600.0,4100.0,1.0,3199999.9999999995,1.5,0.12,0.12,0.0,360.0,0.25,0.0,0.0,0.0,29000.0,1.0,5.3E8,
1.7999999999999998E-35,0.083,4600.0,1200.0,140.0,3099999.9999999995,3900.0,1300.0,7300.0,4600.0,4100.0,1.0,3199999.9999999995,1.5,0.12,0.12,0.0,360.0,0.25,0.0,0.0,0.0,29000.0,1.0,5.3E8,
1.7999999999999998E-35,0.083,4600.0,1200.0,140.0,3099999.9999999995,3900.0,1300.0,7300.0,4600.0,4100.0,1.0,3199999.9999999995,1.5,0.12,0.12,0.0,360.0,0.25,0.0,0.0,0.0,29000.0,1.0,5.3E8,
1.6999999999999999E-35,0.083,4600.0,1200.0,140.0,3099999.9999999995,3900.0,1300.0,7300.0,4600.0,4100.0,0.99,3199999.9999999995,1.5,0.12,0.12,0.0,360.0,0.25,0.0,0.0,0.0,29000.0,1.0,5.3E8,
1.6999999999999999E-35,0.083,4600.0,1200.0,140.0,3099999.9999999995,3900.0,1300.0,7300.0,4600.0,4100.0,0.99,3199999.9999999995,1.5,0.12,0.12,0.0,350.0,0.25,0.0,0.0,0.0,29000.0,1.0,5.3E8,
1.6999999999999999E-35,0.083,4600.0,1200.0,140.0,3099999.9999999995,3900.0,1300.0,7300.0,4600.0,4100.0,0.99,3199999.9999999995,1.5,0.12,0.12,0.0,350.0,0.25,0.0,0.0,0.0,29000.0,1.0,5.3E8,
1.6999999999999999E-35,0.083,4600.0,1200.0,140.0,3099999.9999999995,3900.0,1300.0,7300.0,4600.0,4100.0,0.98,3199999.9999999995,1.5,0.12,0.12,0.0,350.0,0.25,0.0,0.0,0.0,29000.0,1.0,5.3E8,
1.6999999999999999E-35,0.083,4600.0,1200.0,140.0,3099999.9999999995,3900.0,1300.0,7300.0,4600.0,4100.0,0.98,3099999.9999999995,1.5,0.12,0.12,0.0,340.0,0.25,0.0,0.0,0.0,29000.0,1.0,5.2E8,
1.6999999999999999E-35,0.083,4600.0,1200.0,140.0,3099999.9999999995,3900.0,1300.0,7300.0,4600.0,4100.0,0.98,3099999.9999999995,1.5,0.12,0.12,0.0,340.0,0.25,0.0,0.0,0.0,28000.0,1.0,5.2E8,
1.6999999999999999E-35,0.083,4600.0,1200.0,140.0,3099999.9999999995,3900.0,1300.0,7300.0,4600.0,4100.0,0.97,3099999.9999999995,1.5,0.12,0.12,0.0,340.0,0.25,0.0,0.0,0.0,28000.0,1.0,5.2E8,
1.6999999999999999E-35,0.083,4600.0,1200.0,140.0,3099999.9999999995,3900.0,1300.0,7300.0,4600.0,4100.0,0.97,3099999.9999999995,1.5,0.12,0.12,0.0,340.0,0.25,0.0,0.0,0.0,28000.0,1.0,5.2E8,
1.6999999999999999E-35,0.083,4600.0,1200.0,140.0,3099999.9999999995,3900.0,1300.0,7300.0,4600.0,4100.0,0.97,3099999.9999999995,1.5,0.12,0.12,0.0,330.0,0.25,0.0,0.0,0.0,28000.0,1.0,5.2E8,
1.6999999999999999E-35,0.083,4600.0,1200.0,140.0,3099999.9999999995,3900.0,1300.0,7300.0,4600.0,4100.0,0.97,3099999.9999999995,1.5,0.12,0.12,0.0,330.0,0.25,0.0,0.0,0.0,28000.0,1.0,5.2E8,
1.1E-34,0.54,54000.0,18000.0,6000.0,4300000.0,3200.0,1300.0,7300.0,4600.0,4100.0,1.0,4300000.0,9.5,0.21,0.21,0.0,380.0,1.2,0.0,0.0,0.0,29000.0,1.0,5.3E8,
4.0999999999999997E-35,0.2,1500.0,13.0,6000.0,3999999.9999999995,3200.0,1300.0,7300.0,4600.0,4100.0,0.99,4099999.9999999995,3.4,0.17,0.17,0.0,380.0,1.1,0.0,0.0,0.0,29000.0,1.0,5.3E8,
2.5E-34,1.2,47000.0,31000.0,26000.0,4300000.0,6600.0,1300.0,7300.0,4600.0,4100.0,1.0,4400000.0,21.0,0.31,0.31,0.0,390.0,2.5,0.0,0.0,0.0,29000.0,1.0,5.4E8,
3.3E-35,0.16,4200.0,3100.0,760.0,4099999.9999999995,6600.0,1300.0,7300.0,4600.0,4100.0,1.0,4200000.0,2.8,0.19,0.19,0.0,390.0,0.41,0.0,0.0,0.0,29000.0,1.0,5.3E8,
3.2E-35,0.15,4100.0,3100.0,760.0,3799999.9999999995,6500.0,1300.0,7300.0,4600.0,4100.0,0.99,3899999.9999999995,2.7,0.18,0.18,0.0,390.0,0.38,0.0,0.0,0.0,29000.0,1.0,5.3E8,
3.0E-35,0.14,4100.0,3100.0,750.0,3499999.9999999995,6500.0,1300.0,7300.0,4600.0,4100.0,0.98,3499999.9999999995,2.6,0.18,0.18,0.0,390.0,0.35,0.0,0.0,0.0,29000.0,1.0,5.3E8,
3.0E-35,0.14,4100.0,3100.0,750.0,3299999.9999999995,6500.0,1300.0,7300.0,4600.0,4000.0,0.98,3299999.9999999995,2.5,0.17,0.17,0.0,390.0,0.34,0.0,0.0,0.0,28000.0,1.0,5.3E8,
2.8999999999999997E-35,0.14,4100.0,3100.0,750.0,3099999.9999999995,6500.0,1300.0,7200.0,4500.0,4000.0,0.97,3199999.9999999995,2.5,0.17,0.17,0.0,390.0,0.32,0.0,0.0,0.0,28000.0,1.0,5.3E8,
2.8999999999999997E-35,0.14,4100.0,3100.0,750.0,3099999.9999999995,6500.0,1300.0,7200.0,4500.0,4000.0,0.97,3199999.9999999995,2.5,0.17,0.17,0.0,380.0,0.32,0.0,0.0,0.0,28000.0,1.0,5.2E8,
2.8999999999999997E-35,0.14,4100.0,3100.0,750.0,3099999.9999999995,6500.0,1300.0,7200.0,4500.0,4000.0,0.96,3099999.9999999995,2.4,0.17,0.17,0.0,380.0,0.32,0.0,0.0,0.0,28000.0,1.0,5.2E8,
2.8999999999999997E-35,0.14,4100.0,3100.0,750.0,3099999.9999999995,6500.0,1300.0,7200.0,4500.0,4000.0,0.96,3099999.9999999995,2.4,0.17,0.17,0.0,380.0,0.32,0.0,0.0,0.0,28000.0,1.0,5.2E8,
2.8999999999999997E-35,0.14,4100.0,3100.0,750.0,3099999.9999999995,6500.0,1300.0,7200.0,4500.0,4000.0,0.96,3099999.9999999995,2.4,0.17,0.17,0.0,380.0,0.32,0.0,0.0,0.0,28000.0,1.0,5.2E8,
2.8999999999999997E-35,0.14,4100.0,3100.0,750.0,3099999.9999999995,6500.0,1300.0,7200.0,4500.0,4000.0,0.95,3099999.9999999995,2.4,0.17,0.17,0.0,370.0,0.32,0.0,0.0,0.0,28000.0,1.0,5.2E8,
2.8999999999999997E-35,0.14,4100.0,3100.0,750.0,3099999.9999999995,6500.0,1300.0,7200.0,4500.0,4000.0,0.95,3099999.9999999995,2.4,0.17,0.17,0.0,370.0,0.32,0.0,0.0,0.0,28000.0,1.0,5.2E8,
2.8999999999999997E-35,0.14,4100.0,3100.0,750.0,3099999.9999999995,6500.0,1300.0,7200.0,4500.0,4000.0,0.95,3099999.9999999995,2.4,0.17,0.17,0.0,370.0,0.32,0.0,0.0,0.0,28000.0,1.0,5.2E8,
2.8999999999999997E-35,0.14,4100.0,3100.0,750.0,3099999.9999999995,6500.0,1300.0,7200.0,4500.0,4000.0,0.94,3099999.9999999995,2.4,0.17,0.17,0.0,370.0,0.32,0.0,0.0,0.0,28000.0,1.0,5.2E8,
2.8999999999999997E-35,0.14,4100.0,3100.0,750.0,3099999.9999999995,6500.0,1300.0,7200.0,4500.0,4000.0,0.94,3099999.9999999995,2.4,0.17,0.17,0.0,370.0,0.32,0.0,0.0,0.0,27000.0,1.0,5.2E8,
2.8999999999999997E-35,0.14,4100.0,3100.0,750.0,3099999.9999999995,6500.0,1300.0,7200.0,4500.0,4000.0,0.94,3099999.9999999995,2.4,0.17,0.17,0.0,360.0,0.32,0.0,0.0,0.0,27000.0,1.0,5.2E8,
2.8999999999999997E-35,0.14,4100.0,3100.0,750.0,3099999.9999999995,6500.0,1300.0,7200.0,4500.0,4000.0,0.94,3099999.9999999995,2.4,0.17,0.17,0.0,360.0,0.32,0.0,0.0,0.0,27000.0,1.0,5.1E8,
2.8E-35,0.14,4100.0,3100.0,750.0,3099999.9999999995,6500.0,1300.0,7200.0,4500.0,4000.0,0.93,3099999.9999999995,2.4,0.17,0.17,0.0,360.0,0.32,0.0,0.0,0.0,27000.0,1.0,5.1E8,
1.2E-34,0.56,860.0,790.0,18000.0,4200000.0,11000.0,1300.0,7200.0,4500.0,4000.0,0.96,4200000.0,10.0,0.37,0.37,0.0,390.0,0.94,0.0,0.0,0.0,28000.0,1.0,5.3E8,
5.2E-35,0.25,860.0,780.0,5500.0,3999999.9999999995,3300.0,1300.0,7200.0,4500.0,4000.0,0.95,3999999.9999999995,4.6,0.31,0.31,0.0,390.0,0.4,0.0,0.0,0.0,28000.0,1.0,5.3E8,
5.1E-35,0.24,860.0,780.0,5500.0,3799999.9999999995,3300.0,1300.0,7200.0,4500.0,4000.0,0.95,3799999.9999999995,4.5,0.31,0.31,0.0,390.0,0.39,0.0,0.0,0.0,28000.0,1.0,5.2E8,
5.1E-35,0.24,860.0,780.0,5500.0,3699999.9999999995,3300.0,1300.0,7200.0,4500.0,4000.0,0.95,3699999.9999999995,4.5,0.3,0.3,0.0,390.0,0.39,0.0,0.0,0.0,28000.0,1.0,5.2E8,
4.7999999999999997E-35,0.23,850.0,780.0,5500.0,3199999.9999999995,3300.0,1300.0,7200.0,4500.0,4000.0,0.93,3199999.9999999995,4.2,0.28,0.28,0.0,380.0,0.37,0.0,0.0,0.0,27000.0,1.0,5.2E8,
4.7999999999999997E-35,0.23,850.0,780.0,5500.0,3099999.9999999995,3300.0,1300.0,7200.0,4500.0,4000.0,0.93,3099999.9999999995,4.2,0.28,0.28,0.0,380.0,0.36,0.0,0.0,0.0,27000.0,1.0,5.2E8,
4.7999999999999997E-35,0.23,850.0,780.0,5500.0,3099999.9999999995,3300.0,1300.0,7200.0,4500.0,4000.0,0.93,3099999.9999999995,4.2,0.28,0.28,0.0,380.0,0.36,0.0,0.0,0.0,27000.0,1.0,5.2E8,
4.7999999999999997E-35,0.23,850.0,780.0,5500.0,3099999.9999999995,3300.0,1300.0,7200.0,4500.0,4000.0,0.92,3099999.9999999995,4.2,0.28,0.28,0.0,370.0,0.36,0.0,0.0,0.0,27000.0,1.0,5.2E8,
4.7999999999999997E-35,0.23,850.0,780.0,5500.0,3099999.9999999995,3300.0,1300.0,7200.0,4500.0,4000.0,0.92,3099999.9999999995,4.2,0.28,0.28,0.0,370.0,0.36,0.0,0.0,0.0,27000.0,1.0,5.2E8,
4.7999999999999997E-35,0.23,850.0,780.0,5500.0,3099999.9999999995,3300.0,1300.0,7200.0,4500.0,4000.0,0.92,3099999.9999999995,4.2,0.28,0.28,0.0,360.0,0.36,0.0,0.0,0.0,27000.0,1.0,5.2E8,
4.7999999999999997E-35,0.23,850.0,780.0,5500.0,3099999.9999999995,3300.0,1300.0,7200.0,4500.0,4000.0,0.91,3099999.9999999995,4.2,0.28,0.28,0.0,360.0,0.36,0.0,0.0,0.0,27000.0,1.0,5.2E8,
4.7999999999999997E-35,0.23,850.0,780.0,5500.0,3099999.9999999995,3300.0,1300.0,7200.0,4500.0,4000.0,0.91,3099999.9999999995,4.2,0.28,0.28,0.0,360.0,0.36,0.0,0.0,0.0,27000.0,1.0,5.2E8,
4.7999999999999997E-35,0.23,850.0,780.0,5500.0,3099999.9999999995,3300.0,1300.0,7200.0,4500.0,4000.0,0.91,3099999.9999999995,4.2,0.28,0.28,0.0,360.0,0.36,0.0,0.0,0.0,26000.0,1.0,5.2E8,
4.7999999999999997E-35,0.23,850.0,780.0,5500.0,3099999.9999999995,3300.0,1300.0,7200.0,4500.0,4000.0,0.91,3099999.9999999995,4.2,0.28,0.28,0.0,350.0,0.36,0.0,0.0,0.0,26000.0,1.0,5.2E8,
4.7999999999999997E-35,0.23,850.0,780.0,5500.0,3099999.9999999995,3300.0,1300.0,7200.0,4500.0,4000.0,0.9,3099999.9999999995,4.2,0.28,0.28,0.0,350.0,0.36,0.0,0.0,0.0,26000.0,1.0,5.2E8,
4.7999999999999997E-35,0.23,850.0,780.0,5500.0,3099999.9999999995,3300.0,1300.0,7200.0,4500.0,4000.0,0.9,3099999.9999999995,4.2,0.28,0.28,0.0,350.0,0.36,0.0,0.0,0.0,26000.0,1.0,5.2E8,
4.7999999999999997E-35,0.23,850.0,780.0,5500.0,3099999.9999999995,3300.0,1300.0,7200.0,4500.0,4000.0,0.9,3099999.9999999995,4.2,0.28,0.28,0.0,340.0,0.36,0.0,0.0,0.0,26000.0,1.0,5.2E8,
4.7999999999999997E-35,0.23,850.0,780.0,5500.0,3099999.9999999995,3300.0,1300.0,7200.0,4500.0,4000.0,0.9,3099999.9999999995,4.2,0.28,0.28,0.0,340.0,0.36,0.0,0.0,0.0,26000.0,1.0,5.2E8,
4.7999999999999997E-35,0.23,850.0,780.0,5500.0,3099999.9999999995,3300.0,1300.0,7200.0,4500.0,4000.0,0.89,3099999.9999999995,4.2,0.28,0.28,0.0,340.0,0.36,0.0,0.0,0.0,26000.0,1.0,5.2E8,
4.7999999999999997E-35,0.23,850.0,780.0,5500.0,3099999.9999999995,3300.0,1300.0,7200.0,4500.0,4000.0,0.89,3099999.9999999995,4.2,0.28,0.28,0.0,340.0,0.36,0.0,0.0,0.0,26000.0,1.0,5.2E8,
4.7999999999999997E-35,0.23,850.0,780.0,5500.0,3099999.9999999995,3300.0,1300.0,7200.0,4500.0,4000.0,0.89,3099999.9999999995,4.2,0.28,0.28,0.0,340.0,0.36,0.0,0.0,0.0,26000.0,1.0,5.2E8,
4.7999999999999997E-35,0.23,850.0,780.0,5500.0,3099999.9999999995,3300.0,1300.0,7200.0,4500.0,4000.0,0.88,3099999.9999999995,4.2,0.28,0.28,0.0,340.0,0.36,0.0,0.0,0.0,26000.0,1.0,5.1E8,
4.1E-34,1.9,21000.0,100000.0,14000.0,4200000.0,3800.0,1300.0,7100.0,4500.0,4000.0,0.92,4400000.0,35.0,0.65,0.65,0.0,390.0,0.92,0.0,0.0,0.0,27000.0,1.0,5.3E8,
2.6E-35,0.13,2900.0,1800.0,1700.0,4099999.9999999995,3800.0,1300.0,7100.0,4500.0,4000.0,0.92,4099999.9999999995,2.3,0.28,0.28,0.0,390.0,0.29,0.0,0.0,0.0,27000.0,1.0,5.3E8,
2.5E-35,0.12,2900.0,1800.0,1700.0,3799999.9999999995,3700.0,1300.0,7100.0,4500.0,3900.0,0.91,3799999.9999999995,2.2,0.27,0.27,0.0,390.0,0.27,0.0,0.0,0.0,27000.0,1.0,5.3E8,
2.3999999999999999E-35,0.11,2900.0,1800.0,1700.0,3299999.9999999995,3700.0,1300.0,7100.0,4500.0,3900.0,0.9,3299999.9999999995,2.1,0.25,0.25,0.0,390.0,0.25,0.0,0.0,0.0,26000.0,1.0,5.2E8,
2.3E-35,0.11,2900.0,1800.0,1700.0,3099999.9999999995,3700.0,1300.0,7100.0,4400.0,3900.0,0.89,3099999.9999999995,2.0,0.24,0.24,0.0,400.0,0.24,0.0,0.0,0.0,26000.0,1.0,5.2E8,
2.3E-35,0.11,2900.0,1800.0,1700.0,3099999.9999999995,3700.0,1300.0,7100.0,4400.0,3900.0,0.89,3099999.9999999995,2.0,0.24,0.24,0.0,390.0,0.24,0.0,0.0,0.0,26000.0,1.0,5.2E8,
2.3E-35,0.11,2900.0,1800.0,1700.0,3099999.9999999995,3700.0,1300.0,7100.0,4400.0,3900.0,0.89,3099999.9999999995,2.0,0.24,0.24,0.0,390.0,0.24,0.0,0.0,0.0,26000.0,1.0,5.2E8,
4.4999999999999996E-35,0.21,5300.0,3900.0,5600.0,4300000.0,3700.0,1300.0,7000.0,4400.0,3900.0,0.91,4300000.0,3.9,0.28,0.28,0.0,400.0,0.53,0.0,0.0,0.0,27000.0,1.0,5.3E8,
4.2999999999999996E-35,0.21,5300.0,3900.0,5600.0,3799999.9999999995,3700.0,1300.0,7000.0,4400.0,3900.0,0.9,3899999.9999999995,3.8,0.27,0.27,0.0,400.0,0.51,0.0,0.0,0.0,26000.0,1.0,5.3E8,
4.0999999999999997E-35,0.2,5300.0,3900.0,5600.0,3299999.9999999995,3700.0,1300.0,7000.0,4400.0,3900.0,0.89,3299999.9999999995,3.6,0.25,0.25,0.0,400.0,0.47,0.0,0.0,0.0,26000.0,1.0,5.2E8,
4.0999999999999997E-35,0.19,5300.0,3900.0,5600.0,3099999.9999999995,3700.0,1300.0,7000.0,4400.0,3900.0,0.88,3099999.9999999995,3.6,0.24,0.24,0.0,400.0,0.47,0.0,0.0,0.0,26000.0,1.0,5.2E8,
4.0999999999999997E-35,0.19,5300.0,3900.0,5600.0,3099999.9999999995,3700.0,1300.0,7000.0,4400.0,3900.0,0.88,3099999.9999999995,3.6,0.24,0.24,0.0,390.0,0.47,0.0,0.0,0.0,26000.0,1.0,5.2E8,
4.0999999999999997E-35,0.19,5300.0,3900.0,5600.0,3099999.9999999995,3700.0,1300.0,7000.0,4400.0,3900.0,0.88,3099999.9999999995,3.6,0.24,0.24,0.0,390.0,0.47,0.0,0.0,0.0,26000.0,1.0,5.2E8,
4.0999999999999997E-35,0.19,5300.0,3900.0,5600.0,3099999.9999999995,3700.0,1300.0,7000.0,4400.0,3900.0,0.88,3099999.9999999995,3.6,0.24,0.24,0.0,390.0,0.47,0.0,0.0,0.0,26000.0,1.0,5.2E8,
4.0999999999999997E-35,0.19,5300.0,3900.0,5600.0,3099999.9999999995,3700.0,1300.0,7000.0,4400.0,3900.0,0.87,3099999.9999999995,3.6,0.24,0.24,0.0,390.0,0.47,0.0,0.0,0.0,25000.0,1.0,5.2E8,
4.0999999999999997E-35,0.19,5300.0,3900.0,5600.0,3099999.9999999995,3700.0,1300.0,7000.0,4400.0,3900.0,0.87,3099999.9999999995,3.6,0.24,0.24,0.0,390.0,0.47,0.0,0.0,0.0,25000.0,1.0,5.2E8,
4.0999999999999997E-35,0.19,5300.0,3900.0,5600.0,3099999.9999999995,3700.0,1300.0,7000.0,4400.0,3900.0,0.87,3099999.9999999995,3.6,0.24,0.24,0.0,380.0,0.47,0.0,0.0,0.0,25000.0,1.0,5.2E8,
4.0999999999999997E-35,0.19,5300.0,3900.0,5600.0,3099999.9999999995,3700.0,1300.0,7000.0,4400.0,3900.0,0.87,3099999.9999999995,3.6,0.24,0.24,0.0,380.0,0.47,0.0,0.0,0.0,25000.0,1.0,5.2E8,
4.0999999999999997E-35,0.19,5300.0,3900.0,5600.0,3099999.9999999995,3700.0,1300.0,7000.0,4400.0,3900.0,0.86,3099999.9999999995,3.6,0.24,0.24,0.0,380.0,0.47,0.0,0.0,0.0,25000.0,1.0,5.2E8,
4.0999999999999997E-35,0.19,5300.0,3900.0,5600.0,3099999.9999999995,3700.0,1300.0,7000.0,4400.0,3900.0,0.86,3099999.9999999995,3.6,0.24,0.24,0.0,380.0,0.47,0.0,0.0,0.0,25000.0,1.0,5.2E8,
4.0999999999999997E-35,0.19,5300.0,3900.0,5600.0,3099999.9999999995,3700.0,1300.0,7000.0,4400.0,3900.0,0.86,3099999.9999999995,3.6,0.24,0.24,0.0,380.0,0.47,0.0,0.0,0.0,25000.0,1.0,5.2E8,
4.0999999999999997E-35,0.19,5300.0,3900.0,5600.0,3099999.9999999995,3700.0,1300.0,7000.0,4400.0,3900.0,0.86,3099999.9999999995,3.6,0.24,0.24,0.0,380.0,0.47,0.0,0.0,0.0,25000.0,1.0,5.2E8,
4.0999999999999997E-35,0.19,5300.0,3900.0,5600.0,3099999.9999999995,3700.0,1300.0,7000.0,4400.0,3900.0,0.85,3099999.9999999995,3.6,0.24,0.24,0.0,360.0,0.47,0.0,0.0,0.0,25000.0,1.0,5.2E8,
4.0999999999999997E-35,0.19,5300.0,3900.0,5600.0,3099999.9999999995,3700.0,1300.0,7000.0,4400.0,3900.0,0.85,3099999.9999999995,3.6,0.24,0.24,0.0,360.0,0.47,0.0,0.0,0.0,25000.0,1.0,5.2E8,
4.0999999999999997E-35,0.19,5300.0,3900.0,5600.0,3099999.9999999995,3700.0,1300.0,7000.0,4400.0,3900.0,0.84,3099999.9999999995,3.6,0.24,0.24,0.0,360.0,0.47,0.0,0.0,0.0,25000.0,1.0,5.2E8,
4.0999999999999997E-35,0.19,5300.0,3900.0,5600.0,3099999.9999999995,3700.0,1300.0,7000.0,4400.0,3900.0,0.84,3099999.9999999995,3.6,0.24,0.24,0.0,360.0,0.47,0.0,0.0,0.0,25000.0,1.0,5.2E8,
4.0999999999999997E-35,0.19,5300.0,3900.0,5600.0,3099999.9999999995,3700.0,1300.0,7000.0,4400.0,3900.0,0.84,3099999.9999999995,3.6,0.24,0.24,0.0,360.0,0.47,0.0,0.0,0.0,24000.0,1.0,5.2E8,
4.0999999999999997E-35,0.19,5300.0,3900.0,5600.0,3099999.9999999995,3700.0,1300.0,7000.0,4400.0,3900.0,0.84,3099999.9999999995,3.6,0.24,0.24,0.0,350.0,0.47,0.0,0.0,0.0,24000.0,1.0,5.2E8,
4.0999999999999997E-35,0.19,5300.0,3900.0,5600.0,3099999.9999999995,3700.0,1300.0,7000.0,4400.0,3900.0,0.83,3099999.9999999995,3.6,0.24,0.24,0.0,350.0,0.47,0.0,0.0,0.0,24000.0,1.0,5.2E8,
4.0999999999999997E-35,0.19,5300.0,3900.0,5600.0,3099999.9999999995,3700.0,1300.0,7000.0,4400.0,3900.0,0.83,3099999.9999999995,3.6,0.24,0.24,0.0,350.0,0.47,0.0,0.0,0.0,24000.0,1.0,5.2E8,
4.0999999999999997E-35,0.19,5300.0,3900.0,5600.0,3099999.9999999995,3700.0,1300.0,7000.0,4400.0,3900.0,0.83,3099999.9999999995,3.6,0.24,0.24,0.0,350.0,0.47,0.0,0.0,0.0,24000.0,1.0,5.2E8,
5.1E-35,0.24,3400.0,7400.0,3400.0,4099999.9999999995,3700.0,1300.0,7000.0,4400.0,3900.0,0.86,4099999.9999999995,4.5,0.28,0.28,0.0,390.0,1.6,0.0,0.0,0.0,25000.0,1.0,5.4E8,
5.0E-35,0.24,3400.0,7400.0,3400.0,3799999.9999999995,3700.0,1200.0,7000.0,4400.0,3900.0,0.85,3799999.9999999995,4.3,0.27,0.27,0.0,390.0,1.5,0.0,0.0,0.0,25000.0,1.0,5.3E8,
4.7999999999999997E-35,0.23,3400.0,7400.0,3400.0,3299999.9999999995,3700.0,1200.0,7000.0,4400.0,3900.0,0.84,3299999.9999999995,4.2,0.25,0.25,0.0,390.0,1.4,0.0,0.0,0.0,25000.0,1.0,5.3E8,
4.7999999999999997E-35,0.23,3400.0,7400.0,3400.0,3099999.9999999995,3700.0,1200.0,7000.0,4400.0,3900.0,0.84,3199999.9999999995,4.2,0.25,0.25,0.0,400.0,1.4,0.0,0.0,0.0,25000.0,1.0,5.3E8,
4.7999999999999997E-35,0.23,3400.0,7400.0,3400.0,3099999.9999999995,3700.0,1200.0,7000.0,4400.0,3900.0,0.84,3199999.9999999995,4.2,0.25,0.25,0.0,390.0,1.4,0.0,0.0,0.0,24000.0,1.0,5.3E8,
4.7999999999999997E-35,0.23,3400.0,7400.0,3400.0,3099999.9999999995,3700.0,1200.0,7000.0,4400.0,3900.0,0.83,3199999.9999999995,4.2,0.25,0.25,0.0,390.0,1.4,0.0,0.0,0.0,24000.0,1.0,5.3E8,
4.7999999999999997E-35,0.23,3400.0,7400.0,3400.0,3099999.9999999995,3700.0,1200.0,7000.0,4400.0,3900.0,0.83,3199999.9999999995,4.2,0.25,0.25,0.0,380.0,1.4,0.0,0.0,0.0,24000.0,1.0,5.3E8,
4.7999999999999997E-35,0.23,3400.0,7400.0,3400.0,3099999.9999999995,3700.0,1200.0,7000.0,4400.0,3900.0,0.83,3199999.9999999995,4.2,0.25,0.25,0.0,380.0,1.4,0.0,0.0,0.0,24000.0,1.0,5.3E8,
2.3999999999999999E-35,0.12,9900.0,1800.0,930.0,4200000.0,3700.0,1200.0,7000.0,4400.0,3900.0,0.85,4200000.0,2.1,0.25,0.25,0.0,410.0,0.67,0.0,0.0,0.0,25000.0,1.0,5.4E8,
2.3E-35,0.11,2400.0,1800.0,930.0,3699999.9999999995,3700.0,1200.0,7000.0,4400.0,3900.0,0.84,3799999.9999999995,2.0,0.24,0.24,0.0,400.0,0.61,0.0,0.0,0.0,24000.0,1.0,5.4E8,
2.1E-35,0.098,2400.0,1800.0,930.0,3099999.9999999995,3700.0,1200.0,7000.0,4400.0,3900.0,0.83,3199999.9999999995,1.8,0.22,0.22,0.0,400.0,0.53,0.0,0.0,0.0,24000.0,1.0,5.3E8,
2.1E-35,0.098,2400.0,1800.0,930.0,3099999.9999999995,3700.0,1200.0,7000.0,4400.0,3900.0,0.82,3199999.9999999995,1.8,0.22,0.22,0.0,400.0,0.53,0.0,0.0,0.0,24000.0,1.0,5.3E8,
2.1E-35,0.098,2400.0,1800.0,930.0,3099999.9999999995,3700.0,1200.0,7000.0,4400.0,3900.0,0.82,3199999.9999999995,1.8,0.22,0.22,0.0,400.0,0.53,0.0,0.0,0.0,24000.0,1.0,5.3E8,
2.1E-35,0.098,2400.0,1800.0,930.0,3099999.9999999995,3700.0,1200.0,7000.0,4400.0,3900.0,0.82,3199999.9999999995,1.8,0.22,0.22,0.0,400.0,0.53,0.0,0.0,0.0,24000.0,1.0,5.3E8,
2.1E-35,0.098,2400.0,1800.0,930.0,3099999.9999999995,3700.0,1200.0,7000.0,4400.0,3900.0,0.82,3199999.9999999995,1.8,0.22,0.22,0.0,390.0,0.53,0.0,0.0,0.0,24000.0,1.0,5.3E8,
2.1E-35,0.098,2400.0,1800.0,930.0,3099999.9999999995,3700.0,1200.0,7000.0,4400.0,3900.0,0.81,3199999.9999999995,1.8,0.22,0.22,0.0,390.0,0.53,0.0,0.0,0.0,24000.0,1.0,5.3E8,
2.1E-35,0.098,2400.0,1800.0,930.0,3099999.9999999995,3700.0,1200.0,7000.0,4400.0,3900.0,0.81,3199999.9999999995,1.8,0.22,0.22,0.0,390.0,0.53,0.0,0.0,0.0,24000.0,1.0,5.3E8,
2.1E-35,0.098,2400.0,1800.0,930.0,3099999.9999999995,3700.0,1200.0,7000.0,4400.0,3900.0,0.81,3199999.9999999995,1.8,0.22,0.22,0.0,390.0,0.53,0.0,0.0,0.0,24000.0,1.0,5.3E8,
2.1E-35,0.098,2400.0,1800.0,930.0,3099999.9999999995,3700.0,1200.0,7000.0,4400.0,3900.0,0.81,3199999.9999999995,1.8,0.22,0.22,0.0,390.0,0.53,0.0,0.0,0.0,24000.0,1.0,5.3E8,
2.1E-35,0.098,2400.0,1800.0,930.0,3099999.9999999995,3700.0,1200.0,7000.0,4400.0,3900.0,0.8,3199999.9999999995,1.8,0.22,0.22,0.0,390.0,0.53,0.0,0.0,0.0,23000.0,1.0,5.3E8,
2.1E-35,0.098,2400.0,1800.0,930.0,3099999.9999999995,3700.0,1200.0,7000.0,4400.0,3900.0,0.8,3199999.9999999995,1.8,0.22,0.22,0.0,390.0,0.53,0.0,0.0,0.0,23000.0,1.0,5.3E8,
2.1E-35,0.098,2400.0,1800.0,930.0,3099999.9999999995,3700.0,1200.0,7000.0,4400.0,3900.0,0.8,3199999.9999999995,1.8,0.22,0.22,0.0,380.0,0.53,0.0,0.0,0.0,23000.0,1.0,5.3E8,
2.1E-35,0.098,2400.0,1800.0,930.0,3099999.9999999995,3700.0,1200.0,7000.0,4400.0,3900.0,0.8,3199999.9999999995,1.8,0.22,0.22,0.0,380.0,0.53,0.0,0.0,0.0,23000.0,1.0,5.3E8,
2.1E-35,0.098,2400.0,1800.0,930.0,3099999.9999999995,3700.0,1200.0,7000.0,4400.0,3900.0,0.8,3199999.9999999995,1.8,0.22,0.22,0.0,370.0,0.53,0.0,0.0,0.0,23000.0,1.0,5.3E8,
2.1E-35,0.098,2400.0,1800.0,930.0,3099999.9999999995,3700.0,1200.0,7000.0,4400.0,3900.0,0.79,3199999.9999999995,1.8,0.22,0.22,0.0,370.0,0.53,0.0,0.0,0.0,23000.0,1.0,5.3E8,
2.1E-35,0.098,2400.0,1800.0,930.0,3099999.9999999995,3700.0,1200.0,7000.0,4400.0,3900.0,0.79,3199999.9999999995,1.8,0.22,0.22,0.0,370.0,0.53,0.0,0.0,0.0,23000.0,1.0,5.3E8,
2.1E-35,0.098,2400.0,1800.0,930.0,3099999.9999999995,3700.0,1200.0,7000.0,4400.0,3900.0,0.79,3199999.9999999995,1.8,0.22,0.22,0.0,370.0,0.53,0.0,0.0,0.0,23000.0,1.0,5.3E8,
2.1E-35,0.098,2400.0,1800.0,930.0,3099999.9999999995,3700.0,1200.0,7000.0,4400.0,3900.0,0.79,3199999.9999999995,1.8,0.22,0.22,0.0,370.0,0.53,0.0,0.0,0.0,23000.0,1.0,5.3E8,
2.1E-35,0.098,2400.0,1800.0,930.0,3099999.9999999995,3700.0,1200.0,7000.0,4400.0,3900.0,0.78,3199999.9999999995,1.8,0.22,0.22,0.0,370.0,0.53,0.0,0.0,0.0,23000.0,1.0,5.3E8,
2.1E-35,0.098,2400.0,1800.0,930.0,3099999.9999999995,3700.0,1200.0,7000.0,4400.0,3900.0,0.78,3199999.9999999995,1.8,0.22,0.22,0.0,360.0,0.53,0.0,0.0,0.0,23000.0,1.0,5.3E8,
4.2E-34,2.0,8900.0,100000.0,17000.0,4200000.0,9000.0,2300.0,720.0,4900.0,30000.0,0.8,4400000.0,39.0,1.2,1.2,0.0,390.0,0.94,0.0,0.0,0.0,23000.0,1.0,5.4E8,
3.5999999999999997E-35,0.17,1400.0,1800.0,4300.0,4200000.0,1500.0,2300.0,720.0,4900.0,150.0,0.8,4200000.0,3.3,0.13,0.13,0.0,390.0,0.38,0.0,0.0,0.0,23000.0,1.0,5.4E8,
3.5E-35,0.17,1400.0,1800.0,4300.0,3999999.9999999995,1500.0,2300.0,720.0,4900.0,150.0,0.79,3999999.9999999995,3.2,0.12,0.12,0.0,390.0,0.36,0.0,0.0,0.0,23000.0,1.0,5.4E8,
3.5E-35,0.16,1400.0,1800.0,4300.0,3899999.9999999995,1500.0,2300.0,720.0,4900.0,150.0,0.79,3899999.9999999995,3.2,0.12,0.12,0.0,390.0,0.36,0.0,0.0,0.0,23000.0,1.0,5.4E8,
3.3E-35,0.16,1400.0,1800.0,4300.0,3499999.9999999995,1500.0,2300.0,720.0,4900.0,150.0,0.78,3499999.9999999995,3.1,0.11,0.11,0.0,390.0,0.34,0.0,0.0,0.0,23000.0,1.0,5.4E8,
3.3E-35,0.16,1400.0,1800.0,4300.0,3399999.9999999995,1500.0,2300.0,720.0,4800.0,150.0,0.78,3399999.9999999995,3.0,0.11,0.11,0.0,380.0,0.34,0.0,0.0,0.0,23000.0,1.0,5.4E8,
3.2E-35,0.15,1400.0,1800.0,4200.0,3199999.9999999995,1400.0,2200.0,710.0,4800.0,150.0,0.77,3199999.9999999995,2.9,0.1,0.1,0.0,380.0,0.33,0.0,0.0,0.0,23000.0,1.0,5.3E8,
1.4E-34,0.67,540.0,36000.0,1000.0,4200000.0,1400.0,2200.0,710.0,4800.0,150.0,0.79,4200000.0,14.0,0.19,0.19,0.0,400.0,0.29,0.0,0.0,0.0,23000.0,1.0,5.4E8,
1.8999999999999998E-35,0.09,540.0,420.0,1000.0,3999999.9999999995,1400.0,2200.0,710.0,4800.0,150.0,0.78,3999999.9999999995,1.8,0.1,0.1,0.0,400.0,0.28,0.0,0.0,0.0,23000.0,1.0,5.4E8,
1.7999999999999998E-35,0.086,530.0,420.0,1000.0,3799999.9999999995,1400.0,2200.0,710.0,4800.0,150.0,0.78,3799999.9999999995,1.7,0.097,0.097,0.0,400.0,0.27,0.0,0.0,0.0,23000.0,1.0,5.4E8,
1.6999999999999999E-35,0.08,530.0,420.0,1000.0,3399999.9999999995,1400.0,2200.0,710.0,4800.0,150.0,0.77,3399999.9999999995,1.6,0.088,0.088,0.0,400.0,0.25,0.0,0.0,0.0,22000.0,1.0,5.4E8,
1.6E-35,0.076,530.0,420.0,1000.0,3199999.9999999995,1400.0,2200.0,710.0,4800.0,150.0,0.76,3199999.9999999995,1.5,0.083,0.083,0.0,400.0,0.24,0.0,0.0,0.0,22000.0,1.0,5.3E8,
1.6E-35,0.076,530.0,420.0,1000.0,3199999.9999999995,1400.0,2200.0,710.0,4800.0,150.0,0.76,3199999.9999999995,1.5,0.083,0.083,0.0,400.0,0.24,0.0,0.0,0.0,22000.0,1.0,5.3E8,
1.6E-35,0.076,530.0,420.0,1000.0,3199999.9999999995,1400.0,2200.0,710.0,4800.0,150.0,0.76,3199999.9999999995,1.5,0.083,0.083,0.0,400.0,0.24,0.0,0.0,0.0,22000.0,1.0,5.3E8,
1.6E-35,0.076,530.0,420.0,1000.0,3199999.9999999995,1400.0,2200.0,710.0,4800.0,150.0,0.76,3199999.9999999995,1.5,0.083,0.083,0.0,390.0,0.24,0.0,0.0,0.0,22000.0,1.0,5.3E8,
1.6E-35,0.076,530.0,420.0,1000.0,3199999.9999999995,1400.0,2200.0,710.0,4800.0,150.0,0.75,3199999.9999999995,1.5,0.083,0.083,0.0,390.0,0.24,0.0,0.0,0.0,22000.0,1.0,5.3E8,
1.6E-35,0.076,530.0,420.0,1000.0,3199999.9999999995,1400.0,2200.0,710.0,4800.0,150.0,0.75,3199999.9999999995,1.5,0.083,0.083,0.0,390.0,0.24,0.0,0.0,0.0,22000.0,1.0,5.3E8,
1.6E-35,0.076,530.0,420.0,1000.0,3199999.9999999995,1400.0,2200.0,710.0,4800.0,150.0,0.75,3199999.9999999995,1.5,0.083,0.083,0.0,390.0,0.24,0.0,0.0,0.0,22000.0,1.0,5.3E8,
1.6E-35,0.076,530.0,420.0,1000.0,3199999.9999999995,1400.0,2200.0,710.0,4800.0,150.0,0.75,3199999.9999999995,1.5,0.083,0.083,0.0,380.0,0.24,0.0,0.0,0.0,22000.0,1.0,5.3E8,
1.6E-35,0.076,530.0,420.0,1000.0,3199999.9999999995,1400.0,2200.0,710.0,4800.0,150.0,0.74,3199999.9999999995,1.5,0.083,0.083,0.0,380.0,0.24,0.0,0.0,0.0,22000.0,1.0,5.3E8,
1.6E-35,0.076,530.0,420.0,1000.0,3199999.9999999995,1400.0,2200.0,710.0,4800.0,150.0,0.74,3199999.9999999995,1.5,0.083,0.083,0.0,380.0,0.24,0.0,0.0,0.0,22000.0,1.0,5.3E8,
1.6E-35,0.076,530.0,420.0,1000.0,3199999.9999999995,1400.0,2200.0,710.0,4800.0,150.0,0.74,3199999.9999999995,1.5,0.083,0.083,0.0,360.0,0.24,0.0,0.0,0.0,22000.0,1.0,5.3E8,
1.6E-35,0.076,530.0,420.0,1000.0,3199999.9999999995,1400.0,2200.0,710.0,4800.0,150.0,0.74,3199999.9999999995,1.5,0.083,0.083,0.0,360.0,0.24,0.0,0.0,0.0,22000.0,1.0,5.3E8,
1.6E-35,0.076,530.0,420.0,1000.0,3199999.9999999995,1400.0,2200.0,710.0,4800.0,150.0,0.73,3199999.9999999995,1.5,0.083,0.083,0.0,360.0,0.24,0.0,0.0,0.0,21000.0,1.0,5.3E8,
1.6E-35,0.076,530.0,420.0,1000.0,3199999.9999999995,1400.0,2200.0,710.0,4800.0,150.0,0.73,3199999.9999999995,1.5,0.083,0.083,0.0,350.0,0.24,0.0,0.0,0.0,21000.0,1.0,5.3E8,
4.0E-35,0.19,1600.0,3100.0,5700.0,3699999.9999999995,1400.0,2200.0,710.0,4800.0,4900.0,0.74,3699999.9999999995,3.5,0.22,0.22,0.0,370.0,0.83,0.0,0.0,0.0,22000.0,1.0,5.4E8,
3.9E-35,0.19,1600.0,3100.0,5700.0,3499999.9999999995,1400.0,2200.0,700.0,4800.0,4900.0,0.74,3499999.9999999995,3.4,0.21,0.21,0.0,370.0,0.81,0.0,0.0,0.0,21000.0,1.0,5.4E8,
3.7999999999999996E-35,0.18,1500.0,3100.0,5700.0,3399999.9999999995,1400.0,2200.0,700.0,4700.0,4900.0,0.73,3399999.9999999995,3.4,0.21,0.21,0.0,370.0,0.8,0.0,0.0,0.0,21000.0,1.0,5.4E8,
3.7999999999999996E-35,0.18,1500.0,3100.0,5700.0,3199999.9999999995,1400.0,2200.0,700.0,4700.0,4900.0,0.73,3299999.9999999995,3.3,0.21,0.21,0.0,360.0,0.79,0.0,0.0,0.0,21000.0,1.0,5.4E8,
3.7999999999999996E-35,0.18,1500.0,3100.0,5700.0,3199999.9999999995,1400.0,2200.0,700.0,4700.0,4900.0,0.72,3199999.9999999995,3.3,0.2,0.2,0.0,360.0,0.78,0.0,0.0,0.0,21000.0,1.0,5.4E8,
3.7999999999999996E-35,0.18,1500.0,3100.0,5700.0,3199999.9999999995,1400.0,2200.0,700.0,4700.0,4900.0,0.72,3199999.9999999995,3.3,0.2,0.2,0.0,350.0,0.78,0.0,0.0,0.0,21000.0,1.0,5.4E8,
3.7999999999999996E-35,0.18,1500.0,3100.0,5700.0,3199999.9999999995,1400.0,2200.0,700.0,4700.0,4900.0,0.72,3199999.9999999995,3.3,0.2,0.2,0.0,340.0,0.78,0.0,0.0,0.0,21000.0,1.0,5.4E8,
3.7999999999999996E-35,0.18,1500.0,3100.0,5700.0,3199999.9999999995,1400.0,2200.0,700.0,4700.0,4900.0,0.72,3199999.9999999995,3.3,0.2,0.2,0.0,340.0,0.78,0.0,0.0,0.0,21000.0,1.0,5.4E8,
3.7999999999999996E-35,0.18,1500.0,3100.0,5700.0,3199999.9999999995,1400.0,2200.0,700.0,4700.0,4900.0,0.71,3199999.9999999995,3.3,0.2,0.2,0.0,340.0,0.78,0.0,0.0,0.0,21000.0,1.0,5.4E8,
3.7999999999999996E-35,0.18,1500.0,3100.0,5700.0,3199999.9999999995,1400.0,2200.0,700.0,4700.0,4900.0,0.71,3199999.9999999995,3.3,0.2,0.2,0.0,340.0,0.78,0.0,0.0,0.0,21000.0,1.0,5.4E8,
3.7999999999999996E-35,0.18,1500.0,3100.0,5700.0,3199999.9999999995,1400.0,2200.0,700.0,4700.0,4900.0,0.71,3199999.9999999995,3.3,0.2,0.2,0.0,340.0,0.78,0.0,0.0,0.0,21000.0,1.0,5.4E8,
3.7999999999999996E-35,0.18,1500.0,3100.0,5700.0,3199999.9999999995,1400.0,2200.0,700.0,4700.0,4900.0,0.71,3199999.9999999995,3.3,0.2,0.2,0.0,330.0,0.78,0.0,0.0,0.0,21000.0,1.0,5.4E8,
3.7999999999999996E-35,0.18,1500.0,3100.0,5700.0,3199999.9999999995,1400.0,2200.0,700.0,4700.0,4900.0,0.7,3199999.9999999995,3.3,0.2,0.2,0.0,330.0,0.78,0.0,0.0,0.0,21000.0,1.0,5.4E8,
5.0E-35,0.24,6200.0,5100.0,7400.0,3999999.9999999995,1400.0,2200.0,700.0,4700.0,4900.0,0.72,4099999.9999999995,4.3,0.23,0.23,0.0,340.0,1.0,0.0,0.0,0.0,21000.0,1.0,5.5E8,
5.0E-35,0.24,6200.0,5100.0,7400.0,3999999.9999999995,1400.0,2200.0,700.0,4700.0,4900.0,0.72,3999999.9999999995,4.3,0.23,0.23,0.0,340.0,1.0,0.0,0.0,0.0,21000.0,1.0,5.4E8,
5.6E-35,0.27,7400.0,4600.0,4300.0,3899999.9999999995,1400.0,2200.0,700.0,4700.0,4900.0,0.71,3999999.9999999995,7.4,0.19,0.19,0.0,340.0,0.7,0.0,0.0,0.0,21000.0,1.0,5.4E8,
5.299999999999999E-35,0.25,7400.0,4600.0,4300.0,3199999.9999999995,1400.0,2200.0,700.0,4700.0,4900.0,0.7,3199999.9999999995,7.0,0.18,0.18,0.0,340.0,0.64,0.0,0.0,0.0,21000.0,1.0,5.4E8,
5.2E-35,0.25,7400.0,4600.0,4300.0,3199999.9999999995,1400.0,2200.0,700.0,4700.0,4900.0,0.7,3199999.9999999995,7.0,0.18,0.18,0.0,340.0,0.64,0.0,0.0,0.0,20000.0,1.0,5.4E8,
5.2E-35,0.25,7400.0,4600.0,4300.0,3199999.9999999995,1400.0,2200.0,700.0,4700.0,4900.0,0.7,3199999.9999999995,7.0,0.18,0.18,0.0,330.0,0.64,0.0,0.0,0.0,20000.0,1.0,5.4E8,
5.2E-35,0.25,7400.0,4600.0,4300.0,3099999.9999999995,1400.0,2200.0,700.0,4700.0,4900.0,0.69,3199999.9999999995,6.9,0.18,0.18,0.0,320.0,0.63,0.0,0.0,0.0,20000.0,1.0,5.3E8,
5.2E-35,0.25,7400.0,4600.0,4300.0,3099999.9999999995,1400.0,2200.0,700.0,4700.0,4900.0,0.69,3199999.9999999995,6.9,0.18,0.18,0.0,320.0,0.63,0.0,0.0,0.0,20000.0,1.0,5.3E8,
2.9E-34,1.4,4400.0,32000.0,2900.0,4300000.0,1400.0,2200.0,700.0,4700.0,4900.0,0.74,4400000.0,43.0,0.26,0.26,0.0,390.0,2.9,0.0,0.0,0.0,22000.0,1.0,5.5E8,
6.6E-35,0.32,4400.0,1800.0,2900.0,4200000.0,1400.0,2200.0,700.0,4700.0,4900.0,0.74,4200000.0,9.8,0.19,0.19,0.0,390.0,2.9,0.0,0.0,0.0,21000.0,1.0,5.5E8,
6.6E-35,0.31,4300.0,1800.0,2900.0,4200000.0,1400.0,2200.0,700.0,4700.0,4800.0,0.74,4200000.0,9.8,0.19,0.19,0.0,390.0,2.8,0.0,0.0,0.0,21000.0,1.0,5.5E8,
6.1E-35,0.29,4300.0,1800.0,2900.0,3599999.9999999995,1400.0,2200.0,690.0,4700.0,4800.0,0.73,3599999.9999999995,9.1,0.18,0.18,0.0,390.0,2.6,0.0,0.0,0.0,21000.0,1.0,5.5E8,
5.9E-35,0.28,4300.0,1800.0,2900.0,3199999.9999999995,1400.0,2200.0,690.0,4700.0,4800.0,0.72,3299999.9999999995,8.7,0.17,0.17,0.0,390.0,2.5,0.0,0.0,0.0,21000.0,1.0,5.4E8,
5.799999999999999E-35,0.28,4300.0,1800.0,2900.0,3199999.9999999995,1400.0,2200.0,690.0,4700.0,4800.0,0.72,3199999.9999999995,8.6,0.17,0.17,0.0,390.0,2.4,0.0,0.0,0.0,21000.0,1.0,5.4E8,
5.799999999999999E-35,0.28,4300.0,1800.0,2900.0,3199999.9999999995,1400.0,2200.0,690.0,4700.0,4800.0,0.72,3199999.9999999995,8.6,0.17,0.17,0.0,390.0,2.4,0.0,0.0,0.0,21000.0,1.0,5.4E8,
5.799999999999999E-35,0.28,4300.0,1800.0,2900.0,3199999.9999999995,1400.0,2200.0,690.0,4700.0,4800.0,0.71,3199999.9999999995,8.6,0.17,0.17,0.0,390.0,2.4,0.0,0.0,0.0,21000.0,1.0,5.4E8,
5.799999999999999E-35,0.28,4300.0,1800.0,2900.0,3199999.9999999995,1400.0,2200.0,690.0,4700.0,4800.0,0.71,3199999.9999999995,8.6,0.17,0.17,0.0,380.0,2.4,0.0,0.0,0.0,21000.0,1.0,5.4E8,
5.799999999999999E-35,0.28,4300.0,1800.0,2900.0,3199999.9999999995,1400.0,2200.0,690.0,4700.0,4800.0,0.71,3199999.9999999995,8.6,0.17,0.17,0.0,380.0,2.4,0.0,0.0,0.0,21000.0,1.0,5.4E8,
5.799999999999999E-35,0.28,4300.0,1800.0,2900.0,3199999.9999999995,1400.0,2200.0,690.0,4700.0,4800.0,0.71,3199999.9999999995,8.6,0.17,0.17,0.0,380.0,2.4,0.0,0.0,0.0,21000.0,1.0,5.4E8,
5.799999999999999E-35,0.28,4300.0,1800.0,2900.0,3199999.9999999995,1400.0,2200.0,690.0,4700.0,4800.0,0.7,3199999.9999999995,8.6,0.17,0.17,0.0,380.0,2.4,0.0,0.0,0.0,20000.0,1.0,5.4E8,
5.799999999999999E-35,0.28,4300.0,1800.0,2900.0,3199999.9999999995,1400.0,2200.0,690.0,4700.0,4800.0,0.7,3199999.9999999995,8.6,0.17,0.17,0.0,380.0,2.4,0.0,0.0,0.0,20000.0,1.0,5.4E8,
5.799999999999999E-35,0.28,4300.0,1800.0,2900.0,3199999.9999999995,1400.0,2200.0,690.0,4700.0,4800.0,0.7,3199999.9999999995,8.6,0.17,0.17,0.0,380.0,2.4,0.0,0.0,0.0,20000.0,1.0,5.4E8,
5.799999999999999E-35,0.28,4300.0,1800.0,2900.0,3199999.9999999995,1400.0,2200.0,690.0,4700.0,4800.0,0.7,3199999.9999999995,8.6,0.17,0.17,0.0,370.0,2.4,0.0,0.0,0.0,20000.0,1.0,5.3E8,
5.799999999999999E-35,0.28,4300.0,1800.0,2900.0,3199999.9999999995,1400.0,2200.0,690.0,4700.0,4800.0,0.69,3199999.9999999995,8.6,0.17,0.17,0.0,370.0,2.4,0.0,0.0,0.0,20000.0,1.0,5.3E8,
5.799999999999999E-35,0.28,4300.0,1800.0,2900.0,3199999.9999999995,1400.0,2200.0,690.0,4700.0,4800.0,0.69,3199999.9999999995,8.6,0.17,0.17,0.0,370.0,2.4,0.0,0.0,0.0,20000.0,1.0,5.3E8,
5.799999999999999E-35,0.28,4300.0,1800.0,2900.0,3199999.9999999995,1400.0,2200.0,690.0,4700.0,4800.0,0.69,3199999.9999999995,8.6,0.17,0.17,0.0,370.0,2.4,0.0,0.0,0.0,20000.0,1.0,5.3E8,
3.5999999999999997E-35,0.17,13000.0,3900.0,1200.0,4200000.0,1400.0,2200.0,690.0,12000.0,4800.0,0.71,4300000.0,3.9,0.2,0.2,0.0,390.0,2.0,0.0,0.0,0.0,21000.0,1.0,5.4E8,
3.5E-35,0.16,800.0,3900.0,1200.0,3799999.9999999995,1400.0,2200.0,690.0,4700.0,4800.0,0.7,3899999.9999999995,3.7,0.19,0.19,0.0,380.0,1.9,0.0,0.0,0.0,20000.0,1.0,5.4E8,
2.9E-34,1.4,9900.0,92000.0,530.0,4300000.0,1400.0,2200.0,690.0,4700.0,4800.0,0.71,4400000.0,30.0,0.3,0.3,0.0,390.0,1.6,0.0,0.0,0.0,21000.0,1.0,5.5E8,
1.7999999999999998E-35,0.084,2400.0,1100.0,530.0,4200000.0,1400.0,2200.0,690.0,4700.0,4800.0,0.71,4200000.0,1.8,0.15,0.15,0.0,390.0,1.6,0.0,0.0,0.0,21000.0,1.0,5.5E8,
1.6999999999999999E-35,0.079,2400.0,1100.0,530.0,3899999.9999999995,1400.0,2200.0,690.0,4700.0,4800.0,0.7,3999999.9999999995,1.7,0.15,0.15,0.0,390.0,1.5,0.0,0.0,0.0,20000.0,1.0,5.4E8,
1.5E-35,0.074,2400.0,1100.0,530.0,3499999.9999999995,1400.0,2200.0,690.0,4700.0,4800.0,0.7,3499999.9999999995,1.6,0.14,0.14,0.0,390.0,1.4,0.0,0.0,0.0,20000.0,1.0,5.4E8,
1.5E-35,0.071,2400.0,1100.0,530.0,3299999.9999999995,1400.0,2200.0,690.0,4700.0,4800.0,0.69,3399999.9999999995,1.5,0.14,0.14,0.0,390.0,1.3,0.0,0.0,0.0,20000.0,1.0,5.4E8,
1.4E-35,0.069,2400.0,1100.0,530.0,3199999.9999999995,1400.0,2200.0,690.0,4700.0,4800.0,0.69,3199999.9999999995,1.5,0.13,0.13,0.0,390.0,1.2,0.0,0.0,0.0,20000.0,1.0,5.4E8,
1.4E-35,0.068,2400.0,1100.0,530.0,3199999.9999999995,1400.0,2200.0,690.0,4700.0,4800.0,0.69,3199999.9999999995,1.5,0.13,0.13,0.0,390.0,1.2,0.0,0.0,0.0,20000.0,1.0,5.4E8,
2.5E-35,0.12,3600.0,2700.0,1300.0,4400000.0,2900.0,2200.0,690.0,4700.0,2100.0,0.71,4500000.0,2.4,0.13,0.13,0.0,410.0,1.7,0.0,0.0,0.0,21000.0,1.0,5.5E8,
2.5E-35,0.12,3600.0,2700.0,1300.0,4200000.0,2900.0,2200.0,690.0,4700.0,2100.0,0.71,4300000.0,2.3,0.13,0.13,0.0,410.0,1.6,0.0,0.0,0.0,21000.0,1.0,5.5E8,
2.3999999999999999E-35,0.11,3600.0,2700.0,1300.0,3999999.9999999995,2900.0,2200.0,690.0,4600.0,2100.0,0.7,3999999.9999999995,2.2,0.12,0.12,0.0,410.0,1.5,0.0,0.0,0.0,20000.0,1.0,5.5E8,
2.3E-35,0.11,3600.0,2700.0,1300.0,3699999.9999999995,2900.0,2200.0,690.0,4600.0,2100.0,0.7,3699999.9999999995,2.2,0.12,0.12,0.0,410.0,1.5,0.0,0.0,0.0,20000.0,1.0,5.4E8,
2.2E-35,0.11,3600.0,2700.0,1200.0,3399999.9999999995,2900.0,2200.0,680.0,4600.0,2100.0,0.69,3499999.9999999995,2.1,0.11,0.11,0.0,400.0,1.4,0.0,0.0,0.0,20000.0,1.0,5.4E8,
2.1E-35,0.1,3600.0,2700.0,1200.0,3199999.9999999995,2900.0,2100.0,680.0,4600.0,2100.0,0.69,3199999.9999999995,2.0,0.11,0.11,0.0,400.0,1.3,0.0,0.0,0.0,20000.0,1.0,5.4E8,
2.1E-35,0.1,3600.0,2700.0,1200.0,3199999.9999999995,2900.0,2100.0,680.0,4600.0,2100.0,0.68,3199999.9999999995,2.0,0.11,0.11,0.0,400.0,1.3,0.0,0.0,0.0,20000.0,1.0,5.4E8,
2.1E-35,0.1,3600.0,2700.0,1200.0,3199999.9999999995,2900.0,2100.0,680.0,4600.0,2100.0,0.68,3199999.9999999995,2.0,0.11,0.11,0.0,400.0,1.3,0.0,0.0,0.0,20000.0,1.0,5.4E8,
2.1E-35,0.1,3600.0,2700.0,1200.0,3199999.9999999995,2900.0,2100.0,680.0,4600.0,2100.0,0.68,3199999.9999999995,2.0,0.11,0.11,0.0,400.0,1.3,0.0,0.0,0.0,20000.0,1.0,5.4E8,
2.1E-35,0.1,3600.0,2700.0,1200.0,3199999.9999999995,2900.0,2100.0,680.0,4600.0,2100.0,0.68,3199999.9999999995,2.0,0.11,0.11,0.0,390.0,1.3,0.0,0.0,0.0,20000.0,1.0,5.4E8,
2.1E-35,0.1,3600.0,2700.0,1200.0,3199999.9999999995,2900.0,2100.0,680.0,4600.0,2100.0,0.67,3199999.9999999995,2.0,0.11,0.11,0.0,390.0,1.3,0.0,0.0,0.0,20000.0,1.0,5.4E8,
2.1E-35,0.1,3600.0,2700.0,1200.0,3199999.9999999995,2900.0,2100.0,680.0,4600.0,2100.0,0.67,3199999.9999999995,2.0,0.11,0.11,0.0,390.0,1.3,0.0,0.0,0.0,20000.0,1.0,5.4E8,
2.1E-35,0.1,3600.0,2700.0,1200.0,3199999.9999999995,2900.0,2100.0,680.0,4600.0,2100.0,0.67,3199999.9999999995,2.0,0.11,0.11,0.0,390.0,1.3,0.0,0.0,0.0,19000.0,1.0,5.4E8,
2.1E-35,0.1,3600.0,2700.0,1200.0,3099999.9999999995,2900.0,2100.0,680.0,4600.0,2100.0,0.67,3199999.9999999995,2.0,0.11,0.11,0.0,390.0,1.3,0.0,0.0,0.0,19000.0,1.0,5.3E8,
2.1E-35,0.1,3600.0,2700.0,1200.0,3099999.9999999995,2900.0,2100.0,680.0,4600.0,2100.0,0.66,3199999.9999999995,2.0,0.11,0.11,0.0,390.0,1.3,0.0,0.0,0.0,19000.0,1.0,5.3E8,
2.1E-35,0.1,3600.0,2700.0,1200.0,3099999.9999999995,2900.0,2100.0,680.0,4600.0,2100.0,0.66,3199999.9999999995,2.0,0.11,0.11,0.0,390.0,1.3,0.0,0.0,0.0,19000.0,1.0,5.3E8,
2.1E-35,0.1,3600.0,2700.0,1200.0,3099999.9999999995,2900.0,2100.0,680.0,4600.0,2100.0,0.66,3199999.9999999995,2.0,0.11,0.11,0.0,390.0,1.3,0.0,0.0,0.0,19000.0,1.0,5.3E8,
2.1E-35,0.1,3600.0,2700.0,1200.0,3099999.9999999995,2900.0,2100.0,680.0,4600.0,2100.0,0.66,3199999.9999999995,2.0,0.11,0.11,0.0,390.0,1.3,0.0,0.0,0.0,19000.0,1.0,5.3E8,
2.1E-35,0.1,3600.0,2700.0,1200.0,3099999.9999999995,2900.0,2100.0,680.0,4600.0,2100.0,0.66,3199999.9999999995,2.0,0.11,0.11,0.0,390.0,1.3,0.0,0.0,0.0,19000.0,1.0,5.3E8,
2.1E-35,0.1,3600.0,2700.0,1200.0,3099999.9999999995,2900.0,2100.0,680.0,4600.0,2100.0,0.65,3199999.9999999995,2.0,0.11,0.11,0.0,380.0,1.3,0.0,0.0,0.0,19000.0,1.0,5.3E8,
2.1E-35,0.1,3600.0,2700.0,1200.0,3099999.9999999995,2900.0,2100.0,680.0,4600.0,2100.0,0.65,3199999.9999999995,2.0,0.11,0.11,0.0,380.0,1.3,0.0,0.0,0.0,19000.0,1.0,5.3E8,
2.1E-35,0.1,3600.0,2700.0,1200.0,3099999.9999999995,2900.0,2100.0,680.0,4600.0,2100.0,0.65,3199999.9999999995,2.0,0.11,0.11,0.0,380.0,1.3,0.0,0.0,0.0,19000.0,1.0,5.3E8,
2.1E-35,0.1,3600.0,2700.0,1200.0,3099999.9999999995,2900.0,2100.0,680.0,4600.0,2100.0,0.65,3199999.9999999995,2.0,0.11,0.11,0.0,380.0,1.3,0.0,0.0,0.0,19000.0,1.0,5.3E8,
2.1E-35,0.1,3600.0,2700.0,1200.0,3099999.9999999995,2900.0,2100.0,680.0,4600.0,2100.0,0.65,3199999.9999999995,2.0,0.11,0.11,0.0,380.0,1.3,0.0,0.0,0.0,19000.0,1.0,5.3E8,
2.1E-35,0.1,3600.0,2700.0,1200.0,3099999.9999999995,2900.0,2100.0,680.0,4600.0,2100.0,0.64,3199999.9999999995,2.0,0.11,0.11,0.0,370.0,1.3,0.0,0.0,0.0,19000.0,1.0,5.3E8,
2.1E-35,0.1,3600.0,2700.0,1200.0,3099999.9999999995,2900.0,2100.0,680.0,4600.0,2100.0,0.64,3199999.9999999995,2.0,0.11,0.11,0.0,370.0,1.3,0.0,0.0,0.0,19000.0,1.0,5.3E8,
2.1E-35,0.1,3600.0,2700.0,1200.0,3099999.9999999995,2900.0,2100.0,680.0,4600.0,2100.0,0.64,3199999.9999999995,2.0,0.11,0.11,0.0,370.0,1.3,0.0,0.0,0.0,19000.0,1.0,5.3E8,
2.1E-35,0.1,3600.0,2700.0,1200.0,3099999.9999999995,2900.0,2100.0,680.0,4600.0,2100.0,0.64,3199999.9999999995,2.0,0.11,0.11,0.0,370.0,1.3,0.0,0.0,0.0,19000.0,1.0,5.3E8,
2.1E-35,0.1,3600.0,2700.0,1200.0,3099999.9999999995,2900.0,2100.0,680.0,4600.0,2100.0,0.64,3199999.9999999995,2.0,0.11,0.11,0.0,370.0,1.3,0.0,0.0,0.0,19000.0,1.0,5.3E8,
2.1E-35,0.1,3600.0,2700.0,1200.0,3099999.9999999995,2900.0,2100.0,680.0,4600.0,2100.0,0.64,3199999.9999999995,2.0,0.11,0.11,0.0,370.0,1.3,0.0,0.0,0.0,19000.0,1.0,5.3E8,
3.5E-35,0.17,6100.0,1600.0,4700.0,4200000.0,2900.0,2100.0,680.0,4600.0,3200.0,0.66,4200000.0,3.8,0.18,0.18,0.0,420.0,1.1,0.0,0.0,0.0,19000.0,1.0,5.4E8,
3.3999999999999997E-35,0.16,6100.0,1600.0,4700.0,3799999.9999999995,2800.0,2100.0,680.0,4600.0,3200.0,0.65,3799999.9999999995,3.7,0.17,0.17,0.0,420.0,1.1,0.0,0.0,0.0,19000.0,1.0,5.4E8,
3.7999999999999996E-35,0.18,5000.0,1600.0,5600.0,4200000.0,2800.0,2100.0,680.0,4600.0,1300.0,0.65,4200000.0,4.1,0.29,0.29,0.0,430.0,1.1,0.0,0.0,0.0,19000.0,1.0,5.4E8,
3.7E-35,0.18,5000.0,1600.0,5600.0,3799999.9999999995,2800.0,2100.0,680.0,4600.0,1300.0,0.65,3799999.9999999995,4.0,0.27,0.27,0.0,430.0,1.1,0.0,0.0,0.0,19000.0,1.0,5.4E8,
3.5E-35,0.17,5000.0,1600.0,5600.0,3199999.9999999995,2800.0,2100.0,680.0,4600.0,1300.0,0.64,3199999.9999999995,3.7,0.24,0.24,0.0,430.0,0.99,0.0,0.0,0.0,19000.0,1.0,5.3E8,
3.5E-35,0.17,5000.0,1600.0,5600.0,3199999.9999999995,2800.0,2100.0,680.0,4600.0,1300.0,0.64,3199999.9999999995,3.7,0.24,0.24,0.0,430.0,0.99,0.0,0.0,0.0,19000.0,1.0,5.3E8,
3.5E-35,0.17,5000.0,1600.0,5600.0,3199999.9999999995,2800.0,2100.0,680.0,4600.0,1300.0,0.64,3199999.9999999995,3.7,0.24,0.24,0.0,430.0,0.99,0.0,0.0,0.0,19000.0,1.0,5.3E8,
3.5E-35,0.17,5000.0,1600.0,5600.0,3199999.9999999995,2800.0,2100.0,680.0,4600.0,1300.0,0.63,3199999.9999999995,3.7,0.24,0.24,0.0,430.0,0.99,0.0,0.0,0.0,18000.0,1.0,5.3E8,
3.5E-35,0.17,5000.0,1600.0,5600.0,3099999.9999999995,2800.0,2100.0,680.0,4600.0,1300.0,0.63,3199999.9999999995,3.7,0.24,0.24,0.0,430.0,0.99,0.0,0.0,0.0,18000.0,1.0,5.3E8,
3.5E-35,0.16,5000.0,1600.0,5600.0,3099999.9999999995,2800.0,2100.0,680.0,4600.0,1300.0,0.63,3199999.9999999995,3.7,0.24,0.24,0.0,430.0,0.99,0.0,0.0,0.0,18000.0,1.0,5.3E8,
3.5E-35,0.16,5000.0,1600.0,5600.0,3099999.9999999995,2800.0,2100.0,680.0,4600.0,1300.0,0.63,3199999.9999999995,3.7,0.24,0.24,0.0,420.0,0.99,0.0,0.0,0.0,18000.0,1.0,5.3E8,
3.5E-35,0.16,5000.0,1600.0,5600.0,3099999.9999999995,2800.0,2100.0,680.0,4600.0,1300.0,0.63,3199999.9999999995,3.7,0.24,0.24,0.0,420.0,0.99,0.0,0.0,0.0,18000.0,1.0,5.3E8,
3.5E-35,0.16,5000.0,1600.0,5600.0,3099999.9999999995,2800.0,2100.0,680.0,4600.0,1300.0,0.62,3199999.9999999995,3.7,0.24,0.24,0.0,410.0,0.99,0.0,0.0,0.0,18000.0,1.0,5.3E8,
3.5E-35,0.16,5000.0,1600.0,5600.0,3099999.9999999995,2800.0,2100.0,680.0,4600.0,1300.0,0.62,3199999.9999999995,3.7,0.24,0.24,0.0,410.0,0.99,0.0,0.0,0.0,18000.0,1.0,5.3E8,
3.5E-35,0.16,5000.0,1600.0,5600.0,3099999.9999999995,2800.0,2100.0,680.0,4600.0,1300.0,0.62,3199999.9999999995,3.7,0.24,0.24,0.0,410.0,0.99,0.0,0.0,0.0,18000.0,1.0,5.3E8,
3.5E-35,0.16,5000.0,1600.0,5600.0,3099999.9999999995,2800.0,2100.0,680.0,4600.0,1300.0,0.62,3199999.9999999995,3.7,0.24,0.24,0.0,410.0,0.99,0.0,0.0,0.0,18000.0,1.0,5.3E8,
3.5E-35,0.16,5000.0,1600.0,5600.0,3099999.9999999995,2800.0,2100.0,680.0,4600.0,1300.0,0.62,3199999.9999999995,3.7,0.24,0.24,0.0,400.0,0.99,0.0,0.0,0.0,18000.0,1.0,5.3E8,
3.5E-35,0.16,5000.0,1600.0,5600.0,3099999.9999999995,2800.0,2100.0,680.0,4600.0,1300.0,0.62,3199999.9999999995,3.7,0.24,0.24,0.0,400.0,0.99,0.0,0.0,0.0,18000.0,1.0,5.3E8,
3.5E-35,0.16,5000.0,1600.0,5600.0,3099999.9999999995,2800.0,2100.0,680.0,4600.0,1300.0,0.62,3199999.9999999995,3.7,0.24,0.24,0.0,400.0,0.99,0.0,0.0,0.0,18000.0,1.0,5.3E8,
3.5E-35,0.16,5000.0,1600.0,5600.0,3099999.9999999995,2800.0,2100.0,680.0,4600.0,1300.0,0.61,3199999.9999999995,3.7,0.24,0.24,0.0,390.0,0.99,0.0,0.0,0.0,18000.0,1.0,5.3E8,
3.5E-35,0.16,5000.0,1600.0,5600.0,3099999.9999999995,2800.0,2100.0,680.0,4600.0,1300.0,0.61,3199999.9999999995,3.7,0.24,0.24,0.0,390.0,0.99,0.0,0.0,0.0,18000.0,1.0,5.3E8,
3.5E-35,0.16,5000.0,1600.0,5600.0,3099999.9999999995,2800.0,2100.0,680.0,4600.0,1300.0,0.61,3199999.9999999995,3.7,0.24,0.24,0.0,390.0,0.99,0.0,0.0,0.0,18000.0,1.0,5.3E8,
3.5E-35,0.16,5000.0,1600.0,5600.0,3099999.9999999995,2800.0,2100.0,680.0,4600.0,1300.0,0.61,3199999.9999999995,3.7,0.24,0.24,0.0,390.0,0.99,0.0,0.0,0.0,18000.0,1.0,5.3E8,
3.5E-35,0.16,5000.0,1600.0,5600.0,3099999.9999999995,2800.0,2100.0,680.0,4600.0,1300.0,0.61,3199999.9999999995,3.7,0.24,0.24,0.0,390.0,0.99,0.0,0.0,0.0,18000.0,1.0,5.3E8,
3.5E-35,0.16,5000.0,1600.0,5600.0,3099999.9999999995,2800.0,2100.0,680.0,4600.0,1300.0,0.61,3199999.9999999995,3.7,0.24,0.24,0.0,390.0,0.99,0.0,0.0,0.0,18000.0,1.0,5.3E8,
3.5E-35,0.16,5000.0,1600.0,5600.0,3099999.9999999995,2800.0,2100.0,680.0,4600.0,1300.0,0.6,3199999.9999999995,3.7,0.24,0.24,0.0,380.0,0.99,0.0,0.0,0.0,18000.0,1.0,5.3E8,
2.2E-34,1.0,1800.0,49000.0,6700.0,3899999.9999999995,34000.0,2100.0,680.0,4600.0,1300.0,0.61,3999999.9999999995,27.0,0.37,0.37,0.0,400.0,1.1,0.0,0.0,0.0,18000.0,1.0,5.4E8,
5.299999999999999E-35,0.25,1800.0,3800.0,6700.0,3899999.9999999995,810.0,2100.0,670.0,4600.0,1300.0,0.61,3999999.9999999995,6.6,0.22,0.22,0.0,400.0,1.1,0.0,0.0,0.0,18000.0,1.0,5.4E8,
5.2E-35,0.25,1800.0,3800.0,6600.0,3599999.9999999995,810.0,2100.0,670.0,4600.0,1300.0,0.61,3599999.9999999995,6.5,0.2,0.2,0.0,410.0,1.0,0.0,0.0,0.0,18000.0,1.0,5.3E8,
5.0E-35,0.24,1800.0,3800.0,6600.0,3099999.9999999995,810.0,2100.0,670.0,4600.0,1200.0,0.6,3199999.9999999995,6.3,0.19,0.19,0.0,410.0,0.99,0.0,0.0,0.0,17000.0,1.0,5.3E8,
5.0E-35,0.24,1800.0,3800.0,6600.0,3099999.9999999995,810.0,2100.0,670.0,4600.0,1200.0,0.6,3199999.9999999995,6.3,0.19,0.19,0.0,400.0,0.99,0.0,0.0,0.0,17000.0,1.0,5.3E8,
5.0E-35,0.24,1800.0,3800.0,6600.0,3099999.9999999995,810.0,2100.0,670.0,4600.0,1200.0,0.59,3199999.9999999995,6.3,0.19,0.19,0.0,390.0,0.99,0.0,0.0,0.0,17000.0,1.0,5.3E8,
5.0E-35,0.24,1800.0,3800.0,6600.0,3099999.9999999995,810.0,2100.0,670.0,4600.0,1200.0,0.59,3099999.9999999995,6.3,0.19,0.19,0.0,390.0,0.99,0.0,0.0,0.0,17000.0,1.0,5.2E8,
5.0E-35,0.24,1800.0,3800.0,6600.0,3099999.9999999995,810.0,2100.0,670.0,4600.0,1200.0,0.59,3099999.9999999995,6.3,0.19,0.19,0.0,390.0,0.99,0.0,0.0,0.0,17000.0,1.0,5.2E8,
5.0E-35,0.24,1800.0,3800.0,6600.0,3099999.9999999995,810.0,2100.0,670.0,4600.0,1200.0,0.59,3099999.9999999995,6.3,0.19,0.19,0.0,390.0,0.99,0.0,0.0,0.0,17000.0,1.0,5.2E8,
5.0E-35,0.24,1800.0,3800.0,6600.0,3099999.9999999995,810.0,2100.0,670.0,4600.0,1200.0,0.59,3099999.9999999995,6.3,0.19,0.19,0.0,380.0,0.99,0.0,0.0,0.0,17000.0,1.0,5.2E8,
5.0E-35,0.24,1800.0,3800.0,6600.0,3099999.9999999995,810.0,2100.0,670.0,4600.0,1200.0,0.58,3099999.9999999995,6.3,0.19,0.19,0.0,380.0,0.99,0.0,0.0,0.0,17000.0,1.0,5.2E8,
5.0E-35,0.24,1800.0,3800.0,6600.0,3099999.9999999995,810.0,2100.0,670.0,4600.0,1200.0,0.58,3099999.9999999995,6.3,0.19,0.19,0.0,370.0,0.99,0.0,0.0,0.0,17000.0,1.0,5.2E8,
5.0E-35,0.24,1800.0,3800.0,6600.0,3099999.9999999995,810.0,2100.0,670.0,4600.0,1200.0,0.58,3099999.9999999995,6.3,0.19,0.19,0.0,370.0,0.99,0.0,0.0,0.0,17000.0,1.0,5.2E8,
5.0E-35,0.24,1800.0,3800.0,6600.0,3099999.9999999995,810.0,2100.0,670.0,4600.0,1200.0,0.58,3099999.9999999995,6.3,0.19,0.19,0.0,370.0,0.99,0.0,0.0,0.0,17000.0,1.0,5.2E8,
5.0E-35,0.24,1800.0,3800.0,6600.0,3099999.9999999995,810.0,2100.0,670.0,4600.0,1200.0,0.58,3099999.9999999995,6.3,0.19,0.19,0.0,360.0,0.99,0.0,0.0,0.0,17000.0,1.0,5.2E8,
5.0E-35,0.24,1800.0,3800.0,6600.0,3099999.9999999995,810.0,2100.0,670.0,4600.0,1200.0,0.57,3099999.9999999995,6.3,0.19,0.19,0.0,360.0,0.99,0.0,0.0,0.0,17000.0,1.0,5.2E8,
5.0E-35,0.24,1800.0,3800.0,6600.0,3099999.9999999995,810.0,2100.0,670.0,4600.0,1200.0,0.57,3099999.9999999995,6.3,0.19,0.19,0.0,360.0,0.99,0.0,0.0,0.0,17000.0,1.0,5.2E8,
5.0E-35,0.24,1800.0,3800.0,6600.0,3099999.9999999995,810.0,2100.0,670.0,4600.0,1200.0,0.57,3099999.9999999995,6.3,0.19,0.19,0.0,360.0,0.99,0.0,0.0,0.0,17000.0,1.0,5.2E8,
5.0E-35,0.24,1800.0,3800.0,6600.0,3099999.9999999995,810.0,2100.0,670.0,4600.0,1200.0,0.57,3099999.9999999995,6.3,0.19,0.19,0.0,360.0,0.99,0.0,0.0,0.0,17000.0,1.0,5.2E8,
3.2E-34,1.5,14000.0,73000.0,42000.0,3999999.9999999995,810.0,2100.0,670.0,4600.0,1200.0,0.58,4099999.9999999995,35.0,0.53,0.53,0.0,370.0,2.3,0.0,0.0,0.0,17000.0,1.0,5.3E8,
2.8999999999999997E-35,0.14,1600.0,2500.0,4300.0,3999999.9999999995,810.0,2100.0,670.0,4500.0,1200.0,0.58,3999999.9999999995,3.2,0.19,0.19,0.0,380.0,0.41,0.0,0.0,0.0,17000.0,1.0,5.3E8,
2.8E-35,0.13,1600.0,2500.0,4300.0,3599999.9999999995,800.0,2100.0,670.0,4500.0,1200.0,0.57,3599999.9999999995,3.1,0.17,0.17,0.0,370.0,0.39,0.0,0.0,0.0,17000.0,1.0,5.3E8,
2.7E-35,0.13,1600.0,2500.0,4300.0,3299999.9999999995,800.0,2100.0,670.0,4500.0,1200.0,0.57,3299999.9999999995,3.0,0.17,0.17,0.0,380.0,0.37,0.0,0.0,0.0,17000.0,1.0,5.3E8,
2.7E-35,0.13,1600.0,2500.0,4300.0,3099999.9999999995,800.0,2100.0,670.0,4500.0,1200.0,0.57,3199999.9999999995,2.9,0.16,0.16,0.0,370.0,0.36,0.0,0.0,0.0,17000.0,1.0,5.3E8,
2.7E-35,0.13,1600.0,2500.0,4300.0,3099999.9999999995,800.0,2100.0,670.0,4500.0,1200.0,0.56,3199999.9999999995,2.9,0.16,0.16,0.0,370.0,0.36,0.0,0.0,0.0,16000.0,1.0,5.3E8,
2.7E-35,0.13,1600.0,2500.0,4300.0,3099999.9999999995,800.0,2100.0,670.0,4500.0,1200.0,0.56,3199999.9999999995,2.9,0.16,0.16,0.0,370.0,0.36,0.0,0.0,0.0,16000.0,1.0,5.3E8,
2.7E-35,0.13,1600.0,2500.0,4300.0,3099999.9999999995,800.0,2100.0,670.0,4500.0,1200.0,0.56,3199999.9999999995,2.9,0.16,0.16,0.0,360.0,0.36,0.0,0.0,0.0,16000.0,1.0,5.3E8,
7.3E-35,0.35,4600.0,8900.0,5700.0,3999999.9999999995,800.0,2100.0,670.0,4500.0,1200.0,0.57,4099999.9999999995,8.0,0.2,0.2,0.0,370.0,0.42,0.0,0.0,0.0,17000.0,1.0,5.4E8,
4.2E-35,0.2,4600.0,1400.0,5700.0,3699999.9999999995,800.0,2100.0,660.0,4500.0,1200.0,0.57,3799999.9999999995,4.6,0.17,0.17,0.0,370.0,0.41,0.0,0.0,0.0,17000.0,1.0,5.3E8,
4.0999999999999997E-35,0.19,4600.0,1300.0,5700.0,3399999.9999999995,790.0,2100.0,660.0,4500.0,1200.0,0.57,3499999.9999999995,4.5,0.16,0.16,0.0,380.0,0.39,0.0,0.0,0.0,17000.0,1.0,5.3E8,
4.0E-35,0.19,4600.0,1300.0,5700.0,3199999.9999999995,790.0,2100.0,660.0,4500.0,1200.0,0.56,3199999.9999999995,4.4,0.15,0.15,0.0,370.0,0.38,0.0,0.0,0.0,16000.0,1.0,5.3E8,
4.0E-35,0.19,4600.0,1300.0,5700.0,3099999.9999999995,790.0,2100.0,660.0,4500.0,1200.0,0.56,3199999.9999999995,4.4,0.15,0.15,0.0,370.0,0.38,0.0,0.0,0.0,16000.0,1.0,5.3E8,
4.0E-35,0.19,4600.0,1300.0,5700.0,3099999.9999999995,790.0,2100.0,660.0,4500.0,1200.0,0.56,3199999.9999999995,4.4,0.15,0.15,0.0,370.0,0.38,0.0,0.0,0.0,16000.0,1.0,5.3E8,
4.0E-35,0.19,4600.0,1300.0,5700.0,3099999.9999999995,790.0,2100.0,660.0,4500.0,1200.0,0.56,3199999.9999999995,4.4,0.15,0.15,0.0,360.0,0.38,0.0,0.0,0.0,16000.0,1.0,5.3E8,
4.0E-35,0.19,4600.0,1300.0,5700.0,3099999.9999999995,790.0,2100.0,660.0,4500.0,1200.0,0.55,3199999.9999999995,4.3,0.15,0.15,0.0,350.0,0.38,0.0,0.0,0.0,16000.0,1.0,5.3E8,
4.0E-35,0.19,4600.0,1300.0,5700.0,3099999.9999999995,790.0,2100.0,660.0,4500.0,1200.0,0.55,3199999.9999999995,4.3,0.15,0.15,0.0,350.0,0.38,0.0,0.0,0.0,16000.0,1.0,5.3E8,
4.0E-35,0.19,4600.0,1300.0,5700.0,3099999.9999999995,790.0,2100.0,660.0,4500.0,1200.0,0.55,3199999.9999999995,4.3,0.15,0.15,0.0,350.0,0.38,0.0,0.0,0.0,16000.0,1.0,5.3E8,
4.0E-35,0.19,4600.0,1300.0,5700.0,3099999.9999999995,790.0,2100.0,660.0,4500.0,1200.0,0.55,3199999.9999999995,4.3,0.15,0.15,0.0,350.0,0.38,0.0,0.0,0.0,16000.0,1.0,5.3E8,
4.0E-35,0.19,4600.0,1300.0,5700.0,3099999.9999999995,790.0,2100.0,660.0,4500.0,1200.0,0.55,3199999.9999999995,4.3,0.15,0.15,0.0,350.0,0.38,0.0,0.0,0.0,16000.0,1.0,5.3E8,
4.0E-35,0.19,4600.0,1300.0,5700.0,3099999.9999999995,790.0,2100.0,660.0,4500.0,1200.0,0.55,3199999.9999999995,4.3,0.15,0.15,0.0,350.0,0.38,0.0,0.0,0.0,16000.0,1.0,5.3E8,
4.0E-35,0.19,4600.0,1300.0,5700.0,3099999.9999999995,790.0,2100.0,660.0,4500.0,1200.0,0.55,3199999.9999999995,4.3,0.15,0.15,0.0,350.0,0.38,0.0,0.0,0.0,16000.0,1.0,5.3E8,
4.0E-35,0.19,4600.0,1300.0,5700.0,3099999.9999999995,790.0,2100.0,660.0,4500.0,1200.0,0.55,3199999.9999999995,4.3,0.15,0.15,0.0,350.0,0.38,0.0,0.0,0.0,16000.0,1.0,5.3E8,
4.0E-35,0.19,4600.0,1300.0,5700.0,3099999.9999999995,790.0,2100.0,660.0,4500.0,1200.0,0.54,3199999.9999999995,4.3,0.15,0.15,0.0,350.0,0.38,0.0,0.0,0.0,16000.0,1.0,5.3E8,
1.4E-34,0.65,24000.0,34000.0,7500.0,3999999.9999999995,790.0,2100.0,660.0,4500.0,1200.0,0.56,4099999.9999999995,17.0,0.2,0.2,0.0,370.0,0.52,0.0,0.0,0.0,16000.0,1.0,5.4E8,
3.7999999999999996E-35,0.18,6900.0,1200.0,7500.0,3999999.9999999995,790.0,2100.0,660.0,4500.0,1200.0,0.55,3999999.9999999995,4.7,0.13,0.13,0.0,370.0,0.52,0.0,0.0,0.0,16000.0,1.0,5.4E8,
3.7E-35,0.18,6900.0,1200.0,7500.0,3699999.9999999995,790.0,2100.0,660.0,4500.0,1200.0,0.55,3699999.9999999995,4.6,0.12,0.12,0.0,370.0,0.5,0.0,0.0,0.0,16000.0,1.0,5.3E8,
3.7E-35,0.17,6900.0,1200.0,7400.0,3499999.9999999995,790.0,2100.0,660.0,4500.0,1200.0,0.54,3499999.9999999995,4.5,0.12,0.12,0.0,360.0,0.49,0.0,0.0,0.0,16000.0,1.0,5.3E8,
3.5999999999999997E-35,0.17,6900.0,1200.0,7400.0,3099999.9999999995,790.0,2100.0,660.0,4400.0,1200.0,0.54,3199999.9999999995,4.4,0.11,0.11,0.0,360.0,0.47,0.0,0.0,0.0,16000.0,1.0,5.3E8,
3.5999999999999997E-35,0.17,6900.0,1200.0,7400.0,3099999.9999999995,790.0,2100.0,660.0,4400.0,1200.0,0.54,3199999.9999999995,4.4,0.11,0.11,0.0,360.0,0.47,0.0,0.0,0.0,16000.0,1.0,5.3E8,
3.5999999999999997E-35,0.17,6900.0,1200.0,7400.0,3099999.9999999995,790.0,2100.0,660.0,4400.0,1200.0,0.54,3199999.9999999995,4.4,0.11,0.11,0.0,360.0,0.47,0.0,0.0,0.0,16000.0,1.0,5.3E8,
3.5999999999999997E-35,0.17,6900.0,1200.0,7400.0,3099999.9999999995,790.0,2100.0,660.0,4400.0,1200.0,0.53,3199999.9999999995,4.4,0.11,0.11,0.0,360.0,0.47,0.0,0.0,0.0,16000.0,1.0,5.3E8,
3.5999999999999997E-35,0.17,6900.0,1200.0,7400.0,3099999.9999999995,790.0,2100.0,660.0,4400.0,1200.0,0.53,3199999.9999999995,4.4,0.11,0.11,0.0,350.0,0.47,0.0,0.0,0.0,16000.0,1.0,5.3E8,
3.5999999999999997E-35,0.17,6900.0,1200.0,7400.0,3099999.9999999995,790.0,2100.0,660.0,4400.0,1200.0,0.53,3199999.9999999995,4.4,0.11,0.11,0.0,350.0,0.47,0.0,0.0,0.0,16000.0,1.0,5.3E8,
3.5999999999999997E-35,0.17,6900.0,1200.0,7400.0,3099999.9999999995,790.0,2100.0,660.0,4400.0,1200.0,0.53,3099999.9999999995,4.4,0.11,0.11,0.0,350.0,0.47,0.0,0.0,0.0,15000.0,1.0,5.2E8,
3.5E-35,0.17,6800.0,1200.0,7400.0,3099999.9999999995,790.0,2100.0,660.0,4400.0,1200.0,0.53,3099999.9999999995,4.3,0.11,0.11,0.0,350.0,0.47,0.0,0.0,0.0,15000.0,1.0,5.2E8,
3.5E-35,0.17,6800.0,1200.0,7400.0,3099999.9999999995,790.0,2100.0,660.0,4400.0,1200.0,0.52,3099999.9999999995,4.3,0.11,0.11,0.0,350.0,0.47,0.0,0.0,0.0,15000.0,1.0,5.2E8,
3.5E-35,0.17,6800.0,1200.0,7400.0,3099999.9999999995,790.0,2100.0,660.0,4400.0,1200.0,0.52,3099999.9999999995,4.3,0.11,0.11,0.0,340.0,0.47,0.0,0.0,0.0,15000.0,1.0,5.2E8,
3.5E-35,0.17,6800.0,1200.0,7400.0,3099999.9999999995,790.0,2100.0,660.0,4400.0,1200.0,0.52,3099999.9999999995,4.3,0.11,0.11,0.0,340.0,0.47,0.0,0.0,0.0,15000.0,1.0,5.2E8,
3.5E-35,0.17,6800.0,1200.0,7400.0,3099999.9999999995,790.0,2100.0,660.0,4400.0,1200.0,0.52,3099999.9999999995,4.3,0.11,0.11,0.0,340.0,0.47,0.0,0.0,0.0,15000.0,1.0,5.1E8,
3.5E-35,0.17,6800.0,1200.0,7400.0,3099999.9999999995,790.0,2100.0,660.0,4400.0,1200.0,0.52,3099999.9999999995,4.3,0.11,0.11,0.0,340.0,0.47,0.0,0.0,0.0,15000.0,1.0,5.1E8,
3.5E-35,0.17,6800.0,1200.0,7400.0,3099999.9999999995,790.0,2100.0,660.0,4400.0,1200.0,0.52,3099999.9999999995,4.3,0.11,0.11,0.0,340.0,0.47,0.0,0.0,0.0,15000.0,1.0,5.1E8,
3.5E-35,0.17,6800.0,1200.0,7400.0,3099999.9999999995,790.0,2100.0,660.0,4400.0,1200.0,0.52,3099999.9999999995,4.3,0.11,0.11,0.0,340.0,0.47,0.0,0.0,0.0,15000.0,1.0,5.1E8,
3.5E-35,0.17,6800.0,1200.0,7400.0,3099999.9999999995,790.0,2100.0,660.0,4400.0,1200.0,0.52,3099999.9999999995,4.3,0.11,0.11,0.0,340.0,0.47,0.0,0.0,0.0,15000.0,1.0,5.1E8,
3.5E-35,0.17,6800.0,1200.0,7400.0,3099999.9999999995,790.0,2100.0,660.0,4400.0,1200.0,0.51,3099999.9999999995,4.3,0.11,0.11,0.0,330.0,0.47,0.0,0.0,0.0,15000.0,1.0,5.1E8,
3.5E-35,0.17,6800.0,1200.0,7400.0,3099999.9999999995,790.0,2100.0,660.0,4400.0,1200.0,0.51,3099999.9999999995,4.3,0.11,0.11,0.0,330.0,0.47,0.0,0.0,0.0,15000.0,1.0,5.1E8,
3.5E-35,0.17,6800.0,1200.0,7400.0,3099999.9999999995,790.0,2100.0,660.0,4400.0,1200.0,0.51,3099999.9999999995,4.3,0.11,0.11,0.0,330.0,0.47,0.0,0.0,0.0,15000.0,1.0,5.1E8,
3.5E-35,0.17,6800.0,1200.0,7400.0,3099999.9999999995,790.0,2100.0,660.0,4400.0,1200.0,0.51,3099999.9999999995,4.3,0.11,0.11,0.0,330.0,0.47,0.0,0.0,0.0,15000.0,1.0,5.1E8,
3.5E-35,0.17,6800.0,1200.0,7400.0,3099999.9999999995,790.0,2100.0,660.0,4400.0,1200.0,0.51,3099999.9999999995,4.3,0.11,0.11,0.0,330.0,0.47,0.0,0.0,0.0,15000.0,1.0,5.1E8,
3.5E-35,0.17,6800.0,1200.0,7400.0,3099999.9999999995,790.0,2100.0,660.0,4400.0,1200.0,0.51,3099999.9999999995,4.3,0.11,0.11,0.0,320.0,0.47,0.0,0.0,0.0,15000.0,1.0,5.1E8,
3.5E-35,0.17,6800.0,1200.0,7400.0,3099999.9999999995,790.0,2100.0,660.0,4400.0,1200.0,0.5,3099999.9999999995,4.3,0.11,0.11,0.0,320.0,0.47,0.0,0.0,0.0,15000.0,1.0,5.1E8,
3.5E-35,0.17,6800.0,1200.0,7400.0,3099999.9999999995,790.0,2100.0,660.0,4400.0,1200.0,0.5,3099999.9999999995,4.3,0.11,0.11,0.0,320.0,0.47,0.0,0.0,0.0,15000.0,1.0,5.1E8,
3.5E-35,0.17,6800.0,1200.0,7400.0,3099999.9999999995,790.0,2100.0,660.0,4400.0,1200.0,0.5,3099999.9999999995,4.3,0.11,0.11,0.0,320.0,0.47,0.0,0.0,0.0,15000.0,1.0,5.1E8,
3.5E-35,0.17,6800.0,1200.0,7400.0,3099999.9999999995,790.0,2100.0,660.0,4400.0,1200.0,0.5,3099999.9999999995,4.3,0.11,0.11,0.0,320.0,0.47,0.0,0.0,0.0,15000.0,1.0,5.1E8,
3.5E-35,0.17,6800.0,1200.0,7400.0,3099999.9999999995,790.0,2100.0,660.0,4400.0,1200.0,0.5,3099999.9999999995,4.3,0.11,0.11,0.0,320.0,0.47,0.0,0.0,0.0,15000.0,1.0,5.1E8,
3.5E-35,0.17,6800.0,1200.0,7400.0,3099999.9999999995,790.0,2100.0,660.0,4400.0,1200.0,0.5,3099999.9999999995,4.3,0.11,0.11,0.0,320.0,0.47,0.0,0.0,0.0,14000.0,1.0,5.1E8,
3.5E-35,0.17,6800.0,1200.0,7400.0,3099999.9999999995,790.0,2100.0,660.0,4400.0,1200.0,0.49,3099999.9999999995,4.3,0.11,0.11,0.0,320.0,0.47,0.0,0.0,0.0,14000.0,1.0,5.1E8,
3.5E-35,0.17,6800.0,1200.0,7400.0,3099999.9999999995,790.0,2100.0,660.0,4400.0,1200.0,0.49,3099999.9999999995,4.3,0.11,0.11,0.0,310.0,0.47,0.0,0.0,0.0,14000.0,1.0,5.1E8,
3.5E-35,0.17,6800.0,1200.0,7400.0,3099999.9999999995,790.0,2100.0,660.0,4400.0,1200.0,0.49,3099999.9999999995,4.3,0.11,0.11,0.0,310.0,0.47,0.0,0.0,0.0,14000.0,1.0,5.1E8,
3.5E-35,0.17,6800.0,1200.0,7400.0,3099999.9999999995,790.0,2100.0,660.0,4400.0,1200.0,0.49,3099999.9999999995,4.3,0.11,0.11,0.0,310.0,0.47,0.0,0.0,0.0,14000.0,1.0,5.1E8,
3.5E-35,0.17,6800.0,1200.0,7400.0,3099999.9999999995,790.0,2100.0,660.0,4400.0,1200.0,0.49,3099999.9999999995,4.3,0.11,0.11,0.0,310.0,0.47,0.0,0.0,0.0,14000.0,1.0,5.1E8,
3.5E-35,0.17,6800.0,1200.0,7400.0,3099999.9999999995,790.0,2100.0,660.0,4400.0,1200.0,0.49,3099999.9999999995,4.3,0.11,0.11,0.0,310.0,0.47,0.0,0.0,0.0,14000.0,1.0,5.1E8,
3.5E-35,0.17,6800.0,1200.0,7400.0,3099999.9999999995,790.0,2100.0,660.0,4400.0,1200.0,0.49,3099999.9999999995,4.3,0.11,0.11,0.0,310.0,0.47,0.0,0.0,0.0,14000.0,1.0,5.1E8,
3.5E-35,0.17,6800.0,1200.0,7400.0,3099999.9999999995,790.0,2100.0,660.0,4400.0,1200.0,0.49,3099999.9999999995,4.3,0.11,0.11,0.0,300.0,0.47,0.0,0.0,0.0,14000.0,1.0,5.1E8,
3.2E-34,1.5,79000.0,83000.0,21000.0,4400000.0,790.0,2100.0,660.0,4400.0,1200.0,0.54,4600000.0,37.0,0.27,0.27,0.0,390.0,2.3,0.0,0.0,0.0,16000.0,1.0,5.4E8,
2.8999999999999997E-35,0.14,890.0,2600.0,3000.0,4400000.0,790.0,2100.0,650.0,4400.0,1200.0,0.54,4400000.0,3.4,0.1,0.1,0.0,390.0,0.68,0.0,0.0,0.0,16000.0,1.0,5.4E8,
2.8999999999999997E-35,0.14,890.0,2600.0,3000.0,4099999.9999999995,790.0,2100.0,650.0,4400.0,1200.0,0.53,4099999.9999999995,3.3,0.099,0.099,0.0,380.0,0.65,0.0,0.0,0.0,16000.0,1.0,5.4E8,
2.8E-35,0.14,890.0,2600.0,3000.0,4099999.9999999995,780.0,2100.0,650.0,4400.0,1200.0,0.53,4099999.9999999995,3.3,0.098,0.098,0.0,380.0,0.65,0.0,0.0,0.0,15000.0,1.0,5.3E8,
2.8E-35,0.13,890.0,2600.0,3000.0,3899999.9999999995,780.0,2000.0,650.0,4400.0,1200.0,0.53,3899999.9999999995,3.2,0.094,0.094,0.0,380.0,0.63,0.0,0.0,0.0,15000.0,1.0,5.3E8,
2.7E-35,0.13,890.0,2600.0,3000.0,3699999.9999999995,780.0,2000.0,650.0,4400.0,1200.0,0.52,3699999.9999999995,3.1,0.091,0.091,0.0,380.0,0.61,0.0,0.0,0.0,15000.0,1.0,5.3E8,
2.7E-35,0.13,890.0,2600.0,3000.0,3499999.9999999995,780.0,2000.0,650.0,4400.0,1200.0,0.52,3499999.9999999995,3.1,0.088,0.088,0.0,370.0,0.6,0.0,0.0,0.0,15000.0,1.0,5.3E8,
2.6E-35,0.12,880.0,2600.0,3000.0,3199999.9999999995,780.0,2000.0,650.0,4400.0,1200.0,0.52,3199999.9999999995,3.0,0.083,0.083,0.0,370.0,0.57,0.0,0.0,0.0,15000.0,1.0,5.3E8,
2.6E-35,0.12,880.0,2600.0,3000.0,3099999.9999999995,780.0,2000.0,650.0,4400.0,1200.0,0.52,3199999.9999999995,2.9,0.082,0.082,0.0,360.0,0.56,0.0,0.0,0.0,15000.0,1.0,5.3E8,
2.6E-35,0.12,880.0,2600.0,3000.0,3099999.9999999995,780.0,2000.0,650.0,4400.0,1200.0,0.51,3199999.9999999995,2.9,0.082,0.082,0.0,350.0,0.56,0.0,0.0,0.0,15000.0,1.0,5.3E8,
2.6E-35,0.12,880.0,2600.0,3000.0,3099999.9999999995,780.0,2000.0,650.0,4400.0,1200.0,0.51,3199999.9999999995,2.9,0.082,0.082,0.0,350.0,0.56,0.0,0.0,0.0,15000.0,1.0,5.3E8,
2.6E-35,0.12,880.0,2600.0,3000.0,3099999.9999999995,780.0,2000.0,650.0,4400.0,1200.0,0.51,3199999.9999999995,2.9,0.082,0.082,0.0,350.0,0.56,0.0,0.0,0.0,15000.0,1.0,5.3E8,
2.6E-35,0.12,880.0,2600.0,3000.0,3099999.9999999995,780.0,2000.0,650.0,4400.0,1200.0,0.51,3199999.9999999995,2.9,0.082,0.082,0.0,340.0,0.56,0.0,0.0,0.0,15000.0,1.0,5.3E8,
2.6E-35,0.12,880.0,2600.0,3000.0,3099999.9999999995,780.0,2000.0,650.0,4400.0,1200.0,0.51,3199999.9999999995,2.9,0.082,0.082,0.0,340.0,0.56,0.0,0.0,0.0,15000.0,1.0,5.3E8,
2.6E-35,0.12,880.0,2600.0,3000.0,3099999.9999999995,780.0,2000.0,650.0,4400.0,1200.0,0.51,3199999.9999999995,2.9,0.082,0.082,0.0,340.0,0.56,0.0,0.0,0.0,15000.0,1.0,5.3E8,
2.1E-35,0.1,5000.0,1200.0,2000.0,4200000.0,22000.0,3600.0,2600.0,6800.0,4200.0,0.53,4200000.0,2.4,0.15,0.15,0.0,390.0,0.32,0.0,0.0,0.0,15000.0,1.0,5.4E8,
2.3999999999999999E-35,0.11,5000.0,2800.0,5000.0,3999999.9999999995,3900.0,4300.0,3500.0,460.0,4200.0,0.53,4099999.9999999995,2.8,0.13,0.13,0.0,380.0,0.35,0.0,0.0,0.0,15000.0,1.0,5.4E8,
2.3E-35,0.11,5000.0,2800.0,5000.0,3799999.9999999995,3900.0,4300.0,3500.0,460.0,4200.0,0.52,3799999.9999999995,2.7,0.12,0.12,0.0,380.0,0.34,0.0,0.0,0.0,15000.0,1.0,5.4E8,
2.2E-35,0.1,5000.0,2800.0,5000.0,3199999.9999999995,3900.0,4300.0,3500.0,460.0,4200.0,0.52,3299999.9999999995,2.6,0.12,0.12,0.0,380.0,0.32,0.0,0.0,0.0,15000.0,1.0,5.3E8,
2.2E-35,0.1,5000.0,2800.0,5000.0,3099999.9999999995,3900.0,4300.0,3500.0,460.0,4200.0,0.51,3199999.9999999995,2.6,0.11,0.11,0.0,380.0,0.32,0.0,0.0,0.0,15000.0,1.0,5.3E8,
2.2E-35,0.1,5000.0,2800.0,5000.0,3099999.9999999995,3900.0,4300.0,3500.0,460.0,4200.0,0.51,3199999.9999999995,2.6,0.11,0.11,0.0,380.0,0.32,0.0,0.0,0.0,15000.0,1.0,5.3E8,
2.2E-35,0.1,5000.0,2800.0,5000.0,3099999.9999999995,3900.0,4300.0,3500.0,460.0,4200.0,0.51,3199999.9999999995,2.6,0.11,0.11,0.0,380.0,0.32,0.0,0.0,0.0,15000.0,1.0,5.3E8,
2.2E-35,0.1,5000.0,2800.0,5000.0,3099999.9999999995,3900.0,4300.0,3500.0,460.0,4200.0,0.51,3199999.9999999995,2.6,0.11,0.11,0.0,370.0,0.32,0.0,0.0,0.0,15000.0,1.0,5.2E8,
2.2E-35,0.1,5000.0,2800.0,5000.0,3099999.9999999995,3900.0,4300.0,3500.0,460.0,4200.0,0.51,3099999.9999999995,2.6,0.11,0.11,0.0,370.0,0.32,0.0,0.0,0.0,15000.0,1.0,5.2E8,
2.2E-35,0.1,5000.0,2800.0,5000.0,3099999.9999999995,3900.0,4300.0,3500.0,460.0,4200.0,0.5,3099999.9999999995,2.6,0.11,0.11,0.0,370.0,0.32,0.0,0.0,0.0,15000.0,1.0,5.2E8,
2.2E-35,0.1,5000.0,2800.0,5000.0,3099999.9999999995,3900.0,4300.0,3500.0,460.0,4200.0,0.5,3099999.9999999995,2.6,0.11,0.11,0.0,370.0,0.32,0.0,0.0,0.0,15000.0,1.0,5.2E8,
2.2E-35,0.1,5000.0,2800.0,5000.0,3099999.9999999995,3900.0,4300.0,3500.0,460.0,4200.0,0.5,3099999.9999999995,2.6,0.11,0.11,0.0,360.0,0.32,0.0,0.0,0.0,15000.0,1.0,5.2E8,
2.2E-35,0.1,5000.0,2800.0,5000.0,3099999.9999999995,3900.0,4300.0,3500.0,460.0,4200.0,0.5,3099999.9999999995,2.6,0.11,0.11,0.0,360.0,0.32,0.0,0.0,0.0,15000.0,1.0,5.2E8,
2.2E-35,0.1,5000.0,2800.0,5000.0,3099999.9999999995,3900.0,4300.0,3500.0,460.0,4200.0,0.5,3099999.9999999995,2.6,0.11,0.11,0.0,360.0,0.32,0.0,0.0,0.0,15000.0,1.0,5.2E8,
2.2E-35,0.1,5000.0,2800.0,5000.0,3099999.9999999995,3900.0,4300.0,3500.0,460.0,4200.0,0.5,3099999.9999999995,2.6,0.11,0.11,0.0,360.0,0.32,0.0,0.0,0.0,15000.0,1.0,5.2E8,
2.2E-35,0.1,5000.0,2800.0,5000.0,3099999.9999999995,3900.0,4300.0,3500.0,460.0,4200.0,0.5,3099999.9999999995,2.6,0.11,0.11,0.0,360.0,0.32,0.0,0.0,0.0,15000.0,1.0,5.2E8,
2.2E-35,0.1,5000.0,2800.0,5000.0,3099999.9999999995,3900.0,4300.0,3500.0,460.0,4200.0,0.5,3099999.9999999995,2.6,0.11,0.11,0.0,360.0,0.32,0.0,0.0,0.0,15000.0,1.0,5.2E8,
3.3E-35,0.16,800.0,4900.0,2500.0,4099999.9999999995,3900.0,4300.0,3500.0,460.0,2500.0,0.51,4099999.9999999995,3.9,0.038,0.038,0.0,390.0,0.29,0.0,0.0,0.0,15000.0,1.0,5.3E8,
3.3E-35,0.15,800.0,4900.0,2500.0,3799999.9999999995,3900.0,4300.0,3500.0,460.0,2500.0,0.51,3799999.9999999995,3.8,0.036,0.036,0.0,390.0,0.27,0.0,0.0,0.0,15000.0,1.0,5.3E8,
3.1E-35,0.15,800.0,4900.0,2500.0,3399999.9999999995,3900.0,4300.0,3500.0,460.0,2500.0,0.5,3399999.9999999995,3.6,0.034,0.034,0.0,390.0,0.25,0.0,0.0,0.0,15000.0,1.0,5.3E8,
3.1E-35,0.15,800.0,4900.0,2500.0,3199999.9999999995,3900.0,4300.0,3500.0,450.0,2500.0,0.5,3199999.9999999995,3.6,0.033,0.033,0.0,390.0,0.25,0.0,0.0,0.0,15000.0,1.0,5.2E8,
3.1E-35,0.15,800.0,4900.0,2500.0,3099999.9999999995,3900.0,4300.0,3500.0,450.0,2500.0,0.5,3099999.9999999995,3.5,0.033,0.033,0.0,390.0,0.24,0.0,0.0,0.0,15000.0,1.0,5.2E8,
3.1E-35,0.15,800.0,4900.0,2500.0,3099999.9999999995,3900.0,4300.0,3500.0,450.0,2500.0,0.5,3099999.9999999995,3.5,0.033,0.033,0.0,390.0,0.24,0.0,0.0,0.0,14000.0,1.0,5.2E8,
3.1E-35,0.15,800.0,4900.0,2500.0,3099999.9999999995,3900.0,4300.0,3500.0,450.0,2500.0,0.49,3099999.9999999995,3.5,0.033,0.033,0.0,380.0,0.24,0.0,0.0,0.0,14000.0,1.0,5.2E8,
3.1E-35,0.15,800.0,4900.0,2500.0,3099999.9999999995,3900.0,4300.0,3500.0,450.0,2500.0,0.49,3099999.9999999995,3.5,0.033,0.033,0.0,380.0,0.24,0.0,0.0,0.0,14000.0,1.0,5.2E8,
2.3E-34,1.1,1500.0,60000.0,8000.0,4200000.0,3900.0,4300.0,3500.0,450.0,2500.0,0.5,4300000.0,27.0,0.09,0.09,0.0,390.0,0.3,0.0,0.0,0.0,15000.0,1.0,5.3E8,
2.8E-35,0.14,1500.0,4300.0,450.0,4099999.9999999995,3900.0,4300.0,3500.0,450.0,2500.0,0.5,4099999.9999999995,3.4,0.047,0.047,0.0,390.0,0.11,0.0,0.0,0.0,15000.0,1.0,5.3E8,
2.6E-35,0.13,1500.0,4300.0,450.0,3499999.9999999995,3900.0,4300.0,3500.0,450.0,2500.0,0.49,3499999.9999999995,3.2,0.043,0.043,0.0,390.0,0.098,0.0,0.0,0.0,14000.0,1.0,5.3E8,
2.5E-35,0.12,1500.0,4300.0,450.0,3099999.9999999995,3900.0,4300.0,3500.0,450.0,2500.0,0.49,3099999.9999999995,3.0,0.04,0.04,0.0,390.0,0.089,0.0,0.0,0.0,14000.0,1.0,5.2E8,
1.7999999999999998E-35,0.087,1900.0,1500.0,2600.0,4200000.0,7400.0,4300.0,3500.0,450.0,2500.0,0.5,4200000.0,2.1,0.12,0.12,0.0,400.0,0.97,0.0,0.0,0.0,15000.0,1.0,5.4E8,
1.7999999999999998E-35,0.084,1900.0,1500.0,2600.0,3899999.9999999995,7400.0,4300.0,3500.0,450.0,2500.0,0.5,3999999.9999999995,2.0,0.12,0.12,0.0,400.0,0.94,0.0,0.0,0.0,15000.0,1.0,5.3E8,
1.4E-34,0.68,1900.0,50000.0,4000.0,4200000.0,7400.0,4300.0,3500.0,450.0,2400.0,0.5,4200000.0,16.0,0.17,0.17,0.0,400.0,0.97,0.0,0.0,0.0,15000.0,1.0,5.4E8,
2.5E-35,0.12,1900.0,2300.0,4000.0,4200000.0,7400.0,4300.0,3500.0,450.0,2400.0,0.5,4200000.0,2.9,0.1,0.1,0.0,400.0,0.96,0.0,0.0,0.0,15000.0,1.0,5.4E8,
2.3999999999999999E-35,0.11,1900.0,2300.0,4000.0,3499999.9999999995,7300.0,4300.0,3500.0,450.0,2400.0,0.49,3499999.9999999995,2.7,0.093,0.093,0.0,390.0,0.88,0.0,0.0,0.0,14000.0,1.0,5.3E8,
2.3E-35,0.11,1900.0,2200.0,4000.0,3299999.9999999995,7300.0,4300.0,3500.0,450.0,2400.0,0.49,3299999.9999999995,2.7,0.09,0.09,0.0,400.0,0.86,0.0,0.0,0.0,14000.0,1.0,5.3E8,
2.3E-35,0.11,1900.0,2200.0,4000.0,3199999.9999999995,7300.0,4300.0,3500.0,450.0,2400.0,0.49,3199999.9999999995,2.7,0.089,0.089,0.0,390.0,0.85,0.0,0.0,0.0,14000.0,1.0,5.3E8,
2.3E-35,0.11,1900.0,2200.0,4000.0,3099999.9999999995,7300.0,4300.0,3500.0,450.0,2400.0,0.48,3199999.9999999995,2.6,0.088,0.088,0.0,390.0,0.84,0.0,0.0,0.0,14000.0,1.0,5.3E8,
2.3E-35,0.11,1900.0,2200.0,4000.0,3099999.9999999995,7300.0,4300.0,3500.0,450.0,2400.0,0.48,3199999.9999999995,2.6,0.088,0.088,0.0,390.0,0.84,0.0,0.0,0.0,14000.0,1.0,5.3E8,
2.3E-35,0.11,1900.0,2200.0,4000.0,3099999.9999999995,7300.0,4300.0,3500.0,450.0,2400.0,0.48,3199999.9999999995,2.6,0.088,0.088,0.0,390.0,0.84,0.0,0.0,0.0,14000.0,1.0,5.3E8,
2.3E-35,0.11,1900.0,2200.0,4000.0,3099999.9999999995,7300.0,4300.0,3500.0,450.0,2400.0,0.48,3199999.9999999995,2.6,0.088,0.088,0.0,390.0,0.84,0.0,0.0,0.0,14000.0,1.0,5.3E8,
2.3E-35,0.11,1900.0,2200.0,4000.0,3099999.9999999995,7300.0,4300.0,3500.0,450.0,2400.0,0.48,3199999.9999999995,2.6,0.088,0.088,0.0,380.0,0.84,0.0,0.0,0.0,14000.0,1.0,5.3E8,
2.3E-35,0.11,1900.0,2200.0,4000.0,3099999.9999999995,7300.0,4300.0,3500.0,450.0,2400.0,0.48,3199999.9999999995,2.6,0.088,0.088,0.0,380.0,0.84,0.0,0.0,0.0,14000.0,1.0,5.3E8,
2.3E-35,0.11,1900.0,2200.0,4000.0,3099999.9999999995,7300.0,4300.0,3500.0,450.0,2400.0,0.47,3199999.9999999995,2.6,0.088,0.088,0.0,370.0,0.84,0.0,0.0,0.0,14000.0,1.0,5.3E8,
2.3E-35,0.11,1900.0,2200.0,4000.0,3099999.9999999995,7300.0,4300.0,3500.0,450.0,2400.0,0.47,3199999.9999999995,2.6,0.088,0.088,0.0,370.0,0.84,0.0,0.0,0.0,14000.0,1.0,5.3E8,
2.3E-35,0.11,1900.0,2200.0,4000.0,3099999.9999999995,7300.0,4300.0,3500.0,450.0,2400.0,0.47,3199999.9999999995,2.6,0.088,0.088,0.0,360.0,0.84,0.0,0.0,0.0,14000.0,1.0,5.3E8,
2.3E-35,0.11,1900.0,2200.0,4000.0,3099999.9999999995,7300.0,4300.0,3500.0,450.0,2400.0,0.47,3199999.9999999995,2.6,0.088,0.088,0.0,360.0,0.84,0.0,0.0,0.0,14000.0,1.0,5.3E8,
1.4E-34,0.66,1800.0,50000.0,7000.0,3999999.9999999995,4400.0,4200.0,3400.0,450.0,2400.0,0.48,4099999.9999999995,16.0,0.19,0.19,0.0,380.0,0.95,0.0,0.0,0.0,14000.0,1.0,5.4E8,
3.3999999999999997E-35,0.16,1800.0,4400.0,7000.0,3599999.9999999995,4400.0,4200.0,3400.0,440.0,2400.0,0.47,3699999.9999999995,3.9,0.11,0.11,0.0,380.0,0.91,0.0,0.0,0.0,14000.0,1.0,5.3E8,
3.3999999999999997E-35,0.16,1800.0,4400.0,7000.0,3399999.9999999995,4400.0,4200.0,3400.0,440.0,2400.0,0.47,3399999.9999999995,3.9,0.11,0.11,0.0,380.0,0.88,0.0,0.0,0.0,14000.0,1.0,5.3E8,
3.3E-35,0.16,1800.0,4400.0,7000.0,3099999.9999999995,4400.0,4200.0,3400.0,440.0,2400.0,0.47,3199999.9999999995,3.8,0.1,0.1,0.0,370.0,0.86,0.0,0.0,0.0,14000.0,1.0,5.3E8,
3.3E-35,0.16,1800.0,4400.0,7000.0,3099999.9999999995,4400.0,4200.0,3400.0,440.0,2400.0,0.47,3199999.9999999995,3.8,0.1,0.1,0.0,370.0,0.86,0.0,0.0,0.0,14000.0,1.0,5.3E8,
3.3E-35,0.16,1800.0,4400.0,7000.0,3099999.9999999995,4400.0,4200.0,3400.0,440.0,2400.0,0.47,3199999.9999999995,3.8,0.1,0.1,0.0,370.0,0.86,0.0,0.0,0.0,14000.0,1.0,5.3E8,
6.4E-35,0.31,1800.0,25000.0,7500.0,3999999.9999999995,4400.0,4200.0,3400.0,440.0,2400.0,0.47,4099999.9999999995,7.3,0.13,0.13,0.0,380.0,0.94,0.0,0.0,0.0,14000.0,1.0,5.4E8,
2.3999999999999999E-35,0.11,1800.0,2000.0,7500.0,3899999.9999999995,4400.0,4200.0,3400.0,440.0,2400.0,0.47,3999999.9999999995,2.7,0.094,0.094,0.0,380.0,0.93,0.0,0.0,0.0,14000.0,1.0,5.4E8,
2.2E-35,0.11,1800.0,2000.0,7500.0,3099999.9999999995,4400.0,4200.0,3400.0,440.0,2400.0,0.46,3199999.9999999995,2.6,0.084,0.084,0.0,380.0,0.87,0.0,0.0,0.0,14000.0,1.0,5.3E8,
2.2E-35,0.11,1800.0,2000.0,7500.0,3099999.9999999995,4400.0,4200.0,3400.0,440.0,2400.0,0.46,3199999.9999999995,2.5,0.084,0.084,0.0,380.0,0.87,0.0,0.0,0.0,14000.0,1.0,5.3E8,
2.2E-35,0.11,1800.0,2000.0,7500.0,3099999.9999999995,4400.0,4200.0,3400.0,440.0,2400.0,0.46,3199999.9999999995,2.5,0.084,0.084,0.0,380.0,0.87,0.0,0.0,0.0,14000.0,1.0,5.3E8,
2.2E-35,0.11,1800.0,2000.0,7500.0,3099999.9999999995,4400.0,4200.0,3400.0,440.0,2400.0,0.46,3199999.9999999995,2.5,0.084,0.084,0.0,380.0,0.87,0.0,0.0,0.0,13000.0,1.0,5.3E8,
2.2E-35,0.11,1800.0,2000.0,7500.0,3099999.9999999995,4400.0,4200.0,3400.0,440.0,2400.0,0.46,3199999.9999999995,2.5,0.084,0.084,0.0,370.0,0.87,0.0,0.0,0.0,13000.0,1.0,5.3E8,
2.2E-35,0.11,1800.0,2000.0,7500.0,3099999.9999999995,4400.0,4200.0,3400.0,440.0,2400.0,0.46,3199999.9999999995,2.5,0.084,0.084,0.0,370.0,0.87,0.0,0.0,0.0,13000.0,1.0,5.3E8,
2.2E-35,0.11,1800.0,2000.0,7500.0,3099999.9999999995,4400.0,4200.0,3400.0,440.0,2400.0,0.45,3199999.9999999995,2.5,0.084,0.084,0.0,370.0,0.87,0.0,0.0,0.0,13000.0,1.0,5.3E8,
2.2E-35,0.11,1800.0,2000.0,7500.0,3099999.9999999995,4400.0,4200.0,3400.0,440.0,2400.0,0.45,3199999.9999999995,2.5,0.084,0.084,0.0,370.0,0.87,0.0,0.0,0.0,13000.0,1.0,5.3E8,
2.2E-35,0.11,1800.0,2000.0,7500.0,3099999.9999999995,4400.0,4200.0,3400.0,440.0,2400.0,0.45,3199999.9999999995,2.5,0.084,0.084,0.0,360.0,0.87,0.0,0.0,0.0,13000.0,1.0,5.3E8,
2.2E-35,0.11,1800.0,2000.0,7500.0,3099999.9999999995,4400.0,4200.0,3400.0,440.0,2400.0,0.45,3199999.9999999995,2.5,0.084,0.084,0.0,360.0,0.87,0.0,0.0,0.0,13000.0,1.0,5.3E8,
2.2E-35,0.11,1800.0,2000.0,7500.0,3099999.9999999995,4400.0,4200.0,3400.0,440.0,2400.0,0.45,3199999.9999999995,2.5,0.084,0.084,0.0,360.0,0.87,0.0,0.0,0.0,13000.0,1.0,5.3E8,
2.2E-35,0.11,1800.0,2000.0,7500.0,3099999.9999999995,4400.0,4200.0,3400.0,440.0,2400.0,0.45,3199999.9999999995,2.5,0.084,0.084,0.0,360.0,0.87,0.0,0.0,0.0,13000.0,1.0,5.3E8,
2.2E-35,0.11,1800.0,2000.0,7500.0,3099999.9999999995,4400.0,4200.0,3400.0,440.0,2400.0,0.45,3199999.9999999995,2.5,0.084,0.084,0.0,360.0,0.87,0.0,0.0,0.0,13000.0,1.0,5.3E8,
2.2E-35,0.11,1800.0,2000.0,7500.0,3099999.9999999995,4400.0,4200.0,3400.0,440.0,2400.0,0.45,3199999.9999999995,2.5,0.084,0.084,0.0,360.0,0.87,0.0,0.0,0.0,13000.0,1.0,5.3E8,
2.2E-35,0.11,1800.0,2000.0,7500.0,3099999.9999999995,4400.0,4200.0,3400.0,440.0,2400.0,0.44,3199999.9999999995,2.5,0.084,0.084,0.0,360.0,0.87,0.0,0.0,0.0,13000.0,1.0,5.3E8,
3.0E-34,1.4,27000.0,99000.0,21000.0,3999999.9999999995,4400.0,4200.0,3400.0,440.0,2400.0,0.46,4099999.9999999995,34.0,0.36,0.36,0.0,380.0,1.4,0.0,0.0,0.0,13000.0,1.0,5.4E8,
2.5E-34,1.2,3900.0,99000.0,3800.0,3999999.9999999995,4400.0,4200.0,3400.0,440.0,2400.0,0.46,4099999.9999999995,29.0,0.32,0.32,0.0,370.0,0.43,0.0,0.0,0.0,13000.0,1.0,5.4E8,
3.2E-35,0.15,3900.0,6000.0,3800.0,3799999.9999999995,4400.0,4200.0,3400.0,440.0,2400.0,0.45,3799999.9999999995,3.7,0.14,0.14,0.0,370.0,0.41,0.0,0.0,0.0,13000.0,1.0,5.4E8,
3.1E-35,0.15,3900.0,6000.0,3800.0,3299999.9999999995,4400.0,4200.0,3400.0,440.0,2400.0,0.45,3299999.9999999995,3.6,0.13,0.13,0.0,370.0,0.38,0.0,0.0,0.0,13000.0,1.0,5.3E8,
3.1E-35,0.15,3900.0,6000.0,3800.0,3199999.9999999995,4400.0,4200.0,3400.0,440.0,2400.0,0.44,3199999.9999999995,3.5,0.13,0.13,0.0,370.0,0.38,0.0,0.0,0.0,13000.0,1.0,5.3E8,
3.1E-35,0.15,3900.0,6000.0,3800.0,3099999.9999999995,4400.0,4200.0,3400.0,440.0,2400.0,0.44,3199999.9999999995,3.5,0.13,0.13,0.0,370.0,0.38,0.0,0.0,0.0,13000.0,1.0,5.3E8,
3.1E-35,0.15,3900.0,6000.0,3800.0,3099999.9999999995,4400.0,4200.0,3400.0,440.0,2400.0,0.44,3199999.9999999995,3.5,0.13,0.13,0.0,360.0,0.38,0.0,0.0,0.0,13000.0,1.0,5.3E8,
3.5E-35,0.17,5100.0,7400.0,3800.0,3899999.9999999995,4300.0,4200.0,3400.0,440.0,2400.0,0.45,3899999.9999999995,4.0,0.14,0.14,0.0,370.0,0.55,0.0,0.0,0.0,13000.0,1.0,5.4E8,
3.3999999999999997E-35,0.16,5100.0,7300.0,3800.0,3599999.9999999995,4300.0,4100.0,3400.0,440.0,2400.0,0.44,3599999.9999999995,3.9,0.14,0.14,0.0,370.0,0.52,0.0,0.0,0.0,13000.0,1.0,5.4E8,
3.3999999999999997E-35,0.16,5100.0,7300.0,3800.0,3299999.9999999995,4300.0,4100.0,3400.0,440.0,2400.0,0.44,3299999.9999999995,3.9,0.13,0.13,0.0,360.0,0.5,0.0,0.0,0.0,13000.0,1.0,5.3E8,
3.3E-35,0.16,5100.0,7300.0,3800.0,3199999.9999999995,4300.0,4100.0,3400.0,440.0,2400.0,0.44,3199999.9999999995,3.8,0.13,0.13,0.0,360.0,0.49,0.0,0.0,0.0,13000.0,1.0,5.3E8,
3.3E-35,0.16,5100.0,7300.0,3700.0,3099999.9999999995,4300.0,4100.0,3400.0,430.0,2400.0,0.43,3199999.9999999995,3.8,0.13,0.13,0.0,360.0,0.49,0.0,0.0,0.0,13000.0,1.0,5.3E8,
3.3E-35,0.16,5100.0,7300.0,3700.0,3099999.9999999995,4300.0,4100.0,3400.0,430.0,2400.0,0.43,3199999.9999999995,3.8,0.13,0.13,0.0,350.0,0.49,0.0,0.0,0.0,13000.0,1.0,5.3E8,
3.3E-35,0.16,5100.0,7300.0,3700.0,3099999.9999999995,4300.0,4100.0,3400.0,430.0,2400.0,0.43,3199999.9999999995,3.8,0.13,0.13,0.0,350.0,0.49,0.0,0.0,0.0,13000.0,1.0,5.3E8,
3.3E-35,0.16,5100.0,7300.0,3700.0,3099999.9999999995,4300.0,4100.0,3400.0,430.0,2400.0,0.43,3199999.9999999995,3.8,0.13,0.13,0.0,350.0,0.49,0.0,0.0,0.0,13000.0,1.0,5.3E8,
3.3E-35,0.16,5100.0,7300.0,3700.0,3099999.9999999995,4300.0,4100.0,3400.0,430.0,2400.0,0.43,3199999.9999999995,3.8,0.13,0.13,0.0,350.0,0.49,0.0,0.0,0.0,13000.0,1.0,5.3E8,
3.3E-35,0.16,5100.0,7300.0,3700.0,3099999.9999999995,4300.0,4100.0,3400.0,430.0,2400.0,0.43,3199999.9999999995,3.8,0.13,0.13,0.0,350.0,0.49,0.0,0.0,0.0,13000.0,1.0,5.3E8,
3.3E-35,0.16,5100.0,7300.0,3700.0,3099999.9999999995,4300.0,4100.0,3400.0,430.0,2400.0,0.42,3199999.9999999995,3.8,0.13,0.13,0.0,340.0,0.49,0.0,0.0,0.0,12000.0,1.0,5.3E8,
3.3E-35,0.16,5100.0,7300.0,3700.0,3099999.9999999995,4300.0,4100.0,3400.0,430.0,2400.0,0.42,3199999.9999999995,3.8,0.13,0.13,0.0,340.0,0.49,0.0,0.0,0.0,12000.0,1.0,5.3E8,
3.3E-35,0.16,5100.0,7300.0,3700.0,3099999.9999999995,4300.0,4100.0,3400.0,430.0,2400.0,0.42,3199999.9999999995,3.8,0.13,0.13,0.0,340.0,0.49,0.0,0.0,0.0,12000.0,1.0,5.3E8,
3.3E-35,0.16,5100.0,7300.0,3700.0,3099999.9999999995,4300.0,4100.0,3400.0,430.0,2400.0,0.42,3199999.9999999995,3.8,0.13,0.13,0.0,340.0,0.49,0.0,0.0,0.0,12000.0,1.0,5.3E8,
3.3E-35,0.16,5100.0,7300.0,3700.0,3099999.9999999995,4300.0,4100.0,3400.0,430.0,2400.0,0.42,3199999.9999999995,3.8,0.13,0.13,0.0,340.0,0.49,0.0,0.0,0.0,12000.0,1.0,5.3E8,
3.3E-35,0.16,5100.0,7300.0,3700.0,3099999.9999999995,4300.0,4100.0,3400.0,430.0,2400.0,0.42,3199999.9999999995,3.8,0.13,0.13,0.0,340.0,0.49,0.0,0.0,0.0,12000.0,1.0,5.3E8,
3.3E-35,0.16,5100.0,7300.0,3700.0,3099999.9999999995,4300.0,4100.0,3400.0,430.0,2400.0,0.42,3199999.9999999995,3.8,0.13,0.13,0.0,340.0,0.49,0.0,0.0,0.0,12000.0,1.0,5.3E8,
3.3E-35,0.16,5100.0,7300.0,3700.0,3099999.9999999995,4300.0,4100.0,3400.0,430.0,2400.0,0.42,3199999.9999999995,3.8,0.13,0.13,0.0,340.0,0.49,0.0,0.0,0.0,12000.0,1.0,5.3E8,
3.3E-35,0.16,5100.0,7300.0,3700.0,3099999.9999999995,4300.0,4100.0,3400.0,430.0,2400.0,0.42,3199999.9999999995,3.8,0.13,0.13,0.0,340.0,0.49,0.0,0.0,0.0,12000.0,1.0,5.3E8,
3.3E-35,0.16,5100.0,7300.0,3700.0,3099999.9999999995,4300.0,4100.0,3400.0,430.0,2400.0,0.41,3199999.9999999995,3.8,0.13,0.13,0.0,340.0,0.49,0.0,0.0,0.0,12000.0,1.0,5.3E8,
3.3E-35,0.16,5100.0,7300.0,3700.0,3099999.9999999995,4300.0,4100.0,3400.0,430.0,2400.0,0.41,3199999.9999999995,3.8,0.13,0.13,0.0,330.0,0.49,0.0,0.0,0.0,12000.0,1.0,5.3E8,
1.6E-34,0.78,12000.0,63000.0,4400.0,3899999.9999999995,4300.0,4100.0,3400.0,430.0,6100.0,0.42,3999999.9999999995,19.0,0.36,0.36,0.0,340.0,0.37,0.0,0.0,0.0,12000.0,1.0,5.4E8,
1.8999999999999998E-35,0.091,4000.0,290.0,4400.0,3599999.9999999995,4300.0,4100.0,3400.0,430.0,6100.0,0.42,3699999.9999999995,2.3,0.22,0.22,0.0,340.0,0.35,0.0,0.0,0.0,12000.0,1.0,5.4E8,
1.7999999999999998E-35,0.088,4000.0,290.0,4400.0,3299999.9999999995,4300.0,4100.0,3400.0,430.0,6100.0,0.41,3399999.9999999995,2.2,0.21,0.21,0.0,340.0,0.34,0.0,0.0,0.0,12000.0,1.0,5.3E8,
8.8E-35,0.42,7000.0,34000.0,2300.0,3999999.9999999995,120000.0,2500.0,380.0,6800.0,1100.0,0.44,4200000.0,10.0,0.17,0.17,0.0,350.0,0.19,0.0,0.0,0.0,13000.0,1.0,5.5E8,
2.3E-35,0.11,7000.0,4200.0,2300.0,3999999.9999999995,1200.0,2500.0,380.0,6800.0,1100.0,0.44,3999999.9999999995,2.6,0.11,0.11,0.0,350.0,0.19,0.0,0.0,0.0,13000.0,1.0,5.5E8,
2.2E-35,0.1,6900.0,4200.0,2300.0,3599999.9999999995,1200.0,2500.0,380.0,6800.0,1100.0,0.43,3599999.9999999995,2.5,0.1,0.1,0.0,350.0,0.18,0.0,0.0,0.0,13000.0,1.0,5.4E8,
2.1E-35,0.1,6900.0,4200.0,2300.0,3199999.9999999995,1200.0,2500.0,380.0,6800.0,1100.0,0.43,3199999.9999999995,2.4,0.094,0.094,0.0,350.0,0.16,0.0,0.0,0.0,13000.0,1.0,5.4E8,
2.1E-35,0.1,6900.0,4200.0,2300.0,3199999.9999999995,1200.0,2500.0,380.0,6800.0,1100.0,0.43,3199999.9999999995,2.4,0.094,0.094,0.0,350.0,0.16,0.0,0.0,0.0,13000.0,1.0,5.4E8,
2.1E-35,0.1,6900.0,4200.0,2300.0,3199999.9999999995,1200.0,2500.0,380.0,6800.0,1100.0,0.43,3199999.9999999995,2.4,0.094,0.094,0.0,350.0,0.16,0.0,0.0,0.0,13000.0,1.0,5.4E8,
2.1E-35,0.1,6900.0,4200.0,2300.0,3199999.9999999995,1200.0,2500.0,380.0,6800.0,1100.0,0.42,3199999.9999999995,2.4,0.094,0.094,0.0,350.0,0.16,0.0,0.0,0.0,13000.0,1.0,5.4E8,
2.1E-35,0.1,6900.0,4200.0,2300.0,3199999.9999999995,1200.0,2500.0,380.0,6800.0,1100.0,0.42,3199999.9999999995,2.4,0.094,0.094,0.0,340.0,0.16,0.0,0.0,0.0,13000.0,1.0,5.4E8,
2.1E-35,0.1,6900.0,4200.0,2300.0,3199999.9999999995,1200.0,2500.0,380.0,6800.0,1100.0,0.42,3199999.9999999995,2.4,0.094,0.094,0.0,340.0,0.16,0.0,0.0,0.0,13000.0,1.0,5.4E8,
6.799999999999999E-35,0.33,40000.0,36000.0,480.0,3999999.9999999995,1200.0,2500.0,380.0,6700.0,3200.0,0.43,3999999.9999999995,7.8,0.33,0.33,0.0,350.0,0.071,0.0,0.0,0.0,13000.0,1.0,5.5E8,
1.3E-35,0.061,100.0,3300.0,480.0,3799999.9999999995,1200.0,2500.0,380.0,6700.0,3200.0,0.43,3799999.9999999995,1.5,0.23,0.23,0.0,350.0,0.068,0.0,0.0,0.0,13000.0,1.0,5.5E8,
1.1999999999999999E-35,0.058,100.0,3300.0,480.0,3399999.9999999995,1200.0,2500.0,380.0,6700.0,3200.0,0.42,3399999.9999999995,1.4,0.21,0.21,0.0,350.0,0.062,0.0,0.0,0.0,13000.0,1.0,5.4E8,
1.1999999999999999E-35,0.056,100.0,3300.0,480.0,3199999.9999999995,1200.0,2400.0,380.0,6700.0,3200.0,0.42,3199999.9999999995,1.3,0.21,0.21,0.0,360.0,0.058,0.0,0.0,0.0,13000.0,1.0,5.4E8,
1.1999999999999999E-35,0.056,100.0,3300.0,480.0,3199999.9999999995,1200.0,2400.0,380.0,6700.0,3200.0,0.42,3199999.9999999995,1.3,0.21,0.21,0.0,360.0,0.058,0.0,0.0,0.0,13000.0,1.0,5.4E8,
1.1999999999999999E-35,0.056,100.0,3300.0,480.0,3199999.9999999995,1200.0,2400.0,380.0,6700.0,3200.0,0.42,3199999.9999999995,1.3,0.21,0.21,0.0,360.0,0.058,0.0,0.0,0.0,13000.0,1.0,5.4E8,
1.1999999999999999E-35,0.056,100.0,3300.0,480.0,3199999.9999999995,1200.0,2400.0,380.0,6700.0,3200.0,0.42,3199999.9999999995,1.3,0.21,0.21,0.0,360.0,0.058,0.0,0.0,0.0,13000.0,1.0,5.4E8,
1.1999999999999999E-35,0.056,100.0,3300.0,480.0,3199999.9999999995,1200.0,2400.0,380.0,6700.0,3200.0,0.42,3199999.9999999995,1.3,0.21,0.21,0.0,360.0,0.058,0.0,0.0,0.0,13000.0,1.0,5.4E8,
1.1999999999999999E-35,0.056,100.0,3300.0,480.0,3199999.9999999995,1200.0,2400.0,380.0,6700.0,3200.0,0.41,3199999.9999999995,1.3,0.21,0.21,0.0,350.0,0.058,0.0,0.0,0.0,13000.0,1.0,5.4E8,
1.3E-34,0.63,1900.0,68000.0,6600.0,3999999.9999999995,1200.0,2400.0,380.0,6700.0,3200.0,0.43,4099999.9999999995,15.0,0.37,0.37,0.0,400.0,1.7,0.0,0.0,0.0,13000.0,1.0,5.5E8,
2.5E-35,0.12,1900.0,4800.0,6600.0,3699999.9999999995,1200.0,2400.0,370.0,6700.0,3200.0,0.43,3699999.9999999995,2.9,0.2,0.2,0.0,400.0,1.7,0.0,0.0,0.0,13000.0,1.0,5.5E8,
2.5E-35,0.12,1900.0,4700.0,6600.0,3599999.9999999995,1200.0,2400.0,370.0,6700.0,3200.0,0.43,3599999.9999999995,2.9,0.2,0.2,0.0,400.0,1.6,0.0,0.0,0.0,13000.0,1.0,5.5E8,
2.5E-35,0.12,1900.0,4700.0,6600.0,3499999.9999999995,1200.0,2400.0,370.0,6600.0,3200.0,0.42,3499999.9999999995,2.8,0.2,0.2,0.0,400.0,1.6,0.0,0.0,0.0,13000.0,1.0,5.5E8,
2.5E-35,0.12,1900.0,4700.0,6600.0,3299999.9999999995,1200.0,2400.0,370.0,6600.0,3200.0,0.42,3299999.9999999995,2.8,0.19,0.19,0.0,400.0,1.6,0.0,0.0,0.0,13000.0,1.0,5.5E8,
2.3999999999999999E-35,0.12,1900.0,4700.0,6600.0,3199999.9999999995,1200.0,2400.0,370.0,6600.0,3200.0,0.42,3199999.9999999995,2.8,0.19,0.19,0.0,390.0,1.6,0.0,0.0,0.0,13000.0,1.0,5.5E8,
2.3999999999999999E-35,0.12,1900.0,4700.0,6600.0,3199999.9999999995,1200.0,2400.0,370.0,6600.0,3200.0,0.42,3199999.9999999995,2.8,0.19,0.19,0.0,390.0,1.6,0.0,0.0,0.0,13000.0,1.0,5.5E8,
2.3999999999999999E-35,0.12,1900.0,4700.0,6600.0,3199999.9999999995,1200.0,2400.0,370.0,6600.0,3200.0,0.42,3199999.9999999995,2.8,0.19,0.19,0.0,390.0,1.6,0.0,0.0,0.0,13000.0,1.0,5.5E8,
2.3999999999999999E-35,0.12,1900.0,4700.0,6600.0,3199999.9999999995,1200.0,2400.0,370.0,6600.0,3200.0,0.42,3199999.9999999995,2.8,0.19,0.19,0.0,390.0,1.6,0.0,0.0,0.0,13000.0,1.0,5.5E8,
2.3999999999999999E-35,0.12,1900.0,4700.0,6600.0,3199999.9999999995,1200.0,2400.0,370.0,6600.0,3200.0,0.41,3199999.9999999995,2.8,0.19,0.19,0.0,390.0,1.6,0.0,0.0,0.0,13000.0,1.0,5.5E8,
2.3999999999999999E-35,0.12,1900.0,4700.0,6600.0,3199999.9999999995,1200.0,2400.0,370.0,6600.0,3200.0,0.41,3199999.9999999995,2.8,0.19,0.19,0.0,390.0,1.6,0.0,0.0,0.0,13000.0,1.0,5.5E8,
2.3999999999999999E-35,0.12,1900.0,4700.0,6600.0,3199999.9999999995,1200.0,2400.0,370.0,6600.0,3200.0,0.41,3199999.9999999995,2.8,0.19,0.19,0.0,380.0,1.6,0.0,0.0,0.0,13000.0,1.0,5.5E8,
2.3999999999999999E-35,0.12,1900.0,4700.0,6600.0,3199999.9999999995,1200.0,2400.0,370.0,6600.0,3100.0,0.41,3199999.9999999995,2.8,0.19,0.19,0.0,380.0,1.6,0.0,0.0,0.0,13000.0,1.0,5.4E8,
2.3999999999999999E-35,0.12,1900.0,4700.0,6600.0,3199999.9999999995,1200.0,2400.0,370.0,6600.0,3100.0,0.41,3199999.9999999995,2.8,0.19,0.19,0.0,380.0,1.6,0.0,0.0,0.0,12000.0,1.0,5.4E8,
2.3999999999999999E-35,0.12,1900.0,4700.0,6600.0,3199999.9999999995,1200.0,2400.0,370.0,6600.0,3100.0,0.41,3199999.9999999995,2.8,0.19,0.19,0.0,380.0,1.6,0.0,0.0,0.0,12000.0,1.0,5.4E8,
2.3999999999999999E-35,0.12,1900.0,4700.0,6600.0,3199999.9999999995,1200.0,2400.0,370.0,6600.0,3100.0,0.41,3199999.9999999995,2.8,0.19,0.19,0.0,380.0,1.6,0.0,0.0,0.0,12000.0,1.0,5.4E8,
2.3999999999999999E-35,0.12,1900.0,4700.0,6600.0,3199999.9999999995,1200.0,2400.0,370.0,6600.0,3100.0,0.41,3199999.9999999995,2.8,0.19,0.19,0.0,380.0,1.6,0.0,0.0,0.0,12000.0,1.0,5.4E8,
2.3999999999999999E-35,0.12,1900.0,4700.0,6600.0,3199999.9999999995,1200.0,2400.0,370.0,6600.0,3100.0,0.4,3199999.9999999995,2.8,0.19,0.19,0.0,370.0,1.6,0.0,0.0,0.0,12000.0,1.0,5.4E8,
2.3999999999999999E-35,0.12,1900.0,4700.0,6600.0,3199999.9999999995,1200.0,2400.0,370.0,6600.0,3100.0,0.4,3199999.9999999995,2.8,0.19,0.19,0.0,370.0,1.6,0.0,0.0,0.0,12000.0,1.0,5.4E8,
2.3999999999999999E-35,0.12,1900.0,4700.0,6600.0,3199999.9999999995,1200.0,2400.0,370.0,6600.0,3100.0,0.4,3199999.9999999995,2.8,0.19,0.19,0.0,370.0,1.6,0.0,0.0,0.0,12000.0,1.0,5.4E8,
2.3999999999999999E-35,0.12,1900.0,4700.0,6600.0,3199999.9999999995,1200.0,2400.0,370.0,6600.0,3100.0,0.4,3199999.9999999995,2.8,0.19,0.19,0.0,370.0,1.6,0.0,0.0,0.0,12000.0,1.0,5.4E8,
2.3999999999999999E-35,0.12,1900.0,4700.0,6600.0,3199999.9999999995,1200.0,2400.0,370.0,6600.0,3100.0,0.4,3199999.9999999995,2.8,0.19,0.19,0.0,370.0,1.6,0.0,0.0,0.0,12000.0,1.0,5.4E8,
2.3999999999999999E-35,0.12,1900.0,4700.0,6600.0,3199999.9999999995,1200.0,2400.0,370.0,6600.0,3100.0,0.4,3199999.9999999995,2.8,0.19,0.19,0.0,360.0,1.6,0.0,0.0,0.0,12000.0,1.0,5.4E8,
2.3999999999999999E-35,0.12,1900.0,4700.0,6600.0,3199999.9999999995,1200.0,2400.0,370.0,6600.0,3100.0,0.4,3199999.9999999995,2.8,0.19,0.19,0.0,350.0,1.6,0.0,0.0,0.0,12000.0,1.0,5.4E8,
2.3999999999999999E-35,0.12,1900.0,4700.0,6600.0,3199999.9999999995,1200.0,2400.0,370.0,6600.0,3100.0,0.4,3199999.9999999995,2.8,0.19,0.19,0.0,350.0,1.6,0.0,0.0,0.0,12000.0,1.0,5.4E8,
2.3999999999999999E-35,0.12,1900.0,4700.0,6600.0,3199999.9999999995,1200.0,2400.0,370.0,6600.0,3100.0,0.4,3199999.9999999995,2.8,0.19,0.19,0.0,350.0,1.6,0.0,0.0,0.0,12000.0,1.0,5.4E8,
2.3999999999999999E-35,0.12,1900.0,4700.0,6600.0,3199999.9999999995,1200.0,2400.0,370.0,6600.0,3100.0,0.39,3199999.9999999995,2.8,0.19,0.19,0.0,350.0,1.6,0.0,0.0,0.0,12000.0,1.0,5.4E8,
2.3999999999999999E-35,0.12,1900.0,4700.0,6600.0,3199999.9999999995,1200.0,2400.0,370.0,6600.0,3100.0,0.39,3199999.9999999995,2.8,0.19,0.19,0.0,350.0,1.6,0.0,0.0,0.0,12000.0,1.0,5.4E8,
2.3999999999999999E-35,0.12,1900.0,4700.0,6600.0,3199999.9999999995,1200.0,2400.0,370.0,6600.0,3100.0,0.39,3199999.9999999995,2.8,0.19,0.19,0.0,350.0,1.6,0.0,0.0,0.0,12000.0,1.0,5.4E8,
2.3999999999999999E-35,0.12,1900.0,4700.0,6600.0,3199999.9999999995,1200.0,2400.0,370.0,6600.0,3100.0,0.39,3199999.9999999995,2.8,0.19,0.19,0.0,350.0,1.6,0.0,0.0,0.0,12000.0,1.0,5.4E8,
2.3999999999999999E-35,0.12,1900.0,4700.0,6600.0,3199999.9999999995,1200.0,2400.0,370.0,6600.0,3100.0,0.39,3199999.9999999995,2.8,0.19,0.19,0.0,350.0,1.6,0.0,0.0,0.0,12000.0,1.0,5.4E8,
2.3999999999999999E-35,0.12,1900.0,4700.0,6600.0,3199999.9999999995,1200.0,2400.0,370.0,6600.0,3100.0,0.39,3199999.9999999995,2.8,0.19,0.19,0.0,350.0,1.6,0.0,0.0,0.0,12000.0,1.0,5.4E8,
2.3999999999999999E-35,0.12,1900.0,4700.0,6600.0,3199999.9999999995,1200.0,2400.0,370.0,6600.0,3100.0,0.39,3199999.9999999995,2.8,0.19,0.19,0.0,350.0,1.6,0.0,0.0,0.0,12000.0,1.0,5.4E8,
2.3999999999999999E-35,0.12,1900.0,4700.0,6600.0,3199999.9999999995,1200.0,2400.0,370.0,6600.0,3100.0,0.38,3199999.9999999995,2.8,0.19,0.19,0.0,350.0,1.6,0.0,0.0,0.0,12000.0,1.0,5.4E8,
2.3999999999999999E-35,0.12,1900.0,4700.0,6600.0,3199999.9999999995,1200.0,2400.0,370.0,6600.0,3100.0,0.38,3199999.9999999995,2.8,0.19,0.19,0.0,340.0,1.6,0.0,0.0,0.0,12000.0,1.0,5.4E8,
2.3999999999999999E-35,0.12,1900.0,4700.0,6600.0,3199999.9999999995,1200.0,2400.0,370.0,6600.0,3100.0,0.38,3199999.9999999995,2.8,0.19,0.19,0.0,340.0,1.6,0.0,0.0,0.0,12000.0,1.0,5.4E8,
2.3999999999999999E-35,0.12,1900.0,4700.0,6600.0,3099999.9999999995,1200.0,2400.0,370.0,6600.0,3100.0,0.38,3199999.9999999995,2.8,0.19,0.19,0.0,340.0,1.6,0.0,0.0,0.0,12000.0,1.0,5.3E8,
2.3999999999999999E-35,0.12,1900.0,4700.0,6600.0,3099999.9999999995,1200.0,2400.0,370.0,6600.0,3100.0,0.38,3199999.9999999995,2.8,0.19,0.19,0.0,340.0,1.6,0.0,0.0,0.0,12000.0,1.0,5.3E8,
2.0E-34,0.97,6100.0,94000.0,17000.0,3799999.9999999995,1200.0,2400.0,370.0,20000.0,6100.0,0.39,3899999.9999999995,23.0,0.4,0.4,0.0,360.0,1.4,0.0,0.0,0.0,12000.0,1.0,5.4E8,
1.6E-34,0.75,6100.0,81000.0,4400.0,3799999.9999999995,1200.0,2400.0,370.0,2700.0,6000.0,0.39,3899999.9999999995,18.0,0.35,0.35,0.0,360.0,0.54,0.0,0.0,0.0,12000.0,1.0,5.4E8,
1.8999999999999998E-35,0.092,6100.0,3000.0,4400.0,3499999.9999999995,1200.0,2400.0,370.0,2700.0,6000.0,0.38,3499999.9999999995,2.2,0.19,0.19,0.0,370.0,0.51,0.0,0.0,0.0,12000.0,1.0,5.3E8,
1.8999999999999998E-35,0.089,6100.0,3000.0,4400.0,3099999.9999999995,1200.0,2400.0,370.0,2700.0,6000.0,0.38,3199999.9999999995,2.1,0.19,0.19,0.0,370.0,0.49,0.0,0.0,0.0,12000.0,1.0,5.3E8,
1.8999999999999998E-35,0.089,6100.0,3000.0,4400.0,3099999.9999999995,1200.0,2400.0,370.0,2700.0,6000.0,0.38,3199999.9999999995,2.1,0.19,0.19,0.0,360.0,0.49,0.0,0.0,0.0,12000.0,1.0,5.3E8,
1.8999999999999998E-35,0.089,6100.0,3000.0,4400.0,3099999.9999999995,1200.0,2400.0,370.0,2700.0,6000.0,0.38,3199999.9999999995,2.1,0.19,0.19,0.0,360.0,0.49,0.0,0.0,0.0,12000.0,1.0,5.3E8,
1.8999999999999998E-35,0.089,6100.0,3000.0,4400.0,3099999.9999999995,1200.0,2400.0,370.0,2700.0,6000.0,0.38,3199999.9999999995,2.1,0.19,0.19,0.0,360.0,0.49,0.0,0.0,0.0,12000.0,1.0,5.3E8,
1.8999999999999998E-35,0.089,6100.0,3000.0,4400.0,3099999.9999999995,1200.0,2400.0,370.0,2700.0,6000.0,0.38,3199999.9999999995,2.1,0.19,0.19,0.0,350.0,0.49,0.0,0.0,0.0,12000.0,1.0,5.3E8,
1.8999999999999998E-35,0.089,6100.0,3000.0,4400.0,3099999.9999999995,1200.0,2400.0,370.0,2700.0,6000.0,0.38,3199999.9999999995,2.1,0.19,0.19,0.0,350.0,0.49,0.0,0.0,0.0,12000.0,1.0,5.3E8,
1.8999999999999998E-35,0.089,6100.0,3000.0,4400.0,3099999.9999999995,1200.0,2400.0,370.0,2700.0,6000.0,0.38,3199999.9999999995,2.1,0.19,0.19,0.0,350.0,0.49,0.0,0.0,0.0,12000.0,1.0,5.3E8,
1.8999999999999998E-35,0.089,6100.0,3000.0,4400.0,3099999.9999999995,1200.0,2400.0,370.0,2700.0,6000.0,0.37,3199999.9999999995,2.1,0.19,0.19,0.0,350.0,0.49,0.0,0.0,0.0,11000.0,1.0,5.3E8,
1.8999999999999998E-35,0.089,6100.0,3000.0,4400.0,3099999.9999999995,1200.0,2400.0,370.0,2700.0,6000.0,0.37,3199999.9999999995,2.1,0.19,0.19,0.0,350.0,0.49,0.0,0.0,0.0,11000.0,1.0,5.3E8,
1.8999999999999998E-35,0.089,6100.0,3000.0,4400.0,3099999.9999999995,1200.0,2400.0,370.0,2700.0,6000.0,0.37,3199999.9999999995,2.1,0.19,0.19,0.0,340.0,0.49,0.0,0.0,0.0,11000.0,1.0,5.3E8,
1.8999999999999998E-35,0.089,6100.0,3000.0,4400.0,3099999.9999999995,1200.0,2400.0,370.0,2700.0,6000.0,0.37,3199999.9999999995,2.1,0.19,0.19,0.0,340.0,0.49,0.0,0.0,0.0,11000.0,1.0,5.3E8,
1.8999999999999998E-35,0.089,6100.0,3000.0,4400.0,3099999.9999999995,1200.0,2400.0,370.0,2700.0,6000.0,0.37,3199999.9999999995,2.1,0.19,0.19,0.0,340.0,0.49,0.0,0.0,0.0,11000.0,1.0,5.3E8,
1.8999999999999998E-35,0.089,6100.0,3000.0,4400.0,3099999.9999999995,1200.0,2400.0,370.0,2700.0,6000.0,0.37,3199999.9999999995,2.1,0.19,0.19,0.0,340.0,0.49,0.0,0.0,0.0,11000.0,1.0,5.3E8,
1.8999999999999998E-35,0.089,6100.0,3000.0,4400.0,3099999.9999999995,1200.0,2400.0,370.0,2700.0,6000.0,0.37,3199999.9999999995,2.1,0.19,0.19,0.0,340.0,0.49,0.0,0.0,0.0,11000.0,1.0,5.3E8,
1.8999999999999998E-35,0.089,6100.0,3000.0,4400.0,3099999.9999999995,1200.0,2400.0,370.0,2700.0,6000.0,0.37,3199999.9999999995,2.1,0.19,0.19,0.0,340.0,0.49,0.0,0.0,0.0,11000.0,1.0,5.3E8,
1.8999999999999998E-35,0.089,6100.0,3000.0,4400.0,3099999.9999999995,1200.0,2400.0,370.0,2700.0,6000.0,0.37,3199999.9999999995,2.1,0.19,0.19,0.0,340.0,0.49,0.0,0.0,0.0,11000.0,1.0,5.3E8,
1.8999999999999998E-35,0.089,6100.0,3000.0,4400.0,3099999.9999999995,1200.0,2400.0,370.0,2700.0,6000.0,0.36,3199999.9999999995,2.1,0.19,0.19,0.0,340.0,0.49,0.0,0.0,0.0,11000.0,1.0,5.3E8,
1.8999999999999998E-35,0.089,6100.0,3000.0,4400.0,3099999.9999999995,1200.0,2400.0,370.0,2700.0,6000.0,0.36,3199999.9999999995,2.1,0.19,0.19,0.0,340.0,0.49,0.0,0.0,0.0,11000.0,1.0,5.3E8,
1.8999999999999998E-35,0.089,6100.0,3000.0,4400.0,3099999.9999999995,1200.0,2400.0,370.0,2700.0,6000.0,0.36,3199999.9999999995,2.1,0.19,0.19,0.0,340.0,0.49,0.0,0.0,0.0,11000.0,1.0,5.3E8,
1.8999999999999998E-35,0.089,6100.0,3000.0,4400.0,3099999.9999999995,1200.0,2400.0,370.0,2700.0,6000.0,0.36,3199999.9999999995,2.1,0.19,0.19,0.0,340.0,0.49,0.0,0.0,0.0,11000.0,1.0,5.3E8,
1.8999999999999998E-35,0.089,6100.0,3000.0,4400.0,3099999.9999999995,1200.0,2400.0,370.0,2700.0,6000.0,0.36,3199999.9999999995,2.1,0.19,0.19,0.0,340.0,0.49,0.0,0.0,0.0,11000.0,1.0,5.3E8,
1.8999999999999998E-35,0.089,6100.0,3000.0,4400.0,3099999.9999999995,1200.0,2400.0,370.0,2700.0,6000.0,0.36,3199999.9999999995,2.1,0.19,0.19,0.0,330.0,0.49,0.0,0.0,0.0,11000.0,1.0,5.3E8,
1.8999999999999998E-35,0.089,6100.0,3000.0,4400.0,3099999.9999999995,1200.0,2400.0,370.0,2700.0,6000.0,0.36,3199999.9999999995,2.1,0.19,0.19,0.0,330.0,0.49,0.0,0.0,0.0,11000.0,1.0,5.3E8,
1.8999999999999998E-35,0.089,6100.0,3000.0,4400.0,3099999.9999999995,1200.0,2400.0,370.0,2700.0,6000.0,0.36,3199999.9999999995,2.1,0.19,0.19,0.0,330.0,0.49,0.0,0.0,0.0,11000.0,1.0,5.3E8,
1.8999999999999998E-35,0.089,6100.0,3000.0,4400.0,3099999.9999999995,1200.0,2400.0,370.0,2700.0,6000.0,0.36,3199999.9999999995,2.1,0.19,0.19,0.0,320.0,0.49,0.0,0.0,0.0,11000.0,1.0,5.3E8,
2.0E-35,0.096,1500.0,4400.0,2900.0,3899999.9999999995,5400.0,3500.0,550.0,68.0,2200.0,0.38,3899999.9999999995,2.3,0.14,0.14,0.0,440.0,0.22,0.0,0.0,0.0,12000.0,1.0,5.5E8,
2.0E-35,0.094,1500.0,4400.0,2900.0,3699999.9999999995,5400.0,3500.0,550.0,68.0,2200.0,0.38,3699999.9999999995,2.3,0.14,0.14,0.0,440.0,0.22,0.0,0.0,0.0,12000.0,1.0,5.4E8,
1.8999999999999998E-35,0.092,1500.0,4400.0,2900.0,3499999.9999999995,5400.0,3500.0,550.0,68.0,2200.0,0.38,3499999.9999999995,2.2,0.13,0.13,0.0,430.0,0.21,0.0,0.0,0.0,12000.0,1.0,5.4E8,
1.8999999999999998E-35,0.089,1500.0,4400.0,2900.0,3199999.9999999995,5400.0,3500.0,550.0,68.0,2200.0,0.37,3199999.9999999995,2.2,0.13,0.13,0.0,430.0,0.2,0.0,0.0,0.0,12000.0,1.0,5.4E8,
1.8999999999999998E-35,0.089,1500.0,4400.0,2900.0,3199999.9999999995,5400.0,3500.0,550.0,68.0,2200.0,0.37,3199999.9999999995,2.2,0.13,0.13,0.0,430.0,0.2,0.0,0.0,0.0,12000.0,1.0,5.4E8,
1.8999999999999998E-35,0.092,3200.0,3200.0,4100.0,3799999.9999999995,5400.0,3500.0,550.0,67.0,2200.0,0.38,3799999.9999999995,2.2,0.13,0.13,0.0,430.0,0.16,0.0,0.0,0.0,12000.0,1.0,5.5E8,
1.8999999999999998E-35,0.089,3200.0,3200.0,4100.0,3499999.9999999995,5400.0,3500.0,550.0,67.0,2200.0,0.37,3499999.9999999995,2.2,0.12,0.12,0.0,430.0,0.15,0.0,0.0,0.0,12000.0,1.0,5.4E8,
1.7999999999999998E-35,0.087,3200.0,3200.0,4100.0,3199999.9999999995,5400.0,3500.0,550.0,67.0,2200.0,0.37,3199999.9999999995,2.1,0.12,0.12,0.0,430.0,0.15,0.0,0.0,0.0,11000.0,1.0,5.4E8,
1.7999999999999998E-35,0.087,3200.0,3200.0,4100.0,3199999.9999999995,5400.0,3500.0,550.0,67.0,2200.0,0.37,3199999.9999999995,2.1,0.12,0.12,0.0,430.0,0.15,0.0,0.0,0.0,11000.0,1.0,5.4E8,
1.7999999999999998E-35,0.087,3200.0,3200.0,4100.0,3199999.9999999995,5400.0,3500.0,550.0,67.0,2200.0,0.37,3199999.9999999995,2.1,0.12,0.12,0.0,430.0,0.15,0.0,0.0,0.0,11000.0,1.0,5.4E8,
1.7999999999999998E-35,0.087,3200.0,3200.0,4100.0,3199999.9999999995,5400.0,3500.0,550.0,67.0,2200.0,0.37,3199999.9999999995,2.1,0.12,0.12,0.0,430.0,0.15,0.0,0.0,0.0,11000.0,1.0,5.4E8,
1.7999999999999998E-35,0.087,3200.0,3200.0,4100.0,3199999.9999999995,5400.0,3500.0,550.0,67.0,2200.0,0.37,3199999.9999999995,2.1,0.12,0.12,0.0,430.0,0.15,0.0,0.0,0.0,11000.0,1.0,5.4E8,
1.7999999999999998E-35,0.087,3200.0,3200.0,4100.0,3199999.9999999995,5400.0,3500.0,550.0,67.0,2200.0,0.36,3199999.9999999995,2.1,0.12,0.12,0.0,430.0,0.15,0.0,0.0,0.0,11000.0,1.0,5.4E8,
1.7999999999999998E-35,0.087,3200.0,3200.0,4100.0,3199999.9999999995,5400.0,3500.0,550.0,67.0,2200.0,0.36,3199999.9999999995,2.1,0.12,0.12,0.0,430.0,0.15,0.0,0.0,0.0,11000.0,1.0,5.3E8,
1.7999999999999998E-35,0.087,3200.0,3200.0,4100.0,3199999.9999999995,5400.0,3500.0,550.0,67.0,2200.0,0.36,3199999.9999999995,2.1,0.12,0.12,0.0,420.0,0.15,0.0,0.0,0.0,11000.0,1.0,5.3E8,
1.7999999999999998E-35,0.086,3200.0,3200.0,4100.0,3199999.9999999995,5400.0,3500.0,550.0,67.0,2200.0,0.36,3199999.9999999995,2.1,0.12,0.12,0.0,420.0,0.15,0.0,0.0,0.0,11000.0,1.0,5.3E8,
1.7999999999999998E-35,0.086,3200.0,3200.0,4100.0,3199999.9999999995,5400.0,3500.0,550.0,67.0,2200.0,0.36,3199999.9999999995,2.1,0.12,0.12,0.0,420.0,0.15,0.0,0.0,0.0,11000.0,1.0,5.3E8,
1.7999999999999998E-35,0.086,3200.0,3200.0,4100.0,3199999.9999999995,5400.0,3500.0,550.0,67.0,2200.0,0.36,3199999.9999999995,2.1,0.12,0.12,0.0,420.0,0.15,0.0,0.0,0.0,11000.0,1.0,5.3E8,
1.7999999999999998E-35,0.086,3200.0,3200.0,4100.0,3199999.9999999995,5400.0,3500.0,550.0,67.0,2200.0,0.36,3199999.9999999995,2.1,0.12,0.12,0.0,420.0,0.15,0.0,0.0,0.0,11000.0,1.0,5.3E8,
1.7999999999999998E-35,0.086,3200.0,3200.0,4100.0,3199999.9999999995,5400.0,3500.0,550.0,67.0,2200.0,0.36,3199999.9999999995,2.1,0.12,0.12,0.0,410.0,0.15,0.0,0.0,0.0,11000.0,1.0,5.3E8,
1.7999999999999998E-35,0.086,3200.0,3200.0,4100.0,3199999.9999999995,5400.0,3500.0,550.0,67.0,2200.0,0.36,3199999.9999999995,2.1,0.12,0.12,0.0,410.0,0.15,0.0,0.0,0.0,11000.0,1.0,5.3E8,
1.7999999999999998E-35,0.086,3200.0,3200.0,4100.0,3199999.9999999995,5400.0,3500.0,550.0,67.0,2200.0,0.36,3199999.9999999995,2.1,0.12,0.12,0.0,410.0,0.15,0.0,0.0,0.0,11000.0,1.0,5.3E8,
1.7999999999999998E-35,0.086,3200.0,3200.0,4100.0,3199999.9999999995,5400.0,3500.0,550.0,67.0,2200.0,0.35,3199999.9999999995,2.1,0.12,0.12,0.0,410.0,0.15,0.0,0.0,0.0,11000.0,1.0,5.3E8,
1.7999999999999998E-35,0.086,3200.0,3200.0,4100.0,3199999.9999999995,5400.0,3500.0,550.0,67.0,2200.0,0.35,3199999.9999999995,2.1,0.12,0.12,0.0,410.0,0.15,0.0,0.0,0.0,11000.0,1.0,5.3E8,
1.7999999999999998E-35,0.086,3200.0,3200.0,4100.0,3199999.9999999995,5400.0,3500.0,550.0,67.0,2200.0,0.35,3199999.9999999995,2.1,0.12,0.12,0.0,410.0,0.15,0.0,0.0,0.0,11000.0,1.0,5.3E8,
3.2E-35,0.15,1100.0,3700.0,12000.0,3799999.9999999995,4900.0,3500.0,550.0,67.0,2200.0,0.36,3799999.9999999995,3.7,0.12,0.12,0.0,430.0,0.81,0.0,0.0,0.0,11000.0,1.0,5.4E8,
1.8999999999999998E-35,0.09,1100.0,3700.0,4400.0,3599999.9999999995,4800.0,3500.0,540.0,67.0,2200.0,0.35,3599999.9999999995,2.2,0.11,0.11,0.0,430.0,0.41,0.0,0.0,0.0,11000.0,1.0,5.4E8,
1.8999999999999998E-35,0.089,1100.0,3700.0,4400.0,3399999.9999999995,4800.0,3500.0,540.0,67.0,2200.0,0.35,3499999.9999999995,2.2,0.1,0.1,0.0,440.0,0.4,0.0,0.0,0.0,11000.0,1.0,5.4E8,
1.7999999999999998E-35,0.087,1100.0,3700.0,4400.0,3199999.9999999995,4800.0,3500.0,540.0,67.0,2200.0,0.35,3199999.9999999995,2.2,0.1,0.1,0.0,430.0,0.39,0.0,0.0,0.0,11000.0,1.0,5.4E8,
1.7999999999999998E-35,0.087,1100.0,3700.0,4400.0,3199999.9999999995,4800.0,3500.0,540.0,67.0,2200.0,0.35,3199999.9999999995,2.2,0.1,0.1,0.0,420.0,0.39,0.0,0.0,0.0,11000.0,1.0,5.4E8,
1.7999999999999998E-35,0.087,1100.0,3700.0,4400.0,3199999.9999999995,4800.0,3500.0,540.0,67.0,2200.0,0.35,3199999.9999999995,2.2,0.1,0.1,0.0,420.0,0.39,0.0,0.0,0.0,11000.0,1.0,5.4E8,
1.7999999999999998E-35,0.087,1100.0,3700.0,4400.0,3199999.9999999995,4800.0,3500.0,540.0,67.0,2200.0,0.35,3199999.9999999995,2.2,0.1,0.1,0.0,420.0,0.39,0.0,0.0,0.0,11000.0,1.0,5.4E8,
1.7999999999999998E-35,0.087,1100.0,3700.0,4400.0,3199999.9999999995,4800.0,3500.0,540.0,67.0,2200.0,0.35,3199999.9999999995,2.2,0.1,0.1,0.0,420.0,0.39,0.0,0.0,0.0,11000.0,1.0,5.4E8,
1.7999999999999998E-35,0.087,1100.0,3700.0,4400.0,3199999.9999999995,4800.0,3500.0,540.0,67.0,2200.0,0.34,3199999.9999999995,2.2,0.1,0.1,0.0,420.0,0.39,0.0,0.0,0.0,11000.0,1.0,5.4E8,
2.0E-34,0.95,14000.0,93000.0,16000.0,3799999.9999999995,4800.0,3500.0,540.0,67.0,2200.0,0.37,3999999.9999999995,24.0,0.25,0.25,0.0,460.0,0.77,0.0,0.0,0.0,11000.0,1.0,5.5E8,
7.4E-35,0.35,14000.0,35000.0,2900.0,3699999.9999999995,4800.0,3500.0,540.0,67.0,2200.0,0.36,3799999.9999999995,8.8,0.14,0.14,0.0,460.0,0.26,0.0,0.0,0.0,11000.0,1.0,5.5E8,
2.0E-35,0.096,1000.0,4700.0,2900.0,3599999.9999999995,4800.0,3500.0,540.0,67.0,2200.0,0.36,3599999.9999999995,2.4,0.097,0.097,0.0,460.0,0.26,0.0,0.0,0.0,11000.0,1.0,5.5E8,
1.8999999999999998E-35,0.093,990.0,4700.0,2900.0,3199999.9999999995,4800.0,3500.0,540.0,66.0,2200.0,0.36,3199999.9999999995,2.3,0.092,0.092,0.0,460.0,0.24,0.0,0.0,0.0,11000.0,1.0,5.4E8,
1.7999999999999998E-35,0.087,3800.0,240.0,6600.0,3599999.9999999995,4800.0,3500.0,540.0,66.0,2200.0,0.36,3699999.9999999995,2.1,0.1,0.1,0.0,460.0,0.26,0.0,0.0,0.0,11000.0,1.0,5.5E8,
1.6E-35,0.076,1200.0,3900.0,1400.0,3699999.9999999995,4800.0,3500.0,540.0,66.0,2200.0,0.36,3799999.9999999995,1.9,0.092,0.092,0.0,460.0,0.11,0.0,0.0,0.0,11000.0,1.0,5.5E8,
1.5E-35,0.073,1200.0,3900.0,1400.0,3399999.9999999995,4800.0,3500.0,540.0,66.0,2200.0,0.36,3399999.9999999995,1.9,0.087,0.087,0.0,460.0,0.1,0.0,0.0,0.0,11000.0,1.0,5.4E8,
1.5E-35,0.072,1200.0,3900.0,1400.0,3299999.9999999995,4800.0,3500.0,540.0,66.0,2200.0,0.36,3299999.9999999995,1.8,0.085,0.085,0.0,450.0,0.099,0.0,0.0,0.0,11000.0,1.0,5.4E8,
1.5E-35,0.072,1200.0,3900.0,1400.0,3199999.9999999995,4800.0,3500.0,540.0,66.0,2200.0,0.35,3199999.9999999995,1.8,0.084,0.084,0.0,450.0,0.098,0.0,0.0,0.0,11000.0,1.0,5.4E8,
1.5E-35,0.072,1200.0,3900.0,1400.0,3199999.9999999995,4800.0,3500.0,540.0,66.0,2200.0,0.35,3199999.9999999995,1.8,0.084,0.084,0.0,450.0,0.098,0.0,0.0,0.0,11000.0,1.0,5.4E8,
1.5E-35,0.072,1200.0,3900.0,1400.0,3199999.9999999995,4800.0,3500.0,540.0,66.0,2200.0,0.35,3199999.9999999995,1.8,0.084,0.084,0.0,450.0,0.098,0.0,0.0,0.0,11000.0,1.0,5.4E8,
1.5E-35,0.072,1200.0,3900.0,1400.0,3199999.9999999995,4800.0,3500.0,540.0,66.0,2200.0,0.35,3199999.9999999995,1.8,0.084,0.084,0.0,450.0,0.098,0.0,0.0,0.0,11000.0,1.0,5.4E8,
1.5E-35,0.072,1200.0,3900.0,1400.0,3199999.9999999995,4800.0,3500.0,540.0,66.0,2200.0,0.35,3199999.9999999995,1.8,0.084,0.084,0.0,450.0,0.098,0.0,0.0,0.0,11000.0,1.0,5.4E8,
1.5E-35,0.072,1200.0,3900.0,1400.0,3199999.9999999995,4800.0,3500.0,540.0,66.0,2200.0,0.35,3199999.9999999995,1.8,0.084,0.084,0.0,450.0,0.098,0.0,0.0,0.0,11000.0,1.0,5.4E8,
1.5E-35,0.072,1200.0,3900.0,1400.0,3199999.9999999995,4800.0,3500.0,540.0,66.0,2200.0,0.35,3199999.9999999995,1.8,0.084,0.084,0.0,450.0,0.098,0.0,0.0,0.0,11000.0,1.0,5.4E8,
1.5E-35,0.072,1200.0,3900.0,1400.0,3199999.9999999995,4800.0,3500.0,540.0,66.0,2200.0,0.35,3199999.9999999995,1.8,0.084,0.084,0.0,440.0,0.098,0.0,0.0,0.0,11000.0,1.0,5.4E8,
1.5E-35,0.072,1200.0,3900.0,1400.0,3199999.9999999995,4800.0,3500.0,540.0,66.0,2200.0,0.35,3199999.9999999995,1.8,0.084,0.084,0.0,440.0,0.098,0.0,0.0,0.0,11000.0,1.0,5.4E8,
1.5E-35,0.072,1200.0,3900.0,1400.0,3199999.9999999995,4800.0,3500.0,540.0,66.0,2200.0,0.35,3199999.9999999995,1.8,0.084,0.084,0.0,440.0,0.098,0.0,0.0,0.0,11000.0,1.0,5.4E8,
1.5E-35,0.072,1200.0,3900.0,1400.0,3199999.9999999995,4800.0,3500.0,540.0,66.0,2200.0,0.35,3199999.9999999995,1.8,0.084,0.084,0.0,430.0,0.098,0.0,0.0,0.0,11000.0,1.0,5.4E8,
1.5E-35,0.072,1200.0,3900.0,1400.0,3199999.9999999995,4800.0,3500.0,540.0,66.0,2200.0,0.34,3199999.9999999995,1.8,0.084,0.084,0.0,430.0,0.098,0.0,0.0,0.0,11000.0,1.0,5.4E8,
1.5E-35,0.072,1200.0,3900.0,1400.0,3199999.9999999995,4800.0,3500.0,540.0,66.0,2200.0,0.34,3199999.9999999995,1.8,0.084,0.084,0.0,430.0,0.098,0.0,0.0,0.0,11000.0,1.0,5.4E8,
1.5E-35,0.072,1200.0,3900.0,1400.0,3199999.9999999995,4800.0,3500.0,540.0,66.0,2200.0,0.34,3199999.9999999995,1.8,0.084,0.084,0.0,430.0,0.098,0.0,0.0,0.0,11000.0,1.0,5.4E8,
1.5E-35,0.072,1200.0,3900.0,1400.0,3199999.9999999995,4800.0,3500.0,540.0,66.0,2200.0,0.34,3199999.9999999995,1.8,0.084,0.084,0.0,430.0,0.098,0.0,0.0,0.0,11000.0,1.0,5.4E8,
1.5E-35,0.072,1200.0,3900.0,1400.0,3199999.9999999995,4800.0,3500.0,540.0,66.0,2200.0,0.34,3199999.9999999995,1.8,0.084,0.084,0.0,430.0,0.098,0.0,0.0,0.0,11000.0,1.0,5.4E8,
1.5E-35,0.072,1200.0,3900.0,1400.0,3199999.9999999995,4800.0,3500.0,540.0,66.0,2200.0,0.34,3199999.9999999995,1.8,0.084,0.084,0.0,430.0,0.098,0.0,0.0,0.0,11000.0,1.0,5.4E8,
1.5E-35,0.072,1200.0,3900.0,1400.0,3199999.9999999995,4800.0,3500.0,540.0,66.0,2200.0,0.34,3199999.9999999995,1.8,0.084,0.084,0.0,430.0,0.098,0.0,0.0,0.0,11000.0,1.0,5.4E8,
1.5E-35,0.072,1200.0,3900.0,1400.0,3199999.9999999995,4800.0,3500.0,540.0,66.0,2200.0,0.34,3199999.9999999995,1.8,0.084,0.084,0.0,430.0,0.098,0.0,0.0,0.0,10000.0,1.0,5.4E8,
1.5E-35,0.072,1200.0,3900.0,1400.0,3199999.9999999995,4800.0,3500.0,540.0,66.0,2200.0,0.34,3199999.9999999995,1.8,0.084,0.084,0.0,420.0,0.098,0.0,0.0,0.0,10000.0,1.0,5.4E8,
1.5E-35,0.072,1200.0,3900.0,1400.0,3199999.9999999995,4800.0,3500.0,540.0,66.0,2200.0,0.34,3199999.9999999995,1.8,0.084,0.084,0.0,410.0,0.098,0.0,0.0,0.0,10000.0,1.0,5.4E8,
1.5E-35,0.072,1200.0,3900.0,1400.0,3199999.9999999995,4800.0,3500.0,540.0,66.0,2200.0,0.34,3199999.9999999995,1.8,0.084,0.084,0.0,410.0,0.098,0.0,0.0,0.0,10000.0,1.0,5.4E8,
1.5E-35,0.072,1200.0,3900.0,1400.0,3199999.9999999995,4800.0,3500.0,540.0,66.0,2200.0,0.34,3199999.9999999995,1.8,0.084,0.084,0.0,410.0,0.098,0.0,0.0,0.0,10000.0,1.0,5.4E8,
1.5E-35,0.072,1200.0,3900.0,1400.0,3199999.9999999995,4800.0,3500.0,540.0,66.0,2200.0,0.34,3199999.9999999995,1.8,0.084,0.084,0.0,410.0,0.098,0.0,0.0,0.0,10000.0,1.0,5.4E8,
1.5E-35,0.072,1200.0,3900.0,1400.0,3199999.9999999995,4800.0,3500.0,540.0,66.0,2200.0,0.33,3199999.9999999995,1.8,0.084,0.084,0.0,410.0,0.098,0.0,0.0,0.0,10000.0,1.0,5.4E8,
1.5E-35,0.072,1200.0,3900.0,1400.0,3199999.9999999995,4800.0,3500.0,540.0,66.0,2200.0,0.33,3199999.9999999995,1.8,0.084,0.084,0.0,400.0,0.098,0.0,0.0,0.0,10000.0,1.0,5.4E8,
1.5E-35,0.072,1200.0,3900.0,1400.0,3199999.9999999995,4800.0,3500.0,540.0,66.0,2200.0,0.33,3199999.9999999995,1.8,0.084,0.084,0.0,400.0,0.098,0.0,0.0,0.0,10000.0,1.0,5.4E8,
1.5E-35,0.072,1200.0,3900.0,1400.0,3199999.9999999995,4800.0,3500.0,540.0,66.0,2200.0,0.33,3199999.9999999995,1.8,0.084,0.084,0.0,400.0,0.098,0.0,0.0,0.0,10000.0,1.0,5.4E8,
1.5E-35,0.072,1200.0,3900.0,1400.0,3199999.9999999995,4800.0,3500.0,540.0,66.0,2200.0,0.33,3199999.9999999995,1.8,0.084,0.084,0.0,400.0,0.098,0.0,0.0,0.0,10000.0,1.0,5.4E8,
1.5E-35,0.072,1200.0,3900.0,1400.0,3199999.9999999995,4800.0,3500.0,540.0,66.0,2200.0,0.33,3199999.9999999995,1.8,0.084,0.084,0.0,400.0,0.098,0.0,0.0,0.0,10000.0,1.0,5.4E8,
1.5E-35,0.072,1200.0,3900.0,1400.0,3199999.9999999995,4800.0,3500.0,540.0,66.0,2200.0,0.33,3199999.9999999995,1.8,0.084,0.084,0.0,390.0,0.098,0.0,0.0,0.0,10000.0,1.0,5.4E8,
1.5E-35,0.072,1200.0,3900.0,1400.0,3199999.9999999995,4800.0,3500.0,540.0,66.0,2200.0,0.33,3199999.9999999995,1.8,0.084,0.084,0.0,380.0,0.098,0.0,0.0,0.0,10000.0,1.0,5.4E8,
1.5E-35,0.072,1200.0,3900.0,1400.0,3199999.9999999995,4800.0,3500.0,540.0,66.0,2200.0,0.32,3199999.9999999995,1.8,0.084,0.084,0.0,380.0,0.098,0.0,0.0,0.0,10000.0,1.0,5.4E8,
1.5E-35,0.072,1200.0,3900.0,1400.0,3199999.9999999995,4800.0,3500.0,540.0,66.0,2200.0,0.32,3199999.9999999995,1.8,0.084,0.084,0.0,380.0,0.098,0.0,0.0,0.0,10000.0,1.0,5.4E8,
1.5E-35,0.072,1200.0,3900.0,1400.0,3199999.9999999995,4800.0,3500.0,540.0,66.0,2200.0,0.32,3199999.9999999995,1.8,0.084,0.084,0.0,380.0,0.098,0.0,0.0,0.0,10000.0,1.0,5.4E8,
1.5E-35,0.072,1200.0,3900.0,1400.0,3199999.9999999995,4800.0,3500.0,540.0,66.0,2200.0,0.32,3199999.9999999995,1.8,0.084,0.084,0.0,380.0,0.098,0.0,0.0,0.0,9900.0,1.0,5.4E8,
1.5E-35,0.072,1200.0,3900.0,1400.0,3199999.9999999995,4800.0,3500.0,540.0,66.0,2200.0,0.32,3199999.9999999995,1.8,0.084,0.084,0.0,370.0,0.098,0.0,0.0,0.0,9900.0,1.0,5.4E8,
1.5E-35,0.072,1200.0,3900.0,1400.0,3199999.9999999995,4800.0,3500.0,540.0,66.0,2200.0,0.32,3199999.9999999995,1.8,0.084,0.084,0.0,370.0,0.098,0.0,0.0,0.0,9900.0,1.0,5.4E8,
1.5E-35,0.072,1200.0,3900.0,1400.0,3199999.9999999995,4800.0,3500.0,540.0,66.0,2200.0,0.32,3199999.9999999995,1.8,0.084,0.084,0.0,370.0,0.098,0.0,0.0,0.0,9800.0,1.0,5.4E8,
1.5E-35,0.072,1200.0,3900.0,1400.0,3199999.9999999995,4800.0,3500.0,540.0,66.0,2200.0,0.32,3199999.9999999995,1.8,0.084,0.084,0.0,370.0,0.098,0.0,0.0,0.0,9800.0,1.0,5.4E8,
1.5E-35,0.072,1200.0,3900.0,1400.0,3199999.9999999995,4800.0,3500.0,540.0,66.0,2200.0,0.32,3199999.9999999995,1.8,0.084,0.084,0.0,370.0,0.098,0.0,0.0,0.0,9800.0,1.0,5.4E8,
1.5E-35,0.072,1200.0,3900.0,1400.0,3199999.9999999995,4800.0,3500.0,540.0,66.0,2200.0,0.32,3199999.9999999995,1.8,0.084,0.084,0.0,370.0,0.098,0.0,0.0,0.0,9800.0,1.0,5.4E8,
1.5E-35,0.072,1200.0,3900.0,1400.0,3199999.9999999995,4800.0,3500.0,540.0,66.0,2200.0,0.32,3199999.9999999995,1.8,0.084,0.084,0.0,370.0,0.098,0.0,0.0,0.0,9800.0,1.0,5.4E8,
1.5E-35,0.072,1200.0,3900.0,1400.0,3199999.9999999995,4800.0,3500.0,540.0,66.0,2200.0,0.32,3199999.9999999995,1.8,0.084,0.084,0.0,370.0,0.098,0.0,0.0,0.0,9700.0,1.0,5.4E8,
1.5E-35,0.072,1200.0,3900.0,1400.0,3199999.9999999995,4800.0,3500.0,540.0,66.0,2200.0,0.31,3199999.9999999995,1.8,0.084,0.084,0.0,360.0,0.098,0.0,0.0,0.0,9700.0,1.0,5.4E8,
1.5E-35,0.072,1200.0,3900.0,1400.0,3199999.9999999995,4800.0,3500.0,540.0,66.0,2200.0,0.31,3199999.9999999995,1.8,0.084,0.084,0.0,360.0,0.098,0.0,0.0,0.0,9700.0,1.0,5.4E8,
1.5E-35,0.072,1200.0,3900.0,1400.0,3199999.9999999995,4800.0,3500.0,540.0,66.0,2200.0,0.31,3199999.9999999995,1.8,0.084,0.084,0.0,360.0,0.098,0.0,0.0,0.0,9700.0,1.0,5.4E8,
1.5E-35,0.072,1200.0,3900.0,1400.0,3199999.9999999995,4800.0,3500.0,540.0,66.0,2200.0,0.31,3199999.9999999995,1.8,0.084,0.084,0.0,360.0,0.098,0.0,0.0,0.0,9600.0,1.0,5.4E8,
1.5E-35,0.071,1200.0,3900.0,1400.0,3199999.9999999995,4800.0,3500.0,540.0,66.0,2100.0,0.31,3199999.9999999995,1.8,0.084,0.084,0.0,350.0,0.097,0.0,0.0,0.0,9600.0,1.0,5.4E8,
1.5E-35,0.071,1200.0,3900.0,1400.0,3199999.9999999995,4800.0,3500.0,540.0,66.0,2100.0,0.31,3199999.9999999995,1.8,0.084,0.084,0.0,350.0,0.097,0.0,0.0,0.0,9600.0,1.0,5.4E8,
1.5E-35,0.071,1200.0,3900.0,1400.0,3199999.9999999995,4800.0,3500.0,540.0,66.0,2100.0,0.31,3199999.9999999995,1.8,0.084,0.084,0.0,350.0,0.097,0.0,0.0,0.0,9600.0,1.0,5.4E8,
1.5E-35,0.071,1200.0,3900.0,1400.0,3199999.9999999995,4800.0,3500.0,540.0,66.0,2100.0,0.31,3199999.9999999995,1.8,0.084,0.084,0.0,340.0,0.097,0.0,0.0,0.0,9500.0,1.0,5.4E8,
1.5E-35,0.071,1200.0,3900.0,1400.0,3199999.9999999995,4800.0,3400.0,540.0,66.0,2100.0,0.31,3199999.9999999995,1.8,0.083,0.083,0.0,340.0,0.097,0.0,0.0,0.0,9500.0,1.0,5.3E8,
1.3E-35,0.061,1600.0,2400.0,1400.0,3599999.9999999995,4800.0,3400.0,540.0,66.0,2100.0,0.31,3599999.9999999995,1.5,0.1,0.1,0.0,350.0,0.19,0.0,0.0,0.0,9700.0,1.0,5.4E8,
1.1999999999999999E-35,0.058,1600.0,2400.0,1400.0,3199999.9999999995,4800.0,3400.0,540.0,66.0,2100.0,0.31,3199999.9999999995,1.5,0.095,0.095,0.0,350.0,0.18,0.0,0.0,0.0,9600.0,1.0,5.3E8,
1.1999999999999999E-35,0.057,1600.0,2400.0,1400.0,3199999.9999999995,4800.0,3400.0,530.0,66.0,2100.0,0.31,3199999.9999999995,1.5,0.094,0.094,0.0,350.0,0.17,0.0,0.0,0.0,9600.0,1.0,5.3E8,
1.1999999999999999E-35,0.057,1600.0,2400.0,1400.0,3199999.9999999995,4800.0,3400.0,530.0,66.0,2100.0,0.31,3199999.9999999995,1.5,0.094,0.094,0.0,350.0,0.17,0.0,0.0,0.0,9500.0,1.0,5.3E8,
1.1999999999999999E-35,0.057,1600.0,2400.0,1400.0,3199999.9999999995,4800.0,3400.0,530.0,66.0,2100.0,0.31,3199999.9999999995,1.5,0.094,0.094,0.0,350.0,0.17,0.0,0.0,0.0,9500.0,1.0,5.3E8,
1.1999999999999999E-35,0.057,1600.0,2400.0,1400.0,3199999.9999999995,4800.0,3400.0,530.0,66.0,2100.0,0.31,3199999.9999999995,1.5,0.094,0.094,0.0,350.0,0.17,0.0,0.0,0.0,9500.0,1.0,5.3E8,
1.6999999999999999E-35,0.08,7100.0,2900.0,2100.0,3699999.9999999995,4800.0,3400.0,530.0,66.0,2100.0,0.31,3799999.9999999995,2.1,0.099,0.099,0.0,350.0,0.2,0.0,0.0,0.0,9600.0,1.0,5.4E8,
1.6999999999999999E-35,0.079,7100.0,2800.0,2100.0,3599999.9999999995,4800.0,3400.0,530.0,66.0,2100.0,0.31,3599999.9999999995,2.0,0.096,0.096,0.0,350.0,0.19,0.0,0.0,0.0,9500.0,1.0,5.4E8,
1.6E-35,0.076,7100.0,2800.0,2100.0,3299999.9999999995,4800.0,3400.0,530.0,66.0,2100.0,0.31,3299999.9999999995,2.0,0.092,0.092,0.0,350.0,0.18,0.0,0.0,0.0,9500.0,1.0,5.3E8,
1.6E-35,0.075,7100.0,2800.0,2100.0,3199999.9999999995,4800.0,3400.0,530.0,66.0,2100.0,0.3,3199999.9999999995,1.9,0.09,0.09,0.0,350.0,0.18,0.0,0.0,0.0,9400.0,1.0,5.3E8,
1.6E-35,0.075,7100.0,2800.0,2100.0,3199999.9999999995,4800.0,3400.0,530.0,66.0,2100.0,0.3,3199999.9999999995,1.9,0.09,0.09,0.0,340.0,0.18,0.0,0.0,0.0,9400.0,1.0,5.3E8,
1.6E-35,0.075,7100.0,2800.0,2100.0,3199999.9999999995,4800.0,3400.0,530.0,66.0,2100.0,0.3,3199999.9999999995,1.9,0.09,0.09,0.0,340.0,0.18,0.0,0.0,0.0,9400.0,1.0,5.3E8,
1.6E-35,0.075,7100.0,2800.0,2100.0,3199999.9999999995,4800.0,3400.0,530.0,66.0,2100.0,0.3,3199999.9999999995,1.9,0.09,0.09,0.0,340.0,0.18,0.0,0.0,0.0,9300.0,1.0,5.3E8,
9.799999999999999E-35,0.47,1800.0,41000.0,5500.0,3799999.9999999995,6600.0,4200.0,3100.0,2100.0,2100.0,0.32,3899999.9999999995,12.0,0.15,0.15,0.0,390.0,0.097,0.0,0.0,0.0,9900.0,1.0,5.4E8,
2.3999999999999999E-35,0.12,1800.0,3100.0,5500.0,3699999.9999999995,6500.0,4200.0,3100.0,2100.0,2100.0,0.32,3799999.9999999995,3.0,0.097,0.097,0.0,390.0,0.095,0.0,0.0,0.0,9800.0,1.0,5.4E8,
2.3999999999999999E-35,0.11,1800.0,3100.0,5500.0,3499999.9999999995,6500.0,4200.0,3100.0,2100.0,2100.0,0.31,3499999.9999999995,3.0,0.094,0.094,0.0,390.0,0.093,0.0,0.0,0.0,9800.0,1.0,5.4E8,
2.3E-35,0.11,1800.0,3100.0,5500.0,3199999.9999999995,6500.0,4200.0,3100.0,2100.0,2100.0,0.31,3199999.9999999995,2.9,0.089,0.089,0.0,380.0,0.089,0.0,0.0,0.0,9700.0,1.0,5.3E8,
2.3E-35,0.11,1800.0,3100.0,5500.0,3199999.9999999995,6500.0,4200.0,3100.0,2100.0,2100.0,0.31,3199999.9999999995,2.9,0.089,0.089,0.0,380.0,0.089,0.0,0.0,0.0,9600.0,1.0,5.3E8,
2.3E-35,0.11,1800.0,3100.0,5500.0,3199999.9999999995,6500.0,4200.0,3100.0,2100.0,2100.0,0.31,3199999.9999999995,2.9,0.089,0.089,0.0,380.0,0.089,0.0,0.0,0.0,9600.0,1.0,5.3E8,
2.3E-35,0.11,1800.0,3100.0,5500.0,3199999.9999999995,6500.0,4200.0,3100.0,2100.0,2100.0,0.31,3199999.9999999995,2.9,0.089,0.089,0.0,370.0,0.089,0.0,0.0,0.0,9600.0,1.0,5.3E8,
2.3E-35,0.11,1800.0,3100.0,5500.0,3199999.9999999995,6500.0,4200.0,3100.0,2100.0,2100.0,0.31,3199999.9999999995,2.9,0.089,0.089,0.0,370.0,0.089,0.0,0.0,0.0,9600.0,1.0,5.3E8,
2.3E-35,0.11,1800.0,3100.0,5500.0,3199999.9999999995,6500.0,4200.0,3100.0,2100.0,2100.0,0.31,3199999.9999999995,2.9,0.089,0.089,0.0,370.0,0.089,0.0,0.0,0.0,9600.0,1.0,5.3E8,
2.3E-35,0.11,1800.0,3100.0,5500.0,3199999.9999999995,6500.0,4200.0,3100.0,2100.0,2100.0,0.31,3199999.9999999995,2.9,0.089,0.089,0.0,360.0,0.089,0.0,0.0,0.0,9500.0,1.0,5.3E8,
2.3E-35,0.11,1800.0,3100.0,5500.0,3199999.9999999995,6500.0,4200.0,3100.0,2100.0,2100.0,0.31,3199999.9999999995,2.9,0.089,0.089,0.0,350.0,0.089,0.0,0.0,0.0,9500.0,1.0,5.3E8,
2.3E-35,0.11,1800.0,3100.0,5500.0,3199999.9999999995,6500.0,4200.0,3100.0,2100.0,2100.0,0.3,3199999.9999999995,2.9,0.089,0.089,0.0,350.0,0.089,0.0,0.0,0.0,9500.0,1.0,5.3E8,
2.3E-35,0.11,1800.0,3100.0,5500.0,3199999.9999999995,6500.0,4200.0,3100.0,2100.0,2100.0,0.3,3199999.9999999995,2.9,0.089,0.089,0.0,350.0,0.089,0.0,0.0,0.0,9400.0,1.0,5.3E8,
1.2E-34,0.56,3300.0,55000.0,9300.0,3799999.9999999995,6500.0,6300.0,3100.0,2100.0,2100.0,0.31,3899999.9999999995,15.0,0.18,0.18,0.0,350.0,0.097,0.0,0.0,0.0,9600.0,1.0,5.4E8,
6.799999999999999E-35,0.32,200.0,31000.0,1800.0,3799999.9999999995,6500.0,6300.0,3100.0,2100.0,2100.0,0.31,3899999.9999999995,8.4,0.13,0.13,0.0,350.0,0.11,0.0,0.0,0.0,9600.0,1.0,5.4E8,
1.1E-35,0.05,200.0,350.0,1800.0,3499999.9999999995,6500.0,6300.0,3100.0,2100.0,2100.0,0.3,3599999.9999999995,1.3,0.081,0.081,0.0,350.0,0.11,0.0,0.0,0.0,9500.0,1.0,5.4E8,
9.9E-36,0.047,200.0,350.0,1700.0,3199999.9999999995,6500.0,6300.0,3100.0,2100.0,2100.0,0.3,3199999.9999999995,1.2,0.076,0.076,0.0,350.0,0.1,0.0,0.0,0.0,9400.0,1.0,5.3E8,
9.9E-36,0.047,200.0,350.0,1700.0,3199999.9999999995,6500.0,6300.0,3100.0,2100.0,2100.0,0.3,3199999.9999999995,1.2,0.076,0.076,0.0,350.0,0.1,0.0,0.0,0.0,9400.0,1.0,5.3E8,
9.9E-36,0.047,200.0,350.0,1700.0,3199999.9999999995,6500.0,6300.0,3100.0,2100.0,2100.0,0.3,3199999.9999999995,1.2,0.076,0.076,0.0,340.0,0.1,0.0,0.0,0.0,9400.0,1.0,5.3E8,
9.9E-36,0.047,200.0,350.0,1700.0,3199999.9999999995,6500.0,6300.0,3100.0,2100.0,2100.0,0.3,3199999.9999999995,1.2,0.076,0.076,0.0,340.0,0.1,0.0,0.0,0.0,9300.0,1.0,5.3E8,
9.9E-36,0.047,200.0,350.0,1700.0,3199999.9999999995,6500.0,6300.0,3100.0,2100.0,2100.0,0.3,3199999.9999999995,1.2,0.076,0.076,0.0,340.0,0.1,0.0,0.0,0.0,9300.0,1.0,5.3E8,
9.9E-36,0.047,200.0,350.0,1700.0,3199999.9999999995,6500.0,6300.0,3100.0,2100.0,2100.0,0.3,3199999.9999999995,1.2,0.076,0.076,0.0,340.0,0.1,0.0,0.0,0.0,9300.0,1.0,5.3E8,
9.9E-36,0.047,200.0,350.0,1700.0,3199999.9999999995,6500.0,6300.0,3100.0,2100.0,2100.0,0.3,3199999.9999999995,1.2,0.076,0.076,0.0,340.0,0.1,0.0,0.0,0.0,9300.0,1.0,5.3E8,
9.9E-36,0.047,200.0,350.0,1700.0,3199999.9999999995,6500.0,6300.0,3100.0,2100.0,2100.0,0.3,3199999.9999999995,1.2,0.076,0.076,0.0,340.0,0.1,0.0,0.0,0.0,9200.0,1.0,5.3E8,
9.9E-36,0.047,200.0,350.0,1700.0,3099999.9999999995,6500.0,6300.0,3100.0,2100.0,2100.0,0.3,3199999.9999999995,1.2,0.076,0.076,0.0,330.0,0.1,0.0,0.0,0.0,9200.0,1.0,5.3E8,
1.4E-35,0.068,2500.0,1400.0,2900.0,3999999.9999999995,6500.0,6300.0,3100.0,2100.0,2100.0,0.31,4099999.9999999995,1.8,0.081,0.081,0.0,350.0,0.17,0.0,0.0,0.0,9500.0,1.0,5.4E8,
4.2E-35,0.2,15000.0,22000.0,670.0,4099999.9999999995,6500.0,6300.0,4900.0,2100.0,2100.0,0.31,4200000.0,5.3,0.1,0.1,0.0,350.0,0.074,0.0,0.0,0.0,9600.0,1.0,5.4E8,
1.4E-35,0.067,2200.0,4300.0,670.0,3899999.9999999995,6500.0,6300.0,4800.0,2100.0,2100.0,0.3,3899999.9999999995,1.7,0.077,0.077,0.0,350.0,0.071,0.0,0.0,0.0,9500.0,1.0,5.4E8,
1.4E-35,0.065,2200.0,4300.0,670.0,3699999.9999999995,6500.0,6300.0,4800.0,2100.0,2100.0,0.3,3699999.9999999995,1.7,0.074,0.074,0.0,350.0,0.067,0.0,0.0,0.0,9500.0,1.0,5.3E8,
1.3E-35,0.061,2200.0,4300.0,660.0,3099999.9999999995,6500.0,6300.0,4800.0,2100.0,2100.0,0.3,3199999.9999999995,1.6,0.068,0.068,0.0,350.0,0.059,0.0,0.0,0.0,9300.0,1.0,5.3E8,
1.3E-35,0.061,2200.0,4200.0,660.0,3099999.9999999995,6500.0,6300.0,4800.0,2100.0,2100.0,0.3,3199999.9999999995,1.6,0.068,0.068,0.0,350.0,0.059,0.0,0.0,0.0,9300.0,1.0,5.3E8,
1.3E-35,0.061,2200.0,4200.0,660.0,3099999.9999999995,6500.0,6300.0,4800.0,2100.0,2100.0,0.3,3199999.9999999995,1.6,0.068,0.068,0.0,350.0,0.059,0.0,0.0,0.0,9300.0,1.0,5.3E8,
1.3E-35,0.061,2200.0,4200.0,660.0,3099999.9999999995,6500.0,6300.0,4800.0,2100.0,2100.0,0.3,3199999.9999999995,1.6,0.068,0.068,0.0,350.0,0.059,0.0,0.0,0.0,9300.0,1.0,5.3E8,
1.3E-35,0.061,2200.0,4200.0,660.0,3099999.9999999995,6500.0,6300.0,4800.0,2100.0,2100.0,0.3,3199999.9999999995,1.6,0.068,0.068,0.0,350.0,0.059,0.0,0.0,0.0,9300.0,1.0,5.3E8,
1.3E-35,0.061,2200.0,4200.0,660.0,3099999.9999999995,6500.0,6300.0,4800.0,2100.0,2100.0,0.3,3199999.9999999995,1.6,0.068,0.068,0.0,350.0,0.059,0.0,0.0,0.0,9200.0,1.0,5.3E8,
1.3E-35,0.061,2200.0,4200.0,660.0,3099999.9999999995,6500.0,6300.0,4800.0,2100.0,2100.0,0.3,3099999.9999999995,1.6,0.068,0.068,0.0,350.0,0.059,0.0,0.0,0.0,9200.0,1.0,5.2E8,
1.3E-35,0.061,2200.0,4200.0,660.0,3099999.9999999995,6500.0,6300.0,4800.0,2100.0,2100.0,0.29,3099999.9999999995,1.6,0.068,0.068,0.0,350.0,0.059,0.0,0.0,0.0,9200.0,1.0,5.2E8,
1.3E-35,0.061,2200.0,4200.0,660.0,3099999.9999999995,6500.0,6300.0,4800.0,2100.0,2100.0,0.29,3099999.9999999995,1.6,0.068,0.068,0.0,350.0,0.059,0.0,0.0,0.0,9200.0,1.0,5.2E8,
1.1E-34,0.52,2700.0,73000.0,2100.0,3899999.9999999995,6500.0,6300.0,4800.0,2100.0,2100.0,0.3,3999999.9999999995,14.0,0.16,0.16,0.0,360.0,0.12,0.0,0.0,0.0,9300.0,1.0,5.3E8,
8.000000000000001E-36,0.038,2700.0,120.0,2100.0,3499999.9999999995,6500.0,6300.0,4800.0,2100.0,2100.0,0.29,3599999.9999999995,1.0,0.071,0.071,0.0,350.0,0.11,0.0,0.0,0.0,9200.0,1.0,5.3E8,
7.8E-36,0.037,2700.0,120.0,2100.0,3399999.9999999995,6500.0,6200.0,4800.0,2100.0,2100.0,0.29,3399999.9999999995,0.97,0.069,0.069,0.0,350.0,0.1,0.0,0.0,0.0,9200.0,1.0,5.3E8,
7.4E-36,0.035,2700.0,120.0,2100.0,3099999.9999999995,6400.0,6200.0,4800.0,2100.0,2100.0,0.29,3199999.9999999995,0.92,0.066,0.066,0.0,350.0,0.099,0.0,0.0,0.0,9100.0,1.0,5.3E8,
7.4E-36,0.035,2700.0,120.0,2100.0,3099999.9999999995,6400.0,6200.0,4800.0,2100.0,2100.0,0.29,3199999.9999999995,0.92,0.066,0.066,0.0,350.0,0.099,0.0,0.0,0.0,9100.0,1.0,5.3E8,
7.4E-36,0.035,2700.0,120.0,2100.0,3099999.9999999995,6400.0,6200.0,4800.0,2100.0,2100.0,0.29,3199999.9999999995,0.92,0.066,0.066,0.0,350.0,0.099,0.0,0.0,0.0,9100.0,1.0,5.3E8,
7.4E-36,0.035,2700.0,120.0,2100.0,3099999.9999999995,6400.0,6200.0,4800.0,2100.0,2100.0,0.29,3199999.9999999995,0.92,0.066,0.066,0.0,350.0,0.099,0.0,0.0,0.0,9000.0,1.0,5.3E8,
7.4E-36,0.035,2700.0,120.0,2100.0,3099999.9999999995,6400.0,6200.0,4800.0,2100.0,2100.0,0.29,3199999.9999999995,0.92,0.066,0.066,0.0,350.0,0.099,0.0,0.0,0.0,9000.0,1.0,5.3E8,
7.4E-36,0.035,2700.0,120.0,2100.0,3099999.9999999995,6400.0,6200.0,4800.0,2100.0,2100.0,0.29,3199999.9999999995,0.92,0.066,0.066,0.0,350.0,0.099,0.0,0.0,0.0,9000.0,1.0,5.3E8,
7.4E-36,0.035,2700.0,120.0,2100.0,3099999.9999999995,6400.0,6200.0,4800.0,2100.0,2100.0,0.29,3199999.9999999995,0.92,0.066,0.066,0.0,340.0,0.099,0.0,0.0,0.0,9000.0,1.0,5.3E8,
7.4E-36,0.035,2700.0,120.0,2100.0,3099999.9999999995,6400.0,6200.0,4800.0,2100.0,2100.0,0.29,3199999.9999999995,0.92,0.066,0.066,0.0,340.0,0.099,0.0,0.0,0.0,9000.0,1.0,5.3E8,
7.4E-36,0.035,2700.0,120.0,2100.0,3099999.9999999995,6400.0,6200.0,4800.0,2100.0,2100.0,0.29,3199999.9999999995,0.92,0.066,0.066,0.0,340.0,0.099,0.0,0.0,0.0,8900.0,1.0,5.3E8,
7.4E-36,0.035,2700.0,120.0,2100.0,3099999.9999999995,6400.0,6200.0,4800.0,2100.0,2100.0,0.29,3199999.9999999995,0.92,0.066,0.066,0.0,330.0,0.099,0.0,0.0,0.0,8900.0,1.0,5.3E8,
7.4E-36,0.035,2700.0,120.0,2100.0,3099999.9999999995,6400.0,6200.0,4800.0,2100.0,2100.0,0.28,3199999.9999999995,0.92,0.066,0.066,0.0,330.0,0.099,0.0,0.0,0.0,8900.0,1.0,5.3E8,
7.4E-36,0.035,2700.0,120.0,2100.0,3099999.9999999995,6400.0,6200.0,4800.0,2100.0,2100.0,0.28,3199999.9999999995,0.92,0.066,0.066,0.0,330.0,0.099,0.0,0.0,0.0,8900.0,1.0,5.3E8,
7.4E-36,0.035,2700.0,120.0,2100.0,3099999.9999999995,6400.0,6200.0,4800.0,2100.0,2100.0,0.28,3199999.9999999995,0.92,0.066,0.066,0.0,330.0,0.099,0.0,0.0,0.0,8800.0,1.0,5.3E8,
7.4E-36,0.035,2700.0,120.0,2100.0,3099999.9999999995,6400.0,6200.0,4800.0,2100.0,2100.0,0.28,3199999.9999999995,0.92,0.066,0.066,0.0,330.0,0.099,0.0,0.0,0.0,8800.0,1.0,5.3E8,
7.4E-36,0.035,2700.0,120.0,2100.0,3099999.9999999995,6400.0,6200.0,4800.0,2100.0,2100.0,0.28,3199999.9999999995,0.92,0.066,0.066,0.0,330.0,0.099,0.0,0.0,0.0,8800.0,1.0,5.3E8,
7.4E-36,0.035,2700.0,120.0,2100.0,3099999.9999999995,6400.0,6200.0,4800.0,2100.0,2100.0,0.28,3199999.9999999995,0.92,0.066,0.066,0.0,320.0,0.099,0.0,0.0,0.0,8800.0,1.0,5.3E8,
7.4E-36,0.035,2700.0,120.0,2100.0,3099999.9999999995,6400.0,6200.0,4800.0,2100.0,2100.0,0.28,3199999.9999999995,0.92,0.066,0.066,0.0,320.0,0.099,0.0,0.0,0.0,8700.0,1.0,5.3E8,
7.4E-36,0.035,2700.0,120.0,2100.0,3099999.9999999995,6400.0,6200.0,4800.0,2100.0,2100.0,0.28,3199999.9999999995,0.92,0.066,0.066,0.0,320.0,0.099,0.0,0.0,0.0,8700.0,1.0,5.3E8,
7.4E-36,0.035,2700.0,120.0,2100.0,3099999.9999999995,6400.0,6200.0,4800.0,2100.0,2100.0,0.28,3199999.9999999995,0.92,0.066,0.066,0.0,320.0,0.099,0.0,0.0,0.0,8700.0,1.0,5.3E8,
7.4E-36,0.035,2700.0,120.0,2100.0,3099999.9999999995,6400.0,6200.0,4800.0,2100.0,2100.0,0.28,3199999.9999999995,0.92,0.066,0.066,0.0,320.0,0.099,0.0,0.0,0.0,8600.0,1.0,5.3E8,
7.4E-36,0.035,2700.0,120.0,2100.0,3099999.9999999995,6400.0,6200.0,4800.0,2100.0,2100.0,0.27,3199999.9999999995,0.92,0.066,0.066,0.0,310.0,0.099,0.0,0.0,0.0,8600.0,1.0,5.3E8,
7.4E-36,0.035,2700.0,120.0,2100.0,3099999.9999999995,6400.0,6200.0,4800.0,2100.0,2100.0,0.27,3199999.9999999995,0.92,0.066,0.066,0.0,310.0,0.099,0.0,0.0,0.0,8600.0,1.0,5.3E8,
7.4E-36,0.035,2700.0,120.0,2100.0,3099999.9999999995,6400.0,6200.0,4800.0,2100.0,2100.0,0.27,3199999.9999999995,0.92,0.066,0.066,0.0,310.0,0.099,0.0,0.0,0.0,8500.0,1.0,5.3E8,
7.4E-36,0.035,2700.0,120.0,2100.0,3099999.9999999995,6400.0,6200.0,4800.0,2100.0,2100.0,0.27,3199999.9999999995,0.92,0.066,0.066,0.0,310.0,0.099,0.0,0.0,0.0,8500.0,1.0,5.3E8,
7.4E-36,0.035,2700.0,120.0,2100.0,3099999.9999999995,6400.0,6200.0,4800.0,2100.0,2100.0,0.27,3199999.9999999995,0.92,0.066,0.066,0.0,310.0,0.099,0.0,0.0,0.0,8500.0,1.0,5.3E8,
7.4E-36,0.035,2700.0,120.0,2100.0,3099999.9999999995,6400.0,6200.0,4800.0,2100.0,2100.0,0.27,3199999.9999999995,0.92,0.066,0.066,0.0,310.0,0.099,0.0,0.0,0.0,8500.0,1.0,5.3E8,
1.3E-34,0.6,8800.0,63000.0,12000.0,3799999.9999999995,6400.0,6200.0,4800.0,2100.0,2100.0,0.28,3899999.9999999995,16.0,0.18,0.18,0.0,320.0,0.32,0.0,0.0,0.0,8700.0,1.0,5.3E8,
5.799999999999999E-35,0.27,1300.0,28000.0,4700.0,3699999.9999999995,6400.0,6200.0,4800.0,2100.0,2100.0,0.28,3799999.9999999995,7.2,0.12,0.12,0.0,320.0,0.17,0.0,0.0,0.0,8600.0,1.0,5.3E8,
2.1E-35,0.1,1300.0,4900.0,4700.0,3499999.9999999995,6400.0,6200.0,4800.0,2100.0,2100.0,0.27,3599999.9999999995,2.7,0.087,0.087,0.0,320.0,0.16,0.0,0.0,0.0,8600.0,1.0,5.3E8,
2.0E-35,0.097,1300.0,4900.0,4700.0,3099999.9999999995,6400.0,6200.0,4800.0,2100.0,2100.0,0.27,3199999.9999999995,2.6,0.082,0.082,0.0,320.0,0.16,0.0,0.0,0.0,8500.0,1.0,5.2E8,
2.0E-35,0.097,1300.0,4900.0,4700.0,3099999.9999999995,6400.0,6200.0,4800.0,2100.0,2100.0,0.27,3099999.9999999995,2.6,0.081,0.081,0.0,320.0,0.16,0.0,0.0,0.0,8500.0,1.0,5.2E8,
2.0E-35,0.097,1300.0,4900.0,4700.0,3099999.9999999995,6400.0,6200.0,4800.0,2100.0,2100.0,0.27,3099999.9999999995,2.6,0.081,0.081,0.0,320.0,0.16,0.0,0.0,0.0,8400.0,1.0,5.2E8,
2.0E-35,0.097,1300.0,4900.0,4700.0,3099999.9999999995,6400.0,6200.0,4800.0,2100.0,2100.0,0.27,3099999.9999999995,2.6,0.081,0.081,0.0,310.0,0.16,0.0,0.0,0.0,8400.0,1.0,5.2E8,
2.0E-35,0.097,1300.0,4900.0,4700.0,3099999.9999999995,6400.0,6200.0,4800.0,2100.0,2100.0,0.27,3099999.9999999995,2.6,0.081,0.081,0.0,310.0,0.16,0.0,0.0,0.0,8400.0,1.0,5.2E8,
2.0E-35,0.097,1300.0,4900.0,4700.0,3099999.9999999995,6400.0,6200.0,4800.0,2100.0,2100.0,0.27,3099999.9999999995,2.6,0.081,0.081,0.0,310.0,0.16,0.0,0.0,0.0,8400.0,1.0,5.2E8,
2.0E-35,0.097,1300.0,4900.0,4700.0,3099999.9999999995,6400.0,6200.0,4800.0,2100.0,2100.0,0.27,3099999.9999999995,2.6,0.081,0.081,0.0,310.0,0.16,0.0,0.0,0.0,8300.0,1.0,5.2E8,
2.0E-35,0.097,1300.0,4900.0,4700.0,3099999.9999999995,6400.0,6200.0,4800.0,2100.0,2100.0,0.27,3099999.9999999995,2.6,0.081,0.081,0.0,310.0,0.16,0.0,0.0,0.0,8300.0,1.0,5.2E8,
2.0E-35,0.097,1300.0,4900.0,4700.0,3099999.9999999995,6400.0,6200.0,4800.0,2100.0,2100.0,0.26,3099999.9999999995,2.6,0.081,0.081,0.0,310.0,0.16,0.0,0.0,0.0,8300.0,1.0,5.2E8,
2.0E-35,0.097,1300.0,4900.0,4700.0,3099999.9999999995,6400.0,6200.0,4800.0,2100.0,2100.0,0.26,3099999.9999999995,2.6,0.081,0.081,0.0,310.0,0.16,0.0,0.0,0.0,8200.0,1.0,5.2E8,
2.0E-35,0.097,1300.0,4900.0,4700.0,3099999.9999999995,6400.0,6200.0,4800.0,2100.0,2100.0,0.26,3099999.9999999995,2.6,0.081,0.081,0.0,310.0,0.16,0.0,0.0,0.0,8200.0,1.0,5.2E8,
2.0E-35,0.097,1300.0,4900.0,4700.0,3099999.9999999995,6400.0,6200.0,4800.0,2100.0,2100.0,0.26,3099999.9999999995,2.6,0.081,0.081,0.0,310.0,0.16,0.0,0.0,0.0,8200.0,1.0,5.2E8,
2.0E-35,0.097,1300.0,4900.0,4700.0,3099999.9999999995,6400.0,6200.0,4800.0,2100.0,2100.0,0.26,3099999.9999999995,2.6,0.081,0.081,0.0,310.0,0.16,0.0,0.0,0.0,8200.0,1.0,5.2E8,
2.0E-35,0.097,1300.0,4900.0,4700.0,3099999.9999999995,6400.0,6200.0,4800.0,2100.0,2100.0,0.26,3099999.9999999995,2.6,0.081,0.081,0.0,300.0,0.16,0.0,0.0,0.0,8200.0,1.0,5.2E8,
2.0E-35,0.097,1300.0,4900.0,4700.0,3099999.9999999995,6400.0,6200.0,4800.0,2100.0,2100.0,0.26,3099999.9999999995,2.6,0.081,0.081,0.0,300.0,0.16,0.0,0.0,0.0,8200.0,1.0,5.2E8,
2.0E-35,0.097,1300.0,4900.0,4700.0,3099999.9999999995,6400.0,6200.0,4800.0,2100.0,2100.0,0.26,3099999.9999999995,2.6,0.081,0.081,0.0,300.0,0.16,0.0,0.0,0.0,8100.0,1.0,5.2E8,
2.0E-35,0.097,1300.0,4900.0,4700.0,3099999.9999999995,6400.0,6200.0,4800.0,2100.0,2100.0,0.26,3099999.9999999995,2.6,0.081,0.081,0.0,300.0,0.16,0.0,0.0,0.0,8100.0,1.0,5.2E8,
2.0E-35,0.097,1300.0,4900.0,4700.0,3099999.9999999995,6400.0,6200.0,4800.0,2100.0,2100.0,0.26,3099999.9999999995,2.6,0.081,0.081,0.0,300.0,0.16,0.0,0.0,0.0,8100.0,1.0,5.2E8,
2.0E-35,0.097,1300.0,4900.0,4700.0,3099999.9999999995,6400.0,6200.0,4800.0,2100.0,2100.0,0.26,3099999.9999999995,2.6,0.081,0.081,0.0,290.0,0.16,0.0,0.0,0.0,8100.0,1.0,5.2E8,
2.0E-35,0.097,1300.0,4900.0,4700.0,3099999.9999999995,6400.0,6200.0,4800.0,2100.0,2100.0,0.26,3099999.9999999995,2.6,0.081,0.081,0.0,290.0,0.16,0.0,0.0,0.0,8000.0,1.0,5.1E8,
2.0E-35,0.097,1300.0,4900.0,4700.0,3099999.9999999995,6400.0,6200.0,4800.0,2100.0,2100.0,0.25,3099999.9999999995,2.6,0.081,0.081,0.0,290.0,0.16,0.0,0.0,0.0,8000.0,1.0,5.1E8,
2.0E-35,0.097,1300.0,4900.0,4700.0,3099999.9999999995,6400.0,6200.0,4800.0,2100.0,2100.0,0.25,3099999.9999999995,2.6,0.081,0.081,0.0,290.0,0.16,0.0,0.0,0.0,8000.0,1.0,5.1E8,
2.0E-35,0.097,1300.0,4900.0,4700.0,3099999.9999999995,6400.0,6200.0,4800.0,2100.0,2100.0,0.25,3099999.9999999995,2.6,0.081,0.081,0.0,290.0,0.16,0.0,0.0,0.0,7900.0,1.0,5.1E8,
2.0E-35,0.097,1300.0,4900.0,4700.0,3099999.9999999995,6400.0,6200.0,4800.0,2100.0,2100.0,0.25,3099999.9999999995,2.6,0.081,0.081,0.0,290.0,0.16,0.0,0.0,0.0,7900.0,1.0,5.1E8,
2.0E-35,0.097,1300.0,4900.0,4700.0,3099999.9999999995,6400.0,6200.0,4800.0,2100.0,2100.0,0.25,3099999.9999999995,2.6,0.081,0.081,0.0,280.0,0.16,0.0,0.0,0.0,7900.0,1.0,5.1E8,
2.0E-35,0.097,1300.0,4900.0,4700.0,3099999.9999999995,6400.0,6200.0,4800.0,2100.0,2100.0,0.25,3099999.9999999995,2.6,0.081,0.081,0.0,280.0,0.16,0.0,0.0,0.0,7900.0,1.0,5.1E8,
2.0E-35,0.097,1300.0,4900.0,4700.0,3099999.9999999995,6400.0,6200.0,4800.0,2100.0,2100.0,0.25,3099999.9999999995,2.6,0.081,0.081,0.0,280.0,0.16,0.0,0.0,0.0,7900.0,1.0,5.1E8,
2.0E-35,0.097,1300.0,4900.0,4700.0,3099999.9999999995,6400.0,6200.0,4800.0,2100.0,2100.0,0.25,3099999.9999999995,2.6,0.081,0.081,0.0,280.0,0.16,0.0,0.0,0.0,7800.0,1.0,5.1E8,
2.0E-35,0.097,1300.0,4900.0,4700.0,3099999.9999999995,6400.0,6200.0,4800.0,2100.0,2100.0,0.25,3099999.9999999995,2.6,0.081,0.081,0.0,280.0,0.16,0.0,0.0,0.0,7800.0,1.0,5.1E8,
2.0E-35,0.097,1300.0,4900.0,4700.0,3099999.9999999995,6400.0,6200.0,4800.0,2100.0,2100.0,0.25,3099999.9999999995,2.6,0.081,0.081,0.0,270.0,0.16,0.0,0.0,0.0,7800.0,1.0,5.1E8,
2.0E-35,0.097,1300.0,4900.0,4700.0,3099999.9999999995,6400.0,6200.0,4800.0,2100.0,2100.0,0.25,3099999.9999999995,2.6,0.081,0.081,0.0,270.0,0.16,0.0,0.0,0.0,7800.0,1.0,5.1E8,
2.0E-35,0.097,1300.0,4900.0,4700.0,3099999.9999999995,6400.0,6200.0,4800.0,2100.0,2100.0,0.25,3099999.9999999995,2.6,0.081,0.081,0.0,270.0,0.16,0.0,0.0,0.0,7700.0,1.0,5.1E8,
2.0E-35,0.097,1300.0,4900.0,4700.0,3099999.9999999995,6400.0,6200.0,4800.0,2100.0,2100.0,0.25,3099999.9999999995,2.6,0.081,0.081,0.0,270.0,0.16,0.0,0.0,0.0,7700.0,1.0,5.1E8,
2.0E-35,0.097,1300.0,4900.0,4700.0,3099999.9999999995,6400.0,6200.0,4800.0,2100.0,2100.0,0.25,3099999.9999999995,2.6,0.081,0.081,0.0,270.0,0.16,0.0,0.0,0.0,7700.0,1.0,5.1E8,
2.0E-35,0.097,1300.0,4900.0,4700.0,3099999.9999999995,6400.0,6200.0,4800.0,2100.0,2100.0,0.25,3099999.9999999995,2.6,0.081,0.081,0.0,260.0,0.16,0.0,0.0,0.0,7700.0,1.0,5.1E8,
2.0E-35,0.097,1300.0,4900.0,4700.0,3099999.9999999995,6400.0,6200.0,4800.0,2100.0,2100.0,0.24,3099999.9999999995,2.6,0.081,0.081,0.0,260.0,0.16,0.0,0.0,0.0,7700.0,1.0,5.1E8,
2.0E-35,0.097,1300.0,4900.0,4700.0,3099999.9999999995,6400.0,6200.0,4800.0,2100.0,2100.0,0.24,3099999.9999999995,2.6,0.081,0.081,0.0,260.0,0.16,0.0,0.0,0.0,7600.0,1.0,5.1E8,
2.0E-35,0.097,1300.0,4900.0,4700.0,3099999.9999999995,6400.0,6200.0,4800.0,2100.0,2100.0,0.24,3099999.9999999995,2.6,0.081,0.081,0.0,250.0,0.16,0.0,0.0,0.0,7600.0,1.0,5.1E8,
2.0E-35,0.097,1300.0,4900.0,4700.0,3099999.9999999995,6400.0,6200.0,4800.0,2100.0,2100.0,0.24,3099999.9999999995,2.6,0.081,0.081,0.0,250.0,0.16,0.0,0.0,0.0,7600.0,1.0,5.1E8,
2.0E-35,0.097,1300.0,4900.0,4700.0,3099999.9999999995,6400.0,6200.0,4800.0,2100.0,2100.0,0.24,3099999.9999999995,2.6,0.081,0.081,0.0,250.0,0.16,0.0,0.0,0.0,7500.0,1.0,5.1E8,
2.0E-35,0.097,1300.0,4900.0,4700.0,3099999.9999999995,6400.0,6200.0,4800.0,2100.0,2100.0,0.24,3099999.9999999995,2.6,0.081,0.081,0.0,250.0,0.16,0.0,0.0,0.0,7500.0,1.0,5.1E8,
2.0E-35,0.097,1300.0,4900.0,4700.0,3099999.9999999995,6400.0,6200.0,4800.0,2100.0,2100.0,0.24,3099999.9999999995,2.6,0.081,0.081,0.0,250.0,0.16,0.0,0.0,0.0,7500.0,1.0,5.1E8,
2.0E-35,0.097,1300.0,4900.0,4700.0,3099999.9999999995,6400.0,6200.0,4800.0,2100.0,2100.0,0.24,3099999.9999999995,2.6,0.081,0.081,0.0,250.0,0.16,0.0,0.0,0.0,7400.0,1.0,5.1E8,
2.0E-35,0.097,1300.0,4900.0,4700.0,3099999.9999999995,6400.0,6200.0,4800.0,2100.0,2100.0,0.24,3099999.9999999995,2.6,0.081,0.081,0.0,250.0,0.16,0.0,0.0,0.0,7400.0,1.0,5.1E8,
2.0E-35,0.097,1300.0,4900.0,4700.0,3099999.9999999995,6400.0,6200.0,4800.0,2100.0,2100.0,0.24,3099999.9999999995,2.6,0.081,0.081,0.0,250.0,0.16,0.0,0.0,0.0,7400.0,1.0,5.1E8,
2.0E-35,0.097,1300.0,4900.0,4700.0,3099999.9999999995,6400.0,6200.0,4800.0,2100.0,2100.0,0.24,3099999.9999999995,2.6,0.081,0.081,0.0,250.0,0.16,0.0,0.0,0.0,7400.0,1.0,5.1E8,
2.0E-35,0.097,1300.0,4900.0,4700.0,3099999.9999999995,6400.0,6200.0,4800.0,2100.0,2100.0,0.24,3099999.9999999995,2.6,0.081,0.081,0.0,250.0,0.16,0.0,0.0,0.0,7400.0,1.0,5.1E8,
2.0E-35,0.097,1300.0,4900.0,4700.0,3099999.9999999995,6400.0,6200.0,4800.0,2100.0,2100.0,0.23,3099999.9999999995,2.6,0.081,0.081,0.0,250.0,0.16,0.0,0.0,0.0,7300.0,1.0,5.1E8,
2.0E-35,0.097,1300.0,4900.0,4700.0,3099999.9999999995,6400.0,6200.0,4800.0,2100.0,2100.0,0.23,3099999.9999999995,2.6,0.081,0.081,0.0,240.0,0.16,0.0,0.0,0.0,7300.0,1.0,5.1E8,
2.0E-35,0.097,1300.0,4900.0,4700.0,3099999.9999999995,6400.0,6200.0,4800.0,2100.0,2100.0,0.23,3099999.9999999995,2.6,0.081,0.081,0.0,240.0,0.16,0.0,0.0,0.0,7300.0,1.0,5.1E8,
2.0E-35,0.097,1300.0,4900.0,4700.0,3099999.9999999995,6400.0,6200.0,4800.0,2100.0,2100.0,0.23,3099999.9999999995,2.6,0.081,0.081,0.0,240.0,0.16,0.0,0.0,0.0,7300.0,1.0,5.1E8,
2.0E-35,0.097,1300.0,4900.0,4700.0,3099999.9999999995,6400.0,6200.0,4800.0,2100.0,2100.0,0.23,3099999.9999999995,2.6,0.081,0.081,0.0,240.0,0.16,0.0,0.0,0.0,7200.0,1.0,5.1E8,
2.0E-35,0.097,1300.0,4900.0,4700.0,3099999.9999999995,6400.0,6200.0,4800.0,2100.0,2100.0,0.23,3099999.9999999995,2.6,0.081,0.081,0.0,240.0,0.16,0.0,0.0,0.0,7200.0,1.0,5.1E8,
2.0E-35,0.097,1300.0,4900.0,4700.0,3099999.9999999995,6400.0,6200.0,4800.0,2100.0,2100.0,0.23,3099999.9999999995,2.6,0.081,0.081,0.0,240.0,0.16,0.0,0.0,0.0,7200.0,1.0,5.1E8,
2.0E-35,0.097,1300.0,4900.0,4700.0,3099999.9999999995,6400.0,6200.0,4800.0,2100.0,2100.0,0.23,3099999.9999999995,2.6,0.081,0.081,0.0,230.0,0.16,0.0,0.0,0.0,7200.0,1.0,5.1E8,
2.0E-35,0.097,1300.0,4900.0,4700.0,3099999.9999999995,6400.0,6200.0,4800.0,2100.0,2100.0,0.23,3099999.9999999995,2.6,0.081,0.081,0.0,230.0,0.16,0.0,0.0,0.0,7100.0,1.0,5.1E8,
2.0E-35,0.097,1300.0,4900.0,4700.0,3099999.9999999995,6400.0,6200.0,4800.0,2100.0,2100.0,0.23,3099999.9999999995,2.6,0.081,0.081,0.0,230.0,0.16,0.0,0.0,0.0,7100.0,1.0,5.1E8,
2.0E-35,0.097,1300.0,4900.0,4700.0,3099999.9999999995,6400.0,6200.0,4800.0,2100.0,2100.0,0.23,3099999.9999999995,2.6,0.081,0.081,0.0,230.0,0.16,0.0,0.0,0.0,7100.0,1.0,5.1E8,
2.0E-35,0.097,1300.0,4900.0,4700.0,3099999.9999999995,6400.0,6200.0,4800.0,2100.0,2100.0,0.23,3099999.9999999995,2.6,0.081,0.081,0.0,230.0,0.16,0.0,0.0,0.0,7100.0,1.0,5.1E8,
2.0E-35,0.097,1300.0,4900.0,4700.0,3099999.9999999995,6400.0,6200.0,4800.0,2100.0,2100.0,0.23,3099999.9999999995,2.6,0.081,0.081,0.0,230.0,0.16,0.0,0.0,0.0,7100.0,1.0,5.1E8,
2.0E-35,0.097,1300.0,4900.0,4700.0,3099999.9999999995,6400.0,6200.0,4800.0,2100.0,2100.0,0.22,3099999.9999999995,2.6,0.081,0.081,0.0,230.0,0.16,0.0,0.0,0.0,7000.0,1.0,5.1E8,
2.0E-35,0.097,1300.0,4900.0,4700.0,3099999.9999999995,6400.0,6200.0,4800.0,2100.0,2100.0,0.22,3099999.9999999995,2.6,0.081,0.081,0.0,230.0,0.16,0.0,0.0,0.0,7000.0,1.0,5.1E8,
2.0E-35,0.097,1300.0,4900.0,4700.0,3099999.9999999995,6400.0,6200.0,4800.0,2100.0,2100.0,0.22,3099999.9999999995,2.6,0.081,0.081,0.0,220.0,0.16,0.0,0.0,0.0,7000.0,1.0,5.1E8,
2.0E-35,0.097,1300.0,4900.0,4700.0,3099999.9999999995,6400.0,6200.0,4800.0,2100.0,2100.0,0.22,3099999.9999999995,2.6,0.081,0.081,0.0,220.0,0.16,0.0,0.0,0.0,7000.0,1.0,5.1E8,
2.0E-35,0.097,1300.0,4900.0,4700.0,3099999.9999999995,6400.0,6200.0,4800.0,2100.0,2100.0,0.22,3099999.9999999995,2.6,0.081,0.081,0.0,220.0,0.16,0.0,0.0,0.0,6900.0,1.0,5.1E8,
2.0E-35,0.097,1300.0,4900.0,4700.0,3099999.9999999995,6400.0,6200.0,4800.0,2100.0,2100.0,0.22,3099999.9999999995,2.6,0.081,0.081,0.0,220.0,0.16,0.0,0.0,0.0,6900.0,1.0,5.1E8,
2.0E-35,0.097,1300.0,4900.0,4700.0,3099999.9999999995,6400.0,6200.0,4800.0,2100.0,2100.0,0.22,3099999.9999999995,2.6,0.081,0.081,0.0,220.0,0.16,0.0,0.0,0.0,6900.0,1.0,5.1E8,
2.0E-35,0.097,1300.0,4900.0,4700.0,3099999.9999999995,6400.0,6200.0,4800.0,2100.0,2100.0,0.22,3099999.9999999995,2.6,0.081,0.081,0.0,220.0,0.16,0.0,0.0,0.0,6900.0,1.0,5.1E8,
2.0E-35,0.097,1300.0,4900.0,4700.0,3099999.9999999995,6400.0,6200.0,4800.0,2100.0,2100.0,0.22,3099999.9999999995,2.6,0.081,0.081,0.0,220.0,0.16,0.0,0.0,0.0,6800.0,1.0,5.1E8,
2.0E-35,0.097,1300.0,4900.0,4700.0,3099999.9999999995,6400.0,6200.0,4800.0,2100.0,2100.0,0.22,3099999.9999999995,2.6,0.081,0.081,0.0,220.0,0.16,0.0,0.0,0.0,6800.0,1.0,5.1E8,
2.0E-35,0.097,1300.0,4900.0,4700.0,3099999.9999999995,6400.0,6200.0,4800.0,2100.0,2100.0,0.22,3099999.9999999995,2.6,0.081,0.081,0.0,220.0,0.16,0.0,0.0,0.0,6800.0,1.0,5.1E8,
2.0E-35,0.097,1300.0,4900.0,4700.0,3099999.9999999995,6400.0,6200.0,4800.0,2100.0,2100.0,0.22,3099999.9999999995,2.6,0.081,0.081,0.0,210.0,0.16,0.0,0.0,0.0,6800.0,1.0,5.1E8,
2.0E-35,0.097,1300.0,4900.0,4700.0,3099999.9999999995,6400.0,6200.0,4800.0,2100.0,2100.0,0.22,3099999.9999999995,2.6,0.081,0.081,0.0,210.0,0.16,0.0,0.0,0.0,6800.0,1.0,5.1E8,
2.0E-35,0.097,1300.0,4900.0,4700.0,3099999.9999999995,6400.0,6200.0,4800.0,2100.0,2100.0,0.22,3099999.9999999995,2.6,0.081,0.081,0.0,210.0,0.16,0.0,0.0,0.0,6800.0,1.0,5.1E8,
2.0E-35,0.097,1300.0,4900.0,4700.0,3099999.9999999995,6400.0,6200.0,4800.0,2100.0,2100.0,0.22,3099999.9999999995,2.6,0.081,0.081,0.0,210.0,0.16,0.0,0.0,0.0,6700.0,1.0,5.1E8,
2.0E-35,0.097,1300.0,4900.0,4700.0,3099999.9999999995,6400.0,6200.0,4800.0,2100.0,2100.0,0.21,3099999.9999999995,2.6,0.081,0.081,0.0,210.0,0.16,0.0,0.0,0.0,6700.0,1.0,5.1E8,
2.0E-35,0.097,1300.0,4900.0,4700.0,3099999.9999999995,6400.0,6200.0,4800.0,2100.0,2100.0,0.21,3099999.9999999995,2.6,0.081,0.081,0.0,210.0,0.16,0.0,0.0,0.0,6700.0,1.0,5.1E8,
2.0E-35,0.097,1300.0,4900.0,4700.0,3099999.9999999995,6400.0,6200.0,4800.0,2100.0,2100.0,0.21,3099999.9999999995,2.6,0.081,0.081,0.0,210.0,0.16,0.0,0.0,0.0,6700.0,1.0,5.1E8,
2.0E-35,0.097,1300.0,4900.0,4700.0,3099999.9999999995,6400.0,6200.0,4800.0,2100.0,2100.0,0.21,3099999.9999999995,2.6,0.081,0.081,0.0,210.0,0.16,0.0,0.0,0.0,6700.0,1.0,5.1E8,
2.0E-35,0.097,1300.0,4900.0,4700.0,3099999.9999999995,6400.0,6200.0,4800.0,2100.0,2100.0,0.21,3099999.9999999995,2.6,0.081,0.081,0.0,210.0,0.16,0.0,0.0,0.0,6600.0,1.0,5.1E8,
2.0E-35,0.097,1300.0,4900.0,4700.0,3099999.9999999995,6400.0,6200.0,4800.0,2100.0,2100.0,0.21,3099999.9999999995,2.6,0.081,0.081,0.0,200.0,0.16,0.0,0.0,0.0,6600.0,1.0,5.1E8,
2.0E-35,0.097,1300.0,4900.0,4700.0,3099999.9999999995,6400.0,6200.0,4800.0,2100.0,2100.0,0.21,3099999.9999999995,2.6,0.081,0.081,0.0,200.0,0.16,0.0,0.0,0.0,6600.0,1.0,5.1E8,
2.0E-35,0.097,1300.0,4900.0,4700.0,3099999.9999999995,6400.0,6200.0,4800.0,2100.0,2100.0,0.21,3099999.9999999995,2.6,0.081,0.081,0.0,200.0,0.16,0.0,0.0,0.0,6600.0,1.0,5.1E8,
2.0E-35,0.097,1300.0,4900.0,4700.0,3099999.9999999995,6400.0,6200.0,4800.0,2100.0,2100.0,0.21,3099999.9999999995,2.6,0.081,0.081,0.0,200.0,0.16,0.0,0.0,0.0,6500.0,1.0,5.1E8,
2.0E-35,0.097,1300.0,4900.0,4700.0,3099999.9999999995,6400.0,6200.0,4800.0,2100.0,2100.0,0.21,3099999.9999999995,2.6,0.081,0.081,0.0,200.0,0.16,0.0,0.0,0.0,6500.0,1.0,5.1E8,
2.0E-35,0.097,1300.0,4900.0,4700.0,3099999.9999999995,6400.0,6200.0,4800.0,2100.0,2100.0,0.21,3099999.9999999995,2.6,0.081,0.081,0.0,200.0,0.16,0.0,0.0,0.0,6500.0,1.0,5.1E8,
2.0E-35,0.097,1300.0,4900.0,4700.0,3099999.9999999995,6400.0,6200.0,4800.0,2100.0,2100.0,0.21,3099999.9999999995,2.6,0.081,0.081,0.0,200.0,0.16,0.0,0.0,0.0,6500.0,1.0,5.1E8,
2.0E-35,0.097,1300.0,4900.0,4700.0,3099999.9999999995,6400.0,6200.0,4800.0,2100.0,2100.0,0.21,3099999.9999999995,2.6,0.081,0.081,0.0,200.0,0.16,0.0,0.0,0.0,6500.0,1.0,5.1E8,
2.0E-35,0.097,1300.0,4900.0,4700.0,3099999.9999999995,6400.0,6200.0,4800.0,2100.0,2100.0,0.21,3099999.9999999995,2.6,0.081,0.081,0.0,200.0,0.16,0.0,0.0,0.0,6500.0,1.0,5.1E8,
2.0E-35,0.097,1300.0,4900.0,4700.0,3099999.9999999995,6400.0,6200.0,4800.0,2100.0,2100.0,0.21,3099999.9999999995,2.6,0.081,0.081,0.0,200.0,0.16,0.0,0.0,0.0,6400.0,1.0,5.1E8,
2.0E-35,0.097,1300.0,4900.0,4700.0,3099999.9999999995,6400.0,6200.0,4800.0,2100.0,2100.0,0.2,3099999.9999999995,2.6,0.081,0.081,0.0,200.0,0.16,0.0,0.0,0.0,6400.0,1.0,5.1E8,
2.0E-35,0.097,1300.0,4900.0,4700.0,3099999.9999999995,6400.0,6200.0,4800.0,2100.0,2100.0,0.2,3099999.9999999995,2.6,0.081,0.081,0.0,200.0,0.16,0.0,0.0,0.0,6400.0,1.0,5.1E8,
2.0E-35,0.097,1300.0,4900.0,4700.0,3099999.9999999995,6400.0,6200.0,4800.0,2100.0,2100.0,0.2,3099999.9999999995,2.6,0.081,0.081,0.0,200.0,0.16,0.0,0.0,0.0,6400.0,1.0,5.1E8,
2.0E-35,0.097,1300.0,4900.0,4700.0,3099999.9999999995,6400.0,6200.0,4800.0,2100.0,2100.0,0.2,3099999.9999999995,2.6,0.081,0.081,0.0,200.0,0.16,0.0,0.0,0.0,6400.0,1.0,5.1E8,
2.0E-35,0.097,1300.0,4900.0,4700.0,3099999.9999999995,6400.0,6200.0,4800.0,2100.0,2100.0,0.2,3099999.9999999995,2.6,0.081,0.081,0.0,190.0,0.16,0.0,0.0,0.0,6300.0,1.0,5.1E8,
2.0E-35,0.097,1300.0,4900.0,4700.0,3099999.9999999995,6400.0,6200.0,4800.0,2100.0,2100.0,0.2,3099999.9999999995,2.6,0.081,0.081,0.0,190.0,0.16,0.0,0.0,0.0,6300.0,1.0,5.1E8,
2.0E-35,0.097,1300.0,4900.0,4700.0,3099999.9999999995,6400.0,6200.0,4800.0,2100.0,2100.0,0.2,3099999.9999999995,2.6,0.081,0.081,0.0,190.0,0.16,0.0,0.0,0.0,6300.0,1.0,5.1E8,
2.0E-35,0.097,1300.0,4900.0,4700.0,3099999.9999999995,6400.0,6200.0,4800.0,2100.0,2100.0,0.2,3099999.9999999995,2.6,0.081,0.081,0.0,190.0,0.16,0.0,0.0,0.0,6300.0,1.0,5.1E8,
2.0E-35,0.097,1300.0,4900.0,4700.0,3099999.9999999995,6400.0,6200.0,4800.0,2100.0,2100.0,0.2,3099999.9999999995,2.6,0.081,0.081,0.0,180.0,0.16,0.0,0.0,0.0,6200.0,1.0,5.1E8,
2.0E-35,0.097,1300.0,4900.0,4700.0,3099999.9999999995,6400.0,6200.0,4800.0,2100.0,2100.0,0.2,3099999.9999999995,2.6,0.081,0.081,0.0,180.0,0.16,0.0,0.0,0.0,6200.0,1.0,5.1E8,
2.0E-35,0.097,1300.0,4900.0,4700.0,3099999.9999999995,6400.0,6200.0,4800.0,2100.0,2100.0,0.2,3099999.9999999995,2.6,0.081,0.081,0.0,180.0,0.16,0.0,0.0,0.0,6200.0,1.0,5.1E8,
2.0E-35,0.097,1300.0,4900.0,4700.0,3099999.9999999995,6400.0,6200.0,4800.0,2100.0,2100.0,0.2,3099999.9999999995,2.6,0.081,0.081,0.0,180.0,0.16,0.0,0.0,0.0,6200.0,1.0,5.1E8,
3.6E-34,1.7,22000.0,190000.0,28000.0,4099999.9999999995,13000.0,12000.0,6200.0,8700.0,2500.0,0.27,4400000.0,47.0,0.43,0.43,0.0,420.0,0.75,0.0,0.0,0.0,8600.0,1.0,5.4E8,
2.5E-34,1.2,14000.0,150000.0,8.3,3999999.9999999995,710.0,4300.0,6200.0,1200.0,2500.0,0.27,4099999.9999999995,32.0,0.32,0.32,0.0,430.0,0.097,0.0,0.0,0.0,8500.0,1.0,5.3E8,
1.4E-35,0.064,1500.0,4300.0,8.3,3999999.9999999995,710.0,4300.0,6200.0,1200.0,2500.0,0.27,3999999.9999999995,1.8,0.1,0.1,0.0,420.0,0.093,0.0,0.0,0.0,8500.0,1.0,5.3E8,
8.199999999999999E-35,0.39,1400.0,57000.0,6900.0,4099999.9999999995,710.0,4300.0,6100.0,1200.0,2500.0,0.27,4200000.0,11.0,0.17,0.17,0.0,430.0,0.34,0.0,0.0,0.0,8500.0,1.0,5.3E8,
1.7999999999999998E-35,0.084,1400.0,3700.0,6800.0,3899999.9999999995,710.0,4300.0,6100.0,1200.0,2500.0,0.27,3899999.9999999995,2.3,0.098,0.098,0.0,420.0,0.33,0.0,0.0,0.0,8400.0,1.0,5.3E8,
1.6999999999999999E-35,0.082,1400.0,3700.0,6800.0,3599999.9999999995,710.0,4300.0,6100.0,1200.0,2500.0,0.27,3599999.9999999995,2.3,0.095,0.095,0.0,420.0,0.32,0.0,0.0,0.0,8400.0,1.0,5.3E8,
1.6999999999999999E-35,0.079,1400.0,3700.0,6800.0,3099999.9999999995,700.0,4300.0,6100.0,1200.0,2500.0,0.26,3099999.9999999995,2.2,0.088,0.088,0.0,420.0,0.31,0.0,0.0,0.0,8300.0,1.0,5.2E8,
1.6999999999999999E-35,0.079,1400.0,3700.0,6800.0,3099999.9999999995,700.0,4300.0,6100.0,1200.0,2500.0,0.26,3099999.9999999995,2.2,0.088,0.088,0.0,420.0,0.31,0.0,0.0,0.0,8200.0,1.0,5.2E8,
1.6999999999999999E-35,0.079,1400.0,3700.0,6800.0,3099999.9999999995,700.0,4300.0,6100.0,1200.0,2500.0,0.26,3099999.9999999995,2.2,0.088,0.088,0.0,410.0,0.31,0.0,0.0,0.0,8200.0,1.0,5.2E8,
1.4E-34,0.67,5100.0,90000.0,3200.0,3799999.9999999995,700.0,4300.0,6100.0,1200.0,2500.0,0.27,3899999.9999999995,18.0,0.17,0.17,0.0,420.0,0.084,0.0,0.0,0.0,8400.0,1.0,5.3E8,
1.6E-35,0.076,5100.0,4200.0,3200.0,3599999.9999999995,700.0,4300.0,6100.0,1200.0,2500.0,0.27,3599999.9999999995,2.0,0.073,0.073,0.0,430.0,0.081,0.0,0.0,0.0,8400.0,1.0,5.3E8,
1.5E-35,0.073,5100.0,4200.0,3200.0,3199999.9999999995,700.0,4200.0,6100.0,1200.0,2500.0,0.26,3199999.9999999995,1.9,0.069,0.069,0.0,430.0,0.076,0.0,0.0,0.0,8300.0,1.0,5.3E8,
1.5E-35,0.073,5100.0,4200.0,3200.0,3099999.9999999995,700.0,4200.0,6100.0,1200.0,2500.0,0.26,3199999.9999999995,1.9,0.068,0.068,0.0,420.0,0.075,0.0,0.0,0.0,8300.0,1.0,5.3E8,
1.5E-35,0.072,5100.0,4200.0,3100.0,3099999.9999999995,700.0,4200.0,6000.0,1200.0,2500.0,0.26,3099999.9999999995,1.9,0.067,0.067,0.0,430.0,0.075,0.0,0.0,0.0,8200.0,1.0,5.2E8,
1.5E-35,0.072,5100.0,4200.0,3100.0,3099999.9999999995,700.0,4200.0,6000.0,1200.0,2500.0,0.26,3099999.9999999995,1.9,0.067,0.067,0.0,420.0,0.075,0.0,0.0,0.0,8200.0,1.0,5.2E8,
1.5E-35,0.072,5100.0,4200.0,3100.0,3099999.9999999995,700.0,4200.0,6000.0,1200.0,2500.0,0.26,3099999.9999999995,1.9,0.067,0.067,0.0,420.0,0.075,0.0,0.0,0.0,8100.0,1.0,5.2E8,
1.5E-35,0.072,5100.0,4200.0,3100.0,3099999.9999999995,700.0,4200.0,6000.0,1200.0,2500.0,0.26,3099999.9999999995,1.9,0.067,0.067,0.0,410.0,0.075,0.0,0.0,0.0,8100.0,1.0,5.2E8,
1.5E-35,0.072,5100.0,4200.0,3100.0,3099999.9999999995,700.0,4200.0,6000.0,1200.0,2500.0,0.26,3099999.9999999995,1.9,0.067,0.067,0.0,390.0,0.075,0.0,0.0,0.0,8100.0,1.0,5.2E8,
1.5E-35,0.072,5100.0,4200.0,3100.0,3099999.9999999995,700.0,4200.0,6000.0,1200.0,2500.0,0.26,3099999.9999999995,1.9,0.067,0.067,0.0,390.0,0.075,0.0,0.0,0.0,8100.0,1.0,5.2E8,
1.5E-35,0.072,5100.0,4200.0,3100.0,3099999.9999999995,700.0,4200.0,6000.0,1200.0,2500.0,0.26,3099999.9999999995,1.9,0.067,0.067,0.0,390.0,0.075,0.0,0.0,0.0,8000.0,1.0,5.2E8,
1.5E-35,0.072,5100.0,4200.0,3100.0,3099999.9999999995,700.0,4200.0,6000.0,1200.0,2500.0,0.26,3099999.9999999995,1.9,0.067,0.067,0.0,390.0,0.075,0.0,0.0,0.0,8000.0,1.0,5.2E8,
2.3E-35,0.11,6200.0,3500.0,6000.0,3799999.9999999995,700.0,4200.0,6000.0,1200.0,2500.0,0.26,3799999.9999999995,3.2,0.084,0.084,0.0,400.0,0.21,0.0,0.0,0.0,8200.0,1.0,5.2E8,
2.2E-35,0.11,6200.0,3500.0,6000.0,3499999.9999999995,690.0,4200.0,6000.0,1200.0,2400.0,0.26,3499999.9999999995,3.1,0.081,0.081,0.0,400.0,0.2,0.0,0.0,0.0,8100.0,1.0,5.2E8,
2.2E-35,0.1,6200.0,3500.0,6000.0,3099999.9999999995,690.0,4200.0,6000.0,1200.0,2400.0,0.26,3199999.9999999995,3.0,0.077,0.077,0.0,400.0,0.19,0.0,0.0,0.0,8100.0,1.0,5.2E8,
2.2E-35,0.1,6200.0,3500.0,6000.0,3099999.9999999995,690.0,4200.0,6000.0,1200.0,2400.0,0.26,3099999.9999999995,3.0,0.077,0.077,0.0,400.0,0.19,0.0,0.0,0.0,8000.0,1.0,5.2E8,
2.2E-35,0.1,6200.0,3400.0,5900.0,3099999.9999999995,690.0,4200.0,6000.0,1200.0,2400.0,0.25,3099999.9999999995,3.0,0.076,0.076,0.0,400.0,0.19,0.0,0.0,0.0,8000.0,1.0,5.2E8,
2.2E-35,0.1,6200.0,3400.0,5900.0,3099999.9999999995,690.0,4200.0,6000.0,1200.0,2400.0,0.25,3099999.9999999995,3.0,0.076,0.076,0.0,400.0,0.19,0.0,0.0,0.0,8000.0,1.0,5.2E8,
2.2E-35,0.1,6200.0,3400.0,5900.0,3099999.9999999995,690.0,4200.0,6000.0,1200.0,2400.0,0.25,3099999.9999999995,3.0,0.076,0.076,0.0,400.0,0.19,0.0,0.0,0.0,8000.0,1.0,5.2E8,
2.2E-35,0.1,6200.0,3400.0,5900.0,3099999.9999999995,690.0,4200.0,6000.0,1200.0,2400.0,0.25,3099999.9999999995,3.0,0.076,0.076,0.0,400.0,0.19,0.0,0.0,0.0,7900.0,1.0,5.2E8,
2.2E-35,0.1,6200.0,3400.0,5900.0,3099999.9999999995,690.0,4200.0,6000.0,1200.0,2400.0,0.25,3099999.9999999995,3.0,0.076,0.076,0.0,400.0,0.19,0.0,0.0,0.0,7900.0,1.0,5.2E8,
2.2E-35,0.1,6200.0,3400.0,5900.0,3099999.9999999995,690.0,4200.0,6000.0,1200.0,2400.0,0.25,3099999.9999999995,3.0,0.076,0.076,0.0,400.0,0.19,0.0,0.0,0.0,7900.0,1.0,5.2E8,
2.2E-35,0.1,6200.0,3400.0,5900.0,3099999.9999999995,690.0,4200.0,6000.0,1200.0,2400.0,0.25,3099999.9999999995,3.0,0.076,0.076,0.0,390.0,0.19,0.0,0.0,0.0,7900.0,1.0,5.2E8,
2.2E-35,0.1,6200.0,3400.0,5900.0,3099999.9999999995,690.0,4200.0,6000.0,1200.0,2400.0,0.25,3099999.9999999995,3.0,0.076,0.076,0.0,390.0,0.19,0.0,0.0,0.0,7800.0,1.0,5.2E8,
2.2E-35,0.1,6200.0,3400.0,5900.0,3099999.9999999995,690.0,4200.0,6000.0,1200.0,2400.0,0.25,3099999.9999999995,3.0,0.076,0.076,0.0,390.0,0.19,0.0,0.0,0.0,7800.0,1.0,5.2E8,
2.2E-35,0.1,6200.0,3400.0,5900.0,3099999.9999999995,690.0,4200.0,6000.0,1200.0,2400.0,0.25,3099999.9999999995,3.0,0.076,0.076,0.0,390.0,0.19,0.0,0.0,0.0,7800.0,1.0,5.2E8,
2.2E-35,0.1,6200.0,3400.0,5900.0,3099999.9999999995,690.0,4200.0,6000.0,1200.0,2400.0,0.25,3099999.9999999995,3.0,0.076,0.076,0.0,390.0,0.19,0.0,0.0,0.0,7800.0,1.0,5.2E8,
2.2E-35,0.1,6200.0,3400.0,5900.0,3099999.9999999995,690.0,4200.0,6000.0,1200.0,2400.0,0.25,3099999.9999999995,3.0,0.076,0.076,0.0,390.0,0.19,0.0,0.0,0.0,7700.0,1.0,5.2E8,
2.2E-35,0.1,6200.0,3400.0,5900.0,3099999.9999999995,690.0,4200.0,6000.0,1200.0,2400.0,0.25,3099999.9999999995,3.0,0.076,0.076,0.0,390.0,0.19,0.0,0.0,0.0,7700.0,1.0,5.2E8,
2.2E-35,0.1,6200.0,3400.0,5900.0,3099999.9999999995,690.0,4200.0,6000.0,1200.0,2400.0,0.24,3099999.9999999995,3.0,0.076,0.076,0.0,390.0,0.19,0.0,0.0,0.0,7700.0,1.0,5.2E8,
2.2E-35,0.1,6200.0,3400.0,5900.0,3099999.9999999995,690.0,4200.0,6000.0,1200.0,2400.0,0.24,3099999.9999999995,3.0,0.076,0.076,0.0,390.0,0.19,0.0,0.0,0.0,7700.0,1.0,5.2E8,
2.2E-35,0.1,6200.0,3400.0,5900.0,3099999.9999999995,690.0,4200.0,6000.0,1200.0,2400.0,0.24,3099999.9999999995,3.0,0.076,0.076,0.0,390.0,0.19,0.0,0.0,0.0,7700.0,1.0,5.2E8,
2.2E-35,0.1,6200.0,3400.0,5900.0,3099999.9999999995,690.0,4200.0,6000.0,1200.0,2400.0,0.24,3099999.9999999995,3.0,0.076,0.076,0.0,390.0,0.19,0.0,0.0,0.0,7600.0,1.0,5.2E8,
2.2E-35,0.1,6200.0,3400.0,5900.0,3099999.9999999995,690.0,4200.0,6000.0,1200.0,2400.0,0.24,3099999.9999999995,3.0,0.076,0.076,0.0,390.0,0.19,0.0,0.0,0.0,7600.0,1.0,5.2E8,
2.2E-35,0.1,6200.0,3400.0,5900.0,3099999.9999999995,690.0,4200.0,6000.0,1200.0,2400.0,0.24,3099999.9999999995,3.0,0.076,0.076,0.0,380.0,0.19,0.0,0.0,0.0,7600.0,1.0,5.2E8,
2.2E-35,0.1,6200.0,3400.0,5900.0,3099999.9999999995,690.0,4200.0,6000.0,1200.0,2400.0,0.24,3099999.9999999995,3.0,0.076,0.076,0.0,380.0,0.19,0.0,0.0,0.0,7600.0,1.0,5.2E8,
2.2E-35,0.1,6200.0,3400.0,5900.0,3099999.9999999995,690.0,4200.0,6000.0,1200.0,2400.0,0.24,3099999.9999999995,3.0,0.076,0.076,0.0,380.0,0.19,0.0,0.0,0.0,7600.0,1.0,5.2E8,
2.2E-35,0.1,6200.0,3400.0,5900.0,3099999.9999999995,690.0,4200.0,6000.0,1200.0,2400.0,0.24,3099999.9999999995,3.0,0.076,0.076,0.0,380.0,0.19,0.0,0.0,0.0,7500.0,1.0,5.2E8,
2.2E-35,0.1,6200.0,3400.0,5900.0,3099999.9999999995,690.0,4200.0,6000.0,1200.0,2400.0,0.24,3099999.9999999995,3.0,0.076,0.076,0.0,370.0,0.19,0.0,0.0,0.0,7500.0,1.0,5.2E8,
2.2E-35,0.1,6200.0,3400.0,5900.0,3099999.9999999995,690.0,4200.0,6000.0,1200.0,2400.0,0.24,3099999.9999999995,3.0,0.076,0.076,0.0,370.0,0.19,0.0,0.0,0.0,7500.0,1.0,5.2E8,
2.2E-35,0.1,6200.0,3400.0,5900.0,3099999.9999999995,690.0,4200.0,6000.0,1200.0,2400.0,0.24,3099999.9999999995,3.0,0.076,0.076,0.0,370.0,0.19,0.0,0.0,0.0,7500.0,1.0,5.2E8,
2.2E-35,0.1,6200.0,3400.0,5900.0,3099999.9999999995,690.0,4200.0,6000.0,1200.0,2400.0,0.24,3099999.9999999995,3.0,0.076,0.076,0.0,370.0,0.19,0.0,0.0,0.0,7400.0,1.0,5.2E8,
2.2E-35,0.1,6200.0,3400.0,5900.0,3099999.9999999995,690.0,4200.0,6000.0,1200.0,2400.0,0.24,3099999.9999999995,3.0,0.076,0.076,0.0,370.0,0.19,0.0,0.0,0.0,7400.0,1.0,5.2E8,
2.2E-35,0.1,6200.0,3400.0,5900.0,3099999.9999999995,690.0,4200.0,6000.0,1200.0,2400.0,0.23,3099999.9999999995,3.0,0.076,0.076,0.0,370.0,0.19,0.0,0.0,0.0,7400.0,1.0,5.2E8,
2.2E-35,0.1,6200.0,3400.0,5900.0,3099999.9999999995,690.0,4200.0,6000.0,1200.0,2400.0,0.23,3099999.9999999995,3.0,0.076,0.076,0.0,360.0,0.19,0.0,0.0,0.0,7400.0,1.0,5.2E8,
2.2E-35,0.1,6200.0,3400.0,5900.0,3099999.9999999995,690.0,4200.0,6000.0,1200.0,2400.0,0.23,3099999.9999999995,3.0,0.076,0.076,0.0,360.0,0.19,0.0,0.0,0.0,7300.0,1.0,5.2E8,
2.2E-35,0.1,6200.0,3400.0,5900.0,3099999.9999999995,690.0,4200.0,6000.0,1200.0,2400.0,0.23,3099999.9999999995,3.0,0.076,0.076,0.0,360.0,0.19,0.0,0.0,0.0,7300.0,1.0,5.2E8,
2.2E-35,0.1,6200.0,3400.0,5900.0,3099999.9999999995,690.0,4200.0,6000.0,1200.0,2400.0,0.23,3099999.9999999995,3.0,0.076,0.076,0.0,350.0,0.19,0.0,0.0,0.0,7300.0,1.0,5.2E8,
2.2E-35,0.1,6200.0,3400.0,5900.0,3099999.9999999995,690.0,4200.0,6000.0,1200.0,2400.0,0.23,3099999.9999999995,3.0,0.076,0.076,0.0,350.0,0.19,0.0,0.0,0.0,7300.0,1.0,5.2E8,
2.2E-35,0.1,6200.0,3400.0,5900.0,3099999.9999999995,690.0,4200.0,6000.0,1200.0,2400.0,0.23,3099999.9999999995,3.0,0.076,0.076,0.0,350.0,0.19,0.0,0.0,0.0,7200.0,1.0,5.2E8,
5.2E-35,0.25,23000.0,3400.0,21000.0,5200000.0,350.0,7300.0,12000.0,5000.0,6200.0,0.4,5300000.0,6.9,0.21,0.21,0.0,660.0,1.5,0.0,0.0,0.0,13000.0,1.0,6.1E8,
2.0E-35,0.097,110.0,3400.0,3400.0,4800000.0,350.0,7300.0,4200.0,5000.0,6200.0,0.39,4900000.0,2.7,0.18,0.18,0.0,650.0,0.46,0.0,0.0,0.0,13000.0,1.0,6.1E8,
2.0E-35,0.094,110.0,3400.0,3400.0,4600000.0,350.0,7300.0,4200.0,5000.0,6200.0,0.39,4600000.0,2.6,0.18,0.18,0.0,650.0,0.45,0.0,0.0,0.0,13000.0,1.0,6.1E8,
1.8999999999999998E-35,0.09,110.0,3400.0,3400.0,4099999.9999999995,350.0,7300.0,4200.0,5000.0,6200.0,0.39,4099999.9999999995,2.5,0.17,0.17,0.0,640.0,0.42,0.0,0.0,0.0,13000.0,1.0,6.0E8,
1.7999999999999998E-35,0.086,110.0,3400.0,3400.0,3599999.9999999995,350.0,7300.0,4200.0,5000.0,6200.0,0.38,3699999.9999999995,2.4,0.16,0.16,0.0,640.0,0.4,0.0,0.0,0.0,13000.0,1.0,6.0E8,
1.7999999999999998E-35,0.084,110.0,3300.0,3400.0,3399999.9999999995,350.0,7300.0,4200.0,5000.0,6200.0,0.38,3399999.9999999995,2.4,0.16,0.16,0.0,650.0,0.38,0.0,0.0,0.0,13000.0,1.0,6.0E8,
1.7999999999999998E-35,0.084,110.0,3300.0,3400.0,3399999.9999999995,350.0,7300.0,4200.0,5000.0,6200.0,0.38,3399999.9999999995,2.4,0.16,0.16,0.0,650.0,0.38,0.0,0.0,0.0,13000.0,1.0,6.0E8,
1.7999999999999998E-35,0.084,110.0,3300.0,3400.0,3399999.9999999995,350.0,7300.0,4200.0,5000.0,6200.0,0.38,3399999.9999999995,2.4,0.16,0.16,0.0,650.0,0.38,0.0,0.0,0.0,13000.0,1.0,6.0E8,
1.7999999999999998E-35,0.084,110.0,3300.0,3400.0,3399999.9999999995,350.0,7300.0,4200.0,5000.0,6200.0,0.38,3399999.9999999995,2.4,0.16,0.16,0.0,630.0,0.38,0.0,0.0,0.0,13000.0,1.0,6.0E8,
1.7999999999999998E-35,0.084,110.0,3300.0,3400.0,3399999.9999999995,350.0,7300.0,4200.0,5000.0,6200.0,0.38,3399999.9999999995,2.4,0.16,0.16,0.0,630.0,0.38,0.0,0.0,0.0,13000.0,1.0,6.0E8,
1.7999999999999998E-35,0.084,110.0,3300.0,3400.0,3399999.9999999995,350.0,7300.0,4200.0,5000.0,6200.0,0.38,3399999.9999999995,2.4,0.16,0.16,0.0,630.0,0.38,0.0,0.0,0.0,13000.0,1.0,6.0E8,
1.7999999999999998E-35,0.084,110.0,3300.0,3400.0,3399999.9999999995,350.0,7300.0,4200.0,5000.0,6200.0,0.37,3399999.9999999995,2.4,0.16,0.16,0.0,630.0,0.38,0.0,0.0,0.0,12000.0,1.0,6.0E8,
1.7999999999999998E-35,0.084,110.0,3300.0,3400.0,3399999.9999999995,350.0,7300.0,4200.0,5000.0,6200.0,0.37,3399999.9999999995,2.4,0.16,0.16,0.0,630.0,0.38,0.0,0.0,0.0,12000.0,1.0,6.0E8,
1.7999999999999998E-35,0.084,110.0,3300.0,3400.0,3399999.9999999995,350.0,7300.0,4200.0,5000.0,6200.0,0.37,3399999.9999999995,2.4,0.16,0.16,0.0,620.0,0.38,0.0,0.0,0.0,12000.0,1.0,5.9E8,
1.7999999999999998E-35,0.084,110.0,3300.0,3400.0,3399999.9999999995,350.0,7300.0,4200.0,5000.0,6200.0,0.37,3399999.9999999995,2.4,0.16,0.16,0.0,620.0,0.38,0.0,0.0,0.0,12000.0,1.0,5.9E8,
1.7999999999999998E-35,0.084,110.0,3300.0,3400.0,3399999.9999999995,350.0,7300.0,4200.0,5000.0,6200.0,0.37,3399999.9999999995,2.4,0.16,0.16,0.0,620.0,0.38,0.0,0.0,0.0,12000.0,1.0,5.9E8,
1.7999999999999998E-35,0.084,110.0,3300.0,3400.0,3399999.9999999995,350.0,7300.0,4200.0,5000.0,6200.0,0.37,3399999.9999999995,2.4,0.16,0.16,0.0,610.0,0.38,0.0,0.0,0.0,12000.0,1.0,5.9E8,
1.7999999999999998E-35,0.084,110.0,3300.0,3400.0,3399999.9999999995,350.0,7300.0,4200.0,5000.0,6200.0,0.37,3399999.9999999995,2.4,0.16,0.16,0.0,610.0,0.38,0.0,0.0,0.0,12000.0,1.0,5.9E8,
1.7999999999999998E-35,0.084,110.0,3300.0,3400.0,3399999.9999999995,350.0,7300.0,4200.0,5000.0,6200.0,0.37,3399999.9999999995,2.3,0.16,0.16,0.0,600.0,0.38,0.0,0.0,0.0,12000.0,1.0,5.8E8,
1.7999999999999998E-35,0.083,110.0,3300.0,3400.0,3299999.9999999995,350.0,7300.0,4200.0,5000.0,6200.0,0.37,3399999.9999999995,2.3,0.16,0.16,0.0,600.0,0.38,0.0,0.0,0.0,12000.0,1.0,5.8E8,
1.7999999999999998E-35,0.083,110.0,3300.0,3400.0,3299999.9999999995,350.0,7300.0,4200.0,5000.0,6200.0,0.37,3399999.9999999995,2.3,0.16,0.16,0.0,600.0,0.38,0.0,0.0,0.0,12000.0,1.0,5.8E8,
1.7999999999999998E-35,0.083,110.0,3300.0,3400.0,3299999.9999999995,350.0,7300.0,4200.0,5000.0,6200.0,0.36,3399999.9999999995,2.3,0.16,0.16,0.0,600.0,0.38,0.0,0.0,0.0,12000.0,1.0,5.8E8,
1.7999999999999998E-35,0.083,110.0,3300.0,3400.0,3299999.9999999995,350.0,7300.0,4200.0,5000.0,6200.0,0.36,3399999.9999999995,2.3,0.16,0.16,0.0,600.0,0.38,0.0,0.0,0.0,12000.0,1.0,5.8E8,
1.7999999999999998E-35,0.083,110.0,3300.0,3400.0,3299999.9999999995,350.0,7300.0,4200.0,5000.0,6200.0,0.36,3399999.9999999995,2.3,0.16,0.16,0.0,580.0,0.38,0.0,0.0,0.0,12000.0,1.0,5.8E8,
1.7999999999999998E-35,0.083,110.0,3300.0,3400.0,3299999.9999999995,350.0,7300.0,4200.0,5000.0,6200.0,0.36,3399999.9999999995,2.3,0.16,0.16,0.0,580.0,0.38,0.0,0.0,0.0,12000.0,1.0,5.8E8,
1.7999999999999998E-35,0.083,110.0,3300.0,3400.0,3299999.9999999995,350.0,7300.0,4200.0,5000.0,6200.0,0.36,3399999.9999999995,2.3,0.16,0.16,0.0,580.0,0.38,0.0,0.0,0.0,12000.0,1.0,5.8E8,
1.7999999999999998E-35,0.083,110.0,3300.0,3400.0,3299999.9999999995,350.0,7300.0,4200.0,5000.0,6200.0,0.36,3399999.9999999995,2.3,0.16,0.16,0.0,570.0,0.38,0.0,0.0,0.0,12000.0,1.0,5.8E8,
1.7999999999999998E-35,0.083,110.0,3300.0,3400.0,3299999.9999999995,350.0,7300.0,4200.0,5000.0,6200.0,0.36,3399999.9999999995,2.3,0.16,0.16,0.0,570.0,0.38,0.0,0.0,0.0,12000.0,1.0,5.8E8,
1.7999999999999998E-35,0.083,110.0,3300.0,3400.0,3299999.9999999995,350.0,7300.0,4200.0,5000.0,6200.0,0.36,3399999.9999999995,2.3,0.16,0.16,0.0,560.0,0.38,0.0,0.0,0.0,12000.0,1.0,5.8E8,
1.7999999999999998E-35,0.083,110.0,3300.0,3400.0,3299999.9999999995,350.0,7300.0,4200.0,5000.0,6200.0,0.36,3399999.9999999995,2.3,0.16,0.16,0.0,560.0,0.38,0.0,0.0,0.0,12000.0,1.0,5.8E8,
1.7999999999999998E-35,0.083,110.0,3300.0,3400.0,3299999.9999999995,350.0,7300.0,4200.0,5000.0,6200.0,0.35,3399999.9999999995,2.3,0.16,0.16,0.0,560.0,0.38,0.0,0.0,0.0,12000.0,1.0,5.8E8,
1.7999999999999998E-35,0.083,110.0,3300.0,3400.0,3299999.9999999995,350.0,7300.0,4200.0,5000.0,6200.0,0.35,3399999.9999999995,2.3,0.16,0.16,0.0,560.0,0.38,0.0,0.0,0.0,12000.0,1.0,5.8E8,
1.7999999999999998E-35,0.083,110.0,3300.0,3400.0,3299999.9999999995,350.0,7300.0,4200.0,5000.0,6200.0,0.35,3399999.9999999995,2.3,0.16,0.16,0.0,550.0,0.38,0.0,0.0,0.0,12000.0,1.0,5.8E8,
1.4E-34,0.66,3400.0,60000.0,18000.0,5100000.0,26000.0,1800.0,4200.0,13000.0,6200.0,0.37,5200000.0,21.0,0.28,0.28,0.0,620.0,1.5,0.0,0.0,0.0,12000.0,1.0,6.0E8,
1.3E-35,0.06,3400.0,2600.0,88.0,4900000.0,3000.0,1800.0,4200.0,5000.0,6200.0,0.37,4900000.0,2.0,0.17,0.17,0.0,600.0,0.32,0.0,0.0,0.0,12000.0,1.0,6.0E8,
1.3E-35,0.06,3400.0,2600.0,88.0,4900000.0,3000.0,1800.0,4200.0,5000.0,6200.0,0.37,4900000.0,1.9,0.17,0.17,0.0,610.0,0.32,0.0,0.0,0.0,12000.0,1.0,6.0E8,
1.1999999999999999E-35,0.058,3400.0,2600.0,88.0,4600000.0,3000.0,1800.0,4200.0,5000.0,6200.0,0.37,4700000.0,1.9,0.16,0.16,0.0,610.0,0.3,0.0,0.0,0.0,12000.0,1.0,6.0E8,
1.1E-35,0.055,3400.0,2600.0,87.0,4200000.0,3000.0,1800.0,4200.0,5000.0,6100.0,0.36,4200000.0,1.8,0.16,0.16,0.0,610.0,0.27,0.0,0.0,0.0,12000.0,1.0,5.9E8,
1.1E-35,0.053,3400.0,2600.0,87.0,4099999.9999999995,3000.0,1800.0,4200.0,5000.0,6100.0,0.36,4099999.9999999995,1.7,0.15,0.15,0.0,610.0,0.26,0.0,0.0,0.0,12000.0,1.0,5.9E8,
1.1E-35,0.051,3400.0,2600.0,87.0,3799999.9999999995,3000.0,1800.0,4200.0,4900.0,6100.0,0.36,3799999.9999999995,1.7,0.15,0.15,0.0,610.0,0.25,0.0,0.0,0.0,12000.0,1.0,5.9E8,
1.0E-35,0.048,3400.0,2600.0,87.0,3399999.9999999995,3000.0,1800.0,4100.0,4900.0,6100.0,0.36,3399999.9999999995,1.6,0.14,0.14,0.0,610.0,0.22,0.0,0.0,0.0,12000.0,1.0,5.9E8,
1.0E-35,0.048,3400.0,2600.0,87.0,3299999.9999999995,3000.0,1800.0,4100.0,4900.0,6100.0,0.35,3399999.9999999995,1.5,0.14,0.14,0.0,610.0,0.22,0.0,0.0,0.0,12000.0,1.0,5.8E8,
1.0E-35,0.048,3400.0,2600.0,87.0,3299999.9999999995,3000.0,1800.0,4100.0,4900.0,6100.0,0.35,3399999.9999999995,1.5,0.14,0.14,0.0,610.0,0.22,0.0,0.0,0.0,12000.0,1.0,5.8E8,
1.0E-35,0.048,3400.0,2600.0,87.0,3299999.9999999995,3000.0,1800.0,4100.0,4900.0,6100.0,0.35,3399999.9999999995,1.5,0.14,0.14,0.0,610.0,0.22,0.0,0.0,0.0,12000.0,1.0,5.8E8,
1.0E-35,0.048,3400.0,2600.0,87.0,3299999.9999999995,3000.0,1800.0,4100.0,4900.0,6100.0,0.35,3399999.9999999995,1.5,0.14,0.14,0.0,600.0,0.22,0.0,0.0,0.0,12000.0,1.0,5.8E8,
1.0E-35,0.048,3400.0,2600.0,87.0,3299999.9999999995,3000.0,1800.0,4100.0,4900.0,6100.0,0.35,3399999.9999999995,1.5,0.14,0.14,0.0,600.0,0.22,0.0,0.0,0.0,12000.0,1.0,5.8E8,
1.0E-35,0.048,3400.0,2600.0,87.0,3299999.9999999995,3000.0,1800.0,4100.0,4900.0,6100.0,0.35,3399999.9999999995,1.5,0.14,0.14,0.0,600.0,0.22,0.0,0.0,0.0,12000.0,1.0,5.8E8,
1.0E-35,0.048,3400.0,2600.0,87.0,3299999.9999999995,3000.0,1800.0,4100.0,4900.0,6100.0,0.35,3399999.9999999995,1.5,0.14,0.14,0.0,600.0,0.22,0.0,0.0,0.0,12000.0,1.0,5.8E8,
1.0E-35,0.048,3400.0,2600.0,87.0,3299999.9999999995,3000.0,1800.0,4100.0,4900.0,6100.0,0.35,3399999.9999999995,1.5,0.14,0.14,0.0,600.0,0.22,0.0,0.0,0.0,12000.0,1.0,5.8E8,
1.0E-35,0.048,3400.0,2600.0,87.0,3299999.9999999995,3000.0,1800.0,4100.0,4900.0,6100.0,0.35,3399999.9999999995,1.5,0.14,0.14,0.0,600.0,0.22,0.0,0.0,0.0,12000.0,1.0,5.8E8,
1.0E-35,0.048,3400.0,2600.0,87.0,3299999.9999999995,3000.0,1800.0,4100.0,4900.0,6100.0,0.35,3399999.9999999995,1.5,0.14,0.14,0.0,590.0,0.22,0.0,0.0,0.0,12000.0,1.0,5.8E8,
1.0E-35,0.048,3400.0,2600.0,87.0,3299999.9999999995,3000.0,1800.0,4100.0,4900.0,6100.0,0.34,3399999.9999999995,1.5,0.14,0.14,0.0,590.0,0.22,0.0,0.0,0.0,12000.0,1.0,5.8E8,
1.0E-35,0.048,3400.0,2600.0,87.0,3299999.9999999995,3000.0,1800.0,4100.0,4900.0,6100.0,0.34,3399999.9999999995,1.5,0.14,0.14,0.0,580.0,0.22,0.0,0.0,0.0,12000.0,1.0,5.8E8,
1.0E-35,0.048,3400.0,2600.0,87.0,3299999.9999999995,3000.0,1800.0,4100.0,4900.0,6100.0,0.34,3399999.9999999995,1.5,0.14,0.14,0.0,580.0,0.22,0.0,0.0,0.0,11000.0,1.0,5.8E8,
2.0E-34,0.95,13000.0,75000.0,44000.0,4800000.0,5000.0,5600.0,5700.0,4600.0,9800.0,0.36,5000000.0,27.0,0.49,0.49,0.0,640.0,0.91,0.0,0.0,0.0,12000.0,1.0,6.0E8,
1.4E-35,0.064,280.0,2200.0,1700.0,4600000.0,5000.0,5600.0,5700.0,4600.0,2300.0,0.35,4600000.0,1.8,0.13,0.13,0.0,640.0,0.12,0.0,0.0,0.0,12000.0,1.0,6.0E8,
1.3E-35,0.06,280.0,2200.0,1700.0,4099999.9999999995,5000.0,5600.0,5700.0,4600.0,2300.0,0.35,4099999.9999999995,1.7,0.12,0.12,0.0,640.0,0.11,0.0,0.0,0.0,12000.0,1.0,5.9E8,
1.1999999999999999E-35,0.058,280.0,2200.0,1700.0,3799999.9999999995,5000.0,5600.0,5700.0,4600.0,2300.0,0.34,3799999.9999999995,1.7,0.12,0.12,0.0,630.0,0.1,0.0,0.0,0.0,12000.0,1.0,5.9E8,
4.2E-35,0.2,5700.0,24000.0,1400.0,4700000.0,5000.0,5600.0,5700.0,4600.0,2200.0,0.35,4800000.0,6.3,0.14,0.14,0.0,630.0,0.083,0.0,0.0,0.0,12000.0,1.0,6.0E8,
1.0E-35,0.049,5700.0,1600.0,1400.0,4500000.0,4900.0,5600.0,5700.0,4600.0,2200.0,0.35,4500000.0,1.5,0.1,0.1,0.0,630.0,0.079,0.0,0.0,0.0,12000.0,1.0,6.0E8,
9.6E-36,0.046,5700.0,1600.0,1400.0,3999999.9999999995,4900.0,5500.0,5600.0,4600.0,2200.0,0.34,3999999.9999999995,1.4,0.093,0.093,0.0,630.0,0.072,0.0,0.0,0.0,12000.0,1.0,5.9E8,
9.1E-36,0.044,5700.0,1600.0,1400.0,3599999.9999999995,4900.0,5500.0,5600.0,4500.0,2200.0,0.34,3599999.9999999995,1.4,0.088,0.088,0.0,630.0,0.068,0.0,0.0,0.0,11000.0,1.0,5.9E8,
8.8E-36,0.042,5700.0,1600.0,1400.0,3399999.9999999995,4900.0,5500.0,5600.0,4500.0,2200.0,0.34,3399999.9999999995,1.3,0.085,0.085,0.0,630.0,0.064,0.0,0.0,0.0,11000.0,1.0,5.9E8,
8.8E-36,0.042,5600.0,1600.0,1400.0,3399999.9999999995,4900.0,5500.0,5600.0,4500.0,2200.0,0.34,3399999.9999999995,1.3,0.085,0.085,0.0,630.0,0.064,0.0,0.0,0.0,11000.0,1.0,5.9E8,
8.7E-36,0.042,5600.0,1600.0,1400.0,3299999.9999999995,4900.0,5500.0,5600.0,4500.0,2200.0,0.34,3399999.9999999995,1.3,0.084,0.084,0.0,630.0,0.064,0.0,0.0,0.0,11000.0,1.0,5.8E8,
8.7E-36,0.042,5600.0,1600.0,1400.0,3299999.9999999995,4900.0,5500.0,5600.0,4500.0,2200.0,0.33,3399999.9999999995,1.3,0.084,0.084,0.0,630.0,0.064,0.0,0.0,0.0,11000.0,1.0,5.8E8,
8.7E-36,0.042,5600.0,1600.0,1400.0,3299999.9999999995,4900.0,5500.0,5600.0,4500.0,2200.0,0.33,3399999.9999999995,1.3,0.084,0.084,0.0,630.0,0.064,0.0,0.0,0.0,11000.0,1.0,5.8E8,
8.7E-36,0.042,5600.0,1600.0,1400.0,3299999.9999999995,4900.0,5500.0,5600.0,4500.0,2200.0,0.33,3399999.9999999995,1.3,0.084,0.084,0.0,620.0,0.064,0.0,0.0,0.0,11000.0,1.0,5.8E8,
8.7E-36,0.042,5600.0,1600.0,1400.0,3299999.9999999995,4900.0,5500.0,5600.0,4500.0,2200.0,0.33,3399999.9999999995,1.3,0.084,0.084,0.0,620.0,0.064,0.0,0.0,0.0,11000.0,1.0,5.8E8,
8.7E-36,0.042,5600.0,1600.0,1400.0,3299999.9999999995,4900.0,5500.0,5600.0,4500.0,2200.0,0.33,3399999.9999999995,1.3,0.084,0.084,0.0,620.0,0.064,0.0,0.0,0.0,11000.0,1.0,5.8E8,
8.7E-36,0.042,5600.0,1600.0,1400.0,3299999.9999999995,4900.0,5500.0,5600.0,4500.0,2200.0,0.33,3399999.9999999995,1.3,0.084,0.084,0.0,620.0,0.064,0.0,0.0,0.0,11000.0,1.0,5.8E8,
8.7E-36,0.042,5600.0,1600.0,1400.0,3299999.9999999995,4900.0,5500.0,5600.0,4500.0,2200.0,0.33,3399999.9999999995,1.3,0.084,0.084,0.0,620.0,0.064,0.0,0.0,0.0,11000.0,1.0,5.8E8,
8.7E-36,0.042,5600.0,1600.0,1400.0,3299999.9999999995,4900.0,5500.0,5600.0,4500.0,2200.0,0.33,3399999.9999999995,1.3,0.084,0.084,0.0,620.0,0.064,0.0,0.0,0.0,11000.0,1.0,5.8E8,
8.7E-36,0.042,5600.0,1600.0,1400.0,3299999.9999999995,4900.0,5500.0,5600.0,4500.0,2200.0,0.33,3399999.9999999995,1.3,0.084,0.084,0.0,620.0,0.064,0.0,0.0,0.0,11000.0,1.0,5.8E8,
8.7E-36,0.042,5600.0,1600.0,1400.0,3299999.9999999995,4900.0,5500.0,5600.0,4500.0,2200.0,0.33,3399999.9999999995,1.3,0.084,0.084,0.0,610.0,0.064,0.0,0.0,0.0,11000.0,1.0,5.8E8,
8.7E-36,0.042,5600.0,1600.0,1400.0,3299999.9999999995,4900.0,5500.0,5600.0,4500.0,2200.0,0.32,3399999.9999999995,1.3,0.084,0.084,0.0,600.0,0.064,0.0,0.0,0.0,11000.0,1.0,5.8E8,
8.7E-36,0.042,5600.0,1600.0,1400.0,3299999.9999999995,4900.0,5500.0,5600.0,4500.0,2200.0,0.32,3399999.9999999995,1.3,0.084,0.084,0.0,590.0,0.064,0.0,0.0,0.0,11000.0,1.0,5.8E8,
8.7E-36,0.042,5600.0,1600.0,1400.0,3299999.9999999995,4900.0,5500.0,5600.0,4500.0,2200.0,0.32,3399999.9999999995,1.3,0.084,0.084,0.0,590.0,0.064,0.0,0.0,0.0,11000.0,1.0,5.8E8,
8.7E-36,0.042,5600.0,1600.0,1400.0,3299999.9999999995,4900.0,5500.0,5600.0,4500.0,2200.0,0.32,3399999.9999999995,1.3,0.084,0.084,0.0,590.0,0.064,0.0,0.0,0.0,11000.0,1.0,5.8E8,
8.7E-36,0.042,5600.0,1600.0,1400.0,3299999.9999999995,4900.0,5500.0,5600.0,4500.0,2200.0,0.32,3399999.9999999995,1.3,0.084,0.084,0.0,590.0,0.064,0.0,0.0,0.0,11000.0,1.0,5.8E8,
8.7E-36,0.042,5600.0,1600.0,1400.0,3299999.9999999995,4900.0,5500.0,5600.0,4500.0,2200.0,0.32,3399999.9999999995,1.3,0.084,0.084,0.0,580.0,0.064,0.0,0.0,0.0,11000.0,1.0,5.8E8,
8.7E-36,0.042,5600.0,1600.0,1400.0,3299999.9999999995,4900.0,5500.0,5600.0,4500.0,2200.0,0.32,3299999.9999999995,1.3,0.084,0.084,0.0,580.0,0.064,0.0,0.0,0.0,11000.0,1.0,5.7E8,
8.7E-36,0.042,5600.0,1600.0,1400.0,3299999.9999999995,4900.0,5500.0,5600.0,4500.0,2200.0,0.32,3299999.9999999995,1.3,0.084,0.084,0.0,570.0,0.064,0.0,0.0,0.0,11000.0,1.0,5.7E8,
8.7E-36,0.042,5600.0,1600.0,1400.0,3299999.9999999995,4900.0,5500.0,5600.0,4500.0,2200.0,0.32,3299999.9999999995,1.3,0.084,0.084,0.0,560.0,0.064,0.0,0.0,0.0,11000.0,1.0,5.7E8,
8.7E-36,0.042,5600.0,1600.0,1400.0,3299999.9999999995,4900.0,5500.0,5600.0,4500.0,2200.0,0.32,3299999.9999999995,1.3,0.084,0.084,0.0,560.0,0.064,0.0,0.0,0.0,11000.0,1.0,5.7E8,
8.7E-36,0.042,5600.0,1600.0,1400.0,3299999.9999999995,4900.0,5500.0,5600.0,4500.0,2200.0,0.31,3299999.9999999995,1.3,0.084,0.084,0.0,550.0,0.064,0.0,0.0,0.0,11000.0,1.0,5.7E8,
8.7E-36,0.042,5600.0,1600.0,1400.0,3299999.9999999995,4900.0,5500.0,5600.0,4500.0,2200.0,0.31,3299999.9999999995,1.3,0.084,0.084,0.0,550.0,0.064,0.0,0.0,0.0,11000.0,1.0,5.7E8,
8.7E-36,0.042,5600.0,1600.0,1400.0,3299999.9999999995,4900.0,5500.0,5600.0,4500.0,2200.0,0.31,3299999.9999999995,1.3,0.084,0.084,0.0,550.0,0.064,0.0,0.0,0.0,11000.0,1.0,5.7E8,
8.7E-36,0.042,5600.0,1600.0,1400.0,3299999.9999999995,4900.0,5500.0,5600.0,4500.0,2200.0,0.31,3299999.9999999995,1.3,0.084,0.084,0.0,550.0,0.064,0.0,0.0,0.0,11000.0,1.0,5.7E8,
8.7E-36,0.042,5600.0,1600.0,1400.0,3299999.9999999995,4900.0,5500.0,5600.0,4500.0,2200.0,0.31,3299999.9999999995,1.3,0.084,0.084,0.0,540.0,0.064,0.0,0.0,0.0,10000.0,1.0,5.7E8,
8.7E-36,0.042,5600.0,1600.0,1400.0,3299999.9999999995,4900.0,5500.0,5600.0,4500.0,2200.0,0.31,3299999.9999999995,1.3,0.084,0.084,0.0,540.0,0.064,0.0,0.0,0.0,10000.0,1.0,5.7E8,
8.7E-36,0.041,5600.0,1600.0,1400.0,3299999.9999999995,4900.0,5500.0,5600.0,4500.0,2200.0,0.31,3299999.9999999995,1.3,0.084,0.084,0.0,530.0,0.064,0.0,0.0,0.0,10000.0,1.0,5.7E8,
8.7E-36,0.041,5600.0,1600.0,1400.0,3299999.9999999995,4900.0,5500.0,5600.0,4500.0,2200.0,0.31,3299999.9999999995,1.3,0.084,0.084,0.0,530.0,0.064,0.0,0.0,0.0,10000.0,1.0,5.7E8,
8.7E-36,0.041,5600.0,1600.0,1400.0,3299999.9999999995,4900.0,5500.0,5600.0,4500.0,2200.0,0.31,3299999.9999999995,1.3,0.084,0.084,0.0,530.0,0.064,0.0,0.0,0.0,10000.0,1.0,5.7E8,
8.7E-36,0.041,5600.0,1600.0,1400.0,3299999.9999999995,4900.0,5500.0,5600.0,4500.0,2200.0,0.31,3299999.9999999995,1.3,0.084,0.084,0.0,530.0,0.064,0.0,0.0,0.0,10000.0,1.0,5.7E8,
8.7E-36,0.041,5600.0,1600.0,1400.0,3299999.9999999995,4900.0,5500.0,5600.0,4500.0,2200.0,0.31,3299999.9999999995,1.3,0.084,0.084,0.0,520.0,0.064,0.0,0.0,0.0,10000.0,1.0,5.7E8,
8.7E-36,0.041,5600.0,1600.0,1400.0,3299999.9999999995,4900.0,5500.0,5600.0,4500.0,2200.0,0.3,3299999.9999999995,1.3,0.084,0.084,0.0,520.0,0.064,0.0,0.0,0.0,10000.0,1.0,5.7E8,
8.7E-36,0.041,5600.0,1600.0,1400.0,3299999.9999999995,4900.0,5500.0,5600.0,4500.0,2200.0,0.3,3299999.9999999995,1.3,0.084,0.084,0.0,510.0,0.064,0.0,0.0,0.0,10000.0,1.0,5.7E8,
8.7E-36,0.041,5600.0,1600.0,1400.0,3299999.9999999995,4900.0,5500.0,5600.0,4500.0,2200.0,0.3,3299999.9999999995,1.3,0.084,0.084,0.0,500.0,0.064,0.0,0.0,0.0,10000.0,1.0,5.7E8,
8.7E-36,0.041,5600.0,1600.0,1400.0,3299999.9999999995,4900.0,5500.0,5600.0,4500.0,2200.0,0.3,3299999.9999999995,1.3,0.084,0.084,0.0,500.0,0.064,0.0,0.0,0.0,10000.0,1.0,5.7E8,
8.7E-36,0.041,5600.0,1600.0,1400.0,3299999.9999999995,4900.0,5500.0,5600.0,4500.0,2200.0,0.3,3299999.9999999995,1.3,0.084,0.084,0.0,490.0,0.064,0.0,0.0,0.0,10000.0,1.0,5.7E8,
1.5E-35,0.074,1900.0,4400.0,1100.0,4700000.0,4900.0,5500.0,5600.0,4500.0,2200.0,0.32,4700000.0,2.4,0.09,0.09,0.0,570.0,0.56,0.0,0.0,0.0,11000.0,1.0,6.0E8,
1.5E-35,0.073,1900.0,4400.0,1100.0,4600000.0,4900.0,5500.0,5600.0,4500.0,2200.0,0.32,4600000.0,2.4,0.09,0.09,0.0,570.0,0.56,0.0,0.0,0.0,11000.0,1.0,6.0E8,
1.5E-35,0.072,1900.0,4400.0,1100.0,4400000.0,4900.0,5500.0,5600.0,4500.0,2200.0,0.32,4500000.0,2.4,0.087,0.087,0.0,560.0,0.54,0.0,0.0,0.0,11000.0,1.0,5.9E8,
1.4E-35,0.067,1900.0,4400.0,1100.0,3799999.9999999995,4900.0,5500.0,5600.0,4500.0,2200.0,0.31,3799999.9999999995,2.2,0.08,0.08,0.0,560.0,0.48,0.0,0.0,0.0,11000.0,1.0,5.9E8,
1.4E-35,0.065,1900.0,4400.0,1100.0,3499999.9999999995,4900.0,5500.0,5600.0,4500.0,2200.0,0.31,3499999.9999999995,2.1,0.076,0.076,0.0,560.0,0.45,0.0,0.0,0.0,10000.0,1.0,5.9E8,
1.4E-35,0.064,1900.0,4400.0,1100.0,3399999.9999999995,4900.0,5500.0,5600.0,4500.0,2200.0,0.31,3399999.9999999995,2.1,0.075,0.075,0.0,560.0,0.44,0.0,0.0,0.0,10000.0,1.0,5.9E8,
1.3E-35,0.064,1900.0,4400.0,1100.0,3399999.9999999995,4900.0,5500.0,5600.0,4500.0,2200.0,0.31,3399999.9999999995,2.1,0.074,0.074,0.0,560.0,0.44,0.0,0.0,0.0,10000.0,1.0,5.8E8,
1.3E-35,0.064,1900.0,4400.0,1100.0,3399999.9999999995,4900.0,5500.0,5600.0,4500.0,2200.0,0.31,3399999.9999999995,2.1,0.074,0.074,0.0,560.0,0.43,0.0,0.0,0.0,10000.0,1.0,5.8E8,
3.2E-35,0.15,18000.0,9000.0,6400.0,4800000.0,19000.0,5500.0,14000.0,5100.0,4800.0,0.32,4900000.0,4.9,0.14,0.14,0.0,620.0,0.66,0.0,0.0,0.0,11000.0,1.0,6.0E8,
2.0E-35,0.096,840.0,1500.0,6400.0,4800000.0,1500.0,5500.0,6900.0,5100.0,4800.0,0.32,4800000.0,3.1,0.13,0.13,0.0,620.0,0.66,0.0,0.0,0.0,11000.0,1.0,6.0E8,
2.0E-35,0.094,840.0,1500.0,6400.0,4500000.0,1500.0,5500.0,6900.0,5100.0,4800.0,0.31,4500000.0,3.0,0.13,0.13,0.0,610.0,0.64,0.0,0.0,0.0,11000.0,1.0,6.0E8,
1.8999999999999998E-35,0.093,840.0,1500.0,6400.0,4300000.0,1500.0,5500.0,6900.0,5100.0,4800.0,0.31,4300000.0,3.0,0.12,0.12,0.0,600.0,0.63,0.0,0.0,0.0,11000.0,1.0,6.0E8,
1.8999999999999998E-35,0.091,840.0,1500.0,6400.0,4099999.9999999995,1500.0,5500.0,6800.0,5100.0,4800.0,0.31,4200000.0,2.9,0.12,0.12,0.0,590.0,0.62,0.0,0.0,0.0,11000.0,1.0,6.0E8,
1.1E-35,0.055,2200.0,600.0,1900.0,4600000.0,1500.0,5400.0,6800.0,5100.0,4800.0,0.31,4600000.0,1.8,0.12,0.12,0.0,590.0,0.2,0.0,0.0,0.0,11000.0,1.0,6.0E8,
1.1E-35,0.053,2200.0,600.0,1900.0,4300000.0,1500.0,5400.0,6800.0,5100.0,4800.0,0.31,4400000.0,1.8,0.12,0.12,0.0,590.0,0.19,0.0,0.0,0.0,11000.0,1.0,6.0E8,
1.1E-35,0.052,2200.0,600.0,1900.0,4200000.0,1500.0,5400.0,6800.0,5100.0,4800.0,0.31,4200000.0,1.7,0.12,0.12,0.0,590.0,0.19,0.0,0.0,0.0,10000.0,1.0,6.0E8,
1.0E-35,0.049,2200.0,600.0,1900.0,3799999.9999999995,1500.0,5400.0,6800.0,5100.0,4800.0,0.31,3899999.9999999995,1.7,0.11,0.11,0.0,590.0,0.18,0.0,0.0,0.0,10000.0,1.0,5.9E8,
1.0E-35,0.048,2200.0,600.0,1900.0,3699999.9999999995,1500.0,5400.0,6800.0,5100.0,4800.0,0.3,3699999.9999999995,1.6,0.11,0.11,0.0,580.0,0.17,0.0,0.0,0.0,10000.0,1.0,5.9E8,
9.6E-36,0.046,2200.0,600.0,1900.0,3399999.9999999995,1500.0,5400.0,6800.0,5100.0,4800.0,0.3,3399999.9999999995,1.5,0.11,0.11,0.0,580.0,0.16,0.0,0.0,0.0,10000.0,1.0,5.9E8,
9.5E-36,0.045,2200.0,600.0,1900.0,3399999.9999999995,1500.0,5400.0,6800.0,5100.0,4800.0,0.3,3399999.9999999995,1.5,0.11,0.11,0.0,570.0,0.16,0.0,0.0,0.0,10000.0,1.0,5.9E8,
9.5E-36,0.045,2200.0,600.0,1900.0,3399999.9999999995,1500.0,5400.0,6800.0,5100.0,4800.0,0.3,3399999.9999999995,1.5,0.11,0.11,0.0,570.0,0.16,0.0,0.0,0.0,10000.0,1.0,5.9E8,
9.5E-36,0.045,2200.0,600.0,1900.0,3399999.9999999995,1500.0,5400.0,6800.0,5100.0,4800.0,0.3,3399999.9999999995,1.5,0.11,0.11,0.0,570.0,0.16,0.0,0.0,0.0,10000.0,1.0,5.9E8,
9.5E-36,0.045,2200.0,600.0,1900.0,3399999.9999999995,1500.0,5400.0,6800.0,5100.0,4800.0,0.3,3399999.9999999995,1.5,0.11,0.11,0.0,570.0,0.16,0.0,0.0,0.0,10000.0,1.0,5.9E8,
9.5E-36,0.045,2200.0,600.0,1900.0,3399999.9999999995,1500.0,5400.0,6800.0,5100.0,4800.0,0.3,3399999.9999999995,1.5,0.11,0.11,0.0,570.0,0.16,0.0,0.0,0.0,10000.0,1.0,5.9E8,
9.5E-36,0.045,2200.0,600.0,1900.0,3399999.9999999995,1500.0,5400.0,6800.0,5100.0,4800.0,0.3,3399999.9999999995,1.5,0.11,0.11,0.0,560.0,0.16,0.0,0.0,0.0,10000.0,1.0,5.9E8,
9.5E-36,0.045,2200.0,600.0,1900.0,3399999.9999999995,1500.0,5400.0,6800.0,5100.0,4800.0,0.3,3399999.9999999995,1.5,0.11,0.11,0.0,540.0,0.16,0.0,0.0,0.0,10000.0,1.0,5.9E8,
9.5E-36,0.045,2200.0,600.0,1900.0,3399999.9999999995,1500.0,5400.0,6800.0,5100.0,4800.0,0.29,3399999.9999999995,1.5,0.11,0.11,0.0,530.0,0.16,0.0,0.0,0.0,9900.0,1.0,5.9E8,
9.5E-36,0.045,2200.0,600.0,1900.0,3399999.9999999995,1500.0,5400.0,6800.0,5100.0,4800.0,0.29,3399999.9999999995,1.5,0.11,0.11,0.0,530.0,0.16,0.0,0.0,0.0,9900.0,1.0,5.9E8,
9.5E-36,0.045,2200.0,600.0,1900.0,3399999.9999999995,1500.0,5400.0,6800.0,5100.0,4800.0,0.29,3399999.9999999995,1.5,0.11,0.11,0.0,530.0,0.16,0.0,0.0,0.0,9900.0,1.0,5.9E8,
9.5E-36,0.045,2200.0,600.0,1900.0,3399999.9999999995,1500.0,5400.0,6800.0,5100.0,4800.0,0.29,3399999.9999999995,1.5,0.11,0.11,0.0,530.0,0.16,0.0,0.0,0.0,9900.0,1.0,5.9E8,
9.5E-36,0.045,2200.0,600.0,1900.0,3399999.9999999995,1500.0,5400.0,6800.0,5100.0,4800.0,0.29,3399999.9999999995,1.5,0.11,0.11,0.0,530.0,0.16,0.0,0.0,0.0,9900.0,1.0,5.9E8,
9.5E-36,0.045,2200.0,600.0,1900.0,3399999.9999999995,1500.0,5400.0,6800.0,5100.0,4800.0,0.29,3399999.9999999995,1.5,0.11,0.11,0.0,530.0,0.16,0.0,0.0,0.0,9800.0,1.0,5.9E8,
9.5E-36,0.045,2200.0,600.0,1900.0,3399999.9999999995,1500.0,5400.0,6800.0,5100.0,4800.0,0.29,3399999.9999999995,1.5,0.11,0.11,0.0,530.0,0.16,0.0,0.0,0.0,9800.0,1.0,5.9E8,
9.5E-36,0.045,2200.0,600.0,1900.0,3399999.9999999995,1500.0,5400.0,6800.0,5100.0,4800.0,0.29,3399999.9999999995,1.5,0.11,0.11,0.0,530.0,0.16,0.0,0.0,0.0,9700.0,1.0,5.9E8,
9.5E-36,0.045,2200.0,600.0,1900.0,3399999.9999999995,1500.0,5400.0,6800.0,5100.0,4800.0,0.29,3399999.9999999995,1.5,0.11,0.11,0.0,530.0,0.16,0.0,0.0,0.0,9700.0,1.0,5.9E8,
1.6E-35,0.076,220.0,3100.0,3100.0,4700000.0,1500.0,300.0,2300.0,5100.0,1300.0,0.32,4800000.0,2.3,0.2,0.2,0.0,610.0,0.36,0.0,0.0,0.0,11000.0,1.0,6.1E8,
1.5E-35,0.071,220.0,3100.0,3100.0,3999999.9999999995,1500.0,300.0,2300.0,5000.0,1300.0,0.32,3999999.9999999995,2.2,0.18,0.18,0.0,610.0,0.33,0.0,0.0,0.0,11000.0,1.0,6.0E8,
1.4E-35,0.069,220.0,3100.0,3100.0,3799999.9999999995,1500.0,300.0,2300.0,5000.0,1300.0,0.31,3799999.9999999995,2.1,0.17,0.17,0.0,590.0,0.32,0.0,0.0,0.0,11000.0,1.0,6.0E8,
1.4E-35,0.066,220.0,3000.0,3100.0,3499999.9999999995,1500.0,300.0,2300.0,5000.0,1300.0,0.31,3499999.9999999995,2.0,0.16,0.16,0.0,590.0,0.3,0.0,0.0,0.0,10000.0,1.0,6.0E8,
1.4E-35,0.066,220.0,3000.0,3100.0,3399999.9999999995,1500.0,300.0,2300.0,5000.0,1300.0,0.31,3399999.9999999995,2.0,0.16,0.16,0.0,590.0,0.3,0.0,0.0,0.0,10000.0,1.0,6.0E8,
1.4E-35,0.066,220.0,3000.0,3100.0,3399999.9999999995,1500.0,300.0,2300.0,5000.0,1300.0,0.31,3399999.9999999995,2.0,0.16,0.16,0.0,590.0,0.3,0.0,0.0,0.0,10000.0,1.0,6.0E8,
1.4E-35,0.066,220.0,3000.0,3100.0,3399999.9999999995,1500.0,300.0,2300.0,5000.0,1300.0,0.31,3399999.9999999995,2.0,0.16,0.16,0.0,590.0,0.3,0.0,0.0,0.0,10000.0,1.0,6.0E8,
1.4E-35,0.066,220.0,3000.0,3100.0,3399999.9999999995,1500.0,300.0,2300.0,5000.0,1300.0,0.31,3399999.9999999995,2.0,0.16,0.16,0.0,590.0,0.3,0.0,0.0,0.0,10000.0,1.0,6.0E8,
1.4E-35,0.066,220.0,3000.0,3100.0,3399999.9999999995,1500.0,300.0,2300.0,5000.0,1300.0,0.31,3399999.9999999995,2.0,0.16,0.16,0.0,590.0,0.3,0.0,0.0,0.0,10000.0,1.0,6.0E8,
1.4E-35,0.066,220.0,3000.0,3100.0,3399999.9999999995,1500.0,300.0,2300.0,5000.0,1300.0,0.31,3399999.9999999995,2.0,0.16,0.16,0.0,590.0,0.3,0.0,0.0,0.0,10000.0,1.0,6.0E8,
1.4E-35,0.066,220.0,3000.0,3100.0,3399999.9999999995,1500.0,300.0,2300.0,5000.0,1300.0,0.3,3399999.9999999995,2.0,0.16,0.16,0.0,580.0,0.3,0.0,0.0,0.0,10000.0,1.0,6.0E8,
1.4E-35,0.066,220.0,3000.0,3100.0,3399999.9999999995,1500.0,300.0,2300.0,5000.0,1300.0,0.3,3399999.9999999995,2.0,0.16,0.16,0.0,580.0,0.3,0.0,0.0,0.0,10000.0,1.0,6.0E8,
1.4E-35,0.066,220.0,3000.0,3100.0,3399999.9999999995,1500.0,300.0,2300.0,5000.0,1300.0,0.3,3399999.9999999995,2.0,0.16,0.16,0.0,570.0,0.3,0.0,0.0,0.0,10000.0,1.0,6.0E8,
1.4E-35,0.066,220.0,3000.0,3100.0,3399999.9999999995,1500.0,300.0,2300.0,5000.0,1300.0,0.3,3399999.9999999995,2.0,0.16,0.16,0.0,570.0,0.3,0.0,0.0,0.0,10000.0,1.0,6.0E8,
1.4E-35,0.066,220.0,3000.0,3100.0,3399999.9999999995,1500.0,300.0,2300.0,5000.0,1300.0,0.3,3399999.9999999995,2.0,0.16,0.16,0.0,570.0,0.3,0.0,0.0,0.0,10000.0,1.0,6.0E8,
1.4E-35,0.066,220.0,3000.0,3100.0,3399999.9999999995,1500.0,300.0,2300.0,5000.0,1300.0,0.3,3399999.9999999995,2.0,0.16,0.16,0.0,570.0,0.3,0.0,0.0,0.0,10000.0,1.0,6.0E8,
1.4E-35,0.066,220.0,3000.0,3100.0,3399999.9999999995,1500.0,300.0,2300.0,5000.0,1300.0,0.3,3399999.9999999995,2.0,0.16,0.16,0.0,560.0,0.3,0.0,0.0,0.0,10000.0,1.0,6.0E8,
1.4E-35,0.066,220.0,3000.0,3100.0,3399999.9999999995,1500.0,300.0,2300.0,5000.0,1300.0,0.3,3399999.9999999995,2.0,0.16,0.16,0.0,560.0,0.3,0.0,0.0,0.0,10000.0,1.0,6.0E8,
1.4E-35,0.066,220.0,3000.0,3100.0,3399999.9999999995,1500.0,300.0,2300.0,5000.0,1300.0,0.3,3399999.9999999995,2.0,0.16,0.16,0.0,560.0,0.3,0.0,0.0,0.0,10000.0,1.0,6.0E8,
1.4E-35,0.066,220.0,3000.0,3100.0,3399999.9999999995,1500.0,300.0,2300.0,5000.0,1300.0,0.3,3399999.9999999995,2.0,0.16,0.16,0.0,560.0,0.3,0.0,0.0,0.0,9900.0,1.0,6.0E8,
1.4E-35,0.066,220.0,3000.0,3100.0,3399999.9999999995,1500.0,300.0,2300.0,5000.0,1300.0,0.3,3399999.9999999995,2.0,0.16,0.16,0.0,560.0,0.3,0.0,0.0,0.0,9900.0,1.0,6.0E8,
1.4E-35,0.066,220.0,3000.0,3100.0,3399999.9999999995,1500.0,300.0,2300.0,5000.0,1300.0,0.29,3399999.9999999995,2.0,0.16,0.16,0.0,560.0,0.3,0.0,0.0,0.0,9900.0,1.0,6.0E8,
1.4E-35,0.066,220.0,3000.0,3100.0,3399999.9999999995,1500.0,300.0,2300.0,5000.0,1300.0,0.29,3399999.9999999995,2.0,0.16,0.16,0.0,560.0,0.3,0.0,0.0,0.0,9900.0,1.0,6.0E8,
1.4E-35,0.066,220.0,3000.0,3100.0,3399999.9999999995,1500.0,300.0,2300.0,5000.0,1300.0,0.29,3399999.9999999995,2.0,0.16,0.16,0.0,560.0,0.3,0.0,0.0,0.0,9800.0,1.0,6.0E8,
1.4E-35,0.066,220.0,3000.0,3100.0,3399999.9999999995,1500.0,300.0,2300.0,5000.0,1300.0,0.29,3399999.9999999995,2.0,0.16,0.16,0.0,550.0,0.3,0.0,0.0,0.0,9800.0,1.0,6.0E8,
1.4E-35,0.066,220.0,3000.0,3100.0,3399999.9999999995,1500.0,300.0,2300.0,5000.0,1300.0,0.29,3399999.9999999995,2.0,0.16,0.16,0.0,550.0,0.3,0.0,0.0,0.0,9800.0,1.0,6.0E8,
1.4E-35,0.066,220.0,3000.0,3100.0,3399999.9999999995,1500.0,300.0,2300.0,5000.0,1300.0,0.29,3399999.9999999995,2.0,0.16,0.16,0.0,550.0,0.3,0.0,0.0,0.0,9700.0,1.0,6.0E8,
1.4E-35,0.066,220.0,3000.0,3100.0,3399999.9999999995,1500.0,300.0,2300.0,5000.0,1300.0,0.29,3399999.9999999995,2.0,0.16,0.16,0.0,550.0,0.3,0.0,0.0,0.0,9700.0,1.0,6.0E8,
1.4E-35,0.066,220.0,3000.0,3100.0,3399999.9999999995,1500.0,300.0,2300.0,5000.0,1300.0,0.29,3399999.9999999995,2.0,0.16,0.16,0.0,540.0,0.3,0.0,0.0,0.0,9600.0,1.0,6.0E8,
1.4E-35,0.066,220.0,3000.0,3100.0,3399999.9999999995,1500.0,300.0,2300.0,5000.0,1300.0,0.29,3399999.9999999995,2.0,0.16,0.16,0.0,540.0,0.3,0.0,0.0,0.0,9600.0,1.0,6.0E8,
1.4E-35,0.066,220.0,3000.0,3100.0,3399999.9999999995,1500.0,300.0,2300.0,5000.0,1300.0,0.29,3399999.9999999995,2.0,0.16,0.16,0.0,540.0,0.3,0.0,0.0,0.0,9600.0,1.0,6.0E8,
1.4E-35,0.066,220.0,3000.0,3100.0,3399999.9999999995,1500.0,300.0,2300.0,5000.0,1300.0,0.28,3399999.9999999995,2.0,0.16,0.16,0.0,540.0,0.3,0.0,0.0,0.0,9600.0,1.0,6.0E8,
1.4E-35,0.066,220.0,3000.0,3100.0,3399999.9999999995,1500.0,300.0,2300.0,5000.0,1300.0,0.28,3399999.9999999995,2.0,0.16,0.16,0.0,540.0,0.3,0.0,0.0,0.0,9500.0,1.0,6.0E8,
1.4E-35,0.066,220.0,3000.0,3100.0,3399999.9999999995,1500.0,300.0,2300.0,5000.0,1300.0,0.28,3399999.9999999995,2.0,0.16,0.16,0.0,540.0,0.3,0.0,0.0,0.0,9500.0,1.0,6.0E8,
1.4E-35,0.066,220.0,3000.0,3100.0,3399999.9999999995,1500.0,300.0,2300.0,5000.0,1300.0,0.28,3399999.9999999995,2.0,0.16,0.16,0.0,540.0,0.3,0.0,0.0,0.0,9500.0,1.0,6.0E8,
1.4E-35,0.066,220.0,3000.0,3100.0,3399999.9999999995,1500.0,300.0,2300.0,5000.0,1300.0,0.28,3399999.9999999995,2.0,0.16,0.16,0.0,530.0,0.3,0.0,0.0,0.0,9500.0,1.0,6.0E8,
1.4E-35,0.066,220.0,3000.0,3100.0,3399999.9999999995,1500.0,300.0,2300.0,5000.0,1300.0,0.28,3399999.9999999995,2.0,0.16,0.16,0.0,530.0,0.3,0.0,0.0,0.0,9400.0,1.0,6.0E8,
1.4E-35,0.066,220.0,3000.0,3100.0,3399999.9999999995,1500.0,300.0,2300.0,5000.0,1300.0,0.28,3399999.9999999995,2.0,0.16,0.16,0.0,530.0,0.3,0.0,0.0,0.0,9400.0,1.0,6.0E8,
1.4E-35,0.066,220.0,3000.0,3100.0,3399999.9999999995,1500.0,300.0,2300.0,5000.0,1300.0,0.28,3399999.9999999995,2.0,0.16,0.16,0.0,530.0,0.3,0.0,0.0,0.0,9400.0,1.0,6.0E8,
1.4E-35,0.066,220.0,3000.0,3100.0,3399999.9999999995,1500.0,300.0,2300.0,5000.0,1300.0,0.28,3399999.9999999995,2.0,0.16,0.16,0.0,520.0,0.3,0.0,0.0,0.0,9300.0,1.0,6.0E8,
1.4E-35,0.066,220.0,3000.0,3100.0,3399999.9999999995,1500.0,300.0,2300.0,5000.0,1300.0,0.28,3399999.9999999995,2.0,0.16,0.16,0.0,520.0,0.3,0.0,0.0,0.0,9300.0,1.0,6.0E8,
1.4E-35,0.066,220.0,3000.0,3100.0,3399999.9999999995,1500.0,300.0,2300.0,5000.0,1300.0,0.28,3399999.9999999995,2.0,0.16,0.16,0.0,520.0,0.3,0.0,0.0,0.0,9300.0,1.0,6.0E8,
1.4E-35,0.066,220.0,3000.0,3100.0,3399999.9999999995,1500.0,300.0,2300.0,5000.0,1300.0,0.28,3399999.9999999995,2.0,0.16,0.16,0.0,520.0,0.3,0.0,0.0,0.0,9300.0,1.0,6.0E8,
1.4E-35,0.066,220.0,3000.0,3100.0,3399999.9999999995,1500.0,300.0,2300.0,5000.0,1300.0,0.28,3399999.9999999995,2.0,0.16,0.16,0.0,520.0,0.3,0.0,0.0,0.0,9300.0,1.0,6.0E8,
1.4E-35,0.066,220.0,3000.0,3100.0,3399999.9999999995,1500.0,300.0,2300.0,5000.0,1300.0,0.28,3399999.9999999995,2.0,0.16,0.16,0.0,520.0,0.3,0.0,0.0,0.0,9300.0,1.0,6.0E8,
1.4E-35,0.066,220.0,3000.0,3100.0,3399999.9999999995,1500.0,300.0,2300.0,5000.0,1300.0,0.28,3399999.9999999995,2.0,0.16,0.16,0.0,520.0,0.3,0.0,0.0,0.0,9200.0,1.0,6.0E8,
1.4E-35,0.066,220.0,3000.0,3100.0,3399999.9999999995,1500.0,300.0,2300.0,5000.0,1300.0,0.27,3399999.9999999995,2.0,0.16,0.16,0.0,520.0,0.3,0.0,0.0,0.0,9200.0,1.0,6.0E8,
1.4E-35,0.066,220.0,3000.0,3100.0,3399999.9999999995,1500.0,300.0,2300.0,5000.0,1300.0,0.27,3399999.9999999995,2.0,0.16,0.16,0.0,510.0,0.3,0.0,0.0,0.0,9200.0,1.0,6.0E8,
1.4E-35,0.066,220.0,3000.0,3100.0,3399999.9999999995,1500.0,300.0,2300.0,5000.0,1300.0,0.27,3399999.9999999995,2.0,0.16,0.16,0.0,510.0,0.3,0.0,0.0,0.0,9200.0,1.0,6.0E8,
1.4E-35,0.066,220.0,3000.0,3100.0,3399999.9999999995,1500.0,300.0,2300.0,5000.0,1300.0,0.27,3399999.9999999995,2.0,0.16,0.16,0.0,510.0,0.3,0.0,0.0,0.0,9200.0,1.0,6.0E8,
9.2E-35,0.44,28000.0,47000.0,9000.0,4600000.0,4900.0,4200.0,8300.0,1100.0,770.0,0.29,4700000.0,16.0,0.14,0.14,0.0,600.0,0.46,0.0,0.0,0.0,9700.0,1.0,6.2E8,
8.099999999999999E-35,0.38,67.0,47000.0,1400.0,4600000.0,4900.0,4200.0,780.0,1100.0,770.0,0.29,4700000.0,14.0,0.13,0.13,0.0,600.0,0.2,0.0,0.0,0.0,9700.0,1.0,6.2E8,
1.6E-35,0.076,67.0,4700.0,1400.0,4500000.0,4900.0,4100.0,780.0,1100.0,760.0,0.28,4500000.0,2.8,0.074,0.074,0.0,600.0,0.2,0.0,0.0,0.0,9700.0,1.0,6.1E8,
1.6E-35,0.076,67.0,4700.0,1400.0,4400000.0,4900.0,4100.0,780.0,1100.0,760.0,0.28,4400000.0,2.8,0.073,0.073,0.0,600.0,0.19,0.0,0.0,0.0,9600.0,1.0,6.1E8,
1.5E-35,0.073,67.0,4700.0,1400.0,3999999.9999999995,4900.0,4100.0,780.0,1100.0,760.0,0.28,3999999.9999999995,2.7,0.068,0.068,0.0,600.0,0.18,0.0,0.0,0.0,9500.0,1.0,6.1E8,
1.5E-35,0.07,67.0,4700.0,1400.0,3499999.9999999995,4900.0,4100.0,780.0,1100.0,760.0,0.28,3599999.9999999995,2.5,0.062,0.062,0.0,600.0,0.17,0.0,0.0,0.0,9400.0,1.0,6.1E8,
1.4E-35,0.069,67.0,4700.0,1400.0,3399999.9999999995,4900.0,4100.0,780.0,1100.0,760.0,0.28,3499999.9999999995,2.5,0.061,0.061,0.0,600.0,0.16,0.0,0.0,0.0,9400.0,1.0,6.0E8,
1.4E-35,0.069,67.0,4700.0,1400.0,3399999.9999999995,4900.0,4100.0,780.0,1100.0,760.0,0.28,3499999.9999999995,2.5,0.061,0.061,0.0,600.0,0.16,0.0,0.0,0.0,9400.0,1.0,6.0E8,
1.4E-35,0.069,67.0,4700.0,1400.0,3399999.9999999995,4900.0,4100.0,780.0,1100.0,760.0,0.27,3499999.9999999995,2.5,0.061,0.061,0.0,590.0,0.16,0.0,0.0,0.0,9300.0,1.0,6.0E8,
1.4E-35,0.069,67.0,4700.0,1400.0,3399999.9999999995,4900.0,4100.0,780.0,1100.0,760.0,0.27,3499999.9999999995,2.5,0.061,0.061,0.0,580.0,0.16,0.0,0.0,0.0,9300.0,1.0,6.0E8,
1.4E-35,0.069,66.0,4700.0,1400.0,3399999.9999999995,4900.0,4100.0,780.0,1100.0,760.0,0.27,3499999.9999999995,2.5,0.061,0.061,0.0,580.0,0.16,0.0,0.0,0.0,9300.0,1.0,6.0E8,
1.4E-35,0.069,66.0,4700.0,1400.0,3399999.9999999995,4900.0,4100.0,780.0,1100.0,760.0,0.27,3499999.9999999995,2.5,0.061,0.061,0.0,580.0,0.16,0.0,0.0,0.0,9200.0,1.0,6.0E8,
1.4E-35,0.069,66.0,4700.0,1400.0,3399999.9999999995,4900.0,4100.0,780.0,1100.0,760.0,0.27,3499999.9999999995,2.5,0.061,0.061,0.0,580.0,0.16,0.0,0.0,0.0,9200.0,1.0,6.0E8,
1.4E-35,0.069,66.0,4700.0,1400.0,3399999.9999999995,4900.0,4100.0,780.0,1100.0,760.0,0.27,3499999.9999999995,2.5,0.061,0.061,0.0,570.0,0.16,0.0,0.0,0.0,9200.0,1.0,6.0E8,
1.4E-35,0.069,66.0,4700.0,1400.0,3399999.9999999995,4900.0,4100.0,780.0,1100.0,760.0,0.27,3499999.9999999995,2.5,0.061,0.061,0.0,570.0,0.16,0.0,0.0,0.0,9200.0,1.0,6.0E8,
1.4E-35,0.069,66.0,4700.0,1400.0,3399999.9999999995,4900.0,4100.0,780.0,1100.0,760.0,0.27,3499999.9999999995,2.5,0.061,0.061,0.0,570.0,0.16,0.0,0.0,0.0,9100.0,1.0,6.0E8,
1.4E-35,0.069,66.0,4700.0,1400.0,3399999.9999999995,4900.0,4100.0,780.0,1100.0,760.0,0.27,3499999.9999999995,2.5,0.061,0.061,0.0,550.0,0.16,0.0,0.0,0.0,9100.0,1.0,6.0E8,
1.4E-35,0.069,66.0,4700.0,1400.0,3399999.9999999995,4900.0,4100.0,780.0,1100.0,760.0,0.27,3499999.9999999995,2.5,0.061,0.061,0.0,540.0,0.16,0.0,0.0,0.0,9000.0,1.0,6.0E8,
1.4E-35,0.069,66.0,4700.0,1400.0,3399999.9999999995,4900.0,4100.0,780.0,1100.0,760.0,0.27,3499999.9999999995,2.5,0.061,0.061,0.0,530.0,0.16,0.0,0.0,0.0,9000.0,1.0,6.0E8,
1.4E-35,0.069,66.0,4700.0,1400.0,3399999.9999999995,4900.0,4100.0,780.0,1100.0,760.0,0.27,3499999.9999999995,2.5,0.061,0.061,0.0,530.0,0.16,0.0,0.0,0.0,9000.0,1.0,6.0E8,
1.4E-35,0.069,66.0,4700.0,1400.0,3399999.9999999995,4900.0,4100.0,780.0,1100.0,760.0,0.26,3499999.9999999995,2.5,0.061,0.061,0.0,530.0,0.16,0.0,0.0,0.0,9000.0,1.0,6.0E8,
1.4E-35,0.069,66.0,4700.0,1400.0,3399999.9999999995,4900.0,4100.0,780.0,1100.0,760.0,0.26,3499999.9999999995,2.5,0.061,0.061,0.0,520.0,0.16,0.0,0.0,0.0,9000.0,1.0,6.0E8,
1.4E-35,0.069,66.0,4700.0,1400.0,3399999.9999999995,4900.0,4100.0,780.0,1100.0,760.0,0.26,3499999.9999999995,2.5,0.061,0.061,0.0,520.0,0.16,0.0,0.0,0.0,8900.0,1.0,6.0E8,
1.4E-35,0.069,66.0,4700.0,1400.0,3399999.9999999995,4900.0,4100.0,780.0,1100.0,760.0,0.26,3499999.9999999995,2.5,0.061,0.061,0.0,520.0,0.16,0.0,0.0,0.0,8900.0,1.0,6.0E8,
1.4E-35,0.069,66.0,4700.0,1400.0,3399999.9999999995,4900.0,4100.0,780.0,1100.0,760.0,0.26,3499999.9999999995,2.5,0.061,0.061,0.0,520.0,0.16,0.0,0.0,0.0,8900.0,1.0,6.0E8,
1.4E-35,0.069,66.0,4700.0,1400.0,3399999.9999999995,4900.0,4100.0,780.0,1100.0,760.0,0.26,3499999.9999999995,2.5,0.061,0.061,0.0,520.0,0.16,0.0,0.0,0.0,8900.0,1.0,6.0E8,
1.4E-35,0.069,66.0,4700.0,1400.0,3399999.9999999995,4900.0,4100.0,780.0,1100.0,760.0,0.26,3499999.9999999995,2.5,0.061,0.061,0.0,510.0,0.16,0.0,0.0,0.0,8800.0,1.0,6.0E8,
1.4E-35,0.069,66.0,4700.0,1400.0,3399999.9999999995,4900.0,4100.0,780.0,1100.0,760.0,0.26,3499999.9999999995,2.5,0.061,0.061,0.0,510.0,0.16,0.0,0.0,0.0,8800.0,1.0,6.0E8,
1.4E-35,0.069,66.0,4700.0,1400.0,3399999.9999999995,4900.0,4100.0,780.0,1100.0,760.0,0.26,3499999.9999999995,2.5,0.061,0.061,0.0,510.0,0.16,0.0,0.0,0.0,8800.0,1.0,6.0E8,
1.0E-35,0.049,3600.0,900.0,2600.0,4500000.0,4900.0,4100.0,780.0,1100.0,760.0,0.27,4600000.0,1.7,0.062,0.062,0.0,550.0,0.14,0.0,0.0,0.0,9000.0,1.0,6.2E8,
1.0E-35,0.048,3600.0,900.0,2600.0,4400000.0,4900.0,4100.0,780.0,1100.0,760.0,0.27,4400000.0,1.6,0.06,0.06,0.0,550.0,0.14,0.0,0.0,0.0,9000.0,1.0,6.2E8,
9.2E-36,0.044,3600.0,900.0,2600.0,3599999.9999999995,4900.0,4100.0,780.0,1100.0,760.0,0.26,3699999.9999999995,1.5,0.052,0.052,0.0,550.0,0.12,0.0,0.0,0.0,8900.0,1.0,6.1E8,
8.900000000000001E-36,0.042,3600.0,890.0,2600.0,3499999.9999999995,4900.0,4100.0,770.0,1100.0,760.0,0.26,3499999.9999999995,1.4,0.05,0.05,0.0,540.0,0.12,0.0,0.0,0.0,8900.0,1.0,6.1E8,
8.900000000000001E-36,0.042,3600.0,890.0,2500.0,3499999.9999999995,4900.0,4100.0,770.0,1100.0,760.0,0.26,3499999.9999999995,1.4,0.05,0.05,0.0,550.0,0.12,0.0,0.0,0.0,8800.0,1.0,6.1E8,
8.900000000000001E-36,0.042,3600.0,890.0,2500.0,3499999.9999999995,4900.0,4100.0,770.0,1100.0,760.0,0.26,3499999.9999999995,1.4,0.05,0.05,0.0,550.0,0.12,0.0,0.0,0.0,8800.0,1.0,6.1E8,
8.900000000000001E-36,0.042,3600.0,890.0,2500.0,3499999.9999999995,4900.0,4100.0,770.0,1100.0,760.0,0.26,3499999.9999999995,1.4,0.05,0.05,0.0,550.0,0.12,0.0,0.0,0.0,8800.0,1.0,6.1E8,
8.900000000000001E-36,0.042,3600.0,890.0,2500.0,3499999.9999999995,4900.0,4100.0,770.0,1100.0,760.0,0.26,3499999.9999999995,1.4,0.05,0.05,0.0,550.0,0.12,0.0,0.0,0.0,8800.0,1.0,6.1E8,
8.900000000000001E-36,0.042,3600.0,890.0,2500.0,3499999.9999999995,4900.0,4100.0,770.0,1100.0,760.0,0.26,3499999.9999999995,1.4,0.05,0.05,0.0,540.0,0.12,0.0,0.0,0.0,8700.0,1.0,6.1E8,
8.900000000000001E-36,0.042,3600.0,890.0,2500.0,3499999.9999999995,4900.0,4100.0,770.0,1100.0,760.0,0.26,3499999.9999999995,1.4,0.05,0.05,0.0,540.0,0.12,0.0,0.0,0.0,8700.0,1.0,6.1E8,
8.900000000000001E-36,0.042,3600.0,890.0,2500.0,3499999.9999999995,4900.0,4100.0,770.0,1100.0,760.0,0.25,3499999.9999999995,1.4,0.05,0.05,0.0,520.0,0.12,0.0,0.0,0.0,8700.0,1.0,6.1E8,
8.900000000000001E-36,0.042,3600.0,890.0,2500.0,3499999.9999999995,4900.0,4100.0,770.0,1100.0,760.0,0.25,3499999.9999999995,1.4,0.05,0.05,0.0,520.0,0.12,0.0,0.0,0.0,8600.0,1.0,6.1E8,
1.8999999999999998E-35,0.089,6400.0,7900.0,820.0,4500000.0,4900.0,4100.0,770.0,1100.0,760.0,0.26,4500000.0,3.0,0.11,0.11,0.0,520.0,0.064,0.0,0.0,0.0,8800.0,1.0,6.2E8,
7.2E-36,0.034,6400.0,330.0,820.0,3899999.9999999995,4900.0,4100.0,770.0,1100.0,750.0,0.25,3999999.9999999995,1.1,0.087,0.087,0.0,520.0,0.057,0.0,0.0,0.0,8700.0,1.0,6.1E8,
6.9E-36,0.033,6400.0,330.0,820.0,3799999.9999999995,4900.0,4100.0,770.0,1100.0,750.0,0.25,3799999.9999999995,1.1,0.083,0.083,0.0,520.0,0.055,0.0,0.0,0.0,8600.0,1.0,6.1E8,
6.5E-36,0.031,6400.0,330.0,820.0,3499999.9999999995,4900.0,4100.0,770.0,1100.0,750.0,0.25,3499999.9999999995,1.0,0.078,0.078,0.0,520.0,0.052,0.0,0.0,0.0,8600.0,1.0,6.1E8,
6.5E-36,0.031,6400.0,330.0,820.0,3499999.9999999995,4900.0,4100.0,770.0,1100.0,750.0,0.25,3499999.9999999995,1.0,0.078,0.078,0.0,510.0,0.052,0.0,0.0,0.0,8500.0,1.0,6.1E8,
6.5E-36,0.031,6400.0,330.0,820.0,3499999.9999999995,4900.0,4100.0,770.0,1100.0,750.0,0.25,3499999.9999999995,1.0,0.078,0.078,0.0,510.0,0.052,0.0,0.0,0.0,8500.0,1.0,6.1E8,
6.5E-36,0.031,6400.0,330.0,820.0,3499999.9999999995,4900.0,4100.0,770.0,1100.0,750.0,0.25,3499999.9999999995,1.0,0.078,0.078,0.0,500.0,0.052,0.0,0.0,0.0,8500.0,1.0,6.1E8,
6.5E-36,0.031,6400.0,330.0,820.0,3499999.9999999995,4900.0,4100.0,770.0,1100.0,750.0,0.25,3499999.9999999995,1.0,0.078,0.078,0.0,500.0,0.051,0.0,0.0,0.0,8500.0,1.0,6.1E8,
6.5E-36,0.031,6400.0,330.0,820.0,3499999.9999999995,4900.0,4100.0,770.0,1100.0,750.0,0.25,3499999.9999999995,1.0,0.078,0.078,0.0,500.0,0.051,0.0,0.0,0.0,8400.0,1.0,6.1E8,
6.5E-36,0.031,6400.0,330.0,820.0,3499999.9999999995,4900.0,4100.0,770.0,1100.0,750.0,0.25,3499999.9999999995,1.0,0.078,0.078,0.0,500.0,0.051,0.0,0.0,0.0,8400.0,1.0,6.1E8,
6.5E-36,0.031,6400.0,330.0,820.0,3499999.9999999995,4900.0,4100.0,770.0,1100.0,750.0,0.25,3499999.9999999995,1.0,0.078,0.078,0.0,500.0,0.051,0.0,0.0,0.0,8400.0,1.0,6.1E8,
6.5E-36,0.031,6400.0,330.0,820.0,3499999.9999999995,4900.0,4100.0,770.0,1100.0,750.0,0.25,3499999.9999999995,1.0,0.078,0.078,0.0,490.0,0.051,0.0,0.0,0.0,8400.0,1.0,6.1E8,
6.5E-36,0.031,6400.0,330.0,820.0,3499999.9999999995,4900.0,4100.0,770.0,1100.0,750.0,0.25,3499999.9999999995,1.0,0.078,0.078,0.0,490.0,0.051,0.0,0.0,0.0,8300.0,1.0,6.1E8,
6.5E-36,0.031,6400.0,330.0,820.0,3499999.9999999995,4900.0,4100.0,770.0,1100.0,750.0,0.24,3499999.9999999995,1.0,0.078,0.078,0.0,490.0,0.051,0.0,0.0,0.0,8300.0,1.0,6.1E8,
6.5E-36,0.031,6400.0,330.0,820.0,3499999.9999999995,4900.0,4100.0,770.0,1100.0,750.0,0.24,3499999.9999999995,1.0,0.078,0.078,0.0,480.0,0.051,0.0,0.0,0.0,8300.0,1.0,6.1E8,
6.5E-36,0.031,6400.0,330.0,820.0,3499999.9999999995,4900.0,4100.0,770.0,1100.0,750.0,0.24,3499999.9999999995,1.0,0.078,0.078,0.0,470.0,0.051,0.0,0.0,0.0,8300.0,1.0,6.1E8,
6.5E-36,0.031,6400.0,330.0,820.0,3499999.9999999995,4900.0,4100.0,770.0,1100.0,750.0,0.24,3499999.9999999995,1.0,0.078,0.078,0.0,460.0,0.051,0.0,0.0,0.0,8200.0,1.0,6.1E8,
6.5E-36,0.031,6400.0,330.0,820.0,3499999.9999999995,4900.0,4100.0,770.0,1100.0,750.0,0.24,3499999.9999999995,1.0,0.078,0.078,0.0,460.0,0.051,0.0,0.0,0.0,8200.0,1.0,6.1E8,
6.5E-36,0.031,6400.0,330.0,820.0,3499999.9999999995,4900.0,4100.0,770.0,1100.0,750.0,0.24,3499999.9999999995,1.0,0.078,0.078,0.0,450.0,0.051,0.0,0.0,0.0,8200.0,1.0,6.1E8,
6.5E-36,0.031,6400.0,330.0,820.0,3499999.9999999995,4900.0,4100.0,770.0,1100.0,750.0,0.24,3499999.9999999995,1.0,0.078,0.078,0.0,440.0,0.051,0.0,0.0,0.0,8100.0,1.0,6.1E8,
6.5E-36,0.031,6400.0,330.0,820.0,3499999.9999999995,4900.0,4100.0,770.0,1100.0,750.0,0.24,3499999.9999999995,1.0,0.078,0.078,0.0,440.0,0.051,0.0,0.0,0.0,8100.0,1.0,6.1E8,
6.5E-36,0.031,6400.0,330.0,820.0,3499999.9999999995,4900.0,4100.0,770.0,1100.0,750.0,0.24,3499999.9999999995,1.0,0.078,0.078,0.0,440.0,0.051,0.0,0.0,0.0,8100.0,1.0,6.1E8,
6.5E-36,0.031,6400.0,330.0,820.0,3499999.9999999995,4900.0,4100.0,770.0,1100.0,750.0,0.24,3499999.9999999995,1.0,0.078,0.078,0.0,440.0,0.051,0.0,0.0,0.0,8100.0,1.0,6.1E8,
6.5E-36,0.031,6400.0,330.0,820.0,3499999.9999999995,4900.0,4100.0,770.0,1100.0,750.0,0.24,3499999.9999999995,1.0,0.078,0.078,0.0,440.0,0.051,0.0,0.0,0.0,8100.0,1.0,6.1E8,
6.5E-36,0.031,6400.0,330.0,820.0,3499999.9999999995,4900.0,4100.0,770.0,1100.0,750.0,0.24,3499999.9999999995,1.0,0.078,0.078,0.0,440.0,0.051,0.0,0.0,0.0,8000.0,1.0,6.1E8,
6.5E-36,0.031,6400.0,330.0,820.0,3499999.9999999995,4900.0,4100.0,770.0,1100.0,750.0,0.24,3499999.9999999995,1.0,0.078,0.078,0.0,430.0,0.051,0.0,0.0,0.0,8000.0,1.0,6.1E8,
6.5E-36,0.031,6400.0,330.0,820.0,3499999.9999999995,4900.0,4100.0,770.0,1100.0,750.0,0.23,3499999.9999999995,1.0,0.078,0.078,0.0,430.0,0.051,0.0,0.0,0.0,8000.0,1.0,6.1E8,
6.5E-36,0.031,6400.0,330.0,820.0,3499999.9999999995,4900.0,4100.0,770.0,1100.0,750.0,0.23,3499999.9999999995,1.0,0.078,0.078,0.0,420.0,0.051,0.0,0.0,0.0,8000.0,1.0,6.1E8,
6.5E-36,0.031,6400.0,330.0,820.0,3499999.9999999995,4900.0,4100.0,770.0,1100.0,750.0,0.23,3499999.9999999995,1.0,0.078,0.078,0.0,420.0,0.051,0.0,0.0,0.0,7900.0,1.0,6.1E8,
6.5E-36,0.031,6400.0,330.0,820.0,3499999.9999999995,4900.0,4100.0,770.0,1100.0,750.0,0.23,3499999.9999999995,1.0,0.078,0.078,0.0,420.0,0.051,0.0,0.0,0.0,7900.0,1.0,6.1E8,
3.5000000000000003E-34,1.7,20000.0,170000.0,17000.0,4600000.0,2300.0,4900.0,4700.0,1100.0,1300.0,0.27,4800000.0,52.0,0.47,0.47,0.0,520.0,1.4,0.0,0.0,0.0,9200.0,1.0,6.3E8,
1.6999999999999999E-35,0.082,2100.0,340.0,4500.0,4500000.0,2300.0,4900.0,4700.0,1100.0,1300.0,0.27,4500000.0,2.6,0.12,0.12,0.0,520.0,0.58,0.0,0.0,0.0,9100.0,1.0,6.3E8,
1.6999999999999999E-35,0.08,2100.0,340.0,4500.0,4300000.0,2300.0,4900.0,4700.0,1100.0,1300.0,0.26,4400000.0,2.5,0.12,0.12,0.0,510.0,0.56,0.0,0.0,0.0,9100.0,1.0,6.3E8,
1.6999999999999999E-35,0.08,2100.0,340.0,4500.0,4300000.0,2300.0,4900.0,4700.0,1100.0,1300.0,0.26,4300000.0,2.5,0.12,0.12,0.0,510.0,0.56,0.0,0.0,0.0,9000.0,1.0,6.3E8,
1.6E-35,0.078,2100.0,340.0,4500.0,4099999.9999999995,2300.0,4900.0,4700.0,1100.0,1300.0,0.26,4099999.9999999995,2.5,0.11,0.11,0.0,510.0,0.55,0.0,0.0,0.0,9000.0,1.0,6.2E8,
1.6E-35,0.075,2100.0,340.0,4500.0,3799999.9999999995,2300.0,4900.0,4700.0,1100.0,1300.0,0.26,3799999.9999999995,2.4,0.11,0.11,0.0,510.0,0.53,0.0,0.0,0.0,8900.0,1.0,6.2E8,
1.6E-35,0.075,2100.0,340.0,4500.0,3699999.9999999995,2300.0,4900.0,4700.0,1100.0,1300.0,0.26,3799999.9999999995,2.4,0.11,0.11,0.0,500.0,0.52,0.0,0.0,0.0,8900.0,1.0,6.2E8,
1.5E-35,0.073,2100.0,340.0,4500.0,3499999.9999999995,2300.0,4900.0,4700.0,1100.0,1300.0,0.26,3499999.9999999995,2.3,0.1,0.1,0.0,500.0,0.51,0.0,0.0,0.0,8800.0,1.0,6.2E8,
1.5E-35,0.072,2100.0,340.0,4500.0,3499999.9999999995,2300.0,4900.0,4700.0,1100.0,1300.0,0.26,3499999.9999999995,2.3,0.1,0.1,0.0,500.0,0.51,0.0,0.0,0.0,8800.0,1.0,6.2E8,
1.5E-35,0.072,2100.0,340.0,4500.0,3499999.9999999995,2300.0,4900.0,4700.0,1100.0,1300.0,0.26,3499999.9999999995,2.3,0.1,0.1,0.0,500.0,0.51,0.0,0.0,0.0,8800.0,1.0,6.1E8,
1.5E-35,0.072,2100.0,340.0,4500.0,3499999.9999999995,2300.0,4900.0,4700.0,1100.0,1300.0,0.25,3499999.9999999995,2.3,0.1,0.1,0.0,500.0,0.51,0.0,0.0,0.0,8700.0,1.0,6.1E8,
1.5E-35,0.072,2100.0,340.0,4500.0,3499999.9999999995,2300.0,4900.0,4700.0,1100.0,1300.0,0.25,3499999.9999999995,2.3,0.1,0.1,0.0,500.0,0.51,0.0,0.0,0.0,8700.0,1.0,6.1E8,
1.5E-35,0.072,2100.0,340.0,4500.0,3499999.9999999995,2300.0,4900.0,4700.0,1100.0,1300.0,0.25,3499999.9999999995,2.3,0.1,0.1,0.0,500.0,0.51,0.0,0.0,0.0,8700.0,1.0,6.1E8,
1.5E-35,0.072,2100.0,340.0,4500.0,3499999.9999999995,2300.0,4900.0,4700.0,1100.0,1300.0,0.25,3499999.9999999995,2.3,0.1,0.1,0.0,490.0,0.51,0.0,0.0,0.0,8700.0,1.0,6.1E8,
1.5E-35,0.072,2100.0,340.0,4500.0,3499999.9999999995,2300.0,4900.0,4700.0,1100.0,1300.0,0.25,3499999.9999999995,2.3,0.1,0.1,0.0,490.0,0.51,0.0,0.0,0.0,8700.0,1.0,6.1E8,
1.5E-35,0.072,2100.0,340.0,4500.0,3499999.9999999995,2300.0,4900.0,4700.0,1100.0,1300.0,0.25,3499999.9999999995,2.3,0.1,0.1,0.0,490.0,0.51,0.0,0.0,0.0,8600.0,1.0,6.1E8,
1.5E-35,0.072,2100.0,340.0,4500.0,3499999.9999999995,2300.0,4900.0,4700.0,1100.0,1300.0,0.25,3499999.9999999995,2.3,0.1,0.1,0.0,490.0,0.51,0.0,0.0,0.0,8600.0,1.0,6.1E8,
1.5E-35,0.072,2100.0,340.0,4500.0,3499999.9999999995,2300.0,4900.0,4700.0,1100.0,1300.0,0.25,3499999.9999999995,2.3,0.1,0.1,0.0,490.0,0.51,0.0,0.0,0.0,8600.0,1.0,6.1E8,
1.5E-35,0.072,2100.0,340.0,4500.0,3499999.9999999995,2300.0,4900.0,4700.0,1100.0,1300.0,0.25,3499999.9999999995,2.3,0.1,0.1,0.0,490.0,0.51,0.0,0.0,0.0,8600.0,1.0,6.1E8,
1.5E-35,0.072,2100.0,340.0,4500.0,3499999.9999999995,2300.0,4900.0,4700.0,1100.0,1300.0,0.25,3499999.9999999995,2.3,0.1,0.1,0.0,490.0,0.51,0.0,0.0,0.0,8600.0,1.0,6.1E8,
1.5E-35,0.072,2100.0,340.0,4500.0,3499999.9999999995,2300.0,4900.0,4700.0,1100.0,1300.0,0.25,3499999.9999999995,2.3,0.1,0.1,0.0,490.0,0.51,0.0,0.0,0.0,8500.0,1.0,6.1E8,
1.5E-35,0.072,2100.0,340.0,4500.0,3499999.9999999995,2300.0,4900.0,4700.0,1100.0,1300.0,0.25,3499999.9999999995,2.3,0.1,0.1,0.0,480.0,0.51,0.0,0.0,0.0,8500.0,1.0,6.1E8,
1.5E-35,0.072,2100.0,340.0,4500.0,3499999.9999999995,2300.0,4900.0,4700.0,1100.0,1300.0,0.25,3499999.9999999995,2.3,0.1,0.1,0.0,470.0,0.51,0.0,0.0,0.0,8500.0,1.0,6.1E8,
1.5E-35,0.072,2100.0,340.0,4500.0,3399999.9999999995,2300.0,4900.0,4700.0,1100.0,1300.0,0.25,3499999.9999999995,2.3,0.1,0.1,0.0,470.0,0.5,0.0,0.0,0.0,8400.0,1.0,6.1E8,
1.5E-35,0.072,2100.0,340.0,4500.0,3399999.9999999995,2300.0,4900.0,4700.0,1100.0,1300.0,0.25,3499999.9999999995,2.3,0.1,0.1,0.0,470.0,0.5,0.0,0.0,0.0,8400.0,1.0,6.1E8,
1.5E-35,0.072,2100.0,340.0,4500.0,3399999.9999999995,2300.0,4900.0,4700.0,1100.0,1300.0,0.24,3499999.9999999995,2.3,0.1,0.1,0.0,470.0,0.5,0.0,0.0,0.0,8400.0,1.0,6.1E8,
1.5E-35,0.072,2100.0,340.0,4500.0,3399999.9999999995,2300.0,4900.0,4700.0,1100.0,1300.0,0.24,3499999.9999999995,2.3,0.1,0.1,0.0,460.0,0.5,0.0,0.0,0.0,8400.0,1.0,6.1E8,
1.5E-35,0.072,2100.0,340.0,4500.0,3399999.9999999995,2300.0,4900.0,4700.0,1100.0,1300.0,0.24,3399999.9999999995,2.3,0.1,0.1,0.0,460.0,0.5,0.0,0.0,0.0,8300.0,1.0,6.0E8,
1.5E-35,0.072,2100.0,340.0,4500.0,3399999.9999999995,2300.0,4900.0,4700.0,1100.0,1300.0,0.24,3399999.9999999995,2.3,0.1,0.1,0.0,450.0,0.5,0.0,0.0,0.0,8300.0,1.0,6.0E8,
1.5E-35,0.072,2100.0,340.0,4500.0,3399999.9999999995,2300.0,4900.0,4700.0,1100.0,1300.0,0.24,3399999.9999999995,2.3,0.1,0.1,0.0,450.0,0.5,0.0,0.0,0.0,8300.0,1.0,6.0E8,
1.5E-35,0.072,2100.0,340.0,4500.0,3399999.9999999995,2300.0,4900.0,4700.0,1100.0,1300.0,0.24,3399999.9999999995,2.3,0.1,0.1,0.0,440.0,0.5,0.0,0.0,0.0,8200.0,1.0,6.0E8,
1.5E-35,0.072,2100.0,340.0,4500.0,3399999.9999999995,2300.0,4900.0,4700.0,1100.0,1300.0,0.24,3399999.9999999995,2.3,0.1,0.1,0.0,430.0,0.5,0.0,0.0,0.0,8200.0,1.0,6.0E8,
1.5E-35,0.072,2100.0,340.0,4500.0,3399999.9999999995,2300.0,4900.0,4700.0,1100.0,1300.0,0.24,3399999.9999999995,2.3,0.1,0.1,0.0,430.0,0.5,0.0,0.0,0.0,8200.0,1.0,6.0E8,
1.5E-35,0.072,2100.0,340.0,4500.0,3399999.9999999995,2300.0,4900.0,4700.0,1100.0,1300.0,0.24,3399999.9999999995,2.3,0.1,0.1,0.0,430.0,0.5,0.0,0.0,0.0,8100.0,1.0,6.0E8,
8.7E-36,0.041,12000.0,1400.0,590.0,4600000.0,2300.0,4900.0,4700.0,1100.0,1300.0,0.27,4700000.0,1.5,0.11,0.11,0.0,540.0,0.35,0.0,0.0,0.0,9300.0,1.0,6.2E8,
8.1E-36,0.039,4900.0,1400.0,590.0,4300000.0,2300.0,4900.0,4700.0,1100.0,1300.0,0.27,4300000.0,1.4,0.1,0.1,0.0,530.0,0.33,0.0,0.0,0.0,9200.0,1.0,6.1E8,
7.600000000000001E-36,0.036,4900.0,1400.0,590.0,3799999.9999999995,2300.0,4900.0,4700.0,1100.0,1300.0,0.27,3899999.9999999995,1.3,0.097,0.097,0.0,530.0,0.3,0.0,0.0,0.0,9100.0,1.0,6.1E8,
7.4E-36,0.035,4900.0,1400.0,590.0,3599999.9999999995,2300.0,4900.0,4700.0,1100.0,1300.0,0.27,3699999.9999999995,1.2,0.094,0.094,0.0,520.0,0.29,0.0,0.0,0.0,9100.0,1.0,6.1E8,
1.9E-34,0.92,60000.0,130000.0,19000.0,4700000.0,15000.0,4900.0,4700.0,1100.0,1500.0,0.28,4900000.0,31.0,0.24,0.24,0.0,540.0,0.97,0.0,0.0,0.0,9400.0,1.0,6.2E8,
3.3E-35,0.16,28000.0,4200.0,17000.0,4700000.0,13000.0,4800.0,4700.0,1100.0,1500.0,0.28,4800000.0,5.9,0.099,0.099,0.0,540.0,0.58,0.0,0.0,0.0,9400.0,1.0,6.2E8,
1.6999999999999999E-35,0.08,740.0,4200.0,4200.0,4500000.0,140.0,4800.0,4700.0,1100.0,1500.0,0.27,4500000.0,3.0,0.081,0.081,0.0,530.0,0.24,0.0,0.0,0.0,9300.0,1.0,6.2E8,
1.6E-35,0.077,740.0,4200.0,4200.0,4200000.0,130.0,4800.0,4700.0,1100.0,1500.0,0.27,4200000.0,2.9,0.077,0.077,0.0,520.0,0.23,0.0,0.0,0.0,9300.0,1.0,6.2E8,
7.0E-35,0.33,4700.0,56000.0,4700.0,4700000.0,130.0,4800.0,4700.0,1100.0,1500.0,0.27,4700000.0,12.0,0.16,0.16,0.0,520.0,0.24,0.0,0.0,0.0,9300.0,1.0,6.2E8,
1.0E-35,0.05,4700.0,470.0,4700.0,4600000.0,130.0,4800.0,4700.0,1100.0,1500.0,0.27,4600000.0,1.7,0.084,0.084,0.0,530.0,0.24,0.0,0.0,0.0,9300.0,1.0,6.2E8,
9.9E-36,0.047,4700.0,470.0,4700.0,4099999.9999999995,130.0,4800.0,4600.0,1100.0,1500.0,0.27,4099999.9999999995,1.6,0.078,0.078,0.0,530.0,0.22,0.0,0.0,0.0,9200.0,1.0,6.2E8,
9.5E-36,0.045,4700.0,470.0,4700.0,3699999.9999999995,130.0,4800.0,4600.0,1100.0,1500.0,0.27,3699999.9999999995,1.6,0.073,0.073,0.0,530.0,0.21,0.0,0.0,0.0,9200.0,1.0,6.1E8,
9.300000000000001E-36,0.044,4700.0,470.0,4700.0,3499999.9999999995,130.0,4800.0,4600.0,1100.0,1500.0,0.27,3499999.9999999995,1.5,0.07,0.07,0.0,530.0,0.21,0.0,0.0,0.0,9100.0,1.0,6.1E8,
9.2E-36,0.044,4700.0,470.0,4700.0,3499999.9999999995,130.0,4800.0,4600.0,1100.0,1500.0,0.27,3499999.9999999995,1.5,0.069,0.069,0.0,530.0,0.21,0.0,0.0,0.0,9100.0,1.0,6.1E8,
9.2E-36,0.044,4700.0,470.0,4700.0,3499999.9999999995,130.0,4800.0,4600.0,1100.0,1500.0,0.27,3499999.9999999995,1.5,0.069,0.069,0.0,520.0,0.21,0.0,0.0,0.0,9000.0,1.0,6.1E8,
9.2E-36,0.044,4700.0,470.0,4700.0,3499999.9999999995,130.0,4800.0,4600.0,1100.0,1500.0,0.26,3499999.9999999995,1.5,0.069,0.069,0.0,520.0,0.21,0.0,0.0,0.0,9000.0,1.0,6.1E8,
1.1999999999999999E-35,0.059,3700.0,3700.0,3000.0,4700000.0,130.0,4800.0,4600.0,1100.0,1500.0,0.27,4700000.0,2.2,0.06,0.06,0.0,530.0,0.14,0.0,0.0,0.0,9300.0,1.0,6.2E8,
1.1999999999999999E-35,0.058,3700.0,3700.0,3000.0,4500000.0,130.0,4800.0,4600.0,1100.0,1500.0,0.27,4500000.0,2.1,0.058,0.058,0.0,530.0,0.13,0.0,0.0,0.0,9200.0,1.0,6.2E8,
1.1999999999999999E-35,0.056,3700.0,3700.0,3000.0,4200000.0,130.0,4800.0,4600.0,1100.0,1500.0,0.27,4200000.0,2.1,0.056,0.056,0.0,520.0,0.13,0.0,0.0,0.0,9200.0,1.0,6.2E8,
1.1E-35,0.054,3700.0,3700.0,2900.0,3699999.9999999995,130.0,4800.0,4600.0,1100.0,1500.0,0.27,3799999.9999999995,2.0,0.052,0.052,0.0,510.0,0.12,0.0,0.0,0.0,9100.0,1.0,6.1E8,
1.1E-35,0.053,3700.0,3700.0,2900.0,3499999.9999999995,130.0,4800.0,4600.0,1100.0,1500.0,0.26,3499999.9999999995,1.9,0.05,0.05,0.0,510.0,0.12,0.0,0.0,0.0,9000.0,1.0,6.1E8,
1.1E-35,0.052,3700.0,3700.0,2900.0,3499999.9999999995,130.0,4800.0,4600.0,1100.0,1500.0,0.26,3499999.9999999995,1.9,0.049,0.049,0.0,500.0,0.12,0.0,0.0,0.0,9000.0,1.0,6.1E8,
1.1E-35,0.052,3700.0,3700.0,2900.0,3399999.9999999995,130.0,4800.0,4600.0,1100.0,1500.0,0.26,3499999.9999999995,1.9,0.049,0.049,0.0,500.0,0.11,0.0,0.0,0.0,9000.0,1.0,6.0E8,
1.1E-35,0.052,3700.0,3700.0,2900.0,3399999.9999999995,130.0,4800.0,4600.0,1100.0,1500.0,0.26,3499999.9999999995,1.9,0.049,0.049,0.0,500.0,0.11,0.0,0.0,0.0,9000.0,1.0,6.0E8,
1.1E-35,0.052,3700.0,3700.0,2900.0,3399999.9999999995,130.0,4800.0,4600.0,1100.0,1500.0,0.26,3499999.9999999995,1.9,0.049,0.049,0.0,500.0,0.11,0.0,0.0,0.0,8900.0,1.0,6.0E8,
1.1E-35,0.052,3700.0,3700.0,2900.0,3399999.9999999995,130.0,4800.0,4600.0,1100.0,1500.0,0.26,3499999.9999999995,1.9,0.049,0.049,0.0,480.0,0.11,0.0,0.0,0.0,8900.0,1.0,6.0E8,
1.1E-35,0.052,3700.0,3700.0,2900.0,3399999.9999999995,130.0,4800.0,4600.0,1100.0,1500.0,0.26,3499999.9999999995,1.9,0.049,0.049,0.0,470.0,0.11,0.0,0.0,0.0,8800.0,1.0,6.0E8,
1.1E-35,0.052,3700.0,3700.0,2900.0,3399999.9999999995,130.0,4800.0,4600.0,1100.0,1500.0,0.26,3499999.9999999995,1.9,0.049,0.049,0.0,460.0,0.11,0.0,0.0,0.0,8800.0,1.0,6.0E8,
1.1E-35,0.052,3700.0,3700.0,2900.0,3399999.9999999995,130.0,4800.0,4600.0,1100.0,1500.0,0.26,3499999.9999999995,1.9,0.049,0.049,0.0,460.0,0.11,0.0,0.0,0.0,8800.0,1.0,6.0E8,
1.1E-35,0.052,3700.0,3700.0,2900.0,3399999.9999999995,130.0,4800.0,4600.0,1100.0,1500.0,0.26,3499999.9999999995,1.9,0.049,0.049,0.0,460.0,0.11,0.0,0.0,0.0,8700.0,1.0,6.0E8,
1.1E-35,0.052,3700.0,3700.0,2900.0,3399999.9999999995,130.0,4800.0,4600.0,1100.0,1500.0,0.26,3499999.9999999995,1.9,0.049,0.049,0.0,450.0,0.11,0.0,0.0,0.0,8700.0,1.0,6.0E8,
1.1E-35,0.052,3500.0,4200.0,860.0,4300000.0,130.0,4800.0,4600.0,1100.0,1500.0,0.26,4400000.0,1.8,0.055,0.055,0.0,480.0,0.078,0.0,0.0,0.0,9000.0,1.0,6.2E8,
1.3E-35,0.063,1200.0,2700.0,3200.0,4700000.0,130.0,4800.0,4600.0,1100.0,1500.0,0.29,4700000.0,2.3,0.062,0.062,0.0,530.0,0.54,0.0,0.0,0.0,9700.0,1.0,6.2E8,
1.3E-35,0.062,1200.0,2700.0,3200.0,4500000.0,130.0,4800.0,4600.0,1100.0,1500.0,0.29,4500000.0,2.3,0.06,0.06,0.0,520.0,0.53,0.0,0.0,0.0,9600.0,1.0,6.2E8,
1.3E-35,0.06,1200.0,2700.0,3200.0,4099999.9999999995,130.0,4800.0,4600.0,1100.0,1500.0,0.28,4099999.9999999995,2.2,0.056,0.056,0.0,520.0,0.5,0.0,0.0,0.0,9600.0,1.0,6.2E8,
1.5E-34,0.73,16000.0,130000.0,5300.0,4700000.0,67000.0,4700.0,1300.0,2600.0,2600.0,0.29,4900000.0,26.0,0.15,0.15,0.0,540.0,0.58,0.0,0.0,0.0,10000.0,1.0,6.3E8,
6.2E-35,0.3,3900.0,45000.0,5300.0,4700000.0,67000.0,4700.0,1300.0,2600.0,2600.0,0.29,4800000.0,10.0,0.091,0.091,0.0,540.0,0.58,0.0,0.0,0.0,9900.0,1.0,6.3E8,
1.3E-35,0.063,3900.0,2000.0,5300.0,4300000.0,3800.0,4700.0,1300.0,2600.0,2600.0,0.29,4400000.0,2.2,0.056,0.056,0.0,540.0,0.55,0.0,0.0,0.0,9900.0,1.0,6.3E8,
1.3E-35,0.061,3900.0,2000.0,5300.0,3999999.9999999995,3800.0,4700.0,1300.0,2600.0,2600.0,0.29,4099999.9999999995,2.2,0.054,0.054,0.0,540.0,0.53,0.0,0.0,0.0,9800.0,1.0,6.2E8,
1.3E-35,0.061,3800.0,2000.0,5300.0,3899999.9999999995,3800.0,4600.0,1300.0,2500.0,2600.0,0.28,3899999.9999999995,2.1,0.053,0.053,0.0,540.0,0.53,0.0,0.0,0.0,9700.0,1.0,6.2E8,
1.3E-35,0.06,3800.0,2000.0,5300.0,3799999.9999999995,3800.0,4600.0,1300.0,2500.0,2600.0,0.28,3799999.9999999995,2.1,0.052,0.052,0.0,540.0,0.52,0.0,0.0,0.0,9700.0,1.0,6.2E8,
1.1999999999999999E-35,0.058,3800.0,1900.0,5300.0,3499999.9999999995,3800.0,4600.0,1300.0,2500.0,2600.0,0.28,3599999.9999999995,2.1,0.05,0.05,0.0,530.0,0.5,0.0,0.0,0.0,9600.0,1.0,6.2E8,
6.2E-35,0.3,9900.0,38000.0,5100.0,4300000.0,7600.0,4600.0,1300.0,2500.0,2600.0,0.28,4400000.0,12.0,0.087,0.087,0.0,540.0,0.25,0.0,0.0,0.0,9800.0,1.0,6.3E8,
1.6E-35,0.078,2300.0,3200.0,5100.0,4200000.0,97.0,4600.0,1300.0,2500.0,2600.0,0.28,4300000.0,3.1,0.059,0.059,0.0,540.0,0.25,0.0,0.0,0.0,9700.0,1.0,6.3E8,
1.6E-35,0.076,2300.0,3200.0,5100.0,3999999.9999999995,97.0,4600.0,1300.0,2500.0,2600.0,0.28,3999999.9999999995,3.0,0.057,0.057,0.0,540.0,0.24,0.0,0.0,0.0,9700.0,1.0,6.3E8,
1.6E-35,0.075,2300.0,3200.0,5100.0,3799999.9999999995,97.0,4600.0,1300.0,2500.0,2600.0,0.28,3799999.9999999995,3.0,0.055,0.055,0.0,540.0,0.24,0.0,0.0,0.0,9600.0,1.0,6.2E8,
1.5E-35,0.073,2300.0,3200.0,5100.0,3499999.9999999995,97.0,4600.0,1300.0,2500.0,2600.0,0.28,3499999.9999999995,2.9,0.053,0.053,0.0,540.0,0.23,0.0,0.0,0.0,9600.0,1.0,6.2E8,
1.5E-35,0.073,2300.0,3200.0,5100.0,3499999.9999999995,97.0,4600.0,1300.0,2500.0,2600.0,0.28,3499999.9999999995,2.9,0.053,0.053,0.0,540.0,0.23,0.0,0.0,0.0,9600.0,1.0,6.2E8,
1.5E-35,0.073,2300.0,3200.0,5100.0,3499999.9999999995,97.0,4600.0,1300.0,2500.0,2600.0,0.28,3499999.9999999995,2.9,0.053,0.053,0.0,530.0,0.23,0.0,0.0,0.0,9500.0,1.0,6.2E8,
1.5E-35,0.073,2300.0,3200.0,5100.0,3499999.9999999995,97.0,4600.0,1300.0,2500.0,2600.0,0.28,3499999.9999999995,2.9,0.053,0.053,0.0,530.0,0.23,0.0,0.0,0.0,9500.0,1.0,6.2E8,
1.5E-35,0.073,2300.0,3200.0,5100.0,3499999.9999999995,97.0,4600.0,1300.0,2500.0,2600.0,0.27,3499999.9999999995,2.9,0.053,0.053,0.0,510.0,0.23,0.0,0.0,0.0,9400.0,1.0,6.2E8,
1.5E-35,0.073,2300.0,3200.0,5100.0,3499999.9999999995,97.0,4600.0,1300.0,2500.0,2600.0,0.27,3499999.9999999995,2.9,0.053,0.053,0.0,510.0,0.23,0.0,0.0,0.0,9400.0,1.0,6.2E8,
1.5E-35,0.073,2300.0,3200.0,5100.0,3499999.9999999995,97.0,4600.0,1300.0,2500.0,2600.0,0.27,3499999.9999999995,2.9,0.053,0.053,0.0,510.0,0.23,0.0,0.0,0.0,9400.0,1.0,6.2E8,
1.5E-35,0.073,2300.0,3200.0,5100.0,3499999.9999999995,97.0,4600.0,1300.0,2500.0,2600.0,0.27,3499999.9999999995,2.9,0.053,0.053,0.0,510.0,0.23,0.0,0.0,0.0,9300.0,1.0,6.2E8,
1.5E-35,0.073,2300.0,3200.0,5100.0,3499999.9999999995,97.0,4600.0,1300.0,2500.0,2600.0,0.27,3499999.9999999995,2.9,0.053,0.053,0.0,510.0,0.23,0.0,0.0,0.0,9300.0,1.0,6.2E8,
1.5E-35,0.073,2300.0,3200.0,5100.0,3499999.9999999995,97.0,4600.0,1300.0,2500.0,2600.0,0.27,3499999.9999999995,2.9,0.053,0.053,0.0,510.0,0.23,0.0,0.0,0.0,9300.0,1.0,6.2E8,
1.5E-35,0.073,2300.0,3200.0,5100.0,3499999.9999999995,97.0,4600.0,1300.0,2500.0,2600.0,0.27,3499999.9999999995,2.9,0.053,0.053,0.0,500.0,0.23,0.0,0.0,0.0,9300.0,1.0,6.2E8,
1.5E-35,0.073,2300.0,3200.0,5100.0,3499999.9999999995,97.0,4600.0,1300.0,2500.0,2600.0,0.27,3499999.9999999995,2.9,0.053,0.053,0.0,500.0,0.23,0.0,0.0,0.0,9300.0,1.0,6.2E8,
1.5E-35,0.073,2300.0,3200.0,5100.0,3499999.9999999995,97.0,4600.0,1300.0,2500.0,2600.0,0.27,3499999.9999999995,2.9,0.053,0.053,0.0,500.0,0.23,0.0,0.0,0.0,9300.0,1.0,6.2E8,
1.5E-35,0.073,2300.0,3200.0,5100.0,3499999.9999999995,97.0,4600.0,1300.0,2500.0,2600.0,0.27,3499999.9999999995,2.9,0.053,0.053,0.0,490.0,0.23,0.0,0.0,0.0,9200.0,1.0,6.2E8,
1.5E-35,0.073,2300.0,3200.0,5100.0,3499999.9999999995,97.0,4600.0,1300.0,2500.0,2600.0,0.27,3499999.9999999995,2.9,0.053,0.053,0.0,490.0,0.23,0.0,0.0,0.0,9200.0,1.0,6.2E8,
1.5E-35,0.073,2300.0,3200.0,5100.0,3499999.9999999995,97.0,4600.0,1300.0,2500.0,2600.0,0.27,3499999.9999999995,2.9,0.053,0.053,0.0,490.0,0.23,0.0,0.0,0.0,9200.0,1.0,6.2E8,
1.5E-35,0.073,2300.0,3200.0,5100.0,3499999.9999999995,97.0,4600.0,1300.0,2500.0,2600.0,0.27,3499999.9999999995,2.9,0.053,0.053,0.0,490.0,0.23,0.0,0.0,0.0,9200.0,1.0,6.2E8,
1.5E-35,0.073,2300.0,3200.0,5100.0,3499999.9999999995,97.0,4600.0,1300.0,2500.0,2600.0,0.27,3499999.9999999995,2.9,0.053,0.053,0.0,490.0,0.23,0.0,0.0,0.0,9100.0,1.0,6.2E8,
1.5E-35,0.073,2300.0,3200.0,5100.0,3499999.9999999995,97.0,4600.0,1300.0,2500.0,2600.0,0.26,3499999.9999999995,2.9,0.053,0.053,0.0,480.0,0.23,0.0,0.0,0.0,9100.0,1.0,6.2E8,
1.5E-35,0.073,2300.0,3200.0,5100.0,3499999.9999999995,96.0,4600.0,1300.0,2500.0,2600.0,0.26,3499999.9999999995,2.9,0.053,0.053,0.0,480.0,0.23,0.0,0.0,0.0,9000.0,1.0,6.1E8,
1.5E-35,0.073,2300.0,3200.0,5100.0,3499999.9999999995,96.0,4600.0,1300.0,2500.0,2600.0,0.26,3499999.9999999995,2.9,0.053,0.053,0.0,470.0,0.23,0.0,0.0,0.0,9000.0,1.0,6.1E8,
1.5E-35,0.073,2300.0,3200.0,5100.0,3499999.9999999995,96.0,4600.0,1300.0,2500.0,2600.0,0.26,3499999.9999999995,2.9,0.053,0.053,0.0,470.0,0.23,0.0,0.0,0.0,9000.0,1.0,6.1E8,
1.5E-35,0.073,2300.0,3200.0,5100.0,3499999.9999999995,96.0,4600.0,1300.0,2500.0,2600.0,0.26,3499999.9999999995,2.9,0.053,0.053,0.0,470.0,0.23,0.0,0.0,0.0,9000.0,1.0,6.1E8,
1.5E-35,0.073,2300.0,3200.0,5100.0,3499999.9999999995,96.0,4600.0,1300.0,2500.0,2600.0,0.26,3499999.9999999995,2.9,0.053,0.053,0.0,470.0,0.23,0.0,0.0,0.0,8900.0,1.0,6.1E8,
1.5E-35,0.073,2300.0,3200.0,5100.0,3499999.9999999995,96.0,4600.0,1300.0,2500.0,2600.0,0.26,3499999.9999999995,2.9,0.053,0.053,0.0,460.0,0.23,0.0,0.0,0.0,8900.0,1.0,6.1E8,
1.5E-35,0.073,2300.0,3200.0,5100.0,3499999.9999999995,96.0,4600.0,1300.0,2500.0,2600.0,0.26,3499999.9999999995,2.9,0.053,0.053,0.0,460.0,0.23,0.0,0.0,0.0,8900.0,1.0,6.1E8,
1.5E-35,0.073,2300.0,3200.0,5100.0,3499999.9999999995,96.0,4600.0,1300.0,2500.0,2600.0,0.26,3499999.9999999995,2.9,0.053,0.053,0.0,460.0,0.23,0.0,0.0,0.0,8800.0,1.0,6.1E8,
1.5E-35,0.073,2300.0,3200.0,5100.0,3499999.9999999995,96.0,4600.0,1300.0,2500.0,2600.0,0.26,3499999.9999999995,2.9,0.053,0.053,0.0,450.0,0.23,0.0,0.0,0.0,8800.0,1.0,6.1E8,
1.5E-35,0.073,2300.0,3200.0,5100.0,3499999.9999999995,96.0,4600.0,1300.0,2500.0,2600.0,0.26,3499999.9999999995,2.9,0.053,0.053,0.0,450.0,0.23,0.0,0.0,0.0,8800.0,1.0,6.1E8,
1.5E-35,0.073,2300.0,3200.0,5100.0,3499999.9999999995,96.0,4600.0,1300.0,2500.0,2600.0,0.25,3499999.9999999995,2.9,0.053,0.053,0.0,450.0,0.23,0.0,0.0,0.0,8800.0,1.0,6.1E8,
1.5E-35,0.073,2300.0,3200.0,5100.0,3499999.9999999995,96.0,4600.0,1300.0,2500.0,2600.0,0.25,3499999.9999999995,2.9,0.053,0.053,0.0,450.0,0.23,0.0,0.0,0.0,8700.0,1.0,6.1E8,
1.5E-35,0.073,2300.0,3200.0,5100.0,3499999.9999999995,96.0,4600.0,1300.0,2500.0,2600.0,0.25,3499999.9999999995,2.9,0.053,0.053,0.0,450.0,0.23,0.0,0.0,0.0,8700.0,1.0,6.1E8,
1.5E-35,0.073,2300.0,3200.0,5100.0,3499999.9999999995,96.0,4600.0,1300.0,2500.0,2600.0,0.25,3499999.9999999995,2.9,0.053,0.053,0.0,440.0,0.23,0.0,0.0,0.0,8700.0,1.0,6.1E8,
1.5E-35,0.073,2300.0,3200.0,5100.0,3499999.9999999995,96.0,4600.0,1300.0,2500.0,2600.0,0.25,3499999.9999999995,2.9,0.053,0.053,0.0,440.0,0.23,0.0,0.0,0.0,8600.0,1.0,6.1E8,
1.5E-35,0.073,2300.0,3200.0,5100.0,3499999.9999999995,96.0,4600.0,1300.0,2500.0,2600.0,0.25,3499999.9999999995,2.9,0.053,0.053,0.0,430.0,0.23,0.0,0.0,0.0,8600.0,1.0,6.1E8,
1.5E-35,0.073,2300.0,3200.0,5100.0,3499999.9999999995,96.0,4600.0,1300.0,2500.0,2600.0,0.25,3499999.9999999995,2.9,0.053,0.053,0.0,430.0,0.23,0.0,0.0,0.0,8600.0,1.0,6.1E8,
1.5E-35,0.073,2300.0,3200.0,5100.0,3499999.9999999995,96.0,4600.0,1300.0,2500.0,2600.0,0.25,3499999.9999999995,2.9,0.053,0.053,0.0,430.0,0.23,0.0,0.0,0.0,8500.0,1.0,6.1E8,
1.5E-35,0.073,2300.0,3200.0,5100.0,3499999.9999999995,96.0,4600.0,1300.0,2500.0,2600.0,0.25,3499999.9999999995,2.9,0.053,0.053,0.0,430.0,0.23,0.0,0.0,0.0,8500.0,1.0,6.1E8,
1.5E-35,0.073,2300.0,3200.0,5100.0,3499999.9999999995,96.0,4600.0,1300.0,2500.0,2600.0,0.25,3499999.9999999995,2.9,0.053,0.053,0.0,430.0,0.23,0.0,0.0,0.0,8500.0,1.0,6.1E8,
1.5E-35,0.073,2300.0,3200.0,5100.0,3499999.9999999995,96.0,4600.0,1300.0,2500.0,2600.0,0.25,3499999.9999999995,2.9,0.053,0.053,0.0,430.0,0.23,0.0,0.0,0.0,8500.0,1.0,6.1E8,
1.5E-35,0.073,2300.0,3200.0,5100.0,3499999.9999999995,96.0,4600.0,1300.0,2500.0,2600.0,0.25,3499999.9999999995,2.9,0.053,0.053,0.0,430.0,0.23,0.0,0.0,0.0,8500.0,1.0,6.1E8,
1.5E-35,0.073,2300.0,3200.0,5100.0,3499999.9999999995,96.0,4600.0,1300.0,2500.0,2600.0,0.24,3499999.9999999995,2.9,0.053,0.053,0.0,430.0,0.23,0.0,0.0,0.0,8400.0,1.0,6.1E8,
1.5E-35,0.073,2300.0,3200.0,5100.0,3499999.9999999995,96.0,4600.0,1300.0,2500.0,2600.0,0.24,3499999.9999999995,2.9,0.053,0.053,0.0,430.0,0.23,0.0,0.0,0.0,8400.0,1.0,6.1E8,
1.8E-34,0.85,59.0,110000.0,22000.0,4900000.0,2400.0,4600.0,7000.0,2800.0,6000.0,0.31,5100000.0,36.0,0.15,0.15,0.0,620.0,0.81,0.0,0.0,0.0,10000.0,1.0,6.5E8,
1.6999999999999999E-35,0.079,58.0,3700.0,4000.0,4800000.0,2400.0,4600.0,6900.0,2700.0,6000.0,0.3,4800000.0,3.4,0.074,0.074,0.0,610.0,0.27,0.0,0.0,0.0,10000.0,1.0,6.5E8,
1.6E-35,0.078,58.0,3700.0,4000.0,4600000.0,2400.0,4600.0,6900.0,2700.0,6000.0,0.3,4600000.0,3.3,0.073,0.073,0.0,620.0,0.26,0.0,0.0,0.0,10000.0,1.0,6.4E8,
1.6999999999999999E-35,0.082,3600.0,4500.0,5000.0,4900000.0,1100.0,4600.0,6900.0,2700.0,6000.0,0.31,5000000.0,3.4,0.15,0.15,0.0,620.0,0.17,0.0,0.0,0.0,10000.0,1.0,6.5E8,
1.6999999999999999E-35,0.079,3600.0,4500.0,5000.0,4400000.0,1100.0,4600.0,6900.0,2700.0,6000.0,0.3,4500000.0,3.3,0.14,0.14,0.0,620.0,0.17,0.0,0.0,0.0,10000.0,1.0,6.4E8,
1.6E-35,0.076,3600.0,4500.0,4900.0,3799999.9999999995,1100.0,4500.0,6900.0,2700.0,6000.0,0.3,3899999.9999999995,3.1,0.13,0.13,0.0,600.0,0.15,0.0,0.0,0.0,10000.0,1.0,6.4E8,
1.5E-35,0.074,3600.0,4500.0,4900.0,3499999.9999999995,1100.0,4500.0,6900.0,2700.0,6000.0,0.3,3599999.9999999995,3.1,0.13,0.13,0.0,600.0,0.15,0.0,0.0,0.0,10000.0,1.0,6.3E8,
3.0E-34,1.4,6600.0,210000.0,40000.0,4900000.0,140.0,4500.0,6900.0,2700.0,6000.0,0.31,5200000.0,53.0,0.43,0.43,0.0,620.0,0.66,0.0,0.0,0.0,10000.0,1.0,6.5E8,
1.2E-34,0.55,6600.0,92000.0,2700.0,4900000.0,140.0,4500.0,6900.0,2700.0,5900.0,0.3,5000000.0,21.0,0.24,0.24,0.0,630.0,0.11,0.0,0.0,0.0,10000.0,1.0,6.5E8,
1.3E-35,0.063,6600.0,3800.0,2700.0,4900000.0,140.0,4500.0,6900.0,2700.0,5900.0,0.3,4900000.0,2.4,0.14,0.14,0.0,610.0,0.11,0.0,0.0,0.0,10000.0,1.0,6.5E8,
1.3E-35,0.062,6600.0,3800.0,2700.0,4700000.0,140.0,4500.0,6800.0,2700.0,5900.0,0.3,4700000.0,2.3,0.13,0.13,0.0,610.0,0.11,0.0,0.0,0.0,10000.0,1.0,6.5E8,
1.1999999999999999E-35,0.059,6500.0,3800.0,2700.0,4200000.0,140.0,4500.0,6800.0,2700.0,5900.0,0.3,4200000.0,2.2,0.13,0.13,0.0,610.0,0.1,0.0,0.0,0.0,10000.0,1.0,6.4E8,
1.1999999999999999E-35,0.058,6500.0,3800.0,2700.0,3899999.9999999995,140.0,4500.0,6800.0,2700.0,5900.0,0.3,3899999.9999999995,2.2,0.12,0.12,0.0,610.0,0.097,0.0,0.0,0.0,10000.0,1.0,6.4E8,
1.1999999999999999E-35,0.057,6500.0,3800.0,2700.0,3699999.9999999995,140.0,4500.0,6800.0,2700.0,5900.0,0.29,3699999.9999999995,2.1,0.12,0.12,0.0,610.0,0.094,0.0,0.0,0.0,10000.0,1.0,6.4E8,
1.1999999999999999E-35,0.056,6500.0,3800.0,2700.0,3599999.9999999995,140.0,4500.0,6800.0,2700.0,5900.0,0.29,3599999.9999999995,2.1,0.12,0.12,0.0,610.0,0.092,0.0,0.0,0.0,10000.0,1.0,6.4E8,
1.1999999999999999E-35,0.056,6500.0,3800.0,2700.0,3599999.9999999995,140.0,4500.0,6800.0,2700.0,5900.0,0.29,3599999.9999999995,2.1,0.12,0.12,0.0,600.0,0.092,0.0,0.0,0.0,10000.0,1.0,6.4E8,
1.1999999999999999E-35,0.056,6500.0,3800.0,2700.0,3599999.9999999995,140.0,4500.0,6800.0,2700.0,5900.0,0.29,3599999.9999999995,2.1,0.12,0.12,0.0,590.0,0.092,0.0,0.0,0.0,10000.0,1.0,6.4E8,
1.1999999999999999E-35,0.056,6500.0,3800.0,2700.0,3599999.9999999995,140.0,4500.0,6800.0,2700.0,5900.0,0.29,3599999.9999999995,2.1,0.12,0.12,0.0,590.0,0.092,0.0,0.0,0.0,10000.0,1.0,6.4E8,
1.1999999999999999E-35,0.056,6500.0,3800.0,2700.0,3599999.9999999995,140.0,4500.0,6800.0,2700.0,5900.0,0.29,3599999.9999999995,2.1,0.12,0.12,0.0,590.0,0.092,0.0,0.0,0.0,10000.0,1.0,6.4E8,
1.1999999999999999E-35,0.056,6500.0,3800.0,2700.0,3599999.9999999995,140.0,4500.0,6800.0,2700.0,5900.0,0.29,3599999.9999999995,2.1,0.12,0.12,0.0,590.0,0.092,0.0,0.0,0.0,9900.0,1.0,6.4E8,
1.1999999999999999E-35,0.056,6500.0,3800.0,2700.0,3599999.9999999995,140.0,4500.0,6800.0,2700.0,5900.0,0.29,3599999.9999999995,2.1,0.12,0.12,0.0,590.0,0.092,0.0,0.0,0.0,9900.0,1.0,6.4E8,
1.1999999999999999E-35,0.056,6500.0,3800.0,2700.0,3599999.9999999995,140.0,4500.0,6800.0,2700.0,5900.0,0.29,3599999.9999999995,2.1,0.12,0.12,0.0,590.0,0.092,0.0,0.0,0.0,9900.0,1.0,6.4E8,
1.1999999999999999E-35,0.056,6500.0,3800.0,2700.0,3599999.9999999995,140.0,4500.0,6800.0,2700.0,5900.0,0.29,3599999.9999999995,2.1,0.12,0.12,0.0,580.0,0.092,0.0,0.0,0.0,9800.0,1.0,6.4E8,
1.1999999999999999E-35,0.056,6500.0,3800.0,2700.0,3599999.9999999995,140.0,4500.0,6800.0,2700.0,5900.0,0.29,3599999.9999999995,2.1,0.12,0.12,0.0,580.0,0.092,0.0,0.0,0.0,9800.0,1.0,6.4E8,
1.1999999999999999E-35,0.056,6500.0,3800.0,2700.0,3599999.9999999995,140.0,4500.0,6800.0,2700.0,5900.0,0.28,3599999.9999999995,2.1,0.12,0.12,0.0,580.0,0.092,0.0,0.0,0.0,9800.0,1.0,6.4E8,
1.1999999999999999E-35,0.056,6500.0,3800.0,2700.0,3599999.9999999995,140.0,4500.0,6800.0,2700.0,5900.0,0.28,3599999.9999999995,2.1,0.12,0.12,0.0,580.0,0.092,0.0,0.0,0.0,9700.0,1.0,6.4E8,
1.1999999999999999E-35,0.056,6500.0,3800.0,2700.0,3599999.9999999995,140.0,4500.0,6800.0,2700.0,5900.0,0.28,3599999.9999999995,2.1,0.12,0.12,0.0,570.0,0.092,0.0,0.0,0.0,9700.0,1.0,6.4E8,
1.1999999999999999E-35,0.056,6500.0,3800.0,2700.0,3599999.9999999995,140.0,4500.0,6800.0,2700.0,5900.0,0.28,3599999.9999999995,2.1,0.12,0.12,0.0,570.0,0.092,0.0,0.0,0.0,9700.0,1.0,6.4E8,
1.1999999999999999E-35,0.056,6500.0,3800.0,2700.0,3599999.9999999995,140.0,4500.0,6800.0,2700.0,5900.0,0.28,3599999.9999999995,2.1,0.12,0.12,0.0,570.0,0.092,0.0,0.0,0.0,9600.0,1.0,6.4E8,
1.1999999999999999E-35,0.056,6500.0,3800.0,2700.0,3599999.9999999995,140.0,4500.0,6800.0,2700.0,5900.0,0.28,3599999.9999999995,2.1,0.12,0.12,0.0,570.0,0.092,0.0,0.0,0.0,9600.0,1.0,6.4E8,
1.1999999999999999E-35,0.056,6500.0,3800.0,2700.0,3599999.9999999995,140.0,4500.0,6800.0,2700.0,5900.0,0.28,3599999.9999999995,2.1,0.12,0.12,0.0,560.0,0.092,0.0,0.0,0.0,9600.0,1.0,6.4E8,
1.1999999999999999E-35,0.056,6500.0,3800.0,2700.0,3599999.9999999995,140.0,4500.0,6800.0,2700.0,5900.0,0.28,3599999.9999999995,2.1,0.12,0.12,0.0,560.0,0.092,0.0,0.0,0.0,9600.0,1.0,6.4E8,
1.1999999999999999E-35,0.056,6500.0,3800.0,2700.0,3599999.9999999995,140.0,4500.0,6800.0,2700.0,5900.0,0.28,3599999.9999999995,2.1,0.12,0.12,0.0,550.0,0.092,0.0,0.0,0.0,9500.0,1.0,6.4E8,
1.1999999999999999E-35,0.056,6500.0,3800.0,2700.0,3599999.9999999995,140.0,4500.0,6800.0,2700.0,5900.0,0.28,3599999.9999999995,2.1,0.12,0.12,0.0,550.0,0.092,0.0,0.0,0.0,9500.0,1.0,6.4E8,
1.1999999999999999E-35,0.056,6500.0,3800.0,2700.0,3599999.9999999995,140.0,4500.0,6800.0,2700.0,5900.0,0.28,3599999.9999999995,2.1,0.12,0.12,0.0,540.0,0.092,0.0,0.0,0.0,9500.0,1.0,6.4E8,
1.1999999999999999E-35,0.056,6500.0,3800.0,2700.0,3599999.9999999995,140.0,4500.0,6800.0,2700.0,5900.0,0.28,3599999.9999999995,2.1,0.12,0.12,0.0,540.0,0.092,0.0,0.0,0.0,9500.0,1.0,6.4E8,
1.1999999999999999E-35,0.056,6500.0,3800.0,2700.0,3599999.9999999995,140.0,4500.0,6800.0,2700.0,5900.0,0.28,3599999.9999999995,2.1,0.12,0.12,0.0,530.0,0.092,0.0,0.0,0.0,9400.0,1.0,6.4E8,
1.1999999999999999E-35,0.056,6500.0,3800.0,2700.0,3599999.9999999995,140.0,4500.0,6800.0,2700.0,5900.0,0.27,3599999.9999999995,2.1,0.12,0.12,0.0,530.0,0.092,0.0,0.0,0.0,9400.0,1.0,6.4E8,
1.1999999999999999E-35,0.056,6500.0,3800.0,2700.0,3599999.9999999995,140.0,4500.0,6800.0,2700.0,5900.0,0.27,3599999.9999999995,2.1,0.12,0.12,0.0,520.0,0.092,0.0,0.0,0.0,9400.0,1.0,6.4E8,
1.1999999999999999E-35,0.056,6500.0,3800.0,2700.0,3599999.9999999995,140.0,4500.0,6800.0,2700.0,5900.0,0.27,3599999.9999999995,2.1,0.12,0.12,0.0,520.0,0.092,0.0,0.0,0.0,9400.0,1.0,6.4E8,
1.1999999999999999E-35,0.056,6500.0,3800.0,2700.0,3599999.9999999995,140.0,4500.0,6800.0,2700.0,5900.0,0.27,3599999.9999999995,2.1,0.12,0.12,0.0,520.0,0.092,0.0,0.0,0.0,9300.0,1.0,6.4E8,
1.1999999999999999E-35,0.056,6500.0,3800.0,2700.0,3599999.9999999995,140.0,4500.0,6800.0,2700.0,5900.0,0.27,3599999.9999999995,2.1,0.12,0.12,0.0,520.0,0.092,0.0,0.0,0.0,9300.0,1.0,6.4E8,
1.1999999999999999E-35,0.056,6500.0,3800.0,2700.0,3599999.9999999995,140.0,4500.0,6800.0,2700.0,5900.0,0.27,3599999.9999999995,2.1,0.12,0.12,0.0,520.0,0.092,0.0,0.0,0.0,9300.0,1.0,6.4E8,
1.1999999999999999E-35,0.056,6500.0,3800.0,2700.0,3599999.9999999995,140.0,4500.0,6800.0,2700.0,5900.0,0.27,3599999.9999999995,2.1,0.12,0.12,0.0,510.0,0.092,0.0,0.0,0.0,9200.0,1.0,6.4E8,
1.1999999999999999E-35,0.056,6500.0,3800.0,2700.0,3599999.9999999995,140.0,4500.0,6800.0,2700.0,5900.0,0.27,3599999.9999999995,2.1,0.12,0.12,0.0,510.0,0.092,0.0,0.0,0.0,9200.0,1.0,6.4E8,
1.1999999999999999E-35,0.056,6500.0,3800.0,2700.0,3599999.9999999995,140.0,4500.0,6800.0,2700.0,5900.0,0.27,3599999.9999999995,2.1,0.12,0.12,0.0,510.0,0.092,0.0,0.0,0.0,9200.0,1.0,6.3E8,
1.1999999999999999E-35,0.056,6500.0,3800.0,2700.0,3499999.9999999995,140.0,4500.0,6800.0,2700.0,5900.0,0.27,3599999.9999999995,2.1,0.12,0.12,0.0,510.0,0.091,0.0,0.0,0.0,9100.0,1.0,6.3E8,
1.1999999999999999E-35,0.056,6500.0,3800.0,2700.0,3499999.9999999995,140.0,4500.0,6800.0,2700.0,5900.0,0.27,3599999.9999999995,2.1,0.12,0.12,0.0,510.0,0.091,0.0,0.0,0.0,9100.0,1.0,6.3E8,
1.1999999999999999E-35,0.056,6500.0,3800.0,2700.0,3499999.9999999995,140.0,4500.0,6800.0,2700.0,5900.0,0.27,3599999.9999999995,2.1,0.12,0.12,0.0,500.0,0.091,0.0,0.0,0.0,9100.0,1.0,6.3E8,
1.1999999999999999E-35,0.056,6500.0,3800.0,2700.0,3499999.9999999995,140.0,4500.0,6800.0,2700.0,5900.0,0.26,3599999.9999999995,2.1,0.12,0.12,0.0,490.0,0.091,0.0,0.0,0.0,9100.0,1.0,6.3E8,
1.1999999999999999E-35,0.056,6500.0,3800.0,2700.0,3499999.9999999995,140.0,4500.0,6800.0,2700.0,5900.0,0.26,3599999.9999999995,2.1,0.12,0.12,0.0,490.0,0.091,0.0,0.0,0.0,9000.0,1.0,6.3E8,
1.1999999999999999E-35,0.056,6500.0,3800.0,2700.0,3499999.9999999995,140.0,4500.0,6800.0,2700.0,5900.0,0.26,3599999.9999999995,2.1,0.12,0.12,0.0,490.0,0.091,0.0,0.0,0.0,9000.0,1.0,6.3E8,
1.1999999999999999E-35,0.056,6500.0,3800.0,2700.0,3499999.9999999995,140.0,4500.0,6800.0,2700.0,5900.0,0.26,3599999.9999999995,2.1,0.12,0.12,0.0,490.0,0.091,0.0,0.0,0.0,9000.0,1.0,6.3E8,
1.1999999999999999E-35,0.056,6500.0,3800.0,2700.0,3499999.9999999995,140.0,4500.0,6800.0,2700.0,5900.0,0.26,3599999.9999999995,2.1,0.12,0.12,0.0,490.0,0.091,0.0,0.0,0.0,9000.0,1.0,6.3E8,
1.1999999999999999E-35,0.056,6500.0,3800.0,2700.0,3499999.9999999995,140.0,4500.0,6800.0,2700.0,5900.0,0.26,3599999.9999999995,2.1,0.12,0.12,0.0,480.0,0.091,0.0,0.0,0.0,8900.0,1.0,6.3E8,
1.1999999999999999E-35,0.056,6500.0,3800.0,2700.0,3499999.9999999995,140.0,4500.0,6800.0,2700.0,5900.0,0.26,3599999.9999999995,2.1,0.12,0.12,0.0,480.0,0.091,0.0,0.0,0.0,8900.0,1.0,6.3E8,
1.1999999999999999E-35,0.056,6500.0,3800.0,2700.0,3499999.9999999995,140.0,4500.0,6800.0,2700.0,5900.0,0.26,3599999.9999999995,2.1,0.12,0.12,0.0,480.0,0.091,0.0,0.0,0.0,8900.0,1.0,6.3E8,
1.1999999999999999E-35,0.056,6500.0,3800.0,2700.0,3499999.9999999995,140.0,4500.0,6800.0,2700.0,5900.0,0.26,3499999.9999999995,2.1,0.12,0.12,0.0,480.0,0.091,0.0,0.0,0.0,8800.0,1.0,6.2E8,
1.1999999999999999E-35,0.055,6500.0,3800.0,2700.0,3499999.9999999995,140.0,4500.0,6800.0,2700.0,5900.0,0.26,3499999.9999999995,2.1,0.12,0.12,0.0,480.0,0.091,0.0,0.0,0.0,8800.0,1.0,6.2E8,
1.1999999999999999E-35,0.055,6500.0,3800.0,2700.0,3499999.9999999995,140.0,4500.0,6800.0,2700.0,5900.0,0.26,3499999.9999999995,2.1,0.12,0.12,0.0,470.0,0.09,0.0,0.0,0.0,8800.0,1.0,6.2E8,
1.1999999999999999E-35,0.055,6500.0,3800.0,2700.0,3499999.9999999995,140.0,4500.0,6800.0,2700.0,5900.0,0.26,3499999.9999999995,2.1,0.12,0.12,0.0,470.0,0.09,0.0,0.0,0.0,8800.0,1.0,6.2E8,
1.1999999999999999E-35,0.055,6500.0,3800.0,2700.0,3499999.9999999995,140.0,4500.0,6800.0,2700.0,5900.0,0.26,3499999.9999999995,2.1,0.12,0.12,0.0,460.0,0.09,0.0,0.0,0.0,8800.0,1.0,6.2E8,
1.1999999999999999E-35,0.055,6500.0,3800.0,2700.0,3499999.9999999995,140.0,4500.0,6800.0,2700.0,5900.0,0.26,3499999.9999999995,2.1,0.12,0.12,0.0,460.0,0.09,0.0,0.0,0.0,8700.0,1.0,6.2E8,
1.1999999999999999E-35,0.055,6500.0,3800.0,2700.0,3499999.9999999995,140.0,4500.0,6800.0,2700.0,5900.0,0.25,3499999.9999999995,2.1,0.12,0.12,0.0,460.0,0.09,0.0,0.0,0.0,8700.0,1.0,6.2E8,
1.1999999999999999E-35,0.055,6500.0,3800.0,2700.0,3499999.9999999995,140.0,4500.0,6800.0,2700.0,5900.0,0.25,3499999.9999999995,2.1,0.12,0.12,0.0,460.0,0.09,0.0,0.0,0.0,8700.0,1.0,6.2E8,
1.1999999999999999E-35,0.055,6500.0,3800.0,2700.0,3499999.9999999995,140.0,4500.0,6800.0,2700.0,5900.0,0.25,3499999.9999999995,2.1,0.12,0.12,0.0,450.0,0.09,0.0,0.0,0.0,8700.0,1.0,6.2E8,
1.1999999999999999E-35,0.055,6500.0,3800.0,2700.0,3499999.9999999995,140.0,4500.0,6800.0,2700.0,5900.0,0.25,3499999.9999999995,2.1,0.12,0.12,0.0,450.0,0.09,0.0,0.0,0.0,8600.0,1.0,6.1E8,
1.1999999999999999E-35,0.055,6500.0,3800.0,2700.0,3499999.9999999995,140.0,4500.0,6800.0,2700.0,5900.0,0.25,3499999.9999999995,2.1,0.12,0.12,0.0,450.0,0.09,0.0,0.0,0.0,8600.0,1.0,6.1E8,
1.1999999999999999E-35,0.055,6500.0,3800.0,2700.0,3499999.9999999995,140.0,4500.0,6800.0,2700.0,5900.0,0.25,3499999.9999999995,2.1,0.12,0.12,0.0,450.0,0.09,0.0,0.0,0.0,8600.0,1.0,6.1E8,
1.1999999999999999E-35,0.055,6500.0,3800.0,2700.0,3499999.9999999995,140.0,4500.0,6800.0,2700.0,5900.0,0.25,3499999.9999999995,2.1,0.12,0.12,0.0,450.0,0.09,0.0,0.0,0.0,8600.0,1.0,6.1E8,
1.1999999999999999E-35,0.055,6500.0,3800.0,2700.0,3499999.9999999995,140.0,4500.0,6800.0,2700.0,5900.0,0.25,3499999.9999999995,2.1,0.12,0.12,0.0,440.0,0.09,0.0,0.0,0.0,8500.0,1.0,6.1E8,
1.1999999999999999E-35,0.055,6500.0,3800.0,2700.0,3499999.9999999995,140.0,4500.0,6800.0,2700.0,5900.0,0.25,3499999.9999999995,2.1,0.12,0.12,0.0,440.0,0.09,0.0,0.0,0.0,8500.0,1.0,6.1E8,
1.1999999999999999E-35,0.055,6500.0,3800.0,2700.0,3499999.9999999995,140.0,4500.0,6800.0,2700.0,5900.0,0.25,3499999.9999999995,2.1,0.12,0.12,0.0,430.0,0.09,0.0,0.0,0.0,8500.0,1.0,6.1E8,
1.1999999999999999E-35,0.055,6500.0,3800.0,2700.0,3499999.9999999995,140.0,4500.0,6800.0,2700.0,5900.0,0.25,3499999.9999999995,2.1,0.12,0.12,0.0,430.0,0.09,0.0,0.0,0.0,8500.0,1.0,6.1E8,
7.1E-35,0.34,9100.0,70000.0,1600.0,4800000.0,140.0,4500.0,6800.0,2700.0,1900.0,0.28,4900000.0,13.0,0.3,0.3,0.0,570.0,0.15,0.0,0.0,0.0,9600.0,1.0,6.3E8,
7.9E-36,0.037,1600.0,2200.0,1600.0,4700000.0,140.0,4500.0,6800.0,2700.0,1900.0,0.28,4700000.0,1.5,0.15,0.15,0.0,570.0,0.14,0.0,0.0,0.0,9600.0,1.0,6.3E8,
7.4E-36,0.035,1600.0,2200.0,1600.0,4200000.0,140.0,4500.0,6800.0,2700.0,1800.0,0.27,4200000.0,1.4,0.14,0.14,0.0,580.0,0.13,0.0,0.0,0.0,9500.0,1.0,6.3E8,
7.100000000000001E-36,0.034,1600.0,2200.0,1600.0,3899999.9999999995,140.0,4400.0,6800.0,2700.0,1800.0,0.27,3999999.9999999995,1.4,0.13,0.13,0.0,560.0,0.12,0.0,0.0,0.0,9400.0,1.0,6.2E8,
6.700000000000001E-36,0.032,1600.0,2200.0,1600.0,3499999.9999999995,140.0,4400.0,6700.0,2700.0,1800.0,0.27,3499999.9999999995,1.3,0.12,0.12,0.0,560.0,0.11,0.0,0.0,0.0,9300.0,1.0,6.2E8,
6.700000000000001E-36,0.032,1600.0,2200.0,1600.0,3499999.9999999995,140.0,4400.0,6700.0,2700.0,1800.0,0.27,3499999.9999999995,1.3,0.12,0.12,0.0,560.0,0.11,0.0,0.0,0.0,9300.0,1.0,6.2E8,
6.700000000000001E-36,0.032,1600.0,2200.0,1600.0,3499999.9999999995,140.0,4400.0,6700.0,2700.0,1800.0,0.27,3499999.9999999995,1.3,0.12,0.12,0.0,550.0,0.11,0.0,0.0,0.0,9300.0,1.0,6.2E8,
6.700000000000001E-36,0.032,1600.0,2200.0,1600.0,3499999.9999999995,140.0,4400.0,6700.0,2700.0,1800.0,0.27,3499999.9999999995,1.3,0.12,0.12,0.0,550.0,0.11,0.0,0.0,0.0,9200.0,1.0,6.2E8,
6.700000000000001E-36,0.032,1600.0,2200.0,1600.0,3499999.9999999995,140.0,4400.0,6700.0,2700.0,1800.0,0.27,3499999.9999999995,1.3,0.12,0.12,0.0,530.0,0.11,0.0,0.0,0.0,9200.0,1.0,6.2E8,
6.700000000000001E-36,0.032,1600.0,2200.0,1600.0,3499999.9999999995,140.0,4400.0,6700.0,2700.0,1800.0,0.27,3499999.9999999995,1.3,0.12,0.12,0.0,530.0,0.11,0.0,0.0,0.0,9200.0,1.0,6.2E8,
6.700000000000001E-36,0.032,1600.0,2200.0,1600.0,3499999.9999999995,140.0,4400.0,6700.0,2700.0,1800.0,0.27,3499999.9999999995,1.3,0.12,0.12,0.0,530.0,0.11,0.0,0.0,0.0,9200.0,1.0,6.2E8,
6.700000000000001E-36,0.032,1600.0,2200.0,1600.0,3499999.9999999995,140.0,4400.0,6700.0,2700.0,1800.0,0.27,3499999.9999999995,1.3,0.12,0.12,0.0,530.0,0.11,0.0,0.0,0.0,9200.0,1.0,6.2E8,
6.700000000000001E-36,0.032,1600.0,2200.0,1600.0,3499999.9999999995,140.0,4400.0,6700.0,2700.0,1800.0,0.26,3499999.9999999995,1.3,0.12,0.12,0.0,530.0,0.11,0.0,0.0,0.0,9100.0,1.0,6.2E8,
6.700000000000001E-36,0.032,1600.0,2200.0,1600.0,3499999.9999999995,140.0,4400.0,6700.0,2700.0,1800.0,0.26,3499999.9999999995,1.3,0.12,0.12,0.0,520.0,0.11,0.0,0.0,0.0,9100.0,1.0,6.2E8,
6.700000000000001E-36,0.032,1600.0,2200.0,1600.0,3499999.9999999995,140.0,4400.0,6700.0,2700.0,1800.0,0.26,3499999.9999999995,1.3,0.12,0.12,0.0,520.0,0.11,0.0,0.0,0.0,9100.0,1.0,6.2E8,
6.700000000000001E-36,0.032,1600.0,2200.0,1600.0,3499999.9999999995,140.0,4400.0,6700.0,2700.0,1800.0,0.26,3499999.9999999995,1.3,0.12,0.12,0.0,510.0,0.11,0.0,0.0,0.0,9100.0,1.0,6.2E8,
6.700000000000001E-36,0.032,1600.0,2200.0,1600.0,3499999.9999999995,140.0,4400.0,6700.0,2700.0,1800.0,0.26,3499999.9999999995,1.3,0.12,0.12,0.0,510.0,0.11,0.0,0.0,0.0,9000.0,1.0,6.2E8,
6.700000000000001E-36,0.032,1600.0,2200.0,1600.0,3499999.9999999995,140.0,4400.0,6700.0,2700.0,1800.0,0.26,3499999.9999999995,1.3,0.12,0.12,0.0,510.0,0.11,0.0,0.0,0.0,9000.0,1.0,6.2E8,
6.700000000000001E-36,0.032,1600.0,2200.0,1600.0,3499999.9999999995,140.0,4400.0,6700.0,2700.0,1800.0,0.26,3499999.9999999995,1.3,0.12,0.12,0.0,510.0,0.11,0.0,0.0,0.0,9000.0,1.0,6.2E8,
6.700000000000001E-36,0.032,1600.0,2200.0,1600.0,3499999.9999999995,140.0,4400.0,6700.0,2700.0,1800.0,0.26,3499999.9999999995,1.3,0.12,0.12,0.0,510.0,0.11,0.0,0.0,0.0,9000.0,1.0,6.1E8,
6.700000000000001E-36,0.032,1600.0,2200.0,1600.0,3499999.9999999995,140.0,4400.0,6700.0,2700.0,1800.0,0.26,3499999.9999999995,1.3,0.12,0.12,0.0,510.0,0.11,0.0,0.0,0.0,8900.0,1.0,6.1E8,
6.700000000000001E-36,0.032,1600.0,2200.0,1600.0,3499999.9999999995,140.0,4400.0,6700.0,2700.0,1800.0,0.26,3499999.9999999995,1.3,0.12,0.12,0.0,510.0,0.11,0.0,0.0,0.0,8900.0,1.0,6.1E8,
6.700000000000001E-36,0.032,1600.0,2200.0,1600.0,3499999.9999999995,140.0,4400.0,6700.0,2700.0,1800.0,0.26,3499999.9999999995,1.3,0.12,0.12,0.0,510.0,0.11,0.0,0.0,0.0,8900.0,1.0,6.1E8,
1.8E-34,0.84,29000.0,110000.0,17000.0,4900000.0,400.0,5700.0,6700.0,6100.0,3000.0,0.28,5100000.0,38.0,0.29,0.29,0.0,580.0,1.7,0.0,0.0,0.0,9600.0,1.0,6.4E8,
1.3E-35,0.06,1700.0,820.0,4000.0,4800000.0,400.0,5700.0,6700.0,6100.0,3000.0,0.28,4800000.0,2.7,0.11,0.11,0.0,580.0,0.68,0.0,0.0,0.0,9500.0,1.0,6.4E8,
1.1999999999999999E-35,0.059,1700.0,820.0,4000.0,4600000.0,400.0,5700.0,6700.0,6100.0,3000.0,0.27,4700000.0,2.7,0.11,0.11,0.0,580.0,0.66,0.0,0.0,0.0,9500.0,1.0,6.4E8,
1.1E-35,0.054,1700.0,820.0,4000.0,3799999.9999999995,390.0,5600.0,6700.0,6000.0,3000.0,0.27,3799999.9999999995,2.4,0.1,0.1,0.0,580.0,0.6,0.0,0.0,0.0,9300.0,1.0,6.3E8,
1.1E-35,0.052,1600.0,810.0,4000.0,3599999.9999999995,390.0,5600.0,6700.0,6000.0,3000.0,0.27,3599999.9999999995,2.4,0.097,0.097,0.0,580.0,0.58,0.0,0.0,0.0,9300.0,1.0,6.3E8,
1.1E-35,0.052,1600.0,810.0,4000.0,3499999.9999999995,390.0,5600.0,6700.0,6000.0,3000.0,0.27,3499999.9999999995,2.3,0.096,0.096,0.0,580.0,0.58,0.0,0.0,0.0,9200.0,1.0,6.3E8,
1.1E-35,0.052,1600.0,810.0,4000.0,3499999.9999999995,390.0,5600.0,6700.0,6000.0,3000.0,0.27,3499999.9999999995,2.3,0.096,0.096,0.0,570.0,0.57,0.0,0.0,0.0,9200.0,1.0,6.3E8,
1.1E-35,0.052,1600.0,810.0,4000.0,3499999.9999999995,390.0,5600.0,6700.0,6000.0,3000.0,0.27,3499999.9999999995,2.3,0.096,0.096,0.0,570.0,0.57,0.0,0.0,0.0,9200.0,1.0,6.3E8,
1.1E-35,0.052,1600.0,810.0,4000.0,3499999.9999999995,390.0,5600.0,6700.0,6000.0,3000.0,0.27,3499999.9999999995,2.3,0.096,0.096,0.0,570.0,0.57,0.0,0.0,0.0,9200.0,1.0,6.3E8,
1.1E-35,0.052,1600.0,810.0,4000.0,3499999.9999999995,390.0,5600.0,6700.0,6000.0,3000.0,0.26,3499999.9999999995,2.3,0.096,0.096,0.0,570.0,0.57,0.0,0.0,0.0,9100.0,1.0,6.3E8,
1.1E-35,0.052,1600.0,810.0,4000.0,3499999.9999999995,390.0,5600.0,6700.0,6000.0,3000.0,0.26,3499999.9999999995,2.3,0.096,0.096,0.0,570.0,0.57,0.0,0.0,0.0,9100.0,1.0,6.3E8,
1.1E-35,0.052,1600.0,810.0,4000.0,3499999.9999999995,390.0,5600.0,6700.0,6000.0,3000.0,0.26,3499999.9999999995,2.3,0.096,0.096,0.0,550.0,0.57,0.0,0.0,0.0,9000.0,1.0,6.3E8,
1.1E-35,0.052,1600.0,810.0,4000.0,3499999.9999999995,390.0,5600.0,6700.0,6000.0,3000.0,0.26,3499999.9999999995,2.3,0.096,0.096,0.0,550.0,0.57,0.0,0.0,0.0,9000.0,1.0,6.3E8,
1.1E-35,0.052,1600.0,810.0,4000.0,3499999.9999999995,390.0,5600.0,6700.0,6000.0,3000.0,0.26,3499999.9999999995,2.3,0.096,0.096,0.0,550.0,0.57,0.0,0.0,0.0,9000.0,1.0,6.3E8,
1.1E-35,0.052,1600.0,810.0,4000.0,3499999.9999999995,390.0,5600.0,6700.0,6000.0,3000.0,0.26,3499999.9999999995,2.3,0.096,0.096,0.0,550.0,0.57,0.0,0.0,0.0,9000.0,1.0,6.3E8,
1.1E-35,0.052,1600.0,810.0,4000.0,3499999.9999999995,390.0,5600.0,6700.0,6000.0,3000.0,0.26,3499999.9999999995,2.3,0.096,0.096,0.0,540.0,0.57,0.0,0.0,0.0,8900.0,1.0,6.3E8,
1.1E-35,0.052,1600.0,810.0,4000.0,3499999.9999999995,390.0,5600.0,6700.0,6000.0,3000.0,0.26,3499999.9999999995,2.3,0.096,0.096,0.0,540.0,0.57,0.0,0.0,0.0,8900.0,1.0,6.3E8,
1.1E-35,0.052,1600.0,810.0,4000.0,3499999.9999999995,390.0,5600.0,6700.0,6000.0,3000.0,0.26,3499999.9999999995,2.3,0.096,0.096,0.0,540.0,0.57,0.0,0.0,0.0,8900.0,1.0,6.3E8,
1.1E-35,0.052,1600.0,810.0,4000.0,3499999.9999999995,390.0,5600.0,6700.0,6000.0,3000.0,0.26,3499999.9999999995,2.3,0.096,0.096,0.0,540.0,0.57,0.0,0.0,0.0,8900.0,1.0,6.3E8,
1.1E-35,0.052,1600.0,810.0,4000.0,3499999.9999999995,390.0,5600.0,6700.0,6000.0,3000.0,0.26,3499999.9999999995,2.3,0.096,0.096,0.0,530.0,0.57,0.0,0.0,0.0,8800.0,1.0,6.3E8,
1.1E-35,0.052,1600.0,810.0,4000.0,3499999.9999999995,390.0,5600.0,6700.0,6000.0,3000.0,0.26,3499999.9999999995,2.3,0.096,0.096,0.0,530.0,0.57,0.0,0.0,0.0,8800.0,1.0,6.3E8,
1.1E-35,0.052,1600.0,810.0,4000.0,3499999.9999999995,390.0,5600.0,6700.0,6000.0,3000.0,0.25,3499999.9999999995,2.3,0.096,0.096,0.0,530.0,0.57,0.0,0.0,0.0,8800.0,1.0,6.3E8,
1.1E-35,0.052,1600.0,810.0,4000.0,3499999.9999999995,390.0,5600.0,6700.0,6000.0,3000.0,0.25,3499999.9999999995,2.3,0.096,0.096,0.0,530.0,0.57,0.0,0.0,0.0,8800.0,1.0,6.3E8,
1.1E-35,0.052,1600.0,810.0,4000.0,3499999.9999999995,390.0,5600.0,6700.0,6000.0,3000.0,0.25,3499999.9999999995,2.3,0.096,0.096,0.0,520.0,0.57,0.0,0.0,0.0,8700.0,1.0,6.3E8,
1.1E-35,0.052,1600.0,810.0,4000.0,3499999.9999999995,390.0,5600.0,6700.0,6000.0,3000.0,0.25,3499999.9999999995,2.3,0.096,0.096,0.0,510.0,0.57,0.0,0.0,0.0,8700.0,1.0,6.3E8,
1.1E-35,0.052,1600.0,810.0,4000.0,3499999.9999999995,390.0,5600.0,6700.0,6000.0,3000.0,0.25,3499999.9999999995,2.3,0.096,0.096,0.0,510.0,0.57,0.0,0.0,0.0,8700.0,1.0,6.3E8,
1.1E-35,0.052,1600.0,810.0,4000.0,3499999.9999999995,390.0,5600.0,6700.0,6000.0,3000.0,0.25,3499999.9999999995,2.3,0.096,0.096,0.0,510.0,0.57,0.0,0.0,0.0,8600.0,1.0,6.3E8,
1.1E-35,0.052,1600.0,810.0,4000.0,3499999.9999999995,390.0,5600.0,6700.0,6000.0,3000.0,0.25,3499999.9999999995,2.3,0.096,0.096,0.0,510.0,0.57,0.0,0.0,0.0,8600.0,1.0,6.3E8,
1.1E-35,0.052,1600.0,810.0,4000.0,3499999.9999999995,390.0,5600.0,6700.0,6000.0,3000.0,0.25,3499999.9999999995,2.3,0.096,0.096,0.0,500.0,0.57,0.0,0.0,0.0,8600.0,1.0,6.3E8,
1.1E-35,0.052,1600.0,810.0,4000.0,3499999.9999999995,390.0,5600.0,6700.0,6000.0,3000.0,0.25,3499999.9999999995,2.3,0.096,0.096,0.0,500.0,0.57,0.0,0.0,0.0,8500.0,1.0,6.3E8,
1.1E-35,0.052,1600.0,810.0,4000.0,3499999.9999999995,390.0,5600.0,6700.0,6000.0,3000.0,0.25,3499999.9999999995,2.3,0.096,0.096,0.0,500.0,0.57,0.0,0.0,0.0,8500.0,1.0,6.3E8,
1.1E-35,0.052,1600.0,810.0,4000.0,3499999.9999999995,390.0,5600.0,6700.0,6000.0,3000.0,0.25,3499999.9999999995,2.3,0.096,0.096,0.0,500.0,0.57,0.0,0.0,0.0,8500.0,1.0,6.2E8,
1.1E-35,0.052,1600.0,810.0,4000.0,3499999.9999999995,390.0,5600.0,6700.0,6000.0,3000.0,0.25,3499999.9999999995,2.3,0.096,0.096,0.0,500.0,0.57,0.0,0.0,0.0,8500.0,1.0,6.1E8,
1.1E-35,0.052,1600.0,810.0,4000.0,3499999.9999999995,390.0,5600.0,6700.0,6000.0,3000.0,0.24,3499999.9999999995,2.3,0.096,0.096,0.0,490.0,0.57,0.0,0.0,0.0,8500.0,1.0,6.1E8,
1.1E-35,0.052,1600.0,810.0,4000.0,3499999.9999999995,390.0,5600.0,6700.0,6000.0,3000.0,0.24,3499999.9999999995,2.3,0.096,0.096,0.0,490.0,0.57,0.0,0.0,0.0,8400.0,1.0,6.1E8,
1.1E-35,0.052,1600.0,810.0,4000.0,3499999.9999999995,390.0,5600.0,6700.0,6000.0,3000.0,0.24,3499999.9999999995,2.3,0.096,0.096,0.0,490.0,0.57,0.0,0.0,0.0,8400.0,1.0,6.1E8,
1.1E-35,0.052,1600.0,810.0,4000.0,3499999.9999999995,390.0,5600.0,6700.0,6000.0,3000.0,0.24,3499999.9999999995,2.3,0.096,0.096,0.0,480.0,0.57,0.0,0.0,0.0,8400.0,1.0,6.1E8,
1.1E-35,0.052,1600.0,810.0,4000.0,3499999.9999999995,390.0,5600.0,6700.0,6000.0,3000.0,0.24,3499999.9999999995,2.3,0.096,0.096,0.0,470.0,0.57,0.0,0.0,0.0,8300.0,1.0,6.1E8,
1.1E-35,0.052,1600.0,810.0,4000.0,3499999.9999999995,390.0,5600.0,6700.0,6000.0,3000.0,0.24,3499999.9999999995,2.3,0.096,0.096,0.0,470.0,0.57,0.0,0.0,0.0,8300.0,1.0,6.1E8,
1.1E-35,0.052,1600.0,810.0,4000.0,3499999.9999999995,390.0,5600.0,6700.0,6000.0,3000.0,0.24,3499999.9999999995,2.3,0.096,0.096,0.0,460.0,0.57,0.0,0.0,0.0,8300.0,1.0,6.1E8,
1.1E-35,0.052,1600.0,810.0,4000.0,3499999.9999999995,390.0,5600.0,6700.0,6000.0,3000.0,0.24,3499999.9999999995,2.3,0.096,0.096,0.0,450.0,0.57,0.0,0.0,0.0,8300.0,1.0,6.1E8,
1.1E-35,0.052,1600.0,810.0,4000.0,3499999.9999999995,390.0,5600.0,6700.0,6000.0,3000.0,0.24,3499999.9999999995,2.3,0.096,0.096,0.0,450.0,0.57,0.0,0.0,0.0,8300.0,1.0,6.1E8,
1.1E-35,0.051,1600.0,810.0,4000.0,3399999.9999999995,390.0,5600.0,6700.0,6000.0,3000.0,0.24,3499999.9999999995,2.3,0.095,0.095,0.0,450.0,0.57,0.0,0.0,0.0,8200.0,1.0,6.1E8,
1.1E-35,0.051,1600.0,810.0,4000.0,3399999.9999999995,390.0,5600.0,6700.0,6000.0,3000.0,0.24,3499999.9999999995,2.3,0.095,0.095,0.0,450.0,0.57,0.0,0.0,0.0,8200.0,1.0,6.1E8,
1.1E-35,0.051,1600.0,810.0,4000.0,3399999.9999999995,390.0,5600.0,6700.0,6000.0,3000.0,0.24,3499999.9999999995,2.3,0.095,0.095,0.0,450.0,0.57,0.0,0.0,0.0,8200.0,1.0,6.1E8,
1.1E-35,0.051,1600.0,810.0,4000.0,3399999.9999999995,390.0,5600.0,6700.0,6000.0,3000.0,0.24,3499999.9999999995,2.3,0.095,0.095,0.0,450.0,0.57,0.0,0.0,0.0,8200.0,1.0,6.1E8,
1.1E-35,0.051,1600.0,810.0,4000.0,3399999.9999999995,390.0,5600.0,6700.0,6000.0,3000.0,0.24,3499999.9999999995,2.3,0.095,0.095,0.0,450.0,0.57,0.0,0.0,0.0,8200.0,1.0,6.1E8,
1.1E-35,0.051,1600.0,810.0,4000.0,3399999.9999999995,390.0,5600.0,6700.0,6000.0,3000.0,0.24,3499999.9999999995,2.3,0.095,0.095,0.0,440.0,0.57,0.0,0.0,0.0,8100.0,1.0,6.1E8,
1.1E-35,0.051,1600.0,810.0,4000.0,3399999.9999999995,390.0,5600.0,6700.0,6000.0,3000.0,0.24,3499999.9999999995,2.3,0.095,0.095,0.0,440.0,0.57,0.0,0.0,0.0,8100.0,1.0,6.1E8,
1.1E-35,0.051,1600.0,810.0,4000.0,3399999.9999999995,390.0,5600.0,6700.0,6000.0,3000.0,0.23,3499999.9999999995,2.3,0.095,0.095,0.0,430.0,0.57,0.0,0.0,0.0,8100.0,1.0,6.1E8,
1.1E-35,0.051,1600.0,810.0,4000.0,3399999.9999999995,390.0,5600.0,6700.0,6000.0,3000.0,0.23,3499999.9999999995,2.3,0.095,0.095,0.0,430.0,0.57,0.0,0.0,0.0,8100.0,1.0,6.1E8,
1.1E-35,0.051,1600.0,810.0,4000.0,3399999.9999999995,390.0,5600.0,6700.0,6000.0,3000.0,0.23,3499999.9999999995,2.3,0.095,0.095,0.0,430.0,0.57,0.0,0.0,0.0,8100.0,1.0,6.1E8,
1.1E-35,0.051,1600.0,810.0,4000.0,3399999.9999999995,390.0,5600.0,6700.0,6000.0,3000.0,0.23,3499999.9999999995,2.3,0.095,0.095,0.0,430.0,0.57,0.0,0.0,0.0,8000.0,1.0,6.1E8,
1.1E-35,0.051,1600.0,810.0,4000.0,3399999.9999999995,390.0,5600.0,6700.0,6000.0,3000.0,0.23,3499999.9999999995,2.3,0.095,0.095,0.0,430.0,0.57,0.0,0.0,0.0,8000.0,1.0,6.1E8,
1.1E-35,0.051,1600.0,810.0,4000.0,3399999.9999999995,390.0,5600.0,6700.0,6000.0,3000.0,0.23,3499999.9999999995,2.3,0.095,0.095,0.0,420.0,0.57,0.0,0.0,0.0,8000.0,1.0,6.1E8,
1.1E-35,0.051,1600.0,810.0,4000.0,3399999.9999999995,390.0,5600.0,6700.0,6000.0,3000.0,0.23,3399999.9999999995,2.3,0.095,0.095,0.0,410.0,0.57,0.0,0.0,0.0,8000.0,1.0,6.0E8,
1.1E-35,0.051,1600.0,810.0,4000.0,3399999.9999999995,390.0,5600.0,6700.0,6000.0,3000.0,0.23,3399999.9999999995,2.3,0.095,0.095,0.0,410.0,0.57,0.0,0.0,0.0,7900.0,1.0,6.0E8,
1.1E-35,0.051,1600.0,810.0,4000.0,3399999.9999999995,390.0,5600.0,6700.0,6000.0,3000.0,0.23,3399999.9999999995,2.3,0.095,0.095,0.0,410.0,0.57,0.0,0.0,0.0,7900.0,1.0,6.0E8,
1.1E-35,0.051,1600.0,810.0,4000.0,3399999.9999999995,390.0,5600.0,6700.0,6000.0,3000.0,0.23,3399999.9999999995,2.3,0.095,0.095,0.0,410.0,0.57,0.0,0.0,0.0,7900.0,1.0,6.0E8,
1.1E-35,0.051,1600.0,810.0,4000.0,3399999.9999999995,390.0,5600.0,6700.0,6000.0,3000.0,0.23,3399999.9999999995,2.3,0.095,0.095,0.0,410.0,0.57,0.0,0.0,0.0,7900.0,1.0,6.0E8,
1.1E-35,0.051,1600.0,810.0,4000.0,3399999.9999999995,390.0,5600.0,6700.0,6000.0,3000.0,0.23,3399999.9999999995,2.3,0.095,0.095,0.0,410.0,0.57,0.0,0.0,0.0,7900.0,1.0,6.0E8,
8.4E-35,0.4,520.0,71000.0,15000.0,4800000.0,390.0,5600.0,6700.0,6000.0,3000.0,0.24,4900000.0,18.0,0.19,0.19,0.0,470.0,0.83,0.0,0.0,0.0,8400.0,1.0,6.2E8,
8.000000000000001E-36,0.038,520.0,1000.0,2800.0,4800000.0,390.0,5600.0,6600.0,6000.0,2900.0,0.24,4800000.0,1.7,0.092,0.092,0.0,470.0,0.31,0.0,0.0,0.0,8400.0,1.0,6.2E8,
7.9E-36,0.038,510.0,1000.0,2800.0,4700000.0,390.0,5600.0,6600.0,6000.0,2900.0,0.24,4700000.0,1.7,0.091,0.091,0.0,470.0,0.31,0.0,0.0,0.0,8300.0,1.0,6.2E8,
7.5E-36,0.036,510.0,1000.0,2800.0,4300000.0,390.0,5600.0,6600.0,6000.0,2900.0,0.24,4400000.0,1.6,0.086,0.086,0.0,470.0,0.29,0.0,0.0,0.0,8300.0,1.0,6.2E8,
7.4E-36,0.035,510.0,1000.0,2800.0,4099999.9999999995,390.0,5600.0,6600.0,5900.0,2900.0,0.23,4200000.0,1.6,0.084,0.084,0.0,460.0,0.29,0.0,0.0,0.0,8200.0,1.0,6.1E8,
7.2E-36,0.034,510.0,1000.0,2800.0,3999999.9999999995,390.0,5500.0,6600.0,5900.0,2900.0,0.23,3999999.9999999995,1.5,0.082,0.082,0.0,460.0,0.28,0.0,0.0,0.0,8200.0,1.0,6.1E8,
6.9E-36,0.033,510.0,1000.0,2800.0,3699999.9999999995,390.0,5500.0,6600.0,5900.0,2900.0,0.23,3699999.9999999995,1.5,0.079,0.079,0.0,460.0,0.27,0.0,0.0,0.0,8100.0,1.0,6.1E8,
6.700000000000001E-36,0.032,510.0,1000.0,2800.0,3399999.9999999995,390.0,5500.0,6600.0,5900.0,2900.0,0.23,3499999.9999999995,1.4,0.076,0.076,0.0,460.0,0.26,0.0,0.0,0.0,8000.0,1.0,6.1E8,
6.700000000000001E-36,0.032,510.0,1000.0,2800.0,3399999.9999999995,390.0,5500.0,6600.0,5900.0,2900.0,0.23,3499999.9999999995,1.4,0.076,0.076,0.0,460.0,0.26,0.0,0.0,0.0,8000.0,1.0,6.1E8,
6.700000000000001E-36,0.032,510.0,1000.0,2800.0,3399999.9999999995,390.0,5500.0,6600.0,5900.0,2900.0,0.23,3499999.9999999995,1.4,0.076,0.076,0.0,440.0,0.26,0.0,0.0,0.0,8000.0,1.0,6.1E8,
6.700000000000001E-36,0.032,510.0,1000.0,2800.0,3399999.9999999995,390.0,5500.0,6600.0,5900.0,2900.0,0.23,3499999.9999999995,1.4,0.076,0.076,0.0,440.0,0.26,0.0,0.0,0.0,8000.0,1.0,6.1E8,
6.700000000000001E-36,0.032,510.0,1000.0,2800.0,3399999.9999999995,390.0,5500.0,6600.0,5900.0,2900.0,0.23,3499999.9999999995,1.4,0.076,0.076,0.0,440.0,0.26,0.0,0.0,0.0,7900.0,1.0,6.1E8,
6.700000000000001E-36,0.032,510.0,1000.0,2800.0,3399999.9999999995,390.0,5500.0,6600.0,5900.0,2900.0,0.23,3499999.9999999995,1.4,0.076,0.076,0.0,430.0,0.26,0.0,0.0,0.0,7900.0,1.0,6.1E8,
6.700000000000001E-36,0.032,510.0,1000.0,2800.0,3399999.9999999995,390.0,5500.0,6600.0,5900.0,2900.0,0.23,3499999.9999999995,1.4,0.076,0.076,0.0,430.0,0.26,0.0,0.0,0.0,7900.0,1.0,6.1E8,
6.700000000000001E-36,0.032,510.0,1000.0,2800.0,3399999.9999999995,390.0,5500.0,6600.0,5900.0,2900.0,0.23,3499999.9999999995,1.4,0.076,0.076,0.0,430.0,0.26,0.0,0.0,0.0,7900.0,1.0,6.1E8,
6.700000000000001E-36,0.032,510.0,1000.0,2800.0,3399999.9999999995,390.0,5500.0,6600.0,5900.0,2900.0,0.22,3499999.9999999995,1.4,0.076,0.076,0.0,430.0,0.26,0.0,0.0,0.0,7900.0,1.0,6.1E8,
6.700000000000001E-36,0.032,510.0,1000.0,2800.0,3399999.9999999995,390.0,5500.0,6600.0,5900.0,2900.0,0.22,3499999.9999999995,1.4,0.076,0.076,0.0,430.0,0.26,0.0,0.0,0.0,7800.0,1.0,6.1E8,
6.700000000000001E-36,0.032,510.0,1000.0,2800.0,3399999.9999999995,390.0,5500.0,6600.0,5900.0,2900.0,0.22,3499999.9999999995,1.4,0.076,0.076,0.0,430.0,0.26,0.0,0.0,0.0,7800.0,1.0,6.1E8,
6.700000000000001E-36,0.032,510.0,1000.0,2800.0,3399999.9999999995,390.0,5500.0,6600.0,5900.0,2900.0,0.22,3499999.9999999995,1.4,0.076,0.076,0.0,430.0,0.26,0.0,0.0,0.0,7800.0,1.0,6.1E8,
6.700000000000001E-36,0.032,510.0,1000.0,2800.0,3399999.9999999995,390.0,5500.0,6600.0,5900.0,2900.0,0.22,3499999.9999999995,1.4,0.076,0.076,0.0,430.0,0.26,0.0,0.0,0.0,7800.0,1.0,6.1E8,
6.700000000000001E-36,0.032,510.0,1000.0,2800.0,3399999.9999999995,390.0,5500.0,6600.0,5900.0,2900.0,0.22,3499999.9999999995,1.4,0.076,0.076,0.0,410.0,0.26,0.0,0.0,0.0,7700.0,1.0,6.1E8,
6.700000000000001E-36,0.032,510.0,1000.0,2800.0,3399999.9999999995,390.0,5500.0,6600.0,5900.0,2900.0,0.22,3499999.9999999995,1.4,0.076,0.076,0.0,400.0,0.26,0.0,0.0,0.0,7700.0,1.0,6.1E8,
6.700000000000001E-36,0.032,510.0,1000.0,2800.0,3399999.9999999995,390.0,5500.0,6600.0,5900.0,2900.0,0.22,3499999.9999999995,1.4,0.076,0.076,0.0,400.0,0.26,0.0,0.0,0.0,7700.0,1.0,6.1E8,
6.700000000000001E-36,0.032,510.0,1000.0,2800.0,3399999.9999999995,390.0,5500.0,6600.0,5900.0,2900.0,0.22,3499999.9999999995,1.4,0.076,0.076,0.0,400.0,0.26,0.0,0.0,0.0,7600.0,1.0,6.1E8,
6.700000000000001E-36,0.032,510.0,1000.0,2800.0,3399999.9999999995,390.0,5500.0,6600.0,5900.0,2900.0,0.22,3499999.9999999995,1.4,0.076,0.076,0.0,390.0,0.26,0.0,0.0,0.0,7600.0,1.0,6.1E8,
2.4E-34,1.1,35000.0,160000.0,32000.0,5000000.0,6600.0,5500.0,6600.0,5900.0,2900.0,0.25,5200000.0,56.0,0.31,0.31,0.0,490.0,1.7,0.0,0.0,0.0,8700.0,1.0,6.3E8,
1.1E-35,0.053,2300.0,2000.0,1900.0,5000000.0,6600.0,5500.0,6600.0,5900.0,2900.0,0.25,5000000.0,2.6,0.096,0.096,0.0,480.0,0.32,0.0,0.0,0.0,8600.0,1.0,6.3E8,
1.0E-35,0.05,2300.0,2000.0,1900.0,4500000.0,6600.0,5500.0,6600.0,5900.0,2900.0,0.25,4500000.0,2.5,0.091,0.091,0.0,480.0,0.3,0.0,0.0,0.0,8500.0,1.0,6.3E8,
1.0E-35,0.048,2300.0,2000.0,1900.0,4200000.0,6600.0,5500.0,6600.0,5900.0,2900.0,0.24,4200000.0,2.4,0.087,0.087,0.0,480.0,0.28,0.0,0.0,0.0,8500.0,1.0,6.2E8,
9.700000000000001E-36,0.046,2300.0,2000.0,1900.0,3899999.9999999995,6600.0,5500.0,6500.0,5900.0,2900.0,0.24,3999999.9999999995,2.3,0.084,0.084,0.0,480.0,0.27,0.0,0.0,0.0,8400.0,1.0,6.2E8,
9.2E-36,0.044,2300.0,2000.0,1900.0,3499999.9999999995,6600.0,5500.0,6500.0,5900.0,2900.0,0.24,3499999.9999999995,2.2,0.079,0.079,0.0,480.0,0.25,0.0,0.0,0.0,8300.0,1.0,6.2E8,
9.2E-36,0.044,2300.0,2000.0,1900.0,3499999.9999999995,6600.0,5500.0,6500.0,5900.0,2900.0,0.24,3499999.9999999995,2.2,0.079,0.079,0.0,480.0,0.25,0.0,0.0,0.0,8300.0,1.0,6.2E8,
9.2E-36,0.044,2300.0,2000.0,1900.0,3499999.9999999995,6600.0,5500.0,6500.0,5900.0,2900.0,0.24,3499999.9999999995,2.2,0.079,0.079,0.0,470.0,0.25,0.0,0.0,0.0,8300.0,1.0,6.2E8,
9.2E-36,0.044,2300.0,2000.0,1900.0,3499999.9999999995,6600.0,5500.0,6500.0,5900.0,2900.0,0.24,3499999.9999999995,2.2,0.079,0.079,0.0,460.0,0.25,0.0,0.0,0.0,8300.0,1.0,6.2E8,
9.2E-36,0.044,2300.0,2000.0,1900.0,3499999.9999999995,6600.0,5500.0,6500.0,5900.0,2900.0,0.24,3499999.9999999995,2.2,0.079,0.079,0.0,460.0,0.25,0.0,0.0,0.0,8200.0,1.0,6.2E8,
9.2E-36,0.044,2300.0,2000.0,1900.0,3499999.9999999995,6600.0,5500.0,6500.0,5900.0,2900.0,0.24,3499999.9999999995,2.2,0.079,0.079,0.0,460.0,0.25,0.0,0.0,0.0,8200.0,1.0,6.2E8,
9.2E-36,0.044,2300.0,2000.0,1900.0,3499999.9999999995,6600.0,5500.0,6500.0,5900.0,2900.0,0.24,3499999.9999999995,2.2,0.079,0.079,0.0,440.0,0.25,0.0,0.0,0.0,8200.0,1.0,6.2E8,
9.2E-36,0.044,2300.0,2000.0,1900.0,3499999.9999999995,6600.0,5500.0,6500.0,5900.0,2900.0,0.23,3499999.9999999995,2.2,0.079,0.079,0.0,440.0,0.25,0.0,0.0,0.0,8100.0,1.0,6.2E8,
9.2E-36,0.044,2300.0,2000.0,1900.0,3499999.9999999995,6600.0,5500.0,6500.0,5900.0,2900.0,0.23,3499999.9999999995,2.2,0.079,0.079,0.0,440.0,0.25,0.0,0.0,0.0,8100.0,1.0,6.2E8,
9.2E-36,0.044,2300.0,2000.0,1900.0,3499999.9999999995,6600.0,5500.0,6500.0,5900.0,2900.0,0.23,3499999.9999999995,2.2,0.079,0.079,0.0,440.0,0.25,0.0,0.0,0.0,8100.0,1.0,6.2E8,
1.4E-34,0.65,25000.0,120000.0,16000.0,5000000.0,6600.0,5500.0,11000.0,12000.0,17000.0,0.26,5200000.0,30.0,0.27,0.27,0.0,510.0,0.61,0.0,0.0,0.0,8900.0,1.0,6.5E8,
1.2E-34,0.59,2100.0,120000.0,3100.0,5000000.0,6600.0,5500.0,3500.0,12000.0,4000.0,0.25,5200000.0,27.0,0.16,0.16,0.0,510.0,0.24,0.0,0.0,0.0,8900.0,1.0,6.4E8,
1.0E-35,0.048,2100.0,2600.0,3100.0,4900000.0,6600.0,5500.0,3500.0,4100.0,4000.0,0.25,5000000.0,2.2,0.071,0.071,0.0,500.0,0.23,0.0,0.0,0.0,8800.0,1.0,6.4E8,
9.800000000000001E-36,0.046,2100.0,2600.0,3100.0,4600000.0,6600.0,5500.0,3500.0,4100.0,4000.0,0.25,4600000.0,2.1,0.069,0.069,0.0,500.0,0.22,0.0,0.0,0.0,8800.0,1.0,6.4E8,
9.4E-36,0.045,2100.0,2600.0,3100.0,4300000.0,6600.0,5500.0,3500.0,4100.0,4000.0,0.25,4300000.0,2.0,0.066,0.066,0.0,500.0,0.21,0.0,0.0,0.0,8700.0,1.0,6.4E8,
9.1E-36,0.043,2100.0,2500.0,3100.0,3899999.9999999995,6600.0,5400.0,3500.0,4100.0,4000.0,0.25,3999999.9999999995,2.0,0.064,0.064,0.0,500.0,0.2,0.0,0.0,0.0,8600.0,1.0,6.3E8,
8.8E-36,0.042,2100.0,2500.0,3100.0,3599999.9999999995,6600.0,5400.0,3500.0,4100.0,4000.0,0.24,3599999.9999999995,1.9,0.061,0.061,0.0,500.0,0.19,0.0,0.0,0.0,8600.0,1.0,6.3E8,
8.7E-36,0.041,2100.0,2500.0,3100.0,3499999.9999999995,6500.0,5400.0,3500.0,4100.0,4000.0,0.24,3599999.9999999995,1.9,0.061,0.061,0.0,500.0,0.19,0.0,0.0,0.0,8500.0,1.0,6.3E8,
8.7E-36,0.041,2100.0,2500.0,3100.0,3499999.9999999995,6500.0,5400.0,3500.0,4100.0,4000.0,0.24,3599999.9999999995,1.9,0.061,0.061,0.0,490.0,0.19,0.0,0.0,0.0,8500.0,1.0,6.3E8,
8.7E-36,0.041,2100.0,2500.0,3100.0,3499999.9999999995,6500.0,5400.0,3500.0,4100.0,4000.0,0.24,3599999.9999999995,1.9,0.061,0.061,0.0,490.0,0.19,0.0,0.0,0.0,8500.0,1.0,6.3E8,
8.7E-36,0.041,2100.0,2500.0,3100.0,3499999.9999999995,6500.0,5400.0,3500.0,4100.0,4000.0,0.24,3599999.9999999995,1.9,0.061,0.061,0.0,480.0,0.19,0.0,0.0,0.0,8400.0,1.0,6.3E8,
8.7E-36,0.041,2100.0,2500.0,3100.0,3499999.9999999995,6500.0,5400.0,3500.0,4100.0,4000.0,0.24,3599999.9999999995,1.9,0.061,0.061,0.0,480.0,0.19,0.0,0.0,0.0,8400.0,1.0,6.3E8,
8.7E-36,0.041,2100.0,2500.0,3100.0,3499999.9999999995,6500.0,5400.0,3500.0,4100.0,4000.0,0.24,3599999.9999999995,1.9,0.061,0.061,0.0,480.0,0.19,0.0,0.0,0.0,8400.0,1.0,6.3E8,
8.7E-36,0.041,2100.0,2500.0,3100.0,3499999.9999999995,6500.0,5400.0,3500.0,4100.0,4000.0,0.24,3599999.9999999995,1.9,0.061,0.061,0.0,470.0,0.19,0.0,0.0,0.0,8300.0,1.0,6.3E8,
8.7E-36,0.041,2100.0,2500.0,3100.0,3499999.9999999995,6500.0,5400.0,3500.0,4100.0,4000.0,0.24,3599999.9999999995,1.9,0.061,0.061,0.0,470.0,0.19,0.0,0.0,0.0,8300.0,1.0,6.3E8,
8.7E-36,0.041,2100.0,2500.0,3100.0,3499999.9999999995,6500.0,5400.0,3500.0,4100.0,4000.0,0.24,3599999.9999999995,1.9,0.061,0.061,0.0,460.0,0.19,0.0,0.0,0.0,8300.0,1.0,6.3E8,
8.7E-36,0.041,2100.0,2500.0,3100.0,3499999.9999999995,6500.0,5400.0,3500.0,4100.0,4000.0,0.24,3599999.9999999995,1.9,0.061,0.061,0.0,460.0,0.19,0.0,0.0,0.0,8300.0,1.0,6.3E8,
8.599999999999999E-35,0.41,6700.0,83000.0,2600.0,5200000.0,2100.0,4200.0,6600.0,3100.0,700.0,0.27,5300000.0,22.0,0.11,0.11,0.0,520.0,0.75,0.0,0.0,0.0,10000.0,1.0,6.6E8,
7.3E-36,0.035,6700.0,170.0,2600.0,4900000.0,2100.0,4200.0,6600.0,3100.0,700.0,0.26,4900000.0,1.9,0.046,0.046,0.0,510.0,0.72,0.0,0.0,0.0,10000.0,1.0,6.5E8,
7.2E-36,0.034,6600.0,170.0,2600.0,4800000.0,2100.0,4200.0,6600.0,3100.0,700.0,0.26,4800000.0,1.8,0.045,0.045,0.0,500.0,0.71,0.0,0.0,0.0,9900.0,1.0,6.5E8,
6.6E-36,0.031,6600.0,170.0,2600.0,4099999.9999999995,2100.0,4200.0,6600.0,3100.0,700.0,0.26,4200000.0,1.7,0.04,0.04,0.0,500.0,0.65,0.0,0.0,0.0,9800.0,1.0,6.5E8,
7.0E-36,0.034,3200.0,1800.0,1700.0,5200000.0,2100.0,4200.0,6600.0,3100.0,700.0,0.27,5200000.0,1.6,0.065,0.065,0.0,520.0,0.36,0.0,0.0,0.0,10000.0,1.0,6.6E8,
6.6E-36,0.031,3200.0,1800.0,1700.0,4600000.0,2100.0,4200.0,6600.0,3100.0,700.0,0.26,4600000.0,1.5,0.059,0.059,0.0,520.0,0.34,0.0,0.0,0.0,10000.0,1.0,6.5E8,
6.2E-36,0.029,3200.0,1800.0,1700.0,4099999.9999999995,2100.0,4200.0,6600.0,3100.0,690.0,0.26,4099999.9999999995,1.4,0.054,0.054,0.0,520.0,0.31,0.0,0.0,0.0,9900.0,1.0,6.5E8,
6.1E-36,0.029,3200.0,1800.0,1700.0,3999999.9999999995,2100.0,4200.0,6600.0,3100.0,690.0,0.26,3999999.9999999995,1.3,0.052,0.052,0.0,520.0,0.3,0.0,0.0,0.0,9800.0,1.0,6.5E8,
6.699999999999999E-35,0.32,7300.0,53000.0,9900.0,5200000.0,2100.0,4200.0,6500.0,3000.0,690.0,0.27,5300000.0,15.0,0.11,0.11,0.0,520.0,0.37,0.0,0.0,0.0,10000.0,1.0,6.5E8,
1.0E-35,0.049,7200.0,3100.0,2300.0,5000000.0,2100.0,4200.0,6500.0,3000.0,690.0,0.26,5100000.0,2.3,0.056,0.056,0.0,520.0,0.18,0.0,0.0,0.0,10000.0,1.0,6.5E8,
9.9E-36,0.047,7200.0,3100.0,2300.0,4700000.0,2100.0,4200.0,6500.0,3000.0,690.0,0.26,4700000.0,2.2,0.053,0.053,0.0,530.0,0.17,0.0,0.0,0.0,9900.0,1.0,6.5E8,
9.800000000000001E-36,0.047,7200.0,3100.0,2300.0,4600000.0,2100.0,4100.0,6500.0,3000.0,690.0,0.26,4600000.0,2.2,0.052,0.052,0.0,530.0,0.17,0.0,0.0,0.0,9800.0,1.0,6.5E8,
9.5E-36,0.045,7200.0,3000.0,2300.0,4300000.0,2000.0,4100.0,6500.0,3000.0,680.0,0.26,4400000.0,2.2,0.05,0.05,0.0,530.0,0.16,0.0,0.0,0.0,9800.0,1.0,6.5E8,
9.1E-36,0.043,7200.0,3000.0,2300.0,3899999.9999999995,2000.0,4100.0,6500.0,3000.0,680.0,0.26,3899999.9999999995,2.1,0.046,0.046,0.0,530.0,0.15,0.0,0.0,0.0,9700.0,1.0,6.4E8,
8.900000000000001E-36,0.043,7200.0,3000.0,2300.0,3799999.9999999995,2000.0,4100.0,6400.0,3000.0,680.0,0.26,3799999.9999999995,2.0,0.045,0.045,0.0,540.0,0.15,0.0,0.0,0.0,9700.0,1.0,6.4E8,
8.7E-36,0.042,7200.0,3000.0,2300.0,3599999.9999999995,2000.0,4100.0,6400.0,3000.0,680.0,0.25,3599999.9999999995,2.0,0.043,0.043,0.0,530.0,0.14,0.0,0.0,0.0,9600.0,1.0,6.4E8,
8.7E-36,0.042,7200.0,3000.0,2300.0,3599999.9999999995,2000.0,4100.0,6400.0,3000.0,680.0,0.25,3599999.9999999995,2.0,0.043,0.043,0.0,530.0,0.14,0.0,0.0,0.0,9600.0,1.0,6.4E8,
8.7E-36,0.042,7200.0,3000.0,2300.0,3599999.9999999995,2000.0,4100.0,6400.0,3000.0,680.0,0.25,3599999.9999999995,2.0,0.043,0.043,0.0,530.0,0.14,0.0,0.0,0.0,9500.0,1.0,6.4E8,
8.7E-36,0.042,7200.0,3000.0,2300.0,3599999.9999999995,2000.0,4100.0,6400.0,3000.0,680.0,0.25,3599999.9999999995,2.0,0.043,0.043,0.0,520.0,0.14,0.0,0.0,0.0,9500.0,1.0,6.4E8,
8.7E-36,0.042,7200.0,3000.0,2300.0,3599999.9999999995,2000.0,4100.0,6400.0,3000.0,680.0,0.25,3599999.9999999995,2.0,0.043,0.043,0.0,500.0,0.14,0.0,0.0,0.0,9400.0,1.0,6.4E8,
8.7E-36,0.042,7200.0,3000.0,2300.0,3599999.9999999995,2000.0,4100.0,6400.0,3000.0,680.0,0.25,3599999.9999999995,2.0,0.043,0.043,0.0,500.0,0.14,0.0,0.0,0.0,9400.0,1.0,6.3E8,
8.7E-36,0.041,7200.0,3000.0,2300.0,3499999.9999999995,2000.0,4100.0,6400.0,3000.0,680.0,0.25,3599999.9999999995,2.0,0.042,0.042,0.0,500.0,0.14,0.0,0.0,0.0,9400.0,1.0,6.3E8,
8.7E-36,0.041,7200.0,3000.0,2300.0,3499999.9999999995,2000.0,4100.0,6400.0,3000.0,680.0,0.25,3599999.9999999995,2.0,0.042,0.042,0.0,500.0,0.14,0.0,0.0,0.0,9400.0,1.0,6.3E8,
8.7E-36,0.041,7200.0,3000.0,2300.0,3499999.9999999995,2000.0,4100.0,6400.0,3000.0,680.0,0.25,3599999.9999999995,2.0,0.042,0.042,0.0,490.0,0.14,0.0,0.0,0.0,9300.0,1.0,6.3E8,
8.7E-36,0.041,7200.0,3000.0,2300.0,3499999.9999999995,2000.0,4100.0,6400.0,3000.0,680.0,0.25,3599999.9999999995,2.0,0.042,0.042,0.0,490.0,0.14,0.0,0.0,0.0,9300.0,1.0,6.3E8,
8.7E-36,0.041,7200.0,3000.0,2300.0,3499999.9999999995,2000.0,4100.0,6400.0,3000.0,680.0,0.25,3599999.9999999995,2.0,0.042,0.042,0.0,490.0,0.14,0.0,0.0,0.0,9300.0,1.0,6.3E8,
8.7E-36,0.041,7200.0,3000.0,2300.0,3499999.9999999995,2000.0,4100.0,6400.0,3000.0,680.0,0.24,3599999.9999999995,2.0,0.042,0.042,0.0,490.0,0.14,0.0,0.0,0.0,9200.0,1.0,6.3E8,
8.7E-36,0.041,7200.0,3000.0,2300.0,3499999.9999999995,2000.0,4100.0,6400.0,3000.0,680.0,0.24,3599999.9999999995,2.0,0.042,0.042,0.0,490.0,0.14,0.0,0.0,0.0,9200.0,1.0,6.3E8,
8.7E-36,0.041,7200.0,3000.0,2300.0,3499999.9999999995,2000.0,4100.0,6400.0,3000.0,680.0,0.24,3599999.9999999995,2.0,0.042,0.042,0.0,480.0,0.14,0.0,0.0,0.0,9200.0,1.0,6.3E8,
8.7E-36,0.041,7200.0,3000.0,2300.0,3499999.9999999995,2000.0,4100.0,6400.0,3000.0,680.0,0.24,3599999.9999999995,2.0,0.042,0.042,0.0,480.0,0.14,0.0,0.0,0.0,9200.0,1.0,6.3E8,
8.7E-36,0.041,7200.0,3000.0,2300.0,3499999.9999999995,2000.0,4100.0,6400.0,3000.0,680.0,0.24,3599999.9999999995,2.0,0.042,0.042,0.0,470.0,0.14,0.0,0.0,0.0,9100.0,1.0,6.3E8,
8.7E-36,0.041,7200.0,3000.0,2300.0,3499999.9999999995,2000.0,4100.0,6400.0,3000.0,680.0,0.24,3599999.9999999995,2.0,0.042,0.042,0.0,470.0,0.14,0.0,0.0,0.0,9100.0,1.0,6.3E8,
8.7E-36,0.041,7200.0,3000.0,2300.0,3499999.9999999995,2000.0,4100.0,6400.0,3000.0,680.0,0.24,3599999.9999999995,2.0,0.042,0.042,0.0,470.0,0.14,0.0,0.0,0.0,9100.0,1.0,6.3E8,
8.7E-36,0.041,7200.0,3000.0,2300.0,3499999.9999999995,2000.0,4100.0,6400.0,3000.0,680.0,0.24,3599999.9999999995,2.0,0.042,0.042,0.0,470.0,0.14,0.0,0.0,0.0,9100.0,1.0,6.3E8,
8.7E-36,0.041,7200.0,3000.0,2300.0,3499999.9999999995,2000.0,4100.0,6400.0,3000.0,680.0,0.24,3599999.9999999995,2.0,0.042,0.042,0.0,460.0,0.14,0.0,0.0,0.0,9000.0,1.0,6.3E8,
8.7E-36,0.041,7200.0,3000.0,2300.0,3499999.9999999995,2000.0,4100.0,6400.0,3000.0,680.0,0.24,3599999.9999999995,2.0,0.042,0.042,0.0,460.0,0.14,0.0,0.0,0.0,9000.0,1.0,6.3E8,
8.7E-36,0.041,7200.0,3000.0,2300.0,3499999.9999999995,2000.0,4100.0,6400.0,3000.0,680.0,0.24,3599999.9999999995,2.0,0.042,0.042,0.0,460.0,0.14,0.0,0.0,0.0,9000.0,1.0,6.3E8,
8.7E-36,0.041,7200.0,3000.0,2300.0,3499999.9999999995,2000.0,4100.0,6400.0,3000.0,680.0,0.24,3599999.9999999995,2.0,0.042,0.042,0.0,450.0,0.14,0.0,0.0,0.0,9000.0,1.0,6.3E8,
8.7E-36,0.041,7200.0,3000.0,2300.0,3499999.9999999995,2000.0,4100.0,6400.0,3000.0,680.0,0.24,3599999.9999999995,2.0,0.042,0.042,0.0,440.0,0.14,0.0,0.0,0.0,8900.0,1.0,6.3E8,
8.7E-36,0.041,7200.0,3000.0,2300.0,3499999.9999999995,2000.0,4100.0,6400.0,3000.0,680.0,0.24,3599999.9999999995,2.0,0.042,0.042,0.0,430.0,0.14,0.0,0.0,0.0,8900.0,1.0,6.3E8,
8.7E-36,0.041,7200.0,3000.0,2300.0,3499999.9999999995,2000.0,4100.0,6400.0,3000.0,680.0,0.24,3599999.9999999995,2.0,0.042,0.042,0.0,430.0,0.14,0.0,0.0,0.0,8900.0,1.0,6.3E8,
8.7E-36,0.041,7200.0,3000.0,2300.0,3499999.9999999995,2000.0,4100.0,6400.0,3000.0,680.0,0.23,3599999.9999999995,2.0,0.042,0.042,0.0,430.0,0.14,0.0,0.0,0.0,8800.0,1.0,6.3E8,
8.7E-36,0.041,7200.0,3000.0,2300.0,3499999.9999999995,2000.0,4100.0,6400.0,3000.0,680.0,0.23,3599999.9999999995,2.0,0.042,0.042,0.0,430.0,0.14,0.0,0.0,0.0,8800.0,1.0,6.3E8,
8.7E-36,0.041,7200.0,3000.0,2300.0,3499999.9999999995,2000.0,4100.0,6400.0,3000.0,680.0,0.23,3599999.9999999995,2.0,0.042,0.042,0.0,420.0,0.14,0.0,0.0,0.0,8800.0,1.0,6.3E8,
8.7E-36,0.041,7200.0,3000.0,2300.0,3499999.9999999995,2000.0,4100.0,6400.0,3000.0,680.0,0.23,3599999.9999999995,2.0,0.042,0.042,0.0,410.0,0.14,0.0,0.0,0.0,8700.0,1.0,6.3E8,
8.7E-36,0.041,7200.0,3000.0,2300.0,3499999.9999999995,2000.0,4100.0,6400.0,3000.0,680.0,0.23,3599999.9999999995,2.0,0.042,0.042,0.0,410.0,0.14,0.0,0.0,0.0,8700.0,1.0,6.3E8,
8.7E-36,0.041,7200.0,3000.0,2300.0,3499999.9999999995,2000.0,4100.0,6400.0,3000.0,680.0,0.23,3599999.9999999995,2.0,0.042,0.042,0.0,410.0,0.14,0.0,0.0,0.0,8700.0,1.0,6.3E8,
8.7E-36,0.041,7200.0,3000.0,2300.0,3499999.9999999995,2000.0,4100.0,6400.0,3000.0,680.0,0.23,3599999.9999999995,2.0,0.042,0.042,0.0,410.0,0.14,0.0,0.0,0.0,8600.0,1.0,6.3E8,
8.7E-36,0.041,7200.0,3000.0,2300.0,3499999.9999999995,2000.0,4100.0,6400.0,3000.0,680.0,0.23,3599999.9999999995,2.0,0.042,0.042,0.0,410.0,0.14,0.0,0.0,0.0,8600.0,1.0,6.3E8,
8.7E-36,0.041,7200.0,3000.0,2300.0,3499999.9999999995,2000.0,4100.0,6400.0,3000.0,680.0,0.23,3599999.9999999995,2.0,0.042,0.042,0.0,410.0,0.14,0.0,0.0,0.0,8600.0,1.0,6.3E8,
8.7E-36,0.041,7200.0,3000.0,2300.0,3499999.9999999995,2000.0,4100.0,6400.0,3000.0,680.0,0.23,3599999.9999999995,2.0,0.042,0.042,0.0,410.0,0.14,0.0,0.0,0.0,8500.0,1.0,6.3E8,
1.1E-34,0.5,73000.0,120000.0,1300.0,5400000.0,10000.0,300.0,8600.0,4600.0,8800.0,0.31,5699999.999999999,24.0,0.21,0.21,0.0,720.0,0.12,0.0,0.0,0.0,11000.0,1.0,6.7E8,
3.5999999999999997E-35,0.17,10000.0,38000.0,1300.0,5400000.0,2600.0,300.0,1100.0,4600.0,1300.0,0.31,5500000.0,8.2,0.084,0.084,0.0,720.0,0.12,0.0,0.0,0.0,11000.0,1.0,6.7E8,
5.5000000000000005E-36,0.026,2800.0,400.0,1300.0,5100000.0,2600.0,300.0,1100.0,4600.0,1300.0,0.3,5100000.0,1.2,0.051,0.051,0.0,720.0,0.11,0.0,0.0,0.0,11000.0,1.0,6.7E8,
5.3000000000000005E-36,0.025,2800.0,400.0,1300.0,4800000.0,2600.0,300.0,1100.0,4600.0,1300.0,0.3,4800000.0,1.2,0.049,0.049,0.0,720.0,0.11,0.0,0.0,0.0,11000.0,1.0,6.6E8,
5.2E-36,0.025,2800.0,400.0,1300.0,4700000.0,2600.0,300.0,1100.0,4600.0,1300.0,0.3,4700000.0,1.2,0.049,0.049,0.0,710.0,0.11,0.0,0.0,0.0,11000.0,1.0,6.6E8,
4.8E-36,0.023,2800.0,400.0,1300.0,4300000.0,2600.0,300.0,1100.0,4600.0,1300.0,0.3,4300000.0,1.1,0.045,0.045,0.0,710.0,0.1,0.0,0.0,0.0,11000.0,1.0,6.6E8,
4.7E-36,0.022,2800.0,400.0,1300.0,3999999.9999999995,2600.0,300.0,1100.0,4600.0,1300.0,0.29,4099999.9999999995,1.1,0.043,0.043,0.0,710.0,0.096,0.0,0.0,0.0,11000.0,1.0,6.6E8,
4.4E-36,0.021,2800.0,400.0,1300.0,3799999.9999999995,2600.0,300.0,1100.0,4600.0,1300.0,0.29,3799999.9999999995,1.0,0.041,0.041,0.0,710.0,0.091,0.0,0.0,0.0,11000.0,1.0,6.5E8,
4.4E-36,0.021,2800.0,400.0,1300.0,3699999.9999999995,2600.0,300.0,1100.0,4600.0,1300.0,0.29,3699999.9999999995,0.98,0.04,0.04,0.0,710.0,0.089,0.0,0.0,0.0,11000.0,1.0,6.5E8,
4.3E-36,0.021,2800.0,400.0,1300.0,3599999.9999999995,2600.0,300.0,1100.0,4600.0,1300.0,0.29,3599999.9999999995,0.97,0.04,0.04,0.0,700.0,0.088,0.0,0.0,0.0,11000.0,1.0,6.5E8,
4.3E-36,0.021,2800.0,400.0,1300.0,3599999.9999999995,2600.0,300.0,1100.0,4600.0,1300.0,0.29,3599999.9999999995,0.97,0.04,0.04,0.0,700.0,0.088,0.0,0.0,0.0,11000.0,1.0,6.5E8,
4.3E-36,0.021,2800.0,400.0,1300.0,3599999.9999999995,2600.0,300.0,1100.0,4600.0,1300.0,0.29,3599999.9999999995,0.97,0.04,0.04,0.0,690.0,0.088,0.0,0.0,0.0,11000.0,1.0,6.5E8,
4.3E-36,0.021,2800.0,400.0,1300.0,3599999.9999999995,2600.0,300.0,1100.0,4600.0,1300.0,0.29,3599999.9999999995,0.97,0.04,0.04,0.0,690.0,0.088,0.0,0.0,0.0,10000.0,1.0,6.5E8,
4.3E-36,0.02,2800.0,400.0,1300.0,3599999.9999999995,2600.0,300.0,1100.0,4600.0,1300.0,0.29,3599999.9999999995,0.97,0.04,0.04,0.0,690.0,0.088,0.0,0.0,0.0,10000.0,1.0,6.5E8,
4.3E-36,0.02,2800.0,400.0,1300.0,3599999.9999999995,2600.0,300.0,1100.0,4600.0,1300.0,0.29,3599999.9999999995,0.97,0.04,0.04,0.0,690.0,0.088,0.0,0.0,0.0,10000.0,1.0,6.5E8,
4.3E-36,0.02,2800.0,400.0,1300.0,3599999.9999999995,2600.0,300.0,1100.0,4600.0,1300.0,0.28,3599999.9999999995,0.97,0.04,0.04,0.0,690.0,0.088,0.0,0.0,0.0,10000.0,1.0,6.5E8,
4.3E-36,0.02,2800.0,400.0,1300.0,3599999.9999999995,2600.0,300.0,1100.0,4600.0,1300.0,0.28,3599999.9999999995,0.97,0.04,0.04,0.0,680.0,0.088,0.0,0.0,0.0,10000.0,1.0,6.5E8,
4.3E-36,0.02,2800.0,400.0,1300.0,3599999.9999999995,2600.0,300.0,1100.0,4600.0,1300.0,0.28,3599999.9999999995,0.97,0.04,0.04,0.0,670.0,0.088,0.0,0.0,0.0,10000.0,1.0,6.5E8,
4.3E-36,0.02,2800.0,400.0,1300.0,3599999.9999999995,2600.0,300.0,1100.0,4600.0,1300.0,0.28,3599999.9999999995,0.97,0.04,0.04,0.0,670.0,0.088,0.0,0.0,0.0,10000.0,1.0,6.5E8,
4.3E-36,0.02,2800.0,400.0,1300.0,3599999.9999999995,2600.0,300.0,1100.0,4600.0,1300.0,0.28,3599999.9999999995,0.97,0.04,0.04,0.0,670.0,0.088,0.0,0.0,0.0,10000.0,1.0,6.5E8,
4.3E-36,0.02,2800.0,400.0,1300.0,3599999.9999999995,2600.0,300.0,1100.0,4600.0,1300.0,0.28,3599999.9999999995,0.97,0.04,0.04,0.0,670.0,0.088,0.0,0.0,0.0,10000.0,1.0,6.5E8,
4.3E-36,0.02,2800.0,400.0,1300.0,3599999.9999999995,2600.0,300.0,1100.0,4600.0,1300.0,0.28,3599999.9999999995,0.97,0.04,0.04,0.0,660.0,0.088,0.0,0.0,0.0,10000.0,1.0,6.5E8,
1.6999999999999999E-35,0.081,550.0,6200.0,4700.0,5200000.0,2600.0,300.0,1100.0,4600.0,1300.0,0.3,5200000.0,3.8,0.05,0.05,0.0,710.0,0.41,0.0,0.0,0.0,11000.0,1.0,6.7E8,
1.6999999999999999E-35,0.079,550.0,6200.0,4700.0,4900000.0,2600.0,290.0,1100.0,4600.0,1300.0,0.29,4900000.0,3.7,0.048,0.048,0.0,700.0,0.4,0.0,0.0,0.0,11000.0,1.0,6.6E8,
1.6E-35,0.078,550.0,6200.0,4700.0,4600000.0,2600.0,290.0,1100.0,4600.0,1300.0,0.29,4600000.0,3.6,0.046,0.046,0.0,690.0,0.39,0.0,0.0,0.0,11000.0,1.0,6.6E8,
1.6E-35,0.076,550.0,6200.0,4700.0,4200000.0,2600.0,290.0,1100.0,4600.0,1300.0,0.29,4200000.0,3.5,0.044,0.044,0.0,690.0,0.37,0.0,0.0,0.0,11000.0,1.0,6.6E8,
1.6E-35,0.075,550.0,6200.0,4700.0,4099999.9999999995,2600.0,290.0,1100.0,4600.0,1300.0,0.29,4099999.9999999995,3.5,0.043,0.043,0.0,690.0,0.37,0.0,0.0,0.0,10000.0,1.0,6.6E8,
1.5E-35,0.074,550.0,6200.0,4700.0,3799999.9999999995,2600.0,290.0,1100.0,4600.0,1300.0,0.29,3799999.9999999995,3.4,0.041,0.041,0.0,690.0,0.35,0.0,0.0,0.0,10000.0,1.0,6.5E8,
1.5E-35,0.073,550.0,6200.0,4700.0,3599999.9999999995,2600.0,290.0,1100.0,4600.0,1300.0,0.28,3599999.9999999995,3.4,0.04,0.04,0.0,690.0,0.35,0.0,0.0,0.0,10000.0,1.0,6.5E8,
1.5E-35,0.073,550.0,6200.0,4700.0,3599999.9999999995,2600.0,290.0,1100.0,4600.0,1300.0,0.28,3599999.9999999995,3.4,0.04,0.04,0.0,690.0,0.35,0.0,0.0,0.0,10000.0,1.0,6.5E8,
1.5E-35,0.073,550.0,6200.0,4700.0,3599999.9999999995,2600.0,290.0,1100.0,4600.0,1300.0,0.28,3599999.9999999995,3.4,0.04,0.04,0.0,680.0,0.35,0.0,0.0,0.0,10000.0,1.0,6.5E8,
1.5E-35,0.073,550.0,6200.0,4700.0,3599999.9999999995,2600.0,290.0,1100.0,4600.0,1300.0,0.28,3599999.9999999995,3.4,0.04,0.04,0.0,680.0,0.35,0.0,0.0,0.0,10000.0,1.0,6.5E8,
1.5E-35,0.073,550.0,6200.0,4700.0,3599999.9999999995,2600.0,290.0,1100.0,4600.0,1300.0,0.28,3599999.9999999995,3.4,0.04,0.04,0.0,680.0,0.35,0.0,0.0,0.0,10000.0,1.0,6.5E8,
1.5E-35,0.073,550.0,6200.0,4700.0,3599999.9999999995,2600.0,290.0,1100.0,4600.0,1300.0,0.28,3599999.9999999995,3.4,0.04,0.04,0.0,670.0,0.35,0.0,0.0,0.0,10000.0,1.0,6.5E8,
1.5E-35,0.073,550.0,6200.0,4700.0,3599999.9999999995,2600.0,290.0,1100.0,4600.0,1300.0,0.28,3599999.9999999995,3.4,0.04,0.04,0.0,670.0,0.35,0.0,0.0,0.0,10000.0,1.0,6.5E8,
1.5E-35,0.073,550.0,6200.0,4700.0,3599999.9999999995,2600.0,290.0,1100.0,4600.0,1300.0,0.28,3599999.9999999995,3.4,0.04,0.04,0.0,670.0,0.35,0.0,0.0,0.0,10000.0,1.0,6.5E8,
1.5E-35,0.073,550.0,6200.0,4700.0,3599999.9999999995,2600.0,290.0,1100.0,4600.0,1300.0,0.28,3599999.9999999995,3.4,0.04,0.04,0.0,670.0,0.35,0.0,0.0,0.0,10000.0,1.0,6.5E8,
1.5E-35,0.073,550.0,6200.0,4700.0,3599999.9999999995,2600.0,290.0,1100.0,4600.0,1300.0,0.28,3599999.9999999995,3.4,0.04,0.04,0.0,650.0,0.35,0.0,0.0,0.0,10000.0,1.0,6.5E8,
1.5E-35,0.073,550.0,6200.0,4700.0,3599999.9999999995,2600.0,290.0,1100.0,4600.0,1300.0,0.28,3599999.9999999995,3.4,0.04,0.04,0.0,630.0,0.35,0.0,0.0,0.0,10000.0,1.0,6.5E8,
1.5E-35,0.073,550.0,6200.0,4700.0,3599999.9999999995,2600.0,290.0,1100.0,4600.0,1300.0,0.28,3599999.9999999995,3.4,0.04,0.04,0.0,630.0,0.35,0.0,0.0,0.0,10000.0,1.0,6.5E8,
1.5E-35,0.073,550.0,6200.0,4700.0,3599999.9999999995,2600.0,290.0,1100.0,4600.0,1300.0,0.28,3599999.9999999995,3.4,0.04,0.04,0.0,630.0,0.35,0.0,0.0,0.0,10000.0,1.0,6.5E8,
1.5E-35,0.073,550.0,6200.0,4700.0,3599999.9999999995,2600.0,290.0,1100.0,4600.0,1300.0,0.28,3599999.9999999995,3.4,0.04,0.04,0.0,630.0,0.35,0.0,0.0,0.0,10000.0,1.0,6.5E8,
1.5E-35,0.073,550.0,6200.0,4700.0,3599999.9999999995,2600.0,290.0,1100.0,4600.0,1300.0,0.28,3599999.9999999995,3.4,0.04,0.04,0.0,630.0,0.35,0.0,0.0,0.0,10000.0,1.0,6.5E8,
1.5E-35,0.073,550.0,6200.0,4700.0,3599999.9999999995,2600.0,290.0,1100.0,4600.0,1300.0,0.27,3599999.9999999995,3.4,0.04,0.04,0.0,630.0,0.35,0.0,0.0,0.0,10000.0,1.0,6.5E8,
1.5E-35,0.073,550.0,6200.0,4700.0,3599999.9999999995,2600.0,290.0,1100.0,4600.0,1300.0,0.27,3599999.9999999995,3.4,0.04,0.04,0.0,620.0,0.35,0.0,0.0,0.0,9900.0,1.0,6.5E8,
1.5E-35,0.073,550.0,6200.0,4700.0,3599999.9999999995,2600.0,290.0,1100.0,4600.0,1300.0,0.27,3599999.9999999995,3.4,0.04,0.04,0.0,620.0,0.35,0.0,0.0,0.0,9900.0,1.0,6.5E8,
1.5E-35,0.073,550.0,6200.0,4700.0,3599999.9999999995,2600.0,290.0,1100.0,4600.0,1300.0,0.27,3599999.9999999995,3.4,0.04,0.04,0.0,620.0,0.35,0.0,0.0,0.0,9800.0,1.0,6.5E8,
1.5E-35,0.073,550.0,6200.0,4700.0,3599999.9999999995,2600.0,290.0,1100.0,4600.0,1300.0,0.27,3599999.9999999995,3.4,0.04,0.04,0.0,610.0,0.35,0.0,0.0,0.0,9800.0,1.0,6.5E8,
1.5E-35,0.073,550.0,6200.0,4700.0,3599999.9999999995,2600.0,290.0,1100.0,4600.0,1300.0,0.27,3599999.9999999995,3.4,0.04,0.04,0.0,610.0,0.35,0.0,0.0,0.0,9800.0,1.0,6.5E8,
1.5E-35,0.073,550.0,6200.0,4700.0,3599999.9999999995,2600.0,290.0,1100.0,4600.0,1300.0,0.27,3599999.9999999995,3.4,0.04,0.04,0.0,610.0,0.35,0.0,0.0,0.0,9800.0,1.0,6.5E8,
1.5E-35,0.073,550.0,6100.0,4700.0,3599999.9999999995,2600.0,290.0,1100.0,4600.0,1300.0,0.27,3599999.9999999995,3.4,0.04,0.04,0.0,620.0,0.35,0.0,0.0,0.0,9700.0,1.0,6.5E8,
1.5E-35,0.073,550.0,6100.0,4700.0,3599999.9999999995,2600.0,290.0,1100.0,4600.0,1300.0,0.27,3599999.9999999995,3.4,0.04,0.04,0.0,620.0,0.35,0.0,0.0,0.0,9700.0,1.0,6.5E8,
1.5E-35,0.073,550.0,6100.0,4700.0,3599999.9999999995,2600.0,290.0,1100.0,4600.0,1300.0,0.26,3599999.9999999995,3.4,0.04,0.04,0.0,610.0,0.35,0.0,0.0,0.0,9600.0,1.0,6.5E8,
1.5E-35,0.073,550.0,6100.0,4700.0,3599999.9999999995,2600.0,290.0,1100.0,4600.0,1300.0,0.26,3599999.9999999995,3.4,0.04,0.04,0.0,600.0,0.35,0.0,0.0,0.0,9600.0,1.0,6.5E8,
1.5E-35,0.073,550.0,6100.0,4700.0,3599999.9999999995,2600.0,290.0,1100.0,4600.0,1300.0,0.26,3599999.9999999995,3.4,0.04,0.04,0.0,590.0,0.35,0.0,0.0,0.0,9500.0,1.0,6.5E8,
1.5E-35,0.072,550.0,6100.0,4700.0,3599999.9999999995,2600.0,290.0,1100.0,4600.0,1300.0,0.26,3599999.9999999995,3.4,0.039,0.039,0.0,590.0,0.35,0.0,0.0,0.0,9500.0,1.0,6.4E8,
1.5E-35,0.072,550.0,6100.0,4700.0,3599999.9999999995,2600.0,290.0,1100.0,4600.0,1300.0,0.26,3599999.9999999995,3.4,0.039,0.039,0.0,590.0,0.35,0.0,0.0,0.0,9500.0,1.0,6.4E8,
1.5E-35,0.072,550.0,6100.0,4700.0,3599999.9999999995,2600.0,290.0,1100.0,4600.0,1300.0,0.26,3599999.9999999995,3.4,0.039,0.039,0.0,590.0,0.35,0.0,0.0,0.0,9400.0,1.0,6.4E8,
1.5E-35,0.072,550.0,6100.0,4700.0,3599999.9999999995,2600.0,290.0,1100.0,4600.0,1300.0,0.26,3599999.9999999995,3.4,0.039,0.039,0.0,570.0,0.35,0.0,0.0,0.0,9400.0,1.0,6.4E8,
1.5E-35,0.072,550.0,6100.0,4700.0,3599999.9999999995,2600.0,290.0,1100.0,4600.0,1300.0,0.26,3599999.9999999995,3.4,0.039,0.039,0.0,570.0,0.35,0.0,0.0,0.0,9400.0,1.0,6.4E8,
1.5E-35,0.072,550.0,6100.0,4700.0,3599999.9999999995,2600.0,290.0,1100.0,4600.0,1300.0,0.26,3599999.9999999995,3.4,0.039,0.039,0.0,570.0,0.35,0.0,0.0,0.0,9300.0,1.0,6.4E8,
1.5E-35,0.072,550.0,6100.0,4700.0,3499999.9999999995,2600.0,290.0,1100.0,4600.0,1300.0,0.26,3599999.9999999995,3.4,0.039,0.039,0.0,570.0,0.34,0.0,0.0,0.0,9300.0,1.0,6.3E8,
1.5E-35,0.072,550.0,6100.0,4700.0,3499999.9999999995,2600.0,290.0,1100.0,4600.0,1300.0,0.25,3599999.9999999995,3.4,0.039,0.039,0.0,560.0,0.34,0.0,0.0,0.0,9300.0,1.0,6.3E8,
1.5E-35,0.072,550.0,6100.0,4700.0,3499999.9999999995,2600.0,290.0,1100.0,4600.0,1300.0,0.25,3599999.9999999995,3.4,0.039,0.039,0.0,560.0,0.34,0.0,0.0,0.0,9200.0,1.0,6.3E8,
1.5E-35,0.072,550.0,6100.0,4700.0,3499999.9999999995,2600.0,290.0,1100.0,4600.0,1300.0,0.25,3599999.9999999995,3.4,0.039,0.039,0.0,560.0,0.34,0.0,0.0,0.0,9200.0,1.0,6.3E8,
1.5E-35,0.072,550.0,6100.0,4700.0,3499999.9999999995,2600.0,290.0,1100.0,4600.0,1300.0,0.25,3599999.9999999995,3.4,0.039,0.039,0.0,560.0,0.34,0.0,0.0,0.0,9200.0,1.0,6.3E8,
1.5E-35,0.072,550.0,6100.0,4700.0,3499999.9999999995,2600.0,290.0,1100.0,4600.0,1300.0,0.25,3599999.9999999995,3.4,0.039,0.039,0.0,550.0,0.34,0.0,0.0,0.0,9200.0,1.0,6.3E8,
1.5E-35,0.072,550.0,6100.0,4700.0,3499999.9999999995,2600.0,290.0,1100.0,4600.0,1300.0,0.25,3599999.9999999995,3.4,0.039,0.039,0.0,550.0,0.34,0.0,0.0,0.0,9200.0,1.0,6.3E8,
1.5E-35,0.072,550.0,6100.0,4700.0,3499999.9999999995,2600.0,290.0,1100.0,4600.0,1300.0,0.25,3599999.9999999995,3.4,0.039,0.039,0.0,550.0,0.34,0.0,0.0,0.0,9100.0,1.0,6.3E8,
1.5E-35,0.072,550.0,6100.0,4700.0,3499999.9999999995,2600.0,290.0,1100.0,4600.0,1300.0,0.25,3599999.9999999995,3.4,0.039,0.039,0.0,550.0,0.34,0.0,0.0,0.0,9100.0,1.0,6.3E8,
1.5E-35,0.072,550.0,6100.0,4700.0,3499999.9999999995,2600.0,290.0,1100.0,4600.0,1300.0,0.25,3599999.9999999995,3.4,0.039,0.039,0.0,550.0,0.34,0.0,0.0,0.0,9100.0,1.0,6.3E8,
1.5E-35,0.072,550.0,6100.0,4700.0,3499999.9999999995,2600.0,290.0,1100.0,4600.0,1300.0,0.25,3599999.9999999995,3.4,0.039,0.039,0.0,540.0,0.34,0.0,0.0,0.0,9000.0,1.0,6.3E8,
1.5E-35,0.072,550.0,6100.0,4700.0,3499999.9999999995,2600.0,290.0,1100.0,4600.0,1300.0,0.25,3599999.9999999995,3.4,0.039,0.039,0.0,530.0,0.34,0.0,0.0,0.0,9000.0,1.0,6.3E8,
1.5E-35,0.072,550.0,6100.0,4700.0,3499999.9999999995,2600.0,290.0,1100.0,4600.0,1300.0,0.25,3599999.9999999995,3.4,0.039,0.039,0.0,530.0,0.34,0.0,0.0,0.0,9000.0,1.0,6.3E8,
7.0E-36,0.033,6200.0,3200.0,180.0,5000000.0,2600.0,290.0,1100.0,4600.0,1300.0,0.26,5000000.0,1.5,0.037,0.037,0.0,580.0,0.13,0.0,0.0,0.0,9400.0,1.0,6.5E8,
6.700000000000001E-36,0.032,6200.0,3200.0,180.0,4600000.0,2600.0,290.0,1100.0,4500.0,1300.0,0.26,4600000.0,1.5,0.035,0.035,0.0,580.0,0.12,0.0,0.0,0.0,9300.0,1.0,6.5E8,
6.4E-36,0.031,6200.0,3200.0,180.0,4300000.0,2600.0,290.0,1100.0,4500.0,1300.0,0.25,4400000.0,1.4,0.033,0.033,0.0,580.0,0.12,0.0,0.0,0.0,9300.0,1.0,6.4E8,
6.2E-36,0.029,6200.0,3200.0,180.0,3999999.9999999995,2600.0,290.0,1100.0,4500.0,1300.0,0.25,3999999.9999999995,1.4,0.032,0.032,0.0,580.0,0.11,0.0,0.0,0.0,9200.0,1.0,6.4E8,
5.8E-36,0.028,6100.0,3200.0,180.0,3599999.9999999995,2600.0,290.0,1100.0,4500.0,1300.0,0.25,3599999.9999999995,1.3,0.029,0.029,0.0,580.0,0.097,0.0,0.0,0.0,9100.0,1.0,6.4E8,
5.8E-36,0.028,6100.0,3200.0,180.0,3599999.9999999995,2600.0,290.0,1100.0,4500.0,1300.0,0.25,3599999.9999999995,1.3,0.029,0.029,0.0,560.0,0.097,0.0,0.0,0.0,9100.0,1.0,6.4E8,
5.8E-36,0.028,6100.0,3200.0,180.0,3599999.9999999995,2600.0,290.0,1100.0,4500.0,1300.0,0.25,3599999.9999999995,1.3,0.029,0.029,0.0,560.0,0.097,0.0,0.0,0.0,9000.0,1.0,6.4E8,
5.8E-36,0.028,6100.0,3200.0,180.0,3599999.9999999995,2600.0,290.0,1100.0,4500.0,1300.0,0.25,3599999.9999999995,1.3,0.029,0.029,0.0,560.0,0.097,0.0,0.0,0.0,9000.0,1.0,6.4E8,
5.8E-36,0.028,6100.0,3200.0,180.0,3599999.9999999995,2600.0,290.0,1100.0,4500.0,1300.0,0.25,3599999.9999999995,1.3,0.029,0.029,0.0,560.0,0.097,0.0,0.0,0.0,9000.0,1.0,6.4E8,
5.8E-36,0.028,6100.0,3200.0,180.0,3599999.9999999995,2600.0,290.0,1100.0,4500.0,1300.0,0.25,3599999.9999999995,1.3,0.029,0.029,0.0,550.0,0.097,0.0,0.0,0.0,9000.0,1.0,6.4E8,
5.8E-36,0.028,6100.0,3200.0,180.0,3599999.9999999995,2600.0,290.0,1100.0,4500.0,1300.0,0.25,3599999.9999999995,1.3,0.029,0.029,0.0,550.0,0.097,0.0,0.0,0.0,8900.0,1.0,6.4E8,
5.8E-36,0.028,6100.0,3200.0,180.0,3599999.9999999995,2600.0,290.0,1100.0,4500.0,1300.0,0.24,3599999.9999999995,1.3,0.029,0.029,0.0,550.0,0.097,0.0,0.0,0.0,8900.0,1.0,6.4E8,
5.8E-36,0.028,6100.0,3200.0,180.0,3599999.9999999995,2600.0,290.0,1100.0,4500.0,1300.0,0.24,3599999.9999999995,1.3,0.029,0.029,0.0,550.0,0.097,0.0,0.0,0.0,8900.0,1.0,6.4E8,
5.8E-36,0.028,6100.0,3200.0,180.0,3599999.9999999995,2600.0,290.0,1100.0,4500.0,1300.0,0.24,3599999.9999999995,1.3,0.029,0.029,0.0,540.0,0.097,0.0,0.0,0.0,8900.0,1.0,6.4E8,
5.8E-36,0.028,6100.0,3200.0,180.0,3599999.9999999995,2600.0,290.0,1100.0,4500.0,1300.0,0.24,3599999.9999999995,1.3,0.029,0.029,0.0,540.0,0.097,0.0,0.0,0.0,8900.0,1.0,6.4E8,
5.8E-36,0.028,6100.0,3200.0,180.0,3599999.9999999995,2600.0,290.0,1100.0,4500.0,1300.0,0.24,3599999.9999999995,1.3,0.029,0.029,0.0,540.0,0.097,0.0,0.0,0.0,8800.0,1.0,6.4E8,
5.8E-36,0.028,6100.0,3200.0,180.0,3599999.9999999995,2600.0,290.0,1100.0,4500.0,1300.0,0.24,3599999.9999999995,1.3,0.029,0.029,0.0,530.0,0.097,0.0,0.0,0.0,8800.0,1.0,6.4E8,
5.8E-36,0.028,6100.0,3200.0,180.0,3599999.9999999995,2600.0,290.0,1100.0,4500.0,1300.0,0.24,3599999.9999999995,1.3,0.029,0.029,0.0,530.0,0.097,0.0,0.0,0.0,8800.0,1.0,6.4E8,
5.8E-36,0.028,6100.0,3200.0,180.0,3599999.9999999995,2600.0,290.0,1100.0,4500.0,1300.0,0.24,3599999.9999999995,1.3,0.029,0.029,0.0,530.0,0.097,0.0,0.0,0.0,8700.0,1.0,6.4E8,
5.8E-36,0.028,6100.0,3200.0,180.0,3599999.9999999995,2600.0,290.0,1100.0,4500.0,1300.0,0.24,3599999.9999999995,1.3,0.029,0.029,0.0,530.0,0.097,0.0,0.0,0.0,8700.0,1.0,6.4E8,
5.8E-36,0.028,6100.0,3200.0,180.0,3599999.9999999995,2600.0,290.0,1100.0,4500.0,1300.0,0.24,3599999.9999999995,1.3,0.029,0.029,0.0,530.0,0.097,0.0,0.0,0.0,8700.0,1.0,6.4E8,
5.8E-36,0.028,6100.0,3200.0,180.0,3599999.9999999995,2600.0,290.0,1100.0,4500.0,1300.0,0.24,3599999.9999999995,1.3,0.029,0.029,0.0,520.0,0.097,0.0,0.0,0.0,8600.0,1.0,6.4E8,
5.8E-36,0.028,6100.0,3200.0,180.0,3599999.9999999995,2600.0,290.0,1100.0,4500.0,1300.0,0.24,3599999.9999999995,1.3,0.029,0.029,0.0,520.0,0.097,0.0,0.0,0.0,8600.0,1.0,6.4E8,
5.8E-36,0.028,6100.0,3200.0,180.0,3599999.9999999995,2600.0,290.0,1100.0,4500.0,1300.0,0.24,3599999.9999999995,1.3,0.029,0.029,0.0,520.0,0.097,0.0,0.0,0.0,8600.0,1.0,6.4E8,
5.8E-36,0.028,6100.0,3200.0,180.0,3599999.9999999995,2600.0,290.0,1100.0,4500.0,1300.0,0.24,3599999.9999999995,1.3,0.029,0.029,0.0,520.0,0.097,0.0,0.0,0.0,8600.0,1.0,6.4E8,
5.1E-35,0.24,9000.0,51000.0,13000.0,4700000.0,2600.0,290.0,1100.0,4500.0,1300.0,0.24,4800000.0,11.0,0.073,0.073,0.0,570.0,0.18,0.0,0.0,0.0,8800.0,1.0,6.5E8,
5.9E-35,0.28,4600.0,82000.0,7100.0,4800000.0,2600.0,290.0,1100.0,4500.0,1300.0,0.24,4900000.0,13.0,0.078,0.078,0.0,580.0,0.12,0.0,0.0,0.0,8900.0,1.0,6.5E8,
8.2E-36,0.039,4600.0,1300.0,7100.0,4700000.0,2600.0,290.0,1100.0,4500.0,1300.0,0.24,4700000.0,1.8,0.035,0.035,0.0,580.0,0.11,0.0,0.0,0.0,8800.0,1.0,6.5E8,
7.9E-36,0.038,4600.0,1300.0,7100.0,4200000.0,2600.0,290.0,1100.0,4500.0,1300.0,0.24,4200000.0,1.7,0.033,0.033,0.0,580.0,0.11,0.0,0.0,0.0,8800.0,1.0,6.5E8,
7.8E-36,0.037,4600.0,1300.0,7100.0,3999999.9999999995,2600.0,290.0,1100.0,4500.0,1300.0,0.24,4099999.9999999995,1.7,0.032,0.032,0.0,580.0,0.11,0.0,0.0,0.0,8700.0,1.0,6.5E8,
7.5E-36,0.036,4600.0,1300.0,7000.0,3599999.9999999995,2600.0,290.0,1100.0,4500.0,1300.0,0.24,3599999.9999999995,1.6,0.029,0.029,0.0,580.0,0.1,0.0,0.0,0.0,8600.0,1.0,6.4E8,
7.5E-36,0.036,4600.0,1300.0,7000.0,3599999.9999999995,2600.0,290.0,1100.0,4500.0,1300.0,0.24,3599999.9999999995,1.6,0.029,0.029,0.0,580.0,0.1,0.0,0.0,0.0,8600.0,1.0,6.4E8,
7.5E-36,0.036,4600.0,1300.0,7000.0,3599999.9999999995,2600.0,290.0,1100.0,4500.0,1300.0,0.23,3599999.9999999995,1.6,0.029,0.029,0.0,580.0,0.1,0.0,0.0,0.0,8600.0,1.0,6.4E8,
7.5E-36,0.036,4600.0,1300.0,7000.0,3599999.9999999995,2600.0,290.0,1100.0,4500.0,1300.0,0.23,3599999.9999999995,1.6,0.029,0.029,0.0,580.0,0.1,0.0,0.0,0.0,8600.0,1.0,6.4E8,
3.3E-35,0.16,7600.0,38000.0,9500.0,4800000.0,2600.0,290.0,1100.0,4500.0,1300.0,0.24,4800000.0,7.4,0.053,0.053,0.0,580.0,0.13,0.0,0.0,0.0,8700.0,1.0,6.5E8,
5.9E-36,0.028,110.0,2700.0,2000.0,4500000.0,2600.0,290.0,1100.0,4500.0,1300.0,0.24,4500000.0,1.3,0.031,0.031,0.0,570.0,0.061,0.0,0.0,0.0,8700.0,1.0,6.5E8,
7.3E-36,0.035,110.0,680.0,4800.0,4500000.0,2600.0,290.0,1100.0,4500.0,1300.0,0.24,4500000.0,1.6,0.033,0.033,0.0,580.0,0.064,0.0,0.0,0.0,8700.0,1.0,6.5E8,
7.2E-36,0.034,110.0,680.0,4800.0,4400000.0,2600.0,290.0,1100.0,4500.0,1200.0,0.24,4400000.0,1.6,0.032,0.032,0.0,570.0,0.063,0.0,0.0,0.0,8600.0,1.0,6.4E8,
6.9E-36,0.033,110.0,680.0,4800.0,3999999.9999999995,2600.0,290.0,1100.0,4500.0,1200.0,0.23,3999999.9999999995,1.5,0.03,0.03,0.0,560.0,0.06,0.0,0.0,0.0,8600.0,1.0,6.4E8,
6.9E-36,0.033,110.0,680.0,4800.0,3899999.9999999995,2600.0,290.0,1100.0,4500.0,1200.0,0.23,3899999.9999999995,1.5,0.03,0.03,0.0,560.0,0.06,0.0,0.0,0.0,8500.0,1.0,6.4E8,
6.6E-36,0.031,110.0,670.0,4800.0,3599999.9999999995,2500.0,290.0,1000.0,4500.0,1200.0,0.23,3599999.9999999995,1.4,0.028,0.028,0.0,550.0,0.057,0.0,0.0,0.0,8500.0,1.0,6.4E8,
6.6E-36,0.031,110.0,670.0,4800.0,3599999.9999999995,2500.0,290.0,1000.0,4500.0,1200.0,0.23,3599999.9999999995,1.4,0.028,0.028,0.0,540.0,0.057,0.0,0.0,0.0,8400.0,1.0,6.4E8,
6.6E-36,0.031,110.0,670.0,4800.0,3599999.9999999995,2500.0,290.0,1000.0,4500.0,1200.0,0.23,3599999.9999999995,1.4,0.028,0.028,0.0,540.0,0.057,0.0,0.0,0.0,8400.0,1.0,6.4E8,
6.6E-36,0.031,110.0,670.0,4800.0,3599999.9999999995,2500.0,290.0,1000.0,4500.0,1200.0,0.23,3599999.9999999995,1.4,0.028,0.028,0.0,540.0,0.057,0.0,0.0,0.0,8400.0,1.0,6.4E8,
6.6E-36,0.031,110.0,670.0,4800.0,3599999.9999999995,2500.0,290.0,1000.0,4500.0,1200.0,0.23,3599999.9999999995,1.4,0.028,0.028,0.0,540.0,0.057,0.0,0.0,0.0,8400.0,1.0,6.4E8,
6.6E-36,0.031,110.0,670.0,4800.0,3599999.9999999995,2500.0,290.0,1000.0,4500.0,1200.0,0.23,3599999.9999999995,1.4,0.028,0.028,0.0,530.0,0.057,0.0,0.0,0.0,8300.0,1.0,6.4E8,
6.6E-36,0.031,110.0,670.0,4800.0,3599999.9999999995,2500.0,290.0,1000.0,4500.0,1200.0,0.23,3599999.9999999995,1.4,0.028,0.028,0.0,530.0,0.057,0.0,0.0,0.0,8300.0,1.0,6.4E8,
6.6E-36,0.031,110.0,670.0,4800.0,3599999.9999999995,2500.0,290.0,1000.0,4500.0,1200.0,0.23,3599999.9999999995,1.4,0.028,0.028,0.0,520.0,0.057,0.0,0.0,0.0,8300.0,1.0,6.4E8,
6.6E-36,0.031,110.0,670.0,4800.0,3599999.9999999995,2500.0,290.0,1000.0,4500.0,1200.0,0.23,3599999.9999999995,1.4,0.028,0.028,0.0,520.0,0.057,0.0,0.0,0.0,8300.0,1.0,6.4E8,
6.6E-36,0.031,110.0,670.0,4800.0,3599999.9999999995,2500.0,290.0,1000.0,4500.0,1200.0,0.22,3599999.9999999995,1.4,0.028,0.028,0.0,510.0,0.057,0.0,0.0,0.0,8200.0,1.0,6.4E8,
6.6E-36,0.031,110.0,670.0,4800.0,3599999.9999999995,2500.0,290.0,1000.0,4500.0,1200.0,0.22,3599999.9999999995,1.4,0.028,0.028,0.0,510.0,0.057,0.0,0.0,0.0,8200.0,1.0,6.4E8,
6.6E-36,0.031,110.0,670.0,4800.0,3599999.9999999995,2500.0,290.0,1000.0,4500.0,1200.0,0.22,3599999.9999999995,1.4,0.028,0.028,0.0,500.0,0.057,0.0,0.0,0.0,8200.0,1.0,6.4E8,
6.6E-36,0.031,110.0,670.0,4800.0,3599999.9999999995,2500.0,290.0,1000.0,4500.0,1200.0,0.22,3599999.9999999995,1.4,0.028,0.028,0.0,500.0,0.057,0.0,0.0,0.0,8100.0,1.0,6.4E8,
6.6E-36,0.031,110.0,670.0,4800.0,3599999.9999999995,2500.0,290.0,1000.0,4500.0,1200.0,0.22,3599999.9999999995,1.4,0.028,0.028,0.0,500.0,0.057,0.0,0.0,0.0,8100.0,1.0,6.4E8,
6.6E-36,0.031,110.0,670.0,4800.0,3599999.9999999995,2500.0,290.0,1000.0,4500.0,1200.0,0.22,3599999.9999999995,1.4,0.028,0.028,0.0,500.0,0.057,0.0,0.0,0.0,8100.0,1.0,6.4E8,
6.6E-36,0.031,110.0,670.0,4800.0,3599999.9999999995,2500.0,290.0,1000.0,4500.0,1200.0,0.22,3599999.9999999995,1.4,0.028,0.028,0.0,490.0,0.057,0.0,0.0,0.0,8100.0,1.0,6.4E8,
6.6E-36,0.031,110.0,670.0,4800.0,3599999.9999999995,2500.0,290.0,1000.0,4500.0,1200.0,0.22,3599999.9999999995,1.4,0.028,0.028,0.0,490.0,0.057,0.0,0.0,0.0,8100.0,1.0,6.4E8,
6.6E-36,0.031,110.0,670.0,4800.0,3599999.9999999995,2500.0,290.0,1000.0,4500.0,1200.0,0.22,3599999.9999999995,1.4,0.028,0.028,0.0,490.0,0.057,0.0,0.0,0.0,8000.0,1.0,6.4E8,
6.6E-36,0.031,110.0,670.0,4800.0,3599999.9999999995,2500.0,290.0,1000.0,4500.0,1200.0,0.22,3599999.9999999995,1.4,0.028,0.028,0.0,490.0,0.057,0.0,0.0,0.0,8000.0,1.0,6.4E8,
6.6E-36,0.031,110.0,670.0,4800.0,3599999.9999999995,2500.0,290.0,1000.0,4500.0,1200.0,0.22,3599999.9999999995,1.4,0.028,0.028,0.0,490.0,0.057,0.0,0.0,0.0,8000.0,1.0,6.4E8,
6.6E-36,0.031,110.0,670.0,4800.0,3599999.9999999995,2500.0,290.0,1000.0,4500.0,1200.0,0.22,3599999.9999999995,1.4,0.028,0.028,0.0,490.0,0.057,0.0,0.0,0.0,8000.0,1.0,6.4E8,
6.6E-36,0.031,110.0,670.0,4800.0,3599999.9999999995,2500.0,290.0,1000.0,4500.0,1200.0,0.22,3599999.9999999995,1.4,0.028,0.028,0.0,480.0,0.057,0.0,0.0,0.0,8000.0,1.0,6.4E8,
6.6E-36,0.031,110.0,670.0,4800.0,3599999.9999999995,2500.0,290.0,1000.0,4500.0,1200.0,0.22,3599999.9999999995,1.4,0.028,0.028,0.0,480.0,0.057,0.0,0.0,0.0,8000.0,1.0,6.4E8,
3.7E-36,0.018,660.0,500.0,2700.0,4700000.0,2500.0,290.0,1000.0,4500.0,2400.0,0.25,4700000.0,0.82,0.038,0.038,0.0,570.0,0.25,0.0,0.0,0.0,8900.0,1.0,6.5E8,
3.6E-36,0.017,660.0,500.0,2700.0,4400000.0,2500.0,290.0,1000.0,4500.0,2400.0,0.24,4400000.0,0.79,0.036,0.036,0.0,570.0,0.24,0.0,0.0,0.0,8800.0,1.0,6.5E8,
3.5E-36,0.017,660.0,500.0,2700.0,4099999.9999999995,2500.0,290.0,1000.0,4500.0,2400.0,0.24,4099999.9999999995,0.76,0.035,0.035,0.0,570.0,0.23,0.0,0.0,0.0,8800.0,1.0,6.5E8,
3.4E-36,0.016,660.0,500.0,2700.0,3799999.9999999995,2500.0,290.0,1000.0,4400.0,2400.0,0.24,3899999.9999999995,0.73,0.034,0.034,0.0,560.0,0.22,0.0,0.0,0.0,8700.0,1.0,6.5E8,
9.1E-36,0.043,63000.0,3500.0,3100.0,4700000.0,2500.0,280.0,1000.0,4400.0,2400.0,0.25,4800000.0,1.8,0.032,0.032,0.0,560.0,0.34,0.0,0.0,0.0,8900.0,1.0,6.6E8,
8.7E-36,0.041,500.0,3500.0,3100.0,4200000.0,2500.0,280.0,1000.0,4400.0,2400.0,0.24,4200000.0,1.7,0.03,0.03,0.0,560.0,0.32,0.0,0.0,0.0,8800.0,1.0,6.5E8,
8.2E-36,0.039,500.0,3500.0,3100.0,3699999.9999999995,2500.0,280.0,1000.0,4400.0,2400.0,0.24,3699999.9999999995,1.6,0.028,0.028,0.0,560.0,0.3,0.0,0.0,0.0,8700.0,1.0,6.5E8,
8.2E-36,0.039,500.0,3500.0,3100.0,3599999.9999999995,2500.0,280.0,1000.0,4400.0,2400.0,0.24,3599999.9999999995,1.6,0.028,0.028,0.0,560.0,0.29,0.0,0.0,0.0,8700.0,1.0,6.5E8,
2.0E-34,0.95,12000.0,110000.0,4000.0,4700000.0,2500.0,280.0,1000.0,4400.0,2400.0,0.25,4900000.0,39.0,0.082,0.082,0.0,570.0,1.1,0.0,0.0,0.0,9100.0,1.0,6.6E8,
2.2E-35,0.1,4500.0,4800.0,4000.0,4600000.0,2500.0,280.0,1000.0,4400.0,2400.0,0.25,4700000.0,4.3,0.034,0.034,0.0,570.0,1.1,0.0,0.0,0.0,9100.0,1.0,6.6E8,
4.6E-35,0.22,4500.0,44000.0,5000.0,4700000.0,2500.0,280.0,1000.0,4400.0,2400.0,0.25,4800000.0,9.7,0.06,0.06,0.0,560.0,1.1,0.0,0.0,0.0,9100.0,1.0,6.6E8,
1.1999999999999999E-35,0.056,4500.0,4200.0,5000.0,4600000.0,2500.0,280.0,1000.0,4400.0,2400.0,0.25,4600000.0,2.5,0.039,0.039,0.0,560.0,1.1,0.0,0.0,0.0,9000.0,1.0,6.6E8,
4.3E-36,0.02,5800.0,2400.0,180.0,4700000.0,2500.0,280.0,1000.0,4400.0,2400.0,0.25,4800000.0,0.87,0.028,0.028,0.0,550.0,0.15,0.0,0.0,0.0,9000.0,1.0,6.6E8,
3.9E-36,0.019,5800.0,2300.0,180.0,4099999.9999999995,2500.0,280.0,1000.0,4400.0,2400.0,0.25,4099999.9999999995,0.8,0.026,0.026,0.0,560.0,0.13,0.0,0.0,0.0,8900.0,1.0,6.6E8,
5.9E-36,0.028,5800.0,270.0,2300.0,4600000.0,2500.0,280.0,1000.0,4400.0,2400.0,0.25,4600000.0,1.1,0.029,0.029,0.0,550.0,0.14,0.0,0.0,0.0,9000.0,1.0,6.6E8,
5.7000000000000006E-36,0.027,5800.0,270.0,2300.0,4300000.0,2500.0,280.0,1000.0,4400.0,2400.0,0.25,4300000.0,1.1,0.028,0.028,0.0,550.0,0.14,0.0,0.0,0.0,8900.0,1.0,6.6E8,
5.5000000000000005E-36,0.026,5800.0,260.0,2200.0,4099999.9999999995,2500.0,280.0,1000.0,4400.0,2400.0,0.25,4099999.9999999995,1.0,0.027,0.027,0.0,560.0,0.13,0.0,0.0,0.0,8900.0,1.0,6.6E8,
5.1000000000000004E-36,0.024,5800.0,260.0,2200.0,3599999.9999999995,2500.0,280.0,1000.0,4400.0,2400.0,0.24,3599999.9999999995,0.98,0.025,0.025,0.0,560.0,0.12,0.0,0.0,0.0,8800.0,1.0,6.5E8,
5.1000000000000004E-36,0.024,5800.0,260.0,2200.0,3599999.9999999995,2500.0,280.0,1000.0,4400.0,2400.0,0.24,3599999.9999999995,0.98,0.025,0.025,0.0,560.0,0.12,0.0,0.0,0.0,8800.0,1.0,6.5E8,
5.1000000000000004E-36,0.024,5800.0,260.0,2200.0,3599999.9999999995,2500.0,280.0,1000.0,4400.0,2400.0,0.24,3599999.9999999995,0.98,0.025,0.025,0.0,560.0,0.12,0.0,0.0,0.0,8800.0,1.0,6.5E8,
5.1000000000000004E-36,0.024,5700.0,260.0,2200.0,3599999.9999999995,2500.0,280.0,1000.0,4400.0,2400.0,0.24,3599999.9999999995,0.97,0.025,0.025,0.0,560.0,0.12,0.0,0.0,0.0,8700.0,1.0,6.5E8,
5.1000000000000004E-36,0.024,5700.0,260.0,2200.0,3599999.9999999995,2500.0,280.0,1000.0,4400.0,2400.0,0.24,3599999.9999999995,0.97,0.025,0.025,0.0,560.0,0.12,0.0,0.0,0.0,8700.0,1.0,6.5E8,
5.1000000000000004E-36,0.024,5700.0,260.0,2200.0,3599999.9999999995,2500.0,280.0,1000.0,4400.0,2400.0,0.24,3599999.9999999995,0.97,0.025,0.025,0.0,550.0,0.12,0.0,0.0,0.0,8700.0,1.0,6.5E8,
5.1000000000000004E-36,0.024,5700.0,260.0,2200.0,3599999.9999999995,2500.0,280.0,1000.0,4400.0,2400.0,0.24,3599999.9999999995,0.97,0.025,0.025,0.0,550.0,0.12,0.0,0.0,0.0,8700.0,1.0,6.5E8,
5.1000000000000004E-36,0.024,5700.0,260.0,2200.0,3599999.9999999995,2500.0,280.0,1000.0,4400.0,2400.0,0.24,3599999.9999999995,0.97,0.025,0.025,0.0,550.0,0.12,0.0,0.0,0.0,8600.0,1.0,6.5E8,
5.1000000000000004E-36,0.024,5700.0,260.0,2200.0,3599999.9999999995,2500.0,280.0,1000.0,4400.0,2400.0,0.24,3599999.9999999995,0.97,0.025,0.025,0.0,550.0,0.12,0.0,0.0,0.0,8600.0,1.0,6.5E8,
5.1000000000000004E-36,0.024,5700.0,260.0,2200.0,3599999.9999999995,2500.0,280.0,1000.0,4400.0,2400.0,0.24,3599999.9999999995,0.97,0.025,0.025,0.0,550.0,0.12,0.0,0.0,0.0,8600.0,1.0,6.5E8,
5.1000000000000004E-36,0.024,5700.0,260.0,2200.0,3599999.9999999995,2500.0,280.0,1000.0,4400.0,2400.0,0.24,3599999.9999999995,0.97,0.025,0.025,0.0,550.0,0.12,0.0,0.0,0.0,8600.0,1.0,6.5E8,
5.1000000000000004E-36,0.024,5700.0,260.0,2200.0,3599999.9999999995,2500.0,280.0,1000.0,4400.0,2400.0,0.24,3599999.9999999995,0.97,0.025,0.025,0.0,540.0,0.12,0.0,0.0,0.0,8500.0,1.0,6.4E8,
5.1000000000000004E-36,0.024,5700.0,260.0,2200.0,3599999.9999999995,2500.0,280.0,1000.0,4400.0,2400.0,0.24,3599999.9999999995,0.97,0.025,0.025,0.0,540.0,0.12,0.0,0.0,0.0,8500.0,1.0,6.4E8,
5.1000000000000004E-36,0.024,5700.0,260.0,2200.0,3599999.9999999995,2500.0,280.0,1000.0,4400.0,2400.0,0.23,3599999.9999999995,0.97,0.025,0.025,0.0,540.0,0.12,0.0,0.0,0.0,8500.0,1.0,6.4E8,
5.9E-35,0.28,22000.0,87000.0,17000.0,4900000.0,13000.0,280.0,1000.0,4400.0,2400.0,0.26,5000000.0,12.0,0.094,0.094,0.0,580.0,0.58,0.0,0.0,0.0,9400.0,1.0,6.6E8,
6.1E-36,0.029,4100.0,2000.0,4300.0,4900000.0,470.0,280.0,1000.0,4400.0,2400.0,0.26,4900000.0,1.3,0.042,0.042,0.0,580.0,0.24,0.0,0.0,0.0,9400.0,1.0,6.6E8,
5.8E-36,0.028,4100.0,2000.0,4300.0,4300000.0,470.0,280.0,1000.0,4400.0,2400.0,0.26,4300000.0,1.2,0.039,0.039,0.0,570.0,0.23,0.0,0.0,0.0,9300.0,1.0,6.6E8,
5.7000000000000006E-36,0.027,4100.0,2000.0,4300.0,4099999.9999999995,470.0,280.0,1000.0,4400.0,2400.0,0.25,4099999.9999999995,1.2,0.038,0.038,0.0,560.0,0.22,0.0,0.0,0.0,9200.0,1.0,6.6E8,
5.6E-36,0.026,4100.0,2000.0,4300.0,3899999.9999999995,470.0,280.0,1000.0,4400.0,2400.0,0.25,3899999.9999999995,1.1,0.036,0.036,0.0,550.0,0.22,0.0,0.0,0.0,9100.0,1.0,6.5E8,
2.0E-35,0.097,5500.0,26000.0,4600.0,4800000.0,470.0,280.0,1000.0,4300.0,2400.0,0.26,4900000.0,4.2,0.051,0.051,0.0,570.0,0.24,0.0,0.0,0.0,9300.0,1.0,6.6E8,
6.2E-36,0.029,6100.0,2800.0,2900.0,4800000.0,470.0,280.0,1000.0,4300.0,2400.0,0.26,4800000.0,1.3,0.036,0.036,0.0,570.0,0.11,0.0,0.0,0.0,9300.0,1.0,6.6E8,
6.0E-36,0.029,6100.0,2800.0,2900.0,4500000.0,460.0,280.0,1000.0,4300.0,2400.0,0.26,4600000.0,1.3,0.034,0.034,0.0,570.0,0.11,0.0,0.0,0.0,9200.0,1.0,6.6E8,
5.8E-36,0.028,6100.0,2700.0,2900.0,4300000.0,460.0,280.0,1000.0,4300.0,2400.0,0.25,4300000.0,1.2,0.033,0.033,0.0,570.0,0.1,0.0,0.0,0.0,9200.0,1.0,6.6E8,
5.7000000000000006E-36,0.027,6100.0,2700.0,2900.0,3999999.9999999995,460.0,280.0,1000.0,4300.0,2400.0,0.25,3999999.9999999995,1.2,0.032,0.032,0.0,570.0,0.098,0.0,0.0,0.0,9100.0,1.0,6.6E8,
4.8E-36,0.023,1300.0,3700.0,3000.0,4700000.0,460.0,280.0,1000.0,4300.0,2400.0,0.27,4700000.0,1.0,0.029,0.029,0.0,600.0,0.24,0.0,0.0,0.0,9700.0,1.0,6.7E8,
4.8E-36,0.023,1300.0,3700.0,3000.0,4600000.0,460.0,280.0,1000.0,4300.0,2400.0,0.27,4600000.0,1.0,0.029,0.029,0.0,600.0,0.24,0.0,0.0,0.0,9700.0,1.0,6.7E8,
4.7E-36,0.022,1300.0,3700.0,3000.0,4300000.0,460.0,280.0,1000.0,4300.0,2400.0,0.27,4300000.0,0.98,0.028,0.028,0.0,570.0,0.23,0.0,0.0,0.0,9600.0,1.0,6.6E8,
4.4E-36,0.021,1300.0,3700.0,3000.0,3599999.9999999995,460.0,280.0,1000.0,4300.0,2400.0,0.26,3699999.9999999995,0.93,0.025,0.025,0.0,560.0,0.21,0.0,0.0,0.0,9500.0,1.0,6.6E8,
4.4E-36,0.021,1300.0,3700.0,3000.0,3599999.9999999995,460.0,280.0,1000.0,4300.0,2400.0,0.26,3699999.9999999995,0.93,0.025,0.025,0.0,560.0,0.21,0.0,0.0,0.0,9500.0,1.0,6.6E8,
4.4E-36,0.021,1300.0,3700.0,3000.0,3599999.9999999995,460.0,280.0,1000.0,4300.0,2400.0,0.26,3699999.9999999995,0.93,0.025,0.025,0.0,550.0,0.21,0.0,0.0,0.0,9400.0,1.0,6.6E8,
4.4E-36,0.021,1300.0,3700.0,3000.0,3599999.9999999995,460.0,280.0,1000.0,4300.0,2400.0,0.26,3699999.9999999995,0.93,0.025,0.025,0.0,550.0,0.21,0.0,0.0,0.0,9400.0,1.0,6.6E8,
4.4E-36,0.021,1300.0,3700.0,3000.0,3599999.9999999995,460.0,280.0,1000.0,4300.0,2400.0,0.26,3699999.9999999995,0.93,0.025,0.025,0.0,540.0,0.21,0.0,0.0,0.0,9400.0,1.0,6.6E8,
4.4E-36,0.021,1300.0,3700.0,3000.0,3599999.9999999995,460.0,280.0,1000.0,4300.0,2400.0,0.26,3699999.9999999995,0.93,0.025,0.025,0.0,540.0,0.21,0.0,0.0,0.0,9300.0,1.0,6.6E8,
4.4E-36,0.021,1300.0,3700.0,3000.0,3599999.9999999995,460.0,280.0,1000.0,4300.0,2400.0,0.26,3699999.9999999995,0.93,0.025,0.025,0.0,540.0,0.21,0.0,0.0,0.0,9300.0,1.0,6.6E8,
4.4E-36,0.021,1300.0,3700.0,3000.0,3599999.9999999995,460.0,280.0,1000.0,4300.0,2400.0,0.26,3699999.9999999995,0.93,0.025,0.025,0.0,530.0,0.21,0.0,0.0,0.0,9300.0,1.0,6.6E8,
4.4E-36,0.021,1300.0,3700.0,3000.0,3599999.9999999995,460.0,280.0,1000.0,4300.0,2400.0,0.26,3699999.9999999995,0.93,0.025,0.025,0.0,530.0,0.21,0.0,0.0,0.0,9200.0,1.0,6.6E8,
4.4E-36,0.021,1300.0,3700.0,3000.0,3599999.9999999995,460.0,280.0,1000.0,4300.0,2400.0,0.26,3699999.9999999995,0.93,0.025,0.025,0.0,530.0,0.21,0.0,0.0,0.0,9200.0,1.0,6.6E8,
4.4E-36,0.021,1300.0,3700.0,3000.0,3599999.9999999995,460.0,280.0,1000.0,4300.0,2400.0,0.26,3699999.9999999995,0.93,0.025,0.025,0.0,530.0,0.21,0.0,0.0,0.0,9200.0,1.0,6.6E8,
4.4E-36,0.021,1300.0,3700.0,3000.0,3599999.9999999995,460.0,280.0,1000.0,4300.0,2400.0,0.25,3699999.9999999995,0.93,0.025,0.025,0.0,520.0,0.21,0.0,0.0,0.0,9200.0,1.0,6.6E8,
4.4E-36,0.021,1300.0,3700.0,3000.0,3599999.9999999995,460.0,280.0,1000.0,4300.0,2400.0,0.25,3699999.9999999995,0.93,0.025,0.025,0.0,520.0,0.21,0.0,0.0,0.0,9100.0,1.0,6.6E8,
4.4E-36,0.021,1300.0,3700.0,3000.0,3599999.9999999995,460.0,280.0,1000.0,4300.0,2400.0,0.25,3699999.9999999995,0.93,0.025,0.025,0.0,510.0,0.21,0.0,0.0,0.0,9100.0,1.0,6.6E8,
4.4E-36,0.021,1300.0,3700.0,3000.0,3599999.9999999995,460.0,280.0,1000.0,4300.0,2400.0,0.25,3699999.9999999995,0.93,0.025,0.025,0.0,500.0,0.21,0.0,0.0,0.0,9000.0,1.0,6.6E8,
4.4E-36,0.021,1300.0,3700.0,3000.0,3599999.9999999995,460.0,280.0,1000.0,4300.0,2400.0,0.25,3599999.9999999995,0.93,0.025,0.025,0.0,490.0,0.21,0.0,0.0,0.0,9000.0,1.0,6.5E8,
4.4E-36,0.021,1300.0,3700.0,3000.0,3599999.9999999995,460.0,280.0,1000.0,4300.0,2400.0,0.25,3599999.9999999995,0.93,0.025,0.025,0.0,490.0,0.21,0.0,0.0,0.0,9000.0,1.0,6.5E8,
4.4E-36,0.021,1300.0,3700.0,3000.0,3599999.9999999995,460.0,280.0,1000.0,4300.0,2400.0,0.25,3599999.9999999995,0.93,0.025,0.025,0.0,490.0,0.21,0.0,0.0,0.0,8900.0,1.0,6.5E8,
4.6E-35,0.22,3200.0,68000.0,4200.0,4900000.0,460.0,270.0,1000.0,4300.0,2300.0,0.26,4900000.0,9.5,0.055,0.055,0.0,540.0,0.66,0.0,0.0,0.0,9400.0,1.0,6.7E8,
4.0999999999999997E-35,0.2,3200.0,60000.0,4200.0,4900000.0,460.0,270.0,1000.0,4300.0,2300.0,0.26,4900000.0,8.5,0.052,0.052,0.0,530.0,0.66,0.0,0.0,0.0,9300.0,1.0,6.7E8,
6.8E-36,0.032,3200.0,2700.0,4200.0,4500000.0,460.0,270.0,1000.0,4300.0,2300.0,0.26,4500000.0,1.4,0.029,0.029,0.0,530.0,0.63,0.0,0.0,0.0,9300.0,1.0,6.7E8,
6.6E-36,0.031,3200.0,2700.0,4200.0,4099999.9999999995,460.0,270.0,1000.0,4300.0,2300.0,0.26,4200000.0,1.4,0.027,0.027,0.0,540.0,0.61,0.0,0.0,0.0,9200.0,1.0,6.6E8,
6.4E-36,0.031,3200.0,2700.0,4200.0,3899999.9999999995,460.0,270.0,1000.0,4300.0,2300.0,0.25,3999999.9999999995,1.3,0.027,0.027,0.0,530.0,0.59,0.0,0.0,0.0,9100.0,1.0,6.6E8,
6.4E-36,0.03,3200.0,2700.0,4200.0,3799999.9999999995,460.0,270.0,1000.0,4300.0,2300.0,0.25,3799999.9999999995,1.3,0.026,0.026,0.0,530.0,0.58,0.0,0.0,0.0,9100.0,1.0,6.6E8,
6.300000000000001E-36,0.03,3200.0,2700.0,4200.0,3599999.9999999995,460.0,270.0,1000.0,4300.0,2300.0,0.25,3699999.9999999995,1.3,0.025,0.025,0.0,530.0,0.57,0.0,0.0,0.0,9000.0,1.0,6.6E8,
6.300000000000001E-36,0.03,3200.0,2700.0,4200.0,3599999.9999999995,460.0,270.0,1000.0,4300.0,2300.0,0.25,3699999.9999999995,1.3,0.025,0.025,0.0,530.0,0.57,0.0,0.0,0.0,9000.0,1.0,6.6E8,
6.300000000000001E-36,0.03,3200.0,2700.0,4200.0,3599999.9999999995,460.0,270.0,1000.0,4300.0,2300.0,0.25,3699999.9999999995,1.3,0.025,0.025,0.0,520.0,0.57,0.0,0.0,0.0,9000.0,1.0,6.6E8,
6.300000000000001E-36,0.03,3200.0,2700.0,4200.0,3599999.9999999995,460.0,270.0,1000.0,4300.0,2300.0,0.25,3699999.9999999995,1.3,0.025,0.025,0.0,520.0,0.57,0.0,0.0,0.0,8900.0,1.0,6.6E8,
6.300000000000001E-36,0.03,3200.0,2700.0,4200.0,3599999.9999999995,460.0,270.0,1000.0,4300.0,2300.0,0.25,3699999.9999999995,1.3,0.025,0.025,0.0,520.0,0.57,0.0,0.0,0.0,8900.0,1.0,6.6E8,
6.300000000000001E-36,0.03,3200.0,2700.0,4200.0,3599999.9999999995,460.0,270.0,1000.0,4300.0,2300.0,0.25,3699999.9999999995,1.3,0.025,0.025,0.0,520.0,0.57,0.0,0.0,0.0,8900.0,1.0,6.6E8,
6.300000000000001E-36,0.03,3200.0,2700.0,4200.0,3599999.9999999995,460.0,270.0,1000.0,4300.0,2300.0,0.25,3699999.9999999995,1.3,0.025,0.025,0.0,520.0,0.57,0.0,0.0,0.0,8900.0,1.0,6.6E8,
6.300000000000001E-36,0.03,3200.0,2700.0,4200.0,3599999.9999999995,460.0,270.0,1000.0,4300.0,2300.0,0.25,3699999.9999999995,1.3,0.025,0.025,0.0,510.0,0.57,0.0,0.0,0.0,8800.0,1.0,6.6E8,
6.300000000000001E-36,0.03,3200.0,2700.0,4200.0,3599999.9999999995,460.0,270.0,1000.0,4300.0,2300.0,0.25,3699999.9999999995,1.3,0.025,0.025,0.0,510.0,0.57,0.0,0.0,0.0,8800.0,1.0,6.6E8,
6.6E-36,0.032,6600.0,4700.0,1700.0,4700000.0,460.0,270.0,1000.0,4300.0,2300.0,0.25,4700000.0,1.4,0.044,0.044,0.0,530.0,0.19,0.0,0.0,0.0,9000.0,1.0,6.7E8,
6.5E-36,0.031,6600.0,4700.0,1700.0,4500000.0,460.0,270.0,1000.0,4300.0,2300.0,0.25,4500000.0,1.4,0.043,0.043,0.0,520.0,0.18,0.0,0.0,0.0,8900.0,1.0,6.7E8,
6.300000000000001E-36,0.03,6600.0,4700.0,1700.0,4200000.0,460.0,270.0,1000.0,4200.0,2300.0,0.25,4200000.0,1.3,0.041,0.041,0.0,530.0,0.17,0.0,0.0,0.0,8900.0,1.0,6.7E8,
6.1E-36,0.029,6600.0,4700.0,1700.0,3899999.9999999995,450.0,270.0,990.0,4200.0,2300.0,0.24,3999999.9999999995,1.3,0.04,0.04,0.0,530.0,0.17,0.0,0.0,0.0,8800.0,1.0,6.6E8,
5.9E-36,0.028,6600.0,4700.0,1700.0,3699999.9999999995,450.0,270.0,990.0,4200.0,2300.0,0.24,3699999.9999999995,1.3,0.038,0.038,0.0,530.0,0.16,0.0,0.0,0.0,8700.0,1.0,6.6E8,
5.9E-36,0.028,6600.0,4700.0,1700.0,3699999.9999999995,450.0,270.0,990.0,4200.0,2300.0,0.24,3699999.9999999995,1.3,0.038,0.038,0.0,530.0,0.16,0.0,0.0,0.0,8700.0,1.0,6.6E8,
5.9E-36,0.028,6600.0,4700.0,1700.0,3699999.9999999995,450.0,270.0,990.0,4200.0,2300.0,0.24,3699999.9999999995,1.3,0.038,0.038,0.0,530.0,0.16,0.0,0.0,0.0,8700.0,1.0,6.6E8,
5.9E-36,0.028,6600.0,4700.0,1700.0,3699999.9999999995,450.0,270.0,990.0,4200.0,2300.0,0.24,3699999.9999999995,1.3,0.038,0.038,0.0,520.0,0.16,0.0,0.0,0.0,8700.0,1.0,6.6E8,
5.9E-36,0.028,6600.0,4700.0,1700.0,3699999.9999999995,450.0,270.0,990.0,4200.0,2300.0,0.24,3699999.9999999995,1.3,0.038,0.038,0.0,520.0,0.16,0.0,0.0,0.0,8700.0,1.0,6.6E8,
5.9E-36,0.028,6600.0,4700.0,1700.0,3699999.9999999995,450.0,270.0,990.0,4200.0,2300.0,0.24,3699999.9999999995,1.3,0.038,0.038,0.0,510.0,0.16,0.0,0.0,0.0,8600.0,1.0,6.6E8,
5.9E-36,0.028,6600.0,4700.0,1700.0,3699999.9999999995,450.0,270.0,990.0,4200.0,2300.0,0.24,3699999.9999999995,1.3,0.038,0.038,0.0,510.0,0.16,0.0,0.0,0.0,8600.0,1.0,6.6E8,
5.9E-36,0.028,6600.0,4700.0,1700.0,3699999.9999999995,450.0,270.0,990.0,4200.0,2300.0,0.24,3699999.9999999995,1.3,0.038,0.038,0.0,510.0,0.16,0.0,0.0,0.0,8600.0,1.0,6.6E8,
5.9E-36,0.028,6600.0,4700.0,1700.0,3699999.9999999995,450.0,270.0,990.0,4200.0,2300.0,0.24,3699999.9999999995,1.3,0.038,0.038,0.0,510.0,0.16,0.0,0.0,0.0,8600.0,1.0,6.6E8,
5.9E-36,0.028,6600.0,4700.0,1700.0,3699999.9999999995,450.0,270.0,990.0,4200.0,2300.0,0.24,3699999.9999999995,1.3,0.038,0.038,0.0,500.0,0.16,0.0,0.0,0.0,8500.0,1.0,6.6E8,
5.9E-36,0.028,6600.0,4700.0,1700.0,3699999.9999999995,450.0,270.0,990.0,4200.0,2300.0,0.24,3699999.9999999995,1.3,0.038,0.038,0.0,500.0,0.16,0.0,0.0,0.0,8500.0,1.0,6.6E8,
5.9E-36,0.028,6600.0,4700.0,1700.0,3699999.9999999995,450.0,270.0,990.0,4200.0,2300.0,0.23,3699999.9999999995,1.3,0.038,0.038,0.0,500.0,0.16,0.0,0.0,0.0,8500.0,1.0,6.6E8,
5.9E-36,0.028,6600.0,4700.0,1700.0,3699999.9999999995,450.0,270.0,990.0,4200.0,2300.0,0.23,3699999.9999999995,1.3,0.038,0.038,0.0,500.0,0.16,0.0,0.0,0.0,8400.0,1.0,6.6E8,
5.9E-36,0.028,6600.0,4700.0,1700.0,3699999.9999999995,450.0,270.0,990.0,4200.0,2300.0,0.23,3699999.9999999995,1.3,0.038,0.038,0.0,500.0,0.16,0.0,0.0,0.0,8400.0,1.0,6.6E8,
5.9E-36,0.028,6600.0,4700.0,1700.0,3699999.9999999995,450.0,270.0,990.0,4200.0,2300.0,0.23,3699999.9999999995,1.3,0.038,0.038,0.0,500.0,0.16,0.0,0.0,0.0,8400.0,1.0,6.6E8,
5.9E-36,0.028,6600.0,4700.0,1700.0,3699999.9999999995,450.0,270.0,990.0,4200.0,2300.0,0.23,3699999.9999999995,1.3,0.038,0.038,0.0,490.0,0.16,0.0,0.0,0.0,8400.0,1.0,6.6E8,
5.9E-36,0.028,6600.0,4700.0,1700.0,3699999.9999999995,450.0,270.0,990.0,4200.0,2300.0,0.23,3699999.9999999995,1.3,0.038,0.038,0.0,490.0,0.16,0.0,0.0,0.0,8400.0,1.0,6.6E8,
4.2999999999999996E-35,0.2,15000.0,51000.0,11000.0,4700000.0,3500.0,270.0,990.0,6900.0,38000.0,0.24,4800000.0,9.6,0.39,0.39,0.0,520.0,0.25,0.0,0.0,0.0,8600.0,1.0,6.7E8,
7.5E-36,0.036,2800.0,3400.0,3800.0,4600000.0,3500.0,270.0,990.0,6900.0,4900.0,0.23,4600000.0,1.7,0.082,0.082,0.0,510.0,0.13,0.0,0.0,0.0,8500.0,1.0,6.7E8,
7.4E-36,0.035,2800.0,3300.0,3800.0,4400000.0,3500.0,270.0,990.0,6900.0,4900.0,0.23,4500000.0,1.7,0.081,0.081,0.0,510.0,0.13,0.0,0.0,0.0,8500.0,1.0,6.7E8,
5.8E-36,0.028,2800.0,4000.0,1000.0,4700000.0,3500.0,270.0,990.0,6900.0,4900.0,0.23,4700000.0,1.2,0.084,0.084,0.0,510.0,0.041,0.0,0.0,0.0,8500.0,1.0,6.7E8,
5.6E-36,0.027,2800.0,4000.0,1000.0,4400000.0,3500.0,270.0,990.0,6900.0,4900.0,0.23,4400000.0,1.2,0.082,0.082,0.0,500.0,0.038,0.0,0.0,0.0,8400.0,1.0,6.7E8,
5.3000000000000005E-36,0.025,2800.0,4000.0,1000.0,3799999.9999999995,3500.0,270.0,990.0,6900.0,4900.0,0.23,3799999.9999999995,1.1,0.077,0.077,0.0,500.0,0.034,0.0,0.0,0.0,8300.0,1.0,6.6E8,
5.2E-36,0.025,2800.0,4000.0,1000.0,3699999.9999999995,3500.0,270.0,980.0,6900.0,4900.0,0.23,3699999.9999999995,1.1,0.076,0.076,0.0,500.0,0.033,0.0,0.0,0.0,8200.0,1.0,6.6E8,
5.2E-36,0.025,2800.0,4000.0,1000.0,3699999.9999999995,3500.0,270.0,980.0,6900.0,4900.0,0.22,3699999.9999999995,1.1,0.076,0.076,0.0,500.0,0.033,0.0,0.0,0.0,8200.0,1.0,6.6E8,
5.2E-36,0.025,2800.0,4000.0,1000.0,3699999.9999999995,3500.0,270.0,980.0,6900.0,4900.0,0.22,3699999.9999999995,1.1,0.076,0.076,0.0,500.0,0.033,0.0,0.0,0.0,8200.0,1.0,6.6E8,
5.2E-36,0.025,2800.0,4000.0,1000.0,3699999.9999999995,3500.0,270.0,980.0,6900.0,4900.0,0.22,3699999.9999999995,1.1,0.076,0.076,0.0,500.0,0.033,0.0,0.0,0.0,8200.0,1.0,6.6E8,
5.2E-36,0.025,2800.0,4000.0,1000.0,3699999.9999999995,3500.0,270.0,980.0,6900.0,4900.0,0.22,3699999.9999999995,1.1,0.076,0.076,0.0,500.0,0.033,0.0,0.0,0.0,8100.0,1.0,6.6E8,
5.2E-36,0.025,2800.0,4000.0,1000.0,3699999.9999999995,3500.0,270.0,980.0,6900.0,4900.0,0.22,3699999.9999999995,1.1,0.076,0.076,0.0,500.0,0.033,0.0,0.0,0.0,8100.0,1.0,6.6E8,
5.2E-36,0.025,2800.0,4000.0,1000.0,3699999.9999999995,3500.0,270.0,980.0,6900.0,4900.0,0.22,3699999.9999999995,1.1,0.076,0.076,0.0,500.0,0.033,0.0,0.0,0.0,8100.0,1.0,6.6E8,
5.2E-36,0.025,2800.0,4000.0,1000.0,3699999.9999999995,3500.0,270.0,980.0,6900.0,4900.0,0.22,3699999.9999999995,1.1,0.076,0.076,0.0,490.0,0.033,0.0,0.0,0.0,8000.0,1.0,6.6E8,
5.2E-36,0.025,2800.0,4000.0,1000.0,3699999.9999999995,3500.0,270.0,980.0,6900.0,4900.0,0.22,3699999.9999999995,1.1,0.076,0.076,0.0,490.0,0.033,0.0,0.0,0.0,8000.0,1.0,6.6E8,
5.2E-36,0.025,2800.0,4000.0,1000.0,3699999.9999999995,3500.0,270.0,980.0,6900.0,4900.0,0.22,3699999.9999999995,1.1,0.076,0.076,0.0,490.0,0.033,0.0,0.0,0.0,8000.0,1.0,6.6E8,
5.2E-36,0.025,2800.0,4000.0,1000.0,3699999.9999999995,3500.0,270.0,980.0,6900.0,4900.0,0.22,3699999.9999999995,1.1,0.076,0.076,0.0,490.0,0.033,0.0,0.0,0.0,8000.0,1.0,6.6E8,
5.2E-36,0.025,2800.0,4000.0,1000.0,3699999.9999999995,3500.0,270.0,980.0,6900.0,4900.0,0.22,3699999.9999999995,1.1,0.076,0.076,0.0,490.0,0.033,0.0,0.0,0.0,7900.0,1.0,6.6E8,
5.2E-36,0.025,2800.0,4000.0,1000.0,3699999.9999999995,3500.0,270.0,980.0,6900.0,4900.0,0.22,3699999.9999999995,1.1,0.076,0.076,0.0,490.0,0.033,0.0,0.0,0.0,7900.0,1.0,6.6E8,
5.2E-36,0.025,2800.0,4000.0,1000.0,3699999.9999999995,3500.0,270.0,980.0,6900.0,4900.0,0.22,3699999.9999999995,1.1,0.076,0.076,0.0,480.0,0.033,0.0,0.0,0.0,7900.0,1.0,6.6E8,
5.2E-36,0.025,2800.0,4000.0,1000.0,3699999.9999999995,3500.0,270.0,980.0,6900.0,4900.0,0.22,3699999.9999999995,1.1,0.076,0.076,0.0,480.0,0.033,0.0,0.0,0.0,7900.0,1.0,6.6E8,
5.2E-36,0.025,2800.0,4000.0,1000.0,3699999.9999999995,3500.0,270.0,980.0,6900.0,4900.0,0.22,3699999.9999999995,1.1,0.076,0.076,0.0,480.0,0.033,0.0,0.0,0.0,7900.0,1.0,6.6E8,
5.2E-36,0.025,2800.0,4000.0,1000.0,3699999.9999999995,3500.0,270.0,980.0,6900.0,4900.0,0.22,3699999.9999999995,1.1,0.076,0.076,0.0,470.0,0.033,0.0,0.0,0.0,7800.0,1.0,6.6E8,
5.2E-36,0.025,2800.0,4000.0,1000.0,3599999.9999999995,3400.0,270.0,980.0,6900.0,4900.0,0.21,3699999.9999999995,1.1,0.075,0.075,0.0,470.0,0.033,0.0,0.0,0.0,7800.0,1.0,6.6E8,
5.2E-36,0.025,2800.0,4000.0,1000.0,3599999.9999999995,3400.0,270.0,980.0,6900.0,4900.0,0.21,3699999.9999999995,1.1,0.075,0.075,0.0,470.0,0.033,0.0,0.0,0.0,7800.0,1.0,6.6E8,
5.2E-36,0.025,2800.0,4000.0,1000.0,3599999.9999999995,3400.0,270.0,980.0,6900.0,4900.0,0.21,3699999.9999999995,1.1,0.075,0.075,0.0,470.0,0.033,0.0,0.0,0.0,7800.0,1.0,6.6E8,
5.2E-36,0.025,2800.0,4000.0,1000.0,3599999.9999999995,3400.0,270.0,980.0,6900.0,4900.0,0.21,3699999.9999999995,1.1,0.075,0.075,0.0,470.0,0.033,0.0,0.0,0.0,7700.0,1.0,6.6E8,
5.2E-36,0.025,2800.0,4000.0,1000.0,3599999.9999999995,3400.0,270.0,980.0,6900.0,4900.0,0.21,3699999.9999999995,1.1,0.075,0.075,0.0,460.0,0.033,0.0,0.0,0.0,7700.0,1.0,6.6E8,
5.2E-36,0.025,2800.0,4000.0,1000.0,3599999.9999999995,3400.0,270.0,980.0,6900.0,4900.0,0.21,3699999.9999999995,1.1,0.075,0.075,0.0,460.0,0.033,0.0,0.0,0.0,7700.0,1.0,6.6E8,
5.2E-36,0.025,2800.0,4000.0,1000.0,3599999.9999999995,3400.0,270.0,980.0,6900.0,4900.0,0.21,3699999.9999999995,1.1,0.075,0.075,0.0,450.0,0.033,0.0,0.0,0.0,7700.0,1.0,6.6E8,
5.2E-36,0.025,2800.0,4000.0,1000.0,3599999.9999999995,3400.0,270.0,980.0,6900.0,4900.0,0.21,3699999.9999999995,1.1,0.075,0.075,0.0,440.0,0.033,0.0,0.0,0.0,7700.0,1.0,6.6E8,
5.2E-36,0.025,2800.0,4000.0,1000.0,3599999.9999999995,3400.0,270.0,980.0,6900.0,4900.0,0.21,3699999.9999999995,1.1,0.075,0.075,0.0,440.0,0.033,0.0,0.0,0.0,7600.0,1.0,6.6E8,
5.2E-36,0.025,2800.0,4000.0,1000.0,3599999.9999999995,3400.0,270.0,980.0,6900.0,4900.0,0.21,3699999.9999999995,1.1,0.075,0.075,0.0,440.0,0.033,0.0,0.0,0.0,7600.0,1.0,6.6E8,
5.2E-36,0.025,2800.0,4000.0,1000.0,3599999.9999999995,3400.0,270.0,980.0,6900.0,4900.0,0.21,3699999.9999999995,1.1,0.075,0.075,0.0,430.0,0.033,0.0,0.0,0.0,7600.0,1.0,6.6E8,
5.2E-36,0.025,2800.0,4000.0,1000.0,3599999.9999999995,3400.0,270.0,980.0,6900.0,4900.0,0.21,3699999.9999999995,1.1,0.075,0.075,0.0,430.0,0.033,0.0,0.0,0.0,7600.0,1.0,6.6E8,
5.2E-36,0.025,2800.0,4000.0,1000.0,3599999.9999999995,3400.0,270.0,980.0,6900.0,4900.0,0.21,3699999.9999999995,1.1,0.075,0.075,0.0,420.0,0.033,0.0,0.0,0.0,7500.0,1.0,6.6E8,
5.2E-36,0.025,2700.0,4000.0,1000.0,3599999.9999999995,3400.0,270.0,980.0,6900.0,4900.0,0.21,3599999.9999999995,1.1,0.075,0.075,0.0,420.0,0.033,0.0,0.0,0.0,7500.0,1.0,6.5E8,
5.2E-36,0.025,2700.0,4000.0,1000.0,3599999.9999999995,3400.0,270.0,980.0,6900.0,4900.0,0.21,3599999.9999999995,1.1,0.075,0.075,0.0,420.0,0.033,0.0,0.0,0.0,7500.0,1.0,6.5E8,
5.2E-36,0.025,2700.0,4000.0,1000.0,3599999.9999999995,3400.0,270.0,980.0,6900.0,4900.0,0.21,3599999.9999999995,1.1,0.075,0.075,0.0,420.0,0.033,0.0,0.0,0.0,7500.0,1.0,6.5E8,
5.2E-36,0.025,2700.0,4000.0,1000.0,3599999.9999999995,3400.0,270.0,980.0,6900.0,4900.0,0.2,3599999.9999999995,1.1,0.075,0.075,0.0,420.0,0.033,0.0,0.0,0.0,7500.0,1.0,6.5E8,
5.2E-36,0.025,2700.0,4000.0,1000.0,3599999.9999999995,3400.0,270.0,980.0,6900.0,4900.0,0.2,3599999.9999999995,1.1,0.075,0.075,0.0,420.0,0.033,0.0,0.0,0.0,7500.0,1.0,6.5E8,
5.2E-36,0.025,2700.0,4000.0,1000.0,3599999.9999999995,3400.0,270.0,980.0,6900.0,4900.0,0.2,3599999.9999999995,1.1,0.075,0.075,0.0,420.0,0.033,0.0,0.0,0.0,7400.0,1.0,6.5E8,
5.2E-36,0.025,2700.0,4000.0,1000.0,3599999.9999999995,3400.0,270.0,980.0,6900.0,4900.0,0.2,3599999.9999999995,1.1,0.075,0.075,0.0,420.0,0.033,0.0,0.0,0.0,7400.0,1.0,6.5E8,
5.2E-36,0.025,2700.0,4000.0,1000.0,3599999.9999999995,3400.0,270.0,980.0,6900.0,4900.0,0.2,3599999.9999999995,1.1,0.075,0.075,0.0,420.0,0.033,0.0,0.0,0.0,7400.0,1.0,6.5E8,
5.2E-36,0.025,2700.0,4000.0,1000.0,3599999.9999999995,3400.0,270.0,980.0,6900.0,4900.0,0.2,3599999.9999999995,1.1,0.075,0.075,0.0,420.0,0.033,0.0,0.0,0.0,7400.0,1.0,6.5E8,
5.2E-36,0.025,2700.0,4000.0,1000.0,3599999.9999999995,3400.0,270.0,980.0,6900.0,4900.0,0.2,3599999.9999999995,1.1,0.075,0.075,0.0,420.0,0.033,0.0,0.0,0.0,7300.0,1.0,6.5E8,
5.2E-36,0.025,2700.0,4000.0,1000.0,3599999.9999999995,3400.0,270.0,980.0,6900.0,4900.0,0.2,3599999.9999999995,1.1,0.075,0.075,0.0,410.0,0.033,0.0,0.0,0.0,7300.0,1.0,6.5E8,
5.2E-36,0.025,2700.0,4000.0,1000.0,3599999.9999999995,3400.0,270.0,980.0,6900.0,4900.0,0.2,3599999.9999999995,1.1,0.075,0.075,0.0,400.0,0.033,0.0,0.0,0.0,7300.0,1.0,6.5E8,
5.2E-36,0.025,2700.0,4000.0,1000.0,3599999.9999999995,3400.0,270.0,980.0,6900.0,4900.0,0.2,3599999.9999999995,1.1,0.075,0.075,0.0,400.0,0.033,0.0,0.0,0.0,7300.0,1.0,6.5E8,
5.2E-36,0.025,2700.0,4000.0,1000.0,3599999.9999999995,3400.0,270.0,980.0,6900.0,4900.0,0.2,3599999.9999999995,1.1,0.075,0.075,0.0,390.0,0.033,0.0,0.0,0.0,7300.0,1.0,6.5E8,
5.2E-36,0.025,2700.0,4000.0,1000.0,3599999.9999999995,3400.0,270.0,980.0,6900.0,4900.0,0.2,3599999.9999999995,1.1,0.075,0.075,0.0,390.0,0.033,0.0,0.0,0.0,7200.0,1.0,6.4E8,
5.2E-36,0.025,2700.0,4000.0,1000.0,3599999.9999999995,3400.0,270.0,980.0,6900.0,4900.0,0.2,3599999.9999999995,1.1,0.075,0.075,0.0,380.0,0.033,0.0,0.0,0.0,7200.0,1.0,6.4E8,
5.2E-36,0.025,2700.0,4000.0,1000.0,3599999.9999999995,3400.0,270.0,980.0,6900.0,4900.0,0.2,3599999.9999999995,1.1,0.075,0.075,0.0,380.0,0.033,0.0,0.0,0.0,7200.0,1.0,6.4E8,
5.2E-36,0.025,2700.0,4000.0,1000.0,3599999.9999999995,3400.0,270.0,980.0,6900.0,4900.0,0.2,3599999.9999999995,1.1,0.075,0.075,0.0,380.0,0.033,0.0,0.0,0.0,7200.0,1.0,6.4E8,
5.2E-36,0.025,2700.0,4000.0,1000.0,3599999.9999999995,3400.0,270.0,980.0,6900.0,4900.0,0.2,3599999.9999999995,1.1,0.075,0.075,0.0,380.0,0.033,0.0,0.0,0.0,7200.0,1.0,6.4E8,
5.2E-36,0.025,2700.0,4000.0,1000.0,3599999.9999999995,3400.0,270.0,980.0,6900.0,4900.0,0.2,3599999.9999999995,1.1,0.075,0.075,0.0,380.0,0.033,0.0,0.0,0.0,7100.0,1.0,6.4E8,
5.2E-36,0.025,2700.0,4000.0,1000.0,3599999.9999999995,3400.0,270.0,980.0,6900.0,4900.0,0.2,3599999.9999999995,1.1,0.075,0.075,0.0,380.0,0.033,0.0,0.0,0.0,7100.0,1.0,6.4E8,
5.2E-36,0.025,2700.0,4000.0,1000.0,3599999.9999999995,3400.0,270.0,980.0,6900.0,4900.0,0.2,3599999.9999999995,1.1,0.075,0.075,0.0,380.0,0.033,0.0,0.0,0.0,7100.0,1.0,6.4E8,
5.2E-36,0.025,2700.0,4000.0,1000.0,3599999.9999999995,3400.0,270.0,980.0,6900.0,4900.0,0.19,3599999.9999999995,1.1,0.075,0.075,0.0,380.0,0.033,0.0,0.0,0.0,7100.0,1.0,6.4E8,
7.5E-36,0.036,3800.0,4700.0,3500.0,4200000.0,4900.0,270.0,980.0,6900.0,4900.0,0.2,4200000.0,1.8,0.069,0.069,0.0,430.0,0.078,0.0,0.0,0.0,7400.0,1.0,6.5E8,
7.4E-36,0.035,3800.0,4700.0,3500.0,3999999.9999999995,4900.0,270.0,980.0,6800.0,4900.0,0.2,4099999.9999999995,1.7,0.068,0.068,0.0,430.0,0.076,0.0,0.0,0.0,7400.0,1.0,6.5E8,
7.2E-36,0.034,3800.0,4700.0,3500.0,3699999.9999999995,4900.0,270.0,970.0,6800.0,4900.0,0.2,3699999.9999999995,1.7,0.066,0.066,0.0,430.0,0.073,0.0,0.0,0.0,7300.0,1.0,6.5E8,
7.100000000000001E-36,0.034,3800.0,4700.0,3500.0,3599999.9999999995,4900.0,270.0,970.0,6800.0,4900.0,0.2,3599999.9999999995,1.7,0.065,0.065,0.0,430.0,0.072,0.0,0.0,0.0,7300.0,1.0,6.5E8,
7.100000000000001E-36,0.034,3800.0,4700.0,3500.0,3599999.9999999995,4900.0,270.0,970.0,6800.0,4900.0,0.2,3599999.9999999995,1.7,0.065,0.065,0.0,420.0,0.072,0.0,0.0,0.0,7200.0,1.0,6.5E8,
7.100000000000001E-36,0.034,3800.0,4700.0,3500.0,3599999.9999999995,4900.0,270.0,970.0,6800.0,4900.0,0.2,3599999.9999999995,1.7,0.065,0.065,0.0,410.0,0.072,0.0,0.0,0.0,7200.0,1.0,6.5E8,
7.100000000000001E-36,0.034,3800.0,4700.0,3500.0,3599999.9999999995,4900.0,270.0,970.0,6800.0,4900.0,0.2,3599999.9999999995,1.7,0.065,0.065,0.0,410.0,0.072,0.0,0.0,0.0,7200.0,1.0,6.5E8,
7.100000000000001E-36,0.034,3800.0,4700.0,3500.0,3599999.9999999995,4900.0,270.0,970.0,6800.0,4900.0,0.2,3599999.9999999995,1.7,0.065,0.065,0.0,410.0,0.072,0.0,0.0,0.0,7200.0,1.0,6.4E8,
7.100000000000001E-36,0.034,3800.0,4700.0,3500.0,3599999.9999999995,4900.0,270.0,970.0,6800.0,4900.0,0.2,3599999.9999999995,1.7,0.065,0.065,0.0,410.0,0.072,0.0,0.0,0.0,7200.0,1.0,6.4E8,
4.2999999999999996E-35,0.2,19000.0,53000.0,15000.0,4400000.0,6300.0,270.0,3100.0,3200.0,2200.0,0.2,4500000.0,9.4,0.076,0.076,0.0,450.0,0.18,0.0,0.0,0.0,7300.0,1.0,6.5E8,
5.4E-36,0.026,1200.0,2700.0,2200.0,4200000.0,6300.0,270.0,3100.0,3200.0,2200.0,0.2,4200000.0,1.2,0.039,0.039,0.0,450.0,0.059,0.0,0.0,0.0,7300.0,1.0,6.5E8,
5.4E-36,0.026,1200.0,2700.0,2200.0,4099999.9999999995,6200.0,260.0,3100.0,3200.0,2200.0,0.2,4099999.9999999995,1.2,0.038,0.038,0.0,450.0,0.058,0.0,0.0,0.0,7300.0,1.0,6.5E8,
5.1000000000000004E-36,0.024,1200.0,2700.0,2200.0,3699999.9999999995,6200.0,260.0,3100.0,3200.0,2200.0,0.19,3699999.9999999995,1.1,0.036,0.036,0.0,450.0,0.054,0.0,0.0,0.0,7200.0,1.0,6.5E8,
5.1000000000000004E-36,0.024,1200.0,2700.0,2200.0,3599999.9999999995,6200.0,260.0,3100.0,3200.0,2200.0,0.19,3599999.9999999995,1.1,0.035,0.035,0.0,440.0,0.053,0.0,0.0,0.0,7100.0,1.0,6.5E8,
5.1000000000000004E-36,0.024,1200.0,2700.0,2200.0,3599999.9999999995,6200.0,260.0,3100.0,3200.0,2200.0,0.19,3599999.9999999995,1.1,0.035,0.035,0.0,440.0,0.053,0.0,0.0,0.0,7100.0,1.0,6.5E8,
5.1000000000000004E-36,0.024,1200.0,2700.0,2200.0,3599999.9999999995,6200.0,260.0,3100.0,3200.0,2200.0,0.19,3599999.9999999995,1.1,0.035,0.035,0.0,440.0,0.053,0.0,0.0,0.0,7100.0,1.0,6.5E8,
5.1000000000000004E-36,0.024,1200.0,2700.0,2200.0,3599999.9999999995,6200.0,260.0,3100.0,3200.0,2200.0,0.19,3599999.9999999995,1.1,0.035,0.035,0.0,440.0,0.053,0.0,0.0,0.0,7100.0,1.0,6.5E8,
5.1000000000000004E-36,0.024,1200.0,2700.0,2200.0,3599999.9999999995,6200.0,260.0,3100.0,3200.0,2200.0,0.19,3599999.9999999995,1.1,0.035,0.035,0.0,440.0,0.053,0.0,0.0,0.0,7100.0,1.0,6.5E8,
5.1000000000000004E-36,0.024,1200.0,2700.0,2200.0,3599999.9999999995,6200.0,260.0,3100.0,3200.0,2200.0,0.19,3599999.9999999995,1.1,0.035,0.035,0.0,440.0,0.053,0.0,0.0,0.0,7000.0,1.0,6.5E8,
5.1000000000000004E-36,0.024,1200.0,2700.0,2200.0,3599999.9999999995,6200.0,260.0,3100.0,3200.0,2200.0,0.19,3599999.9999999995,1.1,0.035,0.035,0.0,440.0,0.053,0.0,0.0,0.0,7000.0,1.0,6.5E8,
5.1000000000000004E-36,0.024,1200.0,2700.0,2200.0,3599999.9999999995,6200.0,260.0,3100.0,3200.0,2200.0,0.19,3599999.9999999995,1.1,0.035,0.035,0.0,440.0,0.053,0.0,0.0,0.0,7000.0,1.0,6.5E8,
5.1000000000000004E-36,0.024,1200.0,2700.0,2200.0,3599999.9999999995,6200.0,260.0,3100.0,3200.0,2200.0,0.19,3599999.9999999995,1.1,0.035,0.035,0.0,430.0,0.053,0.0,0.0,0.0,7000.0,1.0,6.5E8,
5.1000000000000004E-36,0.024,1200.0,2700.0,2200.0,3599999.9999999995,6200.0,260.0,3100.0,3200.0,2200.0,0.19,3599999.9999999995,1.1,0.035,0.035,0.0,430.0,0.053,0.0,0.0,0.0,6900.0,1.0,6.5E8,
5.1000000000000004E-36,0.024,1200.0,2700.0,2200.0,3599999.9999999995,6200.0,260.0,3100.0,3200.0,2200.0,0.19,3599999.9999999995,1.1,0.035,0.035,0.0,430.0,0.053,0.0,0.0,0.0,6900.0,1.0,6.5E8,
5.1000000000000004E-36,0.024,1200.0,2700.0,2200.0,3599999.9999999995,6200.0,260.0,3100.0,3200.0,2200.0,0.19,3599999.9999999995,1.1,0.035,0.035,0.0,430.0,0.053,0.0,0.0,0.0,6900.0,1.0,6.5E8,
5.1000000000000004E-36,0.024,1200.0,2700.0,2200.0,3599999.9999999995,6200.0,260.0,3100.0,3200.0,2200.0,0.19,3599999.9999999995,1.1,0.035,0.035,0.0,420.0,0.053,0.0,0.0,0.0,6900.0,1.0,6.5E8,
5.1000000000000004E-36,0.024,1200.0,2700.0,2200.0,3599999.9999999995,6200.0,260.0,3100.0,3200.0,2200.0,0.19,3599999.9999999995,1.1,0.035,0.035,0.0,420.0,0.053,0.0,0.0,0.0,6800.0,1.0,6.5E8,
5.1000000000000004E-36,0.024,1200.0,2700.0,2200.0,3599999.9999999995,6200.0,260.0,3100.0,3200.0,2200.0,0.19,3599999.9999999995,1.1,0.035,0.035,0.0,420.0,0.053,0.0,0.0,0.0,6800.0,1.0,6.5E8,
5.1000000000000004E-36,0.024,1200.0,2700.0,2200.0,3599999.9999999995,6200.0,260.0,3100.0,3200.0,2200.0,0.18,3599999.9999999995,1.1,0.035,0.035,0.0,420.0,0.053,0.0,0.0,0.0,6800.0,1.0,6.5E8,
5.1000000000000004E-36,0.024,1200.0,2700.0,2200.0,3599999.9999999995,6200.0,260.0,3100.0,3200.0,2200.0,0.18,3599999.9999999995,1.1,0.035,0.035,0.0,420.0,0.053,0.0,0.0,0.0,6800.0,1.0,6.5E8,
5.1000000000000004E-36,0.024,1200.0,2700.0,2200.0,3599999.9999999995,6200.0,260.0,3100.0,3200.0,2200.0,0.18,3599999.9999999995,1.1,0.035,0.035,0.0,410.0,0.053,0.0,0.0,0.0,6700.0,1.0,6.5E8,
5.1000000000000004E-36,0.024,1200.0,2700.0,2200.0,3599999.9999999995,6200.0,260.0,3100.0,3200.0,2200.0,0.18,3599999.9999999995,1.1,0.035,0.035,0.0,410.0,0.053,0.0,0.0,0.0,6700.0,1.0,6.5E8,
5.1000000000000004E-36,0.024,1200.0,2700.0,2200.0,3599999.9999999995,6200.0,260.0,3100.0,3200.0,2200.0,0.18,3599999.9999999995,1.1,0.035,0.035,0.0,410.0,0.053,0.0,0.0,0.0,6700.0,1.0,6.5E8,
5.1000000000000004E-36,0.024,1200.0,2700.0,2200.0,3599999.9999999995,6200.0,260.0,3100.0,3200.0,2200.0,0.18,3599999.9999999995,1.1,0.035,0.035,0.0,410.0,0.053,0.0,0.0,0.0,6700.0,1.0,6.5E8,
3.7999999999999996E-35,0.18,24000.0,58000.0,21000.0,4600000.0,3200.0,1400.0,4600.0,3200.0,15000.0,0.2,4800000.0,8.8,0.25,0.25,0.0,490.0,0.42,0.0,0.0,0.0,7300.0,1.0,6.6E8,
2.2E-35,0.1,8800.0,41000.0,3800.0,4600000.0,3100.0,1400.0,4600.0,3100.0,2800.0,0.2,4700000.0,5.1,0.11,0.11,0.0,490.0,0.13,0.0,0.0,0.0,7300.0,1.0,6.6E8,
5.1E-35,0.24,14000.0,56000.0,4900.0,4600000.0,3100.0,1400.0,4500.0,3100.0,2800.0,0.2,4700000.0,13.0,0.11,0.11,0.0,480.0,0.15,0.0,0.0,0.0,7300.0,1.0,6.6E8,
1.1999999999999999E-35,0.056,1700.0,5600.0,4900.0,4600000.0,3100.0,1400.0,4500.0,3100.0,2800.0,0.2,4600000.0,3.1,0.068,0.068,0.0,480.0,0.15,0.0,0.0,0.0,7300.0,1.0,6.6E8,
1.1999999999999999E-35,0.056,1700.0,5600.0,4900.0,4500000.0,3100.0,1400.0,4500.0,3100.0,2800.0,0.2,4500000.0,3.0,0.067,0.067,0.0,470.0,0.15,0.0,0.0,0.0,7300.0,1.0,6.6E8,
9.5E-36,0.045,1900.0,3900.0,6900.0,4500000.0,3100.0,1400.0,4500.0,3100.0,2800.0,0.2,4500000.0,2.3,0.067,0.067,0.0,470.0,0.18,0.0,0.0,0.0,7300.0,1.0,6.6E8,
9.2E-36,0.044,1900.0,3900.0,6800.0,3999999.9999999995,3100.0,1400.0,4500.0,3100.0,2800.0,0.19,3999999.9999999995,2.2,0.063,0.063,0.0,470.0,0.17,0.0,0.0,0.0,7200.0,1.0,6.6E8,
9.0E-36,0.043,1900.0,3900.0,6800.0,3899999.9999999995,3100.0,1400.0,4500.0,3100.0,2800.0,0.19,3899999.9999999995,2.2,0.062,0.062,0.0,470.0,0.17,0.0,0.0,0.0,7100.0,1.0,6.6E8,
9.0E-36,0.043,1900.0,3900.0,6800.0,3799999.9999999995,3100.0,1400.0,4500.0,3100.0,2800.0,0.19,3899999.9999999995,2.1,0.061,0.061,0.0,470.0,0.17,0.0,0.0,0.0,7100.0,1.0,6.6E8,
8.900000000000001E-36,0.042,1900.0,3900.0,6800.0,3699999.9999999995,3100.0,1400.0,4500.0,3100.0,2800.0,0.19,3799999.9999999995,2.1,0.06,0.06,0.0,480.0,0.17,0.0,0.0,0.0,7100.0,1.0,6.6E8,
8.8E-36,0.042,1900.0,3900.0,6800.0,3599999.9999999995,3100.0,1400.0,4500.0,3100.0,2800.0,0.19,3699999.9999999995,2.1,0.059,0.059,0.0,470.0,0.16,0.0,0.0,0.0,7100.0,1.0,6.6E8,
8.8E-36,0.042,1900.0,3900.0,6800.0,3599999.9999999995,3100.0,1400.0,4500.0,3100.0,2800.0,0.19,3699999.9999999995,2.1,0.059,0.059,0.0,470.0,0.16,0.0,0.0,0.0,7000.0,1.0,6.6E8,
8.8E-36,0.042,1900.0,3900.0,6800.0,3599999.9999999995,3100.0,1400.0,4500.0,3100.0,2800.0,0.19,3699999.9999999995,2.1,0.059,0.059,0.0,460.0,0.16,0.0,0.0,0.0,7000.0,1.0,6.6E8,
8.8E-36,0.042,1900.0,3800.0,6800.0,3599999.9999999995,3100.0,1400.0,4500.0,3100.0,2800.0,0.19,3599999.9999999995,2.1,0.059,0.059,0.0,460.0,0.16,0.0,0.0,0.0,7000.0,1.0,6.5E8,
8.8E-36,0.042,1900.0,3800.0,6800.0,3599999.9999999995,3100.0,1400.0,4500.0,3100.0,2800.0,0.19,3599999.9999999995,2.1,0.059,0.059,0.0,460.0,0.16,0.0,0.0,0.0,7000.0,1.0,6.5E8,
8.8E-36,0.042,1900.0,3800.0,6800.0,3599999.9999999995,3100.0,1400.0,4500.0,3100.0,2800.0,0.19,3599999.9999999995,2.1,0.059,0.059,0.0,450.0,0.16,0.0,0.0,0.0,7000.0,1.0,6.5E8,
8.8E-36,0.042,1900.0,3800.0,6800.0,3599999.9999999995,3100.0,1400.0,4500.0,3100.0,2800.0,0.19,3599999.9999999995,2.1,0.059,0.059,0.0,450.0,0.16,0.0,0.0,0.0,6900.0,1.0,6.5E8,
8.8E-36,0.042,1900.0,3800.0,6800.0,3599999.9999999995,3100.0,1400.0,4500.0,3100.0,2800.0,0.19,3599999.9999999995,2.1,0.059,0.059,0.0,450.0,0.16,0.0,0.0,0.0,6900.0,1.0,6.5E8,
8.8E-36,0.042,1900.0,3800.0,6800.0,3599999.9999999995,3100.0,1400.0,4500.0,3100.0,2800.0,0.19,3599999.9999999995,2.1,0.059,0.059,0.0,450.0,0.16,0.0,0.0,0.0,6900.0,1.0,6.5E8,
8.8E-36,0.042,1900.0,3800.0,6800.0,3599999.9999999995,3100.0,1400.0,4500.0,3100.0,2800.0,0.19,3599999.9999999995,2.1,0.059,0.059,0.0,450.0,0.16,0.0,0.0,0.0,6900.0,1.0,6.5E8,
8.8E-36,0.042,1900.0,3800.0,6800.0,3599999.9999999995,3100.0,1400.0,4500.0,3100.0,2800.0,0.19,3599999.9999999995,2.1,0.059,0.059,0.0,450.0,0.16,0.0,0.0,0.0,6900.0,1.0,6.5E8,
8.8E-36,0.042,1900.0,3800.0,6800.0,3599999.9999999995,3100.0,1400.0,4500.0,3100.0,2800.0,0.18,3599999.9999999995,2.1,0.059,0.059,0.0,440.0,0.16,0.0,0.0,0.0,6800.0,1.0,6.5E8,
8.8E-36,0.042,1900.0,3800.0,6800.0,3599999.9999999995,3100.0,1400.0,4500.0,3100.0,2800.0,0.18,3599999.9999999995,2.1,0.059,0.059,0.0,440.0,0.16,0.0,0.0,0.0,6800.0,1.0,6.5E8,
8.8E-36,0.042,1900.0,3800.0,6800.0,3599999.9999999995,3100.0,1400.0,4500.0,3100.0,2800.0,0.18,3599999.9999999995,2.1,0.059,0.059,0.0,440.0,0.16,0.0,0.0,0.0,6800.0,1.0,6.5E8,
8.8E-36,0.042,1900.0,3800.0,6800.0,3599999.9999999995,3100.0,1400.0,4500.0,3100.0,2800.0,0.18,3599999.9999999995,2.1,0.059,0.059,0.0,440.0,0.16,0.0,0.0,0.0,6800.0,1.0,6.5E8,
8.8E-36,0.042,1900.0,3800.0,6800.0,3599999.9999999995,3100.0,1400.0,4500.0,3100.0,2800.0,0.18,3599999.9999999995,2.1,0.059,0.059,0.0,440.0,0.16,0.0,0.0,0.0,6800.0,1.0,6.5E8,
8.8E-36,0.042,1900.0,3800.0,6800.0,3599999.9999999995,3100.0,1400.0,4500.0,3100.0,2800.0,0.18,3599999.9999999995,2.1,0.059,0.059,0.0,430.0,0.16,0.0,0.0,0.0,6700.0,1.0,6.5E8,
8.8E-36,0.042,1900.0,3800.0,6800.0,3599999.9999999995,3100.0,1400.0,4500.0,3100.0,2800.0,0.18,3599999.9999999995,2.1,0.059,0.059,0.0,430.0,0.16,0.0,0.0,0.0,6700.0,1.0,6.5E8,
8.8E-36,0.042,1900.0,3800.0,6800.0,3599999.9999999995,3100.0,1400.0,4500.0,3100.0,2800.0,0.18,3599999.9999999995,2.1,0.059,0.059,0.0,430.0,0.16,0.0,0.0,0.0,6700.0,1.0,6.5E8,
8.8E-36,0.042,1900.0,3800.0,6800.0,3599999.9999999995,3100.0,1400.0,4500.0,3100.0,2800.0,0.18,3599999.9999999995,2.1,0.059,0.059,0.0,430.0,0.16,0.0,0.0,0.0,6700.0,1.0,6.5E8,
8.8E-36,0.042,1900.0,3800.0,6800.0,3599999.9999999995,3100.0,1400.0,4500.0,3100.0,2800.0,0.18,3599999.9999999995,2.1,0.059,0.059,0.0,430.0,0.16,0.0,0.0,0.0,6700.0,1.0,6.5E8,
8.8E-36,0.042,1900.0,3800.0,6800.0,3599999.9999999995,3100.0,1400.0,4500.0,3100.0,2800.0,0.18,3599999.9999999995,2.1,0.059,0.059,0.0,430.0,0.16,0.0,0.0,0.0,6600.0,1.0,6.5E8,
8.8E-36,0.042,1900.0,3800.0,6800.0,3599999.9999999995,3100.0,1400.0,4500.0,3100.0,2800.0,0.18,3599999.9999999995,2.1,0.059,0.059,0.0,430.0,0.16,0.0,0.0,0.0,6600.0,1.0,6.5E8,
8.8E-36,0.042,1900.0,3800.0,6800.0,3599999.9999999995,3100.0,1400.0,4500.0,3100.0,2800.0,0.18,3599999.9999999995,2.1,0.059,0.059,0.0,430.0,0.16,0.0,0.0,0.0,6600.0,1.0,6.5E8,
8.8E-36,0.042,1900.0,3800.0,6800.0,3599999.9999999995,3100.0,1400.0,4500.0,3100.0,2800.0,0.18,3599999.9999999995,2.1,0.059,0.059,0.0,430.0,0.16,0.0,0.0,0.0,6600.0,1.0,6.5E8,
8.8E-36,0.042,1900.0,3800.0,6800.0,3599999.9999999995,3100.0,1400.0,4500.0,3100.0,2800.0,0.18,3599999.9999999995,2.1,0.059,0.059,0.0,420.0,0.16,0.0,0.0,0.0,6600.0,1.0,6.5E8,
8.8E-36,0.042,1900.0,3800.0,6800.0,3599999.9999999995,3100.0,1400.0,4500.0,3100.0,2800.0,0.18,3599999.9999999995,2.1,0.059,0.059,0.0,420.0,0.16,0.0,0.0,0.0,6500.0,1.0,6.5E8,
8.8E-36,0.042,1900.0,3800.0,6800.0,3599999.9999999995,3100.0,1400.0,4500.0,3100.0,2800.0,0.18,3599999.9999999995,2.1,0.059,0.059,0.0,420.0,0.16,0.0,0.0,0.0,6500.0,1.0,6.5E8,
8.8E-36,0.042,1900.0,3800.0,6800.0,3599999.9999999995,3100.0,1400.0,4500.0,3100.0,2800.0,0.17,3599999.9999999995,2.1,0.059,0.059,0.0,410.0,0.16,0.0,0.0,0.0,6500.0,1.0,6.5E8,
8.8E-36,0.042,1900.0,3800.0,6800.0,3599999.9999999995,3100.0,1400.0,4500.0,3100.0,2800.0,0.17,3599999.9999999995,2.1,0.059,0.059,0.0,400.0,0.16,0.0,0.0,0.0,6500.0,1.0,6.5E8,
8.8E-36,0.042,1900.0,3800.0,6800.0,3599999.9999999995,3100.0,1400.0,4500.0,3100.0,2800.0,0.17,3599999.9999999995,2.1,0.059,0.059,0.0,400.0,0.16,0.0,0.0,0.0,6400.0,1.0,6.5E8,
8.8E-36,0.042,1900.0,3800.0,6800.0,3599999.9999999995,3100.0,1400.0,4500.0,3100.0,2800.0,0.17,3599999.9999999995,2.1,0.059,0.059,0.0,400.0,0.16,0.0,0.0,0.0,6400.0,1.0,6.5E8,
8.8E-36,0.042,1900.0,3800.0,6800.0,3599999.9999999995,3100.0,1400.0,4500.0,3100.0,2800.0,0.17,3599999.9999999995,2.1,0.059,0.059,0.0,400.0,0.16,0.0,0.0,0.0,6400.0,1.0,6.5E8,
8.8E-36,0.042,1900.0,3800.0,6800.0,3599999.9999999995,3100.0,1400.0,4500.0,3100.0,2800.0,0.17,3599999.9999999995,2.1,0.059,0.059,0.0,400.0,0.16,0.0,0.0,0.0,6400.0,1.0,6.5E8,
8.8E-36,0.042,1900.0,3800.0,6800.0,3599999.9999999995,3100.0,1400.0,4500.0,3100.0,2800.0,0.17,3599999.9999999995,2.1,0.059,0.059,0.0,400.0,0.16,0.0,0.0,0.0,6400.0,1.0,6.5E8,
8.8E-36,0.042,1900.0,3800.0,6800.0,3599999.9999999995,3100.0,1400.0,4500.0,3100.0,2800.0,0.17,3599999.9999999995,2.1,0.059,0.059,0.0,400.0,0.16,0.0,0.0,0.0,6400.0,1.0,6.5E8,
8.8E-36,0.042,1900.0,3800.0,6800.0,3599999.9999999995,3100.0,1400.0,4500.0,3100.0,2800.0,0.17,3599999.9999999995,2.1,0.059,0.059,0.0,400.0,0.16,0.0,0.0,0.0,6300.0,1.0,6.5E8,
8.8E-36,0.042,1900.0,3800.0,6800.0,3599999.9999999995,3100.0,1400.0,4500.0,3100.0,2800.0,0.17,3599999.9999999995,2.1,0.059,0.059,0.0,400.0,0.16,0.0,0.0,0.0,6300.0,1.0,6.5E8,
8.8E-36,0.042,1900.0,3800.0,6800.0,3599999.9999999995,3100.0,1400.0,4500.0,3100.0,2800.0,0.17,3599999.9999999995,2.1,0.059,0.059,0.0,390.0,0.16,0.0,0.0,0.0,6300.0,1.0,6.5E8,
8.8E-36,0.042,1900.0,3800.0,6800.0,3599999.9999999995,3100.0,1400.0,4500.0,3100.0,2800.0,0.17,3599999.9999999995,2.1,0.059,0.059,0.0,390.0,0.16,0.0,0.0,0.0,6300.0,1.0,6.5E8,
8.8E-36,0.042,1900.0,3800.0,6800.0,3599999.9999999995,3100.0,1400.0,4500.0,3100.0,2800.0,0.17,3599999.9999999995,2.1,0.059,0.059,0.0,390.0,0.16,0.0,0.0,0.0,6300.0,1.0,6.5E8,
8.8E-36,0.042,1900.0,3800.0,6800.0,3599999.9999999995,3100.0,1400.0,4500.0,3100.0,2800.0,0.17,3599999.9999999995,2.1,0.059,0.059,0.0,390.0,0.16,0.0,0.0,0.0,6200.0,1.0,6.5E8,
8.8E-36,0.042,1900.0,3800.0,6800.0,3599999.9999999995,3100.0,1400.0,4500.0,3100.0,2800.0,0.17,3599999.9999999995,2.1,0.059,0.059,0.0,390.0,0.16,0.0,0.0,0.0,6200.0,1.0,6.5E8,
8.8E-36,0.042,1900.0,3800.0,6800.0,3599999.9999999995,3100.0,1400.0,4500.0,3100.0,2800.0,0.17,3599999.9999999995,2.1,0.059,0.059,0.0,390.0,0.16,0.0,0.0,0.0,6200.0,1.0,6.5E8,
8.8E-36,0.042,1900.0,3800.0,6800.0,3599999.9999999995,3100.0,1400.0,4500.0,3100.0,2800.0,0.17,3599999.9999999995,2.1,0.059,0.059,0.0,390.0,0.16,0.0,0.0,0.0,6200.0,1.0,6.5E8,
8.8E-36,0.042,1900.0,3800.0,6800.0,3599999.9999999995,3100.0,1400.0,4500.0,3100.0,2800.0,0.17,3599999.9999999995,2.1,0.059,0.059,0.0,390.0,0.16,0.0,0.0,0.0,6200.0,1.0,6.5E8,
8.8E-36,0.042,1900.0,3800.0,6800.0,3599999.9999999995,3100.0,1400.0,4500.0,3100.0,2800.0,0.17,3599999.9999999995,2.1,0.059,0.059,0.0,380.0,0.16,0.0,0.0,0.0,6200.0,1.0,6.5E8,
8.8E-36,0.042,1900.0,3800.0,6800.0,3599999.9999999995,3100.0,1400.0,4500.0,3100.0,2800.0,0.17,3599999.9999999995,2.1,0.059,0.059,0.0,380.0,0.16,0.0,0.0,0.0,6100.0,1.0,6.5E8,
8.8E-36,0.042,1900.0,3800.0,6800.0,3599999.9999999995,3100.0,1400.0,4500.0,3100.0,2800.0,0.17,3599999.9999999995,2.1,0.059,0.059,0.0,380.0,0.16,0.0,0.0,0.0,6100.0,1.0,6.5E8,
8.8E-36,0.042,1900.0,3800.0,6800.0,3599999.9999999995,3100.0,1400.0,4500.0,3100.0,2800.0,0.16,3599999.9999999995,2.1,0.059,0.059,0.0,380.0,0.16,0.0,0.0,0.0,6100.0,1.0,6.5E8,
8.8E-36,0.042,1900.0,3800.0,6800.0,3599999.9999999995,3100.0,1400.0,4500.0,3100.0,2800.0,0.16,3599999.9999999995,2.1,0.059,0.059,0.0,360.0,0.16,0.0,0.0,0.0,6100.0,1.0,6.5E8,
8.8E-36,0.042,1900.0,3800.0,6800.0,3599999.9999999995,3100.0,1400.0,4500.0,3100.0,2800.0,0.16,3599999.9999999995,2.1,0.059,0.059,0.0,360.0,0.16,0.0,0.0,0.0,6100.0,1.0,6.5E8,
8.8E-36,0.042,1900.0,3800.0,6800.0,3599999.9999999995,3100.0,1400.0,4500.0,3100.0,2800.0,0.16,3599999.9999999995,2.1,0.059,0.059,0.0,360.0,0.16,0.0,0.0,0.0,6100.0,1.0,6.5E8,
8.8E-36,0.042,1900.0,3800.0,6800.0,3599999.9999999995,3100.0,1400.0,4500.0,3100.0,2800.0,0.16,3599999.9999999995,2.1,0.059,0.059,0.0,350.0,0.16,0.0,0.0,0.0,6000.0,1.0,6.5E8,
8.8E-36,0.042,1900.0,3800.0,6800.0,3599999.9999999995,3100.0,1400.0,4500.0,3100.0,2800.0,0.16,3599999.9999999995,2.1,0.059,0.059,0.0,350.0,0.16,0.0,0.0,0.0,6000.0,1.0,6.5E8,
8.8E-36,0.042,1900.0,3800.0,6800.0,3599999.9999999995,3100.0,1400.0,4500.0,3100.0,2800.0,0.16,3599999.9999999995,2.1,0.059,0.059,0.0,350.0,0.16,0.0,0.0,0.0,6000.0,1.0,6.5E8,
8.8E-36,0.042,1900.0,3800.0,6800.0,3599999.9999999995,3100.0,1400.0,4500.0,3100.0,2800.0,0.16,3599999.9999999995,2.1,0.059,0.059,0.0,350.0,0.16,0.0,0.0,0.0,6000.0,1.0,6.5E8,
8.8E-36,0.042,1900.0,3800.0,6800.0,3599999.9999999995,3100.0,1400.0,4500.0,3100.0,2800.0,0.16,3599999.9999999995,2.1,0.059,0.059,0.0,340.0,0.16,0.0,0.0,0.0,6000.0,1.0,6.5E8,
8.8E-36,0.042,1900.0,3800.0,6700.0,3599999.9999999995,3100.0,1400.0,4500.0,3100.0,2800.0,0.16,3599999.9999999995,2.1,0.059,0.059,0.0,340.0,0.16,0.0,0.0,0.0,5900.0,1.0,6.4E8,
8.8E-36,0.042,1900.0,3800.0,6700.0,3599999.9999999995,3100.0,1400.0,4400.0,3100.0,2700.0,0.16,3599999.9999999995,2.1,0.059,0.059,0.0,340.0,0.16,0.0,0.0,0.0,5900.0,1.0,6.4E8,
8.8E-36,0.042,1900.0,3800.0,6700.0,3499999.9999999995,3100.0,1400.0,4400.0,3100.0,2700.0,0.16,3599999.9999999995,2.1,0.059,0.059,0.0,340.0,0.16,0.0,0.0,0.0,5900.0,1.0,6.4E8,
8.8E-36,0.042,1900.0,3800.0,6700.0,3499999.9999999995,3100.0,1400.0,4400.0,3100.0,2700.0,0.16,3599999.9999999995,2.1,0.059,0.059,0.0,340.0,0.16,0.0,0.0,0.0,5900.0,1.0,6.4E8,
8.8E-36,0.042,1900.0,3800.0,6700.0,3499999.9999999995,3100.0,1400.0,4400.0,3100.0,2700.0,0.16,3599999.9999999995,2.1,0.059,0.059,0.0,340.0,0.16,0.0,0.0,0.0,5900.0,1.0,6.4E8,
8.8E-36,0.042,1900.0,3800.0,6700.0,3499999.9999999995,3100.0,1400.0,4400.0,3100.0,2700.0,0.16,3599999.9999999995,2.1,0.059,0.059,0.0,330.0,0.16,0.0,0.0,0.0,5900.0,1.0,6.4E8,
8.8E-36,0.042,1900.0,3800.0,6700.0,3499999.9999999995,3100.0,1400.0,4400.0,3100.0,2700.0,0.16,3599999.9999999995,2.1,0.059,0.059,0.0,330.0,0.16,0.0,0.0,0.0,5900.0,1.0,6.4E8,
8.8E-36,0.042,1900.0,3800.0,6700.0,3499999.9999999995,3100.0,1400.0,4400.0,3100.0,2700.0,0.16,3599999.9999999995,2.1,0.059,0.059,0.0,330.0,0.16,0.0,0.0,0.0,5800.0,1.0,6.4E8,
8.8E-36,0.042,1900.0,3800.0,6700.0,3499999.9999999995,3100.0,1400.0,4400.0,3100.0,2700.0,0.16,3599999.9999999995,2.1,0.059,0.059,0.0,330.0,0.16,0.0,0.0,0.0,5800.0,1.0,6.4E8,
8.8E-36,0.042,1900.0,3800.0,6700.0,3499999.9999999995,3100.0,1400.0,4400.0,3100.0,2700.0,0.16,3599999.9999999995,2.1,0.059,0.059,0.0,320.0,0.16,0.0,0.0,0.0,5800.0,1.0,6.4E8,
8.8E-36,0.042,1900.0,3800.0,6700.0,3499999.9999999995,3100.0,1400.0,4400.0,3100.0,2700.0,0.16,3599999.9999999995,2.1,0.059,0.059,0.0,320.0,0.16,0.0,0.0,0.0,5800.0,1.0,6.4E8,
8.8E-36,0.042,1900.0,3800.0,6700.0,3499999.9999999995,3100.0,1400.0,4400.0,3100.0,2700.0,0.16,3599999.9999999995,2.1,0.059,0.059,0.0,320.0,0.16,0.0,0.0,0.0,5800.0,1.0,6.4E8,
8.8E-36,0.042,1900.0,3800.0,6700.0,3499999.9999999995,3100.0,1400.0,4400.0,3100.0,2700.0,0.16,3599999.9999999995,2.1,0.059,0.059,0.0,320.0,0.16,0.0,0.0,0.0,5800.0,1.0,6.4E8,
8.8E-36,0.042,1900.0,3800.0,6700.0,3499999.9999999995,3100.0,1400.0,4400.0,3100.0,2700.0,0.16,3599999.9999999995,2.1,0.059,0.059,0.0,320.0,0.16,0.0,0.0,0.0,5800.0,1.0,6.4E8,
8.8E-36,0.042,1900.0,3800.0,6700.0,3499999.9999999995,3100.0,1400.0,4400.0,3100.0,2700.0,0.15,3599999.9999999995,2.1,0.059,0.059,0.0,320.0,0.16,0.0,0.0,0.0,5700.0,1.0,6.4E8,
8.8E-36,0.042,1900.0,3800.0,6700.0,3499999.9999999995,3100.0,1400.0,4400.0,3100.0,2700.0,0.15,3599999.9999999995,2.1,0.059,0.059,0.0,320.0,0.16,0.0,0.0,0.0,5700.0,1.0,6.4E8,
8.8E-36,0.042,1900.0,3800.0,6700.0,3499999.9999999995,3100.0,1400.0,4400.0,3100.0,2700.0,0.15,3599999.9999999995,2.1,0.059,0.059,0.0,320.0,0.16,0.0,0.0,0.0,5700.0,1.0,6.4E8,
8.8E-36,0.042,1900.0,3800.0,6700.0,3499999.9999999995,3100.0,1400.0,4400.0,3100.0,2700.0,0.15,3599999.9999999995,2.1,0.059,0.059,0.0,320.0,0.16,0.0,0.0,0.0,5700.0,1.0,6.4E8,
8.8E-36,0.042,1900.0,3800.0,6700.0,3499999.9999999995,3100.0,1400.0,4400.0,3100.0,2700.0,0.15,3599999.9999999995,2.1,0.059,0.059,0.0,320.0,0.16,0.0,0.0,0.0,5700.0,1.0,6.4E8,
8.8E-36,0.042,1900.0,3800.0,6700.0,3499999.9999999995,3100.0,1400.0,4400.0,3100.0,2700.0,0.15,3599999.9999999995,2.1,0.059,0.059,0.0,320.0,0.16,0.0,0.0,0.0,5700.0,1.0,6.4E8,
8.8E-36,0.042,1900.0,3800.0,6700.0,3499999.9999999995,3100.0,1400.0,4400.0,3100.0,2700.0,0.15,3599999.9999999995,2.1,0.059,0.059,0.0,320.0,0.16,0.0,0.0,0.0,5700.0,1.0,6.4E8,
8.8E-36,0.042,1900.0,3800.0,6700.0,3499999.9999999995,3100.0,1400.0,4400.0,3100.0,2700.0,0.15,3599999.9999999995,2.1,0.059,0.059,0.0,310.0,0.16,0.0,0.0,0.0,5600.0,1.0,6.4E8,
8.8E-36,0.042,1900.0,3800.0,6700.0,3499999.9999999995,3100.0,1400.0,4400.0,3100.0,2700.0,0.15,3599999.9999999995,2.1,0.059,0.059,0.0,310.0,0.16,0.0,0.0,0.0,5600.0,1.0,6.4E8,
8.8E-36,0.042,1900.0,3800.0,6700.0,3499999.9999999995,3100.0,1400.0,4400.0,3100.0,2700.0,0.15,3599999.9999999995,2.1,0.059,0.059,0.0,310.0,0.16,0.0,0.0,0.0,5600.0,1.0,6.4E8,
8.8E-36,0.042,1900.0,3800.0,6700.0,3499999.9999999995,3100.0,1400.0,4400.0,3100.0,2700.0,0.15,3599999.9999999995,2.1,0.059,0.059,0.0,310.0,0.16,0.0,0.0,0.0,5600.0,1.0,6.4E8,
8.8E-36,0.042,1900.0,3800.0,6700.0,3499999.9999999995,3100.0,1400.0,4400.0,3100.0,2700.0,0.15,3599999.9999999995,2.1,0.059,0.059,0.0,310.0,0.16,0.0,0.0,0.0,5600.0,1.0,6.4E8,
8.8E-36,0.042,1900.0,3800.0,6700.0,3499999.9999999995,3100.0,1400.0,4400.0,3100.0,2700.0,0.15,3599999.9999999995,2.1,0.059,0.059,0.0,300.0,0.16,0.0,0.0,0.0,5500.0,1.0,6.4E8,
8.8E-36,0.042,1900.0,3800.0,6700.0,3499999.9999999995,3100.0,1400.0,4400.0,3100.0,2700.0,0.15,3599999.9999999995,2.1,0.059,0.059,0.0,290.0,0.16,0.0,0.0,0.0,5500.0,1.0,6.4E8,
8.8E-36,0.042,1900.0,3800.0,6700.0,3499999.9999999995,3100.0,1400.0,4400.0,3100.0,2700.0,0.15,3599999.9999999995,2.1,0.059,0.059,0.0,290.0,0.16,0.0,0.0,0.0,5500.0,1.0,6.4E8,
8.8E-36,0.042,1900.0,3800.0,6700.0,3499999.9999999995,3100.0,1400.0,4400.0,3100.0,2700.0,0.15,3599999.9999999995,2.1,0.059,0.059,0.0,280.0,0.16,0.0,0.0,0.0,5500.0,1.0,6.4E8,
8.8E-36,0.042,1900.0,3800.0,6700.0,3499999.9999999995,3100.0,1400.0,4400.0,3100.0,2700.0,0.15,3599999.9999999995,2.1,0.059,0.059,0.0,280.0,0.16,0.0,0.0,0.0,5500.0,1.0,6.4E8,
8.8E-36,0.042,1900.0,3800.0,6700.0,3499999.9999999995,3100.0,1400.0,4400.0,3100.0,2700.0,0.15,3599999.9999999995,2.1,0.059,0.059,0.0,280.0,0.16,0.0,0.0,0.0,5500.0,1.0,6.4E8,
8.8E-36,0.042,1900.0,3800.0,6700.0,3499999.9999999995,3100.0,1400.0,4400.0,3100.0,2700.0,0.15,3599999.9999999995,2.1,0.059,0.059,0.0,280.0,0.16,0.0,0.0,0.0,5500.0,1.0,6.4E8,
8.8E-36,0.042,1900.0,3800.0,6700.0,3499999.9999999995,3100.0,1400.0,4400.0,3100.0,2700.0,0.15,3599999.9999999995,2.1,0.059,0.059,0.0,280.0,0.16,0.0,0.0,0.0,5400.0,1.0,6.4E8,
8.8E-36,0.042,1900.0,3800.0,6700.0,3499999.9999999995,3100.0,1400.0,4400.0,3100.0,2700.0,0.15,3599999.9999999995,2.1,0.059,0.059,0.0,280.0,0.16,0.0,0.0,0.0,5400.0,1.0,6.4E8,
8.8E-36,0.042,1900.0,3800.0,6700.0,3499999.9999999995,3100.0,1400.0,4400.0,3100.0,2700.0,0.15,3599999.9999999995,2.1,0.059,0.059,0.0,270.0,0.16,0.0,0.0,0.0,5400.0,1.0,6.4E8,
8.8E-36,0.042,1900.0,3800.0,6700.0,3499999.9999999995,3100.0,1400.0,4400.0,3100.0,2700.0,0.15,3599999.9999999995,2.1,0.059,0.059,0.0,270.0,0.16,0.0,0.0,0.0,5400.0,1.0,6.4E8,
8.8E-36,0.042,1900.0,3800.0,6700.0,3499999.9999999995,3100.0,1400.0,4400.0,3100.0,2700.0,0.15,3599999.9999999995,2.1,0.059,0.059,0.0,270.0,0.16,0.0,0.0,0.0,5400.0,1.0,6.4E8,
8.8E-36,0.042,1900.0,3800.0,6700.0,3499999.9999999995,3100.0,1400.0,4400.0,3100.0,2700.0,0.15,3599999.9999999995,2.1,0.059,0.059,0.0,270.0,0.16,0.0,0.0,0.0,5400.0,1.0,6.4E8,
8.8E-36,0.042,1900.0,3800.0,6700.0,3499999.9999999995,3100.0,1400.0,4400.0,3100.0,2700.0,0.14,3599999.9999999995,2.1,0.059,0.059,0.0,270.0,0.16,0.0,0.0,0.0,5400.0,1.0,6.4E8,
8.8E-36,0.042,1900.0,3800.0,6700.0,3499999.9999999995,3100.0,1400.0,4400.0,3100.0,2700.0,0.14,3599999.9999999995,2.1,0.059,0.059,0.0,270.0,0.16,0.0,0.0,0.0,5400.0,1.0,6.4E8,
8.8E-36,0.042,1900.0,3800.0,6700.0,3499999.9999999995,3100.0,1400.0,4400.0,3100.0,2700.0,0.14,3599999.9999999995,2.1,0.059,0.059,0.0,260.0,0.16,0.0,0.0,0.0,5300.0,1.0,6.4E8,
8.8E-36,0.042,1900.0,3800.0,6700.0,3499999.9999999995,3100.0,1400.0,4400.0,3100.0,2700.0,0.14,3599999.9999999995,2.1,0.059,0.059,0.0,260.0,0.16,0.0,0.0,0.0,5300.0,1.0,6.4E8,
8.8E-36,0.042,1900.0,3800.0,6700.0,3499999.9999999995,3100.0,1400.0,4400.0,3100.0,2700.0,0.14,3599999.9999999995,2.1,0.059,0.059,0.0,260.0,0.16,0.0,0.0,0.0,5300.0,1.0,6.4E8,
8.8E-36,0.042,1900.0,3800.0,6700.0,3499999.9999999995,3100.0,1400.0,4400.0,3100.0,2700.0,0.14,3599999.9999999995,2.1,0.059,0.059,0.0,260.0,0.16,0.0,0.0,0.0,5300.0,1.0,6.4E8,
8.8E-36,0.042,1900.0,3800.0,6700.0,3499999.9999999995,3100.0,1400.0,4400.0,3100.0,2700.0,0.14,3599999.9999999995,2.1,0.059,0.059,0.0,260.0,0.16,0.0,0.0,0.0,5300.0,1.0,6.4E8,
8.8E-36,0.042,1900.0,3800.0,6700.0,3499999.9999999995,3100.0,1400.0,4400.0,3100.0,2700.0,0.14,3599999.9999999995,2.1,0.059,0.059,0.0,250.0,0.16,0.0,0.0,0.0,5300.0,1.0,6.4E8,
8.8E-36,0.042,1900.0,3800.0,6700.0,3499999.9999999995,3100.0,1400.0,4400.0,3100.0,2700.0,0.14,3599999.9999999995,2.1,0.059,0.059,0.0,250.0,0.16,0.0,0.0,0.0,5300.0,1.0,6.4E8,
8.8E-36,0.042,1900.0,3800.0,6700.0,3499999.9999999995,3100.0,1400.0,4400.0,3100.0,2700.0,0.14,3599999.9999999995,2.1,0.059,0.059,0.0,250.0,0.16,0.0,0.0,0.0,5300.0,1.0,6.4E8,
8.8E-36,0.042,1900.0,3800.0,6700.0,3499999.9999999995,3100.0,1400.0,4400.0,3100.0,2700.0,0.14,3599999.9999999995,2.1,0.059,0.059,0.0,250.0,0.16,0.0,0.0,0.0,5200.0,1.0,6.4E8,
8.8E-36,0.042,1900.0,3800.0,6700.0,3499999.9999999995,3100.0,1400.0,4400.0,3100.0,2700.0,0.14,3599999.9999999995,2.1,0.059,0.059,0.0,240.0,0.16,0.0,0.0,0.0,5200.0,1.0,6.4E8,
2.3999999999999999E-35,0.11,8800.0,17000.0,26000.0,4600000.0,5900.0,5600.0,4300.0,19000.0,6900.0,0.16,4700000.0,5.8,0.47,0.47,0.0,380.0,0.47,0.0,0.0,0.0,6100.0,1.0,6.6E8,
5.1000000000000004E-36,0.025,1300.0,4700.0,1300.0,4500000.0,5900.0,5500.0,4300.0,890.0,6800.0,0.16,4500000.0,1.2,0.35,0.35,0.0,390.0,0.089,0.0,0.0,0.0,6100.0,1.0,6.6E8,
5.1000000000000004E-36,0.024,1300.0,4600.0,1300.0,4300000.0,5900.0,5500.0,4300.0,890.0,6800.0,0.16,4400000.0,1.2,0.35,0.35,0.0,390.0,0.086,0.0,0.0,0.0,6000.0,1.0,6.6E8,
4.9000000000000003E-36,0.023,1300.0,4600.0,1300.0,3999999.9999999995,5900.0,5500.0,4300.0,880.0,6800.0,0.16,4099999.9999999995,1.2,0.34,0.34,0.0,390.0,0.082,0.0,0.0,0.0,6000.0,1.0,6.5E8,
4.8E-36,0.023,1300.0,4600.0,1300.0,3799999.9999999995,5900.0,5500.0,4300.0,880.0,6800.0,0.16,3799999.9999999995,1.2,0.33,0.33,0.0,390.0,0.078,0.0,0.0,0.0,6000.0,1.0,6.5E8,
4.7E-36,0.022,1300.0,4600.0,1300.0,3599999.9999999995,5900.0,5500.0,4300.0,880.0,6800.0,0.16,3599999.9999999995,1.1,0.32,0.32,0.0,390.0,0.075,0.0,0.0,0.0,5900.0,1.0,6.5E8,
4.7E-36,0.022,1300.0,4600.0,1300.0,3599999.9999999995,5900.0,5500.0,4300.0,880.0,6800.0,0.16,3599999.9999999995,1.1,0.32,0.32,0.0,380.0,0.075,0.0,0.0,0.0,5900.0,1.0,6.5E8,
4.7E-36,0.022,1300.0,4600.0,1300.0,3599999.9999999995,5900.0,5500.0,4300.0,880.0,6800.0,0.16,3599999.9999999995,1.1,0.32,0.32,0.0,380.0,0.075,0.0,0.0,0.0,5900.0,1.0,6.5E8,
4.7E-36,0.022,1300.0,4600.0,1300.0,3599999.9999999995,5900.0,5500.0,4300.0,880.0,6800.0,0.16,3599999.9999999995,1.1,0.32,0.32,0.0,380.0,0.075,0.0,0.0,0.0,5900.0,1.0,6.5E8,
4.7E-36,0.022,1300.0,4600.0,1300.0,3599999.9999999995,5900.0,5500.0,4300.0,880.0,6800.0,0.16,3599999.9999999995,1.1,0.32,0.32,0.0,370.0,0.075,0.0,0.0,0.0,5900.0,1.0,6.5E8,
4.7E-36,0.022,1300.0,4600.0,1300.0,3599999.9999999995,5900.0,5500.0,4300.0,880.0,6800.0,0.16,3599999.9999999995,1.1,0.32,0.32,0.0,370.0,0.075,0.0,0.0,0.0,5900.0,1.0,6.5E8,
4.7E-36,0.022,1300.0,4600.0,1300.0,3599999.9999999995,5900.0,5500.0,4300.0,880.0,6800.0,0.16,3599999.9999999995,1.1,0.32,0.32,0.0,370.0,0.075,0.0,0.0,0.0,5900.0,1.0,6.5E8,
3.6E-36,0.017,2200.0,7000.0,4500.0,4500000.0,5900.0,5500.0,4300.0,880.0,6800.0,0.16,4500000.0,0.96,0.31,0.31,0.0,390.0,0.097,0.0,0.0,0.0,6000.0,1.0,6.6E8,
3.6E-36,0.017,2100.0,7000.0,4500.0,4400000.0,5900.0,5500.0,4300.0,880.0,6800.0,0.16,4400000.0,0.95,0.31,0.31,0.0,390.0,0.096,0.0,0.0,0.0,6000.0,1.0,6.6E8,
3.5E-36,0.017,2100.0,7000.0,4500.0,4200000.0,5900.0,5500.0,4300.0,880.0,6800.0,0.16,4200000.0,0.94,0.3,0.3,0.0,380.0,0.094,0.0,0.0,0.0,5900.0,1.0,6.6E8,
3.5E-36,0.017,2100.0,7000.0,4500.0,3999999.9999999995,5900.0,5500.0,4300.0,880.0,6800.0,0.16,4099999.9999999995,0.93,0.3,0.3,0.0,380.0,0.092,0.0,0.0,0.0,5900.0,1.0,6.5E8,
3.4E-36,0.016,2100.0,7000.0,4500.0,3599999.9999999995,5900.0,5500.0,4300.0,880.0,6800.0,0.15,3599999.9999999995,0.9,0.29,0.29,0.0,370.0,0.087,0.0,0.0,0.0,5800.0,1.0,6.5E8,
3.4E-36,0.016,2100.0,7000.0,4500.0,3599999.9999999995,5900.0,5500.0,4300.0,880.0,6800.0,0.15,3599999.9999999995,0.9,0.29,0.29,0.0,370.0,0.087,0.0,0.0,0.0,5800.0,1.0,6.5E8,
3.4E-36,0.016,2100.0,7000.0,4500.0,3599999.9999999995,5900.0,5500.0,4300.0,880.0,6800.0,0.15,3599999.9999999995,0.9,0.29,0.29,0.0,360.0,0.087,0.0,0.0,0.0,5800.0,1.0,6.5E8,
3.4E-36,0.016,2100.0,7000.0,4500.0,3599999.9999999995,5900.0,5500.0,4300.0,880.0,6800.0,0.15,3599999.9999999995,0.9,0.29,0.29,0.0,360.0,0.087,0.0,0.0,0.0,5800.0,1.0,6.5E8,
3.4E-36,0.016,2100.0,7000.0,4500.0,3599999.9999999995,5900.0,5500.0,4300.0,880.0,6800.0,0.15,3599999.9999999995,0.9,0.29,0.29,0.0,360.0,0.087,0.0,0.0,0.0,5800.0,1.0,6.5E8,
3.4E-36,0.016,2100.0,7000.0,4500.0,3599999.9999999995,5900.0,5500.0,4300.0,880.0,6800.0,0.15,3599999.9999999995,0.9,0.29,0.29,0.0,360.0,0.087,0.0,0.0,0.0,5800.0,1.0,6.5E8,
3.4E-36,0.016,2100.0,7000.0,4500.0,3599999.9999999995,5900.0,5500.0,4300.0,880.0,6800.0,0.15,3599999.9999999995,0.9,0.29,0.29,0.0,350.0,0.087,0.0,0.0,0.0,5800.0,1.0,6.5E8,
3.4E-36,0.016,2100.0,7000.0,4500.0,3599999.9999999995,5900.0,5500.0,4300.0,880.0,6800.0,0.15,3599999.9999999995,0.9,0.29,0.29,0.0,350.0,0.087,0.0,0.0,0.0,5800.0,1.0,6.5E8,
3.4E-36,0.016,2100.0,7000.0,4500.0,3599999.9999999995,5900.0,5500.0,4300.0,880.0,6800.0,0.15,3599999.9999999995,0.9,0.29,0.29,0.0,350.0,0.087,0.0,0.0,0.0,5700.0,1.0,6.5E8,
3.4E-36,0.016,2100.0,7000.0,4500.0,3599999.9999999995,5900.0,5500.0,4300.0,880.0,6800.0,0.15,3599999.9999999995,0.9,0.29,0.29,0.0,350.0,0.087,0.0,0.0,0.0,5700.0,1.0,6.5E8,
3.4E-36,0.016,2100.0,7000.0,4500.0,3599999.9999999995,5900.0,5500.0,4300.0,880.0,6800.0,0.15,3599999.9999999995,0.9,0.29,0.29,0.0,350.0,0.087,0.0,0.0,0.0,5700.0,1.0,6.4E8,
3.4E-36,0.016,2100.0,7000.0,4500.0,3599999.9999999995,5900.0,5500.0,4300.0,880.0,6800.0,0.15,3599999.9999999995,0.9,0.29,0.29,0.0,340.0,0.087,0.0,0.0,0.0,5700.0,1.0,6.4E8,
3.4E-36,0.016,2100.0,7000.0,4500.0,3599999.9999999995,5900.0,5500.0,4300.0,880.0,6800.0,0.15,3599999.9999999995,0.9,0.29,0.29,0.0,340.0,0.087,0.0,0.0,0.0,5700.0,1.0,6.4E8,
3.4E-36,0.016,2100.0,7000.0,4500.0,3599999.9999999995,5900.0,5500.0,4300.0,880.0,6800.0,0.15,3599999.9999999995,0.9,0.29,0.29,0.0,330.0,0.087,0.0,0.0,0.0,5600.0,1.0,6.4E8,
3.4E-36,0.016,2100.0,7000.0,4500.0,3599999.9999999995,5900.0,5500.0,4300.0,880.0,6800.0,0.15,3599999.9999999995,0.9,0.29,0.29,0.0,330.0,0.087,0.0,0.0,0.0,5600.0,1.0,6.4E8,
3.4E-36,0.016,2100.0,7000.0,4500.0,3599999.9999999995,5900.0,5500.0,4300.0,880.0,6800.0,0.15,3599999.9999999995,0.9,0.29,0.29,0.0,330.0,0.087,0.0,0.0,0.0,5600.0,1.0,6.4E8,
3.4E-36,0.016,2100.0,7000.0,4500.0,3599999.9999999995,5900.0,5500.0,4300.0,880.0,6800.0,0.15,3599999.9999999995,0.9,0.29,0.29,0.0,330.0,0.087,0.0,0.0,0.0,5600.0,1.0,6.4E8,
3.4E-36,0.016,2100.0,7000.0,4500.0,3599999.9999999995,5900.0,5500.0,4300.0,880.0,6800.0,0.15,3599999.9999999995,0.9,0.29,0.29,0.0,330.0,0.087,0.0,0.0,0.0,5600.0,1.0,6.4E8,
3.4E-36,0.016,2100.0,7000.0,4500.0,3599999.9999999995,5900.0,5500.0,4300.0,880.0,6800.0,0.15,3599999.9999999995,0.9,0.29,0.29,0.0,320.0,0.087,0.0,0.0,0.0,5600.0,1.0,6.4E8,
3.4E-36,0.016,2100.0,7000.0,4500.0,3599999.9999999995,5900.0,5500.0,4300.0,880.0,6800.0,0.15,3599999.9999999995,0.9,0.29,0.29,0.0,320.0,0.087,0.0,0.0,0.0,5500.0,1.0,6.4E8,
3.4E-36,0.016,2100.0,7000.0,4500.0,3599999.9999999995,5900.0,5500.0,4300.0,880.0,6800.0,0.15,3599999.9999999995,0.9,0.29,0.29,0.0,320.0,0.087,0.0,0.0,0.0,5500.0,1.0,6.4E8,
3.4E-36,0.016,2100.0,7000.0,4500.0,3599999.9999999995,5900.0,5500.0,4300.0,880.0,6800.0,0.15,3599999.9999999995,0.9,0.29,0.29,0.0,320.0,0.087,0.0,0.0,0.0,5500.0,1.0,6.4E8,
2.2E-35,0.1,28000.0,38000.0,2100.0,4600000.0,4600.0,5500.0,4300.0,880.0,6800.0,0.16,4700000.0,7.1,0.28,0.28,0.0,360.0,0.27,0.0,0.0,0.0,5900.0,1.0,6.6E8,
4.8E-36,0.023,21000.0,3100.0,2100.0,4500000.0,4600.0,5500.0,4300.0,870.0,6800.0,0.16,4600000.0,1.5,0.21,0.21,0.0,350.0,0.26,0.0,0.0,0.0,5900.0,1.0,6.6E8,
4.6E-36,0.022,3100.0,3100.0,2100.0,4300000.0,4600.0,5500.0,4300.0,870.0,6700.0,0.16,4300000.0,1.5,0.21,0.21,0.0,350.0,0.25,0.0,0.0,0.0,5900.0,1.0,6.6E8,
4.5E-36,0.021,3100.0,3100.0,2100.0,3999999.9999999995,4600.0,5500.0,4300.0,870.0,6700.0,0.15,3999999.9999999995,1.5,0.2,0.2,0.0,350.0,0.24,0.0,0.0,0.0,5800.0,1.0,6.5E8,
4.3E-36,0.021,3100.0,3100.0,2100.0,3699999.9999999995,4500.0,5400.0,4200.0,870.0,6700.0,0.15,3699999.9999999995,1.4,0.2,0.2,0.0,360.0,0.23,0.0,0.0,0.0,5800.0,1.0,6.5E8,
4.3E-36,0.02,3100.0,3100.0,2100.0,3599999.9999999995,4500.0,5400.0,4200.0,870.0,6700.0,0.15,3599999.9999999995,1.4,0.2,0.2,0.0,350.0,0.23,0.0,0.0,0.0,5700.0,1.0,6.5E8,
4.3E-36,0.02,3100.0,3100.0,2100.0,3599999.9999999995,4500.0,5400.0,4200.0,870.0,6700.0,0.15,3599999.9999999995,1.4,0.2,0.2,0.0,350.0,0.23,0.0,0.0,0.0,5700.0,1.0,6.5E8,
4.3E-36,0.02,3100.0,3100.0,2100.0,3599999.9999999995,4500.0,5400.0,4200.0,870.0,6700.0,0.15,3599999.9999999995,1.4,0.2,0.2,0.0,350.0,0.23,0.0,0.0,0.0,5700.0,1.0,6.5E8,
4.3E-36,0.02,3100.0,3100.0,2100.0,3599999.9999999995,4500.0,5400.0,4200.0,870.0,6700.0,0.15,3599999.9999999995,1.4,0.2,0.2,0.0,350.0,0.23,0.0,0.0,0.0,5700.0,1.0,6.5E8,
4.3E-36,0.02,3100.0,3100.0,2100.0,3599999.9999999995,4500.0,5400.0,4200.0,870.0,6700.0,0.15,3599999.9999999995,1.4,0.2,0.2,0.0,350.0,0.23,0.0,0.0,0.0,5700.0,1.0,6.5E8,
4.3E-36,0.02,3100.0,3100.0,2100.0,3599999.9999999995,4500.0,5400.0,4200.0,870.0,6700.0,0.15,3599999.9999999995,1.4,0.2,0.2,0.0,350.0,0.23,0.0,0.0,0.0,5600.0,1.0,6.5E8,
4.3E-36,0.02,3100.0,3100.0,2100.0,3599999.9999999995,4500.0,5400.0,4200.0,870.0,6700.0,0.15,3599999.9999999995,1.4,0.2,0.2,0.0,340.0,0.23,0.0,0.0,0.0,5600.0,1.0,6.5E8,
4.3E-36,0.02,3100.0,3100.0,2100.0,3599999.9999999995,4500.0,5400.0,4200.0,870.0,6700.0,0.15,3599999.9999999995,1.4,0.2,0.2,0.0,340.0,0.23,0.0,0.0,0.0,5600.0,1.0,6.5E8,
4.3E-36,0.02,3100.0,3100.0,2100.0,3599999.9999999995,4500.0,5400.0,4200.0,870.0,6700.0,0.15,3599999.9999999995,1.4,0.2,0.2,0.0,340.0,0.23,0.0,0.0,0.0,5600.0,1.0,6.5E8,
4.3E-36,0.02,3100.0,3100.0,2100.0,3599999.9999999995,4500.0,5400.0,4200.0,870.0,6700.0,0.15,3599999.9999999995,1.4,0.2,0.2,0.0,340.0,0.23,0.0,0.0,0.0,5600.0,1.0,6.5E8,
4.3E-36,0.02,3100.0,3100.0,2100.0,3599999.9999999995,4500.0,5400.0,4200.0,870.0,6700.0,0.15,3599999.9999999995,1.4,0.2,0.2,0.0,340.0,0.23,0.0,0.0,0.0,5500.0,1.0,6.5E8,
4.3E-36,0.02,3100.0,3100.0,2100.0,3599999.9999999995,4500.0,5400.0,4200.0,870.0,6700.0,0.15,3599999.9999999995,1.4,0.2,0.2,0.0,330.0,0.23,0.0,0.0,0.0,5500.0,1.0,6.5E8,
4.3E-36,0.02,3100.0,3100.0,2100.0,3599999.9999999995,4500.0,5400.0,4200.0,870.0,6700.0,0.15,3599999.9999999995,1.4,0.2,0.2,0.0,330.0,0.23,0.0,0.0,0.0,5500.0,1.0,6.5E8,
4.3E-36,0.02,3100.0,3100.0,2100.0,3599999.9999999995,4500.0,5400.0,4200.0,870.0,6700.0,0.15,3599999.9999999995,1.4,0.19,0.19,0.0,330.0,0.23,0.0,0.0,0.0,5500.0,1.0,6.4E8,
4.3E-36,0.02,3100.0,3100.0,2100.0,3599999.9999999995,4500.0,5400.0,4200.0,870.0,6700.0,0.14,3599999.9999999995,1.4,0.19,0.19,0.0,330.0,0.23,0.0,0.0,0.0,5500.0,1.0,6.4E8,
4.3E-36,0.02,3100.0,3100.0,2100.0,3599999.9999999995,4500.0,5400.0,4200.0,870.0,6700.0,0.14,3599999.9999999995,1.4,0.19,0.19,0.0,330.0,0.23,0.0,0.0,0.0,5400.0,1.0,6.4E8,
4.3E-36,0.02,3100.0,3100.0,2100.0,3599999.9999999995,4500.0,5400.0,4200.0,870.0,6700.0,0.14,3599999.9999999995,1.4,0.19,0.19,0.0,330.0,0.23,0.0,0.0,0.0,5400.0,1.0,6.4E8,
4.3E-36,0.02,3100.0,3100.0,2100.0,3599999.9999999995,4500.0,5400.0,4200.0,870.0,6700.0,0.14,3599999.9999999995,1.4,0.19,0.19,0.0,330.0,0.23,0.0,0.0,0.0,5400.0,1.0,6.4E8,
4.3E-36,0.02,3100.0,3100.0,2100.0,3599999.9999999995,4500.0,5400.0,4200.0,870.0,6700.0,0.14,3599999.9999999995,1.4,0.19,0.19,0.0,330.0,0.23,0.0,0.0,0.0,5400.0,1.0,6.4E8,
4.3E-36,0.02,3100.0,3100.0,2100.0,3599999.9999999995,4500.0,5400.0,4200.0,870.0,6700.0,0.14,3599999.9999999995,1.4,0.19,0.19,0.0,330.0,0.23,0.0,0.0,0.0,5400.0,1.0,6.4E8,
4.3E-36,0.02,3100.0,3100.0,2100.0,3599999.9999999995,4500.0,5400.0,4200.0,870.0,6700.0,0.14,3599999.9999999995,1.4,0.19,0.19,0.0,330.0,0.23,0.0,0.0,0.0,5400.0,1.0,6.4E8,
4.3E-36,0.02,3100.0,3100.0,2100.0,3599999.9999999995,4500.0,5400.0,4200.0,870.0,6700.0,0.14,3599999.9999999995,1.4,0.19,0.19,0.0,330.0,0.23,0.0,0.0,0.0,5400.0,1.0,6.4E8,
4.3E-36,0.02,3100.0,3100.0,2100.0,3599999.9999999995,4500.0,5400.0,4200.0,870.0,6700.0,0.14,3599999.9999999995,1.4,0.19,0.19,0.0,320.0,0.23,0.0,0.0,0.0,5300.0,1.0,6.4E8,
4.3E-36,0.02,3100.0,3100.0,2100.0,3599999.9999999995,4500.0,5400.0,4200.0,870.0,6700.0,0.14,3599999.9999999995,1.4,0.19,0.19,0.0,320.0,0.23,0.0,0.0,0.0,5300.0,1.0,6.4E8,
4.3E-36,0.02,3100.0,3100.0,2100.0,3599999.9999999995,4500.0,5400.0,4200.0,870.0,6700.0,0.14,3599999.9999999995,1.4,0.19,0.19,0.0,310.0,0.23,0.0,0.0,0.0,5300.0,1.0,6.4E8,
4.3E-36,0.02,3100.0,3100.0,2100.0,3599999.9999999995,4500.0,5400.0,4200.0,870.0,6700.0,0.14,3599999.9999999995,1.4,0.19,0.19,0.0,310.0,0.23,0.0,0.0,0.0,5300.0,1.0,6.4E8,
4.3E-36,0.02,3100.0,3100.0,2100.0,3599999.9999999995,4500.0,5400.0,4200.0,870.0,6700.0,0.14,3599999.9999999995,1.4,0.19,0.19,0.0,310.0,0.23,0.0,0.0,0.0,5300.0,1.0,6.4E8,
4.3E-36,0.02,3100.0,3100.0,2100.0,3599999.9999999995,4500.0,5400.0,4200.0,870.0,6700.0,0.14,3599999.9999999995,1.4,0.19,0.19,0.0,310.0,0.23,0.0,0.0,0.0,5200.0,1.0,6.4E8,
4.3E-36,0.02,3100.0,3100.0,2100.0,3599999.9999999995,4500.0,5400.0,4200.0,870.0,6700.0,0.14,3599999.9999999995,1.4,0.19,0.19,0.0,310.0,0.23,0.0,0.0,0.0,5200.0,1.0,6.4E8,
4.3E-36,0.02,3100.0,3100.0,2100.0,3599999.9999999995,4500.0,5400.0,4200.0,870.0,6700.0,0.14,3599999.9999999995,1.4,0.19,0.19,0.0,310.0,0.23,0.0,0.0,0.0,5200.0,1.0,6.4E8,
4.3E-36,0.02,3100.0,3100.0,2100.0,3599999.9999999995,4500.0,5400.0,4200.0,870.0,6700.0,0.14,3599999.9999999995,1.4,0.19,0.19,0.0,300.0,0.23,0.0,0.0,0.0,5200.0,1.0,6.4E8,
4.3E-36,0.02,3100.0,3100.0,2100.0,3599999.9999999995,4500.0,5400.0,4200.0,870.0,6700.0,0.14,3599999.9999999995,1.4,0.19,0.19,0.0,300.0,0.23,0.0,0.0,0.0,5200.0,1.0,6.4E8,
4.3E-36,0.02,3100.0,3100.0,2100.0,3599999.9999999995,4500.0,5400.0,4200.0,870.0,6700.0,0.14,3599999.9999999995,1.4,0.19,0.19,0.0,300.0,0.23,0.0,0.0,0.0,5100.0,1.0,6.4E8,
4.3E-36,0.02,3100.0,3100.0,2100.0,3599999.9999999995,4500.0,5400.0,4200.0,870.0,6700.0,0.14,3599999.9999999995,1.4,0.19,0.19,0.0,300.0,0.23,0.0,0.0,0.0,5100.0,1.0,6.4E8,
5.9E-35,0.28,23000.0,70000.0,44000.0,4300000.0,28000.0,5400.0,4200.0,870.0,6700.0,0.14,4500000.0,16.0,0.37,0.37,0.0,340.0,0.62,0.0,0.0,0.0,5500.0,1.0,6.6E8,
2.3E-35,0.11,3000.0,20000.0,21000.0,4300000.0,590.0,5400.0,4200.0,870.0,6700.0,0.14,4300000.0,6.2,0.25,0.25,0.0,340.0,0.33,0.0,0.0,0.0,5500.0,1.0,6.6E8,
6.5E-36,0.031,3000.0,5000.0,3900.0,4200000.0,590.0,5400.0,4200.0,870.0,6700.0,0.14,4200000.0,1.8,0.19,0.19,0.0,340.0,0.1,0.0,0.0,0.0,5500.0,1.0,6.5E8,
6.300000000000001E-36,0.03,3000.0,5000.0,3900.0,3899999.9999999995,590.0,5400.0,4200.0,870.0,6700.0,0.14,3999999.9999999995,1.7,0.19,0.19,0.0,340.0,0.1,0.0,0.0,0.0,5400.0,1.0,6.5E8,
6.2E-36,0.03,3000.0,5000.0,3900.0,3699999.9999999995,590.0,5400.0,4200.0,860.0,6700.0,0.14,3799999.9999999995,1.7,0.18,0.18,0.0,340.0,0.098,0.0,0.0,0.0,5400.0,1.0,6.5E8,
6.2E-36,0.03,3000.0,5000.0,3900.0,3699999.9999999995,590.0,5400.0,4200.0,860.0,6700.0,0.14,3699999.9999999995,1.7,0.18,0.18,0.0,330.0,0.097,0.0,0.0,0.0,5400.0,1.0,6.5E8,
6.2E-36,0.029,3000.0,5000.0,3900.0,3599999.9999999995,590.0,5400.0,4200.0,860.0,6700.0,0.14,3599999.9999999995,1.7,0.18,0.18,0.0,330.0,0.096,0.0,0.0,0.0,5400.0,1.0,6.5E8,
6.2E-36,0.029,3000.0,5000.0,3900.0,3599999.9999999995,590.0,5400.0,4200.0,860.0,6700.0,0.14,3599999.9999999995,1.7,0.18,0.18,0.0,330.0,0.096,0.0,0.0,0.0,5400.0,1.0,6.5E8,
6.2E-36,0.029,3000.0,5000.0,3900.0,3599999.9999999995,590.0,5400.0,4200.0,860.0,6700.0,0.14,3599999.9999999995,1.7,0.18,0.18,0.0,330.0,0.096,0.0,0.0,0.0,5300.0,1.0,6.5E8,
6.2E-36,0.029,3000.0,5000.0,3900.0,3599999.9999999995,590.0,5400.0,4200.0,860.0,6700.0,0.14,3599999.9999999995,1.7,0.18,0.18,0.0,330.0,0.096,0.0,0.0,0.0,5300.0,1.0,6.5E8,
6.2E-36,0.029,3000.0,5000.0,3900.0,3599999.9999999995,590.0,5400.0,4200.0,860.0,6700.0,0.14,3599999.9999999995,1.7,0.18,0.18,0.0,330.0,0.096,0.0,0.0,0.0,5300.0,1.0,6.5E8,
6.2E-36,0.029,3000.0,5000.0,3900.0,3599999.9999999995,590.0,5400.0,4200.0,860.0,6700.0,0.14,3599999.9999999995,1.7,0.18,0.18,0.0,330.0,0.096,0.0,0.0,0.0,5300.0,1.0,6.5E8,
6.2E-36,0.029,3000.0,5000.0,3900.0,3599999.9999999995,590.0,5400.0,4200.0,860.0,6700.0,0.14,3599999.9999999995,1.7,0.18,0.18,0.0,330.0,0.096,0.0,0.0,0.0,5300.0,1.0,6.5E8,
6.2E-36,0.029,3000.0,5000.0,3900.0,3599999.9999999995,590.0,5400.0,4200.0,860.0,6700.0,0.14,3599999.9999999995,1.7,0.18,0.18,0.0,330.0,0.096,0.0,0.0,0.0,5200.0,1.0,6.5E8,
6.2E-36,0.029,3000.0,5000.0,3900.0,3599999.9999999995,590.0,5400.0,4200.0,860.0,6700.0,0.14,3599999.9999999995,1.7,0.18,0.18,0.0,330.0,0.096,0.0,0.0,0.0,5200.0,1.0,6.5E8,
6.2E-36,0.029,3000.0,5000.0,3900.0,3599999.9999999995,590.0,5400.0,4200.0,860.0,6700.0,0.14,3599999.9999999995,1.7,0.18,0.18,0.0,320.0,0.096,0.0,0.0,0.0,5200.0,1.0,6.5E8,
6.2E-36,0.029,3000.0,5000.0,3900.0,3599999.9999999995,590.0,5400.0,4200.0,860.0,6700.0,0.14,3599999.9999999995,1.7,0.18,0.18,0.0,320.0,0.096,0.0,0.0,0.0,5200.0,1.0,6.5E8,
6.2E-36,0.029,3000.0,5000.0,3900.0,3599999.9999999995,590.0,5400.0,4200.0,860.0,6700.0,0.14,3599999.9999999995,1.7,0.18,0.18,0.0,320.0,0.096,0.0,0.0,0.0,5200.0,1.0,6.5E8,
6.2E-36,0.029,3000.0,5000.0,3900.0,3599999.9999999995,590.0,5400.0,4200.0,860.0,6700.0,0.14,3599999.9999999995,1.7,0.18,0.18,0.0,320.0,0.096,0.0,0.0,0.0,5200.0,1.0,6.5E8,
6.2E-36,0.029,3000.0,5000.0,3900.0,3599999.9999999995,590.0,5400.0,4200.0,860.0,6700.0,0.14,3599999.9999999995,1.7,0.18,0.18,0.0,320.0,0.096,0.0,0.0,0.0,5200.0,1.0,6.5E8,
6.2E-36,0.029,3000.0,5000.0,3900.0,3599999.9999999995,590.0,5400.0,4200.0,860.0,6700.0,0.14,3599999.9999999995,1.7,0.18,0.18,0.0,320.0,0.096,0.0,0.0,0.0,5100.0,1.0,6.5E8,
6.2E-36,0.029,3000.0,5000.0,3900.0,3599999.9999999995,590.0,5400.0,4200.0,860.0,6700.0,0.13,3599999.9999999995,1.7,0.18,0.18,0.0,320.0,0.096,0.0,0.0,0.0,5100.0,1.0,6.5E8,
7.0E-36,0.033,13000.0,3300.0,3600.0,4600000.0,590.0,5400.0,4200.0,3200.0,4400.0,0.16,4600000.0,2.1,0.13,0.13,0.0,450.0,0.36,0.0,0.0,0.0,6100.0,1.0,6.7E8,
5.5E-35,0.26,4500.0,81000.0,9800.0,4600000.0,590.0,5400.0,4200.0,3100.0,4400.0,0.16,4800000.0,16.0,0.24,0.24,0.0,470.0,0.38,0.0,0.0,0.0,6200.0,1.0,6.7E8,
5.6E-36,0.027,4500.0,2900.0,2200.0,4600000.0,580.0,5400.0,4200.0,3100.0,4400.0,0.16,4600000.0,1.6,0.12,0.12,0.0,470.0,0.18,0.0,0.0,0.0,6200.0,1.0,6.7E8,
5.5000000000000005E-36,0.026,4500.0,2900.0,2200.0,4500000.0,580.0,5400.0,4200.0,3100.0,4300.0,0.16,4500000.0,1.6,0.12,0.12,0.0,470.0,0.17,0.0,0.0,0.0,6200.0,1.0,6.7E8,
5.4E-36,0.025,4500.0,2900.0,2200.0,4200000.0,580.0,5400.0,4200.0,3100.0,4300.0,0.16,4200000.0,1.5,0.12,0.12,0.0,460.0,0.17,0.0,0.0,0.0,6100.0,1.0,6.7E8,
5.3000000000000005E-36,0.025,4500.0,2900.0,2200.0,3999999.9999999995,580.0,5300.0,4200.0,3100.0,4300.0,0.16,4099999.9999999995,1.5,0.12,0.12,0.0,470.0,0.16,0.0,0.0,0.0,6100.0,1.0,6.6E8,
5.2E-36,0.025,4500.0,2900.0,2200.0,3999999.9999999995,580.0,5300.0,4200.0,3100.0,4300.0,0.16,3999999.9999999995,1.5,0.11,0.11,0.0,460.0,0.16,0.0,0.0,0.0,6100.0,1.0,6.6E8,
5.0E-36,0.024,4500.0,2900.0,2200.0,3599999.9999999995,580.0,5300.0,4200.0,3100.0,4300.0,0.16,3699999.9999999995,1.5,0.11,0.11,0.0,460.0,0.15,0.0,0.0,0.0,6000.0,1.0,6.6E8,
5.0E-36,0.024,4500.0,2900.0,2200.0,3599999.9999999995,580.0,5300.0,4200.0,3100.0,4300.0,0.16,3699999.9999999995,1.5,0.11,0.11,0.0,450.0,0.15,0.0,0.0,0.0,6000.0,1.0,6.6E8,
5.0E-36,0.024,4500.0,2900.0,2200.0,3599999.9999999995,580.0,5300.0,4200.0,3100.0,4300.0,0.16,3699999.9999999995,1.5,0.11,0.11,0.0,450.0,0.15,0.0,0.0,0.0,6000.0,1.0,6.6E8,
5.0E-36,0.024,4500.0,2900.0,2200.0,3599999.9999999995,580.0,5300.0,4200.0,3100.0,4300.0,0.16,3699999.9999999995,1.5,0.11,0.11,0.0,450.0,0.15,0.0,0.0,0.0,6000.0,1.0,6.6E8,
5.0E-36,0.024,4500.0,2900.0,2200.0,3599999.9999999995,580.0,5300.0,4200.0,3100.0,4300.0,0.16,3699999.9999999995,1.5,0.11,0.11,0.0,450.0,0.15,0.0,0.0,0.0,5900.0,1.0,6.6E8,
5.0E-36,0.024,4500.0,2900.0,2200.0,3599999.9999999995,580.0,5300.0,4200.0,3100.0,4300.0,0.16,3699999.9999999995,1.5,0.11,0.11,0.0,440.0,0.15,0.0,0.0,0.0,5900.0,1.0,6.6E8,
5.0E-36,0.024,4500.0,2900.0,2200.0,3599999.9999999995,580.0,5300.0,4200.0,3100.0,4300.0,0.15,3699999.9999999995,1.5,0.11,0.11,0.0,440.0,0.15,0.0,0.0,0.0,5900.0,1.0,6.6E8,
5.0E-36,0.024,4500.0,2900.0,2200.0,3599999.9999999995,580.0,5300.0,4200.0,3100.0,4300.0,0.15,3699999.9999999995,1.5,0.11,0.11,0.0,440.0,0.15,0.0,0.0,0.0,5900.0,1.0,6.6E8,
5.0E-36,0.024,4500.0,2900.0,2200.0,3599999.9999999995,580.0,5300.0,4200.0,3100.0,4300.0,0.15,3699999.9999999995,1.5,0.11,0.11,0.0,430.0,0.15,0.0,0.0,0.0,5900.0,1.0,6.6E8,
5.0E-36,0.024,4500.0,2900.0,2200.0,3599999.9999999995,580.0,5300.0,4200.0,3100.0,4300.0,0.15,3699999.9999999995,1.5,0.11,0.11,0.0,430.0,0.15,0.0,0.0,0.0,5900.0,1.0,6.6E8,
5.0E-36,0.024,4500.0,2900.0,2200.0,3599999.9999999995,580.0,5300.0,4200.0,3100.0,4300.0,0.15,3699999.9999999995,1.5,0.11,0.11,0.0,430.0,0.15,0.0,0.0,0.0,5800.0,1.0,6.6E8,
5.0E-36,0.024,4500.0,2900.0,2200.0,3599999.9999999995,580.0,5300.0,4200.0,3100.0,4300.0,0.15,3699999.9999999995,1.5,0.11,0.11,0.0,420.0,0.15,0.0,0.0,0.0,5800.0,1.0,6.6E8,
5.0E-36,0.024,4500.0,2900.0,2200.0,3599999.9999999995,580.0,5300.0,4200.0,3100.0,4300.0,0.15,3699999.9999999995,1.5,0.11,0.11,0.0,420.0,0.15,0.0,0.0,0.0,5800.0,1.0,6.6E8,
5.0E-36,0.024,4500.0,2900.0,2200.0,3599999.9999999995,580.0,5300.0,4200.0,3100.0,4300.0,0.15,3699999.9999999995,1.5,0.11,0.11,0.0,410.0,0.15,0.0,0.0,0.0,5800.0,1.0,6.6E8,
1.0E-34,0.48,1700.0,190000.0,1800.0,4600000.0,580.0,5300.0,4200.0,3100.0,470.0,0.16,4800000.0,28.0,0.23,0.23,0.0,460.0,0.055,0.0,0.0,0.0,6100.0,1.0,6.7E8,
6.6E-35,0.31,1700.0,120000.0,1800.0,4600000.0,580.0,5300.0,4200.0,3100.0,470.0,0.16,4700000.0,19.0,0.17,0.17,0.0,460.0,0.054,0.0,0.0,0.0,6100.0,1.0,6.7E8,
4.7E-36,0.022,1700.0,2800.0,1800.0,4400000.0,580.0,5300.0,4200.0,3100.0,470.0,0.16,4400000.0,1.3,0.051,0.051,0.0,460.0,0.052,0.0,0.0,0.0,6000.0,1.0,6.7E8,
4.6E-36,0.022,1700.0,2800.0,1800.0,4200000.0,580.0,5300.0,4200.0,3100.0,470.0,0.16,4200000.0,1.3,0.049,0.049,0.0,460.0,0.05,0.0,0.0,0.0,6000.0,1.0,6.7E8,
4.3E-36,0.021,1700.0,2800.0,1800.0,3699999.9999999995,580.0,5300.0,4100.0,3100.0,470.0,0.15,3699999.9999999995,1.2,0.044,0.044,0.0,450.0,0.046,0.0,0.0,0.0,5900.0,1.0,6.6E8,
4.3E-36,0.021,1700.0,2800.0,1800.0,3699999.9999999995,580.0,5300.0,4100.0,3100.0,470.0,0.15,3699999.9999999995,1.2,0.044,0.044,0.0,440.0,0.045,0.0,0.0,0.0,5900.0,1.0,6.6E8,
4.3E-36,0.021,1700.0,2800.0,1800.0,3699999.9999999995,580.0,5300.0,4100.0,3100.0,470.0,0.15,3699999.9999999995,1.2,0.044,0.044,0.0,430.0,0.045,0.0,0.0,0.0,5900.0,1.0,6.6E8,
4.3E-36,0.021,1700.0,2800.0,1800.0,3699999.9999999995,580.0,5300.0,4100.0,3100.0,470.0,0.15,3699999.9999999995,1.2,0.044,0.044,0.0,430.0,0.045,0.0,0.0,0.0,5900.0,1.0,6.6E8,
4.3E-36,0.021,1700.0,2800.0,1800.0,3699999.9999999995,580.0,5300.0,4100.0,3100.0,470.0,0.15,3699999.9999999995,1.2,0.044,0.044,0.0,430.0,0.045,0.0,0.0,0.0,5900.0,1.0,6.6E8,
4.3E-36,0.021,1700.0,2800.0,1800.0,3699999.9999999995,580.0,5300.0,4100.0,3100.0,470.0,0.15,3699999.9999999995,1.2,0.044,0.044,0.0,420.0,0.045,0.0,0.0,0.0,5800.0,1.0,6.6E8,
4.3E-36,0.021,1700.0,2800.0,1800.0,3699999.9999999995,580.0,5300.0,4100.0,3100.0,470.0,0.15,3699999.9999999995,1.2,0.044,0.044,0.0,420.0,0.045,0.0,0.0,0.0,5800.0,1.0,6.6E8,
4.3E-36,0.021,1700.0,2800.0,1800.0,3699999.9999999995,580.0,5300.0,4100.0,3100.0,470.0,0.15,3699999.9999999995,1.2,0.044,0.044,0.0,420.0,0.045,0.0,0.0,0.0,5800.0,1.0,6.6E8,
4.3E-36,0.021,1700.0,2800.0,1800.0,3699999.9999999995,580.0,5300.0,4100.0,3100.0,470.0,0.15,3699999.9999999995,1.2,0.044,0.044,0.0,410.0,0.045,0.0,0.0,0.0,5800.0,1.0,6.6E8,
4.3E-36,0.021,1700.0,2800.0,1800.0,3699999.9999999995,580.0,5300.0,4100.0,3100.0,470.0,0.15,3699999.9999999995,1.2,0.044,0.044,0.0,410.0,0.045,0.0,0.0,0.0,5800.0,1.0,6.6E8,
4.3E-36,0.021,1700.0,2800.0,1800.0,3699999.9999999995,580.0,5300.0,4100.0,3100.0,470.0,0.15,3699999.9999999995,1.2,0.044,0.044,0.0,410.0,0.045,0.0,0.0,0.0,5800.0,1.0,6.6E8,
4.3E-36,0.021,1700.0,2800.0,1800.0,3699999.9999999995,580.0,5300.0,4100.0,3100.0,470.0,0.15,3699999.9999999995,1.2,0.044,0.044,0.0,410.0,0.045,0.0,0.0,0.0,5700.0,1.0,6.6E8,
4.3E-36,0.021,1700.0,2800.0,1800.0,3699999.9999999995,580.0,5300.0,4100.0,3100.0,470.0,0.15,3699999.9999999995,1.2,0.044,0.044,0.0,410.0,0.045,0.0,0.0,0.0,5700.0,1.0,6.6E8,
4.3E-36,0.021,1700.0,2800.0,1800.0,3699999.9999999995,580.0,5300.0,4100.0,3100.0,470.0,0.15,3699999.9999999995,1.2,0.044,0.044,0.0,410.0,0.045,0.0,0.0,0.0,5700.0,1.0,6.6E8,
4.3E-36,0.021,1700.0,2800.0,1800.0,3699999.9999999995,580.0,5300.0,4100.0,3100.0,470.0,0.15,3699999.9999999995,1.2,0.044,0.044,0.0,410.0,0.045,0.0,0.0,0.0,5700.0,1.0,6.6E8,
4.3E-36,0.021,1700.0,2800.0,1800.0,3699999.9999999995,580.0,5300.0,4100.0,3100.0,470.0,0.15,3699999.9999999995,1.2,0.044,0.044,0.0,410.0,0.045,0.0,0.0,0.0,5700.0,1.0,6.6E8,
4.3E-36,0.021,1700.0,2800.0,1800.0,3699999.9999999995,580.0,5300.0,4100.0,3100.0,470.0,0.15,3699999.9999999995,1.2,0.044,0.044,0.0,410.0,0.045,0.0,0.0,0.0,5600.0,1.0,6.6E8,
4.3E-36,0.021,1700.0,2800.0,1800.0,3699999.9999999995,580.0,5300.0,4100.0,3100.0,470.0,0.15,3699999.9999999995,1.2,0.044,0.044,0.0,410.0,0.045,0.0,0.0,0.0,5600.0,1.0,6.6E8,
4.3E-36,0.021,1700.0,2800.0,1800.0,3699999.9999999995,580.0,5300.0,4100.0,3100.0,470.0,0.15,3699999.9999999995,1.2,0.044,0.044,0.0,400.0,0.045,0.0,0.0,0.0,5600.0,1.0,6.6E8,
4.3E-36,0.021,1700.0,2800.0,1800.0,3699999.9999999995,580.0,5300.0,4100.0,3100.0,470.0,0.15,3699999.9999999995,1.2,0.044,0.044,0.0,400.0,0.045,0.0,0.0,0.0,5600.0,1.0,6.6E8,
4.3E-36,0.021,1700.0,2800.0,1800.0,3699999.9999999995,580.0,5300.0,4100.0,3100.0,470.0,0.14,3699999.9999999995,1.2,0.044,0.044,0.0,400.0,0.045,0.0,0.0,0.0,5600.0,1.0,6.6E8,
4.3E-36,0.021,1700.0,2800.0,1800.0,3699999.9999999995,580.0,5300.0,4100.0,3100.0,470.0,0.14,3699999.9999999995,1.2,0.044,0.044,0.0,390.0,0.045,0.0,0.0,0.0,5600.0,1.0,6.6E8,
4.3E-36,0.021,1700.0,2800.0,1800.0,3699999.9999999995,580.0,5300.0,4100.0,3100.0,470.0,0.14,3699999.9999999995,1.2,0.044,0.044,0.0,390.0,0.045,0.0,0.0,0.0,5500.0,1.0,6.6E8,
4.3E-36,0.021,1700.0,2800.0,1800.0,3699999.9999999995,580.0,5300.0,4100.0,3100.0,470.0,0.14,3699999.9999999995,1.2,0.044,0.044,0.0,380.0,0.045,0.0,0.0,0.0,5500.0,1.0,6.6E8,
4.3E-36,0.021,1700.0,2800.0,1800.0,3699999.9999999995,580.0,5300.0,4100.0,3100.0,470.0,0.14,3699999.9999999995,1.2,0.044,0.044,0.0,380.0,0.045,0.0,0.0,0.0,5500.0,1.0,6.6E8,
4.3E-36,0.021,1700.0,2800.0,1800.0,3699999.9999999995,580.0,5300.0,4100.0,3100.0,470.0,0.14,3699999.9999999995,1.2,0.044,0.044,0.0,380.0,0.045,0.0,0.0,0.0,5500.0,1.0,6.6E8,
4.3E-36,0.021,1700.0,2800.0,1800.0,3699999.9999999995,580.0,5300.0,4100.0,3100.0,470.0,0.14,3699999.9999999995,1.2,0.044,0.044,0.0,380.0,0.045,0.0,0.0,0.0,5500.0,1.0,6.6E8,
4.3E-36,0.021,1700.0,2800.0,1800.0,3699999.9999999995,580.0,5300.0,4100.0,3100.0,470.0,0.14,3699999.9999999995,1.2,0.044,0.044,0.0,380.0,0.045,0.0,0.0,0.0,5500.0,1.0,6.6E8,
4.3E-36,0.021,1700.0,2800.0,1800.0,3699999.9999999995,580.0,5300.0,4100.0,3100.0,470.0,0.14,3699999.9999999995,1.2,0.044,0.044,0.0,380.0,0.045,0.0,0.0,0.0,5400.0,1.0,6.6E8,
4.3E-36,0.021,1700.0,2800.0,1800.0,3699999.9999999995,580.0,5300.0,4100.0,3100.0,470.0,0.14,3699999.9999999995,1.2,0.044,0.044,0.0,370.0,0.045,0.0,0.0,0.0,5400.0,1.0,6.6E8,
4.3E-36,0.021,1700.0,2800.0,1800.0,3699999.9999999995,580.0,5300.0,4100.0,3100.0,470.0,0.14,3699999.9999999995,1.2,0.044,0.044,0.0,370.0,0.045,0.0,0.0,0.0,5400.0,1.0,6.6E8,
4.3E-36,0.021,1700.0,2800.0,1800.0,3699999.9999999995,580.0,5300.0,4100.0,3100.0,470.0,0.14,3699999.9999999995,1.2,0.044,0.044,0.0,370.0,0.045,0.0,0.0,0.0,5400.0,1.0,6.6E8,
4.3E-36,0.021,1700.0,2800.0,1800.0,3699999.9999999995,580.0,5300.0,4100.0,3100.0,470.0,0.14,3699999.9999999995,1.2,0.044,0.044,0.0,370.0,0.045,0.0,0.0,0.0,5400.0,1.0,6.6E8,
4.3E-36,0.021,1700.0,2800.0,1800.0,3699999.9999999995,580.0,5300.0,4100.0,3100.0,470.0,0.14,3699999.9999999995,1.2,0.044,0.044,0.0,370.0,0.045,0.0,0.0,0.0,5400.0,1.0,6.6E8,
4.3E-36,0.021,1700.0,2800.0,1800.0,3699999.9999999995,580.0,5300.0,4100.0,3100.0,470.0,0.14,3699999.9999999995,1.2,0.044,0.044,0.0,370.0,0.045,0.0,0.0,0.0,5300.0,1.0,6.6E8,
4.3E-36,0.021,1700.0,2800.0,1800.0,3699999.9999999995,580.0,5300.0,4100.0,3100.0,470.0,0.14,3699999.9999999995,1.2,0.044,0.044,0.0,360.0,0.045,0.0,0.0,0.0,5300.0,1.0,6.6E8,
4.3E-36,0.021,1700.0,2800.0,1800.0,3699999.9999999995,580.0,5300.0,4100.0,3100.0,470.0,0.14,3699999.9999999995,1.2,0.044,0.044,0.0,360.0,0.045,0.0,0.0,0.0,5300.0,1.0,6.6E8,
4.3E-36,0.021,1700.0,2800.0,1800.0,3699999.9999999995,580.0,5300.0,4100.0,3100.0,470.0,0.14,3699999.9999999995,1.2,0.044,0.044,0.0,360.0,0.045,0.0,0.0,0.0,5300.0,1.0,6.6E8,
4.3E-36,0.021,1700.0,2800.0,1800.0,3699999.9999999995,580.0,5300.0,4100.0,3100.0,470.0,0.14,3699999.9999999995,1.2,0.044,0.044,0.0,360.0,0.045,0.0,0.0,0.0,5300.0,1.0,6.6E8,
4.3E-36,0.021,1700.0,2800.0,1800.0,3699999.9999999995,580.0,5300.0,4100.0,3100.0,470.0,0.14,3699999.9999999995,1.2,0.044,0.044,0.0,360.0,0.045,0.0,0.0,0.0,5300.0,1.0,6.6E8,
4.3E-36,0.021,1700.0,2800.0,1800.0,3699999.9999999995,580.0,5300.0,4100.0,3100.0,470.0,0.14,3699999.9999999995,1.2,0.044,0.044,0.0,360.0,0.045,0.0,0.0,0.0,5200.0,1.0,6.6E8,
4.3E-36,0.021,1700.0,2800.0,1800.0,3699999.9999999995,580.0,5300.0,4100.0,3100.0,470.0,0.14,3699999.9999999995,1.2,0.044,0.044,0.0,360.0,0.045,0.0,0.0,0.0,5200.0,1.0,6.6E8,
4.3E-36,0.021,1700.0,2800.0,1800.0,3699999.9999999995,580.0,5300.0,4100.0,3100.0,470.0,0.13,3699999.9999999995,1.2,0.044,0.044,0.0,350.0,0.045,0.0,0.0,0.0,5200.0,1.0,6.6E8,
4.3E-36,0.021,1700.0,2800.0,1800.0,3699999.9999999995,580.0,5300.0,4100.0,3100.0,470.0,0.13,3699999.9999999995,1.2,0.044,0.044,0.0,350.0,0.045,0.0,0.0,0.0,5200.0,1.0,6.6E8,
4.3E-36,0.021,1700.0,2800.0,1800.0,3699999.9999999995,580.0,5300.0,4100.0,3100.0,470.0,0.13,3699999.9999999995,1.2,0.044,0.044,0.0,350.0,0.045,0.0,0.0,0.0,5200.0,1.0,6.6E8,
4.3E-36,0.021,1700.0,2800.0,1800.0,3699999.9999999995,580.0,5300.0,4100.0,3100.0,470.0,0.13,3699999.9999999995,1.2,0.044,0.044,0.0,350.0,0.045,0.0,0.0,0.0,5100.0,1.0,6.6E8,
4.3E-36,0.021,1700.0,2800.0,1800.0,3699999.9999999995,580.0,5300.0,4100.0,3100.0,470.0,0.13,3699999.9999999995,1.2,0.044,0.044,0.0,350.0,0.045,0.0,0.0,0.0,5100.0,1.0,6.6E8,
4.3E-36,0.021,1700.0,2800.0,1800.0,3699999.9999999995,580.0,5300.0,4100.0,3100.0,470.0,0.13,3699999.9999999995,1.2,0.044,0.044,0.0,350.0,0.045,0.0,0.0,0.0,5100.0,1.0,6.6E8,
9.599999999999999E-35,0.46,4400.0,150000.0,75000.0,4900000.0,31000.0,4600.0,490.0,790.0,20000.0,0.23,5100000.0,29.0,0.27,0.27,0.0,710.0,1.0,0.0,0.0,0.0,8900.0,1.0,7.0E8,
5.5000000000000005E-36,0.026,4400.0,4200.0,4600.0,4400000.0,3600.0,4600.0,490.0,790.0,2700.0,0.22,4400000.0,1.7,0.045,0.045,0.0,710.0,0.11,0.0,0.0,0.0,8800.0,1.0,7.0E8,
5.3000000000000005E-36,0.025,4400.0,4200.0,4600.0,3799999.9999999995,3600.0,4600.0,490.0,790.0,2700.0,0.22,3799999.9999999995,1.6,0.042,0.042,0.0,710.0,0.11,0.0,0.0,0.0,8700.0,1.0,6.9E8,
5.2E-36,0.025,4400.0,4200.0,4600.0,3799999.9999999995,3600.0,4600.0,490.0,790.0,2700.0,0.22,3799999.9999999995,1.6,0.042,0.042,0.0,700.0,0.11,0.0,0.0,0.0,8700.0,1.0,6.9E8,
5.2E-36,0.025,4400.0,4200.0,4600.0,3799999.9999999995,3600.0,4600.0,490.0,790.0,2700.0,0.22,3799999.9999999995,1.6,0.042,0.042,0.0,700.0,0.11,0.0,0.0,0.0,8700.0,1.0,6.9E8,
5.2E-36,0.025,4400.0,4200.0,4600.0,3799999.9999999995,3600.0,4600.0,490.0,790.0,2700.0,0.22,3799999.9999999995,1.6,0.042,0.042,0.0,700.0,0.11,0.0,0.0,0.0,8600.0,1.0,6.9E8,
5.2E-36,0.025,4400.0,4200.0,4600.0,3799999.9999999995,3600.0,4600.0,490.0,790.0,2700.0,0.22,3799999.9999999995,1.6,0.042,0.042,0.0,700.0,0.11,0.0,0.0,0.0,8600.0,1.0,6.9E8,
5.2E-36,0.025,4400.0,4200.0,4600.0,3799999.9999999995,3600.0,4600.0,490.0,790.0,2700.0,0.22,3799999.9999999995,1.6,0.042,0.042,0.0,700.0,0.11,0.0,0.0,0.0,8600.0,1.0,6.9E8,
5.2E-36,0.025,4400.0,4200.0,4600.0,3799999.9999999995,3600.0,4600.0,490.0,790.0,2700.0,0.22,3799999.9999999995,1.6,0.042,0.042,0.0,690.0,0.11,0.0,0.0,0.0,8600.0,1.0,6.9E8,
5.2E-36,0.025,4400.0,4200.0,4600.0,3799999.9999999995,3600.0,4600.0,490.0,790.0,2700.0,0.22,3799999.9999999995,1.6,0.042,0.042,0.0,690.0,0.11,0.0,0.0,0.0,8500.0,1.0,6.9E8,
5.2E-36,0.025,4400.0,4200.0,4600.0,3799999.9999999995,3600.0,4600.0,490.0,790.0,2700.0,0.22,3799999.9999999995,1.6,0.042,0.042,0.0,690.0,0.11,0.0,0.0,0.0,8500.0,1.0,6.9E8,
5.2E-36,0.025,4400.0,4200.0,4600.0,3799999.9999999995,3600.0,4600.0,490.0,790.0,2700.0,0.22,3799999.9999999995,1.6,0.042,0.042,0.0,680.0,0.11,0.0,0.0,0.0,8500.0,1.0,6.9E8,
2.7E-35,0.13,600.0,41000.0,20000.0,4800000.0,3600.0,4600.0,490.0,790.0,10000.0,0.22,4800000.0,8.0,0.083,0.083,0.0,680.0,0.28,0.0,0.0,0.0,8600.0,1.0,7.0E8,
3.5E-36,0.016,590.0,3700.0,300.0,4600000.0,3600.0,4600.0,490.0,790.0,2700.0,0.22,4600000.0,1.0,0.03,0.03,0.0,680.0,0.054,0.0,0.0,0.0,8600.0,1.0,7.0E8,
3.4E-36,0.016,590.0,3700.0,300.0,4600000.0,3600.0,4500.0,490.0,780.0,2700.0,0.22,4600000.0,1.0,0.03,0.03,0.0,680.0,0.053,0.0,0.0,0.0,8600.0,1.0,7.0E8,
3.3E-36,0.016,590.0,3600.0,300.0,4200000.0,3600.0,4500.0,490.0,780.0,2700.0,0.22,4200000.0,0.98,0.029,0.029,0.0,680.0,0.049,0.0,0.0,0.0,8500.0,1.0,7.0E8,
3.1E-36,0.015,590.0,3600.0,300.0,3899999.9999999995,3600.0,4500.0,490.0,780.0,2700.0,0.21,3899999.9999999995,0.94,0.027,0.027,0.0,670.0,0.046,0.0,0.0,0.0,8400.0,1.0,6.9E8,
3.1E-36,0.015,590.0,3600.0,300.0,3799999.9999999995,3600.0,4500.0,490.0,780.0,2700.0,0.21,3799999.9999999995,0.93,0.027,0.027,0.0,670.0,0.045,0.0,0.0,0.0,8400.0,1.0,6.9E8,
3.1E-36,0.015,590.0,3600.0,300.0,3799999.9999999995,3600.0,4500.0,490.0,780.0,2700.0,0.21,3799999.9999999995,0.93,0.027,0.027,0.0,660.0,0.045,0.0,0.0,0.0,8400.0,1.0,6.9E8,
3.1E-36,0.015,590.0,3600.0,300.0,3799999.9999999995,3600.0,4500.0,490.0,780.0,2700.0,0.21,3799999.9999999995,0.93,0.027,0.027,0.0,660.0,0.045,0.0,0.0,0.0,8300.0,1.0,6.9E8,
3.1E-36,0.015,590.0,3600.0,300.0,3799999.9999999995,3600.0,4500.0,490.0,780.0,2700.0,0.21,3799999.9999999995,0.93,0.027,0.027,0.0,660.0,0.045,0.0,0.0,0.0,8300.0,1.0,6.9E8,
3.1E-36,0.015,590.0,3600.0,300.0,3799999.9999999995,3600.0,4500.0,490.0,780.0,2700.0,0.21,3799999.9999999995,0.93,0.027,0.027,0.0,650.0,0.045,0.0,0.0,0.0,8300.0,1.0,6.9E8,
3.1E-36,0.015,590.0,3600.0,300.0,3799999.9999999995,3600.0,4500.0,490.0,780.0,2700.0,0.21,3799999.9999999995,0.93,0.027,0.027,0.0,650.0,0.045,0.0,0.0,0.0,8300.0,1.0,6.9E8,
3.1E-36,0.015,590.0,3600.0,300.0,3799999.9999999995,3600.0,4500.0,490.0,780.0,2700.0,0.21,3799999.9999999995,0.93,0.027,0.027,0.0,650.0,0.045,0.0,0.0,0.0,8200.0,1.0,6.9E8,
3.1E-36,0.015,590.0,3600.0,300.0,3799999.9999999995,3600.0,4500.0,490.0,780.0,2700.0,0.21,3799999.9999999995,0.93,0.027,0.027,0.0,650.0,0.045,0.0,0.0,0.0,8200.0,1.0,6.9E8,
3.1E-36,0.015,590.0,3600.0,300.0,3799999.9999999995,3600.0,4500.0,490.0,780.0,2700.0,0.21,3799999.9999999995,0.93,0.027,0.027,0.0,650.0,0.045,0.0,0.0,0.0,8200.0,1.0,6.9E8,
3.1E-36,0.015,590.0,3600.0,300.0,3799999.9999999995,3600.0,4500.0,490.0,780.0,2700.0,0.21,3799999.9999999995,0.93,0.027,0.027,0.0,650.0,0.045,0.0,0.0,0.0,8100.0,1.0,6.9E8,
3.1E-36,0.015,590.0,3600.0,300.0,3799999.9999999995,3600.0,4500.0,490.0,780.0,2700.0,0.21,3799999.9999999995,0.93,0.027,0.027,0.0,650.0,0.045,0.0,0.0,0.0,8100.0,1.0,6.9E8,
3.1E-36,0.015,590.0,3600.0,300.0,3799999.9999999995,3600.0,4500.0,490.0,780.0,2700.0,0.21,3799999.9999999995,0.93,0.027,0.027,0.0,650.0,0.045,0.0,0.0,0.0,8100.0,1.0,6.9E8,
3.1E-36,0.015,590.0,3600.0,300.0,3799999.9999999995,3600.0,4500.0,490.0,780.0,2700.0,0.21,3799999.9999999995,0.93,0.027,0.027,0.0,650.0,0.045,0.0,0.0,0.0,8100.0,1.0,6.9E8,
3.1E-36,0.015,590.0,3600.0,300.0,3799999.9999999995,3600.0,4500.0,490.0,780.0,2700.0,0.2,3799999.9999999995,0.93,0.027,0.027,0.0,640.0,0.045,0.0,0.0,0.0,8100.0,1.0,6.9E8,
3.1E-36,0.015,590.0,3600.0,300.0,3799999.9999999995,3600.0,4500.0,490.0,780.0,2700.0,0.2,3799999.9999999995,0.93,0.027,0.027,0.0,640.0,0.045,0.0,0.0,0.0,8000.0,1.0,6.9E8,
3.1E-36,0.015,590.0,3600.0,300.0,3799999.9999999995,3600.0,4500.0,490.0,780.0,2700.0,0.2,3799999.9999999995,0.93,0.027,0.027,0.0,620.0,0.045,0.0,0.0,0.0,8000.0,1.0,6.9E8,
3.1E-36,0.015,590.0,3600.0,300.0,3799999.9999999995,3600.0,4500.0,490.0,780.0,2700.0,0.2,3799999.9999999995,0.93,0.027,0.027,0.0,620.0,0.045,0.0,0.0,0.0,8000.0,1.0,6.9E8,
3.1E-36,0.015,590.0,3600.0,300.0,3799999.9999999995,3600.0,4500.0,490.0,780.0,2700.0,0.2,3799999.9999999995,0.93,0.027,0.027,0.0,610.0,0.045,0.0,0.0,0.0,7900.0,1.0,6.9E8,
3.1E-36,0.015,590.0,3600.0,300.0,3799999.9999999995,3600.0,4500.0,490.0,780.0,2700.0,0.2,3799999.9999999995,0.93,0.027,0.027,0.0,610.0,0.045,0.0,0.0,0.0,7900.0,1.0,6.9E8,
3.1E-36,0.015,590.0,3600.0,300.0,3799999.9999999995,3600.0,4500.0,490.0,780.0,2700.0,0.2,3799999.9999999995,0.93,0.027,0.027,0.0,600.0,0.045,0.0,0.0,0.0,7900.0,1.0,6.9E8,
3.1E-36,0.015,590.0,3600.0,300.0,3799999.9999999995,3600.0,4500.0,490.0,780.0,2700.0,0.2,3799999.9999999995,0.93,0.027,0.027,0.0,600.0,0.045,0.0,0.0,0.0,7900.0,1.0,6.9E8,
3.1E-36,0.015,590.0,3600.0,300.0,3799999.9999999995,3600.0,4500.0,490.0,780.0,2700.0,0.2,3799999.9999999995,0.93,0.027,0.027,0.0,600.0,0.045,0.0,0.0,0.0,7900.0,1.0,6.9E8,
3.1E-36,0.015,590.0,3600.0,300.0,3799999.9999999995,3600.0,4500.0,490.0,780.0,2700.0,0.2,3799999.9999999995,0.93,0.027,0.027,0.0,600.0,0.045,0.0,0.0,0.0,7900.0,1.0,6.9E8,
3.1E-36,0.015,590.0,3600.0,300.0,3799999.9999999995,3600.0,4500.0,490.0,780.0,2700.0,0.2,3799999.9999999995,0.93,0.027,0.027,0.0,600.0,0.045,0.0,0.0,0.0,7800.0,1.0,6.9E8,
3.1E-36,0.015,590.0,3600.0,300.0,3799999.9999999995,3600.0,4500.0,490.0,780.0,2700.0,0.2,3799999.9999999995,0.93,0.027,0.027,0.0,600.0,0.045,0.0,0.0,0.0,7800.0,1.0,6.9E8,
3.1E-36,0.015,590.0,3600.0,300.0,3799999.9999999995,3600.0,4500.0,490.0,780.0,2700.0,0.2,3799999.9999999995,0.93,0.027,0.027,0.0,600.0,0.045,0.0,0.0,0.0,7800.0,1.0,6.9E8,
3.1E-36,0.015,590.0,3600.0,300.0,3799999.9999999995,3600.0,4500.0,490.0,780.0,2700.0,0.2,3799999.9999999995,0.93,0.027,0.027,0.0,600.0,0.045,0.0,0.0,0.0,7800.0,1.0,6.9E8,
3.1E-36,0.015,590.0,3600.0,300.0,3799999.9999999995,3600.0,4500.0,490.0,780.0,2700.0,0.2,3799999.9999999995,0.93,0.027,0.027,0.0,590.0,0.045,0.0,0.0,0.0,7800.0,1.0,6.9E8,
3.1E-36,0.015,590.0,3600.0,300.0,3799999.9999999995,3600.0,4500.0,490.0,780.0,2700.0,0.2,3799999.9999999995,0.93,0.027,0.027,0.0,590.0,0.045,0.0,0.0,0.0,7700.0,1.0,6.9E8,
3.1E-36,0.015,590.0,3600.0,300.0,3799999.9999999995,3600.0,4500.0,490.0,780.0,2700.0,0.2,3799999.9999999995,0.93,0.027,0.027,0.0,590.0,0.045,0.0,0.0,0.0,7700.0,1.0,6.9E8,
3.1E-36,0.015,590.0,3600.0,300.0,3799999.9999999995,3600.0,4500.0,490.0,780.0,2700.0,0.19,3799999.9999999995,0.93,0.027,0.027,0.0,590.0,0.045,0.0,0.0,0.0,7700.0,1.0,6.9E8,
3.1E-36,0.015,590.0,3600.0,300.0,3799999.9999999995,3600.0,4500.0,490.0,780.0,2700.0,0.19,3799999.9999999995,0.93,0.027,0.027,0.0,590.0,0.045,0.0,0.0,0.0,7700.0,1.0,6.9E8,
3.1E-36,0.015,590.0,3600.0,300.0,3799999.9999999995,3600.0,4500.0,490.0,780.0,2700.0,0.19,3799999.9999999995,0.93,0.027,0.027,0.0,590.0,0.045,0.0,0.0,0.0,7700.0,1.0,6.9E8,
3.1E-36,0.015,590.0,3600.0,300.0,3799999.9999999995,3600.0,4500.0,490.0,780.0,2700.0,0.19,3799999.9999999995,0.93,0.027,0.027,0.0,590.0,0.045,0.0,0.0,0.0,7600.0,1.0,6.9E8,
3.1E-36,0.015,590.0,3600.0,300.0,3799999.9999999995,3600.0,4500.0,490.0,780.0,2700.0,0.19,3799999.9999999995,0.93,0.027,0.027,0.0,590.0,0.045,0.0,0.0,0.0,7600.0,1.0,6.9E8,
3.1E-36,0.015,590.0,3600.0,300.0,3799999.9999999995,3600.0,4500.0,490.0,780.0,2700.0,0.19,3799999.9999999995,0.93,0.027,0.027,0.0,570.0,0.045,0.0,0.0,0.0,7600.0,1.0,6.9E8,
3.1E-36,0.015,590.0,3600.0,300.0,3799999.9999999995,3600.0,4500.0,490.0,780.0,2700.0,0.19,3799999.9999999995,0.93,0.027,0.027,0.0,570.0,0.045,0.0,0.0,0.0,7600.0,1.0,6.9E8,
3.1E-36,0.015,590.0,3600.0,300.0,3799999.9999999995,3600.0,4500.0,490.0,780.0,2700.0,0.19,3799999.9999999995,0.93,0.027,0.027,0.0,570.0,0.045,0.0,0.0,0.0,7600.0,1.0,6.9E8,
3.1E-36,0.015,590.0,3600.0,300.0,3699999.9999999995,3600.0,4500.0,490.0,780.0,2700.0,0.19,3799999.9999999995,0.92,0.027,0.027,0.0,560.0,0.044,0.0,0.0,0.0,7500.0,1.0,6.9E8,
3.1E-36,0.015,590.0,3600.0,300.0,3699999.9999999995,3600.0,4500.0,490.0,780.0,2700.0,0.19,3799999.9999999995,0.92,0.027,0.027,0.0,560.0,0.044,0.0,0.0,0.0,7500.0,1.0,6.9E8,
3.1E-36,0.015,590.0,3600.0,300.0,3699999.9999999995,3600.0,4500.0,490.0,780.0,2700.0,0.19,3799999.9999999995,0.92,0.027,0.027,0.0,560.0,0.044,0.0,0.0,0.0,7500.0,1.0,6.9E8,
3.1E-36,0.015,590.0,3600.0,300.0,3699999.9999999995,3600.0,4500.0,490.0,780.0,2700.0,0.19,3699999.9999999995,0.92,0.027,0.027,0.0,560.0,0.044,0.0,0.0,0.0,7500.0,1.0,6.8E8,
3.1E-36,0.015,590.0,3600.0,300.0,3699999.9999999995,3600.0,4500.0,490.0,780.0,2700.0,0.19,3699999.9999999995,0.92,0.027,0.027,0.0,560.0,0.044,0.0,0.0,0.0,7400.0,1.0,6.8E8,
3.1E-36,0.015,590.0,3600.0,300.0,3699999.9999999995,3600.0,4500.0,490.0,780.0,2700.0,0.19,3699999.9999999995,0.92,0.027,0.027,0.0,560.0,0.044,0.0,0.0,0.0,7400.0,1.0,6.8E8,
3.1E-36,0.015,590.0,3600.0,300.0,3699999.9999999995,3600.0,4500.0,490.0,780.0,2700.0,0.19,3699999.9999999995,0.92,0.027,0.027,0.0,560.0,0.044,0.0,0.0,0.0,7400.0,1.0,6.8E8,
3.1E-36,0.015,590.0,3600.0,300.0,3699999.9999999995,3600.0,4500.0,490.0,780.0,2700.0,0.19,3699999.9999999995,0.92,0.027,0.027,0.0,560.0,0.044,0.0,0.0,0.0,7400.0,1.0,6.8E8,
3.1E-36,0.015,590.0,3600.0,300.0,3699999.9999999995,3600.0,4500.0,490.0,780.0,2700.0,0.19,3699999.9999999995,0.92,0.027,0.027,0.0,550.0,0.044,0.0,0.0,0.0,7400.0,1.0,6.8E8,
3.1E-36,0.015,590.0,3600.0,300.0,3699999.9999999995,3600.0,4500.0,490.0,780.0,2700.0,0.19,3699999.9999999995,0.92,0.027,0.027,0.0,540.0,0.044,0.0,0.0,0.0,7400.0,1.0,6.8E8,
3.1E-36,0.015,590.0,3600.0,300.0,3699999.9999999995,3600.0,4500.0,490.0,780.0,2700.0,0.19,3699999.9999999995,0.92,0.027,0.027,0.0,540.0,0.044,0.0,0.0,0.0,7300.0,1.0,6.8E8,
3.1E-36,0.015,590.0,3600.0,300.0,3699999.9999999995,3600.0,4500.0,490.0,780.0,2700.0,0.18,3699999.9999999995,0.92,0.027,0.027,0.0,540.0,0.044,0.0,0.0,0.0,7300.0,1.0,6.8E8,
3.1E-36,0.015,590.0,3600.0,300.0,3699999.9999999995,3600.0,4500.0,490.0,780.0,2700.0,0.18,3699999.9999999995,0.92,0.027,0.027,0.0,540.0,0.044,0.0,0.0,0.0,7300.0,1.0,6.8E8,
3.1E-36,0.015,590.0,3600.0,300.0,3699999.9999999995,3600.0,4500.0,490.0,780.0,2700.0,0.18,3699999.9999999995,0.92,0.027,0.027,0.0,540.0,0.044,0.0,0.0,0.0,7300.0,1.0,6.8E8,
3.1E-36,0.015,590.0,3600.0,300.0,3699999.9999999995,3600.0,4500.0,490.0,780.0,2700.0,0.18,3699999.9999999995,0.92,0.027,0.027,0.0,530.0,0.044,0.0,0.0,0.0,7200.0,1.0,6.8E8,
3.1E-36,0.015,590.0,3600.0,300.0,3699999.9999999995,3600.0,4500.0,490.0,780.0,2700.0,0.18,3699999.9999999995,0.92,0.027,0.027,0.0,530.0,0.044,0.0,0.0,0.0,7200.0,1.0,6.8E8,
3.1E-36,0.015,590.0,3600.0,300.0,3699999.9999999995,3600.0,4500.0,490.0,780.0,2700.0,0.18,3699999.9999999995,0.92,0.027,0.027,0.0,530.0,0.044,0.0,0.0,0.0,7200.0,1.0,6.8E8,
3.1E-36,0.015,590.0,3600.0,300.0,3699999.9999999995,3600.0,4500.0,490.0,780.0,2700.0,0.18,3699999.9999999995,0.92,0.027,0.027,0.0,520.0,0.044,0.0,0.0,0.0,7200.0,1.0,6.8E8,
3.1E-36,0.015,590.0,3600.0,300.0,3699999.9999999995,3600.0,4500.0,490.0,780.0,2700.0,0.18,3699999.9999999995,0.92,0.027,0.027,0.0,520.0,0.044,0.0,0.0,0.0,7100.0,1.0,6.8E8,
1.1999999999999999E-35,0.057,12.0,10000.0,510.0,4800000.0,4600.0,4500.0,3300.0,2600.0,2700.0,0.2,4800000.0,3.4,0.036,0.036,0.0,620.0,0.1,0.0,0.0,0.0,8000.0,1.0,7.0E8,
5.8E-36,0.028,12.0,2700.0,510.0,4400000.0,4600.0,4500.0,3300.0,2600.0,2700.0,0.2,4400000.0,1.7,0.031,0.031,0.0,610.0,0.096,0.0,0.0,0.0,7900.0,1.0,7.0E8,
5.6E-36,0.027,12.0,2700.0,510.0,4099999.9999999995,4600.0,4500.0,3300.0,2600.0,2700.0,0.2,4099999.9999999995,1.6,0.03,0.03,0.0,600.0,0.09,0.0,0.0,0.0,7900.0,1.0,7.0E8,
5.4E-36,0.026,12.0,2700.0,510.0,3899999.9999999995,4600.0,4500.0,3300.0,2600.0,2700.0,0.2,3899999.9999999995,1.5,0.029,0.029,0.0,600.0,0.086,0.0,0.0,0.0,7800.0,1.0,7.0E8,
5.4E-36,0.026,12.0,2700.0,510.0,3799999.9999999995,4600.0,4500.0,3300.0,2600.0,2700.0,0.2,3799999.9999999995,1.5,0.028,0.028,0.0,600.0,0.084,0.0,0.0,0.0,7800.0,1.0,6.9E8,
5.4E-36,0.026,12.0,2700.0,510.0,3799999.9999999995,4600.0,4500.0,3300.0,2600.0,2700.0,0.2,3799999.9999999995,1.5,0.028,0.028,0.0,600.0,0.084,0.0,0.0,0.0,7800.0,1.0,6.9E8,
5.4E-36,0.026,12.0,2700.0,510.0,3799999.9999999995,4600.0,4500.0,3300.0,2600.0,2700.0,0.2,3799999.9999999995,1.5,0.028,0.028,0.0,600.0,0.084,0.0,0.0,0.0,7800.0,1.0,6.9E8,
5.4E-36,0.026,12.0,2700.0,510.0,3799999.9999999995,4600.0,4500.0,3300.0,2600.0,2700.0,0.2,3799999.9999999995,1.5,0.028,0.028,0.0,600.0,0.084,0.0,0.0,0.0,7700.0,1.0,6.9E8,
5.4E-36,0.026,12.0,2700.0,510.0,3799999.9999999995,4600.0,4500.0,3300.0,2600.0,2700.0,0.2,3799999.9999999995,1.5,0.028,0.028,0.0,590.0,0.084,0.0,0.0,0.0,7700.0,1.0,6.9E8,
5.4E-36,0.026,12.0,2700.0,510.0,3799999.9999999995,4600.0,4500.0,3300.0,2600.0,2700.0,0.2,3799999.9999999995,1.5,0.028,0.028,0.0,590.0,0.084,0.0,0.0,0.0,7700.0,1.0,6.9E8,
5.4E-36,0.026,12.0,2700.0,510.0,3799999.9999999995,4600.0,4500.0,3300.0,2600.0,2700.0,0.19,3799999.9999999995,1.5,0.028,0.028,0.0,590.0,0.084,0.0,0.0,0.0,7700.0,1.0,6.9E8,
5.4E-36,0.026,12.0,2700.0,510.0,3799999.9999999995,4600.0,4500.0,3300.0,2600.0,2700.0,0.19,3799999.9999999995,1.5,0.028,0.028,0.0,580.0,0.084,0.0,0.0,0.0,7600.0,1.0,6.9E8,
5.4E-36,0.026,12.0,2700.0,510.0,3799999.9999999995,4600.0,4500.0,3300.0,2600.0,2700.0,0.19,3799999.9999999995,1.5,0.028,0.028,0.0,570.0,0.084,0.0,0.0,0.0,7600.0,1.0,6.9E8,
5.4E-36,0.026,12.0,2700.0,510.0,3799999.9999999995,4600.0,4500.0,3300.0,2600.0,2700.0,0.19,3799999.9999999995,1.5,0.028,0.028,0.0,570.0,0.084,0.0,0.0,0.0,7600.0,1.0,6.9E8,
5.4E-36,0.026,12.0,2700.0,510.0,3799999.9999999995,4600.0,4500.0,3300.0,2600.0,2700.0,0.19,3799999.9999999995,1.5,0.028,0.028,0.0,560.0,0.084,0.0,0.0,0.0,7600.0,1.0,6.9E8,
1.6999999999999999E-35,0.08,4700.0,29000.0,7000.0,4700000.0,140000.0,1300.0,7800.0,3100.0,6100.0,0.2,4900000.0,4.9,0.065,0.065,0.0,640.0,0.12,0.0,0.0,0.0,8100.0,1.0,7.1E8,
5.1000000000000004E-36,0.024,4700.0,1000.0,7000.0,4300000.0,200.0,1300.0,220.0,3100.0,6100.0,0.2,4400000.0,1.5,0.05,0.05,0.0,630.0,0.12,0.0,0.0,0.0,8000.0,1.0,7.1E8,
5.0E-36,0.024,4700.0,1000.0,7000.0,3999999.9999999995,200.0,1300.0,220.0,3100.0,6100.0,0.2,3999999.9999999995,1.5,0.048,0.048,0.0,630.0,0.11,0.0,0.0,0.0,8000.0,1.0,7.0E8,
4.9000000000000003E-36,0.023,4700.0,1000.0,7000.0,3799999.9999999995,200.0,1300.0,220.0,3100.0,6100.0,0.2,3799999.9999999995,1.4,0.047,0.047,0.0,620.0,0.11,0.0,0.0,0.0,7900.0,1.0,7.0E8,
4.9000000000000003E-36,0.023,4700.0,1000.0,7000.0,3799999.9999999995,200.0,1300.0,220.0,3100.0,6100.0,0.2,3799999.9999999995,1.4,0.047,0.047,0.0,620.0,0.11,0.0,0.0,0.0,7900.0,1.0,7.0E8,
4.9000000000000003E-36,0.023,4700.0,1000.0,7000.0,3799999.9999999995,200.0,1300.0,220.0,3100.0,6100.0,0.2,3799999.9999999995,1.4,0.047,0.047,0.0,620.0,0.11,0.0,0.0,0.0,7900.0,1.0,7.0E8,
4.9000000000000003E-36,0.023,4700.0,1000.0,7000.0,3799999.9999999995,200.0,1300.0,220.0,3100.0,6100.0,0.2,3799999.9999999995,1.4,0.047,0.047,0.0,620.0,0.11,0.0,0.0,0.0,7900.0,1.0,7.0E8,
4.9000000000000003E-36,0.023,4700.0,1000.0,7000.0,3799999.9999999995,200.0,1300.0,220.0,3100.0,6100.0,0.2,3799999.9999999995,1.4,0.047,0.047,0.0,620.0,0.11,0.0,0.0,0.0,7900.0,1.0,6.9E8,
4.9000000000000003E-36,0.023,4700.0,1000.0,7000.0,3799999.9999999995,200.0,1300.0,220.0,3100.0,6100.0,0.2,3799999.9999999995,1.4,0.047,0.047,0.0,600.0,0.11,0.0,0.0,0.0,7800.0,1.0,6.9E8,
2.6E-35,0.12,1400.0,35000.0,3900.0,4700000.0,200.0,1300.0,220.0,3100.0,6100.0,0.2,4800000.0,8.1,0.077,0.077,0.0,620.0,0.081,0.0,0.0,0.0,8000.0,1.0,7.1E8,
6.5E-36,0.031,1400.0,2600.0,3900.0,4600000.0,200.0,1300.0,210.0,3100.0,6100.0,0.2,4600000.0,2.0,0.059,0.059,0.0,620.0,0.079,0.0,0.0,0.0,8000.0,1.0,7.0E8,
6.4E-36,0.031,1400.0,2600.0,3900.0,4400000.0,200.0,1300.0,210.0,3100.0,6100.0,0.2,4500000.0,2.0,0.059,0.059,0.0,620.0,0.078,0.0,0.0,0.0,7900.0,1.0,7.0E8,
6.2E-36,0.029,1400.0,2600.0,3900.0,4099999.9999999995,200.0,1300.0,210.0,3100.0,6000.0,0.2,4099999.9999999995,2.0,0.057,0.057,0.0,620.0,0.074,0.0,0.0,0.0,7800.0,1.0,7.0E8,
6.1E-36,0.029,1400.0,2600.0,3900.0,3899999.9999999995,200.0,1300.0,210.0,3100.0,6000.0,0.2,3899999.9999999995,1.9,0.055,0.055,0.0,620.0,0.072,0.0,0.0,0.0,7800.0,1.0,7.0E8,
6.0E-36,0.029,1400.0,2600.0,3800.0,3799999.9999999995,200.0,1300.0,210.0,3100.0,6000.0,0.19,3799999.9999999995,1.9,0.055,0.055,0.0,620.0,0.072,0.0,0.0,0.0,7800.0,1.0,7.0E8,
6.0E-36,0.029,1400.0,2600.0,3800.0,3799999.9999999995,200.0,1300.0,210.0,3100.0,6000.0,0.19,3799999.9999999995,1.9,0.055,0.055,0.0,600.0,0.071,0.0,0.0,0.0,7700.0,1.0,7.0E8,
6.0E-36,0.029,1400.0,2600.0,3800.0,3799999.9999999995,200.0,1300.0,210.0,3100.0,6000.0,0.19,3799999.9999999995,1.9,0.055,0.055,0.0,600.0,0.071,0.0,0.0,0.0,7700.0,1.0,7.0E8,
6.0E-36,0.029,1400.0,2600.0,3800.0,3799999.9999999995,200.0,1300.0,210.0,3100.0,6000.0,0.19,3799999.9999999995,1.9,0.055,0.055,0.0,590.0,0.071,0.0,0.0,0.0,7700.0,1.0,7.0E8,
6.0E-36,0.029,1400.0,2600.0,3800.0,3799999.9999999995,200.0,1300.0,210.0,3100.0,6000.0,0.19,3799999.9999999995,1.9,0.055,0.055,0.0,590.0,0.071,0.0,0.0,0.0,7700.0,1.0,7.0E8,
6.0E-36,0.029,1400.0,2600.0,3800.0,3799999.9999999995,200.0,1300.0,210.0,3100.0,6000.0,0.19,3799999.9999999995,1.9,0.055,0.055,0.0,580.0,0.071,0.0,0.0,0.0,7600.0,1.0,7.0E8,
6.0E-36,0.029,1400.0,2600.0,3800.0,3799999.9999999995,200.0,1300.0,210.0,3100.0,6000.0,0.19,3799999.9999999995,1.9,0.055,0.055,0.0,580.0,0.071,0.0,0.0,0.0,7600.0,1.0,7.0E8,
6.0E-36,0.029,1400.0,2600.0,3800.0,3799999.9999999995,200.0,1300.0,210.0,3100.0,6000.0,0.19,3799999.9999999995,1.9,0.055,0.055,0.0,570.0,0.071,0.0,0.0,0.0,7600.0,1.0,7.0E8,
6.0E-36,0.029,1400.0,2600.0,3800.0,3799999.9999999995,200.0,1300.0,210.0,3100.0,6000.0,0.19,3799999.9999999995,1.9,0.055,0.055,0.0,560.0,0.071,0.0,0.0,0.0,7600.0,1.0,7.0E8,
6.0E-36,0.029,1400.0,2600.0,3800.0,3799999.9999999995,200.0,1300.0,210.0,3100.0,6000.0,0.19,3799999.9999999995,1.9,0.055,0.055,0.0,560.0,0.071,0.0,0.0,0.0,7500.0,1.0,7.0E8,
6.0E-36,0.029,1400.0,2600.0,3800.0,3799999.9999999995,200.0,1300.0,210.0,3100.0,6000.0,0.19,3799999.9999999995,1.9,0.055,0.055,0.0,560.0,0.071,0.0,0.0,0.0,7500.0,1.0,7.0E8,
6.0E-36,0.029,1400.0,2600.0,3800.0,3799999.9999999995,200.0,1300.0,210.0,3100.0,6000.0,0.19,3799999.9999999995,1.9,0.055,0.055,0.0,560.0,0.071,0.0,0.0,0.0,7500.0,1.0,7.0E8,
6.0E-36,0.029,1400.0,2600.0,3800.0,3799999.9999999995,200.0,1300.0,210.0,3100.0,6000.0,0.19,3799999.9999999995,1.9,0.055,0.055,0.0,560.0,0.071,0.0,0.0,0.0,7500.0,1.0,7.0E8,
6.0E-36,0.029,1400.0,2600.0,3800.0,3799999.9999999995,200.0,1300.0,210.0,3100.0,6000.0,0.19,3799999.9999999995,1.9,0.055,0.055,0.0,550.0,0.071,0.0,0.0,0.0,7500.0,1.0,7.0E8,
6.0E-36,0.029,1400.0,2600.0,3800.0,3799999.9999999995,200.0,1300.0,210.0,3100.0,6000.0,0.19,3799999.9999999995,1.9,0.055,0.055,0.0,550.0,0.071,0.0,0.0,0.0,7400.0,1.0,7.0E8,
6.0E-36,0.029,1400.0,2600.0,3800.0,3799999.9999999995,200.0,1300.0,210.0,3100.0,6000.0,0.19,3799999.9999999995,1.9,0.055,0.055,0.0,550.0,0.071,0.0,0.0,0.0,7400.0,1.0,7.0E8,
6.0E-36,0.029,1400.0,2600.0,3800.0,3799999.9999999995,200.0,1300.0,210.0,3100.0,6000.0,0.18,3799999.9999999995,1.9,0.055,0.055,0.0,540.0,0.071,0.0,0.0,0.0,7400.0,1.0,7.0E8,
6.0E-36,0.029,1400.0,2600.0,3800.0,3799999.9999999995,200.0,1300.0,210.0,3100.0,6000.0,0.18,3799999.9999999995,1.9,0.055,0.055,0.0,540.0,0.071,0.0,0.0,0.0,7400.0,1.0,7.0E8,
6.0E-36,0.029,1400.0,2600.0,3800.0,3799999.9999999995,200.0,1300.0,210.0,3100.0,6000.0,0.18,3799999.9999999995,1.9,0.055,0.055,0.0,530.0,0.071,0.0,0.0,0.0,7300.0,1.0,7.0E8,
6.0E-36,0.029,1400.0,2600.0,3800.0,3799999.9999999995,200.0,1300.0,210.0,3100.0,6000.0,0.18,3799999.9999999995,1.9,0.055,0.055,0.0,530.0,0.071,0.0,0.0,0.0,7300.0,1.0,7.0E8,
6.0E-36,0.029,1400.0,2600.0,3800.0,3799999.9999999995,200.0,1300.0,210.0,3100.0,6000.0,0.18,3799999.9999999995,1.9,0.055,0.055,0.0,530.0,0.071,0.0,0.0,0.0,7300.0,1.0,7.0E8,
6.0E-36,0.029,1400.0,2600.0,3800.0,3799999.9999999995,200.0,1300.0,210.0,3100.0,6000.0,0.18,3799999.9999999995,1.9,0.055,0.055,0.0,530.0,0.071,0.0,0.0,0.0,7300.0,1.0,7.0E8,
6.0E-36,0.029,1400.0,2600.0,3800.0,3799999.9999999995,200.0,1300.0,210.0,3100.0,6000.0,0.18,3799999.9999999995,1.9,0.055,0.055,0.0,530.0,0.071,0.0,0.0,0.0,7300.0,1.0,7.0E8,
6.0E-36,0.029,1400.0,2600.0,3800.0,3799999.9999999995,200.0,1300.0,210.0,3100.0,6000.0,0.18,3799999.9999999995,1.9,0.055,0.055,0.0,530.0,0.071,0.0,0.0,0.0,7300.0,1.0,7.0E8,
6.0E-36,0.029,1400.0,2600.0,3800.0,3799999.9999999995,200.0,1300.0,210.0,3100.0,6000.0,0.18,3799999.9999999995,1.9,0.055,0.055,0.0,520.0,0.071,0.0,0.0,0.0,7200.0,1.0,7.0E8,
6.0E-36,0.029,1400.0,2600.0,3800.0,3799999.9999999995,200.0,1300.0,210.0,3100.0,6000.0,0.18,3799999.9999999995,1.9,0.055,0.055,0.0,520.0,0.071,0.0,0.0,0.0,7200.0,1.0,7.0E8,
6.0E-36,0.029,1400.0,2600.0,3800.0,3799999.9999999995,200.0,1300.0,210.0,3100.0,6000.0,0.18,3799999.9999999995,1.9,0.055,0.055,0.0,520.0,0.071,0.0,0.0,0.0,7200.0,1.0,7.0E8,
6.0E-36,0.029,1400.0,2600.0,3800.0,3799999.9999999995,200.0,1300.0,210.0,3100.0,6000.0,0.18,3799999.9999999995,1.9,0.055,0.055,0.0,510.0,0.071,0.0,0.0,0.0,7200.0,1.0,7.0E8,
6.0E-36,0.029,1400.0,2600.0,3800.0,3799999.9999999995,200.0,1300.0,210.0,3100.0,6000.0,0.18,3799999.9999999995,1.9,0.055,0.055,0.0,510.0,0.071,0.0,0.0,0.0,7100.0,1.0,7.0E8,
8.2E-36,0.039,3100.0,2300.0,4600.0,4600000.0,200.0,1300.0,210.0,3100.0,6000.0,0.18,4600000.0,2.6,0.053,0.053,0.0,530.0,0.17,0.0,0.0,0.0,7300.0,1.0,7.1E8,
8.1E-36,0.038,3100.0,2300.0,4600.0,4500000.0,200.0,1300.0,210.0,3100.0,6000.0,0.18,4500000.0,2.6,0.053,0.053,0.0,530.0,0.17,0.0,0.0,0.0,7300.0,1.0,7.1E8,
8.000000000000001E-36,0.038,3100.0,2300.0,4600.0,4400000.0,200.0,1300.0,210.0,3100.0,6000.0,0.18,4400000.0,2.5,0.052,0.052,0.0,530.0,0.17,0.0,0.0,0.0,7300.0,1.0,7.1E8,
7.600000000000001E-36,0.036,3100.0,2300.0,4600.0,3799999.9999999995,200.0,1300.0,210.0,3100.0,6000.0,0.18,3799999.9999999995,2.4,0.049,0.049,0.0,530.0,0.16,0.0,0.0,0.0,7200.0,1.0,7.0E8,
7.600000000000001E-36,0.036,3100.0,2300.0,4600.0,3799999.9999999995,200.0,1300.0,210.0,3100.0,6000.0,0.18,3799999.9999999995,2.4,0.049,0.049,0.0,530.0,0.16,0.0,0.0,0.0,7200.0,1.0,7.0E8,
7.600000000000001E-36,0.036,3100.0,2300.0,4600.0,3799999.9999999995,200.0,1300.0,210.0,3100.0,6000.0,0.18,3799999.9999999995,2.4,0.049,0.049,0.0,520.0,0.16,0.0,0.0,0.0,7100.0,1.0,7.0E8,
7.5E-36,0.036,3100.0,2300.0,4600.0,3799999.9999999995,200.0,1300.0,210.0,3100.0,6000.0,0.18,3799999.9999999995,2.4,0.049,0.049,0.0,520.0,0.16,0.0,0.0,0.0,7100.0,1.0,6.9E8,
7.5E-36,0.036,3100.0,2300.0,4600.0,3799999.9999999995,200.0,1300.0,210.0,3100.0,6000.0,0.18,3799999.9999999995,2.4,0.049,0.049,0.0,510.0,0.16,0.0,0.0,0.0,7100.0,1.0,6.9E8,
7.5E-36,0.036,3100.0,2300.0,4600.0,3799999.9999999995,200.0,1300.0,210.0,3100.0,6000.0,0.18,3799999.9999999995,2.4,0.049,0.049,0.0,510.0,0.16,0.0,0.0,0.0,7100.0,1.0,6.9E8,
7.5E-36,0.036,3100.0,2300.0,4600.0,3799999.9999999995,200.0,1300.0,210.0,3100.0,6000.0,0.18,3799999.9999999995,2.4,0.049,0.049,0.0,510.0,0.16,0.0,0.0,0.0,7100.0,1.0,6.9E8,
7.5E-36,0.036,3100.0,2300.0,4600.0,3799999.9999999995,200.0,1300.0,210.0,3100.0,6000.0,0.18,3799999.9999999995,2.4,0.049,0.049,0.0,510.0,0.16,0.0,0.0,0.0,7000.0,1.0,6.9E8,
7.5E-36,0.036,3100.0,2300.0,4600.0,3799999.9999999995,200.0,1300.0,210.0,3100.0,6000.0,0.18,3799999.9999999995,2.4,0.049,0.049,0.0,510.0,0.16,0.0,0.0,0.0,7000.0,1.0,6.9E8,
7.5E-36,0.036,3100.0,2300.0,4600.0,3799999.9999999995,200.0,1300.0,210.0,3100.0,6000.0,0.17,3799999.9999999995,2.4,0.049,0.049,0.0,510.0,0.16,0.0,0.0,0.0,7000.0,1.0,6.9E8,
7.5E-36,0.036,3100.0,2300.0,4600.0,3799999.9999999995,200.0,1300.0,210.0,3100.0,6000.0,0.17,3799999.9999999995,2.4,0.049,0.049,0.0,500.0,0.16,0.0,0.0,0.0,7000.0,1.0,6.9E8,
7.5E-36,0.036,3100.0,2300.0,4600.0,3799999.9999999995,200.0,1300.0,210.0,3100.0,6000.0,0.17,3799999.9999999995,2.4,0.049,0.049,0.0,500.0,0.16,0.0,0.0,0.0,6900.0,1.0,6.9E8,
7.5E-36,0.036,3100.0,2300.0,4600.0,3799999.9999999995,200.0,1300.0,210.0,3100.0,6000.0,0.17,3799999.9999999995,2.4,0.049,0.049,0.0,500.0,0.16,0.0,0.0,0.0,6900.0,1.0,6.9E8,
7.5E-36,0.036,3100.0,2300.0,4600.0,3799999.9999999995,200.0,1300.0,210.0,3100.0,6000.0,0.17,3799999.9999999995,2.4,0.049,0.049,0.0,500.0,0.16,0.0,0.0,0.0,6900.0,1.0,6.9E8,
7.5E-36,0.036,3100.0,2300.0,4600.0,3799999.9999999995,200.0,1300.0,210.0,3100.0,6000.0,0.17,3799999.9999999995,2.4,0.049,0.049,0.0,500.0,0.16,0.0,0.0,0.0,6800.0,1.0,6.9E8,
7.5E-36,0.036,3100.0,2300.0,4600.0,3799999.9999999995,200.0,1300.0,210.0,3100.0,6000.0,0.17,3799999.9999999995,2.4,0.049,0.049,0.0,500.0,0.16,0.0,0.0,0.0,6800.0,1.0,6.9E8,
7.5E-36,0.036,3100.0,2300.0,4600.0,3799999.9999999995,200.0,1300.0,210.0,3100.0,6000.0,0.17,3799999.9999999995,2.4,0.049,0.049,0.0,500.0,0.16,0.0,0.0,0.0,6800.0,1.0,6.9E8,
7.5E-36,0.036,3100.0,2300.0,4600.0,3799999.9999999995,200.0,1300.0,210.0,3100.0,6000.0,0.17,3799999.9999999995,2.4,0.049,0.049,0.0,490.0,0.16,0.0,0.0,0.0,6800.0,1.0,6.9E8,
7.5E-36,0.036,3100.0,2300.0,4600.0,3799999.9999999995,200.0,1300.0,210.0,3100.0,6000.0,0.17,3799999.9999999995,2.4,0.049,0.049,0.0,490.0,0.16,0.0,0.0,0.0,6800.0,1.0,6.9E8,
7.5E-36,0.036,3100.0,2300.0,4600.0,3799999.9999999995,200.0,1300.0,210.0,3100.0,6000.0,0.17,3799999.9999999995,2.4,0.049,0.049,0.0,490.0,0.16,0.0,0.0,0.0,6700.0,1.0,6.9E8,
7.5E-36,0.036,3100.0,2300.0,4600.0,3799999.9999999995,200.0,1300.0,210.0,3100.0,6000.0,0.17,3799999.9999999995,2.4,0.049,0.049,0.0,490.0,0.16,0.0,0.0,0.0,6700.0,1.0,6.9E8,
7.5E-36,0.036,3100.0,2300.0,4600.0,3799999.9999999995,200.0,1300.0,210.0,3100.0,6000.0,0.17,3799999.9999999995,2.4,0.049,0.049,0.0,480.0,0.16,0.0,0.0,0.0,6700.0,1.0,6.9E8,
7.5E-36,0.036,3100.0,2300.0,4600.0,3799999.9999999995,200.0,1300.0,210.0,3100.0,6000.0,0.17,3799999.9999999995,2.4,0.049,0.049,0.0,480.0,0.16,0.0,0.0,0.0,6700.0,1.0,6.9E8,
7.5E-36,0.036,3100.0,2300.0,4600.0,3799999.9999999995,200.0,1300.0,210.0,3100.0,6000.0,0.17,3799999.9999999995,2.4,0.049,0.049,0.0,470.0,0.16,0.0,0.0,0.0,6700.0,1.0,6.9E8,
7.5E-36,0.036,3100.0,2300.0,4600.0,3799999.9999999995,200.0,1300.0,210.0,3100.0,6000.0,0.17,3799999.9999999995,2.4,0.049,0.049,0.0,470.0,0.16,0.0,0.0,0.0,6600.0,1.0,6.9E8,
7.5E-36,0.036,3100.0,2300.0,4600.0,3799999.9999999995,200.0,1300.0,210.0,3100.0,6000.0,0.17,3799999.9999999995,2.4,0.049,0.049,0.0,460.0,0.16,0.0,0.0,0.0,6600.0,1.0,6.9E8,
7.5E-36,0.036,3100.0,2300.0,4600.0,3799999.9999999995,200.0,1300.0,210.0,3100.0,6000.0,0.16,3799999.9999999995,2.4,0.049,0.049,0.0,460.0,0.16,0.0,0.0,0.0,6600.0,1.0,6.9E8,
7.5E-36,0.036,3100.0,2300.0,4600.0,3799999.9999999995,200.0,1300.0,210.0,3100.0,6000.0,0.16,3799999.9999999995,2.4,0.049,0.049,0.0,460.0,0.16,0.0,0.0,0.0,6600.0,1.0,6.9E8,
7.5E-36,0.036,3100.0,2300.0,4600.0,3799999.9999999995,200.0,1300.0,210.0,3100.0,6000.0,0.16,3799999.9999999995,2.4,0.049,0.049,0.0,460.0,0.16,0.0,0.0,0.0,6600.0,1.0,6.9E8,
7.5E-36,0.036,3100.0,2300.0,4600.0,3799999.9999999995,200.0,1300.0,210.0,3100.0,6000.0,0.16,3799999.9999999995,2.4,0.049,0.049,0.0,450.0,0.16,0.0,0.0,0.0,6500.0,1.0,6.9E8,
7.5E-36,0.036,3100.0,2300.0,4600.0,3799999.9999999995,200.0,1300.0,210.0,3100.0,6000.0,0.16,3799999.9999999995,2.4,0.049,0.049,0.0,450.0,0.16,0.0,0.0,0.0,6500.0,1.0,6.9E8,
7.5E-36,0.036,3100.0,2300.0,4600.0,3799999.9999999995,200.0,1300.0,210.0,3100.0,6000.0,0.16,3799999.9999999995,2.4,0.049,0.049,0.0,440.0,0.16,0.0,0.0,0.0,6500.0,1.0,6.9E8,
7.5E-36,0.036,3100.0,2300.0,4600.0,3799999.9999999995,200.0,1300.0,210.0,3100.0,6000.0,0.16,3799999.9999999995,2.4,0.049,0.049,0.0,440.0,0.16,0.0,0.0,0.0,6500.0,1.0,6.9E8,
7.5E-36,0.036,3100.0,2300.0,4600.0,3799999.9999999995,200.0,1300.0,210.0,3100.0,6000.0,0.16,3799999.9999999995,2.4,0.049,0.049,0.0,440.0,0.16,0.0,0.0,0.0,6500.0,1.0,6.9E8,
7.5E-36,0.036,3100.0,2300.0,4600.0,3799999.9999999995,200.0,1300.0,210.0,3100.0,6000.0,0.16,3799999.9999999995,2.4,0.049,0.049,0.0,430.0,0.16,0.0,0.0,0.0,6500.0,1.0,6.9E8,
7.5E-36,0.036,3100.0,2300.0,4600.0,3799999.9999999995,200.0,1300.0,210.0,3100.0,6000.0,0.16,3799999.9999999995,2.4,0.049,0.049,0.0,430.0,0.16,0.0,0.0,0.0,6400.0,1.0,6.9E8,
7.5E-36,0.036,3100.0,2300.0,4600.0,3799999.9999999995,200.0,1300.0,210.0,3100.0,6000.0,0.16,3799999.9999999995,2.4,0.049,0.049,0.0,430.0,0.16,0.0,0.0,0.0,6400.0,1.0,6.9E8,
2.1E-35,0.098,14000.0,47000.0,2800.0,4600000.0,4300.0,1300.0,210.0,3000.0,6000.0,0.17,4700000.0,6.2,0.091,0.091,0.0,490.0,0.035,0.0,0.0,0.0,6800.0,1.0,7.1E8,
4.3E-36,0.02,1900.0,3900.0,2800.0,4600000.0,4300.0,1300.0,210.0,3000.0,6000.0,0.17,4600000.0,1.3,0.066,0.066,0.0,490.0,0.035,0.0,0.0,0.0,6700.0,1.0,7.1E8,
4.2000000000000005E-36,0.02,1900.0,3900.0,2800.0,4400000.0,4200.0,1300.0,210.0,3000.0,6000.0,0.17,4500000.0,1.3,0.065,0.065,0.0,490.0,0.034,0.0,0.0,0.0,6700.0,1.0,7.1E8,
4.1E-36,0.019,1900.0,3900.0,2800.0,3999999.9999999995,4200.0,1300.0,210.0,3000.0,6000.0,0.17,4099999.9999999995,1.2,0.062,0.062,0.0,490.0,0.032,0.0,0.0,0.0,6700.0,1.0,7.0E8,
4.0000000000000004E-36,0.019,1900.0,3900.0,2800.0,3899999.9999999995,4200.0,1200.0,210.0,3000.0,5900.0,0.16,3899999.9999999995,1.2,0.061,0.061,0.0,490.0,0.032,0.0,0.0,0.0,6600.0,1.0,7.0E8,
4.0000000000000004E-36,0.019,1900.0,3900.0,2800.0,3799999.9999999995,4200.0,1200.0,210.0,3000.0,5900.0,0.16,3799999.9999999995,1.2,0.061,0.061,0.0,490.0,0.031,0.0,0.0,0.0,6600.0,1.0,7.0E8,
4.0000000000000004E-36,0.019,1900.0,3900.0,2800.0,3799999.9999999995,4200.0,1200.0,210.0,3000.0,5900.0,0.16,3799999.9999999995,1.2,0.061,0.061,0.0,490.0,0.031,0.0,0.0,0.0,6600.0,1.0,7.0E8,
4.0000000000000004E-36,0.019,1900.0,3900.0,2800.0,3799999.9999999995,4200.0,1200.0,210.0,3000.0,5900.0,0.16,3799999.9999999995,1.2,0.061,0.061,0.0,480.0,0.031,0.0,0.0,0.0,6600.0,1.0,7.0E8,
4.0000000000000004E-36,0.019,1900.0,3900.0,2800.0,3799999.9999999995,4200.0,1200.0,210.0,3000.0,5900.0,0.16,3799999.9999999995,1.2,0.061,0.061,0.0,470.0,0.031,0.0,0.0,0.0,6600.0,1.0,7.0E8,
4.0000000000000004E-36,0.019,1900.0,3900.0,2800.0,3799999.9999999995,4200.0,1200.0,210.0,3000.0,5900.0,0.16,3799999.9999999995,1.2,0.061,0.061,0.0,470.0,0.031,0.0,0.0,0.0,6500.0,1.0,7.0E8,
4.0000000000000004E-36,0.019,1900.0,3900.0,2800.0,3799999.9999999995,4200.0,1200.0,210.0,3000.0,5900.0,0.16,3799999.9999999995,1.2,0.061,0.061,0.0,470.0,0.031,0.0,0.0,0.0,6500.0,1.0,7.0E8,
4.0000000000000004E-36,0.019,1900.0,3900.0,2800.0,3799999.9999999995,4200.0,1200.0,210.0,3000.0,5900.0,0.16,3799999.9999999995,1.2,0.061,0.061,0.0,470.0,0.031,0.0,0.0,0.0,6500.0,1.0,7.0E8,
4.0000000000000004E-36,0.019,1900.0,3900.0,2800.0,3799999.9999999995,4200.0,1200.0,210.0,3000.0,5900.0,0.16,3799999.9999999995,1.2,0.061,0.061,0.0,450.0,0.031,0.0,0.0,0.0,6500.0,1.0,6.9E8,
4.0000000000000004E-36,0.019,1900.0,3900.0,2800.0,3799999.9999999995,4200.0,1200.0,210.0,3000.0,5900.0,0.16,3799999.9999999995,1.2,0.061,0.061,0.0,450.0,0.031,0.0,0.0,0.0,6500.0,1.0,6.9E8,
4.0000000000000004E-36,0.019,1900.0,3900.0,2700.0,3799999.9999999995,4200.0,1200.0,210.0,3000.0,5900.0,0.16,3799999.9999999995,1.2,0.061,0.061,0.0,450.0,0.031,0.0,0.0,0.0,6400.0,1.0,6.9E8,
4.0000000000000004E-36,0.019,1900.0,3900.0,2700.0,3799999.9999999995,4200.0,1200.0,210.0,3000.0,5900.0,0.16,3799999.9999999995,1.2,0.061,0.061,0.0,450.0,0.031,0.0,0.0,0.0,6400.0,1.0,6.9E8,
4.0000000000000004E-36,0.019,1900.0,3900.0,2700.0,3799999.9999999995,4200.0,1200.0,210.0,3000.0,5900.0,0.16,3799999.9999999995,1.2,0.061,0.061,0.0,450.0,0.031,0.0,0.0,0.0,6400.0,1.0,6.9E8,
4.0000000000000004E-36,0.019,1900.0,3900.0,2700.0,3799999.9999999995,4200.0,1200.0,210.0,3000.0,5900.0,0.16,3799999.9999999995,1.2,0.061,0.061,0.0,450.0,0.031,0.0,0.0,0.0,6400.0,1.0,6.9E8,
4.0000000000000004E-36,0.019,1900.0,3900.0,2700.0,3799999.9999999995,4200.0,1200.0,210.0,3000.0,5900.0,0.16,3799999.9999999995,1.2,0.061,0.061,0.0,450.0,0.031,0.0,0.0,0.0,6300.0,1.0,6.9E8,
4.0000000000000004E-36,0.019,1900.0,3900.0,2700.0,3799999.9999999995,4200.0,1200.0,210.0,3000.0,5900.0,0.16,3799999.9999999995,1.2,0.061,0.061,0.0,450.0,0.031,0.0,0.0,0.0,6300.0,1.0,6.9E8,
4.0000000000000004E-36,0.019,1900.0,3900.0,2700.0,3799999.9999999995,4200.0,1200.0,210.0,3000.0,5900.0,0.16,3799999.9999999995,1.2,0.061,0.061,0.0,450.0,0.031,0.0,0.0,0.0,6300.0,1.0,6.9E8,
4.0000000000000004E-36,0.019,1900.0,3900.0,2700.0,3799999.9999999995,4200.0,1200.0,210.0,3000.0,5900.0,0.16,3799999.9999999995,1.2,0.061,0.061,0.0,450.0,0.031,0.0,0.0,0.0,6300.0,1.0,6.9E8,
4.0000000000000004E-36,0.019,1900.0,3900.0,2700.0,3799999.9999999995,4200.0,1200.0,210.0,3000.0,5900.0,0.16,3799999.9999999995,1.2,0.061,0.061,0.0,440.0,0.031,0.0,0.0,0.0,6300.0,1.0,6.9E8,
4.0000000000000004E-36,0.019,1900.0,3900.0,2700.0,3799999.9999999995,4200.0,1200.0,210.0,3000.0,5900.0,0.16,3799999.9999999995,1.2,0.061,0.061,0.0,430.0,0.031,0.0,0.0,0.0,6200.0,1.0,6.9E8,
4.0000000000000004E-36,0.019,1900.0,3900.0,2700.0,3799999.9999999995,4200.0,1200.0,210.0,3000.0,5900.0,0.15,3799999.9999999995,1.2,0.061,0.061,0.0,430.0,0.031,0.0,0.0,0.0,6200.0,1.0,6.9E8,
4.0000000000000004E-36,0.019,1900.0,3900.0,2700.0,3799999.9999999995,4200.0,1200.0,210.0,3000.0,5900.0,0.15,3799999.9999999995,1.2,0.061,0.061,0.0,430.0,0.031,0.0,0.0,0.0,6200.0,1.0,6.9E8,
4.0000000000000004E-36,0.019,1900.0,3900.0,2700.0,3799999.9999999995,4200.0,1200.0,210.0,3000.0,5900.0,0.15,3799999.9999999995,1.2,0.061,0.061,0.0,430.0,0.031,0.0,0.0,0.0,6200.0,1.0,6.9E8,
4.0000000000000004E-36,0.019,1900.0,3900.0,2700.0,3799999.9999999995,4200.0,1200.0,210.0,3000.0,5900.0,0.15,3799999.9999999995,1.2,0.061,0.061,0.0,430.0,0.031,0.0,0.0,0.0,6200.0,1.0,6.9E8,
4.0000000000000004E-36,0.019,1900.0,3900.0,2700.0,3799999.9999999995,4200.0,1200.0,210.0,3000.0,5900.0,0.15,3799999.9999999995,1.2,0.061,0.061,0.0,430.0,0.031,0.0,0.0,0.0,6200.0,1.0,6.9E8,
4.0000000000000004E-36,0.019,1900.0,3900.0,2700.0,3799999.9999999995,4200.0,1200.0,210.0,3000.0,5900.0,0.15,3799999.9999999995,1.2,0.061,0.061,0.0,420.0,0.031,0.0,0.0,0.0,6100.0,1.0,6.9E8,
4.0000000000000004E-36,0.019,1900.0,3900.0,2700.0,3799999.9999999995,4200.0,1200.0,210.0,3000.0,5900.0,0.15,3799999.9999999995,1.2,0.061,0.061,0.0,420.0,0.031,0.0,0.0,0.0,6100.0,1.0,6.9E8,
4.0000000000000004E-36,0.019,1900.0,3900.0,2700.0,3799999.9999999995,4200.0,1200.0,210.0,3000.0,5900.0,0.15,3799999.9999999995,1.2,0.061,0.061,0.0,410.0,0.031,0.0,0.0,0.0,6100.0,1.0,6.9E8,
4.0000000000000004E-36,0.019,1900.0,3900.0,2700.0,3799999.9999999995,4200.0,1200.0,210.0,3000.0,5900.0,0.15,3799999.9999999995,1.2,0.061,0.061,0.0,410.0,0.031,0.0,0.0,0.0,6100.0,1.0,6.9E8,
4.0000000000000004E-36,0.019,1900.0,3900.0,2700.0,3799999.9999999995,4200.0,1200.0,210.0,3000.0,5900.0,0.15,3799999.9999999995,1.2,0.061,0.061,0.0,400.0,0.031,0.0,0.0,0.0,6000.0,1.0,6.9E8,
4.0000000000000004E-36,0.019,1900.0,3900.0,2700.0,3799999.9999999995,4200.0,1200.0,210.0,3000.0,5900.0,0.15,3799999.9999999995,1.2,0.061,0.061,0.0,400.0,0.031,0.0,0.0,0.0,6000.0,1.0,6.9E8,
4.0000000000000004E-36,0.019,1900.0,3900.0,2700.0,3799999.9999999995,4200.0,1200.0,210.0,3000.0,5900.0,0.15,3799999.9999999995,1.2,0.061,0.061,0.0,400.0,0.031,0.0,0.0,0.0,6000.0,1.0,6.9E8,
4.0000000000000004E-36,0.019,1900.0,3900.0,2700.0,3799999.9999999995,4200.0,1200.0,210.0,3000.0,5900.0,0.15,3799999.9999999995,1.2,0.061,0.061,0.0,400.0,0.031,0.0,0.0,0.0,6000.0,1.0,6.9E8,
4.0000000000000004E-36,0.019,1900.0,3900.0,2700.0,3799999.9999999995,4200.0,1200.0,210.0,3000.0,5900.0,0.15,3799999.9999999995,1.2,0.061,0.061,0.0,400.0,0.031,0.0,0.0,0.0,6000.0,1.0,6.9E8,
4.0000000000000004E-36,0.019,1900.0,3900.0,2700.0,3799999.9999999995,4200.0,1200.0,210.0,3000.0,5900.0,0.15,3799999.9999999995,1.2,0.061,0.061,0.0,390.0,0.031,0.0,0.0,0.0,5900.0,1.0,6.9E8,
4.0000000000000004E-36,0.019,1900.0,3900.0,2700.0,3799999.9999999995,4200.0,1200.0,210.0,3000.0,5900.0,0.15,3799999.9999999995,1.2,0.061,0.061,0.0,390.0,0.031,0.0,0.0,0.0,5900.0,1.0,6.9E8,
4.0000000000000004E-36,0.019,1900.0,3900.0,2700.0,3799999.9999999995,4200.0,1200.0,210.0,3000.0,5900.0,0.15,3799999.9999999995,1.2,0.061,0.061,0.0,380.0,0.031,0.0,0.0,0.0,5900.0,1.0,6.9E8,
4.0000000000000004E-36,0.019,1900.0,3900.0,2700.0,3799999.9999999995,4200.0,1200.0,210.0,3000.0,5900.0,0.15,3799999.9999999995,1.2,0.061,0.061,0.0,370.0,0.031,0.0,0.0,0.0,5900.0,1.0,6.9E8,
4.0000000000000004E-36,0.019,1900.0,3900.0,2700.0,3799999.9999999995,4200.0,1200.0,210.0,3000.0,5900.0,0.15,3799999.9999999995,1.2,0.061,0.061,0.0,370.0,0.031,0.0,0.0,0.0,5900.0,1.0,6.9E8,
4.0000000000000004E-36,0.019,1900.0,3900.0,2700.0,3799999.9999999995,4200.0,1200.0,210.0,3000.0,5900.0,0.15,3799999.9999999995,1.2,0.061,0.061,0.0,370.0,0.031,0.0,0.0,0.0,5900.0,1.0,6.9E8,
4.0000000000000004E-36,0.019,1900.0,3900.0,2700.0,3799999.9999999995,4200.0,1200.0,210.0,3000.0,5900.0,0.15,3799999.9999999995,1.2,0.061,0.061,0.0,370.0,0.031,0.0,0.0,0.0,5800.0,1.0,6.9E8,
4.0000000000000004E-36,0.019,1900.0,3900.0,2700.0,3799999.9999999995,4200.0,1200.0,210.0,3000.0,5900.0,0.14,3799999.9999999995,1.2,0.061,0.061,0.0,370.0,0.031,0.0,0.0,0.0,5800.0,1.0,6.9E8,
4.0000000000000004E-36,0.019,1900.0,3900.0,2700.0,3799999.9999999995,4200.0,1200.0,210.0,3000.0,5900.0,0.14,3799999.9999999995,1.2,0.061,0.061,0.0,370.0,0.031,0.0,0.0,0.0,5800.0,1.0,6.9E8,
4.0000000000000004E-36,0.019,1900.0,3900.0,2700.0,3799999.9999999995,4200.0,1200.0,210.0,3000.0,5900.0,0.14,3799999.9999999995,1.2,0.061,0.061,0.0,370.0,0.031,0.0,0.0,0.0,5800.0,1.0,6.9E8,
4.0000000000000004E-36,0.019,1900.0,3900.0,2700.0,3799999.9999999995,4200.0,1200.0,210.0,3000.0,5900.0,0.14,3799999.9999999995,1.2,0.061,0.061,0.0,370.0,0.031,0.0,0.0,0.0,5800.0,1.0,6.9E8,
4.0000000000000004E-36,0.019,1900.0,3900.0,2700.0,3799999.9999999995,4200.0,1200.0,210.0,3000.0,5900.0,0.14,3799999.9999999995,1.2,0.061,0.061,0.0,370.0,0.031,0.0,0.0,0.0,5800.0,1.0,6.9E8,
4.0000000000000004E-36,0.019,1900.0,3900.0,2700.0,3799999.9999999995,4200.0,1200.0,210.0,3000.0,5900.0,0.14,3799999.9999999995,1.2,0.061,0.061,0.0,370.0,0.031,0.0,0.0,0.0,5700.0,1.0,6.9E8,
4.0000000000000004E-36,0.019,1900.0,3900.0,2700.0,3799999.9999999995,4200.0,1200.0,210.0,3000.0,5900.0,0.14,3799999.9999999995,1.2,0.061,0.061,0.0,360.0,0.031,0.0,0.0,0.0,5700.0,1.0,6.9E8,
4.0000000000000004E-36,0.019,1900.0,3900.0,2700.0,3799999.9999999995,4200.0,1200.0,210.0,3000.0,5900.0,0.14,3799999.9999999995,1.2,0.061,0.061,0.0,360.0,0.031,0.0,0.0,0.0,5700.0,1.0,6.9E8,
4.0000000000000004E-36,0.019,1900.0,3900.0,2700.0,3799999.9999999995,4200.0,1200.0,210.0,3000.0,5900.0,0.14,3799999.9999999995,1.2,0.061,0.061,0.0,360.0,0.031,0.0,0.0,0.0,5700.0,1.0,6.9E8,
4.0000000000000004E-36,0.019,1900.0,3900.0,2700.0,3799999.9999999995,4200.0,1200.0,210.0,3000.0,5900.0,0.14,3799999.9999999995,1.2,0.061,0.061,0.0,350.0,0.031,0.0,0.0,0.0,5700.0,1.0,6.9E8,
4.0000000000000004E-36,0.019,1900.0,3900.0,2700.0,3799999.9999999995,4200.0,1200.0,210.0,3000.0,5900.0,0.14,3799999.9999999995,1.2,0.061,0.061,0.0,350.0,0.031,0.0,0.0,0.0,5600.0,1.0,6.9E8,
4.0000000000000004E-36,0.019,1900.0,3900.0,2700.0,3799999.9999999995,4200.0,1200.0,210.0,3000.0,5900.0,0.14,3799999.9999999995,1.2,0.061,0.061,0.0,350.0,0.031,0.0,0.0,0.0,5600.0,1.0,6.9E8,
4.0000000000000004E-36,0.019,1900.0,3900.0,2700.0,3799999.9999999995,4200.0,1200.0,210.0,3000.0,5900.0,0.14,3799999.9999999995,1.2,0.061,0.061,0.0,350.0,0.031,0.0,0.0,0.0,5600.0,1.0,6.9E8,
4.0000000000000004E-36,0.019,1900.0,3900.0,2700.0,3799999.9999999995,4200.0,1200.0,210.0,3000.0,5900.0,0.14,3799999.9999999995,1.2,0.061,0.061,0.0,350.0,0.031,0.0,0.0,0.0,5600.0,1.0,6.9E8,
4.0000000000000004E-36,0.019,1900.0,3900.0,2700.0,3799999.9999999995,4200.0,1200.0,210.0,3000.0,5900.0,0.14,3799999.9999999995,1.2,0.061,0.061,0.0,350.0,0.031,0.0,0.0,0.0,5600.0,1.0,6.9E8,
4.0000000000000004E-36,0.019,1900.0,3900.0,2700.0,3799999.9999999995,4200.0,1200.0,210.0,3000.0,5900.0,0.14,3799999.9999999995,1.2,0.061,0.061,0.0,350.0,0.031,0.0,0.0,0.0,5500.0,1.0,6.9E8,
4.0000000000000004E-36,0.019,1900.0,3900.0,2700.0,3799999.9999999995,4200.0,1200.0,210.0,3000.0,5900.0,0.14,3799999.9999999995,1.2,0.061,0.061,0.0,350.0,0.031,0.0,0.0,0.0,5500.0,1.0,6.9E8,
4.0000000000000004E-36,0.019,1900.0,3900.0,2700.0,3799999.9999999995,4200.0,1200.0,210.0,3000.0,5900.0,0.14,3799999.9999999995,1.2,0.061,0.061,0.0,340.0,0.031,0.0,0.0,0.0,5500.0,1.0,6.9E8,
4.0000000000000004E-36,0.019,1900.0,3900.0,2700.0,3799999.9999999995,4200.0,1200.0,210.0,3000.0,5900.0,0.14,3799999.9999999995,1.2,0.061,0.061,0.0,340.0,0.031,0.0,0.0,0.0,5500.0,1.0,6.9E8,
4.0000000000000004E-36,0.019,1900.0,3900.0,2700.0,3799999.9999999995,4200.0,1200.0,210.0,3000.0,5900.0,0.14,3799999.9999999995,1.2,0.061,0.061,0.0,330.0,0.031,0.0,0.0,0.0,5400.0,1.0,6.9E8,
4.0000000000000004E-36,0.019,1900.0,3900.0,2700.0,3799999.9999999995,4200.0,1200.0,210.0,3000.0,5900.0,0.13,3799999.9999999995,1.2,0.061,0.061,0.0,330.0,0.031,0.0,0.0,0.0,5400.0,1.0,6.9E8,
4.0000000000000004E-36,0.019,1900.0,3900.0,2700.0,3799999.9999999995,4200.0,1200.0,210.0,3000.0,5900.0,0.13,3799999.9999999995,1.2,0.061,0.061,0.0,320.0,0.031,0.0,0.0,0.0,5400.0,1.0,6.9E8,
4.0000000000000004E-36,0.019,1900.0,3900.0,2700.0,3799999.9999999995,4200.0,1200.0,210.0,3000.0,5900.0,0.13,3799999.9999999995,1.2,0.061,0.061,0.0,320.0,0.031,0.0,0.0,0.0,5400.0,1.0,6.9E8,
4.0000000000000004E-36,0.019,1900.0,3900.0,2700.0,3799999.9999999995,4200.0,1200.0,210.0,3000.0,5900.0,0.13,3799999.9999999995,1.2,0.061,0.061,0.0,320.0,0.031,0.0,0.0,0.0,5400.0,1.0,6.9E8,
4.0000000000000004E-36,0.019,1900.0,3900.0,2700.0,3799999.9999999995,4200.0,1200.0,210.0,3000.0,5900.0,0.13,3799999.9999999995,1.2,0.061,0.061,0.0,320.0,0.031,0.0,0.0,0.0,5400.0,1.0,6.9E8,
4.0000000000000004E-36,0.019,1900.0,3900.0,2700.0,3799999.9999999995,4200.0,1200.0,210.0,3000.0,5900.0,0.13,3799999.9999999995,1.2,0.061,0.061,0.0,320.0,0.031,0.0,0.0,0.0,5300.0,1.0,6.9E8,
4.0000000000000004E-36,0.019,1900.0,3900.0,2700.0,3799999.9999999995,4200.0,1200.0,210.0,3000.0,5900.0,0.13,3799999.9999999995,1.2,0.061,0.061,0.0,300.0,0.031,0.0,0.0,0.0,5300.0,1.0,6.9E8,
4.0000000000000004E-36,0.019,1900.0,3900.0,2700.0,3799999.9999999995,4200.0,1200.0,210.0,3000.0,5900.0,0.13,3799999.9999999995,1.2,0.061,0.061,0.0,300.0,0.031,0.0,0.0,0.0,5300.0,1.0,6.9E8,
4.0000000000000004E-36,0.019,1900.0,3900.0,2700.0,3799999.9999999995,4200.0,1200.0,210.0,3000.0,5900.0,0.13,3799999.9999999995,1.2,0.061,0.061,0.0,300.0,0.031,0.0,0.0,0.0,5300.0,1.0,6.9E8,
4.0000000000000004E-36,0.019,1900.0,3900.0,2700.0,3799999.9999999995,4200.0,1200.0,210.0,3000.0,5900.0,0.13,3799999.9999999995,1.2,0.061,0.061,0.0,300.0,0.031,0.0,0.0,0.0,5300.0,1.0,6.9E8,
4.0000000000000004E-36,0.019,1900.0,3900.0,2700.0,3799999.9999999995,4200.0,1200.0,210.0,3000.0,5900.0,0.13,3799999.9999999995,1.2,0.061,0.061,0.0,290.0,0.031,0.0,0.0,0.0,5300.0,1.0,6.9E8,
