cMHCIEnEr,cMHCIEnPm,cMHCIEnRabA,cMHCIEnRabB,cMHCIEnRabC,cMHCIEnRabD,cMHCIEnRabE,cMHCIEnRabF,cMHCIEnRabG,cMHCIEnRabH,cMHCIEnRabI,exCxEnEr,exCxEnPm,exCxEnRabA,exCxEnRabB,exCxEnRabC,exCxEnRabD,exCxEnRabE,exCxEnRabF,exCxEnRabG,exCxEnRabH,exCxEnRabI,FeCyCy,FeEnEr,FeEnPm,FeEnRabA,FeEnRabB,FeEnRabC,FeEnRabD,FeEnRabE,FeEnRabF,FeEnRabG,FeEnRabH,FeEnRabI,imCxEnEr,imCxEnPm,imCxEnRabA,imCxEnRabB,imCxEnRabC,imCxEnRabD,imCxEnRabE,imCxEnRabF,imCxEnRabG,imCxEnRabH,imCxEnRabI,membraneMarkerEr,membraneMarkerPm,membraneMarkerRabA,membraneMarkerRabB,membraneMarkerRabC,membraneMarkerRabD,membraneMarkerRabE,membraneMarkerRabF,membraneMarkerRabG,membraneMarkerRabH,membraneMarkerRabI,mvbEr,mvbPm,mvbRabA,mvbRabB,mvbRabC,mvbRabD,mvbRabE,mvbRabF,mvbRabG,mvbRabH,mvbRabI,oMHCIEnEr,oMHCIEnPm,oMHCIEnRabA,oMHCIEnRabB,oMHCIEnRabC,oMHCIEnRabD,oMHCIEnRabE,oMHCIEnRabF,oMHCIEnRabG,oMHCIEnRabH,oMHCIEnRabI,ovaCyCy,ovaEnEr,ovaEnPm,ovaEnRabA,ovaEnRabB,ovaEnRabC,ovaEnRabD,ovaEnRabE,ovaEnRabF,ovaEnRabG,ovaEnRabH,ovaEnRabI,pepCyCy,pepEnEr,pepEnPm,pepEnRabA,pepEnRabB,pepEnRabC,pepEnRabD,pepEnRabE,pepEnRabF,pepEnRabG,pepEnRabH,pepEnRabI,pepMHCIEnEr,pepMHCIEnPm,pepMHCIEnRabA,pepMHCIEnRabB,pepMHCIEnRabC,pepMHCIEnRabD,pepMHCIEnRabE,pepMHCIEnRabF,pepMHCIEnRabG,pepMHCIEnRabH,pepMHCIEnRabI,protonCyCy,protonEnEr,protonEnPm,protonEnRabA,protonEnRabB,protonEnRabC,protonEnRabD,protonEnRabE,protonEnRabF,protonEnRabG,protonEnRabH,protonEnRabI,R-TfaEnEr,R-TfaEnPm,R-TfaEnRabA,R-TfaEnRabB,R-TfaEnRabC,R-TfaEnRabD,R-TfaEnRabE,R-TfaEnRabF,R-TfaEnRabG,R-TfaEnRabH,R-TfaEnRabI,R-TfEnEr,R-TfEnPm,R-TfEnRabA,R-TfEnRabB,R-TfEnRabC,R-TfEnRabD,R-TfEnRabE,R-TfEnRabF,R-TfEnRabG,R-TfEnRabH,R-TfEnRabI,REnEr,REnPm,REnRabA,REnRabB,REnRabC,REnRabD,REnRabE,REnRabF,REnRabG,REnRabH,REnRabI,solubleMarkerEr,solubleMarkerPm,solubleMarkerRabA,solubleMarkerRabB,solubleMarkerRabC,solubleMarkerRabD,solubleMarkerRabE,solubleMarkerRabF,solubleMarkerRabG,solubleMarkerRabH,solubleMarkerRabI,TfaEnEr,TfaEnPm,TfaEnRabA,TfaEnRabB,TfaEnRabC,TfaEnRabD,TfaEnRabE,TfaEnRabF,TfaEnRabG,TfaEnRabH,TfaEnRabI,TfEnEr,TfEnPm,TfEnRabA,TfEnRabB,TfEnRabC,TfEnRabD,TfEnRabE,TfEnRabF,TfEnRabG,TfEnRabH,TfEnRabI,
0.0,0.0,0.0,0.0,0.0,0.0,0.0,0.0,0.0,0.0,0.0,0.0,0.0,0.0,0.0,0.0,0.0,0.0,0.0,0.0,0.0,0.0,2.8E-6,0.001843,0.0,3.018,1.224,0.01596,1.483E-6,2.881E-4,4.616E-5,0.02024,0.004404,3.998E-4,0.0,0.0,0.0,0.0,0.0,0.0,0.0,0.0,0.0,0.0,0.0,0.0,0.0,0.0,0.0,0.0,0.0,0.0,0.0,0.0,0.0,0.0,2.3E-22,0.0,4.001,0.001848,0.01539,0.0,0.01654,0.008959,0.7643,0.177,0.01462,0.0,0.0,0.0,0.0,0.0,0.0,0.0,0.0,0.0,0.0,0.0,0.0,0.0,0.0,0.0,0.0,0.0,0.0,0.0,0.0,0.0,0.0,0.0,0.0,0.0,0.0,0.0,0.0,0.0,0.0,0.0,0.0,0.0,0.0,0.0,0.0,0.0,0.0,0.0,0.0,0.0,0.0,0.0,0.0,0.0,0.0,1.0E-4,18640.0,9.55E25,5913.0,1243.0,81.54,202600.0,673.0,812.8,12410.0,4072.0,2417.0,0.3167,269.5,55.89,182.2,4.891,3.315,0.08566,0.03388,3.816,1.069,0.3055,0.004054,1647.0,144.8,28.41,0.3864,1.878E-5,3.282E-4,1.074E-4,0.01617,0.004466,7.919E-4,19.42,0.1425,1.561,5.631,5.745,0.3159,0.1259,0.03442,3.74,0.9603,0.2113,0.0,0.0,0.0,0.0,0.0,0.0,0.0,0.0,0.0,0.0,0.0,0.4509,0.0,2.534,0.4256,0.06865,1.096,0.286,0.03892,2.889,0.7679,0.2945,6.57E-6,0.0,7.986E-4,7.32E-5,5.661E-6,1.125E-4,3.659E-6,7.45E-7,3.429E-5,9.464E-6,4.668E-6,
0.0,0.0,0.0,0.0,0.0,0.0,0.0,0.0,0.0,0.0,0.0,0.0,0.0,0.0,0.0,0.0,0.0,0.0,0.0,0.0,0.0,0.0,2.8E-6,0.001843,0.02601,3.018,1.198,0.01596,1.483E-6,2.899E-4,4.641E-5,0.02013,0.004522,3.806E-4,0.0,0.0,0.0,0.0,0.0,0.0,0.0,0.0,0.0,0.0,0.0,0.0,0.0,0.0,0.0,0.0,0.0,0.0,0.0,0.0,0.0,0.0,2.3E-22,0.0,6.001,0.001913,0.01593,0.0,0.01712,0.009273,0.7735,0.1657,0.01513,0.0,0.0,0.0,0.0,0.0,0.0,0.0,0.0,0.0,0.0,0.0,0.0,0.0,0.0,0.0,0.0,0.0,0.0,0.0,0.0,0.0,0.0,0.0,0.0,0.0,0.0,0.0,0.0,0.0,0.0,0.0,0.0,0.0,0.0,0.0,0.0,0.0,0.0,0.0,0.0,0.0,0.0,0.0,0.0,0.0,0.0,1.0E-4,18640.0,9.55E25,5913.0,1236.0,82.82,202600.0,673.9,812.5,12290.0,4205.0,2398.0,0.3167,279.5,55.89,172.3,4.893,3.315,0.08715,0.03468,3.84,1.04,0.3068,0.004054,1651.0,144.8,24.21,0.3864,1.878E-5,3.346E-4,1.109E-4,0.01628,0.004342,7.975E-4,19.42,0.2849,1.561,5.489,5.746,0.3159,0.1274,0.03521,3.763,0.9315,0.2126,0.0,0.0,0.0,0.0,0.0,0.0,0.0,0.0,0.0,0.0,0.0,0.4509,0.01909,2.534,0.4066,0.06896,1.096,0.2863,0.03892,2.87,0.7903,0.2911,6.57E-6,3.92E-6,7.986E-4,6.928E-5,5.664E-6,1.125E-4,3.662E-6,7.449E-7,3.404E-5,9.744E-6,4.625E-6,
0.0,0.0,0.0,0.0,0.0,0.0,0.0,0.0,0.0,0.0,0.0,0.0,0.0,0.0,0.0,0.0,0.0,0.0,0.0,0.0,0.0,0.0,2.8E-6,0.001843,0.02601,3.073,1.143,0.01595,1.483E-6,2.825E-4,4.244E-5,0.01943,0.005252,3.738E-4,0.0,0.0,0.0,0.0,0.0,0.0,0.0,0.0,0.0,0.0,0.0,0.0,0.0,0.0,0.0,0.0,0.0,0.0,0.0,0.0,0.0,0.0,2.3E-22,0.0,6.001,0.00136,0.01132,0.0,0.01217,0.006593,0.6896,0.2672,0.01076,0.0,0.0,0.0,0.0,0.0,0.0,0.0,0.0,0.0,0.0,0.0,0.0,0.0,0.0,0.0,0.0,0.0,0.0,0.0,0.0,0.0,0.0,0.0,0.0,0.0,0.0,0.0,0.0,0.0,0.0,0.0,0.0,0.0,0.0,0.0,0.0,0.0,0.0,0.0,0.0,0.0,0.0,0.0,0.0,0.0,0.0,1.0E-4,18640.0,9.55E25,5902.0,1247.0,78.83,202600.0,669.6,810.3,11900.0,4610.0,2392.0,0.3167,279.5,57.52,170.6,4.881,3.315,0.07435,0.02775,3.62,1.305,0.2955,0.004054,1651.0,144.9,24.16,0.3863,1.878E-5,2.8E-4,8.133E-5,0.01534,0.005472,7.493E-4,19.42,0.2849,1.614,5.433,5.735,0.3159,0.1146,0.02831,3.544,1.196,0.2013,0.0,0.0,0.0,0.0,0.0,0.0,0.0,0.0,0.0,0.0,0.0,0.4509,0.01909,2.534,0.4064,0.06791,1.096,0.2852,0.03832,2.774,0.8908,0.2899,6.57E-6,3.92E-6,7.986E-4,6.928E-5,5.653E-6,1.125E-4,3.65E-6,7.383E-7,3.291E-5,1.092E-5,4.611E-6,
0.0,0.0,0.0,0.0,0.0,0.0,0.0,0.0,0.0,0.0,0.0,0.0,0.0,0.0,0.0,0.0,0.0,0.0,0.0,0.0,0.0,0.0,2.8E-6,0.001843,0.02601,3.073,1.143,0.01596,1.483E-6,2.933E-4,4.812E-5,0.01936,0.00528,3.834E-4,0.0,0.0,0.0,0.0,0.0,0.0,0.0,0.0,0.0,0.0,0.0,0.0,0.0,0.0,0.0,0.0,0.0,0.0,0.0,0.0,0.0,0.0,2.3E-22,0.0,6.001,0.001623,0.01351,0.0,0.01452,0.007866,0.6742,0.2742,0.01283,0.0,0.0,0.0,0.0,0.0,0.0,0.0,0.0,0.0,0.0,0.0,0.0,0.0,0.0,0.0,0.0,0.0,0.0,0.0,0.0,0.0,0.0,0.0,0.0,0.0,0.0,0.0,0.0,0.0,0.0,0.0,0.0,0.0,0.0,0.0,0.0,0.0,0.0,0.0,0.0,0.0,0.0,0.0,0.0,0.0,0.0,1.0E-4,18640.0,9.55E25,5905.0,1244.0,84.81,202600.0,675.9,813.5,11900.0,4593.0,2399.0,0.3167,279.5,56.1,172.0,4.886,3.315,0.08039,0.03103,3.577,1.327,0.3007,0.004054,1651.0,142.2,26.87,0.3864,1.878E-5,3.057E-4,9.528E-5,0.01515,0.00557,7.711E-4,19.42,0.2849,1.586,5.463,5.74,0.3159,0.1206,0.03155,3.497,1.221,0.2066,0.0,0.0,0.0,0.0,0.0,0.0,0.0,0.0,0.0,0.0,0.0,0.4509,0.01909,2.537,0.4032,0.06935,1.096,0.2867,0.03911,2.767,0.8916,0.2912,6.57E-6,3.92E-6,8.002E-4,6.763E-5,5.67E-6,1.125E-4,3.668E-6,7.476E-7,3.285E-5,1.092E-5,4.629E-6,
0.0,0.0,0.0,0.0,0.0,0.0,0.0,0.0,0.0,0.0,0.0,0.0,0.0,0.0,0.0,0.0,0.0,0.0,0.0,0.0,0.0,0.0,2.8E-6,0.001843,0.02601,3.067,1.149,0.01596,1.483E-6,2.942E-4,4.814E-5,0.01935,0.005293,3.84E-4,0.0,0.0,0.0,0.0,0.0,0.0,0.0,0.0,0.0,0.0,0.0,0.0,0.0,0.0,0.0,0.0,0.0,0.0,0.0,0.0,0.0,0.0,2.3E-22,0.0,6.001,0.001647,0.01371,0.0,0.01474,0.007985,0.6844,0.2633,0.01303,0.0,0.0,0.0,0.0,0.0,0.0,0.0,0.0,0.0,0.0,0.0,0.0,0.0,0.0,0.0,0.0,0.0,0.0,0.0,0.0,0.0,0.0,0.0,0.0,0.0,0.0,0.0,0.0,0.0,0.0,0.0,0.0,0.0,0.0,0.0,0.0,0.0,0.0,0.0,0.0,0.0,0.0,0.0,0.0,0.0,0.0,1.0E-4,18640.0,9.55E25,5892.0,1257.0,85.41,202600.0,676.3,813.3,11860.0,4625.0,2399.0,0.3167,279.5,57.04,171.1,4.887,3.315,0.08095,0.03133,3.603,1.299,0.3012,0.004054,1651.0,144.5,24.49,0.3864,1.878E-5,3.081E-4,9.658E-5,0.01526,0.00545,7.732E-4,19.42,0.2849,1.609,5.439,5.741,0.3159,0.1211,0.03185,3.523,1.194,0.207,0.0,0.0,0.0,0.0,0.0,0.0,0.0,0.0,0.0,0.0,0.0,0.4509,0.01909,2.531,0.4095,0.0695,1.096,0.2868,0.0391,2.763,0.8957,0.2913,6.57E-6,3.92E-6,7.977E-4,7.014E-5,5.671E-6,1.125E-4,3.669E-6,7.473E-7,3.279E-5,1.097E-5,4.629E-6,
0.0,0.0,0.0,0.0,0.0,0.0,0.0,0.0,0.0,0.0,0.0,0.0,0.0,0.0,0.0,0.0,0.0,0.0,0.0,0.0,0.0,0.0,2.8E-6,0.001843,0.02601,3.067,1.149,0.01597,1.483E-6,2.981E-4,5.482E-5,0.01928,0.005348,3.88E-4,0.0,0.0,0.0,0.0,0.0,0.0,0.0,0.0,0.0,0.0,0.0,0.0,0.0,0.0,0.0,0.0,0.0,0.0,0.0,0.0,0.0,0.0,2.3E-22,0.0,6.001,0.001672,0.01392,0.0,0.01496,0.008107,0.6949,0.252,0.01323,0.0,0.0,0.0,0.0,0.0,0.0,0.0,0.0,0.0,0.0,0.0,0.0,0.0,0.0,0.0,0.0,0.0,0.0,0.0,0.0,0.0,0.0,0.0,0.0,0.0,0.0,0.0,0.0,0.0,0.0,0.0,0.0,0.0,0.0,0.0,0.0,0.0,0.0,0.0,0.0,0.0,0.0,0.0,0.0,0.0,0.0,1.0E-4,18640.0,9.55E25,5892.0,1257.0,86.03,202600.0,678.1,816.0,11840.0,4636.0,2405.0,0.3167,279.5,57.04,171.1,4.887,3.315,0.08159,0.03177,3.626,1.273,0.3018,0.004054,1651.0,144.5,24.49,0.3864,1.878E-5,3.109E-4,9.853E-5,0.01536,0.005345,7.757E-4,19.42,0.2849,1.609,5.439,5.741,0.3159,0.1218,0.0324,3.542,1.172,0.2077,0.0,0.0,0.0,0.0,0.0,0.0,0.0,0.0,0.0,0.0,0.0,0.4509,0.01909,2.531,0.4095,0.06965,1.096,0.2873,0.03993,2.755,0.9015,0.2918,6.57E-6,3.92E-6,7.977E-4,7.014E-5,5.673E-6,1.125E-4,3.675E-6,7.568E-7,3.27E-5,1.104E-5,4.635E-6,
0.0,0.0,0.0,0.0,0.0,0.0,0.0,0.0,0.0,0.0,0.0,0.0,0.0,0.0,0.0,0.0,0.0,0.0,0.0,0.0,0.0,0.0,2.8E-6,0.001843,0.02601,3.067,1.149,0.01595,1.483E-6,2.303E-4,6.715E-5,0.01853,0.006193,3.605E-4,0.0,0.0,0.0,0.0,0.0,0.0,0.0,0.0,0.0,0.0,0.0,0.0,0.0,0.0,0.0,0.0,0.0,0.0,0.0,0.0,0.0,0.0,2.3E-22,0.0,6.001,0.001403,0.01168,0.0,0.002043,0.01176,0.5532,0.4124,0.006486,0.0,0.0,0.0,0.0,0.0,0.0,0.0,0.0,0.0,0.0,0.0,0.0,0.0,0.0,0.0,0.0,0.0,0.0,0.0,0.0,0.0,0.0,0.0,0.0,0.0,0.0,0.0,0.0,0.0,0.0,0.0,0.0,0.0,0.0,0.0,0.0,0.0,0.0,0.0,0.0,0.0,0.0,0.0,0.0,0.0,0.0,1.0E-4,18640.0,9.55E25,5891.0,1257.0,80.18,202600.0,638.4,823.8,11410.0,5126.0,2385.0,0.3167,279.5,57.04,171.1,4.881,3.315,0.04833,0.04099,3.263,1.684,0.285,0.004054,1651.0,144.5,24.49,0.3863,1.878E-5,1.692E-4,1.377E-4,0.01381,0.007093,7.044E-4,19.42,0.2849,1.609,5.439,5.735,0.3159,0.08897,0.04132,3.186,1.576,0.1916,0.0,0.0,0.0,0.0,0.0,0.0,0.0,0.0,0.0,0.0,0.0,0.4509,0.01909,2.531,0.4095,0.06813,1.096,0.2777,0.04173,2.65,1.021,0.2876,6.57E-6,3.92E-6,7.977E-4,7.017E-5,5.656E-6,1.125E-4,3.563E-6,7.779E-7,3.148E-5,1.242E-5,4.585E-6,
0.0,0.0,0.0,0.0,0.0,0.0,0.0,0.0,0.0,0.0,0.0,0.0,0.0,0.0,0.0,0.0,0.0,0.0,0.0,0.0,0.0,0.0,2.8E-6,0.001843,0.02601,3.067,1.149,0.01596,1.483E-6,2.313E-4,7.273E-5,0.02009,0.004611,3.636E-4,0.0,0.0,0.0,0.0,0.0,0.0,0.0,0.0,0.0,0.0,0.0,0.0,0.0,0.0,0.0,0.0,0.0,0.0,0.0,0.0,0.0,0.0,2.3E-22,0.0,6.001,0.001466,0.0122,0.0,0.002135,0.01229,0.9568,0.007243,0.006777,0.0,0.0,0.0,0.0,0.0,0.0,0.0,0.0,0.0,0.0,0.0,0.0,0.0,0.0,0.0,0.0,0.0,0.0,0.0,0.0,0.0,0.0,0.0,0.0,0.0,0.0,0.0,0.0,0.0,0.0,0.0,0.0,0.0,0.0,0.0,0.0,0.0,0.0,0.0,0.0,0.0,0.0,0.0,0.0,0.0,0.0,1.0E-4,18640.0,9.55E25,5892.0,1258.0,83.52,202600.0,639.0,827.2,12360.0,4174.0,2387.0,0.3167,279.5,57.04,171.1,4.883,3.315,0.04856,0.04233,4.294,0.6498,0.2857,0.004054,1651.0,144.5,24.49,0.3863,1.878E-5,1.702E-4,1.434E-4,0.0182,0.002695,7.075E-4,19.42,0.2849,1.609,5.439,5.736,0.3159,0.0892,0.04263,4.195,0.5631,0.1923,0.0,0.0,0.0,0.0,0.0,0.0,0.0,0.0,0.0,0.0,0.0,0.4509,0.01909,2.531,0.4096,0.06893,1.096,0.2779,0.04253,2.874,0.7944,0.288,6.57E-6,3.92E-6,7.977E-4,7.017E-5,5.665E-6,1.125E-4,3.564E-6,7.873E-7,3.41E-5,9.776E-6,4.59E-6,
0.0,0.0,0.0,0.0,0.0,0.0,0.0,0.0,0.0,0.0,0.0,0.0,0.0,0.0,0.0,0.0,0.0,0.0,0.0,0.0,0.0,0.0,2.8E-6,0.001843,0.02601,3.405,0.8116,0.01596,1.483E-6,2.316E-4,7.452E-5,0.0201,0.004603,3.596E-4,0.0,0.0,0.0,0.0,0.0,0.0,0.0,0.0,0.0,0.0,0.0,0.0,0.0,0.0,0.0,0.0,0.0,0.0,0.0,0.0,0.0,0.0,2.3E-22,0.0,6.001,0.001506,0.01254,0.0,0.002194,0.01263,0.9556,0.007443,0.006964,0.0,0.0,0.0,0.0,0.0,0.0,0.0,0.0,0.0,0.0,0.0,0.0,0.0,0.0,0.0,0.0,0.0,0.0,0.0,0.0,0.0,0.0,0.0,0.0,0.0,0.0,0.0,0.0,0.0,0.0,0.0,0.0,0.0,0.0,0.0,0.0,0.0,0.0,0.0,0.0,0.0,0.0,0.0,0.0,0.0,0.0,1.0E-4,18640.0,9.55E25,5885.0,1264.0,84.58,202600.0,639.2,828.3,12370.0,4155.0,2386.0,0.3167,279.5,57.04,171.1,4.884,3.315,0.04871,0.0432,4.29,0.6514,0.2859,0.004054,1651.0,144.5,24.49,0.3863,1.878E-5,1.709E-4,1.47E-4,0.01818,0.002702,7.083E-4,19.42,0.2849,1.609,5.439,5.737,0.3159,0.08935,0.04347,4.19,0.5658,0.1923,0.0,0.0,0.0,0.0,0.0,0.0,0.0,0.0,0.0,0.0,0.0,0.4509,0.01909,2.53,0.4101,0.06918,1.096,0.2779,0.04279,2.876,0.7919,0.2876,6.57E-6,3.92E-6,7.975E-4,7.035E-5,5.668E-6,1.125E-4,3.565E-6,7.903E-7,3.413E-5,9.744E-6,4.585E-6,
0.0,0.0,0.0,0.0,0.0,0.0,0.0,0.0,0.0,0.0,0.0,0.0,0.0,0.0,0.0,0.0,0.0,0.0,0.0,0.0,0.0,0.0,2.8E-6,0.001843,0.02601,3.412,0.8039,0.01596,1.483E-6,2.318E-4,7.584E-5,0.01992,0.00479,3.565E-4,0.0,0.0,0.0,0.0,0.0,0.0,0.0,0.0,0.0,0.0,0.0,0.0,0.0,0.0,0.0,0.0,0.0,0.0,0.0,0.0,0.0,0.0,2.3E-22,0.0,6.001,0.00128,0.01066,0.0,0.001865,0.01074,0.9388,0.02976,0.005919,0.0,0.0,0.0,0.0,0.0,0.0,0.0,0.0,0.0,0.0,0.0,0.0,0.0,0.0,0.0,0.0,0.0,0.0,0.0,0.0,0.0,0.0,0.0,0.0,0.0,0.0,0.0,0.0,0.0,0.0,0.0,0.0,0.0,0.0,0.0,0.0,0.0,0.0,0.0,0.0,0.0,0.0,0.0,0.0,0.0,0.0,1.0E-4,18640.0,9.55E25,5879.0,1271.0,85.44,202600.0,1253.0,215.0,12280.0,4259.0,2377.0,0.3167,279.5,57.77,170.4,4.879,3.315,0.05303,0.03317,4.244,0.711,0.2834,0.004054,1651.0,144.6,24.42,0.3863,1.878E-5,1.673E-4,1.263E-4,0.01798,0.002958,6.973E-4,19.42,0.2849,1.637,5.41,5.733,0.3159,0.08928,0.03792,4.143,0.6268,0.1899,0.0,0.0,0.0,0.0,0.0,0.0,0.0,0.0,0.0,0.0,0.0,0.4509,0.01909,2.534,0.4063,0.06937,1.096,0.2815,0.03944,2.851,0.8208,0.2836,6.57E-6,3.92E-6,7.97E-4,7.088E-5,5.67E-6,1.125E-4,3.82E-6,5.382E-7,3.384E-5,1.006E-5,4.559E-6,
0.0,0.0,0.0,0.0,0.0,0.0,0.0,0.0,0.0,0.0,0.0,0.0,0.0,0.0,0.0,0.0,0.0,0.0,0.0,0.0,0.0,0.0,2.8E-6,0.001843,0.02601,3.412,0.8039,0.01594,1.483E-6,2.278E-4,5.238E-5,0.01988,0.004894,3.415E-4,0.0,0.0,0.0,0.0,0.0,0.0,0.0,0.0,0.0,0.0,0.0,0.0,0.0,0.0,0.0,0.0,0.0,0.0,0.0,0.0,0.0,0.0,2.3E-22,0.0,6.001,7.409E-4,0.006168,0.0,0.001079,0.006212,0.9782,0.003661,0.003425,0.0,0.0,0.0,0.0,0.0,0.0,0.0,0.0,0.0,0.0,0.0,0.0,0.0,0.0,0.0,0.0,0.0,0.0,0.0,0.0,0.0,0.0,0.0,0.0,0.0,0.0,0.0,0.0,0.0,0.0,0.0,0.0,0.0,0.0,0.0,0.0,0.0,0.0,0.0,0.0,0.0,0.0,0.0,0.0,0.0,0.0,1.0E-4,18640.0,9.55E25,5877.0,1269.0,71.55,202600.0,1251.0,201.0,12280.0,4297.0,2432.0,0.3167,279.5,57.77,170.4,4.867,3.315,0.05102,0.0216,4.341,0.6482,0.277,0.004054,1651.0,144.6,24.42,0.3863,1.878E-5,1.587E-4,7.713E-5,0.01839,0.002694,6.703E-4,19.42,0.2849,1.636,5.408,5.721,0.3159,0.08731,0.02658,4.234,0.569,0.1838,0.0,0.0,0.0,0.0,0.0,0.0,0.0,0.0,0.0,0.0,0.0,0.4508,0.01909,2.534,0.4059,0.06605,1.096,0.2809,0.0361,2.848,0.8334,0.2814,6.57E-6,3.92E-6,7.97E-4,7.087E-5,5.631E-6,1.125E-4,3.813E-6,4.991E-7,3.382E-5,1.02E-5,4.534E-6,
0.0,0.0,0.0,0.0,0.0,0.0,0.0,0.0,0.0,0.0,0.0,0.0,0.0,0.0,0.0,0.0,0.0,0.0,0.0,0.0,0.0,0.0,2.8E-6,0.001843,0.02601,3.472,0.7485,0.01184,1.483E-6,2.321E-4,7.716E-5,0.0198,0.004909,3.551E-4,0.0,0.0,0.0,0.0,0.0,0.0,0.0,0.0,0.0,0.0,0.0,0.0,0.0,0.0,0.0,0.0,0.0,0.0,0.0,0.0,0.0,0.0,2.3E-22,0.0,5.676,0.2691,0.068,0.0,0.001889,0.01087,0.9618,0.006408,0.005996,0.0,0.0,0.0,0.0,0.0,0.0,0.0,0.0,0.0,0.0,0.0,0.0,0.0,0.0,0.0,0.0,0.0,0.0,0.0,0.0,0.0,0.0,0.0,0.0,0.0,0.0,0.0,0.0,0.0,0.0,0.0,0.0,0.0,0.0,0.0,0.0,0.0,0.0,0.0,0.0,0.0,0.0,0.0,0.0,0.0,0.0,1.0E-4,18640.0,9.55E25,5865.0,1282.0,88.66,202600.0,1254.0,215.9,12230.0,4306.0,2440.0,0.3167,279.5,64.28,164.9,3.878,3.315,0.05308,0.0335,4.299,0.6552,0.2836,0.004054,1651.0,144.9,24.21,0.3412,1.878E-5,1.675E-4,1.277E-4,0.01821,0.002724,6.982E-4,19.42,0.2849,1.687,5.368,5.725,0.3159,0.08933,0.03821,4.193,0.5759,0.1902,0.0,0.0,0.0,0.0,0.0,0.0,0.0,0.0,0.0,0.0,0.0,0.4508,0.01909,2.533,0.4069,0.07024,1.096,0.2815,0.03964,2.836,0.8355,0.2834,6.57E-6,3.92E-6,7.964E-4,7.121E-5,5.918E-6,1.125E-4,3.82E-6,5.405E-7,3.367E-5,1.022E-5,4.556E-6,
0.0,0.0,0.0,0.0,0.0,0.0,0.0,0.0,0.0,0.0,0.0,0.0,0.0,0.0,0.0,0.0,0.0,0.0,0.0,0.0,0.0,0.0,2.8E-6,0.001843,0.02601,3.472,0.7485,0.01184,1.483E-6,2.332E-4,8.343E-5,0.01982,0.004855,3.692E-4,0.0,0.0,0.0,0.0,0.0,0.0,0.0,0.0,0.0,0.0,0.0,0.0,0.0,0.0,0.0,0.0,0.0,0.0,0.0,0.0,0.0,0.0,2.3E-22,0.0,5.676,0.2692,0.06897,0.0,0.00206,0.01186,0.9583,0.006989,0.006539,0.0,0.0,0.0,0.0,0.0,0.0,0.0,0.0,0.0,0.0,0.0,0.0,0.0,0.0,0.0,0.0,0.0,0.0,0.0,0.0,0.0,0.0,0.0,0.0,0.0,0.0,0.0,0.0,0.0,0.0,0.0,0.0,0.0,0.0,0.0,0.0,0.0,0.0,0.0,0.0,0.0,0.0,0.0,0.0,0.0,0.0,1.0E-4,18640.0,9.55E25,5866.0,1283.0,92.4,202600.0,1254.0,219.7,12290.0,4220.0,2537.0,0.3167,279.5,64.28,164.9,3.881,3.315,0.05352,0.03601,4.286,0.6608,0.2851,0.004054,1651.0,144.9,24.21,0.3412,1.878E-5,1.694E-4,1.384E-4,0.01815,0.002751,7.043E-4,19.42,0.2849,1.687,5.368,5.728,0.3159,0.08975,0.04067,4.176,0.5854,0.1918,0.0,0.0,0.0,0.0,0.0,0.0,0.0,0.0,0.0,0.0,0.0,0.4508,0.01909,2.533,0.407,0.07113,1.096,0.2817,0.04053,2.844,0.8229,0.2857,6.569E-6,3.92E-6,7.964E-4,7.121E-5,5.929E-6,1.125E-4,3.822E-6,5.51E-7,3.378E-5,1.006E-5,4.586E-6,
0.0,0.0,0.0,0.0,0.0,0.0,0.0,0.0,0.0,0.0,0.0,0.0,0.0,0.0,0.0,0.0,0.0,0.0,0.0,0.0,0.0,0.0,2.8E-6,0.001843,0.02601,3.472,0.7485,0.01182,1.483E-6,2.288E-4,5.805E-5,0.01996,0.004767,3.786E-4,0.0,0.0,0.0,0.0,0.0,0.0,0.0,0.0,0.0,0.0,0.0,0.0,0.0,0.0,0.0,0.0,0.0,0.0,0.0,0.0,0.0,0.0,2.3E-22,0.0,5.676,0.2685,0.06348,0.0,0.001099,0.006325,0.9778,0.003727,0.003487,0.0,0.0,0.0,0.0,0.0,0.0,0.0,0.0,0.0,0.0,0.0,0.0,0.0,0.0,0.0,0.0,0.0,0.0,0.0,0.0,0.0,0.0,0.0,0.0,0.0,0.0,0.0,0.0,0.0,0.0,0.0,0.0,0.0,0.0,0.0,0.0,0.0,0.0,0.0,0.0,0.0,0.0,0.0,0.0,0.0,0.0,1.0E-4,18640.0,9.55E25,5864.0,1281.0,77.47,202600.0,1252.0,204.6,12430.0,4127.0,2528.0,0.3167,279.5,64.28,164.9,3.867,3.315,0.05106,0.02186,4.332,0.6495,0.284,0.004054,1651.0,144.9,24.21,0.3411,1.878E-5,1.589E-4,7.822E-5,0.01835,0.002706,6.993E-4,19.42,0.2849,1.686,5.366,5.714,0.3159,0.08735,0.02681,4.218,0.5783,0.1901,0.0,0.0,0.0,0.0,0.0,0.0,0.0,0.0,0.0,0.0,0.0,0.4508,0.01909,2.533,0.4065,0.06755,1.096,0.281,0.03693,2.869,0.8049,0.2876,6.569E-6,3.92E-6,7.964E-4,7.121E-5,5.887E-6,1.125E-4,3.815E-6,5.088E-7,3.408E-5,9.829E-6,4.61E-6,
0.0,0.0,0.0,0.0,0.0,0.0,0.0,0.0,0.0,0.0,0.0,0.0,0.0,0.0,0.0,0.0,0.0,0.0,0.0,0.0,0.0,0.0,2.8E-6,0.001843,0.02601,3.472,0.7479,0.01172,1.483E-6,2.331E-4,8.323E-5,0.01988,0.004772,3.93E-4,0.0,0.0,0.0,0.0,0.0,0.0,0.0,0.0,0.0,0.0,0.0,0.0,0.0,0.0,0.0,0.0,0.0,0.0,0.0,0.0,0.0,0.0,2.3E-22,0.0,6.454,0.4522,0.1064,0.0,0.001768,0.01018,0.9642,0.005997,0.005611,0.0,0.0,0.0,0.0,0.0,0.0,0.0,0.0,0.0,0.0,0.0,0.0,0.0,0.0,0.0,0.0,0.0,0.0,0.0,0.0,0.0,0.0,0.0,0.0,0.0,0.0,0.0,0.0,0.0,0.0,0.0,0.0,0.0,0.0,0.0,0.0,0.0,0.0,0.0,0.0,0.0,0.0,0.0,0.0,0.0,0.0,1.0E-4,18640.0,9.55E25,5866.0,1282.0,92.44,202600.0,1254.0,219.8,12380.0,4128.0,2537.0,0.3167,279.5,64.41,164.7,3.854,3.315,0.05276,0.03167,4.298,0.6553,0.2894,0.004054,1651.0,144.6,24.42,0.3862,1.878E-5,1.661E-4,1.199E-4,0.0182,0.00273,7.223E-4,19.42,0.2849,1.686,5.368,5.724,0.3159,0.08901,0.03639,4.184,0.5839,0.1953,0.0,0.0,0.0,0.0,0.0,0.0,0.0,0.0,0.0,0.0,0.0,0.4508,0.01909,2.533,0.4073,0.07121,1.096,0.2817,0.04053,2.858,0.8053,0.2897,6.569E-6,3.92E-6,7.962E-4,7.137E-5,5.962E-6,1.125E-4,3.822E-6,5.511E-7,3.395E-5,9.834E-6,4.635E-6,
0.0,0.0,0.0,0.0,0.0,0.0,0.0,0.0,0.0,0.0,0.0,0.0,0.0,0.0,0.0,0.0,0.0,0.0,0.0,0.0,0.0,0.0,2.8E-6,0.001843,0.02601,3.472,0.7479,0.0117,1.483E-6,2.298E-4,6.406E-5,0.02004,0.00466,3.882E-4,0.0,0.0,0.0,0.0,0.0,0.0,0.0,0.0,0.0,0.0,0.0,0.0,0.0,0.0,0.0,0.0,0.0,0.0,0.0,0.0,0.0,0.0,2.2989999999999997E-22,0.0,6.453,0.4518,0.1025,0.0,0.001086,0.00625,0.978,0.003683,0.003446,0.0,0.0,0.0,0.0,0.0,0.0,0.0,0.0,0.0,0.0,0.0,0.0,0.0,0.0,0.0,0.0,0.0,0.0,0.0,0.0,0.0,0.0,0.0,0.0,0.0,0.0,0.0,0.0,0.0,0.0,0.0,0.0,0.0,0.0,0.0,0.0,0.0,0.0,0.0,0.0,0.0,0.0,0.0,0.0,0.0,0.0,1.0E-4,18640.0,9.55E25,5865.0,1281.0,81.36,202600.0,1252.0,208.7,12550.0,4006.0,2575.0,0.3167,279.5,64.41,164.7,3.844,3.315,0.05102,0.02164,4.327,0.6534,0.2853,0.004054,1651.0,144.6,24.42,0.3862,1.878E-5,1.587E-4,7.722E-5,0.01832,0.002722,7.091E-4,19.42,0.2849,1.685,5.367,5.714,0.3159,0.0873,0.02655,4.209,0.5859,0.1921,0.0,0.0,0.0,0.0,0.0,0.0,0.0,0.0,0.0,0.0,0.0,0.4508,0.01909,2.532,0.407,0.06852,1.096,0.2812,0.03783,2.888,0.7892,0.2815,6.569E-6,3.92E-6,7.962E-4,7.137E-5,5.931E-6,1.125E-4,3.816E-6,5.195E-7,3.433E-5,9.599E-6,4.571E-6,
0.0,0.0,0.0,0.0,0.0,0.0,0.0,0.0,0.0,0.0,0.0,0.0,0.0,0.0,0.0,0.0,0.0,0.0,0.0,0.0,0.0,0.0,2.8E-6,0.001843,0.02601,3.472,0.7479,0.01173,1.483E-6,2.344E-4,9.034E-5,0.01995,0.004672,4.052E-4,0.0,0.0,0.0,0.0,0.0,0.0,0.0,0.0,0.0,0.0,0.0,0.0,0.0,0.0,0.0,0.0,0.0,0.0,0.0,0.0,0.0,0.0,2.2989999999999997E-22,0.0,6.454,0.4522,0.1061,0.0,0.001704,0.009811,0.9655,0.005781,0.005409,0.0,0.0,0.0,0.0,0.0,0.0,0.0,0.0,0.0,0.0,0.0,0.0,0.0,0.0,0.0,0.0,0.0,0.0,0.0,0.0,0.0,0.0,0.0,0.0,0.0,0.0,0.0,0.0,0.0,0.0,0.0,0.0,0.0,0.0,0.0,0.0,0.0,0.0,0.0,0.0,0.0,0.0,0.0,0.0,0.0,0.0,1.0E-4,18640.0,9.55E25,5867.0,1283.0,97.28,202600.0,1255.0,224.7,12500.0,4010.0,2588.0,0.3167,279.5,64.41,164.7,3.853,3.315,0.05259,0.03069,4.296,0.6587,0.2903,0.004054,1651.0,144.6,24.42,0.3862,1.878E-5,1.654E-4,1.157E-4,0.01819,0.002745,7.303E-4,19.42,0.2849,1.686,5.368,5.723,0.3159,0.08884,0.03538,4.178,0.5909,0.1972,0.0,0.0,0.0,0.0,0.0,0.0,0.0,0.0,0.0,0.0,0.0,0.4508,0.01909,2.533,0.4075,0.07228,1.096,0.2819,0.04161,2.875,0.7902,0.2846,6.569E-6,3.92E-6,7.962E-4,7.137E-5,5.975E-6,1.125E-4,3.824E-6,5.638E-7,3.417E-5,9.6E-6,4.618E-6,
0.0,0.0,0.0,0.0,0.0,0.0,0.0,0.0,0.0,0.0,0.0,0.0,0.0,0.0,0.0,0.0,0.0,0.0,0.0,0.0,0.0,0.0,2.8E-6,0.001843,0.02601,3.472,0.7479,0.01173,1.483E-6,2.338E-4,8.705E-5,0.01999,0.004645,4.015E-4,0.0,0.0,0.0,0.0,0.0,0.0,0.0,0.0,0.0,0.0,0.0,0.0,0.0,0.0,0.0,0.0,0.0,0.0,0.0,0.0,0.0,0.0,2.2989999999999997E-22,0.0,6.453,0.4521,0.1052,0.0,0.001556,0.008956,0.9685,0.005277,0.004938,0.0,0.0,0.0,0.0,0.0,0.0,0.0,0.0,0.0,0.0,0.0,0.0,0.0,0.0,0.0,0.0,0.0,0.0,0.0,0.0,0.0,0.0,0.0,0.0,0.0,0.0,0.0,0.0,0.0,0.0,0.0,0.0,0.0,0.0,0.0,0.0,0.0,0.0,0.0,0.0,0.0,0.0,0.0,0.0,0.0,0.0,1.0E-4,18640.0,9.55E25,5867.0,1282.0,95.33,202600.0,1255.0,222.7,12580.0,3942.0,2580.0,0.3167,279.5,64.41,164.7,3.851,3.315,0.05221,0.02851,4.297,0.6626,0.29,0.004054,1651.0,144.6,24.42,0.3862,1.878E-5,1.638E-4,1.064E-4,0.01819,0.002765,7.29E-4,19.42,0.2849,1.686,5.367,5.72,0.3159,0.08846,0.03324,4.175,0.5992,0.1966,0.0,0.0,0.0,0.0,0.0,0.0,0.0,0.0,0.0,0.0,0.0,0.4508,0.01909,2.533,0.4074,0.07181,1.096,0.2818,0.04114,2.886,0.7812,0.2834,6.569E-6,3.92E-6,7.962E-4,7.137E-5,5.97E-6,1.125E-4,3.823E-6,5.583E-7,3.432E-5,9.488E-6,4.594E-6,
0.0,0.0,0.0,0.0,0.0,0.0,0.0,0.0,0.0,0.0,0.0,0.0,0.0,0.0,0.0,0.0,0.0,0.0,0.0,0.0,0.0,0.0,2.8E-6,0.001843,0.02601,3.472,0.7479,0.01173,1.483E-6,2.338E-4,8.698E-5,0.01993,0.004686,4.165E-4,0.0,0.0,0.0,0.0,0.0,0.0,0.0,0.0,0.0,0.0,0.0,0.0,0.0,0.0,0.0,0.0,0.0,0.0,0.0,0.0,0.0,0.0,2.2989999999999997E-22,0.0,6.453,0.4521,0.1055,0.0,0.001611,0.009276,0.965,0.005637,0.007313,0.0,0.0,0.0,0.0,0.0,0.0,0.0,0.0,0.0,0.0,0.0,0.0,0.0,0.0,0.0,0.0,0.0,0.0,0.0,0.0,0.0,0.0,0.0,0.0,0.0,0.0,0.0,0.0,0.0,0.0,0.0,0.0,0.0,0.0,0.0,0.0,0.0,0.0,0.0,0.0,0.0,0.0,0.0,0.0,0.0,0.0,1.0E-4,18640.0,9.55E25,5867.0,1282.0,95.64,202600.0,1255.0,223.1,12570.0,3942.0,2609.0,0.3167,279.5,64.41,164.7,3.851,3.315,0.05235,0.02927,4.286,0.6663,0.2961,0.004054,1651.0,144.6,24.42,0.3862,1.878E-5,1.644E-4,1.096E-4,0.01814,0.002783,7.548E-4,19.42,0.2849,1.686,5.367,5.721,0.3159,0.08859,0.03395,4.162,0.6047,0.2026,0.0,0.0,0.0,0.0,0.0,0.0,0.0,0.0,0.0,0.0,0.0,0.4508,0.01909,2.533,0.4074,0.07184,1.096,0.2818,0.04117,2.881,0.7845,0.2855,6.568E-6,3.92E-6,7.962E-4,7.137E-5,5.97E-6,1.125E-4,3.823E-6,5.587E-7,3.427E-5,9.519E-6,4.618E-6,
0.0,0.0,0.0,0.0,0.0,0.0,0.0,0.0,0.0,0.0,0.0,0.0,0.0,0.0,0.0,0.0,0.0,0.0,0.0,0.0,0.0,0.0,2.8E-6,0.001843,0.02601,3.472,0.7479,0.01173,1.483E-6,2.341E-4,8.862E-5,0.02001,0.004591,4.346E-4,0.0,0.0,0.0,0.0,0.0,0.0,0.0,0.0,0.0,0.0,0.0,0.0,0.0,0.0,0.0,0.0,0.0,0.0,0.0,0.0,0.0,0.0,2.2989999999999997E-22,0.0,6.453,0.4521,0.1057,0.0,0.001645,0.009468,0.9643,0.005754,0.007464,0.0,0.0,0.0,0.0,0.0,0.0,0.0,0.0,0.0,0.0,0.0,0.0,0.0,0.0,0.0,0.0,0.0,0.0,0.0,0.0,0.0,0.0,0.0,0.0,0.0,0.0,0.0,0.0,0.0,0.0,0.0,0.0,0.0,0.0,0.0,0.0,0.0,0.0,0.0,0.0,0.0,0.0,0.0,0.0,0.0,0.0,1.0E-4,18640.0,9.55E25,5867.0,1283.0,96.64,202600.0,1255.0,224.1,12690.0,3822.0,2608.0,0.3167,279.5,64.41,164.7,3.852,3.315,0.05243,0.02975,4.277,0.6682,0.3014,0.004054,1651.0,144.6,24.42,0.3862,1.878E-5,1.647E-4,1.117E-4,0.0181,0.002795,7.773E-4,19.42,0.2849,1.686,5.368,5.722,0.3159,0.08867,0.03442,4.149,0.6111,0.2075,0.0,0.0,0.0,0.0,0.0,0.0,0.0,0.0,0.0,0.0,0.0,0.4508,0.01909,2.533,0.4074,0.07207,1.096,0.2818,0.0414,2.899,0.7632,0.2884,6.568E-6,3.92E-6,7.962E-4,7.137E-5,5.973E-6,1.125E-4,3.824E-6,5.615E-7,3.45E-5,9.247E-6,4.653E-6,
0.0,0.0,0.0,0.0,0.0,0.0,0.0,0.0,0.0,0.0,0.0,0.0,0.0,0.0,0.0,0.0,0.0,0.0,0.0,0.0,0.0,0.0,2.8E-6,0.001843,0.02601,3.472,0.7479,0.01173,1.483E-6,2.344E-4,9.083E-5,0.02002,0.004567,4.366E-4,0.0,0.0,0.0,0.0,0.0,0.0,0.0,0.0,0.0,0.0,0.0,0.0,0.0,0.0,0.0,0.0,0.0,0.0,0.0,0.0,0.0,0.0,2.2989999999999997E-22,0.0,6.454,0.4522,0.106,0.0,0.00169,0.00973,0.9633,0.005913,0.007671,0.0,0.0,0.0,0.0,0.0,0.0,0.0,0.0,0.0,0.0,0.0,0.0,0.0,0.0,0.0,0.0,0.0,0.0,0.0,0.0,0.0,0.0,0.0,0.0,0.0,0.0,0.0,0.0,0.0,0.0,0.0,0.0,0.0,0.0,0.0,0.0,0.0,0.0,0.0,0.0,0.0,0.0,0.0,0.0,0.0,0.0,1.0E-4,18640.0,9.55E25,5867.0,1283.0,97.99,202600.0,1255.0,225.4,12720.0,3784.0,2636.0,0.3167,279.5,64.41,164.7,3.852,3.315,0.05255,0.03042,4.273,0.6706,0.302,0.004054,1651.0,144.6,24.42,0.3862,1.878E-5,1.652E-4,1.145E-4,0.01808,0.002807,7.797E-4,19.42,0.2849,1.686,5.368,5.722,0.3159,0.08878,0.03507,4.144,0.6146,0.2082,0.0,0.0,0.0,0.0,0.0,0.0,0.0,0.0,0.0,0.0,0.0,0.4507,0.01909,2.533,0.4075,0.07239,1.096,0.2819,0.04172,2.904,0.7574,0.2887,6.568E-6,3.92E-6,7.962E-4,7.137E-5,5.976E-6,1.125E-4,3.824E-6,5.652E-7,3.456E-5,9.172E-6,4.656E-6,
0.0,0.0,0.0,0.0,0.0,0.0,0.0,0.0,0.0,0.0,0.0,0.0,0.0,0.0,0.0,0.0,0.0,0.0,0.0,0.0,0.0,0.0,2.8E-6,0.001843,0.02601,3.472,0.7479,0.01168,1.483E-6,2.25E-4,3.633E-5,0.02003,0.004736,3.939E-4,0.0,0.0,0.0,0.0,0.0,0.0,0.0,0.0,0.0,0.0,0.0,0.0,0.0,0.0,0.0,0.0,0.0,0.0,0.0,0.0,0.0,0.0,2.2989999999999997E-22,0.0,6.453,0.4513,0.09837,0.0,3.57E-4,0.002055,0.9925,9.762E-4,0.00162,0.0,0.0,0.0,0.0,0.0,0.0,0.0,0.0,0.0,0.0,0.0,0.0,0.0,0.0,0.0,0.0,0.0,0.0,0.0,0.0,0.0,0.0,0.0,0.0,0.0,0.0,0.0,0.0,0.0,0.0,0.0,0.0,0.0,0.0,0.0,0.0,0.0,0.0,0.0,0.0,0.0,0.0,0.0,0.0,0.0,0.0,1.0E-4,18630.0,9.55E25,5864.0,1279.0,64.91,202600.0,1249.0,192.1,12760.0,3845.0,2661.0,0.3167,279.5,64.41,164.7,3.833,3.315,0.04916,0.01093,4.342,0.6633,0.2866,0.004054,1651.0,144.6,24.42,0.3861,1.878E-5,1.508E-4,3.172E-5,0.01837,0.002779,7.146E-4,19.42,0.2849,1.684,5.365,5.703,0.3159,0.08549,0.01609,4.207,0.611,0.1933,0.0,0.0,0.0,0.0,0.0,0.0,0.0,0.0,0.0,0.0,0.0,0.4507,0.01909,2.532,0.4065,0.0646,1.096,0.2805,0.03388,2.908,0.7775,0.2825,6.568E-6,3.92E-6,7.962E-4,7.136E-5,5.885E-6,1.125E-4,3.808E-6,4.733E-7,3.463E-5,9.395E-6,4.584E-6,
0.0,0.0,0.0,0.0,0.0,0.0,0.0,0.0,0.0,0.0,0.0,0.0,0.0,0.0,0.0,0.0,0.0,0.0,0.0,0.0,0.0,0.0,2.8E-6,0.001843,0.02601,3.472,0.7479,0.01171,1.483E-6,2.306E-4,6.865E-5,0.01948,0.005175,4.237E-4,0.0,0.0,0.0,0.0,0.0,0.0,0.0,0.0,0.0,0.0,0.0,0.0,0.0,0.0,0.0,0.0,0.0,0.0,0.0,0.0,0.0,0.0,2.2989999999999997E-22,0.0,6.453,0.4518,0.1028,0.0,0.001131,0.00651,0.9337,0.04572,0.005132,0.0,0.0,0.0,0.0,0.0,0.0,0.0,0.0,0.0,0.0,0.0,0.0,0.0,0.0,0.0,0.0,0.0,0.0,0.0,0.0,0.0,0.0,0.0,0.0,0.0,0.0,0.0,0.0,0.0,0.0,0.0,0.0,0.0,0.0,0.0,0.0,0.0,0.0,0.0,0.0,0.0,0.0,0.0,0.0,0.0,0.0,1.0E-4,18630.0,9.55E25,5866.0,1281.0,84.88,202600.0,1253.0,212.2,12440.0,4112.0,2676.0,0.3167,279.5,64.41,164.7,3.844,3.315,0.05112,0.02219,4.191,0.7765,0.2971,0.004054,1651.0,144.6,24.42,0.3862,1.878E-5,1.591E-4,7.948E-5,0.01773,0.003261,7.588E-4,19.42,0.2849,1.685,5.367,5.714,0.3159,0.08738,0.02701,4.06,0.7222,0.2033,0.0,0.0,0.0,0.0,0.0,0.0,0.0,0.0,0.0,0.0,0.0,0.4507,0.01909,2.532,0.4071,0.06925,1.096,0.2813,0.03856,2.83,0.84,0.2869,6.568E-6,3.92E-6,7.962E-4,7.137E-5,5.94E-6,1.125E-4,3.818E-6,5.283E-7,3.372E-5,1.013E-5,4.636E-6,
0.0,0.0,0.0,0.0,0.0,0.0,0.0,0.0,0.0,0.0,0.0,0.0,0.0,0.0,0.0,0.0,0.0,0.0,0.0,0.0,0.0,0.0,2.8E-6,0.001843,0.02601,3.472,0.7479,0.01173,1.483E-6,2.346E-4,9.183E-5,0.01932,0.005242,4.669E-4,0.0,0.0,0.0,0.0,0.0,0.0,0.0,0.0,0.0,0.0,0.0,0.0,0.0,0.0,0.0,0.0,0.0,0.0,0.0,0.0,0.0,0.0,2.2989999999999997E-22,0.0,6.453,0.4521,0.1057,0.0,0.001641,0.009447,0.9038,0.06635,0.007448,0.0,0.0,0.0,0.0,0.0,0.0,0.0,0.0,0.0,0.0,0.0,0.0,0.0,0.0,0.0,0.0,0.0,0.0,0.0,0.0,0.0,0.0,0.0,0.0,0.0,0.0,0.0,0.0,0.0,0.0,0.0,0.0,0.0,0.0,0.0,0.0,0.0,0.0,0.0,0.0,0.0,0.0,0.0,0.0,0.0,0.0,1.0E-4,18630.0,9.55E25,5867.0,1283.0,99.18,202600.0,1255.0,226.6,12360.0,4145.0,2767.0,0.3166,279.5,64.41,164.7,3.852,3.315,0.05241,0.02961,4.114,0.8249,0.3081,0.004054,1651.0,144.6,24.42,0.3862,1.878E-5,1.646E-4,1.11E-4,0.0174,0.003467,8.061E-4,19.42,0.2849,1.686,5.368,5.721,0.3159,0.08863,0.03422,3.985,0.7695,0.2145,0.0,0.0,0.0,0.0,0.0,0.0,0.0,0.0,0.0,0.0,0.0,0.4507,0.01909,2.533,0.4075,0.07259,1.096,0.2819,0.04192,2.808,0.8478,0.293,6.567E-6,3.92E-6,7.962E-4,7.137E-5,5.979E-6,1.125E-4,3.825E-6,5.678E-7,3.346E-5,1.021E-5,4.708E-6,
0.0,0.0,0.0,0.0,0.0,0.0,0.0,0.0,0.0,0.0,0.0,0.0,0.0,0.0,0.0,0.0,0.0,0.0,0.0,0.0,0.0,0.0,2.8E-6,0.001842,0.02601,3.472,0.7479,0.01173,1.483E-6,2.346E-4,9.183E-5,0.01931,0.005246,4.655E-4,0.0,0.0,0.0,0.0,0.0,0.0,0.0,0.0,0.0,0.0,0.0,0.0,0.0,0.0,0.0,0.0,0.0,0.0,0.0,0.0,0.0,0.0,2.2989999999999997E-22,0.0,6.453,0.4521,0.1057,0.0,0.001641,0.009447,0.9038,0.06635,0.007448,0.0,0.0,0.0,0.0,0.0,0.0,0.0,0.0,0.0,0.0,0.0,0.0,0.0,0.0,0.0,0.0,0.0,0.0,0.0,0.0,0.0,0.0,0.0,0.0,0.0,0.0,0.0,0.0,0.0,0.0,0.0,0.0,0.0,0.0,0.0,0.0,0.0,0.0,0.0,0.0,0.0,0.0,0.0,0.0,0.0,0.0,1.0E-4,18630.0,9.55E25,5867.0,1283.0,99.18,202600.0,1255.0,226.6,12360.0,4144.0,2912.0,0.3166,279.5,64.41,164.7,3.852,3.315,0.05241,0.02961,4.114,0.8253,0.3081,0.004054,1651.0,144.6,24.42,0.3862,1.878E-5,1.646E-4,1.11E-4,0.0174,0.003469,8.062E-4,19.42,0.2849,1.686,5.368,5.721,0.3159,0.08863,0.03422,3.984,0.7701,0.2147,0.0,0.0,0.0,0.0,0.0,0.0,0.0,0.0,0.0,0.0,0.0,0.4506,0.01909,2.533,0.4075,0.07259,1.096,0.2819,0.04192,2.808,0.8481,0.2928,6.566E-6,3.92E-6,7.962E-4,7.137E-5,5.979E-6,1.125E-4,3.825E-6,5.678E-7,3.347E-5,1.021E-5,4.705E-6,
0.0,0.0,0.0,0.0,0.0,0.0,0.0,0.0,0.0,0.0,0.0,0.0,0.0,0.0,0.0,0.0,0.0,0.0,0.0,0.0,0.0,0.0,2.8E-6,0.001842,0.02601,3.472,0.7479,0.01173,1.483E-6,2.348E-4,9.271E-5,0.0194,0.00516,4.649E-4,0.0,0.0,0.0,0.0,0.0,0.0,0.0,0.0,0.0,0.0,0.0,0.0,0.0,0.0,0.0,0.0,0.0,0.0,0.0,0.0,0.0,0.0,2.2989999999999997E-22,0.0,6.453,0.4522,0.1058,0.0,0.001658,0.009546,0.9132,0.05662,0.007525,0.0,0.0,0.0,0.0,0.0,0.0,0.0,0.0,0.0,0.0,0.0,0.0,0.0,0.0,0.0,0.0,0.0,0.0,0.0,0.0,0.0,0.0,0.0,0.0,0.0,0.0,0.0,0.0,0.0,0.0,0.0,0.0,0.0,0.0,0.0,0.0,0.0,0.0,0.0,0.0,0.0,0.0,0.0,0.0,0.0,0.0,1.0E-4,18630.0,9.55E25,5867.0,1283.0,99.72,202600.0,1256.0,227.2,12410.0,4091.0,2912.0,0.3166,279.5,64.41,164.7,3.852,3.315,0.05245,0.02986,4.138,0.8007,0.3083,0.004054,1651.0,144.6,24.42,0.3862,1.878E-5,1.648E-4,1.121E-4,0.0175,0.003364,8.07E-4,19.42,0.2849,1.686,5.368,5.722,0.3159,0.08868,0.03446,4.007,0.7463,0.2149,0.0,0.0,0.0,0.0,0.0,0.0,0.0,0.0,0.0,0.0,0.0,0.4506,0.01909,2.533,0.4075,0.07272,1.096,0.2819,0.04205,2.821,0.8357,0.2927,6.566E-6,3.92E-6,7.962E-4,7.137E-5,5.98E-6,1.125E-4,3.825E-6,5.693E-7,3.361E-5,1.007E-5,4.704E-6,
0.0,0.0,0.0,0.0,0.0,0.0,0.0,0.0,0.0,0.0,0.0,0.0,0.0,0.0,0.0,0.0,0.0,0.0,0.0,0.0,0.0,0.0,2.8E-6,0.001842,0.02601,3.472,0.7479,0.01173,1.483E-6,2.348E-4,9.271E-5,0.0194,0.00516,4.65E-4,0.0,0.0,0.0,0.0,0.0,0.0,0.0,0.0,0.0,0.0,0.0,0.0,0.0,0.0,0.0,0.0,0.0,0.0,0.0,0.0,0.0,0.0,2.2989999999999997E-22,0.0,6.453,0.4522,0.1058,0.0,0.001658,0.009546,0.9132,0.05662,0.007525,0.0,0.0,0.0,0.0,0.0,0.0,0.0,0.0,0.0,0.0,0.0,0.0,0.0,0.0,0.0,0.0,0.0,0.0,0.0,0.0,0.0,0.0,0.0,0.0,0.0,0.0,0.0,0.0,0.0,0.0,0.0,0.0,0.0,0.0,0.0,0.0,0.0,0.0,0.0,0.0,0.0,0.0,0.0,0.0,0.0,0.0,1.0E-4,18630.0,9.55E25,5867.0,1283.0,99.72,202600.0,1256.0,227.2,12410.0,4091.0,2925.0,0.3166,279.5,64.41,164.7,3.852,3.315,0.05245,0.02986,4.138,0.8007,0.3083,0.004054,1651.0,144.6,24.42,0.3862,1.878E-5,1.648E-4,1.121E-4,0.0175,0.003364,8.069E-4,19.42,0.2849,1.686,5.368,5.722,0.3159,0.08868,0.03446,4.007,0.7463,0.2149,0.0,0.0,0.0,0.0,0.0,0.0,0.0,0.0,0.0,0.0,0.0,0.4506,0.01909,2.533,0.4075,0.07272,1.096,0.2819,0.04205,2.821,0.8357,0.2927,6.566E-6,3.92E-6,7.962E-4,7.137E-5,5.98E-6,1.125E-4,3.825E-6,5.693E-7,3.361E-5,1.007E-5,4.704E-6,
0.0,0.0,0.0,0.0,0.0,0.0,0.0,0.0,0.0,0.0,0.0,0.0,0.0,0.0,0.0,0.0,0.0,0.0,0.0,0.0,0.0,0.0,2.8E-6,0.001842,0.02601,3.472,0.7479,0.01171,1.483E-6,2.312E-4,7.203E-5,0.01927,0.005368,4.372E-4,0.0,0.0,0.0,0.0,0.0,0.0,0.0,0.0,0.0,0.0,0.0,0.0,0.0,0.0,0.0,0.0,0.0,0.0,0.0,0.0,0.0,0.0,2.2979999999999997E-22,0.0,6.453,0.4518,0.1028,0.0,0.001128,0.006496,0.9271,0.05239,0.005121,0.0,0.0,0.0,0.0,0.0,0.0,0.0,0.0,0.0,0.0,0.0,0.0,0.0,0.0,0.0,0.0,0.0,0.0,0.0,0.0,0.0,0.0,0.0,0.0,0.0,0.0,0.0,0.0,0.0,0.0,0.0,0.0,0.0,0.0,0.0,0.0,0.0,0.0,0.0,0.0,0.0,0.0,0.0,0.0,0.0,0.0,1.0E-4,18630.0,9.55E25,5866.0,1281.0,87.33,202600.0,1253.0,214.7,12350.0,4195.0,3002.0,0.3166,279.5,63.68,165.5,3.844,3.315,0.0511,0.0221,4.169,0.7941,0.3023,0.004054,1651.0,144.5,24.49,0.3862,1.878E-5,1.591E-4,7.911E-5,0.01763,0.003339,7.812E-4,19.42,0.2849,1.657,5.395,5.714,0.3159,0.08736,0.02691,4.035,0.7421,0.2092,0.0,0.0,0.0,0.0,0.0,0.0,0.0,0.0,0.0,0.0,0.0,0.4506,0.01909,2.533,0.4072,0.06978,1.096,0.2814,0.03909,2.804,0.8642,0.2878,6.566E-6,3.92E-6,7.962E-4,7.137E-5,5.946E-6,1.125E-4,3.819E-6,5.346E-7,3.342E-5,1.039E-5,4.655E-6,
0.0,0.0,0.0,0.0,0.0,0.0,0.0,0.0,0.0,0.0,0.0,0.0,0.0,0.0,0.0,0.0,0.0,0.0,0.0,0.0,0.0,0.0,2.8E-6,0.001842,0.02601,3.482,0.738,0.01172,1.483E-6,2.32E-4,7.694E-5,0.01958,0.005039,4.416E-4,0.0,0.0,0.0,0.0,0.0,0.0,0.0,0.0,0.0,0.0,0.0,0.0,0.0,0.0,0.0,0.0,0.0,0.0,0.0,0.0,0.0,0.0,2.2979999999999997E-22,0.0,6.453,0.4519,0.1033,0.0,0.001214,0.006991,0.9596,0.01824,0.005511,0.0,0.0,0.0,0.0,0.0,0.0,0.0,0.0,0.0,0.0,0.0,0.0,0.0,0.0,0.0,0.0,0.0,0.0,0.0,0.0,0.0,0.0,0.0,0.0,0.0,0.0,0.0,0.0,0.0,0.0,0.0,0.0,0.0,0.0,0.0,0.0,0.0,0.0,0.0,0.0,0.0,0.0,0.0,0.0,0.0,0.0,1.0E-4,18630.0,9.55E25,5862.0,1286.0,90.39,202600.0,1254.0,217.8,12550.0,3991.0,3100.0,0.3166,279.5,63.68,165.5,3.845,3.315,0.05132,0.02335,4.251,0.708,0.3033,0.004054,1651.0,144.5,24.49,0.3862,1.878E-5,1.6E-4,8.441E-5,0.01798,0.002974,7.854E-4,19.42,0.2849,1.657,5.396,5.715,0.3159,0.08757,0.02812,4.115,0.6587,0.2103,0.0,0.0,0.0,0.0,0.0,0.0,0.0,0.0,0.0,0.0,0.0,0.4505,0.01909,2.531,0.4085,0.07049,1.096,0.2815,0.0398,2.85,0.8166,0.2884,6.565E-6,3.92E-6,7.959E-4,7.169E-5,5.954E-6,1.125E-4,3.821E-6,5.43E-7,3.396E-5,9.827E-6,4.663E-6,
0.0,0.0,0.0,0.0,0.0,0.0,0.0,0.0,0.0,0.0,0.0,0.0,0.0,0.0,0.0,0.0,0.0,0.0,0.0,0.0,0.0,0.0,2.8E-6,0.001842,0.02601,3.483,0.7372,0.01172,1.483E-6,2.33E-4,8.266E-5,0.01973,0.004871,4.457E-4,0.0,0.0,0.0,0.0,0.0,0.0,0.0,0.0,0.0,0.0,0.0,0.0,0.0,0.0,0.0,0.0,0.0,0.0,0.0,0.0,0.0,0.0,2.2979999999999997E-22,0.0,6.453,0.4519,0.1038,0.0,0.001315,0.007569,0.9728,0.003222,0.005967,0.0,0.0,0.0,0.0,0.0,0.0,0.0,0.0,0.0,0.0,0.0,0.0,0.0,0.0,0.0,0.0,0.0,0.0,0.0,0.0,0.0,0.0,0.0,0.0,0.0,0.0,0.0,0.0,0.0,0.0,0.0,0.0,0.0,0.0,0.0,0.0,0.0,0.0,0.0,0.0,0.0,0.0,0.0,0.0,0.0,0.0,1.0E-4,18630.0,9.55E25,5863.0,1286.0,93.94,202600.0,1255.0,221.3,12650.0,3874.0,3103.0,0.3166,279.5,63.67,165.5,3.847,3.315,0.05157,0.02481,4.283,0.6711,0.3045,0.004054,1651.0,144.5,24.56,0.3862,1.878E-5,1.611E-4,9.059E-5,0.01812,0.002818,7.903E-4,19.42,0.2849,1.656,5.396,5.717,0.3159,0.08782,0.02953,4.145,0.6235,0.2114,0.0,0.0,0.0,0.0,0.0,0.0,0.0,0.0,0.0,0.0,0.0,0.4505,0.01909,2.531,0.4087,0.07131,1.096,0.2817,0.04064,2.873,0.7909,0.289,6.565E-6,3.92E-6,7.959E-4,7.17E-5,5.964E-6,1.125E-4,3.822E-6,5.528E-7,3.423E-5,9.522E-6,4.67E-6,
0.0,0.0,0.0,0.0,0.0,0.0,0.0,0.0,0.0,0.0,0.0,0.0,0.0,0.0,0.0,0.0,0.0,0.0,0.0,0.0,0.0,0.0,2.8E-6,0.001842,0.02601,3.483,0.7372,0.01168,1.483E-6,2.259E-4,4.158E-5,0.01949,0.005238,4.139E-4,0.0,0.0,0.0,0.0,0.0,0.0,0.0,0.0,0.0,0.0,0.0,0.0,0.0,0.0,0.0,0.0,0.0,0.0,0.0,0.0,0.0,0.0,2.2979999999999997E-22,0.0,6.453,0.4513,0.09877,0.0,4.258E-4,0.002451,0.9671,0.02512,0.001932,0.0,0.0,0.0,0.0,0.0,0.0,0.0,0.0,0.0,0.0,0.0,0.0,0.0,0.0,0.0,0.0,0.0,0.0,0.0,0.0,0.0,0.0,0.0,0.0,0.0,0.0,0.0,0.0,0.0,0.0,0.0,0.0,0.0,0.0,0.0,0.0,0.0,0.0,0.0,0.0,0.0,0.0,0.0,0.0,0.0,0.0,1.0E-4,18630.0,9.55E25,5861.0,1283.0,68.44,202600.0,1250.0,195.7,12510.0,4096.0,3110.0,0.3166,279.5,63.67,165.5,3.834,3.315,0.04933,0.0119,4.267,0.7282,0.2943,0.004054,1651.0,144.5,24.56,0.3862,1.878E-5,1.515E-4,3.581E-5,0.01805,0.003061,7.471E-4,19.42,0.2849,1.655,5.395,5.704,0.3159,0.08565,0.01701,4.129,0.6798,0.2016,0.0,0.0,0.0,0.0,0.0,0.0,0.0,0.0,0.0,0.0,0.0,0.4505,0.01909,2.531,0.408,0.06538,1.096,0.2806,0.03467,2.839,0.8436,0.2844,6.565E-6,3.92E-6,7.959E-4,7.169E-5,5.894E-6,1.125E-4,3.81E-6,4.826E-7,3.383E-5,1.014E-5,4.616E-6,
0.0,0.0,0.0,0.0,0.0,0.0,0.0,0.0,0.0,0.0,0.0,0.0,0.0,0.0,0.0,0.0,0.0,0.0,0.0,0.0,0.0,0.0,2.8E-6,0.001842,0.02601,3.483,0.7367,0.01223,1.483E-6,2.354E-4,1.568E-4,0.01949,0.005013,4.549E-4,0.0,0.0,0.0,0.0,0.0,0.0,0.0,0.0,0.0,0.0,0.0,0.0,0.0,0.0,0.0,0.0,0.0,0.0,0.0,0.0,0.0,0.0,2.2979999999999997E-22,0.0,6.453,0.452,0.1049,0.0,0.001493,0.008597,0.9691,0.003659,0.006777,0.0,0.0,0.0,0.0,0.0,0.0,0.0,0.0,0.0,0.0,0.0,0.0,0.0,0.0,0.0,0.0,0.0,0.0,0.0,0.0,0.0,0.0,0.0,0.0,0.0,0.0,0.0,0.0,0.0,0.0,0.0,0.0,0.0,0.0,0.0,0.0,0.0,0.0,0.0,0.0,0.0,0.0,0.0,0.0,0.0,0.0,1.0E-4,18620.0,9.55E25,5864.0,1285.0,104.4,202600.0,1256.0,267.1,12520.0,3975.0,3129.0,0.3166,279.5,63.67,165.1,4.266,3.315,0.05202,0.0453,4.254,0.6768,0.3035,0.004054,1651.0,144.5,24.55,0.3934,1.878E-5,1.629E-4,1.776E-4,0.01799,0.002836,7.934E-4,19.42,0.2849,1.656,5.382,5.733,0.3159,0.08825,0.04947,4.115,0.6317,0.2097,0.0,0.0,0.0,0.0,0.0,0.0,0.0,0.0,0.0,0.0,0.0,0.4505,0.01909,2.532,0.4067,0.07545,1.096,0.282,0.05135,2.839,0.8123,0.2878,6.565E-6,3.92E-6,7.959E-4,7.142E-5,6.266E-6,1.125E-4,3.826E-6,6.785E-7,3.384E-5,9.853E-6,4.572E-6,
0.0,0.0,0.0,0.0,0.0,0.0,0.0,0.0,0.0,0.0,0.0,0.0,0.0,0.0,0.0,0.0,0.0,0.0,0.0,0.0,0.0,0.0,2.8E-6,0.001842,0.02601,3.485,0.7353,0.01193,1.483E-6,2.354E-4,2.036E-4,0.01945,0.00503,4.264E-4,0.0,0.0,0.0,0.0,0.0,0.0,0.0,0.0,0.0,0.0,0.0,0.0,0.0,0.0,0.0,0.0,0.0,0.0,0.0,0.0,0.0,0.0,2.2979999999999997E-22,0.0,7.423,0.477,0.1102,0.0,0.001493,0.008597,0.9691,0.003659,0.006777,0.0,0.0,0.0,0.0,0.0,0.0,0.0,0.0,0.0,0.0,0.0,0.0,0.0,0.0,0.0,0.0,0.0,0.0,0.0,0.0,0.0,0.0,0.0,0.0,0.0,0.0,0.0,0.0,0.0,0.0,0.0,0.0,0.0,0.0,0.0,0.0,0.0,0.0,0.0,0.0,0.0,0.0,0.0,0.0,0.0,0.0,1.0E-4,18620.0,9.55E25,5865.0,1283.0,104.4,202600.0,1256.0,295.9,12500.0,3992.0,3103.0,0.3166,279.5,63.82,164.9,4.238,3.315,0.05202,0.05923,4.244,0.6818,0.2947,0.004054,1651.0,144.5,24.5,0.3812,1.878E-5,1.629E-4,2.368E-4,0.01795,0.002857,7.571E-4,19.42,0.2849,1.658,5.381,5.733,0.3159,0.08825,0.06304,4.105,0.6358,0.2022,0.0,0.0,0.0,0.0,0.0,0.0,0.0,0.0,0.0,0.0,0.0,0.4505,0.01909,2.533,0.4059,0.07527,1.096,0.282,0.05812,2.834,0.8155,0.2829,6.565E-6,3.92E-6,7.963E-4,7.112E-5,6.202E-6,1.125E-4,3.826E-6,7.579E-7,3.378E-5,9.892E-6,4.512E-6,
0.0,0.0,0.0,0.0,0.0,0.0,0.0,0.0,0.0,0.0,0.0,0.0,0.0,0.0,0.0,0.0,0.0,0.0,0.0,0.0,0.0,0.0,2.8E-6,0.001855,0.02601,3.478,0.7417,0.01238,1.483E-6,2.355E-4,0.001241,0.01897,0.004483,4.059E-4,0.0,0.0,0.0,0.0,0.0,0.0,0.0,0.0,0.0,0.0,0.0,0.0,0.0,0.0,0.0,0.0,0.0,0.0,0.0,0.0,0.0,0.0,2.2979999999999997E-22,0.0,7.423,0.477,0.1103,0.0,0.001507,0.008678,0.9689,0.003694,0.006841,0.0,0.0,0.0,0.0,0.0,0.0,0.0,0.0,0.0,0.0,0.0,0.0,0.0,0.0,0.0,0.0,0.0,0.0,0.0,0.0,0.0,0.0,0.0,0.0,0.0,0.0,0.0,0.0,0.0,0.0,0.0,0.0,0.0,0.0,0.0,0.0,0.0,0.0,0.0,0.0,0.0,0.0,0.0,0.0,0.0,0.0,1.0E-4,18640.0,9.55E25,5855.0,1292.0,106.7,202600.0,1256.0,945.3,12280.0,3564.0,3182.0,0.3206,279.5,63.62,164.8,4.621,3.315,0.05205,0.1841,4.197,0.6068,0.2882,0.004071,1651.0,144.5,24.57,0.3878,1.878E-5,1.631E-4,7.667E-4,0.01774,0.002541,7.296E-4,19.42,0.2849,1.655,5.371,5.746,0.3159,0.08828,0.1842,4.056,0.5656,0.1964,0.0,0.0,0.0,0.0,0.0,0.0,0.0,0.0,0.0,0.0,0.0,0.4525,0.01909,2.528,0.4087,0.0774,1.096,0.282,0.209,2.772,0.7274,0.2796,6.588E-6,3.92E-6,7.954E-4,7.174E-5,6.46E-6,1.125E-4,3.827E-6,2.531E-6,3.308E-5,8.833E-6,4.472E-6,
0.0,0.0,0.0,0.0,0.0,0.0,0.0,0.0,0.0,0.0,0.0,0.0,0.0,0.0,0.0,0.0,0.0,0.0,0.0,0.0,0.0,0.0,2.8E-6,0.001865,0.02601,3.395,0.8236,0.01376,1.483E-6,2.373E-4,0.001322,0.01667,0.006741,3.731E-4,0.0,0.0,0.0,0.0,0.0,0.0,0.0,0.0,0.0,0.0,0.0,0.0,0.0,0.0,0.0,0.0,0.0,0.0,0.0,0.0,0.0,0.0,2.2979999999999997E-22,0.0,7.423,0.4768,0.1086,0.0,0.001216,0.01617,0.7307,0.238,0.005519,0.0,0.0,0.0,0.0,0.0,0.0,0.0,0.0,0.0,0.0,0.0,0.0,0.0,0.0,0.0,0.0,0.0,0.0,0.0,0.0,0.0,0.0,0.0,0.0,0.0,0.0,0.0,0.0,0.0,0.0,0.0,0.0,0.0,0.0,0.0,0.0,0.0,0.0,0.0,0.0,0.0,0.0,0.0,0.0,0.0,0.0,1.0E-4,18650.0,9.55E25,5803.0,1336.0,99.57,202600.0,1257.0,996.8,10870.0,5002.0,3116.0,0.3238,279.5,63.13,163.9,5.944,3.315,0.05291,0.2171,3.579,1.206,0.2751,0.004084,1651.0,142.1,26.76,0.5364,1.878E-5,1.668E-4,9.07E-4,0.01512,0.00507,6.893E-4,19.43,0.2849,1.636,5.378,5.754,0.3159,0.08913,0.2163,3.456,1.145,0.187,0.0,0.0,0.0,0.0,0.0,0.0,0.0,0.0,0.0,0.0,0.0,0.454,0.01909,2.509,0.4256,0.07577,1.096,0.2823,0.2209,2.441,1.059,0.2695,6.607E-6,3.92E-6,7.844E-4,8.226E-5,6.854E-6,1.125E-4,3.83E-6,2.67E-6,2.919E-5,1.273E-5,4.347E-6,
0.0,0.0,0.0,0.0,0.0,0.0,0.0,0.0,0.0,0.0,0.0,0.0,0.0,0.0,0.0,0.0,0.0,0.0,0.0,0.0,0.0,0.0,2.8E-6,0.001865,0.02601,3.395,0.8203,0.017,1.483E-6,2.379E-4,0.007631,0.01063,0.006475,3.757E-4,0.0,0.0,0.0,0.0,0.0,0.0,0.0,0.0,0.0,0.0,0.0,0.0,0.0,0.0,0.0,0.0,0.0,0.0,0.0,0.0,0.0,0.0,2.2979999999999997E-22,0.0,7.423,0.4769,0.109,0.0,0.001274,0.6023,0.1724,0.2094,0.005784,0.0,0.0,0.0,0.0,0.0,0.0,0.0,0.0,0.0,0.0,0.0,0.0,0.0,0.0,0.0,0.0,0.0,0.0,0.0,0.0,0.0,0.0,0.0,0.0,0.0,0.0,0.0,0.0,0.0,0.0,0.0,0.0,0.0,0.0,0.0,0.0,0.0,0.0,0.0,0.0,0.0,0.0,0.0,0.0,0.0,0.0,1.0E-4,18650.0,9.55E25,5803.0,1333.0,104.6,202600.0,1258.0,5016.0,7021.0,4866.0,3076.0,0.3238,279.5,63.13,161.6,8.274,3.315,0.05306,1.888,1.976,1.141,0.2697,0.004084,1651.0,142.1,26.69,0.6071,1.878E-5,1.674E-4,0.007996,0.008323,0.004788,6.739E-4,19.43,0.2849,1.636,5.3,5.832,0.3159,0.08927,1.833,1.906,1.081,0.1832,0.0,0.0,0.0,0.0,0.0,0.0,0.0,0.0,0.0,0.0,0.0,0.454,0.01909,2.509,0.42,0.08186,1.096,0.2824,1.145,1.555,1.026,0.263,6.607E-6,3.92E-6,7.844E-4,8.187E-5,7.247E-6,1.125E-4,3.83E-6,1.355E-5,1.877E-5,1.233E-5,4.282E-6,
0.0,0.0,0.0,0.0,0.0,0.0,0.0,0.0,0.0,0.0,0.0,0.0,0.0,0.0,0.0,0.0,0.0,0.0,0.0,0.0,0.0,0.0,2.8E-6,0.001865,0.02601,3.395,0.8205,0.01699,1.483E-6,2.414E-4,0.008573,0.01032,0.005852,3.662E-4,0.0,0.0,0.0,0.0,0.0,0.0,0.0,0.0,0.0,0.0,0.0,0.0,0.0,0.0,0.0,0.0,0.0,0.0,0.0,0.0,0.0,0.0,2.2979999999999997E-22,0.0,7.423,0.4767,0.1076,0.0,0.001036,0.7056,0.1437,0.1378,0.004704,0.0,0.0,0.0,0.0,0.0,0.0,0.0,0.0,0.0,0.0,0.0,0.0,0.0,0.0,0.0,0.0,0.0,0.0,0.0,0.0,0.0,0.0,0.0,0.0,0.0,0.0,0.0,0.0,0.0,0.0,0.0,0.0,0.0,0.0,0.0,0.0,0.0,0.0,0.0,0.0,0.0,0.0,0.0,0.0,0.0,0.0,1.0E-4,18650.0,9.55E25,5786.0,1349.0,98.15,202600.0,1260.0,5616.0,6836.0,4493.0,3039.0,0.3238,279.5,63.13,161.6,8.27,3.315,0.05405,2.162,1.888,0.9651,0.2641,0.004084,1651.0,142.1,26.69,0.6071,1.878E-5,1.716E-4,0.009156,0.007947,0.004036,6.56E-4,19.43,0.2849,1.636,5.3,5.828,0.3159,0.09024,2.097,1.82,0.9101,0.1788,0.0,0.0,0.0,0.0,0.0,0.0,0.0,0.0,0.0,0.0,0.0,0.454,0.01909,2.505,0.424,0.08039,1.096,0.2829,1.283,1.512,0.9395,0.2564,6.607E-6,3.92E-6,7.829E-4,8.335E-5,7.23E-6,1.125E-4,3.837E-6,1.518E-5,1.826E-5,1.13E-5,4.209E-6,
0.0,0.0,0.0,0.0,0.0,0.0,0.0,0.0,0.0,0.0,0.0,0.0,0.0,0.0,0.0,0.0,0.0,0.0,0.0,0.0,0.0,0.0,2.8E-6,0.001865,0.02601,3.394,0.8209,0.01716,1.483E-6,2.512E-4,0.009192,0.01078,0.004719,3.839E-4,0.0,0.0,0.0,0.0,0.0,0.0,0.0,0.0,0.0,0.0,0.0,0.0,0.0,0.0,0.0,0.0,0.0,0.0,0.0,0.0,0.0,0.0,2.2979999999999997E-22,0.0,7.423,0.4771,0.1104,0.0,0.001532,0.773,0.2028,0.005173,0.006951,0.0,0.0,0.0,0.0,0.0,0.0,0.0,0.0,0.0,0.0,0.0,0.0,0.0,0.0,0.0,0.0,0.0,0.0,0.0,0.0,0.0,0.0,0.0,0.0,0.0,0.0,0.0,0.0,0.0,0.0,0.0,0.0,0.0,0.0,0.0,0.0,0.0,0.0,0.0,0.0,0.0,0.0,0.0,0.0,0.0,0.0,1.0E-4,18660.0,9.55E25,5782.0,1343.0,127.4,202600.0,1266.0,6008.0,7128.0,3820.0,2998.0,0.3265,279.5,63.01,161.0,8.96,3.315,0.0569,2.343,2.022,0.6377,0.2617,0.004085,1651.0,141.3,27.46,0.6099,1.878E-5,1.837E-4,0.009925,0.008516,0.002639,6.648E-4,19.43,0.2849,1.631,5.295,5.847,0.3159,0.09301,2.273,1.949,0.5937,0.1784,0.0,0.0,0.0,0.0,0.0,0.0,0.0,0.0,0.0,0.0,0.0,0.4544,0.01909,2.499,0.4297,0.08496,1.096,0.2843,1.374,1.579,0.7806,0.2517,6.638E-6,3.92E-6,7.803E-4,8.589E-5,7.424E-6,1.125E-4,3.853E-6,1.624E-5,1.905E-5,9.45E-6,4.108E-6,
0.0,0.0,0.0,0.0,0.0,0.0,0.0,0.0,0.0,0.0,0.0,0.0,0.0,0.0,0.0,0.0,0.0,0.0,0.0,0.0,0.0,0.0,2.8E-6,0.001865,0.02601,3.36,0.8547,0.01716,1.483E-6,2.621E-4,0.0101,0.009862,0.004721,3.823E-4,0.0,0.0,0.0,0.0,0.0,0.0,0.0,0.0,0.0,0.0,0.0,0.0,0.0,0.0,0.0,0.0,0.0,0.0,0.0,0.0,0.0,0.0,2.2979999999999997E-22,0.0,7.423,0.4771,0.1105,0.0,0.001547,0.7805,0.195,0.005223,0.007019,0.0,0.0,0.0,0.0,0.0,0.0,0.0,0.0,0.0,0.0,0.0,0.0,0.0,0.0,0.0,0.0,0.0,0.0,0.0,0.0,0.0,0.0,0.0,0.0,0.0,0.0,0.0,0.0,0.0,0.0,0.0,0.0,0.0,0.0,0.0,0.0,0.0,0.0,0.0,0.0,0.0,0.0,0.0,0.0,0.0,0.0,1.0E-4,18660.0,9.55E25,5775.0,1350.0,127.9,202600.0,1272.0,6585.0,6544.0,3831.0,2988.0,0.3265,279.5,62.91,161.1,8.96,3.315,0.06013,2.447,1.915,0.6398,0.2599,0.004085,1651.0,141.3,27.55,0.6099,1.878E-5,1.974E-4,0.01036,0.00806,0.002646,6.594E-4,19.43,0.2849,1.629,5.296,5.847,0.3159,0.09616,2.373,1.845,0.5953,0.177,0.0,0.0,0.0,0.0,0.0,0.0,0.0,0.0,0.0,0.0,0.0,0.4544,0.01909,2.497,0.4313,0.08508,1.096,0.2859,1.506,1.444,0.783,0.2494,6.638E-6,3.92E-6,7.796E-4,8.656E-5,7.425E-6,1.125E-4,3.871E-6,1.78E-5,1.746E-5,9.475E-6,4.085E-6,
0.0,0.0,0.0,0.0,0.0,0.0,0.0,0.0,0.0,0.0,0.0,0.0,0.0,0.0,0.0,0.0,0.0,0.0,0.0,0.0,0.0,0.0,2.8E-6,0.001865,0.02601,3.36,0.8547,0.01715,1.483E-6,2.654E-4,0.01183,0.008102,0.004767,3.796E-4,0.0,0.0,0.0,0.0,0.0,0.0,0.0,0.0,0.0,0.0,0.0,0.0,0.0,0.0,0.0,0.0,0.0,0.0,0.0,0.0,0.0,0.0,2.2979999999999997E-22,0.0,7.423,0.4769,0.1089,0.0,0.001258,0.9758,0.004304,0.00425,0.005712,0.0,0.0,0.0,0.0,0.0,0.0,0.0,0.0,0.0,0.0,0.0,0.0,0.0,0.0,0.0,0.0,0.0,0.0,0.0,0.0,0.0,0.0,0.0,0.0,0.0,0.0,0.0,0.0,0.0,0.0,0.0,0.0,0.0,0.0,0.0,0.0,0.0,0.0,0.0,0.0,0.0,0.0,0.0,0.0,0.0,0.0,1.0E-4,18660.0,9.55E25,5774.0,1350.0,120.6,202600.0,1274.0,7683.0,5441.0,3850.0,2981.0,0.3265,279.5,62.91,161.1,8.956,3.315,0.061,2.941,1.429,0.6371,0.2577,0.004085,1651.0,141.3,27.55,0.6099,1.878E-5,2.011E-4,0.01246,0.005999,0.002636,6.505E-4,19.43,0.2849,1.629,5.296,5.843,0.3159,0.09701,2.851,1.374,0.5939,0.1754,0.0,0.0,0.0,0.0,0.0,0.0,0.0,0.0,0.0,0.0,0.0,0.4544,0.01909,2.497,0.4311,0.08339,1.096,0.2863,1.759,1.189,0.7872,0.2485,6.638E-6,3.92E-6,7.796E-4,8.656E-5,7.405E-6,1.125E-4,3.877E-6,2.078E-5,1.446E-5,9.533E-6,4.073E-6,
0.0,0.0,0.0,0.0,0.0,0.0,0.0,0.0,0.0,0.0,0.0,0.0,0.0,0.0,0.0,0.0,0.0,0.0,0.0,0.0,0.0,0.0,2.8E-6,0.001864,0.02601,3.36,0.8547,0.01715,1.483E-6,2.897E-4,0.01184,0.008128,0.004714,3.693E-4,0.0,0.0,0.0,0.0,0.0,0.0,0.0,0.0,0.0,0.0,0.0,0.0,0.0,0.0,0.0,0.0,0.0,0.0,0.0,0.0,0.0,0.0,2.2979999999999997E-22,0.0,7.423,0.4769,0.109,0.0,0.001279,0.9754,0.004373,0.004318,0.005804,0.0,0.0,0.0,0.0,0.0,0.0,0.0,0.0,0.0,0.0,0.0,0.0,0.0,0.0,0.0,0.0,0.0,0.0,0.0,0.0,0.0,0.0,0.0,0.0,0.0,0.0,0.0,0.0,0.0,0.0,0.0,0.0,0.0,0.0,0.0,0.0,0.0,0.0,0.0,0.0,0.0,0.0,0.0,0.0,0.0,0.0,1.0E-4,18660.0,9.55E25,5765.0,1358.0,121.3,202600.0,1289.0,7691.0,5458.0,3912.0,2912.0,0.3265,279.5,62.91,161.1,8.956,3.315,0.0682,2.945,1.417,0.6497,0.2454,0.004085,1651.0,141.3,27.55,0.6099,1.878E-5,2.317E-4,0.01248,0.005949,0.002659,6.29E-4,19.43,0.2849,1.629,5.296,5.843,0.3159,0.104,2.855,1.363,0.6032,0.1665,0.0,0.0,0.0,0.0,0.0,0.0,0.0,0.0,0.0,0.0,0.0,0.4544,0.01909,2.493,0.4347,0.08357,1.096,0.2899,1.761,1.193,0.7913,0.2351,6.638E-6,3.92E-6,7.788E-4,8.737E-5,7.407E-6,1.125E-4,3.918E-6,2.08E-5,1.45E-5,9.729E-6,3.767E-6,
0.0,0.0,0.0,0.0,0.0,0.0,0.0,0.0,0.0,0.0,0.0,0.0,0.0,0.0,0.0,0.0,0.0,0.0,0.0,0.0,0.0,0.0,2.8E-6,0.001864,0.02601,3.36,0.8549,0.01716,1.483E-6,3.016E-4,0.01192,0.008027,0.004709,3.782E-4,0.0,0.0,0.0,0.0,0.0,0.0,0.0,0.0,0.0,0.0,0.0,0.0,0.0,0.0,0.0,0.0,0.0,0.0,0.0,0.0,0.0,0.0,2.2979999999999997E-22,0.0,7.423,0.4769,0.1095,0.0,0.001364,0.8549,0.1235,0.004608,0.006193,0.0,0.0,0.0,0.0,0.0,0.0,0.0,0.0,0.0,0.0,0.0,0.0,0.0,0.0,0.0,0.0,0.0,0.0,0.0,0.0,0.0,0.0,0.0,0.0,0.0,0.0,0.0,0.0,0.0,0.0,0.0,0.0,0.0,0.0,0.0,0.0,0.0,0.0,0.0,0.0,0.0,0.0,0.0,0.0,0.0,0.0,1.0E-4,18650.0,9.55E25,5758.0,1366.0,125.1,202600.0,1297.0,7740.0,5398.0,3918.0,2943.0,0.3265,279.5,62.9,161.1,8.957,3.315,0.07162,2.766,1.589,0.6503,0.2472,0.004085,1651.0,141.3,27.55,0.6099,1.878E-5,2.463E-4,0.01172,0.006677,0.00266,6.384E-4,19.43,0.2849,1.629,5.296,5.845,0.3159,0.1074,2.682,1.528,0.6038,0.1684,0.0,0.0,0.0,0.0,0.0,0.0,0.0,0.0,0.0,0.0,0.0,0.4544,0.01909,2.492,0.4365,0.08443,1.096,0.2916,1.772,1.179,0.792,0.2346,6.637E-6,3.92E-6,7.781E-4,8.806E-5,7.418E-6,1.125E-4,3.938E-6,2.094E-5,1.434E-5,9.741E-6,3.756E-6,
0.0,0.0,0.0,0.0,0.0,0.0,0.0,0.0,0.0,0.0,0.0,0.0,0.0,0.0,0.0,0.0,0.0,0.0,0.0,0.0,0.0,0.0,2.8E-6,0.001864,0.02601,3.36,0.8549,0.01716,1.483E-6,3.081E-4,0.01199,0.00793,0.004706,3.856E-4,0.0,0.0,0.0,0.0,0.0,0.0,0.0,0.0,0.0,0.0,0.0,0.0,0.0,0.0,0.0,0.0,0.0,0.0,0.0,0.0,0.0,0.0,2.2979999999999997E-22,0.0,7.423,0.477,0.1101,0.0,0.001479,0.8614,0.1152,0.004993,0.00671,0.0,0.0,0.0,0.0,0.0,0.0,0.0,0.0,0.0,0.0,0.0,0.0,0.0,0.0,0.0,0.0,0.0,0.0,0.0,0.0,0.0,0.0,0.0,0.0,0.0,0.0,0.0,0.0,0.0,0.0,0.0,0.0,0.0,0.0,0.0,0.0,0.0,0.0,0.0,0.0,0.0,0.0,0.0,0.0,0.0,0.0,1.0E-4,18650.0,9.55E25,5758.0,1367.0,129.4,202600.0,1301.0,7791.0,5337.0,3915.0,2948.0,0.3265,279.5,62.9,161.1,8.959,3.315,0.0735,2.785,1.564,0.6511,0.2489,0.004085,1651.0,141.3,27.55,0.6099,1.878E-5,2.542E-4,0.0118,0.006571,0.002664,6.455E-4,19.43,0.2849,1.629,5.296,5.846,0.3159,0.1092,2.7,1.504,0.6047,0.1699,0.0,0.0,0.0,0.0,0.0,0.0,0.0,0.0,0.0,0.0,0.0,0.4544,0.01909,2.492,0.4366,0.08543,1.096,0.2925,1.784,1.165,0.7907,0.2366,6.637E-6,3.92E-6,7.781E-4,8.806E-5,7.429E-6,1.125E-4,3.949E-6,2.107E-5,1.417E-5,9.731E-6,3.775E-6,
0.0,0.0,0.0,0.0,0.0,0.0,0.0,0.0,0.0,0.0,0.0,0.0,0.0,0.0,0.0,0.0,0.0,0.0,0.0,0.0,0.0,0.0,2.8E-6,0.001884,0.02601,3.357,0.8578,0.01716,1.483E-6,3.147E-4,0.012,0.007754,0.00487,3.601E-4,0.0,0.0,0.0,0.0,0.0,0.0,0.0,0.0,0.0,0.0,0.0,0.0,0.0,0.0,0.0,0.0,0.0,0.0,0.0,0.0,0.0,0.0,2.2979999999999997E-22,0.0,7.423,0.477,0.1101,0.0,0.001479,0.8614,0.1152,0.004993,0.00671,0.0,0.0,0.0,0.0,0.0,0.0,0.0,0.0,0.0,0.0,0.0,0.0,0.0,0.0,0.0,0.0,0.0,0.0,0.0,0.0,0.0,0.0,0.0,0.0,0.0,0.0,0.0,0.0,0.0,0.0,0.0,0.0,0.0,0.0,0.0,0.0,0.0,0.0,0.0,0.0,0.0,0.0,0.0,0.0,0.0,0.0,1.0E-4,18680.0,9.55E25,5744.0,1382.0,129.4,202600.0,1305.0,7796.0,5255.0,4001.0,2906.0,0.3328,279.5,62.85,161.2,8.959,3.315,0.07547,2.789,1.553,0.6581,0.2403,0.004111,1651.0,141.0,27.84,0.6099,1.878E-5,2.626E-4,0.01182,0.006523,0.002693,6.123E-4,19.43,0.2849,1.627,5.299,5.846,0.3159,0.1111,2.704,1.492,0.6123,0.1625,0.0,0.0,0.0,0.0,0.0,0.0,0.0,0.0,0.0,0.0,0.0,0.4575,0.01909,2.486,0.4423,0.08543,1.096,0.2935,1.785,1.142,0.8164,0.2283,6.675E-6,3.92E-6,7.76E-4,9.02E-5,7.429E-6,1.125E-4,3.961E-6,2.109E-5,1.39E-5,1.001E-5,3.695E-6,
0.0,0.0,0.0,0.0,0.0,0.0,0.0,0.0,0.0,0.0,0.0,0.0,0.0,0.0,0.0,0.0,0.0,0.0,0.0,0.0,0.0,0.0,2.8E-6,0.001884,0.02601,3.356,0.8592,0.01714,1.483E-6,3.149E-4,0.01209,0.007938,0.004656,3.342E-4,0.0,0.0,0.0,0.0,0.0,0.0,0.0,0.0,0.0,0.0,0.0,0.0,0.0,0.0,0.0,0.0,0.0,0.0,0.0,0.0,0.0,0.0,2.2979999999999997E-22,0.0,7.423,0.4766,0.1069,0.0,9.212E-4,0.8789,0.1065,0.003111,0.004181,0.0,0.0,0.0,0.0,0.0,0.0,0.0,0.0,0.0,0.0,0.0,0.0,0.0,0.0,0.0,0.0,0.0,0.0,0.0,0.0,0.0,0.0,0.0,0.0,0.0,0.0,0.0,0.0,0.0,0.0,0.0,0.0,0.0,0.0,0.0,0.0,0.0,0.0,0.0,0.0,0.0,0.0,0.0,0.0,0.0,0.0,1.0E-4,18690.0,9.55E25,5737.0,1384.0,110.9,202600.0,1305.0,7857.0,5372.0,3878.0,2868.0,0.3328,279.5,62.85,161.2,8.951,3.315,0.07565,2.835,1.551,0.6327,0.2314,0.004111,1651.0,141.0,27.84,0.6098,1.878E-5,2.634E-4,0.01201,0.006515,0.002581,5.783E-4,19.43,0.2849,1.626,5.298,5.838,0.3159,0.1113,2.748,1.491,0.5872,0.1545,0.0,0.0,0.0,0.0,0.0,0.0,0.0,0.0,0.0,0.0,0.0,0.4575,0.01909,2.482,0.4456,0.08116,1.096,0.2935,1.799,1.169,0.7878,0.2215,6.675E-6,3.92E-6,7.754E-4,9.078E-5,7.379E-6,1.125E-4,3.961E-6,2.125E-5,1.422E-5,9.67E-6,3.614E-6,
0.0,0.0,0.0,0.0,0.0,0.0,0.0,0.0,0.0,0.0,0.0,0.0,0.0,0.0,0.0,0.0,0.0,0.0,0.0,0.0,0.0,0.0,2.8E-6,0.001884,0.02601,3.356,0.8545,0.02192,1.483E-6,3.4E-4,0.01252,0.007514,0.004625,3.35E-4,0.0,0.0,0.0,0.0,0.0,0.0,0.0,0.0,0.0,0.0,0.0,0.0,0.0,0.0,0.0,0.0,0.0,0.0,0.0,0.0,0.0,0.0,2.2979999999999997E-22,0.0,7.423,0.4767,0.1074,0.0,0.001009,0.9117,0.07229,0.003407,0.004579,0.0,0.0,0.0,0.0,0.0,0.0,0.0,0.0,0.0,0.0,0.0,0.0,0.0,0.0,0.0,0.0,0.0,0.0,0.0,0.0,0.0,0.0,0.0,0.0,0.0,0.0,0.0,0.0,0.0,0.0,0.0,0.0,0.0,0.0,0.0,0.0,0.0,0.0,0.0,0.0,0.0,0.0,0.0,0.0,0.0,0.0,1.0E-4,18690.0,9.55E25,5732.0,1389.0,115.7,202600.0,1334.0,8111.0,5108.0,3862.0,2861.0,0.3328,279.5,62.85,161.0,9.194,3.315,0.08472,2.928,1.446,0.634,0.2315,0.004111,1651.0,141.0,27.47,0.9857,1.878E-5,2.945E-4,0.01241,0.006068,0.002585,5.802E-4,19.43,0.2849,1.626,5.288,5.85,0.3159,0.1253,2.833,1.388,0.5885,0.1548,0.0,0.0,0.0,0.0,0.0,0.0,0.0,0.0,0.0,0.0,0.0,0.4575,0.01909,2.481,0.4461,0.08281,1.096,0.3194,1.838,1.107,0.7837,0.2212,6.675E-6,3.92E-6,7.749E-4,9.097E-5,7.688E-6,1.125E-4,4.282E-6,2.17E-5,1.349E-5,9.623E-6,3.608E-6,
0.0,0.0,0.0,0.0,0.0,0.0,0.0,0.0,0.0,0.0,0.0,0.0,0.0,0.0,0.0,0.0,0.0,0.0,0.0,0.0,0.0,0.0,2.8E-6,0.001884,0.02601,3.355,0.8551,0.02193,1.483E-6,3.593E-4,0.01304,0.006854,0.004719,3.453E-4,0.0,0.0,0.0,0.0,0.0,0.0,0.0,0.0,0.0,0.0,0.0,0.0,0.0,0.0,0.0,0.0,0.0,0.0,0.0,0.0,0.0,0.0,2.2979999999999997E-22,0.0,7.423,0.4768,0.1082,0.0,0.001147,0.9573,0.02454,0.003873,0.005205,0.0,0.0,0.0,0.0,0.0,0.0,0.0,0.0,0.0,0.0,0.0,0.0,0.0,0.0,0.0,0.0,0.0,0.0,0.0,0.0,0.0,0.0,0.0,0.0,0.0,0.0,0.0,0.0,0.0,0.0,0.0,0.0,0.0,0.0,0.0,0.0,0.0,0.0,0.0,0.0,0.0,0.0,0.0,0.0,0.0,0.0,1.0E-4,18690.0,9.55E25,5728.0,1394.0,121.4,202600.0,1345.0,8445.0,4702.0,3909.0,2868.0,0.3328,279.5,62.77,161.0,9.196,3.315,0.09026,3.045,1.318,0.6349,0.2332,0.004111,1651.0,140.5,27.94,0.9857,1.878E-5,3.18E-4,0.01291,0.005524,0.002591,5.872E-4,19.43,0.2849,1.623,5.292,5.851,0.3159,0.1307,2.946,1.264,0.59,0.1563,0.0,0.0,0.0,0.0,0.0,0.0,0.0,0.0,0.0,0.0,0.0,0.4575,0.01909,2.476,0.4514,0.08412,1.096,0.3221,1.915,1.012,0.7957,0.2229,6.675E-6,3.92E-6,7.734E-4,9.247E-5,7.703E-6,1.125E-4,4.315E-6,2.26E-5,1.238E-5,9.763E-6,3.627E-6,
0.0,0.0,0.0,0.0,0.0,0.0,0.0,0.0,0.0,0.0,0.0,0.0,0.0,0.0,0.0,0.0,0.0,0.0,0.0,0.0,0.0,0.0,2.8E-6,0.001884,0.02601,3.355,0.855,0.0226,1.483E-6,3.724E-4,0.0133,0.006553,0.004738,3.461E-4,0.0,0.0,0.0,0.0,0.0,0.0,0.0,0.0,0.0,0.0,0.0,0.0,0.0,0.0,0.0,0.0,0.0,0.0,0.0,0.0,0.0,0.0,2.2979999999999997E-22,0.0,7.423,0.4769,0.1087,0.0,0.001236,0.9773,0.003148,0.004174,0.00561,0.0,0.0,0.0,0.0,0.0,0.0,0.0,0.0,0.0,0.0,0.0,0.0,0.0,0.0,0.0,0.0,0.0,0.0,0.0,0.0,0.0,0.0,0.0,0.0,0.0,0.0,0.0,0.0,0.0,0.0,0.0,0.0,0.0,0.0,0.0,0.0,0.0,0.0,0.0,0.0,0.0,0.0,0.0,0.0,0.0,0.0,1.0E-4,18690.0,9.55E25,5721.0,1401.0,126.2,202600.0,1354.0,8612.0,4503.0,3945.0,2851.0,0.3328,279.5,62.77,161.0,9.256,3.315,0.09405,3.106,1.251,0.6392,0.2307,0.004111,1651.0,140.5,27.91,1.017,1.878E-5,3.341E-4,0.01317,0.005238,0.002605,5.805E-4,19.43,0.2849,1.623,5.291,5.854,0.3159,0.1344,3.005,1.199,0.5935,0.1546,0.0,0.0,0.0,0.0,0.0,0.0,0.0,0.0,0.0,0.0,0.0,0.4575,0.01909,2.474,0.4529,0.08543,1.096,0.324,1.954,0.9668,0.8022,0.2199,6.675E-6,3.92E-6,7.726E-4,9.313E-5,7.833E-6,1.125E-4,4.337E-6,2.305E-5,1.185E-5,9.839E-6,3.594E-6,
0.0,0.0,0.0,0.0,0.0,0.0,0.0,0.0,0.0,0.0,0.0,0.0,0.0,0.0,0.0,0.0,0.0,0.0,0.0,0.0,0.0,0.0,2.8E-6,0.001884,0.02601,3.355,0.855,0.02261,1.483E-6,3.928E-4,0.01331,0.006515,0.004708,3.749E-4,0.0,0.0,0.0,0.0,0.0,0.0,0.0,0.0,0.0,0.0,0.0,0.0,0.0,0.0,0.0,0.0,0.0,0.0,0.0,0.0,0.0,0.0,2.2979999999999997E-22,0.0,7.423,0.4769,0.1095,0.0,0.001375,0.9747,0.003501,0.004643,0.006239,0.0,0.0,0.0,0.0,0.0,0.0,0.0,0.0,0.0,0.0,0.0,0.0,0.0,0.0,0.0,0.0,0.0,0.0,0.0,0.0,0.0,0.0,0.0,0.0,0.0,0.0,0.0,0.0,0.0,0.0,0.0,0.0,0.0,0.0,0.0,0.0,0.0,0.0,0.0,0.0,0.0,0.0,0.0,0.0,0.0,0.0,1.0E-4,18690.0,9.55E25,5717.0,1406.0,131.9,202600.0,1367.0,8616.0,4477.0,3939.0,2920.0,0.3328,279.5,62.73,161.0,9.258,3.315,0.09992,3.11,1.236,0.6386,0.2341,0.004111,1651.0,140.5,27.91,1.017,1.878E-5,3.59E-4,0.01318,0.005174,0.0026,5.979E-4,19.43,0.2849,1.623,5.292,5.856,0.3159,0.1401,3.009,1.184,0.5926,0.1583,0.0,0.0,0.0,0.0,0.0,0.0,0.0,0.0,0.0,0.0,0.0,0.4575,0.01909,2.471,0.456,0.08674,1.096,0.327,1.955,0.9611,0.8003,0.2219,6.675E-6,3.92E-6,7.722E-4,9.357E-5,7.849E-6,1.125E-4,4.372E-6,2.307E-5,1.178E-5,9.816E-6,3.62E-6,
0.0,0.0,0.0,0.0,0.0,0.0,0.0,0.0,0.0,0.0,0.0,0.0,0.0,0.0,0.0,0.0,0.0,0.0,0.0,0.0,0.0,0.0,2.8E-6,0.001884,0.02601,3.354,0.8551,0.02279,1.483E-6,4.107E-4,0.01331,0.006305,0.004895,3.776E-4,0.0,0.0,0.0,0.0,0.0,0.0,0.0,0.0,0.0,0.0,0.0,0.0,0.0,0.0,0.0,0.0,0.0,0.0,0.0,0.0,0.0,0.0,2.2969999999999996E-22,0.0,7.423,0.477,0.1097,0.0,0.001411,0.9741,0.003594,0.004766,0.006405,0.0,0.0,0.0,0.0,0.0,0.0,0.0,0.0,0.0,0.0,0.0,0.0,0.0,0.0,0.0,0.0,0.0,0.0,0.0,0.0,0.0,0.0,0.0,0.0,0.0,0.0,0.0,0.0,0.0,0.0,0.0,0.0,0.0,0.0,0.0,0.0,0.0,0.0,0.0,0.0,0.0,0.0,0.0,0.0,0.0,0.0,1.0E-4,18680.0,9.55E25,5715.0,1405.0,136.4,202600.0,1378.0,8879.0,4095.0,4067.0,2953.0,0.3328,279.5,62.72,160.5,9.808,3.315,0.1052,3.119,1.219,0.6409,0.2334,0.004111,1651.0,140.5,27.91,1.019,1.878E-5,3.813E-4,0.01318,0.005145,0.002606,6.003E-4,19.43,0.2849,1.623,5.287,5.86,0.3159,0.1452,3.009,1.176,0.5967,0.1567,0.0,0.0,0.0,0.0,0.0,0.0,0.0,0.0,0.0,0.0,0.0,0.4575,0.01909,2.471,0.4561,0.08747,1.096,0.3296,1.959,0.9276,0.8281,0.2205,6.674E-6,3.92E-6,7.72E-4,9.364E-5,7.989E-6,1.125E-4,4.403E-6,2.348E-5,1.103E-5,1.022E-5,3.522E-6,
0.0,0.0,0.0,0.0,0.0,0.0,0.0,0.0,0.0,0.0,0.0,0.0,0.0,0.0,0.0,0.0,0.0,0.0,0.0,0.0,0.0,0.0,2.8E-6,0.001884,0.02601,3.354,0.8548,0.02343,1.483E-6,4.176E-4,0.01333,0.006278,0.004893,3.778E-4,0.0,0.0,0.0,0.0,0.0,0.0,0.0,0.0,0.0,0.0,0.0,0.0,0.0,0.0,0.0,0.0,0.0,0.0,0.0,0.0,0.0,0.0,2.2969999999999996E-22,0.0,7.423,0.477,0.1098,0.0,0.001424,0.9738,0.003627,0.004809,0.006463,0.0,0.0,0.0,0.0,0.0,0.0,0.0,0.0,0.0,0.0,0.0,0.0,0.0,0.0,0.0,0.0,0.0,0.0,0.0,0.0,0.0,0.0,0.0,0.0,0.0,0.0,0.0,0.0,0.0,0.0,0.0,0.0,0.0,0.0,0.0,0.0,0.0,0.0,0.0,0.0,0.0,0.0,0.0,0.0,0.0,0.0,1.0E-4,18680.0,9.55E25,5681.0,1438.0,138.3,202600.0,1382.0,8891.0,4084.0,4093.0,2920.0,0.3328,279.5,62.71,159.9,10.4,3.315,0.1072,3.126,1.211,0.6438,0.2296,0.004111,1651.0,140.4,27.95,1.028,1.878E-5,3.898E-4,0.01321,0.005108,0.00261,5.931E-4,19.43,0.2849,1.623,5.282,5.866,0.3159,0.1471,3.016,1.167,0.5981,0.1546,0.0,0.0,0.0,0.0,0.0,0.0,0.0,0.0,0.0,0.0,0.0,0.4575,0.01909,2.467,0.4595,0.08842,1.096,0.3306,1.962,0.9244,0.8361,0.2116,6.674E-6,3.92E-6,7.709E-4,9.439E-5,8.284E-6,1.125E-4,4.415E-6,2.351E-5,1.099E-5,1.029E-5,3.439E-6,
0.0,0.0,0.0,0.0,0.0,0.0,0.0,0.0,0.0,0.0,0.0,0.0,0.0,0.0,0.0,0.0,0.0,0.0,0.0,0.0,0.0,0.0,2.8E-6,0.001884,0.02601,3.353,0.8247,0.05404,1.483E-6,4.449E-4,0.01332,0.00629,0.004863,3.767E-4,0.0,0.0,0.0,0.0,0.0,0.0,0.0,0.0,0.0,0.0,0.0,0.0,0.0,0.0,0.0,0.0,0.0,0.0,0.0,0.0,0.0,0.0,2.2969999999999996E-22,0.0,7.223,0.677,0.1099,0.0,0.001437,0.9736,0.003659,0.004852,0.006521,0.0,0.0,0.0,0.0,0.0,0.0,0.0,0.0,0.0,0.0,0.0,0.0,0.0,0.0,0.0,0.0,0.0,0.0,0.0,0.0,0.0,0.0,0.0,0.0,0.0,0.0,0.0,0.0,0.0,0.0,0.0,0.0,0.0,0.0,0.0,0.0,0.0,0.0,0.0,0.0,0.0,0.0,0.0,0.0,0.0,0.0,1.0E-4,18680.0,9.55E25,5651.0,1454.0,152.8,202600.0,1398.0,8885.0,4102.0,4088.0,2897.0,0.3328,279.5,62.69,157.2,13.16,3.315,0.1152,3.123,1.206,0.6441,0.2284,0.004111,1651.0,140.4,27.09,1.896,1.878E-5,4.24E-4,0.0132,0.005087,0.002606,5.93E-4,19.43,0.2849,1.622,5.224,5.925,0.3159,0.155,3.014,1.162,0.5997,0.1523,0.0,0.0,0.0,0.0,0.0,0.0,0.0,0.0,0.0,0.0,0.0,0.4575,0.01909,2.457,0.4643,0.0934,1.096,0.3345,1.961,0.9272,0.8325,0.2098,6.674E-6,3.92E-6,7.677E-4,9.643E-5,9.424E-6,1.125E-4,4.46E-6,2.35E-5,1.103E-5,1.033E-5,3.337E-6,
0.0,0.0,0.0,0.0,0.0,0.0,0.0,0.0,0.0,0.0,0.0,0.0,0.0,0.0,0.0,0.0,0.0,0.0,0.0,0.0,0.0,0.0,2.8E-6,0.001884,0.02601,3.353,0.825,0.05404,1.483E-6,4.746E-4,0.01333,0.006245,0.004873,3.77E-4,0.0,0.0,0.0,0.0,0.0,0.0,0.0,0.0,0.0,0.0,0.0,0.0,0.0,0.0,0.0,0.0,0.0,0.0,0.0,0.0,0.0,0.0,2.2969999999999996E-22,0.0,7.043,0.857,0.1099,0.0,0.001437,0.9736,0.003659,0.004852,0.006521,0.0,0.0,0.0,0.0,0.0,0.0,0.0,0.0,0.0,0.0,0.0,0.0,0.0,0.0,0.0,0.0,0.0,0.0,0.0,0.0,0.0,0.0,0.0,0.0,0.0,0.0,0.0,0.0,0.0,0.0,0.0,0.0,0.0,0.0,0.0,0.0,0.0,0.0,0.0,0.0,0.0,0.0,0.0,0.0,0.0,0.0,1.0E-4,18680.0,9.55E25,5633.0,1472.0,152.8,202600.0,1417.0,8888.0,4074.0,4107.0,2884.0,0.3328,279.5,62.66,157.2,13.16,3.315,0.1239,3.125,1.196,0.6471,0.2256,0.004111,1651.0,140.4,27.09,1.896,1.878E-5,4.61E-4,0.0132,0.005043,0.002615,5.853E-4,19.43,0.2849,1.622,5.224,5.925,0.3159,0.1634,3.015,1.152,0.6019,0.1506,0.0,0.0,0.0,0.0,0.0,0.0,0.0,0.0,0.0,0.0,0.0,0.4575,0.01909,2.45,0.4717,0.0934,1.096,0.3388,1.961,0.9207,0.8395,0.2043,6.674E-6,3.92E-6,7.657E-4,9.845E-5,9.424E-6,1.125E-4,4.511E-6,2.35E-5,1.095E-5,1.039E-5,3.295E-6,
0.0,0.0,0.0,0.0,0.0,0.0,0.0,0.0,0.0,0.0,0.0,0.0,0.0,0.0,0.0,0.0,0.0,0.0,0.0,0.0,0.0,0.0,2.8E-6,0.001884,0.02601,3.336,0.8419,0.05402,1.483E-6,0.001004,0.01221,0.006842,0.004897,3.588E-4,0.0,0.0,0.0,0.0,0.0,0.0,0.0,0.0,0.0,0.0,0.0,0.0,0.0,0.0,0.0,0.0,0.0,0.0,0.0,0.0,0.0,0.0,2.2969999999999996E-22,0.0,7.043,0.8568,0.1087,0.0,0.04665,0.8733,0.06184,0.004153,0.005581,0.0,0.0,0.0,0.0,0.0,0.0,0.0,0.0,0.0,0.0,0.0,0.0,0.0,0.0,0.0,0.0,0.0,0.0,0.0,0.0,0.0,0.0,0.0,0.0,0.0,0.0,0.0,0.0,0.0,0.0,0.0,0.0,0.0,0.0,0.0,0.0,0.0,0.0,0.0,0.0,0.0,0.0,0.0,0.0,0.0,0.0,1.0E-4,18680.0,9.55E25,5619.0,1485.0,144.3,202600.0,1754.0,8184.0,4445.0,4134.0,2942.0,0.3328,279.5,62.5,157.3,13.15,3.315,0.2424,2.88,1.329,0.6497,0.2189,0.004111,1651.0,139.6,27.93,1.896,1.878E-5,9.634E-4,0.01217,0.00561,0.002625,5.585E-4,19.43,0.2849,1.615,5.23,5.922,0.3159,0.278,2.778,1.282,0.604,0.1445,0.0,0.0,0.0,0.0,0.0,0.0,0.0,0.0,0.0,0.0,0.0,0.4574,0.01909,2.435,0.4854,0.09144,1.096,0.4164,1.799,1.007,0.8448,0.2001,6.674E-6,3.92E-6,7.626E-4,1.016E-4,9.401E-6,1.125E-4,5.425E-6,2.159E-5,1.197E-5,1.045E-5,3.248E-6,
0.0,0.0,0.0,0.0,0.0,0.0,0.0,0.0,0.0,0.0,0.0,0.0,0.0,0.0,0.0,0.0,0.0,0.0,0.0,0.0,0.0,0.0,2.8E-6,0.001884,0.02601,3.285,0.8624,0.05404,0.03066,5.709E-4,0.01331,0.006148,0.0049,3.664E-4,0.0,0.0,0.0,0.0,0.0,0.0,0.0,0.0,0.0,0.0,0.0,0.0,0.0,0.0,0.0,0.0,0.0,0.0,0.0,0.0,0.0,0.0,2.2969999999999996E-22,0.0,7.043,0.857,0.1099,0.0,0.003382,0.9718,0.003381,0.00488,0.006559,0.0,0.0,0.0,0.0,0.0,0.0,0.0,0.0,0.0,0.0,0.0,0.0,0.0,0.0,0.0,0.0,0.0,0.0,0.0,0.0,0.0,0.0,0.0,0.0,0.0,0.0,0.0,0.0,0.0,0.0,0.0,0.0,0.0,0.0,0.0,0.0,0.0,0.0,0.0,0.0,0.0,0.0,0.0,0.0,0.0,0.0,1.0E-4,18690.0,9.55E25,5541.0,1506.0,153.0,202700.0,1478.0,8884.0,4005.0,4161.0,2966.0,0.3328,279.5,61.26,157.5,13.16,4.418,0.1442,3.135,1.166,0.6493,0.2218,0.004111,1651.0,138.6,28.62,1.896,0.2867,5.47E-4,0.01325,0.00492,0.002622,5.721E-4,19.43,0.2849,1.6,5.236,5.925,0.326,0.1831,3.025,1.124,0.6035,0.1475,0.0,0.0,0.0,0.0,0.0,0.0,0.0,0.0,0.0,0.0,0.0,0.4574,0.01909,2.401,0.4987,0.09342,1.118,0.3529,1.96,0.9057,0.8458,0.2005,6.674E-6,3.92E-6,7.526E-4,1.051E-4,9.425E-6,1.19E-4,4.677E-6,2.349E-5,1.077E-5,1.046E-5,3.251E-6,
0.0,0.0,0.0,0.0,0.0,0.0,0.0,0.0,0.0,0.0,0.0,0.0,0.0,0.0,0.0,0.0,0.0,0.0,0.0,0.0,0.0,0.0,2.8E-6,0.001884,0.02601,3.278,0.8693,0.05405,0.03066,5.944E-4,0.01331,0.006104,0.004925,3.646E-4,0.0,0.0,0.0,0.0,0.0,0.0,0.0,0.0,0.0,0.0,0.0,0.0,0.0,0.0,0.0,0.0,0.0,0.0,0.0,0.0,0.0,0.0,2.2969999999999996E-22,0.0,7.043,0.857,0.1099,0.0,0.003382,0.9718,0.003381,0.00488,0.006559,0.0,0.0,0.0,0.0,0.0,0.0,0.0,0.0,0.0,0.0,0.0,0.0,0.0,0.0,0.0,0.0,0.0,0.0,0.0,0.0,0.0,0.0,0.0,0.0,0.0,0.0,0.0,0.0,0.0,0.0,0.0,0.0,0.0,0.0,0.0,0.0,0.0,0.0,0.0,0.0,0.0,0.0,0.0,0.0,0.0,0.0,1.0E-4,18690.0,9.55E25,5533.0,1511.0,156.6,202700.0,1493.0,8883.0,3977.0,4190.0,2952.0,0.3328,279.5,61.23,156.5,14.19,4.418,0.1492,3.134,1.162,0.6503,0.221,0.004111,1651.0,138.5,28.76,1.905,0.2867,5.681E-4,0.01324,0.004903,0.002625,5.704E-4,19.43,0.2849,1.599,5.206,5.957,0.326,0.1879,3.023,1.12,0.6045,0.1469,0.0,0.0,0.0,0.0,0.0,0.0,0.0,0.0,0.0,0.0,0.0,0.4574,0.01909,2.396,0.5016,0.09468,1.118,0.3564,1.959,0.8992,0.8506,0.1991,6.674E-6,3.92E-6,7.516E-4,1.059E-4,9.57E-6,1.19E-4,4.718E-6,2.348E-5,1.07E-5,1.052E-5,3.233E-6,
0.0,0.0,0.0,0.0,0.0,0.0,0.0,0.0,0.0,0.0,0.0,0.0,0.0,0.0,0.0,0.0,0.0,0.0,0.0,0.0,0.0,0.0,2.8E-6,0.001884,0.02601,3.277,0.8693,0.05405,0.03182,6.109E-4,0.01336,0.006057,0.00491,3.648E-4,0.0,0.0,0.0,0.0,0.0,0.0,0.0,0.0,0.0,0.0,0.0,0.0,0.0,0.0,0.0,0.0,0.0,0.0,0.0,0.0,0.0,0.0,2.2969999999999996E-22,0.0,7.043,0.857,0.1099,0.0,0.003382,0.9718,0.003381,0.00488,0.006559,0.0,0.0,0.0,0.0,0.0,0.0,0.0,0.0,0.0,0.0,0.0,0.0,0.0,0.0,0.0,0.0,0.0,0.0,0.0,0.0,0.0,0.0,0.0,0.0,0.0,0.0,0.0,0.0,0.0,0.0,0.0,0.0,0.0,0.0,0.0,0.0,0.0,0.0,0.0,0.0,0.0,0.0,0.0,0.0,0.0,0.0,1.0E-4,18690.0,9.55E25,5519.0,1511.0,156.6,202700.0,1503.0,8910.0,3948.0,4218.0,2914.0,0.3328,279.5,60.34,156.5,14.19,5.305,0.154,3.147,1.144,0.6503,0.221,0.004111,1651.0,138.4,28.76,1.905,0.304,5.885E-4,0.0133,0.004827,0.002625,5.704E-4,19.43,0.2849,1.591,5.206,5.957,0.3331,0.1926,3.036,1.103,0.6045,0.1469,0.0,0.0,0.0,0.0,0.0,0.0,0.0,0.0,0.0,0.0,0.0,0.4574,0.01909,2.392,0.5016,0.09468,1.123,0.3588,1.966,0.8925,0.8484,0.1991,6.674E-6,3.92E-6,7.5E-4,1.059E-4,9.57E-6,1.206E-4,4.745E-6,2.356E-5,1.062E-5,1.049E-5,3.233E-6,
0.0,0.0,0.0,0.0,0.0,0.0,0.0,0.0,0.0,0.0,0.0,0.0,0.0,0.0,0.0,0.0,0.0,0.0,0.0,0.0,0.0,0.0,2.8E-6,0.001884,0.02601,3.277,0.8692,0.05406,0.03182,6.29E-4,0.01336,0.006021,0.0049,3.878E-4,0.0,0.0,0.0,0.0,0.0,0.0,0.0,0.0,0.0,0.0,0.0,0.0,0.0,0.0,0.0,0.0,0.0,0.0,0.0,0.0,0.0,0.0,2.2969999999999996E-22,0.0,7.043,0.857,0.11,0.0,0.003413,0.9715,0.003412,0.004925,0.006619,0.0,0.0,0.0,0.0,0.0,0.0,0.0,0.0,0.0,0.0,0.0,0.0,0.0,0.0,0.0,0.0,0.0,0.0,0.0,0.0,0.0,0.0,0.0,0.0,0.0,0.0,0.0,0.0,0.0,0.0,0.0,0.0,0.0,0.0,0.0,0.0,0.0,0.0,0.0,0.0,0.0,0.0,0.0,0.0,0.0,0.0,1.0E-4,18690.0,9.55E25,5519.0,1509.0,159.6,202700.0,1514.0,8913.0,3953.0,4190.0,2923.0,0.3328,279.5,60.34,155.5,15.14,5.305,0.1589,3.147,1.14,0.6459,0.2241,0.004111,1651.0,138.4,28.75,1.913,0.304,6.092E-4,0.0133,0.004803,0.002613,5.83E-4,19.43,0.2849,1.591,5.177,5.986,0.3331,0.1973,3.037,1.099,0.5999,0.1497,0.0,0.0,0.0,0.0,0.0,0.0,0.0,0.0,0.0,0.0,0.0,0.4574,0.01909,2.392,0.5005,0.09595,1.123,0.3614,1.966,0.8902,0.8437,0.2028,6.674E-6,3.92E-6,7.5E-4,1.058E-4,9.706E-6,1.206E-4,4.776E-6,2.356E-5,1.065E-5,1.037E-5,3.278E-6,
0.0,0.0,0.0,0.0,0.0,0.0,0.0,0.0,0.0,0.0,0.0,0.0,0.0,0.0,0.0,0.0,0.0,0.0,0.0,0.0,0.0,0.0,2.8E-6,0.001884,0.02601,3.258,0.8866,0.05531,0.03182,6.677E-4,0.01337,0.005881,0.004998,3.788E-4,0.0,0.0,0.0,0.0,0.0,0.0,0.0,0.0,0.0,0.0,0.0,0.0,0.0,0.0,0.0,0.0,0.0,0.0,0.0,0.0,0.0,0.0,2.2969999999999996E-22,0.0,7.043,0.857,0.1101,0.0,0.003444,0.9713,0.003443,0.00497,0.00668,0.0,0.0,0.0,0.0,0.0,0.0,0.0,0.0,0.0,0.0,0.0,0.0,0.0,0.0,0.0,0.0,0.0,0.0,0.0,0.0,0.0,0.0,0.0,0.0,0.0,0.0,0.0,0.0,0.0,0.0,0.0,0.0,0.0,0.0,0.0,0.0,0.0,0.0,0.0,0.0,0.0,0.0,0.0,0.0,0.0,0.0,1.0E-4,18680.0,9.55E25,5505.0,1521.0,161.5,202700.0,1539.0,8920.0,3873.0,4257.0,3006.0,0.3328,279.5,60.23,155.5,15.33,5.305,0.1676,3.152,1.124,0.6511,0.2217,0.004111,1651.0,137.9,29.24,1.931,0.304,6.462E-4,0.01332,0.004733,0.002633,5.765E-4,19.43,0.2849,1.587,5.174,5.994,0.3331,0.2058,3.041,1.083,0.6048,0.1482,0.0,0.0,0.0,0.0,0.0,0.0,0.0,0.0,0.0,0.0,0.0,0.4574,0.01909,2.386,0.5045,0.09788,1.123,0.367,1.968,0.8706,0.8602,0.1984,6.673E-6,3.92E-6,7.478E-4,1.077E-4,9.901E-6,1.206E-4,4.843E-6,2.358E-5,1.042E-5,1.056E-5,3.23E-6,
0.0,0.0,0.0,0.0,0.0,0.0,0.0,0.0,0.0,0.0,0.0,0.0,0.0,0.0,0.0,0.0,0.0,0.0,0.0,0.0,0.0,0.0,2.8E-6,0.001884,0.02601,3.258,0.8866,0.05531,0.03182,6.82E-4,0.01335,0.005788,0.005097,3.77E-4,0.0,0.0,0.0,0.0,0.0,0.0,0.0,0.0,0.0,0.0,0.0,0.0,0.0,0.0,0.0,0.0,0.0,0.0,0.0,0.0,0.0,0.0,2.2969999999999996E-22,0.0,7.043,0.857,0.1101,0.0,0.003444,0.9713,0.003443,0.00497,0.00668,0.0,0.0,0.0,0.0,0.0,0.0,0.0,0.0,0.0,0.0,0.0,0.0,0.0,0.0,0.0,0.0,0.0,0.0,0.0,0.0,0.0,0.0,0.0,0.0,0.0,0.0,0.0,0.0,0.0,0.0,0.0,0.0,0.0,0.0,0.0,0.0,0.0,0.0,0.0,0.0,0.0,0.0,0.0,0.0,0.0,0.0,1.0E-4,18710.0,9.55E25,5475.0,1552.0,161.5,202700.0,1549.0,8909.0,3820.0,4334.0,2962.0,0.3328,279.5,60.23,155.5,15.33,5.305,0.1725,3.148,1.12,0.6563,0.2187,0.004111,1651.0,137.9,29.24,1.931,0.304,6.669E-4,0.0133,0.004716,0.002652,5.676E-4,19.43,0.2849,1.587,5.174,5.994,0.3331,0.2104,3.038,1.079,0.6097,0.1458,0.0,0.0,0.0,0.0,0.0,0.0,0.0,0.0,0.0,0.0,0.0,0.4574,0.01909,2.383,0.5072,0.09788,1.123,0.3692,1.965,0.8576,0.8767,0.1954,6.673E-6,3.92E-6,7.473E-4,1.082E-4,9.901E-6,1.206E-4,4.868E-6,2.355E-5,1.027E-5,1.076E-5,3.192E-6,
0.0,0.0,0.0,0.0,0.0,0.0,0.0,0.0,0.0,0.0,0.0,0.0,0.0,0.0,0.0,0.0,0.0,0.0,0.0,0.0,0.0,0.0,2.8E-6,0.001884,0.02601,3.258,0.8855,0.05646,0.03182,6.989E-4,0.01334,0.005862,0.00502,3.72E-4,0.0,0.0,0.0,0.0,0.0,0.0,0.0,0.0,0.0,0.0,0.0,0.0,0.0,0.0,0.0,0.0,0.0,0.0,0.0,0.0,0.0,0.0,2.2969999999999996E-22,0.0,7.043,0.857,0.1101,0.0,0.003444,0.9713,0.003443,0.00497,0.00668,0.0,0.0,0.0,0.0,0.0,0.0,0.0,0.0,0.0,0.0,0.0,0.0,0.0,0.0,0.0,0.0,0.0,0.0,0.0,0.0,0.0,0.0,0.0,0.0,0.0,0.0,0.0,0.0,0.0,0.0,0.0,0.0,0.0,0.0,0.0,0.0,0.0,0.0,0.0,0.0,0.0,0.0,0.0,0.0,0.0,0.0,1.0E-4,18700.0,9.55E25,5469.0,1556.0,162.8,202700.0,1559.0,8904.0,3869.0,4322.0,2983.0,0.3328,279.5,60.23,155.3,15.51,5.305,0.1777,3.145,1.118,0.6662,0.2089,0.004111,1651.0,137.9,29.23,1.947,0.304,6.89E-4,0.01329,0.004708,0.002664,5.556E-4,19.43,0.2849,1.587,5.167,6.001,0.3331,0.2155,3.034,1.077,0.6134,0.1421,0.0,0.0,0.0,0.0,0.0,0.0,0.0,0.0,0.0,0.0,0.0,0.4573,0.01909,2.382,0.5069,0.09953,1.123,0.3716,1.964,0.8686,0.8717,0.1882,6.672E-6,3.92E-6,7.469E-4,1.084E-4,1.008E-5,1.206E-4,4.897E-6,2.354E-5,1.04E-5,1.078E-5,3.025E-6,
0.0,0.0,0.0,0.0,0.0,0.0,0.0,0.0,0.0,0.0,0.0,0.0,0.0,0.0,0.0,0.0,0.0,0.0,0.0,0.0,0.0,0.0,2.8E-6,0.001884,0.02601,3.258,0.8856,0.05646,0.03228,7.332E-4,0.01333,0.00584,0.00502,3.721E-4,0.0,0.0,0.0,0.0,0.0,0.0,0.0,0.0,0.0,0.0,0.0,0.0,0.0,0.0,0.0,0.0,0.0,0.0,0.0,0.0,0.0,0.0,2.2969999999999996E-22,0.0,7.043,0.857,0.1101,0.0,0.003444,0.9713,0.003443,0.00497,0.00668,0.0,0.0,0.0,0.0,0.0,0.0,0.0,0.0,0.0,0.0,0.0,0.0,0.0,0.0,0.0,0.0,0.0,0.0,0.0,0.0,0.0,0.0,0.0,0.0,0.0,0.0,0.0,0.0,0.0,0.0,0.0,0.0,0.0,0.0,0.0,0.0,0.0,0.0,0.0,0.0,0.0,0.0,0.0,0.0,0.0,0.0,1.0E-4,18700.0,9.55E25,5405.0,1559.0,162.8,202700.0,1580.0,8896.0,3855.0,4323.0,2982.0,0.3328,279.5,60.01,155.5,15.51,5.331,0.1876,3.141,1.112,0.6661,0.2089,0.004111,1651.0,137.9,29.23,1.947,0.3046,7.311E-4,0.01327,0.004682,0.002664,5.557E-4,19.43,0.2849,1.585,5.168,6.001,0.3339,0.2251,3.031,1.072,0.6133,0.1422,0.0,0.0,0.0,0.0,0.0,0.0,0.0,0.0,0.0,0.0,0.0,0.4573,0.01909,2.323,0.5078,0.09953,1.181,0.3766,1.962,0.8654,0.8719,0.1881,6.672E-6,3.92E-6,7.417E-4,1.088E-4,1.008E-5,1.254E-4,4.955E-6,2.352E-5,1.036E-5,1.078E-5,3.024E-6,
0.0,0.0,0.0,0.0,0.0,0.0,0.0,0.0,0.0,0.0,0.0,0.0,0.0,0.0,0.0,0.0,0.0,0.0,0.0,0.0,0.0,0.0,2.8E-6,0.001884,0.02601,3.258,0.8856,0.05646,0.03228,7.769E-4,0.01332,0.005703,0.005111,3.834E-4,0.0,0.0,0.0,0.0,0.0,0.0,0.0,0.0,0.0,0.0,0.0,0.0,0.0,0.0,0.0,0.0,0.0,0.0,0.0,0.0,0.0,0.0,2.2969999999999996E-22,0.0,7.043,0.857,0.1102,0.0,0.003477,0.971,0.003475,0.005017,0.006742,0.0,0.0,0.0,0.0,0.0,0.0,0.0,0.0,0.0,0.0,0.0,0.0,0.0,0.0,0.0,0.0,0.0,0.0,0.0,0.0,0.0,0.0,0.0,0.0,0.0,0.0,0.0,0.0,0.0,0.0,0.0,0.0,0.0,0.0,0.0,0.0,0.0,0.0,0.0,0.0,0.0,0.0,0.0,0.0,0.0,0.0,1.0E-4,18700.0,9.55E25,5405.0,1559.0,163.3,202700.0,1608.0,8890.0,3770.0,4386.0,2981.0,0.3328,279.5,60.01,155.5,15.51,5.331,0.201,3.137,1.102,0.6665,0.2101,0.004111,1651.0,137.9,29.23,1.947,0.3046,7.878E-4,0.01326,0.004636,0.002664,5.627E-4,19.43,0.2849,1.585,5.168,6.001,0.3339,0.2381,3.026,1.061,0.6137,0.1435,0.0,0.0,0.0,0.0,0.0,0.0,0.0,0.0,0.0,0.0,0.0,0.4573,0.01909,2.323,0.5079,0.09966,1.181,0.3829,1.961,0.8456,0.8861,0.1886,6.672E-6,3.92E-6,7.417E-4,1.088E-4,1.008E-5,1.254E-4,5.03E-6,2.35E-5,1.013E-5,1.095E-5,3.027E-6,
0.0,0.0,0.0,0.0,0.0,0.0,0.0,0.0,0.0,0.0,0.0,0.0,0.0,0.0,0.0,0.0,0.0,0.0,0.0,0.0,0.0,0.0,2.8E-6,0.001884,0.02601,3.258,0.8854,0.0566,0.03228,8.227E-4,0.01333,0.005741,0.005021,3.828E-4,0.0,0.0,0.0,0.0,0.0,0.0,0.0,0.0,0.0,0.0,0.0,0.0,0.0,0.0,0.0,0.0,0.0,0.0,0.0,0.0,0.0,0.0,2.2969999999999996E-22,0.0,7.043,0.857,0.1102,0.0,0.003477,0.971,0.003475,0.005017,0.006742,0.0,0.0,0.0,0.0,0.0,0.0,0.0,0.0,0.0,0.0,0.0,0.0,0.0,0.0,0.0,0.0,0.0,0.0,0.0,0.0,0.0,0.0,0.0,0.0,0.0,0.0,0.0,0.0,0.0,0.0,0.0,0.0,0.0,0.0,0.0,0.0,0.0,0.0,0.0,0.0,0.0,0.0,0.0,0.0,0.0,0.0,1.0E-4,19500.0,9.55E25,5405.0,1547.0,175.7,202700.0,1637.0,8893.0,3808.0,4320.0,2177.0,0.358,279.5,60.01,154.8,16.14,5.331,0.2144,3.139,1.089,0.6657,0.1827,0.004111,1651.0,137.9,29.22,1.949,0.3046,8.446E-4,0.01327,0.004579,0.002654,5.623E-4,19.43,0.2849,1.585,5.157,6.011,0.3339,0.2511,3.029,1.048,0.6117,0.1427,0.0,0.0,0.0,0.0,0.0,0.0,0.0,0.0,0.0,0.0,0.0,0.4614,0.01909,2.323,0.507,0.1005,1.181,0.3896,1.962,0.8533,0.8713,0.1841,7.244E-6,3.92E-6,7.417E-4,1.087E-4,1.022E-5,1.254E-4,5.108E-6,2.351E-5,1.022E-5,1.08E-5,2.428E-6,
0.0,0.0,0.0,0.0,0.0,0.0,0.0,0.0,0.0,0.0,0.0,0.0,0.0,0.0,0.0,0.0,0.0,0.0,0.0,0.0,0.0,0.0,2.8E-6,0.001884,0.02601,3.258,0.8854,0.0566,0.03228,8.609E-4,0.01331,0.005726,0.005012,3.834E-4,0.0,0.0,0.0,0.0,0.0,0.0,0.0,0.0,0.0,0.0,0.0,0.0,0.0,0.0,0.0,0.0,0.0,0.0,0.0,0.0,0.0,0.0,2.2969999999999996E-22,0.0,7.043,0.857,0.1102,0.0,0.003477,0.971,0.003475,0.005017,0.006742,0.0,0.0,0.0,0.0,0.0,0.0,0.0,0.0,0.0,0.0,0.0,0.0,0.0,0.0,0.0,0.0,0.0,0.0,0.0,0.0,0.0,0.0,0.0,0.0,0.0,0.0,0.0,0.0,0.0,0.0,0.0,0.0,0.0,0.0,0.0,0.0,0.0,0.0,0.0,0.0,0.0,0.0,0.0,0.0,0.0,0.0,1.0E-4,19500.0,9.55E25,5405.0,1547.0,175.7,202700.0,1663.0,8885.0,3817.0,4304.0,2193.0,0.358,279.5,60.01,154.8,16.14,5.331,0.2233,3.134,1.089,0.662,0.1827,0.004111,1651.0,137.9,29.23,1.949,0.3046,8.822E-4,0.01324,0.004565,0.002653,5.624E-4,19.43,0.2849,1.585,5.157,6.011,0.3339,0.2597,3.024,1.045,0.6111,0.1427,0.0,0.0,0.0,0.0,0.0,0.0,0.0,0.0,0.0,0.0,0.0,0.4614,0.01909,2.323,0.507,0.1005,1.181,0.3954,1.96,0.8553,0.8653,0.1844,7.244E-6,3.92E-6,7.417E-4,1.087E-4,1.022E-5,1.254E-4,5.177E-6,2.349E-5,1.027E-5,1.071E-5,2.43E-6,
0.0,0.0,0.0,0.0,0.0,0.0,0.0,0.0,0.0,0.0,0.0,0.0,0.0,0.0,0.0,0.0,0.0,0.0,0.0,0.0,0.0,0.0,2.8E-6,0.001883,0.02601,3.255,0.8882,0.0566,0.03228,8.982E-4,0.01333,0.005681,0.005008,3.815E-4,0.0,0.0,0.0,0.0,0.0,0.0,0.0,0.0,0.0,0.0,0.0,0.0,0.0,0.0,0.0,0.0,0.0,0.0,0.0,0.0,0.0,0.0,2.296E-22,0.0,7.043,0.857,0.1102,0.0,0.003509,0.9707,0.003508,0.005064,0.006806,0.0,0.0,0.0,0.0,0.0,0.0,0.0,0.0,0.0,0.0,0.0,0.0,0.0,0.0,0.0,0.0,0.0,0.0,0.0,0.0,0.0,0.0,0.0,0.0,0.0,0.0,0.0,0.0,0.0,0.0,0.0,0.0,0.0,0.0,0.0,0.0,0.0,0.0,0.0,0.0,0.0,0.0,0.0,0.0,0.0,0.0,1.0E-4,19500.0,9.55E25,5391.0,1560.0,176.3,202700.0,1687.0,8894.0,3820.0,4294.0,2257.0,0.358,279.5,60.0,154.9,16.14,5.331,0.2325,3.134,1.082,0.6625,0.1793,0.004111,1651.0,137.9,29.27,1.949,0.3046,9.211E-4,0.01324,0.004529,0.002654,5.581E-4,19.43,0.2849,1.585,5.158,6.012,0.3339,0.2685,3.024,1.039,0.6093,0.1412,0.0,0.0,0.0,0.0,0.0,0.0,0.0,0.0,0.0,0.0,0.0,0.4614,0.01909,2.31,0.5201,0.1007,1.181,0.4009,1.962,0.8528,0.8634,0.1811,7.244E-6,3.92E-6,7.402E-4,1.102E-4,1.022E-5,1.254E-4,5.242E-6,2.351E-5,1.032E-5,1.063E-5,2.363E-6,
0.0,0.0,0.0,0.0,0.0,0.0,0.0,0.0,0.0,0.0,0.0,0.0,0.0,0.0,0.0,0.0,0.0,0.0,0.0,0.0,0.0,0.0,2.8E-6,0.001883,0.02601,3.255,0.8882,0.05658,0.03228,0.002302,0.01159,0.006068,0.004973,3.857E-4,0.0,0.0,0.0,0.0,0.0,0.0,0.0,0.0,0.0,0.0,0.0,0.0,0.0,0.0,0.0,0.0,0.0,0.0,0.0,0.0,0.0,0.0,2.296E-22,0.0,7.043,0.8568,0.1087,0.0,0.1276,0.8159,0.0383,0.004141,0.005565,0.0,0.0,0.0,0.0,0.0,0.0,0.0,0.0,0.0,0.0,0.0,0.0,0.0,0.0,0.0,0.0,0.0,0.0,0.0,0.0,0.0,0.0,0.0,0.0,0.0,0.0,0.0,0.0,0.0,0.0,0.0,0.0,0.0,0.0,0.0,0.0,0.0,0.0,0.0,0.0,0.0,0.0,0.0,0.0,0.0,0.0,1.0E-4,19500.0,9.55E25,5390.0,1559.0,165.1,202700.0,2582.0,7790.0,4064.0,4271.0,2258.0,0.358,279.5,60.0,154.9,16.14,5.331,0.5482,2.744,1.166,0.6596,0.1768,0.004111,1651.0,137.9,29.27,1.949,0.3046,0.00226,0.01159,0.004886,0.002642,5.474E-4,19.43,0.2849,1.584,5.157,6.008,0.3339,0.5738,2.646,1.121,0.6066,0.1387,0.0,0.0,0.0,0.0,0.0,0.0,0.0,0.0,0.0,0.0,0.0,0.4614,0.01909,2.31,0.5198,0.09809,1.181,0.6067,1.707,0.9093,0.8581,0.1817,7.244E-6,3.92E-6,7.402E-4,1.102E-4,1.019E-5,1.254E-4,7.664E-6,2.052E-5,1.099E-5,1.057E-5,2.369E-6,
0.0,0.0,0.0,0.0,0.0,0.0,0.0,0.0,0.0,0.0,0.0,0.0,0.0,0.0,0.0,0.0,0.0,0.0,0.0,0.0,0.0,0.0,2.8E-6,0.001883,0.02601,3.243,0.8984,0.05844,0.03228,0.001019,0.01277,0.006118,0.004987,4.029E-4,0.0,0.0,0.0,0.0,0.0,0.0,0.0,0.0,0.0,0.0,0.0,0.0,0.0,0.0,0.0,0.0,0.0,0.0,0.0,0.0,0.0,0.0,2.296E-22,0.0,7.043,0.857,0.1103,0.0,0.005329,0.9248,0.04739,0.005123,0.006884,0.0,0.0,0.0,0.0,0.0,0.0,0.0,0.0,0.0,0.0,0.0,0.0,0.0,0.0,0.0,0.0,0.0,0.0,0.0,0.0,0.0,0.0,0.0,0.0,0.0,0.0,0.0,0.0,0.0,0.0,0.0,0.0,0.0,0.0,0.0,0.0,0.0,0.0,0.0,0.0,0.0,0.0,0.0,0.0,0.0,0.0,1.0E-4,19500.0,9.55E25,5372.0,1576.0,179.6,202700.0,1763.0,8539.0,4099.0,4302.0,2265.0,0.358,279.5,59.95,154.9,16.14,5.331,0.2521,3.023,1.173,0.6649,0.1773,0.004111,1651.0,137.9,29.28,1.95,0.3046,0.001004,0.01277,0.004915,0.00266,5.541E-4,19.43,0.2849,1.585,5.158,6.012,0.3339,0.2875,2.916,1.127,0.6112,0.1398,0.0,0.0,0.0,0.0,0.0,0.0,0.0,0.0,0.0,0.0,0.0,0.4614,0.01909,2.303,0.5257,0.1017,1.181,0.4185,1.88,0.917,0.8638,0.1808,7.243E-6,3.92E-6,7.376E-4,1.125E-4,1.063E-5,1.254E-4,5.449E-6,2.255E-5,1.108E-5,1.064E-5,2.355E-6,
0.0,0.0,0.0,0.0,0.0,0.0,0.0,0.0,0.0,0.0,0.0,0.0,0.0,0.0,0.0,0.0,0.0,0.0,0.0,0.0,0.0,0.0,2.8E-6,0.001883,0.02601,3.227,0.9141,0.05901,0.03228,0.001044,0.01277,0.006097,0.004991,3.925E-4,0.0,0.0,0.0,0.0,0.0,0.0,0.0,0.0,0.0,0.0,0.0,0.0,0.0,0.0,0.0,0.0,0.0,0.0,0.0,0.0,0.0,0.0,2.296E-22,0.0,7.043,0.857,0.1103,0.0,0.005329,0.9248,0.04739,0.005123,0.006884,0.0,0.0,0.0,0.0,0.0,0.0,0.0,0.0,0.0,0.0,0.0,0.0,0.0,0.0,0.0,0.0,0.0,0.0,0.0,0.0,0.0,0.0,0.0,0.0,0.0,0.0,0.0,0.0,0.0,0.0,0.0,0.0,0.0,0.0,0.0,0.0,0.0,0.0,0.0,0.0,0.0,0.0,0.0,0.0,0.0,0.0,1.0E-4,19500.0,9.55E25,5365.0,1581.0,181.7,202700.0,1779.0,8541.0,4097.0,4294.0,2257.0,0.358,279.5,59.86,154.8,16.32,5.331,0.2588,3.022,1.172,0.6607,0.1773,0.004111,1651.0,137.4,29.72,1.966,0.3046,0.001033,0.01277,0.004904,0.002645,5.541E-4,19.43,0.2849,1.581,5.155,6.019,0.3339,0.294,2.915,1.125,0.6075,0.1398,0.0,0.0,0.0,0.0,0.0,0.0,0.0,0.0,0.0,0.0,0.0,0.4614,0.01909,2.3,0.5278,0.1033,1.181,0.4222,1.88,0.9159,0.8625,0.179,7.243E-6,3.92E-6,7.36E-4,1.138E-4,1.087E-5,1.254E-4,5.493E-6,2.255E-5,1.107E-5,1.062E-5,2.334E-6,
0.0,0.0,0.0,0.0,0.0,0.0,0.0,0.0,0.0,0.0,0.0,0.0,0.0,0.0,0.0,0.0,0.0,0.0,0.0,0.0,0.0,0.0,2.8E-6,0.001883,0.02601,3.191,0.9499,0.05902,0.03228,0.009966,0.003892,0.006066,0.004976,3.945E-4,0.0,0.0,0.0,0.0,0.0,0.0,0.0,0.0,0.0,0.0,0.0,0.0,0.0,0.0,0.0,0.0,0.0,0.0,0.0,0.0,0.0,0.0,2.296E-22,0.0,7.043,0.8571,0.1104,0.0,0.7427,0.1867,0.04784,0.005172,0.00695,0.0,0.0,0.0,0.0,0.0,0.0,0.0,0.0,0.0,0.0,0.0,0.0,0.0,0.0,0.0,0.0,0.0,0.0,0.0,0.0,0.0,0.0,0.0,0.0,0.0,0.0,0.0,0.0,0.0,0.0,0.0,0.0,0.0,0.0,0.0,0.0,0.0,0.0,0.0,0.0,0.0,0.0,0.0,0.0,0.0,0.0,1.0E-4,19500.0,9.55E25,5347.0,1599.0,182.3,202700.0,7465.0,2885.0,4078.0,4291.0,2329.0,0.358,279.5,59.63,155.0,16.32,5.331,2.309,0.9821,1.161,0.6644,0.1738,0.004111,1651.0,136.3,30.83,1.966,0.3046,0.009727,0.004116,0.004859,0.00265,5.497E-4,19.43,0.2849,1.572,5.164,6.019,0.3339,2.276,0.9428,1.115,0.6086,0.1391,0.0,0.0,0.0,0.0,0.0,0.0,0.0,0.0,0.0,0.0,0.0,0.4613,0.01909,2.29,0.5369,0.1034,1.181,1.73,0.5794,0.9114,0.8591,0.1803,7.243E-6,3.92E-6,7.321E-4,1.177E-4,1.087E-5,1.254E-4,2.089E-5,7.239E-6,1.101E-5,1.063E-5,2.304E-6,
0.0,0.0,0.0,0.0,0.0,0.0,0.0,0.0,0.0,0.0,0.0,0.0,0.0,0.0,0.0,0.0,0.0,0.0,0.0,0.0,0.0,0.0,2.8E-6,0.001883,0.02601,3.191,0.9499,0.05902,0.03228,0.009996,0.003871,0.006038,0.005002,3.864E-4,0.0,0.0,0.0,0.0,0.0,0.0,0.0,0.0,0.0,0.0,0.0,0.0,0.0,0.0,0.0,0.0,0.0,0.0,0.0,0.0,0.0,0.0,2.296E-22,0.0,7.043,0.8571,0.1104,0.0,0.7427,0.1867,0.04784,0.005172,0.00695,0.0,0.0,0.0,0.0,0.0,0.0,0.0,0.0,0.0,0.0,0.0,0.0,0.0,0.0,0.0,0.0,0.0,0.0,0.0,0.0,0.0,0.0,0.0,0.0,0.0,0.0,0.0,0.0,0.0,0.0,0.0,0.0,0.0,0.0,0.0,0.0,0.0,0.0,0.0,0.0,0.0,0.0,0.0,0.0,0.0,0.0,1.0E-4,19500.0,9.55E25,5314.0,1633.0,182.3,202700.0,7483.0,2870.0,4061.0,4333.0,2386.0,0.358,279.5,59.63,155.0,16.32,5.331,2.318,0.9832,1.153,0.6654,0.171,0.004111,1651.0,136.3,30.83,1.966,0.3046,0.009764,0.004121,0.004825,0.00265,5.418E-4,19.43,0.2849,1.572,5.164,6.019,0.3339,2.285,0.944,1.107,0.609,0.137,0.0,0.0,0.0,0.0,0.0,0.0,0.0,0.0,0.0,0.0,0.0,0.4613,0.01909,2.29,0.5375,0.1034,1.181,1.734,0.5762,0.9073,0.8665,0.1759,7.242E-6,3.92E-6,7.32E-4,1.178E-4,1.087E-5,1.254E-4,2.093E-5,7.201E-6,1.097E-5,1.072E-5,2.252E-6,
0.0,0.0,0.0,0.0,0.0,0.0,0.0,0.0,0.0,0.0,0.0,0.0,0.0,0.0,0.0,0.0,0.0,0.0,0.0,0.0,0.0,0.0,2.8E-6,0.001883,0.02601,3.187,0.9538,0.05902,0.03228,0.0101,0.003911,0.005903,0.004994,3.892E-4,0.0,0.0,0.0,0.0,0.0,0.0,0.0,0.0,0.0,0.0,0.0,0.0,0.0,0.0,0.0,0.0,0.0,0.0,0.0,0.0,0.0,0.0,2.296E-22,0.0,7.043,0.8571,0.1105,0.0,0.7499,0.1886,0.03859,0.005222,0.007018,0.0,0.0,0.0,0.0,0.0,0.0,0.0,0.0,0.0,0.0,0.0,0.0,0.0,0.0,0.0,0.0,0.0,0.0,0.0,0.0,0.0,0.0,0.0,0.0,0.0,0.0,0.0,0.0,0.0,0.0,0.0,0.0,0.0,0.0,0.0,0.0,0.0,0.0,0.0,0.0,0.0,0.0,0.0,0.0,0.0,0.0,1.0E-4,19500.0,9.55E25,5311.0,1636.0,182.9,202700.0,7546.0,2895.0,3976.0,4329.0,2415.0,0.358,279.5,59.44,155.2,16.32,5.331,2.341,0.9926,1.12,0.6655,0.1711,0.004111,1651.0,136.2,30.92,1.966,0.3046,0.009862,0.004161,0.004684,0.002651,5.426E-4,19.43,0.2849,1.569,5.166,6.019,0.3339,2.307,0.953,1.075,0.6091,0.1372,0.0,0.0,0.0,0.0,0.0,0.0,0.0,0.0,0.0,0.0,0.0,0.4613,0.01909,2.289,0.5386,0.1036,1.181,1.749,0.5821,0.8877,0.8651,0.1764,7.242E-6,3.92E-6,7.316E-4,1.182E-4,1.087E-5,1.254E-4,2.111E-5,7.27E-6,1.073E-5,1.07E-5,2.257E-6,
0.0,0.0,0.0,0.0,0.0,0.0,0.0,0.0,0.0,0.0,0.0,0.0,0.0,0.0,0.0,0.0,0.0,0.0,0.0,0.0,0.0,0.0,2.8E-6,0.0019,0.02601,3.187,0.9494,0.06341,0.03228,0.01009,0.003937,0.005875,0.005005,3.697E-4,0.0,0.0,0.0,0.0,0.0,0.0,0.0,0.0,0.0,0.0,0.0,0.0,0.0,0.0,0.0,0.0,0.0,0.0,0.0,0.0,0.0,0.0,2.296E-22,0.0,7.043,0.8571,0.1106,0.0,0.7475,0.1904,0.03897,0.005273,0.007087,0.0,0.0,0.0,0.0,0.0,0.0,0.0,0.0,0.0,0.0,0.0,0.0,0.0,0.0,0.0,0.0,0.0,0.0,0.0,0.0,0.0,0.0,0.0,0.0,0.0,0.0,0.0,0.0,0.0,0.0,0.0,0.0,0.0,0.0,0.0,0.0,0.0,0.0,0.0,0.0,0.0,0.0,0.0,0.0,0.0,0.0,1.0E-4,19530.0,9.55E25,5311.0,1634.0,185.5,202700.0,7541.0,2916.0,3953.0,4342.0,2398.0,0.3658,279.5,59.44,155.0,16.54,5.331,2.343,1.003,1.11,0.6634,0.1623,0.004139,1651.0,136.2,30.58,2.312,0.3046,0.009871,0.004206,0.004643,0.002641,5.114E-4,19.44,0.2849,1.569,5.157,6.029,0.3339,2.309,0.9633,1.065,0.6068,0.1298,0.0,0.0,0.0,0.0,0.0,0.0,0.0,0.0,0.0,0.0,0.0,0.4664,0.01909,2.289,0.5378,0.1045,1.181,1.747,0.5866,0.8827,0.8688,0.1689,7.306E-6,3.92E-6,7.316E-4,1.179E-4,1.115E-5,1.254E-4,2.109E-5,7.322E-6,1.068E-5,1.074E-5,2.174E-6,
0.0,0.0,0.0,0.0,0.0,0.0,0.0,0.0,0.0,0.0,0.0,0.0,0.0,0.0,0.0,0.0,0.0,0.0,0.0,0.0,0.0,0.0,2.8E-6,0.0019,0.02601,3.167,0.9698,0.06341,0.03228,0.01011,0.003949,0.005852,0.004993,3.722E-4,0.0,0.0,0.0,0.0,0.0,0.0,0.0,0.0,0.0,0.0,0.0,0.0,0.0,0.0,0.0,0.0,0.0,0.0,0.0,0.0,0.0,0.0,2.296E-22,0.0,7.043,0.8571,0.1106,0.0,0.7475,0.1904,0.03897,0.005273,0.007087,0.0,0.0,0.0,0.0,0.0,0.0,0.0,0.0,0.0,0.0,0.0,0.0,0.0,0.0,0.0,0.0,0.0,0.0,0.0,0.0,0.0,0.0,0.0,0.0,0.0,0.0,0.0,0.0,0.0,0.0,0.0,0.0,0.0,0.0,0.0,0.0,0.0,0.0,0.0,0.0,0.0,0.0,0.0,0.0,0.0,0.0,1.0E-4,19530.0,9.55E25,5295.0,1650.0,185.5,202700.0,7554.0,2923.0,3950.0,4332.0,2406.0,0.3658,279.5,59.07,155.4,16.54,5.331,2.346,1.009,1.103,0.6612,0.1623,0.004139,1651.0,135.5,31.3,2.312,0.3046,0.009886,0.00423,0.004609,0.002635,5.114E-4,19.44,0.2849,1.561,5.166,6.029,0.3339,2.313,0.969,1.058,0.6052,0.1298,0.0,0.0,0.0,0.0,0.0,0.0,0.0,0.0,0.0,0.0,0.0,0.4664,0.01909,2.281,0.5457,0.1045,1.181,1.75,0.5882,0.8822,0.8643,0.1693,7.306E-6,3.92E-6,7.283E-4,1.212E-4,1.115E-5,1.254E-4,2.113E-5,7.342E-6,1.067E-5,1.068E-5,2.18E-6,
0.0,0.0,0.0,0.0,0.0,0.0,0.0,0.0,0.0,0.0,0.0,0.0,0.0,0.0,0.0,0.0,0.0,0.0,0.0,0.0,0.0,0.0,2.8E-6,0.0019,0.02601,3.167,0.9698,0.06341,0.03228,0.0102,0.003898,0.005428,0.005398,3.463E-4,0.0,0.0,0.0,0.0,0.0,0.0,0.0,0.0,0.0,0.0,0.0,0.0,0.0,0.0,0.0,0.0,0.0,0.0,0.0,0.0,0.0,0.0,2.296E-22,0.0,7.043,0.8571,0.1107,0.0,0.7549,0.1824,0.03936,0.005326,0.007157,0.0,0.0,0.0,0.0,0.0,0.0,0.0,0.0,0.0,0.0,0.0,0.0,0.0,0.0,0.0,0.0,0.0,0.0,0.0,0.0,0.0,0.0,0.0,0.0,0.0,0.0,0.0,0.0,0.0,0.0,0.0,0.0,0.0,0.0,0.0,0.0,0.0,0.0,0.0,0.0,0.0,0.0,0.0,0.0,0.0,0.0,1.0E-4,19530.0,9.55E25,5295.0,1649.0,186.5,202700.0,7615.0,2889.0,3693.0,4637.0,2330.0,0.3658,279.5,59.07,155.4,16.54,5.331,2.37,0.9957,1.091,0.6717,0.1533,0.004139,1651.0,135.5,31.3,2.312,0.3046,0.009986,0.004173,0.004554,0.002676,4.806E-4,19.44,0.2849,1.561,5.166,6.029,0.3339,2.335,0.9559,1.045,0.6148,0.1228,0.0,0.0,0.0,0.0,0.0,0.0,0.0,0.0,0.0,0.0,0.0,0.4664,0.01909,2.281,0.5457,0.1046,1.181,1.764,0.5806,0.8213,0.9345,0.1535,7.306E-6,3.92E-6,7.283E-4,1.212E-4,1.115E-5,1.254E-4,2.129E-5,7.252E-6,9.956E-6,1.146E-5,2.04E-6,
0.0,0.0,0.0,0.0,0.0,0.0,0.0,0.0,0.0,0.0,0.0,0.0,0.0,0.0,0.0,0.0,0.0,0.0,0.0,0.0,0.0,0.0,2.8E-6,0.0019,0.02601,3.13,0.9732,0.06422,0.06457,0.01024,0.003885,0.005257,0.005544,3.491E-4,0.0,0.0,0.0,0.0,0.0,0.0,0.0,0.0,0.0,0.0,0.0,0.0,0.0,0.0,0.0,0.0,0.0,0.0,0.0,0.0,0.0,0.0,2.296E-22,0.0,7.043,0.8571,0.1107,0.0,0.7549,0.1824,0.03936,0.005326,0.007157,0.0,0.0,0.0,0.0,0.0,0.0,0.0,0.0,0.0,0.0,0.0,0.0,0.0,0.0,0.0,0.0,0.0,0.0,0.0,0.0,0.0,0.0,0.0,0.0,0.0,0.0,0.0,0.0,0.0,0.0,0.0,0.0,0.0,0.0,0.0,0.0,0.0,0.0,0.0,0.0,0.0,0.0,0.0,0.0,0.0,0.0,1.0E-4,19530.0,9.55E25,5257.0,1657.0,188.1,202800.0,7638.0,2881.0,3589.0,4741.0,2312.0,0.3658,279.5,58.86,155.6,16.54,5.354,2.38,0.9937,1.085,0.6721,0.1511,0.004139,1651.0,135.0,31.78,2.312,0.3053,0.01003,0.004164,0.004527,0.002678,4.743E-4,19.44,0.2849,1.555,5.17,6.029,0.3347,2.345,0.954,1.039,0.6152,0.1211,0.0,0.0,0.0,0.0,0.0,0.0,0.0,0.0,0.0,0.0,0.0,0.4664,0.01909,2.221,0.5494,0.105,1.237,1.77,0.5787,0.7971,0.9568,0.1521,7.306E-6,3.92E-6,7.228E-4,1.227E-4,1.133E-5,1.293E-4,2.135E-5,7.229E-6,9.672E-6,1.172E-5,2.022E-6,
0.0,0.0,0.0,0.0,0.0,0.0,0.0,0.0,0.0,0.0,0.0,0.0,0.0,0.0,0.0,0.0,0.0,0.0,0.0,0.0,0.0,0.0,2.8E-6,0.0019,0.02601,3.13,0.9732,0.06422,0.06457,0.01028,0.005088,0.004017,0.005522,3.714E-4,0.0,0.0,0.0,0.0,0.0,0.0,0.0,0.0,0.0,0.0,0.0,0.0,0.0,0.0,0.0,0.0,0.0,0.0,0.0,0.0,0.0,0.0,2.296E-22,0.0,7.043,0.8571,0.1107,0.0,0.7549,0.1824,0.03936,0.005326,0.007157,0.0,0.0,0.0,0.0,0.0,0.0,0.0,0.0,0.0,0.0,0.0,0.0,0.0,0.0,0.0,0.0,0.0,0.0,0.0,0.0,0.0,0.0,0.0,0.0,0.0,0.0,0.0,0.0,0.0,0.0,0.0,0.0,0.0,0.0,0.0,0.0,0.0,0.0,0.0,0.0,0.0,0.0,0.0,0.0,0.0,0.0,1.0E-4,19530.0,9.55E25,5250.0,1663.0,188.1,202800.0,7663.0,3689.0,2758.0,4793.0,2275.0,0.3658,279.5,58.75,155.7,16.54,5.354,2.386,1.122,0.9495,0.6677,0.1563,0.004139,1651.0,134.3,32.45,2.312,0.3053,0.01005,0.004703,0.00396,0.002659,4.97E-4,19.44,0.2849,1.55,5.175,6.029,0.3347,2.35,1.076,0.9105,0.611,0.1262,0.0,0.0,0.0,0.0,0.0,0.0,0.0,0.0,0.0,0.0,0.0,0.4664,0.01909,2.215,0.5555,0.105,1.237,1.775,0.7592,0.6113,0.9555,0.153,7.306E-6,3.92E-6,7.204E-4,1.25E-4,1.133E-5,1.293E-4,2.142E-5,9.364E-6,7.475E-6,1.17E-5,2.043E-6,
0.0,0.0,0.0,0.0,0.0,0.0,0.0,0.0,0.0,0.0,0.0,0.0,0.0,0.0,0.0,0.0,0.0,0.0,0.0,0.0,0.0,0.0,2.8E-6,0.0019,0.02601,3.13,0.9733,0.06422,0.06457,0.01043,0.004971,0.003969,0.005508,3.972E-4,0.0,0.0,0.0,0.0,0.0,0.0,0.0,0.0,0.0,0.0,0.0,0.0,0.0,0.0,0.0,0.0,0.0,0.0,0.0,0.0,0.0,0.0,2.296E-22,0.0,7.043,0.8571,0.1108,0.0,0.7624,0.1742,0.03975,0.005379,0.007229,0.0,0.0,0.0,0.0,0.0,0.0,0.0,0.0,0.0,0.0,0.0,0.0,0.0,0.0,0.0,0.0,0.0,0.0,0.0,0.0,0.0,0.0,0.0,0.0,0.0,0.0,0.0,0.0,0.0,0.0,0.0,0.0,0.0,0.0,0.0,0.0,0.0,0.0,0.0,0.0,0.0,0.0,0.0,0.0,0.0,0.0,1.0E-4,19530.0,9.55E25,5223.0,1691.0,188.7,202800.0,7765.0,3611.0,2726.0,4796.0,2280.0,0.3658,279.5,58.75,155.7,16.55,5.354,2.411,1.105,0.9405,0.666,0.159,0.004139,1651.0,134.3,32.45,2.312,0.3053,0.01016,0.00463,0.003922,0.002653,5.078E-4,19.44,0.2849,1.55,5.175,6.029,0.3347,2.374,1.06,0.9018,0.6096,0.1286,0.0,0.0,0.0,0.0,0.0,0.0,0.0,0.0,0.0,0.0,0.0,0.4664,0.01909,2.212,0.5579,0.1052,1.237,1.798,0.7418,0.6041,0.9529,0.1574,7.306E-6,3.92E-6,7.2E-4,1.255E-4,1.133E-5,1.293E-4,2.169E-5,9.158E-6,7.39E-6,1.166E-5,2.096E-6,
0.0,0.0,0.0,0.0,0.0,0.0,0.0,0.0,0.0,0.0,0.0,0.0,0.0,0.0,0.0,0.0,0.0,0.0,0.0,0.0,0.0,0.0,2.8E-6,0.0019,0.02601,3.123,0.9775,0.06721,0.06457,0.005052,0.008055,0.006388,0.005501,3.459E-4,0.0,0.0,0.0,0.0,0.0,0.0,0.0,0.0,0.0,0.0,0.0,0.0,0.0,0.0,0.0,0.0,0.0,0.0,0.0,0.0,0.0,0.0,2.296E-22,0.0,7.043,0.8565,0.1057,0.0,0.2831,0.4427,0.2621,0.004127,0.00318,0.0,0.0,0.0,0.0,0.0,0.0,0.0,0.0,0.0,0.0,0.0,0.0,0.0,0.0,0.0,0.0,0.0,0.0,0.0,0.0,0.0,0.0,0.0,0.0,0.0,0.0,0.0,0.0,0.0,0.0,0.0,0.0,0.0,0.0,0.0,0.0,0.0,0.0,0.0,0.0,0.0,0.0,0.0,0.0,0.0,0.0,1.0E-4,19530.0,9.55E25,5213.0,1673.0,171.3,202800.0,4409.0,5532.0,4244.0,4795.0,2251.0,0.3658,279.5,58.71,155.5,16.78,5.354,1.214,1.79,1.481,0.6629,0.1488,0.004139,1651.0,134.2,32.55,2.351,0.3053,0.005026,0.007571,0.006233,0.00264,4.651E-4,19.44,0.2849,1.548,5.173,6.019,0.3347,1.221,1.72,1.423,0.6066,0.1188,0.0,0.0,0.0,0.0,0.0,0.0,0.0,0.0,0.0,0.0,0.0,0.4664,0.01909,2.208,0.5594,0.0973,1.237,1.014,1.191,0.9574,0.9519,0.1497,7.306E-6,3.92E-6,7.19E-4,1.262E-4,1.141E-5,1.293E-4,1.253E-5,1.441E-5,1.153E-5,1.165E-5,2.005E-6,
0.0,0.0,0.0,0.0,0.0,0.0,0.0,0.0,0.0,0.0,0.0,0.0,0.0,0.0,0.0,0.0,0.0,0.0,0.0,0.0,0.0,0.0,2.8E-6,0.0019,0.02601,3.123,0.9775,0.06721,0.06457,0.002478,0.01062,0.006375,0.005526,3.383E-4,0.0,0.0,0.0,0.0,0.0,0.0,0.0,0.0,0.0,0.0,0.0,0.0,0.0,0.0,0.0,0.0,0.0,0.0,0.0,0.0,0.0,0.0,2.296E-22,0.0,7.043,0.8565,0.1057,0.0,0.0188,0.7128,0.2561,0.004165,0.003209,0.0,0.0,0.0,0.0,0.0,0.0,0.0,0.0,0.0,0.0,0.0,0.0,0.0,0.0,0.0,0.0,0.0,0.0,0.0,0.0,0.0,0.0,0.0,0.0,0.0,0.0,0.0,0.0,0.0,0.0,0.0,0.0,0.0,0.0,0.0,0.0,0.0,0.0,0.0,0.0,0.0,0.0,0.0,0.0,0.0,0.0,1.0E-4,19530.0,9.55E25,5199.0,1688.0,172.9,202800.0,2796.0,7134.0,4252.0,4817.0,2261.0,0.3658,279.5,58.64,155.5,16.78,5.354,0.5546,2.468,1.459,0.6672,0.1477,0.004139,1651.0,133.8,32.99,2.351,0.3053,0.00221,0.01047,0.006137,0.002657,4.622E-4,19.44,0.2849,1.545,5.176,6.019,0.3347,0.5837,2.375,1.401,0.6109,0.118,0.0,0.0,0.0,0.0,0.0,0.0,0.0,0.0,0.0,0.0,0.0,0.4664,0.01909,2.196,0.5718,0.09764,1.237,0.6386,1.565,0.957,0.9561,0.1471,7.306E-6,3.92E-6,7.17E-4,1.282E-4,1.141E-5,1.293E-4,8.129E-6,1.878E-5,1.153E-5,1.17E-5,1.973E-6,
0.0,0.0,0.0,0.0,0.0,0.0,0.0,0.0,0.0,0.0,0.0,0.0,0.0,0.0,0.0,0.0,0.0,0.0,0.0,0.0,0.0,0.0,2.8E-6,0.0019,0.02601,3.123,0.9775,0.06725,0.06457,0.002344,0.009268,0.00775,0.005556,3.711E-4,0.0,0.0,0.0,0.0,0.0,0.0,0.0,0.0,0.0,0.0,0.0,0.0,0.0,0.0,0.0,0.0,0.0,0.0,0.0,0.0,0.0,0.0,2.296E-22,0.0,7.043,0.857,0.1103,0.0,0.005382,0.5342,0.4341,0.008915,0.006869,0.0,0.0,0.0,0.0,0.0,0.0,0.0,0.0,0.0,0.0,0.0,0.0,0.0,0.0,0.0,0.0,0.0,0.0,0.0,0.0,0.0,0.0,0.0,0.0,0.0,0.0,0.0,0.0,0.0,0.0,0.0,0.0,0.0,0.0,0.0,0.0,0.0,0.0,0.0,0.0,0.0,0.0,0.0,0.0,0.0,0.0,1.0E-4,19530.0,9.55E25,5198.0,1694.0,198.1,202800.0,2711.0,6282.0,5121.0,4851.0,2264.0,0.3658,279.5,58.58,155.6,16.8,5.354,0.5258,2.026,1.895,0.679,0.1569,0.004139,1651.0,133.3,33.42,2.351,0.3053,0.002087,0.008581,0.007997,0.002708,5.012E-4,19.44,0.2849,1.543,5.181,6.03,0.3347,0.556,1.948,1.822,0.6224,0.1268,0.0,0.0,0.0,0.0,0.0,0.0,0.0,0.0,0.0,0.0,0.0,0.4664,0.01909,2.193,0.5762,0.1035,1.237,0.619,1.367,1.158,0.9603,0.1519,7.306E-6,3.92E-6,7.157E-4,1.295E-4,1.148E-5,1.293E-4,7.899E-6,1.646E-5,1.389E-5,1.175E-5,2.029E-6,
0.0,0.0,0.0,0.0,0.0,0.0,0.0,0.0,0.0,0.0,0.0,0.0,0.0,0.0,0.0,0.0,0.0,0.0,0.0,0.0,0.0,0.0,2.8E-6,0.0019,0.02601,3.123,0.9776,0.06726,0.06457,0.002343,0.009451,0.007589,0.005511,3.867E-4,0.0,0.0,0.0,0.0,0.0,0.0,0.0,0.0,0.0,0.0,0.0,0.0,0.0,0.0,0.0,0.0,0.0,0.0,0.0,0.0,0.0,0.0,2.296E-22,0.0,7.043,0.8572,0.1113,0.0,0.005975,0.5509,0.414,0.009897,0.007626,0.0,0.0,0.0,0.0,0.0,0.0,0.0,0.0,0.0,0.0,0.0,0.0,0.0,0.0,0.0,0.0,0.0,0.0,0.0,0.0,0.0,0.0,0.0,0.0,0.0,0.0,0.0,0.0,0.0,0.0,0.0,0.0,0.0,0.0,0.0,0.0,0.0,0.0,0.0,0.0,0.0,0.0,0.0,0.0,0.0,0.0,1.0E-4,19530.0,9.55E25,5139.0,1754.0,203.9,202800.0,2710.0,6397.0,5027.0,4820.0,2270.0,0.3658,279.5,58.47,155.7,16.8,5.354,0.5291,2.076,1.833,0.6817,0.16,0.004139,1651.0,132.7,34.11,2.351,0.3053,0.002101,0.008793,0.007733,0.002721,5.147E-4,19.44,0.2849,1.537,5.187,6.032,0.3347,0.5591,1.996,1.762,0.6252,0.1298,0.0,0.0,0.0,0.0,0.0,0.0,0.0,0.0,0.0,0.0,0.0,0.4664,0.01909,2.185,0.5841,0.1048,1.237,0.6186,1.394,1.136,0.9526,0.1544,7.306E-6,3.92E-6,7.129E-4,1.323E-4,1.149E-5,1.293E-4,7.895E-6,1.678E-5,1.362E-5,1.166E-5,2.059E-6,
0.0,0.0,0.0,0.0,0.0,0.0,0.0,0.0,0.0,0.0,0.0,0.0,0.0,0.0,0.0,0.0,0.0,0.0,0.0,0.0,0.0,0.0,2.8E-6,0.0019,0.02601,3.111,0.9897,0.06726,0.06457,0.002339,0.009416,0.007616,0.005537,3.706E-4,0.0,0.0,0.0,0.0,0.0,0.0,0.0,0.0,0.0,0.0,0.0,0.0,0.0,0.0,0.0,0.0,0.0,0.0,0.0,0.0,0.0,0.0,2.296E-22,0.0,7.043,0.8572,0.1113,0.0,0.005975,0.5509,0.414,0.009897,0.007626,0.0,0.0,0.0,0.0,0.0,0.0,0.0,0.0,0.0,0.0,0.0,0.0,0.0,0.0,0.0,0.0,0.0,0.0,0.0,0.0,0.0,0.0,0.0,0.0,0.0,0.0,0.0,0.0,0.0,0.0,0.0,0.0,0.0,0.0,0.0,0.0,0.0,0.0,0.0,0.0,0.0,0.0,0.0,0.0,0.0,0.0,1.0E-4,19530.0,9.55E25,5135.0,1759.0,203.9,202800.0,2708.0,6372.0,5056.0,4843.0,2277.0,0.3658,279.5,58.38,155.8,16.8,5.354,0.5289,2.08,1.831,0.6821,0.1576,0.004139,1651.0,132.2,34.52,2.351,0.3053,0.002101,0.00881,0.007722,0.002722,5.076E-4,19.44,0.2849,1.534,5.19,6.032,0.3347,0.559,2.0,1.76,0.6255,0.1281,0.0,0.0,0.0,0.0,0.0,0.0,0.0,0.0,0.0,0.0,0.0,0.4664,0.01909,2.182,0.5874,0.1048,1.237,0.6182,1.389,1.142,0.9574,0.1487,7.306E-6,3.92E-6,7.12E-4,1.333E-4,1.149E-5,1.293E-4,7.891E-6,1.671E-5,1.37E-5,1.171E-5,1.997E-6,
0.0,0.0,0.0,0.0,0.0,0.0,0.0,0.0,0.0,0.0,0.0,0.0,0.0,0.0,0.0,0.0,0.0,0.0,0.0,0.0,0.0,0.0,2.8E-6,0.0019,0.02601,3.102,0.998,0.06727,0.06457,0.003745,0.007664,0.00798,0.005517,3.746E-4,0.0,0.0,0.0,0.0,0.0,0.0,0.0,0.0,0.0,0.0,0.0,0.0,0.0,0.0,0.0,0.0,0.0,0.0,0.0,0.0,0.0,0.0,2.296E-22,0.0,7.043,0.8572,0.1115,0.0,0.1499,0.3475,0.4727,0.01016,0.007827,0.0,0.0,0.0,0.0,0.0,0.0,0.0,0.0,0.0,0.0,0.0,0.0,0.0,0.0,0.0,0.0,0.0,0.0,0.0,0.0,0.0,0.0,0.0,0.0,0.0,0.0,0.0,0.0,0.0,0.0,0.0,0.0,0.0,0.0,0.0,0.0,0.0,0.0,0.0,0.0,0.0,0.0,0.0,0.0,0.0,0.0,1.0E-4,19530.0,9.55E25,5128.0,1764.0,205.3,202800.0,3599.0,5268.0,5285.0,4830.0,2275.0,0.3658,279.5,57.94,155.4,17.67,5.354,0.8961,1.573,1.968,0.6837,0.1581,0.004139,1651.0,132.0,34.74,2.359,0.3053,0.003667,0.006647,0.008306,0.00273,5.097E-4,19.44,0.2849,1.529,5.168,6.06,0.3347,0.9133,1.511,1.892,0.6273,0.1286,0.0,0.0,0.0,0.0,0.0,0.0,0.0,0.0,0.0,0.0,0.0,0.4664,0.01909,2.179,0.5894,0.1057,1.237,0.8241,1.133,1.195,0.954,0.1494,7.306E-6,3.92E-6,7.109E-4,1.342E-4,1.162E-5,1.293E-4,1.031E-5,1.371E-5,1.432E-5,1.167E-5,2.005E-6,
0.0,0.0,0.0,0.0,0.0,0.0,0.0,0.0,0.0,0.0,0.0,0.0,0.0,0.0,0.0,0.0,0.0,0.0,0.0,0.0,0.0,0.0,2.8E-6,0.001914,0.02601,3.102,0.998,0.06727,0.06457,0.003776,0.007705,0.00791,0.005514,3.615E-4,0.0,0.0,0.0,0.0,0.0,0.0,0.0,0.0,0.0,0.0,0.0,0.0,0.0,0.0,0.0,0.0,0.0,0.0,0.0,0.0,0.0,0.0,2.296E-22,0.0,7.043,0.8572,0.1116,0.0,0.1515,0.3513,0.4669,0.01027,0.007913,0.0,0.0,0.0,0.0,0.0,0.0,0.0,0.0,0.0,0.0,0.0,0.0,0.0,0.0,0.0,0.0,0.0,0.0,0.0,0.0,0.0,0.0,0.0,0.0,0.0,0.0,0.0,0.0,0.0,0.0,0.0,0.0,0.0,0.0,0.0,0.0,0.0,0.0,0.0,0.0,0.0,0.0,0.0,0.0,0.0,0.0,1.0E-4,19550.0,9.55E25,5076.0,1787.0,205.9,202800.0,3619.0,5297.0,5237.0,4829.0,2254.0,0.37,279.5,57.94,155.4,17.67,5.354,0.9053,1.586,1.949,0.6805,0.1541,0.004157,1651.0,132.0,34.74,2.359,0.3053,0.003706,0.006691,0.008234,0.002716,4.932E-4,19.44,0.2849,1.529,5.168,6.06,0.3347,0.9222,1.521,1.875,0.6242,0.1248,0.0,0.0,0.0,0.0,0.0,0.0,0.0,0.0,0.0,0.0,0.0,0.4688,0.01909,2.169,0.5916,0.1058,1.246,0.8287,1.139,1.185,0.9533,0.1472,7.335E-6,3.92E-6,7.076E-4,1.346E-4,1.162E-5,1.322E-4,1.036E-5,1.381E-5,1.417E-5,1.166E-5,1.979E-6,
0.0,0.0,0.0,0.0,0.0,0.0,0.0,0.0,0.0,0.0,0.0,0.0,0.0,0.0,0.0,0.0,0.0,0.0,0.0,0.0,0.0,0.0,2.8E-6,0.001914,0.02601,3.101,0.998,0.06727,0.06616,0.00668,0.004985,0.01026,0.002982,3.578E-4,0.0,0.0,0.0,0.0,0.0,0.0,0.0,0.0,0.0,0.0,0.0,0.0,0.0,0.0,0.0,0.0,0.0,0.0,0.0,0.0,0.0,0.0,2.296E-22,0.0,7.043,0.8572,0.1119,0.0,0.4928,0.005763,0.4718,0.009074,0.008151,0.0,0.0,0.0,0.0,0.0,0.0,0.0,0.0,0.0,0.0,0.0,0.0,0.0,0.0,0.0,0.0,0.0,0.0,0.0,0.0,0.0,0.0,0.0,0.0,0.0,0.0,0.0,0.0,0.0,0.0,0.0,0.0,0.0,0.0,0.0,0.0,0.0,0.0,0.0,0.0,0.0,0.0,0.0,0.0,0.0,0.0,1.0E-4,19550.0,9.55E25,4843.0,1790.0,204.6,203000.0,5465.0,3580.0,7295.0,2669.0,2229.0,0.37,279.5,57.81,155.5,17.67,5.383,1.757,0.7303,2.242,0.39,0.1541,0.004157,1651.0,131.4,35.34,2.359,0.318,0.007336,0.003045,0.009423,0.001538,4.955E-4,19.44,0.2849,1.525,5.173,6.061,0.3351,1.744,0.6955,2.144,0.3578,0.1251,0.0,0.0,0.0,0.0,0.0,0.0,0.0,0.0,0.0,0.0,0.0,0.4688,0.01909,2.084,0.596,0.1055,1.326,1.255,0.7409,1.584,0.5281,0.145,7.335E-6,3.92E-6,6.861E-4,1.364E-4,1.161E-5,1.519E-4,1.536E-5,9.14E-6,1.902E-5,6.521E-6,1.951E-6,
0.0,0.0,0.0,0.0,0.0,0.0,0.0,0.0,0.0,0.0,0.0,0.0,0.0,0.0,0.0,0.0,0.0,0.0,0.0,0.0,0.0,0.0,2.8E-6,0.001914,0.02601,3.101,0.998,0.06727,0.06619,0.006652,0.004976,0.01028,0.002998,3.593E-4,0.0,0.0,0.0,0.0,0.0,0.0,0.0,0.0,0.0,0.0,0.0,0.0,0.0,0.0,0.0,0.0,0.0,0.0,0.0,0.0,0.0,0.0,2.296E-22,0.0,7.043,0.8572,0.1121,9.0E-22,0.487,0.005829,0.4772,0.009177,0.008244,0.0,0.0,0.0,0.0,0.0,0.0,0.0,0.0,0.0,0.0,0.0,0.0,0.0,0.0,0.0,0.0,0.0,0.0,0.0,0.0,0.0,0.0,0.0,0.0,0.0,0.0,0.0,0.0,0.0,0.0,0.0,0.0,0.0,0.0,0.0,0.0,0.0,0.0,0.0,0.0,0.0,0.0,0.0,0.0,0.0,0.0,1.0E-4,19550.0,9.55E25,4830.0,1790.0,205.3,203000.0,5448.0,3574.0,7303.0,2772.0,2141.0,0.37,279.5,57.32,155.5,17.67,5.877,1.75,0.7277,2.251,0.3919,0.1526,0.004157,1651.0,128.2,35.34,2.359,3.467,0.007303,0.003034,0.009463,0.001542,4.93E-4,19.44,0.2849,1.501,5.173,6.061,0.3586,1.737,0.693,2.153,0.3592,0.1242,0.0,0.0,0.0,0.0,0.0,0.0,0.0,0.0,0.0,0.0,0.0,0.4688,0.01909,2.061,0.596,0.1056,1.349,1.251,0.7396,1.587,0.5332,0.1428,7.335E-6,3.92E-6,6.786E-4,1.364E-4,1.161E-5,1.594E-4,1.531E-5,9.124E-6,1.904E-5,6.584E-6,1.922E-6,
0.0,0.0,0.0,0.0,0.0,0.0,0.0,0.0,0.0,0.0,0.0,0.0,0.0,0.0,0.0,0.0,0.0,0.0,0.0,0.0,0.0,0.0,2.8E-6,0.001914,0.02601,3.101,0.9951,0.07023,0.06619,0.002501,0.004932,0.0147,0.002847,3.039E-4,0.0,0.0,0.0,0.0,0.0,0.0,0.0,0.0,0.0,0.0,0.0,0.0,0.0,0.0,0.0,0.0,0.0,0.0,0.0,0.0,0.0,0.0,2.296E-22,0.0,7.043,0.8571,0.1105,9.0E-22,0.002256,0.005068,0.9768,0.004272,9.811E-4,0.0,0.0,0.0,0.0,0.0,0.0,0.0,0.0,0.0,0.0,0.0,0.0,0.0,0.0,0.0,0.0,0.0,0.0,0.0,0.0,0.0,0.0,0.0,0.0,0.0,0.0,0.0,0.0,0.0,0.0,0.0,0.0,0.0,0.0,0.0,0.0,0.0,0.0,0.0,0.0,0.0,0.0,0.0,0.0,0.0,0.0,1.0E-4,19550.0,9.55E25,4826.0,1791.0,204.2,203000.0,2859.0,3548.0,10090.0,2714.0,2033.0,0.37,279.5,57.21,153.4,19.81,5.877,0.5472,0.7184,3.491,0.3871,0.1349,0.004157,1651.0,127.6,35.97,2.424,3.467,0.002176,0.002994,0.01474,0.00153,4.18E-4,19.44,0.2849,1.496,5.106,6.128,0.3586,0.5753,0.6839,3.349,0.3563,0.1072,0.0,0.0,0.0,0.0,0.0,0.0,0.0,0.0,0.0,0.0,0.0,0.4688,0.01909,2.055,0.5959,0.1095,1.349,0.647,0.7334,2.234,0.5062,0.1345,7.335E-6,3.92E-6,6.764E-4,1.383E-4,1.196E-5,1.594E-4,8.238E-6,9.052E-6,2.662E-5,6.263E-6,1.826E-6,
0.0,0.0,0.0,0.0,0.0,0.0,0.0,0.0,0.0,0.0,0.0,0.0,0.0,0.0,0.0,0.0,0.0,0.0,0.0,0.0,0.0,0.0,2.8E-6,0.001914,0.02601,3.101,0.9951,0.07022,0.06619,0.002519,0.004905,0.01474,0.002829,3.023E-4,0.0,0.0,0.0,0.0,0.0,0.0,0.0,0.0,0.0,0.0,0.0,0.0,0.0,0.0,0.0,0.0,0.0,0.0,0.0,0.0,0.0,0.0,2.296E-22,0.0,7.043,0.857,0.1096,9.0E-22,0.004065,0.003164,0.9812,0.001146,8.817E-4,0.0,0.0,0.0,0.0,0.0,0.0,0.0,0.0,0.0,0.0,0.0,0.0,0.0,0.0,0.0,0.0,0.0,0.0,0.0,0.0,0.0,0.0,0.0,0.0,0.0,0.0,0.0,0.0,0.0,0.0,0.0,0.0,0.0,0.0,0.0,0.0,0.0,0.0,0.0,0.0,0.0,0.0,0.0,0.0,0.0,0.0,1.0E-4,19550.0,9.55E25,4825.0,1790.0,199.7,203000.0,2869.0,3529.0,10120.0,2759.0,1970.0,0.37,279.5,57.21,153.4,19.81,5.877,0.5551,0.7152,3.495,0.3792,0.1368,0.004157,1651.0,127.6,35.97,2.424,3.467,0.002209,0.002981,0.01476,0.001497,4.265E-4,19.44,0.2849,1.495,5.106,6.125,0.3586,0.5829,0.6808,3.353,0.3489,0.1091,0.0,0.0,0.0,0.0,0.0,0.0,0.0,0.0,0.0,0.0,0.0,0.4688,0.01909,2.055,0.5957,0.1084,1.349,0.6495,0.7292,2.24,0.5035,0.1339,7.335E-6,3.92E-6,6.764E-4,1.383E-4,1.194E-5,1.594E-4,8.267E-6,9.003E-6,2.67E-5,6.232E-6,1.818E-6,
0.0,0.0,0.0,0.0,0.0,0.0,0.0,0.0,0.0,0.0,0.0,0.0,0.0,0.0,0.0,0.0,0.0,0.0,0.0,0.0,0.0,0.0,2.8E-6,0.001914,0.02601,3.081,1.014,0.07077,0.06619,0.002501,0.004906,0.01479,0.00283,2.959E-4,0.0,0.0,0.0,0.0,0.0,0.0,0.0,0.0,0.0,0.0,0.0,0.0,0.0,0.0,0.0,0.0,0.0,0.0,0.0,0.0,0.0,0.0,2.296E-22,0.0,7.043,0.8565,0.1056,9.0E-22,4.683E-4,0.002278,0.9915,5.731E-4,4.411E-4,0.0,0.0,0.0,0.0,0.0,0.0,0.0,0.0,0.0,0.0,0.0,0.0,0.0,0.0,0.0,0.0,0.0,0.0,0.0,0.0,0.0,0.0,0.0,0.0,0.0,0.0,0.0,0.0,0.0,0.0,0.0,0.0,0.0,0.0,0.0,0.0,0.0,0.0,0.0,0.0,0.0,0.0,0.0,0.0,0.0,0.0,1.0E-4,19550.0,9.55E25,4586.0,1806.0,179.9,203300.0,2857.0,3529.0,10160.0,2770.0,1951.0,0.37,279.5,56.9,153.2,20.35,5.885,0.5493,0.7143,3.515,0.3807,0.1335,0.004157,1651.0,127.0,36.47,2.431,3.467,0.002185,0.002977,0.01484,0.001501,4.154E-4,19.44,0.2849,1.482,5.111,6.121,0.3595,0.5773,0.6801,3.372,0.3498,0.1065,0.0,0.0,0.0,0.0,0.0,0.0,0.0,0.0,0.0,0.0,0.0,0.4688,0.01909,2.042,0.6039,0.1044,1.352,0.6468,0.7293,2.249,0.5065,0.1301,7.335E-6,3.92E-6,6.728E-4,1.413E-4,1.216E-5,1.597E-4,8.235E-6,9.004E-6,2.681E-5,6.262E-6,1.778E-6,
0.0,0.0,0.0,0.0,0.0,0.0,0.0,0.0,0.0,0.0,0.0,0.0,0.0,0.0,0.0,0.0,0.0,0.0,0.0,0.0,0.0,0.0,2.8E-6,0.001914,0.02601,3.066,1.029,0.07081,0.06648,0.002541,0.004881,0.01473,0.002838,2.999E-4,0.0,0.0,0.0,0.0,0.0,0.0,0.0,0.0,0.0,0.0,0.0,0.0,0.0,0.0,0.0,0.0,0.0,0.0,0.0,0.0,0.0,0.0,2.296E-22,0.0,7.043,0.857,0.1099,9.0E-22,9.755E-4,0.004746,0.9822,0.001194,9.188E-4,0.0,0.0,0.0,0.0,0.0,0.0,0.0,0.0,0.0,0.0,0.0,0.0,0.0,0.0,0.0,0.0,0.0,0.0,0.0,0.0,0.0,0.0,0.0,0.0,0.0,0.0,0.0,0.0,0.0,0.0,0.0,0.0,0.0,0.0,0.0,0.0,0.0,0.0,0.0,0.0,0.0,0.0,0.0,0.0,0.0,0.0,1.0E-4,19550.0,9.55E25,4417.0,1820.0,204.3,203400.0,2879.0,3518.0,10110.0,2775.0,1953.0,0.37,279.5,56.81,153.3,20.36,5.894,0.5526,0.7242,3.487,0.3822,0.1347,0.004157,1651.0,126.6,36.88,2.431,3.468,0.002199,0.003018,0.01472,0.001507,4.203E-4,19.44,0.2849,1.479,5.115,6.131,0.3597,0.5805,0.6895,3.345,0.3513,0.1076,0.0,0.0,0.0,0.0,0.0,0.0,0.0,0.0,0.0,0.0,0.0,0.4688,0.01909,2.022,0.6106,0.1098,1.367,0.6523,0.7261,2.238,0.5076,0.1307,7.335E-6,3.92E-6,6.688E-4,1.428E-4,1.222E-5,1.622E-4,8.299E-6,8.967E-6,2.668E-5,6.275E-6,1.786E-6,
0.0,0.0,0.0,0.0,0.0,0.0,0.0,0.0,0.0,0.0,0.0,0.0,0.0,0.0,0.0,0.0,0.0,0.0,0.0,0.0,0.0,0.0,2.8E-6,0.001914,0.02601,3.066,1.029,0.07082,0.06648,0.003835,0.003626,0.01474,0.002769,3.104E-4,0.0,0.0,0.0,0.0,0.0,0.0,0.0,0.0,0.0,0.0,0.0,0.0,0.0,0.0,0.0,0.0,0.0,0.0,0.0,0.0,0.0,0.0,2.296E-22,0.0,7.043,0.8571,0.1106,9.0E-22,0.001062,0.005167,0.9806,0.0013,0.001,0.0,0.0,0.0,0.0,0.0,0.0,0.0,0.0,0.0,0.0,0.0,0.0,0.0,0.0,0.0,0.0,0.0,0.0,0.0,0.0,0.0,0.0,0.0,0.0,0.0,0.0,0.0,0.0,0.0,0.0,0.0,0.0,0.0,0.0,0.0,0.0,0.0,0.0,0.0,0.0,0.0,0.0,0.0,0.0,0.0,0.0,1.0E-4,19550.0,9.55E25,4415.0,1823.0,209.1,203400.0,3694.0,2728.0,10170.0,2704.0,1968.0,0.37,279.5,56.75,153.3,20.36,5.894,0.6472,0.6405,3.459,0.3964,0.1348,0.004157,1651.0,126.3,37.21,2.431,3.468,0.002602,0.002661,0.0146,0.001568,4.239E-4,19.44,0.2849,1.477,5.118,6.133,0.3597,0.672,0.6086,3.317,0.3654,0.1081,0.0,0.0,0.0,0.0,0.0,0.0,0.0,0.0,0.0,0.0,0.0,0.4687,0.01909,2.019,0.6137,0.1109,1.367,0.8414,0.5428,2.243,0.496,0.1305,7.334E-6,3.92E-6,6.678E-4,1.439E-4,1.223E-5,1.622E-4,1.052E-5,6.817E-6,2.675E-5,6.135E-6,1.78E-6,
0.0,0.0,0.0,0.0,0.0,0.0,0.0,0.0,0.0,0.0,0.0,0.0,0.0,0.0,0.0,0.0,0.0,0.0,0.0,0.0,0.0,0.0,2.8E-6,0.001914,0.02601,3.066,1.029,0.07077,0.0665,0.003857,0.003656,0.01455,0.002962,3.03E-4,0.0,0.0,0.0,0.0,0.0,0.0,0.0,0.0,0.0,0.0,0.0,0.0,0.0,0.0,0.0,0.0,0.0,0.0,0.0,0.0,0.0,0.0,2.296E-22,0.0,7.043,0.8565,0.1054,1.507E-21,0.002841,0.006328,0.9687,0.01716,4.213E-4,0.0,0.0,0.0,0.0,0.0,0.0,0.0,0.0,0.0,0.0,0.0,0.0,0.0,0.0,0.0,0.0,0.0,0.0,0.0,0.0,0.0,0.0,0.0,0.0,0.0,0.0,0.0,0.0,0.0,0.0,0.0,0.0,0.0,0.0,0.0,0.0,0.0,0.0,0.0,0.0,0.0,0.0,0.0,0.0,0.0,0.0,1.0E-4,19550.0,9.55E25,4403.0,1820.0,178.9,203400.0,3709.0,2748.0,10050.0,2844.0,1950.0,0.37,279.5,56.42,153.3,20.35,6.221,0.6566,0.6421,3.424,0.4388,0.1317,0.004157,1651.0,124.2,37.21,2.431,5.55,0.002642,0.002668,0.01445,0.001746,4.136E-4,19.44,0.2849,1.461,5.117,6.121,0.3753,0.681,0.6101,3.284,0.4059,0.1056,0.0,0.0,0.0,0.0,0.0,0.0,0.0,0.0,0.0,0.0,0.0,0.4687,0.01909,2.003,0.6129,0.1042,1.382,0.8447,0.5472,2.216,0.5268,0.1274,7.334E-6,3.92E-6,6.628E-4,1.439E-4,1.216E-5,1.672E-4,1.056E-5,6.87E-6,2.642E-5,6.5E-6,1.742E-6,
0.0,0.0,0.0,0.0,0.0,0.0,0.0,0.0,0.0,0.0,0.0,0.0,0.0,0.0,0.0,0.0,0.0,0.0,0.0,0.0,0.0,0.0,2.8E-6,0.001928,0.02601,3.062,1.033,0.07081,0.0665,0.003899,0.003628,0.0147,0.002773,2.766E-4,0.0,0.0,0.0,0.0,0.0,0.0,0.0,0.0,0.0,0.0,0.0,0.0,0.0,0.0,0.0,0.0,0.0,0.0,0.0,0.0,0.0,0.0,2.295E-22,0.0,7.043,0.857,0.1097,1.507E-21,0.006065,0.004645,0.9775,0.001168,8.993E-4,0.0,0.0,0.0,0.0,0.0,0.0,0.0,0.0,0.0,0.0,0.0,0.0,0.0,0.0,0.0,0.0,0.0,0.0,0.0,0.0,0.0,0.0,0.0,0.0,0.0,0.0,0.0,0.0,0.0,0.0,0.0,0.0,0.0,0.0,0.0,0.0,0.0,0.0,0.0,0.0,0.0,0.0,0.0,0.0,0.0,0.0,1.0E-4,19570.0,9.55E25,4397.0,1830.0,203.2,203400.0,3737.0,2728.0,10150.0,2756.0,1937.0,0.3741,279.5,56.25,153.5,20.36,6.221,0.669,0.6373,3.449,0.4011,0.1205,0.004174,1651.0,123.8,37.64,2.431,5.55,0.002695,0.002647,0.01456,0.001575,3.772E-4,19.45,0.2849,1.457,5.122,6.131,0.3753,0.6929,0.6055,3.307,0.3674,0.09725,0.0,0.0,0.0,0.0,0.0,0.0,0.0,0.0,0.0,0.0,0.0,0.4712,0.01909,2.0,0.6173,0.1096,1.382,0.851,0.543,2.238,0.5122,0.1091,7.363E-6,3.92E-6,6.613E-4,1.454E-4,1.222E-5,1.672E-4,1.063E-5,6.819E-6,2.668E-5,6.276E-6,1.576E-6,
0.0,0.0,0.0,0.0,0.0,0.0,0.0,0.0,0.0,0.0,0.0,0.0,0.0,0.0,0.0,0.0,0.0,0.0,0.0,0.0,0.0,0.0,2.8E-6,0.001928,0.02601,3.038,1.057,0.0708,0.0665,0.004119,0.003388,0.01406,0.003434,2.763E-4,0.0,0.0,0.0,0.0,0.0,0.0,0.0,0.0,0.0,0.0,0.0,0.0,0.0,0.0,0.0,0.0,0.0,0.0,0.0,0.0,0.0,0.0,2.295E-22,0.0,7.043,0.8569,0.1094,1.507E-21,0.002739,0.005778,0.914,0.06733,8.57E-4,0.0,0.0,0.0,0.0,0.0,0.0,0.0,0.0,0.0,0.0,0.0,0.0,0.0,0.0,0.0,0.0,0.0,0.0,0.0,0.0,0.0,0.0,0.0,0.0,0.0,0.0,0.0,0.0,0.0,0.0,0.0,0.0,0.0,0.0,0.0,0.0,0.0,0.0,0.0,0.0,0.0,0.0,0.0,0.0,0.0,0.0,1.0E-4,19570.0,9.55E25,4384.0,1843.0,199.7,203400.0,3876.0,2575.0,9732.0,3213.0,2025.0,0.3741,279.5,56.11,153.6,20.36,6.221,0.6951,0.6077,3.288,0.5674,0.1204,0.004174,1651.0,123.1,38.33,2.431,5.55,0.002806,0.002522,0.01387,0.002282,3.767E-4,19.45,0.2849,1.451,5.128,6.13,0.3753,0.7182,0.5771,3.152,0.5276,0.09722,0.0,0.0,0.0,0.0,0.0,0.0,0.0,0.0,0.0,0.0,0.0,0.4711,0.01909,1.993,0.6236,0.1088,1.382,0.8832,0.5077,2.142,0.6117,0.109,7.362E-6,3.92E-6,6.59E-4,1.476E-4,1.221E-5,1.672E-4,1.101E-5,6.405E-6,2.556E-5,7.448E-6,1.576E-6,
0.0,0.0,0.0,0.0,0.0,0.0,0.0,0.0,0.0,0.0,0.0,0.0,0.0,0.0,0.0,0.0,0.0,0.0,0.0,0.0,0.0,0.0,2.8E-6,0.001928,0.02601,3.038,1.057,0.07081,0.0665,0.004162,0.003369,0.01414,0.00331,2.837E-4,0.0,0.0,0.0,0.0,0.0,0.0,0.0,0.0,0.0,0.0,0.0,0.0,0.0,0.0,0.0,0.0,0.0,0.0,0.0,0.0,0.0,0.0,2.295E-22,0.0,7.043,0.8571,0.1107,1.507E-21,0.003232,0.006819,0.9184,0.05952,0.001011,0.0,0.0,0.0,0.0,0.0,0.0,0.0,0.0,0.0,0.0,0.0,0.0,0.0,0.0,0.0,0.0,0.0,0.0,0.0,0.0,0.0,0.0,0.0,0.0,0.0,0.0,0.0,0.0,0.0,0.0,0.0,0.0,0.0,0.0,0.0,0.0,0.0,0.0,0.0,0.0,0.0,0.0,0.0,0.0,0.0,0.0,1.0E-4,19570.0,9.55E25,4381.0,1848.0,207.9,203400.0,3903.0,2564.0,9814.0,3128.0,2002.0,0.3741,279.5,56.11,153.6,20.36,6.221,0.7074,0.6026,3.288,0.5567,0.1196,0.004174,1651.0,123.1,38.33,2.431,5.55,0.002858,0.0025,0.01387,0.002234,3.783E-4,19.45,0.2849,1.452,5.128,6.133,0.3753,0.73,0.5721,3.151,0.517,0.09726,0.0,0.0,0.0,0.0,0.0,0.0,0.0,0.0,0.0,0.0,0.0,0.4711,0.01909,1.992,0.6249,0.1106,1.382,0.8895,0.505,2.157,0.5955,0.1053,7.362E-6,3.92E-6,6.589E-4,1.478E-4,1.223E-5,1.672E-4,1.108E-5,6.374E-6,2.573E-5,7.248E-6,1.54E-6,
0.0,0.0,0.0,0.0,0.0,0.0,0.0,0.0,0.0,0.0,0.0,0.0,0.0,0.0,0.0,0.0,0.0,0.0,0.0,0.0,0.0,0.0,2.8E-6,0.001928,0.02601,2.89,1.088,0.07081,0.1841,0.004175,0.003376,0.01418,0.003263,2.728E-4,0.0,0.0,0.0,0.0,0.0,0.0,0.0,0.0,0.0,0.0,0.0,0.0,0.0,0.0,0.0,0.0,0.0,0.0,0.0,0.0,0.0,0.0,2.295E-22,0.0,7.043,0.8571,0.1108,2.848E-21,0.003264,0.006887,0.9277,0.05005,0.001021,0.0,0.0,0.0,0.0,0.0,0.0,0.0,0.0,0.0,0.0,0.0,0.0,0.0,0.0,0.0,0.0,0.0,0.0,0.0,0.0,0.0,0.0,0.0,0.0,0.0,0.0,0.0,0.0,0.0,0.0,0.0,0.0,0.0,0.0,0.0,0.0,0.0,0.0,0.0,0.0,0.0,0.0,0.0,0.0,0.0,0.0,1.0E-4,19570.0,9.55E25,4251.0,1857.0,208.5,203600.0,3912.0,2569.0,9844.0,3100.0,1986.0,0.3741,279.5,55.23,153.8,20.36,6.922,0.7111,0.6051,3.304,0.5353,0.1182,0.004174,1651.0,119.2,38.95,2.431,8.847,0.002874,0.00251,0.01394,0.002146,3.723E-4,19.45,0.2849,1.42,5.133,6.133,0.4021,0.7336,0.5745,3.167,0.4968,0.09589,0.0,0.0,0.0,0.0,0.0,0.0,0.0,0.0,0.0,0.0,0.0,0.4711,0.01909,1.952,0.6304,0.1107,1.417,0.8914,0.5061,2.163,0.5872,0.1038,7.362E-6,3.92E-6,6.425E-4,1.5E-4,1.223E-5,1.813E-4,1.11E-5,6.387E-6,2.58E-5,7.153E-6,1.521E-6,
0.0,0.0,0.0,0.0,0.0,0.0,0.0,0.0,0.0,0.0,0.0,0.0,0.0,0.0,0.0,0.0,0.0,0.0,0.0,0.0,0.0,0.0,2.8E-6,0.001928,0.02601,2.89,1.088,0.0708,0.1841,0.004205,0.00335,0.01453,0.002902,2.837E-4,0.0,0.0,0.0,0.0,0.0,0.0,0.0,0.0,0.0,0.0,0.0,0.0,0.0,0.0,0.0,0.0,0.0,0.0,0.0,0.0,0.0,0.0,2.295E-22,0.0,7.043,0.8569,0.1095,2.848E-21,0.002792,0.005891,0.9774,0.003613,8.736E-4,0.0,0.0,0.0,0.0,0.0,0.0,0.0,0.0,0.0,0.0,0.0,0.0,0.0,0.0,0.0,0.0,0.0,0.0,0.0,0.0,0.0,0.0,0.0,0.0,0.0,0.0,0.0,0.0,0.0,0.0,0.0,0.0,0.0,0.0,0.0,0.0,0.0,0.0,0.0,0.0,0.0,0.0,0.0,0.0,0.0,0.0,1.0E-4,19570.0,9.55E25,4251.0,1857.0,202.3,203600.0,3931.0,2552.0,10080.0,2940.0,1996.0,0.3741,279.5,55.23,153.8,20.36,6.922,0.719,0.5976,3.42,0.4208,0.1208,0.004174,1651.0,119.2,38.95,2.431,8.847,0.002907,0.002478,0.01443,0.001661,3.83E-4,19.45,0.2849,1.419,5.133,6.13,0.4021,0.7412,0.5672,3.278,0.3871,0.09832,0.0,0.0,0.0,0.0,0.0,0.0,0.0,0.0,0.0,0.0,0.0,0.4711,0.01909,1.952,0.6302,0.1093,1.417,0.8958,0.5023,2.217,0.5329,0.1056,7.362E-6,3.92E-6,6.425E-4,1.5E-4,1.222E-5,1.813E-4,1.116E-5,6.342E-6,2.644E-5,6.512E-6,1.543E-6,
0.0,0.0,0.0,0.0,0.0,0.0,0.0,0.0,0.0,0.0,0.0,0.0,0.0,0.0,0.0,0.0,0.0,0.0,0.0,0.0,0.0,0.0,2.8E-6,0.001928,0.02601,2.887,1.09,0.07123,0.1841,0.004218,0.003395,0.01446,0.002909,2.827E-4,0.0,0.0,0.0,0.0,0.0,0.0,0.0,0.0,0.0,0.0,0.0,0.0,0.0,0.0,0.0,0.0,0.0,0.0,0.0,0.0,0.0,0.0,2.295E-22,0.0,7.043,0.8571,0.1107,2.848E-21,0.003214,0.006782,0.9739,0.004159,0.001006,0.0,0.0,0.0,0.0,0.0,0.0,0.0,0.0,0.0,0.0,0.0,0.0,0.0,0.0,0.0,0.0,0.0,0.0,0.0,0.0,0.0,0.0,0.0,0.0,0.0,0.0,0.0,0.0,0.0,0.0,0.0,0.0,0.0,0.0,0.0,0.0,0.0,0.0,0.0,0.0,0.0,0.0,0.0,0.0,0.0,0.0,1.0E-4,19570.0,9.55E25,4245.0,1862.0,211.0,203600.0,3939.0,2581.0,10030.0,2953.0,2002.0,0.3741,279.5,55.23,153.5,20.71,6.922,0.7228,0.6107,3.398,0.4233,0.1199,0.004174,1651.0,119.2,38.95,2.437,8.847,0.002924,0.002534,0.01433,0.00167,3.808E-4,19.45,0.2849,1.42,5.121,6.145,0.4021,0.745,0.58,3.256,0.389,0.09794,0.0,0.0,0.0,0.0,0.0,0.0,0.0,0.0,0.0,0.0,0.0,0.4711,0.01909,1.95,0.631,0.1127,1.417,0.8976,0.5089,2.206,0.5359,0.1035,7.362E-6,3.92E-6,6.418E-4,1.505E-4,1.247E-5,1.813E-4,1.118E-5,6.419E-6,2.63E-5,6.538E-6,1.528E-6,
0.0,0.0,0.0,0.0,0.0,0.0,0.0,0.0,0.0,0.0,0.0,0.0,0.0,0.0,0.0,0.0,0.0,0.0,0.0,0.0,0.0,0.0,2.8E-6,0.001928,0.02601,2.843,1.09,0.07119,0.228,0.004257,0.003351,0.01403,0.0034,2.73E-4,0.0,0.0,0.0,0.0,0.0,0.0,0.0,0.0,0.0,0.0,0.0,0.0,0.0,0.0,0.0,0.0,0.0,0.0,0.0,0.0,0.0,0.0,2.295E-22,0.0,7.043,0.8565,0.1055,2.848E-21,0.001551,0.003381,0.9457,0.04426,4.309E-4,0.0,0.0,0.0,0.0,0.0,0.0,0.0,0.0,0.0,0.0,0.0,0.0,0.0,0.0,0.0,0.0,0.0,0.0,0.0,0.0,0.0,0.0,0.0,0.0,0.0,0.0,0.0,0.0,0.0,0.0,0.0,0.0,0.0,0.0,0.0,0.0,0.0,0.0,0.0,0.0,0.0,0.0,0.0,0.0,0.0,0.0,1.0E-4,19570.0,9.55E25,4220.0,1859.0,180.9,203600.0,3966.0,2551.0,9768.0,3262.0,1994.0,0.3741,279.5,53.78,153.5,20.7,8.373,0.7305,0.5982,3.317,0.5258,0.1184,0.004174,1651.0,118.6,38.95,2.437,9.458,0.002956,0.002481,0.01398,0.002111,3.744E-4,19.45,0.2849,1.4,5.12,6.133,0.4207,0.7523,0.5679,3.179,0.4871,0.09649,0.0,0.0,0.0,0.0,0.0,0.0,0.0,0.0,0.0,0.0,0.0,0.4711,0.01909,1.939,0.6302,0.1061,1.427,0.9037,0.5022,2.144,0.6083,0.1019,7.362E-6,3.92E-6,6.387E-4,1.505E-4,1.239E-5,1.843E-4,1.125E-5,6.341E-6,2.564E-5,7.327E-6,1.51E-6,
0.0,0.0,0.0,0.0,0.0,0.0,0.0,0.0,0.0,0.0,0.0,0.0,0.0,0.0,0.0,0.0,0.0,0.0,0.0,0.0,0.0,0.0,2.8E-6,0.001928,0.02601,2.843,1.084,0.07659,0.228,0.004274,0.003355,0.01425,0.00312,2.749E-4,0.0,0.0,0.0,0.0,0.0,0.0,0.0,0.0,0.0,0.0,0.0,0.0,0.0,0.0,0.0,0.0,0.0,0.0,0.0,0.0,0.0,0.0,2.295E-22,0.0,7.043,0.857,0.1101,2.848E-21,0.003395,0.007403,0.9555,0.0225,9.434E-4,0.0,0.0,0.0,0.0,0.0,0.0,0.0,0.0,0.0,0.0,0.0,0.0,0.0,0.0,0.0,0.0,0.0,0.0,0.0,0.0,0.0,0.0,0.0,0.0,0.0,0.0,0.0,0.0,0.0,0.0,0.0,0.0,0.0,0.0,0.0,0.0,0.0,0.0,0.0,0.0,0.0,0.0,0.0,0.0,0.0,0.0,1.0E-4,19570.0,9.55E25,4222.0,1828.0,240.4,203600.0,3981.0,2556.0,9909.0,3078.0,1987.0,0.3741,279.5,53.78,153.0,21.16,8.373,0.7378,0.6049,3.342,0.4719,0.1196,0.004174,1651.0,118.6,38.88,2.507,9.458,0.002986,0.002509,0.01409,0.001882,3.794E-4,19.45,0.2849,1.401,5.117,6.147,0.4207,0.7593,0.5743,3.203,0.4353,0.0976,0.0,0.0,0.0,0.0,0.0,0.0,0.0,0.0,0.0,0.0,0.0,0.4711,0.01909,1.94,0.63,0.1125,1.427,0.9068,0.5028,2.175,0.5659,0.1022,7.362E-6,3.92E-6,6.388E-4,1.502E-4,1.276E-5,1.843E-4,1.128E-5,6.349E-6,2.601E-5,6.827E-6,1.513E-6,
0.0,0.0,0.0,0.0,0.0,0.0,0.0,0.0,0.0,0.0,0.0,0.0,0.0,0.0,0.0,0.0,0.0,0.0,0.0,0.0,0.0,0.0,2.8E-6,0.001928,0.02601,2.837,1.091,0.0766,0.228,0.00427,0.002955,0.01482,0.002951,2.753E-4,0.0,0.0,0.0,0.0,0.0,0.0,0.0,0.0,0.0,0.0,0.0,0.0,0.0,0.0,0.0,0.0,0.0,0.0,0.0,0.0,0.0,0.0,2.295E-22,0.0,7.043,0.8571,0.1105,2.848E-21,0.003527,0.007689,0.9731,0.004052,9.799E-4,0.0,0.0,0.0,0.0,0.0,0.0,0.0,0.0,0.0,0.0,0.0,0.0,0.0,0.0,0.0,0.0,0.0,0.0,0.0,0.0,0.0,0.0,0.0,0.0,0.0,0.0,0.0,0.0,0.0,0.0,0.0,0.0,0.0,0.0,0.0,0.0,0.0,0.0,0.0,0.0,0.0,0.0,0.0,0.0,0.0,0.0,1.0E-4,19570.0,9.55E25,4220.0,1830.0,242.5,203600.0,3978.0,2302.0,10280.0,2961.0,1987.0,0.3741,279.5,53.75,153.0,21.16,8.373,0.7381,0.6073,3.382,0.4278,0.1197,0.004174,1651.0,118.5,38.98,2.507,9.458,0.002988,0.002518,0.01426,0.001695,3.798E-4,19.45,0.2849,1.4,5.118,6.148,0.4207,0.7596,0.5767,3.242,0.393,0.09769,0.0,0.0,0.0,0.0,0.0,0.0,0.0,0.0,0.0,0.0,0.0,0.4711,0.01909,1.939,0.631,0.113,1.427,0.9061,0.4441,2.26,0.5402,0.1023,7.362E-6,3.92E-6,6.384E-4,1.506E-4,1.277E-5,1.843E-4,1.128E-5,5.661E-6,2.7E-5,6.523E-6,1.513E-6,
0.0,0.0,0.0,0.0,0.0,0.0,0.0,0.0,0.0,0.0,0.0,0.0,0.0,0.0,0.0,0.0,0.0,0.0,0.0,0.0,0.0,0.0,2.8E-6,0.001928,0.02601,2.837,1.091,0.0766,0.228,0.004267,0.002993,0.01478,0.00295,2.782E-4,0.0,0.0,0.0,0.0,0.0,0.0,0.0,0.0,0.0,0.0,0.0,0.0,0.0,0.0,0.0,0.0,0.0,0.0,0.0,0.0,0.0,0.0,2.295E-22,0.0,7.043,0.8571,0.1109,2.848E-21,0.003692,0.008049,0.9719,0.004242,0.001026,0.0,0.0,0.0,0.0,0.0,0.0,0.0,0.0,0.0,0.0,0.0,0.0,0.0,0.0,0.0,0.0,0.0,0.0,0.0,0.0,0.0,0.0,0.0,0.0,0.0,0.0,0.0,0.0,0.0,0.0,0.0,0.0,0.0,0.0,0.0,0.0,0.0,0.0,0.0,0.0,0.0,0.0,0.0,0.0,0.0,0.0,1.0E-4,19570.0,9.55E25,4220.0,1830.0,245.0,203600.0,3977.0,2327.0,10260.0,2971.0,1969.0,0.3741,279.5,53.75,153.0,21.16,8.373,0.7385,0.6102,3.379,0.4281,0.1183,0.004174,1651.0,118.5,38.98,2.507,9.458,0.002989,0.00253,0.01425,0.001694,3.788E-4,19.45,0.2849,1.4,5.118,6.149,0.4207,0.7599,0.5795,3.238,0.3929,0.09706,0.0,0.0,0.0,0.0,0.0,0.0,0.0,0.0,0.0,0.0,0.0,0.4711,0.01909,1.939,0.6311,0.1135,1.427,0.9057,0.4497,2.254,0.5423,0.09937,7.362E-6,3.92E-6,6.384E-4,1.506E-4,1.277E-5,1.843E-4,1.127E-5,5.727E-6,2.694E-5,6.55E-6,1.476E-6,
0.0,0.0,0.0,0.0,0.0,0.0,0.0,0.0,0.0,0.0,0.0,0.0,0.0,0.0,0.0,0.0,0.0,0.0,0.0,0.0,0.0,0.0,2.8E-6,0.001928,0.02601,2.837,1.09,0.07762,0.228,0.004236,0.003026,0.01481,0.002944,2.858E-4,0.0,0.0,0.0,0.0,0.0,0.0,0.0,0.0,0.0,0.0,0.0,0.0,0.0,0.0,0.0,0.0,0.0,0.0,0.0,0.0,0.0,0.0,2.295E-22,0.0,7.043,0.8566,0.1064,2.848E-21,2.677E-5,0.004968,0.9866,0.00218,5.272E-4,0.0,0.0,0.0,0.0,0.0,0.0,0.0,0.0,0.0,0.0,0.0,0.0,0.0,0.0,0.0,0.0,0.0,0.0,0.0,0.0,0.0,0.0,0.0,0.0,0.0,0.0,0.0,0.0,0.0,0.0,0.0,0.0,0.0,0.0,0.0,0.0,0.0,0.0,0.0,0.0,0.0,0.0,0.0,0.0,0.0,0.0,1.0E-4,19570.0,9.55E25,4217.0,1828.0,222.7,203600.0,3958.0,2347.0,10310.0,2953.0,1971.0,0.3741,279.5,53.74,152.9,21.31,8.373,0.7307,0.6025,3.407,0.429,0.1182,0.004174,1651.0,118.5,38.97,2.522,9.458,0.002956,0.002498,0.01436,0.001698,3.792E-4,19.45,0.2849,1.399,5.111,6.145,0.4207,0.7524,0.5721,3.265,0.394,0.09709,0.0,0.0,0.0,0.0,0.0,0.0,0.0,0.0,0.0,0.0,0.0,0.4711,0.01909,1.938,0.6294,0.1099,1.427,0.9012,0.4544,2.261,0.5408,0.09993,7.362E-6,3.92E-6,6.382E-4,1.506E-4,1.288E-5,1.843E-4,1.122E-5,5.782E-6,2.703E-5,6.532E-6,1.482E-6,
0.0,0.0,0.0,0.0,0.0,0.0,0.0,0.0,0.0,0.0,0.0,0.0,0.0,0.0,0.0,0.0,0.0,0.0,0.0,0.0,0.0,0.0,2.8E-6,0.001928,0.02601,2.831,1.096,0.07766,0.228,0.004259,0.003065,0.01469,0.002959,2.897E-4,0.0,0.0,0.0,0.0,0.0,0.0,0.0,0.0,0.0,0.0,0.0,0.0,0.0,0.0,0.0,0.0,0.0,0.0,0.0,0.0,0.0,0.0,2.295E-22,0.0,7.043,0.857,0.1103,2.848E-21,4.871E-5,0.009039,0.9756,0.003966,9.592E-4,0.0,0.0,0.0,0.0,0.0,0.0,0.0,0.0,0.0,0.0,0.0,0.0,0.0,0.0,0.0,0.0,0.0,0.0,0.0,0.0,0.0,0.0,0.0,0.0,0.0,0.0,0.0,0.0,0.0,0.0,0.0,0.0,0.0,0.0,0.0,0.0,0.0,0.0,0.0,0.0,0.0,0.0,0.0,0.0,0.0,0.0,1.0E-4,19570.0,9.55E25,4214.0,1835.0,245.7,203600.0,3973.0,2375.0,10230.0,2958.0,1973.0,0.3741,279.5,53.64,153.0,21.32,8.373,0.7328,0.6122,3.378,0.4333,0.1192,0.004174,1651.0,117.9,39.54,2.522,9.458,0.002965,0.002539,0.01424,0.001717,3.835E-4,19.45,0.2849,1.396,5.116,6.154,0.4207,0.7544,0.5814,3.237,0.3981,0.09807,0.0,0.0,0.0,0.0,0.0,0.0,0.0,0.0,0.0,0.0,0.0,0.4711,0.01909,1.934,0.6345,0.115,1.427,0.9046,0.4604,2.243,0.5432,0.1005,7.362E-6,3.92E-6,6.364E-4,1.524E-4,1.294E-5,1.843E-4,1.126E-5,5.853E-6,2.681E-5,6.56E-6,1.489E-6,
0.0,0.0,0.0,0.0,0.0,0.0,0.0,0.0,0.0,0.0,0.0,0.0,0.0,0.0,0.0,0.0,0.0,0.0,0.0,0.0,0.0,0.0,2.8E-6,0.001928,0.02601,2.831,1.096,0.07765,0.228,0.004271,0.003048,0.01463,0.002986,3.355E-4,0.0,0.0,0.0,0.0,0.0,0.0,0.0,0.0,0.0,0.0,0.0,0.0,0.0,0.0,0.0,0.0,0.0,0.0,0.0,0.0,0.0,0.0,2.295E-22,0.0,7.043,0.857,0.1099,2.848E-21,4.678E-5,0.005413,0.973,0.006686,0.004824,0.0,0.0,0.0,0.0,0.0,0.0,0.0,0.0,0.0,0.0,0.0,0.0,0.0,0.0,0.0,0.0,0.0,0.0,0.0,0.0,0.0,0.0,0.0,0.0,0.0,0.0,0.0,0.0,0.0,0.0,0.0,0.0,0.0,0.0,0.0,0.0,0.0,0.0,0.0,0.0,0.0,0.0,0.0,0.0,0.0,0.0,1.0E-4,19570.0,9.55E25,4214.0,1835.0,244.3,203600.0,3981.0,2362.0,10200.0,3009.0,1961.0,0.3741,279.5,53.64,153.0,21.32,8.373,0.7361,0.6039,3.369,0.438,0.1294,0.004174,1651.0,117.9,39.54,2.522,9.458,0.002979,0.002504,0.0142,0.001739,4.271E-4,19.45,0.2849,1.396,5.116,6.153,0.4207,0.7576,0.5734,3.228,0.4031,0.1079,0.0,0.0,0.0,0.0,0.0,0.0,0.0,0.0,0.0,0.0,0.0,0.4711,0.01909,1.934,0.6344,0.1146,1.427,0.9065,0.4578,2.236,0.5448,0.1074,7.362E-6,3.92E-6,6.364E-4,1.524E-4,1.293E-5,1.843E-4,1.128E-5,5.822E-6,2.672E-5,6.584E-6,1.569E-6,
0.0,0.0,0.0,0.0,0.0,0.0,0.0,0.0,0.0,0.0,0.0,0.0,0.0,0.0,0.0,0.0,0.0,0.0,0.0,0.0,0.0,0.0,2.8E-6,0.001928,0.02601,2.831,1.096,0.07766,0.228,0.004284,0.003049,0.01458,0.003009,3.375E-4,0.0,0.0,0.0,0.0,0.0,0.0,0.0,0.0,0.0,0.0,0.0,0.0,0.0,0.0,0.0,0.0,0.0,0.0,0.0,0.0,0.0,0.0,2.295E-22,0.0,7.043,0.8571,0.1105,2.848E-21,4.989E-5,0.005773,0.9712,0.007131,0.005145,0.0,0.0,0.0,0.0,0.0,0.0,0.0,0.0,0.0,0.0,0.0,0.0,0.0,0.0,0.0,0.0,0.0,0.0,0.0,0.0,0.0,0.0,0.0,0.0,0.0,0.0,0.0,0.0,0.0,0.0,0.0,0.0,0.0,0.0,0.0,0.0,0.0,0.0,0.0,0.0,0.0,0.0,0.0,0.0,0.0,0.0,1.0E-4,19560.0,9.55E25,4214.0,1836.0,247.8,203600.0,3989.0,2367.0,10180.0,3008.0,2073.0,0.3741,279.5,53.64,153.0,21.32,8.373,0.7416,0.6022,3.359,0.4418,0.1305,0.004174,1651.0,117.9,39.54,2.522,9.458,0.003002,0.002495,0.01416,0.001761,4.317E-4,19.45,0.2849,1.396,5.116,6.155,0.4207,0.7628,0.5714,3.218,0.408,0.1091,0.0,0.0,0.0,0.0,0.0,0.0,0.0,0.0,0.0,0.0,0.0,0.471,0.01909,1.934,0.6345,0.1154,1.427,0.9084,0.4596,2.233,0.5421,0.1077,7.361E-6,3.92E-6,6.364E-4,1.524E-4,1.294E-5,1.843E-4,1.13E-5,5.835E-6,2.668E-5,6.575E-6,1.573E-6,
0.0,0.0,0.0,0.0,0.0,0.0,0.0,0.0,0.0,0.0,0.0,0.0,0.0,0.0,0.0,0.0,0.0,0.0,0.0,0.0,0.0,0.0,2.8E-6,0.001928,0.02601,2.831,1.096,0.07766,0.228,0.004501,0.002751,0.0147,0.00297,3.34E-4,0.0,0.0,0.0,0.0,0.0,0.0,0.0,0.0,0.0,0.0,0.0,0.0,0.0,0.0,0.0,0.0,0.0,0.0,0.0,0.0,0.0,0.0,2.295E-22,0.0,7.043,0.8571,0.1106,2.848E-21,5.038E-5,0.00583,0.971,0.007201,0.005195,0.0,0.0,0.0,0.0,0.0,0.0,0.0,0.0,0.0,0.0,0.0,0.0,0.0,0.0,0.0,0.0,0.0,0.0,0.0,0.0,0.0,0.0,0.0,0.0,0.0,0.0,0.0,0.0,0.0,0.0,0.0,0.0,0.0,0.0,0.0,0.0,0.0,0.0,0.0,0.0,0.0,0.0,0.0,0.0,0.0,0.0,1.0E-4,19570.0,9.55E25,4214.0,1836.0,248.4,203600.0,4129.0,2177.0,10320.0,2936.0,2050.0,0.3741,279.5,53.64,153.0,21.32,8.373,0.7838,0.5584,3.345,0.4585,0.1287,0.004174,1651.0,117.9,39.54,2.522,9.458,0.003181,0.002309,0.01409,0.001834,4.243E-4,19.45,0.2849,1.396,5.116,6.155,0.4207,0.8036,0.5291,3.204,0.4247,0.1074,0.0,0.0,0.0,0.0,0.0,0.0,0.0,0.0,0.0,0.0,0.0,0.471,0.01909,1.934,0.6346,0.1155,1.427,0.9402,0.416,2.255,0.5324,0.1071,7.361E-6,3.92E-6,6.364E-4,1.524E-4,1.294E-5,1.843E-4,1.168E-5,5.322E-6,2.694E-5,6.46E-6,1.565E-6,
0.0,0.0,0.0,0.0,0.0,0.0,0.0,0.0,0.0,0.0,0.0,0.0,0.0,0.0,0.0,0.0,0.0,0.0,0.0,0.0,0.0,0.0,2.8E-6,0.001928,0.02601,2.828,1.092,0.07766,0.2348,0.004497,0.002832,0.01453,0.003065,3.343E-4,0.0,0.0,0.0,0.0,0.0,0.0,0.0,0.0,0.0,0.0,0.0,0.0,0.0,0.0,0.0,0.0,0.0,0.0,0.0,0.0,0.0,0.0,2.295E-22,0.0,7.043,0.8571,0.1106,2.848E-21,5.038E-5,0.00583,0.971,0.007201,0.005195,0.0,0.0,0.0,0.0,0.0,0.0,0.0,0.0,0.0,0.0,0.0,0.0,0.0,0.0,0.0,0.0,0.0,0.0,0.0,0.0,0.0,0.0,0.0,0.0,0.0,0.0,0.0,0.0,0.0,0.0,0.0,0.0,0.0,0.0,0.0,0.0,0.0,0.0,0.0,0.0,0.0,0.0,0.0,0.0,0.0,0.0,1.0E-4,19570.0,9.55E25,4202.0,1839.0,248.4,203600.0,4126.0,2230.0,10180.0,3082.0,1991.0,0.3741,279.5,53.32,152.9,21.32,8.796,0.7857,0.5584,3.345,0.4572,0.1287,0.004174,1651.0,117.8,39.5,2.522,9.635,0.003189,0.002309,0.01409,0.001829,4.243E-4,19.45,0.2849,1.392,5.115,6.155,0.4261,0.8055,0.529,3.203,0.4235,0.1073,0.0,0.0,0.0,0.0,0.0,0.0,0.0,0.0,0.0,0.0,0.0,0.471,0.01909,1.928,0.6363,0.1155,1.431,0.9396,0.4279,2.228,0.5482,0.1072,7.361E-6,3.92E-6,6.353E-4,1.526E-4,1.294E-5,1.852E-4,1.167E-5,5.463E-6,2.661E-5,6.647E-6,1.566E-6,
0.0,0.0,0.0,0.0,0.0,0.0,0.0,0.0,0.0,0.0,0.0,0.0,0.0,0.0,0.0,0.0,0.0,0.0,0.0,0.0,0.0,0.0,2.8E-6,0.001928,0.02601,2.821,1.099,0.07815,0.2348,0.004363,0.002913,0.01469,0.003019,3.304E-4,0.0,0.0,0.0,0.0,0.0,0.0,0.0,0.0,0.0,0.0,0.0,0.0,0.0,0.0,0.0,0.0,0.0,0.0,0.0,0.0,0.0,0.0,2.295E-22,0.0,7.043,0.8564,0.1053,2.848E-21,3.06E-5,0.003396,0.9897,3.171E-4,0.002137,0.0,0.0,0.0,0.0,0.0,0.0,0.0,0.0,0.0,0.0,0.0,0.0,0.0,0.0,0.0,0.0,0.0,0.0,0.0,0.0,0.0,0.0,0.0,0.0,0.0,0.0,0.0,0.0,0.0,0.0,0.0,0.0,0.0,0.0,0.0,0.0,0.0,0.0,0.0,0.0,0.0,0.0,0.0,0.0,0.0,0.0,1.0E-4,19570.0,9.55E25,4194.0,1839.0,216.3,203600.0,4042.0,2285.0,10290.0,3148.0,1913.0,0.3741,279.5,53.28,152.4,21.81,8.796,0.7872,0.5519,3.388,0.4412,0.1215,0.004174,1651.0,117.6,39.67,2.529,9.635,0.003194,0.002282,0.01428,0.001762,3.941E-4,19.45,0.2849,1.389,5.11,6.148,0.4261,0.8069,0.5227,3.245,0.4084,0.1004,0.0,0.0,0.0,0.0,0.0,0.0,0.0,0.0,0.0,0.0,0.0,0.471,0.01909,1.924,0.638,0.1089,1.431,0.9201,0.44,2.253,0.5406,0.1064,7.361E-6,3.92E-6,6.346E-4,1.531E-4,1.311E-5,1.852E-4,1.144E-5,5.604E-6,2.691E-5,6.558E-6,1.557E-6,
0.0,0.0,0.0,0.0,0.0,0.0,0.0,0.0,0.0,0.0,0.0,0.0,0.0,0.0,0.0,0.0,0.0,0.0,0.0,0.0,0.0,0.0,2.8E-6,0.001928,0.02601,2.815,1.104,0.07818,0.2348,0.004362,0.002985,0.01456,0.003014,3.517E-4,0.0,0.0,0.0,0.0,0.0,0.0,0.0,0.0,0.0,0.0,0.0,0.0,0.0,0.0,0.0,0.0,0.0,0.0,0.0,0.0,0.0,0.0,2.295E-22,0.0,7.043,0.857,0.11,2.848E-21,6.941E-5,0.007702,0.9766,7.193E-4,0.004847,0.0,0.0,0.0,0.0,0.0,0.0,0.0,0.0,0.0,0.0,0.0,0.0,0.0,0.0,0.0,0.0,0.0,0.0,0.0,0.0,0.0,0.0,0.0,0.0,0.0,0.0,0.0,0.0,0.0,0.0,0.0,0.0,0.0,0.0,0.0,0.0,0.0,0.0,0.0,0.0,0.0,0.0,0.0,0.0,0.0,0.0,1.0E-4,19580.0,9.55E25,4195.0,1844.0,241.2,203600.0,4252.0,2124.0,10200.0,3141.0,1924.0,0.3741,279.5,53.25,152.5,21.82,8.796,0.7955,0.565,3.349,0.4394,0.128,0.004174,1651.0,117.4,39.84,2.529,9.635,0.003196,0.002371,0.01411,0.001755,4.215E-4,19.45,0.2849,1.389,5.113,6.158,0.4261,0.808,0.5421,3.207,0.4067,0.1066,0.0,0.0,0.0,0.0,0.0,0.0,0.0,0.0,0.0,0.0,0.0,0.471,0.01909,1.924,0.6399,0.1144,1.431,0.9234,0.4475,2.233,0.5398,0.1097,7.361E-6,3.92E-6,6.342E-4,1.534E-4,1.317E-5,1.852E-4,1.177E-5,5.401E-6,2.667E-5,6.549E-6,1.595E-6,
0.0,0.0,0.0,0.0,0.0,0.0,0.0,0.0,0.0,0.0,0.0,0.0,0.0,0.0,0.0,0.0,0.0,0.0,0.0,0.0,0.0,0.0,2.8E-6,0.001928,0.02601,2.813,1.107,0.07819,0.2348,0.004366,0.002995,0.01463,0.002881,3.921E-4,0.0,0.0,0.0,0.0,0.0,0.0,0.0,0.0,0.0,0.0,0.0,0.0,0.0,0.0,0.0,0.0,0.0,0.0,0.0,0.0,0.0,0.0,2.295E-22,0.0,7.043,0.8571,0.111,2.848E-21,7.795E-5,0.008649,0.9737,8.077E-4,0.005443,0.0,0.0,0.0,0.0,0.0,0.0,0.0,0.0,0.0,0.0,0.0,0.0,0.0,0.0,0.0,0.0,0.0,0.0,0.0,0.0,0.0,0.0,0.0,0.0,0.0,0.0,0.0,0.0,0.0,0.0,0.0,0.0,0.0,0.0,0.0,0.0,0.0,0.0,0.0,0.0,0.0,0.0,0.0,0.0,0.0,0.0,1.0E-4,19580.0,9.55E25,4184.0,1856.0,247.7,203600.0,4256.0,2131.0,10340.0,2989.0,1922.0,0.3741,279.5,53.24,152.5,21.83,8.796,0.7965,0.5671,3.322,0.4508,0.1374,0.004174,1651.0,117.4,39.84,2.529,9.635,0.0032,0.00238,0.01399,0.001805,4.618E-4,19.45,0.2849,1.389,5.113,6.161,0.4261,0.809,0.5441,3.181,0.4182,0.1157,0.0,0.0,0.0,0.0,0.0,0.0,0.0,0.0,0.0,0.0,0.0,0.471,0.01909,1.921,0.6431,0.1159,1.431,0.9239,0.449,2.248,0.5153,0.1154,7.361E-6,3.92E-6,6.33E-4,1.547E-4,1.319E-5,1.852E-4,1.178E-5,5.419E-6,2.685E-5,6.259E-6,1.661E-6,
0.0,0.0,0.0,0.0,0.0,0.0,0.0,0.0,0.0,0.0,0.0,0.0,0.0,0.0,0.0,0.0,0.0,0.0,0.0,0.0,0.0,0.0,2.8E-6,0.001941,0.02601,2.776,1.144,0.07817,0.2348,0.004285,0.00352,0.01366,0.003455,3.504E-4,0.0,0.0,0.0,0.0,0.0,0.0,0.0,0.0,0.0,0.0,0.0,0.0,0.0,0.0,0.0,0.0,0.0,0.0,0.0,0.0,0.0,0.0,2.295E-22,0.0,7.043,0.8569,0.1094,2.848E-21,0.007749,0.05238,0.8624,0.06355,0.004514,0.0,0.0,0.0,0.0,0.0,0.0,0.0,0.0,0.0,0.0,0.0,0.0,0.0,0.0,0.0,0.0,0.0,0.0,0.0,0.0,0.0,0.0,0.0,0.0,0.0,0.0,0.0,0.0,0.0,0.0,0.0,0.0,0.0,0.0,0.0,0.0,0.0,0.0,0.0,0.0,0.0,0.0,0.0,0.0,0.0,0.0,1.0E-4,19590.0,9.55E25,4153.0,1884.0,234.9,203600.0,4209.0,2492.0,9676.0,3377.0,1886.0,0.3779,279.5,52.93,152.8,21.82,8.796,0.8146,0.6712,3.051,0.6063,0.1312,0.004189,1651.0,115.8,41.47,2.529,9.635,0.003276,0.002821,0.01285,0.002465,4.36E-4,19.45,0.2849,1.376,5.125,6.157,0.4261,0.8265,0.6437,2.921,0.5676,0.1098,0.0,0.0,0.0,0.0,0.0,0.0,0.0,0.0,0.0,0.0,0.0,0.4732,0.01909,1.907,0.6566,0.1129,1.431,0.9124,0.5287,2.101,0.6023,0.1089,7.386E-6,3.92E-6,6.258E-4,1.619E-4,1.315E-5,1.852E-4,1.164E-5,6.358E-6,2.511E-5,7.283E-6,1.585E-6,
0.0,0.0,0.0,0.0,0.0,0.0,0.0,0.0,0.0,0.0,0.0,0.0,0.0,0.0,0.0,0.0,0.0,0.0,0.0,0.0,0.0,0.0,2.8E-6,0.001941,0.02601,2.776,1.144,0.07814,0.2348,0.004184,0.003446,0.01404,0.003311,3.321E-4,0.0,0.0,0.0,0.0,0.0,0.0,0.0,0.0,0.0,0.0,0.0,0.0,0.0,0.0,0.0,0.0,0.0,0.0,0.0,0.0,0.0,0.0,2.294E-22,0.0,7.043,0.8564,0.1049,2.848E-21,0.002142,0.0338,0.9582,0.001825,1.107E-4,0.0,0.0,0.0,0.0,0.0,0.0,0.0,0.0,0.0,0.0,0.0,0.0,0.0,0.0,0.0,0.0,0.0,0.0,0.0,0.0,0.0,0.0,0.0,0.0,0.0,0.0,0.0,0.0,0.0,0.0,0.0,0.0,0.0,0.0,0.0,0.0,0.0,0.0,0.0,0.0,0.0,0.0,0.0,0.0,0.0,0.0,1.0E-4,19590.0,9.55E25,4143.0,1890.0,212.7,203600.0,4145.0,2459.0,9947.0,3282.0,1902.0,0.3779,279.5,52.92,152.8,21.81,8.796,0.8006,0.632,3.261,0.4736,0.121,0.004189,1651.0,115.8,41.47,2.529,9.635,0.003216,0.00265,0.01373,0.00191,3.964E-4,19.45,0.2849,1.375,5.124,6.146,0.4261,0.813,0.6071,3.119,0.4418,0.1006,0.0,0.0,0.0,0.0,0.0,0.0,0.0,0.0,0.0,0.0,0.0,0.4731,0.01909,1.9,0.6623,0.1081,1.431,0.8976,0.5188,2.158,0.5813,0.1032,7.386E-6,3.92E-6,6.251E-4,1.625E-4,1.31E-5,1.852E-4,1.147E-5,6.311E-6,2.574E-5,7.019E-6,1.517E-6,
0.0,0.0,0.0,0.0,0.0,0.0,0.0,0.0,0.0,0.0,0.0,0.0,0.0,0.0,0.0,0.0,0.0,0.0,0.0,0.0,0.0,0.0,2.8E-6,0.001941,0.02601,2.767,1.153,0.07818,0.2348,0.004237,0.003121,0.01424,0.00334,3.268E-4,0.0,0.0,0.0,0.0,0.0,0.0,0.0,0.0,0.0,0.0,0.0,0.0,0.0,0.0,0.0,0.0,0.0,0.0,0.0,0.0,0.0,0.0,2.294E-22,0.0,6.601,1.299,0.1098,2.848E-21,0.005375,0.004779,0.9752,0.004578,2.779E-4,0.0,0.0,0.0,0.0,0.0,0.0,0.0,0.0,0.0,0.0,0.0,0.0,0.0,0.0,0.0,0.0,0.0,0.0,0.0,0.0,0.0,0.0,0.0,0.0,0.0,0.0,0.0,0.0,0.0,0.0,0.0,0.0,0.0,0.0,0.0,0.0,0.0,0.0,0.0,0.0,0.0,0.0,0.0,0.0,0.0,0.0,1.0E-4,19590.0,9.55E25,4115.0,1912.0,238.3,203600.0,4180.0,2234.0,10090.0,3341.0,1860.0,0.3779,279.5,52.27,153.4,21.82,8.799,0.8122,0.5695,3.291,0.4826,0.1188,0.004189,1651.0,115.5,41.76,2.529,9.635,0.003266,0.002386,0.01385,0.001945,3.905E-4,19.45,0.2849,1.369,5.132,6.157,0.4261,0.8241,0.5471,3.148,0.4499,0.09912,0.0,0.0,0.0,0.0,0.0,0.0,0.0,0.0,0.0,0.0,0.0,0.4731,0.01909,1.887,0.6717,0.1137,1.436,0.9056,0.4694,2.189,0.5887,0.09936,7.386E-6,3.92E-6,6.21E-4,1.656E-4,1.316E-5,1.862E-4,1.156E-5,5.728E-6,2.61E-5,7.101E-6,1.477E-6,
0.0,0.0,0.0,0.0,0.0,0.0,0.0,0.0,0.0,0.0,0.0,0.0,0.0,0.0,0.0,0.0,0.0,0.0,0.0,0.0,0.0,0.0,2.8E-6,0.00194,0.02601,2.767,1.153,0.07819,0.2348,0.004233,0.005644,0.01176,0.003277,3.442E-4,0.0,0.0,0.0,0.0,0.0,0.0,0.0,0.0,0.0,0.0,0.0,0.0,0.0,0.0,0.0,0.0,0.0,0.0,0.0,0.0,0.0,0.0,2.294E-22,0.0,6.601,1.299,0.1111,2.848E-21,0.006257,0.005564,0.9711,0.00533,3.235E-4,0.0,0.0,0.0,0.0,0.0,0.0,0.0,0.0,0.0,0.0,0.0,0.0,0.0,0.0,0.0,0.0,0.0,0.0,0.0,0.0,0.0,0.0,0.0,0.0,0.0,0.0,0.0,0.0,0.0,0.0,0.0,0.0,0.0,0.0,0.0,0.0,0.0,0.0,0.0,0.0,0.0,0.0,0.0,0.0,0.0,0.0,1.0E-4,19590.0,9.55E25,4116.0,1913.0,245.9,203600.0,4179.0,3999.0,8402.0,3297.0,1849.0,0.3779,279.5,52.27,153.4,21.83,8.799,0.813,0.8134,3.027,0.4933,0.1231,0.004189,1651.0,115.5,41.76,2.529,9.635,0.003269,0.003417,0.01274,0.001988,4.133E-4,19.45,0.2849,1.369,5.132,6.16,0.4261,0.8248,0.7809,2.895,0.4618,0.1021,0.0,0.0,0.0,0.0,0.0,0.0,0.0,0.0,0.0,0.0,0.0,0.4731,0.01909,1.887,0.6719,0.1153,1.436,0.9051,0.8549,1.812,0.5777,0.1007,7.386E-6,3.92E-6,6.21E-4,1.656E-4,1.318E-5,1.862E-4,1.156E-5,1.027E-5,2.165E-5,7.051E-6,1.411E-6,
0.0,0.0,0.0,0.0,0.0,0.0,0.0,0.0,0.0,0.0,0.0,0.0,0.0,0.0,0.0,0.0,0.0,0.0,0.0,0.0,0.0,0.0,2.8E-6,0.00194,0.02601,2.767,1.152,0.07893,0.2348,0.00426,0.005617,0.01174,0.003314,3.286E-4,0.0,0.0,0.0,0.0,0.0,0.0,0.0,0.0,0.0,0.0,0.0,0.0,0.0,0.0,0.0,0.0,0.0,0.0,0.0,0.0,0.0,0.0,2.294E-22,0.0,6.601,1.299,0.1105,2.848E-21,0.005844,0.005197,0.973,0.004978,3.022E-4,0.0,0.0,0.0,0.0,0.0,0.0,0.0,0.0,0.0,0.0,0.0,0.0,0.0,0.0,0.0,0.0,0.0,0.0,0.0,0.0,0.0,0.0,0.0,0.0,0.0,0.0,0.0,0.0,0.0,0.0,0.0,0.0,0.0,0.0,0.0,0.0,0.0,0.0,0.0,0.0,0.0,0.0,0.0,0.0,0.0,0.0,1.0E-4,19590.0,9.55E25,4115.0,1911.0,243.1,203600.0,4196.0,3983.0,8396.0,3349.0,1807.0,0.3779,279.5,52.27,153.4,21.83,8.799,0.821,0.8087,3.03,0.4958,0.1163,0.004189,1651.0,115.5,41.75,2.529,9.635,0.003303,0.003397,0.01275,0.001992,3.937E-4,19.45,0.2849,1.369,5.132,6.159,0.4261,0.8326,0.7763,2.897,0.4629,0.09734,0.0,0.0,0.0,0.0,0.0,0.0,0.0,0.0,0.0,0.0,0.0,0.4731,0.01909,1.887,0.6714,0.1148,1.436,0.9091,0.851,1.812,0.5817,0.0978,7.386E-6,3.92E-6,6.21E-4,1.655E-4,1.334E-5,1.862E-4,1.16E-5,1.023E-5,2.165E-5,7.124E-6,1.356E-6,
0.0,0.0,0.0,0.0,0.0,0.0,0.0,0.0,0.0,0.0,0.0,0.0,0.0,0.0,0.0,0.0,0.0,0.0,0.0,0.0,0.0,0.0,2.8E-6,0.00194,0.02601,2.653,1.153,0.07888,0.3476,0.004406,0.007279,0.009972,0.003333,3.271E-4,0.0,0.0,0.0,0.0,0.0,0.0,0.0,0.0,0.0,0.0,0.0,0.0,0.0,0.0,0.0,0.0,0.0,0.0,0.0,0.0,0.0,0.0,2.294E-22,0.0,6.6,1.299,0.105,3.918E-21,0.02488,0.1817,0.7883,9.957E-4,1.138E-4,0.0,0.0,0.0,0.0,0.0,0.0,0.0,0.0,0.0,0.0,0.0,0.0,0.0,0.0,0.0,0.0,0.0,0.0,0.0,0.0,0.0,0.0,0.0,0.0,0.0,0.0,0.0,0.0,0.0,0.0,0.0,0.0,0.0,0.0,0.0,0.0,0.0,0.0,0.0,0.0,0.0,0.0,0.0,0.0,0.0,0.0,1.0E-4,19590.0,9.55E25,4025.0,1909.0,211.6,203700.0,4306.0,5160.0,7149.0,3349.0,1813.0,0.3779,279.5,51.46,153.5,21.81,9.479,0.8644,1.22,2.598,0.4891,0.1159,0.004189,1651.0,112.3,41.77,2.529,12.79,0.003486,0.005137,0.01092,0.001966,3.919E-4,19.45,0.2849,1.341,5.132,6.147,0.4523,0.874,1.171,2.483,0.4568,0.09693,0.0,0.0,0.0,0.0,0.0,0.0,0.0,0.0,0.0,0.0,0.0,0.4731,0.01909,1.818,0.6712,0.1078,1.503,0.9321,1.106,1.541,0.5833,0.09756,7.385E-6,3.92E-6,6.084E-4,1.657E-4,1.325E-5,1.986E-4,1.188E-5,1.324E-5,1.846E-5,7.141E-6,1.353E-6,
0.0,0.0,0.0,0.0,0.0,0.0,0.0,0.0,0.0,0.0,0.0,0.0,0.0,0.0,0.0,0.0,0.0,0.0,0.0,0.0,0.0,0.0,2.8E-6,0.00194,0.02601,2.653,1.153,0.07893,0.3476,0.004213,0.00625,0.01114,0.003335,3.328E-4,0.0,0.0,0.0,0.0,0.0,0.0,0.0,0.0,0.0,0.0,0.0,0.0,0.0,0.0,0.0,0.0,0.0,0.0,0.0,0.0,0.0,0.0,2.294E-22,0.0,6.601,1.299,0.1109,3.918E-21,0.001645,0.005036,0.9791,0.002762,3.157E-4,0.0,0.0,0.0,0.0,0.0,0.0,0.0,0.0,0.0,0.0,0.0,0.0,0.0,0.0,0.0,0.0,0.0,0.0,0.0,0.0,0.0,0.0,0.0,0.0,0.0,0.0,0.0,0.0,0.0,0.0,0.0,0.0,0.0,0.0,0.0,0.0,0.0,0.0,0.0,0.0,0.0,0.0,0.0,0.0,0.0,0.0,1.0E-4,19590.0,9.55E25,4027.0,1909.0,238.3,203700.0,4171.0,4445.0,7978.0,3342.0,1811.0,0.3779,279.5,51.46,152.7,22.63,9.479,0.8134,0.8062,3.043,0.4891,0.1188,0.004189,1651.0,112.3,41.76,2.536,12.79,0.00327,0.003385,0.0128,0.001968,4.039E-4,19.45,0.2849,1.342,5.109,6.184,0.4523,0.8251,0.7732,2.91,0.4573,0.09965,0.0,0.0,0.0,0.0,0.0,0.0,0.0,0.0,0.0,0.0,0.0,0.4731,0.01909,1.819,0.6709,0.1142,1.503,0.9026,0.9494,1.722,0.5812,0.09842,7.385E-6,3.92E-6,6.084E-4,1.656E-4,1.343E-5,1.986E-4,1.153E-5,1.139E-5,2.058E-5,7.12E-6,1.363E-6,
0.0,0.0,0.0,0.0,0.0,0.0,0.0,0.0,0.0,0.0,0.0,0.0,0.0,0.0,0.0,0.0,0.0,0.0,0.0,0.0,0.0,0.0,2.8E-6,0.00194,0.02601,2.653,1.153,0.07894,0.3476,0.004193,0.006259,0.01111,0.003385,3.133E-4,0.0,0.0,0.0,0.0,0.0,0.0,0.0,0.0,0.0,0.0,0.0,0.0,0.0,0.0,0.0,0.0,0.0,0.0,0.0,0.0,0.0,0.0,2.294E-22,0.0,6.601,1.3,0.1124,3.918E-21,0.001922,0.005883,0.9756,0.003226,3.688E-4,0.0,0.0,0.0,0.0,0.0,0.0,0.0,0.0,0.0,0.0,0.0,0.0,0.0,0.0,0.0,0.0,0.0,0.0,0.0,0.0,0.0,0.0,0.0,0.0,0.0,0.0,0.0,0.0,0.0,0.0,0.0,0.0,0.0,0.0,0.0,0.0,0.0,0.0,0.0,0.0,0.0,0.0,0.0,0.0,0.0,0.0,1.0E-4,19590.0,9.55E25,4028.0,1910.0,245.5,203700.0,4165.0,4459.0,7962.0,3356.0,1796.0,0.3779,279.5,51.46,152.7,22.64,9.479,0.8239,0.802,3.021,0.5042,0.1152,0.004189,1651.0,112.3,41.76,2.536,12.79,0.003314,0.003364,0.01271,0.002033,3.894E-4,19.45,0.2849,1.342,5.109,6.188,0.4523,0.8351,0.7699,2.888,0.4719,0.09638,0.0,0.0,0.0,0.0,0.0,0.0,0.0,0.0,0.0,0.0,0.0,0.4731,0.01909,1.819,0.6711,0.1157,1.503,0.9003,0.9513,1.717,0.5879,0.09522,7.385E-6,3.92E-6,6.085E-4,1.656E-4,1.345E-5,1.986E-4,1.15E-5,1.146E-5,2.047E-5,7.199E-6,1.325E-6,
0.0,0.0,0.0,0.0,0.0,0.0,0.0,0.0,0.0,0.0,0.0,0.0,0.0,0.0,0.0,0.0,0.0,0.0,0.0,0.0,0.0,0.0,2.8E-6,0.00194,0.02601,2.653,1.152,0.07918,0.3476,0.00418,0.006246,0.01125,0.0033,3.32E-4,0.0,0.0,0.0,0.0,0.0,0.0,0.0,0.0,0.0,0.0,0.0,0.0,0.0,0.0,0.0,0.0,0.0,0.0,0.0,0.0,0.0,0.0,2.294E-22,0.0,6.6,1.299,0.1062,3.918E-21,8.043E-4,0.002462,0.9898,0.00135,1.544E-4,0.0,0.0,0.0,0.0,0.0,0.0,0.0,0.0,0.0,0.0,0.0,0.0,0.0,0.0,0.0,0.0,0.0,0.0,0.0,0.0,0.0,0.0,0.0,0.0,0.0,0.0,0.0,0.0,0.0,0.0,0.0,0.0,0.0,0.0,0.0,0.0,0.0,0.0,0.0,0.0,0.0,0.0,0.0,0.0,0.0,0.0,1.0E-4,19600.0,9.55E25,4022.0,1897.0,233.5,203700.0,4158.0,4449.0,8089.0,3318.0,1752.0,0.3779,279.5,51.46,151.7,23.66,9.479,0.8228,0.7921,3.051,0.5013,0.1175,0.004189,1651.0,112.3,41.75,2.54,12.79,0.003309,0.003322,0.01283,0.002022,3.991E-4,19.45,0.2849,1.341,5.094,6.188,0.4523,0.834,0.7604,2.915,0.4694,0.09854,0.0,0.0,0.0,0.0,0.0,0.0,0.0,0.0,0.0,0.0,0.0,0.4731,0.01909,1.818,0.6702,0.1112,1.503,0.8984,0.9492,1.739,0.5732,0.09825,7.385E-6,3.92E-6,6.083E-4,1.654E-4,1.362E-5,1.986E-4,1.148E-5,1.144E-5,2.074E-5,7.026E-6,1.36E-6,
0.0,0.0,0.0,0.0,0.0,0.0,0.0,0.0,0.0,0.0,0.0,0.0,0.0,0.0,0.0,0.0,0.0,0.0,0.0,0.0,0.0,0.0,2.8E-6,0.00194,0.02601,2.648,1.158,0.07921,0.3476,0.004121,0.006329,0.01118,0.00332,3.206E-4,0.0,0.0,0.0,0.0,0.0,0.0,0.0,0.0,0.0,0.0,0.0,0.0,0.0,0.0,0.0,0.0,0.0,0.0,0.0,0.0,0.0,0.0,2.294E-22,0.0,6.601,1.299,0.1107,3.918E-21,0.001621,0.004961,0.9794,0.00272,3.11E-4,0.0,0.0,0.0,0.0,0.0,0.0,0.0,0.0,0.0,0.0,0.0,0.0,0.0,0.0,0.0,0.0,0.0,0.0,0.0,0.0,0.0,0.0,0.0,0.0,0.0,0.0,0.0,0.0,0.0,0.0,0.0,0.0,0.0,0.0,0.0,0.0,0.0,0.0,0.0,0.0,0.0,0.0,0.0,0.0,0.0,0.0,1.0E-4,19610.0,9.55E25,4023.0,1901.0,253.7,203700.0,4123.0,4502.0,8040.0,3387.0,1681.0,0.3779,279.5,51.43,151.7,23.67,9.479,0.8242,0.8039,3.021,0.5065,0.1159,0.004189,1651.0,112.2,41.9,2.54,12.79,0.003315,0.003372,0.01271,0.002042,3.947E-4,19.45,0.2849,1.341,5.096,6.198,0.4523,0.8353,0.7718,2.887,0.4741,0.09727,0.0,0.0,0.0,0.0,0.0,0.0,0.0,0.0,0.0,0.0,0.0,0.4731,0.01909,1.817,0.6719,0.1156,1.503,0.89,0.9614,1.728,0.5782,0.0947,7.386E-6,3.92E-6,6.08E-4,1.657E-4,1.368E-5,1.986E-4,1.138E-5,1.158E-5,2.061E-5,7.086E-6,1.317E-6,
0.0,0.0,0.0,0.0,0.0,0.0,0.0,0.0,0.0,0.0,0.0,0.0,0.0,0.0,0.0,0.0,0.0,0.0,0.0,0.0,0.0,0.0,2.8E-6,0.001958,0.02601,2.648,1.158,0.07918,0.3476,0.004152,0.006338,0.01095,0.003527,3.258E-4,0.0,0.0,0.0,0.0,0.0,0.0,0.0,0.0,0.0,0.0,0.0,0.0,0.0,0.0,0.0,0.0,0.0,0.0,0.0,0.0,0.0,0.0,2.294E-22,0.0,6.6,1.299,0.1059,3.918E-21,0.004474,0.001865,0.9845,0.001791,0.002256,0.0,0.0,0.0,0.0,0.0,0.0,0.0,0.0,0.0,0.0,0.0,0.0,0.0,0.0,0.0,0.0,0.0,0.0,0.0,0.0,0.0,0.0,0.0,0.0,0.0,0.0,0.0,0.0,0.0,0.0,0.0,0.0,0.0,0.0,0.0,0.0,0.0,0.0,0.0,0.0,0.0,0.0,0.0,0.0,0.0,0.0,1.0E-4,19630.0,9.55E25,4021.0,1898.0,231.4,203700.0,4147.0,4507.0,7903.0,3510.0,1685.0,0.3827,279.5,51.43,151.7,23.66,9.479,0.8305,0.8009,3.014,0.519,0.1155,0.004209,1651.0,112.2,41.9,2.54,12.79,0.003342,0.003359,0.01268,0.002097,3.937E-4,19.45,0.2849,1.34,5.095,6.187,0.4523,0.8413,0.7689,2.88,0.4867,0.09706,0.0,0.0,0.0,0.0,0.0,0.0,0.0,0.0,0.0,0.0,0.0,0.476,0.01909,1.816,0.6713,0.1107,1.503,0.8948,0.9627,1.695,0.6084,0.09521,7.42E-6,3.92E-6,6.08E-4,1.657E-4,1.362E-5,1.986E-4,1.144E-5,1.16E-5,2.022E-5,7.44E-6,1.323E-6,
0.0,0.0,0.0,0.0,0.0,0.0,0.0,0.0,0.0,0.0,0.0,0.0,0.0,0.0,0.0,0.0,0.0,0.0,0.0,0.0,0.0,0.0,2.8E-6,0.001958,0.02601,2.631,1.175,0.07922,0.3476,0.00419,0.006358,0.01082,0.003533,3.461E-4,0.0,0.0,0.0,0.0,0.0,0.0,0.0,0.0,0.0,0.0,0.0,0.0,0.0,0.0,0.0,0.0,0.0,0.0,0.0,0.0,0.0,0.0,2.294E-22,0.0,6.601,1.3,0.1126,3.918E-21,0.01153,0.004804,0.9601,0.004614,0.005811,0.0,0.0,0.0,0.0,0.0,0.0,0.0,0.0,0.0,0.0,0.0,0.0,0.0,0.0,0.0,0.0,0.0,0.0,0.0,0.0,0.0,0.0,0.0,0.0,0.0,0.0,0.0,0.0,0.0,0.0,0.0,0.0,0.0,0.0,0.0,0.0,0.0,0.0,0.0,0.0,0.0,0.0,0.0,0.0,0.0,0.0,1.0E-4,19630.0,9.55E25,4010.0,1915.0,258.4,203700.0,4185.0,4517.0,7814.0,3555.0,1649.0,0.3827,279.5,51.1,152.1,23.68,9.479,0.8474,0.8084,2.961,0.5207,0.1243,0.004209,1651.0,111.5,42.55,2.54,12.79,0.00341,0.003393,0.01245,0.002107,4.309E-4,19.45,0.2849,1.334,5.104,6.202,0.4523,0.8581,0.7754,2.828,0.4888,0.1054,0.0,0.0,0.0,0.0,0.0,0.0,0.0,0.0,0.0,0.0,0.0,0.476,0.01909,1.81,0.6787,0.1166,1.503,0.9017,0.9657,1.676,0.6069,0.09819,7.42E-6,3.92E-6,6.053E-4,1.685E-4,1.369E-5,1.986E-4,1.156E-5,1.159E-5,1.999E-5,7.427E-6,1.358E-6,
0.0,0.0,0.0,0.0,0.0,0.0,0.0,0.0,0.0,0.0,0.0,0.0,0.0,0.0,0.0,0.0,0.0,0.0,0.0,0.0,0.0,0.0,2.8E-6,0.001958,0.02601,2.619,1.186,0.07921,0.3476,0.004164,0.00637,0.0105,0.003825,3.934E-4,0.0,0.0,0.0,0.0,0.0,0.0,0.0,0.0,0.0,0.0,0.0,0.0,0.0,0.0,0.0,0.0,0.0,0.0,0.0,0.0,0.0,0.0,2.294E-22,0.0,6.601,1.3,0.1126,6.79E-21,0.006522,0.003652,0.9181,0.05027,0.008232,0.0,0.0,0.0,0.0,0.0,0.0,0.0,0.0,0.0,0.0,0.0,0.0,0.0,0.0,0.0,0.0,0.0,0.0,0.0,0.0,0.0,0.0,0.0,0.0,0.0,0.0,0.0,0.0,0.0,0.0,0.0,0.0,0.0,0.0,0.0,0.0,0.0,0.0,0.0,0.0,0.0,0.0,0.0,0.0,0.0,0.0,1.0E-4,19630.0,9.55E25,3953.0,1928.0,255.7,203700.0,4167.0,4525.0,7604.0,3760.0,1667.0,0.3827,279.5,49.89,152.3,23.68,10.45,0.8372,0.8098,2.852,0.6263,0.1361,0.004209,1651.0,105.0,42.9,2.54,18.98,0.003367,0.003399,0.01199,0.002556,4.81E-4,19.45,0.2849,1.278,5.113,6.202,0.4985,0.8483,0.7768,2.724,0.5907,0.1168,0.0,0.0,0.0,0.0,0.0,0.0,0.0,0.0,0.0,0.0,0.0,0.476,0.01909,1.757,0.6856,0.116,1.549,0.8977,0.9675,1.63,0.6488,0.1052,7.42E-6,3.92E-6,5.79E-4,1.711E-4,1.368E-5,2.222E-4,1.152E-5,1.161E-5,1.944E-5,7.931E-6,1.443E-6,
0.0,0.0,0.0,0.0,0.0,0.0,0.0,0.0,0.0,0.0,0.0,0.0,0.0,0.0,0.0,0.0,0.0,0.0,0.0,0.0,0.0,0.0,2.8E-6,0.001958,0.02601,2.619,1.186,0.07922,0.3476,0.004183,0.006343,0.01048,0.003827,4.104E-4,0.0,0.0,0.0,0.0,0.0,0.0,0.0,0.0,0.0,0.0,0.0,0.0,0.0,0.0,0.0,0.0,0.0,0.0,0.0,0.0,0.0,0.0,2.294E-22,0.0,6.601,1.3,0.113,6.79E-21,0.006766,0.003789,0.915,0.05215,0.008539,0.0,0.0,0.0,0.0,0.0,0.0,0.0,0.0,0.0,0.0,0.0,0.0,0.0,0.0,0.0,0.0,0.0,0.0,0.0,0.0,0.0,0.0,0.0,0.0,0.0,0.0,0.0,0.0,0.0,0.0,0.0,0.0,0.0,0.0,0.0,0.0,0.0,0.0,0.0,0.0,0.0,0.0,0.0,0.0,0.0,0.0,1.0E-4,19630.0,9.55E25,3954.0,1928.0,257.5,203700.0,4194.0,4494.0,7599.0,3776.0,1651.0,0.3827,279.5,49.89,152.3,23.68,10.45,0.8426,0.805,2.845,0.6345,0.133,0.004209,1651.0,105.0,42.9,2.54,18.98,0.003387,0.003382,0.01196,0.002566,4.925E-4,19.45,0.2849,1.278,5.114,6.203,0.4985,0.8542,0.7713,2.717,0.5937,0.1187,0.0,0.0,0.0,0.0,0.0,0.0,0.0,0.0,0.0,0.0,0.0,0.476,0.01909,1.757,0.6856,0.1164,1.549,0.9016,0.9625,1.628,0.6502,0.1066,7.42E-6,3.92E-6,5.79E-4,1.711E-4,1.369E-5,2.222E-4,1.162E-5,1.15E-5,1.941E-5,8.044E-6,1.363E-6,
0.0,0.0,0.0,0.0,0.0,0.0,0.0,0.0,0.0,0.0,0.0,0.0,0.0,0.0,0.0,0.0,0.0,0.0,0.0,0.0,0.0,0.0,2.8E-6,0.001958,0.02601,2.616,1.189,0.0792,0.3476,0.004049,0.006459,0.01062,0.00375,3.897E-4,0.0,0.0,0.0,0.0,0.0,0.0,0.0,0.0,0.0,0.0,0.0,0.0,0.0,0.0,0.0,0.0,0.0,0.0,0.0,0.0,0.0,0.0,2.294E-22,0.0,6.601,1.299,0.1109,6.79E-21,0.005535,0.0031,0.9667,0.00648,0.006987,0.0,0.0,0.0,0.0,0.0,0.0,0.0,0.0,0.0,0.0,0.0,0.0,0.0,0.0,0.0,0.0,0.0,0.0,0.0,0.0,0.0,0.0,0.0,0.0,0.0,0.0,0.0,0.0,0.0,0.0,0.0,0.0,0.0,0.0,0.0,0.0,0.0,0.0,0.0,0.0,0.0,0.0,0.0,0.0,0.0,0.0,1.0E-4,19630.0,9.55E25,3912.0,1968.0,249.2,203700.0,4112.0,4566.0,7699.0,3709.0,1637.0,0.3827,279.5,49.74,152.5,23.67,10.45,0.8403,0.8079,2.951,0.5381,0.1294,0.004209,1651.0,104.6,43.29,2.54,18.98,0.003376,0.003394,0.0124,0.002159,4.77E-4,19.45,0.2849,1.274,5.117,6.198,0.4985,0.8519,0.7742,2.818,0.5014,0.1152,0.0,0.0,0.0,0.0,0.0,0.0,0.0,0.0,0.0,0.0,0.0,0.476,0.01909,1.753,0.6893,0.1145,1.549,0.8822,0.9793,1.648,0.638,0.1035,7.42E-6,3.92E-6,5.776E-4,1.725E-4,1.366E-5,2.221E-4,1.139E-5,1.17E-5,1.965E-5,7.9E-6,1.327E-6,
0.0,0.0,0.0,0.0,0.0,0.0,0.0,0.0,0.0,0.0,0.0,0.0,0.0,0.0,0.0,0.0,0.0,0.0,0.0,0.0,0.0,0.0,2.8E-6,0.001958,0.02601,2.616,1.189,0.07921,0.3476,0.004116,0.006407,0.01058,0.003755,4.038E-4,0.0,0.0,0.0,0.0,0.0,0.0,0.0,0.0,0.0,0.0,0.0,0.0,0.0,0.0,0.0,0.0,0.0,0.0,0.0,0.0,0.0,0.0,2.294E-22,0.0,6.601,1.299,0.1113,6.79E-21,0.005771,0.003232,0.9653,0.006756,0.007284,0.0,0.0,0.0,0.0,0.0,0.0,0.0,0.0,0.0,0.0,0.0,0.0,0.0,0.0,0.0,0.0,0.0,0.0,0.0,0.0,0.0,0.0,0.0,0.0,0.0,0.0,0.0,0.0,0.0,0.0,0.0,0.0,0.0,0.0,0.0,0.0,0.0,0.0,0.0,0.0,0.0,0.0,0.0,0.0,0.0,0.0,1.0E-4,19630.0,9.55E25,3906.0,1974.0,251.0,203700.0,4156.0,4533.0,7678.0,3709.0,1644.0,0.3827,279.5,49.74,152.5,23.68,10.45,0.8462,0.8048,2.946,0.5377,0.1303,0.004209,1651.0,104.6,43.29,2.54,18.98,0.003401,0.003381,0.01238,0.002158,4.81E-4,19.45,0.2849,1.274,5.117,6.199,0.4985,0.8576,0.7712,2.814,0.5011,0.1161,0.0,0.0,0.0,0.0,0.0,0.0,0.0,0.0,0.0,0.0,0.0,0.476,0.01909,1.744,0.6985,0.1149,1.549,0.8922,0.9716,1.642,0.6387,0.1056,7.42E-6,3.92E-6,5.769E-4,1.731E-4,1.367E-5,2.221E-4,1.151E-5,1.161E-5,1.958E-5,7.908E-6,1.351E-6,
0.0,0.0,0.0,0.0,0.0,0.0,0.0,0.0,0.0,0.0,0.0,0.0,0.0,0.0,0.0,0.0,0.0,0.0,0.0,0.0,0.0,0.0,2.8E-6,0.001958,0.02601,2.613,1.193,0.07918,0.3476,0.004151,0.006345,0.01065,0.003761,3.817E-4,0.0,0.0,0.0,0.0,0.0,0.0,0.0,0.0,0.0,0.0,0.0,0.0,0.0,0.0,0.0,0.0,0.0,0.0,0.0,0.0,0.0,0.0,2.294E-22,0.0,6.6,1.299,0.106,6.79E-21,0.002589,0.00145,0.9844,0.003031,0.003268,0.0,0.0,0.0,0.0,0.0,0.0,0.0,0.0,0.0,0.0,0.0,0.0,0.0,0.0,0.0,0.0,0.0,0.0,0.0,0.0,0.0,0.0,0.0,0.0,0.0,0.0,0.0,0.0,0.0,0.0,0.0,0.0,0.0,0.0,0.0,0.0,0.0,0.0,0.0,0.0,0.0,0.0,0.0,0.0,0.0,0.0,1.0E-4,19640.0,9.55E25,3896.0,1980.0,231.3,203700.0,4179.0,4491.0,7737.0,3713.0,1617.0,0.3827,279.5,49.59,152.6,23.66,10.45,0.8431,0.7981,2.985,0.5325,0.1209,0.004209,1651.0,104.2,43.65,2.54,18.98,0.003388,0.003353,0.01255,0.002135,4.424E-4,19.45,0.2849,1.269,5.119,6.187,0.4985,0.8546,0.7648,2.851,0.496,0.1072,0.0,0.0,0.0,0.0,0.0,0.0,0.0,0.0,0.0,0.0,0.0,0.476,0.01909,1.734,0.7072,0.1107,1.549,0.8975,0.9623,1.654,0.6404,0.1012,7.42E-6,3.92E-6,5.754E-4,1.746E-4,1.362E-5,2.221E-4,1.157E-5,1.15E-5,1.972E-5,7.926E-6,1.301E-6,
0.0,0.0,0.0,0.0,0.0,0.0,0.0,0.0,0.0,0.0,0.0,0.0,0.0,0.0,0.0,0.0,0.0,0.0,0.0,0.0,0.0,0.0,2.8E-6,0.001963,0.02601,2.606,1.198,0.08018,0.3476,0.004188,0.006332,0.01055,0.003806,3.725E-4,0.0,0.0,0.0,0.0,0.0,0.0,0.0,0.0,0.0,0.0,0.0,0.0,0.0,0.0,0.0,0.0,0.0,0.0,0.0,0.0,0.0,0.0,2.294E-22,0.0,6.203,1.697,0.1113,6.79E-21,0.005765,0.003228,0.9653,0.006749,0.007276,0.0,0.0,0.0,0.0,0.0,0.0,0.0,0.0,0.0,0.0,0.0,0.0,0.0,0.0,0.0,0.0,0.0,0.0,0.0,0.0,0.0,0.0,0.0,0.0,0.0,0.0,0.0,0.0,0.0,0.0,0.0,0.0,0.0,0.0,0.0,0.0,0.0,0.0,0.0,0.0,0.0,0.0,0.0,0.0,0.0,0.0,1.0E-4,19660.0,9.55E25,3878.0,1999.0,255.3,203700.0,4203.0,4493.0,7658.0,3763.0,1581.0,0.3852,279.5,49.01,152.4,24.45,10.45,0.8558,0.8001,2.938,0.5469,0.1218,0.004217,1651.0,104.0,43.79,2.658,18.98,0.003442,0.003359,0.01235,0.002196,4.496E-4,19.46,0.2849,1.265,5.115,6.21,0.4985,0.8669,0.7662,2.806,0.5098,0.1089,0.0,0.0,0.0,0.0,0.0,0.0,0.0,0.0,0.0,0.0,0.0,0.4815,0.01909,1.727,0.7138,0.1171,1.548,0.9029,0.9625,1.637,0.6475,0.09488,7.462E-6,3.92E-6,5.725E-4,1.771E-4,1.403E-5,2.22E-4,1.163E-5,1.15E-5,1.952E-5,8.01E-6,1.248E-6,
0.0,0.0,0.0,0.0,0.0,0.0,0.0,0.0,0.0,0.0,0.0,0.0,0.0,0.0,0.0,0.0,0.0,0.0,0.0,0.0,0.0,0.0,2.8E-6,0.001963,0.02601,2.579,1.223,0.08288,0.3476,0.004083,0.006471,0.01006,0.004343,3.368E-4,0.0,0.0,0.0,0.0,0.0,0.0,0.0,0.0,0.0,0.0,0.0,0.0,0.0,0.0,0.0,0.0,0.0,0.0,0.0,0.0,0.0,0.0,2.294E-22,0.0,6.202,1.697,0.1056,6.79E-21,0.002374,0.001329,0.9245,0.06398,0.002996,0.0,0.0,0.0,0.0,0.0,0.0,0.0,0.0,0.0,0.0,0.0,0.0,0.0,0.0,0.0,0.0,0.0,0.0,0.0,0.0,0.0,0.0,0.0,0.0,0.0,0.0,0.0,0.0,0.0,0.0,0.0,0.0,0.0,0.0,0.0,0.0,0.0,0.0,0.0,0.0,0.0,0.0,0.0,0.0,0.0,0.0,1.0E-4,19660.0,9.55E25,3862.0,2008.0,234.3,203700.0,4138.0,4579.0,7330.0,4121.0,1557.0,0.3852,279.5,48.83,150.6,26.41,10.45,0.8491,0.8014,2.825,0.6911,0.1118,0.004217,1651.0,103.3,44.43,2.718,18.98,0.003414,0.003365,0.01187,0.002807,4.076E-4,19.46,0.2849,1.258,5.054,6.263,0.4985,0.8604,0.7675,2.698,0.6483,0.09939,0.0,0.0,0.0,0.0,0.0,0.0,0.0,0.0,0.0,0.0,0.0,0.4815,0.01909,1.72,0.7153,0.1168,1.548,0.8877,0.9826,1.562,0.7288,0.08949,7.462E-6,3.92E-6,5.695E-4,1.798E-4,1.43E-5,2.219E-4,1.145E-5,1.173E-5,1.864E-5,8.967E-6,1.185E-6,
0.0,0.0,0.0,0.0,0.0,0.0,0.0,0.0,0.0,0.0,0.0,0.0,0.0,0.0,0.0,0.0,0.0,0.0,0.0,0.0,0.0,0.0,2.8E-6,0.001963,0.02601,2.577,1.224,0.08292,0.3476,0.004086,0.006498,0.009756,0.004529,3.756E-4,0.0,0.0,0.0,0.0,0.0,0.0,0.0,0.0,0.0,0.0,0.0,0.0,0.0,0.0,0.0,0.0,0.0,0.0,0.0,0.0,0.0,0.0,2.294E-22,0.0,6.203,1.698,0.1129,6.79E-21,0.00672,0.003763,0.8606,0.1069,0.008482,0.0,0.0,0.0,0.0,0.0,0.0,0.0,0.0,0.0,0.0,0.0,0.0,0.0,0.0,0.0,0.0,0.0,0.0,0.0,0.0,0.0,0.0,0.0,0.0,0.0,0.0,0.0,0.0,0.0,0.0,0.0,0.0,0.0,0.0,0.0,0.0,0.0,0.0,0.0,0.0,0.0,0.0,0.0,0.0,0.0,0.0,1.0E-4,19660.0,9.55E25,3853.0,2023.0,262.6,203700.0,4143.0,4603.0,7117.0,4253.0,1574.0,0.3852,279.5,48.5,150.9,26.43,10.45,0.8627,0.8106,2.668,0.794,0.1227,0.004217,1651.0,103.0,44.73,2.718,18.98,0.003471,0.003401,0.01121,0.003236,4.604E-4,19.46,0.2849,1.255,5.06,6.279,0.4985,0.8734,0.7759,2.548,0.7458,0.1111,0.0,0.0,0.0,0.0,0.0,0.0,0.0,0.0,0.0,0.0,0.0,0.4815,0.01909,1.714,0.7225,0.1229,1.548,0.8883,0.9895,1.514,0.7581,0.09414,7.462E-6,3.92E-6,5.677E-4,1.817E-4,1.437E-5,2.219E-4,1.146E-5,1.18E-5,1.808E-5,9.331E-6,1.218E-6,
0.0,0.0,0.0,0.0,0.0,0.0,0.0,0.0,0.0,0.0,0.0,0.0,0.0,0.0,0.0,0.0,0.0,0.0,0.0,0.0,0.0,0.0,2.8E-6,0.001963,0.02601,2.577,1.224,0.08292,0.3476,0.004105,0.006475,0.009774,0.00451,3.791E-4,0.0,0.0,0.0,0.0,0.0,0.0,0.0,0.0,0.0,0.0,0.0,0.0,0.0,0.0,0.0,0.0,0.0,0.0,0.0,0.0,0.0,0.0,2.294E-22,0.0,6.203,1.698,0.1131,6.79E-21,0.006804,0.00381,0.8588,0.1082,0.008588,0.0,0.0,0.0,0.0,0.0,0.0,0.0,0.0,0.0,0.0,0.0,0.0,0.0,0.0,0.0,0.0,0.0,0.0,0.0,0.0,0.0,0.0,0.0,0.0,0.0,0.0,0.0,0.0,0.0,0.0,0.0,0.0,0.0,0.0,0.0,0.0,0.0,0.0,0.0,0.0,0.0,0.0,0.0,0.0,0.0,0.0,1.0E-4,19650.0,9.55E25,3853.0,2023.0,263.2,203700.0,4156.0,4588.0,7147.0,4261.0,1587.0,0.3852,279.5,48.5,150.9,26.43,10.45,0.8676,0.8075,2.662,0.7957,0.1248,0.004217,1651.0,103.0,44.73,2.718,18.98,0.003492,0.003388,0.01118,0.003242,4.707E-4,19.46,0.2849,1.255,5.06,6.279,0.4985,0.8781,0.7729,2.542,0.7474,0.1134,0.0,0.0,0.0,0.0,0.0,0.0,0.0,0.0,0.0,0.0,0.0,0.4815,0.01909,1.714,0.7225,0.123,1.548,0.8912,0.986,1.517,0.7578,0.09184,7.462E-6,3.92E-6,5.676E-4,1.817E-4,1.437E-5,2.218E-4,1.15E-5,1.176E-5,1.812E-5,9.317E-6,1.199E-6,
0.0,0.0,0.0,0.0,0.0,0.0,0.0,0.0,0.0,0.0,0.0,0.0,0.0,0.0,0.0,0.0,0.0,0.0,0.0,0.0,0.0,0.0,2.8E-6,0.001963,0.02601,2.577,1.224,0.08293,0.3476,0.004119,0.00646,0.009772,0.004522,3.711E-4,0.0,0.0,0.0,0.0,0.0,0.0,0.0,0.0,0.0,0.0,0.0,0.0,0.0,0.0,0.0,0.0,0.0,0.0,0.0,0.0,0.0,0.0,2.294E-22,0.0,6.203,1.698,0.1131,6.79E-21,0.006804,0.00381,0.8588,0.1082,0.008588,0.0,0.0,0.0,0.0,0.0,0.0,0.0,0.0,0.0,0.0,0.0,0.0,0.0,0.0,0.0,0.0,0.0,0.0,0.0,0.0,0.0,0.0,0.0,0.0,0.0,0.0,0.0,0.0,0.0,0.0,0.0,0.0,0.0,0.0,0.0,0.0,0.0,0.0,0.0,0.0,0.0,0.0,0.0,0.0,0.0,0.0,1.0E-4,19650.0,9.55E25,3853.0,2021.0,265.1,203700.0,4167.0,4593.0,7129.0,4277.0,1573.0,0.3852,279.5,48.5,150.2,27.17,10.45,0.8713,0.8046,2.663,0.7948,0.1247,0.004217,1651.0,103.0,44.73,2.724,18.98,0.003507,0.003373,0.01119,0.003238,4.704E-4,19.46,0.2849,1.255,5.038,6.302,0.4985,0.8817,0.7708,2.541,0.7465,0.1133,0.0,0.0,0.0,0.0,0.0,0.0,0.0,0.0,0.0,0.0,0.0,0.4815,0.01909,1.714,0.7216,0.1239,1.548,0.8934,0.9848,1.515,0.7595,0.09055,7.462E-6,3.92E-6,5.676E-4,1.816E-4,1.448E-5,2.218E-4,1.152E-5,1.18E-5,1.805E-5,9.338E-6,1.184E-6,
0.0,0.0,0.0,0.0,0.0,0.0,0.0,0.0,0.0,0.0,0.0,0.0,0.0,0.0,0.0,0.0,0.0,0.0,0.0,0.0,0.0,0.0,2.8E-6,0.001963,0.02601,2.557,1.245,0.08293,0.3476,0.004123,0.006472,0.009754,0.004524,3.692E-4,0.0,0.0,0.0,0.0,0.0,0.0,0.0,0.0,0.0,0.0,0.0,0.0,0.0,0.0,0.0,0.0,0.0,0.0,0.0,0.0,0.0,0.0,2.294E-22,0.0,6.203,1.698,0.1131,6.79E-21,0.006804,0.00381,0.8588,0.1082,0.008588,0.0,0.0,0.0,0.0,0.0,0.0,0.0,0.0,0.0,0.0,0.0,0.0,0.0,0.0,0.0,0.0,0.0,0.0,0.0,0.0,0.0,0.0,0.0,0.0,0.0,0.0,0.0,0.0,0.0,0.0,0.0,0.0,0.0,0.0,0.0,0.0,0.0,0.0,0.0,0.0,0.0,0.0,0.0,0.0,0.0,0.0,1.0E-4,19650.0,9.55E25,3839.0,2035.0,265.1,203700.0,4171.0,4609.0,7108.0,4277.0,1574.0,0.3852,279.5,48.18,150.5,27.17,10.45,0.8731,0.8092,2.656,0.7948,0.1247,0.004217,1651.0,102.3,45.39,2.724,18.98,0.003515,0.00339,0.01116,0.003238,4.704E-4,19.46,0.2849,1.247,5.045,6.302,0.4985,0.8834,0.7748,2.536,0.7465,0.1133,0.0,0.0,0.0,0.0,0.0,0.0,0.0,0.0,0.0,0.0,0.0,0.4815,0.01909,1.707,0.7283,0.1239,1.548,0.8941,0.9886,1.511,0.7599,0.09025,7.462E-6,3.92E-6,5.649E-4,1.843E-4,1.448E-5,2.218E-4,1.153E-5,1.184E-5,1.8E-5,9.342E-6,1.18E-6,
0.0,0.0,0.0,0.0,0.0,0.0,0.0,0.0,0.0,0.0,0.0,0.0,0.0,0.0,0.0,0.0,0.0,0.0,0.0,0.0,0.0,0.0,2.8E-6,0.001963,0.02601,2.549,1.253,0.08293,0.3476,0.004139,0.006485,0.009709,0.004543,3.672E-4,0.0,0.0,0.0,0.0,0.0,0.0,0.0,0.0,0.0,0.0,0.0,0.0,0.0,0.0,0.0,0.0,0.0,0.0,0.0,0.0,0.0,0.0,2.294E-22,0.0,6.203,1.698,0.1131,6.79E-21,0.006804,0.00381,0.8588,0.1082,0.008588,0.0,0.0,0.0,0.0,0.0,0.0,0.0,0.0,0.0,0.0,0.0,0.0,0.0,0.0,0.0,0.0,0.0,0.0,0.0,0.0,0.0,0.0,0.0,0.0,0.0,0.0,0.0,0.0,0.0,0.0,0.0,0.0,0.0,0.0,0.0,0.0,0.0,0.0,0.0,0.0,0.0,0.0,0.0,0.0,0.0,0.0,1.0E-4,19650.0,9.55E25,3834.0,2040.0,265.1,203700.0,4182.0,4619.0,7077.0,4310.0,1552.0,0.3852,279.5,48.13,150.6,27.17,10.45,0.8769,0.816,2.644,0.7964,0.1243,0.004217,1651.0,102.1,45.62,2.724,18.98,0.003531,0.003419,0.01111,0.003246,4.686E-4,19.46,0.2849,1.246,5.047,6.302,0.4985,0.8871,0.7814,2.524,0.7482,0.1129,0.0,0.0,0.0,0.0,0.0,0.0,0.0,0.0,0.0,0.0,0.0,0.4815,0.01909,1.704,0.731,0.1239,1.548,0.8965,0.9905,1.504,0.7627,0.08992,7.462E-6,3.92E-6,5.642E-4,1.85E-4,1.448E-5,2.217E-4,1.156E-5,1.186E-5,1.792E-5,9.376E-6,1.177E-6,
0.0,0.0,0.0,0.0,0.0,0.0,0.0,0.0,0.0,0.0,0.0,0.0,0.0,0.0,0.0,0.0,0.0,0.0,0.0,0.0,0.0,0.0,2.8E-6,0.001963,0.02601,2.549,1.253,0.08292,0.3476,0.004109,0.006489,0.01016,0.004145,3.585E-4,0.0,0.0,0.0,0.0,0.0,0.0,0.0,0.0,0.0,0.0,0.0,0.0,0.0,0.0,0.0,0.0,0.0,0.0,0.0,0.0,0.0,0.0,2.294E-22,0.0,6.203,1.697,0.111,6.79E-21,0.001868,0.004737,0.9279,0.04731,0.006995,0.0,0.0,0.0,0.0,0.0,0.0,0.0,0.0,0.0,0.0,0.0,0.0,0.0,0.0,0.0,0.0,0.0,0.0,0.0,0.0,0.0,0.0,0.0,0.0,0.0,0.0,0.0,0.0,0.0,0.0,0.0,0.0,0.0,0.0,0.0,0.0,0.0,0.0,0.0,0.0,0.0,0.0,0.0,0.0,0.0,0.0,1.0E-4,19650.0,9.55E25,3833.0,2039.0,256.1,203700.0,4162.0,4631.0,7388.0,4029.0,1631.0,0.3852,279.5,48.13,150.6,27.16,10.45,0.8681,0.8172,2.802,0.6558,0.1206,0.004217,1651.0,102.1,45.62,2.724,18.98,0.003494,0.003416,0.01179,0.002651,4.53E-4,19.46,0.2849,1.245,5.046,6.297,0.4985,0.8785,0.7808,2.677,0.6134,0.1095,0.0,0.0,0.0,0.0,0.0,0.0,0.0,0.0,0.0,0.0,0.0,0.4814,0.01909,1.704,0.7307,0.122,1.548,0.8919,0.9915,1.572,0.7018,0.08863,7.461E-6,3.92E-6,5.642E-4,1.85E-4,1.446E-5,2.217E-4,1.15E-5,1.19E-5,1.87E-5,8.657E-6,1.162E-6,
0.0,0.0,0.0,0.0,0.0,0.0,0.0,0.0,0.0,0.0,0.0,0.0,0.0,0.0,0.0,0.0,0.0,0.0,0.0,0.0,0.0,0.0,2.8E-6,0.001963,0.02601,2.549,1.253,0.08315,0.3476,0.004115,0.006502,0.0104,0.003879,3.591E-4,0.0,0.0,0.0,0.0,0.0,0.0,0.0,0.0,0.0,0.0,0.0,0.0,0.0,0.0,0.0,0.0,0.0,0.0,0.0,0.0,0.0,0.0,2.294E-22,0.0,6.203,1.697,0.1118,3.918E-21,0.002038,0.005167,0.9676,0.005355,0.00763,0.0,0.0,0.0,0.0,0.0,0.0,0.0,0.0,0.0,0.0,0.0,0.0,0.0,0.0,0.0,0.0,0.0,0.0,0.0,0.0,0.0,0.0,0.0,0.0,0.0,0.0,0.0,0.0,0.0,0.0,0.0,0.0,0.0,0.0,0.0,0.0,0.0,0.0,0.0,0.0,0.0,0.0,0.0,0.0,0.0,0.0,1.0E-4,19650.0,9.55E25,3828.0,2016.0,288.9,203700.0,4166.0,4648.0,7552.0,3920.0,1607.0,0.3852,279.5,48.13,148.5,29.29,10.45,0.87,0.8223,2.889,0.5577,0.1226,0.004217,1651.0,102.1,45.61,2.734,18.98,0.003502,0.003436,0.01216,0.002237,4.615E-4,19.46,0.2849,1.245,4.9,6.445,0.4985,0.8803,0.7854,2.761,0.5195,0.1114,0.0,0.0,0.0,0.0,0.0,0.0,0.0,0.0,0.0,0.0,0.0,0.4814,0.01909,1.703,0.7303,0.1246,1.548,0.8928,0.9955,1.607,0.6612,0.08862,7.461E-6,3.92E-6,5.636E-4,1.853E-4,1.467E-5,2.216E-4,1.151E-5,1.195E-5,1.911E-5,8.179E-6,1.161E-6,
0.0,0.0,0.0,0.0,0.0,0.0,0.0,0.0,0.0,0.0,0.0,0.0,0.0,0.0,0.0,0.0,0.0,0.0,0.0,0.0,0.0,0.0,2.8E-6,0.001963,0.02601,2.533,1.268,0.08312,0.3476,0.004121,0.006477,0.01031,0.004031,3.488E-4,0.0,0.0,0.0,0.0,0.0,0.0,0.0,0.0,0.0,0.0,0.0,0.0,0.0,0.0,0.0,0.0,0.0,0.0,0.0,0.0,0.0,0.0,2.294E-22,0.0,6.04,1.859,0.1062,3.918E-21,9.164E-4,0.001322,0.9867,0.002074,0.003431,0.0,0.0,0.0,0.0,0.0,0.0,0.0,0.0,0.0,0.0,0.0,0.0,0.0,0.0,0.0,0.0,0.0,0.0,0.0,0.0,0.0,0.0,0.0,0.0,0.0,0.0,0.0,0.0,0.0,0.0,0.0,0.0,0.0,0.0,0.0,0.0,0.0,0.0,0.0,0.0,0.0,0.0,0.0,0.0,0.0,0.0,1.0E-4,19650.0,9.55E25,3807.0,2033.0,268.1,203700.0,4170.0,4630.0,7495.0,4041.0,1582.0,0.3852,279.5,48.02,148.6,29.28,10.45,0.8711,0.812,2.925,0.5532,0.1158,0.004217,1651.0,101.7,46.05,2.734,18.98,0.003507,0.003392,0.01231,0.00222,4.326E-4,19.46,0.2849,1.241,4.903,6.433,0.4985,0.8815,0.7755,2.795,0.5154,0.1048,0.0,0.0,0.0,0.0,0.0,0.0,0.0,0.0,0.0,0.0,0.0,0.4814,0.01909,1.695,0.7372,0.1201,1.548,0.8938,0.9916,1.594,0.6845,0.0868,7.461E-6,3.92E-6,5.606E-4,1.883E-4,1.461E-5,2.216E-4,1.153E-5,1.19E-5,1.895E-5,8.453E-6,1.141E-6,
0.0,0.0,0.0,0.0,0.0,0.0,0.0,0.0,0.0,0.0,0.0,0.0,0.0,0.0,0.0,0.0,0.0,0.0,0.0,0.0,0.0,0.0,2.8E-6,0.001963,0.02601,2.531,1.27,0.08313,0.3476,0.004141,0.00647,0.01029,0.004031,3.554E-4,0.0,0.0,0.0,0.0,0.0,0.0,0.0,0.0,0.0,0.0,0.0,0.0,0.0,0.0,0.0,0.0,0.0,0.0,0.0,0.0,0.0,0.0,2.294E-22,0.0,6.041,1.859,0.1066,3.918E-21,9.908E-4,0.00143,0.9857,0.002243,0.00371,0.0,0.0,0.0,0.0,0.0,0.0,0.0,0.0,0.0,0.0,0.0,0.0,0.0,0.0,0.0,0.0,0.0,0.0,0.0,0.0,0.0,0.0,0.0,0.0,0.0,0.0,0.0,0.0,0.0,0.0,0.0,0.0,0.0,0.0,0.0,0.0,0.0,0.0,0.0,0.0,0.0,0.0,0.0,0.0,0.0,0.0,1.0E-4,19650.0,9.55E25,3801.0,2039.0,270.2,203700.0,4184.0,4627.0,7491.0,4047.0,1567.0,0.3852,279.5,48.02,148.6,29.28,10.45,0.877,0.812,2.919,0.5524,0.1156,0.004217,1651.0,101.7,46.05,2.734,18.98,0.003531,0.003392,0.01228,0.002219,4.322E-4,19.46,0.2849,1.241,4.903,6.434,0.4985,0.8871,0.7755,2.789,0.515,0.1047,0.0,0.0,0.0,0.0,0.0,0.0,0.0,0.0,0.0,0.0,0.0,0.4814,0.01909,1.693,0.7393,0.1205,1.548,0.8968,0.9907,1.592,0.6831,0.08761,7.461E-6,3.92E-6,5.599E-4,1.891E-4,1.462E-5,2.216E-4,1.156E-5,1.189E-5,1.893E-5,8.434E-6,1.151E-6,
0.0,0.0,0.0,0.0,0.0,0.0,0.0,0.0,0.0,0.0,0.0,0.0,0.0,0.0,0.0,0.0,0.0,0.0,0.0,0.0,0.0,0.0,2.8E-6,0.001963,0.02601,2.521,1.278,0.08575,0.3476,0.004152,0.006503,0.01023,0.003979,3.877E-4,0.0,0.0,0.0,0.0,0.0,0.0,0.0,0.0,0.0,0.0,0.0,0.0,0.0,0.0,0.0,0.0,0.0,0.0,0.0,0.0,0.0,0.0,2.294E-22,0.0,6.041,1.859,0.1117,3.918E-21,0.002019,0.002913,0.9708,0.00457,0.00756,0.0,0.0,0.0,0.0,0.0,0.0,0.0,0.0,0.0,0.0,0.0,0.0,0.0,0.0,0.0,0.0,0.0,0.0,0.0,0.0,0.0,0.0,0.0,0.0,0.0,0.0,0.0,0.0,0.0,0.0,0.0,0.0,0.0,0.0,0.0,0.0,0.0,0.0,0.0,0.0,0.0,0.0,0.0,0.0,0.0,0.0,1.0E-4,19650.0,9.55E25,3790.0,2049.0,297.0,203700.0,4191.0,4650.0,7495.0,3984.0,1569.0,0.3852,279.5,47.73,148.7,29.41,10.45,0.8813,0.8226,2.864,0.5707,0.1235,0.004217,1651.0,100.9,46.55,3.032,18.98,0.00355,0.003437,0.01204,0.002298,4.655E-4,19.46,0.2849,1.229,4.913,6.448,0.4985,0.8912,0.7857,2.735,0.5329,0.1122,0.0,0.0,0.0,0.0,0.0,0.0,0.0,0.0,0.0,0.0,0.0,0.4814,0.01909,1.684,0.7468,0.1277,1.548,0.8984,0.9957,1.584,0.6737,0.09255,7.461E-6,3.92E-6,5.563E-4,1.915E-4,1.57E-5,2.215E-4,1.158E-5,1.195E-5,1.885E-5,8.316E-6,1.21E-6,
0.0,0.0,0.0,0.0,0.0,0.0,0.0,0.0,0.0,0.0,0.0,0.0,0.0,0.0,0.0,0.0,0.0,0.0,0.0,0.0,0.0,0.0,2.8E-6,0.001963,0.02601,2.521,1.278,0.08575,0.3476,0.004164,0.006499,0.01019,0.004015,3.697E-4,0.0,0.0,0.0,0.0,0.0,0.0,0.0,0.0,0.0,0.0,0.0,0.0,0.0,0.0,0.0,0.0,0.0,0.0,0.0,0.0,0.0,0.0,2.294E-22,0.0,6.041,1.86,0.1124,3.918E-21,0.002162,0.003119,0.9687,0.004894,0.008095,0.0,0.0,0.0,0.0,0.0,0.0,0.0,0.0,0.0,0.0,0.0,0.0,0.0,0.0,0.0,0.0,0.0,0.0,0.0,0.0,0.0,0.0,0.0,0.0,0.0,0.0,0.0,0.0,0.0,0.0,0.0,0.0,0.0,0.0,0.0,0.0,0.0,0.0,0.0,0.0,0.0,0.0,0.0,0.0,0.0,0.0,1.0E-4,19650.0,9.55E25,3790.0,2050.0,300.5,203700.0,4199.0,4650.0,7485.0,4009.0,1560.0,0.3852,279.5,47.73,148.7,29.41,10.45,0.8853,0.8213,2.851,0.5777,0.1245,0.004217,1651.0,100.9,46.55,3.032,18.98,0.003567,0.003432,0.01199,0.002328,4.701E-4,19.46,0.2849,1.23,4.913,6.45,0.4985,0.8951,0.7845,2.723,0.5398,0.1132,0.0,0.0,0.0,0.0,0.0,0.0,0.0,0.0,0.0,0.0,0.0,0.4814,0.01909,1.684,0.7469,0.1285,1.548,0.9002,0.995,1.58,0.6789,0.08966,7.461E-6,3.92E-6,5.563E-4,1.915E-4,1.571E-5,2.215E-4,1.16E-5,1.194E-5,1.88E-5,8.376E-6,1.175E-6,
0.0,0.0,0.0,0.0,0.0,0.0,0.0,0.0,0.0,0.0,0.0,0.0,0.0,0.0,0.0,0.0,0.0,0.0,0.0,0.0,0.0,0.0,2.8E-6,0.001963,0.02601,2.499,1.3,0.08575,0.3476,0.004191,0.006481,0.0102,0.004,3.652E-4,0.0,0.0,0.0,0.0,0.0,0.0,0.0,0.0,0.0,0.0,0.0,0.0,0.0,0.0,0.0,0.0,0.0,0.0,0.0,0.0,0.0,0.0,2.294E-22,0.0,5.941,1.96,0.1125,3.918E-21,0.002188,0.003157,0.9684,0.004952,0.008192,0.0,0.0,0.0,0.0,0.0,0.0,0.0,0.0,0.0,0.0,0.0,0.0,0.0,0.0,0.0,0.0,0.0,0.0,0.0,0.0,0.0,0.0,0.0,0.0,0.0,0.0,0.0,0.0,0.0,0.0,0.0,0.0,0.0,0.0,0.0,0.0,0.0,0.0,0.0,0.0,0.0,0.0,0.0,0.0,0.0,0.0,1.0E-4,19650.0,9.55E25,3775.0,2065.0,301.1,203700.0,4217.0,4638.0,7510.0,3982.0,1622.0,0.3852,279.5,47.46,149.0,29.41,10.45,0.8929,0.8173,2.842,0.5856,0.1219,0.004217,1651.0,100.6,46.83,3.032,18.98,0.003599,0.003414,0.01195,0.002362,4.598E-4,19.46,0.2849,1.226,4.917,6.45,0.4985,0.9025,0.7805,2.714,0.5475,0.1109,0.0,0.0,0.0,0.0,0.0,0.0,0.0,0.0,0.0,0.0,0.0,0.4813,0.01909,1.678,0.7529,0.1286,1.547,0.9043,0.9924,1.582,0.6763,0.08855,7.46E-6,3.92E-6,5.54E-4,1.939E-4,1.571E-5,2.215E-4,1.165E-5,1.191E-5,1.882E-5,8.342E-6,1.163E-6,
0.0,0.0,0.0,0.0,0.0,0.0,0.0,0.0,0.0,0.0,0.0,0.0,0.0,0.0,0.0,0.0,0.0,0.0,0.0,0.0,0.0,0.0,2.8E-6,0.001971,0.02601,2.461,1.316,0.08573,0.3691,0.004246,0.006542,0.009351,0.004763,3.502E-4,0.0,0.0,0.0,0.0,0.0,0.0,0.0,0.0,0.0,0.0,0.0,0.0,0.0,0.0,0.0,0.0,0.0,0.0,0.0,0.0,0.0,0.0,2.294E-22,0.0,5.583,2.318,0.1108,3.918E-21,0.00982,0.01463,0.8437,0.114,0.006847,0.0,0.0,0.0,0.0,0.0,0.0,0.0,0.0,0.0,0.0,0.0,0.0,0.0,0.0,0.0,0.0,0.0,0.0,0.0,0.0,0.0,0.0,0.0,0.0,0.0,0.0,0.0,0.0,0.0,0.0,0.0,0.0,0.0,0.0,0.0,0.0,0.0,0.0,0.0,0.0,0.0,0.0,0.0,0.0,0.0,0.0,1.0E-4,19660.0,9.55E25,3732.0,2086.0,289.7,203700.0,4265.0,4678.0,6926.0,4497.0,1609.0,0.3881,279.5,41.67,149.6,29.4,15.66,0.9163,0.8374,2.551,0.8413,0.116,0.004229,1651.0,99.93,47.31,3.032,19.14,0.003691,0.003505,0.01071,0.003448,4.346E-4,19.46,0.2849,1.046,4.924,6.446,0.6713,0.9234,0.8011,2.436,0.792,0.1052,0.0,0.0,0.0,0.0,0.0,0.0,0.0,0.0,0.0,0.0,0.0,0.4827,0.01909,1.623,0.7698,0.126,1.585,0.9132,1.002,1.453,0.7914,0.08622,7.477E-6,3.92E-6,5.48E-4,1.973E-4,1.568E-5,2.24E-4,1.178E-5,1.2E-5,1.737E-5,9.632E-6,1.135E-6,
0.0,0.0,0.0,0.0,0.0,0.0,0.0,0.0,0.0,0.0,0.0,0.0,0.0,0.0,0.0,0.0,0.0,0.0,0.0,0.0,0.0,0.0,2.8E-6,0.001971,0.02601,2.461,1.317,0.08575,0.3691,0.004278,0.006475,0.009308,0.004814,3.618E-4,0.0,0.0,0.0,0.0,0.0,0.0,0.0,0.0,0.0,0.0,0.0,0.0,0.0,0.0,0.0,0.0,0.0,0.0,0.0,0.0,0.0,0.0,2.293E-22,0.0,5.583,2.318,0.1131,3.918E-21,0.01231,0.005812,0.8416,0.1179,0.008583,0.0,0.0,0.0,0.0,0.0,0.0,0.0,0.0,0.0,0.0,0.0,0.0,0.0,0.0,0.0,0.0,0.0,0.0,0.0,0.0,0.0,0.0,0.0,0.0,0.0,0.0,0.0,0.0,0.0,0.0,0.0,0.0,0.0,0.0,0.0,0.0,0.0,0.0,0.0,0.0,0.0,0.0,0.0,0.0,0.0,0.0,1.0E-4,19660.0,9.55E25,3724.0,2096.0,299.3,203700.0,4289.0,4629.0,6894.0,4534.0,1673.0,0.3881,279.5,41.37,149.9,29.41,15.66,0.9283,0.8129,2.546,0.8481,0.1199,0.004229,1651.0,99.06,48.19,3.032,19.14,0.003742,0.003401,0.01069,0.00348,4.512E-4,19.46,0.2849,1.039,4.932,6.451,0.6713,0.935,0.7776,2.431,0.799,0.109,0.0,0.0,0.0,0.0,0.0,0.0,0.0,0.0,0.0,0.0,0.0,0.4827,0.01909,1.614,0.7791,0.1281,1.585,0.9181,0.9913,1.448,0.797,0.08801,7.476E-6,3.92E-6,5.448E-4,2.005E-4,1.571E-5,2.24E-4,1.183E-5,1.188E-5,1.731E-5,9.704E-6,1.157E-6,
0.0,0.0,0.0,0.0,0.0,0.0,0.0,0.0,0.0,0.0,0.0,0.0,0.0,0.0,0.0,0.0,0.0,0.0,0.0,0.0,0.0,0.0,2.8E-6,0.001971,0.02601,2.444,1.333,0.08575,0.3691,0.004308,0.006447,0.009356,0.004767,3.587E-4,0.0,0.0,0.0,0.0,0.0,0.0,0.0,0.0,0.0,0.0,0.0,0.0,0.0,0.0,0.0,0.0,0.0,0.0,0.0,0.0,0.0,0.0,2.293E-22,0.0,5.583,2.318,0.1131,3.918E-21,0.01231,0.005812,0.8416,0.1179,0.008583,0.0,0.0,0.0,0.0,0.0,0.0,0.0,0.0,0.0,0.0,0.0,0.0,0.0,0.0,0.0,0.0,0.0,0.0,0.0,0.0,0.0,0.0,0.0,0.0,0.0,0.0,0.0,0.0,0.0,0.0,0.0,0.0,0.0,0.0,0.0,0.0,0.0,0.0,0.0,0.0,0.0,0.0,0.0,0.0,0.0,0.0,1.0E-4,19660.0,9.55E25,3712.0,2108.0,299.3,203700.0,4309.0,4614.0,6942.0,4485.0,1676.0,0.3881,279.5,41.26,150.0,29.41,15.66,0.9388,0.8065,2.541,0.8494,0.1199,0.004229,1651.0,98.5,48.75,3.032,19.14,0.003787,0.003365,0.01068,0.003485,4.511E-4,19.46,0.2849,1.034,4.936,6.451,0.6713,0.945,0.7696,2.428,0.8003,0.109,0.0,0.0,0.0,0.0,0.0,0.0,0.0,0.0,0.0,0.0,0.0,0.4827,0.01909,1.609,0.7844,0.1281,1.584,0.9227,0.9874,1.456,0.7894,0.08746,7.476E-6,3.92E-6,5.425E-4,2.028E-4,1.571E-5,2.239E-4,1.189E-5,1.186E-5,1.737E-5,9.612E-6,1.15E-6,
0.0,0.0,0.0,0.0,0.0,0.0,0.0,0.0,0.0,0.0,0.0,0.0,0.0,0.0,0.0,0.0,0.0,0.0,0.0,0.0,0.0,0.0,2.8E-6,0.001971,0.02601,2.444,1.333,0.08575,0.3691,0.004366,0.006389,0.009339,0.004784,3.592E-4,0.0,0.0,0.0,0.0,0.0,0.0,0.0,0.0,0.0,0.0,0.0,0.0,0.0,0.0,0.0,0.0,0.0,0.0,0.0,0.0,0.0,0.0,2.293E-22,0.0,5.583,2.318,0.1131,3.918E-21,0.01231,0.005812,0.8416,0.1179,0.008583,0.0,0.0,0.0,0.0,0.0,0.0,0.0,0.0,0.0,0.0,0.0,0.0,0.0,0.0,0.0,0.0,0.0,0.0,0.0,0.0,0.0,0.0,0.0,0.0,0.0,0.0,0.0,0.0,0.0,0.0,0.0,0.0,0.0,0.0,0.0,0.0,0.0,0.0,0.0,0.0,0.0,0.0,0.0,0.0,0.0,0.0,1.0E-4,19660.0,9.55E25,3707.0,2113.0,299.3,203700.0,4348.0,4589.0,6915.0,4498.0,1695.0,0.3881,279.5,41.26,150.0,29.41,15.66,0.9465,0.8035,2.536,0.8499,0.1199,0.004229,1651.0,98.5,48.75,3.032,19.14,0.003819,0.003349,0.01066,0.003488,4.512E-4,19.46,0.2849,1.034,4.937,6.451,0.6713,0.9525,0.7662,2.423,0.8008,0.1091,0.0,0.0,0.0,0.0,0.0,0.0,0.0,0.0,0.0,0.0,0.0,0.4827,0.01909,1.601,0.7918,0.1281,1.584,0.9313,0.9813,1.45,0.792,0.08755,7.476E-6,3.92E-6,5.419E-4,2.033E-4,1.571E-5,2.238E-4,1.199E-5,1.179E-5,1.731E-5,9.643E-6,1.151E-6,
0.0,0.0,0.0,0.0,0.0,0.0,0.0,0.0,0.0,0.0,0.0,0.0,0.0,0.0,0.0,0.0,0.0,0.0,0.0,0.0,0.0,0.0,2.8E-6,0.001971,0.02601,2.42,1.358,0.08575,0.3691,0.004384,0.006379,0.009388,0.004726,3.594E-4,0.0,0.0,0.0,0.0,0.0,0.0,0.0,0.0,0.0,0.0,0.0,0.0,0.0,0.0,0.0,0.0,0.0,0.0,0.0,0.0,0.0,0.0,2.293E-22,0.0,5.583,2.318,0.1132,3.918E-21,0.01247,0.005886,0.8523,0.1067,0.008692,0.0,0.0,0.0,0.0,0.0,0.0,0.0,0.0,0.0,0.0,0.0,0.0,0.0,0.0,0.0,0.0,0.0,0.0,0.0,0.0,0.0,0.0,0.0,0.0,0.0,0.0,0.0,0.0,0.0,0.0,0.0,0.0,0.0,0.0,0.0,0.0,0.0,0.0,0.0,0.0,0.0,0.0,0.0,0.0,0.0,0.0,1.0E-4,19660.0,9.55E25,3701.0,2119.0,299.9,203700.0,4361.0,4581.0,6949.0,4463.0,1727.0,0.3881,279.5,41.19,150.1,29.41,15.66,0.9507,0.8019,2.558,0.8246,0.1201,0.004229,1651.0,98.44,48.81,3.032,19.14,0.003837,0.003342,0.01075,0.003381,4.522E-4,19.46,0.2849,1.033,4.937,6.451,0.6713,0.9565,0.7646,2.444,0.7766,0.1093,0.0,0.0,0.0,0.0,0.0,0.0,0.0,0.0,0.0,0.0,0.0,0.4827,0.01909,1.6,0.7936,0.1282,1.584,0.934,0.9799,1.458,0.7831,0.08758,7.476E-6,3.92E-6,5.413E-4,2.04E-4,1.571E-5,2.238E-4,1.202E-5,1.177E-5,1.74E-5,9.539E-6,1.152E-6,
0.0,0.0,0.0,0.0,0.0,0.0,0.0,0.0,0.0,0.0,0.0,0.0,0.0,0.0,0.0,0.0,0.0,0.0,0.0,0.0,0.0,0.0,2.8E-6,0.001971,0.02601,2.42,1.358,0.08589,0.3691,0.004428,0.006326,0.009382,0.004741,3.594E-4,0.0,0.0,0.0,0.0,0.0,0.0,0.0,0.0,0.0,0.0,0.0,0.0,0.0,0.0,0.0,0.0,0.0,0.0,0.0,0.0,0.0,0.0,2.293E-22,0.0,5.583,2.318,0.1132,3.918E-21,0.01247,0.005886,0.8523,0.1067,0.008692,0.0,0.0,0.0,0.0,0.0,0.0,0.0,0.0,0.0,0.0,0.0,0.0,0.0,0.0,0.0,0.0,0.0,0.0,0.0,0.0,0.0,0.0,0.0,0.0,0.0,0.0,0.0,0.0,0.0,0.0,0.0,0.0,0.0,0.0,0.0,0.0,0.0,0.0,0.0,0.0,0.0,0.0,0.0,0.0,0.0,0.0,1.0E-4,19660.0,9.55E25,3701.0,2117.0,302.2,203700.0,4390.0,4546.0,6942.0,4475.0,1727.0,0.3881,279.5,41.19,149.6,29.84,15.66,0.962,0.7925,2.556,0.8246,0.1201,0.004229,1651.0,98.44,48.81,3.034,19.14,0.003885,0.003302,0.01075,0.003381,4.522E-4,19.46,0.2849,1.033,4.934,6.454,0.6713,0.9674,0.7556,2.442,0.7766,0.1093,0.0,0.0,0.0,0.0,0.0,0.0,0.0,0.0,0.0,0.0,0.0,0.4827,0.01909,1.6,0.7933,0.1285,1.584,0.9406,0.9719,1.457,0.7855,0.08758,7.476E-6,3.92E-6,5.412E-4,2.039E-4,1.582E-5,2.237E-4,1.21E-5,1.167E-5,1.739E-5,9.567E-6,1.152E-6,
0.0,0.0,0.0,0.0,0.0,0.0,0.0,0.0,0.0,0.0,0.0,0.0,0.0,0.0,0.0,0.0,0.0,0.0,0.0,0.0,0.0,0.0,2.8E-6,0.001971,0.02601,2.42,1.357,0.08651,0.3691,0.004427,0.006368,0.009426,0.004654,3.6E-4,0.0,0.0,0.0,0.0,0.0,0.0,0.0,0.0,0.0,0.0,0.0,0.0,0.0,0.0,0.0,0.0,0.0,0.0,0.0,0.0,0.0,0.0,2.293E-22,0.0,5.583,2.318,0.1134,3.918E-21,0.01263,0.005962,0.8632,0.09524,0.008804,0.0,0.0,0.0,0.0,0.0,0.0,0.0,0.0,0.0,0.0,0.0,0.0,0.0,0.0,0.0,0.0,0.0,0.0,0.0,0.0,0.0,0.0,0.0,0.0,0.0,0.0,0.0,0.0,0.0,0.0,0.0,0.0,0.0,0.0,0.0,0.0,0.0,0.0,0.0,0.0,0.0,0.0,0.0,0.0,0.0,0.0,1.0E-4,19660.0,9.55E25,3701.0,2116.0,303.9,203700.0,4390.0,4574.0,6977.0,4459.0,1679.0,0.3881,279.5,41.19,149.6,29.89,15.66,0.9643,0.7926,2.579,0.7987,0.1204,0.004229,1651.0,98.44,48.78,3.063,19.14,0.003895,0.003302,0.01084,0.003271,4.533E-4,19.46,0.2849,1.033,4.933,6.456,0.6713,0.9696,0.7556,2.464,0.7518,0.1095,0.0,0.0,0.0,0.0,0.0,0.0,0.0,0.0,0.0,0.0,0.0,0.4827,0.01909,1.6,0.7929,0.1291,1.584,0.9405,0.9782,1.463,0.7722,0.08767,7.476E-6,3.92E-6,5.412E-4,2.038E-4,1.593E-5,2.237E-4,1.21E-5,1.175E-5,1.747E-5,9.41E-6,1.153E-6,
0.0,0.0,0.0,0.0,0.0,0.0,0.0,0.0,0.0,0.0,0.0,0.0,0.0,0.0,0.0,0.0,0.0,0.0,0.0,0.0,0.0,0.0,2.8E-6,0.001971,0.02601,2.42,1.357,0.087,0.3691,0.004453,0.006514,0.009766,0.004156,3.458E-4,0.0,0.0,0.0,0.0,0.0,0.0,0.0,0.0,0.0,0.0,0.0,0.0,0.0,0.0,0.0,0.0,0.0,0.0,0.0,0.0,0.0,0.0,2.293E-22,0.0,5.583,2.318,0.1128,3.918E-21,0.01208,0.005702,0.9584,0.005569,0.004735,0.0,0.0,0.0,0.0,0.0,0.0,0.0,0.0,0.0,0.0,0.0,0.0,0.0,0.0,0.0,0.0,0.0,0.0,0.0,0.0,0.0,0.0,0.0,0.0,0.0,0.0,0.0,0.0,0.0,0.0,0.0,0.0,0.0,0.0,0.0,0.0,0.0,0.0,0.0,0.0,0.0,0.0,0.0,0.0,0.0,0.0,1.0E-4,19660.0,9.55E25,3669.0,2146.0,305.8,203700.0,4408.0,4682.0,7230.0,4101.0,1653.0,0.3881,279.5,41.18,149.4,30.04,15.66,0.9705,0.8113,2.762,0.5976,0.1153,0.004229,1651.0,98.44,48.77,3.077,19.14,0.003921,0.003381,0.01161,0.002422,4.316E-4,19.46,0.2849,1.033,4.927,6.46,0.6713,0.9756,0.7735,2.639,0.5592,0.1046,0.0,0.0,0.0,0.0,0.0,0.0,0.0,0.0,0.0,0.0,0.0,0.4827,0.01909,1.59,0.8007,0.1304,1.584,0.9444,1.001,1.516,0.6957,0.08559,7.476E-6,3.92E-6,5.403E-4,2.044E-4,1.613E-5,2.236E-4,1.214E-5,1.201E-5,1.808E-5,8.507E-6,1.128E-6,
0.0,0.0,0.0,0.0,0.0,0.0,0.0,0.0,0.0,0.0,0.0,0.0,0.0,0.0,0.0,0.0,0.0,0.0,0.0,0.0,0.0,0.0,2.8E-6,0.001971,0.02601,2.42,1.329,0.1148,0.3691,0.004466,0.006578,0.009722,0.004062,4.063E-4,0.0,0.0,0.0,0.0,0.0,0.0,0.0,0.0,0.0,0.0,0.0,0.0,0.0,0.0,0.0,0.0,0.0,0.0,0.0,0.0,0.0,0.0,2.293E-22,0.0,5.583,2.318,0.113,3.918E-21,0.01223,0.005773,0.9579,0.005638,0.004794,0.0,0.0,0.0,0.0,0.0,0.0,0.0,0.0,0.0,0.0,0.0,0.0,0.0,0.0,0.0,0.0,0.0,0.0,0.0,0.0,0.0,0.0,0.0,0.0,0.0,0.0,0.0,0.0,0.0,0.0,0.0,0.0,0.0,0.0,0.0,0.0,0.0,0.0,0.0,0.0,0.0,0.0,0.0,0.0,0.0,0.0,1.0E-4,19660.0,9.55E25,3669.0,2135.0,317.1,203700.0,4418.0,4726.0,7206.0,4013.0,1742.0,0.3881,279.5,41.18,146.6,32.88,15.66,0.9777,0.8111,2.753,0.5986,0.1154,0.004229,1651.0,98.44,47.98,3.866,19.14,0.003952,0.00338,0.01158,0.002427,4.32E-4,19.46,0.2849,1.033,4.855,6.533,0.6713,0.9825,0.7733,2.631,0.5602,0.1047,0.0,0.0,0.0,0.0,0.0,0.0,0.0,0.0,0.0,0.0,0.0,0.4827,0.01909,1.59,0.797,0.1343,1.584,0.9464,1.01,1.509,0.6807,0.09524,7.476E-6,3.92E-6,5.403E-4,2.036E-4,1.696E-5,2.235E-4,1.217E-5,1.213E-5,1.801E-5,8.327E-6,1.244E-6,
0.0,0.0,0.0,0.0,0.0,0.0,0.0,0.0,0.0,0.0,0.0,0.0,0.0,0.0,0.0,0.0,0.0,0.0,0.0,0.0,0.0,0.0,2.8E-6,0.001971,0.02601,2.419,1.329,0.1148,0.3693,0.004475,0.006548,0.009698,0.00418,3.321E-4,0.0,0.0,0.0,0.0,0.0,0.0,0.0,0.0,0.0,0.0,0.0,0.0,0.0,0.0,0.0,0.0,0.0,0.0,0.0,0.0,0.0,0.0,2.293E-22,0.0,5.583,2.318,0.113,3.918E-21,0.01223,0.005773,0.9579,0.005638,0.004794,0.0,0.0,0.0,0.0,0.0,0.0,0.0,0.0,0.0,0.0,0.0,0.0,0.0,0.0,0.0,0.0,0.0,0.0,0.0,0.0,0.0,0.0,0.0,0.0,0.0,0.0,0.0,0.0,0.0,0.0,0.0,0.0,0.0,0.0,0.0,0.0,0.0,0.0,0.0,0.0,0.0,0.0,0.0,0.0,0.0,0.0,1.0E-4,19660.0,9.55E25,3653.0,2135.0,317.1,203800.0,4424.0,4708.0,7181.0,4119.0,1706.0,0.3881,279.5,41.18,146.6,32.88,15.66,0.9811,0.8091,2.752,0.6017,0.1123,0.004229,1651.0,98.43,47.98,3.866,19.14,0.003966,0.003372,0.01157,0.002439,4.193E-4,19.46,0.2849,1.033,4.855,6.533,0.6713,0.9857,0.7714,2.63,0.5631,0.1019,0.0,0.0,0.0,0.0,0.0,0.0,0.0,0.0,0.0,0.0,0.0,0.4826,0.01909,1.587,0.797,0.1343,1.587,0.9479,1.006,1.505,0.6994,0.08336,7.475E-6,3.92E-6,5.389E-4,2.036E-4,1.696E-5,2.249E-4,1.218E-5,1.208E-5,1.796E-5,8.551E-6,1.102E-6,
0.0,0.0,0.0,0.0,0.0,0.0,0.0,0.0,0.0,0.0,0.0,0.0,0.0,0.0,0.0,0.0,0.0,0.0,0.0,0.0,0.0,0.0,2.8E-6,0.001971,0.02601,2.419,1.326,0.1174,0.3693,0.004421,0.006658,0.009469,0.004415,3.193E-4,0.0,0.0,0.0,0.0,0.0,0.0,0.0,0.0,0.0,0.0,0.0,0.0,0.0,0.0,0.0,0.0,0.0,0.0,0.0,0.0,0.0,0.0,2.293E-22,0.0,5.582,2.317,0.1062,3.918E-21,0.003299,0.01931,0.9377,0.03225,0.001926,0.0,0.0,0.0,0.0,0.0,0.0,0.0,0.0,0.0,0.0,0.0,0.0,0.0,0.0,0.0,0.0,0.0,0.0,0.0,0.0,0.0,0.0,0.0,0.0,0.0,0.0,0.0,0.0,0.0,0.0,0.0,0.0,0.0,0.0,0.0,0.0,0.0,0.0,0.0,0.0,0.0,0.0,0.0,0.0,0.0,0.0,1.0E-4,19660.0,9.55E25,3650.0,2128.0,293.3,203800.0,4386.0,4792.0,7021.0,4278.0,1769.0,0.3881,279.5,41.18,144.4,35.07,15.66,0.9607,0.8405,2.7,0.6675,0.1054,0.004229,1651.0,98.43,47.92,3.922,19.14,0.00388,0.003499,0.01136,0.002718,3.9E-4,19.46,0.2849,1.032,4.79,6.581,0.6713,0.9662,0.8003,2.582,0.6263,0.0953,0.0,0.0,0.0,0.0,0.0,0.0,0.0,0.0,0.0,0.0,0.0,0.4826,0.01909,1.586,0.792,0.1329,1.587,0.9396,1.023,1.47,0.735,0.08145,7.475E-6,3.92E-6,5.387E-4,2.034E-4,1.729E-5,2.249E-4,1.209E-5,1.229E-5,1.753E-5,8.97E-6,1.08E-6,
0.0,0.0,0.0,0.0,0.0,0.0,0.0,0.0,0.0,0.0,0.0,0.0,0.0,0.0,0.0,0.0,0.0,0.0,0.0,0.0,0.0,0.0,2.8E-6,0.001971,0.02601,2.419,1.326,0.1181,0.3693,0.004589,0.006616,0.00845,0.005229,3.803E-4,0.0,0.0,0.0,0.0,0.0,0.0,0.0,0.0,0.0,0.0,0.0,0.0,0.0,0.0,0.0,0.0,0.0,0.0,0.0,0.0,0.0,0.0,2.293E-22,0.0,5.583,2.317,0.1097,3.918E-21,0.02943,0.01823,0.7763,0.1541,0.01223,0.0,0.0,0.0,0.0,0.0,0.0,0.0,0.0,0.0,0.0,0.0,0.0,0.0,0.0,0.0,0.0,0.0,0.0,0.0,0.0,0.0,0.0,0.0,0.0,0.0,0.0,0.0,0.0,0.0,0.0,0.0,0.0,0.0,0.0,0.0,0.0,0.0,0.0,0.0,0.0,0.0,0.0,0.0,0.0,0.0,0.0,1.0E-4,19670.0,9.55E25,3651.0,2128.0,304.9,203800.0,4508.0,4771.0,6300.0,4846.0,1828.0,0.3881,279.5,41.18,144.4,35.08,15.66,1.022,0.8371,2.327,0.9492,0.1291,0.004229,1651.0,98.43,47.92,3.923,19.14,0.00414,0.003482,0.009783,0.003912,4.899E-4,19.46,0.2849,1.032,4.791,6.589,0.6713,1.025,0.7968,2.224,0.8969,0.118,0.0,0.0,0.0,0.0,0.0,0.0,0.0,0.0,0.0,0.0,0.0,0.4826,0.01909,1.586,0.7919,0.1355,1.587,0.9654,1.018,1.315,0.8568,0.09095,7.475E-6,3.92E-6,5.387E-4,2.032E-4,1.747E-5,2.248E-4,1.239E-5,1.224E-5,1.571E-5,1.041E-5,1.191E-6,
0.0,0.0,0.0,0.0,0.0,0.0,0.0,0.0,0.0,0.0,0.0,0.0,0.0,0.0,0.0,0.0,0.0,0.0,0.0,0.0,0.0,0.0,2.8E-6,0.001971,0.02601,2.418,1.326,0.1181,0.3693,0.004451,0.006569,0.008355,0.005562,3.019E-4,0.0,0.0,0.0,0.0,0.0,0.0,0.0,0.0,0.0,0.0,0.0,0.0,0.0,0.0,0.0,0.0,0.0,0.0,0.0,0.0,0.0,0.0,2.293E-22,0.0,5.583,2.318,0.1138,3.918E-21,0.004437,0.0142,0.7421,0.2195,0.005141,0.0,0.0,0.0,0.0,0.0,0.0,0.0,0.0,0.0,0.0,0.0,0.0,0.0,0.0,0.0,0.0,0.0,0.0,0.0,0.0,0.0,0.0,0.0,0.0,0.0,0.0,0.0,0.0,0.0,0.0,0.0,0.0,0.0,0.0,0.0,0.0,0.0,0.0,0.0,0.0,0.0,0.0,0.0,0.0,0.0,0.0,1.0E-4,19680.0,9.55E25,3650.0,2132.0,320.2,203800.0,4411.0,4737.0,6229.0,5101.0,1742.0,0.3881,279.5,41.18,144.4,35.09,15.66,0.9681,0.8299,2.248,1.102,0.1058,0.004229,1651.0,98.43,47.92,3.923,19.14,0.003911,0.003452,0.009447,0.004559,3.924E-4,19.46,0.2849,1.033,4.792,6.597,0.6713,0.9732,0.7898,2.148,1.044,0.09582,0.0,0.0,0.0,0.0,0.0,0.0,0.0,0.0,0.0,0.0,0.0,0.4826,0.01909,1.585,0.7939,0.1387,1.587,0.9443,1.011,1.301,0.9082,0.0786,7.475E-6,3.92E-6,5.385E-4,2.035E-4,1.75E-5,2.248E-4,1.214E-5,1.215E-5,1.553E-5,1.102E-5,1.045E-6,
0.0,0.0,0.0,0.0,0.0,0.0,0.0,0.0,0.0,0.0,0.0,0.0,0.0,0.0,0.0,0.0,0.0,0.0,0.0,0.0,0.0,0.0,2.8E-6,0.001971,0.02601,2.396,1.349,0.1181,0.3693,0.004418,0.006546,0.00851,0.00553,2.835E-4,0.0,0.0,0.0,0.0,0.0,0.0,0.0,0.0,0.0,0.0,0.0,0.0,0.0,0.0,0.0,0.0,0.0,0.0,0.0,0.0,0.0,0.0,2.293E-22,0.0,5.582,2.317,0.1057,3.918E-21,4.907E-4,0.002097,0.8397,0.1502,0.002622,0.0,0.0,0.0,0.0,0.0,0.0,0.0,0.0,0.0,0.0,0.0,0.0,0.0,0.0,0.0,0.0,0.0,0.0,0.0,0.0,0.0,0.0,0.0,0.0,0.0,0.0,0.0,0.0,0.0,0.0,0.0,0.0,0.0,0.0,0.0,0.0,0.0,0.0,0.0,0.0,0.0,0.0,0.0,0.0,0.0,0.0,1.0E-4,19680.0,9.55E25,3643.0,2134.0,291.1,203800.0,4391.0,4722.0,6387.0,5030.0,1848.0,0.3881,279.5,41.11,144.5,35.08,15.66,0.9584,0.8059,2.448,0.9681,0.09556,0.004229,1651.0,98.37,47.98,3.923,19.14,0.00387,0.003351,0.01029,0.003998,3.495E-4,19.46,0.2849,1.031,4.791,6.58,0.6713,0.9639,0.7669,2.34,0.9146,0.08618,0.0,0.0,0.0,0.0,0.0,0.0,0.0,0.0,0.0,0.0,0.0,0.4825,0.01909,1.583,0.7942,0.1325,1.587,0.9395,1.008,1.327,0.9012,0.07553,7.474E-6,3.92E-6,5.38E-4,2.039E-4,1.743E-5,2.248E-4,1.209E-5,1.211E-5,1.59E-5,1.087E-5,1.009E-6,
0.0,0.0,0.0,0.0,0.0,0.0,0.0,0.0,0.0,0.0,0.0,0.0,0.0,0.0,0.0,0.0,0.0,0.0,0.0,0.0,0.0,0.0,2.8E-6,0.001971,0.02601,2.387,1.354,0.1222,0.3695,0.004431,0.006549,0.007609,0.006366,3.018E-4,0.0,0.0,0.0,0.0,0.0,0.0,0.0,0.0,0.0,0.0,0.0,0.0,0.0,0.0,0.0,0.0,0.0,0.0,0.0,0.0,0.0,0.0,2.293E-22,0.0,5.583,2.318,0.1111,3.918E-21,0.001161,0.004963,0.6415,0.3347,0.006206,0.0,0.0,0.0,0.0,0.0,0.0,0.0,0.0,0.0,0.0,0.0,0.0,0.0,0.0,0.0,0.0,0.0,0.0,0.0,0.0,0.0,0.0,0.0,0.0,0.0,0.0,0.0,0.0,0.0,0.0,0.0,0.0,0.0,0.0,0.0,0.0,0.0,0.0,0.0,0.0,0.0,0.0,0.0,0.0,0.0,0.0,1.0E-4,19680.0,9.55E25,3614.0,2144.0,310.4,203800.0,4403.0,4723.0,5740.0,5697.0,1793.0,0.3881,279.5,40.92,144.4,35.29,15.67,0.9631,0.811,2.008,1.376,0.1034,0.004229,1651.0,98.09,47.95,4.241,19.14,0.00389,0.003372,0.008425,0.005723,3.824E-4,19.46,0.2849,1.024,4.792,6.6,0.6714,0.9685,0.7717,1.918,1.306,0.09359,0.0,0.0,0.0,0.0,0.0,0.0,0.0,0.0,0.0,0.0,0.0,0.4825,0.01909,1.571,0.7993,0.1371,1.594,0.9415,1.008,1.191,1.027,0.07835,7.474E-6,3.92E-6,5.336E-4,2.056E-4,1.773E-5,2.272E-4,1.211E-5,1.212E-5,1.43E-5,1.235E-5,1.042E-6,
0.0,0.0,0.0,0.0,0.0,0.0,0.0,0.0,0.0,0.0,0.0,0.0,0.0,0.0,0.0,0.0,0.0,0.0,0.0,0.0,0.0,0.0,2.8E-6,0.001984,0.02601,2.386,1.354,0.1228,0.3695,0.004442,0.008637,0.005063,0.006755,3.324E-4,0.0,0.0,0.0,0.0,0.0,0.0,0.0,0.0,0.0,0.0,0.0,0.0,0.0,0.0,0.0,0.0,0.0,0.0,0.0,0.0,0.0,0.0,2.293E-22,0.0,5.583,2.318,0.1135,3.918E-21,0.001445,0.006175,0.554,0.4164,0.00772,0.0,0.0,0.0,0.0,0.0,0.0,0.0,0.0,0.0,0.0,0.0,0.0,0.0,0.0,0.0,0.0,0.0,0.0,0.0,0.0,0.0,0.0,0.0,0.0,0.0,0.0,0.0,0.0,0.0,0.0,0.0,0.0,0.0,0.0,0.0,0.0,0.0,0.0,0.0,0.0,0.0,0.0,0.0,0.0,0.0,0.0,1.0E-4,19690.0,9.55E25,3612.0,2146.0,320.2,203800.0,4414.0,6258.0,3877.0,6027.0,1778.0,0.3919,279.5,40.91,144.4,35.3,15.67,0.9693,1.005,1.613,1.557,0.1067,0.004244,1651.0,98.08,47.95,4.241,19.14,0.003908,0.004199,0.00676,0.006486,3.964E-4,19.46,0.2849,1.024,4.792,6.605,0.6714,0.9728,0.959,1.54,1.479,0.09675,0.0,0.0,0.0,0.0,0.0,0.0,0.0,0.0,0.0,0.0,0.0,0.4847,0.01909,1.57,0.8002,0.1392,1.594,0.9435,1.329,0.7988,1.086,0.08315,7.5E-6,3.92E-6,5.333E-4,2.057E-4,1.789E-5,2.271E-4,1.215E-5,1.589E-5,9.674E-6,1.305E-5,1.099E-6,
0.0,0.0,0.0,0.0,0.0,0.0,0.0,0.0,0.0,0.0,0.0,0.0,0.0,0.0,0.0,0.0,0.0,0.0,0.0,0.0,0.0,0.0,2.8E-6,0.001984,0.02601,2.386,1.354,0.1228,0.3698,0.00446,0.008694,0.004979,0.006787,3.07E-4,0.0,0.0,0.0,0.0,0.0,0.0,0.0,0.0,0.0,0.0,0.0,0.0,0.0,0.0,0.0,0.0,0.0,0.0,0.0,0.0,0.0,0.0,2.293E-22,0.0,5.583,2.318,0.1138,3.918E-21,0.001484,0.006342,0.5552,0.4144,0.007929,0.0,0.0,0.0,0.0,0.0,0.0,0.0,0.0,0.0,0.0,0.0,0.0,0.0,0.0,0.0,0.0,0.0,0.0,0.0,0.0,0.0,0.0,0.0,0.0,0.0,0.0,0.0,0.0,0.0,0.0,0.0,0.0,0.0,0.0,0.0,0.0,0.0,0.0,0.0,0.0,0.0,0.0,0.0,0.0,0.0,0.0,1.0E-4,19690.0,9.55E25,3575.0,2151.0,321.8,203800.0,4429.0,6295.0,3817.0,6090.0,1721.0,0.3919,279.5,40.6,144.4,35.3,15.99,0.9757,1.003,1.614,1.551,0.1073,0.004244,1651.0,98.08,47.95,4.241,19.14,0.003935,0.004189,0.006762,0.006461,3.992E-4,19.46,0.2849,1.022,4.792,6.605,0.6743,0.9789,0.9568,1.541,1.473,0.09736,0.0,0.0,0.0,0.0,0.0,0.0,0.0,0.0,0.0,0.0,0.0,0.4847,0.01909,1.546,0.8025,0.1396,1.616,0.9462,1.338,0.7861,1.092,0.07908,7.5E-6,3.92E-6,5.298E-4,2.061E-4,1.79E-5,2.303E-4,1.218E-5,1.599E-5,9.524E-6,1.311E-5,1.051E-6,
0.0,0.0,0.0,0.0,0.0,0.0,0.0,0.0,0.0,0.0,0.0,0.0,0.0,0.0,0.0,0.0,0.0,0.0,0.0,0.0,0.0,0.0,2.8E-6,0.001992,0.02601,2.386,1.354,0.1228,0.3698,0.004488,0.008657,0.004976,0.006787,3.12E-4,0.0,0.0,0.0,0.0,0.0,0.0,0.0,0.0,0.0,0.0,0.0,0.0,0.0,0.0,0.0,0.0,0.0,0.0,0.0,0.0,0.0,0.0,2.292E-22,0.0,5.583,2.318,0.1138,3.918E-21,0.001484,0.006342,0.5552,0.4144,0.007929,0.0,0.0,0.0,0.0,0.0,0.0,0.0,0.0,0.0,0.0,0.0,0.0,0.0,0.0,0.0,0.0,0.0,0.0,0.0,0.0,0.0,0.0,0.0,0.0,0.0,0.0,0.0,0.0,0.0,0.0,0.0,0.0,0.0,0.0,0.0,0.0,0.0,0.0,0.0,0.0,0.0,0.0,0.0,0.0,0.0,0.0,1.0E-4,19700.0,9.55E25,3575.0,2151.0,321.8,203800.0,4450.0,6274.0,3825.0,6095.0,1740.0,0.3945,279.5,40.6,144.4,35.3,15.99,0.9772,1.0,1.613,1.549,0.1084,0.004255,1651.0,98.08,47.95,4.241,19.14,0.003941,0.004178,0.006756,0.006457,4.037E-4,19.46,0.2849,1.022,4.792,6.605,0.6743,0.9803,0.9543,1.54,1.472,0.09837,0.0,0.0,0.0,0.0,0.0,0.0,0.0,0.0,0.0,0.0,0.0,0.486,0.01909,1.546,0.8025,0.1396,1.615,0.9506,1.332,0.7877,1.089,0.07983,7.515E-6,3.92E-6,5.297E-4,2.061E-4,1.79E-5,2.302E-4,1.224E-5,1.593E-5,9.543E-6,1.308E-5,1.06E-6,
0.0,0.0,0.0,0.0,0.0,0.0,0.0,0.0,0.0,0.0,0.0,0.0,0.0,0.0,0.0,0.0,0.0,0.0,0.0,0.0,0.0,0.0,2.8E-6,0.001992,0.02601,2.383,1.356,0.1228,0.3701,0.004498,0.008636,0.004955,0.006821,3.085E-4,0.0,0.0,0.0,0.0,0.0,0.0,0.0,0.0,0.0,0.0,0.0,0.0,0.0,0.0,0.0,0.0,0.0,0.0,0.0,0.0,0.0,0.0,2.292E-22,0.0,5.583,2.318,0.1139,3.918E-21,0.001504,0.006427,0.5492,0.4199,0.008036,0.0,0.0,0.0,0.0,0.0,0.0,0.0,0.0,0.0,0.0,0.0,0.0,0.0,0.0,0.0,0.0,0.0,0.0,0.0,0.0,0.0,0.0,0.0,0.0,0.0,0.0,0.0,0.0,0.0,0.0,0.0,0.0,0.0,0.0,0.0,0.0,0.0,0.0,0.0,0.0,0.0,0.0,0.0,0.0,0.0,0.0,1.0E-4,19700.0,9.55E25,3373.0,2155.0,322.4,204000.0,4457.0,6259.0,3814.0,6117.0,1735.0,0.3945,279.5,40.59,144.4,35.3,16.0,0.9808,0.9962,1.599,1.563,0.1085,0.004255,1651.0,98.08,47.95,4.241,19.14,0.003956,0.004161,0.006696,0.006517,4.043E-4,19.46,0.2849,1.021,4.792,6.606,0.6746,0.9837,0.9504,1.526,1.486,0.09851,0.0,0.0,0.0,0.0,0.0,0.0,0.0,0.0,0.0,0.0,0.0,0.486,0.01909,1.527,0.8042,0.1397,1.633,0.9522,1.329,0.7845,1.094,0.07927,7.515E-6,3.92E-6,5.263E-4,2.065E-4,1.79E-5,2.332E-4,1.225E-5,1.589E-5,9.506E-6,1.314E-5,1.053E-6,
0.0,0.0,0.0,0.0,0.0,0.0,0.0,0.0,0.0,0.0,0.0,0.0,0.0,0.0,0.0,0.0,0.0,0.0,0.0,0.0,0.0,0.0,2.8E-6,0.001992,0.02601,2.383,1.356,0.1228,0.3701,0.004513,0.009903,0.005759,0.00481,2.748E-4,0.0,0.0,0.0,0.0,0.0,0.0,0.0,0.0,0.0,0.0,0.0,0.0,0.0,0.0,0.0,0.0,0.0,0.0,0.0,0.0,0.0,0.0,2.292E-22,0.0,5.582,2.317,0.1078,3.918E-21,0.003596,0.2008,0.7827,0.003425,0.002007,0.0,0.0,0.0,0.0,0.0,0.0,0.0,0.0,0.0,0.0,0.0,0.0,0.0,0.0,0.0,0.0,0.0,0.0,0.0,0.0,0.0,0.0,0.0,0.0,0.0,0.0,0.0,0.0,0.0,0.0,0.0,0.0,0.0,0.0,0.0,0.0,0.0,0.0,0.0,0.0,0.0,0.0,0.0,0.0,0.0,0.0,1.0E-4,19700.0,9.55E25,3370.0,2152.0,296.7,204000.0,4468.0,7183.0,4406.0,4647.0,1709.0,0.3945,279.5,40.58,144.4,35.29,16.0,0.9872,1.446,2.096,0.6397,0.09526,0.004255,1651.0,98.08,47.95,4.241,19.14,0.003983,0.006059,0.008794,0.002618,3.484E-4,19.46,0.2849,1.02,4.791,6.593,0.6746,0.9899,1.381,2.002,0.6014,0.08583,0.0,0.0,0.0,0.0,0.0,0.0,0.0,0.0,0.0,0.0,0.0,0.486,0.01909,1.526,0.8036,0.1343,1.633,0.9545,1.524,0.9079,0.7855,0.07411,7.515E-6,3.92E-6,5.263E-4,2.065E-4,1.783E-5,2.332E-4,1.228E-5,1.819E-5,1.096E-5,9.502E-6,9.921E-7,
0.0,0.0,0.0,0.0,0.0,0.0,0.0,0.0,0.0,0.0,0.0,0.0,0.0,0.0,0.0,0.0,0.0,0.0,0.0,0.0,0.0,0.0,2.8E-6,0.001992,0.02601,2.382,1.357,0.1228,0.3701,0.004513,0.01041,0.0052,0.004843,2.739E-4,0.0,0.0,0.0,0.0,0.0,0.0,0.0,0.0,0.0,0.0,0.0,0.0,0.0,0.0,0.0,0.0,0.0,0.0,0.0,0.0,0.0,0.0,2.292E-22,0.0,5.583,2.318,0.112,3.918E-21,0.002139,0.3421,0.6343,0.005718,0.003351,0.0,0.0,0.0,0.0,0.0,0.0,0.0,0.0,0.0,0.0,0.0,0.0,0.0,0.0,0.0,0.0,0.0,0.0,0.0,0.0,0.0,0.0,0.0,0.0,0.0,0.0,0.0,0.0,0.0,0.0,0.0,0.0,0.0,0.0,0.0,0.0,0.0,0.0,0.0,0.0,0.0,0.0,0.0,0.0,0.0,0.0,1.0E-4,19700.0,9.55E25,3362.0,2163.0,307.4,204000.0,4479.0,7551.0,4003.0,4667.0,1755.0,0.3945,279.5,40.54,144.5,35.3,16.0,0.9815,1.758,1.766,0.65,0.09707,0.004255,1651.0,98.08,47.95,4.241,19.14,0.003958,0.007377,0.007401,0.002662,3.561E-4,19.46,0.2849,1.021,4.792,6.602,0.6746,0.9843,1.68,1.686,0.6113,0.08762,0.0,0.0,0.0,0.0,0.0,0.0,0.0,0.0,0.0,0.0,0.0,0.486,0.01909,1.521,0.8093,0.1366,1.633,0.955,1.602,0.822,0.7902,0.07394,7.514E-6,3.92E-6,5.252E-4,2.076E-4,1.786E-5,2.331E-4,1.229E-5,1.911E-5,9.949E-6,9.558E-6,9.9E-7,
0.0,0.0,0.0,0.0,0.0,0.0,0.0,0.0,0.0,0.0,0.0,0.0,0.0,0.0,0.0,0.0,0.0,0.0,0.0,0.0,0.0,0.0,2.8E-6,0.001992,0.02601,2.381,1.358,0.1228,0.3701,0.004518,0.009758,0.005038,0.00568,2.758E-4,0.0,0.0,0.0,0.0,0.0,0.0,0.0,0.0,0.0,0.0,0.0,0.0,0.0,0.0,0.0,0.0,0.0,0.0,0.0,0.0,0.0,0.0,2.292E-22,0.0,5.782,2.317,0.1067,0.8,0.001357,0.1823,0.6676,0.141,0.001635,0.0,0.0,0.0,0.0,0.0,0.0,0.0,0.0,0.0,0.0,0.0,0.0,0.0,0.0,0.0,0.0,0.0,0.0,0.0,0.0,0.0,0.0,0.0,0.0,0.0,0.0,0.0,0.0,0.0,0.0,0.0,0.0,0.0,0.0,0.0,0.0,0.0,0.0,0.0,0.0,0.0,0.0,0.0,0.0,0.0,0.0,1.0E-4,19690.0,9.55E25,3356.0,2166.0,291.9,204000.0,4484.0,7085.0,3901.0,5246.0,1826.0,0.3945,279.5,40.48,144.5,35.28,16.0,0.9811,1.4,1.83,0.9618,0.09412,0.004255,1651.0,97.7,48.33,4.241,19.14,0.003957,0.005862,0.007673,0.00398,3.436E-4,19.46,0.2849,1.017,4.794,6.59,0.6746,0.9839,1.336,1.748,0.9103,0.08486,0.0,0.0,0.0,0.0,0.0,0.0,0.0,0.0,0.0,0.0,0.0,0.4859,0.01909,1.517,0.8125,0.1332,1.633,0.9559,1.502,0.7976,0.9176,0.07429,7.514E-6,3.92E-6,5.239E-4,2.089E-4,1.782E-5,2.331E-4,1.23E-5,1.793E-5,9.661E-6,1.106E-5,9.944E-7,
0.0,0.0,0.0,0.0,0.0,0.0,0.0,0.0,0.0,0.0,0.0,0.0,0.0,0.0,0.0,0.0,0.0,0.0,0.0,0.0,0.0,0.0,2.8E-6,0.001992,0.02601,2.36,1.38,0.1229,0.3701,0.004537,0.009068,0.006186,0.005162,3.038E-4,0.0,0.0,0.0,0.0,0.0,0.0,0.0,0.0,0.0,0.0,0.0,0.0,0.0,0.0,0.0,0.0,0.0,0.0,0.0,0.0,0.0,0.0,2.292E-22,0.0,5.783,2.317,0.1094,0.8,0.002073,0.004934,0.9772,0.003979,0.002496,0.0,0.0,0.0,0.0,0.0,0.0,0.0,0.0,0.0,0.0,0.0,0.0,0.0,0.0,0.0,0.0,0.0,0.0,0.0,0.0,0.0,0.0,0.0,0.0,0.0,0.0,0.0,0.0,0.0,0.0,0.0,0.0,0.0,0.0,0.0,0.0,0.0,0.0,0.0,0.0,0.0,0.0,0.0,0.0,0.0,0.0,1.0E-4,19700.0,9.55E25,3350.0,2163.0,309.7,204000.0,4497.0,6589.0,4733.0,4887.0,1820.0,0.3945,279.5,40.42,144.1,35.82,16.0,0.9845,1.005,2.514,0.656,0.1003,0.004255,1651.0,97.65,48.38,4.243,19.14,0.003971,0.004197,0.01056,0.00269,3.7E-4,19.46,0.2849,1.016,4.786,6.605,0.6746,0.9871,0.9585,2.402,0.6175,0.09079,0.0,0.0,0.0,0.0,0.0,0.0,0.0,0.0,0.0,0.0,0.0,0.4859,0.01909,1.515,0.8138,0.1355,1.633,0.9588,1.396,0.9733,0.8385,0.07845,7.514E-6,3.92E-6,5.231E-4,2.095E-4,1.796E-5,2.33E-4,1.233E-5,1.668E-5,1.173E-5,1.012E-5,1.044E-6,
0.0,0.0,0.0,0.0,0.0,0.0,0.0,0.0,0.0,0.0,0.0,0.0,0.0,0.0,0.0,0.0,0.0,0.0,0.0,0.0,0.0,0.0,2.8E-6,0.001992,0.02601,2.36,1.379,0.1233,0.3701,0.004554,0.009089,0.006107,0.005165,3.135E-4,0.0,0.0,0.0,0.0,0.0,0.0,0.0,0.0,0.0,0.0,0.0,0.0,0.0,0.0,0.0,0.0,0.0,0.0,0.0,0.0,0.0,0.0,2.292E-22,0.0,5.783,2.318,0.1158,0.8,0.003822,0.009098,0.958,0.007337,0.004603,0.0,0.0,0.0,0.0,0.0,0.0,0.0,0.0,0.0,0.0,0.0,0.0,0.0,0.0,0.0,0.0,0.0,0.0,0.0,0.0,0.0,0.0,0.0,0.0,0.0,0.0,0.0,0.0,0.0,0.0,0.0,0.0,0.0,0.0,0.0,0.0,0.0,0.0,0.0,0.0,0.0,0.0,0.0,0.0,0.0,0.0,1.0E-4,19700.0,9.55E25,3329.0,2164.0,327.9,204000.0,4512.0,6603.0,4677.0,4888.0,1827.0,0.3945,279.5,40.42,143.5,36.4,16.0,0.9897,1.013,2.472,0.6635,0.105,0.004255,1651.0,97.65,48.29,4.338,19.14,0.003993,0.00423,0.01038,0.002721,3.896E-4,19.46,0.2849,1.018,4.783,6.624,0.6746,0.9921,0.966,2.362,0.6246,0.09525,0.0,0.0,0.0,0.0,0.0,0.0,0.0,0.0,0.0,0.0,0.0,0.4859,0.01909,1.509,0.8138,0.1396,1.639,0.9614,1.4,0.9612,0.8389,0.07995,7.514E-6,3.92E-6,5.216E-4,2.094E-4,1.813E-5,2.345E-4,1.236E-5,1.672E-5,1.159E-5,1.013E-5,1.062E-6,
0.0,0.0,0.0,0.0,0.0,0.0,0.0,0.0,0.0,0.0,0.0,0.0,0.0,0.0,0.0,0.0,0.0,0.0,0.0,0.0,0.0,0.0,2.8E-6,0.001992,0.02601,2.348,1.391,0.1233,0.3701,0.006269,0.007385,0.006093,0.005181,2.981E-4,0.0,0.0,0.0,0.0,0.0,0.0,0.0,0.0,0.0,0.0,0.0,0.0,0.0,0.0,0.0,0.0,0.0,0.0,0.0,0.0,0.0,0.0,2.292E-22,0.0,5.783,2.318,0.1161,0.8,0.003883,0.009242,0.9573,0.007453,0.004676,0.0,0.0,0.0,0.0,0.0,0.0,0.0,0.0,0.0,0.0,0.0,0.0,0.0,0.0,0.0,0.0,0.0,0.0,0.0,0.0,0.0,0.0,0.0,0.0,0.0,0.0,0.0,0.0,0.0,0.0,0.0,0.0,0.0,0.0,0.0,0.0,0.0,0.0,0.0,0.0,0.0,0.0,0.0,0.0,0.0,0.0,1.0E-4,19700.0,9.55E25,3322.0,2172.0,328.6,204000.0,5699.0,5424.0,4668.0,4913.0,1828.0,0.3945,279.5,40.34,143.6,36.4,16.0,1.114,0.8904,2.468,0.6684,0.1005,0.004255,1651.0,97.27,48.66,4.338,19.14,0.00452,0.003712,0.01037,0.002738,3.741E-4,19.46,0.2849,1.015,4.786,6.624,0.6746,1.112,0.8483,2.359,0.6287,0.09157,0.0,0.0,0.0,0.0,0.0,0.0,0.0,0.0,0.0,0.0,0.0,0.4859,0.01909,1.505,0.8179,0.1397,1.639,1.221,1.142,0.9591,0.8447,0.07428,7.514E-6,3.92E-6,5.202E-4,2.108E-4,1.813E-5,2.344E-4,1.542E-5,1.368E-5,1.157E-5,1.019E-5,9.995E-7,
0.0,0.0,0.0,0.0,0.0,0.0,0.0,0.0,0.0,0.0,0.0,0.0,0.0,0.0,0.0,0.0,0.0,0.0,0.0,0.0,0.0,0.0,2.8E-6,0.001992,0.02601,2.333,1.405,0.1233,0.3701,0.006188,0.007468,0.006091,0.005188,2.917E-4,0.0,0.0,0.0,0.0,0.0,0.0,0.0,0.0,0.0,0.0,0.0,0.0,0.0,0.0,0.0,0.0,0.0,0.0,0.0,0.0,0.0,0.0,2.292E-22,0.0,5.783,2.318,0.1161,0.8,0.003883,0.009242,0.9573,0.007453,0.004676,0.0,0.0,0.0,0.0,0.0,0.0,0.0,0.0,0.0,0.0,0.0,0.0,0.0,0.0,0.0,0.0,0.0,0.0,0.0,0.0,0.0,0.0,0.0,0.0,0.0,0.0,0.0,0.0,0.0,0.0,0.0,0.0,0.0,0.0,0.0,0.0,0.0,0.0,0.0,0.0,0.0,0.0,0.0,0.0,0.0,0.0,1.0E-4,19700.0,9.55E25,3308.0,2186.0,328.6,204000.0,5643.0,5481.0,4674.0,4911.0,1897.0,0.3945,279.5,40.15,143.8,36.4,16.0,1.12,0.8868,2.466,0.6704,0.09842,0.004255,1651.0,96.23,49.7,4.338,19.14,0.004543,0.003696,0.01036,0.002747,3.656E-4,19.46,0.2849,1.007,4.794,6.624,0.6746,1.117,0.8449,2.357,0.6306,0.0897,0.0,0.0,0.0,0.0,0.0,0.0,0.0,0.0,0.0,0.0,0.0,0.4859,0.01909,1.496,0.8266,0.1397,1.639,1.209,1.154,0.9588,0.8457,0.07328,7.513E-6,3.92E-6,5.164E-4,2.146E-4,1.813E-5,2.343E-4,1.528E-5,1.383E-5,1.156E-5,1.02E-5,9.876E-7,
0.0,0.0,0.0,0.0,0.0,0.0,0.0,0.0,0.0,0.0,0.0,0.0,0.0,0.0,0.0,0.0,0.0,0.0,0.0,0.0,0.0,0.0,2.8E-6,0.001992,0.02601,2.297,1.417,0.1481,0.3701,0.00619,0.007442,0.00547,0.005887,2.754E-4,0.0,0.0,0.0,0.0,0.0,0.0,0.0,0.0,0.0,0.0,0.0,0.0,0.0,0.0,0.0,0.0,0.0,0.0,0.0,0.0,0.0,0.0,2.292E-22,0.0,6.642,2.39,0.1754,0.8,0.002805,0.004211,0.8499,0.1331,0.00213,0.0,0.0,0.0,0.0,0.0,0.0,0.0,0.0,0.0,0.0,0.0,0.0,0.0,0.0,0.0,0.0,0.0,0.0,0.0,0.0,0.0,0.0,0.0,0.0,0.0,0.0,0.0,0.0,0.0,0.0,0.0,0.0,0.0,0.0,0.0,0.0,0.0,0.0,0.0,0.0,0.0,0.0,0.0,0.0,0.0,0.0,1.0E-4,19700.0,9.55E25,3301.0,2179.0,315.8,204000.0,5645.0,5465.0,4238.0,5406.0,1928.0,0.3945,279.5,39.62,144.9,35.84,16.0,1.119,0.8753,2.219,0.9569,0.09276,0.004255,1651.0,89.45,56.2,4.619,19.14,0.00454,0.003648,0.009312,0.003957,3.417E-4,19.46,0.2849,0.9843,4.835,6.586,0.6746,1.116,0.8339,2.12,0.9052,0.08432,0.0,0.0,0.0,0.0,0.0,0.0,0.0,0.0,0.0,0.0,0.0,0.4859,0.01909,1.5,0.8207,0.1361,1.639,1.209,1.15,0.864,0.9524,0.07077,7.513E-6,3.92E-6,5.119E-4,2.163E-4,2.079E-5,2.343E-4,1.528E-5,1.378E-5,1.045E-5,1.146E-5,9.58E-7,
0.0,0.0,0.0,0.0,0.0,0.0,0.0,0.0,0.0,0.0,0.0,0.0,0.0,0.0,0.0,0.0,0.0,0.0,0.0,0.0,0.0,0.0,2.8E-6,0.001992,0.02601,2.276,1.437,0.1481,0.3701,0.006204,0.007437,0.005674,0.00567,2.763E-4,0.0,0.0,0.0,0.0,0.0,0.0,0.0,0.0,0.0,0.0,0.0,0.0,0.0,0.0,0.0,0.0,0.0,0.0,0.0,0.0,0.0,0.0,2.292E-22,0.0,6.642,2.39,0.1759,0.8,0.003047,0.004573,0.8917,0.08976,0.002314,0.0,0.0,0.0,0.0,0.0,0.0,0.0,0.0,0.0,0.0,0.0,0.0,0.0,0.0,0.0,0.0,0.0,0.0,0.0,0.0,0.0,0.0,0.0,0.0,0.0,0.0,0.0,0.0,0.0,0.0,0.0,0.0,0.0,0.0,0.0,0.0,0.0,0.0,0.0,0.0,0.0,0.0,0.0,0.0,0.0,0.0,1.0E-4,19700.0,9.55E25,3292.0,2187.0,318.4,204000.0,5656.0,5473.0,4370.0,5254.0,1926.0,0.3945,279.5,39.5,145.0,35.84,16.0,1.125,0.8736,2.308,0.8614,0.09326,0.004255,1651.0,88.86,56.79,4.619,19.14,0.004565,0.003638,0.009695,0.003551,3.446E-4,19.46,0.2849,0.9796,4.839,6.587,0.6746,1.122,0.833,2.205,0.8132,0.08493,0.0,0.0,0.0,0.0,0.0,0.0,0.0,0.0,0.0,0.0,0.0,0.4859,0.01909,1.495,0.8254,0.1366,1.639,1.211,1.151,0.8918,0.9223,0.07016,7.513E-6,3.92E-6,5.101E-4,2.182E-4,2.079E-5,2.343E-4,1.531E-5,1.384E-5,1.073E-5,1.11E-5,9.522E-7,
0.0,0.0,0.0,0.0,0.0,0.0,0.0,0.0,0.0,0.0,0.0,0.0,0.0,0.0,0.0,0.0,0.0,0.0,0.0,0.0,0.0,0.0,2.8E-6,0.001992,0.02601,1.985,1.458,0.1543,0.6346,0.006274,0.007398,0.005677,0.005602,2.786E-4,0.0,0.0,0.0,0.0,0.0,0.0,0.0,0.0,0.0,0.0,0.0,0.0,0.0,0.0,0.0,0.0,0.0,0.0,0.0,0.0,0.0,0.0,2.292E-22,0.0,6.643,2.391,0.1832,0.8,0.006168,0.009257,0.8758,0.08666,0.004684,0.0,0.0,0.0,0.0,0.0,0.0,0.0,0.0,0.0,0.0,0.0,0.0,0.0,0.0,0.0,0.0,0.0,0.0,0.0,0.0,0.0,0.0,0.0,0.0,0.0,0.0,0.0,0.0,0.0,0.0,0.0,0.0,0.0,0.0,0.0,0.0,0.0,0.0,0.0,0.0,0.0,0.0,0.0,0.0,0.0,0.0,1.0E-4,19700.0,9.55E25,3112.0,2203.0,343.1,204200.0,5710.0,5449.0,4366.0,5222.0,1909.0,0.3945,279.5,37.59,140.9,40.32,17.56,1.137,0.8806,2.271,0.8557,0.09791,0.004255,1651.0,80.45,57.64,4.755,26.57,0.004613,0.003666,0.009541,0.003527,3.642E-4,19.46,0.2849,0.9112,4.703,6.751,0.7347,1.133,0.8394,2.17,0.8078,0.08936,0.0,0.0,0.0,0.0,0.0,0.0,0.0,0.0,0.0,0.0,0.0,0.4859,0.01909,1.427,0.824,0.1514,1.698,1.222,1.146,0.8903,0.9119,0.0705,7.513E-6,3.92E-6,4.708E-4,2.214E-4,2.158E-5,2.695E-4,1.544E-5,1.378E-5,1.071E-5,1.098E-5,9.56E-7,
0.0,0.0,0.0,0.0,0.0,0.0,0.0,0.0,0.0,0.0,0.0,0.0,0.0,0.0,0.0,0.0,0.0,0.0,0.0,0.0,0.0,0.0,2.8E-6,0.001992,0.02601,1.985,1.458,0.1543,0.6344,0.006278,0.007411,0.005611,0.005695,2.662E-4,0.0,0.0,0.0,0.0,0.0,0.0,0.0,0.0,0.0,0.0,0.0,0.0,0.0,0.0,0.0,0.0,0.0,0.0,0.0,0.0,0.0,0.0,2.292E-22,0.0,6.642,2.39,0.1759,0.8,0.003023,0.0123,0.8848,0.08906,0.002296,0.0,0.0,0.0,0.0,0.0,0.0,0.0,0.0,0.0,0.0,0.0,0.0,0.0,0.0,0.0,0.0,0.0,0.0,0.0,0.0,0.0,0.0,0.0,0.0,0.0,0.0,0.0,0.0,0.0,0.0,0.0,0.0,0.0,0.0,0.0,0.0,0.0,0.0,0.0,0.0,0.0,0.0,0.0,0.0,0.0,0.0,1.0E-4,19700.0,9.55E25,3110.0,2200.0,323.6,204200.0,5715.0,5459.0,4325.0,5286.0,1894.0,0.3945,279.5,37.58,140.9,40.31,17.56,1.132,0.8838,2.287,0.869,0.08986,0.004255,1651.0,80.45,57.64,4.755,26.57,0.004594,0.00368,0.009605,0.003582,3.321E-4,19.46,0.2849,0.9098,4.701,6.735,0.7347,1.129,0.8427,2.185,0.8201,0.08212,0.0,0.0,0.0,0.0,0.0,0.0,0.0,0.0,0.0,0.0,0.0,0.4859,0.01909,1.427,0.8235,0.1473,1.698,1.224,1.147,0.8805,0.9277,0.06679,7.513E-6,3.92E-6,4.707E-4,2.214E-4,2.154E-5,2.694E-4,1.546E-5,1.38E-5,1.06E-5,1.116E-5,9.157E-7,
0.0,0.0,0.0,0.0,0.0,0.0,0.0,0.0,0.0,0.0,0.0,0.0,0.0,0.0,0.0,0.0,0.0,0.0,0.0,0.0,0.0,0.0,2.8E-6,0.001992,0.02601,1.984,1.457,0.1553,0.634,0.006296,0.007399,0.004653,0.006659,2.637E-4,0.0,0.0,0.0,0.0,0.0,0.0,0.0,0.0,0.0,0.0,0.0,0.0,0.0,0.0,0.0,0.0,0.0,0.0,0.0,0.0,0.0,0.0,2.292E-22,0.0,6.642,2.39,0.1744,0.8,0.002407,0.01597,0.7043,0.2687,0.001828,0.0,0.0,0.0,0.0,0.0,0.0,0.0,0.0,0.0,0.0,0.0,0.0,0.0,0.0,0.0,0.0,0.0,0.0,0.0,0.0,0.0,0.0,0.0,0.0,0.0,0.0,0.0,0.0,0.0,0.0,0.0,0.0,0.0,0.0,0.0,0.0,0.0,0.0,0.0,0.0,0.0,0.0,0.0,0.0,0.0,0.0,1.0E-4,19710.0,9.55E25,3105.0,2202.0,319.2,204200.0,5727.0,5456.0,3648.0,5973.0,1905.0,0.3945,279.5,37.49,140.8,40.46,17.56,1.138,0.8844,1.879,1.276,0.0888,0.004255,1651.0,79.83,58.24,4.768,26.57,0.004617,0.003682,0.007881,0.005302,3.276E-4,19.46,0.2849,0.9049,4.699,6.738,0.7347,1.134,0.8431,1.794,1.21,0.08111,0.0,0.0,0.0,0.0,0.0,0.0,0.0,0.0,0.0,0.0,0.0,0.4859,0.01909,1.422,0.8265,0.1475,1.698,1.227,1.145,0.7343,1.075,0.06641,7.513E-6,3.92E-6,4.686E-4,2.234E-4,2.167E-5,2.693E-4,1.549E-5,1.378E-5,8.875E-6,1.289E-5,9.113E-7,
0.0,0.0,0.0,0.0,0.0,0.0,0.0,0.0,0.0,0.0,0.0,0.0,0.0,0.0,0.0,0.0,0.0,0.0,0.0,0.0,0.0,0.0,2.8E-6,0.001992,0.02601,1.984,1.457,0.1554,0.6335,0.006338,0.007371,0.003656,0.007599,2.83E-4,0.0,0.0,0.0,0.0,0.0,0.0,0.0,0.0,0.0,0.0,0.0,0.0,0.0,0.0,0.0,0.0,0.0,0.0,0.0,0.0,0.0,0.0,2.292E-22,0.0,6.643,2.391,0.1811,0.8,0.005261,0.02141,0.4076,0.5468,0.003996,0.0,0.0,0.0,0.0,0.0,0.0,0.0,0.0,0.0,0.0,0.0,0.0,0.0,0.0,0.0,0.0,0.0,0.0,0.0,0.0,0.0,0.0,0.0,0.0,0.0,0.0,0.0,0.0,0.0,0.0,0.0,0.0,0.0,0.0,0.0,0.0,0.0,0.0,0.0,0.0,0.0,0.0,0.0,0.0,0.0,0.0,1.0E-4,19710.0,9.55E25,3100.0,2208.0,335.3,204200.0,5756.0,5460.0,2959.0,6659.0,1857.0,0.3945,279.5,37.49,140.5,40.83,17.56,1.153,0.8831,1.22,1.885,0.1069,0.004255,1651.0,79.83,58.24,4.77,26.57,0.004682,0.003677,0.005101,0.007872,4.043E-4,19.46,0.2849,0.9061,4.698,6.755,0.7347,1.149,0.8419,1.163,1.794,0.09847,0.0,0.0,0.0,0.0,0.0,0.0,0.0,0.0,0.0,0.0,0.0,0.4859,0.01909,1.421,0.828,0.1507,1.697,1.233,1.141,0.5818,1.218,0.06914,7.513E-6,3.92E-6,4.68E-4,2.239E-4,2.18E-5,2.692E-4,1.556E-5,1.373E-5,7.077E-6,1.459E-5,9.43E-7,
0.0,0.0,0.0,0.0,0.0,0.0,0.0,0.0,0.0,0.0,0.0,0.0,0.0,0.0,0.0,0.0,0.0,0.0,0.0,0.0,0.0,0.0,2.8E-6,0.002,0.02601,1.971,1.47,0.1554,0.6333,0.006355,0.007303,0.003515,0.007785,2.803E-4,0.0,0.0,0.0,0.0,0.0,0.0,0.0,0.0,0.0,0.0,0.0,0.0,0.0,0.0,0.0,0.0,0.0,0.0,0.0,0.0,0.0,0.0,2.292E-22,0.0,6.497,2.537,0.1814,0.8,0.005408,0.008117,0.405,0.562,0.004107,0.0,0.0,0.0,0.0,0.0,0.0,0.0,0.0,0.0,0.0,0.0,0.0,0.0,0.0,0.0,0.0,0.0,0.0,0.0,0.0,0.0,0.0,0.0,0.0,0.0,0.0,0.0,0.0,0.0,0.0,0.0,0.0,0.0,0.0,0.0,0.0,0.0,0.0,0.0,0.0,0.0,0.0,0.0,0.0,0.0,0.0,1.0E-4,19710.0,9.55E25,3080.0,2229.0,336.2,204200.0,5768.0,5392.0,2875.0,6799.0,1882.0,0.3971,279.5,37.39,140.5,40.83,17.56,1.157,0.8528,1.208,1.921,0.1054,0.004266,1651.0,79.48,58.6,4.77,26.57,0.004699,0.003549,0.00505,0.008025,3.982E-4,19.47,0.2849,0.9032,4.701,6.756,0.7347,1.152,0.8128,1.151,1.828,0.09712,0.0,0.0,0.0,0.0,0.0,0.0,0.0,0.0,0.0,0.0,0.0,0.4871,0.01909,1.414,0.8355,0.1509,1.697,1.236,1.131,0.5604,1.247,0.06865,7.528E-6,3.92E-6,4.648E-4,2.269E-4,2.18E-5,2.691E-4,1.559E-5,1.361E-5,6.825E-6,1.492E-5,9.368E-7,
0.0,0.0,0.0,0.0,0.0,0.0,0.0,0.0,0.0,0.0,0.0,0.0,0.0,0.0,0.0,0.0,0.0,0.0,0.0,0.0,0.0,0.0,2.8E-6,0.002,0.02601,1.955,1.487,0.1542,0.6332,0.006358,0.007241,0.002597,0.0088,2.808E-4,0.0,0.0,0.0,0.0,0.0,0.0,0.0,0.0,0.0,0.0,0.0,0.0,0.0,0.0,0.0,0.0,0.0,0.0,0.0,0.0,0.0,0.0,2.292E-22,0.0,6.43,2.607,0.1663,0.8,1.905E-4,6.542E-4,0.1095,0.8851,0.001402,0.0,0.0,0.0,0.0,0.0,0.0,0.0,0.0,0.0,0.0,0.0,0.0,0.0,0.0,0.0,0.0,0.0,0.0,0.0,0.0,0.0,0.0,0.0,0.0,0.0,0.0,0.0,0.0,0.0,0.0,0.0,0.0,0.0,0.0,0.0,0.0,0.0,0.0,0.0,0.0,0.0,0.0,0.0,0.0,0.0,0.0,1.0E-4,19710.0,9.55E25,3069.0,2236.0,314.6,204200.0,5766.0,5345.0,2286.0,7484.0,1860.0,0.3971,279.5,37.37,140.5,40.87,17.56,1.153,0.8298,0.5488,2.636,0.1043,0.004266,1651.0,76.65,61.28,4.908,26.57,0.004681,0.003452,0.002267,0.01104,3.933E-4,19.47,0.2849,0.8947,4.703,6.736,0.7347,1.148,0.7908,0.5197,2.513,0.096,0.0,0.0,0.0,0.0,0.0,0.0,0.0,0.0,0.0,0.0,0.0,0.4871,0.01909,1.412,0.8362,0.1458,1.697,1.236,1.121,0.4219,1.4,0.06873,7.528E-6,3.92E-6,4.646E-4,2.274E-4,2.159E-5,2.691E-4,1.559E-5,1.349E-5,5.197E-6,1.673E-5,9.379E-7,
0.0,0.0,0.0,0.0,0.0,0.0,0.0,0.0,0.0,0.0,0.0,0.0,0.0,0.0,0.0,0.0,0.0,0.0,0.0,0.0,0.0,0.0,2.8E-6,0.002,0.02601,1.955,1.487,0.1542,0.6334,0.006368,0.007229,0.002241,0.00908,3.596E-4,0.0,0.0,0.0,0.0,0.0,0.0,0.0,0.0,0.0,0.0,0.0,0.0,0.0,0.0,0.0,0.0,0.0,0.0,0.0,0.0,0.0,0.0,2.292E-22,0.0,6.43,2.607,0.166,0.8,1.729E-4,5.935E-4,0.01219,0.9729,0.01119,0.0,0.0,0.0,0.0,0.0,0.0,0.0,0.0,0.0,0.0,0.0,0.0,0.0,0.0,0.0,0.0,0.0,0.0,0.0,0.0,0.0,0.0,0.0,0.0,0.0,0.0,0.0,0.0,0.0,0.0,0.0,0.0,0.0,0.0,0.0,0.0,0.0,0.0,0.0,0.0,0.0,0.0,0.0,0.0,0.0,0.0,1.0E-4,19710.0,9.55E25,3036.0,2236.0,313.2,204200.0,5774.0,5340.0,1995.0,7714.0,1920.0,0.3971,279.5,37.36,140.5,40.87,17.56,1.16,0.8245,0.3477,2.812,0.1279,0.004266,1651.0,76.65,61.28,4.908,26.57,0.00471,0.003429,0.00142,0.01178,4.934E-4,19.47,0.2849,0.8946,4.703,6.736,0.7348,1.155,0.7857,0.3273,2.682,0.1187,0.0,0.0,0.0,0.0,0.0,0.0,0.0,0.0,0.0,0.0,0.0,0.4871,0.01909,1.405,0.8361,0.1456,1.704,1.238,1.12,0.3668,1.444,0.08092,7.528E-6,3.92E-6,4.616E-4,2.274E-4,2.158E-5,2.719E-4,1.561E-5,1.347E-5,4.545E-6,1.724E-5,1.082E-6,
0.0,0.0,0.0,0.0,0.0,0.0,0.0,0.0,0.0,0.0,0.0,0.0,0.0,0.0,0.0,0.0,0.0,0.0,0.0,0.0,0.0,0.0,2.8E-6,0.002,0.02601,1.954,1.487,0.1542,0.6329,0.006393,0.007237,0.002144,0.009146,3.199E-4,0.0,0.0,0.0,0.0,0.0,0.0,0.0,0.0,0.0,0.0,0.0,0.0,0.0,0.0,0.0,0.0,0.0,0.0,0.0,0.0,0.0,0.0,2.292E-22,0.0,6.431,2.608,0.1749,0.8,8.106E-4,0.002783,0.007561,0.9682,0.006998,0.0,0.0,0.0,0.0,0.0,0.0,0.0,0.0,0.0,0.0,0.0,0.0,0.0,0.0,0.0,0.0,0.0,0.0,0.0,0.0,0.0,0.0,0.0,0.0,0.0,0.0,0.0,0.0,0.0,0.0,0.0,0.0,0.0,0.0,0.0,0.0,0.0,0.0,0.0,0.0,0.0,0.0,0.0,0.0,0.0,0.0,1.0E-4,19710.0,9.55E25,3034.0,2243.0,339.1,204200.0,5791.0,5352.0,1914.0,7766.0,1911.0,0.3971,279.5,37.36,140.5,40.88,17.56,1.167,0.8236,0.3382,2.802,0.1193,0.004266,1651.0,76.65,61.28,4.908,26.57,0.004739,0.003425,0.00138,0.01174,4.573E-4,19.47,0.2849,0.8962,4.705,6.753,0.7348,1.162,0.7848,0.3183,2.672,0.1105,0.0,0.0,0.0,0.0,0.0,0.0,0.0,0.0,0.0,0.0,0.0,0.4871,0.01909,1.405,0.8375,0.1505,1.704,1.242,1.121,0.3517,1.454,0.07474,7.528E-6,3.92E-6,4.612E-4,2.277E-4,2.164E-5,2.718E-4,1.566E-5,1.349E-5,4.365E-6,1.736E-5,1.009E-6,
0.0,0.0,0.0,0.0,0.0,0.0,0.0,0.0,0.0,0.0,0.0,0.0,0.0,0.0,0.0,0.0,0.0,0.0,0.0,0.0,0.0,0.0,2.8E-6,0.002,0.02601,1.954,1.487,0.1542,0.6326,0.006409,0.007174,0.002197,0.009138,3.2E-4,0.0,0.0,0.0,0.0,0.0,0.0,0.0,0.0,0.0,0.0,0.0,0.0,0.0,0.0,0.0,0.0,0.0,0.0,0.0,0.0,0.0,0.0,2.292E-22,0.0,6.431,2.608,0.1754,0.8,8.419E-4,0.002891,0.007853,0.967,0.007268,0.0,0.0,0.0,0.0,0.0,0.0,0.0,0.0,0.0,0.0,0.0,0.0,0.0,0.0,0.0,0.0,0.0,0.0,0.0,0.0,0.0,0.0,0.0,0.0,0.0,0.0,0.0,0.0,0.0,0.0,0.0,0.0,0.0,0.0,0.0,0.0,0.0,0.0,0.0,0.0,0.0,0.0,0.0,0.0,0.0,0.0,1.0E-4,19710.0,9.55E25,3033.0,2244.0,340.6,204200.0,5802.0,5312.0,1948.0,7770.0,1901.0,0.3971,279.5,37.36,140.5,40.89,17.56,1.167,0.824,0.3387,2.8,0.1193,0.004266,1651.0,76.65,61.28,4.908,26.57,0.004739,0.003426,0.001382,0.01174,4.57E-4,19.47,0.2849,0.8962,4.705,6.754,0.7348,1.162,0.7851,0.3188,2.67,0.1104,0.0,0.0,0.0,0.0,0.0,0.0,0.0,0.0,0.0,0.0,0.0,0.4871,0.01909,1.404,0.8377,0.1507,1.704,1.244,1.112,0.3596,1.453,0.07474,7.528E-6,3.92E-6,4.611E-4,2.277E-4,2.165E-5,2.717E-4,1.569E-5,1.338E-5,4.458E-6,1.735E-5,1.009E-6,
0.0,0.0,0.0,0.0,0.0,0.0,0.0,0.0,0.0,0.0,0.0,0.0,0.0,0.0,0.0,0.0,0.0,0.0,0.0,0.0,0.0,0.0,2.8E-6,0.002,0.02601,1.954,1.487,0.1542,0.6322,0.006401,0.00716,0.00222,0.009148,3.08E-4,0.0,0.0,0.0,0.0,0.0,0.0,0.0,0.0,0.0,0.0,0.0,0.0,0.0,0.0,0.0,0.0,0.0,0.0,0.0,0.0,0.0,0.0,2.292E-22,0.0,6.431,2.608,0.1757,0.8,8.642E-4,0.002967,0.008061,0.9661,0.007461,0.0,0.0,0.0,0.0,0.0,0.0,0.0,0.0,0.0,0.0,0.0,0.0,0.0,0.0,0.0,0.0,0.0,0.0,0.0,0.0,0.0,0.0,0.0,0.0,0.0,0.0,0.0,0.0,0.0,0.0,0.0,0.0,0.0,0.0,0.0,0.0,0.0,0.0,0.0,0.0,0.0,0.0,0.0,0.0,0.0,0.0,1.0E-4,19710.0,9.55E25,3029.0,2249.0,341.7,204200.0,5799.0,5300.0,1965.0,7779.0,1888.0,0.3971,279.5,37.36,140.5,40.89,17.56,1.17,0.8222,0.3374,2.799,0.1197,0.004266,1651.0,76.65,61.28,4.908,26.57,0.004755,0.003419,0.001377,0.01173,4.587E-4,19.47,0.2849,0.8962,4.705,6.755,0.7348,1.165,0.7834,0.3175,2.669,0.1108,0.0,0.0,0.0,0.0,0.0,0.0,0.0,0.0,0.0,0.0,0.0,0.4871,0.01909,1.403,0.8392,0.1509,1.703,1.243,1.109,0.3631,1.454,0.07286,7.528E-6,3.92E-6,4.606E-4,2.282E-4,2.165E-5,2.716E-4,1.567E-5,1.336E-5,4.5E-6,1.736E-5,9.864E-7,
0.0,0.0,0.0,0.0,0.0,0.0,0.0,0.0,0.0,0.0,0.0,0.0,0.0,0.0,0.0,0.0,0.0,0.0,0.0,0.0,0.0,0.0,2.8E-6,0.002,0.02601,2.004,1.437,0.1542,0.6319,0.006421,0.00717,0.002173,0.009174,3.176E-4,0.0,0.0,0.0,0.0,0.0,0.0,0.0,0.0,0.0,0.0,0.0,0.0,0.0,0.0,0.0,0.0,0.0,0.0,0.0,0.0,0.0,0.0,2.292E-22,0.0,6.431,2.608,0.172,0.8,5.969E-4,0.002049,0.005567,0.9745,0.007283,0.0,0.0,0.0,0.0,0.0,0.0,0.0,0.0,0.0,0.0,0.0,0.0,0.0,0.0,0.0,0.0,0.0,0.0,0.0,0.0,0.0,0.0,0.0,0.0,0.0,0.0,0.0,0.0,0.0,0.0,0.0,0.0,0.0,0.0,0.0,0.0,0.0,0.0,0.0,0.0,0.0,0.0,0.0,0.0,0.0,0.0,1.0E-4,19710.0,9.55E25,3028.0,2247.0,328.4,204200.0,5818.0,5302.0,1934.0,7804.0,1890.0,0.3971,279.5,36.83,141.0,40.88,17.56,1.176,0.8137,0.3323,2.813,0.1221,0.004266,1651.0,76.17,61.76,4.908,26.57,0.004779,0.003385,0.001355,0.01179,4.691E-4,19.47,0.2849,0.8887,4.711,6.747,0.7348,1.171,0.7755,0.3127,2.682,0.1132,0.0,0.0,0.0,0.0,0.0,0.0,0.0,0.0,0.0,0.0,0.0,0.4871,0.01909,1.403,0.8387,0.1484,1.703,1.247,1.109,0.356,1.458,0.07433,7.528E-6,3.92E-6,4.606E-4,2.281E-4,2.162E-5,2.715E-4,1.572E-5,1.336E-5,4.415E-6,1.741E-5,1.004E-6,
0.0,0.0,0.0,0.0,0.0,0.0,0.0,0.0,0.0,0.0,0.0,0.0,0.0,0.0,0.0,0.0,0.0,0.0,0.0,0.0,0.0,0.0,2.8E-6,0.002007,0.02601,1.972,1.469,0.1542,0.6316,0.005949,0.008505,0.001229,0.009215,3.353E-4,0.0,0.0,0.0,0.0,0.0,0.0,0.0,0.0,0.0,0.0,0.0,0.0,0.0,0.0,0.0,0.0,0.0,0.0,0.0,0.0,0.0,0.0,2.292E-22,0.0,6.341,2.698,0.1758,0.8,8.759E-4,0.003007,0.00817,0.9625,0.01069,0.0,0.0,0.0,0.0,0.0,0.0,0.0,0.0,0.0,0.0,0.0,0.0,0.0,0.0,0.0,0.0,0.0,0.0,0.0,0.0,0.0,0.0,0.0,0.0,0.0,0.0,0.0,0.0,0.0,0.0,0.0,0.0,0.0,0.0,0.0,0.0,0.0,0.0,0.0,0.0,0.0,0.0,0.0,0.0,0.0,0.0,1.0E-4,19720.0,9.55E25,3010.0,2266.0,339.2,204200.0,5507.0,6322.0,1166.0,7844.0,1895.0,0.4001,279.5,36.67,141.2,40.89,17.56,1.182,0.9101,0.2384,2.787,0.1276,0.004278,1651.0,75.51,62.42,4.908,26.57,0.0048,0.003791,9.6E-4,0.01168,4.923E-4,19.47,0.2849,0.8838,4.718,6.755,0.7348,1.176,0.8677,0.223,2.658,0.1184,0.0,0.0,0.0,0.0,0.0,0.0,0.0,0.0,0.0,0.0,0.0,0.4882,0.01909,1.395,0.8468,0.1505,1.703,1.177,1.314,0.2096,1.464,0.077,7.541E-6,3.92E-6,4.572E-4,2.316E-4,2.164E-5,2.714E-4,1.489E-5,1.577E-5,2.683E-6,1.749E-5,1.035E-6,
0.0,0.0,0.0,0.0,0.0,0.0,0.0,0.0,0.0,0.0,0.0,0.0,0.0,0.0,0.0,0.0,0.0,0.0,0.0,0.0,0.0,0.0,2.8E-6,0.002007,0.02601,1.972,1.469,0.1542,0.6313,0.006184,0.008476,0.001024,0.009254,3.07E-4,0.0,0.0,0.0,0.0,0.0,0.0,0.0,0.0,0.0,0.0,0.0,0.0,0.0,0.0,0.0,0.0,0.0,0.0,0.0,0.0,0.0,0.0,2.292E-22,0.0,6.341,2.697,0.1718,0.8,5.829E-4,0.002001,0.005437,0.9751,0.007113,0.0,0.0,0.0,0.0,0.0,0.0,0.0,0.0,0.0,0.0,0.0,0.0,0.0,0.0,0.0,0.0,0.0,0.0,0.0,0.0,0.0,0.0,0.0,0.0,0.0,0.0,0.0,0.0,0.0,0.0,0.0,0.0,0.0,0.0,0.0,0.0,0.0,0.0,0.0,0.0,0.0,0.0,0.0,0.0,0.0,0.0,1.0E-4,19720.0,9.55E25,3007.0,2267.0,331.6,204200.0,5693.0,6284.0,1029.0,7869.0,1868.0,0.4001,279.5,36.84,141.0,40.88,17.56,1.187,0.9087,0.2316,2.814,0.1141,0.004278,1651.0,75.27,62.66,4.908,26.57,0.004817,0.00379,9.3E-4,0.01179,4.355E-4,19.47,0.2849,0.8829,4.717,6.747,0.7348,1.179,0.8674,0.2161,2.684,0.1055,0.0,0.0,0.0,0.0,0.0,0.0,0.0,0.0,0.0,0.0,0.0,0.4882,0.01909,1.392,0.85,0.149,1.703,1.213,1.309,0.1798,1.469,0.0726,7.541E-6,3.92E-6,4.559E-4,2.328E-4,2.163E-5,2.713E-4,1.534E-5,1.57E-5,2.329E-6,1.754E-5,9.833E-7,
0.0,0.0,0.0,0.0,0.0,0.0,0.0,0.0,0.0,0.0,0.0,0.0,0.0,0.0,0.0,0.0,0.0,0.0,0.0,0.0,0.0,0.0,2.8E-6,0.002017,0.02601,1.96,1.479,0.1546,0.6309,0.005848,0.008819,9.878E-4,0.009351,2.522E-4,0.0,0.0,0.0,0.0,0.0,0.0,0.0,0.0,0.0,0.0,0.0,0.0,0.0,0.0,0.0,0.0,0.0,0.0,0.0,0.0,0.0,0.0,2.292E-22,0.0,6.34,2.697,0.1663,0.8,1.908E-4,6.55E-4,0.001196,0.9944,3.825E-4,0.0,0.0,0.0,0.0,0.0,0.0,0.0,0.0,0.0,0.0,0.0,0.0,0.0,0.0,0.0,0.0,0.0,0.0,0.0,0.0,0.0,0.0,0.0,0.0,0.0,0.0,0.0,0.0,0.0,0.0,0.0,0.0,0.0,0.0,0.0,0.0,0.0,0.0,0.0,0.0,0.0,0.0,0.0,0.0,0.0,0.0,1.0E-4,19730.0,9.55E25,3001.0,2269.0,315.4,204200.0,5458.0,6526.0,1008.0,7939.0,1838.0,0.4035,279.5,36.53,140.8,41.38,17.56,1.189,0.9045,0.2257,2.853,0.09336,0.004293,1651.0,74.73,63.11,4.995,26.57,0.004825,0.003772,9.05E-4,0.01196,3.482E-4,19.47,0.2849,0.8761,4.717,6.741,0.7348,1.181,0.8634,0.2105,2.721,0.08572,0.0,0.0,0.0,0.0,0.0,0.0,0.0,0.0,0.0,0.0,0.0,0.4899,0.01909,1.389,0.8518,0.1462,1.703,1.163,1.361,0.1744,1.484,0.06408,7.56E-6,3.92E-6,4.548E-4,2.338E-4,2.17E-5,2.712E-4,1.474E-5,1.631E-5,2.266E-6,1.772E-5,8.824E-7,
0.0,0.0,0.0,0.0,0.0,0.0,0.0,0.0,0.0,0.0,0.0,0.0,0.0,0.0,0.0,0.0,0.0,0.0,0.0,0.0,0.0,0.0,2.8E-6,0.002017,0.02601,1.957,1.483,0.1546,0.6308,0.00563,0.00905,9.931E-4,0.009306,2.551E-4,0.0,0.0,0.0,0.0,0.0,0.0,0.0,0.0,0.0,0.0,0.0,0.0,0.0,0.0,0.0,0.0,0.0,0.0,0.0,0.0,0.0,0.0,2.292E-22,0.0,6.341,2.698,0.1719,0.8,5.9E-4,0.002026,0.003699,0.9826,0.001183,0.0,0.0,0.0,0.0,0.0,0.0,0.0,0.0,0.0,0.0,0.0,0.0,0.0,0.0,0.0,0.0,0.0,0.0,0.0,0.0,0.0,0.0,0.0,0.0,0.0,0.0,0.0,0.0,0.0,0.0,0.0,0.0,0.0,0.0,0.0,0.0,0.0,0.0,0.0,0.0,0.0,0.0,0.0,0.0,0.0,0.0,1.0E-4,19730.0,9.55E25,2994.0,2279.0,332.0,204200.0,5311.0,6682.0,1023.0,7896.0,1837.0,0.4035,279.5,36.34,141.0,41.4,17.56,1.194,0.9075,0.2292,2.825,0.09499,0.004293,1651.0,74.55,63.3,4.995,26.57,0.004848,0.003786,9.173E-4,0.01184,3.551E-4,19.47,0.2849,0.874,4.721,6.751,0.7348,1.187,0.8665,0.2134,2.695,0.08727,0.0,0.0,0.0,0.0,0.0,0.0,0.0,0.0,0.0,0.0,0.0,0.4899,0.01909,1.383,0.858,0.1493,1.703,1.131,1.394,0.1776,1.474,0.06453,7.56E-6,3.92E-6,4.521E-4,2.364E-4,2.174E-5,2.712E-4,1.437E-5,1.671E-5,2.301E-6,1.761E-5,8.877E-7,
0.0,0.0,0.0,0.0,0.0,0.0,0.0,0.0,0.0,0.0,0.0,0.0,0.0,0.0,0.0,0.0,0.0,0.0,0.0,0.0,0.0,0.0,2.8E-6,0.002017,0.02601,1.944,1.495,0.1546,0.6305,0.005653,0.009024,0.001015,0.009284,2.612E-4,0.0,0.0,0.0,0.0,0.0,0.0,0.0,0.0,0.0,0.0,0.0,0.0,0.0,0.0,0.0,0.0,0.0,0.0,0.0,0.0,0.0,0.0,2.2909999999999997E-22,0.0,6.341,2.698,0.1721,0.8,6.069E-4,0.002084,0.002391,0.9835,0.001217,0.0,0.0,0.0,0.0,0.0,0.0,0.0,0.0,0.0,0.0,0.0,0.0,0.0,0.0,0.0,0.0,0.0,0.0,0.0,0.0,0.0,0.0,0.0,0.0,0.0,0.0,0.0,0.0,0.0,0.0,0.0,0.0,0.0,0.0,0.0,0.0,0.0,0.0,0.0,0.0,0.0,0.0,0.0,0.0,0.0,0.0,1.0E-4,19730.0,9.55E25,2984.0,2289.0,330.4,204200.0,5327.0,6663.0,1041.0,7890.0,1902.0,0.4035,279.5,36.1,141.3,41.4,17.56,1.2,0.9044,0.2247,2.827,0.09543,0.004293,1651.0,74.07,63.77,4.995,26.57,0.004869,0.003773,8.982E-4,0.01185,3.57E-4,19.47,0.2849,0.8686,4.727,6.752,0.7348,1.191,0.8635,0.2091,2.696,0.08774,0.0,0.0,0.0,0.0,0.0,0.0,0.0,0.0,0.0,0.0,0.0,0.4898,0.01909,1.378,0.8628,0.149,1.702,1.135,1.39,0.181,1.471,0.06549,7.56E-6,3.92E-6,4.501E-4,2.384E-4,2.174E-5,2.711E-4,1.441E-5,1.666E-5,2.341E-6,1.757E-5,8.992E-7,
0.0,0.0,0.0,0.0,0.0,0.0,0.0,0.0,0.0,0.0,0.0,0.0,0.0,0.0,0.0,0.0,0.0,0.0,0.0,0.0,0.0,0.0,2.8E-6,0.002017,0.02601,1.932,1.507,0.1546,0.6303,0.005642,0.009017,0.001061,0.009248,2.933E-4,0.0,0.0,0.0,0.0,0.0,0.0,0.0,0.0,0.0,0.0,0.0,0.0,0.0,0.0,0.0,0.0,0.0,0.0,0.0,0.0,0.0,0.0,2.2909999999999997E-22,0.0,6.34,2.697,0.1661,0.8,1.79E-4,6.147E-4,0.005635,0.9825,0.008027,0.0,0.0,0.0,0.0,0.0,0.0,0.0,0.0,0.0,0.0,0.0,0.0,0.0,0.0,0.0,0.0,0.0,0.0,0.0,0.0,0.0,0.0,0.0,0.0,0.0,0.0,0.0,0.0,0.0,0.0,0.0,0.0,0.0,0.0,0.0,0.0,0.0,0.0,0.0,0.0,0.0,0.0,0.0,0.0,0.0,0.0,1.0E-4,19730.0,9.55E25,2966.0,2304.0,314.5,204200.0,5320.0,6666.0,1071.0,7864.0,1919.0,0.4035,279.5,35.81,141.5,41.38,17.56,1.2,0.8986,0.234,2.827,0.1058,0.004293,1651.0,73.21,64.63,4.995,26.57,0.004872,0.003749,9.377E-4,0.01185,4.008E-4,19.47,0.2849,0.8595,4.734,6.74,0.7348,1.192,0.8579,0.2181,2.696,0.09768,0.0,0.0,0.0,0.0,0.0,0.0,0.0,0.0,0.0,0.0,0.0,0.4898,0.01909,1.368,0.8723,0.146,1.702,1.133,1.389,0.188,1.465,0.07051,7.56E-6,3.92E-6,4.464E-4,2.421E-4,2.17E-5,2.71E-4,1.439E-5,1.665E-5,2.424E-6,1.75E-5,9.587E-7,
0.0,0.0,0.0,0.0,0.0,0.0,0.0,0.0,0.0,0.0,0.0,0.0,0.0,0.0,0.0,0.0,0.0,0.0,0.0,0.0,0.0,0.0,2.8E-6,0.002017,0.02601,1.932,1.504,0.1573,0.6296,0.005641,0.008752,0.001305,0.009272,2.663E-4,0.0,0.0,0.0,0.0,0.0,0.0,0.0,0.0,0.0,0.0,0.0,0.0,0.0,0.0,0.0,0.0,0.0,0.0,0.0,0.0,0.0,0.0,2.2909999999999997E-22,0.0,6.341,2.697,0.1716,0.8,5.751E-4,0.001975,5.06E-4,0.982,0.005259,0.0,0.0,0.0,0.0,0.0,0.0,0.0,0.0,0.0,0.0,0.0,0.0,0.0,0.0,0.0,0.0,0.0,0.0,0.0,0.0,0.0,0.0,0.0,0.0,0.0,0.0,0.0,0.0,0.0,0.0,0.0,0.0,0.0,0.0,0.0,0.0,0.0,0.0,0.0,0.0,0.0,0.0,0.0,0.0,0.0,0.0,1.0E-4,19730.0,9.55E25,2967.0,2289.0,347.2,204200.0,5320.0,6482.0,1240.0,7885.0,1907.0,0.4035,279.5,35.81,141.0,41.92,17.56,1.204,0.8997,0.225,2.823,0.1002,0.004293,1651.0,73.21,64.6,5.031,26.57,0.004889,0.003754,8.997E-4,0.01183,3.771E-4,19.47,0.2849,0.8605,4.722,6.764,0.7348,1.196,0.859,0.2094,2.692,0.09231,0.0,0.0,0.0,0.0,0.0,0.0,0.0,0.0,0.0,0.0,0.0,0.4898,0.01909,1.368,0.8706,0.1511,1.702,1.133,1.349,0.2249,1.469,0.06629,7.559E-6,3.92E-6,4.463E-4,2.418E-4,2.209E-5,2.709E-4,1.439E-5,1.617E-5,2.858E-6,1.755E-5,9.088E-7,
0.0,0.0,0.0,0.0,0.0,0.0,0.0,0.0,0.0,0.0,0.0,0.0,0.0,0.0,0.0,0.0,0.0,0.0,0.0,0.0,0.0,0.0,2.8E-6,0.002027,0.02601,1.873,1.537,0.1574,0.6547,0.005645,0.008606,0.001465,0.009229,2.653E-4,0.0,0.0,0.0,0.0,0.0,0.0,0.0,0.0,0.0,0.0,0.0,0.0,0.0,0.0,0.0,0.0,0.0,0.0,0.0,0.0,0.0,0.0,2.2909999999999997E-22,0.0,6.226,2.813,0.1753,0.8,8.353E-4,0.002868,7.348E-4,0.9739,0.007637,0.0,0.0,0.0,0.0,0.0,0.0,0.0,0.0,0.0,0.0,0.0,0.0,0.0,0.0,0.0,0.0,0.0,0.0,0.0,0.0,0.0,0.0,0.0,0.0,0.0,0.0,0.0,0.0,0.0,0.0,0.0,0.0,0.0,0.0,0.0,0.0,0.0,0.0,0.0,0.0,0.0,0.0,0.0,0.0,0.0,0.0,1.0E-4,19740.0,9.55E25,2927.0,2312.0,358.5,204200.0,5324.0,6378.0,1357.0,7870.0,1903.0,0.4066,279.5,35.4,140.1,42.03,18.8,1.205,0.9015,0.2287,2.803,0.102,0.004306,1651.0,74.64,62.28,5.3,27.19,0.004892,0.003761,9.151E-4,0.01175,3.845E-4,19.48,0.2849,0.8763,4.686,6.775,0.7519,1.197,0.8607,0.2129,2.674,0.09401,0.0,0.0,0.0,0.0,0.0,0.0,0.0,0.0,0.0,0.0,0.0,0.4913,0.01909,1.353,0.8796,0.1532,1.709,1.134,1.327,0.2492,1.462,0.06616,7.577E-6,3.92E-6,4.392E-4,2.462E-4,2.212E-5,2.735E-4,1.44E-5,1.591E-5,3.144E-6,1.747E-5,9.072E-7,
0.0,0.0,0.0,0.0,0.0,0.0,0.0,0.0,0.0,0.0,0.0,0.0,0.0,0.0,0.0,0.0,0.0,0.0,0.0,0.0,0.0,0.0,2.8E-6,0.002027,0.02601,1.873,1.538,0.1574,0.6545,0.006321,0.007931,0.001484,0.009208,2.648E-4,0.0,0.0,0.0,0.0,0.0,0.0,0.0,0.0,0.0,0.0,0.0,0.0,0.0,0.0,0.0,0.0,0.0,0.0,0.0,0.0,0.0,0.0,2.2909999999999997E-22,0.0,6.226,2.813,0.1754,0.8,8.461E-4,0.002905,7.443E-4,0.9735,0.007736,0.0,0.0,0.0,0.0,0.0,0.0,0.0,0.0,0.0,0.0,0.0,0.0,0.0,0.0,0.0,0.0,0.0,0.0,0.0,0.0,0.0,0.0,0.0,0.0,0.0,0.0,0.0,0.0,0.0,0.0,0.0,0.0,0.0,0.0,0.0,0.0,0.0,0.0,0.0,0.0,0.0,0.0,0.0,0.0,0.0,0.0,1.0E-4,19740.0,9.55E25,2925.0,2314.0,359.0,204200.0,5804.0,5899.0,1376.0,7890.0,1862.0,0.4066,279.5,35.4,140.1,42.03,18.8,1.263,0.8438,0.2335,2.798,0.1018,0.004306,1651.0,74.64,62.28,5.3,27.19,0.005135,0.003519,9.356E-4,0.01173,3.837E-4,19.48,0.2849,0.8763,4.686,6.775,0.7519,1.252,0.8057,0.2176,2.669,0.09379,0.0,0.0,0.0,0.0,0.0,0.0,0.0,0.0,0.0,0.0,0.0,0.4913,0.01909,1.352,0.8806,0.1533,1.709,1.238,1.222,0.2521,1.459,0.06608,7.577E-6,3.92E-6,4.39E-4,2.463E-4,2.212E-5,2.734E-4,1.562E-5,1.469E-5,3.179E-6,1.743E-5,9.062E-7,
0.0,0.0,0.0,0.0,0.0,0.0,0.0,0.0,0.0,0.0,0.0,0.0,0.0,0.0,0.0,0.0,0.0,0.0,0.0,0.0,0.0,0.0,2.8E-6,0.002027,0.02601,1.865,1.545,0.1573,0.654,0.006313,0.007949,0.001446,0.009204,3.046E-4,0.0,0.0,0.0,0.0,0.0,0.0,0.0,0.0,0.0,0.0,0.0,0.0,0.0,0.0,0.0,0.0,0.0,0.0,0.0,0.0,0.0,0.0,2.2909999999999997E-22,0.0,6.388,3.003,0.1751,1.448,8.237E-4,0.002828,0.005349,0.9675,0.009676,0.0,0.0,0.0,0.0,0.0,0.0,0.0,0.0,0.0,0.0,0.0,0.0,0.0,0.0,0.0,0.0,0.0,0.0,0.0,0.0,0.0,0.0,0.0,0.0,0.0,0.0,0.0,0.0,0.0,0.0,0.0,0.0,0.0,0.0,0.0,0.0,0.0,0.0,0.0,0.0,0.0,0.0,0.0,0.0,0.0,0.0,1.0E-4,19740.0,9.55E25,2886.0,2351.0,354.7,204200.0,5801.0,5914.0,1354.0,7929.0,1917.0,0.4066,279.5,35.21,140.3,42.03,18.8,1.266,0.8429,0.2407,2.777,0.1143,0.004306,1651.0,74.45,62.48,5.3,27.19,0.005147,0.003515,9.66E-4,0.01164,4.365E-4,19.48,0.2849,0.8733,4.689,6.774,0.7519,1.254,0.8048,0.2245,2.649,0.1058,0.0,0.0,0.0,0.0,0.0,0.0,0.0,0.0,0.0,0.0,0.0,0.4913,0.01909,1.346,0.8856,0.1524,1.709,1.237,1.225,0.2463,1.458,0.07223,7.577E-6,3.92E-6,4.378E-4,2.474E-4,2.211E-5,2.733E-4,1.561E-5,1.472E-5,3.111E-6,1.742E-5,9.791E-7,
0.0,0.0,0.0,0.0,0.0,0.0,0.0,0.0,0.0,0.0,0.0,0.0,0.0,0.0,0.0,0.0,0.0,0.0,0.0,0.0,0.0,0.0,2.8E-6,0.002027,0.02601,1.865,1.545,0.1574,0.6538,0.006348,0.008191,0.001172,0.009194,3.069E-4,0.0,0.0,0.0,0.0,0.0,0.0,0.0,0.0,0.0,0.0,0.0,0.0,0.0,0.0,0.0,0.0,0.0,0.0,0.0,0.0,0.0,0.0,2.2909999999999997E-22,0.0,6.388,3.003,0.176,1.448,8.91E-4,0.00306,0.005786,0.9648,0.01047,0.0,0.0,0.0,0.0,0.0,0.0,0.0,0.0,0.0,0.0,0.0,0.0,0.0,0.0,0.0,0.0,0.0,0.0,0.0,0.0,0.0,0.0,0.0,0.0,0.0,0.0,0.0,0.0,0.0,0.0,0.0,0.0,0.0,0.0,0.0,0.0,0.0,0.0,0.0,0.0,0.0,0.0,0.0,0.0,0.0,0.0,1.0E-4,19740.0,9.55E25,2886.0,2351.0,358.0,204200.0,5830.0,6089.0,1154.0,7960.0,1874.0,0.4066,279.5,35.21,140.3,42.03,18.8,1.268,0.8421,0.2404,2.772,0.1155,0.004306,1651.0,74.45,62.48,5.3,27.19,0.005157,0.00351,9.661E-4,0.01162,4.415E-4,19.48,0.2849,0.8734,4.69,6.776,0.7519,1.257,0.8039,0.2244,2.644,0.1069,0.0,0.0,0.0,0.0,0.0,0.0,0.0,0.0,0.0,0.0,0.0,0.4913,0.01909,1.346,0.8857,0.1529,1.709,1.243,1.263,0.2038,1.457,0.07258,7.577E-6,3.92E-6,4.378E-4,2.474E-4,2.211E-5,2.733E-4,1.567E-5,1.517E-5,2.611E-6,1.74E-5,9.831E-7,
0.0,0.0,0.0,0.0,0.0,0.0,0.0,0.0,0.0,0.0,0.0,0.0,0.0,0.0,0.0,0.0,0.0,0.0,0.0,0.0,0.0,0.0,2.8E-6,0.002027,0.02601,1.865,1.545,0.1574,0.6539,0.006358,0.008188,0.001164,0.009197,3.041E-4,0.0,0.0,0.0,0.0,0.0,0.0,0.0,0.0,0.0,0.0,0.0,0.0,0.0,0.0,0.0,0.0,0.0,0.0,0.0,0.0,0.0,0.0,2.2909999999999997E-22,0.0,6.388,3.003,0.176,1.448,8.91E-4,0.00306,0.005786,0.9648,0.01047,0.0,0.0,0.0,0.0,0.0,0.0,0.0,0.0,0.0,0.0,0.0,0.0,0.0,0.0,0.0,0.0,0.0,0.0,0.0,0.0,0.0,0.0,0.0,0.0,0.0,0.0,0.0,0.0,0.0,0.0,0.0,0.0,0.0,0.0,0.0,0.0,0.0,0.0,0.0,0.0,0.0,0.0,0.0,0.0,0.0,0.0,1.0E-4,19740.0,9.55E25,2853.0,2351.0,358.3,204300.0,5843.0,6087.0,1142.0,7990.0,1845.0,0.4066,279.5,35.21,140.3,42.03,18.8,1.271,0.8427,0.2372,2.775,0.1132,0.004306,1651.0,74.45,62.48,5.3,27.19,0.005167,0.003512,9.544E-4,0.01163,4.347E-4,19.48,0.2849,0.8733,4.69,6.776,0.752,1.259,0.8044,0.2217,2.646,0.1052,0.0,0.0,0.0,0.0,0.0,0.0,0.0,0.0,0.0,0.0,0.0,0.4913,0.01909,1.325,0.8857,0.1529,1.73,1.246,1.262,0.2008,1.46,0.06974,7.577E-6,3.92E-6,4.355E-4,2.474E-4,2.211E-5,2.755E-4,1.571E-5,1.516E-5,2.578E-6,1.743E-5,9.534E-7,
0.0,0.0,0.0,0.0,0.0,0.0,0.0,0.0,0.0,0.0,0.0,0.0,0.0,0.0,0.0,0.0,0.0,0.0,0.0,0.0,0.0,0.0,2.8E-6,0.002037,0.02601,1.855,1.554,0.1573,0.6535,0.006357,0.008185,0.001173,0.009207,2.968E-4,0.0,0.0,0.0,0.0,0.0,0.0,0.0,0.0,0.0,0.0,0.0,0.0,0.0,0.0,0.0,0.0,0.0,0.0,0.0,0.0,0.0,0.0,2.2909999999999997E-22,0.0,6.387,3.003,0.1714,1.448,5.595E-4,0.001921,0.003633,0.9793,0.005206,0.0,0.0,0.0,0.0,0.0,0.0,0.0,0.0,0.0,0.0,0.0,0.0,0.0,0.0,0.0,0.0,0.0,0.0,0.0,0.0,0.0,0.0,0.0,0.0,0.0,0.0,0.0,0.0,0.0,0.0,0.0,0.0,0.0,0.0,0.0,0.0,0.0,0.0,0.0,0.0,0.0,0.0,0.0,0.0,0.0,0.0,1.0E-4,19750.0,9.55E25,2849.0,2353.0,347.1,204300.0,5842.0,6087.0,1147.0,8011.0,1825.0,0.41,279.5,35.14,140.3,42.02,18.8,1.27,0.8419,0.2343,2.795,0.1049,0.00432,1651.0,74.11,62.82,5.3,27.19,0.005164,0.003509,9.422E-4,0.01171,3.998E-4,19.48,0.2849,0.8698,4.691,6.767,0.752,1.259,0.8036,0.2189,2.666,0.09722,0.0,0.0,0.0,0.0,0.0,0.0,0.0,0.0,0.0,0.0,0.0,0.493,0.01909,1.322,0.888,0.1508,1.73,1.245,1.262,0.2022,1.461,0.06861,7.596E-6,3.92E-6,4.347E-4,2.482E-4,2.209E-5,2.755E-4,1.57E-5,1.516E-5,2.595E-6,1.745E-5,9.399E-7,
0.0,0.0,0.0,0.0,0.0,0.0,0.0,0.0,0.0,0.0,0.0,0.0,0.0,0.0,0.0,0.0,0.0,0.0,0.0,0.0,0.0,0.0,2.8E-6,0.002037,0.02601,1.85,1.559,0.1573,0.6531,0.006357,0.00816,0.001182,0.009232,2.872E-4,0.0,0.0,0.0,0.0,0.0,0.0,0.0,0.0,0.0,0.0,0.0,0.0,0.0,0.0,0.0,0.0,0.0,0.0,0.0,0.0,0.0,0.0,2.2909999999999997E-22,0.0,6.387,3.003,0.1717,1.448,5.758E-4,0.001977,0.001978,0.9848,9.542E-4,0.0,0.0,0.0,0.0,0.0,0.0,0.0,0.0,0.0,0.0,0.0,0.0,0.0,0.0,0.0,0.0,0.0,0.0,0.0,0.0,0.0,0.0,0.0,0.0,0.0,0.0,0.0,0.0,0.0,0.0,0.0,0.0,0.0,0.0,0.0,0.0,0.0,0.0,0.0,0.0,0.0,0.0,0.0,0.0,0.0,0.0,1.0E-4,19750.0,9.55E25,2845.0,2357.0,347.0,204300.0,5853.0,6058.0,1153.0,8060.0,1801.0,0.41,279.5,35.11,140.4,42.02,18.8,1.271,0.8414,0.2323,2.803,0.0981,0.00432,1651.0,73.99,62.93,5.3,27.19,0.005165,0.00351,9.338E-4,0.01175,3.71E-4,19.48,0.2849,0.8689,4.692,6.768,0.752,1.26,0.8026,0.217,2.674,0.09068,0.0,0.0,0.0,0.0,0.0,0.0,0.0,0.0,0.0,0.0,0.0,0.493,0.01909,1.32,0.8896,0.1508,1.729,1.246,1.257,0.2035,1.465,0.06708,7.596E-6,3.92E-6,4.341E-4,2.487E-4,2.209E-5,2.753E-4,1.576E-5,1.506E-5,2.611E-6,1.75E-5,9.217E-7,
0.0,0.0,0.0,0.0,0.0,0.0,0.0,0.0,0.0,0.0,0.0,0.0,0.0,0.0,0.0,0.0,0.0,0.0,0.0,0.0,0.0,0.0,2.8E-6,0.002037,0.02601,1.85,1.559,0.1573,0.6528,0.006409,0.008185,0.001343,0.008958,3.105E-4,0.0,0.0,0.0,0.0,0.0,0.0,0.0,0.0,0.0,0.0,0.0,0.0,0.0,0.0,0.0,0.0,0.0,0.0,0.0,0.0,0.0,0.0,2.2909999999999997E-22,0.0,6.388,3.003,0.1768,1.448,0.009214,0.01228,0.008854,0.9445,0.009251,0.0,0.0,0.0,0.0,0.0,0.0,0.0,0.0,0.0,0.0,0.0,0.0,0.0,0.0,0.0,0.0,0.0,0.0,0.0,0.0,0.0,0.0,0.0,0.0,0.0,0.0,0.0,0.0,0.0,0.0,0.0,0.0,0.0,0.0,0.0,0.0,0.0,0.0,0.0,0.0,0.0,0.0,0.0,0.0,0.0,0.0,1.0E-4,19750.0,9.55E25,2843.0,2360.0,355.8,204300.0,5895.0,6080.0,1302.0,7825.0,1816.0,0.41,279.5,35.11,140.4,42.03,18.8,1.293,0.8603,0.2421,2.725,0.1137,0.00432,1651.0,73.99,62.93,5.3,27.19,0.005257,0.003589,9.746E-4,0.01142,4.366E-4,19.48,0.2849,0.8697,4.693,6.777,0.752,1.281,0.8207,0.2262,2.599,0.1056,0.0,0.0,0.0,0.0,0.0,0.0,0.0,0.0,0.0,0.0,0.0,0.4929,0.01909,1.32,0.8905,0.1524,1.729,1.254,1.261,0.2289,1.422,0.07071,7.596E-6,3.92E-6,4.34E-4,2.488E-4,2.211E-5,2.753E-4,1.585E-5,1.511E-5,2.913E-6,1.699E-5,9.648E-7,
0.0,0.0,0.0,0.0,0.0,0.0,0.0,0.0,0.0,0.0,0.0,0.0,0.0,0.0,0.0,0.0,0.0,0.0,0.0,0.0,0.0,0.0,2.8E-6,0.002037,0.02601,1.85,1.559,0.1573,0.6523,0.006414,0.008175,0.001342,0.00897,3.085E-4,0.0,0.0,0.0,0.0,0.0,0.0,0.0,0.0,0.0,0.0,0.0,0.0,0.0,0.0,0.0,0.0,0.0,0.0,0.0,0.0,0.0,0.0,2.2909999999999997E-22,0.0,6.388,3.003,0.1753,1.448,0.008167,0.01088,0.007848,0.9508,0.0082,0.0,0.0,0.0,0.0,0.0,0.0,0.0,0.0,0.0,0.0,0.0,0.0,0.0,0.0,0.0,0.0,0.0,0.0,0.0,0.0,0.0,0.0,0.0,0.0,0.0,0.0,0.0,0.0,0.0,0.0,0.0,0.0,0.0,0.0,0.0,0.0,0.0,0.0,0.0,0.0,0.0,0.0,0.0,0.0,0.0,0.0,1.0E-4,19750.0,9.55E25,2839.0,2364.0,353.4,204300.0,5898.0,6072.0,1301.0,7839.0,1811.0,0.41,279.5,35.11,140.4,42.03,18.8,1.292,0.8559,0.2401,2.737,0.1116,0.00432,1651.0,73.99,62.93,5.3,27.19,0.005255,0.003571,9.662E-4,0.01147,4.278E-4,19.48,0.2849,0.8694,4.693,6.774,0.752,1.28,0.8165,0.2243,2.611,0.1036,0.0,0.0,0.0,0.0,0.0,0.0,0.0,0.0,0.0,0.0,0.0,0.4929,0.01909,1.314,0.8964,0.1519,1.729,1.255,1.26,0.2287,1.424,0.0704,7.596E-6,3.92E-6,4.335E-4,2.492E-4,2.21E-5,2.751E-4,1.586E-5,1.509E-5,2.91E-6,1.701E-5,9.61E-7,
0.0,0.0,0.0,0.0,0.0,0.0,0.0,0.0,0.0,0.0,0.0,0.0,0.0,0.0,0.0,0.0,0.0,0.0,0.0,0.0,0.0,0.0,2.8E-6,0.002037,0.02601,1.838,1.559,0.1573,0.6641,0.006404,0.008191,0.001324,0.00897,3.191E-4,0.0,0.0,0.0,0.0,0.0,0.0,0.0,0.0,0.0,0.0,0.0,0.0,0.0,0.0,0.0,0.0,0.0,0.0,0.0,0.0,0.0,0.0,2.2909999999999997E-22,0.0,6.388,3.003,0.1756,1.448,0.008381,0.01117,0.008054,0.9495,0.008415,0.0,0.0,0.0,0.0,0.0,0.0,0.0,0.0,0.0,0.0,0.0,0.0,0.0,0.0,0.0,0.0,0.0,0.0,0.0,0.0,0.0,0.0,0.0,0.0,0.0,0.0,0.0,0.0,0.0,0.0,0.0,0.0,0.0,0.0,0.0,0.0,0.0,0.0,0.0,0.0,0.0,0.0,0.0,0.0,0.0,0.0,1.0E-4,19750.0,9.55E25,2827.0,2368.0,354.3,204300.0,5896.0,6078.0,1295.0,7968.0,1700.0,0.41,279.5,35.1,140.4,42.03,18.8,1.294,0.8569,0.2384,2.734,0.1137,0.00432,1651.0,73.99,62.93,5.3,27.19,0.00526,0.003576,9.591E-4,0.01146,4.366E-4,19.48,0.2849,0.8694,4.693,6.775,0.752,1.282,0.8176,0.2227,2.607,0.1055,0.0,0.0,0.0,0.0,0.0,0.0,0.0,0.0,0.0,0.0,0.0,0.4929,0.01909,1.31,0.8973,0.1521,1.732,1.254,1.261,0.226,1.424,0.07202,7.596E-6,3.92E-6,4.316E-4,2.495E-4,2.21E-5,2.767E-4,1.585E-5,1.511E-5,2.878E-6,1.701E-5,9.8E-7,
0.0,0.0,0.0,0.0,0.0,0.0,0.0,0.0,0.0,0.0,0.0,0.0,0.0,0.0,0.0,0.0,0.0,0.0,0.0,0.0,0.0,0.0,2.8E-6,0.002037,0.02601,1.833,1.563,0.1573,0.6642,0.009547,0.004979,0.001327,0.009086,2.982E-4,0.0,0.0,0.0,0.0,0.0,0.0,0.0,0.0,0.0,0.0,0.0,0.0,0.0,0.0,0.0,0.0,0.0,0.0,0.0,0.0,0.0,0.0,2.2909999999999997E-22,0.0,6.387,3.002,0.1669,1.448,0.002263,0.003015,0.002174,0.9866,0.002082,0.0,0.0,0.0,0.0,0.0,0.0,0.0,0.0,0.0,0.0,0.0,0.0,0.0,0.0,0.0,0.0,0.0,0.0,0.0,0.0,0.0,0.0,0.0,0.0,0.0,0.0,0.0,0.0,0.0,0.0,0.0,0.0,0.0,0.0,0.0,0.0,0.0,0.0,0.0,0.0,0.0,0.0,0.0,0.0,0.0,0.0,1.0E-4,19750.0,9.55E25,2815.0,2366.0,333.8,204300.0,8102.0,3818.0,1298.0,8071.0,1696.0,0.41,279.5,35.07,140.4,42.01,18.81,1.419,0.703,0.2283,2.806,0.1009,0.00432,1651.0,73.87,63.05,5.3,27.2,0.005792,0.002925,9.165E-4,0.01176,3.828E-4,19.48,0.2849,0.8669,4.692,6.758,0.7521,1.402,0.6699,0.2131,2.676,0.09329,0.0,0.0,0.0,0.0,0.0,0.0,0.0,0.0,0.0,0.0,0.0,0.4929,0.01909,1.304,0.8977,0.1483,1.736,1.731,0.7745,0.2263,1.442,0.06878,7.596E-6,3.92E-6,4.298E-4,2.497E-4,2.206E-5,2.782E-4,2.146E-5,9.372E-6,2.882E-6,1.722E-5,9.417E-7,
0.0,0.0,0.0,0.0,0.0,0.0,0.0,0.0,0.0,0.0,0.0,0.0,0.0,0.0,0.0,0.0,0.0,0.0,0.0,0.0,0.0,0.0,2.8E-6,0.002037,0.02601,1.833,1.563,0.1573,0.6638,0.009437,0.005116,0.001343,0.008999,3.176E-4,0.0,0.0,0.0,0.0,0.0,0.0,0.0,0.0,0.0,0.0,0.0,0.0,0.0,0.0,0.0,0.0,0.0,0.0,0.0,0.0,0.0,0.0,2.2909999999999997E-22,0.0,6.387,3.003,0.1731,1.448,0.00662,0.008822,0.006362,0.9607,0.006093,0.0,0.0,0.0,0.0,0.0,0.0,0.0,0.0,0.0,0.0,0.0,0.0,0.0,0.0,0.0,0.0,0.0,0.0,0.0,0.0,0.0,0.0,0.0,0.0,0.0,0.0,0.0,0.0,0.0,0.0,0.0,0.0,0.0,0.0,0.0,0.0,0.0,0.0,0.0,0.0,0.0,0.0,0.0,0.0,0.0,0.0,1.0E-4,19750.0,9.55E25,2812.0,2373.0,352.3,204300.0,8036.0,3907.0,1317.0,8020.0,1683.0,0.41,279.5,35.04,140.4,42.03,18.81,1.434,0.7105,0.2363,2.753,0.1087,0.00432,1651.0,73.87,63.05,5.3,27.2,0.005844,0.002965,9.504E-4,0.01154,4.159E-4,19.48,0.2849,0.8676,4.694,6.77,0.7521,1.414,0.6786,0.2208,2.626,0.1008,0.0,0.0,0.0,0.0,0.0,0.0,0.0,0.0,0.0,0.0,0.0,0.4929,0.01909,1.302,0.9008,0.1517,1.736,1.715,0.7947,0.2288,1.429,0.07179,7.596E-6,3.92E-6,4.293E-4,2.501E-4,2.21E-5,2.781E-4,2.13E-5,9.588E-6,2.911E-6,1.706E-5,9.772E-7,
0.0,0.0,0.0,0.0,0.0,0.0,0.0,0.0,0.0,0.0,0.0,0.0,0.0,0.0,0.0,0.0,0.0,0.0,0.0,0.0,0.0,0.0,2.8E-6,0.002037,0.02601,1.829,1.567,0.1573,0.6632,0.009259,0.005274,0.00134,0.009013,3.418E-4,0.0,0.0,0.0,0.0,0.0,0.0,0.0,0.0,0.0,0.0,0.0,0.0,0.0,0.0,0.0,0.0,0.0,0.0,0.0,0.0,0.0,0.0,2.2909999999999997E-22,0.0,6.387,3.003,0.171,1.448,0.005131,0.006837,0.006537,0.9688,0.003871,0.0,0.0,0.0,0.0,0.0,0.0,0.0,0.0,0.0,0.0,0.0,0.0,0.0,0.0,0.0,0.0,0.0,0.0,0.0,0.0,0.0,0.0,0.0,0.0,0.0,0.0,0.0,0.0,0.0,0.0,0.0,0.0,0.0,0.0,0.0,0.0,0.0,0.0,0.0,0.0,0.0,0.0,0.0,0.0,0.0,0.0,1.0E-4,19750.0,9.55E25,2795.0,2374.0,341.8,204300.0,7910.0,4027.0,1315.0,8047.0,1677.0,0.41,279.5,34.6,140.4,42.02,19.24,1.432,0.7061,0.2366,2.76,0.1127,0.00432,1651.0,71.11,63.05,5.3,29.95,0.005838,0.002944,9.513E-4,0.01157,4.325E-4,19.48,0.2849,0.8466,4.693,6.766,0.7727,1.413,0.6741,0.221,2.633,0.1045,0.0,0.0,0.0,0.0,0.0,0.0,0.0,0.0,0.0,0.0,0.0,0.4929,0.01909,1.28,0.902,0.1497,1.756,1.688,0.8206,0.2283,1.429,0.07556,7.596E-6,3.92E-6,4.214E-4,2.507E-4,2.207E-5,2.853E-4,2.098E-5,9.889E-6,2.906E-6,1.707E-5,1.022E-6,
0.0,0.0,0.0,0.0,0.0,0.0,0.0,0.0,0.0,0.0,0.0,0.0,0.0,0.0,0.0,0.0,0.0,0.0,0.0,0.0,0.0,0.0,2.8E-6,0.002037,0.02601,1.827,1.568,0.1573,0.6626,0.009315,0.005242,0.001353,0.008952,3.482E-4,0.0,0.0,0.0,0.0,0.0,0.0,0.0,0.0,0.0,0.0,0.0,0.0,0.0,0.0,0.0,0.0,0.0,0.0,0.0,0.0,0.0,0.0,2.2909999999999997E-22,0.0,6.388,3.003,0.1759,1.448,0.008578,0.01143,0.01093,0.9478,0.006472,0.0,0.0,0.0,0.0,0.0,0.0,0.0,0.0,0.0,0.0,0.0,0.0,0.0,0.0,0.0,0.0,0.0,0.0,0.0,0.0,0.0,0.0,0.0,0.0,0.0,0.0,0.0,0.0,0.0,0.0,0.0,0.0,0.0,0.0,0.0,0.0,0.0,0.0,0.0,0.0,0.0,0.0,0.0,0.0,0.0,0.0,1.0E-4,19750.0,9.55E25,2790.0,2382.0,354.5,204300.0,7953.0,4005.0,1326.0,7994.0,1683.0,0.41,279.5,34.6,140.5,42.03,19.24,1.448,0.7059,0.2451,2.72,0.1178,0.00432,1651.0,71.11,63.05,5.3,29.95,0.005905,0.002943,9.871E-4,0.0114,4.541E-4,19.48,0.2849,0.8474,4.694,6.775,0.7727,1.428,0.6738,0.2291,2.594,0.1094,0.0,0.0,0.0,0.0,0.0,0.0,0.0,0.0,0.0,0.0,0.0,0.4929,0.01909,1.278,0.9038,0.152,1.756,1.696,0.8157,0.2303,1.419,0.07654,7.596E-6,3.92E-6,4.207E-4,2.513E-4,2.21E-5,2.852E-4,2.108E-5,9.832E-6,2.93E-6,1.696E-5,1.034E-6,
0.0,0.0,0.0,0.0,0.0,0.0,0.0,0.0,0.0,0.0,0.0,0.0,0.0,0.0,0.0,0.0,0.0,0.0,0.0,0.0,0.0,0.0,2.8E-6,0.002037,0.02601,1.827,1.568,0.1573,0.662,0.009332,0.005228,0.004723,0.005576,3.493E-4,0.0,0.0,0.0,0.0,0.0,0.0,0.0,0.0,0.0,0.0,0.0,0.0,0.0,0.0,0.0,0.0,0.0,0.0,0.0,0.0,0.0,0.0,2.2909999999999997E-22,0.0,6.388,3.003,0.1764,1.448,0.008938,0.01191,0.7623,0.1947,0.006744,0.0,0.0,0.0,0.0,0.0,0.0,0.0,0.0,0.0,0.0,0.0,0.0,0.0,0.0,0.0,0.0,0.0,0.0,0.0,0.0,0.0,0.0,0.0,0.0,0.0,0.0,0.0,0.0,0.0,0.0,0.0,0.0,0.0,0.0,0.0,0.0,0.0,0.0,0.0,0.0,0.0,0.0,0.0,0.0,0.0,0.0,1.0E-4,19750.0,9.55E25,2790.0,2382.0,356.1,204300.0,7966.0,3998.0,4250.0,5062.0,1757.0,0.41,279.5,34.6,140.5,42.03,19.24,1.453,0.7044,1.868,1.092,0.1184,0.00432,1651.0,71.11,63.05,5.3,29.95,0.005924,0.002937,0.007821,0.004545,4.564E-4,19.48,0.2849,0.8475,4.695,6.776,0.7727,1.432,0.6724,1.781,1.038,0.11,0.0,0.0,0.0,0.0,0.0,0.0,0.0,0.0,0.0,0.0,0.0,0.4929,0.01909,1.278,0.9038,0.1522,1.756,1.699,0.8137,0.7551,0.8935,0.07673,7.595E-6,3.92E-6,4.207E-4,2.513E-4,2.21E-5,2.851E-4,2.111E-5,9.809E-6,9.149E-6,1.072E-5,1.036E-6,
0.0,0.0,0.0,0.0,0.0,0.0,0.0,0.0,0.0,0.0,0.0,0.0,0.0,0.0,0.0,0.0,0.0,0.0,0.0,0.0,0.0,0.0,2.8E-6,0.002037,0.02601,1.827,1.568,0.1573,0.6618,0.009232,0.005341,0.004729,0.005559,3.461E-4,0.0,0.0,0.0,0.0,0.0,0.0,0.0,0.0,0.0,0.0,0.0,0.0,0.0,0.0,0.0,0.0,0.0,0.0,0.0,0.0,0.0,0.0,2.2909999999999997E-22,0.0,6.388,3.003,0.1764,1.448,0.008938,0.01191,0.7623,0.1947,0.006744,0.0,0.0,0.0,0.0,0.0,0.0,0.0,0.0,0.0,0.0,0.0,0.0,0.0,0.0,0.0,0.0,0.0,0.0,0.0,0.0,0.0,0.0,0.0,0.0,0.0,0.0,0.0,0.0,0.0,0.0,0.0,0.0,0.0,0.0,0.0,0.0,0.0,0.0,0.0,0.0,0.0,0.0,0.0,0.0,0.0,0.0,1.0E-4,19750.0,9.55E25,2790.0,2382.0,356.1,204300.0,7899.0,4077.0,4255.0,5047.0,1755.0,0.41,279.5,34.6,140.5,42.03,19.24,1.453,0.7053,1.871,1.088,0.1184,0.00432,1651.0,71.11,63.05,5.3,29.95,0.005927,0.002941,0.007834,0.004526,4.563E-4,19.48,0.2849,0.8475,4.695,6.776,0.7727,1.433,0.6732,1.784,1.034,0.11,0.0,0.0,0.0,0.0,0.0,0.0,0.0,0.0,0.0,0.0,0.0,0.4929,0.01909,1.278,0.9038,0.1522,1.756,1.684,0.8307,0.7561,0.891,0.07625,7.595E-6,3.92E-6,4.207E-4,2.513E-4,2.21E-5,2.85E-4,2.093E-5,1.001E-5,9.161E-6,1.069E-5,1.03E-6,
0.0,0.0,0.0,0.0,0.0,0.0,0.0,0.0,0.0,0.0,0.0,0.0,0.0,0.0,0.0,0.0,0.0,0.0,0.0,0.0,0.0,0.0,2.8E-6,0.002047,0.02601,1.798,1.596,0.1573,0.6613,0.009216,0.005341,0.004612,0.00567,3.581E-4,0.0,0.0,0.0,0.0,0.0,0.0,0.0,0.0,0.0,0.0,0.0,0.0,0.0,0.0,0.0,0.0,0.0,0.0,0.0,0.0,0.0,0.0,2.2909999999999997E-22,0.0,6.32,3.071,0.1764,1.448,0.008938,0.01191,0.7623,0.1947,0.006744,0.0,0.0,0.0,0.0,0.0,0.0,0.0,0.0,0.0,0.0,0.0,0.0,0.0,0.0,0.0,0.0,0.0,0.0,0.0,0.0,0.0,0.0,0.0,0.0,0.0,0.0,0.0,0.0,0.0,0.0,0.0,0.0,0.0,0.0,0.0,0.0,0.0,0.0,0.0,0.0,0.0,0.0,0.0,0.0,0.0,0.0,1.0E-4,19760.0,9.55E25,2771.0,2401.0,356.1,204300.0,7892.0,4077.0,4168.0,5130.0,1756.0,0.4131,279.5,34.27,140.8,42.03,19.24,1.452,0.7082,1.868,1.088,0.1154,0.004333,1651.0,70.29,63.88,5.3,29.95,0.00592,0.002953,0.007824,0.004529,4.439E-4,19.48,0.2849,0.8345,4.708,6.776,0.7727,1.432,0.676,1.781,1.034,0.1072,0.0,0.0,0.0,0.0,0.0,0.0,0.0,0.0,0.0,0.0,0.0,0.4944,0.01909,1.27,0.9114,0.1522,1.756,1.681,0.8306,0.7382,0.9078,0.07812,7.613E-6,3.92E-6,4.168E-4,2.551E-4,2.21E-5,2.849E-4,2.091E-5,1.001E-5,8.949E-6,1.089E-5,1.052E-6,
0.0,0.0,0.0,0.0,0.0,0.0,0.0,0.0,0.0,0.0,0.0,0.0,0.0,0.0,0.0,0.0,0.0,0.0,0.0,0.0,0.0,0.0,2.8E-6,0.002047,0.02601,1.798,1.596,0.1573,0.6609,0.009127,0.005427,0.00461,0.005691,3.415E-4,0.0,0.0,0.0,0.0,0.0,0.0,0.0,0.0,0.0,0.0,0.0,0.0,0.0,0.0,0.0,0.0,0.0,0.0,0.0,0.0,0.0,0.0,2.2909999999999997E-22,0.0,6.32,3.071,0.1766,1.448,0.009065,0.01208,0.7589,0.1975,0.006839,0.0,0.0,0.0,0.0,0.0,0.0,0.0,0.0,0.0,0.0,0.0,0.0,0.0,0.0,0.0,0.0,0.0,0.0,0.0,0.0,0.0,0.0,0.0,0.0,0.0,0.0,0.0,0.0,0.0,0.0,0.0,0.0,0.0,0.0,0.0,0.0,0.0,0.0,0.0,0.0,0.0,0.0,0.0,0.0,0.0,0.0,1.0E-4,19760.0,9.55E25,2771.0,2401.0,356.6,204300.0,7832.0,4158.0,4143.0,5147.0,1742.0,0.4131,279.5,34.27,140.8,42.03,19.24,1.453,0.7105,1.86,1.093,0.1155,0.004333,1651.0,70.29,63.88,5.3,29.95,0.005925,0.002957,0.007794,0.004547,4.443E-4,19.48,0.2849,0.8346,4.708,6.776,0.7727,1.433,0.6786,1.773,1.039,0.1073,0.0,0.0,0.0,0.0,0.0,0.0,0.0,0.0,0.0,0.0,0.0,0.4944,0.01909,1.27,0.9114,0.1523,1.755,1.668,0.8463,0.735,0.911,0.07554,7.613E-6,3.92E-6,4.168E-4,2.551E-4,2.21E-5,2.848E-4,2.075E-5,1.025E-5,8.859E-6,1.093E-5,1.022E-6,
0.0,0.0,0.0,0.0,0.0,0.0,0.0,0.0,0.0,0.0,0.0,0.0,0.0,0.0,0.0,0.0,0.0,0.0,0.0,0.0,0.0,0.0,2.8E-6,0.002047,0.02601,1.798,1.588,0.1656,0.6606,0.009196,0.005386,0.004603,0.00567,3.409E-4,0.0,0.0,0.0,0.0,0.0,0.0,0.0,0.0,0.0,0.0,0.0,0.0,0.0,0.0,0.0,0.0,0.0,0.0,0.0,0.0,0.0,0.0,2.2909999999999997E-22,0.0,6.32,3.071,0.1766,1.448,0.009065,0.01208,0.7589,0.1975,0.006839,0.0,0.0,0.0,0.0,0.0,0.0,0.0,0.0,0.0,0.0,0.0,0.0,0.0,0.0,0.0,0.0,0.0,0.0,0.0,0.0,0.0,0.0,0.0,0.0,0.0,0.0,0.0,0.0,0.0,0.0,0.0,0.0,0.0,0.0,0.0,0.0,0.0,0.0,0.0,0.0,0.0,0.0,0.0,0.0,0.0,0.0,1.0E-4,19760.0,9.55E25,2771.0,2394.0,363.0,204300.0,7880.0,4138.0,4149.0,5118.0,1764.0,0.4131,279.5,34.27,140.6,42.19,19.24,1.457,0.707,1.861,1.091,0.1157,0.004333,1651.0,70.29,63.57,5.61,29.95,0.005941,0.002942,0.007797,0.004543,4.454E-4,19.48,0.2849,0.8346,4.704,6.78,0.7727,1.436,0.6752,1.774,1.038,0.1075,0.0,0.0,0.0,0.0,0.0,0.0,0.0,0.0,0.0,0.0,0.0,0.4944,0.01909,1.27,0.9082,0.1555,1.755,1.678,0.8404,0.7354,0.9063,0.07545,7.613E-6,3.92E-6,4.168E-4,2.538E-4,2.342E-5,2.848E-4,2.087E-5,1.018E-5,8.865E-6,1.087E-5,1.021E-6,
0.0,0.0,0.0,0.0,0.0,0.0,0.0,0.0,0.0,0.0,0.0,0.0,0.0,0.0,0.0,0.0,0.0,0.0,0.0,0.0,0.0,0.0,2.8E-6,0.002047,0.02601,1.798,1.588,0.1656,0.6602,0.009217,0.00533,0.00468,0.00564,3.289E-4,0.0,0.0,0.0,0.0,0.0,0.0,0.0,0.0,0.0,0.0,0.0,0.0,0.0,0.0,0.0,0.0,0.0,0.0,0.0,0.0,0.0,0.0,2.2909999999999997E-22,0.0,6.32,3.071,0.1767,1.448,0.009195,0.01225,0.7698,0.1859,0.006938,0.0,0.0,0.0,0.0,0.0,0.0,0.0,0.0,0.0,0.0,0.0,0.0,0.0,0.0,0.0,0.0,0.0,0.0,0.0,0.0,0.0,0.0,0.0,0.0,0.0,0.0,0.0,0.0,0.0,0.0,0.0,0.0,0.0,0.0,0.0,0.0,0.0,0.0,0.0,0.0,0.0,0.0,0.0,0.0,0.0,0.0,1.0E-4,19760.0,9.55E25,2771.0,2394.0,364.0,204300.0,7908.0,4084.0,4211.0,5092.0,1754.0,0.4131,279.5,34.27,140.6,42.27,19.24,1.463,0.7013,1.883,1.072,0.1125,0.004333,1651.0,70.29,63.1,6.08,29.95,0.005963,0.002921,0.007887,0.004464,4.316E-4,19.48,0.2849,0.8346,4.701,6.784,0.7727,1.443,0.6691,1.794,1.019,0.1044,0.0,0.0,0.0,0.0,0.0,0.0,0.0,0.0,0.0,0.0,0.0,0.4944,0.01909,1.27,0.9078,0.156,1.755,1.683,0.8309,0.7473,0.9016,0.07358,7.613E-6,3.92E-6,4.168E-4,2.536E-4,2.359E-5,2.847E-4,2.096E-5,1.002E-5,9.006E-6,1.082E-5,9.986E-7,
0.0,0.0,0.0,0.0,0.0,0.0,0.0,0.0,0.0,0.0,0.0,0.0,0.0,0.0,0.0,0.0,0.0,0.0,0.0,0.0,0.0,0.0,2.8E-6,0.002047,0.02601,1.798,1.582,0.1711,0.6602,0.009203,0.005289,0.004714,0.005693,3.064E-4,0.0,0.0,0.0,0.0,0.0,0.0,0.0,0.0,0.0,0.0,0.0,0.0,0.0,0.0,0.0,0.0,0.0,0.0,0.0,0.0,0.0,0.0,2.2909999999999997E-22,0.0,6.189,3.202,0.1744,1.448,0.00491,0.004557,0.764,0.2094,0.004143,0.0,0.0,0.0,0.0,0.0,0.0,0.0,0.0,0.0,0.0,0.0,0.0,0.0,0.0,0.0,0.0,0.0,0.0,0.0,0.0,0.0,0.0,0.0,0.0,0.0,0.0,0.0,0.0,0.0,0.0,0.0,0.0,0.0,0.0,0.0,0.0,0.0,0.0,0.0,0.0,0.0,0.0,0.0,0.0,0.0,0.0,1.0E-4,19760.0,9.55E25,2761.0,2385.0,374.0,204300.0,7900.0,4050.0,4245.0,5170.0,1717.0,0.4131,279.5,34.25,138.4,44.47,19.24,1.457,0.6846,1.873,1.116,0.1071,0.004333,1651.0,70.29,62.99,6.195,29.95,0.005938,0.00285,0.007845,0.004646,4.088E-4,19.48,0.2849,0.8341,4.633,6.847,0.7727,1.437,0.6532,1.785,1.061,0.09922,0.0,0.0,0.0,0.0,0.0,0.0,0.0,0.0,0.0,0.0,0.0,0.4944,0.01909,1.267,0.9055,0.1603,1.755,1.68,0.8246,0.7526,0.9096,0.07007,7.613E-6,3.92E-6,4.155E-4,2.543E-4,2.413E-5,2.847E-4,2.094E-5,9.948E-6,9.07E-6,1.091E-5,9.57E-7,
0.0,0.0,0.0,0.0,0.0,0.0,0.0,0.0,0.0,0.0,0.0,0.0,0.0,0.0,0.0,0.0,0.0,0.0,0.0,0.0,0.0,0.0,2.8E-6,0.002047,0.02601,1.796,1.584,0.1711,0.6598,0.009202,0.005296,0.005228,0.005144,3.26E-4,0.0,0.0,0.0,0.0,0.0,0.0,0.0,0.0,0.0,0.0,0.0,0.0,0.0,0.0,0.0,0.0,0.0,0.0,0.0,0.0,0.0,0.0,2.2909999999999997E-22,0.0,6.189,3.202,0.1768,1.448,0.006026,0.005592,0.923,0.04431,0.005084,0.0,0.0,0.0,0.0,0.0,0.0,0.0,0.0,0.0,0.0,0.0,0.0,0.0,0.0,0.0,0.0,0.0,0.0,0.0,0.0,0.0,0.0,0.0,0.0,0.0,0.0,0.0,0.0,0.0,0.0,0.0,0.0,0.0,0.0,0.0,0.0,0.0,0.0,0.0,0.0,0.0,0.0,0.0,0.0,0.0,0.0,1.0E-4,19760.0,9.55E25,2760.0,2388.0,380.5,204300.0,7902.0,4054.0,4679.0,4752.0,1687.0,0.4131,279.5,34.18,138.4,44.47,19.24,1.459,0.6868,2.183,0.7915,0.1115,0.004333,1651.0,70.26,63.01,6.195,29.95,0.005946,0.00286,0.009153,0.003278,4.279E-4,19.48,0.2849,0.8338,4.634,6.852,0.7727,1.439,0.6554,2.082,0.7504,0.1035,0.0,0.0,0.0,0.0,0.0,0.0,0.0,0.0,0.0,0.0,0.0,0.4944,0.01909,1.266,0.9062,0.1615,1.755,1.68,0.8256,0.8311,0.8261,0.07268,7.613E-6,3.92E-6,4.153E-4,2.545E-4,2.415E-5,2.846E-4,2.094E-5,9.96E-6,1.0E-5,9.92E-6,9.887E-7,
0.0,0.0,0.0,0.0,0.0,0.0,0.0,0.0,0.0,0.0,0.0,0.0,0.0,0.0,0.0,0.0,0.0,0.0,0.0,0.0,0.0,0.0,2.8E-6,0.002047,0.02601,1.791,1.588,0.1711,0.6596,0.009205,0.005295,0.005169,0.005204,3.226E-4,0.0,0.0,0.0,0.0,0.0,0.0,0.0,0.0,0.0,0.0,0.0,0.0,0.0,0.0,0.0,0.0,0.0,0.0,0.0,0.0,0.0,0.0,2.2899999999999996E-22,0.0,6.189,3.202,0.177,1.448,0.006114,0.005674,0.9366,0.03025,0.005159,0.0,0.0,0.0,0.0,0.0,0.0,0.0,0.0,0.0,0.0,0.0,0.0,0.0,0.0,0.0,0.0,0.0,0.0,0.0,0.0,0.0,0.0,0.0,0.0,0.0,0.0,0.0,0.0,0.0,0.0,0.0,0.0,0.0,0.0,0.0,0.0,0.0,0.0,0.0,0.0,0.0,0.0,0.0,0.0,0.0,0.0,1.0E-4,19760.0,9.55E25,2752.0,2395.0,381.1,204300.0,7917.0,4048.0,4628.0,4808.0,1741.0,0.4131,279.5,34.1,138.5,44.47,19.24,1.46,0.6855,2.21,0.7656,0.1103,0.004333,1651.0,69.8,63.47,6.195,29.95,0.005948,0.002856,0.009267,0.00317,4.231E-4,19.48,0.2849,0.8303,4.637,6.852,0.7727,1.439,0.6543,2.108,0.7258,0.1025,0.0,0.0,0.0,0.0,0.0,0.0,0.0,0.0,0.0,0.0,0.0,0.4944,0.01909,1.261,0.9114,0.1616,1.755,1.683,0.8244,0.8215,0.8351,0.07173,7.613E-6,3.92E-6,4.135E-4,2.562E-4,2.415E-5,2.845E-4,2.096E-5,9.947E-6,9.888E-6,1.003E-5,9.784E-7,
0.0,0.0,0.0,0.0,0.0,0.0,0.0,0.0,0.0,0.0,0.0,0.0,0.0,0.0,0.0,0.0,0.0,0.0,0.0,0.0,0.0,0.0,2.8E-6,0.002047,0.02601,1.779,1.588,0.1711,0.6719,0.009268,0.005231,0.005184,0.005191,3.218E-4,0.0,0.0,0.0,0.0,0.0,0.0,0.0,0.0,0.0,0.0,0.0,0.0,0.0,0.0,0.0,0.0,0.0,0.0,0.0,0.0,0.0,0.0,2.2899999999999996E-22,0.0,6.189,3.202,0.177,1.448,0.006114,0.005674,0.9366,0.03025,0.005159,0.0,0.0,0.0,0.0,0.0,0.0,0.0,0.0,0.0,0.0,0.0,0.0,0.0,0.0,0.0,0.0,0.0,0.0,0.0,0.0,0.0,0.0,0.0,0.0,0.0,0.0,0.0,0.0,0.0,0.0,0.0,0.0,0.0,0.0,0.0,0.0,0.0,0.0,0.0,0.0,0.0,0.0,0.0,0.0,0.0,0.0,1.0E-4,19760.0,9.55E25,2729.0,2395.0,381.1,204300.0,7961.0,4003.0,4641.0,4796.0,1740.0,0.4131,279.5,34.09,138.5,44.47,19.25,1.461,0.6837,2.21,0.7655,0.1104,0.004333,1651.0,69.8,63.47,6.195,29.95,0.005956,0.002848,0.009266,0.00317,4.239E-4,19.48,0.2849,0.8302,4.637,6.852,0.7727,1.441,0.6525,2.107,0.7257,0.1027,0.0,0.0,0.0,0.0,0.0,0.0,0.0,0.0,0.0,0.0,0.0,0.4944,0.01909,1.254,0.9114,0.1616,1.762,1.693,0.8147,0.8238,0.8331,0.0716,7.613E-6,3.92E-6,4.107E-4,2.562E-4,2.415E-5,2.872E-4,2.108E-5,9.833E-6,9.916E-6,1.0E-5,9.768E-7,
0.0,0.0,0.0,0.0,0.0,0.0,0.0,0.0,0.0,0.0,0.0,0.0,0.0,0.0,0.0,0.0,0.0,0.0,0.0,0.0,0.0,0.0,2.8E-6,0.002047,0.02601,1.774,1.593,0.1711,0.6716,0.009141,0.005372,0.005232,0.005099,3.51E-4,0.0,0.0,0.0,0.0,0.0,0.0,0.0,0.0,0.0,0.0,0.0,0.0,0.0,0.0,0.0,0.0,0.0,0.0,0.0,0.0,0.0,0.0,2.2899999999999996E-22,0.0,5.866,3.525,0.177,1.448,0.006114,0.005674,0.9366,0.03025,0.005159,0.0,0.0,0.0,0.0,0.0,0.0,0.0,0.0,0.0,0.0,0.0,0.0,0.0,0.0,0.0,0.0,0.0,0.0,0.0,0.0,0.0,0.0,0.0,0.0,0.0,0.0,0.0,0.0,0.0,0.0,0.0,0.0,0.0,0.0,0.0,0.0,0.0,0.0,0.0,0.0,0.0,0.0,0.0,0.0,0.0,0.0,1.0E-4,19770.0,9.55E25,2717.0,2406.0,381.1,204300.0,7875.0,4104.0,4677.0,4800.0,1677.0,0.4131,279.5,33.62,139.0,44.47,19.25,1.464,0.6805,2.212,0.7639,0.1105,0.004333,1651.0,69.59,63.68,6.195,29.95,0.005965,0.002834,0.009277,0.003163,4.243E-4,19.48,0.2849,0.8256,4.642,6.852,0.7727,1.443,0.6494,2.11,0.7242,0.1027,0.0,0.0,0.0,0.0,0.0,0.0,0.0,0.0,0.0,0.0,0.0,0.4944,0.01909,1.249,0.9169,0.1616,1.761,1.674,0.836,0.8314,0.8187,0.07605,7.613E-6,3.92E-6,4.088E-4,2.582E-4,2.415E-5,2.871E-4,2.085E-5,1.008E-5,1.001E-5,9.834E-6,1.029E-6,
0.0,0.0,0.0,0.0,0.0,0.0,0.0,0.0,0.0,0.0,0.0,0.0,0.0,0.0,0.0,0.0,0.0,0.0,0.0,0.0,0.0,0.0,2.8E-6,0.002047,0.02601,1.741,1.619,0.1711,0.679,0.00913,0.005461,0.004915,0.005366,3.512E-4,0.0,0.0,0.0,0.0,0.0,0.0,0.0,0.0,0.0,0.0,0.0,0.0,0.0,0.0,0.0,0.0,0.0,0.0,0.0,0.0,0.0,0.0,2.2899999999999996E-22,0.0,5.805,3.585,0.1691,1.448,0.001297,0.02855,0.8709,0.09057,0.002109,0.0,0.0,0.0,0.0,0.0,0.0,0.0,0.0,0.0,0.0,0.0,0.0,0.0,0.0,0.0,0.0,0.0,0.0,0.0,0.0,0.0,0.0,0.0,0.0,0.0,0.0,0.0,0.0,0.0,0.0,0.0,0.0,0.0,0.0,0.0,0.0,0.0,0.0,0.0,0.0,0.0,0.0,0.0,0.0,0.0,0.0,1.0E-4,19770.0,9.55E25,2673.0,2421.0,361.6,204300.0,7864.0,4188.0,4410.0,5059.0,1672.0,0.4131,279.5,31.32,139.3,44.46,21.24,1.456,0.7214,2.085,0.8772,0.1096,0.004333,1651.0,68.74,64.42,6.195,30.06,0.005933,0.003006,0.008742,0.00364,4.204E-4,19.48,0.2849,0.7963,4.652,6.837,0.789,1.436,0.6885,1.988,0.8326,0.1018,0.0,0.0,0.0,0.0,0.0,0.0,0.0,0.0,0.0,0.0,0.0,0.4943,0.01909,1.233,0.9233,0.158,1.77,1.672,0.8499,0.7823,0.8601,0.07607,7.612E-6,3.92E-6,4.023E-4,2.616E-4,2.41E-5,2.901E-4,2.083E-5,1.025E-5,9.424E-6,1.032E-5,1.029E-6,
0.0,0.0,0.0,0.0,0.0,0.0,0.0,0.0,0.0,0.0,0.0,0.0,0.0,0.0,0.0,0.0,0.0,0.0,0.0,0.0,0.0,0.0,2.8E-6,0.002047,0.02601,1.741,1.619,0.1711,0.6785,0.009148,0.005366,0.005072,0.005295,3.403E-4,0.0,0.0,0.0,0.0,0.0,0.0,0.0,0.0,0.0,0.0,0.0,0.0,0.0,0.0,0.0,0.0,0.0,0.0,0.0,0.0,0.0,0.0,2.2899999999999996E-22,0.0,5.805,3.585,0.1697,1.448,0.001426,0.01154,0.9043,0.0731,0.002319,0.0,0.0,0.0,0.0,0.0,0.0,0.0,0.0,0.0,0.0,0.0,0.0,0.0,0.0,0.0,0.0,0.0,0.0,0.0,0.0,0.0,0.0,0.0,0.0,0.0,0.0,0.0,0.0,0.0,0.0,0.0,0.0,0.0,0.0,0.0,0.0,0.0,0.0,0.0,0.0,0.0,0.0,0.0,0.0,0.0,0.0,1.0E-4,19770.0,9.55E25,2672.0,2422.0,363.5,204300.0,7877.0,4110.0,4542.0,5012.0,1687.0,0.4131,279.5,31.32,139.3,44.46,21.24,1.461,0.6833,2.153,0.844,0.1063,0.004333,1651.0,68.74,64.42,6.195,30.06,0.005956,0.002846,0.009028,0.003501,4.066E-4,19.48,0.2849,0.7963,4.652,6.838,0.789,1.441,0.6521,2.053,0.801,0.09866,0.0,0.0,0.0,0.0,0.0,0.0,0.0,0.0,0.0,0.0,0.0,0.4943,0.01909,1.232,0.9237,0.1584,1.77,1.674,0.8352,0.8066,0.8491,0.07439,7.612E-6,3.92E-6,4.021E-4,2.617E-4,2.411E-5,2.9E-4,2.086E-5,1.008E-5,9.711E-6,1.019E-5,1.009E-6,
0.0,0.0,0.0,0.0,0.0,0.0,0.0,0.0,0.0,0.0,0.0,0.0,0.0,0.0,0.0,0.0,0.0,0.0,0.0,0.0,0.0,0.0,2.8E-6,0.002047,0.02601,1.732,1.622,0.1711,0.683,0.009173,0.005324,0.005343,0.005035,3.408E-4,0.0,0.0,0.0,0.0,0.0,0.0,0.0,0.0,0.0,0.0,0.0,0.0,0.0,0.0,0.0,0.0,0.0,0.0,0.0,0.0,0.0,0.0,2.2899999999999996E-22,0.0,5.805,3.585,0.1706,1.448,0.001638,0.005664,0.9781,0.003599,0.002663,0.0,0.0,0.0,0.0,0.0,0.0,0.0,0.0,0.0,0.0,0.0,0.0,0.0,0.0,0.0,0.0,0.0,0.0,0.0,0.0,0.0,0.0,0.0,0.0,0.0,0.0,0.0,0.0,0.0,0.0,0.0,0.0,0.0,0.0,0.0,0.0,0.0,0.0,0.0,0.0,0.0,0.0,0.0,0.0,0.0,0.0,1.0E-4,19770.0,9.55E25,2643.0,2423.0,366.5,204400.0,7894.0,4080.0,4780.0,4789.0,1680.0,0.4131,279.5,31.26,139.3,44.46,21.28,1.469,0.667,2.297,0.7072,0.1055,0.004333,1651.0,68.63,64.52,6.195,30.07,0.005988,0.002777,0.009633,0.002927,4.033E-4,19.48,0.2849,0.7954,4.653,6.84,0.7893,1.448,0.6364,2.192,0.6693,0.09789,0.0,0.0,0.0,0.0,0.0,0.0,0.0,0.0,0.0,0.0,0.0,0.4943,0.01909,1.224,0.9246,0.1589,1.778,1.678,0.8291,0.8515,0.8059,0.0744,7.612E-6,3.92E-6,3.982E-4,2.618E-4,2.412E-5,2.938E-4,2.091E-5,1.0E-5,1.026E-5,9.666E-6,1.01E-6,
0.0,0.0,0.0,0.0,0.0,0.0,0.0,0.0,0.0,0.0,0.0,0.0,0.0,0.0,0.0,0.0,0.0,0.0,0.0,0.0,0.0,0.0,2.8E-6,0.002047,0.02601,1.732,1.611,0.1825,0.683,0.009174,0.005302,0.005332,0.005052,3.388E-4,0.0,0.0,0.0,0.0,0.0,0.0,0.0,0.0,0.0,0.0,0.0,0.0,0.0,0.0,0.0,0.0,0.0,0.0,0.0,0.0,0.0,0.0,2.2899999999999996E-22,0.0,5.805,3.586,0.1754,1.448,0.002787,0.009639,0.9627,0.006125,0.004533,0.0,0.0,0.0,0.0,0.0,0.0,0.0,0.0,0.0,0.0,0.0,0.0,0.0,0.0,0.0,0.0,0.0,0.0,0.0,0.0,0.0,0.0,0.0,0.0,0.0,0.0,0.0,0.0,0.0,0.0,0.0,0.0,0.0,0.0,0.0,0.0,0.0,0.0,0.0,0.0,0.0,0.0,0.0,0.0,0.0,0.0,1.0E-4,19770.0,9.55E25,2641.0,2424.0,383.5,204400.0,7896.0,4068.0,4763.0,4857.0,1624.0,0.4131,279.5,31.26,139.2,44.56,21.28,1.472,0.6724,2.268,0.7148,0.1064,0.004333,1651.0,68.63,64.44,6.273,30.07,0.006003,0.0028,0.009511,0.002959,4.07E-4,19.48,0.2849,0.7962,4.653,6.85,0.7893,1.452,0.6416,2.165,0.6766,0.09869,0.0,0.0,0.0,0.0,0.0,0.0,0.0,0.0,0.0,0.0,0.0,0.4943,0.01909,1.223,0.9246,0.1622,1.778,1.678,0.8259,0.8495,0.8085,0.07407,7.612E-6,3.92E-6,3.979E-4,2.617E-4,2.452E-5,2.937E-4,2.091E-5,9.965E-6,1.024E-5,9.697E-6,1.006E-6,
0.0,0.0,0.0,0.0,0.0,0.0,0.0,0.0,0.0,0.0,0.0,0.0,0.0,0.0,0.0,0.0,0.0,0.0,0.0,0.0,0.0,0.0,2.8E-6,0.002047,0.02601,1.722,1.621,0.1825,0.6825,0.009176,0.005297,0.005333,0.005048,3.396E-4,0.0,0.0,0.0,0.0,0.0,0.0,0.0,0.0,0.0,0.0,0.0,0.0,0.0,0.0,0.0,0.0,0.0,0.0,0.0,0.0,0.0,0.0,2.2899999999999996E-22,0.0,5.805,3.586,0.176,1.448,0.002939,0.01016,0.9607,0.006459,0.00478,0.0,0.0,0.0,0.0,0.0,0.0,0.0,0.0,0.0,0.0,0.0,0.0,0.0,0.0,0.0,0.0,0.0,0.0,0.0,0.0,0.0,0.0,0.0,0.0,0.0,0.0,0.0,0.0,0.0,0.0,0.0,0.0,0.0,0.0,0.0,0.0,0.0,0.0,0.0,0.0,0.0,0.0,0.0,0.0,0.0,0.0,1.0E-4,19770.0,9.55E25,2634.0,2431.0,385.5,204400.0,7900.0,4066.0,4761.0,4894.0,1586.0,0.4131,279.5,31.2,139.3,44.56,21.28,1.475,0.6701,2.267,0.7139,0.1069,0.004333,1651.0,68.34,64.73,6.273,30.07,0.006015,0.00279,0.009503,0.002955,4.09E-4,19.48,0.2849,0.794,4.655,6.851,0.7893,1.454,0.6394,2.163,0.6758,0.09912,0.0,0.0,0.0,0.0,0.0,0.0,0.0,0.0,0.0,0.0,0.0,0.4943,0.01909,1.221,0.9274,0.1625,1.777,1.679,0.8252,0.8496,0.808,0.07419,7.612E-6,3.92E-6,3.967E-4,2.629E-4,2.453E-5,2.936E-4,2.091E-5,9.957E-6,1.024E-5,9.691E-6,1.007E-6,
0.0,0.0,0.0,0.0,0.0,0.0,0.0,0.0,0.0,0.0,0.0,0.0,0.0,0.0,0.0,0.0,0.0,0.0,0.0,0.0,0.0,0.0,2.8E-6,0.002047,0.02601,1.722,1.621,0.1825,0.682,0.009184,0.005288,0.004371,0.006047,3.359E-4,0.0,0.0,0.0,0.0,0.0,0.0,0.0,0.0,0.0,0.0,0.0,0.0,0.0,0.0,0.0,0.0,0.0,0.0,0.0,0.0,0.0,0.0,2.2899999999999996E-22,0.0,5.805,3.585,0.1689,1.448,0.001249,0.004319,0.7493,0.2367,0.002031,0.0,0.0,0.0,0.0,0.0,0.0,0.0,0.0,0.0,0.0,0.0,0.0,0.0,0.0,0.0,0.0,0.0,0.0,0.0,0.0,0.0,0.0,0.0,0.0,0.0,0.0,0.0,0.0,0.0,0.0,0.0,0.0,0.0,0.0,0.0,0.0,0.0,0.0,0.0,0.0,0.0,0.0,0.0,0.0,0.0,0.0,1.0E-4,19770.0,9.55E25,2629.0,2432.0,364.6,204400.0,7904.0,4058.0,3951.0,5757.0,1557.0,0.4131,279.5,31.2,139.3,44.54,21.28,1.476,0.6567,1.849,1.164,0.1042,0.004333,1651.0,68.34,64.73,6.273,30.07,0.006017,0.002733,0.007745,0.004851,3.979E-4,19.48,0.2849,0.7928,4.654,6.838,0.7893,1.455,0.6265,1.764,1.106,0.09656,0.0,0.0,0.0,0.0,0.0,0.0,0.0,0.0,0.0,0.0,0.0,0.4943,0.01909,1.22,0.9276,0.1587,1.777,1.68,0.8237,0.7003,0.963,0.07361,7.612E-6,3.92E-6,3.964E-4,2.632E-4,2.448E-5,2.935E-4,2.093E-5,9.939E-6,8.468E-6,1.153E-5,1.0E-6,
0.0,0.0,0.0,0.0,0.0,0.0,0.0,0.0,0.0,0.0,0.0,0.0,0.0,0.0,0.0,0.0,0.0,0.0,0.0,0.0,0.0,0.0,2.8E-6,0.002047,0.02601,1.65,1.621,0.1825,0.7538,0.009182,0.005311,0.003716,0.006657,3.386E-4,0.0,0.0,0.0,0.0,0.0,0.0,0.0,0.0,0.0,0.0,0.0,0.0,0.0,0.0,0.0,0.0,0.0,0.0,0.0,0.0,0.0,0.0,2.2899999999999996E-22,0.0,5.805,3.586,0.175,1.448,0.002685,0.009285,0.4983,0.4716,0.004367,0.0,0.0,0.0,0.0,0.0,0.0,0.0,0.0,0.0,0.0,0.0,0.0,0.0,0.0,0.0,0.0,0.0,0.0,0.0,0.0,0.0,0.0,0.0,0.0,0.0,0.0,0.0,0.0,0.0,0.0,0.0,0.0,0.0,0.0,0.0,0.0,0.0,0.0,0.0,0.0,0.0,0.0,0.0,0.0,0.0,0.0,1.0E-4,19770.0,9.55E25,2597.0,2434.0,378.6,204400.0,7903.0,4080.0,3388.0,6277.0,1582.0,0.4131,279.5,30.78,139.3,44.55,21.7,1.479,0.6678,1.362,1.618,0.1086,0.004333,1651.0,66.31,64.73,6.273,32.1,0.006028,0.00278,0.005695,0.006765,4.163E-4,19.48,0.2849,0.7773,4.655,6.849,0.8057,1.457,0.6372,1.298,1.541,0.1008,0.0,0.0,0.0,0.0,0.0,0.0,0.0,0.0,0.0,0.0,0.0,0.4943,0.01909,1.203,0.9283,0.1612,1.793,1.68,0.8273,0.5987,1.058,0.07407,7.612E-6,3.92E-6,3.892E-4,2.633E-4,2.451E-5,3.005E-4,2.092E-5,9.982E-6,7.264E-6,1.265E-5,1.006E-6,
0.0,0.0,0.0,0.0,0.0,0.0,0.0,0.0,0.0,0.0,0.0,0.0,0.0,0.0,0.0,0.0,0.0,0.0,0.0,0.0,0.0,0.0,2.8E-6,0.002047,0.02601,1.65,1.596,0.2078,0.7535,0.009117,0.005412,0.003934,0.00638,3.539E-4,0.0,0.0,0.0,0.0,0.0,0.0,0.0,0.0,0.0,0.0,0.0,0.0,0.0,0.0,0.0,0.0,0.0,0.0,0.0,0.0,0.0,0.0,2.2899999999999996E-22,0.0,5.805,3.586,0.1771,1.448,0.003178,0.01099,0.5751,0.3893,0.005169,0.0,0.0,0.0,0.0,0.0,0.0,0.0,0.0,0.0,0.0,0.0,0.0,0.0,0.0,0.0,0.0,0.0,0.0,0.0,0.0,0.0,0.0,0.0,0.0,0.0,0.0,0.0,0.0,0.0,0.0,0.0,0.0,0.0,0.0,0.0,0.0,0.0,0.0,0.0,0.0,0.0,0.0,0.0,0.0,0.0,0.0,1.0E-4,19770.0,9.55E25,2597.0,2430.0,389.1,204400.0,7862.0,4158.0,3576.0,6060.0,1625.0,0.4131,279.5,30.78,138.5,45.35,21.7,1.484,0.6694,1.506,1.46,0.1118,0.004333,1651.0,66.31,64.02,6.983,32.1,0.006052,0.002785,0.006301,0.006096,4.298E-4,19.48,0.2849,0.7777,4.645,6.863,0.8057,1.463,0.6383,1.436,1.389,0.1039,0.0,0.0,0.0,0.0,0.0,0.0,0.0,0.0,0.0,0.0,0.0,0.4943,0.01909,1.203,0.9273,0.1634,1.793,1.67,0.8446,0.6307,1.015,0.07647,7.611E-6,3.92E-6,3.892E-4,2.628E-4,2.503E-5,3.004E-4,2.081E-5,1.018E-5,7.647E-6,1.214E-5,1.034E-6,
0.0,0.0,0.0,0.0,0.0,0.0,0.0,0.0,0.0,0.0,0.0,0.0,0.0,0.0,0.0,0.0,0.0,0.0,0.0,0.0,0.0,0.0,2.8E-6,0.002056,0.02601,1.65,1.596,0.2077,0.7531,0.009129,0.005355,0.004811,0.005551,3.631E-4,0.0,0.0,0.0,0.0,0.0,0.0,0.0,0.0,0.0,0.0,0.0,0.0,0.0,0.0,0.0,0.0,0.0,0.0,0.0,0.0,0.0,0.0,2.2899999999999996E-22,0.0,5.805,3.585,0.1703,1.448,0.001575,0.005445,0.8698,0.1126,0.002561,0.0,0.0,0.0,0.0,0.0,0.0,0.0,0.0,0.0,0.0,0.0,0.0,0.0,0.0,0.0,0.0,0.0,0.0,0.0,0.0,0.0,0.0,0.0,0.0,0.0,0.0,0.0,0.0,0.0,0.0,0.0,0.0,0.0,0.0,0.0,0.0,0.0,0.0,0.0,0.0,0.0,0.0,0.0,0.0,0.0,0.0,1.0E-4,19780.0,9.55E25,2593.0,2430.0,374.6,204400.0,7871.0,4124.0,4321.0,5414.0,1562.0,0.4159,279.5,30.72,138.6,45.33,21.7,1.483,0.6557,2.077,0.9213,0.1071,0.004345,1651.0,65.96,64.37,6.983,32.1,0.006046,0.002725,0.008707,0.00383,4.109E-4,19.48,0.2849,0.7739,4.646,6.851,0.8057,1.461,0.6249,1.982,0.8744,0.0995,0.0,0.0,0.0,0.0,0.0,0.0,0.0,0.0,0.0,0.0,0.0,0.4957,0.01909,1.2,0.9296,0.1607,1.793,1.672,0.838,0.7663,0.8851,0.07692,7.628E-6,3.92E-6,3.88E-4,2.639E-4,2.499E-5,3.003E-4,2.083E-5,1.01E-5,9.253E-6,1.061E-5,1.041E-6,
0.0,0.0,0.0,0.0,0.0,0.0,0.0,0.0,0.0,0.0,0.0,0.0,0.0,0.0,0.0,0.0,0.0,0.0,0.0,0.0,0.0,0.0,2.8E-6,0.002056,0.02601,1.646,1.595,0.2078,0.7577,0.009132,0.005387,0.005087,0.005211,3.71E-4,0.0,0.0,0.0,0.0,0.0,0.0,0.0,0.0,0.0,0.0,0.0,0.0,0.0,0.0,0.0,0.0,0.0,0.0,0.0,0.0,0.0,0.0,2.2899999999999996E-22,0.0,5.805,3.586,0.1755,1.448,0.00281,0.009717,0.961,0.007608,0.004569,0.0,0.0,0.0,0.0,0.0,0.0,0.0,0.0,0.0,0.0,0.0,0.0,0.0,0.0,0.0,0.0,0.0,0.0,0.0,0.0,0.0,0.0,0.0,0.0,0.0,0.0,0.0,0.0,0.0,0.0,0.0,0.0,0.0,0.0,0.0,0.0,0.0,0.0,0.0,0.0,0.0,0.0,0.0,0.0,0.0,0.0,1.0E-4,19780.0,9.55E25,2581.0,2434.0,388.5,204400.0,7873.0,4149.0,4569.0,5137.0,1546.0,0.4159,279.5,30.7,138.6,45.34,21.72,1.485,0.6658,2.253,0.717,0.111,0.004345,1651.0,65.94,64.37,6.983,32.12,0.006056,0.002767,0.009446,0.002971,4.272E-4,19.48,0.2849,0.7744,4.648,6.861,0.806,1.464,0.6344,2.15,0.6793,0.1032,0.0,0.0,0.0,0.0,0.0,0.0,0.0,0.0,0.0,0.0,0.0,0.4957,0.01909,1.209,0.933,0.1633,1.782,1.672,0.843,0.8107,0.8309,0.07815,7.628E-6,3.92E-6,3.853E-4,2.639E-4,2.502E-5,3.029E-4,2.084E-5,1.016E-5,9.781E-6,9.963E-6,1.055E-6,
0.0,0.0,0.0,0.0,0.0,0.0,0.0,0.0,0.0,0.0,0.0,0.0,0.0,0.0,0.0,0.0,0.0,0.0,0.0,0.0,0.0,0.0,2.8E-6,0.002056,0.02601,1.622,1.618,0.2078,0.7577,0.009017,0.005489,0.005128,0.005199,3.695E-4,0.0,0.0,0.0,0.0,0.0,0.0,0.0,0.0,0.0,0.0,0.0,0.0,0.0,0.0,0.0,0.0,0.0,0.0,0.0,0.0,0.0,0.0,2.2899999999999996E-22,0.0,5.805,3.585,0.1718,1.448,0.001923,0.006651,0.9733,0.005208,0.003128,0.0,0.0,0.0,0.0,0.0,0.0,0.0,0.0,0.0,0.0,0.0,0.0,0.0,0.0,0.0,0.0,0.0,0.0,0.0,0.0,0.0,0.0,0.0,0.0,0.0,0.0,0.0,0.0,0.0,0.0,0.0,0.0,0.0,0.0,0.0,0.0,0.0,0.0,0.0,0.0,0.0,0.0,0.0,0.0,0.0,0.0,1.0E-4,19780.0,9.55E25,2554.0,2441.0,379.1,204400.0,7792.0,4221.0,4609.0,5119.0,1545.0,0.4159,279.5,29.58,138.6,45.34,22.84,1.483,0.664,2.272,0.7124,0.1082,0.004345,1651.0,65.96,64.37,6.983,32.1,0.006048,0.00276,0.009529,0.002952,4.155E-4,19.48,0.2849,0.7675,4.647,6.854,0.8123,1.462,0.6328,2.169,0.6749,0.1005,0.0,0.0,0.0,0.0,0.0,0.0,0.0,0.0,0.0,0.0,0.0,0.4957,0.01909,1.201,0.9346,0.1616,1.787,1.655,0.8584,0.8169,0.8291,0.07791,7.628E-6,3.92E-6,3.823E-4,2.647E-4,2.5E-5,3.051E-4,2.063E-5,1.034E-5,9.854E-6,9.941E-6,1.053E-6,
0.0,0.0,0.0,0.0,0.0,0.0,0.0,0.0,0.0,0.0,0.0,0.0,0.0,0.0,0.0,0.0,0.0,0.0,0.0,0.0,0.0,0.0,2.8E-6,0.002056,0.02601,1.601,1.637,0.2089,0.7574,0.009042,0.005476,0.005082,0.005231,3.579E-4,0.0,0.0,0.0,0.0,0.0,0.0,0.0,0.0,0.0,0.0,0.0,0.0,0.0,0.0,0.0,0.0,0.0,0.0,0.0,0.0,0.0,0.0,2.2899999999999996E-22,0.0,5.805,3.586,0.1754,1.448,0.002793,0.009659,0.9612,0.007563,0.004542,0.0,0.0,0.0,0.0,0.0,0.0,0.0,0.0,0.0,0.0,0.0,0.0,0.0,0.0,0.0,0.0,0.0,0.0,0.0,0.0,0.0,0.0,0.0,0.0,0.0,0.0,0.0,0.0,0.0,0.0,0.0,0.0,0.0,0.0,0.0,0.0,0.0,0.0,0.0,0.0,0.0,0.0,0.0,0.0,0.0,0.0,1.0E-4,19780.0,9.55E25,2545.0,2449.0,391.4,204400.0,7819.0,4206.0,4571.0,5183.0,1550.0,0.4159,279.5,29.53,138.6,45.35,22.84,1.491,0.6665,2.246,0.7174,0.1105,0.004345,1651.0,65.64,64.69,6.983,32.1,0.006079,0.002772,0.009419,0.002973,4.252E-4,19.48,0.2849,0.7658,4.65,6.86,0.8123,1.469,0.6354,2.144,0.6797,0.1027,0.0,0.0,0.0,0.0,0.0,0.0,0.0,0.0,0.0,0.0,0.0,0.4957,0.01909,1.197,0.9382,0.1641,1.787,1.66,0.8549,0.8097,0.8341,0.07608,7.628E-6,3.92E-6,3.806E-4,2.661E-4,2.528E-5,3.05E-4,2.069E-5,1.03E-5,9.769E-6,1.0E-5,1.031E-6,
0.0,0.0,0.0,0.0,0.0,0.0,0.0,0.0,0.0,0.0,0.0,0.0,0.0,0.0,0.0,0.0,0.0,0.0,0.0,0.0,0.0,0.0,2.8E-6,0.002056,0.02601,1.601,1.637,0.2089,0.757,0.009046,0.005425,0.003933,0.006447,3.629E-4,0.0,0.0,0.0,0.0,0.0,0.0,0.0,0.0,0.0,0.0,0.0,0.0,0.0,0.0,0.0,0.0,0.0,0.0,0.0,0.0,0.0,0.0,2.2899999999999996E-22,0.0,6.005,3.585,0.1695,2.248,0.001379,0.002016,0.6894,0.298,0.002243,0.0,0.0,0.0,0.0,0.0,0.0,0.0,0.0,0.0,0.0,0.0,0.0,0.0,0.0,0.0,0.0,0.0,0.0,0.0,0.0,0.0,0.0,0.0,0.0,0.0,0.0,0.0,0.0,0.0,0.0,0.0,0.0,0.0,0.0,0.0,0.0,0.0,0.0,0.0,0.0,0.0,0.0,0.0,0.0,0.0,0.0,1.0E-4,19780.0,9.55E25,2544.0,2445.0,374.9,204400.0,7821.0,4174.0,3599.0,6245.0,1514.0,0.4159,279.5,29.53,138.6,45.34,22.84,1.49,0.6483,1.713,1.286,0.1084,0.004345,1651.0,65.64,64.69,6.983,32.1,0.006075,0.002695,0.007172,0.005369,4.162E-4,19.48,0.2849,0.7648,4.649,6.849,0.8123,1.468,0.618,1.634,1.224,0.1007,0.0,0.0,0.0,0.0,0.0,0.0,0.0,0.0,0.0,0.0,0.0,0.4957,0.01909,1.197,0.9372,0.1613,1.787,1.661,0.8472,0.6313,1.023,0.07684,7.628E-6,3.92E-6,3.806E-4,2.661E-4,2.531E-5,3.05E-4,2.07E-5,1.021E-5,7.656E-6,1.224E-5,1.04E-6,
0.0,0.0,0.0,0.0,0.0,0.0,0.0,0.0,0.0,0.0,0.0,0.0,0.0,0.0,0.0,0.0,0.0,0.0,0.0,0.0,0.0,0.0,2.8E-6,0.002056,0.02601,1.601,1.637,0.2089,0.7568,0.00906,0.005416,0.004741,0.005628,3.587E-4,0.0,0.0,0.0,0.0,0.0,0.0,0.0,0.0,0.0,0.0,0.0,0.0,0.0,0.0,0.0,0.0,0.0,0.0,0.0,0.0,0.0,0.0,2.2899999999999996E-22,0.0,6.005,3.585,0.1725,2.248,0.002088,0.003053,0.9761,0.004694,0.003396,0.0,0.0,0.0,0.0,0.0,0.0,0.0,0.0,0.0,0.0,0.0,0.0,0.0,0.0,0.0,0.0,0.0,0.0,0.0,0.0,0.0,0.0,0.0,0.0,0.0,0.0,0.0,0.0,0.0,0.0,0.0,0.0,0.0,0.0,0.0,0.0,0.0,0.0,0.0,0.0,0.0,0.0,0.0,0.0,0.0,0.0,1.0E-4,19780.0,9.55E25,2544.0,2446.0,382.6,204400.0,7832.0,4167.0,4292.0,5549.0,1503.0,0.4159,279.5,29.53,138.6,45.34,22.84,1.495,0.6468,2.263,0.7257,0.1082,0.004345,1651.0,65.64,64.69,6.983,32.1,0.006096,0.002688,0.00949,0.003008,4.156E-4,19.48,0.2849,0.7653,4.649,6.855,0.8123,1.473,0.6165,2.16,0.6877,0.1005,0.0,0.0,0.0,0.0,0.0,0.0,0.0,0.0,0.0,0.0,0.0,0.4957,0.01909,1.197,0.9373,0.1626,1.787,1.663,0.8459,0.7567,0.8955,0.07619,7.628E-6,3.92E-6,3.806E-4,2.66E-4,2.532E-5,3.049E-4,2.072E-5,1.02E-5,9.141E-6,1.073E-5,1.032E-6,
0.0,0.0,0.0,0.0,0.0,0.0,0.0,0.0,0.0,0.0,0.0,0.0,0.0,0.0,0.0,0.0,0.0,0.0,0.0,0.0,0.0,0.0,2.8E-6,0.002056,0.02601,1.56,1.676,0.2117,0.7566,0.009081,0.005417,0.00473,0.005613,3.486E-4,0.0,0.0,0.0,0.0,0.0,0.0,0.0,0.0,0.0,0.0,0.0,0.0,0.0,0.0,0.0,0.0,0.0,0.0,0.0,0.0,0.0,0.0,2.2899999999999996E-22,0.0,5.89,3.692,0.1854,2.248,0.002971,0.004342,0.966,0.006677,0.004832,0.0,0.0,0.0,0.0,0.0,0.0,0.0,0.0,0.0,0.0,0.0,0.0,0.0,0.0,0.0,0.0,0.0,0.0,0.0,0.0,0.0,0.0,0.0,0.0,0.0,0.0,0.0,0.0,0.0,0.0,0.0,0.0,0.0,0.0,0.0,0.0,0.0,0.0,0.0,0.0,0.0,0.0,0.0,0.0,0.0,0.0,1.0E-4,19780.0,9.55E25,2631.0,2327.0,390.1,204500.0,7847.0,4168.0,4288.0,5547.0,1519.0,0.4159,279.5,34.36,133.8,45.28,22.84,1.505,0.641,2.242,0.7314,0.1107,0.004345,1651.0,64.23,65.99,7.095,32.1,0.006138,0.002664,0.009401,0.003032,4.262E-4,19.48,0.2849,1.35,4.077,6.851,0.8123,1.482,0.6109,2.14,0.6932,0.1029,0.0,0.0,0.0,0.0,0.0,0.0,0.0,0.0,0.0,0.0,0.0,0.4957,0.01909,1.172,0.9458,0.165,1.803,1.666,0.8461,0.7552,0.8933,0.07464,7.627E-6,3.92E-6,3.723E-4,2.71E-4,2.571E-5,3.078E-4,2.076E-5,1.02E-5,9.123E-6,1.07E-5,1.014E-6,
0.0,0.0,0.0,0.0,0.0,0.0,0.0,0.0,0.0,0.0,0.0,0.0,0.0,0.0,0.0,0.0,0.0,0.0,0.0,0.0,0.0,0.0,2.8E-6,0.002055,0.02601,1.56,1.675,0.2117,0.7561,0.009076,0.005419,0.004067,0.006306,3.439E-4,0.0,0.0,0.0,0.0,0.0,0.0,0.0,0.0,0.0,0.0,0.0,0.0,0.0,0.0,0.0,0.0,0.0,0.0,0.0,0.0,0.0,0.0,2.2899999999999996E-22,0.0,5.889,3.691,0.1798,2.248,1.199E-4,0.004835,0.8035,0.1804,0.002693,0.0,0.0,0.0,0.0,0.0,0.0,0.0,0.0,0.0,0.0,0.0,0.0,0.0,0.0,0.0,0.0,0.0,0.0,0.0,0.0,0.0,0.0,0.0,0.0,0.0,0.0,0.0,0.0,0.0,0.0,0.0,0.0,0.0,0.0,0.0,0.0,0.0,0.0,0.0,0.0,0.0,0.0,0.0,0.0,0.0,0.0,1.0E-4,19780.0,9.55E25,2630.0,2325.0,374.7,204500.0,7845.0,4178.0,3716.0,6147.0,1545.0,0.4159,279.5,34.36,133.8,45.27,22.84,1.502,0.6404,1.923,1.071,0.1066,0.004345,1651.0,64.23,65.99,7.095,32.1,0.006125,0.002661,0.008057,0.004463,4.089E-4,19.48,0.2849,1.349,4.075,6.841,0.8123,1.479,0.6104,1.835,1.018,0.09901,0.0,0.0,0.0,0.0,0.0,0.0,0.0,0.0,0.0,0.0,0.0,0.4956,0.01909,1.172,0.9454,0.1623,1.803,1.665,0.8465,0.6521,1.001,0.07391,7.627E-6,3.92E-6,3.723E-4,2.71E-4,2.568E-5,3.077E-4,2.075E-5,1.021E-5,7.901E-6,1.197E-5,1.005E-6,
0.0,0.0,0.0,0.0,0.0,0.0,0.0,0.0,0.0,0.0,0.0,0.0,0.0,0.0,0.0,0.0,0.0,0.0,0.0,0.0,0.0,0.0,2.8E-6,0.002055,0.02601,1.558,1.677,0.2117,0.7558,0.009085,0.005397,0.004146,0.006228,3.537E-4,0.0,0.0,0.0,0.0,0.0,0.0,0.0,0.0,0.0,0.0,0.0,0.0,0.0,0.0,0.0,0.0,0.0,0.0,0.0,0.0,0.0,0.0,2.2899999999999996E-22,0.0,6.052,3.881,0.1802,2.896,1.257E-4,0.005069,0.8262,0.1569,0.002823,0.0,0.0,0.0,0.0,0.0,0.0,0.0,0.0,0.0,0.0,0.0,0.0,0.0,0.0,0.0,0.0,0.0,0.0,0.0,0.0,0.0,0.0,0.0,0.0,0.0,0.0,0.0,0.0,0.0,0.0,0.0,0.0,0.0,0.0,0.0,0.0,0.0,0.0,0.0,0.0,0.0,0.0,0.0,0.0,0.0,0.0,1.0E-4,19780.0,9.55E25,2625.0,2330.0,375.8,204500.0,7853.0,4161.0,3784.0,6080.0,1552.0,0.4159,279.5,34.33,133.9,45.27,22.84,1.503,0.6407,1.965,1.026,0.1069,0.004345,1651.0,64.23,65.99,7.095,32.1,0.006131,0.002662,0.008235,0.004274,4.099E-4,19.48,0.2849,1.349,4.076,6.841,0.8123,1.481,0.6106,1.875,0.9752,0.09925,0.0,0.0,0.0,0.0,0.0,0.0,0.0,0.0,0.0,0.0,0.0,0.4956,0.01909,1.169,0.948,0.1624,1.803,1.667,0.8432,0.6643,0.9887,0.0754,7.627E-6,3.92E-6,3.718E-4,2.715E-4,2.568E-5,3.077E-4,2.077E-5,1.017E-5,8.046E-6,1.183E-5,1.023E-6,
0.0,0.0,0.0,0.0,0.0,0.0,0.0,0.0,0.0,0.0,0.0,0.0,0.0,0.0,0.0,0.0,0.0,0.0,0.0,0.0,0.0,0.0,2.8E-6,0.002055,0.02601,1.558,1.673,0.2154,0.7554,0.009084,0.005411,0.004542,0.005811,3.563E-4,0.0,0.0,0.0,0.0,0.0,0.0,0.0,0.0,0.0,0.0,0.0,0.0,0.0,0.0,0.0,0.0,0.0,0.0,0.0,0.0,0.0,0.0,2.2899999999999996E-22,0.0,6.052,3.881,0.1821,2.896,1.591E-4,0.006416,0.9746,0.004034,0.003574,0.0,0.0,0.0,0.0,0.0,0.0,0.0,0.0,0.0,0.0,0.0,0.0,0.0,0.0,0.0,0.0,0.0,0.0,0.0,0.0,0.0,0.0,0.0,0.0,0.0,0.0,0.0,0.0,0.0,0.0,0.0,0.0,0.0,0.0,0.0,0.0,0.0,0.0,0.0,0.0,0.0,0.0,0.0,0.0,0.0,0.0,1.0E-4,19780.0,9.55E25,2625.0,2330.0,381.6,204500.0,7854.0,4174.0,4122.0,5750.0,1525.0,0.4159,279.5,34.33,133.7,45.46,22.84,1.503,0.6463,2.248,0.7322,0.1083,0.004345,1651.0,64.23,65.7,7.387,32.1,0.006132,0.002686,0.009424,0.003036,4.159E-4,19.48,0.2849,1.349,4.069,6.853,0.8123,1.481,0.616,2.145,0.694,0.1006,0.0,0.0,0.0,0.0,0.0,0.0,0.0,0.0,0.0,0.0,0.0,0.4956,0.01909,1.169,0.9474,0.164,1.803,1.666,0.8455,0.7258,0.9238,0.0758,7.627E-6,3.92E-6,3.718E-4,2.712E-4,2.593E-5,3.077E-4,2.076E-5,1.019E-5,8.774E-6,1.106E-5,1.027E-6,
0.0,0.0,0.0,0.0,0.0,0.0,0.0,0.0,0.0,0.0,0.0,0.0,0.0,0.0,0.0,0.0,0.0,0.0,0.0,0.0,0.0,0.0,2.8E-6,0.002055,0.02601,1.558,1.673,0.2154,0.7549,0.009087,0.005879,0.003291,0.006601,3.69E-4,0.0,0.0,0.0,0.0,0.0,0.0,0.0,0.0,0.0,0.0,0.0,0.0,0.0,0.0,0.0,0.0,0.0,0.0,0.0,0.0,0.0,0.0,2.2899999999999996E-22,0.0,6.051,3.881,0.1764,2.896,6.012E-5,0.1697,0.6113,0.2079,0.006733,0.0,0.0,0.0,0.0,0.0,0.0,0.0,0.0,0.0,0.0,0.0,0.0,0.0,0.0,0.0,0.0,0.0,0.0,0.0,0.0,0.0,0.0,0.0,0.0,0.0,0.0,0.0,0.0,0.0,0.0,0.0,0.0,0.0,0.0,0.0,0.0,0.0,0.0,0.0,0.0,0.0,0.0,0.0,0.0,0.0,0.0,1.0E-4,19780.0,9.55E25,2623.0,2328.0,364.6,204500.0,7858.0,4618.0,3038.0,6396.0,1628.0,0.4159,279.5,34.33,133.7,45.45,22.84,1.506,0.9418,1.55,1.14,0.1149,0.004345,1651.0,64.23,65.7,7.387,32.1,0.00614,0.00393,0.006484,0.004752,4.436E-4,19.48,0.2849,1.348,4.067,6.842,0.8123,1.483,0.8984,1.477,1.084,0.107,0.0,0.0,0.0,0.0,0.0,0.0,0.0,0.0,0.0,0.0,0.0,0.4956,0.01909,1.169,0.947,0.1609,1.802,1.667,0.9189,0.5311,1.046,0.07776,7.626E-6,3.92E-6,3.718E-4,2.712E-4,2.589E-5,3.076E-4,2.077E-5,1.107E-5,6.468E-6,1.251E-5,1.051E-6,
0.0,0.0,0.0,0.0,0.0,0.0,0.0,0.0,0.0,0.0,0.0,0.0,0.0,0.0,0.0,0.0,0.0,0.0,0.0,0.0,0.0,0.0,2.8E-6,0.002055,0.02601,1.556,1.672,0.2163,0.7563,0.009094,0.005597,0.002643,0.007514,3.578E-4,0.0,0.0,0.0,0.0,0.0,0.0,0.0,0.0,0.0,0.0,0.0,0.0,0.0,0.0,0.0,0.0,0.0,0.0,0.0,0.0,0.0,0.0,2.2889999999999996E-22,0.0,6.052,3.882,0.1906,2.896,3.04E-4,0.01247,0.01017,0.954,0.00159,0.0,0.0,0.0,0.0,0.0,0.0,0.0,0.0,0.0,0.0,0.0,0.0,0.0,0.0,0.0,0.0,0.0,0.0,0.0,0.0,0.0,0.0,0.0,0.0,0.0,0.0,0.0,0.0,0.0,0.0,0.0,0.0,0.0,0.0,0.0,0.0,0.0,0.0,0.0,0.0,0.0,0.0,0.0,0.0,0.0,0.0,1.0E-4,19780.0,9.55E25,2588.0,2329.0,380.9,204500.0,7863.0,4381.0,2493.0,7175.0,1664.0,0.4159,279.5,34.21,133.5,45.62,22.96,1.507,0.6391,0.3977,2.569,0.105,0.004345,1651.0,63.5,65.69,7.4,32.82,0.006148,0.002655,0.001632,0.01077,4.021E-4,19.48,0.2849,1.345,4.065,6.874,0.8177,1.485,0.6088,0.3757,2.451,0.09759,0.0,0.0,0.0,0.0,0.0,0.0,0.0,0.0,0.0,0.0,0.0,0.4956,0.01909,1.134,0.946,0.165,1.838,1.668,0.8753,0.4307,1.188,0.07601,7.626E-6,3.92E-6,3.554E-4,2.71E-4,2.606E-5,3.239E-4,2.078E-5,1.055E-5,5.278E-6,1.419E-5,1.03E-6,
0.0,0.0,0.0,0.0,0.0,0.0,0.0,0.0,0.0,0.0,0.0,0.0,0.0,0.0,0.0,0.0,0.0,0.0,0.0,0.0,0.0,0.0,2.8E-6,0.002055,0.02601,1.556,1.671,0.2167,0.7558,0.00909,0.005616,0.002678,0.00744,3.817E-4,0.0,0.0,0.0,0.0,0.0,0.0,0.0,0.0,0.0,0.0,0.0,0.0,0.0,0.0,0.0,0.0,0.0,0.0,0.0,0.0,0.0,0.0,2.2889999999999996E-22,0.0,6.052,3.882,0.1857,2.896,2.202E-4,0.009034,0.02292,0.9415,0.01083,0.0,0.0,0.0,0.0,0.0,0.0,0.0,0.0,0.0,0.0,0.0,0.0,0.0,0.0,0.0,0.0,0.0,0.0,0.0,0.0,0.0,0.0,0.0,0.0,0.0,0.0,0.0,0.0,0.0,0.0,0.0,0.0,0.0,0.0,0.0,0.0,0.0,0.0,0.0,0.0,0.0,0.0,0.0,0.0,0.0,0.0,1.0E-4,19780.0,9.55E25,2588.0,2328.0,385.2,204500.0,7868.0,4391.0,2529.0,7107.0,1677.0,0.4159,279.5,34.21,133.3,45.91,22.96,1.508,0.6301,0.4213,2.546,0.1254,0.004345,1651.0,63.5,65.68,7.405,32.82,0.006151,0.002617,0.001731,0.01068,4.879E-4,19.48,0.2849,1.344,4.054,6.874,0.8177,1.485,0.6003,0.3982,2.429,0.1171,0.0,0.0,0.0,0.0,0.0,0.0,0.0,0.0,0.0,0.0,0.0,0.4956,0.01909,1.134,0.9444,0.1666,1.838,1.668,0.8781,0.4361,1.176,0.07977,7.626E-6,3.92E-6,3.553E-4,2.708E-4,2.626E-5,3.238E-4,2.078E-5,1.058E-5,5.343E-6,1.405E-5,1.075E-6,
0.0,0.0,0.0,0.0,0.0,0.0,0.0,0.0,0.0,0.0,0.0,0.0,0.0,0.0,0.0,0.0,0.0,0.0,0.0,0.0,0.0,0.0,2.8E-6,0.002055,0.02601,1.552,1.675,0.2167,0.7556,0.0091,0.005606,0.002652,0.007461,3.848E-4,0.0,0.0,0.0,0.0,0.0,0.0,0.0,0.0,0.0,0.0,0.0,0.0,0.0,0.0,0.0,0.0,0.0,0.0,0.0,0.0,0.0,0.0,2.2889999999999996E-22,0.0,6.052,3.882,0.1867,2.896,2.369E-4,0.00972,0.009485,0.9522,0.01165,0.0,0.0,0.0,0.0,0.0,0.0,0.0,0.0,0.0,0.0,0.0,0.0,0.0,0.0,0.0,0.0,0.0,0.0,0.0,0.0,0.0,0.0,0.0,0.0,0.0,0.0,0.0,0.0,0.0,0.0,0.0,0.0,0.0,0.0,0.0,0.0,0.0,0.0,0.0,0.0,0.0,0.0,0.0,0.0,0.0,0.0,1.0E-4,19780.0,9.55E25,2584.0,2331.0,387.4,204500.0,7875.0,4384.0,2504.0,7127.0,1741.0,0.4159,279.5,34.16,133.3,45.91,22.96,1.511,0.6281,0.3988,2.564,0.1269,0.004345,1651.0,63.4,65.79,7.405,32.82,0.006164,0.002609,0.001637,0.01075,4.942E-4,19.48,0.2849,1.343,4.055,6.875,0.8177,1.488,0.5984,0.3767,2.446,0.1185,0.0,0.0,0.0,0.0,0.0,0.0,0.0,0.0,0.0,0.0,0.0,0.4955,0.01909,1.131,0.9472,0.167,1.837,1.669,0.8766,0.432,1.179,0.08027,7.625E-6,3.92E-6,3.549E-4,2.712E-4,2.627E-5,3.237E-4,2.08E-5,1.056E-5,5.294E-6,1.409E-5,1.081E-6,
0.0,0.0,0.0,0.0,0.0,0.0,0.0,0.0,0.0,0.0,0.0,0.0,0.0,0.0,0.0,0.0,0.0,0.0,0.0,0.0,0.0,0.0,2.8E-6,0.002055,0.02601,1.552,1.675,0.2167,0.7554,0.008776,0.005841,0.00263,0.007585,3.706E-4,0.0,0.0,0.0,0.0,0.0,0.0,0.0,0.0,0.0,0.0,0.0,0.0,0.0,0.0,0.0,0.0,0.0,0.0,0.0,0.0,0.0,0.0,2.2889999999999996E-22,0.0,6.052,3.882,0.1869,2.896,2.406E-4,0.00987,0.009631,0.9515,0.01183,0.0,0.0,0.0,0.0,0.0,0.0,0.0,0.0,0.0,0.0,0.0,0.0,0.0,0.0,0.0,0.0,0.0,0.0,0.0,0.0,0.0,0.0,0.0,0.0,0.0,0.0,0.0,0.0,0.0,0.0,0.0,0.0,0.0,0.0,0.0,0.0,0.0,0.0,0.0,0.0,0.0,0.0,0.0,0.0,0.0,0.0,1.0E-4,19780.0,9.55E25,2567.0,2331.0,387.9,204500.0,7658.0,4558.0,2459.0,7227.0,1729.0,0.4159,279.5,34.15,133.3,45.91,22.96,1.508,0.6289,0.4,2.564,0.1274,0.004345,1651.0,63.4,65.79,7.405,32.83,0.006151,0.00261,0.001644,0.01075,4.964E-4,19.48,0.2849,1.343,4.055,6.876,0.8178,1.485,0.5988,0.3783,2.446,0.119,0.0,0.0,0.0,0.0,0.0,0.0,0.0,0.0,0.0,0.0,0.0,0.4955,0.01909,1.125,0.9472,0.1671,1.844,1.621,0.9138,0.4261,1.198,0.07809,7.625E-6,3.92E-6,3.529E-4,2.712E-4,2.627E-5,3.256E-4,2.022E-5,1.1E-5,5.226E-6,1.431E-5,1.055E-6,
0.0,0.0,0.0,0.0,0.0,0.0,0.0,0.0,0.0,0.0,0.0,0.0,0.0,0.0,0.0,0.0,0.0,0.0,0.0,0.0,0.0,0.0,2.8E-6,0.002055,0.02601,1.403,1.675,0.2167,0.9041,0.008769,0.005895,0.002577,0.007559,4.013E-4,0.0,0.0,0.0,0.0,0.0,0.0,0.0,0.0,0.0,0.0,0.0,0.0,0.0,0.0,0.0,0.0,0.0,0.0,0.0,0.0,0.0,0.0,2.2889999999999996E-22,0.0,6.052,3.882,0.1874,2.896,2.488E-4,0.01021,0.009962,0.9498,0.01223,0.0,0.0,0.0,0.0,0.0,0.0,0.0,0.0,0.0,0.0,0.0,0.0,0.0,0.0,0.0,0.0,0.0,0.0,0.0,0.0,0.0,0.0,0.0,0.0,0.0,0.0,0.0,0.0,0.0,0.0,0.0,0.0,0.0,0.0,0.0,0.0,0.0,0.0,0.0,0.0,0.0,0.0,0.0,0.0,0.0,0.0,1.0E-4,19780.0,9.55E25,2514.0,2332.0,389.0,204600.0,7666.0,4590.0,2421.0,7310.0,1637.0,0.4159,279.5,34.15,133.3,45.91,22.96,1.508,0.6288,0.4004,2.557,0.1331,0.004345,1651.0,63.4,65.79,7.405,32.83,0.006148,0.002612,0.001646,0.01072,5.209E-4,19.48,0.2849,1.343,4.055,6.876,0.8178,1.485,0.599,0.3787,2.44,0.1245,0.0,0.0,0.0,0.0,0.0,0.0,0.0,0.0,0.0,0.0,0.0,0.4955,0.01909,1.113,0.9472,0.1672,1.855,1.623,0.9203,0.4177,1.194,0.08225,7.625E-6,3.92E-6,3.479E-4,2.712E-4,2.627E-5,3.305E-4,2.024E-5,1.108E-5,5.128E-6,1.426E-5,1.105E-6,
0.0,0.0,0.0,0.0,0.0,0.0,0.0,0.0,0.0,0.0,0.0,0.0,0.0,0.0,0.0,0.0,0.0,0.0,0.0,0.0,0.0,0.0,2.8E-6,0.002055,0.02601,1.403,1.675,0.2166,0.9038,0.00874,0.005963,0.002352,0.007801,3.725E-4,0.0,0.0,0.0,0.0,0.0,0.0,0.0,0.0,0.0,0.0,0.0,0.0,0.0,0.0,0.0,0.0,0.0,0.0,0.0,0.0,0.0,0.0,2.2889999999999996E-22,0.0,6.051,3.881,0.1751,2.896,3.887E-5,0.001595,0.001556,0.9932,9.121E-4,0.0,0.0,0.0,0.0,0.0,0.0,0.0,0.0,0.0,0.0,0.0,0.0,0.0,0.0,0.0,0.0,0.0,0.0,0.0,0.0,0.0,0.0,0.0,0.0,0.0,0.0,0.0,0.0,0.0,0.0,0.0,0.0,0.0,0.0,0.0,0.0,0.0,0.0,0.0,0.0,0.0,0.0,0.0,0.0,0.0,0.0,1.0E-4,19780.0,9.55E25,2512.0,2329.0,367.6,204600.0,7654.0,4651.0,2229.0,7515.0,1633.0,0.4159,279.5,34.15,133.3,45.89,22.96,1.506,0.6111,0.3892,2.634,0.1143,0.004345,1651.0,63.4,65.79,7.405,32.83,0.006137,0.002537,0.001596,0.01105,4.417E-4,19.48,0.2849,1.341,4.052,6.855,0.8178,1.482,0.5821,0.3674,2.514,0.1065,0.0,0.0,0.0,0.0,0.0,0.0,0.0,0.0,0.0,0.0,0.0,0.4955,0.01909,1.113,0.9467,0.1636,1.855,1.618,0.931,0.3868,1.227,0.07779,7.625E-6,3.92E-6,3.479E-4,2.712E-4,2.623E-5,3.305E-4,2.02E-5,1.121E-5,4.743E-6,1.467E-5,1.052E-6,
0.0,0.0,0.0,0.0,0.0,0.0,0.0,0.0,0.0,0.0,0.0,0.0,0.0,0.0,0.0,0.0,0.0,0.0,0.0,0.0,0.0,0.0,2.8E-6,0.002055,0.02601,1.399,1.655,0.2398,0.9036,0.008699,0.005905,0.002203,0.008042,3.816E-4,0.0,0.0,0.0,0.0,0.0,0.0,0.0,0.0,0.0,0.0,0.0,0.0,0.0,0.0,0.0,0.0,0.0,0.0,0.0,0.0,0.0,0.0,2.2889999999999996E-22,0.0,6.051,3.881,0.1748,2.896,2.76E-6,0.002122,0.006638,0.9885,2.836E-4,0.0,0.0,0.0,0.0,0.0,0.0,0.0,0.0,0.0,0.0,0.0,0.0,0.0,0.0,0.0,0.0,0.0,0.0,0.0,0.0,0.0,0.0,0.0,0.0,0.0,0.0,0.0,0.0,0.0,0.0,0.0,0.0,0.0,0.0,0.0,0.0,0.0,0.0,0.0,0.0,0.0,0.0,0.0,0.0,0.0,0.0,1.0E-4,19780.0,9.55E25,2509.0,2327.0,371.7,204600.0,7629.0,4602.0,2117.0,7705.0,1630.0,0.4159,279.5,34.13,132.6,46.61,22.96,1.507,0.6102,0.3951,2.627,0.115,0.004345,1651.0,63.3,65.23,8.058,32.83,0.006143,0.002533,0.001621,0.01102,4.447E-4,19.48,0.2849,1.341,4.044,6.864,0.8178,1.484,0.5813,0.3731,2.508,0.1072,0.0,0.0,0.0,0.0,0.0,0.0,0.0,0.0,0.0,0.0,0.0,0.4955,0.01909,1.106,0.9518,0.1646,1.855,1.612,0.9219,0.3637,1.264,0.07912,7.625E-6,3.92E-6,3.475E-4,2.711E-4,2.669E-5,3.304E-4,2.012E-5,1.11E-5,4.471E-6,1.511E-5,1.068E-6,
0.0,0.0,0.0,0.0,0.0,0.0,0.0,0.0,0.0,0.0,0.0,0.0,0.0,0.0,0.0,0.0,0.0,0.0,0.0,0.0,0.0,0.0,2.8E-6,0.002055,0.02601,1.399,1.653,0.2419,0.9032,0.008712,0.00591,0.002191,0.008002,3.856E-4,0.0,0.0,0.0,0.0,0.0,0.0,0.0,0.0,0.0,0.0,0.0,0.0,0.0,0.0,0.0,0.0,0.0,0.0,0.0,0.0,0.0,0.0,2.2889999999999996E-22,0.0,6.052,3.882,0.1844,2.896,1.6E-5,0.0123,0.00543,0.9667,0.001644,0.0,0.0,0.0,0.0,0.0,0.0,0.0,0.0,0.0,0.0,0.0,0.0,0.0,0.0,0.0,0.0,0.0,0.0,0.0,0.0,0.0,0.0,0.0,0.0,0.0,0.0,0.0,0.0,0.0,0.0,0.0,0.0,0.0,0.0,0.0,0.0,0.0,0.0,0.0,0.0,0.0,0.0,0.0,0.0,0.0,0.0,1.0E-4,19780.0,9.55E25,2511.0,2316.0,406.5,204600.0,7641.0,4607.0,2109.0,7666.0,1633.0,0.4159,279.5,34.13,132.4,46.8,22.96,1.511,0.6251,0.3945,2.587,0.1174,0.004345,1651.0,63.3,65.2,8.084,32.83,0.006158,0.002596,0.001618,0.01085,4.551E-4,19.48,0.2849,1.342,4.044,6.882,0.8178,1.487,0.5954,0.3725,2.469,0.1095,0.0,0.0,0.0,0.0,0.0,0.0,0.0,0.0,0.0,0.0,0.0,0.4955,0.01909,1.107,0.9519,0.1685,1.855,1.614,0.9227,0.362,1.258,0.07974,7.625E-6,3.92E-6,3.475E-4,2.71E-4,2.685E-5,3.303E-4,2.015E-5,1.111E-5,4.45E-6,1.504E-5,1.075E-6,
0.0,0.0,0.0,0.0,0.0,0.0,0.0,0.0,0.0,0.0,0.0,0.0,0.0,0.0,0.0,0.0,0.0,0.0,0.0,0.0,0.0,0.0,2.8E-6,0.002055,0.02601,1.399,1.653,0.2419,0.9029,0.008707,0.005918,0.004513,0.005679,3.862E-4,0.0,0.0,0.0,0.0,0.0,0.0,0.0,0.0,0.0,0.0,0.0,0.0,0.0,0.0,0.0,0.0,0.0,0.0,0.0,0.0,0.0,0.0,2.2889999999999996E-22,0.0,6.052,3.882,0.1847,2.896,1.644E-5,0.01264,0.00558,0.9636,0.003858,0.0,0.0,0.0,0.0,0.0,0.0,0.0,0.0,0.0,0.0,0.0,0.0,0.0,0.0,0.0,0.0,0.0,0.0,0.0,0.0,0.0,0.0,0.0,0.0,0.0,0.0,0.0,0.0,0.0,0.0,0.0,0.0,0.0,0.0,0.0,0.0,0.0,0.0,0.0,0.0,0.0,0.0,0.0,0.0,0.0,0.0,1.0E-4,19780.0,9.55E25,2510.0,2316.0,405.7,204600.0,7638.0,4621.0,4269.0,5509.0,1740.0,0.4159,279.5,34.13,132.4,46.8,22.96,1.511,0.6294,0.7032,2.271,0.1194,0.004345,1651.0,63.3,65.2,8.084,32.83,0.006158,0.002612,0.00292,0.009522,4.634E-4,19.48,0.2849,1.342,4.044,6.883,0.8178,1.487,0.5992,0.6681,2.167,0.1115,0.0,0.0,0.0,0.0,0.0,0.0,0.0,0.0,0.0,0.0,0.0,0.4955,0.01909,1.107,0.9519,0.1684,1.855,1.614,0.9257,0.7213,0.8967,0.07985,7.624E-6,3.92E-6,3.474E-4,2.71E-4,2.684E-5,3.303E-4,2.014E-5,1.114E-5,8.708E-6,1.076E-5,1.077E-6,
0.0,0.0,0.0,0.0,0.0,0.0,0.0,0.0,0.0,0.0,0.0,0.0,0.0,0.0,0.0,0.0,0.0,0.0,0.0,0.0,0.0,0.0,2.8E-6,0.002063,0.02601,1.399,1.653,0.2419,0.9026,0.008728,0.006215,0.003948,0.005945,3.794E-4,0.0,0.0,0.0,0.0,0.0,0.0,0.0,0.0,0.0,0.0,0.0,0.0,0.0,0.0,0.0,0.0,0.0,0.0,0.0,0.0,0.0,0.0,2.2889999999999996E-22,0.0,5.933,3.999,0.1766,2.896,5.225E-6,0.004016,0.001622,0.9858,0.004001,0.0,0.0,0.0,0.0,0.0,0.0,0.0,0.0,0.0,0.0,0.0,0.0,0.0,0.0,0.0,0.0,0.0,0.0,0.0,0.0,0.0,0.0,0.0,0.0,0.0,0.0,0.0,0.0,0.0,0.0,0.0,0.0,0.0,0.0,0.0,0.0,0.0,0.0,0.0,0.0,0.0,0.0,0.0,0.0,0.0,0.0,1.0E-4,19790.0,9.55E25,2500.0,2324.0,389.9,204600.0,7655.0,4897.0,3742.0,5764.0,1729.0,0.4188,279.5,34.12,132.4,46.78,22.96,1.514,0.6604,0.6463,2.31,0.1178,0.004357,1651.0,63.3,65.2,8.084,32.83,0.006171,0.002743,0.002681,0.009687,4.568E-4,19.49,0.2849,1.341,4.043,6.869,0.8178,1.49,0.6289,0.6137,2.204,0.11,0.0,0.0,0.0,0.0,0.0,0.0,0.0,0.0,0.0,0.0,0.0,0.4967,0.01909,1.103,0.9548,0.1658,1.855,1.617,0.9723,0.633,0.9382,0.0788,7.639E-6,3.92E-6,3.462E-4,2.722E-4,2.681E-5,3.302E-4,2.018E-5,1.169E-5,7.662E-6,1.125E-5,1.064E-6,
0.0,0.0,0.0,0.0,0.0,0.0,0.0,0.0,0.0,0.0,0.0,0.0,0.0,0.0,0.0,0.0,0.0,0.0,0.0,0.0,0.0,0.0,2.8E-6,0.002063,0.02601,1.399,1.653,0.2419,0.9025,0.008746,0.006191,0.003964,0.005885,4.07E-4,0.0,0.0,0.0,0.0,0.0,0.0,0.0,0.0,0.0,0.0,0.0,0.0,0.0,0.0,0.0,0.0,0.0,0.0,0.0,0.0,0.0,0.0,2.2889999999999996E-22,0.0,5.934,4.0,0.1827,2.896,1.361E-5,0.01046,0.004225,0.963,0.01042,0.0,0.0,0.0,0.0,0.0,0.0,0.0,0.0,0.0,0.0,0.0,0.0,0.0,0.0,0.0,0.0,0.0,0.0,0.0,0.0,0.0,0.0,0.0,0.0,0.0,0.0,0.0,0.0,0.0,0.0,0.0,0.0,0.0,0.0,0.0,0.0,0.0,0.0,0.0,0.0,0.0,0.0,0.0,0.0,0.0,0.0,1.0E-4,19790.0,9.55E25,2501.0,2326.0,406.5,204600.0,7668.0,4886.0,3754.0,5736.0,1724.0,0.4188,279.5,34.12,132.4,46.79,22.96,1.516,0.6732,0.6479,2.269,0.1293,0.004357,1651.0,63.3,65.2,8.084,32.83,0.006178,0.002797,0.002688,0.009515,5.053E-4,19.49,0.2849,1.342,4.044,6.879,0.8178,1.492,0.6412,0.6152,2.165,0.121,0.0,0.0,0.0,0.0,0.0,0.0,0.0,0.0,0.0,0.0,0.0,0.4967,0.01909,1.103,0.9551,0.1685,1.855,1.62,0.9687,0.6356,0.9288,0.08306,7.639E-6,3.92E-6,3.462E-4,2.722E-4,2.685E-5,3.302E-4,2.021E-5,1.165E-5,7.692E-6,1.114E-5,1.115E-6,
0.0,0.0,0.0,0.0,0.0,0.0,0.0,0.0,0.0,0.0,0.0,0.0,0.0,0.0,0.0,0.0,0.0,0.0,0.0,0.0,0.0,0.0,2.8E-6,0.002063,0.02601,1.399,1.632,0.2632,0.9024,0.008743,0.006348,0.003832,0.005859,4.052E-4,0.0,0.0,0.0,0.0,0.0,0.0,0.0,0.0,0.0,0.0,0.0,0.0,0.0,0.0,0.0,0.0,0.0,0.0,0.0,0.0,0.0,0.0,2.2889999999999996E-22,0.0,5.934,4.0,0.1844,2.896,1.6E-5,0.0123,0.004966,0.9565,0.01225,0.0,0.0,0.0,0.0,0.0,0.0,0.0,0.0,0.0,0.0,0.0,0.0,0.0,0.0,0.0,0.0,0.0,0.0,0.0,0.0,0.0,0.0,0.0,0.0,0.0,0.0,0.0,0.0,0.0,0.0,0.0,0.0,0.0,0.0,0.0,0.0,0.0,0.0,0.0,0.0,0.0,0.0,0.0,0.0,0.0,0.0,1.0E-4,19790.0,9.55E25,2497.0,2326.0,416.1,204600.0,7666.0,5002.0,3656.0,5728.0,1709.0,0.4188,279.5,34.12,131.8,47.46,22.96,1.52,0.6716,0.6493,2.258,0.1322,0.004357,1651.0,63.3,64.6,8.685,32.83,0.006198,0.00279,0.002693,0.009468,5.174E-4,19.49,0.2849,1.342,4.036,6.891,0.8178,1.496,0.6397,0.6165,2.155,0.1237,0.0,0.0,0.0,0.0,0.0,0.0,0.0,0.0,0.0,0.0,0.0,0.4967,0.01909,1.101,0.9561,0.1704,1.854,1.619,0.9926,0.6153,0.9248,0.0828,7.639E-6,3.92E-6,3.458E-4,2.721E-4,2.728E-5,3.301E-4,2.02E-5,1.193E-5,7.454E-6,1.109E-5,1.112E-6,
0.0,0.0,0.0,0.0,0.0,0.0,0.0,0.0,0.0,0.0,0.0,0.0,0.0,0.0,0.0,0.0,0.0,0.0,0.0,0.0,0.0,0.0,2.8E-6,0.002063,0.02601,1.398,1.632,0.2632,0.9019,0.008584,0.006461,0.003874,0.0058,5.007E-4,0.0,0.0,0.0,0.0,0.0,0.0,0.0,0.0,0.0,0.0,0.0,0.0,0.0,0.0,0.0,0.0,0.0,0.0,0.0,0.0,0.0,0.0,2.2889999999999996E-22,0.0,5.933,3.999,0.1759,2.896,4.653E-4,0.003292,0.01376,0.9456,0.03313,0.0,0.0,0.0,0.0,0.0,0.0,0.0,0.0,0.0,0.0,0.0,0.0,0.0,0.0,0.0,0.0,0.0,0.0,0.0,0.0,0.0,0.0,0.0,0.0,0.0,0.0,0.0,0.0,0.0,0.0,0.0,0.0,0.0,0.0,0.0,0.0,0.0,0.0,0.0,0.0,0.0,0.0,0.0,0.0,0.0,0.0,1.0E-4,19790.0,9.55E25,2489.0,2328.0,391.6,204600.0,7563.0,5070.0,3699.0,5668.0,1792.0,0.4188,279.5,34.11,131.8,47.45,22.96,1.521,0.6563,0.6625,2.238,0.1727,0.004357,1651.0,63.3,64.6,8.685,32.83,0.0062,0.002726,0.002749,0.009382,6.879E-4,19.49,0.2849,1.341,4.034,6.876,0.8178,1.497,0.625,0.6292,2.135,0.1624,0.0,0.0,0.0,0.0,0.0,0.0,0.0,0.0,0.0,0.0,0.0,0.4967,0.01909,1.098,0.9582,0.1663,1.854,1.595,1.01,0.6219,0.9154,0.09761,7.639E-6,3.92E-6,3.453E-4,2.725E-4,2.723E-5,3.3E-4,1.992E-5,1.213E-5,7.532E-6,1.098E-5,1.287E-6,
0.0,0.0,0.0,0.0,0.0,0.0,0.0,0.0,0.0,0.0,0.0,0.0,0.0,0.0,0.0,0.0,0.0,0.0,0.0,0.0,0.0,0.0,2.8E-6,0.002063,0.02601,1.38,1.65,0.2632,0.9016,0.008588,0.006499,0.003802,0.005945,3.655E-4,0.0,0.0,0.0,0.0,0.0,0.0,0.0,0.0,0.0,0.0,0.0,0.0,0.0,0.0,0.0,0.0,0.0,0.0,0.0,0.0,0.0,0.0,2.2889999999999996E-22,0.0,5.853,4.08,0.1819,2.896,0.001364,0.009651,5.856E-4,0.9764,0.00105,0.0,0.0,0.0,0.0,0.0,0.0,0.0,0.0,0.0,0.0,0.0,0.0,0.0,0.0,0.0,0.0,0.0,0.0,0.0,0.0,0.0,0.0,0.0,0.0,0.0,0.0,0.0,0.0,0.0,0.0,0.0,0.0,0.0,0.0,0.0,0.0,0.0,0.0,0.0,0.0,0.0,0.0,0.0,0.0,0.0,0.0,1.0E-4,19790.0,9.55E25,2481.0,2340.0,407.1,204600.0,7567.0,5101.0,3633.0,5806.0,1664.0,0.4188,279.5,34.04,131.9,47.46,22.96,1.522,0.6679,0.639,2.292,0.1156,0.004357,1651.0,63.07,64.83,8.685,32.83,0.006206,0.002774,0.00265,0.009613,4.476E-4,19.49,0.2849,1.339,4.037,6.886,0.8178,1.498,0.6361,0.6067,2.187,0.1079,0.0,0.0,0.0,0.0,0.0,0.0,0.0,0.0,0.0,0.0,0.0,0.4967,0.01909,1.094,0.9626,0.1689,1.854,1.596,1.016,0.6107,0.9379,0.07659,7.639E-6,3.92E-6,3.437E-4,2.742E-4,2.726E-5,3.3E-4,1.993E-5,1.22E-5,7.399E-6,1.124E-5,1.038E-6,
0.0,0.0,0.0,0.0,0.0,0.0,0.0,0.0,0.0,0.0,0.0,0.0,0.0,0.0,0.0,0.0,0.0,0.0,0.0,0.0,0.0,0.0,2.8E-6,0.002063,0.02601,1.374,1.655,0.264,0.9012,0.00862,0.006445,0.003798,0.005988,3.663E-4,0.0,0.0,0.0,0.0,0.0,0.0,0.0,0.0,0.0,0.0,0.0,0.0,0.0,0.0,0.0,0.0,0.0,0.0,0.0,0.0,0.0,0.0,2.2889999999999996E-22,0.0,5.562,4.37,0.1764,2.896,5.284E-4,0.003739,2.269E-4,0.989,0.002275,0.0,0.0,0.0,0.0,0.0,0.0,0.0,0.0,0.0,0.0,0.0,0.0,0.0,0.0,0.0,0.0,0.0,0.0,0.0,0.0,0.0,0.0,0.0,0.0,0.0,0.0,0.0,0.0,0.0,0.0,0.0,0.0,0.0,0.0,0.0,0.0,0.0,0.0,0.0,0.0,0.0,0.0,0.0,0.0,0.0,0.0,1.0E-4,19790.0,9.55E25,2441.0,2376.0,394.2,204600.0,7591.0,5064.0,3623.0,5872.0,1635.0,0.4188,279.5,33.61,132.2,47.58,22.96,1.529,0.6518,0.6355,2.316,0.1169,0.004357,1651.0,62.88,65.01,8.697,32.83,0.006235,0.002704,0.002637,0.009711,4.53E-4,19.49,0.2849,1.334,4.035,6.882,0.8178,1.505,0.6213,0.6027,2.21,0.109,0.0,0.0,0.0,0.0,0.0,0.0,0.0,0.0,0.0,0.0,0.0,0.4967,0.01909,1.088,0.9673,0.1677,1.854,1.601,1.01,0.6079,0.9445,0.07673,7.639E-6,3.92E-6,3.416E-4,2.761E-4,2.736E-5,3.299E-4,1.999E-5,1.214E-5,7.353E-6,1.132E-5,1.04E-6,
0.0,0.0,0.0,0.0,0.0,0.0,0.0,0.0,0.0,0.0,0.0,0.0,0.0,0.0,0.0,0.0,0.0,0.0,0.0,0.0,0.0,0.0,2.8E-6,0.002063,0.02601,1.373,1.655,0.264,0.9005,0.008635,0.006262,0.003976,0.005967,3.786E-4,0.0,0.0,0.0,0.0,0.0,0.0,0.0,0.0,0.0,0.0,0.0,0.0,0.0,0.0,0.0,0.0,0.0,0.0,0.0,0.0,0.0,0.0,2.2889999999999996E-22,0.0,5.562,4.37,0.176,2.896,4.671E-4,0.003305,0.007008,0.9825,0.002984,0.0,0.0,0.0,0.0,0.0,0.0,0.0,0.0,0.0,0.0,0.0,0.0,0.0,0.0,0.0,0.0,0.0,0.0,0.0,0.0,0.0,0.0,0.0,0.0,0.0,0.0,0.0,0.0,0.0,0.0,0.0,0.0,0.0,0.0,0.0,0.0,0.0,0.0,0.0,0.0,0.0,0.0,0.0,0.0,0.0,0.0,1.0E-4,19790.0,9.55E25,2440.0,2376.0,392.5,204600.0,7602.0,4936.0,3758.0,5865.0,1626.0,0.4188,279.5,33.61,132.2,47.58,22.96,1.534,0.6457,0.6484,2.302,0.1197,0.004357,1651.0,62.88,65.01,8.697,32.83,0.006255,0.002679,0.002692,0.009654,4.648E-4,19.49,0.2849,1.334,4.035,6.881,0.8178,1.509,0.6155,0.615,2.197,0.1117,0.0,0.0,0.0,0.0,0.0,0.0,0.0,0.0,0.0,0.0,0.0,0.4967,0.01909,1.088,0.9672,0.1675,1.854,1.603,0.9817,0.6351,0.9413,0.07864,7.639E-6,3.92E-6,3.415E-4,2.761E-4,2.736E-5,3.297E-4,2.002E-5,1.182E-5,7.674E-6,1.128E-5,1.063E-6,
0.0,0.0,0.0,0.0,0.0,0.0,0.0,0.0,0.0,0.0,0.0,0.0,0.0,0.0,0.0,0.0,0.0,0.0,0.0,0.0,0.0,0.0,2.8E-6,0.002063,0.02601,1.371,1.655,0.264,0.902,0.008667,0.006246,0.003843,0.006059,3.856E-4,0.0,0.0,0.0,0.0,0.0,0.0,0.0,0.0,0.0,0.0,0.0,0.0,0.0,0.0,0.0,0.0,0.0,0.0,0.0,0.0,0.0,0.0,2.2889999999999996E-22,0.0,5.562,4.371,0.1819,2.896,0.001361,0.009633,5.845E-4,0.9688,0.008697,0.0,0.0,0.0,0.0,0.0,0.0,0.0,0.0,0.0,0.0,0.0,0.0,0.0,0.0,0.0,0.0,0.0,0.0,0.0,0.0,0.0,0.0,0.0,0.0,0.0,0.0,0.0,0.0,0.0,0.0,0.0,0.0,0.0,0.0,0.0,0.0,0.0,0.0,0.0,0.0,0.0,0.0,0.0,0.0,0.0,0.0,1.0E-4,19790.0,9.55E25,2434.0,2381.0,406.6,204600.0,7626.0,4931.0,3639.0,5947.0,1673.0,0.4188,279.5,33.61,132.2,47.59,22.97,1.543,0.6512,0.6346,2.282,0.1269,0.004357,1651.0,62.88,65.01,8.697,32.83,0.006291,0.002701,0.002634,0.009569,4.953E-4,19.49,0.2849,1.335,4.037,6.891,0.8178,1.517,0.6207,0.6019,2.178,0.1186,0.0,0.0,0.0,0.0,0.0,0.0,0.0,0.0,0.0,0.0,0.0,0.4967,0.01909,1.081,0.9728,0.1698,1.856,1.608,0.9794,0.6145,0.9555,0.07974,7.639E-6,3.92E-6,3.404E-4,2.764E-4,2.739E-5,3.304E-4,2.007E-5,1.179E-5,7.43E-6,1.145E-5,1.076E-6,
0.0,0.0,0.0,0.0,0.0,0.0,0.0,0.0,0.0,0.0,0.0,0.0,0.0,0.0,0.0,0.0,0.0,0.0,0.0,0.0,0.0,0.0,2.8E-6,0.002062,0.02601,1.377,1.651,0.2624,0.9014,0.008656,0.006313,0.003758,0.00609,3.836E-4,0.0,0.0,0.0,0.0,0.0,0.0,0.0,0.0,0.0,0.0,0.0,0.0,0.0,0.0,0.0,0.0,0.0,0.0,0.0,0.0,0.0,0.0,2.288E-22,0.0,5.562,4.371,0.1825,2.896,0.001448,0.01024,6.215E-4,0.9668,0.009248,0.0,0.0,0.0,0.0,0.0,0.0,0.0,0.0,0.0,0.0,0.0,0.0,0.0,0.0,0.0,0.0,0.0,0.0,0.0,0.0,0.0,0.0,0.0,0.0,0.0,0.0,0.0,0.0,0.0,0.0,0.0,0.0,0.0,0.0,0.0,0.0,0.0,0.0,0.0,0.0,0.0,0.0,0.0,0.0,0.0,0.0,1.0E-4,19790.0,9.55E25,2425.0,2385.0,412.8,204600.0,7619.0,4987.0,3577.0,5964.0,1818.0,0.4188,279.5,34.11,131.5,47.76,22.97,1.544,0.6491,0.6372,2.278,0.1279,0.004357,1651.0,63.15,64.83,8.614,32.83,0.006297,0.002693,0.002645,0.009553,4.993E-4,19.49,0.2849,1.343,4.028,6.892,0.8178,1.519,0.6187,0.6043,2.174,0.1197,0.0,0.0,0.0,0.0,0.0,0.0,0.0,0.0,0.0,0.0,0.0,0.4966,0.01909,1.081,0.9726,0.1703,1.855,1.606,0.9896,0.6014,0.9601,0.07945,7.638E-6,3.92E-6,3.397E-4,2.767E-4,2.767E-5,3.304E-4,2.005E-5,1.191E-5,7.275E-6,1.151E-5,1.073E-6,
0.0,0.0,0.0,0.0,0.0,0.0,0.0,0.0,0.0,0.0,0.0,0.0,0.0,0.0,0.0,0.0,0.0,0.0,0.0,0.0,0.0,0.0,2.8E-6,0.002062,0.02601,1.376,1.651,0.2624,0.9013,0.008656,0.006291,0.003737,0.006161,3.572E-4,0.0,0.0,0.0,0.0,0.0,0.0,0.0,0.0,0.0,0.0,0.0,0.0,0.0,0.0,0.0,0.0,0.0,0.0,0.0,0.0,0.0,0.0,2.288E-22,0.0,5.562,4.371,0.1814,2.896,0.001291,0.009135,5.542E-4,0.9783,4.088E-4,0.0,0.0,0.0,0.0,0.0,0.0,0.0,0.0,0.0,0.0,0.0,0.0,0.0,0.0,0.0,0.0,0.0,0.0,0.0,0.0,0.0,0.0,0.0,0.0,0.0,0.0,0.0,0.0,0.0,0.0,0.0,0.0,0.0,0.0,0.0,0.0,0.0,0.0,0.0,0.0,0.0,0.0,0.0,0.0,0.0,0.0,1.0E-4,19790.0,9.55E25,2424.0,2387.0,411.1,204600.0,7625.0,4970.0,3559.0,6079.0,1757.0,0.4188,279.5,34.11,131.5,47.76,22.97,1.545,0.6436,0.6348,2.301,0.1134,0.004357,1651.0,63.15,64.83,8.614,32.83,0.006302,0.002669,0.002634,0.009651,4.383E-4,19.49,0.2849,1.343,4.028,6.891,0.8178,1.52,0.6134,0.6021,2.196,0.1058,0.0,0.0,0.0,0.0,0.0,0.0,0.0,0.0,0.0,0.0,0.0,0.4966,0.01909,1.079,0.9738,0.17,1.855,1.606,0.9863,0.598,0.9711,0.07534,7.638E-6,3.92E-6,3.395E-4,2.769E-4,2.767E-5,3.303E-4,2.005E-5,1.187E-5,7.234E-6,1.164E-5,1.024E-6,
0.0,0.0,0.0,0.0,0.0,0.0,0.0,0.0,0.0,0.0,0.0,0.0,0.0,0.0,0.0,0.0,0.0,0.0,0.0,0.0,0.0,0.0,2.8E-6,0.002062,0.02601,1.376,1.651,0.2624,0.9011,0.008659,0.006264,0.003728,0.006193,3.746E-4,0.0,0.0,0.0,0.0,0.0,0.0,0.0,0.0,0.0,0.0,0.0,0.0,0.0,0.0,0.0,0.0,0.0,0.0,0.0,0.0,0.0,0.0,2.288E-22,0.0,5.562,4.37,0.1763,2.896,5.256E-4,0.003719,2.257E-4,0.9907,6.142E-4,0.0,0.0,0.0,0.0,0.0,0.0,0.0,0.0,0.0,0.0,0.0,0.0,0.0,0.0,0.0,0.0,0.0,0.0,0.0,0.0,0.0,0.0,0.0,0.0,0.0,0.0,0.0,0.0,0.0,0.0,0.0,0.0,0.0,0.0,0.0,0.0,0.0,0.0,0.0,0.0,0.0,0.0,0.0,0.0,0.0,0.0,1.0E-4,19790.0,9.55E25,2417.0,2391.0,399.1,204600.0,7633.0,4958.0,3539.0,6119.0,1821.0,0.4188,279.5,34.08,131.5,47.75,22.97,1.543,0.636,0.6306,2.321,0.1178,0.004357,1651.0,63.15,64.83,8.614,32.83,0.006295,0.002636,0.002619,0.009735,4.568E-4,19.49,0.2849,1.342,4.027,6.882,0.8178,1.518,0.6059,0.5983,2.215,0.1101,0.0,0.0,0.0,0.0,0.0,0.0,0.0,0.0,0.0,0.0,0.0,0.4966,0.01909,1.076,0.9768,0.168,1.855,1.607,0.9831,0.5955,0.9761,0.078,7.637E-6,3.92E-6,3.39E-4,2.774E-4,2.765E-5,3.303E-4,2.006E-5,1.184E-5,7.203E-6,1.17E-5,1.055E-6,
0.0,0.0,0.0,0.0,0.0,0.0,0.0,0.0,0.0,0.0,0.0,0.0,0.0,0.0,0.0,0.0,0.0,0.0,0.0,0.0,0.0,0.0,2.8E-6,0.002079,0.02601,1.376,1.631,0.2504,0.9008,0.04046,0.006373,0.003743,0.005689,7.198E-4,0.0,0.0,0.0,0.0,0.0,0.0,0.0,0.0,0.0,0.0,0.0,0.0,0.0,0.0,0.0,0.0,0.0,0.0,0.0,0.0,0.0,0.0,2.288E-22,0.0,5.562,4.371,0.1821,2.896,0.001386,0.009809,0.02888,0.8487,0.1002,0.0,0.0,0.0,0.0,0.0,0.0,0.0,0.0,0.0,0.0,0.0,0.0,0.0,0.0,0.0,0.0,0.0,0.0,0.0,0.0,0.0,0.0,0.0,0.0,0.0,0.0,0.0,0.0,0.0,0.0,0.0,0.0,0.0,0.0,0.0,0.0,0.0,0.0,0.0,0.0,0.0,0.0,0.0,0.0,0.0,0.0,1.0E-4,19810.0,9.55E25,2418.0,2274.0,336.2,204600.0,7831.0,5046.0,3568.0,5695.0,2155.0,0.4234,279.5,34.08,130.4,47.79,22.97,2.646,0.6446,0.6788,2.056,0.3049,0.004376,1651.0,63.15,64.71,8.553,32.83,0.1789,0.002672,0.002821,0.008618,0.001245,19.49,0.2849,1.343,4.024,6.895,0.8178,1.524,0.6141,0.6444,1.962,0.289,0.0,0.0,0.0,0.0,0.0,0.0,0.0,0.0,0.0,0.0,0.0,0.4991,0.01909,1.076,0.9743,0.1693,1.855,1.61,1.0,0.598,0.8978,0.1316,7.667E-6,3.92E-6,3.39E-4,2.761E-4,2.72E-5,3.302E-4,2.185E-5,1.203E-5,7.234E-6,1.077E-5,1.69E-6,
0.0,0.0,0.0,0.0,0.0,0.0,0.0,0.0,0.0,0.0,0.0,0.0,0.0,0.0,0.0,0.0,0.0,0.0,0.0,0.0,0.0,0.0,2.8E-6,0.002089,0.02601,1.376,1.629,0.2527,0.9006,0.04029,0.006507,0.00363,0.006112,4.27E-4,0.0,0.0,0.0,0.0,0.0,0.0,0.0,0.0,0.0,0.0,0.0,0.0,0.0,0.0,0.0,0.0,0.0,0.0,0.0,0.0,0.0,0.0,2.288E-22,0.0,5.563,4.371,0.1841,2.896,0.001701,0.01204,0.01065,0.9547,0.007217,0.0,0.0,0.0,0.0,0.0,0.0,0.0,0.0,0.0,0.0,0.0,0.0,0.0,0.0,0.0,0.0,0.0,0.0,0.0,0.0,0.0,0.0,0.0,0.0,0.0,0.0,0.0,0.0,0.0,0.0,0.0,0.0,0.0,0.0,0.0,0.0,0.0,0.0,0.0,0.0,0.0,0.0,0.0,0.0,0.0,0.0,1.0E-4,19820.0,9.55E25,2415.0,2276.0,344.5,204600.0,7946.0,4910.0,3454.0,6096.0,1872.0,0.4269,279.5,33.99,128.8,49.47,22.97,2.65,0.6462,0.6459,2.241,0.1398,0.004391,1651.0,62.58,65.23,8.603,32.83,0.1789,0.002704,0.002683,0.009397,5.497E-4,19.49,0.2849,1.339,3.973,6.954,0.8178,1.528,0.6155,0.6129,2.139,0.1312,0.0,0.0,0.0,0.0,0.0,0.0,0.0,0.0,0.0,0.0,0.0,0.5008,0.01909,1.072,0.9746,0.1744,1.855,1.634,0.9705,0.5804,0.9636,0.08612,7.687E-6,3.92E-6,3.371E-4,2.777E-4,2.749E-5,3.301E-4,2.211E-5,1.17E-5,7.025E-6,1.155E-5,1.151E-6,
0.0,0.0,0.0,0.0,0.0,0.0,0.0,0.0,0.0,0.0,0.0,0.0,0.0,0.0,0.0,0.0,0.0,0.0,0.0,0.0,0.0,0.0,2.8E-6,0.002089,0.02601,1.376,1.629,0.2527,0.9005,0.03995,0.006899,0.003717,0.005948,4.582E-4,0.0,0.0,0.0,0.0,0.0,0.0,0.0,0.0,0.0,0.0,0.0,0.0,0.0,0.0,0.0,0.0,0.0,0.0,0.0,0.0,0.0,0.0,2.288E-22,0.0,5.562,4.371,0.182,2.896,0.001372,0.004831,0.05987,0.9173,0.005593,0.0,0.0,0.0,0.0,0.0,0.0,0.0,0.0,0.0,0.0,0.0,0.0,0.0,0.0,0.0,0.0,0.0,0.0,0.0,0.0,0.0,0.0,0.0,0.0,0.0,0.0,0.0,0.0,0.0,0.0,0.0,0.0,0.0,0.0,0.0,0.0,0.0,0.0,0.0,0.0,0.0,0.0,0.0,0.0,0.0,0.0,1.0E-4,19820.0,9.55E25,2384.0,2278.0,339.2,204600.0,7714.0,5180.0,3550.0,6007.0,1833.0,0.4269,279.5,33.98,128.8,49.46,22.97,2.645,0.6424,0.7263,2.164,0.1497,0.004391,1651.0,62.58,65.23,8.603,32.83,0.1789,0.002688,0.003022,0.009072,5.914E-4,19.49,0.2849,1.338,3.972,6.95,0.818,1.523,0.612,0.6898,2.065,0.1406,0.0,0.0,0.0,0.0,0.0,0.0,0.0,0.0,0.0,0.0,0.0,0.5008,0.01909,1.059,0.9751,0.1735,1.867,1.583,1.03,0.5941,0.938,0.09099,7.687E-6,3.92E-6,3.346E-4,2.779E-4,2.748E-5,3.323E-4,2.151E-5,1.24E-5,7.187E-6,1.125E-5,1.209E-6,
0.0,0.0,0.0,0.0,0.0,0.0,0.0,0.0,0.0,0.0,0.0,0.0,0.0,0.0,0.0,0.0,0.0,0.0,0.0,0.0,0.0,0.0,2.8E-6,0.002089,0.02601,1.375,1.629,0.2527,0.9006,0.03977,0.006565,0.003972,0.006232,4.47E-4,0.0,0.0,0.0,0.0,0.0,0.0,0.0,0.0,0.0,0.0,0.0,0.0,0.0,0.0,0.0,0.0,0.0,0.0,0.0,0.0,0.0,0.0,2.288E-22,0.0,5.562,4.37,0.176,2.896,4.747E-4,0.001671,0.001224,0.9909,0.001934,0.0,0.0,0.0,0.0,0.0,0.0,0.0,0.0,0.0,0.0,0.0,0.0,0.0,0.0,0.0,0.0,0.0,0.0,0.0,0.0,0.0,0.0,0.0,0.0,0.0,0.0,0.0,0.0,0.0,0.0,0.0,0.0,0.0,0.0,0.0,0.0,0.0,0.0,0.0,0.0,0.0,0.0,0.0,0.0,0.0,0.0,1.0E-4,19820.0,9.55E25,2363.0,2277.0,324.6,204600.0,7724.0,5170.0,3327.0,6264.0,1817.0,0.4269,279.5,33.98,128.8,49.45,22.98,2.648,0.6292,0.6271,2.292,0.1434,0.004391,1651.0,62.58,65.23,8.603,32.83,0.1789,0.00261,0.002639,0.009615,5.648E-4,19.49,0.2849,1.337,3.971,6.941,0.818,1.526,0.5996,0.5947,2.188,0.1345,0.0,0.0,0.0,0.0,0.0,0.0,0.0,0.0,0.0,0.0,0.0,0.5008,0.01909,1.054,0.9752,0.1711,1.871,1.584,1.026,0.5597,0.9799,0.0892,7.687E-6,3.92E-6,3.328E-4,2.78E-4,2.745E-5,3.34E-4,2.151E-5,1.234E-5,6.806E-6,1.174E-5,1.188E-6,
0.0,0.0,0.0,0.0,0.0,0.0,0.0,0.0,0.0,0.0,0.0,0.0,0.0,0.0,0.0,0.0,0.0,0.0,0.0,0.0,0.0,0.0,2.8E-6,0.002089,0.02601,1.375,1.63,0.2527,0.9003,0.0398,0.00655,0.004005,0.006144,4.615E-4,0.0,0.0,0.0,0.0,0.0,0.0,0.0,0.0,0.0,0.0,0.0,0.0,0.0,0.0,0.0,0.0,0.0,0.0,0.0,0.0,0.0,0.0,2.288E-22,0.0,5.563,4.371,0.1837,2.896,0.001642,0.005779,0.004233,0.9685,0.006689,0.0,0.0,0.0,0.0,0.0,0.0,0.0,0.0,0.0,0.0,0.0,0.0,0.0,0.0,0.0,0.0,0.0,0.0,0.0,0.0,0.0,0.0,0.0,0.0,0.0,0.0,0.0,0.0,0.0,0.0,0.0,0.0,0.0,0.0,0.0,0.0,0.0,0.0,0.0,0.0,0.0,0.0,0.0,0.0,0.0,0.0,1.0E-4,19820.0,9.55E25,2365.0,2280.0,346.6,204600.0,7746.0,5161.0,3357.0,6190.0,1820.0,0.4269,279.5,33.98,128.8,49.47,22.98,2.658,0.6276,0.6343,2.252,0.1516,0.004391,1651.0,62.58,65.23,8.603,32.83,0.1789,0.002603,0.002669,0.009446,5.994E-4,19.49,0.2849,1.339,3.973,6.953,0.818,1.535,0.598,0.6016,2.149,0.1424,0.0,0.0,0.0,0.0,0.0,0.0,0.0,0.0,0.0,0.0,0.0,0.5008,0.01909,1.054,0.9758,0.1746,1.871,1.589,1.023,0.5647,0.9668,0.09144,7.687E-6,3.92E-6,3.327E-4,2.781E-4,2.749E-5,3.339E-4,2.156E-5,1.231E-5,6.865E-6,1.159E-5,1.214E-6,
0.0,0.0,0.0,0.0,0.0,0.0,0.0,0.0,0.0,0.0,0.0,0.0,0.0,0.0,0.0,0.0,0.0,0.0,0.0,0.0,0.0,0.0,2.8E-6,0.002089,0.02601,1.373,1.631,0.2537,0.9001,0.03601,0.01014,0.004179,0.006177,4.56E-4,0.0,0.0,0.0,0.0,0.0,0.0,0.0,0.0,0.0,0.0,0.0,0.0,0.0,0.0,0.0,0.0,0.0,0.0,0.0,0.0,0.0,0.0,2.288E-22,0.0,5.563,4.371,0.1839,2.896,0.001661,0.005849,0.004285,0.9681,0.00677,0.0,0.0,0.0,0.0,0.0,0.0,0.0,0.0,0.0,0.0,0.0,0.0,0.0,0.0,0.0,0.0,0.0,0.0,0.0,0.0,0.0,0.0,0.0,0.0,0.0,0.0,0.0,0.0,0.0,0.0,0.0,0.0,0.0,0.0,0.0,0.0,0.0,0.0,0.0,0.0,0.0,0.0,0.0,0.0,0.0,0.0,1.0E-4,19820.0,9.55E25,2366.0,2279.0,346.5,204600.0,7648.0,5202.0,3415.0,6197.0,1812.0,0.4269,279.5,33.18,129.6,49.42,22.98,2.658,0.628,0.6339,2.251,0.152,0.004391,1651.0,62.24,65.59,8.578,32.83,0.1787,0.002864,0.002677,0.009444,6.011E-4,19.49,0.2849,1.329,3.984,6.953,0.818,1.537,0.5969,0.6012,2.149,0.1427,0.0,0.0,0.0,0.0,0.0,0.0,0.0,0.0,0.0,0.0,0.0,0.5008,0.01909,1.054,0.9758,0.1747,1.871,1.57,1.028,0.5783,0.9678,0.09012,7.687E-6,3.92E-6,3.327E-4,2.781E-4,2.747E-5,3.339E-4,2.115E-5,1.256E-5,7.029E-6,1.16E-5,1.199E-6,
0.0,0.0,0.0,0.0,0.0,0.0,0.0,0.0,0.0,0.0,0.0,0.0,0.0,0.0,0.0,0.0,0.0,0.0,0.0,0.0,0.0,0.0,2.8E-6,0.002089,0.02601,1.364,1.639,0.2544,0.8998,0.03602,0.01015,0.004165,0.006216,4.428E-4,0.0,0.0,0.0,0.0,0.0,0.0,0.0,0.0,0.0,0.0,0.0,0.0,0.0,0.0,0.0,0.0,0.0,0.0,0.0,0.0,0.0,0.0,2.288E-22,0.0,5.562,4.37,0.1759,2.896,4.511E-4,0.001588,0.001163,0.9913,0.001883,0.0,0.0,0.0,0.0,0.0,0.0,0.0,0.0,0.0,0.0,0.0,0.0,0.0,0.0,0.0,0.0,0.0,0.0,0.0,0.0,0.0,0.0,0.0,0.0,0.0,0.0,0.0,0.0,0.0,0.0,0.0,0.0,0.0,0.0,0.0,0.0,0.0,0.0,0.0,0.0,0.0,0.0,0.0,0.0,0.0,0.0,1.0E-4,19820.0,9.55E25,2343.0,2279.0,324.2,204600.0,7651.0,5203.0,3402.0,6281.0,1765.0,0.4269,279.5,32.63,129.6,49.53,23.47,2.66,0.6157,0.6293,2.292,0.1428,0.004391,1651.0,58.78,65.88,8.589,35.99,0.1787,0.00281,0.002659,0.009614,5.626E-4,19.49,0.2849,1.301,3.98,6.944,0.8416,1.539,0.5851,0.5968,2.187,0.1339,0.0,0.0,0.0,0.0,0.0,0.0,0.0,0.0,0.0,0.0,0.0,0.5008,0.01909,1.028,0.9767,0.1721,1.894,1.571,1.028,0.5762,0.9755,0.08822,7.687E-6,3.92E-6,3.223E-4,2.787E-4,2.755E-5,3.435E-4,2.116E-5,1.256E-5,7.004E-6,1.169E-5,1.176E-6,
0.0,0.0,0.0,0.0,0.0,0.0,0.0,0.0,0.0,0.0,0.0,0.0,0.0,0.0,0.0,0.0,0.0,0.0,0.0,0.0,0.0,0.0,2.8E-6,0.002089,0.02601,1.362,1.641,0.2545,0.8998,0.0343,0.01173,0.004381,0.006066,4.953E-4,0.0,0.0,0.0,0.0,0.0,0.0,0.0,0.0,0.0,0.0,0.0,0.0,0.0,0.0,0.0,0.0,0.0,0.0,0.0,0.0,0.0,0.0,2.288E-22,0.0,5.562,4.371,0.1809,2.896,0.001216,0.004282,0.02796,0.9548,0.002018,0.0,0.0,0.0,0.0,0.0,0.0,0.0,0.0,0.0,0.0,0.0,0.0,0.0,0.0,0.0,0.0,0.0,0.0,0.0,0.0,0.0,0.0,0.0,0.0,0.0,0.0,0.0,0.0,0.0,0.0,0.0,0.0,0.0,0.0,0.0,0.0,0.0,0.0,0.0,0.0,0.0,0.0,0.0,0.0,0.0,0.0,1.0E-4,19810.0,9.55E25,2341.0,2284.0,337.3,204600.0,7652.0,5177.0,3522.0,6168.0,1866.0,0.4269,279.5,32.63,129.6,49.54,23.47,2.661,0.6221,0.6728,2.217,0.1561,0.004391,1651.0,58.78,65.88,8.589,35.99,0.1786,0.002953,0.00285,0.009301,6.185E-4,19.49,0.2849,1.302,3.981,6.952,0.8416,1.541,0.5905,0.6384,2.116,0.1467,0.0,0.0,0.0,0.0,0.0,0.0,0.0,0.0,0.0,0.0,0.0,0.5007,0.01909,1.027,0.978,0.1741,1.894,1.573,1.02,0.597,0.9508,0.09621,7.686E-6,3.92E-6,3.219E-4,2.79E-4,2.757E-5,3.434E-4,2.108E-5,1.255E-5,7.254E-6,1.14E-5,1.271E-6,
0.0,0.0,0.0,0.0,0.0,0.0,0.0,0.0,0.0,0.0,0.0,0.0,0.0,0.0,0.0,0.0,0.0,0.0,0.0,0.0,0.0,0.0,2.8E-6,0.002089,0.02601,1.358,1.644,0.2545,0.8995,0.03432,0.01174,0.00413,0.006288,4.901E-4,0.0,0.0,0.0,0.0,0.0,0.0,0.0,0.0,0.0,0.0,0.0,0.0,0.0,0.0,0.0,0.0,0.0,0.0,0.0,0.0,0.0,0.0,2.288E-22,0.0,5.562,4.371,0.1814,2.896,7.976E-4,0.001154,0.002031,0.9838,0.001942,0.0,0.0,0.0,0.0,0.0,0.0,0.0,0.0,0.0,0.0,0.0,0.0,0.0,0.0,0.0,0.0,0.0,0.0,0.0,0.0,0.0,0.0,0.0,0.0,0.0,0.0,0.0,0.0,0.0,0.0,0.0,0.0,0.0,0.0,0.0,0.0,0.0,0.0,0.0,0.0,0.0,0.0,0.0,0.0,0.0,0.0,1.0E-4,19810.0,9.55E25,2339.0,2286.0,338.8,204600.0,7661.0,5187.0,3341.0,6333.0,1861.0,0.4269,279.5,32.6,129.6,49.54,23.47,2.664,0.6125,0.6274,2.269,0.1556,0.004391,1651.0,58.69,65.98,8.589,35.99,0.1786,0.002908,0.002661,0.009521,6.166E-4,19.49,0.2849,1.301,3.982,6.953,0.8416,1.543,0.5815,0.5949,2.166,0.1463,0.0,0.0,0.0,0.0,0.0,0.0,0.0,0.0,0.0,0.0,0.0,0.5007,0.01909,1.026,0.9791,0.1744,1.894,1.574,1.02,0.5669,0.9799,0.09514,7.686E-6,3.92E-6,3.216E-4,2.792E-4,2.757E-5,3.434E-4,2.11E-5,1.256E-5,6.895E-6,1.175E-5,1.258E-6,
0.0,0.0,0.0,0.0,0.0,0.0,0.0,0.0,0.0,0.0,0.0,0.0,0.0,0.0,0.0,0.0,0.0,0.0,0.0,0.0,0.0,0.0,2.8E-6,0.002089,0.02601,1.354,1.644,0.2523,0.899,0.0383,0.01311,0.00432,0.006289,4.901E-4,0.0,0.0,0.0,0.0,0.0,0.0,0.0,0.0,0.0,0.0,0.0,0.0,0.0,0.0,0.0,0.0,0.0,0.0,0.0,0.0,0.0,0.0,2.288E-22,0.0,5.562,4.37,0.1761,2.896,3.075E-4,4.448E-4,0.001987,0.9925,7.486E-4,0.0,0.0,0.0,0.0,0.0,0.0,0.0,0.0,0.0,0.0,0.0,0.0,0.0,0.0,0.0,0.0,0.0,0.0,0.0,0.0,0.0,0.0,0.0,0.0,0.0,0.0,0.0,0.0,0.0,0.0,0.0,0.0,0.0,0.0,0.0,0.0,0.0,0.0,0.0,0.0,0.0,0.0,0.0,0.0,0.0,0.0,1.0E-4,19810.0,9.55E25,2337.0,2265.0,312.5,204600.0,7718.0,5100.0,3442.0,6314.0,1858.0,0.4269,279.5,32.58,129.2,49.22,23.47,3.017,1.03,0.6271,2.285,0.154,0.004391,1651.0,58.63,65.96,8.541,35.99,0.2367,0.06764,0.002661,0.009589,6.096E-4,19.49,0.2849,1.3,3.986,6.948,0.8416,1.527,0.5881,0.5947,2.18,0.1447,0.0,0.0,0.0,0.0,0.0,0.0,0.0,0.0,0.0,0.0,0.0,0.5007,0.01909,1.025,0.979,0.1721,1.894,1.581,1.001,0.5849,0.9773,0.0949,7.686E-6,3.92E-6,3.214E-4,2.792E-4,2.743E-5,3.433E-4,2.139E-5,1.242E-5,7.111E-6,1.172E-5,1.256E-6,
0.0,0.0,0.0,0.0,0.0,0.0,0.0,0.0,0.0,0.0,0.0,0.0,0.0,0.0,0.0,0.0,0.0,0.0,0.0,0.0,0.0,0.0,2.8E-6,0.002089,0.02601,1.338,1.646,0.2523,0.913,0.03832,0.0132,0.004235,0.006247,4.84E-4,0.0,0.0,0.0,0.0,0.0,0.0,0.0,0.0,0.0,0.0,0.0,0.0,0.0,0.0,0.0,0.0,0.0,0.0,0.0,0.0,0.0,0.0,2.288E-22,0.0,5.563,4.371,0.1838,2.896,0.001022,0.001477,0.006602,0.9752,0.002487,0.0,0.0,0.0,0.0,0.0,0.0,0.0,0.0,0.0,0.0,0.0,0.0,0.0,0.0,0.0,0.0,0.0,0.0,0.0,0.0,0.0,0.0,0.0,0.0,0.0,0.0,0.0,0.0,0.0,0.0,0.0,0.0,0.0,0.0,0.0,0.0,0.0,0.0,0.0,0.0,0.0,0.0,0.0,0.0,0.0,0.0,1.0E-4,19810.0,9.55E25,2320.0,2265.0,336.9,204700.0,7731.0,5133.0,3419.0,6283.0,1868.0,0.4269,279.5,32.56,129.3,49.24,23.38,3.022,1.032,0.6335,2.257,0.1535,0.004391,1651.0,58.49,66.7,8.541,35.39,0.2367,0.06765,0.002688,0.009472,6.076E-4,19.49,0.2849,1.3,3.993,6.96,0.8371,1.531,0.5897,0.6007,2.154,0.1442,0.0,0.0,0.0,0.0,0.0,0.0,0.0,0.0,0.0,0.0,0.0,0.5007,0.01909,1.02,0.978,0.1798,1.897,1.583,1.008,0.5793,0.9706,0.09393,7.686E-6,3.92E-6,3.224E-4,2.787E-4,2.776E-5,3.424E-4,2.142E-5,1.25E-5,7.042E-6,1.164E-5,1.244E-6,
0.0,0.0,0.0,0.0,0.0,0.0,0.0,0.0,0.0,0.0,0.0,0.0,0.0,0.0,0.0,0.0,0.0,0.0,0.0,0.0,0.0,0.0,2.8E-6,0.002089,0.02601,1.334,1.649,0.2532,0.9129,0.03819,0.01333,0.004224,0.006284,4.792E-4,0.0,0.0,0.0,0.0,0.0,0.0,0.0,0.0,0.0,0.0,0.0,0.0,0.0,0.0,0.0,0.0,0.0,0.0,0.0,0.0,0.0,0.0,2.288E-22,0.0,5.562,4.371,0.1809,2.896,7.551E-4,0.001092,0.00488,0.9835,1.307E-5,0.0,0.0,0.0,0.0,0.0,0.0,0.0,0.0,0.0,0.0,0.0,0.0,0.0,0.0,0.0,0.0,0.0,0.0,0.0,0.0,0.0,0.0,0.0,0.0,0.0,0.0,0.0,0.0,0.0,0.0,0.0,0.0,0.0,0.0,0.0,0.0,0.0,0.0,0.0,0.0,0.0,0.0,0.0,0.0,0.0,0.0,1.0E-4,19820.0,9.55E25,2408.0,2194.0,308.3,204600.0,7723.0,5141.0,3414.0,6311.0,1854.0,0.4269,279.5,34.77,126.9,49.4,23.38,3.023,1.03,0.6298,2.27,0.1506,0.004391,1651.0,58.42,66.74,8.568,35.39,0.2367,0.06764,0.002672,0.009531,5.953E-4,19.49,0.2849,1.338,3.951,6.958,0.8371,1.532,0.5875,0.5973,2.167,0.1414,0.0,0.0,0.0,0.0,0.0,0.0,0.0,0.0,0.0,0.0,0.0,0.5007,0.01909,1.022,0.976,0.1778,1.897,1.581,1.009,0.5776,0.9756,0.09315,7.686E-6,3.92E-6,3.217E-4,2.792E-4,2.789E-5,3.423E-4,2.139E-5,1.252E-5,7.022E-6,1.17E-5,1.235E-6,
0.0,0.0,0.0,0.0,0.0,0.0,0.0,0.0,0.0,0.0,0.0,0.0,0.0,0.0,0.0,0.0,0.0,0.0,0.0,0.0,0.0,0.0,2.8E-6,0.002089,0.02601,1.333,1.65,0.2532,0.9126,0.03819,0.01302,0.004625,0.006191,4.776E-4,0.0,0.0,0.0,0.0,0.0,0.0,0.0,0.0,0.0,0.0,0.0,0.0,0.0,0.0,0.0,0.0,0.0,0.0,0.0,0.0,0.0,0.0,2.288E-22,0.0,5.562,4.371,0.181,2.896,7.572E-4,0.001095,0.04047,0.9479,1.311E-5,0.0,0.0,0.0,0.0,0.0,0.0,0.0,0.0,0.0,0.0,0.0,0.0,0.0,0.0,0.0,0.0,0.0,0.0,0.0,0.0,0.0,0.0,0.0,0.0,0.0,0.0,0.0,0.0,0.0,0.0,0.0,0.0,0.0,0.0,0.0,0.0,0.0,0.0,0.0,0.0,0.0,0.0,0.0,0.0,0.0,0.0,1.0E-4,19820.0,9.55E25,2403.0,2199.0,308.0,204600.0,7681.0,5088.0,3626.0,6194.0,1854.0,0.4269,279.5,34.76,126.9,49.4,23.38,3.022,1.029,0.6907,2.211,0.1505,0.004391,1651.0,58.42,66.74,8.568,35.39,0.2368,0.06761,0.002934,0.009286,5.951E-4,19.49,0.2849,1.338,3.951,6.958,0.8371,1.531,0.5869,0.6555,2.11,0.1413,0.0,0.0,0.0,0.0,0.0,0.0,0.0,0.0,0.0,0.0,0.0,0.5007,0.01909,1.019,0.9782,0.1777,1.896,1.572,0.9981,0.6154,0.9585,0.09298,7.686E-6,3.92E-6,3.212E-4,2.797E-4,2.789E-5,3.423E-4,2.129E-5,1.238E-5,7.478E-6,1.149E-5,1.233E-6,
0.0,0.0,0.0,0.0,0.0,0.0,0.0,0.0,0.0,0.0,0.0,0.0,0.0,0.0,0.0,0.0,0.0,0.0,0.0,0.0,0.0,0.0,2.8E-6,0.002089,0.02601,1.332,1.65,0.2531,0.9125,0.03851,0.01336,0.004269,0.006302,4.742E-4,0.0,0.0,0.0,0.0,0.0,0.0,0.0,0.0,0.0,0.0,0.0,0.0,0.0,0.0,0.0,0.0,0.0,0.0,0.0,0.0,0.0,0.0,2.288E-22,0.0,5.562,4.371,0.1815,2.896,8.079E-4,0.001168,0.002284,0.9853,1.398E-5,0.0,0.0,0.0,0.0,0.0,0.0,0.0,0.0,0.0,0.0,0.0,0.0,0.0,0.0,0.0,0.0,0.0,0.0,0.0,0.0,0.0,0.0,0.0,0.0,0.0,0.0,0.0,0.0,0.0,0.0,0.0,0.0,0.0,0.0,0.0,0.0,0.0,0.0,0.0,0.0,0.0,0.0,0.0,0.0,0.0,0.0,1.0E-4,19820.0,9.55E25,2402.0,2199.0,308.5,204600.0,7692.0,5172.0,3436.0,6322.0,1821.0,0.4269,279.5,34.76,127.2,49.56,23.38,2.474,1.163,0.628,2.273,0.1505,0.004391,1651.0,58.42,66.78,8.593,35.39,0.155,0.08802,0.002669,0.009547,5.951E-4,19.49,0.2849,1.338,3.965,6.968,0.8371,1.503,0.5918,0.5955,2.169,0.1413,0.0,0.0,0.0,0.0,0.0,0.0,0.0,0.0,0.0,0.0,0.0,0.5007,0.01909,1.019,0.9785,0.1779,1.896,1.574,1.015,0.5812,0.9744,0.09245,7.686E-6,3.92E-6,3.21E-4,2.799E-4,2.788E-5,3.422E-4,2.133E-5,1.258E-5,7.066E-6,1.168E-5,1.227E-6,
0.0,0.0,0.0,0.0,0.0,0.0,0.0,0.0,0.0,0.0,0.0,0.0,0.0,0.0,0.0,0.0,0.0,0.0,0.0,0.0,0.0,0.0,2.8E-6,0.002089,0.02601,1.331,1.651,0.253,0.9122,0.03861,0.01333,0.004214,0.006314,4.97E-4,0.0,0.0,0.0,0.0,0.0,0.0,0.0,0.0,0.0,0.0,0.0,0.0,0.0,0.0,0.0,0.0,0.0,0.0,0.0,0.0,0.0,0.0,2.288E-22,0.0,5.562,4.37,0.176,2.896,2.95E-4,4.267E-4,8.342E-4,0.9918,0.002808,0.0,0.0,0.0,0.0,0.0,0.0,0.0,0.0,0.0,0.0,0.0,0.0,0.0,0.0,0.0,0.0,0.0,0.0,0.0,0.0,0.0,0.0,0.0,0.0,0.0,0.0,0.0,0.0,0.0,0.0,0.0,0.0,0.0,0.0,0.0,0.0,0.0,0.0,0.0,0.0,0.0,0.0,0.0,0.0,0.0,0.0,1.0E-4,19820.0,9.55E25,2399.0,2198.0,294.7,204600.0,7706.0,5176.0,3407.0,6343.0,1828.0,0.4269,279.5,34.76,127.4,49.73,23.38,2.589,0.6069,0.6179,2.282,0.1584,0.004391,1651.0,58.41,66.82,8.619,35.39,0.1722,0.003623,0.002622,0.009586,6.288E-4,19.49,0.2849,1.337,3.975,6.966,0.8371,1.509,0.5717,0.5858,2.178,0.1489,0.0,0.0,0.0,0.0,0.0,0.0,0.0,0.0,0.0,0.0,0.0,0.5007,0.01909,1.018,0.9787,0.1757,1.896,1.577,1.015,0.576,0.9757,0.09575,7.686E-6,3.92E-6,3.208E-4,2.8E-4,2.786E-5,3.421E-4,2.136E-5,1.259E-5,7.004E-6,1.17E-5,1.266E-6,
0.0,0.0,0.0,0.0,0.0,0.0,0.0,0.0,0.0,0.0,0.0,0.0,0.0,0.0,0.0,0.0,0.0,0.0,0.0,0.0,0.0,0.0,2.8E-6,0.002089,0.02601,1.331,1.65,0.2539,0.9119,0.04086,0.01111,0.004214,0.00629,5.022E-4,0.0,0.0,0.0,0.0,0.0,0.0,0.0,0.0,0.0,0.0,0.0,0.0,0.0,0.0,0.0,0.0,0.0,0.0,0.0,0.0,0.0,0.0,2.288E-22,0.0,5.562,4.371,0.1811,2.896,7.733E-4,0.001118,0.002187,0.9811,0.004772,0.0,0.0,0.0,0.0,0.0,0.0,0.0,0.0,0.0,0.0,0.0,0.0,0.0,0.0,0.0,0.0,0.0,0.0,0.0,0.0,0.0,0.0,0.0,0.0,0.0,0.0,0.0,0.0,0.0,0.0,0.0,0.0,0.0,0.0,0.0,0.0,0.0,0.0,0.0,0.0,0.0,0.0,0.0,0.0,0.0,0.0,1.0E-4,19820.0,9.55E25,2515.0,2413.0,309.8,204300.0,8515.0,4373.0,3407.0,6338.0,1864.0,0.4269,279.5,34.76,126.2,50.53,23.37,2.91,0.7712,0.6187,2.263,0.1629,0.004391,1651.0,58.41,66.76,8.607,35.39,0.2053,0.04441,0.002626,0.009506,6.475E-4,19.49,0.2849,1.338,3.938,7.001,0.8365,1.618,0.4783,0.5866,2.159,0.1532,0.0,0.0,0.0,0.0,0.0,0.0,0.0,0.0,0.0,0.0,0.0,0.5007,0.01909,1.018,0.9768,0.1797,1.896,1.743,0.8498,0.5759,0.9718,0.09655,7.685E-6,3.92E-6,3.206E-4,2.795E-4,2.811E-5,3.426E-4,2.339E-5,1.058E-5,7.003E-6,1.165E-5,1.275E-6,
0.0,0.0,0.0,0.0,0.0,0.0,0.0,0.0,0.0,0.0,0.0,0.0,0.0,0.0,0.0,0.0,0.0,0.0,0.0,0.0,0.0,0.0,2.8E-6,0.002089,0.02601,1.326,1.655,0.2538,0.9116,0.04042,0.01086,0.004718,0.006651,5.057E-4,0.0,0.0,0.0,0.0,0.0,0.0,0.0,0.0,0.0,0.0,0.0,0.0,0.0,0.0,0.0,0.0,0.0,0.0,0.0,0.0,0.0,0.0,2.288E-22,0.0,5.562,4.371,0.1819,2.896,8.422E-4,0.001218,0.002381,0.9795,0.005197,0.0,0.0,0.0,0.0,0.0,0.0,0.0,0.0,0.0,0.0,0.0,0.0,0.0,0.0,0.0,0.0,0.0,0.0,0.0,0.0,0.0,0.0,0.0,0.0,0.0,0.0,0.0,0.0,0.0,0.0,0.0,0.0,0.0,0.0,0.0,0.0,0.0,0.0,0.0,0.0,0.0,0.0,0.0,0.0,0.0,0.0,1.0E-4,19820.0,9.55E25,2514.0,2413.0,311.6,204300.0,8517.0,4349.0,3328.0,6439.0,1888.0,0.4269,279.5,34.74,125.2,49.91,23.37,1.772,0.5107,3.537,2.307,0.1734,0.004391,1651.0,58.28,66.75,8.513,35.39,0.03135,0.005002,0.4428,0.02142,0.00196,19.49,0.2849,1.337,3.909,6.982,0.8365,1.585,0.4686,0.7062,2.129,0.1553,0.0,0.0,0.0,0.0,0.0,0.0,0.0,0.0,0.0,0.0,0.0,0.5007,0.01909,1.017,0.9776,0.1799,1.896,1.743,0.8444,0.5609,0.9918,0.09689,7.685E-6,3.92E-6,3.203E-4,2.797E-4,2.811E-5,3.426E-4,2.337E-5,1.05E-5,6.858E-6,1.19E-5,1.279E-6,
0.0,0.0,0.0,0.0,0.0,0.0,0.0,0.0,0.0,0.0,0.0,0.0,0.0,0.0,0.0,0.0,0.0,0.0,0.0,0.0,0.0,0.0,2.8E-6,0.002107,0.02601,1.326,1.654,0.2542,0.9113,0.04036,0.01094,0.004512,0.006866,4.615E-4,0.0,0.0,0.0,0.0,0.0,0.0,0.0,0.0,0.0,0.0,0.0,0.0,0.0,0.0,0.0,0.0,0.0,0.0,0.0,0.0,0.0,0.0,2.288E-22,0.0,5.562,4.37,0.1808,2.896,7.443E-4,0.001076,0.002105,0.9807,0.005736,0.0,0.0,0.0,0.0,0.0,0.0,0.0,0.0,0.0,0.0,0.0,0.0,0.0,0.0,0.0,0.0,0.0,0.0,0.0,0.0,0.0,0.0,0.0,0.0,0.0,0.0,0.0,0.0,0.0,0.0,0.0,0.0,0.0,0.0,0.0,0.0,0.0,0.0,0.0,0.0,0.0,0.0,0.0,0.0,0.0,0.0,1.0E-4,19830.0,9.55E25,2514.0,2414.0,310.7,204300.0,8531.0,4346.0,3217.0,6580.0,1830.0,0.4329,279.5,34.74,124.7,50.38,23.37,1.763,0.5059,3.553,2.336,0.1562,0.004416,1651.0,58.28,66.67,8.592,35.39,0.02943,0.004711,0.4416,0.02739,0.001711,19.5,0.2849,1.337,3.904,6.983,0.8365,1.588,0.4657,0.7299,2.119,0.14,0.0,0.0,0.0,0.0,0.0,0.0,0.0,0.0,0.0,0.0,0.0,0.5035,0.01909,1.017,0.9776,0.1801,1.896,1.746,0.8431,0.5403,1.015,0.08981,7.718E-6,3.92E-6,3.203E-4,2.796E-4,2.822E-5,3.425E-4,2.34E-5,1.049E-5,6.611E-6,1.218E-5,1.195E-6,
0.0,0.0,0.0,0.0,0.0,0.0,0.0,0.0,0.0,0.0,0.0,0.0,0.0,0.0,0.0,0.0,0.0,0.0,0.0,0.0,0.0,0.0,2.8E-6,0.002107,0.02638,1.326,1.654,0.2544,0.9111,0.03891,0.01203,0.004538,0.006849,4.547E-4,0.0,0.0,0.0,0.0,0.0,0.0,0.0,0.0,0.0,0.0,0.0,0.0,0.0,0.0,0.0,0.0,0.0,0.0,0.0,0.0,0.0,0.0,2.288E-22,0.0,5.562,4.371,0.1815,2.896,8.079E-4,0.001168,0.002284,0.9791,0.006226,0.0,0.0,0.0,0.0,0.0,0.0,0.0,0.0,0.0,0.0,0.0,0.0,0.0,0.0,0.0,0.0,0.0,0.0,0.0,0.0,0.0,0.0,0.0,0.0,0.0,0.0,0.0,0.0,0.0,0.0,0.0,0.0,0.0,0.0,0.0,0.0,0.0,0.0,0.0,0.0,0.0,0.0,0.0,0.0,0.0,0.0,1.0E-4,19830.0,9.55E25,2514.0,2413.0,315.0,204300.0,8050.0,4833.0,3215.0,6571.0,1815.0,0.4329,279.5,34.74,123.9,51.18,23.37,1.762,0.5019,3.554,2.333,0.1571,0.004416,1651.0,58.28,66.66,8.599,35.39,0.02918,0.004959,0.4413,0.02737,0.001721,19.5,0.2878,1.337,3.879,7.009,0.8365,1.589,0.4602,0.7321,2.117,0.1408,0.0,0.0,0.0,0.0,0.0,0.0,0.0,0.0,0.0,0.0,0.0,0.5035,0.02241,1.017,0.9766,0.1814,1.896,1.643,0.9474,0.5399,1.012,0.08769,7.718E-6,3.978E-6,3.202E-4,2.795E-4,2.833E-5,3.425E-4,2.214E-5,1.174E-5,6.607E-6,1.215E-5,1.171E-6,
0.0,0.0,0.0,0.0,0.0,0.0,0.0,0.0,0.0,0.0,0.0,0.0,0.0,0.0,0.0,0.0,0.0,0.0,0.0,0.0,0.0,0.0,2.8E-6,0.002107,0.02638,1.322,1.651,0.2574,0.9146,0.03833,0.01259,0.004547,0.006842,4.643E-4,0.0,0.0,0.0,0.0,0.0,0.0,0.0,0.0,0.0,0.0,0.0,0.0,0.0,0.0,0.0,0.0,0.0,0.0,0.0,0.0,0.0,0.0,2.288E-22,0.0,5.562,4.371,0.1825,2.896,9.02E-4,0.001305,0.002551,0.9766,0.006952,0.0,0.0,0.0,0.0,0.0,0.0,0.0,0.0,0.0,0.0,0.0,0.0,0.0,0.0,0.0,0.0,0.0,0.0,0.0,0.0,0.0,0.0,0.0,0.0,0.0,0.0,0.0,0.0,0.0,0.0,0.0,0.0,0.0,0.0,0.0,0.0,0.0,0.0,0.0,0.0,0.0,0.0,0.0,0.0,0.0,0.0,1.0E-4,19830.0,9.55E25,2502.0,2410.0,318.3,204300.0,7791.0,5091.0,3217.0,6565.0,1818.0,0.4329,279.5,34.74,124.0,51.24,23.37,1.841,0.5166,3.298,2.381,0.17,0.004416,1651.0,58.28,66.62,8.651,35.39,0.03938,0.006737,0.4079,0.03421,0.003272,19.5,0.2878,1.337,3.888,7.017,0.8366,1.603,0.4636,0.6891,2.121,0.1438,0.0,0.0,0.0,0.0,0.0,0.0,0.0,0.0,0.0,0.0,0.0,0.5035,0.02241,1.008,0.9759,0.1822,1.905,1.588,1.002,0.5402,1.011,0.08875,7.718E-6,3.978E-6,3.188E-4,2.793E-4,2.851E-5,3.439E-4,2.148E-5,1.24E-5,6.612E-6,1.213E-5,1.184E-6,
0.0,0.0,0.0,0.0,0.0,0.0,0.0,0.0,0.0,0.0,0.0,0.0,0.0,0.0,0.0,0.0,0.0,0.0,0.0,0.0,0.0,0.0,2.8E-6,0.002107,0.02638,1.322,1.651,0.2574,0.9142,0.03809,0.01263,0.004125,0.007467,4.566E-4,0.0,0.0,0.0,0.0,0.0,0.0,0.0,0.0,0.0,0.0,0.0,0.0,0.0,0.0,0.0,0.0,0.0,0.0,0.0,0.0,0.0,0.0,2.287E-22,0.0,5.563,4.371,0.1835,2.896,9.971E-4,0.001442,0.002819,0.9742,0.007684,0.0,0.0,0.0,0.0,0.0,0.0,0.0,0.0,0.0,0.0,0.0,0.0,0.0,0.0,0.0,0.0,0.0,0.0,0.0,0.0,0.0,0.0,0.0,0.0,0.0,0.0,0.0,0.0,0.0,0.0,0.0,0.0,0.0,0.0,0.0,0.0,0.0,0.0,0.0,0.0,0.0,0.0,0.0,0.0,0.0,0.0,1.0E-4,19830.0,9.55E25,2502.0,2411.0,324.8,204300.0,7792.0,5096.0,2890.0,6899.0,1829.0,0.4329,279.5,34.74,123.2,51.86,23.37,1.719,0.503,3.034,2.945,0.1505,0.004416,1651.0,58.28,66.6,8.649,35.39,0.0234,0.004831,0.3651,0.1166,9.72E-4,19.5,0.2878,1.338,3.854,7.03,0.8366,1.583,0.4621,0.6975,2.161,0.139,0.0,0.0,0.0,0.0,0.0,0.0,0.0,0.0,0.0,0.0,0.0,0.5034,0.02241,1.008,0.9755,0.1837,1.905,1.588,1.003,0.4797,1.071,0.08751,7.718E-6,3.978E-6,3.188E-4,2.792E-4,2.861E-5,3.438E-4,2.147E-5,1.241E-5,5.894E-6,1.286E-5,1.169E-6,
0.0,0.0,0.0,0.0,0.0,0.0,0.0,0.0,0.0,0.0,0.0,0.0,0.0,0.0,0.0,0.0,0.0,0.0,0.0,0.0,0.0,0.0,2.8E-6,0.002107,0.02638,1.32,1.648,0.26,0.9156,0.03812,0.01259,0.00408,0.007537,4.407E-4,0.0,0.0,0.0,0.0,0.0,0.0,0.0,0.0,0.0,0.0,0.0,0.0,0.0,0.0,0.0,0.0,0.0,0.0,0.0,0.0,0.0,0.0,2.287E-22,0.0,5.563,4.371,0.1839,2.896,0.001033,0.001495,0.002922,0.9732,0.007964,0.0,0.0,0.0,0.0,0.0,0.0,0.0,0.0,0.0,0.0,0.0,0.0,0.0,0.0,0.0,0.0,0.0,0.0,0.0,0.0,0.0,0.0,0.0,0.0,0.0,0.0,0.0,0.0,0.0,0.0,0.0,0.0,0.0,0.0,0.0,0.0,0.0,0.0,0.0,0.0,0.0,0.0,0.0,0.0,0.0,0.0,1.0E-4,19830.0,9.55E25,2496.0,2406.0,326.6,204300.0,7798.0,5100.0,2854.0,6992.0,1804.0,0.4329,279.5,34.74,121.4,53.69,23.37,1.724,0.5243,3.547,2.364,0.1502,0.004416,1651.0,58.28,66.55,8.707,35.39,0.02409,0.007409,0.4311,0.04151,0.001573,19.5,0.2878,1.338,3.798,7.094,0.8366,1.583,0.4673,0.7897,2.059,0.1351,0.0,0.0,0.0,0.0,0.0,0.0,0.0,0.0,0.0,0.0,0.0,0.5034,0.02241,1.004,0.9706,0.188,1.909,1.589,1.002,0.4742,1.079,0.0845,7.717E-6,3.978E-6,3.171E-4,2.789E-4,2.891E-5,3.454E-4,2.148E-5,1.24E-5,5.829E-6,1.295E-5,1.134E-6,
0.0,0.0,0.0,0.0,0.0,0.0,0.0,0.0,0.0,0.0,0.0,0.0,0.0,0.0,0.0,0.0,0.0,0.0,0.0,0.0,0.0,0.0,2.8E-6,0.002107,0.02638,1.32,1.646,0.2623,0.9151,0.03794,0.01256,0.004045,0.007747,4.714E-4,0.0,0.0,0.0,0.0,0.0,0.0,0.0,0.0,0.0,0.0,0.0,0.0,0.0,0.0,0.0,0.0,0.0,0.0,0.0,0.0,0.0,0.0,2.287E-22,0.0,5.563,4.371,0.1839,2.896,0.001033,0.001495,0.002922,0.9732,0.007964,0.0,0.0,0.0,0.0,0.0,0.0,0.0,0.0,0.0,0.0,0.0,0.0,0.0,0.0,0.0,0.0,0.0,0.0,0.0,0.0,0.0,0.0,0.0,0.0,0.0,0.0,0.0,0.0,0.0,0.0,0.0,0.0,0.0,0.0,0.0,0.0,0.0,0.0,0.0,0.0,0.0,0.0,0.0,0.0,0.0,0.0,1.0E-4,19830.0,9.55E25,2450.0,2453.0,330.1,204300.0,7741.0,5122.0,2747.0,7125.0,1809.0,0.4329,279.5,34.73,119.7,55.35,23.37,1.72,0.5039,3.617,2.36,0.1459,0.004416,1651.0,58.28,66.5,8.755,35.39,0.02361,0.006493,0.4332,0.04607,0.001021,19.5,0.2878,1.337,3.739,7.147,0.8366,1.582,0.4528,0.8451,2.027,0.1343,0.0,0.0,0.0,0.0,0.0,0.0,0.0,0.0,0.0,0.0,0.0,0.5034,0.02241,1.003,0.9677,0.1923,1.909,1.577,1.004,0.4595,1.102,0.08645,7.717E-6,3.978E-6,3.17E-4,2.786E-4,2.919E-5,3.453E-4,2.133E-5,1.242E-5,5.657E-6,1.323E-5,1.158E-6,
0.0,0.0,0.0,0.0,0.0,0.0,0.0,0.0,0.0,0.0,0.0,0.0,0.0,0.0,0.0,0.0,0.0,0.0,0.0,0.0,0.0,0.0,2.8E-6,0.002107,0.02638,1.317,1.649,0.2623,0.9149,0.03793,0.01254,0.004028,0.007804,4.887E-4,0.0,0.0,0.0,0.0,0.0,0.0,0.0,0.0,0.0,0.0,0.0,0.0,0.0,0.0,0.0,0.0,0.0,0.0,0.0,0.0,0.0,0.0,2.287E-22,0.0,5.724,4.56,0.1762,3.544,3.109E-4,4.496E-4,8.79E-4,0.9935,8.617E-4,0.0,0.0,0.0,0.0,0.0,0.0,0.0,0.0,0.0,0.0,0.0,0.0,0.0,0.0,0.0,0.0,0.0,0.0,0.0,0.0,0.0,0.0,0.0,0.0,0.0,0.0,0.0,0.0,0.0,0.0,0.0,0.0,0.0,0.0,0.0,0.0,0.0,0.0,0.0,0.0,0.0,0.0,0.0,0.0,0.0,0.0,1.0E-4,19830.0,9.55E25,2447.0,2451.0,309.8,204300.0,7743.0,5105.0,2744.0,7180.0,1796.0,0.4329,279.5,34.72,119.8,55.33,23.37,1.719,0.5032,3.607,2.393,0.1385,0.004416,1651.0,58.2,66.58,8.755,35.39,0.02363,0.006623,0.4318,0.04683,0.001287,19.5,0.2878,1.336,3.739,7.134,0.8366,1.581,0.4513,0.8439,2.054,0.1253,0.0,0.0,0.0,0.0,0.0,0.0,0.0,0.0,0.0,0.0,0.0,0.5034,0.02241,1.002,0.968,0.1891,1.909,1.577,1.001,0.4582,1.109,0.08711,7.717E-6,3.978E-6,3.169E-4,2.787E-4,2.916E-5,3.452E-4,2.133E-5,1.238E-5,5.642E-6,1.331E-5,1.166E-6,
0.0,0.0,0.0,0.0,0.0,0.0,0.0,0.0,0.0,0.0,0.0,0.0,0.0,0.0,0.0,0.0,0.0,0.0,0.0,0.0,0.0,0.0,2.8E-6,0.002107,0.02638,1.317,1.649,0.2623,0.9144,0.03699,0.01164,0.005603,0.008037,5.05E-4,0.0,0.0,0.0,0.0,0.0,0.0,0.0,0.0,0.0,0.0,0.0,0.0,0.0,0.0,0.0,0.0,0.0,0.0,0.0,0.0,0.0,0.0,2.287E-22,0.0,5.724,4.561,0.1814,3.544,8.022E-4,0.00116,0.002268,0.9832,0.002223,0.0,0.0,0.0,0.0,0.0,0.0,0.0,0.0,0.0,0.0,0.0,0.0,0.0,0.0,0.0,0.0,0.0,0.0,0.0,0.0,0.0,0.0,0.0,0.0,0.0,0.0,0.0,0.0,0.0,0.0,0.0,0.0,0.0,0.0,0.0,0.0,0.0,0.0,0.0,0.0,0.0,0.0,0.0,0.0,0.0,0.0,1.0E-4,19830.0,9.55E25,2449.0,2451.0,324.9,204300.0,7739.0,4555.0,3206.0,7258.0,1794.0,0.4329,279.5,34.72,119.8,55.35,23.37,1.738,0.5275,3.525,2.398,0.1418,0.004416,1651.0,58.2,66.58,8.756,35.39,0.02641,0.01215,0.4161,0.05147,0.001609,19.5,0.2878,1.336,3.743,7.144,0.8366,1.582,0.4406,0.8619,2.03,0.1266,0.0,0.0,0.0,0.0,0.0,0.0,0.0,0.0,0.0,0.0,0.0,0.5034,0.02241,1.002,0.9679,0.1915,1.909,1.575,0.8837,0.5581,1.126,0.08793,7.717E-6,3.978E-6,3.169E-4,2.787E-4,2.918E-5,3.451E-4,2.125E-5,1.099E-5,6.868E-6,1.351E-5,1.177E-6,
0.0,0.0,0.0,0.0,0.0,0.0,0.0,0.0,0.0,0.0,0.0,0.0,0.0,0.0,0.0,0.0,0.0,0.0,0.0,0.0,0.0,0.0,2.8E-6,0.002107,0.02638,1.317,1.649,0.2623,0.9139,0.03681,0.01194,0.005517,0.008056,4.707E-4,0.0,0.0,0.0,0.0,0.0,0.0,0.0,0.0,0.0,0.0,0.0,0.0,0.0,0.0,0.0,0.0,0.0,0.0,0.0,0.0,0.0,0.0,2.287E-22,0.0,5.724,4.56,0.1754,3.544,2.411E-4,3.487E-4,0.01579,0.9798,6.684E-4,0.0,0.0,0.0,0.0,0.0,0.0,0.0,0.0,0.0,0.0,0.0,0.0,0.0,0.0,0.0,0.0,0.0,0.0,0.0,0.0,0.0,0.0,0.0,0.0,0.0,0.0,0.0,0.0,0.0,0.0,0.0,0.0,0.0,0.0,0.0,0.0,0.0,0.0,0.0,0.0,0.0,0.0,0.0,0.0,0.0,0.0,1.0E-4,19830.0,9.55E25,2447.0,2451.0,308.5,204300.0,7743.0,4612.0,3225.0,7219.0,1790.0,0.4329,279.5,34.72,119.7,55.33,23.37,1.725,0.5157,3.603,2.388,0.1338,0.004416,1651.0,58.2,66.58,8.755,35.39,0.02477,0.01137,0.4216,0.05186,0.001237,19.5,0.2878,1.336,3.738,7.133,0.8366,1.58,0.4334,0.9043,2.018,0.1211,0.0,0.0,0.0,0.0,0.0,0.0,0.0,0.0,0.0,0.0,0.0,0.5034,0.02241,1.002,0.9681,0.1889,1.909,1.574,0.8962,0.5576,1.122,0.08353,7.717E-6,3.978E-6,3.169E-4,2.787E-4,2.915E-5,3.45E-4,2.127E-5,1.111E-5,6.858E-6,1.347E-5,1.125E-6,
0.0,0.0,0.0,0.0,0.0,0.0,0.0,0.0,0.0,0.0,0.0,0.0,0.0,0.0,0.0,0.0,0.0,0.0,0.0,0.0,0.0,0.0,2.8E-6,0.002107,0.02638,1.317,1.649,0.2623,0.9134,0.03677,0.01198,0.005146,0.008402,4.824E-4,0.0,0.0,0.0,0.0,0.0,0.0,0.0,0.0,0.0,0.0,0.0,0.0,0.0,0.0,0.0,0.0,0.0,0.0,0.0,0.0,0.0,0.0,2.287E-22,0.0,5.724,4.56,0.1756,3.544,2.608E-4,3.772E-4,0.001759,0.9926,0.001583,0.0,0.0,0.0,0.0,0.0,0.0,0.0,0.0,0.0,0.0,0.0,0.0,0.0,0.0,0.0,0.0,0.0,0.0,0.0,0.0,0.0,0.0,0.0,0.0,0.0,0.0,0.0,0.0,0.0,0.0,0.0,0.0,0.0,0.0,0.0,0.0,0.0,0.0,0.0,0.0,0.0,0.0,0.0,0.0,0.0,0.0,1.0E-4,19830.0,9.55E25,2447.0,2451.0,309.7,204300.0,7750.0,4629.0,3012.0,7439.0,1757.0,0.4329,279.5,34.72,119.7,55.33,23.37,1.736,0.5252,3.33,2.638,0.1357,0.004416,1651.0,58.2,66.58,8.755,35.39,0.02624,0.01201,0.3889,0.08243,0.001302,19.5,0.2878,1.336,3.738,7.134,0.8366,1.582,0.4383,0.8404,2.074,0.1227,0.0,0.0,0.0,0.0,0.0,0.0,0.0,0.0,0.0,0.0,0.0,0.5034,0.02241,1.002,0.968,0.1891,1.908,1.576,0.8983,0.5192,1.155,0.08419,7.717E-6,3.978E-6,3.168E-4,2.787E-4,2.916E-5,3.45E-4,2.13E-5,1.113E-5,6.399E-6,1.387E-5,1.134E-6,
0.0,0.0,0.0,0.0,0.0,0.0,0.0,0.0,0.0,0.0,0.0,0.0,0.0,0.0,0.0,0.0,0.0,0.0,0.0,0.0,0.0,0.0,2.8E-6,0.002107,0.02638,1.316,1.647,0.2644,0.9129,0.03658,0.01198,0.005371,0.008337,4.952E-4,0.0,0.0,0.0,0.0,0.0,0.0,0.0,0.0,0.0,0.0,0.0,0.0,0.0,0.0,0.0,0.0,0.0,0.0,0.0,0.0,0.0,0.0,2.287E-22,0.0,5.724,4.561,0.1816,3.544,0.004059,0.001185,0.02477,0.9583,0.001084,0.0,0.0,0.0,0.0,0.0,0.0,0.0,0.0,0.0,0.0,0.0,0.0,0.0,0.0,0.0,0.0,0.0,0.0,0.0,0.0,0.0,0.0,0.0,0.0,0.0,0.0,0.0,0.0,0.0,0.0,0.0,0.0,0.0,0.0,0.0,0.0,0.0,0.0,0.0,0.0,0.0,0.0,0.0,0.0,0.0,0.0,1.0E-4,19840.0,9.55E25,2436.0,2462.0,328.6,204300.0,7746.0,4630.0,3169.0,7272.0,1836.0,0.4329,279.5,34.72,118.2,56.9,23.37,1.746,0.5219,3.508,2.388,0.1396,0.004416,1651.0,58.2,66.54,8.804,35.39,0.027,0.01128,0.4057,0.05817,0.002403,19.5,0.2878,1.336,3.696,7.198,0.8366,1.587,0.4396,0.9099,1.978,0.1197,0.0,0.0,0.0,0.0,0.0,0.0,0.0,0.0,0.0,0.0,0.0,0.5034,0.02241,1.0,0.9659,0.1954,1.908,1.573,0.8984,0.5457,1.128,0.08401,7.717E-6,3.978E-6,3.164E-4,2.788E-4,2.944E-5,3.449E-4,2.127E-5,1.113E-5,6.714E-6,1.356E-5,1.133E-6,
0.0,0.0,0.0,0.0,0.0,0.0,0.0,0.0,0.0,0.0,0.0,0.0,0.0,0.0,0.0,0.0,0.0,0.0,0.0,0.0,0.0,0.0,2.8E-6,0.002106,0.02638,1.316,1.647,0.265,0.9127,0.03657,0.01201,0.005271,0.008432,4.724E-4,0.0,0.0,0.0,0.0,0.0,0.0,0.0,0.0,0.0,0.0,0.0,0.0,0.0,0.0,0.0,0.0,0.0,0.0,0.0,0.0,0.0,0.0,2.287E-22,0.0,5.725,4.561,0.1831,3.544,0.004747,0.001385,0.00646,0.9738,0.001268,0.0,0.0,0.0,0.0,0.0,0.0,0.0,0.0,0.0,0.0,0.0,0.0,0.0,0.0,0.0,0.0,0.0,0.0,0.0,0.0,0.0,0.0,0.0,0.0,0.0,0.0,0.0,0.0,0.0,0.0,0.0,0.0,0.0,0.0,0.0,0.0,0.0,0.0,0.0,0.0,0.0,0.0,0.0,0.0,0.0,0.0,1.0E-4,19840.0,9.55E25,2434.0,2462.0,335.9,204300.0,7750.0,4642.0,3085.0,7367.0,1843.0,0.4329,279.5,34.69,118.2,56.99,23.37,1.747,0.5289,3.469,2.42,0.134,0.004416,1651.0,58.2,66.5,8.847,35.39,0.02703,0.01176,0.4046,0.05879,0.002344,19.5,0.2878,1.336,3.695,7.201,0.8366,1.588,0.4435,0.8791,2.007,0.1146,0.0,0.0,0.0,0.0,0.0,0.0,0.0,0.0,0.0,0.0,0.0,0.5033,0.02241,0.9989,0.967,0.1968,1.908,1.574,0.9009,0.532,1.142,0.0804,7.716E-6,3.978E-6,3.161E-4,2.789E-4,2.966E-5,3.448E-4,2.127E-5,1.116E-5,6.552E-6,1.372E-5,1.091E-6,
0.0,0.0,0.0,0.0,0.0,0.0,0.0,0.0,0.0,0.0,0.0,0.0,0.0,0.0,0.0,0.0,0.0,0.0,0.0,0.0,0.0,0.0,2.8E-6,0.002106,0.02638,1.315,1.646,0.2659,0.9124,0.03562,0.01281,0.005155,0.008692,4.779E-4,0.0,0.0,0.0,0.0,0.0,0.0,0.0,0.0,0.0,0.0,0.0,0.0,0.0,0.0,0.0,0.0,0.0,0.0,0.0,0.0,0.0,0.0,2.287E-22,0.0,5.725,4.561,0.1831,3.544,0.004747,0.001385,0.00646,0.9738,0.001268,0.0,0.0,0.0,0.0,0.0,0.0,0.0,0.0,0.0,0.0,0.0,0.0,0.0,0.0,0.0,0.0,0.0,0.0,0.0,0.0,0.0,0.0,0.0,0.0,0.0,0.0,0.0,0.0,0.0,0.0,0.0,0.0,0.0,0.0,0.0,0.0,0.0,0.0,0.0,0.0,0.0,0.0,0.0,0.0,0.0,0.0,1.0E-4,19840.0,9.55E25,2434.0,2458.0,337.5,204300.0,7762.0,4637.0,2995.0,7473.0,1845.0,0.4329,279.5,34.69,117.6,57.51,23.37,1.72,0.6393,2.359,3.472,0.1313,0.004416,1651.0,58.2,66.38,8.958,35.39,0.02435,0.02538,0.2675,0.1881,0.002006,19.5,0.2878,1.336,3.687,7.204,0.8366,1.579,0.4669,0.644,2.233,0.1141,0.0,0.0,0.0,0.0,0.0,0.0,0.0,0.0,0.0,0.0,0.0,0.5033,0.02241,0.9989,0.9659,0.1975,1.908,1.577,0.8984,0.514,1.16,0.08026,7.716E-6,3.978E-6,3.161E-4,2.786E-4,2.994E-5,3.448E-4,2.125E-5,1.117E-5,6.339E-6,1.394E-5,1.089E-6,
0.0,0.0,0.0,0.0,0.0,0.0,0.0,0.0,0.0,0.0,0.0,0.0,0.0,0.0,0.0,0.0,0.0,0.0,0.0,0.0,0.0,0.0,2.8E-6,0.002106,0.02638,1.315,1.646,0.2659,0.9121,0.03561,0.01274,0.005167,0.008746,5.038E-4,0.0,0.0,0.0,0.0,0.0,0.0,0.0,0.0,0.0,0.0,0.0,0.0,0.0,0.0,0.0,0.0,0.0,0.0,0.0,0.0,0.0,0.0,2.286E-22,0.0,5.725,4.561,0.1832,3.544,0.004801,0.001401,0.006533,0.9735,0.001282,0.0,0.0,0.0,0.0,0.0,0.0,0.0,0.0,0.0,0.0,0.0,0.0,0.0,0.0,0.0,0.0,0.0,0.0,0.0,0.0,0.0,0.0,0.0,0.0,0.0,0.0,0.0,0.0,0.0,0.0,0.0,0.0,0.0,0.0,0.0,0.0,0.0,0.0,0.0,0.0,0.0,0.0,0.0,0.0,0.0,0.0,1.0E-4,19830.0,9.55E25,2433.0,2460.0,338.0,204300.0,7764.0,4614.0,3001.0,7584.0,2009.0,0.4329,279.5,34.69,117.6,57.51,23.37,1.72,0.6083,2.386,3.474,0.1315,0.004416,1651.0,58.2,66.38,8.958,35.39,0.02434,0.02171,0.2704,0.1887,0.00203,19.5,0.2878,1.336,3.687,7.205,0.8366,1.578,0.4594,0.6505,2.234,0.1143,0.0,0.0,0.0,0.0,0.0,0.0,0.0,0.0,0.0,0.0,0.0,0.5032,0.02241,0.9982,0.9666,0.1976,1.908,1.577,0.8935,0.515,1.162,0.0821,7.714E-6,3.978E-6,3.159E-4,2.787E-4,2.995E-5,3.447E-4,2.125E-5,1.111E-5,6.37E-6,1.395E-5,1.112E-6,
0.0,0.0,0.0,0.0,0.0,0.0,0.0,0.0,0.0,0.0,0.0,0.0,0.0,0.0,0.0,0.0,0.0,0.0,0.0,0.0,0.0,0.0,2.8E-6,0.002116,0.02638,1.315,1.646,0.2659,0.9118,0.03515,0.01293,0.005075,0.009154,4.392E-4,0.0,0.0,0.0,0.0,0.0,0.0,0.0,0.0,0.0,0.0,0.0,0.0,0.0,0.0,0.0,0.0,0.0,0.0,0.0,0.0,0.0,0.0,2.286E-22,0.0,5.725,4.561,0.1832,3.544,0.004801,0.001401,0.006533,0.9735,0.001282,0.0,0.0,0.0,0.0,0.0,0.0,0.0,0.0,0.0,0.0,0.0,0.0,0.0,0.0,0.0,0.0,0.0,0.0,0.0,0.0,0.0,0.0,0.0,0.0,0.0,0.0,0.0,0.0,0.0,0.0,0.0,0.0,0.0,0.0,0.0,0.0,0.0,0.0,0.0,0.0,0.0,0.0,0.0,0.0,0.0,0.0,1.0E-4,19840.0,9.55E25,2433.0,2460.0,338.1,204300.0,7722.0,4629.0,2856.0,7809.0,2013.0,0.4361,279.5,34.69,117.6,57.51,23.37,1.722,0.5559,3.487,2.427,0.1276,0.00443,1651.0,58.2,66.38,8.958,35.39,0.02826,0.01529,0.3954,0.06648,0.001983,19.5,0.2878,1.336,3.688,7.205,0.8366,1.556,0.448,0.9518,1.967,0.1108,0.0,0.0,0.0,0.0,0.0,0.0,0.0,0.0,0.0,0.0,0.0,0.5048,0.02241,0.9981,0.9665,0.1976,1.908,1.565,0.8972,0.4907,1.198,0.07685,7.733E-6,3.978E-6,3.159E-4,2.786E-4,2.995E-5,3.446E-4,2.109E-5,1.117E-5,6.085E-6,1.438E-5,1.048E-6,
0.0,0.0,0.0,0.0,0.0,0.0,0.0,0.0,0.0,0.0,0.0,0.0,0.0,0.0,0.0,0.0,0.0,0.0,0.0,0.0,0.0,0.0,2.8E-6,0.002116,0.02638,1.315,1.646,0.2659,0.9116,0.03527,0.01362,0.004182,0.009176,5.073E-4,0.0,0.0,0.0,0.0,0.0,0.0,0.0,0.0,0.0,0.0,0.0,0.0,0.0,0.0,0.0,0.0,0.0,0.0,0.0,0.0,0.0,0.0,2.286E-22,0.0,5.724,4.56,0.1798,3.544,0.003239,9.453E-4,0.001643,0.9833,0.002469,0.0,0.0,0.0,0.0,0.0,0.0,0.0,0.0,0.0,0.0,0.0,0.0,0.0,0.0,0.0,0.0,0.0,0.0,0.0,0.0,0.0,0.0,0.0,0.0,0.0,0.0,0.0,0.0,0.0,0.0,0.0,0.0,0.0,0.0,0.0,0.0,0.0,0.0,0.0,0.0,0.0,0.0,0.0,0.0,0.0,0.0,1.0E-4,19840.0,9.55E25,2432.0,2459.0,329.5,204300.0,7750.0,5020.0,2394.0,7862.0,2014.0,0.4361,279.5,34.69,117.6,57.51,23.37,1.728,2.903,1.121,2.434,0.1376,0.00443,1651.0,58.2,66.38,8.958,35.39,0.02855,0.2888,0.1211,0.06647,0.00229,19.5,0.2878,1.336,3.687,7.199,0.8366,1.56,1.047,0.3389,1.974,0.1186,0.0,0.0,0.0,0.0,0.0,0.0,0.0,0.0,0.0,0.0,0.0,0.5048,0.02241,0.998,0.9663,0.1961,1.908,1.571,0.9669,0.4085,1.2,0.08357,7.733E-6,3.978E-6,3.159E-4,2.786E-4,2.993E-5,3.446E-4,2.116E-5,1.2E-5,5.095E-6,1.441E-5,1.129E-6,
0.0,0.0,0.0,0.0,0.0,0.0,0.0,0.0,0.0,0.0,0.0,0.0,0.0,0.0,0.0,0.0,0.0,0.0,0.0,0.0,0.0,0.0,2.8E-6,0.002116,0.02638,1.293,1.646,0.2659,0.9332,0.03512,0.01368,0.00426,0.009165,5.173E-4,0.0,0.0,0.0,0.0,0.0,0.0,0.0,0.0,0.0,0.0,0.0,0.0,0.0,0.0,0.0,0.0,0.0,0.0,0.0,0.0,0.0,0.0,2.286E-22,0.0,5.724,4.561,0.1821,3.544,0.004277,0.001248,0.00217,0.9779,0.00326,0.0,0.0,0.0,0.0,0.0,0.0,0.0,0.0,0.0,0.0,0.0,0.0,0.0,0.0,0.0,0.0,0.0,0.0,0.0,0.0,0.0,0.0,0.0,0.0,0.0,0.0,0.0,0.0,0.0,0.0,0.0,0.0,0.0,0.0,0.0,0.0,0.0,0.0,0.0,0.0,0.0,0.0,0.0,0.0,0.0,0.0,1.0E-4,19840.0,9.55E25,2428.0,2460.0,338.3,204300.0,7730.0,5040.0,2401.0,7842.0,2016.0,0.4361,279.5,34.56,117.6,57.51,23.5,1.732,2.989,1.032,2.424,0.1392,0.00443,1651.0,57.58,66.38,8.959,36.0,0.03005,0.2982,0.1102,0.06611,0.00236,19.5,0.2878,1.331,3.688,7.203,0.8415,1.555,1.074,0.32,1.966,0.1198,0.0,0.0,0.0,0.0,0.0,0.0,0.0,0.0,0.0,0.0,0.0,0.5048,0.02241,0.9932,0.9665,0.1975,1.912,1.565,0.9705,0.4106,1.197,0.08447,7.733E-6,3.978E-6,3.15E-4,2.786E-4,2.995E-5,3.454E-4,2.109E-5,1.205E-5,5.122E-6,1.438E-5,1.14E-6,
0.0,0.0,0.0,0.0,0.0,0.0,0.0,0.0,0.0,0.0,0.0,0.0,0.0,0.0,0.0,0.0,0.0,0.0,0.0,0.0,0.0,0.0,2.8E-6,0.002116,0.02638,1.293,1.646,0.2659,0.933,0.03511,0.01327,0.004737,0.009158,4.334E-4,0.0,0.0,0.0,0.0,0.0,0.0,0.0,0.0,0.0,0.0,0.0,0.0,0.0,0.0,0.0,0.0,0.0,0.0,0.0,0.0,0.0,0.0,2.286E-22,0.0,5.988,4.602,0.1754,4.238,0.001175,3.429E-4,5.962E-4,0.9931,0.00169,0.0,0.0,0.0,0.0,0.0,0.0,0.0,0.0,0.0,0.0,0.0,0.0,0.0,0.0,0.0,0.0,0.0,0.0,0.0,0.0,0.0,0.0,0.0,0.0,0.0,0.0,0.0,0.0,0.0,0.0,0.0,0.0,0.0,0.0,0.0,0.0,0.0,0.0,0.0,0.0,0.0,0.0,0.0,0.0,0.0,0.0,1.0E-4,19840.0,9.55E25,2426.0,2470.0,322.4,204300.0,7696.0,4947.0,2544.0,7870.0,1980.0,0.4361,279.5,34.56,117.6,57.5,23.5,1.73,3.084,0.9468,2.437,0.1365,0.00443,1651.0,57.58,66.38,8.958,36.0,0.03055,0.3135,0.09618,0.06556,0.002306,19.5,0.2878,1.33,3.688,7.194,0.8415,1.549,1.071,0.3234,1.983,0.1175,0.0,0.0,0.0,0.0,0.0,0.0,0.0,0.0,0.0,0.0,0.0,0.5048,0.02241,0.9928,0.9687,0.1955,1.912,1.558,0.9504,0.441,1.2,0.07826,7.733E-6,3.978E-6,3.15E-4,2.786E-4,2.992E-5,3.453E-4,2.101E-5,1.18E-5,5.495E-6,1.441E-5,1.064E-6,
0.0,0.0,0.0,0.0,0.0,0.0,0.0,0.0,0.0,0.0,0.0,0.0,0.0,0.0,0.0,0.0,0.0,0.0,0.0,0.0,0.0,0.0,2.8E-6,0.002116,0.02638,1.292,1.647,0.2659,0.9325,0.03495,0.01363,0.004564,0.009118,4.338E-4,0.0,0.0,0.0,0.0,0.0,0.0,0.0,0.0,0.0,0.0,0.0,0.0,0.0,0.0,0.0,0.0,0.0,0.0,0.0,0.0,0.0,0.0,2.286E-22,0.0,5.989,4.603,0.1821,4.238,0.004274,0.001248,0.0123,0.9682,0.002771,0.0,0.0,0.0,0.0,0.0,0.0,0.0,0.0,0.0,0.0,0.0,0.0,0.0,0.0,0.0,0.0,0.0,0.0,0.0,0.0,0.0,0.0,0.0,0.0,0.0,0.0,0.0,0.0,0.0,0.0,0.0,0.0,0.0,0.0,0.0,0.0,0.0,0.0,0.0,0.0,0.0,0.0,0.0,0.0,0.0,0.0,1.0E-4,19840.0,9.55E25,2423.0,2474.0,342.4,204300.0,7693.0,5098.0,2446.0,7809.0,2003.0,0.4361,279.5,34.2,118.0,57.5,23.5,1.734,3.484,0.603,2.395,0.1336,0.00443,1651.0,57.56,66.4,8.957,36.0,0.03114,0.356,0.05638,0.06534,0.002069,19.5,0.2878,1.328,3.686,7.2,0.8415,1.55,1.199,0.2339,1.943,0.1165,0.0,0.0,0.0,0.0,0.0,0.0,0.0,0.0,0.0,0.0,0.0,0.5047,0.02241,0.9916,0.9696,0.1985,1.912,1.556,0.98,0.4201,1.192,0.07668,7.732E-6,3.978E-6,3.144E-4,2.792E-4,2.996E-5,3.453E-4,2.098E-5,1.215E-5,5.247E-6,1.432E-5,1.043E-6,
0.0,0.0,0.0,0.0,0.0,0.0,0.0,0.0,0.0,0.0,0.0,0.0,0.0,0.0,0.0,0.0,0.0,0.0,0.0,0.0,0.0,0.0,2.8E-6,0.002116,0.02638,1.292,1.647,0.2659,0.9322,0.03471,0.01386,0.004204,0.009489,4.273E-4,0.0,0.0,0.0,0.0,0.0,0.0,0.0,0.0,0.0,0.0,0.0,0.0,0.0,0.0,0.0,0.0,0.0,0.0,0.0,0.0,0.0,0.0,2.286E-22,0.0,5.988,4.602,0.1755,4.238,0.001211,3.534E-4,6.144E-4,0.9929,0.001742,0.0,0.0,0.0,0.0,0.0,0.0,0.0,0.0,0.0,0.0,0.0,0.0,0.0,0.0,0.0,0.0,0.0,0.0,0.0,0.0,0.0,0.0,0.0,0.0,0.0,0.0,0.0,0.0,0.0,0.0,0.0,0.0,0.0,0.0,0.0,0.0,0.0,0.0,0.0,0.0,0.0,0.0,0.0,0.0,0.0,0.0,1.0E-4,19840.0,9.55E25,2420.0,2479.0,325.5,204300.0,7681.0,5225.0,2175.0,7979.0,2003.0,0.4361,279.5,34.2,118.0,57.5,23.5,1.733,3.427,0.5868,2.452,0.1341,0.00443,1651.0,57.56,66.4,8.958,36.0,0.03223,0.3497,0.05406,0.06972,0.002155,19.5,0.2878,1.328,3.692,7.195,0.8415,1.542,1.182,0.2325,1.971,0.1165,0.0,0.0,0.0,0.0,0.0,0.0,0.0,0.0,0.0,0.0,0.0,0.5047,0.02241,0.9913,0.9708,0.1961,1.912,1.554,1.001,0.3724,1.223,0.07647,7.732E-6,3.978E-6,3.143E-4,2.792E-4,2.993E-5,3.452E-4,2.094E-5,1.241E-5,4.68E-6,1.469E-5,1.041E-6,
0.0,0.0,0.0,0.0,0.0,0.0,0.0,0.0,0.0,0.0,0.0,0.0,0.0,0.0,0.0,0.0,0.0,0.0,0.0,0.0,0.0,0.0,2.8E-6,0.002116,0.02638,1.291,1.647,0.2659,0.9319,0.03469,0.0139,0.004272,0.009351,4.412E-4,0.0,0.0,0.0,0.0,0.0,0.0,0.0,0.0,0.0,0.0,0.0,0.0,0.0,0.0,0.0,0.0,0.0,0.0,0.0,0.0,0.0,0.0,2.286E-22,0.0,5.989,4.603,0.1819,4.238,0.004196,0.001225,0.002129,0.9755,0.006036,0.0,0.0,0.0,0.0,0.0,0.0,0.0,0.0,0.0,0.0,0.0,0.0,0.0,0.0,0.0,0.0,0.0,0.0,0.0,0.0,0.0,0.0,0.0,0.0,0.0,0.0,0.0,0.0,0.0,0.0,0.0,0.0,0.0,0.0,0.0,0.0,0.0,0.0,0.0,0.0,0.0,0.0,0.0,0.0,0.0,0.0,1.0E-4,19840.0,9.55E25,2423.0,2482.0,350.8,204300.0,7691.0,5235.0,2202.0,7890.0,2045.0,0.4361,279.5,34.2,118.0,57.51,23.5,1.74,3.426,0.5891,2.422,0.1396,0.00443,1651.0,57.56,66.4,8.958,36.0,0.03276,0.349,0.05443,0.06873,0.002363,19.5,0.2878,1.328,3.693,7.204,0.8415,1.545,1.186,0.2324,1.948,0.1206,0.0,0.0,0.0,0.0,0.0,0.0,0.0,0.0,0.0,0.0,0.0,0.5047,0.02241,0.9916,0.9713,0.2,1.912,1.555,1.003,0.3775,1.208,0.07811,7.732E-6,3.978E-6,3.143E-4,2.792E-4,2.998E-5,3.451E-4,2.095E-5,1.243E-5,4.743E-6,1.452E-5,1.06E-6,
0.0,0.0,0.0,0.0,0.0,0.0,0.0,0.0,0.0,0.0,0.0,0.0,0.0,0.0,0.0,0.0,0.0,0.0,0.0,0.0,0.0,0.0,2.8E-6,0.002116,0.02638,1.291,1.647,0.2659,0.9316,0.03467,0.01401,0.00421,0.009409,4.07E-4,0.0,0.0,0.0,0.0,0.0,0.0,0.0,0.0,0.0,0.0,0.0,0.0,0.0,0.0,0.0,0.0,0.0,0.0,0.0,0.0,0.0,0.0,2.286E-22,0.0,5.988,4.602,0.1798,4.238,0.003201,9.343E-4,0.001624,0.9851,8.104E-4,0.0,0.0,0.0,0.0,0.0,0.0,0.0,0.0,0.0,0.0,0.0,0.0,0.0,0.0,0.0,0.0,0.0,0.0,0.0,0.0,0.0,0.0,0.0,0.0,0.0,0.0,0.0,0.0,0.0,0.0,0.0,0.0,0.0,0.0,0.0,0.0,0.0,0.0,0.0,0.0,0.0,0.0,0.0,0.0,0.0,0.0,1.0E-4,19840.0,9.55E25,2422.0,2473.0,335.3,204300.0,7684.0,5274.0,2179.0,7938.0,2013.0,0.4361,279.5,34.2,118.0,57.5,23.5,1.738,3.496,0.5598,2.434,0.1275,0.00443,1651.0,57.56,66.4,8.957,36.0,0.03266,0.3566,0.05119,0.06879,0.001828,19.5,0.2878,1.328,3.686,7.197,0.8415,1.543,1.208,0.2239,1.959,0.1121,0.0,0.0,0.0,0.0,0.0,0.0,0.0,0.0,0.0,0.0,0.0,0.5047,0.02241,0.9914,0.9695,0.1974,1.912,1.554,1.01,0.3725,1.216,0.0738,7.732E-6,3.978E-6,3.143E-4,2.791E-4,2.994E-5,3.451E-4,2.094E-5,1.252E-5,4.682E-6,1.46E-5,1.009E-6,
0.0,0.0,0.0,0.0,0.0,0.0,0.0,0.0,0.0,0.0,0.0,0.0,0.0,0.0,0.0,0.0,0.0,0.0,0.0,0.0,0.0,0.0,2.8E-6,0.002116,0.02638,1.29,1.648,0.2659,0.9314,0.03469,0.0139,0.004225,0.0094,4.128E-4,0.0,0.0,0.0,0.0,0.0,0.0,0.0,0.0,0.0,0.0,0.0,0.0,0.0,0.0,0.0,0.0,0.0,0.0,0.0,0.0,0.0,0.0,2.286E-22,0.0,5.988,4.603,0.1804,4.238,0.003492,0.001019,0.001772,0.9837,8.843E-4,0.0,0.0,0.0,0.0,0.0,0.0,0.0,0.0,0.0,0.0,0.0,0.0,0.0,0.0,0.0,0.0,0.0,0.0,0.0,0.0,0.0,0.0,0.0,0.0,0.0,0.0,0.0,0.0,0.0,0.0,0.0,0.0,0.0,0.0,0.0,0.0,0.0,0.0,0.0,0.0,0.0,0.0,0.0,0.0,0.0,0.0,1.0E-4,19850.0,9.55E25,2420.0,2491.0,348.1,204300.0,7688.0,5244.0,2184.0,7948.0,2135.0,0.4363,279.5,34.2,118.0,57.52,23.5,1.742,3.419,0.5699,2.436,0.1323,0.00443,1651.0,57.56,66.4,8.959,36.0,0.0331,0.3483,0.05242,0.06908,0.002348,19.5,0.2878,1.328,3.697,7.205,0.8415,1.545,1.183,0.2261,1.959,0.1137,0.0,0.0,0.0,0.0,0.0,0.0,0.0,0.0,0.0,0.0,0.0,0.5048,0.02241,0.9908,0.9732,0.1998,1.912,1.554,1.004,0.3735,1.214,0.07401,7.732E-6,3.978E-6,3.14E-4,2.794E-4,2.997E-5,3.45E-4,2.095E-5,1.245E-5,4.694E-6,1.459E-5,1.013E-6,
0.0,0.0,0.0,0.0,0.0,0.0,0.0,0.0,0.0,0.0,0.0,0.0,0.0,0.0,0.0,0.0,0.0,0.0,0.0,0.0,0.0,0.0,2.8E-6,0.002115,0.02638,1.29,1.648,0.2662,0.9313,0.03467,0.01405,0.00393,0.00959,4.233E-4,0.0,0.0,0.0,0.0,0.0,0.0,0.0,0.0,0.0,0.0,0.0,0.0,0.0,0.0,0.0,0.0,0.0,0.0,0.0,0.0,0.0,0.0,2.285E-22,0.0,5.988,4.602,0.1753,4.238,0.001152,3.362E-4,5.844E-4,0.9943,6.326E-4,0.0,0.0,0.0,0.0,0.0,0.0,0.0,0.0,0.0,0.0,0.0,0.0,0.0,0.0,0.0,0.0,0.0,0.0,0.0,0.0,0.0,0.0,0.0,0.0,0.0,0.0,0.0,0.0,0.0,0.0,0.0,0.0,0.0,0.0,0.0,0.0,0.0,0.0,0.0,0.0,0.0,0.0,0.0,0.0,0.0,0.0,1.0E-4,19840.0,9.55E25,2418.0,2488.0,330.6,204300.0,7678.0,5327.0,2059.0,8052.0,2265.0,0.4363,279.5,34.2,117.6,57.91,23.5,1.738,3.416,0.5648,2.459,0.1312,0.00443,1651.0,57.56,66.34,9.027,36.0,0.0332,0.3473,0.05152,0.07101,0.002528,19.5,0.2878,1.328,3.693,7.201,0.8415,1.541,1.187,0.2267,1.97,0.1116,0.0,0.0,0.0,0.0,0.0,0.0,0.0,0.0,0.0,0.0,0.0,0.5047,0.02241,0.9905,0.9726,0.1973,1.911,1.553,1.018,0.35,1.229,0.07447,7.731E-6,3.978E-6,3.14E-4,2.793E-4,3.003E-5,3.45E-4,2.093E-5,1.261E-5,4.409E-6,1.476E-5,1.019E-6,
0.0,0.0,0.0,0.0,0.0,0.0,0.0,0.0,0.0,0.0,0.0,0.0,0.0,0.0,0.0,0.0,0.0,0.0,0.0,0.0,0.0,0.0,2.8E-6,0.002115,0.02638,1.282,1.648,0.2662,0.939,0.03444,0.01424,0.003957,0.009619,4.231E-4,0.0,0.0,0.0,0.0,0.0,0.0,0.0,0.0,0.0,0.0,0.0,0.0,0.0,0.0,0.0,0.0,0.0,0.0,0.0,0.0,0.0,0.0,2.285E-22,0.0,6.107,5.012,0.1825,4.71,0.00445,0.001299,0.002258,0.9779,0.002444,0.0,0.0,0.0,0.0,0.0,0.0,0.0,0.0,0.0,0.0,0.0,0.0,0.0,0.0,0.0,0.0,0.0,0.0,0.0,0.0,0.0,0.0,0.0,0.0,0.0,0.0,0.0,0.0,0.0,0.0,0.0,0.0,0.0,0.0,0.0,0.0,0.0,0.0,0.0,0.0,0.0,0.0,0.0,0.0,0.0,0.0,1.0E-4,19840.0,9.55E25,2333.0,2478.0,347.2,204400.0,7685.0,5411.0,2003.0,8075.0,2216.0,0.4363,279.5,34.19,117.6,57.91,23.51,1.743,3.492,0.5537,2.43,0.1278,0.00443,1651.0,57.56,66.33,9.025,36.0,0.03425,0.354,0.04943,0.07061,0.002241,19.5,0.2878,1.328,3.684,7.204,0.8417,1.539,1.219,0.2289,1.944,0.1101,0.0,0.0,0.0,0.0,0.0,0.0,0.0,0.0,0.0,0.0,0.0,0.5047,0.02241,0.9795,0.9704,0.1994,1.923,1.553,1.033,0.3396,1.225,0.07362,7.731E-6,3.978E-6,3.108E-4,2.793E-4,3.006E-5,3.481E-4,2.092E-5,1.279E-5,4.291E-6,1.472E-5,1.009E-6,
0.0,0.0,0.0,0.0,0.0,0.0,0.0,0.0,0.0,0.0,0.0,0.0,0.0,0.0,0.0,0.0,0.0,0.0,0.0,0.0,0.0,0.0,2.8E-6,0.002148,0.02638,1.278,1.652,0.2662,0.9386,0.03428,0.01424,0.004063,0.009592,4.237E-4,0.0,0.0,0.0,0.0,0.0,0.0,0.0,0.0,0.0,0.0,0.0,0.0,0.0,0.0,0.0,0.0,0.0,0.0,0.0,0.0,0.0,0.0,2.285E-22,0.0,6.107,5.012,0.1825,4.71,0.00445,0.001299,0.002258,0.9779,0.002444,0.0,0.0,0.0,0.0,0.0,0.0,0.0,0.0,0.0,0.0,0.0,0.0,0.0,0.0,0.0,0.0,0.0,0.0,0.0,0.0,0.0,0.0,0.0,0.0,0.0,0.0,0.0,0.0,0.0,0.0,0.0,0.0,0.0,0.0,0.0,0.0,0.0,0.0,0.0,0.0,0.0,0.0,0.0,0.0,0.0,0.0,1.0E-4,19870.0,9.55E25,2312.0,2510.0,354.1,204400.0,7676.0,5395.0,2036.0,8053.0,2184.0,0.4456,279.5,34.17,117.6,57.92,23.51,1.749,3.448,0.5566,2.434,0.1212,0.004551,1651.0,57.44,66.45,9.026,36.0,0.03571,0.3489,0.04956,0.07085,0.002424,19.51,0.2878,1.327,3.69,7.208,0.8417,1.536,1.208,0.2309,1.946,0.1026,0.0,0.0,0.0,0.0,0.0,0.0,0.0,0.0,0.0,0.0,0.0,0.5095,0.02241,0.9783,0.9737,0.2008,1.923,1.551,1.029,0.3456,1.22,0.0689,7.787E-6,3.978E-6,3.105E-4,2.796E-4,3.007E-5,3.481E-4,2.089E-5,1.275E-5,4.365E-6,1.467E-5,9.559E-7,
0.0,0.0,0.0,0.0,0.0,0.0,0.0,0.0,0.0,0.0,0.0,0.0,0.0,0.0,0.0,0.0,0.0,0.0,0.0,0.0,0.0,0.0,2.8E-6,0.002148,0.02638,1.278,1.652,0.2662,0.9385,0.03429,0.01412,0.00414,0.009583,4.606E-4,0.0,0.0,0.0,0.0,0.0,0.0,0.0,0.0,0.0,0.0,0.0,0.0,0.0,0.0,0.0,0.0,0.0,0.0,0.0,0.0,0.0,0.0,2.285E-22,0.0,6.107,5.012,0.1825,4.71,0.00445,0.001299,0.002258,0.9779,0.002444,0.0,0.0,0.0,0.0,0.0,0.0,0.0,0.0,0.0,0.0,0.0,0.0,0.0,0.0,0.0,0.0,0.0,0.0,0.0,0.0,0.0,0.0,0.0,0.0,0.0,0.0,0.0,0.0,0.0,0.0,0.0,0.0,0.0,0.0,0.0,0.0,0.0,0.0,0.0,0.0,0.0,0.0,0.0,0.0,0.0,0.0,1.0E-4,19870.0,9.55E25,2310.0,2513.0,355.0,204400.0,7685.0,5355.0,2064.0,8049.0,2335.0,0.4456,279.5,34.12,117.7,57.92,23.51,1.755,3.436,0.5579,2.434,0.123,0.004551,1651.0,57.18,66.72,9.026,36.0,0.03609,0.3476,0.04978,0.07101,0.002642,19.51,0.2878,1.325,3.693,7.208,0.8417,1.538,1.204,0.2309,1.946,0.1031,0.0,0.0,0.0,0.0,0.0,0.0,0.0,0.0,0.0,0.0,0.0,0.5094,0.02241,0.9758,0.9764,0.201,1.922,1.553,1.02,0.3508,1.219,0.07147,7.786E-6,3.978E-6,3.096E-4,2.804E-4,3.008E-5,3.48E-4,2.091E-5,1.265E-5,4.429E-6,1.465E-5,9.876E-7,
0.0,0.0,0.0,0.0,0.0,0.0,0.0,0.0,0.0,0.0,0.0,0.0,0.0,0.0,0.0,0.0,0.0,0.0,0.0,0.0,0.0,0.0,2.8E-6,0.002148,0.02638,1.277,1.65,0.2683,0.9382,0.03424,0.01409,0.004157,0.009613,5.101E-4,0.0,0.0,0.0,0.0,0.0,0.0,0.0,0.0,0.0,0.0,0.0,0.0,0.0,0.0,0.0,0.0,0.0,0.0,0.0,0.0,0.0,0.0,2.285E-22,0.0,6.106,5.011,0.1752,4.71,0.00107,3.122E-4,0.001678,0.9925,0.001602,0.0,0.0,0.0,0.0,0.0,0.0,0.0,0.0,0.0,0.0,0.0,0.0,0.0,0.0,0.0,0.0,0.0,0.0,0.0,0.0,0.0,0.0,0.0,0.0,0.0,0.0,0.0,0.0,0.0,0.0,0.0,0.0,0.0,0.0,0.0,0.0,0.0,0.0,0.0,0.0,0.0,0.0,0.0,0.0,0.0,0.0,1.0E-4,19870.0,9.55E25,2306.0,2516.0,334.2,204400.0,7680.0,5322.0,2090.0,8080.0,2337.0,0.4456,279.5,34.12,116.1,59.45,23.51,1.757,3.41,0.5528,2.457,0.1306,0.004551,1651.0,57.18,66.67,9.073,36.0,0.03714,0.3446,0.04876,0.07263,0.003078,19.51,0.2878,1.324,3.643,7.25,0.8417,1.534,1.198,0.2322,1.958,0.1078,0.0,0.0,0.0,0.0,0.0,0.0,0.0,0.0,0.0,0.0,0.0,0.5094,0.02241,0.9704,0.9782,0.2013,1.922,1.553,1.014,0.3546,1.22,0.077,7.786E-6,3.978E-6,3.093E-4,2.804E-4,3.029E-5,3.48E-4,2.09E-5,1.257E-5,4.474E-6,1.466E-5,1.054E-6,
0.0,0.0,0.0,0.0,0.0,0.0,0.0,0.0,0.0,0.0,0.0,0.0,0.0,0.0,0.0,0.0,0.0,0.0,0.0,0.0,0.0,0.0,2.8E-6,0.002148,0.02638,1.277,1.649,0.2683,0.9379,0.03425,0.01375,0.004596,0.00942,5.795E-4,0.0,0.0,0.0,0.0,0.0,0.0,0.0,0.0,0.0,0.0,0.0,0.0,0.0,0.0,0.0,0.0,0.0,0.0,0.0,0.0,0.0,0.0,2.285E-22,0.0,6.106,5.012,0.1796,4.71,0.00313,9.137E-4,0.05538,0.9303,0.002096,0.0,0.0,0.0,0.0,0.0,0.0,0.0,0.0,0.0,0.0,0.0,0.0,0.0,0.0,0.0,0.0,0.0,0.0,0.0,0.0,0.0,0.0,0.0,0.0,0.0,0.0,0.0,0.0,0.0,0.0,0.0,0.0,0.0,0.0,0.0,0.0,0.0,0.0,0.0,0.0,0.0,0.0,0.0,0.0,0.0,0.0,1.0E-4,19870.0,9.55E25,2307.0,2516.0,347.4,204400.0,7701.0,5186.0,2389.0,7860.0,2359.0,0.4456,279.5,34.12,116.1,59.45,23.51,1.782,3.289,0.6645,2.389,0.1743,0.004551,1651.0,57.18,66.67,9.073,36.0,0.03956,0.3317,0.05268,0.0744,0.007608,19.51,0.2878,1.325,3.644,7.257,0.8417,1.543,1.159,0.3176,1.88,0.1225,0.0,0.0,0.0,0.0,0.0,0.0,0.0,0.0,0.0,0.0,0.0,0.5094,0.02241,0.9706,0.9783,0.2033,1.922,1.557,0.9874,0.4023,1.188,0.08154,7.786E-6,3.978E-6,3.093E-4,2.804E-4,3.032E-5,3.479E-4,2.094E-5,1.225E-5,5.046E-6,1.429E-5,1.109E-6,
0.0,0.0,0.0,0.0,0.0,0.0,0.0,0.0,0.0,0.0,0.0,0.0,0.0,0.0,0.0,0.0,0.0,0.0,0.0,0.0,0.0,0.0,2.8E-6,0.002148,0.02638,1.277,1.649,0.2683,0.9373,0.03423,0.01384,0.004444,0.009531,5.573E-4,0.0,0.0,0.0,0.0,0.0,0.0,0.0,0.0,0.0,0.0,0.0,0.0,0.0,0.0,0.0,0.0,0.0,0.0,0.0,0.0,0.0,0.0,2.285E-22,0.0,6.107,5.012,0.183,4.71,0.00468,0.001366,0.02119,0.9574,0.003134,0.0,0.0,0.0,0.0,0.0,0.0,0.0,0.0,0.0,0.0,0.0,0.0,0.0,0.0,0.0,0.0,0.0,0.0,0.0,0.0,0.0,0.0,0.0,0.0,0.0,0.0,0.0,0.0,0.0,0.0,0.0,0.0,0.0,0.0,0.0,0.0,0.0,0.0,0.0,0.0,0.0,0.0,0.0,0.0,0.0,0.0,1.0E-4,19870.0,9.55E25,2305.0,2513.0,354.3,204400.0,7706.0,5224.0,2249.0,7965.0,2376.0,0.4456,279.5,34.08,116.2,59.45,23.51,1.781,3.33,0.611,2.424,0.1632,0.004551,1651.0,56.94,66.91,9.073,36.0,0.03953,0.3356,0.05162,0.07452,0.006288,19.51,0.2878,1.323,3.643,7.259,0.8417,1.543,1.175,0.2716,1.914,0.1198,0.0,0.0,0.0,0.0,0.0,0.0,0.0,0.0,0.0,0.0,0.0,0.5094,0.02241,0.9685,0.9792,0.2042,1.922,1.556,0.9942,0.3818,1.204,0.0802,7.786E-6,3.978E-6,3.085E-4,2.811E-4,3.033E-5,3.478E-4,2.094E-5,1.233E-5,4.801E-6,1.447E-5,1.093E-6,
0.0,0.0,0.0,0.0,0.0,0.0,0.0,0.0,0.0,0.0,0.0,0.0,0.0,0.0,0.0,0.0,0.0,0.0,0.0,0.0,0.0,0.0,2.8E-6,0.002148,0.02638,1.277,1.649,0.2683,0.9369,0.03421,0.01422,0.003803,0.009833,5.502E-4,0.0,0.0,0.0,0.0,0.0,0.0,0.0,0.0,0.0,0.0,0.0,0.0,0.0,0.0,0.0,0.0,0.0,0.0,0.0,0.0,0.0,0.0,2.285E-22,0.0,6.106,5.012,0.1799,4.71,0.003252,9.491E-4,0.003927,0.9821,0.001266,0.0,0.0,0.0,0.0,0.0,0.0,0.0,0.0,0.0,0.0,0.0,0.0,0.0,0.0,0.0,0.0,0.0,0.0,0.0,0.0,0.0,0.0,0.0,0.0,0.0,0.0,0.0,0.0,0.0,0.0,0.0,0.0,0.0,0.0,0.0,0.0,0.0,0.0,0.0,0.0,0.0,0.0,0.0,0.0,0.0,0.0,1.0E-4,19870.0,9.55E25,2304.0,2512.0,345.1,204400.0,7719.0,5385.0,1950.0,8129.0,2347.0,0.4456,279.5,34.08,116.2,59.45,23.51,1.786,3.349,0.5444,2.471,0.1633,0.004551,1651.0,56.94,66.91,9.073,36.0,0.04065,0.3362,0.04701,0.07714,0.006517,19.51,0.2878,1.323,3.643,7.255,0.8417,1.541,1.189,0.2349,1.944,0.1185,0.0,0.0,0.0,0.0,0.0,0.0,0.0,0.0,0.0,0.0,0.0,0.5094,0.02241,0.9683,0.9792,0.2028,1.922,1.558,1.023,0.3291,1.229,0.07848,7.786E-6,3.978E-6,3.085E-4,2.811E-4,3.031E-5,3.478E-4,2.096E-5,1.268E-5,4.162E-6,1.478E-5,1.073E-6,
0.0,0.0,0.0,0.0,0.0,0.0,0.0,0.0,0.0,0.0,0.0,0.0,0.0,0.0,0.0,0.0,0.0,0.0,0.0,0.0,0.0,0.0,2.8E-6,0.002148,0.02638,1.243,1.65,0.2683,0.97,0.03425,0.01429,0.00368,0.009904,5.209E-4,0.0,0.0,0.0,0.0,0.0,0.0,0.0,0.0,0.0,0.0,0.0,0.0,0.0,0.0,0.0,0.0,0.0,0.0,0.0,0.0,0.0,0.0,2.285E-22,0.0,4.018,5.012,0.1822,6.799,0.004315,0.001259,0.005212,0.9769,0.001076,0.0,0.0,0.0,0.0,0.0,0.0,0.0,0.0,0.0,0.0,0.0,0.0,0.0,0.0,0.0,0.0,0.0,0.0,0.0,0.0,0.0,0.0,0.0,0.0,0.0,0.0,0.0,0.0,0.0,0.0,0.0,0.0,0.0,0.0,0.0,0.0,0.0,0.0,0.0,0.0,0.0,0.0,0.0,0.0,0.0,0.0,1.0E-4,19870.0,9.55E25,2294.0,2633.0,347.3,204300.0,7742.0,5425.0,1900.0,8131.0,2339.0,0.4456,279.5,31.0,116.1,59.44,26.6,1.787,3.431,0.5295,2.446,0.1428,0.004551,1651.0,55.51,66.79,9.072,37.55,0.0409,0.344,0.04485,0.07623,0.004339,19.51,0.2878,1.293,3.637,7.254,0.8728,1.54,1.222,0.234,1.925,0.1119,0.0,0.0,0.0,0.0,0.0,0.0,0.0,0.0,0.0,0.0,0.0,0.5094,0.02241,0.931,0.9775,0.2028,1.959,1.562,1.03,0.3193,1.231,0.07684,7.786E-6,3.978E-6,2.952E-4,2.81E-4,3.031E-5,3.611E-4,2.101E-5,1.277E-5,4.041E-6,1.481E-5,1.052E-6,
0.0,0.0,0.0,0.0,0.0,0.0,0.0,0.0,0.0,0.0,0.0,0.0,0.0,0.0,0.0,0.0,0.0,0.0,0.0,0.0,0.0,0.0,2.8E-6,0.002148,0.02638,1.243,1.65,0.2683,0.9697,0.03427,0.01414,0.003687,0.009943,5.515E-4,0.0,0.0,0.0,0.0,0.0,0.0,0.0,0.0,0.0,0.0,0.0,0.0,0.0,0.0,0.0,0.0,0.0,0.0,0.0,0.0,0.0,0.0,2.285E-22,0.0,4.018,5.012,0.1827,6.799,0.004555,0.00133,0.005502,0.9756,0.001136,0.0,0.0,0.0,0.0,0.0,0.0,0.0,0.0,0.0,0.0,0.0,0.0,0.0,0.0,0.0,0.0,0.0,0.0,0.0,0.0,0.0,0.0,0.0,0.0,0.0,0.0,0.0,0.0,0.0,0.0,0.0,0.0,0.0,0.0,0.0,0.0,0.0,0.0,0.0,0.0,0.0,0.0,0.0,0.0,0.0,0.0,1.0E-4,19870.0,9.55E25,2294.0,2644.0,356.2,204300.0,7752.0,5377.0,1896.0,8196.0,2358.0,0.4456,279.5,31.01,116.2,59.45,26.6,1.8,3.348,0.5324,2.465,0.1618,0.004551,1651.0,55.51,66.79,9.073,37.55,0.0422,0.3353,0.0452,0.07821,0.006512,19.51,0.2878,1.293,3.643,7.259,0.8728,1.545,1.193,0.236,1.932,0.1171,0.0,0.0,0.0,0.0,0.0,0.0,0.0,0.0,0.0,0.0,0.0,0.5094,0.02241,0.931,0.9796,0.2045,1.959,1.564,1.02,0.3192,1.234,0.07838,7.785E-6,3.978E-6,2.952E-4,2.81E-4,3.033E-5,3.61E-4,2.103E-5,1.265E-5,4.026E-6,1.485E-5,1.072E-6,
0.0,0.0,0.0,0.0,0.0,0.0,0.0,0.0,0.0,0.0,0.0,0.0,0.0,0.0,0.0,0.0,0.0,0.0,0.0,0.0,0.0,0.0,2.8E-6,0.002148,0.02638,1.243,1.649,0.2688,0.9695,0.03388,0.01415,0.004007,0.009945,5.784E-4,0.0,0.0,0.0,0.0,0.0,0.0,0.0,0.0,0.0,0.0,0.0,0.0,0.0,0.0,0.0,0.0,0.0,0.0,0.0,0.0,0.0,0.0,2.285E-22,0.0,4.018,5.012,0.1827,6.799,0.004555,0.00133,0.005502,0.9756,0.001136,0.0,0.0,0.0,0.0,0.0,0.0,0.0,0.0,0.0,0.0,0.0,0.0,0.0,0.0,0.0,0.0,0.0,0.0,0.0,0.0,0.0,0.0,0.0,0.0,0.0,0.0,0.0,0.0,0.0,0.0,0.0,0.0,0.0,0.0,0.0,0.0,0.0,0.0,0.0,0.0,0.0,0.0,0.0,0.0,0.0,0.0,1.0E-4,19870.0,9.55E25,2294.0,2649.0,362.5,204300.0,7681.0,5315.0,2013.0,8192.0,2367.0,0.4456,279.5,31.01,116.1,59.54,26.6,1.807,3.303,0.5337,2.474,0.1745,0.004551,1651.0,55.51,66.75,9.109,37.55,0.04492,0.3296,0.04414,0.07935,0.007791,19.51,0.2878,1.293,3.645,7.262,0.8728,1.535,1.185,0.244,1.933,0.1215,0.0,0.0,0.0,0.0,0.0,0.0,0.0,0.0,0.0,0.0,0.0,0.5094,0.02241,0.9309,0.9805,0.2059,1.959,1.548,1.009,0.3414,1.234,0.08037,7.785E-6,3.978E-6,2.951E-4,2.808E-4,3.051E-5,3.609E-4,2.083E-5,1.254E-5,4.298E-6,1.484E-5,1.096E-6,
0.0,0.0,0.0,0.0,0.0,0.0,0.0,0.0,0.0,0.0,0.0,0.0,0.0,0.0,0.0,0.0,0.0,0.0,0.0,0.0,0.0,0.0,2.8E-6,0.002148,0.02638,1.242,1.654,0.2652,0.969,0.03387,0.01419,0.003964,0.009952,5.785E-4,0.0,0.0,0.0,0.0,0.0,0.0,0.0,0.0,0.0,0.0,0.0,0.0,0.0,0.0,0.0,0.0,0.0,0.0,0.0,0.0,0.0,0.0,2.285E-22,0.0,4.018,5.012,0.1828,6.799,0.004605,0.001344,0.005562,0.9753,0.001148,0.0,0.0,0.0,0.0,0.0,0.0,0.0,0.0,0.0,0.0,0.0,0.0,0.0,0.0,0.0,0.0,0.0,0.0,0.0,0.0,0.0,0.0,0.0,0.0,0.0,0.0,0.0,0.0,0.0,0.0,0.0,0.0,0.0,0.0,0.0,0.0,0.0,0.0,0.0,0.0,0.0,0.0,0.0,0.0,0.0,0.0,1.0E-4,19870.0,9.55E25,2278.0,2657.0,369.2,204300.0,7696.0,5317.0,1997.0,8190.0,2367.0,0.4456,279.5,34.62,118.7,53.33,26.6,1.81,3.302,0.5323,2.473,0.1745,0.004551,1651.0,53.54,68.06,9.775,37.55,0.04526,0.3292,0.04412,0.07934,0.007792,19.51,0.2878,1.419,3.727,7.054,0.8728,1.535,1.186,0.2426,1.932,0.1216,0.0,0.0,0.0,0.0,0.0,0.0,0.0,0.0,0.0,0.0,0.0,0.5094,0.02241,0.9374,0.9845,0.1954,1.959,1.551,1.009,0.3379,1.234,0.08039,7.785E-6,3.978E-6,2.917E-4,2.828E-4,3.2E-5,3.609E-4,2.086E-5,1.254E-5,4.256E-6,1.484E-5,1.096E-6,
0.0,0.0,0.0,0.0,0.0,0.0,0.0,0.0,0.0,0.0,0.0,0.0,0.0,0.0,0.0,0.0,0.0,0.0,0.0,0.0,0.0,0.0,2.8E-6,0.002148,0.02638,1.241,1.653,0.266,0.9685,0.03388,0.01417,0.003979,0.009943,6.203E-4,0.0,0.0,0.0,0.0,0.0,0.0,0.0,0.0,0.0,0.0,0.0,0.0,0.0,0.0,0.0,0.0,0.0,0.0,0.0,0.0,0.0,0.0,2.285E-22,0.0,4.017,5.011,0.1752,6.799,0.001077,3.144E-4,0.01918,0.9761,5.264E-4,0.0,0.0,0.0,0.0,0.0,0.0,0.0,0.0,0.0,0.0,0.0,0.0,0.0,0.0,0.0,0.0,0.0,0.0,0.0,0.0,0.0,0.0,0.0,0.0,0.0,0.0,0.0,0.0,0.0,0.0,0.0,0.0,0.0,0.0,0.0,0.0,0.0,0.0,0.0,0.0,0.0,0.0,0.0,0.0,0.0,0.0,1.0E-4,19870.0,9.55E25,2273.0,2655.0,346.6,204300.0,7690.0,5316.0,2070.0,8187.0,2334.0,0.4456,279.5,34.62,118.2,53.82,26.6,1.809,3.296,0.545,2.473,0.1841,0.004551,1651.0,53.54,68.02,9.813,37.55,0.04572,0.3288,0.04223,0.08132,0.008055,19.51,0.2878,1.418,3.721,7.048,0.8728,1.531,1.183,0.267,1.919,0.1293,0.0,0.0,0.0,0.0,0.0,0.0,0.0,0.0,0.0,0.0,0.0,0.5094,0.02241,0.936,0.984,0.1925,1.958,1.55,1.009,0.3471,1.226,0.08588,7.785E-6,3.978E-6,2.913E-4,2.827E-4,3.233E-5,3.607E-4,2.085E-5,1.253E-5,4.362E-6,1.474E-5,1.161E-6,
0.0,0.0,0.0,0.0,0.0,0.0,0.0,0.0,0.0,0.0,0.0,0.0,0.0,0.0,0.0,0.0,0.0,0.0,0.0,0.0,0.0,0.0,2.8E-6,0.002148,0.02638,1.241,1.653,0.266,0.9682,0.03387,0.01432,0.00403,0.009838,5.865E-4,0.0,0.0,0.0,0.0,0.0,0.0,0.0,0.0,0.0,0.0,0.0,0.0,0.0,0.0,0.0,0.0,0.0,0.0,0.0,0.0,0.0,0.0,2.285E-22,0.0,3.911,5.118,0.1751,6.799,0.001018,2.971E-4,0.03501,0.9604,6.073E-4,0.0,0.0,0.0,0.0,0.0,0.0,0.0,0.0,0.0,0.0,0.0,0.0,0.0,0.0,0.0,0.0,0.0,0.0,0.0,0.0,0.0,0.0,0.0,0.0,0.0,0.0,0.0,0.0,0.0,0.0,0.0,0.0,0.0,0.0,0.0,0.0,0.0,0.0,0.0,0.0,0.0,0.0,0.0,0.0,0.0,0.0,1.0E-4,19870.0,9.55E25,2262.0,2657.0,340.3,204300.0,7686.0,5366.0,2159.0,8090.0,2310.0,0.4456,279.5,34.6,118.2,53.82,26.6,1.803,3.357,0.5616,2.432,0.1725,0.004551,1651.0,53.54,68.02,9.813,37.55,0.0452,0.335,0.04152,0.07975,0.00661,19.51,0.2878,1.418,3.718,7.046,0.8728,1.529,1.204,0.2877,1.889,0.1269,0.0,0.0,0.0,0.0,0.0,0.0,0.0,0.0,0.0,0.0,0.0,0.5094,0.02241,0.9324,0.9857,0.1912,1.958,1.55,1.019,0.3582,1.211,0.0833,7.785E-6,3.978E-6,2.899E-4,2.84E-4,3.231E-5,3.607E-4,2.084E-5,1.266E-5,4.493E-6,1.457E-5,1.13E-6,
0.0,0.0,0.0,0.0,0.0,0.0,0.0,0.0,0.0,0.0,0.0,0.0,0.0,0.0,0.0,0.0,0.0,0.0,0.0,0.0,0.0,0.0,2.8E-6,0.002148,0.02638,1.241,1.653,0.2666,0.968,0.03376,0.01458,0.003833,0.009947,5.195E-4,0.0,0.0,0.0,0.0,0.0,0.0,0.0,0.0,0.0,0.0,0.0,0.0,0.0,0.0,0.0,0.0,0.0,0.0,0.0,0.0,0.0,0.0,2.285E-22,0.0,3.911,5.119,0.1823,6.799,0.004364,0.001274,0.003604,0.9768,0.002604,0.0,0.0,0.0,0.0,0.0,0.0,0.0,0.0,0.0,0.0,0.0,0.0,0.0,0.0,0.0,0.0,0.0,0.0,0.0,0.0,0.0,0.0,0.0,0.0,0.0,0.0,0.0,0.0,0.0,0.0,0.0,0.0,0.0,0.0,0.0,0.0,0.0,0.0,0.0,0.0,0.0,0.0,0.0,0.0,0.0,0.0,1.0E-4,19870.0,9.55E25,2264.0,2649.0,360.2,204300.0,7683.0,5451.0,1984.0,8204.0,2276.0,0.4456,279.5,34.6,118.2,53.82,26.6,1.799,3.455,0.5063,2.437,0.1406,0.004551,1651.0,53.54,68.02,9.812,37.55,0.04498,0.344,0.03981,0.07824,0.003392,19.51,0.2878,1.419,3.713,7.052,0.8728,1.526,1.244,0.2441,1.904,0.1158,0.0,0.0,0.0,0.0,0.0,0.0,0.0,0.0,0.0,0.0,0.0,0.5094,0.02241,0.9327,0.9838,0.1941,1.958,1.548,1.037,0.3317,1.226,0.0774,7.785E-6,3.978E-6,2.899E-4,2.839E-4,3.247E-5,3.606E-4,2.081E-5,1.287E-5,4.178E-6,1.475E-5,1.06E-6,
0.0,0.0,0.0,0.0,0.0,0.0,0.0,0.0,0.0,0.0,0.0,0.0,0.0,0.0,0.0,0.0,0.0,0.0,0.0,0.0,0.0,0.0,2.8E-6,0.002148,0.02638,1.241,1.653,0.2666,0.9678,0.03374,0.01459,0.003786,0.009976,5.592E-4,0.0,0.0,0.0,0.0,0.0,0.0,0.0,0.0,0.0,0.0,0.0,0.0,0.0,0.0,0.0,0.0,0.0,0.0,0.0,0.0,0.0,0.0,2.285E-22,0.0,3.911,5.119,0.1826,6.799,0.004504,0.001315,0.00372,0.976,0.002687,0.0,0.0,0.0,0.0,0.0,0.0,0.0,0.0,0.0,0.0,0.0,0.0,0.0,0.0,0.0,0.0,0.0,0.0,0.0,0.0,0.0,0.0,0.0,0.0,0.0,0.0,0.0,0.0,0.0,0.0,0.0,0.0,0.0,0.0,0.0,0.0,0.0,0.0,0.0,0.0,0.0,0.0,0.0,0.0,0.0,0.0,1.0E-4,19870.0,9.55E25,2264.0,2648.0,360.8,204300.0,7689.0,5450.0,1961.0,8213.0,2285.0,0.4456,279.5,34.6,118.2,53.82,26.6,1.809,3.436,0.5011,2.441,0.1505,0.004551,1651.0,53.54,68.02,9.812,37.55,0.04633,0.3419,0.0392,0.0787,0.004386,19.51,0.2878,1.419,3.713,7.052,0.8728,1.528,1.239,0.2428,1.905,0.1194,0.0,0.0,0.0,0.0,0.0,0.0,0.0,0.0,0.0,0.0,0.0,0.5094,0.02241,0.9327,0.9836,0.1942,1.958,1.548,1.036,0.3277,1.227,0.08018,7.785E-6,3.978E-6,2.898E-4,2.838E-4,3.247E-5,3.606E-4,2.082E-5,1.286E-5,4.13E-6,1.477E-5,1.095E-6,
0.0,0.0,0.0,0.0,0.0,0.0,0.0,0.0,0.0,0.0,0.0,0.0,0.0,0.0,0.0,0.0,0.0,0.0,0.0,0.0,0.0,0.0,2.8E-6,0.002147,0.02638,1.241,1.652,0.2671,0.9676,0.03374,0.01452,0.003858,0.009967,5.597E-4,0.0,0.0,0.0,0.0,0.0,0.0,0.0,0.0,0.0,0.0,0.0,0.0,0.0,0.0,0.0,0.0,0.0,0.0,0.0,0.0,0.0,0.0,2.285E-22,0.0,3.911,5.119,0.1827,6.799,0.004552,0.001329,0.00376,0.9758,0.002716,0.0,0.0,0.0,0.0,0.0,0.0,0.0,0.0,0.0,0.0,0.0,0.0,0.0,0.0,0.0,0.0,0.0,0.0,0.0,0.0,0.0,0.0,0.0,0.0,0.0,0.0,0.0,0.0,0.0,0.0,0.0,0.0,0.0,0.0,0.0,0.0,0.0,0.0,0.0,0.0,0.0,0.0,0.0,0.0,0.0,0.0,1.0E-4,19870.0,9.55E25,2264.0,2647.0,362.5,204300.0,7694.0,5429.0,1984.0,8226.0,2305.0,0.4456,279.5,34.6,117.8,54.2,26.6,1.813,3.421,0.5157,2.438,0.1506,0.004551,1651.0,53.54,67.89,9.944,37.55,0.04665,0.3399,0.04093,0.0786,0.004393,19.51,0.2878,1.419,3.709,7.056,0.8728,1.529,1.236,0.2463,1.903,0.1194,0.0,0.0,0.0,0.0,0.0,0.0,0.0,0.0,0.0,0.0,0.0,0.5093,0.02241,0.9327,0.983,0.1949,1.958,1.549,1.031,0.3323,1.226,0.08023,7.785E-6,3.978E-6,2.898E-4,2.836E-4,3.272E-5,3.605E-4,2.083E-5,1.281E-5,4.187E-6,1.476E-5,1.095E-6,
0.0,0.0,0.0,0.0,0.0,0.0,0.0,0.0,0.0,0.0,0.0,0.0,0.0,0.0,0.0,0.0,0.0,0.0,0.0,0.0,0.0,0.0,2.8E-6,0.002157,0.02638,1.216,1.652,0.2671,0.9914,0.03371,0.01494,0.003277,0.01005,6.041E-4,0.0,0.0,0.0,0.0,0.0,0.0,0.0,0.0,0.0,0.0,0.0,0.0,0.0,0.0,0.0,0.0,0.0,0.0,0.0,0.0,0.0,0.0,2.285E-22,0.0,3.911,5.118,0.1798,6.799,0.003208,9.364E-4,0.003622,0.9812,0.002621,0.0,0.0,0.0,0.0,0.0,0.0,0.0,0.0,0.0,0.0,0.0,0.0,0.0,0.0,0.0,0.0,0.0,0.0,0.0,0.0,0.0,0.0,0.0,0.0,0.0,0.0,0.0,0.0,0.0,0.0,0.0,0.0,0.0,0.0,0.0,0.0,0.0,0.0,0.0,0.0,0.0,0.0,0.0,0.0,0.0,0.0,1.0E-4,19880.0,9.55E25,2258.0,2662.0,361.0,204300.0,7711.0,5685.0,1725.0,8186.0,2305.0,0.4487,279.5,34.46,117.8,54.21,26.74,1.828,3.289,0.5216,2.483,0.1753,0.004564,1651.0,52.86,67.89,9.945,38.23,0.0487,0.3243,0.04206,0.08415,0.007088,19.51,0.2878,1.413,3.718,7.058,0.8783,1.531,1.204,0.2451,1.913,0.1269,0.0,0.0,0.0,0.0,0.0,0.0,0.0,0.0,0.0,0.0,0.0,0.5109,0.02241,0.9271,0.986,0.1952,1.963,1.551,1.072,0.2858,1.223,0.08285,7.803E-6,3.978E-6,2.888E-4,2.836E-4,3.272E-5,3.614E-4,2.085E-5,1.329E-5,3.622E-6,1.472E-5,1.127E-6,
0.0,0.0,0.0,0.0,0.0,0.0,0.0,0.0,0.0,0.0,0.0,0.0,0.0,0.0,0.0,0.0,0.0,0.0,0.0,0.0,0.0,0.0,2.8E-6,0.002157,0.02638,1.216,1.652,0.2671,0.9912,0.03367,0.01501,0.003249,0.01009,5.68E-4,0.0,0.0,0.0,0.0,0.0,0.0,0.0,0.0,0.0,0.0,0.0,0.0,0.0,0.0,0.0,0.0,0.0,0.0,0.0,0.0,0.0,0.0,2.2839999999999997E-22,0.0,3.911,5.118,0.1798,6.799,0.003201,9.342E-4,0.00244,0.9837,0.00139,0.0,0.0,0.0,0.0,0.0,0.0,0.0,0.0,0.0,0.0,0.0,0.0,0.0,0.0,0.0,0.0,0.0,0.0,0.0,0.0,0.0,0.0,0.0,0.0,0.0,0.0,0.0,0.0,0.0,0.0,0.0,0.0,0.0,0.0,0.0,0.0,0.0,0.0,0.0,0.0,0.0,0.0,0.0,0.0,0.0,0.0,1.0E-4,19880.0,9.55E25,2258.0,2662.0,360.6,204300.0,7710.0,5699.0,1717.0,8199.0,2396.0,0.4487,279.5,34.46,117.8,54.21,26.74,1.828,3.291,0.5175,2.491,0.17,0.004564,1651.0,52.86,67.89,9.945,38.23,0.04882,0.3242,0.04186,0.08475,0.006653,19.51,0.2878,1.413,3.718,7.058,0.8783,1.531,1.206,0.2423,1.916,0.1244,0.0,0.0,0.0,0.0,0.0,0.0,0.0,0.0,0.0,0.0,0.0,0.5108,0.02241,0.9271,0.986,0.1951,1.963,1.551,1.074,0.2839,1.226,0.08012,7.802E-6,3.978E-6,2.888E-4,2.836E-4,3.272E-5,3.614E-4,2.085E-5,1.333E-5,3.598E-6,1.475E-5,1.094E-6,
0.0,0.0,0.0,0.0,0.0,0.0,0.0,0.0,0.0,0.0,0.0,0.0,0.0,0.0,0.0,0.0,0.0,0.0,0.0,0.0,0.0,0.0,2.8E-6,0.002168,0.02638,1.2,1.668,0.2671,0.9909,0.03359,0.01504,0.003332,0.01001,5.845E-4,0.0,0.0,0.0,0.0,0.0,0.0,0.0,0.0,0.0,0.0,0.0,0.0,0.0,0.0,0.0,0.0,0.0,0.0,0.0,0.0,0.0,0.0,2.2839999999999997E-22,0.0,3.838,5.191,0.1825,6.799,0.001416,0.001073,0.01854,0.9626,0.004655,0.0,0.0,0.0,0.0,0.0,0.0,0.0,0.0,0.0,0.0,0.0,0.0,0.0,0.0,0.0,0.0,0.0,0.0,0.0,0.0,0.0,0.0,0.0,0.0,0.0,0.0,0.0,0.0,0.0,0.0,0.0,0.0,0.0,0.0,0.0,0.0,0.0,0.0,0.0,0.0,0.0,0.0,0.0,0.0,0.0,0.0,1.0E-4,19890.0,9.55E25,2250.0,2672.0,369.2,204300.0,7691.0,5709.0,1776.0,8123.0,2399.0,0.4515,279.5,34.39,117.9,54.22,26.74,1.825,3.293,0.5413,2.457,0.1725,0.004654,1651.0,52.66,68.1,9.945,38.23,0.04879,0.3245,0.04242,0.08342,0.006822,19.51,0.2878,1.412,3.72,7.062,0.8783,1.528,1.207,0.2622,1.891,0.1258,0.0,0.0,0.0,0.0,0.0,0.0,0.0,0.0,0.0,0.0,0.0,0.5121,0.02241,0.9234,0.9899,0.1964,1.963,1.547,1.076,0.2925,1.215,0.08166,7.817E-6,3.978E-6,2.873E-4,2.851E-4,3.274E-5,3.613E-4,2.08E-5,1.335E-5,3.702E-6,1.462E-5,1.113E-6,
0.0,0.0,0.0,0.0,0.0,0.0,0.0,0.0,0.0,0.0,0.0,0.0,0.0,0.0,0.0,0.0,0.0,0.0,0.0,0.0,0.0,0.0,2.8E-6,0.002168,0.02638,1.2,1.668,0.267,0.9905,0.03352,0.01514,0.003247,0.01017,5.403E-4,0.0,0.0,0.0,0.0,0.0,0.0,0.0,0.0,0.0,0.0,0.0,0.0,0.0,0.0,0.0,0.0,0.0,0.0,0.0,0.0,0.0,0.0,2.2839999999999997E-22,0.0,3.838,5.191,0.1751,6.799,3.285E-4,2.491E-4,3.314E-4,0.9953,0.00108,0.0,0.0,0.0,0.0,0.0,0.0,0.0,0.0,0.0,0.0,0.0,0.0,0.0,0.0,0.0,0.0,0.0,0.0,0.0,0.0,0.0,0.0,0.0,0.0,0.0,0.0,0.0,0.0,0.0,0.0,0.0,0.0,0.0,0.0,0.0,0.0,0.0,0.0,0.0,0.0,0.0,0.0,0.0,0.0,0.0,0.0,1.0E-4,19890.0,9.55E25,2248.0,2664.0,343.0,204300.0,7686.0,5732.0,1713.0,8243.0,2360.0,0.4515,279.5,34.39,117.9,54.2,26.74,1.818,3.343,0.5014,2.501,0.1566,0.004654,1651.0,52.66,68.1,9.944,38.23,0.04858,0.3291,0.04031,0.08451,0.005633,19.51,0.2878,1.411,3.716,7.049,0.8783,1.522,1.227,0.2362,1.927,0.1177,0.0,0.0,0.0,0.0,0.0,0.0,0.0,0.0,0.0,0.0,0.0,0.5121,0.02241,0.923,0.9884,0.1923,1.963,1.545,1.081,0.2823,1.233,0.07708,7.817E-6,3.978E-6,2.873E-4,2.85E-4,3.269E-5,3.613E-4,2.077E-5,1.341E-5,3.581E-6,1.484E-5,1.058E-6,
0.0,0.0,0.0,0.0,0.0,0.0,0.0,0.0,0.0,0.0,0.0,0.0,0.0,0.0,0.0,0.0,0.0,0.0,0.0,0.0,0.0,0.0,2.8E-6,0.002168,0.02638,1.2,1.668,0.2671,0.9904,0.0335,0.0151,0.003299,0.01011,5.562E-4,0.0,0.0,0.0,0.0,0.0,0.0,0.0,0.0,0.0,0.0,0.0,0.0,0.0,0.0,0.0,0.0,0.0,0.0,0.0,0.0,0.0,0.0,2.2839999999999997E-22,0.0,3.838,5.192,0.183,6.799,0.001489,0.001129,0.001503,0.9787,0.004897,0.0,0.0,0.0,0.0,0.0,0.0,0.0,0.0,0.0,0.0,0.0,0.0,0.0,0.0,0.0,0.0,0.0,0.0,0.0,0.0,0.0,0.0,0.0,0.0,0.0,0.0,0.0,0.0,0.0,0.0,0.0,0.0,0.0,0.0,0.0,0.0,0.0,0.0,0.0,0.0,0.0,0.0,0.0,0.0,0.0,0.0,1.0E-4,19890.0,9.55E25,2250.0,2669.0,370.2,204300.0,7696.0,5713.0,1739.0,8202.0,2349.0,0.4515,279.5,34.39,117.9,54.22,26.74,1.823,3.336,0.5057,2.473,0.1633,0.004654,1651.0,52.66,68.1,9.945,38.23,0.04907,0.3279,0.04031,0.08387,0.006051,19.51,0.2878,1.412,3.718,7.061,0.8783,1.524,1.227,0.2405,1.904,0.1215,0.0,0.0,0.0,0.0,0.0,0.0,0.0,0.0,0.0,0.0,0.0,0.5121,0.02241,0.9234,0.9893,0.1965,1.963,1.546,1.077,0.2866,1.225,0.07762,7.817E-6,3.978E-6,2.873E-4,2.85E-4,3.274E-5,3.612E-4,2.078E-5,1.337E-5,3.633E-6,1.475E-5,1.065E-6,
0.0,0.0,0.0,0.0,0.0,0.0,0.0,0.0,0.0,0.0,0.0,0.0,0.0,0.0,0.0,0.0,0.0,0.0,0.0,0.0,0.0,0.0,2.8E-6,0.002168,0.02638,1.2,1.667,0.2676,0.99,0.0335,0.01509,0.003294,0.01011,5.652E-4,0.0,0.0,0.0,0.0,0.0,0.0,0.0,0.0,0.0,0.0,0.0,0.0,0.0,0.0,0.0,0.0,0.0,0.0,0.0,0.0,0.0,0.0,2.2839999999999997E-22,0.0,3.838,5.192,0.183,6.799,0.001489,0.001129,0.001503,0.9787,0.004897,0.0,0.0,0.0,0.0,0.0,0.0,0.0,0.0,0.0,0.0,0.0,0.0,0.0,0.0,0.0,0.0,0.0,0.0,0.0,0.0,0.0,0.0,0.0,0.0,0.0,0.0,0.0,0.0,0.0,0.0,0.0,0.0,0.0,0.0,0.0,0.0,0.0,0.0,0.0,0.0,0.0,0.0,0.0,0.0,0.0,0.0,1.0E-4,19890.0,9.55E25,2250.0,2669.0,371.7,204300.0,7694.0,5718.0,1733.0,8203.0,2350.0,0.4515,279.5,34.39,117.9,54.22,26.74,1.823,3.334,0.5046,2.472,0.1656,0.004654,1651.0,52.66,68.1,9.945,38.23,0.0492,0.3275,0.0403,0.08393,0.006143,19.51,0.2878,1.412,3.718,7.061,0.8783,1.523,1.228,0.2395,1.903,0.1232,0.0,0.0,0.0,0.0,0.0,0.0,0.0,0.0,0.0,0.0,0.0,0.5121,0.02241,0.9233,0.9891,0.1969,1.963,1.546,1.078,0.2857,1.225,0.07868,7.817E-6,3.978E-6,2.873E-4,2.849E-4,3.286E-5,3.612E-4,2.078E-5,1.337E-5,3.622E-6,1.474E-5,1.077E-6,
0.0,0.0,0.0,0.0,0.0,0.0,0.0,0.0,0.0,0.0,0.0,0.0,0.0,0.0,0.0,0.0,0.0,0.0,0.0,0.0,0.0,0.0,2.8E-6,0.002168,0.02638,1.2,1.667,0.2676,0.9897,0.03341,0.01513,0.003349,0.01009,5.943E-4,0.0,0.0,0.0,0.0,0.0,0.0,0.0,0.0,0.0,0.0,0.0,0.0,0.0,0.0,0.0,0.0,0.0,0.0,0.0,0.0,0.0,0.0,2.2839999999999997E-22,0.0,3.838,5.191,0.1798,6.799,0.001014,7.688E-4,0.01321,0.9734,0.003207,0.0,0.0,0.0,0.0,0.0,0.0,0.0,0.0,0.0,0.0,0.0,0.0,0.0,0.0,0.0,0.0,0.0,0.0,0.0,0.0,0.0,0.0,0.0,0.0,0.0,0.0,0.0,0.0,0.0,0.0,0.0,0.0,0.0,0.0,0.0,0.0,0.0,0.0,0.0,0.0,0.0,0.0,0.0,0.0,0.0,0.0,1.0E-4,19900.0,9.55E25,2246.0,2671.0,360.5,204300.0,7690.0,5710.0,1786.0,8176.0,2340.0,0.4515,279.5,34.31,117.9,54.21,26.74,1.821,3.329,0.5257,2.462,0.1672,0.004654,1651.0,52.15,68.6,9.945,38.23,0.04945,0.3268,0.04082,0.08384,0.006259,19.51,0.2878,1.408,3.722,7.057,0.8783,1.519,1.227,0.2569,1.893,0.1241,0.0,0.0,0.0,0.0,0.0,0.0,0.0,0.0,0.0,0.0,0.0,0.5121,0.02241,0.9193,0.9928,0.1952,1.963,1.544,1.077,0.2934,1.219,0.08083,7.817E-6,3.978E-6,2.856E-4,2.865E-4,3.284E-5,3.611E-4,2.075E-5,1.336E-5,3.713E-6,1.468E-5,1.103E-6,
0.0,0.0,0.0,0.0,0.0,0.0,0.0,0.0,0.0,0.0,0.0,0.0,0.0,0.0,0.0,0.0,0.0,0.0,0.0,0.0,0.0,0.0,2.8E-6,0.002167,0.02638,1.199,1.668,0.2676,0.9894,0.03334,0.01527,0.003821,0.009579,5.792E-4,0.0,0.0,0.0,0.0,0.0,0.0,0.0,0.0,0.0,0.0,0.0,0.0,0.0,0.0,0.0,0.0,0.0,0.0,0.0,0.0,0.0,0.0,2.2839999999999997E-22,0.0,3.838,5.191,0.1803,6.799,0.001089,8.254E-4,0.006004,0.9796,0.003443,0.0,0.0,0.0,0.0,0.0,0.0,0.0,0.0,0.0,0.0,0.0,0.0,0.0,0.0,0.0,0.0,0.0,0.0,0.0,0.0,0.0,0.0,0.0,0.0,0.0,0.0,0.0,0.0,0.0,0.0,0.0,0.0,0.0,0.0,0.0,0.0,0.0,0.0,0.0,0.0,0.0,0.0,0.0,0.0,0.0,0.0,1.0E-4,19900.0,9.55E25,2323.0,2815.0,360.1,204100.0,7687.0,5805.0,2257.0,7641.0,2383.0,0.4515,279.5,34.31,117.9,54.21,26.73,1.82,3.364,0.5686,2.401,0.1586,0.004654,1651.0,52.15,68.6,9.945,38.23,0.04921,0.3295,0.04031,0.08345,0.005609,19.51,0.2878,1.408,3.721,7.056,0.8778,1.52,1.245,0.3023,1.836,0.1198,0.0,0.0,0.0,0.0,0.0,0.0,0.0,0.0,0.0,0.0,0.0,0.512,0.02241,0.919,0.9922,0.195,1.963,1.543,1.092,0.3607,1.141,0.07854,7.817E-6,3.978E-6,2.853E-4,2.864E-4,3.283E-5,3.614E-4,2.074E-5,1.354E-5,4.512E-6,1.375E-5,1.075E-6,
0.0,0.0,0.0,0.0,0.0,0.0,0.0,0.0,0.0,0.0,0.0,0.0,0.0,0.0,0.0,0.0,0.0,0.0,0.0,0.0,0.0,0.0,2.8E-6,0.002167,0.02638,1.188,1.679,0.2676,0.9891,0.03326,0.01552,0.003922,0.00937,5.546E-4,0.0,0.0,0.0,0.0,0.0,0.0,0.0,0.0,0.0,0.0,0.0,0.0,0.0,0.0,0.0,0.0,0.0,0.0,0.0,0.0,0.0,0.0,2.2839999999999997E-22,0.0,3.838,5.192,0.1831,6.799,0.0015,0.001137,0.008273,0.9719,0.004744,0.0,0.0,0.0,0.0,0.0,0.0,0.0,0.0,0.0,0.0,0.0,0.0,0.0,0.0,0.0,0.0,0.0,0.0,0.0,0.0,0.0,0.0,0.0,0.0,0.0,0.0,0.0,0.0,0.0,0.0,0.0,0.0,0.0,0.0,0.0,0.0,0.0,0.0,0.0,0.0,0.0,0.0,0.0,0.0,0.0,0.0,1.0E-4,19900.0,9.55E25,2318.0,2811.0,362.9,204100.0,7680.0,5884.0,2308.0,7534.0,2369.0,0.4515,279.5,34.24,118.0,54.2,26.73,1.814,3.436,0.5711,2.367,0.1448,0.004654,1651.0,51.79,68.97,9.944,38.23,0.04876,0.3364,0.04029,0.08099,0.00407,19.51,0.2878,1.405,3.718,7.056,0.8778,1.516,1.273,0.3049,1.818,0.1159,0.0,0.0,0.0,0.0,0.0,0.0,0.0,0.0,0.0,0.0,0.0,0.512,0.02241,0.9162,0.993,0.1951,1.962,1.541,1.107,0.3698,1.122,0.07711,7.817E-6,3.978E-6,2.839E-4,2.878E-4,3.283E-5,3.613E-4,2.071E-5,1.373E-5,4.621E-6,1.353E-5,1.058E-6,
0.0,0.0,0.0,0.0,0.0,0.0,0.0,0.0,0.0,0.0,0.0,0.0,0.0,0.0,0.0,0.0,0.0,0.0,0.0,0.0,0.0,0.0,2.8E-6,0.002167,0.02638,1.188,1.679,0.2676,0.9887,0.03328,0.01577,0.003512,0.009539,5.3E-4,0.0,0.0,0.0,0.0,0.0,0.0,0.0,0.0,0.0,0.0,0.0,0.0,0.0,0.0,0.0,0.0,0.0,0.0,0.0,0.0,0.0,0.0,2.2839999999999997E-22,0.0,3.838,5.191,0.181,6.799,0.001184,8.981E-4,0.006533,0.9807,8.548E-4,0.0,0.0,0.0,0.0,0.0,0.0,0.0,0.0,0.0,0.0,0.0,0.0,0.0,0.0,0.0,0.0,0.0,0.0,0.0,0.0,0.0,0.0,0.0,0.0,0.0,0.0,0.0,0.0,0.0,0.0,0.0,0.0,0.0,0.0,0.0,0.0,0.0,0.0,0.0,0.0,0.0,0.0,0.0,0.0,0.0,0.0,1.0E-4,19900.0,9.55E25,2317.0,2812.0,358.2,204100.0,7687.0,6089.0,2053.0,7606.0,2343.0,0.4515,279.5,34.24,118.0,54.2,26.73,1.816,3.421,0.5707,2.39,0.1376,0.004654,1651.0,51.79,68.97,9.944,38.23,0.0491,0.3329,0.04162,0.08308,0.00389,19.51,0.2878,1.405,3.718,7.053,0.8778,1.516,1.281,0.2962,1.828,0.1099,0.0,0.0,0.0,0.0,0.0,0.0,0.0,0.0,0.0,0.0,0.0,0.512,0.02241,0.9161,0.9931,0.1944,1.962,1.542,1.137,0.3286,1.135,0.07397,7.817E-6,3.978E-6,2.838E-4,2.878E-4,3.283E-5,3.613E-4,2.073E-5,1.409E-5,4.127E-6,1.368E-5,1.02E-6,
0.0,0.0,0.0,0.0,0.0,0.0,0.0,0.0,0.0,0.0,0.0,0.0,0.0,0.0,0.0,0.0,0.0,0.0,0.0,0.0,0.0,0.0,2.8E-6,0.002167,0.02638,1.188,1.679,0.2676,0.9885,0.03326,0.01565,0.003416,0.009681,5.765E-4,0.0,0.0,0.0,0.0,0.0,0.0,0.0,0.0,0.0,0.0,0.0,0.0,0.0,0.0,0.0,0.0,0.0,0.0,0.0,0.0,0.0,0.0,2.2839999999999997E-22,0.0,3.838,5.191,0.18,6.799,0.001051,7.968E-4,0.02948,0.9574,0.0026,0.0,0.0,0.0,0.0,0.0,0.0,0.0,0.0,0.0,0.0,0.0,0.0,0.0,0.0,0.0,0.0,0.0,0.0,0.0,0.0,0.0,0.0,0.0,0.0,0.0,0.0,0.0,0.0,0.0,0.0,0.0,0.0,0.0,0.0,0.0,0.0,0.0,0.0,0.0,0.0,0.0,0.0,0.0,0.0,0.0,0.0,1.0E-4,19900.0,9.55E25,2317.0,2824.0,360.6,204100.0,7705.0,6024.0,2044.0,7638.0,2365.0,0.4515,279.5,34.24,118.0,54.21,26.73,1.834,3.346,0.6061,2.37,0.1566,0.004654,1651.0,51.79,68.97,9.945,38.23,0.05124,0.3251,0.04202,0.08421,0.005534,19.51,0.2878,1.405,3.723,7.056,0.8778,1.521,1.256,0.3285,1.801,0.1183,0.0,0.0,0.0,0.0,0.0,0.0,0.0,0.0,0.0,0.0,0.0,0.512,0.02241,0.916,0.9955,0.1951,1.962,1.545,1.125,0.3247,1.142,0.07756,7.817E-6,3.978E-6,2.838E-4,2.878E-4,3.284E-5,3.612E-4,2.076E-5,1.395E-5,4.077E-6,1.377E-5,1.064E-6,
0.0,0.0,0.0,0.0,0.0,0.0,0.0,0.0,0.0,0.0,0.0,0.0,0.0,0.0,0.0,0.0,0.0,0.0,0.0,0.0,0.0,0.0,2.8E-6,0.002167,0.02638,1.188,1.678,0.2676,0.988,0.03327,0.01563,0.00329,0.009773,5.87E-4,0.0,0.0,0.0,0.0,0.0,0.0,0.0,0.0,0.0,0.0,0.0,0.0,0.0,0.0,0.0,0.0,0.0,0.0,0.0,0.0,0.0,0.0,2.2839999999999997E-22,0.0,3.838,5.192,0.1831,6.799,0.001504,0.00114,0.008295,0.9729,0.003721,0.0,0.0,0.0,0.0,0.0,0.0,0.0,0.0,0.0,0.0,0.0,0.0,0.0,0.0,0.0,0.0,0.0,0.0,0.0,0.0,0.0,0.0,0.0,0.0,0.0,0.0,0.0,0.0,0.0,0.0,0.0,0.0,0.0,0.0,0.0,0.0,0.0,0.0,0.0,0.0,0.0,0.0,0.0,0.0,0.0,0.0,1.0E-4,19900.0,9.55E25,2317.0,2827.0,372.3,204100.0,7711.0,6022.0,1950.0,7713.0,2363.0,0.4515,279.5,34.24,118.0,54.22,26.73,1.838,3.341,0.5645,2.399,0.1604,0.004654,1651.0,51.79,68.97,9.945,38.23,0.0515,0.3247,0.04012,0.08538,0.005804,19.51,0.2878,1.405,3.725,7.06,0.8778,1.523,1.253,0.2995,1.822,0.1204,0.0,0.0,0.0,0.0,0.0,0.0,0.0,0.0,0.0,0.0,0.0,0.512,0.02241,0.9161,0.9961,0.197,1.962,1.546,1.125,0.31,1.152,0.0785,7.817E-6,3.978E-6,2.838E-4,2.877E-4,3.286E-5,3.611E-4,2.077E-5,1.394E-5,3.902E-6,1.389E-5,1.076E-6,
0.0,0.0,0.0,0.0,0.0,0.0,0.0,0.0,0.0,0.0,0.0,0.0,0.0,0.0,0.0,0.0,0.0,0.0,0.0,0.0,0.0,0.0,2.8E-6,0.002167,0.02638,1.188,1.678,0.2676,0.9875,0.03329,0.0156,0.003285,0.009769,5.921E-4,0.0,0.0,0.0,0.0,0.0,0.0,0.0,0.0,0.0,0.0,0.0,0.0,0.0,0.0,0.0,0.0,0.0,0.0,0.0,0.0,0.0,0.0,2.2839999999999997E-22,0.0,3.838,5.192,0.1834,6.799,0.001539,0.001167,0.008487,0.9723,0.003807,0.0,0.0,0.0,0.0,0.0,0.0,0.0,0.0,0.0,0.0,0.0,0.0,0.0,0.0,0.0,0.0,0.0,0.0,0.0,0.0,0.0,0.0,0.0,0.0,0.0,0.0,0.0,0.0,0.0,0.0,0.0,0.0,0.0,0.0,0.0,0.0,0.0,0.0,0.0,0.0,0.0,0.0,0.0,0.0,0.0,0.0,1.0E-4,19910.0,9.55E25,2314.0,2832.0,374.3,204100.0,7718.0,6016.0,1954.0,7708.0,2355.0,0.4515,279.5,34.24,118.0,54.22,26.73,1.841,3.336,0.5632,2.398,0.1621,0.004654,1651.0,51.79,68.97,9.945,38.23,0.05167,0.3244,0.03971,0.08553,0.005965,19.51,0.2878,1.405,3.725,7.061,0.8778,1.525,1.249,0.3008,1.82,0.1211,0.0,0.0,0.0,0.0,0.0,0.0,0.0,0.0,0.0,0.0,0.0,0.512,0.02241,0.9147,0.9977,0.1973,1.962,1.547,1.123,0.3102,1.151,0.07887,7.817E-6,3.978E-6,2.835E-4,2.88E-4,3.286E-5,3.61E-4,2.079E-5,1.392E-5,3.904E-6,1.388E-5,1.08E-6,
0.0,0.0,0.0,0.0,0.0,0.0,0.0,0.0,0.0,0.0,0.0,0.0,0.0,0.0,0.0,0.0,0.0,0.0,0.0,0.0,0.0,0.0,2.8E-6,0.002167,0.02638,1.187,1.678,0.2676,0.9874,0.04039,0.008483,0.003401,0.009648,6.125E-4,0.0,0.0,0.0,0.0,0.0,0.0,0.0,0.0,0.0,0.0,0.0,0.0,0.0,0.0,0.0,0.0,0.0,0.0,0.0,0.0,0.0,0.0,2.2839999999999997E-22,0.0,3.838,5.192,0.1831,6.799,0.001499,0.001137,0.004168,0.9795,0.001344,0.0,0.0,0.0,0.0,0.0,0.0,0.0,0.0,0.0,0.0,0.0,0.0,0.0,0.0,0.0,0.0,0.0,0.0,0.0,0.0,0.0,0.0,0.0,0.0,0.0,0.0,0.0,0.0,0.0,0.0,0.0,0.0,0.0,0.0,0.0,0.0,0.0,0.0,0.0,0.0,0.0,0.0,0.0,0.0,0.0,0.0,1.0E-4,19910.0,9.55E25,2313.0,2835.0,373.8,204100.0,10280.0,3443.0,2095.0,7568.0,2359.0,0.4515,279.5,34.24,118.0,54.22,26.73,4.065,1.103,0.5484,2.415,0.1649,0.004654,1651.0,51.79,68.97,9.945,38.23,0.2739,0.1012,0.03784,0.08759,0.006251,19.51,0.2878,1.405,3.726,7.061,0.8778,2.324,0.4477,0.2978,1.824,0.122,0.0,0.0,0.0,0.0,0.0,0.0,0.0,0.0,0.0,0.0,0.0,0.512,0.02241,0.9141,0.9987,0.1973,1.962,2.05,0.6193,0.3294,1.131,0.08077,7.817E-6,3.978E-6,2.833E-4,2.882E-4,3.286E-5,3.61E-4,2.692E-5,7.77E-6,4.13E-6,1.364E-5,1.103E-6,
0.0,0.0,0.0,0.0,0.0,0.0,0.0,0.0,0.0,0.0,0.0,0.0,0.0,0.0,0.0,0.0,0.0,0.0,0.0,0.0,0.0,0.0,2.8E-6,0.002175,0.02638,1.187,1.678,0.2676,0.987,0.04036,0.008506,0.0034,0.009646,6.082E-4,0.0,0.0,0.0,0.0,0.0,0.0,0.0,0.0,0.0,0.0,0.0,0.0,0.0,0.0,0.0,0.0,0.0,0.0,0.0,0.0,0.0,0.0,2.2839999999999997E-22,0.0,3.838,5.192,0.1836,6.799,0.00157,0.00119,0.004364,0.9785,0.001408,0.0,0.0,0.0,0.0,0.0,0.0,0.0,0.0,0.0,0.0,0.0,0.0,0.0,0.0,0.0,0.0,0.0,0.0,0.0,0.0,0.0,0.0,0.0,0.0,0.0,0.0,0.0,0.0,0.0,0.0,0.0,0.0,0.0,0.0,0.0,0.0,0.0,0.0,0.0,0.0,0.0,0.0,0.0,0.0,0.0,0.0,1.0E-4,19910.0,9.55E25,2314.0,2836.0,375.8,204100.0,10280.0,3447.0,2092.0,7566.0,2431.0,0.4542,279.5,34.24,118.0,54.22,26.73,4.06,1.107,0.5474,2.414,0.1632,0.004665,1651.0,51.79,68.97,9.945,38.23,0.2736,0.1013,0.03782,0.08759,0.006295,19.52,0.2878,1.405,3.726,7.062,0.8778,2.32,0.4511,0.297,1.823,0.1201,0.0,0.0,0.0,0.0,0.0,0.0,0.0,0.0,0.0,0.0,0.0,0.5132,0.02241,0.9141,0.9988,0.1977,1.962,2.048,0.6203,0.329,1.131,0.07999,7.831E-6,3.978E-6,2.833E-4,2.881E-4,3.286E-5,3.609E-4,2.69E-5,7.783E-6,4.125E-6,1.364E-5,1.094E-6,
0.0,0.0,0.0,0.0,0.0,0.0,0.0,0.0,0.0,0.0,0.0,0.0,0.0,0.0,0.0,0.0,0.0,0.0,0.0,0.0,0.0,0.0,2.8E-6,0.002188,0.02638,1.179,1.686,0.2676,0.9868,0.04041,0.008464,0.003463,0.009576,5.992E-4,0.0,0.0,0.0,0.0,0.0,0.0,0.0,0.0,0.0,0.0,0.0,0.0,0.0,0.0,0.0,0.0,0.0,0.0,0.0,0.0,0.0,0.0,2.2839999999999997E-22,0.0,3.839,5.192,0.1837,6.799,0.001593,0.001208,0.004429,0.9747,0.004918,0.0,0.0,0.0,0.0,0.0,0.0,0.0,0.0,0.0,0.0,0.0,0.0,0.0,0.0,0.0,0.0,0.0,0.0,0.0,0.0,0.0,0.0,0.0,0.0,0.0,0.0,0.0,0.0,0.0,0.0,0.0,0.0,0.0,0.0,0.0,0.0,0.0,0.0,0.0,0.0,0.0,0.0,0.0,0.0,0.0,0.0,1.0E-4,19920.0,9.55E25,2167.0,2838.0,373.4,204200.0,10300.0,3434.0,2205.0,7457.0,2415.0,0.4576,279.5,34.18,118.1,54.22,26.74,4.068,1.1,0.5431,2.413,0.1626,0.004766,1651.0,51.51,69.24,9.945,38.23,0.2743,0.1009,0.0358,0.08917,0.006387,19.52,0.2878,1.403,3.729,7.062,0.8784,2.325,0.4473,0.304,1.814,0.1189,0.0,0.0,0.0,0.0,0.0,0.0,0.0,0.0,0.0,0.0,0.0,0.5148,0.02241,0.9097,1.001,0.1973,1.964,2.052,0.6174,0.3436,1.116,0.07849,7.849E-6,3.978E-6,2.824E-4,2.888E-4,3.286E-5,3.611E-4,2.695E-5,7.747E-6,4.314E-6,1.345E-5,1.076E-6,
0.0,0.0,0.0,0.0,0.0,0.0,0.0,0.0,0.0,0.0,0.0,0.0,0.0,0.0,0.0,0.0,0.0,0.0,0.0,0.0,0.0,0.0,2.8E-6,0.002188,0.02638,1.179,1.686,0.2682,0.9864,0.04088,0.008192,0.003336,0.009519,6.039E-4,0.0,0.0,0.0,0.0,0.0,0.0,0.0,0.0,0.0,0.0,0.0,0.0,0.0,0.0,0.0,0.0,0.0,0.0,0.0,0.0,0.0,0.0,2.2839999999999997E-22,0.0,3.838,5.191,0.1803,6.799,0.006684,0.002226,0.002772,0.9768,0.00246,0.0,0.0,0.0,0.0,0.0,0.0,0.0,0.0,0.0,0.0,0.0,0.0,0.0,0.0,0.0,0.0,0.0,0.0,0.0,0.0,0.0,0.0,0.0,0.0,0.0,0.0,0.0,0.0,0.0,0.0,0.0,0.0,0.0,0.0,0.0,0.0,0.0,0.0,0.0,0.0,0.0,0.0,0.0,0.0,0.0,0.0,1.0E-4,19920.0,9.55E25,2166.0,2837.0,364.4,204200.0,10470.0,3444.0,2108.0,7426.0,2367.0,0.4576,279.5,34.18,118.0,54.31,26.74,4.226,0.9486,0.5446,2.414,0.1622,0.004766,1651.0,51.51,69.23,9.954,38.23,0.2894,0.08376,0.03697,0.09022,0.006425,19.52,0.2878,1.402,3.724,7.061,0.8784,2.385,0.4051,0.2982,1.808,0.1182,0.0,0.0,0.0,0.0,0.0,0.0,0.0,0.0,0.0,0.0,0.0,0.5148,0.02241,0.9092,1.0,0.1967,1.963,2.086,0.6109,0.3287,1.105,0.07879,7.849E-6,3.978E-6,2.823E-4,2.888E-4,3.294E-5,3.61E-4,2.736E-5,7.659E-6,4.135E-6,1.332E-5,1.08E-6,
0.0,0.0,0.0,0.0,0.0,0.0,0.0,0.0,0.0,0.0,0.0,0.0,0.0,0.0,0.0,0.0,0.0,0.0,0.0,0.0,0.0,0.0,2.8E-6,0.002188,0.02638,1.175,1.689,0.2684,0.9863,0.04128,0.007801,0.003325,0.009509,6.042E-4,0.0,0.0,0.0,0.0,0.0,0.0,0.0,0.0,0.0,0.0,0.0,0.0,0.0,0.0,0.0,0.0,0.0,0.0,0.0,0.0,0.0,0.0,2.2839999999999997E-22,0.0,3.838,5.108,0.2642,6.799,0.007091,0.002361,0.002941,0.9754,0.002609,0.0,0.0,0.0,0.0,0.0,0.0,0.0,0.0,0.0,0.0,0.0,0.0,0.0,0.0,0.0,0.0,0.0,0.0,0.0,0.0,0.0,0.0,0.0,0.0,0.0,0.0,0.0,0.0,0.0,0.0,0.0,0.0,0.0,0.0,0.0,0.0,0.0,0.0,0.0,0.0,0.0,0.0,0.0,0.0,0.0,0.0,1.0E-4,19920.0,9.55E25,2161.0,2836.0,372.2,204200.0,10690.0,3239.0,2101.0,7463.0,2322.0,0.4576,279.5,34.18,118.0,54.32,26.74,4.274,0.906,0.542,2.41,0.1623,0.004766,1651.0,51.51,69.23,9.956,38.23,0.2927,0.08076,0.03684,0.09008,0.006434,19.52,0.2878,1.402,3.724,7.062,0.8784,2.412,0.382,0.2964,1.805,0.1183,0.0,0.0,0.0,0.0,0.0,0.0,0.0,0.0,0.0,0.0,0.0,0.5148,0.02241,0.9041,1.003,0.199,1.963,2.123,0.5762,0.3273,1.104,0.0788,7.849E-6,3.978E-6,2.816E-4,2.887E-4,3.373E-5,3.61E-4,2.781E-5,7.24E-6,4.12E-6,1.33E-5,1.08E-6,
0.0,0.0,0.0,0.0,0.0,0.0,0.0,0.0,0.0,0.0,0.0,0.0,0.0,0.0,0.0,0.0,0.0,0.0,0.0,0.0,0.0,0.0,2.8E-6,0.002198,0.02638,1.175,1.69,0.2684,0.9858,0.04126,0.007846,0.003312,0.009509,5.825E-4,0.0,0.0,0.0,0.0,0.0,0.0,0.0,0.0,0.0,0.0,0.0,0.0,0.0,0.0,0.0,0.0,0.0,0.0,0.0,0.0,0.0,0.0,2.2839999999999997E-22,0.0,3.838,5.108,0.2651,6.799,0.007841,0.002611,0.003252,0.9728,0.002885,0.0,0.0,0.0,0.0,0.0,0.0,0.0,0.0,0.0,0.0,0.0,0.0,0.0,0.0,0.0,0.0,0.0,0.0,0.0,0.0,0.0,0.0,0.0,0.0,0.0,0.0,0.0,0.0,0.0,0.0,0.0,0.0,0.0,0.0,0.0,0.0,0.0,0.0,0.0,0.0,0.0,0.0,0.0,0.0,0.0,0.0,1.0E-4,19930.0,9.55E25,2159.0,2838.0,375.5,204200.0,10690.0,3263.0,2086.0,7466.0,2404.0,0.4604,279.5,34.18,118.0,54.33,26.74,4.269,0.9173,0.5372,2.409,0.1567,0.004856,1651.0,51.51,69.23,9.956,38.23,0.2922,0.08166,0.03629,0.09006,0.006293,19.52,0.2878,1.402,3.725,7.063,0.8784,2.41,0.3875,0.2951,1.804,0.1137,0.0,0.0,0.0,0.0,0.0,0.0,0.0,0.0,0.0,0.0,0.0,0.516,0.02241,0.903,1.004,0.1996,1.963,2.122,0.5797,0.3257,1.104,0.0761,7.864E-6,3.978E-6,2.814E-4,2.888E-4,3.373E-5,3.609E-4,2.779E-5,7.283E-6,4.1E-6,1.33E-5,1.048E-6,
0.0,0.0,0.0,0.0,0.0,0.0,0.0,0.0,0.0,0.0,0.0,0.0,0.0,0.0,0.0,0.0,0.0,0.0,0.0,0.0,0.0,0.0,2.8E-6,0.002198,0.02638,1.174,1.689,0.2684,0.9852,0.04119,0.007816,0.003111,0.009794,5.816E-4,0.0,0.0,0.0,0.0,0.0,0.0,0.0,0.0,0.0,0.0,0.0,0.0,0.0,0.0,0.0,0.0,0.0,0.0,0.0,0.0,0.0,0.0,2.2839999999999997E-22,0.0,4.001,5.298,0.2673,7.447,0.00985,0.003279,0.004085,0.9659,0.003624,0.0,0.0,0.0,0.0,0.0,0.0,0.0,0.0,0.0,0.0,0.0,0.0,0.0,0.0,0.0,0.0,0.0,0.0,0.0,0.0,0.0,0.0,0.0,0.0,0.0,0.0,0.0,0.0,0.0,0.0,0.0,0.0,0.0,0.0,0.0,0.0,0.0,0.0,0.0,0.0,0.0,0.0,0.0,0.0,0.0,0.0,1.0E-4,19930.0,9.55E25,2160.0,2839.0,382.5,204200.0,10690.0,3320.0,1925.0,7608.0,2399.0,0.4604,279.5,34.18,118.0,54.33,26.74,4.275,0.9141,0.5332,2.404,0.1579,0.004856,1651.0,51.51,69.23,9.956,38.23,0.2927,0.0799,0.03518,0.09226,0.006338,19.52,0.2878,1.402,3.725,7.066,0.8784,2.412,0.3953,0.2981,1.786,0.1147,0.0,0.0,0.0,0.0,0.0,0.0,0.0,0.0,0.0,0.0,0.0,0.516,0.02241,0.903,1.004,0.2006,1.963,2.121,0.585,0.3008,1.123,0.07599,7.863E-6,3.978E-6,2.814E-4,2.888E-4,3.375E-5,3.608E-4,2.779E-5,7.342E-6,3.803E-6,1.353E-5,1.047E-6,
0.0,0.0,0.0,0.0,0.0,0.0,0.0,0.0,0.0,0.0,0.0,0.0,0.0,0.0,0.0,0.0,0.0,0.0,0.0,0.0,0.0,0.0,2.8E-6,0.002198,0.02638,1.174,1.689,0.2689,0.9849,0.04084,0.008063,0.003253,0.009738,6.022E-4,0.0,0.0,0.0,0.0,0.0,0.0,0.0,0.0,0.0,0.0,0.0,0.0,0.0,0.0,0.0,0.0,0.0,0.0,0.0,0.0,0.0,0.0,2.2839999999999997E-22,0.0,4.0,5.298,0.2662,7.447,0.008809,0.002933,0.003654,0.9683,0.004454,0.0,0.0,0.0,0.0,0.0,0.0,0.0,0.0,0.0,0.0,0.0,0.0,0.0,0.0,0.0,0.0,0.0,0.0,0.0,0.0,0.0,0.0,0.0,0.0,0.0,0.0,0.0,0.0,0.0,0.0,0.0,0.0,0.0,0.0,0.0,0.0,0.0,0.0,0.0,0.0,0.0,0.0,0.0,0.0,0.0,0.0,1.0E-4,19940.0,9.55E25,2158.0,2839.0,383.3,204200.0,10650.0,3344.0,1962.0,7649.0,2331.0,0.4604,279.5,34.18,118.0,54.33,26.74,4.273,0.9119,0.5334,2.405,0.1633,0.004856,1651.0,51.51,69.23,9.956,38.23,0.2931,0.07925,0.03531,0.09229,0.006531,19.52,0.2878,1.402,3.725,7.064,0.8784,2.409,0.3972,0.2976,1.786,0.1186,0.0,0.0,0.0,0.0,0.0,0.0,0.0,0.0,0.0,0.0,0.0,0.516,0.02241,0.9022,1.005,0.2008,1.963,2.113,0.5897,0.3077,1.117,0.07836,7.863E-6,3.978E-6,2.812E-4,2.888E-4,3.385E-5,3.607E-4,2.767E-5,7.41E-6,3.889E-6,1.347E-5,1.075E-6,
0.0,0.0,0.0,0.0,0.0,0.0,0.0,0.0,0.0,0.0,0.0,0.0,0.0,0.0,0.0,0.0,0.0,0.0,0.0,0.0,0.0,0.0,2.8E-6,0.002198,0.02638,1.174,1.689,0.2689,0.9846,0.04078,0.008061,0.003214,0.009859,6.181E-4,0.0,0.0,0.0,0.0,0.0,0.0,0.0,0.0,0.0,0.0,0.0,0.0,0.0,0.0,0.0,0.0,0.0,0.0,0.0,0.0,0.0,0.0,2.2839999999999997E-22,0.0,4.0,5.297,0.259,7.447,0.002355,7.842E-4,9.769E-4,0.9922,4.789E-4,0.0,0.0,0.0,0.0,0.0,0.0,0.0,0.0,0.0,0.0,0.0,0.0,0.0,0.0,0.0,0.0,0.0,0.0,0.0,0.0,0.0,0.0,0.0,0.0,0.0,0.0,0.0,0.0,0.0,0.0,0.0,0.0,0.0,0.0,0.0,0.0,0.0,0.0,0.0,0.0,0.0,0.0,0.0,0.0,0.0,0.0,1.0E-4,19940.0,9.55E25,2156.0,2836.0,359.9,204200.0,10630.0,3336.0,1952.0,7731.0,2343.0,0.4604,279.5,34.18,118.0,54.32,26.74,4.266,0.9092,0.5238,2.44,0.1627,0.004856,1651.0,51.51,69.23,9.956,38.23,0.293,0.0788,0.03466,0.09396,0.006535,19.52,0.2878,1.402,3.724,7.055,0.8784,2.401,0.3963,0.2933,1.81,0.118,0.0,0.0,0.0,0.0,0.0,0.0,0.0,0.0,0.0,0.0,0.0,0.516,0.02241,0.9019,1.004,0.1973,1.963,2.109,0.5882,0.3051,1.128,0.08008,7.863E-6,3.978E-6,2.812E-4,2.887E-4,3.381E-5,3.607E-4,2.762E-5,7.406E-6,3.845E-6,1.36E-5,1.095E-6,
0.0,0.0,0.0,0.0,0.0,0.0,0.0,0.0,0.0,0.0,0.0,0.0,0.0,0.0,0.0,0.0,0.0,0.0,0.0,0.0,0.0,0.0,2.8E-6,0.002198,0.02638,1.173,1.689,0.2697,0.984,0.04087,0.007889,0.003303,0.009799,6.45E-4,0.0,0.0,0.0,0.0,0.0,0.0,0.0,0.0,0.0,0.0,0.0,0.0,0.0,0.0,0.0,0.0,0.0,0.0,0.0,0.0,0.0,0.0,2.2839999999999997E-22,0.0,4.0,5.298,0.2639,7.447,0.006784,0.002259,0.002814,0.9776,0.001379,0.0,0.0,0.0,0.0,0.0,0.0,0.0,0.0,0.0,0.0,0.0,0.0,0.0,0.0,0.0,0.0,0.0,0.0,0.0,0.0,0.0,0.0,0.0,0.0,0.0,0.0,0.0,0.0,0.0,0.0,0.0,0.0,0.0,0.0,0.0,0.0,0.0,0.0,0.0,0.0,0.0,0.0,0.0,0.0,0.0,0.0,1.0E-4,19940.0,9.55E25,2154.0,2840.0,378.0,204200.0,10670.0,3278.0,1991.0,7695.0,2323.0,0.4604,279.5,34.17,117.2,55.08,26.74,4.312,0.8676,0.528,2.417,0.1656,0.004856,1651.0,51.51,69.22,9.966,38.23,0.2978,0.07384,0.03495,0.0932,0.00676,19.52,0.2878,1.402,3.717,7.069,0.8784,2.417,0.3864,0.2957,1.793,0.1195,0.0,0.0,0.0,0.0,0.0,0.0,0.0,0.0,0.0,0.0,0.0,0.516,0.02241,0.9,1.006,0.2007,1.963,2.118,0.5749,0.3126,1.12,0.08202,7.863E-6,3.978E-6,2.807E-4,2.888E-4,3.421E-5,3.606E-4,2.772E-5,7.245E-6,3.935E-6,1.351E-5,1.119E-6,
0.0,0.0,0.0,0.0,0.0,0.0,0.0,0.0,0.0,0.0,0.0,0.0,0.0,0.0,0.0,0.0,0.0,0.0,0.0,0.0,0.0,0.0,2.8E-6,0.002198,0.02638,1.172,1.689,0.2701,0.9838,0.04085,0.008009,0.00326,0.009737,6.38E-4,0.0,0.0,0.0,0.0,0.0,0.0,0.0,0.0,0.0,0.0,0.0,0.0,0.0,0.0,0.0,0.0,0.0,0.0,0.0,0.0,0.0,0.0,2.2839999999999997E-22,0.0,4.0,5.298,0.2661,7.447,0.008726,0.002905,0.003619,0.9712,0.001774,0.0,0.0,0.0,0.0,0.0,0.0,0.0,0.0,0.0,0.0,0.0,0.0,0.0,0.0,0.0,0.0,0.0,0.0,0.0,0.0,0.0,0.0,0.0,0.0,0.0,0.0,0.0,0.0,0.0,0.0,0.0,0.0,0.0,0.0,0.0,0.0,0.0,0.0,0.0,0.0,0.0,0.0,0.0,0.0,0.0,0.0,1.0E-4,19940.0,9.55E25,2154.0,2840.0,386.5,204200.0,10680.0,3319.0,1982.0,7664.0,2311.0,0.4604,279.5,34.17,117.2,55.08,26.74,4.315,0.8706,0.529,2.405,0.1662,0.004856,1651.0,51.51,69.23,9.967,38.23,0.298,0.07407,0.03487,0.0927,0.006792,19.52,0.2878,1.402,3.718,7.071,0.8784,2.42,0.3879,0.2971,1.784,0.1198,0.0,0.0,0.0,0.0,0.0,0.0,0.0,0.0,0.0,0.0,0.0,0.516,0.02241,0.8998,1.006,0.2021,1.962,2.117,0.5828,0.3102,1.114,0.08143,7.863E-6,3.978E-6,2.805E-4,2.889E-4,3.433E-5,3.605E-4,2.772E-5,7.342E-6,3.906E-6,1.343E-5,1.112E-6,
0.0,0.0,0.0,0.0,0.0,0.0,0.0,0.0,0.0,0.0,0.0,0.0,0.0,0.0,0.0,0.0,0.0,0.0,0.0,0.0,0.0,0.0,2.8E-6,0.002198,0.02638,1.172,1.689,0.2705,0.9836,0.04083,0.008012,0.003284,0.00977,6.155E-4,0.0,0.0,0.0,0.0,0.0,0.0,0.0,0.0,0.0,0.0,0.0,0.0,0.0,0.0,0.0,0.0,0.0,0.0,0.0,0.0,0.0,0.0,2.2829999999999997E-22,0.0,4.0,5.298,0.2638,7.447,0.006695,0.002229,0.003995,0.9774,6.847E-4,0.0,0.0,0.0,0.0,0.0,0.0,0.0,0.0,0.0,0.0,0.0,0.0,0.0,0.0,0.0,0.0,0.0,0.0,0.0,0.0,0.0,0.0,0.0,0.0,0.0,0.0,0.0,0.0,0.0,0.0,0.0,0.0,0.0,0.0,0.0,0.0,0.0,0.0,0.0,0.0,0.0,0.0,0.0,0.0,0.0,0.0,1.0E-4,19950.0,9.55E25,2153.0,2838.0,376.5,204200.0,10670.0,3318.0,2040.0,7651.0,2304.0,0.4604,279.5,34.17,117.0,55.36,26.74,4.313,0.8682,0.5246,2.426,0.1581,0.004856,1651.0,51.51,69.22,9.971,38.23,0.298,0.07394,0.03376,0.09433,0.006539,19.52,0.2878,1.402,3.708,7.078,0.8784,2.417,0.3873,0.2996,1.795,0.1135,0.0,0.0,0.0,0.0,0.0,0.0,0.0,0.0,0.0,0.0,0.0,0.516,0.02241,0.8996,1.004,0.2019,1.962,2.116,0.5825,0.3172,1.114,0.07862,7.863E-6,3.978E-6,2.805E-4,2.887E-4,3.449E-5,3.605E-4,2.771E-5,7.327E-6,3.987E-6,1.343E-5,1.078E-6,
0.0,0.0,0.0,0.0,0.0,0.0,0.0,0.0,0.0,0.0,0.0,0.0,0.0,0.0,0.0,0.0,0.0,0.0,0.0,0.0,0.0,0.0,2.8E-6,0.002198,0.02638,1.171,1.69,0.2705,0.9833,0.04082,0.007962,0.003106,0.01,6.208E-4,0.0,0.0,0.0,0.0,0.0,0.0,0.0,0.0,0.0,0.0,0.0,0.0,0.0,0.0,0.0,0.0,0.0,0.0,0.0,0.0,0.0,0.0,2.2829999999999997E-22,0.0,4.0,5.298,0.2636,7.447,0.006542,0.002178,0.003904,0.9774,0.001123,0.0,0.0,0.0,0.0,0.0,0.0,0.0,0.0,0.0,0.0,0.0,0.0,0.0,0.0,0.0,0.0,0.0,0.0,0.0,0.0,0.0,0.0,0.0,0.0,0.0,0.0,0.0,0.0,0.0,0.0,0.0,0.0,0.0,0.0,0.0,0.0,0.0,0.0,0.0,0.0,0.0,0.0,0.0,0.0,0.0,0.0,1.0E-4,19950.0,9.55E25,2149.0,2842.0,377.3,204200.0,10670.0,3312.0,1953.0,7782.0,2264.0,0.4604,279.5,34.07,117.1,55.36,26.74,4.308,0.8684,0.523,2.429,0.1612,0.004856,1651.0,51.5,69.23,9.971,38.23,0.2974,0.07383,0.03315,0.0954,0.006694,19.52,0.2878,1.401,3.709,7.078,0.8784,2.415,0.3881,0.3019,1.791,0.1155,0.0,0.0,0.0,0.0,0.0,0.0,0.0,0.0,0.0,0.0,0.0,0.516,0.02241,0.8982,1.006,0.202,1.962,2.116,0.5807,0.302,1.131,0.07895,7.863E-6,3.978E-6,2.801E-4,2.891E-4,3.449E-5,3.604E-4,2.771E-5,7.305E-6,3.803E-6,1.363E-5,1.082E-6,
0.0,0.0,0.0,0.0,0.0,0.0,0.0,0.0,0.0,0.0,0.0,0.0,0.0,0.0,0.0,0.0,0.0,0.0,0.0,0.0,0.0,0.0,2.8E-6,0.002198,0.02638,1.169,1.689,0.2705,0.9852,0.04181,0.007107,0.003093,0.009873,6.182E-4,0.0,0.0,0.0,0.0,0.0,0.0,0.0,0.0,0.0,0.0,0.0,0.0,0.0,0.0,0.0,0.0,0.0,0.0,0.0,0.0,0.0,0.0,2.2829999999999997E-22,0.0,4.0,5.298,0.2639,7.447,0.006772,0.002255,0.004041,0.9766,0.001163,0.0,0.0,0.0,0.0,0.0,0.0,0.0,0.0,0.0,0.0,0.0,0.0,0.0,0.0,0.0,0.0,0.0,0.0,0.0,0.0,0.0,0.0,0.0,0.0,0.0,0.0,0.0,0.0,0.0,0.0,0.0,0.0,0.0,0.0,0.0,0.0,0.0,0.0,0.0,0.0,0.0,0.0,0.0,0.0,0.0,0.0,1.0E-4,19950.0,9.55E25,2145.0,2841.0,378.9,204200.0,11040.0,3002.0,1940.0,7743.0,2254.0,0.4604,279.5,34.07,117.1,55.35,26.74,4.672,0.5491,0.5223,2.391,0.1578,0.004856,1651.0,51.5,69.23,9.971,38.23,0.3337,0.04222,0.03303,0.09152,0.00639,19.52,0.2878,1.401,3.71,7.078,0.8784,2.546,0.2716,0.302,1.777,0.1141,0.0,0.0,0.0,0.0,0.0,0.0,0.0,0.0,0.0,0.0,0.0,0.516,0.02241,0.896,1.005,0.2022,1.964,2.188,0.5198,0.2999,1.122,0.07806,7.863E-6,3.978E-6,2.792E-4,2.891E-4,3.449E-5,3.612E-4,2.86E-5,6.562E-6,3.779E-6,1.353E-5,1.072E-6,
0.0,0.0,0.0,0.0,0.0,0.0,0.0,0.0,0.0,0.0,0.0,0.0,0.0,0.0,0.0,0.0,0.0,0.0,0.0,0.0,0.0,0.0,2.8E-6,0.002198,0.02638,1.169,1.689,0.2708,0.9848,0.04185,0.007083,0.003105,0.009855,6.005E-4,0.0,0.0,0.0,0.0,0.0,0.0,0.0,0.0,0.0,0.0,0.0,0.0,0.0,0.0,0.0,0.0,0.0,0.0,0.0,0.0,0.0,0.0,2.2829999999999997E-22,0.0,4.0,5.298,0.2667,7.447,0.009304,0.003098,0.005552,0.9679,0.001598,0.0,0.0,0.0,0.0,0.0,0.0,0.0,0.0,0.0,0.0,0.0,0.0,0.0,0.0,0.0,0.0,0.0,0.0,0.0,0.0,0.0,0.0,0.0,0.0,0.0,0.0,0.0,0.0,0.0,0.0,0.0,0.0,0.0,0.0,0.0,0.0,0.0,0.0,0.0,0.0,0.0,0.0,0.0,0.0,0.0,0.0,1.0E-4,19950.0,9.55E25,2146.0,2840.0,390.7,204200.0,11060.0,2995.0,1946.0,7728.0,2273.0,0.4604,279.5,34.07,116.8,55.65,26.74,4.679,0.5483,0.5239,2.381,0.1531,0.004856,1651.0,51.5,68.98,10.22,38.23,0.334,0.042,0.03317,0.09113,0.00626,19.52,0.2878,1.401,3.699,7.092,0.8784,2.551,0.2721,0.3026,1.771,0.1103,0.0,0.0,0.0,0.0,0.0,0.0,0.0,0.0,0.0,0.0,0.0,0.5159,0.02241,0.8961,1.002,0.2067,1.964,2.191,0.5186,0.3006,1.12,0.07581,7.863E-6,3.978E-6,2.792E-4,2.881E-4,3.547E-5,3.611E-4,2.863E-5,6.547E-6,3.787E-6,1.351E-5,1.045E-6,
0.0,0.0,0.0,0.0,0.0,0.0,0.0,0.0,0.0,0.0,0.0,0.0,0.0,0.0,0.0,0.0,0.0,0.0,0.0,0.0,0.0,0.0,2.8E-6,0.002198,0.02638,1.169,1.684,0.2755,0.9844,0.04184,0.007085,0.003106,0.009856,6.034E-4,0.0,0.0,0.0,0.0,0.0,0.0,0.0,0.0,0.0,0.0,0.0,0.0,0.0,0.0,0.0,0.0,0.0,0.0,0.0,0.0,0.0,0.0,2.2829999999999997E-22,0.0,4.0,5.298,0.2668,7.447,0.009411,0.003133,0.005616,0.9675,0.001616,0.0,0.0,0.0,0.0,0.0,0.0,0.0,0.0,0.0,0.0,0.0,0.0,0.0,0.0,0.0,0.0,0.0,0.0,0.0,0.0,0.0,0.0,0.0,0.0,0.0,0.0,0.0,0.0,0.0,0.0,0.0,0.0,0.0,0.0,0.0,0.0,0.0,0.0,0.0,0.0,0.0,0.0,0.0,0.0,0.0,0.0,1.0E-4,19950.0,9.55E25,2146.0,2832.0,399.2,204200.0,11060.0,3011.0,1950.0,7702.0,2277.0,0.4604,279.5,34.07,115.0,57.38,26.74,4.677,0.5493,0.5236,2.381,0.1536,0.004856,1651.0,51.5,68.55,10.65,38.23,0.3339,0.04201,0.03297,0.09126,0.006334,19.52,0.2878,1.401,3.644,7.149,0.8784,2.55,0.2732,0.3037,1.769,0.1104,0.0,0.0,0.0,0.0,0.0,0.0,0.0,0.0,0.0,0.0,0.0,0.5159,0.02241,0.896,0.9963,0.213,1.964,2.191,0.5204,0.3008,1.117,0.07639,7.863E-6,3.978E-6,2.791E-4,2.867E-4,3.683E-5,3.61E-4,2.863E-5,6.567E-6,3.79E-6,1.348E-5,1.052E-6,
0.0,0.0,0.0,0.0,0.0,0.0,0.0,0.0,0.0,0.0,0.0,0.0,0.0,0.0,0.0,0.0,0.0,0.0,0.0,0.0,0.0,0.0,2.8E-6,0.002198,0.02638,1.169,1.684,0.2757,0.9841,0.04164,0.007078,0.003225,0.009921,6.401E-4,0.0,0.0,0.0,0.0,0.0,0.0,0.0,0.0,0.0,0.0,0.0,0.0,0.0,0.0,0.0,0.0,0.0,0.0,0.0,0.0,0.0,0.0,2.2829999999999997E-22,0.0,4.0,5.298,0.2635,7.447,0.002961,8.441E-4,0.002429,0.9803,0.004807,0.0,0.0,0.0,0.0,0.0,0.0,0.0,0.0,0.0,0.0,0.0,0.0,0.0,0.0,0.0,0.0,0.0,0.0,0.0,0.0,0.0,0.0,0.0,0.0,0.0,0.0,0.0,0.0,0.0,0.0,0.0,0.0,0.0,0.0,0.0,0.0,0.0,0.0,0.0,0.0,0.0,0.0,0.0,0.0,0.0,0.0,1.0E-4,19950.0,9.55E25,2144.0,2830.0,386.4,204200.0,10980.0,2990.0,2043.0,7737.0,2262.0,0.4604,279.5,34.07,115.0,57.38,26.74,4.621,0.5485,0.5452,2.412,0.1639,0.004856,1651.0,51.5,68.49,10.71,38.23,0.3288,0.04257,0.03469,0.09383,0.006882,19.52,0.2878,1.401,3.643,7.145,0.8784,2.527,0.2689,0.3142,1.784,0.1171,0.0,0.0,0.0,0.0,0.0,0.0,0.0,0.0,0.0,0.0,0.0,0.5159,0.02241,0.8958,0.9955,0.2113,1.964,2.177,0.5181,0.3142,1.12,0.07985,7.863E-6,3.978E-6,2.791E-4,2.865E-4,3.696E-5,3.61E-4,2.845E-5,6.54E-6,3.95E-6,1.351E-5,1.093E-6,
0.0,0.0,0.0,0.0,0.0,0.0,0.0,0.0,0.0,0.0,0.0,0.0,0.0,0.0,0.0,0.0,0.0,0.0,0.0,0.0,0.0,0.0,2.8E-6,0.002198,0.02638,1.165,1.687,0.2762,0.9838,0.04164,0.007063,0.003248,0.009891,6.48E-4,0.0,0.0,0.0,0.0,0.0,0.0,0.0,0.0,0.0,0.0,0.0,0.0,0.0,0.0,0.0,0.0,0.0,0.0,0.0,0.0,0.0,0.0,2.2829999999999997E-22,0.0,4.0,5.298,0.2668,7.447,0.004312,0.001229,0.005104,0.9697,0.006999,0.0,0.0,0.0,0.0,0.0,0.0,0.0,0.0,0.0,0.0,0.0,0.0,0.0,0.0,0.0,0.0,0.0,0.0,0.0,0.0,0.0,0.0,0.0,0.0,0.0,0.0,0.0,0.0,0.0,0.0,0.0,0.0,0.0,0.0,0.0,0.0,0.0,0.0,0.0,0.0,0.0,0.0,0.0,0.0,0.0,0.0,1.0E-4,19950.0,9.55E25,2144.0,2829.0,397.8,204200.0,11000.0,3037.0,2039.0,7693.0,2241.0,0.4604,279.5,34.05,114.7,57.7,26.74,4.625,0.5409,0.5532,2.399,0.1665,0.004856,1651.0,51.39,68.6,10.71,38.23,0.329,0.04089,0.03563,0.094,0.006985,19.52,0.2878,1.401,3.642,7.152,0.8784,2.529,0.2719,0.3162,1.77,0.119,0.0,0.0,0.0,0.0,0.0,0.0,0.0,0.0,0.0,0.0,0.0,0.5159,0.02241,0.8951,0.9961,0.2131,1.964,2.177,0.5232,0.3132,1.112,0.0807,7.863E-6,3.978E-6,2.789E-4,2.866E-4,3.714E-5,3.609E-4,2.846E-5,6.598E-6,3.939E-6,1.342E-5,1.103E-6,
0.0,0.0,0.0,0.0,0.0,0.0,0.0,0.0,0.0,0.0,0.0,0.0,0.0,0.0,0.0,0.0,0.0,0.0,0.0,0.0,0.0,0.0,2.8E-6,0.002198,0.02648,1.165,1.687,0.2762,0.9834,0.04151,0.007017,0.003272,0.009991,6.433E-4,0.0,0.0,0.0,0.0,0.0,0.0,0.0,0.0,0.0,0.0,0.0,0.0,0.0,0.0,0.0,0.0,0.0,0.0,0.0,0.0,0.0,0.0,2.2829999999999997E-22,0.0,4.0,5.297,0.2587,7.447,9.831E-4,2.802E-4,7.506E-4,0.9936,0.001508,0.0,0.0,0.0,0.0,0.0,0.0,0.0,0.0,0.0,0.0,0.0,0.0,0.0,0.0,0.0,0.0,0.0,0.0,0.0,0.0,0.0,0.0,0.0,0.0,0.0,0.0,0.0,0.0,0.0,0.0,0.0,0.0,0.0,0.0,0.0,0.0,0.0,0.0,0.0,0.0,0.0,0.0,0.0,0.0,0.0,0.0,1.0E-4,19950.0,9.55E25,2142.0,2827.0,376.1,204200.0,10980.0,3001.0,2059.0,7751.0,2230.0,0.4604,279.5,34.05,114.7,57.68,26.74,4.617,0.5375,0.5444,2.439,0.1595,0.004856,1651.0,51.39,68.6,10.71,38.23,0.329,0.04044,0.03503,0.09588,0.006725,19.52,0.2916,1.4,3.64,7.142,0.8784,2.521,0.2713,0.3113,1.797,0.1136,0.0,0.0,0.0,0.0,0.0,0.0,0.0,0.0,0.0,0.0,0.0,0.5159,0.02513,0.8947,0.9956,0.2099,1.964,2.173,0.5171,0.3159,1.122,0.07978,7.863E-6,4.014E-6,2.789E-4,2.865E-4,3.711E-5,3.608E-4,2.841E-5,6.527E-6,3.971E-6,1.353E-5,1.092E-6,
0.0,0.0,0.0,0.0,0.0,0.0,0.0,0.0,0.0,0.0,0.0,0.0,0.0,0.0,0.0,0.0,0.0,0.0,0.0,0.0,0.0,0.0,2.8E-6,0.002225,0.02648,1.165,1.687,0.2762,0.983,0.04153,0.007032,0.003259,0.009916,6.294E-4,0.0,0.0,0.0,0.0,0.0,0.0,0.0,0.0,0.0,0.0,0.0,0.0,0.0,0.0,0.0,0.0,0.0,0.0,0.0,0.0,0.0,0.0,2.2829999999999997E-22,0.0,4.001,5.298,0.2672,7.447,0.004476,0.001276,0.003418,0.9708,0.006868,0.0,0.0,0.0,0.0,0.0,0.0,0.0,0.0,0.0,0.0,0.0,0.0,0.0,0.0,0.0,0.0,0.0,0.0,0.0,0.0,0.0,0.0,0.0,0.0,0.0,0.0,0.0,0.0,0.0,0.0,0.0,0.0,0.0,0.0,0.0,0.0,0.0,0.0,0.0,0.0,0.0,0.0,0.0,0.0,0.0,0.0,1.0E-4,19970.0,9.55E25,2123.0,2829.0,397.4,204200.0,10990.0,3012.0,2051.0,7722.0,2194.0,0.4674,279.5,33.48,114.7,57.7,27.31,4.626,0.536,0.5488,2.401,0.1613,0.005087,1651.0,47.75,68.6,10.71,41.87,0.3294,0.04034,0.0352,0.09442,0.006813,19.53,0.2916,1.373,3.642,7.152,0.9056,2.527,0.2705,0.3146,1.769,0.1149,0.0,0.0,0.0,0.0,0.0,0.0,0.0,0.0,0.0,0.0,0.0,0.5192,0.02513,0.8678,0.996,0.2131,1.99,2.176,0.5184,0.3149,1.113,0.07816,7.902E-6,4.014E-6,2.67E-4,2.865E-4,3.714E-5,3.726E-4,2.844E-5,6.542E-6,3.96E-6,1.343E-5,1.073E-6,
0.0,0.0,0.0,0.0,0.0,0.0,0.0,0.0,0.0,0.0,0.0,0.0,0.0,0.0,0.0,0.0,0.0,0.0,0.0,0.0,0.0,0.0,2.8E-6,0.002225,0.02648,1.164,1.687,0.2762,0.9829,0.04153,0.007027,0.003259,0.009932,6.344E-4,0.0,0.0,0.0,0.0,0.0,0.0,0.0,0.0,0.0,0.0,0.0,0.0,0.0,0.0,0.0,0.0,0.0,0.0,0.0,0.0,0.0,0.0,2.2829999999999997E-22,0.0,4.0,5.298,0.2642,7.447,0.003242,9.241E-4,0.002475,0.981,0.002874,0.0,0.0,0.0,0.0,0.0,0.0,0.0,0.0,0.0,0.0,0.0,0.0,0.0,0.0,0.0,0.0,0.0,0.0,0.0,0.0,0.0,0.0,0.0,0.0,0.0,0.0,0.0,0.0,0.0,0.0,0.0,0.0,0.0,0.0,0.0,0.0,0.0,0.0,0.0,0.0,0.0,0.0,0.0,0.0,0.0,0.0,1.0E-4,19970.0,9.55E25,2122.0,2829.0,391.3,204200.0,10990.0,3006.0,2059.0,7785.0,2134.0,0.4674,279.5,33.48,114.7,57.69,27.31,4.624,0.5326,0.5487,2.413,0.1602,0.005087,1651.0,47.75,68.6,10.71,41.87,0.3292,0.04022,0.0352,0.09492,0.0068,19.53,0.2916,1.373,3.641,7.149,0.9056,2.527,0.2679,0.3144,1.777,0.1138,0.0,0.0,0.0,0.0,0.0,0.0,0.0,0.0,0.0,0.0,0.0,0.5192,0.02513,0.8677,0.9959,0.2121,1.99,2.176,0.5173,0.3149,1.115,0.07862,7.902E-6,4.014E-6,2.67E-4,2.865E-4,3.713E-5,3.725E-4,2.844E-5,6.529E-6,3.96E-6,1.345E-5,1.078E-6,
0.0,0.0,0.0,0.0,0.0,0.0,0.0,0.0,0.0,0.0,0.0,0.0,0.0,0.0,0.0,0.0,0.0,0.0,0.0,0.0,0.0,0.0,2.8E-6,0.002225,0.02648,1.164,1.676,0.2869,0.9826,0.04149,0.007083,0.003258,0.009904,6.293E-4,0.0,0.0,0.0,0.0,0.0,0.0,0.0,0.0,0.0,0.0,0.0,0.0,0.0,0.0,0.0,0.0,0.0,0.0,0.0,0.0,0.0,0.0,2.2829999999999997E-22,0.0,4.001,5.298,0.2674,7.447,0.004534,0.001292,0.003462,0.9734,0.00402,0.0,0.0,0.0,0.0,0.0,0.0,0.0,0.0,0.0,0.0,0.0,0.0,0.0,0.0,0.0,0.0,0.0,0.0,0.0,0.0,0.0,0.0,0.0,0.0,0.0,0.0,0.0,0.0,0.0,0.0,0.0,0.0,0.0,0.0,0.0,0.0,0.0,0.0,0.0,0.0,0.0,0.0,0.0,0.0,0.0,0.0,1.0E-4,19970.0,9.55E25,2123.0,2826.0,404.6,204200.0,10990.0,3020.0,2062.0,7781.0,2188.0,0.4674,279.5,33.48,114.6,57.79,27.31,4.627,0.536,0.5491,2.401,0.1594,0.005087,1651.0,47.75,68.47,10.84,41.87,0.3293,0.04067,0.03493,0.09446,0.00678,19.53,0.2916,1.373,3.64,7.154,0.9056,2.529,0.2685,0.3165,1.769,0.1132,0.0,0.0,0.0,0.0,0.0,0.0,0.0,0.0,0.0,0.0,0.0,0.5192,0.02513,0.8678,0.9949,0.2146,1.99,2.175,0.5204,0.3152,1.112,0.07802,7.901E-6,4.014E-6,2.67E-4,2.86E-4,3.764E-5,3.725E-4,2.843E-5,6.567E-6,3.963E-6,1.341E-5,1.071E-6,
0.0,0.0,0.0,0.0,0.0,0.0,0.0,0.0,0.0,0.0,0.0,0.0,0.0,0.0,0.0,0.0,0.0,0.0,0.0,0.0,0.0,0.0,2.8E-6,0.002225,0.02648,1.164,1.677,0.2869,0.9823,0.04143,0.00711,0.003506,0.009716,6.403E-4,0.0,0.0,0.0,0.0,0.0,0.0,0.0,0.0,0.0,0.0,0.0,0.0,0.0,0.0,0.0,0.0,0.0,0.0,0.0,0.0,0.0,0.0,2.2829999999999997E-22,0.0,4.0,5.297,0.2583,7.447,8.081E-4,2.303E-4,0.0481,0.9484,1.255E-4,0.0,0.0,0.0,0.0,0.0,0.0,0.0,0.0,0.0,0.0,0.0,0.0,0.0,0.0,0.0,0.0,0.0,0.0,0.0,0.0,0.0,0.0,0.0,0.0,0.0,0.0,0.0,0.0,0.0,0.0,0.0,0.0,0.0,0.0,0.0,0.0,0.0,0.0,0.0,0.0,0.0,0.0,0.0,0.0,0.0,0.0,1.0E-4,19970.0,9.55E25,2119.0,2824.0,379.6,204200.0,10980.0,3020.0,2297.0,7588.0,2185.0,0.4674,279.5,33.38,114.7,57.84,27.31,4.623,0.5323,0.6121,2.369,0.1532,0.005087,1651.0,47.74,68.04,11.27,41.87,0.3294,0.04015,0.03614,0.09447,0.006673,19.53,0.2916,1.372,3.637,7.146,0.9056,2.525,0.268,0.3709,1.737,0.1078,0.0,0.0,0.0,0.0,0.0,0.0,0.0,0.0,0.0,0.0,0.0,0.5192,0.02513,0.8667,0.9948,0.2112,1.99,2.173,0.5207,0.3468,1.086,0.0785,7.901E-6,4.014E-6,2.667E-4,2.861E-4,3.775E-5,3.724E-4,2.84E-5,6.572E-6,4.339E-6,1.31E-5,1.077E-6,
0.0,0.0,0.0,0.0,0.0,0.0,0.0,0.0,0.0,0.0,0.0,0.0,0.0,0.0,0.0,0.0,0.0,0.0,0.0,0.0,0.0,0.0,2.8E-6,0.002225,0.02648,1.163,1.677,0.2869,0.9821,0.04143,0.007194,0.003002,0.01012,6.387E-4,0.0,0.0,0.0,0.0,0.0,0.0,0.0,0.0,0.0,0.0,0.0,0.0,0.0,0.0,0.0,0.0,0.0,0.0,0.0,0.0,0.0,0.0,2.2829999999999997E-22,0.0,4.118,5.707,0.2635,7.92,0.002949,8.405E-4,0.002251,0.9848,4.578E-4,0.0,0.0,0.0,0.0,0.0,0.0,0.0,0.0,0.0,0.0,0.0,0.0,0.0,0.0,0.0,0.0,0.0,0.0,0.0,0.0,0.0,0.0,0.0,0.0,0.0,0.0,0.0,0.0,0.0,0.0,0.0,0.0,0.0,0.0,0.0,0.0,0.0,0.0,0.0,0.0,0.0,0.0,0.0,0.0,0.0,0.0,1.0E-4,19970.0,9.55E25,2118.0,2828.0,393.8,204200.0,10980.0,3117.0,1915.0,7867.0,2203.0,0.4674,279.5,33.38,114.7,57.85,27.31,4.626,0.5257,0.5405,2.432,0.1542,0.005087,1651.0,47.74,68.04,11.27,41.87,0.3293,0.03879,0.03398,0.09749,0.006745,19.53,0.2916,1.372,3.638,7.153,0.9056,2.528,0.2701,0.3141,1.781,0.1083,0.0,0.0,0.0,0.0,0.0,0.0,0.0,0.0,0.0,0.0,0.0,0.5192,0.02513,0.8624,0.9996,0.2133,1.99,2.174,0.5339,0.2896,1.127,0.07841,7.901E-6,4.014E-6,2.665E-4,2.863E-4,3.777E-5,3.724E-4,2.841E-5,6.728E-6,3.655E-6,1.36E-5,1.077E-6,
0.0,0.0,0.0,0.0,0.0,0.0,0.0,0.0,0.0,0.0,0.0,0.0,0.0,0.0,0.0,0.0,0.0,0.0,0.0,0.0,0.0,0.0,2.8E-6,0.002225,0.02648,1.163,1.677,0.2869,0.9819,0.04143,0.007167,0.00304,0.01008,6.58E-4,0.0,0.0,0.0,0.0,0.0,0.0,0.0,0.0,0.0,0.0,0.0,0.0,0.0,0.0,0.0,0.0,0.0,0.0,0.0,0.0,0.0,0.0,2.2829999999999997E-22,0.0,4.118,5.707,0.2632,7.92,0.002825,8.052E-4,0.002157,0.9853,5.856E-4,0.0,0.0,0.0,0.0,0.0,0.0,0.0,0.0,0.0,0.0,0.0,0.0,0.0,0.0,0.0,0.0,0.0,0.0,0.0,0.0,0.0,0.0,0.0,0.0,0.0,0.0,0.0,0.0,0.0,0.0,0.0,0.0,0.0,0.0,0.0,0.0,0.0,0.0,0.0,0.0,0.0,0.0,0.0,0.0,0.0,0.0,1.0E-4,19970.0,9.55E25,2115.0,2831.0,393.1,204200.0,10990.0,3098.0,1944.0,7966.0,2101.0,0.4674,279.5,33.38,114.7,57.85,27.31,4.628,0.5228,0.5411,2.428,0.1593,0.005087,1651.0,47.74,68.04,11.27,41.87,0.3295,0.0386,0.03396,0.09733,0.006964,19.53,0.2916,1.372,3.638,7.152,0.9056,2.53,0.2684,0.3148,1.777,0.1119,0.0,0.0,0.0,0.0,0.0,0.0,0.0,0.0,0.0,0.0,0.0,0.5192,0.02513,0.8615,1.0,0.2132,1.99,2.174,0.531,0.2933,1.123,0.08044,7.901E-6,4.014E-6,2.661E-4,2.866E-4,3.777E-5,3.723E-4,2.841E-5,6.694E-6,3.7E-6,1.356E-5,1.101E-6,
0.0,0.0,0.0,0.0,0.0,0.0,0.0,0.0,0.0,0.0,0.0,0.0,0.0,0.0,0.0,0.0,0.0,0.0,0.0,0.0,0.0,0.0,2.8E-6,0.002225,0.02648,1.163,1.672,0.2916,0.9814,0.04129,0.007292,0.003126,0.01004,6.614E-4,0.0,0.0,0.0,0.0,0.0,0.0,0.0,0.0,0.0,0.0,0.0,0.0,0.0,0.0,0.0,0.0,0.0,0.0,0.0,0.0,0.0,0.0,2.2829999999999997E-22,0.0,4.118,5.707,0.2583,7.92,8.129E-4,2.317E-4,0.001377,0.9943,9.27E-4,0.0,0.0,0.0,0.0,0.0,0.0,0.0,0.0,0.0,0.0,0.0,0.0,0.0,0.0,0.0,0.0,0.0,0.0,0.0,0.0,0.0,0.0,0.0,0.0,0.0,0.0,0.0,0.0,0.0,0.0,0.0,0.0,0.0,0.0,0.0,0.0,0.0,0.0,0.0,0.0,0.0,0.0,0.0,0.0,0.0,0.0,1.0E-4,19970.0,9.55E25,2114.0,2821.0,387.9,204200.0,10990.0,3091.0,2016.0,7935.0,2110.0,0.4674,279.5,33.38,112.8,59.76,27.31,4.626,0.521,0.5376,2.443,0.1613,0.005087,1651.0,47.74,67.65,11.67,41.87,0.3294,0.03854,0.03352,0.09823,0.007043,19.53,0.2916,1.372,3.582,7.201,0.9056,2.528,0.2672,0.314,1.787,0.1134,0.0,0.0,0.0,0.0,0.0,0.0,0.0,0.0,0.0,0.0,0.0,0.5192,0.02513,0.8613,0.9939,0.2174,1.99,2.173,0.5297,0.3036,1.117,0.08078,7.901E-6,4.014E-6,2.661E-4,2.852E-4,3.916E-5,3.722E-4,2.84E-5,6.684E-6,3.823E-6,1.348E-5,1.105E-6,
0.0,0.0,0.0,0.0,0.0,0.0,0.0,0.0,0.0,0.0,0.0,0.0,0.0,0.0,0.0,0.0,0.0,0.0,0.0,0.0,0.0,0.0,2.8E-6,0.002225,0.02648,1.163,1.672,0.2916,0.981,0.04117,0.007362,0.003289,0.009919,6.586E-4,0.0,0.0,0.0,0.0,0.0,0.0,0.0,0.0,0.0,0.0,0.0,0.0,0.0,0.0,0.0,0.0,0.0,0.0,0.0,0.0,0.0,0.0,2.2829999999999997E-22,0.0,4.118,5.707,0.2582,7.92,7.748E-4,2.208E-4,0.02201,0.9745,1.938E-4,0.0,0.0,0.0,0.0,0.0,0.0,0.0,0.0,0.0,0.0,0.0,0.0,0.0,0.0,0.0,0.0,0.0,0.0,0.0,0.0,0.0,0.0,0.0,0.0,0.0,0.0,0.0,0.0,0.0,0.0,0.0,0.0,0.0,0.0,0.0,0.0,0.0,0.0,0.0,0.0,0.0,0.0,0.0,0.0,0.0,0.0,1.0E-4,19970.0,9.55E25,2113.0,2821.0,387.4,204200.0,10990.0,3099.0,2117.0,7829.0,2107.0,0.4674,279.5,33.38,112.8,59.76,27.31,4.627,0.5258,0.5632,2.413,0.16,0.005087,1651.0,47.74,67.65,11.67,41.87,0.3294,0.03888,0.03412,0.09738,0.006997,19.53,0.2916,1.372,3.582,7.201,0.9056,2.528,0.2698,0.3355,1.763,0.1124,0.0,0.0,0.0,0.0,0.0,0.0,0.0,0.0,0.0,0.0,0.0,0.5192,0.02513,0.8613,0.9938,0.2173,1.99,2.173,0.5307,0.318,1.103,0.08035,7.901E-6,4.014E-6,2.66E-4,2.852E-4,3.916E-5,3.721E-4,2.839E-5,6.7E-6,3.997E-6,1.331E-5,1.1E-6,
0.0,0.0,0.0,0.0,0.0,0.0,0.0,0.0,0.0,0.0,0.0,0.0,0.0,0.0,0.0,0.0,0.0,0.0,0.0,0.0,0.0,0.0,2.8E-6,0.002236,0.02648,1.163,1.672,0.2916,0.9808,0.04104,0.007409,0.003178,0.0101,6.408E-4,0.0,0.0,0.0,0.0,0.0,0.0,0.0,0.0,0.0,0.0,0.0,0.0,0.0,0.0,0.0,0.0,0.0,0.0,0.0,0.0,0.0,0.0,2.2829999999999997E-22,0.0,4.118,5.707,0.2637,7.92,0.003044,8.675E-4,0.005157,0.9812,7.614E-4,0.0,0.0,0.0,0.0,0.0,0.0,0.0,0.0,0.0,0.0,0.0,0.0,0.0,0.0,0.0,0.0,0.0,0.0,0.0,0.0,0.0,0.0,0.0,0.0,0.0,0.0,0.0,0.0,0.0,0.0,0.0,0.0,0.0,0.0,0.0,0.0,0.0,0.0,0.0,0.0,0.0,0.0,0.0,0.0,0.0,0.0,1.0E-4,19980.0,9.55E25,2115.0,2823.0,400.7,204200.0,10980.0,3119.0,1988.0,7939.0,2125.0,0.4705,279.5,33.38,112.8,59.77,27.31,4.626,0.5274,0.5349,2.427,0.1584,0.00518,1651.0,47.74,67.65,11.67,41.87,0.3293,0.03823,0.03333,0.09831,0.006993,19.53,0.2916,1.372,3.583,7.208,0.9056,2.529,0.2754,0.3126,1.771,0.1109,0.0,0.0,0.0,0.0,0.0,0.0,0.0,0.0,0.0,0.0,0.0,0.5205,0.02513,0.8614,0.9941,0.2193,1.989,2.171,0.5317,0.2999,1.12,0.07821,7.917E-6,4.014E-6,2.66E-4,2.851E-4,3.918E-5,3.721E-4,2.836E-5,6.715E-6,3.784E-6,1.352E-5,1.074E-6,
0.0,0.0,0.0,0.0,0.0,0.0,0.0,0.0,0.0,0.0,0.0,0.0,0.0,0.0,0.0,0.0,0.0,0.0,0.0,0.0,0.0,0.0,2.8E-6,0.002236,0.02648,1.163,1.672,0.2916,0.9805,0.04103,0.007519,0.003095,0.01002,6.935E-4,0.0,0.0,0.0,0.0,0.0,0.0,0.0,0.0,0.0,0.0,0.0,0.0,0.0,0.0,0.0,0.0,0.0,0.0,0.0,0.0,0.0,0.0,2.2829999999999997E-22,0.0,4.119,5.708,0.2672,7.92,0.004469,0.001274,0.007572,0.9707,0.002839,0.0,0.0,0.0,0.0,0.0,0.0,0.0,0.0,0.0,0.0,0.0,0.0,0.0,0.0,0.0,0.0,0.0,0.0,0.0,0.0,0.0,0.0,0.0,0.0,0.0,0.0,0.0,0.0,0.0,0.0,0.0,0.0,0.0,0.0,0.0,0.0,0.0,0.0,0.0,0.0,0.0,0.0,0.0,0.0,0.0,0.0,1.0E-4,19980.0,9.55E25,2115.0,2824.0,408.9,204200.0,10990.0,3155.0,1965.0,7900.0,2171.0,0.4705,279.5,33.38,112.8,59.78,27.31,4.632,0.5248,0.5402,2.399,0.171,0.00518,1651.0,47.74,67.65,11.67,41.87,0.3297,0.03793,0.03365,0.0971,0.007501,19.53,0.2916,1.372,3.584,7.212,0.9056,2.532,0.2747,0.3159,1.751,0.1201,0.0,0.0,0.0,0.0,0.0,0.0,0.0,0.0,0.0,0.0,0.0,0.5205,0.02513,0.8615,0.9942,0.2204,1.989,2.173,0.5383,0.295,1.11,0.08317,7.916E-6,4.014E-6,2.66E-4,2.851E-4,3.919E-5,3.72E-4,2.838E-5,6.796E-6,3.722E-6,1.34E-5,1.134E-6,
0.0,0.0,0.0,0.0,0.0,0.0,0.0,0.0,0.0,0.0,0.0,0.0,0.0,0.0,0.0,0.0,0.0,0.0,0.0,0.0,0.0,0.0,2.8E-6,0.002236,0.02648,1.163,1.672,0.2916,0.9803,0.04103,0.007502,0.003117,0.01,7.021E-4,0.0,0.0,0.0,0.0,0.0,0.0,0.0,0.0,0.0,0.0,0.0,0.0,0.0,0.0,0.0,0.0,0.0,0.0,0.0,0.0,0.0,0.0,2.2829999999999997E-22,0.0,4.119,5.708,0.2677,7.92,0.004693,0.001338,0.007951,0.9692,0.002981,0.0,0.0,0.0,0.0,0.0,0.0,0.0,0.0,0.0,0.0,0.0,0.0,0.0,0.0,0.0,0.0,0.0,0.0,0.0,0.0,0.0,0.0,0.0,0.0,0.0,0.0,0.0,0.0,0.0,0.0,0.0,0.0,0.0,0.0,0.0,0.0,0.0,0.0,0.0,0.0,0.0,0.0,0.0,0.0,0.0,0.0,1.0E-4,19980.0,9.55E25,2115.0,2824.0,410.5,204200.0,10990.0,3151.0,1968.0,7896.0,2168.0,0.4705,279.5,33.38,112.8,59.78,27.31,4.634,0.5246,0.5397,2.397,0.1712,0.00518,1651.0,47.74,67.65,11.67,41.87,0.3298,0.03778,0.03367,0.097,0.007506,19.53,0.2916,1.373,3.584,7.212,0.9056,2.532,0.2755,0.3152,1.749,0.1203,0.0,0.0,0.0,0.0,0.0,0.0,0.0,0.0,0.0,0.0,0.0,0.5205,0.02513,0.8615,0.9942,0.2207,1.989,2.174,0.5369,0.2962,1.109,0.08382,7.916E-6,4.014E-6,2.66E-4,2.851E-4,3.92E-5,3.72E-4,2.839E-5,6.779E-6,3.737E-6,1.339E-5,1.142E-6,
0.0,0.0,0.0,0.0,0.0,0.0,0.0,0.0,0.0,0.0,0.0,0.0,0.0,0.0,0.0,0.0,0.0,0.0,0.0,0.0,0.0,0.0,2.8E-6,0.002235,0.02648,1.162,1.672,0.2916,0.98,0.04101,0.007519,0.002965,0.01016,6.968E-4,0.0,0.0,0.0,0.0,0.0,0.0,0.0,0.0,0.0,0.0,0.0,0.0,0.0,0.0,0.0,0.0,0.0,0.0,0.0,0.0,0.0,0.0,2.2829999999999997E-22,0.0,4.119,5.708,0.2682,7.92,0.004876,0.00139,0.008262,0.968,0.003098,0.0,0.0,0.0,0.0,0.0,0.0,0.0,0.0,0.0,0.0,0.0,0.0,0.0,0.0,0.0,0.0,0.0,0.0,0.0,0.0,0.0,0.0,0.0,0.0,0.0,0.0,0.0,0.0,0.0,0.0,0.0,0.0,0.0,0.0,0.0,0.0,0.0,0.0,0.0,0.0,0.0,0.0,0.0,0.0,0.0,0.0,1.0E-4,19970.0,9.55E25,2114.0,2826.0,412.2,204200.0,11000.0,3175.0,1884.0,7954.0,2261.0,0.4705,279.5,33.38,112.8,59.78,27.31,4.635,0.5171,0.5394,2.4,0.172,0.00518,1651.0,47.74,67.65,11.67,41.87,0.3302,0.0364,0.03358,0.09787,0.007592,19.53,0.2916,1.373,3.584,7.213,0.9056,2.532,0.2767,0.3155,1.747,0.1207,0.0,0.0,0.0,0.0,0.0,0.0,0.0,0.0,0.0,0.0,0.0,0.5204,0.02513,0.8611,0.9946,0.2209,1.989,2.174,0.5399,0.2814,1.121,0.08318,7.916E-6,4.014E-6,2.659E-4,2.852E-4,3.92E-5,3.719E-4,2.839E-5,6.814E-6,3.56E-6,1.353E-5,1.134E-6,
0.0,0.0,0.0,0.0,0.0,0.0,0.0,0.0,0.0,0.0,0.0,0.0,0.0,0.0,0.0,0.0,0.0,0.0,0.0,0.0,0.0,0.0,2.8E-6,0.002235,0.02648,1.162,1.672,0.2916,0.9795,0.04099,0.007515,0.003013,0.01012,7.091E-4,0.0,0.0,0.0,0.0,0.0,0.0,0.0,0.0,0.0,0.0,0.0,0.0,0.0,0.0,0.0,0.0,0.0,0.0,0.0,0.0,0.0,0.0,2.2829999999999997E-22,0.0,4.119,5.708,0.2675,7.92,0.00215,0.003781,0.00782,0.9698,0.002832,0.0,0.0,0.0,0.0,0.0,0.0,0.0,0.0,0.0,0.0,0.0,0.0,0.0,0.0,0.0,0.0,0.0,0.0,0.0,0.0,0.0,0.0,0.0,0.0,0.0,0.0,0.0,0.0,0.0,0.0,0.0,0.0,0.0,0.0,0.0,0.0,0.0,0.0,0.0,0.0,0.0,0.0,0.0,0.0,0.0,0.0,1.0E-4,19970.0,9.55E25,2113.0,2827.0,412.9,204200.0,11000.0,3175.0,1915.0,7918.0,2265.0,0.4705,279.5,33.38,112.8,59.78,27.31,4.633,0.5217,0.5345,2.405,0.1715,0.00518,1651.0,47.74,67.65,11.67,41.87,0.3301,0.03667,0.03316,0.09822,0.00757,19.53,0.2916,1.372,3.584,7.212,0.9056,2.53,0.2795,0.3133,1.749,0.1203,0.0,0.0,0.0,0.0,0.0,0.0,0.0,0.0,0.0,0.0,0.0,0.5204,0.02513,0.8607,0.9949,0.221,1.989,2.173,0.5397,0.2853,1.116,0.0845,7.916E-6,4.014E-6,2.657E-4,2.853E-4,3.92E-5,3.718E-4,2.838E-5,6.812E-6,3.607E-6,1.347E-5,1.15E-6,
0.0,0.0,0.0,0.0,0.0,0.0,0.0,0.0,0.0,0.0,0.0,0.0,0.0,0.0,0.0,0.0,0.0,0.0,0.0,0.0,0.0,0.0,2.8E-6,0.002235,0.02648,1.162,1.672,0.2916,0.9794,0.04098,0.007467,0.003109,0.01007,7.254E-4,0.0,0.0,0.0,0.0,0.0,0.0,0.0,0.0,0.0,0.0,0.0,0.0,0.0,0.0,0.0,0.0,0.0,0.0,0.0,0.0,0.0,0.0,2.2819999999999996E-22,0.0,4.383,5.75,0.2673,8.614,0.0021,0.003692,0.007636,0.9673,0.005975,0.0,0.0,0.0,0.0,0.0,0.0,0.0,0.0,0.0,0.0,0.0,0.0,0.0,0.0,0.0,0.0,0.0,0.0,0.0,0.0,0.0,0.0,0.0,0.0,0.0,0.0,0.0,0.0,0.0,0.0,0.0,0.0,0.0,0.0,0.0,0.0,0.0,0.0,0.0,0.0,0.0,0.0,0.0,0.0,0.0,0.0,1.0E-4,19980.0,9.55E25,2093.0,2829.0,409.2,204300.0,11010.0,3144.0,1974.0,7880.0,2378.0,0.4705,279.5,32.85,112.8,59.78,27.84,4.634,0.5221,0.5309,2.401,0.178,0.00518,1651.0,44.37,67.65,11.67,45.24,0.3303,0.03666,0.03265,0.09831,0.007837,19.53,0.2916,1.347,3.584,7.212,0.9308,2.53,0.28,0.3129,1.745,0.1251,0.0,0.0,0.0,0.0,0.0,0.0,0.0,0.0,0.0,0.0,0.0,0.5204,0.02513,0.8344,0.996,0.2205,2.014,2.175,0.5343,0.2939,1.11,0.08629,7.915E-6,4.014E-6,2.563E-4,2.855E-4,3.919E-5,3.809E-4,2.84E-5,6.747E-6,3.711E-6,1.34E-5,1.172E-6,
0.0,0.0,0.0,0.0,0.0,0.0,0.0,0.0,0.0,0.0,0.0,0.0,0.0,0.0,0.0,0.0,0.0,0.0,0.0,0.0,0.0,0.0,2.8E-6,0.002235,0.02648,1.162,1.672,0.2916,0.9794,0.041,0.007469,0.002968,0.01015,7.811E-4,0.0,0.0,0.0,0.0,0.0,0.0,0.0,0.0,0.0,0.0,0.0,0.0,0.0,0.0,0.0,0.0,0.0,0.0,0.0,0.0,0.0,0.0,2.2819999999999996E-22,0.0,4.382,5.749,0.2632,8.614,0.001313,0.00231,0.01361,0.9721,0.002331,0.0,0.0,0.0,0.0,0.0,0.0,0.0,0.0,0.0,0.0,0.0,0.0,0.0,0.0,0.0,0.0,0.0,0.0,0.0,0.0,0.0,0.0,0.0,0.0,0.0,0.0,0.0,0.0,0.0,0.0,0.0,0.0,0.0,0.0,0.0,0.0,0.0,0.0,0.0,0.0,0.0,0.0,0.0,0.0,0.0,0.0,1.0E-4,19980.0,9.55E25,2092.0,2828.0,399.6,204300.0,11030.0,3155.0,1921.0,7912.0,2449.0,0.4705,279.5,32.85,112.8,59.77,27.84,4.663,0.5235,0.5015,2.409,0.1776,0.00518,1651.0,44.37,67.65,11.67,45.24,0.3333,0.03672,0.02923,0.09906,0.007739,19.53,0.2916,1.347,3.583,7.207,0.9308,2.539,0.2811,0.3055,1.748,0.1249,0.0,0.0,0.0,0.0,0.0,0.0,0.0,0.0,0.0,0.0,0.0,0.5203,0.02513,0.8343,0.9957,0.2191,2.014,2.178,0.5353,0.2831,1.115,0.0898,7.914E-6,4.014E-6,2.563E-4,2.855E-4,3.918E-5,3.809E-4,2.844E-5,6.758E-6,3.579E-6,1.346E-5,1.216E-6,
0.0,0.0,0.0,0.0,0.0,0.0,0.0,0.0,0.0,0.0,0.0,0.0,0.0,0.0,0.0,0.0,0.0,0.0,0.0,0.0,0.0,0.0,2.8E-6,0.002248,0.02648,1.162,1.671,0.2916,0.9788,0.04096,0.00751,0.002923,0.01017,7.805E-4,0.0,0.0,0.0,0.0,0.0,0.0,0.0,0.0,0.0,0.0,0.0,0.0,0.0,0.0,0.0,0.0,0.0,0.0,0.0,0.0,0.0,0.0,2.2819999999999996E-22,0.0,4.382,5.749,0.2634,8.614,0.001351,0.002375,0.006254,0.9786,0.002913,0.0,0.0,0.0,0.0,0.0,0.0,0.0,0.0,0.0,0.0,0.0,0.0,0.0,0.0,0.0,0.0,0.0,0.0,0.0,0.0,0.0,0.0,0.0,0.0,0.0,0.0,0.0,0.0,0.0,0.0,0.0,0.0,0.0,0.0,0.0,0.0,0.0,0.0,0.0,0.0,0.0,0.0,0.0,0.0,0.0,0.0,1.0E-4,19990.0,9.55E25,2092.0,2829.0,401.2,204300.0,11030.0,3161.0,1887.0,7940.0,2437.0,0.4739,279.5,32.85,112.8,59.77,27.84,4.662,0.5219,0.4898,2.418,0.1771,0.005279,1651.0,44.37,67.65,11.67,45.24,0.3331,0.03673,0.02878,0.09945,0.007797,19.53,0.2916,1.347,3.584,7.207,0.9308,2.54,0.2794,0.2968,1.755,0.1241,0.0,0.0,0.0,0.0,0.0,0.0,0.0,0.0,0.0,0.0,0.0,0.5219,0.02513,0.8342,0.9958,0.2194,2.014,2.178,0.5367,0.278,1.117,0.08945,7.933E-6,4.014E-6,2.563E-4,2.855E-4,3.918E-5,3.808E-4,2.843E-5,6.777E-6,3.519E-6,1.349E-5,1.211E-6,
0.0,0.0,0.0,0.0,0.0,0.0,0.0,0.0,0.0,0.0,0.0,0.0,0.0,0.0,0.0,0.0,0.0,0.0,0.0,0.0,0.0,0.0,2.8E-6,0.002248,0.02648,1.161,1.672,0.2916,0.9784,0.04023,0.007998,0.003184,0.01015,7.87E-4,0.0,0.0,0.0,0.0,0.0,0.0,0.0,0.0,0.0,0.0,0.0,0.0,0.0,0.0,0.0,0.0,0.0,0.0,0.0,0.0,0.0,0.0,2.2819999999999996E-22,0.0,4.382,5.749,0.2637,8.614,0.001404,0.002468,0.0065,0.976,0.004813,0.0,0.0,0.0,0.0,0.0,0.0,0.0,0.0,0.0,0.0,0.0,0.0,0.0,0.0,0.0,0.0,0.0,0.0,0.0,0.0,0.0,0.0,0.0,0.0,0.0,0.0,0.0,0.0,0.0,0.0,0.0,0.0,0.0,0.0,0.0,0.0,0.0,0.0,0.0,0.0,0.0,0.0,0.0,0.0,0.0,0.0,1.0E-4,19990.0,9.55E25,2092.0,2828.0,402.4,204300.0,10880.0,3249.0,1962.0,7911.0,2455.0,0.4739,279.5,32.85,112.8,59.77,27.84,4.615,0.5626,0.4959,2.413,0.1821,0.005279,1651.0,44.37,67.65,11.67,45.24,0.3268,0.04217,0.02961,0.09927,0.007996,19.53,0.2916,1.347,3.584,7.208,0.9308,2.534,0.2849,0.2981,1.751,0.1278,0.0,0.0,0.0,0.0,0.0,0.0,0.0,0.0,0.0,0.0,0.0,0.5219,0.02513,0.8339,0.9959,0.2195,2.014,2.144,0.5601,0.29,1.115,0.09054,7.933E-6,4.014E-6,2.561E-4,2.856E-4,3.918E-5,3.807E-4,2.8E-5,7.059E-6,3.682E-6,1.346E-5,1.224E-6,
0.0,0.0,0.0,0.0,0.0,0.0,0.0,0.0,0.0,0.0,0.0,0.0,0.0,0.0,0.0,0.0,0.0,0.0,0.0,0.0,0.0,0.0,2.8E-6,0.002248,0.02648,1.161,1.672,0.2916,0.9783,0.03435,0.01233,0.004763,0.0102,7.259E-4,0.0,0.0,0.0,0.0,0.0,0.0,0.0,0.0,0.0,0.0,0.0,0.0,0.0,0.0,0.0,0.0,0.0,0.0,0.0,0.0,0.0,0.0,2.2819999999999996E-22,0.0,4.382,5.749,0.2644,8.614,0.00154,0.002708,0.007131,0.9736,0.00528,0.0,0.0,0.0,0.0,0.0,0.0,0.0,0.0,0.0,0.0,0.0,0.0,0.0,0.0,0.0,0.0,0.0,0.0,0.0,0.0,0.0,0.0,0.0,0.0,0.0,0.0,0.0,0.0,0.0,0.0,0.0,0.0,0.0,0.0,0.0,0.0,0.0,0.0,0.0,0.0,0.0,0.0,0.0,0.0,0.0,0.0,1.0E-4,19990.0,9.55E25,2092.0,2826.0,403.2,204300.0,8906.0,4694.0,2510.0,7921.0,2427.0,0.4739,279.5,32.85,112.8,59.77,27.84,2.605,1.986,1.086,2.43,0.1658,0.005279,1651.0,44.37,67.65,11.67,45.24,0.1345,0.18,0.08427,0.1013,0.006358,19.53,0.2916,1.347,3.583,7.208,0.9308,1.758,0.8236,0.5368,1.755,0.1219,0.0,0.0,0.0,0.0,0.0,0.0,0.0,0.0,0.0,0.0,0.0,0.5219,0.02513,0.8339,0.9952,0.2194,2.013,1.753,0.8486,0.3954,1.117,0.08601,7.933E-6,4.014E-6,2.561E-4,2.855E-4,3.918E-5,3.807E-4,2.322E-5,1.059E-5,4.974E-6,1.348E-5,1.169E-6,
0.0,0.0,0.0,0.0,0.0,0.0,0.0,0.0,0.0,0.0,0.0,0.0,0.0,0.0,0.0,0.0,0.0,0.0,0.0,0.0,0.0,0.0,2.8E-6,0.002247,0.02648,1.161,1.672,0.2915,0.9782,0.03401,0.01381,0.003763,0.01021,6.637E-4,0.0,0.0,0.0,0.0,0.0,0.0,0.0,0.0,0.0,0.0,0.0,0.0,0.0,0.0,0.0,0.0,0.0,0.0,0.0,0.0,0.0,0.0,2.2819999999999996E-22,0.0,4.382,5.749,0.2631,8.614,0.001297,0.002281,0.004856,0.9829,4.697E-4,0.0,0.0,0.0,0.0,0.0,0.0,0.0,0.0,0.0,0.0,0.0,0.0,0.0,0.0,0.0,0.0,0.0,0.0,0.0,0.0,0.0,0.0,0.0,0.0,0.0,0.0,0.0,0.0,0.0,0.0,0.0,0.0,0.0,0.0,0.0,0.0,0.0,0.0,0.0,0.0,0.0,0.0,0.0,0.0,0.0,0.0,1.0E-4,19990.0,9.55E25,2091.0,2805.0,384.0,204200.0,8809.0,5229.0,2129.0,7935.0,2436.0,0.4739,279.5,32.85,112.7,59.76,27.84,2.375,2.729,0.6467,2.421,0.1436,0.005279,1651.0,44.37,67.65,11.66,45.24,0.1132,0.248,0.04445,0.0999,0.004674,19.53,0.2916,1.347,3.573,7.2,0.9308,1.664,1.13,0.3537,1.755,0.1107,0.0,0.0,0.0,0.0,0.0,0.0,0.0,0.0,0.0,0.0,0.0,0.5219,0.02513,0.8338,0.9912,0.216,2.013,1.733,0.9493,0.3245,1.119,0.08126,7.933E-6,4.014E-6,2.561E-4,2.855E-4,3.914E-5,3.807E-4,2.298E-5,1.181E-5,4.108E-6,1.351E-5,1.111E-6,
0.0,0.0,0.0,0.0,0.0,0.0,0.0,0.0,0.0,0.0,0.0,0.0,0.0,0.0,0.0,0.0,0.0,0.0,0.0,0.0,0.0,0.0,2.8E-6,0.002247,0.02648,1.161,1.672,0.2916,0.978,0.03275,0.01462,0.004108,0.0102,6.904E-4,0.0,0.0,0.0,0.0,0.0,0.0,0.0,0.0,0.0,0.0,0.0,0.0,0.0,0.0,0.0,0.0,0.0,0.0,0.0,0.0,0.0,0.0,2.2819999999999996E-22,0.0,4.383,5.75,0.268,8.614,0.002241,0.003941,0.008391,0.9705,8.117E-4,0.0,0.0,0.0,0.0,0.0,0.0,0.0,0.0,0.0,0.0,0.0,0.0,0.0,0.0,0.0,0.0,0.0,0.0,0.0,0.0,0.0,0.0,0.0,0.0,0.0,0.0,0.0,0.0,0.0,0.0,0.0,0.0,0.0,0.0,0.0,0.0,0.0,0.0,0.0,0.0,0.0,0.0,0.0,0.0,0.0,0.0,1.0E-4,19990.0,9.55E25,2093.0,2821.0,406.2,204200.0,8375.0,5509.0,2260.0,7916.0,2431.0,0.4739,279.5,32.85,112.7,59.77,27.84,2.074,2.853,0.7869,2.415,0.1524,0.005279,1651.0,44.37,67.65,11.67,45.24,0.0853,0.2594,0.05693,0.1005,0.005448,19.53,0.2916,1.347,3.58,7.21,0.9308,1.542,1.181,0.4136,1.745,0.1147,0.0,0.0,0.0,0.0,0.0,0.0,0.0,0.0,0.0,0.0,0.0,0.5219,0.02513,0.834,0.9942,0.2197,2.013,1.65,1.003,0.349,1.116,0.083,7.933E-6,4.014E-6,2.561E-4,2.855E-4,3.918E-5,3.806E-4,2.196E-5,1.247E-5,4.407E-6,1.348E-5,1.132E-6,
0.0,0.0,0.0,0.0,0.0,0.0,0.0,0.0,0.0,0.0,0.0,0.0,0.0,0.0,0.0,0.0,0.0,0.0,0.0,0.0,0.0,0.0,2.8E-6,0.002247,0.02648,1.161,1.672,0.2916,0.9778,0.03277,0.01467,0.004095,0.01016,6.982E-4,0.0,0.0,0.0,0.0,0.0,0.0,0.0,0.0,0.0,0.0,0.0,0.0,0.0,0.0,0.0,0.0,0.0,0.0,0.0,0.0,0.0,0.0,2.2819999999999996E-22,0.0,4.382,5.749,0.2632,8.614,0.001311,0.002306,0.02747,0.9587,0.001979,0.0,0.0,0.0,0.0,0.0,0.0,0.0,0.0,0.0,0.0,0.0,0.0,0.0,0.0,0.0,0.0,0.0,0.0,0.0,0.0,0.0,0.0,0.0,0.0,0.0,0.0,0.0,0.0,0.0,0.0,0.0,0.0,0.0,0.0,0.0,0.0,0.0,0.0,0.0,0.0,0.0,0.0,0.0,0.0,0.0,0.0,1.0E-4,19990.0,9.55E25,2091.0,2820.0,394.2,204200.0,8385.0,5535.0,2278.0,7874.0,2558.0,0.4739,279.5,32.85,112.7,59.77,27.84,2.078,2.873,0.7879,2.395,0.1558,0.005279,1651.0,44.37,67.65,11.67,45.24,0.08558,0.2613,0.05551,0.09997,0.005583,19.53,0.2916,1.347,3.579,7.204,0.9308,1.544,1.19,0.4235,1.729,0.1173,0.0,0.0,0.0,0.0,0.0,0.0,0.0,0.0,0.0,0.0,0.0,0.5218,0.02513,0.8338,0.9938,0.2181,2.013,1.652,1.007,0.35,1.11,0.08394,7.932E-6,4.014E-6,2.561E-4,2.854E-4,3.925E-5,3.806E-4,2.198E-5,1.252E-5,4.418E-6,1.341E-5,1.144E-6,
0.0,0.0,0.0,0.0,0.0,0.0,0.0,0.0,0.0,0.0,0.0,0.0,0.0,0.0,0.0,0.0,0.0,0.0,0.0,0.0,0.0,0.0,2.8E-6,0.002247,0.02648,1.16,1.673,0.2919,0.9777,0.03277,0.0153,0.003334,0.01028,7.073E-4,0.0,0.0,0.0,0.0,0.0,0.0,0.0,0.0,0.0,0.0,0.0,0.0,0.0,0.0,0.0,0.0,0.0,0.0,0.0,0.0,0.0,0.0,2.2819999999999996E-22,0.0,4.382,5.749,0.2637,8.614,0.001416,0.00249,0.005302,0.9797,0.002137,0.0,0.0,0.0,0.0,0.0,0.0,0.0,0.0,0.0,0.0,0.0,0.0,0.0,0.0,0.0,0.0,0.0,0.0,0.0,0.0,0.0,0.0,0.0,0.0,0.0,0.0,0.0,0.0,0.0,0.0,0.0,0.0,0.0,0.0,0.0,0.0,0.0,0.0,0.0,0.0,0.0,0.0,0.0,0.0,0.0,0.0,1.0E-4,19990.0,9.55E25,2090.0,2821.0,396.8,204200.0,8394.0,5762.0,1983.0,7928.0,2593.0,0.4739,279.5,32.85,112.7,59.77,27.84,2.071,3.124,0.5039,2.431,0.1578,0.005279,1651.0,44.37,67.65,11.67,45.24,0.08516,0.2837,0.03161,0.1018,0.005643,19.53,0.2916,1.347,3.58,7.205,0.9308,1.54,1.296,0.2935,1.754,0.1189,0.0,0.0,0.0,0.0,0.0,0.0,0.0,0.0,0.0,0.0,0.0,0.5218,0.02513,0.8323,0.9945,0.2191,2.013,1.653,1.05,0.2948,1.12,0.08488,7.931E-6,4.014E-6,2.558E-4,2.856E-4,3.938E-5,3.806E-4,2.2E-5,1.304E-5,3.744E-6,1.352E-5,1.155E-6,
0.0,0.0,0.0,0.0,0.0,0.0,0.0,0.0,0.0,0.0,0.0,0.0,0.0,0.0,0.0,0.0,0.0,0.0,0.0,0.0,0.0,0.0,2.8E-6,0.002247,0.02648,1.159,1.673,0.2919,0.9774,0.03277,0.01529,0.003353,0.01023,7.455E-4,0.0,0.0,0.0,0.0,0.0,0.0,0.0,0.0,0.0,0.0,0.0,0.0,0.0,0.0,0.0,0.0,0.0,0.0,0.0,0.0,0.0,0.0,2.2819999999999996E-22,0.0,4.382,5.749,0.2645,8.614,0.001558,0.002739,0.005831,0.9747,0.005342,0.0,0.0,0.0,0.0,0.0,0.0,0.0,0.0,0.0,0.0,0.0,0.0,0.0,0.0,0.0,0.0,0.0,0.0,0.0,0.0,0.0,0.0,0.0,0.0,0.0,0.0,0.0,0.0,0.0,0.0,0.0,0.0,0.0,0.0,0.0,0.0,0.0,0.0,0.0,0.0,0.0,0.0,0.0,0.0,0.0,0.0,1.0E-4,19990.0,9.55E25,2087.0,2825.0,398.6,204200.0,8398.0,5757.0,2008.0,7878.0,2673.0,0.4739,279.5,32.84,112.7,59.77,27.84,2.073,3.12,0.5016,2.427,0.1635,0.005279,1651.0,44.37,67.65,11.67,45.24,0.08539,0.2831,0.0313,0.1017,0.006109,19.53,0.2916,1.347,3.58,7.206,0.9308,1.541,1.296,0.2932,1.749,0.1216,0.0,0.0,0.0,0.0,0.0,0.0,0.0,0.0,0.0,0.0,0.0,0.5218,0.02513,0.8316,0.9955,0.2194,2.013,1.654,1.048,0.2981,1.114,0.08795,7.931E-6,4.014E-6,2.554E-4,2.859E-4,3.938E-5,3.806E-4,2.201E-5,1.303E-5,3.784E-6,1.345E-5,1.193E-6,
0.0,0.0,0.0,0.0,0.0,0.0,0.0,0.0,0.0,0.0,0.0,0.0,0.0,0.0,0.0,0.0,0.0,0.0,0.0,0.0,0.0,0.0,2.8E-6,0.002247,0.02648,1.159,1.673,0.2921,0.977,0.0328,0.01519,0.00336,0.01027,7.378E-4,0.0,0.0,0.0,0.0,0.0,0.0,0.0,0.0,0.0,0.0,0.0,0.0,0.0,0.0,0.0,0.0,0.0,0.0,0.0,0.0,0.0,0.0,2.2819999999999996E-22,0.0,4.382,5.749,0.2634,8.614,0.001347,0.002369,0.005044,0.9808,0.001898,0.0,0.0,0.0,0.0,0.0,0.0,0.0,0.0,0.0,0.0,0.0,0.0,0.0,0.0,0.0,0.0,0.0,0.0,0.0,0.0,0.0,0.0,0.0,0.0,0.0,0.0,0.0,0.0,0.0,0.0,0.0,0.0,0.0,0.0,0.0,0.0,0.0,0.0,0.0,0.0,0.0,0.0,0.0,0.0,0.0,0.0,1.0E-4,19990.0,9.55E25,2087.0,2828.0,401.5,204200.0,8408.0,5726.0,2008.0,7903.0,2663.0,0.4739,279.5,32.84,112.0,60.51,27.84,2.078,3.095,0.5044,2.446,0.1569,0.005279,1651.0,44.37,67.65,11.67,45.24,0.08573,0.2809,0.03159,0.1028,0.005987,19.53,0.2916,1.347,3.559,7.229,0.9308,1.542,1.285,0.2941,1.761,0.1158,0.0,0.0,0.0,0.0,0.0,0.0,0.0,0.0,0.0,0.0,0.0,0.5218,0.02513,0.8315,0.9955,0.2207,2.013,1.656,1.042,0.2985,1.118,0.08667,7.931E-6,4.014E-6,2.554E-4,2.858E-4,3.949E-5,3.805E-4,2.203E-5,1.295E-5,3.789E-6,1.35E-5,1.177E-6,
0.0,0.0,0.0,0.0,0.0,0.0,0.0,0.0,0.0,0.0,0.0,0.0,0.0,0.0,0.0,0.0,0.0,0.0,0.0,0.0,0.0,0.0,2.8E-6,0.002247,0.02648,1.159,1.673,0.292,0.9767,0.03303,0.01507,0.003462,0.01021,7.006E-4,0.0,0.0,0.0,0.0,0.0,0.0,0.0,0.0,0.0,0.0,0.0,0.0,0.0,0.0,0.0,0.0,0.0,0.0,0.0,0.0,0.0,0.0,2.281E-22,0.0,4.382,5.749,0.2581,8.614,0.001005,6.077E-4,0.01318,0.9829,9.056E-5,0.0,0.0,0.0,0.0,0.0,0.0,0.0,0.0,0.0,0.0,0.0,0.0,0.0,0.0,0.0,0.0,0.0,0.0,0.0,0.0,0.0,0.0,0.0,0.0,0.0,0.0,0.0,0.0,0.0,0.0,0.0,0.0,0.0,0.0,0.0,0.0,0.0,0.0,0.0,0.0,0.0,0.0,0.0,0.0,0.0,0.0,1.0E-4,19980.0,9.55E25,2086.0,2808.0,378.5,204200.0,8501.0,5679.0,2085.0,7870.0,2729.0,0.4739,279.5,32.84,112.0,60.49,27.84,2.134,3.095,0.5178,2.43,0.1435,0.005279,1651.0,44.37,67.64,11.67,45.24,0.09074,0.281,0.03206,0.1015,0.004899,19.53,0.2916,1.346,3.551,7.218,0.9308,1.567,1.285,0.3044,1.754,0.1096,0.0,0.0,0.0,0.0,0.0,0.0,0.0,0.0,0.0,0.0,0.0,0.5217,0.02513,0.8314,0.9917,0.2168,2.013,1.673,1.033,0.3088,1.11,0.08394,7.93E-6,4.014E-6,2.554E-4,2.857E-4,3.944E-5,3.804E-4,2.224E-5,1.284E-5,3.913E-6,1.341E-5,1.144E-6,
0.0,0.0,0.0,0.0,0.0,0.0,0.0,0.0,0.0,0.0,0.0,0.0,0.0,0.0,0.0,0.0,0.0,0.0,0.0,0.0,0.0,0.0,2.8E-6,0.002247,0.02648,1.159,1.673,0.2921,0.9767,0.03279,0.01522,0.003369,0.01026,7.283E-4,0.0,0.0,0.0,0.0,0.0,0.0,0.0,0.0,0.0,0.0,0.0,0.0,0.0,0.0,0.0,0.0,0.0,0.0,0.0,0.0,0.0,0.0,2.281E-22,0.0,4.383,5.75,0.2679,8.614,0.00643,0.003887,0.004355,0.9708,5.793E-4,0.0,0.0,0.0,0.0,0.0,0.0,0.0,0.0,0.0,0.0,0.0,0.0,0.0,0.0,0.0,0.0,0.0,0.0,0.0,0.0,0.0,0.0,0.0,0.0,0.0,0.0,0.0,0.0,0.0,0.0,0.0,0.0,0.0,0.0,0.0,0.0,0.0,0.0,0.0,0.0,0.0,0.0,0.0,0.0,0.0,0.0,1.0E-4,19980.0,9.55E25,2227.0,2903.0,409.6,204000.0,8423.0,5736.0,2034.0,7885.0,2734.0,0.4739,279.5,32.85,112.0,60.52,27.84,2.084,3.111,0.5013,2.428,0.1528,0.005279,1651.0,44.37,67.64,11.67,45.24,0.0857,0.2821,0.03118,0.1024,0.005703,19.53,0.2916,1.347,3.559,7.233,0.9304,1.549,1.293,0.2936,1.746,0.1136,0.0,0.0,0.0,0.0,0.0,0.0,0.0,0.0,0.0,0.0,0.0,0.5217,0.02513,0.8314,0.9949,0.2217,2.013,1.657,1.044,0.3004,1.113,0.08589,7.93E-6,4.014E-6,2.552E-4,2.856E-4,3.95E-5,3.808E-4,2.205E-5,1.297E-5,3.811E-6,1.344E-5,1.168E-6,
0.0,0.0,0.0,0.0,0.0,0.0,0.0,0.0,0.0,0.0,0.0,0.0,0.0,0.0,0.0,0.0,0.0,0.0,0.0,0.0,0.0,0.0,2.8E-6,0.002247,0.02648,1.159,1.672,0.2921,0.9763,0.03278,0.01633,0.002262,0.01027,7.162E-4,0.0,0.0,0.0,0.0,0.0,0.0,0.0,0.0,0.0,0.0,0.0,0.0,0.0,0.0,0.0,0.0,0.0,0.0,0.0,0.0,0.0,0.0,2.281E-22,0.0,4.383,5.75,0.2683,8.614,0.006684,0.004041,0.004527,0.9696,6.022E-4,0.0,0.0,0.0,0.0,0.0,0.0,0.0,0.0,0.0,0.0,0.0,0.0,0.0,0.0,0.0,0.0,0.0,0.0,0.0,0.0,0.0,0.0,0.0,0.0,0.0,0.0,0.0,0.0,0.0,0.0,0.0,0.0,0.0,0.0,0.0,0.0,0.0,0.0,0.0,0.0,0.0,0.0,0.0,0.0,0.0,0.0,1.0E-4,19980.0,9.55E25,2227.0,2903.0,410.8,204000.0,8435.0,6319.0,1448.0,7903.0,2772.0,0.4739,279.5,32.85,112.0,60.52,27.84,2.083,3.272,0.3406,2.426,0.1545,0.005279,1651.0,44.37,67.64,11.67,45.24,0.0857,0.292,0.02131,0.1023,0.005708,19.53,0.2916,1.348,3.559,7.234,0.9304,1.548,1.389,0.1972,1.745,0.1154,0.0,0.0,0.0,0.0,0.0,0.0,0.0,0.0,0.0,0.0,0.0,0.5217,0.02513,0.8314,0.9949,0.2219,2.013,1.656,1.139,0.2052,1.114,0.08499,7.929E-6,4.014E-6,2.551E-4,2.856E-4,3.95E-5,3.807E-4,2.204E-5,1.413E-5,2.659E-6,1.346E-5,1.157E-6,
0.0,0.0,0.0,0.0,0.0,0.0,0.0,0.0,0.0,0.0,0.0,0.0,0.0,0.0,0.0,0.0,0.0,0.0,0.0,0.0,0.0,0.0,2.8E-6,0.002246,0.02648,1.159,1.673,0.292,0.9759,0.03277,0.01614,0.002761,0.01015,6.609E-4,0.0,0.0,0.0,0.0,0.0,0.0,0.0,0.0,0.0,0.0,0.0,0.0,0.0,0.0,0.0,0.0,0.0,0.0,0.0,0.0,0.0,0.0,2.281E-22,0.0,4.382,5.749,0.2637,8.614,0.004113,0.002486,0.03197,0.9478,0.004683,0.0,0.0,0.0,0.0,0.0,0.0,0.0,0.0,0.0,0.0,0.0,0.0,0.0,0.0,0.0,0.0,0.0,0.0,0.0,0.0,0.0,0.0,0.0,0.0,0.0,0.0,0.0,0.0,0.0,0.0,0.0,0.0,0.0,0.0,0.0,0.0,0.0,0.0,0.0,0.0,0.0,0.0,0.0,0.0,0.0,0.0,1.0E-4,19980.0,9.55E25,2223.0,2882.0,385.5,204000.0,8435.0,6259.0,1657.0,7932.0,2719.0,0.4739,279.5,32.84,112.0,60.5,27.84,2.087,3.344,0.3662,2.376,0.143,0.005279,1651.0,44.37,67.64,11.67,45.24,0.08625,0.2982,0.0219,0.09943,0.004605,19.53,0.2916,1.347,3.55,7.223,0.9304,1.548,1.422,0.2187,1.714,0.1109,0.0,0.0,0.0,0.0,0.0,0.0,0.0,0.0,0.0,0.0,0.0,0.5216,0.02513,0.8306,0.9911,0.2175,2.013,1.656,1.126,0.2421,1.103,0.08073,7.929E-6,4.014E-6,2.548E-4,2.858E-4,3.945E-5,3.807E-4,2.204E-5,1.397E-5,3.109E-6,1.332E-5,1.105E-6,
0.0,0.0,0.0,0.0,0.0,0.0,0.0,0.0,0.0,0.0,0.0,0.0,0.0,0.0,0.0,0.0,0.0,0.0,0.0,0.0,0.0,0.0,2.8E-6,0.002246,0.02648,1.158,1.67,0.295,0.9754,0.03279,0.01594,0.002427,0.0106,6.528E-4,0.0,0.0,0.0,0.0,0.0,0.0,0.0,0.0,0.0,0.0,0.0,0.0,0.0,0.0,0.0,0.0,0.0,0.0,0.0,0.0,0.0,0.0,2.281E-22,0.0,4.382,5.749,0.2582,8.614,0.004367,6.161E-4,0.003503,0.9887,6.202E-4,0.0,0.0,0.0,0.0,0.0,0.0,0.0,0.0,0.0,0.0,0.0,0.0,0.0,0.0,0.0,0.0,0.0,0.0,0.0,0.0,0.0,0.0,0.0,0.0,0.0,0.0,0.0,0.0,0.0,0.0,0.0,0.0,0.0,0.0,0.0,0.0,0.0,0.0,0.0,0.0,0.0,0.0,0.0,0.0,0.0,0.0,1.0E-4,19980.0,9.55E25,2222.0,2901.0,388.9,204000.0,8453.0,6191.0,1490.0,8143.0,2775.0,0.4739,279.5,32.84,112.0,60.52,27.84,2.1,3.236,0.3232,2.477,0.1451,0.005279,1651.0,44.37,67.56,11.76,45.24,0.0873,0.2885,0.01984,0.1059,0.005243,19.53,0.2916,1.346,3.561,7.225,0.9304,1.555,1.377,0.1893,1.773,0.1091,0.0,0.0,0.0,0.0,0.0,0.0,0.0,0.0,0.0,0.0,0.0,0.5216,0.02513,0.8304,0.994,0.2192,2.013,1.659,1.113,0.2143,1.139,0.07891,7.928E-6,4.014E-6,2.548E-4,2.857E-4,3.963E-5,3.806E-4,2.207E-5,1.381E-5,2.772E-6,1.376E-5,1.084E-6,
0.0,0.0,0.0,0.0,0.0,0.0,0.0,0.0,0.0,0.0,0.0,0.0,0.0,0.0,0.0,0.0,0.0,0.0,0.0,0.0,0.0,0.0,2.8E-6,0.002246,0.02648,1.158,1.669,0.295,0.9752,0.03276,0.01617,0.002228,0.01066,6.411E-4,0.0,0.0,0.0,0.0,0.0,0.0,0.0,0.0,0.0,0.0,0.0,0.0,0.0,0.0,0.0,0.0,0.0,0.0,0.0,0.0,0.0,0.0,2.281E-22,0.0,4.383,5.75,0.2673,8.614,0.006095,0.003684,0.008933,0.9644,0.003709,0.0,0.0,0.0,0.0,0.0,0.0,0.0,0.0,0.0,0.0,0.0,0.0,0.0,0.0,0.0,0.0,0.0,0.0,0.0,0.0,0.0,0.0,0.0,0.0,0.0,0.0,0.0,0.0,0.0,0.0,0.0,0.0,0.0,0.0,0.0,0.0,0.0,0.0,0.0,0.0,0.0,0.0,0.0,0.0,0.0,0.0,1.0E-4,19980.0,9.55E25,2224.0,2882.0,398.5,204000.0,8443.0,6289.0,1410.0,8149.0,2763.0,0.4739,279.5,32.84,112.0,60.52,27.84,2.091,3.343,0.3228,2.413,0.1388,0.005279,1651.0,44.37,67.56,11.76,45.24,0.08651,0.2974,0.01932,0.1024,0.004441,19.53,0.2916,1.347,3.55,7.228,0.9304,1.551,1.426,0.1921,1.732,0.1079,0.0,0.0,0.0,0.0,0.0,0.0,0.0,0.0,0.0,0.0,0.0,0.5216,0.02513,0.8307,0.9905,0.2199,2.013,1.657,1.13,0.1993,1.141,0.07854,7.928E-6,4.014E-6,2.548E-4,2.856E-4,3.966E-5,3.806E-4,2.205E-5,1.401E-5,2.589E-6,1.379E-5,1.079E-6,
0.0,0.0,0.0,0.0,0.0,0.0,0.0,0.0,0.0,0.0,0.0,0.0,0.0,0.0,0.0,0.0,0.0,0.0,0.0,0.0,0.0,0.0,2.8E-6,0.002246,0.02648,1.157,1.671,0.295,0.975,0.03276,0.01607,0.002317,0.01058,7.084E-4,0.0,0.0,0.0,0.0,0.0,0.0,0.0,0.0,0.0,0.0,0.0,0.0,0.0,0.0,0.0,0.0,0.0,0.0,0.0,0.0,0.0,0.0,2.281E-22,0.0,4.382,5.749,0.2629,8.614,0.003665,0.002216,0.004794,0.9746,0.006781,0.0,0.0,0.0,0.0,0.0,0.0,0.0,0.0,0.0,0.0,0.0,0.0,0.0,0.0,0.0,0.0,0.0,0.0,0.0,0.0,0.0,0.0,0.0,0.0,0.0,0.0,0.0,0.0,0.0,0.0,0.0,0.0,0.0,0.0,0.0,0.0,0.0,0.0,0.0,0.0,0.0,0.0,0.0,0.0,0.0,0.0,1.0E-4,19980.0,9.55E25,2217.0,2896.0,394.3,204000.0,8445.0,6255.0,1455.0,8271.0,2626.0,0.4739,279.5,32.52,112.3,60.59,27.84,2.097,3.285,0.3158,2.443,0.1521,0.005279,1651.0,44.35,67.18,12.15,45.24,0.08732,0.292,0.01891,0.1044,0.005615,19.53,0.2916,1.344,3.555,7.23,0.9304,1.552,1.403,0.1879,1.749,0.1137,0.0,0.0,0.0,0.0,0.0,0.0,0.0,0.0,0.0,0.0,0.0,0.5216,0.02513,0.8288,0.9936,0.2198,2.013,1.658,1.123,0.2066,1.137,0.08079,7.928E-6,4.014E-6,2.541E-4,2.861E-4,3.98E-5,3.805E-4,2.205E-5,1.393E-5,2.678E-6,1.373E-5,1.115E-6,
0.0,0.0,0.0,0.0,0.0,0.0,0.0,0.0,0.0,0.0,0.0,0.0,0.0,0.0,0.0,0.0,0.0,0.0,0.0,0.0,0.0,0.0,2.8E-6,0.002246,0.02648,1.146,1.671,0.2953,0.9862,0.03282,0.01602,0.002342,0.01052,7.188E-4,0.0,0.0,0.0,0.0,0.0,0.0,0.0,0.0,0.0,0.0,0.0,0.0,0.0,0.0,0.0,0.0,0.0,0.0,0.0,0.0,0.0,0.0,2.281E-22,0.0,4.383,5.75,0.2673,8.614,0.006104,0.00369,0.007984,0.9577,0.01129,0.0,0.0,0.0,0.0,0.0,0.0,0.0,0.0,0.0,0.0,0.0,0.0,0.0,0.0,0.0,0.0,0.0,0.0,0.0,0.0,0.0,0.0,0.0,0.0,0.0,0.0,0.0,0.0,0.0,0.0,0.0,0.0,0.0,0.0,0.0,0.0,0.0,0.0,0.0,0.0,0.0,0.0,0.0,0.0,0.0,0.0,1.0E-4,19980.0,9.55E25,2179.0,2898.0,407.8,204100.0,8467.0,6233.0,1474.0,8273.0,2634.0,0.4739,279.5,29.52,112.0,60.83,30.84,2.108,3.275,0.3238,2.416,0.1599,0.005279,1651.0,44.15,67.18,12.16,45.44,0.08808,0.291,0.01927,0.1034,0.005969,19.53,0.2916,1.321,3.549,7.243,0.954,1.557,1.399,0.1934,1.729,0.1192,0.0,0.0,0.0,0.0,0.0,0.0,0.0,0.0,0.0,0.0,0.0,0.5216,0.02513,0.8169,0.9929,0.2228,2.025,1.661,1.12,0.2094,1.131,0.08251,7.928E-6,4.014E-6,2.494E-4,2.859E-4,3.998E-5,3.852E-4,2.209E-5,1.389E-5,2.711E-6,1.365E-5,1.135E-6,
0.0,0.0,0.0,0.0,0.0,0.0,0.0,0.0,0.0,0.0,0.0,0.0,0.0,0.0,0.0,0.0,0.0,0.0,0.0,0.0,0.0,0.0,2.8E-6,0.002246,0.02648,1.145,1.671,0.2954,0.9859,0.03291,0.01603,0.00235,0.01046,7.018E-4,0.0,0.0,0.0,0.0,0.0,0.0,0.0,0.0,0.0,0.0,0.0,0.0,0.0,0.0,0.0,0.0,0.0,0.0,0.0,0.0,0.0,0.0,2.281E-22,0.0,4.383,5.75,0.268,8.614,0.006494,0.003926,0.008495,0.955,0.01201,0.0,0.0,0.0,0.0,0.0,0.0,0.0,0.0,0.0,0.0,0.0,0.0,0.0,0.0,0.0,0.0,0.0,0.0,0.0,0.0,0.0,0.0,0.0,0.0,0.0,0.0,0.0,0.0,0.0,0.0,0.0,0.0,0.0,0.0,0.0,0.0,0.0,0.0,0.0,0.0,0.0,0.0,0.0,0.0,0.0,0.0,1.0E-4,19980.0,9.55E25,2233.0,2854.0,403.2,204000.0,8506.0,6236.0,1483.0,8254.0,2618.0,0.4739,279.5,29.46,112.3,60.89,30.5,2.124,3.314,0.326,2.391,0.1531,0.005279,1651.0,43.84,69.05,12.58,43.45,0.08951,0.2944,0.01926,0.1015,0.005344,19.53,0.2916,1.319,3.558,7.243,0.9374,1.564,1.416,0.1957,1.716,0.1164,0.0,0.0,0.0,0.0,0.0,0.0,0.0,0.0,0.0,0.0,0.0,0.5216,0.02513,0.8139,0.9925,0.2223,2.025,1.668,1.12,0.2106,1.126,0.08135,7.928E-6,4.014E-6,2.495E-4,2.854E-4,4.022E-5,3.854E-4,2.218E-5,1.39E-5,2.726E-6,1.36E-5,1.121E-6,
0.0,0.0,0.0,0.0,0.0,0.0,0.0,0.0,0.0,0.0,0.0,0.0,0.0,0.0,0.0,0.0,0.0,0.0,0.0,0.0,0.0,0.0,2.8E-6,0.002246,0.02648,1.144,1.671,0.2954,0.9854,0.03522,0.01361,0.001843,0.01103,7.59E-4,0.0,0.0,0.0,0.0,0.0,0.0,0.0,0.0,0.0,0.0,0.0,0.0,0.0,0.0,0.0,0.0,0.0,0.0,0.0,0.0,0.0,0.0,2.281E-22,0.0,4.383,5.75,0.268,8.614,0.006494,0.003926,0.008495,0.955,0.01201,0.0,0.0,0.0,0.0,0.0,0.0,0.0,0.0,0.0,0.0,0.0,0.0,0.0,0.0,0.0,0.0,0.0,0.0,0.0,0.0,0.0,0.0,0.0,0.0,0.0,0.0,0.0,0.0,0.0,0.0,0.0,0.0,0.0,0.0,0.0,0.0,0.0,0.0,0.0,0.0,0.0,0.0,0.0,0.0,0.0,0.0,1.0E-4,19990.0,9.55E25,2230.0,2855.0,401.6,204000.0,9490.0,5252.0,1248.0,8494.0,2610.0,0.4739,279.5,29.43,112.4,60.89,30.5,2.944,2.489,0.3206,2.398,0.1563,0.005279,1651.0,43.63,69.26,12.58,43.45,0.1648,0.2185,0.01829,0.1029,0.005651,19.53,0.2916,1.317,3.56,7.243,0.9374,1.901,1.079,0.1964,1.714,0.1176,0.0,0.0,0.0,0.0,0.0,0.0,0.0,0.0,0.0,0.0,0.0,0.5216,0.02513,0.8114,0.9945,0.222,2.025,1.849,0.9379,0.1696,1.167,0.08308,7.928E-6,4.014E-6,2.487E-4,2.861E-4,4.022E-5,3.853E-4,2.438E-5,1.168E-5,2.229E-6,1.41E-5,1.143E-6,
0.0,0.0,0.0,0.0,0.0,0.0,0.0,0.0,0.0,0.0,0.0,0.0,0.0,0.0,0.0,0.0,0.0,0.0,0.0,0.0,0.0,0.0,2.8E-6,0.002246,0.02648,1.138,1.663,0.3337,0.9611,0.03256,0.01604,0.001981,0.01114,7.502E-4,0.0,0.0,0.0,0.0,0.0,0.0,0.0,0.0,0.0,0.0,0.0,0.0,0.0,0.0,0.0,0.0,0.0,0.0,0.0,0.0,0.0,0.0,2.281E-22,0.0,4.382,5.145,0.8671,8.614,0.006319,0.004693,6.538E-4,0.9785,0.001835,0.0,0.0,0.0,0.0,0.0,0.0,0.0,0.0,0.0,0.0,0.0,0.0,0.0,0.0,0.0,0.0,0.0,0.0,0.0,0.0,0.0,0.0,0.0,0.0,0.0,0.0,0.0,0.0,0.0,0.0,0.0,0.0,0.0,0.0,0.0,0.0,0.0,0.0,0.0,0.0,0.0,0.0,0.0,0.0,0.0,0.0,1.0E-4,19990.0,9.55E25,2227.0,2846.0,412.2,204000.0,8535.0,6135.0,1275.0,8682.0,2475.0,0.4739,279.5,29.64,114.3,57.82,31.38,2.121,3.268,0.3437,2.439,0.1467,0.005279,1651.0,42.49,74.36,13.19,38.88,0.09146,0.2874,0.02115,0.1052,0.005219,19.53,0.2916,1.312,3.609,7.211,0.9178,1.549,1.414,0.2013,1.739,0.1108,0.0,0.0,0.0,0.0,0.0,0.0,0.0,0.0,0.0,0.0,0.0,0.5216,0.02513,0.8111,0.9898,0.2263,2.024,1.671,1.103,0.1769,1.176,0.08237,7.928E-6,4.014E-6,2.482E-4,2.841E-4,4.438E-5,3.835E-4,2.219E-5,1.369E-5,2.32E-6,1.421E-5,1.135E-6,
0.0,0.0,0.0,0.0,0.0,0.0,0.0,0.0,0.0,0.0,0.0,0.0,0.0,0.0,0.0,0.0,0.0,0.0,0.0,0.0,0.0,0.0,2.8E-6,0.002246,0.02648,1.138,1.659,0.3377,0.961,0.03255,0.01588,0.005031,0.008204,7.748E-4,0.0,0.0,0.0,0.0,0.0,0.0,0.0,0.0,0.0,0.0,0.0,0.0,0.0,0.0,0.0,0.0,0.0,0.0,0.0,0.0,0.0,0.0,2.281E-22,0.0,4.382,5.145,0.8639,8.614,0.01979,0.005776,0.5962,0.373,0.001185,0.0,0.0,0.0,0.0,0.0,0.0,0.0,0.0,0.0,0.0,0.0,0.0,0.0,0.0,0.0,0.0,0.0,0.0,0.0,0.0,0.0,0.0,0.0,0.0,0.0,0.0,0.0,0.0,0.0,0.0,0.0,0.0,0.0,0.0,0.0,0.0,0.0,0.0,0.0,0.0,0.0,0.0,0.0,0.0,0.0,0.0,1.0E-4,19990.0,9.55E25,2226.0,2849.0,414.2,204000.0,8584.0,6087.0,3648.0,6297.0,2484.0,0.4739,279.5,29.64,112.9,59.29,31.38,2.142,3.19,1.371,1.44,0.1569,0.005279,1651.0,42.49,74.01,13.55,38.88,0.09195,0.2803,0.06463,0.06553,0.006099,19.53,0.2916,1.311,3.567,7.26,0.9178,1.567,1.382,0.9396,1.005,0.1153,0.0,0.0,0.0,0.0,0.0,0.0,0.0,0.0,0.0,0.0,0.0,0.5216,0.02513,0.8109,0.9864,0.2313,2.024,1.675,1.093,0.5007,0.8535,0.08427,7.928E-6,4.014E-6,2.482E-4,2.829E-4,4.552E-5,3.835E-4,2.224E-5,1.357E-5,6.2E-6,1.035E-5,1.158E-6,
0.0,0.0,0.0,0.0,0.0,0.0,0.0,0.0,0.0,0.0,0.0,0.0,0.0,0.0,0.0,0.0,0.0,0.0,0.0,0.0,0.0,0.0,2.8E-6,0.002246,0.02648,1.138,1.659,0.3377,0.9608,0.03254,0.01601,0.006079,0.006994,7.876E-4,0.0,0.0,0.0,0.0,0.0,0.0,0.0,0.0,0.0,0.0,0.0,0.0,0.0,0.0,0.0,0.0,0.0,0.0,0.0,0.0,0.0,0.0,2.281E-22,0.0,4.383,5.146,0.8714,8.614,0.01175,0.006599,0.9599,0.004713,0.00381,0.0,0.0,0.0,0.0,0.0,0.0,0.0,0.0,0.0,0.0,0.0,0.0,0.0,0.0,0.0,0.0,0.0,0.0,0.0,0.0,0.0,0.0,0.0,0.0,0.0,0.0,0.0,0.0,0.0,0.0,0.0,0.0,0.0,0.0,0.0,0.0,0.0,0.0,0.0,0.0,0.0,0.0,0.0,0.0,0.0,0.0,1.0E-4,19990.0,9.55E25,2227.0,2851.0,432.3,204000.0,8562.0,6135.0,4427.0,5470.0,2503.0,0.4739,279.5,29.64,112.9,59.3,31.38,2.134,3.252,1.903,0.8358,0.1605,0.005279,1651.0,42.49,74.01,13.55,38.88,0.09189,0.2855,0.08664,0.03758,0.006291,19.53,0.2916,1.312,3.568,7.268,0.9178,1.56,1.411,1.326,0.5853,0.1176,0.0,0.0,0.0,0.0,0.0,0.0,0.0,0.0,0.0,0.0,0.0,0.5216,0.02513,0.8111,0.9868,0.2339,2.024,1.673,1.101,0.6093,0.7344,0.08528,7.928E-6,4.014E-6,2.482E-4,2.829E-4,4.555E-5,3.834E-4,2.222E-5,1.368E-5,7.502E-6,8.917E-6,1.17E-6,
0.0,0.0,0.0,0.0,0.0,0.0,0.0,0.0,0.0,0.0,0.0,0.0,0.0,0.0,0.0,0.0,0.0,0.0,0.0,0.0,0.0,0.0,2.8E-6,0.002246,0.02648,1.138,1.659,0.3376,0.9605,0.0326,0.01593,0.006095,0.006996,7.874E-4,0.0,0.0,0.0,0.0,0.0,0.0,0.0,0.0,0.0,0.0,0.0,0.0,0.0,0.0,0.0,0.0,0.0,0.0,0.0,0.0,0.0,0.0,2.28E-22,0.0,4.383,5.146,0.8724,8.614,0.01283,0.007203,0.9563,0.005144,0.004159,0.0,0.0,0.0,0.0,0.0,0.0,0.0,0.0,0.0,0.0,0.0,0.0,0.0,0.0,0.0,0.0,0.0,0.0,0.0,0.0,0.0,0.0,0.0,0.0,0.0,0.0,0.0,0.0,0.0,0.0,0.0,0.0,0.0,0.0,0.0,0.0,0.0,0.0,0.0,0.0,0.0,0.0,0.0,0.0,0.0,0.0,1.0E-4,19990.0,9.55E25,2227.0,2852.0,435.3,204000.0,8671.0,6076.0,4381.0,5477.0,2601.0,0.4739,279.5,29.64,112.9,59.3,31.38,2.149,3.241,1.897,0.8359,0.1609,0.005279,1651.0,42.49,74.01,13.55,38.88,0.09296,0.2844,0.08647,0.03764,0.006351,19.53,0.2916,1.312,3.568,7.269,0.9178,1.565,1.408,1.322,0.5851,0.1178,0.0,0.0,0.0,0.0,0.0,0.0,0.0,0.0,0.0,0.0,0.0,0.5215,0.02513,0.8111,0.9869,0.2343,2.024,1.679,1.096,0.6093,0.7342,0.085,7.927E-6,4.014E-6,2.482E-4,2.829E-4,4.554E-5,3.834E-4,2.24E-5,1.356E-5,7.436E-6,8.915E-6,1.167E-6,
0.0,0.0,0.0,0.0,0.0,0.0,0.0,0.0,0.0,0.0,0.0,0.0,0.0,0.0,0.0,0.0,0.0,0.0,0.0,0.0,0.0,0.0,2.8E-6,0.002246,0.02648,1.166,1.626,0.3572,0.9449,0.03256,0.01577,0.006226,0.007037,7.758E-4,0.0,0.0,0.0,0.0,0.0,0.0,0.0,0.0,0.0,0.0,0.0,0.0,0.0,0.0,0.0,0.0,0.0,0.0,0.0,0.0,0.0,0.0,2.28E-22,0.0,4.666,5.532,0.8726,8.944,0.013,0.007299,0.9557,0.005212,0.004214,0.0,0.0,0.0,0.0,0.0,0.0,0.0,0.0,0.0,0.0,0.0,0.0,0.0,0.0,0.0,0.0,0.0,0.0,0.0,0.0,0.0,0.0,0.0,0.0,0.0,0.0,0.0,0.0,0.0,0.0,0.0,0.0,0.0,0.0,0.0,0.0,0.0,0.0,0.0,0.0,0.0,0.0,0.0,0.0,0.0,0.0,1.0E-4,19990.0,9.55E25,2236.0,2829.0,464.4,204000.0,8665.0,6017.0,4430.0,5498.0,2586.0,0.4739,279.5,29.82,112.2,59.97,31.28,2.149,3.16,1.943,0.8504,0.1642,0.005279,1651.0,43.33,72.8,14.36,38.43,0.093,0.2771,0.09066,0.03883,0.006783,19.53,0.2916,1.319,3.559,7.282,0.9141,1.565,1.374,1.342,0.5919,0.1184,0.0,0.0,0.0,0.0,0.0,0.0,0.0,0.0,0.0,0.0,0.0,0.5215,0.02513,0.8147,0.9849,0.2365,2.022,1.677,1.085,0.618,0.7373,0.08367,7.927E-6,4.014E-6,2.498E-4,2.816E-4,4.606E-5,3.824E-4,2.238E-5,1.343E-5,7.543E-6,8.953E-6,1.151E-6,
0.0,0.0,0.0,0.0,0.0,0.0,0.0,0.0,0.0,0.0,0.0,0.0,0.0,0.0,0.0,0.0,0.0,0.0,0.0,0.0,0.0,0.0,2.8E-6,0.002257,0.02648,1.166,1.626,0.3571,0.9446,0.0325,0.01591,0.005983,0.007247,7.626E-4,0.0,0.0,0.0,0.0,0.0,0.0,0.0,0.0,0.0,0.0,0.0,0.0,0.0,0.0,0.0,0.0,0.0,0.0,0.0,0.0,0.0,0.0,2.28E-22,0.0,4.771,5.989,0.8917,9.362,0.005738,0.004726,0.9675,0.00512,0.003794,0.0,0.0,0.0,0.0,0.0,0.0,0.0,0.0,0.0,0.0,0.0,0.0,0.0,0.0,0.0,0.0,0.0,0.0,0.0,0.0,0.0,0.0,0.0,0.0,0.0,0.0,0.0,0.0,0.0,0.0,0.0,0.0,0.0,0.0,0.0,0.0,0.0,0.0,0.0,0.0,0.0,0.0,0.0,0.0,0.0,0.0,1.0E-4,20000.0,9.55E25,2236.0,2823.0,454.7,204000.0,8637.0,6073.0,4274.0,5659.0,2561.0,0.4766,279.5,29.82,112.1,59.96,31.28,2.133,3.237,1.918,0.8376,0.1565,0.005402,1651.0,43.33,72.8,14.36,38.43,0.09196,0.2838,0.08801,0.0378,0.006153,19.53,0.2916,1.319,3.555,7.278,0.9141,1.555,1.407,1.334,0.5858,0.1148,0.0,0.0,0.0,0.0,0.0,0.0,0.0,0.0,0.0,0.0,0.0,0.5226,0.02513,0.8146,0.9838,0.235,2.022,1.672,1.095,0.5953,0.7581,0.08266,7.94E-6,4.014E-6,2.498E-4,2.816E-4,4.604E-5,3.824E-4,2.232E-5,1.354E-5,7.27E-6,9.203E-6,1.139E-6,
0.0,0.0,0.0,0.0,0.0,0.0,0.0,0.0,0.0,0.0,0.0,0.0,0.0,0.0,0.0,0.0,0.0,0.0,0.0,0.0,0.0,0.0,2.8E-6,0.002257,0.02648,1.166,1.625,0.357,0.9453,0.03245,0.01606,0.006001,0.007206,7.723E-4,0.0,0.0,0.0,0.0,0.0,0.0,0.0,0.0,0.0,0.0,0.0,0.0,0.0,0.0,0.0,0.0,0.0,0.0,0.0,0.0,0.0,0.0,2.28E-22,0.0,4.771,5.989,0.892,9.362,0.005878,0.004842,0.9667,0.005245,0.003887,0.0,0.0,0.0,0.0,0.0,0.0,0.0,0.0,0.0,0.0,0.0,0.0,0.0,0.0,0.0,0.0,0.0,0.0,0.0,0.0,0.0,0.0,0.0,0.0,0.0,0.0,0.0,0.0,0.0,0.0,0.0,0.0,0.0,0.0,0.0,0.0,0.0,0.0,0.0,0.0,0.0,0.0,0.0,0.0,0.0,0.0,1.0E-4,20000.0,9.55E25,2343.0,2657.0,429.0,203900.0,8626.0,6127.0,4273.0,5651.0,2781.0,0.4766,279.5,29.76,111.7,59.91,31.28,2.127,3.297,1.917,0.8183,0.6538,0.005402,1651.0,42.94,70.42,14.12,38.43,0.09122,0.2891,0.08813,0.03605,3.018,19.53,0.2916,1.316,3.529,7.272,0.9135,1.554,1.434,1.332,0.5776,0.1349,0.0,0.0,0.0,0.0,0.0,0.0,0.0,0.0,0.0,0.0,0.0,0.5226,0.02513,0.8115,0.9793,0.2332,2.022,1.669,1.105,0.5958,0.7559,0.08594,7.94E-6,4.014E-6,2.486E-4,2.811E-4,4.589E-5,3.826E-4,2.229E-5,1.367E-5,7.276E-6,9.175E-6,2.658E-6,
0.0,0.0,0.0,0.0,0.0,0.0,0.0,0.0,0.0,0.0,0.0,0.0,0.0,0.0,0.0,0.0,0.0,0.0,0.0,0.0,0.0,0.0,2.8E-6,0.002276,0.02648,1.166,1.625,0.357,0.9452,0.03246,0.01593,0.006022,0.007221,7.76E-4,0.0,0.0,0.0,0.0,0.0,0.0,0.0,0.0,0.0,0.0,0.0,0.0,0.0,0.0,0.0,0.0,0.0,0.0,0.0,0.0,0.0,0.0,2.28E-22,0.0,4.771,5.989,0.8924,9.362,0.006102,0.005026,0.9654,0.005445,0.004035,0.0,0.0,0.0,0.0,0.0,0.0,0.0,0.0,0.0,0.0,0.0,0.0,0.0,0.0,0.0,0.0,0.0,0.0,0.0,0.0,0.0,0.0,0.0,0.0,0.0,0.0,0.0,0.0,0.0,0.0,0.0,0.0,0.0,0.0,0.0,0.0,0.0,0.0,0.0,0.0,0.0,0.0,0.0,0.0,0.0,0.0,1.0E-4,20010.0,9.55E25,2343.0,2668.0,437.5,203900.0,8635.0,6079.0,4311.0,5622.0,2776.0,0.481,279.5,29.76,111.7,59.92,31.28,2.134,3.237,1.914,0.8423,0.6571,0.005594,1651.0,42.94,70.42,14.12,38.43,0.09173,0.2839,0.08763,0.03823,3.019,19.54,0.2916,1.316,3.535,7.277,0.9135,1.557,1.407,1.332,0.5877,0.1342,0.0,0.0,0.0,0.0,0.0,0.0,0.0,0.0,0.0,0.0,0.0,0.5247,0.02513,0.8115,0.9815,0.2347,2.022,1.671,1.096,0.5996,0.7543,0.0853,7.965E-6,4.014E-6,2.485E-4,2.811E-4,4.59E-5,3.826E-4,2.23E-5,1.356E-5,7.321E-6,9.157E-6,2.651E-6,
0.0,0.0,0.0,0.0,0.0,0.0,0.0,0.0,0.0,0.0,0.0,0.0,0.0,0.0,0.0,0.0,0.0,0.0,0.0,0.0,0.0,0.0,2.8E-6,0.002276,0.02648,1.157,1.625,0.3569,0.9535,0.03239,0.01589,0.006128,0.007184,8.367E-4,0.0,0.0,0.0,0.0,0.0,0.0,0.0,0.0,0.0,0.0,0.0,0.0,0.0,0.0,0.0,0.0,0.0,0.0,0.0,0.0,0.0,0.0,2.28E-22,0.0,4.77,5.989,0.8868,9.362,0.003141,0.002587,0.9822,0.002803,0.002077,0.0,0.0,0.0,0.0,0.0,0.0,0.0,0.0,0.0,0.0,0.0,0.0,0.0,0.0,0.0,0.0,0.0,0.0,0.0,0.0,0.0,0.0,0.0,0.0,0.0,0.0,0.0,0.0,0.0,0.0,0.0,0.0,0.0,0.0,0.0,0.0,0.0,0.0,0.0,0.0,0.0,0.0,0.0,0.0,0.0,0.0,1.0E-4,20010.0,9.55E25,2327.0,2667.0,426.3,203900.0,8617.0,6076.0,4370.0,5573.0,2801.0,0.481,279.5,29.75,111.7,59.91,31.29,2.124,3.233,1.94,0.8388,0.657,0.005594,1651.0,42.94,70.42,14.12,38.43,0.09125,0.2835,0.0889,0.03821,3.019,19.54,0.2916,1.316,3.535,7.271,0.9137,1.551,1.406,1.35,0.5844,0.1341,0.0,0.0,0.0,0.0,0.0,0.0,0.0,0.0,0.0,0.0,0.0,0.5247,0.02513,0.8065,0.9812,0.2331,2.027,1.668,1.094,0.6088,0.7497,0.08716,7.965E-6,4.014E-6,2.466E-4,2.811E-4,4.587E-5,3.845E-4,2.227E-5,1.353E-5,7.432E-6,9.102E-6,2.675E-6,
0.0,0.0,0.0,0.0,0.0,0.0,0.0,0.0,0.0,0.0,0.0,0.0,0.0,0.0,0.0,0.0,0.0,0.0,0.0,0.0,0.0,0.0,2.8E-6,0.002276,0.02648,1.157,1.625,0.3569,0.9532,0.03236,0.01584,0.00606,0.007221,8.929E-4,0.0,0.0,0.0,0.0,0.0,0.0,0.0,0.0,0.0,0.0,0.0,0.0,0.0,0.0,0.0,0.0,0.0,0.0,0.0,0.0,0.0,0.0,2.28E-22,0.0,4.771,5.989,0.8921,9.362,0.005974,0.004921,0.9662,0.005331,0.00395,0.0,0.0,0.0,0.0,0.0,0.0,0.0,0.0,0.0,0.0,0.0,0.0,0.0,0.0,0.0,0.0,0.0,0.0,0.0,0.0,0.0,0.0,0.0,0.0,0.0,0.0,0.0,0.0,0.0,0.0,0.0,0.0,0.0,0.0,0.0,0.0,0.0,0.0,0.0,0.0,0.0,0.0,0.0,0.0,0.0,0.0,1.0E-4,20010.0,9.55E25,2328.0,2674.0,442.8,203900.0,8629.0,6069.0,4336.0,5612.0,2767.0,0.481,279.5,29.75,111.7,59.92,31.29,2.136,3.227,1.934,0.8739,0.5993,0.005594,1651.0,42.94,70.42,14.12,38.43,0.1295,0.4128,0.189,0.1657,2.624,19.54,0.2916,1.316,3.539,7.279,0.9137,1.555,1.395,1.334,0.5922,0.136,0.0,0.0,0.0,0.0,0.0,0.0,0.0,0.0,0.0,0.0,0.0,0.5247,0.02513,0.8066,0.9827,0.2357,2.027,1.668,1.091,0.6027,0.753,0.08903,7.965E-6,4.014E-6,2.466E-4,2.811E-4,4.589E-5,3.844E-4,2.231E-5,1.354E-5,7.391E-6,9.184E-6,2.543E-6,
0.0,0.0,0.0,0.0,0.0,0.0,0.0,0.0,0.0,0.0,0.0,0.0,0.0,0.0,0.0,0.0,0.0,0.0,0.0,0.0,0.0,0.0,2.8E-6,0.002285,0.02648,1.157,1.625,0.3568,0.9528,0.03237,0.01584,0.006073,0.007197,8.749E-4,0.0,0.0,0.0,0.0,0.0,0.0,0.0,0.0,0.0,0.0,0.0,0.0,0.0,0.0,0.0,0.0,0.0,0.0,0.0,0.0,0.0,0.0,2.28E-22,0.0,4.771,5.989,0.8932,9.362,0.006532,0.00538,0.963,0.005829,0.004319,0.0,0.0,0.0,0.0,0.0,0.0,0.0,0.0,0.0,0.0,0.0,0.0,0.0,0.0,0.0,0.0,0.0,0.0,0.0,0.0,0.0,0.0,0.0,0.0,0.0,0.0,0.0,0.0,0.0,0.0,0.0,0.0,0.0,0.0,0.0,0.0,0.0,0.0,0.0,0.0,0.0,0.0,0.0,0.0,0.0,0.0,1.0E-4,20020.0,9.55E25,2328.0,2674.0,448.0,203900.0,8647.0,6074.0,4343.0,5611.0,2765.0,0.4834,279.5,29.75,111.7,59.95,31.29,2.134,3.226,1.936,0.8667,0.6015,0.005697,1651.0,42.94,70.42,14.12,38.43,0.1295,0.4125,0.1891,0.1655,2.624,19.54,0.2916,1.316,3.54,7.281,0.9137,1.552,1.396,1.336,0.5867,0.1377,0.0,0.0,0.0,0.0,0.0,0.0,0.0,0.0,0.0,0.0,0.0,0.5256,0.02513,0.8066,0.9817,0.2374,2.027,1.664,1.091,0.6041,0.7507,0.0913,7.976E-6,4.014E-6,2.466E-4,2.809E-4,4.607E-5,3.843E-4,2.229E-5,1.354E-5,7.408E-6,9.154E-6,2.551E-6,
0.0,0.0,0.0,0.0,0.0,0.0,0.0,0.0,0.0,0.0,0.0,0.0,0.0,0.0,0.0,0.0,0.0,0.0,0.0,0.0,0.0,0.0,2.8E-6,0.002285,0.02648,1.157,1.625,0.3567,0.9526,0.03236,0.01588,0.006167,0.007162,8.531E-4,0.0,0.0,0.0,0.0,0.0,0.0,0.0,0.0,0.0,0.0,0.0,0.0,0.0,0.0,0.0,0.0,0.0,0.0,0.0,0.0,0.0,0.0,2.28E-22,0.0,4.932,6.028,1.038,10.01,0.003291,0.02323,0.9595,0.004305,0.002176,0.0,0.0,0.0,0.0,0.0,0.0,0.0,0.0,0.0,0.0,0.0,0.0,0.0,0.0,0.0,0.0,0.0,0.0,0.0,0.0,0.0,0.0,0.0,0.0,0.0,0.0,0.0,0.0,0.0,0.0,0.0,0.0,0.0,0.0,0.0,0.0,0.0,0.0,0.0,0.0,0.0,0.0,0.0,0.0,0.0,0.0,1.0E-4,20020.0,9.55E25,2326.0,2664.0,428.9,203900.0,8650.0,6121.0,4350.0,5611.0,2737.0,0.4834,279.5,29.75,111.7,59.93,31.29,2.13,3.281,1.938,0.8507,0.5915,0.005697,1651.0,42.94,70.42,14.12,38.43,0.1293,0.4158,0.19,0.1642,2.624,19.54,0.2916,1.316,3.535,7.271,0.9137,1.55,1.43,1.332,0.5789,0.1325,0.0,0.0,0.0,0.0,0.0,0.0,0.0,0.0,0.0,0.0,0.0,0.5256,0.02513,0.8064,0.98,0.2344,2.027,1.666,1.095,0.6079,0.748,0.08959,7.976E-6,4.014E-6,2.466E-4,2.809E-4,4.603E-5,3.843E-4,2.23E-5,1.36E-5,7.456E-6,9.121E-6,2.53E-6,
0.0,0.0,0.0,0.0,0.0,0.0,0.0,0.0,0.0,0.0,0.0,0.0,0.0,0.0,0.0,0.0,0.0,0.0,0.0,0.0,0.0,0.0,2.8E-6,0.002285,0.02648,1.156,1.625,0.3567,0.9524,0.03239,0.01569,0.006208,0.007193,8.734E-4,0.0,0.0,0.0,0.0,0.0,0.0,0.0,0.0,0.0,0.0,0.0,0.0,0.0,0.0,0.0,0.0,0.0,0.0,0.0,0.0,0.0,0.0,2.28E-22,0.0,4.933,6.028,1.043,10.01,0.00608,0.005008,0.963,0.007953,0.004021,0.0,0.0,0.0,0.0,0.0,0.0,0.0,0.0,0.0,0.0,0.0,0.0,0.0,0.0,0.0,0.0,0.0,0.0,0.0,0.0,0.0,0.0,0.0,0.0,0.0,0.0,0.0,0.0,0.0,0.0,0.0,0.0,0.0,0.0,0.0,0.0,0.0,0.0,0.0,0.0,0.0,0.0,0.0,0.0,0.0,0.0,1.0E-4,20020.0,9.55E25,2328.0,2673.0,446.2,203900.0,8669.0,6026.0,4378.0,5625.0,2767.0,0.4834,279.5,29.75,111.7,59.94,31.29,2.14,3.214,1.947,0.8653,0.6004,0.005697,1651.0,42.94,70.42,14.12,38.43,0.1298,0.4112,0.1906,0.1654,2.624,19.54,0.2916,1.316,3.539,7.28,0.9137,1.556,1.393,1.337,0.5861,0.1371,0.0,0.0,0.0,0.0,0.0,0.0,0.0,0.0,0.0,0.0,0.0,0.5256,0.02513,0.8066,0.9815,0.2371,2.027,1.669,1.08,0.6119,0.7502,0.09116,7.976E-6,4.014E-6,2.466E-4,2.809E-4,4.605E-5,3.843E-4,2.234E-5,1.341E-5,7.504E-6,9.148E-6,2.549E-6,
0.0,0.0,0.0,0.0,0.0,0.0,0.0,0.0,0.0,0.0,0.0,0.0,0.0,0.0,0.0,0.0,0.0,0.0,0.0,0.0,0.0,0.0,2.8E-6,0.002285,0.02648,1.156,1.617,0.365,0.9522,0.03241,0.01569,0.006225,0.007176,8.514E-4,0.0,0.0,0.0,0.0,0.0,0.0,0.0,0.0,0.0,0.0,0.0,0.0,0.0,0.0,0.0,0.0,0.0,0.0,0.0,0.0,0.0,0.0,2.28E-22,0.0,4.933,6.028,1.044,10.01,0.006404,0.005275,0.9611,0.008377,0.004235,0.0,0.0,0.0,0.0,0.0,0.0,0.0,0.0,0.0,0.0,0.0,0.0,0.0,0.0,0.0,0.0,0.0,0.0,0.0,0.0,0.0,0.0,0.0,0.0,0.0,0.0,0.0,0.0,0.0,0.0,0.0,0.0,0.0,0.0,0.0,0.0,0.0,0.0,0.0,0.0,0.0,0.0,0.0,0.0,0.0,0.0,1.0E-4,20030.0,9.55E25,2328.0,2669.0,453.3,203900.0,8689.0,6032.0,4397.0,5610.0,2728.0,0.4834,279.5,29.75,111.7,60.0,31.29,2.144,3.211,1.94,0.8684,0.6008,0.005697,1651.0,42.94,70.13,14.41,38.43,0.1302,0.4106,0.1903,0.1656,2.624,19.54,0.2916,1.316,3.537,7.283,0.9137,1.558,1.394,1.332,0.5874,0.1371,0.0,0.0,0.0,0.0,0.0,0.0,0.0,0.0,0.0,0.0,0.0,0.5256,0.02513,0.8066,0.9793,0.2397,2.026,1.671,1.08,0.614,0.7472,0.08886,7.976E-6,4.014E-6,2.465E-4,2.797E-4,4.718E-5,3.842E-4,2.236E-5,1.341E-5,7.53E-6,9.112E-6,2.525E-6,
0.0,0.0,0.0,0.0,0.0,0.0,0.0,0.0,0.0,0.0,0.0,0.0,0.0,0.0,0.0,0.0,0.0,0.0,0.0,0.0,0.0,0.0,2.8E-6,0.002285,0.02648,1.156,1.607,0.3746,0.9519,0.03235,0.0157,0.005845,0.007643,8.464E-4,0.0,0.0,0.0,0.0,0.0,0.0,0.0,0.0,0.0,0.0,0.0,0.0,0.0,0.0,0.0,0.0,0.0,0.0,0.0,0.0,0.0,0.0,2.28E-22,0.0,4.932,6.027,1.037,10.01,0.002487,0.002374,0.8956,0.09217,0.001645,0.0,0.0,0.0,0.0,0.0,0.0,0.0,0.0,0.0,0.0,0.0,0.0,0.0,0.0,0.0,0.0,0.0,0.0,0.0,0.0,0.0,0.0,0.0,0.0,0.0,0.0,0.0,0.0,0.0,0.0,0.0,0.0,0.0,0.0,0.0,0.0,0.0,0.0,0.0,0.0,0.0,0.0,0.0,0.0,0.0,0.0,1.0E-4,20030.0,9.55E25,2326.0,2663.0,437.6,203900.0,8673.0,6054.0,4107.0,5923.0,2716.0,0.4834,279.5,29.75,111.6,60.06,31.29,2.137,3.206,1.838,1.001,0.5968,0.005697,1651.0,42.94,70.07,14.48,38.43,0.1296,0.41,0.1862,0.1717,2.624,19.54,0.2916,1.316,3.535,7.275,0.9137,1.555,1.393,1.257,0.6798,0.134,0.0,0.0,0.0,0.0,0.0,0.0,0.0,0.0,0.0,0.0,0.0,0.5256,0.02513,0.8063,0.9782,0.2377,2.026,1.669,1.082,0.5736,0.7924,0.08786,7.976E-6,4.014E-6,2.465E-4,2.794E-4,4.746E-5,3.842E-4,2.233E-5,1.344E-5,7.045E-6,9.655E-6,2.513E-6,
0.0,0.0,0.0,0.0,0.0,0.0,0.0,0.0,0.0,0.0,0.0,0.0,0.0,0.0,0.0,0.0,0.0,0.0,0.0,0.0,0.0,0.0,2.8E-6,0.002285,0.02648,1.156,1.607,0.3746,0.9516,0.03231,0.01572,0.006037,0.007463,8.547E-4,0.0,0.0,0.0,0.0,0.0,0.0,0.0,0.0,0.0,0.0,0.0,0.0,0.0,0.0,0.0,0.0,0.0,0.0,0.0,0.0,0.0,0.0,2.28E-22,0.0,4.932,6.028,1.037,10.01,0.002711,0.002588,0.9369,0.04976,0.001793,0.0,0.0,0.0,0.0,0.0,0.0,0.0,0.0,0.0,0.0,0.0,0.0,0.0,0.0,0.0,0.0,0.0,0.0,0.0,0.0,0.0,0.0,0.0,0.0,0.0,0.0,0.0,0.0,0.0,0.0,0.0,0.0,0.0,0.0,0.0,0.0,0.0,0.0,0.0,0.0,0.0,0.0,0.0,0.0,0.0,0.0,1.0E-4,20030.0,9.55E25,2326.0,2663.0,438.9,203900.0,8673.0,6055.0,4237.0,5793.0,2735.0,0.4834,279.5,29.75,111.6,60.06,31.29,2.138,3.204,1.903,0.9362,0.5968,0.005697,1651.0,42.94,70.07,14.48,38.43,0.1308,0.4105,0.1896,0.1694,2.621,19.54,0.2916,1.316,3.535,7.276,0.9137,1.557,1.39,1.303,0.634,0.134,0.0,0.0,0.0,0.0,0.0,0.0,0.0,0.0,0.0,0.0,0.0,0.5256,0.02513,0.8063,0.9782,0.2379,2.026,1.668,1.083,0.5923,0.7743,0.08798,7.976E-6,4.014E-6,2.465E-4,2.794E-4,4.745E-5,3.841E-4,2.232E-5,1.345E-5,7.273E-6,9.442E-6,2.496E-6,
0.0,0.0,0.0,0.0,0.0,0.0,0.0,0.0,0.0,0.0,0.0,0.0,0.0,0.0,0.0,0.0,0.0,0.0,0.0,0.0,0.0,0.0,2.8E-6,0.002285,0.02655,1.156,1.607,0.3745,0.9513,0.03227,0.01592,0.00466,0.008613,8.374E-4,0.0,0.0,0.0,0.0,0.0,0.0,0.0,0.0,0.0,0.0,0.0,0.0,0.0,0.0,0.0,0.0,0.0,0.0,0.0,0.0,0.0,0.0,2.28E-22,0.0,4.933,6.028,1.042,10.01,0.005406,0.09506,0.4781,0.4089,2.04E-4,0.0,0.0,0.0,0.0,0.0,0.0,0.0,0.0,0.0,0.0,0.0,0.0,0.0,0.0,0.0,0.0,0.0,0.0,0.0,0.0,0.0,0.0,0.0,0.0,0.0,0.0,0.0,0.0,0.0,0.0,0.0,0.0,0.0,0.0,0.0,0.0,0.0,0.0,0.0,0.0,0.0,0.0,0.0,0.0,0.0,0.0,1.0E-4,20030.0,9.55E25,2327.0,2664.0,445.8,203900.0,8678.0,6239.0,3272.0,6561.0,2719.0,0.4834,279.5,29.75,111.6,60.07,31.29,2.15,3.342,1.183,1.502,0.5903,0.005697,1651.0,42.94,70.07,14.48,38.43,0.1321,0.4158,0.1573,0.1953,2.621,19.54,0.2961,1.316,3.535,7.281,0.9137,1.562,1.492,0.7966,1.028,0.1296,0.0,0.0,0.0,0.0,0.0,0.0,0.0,0.0,0.0,0.0,0.0,0.5256,0.02839,0.8064,0.9782,0.2388,2.026,1.668,1.106,0.455,0.8857,0.08604,7.976E-6,4.056E-6,2.465E-4,2.794E-4,4.745E-5,3.841E-4,2.232E-5,1.373E-5,5.623E-6,1.078E-5,2.472E-6,
0.0,0.0,0.0,0.0,0.0,0.0,0.0,0.0,0.0,0.0,0.0,0.0,0.0,0.0,0.0,0.0,0.0,0.0,0.0,0.0,0.0,0.0,2.8E-6,0.002285,0.02655,1.156,1.607,0.3744,0.9509,0.03321,0.01499,0.00427,0.008912,9.111E-4,0.0,0.0,0.0,0.0,0.0,0.0,0.0,0.0,0.0,0.0,0.0,0.0,0.0,0.0,0.0,0.0,0.0,0.0,0.0,0.0,0.0,0.0,2.28E-22,0.0,4.933,6.029,1.046,10.01,0.00761,0.1338,0.3227,0.5181,2.871E-4,0.0,0.0,0.0,0.0,0.0,0.0,0.0,0.0,0.0,0.0,0.0,0.0,0.0,0.0,0.0,0.0,0.0,0.0,0.0,0.0,0.0,0.0,0.0,0.0,0.0,0.0,0.0,0.0,0.0,0.0,0.0,0.0,0.0,0.0,0.0,0.0,0.0,0.0,0.0,0.0,0.0,0.0,0.0,0.0,0.0,0.0,1.0E-4,20030.0,9.55E25,2327.0,2662.0,451.9,203900.0,9038.0,5939.0,2980.0,6771.0,2735.0,0.4834,279.5,29.75,111.6,60.07,31.29,2.265,3.319,0.9352,1.664,0.5876,0.005697,1651.0,42.94,70.07,14.48,38.43,0.1422,0.4109,0.146,0.2024,2.621,19.54,0.2961,1.317,3.533,7.284,0.9137,1.611,1.5,0.6237,1.144,0.129,0.0,0.0,0.0,0.0,0.0,0.0,0.0,0.0,0.0,0.0,0.0,0.5256,0.02839,0.8064,0.9779,0.2396,2.026,1.736,1.046,0.414,0.915,0.08864,7.976E-6,4.056E-6,2.465E-4,2.794E-4,4.745E-5,3.84E-4,2.316E-5,1.299E-5,5.132E-6,1.113E-5,2.505E-6,
0.0,0.0,0.0,0.0,0.0,0.0,0.0,0.0,0.0,0.0,0.0,0.0,0.0,0.0,0.0,0.0,0.0,0.0,0.0,0.0,0.0,0.0,2.8E-6,0.002285,0.02655,1.156,1.607,0.3744,0.9507,0.03306,0.0146,0.003413,0.01024,9.871E-4,0.0,0.0,0.0,0.0,0.0,0.0,0.0,0.0,0.0,0.0,0.0,0.0,0.0,0.0,0.0,0.0,0.0,0.0,0.0,0.0,0.0,0.0,2.28E-22,0.0,4.932,6.028,1.039,10.01,9.21E-4,0.004709,0.004625,0.9812,2.046E-4,0.0,0.0,0.0,0.0,0.0,0.0,0.0,0.0,0.0,0.0,0.0,0.0,0.0,0.0,0.0,0.0,0.0,0.0,0.0,0.0,0.0,0.0,0.0,0.0,0.0,0.0,0.0,0.0,0.0,0.0,0.0,0.0,0.0,0.0,0.0,0.0,0.0,0.0,0.0,0.0,0.0,0.0,0.0,0.0,0.0,0.0,1.0E-4,20030.0,9.55E25,2326.0,2663.0,443.1,203900.0,9024.0,5659.0,2417.0,7660.0,2712.0,0.4834,279.5,29.75,111.6,60.06,31.29,2.273,3.122,0.4572,2.384,0.5439,0.005697,1651.0,42.94,70.07,14.48,38.43,0.2427,0.5003,0.2464,0.1583,2.37,19.54,0.2961,1.316,3.533,7.276,0.9137,1.607,1.355,0.2761,1.654,0.1249,0.0,0.0,0.0,0.0,0.0,0.0,0.0,0.0,0.0,0.0,0.0,0.5256,0.02839,0.8063,0.9783,0.2383,2.026,1.733,1.004,0.3319,1.044,0.08796,7.976E-6,4.056E-6,2.465E-4,2.793E-4,4.743E-5,3.839E-4,2.315E-5,1.251E-5,4.174E-6,1.267E-5,2.433E-6,
0.0,0.0,0.0,0.0,0.0,0.0,0.0,0.0,0.0,0.0,0.0,0.0,0.0,0.0,0.0,0.0,0.0,0.0,0.0,0.0,0.0,0.0,2.8E-6,0.002285,0.02655,1.156,1.607,0.3743,0.9504,0.03306,0.01479,0.003383,0.01015,9.73E-4,0.0,0.0,0.0,0.0,0.0,0.0,0.0,0.0,0.0,0.0,0.0,0.0,0.0,0.0,0.0,0.0,0.0,0.0,0.0,0.0,0.0,0.0,2.28E-22,0.0,4.933,6.028,1.044,10.01,0.001563,0.007992,0.007849,0.9648,0.003567,0.0,0.0,0.0,0.0,0.0,0.0,0.0,0.0,0.0,0.0,0.0,0.0,0.0,0.0,0.0,0.0,0.0,0.0,0.0,0.0,0.0,0.0,0.0,0.0,0.0,0.0,0.0,0.0,0.0,0.0,0.0,0.0,0.0,0.0,0.0,0.0,0.0,0.0,0.0,0.0,0.0,0.0,0.0,0.0,0.0,0.0,1.0E-4,20040.0,9.55E25,2327.0,2649.0,441.8,203900.0,9028.0,5731.0,2413.0,7644.0,2696.0,0.4834,279.5,29.75,111.6,60.06,31.29,2.262,3.197,0.4544,2.342,0.5395,0.005697,1651.0,42.94,70.07,14.48,38.43,0.2417,0.5066,0.2459,0.1559,2.369,19.54,0.2961,1.316,3.527,7.277,0.9137,1.602,1.389,0.2762,1.627,0.1249,0.0,0.0,0.0,0.0,0.0,0.0,0.0,0.0,0.0,0.0,0.0,0.5256,0.02839,0.8064,0.9757,0.2377,2.026,1.733,1.017,0.3312,1.035,0.08775,7.975E-6,4.056E-6,2.465E-4,2.793E-4,4.741E-5,3.839E-4,2.315E-5,1.267E-5,4.165E-6,1.256E-5,2.43E-6,
0.0,0.0,0.0,0.0,0.0,0.0,0.0,0.0,0.0,0.0,0.0,0.0,0.0,0.0,0.0,0.0,0.0,0.0,0.0,0.0,0.0,0.0,2.8E-6,0.002285,0.02655,1.156,1.607,0.3742,0.9501,0.0331,0.0146,0.003296,0.01029,0.001018,0.0,0.0,0.0,0.0,0.0,0.0,0.0,0.0,0.0,0.0,0.0,0.0,0.0,0.0,0.0,0.0,0.0,0.0,0.0,0.0,0.0,0.0,2.28E-22,0.0,4.932,6.028,1.039,10.01,9.271E-4,0.00474,0.004655,0.9773,0.003924,0.0,0.0,0.0,0.0,0.0,0.0,0.0,0.0,0.0,0.0,0.0,0.0,0.0,0.0,0.0,0.0,0.0,0.0,0.0,0.0,0.0,0.0,0.0,0.0,0.0,0.0,0.0,0.0,0.0,0.0,0.0,0.0,0.0,0.0,0.0,0.0,0.0,0.0,0.0,0.0,0.0,0.0,0.0,0.0,0.0,0.0,1.0E-4,20040.0,9.55E25,2326.0,2662.0,441.9,203900.0,9044.0,5687.0,2327.0,7743.0,2701.0,0.4834,279.5,29.75,111.5,60.12,31.29,2.275,3.123,0.4571,2.374,0.5524,0.005697,1651.0,42.94,69.73,14.81,38.43,0.2429,0.4999,0.2468,0.158,2.37,19.54,0.2961,1.316,3.53,7.278,0.9137,1.607,1.359,0.2734,1.646,0.1315,0.0,0.0,0.0,0.0,0.0,0.0,0.0,0.0,0.0,0.0,0.0,0.5256,0.02839,0.8062,0.9777,0.2383,2.026,1.736,1.006,0.3204,1.048,0.09145,7.975E-6,4.056E-6,2.465E-4,2.792E-4,4.753E-5,3.838E-4,2.318E-5,1.253E-5,4.036E-6,1.271E-5,2.475E-6,
0.0,0.0,0.0,0.0,0.0,0.0,0.0,0.0,0.0,0.0,0.0,0.0,0.0,0.0,0.0,0.0,0.0,0.0,0.0,0.0,0.0,0.0,2.8E-6,0.002285,0.02655,1.155,1.604,0.3779,0.9498,0.03307,0.01476,0.003077,0.01048,9.444E-4,0.0,0.0,0.0,0.0,0.0,0.0,0.0,0.0,0.0,0.0,0.0,0.0,0.0,0.0,0.0,0.0,0.0,0.0,0.0,0.0,0.0,0.0,2.28E-22,0.0,4.933,6.028,1.043,10.01,0.001493,0.007636,0.007498,0.9635,0.006321,0.0,0.0,0.0,0.0,0.0,0.0,0.0,0.0,0.0,0.0,0.0,0.0,0.0,0.0,0.0,0.0,0.0,0.0,0.0,0.0,0.0,0.0,0.0,0.0,0.0,0.0,0.0,0.0,0.0,0.0,0.0,0.0,0.0,0.0,0.0,0.0,0.0,0.0,0.0,0.0,0.0,0.0,0.0,0.0,0.0,0.0,1.0E-4,20040.0,9.55E25,2326.0,2647.0,447.9,203900.0,9047.0,5768.0,2165.0,7947.0,2618.0,0.4834,279.5,29.75,110.4,61.28,31.29,2.272,3.179,0.4614,2.342,0.5403,0.005697,1651.0,42.94,69.16,15.39,38.43,0.2425,0.5045,0.2471,0.156,2.369,19.54,0.2961,1.316,3.496,7.308,0.9137,1.607,1.385,0.2758,1.626,0.1256,0.0,0.0,0.0,0.0,0.0,0.0,0.0,0.0,0.0,0.0,0.0,0.5255,0.02839,0.806,0.9742,0.2399,2.026,1.735,1.019,0.2974,1.066,0.08538,7.975E-6,4.056E-6,2.463E-4,2.787E-4,4.812E-5,3.838E-4,2.318E-5,1.269E-5,3.76E-6,1.294E-5,2.401E-6,
0.0,0.0,0.0,0.0,0.0,0.0,0.0,0.0,0.0,0.0,0.0,0.0,0.0,0.0,0.0,0.0,0.0,0.0,0.0,0.0,0.0,0.0,2.8E-6,0.002285,0.02655,1.155,1.604,0.3778,0.9496,0.03305,0.0146,0.003106,0.01062,9.441E-4,0.0,0.0,0.0,0.0,0.0,0.0,0.0,0.0,0.0,0.0,0.0,0.0,0.0,0.0,0.0,0.0,0.0,0.0,0.0,0.0,0.0,0.0,2.28E-22,0.0,4.932,6.027,1.034,10.01,9.886E-4,0.001227,0.008734,0.9854,0.0015,0.0,0.0,0.0,0.0,0.0,0.0,0.0,0.0,0.0,0.0,0.0,0.0,0.0,0.0,0.0,0.0,0.0,0.0,0.0,0.0,0.0,0.0,0.0,0.0,0.0,0.0,0.0,0.0,0.0,0.0,0.0,0.0,0.0,0.0,0.0,0.0,0.0,0.0,0.0,0.0,0.0,0.0,0.0,0.0,0.0,0.0,1.0E-4,20040.0,9.55E25,2324.0,2657.0,435.7,203900.0,9065.0,5694.0,2193.0,8007.0,2588.0,0.4834,279.5,29.75,110.4,61.27,31.29,2.28,3.112,0.4671,2.39,0.5439,0.005697,1651.0,42.94,69.16,15.39,38.43,0.2432,0.4988,0.2474,0.1592,2.37,19.54,0.2961,1.315,3.5,7.301,0.9137,1.61,1.354,0.2794,1.655,0.1259,0.0,0.0,0.0,0.0,0.0,0.0,0.0,0.0,0.0,0.0,0.0,0.5255,0.02839,0.8058,0.9761,0.2386,2.026,1.736,1.006,0.3008,1.074,0.08528,7.975E-6,4.056E-6,2.463E-4,2.787E-4,4.81E-5,3.838E-4,2.319E-5,1.254E-5,3.801E-6,1.303E-5,2.402E-6,
0.0,0.0,0.0,0.0,0.0,0.0,0.0,0.0,0.0,0.0,0.0,0.0,0.0,0.0,0.0,0.0,0.0,0.0,0.0,0.0,0.0,0.0,2.8E-6,0.002285,0.02655,1.155,1.604,0.3778,0.9494,0.03304,0.01467,0.00296,0.01075,9.247E-4,0.0,0.0,0.0,0.0,0.0,0.0,0.0,0.0,0.0,0.0,0.0,0.0,0.0,0.0,0.0,0.0,0.0,0.0,0.0,0.0,0.0,0.0,2.28E-22,0.0,4.932,6.028,1.039,10.01,0.003698,0.00459,0.001879,0.9785,0.003142,0.0,0.0,0.0,0.0,0.0,0.0,0.0,0.0,0.0,0.0,0.0,0.0,0.0,0.0,0.0,0.0,0.0,0.0,0.0,0.0,0.0,0.0,0.0,0.0,0.0,0.0,0.0,0.0,0.0,0.0,0.0,0.0,0.0,0.0,0.0,0.0,0.0,0.0,0.0,0.0,0.0,0.0,0.0,0.0,0.0,0.0,1.0E-4,20040.0,9.55E25,2325.0,2648.0,440.5,203900.0,9069.0,5765.0,2042.0,8104.0,2572.0,0.4834,279.5,29.75,110.4,61.28,31.29,2.281,3.155,0.4574,2.368,0.5392,0.005697,1651.0,42.94,69.16,15.39,38.43,0.2431,0.5017,0.2476,0.1578,2.369,19.54,0.2961,1.316,3.496,7.304,0.9137,1.612,1.379,0.2684,1.642,0.1246,0.0,0.0,0.0,0.0,0.0,0.0,0.0,0.0,0.0,0.0,0.0,0.5255,0.02839,0.8059,0.9743,0.2389,2.025,1.737,1.015,0.2817,1.087,0.08399,7.975E-6,4.056E-6,2.463E-4,2.786E-4,4.809E-5,3.837E-4,2.319E-5,1.264E-5,3.573E-6,1.319E-5,2.386E-6,
0.0,0.0,0.0,0.0,0.0,0.0,0.0,0.0,0.0,0.0,0.0,0.0,0.0,0.0,0.0,0.0,0.0,0.0,0.0,0.0,0.0,0.0,2.8E-6,0.002285,0.02655,1.155,1.604,0.3778,0.9493,0.04229,0.00519,0.003121,0.01073,9.393E-4,0.0,0.0,0.0,0.0,0.0,0.0,0.0,0.0,0.0,0.0,0.0,0.0,0.0,0.0,0.0,0.0,0.0,0.0,0.0,0.0,0.0,0.0,2.28E-22,0.0,4.932,6.028,1.039,10.01,0.004161,0.005165,0.002114,0.9758,0.003535,0.0,0.0,0.0,0.0,0.0,0.0,0.0,0.0,0.0,0.0,0.0,0.0,0.0,0.0,0.0,0.0,0.0,0.0,0.0,0.0,0.0,0.0,0.0,0.0,0.0,0.0,0.0,0.0,0.0,0.0,0.0,0.0,0.0,0.0,0.0,0.0,0.0,0.0,0.0,0.0,0.0,0.0,0.0,0.0,0.0,0.0,1.0E-4,20040.0,9.55E25,2322.0,2668.0,453.8,203900.0,12460.0,2271.0,2146.0,8079.0,2564.0,0.4834,279.5,29.69,110.4,61.29,31.29,4.673,0.708,0.4642,2.386,0.5458,0.005697,1651.0,42.59,69.51,15.39,38.43,0.4533,0.2865,0.2482,0.1593,2.37,19.54,0.2961,1.313,3.505,7.308,0.9137,2.651,0.3162,0.2715,1.649,0.1266,0.0,0.0,0.0,0.0,0.0,0.0,0.0,0.0,0.0,0.0,0.0,0.5255,0.02839,0.7997,0.9836,0.2412,2.025,2.364,0.3708,0.2961,1.083,0.08439,7.975E-6,4.056E-6,2.451E-4,2.798E-4,4.812E-5,3.837E-4,3.088E-5,4.75E-6,3.748E-6,1.315E-5,2.391E-6,
0.0,0.0,0.0,0.0,0.0,0.0,0.0,0.0,0.0,0.0,0.0,0.0,0.0,0.0,0.0,0.0,0.0,0.0,0.0,0.0,0.0,0.0,2.8E-6,0.002285,0.02655,1.155,1.601,0.3801,0.9491,0.0423,0.005103,0.002878,0.01106,9.552E-4,0.0,0.0,0.0,0.0,0.0,0.0,0.0,0.0,0.0,0.0,0.0,0.0,0.0,0.0,0.0,0.0,0.0,0.0,0.0,0.0,0.0,0.0,2.28E-22,0.0,4.932,6.027,1.034,10.01,0.001071,0.001329,5.44E-4,0.9929,0.001789,0.0,0.0,0.0,0.0,0.0,0.0,0.0,0.0,0.0,0.0,0.0,0.0,0.0,0.0,0.0,0.0,0.0,0.0,0.0,0.0,0.0,0.0,0.0,0.0,0.0,0.0,0.0,0.0,0.0,0.0,0.0,0.0,0.0,0.0,0.0,0.0,0.0,0.0,0.0,0.0,0.0,0.0,0.0,0.0,0.0,0.0,1.0E-4,20040.0,9.55E25,2321.0,2663.0,443.7,203900.0,12470.0,2254.0,1972.0,8291.0,2643.0,0.4834,279.5,29.69,108.9,62.76,31.29,4.673,0.6925,0.4641,2.412,0.5457,0.005697,1651.0,42.59,69.44,15.46,38.43,0.4535,0.2849,0.2485,0.1609,2.37,19.54,0.2961,1.313,3.456,7.35,0.9137,2.649,0.3112,0.2697,1.665,0.1264,0.0,0.0,0.0,0.0,0.0,0.0,0.0,0.0,0.0,0.0,0.0,0.5255,0.02839,0.7995,0.9795,0.2432,2.025,2.365,0.3661,0.2715,1.113,0.08556,7.974E-6,4.056E-6,2.451E-4,2.794E-4,4.847E-5,3.836E-4,3.089E-5,4.692E-6,3.452E-6,1.35E-5,2.406E-6,
0.0,0.0,0.0,0.0,0.0,0.0,0.0,0.0,0.0,0.0,0.0,0.0,0.0,0.0,0.0,0.0,0.0,0.0,0.0,0.0,0.0,0.0,2.8E-6,0.002285,0.02655,1.155,1.601,0.3801,0.9489,0.04243,0.004971,0.002728,0.01122,9.454E-4,0.0,0.0,0.0,0.0,0.0,0.0,0.0,0.0,0.0,0.0,0.0,0.0,0.0,0.0,0.0,0.0,0.0,0.0,0.0,0.0,0.0,0.0,2.28E-22,0.0,4.932,6.027,1.034,10.01,9.86E-4,0.001224,1.056E-4,0.9946,9.247E-4,0.0,0.0,0.0,0.0,0.0,0.0,0.0,0.0,0.0,0.0,0.0,0.0,0.0,0.0,0.0,0.0,0.0,0.0,0.0,0.0,0.0,0.0,0.0,0.0,0.0,0.0,0.0,0.0,0.0,0.0,0.0,0.0,0.0,0.0,0.0,0.0,0.0,0.0,0.0,0.0,0.0,0.0,0.0,0.0,0.0,0.0,1.0E-4,20040.0,9.55E25,2321.0,2663.0,443.6,203900.0,12520.0,2204.0,1878.0,8427.0,2601.0,0.4834,279.5,29.69,108.9,62.76,31.29,4.707,0.6583,0.4619,2.417,0.5427,0.005697,1651.0,42.59,69.44,15.46,38.43,0.4565,0.2819,0.2483,0.1612,2.37,19.54,0.2961,1.313,3.456,7.35,0.9137,2.664,0.2963,0.2684,1.669,0.1239,0.0,0.0,0.0,0.0,0.0,0.0,0.0,0.0,0.0,0.0,0.0,0.5255,0.02839,0.7994,0.9795,0.2432,2.025,2.374,0.357,0.2576,1.128,0.08429,7.974E-6,4.056E-6,2.451E-4,2.794E-4,4.847E-5,3.836E-4,3.1E-5,4.581E-6,3.284E-6,1.368E-5,2.391E-6,
0.0,0.0,0.0,0.0,0.0,0.0,0.0,0.0,0.0,0.0,0.0,0.0,0.0,0.0,0.0,0.0,0.0,0.0,0.0,0.0,0.0,0.0,2.8E-6,0.002285,0.02655,1.155,1.601,0.38,0.9486,0.04244,0.005788,0.001919,0.01117,9.547E-4,0.0,0.0,0.0,0.0,0.0,0.0,0.0,0.0,0.0,0.0,0.0,0.0,0.0,0.0,0.0,0.0,0.0,0.0,0.0,0.0,0.0,0.0,2.28E-22,0.0,4.932,6.028,1.039,10.01,0.003793,0.004708,4.063E-4,0.9792,0.003558,0.0,0.0,0.0,0.0,0.0,0.0,0.0,0.0,0.0,0.0,0.0,0.0,0.0,0.0,0.0,0.0,0.0,0.0,0.0,0.0,0.0,0.0,0.0,0.0,0.0,0.0,0.0,0.0,0.0,0.0,0.0,0.0,0.0,0.0,0.0,0.0,0.0,0.0,0.0,0.0,0.0,0.0,0.0,0.0,0.0,0.0,1.0E-4,20040.0,9.55E25,2310.0,2665.0,456.9,203900.0,12530.0,2730.0,1360.0,8435.0,2600.0,0.4834,279.5,29.29,108.9,62.77,31.69,4.712,0.7945,0.3303,2.394,0.5466,0.005697,1651.0,40.05,69.44,15.46,40.97,0.4567,0.2891,0.2414,0.1601,2.37,19.54,0.2961,1.294,3.457,7.355,0.9326,2.668,0.3855,0.1825,1.652,0.1267,0.0,0.0,0.0,0.0,0.0,0.0,0.0,0.0,0.0,0.0,0.0,0.5255,0.02839,0.7807,0.9797,0.245,2.044,2.376,0.4333,0.1822,1.122,0.08522,7.974E-6,4.056E-6,2.381E-4,2.794E-4,4.848E-5,3.905E-4,3.102E-5,5.5E-6,2.375E-6,1.362E-5,2.402E-6,
0.0,0.0,0.0,0.0,0.0,0.0,0.0,0.0,0.0,0.0,0.0,0.0,0.0,0.0,0.0,0.0,0.0,0.0,0.0,0.0,0.0,0.0,2.8E-6,0.002285,0.02655,1.155,1.601,0.38,0.9485,0.04241,0.005802,0.002257,0.01085,9.564E-4,0.0,0.0,0.0,0.0,0.0,0.0,0.0,0.0,0.0,0.0,0.0,0.0,0.0,0.0,0.0,0.0,0.0,0.0,0.0,0.0,0.0,0.0,2.28E-22,0.0,4.932,6.028,1.038,10.01,0.003567,0.004427,0.07997,0.9018,0.002397,0.0,0.0,0.0,0.0,0.0,0.0,0.0,0.0,0.0,0.0,0.0,0.0,0.0,0.0,0.0,0.0,0.0,0.0,0.0,0.0,0.0,0.0,0.0,0.0,0.0,0.0,0.0,0.0,0.0,0.0,0.0,0.0,0.0,0.0,0.0,0.0,0.0,0.0,0.0,0.0,0.0,0.0,0.0,0.0,0.0,0.0,1.0E-4,20050.0,9.55E25,2309.0,2665.0,453.2,203900.0,12570.0,2729.0,1622.0,8276.0,2447.0,0.4834,279.5,29.29,108.9,62.77,31.69,4.848,0.7992,0.4565,2.279,0.3932,0.005697,1651.0,40.05,69.44,15.46,40.97,1.282,0.3202,0.2839,0.1945,1.43,19.54,0.2961,1.294,3.457,7.355,0.9326,2.674,0.3852,0.2669,1.568,0.1211,0.0,0.0,0.0,0.0,0.0,0.0,0.0,0.0,0.0,0.0,0.0,0.5255,0.02839,0.7806,0.9799,0.2444,2.044,2.373,0.4332,0.2168,1.09,0.08669,7.974E-6,4.056E-6,2.381E-4,2.794E-4,4.847E-5,3.905E-4,3.121E-5,5.501E-6,2.794E-6,1.324E-5,2.18E-6,
0.0,0.0,0.0,0.0,0.0,0.0,0.0,0.0,0.0,0.0,0.0,0.0,0.0,0.0,0.0,0.0,0.0,0.0,0.0,0.0,0.0,0.0,2.8E-6,0.002285,0.02655,1.155,1.601,0.3799,0.9482,0.04235,0.005825,0.002214,0.01093,9.559E-4,0.0,0.0,0.0,0.0,0.0,0.0,0.0,0.0,0.0,0.0,0.0,0.0,0.0,0.0,0.0,0.0,0.0,0.0,0.0,0.0,0.0,0.0,2.28E-22,0.0,4.932,6.028,1.038,10.01,0.003405,0.004226,0.05872,0.9238,0.002288,0.0,0.0,0.0,0.0,0.0,0.0,0.0,0.0,0.0,0.0,0.0,0.0,0.0,0.0,0.0,0.0,0.0,0.0,0.0,0.0,0.0,0.0,0.0,0.0,0.0,0.0,0.0,0.0,0.0,0.0,0.0,0.0,0.0,0.0,0.0,0.0,0.0,0.0,0.0,0.0,0.0,0.0,0.0,0.0,0.0,0.0,1.0E-4,20050.0,9.55E25,2308.0,2666.0,452.5,203900.0,12570.0,2730.0,1577.0,8325.0,2465.0,0.4834,279.5,29.29,109.0,62.77,31.69,4.848,0.8003,0.4222,2.314,0.393,0.005697,1651.0,40.05,69.44,15.46,40.97,1.282,0.3204,0.2823,0.1962,1.43,19.54,0.2961,1.294,3.457,7.355,0.9326,2.676,0.3852,0.2429,1.591,0.121,0.0,0.0,0.0,0.0,0.0,0.0,0.0,0.0,0.0,0.0,0.0,0.5255,0.02839,0.7799,0.9805,0.2443,2.044,2.371,0.4341,0.2111,1.097,0.08656,7.974E-6,4.056E-6,2.38E-4,2.795E-4,4.846E-5,3.904E-4,3.119E-5,5.512E-6,2.727E-6,1.332E-5,2.178E-6,
0.0,0.0,0.0,0.0,0.0,0.0,0.0,0.0,0.0,0.0,0.0,0.0,0.0,0.0,0.0,0.0,0.0,0.0,0.0,0.0,0.0,0.0,2.8E-6,0.002285,0.02655,1.155,1.601,0.3799,0.948,0.04233,0.005848,0.002,0.01115,9.62E-4,0.0,0.0,0.0,0.0,0.0,0.0,0.0,0.0,0.0,0.0,0.0,0.0,0.0,0.0,0.0,0.0,0.0,0.0,0.0,0.0,0.0,0.0,2.28E-22,0.0,4.932,6.027,1.034,10.01,9.015E-4,0.001119,0.01013,0.985,9.07E-4,0.0,0.0,0.0,0.0,0.0,0.0,0.0,0.0,0.0,0.0,0.0,0.0,0.0,0.0,0.0,0.0,0.0,0.0,0.0,0.0,0.0,0.0,0.0,0.0,0.0,0.0,0.0,0.0,0.0,0.0,0.0,0.0,0.0,0.0,0.0,0.0,0.0,0.0,0.0,0.0,0.0,0.0,0.0,0.0,0.0,0.0,1.0E-4,20050.0,9.55E25,2307.0,2665.0,443.0,203900.0,12570.0,2731.0,1435.0,8478.0,2504.0,0.4834,279.5,29.29,108.9,62.76,31.69,4.844,0.7932,0.3491,2.407,0.3914,0.005697,1651.0,40.05,69.44,15.46,40.97,1.282,0.3201,0.2789,0.2006,1.43,19.54,0.2961,1.294,3.457,7.35,0.9326,2.674,0.3801,0.1924,1.655,0.1196,0.0,0.0,0.0,0.0,0.0,0.0,0.0,0.0,0.0,0.0,0.0,0.5254,0.02839,0.7798,0.9804,0.2431,2.044,2.37,0.4351,0.191,1.118,0.08668,7.974E-6,4.056E-6,2.38E-4,2.795E-4,4.843E-5,3.904E-4,3.118E-5,5.525E-6,2.485E-6,1.357E-5,2.18E-6,
0.0,0.0,0.0,0.0,0.0,0.0,0.0,0.0,0.0,0.0,0.0,0.0,0.0,0.0,0.0,0.0,0.0,0.0,0.0,0.0,0.0,0.0,2.8E-6,0.002285,0.02655,1.155,1.601,0.3798,0.9476,0.0424,0.005807,0.001962,0.01115,9.537E-4,0.0,0.0,0.0,0.0,0.0,0.0,0.0,0.0,0.0,0.0,0.0,0.0,0.0,0.0,0.0,0.0,0.0,0.0,0.0,0.0,0.0,0.0,2.279E-22,0.0,4.932,6.028,1.038,10.01,0.003629,0.004504,0.01167,0.9685,0.003651,0.0,0.0,0.0,0.0,0.0,0.0,0.0,0.0,0.0,0.0,0.0,0.0,0.0,0.0,0.0,0.0,0.0,0.0,0.0,0.0,0.0,0.0,0.0,0.0,0.0,0.0,0.0,0.0,0.0,0.0,0.0,0.0,0.0,0.0,0.0,0.0,0.0,0.0,0.0,0.0,0.0,0.0,0.0,0.0,0.0,0.0,1.0E-4,20060.0,9.55E25,2308.0,2666.0,454.3,203900.0,12610.0,2719.0,1409.0,8476.0,2515.0,0.4834,279.5,29.29,109.0,62.77,31.69,4.858,0.7906,0.3503,2.385,0.3922,0.005697,1651.0,40.05,69.44,15.46,40.97,1.283,0.3197,0.2789,0.1996,1.43,19.54,0.2961,1.294,3.457,7.355,0.9326,2.682,0.3797,0.1934,1.64,0.1201,0.0,0.0,0.0,0.0,0.0,0.0,0.0,0.0,0.0,0.0,0.0,0.5254,0.02839,0.7799,0.9805,0.2446,2.044,2.376,0.4325,0.1873,1.117,0.08603,7.973E-6,4.056E-6,2.38E-4,2.794E-4,4.844E-5,3.904E-4,3.124E-5,5.494E-6,2.441E-6,1.357E-5,2.173E-6,
0.0,0.0,0.0,0.0,0.0,0.0,0.0,0.0,0.0,0.0,0.0,0.0,0.0,0.0,0.0,0.0,0.0,0.0,0.0,0.0,0.0,0.0,2.8E-6,0.002285,0.02655,1.154,1.601,0.3798,0.9474,0.04238,0.005834,0.002225,0.01085,9.666E-4,0.0,0.0,0.0,0.0,0.0,0.0,0.0,0.0,0.0,0.0,0.0,0.0,0.0,0.0,0.0,0.0,0.0,0.0,0.0,0.0,0.0,0.0,2.279E-22,0.0,4.933,6.028,1.043,10.01,0.006356,0.007889,0.08414,0.8812,0.006395,0.0,0.0,0.0,0.0,0.0,0.0,0.0,0.0,0.0,0.0,0.0,0.0,0.0,0.0,0.0,0.0,0.0,0.0,0.0,0.0,0.0,0.0,0.0,0.0,0.0,0.0,0.0,0.0,0.0,0.0,0.0,0.0,0.0,0.0,0.0,0.0,0.0,0.0,0.0,0.0,0.0,0.0,0.0,0.0,0.0,0.0,1.0E-4,20060.0,9.55E25,2309.0,2668.0,465.7,203900.0,12600.0,2732.0,1605.0,8260.0,2506.0,0.4834,279.5,29.29,109.0,62.77,31.69,4.858,0.7971,0.4582,2.255,0.3976,0.005697,1651.0,40.05,69.44,15.46,40.97,1.282,0.3201,0.2839,0.1937,1.43,19.54,0.2961,1.295,3.458,7.36,0.9326,2.683,0.3839,0.2687,1.549,0.1238,0.0,0.0,0.0,0.0,0.0,0.0,0.0,0.0,0.0,0.0,0.0,0.5254,0.02839,0.78,0.9807,0.2461,2.044,2.375,0.4345,0.2135,1.087,0.08728,7.973E-6,4.056E-6,2.38E-4,2.794E-4,4.846E-5,3.903E-4,3.123E-5,5.518E-6,2.755E-6,1.32E-5,2.188E-6,
0.0,0.0,0.0,0.0,0.0,0.0,0.0,0.0,0.0,0.0,0.0,0.0,0.0,0.0,0.0,0.0,0.0,0.0,0.0,0.0,0.0,0.0,2.8E-6,0.002296,0.02655,1.154,1.601,0.3798,0.9473,0.04241,0.005798,0.002243,0.01086,9.317E-4,0.0,0.0,0.0,0.0,0.0,0.0,0.0,0.0,0.0,0.0,0.0,0.0,0.0,0.0,0.0,0.0,0.0,0.0,0.0,0.0,0.0,0.0,2.279E-22,0.0,4.933,6.028,1.043,10.01,0.005874,0.00729,0.08953,0.8843,2.339E-5,0.0,0.0,0.0,0.0,0.0,0.0,0.0,0.0,0.0,0.0,0.0,0.0,0.0,0.0,0.0,0.0,0.0,0.0,0.0,0.0,0.0,0.0,0.0,0.0,0.0,0.0,0.0,0.0,0.0,0.0,0.0,0.0,0.0,0.0,0.0,0.0,0.0,0.0,0.0,0.0,0.0,0.0,0.0,0.0,0.0,0.0,1.0E-4,20070.0,9.55E25,2308.0,2668.0,463.7,203900.0,12620.0,2711.0,1623.0,8271.0,2503.0,0.4864,279.5,29.29,109.0,62.77,31.69,4.859,0.795,0.4657,2.26,0.3851,0.005833,1651.0,40.05,69.44,15.46,40.97,1.282,0.3199,0.2842,0.194,1.43,19.54,0.2961,1.294,3.458,7.359,0.9326,2.683,0.3827,0.2743,1.552,0.1151,0.0,0.0,0.0,0.0,0.0,0.0,0.0,0.0,0.0,0.0,0.0,0.5265,0.02839,0.78,0.9807,0.2458,2.043,2.377,0.4317,0.2157,1.088,0.08379,7.987E-6,4.056E-6,2.379E-4,2.794E-4,4.845E-5,3.903E-4,3.126E-5,5.483E-6,2.781E-6,1.321E-5,2.146E-6,
0.0,0.0,0.0,0.0,0.0,0.0,0.0,0.0,0.0,0.0,0.0,0.0,0.0,0.0,0.0,0.0,0.0,0.0,0.0,0.0,0.0,0.0,2.8E-6,0.002296,0.02655,1.036,1.6,0.3797,1.066,0.04289,0.005138,0.002095,0.01111,0.001025,0.0,0.0,0.0,0.0,0.0,0.0,0.0,0.0,0.0,0.0,0.0,0.0,0.0,0.0,0.0,0.0,0.0,0.0,0.0,0.0,0.0,0.0,2.279E-22,0.0,4.407,6.027,1.033,10.53,8.682E-4,0.001078,0.01845,0.9771,5.977E-4,0.0,0.0,0.0,0.0,0.0,0.0,0.0,0.0,0.0,0.0,0.0,0.0,0.0,0.0,0.0,0.0,0.0,0.0,0.0,0.0,0.0,0.0,0.0,0.0,0.0,0.0,0.0,0.0,0.0,0.0,0.0,0.0,0.0,0.0,0.0,0.0,0.0,0.0,0.0,0.0,0.0,0.0,0.0,0.0,0.0,0.0,1.0E-4,20070.0,9.55E25,2333.0,2839.0,442.7,203700.0,12840.0,2460.0,1489.0,8719.0,2242.0,0.4864,279.5,29.04,109.4,62.76,31.5,5.021,0.6053,0.3663,2.397,0.3908,0.005833,1651.0,38.59,69.46,15.46,42.4,1.297,0.3526,0.2733,0.1981,1.396,19.54,0.2961,1.283,3.462,7.35,0.9399,2.75,0.2948,0.2036,1.648,0.1216,0.0,0.0,0.0,0.0,0.0,0.0,0.0,0.0,0.0,0.0,0.0,0.5266,0.02839,0.7518,0.9812,0.243,2.071,2.413,0.3857,0.1987,1.112,0.08883,7.987E-6,4.056E-6,2.268E-4,2.792E-4,4.84E-5,4.015E-4,3.181E-5,4.919E-6,2.564E-6,1.351E-5,2.135E-6,
0.0,0.0,0.0,0.0,0.0,0.0,0.0,0.0,0.0,0.0,0.0,0.0,0.0,0.0,0.0,0.0,0.0,0.0,0.0,0.0,0.0,0.0,2.8E-6,0.002296,0.02655,1.036,1.6,0.3796,1.065,0.0429,0.005117,0.001994,0.0111,0.001147,0.0,0.0,0.0,0.0,0.0,0.0,0.0,0.0,0.0,0.0,0.0,0.0,0.0,0.0,0.0,0.0,0.0,0.0,0.0,0.0,0.0,0.0,2.279E-22,0.0,4.407,6.027,1.033,10.53,8.401E-4,0.001043,0.007765,0.9774,0.01107,0.0,0.0,0.0,0.0,0.0,0.0,0.0,0.0,0.0,0.0,0.0,0.0,0.0,0.0,0.0,0.0,0.0,0.0,0.0,0.0,0.0,0.0,0.0,0.0,0.0,0.0,0.0,0.0,0.0,0.0,0.0,0.0,0.0,0.0,0.0,0.0,0.0,0.0,0.0,0.0,0.0,0.0,0.0,0.0,0.0,0.0,1.0E-4,20070.0,9.55E25,2331.0,2841.0,442.6,203700.0,12850.0,2462.0,1410.0,8752.0,2297.0,0.4864,279.5,29.03,109.4,62.76,31.5,5.025,0.6045,0.3459,2.393,0.412,0.005833,1651.0,38.55,69.5,15.46,42.4,1.297,0.3522,0.2725,0.1979,1.397,19.54,0.2961,1.282,3.462,7.35,0.9399,2.752,0.2959,0.1891,1.645,0.1358,0.0,0.0,0.0,0.0,0.0,0.0,0.0,0.0,0.0,0.0,0.0,0.5265,0.02839,0.751,0.982,0.243,2.071,2.415,0.3864,0.1869,1.112,0.09933,7.987E-6,4.056E-6,2.265E-4,2.795E-4,4.839E-5,4.015E-4,3.183E-5,4.924E-6,2.425E-6,1.35E-5,2.262E-6,
0.0,0.0,0.0,0.0,0.0,0.0,0.0,0.0,0.0,0.0,0.0,0.0,0.0,0.0,0.0,0.0,0.0,0.0,0.0,0.0,0.0,0.0,2.8E-6,0.002296,0.02655,1.036,1.6,0.3796,1.065,0.04294,0.005206,0.001753,0.01131,0.001026,0.0,0.0,0.0,0.0,0.0,0.0,0.0,0.0,0.0,0.0,0.0,0.0,0.0,0.0,0.0,0.0,0.0,0.0,0.0,0.0,0.0,0.0,2.279E-22,0.0,4.407,6.028,1.038,10.53,0.003621,0.004494,0.004437,0.9777,0.00176,0.0,0.0,0.0,0.0,0.0,0.0,0.0,0.0,0.0,0.0,0.0,0.0,0.0,0.0,0.0,0.0,0.0,0.0,0.0,0.0,0.0,0.0,0.0,0.0,0.0,0.0,0.0,0.0,0.0,0.0,0.0,0.0,0.0,0.0,0.0,0.0,0.0,0.0,0.0,0.0,0.0,0.0,0.0,0.0,0.0,0.0,1.0E-4,20070.0,9.55E25,2332.0,2844.0,455.8,203700.0,12920.0,2539.0,1216.0,8944.0,2159.0,0.4864,279.5,29.03,109.4,62.77,31.5,5.228,0.565,0.3003,2.397,0.2783,0.005833,1651.0,38.55,69.51,15.46,42.4,2.42,0.1226,0.04119,0.2015,0.7221,19.54,0.2961,1.283,3.463,7.355,0.9399,2.773,0.2958,0.1804,1.646,0.1164,0.0,0.0,0.0,0.0,0.0,0.0,0.0,0.0,0.0,0.0,0.0,0.5265,0.02839,0.7511,0.9824,0.2447,2.071,2.417,0.3968,0.1622,1.13,0.09028,7.986E-6,4.056E-6,2.265E-4,2.795E-4,4.841E-5,4.014E-4,3.205E-5,5.008E-6,2.089E-6,1.372E-5,2.039E-6,
0.0,0.0,0.0,0.0,0.0,0.0,0.0,0.0,0.0,0.0,0.0,0.0,0.0,0.0,0.0,0.0,0.0,0.0,0.0,0.0,0.0,0.0,2.8E-6,0.002296,0.02655,1.036,1.6,0.3795,1.065,0.04269,0.00541,0.001759,0.01138,0.001022,0.0,0.0,0.0,0.0,0.0,0.0,0.0,0.0,0.0,0.0,0.0,0.0,0.0,0.0,0.0,0.0,0.0,0.0,0.0,0.0,0.0,0.0,2.279E-22,0.0,4.407,6.027,1.033,10.53,8.486E-4,0.001053,0.002401,0.9935,2.991E-4,0.0,0.0,0.0,0.0,0.0,0.0,0.0,0.0,0.0,0.0,0.0,0.0,0.0,0.0,0.0,0.0,0.0,0.0,0.0,0.0,0.0,0.0,0.0,0.0,0.0,0.0,0.0,0.0,0.0,0.0,0.0,0.0,0.0,0.0,0.0,0.0,0.0,0.0,0.0,0.0,0.0,0.0,0.0,0.0,0.0,0.0,1.0E-4,20070.0,9.55E25,2331.0,2842.0,443.0,203700.0,12830.0,2605.0,1216.0,8994.0,2150.0,0.4864,279.5,29.03,109.4,62.76,31.5,5.162,0.6145,0.3092,2.415,0.2773,0.005833,1651.0,38.55,69.51,15.46,42.4,2.415,0.1272,0.04182,0.2025,0.722,19.54,0.2961,1.282,3.463,7.35,0.9399,2.743,0.3156,0.1852,1.658,0.1157,0.0,0.0,0.0,0.0,0.0,0.0,0.0,0.0,0.0,0.0,0.0,0.5265,0.02839,0.7509,0.9822,0.243,2.071,2.4,0.4099,0.1626,1.136,0.08991,7.986E-6,4.056E-6,2.265E-4,2.795E-4,4.838E-5,4.014E-4,3.184E-5,5.169E-6,2.093E-6,1.379E-5,2.035E-6,
0.0,0.0,0.0,0.0,0.0,0.0,0.0,0.0,0.0,0.0,0.0,0.0,0.0,0.0,0.0,0.0,0.0,0.0,0.0,0.0,0.0,0.0,2.8E-6,0.002296,0.02655,1.036,1.6,0.3794,1.064,0.04266,0.005423,0.001785,0.01134,0.001031,0.0,0.0,0.0,0.0,0.0,0.0,0.0,0.0,0.0,0.0,0.0,0.0,0.0,0.0,0.0,0.0,0.0,0.0,0.0,0.0,0.0,0.0,2.279E-22,0.0,4.407,6.028,1.038,10.53,0.003486,0.004327,0.002875,0.9804,0.001229,0.0,0.0,0.0,0.0,0.0,0.0,0.0,0.0,0.0,0.0,0.0,0.0,0.0,0.0,0.0,0.0,0.0,0.0,0.0,0.0,0.0,0.0,0.0,0.0,0.0,0.0,0.0,0.0,0.0,0.0,0.0,0.0,0.0,0.0,0.0,0.0,0.0,0.0,0.0,0.0,0.0,0.0,0.0,0.0,0.0,0.0,1.0E-4,20070.0,9.55E25,2323.0,2843.0,455.4,203700.0,12850.0,2601.0,1224.0,8996.0,2156.0,0.4864,279.5,29.03,109.4,62.82,31.51,5.166,0.6171,0.3139,2.393,0.2788,0.005833,1651.0,38.55,69.2,15.77,42.4,2.415,0.1274,0.04216,0.2015,0.7221,19.54,0.2961,1.283,3.461,7.357,0.9399,2.748,0.3172,0.1879,1.642,0.1166,0.0,0.0,0.0,0.0,0.0,0.0,0.0,0.0,0.0,0.0,0.0,0.5265,0.02839,0.748,0.982,0.2448,2.073,2.402,0.4089,0.1639,1.131,0.09007,7.986E-6,4.056E-6,2.255E-4,2.793E-4,4.85E-5,4.023E-4,3.186E-5,5.16E-6,2.11E-6,1.374E-5,2.038E-6,
0.0,0.0,0.0,0.0,0.0,0.0,0.0,0.0,0.0,0.0,0.0,0.0,0.0,0.0,0.0,0.0,0.0,0.0,0.0,0.0,0.0,0.0,2.8E-6,0.002296,0.02655,1.036,1.6,0.3793,1.064,0.04265,0.005434,0.001883,0.01124,0.00105,0.0,0.0,0.0,0.0,0.0,0.0,0.0,0.0,0.0,0.0,0.0,0.0,0.0,0.0,0.0,0.0,0.0,0.0,0.0,0.0,0.0,0.0,2.279E-22,0.0,4.407,6.027,1.033,10.53,8.181E-4,0.001015,0.0151,0.9785,0.002765,0.0,0.0,0.0,0.0,0.0,0.0,0.0,0.0,0.0,0.0,0.0,0.0,0.0,0.0,0.0,0.0,0.0,0.0,0.0,0.0,0.0,0.0,0.0,0.0,0.0,0.0,0.0,0.0,0.0,0.0,0.0,0.0,0.0,0.0,0.0,0.0,0.0,0.0,0.0,0.0,0.0,0.0,0.0,0.0,0.0,0.0,1.0E-4,20070.0,9.55E25,2322.0,2841.0,442.8,203700.0,12840.0,2606.0,1312.0,8939.0,2138.0,0.4864,279.5,29.03,109.4,62.81,31.51,5.162,0.6161,0.3324,2.385,0.2818,0.005833,1651.0,38.55,69.2,15.77,42.4,2.414,0.1274,0.04289,0.2012,0.7223,19.54,0.2961,1.282,3.46,7.352,0.9399,2.745,0.3166,0.2015,1.636,0.1186,0.0,0.0,0.0,0.0,0.0,0.0,0.0,0.0,0.0,0.0,0.0,0.5265,0.02839,0.7478,0.9818,0.2432,2.073,2.402,0.4098,0.1744,1.121,0.09189,7.986E-6,4.056E-6,2.254E-4,2.793E-4,4.847E-5,4.022E-4,3.185E-5,5.171E-6,2.236E-6,1.361E-5,2.06E-6,
0.0,0.0,0.0,0.0,0.0,0.0,0.0,0.0,0.0,0.0,0.0,0.0,0.0,0.0,0.0,0.0,0.0,0.0,0.0,0.0,0.0,0.0,2.8E-6,0.002296,0.02655,1.036,1.6,0.3796,1.064,0.04279,0.005297,0.001794,0.01135,0.001003,0.0,0.0,0.0,0.0,0.0,0.0,0.0,0.0,0.0,0.0,0.0,0.0,0.0,0.0,0.0,0.0,0.0,0.0,0.0,0.0,0.0,0.0,2.279E-22,0.0,4.407,6.028,1.038,10.53,0.002498,0.005437,0.002657,0.9804,0.001934,0.0,0.0,0.0,0.0,0.0,0.0,0.0,0.0,0.0,0.0,0.0,0.0,0.0,0.0,0.0,0.0,0.0,0.0,0.0,0.0,0.0,0.0,0.0,0.0,0.0,0.0,0.0,0.0,0.0,0.0,0.0,0.0,0.0,0.0,0.0,0.0,0.0,0.0,0.0,0.0,0.0,0.0,0.0,0.0,0.0,0.0,1.0E-4,20070.0,9.55E25,2323.0,2841.0,456.4,203700.0,12890.0,2559.0,1242.0,9014.0,2113.0,0.4864,279.5,29.03,109.1,63.03,31.51,5.206,0.5791,0.3141,2.395,0.276,0.005833,1651.0,38.55,69.2,15.78,42.4,2.418,0.1239,0.04203,0.2017,0.722,19.54,0.2961,1.283,3.454,7.364,0.9399,2.765,0.3017,0.189,1.642,0.1146,0.0,0.0,0.0,0.0,0.0,0.0,0.0,0.0,0.0,0.0,0.0,0.5265,0.02839,0.7479,0.978,0.2486,2.073,2.409,0.4002,0.1645,1.134,0.08851,7.986E-6,4.056E-6,2.254E-4,2.79E-4,4.876E-5,4.022E-4,3.196E-5,5.056E-6,2.12E-6,1.376E-5,2.018E-6,
0.0,0.0,0.0,0.0,0.0,0.0,0.0,0.0,0.0,0.0,0.0,0.0,0.0,0.0,0.0,0.0,0.0,0.0,0.0,0.0,0.0,0.0,2.8E-6,0.002296,0.02655,1.036,1.599,0.3798,1.063,0.04281,0.005267,0.001809,0.01133,0.001003,0.0,0.0,0.0,0.0,0.0,0.0,0.0,0.0,0.0,0.0,0.0,0.0,0.0,0.0,0.0,0.0,0.0,0.0,0.0,0.0,0.0,0.0,2.279E-22,0.0,4.408,6.028,1.042,10.53,0.004116,0.008959,0.002248,0.9708,0.002122,0.0,0.0,0.0,0.0,0.0,0.0,0.0,0.0,0.0,0.0,0.0,0.0,0.0,0.0,0.0,0.0,0.0,0.0,0.0,0.0,0.0,0.0,0.0,0.0,0.0,0.0,0.0,0.0,0.0,0.0,0.0,0.0,0.0,0.0,0.0,0.0,0.0,0.0,0.0,0.0,0.0,0.0,0.0,0.0,0.0,0.0,1.0E-4,20070.0,9.55E25,2324.0,2840.0,467.3,203700.0,12910.0,2551.0,1245.0,9008.0,2100.0,0.4864,279.5,29.03,109.1,63.04,31.51,5.209,0.5816,0.3132,2.38,0.2787,0.005833,1651.0,38.55,69.2,15.78,42.4,2.418,0.1239,0.04201,0.2011,0.7221,19.54,0.2961,1.283,3.454,7.368,0.9399,2.767,0.3045,0.1884,1.632,0.1156,0.0,0.0,0.0,0.0,0.0,0.0,0.0,0.0,0.0,0.0,0.0,0.5265,0.02839,0.748,0.9777,0.2502,2.073,2.411,0.3982,0.1654,1.132,0.08879,7.986E-6,4.056E-6,2.254E-4,2.788E-4,4.899E-5,4.021E-4,3.197E-5,5.029E-6,2.129E-6,1.373E-5,2.039E-6,
0.0,0.0,0.0,0.0,0.0,0.0,0.0,0.0,0.0,0.0,0.0,0.0,0.0,0.0,0.0,0.0,0.0,0.0,0.0,0.0,0.0,0.0,2.8E-6,0.002296,0.02655,1.035,1.599,0.3797,1.063,0.04279,0.005272,0.001836,0.01137,9.856E-4,0.0,0.0,0.0,0.0,0.0,0.0,0.0,0.0,0.0,0.0,0.0,0.0,0.0,0.0,0.0,0.0,0.0,0.0,0.0,0.0,0.0,0.0,2.279E-22,0.0,4.407,6.027,1.033,10.53,6.419E-4,0.001397,0.006996,0.9885,6.078E-4,0.0,0.0,0.0,0.0,0.0,0.0,0.0,0.0,0.0,0.0,0.0,0.0,0.0,0.0,0.0,0.0,0.0,0.0,0.0,0.0,0.0,0.0,0.0,0.0,0.0,0.0,0.0,0.0,0.0,0.0,0.0,0.0,0.0,0.0,0.0,0.0,0.0,0.0,0.0,0.0,0.0,0.0,0.0,0.0,0.0,0.0,1.0E-4,20070.0,9.55E25,2322.0,2838.0,447.0,203700.0,12900.0,2547.0,1269.0,9038.0,2086.0,0.4864,279.5,29.03,109.1,63.03,31.51,5.205,0.5712,0.3183,2.409,0.2742,0.005833,1651.0,38.55,69.2,15.78,42.4,2.418,0.1235,0.04222,0.2024,0.7219,19.54,0.2961,1.282,3.453,7.36,0.9399,2.764,0.2972,0.1921,1.652,0.1123,0.0,0.0,0.0,0.0,0.0,0.0,0.0,0.0,0.0,0.0,0.0,0.5265,0.02839,0.7477,0.9773,0.2476,2.073,2.409,0.3979,0.1686,1.136,0.08701,7.986E-6,4.056E-6,2.254E-4,2.788E-4,4.895E-5,4.02E-4,3.195E-5,5.026E-6,2.167E-6,1.377E-5,2.017E-6,
0.0,0.0,0.0,0.0,0.0,0.0,0.0,0.0,0.0,0.0,0.0,0.0,0.0,0.0,0.0,0.0,0.0,0.0,0.0,0.0,0.0,0.0,2.8E-6,0.002296,0.02655,1.033,1.6,0.3797,1.064,0.04286,0.005225,0.001806,0.01136,9.738E-4,0.0,0.0,0.0,0.0,0.0,0.0,0.0,0.0,0.0,0.0,0.0,0.0,0.0,0.0,0.0,0.0,0.0,0.0,0.0,0.0,0.0,0.0,2.279E-22,0.0,4.121,6.189,1.042,11.66,0.004313,0.009388,0.002355,0.9676,0.004084,0.0,0.0,0.0,0.0,0.0,0.0,0.0,0.0,0.0,0.0,0.0,0.0,0.0,0.0,0.0,0.0,0.0,0.0,0.0,0.0,0.0,0.0,0.0,0.0,0.0,0.0,0.0,0.0,0.0,0.0,0.0,0.0,0.0,0.0,0.0,0.0,0.0,0.0,0.0,0.0,0.0,0.0,0.0,0.0,0.0,0.0,1.0E-4,20070.0,9.55E25,2297.0,2823.0,469.4,203700.0,12930.0,2547.0,1226.0,9031.0,2104.0,0.4864,279.5,28.96,109.1,63.04,31.59,5.232,0.5514,0.3196,2.382,0.2762,0.005833,1651.0,38.09,69.12,15.78,42.93,2.42,0.1212,0.04274,0.207,0.7161,19.54,0.2961,1.279,3.454,7.369,0.944,2.778,0.2918,0.1902,1.632,0.1143,0.0,0.0,0.0,0.0,0.0,0.0,0.0,0.0,0.0,0.0,0.0,0.5265,0.02839,0.7422,0.9784,0.2505,2.078,2.414,0.396,0.1639,1.134,0.08661,7.986E-6,4.056E-6,2.232E-4,2.791E-4,4.898E-5,4.038E-4,3.201E-5,5.001E-6,2.112E-6,1.379E-5,1.976E-6,
0.0,0.0,0.0,0.0,0.0,0.0,0.0,0.0,0.0,0.0,0.0,0.0,0.0,0.0,0.0,0.0,0.0,0.0,0.0,0.0,0.0,0.0,2.8E-6,0.002295,0.02655,1.033,1.6,0.3796,1.064,0.04287,0.005223,0.001627,0.01135,0.001143,0.0,0.0,0.0,0.0,0.0,0.0,0.0,0.0,0.0,0.0,0.0,0.0,0.0,0.0,0.0,0.0,0.0,0.0,0.0,0.0,0.0,0.0,2.279E-22,0.0,4.121,6.189,1.042,11.66,0.004286,0.009329,0.006672,0.9333,0.03422,0.0,0.0,0.0,0.0,0.0,0.0,0.0,0.0,0.0,0.0,0.0,0.0,0.0,0.0,0.0,0.0,0.0,0.0,0.0,0.0,0.0,0.0,0.0,0.0,0.0,0.0,0.0,0.0,0.0,0.0,0.0,0.0,0.0,0.0,0.0,0.0,0.0,0.0,0.0,0.0,0.0,0.0,0.0,0.0,0.0,0.0,1.0E-4,20080.0,9.55E25,2297.0,2823.0,470.2,203700.0,12940.0,2559.0,1130.0,9036.0,2274.0,0.4864,279.5,28.96,109.1,63.04,31.59,5.234,0.5502,0.3193,2.329,0.3299,0.005833,1651.0,38.09,69.12,15.78,42.93,2.42,0.1208,0.04249,0.2048,0.7187,19.54,0.2961,1.279,3.454,7.369,0.944,2.778,0.2929,0.1915,1.592,0.1523,0.0,0.0,0.0,0.0,0.0,0.0,0.0,0.0,0.0,0.0,0.0,0.5264,0.02839,0.7422,0.9783,0.2505,2.077,2.416,0.3971,0.1484,1.131,0.1035,7.985E-6,4.056E-6,2.231E-4,2.791E-4,4.897E-5,4.037E-4,3.203E-5,5.014E-6,1.924E-6,1.376E-5,2.169E-6,
0.0,0.0,0.0,0.0,0.0,0.0,0.0,0.0,0.0,0.0,0.0,0.0,0.0,0.0,0.0,0.0,0.0,0.0,0.0,0.0,0.0,0.0,2.8E-6,0.002295,0.02655,1.033,1.589,0.3903,1.063,0.04288,0.005165,0.001622,0.01152,0.001025,0.0,0.0,0.0,0.0,0.0,0.0,0.0,0.0,0.0,0.0,0.0,0.0,0.0,0.0,0.0,0.0,0.0,0.0,0.0,0.0,0.0,0.0,2.279E-22,0.0,4.121,6.189,1.041,11.66,0.004027,4.77E-4,0.008935,0.9705,0.004569,0.0,0.0,0.0,0.0,0.0,0.0,0.0,0.0,0.0,0.0,0.0,0.0,0.0,0.0,0.0,0.0,0.0,0.0,0.0,0.0,0.0,0.0,0.0,0.0,0.0,0.0,0.0,0.0,0.0,0.0,0.0,0.0,0.0,0.0,0.0,0.0,0.0,0.0,0.0,0.0,0.0,0.0,0.0,0.0,0.0,0.0,1.0E-4,20080.0,9.55E25,2296.0,2818.0,475.5,203700.0,12950.0,2523.0,1127.0,9159.0,2175.0,0.4864,279.5,28.95,107.8,64.4,31.59,5.234,0.5343,0.3241,2.381,0.2889,0.005833,1651.0,38.09,69.02,15.88,42.93,2.42,0.1201,0.04273,0.2073,0.7168,19.54,0.2961,1.279,3.41,7.412,0.944,2.778,0.2822,0.1947,1.628,0.1238,0.0,0.0,0.0,0.0,0.0,0.0,0.0,0.0,0.0,0.0,0.0,0.5264,0.02839,0.7421,0.9745,0.2544,2.077,2.417,0.3919,0.148,1.146,0.092,7.985E-6,4.056E-6,2.231E-4,2.786E-4,4.947E-5,4.036E-4,3.204E-5,4.951E-6,1.919E-6,1.395E-5,2.03E-6,
0.0,0.0,0.0,0.0,0.0,0.0,0.0,0.0,0.0,0.0,0.0,0.0,0.0,0.0,0.0,0.0,0.0,0.0,0.0,0.0,0.0,0.0,2.8E-6,0.002295,0.02655,1.033,1.589,0.3903,1.063,0.04291,0.005172,0.001626,0.01156,9.56E-4,0.0,0.0,0.0,0.0,0.0,0.0,0.0,0.0,0.0,0.0,0.0,0.0,0.0,0.0,0.0,0.0,0.0,0.0,0.0,0.0,0.0,0.0,2.279E-22,0.0,4.121,6.189,1.038,11.66,0.002547,3.017E-4,0.002293,0.9874,1.765E-4,0.0,0.0,0.0,0.0,0.0,0.0,0.0,0.0,0.0,0.0,0.0,0.0,0.0,0.0,0.0,0.0,0.0,0.0,0.0,0.0,0.0,0.0,0.0,0.0,0.0,0.0,0.0,0.0,0.0,0.0,0.0,0.0,0.0,0.0,0.0,0.0,0.0,0.0,0.0,0.0,0.0,0.0,0.0,0.0,0.0,0.0,1.0E-4,20080.0,9.55E25,2295.0,2816.0,464.2,203700.0,12980.0,2523.0,1131.0,9201.0,2195.0,0.4864,279.5,28.95,107.7,64.45,31.59,5.33,0.5348,0.3153,2.408,0.1786,0.005833,1651.0,38.09,68.74,16.16,42.93,2.976,0.121,0.04254,0.2121,0.1523,19.54,0.2961,1.279,3.409,7.411,0.944,2.783,0.2827,0.1887,1.646,0.1092,0.0,0.0,0.0,0.0,0.0,0.0,0.0,0.0,0.0,0.0,0.0,0.5264,0.02839,0.742,0.9745,0.2532,2.077,2.417,0.3921,0.1484,1.15,0.08793,7.984E-6,4.056E-6,2.231E-4,2.784E-4,4.955E-5,4.035E-4,3.216E-5,4.951E-6,1.923E-6,1.4E-5,1.879E-6,
0.0,0.0,0.0,0.0,0.0,0.0,0.0,0.0,0.0,0.0,0.0,0.0,0.0,0.0,0.0,0.0,0.0,0.0,0.0,0.0,0.0,0.0,2.8E-6,0.002295,0.02655,1.033,1.589,0.3902,1.063,0.04292,0.005155,0.001626,0.01156,9.467E-4,0.0,0.0,0.0,0.0,0.0,0.0,0.0,0.0,0.0,0.0,0.0,0.0,0.0,0.0,0.0,0.0,0.0,0.0,0.0,0.0,0.0,0.0,2.279E-22,0.0,4.121,6.189,1.042,11.66,0.004443,5.262E-4,0.004001,0.9781,3.08E-4,0.0,0.0,0.0,0.0,0.0,0.0,0.0,0.0,0.0,0.0,0.0,0.0,0.0,0.0,0.0,0.0,0.0,0.0,0.0,0.0,0.0,0.0,0.0,0.0,0.0,0.0,0.0,0.0,0.0,0.0,0.0,0.0,0.0,0.0,0.0,0.0,0.0,0.0,0.0,0.0,0.0,0.0,0.0,0.0,0.0,0.0,1.0E-4,20080.0,9.55E25,2296.0,2817.0,476.9,203700.0,12990.0,2522.0,1129.0,9186.0,2187.0,0.4864,279.5,28.96,107.7,64.45,31.59,5.332,0.5321,0.32,2.393,0.181,0.005833,1651.0,38.09,68.74,16.16,42.93,2.977,0.1207,0.04293,0.2114,0.1524,19.54,0.2961,1.279,3.409,7.415,0.944,2.784,0.2817,0.1908,1.635,0.1123,0.0,0.0,0.0,0.0,0.0,0.0,0.0,0.0,0.0,0.0,0.0,0.5264,0.02839,0.7421,0.9746,0.2549,2.077,2.417,0.3912,0.1472,1.149,0.08974,7.984E-6,4.056E-6,2.231E-4,2.784E-4,4.956E-5,4.034E-4,3.214E-5,4.937E-6,1.907E-6,1.398E-5,1.916E-6,
0.0,0.0,0.0,0.0,0.0,0.0,0.0,0.0,0.0,0.0,0.0,0.0,0.0,0.0,0.0,0.0,0.0,0.0,0.0,0.0,0.0,0.0,2.8E-6,0.002295,0.02655,1.033,1.588,0.3905,1.062,0.04292,0.004975,0.00181,0.01157,9.394E-4,0.0,0.0,0.0,0.0,0.0,0.0,0.0,0.0,0.0,0.0,0.0,0.0,0.0,0.0,0.0,0.0,0.0,0.0,0.0,0.0,0.0,0.0,2.279E-22,0.0,4.121,6.189,1.042,11.66,0.004443,5.262E-4,0.004001,0.9781,3.08E-4,0.0,0.0,0.0,0.0,0.0,0.0,0.0,0.0,0.0,0.0,0.0,0.0,0.0,0.0,0.0,0.0,0.0,0.0,0.0,0.0,0.0,0.0,0.0,0.0,0.0,0.0,0.0,0.0,0.0,0.0,0.0,0.0,0.0,0.0,0.0,0.0,0.0,0.0,0.0,0.0,0.0,0.0,0.0,0.0,0.0,0.0,1.0E-4,20080.0,9.55E25,2296.0,2816.0,477.8,203700.0,13000.0,2455.0,1207.0,9193.0,2228.0,0.4864,279.5,28.96,107.7,64.45,31.59,5.334,0.5277,0.3244,2.394,0.1784,0.005833,1651.0,38.09,68.74,16.16,42.93,2.977,0.1203,0.04333,0.2115,0.1522,19.54,0.2961,1.279,3.409,7.415,0.944,2.786,0.2801,0.1926,1.636,0.1105,0.0,0.0,0.0,0.0,0.0,0.0,0.0,0.0,0.0,0.0,0.0,0.5264,0.02839,0.7421,0.9741,0.2553,2.077,2.417,0.3787,0.1603,1.149,0.08903,7.984E-6,4.056E-6,2.231E-4,2.783E-4,4.964E-5,4.033E-4,3.214E-5,4.784E-6,2.067E-6,1.399E-5,1.908E-6,
0.0,0.0,0.0,0.0,0.0,0.0,0.0,0.0,0.0,0.0,0.0,0.0,0.0,0.0,0.0,0.0,0.0,0.0,0.0,0.0,0.0,0.0,2.8E-6,0.002295,0.02655,1.033,1.57,0.4085,1.062,0.0429,0.00501,0.002041,0.01131,9.642E-4,0.0,0.0,0.0,0.0,0.0,0.0,0.0,0.0,0.0,0.0,0.0,0.0,0.0,0.0,0.0,0.0,0.0,0.0,0.0,0.0,0.0,0.0,2.279E-22,0.0,4.121,6.189,1.038,11.66,0.00251,2.973E-4,0.07249,0.9169,6.58E-4,0.0,0.0,0.0,0.0,0.0,0.0,0.0,0.0,0.0,0.0,0.0,0.0,0.0,0.0,0.0,0.0,0.0,0.0,0.0,0.0,0.0,0.0,0.0,0.0,0.0,0.0,0.0,0.0,0.0,0.0,0.0,0.0,0.0,0.0,0.0,0.0,0.0,0.0,0.0,0.0,0.0,0.0,0.0,0.0,0.0,0.0,1.0E-4,20080.0,9.55E25,2295.0,2811.0,467.7,203700.0,12990.0,2488.0,1392.0,9020.0,2203.0,0.4864,279.5,28.95,107.1,65.01,31.59,5.331,0.5216,0.4238,2.307,0.1816,0.005833,1651.0,38.09,68.23,16.67,42.93,2.976,0.1196,0.0482,0.2077,0.1524,19.54,0.2961,1.279,3.401,7.418,0.944,2.784,0.2784,0.26,1.575,0.1125,0.0,0.0,0.0,0.0,0.0,0.0,0.0,0.0,0.0,0.0,0.0,0.5264,0.02839,0.7419,0.9731,0.2544,2.076,2.416,0.3827,0.1831,1.123,0.09132,7.984E-6,4.056E-6,2.231E-4,2.779E-4,4.997E-5,4.032E-4,3.213E-5,4.833E-6,2.34E-6,1.368E-5,1.935E-6,
0.0,0.0,0.0,0.0,0.0,0.0,0.0,0.0,0.0,0.0,0.0,0.0,0.0,0.0,0.0,0.0,0.0,0.0,0.0,0.0,0.0,0.0,2.8E-6,0.002295,0.02655,1.033,1.57,0.4084,1.061,0.04284,0.005036,0.001809,0.01154,9.784E-4,0.0,0.0,0.0,0.0,0.0,0.0,0.0,0.0,0.0,0.0,0.0,0.0,0.0,0.0,0.0,0.0,0.0,0.0,0.0,0.0,0.0,0.0,2.279E-22,0.0,4.121,6.189,1.041,11.66,0.003945,4.672E-4,0.006178,0.972,0.006138,0.0,0.0,0.0,0.0,0.0,0.0,0.0,0.0,0.0,0.0,0.0,0.0,0.0,0.0,0.0,0.0,0.0,0.0,0.0,0.0,0.0,0.0,0.0,0.0,0.0,0.0,0.0,0.0,0.0,0.0,0.0,0.0,0.0,0.0,0.0,0.0,0.0,0.0,0.0,0.0,0.0,0.0,0.0,0.0,0.0,0.0,1.0E-4,20080.0,9.55E25,2295.0,2812.0,479.2,203700.0,13020.0,2457.0,1194.0,9238.0,2174.0,0.4864,279.5,28.95,107.2,65.02,31.59,5.332,0.5229,0.33,2.385,0.1893,0.005833,1651.0,38.09,68.23,16.67,42.93,2.977,0.1195,0.04389,0.2113,0.1528,19.54,0.2961,1.279,3.402,7.422,0.944,2.784,0.2803,0.1947,1.629,0.1177,0.0,0.0,0.0,0.0,0.0,0.0,0.0,0.0,0.0,0.0,0.0,0.5264,0.02839,0.7419,0.9732,0.2558,2.076,2.419,0.3784,0.1586,1.146,0.09256,7.984E-6,4.056E-6,2.23E-4,2.779E-4,4.998E-5,4.031E-4,3.216E-5,4.785E-6,2.047E-6,1.395E-5,1.95E-6,
0.0,0.0,0.0,0.0,0.0,0.0,0.0,0.0,0.0,0.0,0.0,0.0,0.0,0.0,0.0,0.0,0.0,0.0,0.0,0.0,0.0,0.0,2.8E-6,0.002295,0.02655,1.032,1.566,0.4121,1.061,0.04281,0.005149,0.00176,0.01151,9.683E-4,0.0,0.0,0.0,0.0,0.0,0.0,0.0,0.0,0.0,0.0,0.0,0.0,0.0,0.0,0.0,0.0,0.0,0.0,0.0,0.0,0.0,0.0,2.279E-22,0.0,4.121,6.189,1.042,11.66,0.004352,5.154E-4,0.006815,0.9691,0.006771,0.0,0.0,0.0,0.0,0.0,0.0,0.0,0.0,0.0,0.0,0.0,0.0,0.0,0.0,0.0,0.0,0.0,0.0,0.0,0.0,0.0,0.0,0.0,0.0,0.0,0.0,0.0,0.0,0.0,0.0,0.0,0.0,0.0,0.0,0.0,0.0,0.0,0.0,0.0,0.0,0.0,0.0,0.0,0.0,0.0,0.0,1.0E-4,20080.0,9.55E25,2295.0,2806.0,488.3,203700.0,13040.0,2503.0,1172.0,9236.0,2130.0,0.4864,279.5,28.96,105.8,66.36,31.59,5.331,0.5224,0.3316,2.383,0.1898,0.005833,1651.0,38.09,67.9,17.0,42.93,2.977,0.1194,0.04408,0.2112,0.1529,19.54,0.2961,1.279,3.358,7.466,0.944,2.784,0.2808,0.1951,1.627,0.1177,0.0,0.0,0.0,0.0,0.0,0.0,0.0,0.0,0.0,0.0,0.0,0.5264,0.02839,0.7419,0.9684,0.261,2.076,2.418,0.3864,0.1543,1.144,0.09126,7.984E-6,4.056E-6,2.23E-4,2.768E-4,5.104E-5,4.03E-4,3.215E-5,4.883E-6,1.994E-6,1.392E-5,1.935E-6,
0.0,0.0,0.0,0.0,0.0,0.0,0.0,0.0,0.0,0.0,0.0,0.0,0.0,0.0,0.0,0.0,0.0,0.0,0.0,0.0,0.0,0.0,2.8E-6,0.002295,0.02655,1.032,1.566,0.412,1.061,0.0428,0.005159,0.001731,0.01154,9.774E-4,0.0,0.0,0.0,0.0,0.0,0.0,0.0,0.0,0.0,0.0,0.0,0.0,0.0,0.0,0.0,0.0,0.0,0.0,0.0,0.0,0.0,0.0,2.278E-22,0.0,4.121,6.189,1.042,11.66,0.004364,5.168E-4,0.005736,0.9711,0.005872,0.0,0.0,0.0,0.0,0.0,0.0,0.0,0.0,0.0,0.0,0.0,0.0,0.0,0.0,0.0,0.0,0.0,0.0,0.0,0.0,0.0,0.0,0.0,0.0,0.0,0.0,0.0,0.0,0.0,0.0,0.0,0.0,0.0,0.0,0.0,0.0,0.0,0.0,0.0,0.0,0.0,0.0,0.0,0.0,0.0,0.0,1.0E-4,20090.0,9.55E25,2295.0,2806.0,484.5,203700.0,13040.0,2501.0,1171.0,9306.0,2079.0,0.4864,279.5,28.96,105.8,66.36,31.59,5.332,0.5213,0.3276,2.386,0.191,0.005833,1651.0,38.09,67.9,17.0,42.93,2.977,0.1193,0.04365,0.22,0.1445,19.54,0.2961,1.279,3.358,7.466,0.944,2.784,0.2802,0.1938,1.627,0.1195,0.0,0.0,0.0,0.0,0.0,0.0,0.0,0.0,0.0,0.0,0.0,0.5264,0.02839,0.7419,0.9683,0.2605,2.076,2.418,0.3866,0.1529,1.145,0.09231,7.984E-6,4.056E-6,2.23E-4,2.768E-4,5.102E-5,4.029E-4,3.215E-5,4.885E-6,1.977E-6,1.4E-5,1.883E-6,
0.0,0.0,0.0,0.0,0.0,0.0,0.0,0.0,0.0,0.0,0.0,0.0,0.0,0.0,0.0,0.0,0.0,0.0,0.0,0.0,0.0,0.0,2.8E-6,0.002306,0.02655,1.032,1.566,0.412,1.06,0.04273,0.005215,0.001763,0.01152,9.631E-4,0.0,0.0,0.0,0.0,0.0,0.0,0.0,0.0,0.0,0.0,0.0,0.0,0.0,0.0,0.0,0.0,0.0,0.0,0.0,0.0,0.0,0.0,2.278E-22,0.0,4.121,6.189,1.043,11.66,0.004682,5.545E-4,0.004064,0.9731,0.004213,0.0,0.0,0.0,0.0,0.0,0.0,0.0,0.0,0.0,0.0,0.0,0.0,0.0,0.0,0.0,0.0,0.0,0.0,0.0,0.0,0.0,0.0,0.0,0.0,0.0,0.0,0.0,0.0,0.0,0.0,0.0,0.0,0.0,0.0,0.0,0.0,0.0,0.0,0.0,0.0,0.0,0.0,0.0,0.0,0.0,0.0,1.0E-4,20090.0,9.55E25,2295.0,2806.0,486.6,203700.0,13010.0,2524.0,1206.0,9298.0,2041.0,0.4884,279.5,28.96,105.8,66.41,31.59,5.316,0.5346,0.326,2.389,0.1883,0.00589,1651.0,38.09,67.64,17.26,42.93,2.975,0.1204,0.0436,0.2279,0.1366,19.54,0.2961,1.279,3.357,7.469,0.944,2.777,0.2863,0.1931,1.627,0.1183,0.0,0.0,0.0,0.0,0.0,0.0,0.0,0.0,0.0,0.0,0.0,0.5272,0.02839,0.7418,0.9681,0.2609,2.075,2.414,0.3905,0.1566,1.142,0.09135,7.993E-6,4.056E-6,2.23E-4,2.767E-4,5.111E-5,4.028E-4,3.209E-5,4.933E-6,2.022E-6,1.402E-5,1.815E-6,
0.0,0.0,0.0,0.0,0.0,0.0,0.0,0.0,0.0,0.0,0.0,0.0,0.0,0.0,0.0,0.0,0.0,0.0,0.0,0.0,0.0,0.0,2.8E-6,0.002306,0.02655,1.032,1.566,0.412,1.06,0.04275,0.005201,0.001767,0.01153,9.51E-4,0.0,0.0,0.0,0.0,0.0,0.0,0.0,0.0,0.0,0.0,0.0,0.0,0.0,0.0,0.0,0.0,0.0,0.0,0.0,0.0,0.0,0.0,2.278E-22,0.0,4.121,6.189,1.043,11.66,0.004682,5.545E-4,0.004064,0.9731,0.004213,0.0,0.0,0.0,0.0,0.0,0.0,0.0,0.0,0.0,0.0,0.0,0.0,0.0,0.0,0.0,0.0,0.0,0.0,0.0,0.0,0.0,0.0,0.0,0.0,0.0,0.0,0.0,0.0,0.0,0.0,0.0,0.0,0.0,0.0,0.0,0.0,0.0,0.0,0.0,0.0,0.0,0.0,0.0,0.0,0.0,0.0,1.0E-4,20090.0,9.55E25,2295.0,2803.0,488.6,203700.0,13020.0,2532.0,1194.0,9314.0,2062.0,0.4884,279.5,28.96,105.8,66.41,31.59,5.318,0.5339,0.3265,2.389,0.1871,0.00589,1651.0,38.09,67.64,17.26,42.93,2.975,0.1202,0.0438,0.2347,0.1298,19.54,0.2961,1.279,3.356,7.469,0.944,2.778,0.2871,0.1924,1.627,0.1183,0.0,0.0,0.0,0.0,0.0,0.0,0.0,0.0,0.0,0.0,0.0,0.5271,0.02839,0.7418,0.9671,0.2618,2.075,2.415,0.3906,0.1556,1.142,0.09073,7.993E-6,4.056E-6,2.23E-4,2.765E-4,5.127E-5,4.027E-4,3.211E-5,4.934E-6,2.011E-6,1.408E-5,1.751E-6,
0.0,0.0,0.0,0.0,0.0,0.0,0.0,0.0,0.0,0.0,0.0,0.0,0.0,0.0,0.0,0.0,0.0,0.0,0.0,0.0,0.0,0.0,2.8E-6,0.002315,0.02655,1.031,1.567,0.4118,1.06,0.04272,0.005199,0.001782,0.01159,9.244E-4,0.0,0.0,0.0,0.0,0.0,0.0,0.0,0.0,0.0,0.0,0.0,0.0,0.0,0.0,0.0,0.0,0.0,0.0,0.0,0.0,0.0,0.0,2.278E-22,0.0,4.12,6.188,1.033,11.66,6.246E-4,0.001367,5.421E-4,0.9944,0.001283,0.0,0.0,0.0,0.0,0.0,0.0,0.0,0.0,0.0,0.0,0.0,0.0,0.0,0.0,0.0,0.0,0.0,0.0,0.0,0.0,0.0,0.0,0.0,0.0,0.0,0.0,0.0,0.0,0.0,0.0,0.0,0.0,0.0,0.0,0.0,0.0,0.0,0.0,0.0,0.0,0.0,0.0,0.0,0.0,0.0,0.0,1.0E-4,20100.0,9.55E25,2292.0,2802.0,465.8,203700.0,13010.0,2534.0,1212.0,9354.0,2035.0,0.4907,279.5,28.95,105.8,66.39,31.59,5.309,0.5365,0.3214,2.421,0.1795,0.006006,1651.0,38.09,67.64,17.26,42.93,2.975,0.1203,0.04359,0.238,0.1277,19.54,0.2961,1.279,3.356,7.46,0.944,2.773,0.2892,0.189,1.648,0.113,0.0,0.0,0.0,0.0,0.0,0.0,0.0,0.0,0.0,0.0,0.0,0.528,0.02839,0.7412,0.9671,0.259,2.075,2.413,0.3907,0.1574,1.147,0.08808,8.003E-6,4.056E-6,2.228E-4,2.765E-4,5.123E-5,4.026E-4,3.208E-5,4.935E-6,2.032E-6,1.416E-5,1.706E-6,
0.0,0.0,0.0,0.0,0.0,0.0,0.0,0.0,0.0,0.0,0.0,0.0,0.0,0.0,0.0,0.0,0.0,0.0,0.0,0.0,0.0,0.0,2.8E-6,0.002315,0.02655,1.031,1.566,0.4118,1.059,0.04269,0.005264,0.006257,0.007034,9.364E-4,0.0,0.0,0.0,0.0,0.0,0.0,0.0,0.0,0.0,0.0,0.0,0.0,0.0,0.0,0.0,0.0,0.0,0.0,0.0,0.0,0.0,0.0,2.278E-22,0.0,4.121,6.189,1.042,11.66,0.004236,0.009271,0.003676,0.9621,0.008698,0.0,0.0,0.0,0.0,0.0,0.0,0.0,0.0,0.0,0.0,0.0,0.0,0.0,0.0,0.0,0.0,0.0,0.0,0.0,0.0,0.0,0.0,0.0,0.0,0.0,0.0,0.0,0.0,0.0,0.0,0.0,0.0,0.0,0.0,0.0,0.0,0.0,0.0,0.0,0.0,0.0,0.0,0.0,0.0,0.0,0.0,1.0E-4,20100.0,9.55E25,2293.0,2804.0,487.4,203700.0,13010.0,2583.0,4754.0,5744.0,2021.0,0.4907,279.5,28.95,105.8,66.41,31.59,5.315,0.544,0.8283,1.877,0.1884,0.006006,1651.0,38.09,67.64,17.26,42.93,2.975,0.1204,0.07155,0.2166,0.1197,19.54,0.2961,1.279,3.357,7.468,0.944,2.776,0.2967,0.5381,1.271,0.1201,0.0,0.0,0.0,0.0,0.0,0.0,0.0,0.0,0.0,0.0,0.0,0.528,0.02839,0.7414,0.9673,0.2616,2.074,2.413,0.3964,0.5995,0.6945,0.08986,8.003E-6,4.056E-6,2.228E-4,2.765E-4,5.125E-5,4.024E-4,3.208E-5,5.005E-6,7.399E-6,8.723E-6,1.665E-6,
0.0,0.0,0.0,0.0,0.0,0.0,0.0,0.0,0.0,0.0,0.0,0.0,0.0,0.0,0.0,0.0,0.0,0.0,0.0,0.0,0.0,0.0,2.8E-6,0.002315,0.02655,1.031,1.563,0.4152,1.059,0.04268,0.005224,0.006424,0.007027,8.546E-4,0.0,0.0,0.0,0.0,0.0,0.0,0.0,0.0,0.0,0.0,0.0,0.0,0.0,0.0,0.0,0.0,0.0,0.0,0.0,0.0,0.0,0.0,2.278E-22,0.0,4.121,6.189,1.035,11.66,0.001331,0.002912,0.03279,0.9575,0.001688,0.0,0.0,0.0,0.0,0.0,0.0,0.0,0.0,0.0,0.0,0.0,0.0,0.0,0.0,0.0,0.0,0.0,0.0,0.0,0.0,0.0,0.0,0.0,0.0,0.0,0.0,0.0,0.0,0.0,0.0,0.0,0.0,0.0,0.0,0.0,0.0,0.0,0.0,0.0,0.0,0.0,0.0,0.0,0.0,0.0,0.0,1.0E-4,20100.0,9.55E25,2292.0,2798.0,473.4,203700.0,13030.0,2540.0,4889.0,5731.0,1948.0,0.4907,279.5,28.95,104.7,67.47,31.59,5.311,0.5346,0.8727,1.872,0.1742,0.006006,1651.0,38.09,67.11,17.8,42.93,2.975,0.1199,0.07435,0.2179,0.117,19.54,0.2961,1.279,3.329,7.488,0.944,2.773,0.2905,0.5692,1.267,0.1104,0.0,0.0,0.0,0.0,0.0,0.0,0.0,0.0,0.0,0.0,0.0,0.528,0.02839,0.7412,0.9654,0.261,2.074,2.414,0.391,0.6158,0.6921,0.08297,8.003E-6,4.056E-6,2.228E-4,2.759E-4,5.178E-5,4.023E-4,3.209E-5,4.941E-6,7.601E-6,8.708E-6,1.568E-6,
0.0,0.0,0.0,0.0,0.0,0.0,0.0,0.0,0.0,0.0,0.0,0.0,0.0,0.0,0.0,0.0,0.0,0.0,0.0,0.0,0.0,0.0,2.8E-6,0.002315,0.02655,1.031,1.555,0.4233,1.059,0.04269,0.005202,0.006408,0.007045,8.52E-4,0.0,0.0,0.0,0.0,0.0,0.0,0.0,0.0,0.0,0.0,0.0,0.0,0.0,0.0,0.0,0.0,0.0,0.0,0.0,0.0,0.0,0.0,2.278E-22,0.0,4.121,6.189,1.04,11.66,2.443E-4,0.007454,0.004821,0.9763,0.001011,0.0,0.0,0.0,0.0,0.0,0.0,0.0,0.0,0.0,0.0,0.0,0.0,0.0,0.0,0.0,0.0,0.0,0.0,0.0,0.0,0.0,0.0,0.0,0.0,0.0,0.0,0.0,0.0,0.0,0.0,0.0,0.0,0.0,0.0,0.0,0.0,0.0,0.0,0.0,0.0,0.0,0.0,0.0,0.0,0.0,0.0,1.0E-4,20100.0,9.55E25,2293.0,2796.0,489.5,203700.0,13040.0,2570.0,4832.0,5737.0,1947.0,0.4907,279.5,28.95,104.6,67.54,31.59,5.31,0.5353,0.838,1.902,0.1702,0.006006,1651.0,38.09,67.06,17.85,42.93,2.975,0.1198,0.07256,0.2193,0.1171,19.54,0.2961,1.279,3.329,7.494,0.944,2.772,0.2931,0.5428,1.288,0.1076,0.0,0.0,0.0,0.0,0.0,0.0,0.0,0.0,0.0,0.0,0.0,0.528,0.02839,0.7413,0.9649,0.2633,2.074,2.414,0.3921,0.6107,0.6938,0.08251,8.003E-6,4.056E-6,2.228E-4,2.756E-4,5.205E-5,4.022E-4,3.209E-5,4.955E-6,7.539E-6,8.725E-6,1.565E-6,
0.0,0.0,0.0,0.0,0.0,0.0,0.0,0.0,0.0,0.0,0.0,0.0,0.0,0.0,0.0,0.0,0.0,0.0,0.0,0.0,0.0,0.0,2.8E-6,0.002315,0.02655,1.031,1.555,0.4233,1.058,0.04266,0.005276,0.006465,0.00694,8.492E-4,0.0,0.0,0.0,0.0,0.0,0.0,0.0,0.0,0.0,0.0,0.0,0.0,0.0,0.0,0.0,0.0,0.0,0.0,0.0,0.0,0.0,0.0,2.278E-22,0.0,4.121,6.189,1.04,11.66,2.381E-4,0.007264,0.003429,0.9767,0.002445,0.0,0.0,0.0,0.0,0.0,0.0,0.0,0.0,0.0,0.0,0.0,0.0,0.0,0.0,0.0,0.0,0.0,0.0,0.0,0.0,0.0,0.0,0.0,0.0,0.0,0.0,0.0,0.0,0.0,0.0,0.0,0.0,0.0,0.0,0.0,0.0,0.0,0.0,0.0,0.0,0.0,0.0,0.0,0.0,0.0,0.0,1.0E-4,20100.0,9.55E25,2292.0,2797.0,487.7,203700.0,13030.0,2642.0,4865.0,5714.0,1872.0,0.4907,279.5,28.95,104.6,67.54,31.59,5.307,0.5322,0.8379,1.906,0.1725,0.006006,1651.0,38.09,67.06,17.85,42.93,2.975,0.1195,0.0729,0.2218,0.1148,19.54,0.2961,1.279,3.329,7.494,0.944,2.771,0.2926,0.5417,1.289,0.1092,0.0,0.0,0.0,0.0,0.0,0.0,0.0,0.0,0.0,0.0,0.0,0.528,0.02839,0.7412,0.9649,0.263,2.074,2.413,0.4004,0.6148,0.6828,0.08247,8.003E-6,4.056E-6,2.228E-4,2.756E-4,5.204E-5,4.022E-4,3.208E-5,5.055E-6,7.593E-6,8.601E-6,1.553E-6,
0.0,0.0,0.0,0.0,0.0,0.0,0.0,0.0,0.0,0.0,0.0,0.0,0.0,0.0,0.0,0.0,0.0,0.0,0.0,0.0,0.0,0.0,2.8E-6,0.002315,0.02655,1.031,1.554,0.4232,1.058,0.04269,0.005121,0.006612,0.006925,8.393E-4,0.0,0.0,0.0,0.0,0.0,0.0,0.0,0.0,0.0,0.0,0.0,0.0,0.0,0.0,0.0,0.0,0.0,0.0,0.0,0.0,0.0,0.0,2.278E-22,0.0,4.121,6.189,1.043,11.66,3.22E-4,0.009825,0.004638,0.9685,0.003307,0.0,0.0,0.0,0.0,0.0,0.0,0.0,0.0,0.0,0.0,0.0,0.0,0.0,0.0,0.0,0.0,0.0,0.0,0.0,0.0,0.0,0.0,0.0,0.0,0.0,0.0,0.0,0.0,0.0,0.0,0.0,0.0,0.0,0.0,0.0,0.0,0.0,0.0,0.0,0.0,0.0,0.0,0.0,0.0,0.0,0.0,1.0E-4,20100.0,9.55E25,2293.0,2797.0,494.9,203700.0,13040.0,2566.0,4945.0,5700.0,1864.0,0.4907,279.5,28.95,104.6,67.54,31.59,5.31,0.5307,0.843,1.896,0.1699,0.006006,1651.0,38.09,67.06,17.85,42.93,2.975,0.1192,0.07324,0.2211,0.1147,19.54,0.2961,1.279,3.329,7.497,0.944,2.773,0.2932,0.5443,1.283,0.1073,0.0,0.0,0.0,0.0,0.0,0.0,0.0,0.0,0.0,0.0,0.0,0.528,0.02839,0.7413,0.965,0.2639,2.074,2.415,0.3884,0.6269,0.6813,0.08127,8.003E-6,4.056E-6,2.227E-4,2.756E-4,5.205E-5,4.021E-4,3.21E-5,4.91E-6,7.739E-6,8.582E-6,1.539E-6,
0.0,0.0,0.0,0.0,0.0,0.0,0.0,0.0,0.0,0.0,0.0,0.0,0.0,0.0,0.0,0.0,0.0,0.0,0.0,0.0,0.0,0.0,2.8E-6,0.002315,0.02655,1.031,1.554,0.4235,1.057,0.04272,0.005043,0.006711,0.006904,8.033E-4,0.0,0.0,0.0,0.0,0.0,0.0,0.0,0.0,0.0,0.0,0.0,0.0,0.0,0.0,0.0,0.0,0.0,0.0,0.0,0.0,0.0,0.0,2.278E-22,0.0,4.121,6.19,1.043,11.66,3.332E-4,0.01017,0.006517,0.9669,0.002172,0.0,0.0,0.0,0.0,0.0,0.0,0.0,0.0,0.0,0.0,0.0,0.0,0.0,0.0,0.0,0.0,0.0,0.0,0.0,0.0,0.0,0.0,0.0,0.0,0.0,0.0,0.0,0.0,0.0,0.0,0.0,0.0,0.0,0.0,0.0,0.0,0.0,0.0,0.0,0.0,0.0,0.0,0.0,0.0,0.0,0.0,1.0E-4,20100.0,9.55E25,2293.0,2795.0,496.1,203700.0,13060.0,2539.0,5001.0,5684.0,1832.0,0.4907,279.5,28.95,104.6,67.61,31.59,5.312,0.5352,0.8391,1.902,0.1616,0.006006,1651.0,38.09,67.03,17.88,42.93,2.975,0.1194,0.07316,0.2214,0.1143,19.54,0.2961,1.279,3.329,7.498,0.944,2.773,0.2969,0.5415,1.286,0.1015,0.0,0.0,0.0,0.0,0.0,0.0,0.0,0.0,0.0,0.0,0.0,0.528,0.02839,0.7412,0.9645,0.2642,2.073,2.417,0.3834,0.6349,0.6793,0.07779,8.003E-6,4.056E-6,2.227E-4,2.754E-4,5.217E-5,4.02E-4,3.213E-5,4.848E-6,7.838E-6,8.556E-6,1.497E-6,
0.0,0.0,0.0,0.0,0.0,0.0,0.0,0.0,0.0,0.0,0.0,0.0,0.0,0.0,0.0,0.0,0.0,0.0,0.0,0.0,0.0,0.0,2.8E-6,0.002315,0.02655,1.004,1.556,0.4235,1.082,0.04265,0.005155,0.006665,0.006898,8.079E-4,0.0,0.0,0.0,0.0,0.0,0.0,0.0,0.0,0.0,0.0,0.0,0.0,0.0,0.0,0.0,0.0,0.0,0.0,0.0,0.0,0.0,0.0,2.278E-22,0.0,4.168,6.453,1.041,11.35,2.623E-4,0.008003,0.00513,0.972,0.003696,0.0,0.0,0.0,0.0,0.0,0.0,0.0,0.0,0.0,0.0,0.0,0.0,0.0,0.0,0.0,0.0,0.0,0.0,0.0,0.0,0.0,0.0,0.0,0.0,0.0,0.0,0.0,0.0,0.0,0.0,0.0,0.0,0.0,0.0,0.0,0.0,0.0,0.0,0.0,0.0,0.0,0.0,0.0,0.0,0.0,0.0,1.0E-4,20100.0,9.55E25,2319.0,2866.0,491.2,203600.0,13040.0,2584.0,4986.0,5682.0,1840.0,0.4907,279.5,28.94,104.6,67.6,31.55,5.303,0.5347,0.8374,1.91,0.1643,0.006006,1651.0,38.14,67.43,17.88,42.49,2.962,0.1215,0.07366,0.2241,0.1159,19.54,0.2961,1.279,3.333,7.496,0.9413,2.77,0.2962,0.5403,1.291,0.1032,0.0,0.0,0.0,0.0,0.0,0.0,0.0,0.0,0.0,0.0,0.0,0.528,0.02839,0.7038,0.9684,0.2636,2.107,2.414,0.3913,0.6317,0.6783,0.07809,8.003E-6,4.056E-6,2.175E-4,2.77E-4,5.216E-5,4.054E-4,3.21E-5,4.943E-6,7.8E-6,8.541E-6,1.499E-6,
0.0,0.0,0.0,0.0,0.0,0.0,0.0,0.0,0.0,0.0,0.0,0.0,0.0,0.0,0.0,0.0,0.0,0.0,0.0,0.0,0.0,0.0,2.8E-6,0.002315,0.02655,1.004,1.556,0.4235,1.082,0.04268,0.005171,0.00667,0.006885,7.919E-4,0.0,0.0,0.0,0.0,0.0,0.0,0.0,0.0,0.0,0.0,0.0,0.0,0.0,0.0,0.0,0.0,0.0,0.0,0.0,0.0,0.0,0.0,2.278E-22,0.0,4.264,6.621,1.035,12.08,8.678E-5,0.00199,0.002079,0.9919,3.098E-4,0.0,0.0,0.0,0.0,0.0,0.0,0.0,0.0,0.0,0.0,0.0,0.0,0.0,0.0,0.0,0.0,0.0,0.0,0.0,0.0,0.0,0.0,0.0,0.0,0.0,0.0,0.0,0.0,0.0,0.0,0.0,0.0,0.0,0.0,0.0,0.0,0.0,0.0,0.0,0.0,0.0,0.0,0.0,0.0,0.0,0.0,1.0E-4,20100.0,9.55E25,2316.0,2865.0,476.5,203600.0,13060.0,2588.0,5039.0,5643.0,1822.0,0.4907,279.5,28.93,104.6,67.6,31.55,5.308,0.5302,0.8212,1.942,0.1589,0.006006,1651.0,38.14,67.38,17.93,42.49,2.962,0.1212,0.07279,0.2284,0.1131,19.54,0.2961,1.279,3.332,7.49,0.9413,2.772,0.2934,0.531,1.312,0.09963,0.0,0.0,0.0,0.0,0.0,0.0,0.0,0.0,0.0,0.0,0.0,0.528,0.02839,0.703,0.9683,0.2621,2.106,2.416,0.3923,0.6349,0.6752,0.07667,8.003E-6,4.056E-6,2.174E-4,2.77E-4,5.224E-5,4.053E-4,3.213E-5,4.954E-6,7.84E-6,8.513E-6,1.471E-6,
0.0,0.0,0.0,0.0,0.0,0.0,0.0,0.0,0.0,0.0,0.0,0.0,0.0,0.0,0.0,0.0,0.0,0.0,0.0,0.0,0.0,0.0,2.8E-6,0.002315,0.02655,1.002,1.553,0.4235,1.086,0.04264,0.005217,0.006681,0.006827,7.955E-4,0.0,0.0,0.0,0.0,0.0,0.0,0.0,0.0,0.0,0.0,0.0,0.0,0.0,0.0,0.0,0.0,0.0,0.0,0.0,0.0,0.0,0.0,2.278E-22,0.0,4.265,6.622,1.043,12.08,3.187E-4,0.007311,0.007636,0.9703,0.001138,0.0,0.0,0.0,0.0,0.0,0.0,0.0,0.0,0.0,0.0,0.0,0.0,0.0,0.0,0.0,0.0,0.0,0.0,0.0,0.0,0.0,0.0,0.0,0.0,0.0,0.0,0.0,0.0,0.0,0.0,0.0,0.0,0.0,0.0,0.0,0.0,0.0,0.0,0.0,0.0,0.0,0.0,0.0,0.0,0.0,0.0,1.0E-4,20100.0,9.55E25,2403.0,3009.0,495.1,203400.0,13060.0,2609.0,5044.0,5601.0,1812.0,0.4907,279.5,28.94,104.6,67.62,31.53,5.309,0.5372,0.8278,1.912,0.1602,0.006006,1651.0,38.14,67.39,17.93,42.48,2.961,0.1241,0.07085,0.2267,0.1133,19.54,0.2961,1.28,3.334,7.498,0.9404,2.773,0.2984,0.5355,1.291,0.1005,0.0,0.0,0.0,0.0,0.0,0.0,0.0,0.0,0.0,0.0,0.0,0.528,0.02839,0.7015,0.9658,0.2644,2.111,2.416,0.395,0.6357,0.6687,0.07658,8.003E-6,4.056E-6,2.171E-4,2.765E-4,5.226E-5,4.06E-4,3.213E-5,4.997E-6,7.842E-6,8.434E-6,1.471E-6,
0.0,0.0,0.0,0.0,0.0,0.0,0.0,0.0,0.0,0.0,0.0,0.0,0.0,0.0,0.0,0.0,0.0,0.0,0.0,0.0,0.0,0.0,2.8E-6,0.002315,0.02655,0.9979,1.518,0.4265,1.121,0.04256,0.005801,0.006101,0.006912,7.843E-4,0.0,0.0,0.0,0.0,0.0,0.0,0.0,0.0,0.0,0.0,0.0,0.0,0.0,0.0,0.0,0.0,0.0,0.0,0.0,0.0,0.0,0.0,2.278E-22,0.0,4.265,6.381,1.043,12.32,0.003616,0.005278,0.007406,0.9687,0.001181,0.0,0.0,0.0,0.0,0.0,0.0,0.0,0.0,0.0,0.0,0.0,0.0,0.0,0.0,0.0,0.0,0.0,0.0,0.0,0.0,0.0,0.0,0.0,0.0,0.0,0.0,0.0,0.0,0.0,0.0,0.0,0.0,0.0,0.0,0.0,0.0,0.0,0.0,0.0,0.0,0.0,0.0,0.0,0.0,0.0,0.0,1.0E-4,20100.0,9.55E25,2598.0,3340.0,496.7,202800.0,13050.0,3112.0,4527.0,5645.0,1792.0,0.4907,279.5,28.83,104.6,68.03,31.24,5.309,0.5927,0.7716,1.912,0.1584,0.006006,1651.0,37.69,68.18,18.41,41.65,2.961,0.1268,0.06811,0.2267,0.1132,19.54,0.2961,1.276,3.34,7.505,0.931,2.774,0.3389,0.4947,1.29,0.09917,0.0,0.0,0.0,0.0,0.0,0.0,0.0,0.0,0.0,0.0,0.0,0.528,0.02839,0.6955,0.9565,0.2651,2.125,2.413,0.4553,0.5735,0.6748,0.07547,8.003E-6,4.056E-6,2.158E-4,2.737E-4,5.269E-5,4.096E-4,3.209E-5,5.729E-6,7.089E-6,8.507E-6,1.457E-6,
0.0,0.0,0.0,0.0,0.0,0.0,0.0,0.0,0.0,0.0,0.0,0.0,0.0,0.0,0.0,0.0,0.0,0.0,0.0,0.0,0.0,0.0,2.8E-6,0.002315,0.02655,0.9991,1.517,0.4264,1.12,0.04254,0.005883,0.0061,0.006857,7.891E-4,0.0,0.0,0.0,0.0,0.0,0.0,0.0,0.0,0.0,0.0,0.0,0.0,0.0,0.0,0.0,0.0,0.0,0.0,0.0,0.0,0.0,0.0,2.278E-22,0.0,5.204,6.392,1.04,12.37,0.002628,0.003836,0.00599,0.9735,0.00399,0.0,0.0,0.0,0.0,0.0,0.0,0.0,0.0,0.0,0.0,0.0,0.0,0.0,0.0,0.0,0.0,0.0,0.0,0.0,0.0,0.0,0.0,0.0,0.0,0.0,0.0,0.0,0.0,0.0,0.0,0.0,0.0,0.0,0.0,0.0,0.0,0.0,0.0,0.0,0.0,0.0,0.0,0.0,0.0,0.0,0.0,1.0E-4,20100.0,9.55E25,2830.0,3297.0,490.1,202700.0,13050.0,3138.0,4545.0,5606.0,1795.0,0.4907,279.5,28.95,104.6,68.02,31.13,5.31,0.5911,0.7679,1.919,0.1616,0.006006,1651.0,38.44,68.04,18.41,41.04,2.961,0.1267,0.06797,0.2271,0.1134,19.54,0.2961,1.282,3.338,7.502,0.9258,2.775,0.3385,0.4919,1.295,0.1013,0.0,0.0,0.0,0.0,0.0,0.0,0.0,0.0,0.0,0.0,0.0,0.528,0.02839,0.7016,0.9554,0.2643,2.12,2.412,0.4609,0.5745,0.6695,0.076,8.003E-6,4.056E-6,2.176E-4,2.734E-4,5.267E-5,4.08E-4,3.208E-5,5.797E-6,7.102E-6,8.442E-6,1.464E-6,
0.0,0.0,0.0,0.0,0.0,0.0,0.0,0.0,0.0,0.0,0.0,0.0,0.0,0.0,0.0,0.0,0.0,0.0,0.0,0.0,0.0,0.0,2.8E-6,0.002315,0.02655,0.9989,1.517,0.4263,1.119,0.04252,0.005874,0.006059,0.006892,8.407E-4,0.0,0.0,0.0,0.0,0.0,0.0,0.0,0.0,0.0,0.0,0.0,0.0,0.0,0.0,0.0,0.0,0.0,0.0,0.0,0.0,0.0,0.0,2.278E-22,0.0,5.204,6.391,1.035,12.37,8.849E-4,0.001292,0.001778,0.9775,0.01514,0.0,0.0,0.0,0.0,0.0,0.0,0.0,0.0,0.0,0.0,0.0,0.0,0.0,0.0,0.0,0.0,0.0,0.0,0.0,0.0,0.0,0.0,0.0,0.0,0.0,0.0,0.0,0.0,0.0,0.0,0.0,0.0,0.0,0.0,0.0,0.0,0.0,0.0,0.0,0.0,0.0,0.0,0.0,0.0,0.0,0.0,1.0E-4,20100.0,9.55E25,2828.0,3294.0,478.4,202600.0,13050.0,3146.0,4496.0,5622.0,1905.0,0.4907,279.5,28.95,104.6,68.02,31.13,5.306,0.586,0.7643,1.925,0.1771,0.006006,1651.0,38.44,68.04,18.41,41.04,2.961,0.1263,0.06792,0.2274,0.1144,19.54,0.2961,1.282,3.338,7.497,0.9258,2.773,0.3358,0.4886,1.298,0.112,0.0,0.0,0.0,0.0,0.0,0.0,0.0,0.0,0.0,0.0,0.0,0.5279,0.02839,0.7014,0.9552,0.2628,2.12,2.412,0.4608,0.5692,0.6723,0.08106,8.003E-6,4.056E-6,2.175E-4,2.734E-4,5.263E-5,4.079E-4,3.207E-5,5.797E-6,7.038E-6,8.476E-6,1.526E-6,
0.0,0.0,0.0,0.0,0.0,0.0,0.0,0.0,0.0,0.0,0.0,0.0,0.0,0.0,0.0,0.0,0.0,0.0,0.0,0.0,0.0,0.0,2.8E-6,0.002315,0.02655,0.9988,1.517,0.4262,1.119,0.04249,0.005905,0.006711,0.006255,7.942E-4,0.0,0.0,0.0,0.0,0.0,0.0,0.0,0.0,0.0,0.0,0.0,0.0,0.0,0.0,0.0,0.0,0.0,0.0,0.0,0.0,0.0,0.0,2.278E-22,0.0,5.322,6.802,1.043,12.85,0.003622,0.005287,0.00728,0.9624,0.007591,0.0,0.0,0.0,0.0,0.0,0.0,0.0,0.0,0.0,0.0,0.0,0.0,0.0,0.0,0.0,0.0,0.0,0.0,0.0,0.0,0.0,0.0,0.0,0.0,0.0,0.0,0.0,0.0,0.0,0.0,0.0,0.0,0.0,0.0,0.0,0.0,0.0,0.0,0.0,0.0,0.0,0.0,0.0,0.0,0.0,0.0,1.0E-4,20100.0,9.55E25,2829.0,3296.0,497.2,202600.0,13060.0,3158.0,4997.0,5138.0,1847.0,0.4907,279.5,28.95,104.6,68.03,31.13,5.311,0.5908,0.8367,1.839,0.1666,0.006006,1651.0,38.44,68.04,18.41,41.04,2.961,0.1265,0.07224,0.2222,0.1137,19.54,0.2961,1.283,3.339,7.505,0.9258,2.775,0.3396,0.5384,1.239,0.1047,0.0,0.0,0.0,0.0,0.0,0.0,0.0,0.0,0.0,0.0,0.0,0.5279,0.02839,0.7015,0.9554,0.2651,2.119,2.412,0.4622,0.6318,0.6098,0.07649,8.003E-6,4.056E-6,2.175E-4,2.734E-4,5.265E-5,4.078E-4,3.207E-5,5.814E-6,7.804E-6,7.711E-6,1.47E-6,
0.0,0.0,0.0,0.0,0.0,0.0,0.0,0.0,0.0,0.0,0.0,0.0,0.0,0.0,0.0,0.0,0.0,0.0,0.0,0.0,0.0,0.0,2.8E-6,0.002315,0.02655,0.9987,1.517,0.4262,1.118,0.0425,0.005836,0.006735,0.006336,7.732E-4,0.0,0.0,0.0,0.0,0.0,0.0,0.0,0.0,0.0,0.0,0.0,0.0,0.0,0.0,0.0,0.0,0.0,0.0,0.0,0.0,0.0,0.0,2.278E-22,0.0,5.322,6.801,1.036,12.85,0.00123,0.001796,0.001802,0.9879,0.002578,0.0,0.0,0.0,0.0,0.0,0.0,0.0,0.0,0.0,0.0,0.0,0.0,0.0,0.0,0.0,0.0,0.0,0.0,0.0,0.0,0.0,0.0,0.0,0.0,0.0,0.0,0.0,0.0,0.0,0.0,0.0,0.0,0.0,0.0,0.0,0.0,0.0,0.0,0.0,0.0,0.0,0.0,0.0,0.0,0.0,0.0,1.0E-4,20100.0,9.55E25,2826.0,3294.0,481.6,202600.0,13060.0,3120.0,5013.0,5193.0,1829.0,0.4907,279.5,28.95,104.6,68.02,31.13,5.31,0.5821,0.8272,1.879,0.1576,0.006006,1651.0,38.44,68.04,18.41,41.04,2.961,0.1259,0.07169,0.2246,0.1132,19.54,0.2961,1.282,3.338,7.498,0.9258,2.775,0.3344,0.5323,1.266,0.09844,0.0,0.0,0.0,0.0,0.0,0.0,0.0,0.0,0.0,0.0,0.0,0.5279,0.02839,0.7013,0.9553,0.2632,2.119,2.413,0.4563,0.6339,0.6172,0.07431,8.003E-6,4.056E-6,2.175E-4,2.734E-4,5.262E-5,4.077E-4,3.208E-5,5.742E-6,7.83E-6,7.801E-6,1.444E-6,
0.0,0.0,0.0,0.0,0.0,0.0,0.0,0.0,0.0,0.0,0.0,0.0,0.0,0.0,0.0,0.0,0.0,0.0,0.0,0.0,0.0,0.0,2.8E-6,0.002315,0.02655,0.9986,1.517,0.4261,1.118,0.04255,0.006565,0.005729,0.006526,7.883E-4,0.0,0.0,0.0,0.0,0.0,0.0,0.0,0.0,0.0,0.0,0.0,0.0,0.0,0.0,0.0,0.0,0.0,0.0,0.0,0.0,0.0,0.0,2.278E-22,0.0,5.484,6.841,1.194,13.49,0.003621,0.005286,0.005303,0.9644,0.007588,0.0,0.0,0.0,0.0,0.0,0.0,0.0,0.0,0.0,0.0,0.0,0.0,0.0,0.0,0.0,0.0,0.0,0.0,0.0,0.0,0.0,0.0,0.0,0.0,0.0,0.0,0.0,0.0,0.0,0.0,0.0,0.0,0.0,0.0,0.0,0.0,0.0,0.0,0.0,0.0,0.0,0.0,0.0,0.0,0.0,0.0,1.0E-4,20100.0,9.55E25,2827.0,3296.0,498.9,202600.0,13080.0,3714.0,4245.0,5312.0,1841.0,0.4907,279.5,28.95,104.6,68.03,31.13,5.318,0.6432,0.768,1.849,0.1646,0.006006,1651.0,38.44,68.04,18.41,41.04,2.962,0.129,0.0686,0.2227,0.1137,19.54,0.2961,1.283,3.339,7.505,0.9258,2.779,0.3794,0.4911,1.244,0.1032,0.0,0.0,0.0,0.0,0.0,0.0,0.0,0.0,0.0,0.0,0.0,0.5279,0.02839,0.7014,0.9555,0.2653,2.119,2.416,0.5299,0.5358,0.6341,0.07579,8.003E-6,4.056E-6,2.174E-4,2.734E-4,5.264E-5,4.076E-4,3.212E-5,6.637E-6,6.64E-6,8.004E-6,1.462E-6,
0.0,0.0,0.0,0.0,0.0,0.0,0.0,0.0,0.0,0.0,0.0,0.0,0.0,0.0,0.0,0.0,0.0,0.0,0.0,0.0,0.0,0.0,2.8E-6,0.002315,0.02655,0.9896,1.509,0.4261,1.134,0.04369,0.008436,0.002719,0.006508,7.983E-4,0.0,0.0,0.0,0.0,0.0,0.0,0.0,0.0,0.0,0.0,0.0,0.0,0.0,0.0,0.0,0.0,0.0,0.0,0.0,0.0,0.0,0.0,2.278E-22,0.0,4.387,6.755,1.195,14.68,0.003714,0.005422,0.005439,0.9635,0.007784,0.0,0.0,0.0,0.0,0.0,0.0,0.0,0.0,0.0,0.0,0.0,0.0,0.0,0.0,0.0,0.0,0.0,0.0,0.0,0.0,0.0,0.0,0.0,0.0,0.0,0.0,0.0,0.0,0.0,0.0,0.0,0.0,0.0,0.0,0.0,0.0,0.0,0.0,0.0,0.0,0.0,0.0,0.0,0.0,0.0,0.0,1.0E-4,20100.0,9.55E25,2789.0,3491.0,499.8,202500.0,13680.0,5362.0,2006.0,5299.0,1848.0,0.4907,279.5,28.76,104.5,68.07,31.37,5.383,0.8894,0.4555,1.847,0.1675,0.006006,1651.0,37.3,67.54,18.66,42.45,2.966,0.1432,0.05029,0.2226,0.1138,19.54,0.2961,1.274,3.336,7.508,0.9358,2.818,0.5484,0.283,1.243,0.1044,0.0,0.0,0.0,0.0,0.0,0.0,0.0,0.0,0.0,0.0,0.0,0.5279,0.02839,0.6941,0.9574,0.2656,2.124,2.506,0.7279,0.2491,0.6322,0.07695,8.003E-6,4.056E-6,2.138E-4,2.725E-4,5.272E-5,4.119E-4,3.322E-5,9.036E-6,3.134E-6,7.977E-6,1.493E-6,
0.0,0.0,0.0,0.0,0.0,0.0,0.0,0.0,0.0,0.0,0.0,0.0,0.0,0.0,0.0,0.0,0.0,0.0,0.0,0.0,0.0,0.0,2.8E-6,0.002315,0.02655,0.9895,1.509,0.426,1.134,0.04366,0.008414,0.003042,0.006295,7.71E-4,0.0,0.0,0.0,0.0,0.0,0.0,0.0,0.0,0.0,0.0,0.0,0.0,0.0,0.0,0.0,0.0,0.0,0.0,0.0,0.0,0.0,0.0,2.278E-22,0.0,4.386,6.754,1.187,14.68,0.001404,0.002049,0.07501,0.915,0.001211,0.0,0.0,0.0,0.0,0.0,0.0,0.0,0.0,0.0,0.0,0.0,0.0,0.0,0.0,0.0,0.0,0.0,0.0,0.0,0.0,0.0,0.0,0.0,0.0,0.0,0.0,0.0,0.0,0.0,0.0,0.0,0.0,0.0,0.0,0.0,0.0,0.0,0.0,0.0,0.0,0.0,0.0,0.0,0.0,0.0,0.0,1.0E-4,20100.0,9.55E25,2787.0,3488.0,482.5,202500.0,13670.0,5346.0,2245.0,5122.0,1856.0,0.4907,279.5,28.76,104.5,68.06,31.37,5.379,0.8864,0.55,1.781,0.1584,0.006006,1651.0,37.3,67.54,18.65,42.45,2.966,0.143,0.05608,0.2186,0.1132,19.54,0.2961,1.273,3.335,7.501,0.9358,2.816,0.5462,0.3476,1.197,0.09831,0.0,0.0,0.0,0.0,0.0,0.0,0.0,0.0,0.0,0.0,0.0,0.5279,0.02839,0.6939,0.9571,0.2634,2.124,2.504,0.7258,0.2793,0.6111,0.07434,8.002E-6,4.056E-6,2.138E-4,2.725E-4,5.269E-5,4.118E-4,3.32E-5,9.01E-6,3.504E-6,7.719E-6,1.461E-6,
0.0,0.0,0.0,0.0,0.0,0.0,0.0,0.0,0.0,0.0,0.0,0.0,0.0,0.0,0.0,0.0,0.0,0.0,0.0,0.0,0.0,0.0,2.8E-6,0.002315,0.02655,0.9894,1.509,0.426,1.133,0.04366,0.008453,0.002762,0.006499,7.772E-4,0.0,0.0,0.0,0.0,0.0,0.0,0.0,0.0,0.0,0.0,0.0,0.0,0.0,0.0,0.0,0.0,0.0,0.0,0.0,0.0,0.0,0.0,2.278E-22,0.0,4.387,6.755,1.193,14.68,0.003209,0.004685,0.003966,0.9731,0.002769,0.0,0.0,0.0,0.0,0.0,0.0,0.0,0.0,0.0,0.0,0.0,0.0,0.0,0.0,0.0,0.0,0.0,0.0,0.0,0.0,0.0,0.0,0.0,0.0,0.0,0.0,0.0,0.0,0.0,0.0,0.0,0.0,0.0,0.0,0.0,0.0,0.0,0.0,0.0,0.0,0.0,0.0,0.0,0.0,0.0,0.0,1.0E-4,20100.0,9.55E25,2787.0,3489.0,496.0,202500.0,13680.0,5375.0,2027.0,5280.0,1860.0,0.4907,279.5,28.76,104.5,68.07,31.37,5.382,0.8867,0.4519,1.863,0.161,0.006006,1651.0,37.3,67.54,18.66,42.45,2.966,0.143,0.05022,0.2235,0.1134,19.54,0.2961,1.274,3.336,7.506,0.9358,2.819,0.5466,0.2801,1.253,0.09997,0.0,0.0,0.0,0.0,0.0,0.0,0.0,0.0,0.0,0.0,0.0,0.5279,0.02839,0.694,0.9573,0.2651,2.123,2.505,0.7291,0.2524,0.631,0.0749,8.002E-6,4.056E-6,2.138E-4,2.725E-4,5.27E-5,4.117E-4,3.321E-5,9.051E-6,3.175E-6,7.963E-6,1.468E-6,
0.0,0.0,0.0,0.0,0.0,0.0,0.0,0.0,0.0,0.0,0.0,0.0,0.0,0.0,0.0,0.0,0.0,0.0,0.0,0.0,0.0,0.0,2.8E-6,0.002315,0.02655,0.9873,1.509,0.4259,1.134,0.04365,0.008475,0.002673,0.00661,7.74E-4,0.0,0.0,0.0,0.0,0.0,0.0,0.0,0.0,0.0,0.0,0.0,0.0,0.0,0.0,0.0,0.0,0.0,0.0,0.0,0.0,0.0,0.0,2.278E-22,0.0,4.386,6.754,1.186,14.68,0.001038,0.001516,0.001283,0.9907,0.001495,0.0,0.0,0.0,0.0,0.0,0.0,0.0,0.0,0.0,0.0,0.0,0.0,0.0,0.0,0.0,0.0,0.0,0.0,0.0,0.0,0.0,0.0,0.0,0.0,0.0,0.0,0.0,0.0,0.0,0.0,0.0,0.0,0.0,0.0,0.0,0.0,0.0,0.0,0.0,0.0,0.0,0.0,0.0,0.0,0.0,0.0,1.0E-4,20100.0,9.55E25,2781.0,3486.0,480.7,202500.0,13680.0,5402.0,1948.0,5371.0,1845.0,0.4907,279.5,28.76,104.5,68.06,31.37,5.379,0.88,0.4493,1.889,0.1592,0.006006,1651.0,37.3,67.54,18.65,42.45,2.966,0.1425,0.05012,0.2251,0.1133,19.54,0.2961,1.273,3.335,7.5,0.9358,2.817,0.5432,0.2777,1.27,0.09875,0.0,0.0,0.0,0.0,0.0,0.0,0.0,0.0,0.0,0.0,0.0,0.5279,0.02839,0.6919,0.957,0.2632,2.125,2.504,0.7321,0.2427,0.6413,0.07457,8.002E-6,4.056E-6,2.13E-4,2.725E-4,5.267E-5,4.123E-4,3.32E-5,9.087E-6,3.058E-6,8.088E-6,1.464E-6,
0.0,0.0,0.0,0.0,0.0,0.0,0.0,0.0,0.0,0.0,0.0,0.0,0.0,0.0,0.0,0.0,0.0,0.0,0.0,0.0,0.0,0.0,2.8E-6,0.002331,0.02655,0.9872,1.509,0.4259,1.134,0.04369,0.008409,0.002678,0.006545,8.16E-4,0.0,0.0,0.0,0.0,0.0,0.0,0.0,0.0,0.0,0.0,0.0,0.0,0.0,0.0,0.0,0.0,0.0,0.0,0.0,0.0,0.0,0.0,2.278E-22,0.0,4.387,6.755,1.194,14.68,0.003617,0.005281,0.00447,0.9676,0.00521,0.0,0.0,0.0,0.0,0.0,0.0,0.0,0.0,0.0,0.0,0.0,0.0,0.0,0.0,0.0,0.0,0.0,0.0,0.0,0.0,0.0,0.0,0.0,0.0,0.0,0.0,0.0,0.0,0.0,0.0,0.0,0.0,0.0,0.0,0.0,0.0,0.0,0.0,0.0,0.0,0.0,0.0,0.0,0.0,0.0,0.0,1.0E-4,20110.0,9.55E25,2781.0,3488.0,498.8,202500.0,13710.0,5382.0,1943.0,5317.0,1860.0,0.4949,279.5,28.76,104.5,68.07,31.37,5.383,0.882,0.4549,1.858,0.1608,0.006256,1651.0,37.3,67.54,18.66,42.45,2.966,0.1426,0.0505,0.2232,0.1134,19.54,0.2961,1.274,3.336,7.507,0.9358,2.819,0.5455,0.281,1.249,0.09934,0.0,0.0,0.0,0.0,0.0,0.0,0.0,0.0,0.0,0.0,0.0,0.5295,0.02839,0.6917,0.9575,0.2654,2.125,2.508,0.7276,0.2423,0.6354,0.07701,8.022E-6,4.056E-6,2.129E-4,2.726E-4,5.269E-5,4.122E-4,3.325E-5,9.033E-6,3.054E-6,8.018E-6,1.489E-6,
0.0,0.0,0.0,0.0,0.0,0.0,0.0,0.0,0.0,0.0,0.0,0.0,0.0,0.0,0.0,0.0,0.0,0.0,0.0,0.0,0.0,0.0,2.8E-6,0.002331,0.02655,0.9871,1.501,0.4334,1.133,0.04367,0.008843,0.005529,0.003332,7.941E-4,0.0,0.0,0.0,0.0,0.0,0.0,0.0,0.0,0.0,0.0,0.0,0.0,0.0,0.0,0.0,0.0,0.0,0.0,0.0,0.0,0.0,0.0,2.278E-22,0.0,4.516,6.906,1.187,15.4,0.002297,0.1117,0.8134,0.06601,0.001909,0.0,0.0,0.0,0.0,0.0,0.0,0.0,0.0,0.0,0.0,0.0,0.0,0.0,0.0,0.0,0.0,0.0,0.0,0.0,0.0,0.0,0.0,0.0,0.0,0.0,0.0,0.0,0.0,0.0,0.0,0.0,0.0,0.0,0.0,0.0,0.0,0.0,0.0,0.0,0.0,0.0,0.0,0.0,0.0,0.0,0.0,1.0E-4,20110.0,9.55E25,2778.0,3482.0,482.5,202400.0,13710.0,5724.0,4196.0,2763.0,1872.0,0.4949,279.5,28.76,104.5,68.12,31.37,5.38,1.029,1.668,0.5206,0.1533,0.006256,1651.0,37.3,67.48,18.71,42.45,2.966,0.1515,0.1234,0.1429,0.113,19.54,0.2961,1.273,3.335,7.501,0.9358,2.818,0.6464,1.111,0.3329,0.09421,0.0,0.0,0.0,0.0,0.0,0.0,0.0,0.0,0.0,0.0,0.0,0.5295,0.02839,0.6915,0.9566,0.2637,2.124,2.508,0.7695,0.5208,0.3204,0.0748,8.021E-6,4.056E-6,2.129E-4,2.723E-4,5.291E-5,4.121E-4,3.325E-5,9.544E-6,6.459E-6,4.168E-6,1.462E-6,
0.0,0.0,0.0,0.0,0.0,0.0,0.0,0.0,0.0,0.0,0.0,0.0,0.0,0.0,0.0,0.0,0.0,0.0,0.0,0.0,0.0,0.0,2.8E-6,0.00233,0.02655,0.9869,1.501,0.4334,1.133,0.0437,0.008471,0.005999,0.003194,7.712E-4,0.0,0.0,0.0,0.0,0.0,0.0,0.0,0.0,0.0,0.0,0.0,0.0,0.0,0.0,0.0,0.0,0.0,0.0,0.0,0.0,0.0,0.0,2.278E-22,0.0,4.517,6.907,1.196,15.4,0.007906,0.005358,0.9543,0.009747,0.006571,0.0,0.0,0.0,0.0,0.0,0.0,0.0,0.0,0.0,0.0,0.0,0.0,0.0,0.0,0.0,0.0,0.0,0.0,0.0,0.0,0.0,0.0,0.0,0.0,0.0,0.0,0.0,0.0,0.0,0.0,0.0,0.0,0.0,0.0,0.0,0.0,0.0,0.0,0.0,0.0,0.0,0.0,0.0,0.0,0.0,0.0,1.0E-4,20110.0,9.55E25,2779.0,3483.0,498.6,202400.0,13750.0,5437.0,4550.0,2672.0,1936.0,0.4949,279.5,28.76,104.5,68.13,31.37,5.387,0.88,1.866,0.4398,0.1612,0.006256,1651.0,37.3,67.49,18.71,42.45,2.966,0.1426,0.1352,0.1381,0.1134,19.54,0.2961,1.274,3.336,7.51,0.9358,2.823,0.5447,1.246,0.2783,0.09959,0.0,0.0,0.0,0.0,0.0,0.0,0.0,0.0,0.0,0.0,0.0,0.5294,0.02839,0.6916,0.9568,0.2657,2.124,2.512,0.7332,0.5656,0.3064,0.07327,8.02E-6,4.056E-6,2.129E-4,2.723E-4,5.293E-5,4.12E-4,3.331E-5,9.102E-6,7.005E-6,3.984E-6,1.447E-6,
0.0,0.0,0.0,0.0,0.0,0.0,0.0,0.0,0.0,0.0,0.0,0.0,0.0,0.0,0.0,0.0,0.0,0.0,0.0,0.0,0.0,0.0,2.8E-6,0.00233,0.02655,0.9739,1.461,0.4241,1.152,0.08518,0.01126,0.003862,0.003764,0.001077,0.0,0.0,0.0,0.0,0.0,0.0,0.0,0.0,0.0,0.0,0.0,0.0,0.0,0.0,0.0,0.0,0.0,0.0,0.0,0.0,0.0,0.0,2.278E-22,0.0,4.485,6.87,1.197,15.47,0.008612,0.4171,0.5439,0.005689,0.007157,0.0,0.0,0.0,0.0,0.0,0.0,0.0,0.0,0.0,0.0,0.0,0.0,0.0,0.0,0.0,0.0,0.0,0.0,0.0,0.0,0.0,0.0,0.0,0.0,0.0,0.0,0.0,0.0,0.0,0.0,0.0,0.0,0.0,0.0,0.0,0.0,0.0,0.0,0.0,0.0,0.0,0.0,0.0,0.0,0.0,0.0,1.0E-4,20120.0,9.55E25,2801.0,3496.0,495.9,202400.0,13750.0,7183.0,2823.0,2700.0,1921.0,0.4949,279.5,28.72,104.6,66.82,31.45,6.46,1.616,1.153,0.451,0.1694,0.006256,1651.0,37.14,69.11,17.17,42.79,2.809,0.1497,0.08283,0.09893,0.08994,19.54,0.2961,1.273,3.393,7.489,0.938,2.791,1.034,0.7581,0.2728,0.09768,0.0,0.0,0.0,0.0,0.0,0.0,0.0,0.0,0.0,0.0,0.0,0.5294,0.02839,0.6823,0.9482,0.2638,2.133,2.518,0.9539,0.3482,0.3099,0.07207,8.02E-6,4.056E-6,2.104E-4,2.671E-4,5.163E-5,4.148E-4,3.913E-5,1.186E-5,4.368E-6,4.098E-6,1.475E-6,
0.0,0.0,0.0,0.0,0.0,0.0,0.0,0.0,0.0,0.0,0.0,0.0,0.0,0.0,0.0,0.0,0.0,0.0,0.0,0.0,0.0,0.0,2.8E-6,0.00233,0.02655,0.9738,1.461,0.4243,1.151,0.08442,0.0114,0.003929,0.003922,0.001172,0.0,0.0,0.0,0.0,0.0,0.0,0.0,0.0,0.0,0.0,0.0,0.0,0.0,0.0,0.0,0.0,0.0,0.0,0.0,0.0,0.0,0.0,2.2769999999999998E-22,0.0,4.485,6.87,1.197,15.47,0.008612,0.4171,0.5439,0.005689,0.007157,0.0,0.0,0.0,0.0,0.0,0.0,0.0,0.0,0.0,0.0,0.0,0.0,0.0,0.0,0.0,0.0,0.0,0.0,0.0,0.0,0.0,0.0,0.0,0.0,0.0,0.0,0.0,0.0,0.0,0.0,0.0,0.0,0.0,0.0,0.0,0.0,0.0,0.0,0.0,0.0,0.0,0.0,0.0,0.0,0.0,0.0,1.0E-4,20110.0,9.55E25,2801.0,3496.0,498.1,202400.0,13740.0,7168.0,2845.0,2798.0,1954.0,0.4949,279.5,28.72,104.6,66.84,31.45,6.384,1.632,1.157,0.4664,0.1793,0.006256,1651.0,37.14,69.12,17.2,42.79,2.691,0.1732,0.08881,0.1242,0.1051,19.54,0.2961,1.273,3.393,7.49,0.938,2.789,1.035,0.7582,0.2724,0.09802,0.0,0.0,0.0,0.0,0.0,0.0,0.0,0.0,0.0,0.0,0.0,0.5294,0.02839,0.6823,0.9483,0.2641,2.132,2.516,0.9523,0.3512,0.3099,0.07225,8.019E-6,4.056E-6,2.104E-4,2.671E-4,5.166E-5,4.147E-4,3.9E-5,1.186E-5,4.41E-6,4.122E-6,1.491E-6,
0.0,0.0,0.0,0.0,0.0,0.0,0.0,0.0,0.0,0.0,0.0,0.0,0.0,0.0,0.0,0.0,0.0,0.0,0.0,0.0,0.0,0.0,2.8E-6,0.00233,0.02655,0.9737,1.46,0.4241,1.15,0.08334,0.01228,0.003311,0.004001,0.002051,0.0,0.0,0.0,0.0,0.0,0.0,0.0,0.0,0.0,0.0,0.0,0.0,0.0,0.0,0.0,0.0,0.0,0.0,0.0,0.0,0.0,0.0,2.2769999999999998E-22,0.0,4.582,6.984,1.195,16.25,0.003198,0.7154,0.1735,0.08678,0.006129,0.0,0.0,0.0,0.0,0.0,0.0,0.0,0.0,0.0,0.0,0.0,0.0,0.0,0.0,0.0,0.0,0.0,0.0,0.0,0.0,0.0,0.0,0.0,0.0,0.0,0.0,0.0,0.0,0.0,0.0,0.0,0.0,0.0,0.0,0.0,0.0,0.0,0.0,0.0,0.0,0.0,0.0,0.0,0.0,0.0,0.0,1.0E-4,20110.0,9.55E25,2799.0,3493.0,493.9,202300.0,13720.0,7532.0,2387.0,2940.0,1923.0,0.4949,279.5,28.72,104.6,66.84,31.45,6.372,2.058,0.631,0.5809,0.1818,0.006256,1651.0,37.14,69.12,17.2,42.79,2.693,0.1986,0.05696,0.1301,0.1057,19.54,0.2961,1.273,3.393,7.488,0.938,2.783,1.322,0.4018,0.3506,0.09765,0.0,0.0,0.0,0.0,0.0,0.0,0.0,0.0,0.0,0.0,0.0,0.5294,0.02839,0.6822,0.9481,0.2636,2.132,2.512,0.9992,0.293,0.3243,0.0735,8.019E-6,4.056E-6,2.103E-4,2.67E-4,5.163E-5,4.145E-4,3.883E-5,1.249E-5,3.698E-6,4.288E-6,1.612E-6,
0.0,0.0,0.0,0.0,0.0,0.0,0.0,0.0,0.0,0.0,0.0,0.0,0.0,0.0,0.0,0.0,0.0,0.0,0.0,0.0,0.0,0.0,2.8E-6,0.00233,0.02655,0.9735,1.46,0.4241,1.15,0.08316,0.01316,0.002608,0.00399,0.002056,0.0,0.0,0.0,0.0,0.0,0.0,0.0,0.0,0.0,0.0,0.0,0.0,0.0,0.0,0.0,0.0,0.0,0.0,0.0,0.0,0.0,0.0,2.2769999999999998E-22,0.0,4.582,6.984,1.198,16.25,0.003972,0.8884,0.007504,0.07386,0.007612,0.0,0.0,0.0,0.0,0.0,0.0,0.0,0.0,0.0,0.0,0.0,0.0,0.0,0.0,0.0,0.0,0.0,0.0,0.0,0.0,0.0,0.0,0.0,0.0,0.0,0.0,0.0,0.0,0.0,0.0,0.0,0.0,0.0,0.0,0.0,0.0,0.0,0.0,0.0,0.0,0.0,0.0,0.0,0.0,0.0,0.0,1.0E-4,20110.0,9.55E25,2799.0,3493.0,498.8,202300.0,13720.0,8068.0,1848.0,2942.0,1966.0,0.4949,279.5,28.72,104.6,66.84,31.45,6.37,2.346,0.3565,0.5604,0.1845,0.006256,1651.0,37.14,69.12,17.2,42.79,2.693,0.216,0.04047,0.1289,0.1059,19.54,0.2961,1.273,3.394,7.491,0.938,2.783,1.517,0.2152,0.3365,0.09942,0.0,0.0,0.0,0.0,0.0,0.0,0.0,0.0,0.0,0.0,0.0,0.5293,0.02839,0.6821,0.9482,0.2642,2.131,2.511,1.067,0.2255,0.3232,0.07396,8.019E-6,4.056E-6,2.103E-4,2.67E-4,5.163E-5,4.144E-4,3.88E-5,1.334E-5,2.873E-6,4.276E-6,1.618E-6,
0.0,0.0,0.0,0.0,0.0,0.0,0.0,0.0,0.0,0.0,0.0,0.0,0.0,0.0,0.0,0.0,0.0,0.0,0.0,0.0,0.0,0.0,2.8E-6,0.00233,0.02655,0.9734,1.46,0.4241,1.149,0.08318,0.01333,0.002645,0.003788,0.002048,0.0,0.0,0.0,0.0,0.0,0.0,0.0,0.0,0.0,0.0,0.0,0.0,0.0,0.0,0.0,0.0,0.0,0.0,0.0,0.0,0.0,0.0,2.2769999999999998E-22,0.0,4.582,6.983,1.19,16.25,0.006247,0.9749,2.909E-4,0.006109,0.004163,0.0,0.0,0.0,0.0,0.0,0.0,0.0,0.0,0.0,0.0,0.0,0.0,0.0,0.0,0.0,0.0,0.0,0.0,0.0,0.0,0.0,0.0,0.0,0.0,0.0,0.0,0.0,0.0,0.0,0.0,0.0,0.0,0.0,0.0,0.0,0.0,0.0,0.0,0.0,0.0,0.0,0.0,0.0,0.0,0.0,0.0,1.0E-4,20110.0,9.55E25,2797.0,3490.0,488.9,202300.0,13730.0,8202.0,1891.0,2794.0,1937.0,0.4949,279.5,28.72,104.6,66.83,31.45,6.376,2.465,0.3439,0.469,0.1778,0.006256,1651.0,37.14,69.12,17.2,42.79,2.693,0.2231,0.03971,0.1234,0.1055,19.54,0.2961,1.272,3.393,7.483,0.938,2.787,1.598,0.207,0.2743,0.09467,0.0,0.0,0.0,0.0,0.0,0.0,0.0,0.0,0.0,0.0,0.0,0.5293,0.02839,0.682,0.948,0.2631,2.131,2.513,1.083,0.2295,0.3035,0.07301,8.019E-6,4.056E-6,2.103E-4,2.67E-4,5.162E-5,4.143E-4,3.882E-5,1.354E-5,2.923E-6,4.034E-6,1.606E-6,
0.0,0.0,0.0,0.0,0.0,0.0,0.0,0.0,0.0,0.0,0.0,0.0,0.0,0.0,0.0,0.0,0.0,0.0,0.0,0.0,0.0,0.0,2.8E-6,0.00233,0.02655,0.9733,1.459,0.4257,1.148,0.08297,0.01355,0.002564,0.00382,0.002057,0.0,0.0,0.0,0.0,0.0,0.0,0.0,0.0,0.0,0.0,0.0,0.0,0.0,0.0,0.0,0.0,0.0,0.0,0.0,0.0,0.0,0.0,2.2769999999999998E-22,0.0,4.582,6.984,1.196,16.25,0.01174,0.9528,5.469E-4,0.01148,0.007826,0.0,0.0,0.0,0.0,0.0,0.0,0.0,0.0,0.0,0.0,0.0,0.0,0.0,0.0,0.0,0.0,0.0,0.0,0.0,0.0,0.0,0.0,0.0,0.0,0.0,0.0,0.0,0.0,0.0,0.0,0.0,0.0,0.0,0.0,0.0,0.0,0.0,0.0,0.0,0.0,0.0,0.0,0.0,0.0,0.0,0.0,1.0E-4,20110.0,9.55E25,2797.0,3489.0,500.2,202300.0,13740.0,8223.0,1823.0,2822.0,1957.0,0.4949,279.5,28.72,103.4,68.03,31.45,6.387,2.431,0.3425,0.4781,0.1827,0.006256,1651.0,37.14,69.08,17.23,42.79,2.694,0.2211,0.03955,0.124,0.1058,19.54,0.2961,1.273,3.354,7.528,0.938,2.795,1.575,0.2064,0.2804,0.09789,0.0,0.0,0.0,0.0,0.0,0.0,0.0,0.0,0.0,0.0,0.0,0.5293,0.02839,0.6821,0.9452,0.2673,2.13,2.514,1.085,0.2214,0.3064,0.07385,8.019E-6,4.056E-6,2.103E-4,2.668E-4,5.183E-5,4.141E-4,3.88E-5,1.359E-5,2.825E-6,4.069E-6,1.616E-6,
0.0,0.0,0.0,0.0,0.0,0.0,0.0,0.0,0.0,0.0,0.0,0.0,0.0,0.0,0.0,0.0,0.0,0.0,0.0,0.0,0.0,0.0,2.8E-6,0.00233,0.02655,0.9731,1.458,0.4256,1.147,0.08333,0.01349,0.002519,0.003613,0.002046,0.0,0.0,0.0,0.0,0.0,0.0,0.0,0.0,0.0,0.0,0.0,0.0,0.0,0.0,0.0,0.0,0.0,0.0,0.0,0.0,0.0,0.0,2.2769999999999998E-22,0.0,4.582,6.983,1.19,16.25,9.558E-4,0.9825,0.004326,8.689E-5,0.004063,0.0,0.0,0.0,0.0,0.0,0.0,0.0,0.0,0.0,0.0,0.0,0.0,0.0,0.0,0.0,0.0,0.0,0.0,0.0,0.0,0.0,0.0,0.0,0.0,0.0,0.0,0.0,0.0,0.0,0.0,0.0,0.0,0.0,0.0,0.0,0.0,0.0,0.0,0.0,0.0,0.0,0.0,0.0,0.0,0.0,0.0,1.0E-4,20120.0,9.55E25,2795.0,3485.0,489.5,202300.0,13840.0,8245.0,1830.0,2720.0,1946.0,0.4949,279.5,28.72,103.4,68.02,31.45,6.461,2.457,0.323,0.4224,0.1753,0.006256,1651.0,37.14,69.08,17.23,42.79,2.701,0.2224,0.03773,0.1195,0.1053,19.54,0.2961,1.272,3.352,7.522,0.938,2.824,1.595,0.1989,0.2523,0.09367,0.0,0.0,0.0,0.0,0.0,0.0,0.0,0.0,0.0,0.0,0.0,0.5293,0.02839,0.6819,0.9445,0.2657,2.13,2.533,1.087,0.2199,0.2907,0.07298,8.019E-6,4.056E-6,2.103E-4,2.668E-4,5.18E-5,4.14E-4,3.904E-5,1.36E-5,2.805E-6,3.878E-6,1.606E-6,
0.0,0.0,0.0,0.0,0.0,0.0,0.0,0.0,0.0,0.0,0.0,0.0,0.0,0.0,0.0,0.0,0.0,0.0,0.0,0.0,0.0,0.0,2.8E-6,0.00233,0.02655,0.973,1.458,0.4256,1.146,0.08335,0.01347,0.002528,0.003609,0.002037,0.0,0.0,0.0,0.0,0.0,0.0,0.0,0.0,0.0,0.0,0.0,0.0,0.0,0.0,0.0,0.0,0.0,0.0,0.0,0.0,0.0,0.0,2.2769999999999998E-22,0.0,4.627,7.104,1.19,17.09,0.004525,0.9782,0.004514,9.067E-5,0.004239,0.0,0.0,0.0,0.0,0.0,0.0,0.0,0.0,0.0,0.0,0.0,0.0,0.0,0.0,0.0,0.0,0.0,0.0,0.0,0.0,0.0,0.0,0.0,0.0,0.0,0.0,0.0,0.0,0.0,0.0,0.0,0.0,0.0,0.0,0.0,0.0,0.0,0.0,0.0,0.0,0.0,0.0,0.0,0.0,0.0,0.0,1.0E-4,20120.0,9.55E25,2795.0,3483.0,491.9,202300.0,13850.0,8228.0,1846.0,2717.0,1931.0,0.4949,279.5,28.72,103.4,68.02,31.45,6.468,2.45,0.3216,0.4266,0.1719,0.006256,1651.0,37.14,69.08,17.23,42.79,2.701,0.2218,0.03762,0.1198,0.1051,19.54,0.2961,1.272,3.352,7.522,0.938,2.828,1.591,0.1982,0.2551,0.09128,0.0,0.0,0.0,0.0,0.0,0.0,0.0,0.0,0.0,0.0,0.0,0.5293,0.02839,0.6819,0.9445,0.266,2.129,2.534,1.085,0.2212,0.2903,0.07199,8.019E-6,4.056E-6,2.103E-4,2.667E-4,5.18E-5,4.139E-4,3.906E-5,1.358E-5,2.821E-6,3.873E-6,1.594E-6,
0.0,0.0,0.0,0.0,0.0,0.0,0.0,0.0,0.0,0.0,0.0,0.0,0.0,0.0,0.0,0.0,0.0,0.0,0.0,0.0,0.0,0.0,2.8E-6,0.002361,0.02655,0.9729,1.458,0.4256,1.146,0.08329,0.01365,0.002231,0.003764,0.002024,0.0,0.0,0.0,0.0,0.0,0.0,0.0,0.0,0.0,0.0,0.0,0.0,0.0,0.0,0.0,0.0,0.0,0.0,0.0,0.0,0.0,0.0,2.2769999999999998E-22,0.0,4.627,7.104,1.19,17.09,0.004901,0.9764,0.004889,9.819E-5,0.004591,0.0,0.0,0.0,0.0,0.0,0.0,0.0,0.0,0.0,0.0,0.0,0.0,0.0,0.0,0.0,0.0,0.0,0.0,0.0,0.0,0.0,0.0,0.0,0.0,0.0,0.0,0.0,0.0,0.0,0.0,0.0,0.0,0.0,0.0,0.0,0.0,0.0,0.0,0.0,0.0,0.0,0.0,0.0,0.0,0.0,0.0,1.0E-4,20130.0,9.55E25,2794.0,3482.0,493.4,202300.0,13860.0,8364.0,1608.0,2814.0,1911.0,0.4963,279.5,28.72,103.4,68.02,31.45,6.469,2.448,0.3184,0.4279,0.1717,0.01333,1651.0,37.14,69.08,17.23,42.79,2.703,0.2197,0.03996,0.1174,0.09809,19.54,0.2961,1.272,3.352,7.522,0.938,2.828,1.591,0.1956,0.2561,0.09192,0.0,0.0,0.0,0.0,0.0,0.0,0.0,0.0,0.0,0.0,0.0,0.5309,0.02839,0.6818,0.9444,0.2662,2.129,2.535,1.102,0.1909,0.3032,0.06987,8.067E-6,4.056E-6,2.102E-4,2.667E-4,5.179E-5,4.137E-4,3.907E-5,1.378E-5,2.465E-6,4.019E-6,1.541E-6,
0.0,0.0,0.0,0.0,0.0,0.0,0.0,0.0,0.0,0.0,0.0,0.0,0.0,0.0,0.0,0.0,0.0,0.0,0.0,0.0,0.0,0.0,2.8E-6,0.002361,0.02655,0.9721,1.457,0.4255,1.146,0.08327,0.01345,0.002439,0.003772,0.002021,0.0,0.0,0.0,0.0,0.0,0.0,0.0,0.0,0.0,0.0,0.0,0.0,0.0,0.0,0.0,0.0,0.0,0.0,0.0,0.0,0.0,0.0,2.2769999999999998E-22,0.0,4.599,7.072,1.19,17.15,3.538E-4,0.979,0.003557,0.004686,0.004159,0.0,0.0,0.0,0.0,0.0,0.0,0.0,0.0,0.0,0.0,0.0,0.0,0.0,0.0,0.0,0.0,0.0,0.0,0.0,0.0,0.0,0.0,0.0,0.0,0.0,0.0,0.0,0.0,0.0,0.0,0.0,0.0,0.0,0.0,0.0,0.0,0.0,0.0,0.0,0.0,0.0,0.0,0.0,0.0,0.0,0.0,1.0E-4,20130.0,9.55E25,2787.0,3475.0,490.5,202300.0,13860.0,8220.0,1762.0,2813.0,1957.0,0.4963,279.5,28.71,103.4,68.02,31.48,6.463,2.449,0.3179,0.4345,0.1713,0.01333,1651.0,37.07,69.01,17.23,42.94,2.703,0.2198,0.0419,0.1159,0.09808,19.54,0.2961,1.272,3.351,7.522,0.9395,2.825,1.591,0.1948,0.2606,0.09163,0.0,0.0,0.0,0.0,0.0,0.0,0.0,0.0,0.0,0.0,0.0,0.5309,0.02839,0.6813,0.9439,0.2658,2.13,2.534,1.083,0.21,0.3041,0.06961,8.067E-6,4.056E-6,2.101E-4,2.666E-4,5.178E-5,4.138E-4,3.906E-5,1.355E-5,2.707E-6,4.021E-6,1.538E-6,
0.0,0.0,0.0,0.0,0.0,0.0,0.0,0.0,0.0,0.0,0.0,0.0,0.0,0.0,0.0,0.0,0.0,0.0,0.0,0.0,0.0,0.0,2.8E-6,0.002361,0.02655,0.9719,1.457,0.4254,1.146,0.08329,0.01327,0.00259,0.003782,0.002025,0.0,0.0,0.0,0.0,0.0,0.0,0.0,0.0,0.0,0.0,0.0,0.0,0.0,0.0,0.0,0.0,0.0,0.0,0.0,0.0,0.0,0.0,2.2769999999999998E-22,0.0,4.599,7.071,1.189,17.15,0.2062,0.7321,0.04163,0.006961,0.005333,0.0,0.0,0.0,0.0,0.0,0.0,0.0,0.0,0.0,0.0,0.0,0.0,0.0,0.0,0.0,0.0,0.0,0.0,0.0,0.0,0.0,0.0,0.0,0.0,0.0,0.0,0.0,0.0,0.0,0.0,0.0,0.0,0.0,0.0,0.0,0.0,0.0,0.0,0.0,0.0,0.0,0.0,0.0,0.0,0.0,0.0,1.0E-4,20140.0,9.55E25,2784.0,3475.0,486.4,202300.0,14200.0,7784.0,1851.0,2817.0,2083.0,0.4982,279.5,28.7,103.4,68.02,31.48,6.749,2.102,0.3734,0.4384,0.1714,0.01333,1651.0,37.04,69.04,17.23,42.94,2.721,0.1985,0.04508,0.1161,0.0982,19.54,0.2961,1.271,3.351,7.521,0.9395,3.015,1.359,0.2329,0.2635,0.0928,0.0,0.0,0.0,0.0,0.0,0.0,0.0,0.0,0.0,0.0,0.0,0.5312,0.02839,0.6805,0.9445,0.2653,2.129,2.571,1.033,0.2226,0.3049,0.06963,8.095E-6,4.056E-6,2.099E-4,2.669E-4,5.177E-5,4.136E-4,3.949E-5,1.296E-5,2.862E-6,4.03E-6,1.513E-6,
0.0,0.0,0.0,0.0,0.0,0.0,0.0,0.0,0.0,0.0,0.0,0.0,0.0,0.0,0.0,0.0,0.0,0.0,0.0,0.0,0.0,0.0,2.8E-6,0.002361,0.02655,0.9719,1.457,0.4254,1.145,0.08279,0.0137,0.002618,0.003805,0.002037,0.0,0.0,0.0,0.0,0.0,0.0,0.0,0.0,0.0,0.0,0.0,0.0,0.0,0.0,0.0,0.0,0.0,0.0,0.0,0.0,0.0,0.0,2.2769999999999998E-22,0.0,4.6,7.072,1.197,17.15,0.01267,0.8799,0.06206,0.01573,0.01205,0.0,0.0,0.0,0.0,0.0,0.0,0.0,0.0,0.0,0.0,0.0,0.0,0.0,0.0,0.0,0.0,0.0,0.0,0.0,0.0,0.0,0.0,0.0,0.0,0.0,0.0,0.0,0.0,0.0,0.0,0.0,0.0,0.0,0.0,0.0,0.0,0.0,0.0,0.0,0.0,0.0,0.0,0.0,0.0,0.0,0.0,1.0E-4,20140.0,9.55E25,2784.0,3474.0,497.5,202300.0,13870.0,8067.0,1867.0,2832.0,2090.0,0.4982,279.5,28.7,103.4,68.03,31.48,6.47,2.315,0.403,0.4513,0.1812,0.01333,1651.0,37.04,69.04,17.23,42.94,2.704,0.2113,0.04686,0.1169,0.0988,19.54,0.2961,1.272,3.352,7.529,0.9395,2.828,1.501,0.2527,0.272,0.09937,0.0,0.0,0.0,0.0,0.0,0.0,0.0,0.0,0.0,0.0,0.0,0.5312,0.02839,0.6806,0.9447,0.2668,2.129,2.526,1.071,0.2251,0.3069,0.07065,8.095E-6,4.056E-6,2.099E-4,2.668E-4,5.178E-5,4.135E-4,3.895E-5,1.342E-5,2.892E-6,4.054E-6,1.525E-6,
0.0,0.0,0.0,0.0,0.0,0.0,0.0,0.0,0.0,0.0,0.0,0.0,0.0,0.0,0.0,0.0,0.0,0.0,0.0,0.0,0.0,0.0,2.8E-6,0.002361,0.02655,0.9717,1.455,0.4272,1.144,0.08271,0.0139,0.00249,0.003823,0.00204,0.0,0.0,0.0,0.0,0.0,0.0,0.0,0.0,0.0,0.0,0.0,0.0,0.0,0.0,0.0,0.0,0.0,0.0,0.0,0.0,0.0,0.0,2.2769999999999998E-22,0.0,4.599,7.072,1.19,17.15,0.001938,0.9703,0.006583,0.007356,0.005634,0.0,0.0,0.0,0.0,0.0,0.0,0.0,0.0,0.0,0.0,0.0,0.0,0.0,0.0,0.0,0.0,0.0,0.0,0.0,0.0,0.0,0.0,0.0,0.0,0.0,0.0,0.0,0.0,0.0,0.0,0.0,0.0,0.0,0.0,0.0,0.0,0.0,0.0,0.0,0.0,0.0,0.0,0.0,0.0,0.0,0.0,1.0E-4,20140.0,9.55E25,2783.0,3463.0,497.3,202300.0,13840.0,8196.0,1795.0,2822.0,2087.0,0.4982,279.5,28.7,103.4,68.08,31.48,6.454,2.446,0.3216,0.4388,0.1732,0.01333,1651.0,37.04,68.88,17.39,42.94,2.703,0.2192,0.05124,0.1068,0.09827,19.54,0.2961,1.271,3.35,7.523,0.9395,2.818,1.589,0.1974,0.2646,0.09426,0.0,0.0,0.0,0.0,0.0,0.0,0.0,0.0,0.0,0.0,0.0,0.5312,0.02839,0.6804,0.944,0.266,2.128,2.521,1.088,0.2133,0.3079,0.07068,8.095E-6,4.056E-6,2.098E-4,2.667E-4,5.193E-5,4.134E-4,3.889E-5,1.363E-5,2.809E-6,4.005E-6,1.526E-6,
0.0,0.0,0.0,0.0,0.0,0.0,0.0,0.0,0.0,0.0,0.0,0.0,0.0,0.0,0.0,0.0,0.0,0.0,0.0,0.0,0.0,0.0,2.8E-6,0.002361,0.02655,0.9716,1.455,0.4271,1.143,0.0827,0.01393,0.002463,0.003825,0.002041,0.0,0.0,0.0,0.0,0.0,0.0,0.0,0.0,0.0,0.0,0.0,0.0,0.0,0.0,0.0,0.0,0.0,0.0,0.0,0.0,0.0,0.0,2.2769999999999998E-22,0.0,4.599,7.072,1.19,17.15,0.001917,0.9765,5.926E-4,0.007278,0.005575,0.0,0.0,0.0,0.0,0.0,0.0,0.0,0.0,0.0,0.0,0.0,0.0,0.0,0.0,0.0,0.0,0.0,0.0,0.0,0.0,0.0,0.0,0.0,0.0,0.0,0.0,0.0,0.0,0.0,0.0,0.0,0.0,0.0,0.0,0.0,0.0,0.0,0.0,0.0,0.0,0.0,0.0,0.0,0.0,0.0,0.0,1.0E-4,20140.0,9.55E25,2782.0,3462.0,498.4,202300.0,13830.0,8218.0,1774.0,2830.0,2140.0,0.4982,279.5,28.7,103.4,68.08,31.48,6.454,2.457,0.3108,0.4387,0.1731,0.01333,1651.0,37.04,68.88,17.39,42.94,2.703,0.2199,0.05063,0.1068,0.09826,19.54,0.2961,1.271,3.35,7.523,0.9395,2.818,1.596,0.1901,0.2646,0.09425,0.0,0.0,0.0,0.0,0.0,0.0,0.0,0.0,0.0,0.0,0.0,0.5311,0.02839,0.6804,0.9439,0.2662,2.128,2.521,1.091,0.2107,0.3082,0.07074,8.095E-6,4.056E-6,2.098E-4,2.666E-4,5.193E-5,4.133E-4,3.888E-5,1.366E-5,2.778E-6,4.008E-6,1.526E-6,
0.0,0.0,0.0,0.0,0.0,0.0,0.0,0.0,0.0,0.0,0.0,0.0,0.0,0.0,0.0,0.0,0.0,0.0,0.0,0.0,0.0,0.0,2.8E-6,0.002361,0.02655,0.9714,1.455,0.4271,1.143,0.0826,0.01395,0.002485,0.003851,0.002075,0.0,0.0,0.0,0.0,0.0,0.0,0.0,0.0,0.0,0.0,0.0,0.0,0.0,0.0,0.0,0.0,0.0,0.0,0.0,0.0,0.0,0.0,2.2769999999999998E-22,0.0,4.599,7.072,1.19,17.15,0.001984,0.9757,6.131E-4,0.007529,0.005767,0.0,0.0,0.0,0.0,0.0,0.0,0.0,0.0,0.0,0.0,0.0,0.0,0.0,0.0,0.0,0.0,0.0,0.0,0.0,0.0,0.0,0.0,0.0,0.0,0.0,0.0,0.0,0.0,0.0,0.0,0.0,0.0,0.0,0.0,0.0,0.0,0.0,0.0,0.0,0.0,0.0,0.0,0.0,0.0,0.0,0.0,1.0E-4,20140.0,9.55E25,2781.0,3461.0,500.7,202300.0,13800.0,8258.0,1766.0,2873.0,2093.0,0.4982,279.5,28.7,103.4,68.08,31.48,6.438,2.443,0.3265,0.4531,0.1725,0.01333,1651.0,37.04,68.88,17.39,42.94,2.701,0.2189,0.05202,0.1079,0.09832,19.54,0.2961,1.271,3.35,7.524,0.9395,2.812,1.588,0.1968,0.272,0.09338,0.0,0.0,0.0,0.0,0.0,0.0,0.0,0.0,0.0,0.0,0.0,0.5311,0.02839,0.6804,0.9439,0.2665,2.127,2.515,1.094,0.2107,0.3087,0.0724,8.095E-6,4.056E-6,2.098E-4,2.666E-4,5.192E-5,4.131E-4,3.88E-5,1.37E-5,2.778E-6,4.015E-6,1.547E-6,
0.0,0.0,0.0,0.0,0.0,0.0,0.0,0.0,0.0,0.0,0.0,0.0,0.0,0.0,0.0,0.0,0.0,0.0,0.0,0.0,0.0,0.0,2.8E-6,0.002379,0.02655,0.9713,1.455,0.427,1.142,0.08184,0.01432,0.002922,0.003828,0.002056,0.0,0.0,0.0,0.0,0.0,0.0,0.0,0.0,0.0,0.0,0.0,0.0,0.0,0.0,0.0,0.0,0.0,0.0,0.0,0.0,0.0,0.0,2.2769999999999998E-22,0.0,4.599,7.072,1.19,17.15,4.373E-4,0.978,5.929E-4,0.007281,0.005578,0.0,0.0,0.0,0.0,0.0,0.0,0.0,0.0,0.0,0.0,0.0,0.0,0.0,0.0,0.0,0.0,0.0,0.0,0.0,0.0,0.0,0.0,0.0,0.0,0.0,0.0,0.0,0.0,0.0,0.0,0.0,0.0,0.0,0.0,0.0,0.0,0.0,0.0,0.0,0.0,0.0,0.0,0.0,0.0,0.0,0.0,1.0E-4,20150.0,9.55E25,2780.0,3460.0,499.7,202200.0,13790.0,8282.0,1762.0,2909.0,2076.0,0.5013,279.5,28.7,103.4,68.08,31.48,6.387,2.467,0.354,0.4503,0.1719,0.01346,1651.0,37.04,68.88,17.39,42.94,2.624,0.2533,0.09499,0.1077,0.09827,19.55,0.2961,1.271,3.35,7.523,0.9395,2.81,1.59,0.1975,0.2701,0.09311,0.0,0.0,0.0,0.0,0.0,0.0,0.0,0.0,0.0,0.0,0.0,0.5324,0.02839,0.6803,0.9438,0.2663,2.127,2.512,1.097,0.2109,0.3077,0.0718,8.11E-6,4.056E-6,2.098E-4,2.666E-4,5.191E-5,4.13E-4,3.866E-5,1.378E-5,2.848E-6,4.001E-6,1.539E-6,
0.0,0.0,0.0,0.0,0.0,0.0,0.0,0.0,0.0,0.0,0.0,0.0,0.0,0.0,0.0,0.0,0.0,0.0,0.0,0.0,0.0,0.0,2.8E-6,0.002379,0.02655,0.9711,1.454,0.4272,1.141,0.08187,0.01429,0.00293,0.003822,0.00205,0.0,0.0,0.0,0.0,0.0,0.0,0.0,0.0,0.0,0.0,0.0,0.0,0.0,0.0,0.0,0.0,0.0,0.0,0.0,0.0,0.0,0.0,2.2769999999999998E-22,0.0,4.599,7.072,1.19,17.15,0.002784,0.9761,5.805E-4,0.007129,0.005461,0.0,0.0,0.0,0.0,0.0,0.0,0.0,0.0,0.0,0.0,0.0,0.0,0.0,0.0,0.0,0.0,0.0,0.0,0.0,0.0,0.0,0.0,0.0,0.0,0.0,0.0,0.0,0.0,0.0,0.0,0.0,0.0,0.0,0.0,0.0,0.0,0.0,0.0,0.0,0.0,0.0,0.0,0.0,0.0,0.0,0.0,1.0E-4,20150.0,9.55E25,2779.0,3458.0,498.3,202200.0,13820.0,8258.0,1772.0,2899.0,2072.0,0.5013,279.5,28.7,103.0,68.42,31.48,6.398,2.457,0.3519,0.4513,0.1718,0.01346,1651.0,37.04,68.83,17.45,42.94,2.625,0.2527,0.09488,0.1077,0.09826,19.55,0.2961,1.271,3.347,7.526,0.9395,2.818,1.583,0.1961,0.2707,0.09305,0.0,0.0,0.0,0.0,0.0,0.0,0.0,0.0,0.0,0.0,0.0,0.5324,0.02839,0.6802,0.9435,0.2663,2.126,2.516,1.094,0.2116,0.307,0.07129,8.11E-6,4.056E-6,2.098E-4,2.665E-4,5.198E-5,4.129E-4,3.87E-5,1.375E-5,2.856E-6,3.992E-6,1.532E-6,
0.0,0.0,0.0,0.0,0.0,0.0,0.0,0.0,0.0,0.0,0.0,0.0,0.0,0.0,0.0,0.0,0.0,0.0,0.0,0.0,0.0,0.0,2.8E-6,0.002379,0.02655,0.9607,1.464,0.4278,1.14,0.08187,0.01425,0.002916,0.003851,0.002065,0.0,0.0,0.0,0.0,0.0,0.0,0.0,0.0,0.0,0.0,0.0,0.0,0.0,0.0,0.0,0.0,0.0,0.0,0.0,0.0,0.0,0.0,2.2769999999999998E-22,0.0,4.6,7.072,1.196,17.15,0.005803,0.9536,0.001113,0.01367,0.01047,0.0,0.0,0.0,0.0,0.0,0.0,0.0,0.0,0.0,0.0,0.0,0.0,0.0,0.0,0.0,0.0,0.0,0.0,0.0,0.0,0.0,0.0,0.0,0.0,0.0,0.0,0.0,0.0,0.0,0.0,0.0,0.0,0.0,0.0,0.0,0.0,0.0,0.0,0.0,0.0,0.0,0.0,0.0,0.0,0.0,0.0,1.0E-4,20150.0,9.55E25,2771.0,3467.0,509.4,202200.0,13820.0,8223.0,1759.0,2925.0,2090.0,0.5013,279.5,28.37,103.4,68.43,31.48,6.4,2.426,0.352,0.4611,0.1795,0.01346,1651.0,36.4,69.46,17.45,42.94,2.625,0.2509,0.09491,0.1083,0.09874,19.55,0.2961,1.265,3.355,7.532,0.9395,2.82,1.562,0.1961,0.2772,0.0981,0.0,0.0,0.0,0.0,0.0,0.0,0.0,0.0,0.0,0.0,0.0,0.5324,0.02839,0.6763,0.9475,0.2679,2.126,2.516,1.09,0.2101,0.3096,0.07252,8.11E-6,4.056E-6,2.081E-4,2.68E-4,5.207E-5,4.128E-4,3.87E-5,1.37E-5,2.838E-6,4.024E-6,1.547E-6,
0.0,0.0,0.0,0.0,0.0,0.0,0.0,0.0,0.0,0.0,0.0,0.0,0.0,0.0,0.0,0.0,0.0,0.0,0.0,0.0,0.0,0.0,2.8E-6,0.002379,0.02655,0.9606,1.464,0.4278,1.14,0.08188,0.01424,0.002964,0.003776,0.002083,0.0,0.0,0.0,0.0,0.0,0.0,0.0,0.0,0.0,0.0,0.0,0.0,0.0,0.0,0.0,0.0,0.0,0.0,0.0,0.0,0.0,0.0,2.2769999999999998E-22,0.0,4.6,7.072,1.196,17.15,0.005969,0.9523,0.001145,0.01406,0.01077,0.0,0.0,0.0,0.0,0.0,0.0,0.0,0.0,0.0,0.0,0.0,0.0,0.0,0.0,0.0,0.0,0.0,0.0,0.0,0.0,0.0,0.0,0.0,0.0,0.0,0.0,0.0,0.0,0.0,0.0,0.0,0.0,0.0,0.0,0.0,0.0,0.0,0.0,0.0,0.0,0.0,0.0,0.0,0.0,0.0,0.0,1.0E-4,20150.0,9.55E25,2771.0,3466.0,510.1,202200.0,13830.0,8222.0,1803.0,2962.0,1999.0,0.5013,279.5,28.37,103.4,68.43,31.48,6.406,2.423,0.3483,0.4596,0.1819,0.01346,1651.0,36.4,69.46,17.45,42.94,2.625,0.2507,0.09472,0.1082,0.09889,19.55,0.2961,1.265,3.356,7.533,0.9395,2.823,1.56,0.1935,0.2762,0.09962,0.0,0.0,0.0,0.0,0.0,0.0,0.0,0.0,0.0,0.0,0.0,0.5324,0.02839,0.6763,0.9475,0.268,2.126,2.517,1.09,0.2148,0.3022,0.07418,8.11E-6,4.056E-6,2.081E-4,2.68E-4,5.207E-5,4.127E-4,3.872E-5,1.37E-5,2.895E-6,3.934E-6,1.568E-6,
0.0,0.0,0.0,0.0,0.0,0.0,0.0,0.0,0.0,0.0,0.0,0.0,0.0,0.0,0.0,0.0,0.0,0.0,0.0,0.0,0.0,0.0,2.8E-6,0.002379,0.02655,0.9605,1.457,0.4346,1.139,0.08188,0.01432,0.002935,0.003784,0.002055,0.0,0.0,0.0,0.0,0.0,0.0,0.0,0.0,0.0,0.0,0.0,0.0,0.0,0.0,0.0,0.0,0.0,0.0,0.0,0.0,0.0,0.0,2.2769999999999998E-22,0.0,4.599,7.071,1.185,17.15,0.001536,0.9924,5.441E-4,0.00191,0.001463,0.0,0.0,0.0,0.0,0.0,0.0,0.0,0.0,0.0,0.0,0.0,0.0,0.0,0.0,0.0,0.0,0.0,0.0,0.0,0.0,0.0,0.0,0.0,0.0,0.0,0.0,0.0,0.0,0.0,0.0,0.0,0.0,0.0,0.0,0.0,0.0,0.0,0.0,0.0,0.0,0.0,0.0,0.0,0.0,0.0,0.0,1.0E-4,20150.0,9.55E25,2768.0,3462.0,495.7,202200.0,13830.0,8270.0,1777.0,2977.0,1980.0,0.5013,279.5,28.37,103.3,68.46,31.48,6.401,2.48,0.3473,0.4419,0.1684,0.01346,1651.0,36.4,69.41,17.5,42.94,2.625,0.2542,0.09463,0.1072,0.09807,19.55,0.2961,1.264,3.354,7.522,0.9395,2.821,1.597,0.193,0.2644,0.09057,0.0,0.0,0.0,0.0,0.0,0.0,0.0,0.0,0.0,0.0,0.0,0.5324,0.02839,0.6758,0.9468,0.2662,2.125,2.517,1.096,0.212,0.3032,0.07175,8.11E-6,4.056E-6,2.08E-4,2.679E-4,5.226E-5,4.126E-4,3.872E-5,1.378E-5,2.861E-6,3.946E-6,1.538E-6,
0.0,0.0,0.0,0.0,0.0,0.0,0.0,0.0,0.0,0.0,0.0,0.0,0.0,0.0,0.0,0.0,0.0,0.0,0.0,0.0,0.0,0.0,2.8E-6,0.002379,0.02655,0.903,1.457,0.4346,1.196,0.08188,0.01437,0.002787,0.003851,0.00207,0.0,0.0,0.0,0.0,0.0,0.0,0.0,0.0,0.0,0.0,0.0,0.0,0.0,0.0,0.0,0.0,0.0,0.0,0.0,0.0,0.0,0.0,2.2769999999999998E-22,0.0,4.599,7.072,1.19,17.15,0.005975,0.9705,0.002116,0.007431,0.005692,0.0,0.0,0.0,0.0,0.0,0.0,0.0,0.0,0.0,0.0,0.0,0.0,0.0,0.0,0.0,0.0,0.0,0.0,0.0,0.0,0.0,0.0,0.0,0.0,0.0,0.0,0.0,0.0,0.0,0.0,0.0,0.0,0.0,0.0,0.0,0.0,0.0,0.0,0.0,0.0,0.0,0.0,0.0,0.0,0.0,0.0,1.0E-4,20150.0,9.55E25,2747.0,3462.0,505.1,202200.0,13830.0,8325.0,1653.0,3019.0,1990.0,0.5013,279.5,27.99,103.3,68.47,31.87,6.408,2.443,0.3509,0.4516,0.1754,0.01346,1651.0,34.43,69.41,17.5,44.91,2.625,0.252,0.09492,0.1078,0.09849,19.55,0.2961,1.248,3.354,7.527,0.9553,2.826,1.573,0.1946,0.2707,0.09528,0.0,0.0,0.0,0.0,0.0,0.0,0.0,0.0,0.0,0.0,0.0,0.5324,0.02839,0.6603,0.9469,0.2675,2.141,2.517,1.102,0.1973,0.3092,0.07302,8.11E-6,4.056E-6,2.034E-4,2.678E-4,5.227E-5,4.17E-4,3.872E-5,1.385E-5,2.681E-6,4.019E-6,1.553E-6,
0.0,0.0,0.0,0.0,0.0,0.0,0.0,0.0,0.0,0.0,0.0,0.0,0.0,0.0,0.0,0.0,0.0,0.0,0.0,0.0,0.0,0.0,2.8E-6,0.002379,0.02655,0.9029,1.457,0.4346,1.195,0.08177,0.01421,0.00304,0.004606,0.001319,0.0,0.0,0.0,0.0,0.0,0.0,0.0,0.0,0.0,0.0,0.0,0.0,0.0,0.0,0.0,0.0,0.0,0.0,0.0,0.0,0.0,0.0,2.2769999999999998E-22,0.0,4.6,7.072,1.195,17.15,8.021E-4,0.8862,0.07444,0.01336,0.01023,0.0,0.0,0.0,0.0,0.0,0.0,0.0,0.0,0.0,0.0,0.0,0.0,0.0,0.0,0.0,0.0,0.0,0.0,0.0,0.0,0.0,0.0,0.0,0.0,0.0,0.0,0.0,0.0,0.0,0.0,0.0,0.0,0.0,0.0,0.0,0.0,0.0,0.0,0.0,0.0,0.0,0.0,0.0,0.0,0.0,0.0,1.0E-4,20150.0,9.55E25,2747.0,3463.0,512.7,202200.0,13810.0,8176.0,1815.0,3037.0,1972.0,0.5013,279.5,27.99,103.3,68.48,31.87,6.395,2.323,0.4577,0.4678,0.1752,0.01346,1651.0,34.43,69.41,17.5,44.91,2.624,0.245,0.1014,0.1136,0.09367,19.55,0.2961,1.249,3.355,7.533,0.9553,2.821,1.49,0.2655,0.2794,0.09703,0.0,0.0,0.0,0.0,0.0,0.0,0.0,0.0,0.0,0.0,0.0,0.5324,0.02839,0.6604,0.9471,0.2685,2.14,2.511,1.085,0.2191,0.3115,0.07082,8.11E-6,4.056E-6,2.034E-4,2.678E-4,5.228E-5,4.17E-4,3.865E-5,1.364E-5,2.948E-6,4.16E-6,1.415E-6,
0.0,0.0,0.0,0.0,0.0,0.0,0.0,0.0,0.0,0.0,0.0,0.0,0.0,0.0,0.0,0.0,0.0,0.0,0.0,0.0,0.0,0.0,2.8E-6,0.002379,0.02655,0.9026,1.457,0.4347,1.193,0.08177,0.01425,0.003033,0.004541,0.001349,0.0,0.0,0.0,0.0,0.0,0.0,0.0,0.0,0.0,0.0,0.0,0.0,0.0,0.0,0.0,0.0,0.0,0.0,0.0,0.0,0.0,0.0,2.2769999999999998E-22,0.0,4.6,7.072,1.196,17.15,8.246E-4,0.897,0.06256,0.01373,0.01052,0.0,0.0,0.0,0.0,0.0,0.0,0.0,0.0,0.0,0.0,0.0,0.0,0.0,0.0,0.0,0.0,0.0,0.0,0.0,0.0,0.0,0.0,0.0,0.0,0.0,0.0,0.0,0.0,0.0,0.0,0.0,0.0,0.0,0.0,0.0,0.0,0.0,0.0,0.0,0.0,0.0,0.0,0.0,0.0,0.0,0.0,1.0E-4,20150.0,9.55E25,2744.0,3475.0,530.3,202200.0,13810.0,8199.0,1821.0,2979.0,1997.0,0.5013,279.5,28.16,103.1,68.13,32.27,6.398,2.337,0.4381,0.4693,0.1757,0.01346,1651.0,35.49,68.02,15.29,47.45,2.624,0.2459,0.1002,0.1136,0.09374,19.55,0.2961,1.257,3.345,7.517,0.9743,2.823,1.5,0.2526,0.2804,0.0974,0.0,0.0,0.0,0.0,0.0,0.0,0.0,0.0,0.0,0.0,0.0,0.5324,0.02839,0.6603,0.949,0.2708,2.136,2.512,1.088,0.2189,0.305,0.07396,8.11E-6,4.056E-6,2.034E-4,2.686E-4,5.312E-5,4.151E-4,3.865E-5,1.368E-5,2.946E-6,4.079E-6,1.453E-6,
0.0,0.0,0.0,0.0,0.0,0.0,0.0,0.0,0.0,0.0,0.0,0.0,0.0,0.0,0.0,0.0,0.0,0.0,0.0,0.0,0.0,0.0,2.8E-6,0.002379,0.02655,0.9025,1.457,0.4346,1.193,0.08186,0.01443,0.002838,0.004553,0.001297,0.0,0.0,0.0,0.0,0.0,0.0,0.0,0.0,0.0,0.0,0.0,0.0,0.0,0.0,0.0,0.0,0.0,0.0,0.0,0.0,0.0,0.0,2.2769999999999998E-22,0.0,4.703,7.528,1.205,17.57,0.04127,0.9542,8.03E-4,6.341E-4,0.001246,0.0,0.0,0.0,0.0,0.0,0.0,0.0,0.0,0.0,0.0,0.0,0.0,0.0,0.0,0.0,0.0,0.0,0.0,0.0,0.0,0.0,0.0,0.0,0.0,0.0,0.0,0.0,0.0,0.0,0.0,0.0,0.0,0.0,0.0,0.0,0.0,0.0,0.0,0.0,0.0,0.0,0.0,0.0,0.0,0.0,0.0,1.0E-4,20150.0,9.55E25,2741.0,3472.0,512.0,202200.0,14000.0,8198.0,1680.0,3000.0,1955.0,0.5013,279.5,28.15,103.1,68.11,32.27,6.447,2.429,0.3491,0.4504,0.1622,0.01346,1651.0,35.49,68.02,15.29,47.45,2.627,0.2518,0.0948,0.1125,0.09292,19.55,0.2961,1.256,3.343,7.506,0.9743,2.86,1.556,0.1935,0.2678,0.0884,0.0,0.0,0.0,0.0,0.0,0.0,0.0,0.0,0.0,0.0,0.0,0.5324,0.02839,0.66,0.9486,0.2683,2.135,2.53,1.094,0.2009,0.3065,0.06911,8.11E-6,4.056E-6,2.034E-4,2.686E-4,5.308E-5,4.15E-4,3.888E-5,1.375E-5,2.727E-6,4.098E-6,1.394E-6,
0.0,0.0,0.0,0.0,0.0,0.0,0.0,0.0,0.0,0.0,0.0,0.0,0.0,0.0,0.0,0.0,0.0,0.0,0.0,0.0,0.0,0.0,2.8E-6,0.002379,0.02655,0.9024,1.456,0.435,1.192,0.08157,0.01472,0.002737,0.004551,0.001373,0.0,0.0,0.0,0.0,0.0,0.0,0.0,0.0,0.0,0.0,0.0,0.0,0.0,0.0,0.0,0.0,0.0,0.0,0.0,0.0,0.0,0.0,2.2769999999999998E-22,0.0,4.704,7.529,1.21,17.57,0.004662,0.9746,0.003704,0.002926,0.005749,0.0,0.0,0.0,0.0,0.0,0.0,0.0,0.0,0.0,0.0,0.0,0.0,0.0,0.0,0.0,0.0,0.0,0.0,0.0,0.0,0.0,0.0,0.0,0.0,0.0,0.0,0.0,0.0,0.0,0.0,0.0,0.0,0.0,0.0,0.0,0.0,0.0,0.0,0.0,0.0,0.0,0.0,0.0,0.0,0.0,0.0,1.0E-4,20150.0,9.55E25,2741.0,3471.0,523.7,202200.0,13820.0,8406.0,1602.0,2992.0,2042.0,0.5013,279.5,28.16,103.0,68.18,32.27,6.391,2.459,0.351,0.4533,0.1728,0.01346,1651.0,35.49,68.0,15.31,47.45,2.623,0.2538,0.09481,0.1127,0.09357,19.55,0.2961,1.256,3.343,7.512,0.9743,2.824,1.575,0.1954,0.2695,0.0954,0.0,0.0,0.0,0.0,0.0,0.0,0.0,0.0,0.0,0.0,0.0,0.5324,0.02839,0.6601,0.9485,0.2701,2.135,2.505,1.12,0.191,0.3059,0.07623,8.11E-6,4.056E-6,2.033E-4,2.684E-4,5.323E-5,4.149E-4,3.857E-5,1.408E-5,2.606E-6,4.09E-6,1.481E-6,
0.0,0.0,0.0,0.0,0.0,0.0,0.0,0.0,0.0,0.0,0.0,0.0,0.0,0.0,0.0,0.0,0.0,0.0,0.0,0.0,0.0,0.0,2.8E-6,0.002379,0.02655,0.9024,1.44,0.4516,1.192,0.08154,0.01474,0.002725,0.004617,0.001331,0.0,0.0,0.0,0.0,0.0,0.0,0.0,0.0,0.0,0.0,0.0,0.0,0.0,0.0,0.0,0.0,0.0,0.0,0.0,0.0,0.0,0.0,2.2759999999999997E-22,0.0,4.704,7.529,1.21,17.57,0.004451,0.9757,0.003537,0.002793,0.005488,0.0,0.0,0.0,0.0,0.0,0.0,0.0,0.0,0.0,0.0,0.0,0.0,0.0,0.0,0.0,0.0,0.0,0.0,0.0,0.0,0.0,0.0,0.0,0.0,0.0,0.0,0.0,0.0,0.0,0.0,0.0,0.0,0.0,0.0,0.0,0.0,0.0,0.0,0.0,0.0,0.0,0.0,0.0,0.0,0.0,0.0,1.0E-4,20150.0,9.55E25,2741.0,3466.0,528.1,202200.0,13810.0,8407.0,1596.0,3047.0,2012.0,0.5013,279.5,28.16,102.5,68.7,32.27,6.391,2.461,0.3489,0.4539,0.1725,0.01346,1651.0,35.49,67.53,15.78,47.45,2.623,0.254,0.0947,0.1127,0.09358,19.55,0.2961,1.256,3.337,7.518,0.9743,2.825,1.576,0.1941,0.2698,0.09504,0.0,0.0,0.0,0.0,0.0,0.0,0.0,0.0,0.0,0.0,0.0,0.5324,0.02839,0.6601,0.9477,0.271,2.135,2.504,1.121,0.1897,0.312,0.07191,8.11E-6,4.056E-6,2.033E-4,2.681E-4,5.355E-5,4.148E-4,3.855E-5,1.409E-5,2.59E-6,4.165E-6,1.429E-6,
0.0,0.0,0.0,0.0,0.0,0.0,0.0,0.0,0.0,0.0,0.0,0.0,0.0,0.0,0.0,0.0,0.0,0.0,0.0,0.0,0.0,0.0,2.8E-6,0.002379,0.02655,0.9022,1.44,0.4515,1.191,0.08167,0.01469,0.002741,0.004559,0.001266,0.0,0.0,0.0,0.0,0.0,0.0,0.0,0.0,0.0,0.0,0.0,0.0,0.0,0.0,0.0,0.0,0.0,0.0,0.0,0.0,0.0,0.0,2.2759999999999997E-22,0.0,4.704,7.53,1.215,17.57,0.007764,0.9576,0.006168,0.004872,0.009573,0.0,0.0,0.0,0.0,0.0,0.0,0.0,0.0,0.0,0.0,0.0,0.0,0.0,0.0,0.0,0.0,0.0,0.0,0.0,0.0,0.0,0.0,0.0,0.0,0.0,0.0,0.0,0.0,0.0,0.0,0.0,0.0,0.0,0.0,0.0,0.0,0.0,0.0,0.0,0.0,0.0,0.0,0.0,0.0,0.0,0.0,1.0E-4,20150.0,9.55E25,2741.0,3467.0,538.6,202200.0,13890.0,8382.0,1599.0,3016.0,1977.0,0.5013,279.5,28.16,102.5,68.7,32.27,6.4,2.43,0.3528,0.4571,0.1786,0.01346,1651.0,35.49,67.53,15.78,47.45,2.624,0.2521,0.09494,0.1129,0.09396,19.55,0.2961,1.257,3.337,7.523,0.9743,2.83,1.556,0.1966,0.2719,0.09906,0.0,0.0,0.0,0.0,0.0,0.0,0.0,0.0,0.0,0.0,0.0,0.5324,0.02839,0.6601,0.9478,0.2724,2.134,2.514,1.117,0.1911,0.3079,0.06742,8.11E-6,4.056E-6,2.033E-4,2.68E-4,5.356E-5,4.147E-4,3.867E-5,1.403E-5,2.607E-6,4.116E-6,1.375E-6,
0.0,0.0,0.0,0.0,0.0,0.0,0.0,0.0,0.0,0.0,0.0,0.0,0.0,0.0,0.0,0.0,0.0,0.0,0.0,0.0,0.0,0.0,2.8E-6,0.002379,0.02655,0.9021,1.439,0.4514,1.19,0.08169,0.01466,0.002763,0.004542,0.001267,0.0,0.0,0.0,0.0,0.0,0.0,0.0,0.0,0.0,0.0,0.0,0.0,0.0,0.0,0.0,0.0,0.0,0.0,0.0,0.0,0.0,0.0,2.2759999999999997E-22,0.0,4.704,7.53,1.215,17.57,0.008149,0.9555,0.006475,0.005113,0.01005,0.0,0.0,0.0,0.0,0.0,0.0,0.0,0.0,0.0,0.0,0.0,0.0,0.0,0.0,0.0,0.0,0.0,0.0,0.0,0.0,0.0,0.0,0.0,0.0,0.0,0.0,0.0,0.0,0.0,0.0,0.0,0.0,0.0,0.0,0.0,0.0,0.0,0.0,0.0,0.0,0.0,0.0,0.0,0.0,0.0,0.0,1.0E-4,20150.0,9.55E25,2741.0,3465.0,541.3,202100.0,13910.0,8360.0,1616.0,3051.0,1983.0,0.5012,279.5,28.16,102.5,68.71,32.27,6.407,2.422,0.3507,0.4588,0.1794,0.01346,1651.0,35.49,67.53,15.78,47.45,2.624,0.2517,0.09483,0.113,0.09401,19.55,0.2961,1.257,3.337,7.524,0.9743,2.835,1.551,0.1953,0.273,0.09957,0.0,0.0,0.0,0.0,0.0,0.0,0.0,0.0,0.0,0.0,0.0,0.5324,0.02839,0.6601,0.9478,0.2727,2.134,2.516,1.113,0.1932,0.3062,0.06745,8.109E-6,4.056E-6,2.033E-4,2.68E-4,5.355E-5,4.145E-4,3.871E-5,1.399E-5,2.627E-6,4.096E-6,1.376E-6,
0.0,0.0,0.0,0.0,0.0,0.0,0.0,0.0,0.0,0.0,0.0,0.0,0.0,0.0,0.0,0.0,0.0,0.0,0.0,0.0,0.0,0.0,2.8E-6,0.002379,0.02655,0.9019,1.439,0.4514,1.189,0.08168,0.01478,0.00268,0.004571,0.001246,0.0,0.0,0.0,0.0,0.0,0.0,0.0,0.0,0.0,0.0,0.0,0.0,0.0,0.0,0.0,0.0,0.0,0.0,0.0,0.0,0.0,0.0,2.2759999999999997E-22,0.0,4.704,7.529,1.21,17.57,0.003289,0.9748,0.005145,0.002878,0.005654,0.0,0.0,0.0,0.0,0.0,0.0,0.0,0.0,0.0,0.0,0.0,0.0,0.0,0.0,0.0,0.0,0.0,0.0,0.0,0.0,0.0,0.0,0.0,0.0,0.0,0.0,0.0,0.0,0.0,0.0,0.0,0.0,0.0,0.0,0.0,0.0,0.0,0.0,0.0,0.0,0.0,0.0,0.0,0.0,0.0,0.0,1.0E-4,20150.0,9.55E25,2738.0,3461.0,525.9,202100.0,13910.0,8422.0,1574.0,3064.0,1965.0,0.5012,279.5,28.16,102.5,68.7,32.27,6.412,2.449,0.3277,0.4651,0.1731,0.01346,1651.0,35.49,67.53,15.78,47.45,2.625,0.2534,0.09285,0.1137,0.09362,19.55,0.2961,1.256,3.337,7.519,0.9743,2.836,1.567,0.1848,0.2751,0.09544,0.0,0.0,0.0,0.0,0.0,0.0,0.0,0.0,0.0,0.0,0.0,0.5324,0.02839,0.6599,0.9472,0.2706,2.133,2.517,1.122,0.187,0.3079,0.06565,8.109E-6,4.056E-6,2.033E-4,2.68E-4,5.352E-5,4.144E-4,3.872E-5,1.409E-5,2.553E-6,4.116E-6,1.354E-6,
0.0,0.0,0.0,0.0,0.0,0.0,0.0,0.0,0.0,0.0,0.0,0.0,0.0,0.0,0.0,0.0,0.0,0.0,0.0,0.0,0.0,0.0,2.8E-6,0.002379,0.02655,0.9018,1.439,0.4513,1.188,0.08144,0.01507,0.002705,0.004505,0.001259,0.0,0.0,0.0,0.0,0.0,0.0,0.0,0.0,0.0,0.0,0.0,0.0,0.0,0.0,0.0,0.0,0.0,0.0,0.0,0.0,0.0,0.0,2.2759999999999997E-22,0.0,4.918,7.729,1.205,19.15,0.0143,0.9804,0.001508,6.528E-4,0.001283,0.0,0.0,0.0,0.0,0.0,0.0,0.0,0.0,0.0,0.0,0.0,0.0,0.0,0.0,0.0,0.0,0.0,0.0,0.0,0.0,0.0,0.0,0.0,0.0,0.0,0.0,0.0,0.0,0.0,0.0,0.0,0.0,0.0,0.0,0.0,0.0,0.0,0.0,0.0,0.0,0.0,0.0,0.0,0.0,0.0,0.0,1.0E-4,20160.0,9.55E25,2737.0,3459.0,516.8,202100.0,13980.0,8384.0,1601.0,3035.0,1945.0,0.5012,279.5,28.15,102.5,68.69,32.27,6.429,2.456,0.3224,0.4596,0.1687,0.01346,1651.0,35.49,67.53,15.78,47.45,2.626,0.2539,0.09253,0.1134,0.09335,19.55,0.2961,1.256,3.336,7.514,0.9743,2.849,1.571,0.1813,0.2716,0.09253,0.0,0.0,0.0,0.0,0.0,0.0,0.0,0.0,0.0,0.0,0.0,0.5324,0.02839,0.6597,0.947,0.2693,2.133,2.525,1.118,0.1896,0.3016,0.06698,8.109E-6,4.056E-6,2.032E-4,2.68E-4,5.35E-5,4.143E-4,3.879E-5,1.406E-5,2.584E-6,4.04E-6,1.37E-6,
0.0,0.0,0.0,0.0,0.0,0.0,0.0,0.0,0.0,0.0,0.0,0.0,0.0,0.0,0.0,0.0,0.0,0.0,0.0,0.0,0.0,0.0,2.8E-6,0.002379,0.02655,0.9016,1.439,0.4512,1.187,0.08133,0.01508,0.002686,0.004578,0.001263,0.0,0.0,0.0,0.0,0.0,0.0,0.0,0.0,0.0,0.0,0.0,0.0,0.0,0.0,0.0,0.0,0.0,0.0,0.0,0.0,0.0,0.0,2.2759999999999997E-22,0.0,4.919,7.73,1.216,19.15,0.005447,0.9515,0.01222,0.005291,0.0104,0.0,0.0,0.0,0.0,0.0,0.0,0.0,0.0,0.0,0.0,0.0,0.0,0.0,0.0,0.0,0.0,0.0,0.0,0.0,0.0,0.0,0.0,0.0,0.0,0.0,0.0,0.0,0.0,0.0,0.0,0.0,0.0,0.0,0.0,0.0,0.0,0.0,0.0,0.0,0.0,0.0,0.0,0.0,0.0,0.0,0.0,1.0E-4,20160.0,9.55E25,2738.0,3461.0,535.5,202100.0,13920.0,8408.0,1586.0,3084.0,1923.0,0.5012,279.5,28.16,102.5,68.71,32.27,6.414,2.411,0.3384,0.4693,0.1821,0.01346,1651.0,35.49,67.53,15.78,47.45,2.625,0.2512,0.09349,0.114,0.09419,19.55,0.2961,1.257,3.338,7.524,0.9743,2.84,1.542,0.1918,0.2774,0.1013,0.0,0.0,0.0,0.0,0.0,0.0,0.0,0.0,0.0,0.0,0.0,0.5324,0.02839,0.6599,0.9474,0.2719,2.132,2.516,1.12,0.1876,0.3068,0.06721,8.109E-6,4.056E-6,2.032E-4,2.68E-4,5.351E-5,4.141E-4,3.869E-5,1.409E-5,2.559E-6,4.103E-6,1.373E-6,
0.0,0.0,0.0,0.0,0.0,0.0,0.0,0.0,0.0,0.0,0.0,0.0,0.0,0.0,0.0,0.0,0.0,0.0,0.0,0.0,0.0,0.0,2.8E-6,0.002379,0.02655,0.9015,1.43,0.4602,1.187,0.08135,0.01507,0.002716,0.004577,0.001236,0.0,0.0,0.0,0.0,0.0,0.0,0.0,0.0,0.0,0.0,0.0,0.0,0.0,0.0,0.0,0.0,0.0,0.0,0.0,0.0,0.0,0.0,2.2759999999999997E-22,0.0,4.919,7.729,1.21,19.15,0.007405,0.9693,0.006591,0.002854,0.005607,0.0,0.0,0.0,0.0,0.0,0.0,0.0,0.0,0.0,0.0,0.0,0.0,0.0,0.0,0.0,0.0,0.0,0.0,0.0,0.0,0.0,0.0,0.0,0.0,0.0,0.0,0.0,0.0,0.0,0.0,0.0,0.0,0.0,0.0,0.0,0.0,0.0,0.0,0.0,0.0,0.0,0.0,0.0,0.0,0.0,0.0,1.0E-4,20160.0,9.55E25,2736.0,3451.0,533.5,202100.0,13930.0,8396.0,1613.0,3158.0,1831.0,0.5012,279.5,28.16,102.3,68.87,32.27,6.419,2.436,0.3287,0.4731,0.1687,0.01346,1651.0,35.49,67.19,16.12,47.45,2.625,0.2527,0.093,0.1247,0.0828,19.55,0.2961,1.256,3.333,7.523,0.9743,2.843,1.558,0.1849,0.2809,0.0921,0.0,0.0,0.0,0.0,0.0,0.0,0.0,0.0,0.0,0.0,0.0,0.5324,0.02839,0.6597,0.9437,0.274,2.132,2.518,1.118,0.1902,0.3103,0.06216,8.109E-6,4.056E-6,2.032E-4,2.665E-4,5.492E-5,4.14E-4,3.871E-5,1.407E-5,2.591E-6,4.272E-6,1.188E-6,
0.0,0.0,0.0,0.0,0.0,0.0,0.0,0.0,0.0,0.0,0.0,0.0,0.0,0.0,0.0,0.0,0.0,0.0,0.0,0.0,0.0,0.0,2.8E-6,0.002379,0.02655,0.9014,1.43,0.4601,1.186,0.07871,0.01625,0.003111,0.005045,0.001843,0.0,0.0,0.0,0.0,0.0,0.0,0.0,0.0,0.0,0.0,0.0,0.0,0.0,0.0,0.0,0.0,0.0,0.0,0.0,0.0,0.0,0.0,2.2759999999999997E-22,0.0,4.919,7.73,1.216,19.15,0.008598,0.9491,0.012,0.005194,0.01021,0.0,0.0,0.0,0.0,0.0,0.0,0.0,0.0,0.0,0.0,0.0,0.0,0.0,0.0,0.0,0.0,0.0,0.0,0.0,0.0,0.0,0.0,0.0,0.0,0.0,0.0,0.0,0.0,0.0,0.0,0.0,0.0,0.0,0.0,0.0,0.0,0.0,0.0,0.0,0.0,0.0,0.0,0.0,0.0,0.0,0.0,1.0E-4,20160.0,9.55E25,2737.0,3452.0,542.1,202100.0,13900.0,8383.0,1633.0,3168.0,1836.0,0.5012,279.5,28.16,102.3,68.88,32.27,6.142,2.567,0.3675,0.5159,0.2242,0.01346,1651.0,35.49,67.19,16.12,47.45,2.199,0.497,0.1409,0.1866,0.1547,19.55,0.2961,1.257,3.334,7.528,0.9743,2.836,1.542,0.191,0.2845,0.0984,0.0,0.0,0.0,0.0,0.0,0.0,0.0,0.0,0.0,0.0,0.0,0.5324,0.02839,0.6598,0.9438,0.2752,2.132,2.513,1.117,0.1924,0.3109,0.06433,8.109E-6,4.056E-6,2.032E-4,2.665E-4,5.492E-5,4.139E-4,3.825E-5,1.423E-5,2.676E-6,4.376E-6,1.277E-6,
0.0,0.0,0.0,0.0,0.0,0.0,0.0,0.0,0.0,0.0,0.0,0.0,0.0,0.0,0.0,0.0,0.0,0.0,0.0,0.0,0.0,0.0,2.8E-6,0.002379,0.02655,0.9014,1.43,0.4601,1.186,0.07872,0.01621,0.003118,0.005057,0.00184,0.0,0.0,0.0,0.0,0.0,0.0,0.0,0.0,0.0,0.0,0.0,0.0,0.0,0.0,0.0,0.0,0.0,0.0,0.0,0.0,0.0,0.0,2.2759999999999997E-22,0.0,4.919,7.73,1.218,19.15,0.01004,0.9406,0.014,0.006063,0.01191,0.0,0.0,0.0,0.0,0.0,0.0,0.0,0.0,0.0,0.0,0.0,0.0,0.0,0.0,0.0,0.0,0.0,0.0,0.0,0.0,0.0,0.0,0.0,0.0,0.0,0.0,0.0,0.0,0.0,0.0,0.0,0.0,0.0,0.0,0.0,0.0,0.0,0.0,0.0,0.0,0.0,0.0,0.0,0.0,0.0,0.0,1.0E-4,20150.0,9.55E25,2737.0,3451.0,546.1,202100.0,13920.0,8361.0,1638.0,3184.0,1870.0,0.5012,279.5,28.16,102.3,68.88,32.27,6.146,2.552,0.3703,0.5175,0.2268,0.01346,1651.0,35.49,67.19,16.12,47.45,2.199,0.4961,0.1411,0.1866,0.155,19.55,0.2961,1.257,3.334,7.53,0.9743,2.838,1.533,0.1928,0.2855,0.1003,0.0,0.0,0.0,0.0,0.0,0.0,0.0,0.0,0.0,0.0,0.0,0.5323,0.02839,0.6598,0.9438,0.2757,2.131,2.514,1.114,0.193,0.3121,0.064,8.109E-6,4.056E-6,2.032E-4,2.665E-4,5.492E-5,4.138E-4,3.827E-5,1.42E-5,2.682E-6,4.389E-6,1.274E-6,
0.0,0.0,0.0,0.0,0.0,0.0,0.0,0.0,0.0,0.0,0.0,0.0,0.0,0.0,0.0,0.0,0.0,0.0,0.0,0.0,0.0,0.0,2.8E-6,0.002379,0.02655,0.9013,1.43,0.46,1.185,0.0787,0.01624,0.003117,0.005053,0.00184,0.0,0.0,0.0,0.0,0.0,0.0,0.0,0.0,0.0,0.0,0.0,0.0,0.0,0.0,0.0,0.0,0.0,0.0,0.0,0.0,0.0,0.0,2.2759999999999997E-22,0.0,4.919,7.73,1.218,19.15,0.01004,0.9406,0.014,0.006063,0.01191,0.0,0.0,0.0,0.0,0.0,0.0,0.0,0.0,0.0,0.0,0.0,0.0,0.0,0.0,0.0,0.0,0.0,0.0,0.0,0.0,0.0,0.0,0.0,0.0,0.0,0.0,0.0,0.0,0.0,0.0,0.0,0.0,0.0,0.0,0.0,0.0,0.0,0.0,0.0,0.0,0.0,0.0,0.0,0.0,0.0,0.0,1.0E-4,20150.0,9.55E25,2736.0,3450.0,546.1,202100.0,13910.0,8381.0,1632.0,3181.0,1865.0,0.5012,279.5,28.16,102.3,68.88,32.27,6.146,2.551,0.3709,0.5179,0.2268,0.01346,1651.0,35.49,67.19,16.12,47.45,2.199,0.496,0.1412,0.1865,0.155,19.55,0.2961,1.257,3.334,7.53,0.9743,2.838,1.532,0.1932,0.2858,0.1003,0.0,0.0,0.0,0.0,0.0,0.0,0.0,0.0,0.0,0.0,0.0,0.5323,0.02839,0.6598,0.9438,0.2757,2.131,2.513,1.116,0.1924,0.3116,0.06402,8.109E-6,4.056E-6,2.032E-4,2.665E-4,5.491E-5,4.137E-4,3.825E-5,1.422E-5,2.675E-6,4.382E-6,1.274E-6,
0.0,0.0,0.0,0.0,0.0,0.0,0.0,0.0,0.0,0.0,0.0,0.0,0.0,0.0,0.0,0.0,0.0,0.0,0.0,0.0,0.0,0.0,2.8E-6,0.002379,0.02655,0.9012,1.43,0.46,1.185,0.07866,0.01632,0.003132,0.005045,0.001819,0.0,0.0,0.0,0.0,0.0,0.0,0.0,0.0,0.0,0.0,0.0,0.0,0.0,0.0,0.0,0.0,0.0,0.0,0.0,0.0,0.0,0.0,2.2759999999999997E-22,0.0,4.919,7.729,1.21,19.15,0.002056,0.9668,0.01425,0.002897,0.005693,0.0,0.0,0.0,0.0,0.0,0.0,0.0,0.0,0.0,0.0,0.0,0.0,0.0,0.0,0.0,0.0,0.0,0.0,0.0,0.0,0.0,0.0,0.0,0.0,0.0,0.0,0.0,0.0,0.0,0.0,0.0,0.0,0.0,0.0,0.0,0.0,0.0,0.0,0.0,0.0,0.0,0.0,0.0,0.0,0.0,0.0,1.0E-4,20150.0,9.55E25,2735.0,3447.0,532.7,202100.0,13890.0,8416.0,1633.0,3319.0,1724.0,0.5012,279.5,28.16,102.3,68.87,32.27,6.132,2.59,0.3718,0.513,0.218,0.01346,1651.0,35.49,67.19,16.12,47.45,2.198,0.4985,0.1413,0.1859,0.1547,19.55,0.2961,1.256,3.334,7.523,0.9743,2.83,1.558,0.1936,0.2827,0.09424,0.0,0.0,0.0,0.0,0.0,0.0,0.0,0.0,0.0,0.0,0.0,0.5323,0.02839,0.6596,0.9434,0.2738,2.131,2.511,1.122,0.193,0.311,0.06206,8.109E-6,4.056E-6,2.032E-4,2.665E-4,5.489E-5,4.137E-4,3.823E-5,1.43E-5,2.684E-6,4.374E-6,1.251E-6,
0.0,0.0,0.0,0.0,0.0,0.0,0.0,0.0,0.0,0.0,0.0,0.0,0.0,0.0,0.0,0.0,0.0,0.0,0.0,0.0,0.0,0.0,2.8E-6,0.002397,0.02655,0.9012,1.43,0.46,1.185,0.07866,0.01643,0.002864,0.005201,0.0018,0.0,0.0,0.0,0.0,0.0,0.0,0.0,0.0,0.0,0.0,0.0,0.0,0.0,0.0,0.0,0.0,0.0,0.0,0.0,0.0,0.0,0.0,2.2759999999999997E-22,0.0,4.919,7.729,1.211,19.15,0.0022,0.9775,0.00223,0.003099,0.006089,0.0,0.0,0.0,0.0,0.0,0.0,0.0,0.0,0.0,0.0,0.0,0.0,0.0,0.0,0.0,0.0,0.0,0.0,0.0,0.0,0.0,0.0,0.0,0.0,0.0,0.0,0.0,0.0,0.0,0.0,0.0,0.0,0.0,0.0,0.0,0.0,0.0,0.0,0.0,0.0,0.0,0.0,0.0,0.0,0.0,0.0,1.0E-4,20170.0,9.55E25,2735.0,3447.0,533.9,202100.0,13900.0,8527.0,1422.0,3418.0,1779.0,0.5058,279.5,28.16,102.3,68.87,32.27,6.133,2.6,0.3533,0.5193,0.2143,0.01373,1651.0,35.49,67.19,16.12,47.45,2.198,0.4991,0.1411,0.1853,0.1546,19.55,0.2961,1.256,3.334,7.523,0.9743,2.831,1.565,0.1803,0.2864,0.09165,0.0,0.0,0.0,0.0,0.0,0.0,0.0,0.0,0.0,0.0,0.0,0.5341,0.02839,0.6596,0.9434,0.274,2.131,2.512,1.134,0.1667,0.3248,0.06062,8.13E-6,4.056E-6,2.032E-4,2.664E-4,5.489E-5,4.136E-4,3.823E-5,1.444E-5,2.367E-6,4.538E-6,1.234E-6,
0.0,0.0,0.0,0.0,0.0,0.0,0.0,0.0,0.0,0.0,0.0,0.0,0.0,0.0,0.0,0.0,0.0,0.0,0.0,0.0,0.0,0.0,2.8E-6,0.002397,0.02655,0.9011,1.43,0.4599,1.184,0.07866,0.01643,0.002801,0.005231,0.001813,0.0,0.0,0.0,0.0,0.0,0.0,0.0,0.0,0.0,0.0,0.0,0.0,0.0,0.0,0.0,0.0,0.0,0.0,0.0,0.0,0.0,0.0,2.2759999999999997E-22,0.0,4.919,7.73,1.216,19.15,0.003895,0.9601,0.003949,0.005487,0.01078,0.0,0.0,0.0,0.0,0.0,0.0,0.0,0.0,0.0,0.0,0.0,0.0,0.0,0.0,0.0,0.0,0.0,0.0,0.0,0.0,0.0,0.0,0.0,0.0,0.0,0.0,0.0,0.0,0.0,0.0,0.0,0.0,0.0,0.0,0.0,0.0,0.0,0.0,0.0,0.0,0.0,0.0,0.0,0.0,0.0,0.0,1.0E-4,20170.0,9.55E25,2735.0,3448.0,545.1,202100.0,13900.0,8532.0,1383.0,3443.0,1780.0,0.5058,279.5,28.16,102.3,68.88,32.27,6.134,2.574,0.3536,0.5257,0.2208,0.01373,1651.0,35.49,67.19,16.12,47.45,2.198,0.4975,0.1412,0.1855,0.1551,19.55,0.2961,1.257,3.335,7.529,0.9743,2.833,1.548,0.1804,0.2906,0.09578,0.0,0.0,0.0,0.0,0.0,0.0,0.0,0.0,0.0,0.0,0.0,0.5341,0.02839,0.6597,0.9436,0.2755,2.13,2.512,1.134,0.1611,0.3275,0.06159,8.13E-6,4.056E-6,2.031E-4,2.664E-4,5.49E-5,4.135E-4,3.823E-5,1.444E-5,2.299E-6,4.568E-6,1.247E-6,
0.0,0.0,0.0,0.0,0.0,0.0,0.0,0.0,0.0,0.0,0.0,0.0,0.0,0.0,0.0,0.0,0.0,0.0,0.0,0.0,0.0,0.0,2.8E-6,0.002397,0.02655,0.9011,1.412,0.4583,1.184,0.07868,0.01732,0.001921,0.008661,0.0179,0.0,0.0,0.0,0.0,0.0,0.0,0.0,0.0,0.0,0.0,0.0,0.0,0.0,0.0,0.0,0.0,0.0,0.0,0.0,0.0,0.0,0.0,2.2759999999999997E-22,0.0,4.919,7.729,1.21,19.15,0.003237,0.9726,0.006516,0.006618,0.003032,0.0,0.0,0.0,0.0,0.0,0.0,0.0,0.0,0.0,0.0,0.0,0.0,0.0,0.0,0.0,0.0,0.0,0.0,0.0,0.0,0.0,0.0,0.0,0.0,0.0,0.0,0.0,0.0,0.0,0.0,0.0,0.0,0.0,0.0,0.0,0.0,0.0,0.0,0.0,0.0,0.0,0.0,0.0,0.0,0.0,0.0,1.0E-4,20170.0,9.55E25,2734.0,3364.0,527.9,202100.0,13910.0,9186.0,733.7,3504.0,1844.0,0.5058,279.5,28.16,102.0,68.84,32.27,6.136,2.704,0.2434,0.9198,0.2052,0.01373,1651.0,35.49,66.12,16.02,47.45,2.198,0.506,0.1339,1.343,0.1673,19.55,0.2961,1.256,3.326,7.522,0.9743,2.834,1.635,0.1071,0.3059,0.08229,0.0,0.0,0.0,0.0,0.0,0.0,0.0,0.0,0.0,0.0,0.0,0.534,0.02839,0.6595,0.9392,0.2738,2.13,2.513,1.214,0.08116,0.3305,0.0627,8.13E-6,4.056E-6,2.031E-4,2.647E-4,5.473E-5,4.135E-4,3.825E-5,1.543E-5,1.319E-6,4.913E-6,2.713E-6,
0.0,0.0,0.0,0.0,0.0,0.0,0.0,0.0,0.0,0.0,0.0,0.0,0.0,0.0,0.0,0.0,0.0,0.0,0.0,0.0,0.0,0.0,2.8E-6,0.002397,0.02655,0.901,1.412,0.4583,1.184,0.07862,0.0174,0.001964,0.008616,0.01789,0.0,0.0,0.0,0.0,0.0,0.0,0.0,0.0,0.0,0.0,0.0,0.0,0.0,0.0,0.0,0.0,0.0,0.0,0.0,0.0,0.0,0.0,2.2759999999999997E-22,0.0,4.918,7.729,1.205,19.15,5.293E-4,0.9765,0.02027,4.264E-4,6.339E-4,0.0,0.0,0.0,0.0,0.0,0.0,0.0,0.0,0.0,0.0,0.0,0.0,0.0,0.0,0.0,0.0,0.0,0.0,0.0,0.0,0.0,0.0,0.0,0.0,0.0,0.0,0.0,0.0,0.0,0.0,0.0,0.0,0.0,0.0,0.0,0.0,0.0,0.0,0.0,0.0,0.0,0.0,0.0,0.0,0.0,0.0,1.0E-4,20170.0,9.55E25,2732.0,3361.0,516.8,202100.0,13900.0,9231.0,749.0,3486.0,1830.0,0.5058,279.5,28.15,102.0,68.83,32.27,6.13,2.733,0.2499,0.9029,0.2015,0.01373,1651.0,35.49,66.12,16.02,47.45,2.198,0.5086,0.1338,1.342,0.1671,19.55,0.2961,1.256,3.325,7.517,0.9743,2.831,1.648,0.1146,0.2963,0.07983,0.0,0.0,0.0,0.0,0.0,0.0,0.0,0.0,0.0,0.0,0.0,0.534,0.02839,0.6594,0.9389,0.2723,2.13,2.51,1.221,0.08431,0.3269,0.06194,8.13E-6,4.056E-6,2.031E-4,2.647E-4,5.471E-5,4.134E-4,3.821E-5,1.551E-5,1.357E-6,4.869E-6,2.704E-6,
0.0,0.0,0.0,0.0,0.0,0.0,0.0,0.0,0.0,0.0,0.0,0.0,0.0,0.0,0.0,0.0,0.0,0.0,0.0,0.0,0.0,0.0,2.8E-6,0.002397,0.02655,0.9009,1.409,0.4581,1.183,0.07871,0.01756,0.002531,0.02183,0.006162,0.0,0.0,0.0,0.0,0.0,0.0,0.0,0.0,0.0,0.0,0.0,0.0,0.0,0.0,0.0,0.0,0.0,0.0,0.0,0.0,0.0,0.0,2.2759999999999997E-22,0.0,4.919,7.73,1.215,19.15,0.004451,0.9672,0.005435,0.003586,0.005331,0.0,0.0,0.0,0.0,0.0,0.0,0.0,0.0,0.0,0.0,0.0,0.0,0.0,0.0,0.0,0.0,0.0,0.0,0.0,0.0,0.0,0.0,0.0,0.0,0.0,0.0,0.0,0.0,0.0,0.0,0.0,0.0,0.0,0.0,0.0,0.0,0.0,0.0,0.0,0.0,0.0,0.0,0.0,0.0,0.0,0.0,1.0E-4,20170.0,9.55E25,2733.0,3353.0,533.4,202100.0,13890.0,9302.0,671.7,3573.0,1739.0,0.5058,279.5,28.16,101.7,68.83,32.27,6.139,2.724,0.471,0.9002,0.2274,0.01373,1651.0,35.49,65.39,15.96,47.45,2.212,0.5188,0.6602,1.516,0.2235,19.55,0.2961,1.257,3.32,7.526,0.9743,2.834,1.64,0.1525,0.2551,0.08385,0.0,0.0,0.0,0.0,0.0,0.0,0.0,0.0,0.0,0.0,0.0,0.534,0.02839,0.6595,0.9386,0.2745,2.129,2.509,1.231,0.06835,0.333,0.06004,8.13E-6,4.056E-6,2.031E-4,2.645E-4,5.472E-5,4.133E-4,3.821E-5,1.563E-5,1.242E-6,6.189E-6,1.551E-6,
0.0,0.0,0.0,0.0,0.0,0.0,0.0,0.0,0.0,0.0,0.0,0.0,0.0,0.0,0.0,0.0,0.0,0.0,0.0,0.0,0.0,0.0,2.8E-6,0.002397,0.02655,0.9009,1.409,0.4571,1.183,0.08001,0.01808,0.002525,0.02186,0.006116,0.0,0.0,0.0,0.0,0.0,0.0,0.0,0.0,0.0,0.0,0.0,0.0,0.0,0.0,0.0,0.0,0.0,0.0,0.0,0.0,0.0,0.0,2.2759999999999997E-22,0.0,4.918,7.729,1.205,19.15,3.009E-4,0.9962,8.001E-4,4.257E-4,6.328E-4,0.0,0.0,0.0,0.0,0.0,0.0,0.0,0.0,0.0,0.0,0.0,0.0,0.0,0.0,0.0,0.0,0.0,0.0,0.0,0.0,0.0,0.0,0.0,0.0,0.0,0.0,0.0,0.0,0.0,0.0,0.0,0.0,0.0,0.0,0.0,0.0,0.0,0.0,0.0,0.0,0.0,0.0,0.0,0.0,0.0,0.0,1.0E-4,20170.0,9.55E25,2839.0,3398.0,503.1,201900.0,13900.0,9353.0,672.2,3610.0,1766.0,0.5058,279.5,28.16,99.95,66.81,32.26,9.914,2.78,0.4541,0.9293,0.1988,0.01373,1651.0,35.49,65.39,15.95,47.45,2.222,0.5299,0.6335,1.574,0.187,19.55,0.2961,1.256,3.306,7.502,0.9741,2.851,1.673,0.1465,0.2624,0.07229,0.0,0.0,0.0,0.0,0.0,0.0,0.0,0.0,0.0,0.0,0.0,0.534,0.02839,0.6583,0.9364,0.2707,2.131,2.498,1.247,0.07012,0.3338,0.05752,8.129E-6,4.056E-6,2.03E-4,2.638E-4,5.396E-5,4.133E-4,3.941E-5,1.585E-5,1.259E-6,6.201E-6,1.519E-6,
0.0,0.0,0.0,0.0,0.0,0.0,0.0,0.0,0.0,0.0,0.0,0.0,0.0,0.0,0.0,0.0,0.0,0.0,0.0,0.0,0.0,0.0,2.8E-6,0.002396,0.02655,0.9008,1.402,0.4634,1.182,0.08196,0.01605,0.00275,0.02253,0.005276,0.0,0.0,0.0,0.0,0.0,0.0,0.0,0.0,0.0,0.0,0.0,0.0,0.0,0.0,0.0,0.0,0.0,0.0,0.0,0.0,0.0,0.0,2.2759999999999997E-22,0.0,4.919,7.729,1.21,19.15,0.001439,0.9817,0.003827,0.002036,0.003027,0.0,0.0,0.0,0.0,0.0,0.0,0.0,0.0,0.0,0.0,0.0,0.0,0.0,0.0,0.0,0.0,0.0,0.0,0.0,0.0,0.0,0.0,0.0,0.0,0.0,0.0,0.0,0.0,0.0,0.0,0.0,0.0,0.0,0.0,0.0,0.0,0.0,0.0,0.0,0.0,0.0,0.0,0.0,0.0,0.0,0.0,1.0E-4,20160.0,9.55E25,2840.0,3404.0,528.4,201900.0,13830.0,9325.0,713.1,3621.0,1840.0,0.5058,279.5,28.16,99.9,66.87,32.26,10.13,2.532,0.4584,0.9377,0.2043,0.01373,1651.0,35.49,65.35,16.0,47.45,2.556,0.1814,0.6414,1.565,0.1988,19.55,0.2961,1.256,3.306,7.508,0.9741,2.858,1.652,0.147,0.2692,0.07249,0.0,0.0,0.0,0.0,0.0,0.0,0.0,0.0,0.0,0.0,0.0,0.534,0.02839,0.6583,0.9362,0.2725,2.13,2.5,1.241,0.07228,0.3328,0.05858,8.128E-6,4.056E-6,2.03E-4,2.636E-4,5.418E-5,4.133E-4,3.967E-5,1.549E-5,1.316E-6,6.259E-6,1.468E-6,
0.0,0.0,0.0,0.0,0.0,0.0,0.0,0.0,0.0,0.0,0.0,0.0,0.0,0.0,0.0,0.0,0.0,0.0,0.0,0.0,0.0,0.0,2.8E-6,0.002396,0.02655,0.9007,1.402,0.4634,1.182,0.08208,0.01597,0.002874,0.02238,0.005276,0.0,0.0,0.0,0.0,0.0,0.0,0.0,0.0,0.0,0.0,0.0,0.0,0.0,0.0,0.0,0.0,0.0,0.0,0.0,0.0,0.0,0.0,2.2759999999999997E-22,0.0,4.918,7.729,1.205,19.15,0.01394,0.9814,0.002004,4.191E-4,6.231E-4,0.0,0.0,0.0,0.0,0.0,0.0,0.0,0.0,0.0,0.0,0.0,0.0,0.0,0.0,0.0,0.0,0.0,0.0,0.0,0.0,0.0,0.0,0.0,0.0,0.0,0.0,0.0,0.0,0.0,0.0,0.0,0.0,0.0,0.0,0.0,0.0,0.0,0.0,0.0,0.0,0.0,0.0,0.0,0.0,0.0,0.0,1.0E-4,20160.0,9.55E25,2838.0,3401.0,519.8,201900.0,13910.0,9279.0,715.5,3593.0,1836.0,0.5058,279.5,28.16,99.9,66.86,32.26,10.16,2.533,0.3239,1.057,0.2018,0.01373,1651.0,35.49,65.35,16.0,47.45,2.56,0.1837,0.4059,1.789,0.2005,19.55,0.2961,1.256,3.306,7.502,0.9741,2.873,1.652,0.106,0.3022,0.07056,0.0,0.0,0.0,0.0,0.0,0.0,0.0,0.0,0.0,0.0,0.0,0.534,0.02839,0.6582,0.9359,0.2714,2.13,2.511,1.235,0.07206,0.3301,0.05822,8.128E-6,4.056E-6,2.03E-4,2.636E-4,5.416E-5,4.132E-4,3.981E-5,1.541E-5,1.327E-6,6.214E-6,1.464E-6,
0.0,0.0,0.0,0.0,0.0,0.0,0.0,0.0,0.0,0.0,0.0,0.0,0.0,0.0,0.0,0.0,0.0,0.0,0.0,0.0,0.0,0.0,2.8E-6,0.002396,0.02655,0.9006,1.402,0.4633,1.181,0.08199,0.01616,0.002901,0.02221,0.005305,0.0,0.0,0.0,0.0,0.0,0.0,0.0,0.0,0.0,0.0,0.0,0.0,0.0,0.0,0.0,0.0,0.0,0.0,0.0,0.0,0.0,0.0,2.2759999999999997E-22,0.0,4.918,7.729,1.205,19.15,6.441E-4,0.9934,0.001642,0.001818,8.524E-4,0.0,0.0,0.0,0.0,0.0,0.0,0.0,0.0,0.0,0.0,0.0,0.0,0.0,0.0,0.0,0.0,0.0,0.0,0.0,0.0,0.0,0.0,0.0,0.0,0.0,0.0,0.0,0.0,0.0,0.0,0.0,0.0,0.0,0.0,0.0,0.0,0.0,0.0,0.0,0.0,0.0,0.0,0.0,0.0,0.0,0.0,1.0E-4,20160.0,9.55E25,2838.0,3401.0,520.0,201900.0,13840.0,9354.0,707.4,3607.0,1825.0,0.5058,279.5,28.16,99.9,66.86,32.26,10.14,2.545,0.2878,1.1,0.2047,0.01373,1651.0,35.49,65.35,16.0,47.45,2.557,0.1848,0.3387,1.859,0.2055,19.55,0.2961,1.256,3.305,7.502,0.9741,2.86,1.66,0.09577,0.3173,0.07149,0.0,0.0,0.0,0.0,0.0,0.0,0.0,0.0,0.0,0.0,0.0,0.534,0.02839,0.6581,0.9359,0.2714,2.13,2.501,1.244,0.07134,0.331,0.05892,8.128E-6,4.056E-6,2.03E-4,2.635E-4,5.415E-5,4.13E-4,3.969E-5,1.554E-5,1.317E-6,6.202E-6,1.473E-6,
0.0,0.0,0.0,0.0,0.0,0.0,0.0,0.0,0.0,0.0,0.0,0.0,0.0,0.0,0.0,0.0,0.0,0.0,0.0,0.0,0.0,0.0,2.8E-6,0.002396,0.02655,0.9005,1.402,0.4632,1.18,0.08199,0.01615,0.002812,0.02257,0.005012,0.0,0.0,0.0,0.0,0.0,0.0,0.0,0.0,0.0,0.0,0.0,0.0,0.0,0.0,0.0,0.0,0.0,0.0,0.0,0.0,0.0,0.0,2.2759999999999997E-22,0.0,4.919,7.73,1.215,19.15,0.005636,0.9685,0.001206,0.002752,0.007458,0.0,0.0,0.0,0.0,0.0,0.0,0.0,0.0,0.0,0.0,0.0,0.0,0.0,0.0,0.0,0.0,0.0,0.0,0.0,0.0,0.0,0.0,0.0,0.0,0.0,0.0,0.0,0.0,0.0,0.0,0.0,0.0,0.0,0.0,0.0,0.0,0.0,0.0,0.0,0.0,0.0,0.0,0.0,0.0,0.0,0.0,1.0E-4,20160.0,9.55E25,2839.0,3403.0,536.9,201900.0,13850.0,9336.0,688.7,3623.0,1855.0,0.5058,279.5,28.16,99.9,66.87,32.26,10.14,2.51,0.2552,1.132,0.2146,0.01373,1651.0,35.49,65.35,16.0,47.45,2.557,0.1843,0.2805,1.913,0.2069,19.55,0.2961,1.257,3.307,7.513,0.9741,2.864,1.637,0.0861,0.3274,0.07773,0.0,0.0,0.0,0.0,0.0,0.0,0.0,0.0,0.0,0.0,0.0,0.5339,0.02839,0.6583,0.9363,0.2737,2.129,2.502,1.241,0.0692,0.3317,0.05988,8.128E-6,4.056E-6,2.029E-4,2.635E-4,5.417E-5,4.129E-4,3.97E-5,1.551E-5,1.284E-6,6.243E-6,1.457E-6,
0.0,0.0,0.0,0.0,0.0,0.0,0.0,0.0,0.0,0.0,0.0,0.0,0.0,0.0,0.0,0.0,0.0,0.0,0.0,0.0,0.0,0.0,2.8E-6,0.002396,0.02655,0.8909,1.408,0.478,1.169,0.08204,0.01621,0.003179,0.0228,0.004284,0.0,0.0,0.0,0.0,0.0,0.0,0.0,0.0,0.0,0.0,0.0,0.0,0.0,0.0,0.0,0.0,0.0,0.0,0.0,0.0,0.0,0.0,2.2749999999999996E-22,0.0,4.854,7.769,1.316,19.07,0.005593,0.9687,0.001197,0.002731,0.007402,0.0,0.0,0.0,0.0,0.0,0.0,0.0,0.0,0.0,0.0,0.0,0.0,0.0,0.0,0.0,0.0,0.0,0.0,0.0,0.0,0.0,0.0,0.0,0.0,0.0,0.0,0.0,0.0,0.0,0.0,0.0,0.0,0.0,0.0,0.0,0.0,0.0,0.0,0.0,0.0,0.0,0.0,0.0,0.0,0.0,0.0,1.0E-4,20160.0,9.55E25,2839.0,3405.0,536.9,201900.0,13840.0,9342.0,722.8,3589.0,1894.0,0.5058,279.5,28.36,99.77,66.56,32.49,10.13,2.506,0.2184,1.192,0.2097,0.01373,1651.0,35.29,65.45,16.3,47.23,2.555,0.1802,0.2285,1.992,0.1999,19.55,0.2961,1.258,3.304,7.511,0.9752,2.86,1.635,0.07265,0.3507,0.07588,0.0,0.0,0.0,0.0,0.0,0.0,0.0,0.0,0.0,0.0,0.0,0.5339,0.02839,0.657,0.9372,0.2756,2.128,2.5,1.242,0.07107,0.33,0.06065,8.128E-6,4.056E-6,2.023E-4,2.639E-4,5.516E-5,4.121E-4,3.968E-5,1.552E-5,1.343E-6,6.238E-6,1.401E-6,
0.0,0.0,0.0,0.0,0.0,0.0,0.0,0.0,0.0,0.0,0.0,0.0,0.0,0.0,0.0,0.0,0.0,0.0,0.0,0.0,0.0,0.0,2.8E-6,0.002396,0.02655,0.8908,1.408,0.4779,1.168,0.08203,0.01618,0.002848,0.02321,0.00424,0.0,0.0,0.0,0.0,0.0,0.0,0.0,0.0,0.0,0.0,0.0,0.0,0.0,0.0,0.0,0.0,0.0,0.0,0.0,0.0,0.0,0.0,2.2749999999999996E-22,0.0,5.073,8.195,1.419,19.33,0.006196,0.9653,0.001326,0.003025,0.008199,0.0,0.0,0.0,0.0,0.0,0.0,0.0,0.0,0.0,0.0,0.0,0.0,0.0,0.0,0.0,0.0,0.0,0.0,0.0,0.0,0.0,0.0,0.0,0.0,0.0,0.0,0.0,0.0,0.0,0.0,0.0,0.0,0.0,0.0,0.0,0.0,0.0,0.0,0.0,0.0,0.0,0.0,0.0,0.0,0.0,0.0,1.0E-4,20160.0,9.55E25,2839.0,3402.0,544.0,201900.0,13840.0,9328.0,673.6,3648.0,1890.0,0.5058,279.5,28.36,99.78,66.57,32.49,10.14,2.504,0.2202,1.178,0.2096,0.01373,1651.0,35.29,65.46,16.3,47.23,2.56,0.1874,0.2315,1.966,0.1978,19.55,0.2961,1.258,3.306,7.513,0.9752,2.863,1.632,0.07326,0.3466,0.07628,0.0,0.0,0.0,0.0,0.0,0.0,0.0,0.0,0.0,0.0,0.0,0.5339,0.02839,0.6571,0.9366,0.2769,2.127,2.5,1.24,0.06636,0.336,0.06046,8.128E-6,4.056E-6,2.023E-4,2.638E-4,5.525E-5,4.12E-4,3.968E-5,1.55E-5,1.257E-6,6.346E-6,1.394E-6,
0.0,0.0,0.0,0.0,0.0,0.0,0.0,0.0,0.0,0.0,0.0,0.0,0.0,0.0,0.0,0.0,0.0,0.0,0.0,0.0,0.0,0.0,2.8E-6,0.002396,0.02655,0.8907,1.407,0.4778,1.168,0.0822,0.01618,0.002814,0.0232,0.00418,0.0,0.0,0.0,0.0,0.0,0.0,0.0,0.0,0.0,0.0,0.0,0.0,0.0,0.0,0.0,0.0,0.0,0.0,0.0,0.0,0.0,0.0,2.2749999999999996E-22,0.0,5.073,8.195,1.417,19.33,0.005838,0.961,0.008931,0.0027,0.007319,0.0,0.0,0.0,0.0,0.0,0.0,0.0,0.0,0.0,0.0,0.0,0.0,0.0,0.0,0.0,0.0,0.0,0.0,0.0,0.0,0.0,0.0,0.0,0.0,0.0,0.0,0.0,0.0,0.0,0.0,0.0,0.0,0.0,0.0,0.0,0.0,0.0,0.0,0.0,0.0,0.0,0.0,0.0,0.0,0.0,0.0,1.0E-4,20160.0,9.55E25,2838.0,3399.0,535.1,201800.0,13870.0,9316.0,686.1,3658.0,1926.0,0.5058,279.5,28.36,99.78,66.56,32.49,10.15,2.497,0.2195,1.183,0.2048,0.01373,1651.0,35.29,65.46,16.3,47.23,2.582,0.1862,0.2121,1.975,0.1918,19.55,0.2961,1.258,3.306,7.511,0.9752,2.862,1.627,0.07801,0.3492,0.07546,0.0,0.0,0.0,0.0,0.0,0.0,0.0,0.0,0.0,0.0,0.0,0.5339,0.02839,0.6569,0.9364,0.2761,2.127,2.5,1.239,0.06798,0.3365,0.05978,8.127E-6,4.056E-6,2.023E-4,2.638E-4,5.522E-5,4.119E-4,3.972E-5,1.549E-5,1.267E-6,6.345E-6,1.376E-6,
0.0,0.0,0.0,0.0,0.0,0.0,0.0,0.0,0.0,0.0,0.0,0.0,0.0,0.0,0.0,0.0,0.0,0.0,0.0,0.0,0.0,0.0,2.8E-6,0.002396,0.02655,0.8906,1.407,0.4777,1.167,0.08209,0.01628,0.002913,0.02319,0.004135,0.0,0.0,0.0,0.0,0.0,0.0,0.0,0.0,0.0,0.0,0.0,0.0,0.0,0.0,0.0,0.0,0.0,0.0,0.0,0.0,0.0,0.0,2.2749999999999996E-22,0.0,5.072,8.194,1.407,19.33,0.00102,0.995,0.00108,3.266E-4,8.852E-4,0.0,0.0,0.0,0.0,0.0,0.0,0.0,0.0,0.0,0.0,0.0,0.0,0.0,0.0,0.0,0.0,0.0,0.0,0.0,0.0,0.0,0.0,0.0,0.0,0.0,0.0,0.0,0.0,0.0,0.0,0.0,0.0,0.0,0.0,0.0,0.0,0.0,0.0,0.0,0.0,0.0,0.0,0.0,0.0,0.0,0.0,1.0E-4,20160.0,9.55E25,2835.0,3394.0,517.5,201800.0,13860.0,9356.0,695.1,3680.0,1891.0,0.5058,279.5,28.36,99.78,66.55,32.49,10.14,2.535,0.2346,1.178,0.1919,0.01373,1651.0,35.29,65.46,16.3,47.23,2.582,0.1901,0.2404,1.946,0.1918,19.55,0.2961,1.257,3.305,7.501,0.9752,2.853,1.654,0.08043,0.35,0.06652,0.0,0.0,0.0,0.0,0.0,0.0,0.0,0.0,0.0,0.0,0.0,0.5339,0.02839,0.6567,0.9359,0.2737,2.127,2.497,1.245,0.06933,0.3393,0.05654,8.127E-6,4.056E-6,2.022E-4,2.637E-4,5.518E-5,4.118E-4,3.967E-5,1.557E-5,1.287E-6,6.374E-6,1.336E-6,
0.0,0.0,0.0,0.0,0.0,0.0,0.0,0.0,0.0,0.0,0.0,0.0,0.0,0.0,0.0,0.0,0.0,0.0,0.0,0.0,0.0,0.0,2.8E-6,0.002396,0.02655,0.8905,1.407,0.4777,1.167,0.08208,0.01629,0.002883,0.02313,0.00421,0.0,0.0,0.0,0.0,0.0,0.0,0.0,0.0,0.0,0.0,0.0,0.0,0.0,0.0,0.0,0.0,0.0,0.0,0.0,0.0,0.0,0.0,2.2749999999999996E-22,0.0,5.072,8.194,1.407,19.33,0.001206,0.9937,0.001646,3.86E-4,0.001046,0.0,0.0,0.0,0.0,0.0,0.0,0.0,0.0,0.0,0.0,0.0,0.0,0.0,0.0,0.0,0.0,0.0,0.0,0.0,0.0,0.0,0.0,0.0,0.0,0.0,0.0,0.0,0.0,0.0,0.0,0.0,0.0,0.0,0.0,0.0,0.0,0.0,0.0,0.0,0.0,0.0,0.0,0.0,0.0,0.0,0.0,1.0E-4,20160.0,9.55E25,2835.0,3396.0,519.0,201800.0,13860.0,9352.0,691.9,3687.0,1888.0,0.5058,279.5,28.36,99.78,66.55,32.49,10.14,2.532,0.2097,1.198,0.1981,0.01373,1651.0,35.29,65.46,16.3,47.23,2.582,0.1906,0.194,1.979,0.2032,19.55,0.2961,1.257,3.305,7.502,0.9752,2.854,1.652,0.07333,0.3566,0.06809,0.0,0.0,0.0,0.0,0.0,0.0,0.0,0.0,0.0,0.0,0.0,0.5339,0.02839,0.6567,0.9361,0.2739,2.126,2.496,1.244,0.06922,0.339,0.05739,8.127E-6,4.056E-6,2.022E-4,2.637E-4,5.518E-5,4.117E-4,3.966E-5,1.557E-5,1.283E-6,6.365E-6,1.353E-6,
0.0,0.0,0.0,0.0,0.0,0.0,0.0,0.0,0.0,0.0,0.0,0.0,0.0,0.0,0.0,0.0,0.0,0.0,0.0,0.0,0.0,0.0,2.8E-6,0.002396,0.02655,0.8904,1.407,0.4777,1.166,0.08728,0.01096,0.002917,0.02324,0.004162,0.0,0.0,0.0,0.0,0.0,0.0,0.0,0.0,0.0,0.0,0.0,0.0,0.0,0.0,0.0,0.0,0.0,0.0,0.0,0.0,0.0,0.0,2.2749999999999996E-22,0.0,5.073,8.195,1.418,19.33,0.9567,0.006953,0.01172,0.002749,0.007451,0.0,0.0,0.0,0.0,0.0,0.0,0.0,0.0,0.0,0.0,0.0,0.0,0.0,0.0,0.0,0.0,0.0,0.0,0.0,0.0,0.0,0.0,0.0,0.0,0.0,0.0,0.0,0.0,0.0,0.0,0.0,0.0,0.0,0.0,0.0,0.0,0.0,0.0,0.0,0.0,0.0,0.0,0.0,0.0,0.0,0.0,1.0E-4,20160.0,9.55E25,2837.0,3396.0,542.9,201800.0,17020.0,6117.0,715.9,3713.0,1908.0,0.5058,279.5,28.36,99.79,66.56,32.49,11.69,0.9442,0.2349,1.149,0.2164,0.01373,1651.0,35.29,65.49,16.3,47.23,2.694,0.1037,0.2137,1.887,0.2197,19.55,0.2961,1.258,3.311,7.512,0.9752,3.877,0.6027,0.08619,0.3432,0.07695,0.0,0.0,0.0,0.0,0.0,0.0,0.0,0.0,0.0,0.0,0.0,0.5339,0.02839,0.6569,0.9364,0.2772,2.126,2.924,0.8066,0.07233,0.341,0.05836,8.127E-6,4.056E-6,2.022E-4,2.637E-4,5.521E-5,4.116E-4,4.491E-5,1.02E-5,1.32E-6,6.398E-6,1.359E-6,
0.0,0.0,0.0,0.0,0.0,0.0,0.0,0.0,0.0,0.0,0.0,0.0,0.0,0.0,0.0,0.0,0.0,0.0,0.0,0.0,0.0,0.0,2.8E-6,0.002552,0.02655,0.8903,1.407,0.4776,1.166,0.08732,0.01176,0.002141,0.02324,0.003925,0.0,0.0,0.0,0.0,0.0,0.0,0.0,0.0,0.0,0.0,0.0,0.0,0.0,0.0,0.0,0.0,0.0,0.0,0.0,0.0,0.0,0.0,2.2749999999999996E-22,0.0,5.073,8.195,1.418,19.33,0.9567,0.006953,0.01172,0.002749,0.007451,0.0,0.0,0.0,0.0,0.0,0.0,0.0,0.0,0.0,0.0,0.0,0.0,0.0,0.0,0.0,0.0,0.0,0.0,0.0,0.0,0.0,0.0,0.0,0.0,0.0,0.0,0.0,0.0,0.0,0.0,0.0,0.0,0.0,0.0,0.0,0.0,0.0,0.0,0.0,0.0,0.0,0.0,0.0,0.0,0.0,0.0,1.0E-4,20180.0,9.55E25,2836.0,3398.0,543.5,201800.0,17020.0,6241.0,595.6,3738.0,1848.0,0.5098,279.5,28.36,99.58,66.76,32.49,11.69,0.9497,0.209,1.202,0.2033,0.01946,1651.0,35.29,65.16,16.6,47.23,2.685,0.1122,0.1677,1.98,0.1985,19.55,0.2961,1.258,3.301,7.517,0.9752,3.875,0.6043,0.07874,0.3591,0.07255,0.0,0.0,0.0,0.0,0.0,0.0,0.0,0.0,0.0,0.0,0.0,0.5359,0.02839,0.6569,0.9365,0.2772,2.126,2.924,0.8187,0.06086,0.3391,0.0572,8.165E-6,4.056E-6,2.022E-4,2.637E-4,5.521E-5,4.115E-4,4.491E-5,1.042E-5,1.112E-6,6.375E-6,1.323E-6,
0.0,0.0,0.0,0.0,0.0,0.0,0.0,0.0,0.0,0.0,0.0,0.0,0.0,0.0,0.0,0.0,0.0,0.0,0.0,0.0,0.0,0.0,2.8E-6,0.002552,0.02655,0.8902,1.407,0.4776,1.165,0.08726,0.01183,0.002182,0.02323,0.003844,0.0,0.0,0.0,0.0,0.0,0.0,0.0,0.0,0.0,0.0,0.0,0.0,0.0,0.0,0.0,0.0,0.0,0.0,0.0,0.0,0.0,0.0,2.2749999999999996E-22,0.0,5.073,8.195,1.418,19.33,0.9563,0.007002,0.01181,0.002769,0.007504,0.0,0.0,0.0,0.0,0.0,0.0,0.0,0.0,0.0,0.0,0.0,0.0,0.0,0.0,0.0,0.0,0.0,0.0,0.0,0.0,0.0,0.0,0.0,0.0,0.0,0.0,0.0,0.0,0.0,0.0,0.0,0.0,0.0,0.0,0.0,0.0,0.0,0.0,0.0,0.0,0.0,0.0,0.0,0.0,0.0,0.0,1.0E-4,20180.0,9.55E25,2836.0,3398.0,544.1,201800.0,17030.0,6235.0,598.1,3751.0,1835.0,0.5098,279.5,28.36,99.58,66.76,32.49,11.67,0.9477,0.2137,1.211,0.2024,0.01946,1651.0,35.29,65.16,16.6,47.23,2.664,0.1196,0.177,1.974,0.2012,19.55,0.2961,1.258,3.301,7.518,0.9752,3.874,0.6012,0.07886,0.3653,0.07017,0.0,0.0,0.0,0.0,0.0,0.0,0.0,0.0,0.0,0.0,0.0,0.5359,0.02839,0.6568,0.9366,0.2774,2.125,2.923,0.818,0.06102,0.3418,0.05577,8.165E-6,4.056E-6,2.022E-4,2.637E-4,5.52E-5,4.114E-4,4.49E-5,1.041E-5,1.118E-6,6.404E-6,1.3E-6,
0.0,0.0,0.0,0.0,0.0,0.0,0.0,0.0,0.0,0.0,0.0,0.0,0.0,0.0,0.0,0.0,0.0,0.0,0.0,0.0,0.0,0.0,2.8E-6,0.002552,0.02655,0.8901,1.407,0.4776,1.165,0.08728,0.01182,0.002184,0.02323,0.003826,0.0,0.0,0.0,0.0,0.0,0.0,0.0,0.0,0.0,0.0,0.0,0.0,0.0,0.0,0.0,0.0,0.0,0.0,0.0,0.0,0.0,0.0,2.2749999999999996E-22,0.0,5.073,8.195,1.418,19.33,0.9558,0.007096,0.01196,0.002806,0.007605,0.0,0.0,0.0,0.0,0.0,0.0,0.0,0.0,0.0,0.0,0.0,0.0,0.0,0.0,0.0,0.0,0.0,0.0,0.0,0.0,0.0,0.0,0.0,0.0,0.0,0.0,0.0,0.0,0.0,0.0,0.0,0.0,0.0,0.0,0.0,0.0,0.0,0.0,0.0,0.0,0.0,0.0,0.0,0.0,0.0,0.0,1.0E-4,20180.0,9.55E25,2836.0,3399.0,545.2,201800.0,17020.0,6238.0,603.8,3764.0,1811.0,0.5098,279.5,28.36,99.58,66.76,32.49,11.67,0.9465,0.2142,1.215,0.1997,0.01946,1651.0,35.29,65.16,16.6,47.23,2.666,0.1192,0.1767,1.98,0.1953,19.55,0.2961,1.258,3.301,7.518,0.9752,3.872,0.6011,0.07923,0.3665,0.06943,0.0,0.0,0.0,0.0,0.0,0.0,0.0,0.0,0.0,0.0,0.0,0.5359,0.02839,0.6568,0.9368,0.2775,2.125,2.923,0.8179,0.06117,0.3418,0.05561,8.165E-6,4.056E-6,2.022E-4,2.637E-4,5.52E-5,4.113E-4,4.49E-5,1.041E-5,1.12E-6,6.403E-6,1.296E-6,
0.0,0.0,0.0,0.0,0.0,0.0,0.0,0.0,0.0,0.0,0.0,0.0,0.0,0.0,0.0,0.0,0.0,0.0,0.0,0.0,0.0,0.0,2.8E-6,0.002552,0.02655,0.89,1.407,0.4775,1.164,0.08728,0.01181,0.002165,0.02317,0.003951,0.0,0.0,0.0,0.0,0.0,0.0,0.0,0.0,0.0,0.0,0.0,0.0,0.0,0.0,0.0,0.0,0.0,0.0,0.0,0.0,0.0,0.0,2.2749999999999996E-22,0.0,5.073,8.195,1.418,19.33,0.9558,0.007096,0.01196,0.002806,0.007605,0.0,0.0,0.0,0.0,0.0,0.0,0.0,0.0,0.0,0.0,0.0,0.0,0.0,0.0,0.0,0.0,0.0,0.0,0.0,0.0,0.0,0.0,0.0,0.0,0.0,0.0,0.0,0.0,0.0,0.0,0.0,0.0,0.0,0.0,0.0,0.0,0.0,0.0,0.0,0.0,0.0,0.0,0.0,0.0,0.0,0.0,1.0E-4,20180.0,9.55E25,2835.0,3394.0,544.8,201800.0,17020.0,6235.0,602.0,3796.0,1791.0,0.5098,279.5,28.36,99.58,66.76,32.49,11.67,0.9479,0.2134,1.209,0.2072,0.01946,1651.0,35.29,65.16,16.6,47.23,2.663,0.1215,0.1774,1.969,0.2072,19.55,0.2961,1.258,3.301,7.518,0.9752,3.872,0.6015,0.07855,0.3651,0.07193,0.0,0.0,0.0,0.0,0.0,0.0,0.0,0.0,0.0,0.0,0.0,0.5359,0.02839,0.6568,0.9363,0.2775,2.125,2.923,0.8176,0.06052,0.3403,0.05849,8.165E-6,4.056E-6,2.022E-4,2.636E-4,5.518E-5,4.112E-4,4.49E-5,1.04E-5,1.111E-6,6.38E-6,1.342E-6,
0.0,0.0,0.0,0.0,0.0,0.0,0.0,0.0,0.0,0.0,0.0,0.0,0.0,0.0,0.0,0.0,0.0,0.0,0.0,0.0,0.0,0.0,2.8E-6,0.002552,0.02655,0.8899,1.407,0.4773,1.164,0.08752,0.01186,0.002093,0.0232,0.003778,0.0,0.0,0.0,0.0,0.0,0.0,0.0,0.0,0.0,0.0,0.0,0.0,0.0,0.0,0.0,0.0,0.0,0.0,0.0,0.0,0.0,0.0,2.2749999999999996E-22,0.0,5.073,8.202,1.41,19.33,0.9668,0.009744,0.001269,0.007916,6.995E-4,0.0,0.0,0.0,0.0,0.0,0.0,0.0,0.0,0.0,0.0,0.0,0.0,0.0,0.0,0.0,0.0,0.0,0.0,0.0,0.0,0.0,0.0,0.0,0.0,0.0,0.0,0.0,0.0,0.0,0.0,0.0,0.0,0.0,0.0,0.0,0.0,0.0,0.0,0.0,0.0,0.0,0.0,0.0,0.0,0.0,0.0,1.0E-4,20180.0,9.55E25,2837.0,3396.0,505.2,201800.0,17130.0,6253.0,566.3,3798.0,1736.0,0.5098,279.5,28.36,99.55,68.55,32.49,9.997,0.9307,0.1804,1.215,0.169,0.01946,1651.0,35.29,65.15,16.74,47.23,2.531,0.1114,0.164,2.006,0.1997,19.55,0.2961,1.258,3.291,8.449,0.9752,2.995,0.594,0.06115,0.365,0.05286,0.0,0.0,0.0,0.0,0.0,0.0,0.0,0.0,0.0,0.0,0.0,0.5359,0.02839,0.6572,0.9357,0.2714,2.124,2.94,0.8206,0.05481,0.3407,0.05011,8.165E-6,4.056E-6,2.021E-4,2.636E-4,5.51E-5,4.111E-4,4.511E-5,1.044E-5,1.041E-6,6.387E-6,1.234E-6,
0.0,0.0,0.0,0.0,0.0,0.0,0.0,0.0,0.0,0.0,0.0,0.0,0.0,0.0,0.0,0.0,0.0,0.0,0.0,0.0,0.0,0.0,2.8E-6,0.002552,0.02655,0.8898,1.407,0.4773,1.163,0.08754,0.01183,0.00212,0.02325,0.00371,0.0,0.0,0.0,0.0,0.0,0.0,0.0,0.0,0.0,0.0,0.0,0.0,0.0,0.0,0.0,0.0,0.0,0.0,0.0,0.0,0.0,0.0,2.2749999999999996E-22,0.0,5.073,8.202,1.41,19.33,0.9664,0.009846,0.001282,0.007999,7.068E-4,0.0,0.0,0.0,0.0,0.0,0.0,0.0,0.0,0.0,0.0,0.0,0.0,0.0,0.0,0.0,0.0,0.0,0.0,0.0,0.0,0.0,0.0,0.0,0.0,0.0,0.0,0.0,0.0,0.0,0.0,0.0,0.0,0.0,0.0,0.0,0.0,0.0,0.0,0.0,0.0,0.0,0.0,0.0,0.0,0.0,0.0,1.0E-4,20190.0,9.55E25,2837.0,3395.0,507.3,201800.0,17130.0,6244.0,570.5,3818.0,1705.0,0.5098,279.5,28.36,99.57,67.45,32.49,11.1,0.9446,0.1955,1.154,0.1755,0.01946,1651.0,35.29,65.18,16.66,47.23,2.623,0.1385,0.1902,1.898,0.2115,19.55,0.2961,1.258,3.297,7.874,0.9752,3.573,0.5977,0.06583,0.3464,0.05475,0.0,0.0,0.0,0.0,0.0,0.0,0.0,0.0,0.0,0.0,0.0,0.5359,0.02839,0.6571,0.9357,0.2717,2.124,2.94,0.8197,0.05496,0.3413,0.04956,8.165E-6,4.056E-6,2.021E-4,2.636E-4,5.51E-5,4.11E-4,4.511E-5,1.043E-5,1.045E-6,6.399E-6,1.221E-6,
0.0,0.0,0.0,0.0,0.0,0.0,0.0,0.0,0.0,0.0,0.0,0.0,0.0,0.0,0.0,0.0,0.0,0.0,0.0,0.0,0.0,0.0,2.8E-6,0.002552,0.02655,0.8898,1.407,0.4772,1.163,0.08771,0.01179,0.002119,0.02327,0.003599,0.0,0.0,0.0,0.0,0.0,0.0,0.0,0.0,0.0,0.0,0.0,0.0,0.0,0.0,0.0,0.0,0.0,0.0,0.0,0.0,0.0,0.0,2.2749999999999996E-22,0.0,5.073,8.202,1.41,19.33,0.9709,0.003172,0.003385,0.008031,7.096E-4,0.0,0.0,0.0,0.0,0.0,0.0,0.0,0.0,0.0,0.0,0.0,0.0,0.0,0.0,0.0,0.0,0.0,0.0,0.0,0.0,0.0,0.0,0.0,0.0,0.0,0.0,0.0,0.0,0.0,0.0,0.0,0.0,0.0,0.0,0.0,0.0,0.0,0.0,0.0,0.0,0.0,0.0,0.0,0.0,0.0,0.0,1.0E-4,20190.0,9.55E25,2902.0,3566.0,504.8,201500.0,17150.0,6217.0,587.0,3820.0,1772.0,0.5098,279.5,28.37,99.59,68.55,32.47,10.02,0.9293,0.2,1.151,0.1733,0.01946,1651.0,35.29,65.18,16.74,47.23,2.555,0.1369,0.1864,1.893,0.2083,19.55,0.2961,1.258,3.297,8.453,0.9748,2.999,0.5892,0.06963,0.3463,0.05466,0.0,0.0,0.0,0.0,0.0,0.0,0.0,0.0,0.0,0.0,0.0,0.5358,0.02839,0.6564,0.9337,0.2714,2.127,2.941,0.8157,0.058,0.3412,0.04939,8.164E-6,4.056E-6,2.02E-4,2.632E-4,5.508E-5,4.115E-4,4.515E-5,1.038E-5,1.076E-6,6.397E-6,1.207E-6,
0.0,0.0,0.0,0.0,0.0,0.0,0.0,0.0,0.0,0.0,0.0,0.0,0.0,0.0,0.0,0.0,0.0,0.0,0.0,0.0,0.0,0.0,2.8E-6,0.002552,0.02655,0.8896,1.406,0.4771,1.162,0.08837,0.01116,0.002242,0.02323,0.003484,0.0,0.0,0.0,0.0,0.0,0.0,0.0,0.0,0.0,0.0,0.0,0.0,0.0,0.0,0.0,0.0,0.0,0.0,0.0,0.0,0.0,0.0,2.2749999999999996E-22,0.0,5.073,8.202,1.41,19.33,0.9709,0.003172,0.003385,0.008031,7.096E-4,0.0,0.0,0.0,0.0,0.0,0.0,0.0,0.0,0.0,0.0,0.0,0.0,0.0,0.0,0.0,0.0,0.0,0.0,0.0,0.0,0.0,0.0,0.0,0.0,0.0,0.0,0.0,0.0,0.0,0.0,0.0,0.0,0.0,0.0,0.0,0.0,0.0,0.0,0.0,0.0,0.0,0.0,0.0,0.0,0.0,0.0,1.0E-4,20200.0,9.55E25,2900.0,3565.0,509.0,201500.0,17170.0,6194.0,606.2,3806.0,1809.0,0.5098,279.5,28.36,98.95,67.66,32.47,11.24,1.207,0.1921,1.207,0.1665,0.01946,1651.0,35.26,65.17,16.63,47.23,2.649,0.1295,0.1726,1.986,0.1969,19.55,0.2961,1.258,3.272,7.677,0.9748,3.637,0.7385,0.06726,0.3644,0.05253,0.0,0.0,0.0,0.0,0.0,0.0,0.0,0.0,0.0,0.0,0.0,0.5358,0.02839,0.6557,0.9336,0.2726,2.126,2.942,0.8144,0.05973,0.3401,0.0491,8.164E-6,4.056E-6,2.017E-4,2.633E-4,5.517E-5,4.114E-4,4.527E-5,1.026E-5,1.108E-6,6.38E-6,1.193E-6,
0.0,0.0,0.0,0.0,0.0,0.0,0.0,0.0,0.0,0.0,0.0,0.0,0.0,0.0,0.0,0.0,0.0,0.0,0.0,0.0,0.0,0.0,2.8E-6,0.002552,0.02655,0.8895,1.406,0.4771,1.162,0.08836,0.01117,0.002107,0.02356,0.003305,0.0,0.0,0.0,0.0,0.0,0.0,0.0,0.0,0.0,0.0,0.0,0.0,0.0,0.0,0.0,0.0,0.0,0.0,0.0,0.0,0.0,0.0,2.2749999999999996E-22,0.0,5.073,8.202,1.41,19.33,0.9706,0.003206,0.003421,0.008116,7.172E-4,0.0,0.0,0.0,0.0,0.0,0.0,0.0,0.0,0.0,0.0,0.0,0.0,0.0,0.0,0.0,0.0,0.0,0.0,0.0,0.0,0.0,0.0,0.0,0.0,0.0,0.0,0.0,0.0,0.0,0.0,0.0,0.0,0.0,0.0,0.0,0.0,0.0,0.0,0.0,0.0,0.0,0.0,0.0,0.0,0.0,0.0,1.0E-4,20210.0,9.55E25,2899.0,3561.0,510.5,201500.0,17160.0,6208.0,581.6,3840.0,1787.0,0.5098,279.5,28.36,98.97,67.9,32.47,10.76,1.466,0.1895,1.159,0.1702,0.01946,1651.0,35.26,65.21,16.65,47.23,2.62,0.1774,0.1731,1.902,0.2036,19.55,0.2961,1.258,3.279,7.802,0.9748,3.388,0.8704,0.06592,0.3499,0.05361,0.0,0.0,0.0,0.0,0.0,0.0,0.0,0.0,0.0,0.0,0.0,0.5358,0.02839,0.6556,0.9333,0.2728,2.126,2.94,0.8171,0.05636,0.3436,0.0478,8.164E-6,4.056E-6,2.017E-4,2.633E-4,5.516E-5,4.112E-4,4.525E-5,1.029E-5,1.057E-6,6.452E-6,1.161E-6,
0.0,0.0,0.0,0.0,0.0,0.0,0.0,0.0,0.0,0.0,0.0,0.0,0.0,0.0,0.0,0.0,0.0,0.0,0.0,0.0,0.0,0.0,2.8E-6,0.002552,0.02655,0.8894,1.406,0.477,1.161,0.08835,0.01117,0.002108,0.02357,0.003305,0.0,0.0,0.0,0.0,0.0,0.0,0.0,0.0,0.0,0.0,0.0,0.0,0.0,0.0,0.0,0.0,0.0,0.0,0.0,0.0,0.0,0.0,2.2749999999999996E-22,0.0,5.073,8.202,1.41,19.33,0.9703,0.00324,0.003458,0.008203,7.248E-4,0.0,0.0,0.0,0.0,0.0,0.0,0.0,0.0,0.0,0.0,0.0,0.0,0.0,0.0,0.0,0.0,0.0,0.0,0.0,0.0,0.0,0.0,0.0,0.0,0.0,0.0,0.0,0.0,0.0,0.0,0.0,0.0,0.0,0.0,0.0,0.0,0.0,0.0,0.0,0.0,0.0,0.0,0.0,0.0,0.0,0.0,1.0E-4,20210.0,9.55E25,2898.0,3561.0,510.4,201500.0,17160.0,6208.0,582.4,3842.0,1785.0,0.5098,279.5,28.36,98.97,67.84,32.47,11.26,0.9258,0.287,1.159,0.1703,0.01946,1651.0,35.26,65.21,16.64,47.23,2.658,0.1354,0.1807,1.902,0.2036,19.55,0.2961,1.258,3.279,7.775,0.9748,3.646,0.5878,0.1171,0.35,0.05361,0.0,0.0,0.0,0.0,0.0,0.0,0.0,0.0,0.0,0.0,0.0,0.5358,0.02839,0.6556,0.9333,0.2728,2.125,2.94,0.8172,0.05645,0.3437,0.04781,8.164E-6,4.056E-6,2.017E-4,2.633E-4,5.515E-5,4.111E-4,4.524E-5,1.029E-5,1.058E-6,6.453E-6,1.162E-6,
0.0,0.0,0.0,0.0,0.0,0.0,0.0,0.0,0.0,0.0,0.0,0.0,0.0,0.0,0.0,0.0,0.0,0.0,0.0,0.0,0.0,0.0,2.8E-6,0.002552,0.02655,0.8893,1.406,0.477,1.16,0.08836,0.01117,0.002092,0.02356,0.003305,0.0,0.0,0.0,0.0,0.0,0.0,0.0,0.0,0.0,0.0,0.0,0.0,0.0,0.0,0.0,0.0,0.0,0.0,0.0,0.0,0.0,0.0,2.2749999999999996E-22,0.0,5.073,8.202,1.41,19.33,0.9703,0.00324,0.003458,0.008203,7.248E-4,0.0,0.0,0.0,0.0,0.0,0.0,0.0,0.0,0.0,0.0,0.0,0.0,0.0,0.0,0.0,0.0,0.0,0.0,0.0,0.0,0.0,0.0,0.0,0.0,0.0,0.0,0.0,0.0,0.0,0.0,0.0,0.0,0.0,0.0,0.0,0.0,0.0,0.0,0.0,0.0,0.0,0.0,0.0,0.0,0.0,0.0,1.0E-4,20210.0,9.55E25,2898.0,3560.0,510.8,201500.0,17170.0,6197.0,585.8,3853.0,1770.0,0.5098,279.5,28.36,98.77,68.04,32.47,11.26,0.9239,0.2865,1.159,0.1702,0.01946,1651.0,35.26,64.9,16.95,47.23,2.658,0.1366,0.1794,1.902,0.2037,19.55,0.2961,1.258,3.273,7.781,0.9748,3.648,0.5864,0.117,0.3499,0.05357,0.0,0.0,0.0,0.0,0.0,0.0,0.0,0.0,0.0,0.0,0.0,0.5358,0.02839,0.6555,0.9332,0.2728,2.125,2.941,0.8158,0.05646,0.3437,0.04776,8.164E-6,4.056E-6,2.017E-4,2.633E-4,5.515E-5,4.11E-4,4.526E-5,1.028E-5,1.057E-6,6.452E-6,1.161E-6,
0.0,0.0,0.0,0.0,0.0,0.0,0.0,0.0,0.0,0.0,0.0,0.0,0.0,0.0,0.0,0.0,0.0,0.0,0.0,0.0,0.0,0.0,2.8E-6,0.002552,0.02655,0.8892,1.406,0.4769,1.16,0.08831,0.01122,0.00209,0.02357,0.003307,0.0,0.0,0.0,0.0,0.0,0.0,0.0,0.0,0.0,0.0,0.0,0.0,0.0,0.0,0.0,0.0,0.0,0.0,0.0,0.0,0.0,0.0,2.2749999999999996E-22,0.0,5.073,8.203,1.41,19.33,0.97,0.003275,0.003495,0.008292,7.327E-4,0.0,0.0,0.0,0.0,0.0,0.0,0.0,0.0,0.0,0.0,0.0,0.0,0.0,0.0,0.0,0.0,0.0,0.0,0.0,0.0,0.0,0.0,0.0,0.0,0.0,0.0,0.0,0.0,0.0,0.0,0.0,0.0,0.0,0.0,0.0,0.0,0.0,0.0,0.0,0.0,0.0,0.0,0.0,0.0,0.0,0.0,1.0E-4,20210.0,9.55E25,2898.0,3559.0,511.1,201500.0,17150.0,6210.0,592.1,3856.0,1764.0,0.5098,279.5,28.36,98.77,68.04,32.47,11.25,0.9255,0.2877,1.16,0.1707,0.01946,1651.0,35.26,64.9,16.95,47.23,2.659,0.1365,0.1784,1.902,0.2037,19.55,0.2961,1.258,3.273,7.781,0.9748,3.644,0.5873,0.1183,0.3504,0.05403,0.0,0.0,0.0,0.0,0.0,0.0,0.0,0.0,0.0,0.0,0.0,0.5358,0.02839,0.6555,0.9332,0.2729,2.125,2.937,0.8185,0.05704,0.344,0.04812,8.164E-6,4.056E-6,2.017E-4,2.632E-4,5.514E-5,4.109E-4,4.522E-5,1.031E-5,1.06E-6,6.457E-6,1.165E-6,
0.0,0.0,0.0,0.0,0.0,0.0,0.0,0.0,0.0,0.0,0.0,0.0,0.0,0.0,0.0,0.0,0.0,0.0,0.0,0.0,0.0,0.0,2.8E-6,0.002552,0.02655,0.8891,1.406,0.4769,1.159,0.08838,0.01133,0.002082,0.02365,0.003152,0.0,0.0,0.0,0.0,0.0,0.0,0.0,0.0,0.0,0.0,0.0,0.0,0.0,0.0,0.0,0.0,0.0,0.0,0.0,0.0,0.0,0.0,2.2749999999999996E-22,0.0,5.072,8.199,1.408,19.33,0.9783,0.005483,0.003176,0.004652,4.111E-4,0.0,0.0,0.0,0.0,0.0,0.0,0.0,0.0,0.0,0.0,0.0,0.0,0.0,0.0,0.0,0.0,0.0,0.0,0.0,0.0,0.0,0.0,0.0,0.0,0.0,0.0,0.0,0.0,0.0,0.0,0.0,0.0,0.0,0.0,0.0,0.0,0.0,0.0,0.0,0.0,0.0,0.0,0.0,0.0,0.0,0.0,1.0E-4,20210.0,9.55E25,2895.0,3535.0,496.5,201500.0,17200.0,6236.0,590.2,3838.0,1751.0,0.5098,279.5,28.36,98.75,69.37,32.47,10.04,0.9179,0.2078,1.114,0.2211,0.01946,1651.0,35.26,64.88,17.05,47.23,2.561,0.1154,0.2033,1.834,0.2925,19.55,0.2961,1.257,3.264,8.477,0.9748,3.006,0.5858,0.0723,0.3347,0.06915,0.0,0.0,0.0,0.0,0.0,0.0,0.0,0.0,0.0,0.0,0.0,0.5358,0.02839,0.6551,0.9294,0.2705,2.125,2.944,0.8229,0.05599,0.34,0.04832,8.164E-6,4.056E-6,2.017E-4,2.632E-4,5.511E-5,4.109E-4,4.53E-5,1.037E-5,1.048E-6,6.419E-6,1.153E-6,
0.0,0.0,0.0,0.0,0.0,0.0,0.0,0.0,0.0,0.0,0.0,0.0,0.0,0.0,0.0,0.0,0.0,0.0,0.0,0.0,0.0,0.0,2.8E-6,0.002552,0.02655,0.889,1.406,0.4768,1.159,0.08811,0.0114,0.002096,0.02384,0.00306,0.0,0.0,0.0,0.0,0.0,0.0,0.0,0.0,0.0,0.0,0.0,0.0,0.0,0.0,0.0,0.0,0.0,0.0,0.0,0.0,0.0,0.0,2.2749999999999996E-22,0.0,5.118,8.323,1.41,20.16,0.9614,0.009748,0.005646,0.00827,7.308E-4,0.0,0.0,0.0,0.0,0.0,0.0,0.0,0.0,0.0,0.0,0.0,0.0,0.0,0.0,0.0,0.0,0.0,0.0,0.0,0.0,0.0,0.0,0.0,0.0,0.0,0.0,0.0,0.0,0.0,0.0,0.0,0.0,0.0,0.0,0.0,0.0,0.0,0.0,0.0,0.0,0.0,0.0,0.0,0.0,0.0,0.0,1.0E-4,20210.0,9.55E25,2897.0,3557.0,507.0,201500.0,17110.0,6252.0,599.1,3879.0,1767.0,0.5098,279.5,28.36,98.76,69.37,32.47,10.0,0.9266,0.2128,1.171,0.1677,0.01946,1651.0,35.26,64.88,17.05,47.23,2.558,0.1216,0.2021,1.917,0.1997,19.55,0.2961,1.258,3.27,8.479,0.9748,2.989,0.5888,0.07505,0.355,0.05238,0.0,0.0,0.0,0.0,0.0,0.0,0.0,0.0,0.0,0.0,0.0,0.5358,0.02839,0.6554,0.933,0.2722,2.124,2.929,0.8258,0.05777,0.3457,0.0473,8.164E-6,4.056E-6,2.016E-4,2.632E-4,5.512E-5,4.108E-4,4.511E-5,1.041E-5,1.068E-6,6.499E-6,1.132E-6,
0.0,0.0,0.0,0.0,0.0,0.0,0.0,0.0,0.0,0.0,0.0,0.0,0.0,0.0,0.0,0.0,0.0,0.0,0.0,0.0,0.0,0.0,2.8E-6,0.002551,0.02655,0.8889,1.391,0.4921,1.158,0.08802,0.01149,0.002109,0.02374,0.003135,0.0,0.0,0.0,0.0,0.0,0.0,0.0,0.0,0.0,0.0,0.0,0.0,0.0,0.0,0.0,0.0,0.0,0.0,0.0,0.0,0.0,0.0,2.2739999999999996E-22,0.0,5.118,8.323,1.41,20.16,0.961,0.009855,0.005708,0.008361,7.388E-4,0.0,0.0,0.0,0.0,0.0,0.0,0.0,0.0,0.0,0.0,0.0,0.0,0.0,0.0,0.0,0.0,0.0,0.0,0.0,0.0,0.0,0.0,0.0,0.0,0.0,0.0,0.0,0.0,0.0,0.0,0.0,0.0,0.0,0.0,0.0,0.0,0.0,0.0,0.0,0.0,0.0,0.0,0.0,0.0,0.0,0.0,1.0E-4,20210.0,9.55E25,2894.0,3557.0,510.6,201500.0,17120.0,6248.0,596.5,3893.0,1949.0,0.5098,279.5,28.36,98.28,69.85,32.47,10.0,0.9222,0.1869,1.203,0.169,0.01946,1651.0,35.26,64.45,17.48,47.23,2.557,0.1172,0.161,1.968,0.2024,19.55,0.2961,1.258,3.263,8.485,0.9748,2.989,0.5867,0.06631,0.366,0.05283,0.0,0.0,0.0,0.0,0.0,0.0,0.0,0.0,0.0,0.0,0.0,0.5357,0.02839,0.6546,0.9333,0.273,2.124,2.929,0.8254,0.05746,0.3451,0.04873,8.162E-6,4.056E-6,2.014E-4,2.631E-4,5.542E-5,4.107E-4,4.509E-5,1.042E-5,1.066E-6,6.482E-6,1.156E-6,
0.0,0.0,0.0,0.0,0.0,0.0,0.0,0.0,0.0,0.0,0.0,0.0,0.0,0.0,0.0,0.0,0.0,0.0,0.0,0.0,0.0,0.0,2.8E-6,0.002551,0.02655,0.8889,1.391,0.492,1.158,0.0879,0.01157,0.00214,0.02369,0.003198,0.0,0.0,0.0,0.0,0.0,0.0,0.0,0.0,0.0,0.0,0.0,0.0,0.0,0.0,0.0,0.0,0.0,0.0,0.0,0.0,0.0,0.0,2.2739999999999996E-22,0.0,5.118,8.323,1.41,20.16,0.961,0.009855,0.005708,0.008361,7.388E-4,0.0,0.0,0.0,0.0,0.0,0.0,0.0,0.0,0.0,0.0,0.0,0.0,0.0,0.0,0.0,0.0,0.0,0.0,0.0,0.0,0.0,0.0,0.0,0.0,0.0,0.0,0.0,0.0,0.0,0.0,0.0,0.0,0.0,0.0,0.0,0.0,0.0,0.0,0.0,0.0,0.0,0.0,0.0,0.0,0.0,0.0,1.0E-4,20210.0,9.55E25,2894.0,3557.0,510.6,201500.0,17110.0,6260.0,596.4,3885.0,1952.0,0.5098,279.5,28.36,98.28,69.85,32.47,10.0,0.9255,0.1846,1.202,0.1704,0.01946,1651.0,35.26,64.45,17.48,47.23,2.555,0.1187,0.1601,1.964,0.2065,19.55,0.2961,1.258,3.263,8.485,0.9748,2.989,0.5874,0.06571,0.3661,0.05299,0.0,0.0,0.0,0.0,0.0,0.0,0.0,0.0,0.0,0.0,0.0,0.5357,0.02839,0.6546,0.9332,0.273,2.124,2.927,0.8274,0.05674,0.3448,0.0494,8.162E-6,4.056E-6,2.014E-4,2.631E-4,5.541E-5,4.106E-4,4.506E-5,1.045E-5,1.064E-6,6.474E-6,1.171E-6,
0.0,0.0,0.0,0.0,0.0,0.0,0.0,0.0,0.0,0.0,0.0,0.0,0.0,0.0,0.0,0.0,0.0,0.0,0.0,0.0,0.0,0.0,2.8E-6,0.002551,0.02655,0.8887,1.387,0.4954,1.157,0.08781,0.01166,0.002243,0.02365,0.003133,0.0,0.0,0.0,0.0,0.0,0.0,0.0,0.0,0.0,0.0,0.0,0.0,0.0,0.0,0.0,0.0,0.0,0.0,0.0,0.0,0.0,0.0,2.2739999999999996E-22,0.0,5.118,8.323,1.41,20.16,0.961,0.009855,0.005708,0.008361,7.388E-4,0.0,0.0,0.0,0.0,0.0,0.0,0.0,0.0,0.0,0.0,0.0,0.0,0.0,0.0,0.0,0.0,0.0,0.0,0.0,0.0,0.0,0.0,0.0,0.0,0.0,0.0,0.0,0.0,0.0,0.0,0.0,0.0,0.0,0.0,0.0,0.0,0.0,0.0,0.0,0.0,0.0,0.0,0.0,0.0,0.0,0.0,1.0E-4,20210.0,9.55E25,2893.0,3555.0,511.4,201500.0,17090.0,6277.0,606.7,3884.0,1955.0,0.5098,279.5,28.36,98.11,70.02,32.47,9.998,0.93,0.1859,1.2,0.1706,0.01946,1651.0,35.26,64.18,17.75,47.23,2.556,0.1189,0.1621,1.96,0.2069,19.55,0.2961,1.258,3.256,8.492,0.9748,2.989,0.5876,0.06614,0.3654,0.05306,0.0,0.0,0.0,0.0,0.0,0.0,0.0,0.0,0.0,0.0,0.0,0.5357,0.02839,0.6545,0.9326,0.2735,2.123,2.922,0.8328,0.05733,0.345,0.04857,8.162E-6,4.056E-6,2.014E-4,2.629E-4,5.561E-5,4.105E-4,4.499E-5,1.051E-5,1.08E-6,6.473E-6,1.155E-6,
0.0,0.0,0.0,0.0,0.0,0.0,0.0,0.0,0.0,0.0,0.0,0.0,0.0,0.0,0.0,0.0,0.0,0.0,0.0,0.0,0.0,0.0,2.8E-6,0.002551,0.02655,0.8886,1.387,0.4953,1.156,0.08765,0.01183,0.002269,0.02353,0.003224,0.0,0.0,0.0,0.0,0.0,0.0,0.0,0.0,0.0,0.0,0.0,0.0,0.0,0.0,0.0,0.0,0.0,0.0,0.0,0.0,0.0,0.0,2.2739999999999996E-22,0.0,5.118,8.324,1.41,20.16,0.9605,0.009963,0.005771,0.008453,7.469E-4,0.0,0.0,0.0,0.0,0.0,0.0,0.0,0.0,0.0,0.0,0.0,0.0,0.0,0.0,0.0,0.0,0.0,0.0,0.0,0.0,0.0,0.0,0.0,0.0,0.0,0.0,0.0,0.0,0.0,0.0,0.0,0.0,0.0,0.0,0.0,0.0,0.0,0.0,0.0,0.0,0.0,0.0,0.0,0.0,0.0,0.0,1.0E-4,20210.0,9.55E25,2893.0,3553.0,511.5,201500.0,17070.0,6305.0,600.1,3914.0,1926.0,0.5098,279.5,28.36,98.11,70.02,32.47,9.989,0.9379,0.2179,1.121,0.2195,0.01946,1651.0,35.26,64.18,17.75,47.23,2.558,0.1213,0.2147,1.819,0.2915,19.55,0.2961,1.258,3.256,8.492,0.9748,2.988,0.5868,0.0762,0.3419,0.0681,0.0,0.0,0.0,0.0,0.0,0.0,0.0,0.0,0.0,0.0,0.0,0.5357,0.02839,0.6545,0.9325,0.2735,2.123,2.911,0.8422,0.05759,0.3443,0.04997,8.162E-6,4.056E-6,2.013E-4,2.629E-4,5.561E-5,4.104E-4,4.487E-5,1.065E-5,1.063E-6,6.452E-6,1.18E-6,
0.0,0.0,0.0,0.0,0.0,0.0,0.0,0.0,0.0,0.0,0.0,0.0,0.0,0.0,0.0,0.0,0.0,0.0,0.0,0.0,0.0,0.0,2.8E-6,0.002551,0.02655,0.8885,1.387,0.4953,1.156,0.08752,0.01196,0.00227,0.02362,0.003138,0.0,0.0,0.0,0.0,0.0,0.0,0.0,0.0,0.0,0.0,0.0,0.0,0.0,0.0,0.0,0.0,0.0,0.0,0.0,0.0,0.0,0.0,2.2739999999999996E-22,0.0,5.118,8.324,1.41,20.16,0.9605,0.009963,0.005771,0.008453,7.469E-4,0.0,0.0,0.0,0.0,0.0,0.0,0.0,0.0,0.0,0.0,0.0,0.0,0.0,0.0,0.0,0.0,0.0,0.0,0.0,0.0,0.0,0.0,0.0,0.0,0.0,0.0,0.0,0.0,0.0,0.0,0.0,0.0,0.0,0.0,0.0,0.0,0.0,0.0,0.0,0.0,0.0,0.0,0.0,0.0,0.0,0.0,1.0E-4,20200.0,9.55E25,2892.0,3551.0,512.8,201500.0,17000.0,6375.0,597.4,3966.0,1900.0,0.5098,279.5,28.36,98.08,70.05,32.47,9.989,0.9396,0.2261,1.162,0.1664,0.01946,1651.0,35.26,64.03,17.9,47.23,2.559,0.1259,0.2274,1.889,0.2006,19.55,0.2961,1.258,3.255,8.494,0.9748,2.988,0.5874,0.07886,0.3549,0.05146,0.0,0.0,0.0,0.0,0.0,0.0,0.0,0.0,0.0,0.0,0.0,0.5357,0.02839,0.6544,0.931,0.2749,2.123,2.902,0.8513,0.05762,0.3454,0.04901,8.162E-6,4.056E-6,2.013E-4,2.624E-4,5.608E-5,4.103E-4,4.476E-5,1.077E-5,1.053E-6,6.473E-6,1.161E-6,
0.0,0.0,0.0,0.0,0.0,0.0,0.0,0.0,0.0,0.0,0.0,0.0,0.0,0.0,0.0,0.0,0.0,0.0,0.0,0.0,0.0,0.0,2.8E-6,0.002551,0.02655,0.8885,1.387,0.4953,1.155,0.0875,0.01198,0.002213,0.02376,0.003047,0.0,0.0,0.0,0.0,0.0,0.0,0.0,0.0,0.0,0.0,0.0,0.0,0.0,0.0,0.0,0.0,0.0,0.0,0.0,0.0,0.0,0.0,2.2739999999999996E-22,0.0,5.118,8.324,1.41,20.16,0.9601,0.01007,0.005835,0.008547,7.553E-4,0.0,0.0,0.0,0.0,0.0,0.0,0.0,0.0,0.0,0.0,0.0,0.0,0.0,0.0,0.0,0.0,0.0,0.0,0.0,0.0,0.0,0.0,0.0,0.0,0.0,0.0,0.0,0.0,0.0,0.0,0.0,0.0,0.0,0.0,0.0,0.0,0.0,0.0,0.0,0.0,0.0,0.0,0.0,0.0,0.0,0.0,1.0E-4,20200.0,9.55E25,2892.0,3550.0,513.1,201500.0,16990.0,6384.0,601.6,3967.0,1892.0,0.5098,279.5,28.36,98.08,70.05,32.47,9.99,0.942,0.2353,1.15,0.1682,0.01946,1651.0,35.26,64.03,17.9,47.23,2.558,0.1334,0.2429,1.865,0.2061,19.55,0.2961,1.258,3.255,8.494,0.9748,2.989,0.5874,0.0818,0.3516,0.05141,0.0,0.0,0.0,0.0,0.0,0.0,0.0,0.0,0.0,0.0,0.0,0.5357,0.02839,0.6544,0.931,0.275,2.122,2.901,0.8526,0.05759,0.344,0.05032,8.162E-6,4.056E-6,2.013E-4,2.624E-4,5.608E-5,4.102E-4,4.474E-5,1.079E-5,1.048E-6,6.469E-6,1.169E-6,
0.0,0.0,0.0,0.0,0.0,0.0,0.0,0.0,0.0,0.0,0.0,0.0,0.0,0.0,0.0,0.0,0.0,0.0,0.0,0.0,0.0,0.0,2.8E-6,0.002551,0.02655,0.8883,1.387,0.4952,1.155,0.08749,0.01198,0.002256,0.02373,0.003047,0.0,0.0,0.0,0.0,0.0,0.0,0.0,0.0,0.0,0.0,0.0,0.0,0.0,0.0,0.0,0.0,0.0,0.0,0.0,0.0,0.0,0.0,2.2739999999999996E-22,0.0,5.118,8.324,1.41,20.16,0.9596,0.01019,0.005901,0.008644,7.638E-4,0.0,0.0,0.0,0.0,0.0,0.0,0.0,0.0,0.0,0.0,0.0,0.0,0.0,0.0,0.0,0.0,0.0,0.0,0.0,0.0,0.0,0.0,0.0,0.0,0.0,0.0,0.0,0.0,0.0,0.0,0.0,0.0,0.0,0.0,0.0,0.0,0.0,0.0,0.0,0.0,0.0,0.0,0.0,0.0,0.0,0.0,1.0E-4,20200.0,9.55E25,2880.0,3550.0,513.3,201500.0,16990.0,6384.0,610.1,3982.0,1871.0,0.5098,279.5,28.32,98.08,70.05,32.52,9.99,0.934,0.1861,1.206,0.1682,0.01946,1651.0,35.03,64.03,17.9,47.45,2.558,0.1205,0.1578,1.962,0.2062,19.55,0.2961,1.256,3.255,8.494,0.9764,2.989,0.5847,0.06654,0.3691,0.05141,0.0,0.0,0.0,0.0,0.0,0.0,0.0,0.0,0.0,0.0,0.0,0.5357,0.02839,0.6497,0.931,0.275,2.126,2.9,0.8527,0.0582,0.3437,0.0503,8.162E-6,4.056E-6,1.997E-4,2.623E-4,5.607E-5,4.117E-4,4.473E-5,1.079E-5,1.059E-6,6.463E-6,1.168E-6,
0.0,0.0,0.0,0.0,0.0,0.0,0.0,0.0,0.0,0.0,0.0,0.0,0.0,0.0,0.0,0.0,0.0,0.0,0.0,0.0,0.0,0.0,2.8E-6,0.002551,0.02655,0.8883,1.387,0.4952,1.155,0.08714,0.01238,0.002179,0.02368,0.003112,0.0,0.0,0.0,0.0,0.0,0.0,0.0,0.0,0.0,0.0,0.0,0.0,0.0,0.0,0.0,0.0,0.0,0.0,0.0,0.0,0.0,0.0,2.2739999999999996E-22,0.0,5.28,8.363,1.561,20.81,0.9629,0.004759,0.008142,0.008626,7.622E-4,0.0,0.0,0.0,0.0,0.0,0.0,0.0,0.0,0.0,0.0,0.0,0.0,0.0,0.0,0.0,0.0,0.0,0.0,0.0,0.0,0.0,0.0,0.0,0.0,0.0,0.0,0.0,0.0,0.0,0.0,0.0,0.0,0.0,0.0,0.0,0.0,0.0,0.0,0.0,0.0,0.0,0.0,0.0,0.0,0.0,0.0,1.0E-4,20210.0,9.55E25,2879.0,3549.0,513.3,201500.0,17010.0,6361.0,614.9,3973.0,1872.0,0.5098,279.5,28.32,98.08,70.05,32.52,9.948,0.9623,0.1955,1.206,0.1715,0.01946,1651.0,35.03,64.03,17.9,47.45,2.484,0.1926,0.1544,1.961,0.2118,19.55,0.2961,1.256,3.255,8.494,0.9764,2.992,0.5749,0.07252,0.3689,0.05216,0.0,0.0,0.0,0.0,0.0,0.0,0.0,0.0,0.0,0.0,0.0,0.5357,0.02839,0.6496,0.931,0.275,2.126,2.903,0.8477,0.06056,0.3428,0.05111,8.162E-6,4.056E-6,1.996E-4,2.623E-4,5.607E-5,4.116E-4,4.47E-5,1.08E-5,1.077E-6,6.449E-6,1.184E-6,
0.0,0.0,0.0,0.0,0.0,0.0,0.0,0.0,0.0,0.0,0.0,0.0,0.0,0.0,0.0,0.0,0.0,0.0,0.0,0.0,0.0,0.0,2.8E-6,0.002551,0.02655,0.8882,1.386,0.4952,1.154,0.08715,0.0124,0.002225,0.02361,0.003112,0.0,0.0,0.0,0.0,0.0,0.0,0.0,0.0,0.0,0.0,0.0,0.0,0.0,0.0,0.0,0.0,0.0,0.0,0.0,0.0,0.0,0.0,2.2739999999999996E-22,0.0,5.28,8.363,1.561,20.81,0.9629,0.004759,0.008142,0.008626,7.622E-4,0.0,0.0,0.0,0.0,0.0,0.0,0.0,0.0,0.0,0.0,0.0,0.0,0.0,0.0,0.0,0.0,0.0,0.0,0.0,0.0,0.0,0.0,0.0,0.0,0.0,0.0,0.0,0.0,0.0,0.0,0.0,0.0,0.0,0.0,0.0,0.0,0.0,0.0,0.0,0.0,0.0,0.0,0.0,0.0,0.0,0.0,1.0E-4,20210.0,9.55E25,2879.0,3548.0,513.3,201400.0,17010.0,6331.0,654.6,3988.0,1848.0,0.5098,279.5,28.32,98.08,70.05,32.52,9.949,0.9546,0.2047,1.203,0.1717,0.01946,1651.0,35.03,64.03,17.9,47.45,2.485,0.1961,0.1553,1.955,0.212,19.55,0.2961,1.256,3.255,8.494,0.9764,2.993,0.569,0.07831,0.3681,0.05218,0.0,0.0,0.0,0.0,0.0,0.0,0.0,0.0,0.0,0.0,0.0,0.5357,0.02839,0.6496,0.9309,0.275,2.126,2.903,0.8412,0.068,0.3422,0.0511,8.162E-6,4.056E-6,1.996E-4,2.623E-4,5.607E-5,4.115E-4,4.47E-5,1.073E-5,1.164E-6,6.435E-6,1.184E-6,
0.0,0.0,0.0,0.0,0.0,0.0,0.0,0.0,0.0,0.0,0.0,0.0,0.0,0.0,0.0,0.0,0.0,0.0,0.0,0.0,0.0,0.0,2.8E-6,0.002551,0.02655,0.8882,1.386,0.4952,1.154,0.08716,0.0124,0.002349,0.02353,0.003031,0.0,0.0,0.0,0.0,0.0,0.0,0.0,0.0,0.0,0.0,0.0,0.0,0.0,0.0,0.0,0.0,0.0,0.0,0.0,0.0,0.0,0.0,2.2739999999999996E-22,0.0,5.28,8.363,1.561,20.81,0.9625,0.004813,0.008235,0.008724,7.709E-4,0.0,0.0,0.0,0.0,0.0,0.0,0.0,0.0,0.0,0.0,0.0,0.0,0.0,0.0,0.0,0.0,0.0,0.0,0.0,0.0,0.0,0.0,0.0,0.0,0.0,0.0,0.0,0.0,0.0,0.0,0.0,0.0,0.0,0.0,0.0,0.0,0.0,0.0,0.0,0.0,0.0,0.0,0.0,0.0,0.0,0.0,1.0E-4,20210.0,9.55E25,2878.0,3549.0,513.8,201400.0,17020.0,6331.0,658.8,3989.0,1835.0,0.5098,279.5,28.32,98.07,70.05,32.52,9.947,0.9517,0.2034,1.219,0.1687,0.01946,1651.0,35.03,64.02,17.9,47.45,2.484,0.1876,0.1637,1.973,0.2062,19.55,0.2961,1.256,3.253,8.494,0.9764,2.992,0.5686,0.07565,0.3749,0.05132,0.0,0.0,0.0,0.0,0.0,0.0,0.0,0.0,0.0,0.0,0.0,0.5357,0.02839,0.6496,0.9311,0.275,2.125,2.903,0.8417,0.06638,0.3432,0.05038,8.162E-6,4.056E-6,1.996E-4,2.623E-4,5.607E-5,4.114E-4,4.471E-5,1.073E-5,1.16E-6,6.438E-6,1.168E-6,
0.0,0.0,0.0,0.0,0.0,0.0,0.0,0.0,0.0,0.0,0.0,0.0,0.0,0.0,0.0,0.0,0.0,0.0,0.0,0.0,0.0,0.0,2.8E-6,0.002551,0.02655,0.8882,1.386,0.4952,1.154,0.08712,0.01244,0.002292,0.02367,0.002971,0.0,0.0,0.0,0.0,0.0,0.0,0.0,0.0,0.0,0.0,0.0,0.0,0.0,0.0,0.0,0.0,0.0,0.0,0.0,0.0,0.0,0.0,2.2739999999999996E-22,0.0,5.28,8.363,1.561,20.81,0.9625,0.004813,0.008235,0.008724,7.709E-4,0.0,0.0,0.0,0.0,0.0,0.0,0.0,0.0,0.0,0.0,0.0,0.0,0.0,0.0,0.0,0.0,0.0,0.0,0.0,0.0,0.0,0.0,0.0,0.0,0.0,0.0,0.0,0.0,0.0,0.0,0.0,0.0,0.0,0.0,0.0,0.0,0.0,0.0,0.0,0.0,0.0,0.0,0.0,0.0,0.0,0.0,1.0E-4,20220.0,9.55E25,2878.0,3546.0,513.5,201400.0,17000.0,6332.0,650.0,4054.0,1903.0,0.5098,279.5,28.32,98.08,70.05,32.52,9.945,0.9524,0.225,1.192,0.1686,0.01946,1651.0,35.03,64.03,17.9,47.45,2.487,0.1961,0.1987,1.919,0.2034,19.55,0.2961,1.256,3.255,8.494,0.9764,2.99,0.5673,0.08267,0.3679,0.05269,0.0,0.0,0.0,0.0,0.0,0.0,0.0,0.0,0.0,0.0,0.0,0.5356,0.02839,0.6496,0.9308,0.275,2.125,2.901,0.8414,0.06607,0.3463,0.05107,8.161E-6,4.056E-6,1.996E-4,2.623E-4,5.607E-5,4.114E-4,4.466E-5,1.072E-5,1.142E-6,6.479E-6,1.215E-6,
0.0,0.0,0.0,0.0,0.0,0.0,0.0,0.0,0.0,0.0,0.0,0.0,0.0,0.0,0.0,0.0,0.0,0.0,0.0,0.0,0.0,0.0,2.8E-6,0.002551,0.02655,0.8881,1.386,0.4952,1.153,0.08758,0.01194,0.004076,0.02167,0.003232,0.0,0.0,0.0,0.0,0.0,0.0,0.0,0.0,0.0,0.0,0.0,0.0,0.0,0.0,0.0,0.0,0.0,0.0,0.0,0.0,0.0,0.0,2.2739999999999996E-22,0.0,5.28,8.363,1.561,20.81,0.962,0.004869,0.00833,0.008825,7.797E-4,0.0,0.0,0.0,0.0,0.0,0.0,0.0,0.0,0.0,0.0,0.0,0.0,0.0,0.0,0.0,0.0,0.0,0.0,0.0,0.0,0.0,0.0,0.0,0.0,0.0,0.0,0.0,0.0,0.0,0.0,0.0,0.0,0.0,0.0,0.0,0.0,0.0,0.0,0.0,0.0,0.0,0.0,0.0,0.0,0.0,0.0,1.0E-4,20220.0,9.55E25,2877.0,3546.0,513.8,201400.0,17270.0,6067.0,948.7,3733.0,1924.0,0.5098,279.5,28.32,98.08,70.05,32.52,10.01,0.8871,0.8821,0.5318,0.1719,0.01946,1651.0,35.03,64.03,17.9,47.45,2.496,0.1886,1.32,0.7915,0.205,19.55,0.2961,1.256,3.255,8.494,0.9764,3.03,0.5256,0.2891,0.1605,0.05474,0.0,0.0,0.0,0.0,0.0,0.0,0.0,0.0,0.0,0.0,0.0,0.5356,0.02839,0.6496,0.9309,0.2751,2.125,2.934,0.8058,0.09277,0.3166,0.05558,8.161E-6,4.056E-6,1.996E-4,2.623E-4,5.607E-5,4.113E-4,4.508E-5,1.028E-5,1.619E-6,5.948E-6,1.289E-6,
0.0,0.0,0.0,0.0,0.0,0.0,0.0,0.0,0.0,0.0,0.0,0.0,0.0,0.0,0.0,0.0,0.0,0.0,0.0,0.0,0.0,0.0,2.8E-6,0.002551,0.02655,0.8727,1.401,0.4961,1.153,0.08756,0.01207,0.004005,0.02178,0.003076,0.0,0.0,0.0,0.0,0.0,0.0,0.0,0.0,0.0,0.0,0.0,0.0,0.0,0.0,0.0,0.0,0.0,0.0,0.0,0.0,0.0,0.0,2.2739999999999996E-22,0.0,5.22,8.418,1.566,20.81,0.9624,0.004818,0.008242,0.008732,7.716E-4,0.0,0.0,0.0,0.0,0.0,0.0,0.0,0.0,0.0,0.0,0.0,0.0,0.0,0.0,0.0,0.0,0.0,0.0,0.0,0.0,0.0,0.0,0.0,0.0,0.0,0.0,0.0,0.0,0.0,0.0,0.0,0.0,0.0,0.0,0.0,0.0,0.0,0.0,0.0,0.0,0.0,0.0,0.0,0.0,0.0,0.0,1.0E-4,20220.0,9.55E25,2853.0,3566.0,516.0,201400.0,17270.0,6116.0,899.6,3754.0,1901.0,0.5098,279.5,27.27,98.86,70.32,32.52,10.01,0.8936,0.9462,0.4572,0.172,0.01946,1651.0,34.31,64.42,18.24,47.45,2.496,0.1933,1.443,0.6613,0.2049,19.55,0.2961,1.161,3.338,8.507,0.9764,3.033,0.5285,0.3063,0.1375,0.05468,0.0,0.0,0.0,0.0,0.0,0.0,0.0,0.0,0.0,0.0,0.0,0.5356,0.02839,0.6443,0.9353,0.2757,2.125,2.935,0.8113,0.08646,0.3182,0.05401,8.161E-6,4.056E-6,1.974E-4,2.643E-4,5.625E-5,4.113E-4,4.508E-5,1.035E-5,1.542E-6,5.976E-6,1.256E-6,
0.0,0.0,0.0,0.0,0.0,0.0,0.0,0.0,0.0,0.0,0.0,0.0,0.0,0.0,0.0,0.0,0.0,0.0,0.0,0.0,0.0,0.0,2.8E-6,0.002554,0.02655,0.8727,1.392,0.5043,1.153,0.08753,0.01213,0.004075,0.02168,0.00307,0.0,0.0,0.0,0.0,0.0,0.0,0.0,0.0,0.0,0.0,0.0,0.0,0.0,0.0,0.0,0.0,0.0,0.0,0.0,0.0,0.0,0.0,2.2739999999999996E-22,0.0,5.22,8.418,1.566,20.81,0.962,0.004873,0.008338,0.008833,7.805E-4,0.0,0.0,0.0,0.0,0.0,0.0,0.0,0.0,0.0,0.0,0.0,0.0,0.0,0.0,0.0,0.0,0.0,0.0,0.0,0.0,0.0,0.0,0.0,0.0,0.0,0.0,0.0,0.0,0.0,0.0,0.0,0.0,0.0,0.0,0.0,0.0,0.0,0.0,0.0,0.0,0.0,0.0,0.0,0.0,0.0,0.0,1.0E-4,20220.0,9.55E25,2852.0,3559.0,523.1,201400.0,17260.0,6136.0,905.1,3776.0,1892.0,0.5101,279.5,27.27,98.71,70.48,32.52,10.01,0.8951,0.9418,0.4618,0.1708,0.01946,1651.0,34.31,64.11,18.55,47.45,2.496,0.1953,1.446,0.6562,0.205,19.55,0.2961,1.161,3.335,8.51,0.9764,3.032,0.529,0.3028,0.1415,0.05378,0.0,0.0,0.0,0.0,0.0,0.0,0.0,0.0,0.0,0.0,0.0,0.5357,0.02839,0.6442,0.9322,0.2789,2.124,2.933,0.8139,0.08535,0.319,0.05388,8.162E-6,4.056E-6,1.974E-4,2.63E-4,5.757E-5,4.112E-4,4.505E-5,1.039E-5,1.537E-6,5.975E-6,1.254E-6,
0.0,0.0,0.0,0.0,0.0,0.0,0.0,0.0,0.0,0.0,0.0,0.0,0.0,0.0,0.0,0.0,0.0,0.0,0.0,0.0,0.0,0.0,2.8E-6,0.002554,0.02655,0.8726,1.392,0.5043,1.152,0.0887,0.01097,0.004159,0.02159,0.003065,0.0,0.0,0.0,0.0,0.0,0.0,0.0,0.0,0.0,0.0,0.0,0.0,0.0,0.0,0.0,0.0,0.0,0.0,0.0,0.0,0.0,0.0,2.2739999999999996E-22,0.0,5.22,8.418,1.566,20.81,0.962,0.004873,0.008338,0.008833,7.805E-4,0.0,0.0,0.0,0.0,0.0,0.0,0.0,0.0,0.0,0.0,0.0,0.0,0.0,0.0,0.0,0.0,0.0,0.0,0.0,0.0,0.0,0.0,0.0,0.0,0.0,0.0,0.0,0.0,0.0,0.0,0.0,0.0,0.0,0.0,0.0,0.0,0.0,0.0,0.0,0.0,0.0,0.0,0.0,0.0,0.0,0.0,1.0E-4,20220.0,9.55E25,2852.0,3557.0,524.6,201400.0,17870.0,5517.0,921.9,3765.0,1885.0,0.5101,279.5,27.27,98.13,71.05,32.52,10.09,0.8188,0.9416,0.4608,0.1712,0.01946,1651.0,34.31,64.11,18.55,47.45,2.507,0.1853,1.445,0.655,0.2057,19.55,0.2961,1.161,3.317,8.528,0.9764,3.08,0.4809,0.3029,0.1412,0.0539,0.0,0.0,0.0,0.0,0.0,0.0,0.0,0.0,0.0,0.0,0.0,0.5357,0.02839,0.6442,0.9315,0.2796,2.124,3.016,0.7305,0.08683,0.3176,0.05373,8.162E-6,4.056E-6,1.973E-4,2.629E-4,5.765E-5,4.111E-4,4.609E-5,9.349E-6,1.562E-6,5.951E-6,1.252E-6,
0.0,0.0,0.0,0.0,0.0,0.0,0.0,0.0,0.0,0.0,0.0,0.0,0.0,0.0,0.0,0.0,0.0,0.0,0.0,0.0,0.0,0.0,2.8E-6,0.00259,0.02655,0.8726,1.392,0.5045,1.152,0.08871,0.01114,0.003913,0.02167,0.00303,0.0,0.0,0.0,0.0,0.0,0.0,0.0,0.0,0.0,0.0,0.0,0.0,0.0,0.0,0.0,0.0,0.0,0.0,0.0,0.0,0.0,0.0,2.2739999999999996E-22,0.0,5.22,8.418,1.566,20.81,0.9616,0.00493,0.008435,0.008936,7.896E-4,0.0,0.0,0.0,0.0,0.0,0.0,0.0,0.0,0.0,0.0,0.0,0.0,0.0,0.0,0.0,0.0,0.0,0.0,0.0,0.0,0.0,0.0,0.0,0.0,0.0,0.0,0.0,0.0,0.0,0.0,0.0,0.0,0.0,0.0,0.0,0.0,0.0,0.0,0.0,0.0,0.0,0.0,0.0,0.0,0.0,0.0,1.0E-4,20230.0,9.55E25,2852.0,3556.0,525.2,201400.0,17870.0,5521.0,898.2,3789.0,1903.0,0.5113,279.5,27.27,98.12,71.06,32.52,10.09,0.878,0.7983,0.5468,0.17,0.02148,1651.0,34.31,64.05,18.6,47.45,2.515,0.3048,1.183,0.7977,0.2037,19.55,0.2961,1.161,3.316,8.528,0.9764,3.08,0.4958,0.2612,0.1691,0.05349,0.0,0.0,0.0,0.0,0.0,0.0,0.0,0.0,0.0,0.0,0.0,0.5362,0.02839,0.6442,0.9313,0.2799,2.124,3.016,0.7293,0.08597,0.3198,0.05326,8.171E-6,4.056E-6,1.973E-4,2.627E-4,5.775E-5,4.111E-4,4.609E-5,9.353E-6,1.527E-6,5.983E-6,1.243E-6,
0.0,0.0,0.0,0.0,0.0,0.0,0.0,0.0,0.0,0.0,0.0,0.0,0.0,0.0,0.0,0.0,0.0,0.0,0.0,0.0,0.0,0.0,2.8E-6,0.00259,0.02655,0.8726,1.392,0.5045,1.152,0.08849,0.01123,0.003973,0.02182,0.002903,0.0,0.0,0.0,0.0,0.0,0.0,0.0,0.0,0.0,0.0,0.0,0.0,0.0,0.0,0.0,0.0,0.0,0.0,0.0,0.0,0.0,0.0,2.2739999999999996E-22,0.0,5.22,8.418,1.566,20.81,0.9616,0.00493,0.008435,0.008936,7.896E-4,0.0,0.0,0.0,0.0,0.0,0.0,0.0,0.0,0.0,0.0,0.0,0.0,0.0,0.0,0.0,0.0,0.0,0.0,0.0,0.0,0.0,0.0,0.0,0.0,0.0,0.0,0.0,0.0,0.0,0.0,0.0,0.0,0.0,0.0,0.0,0.0,0.0,0.0,0.0,0.0,0.0,0.0,0.0,0.0,0.0,0.0,1.0E-4,20230.0,9.55E25,2851.0,3556.0,525.8,201400.0,17830.0,5550.0,913.1,3805.0,1881.0,0.5113,279.5,27.27,98.12,71.06,32.52,10.08,0.872,0.8239,0.5366,0.1701,0.02148,1651.0,34.31,64.06,18.6,47.45,2.502,0.29,1.224,0.7801,0.2037,19.55,0.2961,1.161,3.316,8.528,0.9764,3.079,0.4936,0.2694,0.1651,0.05283,0.0,0.0,0.0,0.0,0.0,0.0,0.0,0.0,0.0,0.0,0.0,0.5362,0.02839,0.6442,0.9313,0.2799,2.124,3.009,0.7347,0.08756,0.3207,0.05208,8.171E-6,4.056E-6,1.973E-4,2.627E-4,5.776E-5,4.11E-4,4.599E-5,9.414E-6,1.552E-6,6.01E-6,1.22E-6,
0.0,0.0,0.0,0.0,0.0,0.0,0.0,0.0,0.0,0.0,0.0,0.0,0.0,0.0,0.0,0.0,0.0,0.0,0.0,0.0,0.0,0.0,2.8E-6,0.00259,0.02655,0.8725,1.392,0.5045,1.152,0.08849,0.01124,0.003994,0.02181,0.002891,0.0,0.0,0.0,0.0,0.0,0.0,0.0,0.0,0.0,0.0,0.0,0.0,0.0,0.0,0.0,0.0,0.0,0.0,0.0,0.0,0.0,0.0,2.2739999999999996E-22,0.0,5.22,8.418,1.566,20.81,0.9616,0.00493,0.008435,0.008936,7.896E-4,0.0,0.0,0.0,0.0,0.0,0.0,0.0,0.0,0.0,0.0,0.0,0.0,0.0,0.0,0.0,0.0,0.0,0.0,0.0,0.0,0.0,0.0,0.0,0.0,0.0,0.0,0.0,0.0,0.0,0.0,0.0,0.0,0.0,0.0,0.0,0.0,0.0,0.0,0.0,0.0,0.0,0.0,0.0,0.0,0.0,0.0,1.0E-4,20230.0,9.55E25,2851.0,3555.0,525.9,201400.0,17830.0,5547.0,916.8,3805.0,1884.0,0.5113,279.5,27.27,98.12,71.06,32.52,10.08,0.8664,0.839,0.5253,0.17,0.02148,1651.0,34.31,64.06,18.6,47.45,2.502,0.2825,1.251,0.7593,0.2036,19.55,0.2961,1.161,3.316,8.528,0.9764,3.08,0.4915,0.2737,0.1617,0.05266,0.0,0.0,0.0,0.0,0.0,0.0,0.0,0.0,0.0,0.0,0.0,0.5362,0.02839,0.6442,0.9312,0.2799,2.123,3.009,0.7342,0.08784,0.3209,0.05227,8.171E-6,4.056E-6,1.973E-4,2.627E-4,5.776E-5,4.109E-4,4.599E-5,9.409E-6,1.557E-6,6.011E-6,1.221E-6,
0.0,0.0,0.0,0.0,0.0,0.0,0.0,0.0,0.0,0.0,0.0,0.0,0.0,0.0,0.0,0.0,0.0,0.0,0.0,0.0,0.0,0.0,2.8E-6,0.002675,0.02655,0.8725,1.392,0.5045,1.151,0.08849,0.01124,0.004029,0.02182,0.002766,0.0,0.0,0.0,0.0,0.0,0.0,0.0,0.0,0.0,0.0,0.0,0.0,0.0,0.0,0.0,0.0,0.0,0.0,0.0,0.0,0.0,0.0,2.2739999999999996E-22,0.0,5.22,8.418,1.566,20.81,0.9611,0.004988,0.008534,0.009041,7.989E-4,0.0,0.0,0.0,0.0,0.0,0.0,0.0,0.0,0.0,0.0,0.0,0.0,0.0,0.0,0.0,0.0,0.0,0.0,0.0,0.0,0.0,0.0,0.0,0.0,0.0,0.0,0.0,0.0,0.0,0.0,0.0,0.0,0.0,0.0,0.0,0.0,0.0,0.0,0.0,0.0,0.0,0.0,0.0,0.0,0.0,0.0,1.0E-4,20240.0,9.55E25,2850.0,3555.0,526.2,201400.0,17840.0,5546.0,929.2,3796.0,1895.0,0.5136,279.5,27.27,98.12,71.06,32.52,10.08,0.8446,0.869,0.5143,0.1694,0.02533,1651.0,34.31,64.06,18.6,47.45,2.503,0.2503,1.299,0.7414,0.1998,19.55,0.2961,1.161,3.316,8.528,0.9764,3.08,0.4837,0.2839,0.1582,0.05214,0.0,0.0,0.0,0.0,0.0,0.0,0.0,0.0,0.0,0.0,0.0,0.5372,0.02839,0.6441,0.9313,0.28,2.123,3.009,0.7341,0.08861,0.3202,0.05124,8.191E-6,4.056E-6,1.973E-4,2.627E-4,5.776E-5,4.109E-4,4.599E-5,9.407E-6,1.569E-6,6.003E-6,1.198E-6,
0.0,0.0,0.0,0.0,0.0,0.0,0.0,0.0,0.0,0.0,0.0,0.0,0.0,0.0,0.0,0.0,0.0,0.0,0.0,0.0,0.0,0.0,2.8E-6,0.002675,0.02655,0.8725,1.392,0.5045,1.151,0.08849,0.01122,0.004081,0.02182,0.002718,0.0,0.0,0.0,0.0,0.0,0.0,0.0,0.0,0.0,0.0,0.0,0.0,0.0,0.0,0.0,0.0,0.0,0.0,0.0,0.0,0.0,0.0,2.2739999999999996E-22,0.0,5.22,8.418,1.566,20.81,0.9611,0.004988,0.008534,0.009041,7.989E-4,0.0,0.0,0.0,0.0,0.0,0.0,0.0,0.0,0.0,0.0,0.0,0.0,0.0,0.0,0.0,0.0,0.0,0.0,0.0,0.0,0.0,0.0,0.0,0.0,0.0,0.0,0.0,0.0,0.0,0.0,0.0,0.0,0.0,0.0,0.0,0.0,0.0,0.0,0.0,0.0,0.0,0.0,0.0,0.0,0.0,0.0,1.0E-4,20240.0,9.55E25,2850.0,3554.0,526.2,201400.0,17840.0,5547.0,936.6,3796.0,1925.0,0.5136,279.5,27.27,98.12,71.06,32.52,10.08,0.8287,0.9071,0.4908,0.1693,0.02533,1651.0,34.31,64.06,18.6,47.45,2.505,0.2236,1.362,0.7022,0.1997,19.55,0.2961,1.161,3.316,8.528,0.9764,3.08,0.4786,0.2963,0.1507,0.05219,0.0,0.0,0.0,0.0,0.0,0.0,0.0,0.0,0.0,0.0,0.0,0.5372,0.02839,0.6441,0.9312,0.28,2.123,3.008,0.7343,0.08956,0.3202,0.0505,8.191E-6,4.056E-6,1.973E-4,2.627E-4,5.776E-5,4.108E-4,4.599E-5,9.408E-6,1.585E-6,6.003E-6,1.185E-6,
0.0,0.0,0.0,0.0,0.0,0.0,0.0,0.0,0.0,0.0,0.0,0.0,0.0,0.0,0.0,0.0,0.0,0.0,0.0,0.0,0.0,0.0,2.8E-6,0.002675,0.02655,0.873,1.392,0.5038,1.151,0.08851,0.0112,0.004132,0.02177,0.002712,0.0,0.0,0.0,0.0,0.0,0.0,0.0,0.0,0.0,0.0,0.0,0.0,0.0,0.0,0.0,0.0,0.0,0.0,0.0,0.0,0.0,0.0,2.2739999999999996E-22,0.0,5.22,8.418,1.566,20.81,0.9611,0.004988,0.008534,0.009041,7.989E-4,0.0,0.0,0.0,0.0,0.0,0.0,0.0,0.0,0.0,0.0,0.0,0.0,0.0,0.0,0.0,0.0,0.0,0.0,0.0,0.0,0.0,0.0,0.0,0.0,0.0,0.0,0.0,0.0,0.0,0.0,0.0,0.0,0.0,0.0,0.0,0.0,0.0,0.0,0.0,0.0,0.0,0.0,0.0,0.0,0.0,0.0,1.0E-4,20240.0,9.55E25,2855.0,3555.0,519.9,201400.0,17850.0,5541.0,949.0,3789.0,1916.0,0.5136,279.5,24.78,100.1,71.54,32.52,10.08,0.8095,0.9408,0.4743,0.1684,0.02533,1651.0,34.26,63.85,18.87,47.45,2.506,0.1954,1.419,0.6745,0.1977,19.55,0.2961,1.119,3.349,8.538,0.9764,3.082,0.4717,0.3071,0.1453,0.05203,0.0,0.0,0.0,0.0,0.0,0.0,0.0,0.0,0.0,0.0,0.0,0.5372,0.02839,0.6443,0.9312,0.2797,2.123,3.01,0.733,0.09038,0.3199,0.05,8.191E-6,4.056E-6,1.973E-4,2.627E-4,5.778E-5,4.108E-4,4.6E-5,9.392E-6,1.599E-6,5.995E-6,1.178E-6,
0.0,0.0,0.0,0.0,0.0,0.0,0.0,0.0,0.0,0.0,0.0,0.0,0.0,0.0,0.0,0.0,0.0,0.0,0.0,0.0,0.0,0.0,2.8E-6,0.002675,0.02655,0.873,1.392,0.5038,1.15,0.08852,0.01119,0.004165,0.02174,0.002709,0.0,0.0,0.0,0.0,0.0,0.0,0.0,0.0,0.0,0.0,0.0,0.0,0.0,0.0,0.0,0.0,0.0,0.0,0.0,0.0,0.0,0.0,2.2739999999999996E-22,0.0,5.22,8.419,1.566,20.81,0.9606,0.005048,0.008636,0.009149,8.084E-4,0.0,0.0,0.0,0.0,0.0,0.0,0.0,0.0,0.0,0.0,0.0,0.0,0.0,0.0,0.0,0.0,0.0,0.0,0.0,0.0,0.0,0.0,0.0,0.0,0.0,0.0,0.0,0.0,0.0,0.0,0.0,0.0,0.0,0.0,0.0,0.0,0.0,0.0,0.0,0.0,0.0,0.0,0.0,0.0,0.0,0.0,1.0E-4,20250.0,9.55E25,2854.0,3554.0,520.3,201400.0,17850.0,5539.0,957.5,3787.0,1899.0,0.5141,279.5,24.78,100.1,71.54,32.52,10.08,0.8071,0.9594,0.4564,0.1669,0.02533,1651.0,34.26,63.85,18.87,47.45,2.508,0.1944,1.449,0.6428,0.1977,19.55,0.2961,1.119,3.349,8.539,0.9764,3.083,0.4704,0.3132,0.14,0.05044,0.0,0.0,0.0,0.0,0.0,0.0,0.0,0.0,0.0,0.0,0.0,0.5378,0.02839,0.6443,0.9313,0.2798,2.122,3.009,0.7329,0.09112,0.3197,0.04913,8.225E-6,4.056E-6,1.973E-4,2.627E-4,5.778E-5,4.107E-4,4.6E-5,9.389E-6,1.611E-6,5.99E-6,1.14E-6,
0.0,0.0,0.0,0.0,0.0,0.0,0.0,0.0,0.0,0.0,0.0,0.0,0.0,0.0,0.0,0.0,0.0,0.0,0.0,0.0,0.0,0.0,2.8E-6,0.002675,0.02655,0.8729,1.392,0.5038,1.15,0.0885,0.01121,0.004198,0.02175,0.002671,0.0,0.0,0.0,0.0,0.0,0.0,0.0,0.0,0.0,0.0,0.0,0.0,0.0,0.0,0.0,0.0,0.0,0.0,0.0,0.0,0.0,0.0,2.2739999999999996E-22,0.0,5.22,8.419,1.566,20.81,0.9606,0.005048,0.008636,0.009149,8.084E-4,0.0,0.0,0.0,0.0,0.0,0.0,0.0,0.0,0.0,0.0,0.0,0.0,0.0,0.0,0.0,0.0,0.0,0.0,0.0,0.0,0.0,0.0,0.0,0.0,0.0,0.0,0.0,0.0,0.0,0.0,0.0,0.0,0.0,0.0,0.0,0.0,0.0,0.0,0.0,0.0,0.0,0.0,0.0,0.0,0.0,0.0,1.0E-4,20250.0,9.55E25,2854.0,3553.0,520.2,201400.0,17840.0,5539.0,968.1,3817.0,1872.0,0.5141,279.5,24.78,100.1,71.54,32.52,10.08,0.8103,0.9554,0.4572,0.166,0.02533,1651.0,34.26,63.85,18.87,47.45,2.511,0.1969,1.44,0.644,0.1961,19.55,0.2961,1.119,3.35,8.539,0.9764,3.08,0.4732,0.3124,0.1402,0.05012,0.0,0.0,0.0,0.0,0.0,0.0,0.0,0.0,0.0,0.0,0.0,0.5378,0.02839,0.6443,0.9312,0.2798,2.122,3.007,0.7343,0.09258,0.3199,0.04867,8.225E-6,4.056E-6,1.973E-4,2.626E-4,5.777E-5,4.106E-4,4.597E-5,9.406E-6,1.63E-6,5.993E-6,1.131E-6,
0.0,0.0,0.0,0.0,0.0,0.0,0.0,0.0,0.0,0.0,0.0,0.0,0.0,0.0,0.0,0.0,0.0,0.0,0.0,0.0,0.0,0.0,2.8E-6,0.002675,0.02655,0.8727,1.392,0.5038,1.15,0.08845,0.01126,0.004205,0.02182,0.002878,0.0,0.0,0.0,0.0,0.0,0.0,0.0,0.0,0.0,0.0,0.0,0.0,0.0,0.0,0.0,0.0,0.0,0.0,0.0,0.0,0.0,0.0,2.2739999999999996E-22,0.0,5.22,8.419,1.566,20.81,0.9606,0.005048,0.008636,0.009149,8.084E-4,0.0,0.0,0.0,0.0,0.0,0.0,0.0,0.0,0.0,0.0,0.0,0.0,0.0,0.0,0.0,0.0,0.0,0.0,0.0,0.0,0.0,0.0,0.0,0.0,0.0,0.0,0.0,0.0,0.0,0.0,0.0,0.0,0.0,0.0,0.0,0.0,0.0,0.0,0.0,0.0,0.0,0.0,0.0,0.0,0.0,0.0,1.0E-4,20250.0,9.55E25,2836.0,3551.0,520.2,201400.0,17820.0,5562.0,961.1,3890.0,1821.0,0.5141,279.5,24.77,100.1,71.54,32.52,10.08,0.8116,0.9526,0.4629,0.1676,0.02533,1651.0,34.25,63.85,18.87,47.45,2.513,0.1965,1.438,0.6463,0.1965,19.55,0.2961,1.119,3.35,8.539,0.9766,3.078,0.4739,0.3108,0.1422,0.05064,0.0,0.0,0.0,0.0,0.0,0.0,0.0,0.0,0.0,0.0,0.0,0.5378,0.02839,0.6379,0.9308,0.2798,2.125,3.002,0.738,0.09131,0.3224,0.05221,8.225E-6,4.056E-6,1.951E-4,2.624E-4,5.777E-5,4.11E-4,4.592E-5,9.452E-6,1.626E-6,7.306E-6,1.797E-6,
0.0,0.0,0.0,0.0,0.0,0.0,0.0,0.0,0.0,0.0,0.0,0.0,0.0,0.0,0.0,0.0,0.0,0.0,0.0,0.0,0.0,0.0,2.8E-6,0.002745,0.02655,0.8727,1.392,0.5037,1.15,0.08845,0.01138,0.004099,0.0218,0.002801,0.0,0.0,0.0,0.0,0.0,0.0,0.0,0.0,0.0,0.0,0.0,0.0,0.0,0.0,0.0,0.0,0.0,0.0,0.0,0.0,0.0,0.0,2.2739999999999996E-22,0.0,5.22,8.419,1.566,20.81,0.9606,0.005048,0.008636,0.009149,8.084E-4,0.0,0.0,0.0,0.0,0.0,0.0,0.0,0.0,0.0,0.0,0.0,0.0,0.0,0.0,0.0,0.0,0.0,0.0,0.0,0.0,0.0,0.0,0.0,0.0,0.0,0.0,0.0,0.0,0.0,0.0,0.0,0.0,0.0,0.0,0.0,0.0,0.0,0.0,0.0,0.0,0.0,0.0,0.0,0.0,0.0,0.0,1.0E-4,20260.0,9.55E25,2836.0,3551.0,520.3,201400.0,17820.0,5564.0,955.2,3921.0,1774.0,0.5164,279.5,24.77,100.1,71.54,32.52,10.08,0.8612,0.9079,0.4606,0.1671,0.02886,1651.0,34.25,63.85,18.87,47.45,2.51,0.2912,1.353,0.6394,0.1968,19.55,0.2961,1.119,3.349,8.539,0.9767,3.078,0.4873,0.2984,0.1421,0.05026,0.0,0.0,0.0,0.0,0.0,0.0,0.0,0.0,0.0,0.0,0.0,0.5388,0.02839,0.6379,0.9308,0.2798,2.125,3.002,0.7377,0.09157,0.3229,0.05123,8.243E-6,4.056E-6,1.951E-4,2.624E-4,5.777E-5,4.109E-4,4.591E-5,9.463E-6,1.618E-6,7.431E-6,1.65E-6,
0.0,0.0,0.0,0.0,0.0,0.0,0.0,0.0,0.0,0.0,0.0,0.0,0.0,0.0,0.0,0.0,0.0,0.0,0.0,0.0,0.0,0.0,2.8E-6,0.002745,0.02655,0.8727,1.391,0.5039,1.149,0.08814,0.01175,0.004037,0.02178,0.002837,0.0,0.0,0.0,0.0,0.0,0.0,0.0,0.0,0.0,0.0,0.0,0.0,0.0,0.0,0.0,0.0,0.0,0.0,0.0,0.0,0.0,0.0,2.2739999999999996E-22,0.0,5.22,8.419,1.566,20.81,0.9602,0.005109,0.008741,0.00926,8.182E-4,0.0,0.0,0.0,0.0,0.0,0.0,0.0,0.0,0.0,0.0,0.0,0.0,0.0,0.0,0.0,0.0,0.0,0.0,0.0,0.0,0.0,0.0,0.0,0.0,0.0,0.0,0.0,0.0,0.0,0.0,0.0,0.0,0.0,0.0,0.0,0.0,0.0,0.0,0.0,0.0,0.0,0.0,0.0,0.0,0.0,0.0,1.0E-4,20260.0,9.55E25,2835.0,3552.0,521.1,201400.0,17630.0,5613.0,1088.0,3932.0,1765.0,0.5164,279.5,24.77,100.1,71.55,32.52,10.06,0.976,0.8061,0.4608,0.1683,0.02886,1651.0,34.25,63.8,18.91,47.45,2.515,0.5231,1.12,0.6354,0.2009,19.55,0.2961,1.119,3.348,8.539,0.9767,3.069,0.5161,0.2777,0.143,0.05025,0.0,0.0,0.0,0.0,0.0,0.0,0.0,0.0,0.0,0.0,0.0,0.5388,0.02839,0.6379,0.9309,0.2801,2.124,2.972,0.742,0.1154,0.3237,0.05129,8.243E-6,4.056E-6,1.951E-4,2.623E-4,5.787E-5,4.109E-4,4.556E-5,9.549E-6,1.88E-6,7.59E-6,1.491E-6,
0.0,0.0,0.0,0.0,0.0,0.0,0.0,0.0,0.0,0.0,0.0,0.0,0.0,0.0,0.0,0.0,0.0,0.0,0.0,0.0,0.0,0.0,2.8E-6,0.002825,0.02655,0.8727,1.391,0.5039,1.149,0.08826,0.01161,0.004073,0.02175,0.002746,0.0,0.0,0.0,0.0,0.0,0.0,0.0,0.0,0.0,0.0,0.0,0.0,0.0,0.0,0.0,0.0,0.0,0.0,0.0,0.0,0.0,0.0,2.2739999999999996E-22,0.0,5.22,8.419,1.566,20.81,0.9602,0.005109,0.008741,0.00926,8.182E-4,0.0,0.0,0.0,0.0,0.0,0.0,0.0,0.0,0.0,0.0,0.0,0.0,0.0,0.0,0.0,0.0,0.0,0.0,0.0,0.0,0.0,0.0,0.0,0.0,0.0,0.0,0.0,0.0,0.0,0.0,0.0,0.0,0.0,0.0,0.0,0.0,0.0,0.0,0.0,0.0,0.0,0.0,0.0,0.0,0.0,0.0,1.0E-4,20270.0,9.55E25,2835.0,3553.0,521.1,201400.0,17720.0,5505.0,1114.0,3928.0,1748.0,0.5189,279.5,24.77,100.1,71.55,32.52,10.07,0.9472,0.831,0.4608,0.1662,0.03243,1651.0,34.25,63.8,18.91,47.45,2.511,0.4991,1.145,0.6354,0.1982,19.55,0.2961,1.119,3.349,8.539,0.9767,3.071,0.502,0.289,0.1429,0.0494,0.0,0.0,0.0,0.0,0.0,0.0,0.0,0.0,0.0,0.0,0.0,0.5399,0.02839,0.6379,0.9309,0.2801,2.124,2.984,0.7266,0.1194,0.3234,0.04982,8.264E-6,4.056E-6,1.951E-4,2.623E-4,5.787E-5,4.109E-4,4.57E-5,9.366E-6,1.932E-6,7.611E-6,1.432E-6,
0.0,0.0,0.0,0.0,0.0,0.0,0.0,0.0,0.0,0.0,0.0,0.0,0.0,0.0,0.0,0.0,0.0,0.0,0.0,0.0,0.0,0.0,2.8E-6,0.002876,0.02655,0.8726,1.391,0.5038,1.149,0.08813,0.01179,0.008425,0.01735,0.002701,0.0,0.0,0.0,0.0,0.0,0.0,0.0,0.0,0.0,0.0,0.0,0.0,0.0,0.0,0.0,0.0,0.0,0.0,0.0,0.0,0.0,0.0,2.2739999999999996E-22,0.0,5.22,8.419,1.566,20.81,0.9602,0.005109,0.008741,0.00926,8.182E-4,0.0,0.0,0.0,0.0,0.0,0.0,0.0,0.0,0.0,0.0,0.0,0.0,0.0,0.0,0.0,0.0,0.0,0.0,0.0,0.0,0.0,0.0,0.0,0.0,0.0,0.0,0.0,0.0,0.0,0.0,0.0,0.0,0.0,0.0,0.0,0.0,0.0,0.0,0.0,0.0,0.0,0.0,0.0,0.0,0.0,0.0,1.0E-4,20280.0,9.55E25,2835.0,3552.0,521.1,201400.0,17660.0,5587.0,1860.0,3172.0,1727.0,0.5205,279.5,24.77,100.1,71.55,32.52,10.07,0.9472,0.8842,0.4044,0.1645,0.03502,1651.0,34.25,63.8,18.91,47.45,2.511,0.5013,1.233,0.5443,0.1958,19.55,0.2961,1.119,3.349,8.539,0.9767,3.074,0.5013,0.3061,0.1241,0.04861,0.0,0.0,0.0,0.0,0.0,0.0,0.0,0.0,0.0,0.0,0.0,0.5406,0.02839,0.6379,0.9309,0.2801,2.124,2.975,0.7383,0.1809,0.2588,0.04915,8.28E-6,4.056E-6,1.951E-4,2.623E-4,5.787E-5,4.108E-4,4.561E-5,9.51E-6,3.419E-6,6.076E-6,1.407E-6,
0.0,0.0,0.0,0.0,0.0,0.0,0.0,0.0,0.0,0.0,0.0,0.0,0.0,0.0,0.0,0.0,0.0,0.0,0.0,0.0,0.0,0.0,2.8E-6,0.002876,0.02655,0.8726,1.391,0.5038,1.149,0.08815,0.01177,0.008809,0.01692,0.00275,0.0,0.0,0.0,0.0,0.0,0.0,0.0,0.0,0.0,0.0,0.0,0.0,0.0,0.0,0.0,0.0,0.0,0.0,0.0,0.0,0.0,0.0,2.2739999999999996E-22,0.0,5.22,8.419,1.566,20.81,0.9597,0.005172,0.008848,0.009373,8.282E-4,0.0,0.0,0.0,0.0,0.0,0.0,0.0,0.0,0.0,0.0,0.0,0.0,0.0,0.0,0.0,0.0,0.0,0.0,0.0,0.0,0.0,0.0,0.0,0.0,0.0,0.0,0.0,0.0,0.0,0.0,0.0,0.0,0.0,0.0,0.0,0.0,0.0,0.0,0.0,0.0,0.0,0.0,0.0,0.0,0.0,0.0,1.0E-4,20280.0,9.55E25,2834.0,3552.0,521.5,201300.0,17670.0,5574.0,1914.0,3141.0,1712.0,0.5205,279.5,24.77,100.1,71.55,32.52,10.07,0.9452,0.8814,0.4079,0.1651,0.03502,1651.0,34.25,63.8,18.91,47.45,2.512,0.5026,1.234,0.5402,0.1966,19.55,0.2961,1.119,3.349,8.539,0.9767,3.074,0.4998,0.3041,0.1273,0.04878,0.0,0.0,0.0,0.0,0.0,0.0,0.0,0.0,0.0,0.0,0.0,0.5406,0.02839,0.6378,0.931,0.2802,2.124,2.976,0.7364,0.1846,0.2554,0.05005,8.28E-6,4.056E-6,1.951E-4,2.623E-4,5.787E-5,4.108E-4,4.563E-5,9.486E-6,3.536E-6,5.955E-6,1.422E-6,
0.0,0.0,0.0,0.0,0.0,0.0,0.0,0.0,0.0,0.0,0.0,0.0,0.0,0.0,0.0,0.0,0.0,0.0,0.0,0.0,0.0,0.0,2.8E-6,0.002876,0.02655,0.8726,1.388,0.507,1.148,0.08818,0.01244,0.008252,0.01679,0.002755,0.0,0.0,0.0,0.0,0.0,0.0,0.0,0.0,0.0,0.0,0.0,0.0,0.0,0.0,0.0,0.0,0.0,0.0,0.0,0.0,0.0,0.0,2.2739999999999996E-22,0.0,5.22,8.419,1.566,20.81,0.9597,0.005172,0.008848,0.009373,8.282E-4,0.0,0.0,0.0,0.0,0.0,0.0,0.0,0.0,0.0,0.0,0.0,0.0,0.0,0.0,0.0,0.0,0.0,0.0,0.0,0.0,0.0,0.0,0.0,0.0,0.0,0.0,0.0,0.0,0.0,0.0,0.0,0.0,0.0,0.0,0.0,0.0,0.0,0.0,0.0,0.0,0.0,0.0,0.0,0.0,0.0,0.0,1.0E-4,20280.0,9.55E25,2833.0,3550.0,522.3,201300.0,17660.0,5635.0,1869.0,3135.0,1763.0,0.5205,279.5,24.77,99.97,71.71,32.52,10.07,0.8885,0.9434,0.4081,0.1648,0.03502,1651.0,34.26,63.55,19.16,47.45,2.517,0.4557,1.289,0.5368,0.1953,19.55,0.2961,1.119,3.341,8.545,0.9768,3.073,0.4718,0.3335,0.1283,0.04894,0.0,0.0,0.0,0.0,0.0,0.0,0.0,0.0,0.0,0.0,0.0,0.5406,0.02839,0.6378,0.9302,0.2807,2.123,2.975,0.7351,0.1864,0.2554,0.05046,8.28E-6,4.056E-6,1.951E-4,2.621E-4,5.807E-5,4.107E-4,4.563E-5,9.617E-6,3.436E-6,5.942E-6,1.41E-6,
0.0,0.0,0.0,0.0,0.0,0.0,0.0,0.0,0.0,0.0,0.0,0.0,0.0,0.0,0.0,0.0,0.0,0.0,0.0,0.0,0.0,0.0,2.8E-6,0.002876,0.02655,0.8725,1.388,0.507,1.148,0.08814,0.01288,0.007872,0.01675,0.002771,0.0,0.0,0.0,0.0,0.0,0.0,0.0,0.0,0.0,0.0,0.0,0.0,0.0,0.0,0.0,0.0,0.0,0.0,0.0,0.0,0.0,0.0,2.2739999999999996E-22,0.0,5.22,8.419,1.566,20.81,0.9592,0.005236,0.008958,0.00949,8.385E-4,0.0,0.0,0.0,0.0,0.0,0.0,0.0,0.0,0.0,0.0,0.0,0.0,0.0,0.0,0.0,0.0,0.0,0.0,0.0,0.0,0.0,0.0,0.0,0.0,0.0,0.0,0.0,0.0,0.0,0.0,0.0,0.0,0.0,0.0,0.0,0.0,0.0,0.0,0.0,0.0,0.0,0.0,0.0,0.0,0.0,0.0,1.0E-4,20280.0,9.55E25,2833.0,3547.0,522.4,201300.0,17650.0,5703.0,1819.0,3133.0,1759.0,0.5205,279.5,24.77,99.98,71.71,32.52,10.08,0.7508,1.049,0.4233,0.1655,0.03502,1651.0,34.25,63.56,19.16,47.45,2.528,0.272,1.427,0.5566,0.196,19.55,0.2961,1.119,3.345,8.546,0.9768,3.074,0.4185,0.3752,0.1342,0.04926,0.0,0.0,0.0,0.0,0.0,0.0,0.0,0.0,0.0,0.0,0.0,0.5406,0.02839,0.6378,0.93,0.2807,2.123,2.973,0.741,0.1814,0.2563,0.05083,8.28E-6,4.056E-6,1.951E-4,2.62E-4,5.807E-5,4.106E-4,4.56E-5,9.756E-6,3.321E-6,5.988E-6,1.367E-6,
0.0,0.0,0.0,0.0,0.0,0.0,0.0,0.0,0.0,0.0,0.0,0.0,0.0,0.0,0.0,0.0,0.0,0.0,0.0,0.0,0.0,0.0,2.8E-6,0.002876,0.02655,0.8725,1.388,0.507,1.148,0.0881,0.01294,0.00798,0.0167,0.002694,0.0,0.0,0.0,0.0,0.0,0.0,0.0,0.0,0.0,0.0,0.0,0.0,0.0,0.0,0.0,0.0,0.0,0.0,0.0,0.0,0.0,0.0,2.2739999999999996E-22,0.0,5.22,8.419,1.566,20.81,0.9592,0.005236,0.008958,0.00949,8.385E-4,0.0,0.0,0.0,0.0,0.0,0.0,0.0,0.0,0.0,0.0,0.0,0.0,0.0,0.0,0.0,0.0,0.0,0.0,0.0,0.0,0.0,0.0,0.0,0.0,0.0,0.0,0.0,0.0,0.0,0.0,0.0,0.0,0.0,0.0,0.0,0.0,0.0,0.0,0.0,0.0,0.0,0.0,0.0,0.0,0.0,0.0,1.0E-4,20290.0,9.55E25,2833.0,3546.0,522.4,201300.0,17640.0,5715.0,1845.0,3146.0,1716.0,0.5205,279.5,24.77,99.98,71.71,32.52,10.07,0.7476,1.054,0.4234,0.1639,0.03502,1651.0,34.25,63.56,19.16,47.45,2.529,0.2747,1.429,0.552,0.195,19.55,0.2961,1.119,3.345,8.546,0.9768,3.074,0.4159,0.3782,0.1352,0.04834,0.0,0.0,0.0,0.0,0.0,0.0,0.0,0.0,0.0,0.0,0.0,0.5406,0.02839,0.6377,0.93,0.2807,2.123,2.972,0.7421,0.1839,0.256,0.04877,8.28E-6,4.056E-6,1.951E-4,2.62E-4,5.807E-5,4.105E-4,4.559E-5,9.777E-6,3.368E-6,5.97E-6,1.335E-6,
0.0,0.0,0.0,0.0,0.0,0.0,0.0,0.0,0.0,0.0,0.0,0.0,0.0,0.0,0.0,0.0,0.0,0.0,0.0,0.0,0.0,0.0,2.8E-6,0.002876,0.02655,0.8725,1.388,0.507,1.148,0.0935,0.007899,0.007595,0.01676,0.002683,0.0,0.0,0.0,0.0,0.0,0.0,0.0,0.0,0.0,0.0,0.0,0.0,0.0,0.0,0.0,0.0,0.0,0.0,0.0,0.0,0.0,0.0,2.2739999999999996E-22,0.0,5.22,8.419,1.566,20.81,0.9587,0.005301,0.00907,0.009609,8.49E-4,0.0,0.0,0.0,0.0,0.0,0.0,0.0,0.0,0.0,0.0,0.0,0.0,0.0,0.0,0.0,0.0,0.0,0.0,0.0,0.0,0.0,0.0,0.0,0.0,0.0,0.0,0.0,0.0,0.0,0.0,0.0,0.0,0.0,0.0,0.0,0.0,0.0,0.0,0.0,0.0,0.0,0.0,0.0,0.0,0.0,0.0,1.0E-4,20290.0,9.55E25,2833.0,3549.0,522.3,201300.0,19810.0,3310.0,1868.0,3248.0,1818.0,0.5205,279.5,24.77,99.97,71.7,32.52,10.32,0.5273,1.029,0.4349,0.1624,0.03502,1651.0,34.25,63.55,19.15,47.45,2.615,0.2545,1.369,0.5684,0.1914,19.55,0.2961,1.119,3.342,8.545,0.9768,3.215,0.2769,0.3743,0.14,0.0485,0.0,0.0,0.0,0.0,0.0,0.0,0.0,0.0,0.0,0.0,0.0,0.5406,0.02839,0.6377,0.9303,0.2808,2.123,3.287,0.4257,0.1807,0.2593,0.0494,8.28E-6,4.056E-6,1.951E-4,2.62E-4,5.806E-5,4.105E-4,4.959E-5,5.73E-6,3.295E-6,6.056E-6,1.364E-6,
0.0,0.0,0.0,0.0,0.0,0.0,0.0,0.0,0.0,0.0,0.0,0.0,0.0,0.0,0.0,0.0,0.0,0.0,0.0,0.0,0.0,0.0,2.8E-6,0.002876,0.02655,0.8724,1.388,0.507,1.148,0.09348,0.007791,0.007751,0.01683,0.002602,0.0,0.0,0.0,0.0,0.0,0.0,0.0,0.0,0.0,0.0,0.0,0.0,0.0,0.0,0.0,0.0,0.0,0.0,0.0,0.0,0.0,0.0,2.273E-22,0.0,5.22,8.419,1.566,20.81,0.9587,0.005301,0.00907,0.009609,8.49E-4,0.0,0.0,0.0,0.0,0.0,0.0,0.0,0.0,0.0,0.0,0.0,0.0,0.0,0.0,0.0,0.0,0.0,0.0,0.0,0.0,0.0,0.0,0.0,0.0,0.0,0.0,0.0,0.0,0.0,0.0,0.0,0.0,0.0,0.0,0.0,0.0,0.0,0.0,0.0,0.0,0.0,0.0,0.0,0.0,0.0,0.0,1.0E-4,20290.0,9.55E25,2832.0,3547.0,522.2,201300.0,19800.0,3292.0,1903.0,3332.0,1781.0,0.5205,279.5,24.77,99.97,71.7,32.52,10.33,0.5663,0.9549,0.461,0.1615,0.03502,1651.0,34.25,63.55,19.15,47.45,2.621,0.313,1.262,0.6021,0.192,19.55,0.2961,1.119,3.343,8.546,0.9768,3.217,0.2908,0.3472,0.1501,0.04816,0.0,0.0,0.0,0.0,0.0,0.0,0.0,0.0,0.0,0.0,0.0,0.5406,0.02839,0.6377,0.93,0.2807,2.123,3.286,0.4232,0.1845,0.261,0.0479,8.279E-6,4.056E-6,1.951E-4,2.62E-4,5.806E-5,4.105E-4,4.957E-5,5.685E-6,3.363E-6,6.082E-6,1.334E-6,
0.0,0.0,0.0,0.0,0.0,0.0,0.0,0.0,0.0,0.0,0.0,0.0,0.0,0.0,0.0,0.0,0.0,0.0,0.0,0.0,0.0,0.0,2.8E-6,0.002876,0.02655,0.8724,1.388,0.5069,1.147,0.09356,0.007975,0.007437,0.01689,0.002588,0.0,0.0,0.0,0.0,0.0,0.0,0.0,0.0,0.0,0.0,0.0,0.0,0.0,0.0,0.0,0.0,0.0,0.0,0.0,0.0,0.0,0.0,2.273E-22,0.0,5.22,8.419,1.566,20.81,0.9587,0.005301,0.00907,0.009609,8.49E-4,0.0,0.0,0.0,0.0,0.0,0.0,0.0,0.0,0.0,0.0,0.0,0.0,0.0,0.0,0.0,0.0,0.0,0.0,0.0,0.0,0.0,0.0,0.0,0.0,0.0,0.0,0.0,0.0,0.0,0.0,0.0,0.0,0.0,0.0,0.0,0.0,0.0,0.0,0.0,0.0,0.0,0.0,0.0,0.0,0.0,0.0,1.0E-4,20290.0,9.55E25,2832.0,3548.0,522.1,201300.0,19810.0,3316.0,1852.0,3364.0,1766.0,0.5205,279.5,24.77,99.97,71.7,32.52,10.33,0.4819,1.083,0.4212,0.1611,0.03502,1651.0,34.25,63.55,19.15,47.45,2.624,0.2031,1.44,0.5393,0.1926,19.55,0.2961,1.119,3.342,8.545,0.9768,3.216,0.2577,0.3959,0.137,0.04811,0.0,0.0,0.0,0.0,0.0,0.0,0.0,0.0,0.0,0.0,0.0,0.5406,0.02839,0.6377,0.9302,0.2807,2.122,3.287,0.4244,0.179,0.264,0.04797,8.279E-6,4.056E-6,1.951E-4,2.62E-4,5.806E-5,4.104E-4,4.96E-5,5.732E-6,3.25E-6,6.132E-6,1.324E-6,
0.0,0.0,0.0,0.0,0.0,0.0,0.0,0.0,0.0,0.0,0.0,0.0,0.0,0.0,0.0,0.0,0.0,0.0,0.0,0.0,0.0,0.0,2.8E-6,0.002876,0.02655,0.8724,1.388,0.5069,1.147,0.09509,0.006423,0.007464,0.01689,0.002593,0.0,0.0,0.0,0.0,0.0,0.0,0.0,0.0,0.0,0.0,0.0,0.0,0.0,0.0,0.0,0.0,0.0,0.0,0.0,0.0,0.0,0.0,2.273E-22,0.0,5.22,8.419,1.566,20.81,0.9581,0.005369,0.009185,0.009731,8.598E-4,0.0,0.0,0.0,0.0,0.0,0.0,0.0,0.0,0.0,0.0,0.0,0.0,0.0,0.0,0.0,0.0,0.0,0.0,0.0,0.0,0.0,0.0,0.0,0.0,0.0,0.0,0.0,0.0,0.0,0.0,0.0,0.0,0.0,0.0,0.0,0.0,0.0,0.0,0.0,0.0,0.0,0.0,0.0,0.0,0.0,0.0,1.0E-4,20290.0,9.55E25,2832.0,3546.0,522.2,201300.0,20480.0,2624.0,1869.0,3369.0,1814.0,0.5205,279.5,24.77,99.98,71.7,32.52,10.4,0.4212,1.06,0.4259,0.163,0.03502,1651.0,34.25,63.56,19.15,47.45,2.655,0.1874,1.405,0.545,0.194,19.55,0.2961,1.119,3.345,8.546,0.9768,3.254,0.2212,0.3876,0.1389,0.04906,0.0,0.0,0.0,0.0,0.0,0.0,0.0,0.0,0.0,0.0,0.0,0.5406,0.02839,0.6377,0.93,0.2808,2.122,3.375,0.3323,0.1812,0.2649,0.04884,8.279E-6,4.056E-6,1.951E-4,2.62E-4,5.806E-5,4.104E-4,5.074E-5,4.544E-6,3.28E-6,6.139E-6,1.332E-6,
0.0,0.0,0.0,0.0,0.0,0.0,0.0,0.0,0.0,0.0,0.0,0.0,0.0,0.0,0.0,0.0,0.0,0.0,0.0,0.0,0.0,0.0,2.8E-6,0.002876,0.02655,0.8724,1.388,0.5069,1.147,0.09612,0.005582,0.007428,0.01663,0.00271,0.0,0.0,0.0,0.0,0.0,0.0,0.0,0.0,0.0,0.0,0.0,0.0,0.0,0.0,0.0,0.0,0.0,0.0,0.0,0.0,0.0,0.0,2.273E-22,0.0,5.304,8.517,1.566,21.63,0.9581,0.005369,0.009185,0.009731,8.598E-4,0.0,0.0,0.0,0.0,0.0,0.0,0.0,0.0,0.0,0.0,0.0,0.0,0.0,0.0,0.0,0.0,0.0,0.0,0.0,0.0,0.0,0.0,0.0,0.0,0.0,0.0,0.0,0.0,0.0,0.0,0.0,0.0,0.0,0.0,0.0,0.0,0.0,0.0,0.0,0.0,0.0,0.0,0.0,0.0,0.0,0.0,1.0E-4,20290.0,9.55E25,2831.0,3547.0,522.2,201300.0,20880.0,2214.0,1880.0,3401.0,1778.0,0.5205,279.5,24.77,99.97,71.7,32.52,10.44,0.3591,1.108,0.4074,0.1633,0.03502,1651.0,34.26,63.55,19.15,47.45,2.674,0.1713,1.447,0.5127,0.1945,19.55,0.2961,1.119,3.342,8.545,0.9768,3.277,0.1841,0.4105,0.1341,0.04908,0.0,0.0,0.0,0.0,0.0,0.0,0.0,0.0,0.0,0.0,0.0,0.5406,0.02839,0.6376,0.9301,0.2808,2.122,3.426,0.2776,0.1831,0.2657,0.05043,8.279E-6,4.056E-6,1.951E-4,2.62E-4,5.806E-5,4.103E-4,5.143E-5,3.853E-6,3.309E-6,6.112E-6,1.338E-6,
0.0,0.0,0.0,0.0,0.0,0.0,0.0,0.0,0.0,0.0,0.0,0.0,0.0,0.0,0.0,0.0,0.0,0.0,0.0,0.0,0.0,0.0,2.8E-6,0.002876,0.02655,0.8723,1.388,0.5069,1.147,0.09595,0.005698,0.007838,0.0161,0.002895,0.0,0.0,0.0,0.0,0.0,0.0,0.0,0.0,0.0,0.0,0.0,0.0,0.0,0.0,0.0,0.0,0.0,0.0,0.0,0.0,0.0,0.0,2.273E-22,0.0,5.304,8.517,1.566,21.63,0.9581,0.005369,0.009185,0.009731,8.598E-4,0.0,0.0,0.0,0.0,0.0,0.0,0.0,0.0,0.0,0.0,0.0,0.0,0.0,0.0,0.0,0.0,0.0,0.0,0.0,0.0,0.0,0.0,0.0,0.0,0.0,0.0,0.0,0.0,0.0,0.0,0.0,0.0,0.0,0.0,0.0,0.0,0.0,0.0,0.0,0.0,0.0,0.0,0.0,0.0,0.0,0.0,1.0E-4,20290.0,9.55E25,2831.0,3544.0,522.1,201300.0,20920.0,2198.0,1858.0,3411.0,1773.0,0.5205,279.5,24.77,99.97,71.7,32.52,10.44,0.4794,0.9472,0.4439,0.1649,0.03502,1651.0,34.26,63.55,19.15,47.45,2.674,0.3547,1.209,0.5619,0.1967,19.55,0.2961,1.119,3.343,8.546,0.9768,3.277,0.2258,0.3526,0.1488,0.04947,0.0,0.0,0.0,0.0,0.0,0.0,0.0,0.0,0.0,0.0,0.0,0.5406,0.02839,0.6376,0.9299,0.2807,2.122,3.43,0.2735,0.1819,0.2659,0.05156,8.279E-6,4.056E-6,1.951E-4,2.62E-4,5.806E-5,4.103E-4,5.145E-5,3.834E-6,3.358E-6,6.026E-6,1.38E-6,
0.0,0.0,0.0,0.0,0.0,0.0,0.0,0.0,0.0,0.0,0.0,0.0,0.0,0.0,0.0,0.0,0.0,0.0,0.0,0.0,0.0,0.0,2.8E-6,0.002876,0.02655,0.8723,1.388,0.5069,1.147,0.09592,0.005787,0.007788,0.01585,0.003128,0.0,0.0,0.0,0.0,0.0,0.0,0.0,0.0,0.0,0.0,0.0,0.0,0.0,0.0,0.0,0.0,0.0,0.0,0.0,0.0,0.0,0.0,2.273E-22,0.0,5.304,8.518,1.567,21.63,0.9576,0.005438,0.009304,0.009856,8.709E-4,0.0,0.0,0.0,0.0,0.0,0.0,0.0,0.0,0.0,0.0,0.0,0.0,0.0,0.0,0.0,0.0,0.0,0.0,0.0,0.0,0.0,0.0,0.0,0.0,0.0,0.0,0.0,0.0,0.0,0.0,0.0,0.0,0.0,0.0,0.0,0.0,0.0,0.0,0.0,0.0,0.0,0.0,0.0,0.0,0.0,0.0,1.0E-4,20290.0,9.55E25,2831.0,3544.0,522.4,201300.0,20910.0,2222.0,1844.0,3376.0,1812.0,0.5205,279.5,24.77,99.97,71.7,32.52,10.44,0.3915,1.07,0.407,0.1668,0.03502,1651.0,34.26,63.55,19.15,47.45,2.678,0.2325,1.378,0.5064,0.1988,19.55,0.2961,1.119,3.343,8.546,0.977,3.274,0.1927,0.3995,0.1357,0.05019,0.0,0.0,0.0,0.0,0.0,0.0,0.0,0.0,0.0,0.0,0.0,0.5406,0.02839,0.6376,0.93,0.2808,2.122,3.427,0.2764,0.1801,0.2635,0.05541,8.279E-6,4.056E-6,1.951E-4,2.619E-4,5.806E-5,4.103E-4,5.142E-5,3.88E-6,3.33E-6,5.948E-6,1.467E-6,
0.0,0.0,0.0,0.0,0.0,0.0,0.0,0.0,0.0,0.0,0.0,0.0,0.0,0.0,0.0,0.0,0.0,0.0,0.0,0.0,0.0,0.0,2.8E-6,0.002876,0.02655,0.8723,1.387,0.507,1.147,0.09588,0.00578,0.007791,0.01612,0.002898,0.0,0.0,0.0,0.0,0.0,0.0,0.0,0.0,0.0,0.0,0.0,0.0,0.0,0.0,0.0,0.0,0.0,0.0,0.0,0.0,0.0,0.0,2.273E-22,0.0,5.304,8.518,1.567,21.63,0.9576,0.005438,0.009304,0.009856,8.709E-4,0.0,0.0,0.0,0.0,0.0,0.0,0.0,0.0,0.0,0.0,0.0,0.0,0.0,0.0,0.0,0.0,0.0,0.0,0.0,0.0,0.0,0.0,0.0,0.0,0.0,0.0,0.0,0.0,0.0,0.0,0.0,0.0,0.0,0.0,0.0,0.0,0.0,0.0,0.0,0.0,0.0,0.0,0.0,0.0,0.0,0.0,1.0E-4,20290.0,9.55E25,2831.0,3543.0,524.0,201300.0,20900.0,2219.0,1844.0,3426.0,1764.0,0.5205,279.5,24.77,99.4,72.28,32.52,10.43,0.3766,1.095,0.4011,0.1685,0.03502,1651.0,34.26,63.55,19.16,47.45,2.666,0.2119,1.412,0.4985,0.2014,19.55,0.2961,1.119,3.326,8.563,0.977,3.274,0.1867,0.4083,0.1329,0.05027,0.0,0.0,0.0,0.0,0.0,0.0,0.0,0.0,0.0,0.0,0.0,0.5406,0.02839,0.6376,0.9293,0.2815,2.122,3.427,0.2762,0.1802,0.2675,0.0516,8.279E-6,4.056E-6,1.951E-4,2.618E-4,5.814E-5,4.103E-4,5.141E-5,3.877E-6,3.331E-6,6.043E-6,1.381E-6,
0.0,0.0,0.0,0.0,0.0,0.0,0.0,0.0,0.0,0.0,0.0,0.0,0.0,0.0,0.0,0.0,0.0,0.0,0.0,0.0,0.0,0.0,2.8E-6,0.002876,0.02659,0.8723,1.387,0.507,1.147,0.09577,0.005814,0.007956,0.01591,0.002977,0.0,0.0,0.0,0.0,0.0,0.0,0.0,0.0,0.0,0.0,0.0,0.0,0.0,0.0,0.0,0.0,0.0,0.0,0.0,0.0,0.0,0.0,2.273E-22,0.0,5.304,8.518,1.567,21.63,0.9576,0.005438,0.009304,0.009856,8.709E-4,0.0,0.0,0.0,0.0,0.0,0.0,0.0,0.0,0.0,0.0,0.0,0.0,0.0,0.0,0.0,0.0,0.0,0.0,0.0,0.0,0.0,0.0,0.0,0.0,0.0,0.0,0.0,0.0,0.0,0.0,0.0,0.0,0.0,0.0,0.0,0.0,0.0,0.0,0.0,0.0,0.0,0.0,0.0,0.0,0.0,0.0,1.0E-4,20290.0,9.55E25,2830.0,3543.0,524.0,201300.0,20850.0,2241.0,1877.0,3411.0,1794.0,0.5205,279.5,24.77,99.4,72.28,32.52,10.42,0.3713,1.101,0.4008,0.1708,0.03502,1651.0,34.26,63.55,19.16,47.45,2.67,0.1964,1.42,0.4979,0.2046,19.55,0.2983,1.119,3.326,8.563,0.977,3.268,0.1863,0.4111,0.1328,0.0512,0.0,0.0,0.0,0.0,0.0,0.0,0.0,0.0,0.0,0.0,0.0,0.5406,0.03044,0.6376,0.9293,0.2815,2.121,3.419,0.2799,0.1827,0.266,0.05347,8.279E-6,4.081E-6,1.951E-4,2.618E-4,5.814E-5,4.102E-4,5.131E-5,3.917E-6,3.391E-6,5.982E-6,1.416E-6,
0.0,0.0,0.0,0.0,0.0,0.0,0.0,0.0,0.0,0.0,0.0,0.0,0.0,0.0,0.0,0.0,0.0,0.0,0.0,0.0,0.0,0.0,2.8E-6,0.002876,0.02659,0.8723,1.381,0.5129,1.147,0.09577,0.005825,0.00793,0.016,0.002909,0.0,0.0,0.0,0.0,0.0,0.0,0.0,0.0,0.0,0.0,0.0,0.0,0.0,0.0,0.0,0.0,0.0,0.0,0.0,0.0,0.0,0.0,2.273E-22,0.0,5.304,8.518,1.567,21.63,0.9576,0.005438,0.009304,0.009856,8.709E-4,0.0,0.0,0.0,0.0,0.0,0.0,0.0,0.0,0.0,0.0,0.0,0.0,0.0,0.0,0.0,0.0,0.0,0.0,0.0,0.0,0.0,0.0,0.0,0.0,0.0,0.0,0.0,0.0,0.0,0.0,0.0,0.0,0.0,0.0,0.0,0.0,0.0,0.0,0.0,0.0,0.0,0.0,0.0,0.0,0.0,0.0,1.0E-4,20290.0,9.55E25,2830.0,3538.0,526.1,201300.0,20850.0,2244.0,1860.0,3437.0,1781.0,0.5205,279.5,24.77,100.1,72.32,32.52,10.42,0.3575,0.3789,0.3817,0.168,0.03502,1651.0,34.25,64.56,19.2,47.45,2.666,0.1788,0.429,0.4684,0.2004,19.55,0.2983,1.119,3.615,8.564,0.9768,3.267,0.1808,0.1364,0.1262,0.05016,0.0,0.0,0.0,0.0,0.0,0.0,0.0,0.0,0.0,0.0,0.0,0.5406,0.03044,0.6376,0.9286,0.282,2.121,3.419,0.2801,0.1799,0.2694,0.05248,8.279E-6,4.081E-6,1.951E-4,2.616E-4,5.833E-5,4.102E-4,5.131E-5,3.921E-6,3.363E-6,6.031E-6,1.391E-6,
0.0,0.0,0.0,0.0,0.0,0.0,0.0,0.0,0.0,0.0,0.0,0.0,0.0,0.0,0.0,0.0,0.0,0.0,0.0,0.0,0.0,0.0,2.8E-6,0.002875,0.02659,0.8638,1.379,0.505,1.165,0.09582,0.005854,0.007834,0.01603,0.002898,0.0,0.0,0.0,0.0,0.0,0.0,0.0,0.0,0.0,0.0,0.0,0.0,0.0,0.0,0.0,0.0,0.0,0.0,0.0,0.0,0.0,0.0,2.273E-22,0.0,5.045,8.455,1.325,22.19,0.9575,0.005455,0.009333,0.009888,8.737E-4,0.0,0.0,0.0,0.0,0.0,0.0,0.0,0.0,0.0,0.0,0.0,0.0,0.0,0.0,0.0,0.0,0.0,0.0,0.0,0.0,0.0,0.0,0.0,0.0,0.0,0.0,0.0,0.0,0.0,0.0,0.0,0.0,0.0,0.0,0.0,0.0,0.0,0.0,0.0,0.0,0.0,0.0,0.0,0.0,0.0,0.0,1.0E-4,20290.0,9.55E25,2941.0,3564.0,629.3,201000.0,20850.0,2241.0,1853.0,3455.0,1858.0,0.5205,279.5,24.63,100.1,72.2,32.82,10.42,0.3571,0.3771,0.3871,0.1679,0.03502,1651.0,34.09,64.52,19.05,47.81,2.669,0.1843,0.415,0.4737,0.2003,19.55,0.2983,1.117,3.614,8.562,0.9815,3.265,0.1795,0.138,0.1287,0.05024,0.0,0.0,0.0,0.0,0.0,0.0,0.0,0.0,0.0,0.0,0.0,0.5405,0.03044,0.6361,0.9282,0.2806,2.124,3.418,0.279,0.18,0.2713,0.05237,8.278E-6,4.081E-6,1.939E-4,2.613E-4,5.728E-5,4.126E-4,5.132E-5,3.916E-6,3.347E-6,6.053E-6,1.388E-6,
0.0,0.0,0.0,0.0,0.0,0.0,0.0,0.0,0.0,0.0,0.0,0.0,0.0,0.0,0.0,0.0,0.0,0.0,0.0,0.0,0.0,0.0,2.8E-6,0.002875,0.02659,0.8636,1.38,0.505,1.165,0.09581,0.00606,0.007485,0.01618,0.002901,0.0,0.0,0.0,0.0,0.0,0.0,0.0,0.0,0.0,0.0,0.0,0.0,0.0,0.0,0.0,0.0,0.0,0.0,0.0,0.0,0.0,0.0,2.273E-22,0.0,5.17,8.485,1.441,22.92,0.9575,0.005455,0.009333,0.009888,8.737E-4,0.0,0.0,0.0,0.0,0.0,0.0,0.0,0.0,0.0,0.0,0.0,0.0,0.0,0.0,0.0,0.0,0.0,0.0,0.0,0.0,0.0,0.0,0.0,0.0,0.0,0.0,0.0,0.0,0.0,0.0,0.0,0.0,0.0,0.0,0.0,0.0,0.0,0.0,0.0,0.0,0.0,0.0,0.0,0.0,0.0,0.0,1.0E-4,20290.0,9.55E25,2920.0,3585.0,629.3,201000.0,20850.0,2274.0,1781.0,3498.0,1858.0,0.5205,279.5,24.63,100.1,72.2,32.82,10.41,0.3479,0.3866,0.388,0.1673,0.03502,1651.0,34.09,64.52,19.05,47.81,2.669,0.1823,0.4199,0.4711,0.2003,19.55,0.2983,1.116,3.614,8.562,0.9814,3.264,0.1739,0.1433,0.1297,0.0499,0.0,0.0,0.0,0.0,0.0,0.0,0.0,0.0,0.0,0.0,0.0,0.5405,0.03044,0.6355,0.9287,0.2806,2.124,3.417,0.2813,0.1731,0.2766,0.05222,8.278E-6,4.081E-6,1.937E-4,2.615E-4,5.727E-5,4.125E-4,5.131E-5,3.979E-6,3.214E-6,6.131E-6,1.387E-6,
0.0,0.0,0.0,0.0,0.0,0.0,0.0,0.0,0.0,0.0,0.0,0.0,0.0,0.0,0.0,0.0,0.0,0.0,0.0,0.0,0.0,0.0,2.8E-6,0.002875,0.02659,0.8636,1.379,0.505,1.165,0.09558,0.006109,0.007755,0.01607,0.002923,0.0,0.0,0.0,0.0,0.0,0.0,0.0,0.0,0.0,0.0,0.0,0.0,0.0,0.0,0.0,0.0,0.0,0.0,0.0,0.0,0.0,0.0,2.273E-22,0.0,5.17,8.485,1.441,22.92,0.9569,0.005527,0.009455,0.01002,8.851E-4,0.0,0.0,0.0,0.0,0.0,0.0,0.0,0.0,0.0,0.0,0.0,0.0,0.0,0.0,0.0,0.0,0.0,0.0,0.0,0.0,0.0,0.0,0.0,0.0,0.0,0.0,0.0,0.0,0.0,0.0,0.0,0.0,0.0,0.0,0.0,0.0,0.0,0.0,0.0,0.0,0.0,0.0,0.0,0.0,0.0,0.0,1.0E-4,20290.0,9.55E25,2919.0,3585.0,629.6,201000.0,20840.0,2272.0,1828.0,3471.0,1846.0,0.5205,279.5,24.63,100.1,72.2,32.82,10.41,0.3484,0.3889,0.3894,0.1662,0.03502,1651.0,34.09,64.52,19.05,47.81,2.667,0.1882,0.4169,0.4694,0.2005,19.55,0.2983,1.117,3.615,8.562,0.9815,3.262,0.1735,0.145,0.131,0.0492,0.0,0.0,0.0,0.0,0.0,0.0,0.0,0.0,0.0,0.0,0.0,0.5405,0.03044,0.6355,0.9288,0.2806,2.124,3.415,0.2803,0.1787,0.2746,0.05166,8.278E-6,4.081E-6,1.937E-4,2.615E-4,5.727E-5,4.125E-4,5.125E-5,4.003E-6,3.293E-6,6.086E-6,1.384E-6,
0.0,0.0,0.0,0.0,0.0,0.0,0.0,0.0,0.0,0.0,0.0,0.0,0.0,0.0,0.0,0.0,0.0,0.0,0.0,0.0,0.0,0.0,2.8E-6,0.002879,0.02659,0.8636,1.379,0.505,1.165,0.09558,0.006124,0.007716,0.01608,0.002927,0.0,0.0,0.0,0.0,0.0,0.0,0.0,0.0,0.0,0.0,0.0,0.0,0.0,0.0,0.0,0.0,0.0,0.0,0.0,0.0,0.0,0.0,2.273E-22,0.0,5.17,8.485,1.441,22.92,0.9569,0.005527,0.009455,0.01002,8.851E-4,0.0,0.0,0.0,0.0,0.0,0.0,0.0,0.0,0.0,0.0,0.0,0.0,0.0,0.0,0.0,0.0,0.0,0.0,0.0,0.0,0.0,0.0,0.0,0.0,0.0,0.0,0.0,0.0,0.0,0.0,0.0,0.0,0.0,0.0,0.0,0.0,0.0,0.0,0.0,0.0,0.0,0.0,0.0,0.0,0.0,0.0,1.0E-4,20300.0,9.55E25,2919.0,3585.0,629.6,201000.0,20830.0,2275.0,1821.0,3478.0,1841.0,0.5219,279.5,24.63,100.1,72.2,32.82,10.41,0.3478,0.3929,0.3869,0.1658,0.03502,1651.0,34.09,64.52,19.05,47.81,2.669,0.1878,0.4209,0.4635,0.2005,19.56,0.2983,1.117,3.615,8.562,0.9815,3.261,0.1727,0.1468,0.1305,0.04876,0.0,0.0,0.0,0.0,0.0,0.0,0.0,0.0,0.0,0.0,0.0,0.5411,0.03044,0.6355,0.9288,0.2806,2.124,3.413,0.281,0.1778,0.2762,0.05157,8.285E-6,4.081E-6,1.937E-4,2.615E-4,5.727E-5,4.125E-4,5.123E-5,4.013E-6,3.277E-6,6.103E-6,1.384E-6,
0.0,0.0,0.0,0.0,0.0,0.0,0.0,0.0,0.0,0.0,0.0,0.0,0.0,0.0,0.0,0.0,0.0,0.0,0.0,0.0,0.0,0.0,2.8E-6,0.002879,0.02659,0.8632,1.31,0.4269,1.165,0.2435,0.00614,0.007643,0.01612,0.002953,0.0,0.0,0.0,0.0,0.0,0.0,0.0,0.0,0.0,0.0,0.0,0.0,0.0,0.0,0.0,0.0,0.0,0.0,0.0,0.0,0.0,0.0,2.273E-22,0.0,5.17,8.486,1.441,22.92,0.9563,0.0056,0.009581,0.01015,8.968E-4,0.0,0.0,0.0,0.0,0.0,0.0,0.0,0.0,0.0,0.0,0.0,0.0,0.0,0.0,0.0,0.0,0.0,0.0,0.0,0.0,0.0,0.0,0.0,0.0,0.0,0.0,0.0,0.0,0.0,0.0,0.0,0.0,0.0,0.0,0.0,0.0,0.0,0.0,0.0,0.0,0.0,0.0,0.0,0.0,0.0,0.0,1.0E-4,20300.0,9.55E25,2915.0,3578.0,617.1,201000.0,20850.0,2275.0,1811.0,3520.0,1811.0,0.5219,279.5,24.63,96.88,72.19,32.82,13.62,0.3459,0.3945,0.3865,0.1664,0.03502,1651.0,34.09,61.63,19.04,47.81,5.557,0.1883,0.421,0.4626,0.2014,19.56,0.2983,1.117,3.573,8.563,0.9814,3.302,0.1713,0.1477,0.1303,0.04886,0.0,0.0,0.0,0.0,0.0,0.0,0.0,0.0,0.0,0.0,0.0,0.5411,0.03044,0.6348,0.9268,0.2776,2.124,3.419,0.2808,0.1768,0.2772,0.05207,8.285E-6,4.081E-6,1.935E-4,2.603E-4,5.572E-5,4.124E-4,5.416E-5,4.013E-6,3.253E-6,6.121E-6,1.394E-6,
0.0,0.0,0.0,0.0,0.0,0.0,0.0,0.0,0.0,0.0,0.0,0.0,0.0,0.0,0.0,0.0,0.0,0.0,0.0,0.0,0.0,0.0,2.8E-6,0.002879,0.02659,0.8628,1.31,0.4269,1.165,0.2435,0.006256,0.007197,0.01646,0.002948,0.0,0.0,0.0,0.0,0.0,0.0,0.0,0.0,0.0,0.0,0.0,0.0,0.0,0.0,0.0,0.0,0.0,0.0,0.0,0.0,0.0,0.0,2.273E-22,0.0,5.17,8.486,1.441,22.92,0.9563,0.0056,0.009581,0.01015,8.968E-4,0.0,0.0,0.0,0.0,0.0,0.0,0.0,0.0,0.0,0.0,0.0,0.0,0.0,0.0,0.0,0.0,0.0,0.0,0.0,0.0,0.0,0.0,0.0,0.0,0.0,0.0,0.0,0.0,0.0,0.0,0.0,0.0,0.0,0.0,0.0,0.0,0.0,0.0,0.0,0.0,0.0,0.0,0.0,0.0,0.0,0.0,1.0E-4,20300.0,9.55E25,2910.0,3581.0,617.4,201000.0,20850.0,2289.0,1713.0,3632.0,1866.0,0.5219,279.5,24.63,96.7,72.38,32.82,13.61,0.3476,0.389,0.3909,0.1664,0.03502,1651.0,34.09,61.36,19.32,47.81,5.557,0.199,0.4064,0.466,0.2014,19.56,0.2983,1.117,3.568,8.568,0.9815,3.301,0.1704,0.1471,0.1326,0.04894,0.0,0.0,0.0,0.0,0.0,0.0,0.0,0.0,0.0,0.0,0.0,0.5411,0.03044,0.6341,0.9273,0.2776,2.124,3.418,0.2811,0.1663,0.2882,0.05198,8.285E-6,4.081E-6,1.933E-4,2.605E-4,5.573E-5,4.124E-4,5.416E-5,4.039E-6,3.069E-6,6.287E-6,1.392E-6,
0.0,0.0,0.0,0.0,0.0,0.0,0.0,0.0,0.0,0.0,0.0,0.0,0.0,0.0,0.0,0.0,0.0,0.0,0.0,0.0,0.0,0.0,2.8E-6,0.002879,0.02663,0.8628,1.31,0.4269,1.165,0.2436,0.006277,0.007091,0.01642,0.00293,0.0,0.0,0.0,0.0,0.0,0.0,0.0,0.0,0.0,0.0,0.0,0.0,0.0,0.0,0.0,0.0,0.0,0.0,0.0,0.0,0.0,0.0,2.273E-22,0.0,5.17,8.486,1.441,22.92,0.9563,0.0056,0.009581,0.01015,8.968E-4,0.0,0.0,0.0,0.0,0.0,0.0,0.0,0.0,0.0,0.0,0.0,0.0,0.0,0.0,0.0,0.0,0.0,0.0,0.0,0.0,0.0,0.0,0.0,0.0,0.0,0.0,0.0,0.0,0.0,0.0,0.0,0.0,0.0,0.0,0.0,0.0,0.0,0.0,0.0,0.0,0.0,0.0,0.0,0.0,0.0,0.0,1.0E-4,20300.0,9.55E25,2910.0,3581.0,617.4,201000.0,20860.0,2307.0,1678.0,3626.0,1886.0,0.5219,279.5,24.63,96.7,72.38,32.82,13.6,0.3467,0.3941,0.3912,0.169,0.03502,1651.0,34.09,61.36,19.32,47.81,5.562,0.1893,0.4121,0.4657,0.2001,19.56,0.3002,1.117,3.568,8.568,0.9815,3.293,0.1716,0.1496,0.1325,0.05091,0.0,0.0,0.0,0.0,0.0,0.0,0.0,0.0,0.0,0.0,0.0,0.5411,0.03225,0.6341,0.9273,0.2776,2.124,3.418,0.2839,0.1616,0.2865,0.0536,8.284E-6,4.105E-6,1.933E-4,2.605E-4,5.573E-5,4.124E-4,5.418E-5,4.07E-6,3.007E-6,6.261E-6,1.403E-6,
0.0,0.0,0.0,0.0,0.0,0.0,0.0,0.0,0.0,0.0,0.0,0.0,0.0,0.0,0.0,0.0,0.0,0.0,0.0,0.0,0.0,0.0,2.8E-6,0.002879,0.02663,0.8628,1.31,0.4269,1.165,0.2436,0.006291,0.006558,0.01695,0.002933,0.0,0.0,0.0,0.0,0.0,0.0,0.0,0.0,0.0,0.0,0.0,0.0,0.0,0.0,0.0,0.0,0.0,0.0,0.0,0.0,0.0,0.0,2.273E-22,0.0,5.17,8.486,1.441,22.92,0.9557,0.005675,0.00971,0.01029,9.089E-4,0.0,0.0,0.0,0.0,0.0,0.0,0.0,0.0,0.0,0.0,0.0,0.0,0.0,0.0,0.0,0.0,0.0,0.0,0.0,0.0,0.0,0.0,0.0,0.0,0.0,0.0,0.0,0.0,0.0,0.0,0.0,0.0,0.0,0.0,0.0,0.0,0.0,0.0,0.0,0.0,0.0,0.0,0.0,0.0,0.0,0.0,1.0E-4,20300.0,9.55E25,2910.0,3581.0,617.8,201000.0,20860.0,2309.0,1550.0,3765.0,1878.0,0.5219,279.5,24.63,96.7,72.38,32.82,13.6,0.346,0.3908,0.3965,0.1689,0.03502,1651.0,34.09,61.36,19.32,47.81,5.562,0.1899,0.4082,0.4694,0.1998,19.56,0.3002,1.117,3.568,8.568,0.9814,3.293,0.171,0.1481,0.1352,0.05086,0.0,0.0,0.0,0.0,0.0,0.0,0.0,0.0,0.0,0.0,0.0,0.5411,0.03225,0.6341,0.9274,0.2777,2.124,3.418,0.2838,0.1466,0.3021,0.05373,8.284E-6,4.105E-6,1.933E-4,2.605E-4,5.573E-5,4.123E-4,5.417E-5,4.072E-6,2.764E-6,6.509E-6,1.405E-6,
0.0,0.0,0.0,0.0,0.0,0.0,0.0,0.0,0.0,0.0,0.0,0.0,0.0,0.0,0.0,0.0,0.0,0.0,0.0,0.0,0.0,0.0,2.8E-6,0.002879,0.02663,0.8628,1.31,0.4269,1.165,0.2436,0.006287,0.006556,0.01695,0.002933,0.0,0.0,0.0,0.0,0.0,0.0,0.0,0.0,0.0,0.0,0.0,0.0,0.0,0.0,0.0,0.0,0.0,0.0,0.0,0.0,0.0,0.0,2.273E-22,0.0,5.17,8.486,1.441,22.92,0.9557,0.005675,0.00971,0.01029,9.089E-4,0.0,0.0,0.0,0.0,0.0,0.0,0.0,0.0,0.0,0.0,0.0,0.0,0.0,0.0,0.0,0.0,0.0,0.0,0.0,0.0,0.0,0.0,0.0,0.0,0.0,0.0,0.0,0.0,0.0,0.0,0.0,0.0,0.0,0.0,0.0,0.0,0.0,0.0,0.0,0.0,0.0,0.0,0.0,0.0,0.0,0.0,1.0E-4,20300.0,9.55E25,2910.0,3581.0,617.8,201000.0,20860.0,2309.0,1550.0,3824.0,1902.0,0.5219,279.5,24.63,96.7,72.38,32.82,13.6,0.3478,0.3892,0.3966,0.169,0.03502,1651.0,34.09,61.36,19.32,47.81,5.563,0.1894,0.4079,0.4695,0.1999,19.56,0.3002,1.117,3.568,8.568,0.9814,3.292,0.1721,0.1471,0.1353,0.05091,0.0,0.0,0.0,0.0,0.0,0.0,0.0,0.0,0.0,0.0,0.0,0.541,0.03225,0.6341,0.9274,0.2777,2.124,3.418,0.2841,0.1462,0.302,0.05377,8.284E-6,4.105E-6,1.933E-4,2.605E-4,5.573E-5,4.123E-4,5.417E-5,4.073E-6,2.76E-6,6.508E-6,1.405E-6,
0.0,0.0,0.0,0.0,0.0,0.0,0.0,0.0,0.0,0.0,0.0,0.0,0.0,0.0,0.0,0.0,0.0,0.0,0.0,0.0,0.0,0.0,2.8E-6,0.002879,0.02663,0.8627,1.31,0.4269,1.164,0.2436,0.006296,0.006705,0.01672,0.003028,0.0,0.0,0.0,0.0,0.0,0.0,0.0,0.0,0.0,0.0,0.0,0.0,0.0,0.0,0.0,0.0,0.0,0.0,0.0,0.0,0.0,0.0,2.272E-22,0.0,5.17,8.486,1.441,22.92,0.9557,0.005675,0.00971,0.01029,9.089E-4,0.0,0.0,0.0,0.0,0.0,0.0,0.0,0.0,0.0,0.0,0.0,0.0,0.0,0.0,0.0,0.0,0.0,0.0,0.0,0.0,0.0,0.0,0.0,0.0,0.0,0.0,0.0,0.0,0.0,0.0,0.0,0.0,0.0,0.0,0.0,0.0,0.0,0.0,0.0,0.0,0.0,0.0,0.0,0.0,0.0,0.0,1.0E-4,20300.0,9.55E25,2909.0,3580.0,617.7,201000.0,20850.0,2315.0,1576.0,3796.0,1983.0,0.5219,279.5,24.63,96.7,72.38,32.82,13.6,0.3477,0.3868,0.3966,0.1713,0.03502,1651.0,34.09,61.36,19.32,47.81,5.563,0.1894,0.4056,0.4686,0.2029,19.56,0.3002,1.117,3.568,8.568,0.9815,3.292,0.1722,0.146,0.1355,0.05188,0.0,0.0,0.0,0.0,0.0,0.0,0.0,0.0,0.0,0.0,0.0,0.541,0.03225,0.6341,0.9273,0.2777,2.123,3.417,0.2848,0.1478,0.2989,0.05558,8.283E-6,4.105E-6,1.933E-4,2.604E-4,5.573E-5,4.122E-4,5.416E-5,4.082E-6,2.807E-6,6.43E-6,1.44E-6,
0.0,0.0,0.0,0.0,0.0,0.0,0.0,0.0,0.0,0.0,0.0,0.0,0.0,0.0,0.0,0.0,0.0,0.0,0.0,0.0,0.0,0.0,2.8E-6,0.002879,0.02666,0.8627,1.31,0.4267,1.164,0.2449,0.006138,0.006724,0.01601,0.002851,0.0,0.0,0.0,0.0,0.0,0.0,0.0,0.0,0.0,0.0,0.0,0.0,0.0,0.0,0.0,0.0,0.0,0.0,0.0,0.0,0.0,0.0,2.272E-22,0.0,5.17,8.486,1.441,22.92,0.9551,0.005752,0.009842,0.01043,9.213E-4,0.0,0.0,0.0,0.0,0.0,0.0,0.0,0.0,0.0,0.0,0.0,0.0,0.0,0.0,0.0,0.0,0.0,0.0,0.0,0.0,0.0,0.0,0.0,0.0,0.0,0.0,0.0,0.0,0.0,0.0,0.0,0.0,0.0,0.0,0.0,0.0,0.0,0.0,0.0,0.0,0.0,0.0,0.0,0.0,0.0,0.0,1.0E-4,20300.0,9.55E25,2909.0,3578.0,614.1,201000.0,20860.0,2313.0,1628.0,3732.0,1981.0,0.5219,279.5,24.63,96.7,72.38,32.82,13.6,0.3481,0.3852,0.3991,0.1713,0.03502,1651.0,34.09,61.36,19.32,47.81,5.566,0.1891,0.4031,0.4682,0.2024,19.56,0.3022,1.117,3.569,8.569,0.9815,3.287,0.1725,0.1456,0.1384,0.05161,0.0,0.0,0.0,0.0,0.0,0.0,0.0,0.0,0.0,0.0,0.0,0.541,0.03412,0.6341,0.9274,0.2776,2.123,3.415,0.2849,0.1515,0.294,0.05638,8.283E-6,4.129E-6,1.933E-4,2.604E-4,5.569E-5,4.122E-4,5.434E-5,4.053E-6,2.858E-6,6.309E-6,1.385E-6,
0.0,0.0,0.0,0.0,0.0,0.0,0.0,0.0,0.0,0.0,0.0,0.0,0.0,0.0,0.0,0.0,0.0,0.0,0.0,0.0,0.0,0.0,2.8E-6,0.002879,0.02666,0.8627,1.31,0.4266,1.164,0.2451,0.005862,0.00669,0.01627,0.002742,0.0,0.0,0.0,0.0,0.0,0.0,0.0,0.0,0.0,0.0,0.0,0.0,0.0,0.0,0.0,0.0,0.0,0.0,0.0,0.0,0.0,0.0,2.272E-22,0.0,5.17,8.486,1.441,22.92,0.9551,0.005752,0.009842,0.01043,9.213E-4,0.0,0.0,0.0,0.0,0.0,0.0,0.0,0.0,0.0,0.0,0.0,0.0,0.0,0.0,0.0,0.0,0.0,0.0,0.0,0.0,0.0,0.0,0.0,0.0,0.0,0.0,0.0,0.0,0.0,0.0,0.0,0.0,0.0,0.0,0.0,0.0,0.0,0.0,0.0,0.0,0.0,0.0,0.0,0.0,0.0,0.0,1.0E-4,20300.0,9.55E25,2909.0,3578.0,614.1,201000.0,20920.0,2194.0,1659.0,3789.0,1950.0,0.5219,279.5,24.63,96.7,72.38,32.82,13.59,0.3475,0.3882,0.3991,0.1713,0.03502,1651.0,34.09,61.36,19.32,47.81,5.57,0.19,0.3982,0.4682,0.2024,19.56,0.3022,1.117,3.569,8.569,0.9815,3.285,0.1719,0.1485,0.1384,0.05161,0.0,0.0,0.0,0.0,0.0,0.0,0.0,0.0,0.0,0.0,0.0,0.541,0.03412,0.6341,0.9273,0.2776,2.123,3.421,0.2697,0.1578,0.2986,0.05448,8.283E-6,4.129E-6,1.933E-4,2.604E-4,5.569E-5,4.122E-4,5.443E-5,3.853E-6,2.909E-6,6.409E-6,1.344E-6,
0.0,0.0,0.0,0.0,0.0,0.0,0.0,0.0,0.0,0.0,0.0,0.0,0.0,0.0,0.0,0.0,0.0,0.0,0.0,0.0,0.0,0.0,2.8E-6,0.002879,0.02666,0.8627,1.305,0.4217,1.164,0.2528,0.006769,0.006683,0.01656,0.003227,0.0,0.0,0.0,0.0,0.0,0.0,0.0,0.0,0.0,0.0,0.0,0.0,0.0,0.0,0.0,0.0,0.0,0.0,0.0,0.0,0.0,0.0,2.272E-22,0.0,5.17,8.486,1.441,22.92,0.9551,0.005752,0.009842,0.01043,9.213E-4,0.0,0.0,0.0,0.0,0.0,0.0,0.0,0.0,0.0,0.0,0.0,0.0,0.0,0.0,0.0,0.0,0.0,0.0,0.0,0.0,0.0,0.0,0.0,0.0,0.0,0.0,0.0,0.0,0.0,0.0,0.0,0.0,0.0,0.0,0.0,0.0,0.0,0.0,0.0,0.0,0.0,0.0,0.0,0.0,0.0,0.0,1.0E-4,20300.0,9.55E25,2909.0,3580.0,618.1,201000.0,20810.0,2339.0,1619.0,3779.0,1953.0,0.5219,279.5,24.63,96.68,72.36,32.82,13.62,0.3514,0.3829,0.4015,0.1735,0.03502,1651.0,34.09,61.35,19.32,47.81,5.582,0.1959,0.3884,0.4692,0.1998,19.56,0.3022,1.117,3.57,8.57,0.9814,3.28,0.1729,0.1469,0.1396,0.0527,0.0,0.0,0.0,0.0,0.0,0.0,0.0,0.0,0.0,0.0,0.0,0.541,0.03412,0.6341,0.9266,0.2772,2.123,3.408,0.2874,0.1529,0.2992,0.05512,8.283E-6,4.129E-6,1.933E-4,2.593E-4,5.469E-5,4.122E-4,5.601E-5,4.181E-6,2.862E-6,6.49E-6,1.446E-6,
0.0,0.0,0.0,0.0,0.0,0.0,0.0,0.0,0.0,0.0,0.0,0.0,0.0,0.0,0.0,0.0,0.0,0.0,0.0,0.0,0.0,0.0,2.8E-6,0.002879,0.02666,0.8627,1.305,0.4217,1.164,0.2526,0.006856,0.006552,0.01674,0.00327,0.0,0.0,0.0,0.0,0.0,0.0,0.0,0.0,0.0,0.0,0.0,0.0,0.0,0.0,0.0,0.0,0.0,0.0,0.0,0.0,0.0,0.0,2.272E-22,0.0,5.17,8.486,1.441,22.92,0.9545,0.005832,0.009978,0.01057,9.34E-4,0.0,0.0,0.0,0.0,0.0,0.0,0.0,0.0,0.0,0.0,0.0,0.0,0.0,0.0,0.0,0.0,0.0,0.0,0.0,0.0,0.0,0.0,0.0,0.0,0.0,0.0,0.0,0.0,0.0,0.0,0.0,0.0,0.0,0.0,0.0,0.0,0.0,0.0,0.0,0.0,0.0,0.0,0.0,0.0,0.0,0.0,1.0E-4,20300.0,9.55E25,2909.0,3580.0,618.4,201000.0,20760.0,2350.0,1596.0,3842.0,1951.0,0.5219,279.5,24.63,96.68,72.36,32.82,13.62,0.3531,0.3761,0.4112,0.175,0.03502,1651.0,34.09,61.35,19.32,47.81,5.589,0.1945,0.376,0.4776,0.1982,19.56,0.3022,1.117,3.57,8.57,0.9814,3.275,0.174,0.1449,0.1438,0.05399,0.0,0.0,0.0,0.0,0.0,0.0,0.0,0.0,0.0,0.0,0.0,0.541,0.03412,0.6341,0.9267,0.2772,2.123,3.399,0.2895,0.1509,0.3053,0.05831,8.283E-6,4.129E-6,1.933E-4,2.593E-4,5.469E-5,4.121E-4,5.593E-5,4.206E-6,2.816E-6,6.559E-6,1.475E-6,
0.0,0.0,0.0,0.0,0.0,0.0,0.0,0.0,0.0,0.0,0.0,0.0,0.0,0.0,0.0,0.0,0.0,0.0,0.0,0.0,0.0,0.0,2.8E-6,0.002923,0.02666,0.8627,1.305,0.4217,1.164,0.2526,0.006915,0.006189,0.01702,0.003239,0.0,0.0,0.0,0.0,0.0,0.0,0.0,0.0,0.0,0.0,0.0,0.0,0.0,0.0,0.0,0.0,0.0,0.0,0.0,0.0,0.0,0.0,2.272E-22,0.0,5.17,8.486,1.441,22.92,0.9545,0.005832,0.009978,0.01057,9.34E-4,0.0,0.0,0.0,0.0,0.0,0.0,0.0,0.0,0.0,0.0,0.0,0.0,0.0,0.0,0.0,0.0,0.0,0.0,0.0,0.0,0.0,0.0,0.0,0.0,0.0,0.0,0.0,0.0,0.0,0.0,0.0,0.0,0.0,0.0,0.0,0.0,0.0,0.0,0.0,0.0,0.0,0.0,0.0,0.0,0.0,0.0,1.0E-4,20310.0,9.55E25,2909.0,3579.0,618.4,201000.0,20760.0,2356.0,1516.0,3904.0,1962.0,0.5233,279.5,24.63,96.68,72.36,32.82,13.62,0.3495,0.3804,0.4096,0.1737,0.03703,1651.0,34.09,61.35,19.32,47.81,5.589,0.1945,0.3793,0.4744,0.1962,19.56,0.3022,1.117,3.57,8.57,0.9814,3.276,0.1717,0.1471,0.1434,0.05357,0.0,0.0,0.0,0.0,0.0,0.0,0.0,0.0,0.0,0.0,0.0,0.5417,0.03412,0.6341,0.9266,0.2772,2.123,3.399,0.2898,0.1427,0.313,0.05786,8.301E-6,4.129E-6,1.932E-4,2.593E-4,5.469E-5,4.121E-4,5.594E-5,4.221E-6,2.666E-6,6.686E-6,1.463E-6,
0.0,0.0,0.0,0.0,0.0,0.0,0.0,0.0,0.0,0.0,0.0,0.0,0.0,0.0,0.0,0.0,0.0,0.0,0.0,0.0,0.0,0.0,2.8E-6,0.002923,0.02666,0.8627,1.305,0.4217,1.164,0.2526,0.006915,0.00616,0.01705,0.003239,0.0,0.0,0.0,0.0,0.0,0.0,0.0,0.0,0.0,0.0,0.0,0.0,0.0,0.0,0.0,0.0,0.0,0.0,0.0,0.0,0.0,0.0,2.272E-22,0.0,5.307,8.562,1.441,23.71,0.9545,0.005832,0.009978,0.01057,9.34E-4,0.0,0.0,0.0,0.0,0.0,0.0,0.0,0.0,0.0,0.0,0.0,0.0,0.0,0.0,0.0,0.0,0.0,0.0,0.0,0.0,0.0,0.0,0.0,0.0,0.0,0.0,0.0,0.0,0.0,0.0,0.0,0.0,0.0,0.0,0.0,0.0,0.0,0.0,0.0,0.0,0.0,0.0,0.0,0.0,0.0,0.0,1.0E-4,20310.0,9.55E25,3035.0,3649.0,618.4,200800.0,20770.0,2357.0,1513.0,3922.0,1943.0,0.5233,279.5,24.6,96.67,72.36,32.86,13.62,0.3496,0.3844,0.4053,0.1738,0.03703,1651.0,33.89,61.24,19.32,48.12,5.589,0.1945,0.3858,0.4676,0.1963,19.56,0.3022,1.115,3.569,8.57,0.9835,3.276,0.1717,0.1487,0.1417,0.05358,0.0,0.0,0.0,0.0,0.0,0.0,0.0,0.0,0.0,0.0,0.0,0.5417,0.03412,0.6333,0.9262,0.2772,2.124,3.399,0.2898,0.1421,0.3136,0.05784,8.301E-6,4.129E-6,1.928E-4,2.59E-4,5.469E-5,4.128E-4,5.594E-5,4.221E-6,2.664E-6,6.689E-6,1.463E-6,
0.0,0.0,0.0,0.0,0.0,0.0,0.0,0.0,0.0,0.0,0.0,0.0,0.0,0.0,0.0,0.0,0.0,0.0,0.0,0.0,0.0,0.0,2.8E-6,0.002962,0.02666,0.8626,1.305,0.4217,1.164,0.2526,0.006973,0.006065,0.01712,0.003174,0.0,0.0,0.0,0.0,0.0,0.0,0.0,0.0,0.0,0.0,0.0,0.0,0.0,0.0,0.0,0.0,0.0,0.0,0.0,0.0,0.0,0.0,2.272E-22,0.0,5.307,8.562,1.442,23.71,0.9539,0.005914,0.01012,0.01072,9.471E-4,0.0,0.0,0.0,0.0,0.0,0.0,0.0,0.0,0.0,0.0,0.0,0.0,0.0,0.0,0.0,0.0,0.0,0.0,0.0,0.0,0.0,0.0,0.0,0.0,0.0,0.0,0.0,0.0,0.0,0.0,0.0,0.0,0.0,0.0,0.0,0.0,0.0,0.0,0.0,0.0,0.0,0.0,0.0,0.0,0.0,0.0,1.0E-4,20320.0,9.55E25,3035.0,3649.0,619.1,200800.0,20750.0,2361.0,1507.0,3954.0,1914.0,0.5246,279.5,24.6,96.61,72.42,32.86,13.61,0.3466,0.3879,0.4079,0.1727,0.03881,1651.0,33.89,61.16,19.4,48.12,5.591,0.1992,0.3785,0.4684,0.1946,19.56,0.3022,1.115,3.546,8.594,0.9835,3.273,0.1689,0.1523,0.1432,0.05317,0.0,0.0,0.0,0.0,0.0,0.0,0.0,0.0,0.0,0.0,0.0,0.5423,0.03412,0.6333,0.9263,0.2773,2.124,3.396,0.2885,0.1438,0.316,0.05686,8.317E-6,4.129E-6,1.928E-4,2.59E-4,5.469E-5,4.128E-4,5.591E-5,4.221E-6,2.661E-6,6.724E-6,1.436E-6,
0.0,0.0,0.0,0.0,0.0,0.0,0.0,0.0,0.0,0.0,0.0,0.0,0.0,0.0,0.0,0.0,0.0,0.0,0.0,0.0,0.0,0.0,2.8E-6,0.003007,0.02666,0.8626,1.305,0.4217,1.164,0.2526,0.007014,0.006235,0.01696,0.003154,0.0,0.0,0.0,0.0,0.0,0.0,0.0,0.0,0.0,0.0,0.0,0.0,0.0,0.0,0.0,0.0,0.0,0.0,0.0,0.0,0.0,0.0,2.272E-22,0.0,5.307,8.561,1.441,23.71,0.9535,0.00343,0.0109,0.01186,0.003429,0.0,0.0,0.0,0.0,0.0,0.0,0.0,0.0,0.0,0.0,0.0,0.0,0.0,0.0,0.0,0.0,0.0,0.0,0.0,0.0,0.0,0.0,0.0,0.0,0.0,0.0,0.0,0.0,0.0,0.0,0.0,0.0,0.0,0.0,0.0,0.0,0.0,0.0,0.0,0.0,0.0,0.0,0.0,0.0,0.0,0.0,1.0E-4,20330.0,9.55E25,3034.0,3643.0,616.3,200800.0,20740.0,2359.0,1546.0,3923.0,1997.0,0.5261,279.5,24.6,96.6,72.42,32.86,13.61,0.3382,0.3934,0.4086,0.1768,0.04082,1651.0,33.89,61.16,19.4,48.12,5.59,0.1988,0.3793,0.4689,0.193,19.56,0.3022,1.115,3.545,8.593,0.9835,3.273,0.164,0.1555,0.1433,0.05561,0.0,0.0,0.0,0.0,0.0,0.0,0.0,0.0,0.0,0.0,0.0,0.543,0.03412,0.6332,0.9252,0.2769,2.124,3.395,0.2873,0.1475,0.3138,0.05844,8.334E-6,4.129E-6,1.928E-4,2.59E-4,5.468E-5,4.127E-4,5.589E-5,4.218E-6,2.733E-6,6.67E-6,1.446E-6,
0.0,0.0,0.0,0.0,0.0,0.0,0.0,0.0,0.0,0.0,0.0,0.0,0.0,0.0,0.0,0.0,0.0,0.0,0.0,0.0,0.0,0.0,2.8E-6,0.003007,0.02666,0.8626,1.305,0.4217,1.164,0.2525,0.007054,0.006365,0.01684,0.003143,0.0,0.0,0.0,0.0,0.0,0.0,0.0,0.0,0.0,0.0,0.0,0.0,0.0,0.0,0.0,0.0,0.0,0.0,0.0,0.0,0.0,0.0,2.272E-22,0.0,5.307,8.562,1.442,23.71,0.9492,0.003751,0.01192,0.01297,0.00375,0.0,0.0,0.0,0.0,0.0,0.0,0.0,0.0,0.0,0.0,0.0,0.0,0.0,0.0,0.0,0.0,0.0,0.0,0.0,0.0,0.0,0.0,0.0,0.0,0.0,0.0,0.0,0.0,0.0,0.0,0.0,0.0,0.0,0.0,0.0,0.0,0.0,0.0,0.0,0.0,0.0,0.0,0.0,0.0,0.0,0.0,1.0E-4,20330.0,9.55E25,3034.0,3648.0,618.8,200800.0,20720.0,2366.0,1580.0,3897.0,2047.0,0.5261,279.5,24.6,96.61,72.42,32.86,13.6,0.3413,0.3923,0.4135,0.1767,0.04082,1651.0,33.89,61.16,19.4,48.12,5.59,0.2011,0.3759,0.4711,0.1918,19.56,0.3022,1.115,3.546,8.594,0.9835,3.268,0.1655,0.1552,0.1457,0.05573,0.0,0.0,0.0,0.0,0.0,0.0,0.0,0.0,0.0,0.0,0.0,0.543,0.03412,0.6332,0.9261,0.2773,2.124,3.391,0.2886,0.1498,0.3131,0.05859,8.333E-6,4.129E-6,1.928E-4,2.59E-4,5.469E-5,4.127E-4,5.583E-5,4.238E-6,2.785E-6,6.637E-6,1.444E-6,
0.0,0.0,0.0,0.0,0.0,0.0,0.0,0.0,0.0,0.0,0.0,0.0,0.0,0.0,0.0,0.0,0.0,0.0,0.0,0.0,0.0,0.0,2.8E-6,0.003044,0.02671,0.8626,1.305,0.4217,1.164,0.2524,0.007138,0.006311,0.01689,0.003068,0.0,0.0,0.0,0.0,0.0,0.0,0.0,0.0,0.0,0.0,0.0,0.0,0.0,0.0,0.0,0.0,0.0,0.0,0.0,0.0,0.0,0.0,2.272E-22,0.0,5.307,8.562,1.442,23.71,0.9485,0.003804,0.01209,0.01315,0.003803,0.0,0.0,0.0,0.0,0.0,0.0,0.0,0.0,0.0,0.0,0.0,0.0,0.0,0.0,0.0,0.0,0.0,0.0,0.0,0.0,0.0,0.0,0.0,0.0,0.0,0.0,0.0,0.0,0.0,0.0,0.0,0.0,0.0,0.0,0.0,0.0,0.0,0.0,0.0,0.0,0.0,0.0,0.0,0.0,0.0,0.0,1.0E-4,20330.0,9.55E25,3034.0,3648.0,619.2,200800.0,20700.0,2375.0,1576.0,3920.0,2128.0,0.5271,279.5,24.6,96.61,72.42,32.86,13.6,0.34,0.3941,0.4149,0.1747,0.04253,1651.0,33.89,61.16,19.4,48.12,5.589,0.2021,0.3751,0.4725,0.1886,19.56,0.3044,1.115,3.546,8.594,0.9835,3.265,0.1645,0.1566,0.1463,0.05514,0.0,0.0,0.0,0.0,0.0,0.0,0.0,0.0,0.0,0.0,0.0,0.5435,0.03629,0.6332,0.9262,0.2774,2.124,3.388,0.2893,0.1494,0.314,0.05754,8.352E-6,4.159E-6,1.928E-4,2.59E-4,5.469E-5,4.126E-4,5.579E-5,4.261E-6,2.77E-6,6.658E-6,1.41E-6,
0.0,0.0,0.0,0.0,0.0,0.0,0.0,0.0,0.0,0.0,0.0,0.0,0.0,0.0,0.0,0.0,0.0,0.0,0.0,0.0,0.0,0.0,2.8E-6,0.003084,0.02671,0.8626,1.265,0.4217,1.164,0.2926,0.007158,0.00654,0.0165,0.003174,0.0,0.0,0.0,0.0,0.0,0.0,0.0,0.0,0.0,0.0,0.0,0.0,0.0,0.0,0.0,0.0,0.0,0.0,0.0,0.0,0.0,0.0,2.272E-22,0.0,5.307,8.562,1.442,23.71,0.9485,0.003804,0.01209,0.01315,0.003803,0.0,0.0,0.0,0.0,0.0,0.0,0.0,0.0,0.0,0.0,0.0,0.0,0.0,0.0,0.0,0.0,0.0,0.0,0.0,0.0,0.0,0.0,0.0,0.0,0.0,0.0,0.0,0.0,0.0,0.0,0.0,0.0,0.0,0.0,0.0,0.0,0.0,0.0,0.0,0.0,0.0,0.0,0.0,0.0,0.0,0.0,1.0E-4,20340.0,9.55E25,3034.0,3641.0,619.2,200800.0,20710.0,2379.0,1630.0,3940.0,2038.0,0.5286,279.5,24.6,99.8,72.42,32.86,10.4,0.3406,0.39,0.4135,0.1781,0.04442,1651.0,33.89,64.03,19.4,48.12,2.712,0.2039,0.3709,0.4686,0.193,19.56,0.3044,1.115,3.59,8.594,0.9835,3.221,0.1645,0.1548,0.1462,0.05644,0.0,0.0,0.0,0.0,0.0,0.0,0.0,0.0,0.0,0.0,0.0,0.5442,0.03629,0.6332,0.9246,0.2774,2.123,3.389,0.2893,0.1525,0.3084,0.05943,8.368E-6,4.159E-6,1.927E-4,2.582E-4,5.469E-5,4.126E-4,5.657E-5,4.266E-6,2.85E-6,6.519E-6,1.45E-6,
0.0,0.0,0.0,0.0,0.0,0.0,0.0,0.0,0.0,0.0,0.0,0.0,0.0,0.0,0.0,0.0,0.0,0.0,0.0,0.0,0.0,0.0,2.8E-6,0.003084,0.02671,0.8626,1.265,0.4216,1.164,0.2926,0.007191,0.006338,0.01667,0.00318,0.0,0.0,0.0,0.0,0.0,0.0,0.0,0.0,0.0,0.0,0.0,0.0,0.0,0.0,0.0,0.0,0.0,0.0,0.0,0.0,0.0,0.0,2.272E-22,0.0,5.307,8.562,1.442,23.71,0.9485,0.003804,0.01209,0.01315,0.003803,0.0,0.0,0.0,0.0,0.0,0.0,0.0,0.0,0.0,0.0,0.0,0.0,0.0,0.0,0.0,0.0,0.0,0.0,0.0,0.0,0.0,0.0,0.0,0.0,0.0,0.0,0.0,0.0,0.0,0.0,0.0,0.0,0.0,0.0,0.0,0.0,0.0,0.0,0.0,0.0,0.0,0.0,0.0,0.0,0.0,0.0,1.0E-4,20340.0,9.55E25,3034.0,3640.0,619.3,200800.0,20710.0,2392.0,1580.0,3980.0,2039.0,0.5286,279.5,24.6,99.8,72.42,32.86,10.4,0.3433,0.3879,0.413,0.1782,0.04442,1651.0,33.89,64.03,19.4,48.12,2.712,0.2041,0.371,0.4679,0.1932,19.56,0.3044,1.115,3.59,8.594,0.9836,3.22,0.1663,0.1533,0.146,0.05646,0.0,0.0,0.0,0.0,0.0,0.0,0.0,0.0,0.0,0.0,0.0,0.5442,0.03629,0.6332,0.9246,0.2774,2.123,3.389,0.2911,0.148,0.3116,0.05953,8.368E-6,4.159E-6,1.927E-4,2.582E-4,5.469E-5,4.125E-4,5.656E-5,4.289E-6,2.765E-6,6.586E-6,1.451E-6,
0.0,0.0,0.0,0.0,0.0,0.0,0.0,0.0,0.0,0.0,0.0,0.0,0.0,0.0,0.0,0.0,0.0,0.0,0.0,0.0,0.0,0.0,2.8E-6,0.003084,0.02671,0.8626,1.265,0.4216,1.164,0.2926,0.007258,0.006483,0.01651,0.00312,0.0,0.0,0.0,0.0,0.0,0.0,0.0,0.0,0.0,0.0,0.0,0.0,0.0,0.0,0.0,0.0,0.0,0.0,0.0,0.0,0.0,0.0,2.272E-22,0.0,5.307,8.563,1.442,23.71,0.9477,0.003859,0.01226,0.01334,0.003858,0.0,0.0,0.0,0.0,0.0,0.0,0.0,0.0,0.0,0.0,0.0,0.0,0.0,0.0,0.0,0.0,0.0,0.0,0.0,0.0,0.0,0.0,0.0,0.0,0.0,0.0,0.0,0.0,0.0,0.0,0.0,0.0,0.0,0.0,0.0,0.0,0.0,0.0,0.0,0.0,0.0,0.0,0.0,0.0,0.0,0.0,1.0E-4,20340.0,9.55E25,3034.0,3641.0,619.7,200800.0,20700.0,2404.0,1624.0,3969.0,2124.0,0.5286,279.5,24.6,99.81,72.42,32.86,10.4,0.3437,0.3845,0.4188,0.1754,0.04442,1651.0,33.89,64.03,19.4,48.12,2.714,0.2078,0.3647,0.481,0.1812,19.56,0.3044,1.115,3.59,8.594,0.9835,3.22,0.1667,0.152,0.1481,0.05603,0.0,0.0,0.0,0.0,0.0,0.0,0.0,0.0,0.0,0.0,0.0,0.5441,0.03629,0.6332,0.9247,0.2774,2.123,3.387,0.2918,0.1507,0.3108,0.05775,8.367E-6,4.159E-6,1.927E-4,2.582E-4,5.469E-5,4.125E-4,5.655E-5,4.309E-6,2.826E-6,6.618E-6,1.345E-6,
0.0,0.0,0.0,0.0,0.0,0.0,0.0,0.0,0.0,0.0,0.0,0.0,0.0,0.0,0.0,0.0,0.0,0.0,0.0,0.0,0.0,0.0,2.8E-6,0.003084,0.02671,0.8626,1.265,0.4216,1.164,0.2926,0.007286,0.008686,0.01431,0.00309,0.0,0.0,0.0,0.0,0.0,0.0,0.0,0.0,0.0,0.0,0.0,0.0,0.0,0.0,0.0,0.0,0.0,0.0,0.0,0.0,0.0,0.0,2.272E-22,0.0,5.307,8.563,1.442,23.71,0.9477,0.003859,0.01226,0.01334,0.003858,0.0,0.0,0.0,0.0,0.0,0.0,0.0,0.0,0.0,0.0,0.0,0.0,0.0,0.0,0.0,0.0,0.0,0.0,0.0,0.0,0.0,0.0,0.0,0.0,0.0,0.0,0.0,0.0,0.0,0.0,0.0,0.0,0.0,0.0,0.0,0.0,0.0,0.0,0.0,0.0,0.0,0.0,0.0,0.0,0.0,0.0,1.0E-4,20340.0,9.55E25,3034.0,3641.0,619.7,200800.0,20700.0,2413.0,2129.0,3478.0,2099.0,0.5286,279.5,24.6,99.81,72.42,32.86,10.4,0.3408,0.4273,0.3798,0.1744,0.04442,1651.0,33.89,64.03,19.4,48.12,2.714,0.2045,0.4204,0.4297,0.1798,19.56,0.3044,1.115,3.59,8.594,0.9835,3.22,0.1655,0.1692,0.1325,0.05562,0.0,0.0,0.0,0.0,0.0,0.0,0.0,0.0,0.0,0.0,0.0,0.5441,0.03629,0.6332,0.9247,0.2774,2.123,3.387,0.2925,0.1912,0.2702,0.05725,8.367E-6,4.159E-6,1.927E-4,2.582E-4,5.469E-5,4.125E-4,5.655E-5,4.321E-6,3.69E-6,5.752E-6,1.333E-6,
0.0,0.0,0.0,0.0,0.0,0.0,0.0,0.0,0.0,0.0,0.0,0.0,0.0,0.0,0.0,0.0,0.0,0.0,0.0,0.0,0.0,0.0,2.8E-6,0.003084,0.02671,0.8625,1.265,0.4216,1.164,0.2925,0.008361,0.008014,0.01372,0.003313,0.0,0.0,0.0,0.0,0.0,0.0,0.0,0.0,0.0,0.0,0.0,0.0,0.0,0.0,0.0,0.0,0.0,0.0,0.0,0.0,0.0,0.0,2.272E-22,0.0,5.307,8.563,1.442,23.71,0.9477,0.003859,0.01226,0.01334,0.003858,0.0,0.0,0.0,0.0,0.0,0.0,0.0,0.0,0.0,0.0,0.0,0.0,0.0,0.0,0.0,0.0,0.0,0.0,0.0,0.0,0.0,0.0,0.0,0.0,0.0,0.0,0.0,0.0,0.0,0.0,0.0,0.0,0.0,0.0,0.0,0.0,0.0,0.0,0.0,0.0,0.0,0.0,0.0,0.0,0.0,0.0,1.0E-4,20340.0,9.55E25,3033.0,3640.0,619.7,200800.0,20700.0,2677.0,1956.0,3394.0,2098.0,0.5286,279.5,24.6,99.81,72.42,32.86,10.4,0.3663,0.3988,0.38,0.1774,0.04442,1651.0,33.89,64.03,19.4,48.12,2.715,0.2321,0.3919,0.4286,0.1806,19.56,0.3044,1.115,3.59,8.594,0.9836,3.219,0.1767,0.1562,0.1329,0.05743,0.0,0.0,0.0,0.0,0.0,0.0,0.0,0.0,0.0,0.0,0.0,0.5441,0.03629,0.6332,0.9247,0.2774,2.123,3.386,0.3188,0.1709,0.2601,0.06249,8.367E-6,4.159E-6,1.927E-4,2.582E-4,5.469E-5,4.125E-4,5.654E-5,4.79E-6,3.368E-6,5.527E-6,1.427E-6,
0.0,0.0,0.0,0.0,0.0,0.0,0.0,0.0,0.0,0.0,0.0,0.0,0.0,0.0,0.0,0.0,0.0,0.0,0.0,0.0,0.0,0.0,2.8E-6,0.003109,0.02671,0.8625,1.265,0.4216,1.164,0.2925,0.008472,0.007948,0.01396,0.003061,0.0,0.0,0.0,0.0,0.0,0.0,0.0,0.0,0.0,0.0,0.0,0.0,0.0,0.0,0.0,0.0,0.0,0.0,0.0,0.0,0.0,0.0,2.271E-22,0.0,5.307,8.563,1.442,23.71,0.9477,0.003859,0.01226,0.01334,0.003858,0.0,0.0,0.0,0.0,0.0,0.0,0.0,0.0,0.0,0.0,0.0,0.0,0.0,0.0,0.0,0.0,0.0,0.0,0.0,0.0,0.0,0.0,0.0,0.0,0.0,0.0,0.0,0.0,0.0,0.0,0.0,0.0,0.0,0.0,0.0,0.0,0.0,0.0,0.0,0.0,0.0,0.0,0.0,0.0,0.0,0.0,1.0E-4,20350.0,9.55E25,3033.0,3640.0,619.8,200800.0,20690.0,2657.0,1971.0,3456.0,2080.0,0.5312,279.5,24.6,99.81,72.42,32.86,10.4,0.3643,0.4022,0.3821,0.1743,0.04525,1651.0,33.89,64.03,19.4,48.12,2.717,0.2335,0.3887,0.4301,0.1784,19.56,0.3044,1.115,3.591,8.594,0.9836,3.215,0.1763,0.1592,0.1339,0.05582,0.0,0.0,0.0,0.0,0.0,0.0,0.0,0.0,0.0,0.0,0.0,0.5455,0.03629,0.6332,0.9247,0.2774,2.123,3.384,0.3153,0.1756,0.2651,0.0573,8.385E-6,4.159E-6,1.927E-4,2.582E-4,5.468E-5,4.124E-4,5.652E-5,4.767E-6,3.397E-6,5.627E-6,1.324E-6,
0.0,0.0,0.0,0.0,0.0,0.0,0.0,0.0,0.0,0.0,0.0,0.0,0.0,0.0,0.0,0.0,0.0,0.0,0.0,0.0,0.0,0.0,2.8E-6,0.003109,0.02671,0.8625,1.265,0.4216,1.164,0.2919,0.009119,0.008056,0.01394,0.003018,0.0,0.0,0.0,0.0,0.0,0.0,0.0,0.0,0.0,0.0,0.0,0.0,0.0,0.0,0.0,0.0,0.0,0.0,0.0,0.0,0.0,0.0,2.271E-22,0.0,5.411,9.02,1.462,24.13,0.947,0.003915,0.01244,0.01354,0.003914,0.0,0.0,0.0,0.0,0.0,0.0,0.0,0.0,0.0,0.0,0.0,0.0,0.0,0.0,0.0,0.0,0.0,0.0,0.0,0.0,0.0,0.0,0.0,0.0,0.0,0.0,0.0,0.0,0.0,0.0,0.0,0.0,0.0,0.0,0.0,0.0,0.0,0.0,0.0,0.0,0.0,0.0,0.0,0.0,0.0,0.0,1.0E-4,20350.0,9.55E25,3033.0,3640.0,620.1,200800.0,20660.0,2679.0,1991.0,3448.0,2077.0,0.5312,279.5,24.6,99.81,72.42,32.86,10.39,0.3735,0.4025,0.3802,0.1722,0.04525,1651.0,33.89,64.03,19.4,48.12,2.731,0.2324,0.3847,0.4276,0.175,19.56,0.3044,1.115,3.591,8.595,0.9837,3.209,0.1801,0.1604,0.1339,0.05585,0.0,0.0,0.0,0.0,0.0,0.0,0.0,0.0,0.0,0.0,0.0,0.5455,0.03629,0.6332,0.9247,0.2774,2.123,3.379,0.3189,0.1778,0.2645,0.05694,8.385E-6,4.159E-6,1.927E-4,2.581E-4,5.467E-5,4.124E-4,5.635E-5,4.941E-6,3.441E-6,5.615E-6,1.31E-6,
0.0,0.0,0.0,0.0,0.0,0.0,0.0,0.0,0.0,0.0,0.0,0.0,0.0,0.0,0.0,0.0,0.0,0.0,0.0,0.0,0.0,0.0,2.8E-6,0.003109,0.02671,0.8625,1.265,0.4216,1.164,0.2918,0.009183,0.008399,0.01356,0.003041,0.0,0.0,0.0,0.0,0.0,0.0,0.0,0.0,0.0,0.0,0.0,0.0,0.0,0.0,0.0,0.0,0.0,0.0,0.0,0.0,0.0,0.0,2.271E-22,0.0,5.411,9.02,1.462,24.13,0.9528,0.00543,0.01436,0.001256,0.006861,0.0,0.0,0.0,0.0,0.0,0.0,0.0,0.0,0.0,0.0,0.0,0.0,0.0,0.0,0.0,0.0,0.0,0.0,0.0,0.0,0.0,0.0,0.0,0.0,0.0,0.0,0.0,0.0,0.0,0.0,0.0,0.0,0.0,0.0,0.0,0.0,0.0,0.0,0.0,0.0,0.0,0.0,0.0,0.0,0.0,0.0,1.0E-4,20350.0,9.55E25,3033.0,3639.0,620.0,200800.0,20630.0,2711.0,2093.0,3330.0,2087.0,0.5312,279.5,24.6,99.81,72.42,32.86,10.4,0.3797,0.4074,0.3571,0.1786,0.04525,1651.0,33.89,64.03,19.4,48.12,2.736,0.2304,0.3822,0.4259,0.1758,19.56,0.3044,1.115,3.591,8.595,0.9837,3.211,0.1837,0.1636,0.122,0.05908,0.0,0.0,0.0,0.0,0.0,0.0,0.0,0.0,0.0,0.0,0.0,0.5455,0.03629,0.6332,0.9246,0.2774,2.123,3.374,0.3244,0.1879,0.2513,0.05918,8.385E-6,4.159E-6,1.927E-4,2.581E-4,5.467E-5,4.124E-4,5.629E-5,5.007E-6,3.61E-6,5.407E-6,1.335E-6,
0.0,0.0,0.0,0.0,0.0,0.0,0.0,0.0,0.0,0.0,0.0,0.0,0.0,0.0,0.0,0.0,0.0,0.0,0.0,0.0,0.0,0.0,2.8E-6,0.003147,0.02671,0.8625,1.265,0.4216,1.164,0.2918,0.009197,0.008253,0.01372,0.002997,0.0,0.0,0.0,0.0,0.0,0.0,0.0,0.0,0.0,0.0,0.0,0.0,0.0,0.0,0.0,0.0,0.0,0.0,0.0,0.0,0.0,0.0,2.271E-22,0.0,5.411,9.02,1.462,24.13,0.9521,0.005511,0.01457,0.001275,0.006963,0.0,0.0,0.0,0.0,0.0,0.0,0.0,0.0,0.0,0.0,0.0,0.0,0.0,0.0,0.0,0.0,0.0,0.0,0.0,0.0,0.0,0.0,0.0,0.0,0.0,0.0,0.0,0.0,0.0,0.0,0.0,0.0,0.0,0.0,0.0,0.0,0.0,0.0,0.0,0.0,0.0,0.0,0.0,0.0,0.0,0.0,1.0E-4,20360.0,9.55E25,3032.0,3639.0,620.5,200800.0,20620.0,2713.0,2063.0,3371.0,2098.0,0.5327,279.5,24.6,99.81,72.42,32.86,10.4,0.3794,0.4042,0.3616,0.1773,0.0472,1651.0,33.89,64.03,19.4,48.12,2.737,0.2305,0.3779,0.4295,0.1738,19.56,0.3044,1.115,3.591,8.595,0.9836,3.21,0.1834,0.1623,0.1243,0.05861,0.0,0.0,0.0,0.0,0.0,0.0,0.0,0.0,0.0,0.0,0.0,0.5462,0.03629,0.6332,0.9248,0.2775,2.122,3.373,0.3245,0.1856,0.255,0.05855,8.399E-6,4.159E-6,1.927E-4,2.581E-4,5.467E-5,4.123E-4,5.627E-5,5.012E-6,3.556E-6,5.476E-6,1.319E-6,
0.0,0.0,0.0,0.0,0.0,0.0,0.0,0.0,0.0,0.0,0.0,0.0,0.0,0.0,0.0,0.0,0.0,0.0,0.0,0.0,0.0,0.0,2.8E-6,0.003147,0.02671,0.8612,1.266,0.4217,1.164,0.2918,0.009198,0.008425,0.01358,0.002967,0.0,0.0,0.0,0.0,0.0,0.0,0.0,0.0,0.0,0.0,0.0,0.0,0.0,0.0,0.0,0.0,0.0,0.0,0.0,0.0,0.0,0.0,2.271E-22,0.0,5.411,9.02,1.462,24.13,0.9521,0.005511,0.01457,0.001275,0.006963,0.0,0.0,0.0,0.0,0.0,0.0,0.0,0.0,0.0,0.0,0.0,0.0,0.0,0.0,0.0,0.0,0.0,0.0,0.0,0.0,0.0,0.0,0.0,0.0,0.0,0.0,0.0,0.0,0.0,0.0,0.0,0.0,0.0,0.0,0.0,0.0,0.0,0.0,0.0,0.0,0.0,0.0,0.0,0.0,0.0,0.0,1.0E-4,20360.0,9.55E25,3018.0,3651.0,622.0,200800.0,20610.0,2720.0,2101.0,3339.0,2091.0,0.5327,279.5,24.57,99.84,72.42,32.86,10.39,0.3802,0.407,0.3603,0.1762,0.0472,1651.0,33.67,64.26,19.39,48.12,2.738,0.2289,0.3817,0.4279,0.1723,19.56,0.3044,1.114,3.593,8.595,0.9837,3.209,0.1844,0.1632,0.1237,0.05816,0.0,0.0,0.0,0.0,0.0,0.0,0.0,0.0,0.0,0.0,0.0,0.5462,0.03629,0.6316,0.9263,0.2775,2.122,3.371,0.3257,0.1885,0.2525,0.058,8.399E-6,4.159E-6,1.923E-4,2.585E-4,5.466E-5,4.123E-4,5.626E-5,5.025E-6,3.619E-6,5.424E-6,1.308E-6,
0.0,0.0,0.0,0.0,0.0,0.0,0.0,0.0,0.0,0.0,0.0,0.0,0.0,0.0,0.0,0.0,0.0,0.0,0.0,0.0,0.0,0.0,2.8E-6,0.003146,0.02671,0.8612,1.266,0.4217,1.163,0.2921,0.009115,0.008186,0.01406,0.002608,0.0,0.0,0.0,0.0,0.0,0.0,0.0,0.0,0.0,0.0,0.0,0.0,0.0,0.0,0.0,0.0,0.0,0.0,0.0,0.0,0.0,0.0,2.271E-22,0.0,5.411,9.02,1.462,24.13,0.9521,0.005511,0.01457,0.001275,0.006963,0.0,0.0,0.0,0.0,0.0,0.0,0.0,0.0,0.0,0.0,0.0,0.0,0.0,0.0,0.0,0.0,0.0,0.0,0.0,0.0,0.0,0.0,0.0,0.0,0.0,0.0,0.0,0.0,0.0,0.0,0.0,0.0,0.0,0.0,0.0,0.0,0.0,0.0,0.0,0.0,0.0,0.0,0.0,0.0,0.0,0.0,1.0E-4,20360.0,9.55E25,3018.0,3650.0,621.4,200700.0,20650.0,2692.0,2061.0,3395.0,2126.0,0.5327,279.5,24.57,99.84,72.42,32.86,10.53,0.3766,0.4066,0.3029,0.1057,0.0472,1651.0,33.67,64.26,19.39,48.12,2.948,0.2251,0.3763,0.3395,0.06732,19.56,0.3044,1.114,3.593,8.594,0.9835,3.213,0.1835,0.1652,0.1222,0.05501,0.0,0.0,0.0,0.0,0.0,0.0,0.0,0.0,0.0,0.0,0.0,0.5462,0.03629,0.6316,0.9262,0.2775,2.122,3.374,0.322,0.1869,0.2579,0.05527,8.399E-6,4.159E-6,1.923E-4,2.585E-4,5.466E-5,4.122E-4,5.633E-5,4.975E-6,3.552E-6,5.563E-6,1.222E-6,
0.0,0.0,0.0,0.0,0.0,0.0,0.0,0.0,0.0,0.0,0.0,0.0,0.0,0.0,0.0,0.0,0.0,0.0,0.0,0.0,0.0,0.0,2.8E-6,0.003201,0.02671,0.8612,1.266,0.4216,1.163,0.2926,0.008812,0.008356,0.01391,0.002487,0.0,0.0,0.0,0.0,0.0,0.0,0.0,0.0,0.0,0.0,0.0,0.0,0.0,0.0,0.0,0.0,0.0,0.0,0.0,0.0,0.0,0.0,2.271E-22,0.0,5.411,9.02,1.462,24.13,0.9521,0.005511,0.01457,0.001275,0.006963,0.0,0.0,0.0,0.0,0.0,0.0,0.0,0.0,0.0,0.0,0.0,0.0,0.0,0.0,0.0,0.0,0.0,0.0,0.0,0.0,0.0,0.0,0.0,0.0,0.0,0.0,0.0,0.0,0.0,0.0,0.0,0.0,0.0,0.0,0.0,0.0,0.0,0.0,0.0,0.0,0.0,0.0,0.0,0.0,0.0,0.0,1.0E-4,20380.0,9.55E25,3017.0,3647.0,618.1,200700.0,20590.0,2693.0,2133.0,3394.0,2102.0,0.5377,279.5,24.57,99.84,72.42,32.86,10.53,0.3804,0.404,0.3037,0.1012,0.04749,1651.0,33.67,64.26,19.39,48.12,2.957,0.2202,0.371,0.3415,0.06594,19.56,0.3044,1.114,3.592,8.594,0.9838,3.209,0.188,0.1648,0.1226,0.05277,0.0,0.0,0.0,0.0,0.0,0.0,0.0,0.0,0.0,0.0,0.0,0.5496,0.03629,0.6316,0.9257,0.2769,2.122,3.363,0.3238,0.1959,0.257,0.05462,8.44E-6,4.159E-6,1.923E-4,2.585E-4,5.463E-5,4.122E-4,5.634E-5,4.929E-6,3.672E-6,5.522E-6,1.19E-6,
0.0,0.0,0.0,0.0,0.0,0.0,0.0,0.0,0.0,0.0,0.0,0.0,0.0,0.0,0.0,0.0,0.0,0.0,0.0,0.0,0.0,0.0,2.8E-6,0.003201,0.02671,0.8612,1.266,0.4217,1.163,0.296,0.005026,0.00829,0.01406,0.002597,0.0,0.0,0.0,0.0,0.0,0.0,0.0,0.0,0.0,0.0,0.0,0.0,0.0,0.0,0.0,0.0,0.0,0.0,0.0,0.0,0.0,0.0,2.271E-22,0.0,5.457,9.141,1.462,24.96,0.9514,0.005594,0.01479,0.001294,0.007068,0.0,0.0,0.0,0.0,0.0,0.0,0.0,0.0,0.0,0.0,0.0,0.0,0.0,0.0,0.0,0.0,0.0,0.0,0.0,0.0,0.0,0.0,0.0,0.0,0.0,0.0,0.0,0.0,0.0,0.0,0.0,0.0,0.0,0.0,0.0,0.0,0.0,0.0,0.0,0.0,0.0,0.0,0.0,0.0,0.0,0.0,1.0E-4,20380.0,9.55E25,3018.0,3651.0,622.0,200700.0,21890.0,1376.0,2117.0,3421.0,2101.0,0.5377,279.5,24.57,99.84,72.42,32.86,10.64,0.2658,0.4041,0.3053,0.1038,0.04749,1651.0,33.67,64.26,19.39,48.12,3.027,0.1524,0.3681,0.341,0.06665,19.56,0.3044,1.114,3.593,8.595,0.9837,3.267,0.1256,0.1652,0.1235,0.05393,0.0,0.0,0.0,0.0,0.0,0.0,0.0,0.0,0.0,0.0,0.0,0.5496,0.03629,0.6316,0.9264,0.2776,2.122,3.522,0.1612,0.1946,0.2595,0.05571,8.44E-6,4.159E-6,1.923E-4,2.585E-4,5.465E-5,4.122E-4,5.852E-5,2.636E-6,3.644E-6,5.578E-6,1.224E-6,
0.0,0.0,0.0,0.0,0.0,0.0,0.0,0.0,0.0,0.0,0.0,0.0,0.0,0.0,0.0,0.0,0.0,0.0,0.0,0.0,0.0,0.0,2.8E-6,0.003201,0.02671,0.8612,1.266,0.4217,1.163,0.2966,0.005073,0.007683,0.0142,0.002392,0.0,0.0,0.0,0.0,0.0,0.0,0.0,0.0,0.0,0.0,0.0,0.0,0.0,0.0,0.0,0.0,0.0,0.0,0.0,0.0,0.0,0.0,2.271E-22,0.0,5.457,9.141,1.462,24.96,0.9514,0.005594,0.01479,0.001294,0.007068,0.0,0.0,0.0,0.0,0.0,0.0,0.0,0.0,0.0,0.0,0.0,0.0,0.0,0.0,0.0,0.0,0.0,0.0,0.0,0.0,0.0,0.0,0.0,0.0,0.0,0.0,0.0,0.0,0.0,0.0,0.0,0.0,0.0,0.0,0.0,0.0,0.0,0.0,0.0,0.0,0.0,0.0,0.0,0.0,0.0,0.0,1.0E-4,20380.0,9.55E25,3018.0,3651.0,622.0,200700.0,21990.0,1383.0,2012.0,3434.0,2080.0,0.5377,279.5,24.57,99.84,72.42,32.86,10.62,0.2612,0.421,0.3106,0.101,0.04749,1651.0,33.67,64.26,19.39,48.12,3.039,0.1466,0.3622,0.3441,0.06286,19.56,0.3044,1.114,3.593,8.595,0.9837,3.255,0.1234,0.1772,0.1256,0.05356,0.0,0.0,0.0,0.0,0.0,0.0,0.0,0.0,0.0,0.0,0.0,0.5496,0.03629,0.6316,0.9264,0.2776,2.122,3.522,0.1625,0.1916,0.261,0.05539,8.44E-6,4.159E-6,1.923E-4,2.585E-4,5.465E-5,4.122E-4,5.869E-5,2.636E-6,3.478E-6,5.609E-6,1.189E-6,
0.0,0.0,0.0,0.0,0.0,0.0,0.0,0.0,0.0,0.0,0.0,0.0,0.0,0.0,0.0,0.0,0.0,0.0,0.0,0.0,0.0,0.0,2.8E-6,0.003242,0.02671,0.8612,1.266,0.4217,1.163,0.2966,0.005102,0.007571,0.01433,0.002315,0.0,0.0,0.0,0.0,0.0,0.0,0.0,0.0,0.0,0.0,0.0,0.0,0.0,0.0,0.0,0.0,0.0,0.0,0.0,0.0,0.0,0.0,2.271E-22,0.0,5.457,9.141,1.462,24.96,0.9514,0.005594,0.01479,0.001294,0.007068,0.0,0.0,0.0,0.0,0.0,0.0,0.0,0.0,0.0,0.0,0.0,0.0,0.0,0.0,0.0,0.0,0.0,0.0,0.0,0.0,0.0,0.0,0.0,0.0,0.0,0.0,0.0,0.0,0.0,0.0,0.0,0.0,0.0,0.0,0.0,0.0,0.0,0.0,0.0,0.0,0.0,0.0,0.0,0.0,0.0,0.0,1.0E-4,20390.0,9.55E25,3018.0,3651.0,622.1,200700.0,21990.0,1392.0,1984.0,3474.0,2052.0,0.5391,279.5,24.57,99.84,72.42,32.86,10.62,0.2613,0.4188,0.3144,0.09999,0.04934,1651.0,33.67,64.26,19.39,48.12,3.04,0.1472,0.3605,0.3457,0.06101,19.56,0.3044,1.114,3.593,8.595,0.9835,3.255,0.1234,0.1759,0.1278,0.05321,0.0,0.0,0.0,0.0,0.0,0.0,0.0,0.0,0.0,0.0,0.0,0.5502,0.03629,0.6316,0.9264,0.2776,2.122,3.521,0.1632,0.1878,0.2654,0.05415,8.457E-6,4.159E-6,1.923E-4,2.585E-4,5.465E-5,4.122E-4,5.868E-5,2.649E-6,3.419E-6,5.676E-6,1.159E-6,
0.0,0.0,0.0,0.0,0.0,0.0,0.0,0.0,0.0,0.0,0.0,0.0,0.0,0.0,0.0,0.0,0.0,0.0,0.0,0.0,0.0,0.0,2.8E-6,0.003242,0.02671,0.8612,1.265,0.4221,1.163,0.2966,0.005167,0.007527,0.01435,0.002297,0.0,0.0,0.0,0.0,0.0,0.0,0.0,0.0,0.0,0.0,0.0,0.0,0.0,0.0,0.0,0.0,0.0,0.0,0.0,0.0,0.0,0.0,2.271E-22,0.0,5.457,9.141,1.462,24.96,0.9514,0.005594,0.01479,0.001294,0.007068,0.0,0.0,0.0,0.0,0.0,0.0,0.0,0.0,0.0,0.0,0.0,0.0,0.0,0.0,0.0,0.0,0.0,0.0,0.0,0.0,0.0,0.0,0.0,0.0,0.0,0.0,0.0,0.0,0.0,0.0,0.0,0.0,0.0,0.0,0.0,0.0,0.0,0.0,0.0,0.0,0.0,0.0,0.0,0.0,0.0,0.0,1.0E-4,20390.0,9.55E25,3018.0,3646.0,626.9,200700.0,21980.0,1410.0,1975.0,3478.0,2048.0,0.5391,279.5,24.57,99.37,72.9,32.86,10.62,0.262,0.4165,0.3174,0.09929,0.04934,1651.0,33.67,64.25,19.4,48.12,3.04,0.1482,0.359,0.3468,0.0599,19.56,0.3044,1.114,3.585,8.603,0.9835,3.254,0.1234,0.1747,0.1296,0.05296,0.0,0.0,0.0,0.0,0.0,0.0,0.0,0.0,0.0,0.0,0.0,0.5502,0.03629,0.6316,0.9256,0.2783,2.122,3.52,0.1654,0.1859,0.2671,0.05379,8.457E-6,4.159E-6,1.923E-4,2.583E-4,5.489E-5,4.122E-4,5.866E-5,2.684E-6,3.392E-6,5.697E-6,1.151E-6,
0.0,0.0,0.0,0.0,0.0,0.0,0.0,0.0,0.0,0.0,0.0,0.0,0.0,0.0,0.0,0.0,0.0,0.0,0.0,0.0,0.0,0.0,2.8E-6,0.003331,0.02671,0.86,1.264,0.422,1.163,0.2983,0.005251,0.007474,0.0147,0.002373,0.0,0.0,0.0,0.0,0.0,0.0,0.0,0.0,0.0,0.0,0.0,0.0,0.0,0.0,0.0,0.0,0.0,0.0,0.0,0.0,0.0,0.0,2.271E-22,0.0,5.457,9.142,1.462,24.96,0.9506,0.00568,0.01502,0.001314,0.007176,0.0,0.0,0.0,0.0,0.0,0.0,0.0,0.0,0.0,0.0,0.0,0.0,0.0,0.0,0.0,0.0,0.0,0.0,0.0,0.0,0.0,0.0,0.0,0.0,0.0,0.0,0.0,0.0,0.0,0.0,0.0,0.0,0.0,0.0,0.0,0.0,0.0,0.0,0.0,0.0,0.0,0.0,0.0,0.0,0.0,0.0,1.0E-4,20410.0,9.55E25,3001.0,3634.0,627.2,200700.0,21990.0,1406.0,1932.0,3574.0,1998.0,0.543,279.5,24.17,99.4,72.87,32.86,10.91,0.2784,0.432,0.3533,0.1259,0.05301,1651.0,31.15,64.42,19.26,48.12,4.919,0.2531,0.4847,0.5155,0.2606,19.56,0.3044,1.095,3.589,8.602,0.9835,3.264,0.1241,0.1733,0.1367,0.05151,0.0,0.0,0.0,0.0,0.0,0.0,0.0,0.0,0.0,0.0,0.0,0.5523,0.03629,0.6183,0.9136,0.2778,2.122,3.536,0.1664,0.1832,0.2773,0.0531,8.499E-6,4.159E-6,1.865E-4,2.527E-4,5.459E-5,4.122E-4,6.74E-5,3.171E-6,3.931E-6,6.588E-6,2.053E-6,
0.0,0.0,0.0,0.0,0.0,0.0,0.0,0.0,0.0,0.0,0.0,0.0,0.0,0.0,0.0,0.0,0.0,0.0,0.0,0.0,0.0,0.0,2.8E-6,0.003331,0.02676,0.86,1.264,0.422,1.163,0.2982,0.005213,0.007306,0.01493,0.002378,0.0,0.0,0.0,0.0,0.0,0.0,0.0,0.0,0.0,0.0,0.0,0.0,0.0,0.0,0.0,0.0,0.0,0.0,0.0,0.0,0.0,0.0,2.271E-22,0.0,5.457,9.142,1.462,24.96,0.9506,0.00568,0.01502,0.001314,0.007176,0.0,0.0,0.0,0.0,0.0,0.0,0.0,0.0,0.0,0.0,0.0,0.0,0.0,0.0,0.0,0.0,0.0,0.0,0.0,0.0,0.0,0.0,0.0,0.0,0.0,0.0,0.0,0.0,0.0,0.0,0.0,0.0,0.0,0.0,0.0,0.0,0.0,0.0,0.0,0.0,0.0,0.0,0.0,0.0,0.0,0.0,1.0E-4,20410.0,9.55E25,3000.0,3634.0,627.1,200700.0,21970.0,1394.0,1882.0,3652.0,1990.0,0.543,279.5,24.17,99.4,72.87,32.86,10.9,0.2786,0.4296,0.3556,0.1268,0.05301,1651.0,31.15,64.42,19.26,48.12,4.919,0.2527,0.4845,0.5145,0.2615,19.56,0.307,1.095,3.589,8.602,0.9835,3.261,0.1241,0.1717,0.1384,0.05186,0.0,0.0,0.0,0.0,0.0,0.0,0.0,0.0,0.0,0.0,0.0,0.5523,0.03865,0.6183,0.9136,0.2778,2.122,3.532,0.1651,0.1775,0.2855,0.05331,8.499E-6,4.19E-6,1.865E-4,2.527E-4,5.459E-5,4.122E-4,6.736E-5,3.151E-6,3.841E-6,6.713E-6,2.056E-6,
0.0,0.0,0.0,0.0,0.0,0.0,0.0,0.0,0.0,0.0,0.0,0.0,0.0,0.0,0.0,0.0,0.0,0.0,0.0,0.0,0.0,0.0,2.8E-6,0.003331,0.02676,0.86,1.264,0.422,1.163,0.2994,0.004694,0.007249,0.01491,0.00232,0.0,0.0,0.0,0.0,0.0,0.0,0.0,0.0,0.0,0.0,0.0,0.0,0.0,0.0,0.0,0.0,0.0,0.0,0.0,0.0,0.0,0.0,2.271E-22,0.0,5.457,9.142,1.462,24.96,0.9506,0.00568,0.01502,0.001314,0.007176,0.0,0.0,0.0,0.0,0.0,0.0,0.0,0.0,0.0,0.0,0.0,0.0,0.0,0.0,0.0,0.0,0.0,0.0,0.0,0.0,0.0,0.0,0.0,0.0,0.0,0.0,0.0,0.0,0.0,0.0,0.0,0.0,0.0,0.0,0.0,0.0,0.0,0.0,0.0,0.0,0.0,0.0,0.0,0.0,0.0,0.0,1.0E-4,20410.0,9.55E25,3000.0,3623.0,626.9,200700.0,22000.0,1384.0,1860.0,3665.0,1989.0,0.543,279.5,24.16,99.7,72.86,32.86,10.7,0.2592,0.4273,0.3289,0.1024,0.05301,1651.0,31.07,66.25,19.18,48.12,3.655,0.1965,0.4232,0.3823,0.1049,19.56,0.307,1.094,3.609,8.602,0.9835,3.249,0.1187,0.1745,0.1341,0.05084,0.0,0.0,0.0,0.0,0.0,0.0,0.0,0.0,0.0,0.0,0.0,0.5523,0.03865,0.6178,0.9074,0.2774,2.122,3.544,0.163,0.1753,0.2857,0.05277,8.499E-6,4.19E-6,1.863E-4,2.503E-4,5.439E-5,4.122E-4,7.095E-5,3.078E-6,3.88E-6,6.408E-6,1.661E-6,
0.0,0.0,0.0,0.0,0.0,0.0,0.0,0.0,0.0,0.0,0.0,0.0,0.0,0.0,0.0,0.0,0.0,0.0,0.0,0.0,0.0,0.0,2.8E-6,0.003367,0.02676,0.86,1.264,0.422,1.163,0.2994,0.004722,0.007233,0.0149,0.002292,0.0,0.0,0.0,0.0,0.0,0.0,0.0,0.0,0.0,0.0,0.0,0.0,0.0,0.0,0.0,0.0,0.0,0.0,0.0,0.0,0.0,0.0,2.271E-22,0.0,5.457,9.142,1.462,24.96,0.9506,0.00568,0.01502,0.001314,0.007176,0.0,0.0,0.0,0.0,0.0,0.0,0.0,0.0,0.0,0.0,0.0,0.0,0.0,0.0,0.0,0.0,0.0,0.0,0.0,0.0,0.0,0.0,0.0,0.0,0.0,0.0,0.0,0.0,0.0,0.0,0.0,0.0,0.0,0.0,0.0,0.0,0.0,0.0,0.0,0.0,0.0,0.0,0.0,0.0,0.0,0.0,1.0E-4,20410.0,9.55E25,3000.0,3623.0,627.0,200700.0,22000.0,1388.0,1854.0,3679.0,1969.0,0.5442,279.5,24.16,99.7,72.86,32.86,10.7,0.2593,0.427,0.3295,0.1012,0.05464,1651.0,31.07,66.25,19.18,48.12,3.655,0.1963,0.4238,0.3821,0.1033,19.57,0.307,1.094,3.609,8.602,0.9835,3.249,0.1189,0.1742,0.1345,0.05038,0.0,0.0,0.0,0.0,0.0,0.0,0.0,0.0,0.0,0.0,0.0,0.5529,0.03865,0.6178,0.9074,0.2774,2.122,3.543,0.1637,0.1743,0.286,0.05229,8.514E-6,4.19E-6,1.863E-4,2.503E-4,5.439E-5,4.122E-4,7.095E-5,3.089E-6,3.868E-6,6.409E-6,1.65E-6,
0.0,0.0,0.0,0.0,0.0,0.0,0.0,0.0,0.0,0.0,0.0,0.0,0.0,0.0,0.0,0.0,0.0,0.0,0.0,0.0,0.0,0.0,2.8E-6,0.003367,0.02676,0.86,1.261,0.4249,1.163,0.2994,0.004719,0.007223,0.0149,0.002296,0.0,0.0,0.0,0.0,0.0,0.0,0.0,0.0,0.0,0.0,0.0,0.0,0.0,0.0,0.0,0.0,0.0,0.0,0.0,0.0,0.0,0.0,2.271E-22,0.0,5.457,9.142,1.463,24.96,0.9499,0.005769,0.01525,0.001334,0.007288,0.0,0.0,0.0,0.0,0.0,0.0,0.0,0.0,0.0,0.0,0.0,0.0,0.0,0.0,0.0,0.0,0.0,0.0,0.0,0.0,0.0,0.0,0.0,0.0,0.0,0.0,0.0,0.0,0.0,0.0,0.0,0.0,0.0,0.0,0.0,0.0,0.0,0.0,0.0,0.0,0.0,0.0,0.0,0.0,0.0,0.0,1.0E-4,20410.0,9.55E25,3000.0,3623.0,628.2,200700.0,22000.0,1386.0,1850.0,3682.0,2080.0,0.5442,279.5,24.16,99.55,73.01,32.86,10.7,0.2593,0.4261,0.3296,0.1015,0.05464,1651.0,31.07,66.02,19.41,48.12,3.656,0.1956,0.4234,0.3821,0.1033,19.57,0.307,1.094,3.603,8.608,0.9835,3.249,0.119,0.1736,0.1346,0.05062,0.0,0.0,0.0,0.0,0.0,0.0,0.0,0.0,0.0,0.0,0.0,0.5528,0.03865,0.6178,0.9071,0.278,2.122,3.543,0.1638,0.1738,0.2861,0.05254,8.513E-6,4.19E-6,1.863E-4,2.501E-4,5.457E-5,4.122E-4,7.094E-5,3.09E-6,3.861E-6,6.41E-6,1.654E-6,
0.0,0.0,0.0,0.0,0.0,0.0,0.0,0.0,0.0,0.0,0.0,0.0,0.0,0.0,0.0,0.0,0.0,0.0,0.0,0.0,0.0,0.0,2.8E-6,0.003367,0.02676,0.86,1.261,0.4249,1.163,0.2994,0.004754,0.007496,0.0146,0.002321,0.0,0.0,0.0,0.0,0.0,0.0,0.0,0.0,0.0,0.0,0.0,0.0,0.0,0.0,0.0,0.0,0.0,0.0,0.0,0.0,0.0,0.0,2.271E-22,0.0,5.457,9.142,1.463,24.96,0.9499,0.005769,0.01525,0.001334,0.007288,0.0,0.0,0.0,0.0,0.0,0.0,0.0,0.0,0.0,0.0,0.0,0.0,0.0,0.0,0.0,0.0,0.0,0.0,0.0,0.0,0.0,0.0,0.0,0.0,0.0,0.0,0.0,0.0,0.0,0.0,0.0,0.0,0.0,0.0,0.0,0.0,0.0,0.0,0.0,0.0,0.0,0.0,0.0,0.0,0.0,0.0,1.0E-4,20410.0,9.55E25,3000.0,3623.0,628.2,200700.0,22000.0,1389.0,1909.0,3628.0,2072.0,0.5442,279.5,24.16,99.55,73.01,32.86,10.7,0.2587,0.4212,0.3317,0.1031,0.05464,1651.0,31.07,66.02,19.41,48.12,3.657,0.1959,0.4211,0.3818,0.1049,19.57,0.307,1.094,3.603,8.608,0.9836,3.249,0.119,0.1709,0.1361,0.05134,0.0,0.0,0.0,0.0,0.0,0.0,0.0,0.0,0.0,0.0,0.0,0.5528,0.03865,0.6178,0.9071,0.278,2.122,3.543,0.1637,0.1775,0.282,0.05308,8.513E-6,4.19E-6,1.863E-4,2.501E-4,5.457E-5,4.122E-4,7.094E-5,3.096E-6,3.954E-6,6.307E-6,1.664E-6,
0.0,0.0,0.0,0.0,0.0,0.0,0.0,0.0,0.0,0.0,0.0,0.0,0.0,0.0,0.0,0.0,0.0,0.0,0.0,0.0,0.0,0.0,2.8E-6,0.003367,0.02676,0.8599,1.261,0.4249,1.163,0.2994,0.00471,0.007781,0.01431,0.002333,0.0,0.0,0.0,0.0,0.0,0.0,0.0,0.0,0.0,0.0,0.0,0.0,0.0,0.0,0.0,0.0,0.0,0.0,0.0,0.0,0.0,0.0,2.271E-22,0.0,5.457,9.142,1.463,24.96,0.9499,0.005769,0.01525,0.001334,0.007288,0.0,0.0,0.0,0.0,0.0,0.0,0.0,0.0,0.0,0.0,0.0,0.0,0.0,0.0,0.0,0.0,0.0,0.0,0.0,0.0,0.0,0.0,0.0,0.0,0.0,0.0,0.0,0.0,0.0,0.0,0.0,0.0,0.0,0.0,0.0,0.0,0.0,0.0,0.0,0.0,0.0,0.0,0.0,0.0,0.0,0.0,1.0E-4,20410.0,9.55E25,3000.0,3623.0,628.1,200700.0,22020.0,1377.0,1964.0,3565.0,2079.0,0.5442,279.5,24.16,99.55,73.01,32.86,10.71,0.2556,0.4196,0.333,0.103,0.05464,1651.0,31.07,66.02,19.41,48.12,3.658,0.1951,0.4211,0.3812,0.105,19.57,0.307,1.094,3.603,8.608,0.9836,3.251,0.1171,0.1698,0.1371,0.05128,0.0,0.0,0.0,0.0,0.0,0.0,0.0,0.0,0.0,0.0,0.0,0.5528,0.03865,0.6178,0.9071,0.278,2.122,3.545,0.1618,0.1819,0.2775,0.05326,8.513E-6,4.19E-6,1.863E-4,2.501E-4,5.457E-5,4.122E-4,7.096E-5,3.07E-6,4.058E-6,6.201E-6,1.668E-6,
0.0,0.0,0.0,0.0,0.0,0.0,0.0,0.0,0.0,0.0,0.0,0.0,0.0,0.0,0.0,0.0,0.0,0.0,0.0,0.0,0.0,0.0,2.8E-6,0.003366,0.02676,0.8599,1.261,0.4249,1.163,0.2995,0.004667,0.007545,0.01454,0.00225,0.0,0.0,0.0,0.0,0.0,0.0,0.0,0.0,0.0,0.0,0.0,0.0,0.0,0.0,0.0,0.0,0.0,0.0,0.0,0.0,0.0,0.0,2.271E-22,0.0,5.457,9.142,1.463,24.96,0.9491,0.00586,0.01549,0.001355,0.007404,0.0,0.0,0.0,0.0,0.0,0.0,0.0,0.0,0.0,0.0,0.0,0.0,0.0,0.0,0.0,0.0,0.0,0.0,0.0,0.0,0.0,0.0,0.0,0.0,0.0,0.0,0.0,0.0,0.0,0.0,0.0,0.0,0.0,0.0,0.0,0.0,0.0,0.0,0.0,0.0,0.0,0.0,0.0,0.0,0.0,0.0,1.0E-4,20410.0,9.55E25,3000.0,3624.0,629.3,200700.0,22050.0,1372.0,1907.0,3631.0,2065.0,0.5442,279.5,24.16,99.52,73.04,32.86,10.7,0.2565,0.4209,0.3335,0.1037,0.05464,1651.0,31.07,65.82,19.61,48.12,3.659,0.1942,0.4222,0.3819,0.1028,19.57,0.307,1.094,3.602,8.609,0.9835,3.249,0.1174,0.1702,0.1373,0.05211,0.0,0.0,0.0,0.0,0.0,0.0,0.0,0.0,0.0,0.0,0.0,0.5528,0.03865,0.6179,0.9071,0.2783,2.122,3.548,0.1607,0.1777,0.2811,0.05183,8.512E-6,4.19E-6,1.863E-4,2.5E-4,5.466E-5,4.122E-4,7.102E-5,3.052E-6,3.967E-6,6.286E-6,1.635E-6,
0.0,0.0,0.0,0.0,0.0,0.0,0.0,0.0,0.0,0.0,0.0,0.0,0.0,0.0,0.0,0.0,0.0,0.0,0.0,0.0,0.0,0.0,2.8E-6,0.003366,0.02676,0.8599,1.261,0.4249,1.163,0.2995,0.004618,0.007364,0.01476,0.002269,0.0,0.0,0.0,0.0,0.0,0.0,0.0,0.0,0.0,0.0,0.0,0.0,0.0,0.0,0.0,0.0,0.0,0.0,0.0,0.0,0.0,0.0,2.271E-22,0.0,5.457,9.142,1.463,24.96,0.9491,0.00586,0.01549,0.001355,0.007404,0.0,0.0,0.0,0.0,0.0,0.0,0.0,0.0,0.0,0.0,0.0,0.0,0.0,0.0,0.0,0.0,0.0,0.0,0.0,0.0,0.0,0.0,0.0,0.0,0.0,0.0,0.0,0.0,0.0,0.0,0.0,0.0,0.0,0.0,0.0,0.0,0.0,0.0,0.0,0.0,0.0,0.0,0.0,0.0,0.0,0.0,1.0E-4,20410.0,9.55E25,3000.0,3624.0,629.7,200700.0,22020.0,1370.0,1856.0,3706.0,2068.0,0.5442,279.5,24.16,99.52,73.04,32.86,10.7,0.2567,0.4081,0.3462,0.1049,0.05464,1651.0,31.07,65.82,19.61,48.12,3.66,0.194,0.4104,0.3923,0.1036,19.57,0.307,1.094,3.602,8.61,0.9835,3.248,0.1176,0.1642,0.1435,0.05269,0.0,0.0,0.0,0.0,0.0,0.0,0.0,0.0,0.0,0.0,0.0,0.5528,0.03865,0.6178,0.9071,0.2784,2.122,3.544,0.1604,0.1725,0.289,0.05287,8.512E-6,4.19E-6,1.863E-4,2.5E-4,5.466E-5,4.122E-4,7.099E-5,3.036E-6,3.878E-6,6.406E-6,1.648E-6,
0.0,0.0,0.0,0.0,0.0,0.0,0.0,0.0,0.0,0.0,0.0,0.0,0.0,0.0,0.0,0.0,0.0,0.0,0.0,0.0,0.0,0.0,2.8E-6,0.003366,0.02676,0.8599,1.261,0.4248,1.163,0.289,0.004481,0.006953,0.02607,0.002257,0.0,0.0,0.0,0.0,0.0,0.0,0.0,0.0,0.0,0.0,0.0,0.0,0.0,0.0,0.0,0.0,0.0,0.0,0.0,0.0,0.0,0.0,2.271E-22,0.0,5.456,9.132,1.458,24.96,0.3885,0.002227,3.826E-4,0.6032,0.00103,0.0,0.0,0.0,0.0,0.0,0.0,0.0,0.0,0.0,0.0,0.0,0.0,0.0,0.0,0.0,0.0,0.0,0.0,0.0,0.0,0.0,0.0,0.0,0.0,0.0,0.0,0.0,0.0,0.0,0.0,0.0,0.0,0.0,0.0,0.0,0.0,0.0,0.0,0.0,0.0,0.0,0.0,0.0,0.0,0.0,0.0,1.0E-4,20410.0,9.55E25,2995.0,3572.0,605.6,200700.0,17620.0,1333.0,1730.0,8423.0,2001.0,0.5442,279.5,24.15,99.49,73.03,32.86,9.4,0.2481,0.3861,1.726,0.09301,0.05464,1651.0,31.07,65.82,19.61,48.12,3.577,0.1935,0.4178,0.4733,0.1011,19.57,0.307,1.093,3.589,8.604,0.9835,2.557,0.1126,0.1518,0.877,0.04695,0.0,0.0,0.0,0.0,0.0,0.0,0.0,0.0,0.0,0.0,0.0,0.5528,0.03865,0.6169,0.898,0.2742,2.122,2.832,0.154,0.1542,1.047,0.04653,8.512E-6,4.19E-6,1.863E-4,2.499E-4,5.461E-5,4.122E-4,6.113E-5,2.96E-6,3.626E-6,1.682E-5,1.584E-6,
0.0,0.0,0.0,0.0,0.0,0.0,0.0,0.0,0.0,0.0,0.0,0.0,0.0,0.0,0.0,0.0,0.0,0.0,0.0,0.0,0.0,0.0,2.8E-6,0.003366,0.02676,0.8599,1.261,0.4249,1.163,0.2963,0.0046,0.006666,0.0188,0.002246,0.0,0.0,0.0,0.0,0.0,0.0,0.0,0.0,0.0,0.0,0.0,0.0,0.0,0.0,0.0,0.0,0.0,0.0,0.0,0.0,0.0,0.0,2.271E-22,0.0,5.456,9.137,1.46,24.96,0.84,0.006148,0.001056,0.1372,0.002843,0.0,0.0,0.0,0.0,0.0,0.0,0.0,0.0,0.0,0.0,0.0,0.0,0.0,0.0,0.0,0.0,0.0,0.0,0.0,0.0,0.0,0.0,0.0,0.0,0.0,0.0,0.0,0.0,0.0,0.0,0.0,0.0,0.0,0.0,0.0,0.0,0.0,0.0,0.0,0.0,0.0,0.0,0.0,0.0,0.0,0.0,1.0E-4,20420.0,9.55E25,2998.0,3604.0,620.2,200700.0,20200.0,1371.0,1664.0,5814.0,1998.0,0.5442,279.5,24.15,99.51,73.04,32.86,10.31,0.2556,0.3922,0.7844,0.09505,0.05464,1651.0,31.07,65.82,19.61,48.12,3.712,0.1955,0.4148,0.3381,0.09977,19.57,0.307,1.094,3.595,8.606,0.9835,3.033,0.1162,0.1557,0.3843,0.04817,0.0,0.0,0.0,0.0,0.0,0.0,0.0,0.0,0.0,0.0,0.0,0.5528,0.03865,0.6174,0.9025,0.2762,2.122,3.2,0.1586,0.1497,0.6709,0.04725,8.512E-6,4.19E-6,1.863E-4,2.5E-4,5.464E-5,4.122E-4,6.652E-5,3.03E-6,3.529E-6,1.135E-5,1.59E-6,
0.0,0.0,0.0,0.0,0.0,0.0,0.0,0.0,0.0,0.0,0.0,0.0,0.0,0.0,0.0,0.0,0.0,0.0,0.0,0.0,0.0,0.0,2.8E-6,0.003367,0.02676,0.8599,1.261,0.4249,1.163,0.2964,0.004624,0.006673,0.01864,0.002242,0.0,0.0,0.0,0.0,0.0,0.0,0.0,0.0,0.0,0.0,0.0,0.0,0.0,0.0,0.0,0.0,0.0,0.0,0.0,0.0,0.0,0.0,2.271E-22,0.0,5.456,9.137,1.46,24.96,0.8483,0.006208,0.001067,0.1287,0.002871,0.0,0.0,0.0,0.0,0.0,0.0,0.0,0.0,0.0,0.0,0.0,0.0,0.0,0.0,0.0,0.0,0.0,0.0,0.0,0.0,0.0,0.0,0.0,0.0,0.0,0.0,0.0,0.0,0.0,0.0,0.0,0.0,0.0,0.0,0.0,0.0,0.0,0.0,0.0,0.0,0.0,0.0,0.0,0.0,0.0,0.0,1.0E-4,20420.0,9.55E25,2998.0,3604.0,620.4,200700.0,20250.0,1377.0,1669.0,5755.0,1986.0,0.5442,279.5,24.15,99.51,73.04,32.86,10.33,0.2554,0.3939,0.7665,0.09393,0.05464,1651.0,31.07,65.82,19.61,48.12,3.714,0.1959,0.4135,0.3365,0.1002,19.57,0.307,1.094,3.595,8.606,0.9835,3.042,0.1156,0.1565,0.3748,0.04748,0.0,0.0,0.0,0.0,0.0,0.0,0.0,0.0,0.0,0.0,0.0,0.5528,0.03865,0.6174,0.9026,0.2763,2.122,3.207,0.1594,0.1509,0.6621,0.04662,8.512E-6,4.19E-6,1.863E-4,2.5E-4,5.464E-5,4.122E-4,6.663E-5,3.043E-6,3.543E-6,1.122E-5,1.582E-6,
0.0,0.0,0.0,0.0,0.0,0.0,0.0,0.0,0.0,0.0,0.0,0.0,0.0,0.0,0.0,0.0,0.0,0.0,0.0,0.0,0.0,0.0,2.8E-6,0.003367,0.02676,0.8599,1.261,0.4249,1.163,0.2987,0.004436,0.007052,0.01614,0.002206,0.0,0.0,0.0,0.0,0.0,0.0,0.0,0.0,0.0,0.0,0.0,0.0,0.0,0.0,0.0,0.0,0.0,0.0,0.0,0.0,0.0,0.0,2.271E-22,0.0,5.456,9.137,1.46,24.96,0.9781,0.00199,0.002649,0.003721,6.051E-4,0.0,0.0,0.0,0.0,0.0,0.0,0.0,0.0,0.0,0.0,0.0,0.0,0.0,0.0,0.0,0.0,0.0,0.0,0.0,0.0,0.0,0.0,0.0,0.0,0.0,0.0,0.0,0.0,0.0,0.0,0.0,0.0,0.0,0.0,0.0,0.0,0.0,0.0,0.0,0.0,0.0,0.0,0.0,0.0,0.0,0.0,1.0E-4,20420.0,9.55E25,2998.0,3602.0,619.5,200700.0,21080.0,1301.0,1791.0,4872.0,2002.0,0.5442,279.5,24.15,99.51,73.04,32.86,10.58,0.2467,0.4067,0.5113,0.0936,0.05464,1651.0,31.07,65.82,19.61,48.12,3.757,0.1952,0.4095,0.3005,0.09746,19.57,0.307,1.094,3.595,8.606,0.9836,3.173,0.1107,0.1639,0.2413,0.04766,0.0,0.0,0.0,0.0,0.0,0.0,0.0,0.0,0.0,0.0,0.0,0.5528,0.03865,0.6174,0.9023,0.2762,2.122,3.322,0.15,0.169,0.5376,0.04775,8.512E-6,4.19E-6,1.863E-4,2.5E-4,5.464E-5,4.122E-4,6.832E-5,2.915E-6,3.799E-6,9.389E-6,1.595E-6,
0.0,0.0,0.0,0.0,0.0,0.0,0.0,0.0,0.0,0.0,0.0,0.0,0.0,0.0,0.0,0.0,0.0,0.0,0.0,0.0,0.0,0.0,2.8E-6,0.003367,0.0268,0.8599,1.261,0.4249,1.163,0.2987,0.004515,0.006972,0.01612,0.002205,0.0,0.0,0.0,0.0,0.0,0.0,0.0,0.0,0.0,0.0,0.0,0.0,0.0,0.0,0.0,0.0,0.0,0.0,0.0,0.0,0.0,0.0,2.271E-22,0.0,5.456,9.137,1.46,24.96,0.9781,0.00199,0.002649,0.003721,6.051E-4,0.0,0.0,0.0,0.0,0.0,0.0,0.0,0.0,0.0,0.0,0.0,0.0,0.0,0.0,0.0,0.0,0.0,0.0,0.0,0.0,0.0,0.0,0.0,0.0,0.0,0.0,0.0,0.0,0.0,0.0,0.0,0.0,0.0,0.0,0.0,0.0,0.0,0.0,0.0,0.0,0.0,0.0,0.0,0.0,0.0,0.0,1.0E-4,20430.0,9.55E25,2998.0,3602.0,619.6,200700.0,21070.0,1330.0,1763.0,4872.0,1991.0,0.5442,279.5,24.15,99.51,73.04,32.86,10.58,0.2446,0.4098,0.5091,0.09357,0.05464,1651.0,31.07,65.82,19.61,48.12,3.757,0.1941,0.4095,0.3008,0.09743,19.57,0.3084,1.094,3.595,8.606,0.9835,3.173,0.1095,0.1656,0.2402,0.04763,0.0,0.0,0.0,0.0,0.0,0.0,0.0,0.0,0.0,0.0,0.0,0.5528,0.04003,0.6174,0.9023,0.2762,2.122,3.321,0.1531,0.1665,0.5365,0.04772,8.513E-6,4.209E-6,1.863E-4,2.5E-4,5.464E-5,4.122E-4,6.831E-5,2.962E-6,3.761E-6,9.373E-6,1.594E-6,
0.0,0.0,0.0,0.0,0.0,0.0,0.0,0.0,0.0,0.0,0.0,0.0,0.0,0.0,0.0,0.0,0.0,0.0,0.0,0.0,0.0,0.0,2.8E-6,0.003402,0.0268,0.8585,1.262,0.4248,1.163,0.2988,0.004523,0.007145,0.01586,0.002181,0.0,0.0,0.0,0.0,0.0,0.0,0.0,0.0,0.0,0.0,0.0,0.0,0.0,0.0,0.0,0.0,0.0,0.0,0.0,0.0,0.0,0.0,2.271E-22,0.0,5.456,9.137,1.46,24.96,0.9779,0.00201,0.002675,0.003758,6.111E-4,0.0,0.0,0.0,0.0,0.0,0.0,0.0,0.0,0.0,0.0,0.0,0.0,0.0,0.0,0.0,0.0,0.0,0.0,0.0,0.0,0.0,0.0,0.0,0.0,0.0,0.0,0.0,0.0,0.0,0.0,0.0,0.0,0.0,0.0,0.0,0.0,0.0,0.0,0.0,0.0,0.0,0.0,0.0,0.0,0.0,0.0,1.0E-4,20430.0,9.55E25,2996.0,3605.0,619.3,200700.0,21070.0,1336.0,1826.0,4790.0,2040.0,0.5454,279.5,24.15,99.5,73.03,32.86,10.58,0.2446,0.4115,0.498,0.09725,0.05626,1651.0,31.07,65.82,19.61,48.12,3.78,0.1909,0.3998,0.3017,0.09194,19.57,0.3084,1.094,3.595,8.606,0.9836,3.172,0.1102,0.1677,0.2345,0.05035,0.0,0.0,0.0,0.0,0.0,0.0,0.0,0.0,0.0,0.0,0.0,0.5534,0.04003,0.6169,0.9027,0.2761,2.122,3.322,0.1538,0.1746,0.5242,0.05031,8.526E-6,4.209E-6,1.86E-4,2.501E-4,5.459E-5,4.122E-4,6.879E-5,2.89E-6,3.784E-6,9.121E-6,1.538E-6,
0.0,0.0,0.0,0.0,0.0,0.0,0.0,0.0,0.0,0.0,0.0,0.0,0.0,0.0,0.0,0.0,0.0,0.0,0.0,0.0,0.0,0.0,2.8E-6,0.003402,0.0268,0.8585,1.262,0.4252,1.163,0.2988,0.004557,0.007612,0.01532,0.002201,0.0,0.0,0.0,0.0,0.0,0.0,0.0,0.0,0.0,0.0,0.0,0.0,0.0,0.0,0.0,0.0,0.0,0.0,0.0,0.0,0.0,0.0,2.271E-22,0.0,5.456,9.137,1.46,24.96,0.9779,0.00201,0.002675,0.003758,6.111E-4,0.0,0.0,0.0,0.0,0.0,0.0,0.0,0.0,0.0,0.0,0.0,0.0,0.0,0.0,0.0,0.0,0.0,0.0,0.0,0.0,0.0,0.0,0.0,0.0,0.0,0.0,0.0,0.0,0.0,0.0,0.0,0.0,0.0,0.0,0.0,0.0,0.0,0.0,0.0,0.0,0.0,0.0,0.0,0.0,0.0,0.0,1.0E-4,20440.0,9.55E25,2996.0,3600.0,623.8,200700.0,21080.0,1349.0,1963.0,4649.0,2044.0,0.5454,279.5,24.15,99.07,73.47,32.86,10.58,0.2464,0.4123,0.4963,0.09687,0.05626,1651.0,31.07,65.81,19.62,48.12,3.78,0.192,0.3965,0.3023,0.09302,19.57,0.3084,1.094,3.588,8.614,0.9837,3.171,0.111,0.168,0.2351,0.04979,0.0,0.0,0.0,0.0,0.0,0.0,0.0,0.0,0.0,0.0,0.0,0.5534,0.04003,0.6169,0.902,0.2768,2.122,3.322,0.155,0.1911,0.5068,0.05006,8.526E-6,4.209E-6,1.86E-4,2.499E-4,5.48E-5,4.122E-4,6.879E-5,2.909E-6,4.054E-6,8.828E-6,1.537E-6,
0.0,0.0,0.0,0.0,0.0,0.0,0.0,0.0,0.0,0.0,0.0,0.0,0.0,0.0,0.0,0.0,0.0,0.0,0.0,0.0,0.0,0.0,2.8E-6,0.003402,0.0268,0.8585,1.262,0.4252,1.163,0.299,0.00427,0.007564,0.01553,0.002138,0.0,0.0,0.0,0.0,0.0,0.0,0.0,0.0,0.0,0.0,0.0,0.0,0.0,0.0,0.0,0.0,0.0,0.0,0.0,0.0,0.0,0.0,2.271E-22,0.0,5.456,9.137,1.46,24.96,0.9735,0.001615,0.007806,0.003683,5.988E-4,0.0,0.0,0.0,0.0,0.0,0.0,0.0,0.0,0.0,0.0,0.0,0.0,0.0,0.0,0.0,0.0,0.0,0.0,0.0,0.0,0.0,0.0,0.0,0.0,0.0,0.0,0.0,0.0,0.0,0.0,0.0,0.0,0.0,0.0,0.0,0.0,0.0,0.0,0.0,0.0,0.0,0.0,0.0,0.0,0.0,0.0,1.0E-4,20440.0,9.55E25,2996.0,3599.0,623.2,200700.0,21110.0,1274.0,1970.0,4710.0,2016.0,0.5454,279.5,24.15,99.07,73.47,32.86,10.55,0.2706,0.4235,0.5019,0.09319,0.05626,1651.0,31.07,65.81,19.62,48.12,3.796,0.1773,0.3903,0.3095,0.09112,19.57,0.3084,1.094,3.588,8.614,0.9835,3.151,0.124,0.1745,0.2377,0.04777,0.0,0.0,0.0,0.0,0.0,0.0,0.0,0.0,0.0,0.0,0.0,0.5534,0.04003,0.6169,0.9018,0.2767,2.122,3.318,0.1524,0.1943,0.5129,0.04752,8.526E-6,4.209E-6,1.86E-4,2.499E-4,5.48E-5,4.122E-4,6.874E-5,2.872E-6,4.083E-6,8.931E-6,1.5E-6,
0.0,0.0,0.0,0.0,0.0,0.0,0.0,0.0,0.0,0.0,0.0,0.0,0.0,0.0,0.0,0.0,0.0,0.0,0.0,0.0,0.0,0.0,2.8E-6,0.003401,0.0268,0.8583,1.261,0.4252,1.164,0.2991,0.004292,0.007765,0.0153,0.002118,0.0,0.0,0.0,0.0,0.0,0.0,0.0,0.0,0.0,0.0,0.0,0.0,0.0,0.0,0.0,0.0,0.0,0.0,0.0,0.0,0.0,0.0,2.27E-22,0.0,5.373,8.915,1.46,25.26,0.9735,0.001615,0.007806,0.003683,5.988E-4,0.0,0.0,0.0,0.0,0.0,0.0,0.0,0.0,0.0,0.0,0.0,0.0,0.0,0.0,0.0,0.0,0.0,0.0,0.0,0.0,0.0,0.0,0.0,0.0,0.0,0.0,0.0,0.0,0.0,0.0,0.0,0.0,0.0,0.0,0.0,0.0,0.0,0.0,0.0,0.0,0.0,0.0,0.0,0.0,0.0,0.0,1.0E-4,20440.0,9.55E25,3005.0,3621.0,622.5,200700.0,21110.0,1282.0,2029.0,4664.0,2202.0,0.5454,279.5,24.15,99.05,73.47,32.89,10.54,0.2713,0.4289,0.4984,0.09342,0.05626,1651.0,31.02,65.68,19.62,48.29,3.797,0.1769,0.3937,0.3054,0.09116,19.57,0.3084,1.093,3.587,8.614,0.985,3.149,0.1244,0.1771,0.2364,0.04807,0.0,0.0,0.0,0.0,0.0,0.0,0.0,0.0,0.0,0.0,0.0,0.5532,0.04003,0.6164,0.9005,0.2766,2.124,3.316,0.1539,0.2005,0.5074,0.04757,8.524E-6,4.209E-6,1.859E-4,2.495E-4,5.48E-5,4.127E-4,6.873E-5,2.892E-6,4.188E-6,8.826E-6,1.497E-6,
0.0,0.0,0.0,0.0,0.0,0.0,0.0,0.0,0.0,0.0,0.0,0.0,0.0,0.0,0.0,0.0,0.0,0.0,0.0,0.0,0.0,0.0,2.8E-6,0.003401,0.0268,0.8583,1.261,0.4252,1.164,0.2991,0.00431,0.007786,0.01529,0.002124,0.0,0.0,0.0,0.0,0.0,0.0,0.0,0.0,0.0,0.0,0.0,0.0,0.0,0.0,0.0,0.0,0.0,0.0,0.0,0.0,0.0,0.0,2.27E-22,0.0,5.408,9.008,1.46,26.14,0.9732,0.001631,0.007883,0.003719,6.047E-4,0.0,0.0,0.0,0.0,0.0,0.0,0.0,0.0,0.0,0.0,0.0,0.0,0.0,0.0,0.0,0.0,0.0,0.0,0.0,0.0,0.0,0.0,0.0,0.0,0.0,0.0,0.0,0.0,0.0,0.0,0.0,0.0,0.0,0.0,0.0,0.0,0.0,0.0,0.0,0.0,0.0,0.0,0.0,0.0,0.0,0.0,1.0E-4,20440.0,9.55E25,3005.0,3622.0,622.6,200700.0,21090.0,1288.0,2036.0,4666.0,2199.0,0.5454,279.5,24.15,99.05,73.47,32.89,10.54,0.2723,0.4298,0.4967,0.09404,0.05626,1651.0,31.02,65.68,19.62,48.29,3.798,0.1773,0.3921,0.305,0.09156,19.57,0.3084,1.093,3.587,8.614,0.9852,3.148,0.1249,0.1776,0.2355,0.04838,0.0,0.0,0.0,0.0,0.0,0.0,0.0,0.0,0.0,0.0,0.0,0.5532,0.04003,0.6164,0.9005,0.2766,2.124,3.314,0.1549,0.2015,0.5073,0.04777,8.524E-6,4.209E-6,1.859E-4,2.495E-4,5.48E-5,4.127E-4,6.871E-5,2.905E-6,4.204E-6,8.823E-6,1.5E-6,
0.0,0.0,0.0,0.0,0.0,0.0,0.0,0.0,0.0,0.0,0.0,0.0,0.0,0.0,0.0,0.0,0.0,0.0,0.0,0.0,0.0,0.0,2.8E-6,0.003401,0.0268,0.8583,1.261,0.4252,1.164,0.299,0.004432,0.007658,0.0154,0.002073,0.0,0.0,0.0,0.0,0.0,0.0,0.0,0.0,0.0,0.0,0.0,0.0,0.0,0.0,0.0,0.0,0.0,0.0,0.0,0.0,0.0,0.0,2.27E-22,0.0,5.408,9.008,1.46,26.14,0.9732,0.001631,0.007883,0.003719,6.047E-4,0.0,0.0,0.0,0.0,0.0,0.0,0.0,0.0,0.0,0.0,0.0,0.0,0.0,0.0,0.0,0.0,0.0,0.0,0.0,0.0,0.0,0.0,0.0,0.0,0.0,0.0,0.0,0.0,0.0,0.0,0.0,0.0,0.0,0.0,0.0,0.0,0.0,0.0,0.0,0.0,0.0,0.0,0.0,0.0,0.0,0.0,1.0E-4,20440.0,9.55E25,3005.0,3622.0,622.6,200700.0,21090.0,1314.0,1999.0,4717.0,2164.0,0.5454,279.5,24.15,99.05,73.47,32.89,10.54,0.2762,0.4259,0.5001,0.09072,0.05626,1651.0,31.02,65.68,19.62,48.29,3.798,0.1799,0.3893,0.3069,0.08968,19.57,0.3084,1.093,3.587,8.614,0.9852,3.148,0.1269,0.1757,0.2372,0.04674,0.0,0.0,0.0,0.0,0.0,0.0,0.0,0.0,0.0,0.0,0.0,0.5532,0.04003,0.6164,0.9005,0.2766,2.124,3.313,0.1581,0.1971,0.5108,0.04603,8.524E-6,4.209E-6,1.859E-4,2.495E-4,5.479E-5,4.127E-4,6.869E-5,2.962E-6,4.133E-6,8.881E-6,1.471E-6,
0.0,0.0,0.0,0.0,0.0,0.0,0.0,0.0,0.0,0.0,0.0,0.0,0.0,0.0,0.0,0.0,0.0,0.0,0.0,0.0,0.0,0.0,2.8E-6,0.003401,0.0268,0.8583,1.261,0.4252,1.164,0.2989,0.005718,0.006399,0.01542,0.002168,0.0,0.0,0.0,0.0,0.0,0.0,0.0,0.0,0.0,0.0,0.0,0.0,0.0,0.0,0.0,0.0,0.0,0.0,0.0,0.0,0.0,0.0,2.27E-22,0.0,5.408,9.007,1.459,26.14,0.9716,0.004428,2.941E-4,0.007169,0.006293,0.0,0.0,0.0,0.0,0.0,0.0,0.0,0.0,0.0,0.0,0.0,0.0,0.0,0.0,0.0,0.0,0.0,0.0,0.0,0.0,0.0,0.0,0.0,0.0,0.0,0.0,0.0,0.0,0.0,0.0,0.0,0.0,0.0,0.0,0.0,0.0,0.0,0.0,0.0,0.0,0.0,0.0,0.0,0.0,0.0,0.0,1.0E-4,20440.0,9.55E25,3004.0,3610.0,617.2,200700.0,21020.0,1709.0,1657.0,4714.0,2314.0,0.5454,279.5,24.15,99.04,73.47,32.89,10.51,0.4278,0.292,0.5066,0.1014,0.05626,1651.0,31.02,65.68,19.62,48.29,3.814,0.2676,0.2828,0.3098,0.09063,19.57,0.3084,1.093,3.585,8.613,0.9852,3.132,0.2001,0.1123,0.2406,0.05253,0.0,0.0,0.0,0.0,0.0,0.0,0.0,0.0,0.0,0.0,0.0,0.5532,0.04003,0.6163,0.8988,0.2758,2.124,3.298,0.2055,0.1614,0.5114,0.05157,8.523E-6,4.209E-6,1.859E-4,2.494E-4,5.478E-5,4.127E-4,6.849E-5,3.733E-6,3.52E-6,8.889E-6,1.548E-6,
0.0,0.0,0.0,0.0,0.0,0.0,0.0,0.0,0.0,0.0,0.0,0.0,0.0,0.0,0.0,0.0,0.0,0.0,0.0,0.0,0.0,0.0,2.8E-6,0.003401,0.02685,0.8583,1.261,0.4252,1.164,0.2987,0.005759,0.006508,0.01535,0.002211,0.0,0.0,0.0,0.0,0.0,0.0,0.0,0.0,0.0,0.0,0.0,0.0,0.0,0.0,0.0,0.0,0.0,0.0,0.0,0.0,0.0,0.0,2.27E-22,0.0,5.408,9.008,1.46,26.14,0.9644,0.005561,3.694E-4,0.009004,0.007903,0.0,0.0,0.0,0.0,0.0,0.0,0.0,0.0,0.0,0.0,0.0,0.0,0.0,0.0,0.0,0.0,0.0,0.0,0.0,0.0,0.0,0.0,0.0,0.0,0.0,0.0,0.0,0.0,0.0,0.0,0.0,0.0,0.0,0.0,0.0,0.0,0.0,0.0,0.0,0.0,0.0,0.0,0.0,0.0,0.0,0.0,1.0E-4,20440.0,9.55E25,3005.0,3620.0,622.0,200700.0,20940.0,1716.0,1689.0,4730.0,2298.0,0.5454,279.5,24.15,99.05,73.47,32.89,10.49,0.4291,0.2911,0.5121,0.1045,0.05626,1651.0,31.02,65.68,19.62,48.29,3.812,0.2679,0.2817,0.3102,0.0912,19.57,0.3108,1.093,3.586,8.614,0.9852,3.122,0.2007,0.1118,0.2437,0.0542,0.0,0.0,0.0,0.0,0.0,0.0,0.0,0.0,0.0,0.0,0.0,0.5532,0.04294,0.6164,0.9003,0.2765,2.124,3.286,0.207,0.1649,0.511,0.05348,8.523E-6,4.25E-6,1.859E-4,2.495E-4,5.479E-5,4.127E-4,6.832E-5,3.757E-6,3.58E-6,8.87E-6,1.577E-6,
0.0,0.0,0.0,0.0,0.0,0.0,0.0,0.0,0.0,0.0,0.0,0.0,0.0,0.0,0.0,0.0,0.0,0.0,0.0,0.0,0.0,0.0,2.8E-6,0.003401,0.02685,0.8582,1.261,0.4252,1.164,0.2989,0.005696,0.00642,0.01532,0.002186,0.0,0.0,0.0,0.0,0.0,0.0,0.0,0.0,0.0,0.0,0.0,0.0,0.0,0.0,0.0,0.0,0.0,0.0,0.0,0.0,0.0,0.0,2.27E-22,0.0,5.408,9.008,1.46,26.14,0.964,0.005616,3.73E-4,0.009092,0.007981,0.0,0.0,0.0,0.0,0.0,0.0,0.0,0.0,0.0,0.0,0.0,0.0,0.0,0.0,0.0,0.0,0.0,0.0,0.0,0.0,0.0,0.0,0.0,0.0,0.0,0.0,0.0,0.0,0.0,0.0,0.0,0.0,0.0,0.0,0.0,0.0,0.0,0.0,0.0,0.0,0.0,0.0,0.0,0.0,0.0,0.0,1.0E-4,20440.0,9.55E25,3005.0,3621.0,622.3,200700.0,20940.0,1725.0,1688.0,4764.0,2256.0,0.5454,279.5,24.15,99.05,73.47,32.89,10.49,0.4345,0.2869,0.5093,0.1059,0.05626,1651.0,31.02,65.68,19.62,48.29,3.814,0.271,0.275,0.3116,0.0917,19.57,0.3108,1.093,3.587,8.614,0.9853,3.122,0.2035,0.1102,0.2422,0.05491,0.0,0.0,0.0,0.0,0.0,0.0,0.0,0.0,0.0,0.0,0.0,0.5532,0.04294,0.6164,0.9004,0.2765,2.124,3.286,0.2077,0.1658,0.5093,0.05403,8.523E-6,4.25E-6,1.859E-4,2.495E-4,5.479E-5,4.127E-4,6.834E-5,3.756E-6,3.576E-6,8.844E-6,1.579E-6,
0.0,0.0,0.0,0.0,0.0,0.0,0.0,0.0,0.0,0.0,0.0,0.0,0.0,0.0,0.0,0.0,0.0,0.0,0.0,0.0,0.0,0.0,2.8E-6,0.003401,0.02685,0.8582,1.261,0.4252,1.164,0.2989,0.005826,0.006392,0.01521,0.002195,0.0,0.0,0.0,0.0,0.0,0.0,0.0,0.0,0.0,0.0,0.0,0.0,0.0,0.0,0.0,0.0,0.0,0.0,0.0,0.0,0.0,0.0,2.27E-22,0.0,5.408,9.008,1.46,26.14,0.964,0.005616,3.73E-4,0.009092,0.007981,0.0,0.0,0.0,0.0,0.0,0.0,0.0,0.0,0.0,0.0,0.0,0.0,0.0,0.0,0.0,0.0,0.0,0.0,0.0,0.0,0.0,0.0,0.0,0.0,0.0,0.0,0.0,0.0,0.0,0.0,0.0,0.0,0.0,0.0,0.0,0.0,0.0,0.0,0.0,0.0,0.0,0.0,0.0,0.0,0.0,0.0,1.0E-4,20440.0,9.55E25,3005.0,3621.0,622.3,200700.0,20940.0,1755.0,1686.0,4739.0,2323.0,0.5454,279.5,24.15,99.05,73.47,32.89,10.49,0.4343,0.2869,0.5083,0.107,0.05626,1651.0,31.02,65.68,19.62,48.29,3.814,0.2737,0.2725,0.3111,0.09228,19.57,0.3108,1.093,3.587,8.614,0.9852,3.122,0.203,0.1104,0.2418,0.05553,0.0,0.0,0.0,0.0,0.0,0.0,0.0,0.0,0.0,0.0,0.0,0.5531,0.04294,0.6164,0.9004,0.2765,2.124,3.286,0.2101,0.1664,0.5059,0.05435,8.523E-6,4.25E-6,1.859E-4,2.494E-4,5.479E-5,4.127E-4,6.834E-5,3.807E-6,3.577E-6,8.787E-6,1.584E-6,
0.0,0.0,0.0,0.0,0.0,0.0,0.0,0.0,0.0,0.0,0.0,0.0,0.0,0.0,0.0,0.0,0.0,0.0,0.0,0.0,0.0,0.0,2.8E-6,0.003428,0.02685,0.8582,1.261,0.4252,1.164,0.2989,0.005712,0.006564,0.01518,0.002119,0.0,0.0,0.0,0.0,0.0,0.0,0.0,0.0,0.0,0.0,0.0,0.0,0.0,0.0,0.0,0.0,0.0,0.0,0.0,0.0,0.0,0.0,2.27E-22,0.0,5.408,9.008,1.46,26.14,0.964,0.005616,3.73E-4,0.009092,0.007981,0.0,0.0,0.0,0.0,0.0,0.0,0.0,0.0,0.0,0.0,0.0,0.0,0.0,0.0,0.0,0.0,0.0,0.0,0.0,0.0,0.0,0.0,0.0,0.0,0.0,0.0,0.0,0.0,0.0,0.0,0.0,0.0,0.0,0.0,0.0,0.0,0.0,0.0,0.0,0.0,0.0,0.0,0.0,0.0,0.0,0.0,1.0E-4,20450.0,9.55E25,3005.0,3621.0,622.3,200700.0,20950.0,1723.0,1737.0,4743.0,2330.0,0.5471,279.5,24.15,99.05,73.47,32.89,10.5,0.4323,0.2872,0.5093,0.1044,0.05715,1651.0,31.02,65.68,19.62,48.29,3.815,0.2724,0.2725,0.3125,0.0901,19.57,0.3108,1.093,3.587,8.614,0.9853,3.123,0.202,0.1106,0.2421,0.05434,0.0,0.0,0.0,0.0,0.0,0.0,0.0,0.0,0.0,0.0,0.0,0.5541,0.04294,0.6164,0.9003,0.2765,2.124,3.286,0.2065,0.1718,0.5046,0.05229,8.538E-6,4.25E-6,1.859E-4,2.494E-4,5.479E-5,4.127E-4,6.835E-5,3.748E-6,3.668E-6,8.767E-6,1.547E-6,
0.0,0.0,0.0,0.0,0.0,0.0,0.0,0.0,0.0,0.0,0.0,0.0,0.0,0.0,0.0,0.0,0.0,0.0,0.0,0.0,0.0,0.0,2.8E-6,0.003428,0.02685,0.8582,1.261,0.4252,1.164,0.299,0.005698,0.009553,0.01216,0.002129,0.0,0.0,0.0,0.0,0.0,0.0,0.0,0.0,0.0,0.0,0.0,0.0,0.0,0.0,0.0,0.0,0.0,0.0,0.0,0.0,0.0,0.0,2.27E-22,0.0,5.408,9.008,1.46,26.14,0.9637,0.005672,3.767E-4,0.009182,0.00806,0.0,0.0,0.0,0.0,0.0,0.0,0.0,0.0,0.0,0.0,0.0,0.0,0.0,0.0,0.0,0.0,0.0,0.0,0.0,0.0,0.0,0.0,0.0,0.0,0.0,0.0,0.0,0.0,0.0,0.0,0.0,0.0,0.0,0.0,0.0,0.0,0.0,0.0,0.0,0.0,0.0,0.0,0.0,0.0,0.0,0.0,1.0E-4,20450.0,9.55E25,3005.0,3621.0,622.5,200700.0,20960.0,1716.0,2636.0,3930.0,2232.0,0.5471,279.5,24.15,99.05,73.47,32.89,10.5,0.431,0.366,0.4277,0.1054,0.05715,1651.0,31.02,65.68,19.62,48.29,3.815,0.2727,0.314,0.2695,0.09076,19.57,0.3108,1.093,3.587,8.614,0.9853,3.124,0.2014,0.1493,0.2019,0.0548,0.0,0.0,0.0,0.0,0.0,0.0,0.0,0.0,0.0,0.0,0.0,0.5541,0.04294,0.6164,0.9004,0.2766,2.124,3.288,0.2052,0.2738,0.4016,0.05264,8.538E-6,4.25E-6,1.859E-4,2.494E-4,5.479E-5,4.127E-4,6.838E-5,3.732E-6,5.333E-6,7.087E-6,1.552E-6,
0.0,0.0,0.0,0.0,0.0,0.0,0.0,0.0,0.0,0.0,0.0,0.0,0.0,0.0,0.0,0.0,0.0,0.0,0.0,0.0,0.0,0.0,2.8E-6,0.003461,0.02685,0.8582,1.261,0.4251,1.164,0.2979,0.007294,0.009058,0.01227,0.001994,0.0,0.0,0.0,0.0,0.0,0.0,0.0,0.0,0.0,0.0,0.0,0.0,0.0,0.0,0.0,0.0,0.0,0.0,0.0,0.0,0.0,0.0,2.27E-22,0.0,5.408,9.004,1.459,26.14,0.9192,0.06456,0.002102,0.002618,0.001242,0.0,0.0,0.0,0.0,0.0,0.0,0.0,0.0,0.0,0.0,0.0,0.0,0.0,0.0,0.0,0.0,0.0,0.0,0.0,0.0,0.0,0.0,0.0,0.0,0.0,0.0,0.0,0.0,0.0,0.0,0.0,0.0,0.0,0.0,0.0,0.0,0.0,0.0,0.0,0.0,0.0,0.0,0.0,0.0,0.0,0.0,1.0E-4,20460.0,9.55E25,3007.0,3592.0,610.9,200700.0,20550.0,2291.0,2504.0,3952.0,2186.0,0.5487,279.5,24.15,99.04,73.47,32.9,10.47,0.4812,0.3733,0.4139,0.09258,0.05722,1651.0,31.02,65.68,19.62,48.29,3.871,0.224,0.3114,0.268,0.08829,19.57,0.3108,1.094,3.582,8.612,0.9885,3.104,0.2336,0.1534,0.1944,0.04794,0.0,0.0,0.0,0.0,0.0,0.0,0.0,0.0,0.0,0.0,0.0,0.555,0.04294,0.6167,0.8962,0.2749,2.127,3.221,0.2909,0.2617,0.4028,0.0465,8.551E-6,4.25E-6,1.859E-4,2.494E-4,5.477E-5,4.128E-4,6.747E-5,4.946E-6,5.111E-6,7.122E-6,1.462E-6,
0.0,0.0,0.0,0.0,0.0,0.0,0.0,0.0,0.0,0.0,0.0,0.0,0.0,0.0,0.0,0.0,0.0,0.0,0.0,0.0,0.0,0.0,2.8E-6,0.003461,0.02685,0.8582,1.261,0.4252,1.164,0.2987,0.005929,0.009296,0.01223,0.002143,0.0,0.0,0.0,0.0,0.0,0.0,0.0,0.0,0.0,0.0,0.0,0.0,0.0,0.0,0.0,0.0,0.0,0.0,0.0,0.0,0.0,0.0,2.27E-22,0.0,5.41,9.009,1.461,26.14,0.9577,0.00423,0.006643,0.005818,0.002759,0.0,0.0,0.0,0.0,0.0,0.0,0.0,0.0,0.0,0.0,0.0,0.0,0.0,0.0,0.0,0.0,0.0,0.0,0.0,0.0,0.0,0.0,0.0,0.0,0.0,0.0,0.0,0.0,0.0,0.0,0.0,0.0,0.0,0.0,0.0,0.0,0.0,0.0,0.0,0.0,0.0,0.0,0.0,0.0,0.0,0.0,1.0E-4,20460.0,9.55E25,3016.0,3621.0,626.6,200700.0,20870.0,1844.0,2578.0,3932.0,2248.0,0.5486,279.5,24.15,99.05,73.47,32.9,10.54,0.3723,0.3827,0.4195,0.09528,0.05722,1651.0,31.02,65.68,19.62,48.29,3.893,0.1929,0.3137,0.2701,0.08772,19.57,0.3108,1.095,3.587,8.615,0.9926,3.138,0.1768,0.1586,0.1972,0.04961,0.0,0.0,0.0,0.0,0.0,0.0,0.0,0.0,0.0,0.0,0.0,0.555,0.04294,0.6179,0.9002,0.2771,2.13,3.26,0.2321,0.2704,0.401,0.04866,8.55E-6,4.25E-6,1.859E-4,2.494E-4,5.48E-5,4.128E-4,6.803E-5,4.064E-6,5.248E-6,7.097E-6,1.514E-6,
0.0,0.0,0.0,0.0,0.0,0.0,0.0,0.0,0.0,0.0,0.0,0.0,0.0,0.0,0.0,0.0,0.0,0.0,0.0,0.0,0.0,0.0,2.8E-6,0.003461,0.02685,0.8582,1.261,0.4252,1.164,0.2987,0.00587,0.009135,0.01241,0.002143,0.0,0.0,0.0,0.0,0.0,0.0,0.0,0.0,0.0,0.0,0.0,0.0,0.0,0.0,0.0,0.0,0.0,0.0,0.0,0.0,0.0,0.0,2.2689999999999997E-22,0.0,5.41,9.009,1.461,26.14,0.9573,0.004272,0.006709,0.005876,0.002787,0.0,0.0,0.0,0.0,0.0,0.0,0.0,0.0,0.0,0.0,0.0,0.0,0.0,0.0,0.0,0.0,0.0,0.0,0.0,0.0,0.0,0.0,0.0,0.0,0.0,0.0,0.0,0.0,0.0,0.0,0.0,0.0,0.0,0.0,0.0,0.0,0.0,0.0,0.0,0.0,0.0,0.0,0.0,0.0,0.0,0.0,1.0E-4,20460.0,9.55E25,3016.0,3621.0,627.3,200700.0,20870.0,1825.0,2542.0,4028.0,2260.0,0.5486,279.5,24.15,99.02,73.51,32.9,10.53,0.3695,0.3888,0.4213,0.09555,0.05722,1651.0,31.02,65.5,19.81,48.29,3.878,0.1964,0.3167,0.2723,0.08803,19.57,0.3108,1.095,3.586,8.617,0.9927,3.138,0.1741,0.1605,0.1976,0.04969,0.0,0.0,0.0,0.0,0.0,0.0,0.0,0.0,0.0,0.0,0.0,0.5549,0.04294,0.618,0.9001,0.2774,2.13,3.26,0.2291,0.2673,0.4071,0.0487,8.549E-6,4.25E-6,1.859E-4,2.494E-4,5.488E-5,4.128E-4,6.804E-5,4.022E-6,5.185E-6,7.196E-6,1.514E-6,
0.0,0.0,0.0,0.0,0.0,0.0,0.0,0.0,0.0,0.0,0.0,0.0,0.0,0.0,0.0,0.0,0.0,0.0,0.0,0.0,0.0,0.0,2.8E-6,0.00346,0.02685,0.8582,1.261,0.4253,1.164,0.2987,0.005886,0.009202,0.01226,0.002211,0.0,0.0,0.0,0.0,0.0,0.0,0.0,0.0,0.0,0.0,0.0,0.0,0.0,0.0,0.0,0.0,0.0,0.0,0.0,0.0,0.0,0.0,2.2689999999999997E-22,0.0,5.41,9.009,1.461,26.14,0.9573,0.004272,0.006709,0.005876,0.002787,0.0,0.0,0.0,0.0,0.0,0.0,0.0,0.0,0.0,0.0,0.0,0.0,0.0,0.0,0.0,0.0,0.0,0.0,0.0,0.0,0.0,0.0,0.0,0.0,0.0,0.0,0.0,0.0,0.0,0.0,0.0,0.0,0.0,0.0,0.0,0.0,0.0,0.0,0.0,0.0,0.0,0.0,0.0,0.0,0.0,0.0,1.0E-4,20460.0,9.55E25,3016.0,3620.0,627.6,200700.0,20870.0,1830.0,2562.0,4015.0,2262.0,0.5486,279.5,24.15,99.01,73.51,32.9,10.53,0.3695,0.3885,0.4182,0.09905,0.05722,1651.0,31.02,65.46,19.85,48.29,3.878,0.1963,0.3164,0.2711,0.08951,19.57,0.3108,1.095,3.585,8.617,0.9927,3.138,0.1741,0.1604,0.1961,0.05146,0.0,0.0,0.0,0.0,0.0,0.0,0.0,0.0,0.0,0.0,0.0,0.5549,0.04294,0.618,0.8999,0.2776,2.13,3.26,0.2298,0.2695,0.4017,0.05124,8.549E-6,4.25E-6,1.859E-4,2.493E-4,5.497E-5,4.128E-4,6.804E-5,4.032E-6,5.222E-6,7.108E-6,1.554E-6,
0.0,0.0,0.0,0.0,0.0,0.0,0.0,0.0,0.0,0.0,0.0,0.0,0.0,0.0,0.0,0.0,0.0,0.0,0.0,0.0,0.0,0.0,2.8E-6,0.00346,0.02685,0.8582,1.261,0.4253,1.164,0.2987,0.005908,0.009357,0.01199,0.002352,0.0,0.0,0.0,0.0,0.0,0.0,0.0,0.0,0.0,0.0,0.0,0.0,0.0,0.0,0.0,0.0,0.0,0.0,0.0,0.0,0.0,0.0,2.2689999999999997E-22,0.0,5.41,9.009,1.461,26.14,0.9573,0.004272,0.006709,0.005876,0.002787,0.0,0.0,0.0,0.0,0.0,0.0,0.0,0.0,0.0,0.0,0.0,0.0,0.0,0.0,0.0,0.0,0.0,0.0,0.0,0.0,0.0,0.0,0.0,0.0,0.0,0.0,0.0,0.0,0.0,0.0,0.0,0.0,0.0,0.0,0.0,0.0,0.0,0.0,0.0,0.0,0.0,0.0,0.0,0.0,0.0,0.0,1.0E-4,20460.0,9.55E25,3016.0,3620.0,627.6,200700.0,20870.0,1830.0,2606.0,3934.0,2300.0,0.5486,279.5,24.15,99.01,73.51,32.9,10.53,0.3684,0.3869,0.4198,0.09886,0.05722,1651.0,31.02,65.46,19.85,48.29,3.878,0.1963,0.3163,0.271,0.08989,19.57,0.3108,1.095,3.585,8.617,0.9927,3.139,0.1732,0.1593,0.197,0.0513,0.0,0.0,0.0,0.0,0.0,0.0,0.0,0.0,0.0,0.0,0.0,0.5549,0.04294,0.618,0.8999,0.2776,2.13,3.26,0.2297,0.2737,0.3929,0.05582,8.549E-6,4.25E-6,1.859E-4,2.493E-4,5.497E-5,4.128E-4,6.803E-5,4.035E-6,5.296E-6,6.961E-6,1.631E-6,
0.0,0.0,0.0,0.0,0.0,0.0,0.0,0.0,0.0,0.0,0.0,0.0,0.0,0.0,0.0,0.0,0.0,0.0,0.0,0.0,0.0,0.0,2.8E-6,0.00346,0.02685,0.8582,1.261,0.4252,1.164,0.2992,0.005831,0.00932,0.01188,0.002258,0.0,0.0,0.0,0.0,0.0,0.0,0.0,0.0,0.0,0.0,0.0,0.0,0.0,0.0,0.0,0.0,0.0,0.0,0.0,0.0,0.0,0.0,2.2689999999999997E-22,0.0,5.408,9.004,1.459,26.14,0.9841,2.373E-4,9.901E-4,0.002088,0.001551,0.0,0.0,0.0,0.0,0.0,0.0,0.0,0.0,0.0,0.0,0.0,0.0,0.0,0.0,0.0,0.0,0.0,0.0,0.0,0.0,0.0,0.0,0.0,0.0,0.0,0.0,0.0,0.0,0.0,0.0,0.0,0.0,0.0,0.0,0.0,0.0,0.0,0.0,0.0,0.0,0.0,0.0,0.0,0.0,0.0,0.0,1.0E-4,20460.0,9.55E25,3007.0,3593.0,612.9,200700.0,21040.0,1810.0,2593.0,3946.0,2228.0,0.5486,279.5,24.15,98.95,73.57,32.9,10.57,0.3614,0.3751,0.4222,0.09787,0.05722,1651.0,31.02,65.38,19.93,48.29,3.889,0.1937,0.3137,0.2709,0.08925,19.57,0.3108,1.094,3.559,8.636,0.9887,3.161,0.1697,0.153,0.1984,0.05074,0.0,0.0,0.0,0.0,0.0,0.0,0.0,0.0,0.0,0.0,0.0,0.5549,0.04294,0.6168,0.896,0.2755,2.127,3.277,0.2273,0.2714,0.3912,0.05595,8.549E-6,4.25E-6,1.859E-4,2.492E-4,5.494E-5,4.128E-4,6.831E-5,3.995E-6,5.265E-6,6.922E-6,1.614E-6,
0.0,0.0,0.0,0.0,0.0,0.0,0.0,0.0,0.0,0.0,0.0,0.0,0.0,0.0,0.0,0.0,0.0,0.0,0.0,0.0,0.0,0.0,2.8E-6,0.00346,0.02685,0.8582,1.261,0.4253,1.164,0.299,0.005733,0.009204,0.01226,0.002113,0.0,0.0,0.0,0.0,0.0,0.0,0.0,0.0,0.0,0.0,0.0,0.0,0.0,0.0,0.0,0.0,0.0,0.0,0.0,0.0,0.0,0.0,2.2689999999999997E-22,0.0,5.41,9.009,1.461,26.14,0.9668,4.945E-4,0.002063,0.00435,0.003232,0.0,0.0,0.0,0.0,0.0,0.0,0.0,0.0,0.0,0.0,0.0,0.0,0.0,0.0,0.0,0.0,0.0,0.0,0.0,0.0,0.0,0.0,0.0,0.0,0.0,0.0,0.0,0.0,0.0,0.0,0.0,0.0,0.0,0.0,0.0,0.0,0.0,0.0,0.0,0.0,0.0,0.0,0.0,0.0,0.0,0.0,1.0E-4,20460.0,9.55E25,3016.0,3620.0,627.6,200700.0,20960.0,1781.0,2558.0,4185.0,2061.0,0.5486,279.5,24.15,98.96,73.57,32.9,10.54,0.3575,0.3759,0.4281,0.09967,0.05722,1651.0,31.02,65.38,19.93,48.29,3.883,0.193,0.3135,0.2728,0.08924,19.57,0.3108,1.095,3.564,8.638,0.9927,3.146,0.1677,0.1533,0.2015,0.05167,0.0,0.0,0.0,0.0,0.0,0.0,0.0,0.0,0.0,0.0,0.0,0.5549,0.04294,0.6179,0.8997,0.2776,2.13,3.266,0.2229,0.2676,0.4047,0.05131,8.549E-6,4.25E-6,1.859E-4,2.493E-4,5.497E-5,4.128E-4,6.815E-5,3.93E-6,5.202E-6,7.139E-6,1.536E-6,
0.0,0.0,0.0,0.0,0.0,0.0,0.0,0.0,0.0,0.0,0.0,0.0,0.0,0.0,0.0,0.0,0.0,0.0,0.0,0.0,0.0,0.0,2.8E-6,0.00346,0.02685,0.8582,1.261,0.4253,1.164,0.2989,0.005749,0.009243,0.0123,0.002139,0.0,0.0,0.0,0.0,0.0,0.0,0.0,0.0,0.0,0.0,0.0,0.0,0.0,0.0,0.0,0.0,0.0,0.0,0.0,0.0,0.0,0.0,2.2689999999999997E-22,0.0,5.41,9.009,1.461,26.14,0.9665,4.994E-4,0.002084,0.004394,0.003265,0.0,0.0,0.0,0.0,0.0,0.0,0.0,0.0,0.0,0.0,0.0,0.0,0.0,0.0,0.0,0.0,0.0,0.0,0.0,0.0,0.0,0.0,0.0,0.0,0.0,0.0,0.0,0.0,0.0,0.0,0.0,0.0,0.0,0.0,0.0,0.0,0.0,0.0,0.0,0.0,0.0,0.0,0.0,0.0,0.0,0.0,1.0E-4,20460.0,9.55E25,3016.0,3620.0,627.9,200700.0,20960.0,1779.0,2563.0,4217.0,2028.0,0.5486,279.5,24.15,98.96,73.57,32.9,10.54,0.3567,0.3763,0.4274,0.1008,0.05722,1651.0,31.02,65.38,19.93,48.29,3.883,0.1932,0.3132,0.2724,0.08975,19.57,0.3108,1.095,3.564,8.638,0.9927,3.145,0.1671,0.1536,0.2012,0.05224,0.0,0.0,0.0,0.0,0.0,0.0,0.0,0.0,0.0,0.0,0.0,0.5549,0.04294,0.6179,0.8998,0.2776,2.13,3.265,0.2226,0.2685,0.4051,0.05121,8.549E-6,4.25E-6,1.859E-4,2.493E-4,5.497E-5,4.128E-4,6.811E-5,3.93E-6,5.219E-6,7.15E-6,1.54E-6,
0.0,0.0,0.0,0.0,0.0,0.0,0.0,0.0,0.0,0.0,0.0,0.0,0.0,0.0,0.0,0.0,0.0,0.0,0.0,0.0,0.0,0.0,2.8E-6,0.00346,0.02685,0.8582,1.261,0.4253,1.164,0.2989,0.005727,0.009262,0.01233,0.002084,0.0,0.0,0.0,0.0,0.0,0.0,0.0,0.0,0.0,0.0,0.0,0.0,0.0,0.0,0.0,0.0,0.0,0.0,0.0,0.0,0.0,0.0,2.2689999999999997E-22,0.0,5.41,9.009,1.461,26.14,0.9665,4.994E-4,0.002084,0.004394,0.003265,0.0,0.0,0.0,0.0,0.0,0.0,0.0,0.0,0.0,0.0,0.0,0.0,0.0,0.0,0.0,0.0,0.0,0.0,0.0,0.0,0.0,0.0,0.0,0.0,0.0,0.0,0.0,0.0,0.0,0.0,0.0,0.0,0.0,0.0,0.0,0.0,0.0,0.0,0.0,0.0,0.0,0.0,0.0,0.0,0.0,0.0,1.0E-4,20460.0,9.55E25,3016.0,3620.0,628.3,200700.0,20970.0,1772.0,2573.0,4238.0,2107.0,0.5486,279.5,24.15,98.92,73.6,32.9,10.54,0.3545,0.3771,0.4288,0.09887,0.05722,1651.0,31.02,65.18,20.13,48.29,3.883,0.1926,0.3139,0.2723,0.08905,19.57,0.3108,1.095,3.562,8.641,0.9927,3.146,0.166,0.154,0.202,0.05121,0.0,0.0,0.0,0.0,0.0,0.0,0.0,0.0,0.0,0.0,0.0,0.5549,0.04294,0.6179,0.8996,0.2778,2.13,3.266,0.2214,0.269,0.4068,0.04912,8.548E-6,4.25E-6,1.859E-4,2.492E-4,5.502E-5,4.128E-4,6.813E-5,3.914E-6,5.229E-6,7.174E-6,1.507E-6,
0.0,0.0,0.0,0.0,0.0,0.0,0.0,0.0,0.0,0.0,0.0,0.0,0.0,0.0,0.0,0.0,0.0,0.0,0.0,0.0,0.0,0.0,2.8E-6,0.00346,0.02685,0.8582,1.261,0.4253,1.164,0.2989,0.005741,0.009323,0.01221,0.002153,0.0,0.0,0.0,0.0,0.0,0.0,0.0,0.0,0.0,0.0,0.0,0.0,0.0,0.0,0.0,0.0,0.0,0.0,0.0,0.0,0.0,0.0,2.2689999999999997E-22,0.0,5.41,9.009,1.461,26.14,0.9662,5.045E-4,0.002105,0.004439,0.003298,0.0,0.0,0.0,0.0,0.0,0.0,0.0,0.0,0.0,0.0,0.0,0.0,0.0,0.0,0.0,0.0,0.0,0.0,0.0,0.0,0.0,0.0,0.0,0.0,0.0,0.0,0.0,0.0,0.0,0.0,0.0,0.0,0.0,0.0,0.0,0.0,0.0,0.0,0.0,0.0,0.0,0.0,0.0,0.0,0.0,0.0,1.0E-4,20460.0,9.55E25,3016.0,3620.0,628.6,200700.0,20960.0,1775.0,2596.0,4221.0,2142.0,0.5486,279.5,24.15,98.92,73.6,32.9,10.54,0.355,0.3749,0.4282,0.1013,0.05722,1651.0,31.02,65.18,20.13,48.29,3.883,0.1931,0.313,0.2715,0.09032,19.57,0.3108,1.095,3.562,8.641,0.9928,3.146,0.1663,0.1529,0.2018,0.05245,0.0,0.0,0.0,0.0,0.0,0.0,0.0,0.0,0.0,0.0,0.0,0.5548,0.04294,0.618,0.8997,0.2778,2.13,3.266,0.2216,0.2708,0.4029,0.05123,8.548E-6,4.25E-6,1.859E-4,2.492E-4,5.502E-5,4.128E-4,6.812E-5,3.92E-6,5.26E-6,7.109E-6,1.543E-6,
0.0,0.0,0.0,0.0,0.0,0.0,0.0,0.0,0.0,0.0,0.0,0.0,0.0,0.0,0.0,0.0,0.0,0.0,0.0,0.0,0.0,0.0,2.8E-6,0.00346,0.02685,0.8569,1.262,0.4253,1.164,0.2989,0.005789,0.008958,0.01252,0.002151,0.0,0.0,0.0,0.0,0.0,0.0,0.0,0.0,0.0,0.0,0.0,0.0,0.0,0.0,0.0,0.0,0.0,0.0,0.0,0.0,0.0,0.0,2.2689999999999997E-22,0.0,5.41,9.009,1.461,26.14,0.9662,5.045E-4,0.002105,0.004439,0.003298,0.0,0.0,0.0,0.0,0.0,0.0,0.0,0.0,0.0,0.0,0.0,0.0,0.0,0.0,0.0,0.0,0.0,0.0,0.0,0.0,0.0,0.0,0.0,0.0,0.0,0.0,0.0,0.0,0.0,0.0,0.0,0.0,0.0,0.0,0.0,0.0,0.0,0.0,0.0,0.0,0.0,0.0,0.0,0.0,0.0,0.0,1.0E-4,20450.0,9.55E25,3014.0,3622.0,628.6,200700.0,20970.0,1791.0,2493.0,4305.0,2171.0,0.5486,279.5,24.15,98.92,73.6,32.9,10.54,0.3533,0.3738,0.4299,0.1013,0.05722,1651.0,31.02,65.18,20.13,48.29,3.883,0.1939,0.3107,0.2728,0.09033,19.57,0.3108,1.095,3.562,8.641,0.9928,3.147,0.1654,0.1524,0.2026,0.05247,0.0,0.0,0.0,0.0,0.0,0.0,0.0,0.0,0.0,0.0,0.0,0.5548,0.04294,0.6176,0.9001,0.2778,2.13,3.266,0.2226,0.2593,0.413,0.05118,8.548E-6,4.25E-6,1.857E-4,2.494E-4,5.502E-5,4.128E-4,6.813E-5,3.939E-6,5.068E-6,7.274E-6,1.543E-6,
0.0,0.0,0.0,0.0,0.0,0.0,0.0,0.0,0.0,0.0,0.0,0.0,0.0,0.0,0.0,0.0,0.0,0.0,0.0,0.0,0.0,0.0,2.8E-6,0.00346,0.02685,0.8569,1.262,0.4253,1.164,0.2989,0.005748,0.009247,0.01226,0.002169,0.0,0.0,0.0,0.0,0.0,0.0,0.0,0.0,0.0,0.0,0.0,0.0,0.0,0.0,0.0,0.0,0.0,0.0,0.0,0.0,0.0,0.0,2.2689999999999997E-22,0.0,5.41,9.009,1.461,26.14,0.9662,5.045E-4,0.002105,0.004439,0.003298,0.0,0.0,0.0,0.0,0.0,0.0,0.0,0.0,0.0,0.0,0.0,0.0,0.0,0.0,0.0,0.0,0.0,0.0,0.0,0.0,0.0,0.0,0.0,0.0,0.0,0.0,0.0,0.0,0.0,0.0,0.0,0.0,0.0,0.0,0.0,0.0,0.0,0.0,0.0,0.0,0.0,0.0,0.0,0.0,0.0,0.0,1.0E-4,20460.0,9.55E25,3014.0,3622.0,628.6,200700.0,20980.0,1773.0,2578.0,4223.0,2171.0,0.5486,279.5,24.15,98.92,73.6,32.9,10.55,0.3529,0.3724,0.4305,0.1012,0.05722,1651.0,31.02,65.18,20.13,48.29,3.884,0.1941,0.3099,0.2732,0.09028,19.57,0.3108,1.095,3.562,8.641,0.9928,3.147,0.1651,0.1517,0.2029,0.05243,0.0,0.0,0.0,0.0,0.0,0.0,0.0,0.0,0.0,0.0,0.0,0.5548,0.04294,0.6176,0.9001,0.2778,2.13,3.267,0.2209,0.2687,0.4042,0.05178,8.548E-6,4.25E-6,1.857E-4,2.494E-4,5.502E-5,4.128E-4,6.805E-5,3.951E-6,5.272E-6,7.13E-6,1.552E-6,
0.0,0.0,0.0,0.0,0.0,0.0,0.0,0.0,0.0,0.0,0.0,0.0,0.0,0.0,0.0,0.0,0.0,0.0,0.0,0.0,0.0,0.0,2.8E-6,0.003464,0.02685,0.8569,1.245,0.4423,1.164,0.2989,0.005733,0.009254,0.01229,0.002143,0.0,0.0,0.0,0.0,0.0,0.0,0.0,0.0,0.0,0.0,0.0,0.0,0.0,0.0,0.0,0.0,0.0,0.0,0.0,0.0,0.0,0.0,2.2689999999999997E-22,0.0,5.41,8.965,1.505,26.14,0.9658,5.097E-4,0.002126,0.004484,0.003332,0.0,0.0,0.0,0.0,0.0,0.0,0.0,0.0,0.0,0.0,0.0,0.0,0.0,0.0,0.0,0.0,0.0,0.0,0.0,0.0,0.0,0.0,0.0,0.0,0.0,0.0,0.0,0.0,0.0,0.0,0.0,0.0,0.0,0.0,0.0,0.0,0.0,0.0,0.0,0.0,0.0,0.0,0.0,0.0,0.0,0.0,1.0E-4,20470.0,9.55E25,3014.0,3597.0,654.5,200700.0,20970.0,1768.0,2585.0,4265.0,2125.0,0.55,279.5,24.15,98.16,74.37,32.9,10.55,0.3497,0.3706,0.4318,0.09837,0.05723,1651.0,31.02,64.65,20.66,48.29,3.893,0.1916,0.3068,0.2727,0.09002,19.57,0.3108,1.095,3.492,8.71,0.9929,3.148,0.1641,0.1517,0.2039,0.05038,0.0,0.0,0.0,0.0,0.0,0.0,0.0,0.0,0.0,0.0,0.0,0.5554,0.04294,0.6176,0.8949,0.2831,2.13,3.266,0.2205,0.2695,0.4057,0.05005,8.555E-6,4.25E-6,1.857E-4,2.47E-4,5.743E-5,4.128E-4,6.804E-5,3.944E-6,5.281E-6,7.153E-6,1.53E-6,
0.0,0.0,0.0,0.0,0.0,0.0,0.0,0.0,0.0,0.0,0.0,0.0,0.0,0.0,0.0,0.0,0.0,0.0,0.0,0.0,0.0,0.0,2.8E-6,0.003464,0.02685,0.8569,1.245,0.4423,1.164,0.2975,0.005844,0.01032,0.01238,0.002261,0.0,0.0,0.0,0.0,0.0,0.0,0.0,0.0,0.0,0.0,0.0,0.0,0.0,0.0,0.0,0.0,0.0,0.0,0.0,0.0,0.0,0.0,2.2689999999999997E-22,0.0,5.41,8.965,1.505,26.14,0.8768,5.978E-4,0.08201,0.008717,0.008673,0.0,0.0,0.0,0.0,0.0,0.0,0.0,0.0,0.0,0.0,0.0,0.0,0.0,0.0,0.0,0.0,0.0,0.0,0.0,0.0,0.0,0.0,0.0,0.0,0.0,0.0,0.0,0.0,0.0,0.0,0.0,0.0,0.0,0.0,0.0,0.0,0.0,0.0,0.0,0.0,0.0,0.0,0.0,0.0,0.0,0.0,1.0E-4,20470.0,9.55E25,3014.0,3596.0,653.9,200700.0,20480.0,1806.0,2985.0,4295.0,2157.0,0.55,279.5,24.15,98.16,74.37,32.9,10.36,0.3513,0.5418,0.4396,0.1099,0.05723,1651.0,31.02,64.65,20.66,48.29,3.861,0.191,0.3349,0.2745,0.09303,19.57,0.3108,1.095,3.492,8.71,0.9927,3.046,0.1649,0.2435,0.2079,0.0562,0.0,0.0,0.0,0.0,0.0,0.0,0.0,0.0,0.0,0.0,0.0,0.5554,0.04294,0.6175,0.8947,0.283,2.13,3.189,0.2261,0.3322,0.4095,0.05512,8.555E-6,4.25E-6,1.857E-4,2.47E-4,5.742E-5,4.128E-4,6.697E-5,4.024E-6,6.141E-6,7.208E-6,1.606E-6,
0.0,0.0,0.0,0.0,0.0,0.0,0.0,0.0,0.0,0.0,0.0,0.0,0.0,0.0,0.0,0.0,0.0,0.0,0.0,0.0,0.0,0.0,2.8E-6,0.003464,0.02685,0.8569,1.245,0.4423,1.164,0.2975,0.005841,0.01032,0.01237,0.002247,0.0,0.0,0.0,0.0,0.0,0.0,0.0,0.0,0.0,0.0,0.0,0.0,0.0,0.0,0.0,0.0,0.0,0.0,0.0,0.0,0.0,0.0,2.2689999999999997E-22,0.0,5.41,8.965,1.505,26.14,0.8755,6.039E-4,0.08284,0.008805,0.008761,0.0,0.0,0.0,0.0,0.0,0.0,0.0,0.0,0.0,0.0,0.0,0.0,0.0,0.0,0.0,0.0,0.0,0.0,0.0,0.0,0.0,0.0,0.0,0.0,0.0,0.0,0.0,0.0,0.0,0.0,0.0,0.0,0.0,0.0,0.0,0.0,0.0,0.0,0.0,0.0,0.0,0.0,0.0,0.0,0.0,0.0,1.0E-4,20470.0,9.55E25,3014.0,3597.0,654.3,200700.0,20470.0,1806.0,2991.0,4304.0,2147.0,0.55,279.5,24.15,98.16,74.37,32.9,10.36,0.3511,0.5437,0.44,0.1104,0.05723,1651.0,31.02,64.65,20.66,48.29,3.862,0.1896,0.3353,0.2746,0.09309,19.57,0.3108,1.095,3.492,8.711,0.9927,3.044,0.165,0.2446,0.2082,0.05661,0.0,0.0,0.0,0.0,0.0,0.0,0.0,0.0,0.0,0.0,0.0,0.5554,0.04294,0.6175,0.8948,0.2831,2.13,3.187,0.2268,0.3329,0.4097,0.05525,8.555E-6,4.25E-6,1.857E-4,2.47E-4,5.742E-5,4.128E-4,6.696E-5,4.031E-6,6.148E-6,7.209E-6,1.604E-6,
0.0,0.0,0.0,0.0,0.0,0.0,0.0,0.0,0.0,0.0,0.0,0.0,0.0,0.0,0.0,0.0,0.0,0.0,0.0,0.0,0.0,0.0,2.8E-6,0.003464,0.02685,0.851,1.251,0.4423,1.164,0.2975,0.005847,0.01032,0.01237,0.00224,0.0,0.0,0.0,0.0,0.0,0.0,0.0,0.0,0.0,0.0,0.0,0.0,0.0,0.0,0.0,0.0,0.0,0.0,0.0,0.0,0.0,0.0,2.2689999999999997E-22,0.0,5.41,8.965,1.505,26.14,0.8755,6.039E-4,0.08284,0.008805,0.008761,0.0,0.0,0.0,0.0,0.0,0.0,0.0,0.0,0.0,0.0,0.0,0.0,0.0,0.0,0.0,0.0,0.0,0.0,0.0,0.0,0.0,0.0,0.0,0.0,0.0,0.0,0.0,0.0,0.0,0.0,0.0,0.0,0.0,0.0,0.0,0.0,0.0,0.0,0.0,0.0,0.0,0.0,0.0,0.0,0.0,0.0,1.0E-4,20470.0,9.55E25,3012.0,3599.0,654.3,200700.0,20470.0,1807.0,3000.0,4307.0,2158.0,0.55,279.5,24.12,98.19,74.37,32.9,10.36,0.3495,0.5439,0.4403,0.1103,0.05723,1651.0,30.86,64.81,20.66,48.29,3.862,0.1896,0.3354,0.2745,0.09286,19.57,0.3108,1.094,3.494,8.711,0.9927,3.044,0.1641,0.2446,0.2083,0.0566,0.0,0.0,0.0,0.0,0.0,0.0,0.0,0.0,0.0,0.0,0.0,0.5554,0.04294,0.6162,0.8961,0.2831,2.13,3.187,0.2266,0.3328,0.4097,0.05511,8.555E-6,4.25E-6,1.853E-4,2.474E-4,5.742E-5,4.128E-4,6.697E-5,4.03E-6,6.149E-6,7.209E-6,1.599E-6,
0.0,0.0,0.0,0.0,0.0,0.0,0.0,0.0,0.0,0.0,0.0,0.0,0.0,0.0,0.0,0.0,0.0,0.0,0.0,0.0,0.0,0.0,2.8E-6,0.003464,0.02685,0.851,1.251,0.4423,1.164,0.2975,0.005893,0.01037,0.01232,0.002274,0.0,0.0,0.0,0.0,0.0,0.0,0.0,0.0,0.0,0.0,0.0,0.0,0.0,0.0,0.0,0.0,0.0,0.0,0.0,0.0,0.0,0.0,2.2689999999999997E-22,0.0,5.41,8.965,1.505,26.14,0.8755,6.039E-4,0.08284,0.008805,0.008761,0.0,0.0,0.0,0.0,0.0,0.0,0.0,0.0,0.0,0.0,0.0,0.0,0.0,0.0,0.0,0.0,0.0,0.0,0.0,0.0,0.0,0.0,0.0,0.0,0.0,0.0,0.0,0.0,0.0,0.0,0.0,0.0,0.0,0.0,0.0,0.0,0.0,0.0,0.0,0.0,0.0,0.0,0.0,0.0,0.0,0.0,1.0E-4,20470.0,9.55E25,3012.0,3599.0,654.3,200700.0,20470.0,1809.0,3020.0,4294.0,2146.0,0.55,279.5,24.12,98.19,74.37,32.9,10.36,0.3499,0.5409,0.442,0.111,0.05723,1651.0,30.86,64.81,20.66,48.29,3.862,0.1899,0.3342,0.2747,0.09379,19.57,0.3108,1.094,3.494,8.711,0.9927,3.045,0.1641,0.2431,0.2093,0.05679,0.0,0.0,0.0,0.0,0.0,0.0,0.0,0.0,0.0,0.0,0.0,0.5554,0.04294,0.6162,0.8961,0.2831,2.13,3.188,0.2268,0.3341,0.4079,0.05539,8.555E-6,4.25E-6,1.853E-4,2.474E-4,5.742E-5,4.128E-4,6.695E-5,4.04E-6,6.171E-6,7.18E-6,1.609E-6,
0.0,0.0,0.0,0.0,0.0,0.0,0.0,0.0,0.0,0.0,0.0,0.0,0.0,0.0,0.0,0.0,0.0,0.0,0.0,0.0,0.0,0.0,2.8E-6,0.003463,0.02685,0.8444,1.243,0.4423,1.178,0.2976,0.005864,0.01022,0.01231,0.002277,0.0,0.0,0.0,0.0,0.0,0.0,0.0,0.0,0.0,0.0,0.0,0.0,0.0,0.0,0.0,0.0,0.0,0.0,0.0,0.0,0.0,0.0,2.2689999999999997E-22,0.0,5.41,8.965,1.505,26.14,0.8845,6.1E-4,0.07346,0.008895,0.00885,0.0,0.0,0.0,0.0,0.0,0.0,0.0,0.0,0.0,0.0,0.0,0.0,0.0,0.0,0.0,0.0,0.0,0.0,0.0,0.0,0.0,0.0,0.0,0.0,0.0,0.0,0.0,0.0,0.0,0.0,0.0,0.0,0.0,0.0,0.0,0.0,0.0,0.0,0.0,0.0,0.0,0.0,0.0,0.0,0.0,0.0,1.0E-4,20470.0,9.55E25,3119.0,3735.0,654.6,200500.0,20530.0,1799.0,2978.0,4291.0,2226.0,0.55,279.5,24.08,98.15,74.37,32.98,10.38,0.3471,0.5207,0.4455,0.1112,0.05723,1651.0,30.68,64.61,20.66,48.68,3.866,0.1898,0.3293,0.2751,0.09391,19.57,0.3108,1.093,3.492,8.711,0.9955,3.055,0.1626,0.2325,0.2112,0.05693,0.0,0.0,0.0,0.0,0.0,0.0,0.0,0.0,0.0,0.0,0.0,0.5554,0.04294,0.6108,0.8953,0.2831,2.136,3.196,0.2251,0.327,0.4083,0.05539,8.554E-6,4.25E-6,1.83E-4,2.468E-4,5.742E-5,4.157E-4,6.707E-5,4.017E-6,6.069E-6,7.182E-6,1.609E-6,
0.0,0.0,0.0,0.0,0.0,0.0,0.0,0.0,0.0,0.0,0.0,0.0,0.0,0.0,0.0,0.0,0.0,0.0,0.0,0.0,0.0,0.0,2.8E-6,0.003463,0.02685,0.8391,1.249,0.4423,1.177,0.2977,0.005826,0.01058,0.01197,0.002268,0.0,0.0,0.0,0.0,0.0,0.0,0.0,0.0,0.0,0.0,0.0,0.0,0.0,0.0,0.0,0.0,0.0,0.0,0.0,0.0,0.0,0.0,2.2689999999999997E-22,0.0,5.537,9.115,1.505,26.87,0.8845,6.1E-4,0.07346,0.008895,0.00885,0.0,0.0,0.0,0.0,0.0,0.0,0.0,0.0,0.0,0.0,0.0,0.0,0.0,0.0,0.0,0.0,0.0,0.0,0.0,0.0,0.0,0.0,0.0,0.0,0.0,0.0,0.0,0.0,0.0,0.0,0.0,0.0,0.0,0.0,0.0,0.0,0.0,0.0,0.0,0.0,0.0,0.0,0.0,0.0,0.0,0.0,1.0E-4,20470.0,9.55E25,3117.0,3737.0,654.6,200500.0,20540.0,1784.0,3105.0,4176.0,2215.0,0.55,279.5,24.05,98.18,74.37,32.98,10.38,0.3442,0.52,0.448,0.11,0.05723,1651.0,30.53,64.76,20.66,48.68,3.867,0.1892,0.329,0.2761,0.09318,19.57,0.3108,1.092,3.493,8.711,0.9955,3.056,0.161,0.2321,0.2125,0.05634,0.0,0.0,0.0,0.0,0.0,0.0,0.0,0.0,0.0,0.0,0.0,0.5554,0.04294,0.6097,0.8964,0.2831,2.136,3.197,0.2233,0.3392,0.3965,0.0551,8.554E-6,4.25E-6,1.826E-4,2.471E-4,5.742E-5,4.157E-4,6.71E-5,3.991E-6,6.268E-6,6.99E-6,1.604E-6,
0.0,0.0,0.0,0.0,0.0,0.0,0.0,0.0,0.0,0.0,0.0,0.0,0.0,0.0,0.0,0.0,0.0,0.0,0.0,0.0,0.0,0.0,2.8E-6,0.003463,0.02685,0.8391,1.233,0.458,1.177,0.2984,0.006058,0.008916,0.01244,0.002522,0.0,0.0,0.0,0.0,0.0,0.0,0.0,0.0,0.0,0.0,0.0,0.0,0.0,0.0,0.0,0.0,0.0,0.0,0.0,0.0,0.0,0.0,2.2689999999999997E-22,0.0,5.537,9.074,1.546,26.87,0.9571,0.007572,0.003905,0.003423,0.004043,0.0,0.0,0.0,0.0,0.0,0.0,0.0,0.0,0.0,0.0,0.0,0.0,0.0,0.0,0.0,0.0,0.0,0.0,0.0,0.0,0.0,0.0,0.0,0.0,0.0,0.0,0.0,0.0,0.0,0.0,0.0,0.0,0.0,0.0,0.0,0.0,0.0,0.0,0.0,0.0,0.0,0.0,0.0,0.0,0.0,0.0,1.0E-4,20470.0,9.55E25,3116.0,3712.0,677.9,200500.0,20910.0,1864.0,2560.0,4344.0,2182.0,0.55,279.5,24.05,97.47,75.08,32.98,10.52,0.3605,0.3832,0.444,0.0995,0.05723,1651.0,30.53,64.27,21.15,48.68,3.9,0.1916,0.298,0.2749,0.08926,19.57,0.3108,1.092,3.429,8.775,0.9956,3.127,0.1699,0.1597,0.2103,0.05097,0.0,0.0,0.0,0.0,0.0,0.0,0.0,0.0,0.0,0.0,0.0,0.5554,0.04294,0.6096,0.8915,0.288,2.136,3.243,0.2347,0.2678,0.4132,0.05315,8.554E-6,4.25E-6,1.826E-4,2.449E-4,5.964E-5,4.156E-4,6.771E-5,4.153E-6,5.196E-6,7.259E-6,1.635E-6,
0.0,0.0,0.0,0.0,0.0,0.0,0.0,0.0,0.0,0.0,0.0,0.0,0.0,0.0,0.0,0.0,0.0,0.0,0.0,0.0,0.0,0.0,2.8E-6,0.003463,0.02685,0.8461,1.234,0.458,1.168,0.2984,0.006058,0.009239,0.01211,0.002498,0.0,0.0,0.0,0.0,0.0,0.0,0.0,0.0,0.0,0.0,0.0,0.0,0.0,0.0,0.0,0.0,0.0,0.0,0.0,0.0,0.0,0.0,2.2689999999999997E-22,0.0,5.791,9.167,1.546,26.52,0.9571,0.007572,0.003905,0.003423,0.004043,0.0,0.0,0.0,0.0,0.0,0.0,0.0,0.0,0.0,0.0,0.0,0.0,0.0,0.0,0.0,0.0,0.0,0.0,0.0,0.0,0.0,0.0,0.0,0.0,0.0,0.0,0.0,0.0,0.0,0.0,0.0,0.0,0.0,0.0,0.0,0.0,0.0,0.0,0.0,0.0,0.0,0.0,0.0,0.0,0.0,0.0,1.0E-4,20470.0,9.55E25,3175.0,3726.0,678.4,200400.0,20920.0,1863.0,2670.0,4240.0,2195.0,0.55,279.5,24.1,97.34,75.25,32.9,10.51,0.3618,0.3849,0.4448,0.09963,0.05723,1651.0,30.83,64.12,21.41,48.26,3.889,0.1941,0.3014,0.2757,0.08974,19.57,0.3108,1.095,3.426,8.78,0.9914,3.127,0.1698,0.1595,0.2104,0.05093,0.0,0.0,0.0,0.0,0.0,0.0,0.0,0.0,0.0,0.0,0.0,0.5553,0.04294,0.6123,0.8926,0.2881,2.132,3.244,0.2343,0.2785,0.4019,0.05259,8.553E-6,4.25E-6,1.831E-4,2.451E-4,5.964E-5,4.149E-4,6.774E-5,4.149E-6,5.372E-6,7.072E-6,1.622E-6,
0.0,0.0,0.0,0.0,0.0,0.0,0.0,0.0,0.0,0.0,0.0,0.0,0.0,0.0,0.0,0.0,0.0,0.0,0.0,0.0,0.0,0.0,2.8E-6,0.003463,0.02685,0.8447,1.235,0.458,1.168,0.2984,0.007032,0.008306,0.01208,0.002501,0.0,0.0,0.0,0.0,0.0,0.0,0.0,0.0,0.0,0.0,0.0,0.0,0.0,0.0,0.0,0.0,0.0,0.0,0.0,0.0,0.0,0.0,2.2679999999999997E-22,0.0,5.791,9.167,1.546,26.52,0.9566,0.007651,0.003946,0.003459,0.004085,0.0,0.0,0.0,0.0,0.0,0.0,0.0,0.0,0.0,0.0,0.0,0.0,0.0,0.0,0.0,0.0,0.0,0.0,0.0,0.0,0.0,0.0,0.0,0.0,0.0,0.0,0.0,0.0,0.0,0.0,0.0,0.0,0.0,0.0,0.0,0.0,0.0,0.0,0.0,0.0,0.0,0.0,0.0,0.0,0.0,0.0,1.0E-4,20470.0,9.55E25,3174.0,3727.0,678.7,200400.0,20910.0,2162.0,2392.0,4247.0,2189.0,0.55,279.5,24.1,97.34,75.25,32.9,10.51,0.3881,0.3585,0.4437,0.1006,0.05723,1651.0,30.83,64.12,21.41,48.26,3.889,0.2065,0.2883,0.2755,0.09017,19.57,0.3108,1.095,3.426,8.78,0.9914,3.127,0.1829,0.1463,0.2099,0.05144,0.0,0.0,0.0,0.0,0.0,0.0,0.0,0.0,0.0,0.0,0.0,0.5553,0.04294,0.6118,0.8931,0.2881,2.132,3.242,0.2692,0.2463,0.4008,0.0527,8.553E-6,4.25E-6,1.829E-4,2.453E-4,5.964E-5,4.149E-4,6.772E-5,4.705E-6,4.85E-6,7.057E-6,1.623E-6,
0.0,0.0,0.0,0.0,0.0,0.0,0.0,0.0,0.0,0.0,0.0,0.0,0.0,0.0,0.0,0.0,0.0,0.0,0.0,0.0,0.0,0.0,2.8E-6,0.003463,0.02685,0.8447,1.235,0.458,1.168,0.2984,0.007167,0.008015,0.01223,0.002511,0.0,0.0,0.0,0.0,0.0,0.0,0.0,0.0,0.0,0.0,0.0,0.0,0.0,0.0,0.0,0.0,0.0,0.0,0.0,0.0,0.0,0.0,2.2679999999999997E-22,0.0,5.791,9.167,1.546,26.52,0.9566,0.007651,0.003946,0.003459,0.004085,0.0,0.0,0.0,0.0,0.0,0.0,0.0,0.0,0.0,0.0,0.0,0.0,0.0,0.0,0.0,0.0,0.0,0.0,0.0,0.0,0.0,0.0,0.0,0.0,0.0,0.0,0.0,0.0,0.0,0.0,0.0,0.0,0.0,0.0,0.0,0.0,0.0,0.0,0.0,0.0,0.0,0.0,0.0,0.0,0.0,0.0,1.0E-4,20460.0,9.55E25,3174.0,3727.0,678.7,200400.0,20920.0,2201.0,2305.0,4312.0,2341.0,0.55,279.5,24.1,97.34,75.25,32.9,10.51,0.3859,0.3598,0.4441,0.1011,0.05723,1651.0,30.83,64.12,21.41,48.26,3.89,0.2069,0.287,0.2756,0.09027,19.57,0.3108,1.095,3.426,8.78,0.9914,3.126,0.1819,0.147,0.2101,0.05183,0.0,0.0,0.0,0.0,0.0,0.0,0.0,0.0,0.0,0.0,0.0,0.5552,0.04294,0.6118,0.8931,0.2881,2.132,3.242,0.2729,0.2374,0.4058,0.05314,8.552E-6,4.25E-6,1.829E-4,2.453E-4,5.964E-5,4.149E-4,6.772E-5,4.77E-6,4.701E-6,7.137E-6,1.63E-6,
0.0,0.0,0.0,0.0,0.0,0.0,0.0,0.0,0.0,0.0,0.0,0.0,0.0,0.0,0.0,0.0,0.0,0.0,0.0,0.0,0.0,0.0,2.8E-6,0.003463,0.02685,0.8447,1.235,0.458,1.167,0.2984,0.007159,0.007646,0.01254,0.002617,0.0,0.0,0.0,0.0,0.0,0.0,0.0,0.0,0.0,0.0,0.0,0.0,0.0,0.0,0.0,0.0,0.0,0.0,0.0,0.0,0.0,0.0,2.2679999999999997E-22,0.0,5.791,9.167,1.546,26.52,0.9566,0.007651,0.003946,0.003459,0.004085,0.0,0.0,0.0,0.0,0.0,0.0,0.0,0.0,0.0,0.0,0.0,0.0,0.0,0.0,0.0,0.0,0.0,0.0,0.0,0.0,0.0,0.0,0.0,0.0,0.0,0.0,0.0,0.0,0.0,0.0,0.0,0.0,0.0,0.0,0.0,0.0,0.0,0.0,0.0,0.0,0.0,0.0,0.0,0.0,0.0,0.0,1.0E-4,20460.0,9.55E25,3173.0,3726.0,678.2,200400.0,20900.0,2201.0,2199.0,4407.0,2365.0,0.55,279.5,24.1,97.34,75.25,32.9,10.52,0.3839,0.3556,0.4452,0.101,0.05723,1651.0,30.83,64.12,21.41,48.26,3.904,0.2049,0.2814,0.2744,0.09002,19.57,0.3108,1.095,3.426,8.78,0.9914,3.126,0.1816,0.1466,0.2113,0.0518,0.0,0.0,0.0,0.0,0.0,0.0,0.0,0.0,0.0,0.0,0.0,0.5552,0.04294,0.6118,0.8931,0.2881,2.132,3.242,0.2731,0.2257,0.4171,0.05405,8.552E-6,4.25E-6,1.829E-4,2.453E-4,5.964E-5,4.148E-4,6.771E-5,4.771E-6,4.504E-6,7.316E-6,1.661E-6,
0.0,0.0,0.0,0.0,0.0,0.0,0.0,0.0,0.0,0.0,0.0,0.0,0.0,0.0,0.0,0.0,0.0,0.0,0.0,0.0,0.0,0.0,2.8E-6,0.003463,0.02685,0.8446,1.235,0.458,1.167,0.2984,0.00715,0.007658,0.01252,0.002618,0.0,0.0,0.0,0.0,0.0,0.0,0.0,0.0,0.0,0.0,0.0,0.0,0.0,0.0,0.0,0.0,0.0,0.0,0.0,0.0,0.0,0.0,2.2679999999999997E-22,0.0,5.791,9.167,1.546,26.52,0.9562,0.007732,0.003988,0.003496,0.004128,0.0,0.0,0.0,0.0,0.0,0.0,0.0,0.0,0.0,0.0,0.0,0.0,0.0,0.0,0.0,0.0,0.0,0.0,0.0,0.0,0.0,0.0,0.0,0.0,0.0,0.0,0.0,0.0,0.0,0.0,0.0,0.0,0.0,0.0,0.0,0.0,0.0,0.0,0.0,0.0,0.0,0.0,0.0,0.0,0.0,0.0,1.0E-4,20460.0,9.55E25,3173.0,3726.0,678.5,200400.0,20900.0,2199.0,2214.0,4399.0,2373.0,0.55,279.5,24.1,97.34,75.25,32.9,10.52,0.3823,0.3558,0.4446,0.1011,0.05723,1651.0,30.83,64.12,21.41,48.26,3.905,0.2042,0.2811,0.274,0.09004,19.57,0.3108,1.095,3.426,8.78,0.9915,3.127,0.1808,0.1467,0.211,0.05186,0.0,0.0,0.0,0.0,0.0,0.0,0.0,0.0,0.0,0.0,0.0,0.5552,0.04294,0.6118,0.8931,0.2881,2.132,3.242,0.2729,0.2263,0.4166,0.05409,8.552E-6,4.25E-6,1.829E-4,2.453E-4,5.964E-5,4.148E-4,6.771E-5,4.766E-6,4.512E-6,7.309E-6,1.661E-6,
0.0,0.0,0.0,0.0,0.0,0.0,0.0,0.0,0.0,0.0,0.0,0.0,0.0,0.0,0.0,0.0,0.0,0.0,0.0,0.0,0.0,0.0,2.8E-6,0.003462,0.02685,0.8445,1.235,0.458,1.167,0.2984,0.007152,0.007675,0.0125,0.002611,0.0,0.0,0.0,0.0,0.0,0.0,0.0,0.0,0.0,0.0,0.0,0.0,0.0,0.0,0.0,0.0,0.0,0.0,0.0,0.0,0.0,0.0,2.2679999999999997E-22,0.0,5.791,9.167,1.546,26.52,0.9562,0.007732,0.003988,0.003496,0.004128,0.0,0.0,0.0,0.0,0.0,0.0,0.0,0.0,0.0,0.0,0.0,0.0,0.0,0.0,0.0,0.0,0.0,0.0,0.0,0.0,0.0,0.0,0.0,0.0,0.0,0.0,0.0,0.0,0.0,0.0,0.0,0.0,0.0,0.0,0.0,0.0,0.0,0.0,0.0,0.0,0.0,0.0,0.0,0.0,0.0,0.0,1.0E-4,20460.0,9.55E25,3172.0,3725.0,678.9,200400.0,20910.0,2202.0,2223.0,4411.0,2381.0,0.55,279.5,24.1,97.31,75.27,32.9,10.52,0.382,0.3567,0.443,0.101,0.05723,1651.0,30.83,63.95,21.58,48.26,3.906,0.2042,0.2817,0.2732,0.08993,19.57,0.3108,1.095,3.425,8.781,0.9915,3.127,0.1807,0.1471,0.2102,0.05187,0.0,0.0,0.0,0.0,0.0,0.0,0.0,0.0,0.0,0.0,0.0,0.5552,0.04294,0.6117,0.8929,0.2883,2.132,3.242,0.2729,0.2268,0.4159,0.05395,8.551E-6,4.25E-6,1.829E-4,2.452E-4,5.971E-5,4.148E-4,6.771E-5,4.767E-6,4.521E-6,7.298E-6,1.657E-6,
0.0,0.0,0.0,0.0,0.0,0.0,0.0,0.0,0.0,0.0,0.0,0.0,0.0,0.0,0.0,0.0,0.0,0.0,0.0,0.0,0.0,0.0,2.8E-6,0.003488,0.02685,0.8445,1.235,0.4581,1.167,0.2984,0.008176,0.006876,0.01221,0.002647,0.0,0.0,0.0,0.0,0.0,0.0,0.0,0.0,0.0,0.0,0.0,0.0,0.0,0.0,0.0,0.0,0.0,0.0,0.0,0.0,0.0,0.0,2.2679999999999997E-22,0.0,5.791,9.167,1.546,26.52,0.9557,0.007815,0.00403,0.003533,0.004172,0.0,0.0,0.0,0.0,0.0,0.0,0.0,0.0,0.0,0.0,0.0,0.0,0.0,0.0,0.0,0.0,0.0,0.0,0.0,0.0,0.0,0.0,0.0,0.0,0.0,0.0,0.0,0.0,0.0,0.0,0.0,0.0,0.0,0.0,0.0,0.0,0.0,0.0,0.0,0.0,0.0,0.0,0.0,0.0,0.0,0.0,1.0E-4,20470.0,9.55E25,3172.0,3725.0,679.6,200400.0,20910.0,2522.0,1988.0,4326.0,2371.0,0.5526,279.5,24.1,97.31,75.28,32.9,10.52,0.4346,0.3015,0.4435,0.1016,0.05805,1651.0,30.83,63.91,21.62,48.26,3.901,0.2297,0.2574,0.273,0.09065,19.57,0.3108,1.095,3.424,8.782,0.9916,3.127,0.2071,0.1189,0.2104,0.05191,0.0,0.0,0.0,0.0,0.0,0.0,0.0,0.0,0.0,0.0,0.0,0.5566,0.04294,0.6117,0.8927,0.2886,2.132,3.242,0.309,0.1983,0.4062,0.05472,8.57E-6,4.25E-6,1.829E-4,2.451E-4,5.98E-5,4.148E-4,6.771E-5,5.345E-6,4.067E-6,7.138E-6,1.673E-6,
0.0,0.0,0.0,0.0,0.0,0.0,0.0,0.0,0.0,0.0,0.0,0.0,0.0,0.0,0.0,0.0,0.0,0.0,0.0,0.0,0.0,0.0,2.8E-6,0.003489,0.02685,0.8444,1.235,0.4581,1.166,0.2982,0.008122,0.006577,0.01287,0.002609,0.0,0.0,0.0,0.0,0.0,0.0,0.0,0.0,0.0,0.0,0.0,0.0,0.0,0.0,0.0,0.0,0.0,0.0,0.0,0.0,0.0,0.0,2.2679999999999997E-22,0.0,5.791,9.167,1.546,26.52,0.9557,0.007815,0.00403,0.003533,0.004172,0.0,0.0,0.0,0.0,0.0,0.0,0.0,0.0,0.0,0.0,0.0,0.0,0.0,0.0,0.0,0.0,0.0,0.0,0.0,0.0,0.0,0.0,0.0,0.0,0.0,0.0,0.0,0.0,0.0,0.0,0.0,0.0,0.0,0.0,0.0,0.0,0.0,0.0,0.0,0.0,0.0,0.0,0.0,0.0,0.0,0.0,1.0E-4,20480.0,9.55E25,3172.0,3725.0,680.0,200400.0,20880.0,2487.0,1903.0,4482.0,2381.0,0.5527,279.5,24.1,97.31,75.28,32.9,10.5,0.4355,0.3027,0.4551,0.1026,0.05816,1651.0,30.83,63.91,21.62,48.26,3.836,0.2478,0.2753,0.3028,0.08982,19.57,0.3108,1.095,3.425,8.782,0.9916,3.123,0.2063,0.1182,0.2144,0.05262,0.0,0.0,0.0,0.0,0.0,0.0,0.0,0.0,0.0,0.0,0.0,0.5566,0.04294,0.6117,0.8928,0.2886,2.131,3.237,0.3043,0.188,0.4261,0.05466,8.57E-6,4.25E-6,1.828E-4,2.451E-4,5.978E-5,4.147E-4,6.715E-5,5.419E-6,4.07E-6,7.704E-6,1.637E-6,
0.0,0.0,0.0,0.0,0.0,0.0,0.0,0.0,0.0,0.0,0.0,0.0,0.0,0.0,0.0,0.0,0.0,0.0,0.0,0.0,0.0,0.0,2.8E-6,0.003489,0.02685,0.8299,1.223,0.4581,1.094,0.3014,0.009346,0.007393,0.01545,0.09301,0.0,0.0,0.0,0.0,0.0,0.0,0.0,0.0,0.0,0.0,0.0,0.0,0.0,0.0,0.0,0.0,0.0,0.0,0.0,0.0,0.0,0.0,2.2679999999999997E-22,0.0,5.385,8.832,1.546,24.5,1.085,0.05737,0.03472,0.1121,2.448,0.0,0.0,0.0,0.0,0.0,0.0,0.0,0.0,0.0,0.0,0.0,0.0,0.0,0.0,0.0,0.0,0.0,0.0,0.0,0.0,0.0,0.0,0.0,0.0,0.0,0.0,0.0,0.0,0.0,0.0,0.0,0.0,0.0,0.0,0.0,0.0,0.0,0.0,0.0,0.0,0.0,0.0,0.0,0.0,0.0,0.0,1.0E-4,20480.0,9.55E25,3047.0,3623.0,680.0,199800.0,20920.0,2492.0,1929.0,4584.0,3053.0,0.5527,279.5,23.95,97.18,75.28,32.14,10.55,0.4526,0.3122,0.4911,1.032,0.05816,1651.0,30.34,63.5,21.62,45.78,3.99,0.306,0.3111,0.4288,3.102,19.57,0.3108,1.089,3.42,8.782,0.9642,3.126,0.2065,0.1178,0.2143,0.08795,0.0,0.0,0.0,0.0,0.0,0.0,0.0,0.0,0.0,0.0,0.0,0.5566,0.04294,0.6004,0.8835,0.2886,2.075,3.24,0.3045,0.1901,0.4236,0.1276,8.57E-6,4.25E-6,1.81E-4,2.435E-4,5.978E-5,4.054E-4,6.759E-5,5.568E-6,4.193E-6,7.976E-6,1.33E-5,
0.0,0.0,0.0,0.0,0.0,0.0,0.0,0.0,0.0,0.0,0.0,0.0,0.0,0.0,0.0,0.0,0.0,0.0,0.0,0.0,0.0,0.0,2.8E-6,0.003489,0.02685,0.8086,1.21,0.4581,1.128,0.3015,0.009288,0.007289,0.06567,0.04343,0.0,0.0,0.0,0.0,0.0,0.0,0.0,0.0,0.0,0.0,0.0,0.0,0.0,0.0,0.0,0.0,0.0,0.0,0.0,0.0,0.0,0.0,2.2679999999999997E-22,0.0,5.721,8.687,1.546,24.31,1.085,0.05737,0.03472,2.067,0.4929,0.0,0.0,0.0,0.0,0.0,0.0,0.0,0.0,0.0,0.0,0.0,0.0,0.0,0.0,0.0,0.0,0.0,0.0,0.0,0.0,0.0,0.0,0.0,0.0,0.0,0.0,0.0,0.0,0.0,0.0,0.0,0.0,0.0,0.0,0.0,0.0,0.0,0.0,0.0,0.0,0.0,0.0,0.0,0.0,0.0,0.0,1.0E-4,20480.0,9.55E25,3046.0,3616.0,680.3,199800.0,20940.0,2482.0,1893.0,5128.0,2592.0,0.5527,279.5,23.85,97.27,75.43,31.99,10.55,0.4492,0.3115,1.205,0.318,0.05816,1651.0,29.97,64.78,21.85,44.63,3.991,0.3053,0.3107,2.75,0.7844,19.57,0.3108,1.086,3.427,8.787,0.956,3.128,0.2045,0.1174,0.2407,0.06128,0.0,0.0,0.0,0.0,0.0,0.0,0.0,0.0,0.0,0.0,0.0,0.5566,0.04294,0.6034,0.8793,0.2887,2.076,3.243,0.3021,0.1869,0.4676,0.08647,8.57E-6,4.25E-6,1.829E-4,2.421E-4,5.979E-5,4.049E-4,6.762E-5,5.538E-6,4.14E-6,1.452E-5,6.873E-6,
0.0,0.0,0.0,0.0,0.0,0.0,0.0,0.0,0.0,0.0,0.0,0.0,0.0,0.0,0.0,0.0,0.0,0.0,0.0,0.0,0.0,0.0,2.8E-6,0.003489,0.02685,0.7982,1.22,0.4585,1.128,0.3032,0.007523,0.007292,0.06567,0.04341,0.0,0.0,0.0,0.0,0.0,0.0,0.0,0.0,0.0,0.0,0.0,0.0,0.0,0.0,0.0,0.0,0.0,0.0,0.0,0.0,0.0,0.0,2.2679999999999997E-22,0.0,5.323,9.085,1.546,24.31,1.084,0.05746,0.03477,2.067,0.4929,0.0,0.0,0.0,0.0,0.0,0.0,0.0,0.0,0.0,0.0,0.0,0.0,0.0,0.0,0.0,0.0,0.0,0.0,0.0,0.0,0.0,0.0,0.0,0.0,0.0,0.0,0.0,0.0,0.0,0.0,0.0,0.0,0.0,0.0,0.0,0.0,0.0,0.0,0.0,0.0,0.0,0.0,0.0,0.0,0.0,0.0,1.0E-4,20480.0,9.55E25,3038.0,3621.0,684.7,199800.0,21510.0,1917.0,1893.0,5132.0,2582.0,0.5527,279.5,23.68,96.79,75.84,32.24,10.65,0.3453,0.3144,1.206,0.3185,0.05816,1651.0,29.0,64.28,21.86,46.1,4.025,0.2715,0.3104,2.75,0.7844,19.57,0.3108,1.079,3.417,8.793,0.9673,3.18,0.1506,0.119,0.2409,0.0614,0.0,0.0,0.0,0.0,0.0,0.0,0.0,0.0,0.0,0.0,0.0,0.5566,0.04294,0.5955,0.8867,0.2893,2.076,3.316,0.2292,0.1879,0.4679,0.08583,8.57E-6,4.25E-6,1.797E-4,2.451E-4,5.998E-5,4.049E-4,6.872E-5,4.43E-6,4.151E-6,1.452E-5,6.862E-6,
0.0,0.0,0.0,0.0,0.0,0.0,0.0,0.0,0.0,0.0,0.0,0.0,0.0,0.0,0.0,0.0,0.0,0.0,0.0,0.0,0.0,0.0,2.8E-6,0.006723,0.02685,0.7982,1.22,0.4585,1.128,0.3033,0.007608,0.007127,0.06958,0.03628,0.0,0.0,0.0,0.0,0.0,0.0,0.0,0.0,0.0,0.0,0.0,0.0,0.0,0.0,0.0,0.0,0.0,0.0,0.0,0.0,0.0,0.0,2.2679999999999997E-22,0.0,5.323,9.085,1.546,24.31,1.084,0.05746,0.03477,2.067,0.4929,0.0,0.0,0.0,0.0,0.0,0.0,0.0,0.0,0.0,0.0,0.0,0.0,0.0,0.0,0.0,0.0,0.0,0.0,0.0,0.0,0.0,0.0,0.0,0.0,0.0,0.0,0.0,0.0,0.0,0.0,0.0,0.0,0.0,0.0,0.0,0.0,0.0,0.0,0.0,0.0,0.0,0.0,0.0,0.0,0.0,0.0,1.0E-4,20510.0,9.55E25,3038.0,3620.0,684.7,199800.0,21530.0,1944.0,1837.0,5183.0,2502.0,0.5571,279.5,23.68,96.79,75.84,32.24,10.65,0.3413,0.3152,1.214,0.3074,0.07254,1651.0,29.0,64.28,21.86,46.1,4.026,0.2705,0.3103,2.768,0.7518,19.57,0.3108,1.079,3.417,8.793,0.9673,3.181,0.1484,0.1195,0.2425,0.06033,0.0,0.0,0.0,0.0,0.0,0.0,0.0,0.0,0.0,0.0,0.0,0.5592,0.04294,0.5955,0.8867,0.2893,2.076,3.318,0.2314,0.1822,0.4724,0.07961,8.989E-6,4.25E-6,1.797E-4,2.451E-4,5.998E-5,4.049E-4,6.876E-5,4.47E-6,4.059E-6,1.504E-5,5.933E-6,
0.0,0.0,0.0,0.0,0.0,0.0,0.0,0.0,0.0,0.0,0.0,0.0,0.0,0.0,0.0,0.0,0.0,0.0,0.0,0.0,0.0,0.0,2.8E-6,0.006722,0.02685,0.7921,1.218,0.4528,1.14,0.3032,0.007984,0.006596,0.06985,0.03623,0.0,0.0,0.0,0.0,0.0,0.0,0.0,0.0,0.0,0.0,0.0,0.0,0.0,0.0,0.0,0.0,0.0,0.0,0.0,0.0,0.0,0.0,2.2679999999999997E-22,0.0,5.11,9.034,1.348,24.77,1.084,0.05746,0.03477,2.067,0.4929,0.0,0.0,0.0,0.0,0.0,0.0,0.0,0.0,0.0,0.0,0.0,0.0,0.0,0.0,0.0,0.0,0.0,0.0,0.0,0.0,0.0,0.0,0.0,0.0,0.0,0.0,0.0,0.0,0.0,0.0,0.0,0.0,0.0,0.0,0.0,0.0,0.0,0.0,0.0,0.0,0.0,0.0,0.0,0.0,0.0,0.0,1.0E-4,20510.0,9.55E25,3100.0,3635.0,743.4,199700.0,21520.0,2068.0,1664.0,5289.0,2515.0,0.5571,279.5,23.58,96.76,75.75,32.45,10.65,0.3615,0.2948,1.217,0.3063,0.07254,1651.0,28.88,64.25,21.75,46.35,4.026,0.2805,0.3005,2.77,0.75,19.57,0.3108,1.077,3.416,8.792,0.9707,3.18,0.1585,0.1093,0.244,0.05994,0.0,0.0,0.0,0.0,0.0,0.0,0.0,0.0,0.0,0.0,0.0,0.5592,0.04294,0.5943,0.8864,0.2883,2.078,3.315,0.2447,0.1637,0.4816,0.07874,8.988E-6,4.25E-6,1.788E-4,2.449E-4,5.922E-5,4.066E-4,6.871E-5,4.685E-6,3.76E-6,1.519E-5,5.913E-6,
0.0,0.0,0.0,0.0,0.0,0.0,0.0,0.0,0.0,0.0,0.0,0.0,0.0,0.0,0.0,0.0,0.0,0.0,0.0,0.0,0.0,0.0,2.8E-6,0.006722,0.02685,0.792,1.218,0.4528,1.14,0.3032,0.007942,0.006404,0.07006,0.03622,0.0,0.0,0.0,0.0,0.0,0.0,0.0,0.0,0.0,0.0,0.0,0.0,0.0,0.0,0.0,0.0,0.0,0.0,0.0,0.0,0.0,0.0,2.2679999999999997E-22,0.0,5.209,9.058,1.44,25.56,1.084,0.05755,0.03481,2.067,0.493,0.0,0.0,0.0,0.0,0.0,0.0,0.0,0.0,0.0,0.0,0.0,0.0,0.0,0.0,0.0,0.0,0.0,0.0,0.0,0.0,0.0,0.0,0.0,0.0,0.0,0.0,0.0,0.0,0.0,0.0,0.0,0.0,0.0,0.0,0.0,0.0,0.0,0.0,0.0,0.0,0.0,0.0,0.0,0.0,0.0,0.0,1.0E-4,20510.0,9.55E25,3100.0,3636.0,743.6,199700.0,21520.0,2057.0,1601.0,5363.0,2512.0,0.5571,279.5,23.58,96.76,75.75,32.45,10.65,0.3616,0.292,1.218,0.3065,0.07254,1651.0,28.88,64.25,21.75,46.35,4.026,0.2806,0.2999,2.77,0.75,19.57,0.3108,1.077,3.416,8.792,0.9708,3.18,0.1586,0.1077,0.2449,0.06011,0.0,0.0,0.0,0.0,0.0,0.0,0.0,0.0,0.0,0.0,0.0,0.5592,0.04294,0.5943,0.8865,0.2883,2.078,3.315,0.2435,0.1564,0.4898,0.07871,8.988E-6,4.25E-6,1.788E-4,2.449E-4,5.922E-5,4.065E-4,6.872E-5,4.663E-6,3.646E-6,1.532E-5,5.912E-6,
0.0,0.0,0.0,0.0,0.0,0.0,0.0,0.0,0.0,0.0,0.0,0.0,0.0,0.0,0.0,0.0,0.0,0.0,0.0,0.0,0.0,0.0,2.8E-6,0.006722,0.02685,0.7864,1.216,0.4527,1.117,0.3002,0.006805,0.005942,0.1163,0.02461,0.0,0.0,0.0,0.0,0.0,0.0,0.0,0.0,0.0,0.0,0.0,0.0,0.0,0.0,0.0,0.0,0.0,0.0,0.0,0.0,0.0,0.0,2.2679999999999997E-22,0.0,5.053,8.93,1.44,24.66,0.9641,0.02975,0.03253,3.872,0.01738,0.0,0.0,0.0,0.0,0.0,0.0,0.0,0.0,0.0,0.0,0.0,0.0,0.0,0.0,0.0,0.0,0.0,0.0,0.0,0.0,0.0,0.0,0.0,0.0,0.0,0.0,0.0,0.0,0.0,0.0,0.0,0.0,0.0,0.0,0.0,0.0,0.0,0.0,0.0,0.0,0.0,0.0,0.0,0.0,0.0,0.0,1.0E-4,20510.0,9.55E25,3060.0,3607.0,742.8,199400.0,21490.0,2044.0,1634.0,5769.0,2389.0,0.5571,279.5,23.52,96.72,75.75,32.13,10.61,0.3531,0.2889,1.872,0.1387,0.07254,1651.0,28.69,64.09,21.75,45.3,3.886,0.2396,0.2863,4.916,0.201,19.57,0.3108,1.076,3.415,8.792,0.9597,3.177,0.1604,0.1082,0.2654,0.05449,0.0,0.0,0.0,0.0,0.0,0.0,0.0,0.0,0.0,0.0,0.0,0.5592,0.04294,0.5906,0.8849,0.2883,2.061,3.313,0.2424,0.1602,0.5197,0.07026,8.988E-6,4.25E-6,1.779E-4,2.448E-4,5.92E-5,4.036E-4,6.834E-5,4.51E-6,3.638E-6,2.12E-5,4.422E-6,
0.0,0.0,0.0,0.0,0.0,0.0,0.0,0.0,0.0,0.0,0.0,0.0,0.0,0.0,0.0,0.0,0.0,0.0,0.0,0.0,0.0,0.0,2.8E-6,0.006722,0.02685,0.7819,1.214,0.4486,1.126,0.3005,0.006713,0.006196,0.1182,0.02232,0.0,0.0,0.0,0.0,0.0,0.0,0.0,0.0,0.0,0.0,0.0,0.0,0.0,0.0,0.0,0.0,0.0,0.0,0.0,0.0,0.0,0.0,2.2679999999999997E-22,0.0,4.923,8.925,1.276,25.06,0.9906,0.06203,0.07707,3.669,0.01813,0.0,0.0,0.0,0.0,0.0,0.0,0.0,0.0,0.0,0.0,0.0,0.0,0.0,0.0,0.0,0.0,0.0,0.0,0.0,0.0,0.0,0.0,0.0,0.0,0.0,0.0,0.0,0.0,0.0,0.0,0.0,0.0,0.0,0.0,0.0,0.0,0.0,0.0,0.0,0.0,0.0,0.0,0.0,0.0,0.0,0.0,1.0E-4,20510.0,9.55E25,3086.0,3610.0,768.8,199400.0,21560.0,2022.0,1650.0,5745.0,2364.0,0.5571,279.5,23.46,96.71,75.68,32.29,10.62,0.3539,0.2984,1.817,0.1387,0.07254,1651.0,28.63,64.09,21.67,45.5,3.896,0.2633,0.3335,4.762,0.2032,19.57,0.3108,1.076,3.416,8.791,0.9629,3.187,0.1564,0.1053,0.2587,0.0541,0.0,0.0,0.0,0.0,0.0,0.0,0.0,0.0,0.0,0.0,0.0,0.5592,0.04294,0.5893,0.8841,0.2872,2.063,3.322,0.2395,0.161,0.5165,0.06832,8.988E-6,4.25E-6,1.773E-4,2.446E-4,5.864E-5,4.048E-4,6.847E-5,4.464E-6,3.682E-6,2.14E-5,4.124E-6,
0.0,0.0,0.0,0.0,0.0,0.0,0.0,0.0,0.0,0.0,0.0,0.0,0.0,0.0,0.0,0.0,0.0,0.0,0.0,0.0,0.0,0.0,2.8E-6,0.00675,0.02685,0.7818,1.214,0.4485,1.126,0.3005,0.006443,0.006919,0.1189,0.02124,0.0,0.0,0.0,0.0,0.0,0.0,0.0,0.0,0.0,0.0,0.0,0.0,0.0,0.0,0.0,0.0,0.0,0.0,0.0,0.0,0.0,0.0,2.2679999999999997E-22,0.0,4.955,8.906,1.349,25.86,0.969,0.02609,0.01218,3.888,0.03023,0.0,0.0,0.0,0.0,0.0,0.0,0.0,0.0,0.0,0.0,0.0,0.0,0.0,0.0,0.0,0.0,0.0,0.0,0.0,0.0,0.0,0.0,0.0,0.0,0.0,0.0,0.0,0.0,0.0,0.0,0.0,0.0,0.0,0.0,0.0,0.0,0.0,0.0,0.0,0.0,0.0,0.0,0.0,0.0,0.0,0.0,1.0E-4,20520.0,9.55E25,3087.0,3615.0,771.6,198400.0,22400.0,1997.0,1735.0,5787.0,2362.0,0.5588,279.5,23.45,96.7,75.68,32.26,10.6,0.3706,0.2956,1.878,0.1439,0.07348,1651.0,28.6,64.07,21.67,45.49,3.888,0.2348,0.3222,4.873,0.2092,19.57,0.3108,1.074,3.415,8.791,0.9541,3.166,0.1698,0.1054,0.2756,0.05603,0.0,0.0,0.0,0.0,0.0,0.0,0.0,0.0,0.0,0.0,0.0,0.5601,0.04294,0.5892,0.8839,0.2871,2.053,3.317,0.2371,0.1711,0.5225,0.0688,9.003E-6,4.25E-6,1.773E-4,2.446E-4,5.864E-5,4.042E-4,6.885E-5,4.413E-6,3.893E-6,2.155E-5,4.002E-6,
0.0,0.0,0.0,0.0,0.0,0.0,0.0,0.0,0.0,0.0,0.0,0.0,0.0,0.0,0.0,0.0,0.0,0.0,0.0,0.0,0.0,0.0,2.8E-6,0.0068,0.02685,0.7817,1.214,0.4485,1.125,0.3005,0.006498,0.007462,0.1179,0.02154,0.0,0.0,0.0,0.0,0.0,0.0,0.0,0.0,0.0,0.0,0.0,0.0,0.0,0.0,0.0,0.0,0.0,0.0,0.0,0.0,0.0,0.0,2.2679999999999997E-22,0.0,4.935,8.889,1.349,25.86,0.9615,0.009649,0.02085,3.951,0.02635,0.0,0.0,0.0,0.0,0.0,0.0,0.0,0.0,0.0,0.0,0.0,0.0,0.0,0.0,0.0,0.0,0.0,0.0,0.0,0.0,0.0,0.0,0.0,0.0,0.0,0.0,0.0,0.0,0.0,0.0,0.0,0.0,0.0,0.0,0.0,0.0,0.0,0.0,0.0,0.0,0.0,0.0,0.0,0.0,0.0,0.0,1.0E-4,20530.0,9.55E25,3087.0,3616.0,771.8,198400.0,22400.0,2014.0,1752.0,5754.0,2349.0,0.5615,279.5,23.45,96.55,75.82,32.26,10.59,0.3687,0.298,1.891,0.1405,0.07511,1651.0,28.59,63.84,21.89,45.48,3.884,0.2266,0.3377,4.896,0.2115,19.57,0.3108,1.074,3.41,8.795,0.9539,3.166,0.1702,0.104,0.2796,0.05363,0.0,0.0,0.0,0.0,0.0,0.0,0.0,0.0,0.0,0.0,0.0,0.5617,0.04294,0.5892,0.8839,0.2871,2.053,3.316,0.239,0.1722,0.52,0.0673,9.029E-6,4.25E-6,1.773E-4,2.446E-4,5.863E-5,4.041E-4,6.884E-5,4.452E-6,3.964E-6,2.141E-5,4.017E-6,
0.0,0.0,0.0,0.0,0.0,0.0,0.0,0.0,0.0,0.0,0.0,0.0,0.0,0.0,0.0,0.0,0.0,0.0,0.0,0.0,0.0,0.0,2.8E-6,0.0068,0.02685,0.7817,1.214,0.4485,1.125,0.3011,0.006649,0.007411,0.1186,0.02016,0.0,0.0,0.0,0.0,0.0,0.0,0.0,0.0,0.0,0.0,0.0,0.0,0.0,0.0,0.0,0.0,0.0,0.0,0.0,0.0,0.0,0.0,2.2679999999999997E-22,0.0,4.958,8.908,1.349,25.86,0.9694,0.02792,0.01315,3.879,0.03068,0.0,0.0,0.0,0.0,0.0,0.0,0.0,0.0,0.0,0.0,0.0,0.0,0.0,0.0,0.0,0.0,0.0,0.0,0.0,0.0,0.0,0.0,0.0,0.0,0.0,0.0,0.0,0.0,0.0,0.0,0.0,0.0,0.0,0.0,0.0,0.0,0.0,0.0,0.0,0.0,0.0,0.0,0.0,0.0,0.0,0.0,1.0E-4,20530.0,9.55E25,3087.0,3615.0,771.5,198400.0,22410.0,1990.0,1764.0,5774.0,2329.0,0.5615,279.5,23.45,96.56,75.82,32.26,10.6,0.3741,0.2974,1.873,0.1399,0.07511,1651.0,28.6,63.85,21.89,45.49,3.891,0.246,0.3304,4.847,0.2092,19.57,0.3108,1.074,3.411,8.795,0.9542,3.166,0.1701,0.1048,0.277,0.05372,0.0,0.0,0.0,0.0,0.0,0.0,0.0,0.0,0.0,0.0,0.0,0.5617,0.04294,0.5892,0.8839,0.2871,2.053,3.317,0.2353,0.175,0.5218,0.06539,9.029E-6,4.25E-6,1.772E-4,2.446E-4,5.863E-5,4.04E-4,6.893E-5,4.423E-6,3.992E-6,2.151E-5,3.828E-6,
0.0,0.0,0.0,0.0,0.0,0.0,0.0,0.0,0.0,0.0,0.0,0.0,0.0,0.0,0.0,0.0,0.0,0.0,0.0,0.0,0.0,0.0,2.8E-6,0.0068,0.02685,0.7816,1.214,0.4485,1.124,0.3011,0.006693,0.009896,0.1159,0.02031,0.0,0.0,0.0,0.0,0.0,0.0,0.0,0.0,0.0,0.0,0.0,0.0,0.0,0.0,0.0,0.0,0.0,0.0,0.0,0.0,0.0,0.0,2.2679999999999997E-22,0.0,4.956,8.906,1.349,25.86,0.9687,0.02647,0.01236,3.901,0.01553,0.0,0.0,0.0,0.0,0.0,0.0,0.0,0.0,0.0,0.0,0.0,0.0,0.0,0.0,0.0,0.0,0.0,0.0,0.0,0.0,0.0,0.0,0.0,0.0,0.0,0.0,0.0,0.0,0.0,0.0,0.0,0.0,0.0,0.0,0.0,0.0,0.0,0.0,0.0,0.0,0.0,0.0,0.0,0.0,0.0,0.0,1.0E-4,20530.0,9.55E25,3087.0,3616.0,771.3,198400.0,22410.0,1992.0,1744.0,5804.0,2315.0,0.5615,279.5,23.45,96.56,75.82,32.26,10.6,0.373,0.3116,1.861,0.1386,0.07511,1651.0,28.6,63.85,21.89,45.49,3.892,0.249,0.4032,4.772,0.2104,19.57,0.3108,1.074,3.411,8.795,0.9542,3.167,0.1691,0.1008,0.2823,0.05259,0.0,0.0,0.0,0.0,0.0,0.0,0.0,0.0,0.0,0.0,0.0,0.5617,0.04294,0.5893,0.8839,0.2871,2.052,3.317,0.2352,0.1713,0.5264,0.06497,9.029E-6,4.25E-6,1.772E-4,2.445E-4,5.863E-5,4.04E-4,6.892E-5,4.426E-6,4.241E-6,2.124E-5,3.841E-6,
0.0,0.0,0.0,0.0,0.0,0.0,0.0,0.0,0.0,0.0,0.0,0.0,0.0,0.0,0.0,0.0,0.0,0.0,0.0,0.0,0.0,0.0,2.8E-6,0.0068,0.02685,0.7815,1.214,0.4485,1.124,0.3011,0.00667,0.01001,0.1154,0.02075,0.0,0.0,0.0,0.0,0.0,0.0,0.0,0.0,0.0,0.0,0.0,0.0,0.0,0.0,0.0,0.0,0.0,0.0,0.0,0.0,0.0,0.0,2.2679999999999997E-22,0.0,4.935,8.889,1.349,25.86,0.9612,0.009928,0.001542,3.97,0.02669,0.0,0.0,0.0,0.0,0.0,0.0,0.0,0.0,0.0,0.0,0.0,0.0,0.0,0.0,0.0,0.0,0.0,0.0,0.0,0.0,0.0,0.0,0.0,0.0,0.0,0.0,0.0,0.0,0.0,0.0,0.0,0.0,0.0,0.0,0.0,0.0,0.0,0.0,0.0,0.0,0.0,0.0,0.0,0.0,0.0,0.0,1.0E-4,20530.0,9.55E25,3086.0,3616.0,772.2,198400.0,22400.0,1983.0,1758.0,5792.0,2327.0,0.5615,279.5,23.45,96.53,75.85,32.26,10.59,0.3712,0.3127,1.873,0.1435,0.07511,1651.0,28.59,63.68,22.05,45.48,3.889,0.239,0.4008,4.801,0.2251,19.57,0.3108,1.074,3.409,8.797,0.9539,3.163,0.1696,0.1018,0.2848,0.05305,0.0,0.0,0.0,0.0,0.0,0.0,0.0,0.0,0.0,0.0,0.0,0.5617,0.04294,0.5892,0.8838,0.2874,2.052,3.314,0.2353,0.1737,0.5249,0.06646,9.029E-6,4.25E-6,1.772E-4,2.445E-4,5.869E-5,4.039E-4,6.89E-5,4.418E-6,4.284E-6,2.116E-5,3.912E-6,
0.0,0.0,0.0,0.0,0.0,0.0,0.0,0.0,0.0,0.0,0.0,0.0,0.0,0.0,0.0,0.0,0.0,0.0,0.0,0.0,0.0,0.0,2.8E-6,0.006799,0.02685,0.7815,1.209,0.4537,1.123,0.3011,0.006755,0.01021,0.115,0.0208,0.0,0.0,0.0,0.0,0.0,0.0,0.0,0.0,0.0,0.0,0.0,0.0,0.0,0.0,0.0,0.0,0.0,0.0,0.0,0.0,0.0,0.0,2.2679999999999997E-22,0.0,4.998,8.941,1.349,25.88,0.9823,0.06022,0.09369,3.666,0.03121,0.0,0.0,0.0,0.0,0.0,0.0,0.0,0.0,0.0,0.0,0.0,0.0,0.0,0.0,0.0,0.0,0.0,0.0,0.0,0.0,0.0,0.0,0.0,0.0,0.0,0.0,0.0,0.0,0.0,0.0,0.0,0.0,0.0,0.0,0.0,0.0,0.0,0.0,0.0,0.0,0.0,0.0,0.0,0.0,0.0,0.0,1.0E-4,20530.0,9.55E25,3087.0,3615.0,773.5,198400.0,22390.0,2008.0,1757.0,5791.0,2362.0,0.5615,279.5,23.46,96.1,76.29,32.27,10.6,0.3843,0.3325,1.797,0.1463,0.07511,1651.0,28.63,63.32,22.44,45.5,3.919,0.2667,0.4598,4.594,0.2351,19.57,0.3108,1.076,3.405,8.802,0.9547,3.162,0.1732,0.1043,0.2756,0.05309,0.0,0.0,0.0,0.0,0.0,0.0,0.0,0.0,0.0,0.0,0.0,0.5616,0.04294,0.5894,0.8836,0.2878,2.052,3.31,0.2402,0.1732,0.5244,0.06624,9.029E-6,4.25E-6,1.772E-4,2.443E-4,5.88E-5,4.039E-4,6.886E-5,4.48E-6,4.302E-6,2.111E-5,3.915E-6,
0.0,0.0,0.0,0.0,0.0,0.0,0.0,0.0,0.0,0.0,0.0,0.0,0.0,0.0,0.0,0.0,0.0,0.0,0.0,0.0,0.0,0.0,2.8E-6,0.006799,0.02685,0.7814,1.208,0.4537,1.123,0.3007,0.006595,0.01015,0.1148,0.02168,0.0,0.0,0.0,0.0,0.0,0.0,0.0,0.0,0.0,0.0,0.0,0.0,0.0,0.0,0.0,0.0,0.0,0.0,0.0,0.0,0.0,0.0,2.2679999999999997E-22,0.0,4.956,8.906,1.349,25.86,0.9677,0.02629,0.02837,3.895,0.007861,0.0,0.0,0.0,0.0,0.0,0.0,0.0,0.0,0.0,0.0,0.0,0.0,0.0,0.0,0.0,0.0,0.0,0.0,0.0,0.0,0.0,0.0,0.0,0.0,0.0,0.0,0.0,0.0,0.0,0.0,0.0,0.0,0.0,0.0,0.0,0.0,0.0,0.0,0.0,0.0,0.0,0.0,0.0,0.0,0.0,0.0,1.0E-4,20530.0,9.55E25,3085.0,3614.0,773.1,198400.0,22390.0,1998.0,1752.0,5799.0,2366.0,0.5615,279.5,23.45,96.09,76.29,32.26,10.6,0.3729,0.3185,1.849,0.1434,0.07511,1651.0,28.6,63.29,22.44,45.49,3.908,0.2436,0.4256,4.724,0.2308,19.57,0.3108,1.074,3.404,8.802,0.9542,3.163,0.1705,0.1018,0.2836,0.05208,0.0,0.0,0.0,0.0,0.0,0.0,0.0,0.0,0.0,0.0,0.0,0.5616,0.04294,0.5892,0.8835,0.2878,2.052,3.311,0.2387,0.1727,0.5254,0.06651,9.029E-6,4.25E-6,1.772E-4,2.443E-4,5.879E-5,4.038E-4,6.882E-5,4.443E-6,4.287E-6,2.11E-5,4.023E-6,
0.0,0.0,0.0,0.0,0.0,0.0,0.0,0.0,0.0,0.0,0.0,0.0,0.0,0.0,0.0,0.0,0.0,0.0,0.0,0.0,0.0,0.0,2.8E-6,0.006799,0.02685,0.7816,1.208,0.4538,1.122,0.2916,0.007842,0.009627,0.1228,0.02147,0.0,0.0,0.0,0.0,0.0,0.0,0.0,0.0,0.0,0.0,0.0,0.0,0.0,0.0,0.0,0.0,0.0,0.0,0.0,0.0,0.0,0.0,2.2679999999999997E-22,0.0,4.967,8.893,1.365,25.87,0.2429,0.0436,0.02013,4.588,0.01465,0.0,0.0,0.0,0.0,0.0,0.0,0.0,0.0,0.0,0.0,0.0,0.0,0.0,0.0,0.0,0.0,0.0,0.0,0.0,0.0,0.0,0.0,0.0,0.0,0.0,0.0,0.0,0.0,0.0,0.0,0.0,0.0,0.0,0.0,0.0,0.0,0.0,0.0,0.0,0.0,0.0,0.0,0.0,0.0,0.0,0.0,1.0E-4,20530.0,9.55E25,3108.0,3568.0,762.2,198400.0,16490.0,2163.0,1632.0,11780.0,2265.0,0.5615,279.5,23.45,97.66,76.28,32.26,8.819,0.3887,0.2986,2.077,0.133,0.07511,1651.0,28.6,65.42,22.45,45.49,3.712,0.2771,0.3813,2.819,0.2132,19.57,0.3108,1.074,3.95,8.799,0.9545,2.185,0.1741,0.09757,0.7217,0.04898,0.0,0.0,0.0,0.0,0.0,0.0,0.0,0.0,0.0,0.0,0.0,0.5616,0.04294,0.5917,0.8776,0.2862,2.053,2.571,0.2551,0.1606,1.265,0.06575,9.029E-6,4.25E-6,1.773E-4,2.442E-4,5.878E-5,4.037E-4,5.852E-5,4.802E-6,4.072E-6,3.127E-5,3.989E-6,
0.0,0.0,0.0,0.0,0.0,0.0,0.0,0.0,0.0,0.0,0.0,0.0,0.0,0.0,0.0,0.0,0.0,0.0,0.0,0.0,0.0,0.0,2.8E-6,0.006799,0.02685,0.7814,1.208,0.4536,1.122,0.289,0.007743,0.009692,0.1259,0.02121,0.0,0.0,0.0,0.0,0.0,0.0,0.0,0.0,0.0,0.0,0.0,0.0,0.0,0.0,0.0,0.0,0.0,0.0,0.0,0.0,0.0,0.0,2.2679999999999997E-22,0.0,4.958,8.889,1.36,25.86,0.01778,0.03437,0.01587,4.858,0.002044,0.0,0.0,0.0,0.0,0.0,0.0,0.0,0.0,0.0,0.0,0.0,0.0,0.0,0.0,0.0,0.0,0.0,0.0,0.0,0.0,0.0,0.0,0.0,0.0,0.0,0.0,0.0,0.0,0.0,0.0,0.0,0.0,0.0,0.0,0.0,0.0,0.0,0.0,0.0,0.0,0.0,0.0,0.0,0.0,0.0,0.0,1.0E-4,20530.0,9.55E25,3245.0,3750.0,877.5,197900.0,16240.0,2144.0,1652.0,12070.0,2233.0,0.5615,279.5,23.45,97.66,76.28,32.25,8.755,0.388,0.2967,2.152,0.1292,0.07511,1651.0,28.59,65.42,22.45,45.49,3.629,0.2723,0.3794,2.929,0.2001,19.57,0.3108,1.074,3.95,8.799,0.9535,2.162,0.1743,0.09682,0.7469,0.04897,0.0,0.0,0.0,0.0,0.0,0.0,0.0,0.0,0.0,0.0,0.0,0.5616,0.04294,0.5912,0.8773,0.2858,2.052,2.543,0.253,0.1622,1.296,0.06513,9.029E-6,4.25E-6,1.77E-4,2.439E-4,5.857E-5,4.043E-4,5.786E-5,4.769E-6,4.1E-6,3.202E-5,3.948E-6,
0.0,0.0,0.0,0.0,0.0,0.0,0.0,0.0,0.0,0.0,0.0,0.0,0.0,0.0,0.0,0.0,0.0,0.0,0.0,0.0,0.0,0.0,2.8E-6,0.006799,0.02685,0.7814,1.208,0.4537,1.121,0.2889,0.007908,0.009863,0.1254,0.02124,0.0,0.0,0.0,0.0,0.0,0.0,0.0,0.0,0.0,0.0,0.0,0.0,0.0,0.0,0.0,0.0,0.0,0.0,0.0,0.0,0.0,0.0,2.2669999999999996E-22,0.0,4.97,8.894,1.367,25.87,0.02454,0.04744,0.0219,4.805,0.002821,0.0,0.0,0.0,0.0,0.0,0.0,0.0,0.0,0.0,0.0,0.0,0.0,0.0,0.0,0.0,0.0,0.0,0.0,0.0,0.0,0.0,0.0,0.0,0.0,0.0,0.0,0.0,0.0,0.0,0.0,0.0,0.0,0.0,0.0,0.0,0.0,0.0,0.0,0.0,0.0,0.0,0.0,0.0,0.0,0.0,0.0,1.0E-4,20530.0,9.55E25,3257.0,3755.0,883.6,197900.0,16240.0,2155.0,1668.0,12030.0,2277.0,0.5615,279.5,23.45,97.67,76.28,32.25,8.752,0.3917,0.3004,2.138,0.1316,0.07511,1651.0,28.6,65.42,22.45,45.49,3.633,0.2767,0.3829,2.908,0.2007,19.57,0.3108,1.075,3.951,8.8,0.9538,2.16,0.1757,0.09827,0.7422,0.05017,0.0,0.0,0.0,0.0,0.0,0.0,0.0,0.0,0.0,0.0,0.0,0.5616,0.04294,0.5926,0.8779,0.2865,2.052,2.543,0.2543,0.1641,1.29,0.06539,9.029E-6,4.25E-6,1.77E-4,2.439E-4,5.858E-5,4.042E-4,5.783E-5,4.807E-6,4.147E-6,3.188E-5,3.96E-6,
0.0,0.0,0.0,0.0,0.0,0.0,0.0,0.0,0.0,0.0,0.0,0.0,0.0,0.0,0.0,0.0,0.0,0.0,0.0,0.0,0.0,0.0,2.8E-6,0.006799,0.02685,0.7812,1.208,0.4539,1.12,0.2886,0.007903,0.009789,0.1259,0.02134,0.0,0.0,0.0,0.0,0.0,0.0,0.0,0.0,0.0,0.0,0.0,0.0,0.0,0.0,0.0,0.0,0.0,0.0,0.0,0.0,0.0,0.0,2.2669999999999996E-22,0.0,4.958,8.889,1.36,25.86,0.0178,0.0344,0.008931,4.856,0.01146,0.0,0.0,0.0,0.0,0.0,0.0,0.0,0.0,0.0,0.0,0.0,0.0,0.0,0.0,0.0,0.0,0.0,0.0,0.0,0.0,0.0,0.0,0.0,0.0,0.0,0.0,0.0,0.0,0.0,0.0,0.0,0.0,0.0,0.0,0.0,0.0,0.0,0.0,0.0,0.0,0.0,0.0,0.0,0.0,0.0,0.0,1.0E-4,20530.0,9.55E25,3243.0,3745.0,880.6,197900.0,16210.0,2097.0,1680.0,12110.0,2301.0,0.5615,279.5,23.45,97.21,76.74,32.25,8.748,0.3871,0.2981,2.153,0.1349,0.07511,1651.0,28.59,65.16,22.71,45.49,3.631,0.289,0.3742,2.918,0.1986,19.57,0.3108,1.074,3.922,8.827,0.9535,2.158,0.1712,0.09833,0.7493,0.05233,0.0,0.0,0.0,0.0,0.0,0.0,0.0,0.0,0.0,0.0,0.0,0.5616,0.04294,0.591,0.8764,0.2865,2.052,2.538,0.2454,0.1665,1.301,0.06857,9.029E-6,4.25E-6,1.77E-4,2.436E-4,5.878E-5,4.041E-4,5.775E-5,4.696E-6,4.166E-6,3.208E-5,4.011E-6,
0.0,0.0,0.0,0.0,0.0,0.0,0.0,0.0,0.0,0.0,0.0,0.0,0.0,0.0,0.0,0.0,0.0,0.0,0.0,0.0,0.0,0.0,2.8E-6,0.006883,0.02685,0.7779,1.203,0.4548,1.127,0.2887,0.008145,0.009932,0.1253,0.02104,0.0,0.0,0.0,0.0,0.0,0.0,0.0,0.0,0.0,0.0,0.0,0.0,0.0,0.0,0.0,0.0,0.0,0.0,0.0,0.0,0.0,0.0,2.2669999999999996E-22,0.0,4.756,8.594,1.315,26.43,0.02426,0.04688,0.01217,4.803,0.01561,0.0,0.0,0.0,0.0,0.0,0.0,0.0,0.0,0.0,0.0,0.0,0.0,0.0,0.0,0.0,0.0,0.0,0.0,0.0,0.0,0.0,0.0,0.0,0.0,0.0,0.0,0.0,0.0,0.0,0.0,0.0,0.0,0.0,0.0,0.0,0.0,0.0,0.0,0.0,0.0,0.0,0.0,0.0,0.0,0.0,0.0,1.0E-4,20540.0,9.55E25,3276.0,3757.0,907.3,197900.0,16230.0,2133.0,1695.0,12030.0,2273.0,0.5641,279.5,23.39,97.11,76.76,32.39,8.751,0.3897,0.3025,2.139,0.1291,0.07756,1651.0,28.5,64.6,23.1,45.75,3.634,0.2947,0.3795,2.904,0.1863,19.57,0.3108,1.074,3.918,8.83,0.9567,2.159,0.1719,0.09998,0.7436,0.05101,0.0,0.0,0.0,0.0,0.0,0.0,0.0,0.0,0.0,0.0,0.0,0.563,0.04294,0.5915,0.873,0.2895,2.055,2.539,0.2496,0.1676,1.292,0.06652,9.056E-6,4.25E-6,1.764E-4,2.42E-4,5.958E-5,4.055E-4,5.778E-5,4.777E-6,4.198E-6,3.189E-5,3.949E-6,
0.0,0.0,0.0,0.0,0.0,0.0,0.0,0.0,0.0,0.0,0.0,0.0,0.0,0.0,0.0,0.0,0.0,0.0,0.0,0.0,0.0,0.0,2.8E-6,0.006883,0.02685,0.7779,1.203,0.4548,1.127,0.2888,0.008266,0.009937,0.1251,0.02104,0.0,0.0,0.0,0.0,0.0,0.0,0.0,0.0,0.0,0.0,0.0,0.0,0.0,0.0,0.0,0.0,0.0,0.0,0.0,0.0,0.0,0.0,2.2669999999999996E-22,0.0,4.848,8.683,1.375,28.19,0.02449,0.04733,0.01229,4.802,0.01576,0.0,0.0,0.0,0.0,0.0,0.0,0.0,0.0,0.0,0.0,0.0,0.0,0.0,0.0,0.0,0.0,0.0,0.0,0.0,0.0,0.0,0.0,0.0,0.0,0.0,0.0,0.0,0.0,0.0,0.0,0.0,0.0,0.0,0.0,0.0,0.0,0.0,0.0,0.0,0.0,0.0,0.0,0.0,0.0,0.0,0.0,1.0E-4,20550.0,9.55E25,3276.0,3757.0,907.6,197900.0,16240.0,2171.0,1679.0,12000.0,2261.0,0.5641,279.5,23.39,97.11,76.76,32.39,8.751,0.3888,0.3039,2.137,0.1295,0.07756,1651.0,28.5,64.6,23.1,45.75,3.636,0.2943,0.382,2.9,0.1861,19.57,0.3108,1.074,3.919,8.83,0.9568,2.159,0.1716,0.1003,0.7428,0.05127,0.0,0.0,0.0,0.0,0.0,0.0,0.0,0.0,0.0,0.0,0.0,0.563,0.04294,0.5915,0.8731,0.2896,2.055,2.541,0.2539,0.1655,1.288,0.06663,9.056E-6,4.25E-6,1.764E-4,2.42E-4,5.957E-5,4.054E-4,5.78E-5,4.843E-6,4.173E-6,3.183E-5,3.95E-6,
0.0,0.0,0.0,0.0,0.0,0.0,0.0,0.0,0.0,0.0,0.0,0.0,0.0,0.0,0.0,0.0,0.0,0.0,0.0,0.0,0.0,0.0,2.8E-6,0.006883,0.02685,0.7763,1.204,0.4545,1.126,0.2884,0.009336,0.01001,0.1252,0.02099,0.0,0.0,0.0,0.0,0.0,0.0,0.0,0.0,0.0,0.0,0.0,0.0,0.0,0.0,0.0,0.0,0.0,0.0,0.0,0.0,0.0,0.0,2.2669999999999996E-22,0.0,4.814,8.668,1.358,28.18,0.005556,0.01074,0.07442,4.882,0.005385,0.0,0.0,0.0,0.0,0.0,0.0,0.0,0.0,0.0,0.0,0.0,0.0,0.0,0.0,0.0,0.0,0.0,0.0,0.0,0.0,0.0,0.0,0.0,0.0,0.0,0.0,0.0,0.0,0.0,0.0,0.0,0.0,0.0,0.0,0.0,0.0,0.0,0.0,0.0,0.0,0.0,0.0,0.0,0.0,0.0,0.0,1.0E-4,20550.0,9.55E25,3237.0,3741.0,888.3,197800.0,16230.0,2390.0,1551.0,12020.0,2245.0,0.5641,279.5,23.38,97.11,76.76,32.39,8.733,0.4094,0.2996,2.156,0.1284,0.07756,1651.0,28.49,64.6,23.1,45.75,3.608,0.319,0.3839,2.924,0.1846,19.57,0.3108,1.071,3.917,8.829,0.9558,2.157,0.1787,0.09628,0.7495,0.05076,0.0,0.0,0.0,0.0,0.0,0.0,0.0,0.0,0.0,0.0,0.0,0.563,0.04294,0.5869,0.8717,0.2875,2.053,2.539,0.2778,0.1513,1.29,0.06586,9.056E-6,4.25E-6,1.761E-4,2.421E-4,5.952E-5,4.053E-4,5.774E-5,5.273E-6,4.003E-6,3.186E-5,3.935E-6,
0.0,0.0,0.0,0.0,0.0,0.0,0.0,0.0,0.0,0.0,0.0,0.0,0.0,0.0,0.0,0.0,0.0,0.0,0.0,0.0,0.0,0.0,2.8E-6,0.006992,0.02685,0.7764,1.204,0.4546,1.126,0.2885,0.009309,0.008819,0.1262,0.02081,0.0,0.0,0.0,0.0,0.0,0.0,0.0,0.0,0.0,0.0,0.0,0.0,0.0,0.0,0.0,0.0,0.0,0.0,0.0,0.0,0.0,0.0,2.2669999999999996E-22,0.0,4.827,8.674,1.365,28.19,0.003763,0.003702,0.01418,4.927,4.666E-4,0.0,0.0,0.0,0.0,0.0,0.0,0.0,0.0,0.0,0.0,0.0,0.0,0.0,0.0,0.0,0.0,0.0,0.0,0.0,0.0,0.0,0.0,0.0,0.0,0.0,0.0,0.0,0.0,0.0,0.0,0.0,0.0,0.0,0.0,0.0,0.0,0.0,0.0,0.0,0.0,0.0,0.0,0.0,0.0,0.0,0.0,1.0E-4,20560.0,9.55E25,3249.0,3746.0,895.0,197800.0,16230.0,2391.0,1421.0,12120.0,2255.0,0.5668,279.5,23.39,97.11,76.76,32.39,8.734,0.4059,0.2846,2.166,0.1248,0.08108,1651.0,28.49,64.6,23.11,45.75,3.61,0.3182,0.3606,2.936,0.1801,19.57,0.3108,1.072,3.918,8.83,0.9561,2.157,0.1768,0.09154,0.7534,0.04949,0.0,0.0,0.0,0.0,0.0,0.0,0.0,0.0,0.0,0.0,0.0,0.5642,0.04294,0.5884,0.8723,0.2883,2.053,2.54,0.2773,0.1376,1.3,0.06384,9.084E-6,4.25E-6,1.762E-4,2.421E-4,5.953E-5,4.052E-4,5.776E-5,5.265E-6,3.687E-6,3.21E-5,3.888E-6,
0.0,0.0,0.0,0.0,0.0,0.0,0.0,0.0,0.0,0.0,0.0,0.0,0.0,0.0,0.0,0.0,0.0,0.0,0.0,0.0,0.0,0.0,2.8E-6,0.006992,0.02685,0.7765,1.204,0.4546,1.125,0.2885,0.009398,0.008987,0.1252,0.02106,0.0,0.0,0.0,0.0,0.0,0.0,0.0,0.0,0.0,0.0,0.0,0.0,0.0,0.0,0.0,0.0,0.0,0.0,0.0,0.0,0.0,0.0,2.2669999999999996E-22,0.0,4.85,8.684,1.377,28.19,0.007687,0.007561,0.02897,4.825,0.02625,0.0,0.0,0.0,0.0,0.0,0.0,0.0,0.0,0.0,0.0,0.0,0.0,0.0,0.0,0.0,0.0,0.0,0.0,0.0,0.0,0.0,0.0,0.0,0.0,0.0,0.0,0.0,0.0,0.0,0.0,0.0,0.0,0.0,0.0,0.0,0.0,0.0,0.0,0.0,0.0,0.0,0.0,0.0,0.0,0.0,0.0,1.0E-4,20560.0,9.55E25,3269.0,3754.0,905.0,197800.0,16230.0,2407.0,1430.0,12020.0,2275.0,0.5668,279.5,23.39,97.11,76.77,32.39,8.735,0.4072,0.2882,2.14,0.1312,0.08108,1651.0,28.5,64.61,23.11,45.75,3.612,0.3203,0.3673,2.898,0.188,19.57,0.3108,1.074,3.919,8.831,0.9568,2.155,0.1768,0.09302,0.7453,0.05264,0.0,0.0,0.0,0.0,0.0,0.0,0.0,0.0,0.0,0.0,0.0,0.5642,0.04294,0.5906,0.8732,0.2894,2.053,2.534,0.2777,0.14,1.293,0.06947,9.084E-6,4.25E-6,1.762E-4,2.421E-4,5.955E-5,4.05E-4,5.769E-5,5.282E-6,3.735E-6,3.189E-5,3.983E-6,
0.0,0.0,0.0,0.0,0.0,0.0,0.0,0.0,0.0,0.0,0.0,0.0,0.0,0.0,0.0,0.0,0.0,0.0,0.0,0.0,0.0,0.0,2.8E-6,0.009987,0.02685,0.7764,1.204,0.4546,1.124,0.2902,0.007771,0.008953,0.1252,0.01803,0.0,0.0,0.0,0.0,0.0,0.0,0.0,0.0,0.0,0.0,0.0,0.0,0.0,0.0,0.0,0.0,0.0,0.0,0.0,0.0,0.0,0.0,2.2669999999999996E-22,0.0,4.851,8.685,1.377,28.19,0.007846,0.007717,0.02957,4.822,0.02679,0.0,0.0,0.0,0.0,0.0,0.0,0.0,0.0,0.0,0.0,0.0,0.0,0.0,0.0,0.0,0.0,0.0,0.0,0.0,0.0,0.0,0.0,0.0,0.0,0.0,0.0,0.0,0.0,0.0,0.0,0.0,0.0,0.0,0.0,0.0,0.0,0.0,0.0,0.0,0.0,0.0,0.0,0.0,0.0,0.0,0.0,1.0E-4,20610.0,9.55E25,3269.0,3754.0,905.1,197800.0,16680.0,1967.0,1435.0,12030.0,2318.0,0.5737,279.5,23.39,97.11,76.77,32.39,8.814,0.3282,0.2889,2.139,0.1244,0.09681,1651.0,28.5,64.61,23.11,45.75,3.662,0.2733,0.3652,2.896,0.1725,19.57,0.3108,1.074,3.919,8.831,0.9569,2.193,0.1391,0.09373,0.7448,0.05138,0.0,0.0,0.0,0.0,0.0,0.0,0.0,0.0,0.0,0.0,0.0,0.5679,0.04294,0.5907,0.8733,0.2895,2.053,2.587,0.224,0.1403,1.293,0.06545,9.489E-6,4.25E-6,1.762E-4,2.421E-4,5.955E-5,4.049E-4,5.855E-5,4.425E-6,3.734E-6,3.189E-5,3.572E-6,
0.0,0.0,0.0,0.0,0.0,0.0,0.0,0.0,0.0,0.0,0.0,0.0,0.0,0.0,0.0,0.0,0.0,0.0,0.0,0.0,0.0,0.0,2.8E-6,0.01008,0.02685,0.7764,1.203,0.4546,1.124,0.2902,0.007772,0.00898,0.1251,0.01798,0.0,0.0,0.0,0.0,0.0,0.0,0.0,0.0,0.0,0.0,0.0,0.0,0.0,0.0,0.0,0.0,0.0,0.0,0.0,0.0,0.0,0.0,2.2669999999999996E-22,0.0,4.852,8.685,1.377,28.19,0.007928,0.007798,0.02988,4.82,0.02707,0.0,0.0,0.0,0.0,0.0,0.0,0.0,0.0,0.0,0.0,0.0,0.0,0.0,0.0,0.0,0.0,0.0,0.0,0.0,0.0,0.0,0.0,0.0,0.0,0.0,0.0,0.0,0.0,0.0,0.0,0.0,0.0,0.0,0.0,0.0,0.0,0.0,0.0,0.0,0.0,0.0,0.0,0.0,0.0,0.0,0.0,1.0E-4,20620.0,9.55E25,3269.0,3753.0,905.0,197800.0,16680.0,1966.0,1442.0,12030.0,2297.0,0.5767,279.5,23.39,97.11,76.77,32.39,8.811,0.3281,0.2909,2.136,0.1226,0.09971,1651.0,28.5,64.61,23.11,45.75,3.657,0.2736,0.3673,2.893,0.1722,19.58,0.3108,1.074,3.919,8.831,0.9569,2.193,0.1388,0.09429,0.744,0.05034,0.0,0.0,0.0,0.0,0.0,0.0,0.0,0.0,0.0,0.0,0.0,0.5695,0.04294,0.5908,0.8732,0.2895,2.053,2.587,0.2239,0.1409,1.293,0.06385,9.519E-6,4.25E-6,1.762E-4,2.421E-4,5.955E-5,4.048E-4,5.854E-5,4.425E-6,3.745E-6,3.188E-5,3.545E-6,
0.0,0.0,0.0,0.0,0.0,0.0,0.0,0.0,0.0,0.0,0.0,0.0,0.0,0.0,0.0,0.0,0.0,0.0,0.0,0.0,0.0,0.0,2.8E-6,0.01008,0.02685,0.7762,1.203,0.4545,1.123,0.2905,0.007814,0.009256,0.1263,0.0165,0.0,0.0,0.0,0.0,0.0,0.0,0.0,0.0,0.0,0.0,0.0,0.0,0.0,0.0,0.0,0.0,0.0,0.0,0.0,0.0,0.0,0.0,2.2669999999999996E-22,0.0,4.837,8.679,1.37,28.19,0.005481,0.005391,0.01571,4.878,0.02134,0.0,0.0,0.0,0.0,0.0,0.0,0.0,0.0,0.0,0.0,0.0,0.0,0.0,0.0,0.0,0.0,0.0,0.0,0.0,0.0,0.0,0.0,0.0,0.0,0.0,0.0,0.0,0.0,0.0,0.0,0.0,0.0,0.0,0.0,0.0,0.0,0.0,0.0,0.0,0.0,0.0,0.0,0.0,0.0,0.0,0.0,1.0E-4,20620.0,9.55E25,3253.0,3745.0,896.9,197800.0,16670.0,1967.0,1462.0,12070.0,2276.0,0.5767,279.5,23.39,97.11,76.77,32.39,8.811,0.3273,0.2871,2.152,0.1208,0.09971,1651.0,28.49,64.6,23.11,45.75,3.659,0.2719,0.3616,2.916,0.1682,19.58,0.3108,1.073,3.918,8.83,0.9564,2.193,0.1386,0.09302,0.7493,0.04995,0.0,0.0,0.0,0.0,0.0,0.0,0.0,0.0,0.0,0.0,0.0,0.5695,0.04294,0.5891,0.8725,0.2887,2.052,2.587,0.2241,0.1432,1.296,0.06214,9.519E-6,4.25E-6,1.762E-4,2.421E-4,5.952E-5,4.047E-4,5.857E-5,4.432E-6,3.807E-6,3.207E-5,3.346E-6,
0.0,0.0,0.0,0.0,0.0,0.0,0.0,0.0,0.0,0.0,0.0,0.0,0.0,0.0,0.0,0.0,0.0,0.0,0.0,0.0,0.0,0.0,2.8E-6,0.01018,0.02685,0.7762,1.203,0.4545,1.123,0.2906,0.007856,0.0094,0.1253,0.01675,0.0,0.0,0.0,0.0,0.0,0.0,0.0,0.0,0.0,0.0,0.0,0.0,0.0,0.0,0.0,0.0,0.0,0.0,0.0,0.0,0.0,0.0,2.2669999999999996E-22,0.0,4.852,8.685,1.377,28.19,0.007929,0.007799,0.02273,4.823,0.03088,0.0,0.0,0.0,0.0,0.0,0.0,0.0,0.0,0.0,0.0,0.0,0.0,0.0,0.0,0.0,0.0,0.0,0.0,0.0,0.0,0.0,0.0,0.0,0.0,0.0,0.0,0.0,0.0,0.0,0.0,0.0,0.0,0.0,0.0,0.0,0.0,0.0,0.0,0.0,0.0,0.0,0.0,0.0,0.0,0.0,0.0,1.0E-4,20640.0,9.55E25,3266.0,3751.0,903.6,197700.0,16690.0,1949.0,1494.0,12030.0,2243.0,0.58,279.5,23.39,97.11,76.77,32.39,8.813,0.3283,0.2892,2.133,0.123,0.1031,1651.0,28.5,64.61,23.11,45.75,3.662,0.2746,0.3623,2.889,0.173,19.58,0.3108,1.074,3.919,8.831,0.9569,2.193,0.1387,0.0941,0.7428,0.05033,0.0,0.0,0.0,0.0,0.0,0.0,0.0,0.0,0.0,0.0,0.0,0.5711,0.04294,0.5906,0.8731,0.2895,2.052,2.588,0.2221,0.147,1.286,0.06457,9.551E-6,4.25E-6,1.762E-4,2.421E-4,5.954E-5,4.046E-4,5.86E-5,4.412E-6,3.871E-6,3.182E-5,3.406E-6,
0.0,0.0,0.0,0.0,0.0,0.0,0.0,0.0,0.0,0.0,0.0,0.0,0.0,0.0,0.0,0.0,0.0,0.0,0.0,0.0,0.0,0.0,2.8E-6,0.01018,0.02685,0.7758,1.203,0.4543,1.122,0.2907,0.007766,0.009326,0.1241,0.01887,0.0,0.0,0.0,0.0,0.0,0.0,0.0,0.0,0.0,0.0,0.0,0.0,0.0,0.0,0.0,0.0,0.0,0.0,0.0,0.0,0.0,0.0,2.2669999999999996E-22,0.0,4.814,8.668,1.358,28.18,0.001574,2.898E-5,0.006721,4.967,0.003391,0.0,0.0,0.0,0.0,0.0,0.0,0.0,0.0,0.0,0.0,0.0,0.0,0.0,0.0,0.0,0.0,0.0,0.0,0.0,0.0,0.0,0.0,0.0,0.0,0.0,0.0,0.0,0.0,0.0,0.0,0.0,0.0,0.0,0.0,0.0,0.0,0.0,0.0,0.0,0.0,0.0,0.0,0.0,0.0,0.0,0.0,1.0E-4,20640.0,9.55E25,3229.0,3734.0,884.5,197700.0,16680.0,1944.0,1469.0,12170.0,2213.0,0.58,279.5,23.38,97.11,76.76,32.39,8.812,0.3254,0.2856,2.165,0.1216,0.1031,1651.0,28.49,64.6,23.1,45.75,3.66,0.2712,0.3588,2.925,0.1765,19.58,0.3108,1.071,3.917,8.829,0.9557,2.193,0.1376,0.0926,0.7552,0.04893,0.0,0.0,0.0,0.0,0.0,0.0,0.0,0.0,0.0,0.0,0.0,0.5711,0.04294,0.5866,0.8713,0.2874,2.051,2.587,0.2216,0.144,1.3,0.06311,9.551E-6,4.25E-6,1.761E-4,2.42E-4,5.948E-5,4.044E-4,5.86E-5,4.395E-6,3.825E-6,3.185E-5,3.64E-6,
0.0,0.0,0.0,0.0,0.0,0.0,0.0,0.0,0.0,0.0,0.0,0.0,0.0,0.0,0.0,0.0,0.0,0.0,0.0,0.0,0.0,0.0,2.8E-6,0.01027,0.02685,0.7759,1.198,0.4592,1.121,0.2906,0.00786,0.009574,0.123,0.0191,0.0,0.0,0.0,0.0,0.0,0.0,0.0,0.0,0.0,0.0,0.0,0.0,0.0,0.0,0.0,0.0,0.0,0.0,0.0,0.0,0.0,0.0,2.2669999999999996E-22,0.0,5.055,9.104,1.471,28.44,0.005332,0.002811,0.03222,4.877,0.01045,0.0,0.0,0.0,0.0,0.0,0.0,0.0,0.0,0.0,0.0,0.0,0.0,0.0,0.0,0.0,0.0,0.0,0.0,0.0,0.0,0.0,0.0,0.0,0.0,0.0,0.0,0.0,0.0,0.0,0.0,0.0,0.0,0.0,0.0,0.0,0.0,0.0,0.0,0.0,0.0,0.0,0.0,0.0,0.0,0.0,0.0,1.0E-4,20650.0,9.55E25,3251.0,3741.0,896.7,197700.0,16690.0,1953.0,1498.0,12080.0,2200.0,0.5825,279.5,23.39,96.71,77.17,32.39,8.814,0.3284,0.2917,2.137,0.1233,0.1063,1651.0,28.49,64.24,23.47,45.75,3.661,0.2748,0.368,2.887,0.1793,19.58,0.3108,1.073,3.913,8.836,0.9564,2.193,0.1386,0.09469,0.7455,0.04942,0.0,0.0,0.0,0.0,0.0,0.0,0.0,0.0,0.0,0.0,0.0,0.5721,0.04294,0.589,0.8721,0.2889,2.051,2.588,0.223,0.1467,1.288,0.06387,9.575E-6,4.25E-6,1.761E-4,2.419E-4,5.96E-5,4.043E-4,5.86E-5,4.422E-6,3.888E-6,3.157E-5,3.678E-6,
0.0,0.0,0.0,0.0,0.0,0.0,0.0,0.0,0.0,0.0,0.0,0.0,0.0,0.0,0.0,0.0,0.0,0.0,0.0,0.0,0.0,0.0,2.8E-6,0.01027,0.02685,0.776,1.198,0.4593,1.121,0.2906,0.00786,0.009718,0.1225,0.01914,0.0,0.0,0.0,0.0,0.0,0.0,0.0,0.0,0.0,0.0,0.0,0.0,0.0,0.0,0.0,0.0,0.0,0.0,0.0,0.0,0.0,0.0,2.2669999999999996E-22,0.0,5.068,9.109,1.477,28.45,0.007433,0.003919,0.04492,4.828,0.01457,0.0,0.0,0.0,0.0,0.0,0.0,0.0,0.0,0.0,0.0,0.0,0.0,0.0,0.0,0.0,0.0,0.0,0.0,0.0,0.0,0.0,0.0,0.0,0.0,0.0,0.0,0.0,0.0,0.0,0.0,0.0,0.0,0.0,0.0,0.0,0.0,0.0,0.0,0.0,0.0,0.0,0.0,0.0,0.0,0.0,0.0,1.0E-4,20650.0,9.55E25,3263.0,3746.0,903.2,197700.0,16680.0,1960.0,1514.0,12030.0,2204.0,0.5825,279.5,23.39,96.71,77.17,32.39,8.813,0.3303,0.2948,2.124,0.1243,0.1063,1651.0,28.5,64.24,23.47,45.75,3.663,0.2743,0.3721,2.87,0.1806,19.58,0.3108,1.074,3.913,8.836,0.9568,2.192,0.1399,0.0958,0.741,0.04978,0.0,0.0,0.0,0.0,0.0,0.0,0.0,0.0,0.0,0.0,0.0,0.5721,0.04294,0.5905,0.8727,0.2897,2.051,2.586,0.2242,0.1487,1.283,0.06421,9.575E-6,4.25E-6,1.761E-4,2.419E-4,5.962E-5,4.042E-4,5.859E-5,4.437E-6,3.93E-6,3.144E-5,3.686E-6,
0.0,0.0,0.0,0.0,0.0,0.0,0.0,0.0,0.0,0.0,0.0,0.0,0.0,0.0,0.0,0.0,0.0,0.0,0.0,0.0,0.0,0.0,2.8E-6,0.01027,0.02685,0.7756,1.198,0.459,1.12,0.2906,0.007802,0.009095,0.1217,0.02152,0.0,0.0,0.0,0.0,0.0,0.0,0.0,0.0,0.0,0.0,0.0,0.0,0.0,0.0,0.0,0.0,0.0,0.0,0.0,0.0,0.0,0.0,2.2669999999999996E-22,0.0,5.033,9.094,1.459,28.44,0.001604,8.457E-4,0.02095,4.819,0.1354,0.0,0.0,0.0,0.0,0.0,0.0,0.0,0.0,0.0,0.0,0.0,0.0,0.0,0.0,0.0,0.0,0.0,0.0,0.0,0.0,0.0,0.0,0.0,0.0,0.0,0.0,0.0,0.0,0.0,0.0,0.0,0.0,0.0,0.0,0.0,0.0,0.0,0.0,0.0,0.0,0.0,0.0,0.0,0.0,0.0,0.0,1.0E-4,20650.0,9.55E25,3226.0,3730.0,884.3,197700.0,16680.0,1948.0,1510.0,11920.0,2410.0,0.5825,279.5,23.38,96.7,77.17,32.39,8.812,0.3284,0.2889,2.111,0.1666,0.1063,1651.0,28.49,64.24,23.47,45.75,3.662,0.2723,0.3634,2.853,0.2375,19.58,0.3108,1.071,3.912,8.834,0.9557,2.192,0.1391,0.09463,0.7354,0.0647,0.0,0.0,0.0,0.0,0.0,0.0,0.0,0.0,0.0,0.0,0.0,0.5721,0.04294,0.5865,0.8709,0.2876,2.05,2.586,0.2233,0.1474,1.267,0.09138,9.575E-6,4.25E-6,1.76E-4,2.419E-4,5.956E-5,4.04E-4,5.858E-5,4.418E-6,3.822E-6,3.117E-5,4.306E-6,
0.0,0.0,0.0,0.0,0.0,0.0,0.0,0.0,0.0,0.0,0.0,0.0,0.0,0.0,0.0,0.0,0.0,0.0,0.0,0.0,0.0,0.0,2.8E-6,0.01027,0.02685,0.7747,1.199,0.4591,1.119,0.2906,0.007957,0.008764,0.1233,0.01958,0.0,0.0,0.0,0.0,0.0,0.0,0.0,0.0,0.0,0.0,0.0,0.0,0.0,0.0,0.0,0.0,0.0,0.0,0.0,0.0,0.0,0.0,2.2669999999999996E-22,0.0,5.055,9.104,1.471,28.44,0.005423,0.00286,0.0134,4.887,0.01761,0.0,0.0,0.0,0.0,0.0,0.0,0.0,0.0,0.0,0.0,0.0,0.0,0.0,0.0,0.0,0.0,0.0,0.0,0.0,0.0,0.0,0.0,0.0,0.0,0.0,0.0,0.0,0.0,0.0,0.0,0.0,0.0,0.0,0.0,0.0,0.0,0.0,0.0,0.0,0.0,0.0,0.0,0.0,0.0,0.0,0.0,1.0E-4,20650.0,9.55E25,3246.0,3739.0,894.9,197700.0,16680.0,1961.0,1421.0,12140.0,2265.0,0.5825,279.5,23.39,96.71,77.17,32.39,8.812,0.3311,0.2894,2.126,0.1355,0.1063,1651.0,28.49,64.24,23.47,45.75,3.667,0.2744,0.364,2.869,0.1959,19.58,0.3108,1.073,3.913,8.836,0.9564,2.191,0.1401,0.09471,0.7414,0.05387,0.0,0.0,0.0,0.0,0.0,0.0,0.0,0.0,0.0,0.0,0.0,0.5721,0.04294,0.5885,0.8723,0.2888,2.05,2.585,0.2252,0.1382,1.291,0.07047,9.575E-6,4.25E-6,1.759E-4,2.421E-4,5.959E-5,4.039E-4,5.857E-5,4.451E-6,3.665E-6,3.167E-5,3.812E-6,
0.0,0.0,0.0,0.0,0.0,0.0,0.0,0.0,0.0,0.0,0.0,0.0,0.0,0.0,0.0,0.0,0.0,0.0,0.0,0.0,0.0,0.0,2.8E-6,0.01027,0.02685,0.7748,1.199,0.4592,1.119,0.2907,0.008099,0.00861,0.1229,0.01959,0.0,0.0,0.0,0.0,0.0,0.0,0.0,0.0,0.0,0.0,0.0,0.0,0.0,0.0,0.0,0.0,0.0,0.0,0.0,0.0,0.0,0.0,2.2669999999999996E-22,0.0,5.07,9.11,1.478,28.45,0.007795,0.00411,0.01926,4.838,0.02532,0.0,0.0,0.0,0.0,0.0,0.0,0.0,0.0,0.0,0.0,0.0,0.0,0.0,0.0,0.0,0.0,0.0,0.0,0.0,0.0,0.0,0.0,0.0,0.0,0.0,0.0,0.0,0.0,0.0,0.0,0.0,0.0,0.0,0.0,0.0,0.0,0.0,0.0,0.0,0.0,0.0,0.0,0.0,0.0,0.0,0.0,1.0E-4,20650.0,9.55E25,3260.0,3744.0,902.0,197600.0,16680.0,1981.0,1339.0,12180.0,2253.0,0.5825,279.5,23.39,96.71,77.17,32.39,8.813,0.3306,0.294,2.111,0.1361,0.1063,1651.0,28.5,64.24,23.47,45.75,3.672,0.2758,0.3725,2.842,0.1971,19.58,0.3108,1.074,3.913,8.836,0.9568,2.192,0.1396,0.09581,0.7374,0.05396,0.0,0.0,0.0,0.0,0.0,0.0,0.0,0.0,0.0,0.0,0.0,0.5721,0.04294,0.59,0.873,0.2897,2.05,2.585,0.2273,0.1288,1.295,0.07039,9.575E-6,4.25E-6,1.76E-4,2.421E-4,5.96E-5,4.038E-4,5.858E-5,4.495E-6,3.529E-6,3.167E-5,3.812E-6,
0.0,0.0,0.0,0.0,0.0,0.0,0.0,0.0,0.0,0.0,0.0,0.0,0.0,0.0,0.0,0.0,0.0,0.0,0.0,0.0,0.0,0.0,2.8E-6,0.01027,0.02685,0.7745,1.199,0.4591,1.118,0.2906,0.008002,0.007702,0.1244,0.0195,0.0,0.0,0.0,0.0,0.0,0.0,0.0,0.0,0.0,0.0,0.0,0.0,0.0,0.0,0.0,0.0,0.0,0.0,0.0,0.0,0.0,0.0,2.2669999999999996E-22,0.0,5.054,9.103,1.47,28.44,0.005185,0.002734,0.01281,4.898,0.01144,0.0,0.0,0.0,0.0,0.0,0.0,0.0,0.0,0.0,0.0,0.0,0.0,0.0,0.0,0.0,0.0,0.0,0.0,0.0,0.0,0.0,0.0,0.0,0.0,0.0,0.0,0.0,0.0,0.0,0.0,0.0,0.0,0.0,0.0,0.0,0.0,0.0,0.0,0.0,0.0,0.0,0.0,0.0,0.0,0.0,0.0,1.0E-4,20650.0,9.55E25,3243.0,3737.0,893.3,197600.0,16680.0,1970.0,1198.0,12380.0,2280.0,0.5825,279.5,23.39,96.71,77.17,32.39,8.813,0.3303,0.2925,2.125,0.1335,0.1063,1651.0,28.49,64.24,23.47,45.75,3.671,0.2754,0.3716,2.86,0.1937,19.58,0.3108,1.073,3.913,8.835,0.9564,2.191,0.1395,0.09508,0.7427,0.05308,0.0,0.0,0.0,0.0,0.0,0.0,0.0,0.0,0.0,0.0,0.0,0.5721,0.04294,0.5883,0.8722,0.2887,2.049,2.584,0.2258,0.1134,1.317,0.06948,9.575E-6,4.25E-6,1.759E-4,2.42E-4,5.958E-5,4.037E-4,5.857E-5,4.465E-6,3.228E-6,3.212E-5,3.79E-6,
0.0,0.0,0.0,0.0,0.0,0.0,0.0,0.0,0.0,0.0,0.0,0.0,0.0,0.0,0.0,0.0,0.0,0.0,0.0,0.0,0.0,0.0,2.8E-6,0.01027,0.02685,0.7746,1.199,0.4591,1.117,0.291,0.008079,0.008927,0.1221,0.01986,0.0,0.0,0.0,0.0,0.0,0.0,0.0,0.0,0.0,0.0,0.0,0.0,0.0,0.0,0.0,0.0,0.0,0.0,0.0,0.0,0.0,0.0,2.2669999999999996E-22,0.0,5.067,9.109,1.477,28.45,0.0386,0.0117,0.1158,4.702,0.0311,0.0,0.0,0.0,0.0,0.0,0.0,0.0,0.0,0.0,0.0,0.0,0.0,0.0,0.0,0.0,0.0,0.0,0.0,0.0,0.0,0.0,0.0,0.0,0.0,0.0,0.0,0.0,0.0,0.0,0.0,0.0,0.0,0.0,0.0,0.0,0.0,0.0,0.0,0.0,0.0,0.0,0.0,0.0,0.0,0.0,0.0,1.0E-4,20650.0,9.55E25,3254.0,3740.0,899.0,197600.0,16710.0,1981.0,1316.0,12160.0,2307.0,0.5825,279.5,23.39,96.71,77.17,32.39,8.82,0.3341,0.3201,2.073,0.1398,0.1063,1651.0,28.5,64.24,23.47,45.75,3.684,0.278,0.4098,2.786,0.2032,19.58,0.3108,1.074,3.913,8.836,0.9567,2.193,0.1417,0.1046,0.7249,0.05504,0.0,0.0,0.0,0.0,0.0,0.0,0.0,0.0,0.0,0.0,0.0,0.5721,0.04294,0.5895,0.8727,0.2894,2.049,2.587,0.2277,0.1267,1.293,0.07295,9.575E-6,4.25E-6,1.759E-4,2.42E-4,5.959E-5,4.036E-4,5.866E-5,4.493E-6,3.54E-6,3.155E-5,3.877E-6,
0.0,0.0,0.0,0.0,0.0,0.0,0.0,0.0,0.0,0.0,0.0,0.0,0.0,0.0,0.0,0.0,0.0,0.0,0.0,0.0,0.0,0.0,2.8E-6,0.01027,0.02685,0.7746,1.199,0.4591,1.117,0.291,0.00811,0.00791,0.1257,0.01721,0.0,0.0,0.0,0.0,0.0,0.0,0.0,0.0,0.0,0.0,0.0,0.0,0.0,0.0,0.0,0.0,0.0,0.0,0.0,0.0,0.0,0.0,2.2669999999999996E-22,0.0,5.07,9.11,1.478,28.45,0.04099,0.01243,0.01944,4.787,0.03303,0.0,0.0,0.0,0.0,0.0,0.0,0.0,0.0,0.0,0.0,0.0,0.0,0.0,0.0,0.0,0.0,0.0,0.0,0.0,0.0,0.0,0.0,0.0,0.0,0.0,0.0,0.0,0.0,0.0,0.0,0.0,0.0,0.0,0.0,0.0,0.0,0.0,0.0,0.0,0.0,0.0,0.0,0.0,0.0,0.0,0.0,1.0E-4,20650.0,9.55E25,3256.0,3741.0,900.2,197600.0,16710.0,1983.0,1216.0,12350.0,2218.0,0.5825,279.5,23.39,96.71,77.17,32.39,8.82,0.3358,0.2942,2.102,0.1329,0.1063,1651.0,28.5,64.24,23.47,45.75,3.685,0.2795,0.375,2.831,0.1887,19.58,0.3108,1.074,3.913,8.836,0.9568,2.193,0.1426,0.09545,0.7347,0.05321,0.0,0.0,0.0,0.0,0.0,0.0,0.0,0.0,0.0,0.0,0.0,0.5721,0.04294,0.5898,0.8728,0.2896,2.049,2.586,0.2281,0.1159,1.308,0.06909,9.575E-6,4.25E-6,1.759E-4,2.42E-4,5.959E-5,4.035E-4,5.864E-5,4.5E-6,3.284E-6,3.216E-5,3.509E-6,
0.0,0.0,0.0,0.0,0.0,0.0,0.0,0.0,0.0,0.0,0.0,0.0,0.0,0.0,0.0,0.0,0.0,0.0,0.0,0.0,0.0,0.0,2.8E-6,0.01027,0.02685,0.7744,1.199,0.459,1.116,0.2906,0.008297,0.008169,0.1259,0.01706,0.0,0.0,0.0,0.0,0.0,0.0,0.0,0.0,0.0,0.0,0.0,0.0,0.0,0.0,0.0,0.0,0.0,0.0,0.0,0.0,0.0,0.0,2.2669999999999996E-22,0.0,5.058,9.105,1.472,28.44,0.002769,0.02641,0.03589,4.835,0.02148,0.0,0.0,0.0,0.0,0.0,0.0,0.0,0.0,0.0,0.0,0.0,0.0,0.0,0.0,0.0,0.0,0.0,0.0,0.0,0.0,0.0,0.0,0.0,0.0,0.0,0.0,0.0,0.0,0.0,0.0,0.0,0.0,0.0,0.0,0.0,0.0,0.0,0.0,0.0,0.0,0.0,0.0,0.0,0.0,0.0,0.0,1.0E-4,20650.0,9.55E25,3246.0,3736.0,895.1,197600.0,16680.0,1993.0,1242.0,12390.0,2189.0,0.5825,279.5,23.39,96.71,77.17,32.39,8.813,0.3374,0.3,2.11,0.1319,0.1063,1651.0,28.49,64.24,23.47,45.75,3.674,0.2843,0.3822,2.841,0.1877,19.58,0.3108,1.073,3.913,8.836,0.9565,2.19,0.1427,0.09755,0.7378,0.05275,0.0,0.0,0.0,0.0,0.0,0.0,0.0,0.0,0.0,0.0,0.0,0.5721,0.04294,0.5888,0.8723,0.289,2.048,2.583,0.2291,0.119,1.311,0.06754,9.575E-6,4.25E-6,1.759E-4,2.42E-4,5.957E-5,4.033E-4,5.856E-5,4.535E-6,3.354E-6,3.223E-5,3.471E-6,
0.0,0.0,0.0,0.0,0.0,0.0,0.0,0.0,0.0,0.0,0.0,0.0,0.0,0.0,0.0,0.0,0.0,0.0,0.0,0.0,0.0,0.0,2.8E-6,0.01027,0.02685,0.7743,1.199,0.459,1.115,0.2908,0.008359,0.008106,0.1258,0.01701,0.0,0.0,0.0,0.0,0.0,0.0,0.0,0.0,0.0,0.0,0.0,0.0,0.0,0.0,0.0,0.0,0.0,0.0,0.0,0.0,0.0,0.0,2.2669999999999996E-22,0.0,5.061,9.106,1.474,28.44,0.002997,0.02859,0.03885,4.821,0.02325,0.0,0.0,0.0,0.0,0.0,0.0,0.0,0.0,0.0,0.0,0.0,0.0,0.0,0.0,0.0,0.0,0.0,0.0,0.0,0.0,0.0,0.0,0.0,0.0,0.0,0.0,0.0,0.0,0.0,0.0,0.0,0.0,0.0,0.0,0.0,0.0,0.0,0.0,0.0,0.0,0.0,0.0,0.0,0.0,0.0,0.0,1.0E-4,20660.0,9.55E25,3248.0,3735.0,895.7,197600.0,16690.0,1996.0,1241.0,12380.0,2175.0,0.5827,279.5,23.39,96.71,77.17,32.39,8.816,0.3353,0.3006,2.107,0.1322,0.1064,1651.0,28.49,64.24,23.47,45.75,3.676,0.2852,0.3814,2.836,0.1882,19.58,0.3108,1.073,3.913,8.836,0.9565,2.192,0.1414,0.09806,0.7365,0.0527,0.0,0.0,0.0,0.0,0.0,0.0,0.0,0.0,0.0,0.0,0.0,0.5721,0.04294,0.5892,0.8723,0.2891,2.048,2.584,0.2291,0.1186,1.309,0.06709,9.576E-6,4.25E-6,1.759E-4,2.42E-4,5.956E-5,4.031E-4,5.861E-5,4.541E-6,3.339E-6,3.219E-5,3.457E-6,
0.0,0.0,0.0,0.0,0.0,0.0,0.0,0.0,0.0,0.0,0.0,0.0,0.0,0.0,0.0,0.0,0.0,0.0,0.0,0.0,0.0,0.0,2.8E-6,0.01035,0.02685,0.7742,1.199,0.4589,1.115,0.2907,0.008412,0.007988,0.1263,0.01667,0.0,0.0,0.0,0.0,0.0,0.0,0.0,0.0,0.0,0.0,0.0,0.0,0.0,0.0,0.0,0.0,0.0,0.0,0.0,0.0,0.0,0.0,2.2669999999999996E-22,0.0,5.055,9.104,1.471,28.44,0.002547,0.0243,0.03302,4.866,0.001745,0.0,0.0,0.0,0.0,0.0,0.0,0.0,0.0,0.0,0.0,0.0,0.0,0.0,0.0,0.0,0.0,0.0,0.0,0.0,0.0,0.0,0.0,0.0,0.0,0.0,0.0,0.0,0.0,0.0,0.0,0.0,0.0,0.0,0.0,0.0,0.0,0.0,0.0,0.0,0.0,0.0,0.0,0.0,0.0,0.0,0.0,1.0E-4,20670.0,9.55E25,3242.0,3732.0,893.0,197500.0,16680.0,2001.0,1230.0,12440.0,2131.0,0.5856,279.5,23.39,96.68,77.2,32.39,8.816,0.3347,0.2991,2.119,0.1224,0.1093,1651.0,28.49,64.07,23.64,45.75,3.676,0.286,0.3768,2.852,0.1773,19.58,0.3108,1.073,3.911,8.837,0.9564,2.192,0.1409,0.09795,0.7412,0.04889,0.0,0.0,0.0,0.0,0.0,0.0,0.0,0.0,0.0,0.0,0.0,0.5734,0.04294,0.5885,0.8719,0.2889,2.048,2.584,0.2295,0.1178,1.315,0.06249,9.601E-6,4.25E-6,1.759E-4,2.419E-4,5.96E-5,4.031E-4,5.86E-5,4.553E-6,3.314E-6,3.232E-5,3.358E-6,
0.0,0.0,0.0,0.0,0.0,0.0,0.0,0.0,0.0,0.0,0.0,0.0,0.0,0.0,0.0,0.0,0.0,0.0,0.0,0.0,0.0,0.0,2.8E-6,0.01035,0.02685,0.7741,1.198,0.4589,1.114,0.2921,0.008383,0.008288,0.1261,0.01525,0.0,0.0,0.0,0.0,0.0,0.0,0.0,0.0,0.0,0.0,0.0,0.0,0.0,0.0,0.0,0.0,0.0,0.0,0.0,0.0,0.0,0.0,2.2669999999999996E-22,0.0,5.054,9.103,1.47,28.44,0.01107,7.3E-4,0.009254,4.889,0.01947,0.0,0.0,0.0,0.0,0.0,0.0,0.0,0.0,0.0,0.0,0.0,0.0,0.0,0.0,0.0,0.0,0.0,0.0,0.0,0.0,0.0,0.0,0.0,0.0,0.0,0.0,0.0,0.0,0.0,0.0,0.0,0.0,0.0,0.0,0.0,0.0,0.0,0.0,0.0,0.0,0.0,0.0,0.0,0.0,0.0,0.0,1.0E-4,20670.0,9.55E25,3236.0,3728.0,890.6,197500.0,16690.0,1959.0,1216.0,12490.0,2154.0,0.5856,279.5,23.39,96.5,77.38,32.39,8.819,0.3301,0.2931,2.122,0.1276,0.1093,1651.0,28.49,63.67,24.04,45.75,3.686,0.2795,0.3722,2.847,0.1843,19.58,0.3108,1.073,3.905,8.843,0.9564,2.192,0.1393,0.09531,0.7439,0.0507,0.0,0.0,0.0,0.0,0.0,0.0,0.0,0.0,0.0,0.0,0.0,0.5734,0.04294,0.588,0.8715,0.2888,2.047,2.583,0.2254,0.1157,1.321,0.0649,9.601E-6,4.25E-6,1.758E-4,2.419E-4,5.963E-5,4.029E-4,5.875E-5,4.497E-6,3.325E-6,3.238E-5,3.219E-6,
0.0,0.0,0.0,0.0,0.0,0.0,0.0,0.0,0.0,0.0,0.0,0.0,0.0,0.0,0.0,0.0,0.0,0.0,0.0,0.0,0.0,0.0,2.8E-6,0.01035,0.02685,0.7741,1.198,0.4589,1.113,0.2922,0.008303,0.008583,0.1253,0.01546,0.0,0.0,0.0,0.0,0.0,0.0,0.0,0.0,0.0,0.0,0.0,0.0,0.0,0.0,0.0,0.0,0.0,0.0,0.0,0.0,0.0,0.0,2.2669999999999996E-22,0.0,5.154,9.603,1.52,28.82,0.01571,0.001036,0.01313,4.842,0.02763,0.0,0.0,0.0,0.0,0.0,0.0,0.0,0.0,0.0,0.0,0.0,0.0,0.0,0.0,0.0,0.0,0.0,0.0,0.0,0.0,0.0,0.0,0.0,0.0,0.0,0.0,0.0,0.0,0.0,0.0,0.0,0.0,0.0,0.0,0.0,0.0,0.0,0.0,0.0,0.0,0.0,0.0,0.0,0.0,0.0,0.0,1.0E-4,20670.0,9.55E25,3248.0,3733.0,896.6,197500.0,16710.0,1945.0,1244.0,12400.0,2225.0,0.5856,279.5,23.39,96.5,77.38,32.39,8.821,0.3292,0.2943,2.11,0.1297,0.1093,1651.0,28.5,63.68,24.04,45.75,3.69,0.2775,0.3744,2.83,0.1871,19.58,0.3108,1.074,3.905,8.844,0.9567,2.192,0.1391,0.0956,0.7396,0.0515,0.0,0.0,0.0,0.0,0.0,0.0,0.0,0.0,0.0,0.0,0.0,0.5733,0.04294,0.5894,0.8721,0.2895,2.047,2.584,0.2243,0.1187,1.312,0.0671,9.6E-6,4.25E-6,1.759E-4,2.418E-4,5.964E-5,4.027E-4,5.877E-5,4.473E-6,3.398E-6,3.218E-5,3.271E-6,
0.0,0.0,0.0,0.0,0.0,0.0,0.0,0.0,0.0,0.0,0.0,0.0,0.0,0.0,0.0,0.0,0.0,0.0,0.0,0.0,0.0,0.0,2.8E-6,0.01035,0.02685,0.774,1.196,0.4616,1.112,0.2922,0.008484,0.008387,0.1254,0.01539,0.0,0.0,0.0,0.0,0.0,0.0,0.0,0.0,0.0,0.0,0.0,0.0,0.0,0.0,0.0,0.0,0.0,0.0,0.0,0.0,0.0,0.0,2.2669999999999996E-22,0.0,5.157,9.604,1.521,28.82,0.01646,0.001085,0.01376,4.834,0.02895,0.0,0.0,0.0,0.0,0.0,0.0,0.0,0.0,0.0,0.0,0.0,0.0,0.0,0.0,0.0,0.0,0.0,0.0,0.0,0.0,0.0,0.0,0.0,0.0,0.0,0.0,0.0,0.0,0.0,0.0,0.0,0.0,0.0,0.0,0.0,0.0,0.0,0.0,0.0,0.0,0.0,0.0,0.0,0.0,0.0,0.0,1.0E-4,20670.0,9.55E25,3231.0,3751.0,898.0,197500.0,16710.0,1961.0,1219.0,12490.0,2142.0,0.5856,279.5,23.39,96.36,77.52,32.39,8.821,0.3301,0.2942,2.108,0.13,0.1093,1651.0,28.5,63.47,24.25,45.75,3.69,0.2823,0.3722,2.825,0.1875,19.58,0.3108,1.074,3.9,8.849,0.9568,2.192,0.1388,0.09593,0.7391,0.05157,0.0,0.0,0.0,0.0,0.0,0.0,0.0,0.0,0.0,0.0,0.0,0.5733,0.04294,0.5891,0.8722,0.2901,2.047,2.584,0.2255,0.1161,1.314,0.06628,9.6E-6,4.25E-6,1.757E-4,2.418E-4,5.981E-5,4.026E-4,5.877E-5,4.51E-6,3.34E-6,3.22E-5,3.252E-6,
0.0,0.0,0.0,0.0,0.0,0.0,0.0,0.0,0.0,0.0,0.0,0.0,0.0,0.0,0.0,0.0,0.0,0.0,0.0,0.0,0.0,0.0,2.8E-6,0.01035,0.02685,0.7602,1.187,0.4618,1.122,0.3012,0.00923,0.008475,0.1269,0.0158,0.0,0.0,0.0,0.0,0.0,0.0,0.0,0.0,0.0,0.0,0.0,0.0,0.0,0.0,0.0,0.0,0.0,0.0,0.0,0.0,0.0,0.0,2.2669999999999996E-22,0.0,5.102,9.567,1.502,28.85,0.003269,2.156E-4,0.002733,4.972,7.27E-4,0.0,0.0,0.0,0.0,0.0,0.0,0.0,0.0,0.0,0.0,0.0,0.0,0.0,0.0,0.0,0.0,0.0,0.0,0.0,0.0,0.0,0.0,0.0,0.0,0.0,0.0,0.0,0.0,0.0,0.0,0.0,0.0,0.0,0.0,0.0,0.0,0.0,0.0,0.0,0.0,0.0,0.0,0.0,0.0,0.0,0.0,1.0E-4,20670.0,9.55E25,3224.0,3764.0,879.6,197400.0,16670.0,1971.0,1175.0,12670.0,2107.0,0.5856,279.5,23.37,96.34,77.51,32.43,8.809,0.3306,0.2929,2.136,0.1264,0.1093,1651.0,28.4,63.36,24.24,45.94,3.696,0.2887,0.3649,2.855,0.1824,19.58,0.3108,1.074,3.899,8.848,0.9573,2.184,0.138,0.09635,0.7508,0.0503,0.0,0.0,0.0,0.0,0.0,0.0,0.0,0.0,0.0,0.0,0.0,0.5733,0.04294,0.5867,0.8732,0.2882,2.04,2.58,0.2267,0.1123,1.332,0.06467,9.6E-6,4.25E-6,1.741E-4,2.412E-4,5.983E-5,4.028E-4,6.011E-5,4.632E-6,3.314E-6,3.263E-5,3.301E-6,
0.0,0.0,0.0,0.0,0.0,0.0,0.0,0.0,0.0,0.0,0.0,0.0,0.0,0.0,0.0,0.0,0.0,0.0,0.0,0.0,0.0,0.0,2.8E-6,0.01035,0.02685,0.7595,1.187,0.4614,1.123,0.3014,0.009036,0.008787,0.1266,0.01503,0.0,0.0,0.0,0.0,0.0,0.0,0.0,0.0,0.0,0.0,0.0,0.0,0.0,0.0,0.0,0.0,0.0,0.0,0.0,0.0,0.0,0.0,2.2669999999999996E-22,0.0,5.138,9.583,1.52,28.86,0.01583,0.001044,0.01323,4.865,0.003519,0.0,0.0,0.0,0.0,0.0,0.0,0.0,0.0,0.0,0.0,0.0,0.0,0.0,0.0,0.0,0.0,0.0,0.0,0.0,0.0,0.0,0.0,0.0,0.0,0.0,0.0,0.0,0.0,0.0,0.0,0.0,0.0,0.0,0.0,0.0,0.0,0.0,0.0,0.0,0.0,0.0,0.0,0.0,0.0,0.0,0.0,1.0E-4,20680.0,9.55E25,3375.0,3779.0,966.3,197200.0,16690.0,1940.0,1213.0,12570.0,2090.0,0.5856,279.5,23.38,96.34,77.52,32.43,8.813,0.3285,0.2968,2.109,0.1268,0.1093,1651.0,28.41,63.36,24.25,45.94,3.702,0.2864,0.3712,2.82,0.1803,19.58,0.3108,1.077,3.9,8.849,0.9577,2.186,0.1373,0.09762,0.7408,0.05089,0.0,0.0,0.0,0.0,0.0,0.0,0.0,0.0,0.0,0.0,0.0,0.5733,0.04294,0.5907,0.8749,0.2903,2.04,2.582,0.2226,0.1165,1.322,0.06402,9.6E-6,4.25E-6,1.74E-4,2.412E-4,5.979E-5,4.029E-4,6.015E-5,4.558E-6,3.405E-6,3.246E-5,3.2E-6,
0.0,0.0,0.0,0.0,0.0,0.0,0.0,0.0,0.0,0.0,0.0,0.0,0.0,0.0,0.0,0.0,0.0,0.0,0.0,0.0,0.0,0.0,2.8E-6,0.01035,0.02685,0.7593,1.187,0.4613,1.122,0.3014,0.009148,0.009683,0.1257,0.01524,0.0,0.0,0.0,0.0,0.0,0.0,0.0,0.0,0.0,0.0,0.0,0.0,0.0,0.0,0.0,0.0,0.0,0.0,0.0,0.0,0.0,0.0,2.2669999999999996E-22,0.0,5.233,9.706,1.513,29.62,0.01557,0.0102,0.08032,4.795,0.03083,0.0,0.0,0.0,0.0,0.0,0.0,0.0,0.0,0.0,0.0,0.0,0.0,0.0,0.0,0.0,0.0,0.0,0.0,0.0,0.0,0.0,0.0,0.0,0.0,0.0,0.0,0.0,0.0,0.0,0.0,0.0,0.0,0.0,0.0,0.0,0.0,0.0,0.0,0.0,0.0,0.0,0.0,0.0,0.0,0.0,0.0,1.0E-4,20680.0,9.55E25,3357.0,3770.0,957.2,197200.0,16700.0,1946.0,1303.0,12490.0,2107.0,0.5856,279.5,23.38,96.34,77.52,32.43,8.816,0.3301,0.3145,2.093,0.1299,0.1093,1651.0,28.4,63.36,24.25,45.94,3.705,0.2897,0.3957,2.796,0.1842,19.58,0.3108,1.076,3.9,8.849,0.9573,2.187,0.1376,0.1037,0.7355,0.052,0.0,0.0,0.0,0.0,0.0,0.0,0.0,0.0,0.0,0.0,0.0,0.5733,0.04294,0.5889,0.874,0.2894,2.039,2.583,0.2231,0.1258,1.313,0.06645,9.6E-6,4.25E-6,1.74E-4,2.412E-4,5.976E-5,4.027E-4,6.017E-5,4.578E-6,3.63E-6,3.224E-5,3.255E-6,
0.0,0.0,0.0,0.0,0.0,0.0,0.0,0.0,0.0,0.0,0.0,0.0,0.0,0.0,0.0,0.0,0.0,0.0,0.0,0.0,0.0,0.0,2.8E-6,0.01035,0.02685,0.7595,1.187,0.4614,1.122,0.3015,0.009148,0.009032,0.1258,0.01532,0.0,0.0,0.0,0.0,0.0,0.0,0.0,0.0,0.0,0.0,0.0,0.0,0.0,0.0,0.0,0.0,0.0,0.0,0.0,0.0,0.0,0.0,2.2669999999999996E-22,0.0,5.248,9.712,1.52,29.62,0.02338,0.01532,0.02126,4.81,0.02767,0.0,0.0,0.0,0.0,0.0,0.0,0.0,0.0,0.0,0.0,0.0,0.0,0.0,0.0,0.0,0.0,0.0,0.0,0.0,0.0,0.0,0.0,0.0,0.0,0.0,0.0,0.0,0.0,0.0,0.0,0.0,0.0,0.0,0.0,0.0,0.0,0.0,0.0,0.0,0.0,0.0,0.0,0.0,0.0,0.0,0.0,1.0E-4,20680.0,9.55E25,3373.0,3775.0,965.7,197200.0,16710.0,1947.0,1233.0,12530.0,2092.0,0.5856,279.5,23.38,96.3,77.56,32.43,8.819,0.3313,0.2984,2.093,0.1325,0.1093,1651.0,28.41,63.09,24.53,45.94,3.709,0.2916,0.3746,2.797,0.1876,19.58,0.3108,1.077,3.898,8.852,0.9578,2.188,0.138,0.09792,0.7358,0.05289,0.0,0.0,0.0,0.0,0.0,0.0,0.0,0.0,0.0,0.0,0.0,0.5733,0.04294,0.5906,0.8745,0.2905,2.039,2.584,0.2226,0.119,1.314,0.06724,9.6E-6,4.25E-6,1.74E-4,2.411E-4,5.985E-5,4.026E-4,6.02E-5,4.572E-6,3.466E-6,3.227E-5,3.274E-6,
0.0,0.0,0.0,0.0,0.0,0.0,0.0,0.0,0.0,0.0,0.0,0.0,0.0,0.0,0.0,0.0,0.0,0.0,0.0,0.0,0.0,0.0,2.8E-6,0.01035,0.02685,0.7591,1.187,0.4612,1.122,0.3014,0.009107,0.009059,0.127,0.01507,0.0,0.0,0.0,0.0,0.0,0.0,0.0,0.0,0.0,0.0,0.0,0.0,0.0,0.0,0.0,0.0,0.0,0.0,0.0,0.0,0.0,0.0,2.2669999999999996E-22,0.0,5.212,9.696,1.502,29.61,0.00468,0.007227,0.009455,4.958,2.805E-4,0.0,0.0,0.0,0.0,0.0,0.0,0.0,0.0,0.0,0.0,0.0,0.0,0.0,0.0,0.0,0.0,0.0,0.0,0.0,0.0,0.0,0.0,0.0,0.0,0.0,0.0,0.0,0.0,0.0,0.0,0.0,0.0,0.0,0.0,0.0,0.0,0.0,0.0,0.0,0.0,0.0,0.0,0.0,0.0,0.0,0.0,1.0E-4,20680.0,9.55E25,3336.0,3759.0,947.0,197200.0,16690.0,1945.0,1235.0,12670.0,2047.0,0.5856,279.5,23.38,96.3,77.56,32.42,8.815,0.3308,0.2956,2.126,0.1278,0.1093,1651.0,28.4,63.08,24.52,45.94,3.705,0.2903,0.3717,2.84,0.1813,19.58,0.3108,1.074,3.896,8.851,0.9568,2.186,0.1379,0.09678,0.7476,0.05123,0.0,0.0,0.0,0.0,0.0,0.0,0.0,0.0,0.0,0.0,0.0,0.5733,0.04294,0.5867,0.8728,0.2885,2.038,2.582,0.2223,0.1192,1.327,0.06457,9.6E-6,4.25E-6,1.739E-4,2.411E-4,5.98E-5,4.025E-4,6.016E-5,4.563E-6,3.472E-6,3.258E-5,3.211E-6,
0.0,0.0,0.0,0.0,0.0,0.0,0.0,0.0,0.0,0.0,0.0,0.0,0.0,0.0,0.0,0.0,0.0,0.0,0.0,0.0,0.0,0.0,2.8E-6,0.01045,0.02685,0.7594,1.187,0.4613,1.121,0.3016,0.01059,0.008276,0.1306,0.009705,0.0,0.0,0.0,0.0,0.0,0.0,0.0,0.0,0.0,0.0,0.0,0.0,0.0,0.0,0.0,0.0,0.0,0.0,0.0,0.0,0.0,0.0,2.2669999999999996E-22,0.0,5.247,9.712,1.52,29.62,0.02256,0.03483,0.04557,4.797,0.001352,0.0,0.0,0.0,0.0,0.0,0.0,0.0,0.0,0.0,0.0,0.0,0.0,0.0,0.0,0.0,0.0,0.0,0.0,0.0,0.0,0.0,0.0,0.0,0.0,0.0,0.0,0.0,0.0,0.0,0.0,0.0,0.0,0.0,0.0,0.0,0.0,0.0,0.0,0.0,0.0,0.0,0.0,0.0,0.0,0.0,0.0,1.0E-4,20700.0,9.55E25,3369.0,3773.0,963.9,197200.0,16710.0,2005.0,1225.0,12630.0,1930.0,0.5882,279.5,23.38,96.3,77.56,32.43,8.819,0.3406,0.3032,2.088,0.1213,0.1126,1651.0,28.41,63.09,24.53,45.94,3.712,0.3076,0.3805,2.793,0.1643,19.58,0.3108,1.077,3.898,8.852,0.9577,2.187,0.1408,0.09977,0.7339,0.05024,0.0,0.0,0.0,0.0,0.0,0.0,0.0,0.0,0.0,0.0,0.0,0.5745,0.04294,0.5903,0.8744,0.2903,2.039,2.583,0.2285,0.1181,1.317,0.05905,9.626E-6,4.25E-6,1.74E-4,2.411E-4,5.984E-5,4.025E-4,6.02E-5,4.817E-6,3.365E-6,3.289E-5,2.501E-6,
0.0,0.0,0.0,0.0,0.0,0.0,0.0,0.0,0.0,0.0,0.0,0.0,0.0,0.0,0.0,0.0,0.0,0.0,0.0,0.0,0.0,0.0,2.8E-6,0.01045,0.02685,0.7594,1.187,0.4613,1.121,0.3016,0.01056,0.008327,0.1306,0.009673,0.0,0.0,0.0,0.0,0.0,0.0,0.0,0.0,0.0,0.0,0.0,0.0,0.0,0.0,0.0,0.0,0.0,0.0,0.0,0.0,0.0,0.0,2.2669999999999996E-22,0.0,5.249,9.712,1.52,29.62,0.02346,0.03622,0.04739,4.789,0.001406,0.0,0.0,0.0,0.0,0.0,0.0,0.0,0.0,0.0,0.0,0.0,0.0,0.0,0.0,0.0,0.0,0.0,0.0,0.0,0.0,0.0,0.0,0.0,0.0,0.0,0.0,0.0,0.0,0.0,0.0,0.0,0.0,0.0,0.0,0.0,0.0,0.0,0.0,0.0,0.0,0.0,0.0,0.0,0.0,0.0,0.0,1.0E-4,20700.0,9.55E25,3371.0,3773.0,965.1,197100.0,16710.0,2004.0,1231.0,12650.0,1891.0,0.5882,279.5,23.38,96.17,77.69,32.43,8.821,0.3397,0.3037,2.087,0.121,0.1126,1651.0,28.41,62.89,24.73,45.94,3.714,0.3065,0.3811,2.791,0.1633,19.58,0.3108,1.077,3.894,8.856,0.9578,2.188,0.1404,0.09994,0.7333,0.05017,0.0,0.0,0.0,0.0,0.0,0.0,0.0,0.0,0.0,0.0,0.0,0.5745,0.04294,0.5905,0.8744,0.2905,2.039,2.584,0.2283,0.1188,1.316,0.05886,9.626E-6,4.25E-6,1.74E-4,2.411E-4,5.985E-5,4.024E-4,6.021E-5,4.81E-6,3.38E-6,3.287E-5,2.495E-6,
0.0,0.0,0.0,0.0,0.0,0.0,0.0,0.0,0.0,0.0,0.0,0.0,0.0,0.0,0.0,0.0,0.0,0.0,0.0,0.0,0.0,0.0,2.8E-6,0.01054,0.02685,0.741,1.147,0.4525,1.177,0.3117,0.01088,0.00847,0.1304,0.009664,0.0,0.0,0.0,0.0,0.0,0.0,0.0,0.0,0.0,0.0,0.0,0.0,0.0,0.0,0.0,0.0,0.0,0.0,0.0,0.0,0.0,0.0,2.2669999999999996E-22,0.0,4.631,9.612,1.497,30.36,0.02346,0.03622,0.04739,4.789,0.001406,0.0,0.0,0.0,0.0,0.0,0.0,0.0,0.0,0.0,0.0,0.0,0.0,0.0,0.0,0.0,0.0,0.0,0.0,0.0,0.0,0.0,0.0,0.0,0.0,0.0,0.0,0.0,0.0,0.0,0.0,0.0,0.0,0.0,0.0,0.0,0.0,0.0,0.0,0.0,0.0,0.0,0.0,0.0,0.0,0.0,0.0,1.0E-4,20700.0,9.55E25,3360.0,3761.0,961.9,197200.0,16720.0,1981.0,1250.0,12650.0,1915.0,0.5905,279.5,22.96,95.98,77.71,33.02,8.829,0.3369,0.3051,2.088,0.1164,0.1157,1651.0,26.84,63.62,24.98,46.5,3.728,0.3058,0.3833,2.79,0.1604,19.58,0.3108,1.064,3.879,8.875,0.9673,2.189,0.1387,0.1003,0.7343,0.04789,0.0,0.0,0.0,0.0,0.0,0.0,0.0,0.0,0.0,0.0,0.0,0.5754,0.04294,0.5827,0.8737,0.2905,2.044,2.588,0.2257,0.1209,1.317,0.05659,9.649E-6,4.25E-6,1.702E-4,2.415E-4,6.006E-5,4.038E-4,6.182E-5,4.833E-6,3.423E-6,3.286E-5,2.468E-6,
0.0,0.0,0.0,0.0,0.0,0.0,0.0,0.0,0.0,0.0,0.0,0.0,0.0,0.0,0.0,0.0,0.0,0.0,0.0,0.0,0.0,0.0,2.8E-6,0.01054,0.02685,0.7409,1.147,0.4524,1.177,0.3099,0.01006,0.007793,0.1346,0.009029,0.0,0.0,0.0,0.0,0.0,0.0,0.0,0.0,0.0,0.0,0.0,0.0,0.0,0.0,0.0,0.0,0.0,0.0,0.0,0.0,0.0,0.0,2.266E-22,0.0,4.619,9.607,1.49,30.36,0.007448,0.00279,0.01409,4.884,0.01743,0.0,0.0,0.0,0.0,0.0,0.0,0.0,0.0,0.0,0.0,0.0,0.0,0.0,0.0,0.0,0.0,0.0,0.0,0.0,0.0,0.0,0.0,0.0,0.0,0.0,0.0,0.0,0.0,0.0,0.0,0.0,0.0,0.0,0.0,0.0,0.0,0.0,0.0,0.0,0.0,0.0,0.0,0.0,0.0,0.0,0.0,1.0E-4,20700.0,9.55E25,3346.0,3754.0,955.0,197100.0,16700.0,1927.0,1222.0,12770.0,2051.0,0.5905,279.5,22.95,95.98,77.71,33.02,8.827,0.3268,0.2981,2.105,0.1249,0.1157,1651.0,26.84,63.62,24.98,46.5,3.723,0.2925,0.3746,2.816,0.1703,19.58,0.3108,1.063,3.879,8.875,0.967,2.189,0.135,0.09778,0.7399,0.05118,0.0,0.0,0.0,0.0,0.0,0.0,0.0,0.0,0.0,0.0,0.0,0.5754,0.04294,0.5812,0.873,0.2898,2.043,2.586,0.2207,0.118,1.326,0.06042,9.648E-6,4.25E-6,1.702E-4,2.415E-4,6.004E-5,4.036E-4,6.156E-5,4.683E-6,3.307E-6,3.347E-5,2.441E-6,
0.0,0.0,0.0,0.0,0.0,0.0,0.0,0.0,0.0,0.0,0.0,0.0,0.0,0.0,0.0,0.0,0.0,0.0,0.0,0.0,0.0,0.0,2.8E-6,0.01054,0.02685,0.7424,1.134,0.4534,1.187,0.3098,0.01019,0.0662,0.07666,0.008359,0.0,0.0,0.0,0.0,0.0,0.0,0.0,0.0,0.0,0.0,0.0,0.0,0.0,0.0,0.0,0.0,0.0,0.0,0.0,0.0,0.0,0.0,2.266E-22,0.0,4.703,8.917,1.543,30.92,0.008357,0.00313,4.041,0.8437,0.01956,0.0,0.0,0.0,0.0,0.0,0.0,0.0,0.0,0.0,0.0,0.0,0.0,0.0,0.0,0.0,0.0,0.0,0.0,0.0,0.0,0.0,0.0,0.0,0.0,0.0,0.0,0.0,0.0,0.0,0.0,0.0,0.0,0.0,0.0,0.0,0.0,0.0,0.0,0.0,0.0,0.0,0.0,0.0,0.0,0.0,0.0,1.0E-4,20700.0,9.55E25,3352.0,3744.0,957.9,197100.0,16700.0,1932.0,6641.0,7335.0,2054.0,0.5905,279.5,22.82,97.13,77.62,32.08,8.826,0.3288,1.459,0.9397,0.1263,0.1157,1651.0,26.34,67.99,24.66,42.95,3.723,0.2955,1.924,1.261,0.17,19.58,0.3108,1.059,3.916,8.872,0.9365,2.189,0.1358,0.5058,0.3301,0.05187,0.0,0.0,0.0,0.0,0.0,0.0,0.0,0.0,0.0,0.0,0.0,0.5754,0.04294,0.5826,0.8659,0.2905,2.049,2.585,0.2213,0.6911,0.7512,0.06118,9.648E-6,4.25E-6,1.706E-4,2.38E-4,6.029E-5,4.063E-4,6.155E-5,4.705E-6,1.748E-5,1.933E-5,2.371E-6,
0.0,0.0,0.0,0.0,0.0,0.0,0.0,0.0,0.0,0.0,0.0,0.0,0.0,0.0,0.0,0.0,0.0,0.0,0.0,0.0,0.0,0.0,2.8E-6,0.01054,0.02685,0.7424,1.133,0.4534,1.187,0.31,0.01003,0.07603,0.0667,0.008321,0.0,0.0,0.0,0.0,0.0,0.0,0.0,0.0,0.0,0.0,0.0,0.0,0.0,0.0,0.0,0.0,0.0,0.0,0.0,0.0,0.0,0.0,2.266E-22,0.0,4.71,8.92,1.547,30.92,0.01015,0.003802,3.935,0.9258,0.02375,0.0,0.0,0.0,0.0,0.0,0.0,0.0,0.0,0.0,0.0,0.0,0.0,0.0,0.0,0.0,0.0,0.0,0.0,0.0,0.0,0.0,0.0,0.0,0.0,0.0,0.0,0.0,0.0,0.0,0.0,0.0,0.0,0.0,0.0,0.0,0.0,0.0,0.0,0.0,0.0,0.0,0.0,0.0,0.0,0.0,0.0,1.0E-4,20700.0,9.55E25,3361.0,3748.0,963.0,197100.0,16700.0,1889.0,7605.0,6392.0,2056.0,0.5905,279.5,22.83,97.13,77.63,32.09,8.82,0.3299,1.523,0.8718,0.1286,0.1157,1651.0,26.34,67.99,24.66,42.95,3.726,0.2964,2.005,1.169,0.1715,19.58,0.3108,1.06,3.917,8.873,0.9367,2.185,0.1365,0.5289,0.3065,0.05292,0.0,0.0,0.0,0.0,0.0,0.0,0.0,0.0,0.0,0.0,0.0,0.5754,0.04294,0.5836,0.8664,0.2911,2.049,2.584,0.2163,0.7941,0.6518,0.06153,9.648E-6,4.25E-6,1.706E-4,2.38E-4,6.029E-5,4.061E-4,6.157E-5,4.62E-6,1.994E-5,1.689E-5,2.369E-6,
0.0,0.0,0.0,0.0,0.0,0.0,0.0,0.0,0.0,0.0,0.0,0.0,0.0,0.0,0.0,0.0,0.0,0.0,0.0,0.0,0.0,0.0,2.8E-6,0.01054,0.02685,0.7324,1.154,0.4426,1.186,0.3109,0.009251,0.07696,0.06547,0.008547,0.0,0.0,0.0,0.0,0.0,0.0,0.0,0.0,0.0,0.0,0.0,0.0,0.0,0.0,0.0,0.0,0.0,0.0,0.0,0.0,0.0,0.0,2.266E-22,0.0,4.71,9.011,1.456,30.92,0.01015,0.003802,3.935,0.9258,0.02375,0.0,0.0,0.0,0.0,0.0,0.0,0.0,0.0,0.0,0.0,0.0,0.0,0.0,0.0,0.0,0.0,0.0,0.0,0.0,0.0,0.0,0.0,0.0,0.0,0.0,0.0,0.0,0.0,0.0,0.0,0.0,0.0,0.0,0.0,0.0,0.0,0.0,0.0,0.0,0.0,0.0,0.0,0.0,0.0,0.0,0.0,1.0E-4,20700.0,9.55E25,3347.0,3778.0,944.6,197100.0,16710.0,1890.0,7685.0,6316.0,2038.0,0.5905,279.5,21.29,96.31,79.98,32.09,8.823,0.3288,1.521,0.8708,0.1298,0.1157,1651.0,25.28,67.34,26.38,42.95,3.732,0.2915,2.004,1.167,0.1733,19.58,0.3108,0.9206,3.81,9.12,0.9367,2.185,0.1367,0.5279,0.3064,0.05321,0.0,0.0,0.0,0.0,0.0,0.0,0.0,0.0,0.0,0.0,0.0,0.5754,0.04294,0.5805,0.8727,0.2878,2.049,2.584,0.2166,0.8027,0.64,0.06405,9.648E-6,4.25E-6,1.692E-4,2.409E-4,5.877E-5,4.06E-4,6.167E-5,4.532E-6,2.016E-5,1.659E-5,2.427E-6,
0.0,0.0,0.0,0.0,0.0,0.0,0.0,0.0,0.0,0.0,0.0,0.0,0.0,0.0,0.0,0.0,0.0,0.0,0.0,0.0,0.0,0.0,2.8E-6,0.01064,0.02685,0.7324,1.154,0.4426,1.185,0.3109,0.009245,0.07711,0.0656,0.008172,0.0,0.0,0.0,0.0,0.0,0.0,0.0,0.0,0.0,0.0,0.0,0.0,0.0,0.0,0.0,0.0,0.0,0.0,0.0,0.0,0.0,0.0,2.266E-22,0.0,4.711,9.011,1.457,30.92,0.01025,0.00384,3.924,0.9351,0.02399,0.0,0.0,0.0,0.0,0.0,0.0,0.0,0.0,0.0,0.0,0.0,0.0,0.0,0.0,0.0,0.0,0.0,0.0,0.0,0.0,0.0,0.0,0.0,0.0,0.0,0.0,0.0,0.0,0.0,0.0,0.0,0.0,0.0,0.0,0.0,0.0,0.0,0.0,0.0,0.0,0.0,0.0,0.0,0.0,0.0,0.0,1.0E-4,20710.0,9.55E25,3346.0,3777.0,944.0,197100.0,16710.0,1888.0,7700.0,6330.0,1997.0,0.5929,279.5,21.29,96.31,79.98,32.09,8.823,0.3289,1.519,0.8736,0.1258,0.119,1651.0,25.28,67.34,26.38,42.95,3.732,0.2916,2.001,1.17,0.1687,19.58,0.3108,0.9207,3.81,9.12,0.9367,2.185,0.1367,0.5275,0.3074,0.05168,0.0,0.0,0.0,0.0,0.0,0.0,0.0,0.0,0.0,0.0,0.0,0.5764,0.04294,0.5805,0.8727,0.2878,2.048,2.584,0.2163,0.8045,0.6413,0.05983,9.673E-6,4.25E-6,1.692E-4,2.409E-4,5.876E-5,4.058E-4,6.168E-5,4.528E-6,2.021E-5,1.662E-5,2.329E-6,
0.0,0.0,0.0,0.0,0.0,0.0,0.0,0.0,0.0,0.0,0.0,0.0,0.0,0.0,0.0,0.0,0.0,0.0,0.0,0.0,0.0,0.0,2.8E-6,0.01064,0.02685,0.7322,1.154,0.4425,1.184,0.3109,0.01001,0.08666,0.05521,0.008409,0.0,0.0,0.0,0.0,0.0,0.0,0.0,0.0,0.0,0.0,0.0,0.0,0.0,0.0,0.0,0.0,0.0,0.0,0.0,0.0,0.0,0.0,2.266E-22,0.0,4.705,9.009,1.454,30.92,2.385E-4,0.01229,4.861,0.01567,0.02098,0.0,0.0,0.0,0.0,0.0,0.0,0.0,0.0,0.0,0.0,0.0,0.0,0.0,0.0,0.0,0.0,0.0,0.0,0.0,0.0,0.0,0.0,0.0,0.0,0.0,0.0,0.0,0.0,0.0,0.0,0.0,0.0,0.0,0.0,0.0,0.0,0.0,0.0,0.0,0.0,0.0,0.0,0.0,0.0,0.0,0.0,1.0E-4,20710.0,9.55E25,3338.0,3773.0,939.9,197100.0,16700.0,1951.0,8649.0,5403.0,1982.0,0.5929,279.5,21.29,96.31,79.98,32.08,8.822,0.3395,1.744,0.6393,0.1285,0.119,1651.0,25.28,67.34,26.38,42.95,3.74,0.3065,2.294,0.8595,0.1713,19.58,0.3108,0.9203,3.81,9.12,0.9366,2.183,0.1403,0.6079,0.2247,0.05279,0.0,0.0,0.0,0.0,0.0,0.0,0.0,0.0,0.0,0.0,0.0,0.5764,0.04294,0.5796,0.8722,0.2874,2.048,2.583,0.223,0.9055,0.5341,0.06216,9.673E-6,4.25E-6,1.691E-4,2.408E-4,5.871E-5,4.056E-4,6.204E-5,4.634E-6,2.252E-5,1.396E-5,2.334E-6,
0.0,0.0,0.0,0.0,0.0,0.0,0.0,0.0,0.0,0.0,0.0,0.0,0.0,0.0,0.0,0.0,0.0,0.0,0.0,0.0,0.0,0.0,2.8E-6,0.01081,0.02685,0.7322,1.153,0.4433,1.184,0.311,0.01014,0.0868,0.05477,0.008165,0.0,0.0,0.0,0.0,0.0,0.0,0.0,0.0,0.0,0.0,0.0,0.0,0.0,0.0,0.0,0.0,0.0,0.0,0.0,0.0,0.0,0.0,2.266E-22,0.0,4.712,9.012,1.457,30.92,2.779E-4,0.01432,4.838,0.01826,0.02445,0.0,0.0,0.0,0.0,0.0,0.0,0.0,0.0,0.0,0.0,0.0,0.0,0.0,0.0,0.0,0.0,0.0,0.0,0.0,0.0,0.0,0.0,0.0,0.0,0.0,0.0,0.0,0.0,0.0,0.0,0.0,0.0,0.0,0.0,0.0,0.0,0.0,0.0,0.0,0.0,0.0,0.0,0.0,0.0,0.0,0.0,1.0E-4,20730.0,9.55E25,3344.0,3775.0,943.7,197100.0,16690.0,1980.0,8653.0,5367.0,1982.0,0.5969,279.5,21.29,96.17,80.13,32.09,8.821,0.3438,1.735,0.641,0.1255,0.1244,1651.0,25.28,66.79,26.93,42.95,3.744,0.3084,2.281,0.8595,0.167,19.58,0.3108,0.9209,3.805,9.125,0.9368,2.182,0.1425,0.6043,0.2257,0.05178,0.0,0.0,0.0,0.0,0.0,0.0,0.0,0.0,0.0,0.0,0.0,0.5782,0.04294,0.5803,0.8721,0.2882,2.047,2.582,0.2272,0.9055,0.5309,0.05973,9.716E-6,4.25E-6,1.691E-4,2.406E-4,5.892E-5,4.055E-4,6.203E-5,4.7E-6,2.254E-5,1.387E-5,2.275E-6,
0.0,0.0,0.0,0.0,0.0,0.0,0.0,0.0,0.0,0.0,0.0,0.0,0.0,0.0,0.0,0.0,0.0,0.0,0.0,0.0,0.0,0.0,2.8E-6,0.01081,0.02685,0.7321,1.153,0.4432,1.183,0.311,0.0102,0.08608,0.05566,0.007978,0.0,0.0,0.0,0.0,0.0,0.0,0.0,0.0,0.0,0.0,0.0,0.0,0.0,0.0,0.0,0.0,0.0,0.0,0.0,0.0,0.0,0.0,2.266E-22,0.0,4.712,9.012,1.457,30.92,2.808E-4,0.01447,4.836,0.01845,0.0247,0.0,0.0,0.0,0.0,0.0,0.0,0.0,0.0,0.0,0.0,0.0,0.0,0.0,0.0,0.0,0.0,0.0,0.0,0.0,0.0,0.0,0.0,0.0,0.0,0.0,0.0,0.0,0.0,0.0,0.0,0.0,0.0,0.0,0.0,0.0,0.0,0.0,0.0,0.0,0.0,0.0,0.0,0.0,0.0,0.0,0.0,1.0E-4,20730.0,9.55E25,3344.0,3775.0,943.4,197100.0,16690.0,1960.0,8610.0,5465.0,2048.0,0.5969,279.5,21.29,96.17,80.13,32.09,8.821,0.3449,1.734,0.6463,0.1203,0.1244,1651.0,25.28,66.79,26.93,42.95,3.745,0.3122,2.276,0.8658,0.1609,19.58,0.3108,0.9209,3.805,9.125,0.9368,2.182,0.1425,0.6047,0.2277,0.04988,0.0,0.0,0.0,0.0,0.0,0.0,0.0,0.0,0.0,0.0,0.0,0.5781,0.04294,0.5803,0.8721,0.2882,2.047,2.581,0.2243,0.9021,0.5404,0.05737,9.715E-6,4.25E-6,1.691E-4,2.406E-4,5.891E-5,4.053E-4,6.201E-5,4.673E-6,2.241E-5,1.41E-5,2.223E-6,
0.0,0.0,0.0,0.0,0.0,0.0,0.0,0.0,0.0,0.0,0.0,0.0,0.0,0.0,0.0,0.0,0.0,0.0,0.0,0.0,0.0,0.0,2.8E-6,0.01081,0.02685,0.7318,1.153,0.443,1.182,0.3111,0.01013,0.1008,0.0417,0.007757,0.0,0.0,0.0,0.0,0.0,0.0,0.0,0.0,0.0,0.0,0.0,0.0,0.0,0.0,0.0,0.0,0.0,0.0,0.0,0.0,0.0,0.0,2.266E-22,0.0,4.686,9.0,1.444,30.92,0.002036,0.002914,4.928,0.008242,0.01104,0.0,0.0,0.0,0.0,0.0,0.0,0.0,0.0,0.0,0.0,0.0,0.0,0.0,0.0,0.0,0.0,0.0,0.0,0.0,0.0,0.0,0.0,0.0,0.0,0.0,0.0,0.0,0.0,0.0,0.0,0.0,0.0,0.0,0.0,0.0,0.0,0.0,0.0,0.0,0.0,0.0,0.0,0.0,0.0,0.0,0.0,1.0E-4,20730.0,9.55E25,3319.0,3763.0,930.4,197000.0,16700.0,1950.0,10050.0,4110.0,2016.0,0.5969,279.5,21.29,96.16,80.12,32.08,8.821,0.3431,1.909,0.4931,0.114,0.1244,1651.0,25.27,66.79,26.93,42.94,3.748,0.3097,2.505,0.6633,0.1528,19.58,0.3108,0.9186,3.804,9.124,0.9361,2.181,0.142,0.6675,0.1735,0.04757,0.0,0.0,0.0,0.0,0.0,0.0,0.0,0.0,0.0,0.0,0.0,0.5781,0.04294,0.5777,0.8709,0.2868,2.046,2.581,0.2232,1.052,0.3995,0.05484,9.715E-6,4.25E-6,1.69E-4,2.405E-4,5.887E-5,4.051E-4,6.203E-5,4.652E-6,2.604E-5,1.066E-5,2.164E-6,
0.0,0.0,0.0,0.0,0.0,0.0,0.0,0.0,0.0,0.0,0.0,0.0,0.0,0.0,0.0,0.0,0.0,0.0,0.0,0.0,0.0,0.0,2.8E-6,0.01081,0.02685,0.7317,1.153,0.443,1.182,0.3109,0.01125,0.09658,0.0447,0.007784,0.0,0.0,0.0,0.0,0.0,0.0,0.0,0.0,0.0,0.0,0.0,0.0,0.0,0.0,0.0,0.0,0.0,0.0,0.0,0.0,0.0,0.0,2.266E-22,0.0,4.689,9.025,1.452,30.91,0.003528,0.07313,4.56,0.2593,0.02708,0.0,0.0,0.0,0.0,0.0,0.0,0.0,0.0,0.0,0.0,0.0,0.0,0.0,0.0,0.0,0.0,0.0,0.0,0.0,0.0,0.0,0.0,0.0,0.0,0.0,0.0,0.0,0.0,0.0,0.0,0.0,0.0,0.0,0.0,0.0,0.0,0.0,0.0,0.0,0.0,0.0,0.0,0.0,0.0,0.0,0.0,1.0E-4,20730.0,9.55E25,2999.0,3584.0,939.5,196000.0,16700.0,2058.0,11060.0,4503.0,1972.0,0.5969,279.5,21.24,96.14,80.13,31.93,8.828,0.364,2.031,0.5724,0.1176,0.1244,1651.0,24.97,66.6,26.93,42.0,3.76,0.3584,3.701,0.8196,0.1627,19.58,0.3108,0.9166,3.805,9.124,0.9284,2.181,0.148,0.6431,0.1985,0.0485,0.0,0.0,0.0,0.0,0.0,0.0,0.0,0.0,0.0,0.0,0.0,0.5781,0.04294,0.5707,0.8691,0.2875,2.024,2.581,0.233,1.039,0.4324,0.0551,9.715E-6,4.25E-6,1.67E-4,2.393E-4,5.89E-5,3.988E-4,6.204E-5,5.001E-6,3.397E-5,1.177E-5,2.203E-6,
0.0,0.0,0.0,0.0,0.0,0.0,0.0,0.0,0.0,0.0,0.0,0.0,0.0,0.0,0.0,0.0,0.0,0.0,0.0,0.0,0.0,0.0,2.8E-6,0.01081,0.02685,0.7315,1.153,0.4429,1.181,0.3114,0.01411,0.11,0.02826,0.008048,0.0,0.0,0.0,0.0,0.0,0.0,0.0,0.0,0.0,0.0,0.0,0.0,0.0,0.0,0.0,0.0,0.0,0.0,0.0,0.0,0.0,0.0,2.266E-22,0.0,4.672,9.001,1.438,30.91,0.03056,0.197,4.648,0.09536,0.007621,0.0,0.0,0.0,0.0,0.0,0.0,0.0,0.0,0.0,0.0,0.0,0.0,0.0,0.0,0.0,0.0,0.0,0.0,0.0,0.0,0.0,0.0,0.0,0.0,0.0,0.0,0.0,0.0,0.0,0.0,0.0,0.0,0.0,0.0,0.0,0.0,0.0,0.0,0.0,0.0,0.0,0.0,0.0,0.0,0.0,0.0,1.0E-4,20740.0,9.55E25,2980.0,3557.0,924.7,196000.0,16740.0,2337.0,12420.0,2886.0,1959.0,0.5969,279.5,21.23,96.13,80.12,31.93,8.833,0.4035,2.198,0.3769,0.1189,0.1244,1651.0,24.96,66.59,26.92,42.0,3.783,0.4423,3.909,0.5397,0.1614,19.58,0.3108,0.915,3.803,9.123,0.9284,2.182,0.1584,0.7047,0.1305,0.0492,0.0,0.0,0.0,0.0,0.0,0.0,0.0,0.0,0.0,0.0,0.0,0.5781,0.04294,0.5689,0.8666,0.2861,2.024,2.583,0.2587,1.182,0.2643,0.05802,9.715E-6,4.25E-6,1.669E-4,2.392E-4,5.885E-5,3.986E-4,6.212E-5,5.983E-6,3.722E-5,7.592E-6,2.255E-6,
0.0,0.0,0.0,0.0,0.0,0.0,0.0,0.0,0.0,0.0,0.0,0.0,0.0,0.0,0.0,0.0,0.0,0.0,0.0,0.0,0.0,0.0,2.8E-6,0.01081,0.02685,0.7315,1.153,0.4429,1.181,0.3103,0.01578,0.1068,0.02966,0.009124,0.0,0.0,0.0,0.0,0.0,0.0,0.0,0.0,0.0,0.0,0.0,0.0,0.0,0.0,0.0,0.0,0.0,0.0,0.0,0.0,0.0,0.0,2.266E-22,0.0,4.687,9.021,1.45,30.91,0.008127,0.3646,4.363,0.1832,0.01182,0.0,0.0,0.0,0.0,0.0,0.0,0.0,0.0,0.0,0.0,0.0,0.0,0.0,0.0,0.0,0.0,0.0,0.0,0.0,0.0,0.0,0.0,0.0,0.0,0.0,0.0,0.0,0.0,0.0,0.0,0.0,0.0,0.0,0.0,0.0,0.0,0.0,0.0,0.0,0.0,0.0,0.0,0.0,0.0,0.0,0.0,1.0E-4,20740.0,9.55E25,2992.0,3574.0,933.9,196000.0,16680.0,2515.0,12090.0,3055.0,1960.0,0.5969,279.5,21.24,96.13,80.12,31.93,8.806,0.4559,2.111,0.4078,0.1351,0.1244,1651.0,24.97,66.6,26.93,42.0,3.772,0.5458,3.731,0.5975,0.1605,19.58,0.3108,0.9164,3.805,9.124,0.9284,2.169,0.174,0.6787,0.1404,0.05776,0.0,0.0,0.0,0.0,0.0,0.0,0.0,0.0,0.0,0.0,0.0,0.5781,0.04294,0.57,0.8682,0.2869,2.023,2.575,0.2745,1.152,0.2802,0.06068,9.715E-6,4.25E-6,1.669E-4,2.392E-4,5.886E-5,3.985E-4,6.181E-5,6.57E-6,3.619E-5,8.047E-6,2.475E-6,
0.0,0.0,0.0,0.0,0.0,0.0,0.0,0.0,0.0,0.0,0.0,0.0,0.0,0.0,0.0,0.0,0.0,0.0,0.0,0.0,0.0,0.0,2.8E-6,0.01081,0.02692,0.7316,1.153,0.4429,1.181,0.3104,0.01635,0.1068,0.02917,0.008549,0.0,0.0,0.0,0.0,0.0,0.0,0.0,0.0,0.0,0.0,0.0,0.0,0.0,0.0,0.0,0.0,0.0,0.0,0.0,0.0,0.0,0.0,2.266E-22,0.0,4.698,9.037,1.458,30.91,0.01225,0.442,4.309,0.1147,0.01782,0.0,0.0,0.0,0.0,0.0,0.0,0.0,0.0,0.0,0.0,0.0,0.0,0.0,0.0,0.0,0.0,0.0,0.0,0.0,0.0,0.0,0.0,0.0,0.0,0.0,0.0,0.0,0.0,0.0,0.0,0.0,0.0,0.0,0.0,0.0,0.0,0.0,0.0,0.0,0.0,0.0,0.0,0.0,0.0,0.0,0.0,1.0E-4,20740.0,9.55E25,3002.0,3589.0,942.5,196000.0,16670.0,2583.0,12100.0,3014.0,1937.0,0.5969,279.5,21.24,96.14,80.13,31.93,8.797,0.4816,2.091,0.3899,0.1386,0.1244,1651.0,24.97,66.61,26.94,42.0,3.768,0.592,3.696,0.5616,0.1642,19.58,0.313,0.9175,3.806,9.125,0.9285,2.166,0.1822,0.6718,0.1349,0.05927,0.0,0.0,0.0,0.0,0.0,0.0,0.0,0.0,0.0,0.0,0.0,0.5781,0.04536,0.571,0.8696,0.2877,2.023,2.572,0.2814,1.151,0.2706,0.06187,9.715E-6,4.29E-6,1.669E-4,2.392E-4,5.888E-5,3.984E-4,6.18E-5,6.756E-6,3.617E-5,7.789E-6,2.428E-6,
0.0,0.0,0.0,0.0,0.0,0.0,0.0,0.0,0.0,0.0,0.0,0.0,0.0,0.0,0.0,0.0,0.0,0.0,0.0,0.0,0.0,0.0,2.8E-6,0.01081,0.02692,0.7314,1.153,0.4428,1.179,0.3104,0.01391,0.1106,0.02811,0.008499,0.0,0.0,0.0,0.0,0.0,0.0,0.0,0.0,0.0,0.0,0.0,0.0,0.0,0.0,0.0,0.0,0.0,0.0,0.0,0.0,0.0,0.0,2.266E-22,0.0,4.687,9.022,1.45,30.91,0.008366,0.1843,4.707,0.01709,0.01217,0.0,0.0,0.0,0.0,0.0,0.0,0.0,0.0,0.0,0.0,0.0,0.0,0.0,0.0,0.0,0.0,0.0,0.0,0.0,0.0,0.0,0.0,0.0,0.0,0.0,0.0,0.0,0.0,0.0,0.0,0.0,0.0,0.0,0.0,0.0,0.0,0.0,0.0,0.0,0.0,0.0,0.0,0.0,0.0,0.0,0.0,1.0E-4,20740.0,9.55E25,2991.0,3573.0,933.4,196000.0,16680.0,2292.0,12550.0,2899.0,1955.0,0.5969,279.5,21.24,96.14,80.13,31.93,8.798,0.3975,2.22,0.3562,0.1369,0.1244,1651.0,24.97,66.6,26.93,42.0,3.768,0.4469,3.923,0.5027,0.1609,19.58,0.313,0.9165,3.805,9.124,0.9284,2.167,0.154,0.7142,0.1238,0.05873,0.0,0.0,0.0,0.0,0.0,0.0,0.0,0.0,0.0,0.0,0.0,0.578,0.04536,0.57,0.8682,0.2869,2.023,2.573,0.2525,1.193,0.2591,0.06133,9.714E-6,4.29E-6,1.669E-4,2.392E-4,5.884E-5,3.982E-4,6.182E-5,5.895E-6,3.747E-5,7.442E-6,2.411E-6,
0.0,0.0,0.0,0.0,0.0,0.0,0.0,0.0,0.0,0.0,0.0,0.0,0.0,0.0,0.0,0.0,0.0,0.0,0.0,0.0,0.0,0.0,2.8E-6,0.01081,0.02698,0.7314,1.153,0.4428,1.179,0.3104,0.01479,0.1055,0.03198,0.008536,0.0,0.0,0.0,0.0,0.0,0.0,0.0,0.0,0.0,0.0,0.0,0.0,0.0,0.0,0.0,0.0,0.0,0.0,0.0,0.0,0.0,0.0,2.266E-22,0.0,4.696,9.035,1.457,30.91,0.01171,0.2706,4.19,0.4112,0.01702,0.0,0.0,0.0,0.0,0.0,0.0,0.0,0.0,0.0,0.0,0.0,0.0,0.0,0.0,0.0,0.0,0.0,0.0,0.0,0.0,0.0,0.0,0.0,0.0,0.0,0.0,0.0,0.0,0.0,0.0,0.0,0.0,0.0,0.0,0.0,0.0,0.0,0.0,0.0,0.0,0.0,0.0,0.0,0.0,0.0,0.0,1.0E-4,20740.0,9.55E25,2997.0,3582.0,938.6,196000.0,16680.0,2395.0,11970.0,3344.0,1975.0,0.5969,279.5,21.24,96.14,80.13,31.93,8.798,0.425,2.054,0.481,0.1384,0.1244,1651.0,24.97,66.61,26.94,42.0,3.773,0.496,3.622,0.7304,0.1636,19.58,0.3148,0.9174,3.806,9.125,0.9285,2.166,0.1632,0.6602,0.1642,0.05926,0.0,0.0,0.0,0.0,0.0,0.0,0.0,0.0,0.0,0.0,0.0,0.578,0.0475,0.5706,0.8691,0.2874,2.022,2.572,0.2622,1.138,0.3015,0.06172,9.714E-6,4.371E-6,1.669E-4,2.392E-4,5.885E-5,3.98E-4,6.177E-5,6.189E-6,3.574E-5,8.772E-6,2.423E-6,
0.0,0.0,0.0,0.0,0.0,0.0,0.0,0.0,0.0,0.0,0.0,0.0,0.0,0.0,0.0,0.0,0.0,0.0,0.0,0.0,0.0,0.0,2.8E-6,0.01081,0.02698,0.7314,1.153,0.4435,1.178,0.3072,0.04178,0.08227,0.02943,0.009453,0.0,0.0,0.0,0.0,0.0,0.0,0.0,0.0,0.0,0.0,0.0,0.0,0.0,0.0,0.0,0.0,0.0,0.0,0.0,0.0,0.0,0.0,2.266E-22,0.0,4.699,9.038,1.459,30.91,0.01268,0.2373,4.537,0.08668,0.01843,0.0,0.0,0.0,0.0,0.0,0.0,0.0,0.0,0.0,0.0,0.0,0.0,0.0,0.0,0.0,0.0,0.0,0.0,0.0,0.0,0.0,0.0,0.0,0.0,0.0,0.0,0.0,0.0,0.0,0.0,0.0,0.0,0.0,0.0,0.0,0.0,0.0,0.0,0.0,0.0,0.0,0.0,0.0,0.0,0.0,0.0,1.0E-4,20740.0,9.55E25,2999.0,3585.0,939.8,195900.0,16700.0,5413.0,9253.0,3042.0,1943.0,0.5969,279.5,21.24,96.14,80.13,31.93,8.798,0.6494,1.93,0.3778,0.139,0.1244,1651.0,24.97,66.61,26.94,42.0,3.793,0.8821,3.395,0.5461,0.1648,19.58,0.3148,0.9177,3.806,9.125,0.9285,2.163,0.2389,0.6205,0.1306,0.05939,0.0,0.0,0.0,0.0,0.0,0.0,0.0,0.0,0.0,0.0,0.0,0.578,0.0475,0.5709,0.8695,0.2876,2.022,2.567,0.5544,0.878,0.2703,0.06464,9.714E-6,4.371E-6,1.669E-4,2.392E-4,5.886E-5,3.979E-4,6.161E-5,1.516E-5,2.766E-5,7.819E-6,2.606E-6,
0.0,0.0,0.0,0.0,0.0,0.0,0.0,0.0,0.0,0.0,0.0,0.0,0.0,0.0,0.0,0.0,0.0,0.0,0.0,0.0,0.0,0.0,2.8E-6,0.01081,0.02698,0.7314,1.153,0.4434,1.178,0.3074,0.04161,0.08193,0.02991,0.009319,0.0,0.0,0.0,0.0,0.0,0.0,0.0,0.0,0.0,0.0,0.0,0.0,0.0,0.0,0.0,0.0,0.0,0.0,0.0,0.0,0.0,0.0,2.266E-22,0.0,4.763,9.054,1.519,31.77,0.01268,0.2373,4.537,0.08668,0.01843,0.0,0.0,0.0,0.0,0.0,0.0,0.0,0.0,0.0,0.0,0.0,0.0,0.0,0.0,0.0,0.0,0.0,0.0,0.0,0.0,0.0,0.0,0.0,0.0,0.0,0.0,0.0,0.0,0.0,0.0,0.0,0.0,0.0,0.0,0.0,0.0,0.0,0.0,0.0,0.0,0.0,0.0,0.0,0.0,0.0,0.0,1.0E-4,20740.0,9.55E25,2998.0,3584.0,939.2,195900.0,16710.0,5395.0,9222.0,3098.0,1955.0,0.5969,279.5,21.24,96.14,80.13,31.93,8.8,0.6477,1.93,0.3781,0.1388,0.1244,1651.0,24.97,66.61,26.94,42.0,3.795,0.881,3.395,0.546,0.1639,19.58,0.3148,0.9177,3.806,9.125,0.9285,2.163,0.2381,0.6205,0.1308,0.05946,0.0,0.0,0.0,0.0,0.0,0.0,0.0,0.0,0.0,0.0,0.0,0.578,0.0475,0.5708,0.8694,0.2876,2.021,2.568,0.5526,0.8746,0.2753,0.06387,9.714E-6,4.371E-6,1.669E-4,2.392E-4,5.885E-5,3.977E-4,6.165E-5,1.511E-5,2.759E-5,7.938E-6,2.579E-6,
0.0,0.0,0.0,0.0,0.0,0.0,0.0,0.0,0.0,0.0,0.0,0.0,0.0,0.0,0.0,0.0,0.0,0.0,0.0,0.0,0.0,0.0,2.8E-6,0.01081,0.02698,0.7312,1.15,0.4458,1.177,0.3072,0.03872,0.0855,0.02954,0.009297,0.0,0.0,0.0,0.0,0.0,0.0,0.0,0.0,0.0,0.0,0.0,0.0,0.0,0.0,0.0,0.0,0.0,0.0,0.0,0.0,0.0,0.0,2.266E-22,0.0,4.756,9.044,1.514,31.77,0.009979,0.01721,4.849,0.02441,0.01451,0.0,0.0,0.0,0.0,0.0,0.0,0.0,0.0,0.0,0.0,0.0,0.0,0.0,0.0,0.0,0.0,0.0,0.0,0.0,0.0,0.0,0.0,0.0,0.0,0.0,0.0,0.0,0.0,0.0,0.0,0.0,0.0,0.0,0.0,0.0,0.0,0.0,0.0,0.0,0.0,0.0,0.0,0.0,0.0,0.0,0.0,1.0E-4,20740.0,9.55E25,2993.0,3576.0,935.9,195900.0,16720.0,5056.0,9615.0,3090.0,1928.0,0.5969,279.5,21.24,96.01,80.25,31.93,8.803,0.5738,2.029,0.3582,0.1377,0.1244,1651.0,24.97,66.41,27.13,42.0,3.801,0.7516,3.57,0.5106,0.1616,19.58,0.3148,0.9169,3.8,9.13,0.9284,2.163,0.2141,0.6534,0.1244,0.0592,0.0,0.0,0.0,0.0,0.0,0.0,0.0,0.0,0.0,0.0,0.0,0.578,0.0475,0.5704,0.8684,0.2877,2.021,2.568,0.5198,0.9129,0.2711,0.0637,9.714E-6,4.371E-6,1.668E-4,2.39E-4,5.898E-5,3.976E-4,6.174E-5,1.404E-5,2.875E-5,7.796E-6,2.572E-6,
0.0,0.0,0.0,0.0,0.0,0.0,0.0,0.0,0.0,0.0,0.0,0.0,0.0,0.0,0.0,0.0,0.0,0.0,0.0,0.0,0.0,0.0,2.8E-6,0.01081,0.02698,0.7312,1.15,0.4458,1.176,0.308,0.03842,0.08501,0.03034,0.008421,0.0,0.0,0.0,0.0,0.0,0.0,0.0,0.0,0.0,0.0,0.0,0.0,0.0,0.0,0.0,0.0,0.0,0.0,0.0,0.0,0.0,0.0,2.266E-22,0.0,4.756,9.044,1.513,31.77,0.009913,0.001421,4.865,0.02827,0.01077,0.0,0.0,0.0,0.0,0.0,0.0,0.0,0.0,0.0,0.0,0.0,0.0,0.0,0.0,0.0,0.0,0.0,0.0,0.0,0.0,0.0,0.0,0.0,0.0,0.0,0.0,0.0,0.0,0.0,0.0,0.0,0.0,0.0,0.0,0.0,0.0,0.0,0.0,0.0,0.0,0.0,0.0,0.0,0.0,0.0,0.0,1.0E-4,20740.0,9.55E25,2992.0,3575.0,935.1,195900.0,16740.0,5022.0,9563.0,3172.0,1914.0,0.5969,279.5,21.24,96.01,80.25,31.93,8.825,0.5695,2.035,0.3587,0.1157,0.1244,1651.0,24.97,66.41,27.13,42.0,3.808,0.7413,3.566,0.5203,0.1597,19.58,0.3148,0.9167,3.8,9.13,0.9284,2.174,0.2133,0.6562,0.1236,0.04813,0.0,0.0,0.0,0.0,0.0,0.0,0.0,0.0,0.0,0.0,0.0,0.578,0.0475,0.5704,0.8683,0.2877,2.021,2.571,0.5173,0.9082,0.279,0.06052,9.714E-6,4.371E-6,1.668E-4,2.39E-4,5.898E-5,3.974E-4,6.192E-5,1.394E-5,2.852E-5,8.086E-6,2.418E-6,
0.0,0.0,0.0,0.0,0.0,0.0,0.0,0.0,0.0,0.0,0.0,0.0,0.0,0.0,0.0,0.0,0.0,0.0,0.0,0.0,0.0,0.0,2.8E-6,0.01122,0.02698,0.7311,1.15,0.4457,1.176,0.3081,0.03978,0.08009,0.03377,0.008171,0.0,0.0,0.0,0.0,0.0,0.0,0.0,0.0,0.0,0.0,0.0,0.0,0.0,0.0,0.0,0.0,0.0,0.0,0.0,0.0,0.0,0.0,2.265E-22,0.0,4.756,9.044,1.513,31.77,0.009934,0.0267,4.491,0.3773,0.0108,0.0,0.0,0.0,0.0,0.0,0.0,0.0,0.0,0.0,0.0,0.0,0.0,0.0,0.0,0.0,0.0,0.0,0.0,0.0,0.0,0.0,0.0,0.0,0.0,0.0,0.0,0.0,0.0,0.0,0.0,0.0,0.0,0.0,0.0,0.0,0.0,0.0,0.0,0.0,0.0,0.0,0.0,0.0,0.0,0.0,0.0,1.0E-4,20750.0,9.55E25,2990.0,3572.0,933.6,195900.0,16730.0,5175.0,9011.0,3595.0,1921.0,0.5971,279.5,21.24,96.01,80.25,31.93,8.822,0.5768,1.916,0.4699,0.1177,0.1244,1651.0,24.97,66.41,27.13,42.0,3.81,0.7586,3.344,0.722,0.1602,19.58,0.3148,0.917,3.8,9.13,0.9284,2.172,0.2152,0.6182,0.1599,0.04934,0.0,0.0,0.0,0.0,0.0,0.0,0.0,0.0,0.0,0.0,0.0,0.5796,0.0475,0.5702,0.8681,0.2876,2.02,2.57,0.5318,0.8555,0.3171,0.0606,9.8E-6,4.371E-6,1.668E-4,2.39E-4,5.896E-5,3.972E-4,6.191E-5,1.44E-5,2.686E-5,9.281E-6,2.37E-6,
0.0,0.0,0.0,0.0,0.0,0.0,0.0,0.0,0.0,0.0,0.0,0.0,0.0,0.0,0.0,0.0,0.0,0.0,0.0,0.0,0.0,0.0,2.8E-6,0.01122,0.02698,0.7301,1.151,0.4457,1.175,0.3081,0.04065,0.08149,0.03104,0.008375,0.0,0.0,0.0,0.0,0.0,0.0,0.0,0.0,0.0,0.0,0.0,0.0,0.0,0.0,0.0,0.0,0.0,0.0,0.0,0.0,0.0,0.0,2.265E-22,0.0,4.763,9.054,1.519,31.77,0.01278,0.03064,4.797,0.01607,0.03446,0.0,0.0,0.0,0.0,0.0,0.0,0.0,0.0,0.0,0.0,0.0,0.0,0.0,0.0,0.0,0.0,0.0,0.0,0.0,0.0,0.0,0.0,0.0,0.0,0.0,0.0,0.0,0.0,0.0,0.0,0.0,0.0,0.0,0.0,0.0,0.0,0.0,0.0,0.0,0.0,0.0,0.0,0.0,0.0,0.0,0.0,1.0E-4,20760.0,9.55E25,2995.0,3582.0,938.8,195900.0,16740.0,5265.0,9175.0,3291.0,1937.0,0.5971,279.5,21.24,95.97,80.3,31.93,8.823,0.5765,2.015,0.354,0.1253,0.1244,1651.0,24.97,66.36,27.19,42.0,3.812,0.7664,3.509,0.5207,0.1736,19.58,0.3148,0.9177,3.785,9.147,0.9285,2.172,0.2142,0.6518,0.1216,0.05178,0.0,0.0,0.0,0.0,0.0,0.0,0.0,0.0,0.0,0.0,0.0,0.5796,0.0475,0.5702,0.8695,0.2881,2.02,2.57,0.54,0.8719,0.2876,0.06282,9.8E-6,4.371E-6,1.666E-4,2.392E-4,5.897E-5,3.971E-4,6.192E-5,1.467E-5,2.732E-5,8.402E-6,2.44E-6,
0.0,0.0,0.0,0.0,0.0,0.0,0.0,0.0,0.0,0.0,0.0,0.0,0.0,0.0,0.0,0.0,0.0,0.0,0.0,0.0,0.0,0.0,2.8E-6,0.01122,0.02698,0.73,1.151,0.4457,1.175,0.3082,0.04076,0.08171,0.03065,0.008341,0.0,0.0,0.0,0.0,0.0,0.0,0.0,0.0,0.0,0.0,0.0,0.0,0.0,0.0,0.0,0.0,0.0,0.0,0.0,0.0,0.0,0.0,2.265E-22,0.0,4.763,9.054,1.519,31.77,0.01278,0.03064,4.797,0.01607,0.03446,0.0,0.0,0.0,0.0,0.0,0.0,0.0,0.0,0.0,0.0,0.0,0.0,0.0,0.0,0.0,0.0,0.0,0.0,0.0,0.0,0.0,0.0,0.0,0.0,0.0,0.0,0.0,0.0,0.0,0.0,0.0,0.0,0.0,0.0,0.0,0.0,0.0,0.0,0.0,0.0,0.0,0.0,0.0,0.0,0.0,0.0,1.0E-4,20760.0,9.55E25,2994.0,3581.0,938.4,195900.0,16750.0,5273.0,9196.0,3267.0,1928.0,0.5971,279.5,21.24,95.97,80.3,31.93,8.823,0.5781,2.011,0.3577,0.1243,0.1244,1651.0,24.97,66.36,27.19,42.0,3.816,0.7705,3.497,0.5253,0.1725,19.58,0.3148,0.9177,3.785,9.147,0.9285,2.172,0.2141,0.6508,0.1238,0.0514,0.0,0.0,0.0,0.0,0.0,0.0,0.0,0.0,0.0,0.0,0.0,0.5796,0.0475,0.5702,0.8694,0.2881,2.02,2.57,0.5403,0.8737,0.2861,0.06249,9.8E-6,4.371E-6,1.665E-4,2.392E-4,5.896E-5,3.97E-4,6.192E-5,1.471E-5,2.733E-5,8.361E-6,2.433E-6,
0.0,0.0,0.0,0.0,0.0,0.0,0.0,0.0,0.0,0.0,0.0,0.0,0.0,0.0,0.0,0.0,0.0,0.0,0.0,0.0,0.0,0.0,2.8E-6,0.01122,0.02698,0.6868,1.151,0.4888,1.174,0.3082,0.04122,0.08127,0.03078,0.008307,0.0,0.0,0.0,0.0,0.0,0.0,0.0,0.0,0.0,0.0,0.0,0.0,0.0,0.0,0.0,0.0,0.0,0.0,0.0,0.0,0.0,0.0,2.265E-22,0.0,4.57,9.053,1.71,31.77,0.01232,0.01769,4.816,0.01549,0.03323,0.0,0.0,0.0,0.0,0.0,0.0,0.0,0.0,0.0,0.0,0.0,0.0,0.0,0.0,0.0,0.0,0.0,0.0,0.0,0.0,0.0,0.0,0.0,0.0,0.0,0.0,0.0,0.0,0.0,0.0,0.0,0.0,0.0,0.0,0.0,0.0,0.0,0.0,0.0,0.0,0.0,0.0,0.0,0.0,0.0,0.0,1.0E-4,20760.0,9.55E25,2927.0,3578.0,1003.0,195900.0,16750.0,5310.0,9151.0,3335.0,1905.0,0.5971,279.5,19.42,98.23,79.86,31.93,8.822,0.5741,2.016,0.3579,0.1254,0.1244,1651.0,23.71,67.79,27.01,42.0,3.818,0.7663,3.5,0.5276,0.1723,19.58,0.3148,0.7525,3.99,9.106,0.9285,2.172,0.2117,0.6531,0.1239,0.05196,0.0,0.0,0.0,0.0,0.0,0.0,0.0,0.0,0.0,0.0,0.0,0.5795,0.0475,0.5567,0.8691,0.3015,2.019,2.569,0.5435,0.8696,0.2872,0.06301,9.8E-6,4.371E-6,1.604E-4,2.391E-4,6.509E-5,3.968E-4,6.186E-5,1.49E-5,2.717E-5,8.411E-6,2.429E-6,
0.0,0.0,0.0,0.0,0.0,0.0,0.0,0.0,0.0,0.0,0.0,0.0,0.0,0.0,0.0,0.0,0.0,0.0,0.0,0.0,0.0,0.0,2.8E-6,0.01122,0.02698,0.6868,1.151,0.4887,1.173,0.3081,0.08391,0.03854,0.03088,0.008241,0.0,0.0,0.0,0.0,0.0,0.0,0.0,0.0,0.0,0.0,0.0,0.0,0.0,0.0,0.0,0.0,0.0,0.0,0.0,0.0,0.0,0.0,2.265E-22,0.0,4.571,9.054,1.711,31.77,0.01273,3.866,0.962,0.01601,0.03434,0.0,0.0,0.0,0.0,0.0,0.0,0.0,0.0,0.0,0.0,0.0,0.0,0.0,0.0,0.0,0.0,0.0,0.0,0.0,0.0,0.0,0.0,0.0,0.0,0.0,0.0,0.0,0.0,0.0,0.0,0.0,0.0,0.0,0.0,0.0,0.0,0.0,0.0,0.0,0.0,0.0,0.0,0.0,0.0,0.0,0.0,1.0E-4,20760.0,9.55E25,2928.0,3580.0,1003.0,195800.0,16750.0,10160.0,4295.0,3344.0,2009.0,0.5971,279.5,19.42,98.23,79.86,31.93,8.821,1.9,0.6888,0.3604,0.124,0.1244,1651.0,23.71,67.79,27.02,42.0,3.821,3.1,1.159,0.5314,0.171,19.58,0.3148,0.7526,3.991,9.106,0.9285,2.171,0.6475,0.217,0.1247,0.05144,0.0,0.0,0.0,0.0,0.0,0.0,0.0,0.0,0.0,0.0,0.0,0.5795,0.0475,0.5568,0.8692,0.3016,2.019,2.569,1.011,0.4017,0.2883,0.06227,9.799E-6,4.371E-6,1.604E-4,2.391E-4,6.509E-5,3.967E-4,6.181E-5,2.921E-5,1.288E-5,8.441E-6,2.413E-6,
0.0,0.0,0.0,0.0,0.0,0.0,0.0,0.0,0.0,0.0,0.0,0.0,0.0,0.0,0.0,0.0,0.0,0.0,0.0,0.0,0.0,0.0,2.8E-6,0.01122,0.02698,0.6867,1.151,0.4887,1.173,0.3081,0.08383,0.03861,0.03102,0.008101,0.0,0.0,0.0,0.0,0.0,0.0,0.0,0.0,0.0,0.0,0.0,0.0,0.0,0.0,0.0,0.0,0.0,0.0,0.0,0.0,0.0,0.0,2.265E-22,0.0,4.571,9.055,1.712,31.77,0.01288,3.854,0.9729,0.0162,0.03473,0.0,0.0,0.0,0.0,0.0,0.0,0.0,0.0,0.0,0.0,0.0,0.0,0.0,0.0,0.0,0.0,0.0,0.0,0.0,0.0,0.0,0.0,0.0,0.0,0.0,0.0,0.0,0.0,0.0,0.0,0.0,0.0,0.0,0.0,0.0,0.0,0.0,0.0,0.0,0.0,0.0,0.0,0.0,0.0,0.0,0.0,1.0E-4,20760.0,9.55E25,2927.0,3579.0,1004.0,195800.0,16750.0,10150.0,4303.0,3362.0,1991.0,0.5971,279.5,19.42,98.09,80.0,31.93,8.821,1.897,0.6913,0.3629,0.1217,0.1244,1651.0,23.71,67.58,27.23,42.0,3.822,3.094,1.163,0.5358,0.1669,19.58,0.3148,0.7527,3.987,9.111,0.9285,2.171,0.6465,0.2178,0.1255,0.05069,0.0,0.0,0.0,0.0,0.0,0.0,0.0,0.0,0.0,0.0,0.0,0.5795,0.0475,0.5568,0.8692,0.3016,2.019,2.569,1.011,0.4024,0.2899,0.06075,9.799E-6,4.371E-6,1.604E-4,2.391E-4,6.509E-5,3.966E-4,6.181E-5,2.919E-5,1.29E-5,8.49E-6,2.367E-6,
0.0,0.0,0.0,0.0,0.0,0.0,0.0,0.0,0.0,0.0,0.0,0.0,0.0,0.0,0.0,0.0,0.0,0.0,0.0,0.0,0.0,0.0,2.8E-6,0.01122,0.02698,0.6867,1.151,0.4887,1.172,0.3081,0.08426,0.03784,0.03166,0.007825,0.0,0.0,0.0,0.0,0.0,0.0,0.0,0.0,0.0,0.0,0.0,0.0,0.0,0.0,0.0,0.0,0.0,0.0,0.0,0.0,0.0,0.0,2.265E-22,0.0,4.571,9.055,1.712,31.77,0.01288,3.854,0.9729,0.0162,0.03473,0.0,0.0,0.0,0.0,0.0,0.0,0.0,0.0,0.0,0.0,0.0,0.0,0.0,0.0,0.0,0.0,0.0,0.0,0.0,0.0,0.0,0.0,0.0,0.0,0.0,0.0,0.0,0.0,0.0,0.0,0.0,0.0,0.0,0.0,0.0,0.0,0.0,0.0,0.0,0.0,0.0,0.0,0.0,0.0,0.0,0.0,1.0E-4,20760.0,9.55E25,2927.0,3578.0,1003.0,195800.0,16750.0,10200.0,4214.0,3432.0,1972.0,0.5971,279.5,19.42,98.09,80.0,31.93,8.819,1.896,0.6954,0.3627,0.121,0.1244,1651.0,23.71,67.58,27.23,42.0,3.825,3.098,1.154,0.539,0.1653,19.58,0.3148,0.7527,3.987,9.111,0.9285,2.171,0.6455,0.2201,0.1252,0.05056,0.0,0.0,0.0,0.0,0.0,0.0,0.0,0.0,0.0,0.0,0.0,0.5795,0.0475,0.5567,0.8691,0.3016,2.018,2.567,1.014,0.3949,0.2965,0.06041,9.799E-6,4.371E-6,1.604E-4,2.391E-4,6.508E-5,3.964E-4,6.171E-5,2.931E-5,1.269E-5,8.733E-6,2.314E-6,
0.0,0.0,0.0,0.0,0.0,0.0,0.0,0.0,0.0,0.0,0.0,0.0,0.0,0.0,0.0,0.0,0.0,0.0,0.0,0.0,0.0,0.0,2.8E-6,0.01122,0.02698,0.6865,1.151,0.4886,1.172,0.3087,0.09342,0.0286,0.03061,0.008605,0.0,0.0,0.0,0.0,0.0,0.0,0.0,0.0,0.0,0.0,0.0,0.0,0.0,0.0,0.0,0.0,0.0,0.0,0.0,0.0,0.0,0.0,2.265E-22,0.0,4.563,9.042,1.705,31.77,0.01788,4.856,0.0124,0.0117,0.02001,0.0,0.0,0.0,0.0,0.0,0.0,0.0,0.0,0.0,0.0,0.0,0.0,0.0,0.0,0.0,0.0,0.0,0.0,0.0,0.0,0.0,0.0,0.0,0.0,0.0,0.0,0.0,0.0,0.0,0.0,0.0,0.0,0.0,0.0,0.0,0.0,0.0,0.0,0.0,0.0,0.0,0.0,0.0,0.0,0.0,0.0,1.0E-4,20760.0,9.55E25,2917.0,3565.0,996.1,195800.0,16750.0,11270.0,3178.0,3387.0,2002.0,0.5971,279.5,19.42,98.08,80.0,31.93,8.811,2.221,0.3909,0.3644,0.1152,0.1244,1651.0,23.71,67.57,27.23,42.0,3.864,3.634,0.6044,0.5391,0.1567,19.58,0.3148,0.7519,3.985,9.11,0.9284,2.161,0.7563,0.1219,0.1268,0.04882,0.0,0.0,0.0,0.0,0.0,0.0,0.0,0.0,0.0,0.0,0.0,0.5795,0.0475,0.556,0.868,0.301,2.018,2.559,1.121,0.2971,0.2929,0.06401,9.799E-6,4.371E-6,1.604E-4,2.39E-4,6.504E-5,3.962E-4,6.174E-5,3.247E-5,9.57E-6,8.616E-6,2.451E-6,
0.0,0.0,0.0,0.0,0.0,0.0,0.0,0.0,0.0,0.0,0.0,0.0,0.0,0.0,0.0,0.0,0.0,0.0,0.0,0.0,0.0,0.0,2.8E-6,0.01122,0.02698,0.6865,1.151,0.4886,1.171,0.3087,0.09285,0.02856,0.03147,0.008161,0.0,0.0,0.0,0.0,0.0,0.0,0.0,0.0,0.0,0.0,0.0,0.0,0.0,0.0,0.0,0.0,0.0,0.0,0.0,0.0,0.0,0.0,2.265E-22,0.0,4.599,9.128,1.711,32.67,0.02381,4.808,0.01652,0.01557,0.02665,0.0,0.0,0.0,0.0,0.0,0.0,0.0,0.0,0.0,0.0,0.0,0.0,0.0,0.0,0.0,0.0,0.0,0.0,0.0,0.0,0.0,0.0,0.0,0.0,0.0,0.0,0.0,0.0,0.0,0.0,0.0,0.0,0.0,0.0,0.0,0.0,0.0,0.0,0.0,0.0,0.0,0.0,0.0,0.0,0.0,0.0,1.0E-4,20760.0,9.55E25,2925.0,3577.0,1002.0,195800.0,16750.0,11200.0,3175.0,3484.0,2011.0,0.5971,279.5,19.42,98.09,80.0,31.93,8.812,2.206,0.3924,0.3656,0.1173,0.1244,1651.0,23.71,67.57,27.23,42.0,3.868,3.607,0.6069,0.5412,0.1603,19.58,0.3148,0.7528,3.987,9.111,0.9285,2.161,0.7514,0.1224,0.1272,0.0496,0.0,0.0,0.0,0.0,0.0,0.0,0.0,0.0,0.0,0.0,0.0,0.5794,0.0475,0.5568,0.8692,0.3016,2.017,2.558,1.115,0.2969,0.3019,0.05948,9.798E-6,4.371E-6,1.604E-4,2.39E-4,6.506E-5,3.961E-4,6.172E-5,3.229E-5,9.568E-6,8.848E-6,2.335E-6,
0.0,0.0,0.0,0.0,0.0,0.0,0.0,0.0,0.0,0.0,0.0,0.0,0.0,0.0,0.0,0.0,0.0,0.0,0.0,0.0,0.0,0.0,2.8E-6,0.01122,0.02698,0.6863,1.151,0.4883,1.171,0.3028,0.09273,0.02876,0.0305,0.01564,0.0,0.0,0.0,0.0,0.0,0.0,0.0,0.0,0.0,0.0,0.0,0.0,0.0,0.0,0.0,0.0,0.0,0.0,0.0,0.0,0.0,0.0,2.265E-22,0.0,4.599,9.128,1.711,32.67,0.02381,4.808,0.01652,0.01557,0.02665,0.0,0.0,0.0,0.0,0.0,0.0,0.0,0.0,0.0,0.0,0.0,0.0,0.0,0.0,0.0,0.0,0.0,0.0,0.0,0.0,0.0,0.0,0.0,0.0,0.0,0.0,0.0,0.0,0.0,0.0,0.0,0.0,0.0,0.0,0.0,0.0,0.0,0.0,0.0,0.0,0.0,0.0,0.0,0.0,0.0,0.0,1.0E-4,20760.0,9.55E25,2924.0,3575.0,1000.0,195800.0,16640.0,11220.0,3220.0,3444.0,2103.0,0.5971,279.5,19.42,98.08,80.0,31.93,8.736,2.2,0.3884,0.3612,0.2183,0.1244,1651.0,23.71,67.57,27.23,42.0,3.873,3.6,0.6032,0.5411,0.1712,19.58,0.3148,0.7515,3.985,9.109,0.9285,2.119,0.7496,0.1212,0.1252,0.101,0.0,0.0,0.0,0.0,0.0,0.0,0.0,0.0,0.0,0.0,0.0,0.5794,0.0475,0.5561,0.8683,0.3009,2.017,2.534,1.116,0.3009,0.2938,0.08879,9.798E-6,4.371E-6,1.603E-4,2.39E-4,6.501E-5,3.96E-4,6.042E-5,3.228E-5,9.641E-6,8.624E-6,3.925E-6,
0.0,0.0,0.0,0.0,0.0,0.0,0.0,0.0,0.0,0.0,0.0,0.0,0.0,0.0,0.0,0.0,0.0,0.0,0.0,0.0,0.0,0.0,2.8E-6,0.01122,0.02703,0.6862,1.15,0.4882,1.17,0.3036,0.09231,0.02689,0.03187,0.01571,0.0,0.0,0.0,0.0,0.0,0.0,0.0,0.0,0.0,0.0,0.0,0.0,0.0,0.0,0.0,0.0,0.0,0.0,0.0,0.0,0.0,0.0,2.265E-22,0.0,4.599,9.128,1.712,32.67,0.01225,4.808,0.02788,0.01564,0.02677,0.0,0.0,0.0,0.0,0.0,0.0,0.0,0.0,0.0,0.0,0.0,0.0,0.0,0.0,0.0,0.0,0.0,0.0,0.0,0.0,0.0,0.0,0.0,0.0,0.0,0.0,0.0,0.0,0.0,0.0,0.0,0.0,0.0,0.0,0.0,0.0,0.0,0.0,0.0,0.0,0.0,0.0,0.0,0.0,0.0,0.0,1.0E-4,20760.0,9.55E25,2923.0,3574.0,999.4,195800.0,16650.0,11230.0,3022.0,3610.0,2100.0,0.5971,279.5,19.42,98.08,80.0,31.93,8.722,2.206,0.3924,0.3611,0.2197,0.1244,1651.0,23.71,67.57,27.23,42.0,3.903,3.561,0.6096,0.5419,0.173,19.58,0.3166,0.7516,3.985,9.109,0.9285,2.108,0.7567,0.1227,0.1251,0.1016,0.0,0.0,0.0,0.0,0.0,0.0,0.0,0.0,0.0,0.0,0.0,0.5794,0.04942,0.5561,0.8683,0.3009,2.017,2.528,1.124,0.2821,0.3093,0.08959,9.798E-6,4.419E-6,1.603E-4,2.39E-4,6.5E-5,3.959E-4,6.045E-5,3.232E-5,9.055E-6,9.077E-6,3.946E-6,
0.0,0.0,0.0,0.0,0.0,0.0,0.0,0.0,0.0,0.0,0.0,0.0,0.0,0.0,0.0,0.0,0.0,0.0,0.0,0.0,0.0,0.0,2.8E-6,0.0113,0.02703,0.6862,1.15,0.4882,1.17,0.3035,0.09237,0.02768,0.03103,0.0157,0.0,0.0,0.0,0.0,0.0,0.0,0.0,0.0,0.0,0.0,0.0,0.0,0.0,0.0,0.0,0.0,0.0,0.0,0.0,0.0,0.0,0.0,2.265E-22,0.0,4.599,9.128,1.712,32.67,0.01225,4.808,0.02788,0.01564,0.02677,0.0,0.0,0.0,0.0,0.0,0.0,0.0,0.0,0.0,0.0,0.0,0.0,0.0,0.0,0.0,0.0,0.0,0.0,0.0,0.0,0.0,0.0,0.0,0.0,0.0,0.0,0.0,0.0,0.0,0.0,0.0,0.0,0.0,0.0,0.0,0.0,0.0,0.0,0.0,0.0,0.0,0.0,0.0,0.0,0.0,0.0,1.0E-4,20770.0,9.55E25,2923.0,3574.0,999.1,195800.0,16640.0,11240.0,3112.0,3522.0,2085.0,0.5994,279.5,19.42,98.08,80.0,31.93,8.722,2.205,0.3918,0.3625,0.2169,0.1244,1651.0,23.71,67.57,27.23,42.0,3.903,3.561,0.6097,0.5445,0.1704,19.58,0.3166,0.7516,3.985,9.109,0.9285,2.108,0.7563,0.1221,0.1253,0.1001,0.0,0.0,0.0,0.0,0.0,0.0,0.0,0.0,0.0,0.0,0.0,0.581,0.04942,0.5561,0.8682,0.3009,2.017,2.527,1.124,0.2907,0.3,0.08877,9.821E-6,4.419E-6,1.603E-4,2.39E-4,6.499E-5,3.959E-4,6.043E-5,3.234E-5,9.32E-6,8.797E-6,3.939E-6,
0.0,0.0,0.0,0.0,0.0,0.0,0.0,0.0,0.0,0.0,0.0,0.0,0.0,0.0,0.0,0.0,0.0,0.0,0.0,0.0,0.0,0.0,2.8E-6,0.0113,0.02703,0.6766,1.139,0.4882,1.19,0.3034,0.09279,0.02838,0.03042,0.01548,0.0,0.0,0.0,0.0,0.0,0.0,0.0,0.0,0.0,0.0,0.0,0.0,0.0,0.0,0.0,0.0,0.0,0.0,0.0,0.0,0.0,0.0,2.265E-22,0.0,4.588,9.113,1.703,32.67,0.01015,4.867,0.01899,0.01066,0.01824,0.0,0.0,0.0,0.0,0.0,0.0,0.0,0.0,0.0,0.0,0.0,0.0,0.0,0.0,0.0,0.0,0.0,0.0,0.0,0.0,0.0,0.0,0.0,0.0,0.0,0.0,0.0,0.0,0.0,0.0,0.0,0.0,0.0,0.0,0.0,0.0,0.0,0.0,0.0,0.0,0.0,0.0,0.0,0.0,0.0,0.0,1.0E-4,20770.0,9.55E25,3023.0,3690.0,992.8,195500.0,16640.0,11290.0,3186.0,3453.0,2115.0,0.5994,279.5,19.42,98.08,80.0,31.92,8.713,2.225,0.3894,0.3639,0.2157,0.1244,1651.0,23.7,67.57,27.23,42.0,3.894,3.592,0.6034,0.5474,0.1654,19.58,0.3166,0.7508,3.984,9.109,0.9277,2.106,0.7628,0.1209,0.1255,0.1002,0.0,0.0,0.0,0.0,0.0,0.0,0.0,0.0,0.0,0.0,0.0,0.581,0.04942,0.5551,0.8669,0.3003,2.017,2.525,1.129,0.2974,0.2937,0.08784,9.821E-6,4.419E-6,1.6E-4,2.386E-4,6.497E-5,3.963E-4,6.04E-5,3.248E-5,9.488E-6,8.639E-6,3.894E-6,
0.0,0.0,0.0,0.0,0.0,0.0,0.0,0.0,0.0,0.0,0.0,0.0,0.0,0.0,0.0,0.0,0.0,0.0,0.0,0.0,0.0,0.0,2.8E-6,0.01187,0.02703,0.6765,1.139,0.4881,1.189,0.3033,0.09516,0.02508,0.031,0.0153,0.0,0.0,0.0,0.0,0.0,0.0,0.0,0.0,0.0,0.0,0.0,0.0,0.0,0.0,0.0,0.0,0.0,0.0,0.0,0.0,0.0,0.0,2.265E-22,0.0,4.59,9.116,1.705,32.67,0.01109,4.855,0.02075,0.01164,0.01992,0.0,0.0,0.0,0.0,0.0,0.0,0.0,0.0,0.0,0.0,0.0,0.0,0.0,0.0,0.0,0.0,0.0,0.0,0.0,0.0,0.0,0.0,0.0,0.0,0.0,0.0,0.0,0.0,0.0,0.0,0.0,0.0,0.0,0.0,0.0,0.0,0.0,0.0,0.0,0.0,0.0,0.0,0.0,0.0,0.0,0.0,1.0E-4,20790.0,9.55E25,3025.0,3694.0,994.4,195500.0,16630.0,11560.0,2821.0,3531.0,2145.0,0.6044,279.5,19.42,98.08,80.0,31.92,8.713,2.22,0.3892,0.3645,0.2131,0.1306,1651.0,23.71,67.57,27.23,42.0,3.895,3.582,0.604,0.5493,0.1623,19.59,0.3166,0.751,3.984,9.109,0.9277,2.106,0.7614,0.121,0.1258,0.09942,0.0,0.0,0.0,0.0,0.0,0.0,0.0,0.0,0.0,0.0,0.0,0.583,0.04942,0.5553,0.8672,0.3005,2.017,2.525,1.156,0.2625,0.3009,0.0869,9.929E-6,4.419E-6,1.6E-4,2.386E-4,6.496E-5,3.962E-4,6.037E-5,3.327E-5,8.434E-6,8.826E-6,3.859E-6,
0.0,0.0,0.0,0.0,0.0,0.0,0.0,0.0,0.0,0.0,0.0,0.0,0.0,0.0,0.0,0.0,0.0,0.0,0.0,0.0,0.0,0.0,2.8E-6,0.01187,0.02703,0.6765,1.139,0.4881,1.189,0.3034,0.09475,0.03072,0.02572,0.01519,0.0,0.0,0.0,0.0,0.0,0.0,0.0,0.0,0.0,0.0,0.0,0.0,0.0,0.0,0.0,0.0,0.0,0.0,0.0,0.0,0.0,0.0,2.265E-22,0.0,4.592,9.118,1.706,32.67,0.02435,4.833,0.02207,0.01239,0.02119,0.0,0.0,0.0,0.0,0.0,0.0,0.0,0.0,0.0,0.0,0.0,0.0,0.0,0.0,0.0,0.0,0.0,0.0,0.0,0.0,0.0,0.0,0.0,0.0,0.0,0.0,0.0,0.0,0.0,0.0,0.0,0.0,0.0,0.0,0.0,0.0,0.0,0.0,0.0,0.0,0.0,0.0,0.0,0.0,0.0,0.0,1.0E-4,20790.0,9.55E25,3023.0,3694.0,993.4,195500.0,16660.0,11510.0,3411.0,2975.0,2180.0,0.6044,279.5,19.42,98.08,80.0,31.92,8.718,2.213,0.4348,0.3204,0.2128,0.1306,1651.0,23.71,67.57,27.23,42.0,3.905,3.567,0.673,0.4818,0.1629,19.59,0.3166,0.7512,3.985,9.109,0.9277,2.107,0.7589,0.1368,0.1106,0.09921,0.0,0.0,0.0,0.0,0.0,0.0,0.0,0.0,0.0,0.0,0.0,0.583,0.04942,0.5552,0.8672,0.3004,2.016,2.527,1.151,0.3166,0.2506,0.08589,9.928E-6,4.419E-6,1.6E-4,2.386E-4,6.496E-5,3.961E-4,6.045E-5,3.313E-5,9.928E-6,7.44E-6,3.829E-6,
0.0,0.0,0.0,0.0,0.0,0.0,0.0,0.0,0.0,0.0,0.0,0.0,0.0,0.0,0.0,0.0,0.0,0.0,0.0,0.0,0.0,0.0,2.8E-6,0.01187,0.02703,0.6764,1.138,0.4887,1.188,0.3075,0.0916,0.03087,0.02523,0.01473,0.0,0.0,0.0,0.0,0.0,0.0,0.0,0.0,0.0,0.0,0.0,0.0,0.0,0.0,0.0,0.0,0.0,0.0,0.0,0.0,0.0,0.0,2.265E-22,0.0,4.692,9.209,1.769,33.4,0.4755,4.408,0.013,0.01062,0.01818,0.0,0.0,0.0,0.0,0.0,0.0,0.0,0.0,0.0,0.0,0.0,0.0,0.0,0.0,0.0,0.0,0.0,0.0,0.0,0.0,0.0,0.0,0.0,0.0,0.0,0.0,0.0,0.0,0.0,0.0,0.0,0.0,0.0,0.0,0.0,0.0,0.0,0.0,0.0,0.0,0.0,0.0,0.0,0.0,0.0,0.0,1.0E-4,20790.0,9.55E25,3019.0,3687.0,990.3,195500.0,17160.0,11100.0,3391.0,2950.0,2157.0,0.6044,279.5,19.42,97.95,80.13,31.92,8.874,2.076,0.4307,0.3178,0.2042,0.1306,1651.0,23.7,67.06,27.73,42.0,4.146,3.339,0.6631,0.49,0.1586,19.59,0.3166,0.7507,3.98,9.113,0.9277,2.163,0.7125,0.1357,0.1084,0.09525,0.0,0.0,0.0,0.0,0.0,0.0,0.0,0.0,0.0,0.0,0.0,0.583,0.04942,0.5547,0.8661,0.3004,2.016,2.577,1.109,0.3139,0.249,0.08343,9.928E-6,4.419E-6,1.6E-4,2.384E-4,6.513E-5,3.959E-4,6.195E-5,3.193E-5,9.815E-6,7.391E-6,3.729E-6,
0.0,0.0,0.0,0.0,0.0,0.0,0.0,0.0,0.0,0.0,0.0,0.0,0.0,0.0,0.0,0.0,0.0,0.0,0.0,0.0,0.0,0.0,2.8E-6,0.01187,0.02703,0.6762,1.138,0.4886,1.187,0.3163,0.0828,0.03155,0.02522,0.01452,0.0,0.0,0.0,0.0,0.0,0.0,0.0,0.0,0.0,0.0,0.0,0.0,0.0,0.0,0.0,0.0,0.0,0.0,0.0,0.0,0.0,0.0,2.265E-22,0.0,4.675,9.185,1.756,33.4,0.8882,4.039,0.04245,0.006687,0.004684,0.0,0.0,0.0,0.0,0.0,0.0,0.0,0.0,0.0,0.0,0.0,0.0,0.0,0.0,0.0,0.0,0.0,0.0,0.0,0.0,0.0,0.0,0.0,0.0,0.0,0.0,0.0,0.0,0.0,0.0,0.0,0.0,0.0,0.0,0.0,0.0,0.0,0.0,0.0,0.0,0.0,0.0,0.0,0.0,0.0,0.0,1.0E-4,20790.0,9.55E25,3003.0,3665.0,977.8,195500.0,18090.0,10160.0,3477.0,2944.0,2156.0,0.6044,279.5,19.41,97.94,80.12,31.92,8.997,1.966,0.4425,0.3178,0.1978,0.1306,1651.0,23.7,67.05,27.72,42.0,4.419,3.087,0.6821,0.4901,0.1478,19.59,0.3166,0.7488,3.977,9.111,0.9276,2.195,0.6843,0.1398,0.1084,0.09318,0.0,0.0,0.0,0.0,0.0,0.0,0.0,0.0,0.0,0.0,0.0,0.583,0.04942,0.5531,0.8639,0.2992,2.016,2.661,1.024,0.3223,0.2491,0.08138,9.928E-6,4.419E-6,1.599E-4,2.383E-4,6.508E-5,3.958E-4,6.479E-5,2.907E-5,1.005E-5,7.39E-6,3.667E-6,
0.0,0.0,0.0,0.0,0.0,0.0,0.0,0.0,0.0,0.0,0.0,0.0,0.0,0.0,0.0,0.0,0.0,0.0,0.0,0.0,0.0,0.0,2.8E-6,0.01187,0.02703,0.6761,1.138,0.4886,1.187,0.3141,0.08405,0.03264,0.02541,0.01422,0.0,0.0,0.0,0.0,0.0,0.0,0.0,0.0,0.0,0.0,0.0,0.0,0.0,0.0,0.0,0.0,0.0,0.0,0.0,0.0,0.0,0.0,2.265E-22,0.0,4.675,9.186,1.756,33.4,0.6324,4.208,0.1282,0.006947,0.004866,0.0,0.0,0.0,0.0,0.0,0.0,0.0,0.0,0.0,0.0,0.0,0.0,0.0,0.0,0.0,0.0,0.0,0.0,0.0,0.0,0.0,0.0,0.0,0.0,0.0,0.0,0.0,0.0,0.0,0.0,0.0,0.0,0.0,0.0,0.0,0.0,0.0,0.0,0.0,0.0,0.0,0.0,0.0,0.0,0.0,0.0,1.0E-4,20790.0,9.55E25,3003.0,3665.0,977.5,195500.0,17760.0,10360.0,3610.0,2958.0,2140.0,0.6044,279.5,19.41,97.94,80.12,31.92,8.907,2.025,0.471,0.3179,0.1989,0.1306,1651.0,23.7,67.05,27.72,42.0,4.312,3.149,0.7277,0.4905,0.1471,19.59,0.3166,0.7489,3.977,9.112,0.9276,2.157,0.7105,0.1498,0.1083,0.09425,0.0,0.0,0.0,0.0,0.0,0.0,0.0,0.0,0.0,0.0,0.0,0.583,0.04942,0.5531,0.8639,0.2992,2.016,2.621,1.049,0.3363,0.2506,0.08058,9.928E-6,4.419E-6,1.599E-4,2.383E-4,6.508E-5,3.958E-4,6.389E-5,2.957E-5,1.044E-5,7.443E-6,3.62E-6,
0.0,0.0,0.0,0.0,0.0,0.0,0.0,0.0,0.0,0.0,0.0,0.0,0.0,0.0,0.0,0.0,0.0,0.0,0.0,0.0,0.0,0.0,2.8E-6,0.01187,0.02703,0.6763,1.138,0.4887,1.186,0.3481,0.04985,0.03183,0.02552,0.01438,0.0,0.0,0.0,0.0,0.0,0.0,0.0,0.0,0.0,0.0,0.0,0.0,0.0,0.0,0.0,0.0,0.0,0.0,0.0,0.0,0.0,0.0,2.265E-22,0.0,4.703,9.225,1.778,33.4,4.384,0.4031,0.03621,0.03859,0.02703,0.0,0.0,0.0,0.0,0.0,0.0,0.0,0.0,0.0,0.0,0.0,0.0,0.0,0.0,0.0,0.0,0.0,0.0,0.0,0.0,0.0,0.0,0.0,0.0,0.0,0.0,0.0,0.0,0.0,0.0,0.0,0.0,0.0,0.0,0.0,0.0,0.0,0.0,0.0,0.0,0.0,0.0,0.0,0.0,0.0,0.0,1.0E-4,20790.0,9.55E25,3027.0,3701.0,996.7,195500.0,21940.0,6172.0,3508.0,2974.0,2155.0,0.6044,279.5,19.42,97.95,80.13,31.92,10.23,0.6878,0.4393,0.3288,0.2064,0.1306,1651.0,23.71,67.07,27.73,42.0,6.415,1.02,0.6768,0.5089,0.1592,19.59,0.3166,0.752,3.981,9.114,0.9278,2.62,0.2426,0.1387,0.112,0.09685,0.0,0.0,0.0,0.0,0.0,0.0,0.0,0.0,0.0,0.0,0.0,0.583,0.04942,0.5557,0.8675,0.3012,2.015,3.045,0.6232,0.3254,0.2524,0.08265,9.928E-6,4.419E-6,1.6E-4,2.384E-4,6.513E-5,3.956E-4,7.576E-5,1.765E-5,1.013E-5,7.504E-6,3.68E-6,
0.0,0.0,0.0,0.0,0.0,0.0,0.0,0.0,0.0,0.0,0.0,0.0,0.0,0.0,0.0,0.0,0.0,0.0,0.0,0.0,0.0,0.0,2.8E-6,0.01187,0.02703,0.6762,1.138,0.4886,1.186,0.3481,0.04988,0.03153,0.02583,0.01437,0.0,0.0,0.0,0.0,0.0,0.0,0.0,0.0,0.0,0.0,0.0,0.0,0.0,0.0,0.0,0.0,0.0,0.0,0.0,0.0,0.0,0.0,2.265E-22,0.0,4.703,9.226,1.778,33.4,4.377,0.4077,0.03662,0.03903,0.02734,0.0,0.0,0.0,0.0,0.0,0.0,0.0,0.0,0.0,0.0,0.0,0.0,0.0,0.0,0.0,0.0,0.0,0.0,0.0,0.0,0.0,0.0,0.0,0.0,0.0,0.0,0.0,0.0,0.0,0.0,0.0,0.0,0.0,0.0,0.0,0.0,0.0,0.0,0.0,0.0,0.0,0.0,0.0,0.0,0.0,0.0,1.0E-4,20790.0,9.55E25,3104.0,3940.0,996.3,195200.0,21930.0,6171.0,3483.0,3005.0,2153.0,0.6044,279.5,19.43,97.96,80.13,31.91,10.22,0.6888,0.4395,0.3299,0.2074,0.1306,1651.0,23.71,67.07,27.74,42.0,6.414,1.021,0.6732,0.5111,0.1595,19.59,0.3166,0.7523,3.982,9.114,0.9268,2.618,0.2429,0.1393,0.1124,0.09733,0.0,0.0,0.0,0.0,0.0,0.0,0.0,0.0,0.0,0.0,0.0,0.583,0.04942,0.5556,0.8673,0.3012,2.016,3.043,0.6232,0.3235,0.2557,0.08288,9.928E-6,4.419E-6,1.598E-4,2.378E-4,6.512E-5,3.963E-4,7.574E-5,1.766E-5,1.005E-5,7.605E-6,3.675E-6,
0.0,0.0,0.0,0.0,0.0,0.0,0.0,0.0,0.0,0.0,0.0,0.0,0.0,0.0,0.0,0.0,0.0,0.0,0.0,0.0,0.0,0.0,2.8E-6,0.01187,0.02703,0.6761,1.138,0.4886,1.185,0.348,0.04999,0.03155,0.02579,0.01437,0.0,0.0,0.0,0.0,0.0,0.0,0.0,0.0,0.0,0.0,0.0,0.0,0.0,0.0,0.0,0.0,0.0,0.0,0.0,0.0,0.0,0.0,2.265E-22,0.0,4.703,9.226,1.778,33.4,4.377,0.4077,0.03662,0.03903,0.02734,0.0,0.0,0.0,0.0,0.0,0.0,0.0,0.0,0.0,0.0,0.0,0.0,0.0,0.0,0.0,0.0,0.0,0.0,0.0,0.0,0.0,0.0,0.0,0.0,0.0,0.0,0.0,0.0,0.0,0.0,0.0,0.0,0.0,0.0,0.0,0.0,0.0,0.0,0.0,0.0,0.0,0.0,0.0,0.0,0.0,0.0,1.0E-4,20790.0,9.55E25,3103.0,3939.0,996.1,195200.0,21920.0,6192.0,3485.0,3011.0,2136.0,0.6044,279.5,19.43,97.84,80.25,31.91,10.23,0.6885,0.4397,0.329,0.2074,0.1306,1651.0,23.71,66.89,27.92,42.0,6.415,1.021,0.6739,0.5099,0.1595,19.59,0.3166,0.7523,3.979,9.118,0.9268,2.618,0.2429,0.1392,0.1121,0.09734,0.0,0.0,0.0,0.0,0.0,0.0,0.0,0.0,0.0,0.0,0.0,0.583,0.04942,0.5556,0.8672,0.3012,2.015,3.042,0.6246,0.3236,0.2554,0.08288,9.928E-6,4.419E-6,1.598E-4,2.378E-4,6.511E-5,3.961E-4,7.57E-5,1.77E-5,1.005E-5,7.595E-6,3.675E-6,
0.0,0.0,0.0,0.0,0.0,0.0,0.0,0.0,0.0,0.0,0.0,0.0,0.0,0.0,0.0,0.0,0.0,0.0,0.0,0.0,0.0,0.0,2.8E-6,0.01187,0.02703,0.6761,1.138,0.4886,1.185,0.3482,0.05076,0.03004,0.02632,0.01437,0.0,0.0,0.0,0.0,0.0,0.0,0.0,0.0,0.0,0.0,0.0,0.0,0.0,0.0,0.0,0.0,0.0,0.0,0.0,0.0,0.0,0.0,2.265E-22,0.0,4.704,9.226,1.778,33.4,4.428,0.3542,0.03705,0.03949,0.02766,0.0,0.0,0.0,0.0,0.0,0.0,0.0,0.0,0.0,0.0,0.0,0.0,0.0,0.0,0.0,0.0,0.0,0.0,0.0,0.0,0.0,0.0,0.0,0.0,0.0,0.0,0.0,0.0,0.0,0.0,0.0,0.0,0.0,0.0,0.0,0.0,0.0,0.0,0.0,0.0,0.0,0.0,0.0,0.0,0.0,0.0,1.0E-4,20800.0,9.55E25,3103.0,3940.0,996.0,195200.0,21940.0,6279.0,3311.0,3073.0,2130.0,0.6044,279.5,19.43,97.84,80.25,31.91,10.24,0.6713,0.4396,0.3309,0.2082,0.1306,1651.0,23.71,66.89,27.92,42.0,6.441,0.9904,0.6742,0.5127,0.1599,19.59,0.3166,0.7524,3.979,9.118,0.9268,2.622,0.2372,0.1393,0.1129,0.09795,0.0,0.0,0.0,0.0,0.0,0.0,0.0,0.0,0.0,0.0,0.0,0.583,0.04942,0.5556,0.8673,0.3012,2.015,3.042,0.6332,0.3073,0.2624,0.08386,9.928E-6,4.419E-6,1.598E-4,2.378E-4,6.511E-5,3.961E-4,7.574E-5,1.793E-5,9.576E-6,7.789E-6,3.687E-6,
0.0,0.0,0.0,0.0,0.0,0.0,0.0,0.0,0.0,0.0,0.0,0.0,0.0,0.0,0.0,0.0,0.0,0.0,0.0,0.0,0.0,0.0,2.8E-6,0.01187,0.02703,0.6752,1.139,0.4885,1.184,0.3477,0.052,0.02871,0.02638,0.01494,0.0,0.0,0.0,0.0,0.0,0.0,0.0,0.0,0.0,0.0,0.0,0.0,0.0,0.0,0.0,0.0,0.0,0.0,0.0,0.0,0.0,0.0,2.265E-22,0.0,4.704,9.226,1.778,33.4,4.428,0.3542,0.03705,0.03949,0.02766,0.0,0.0,0.0,0.0,0.0,0.0,0.0,0.0,0.0,0.0,0.0,0.0,0.0,0.0,0.0,0.0,0.0,0.0,0.0,0.0,0.0,0.0,0.0,0.0,0.0,0.0,0.0,0.0,0.0,0.0,0.0,0.0,0.0,0.0,0.0,0.0,0.0,0.0,0.0,0.0,0.0,0.0,0.0,0.0,0.0,0.0,1.0E-4,20800.0,9.55E25,3102.0,3940.0,995.2,195100.0,21930.0,6424.0,3164.0,3106.0,2116.0,0.6044,279.5,19.43,97.84,80.25,31.91,10.23,0.6698,0.4409,0.3324,0.2159,0.1306,1651.0,23.71,66.89,27.92,42.0,6.441,0.9865,0.6765,0.515,0.1592,19.59,0.3166,0.7524,3.979,9.118,0.9268,2.618,0.2367,0.1398,0.1135,0.1021,0.0,0.0,0.0,0.0,0.0,0.0,0.0,0.0,0.0,0.0,0.0,0.583,0.04942,0.5549,0.8678,0.3012,2.015,3.039,0.6469,0.2932,0.2631,0.08612,9.928E-6,4.419E-6,1.595E-4,2.38E-4,6.509E-5,3.959E-4,7.563E-5,1.832E-5,9.163E-6,7.809E-6,3.809E-6,
0.0,0.0,0.0,0.0,0.0,0.0,0.0,0.0,0.0,0.0,0.0,0.0,0.0,0.0,0.0,0.0,0.0,0.0,0.0,0.0,0.0,0.0,2.8E-6,0.01212,0.02719,0.6752,1.139,0.4885,1.183,0.3472,0.05161,0.0292,0.02655,0.01474,0.0,0.0,0.0,0.0,0.0,0.0,0.0,0.0,0.0,0.0,0.0,0.0,0.0,0.0,0.0,0.0,0.0,0.0,0.0,0.0,0.0,0.0,2.264E-22,0.0,4.704,9.226,1.778,33.4,4.428,0.3542,0.03705,0.03949,0.02766,0.0,0.0,0.0,0.0,0.0,0.0,0.0,0.0,0.0,0.0,0.0,0.0,0.0,0.0,0.0,0.0,0.0,0.0,0.0,0.0,0.0,0.0,0.0,0.0,0.0,0.0,0.0,0.0,0.0,0.0,0.0,0.0,0.0,0.0,0.0,0.0,0.0,0.0,0.0,0.0,0.0,0.0,0.0,0.0,0.0,0.0,1.0E-4,20830.0,9.55E25,3102.0,3940.0,995.0,195100.0,21890.0,6375.0,3222.0,3132.0,2207.0,0.6098,279.5,19.43,97.84,80.25,31.91,10.22,0.67,0.4415,0.3348,0.2131,0.1382,1651.0,23.71,66.89,27.92,42.0,6.439,0.985,0.6773,0.5181,0.1494,19.59,0.318,0.7525,3.979,9.118,0.9268,2.613,0.237,0.1401,0.1144,0.1021,0.0,0.0,0.0,0.0,0.0,0.0,0.0,0.0,0.0,0.0,0.0,0.5855,0.05127,0.5549,0.8678,0.3012,2.014,3.033,0.6422,0.2994,0.2648,0.08448,9.994E-6,4.451E-6,1.595E-4,2.38E-4,6.508E-5,3.958E-4,7.551E-5,1.818E-5,9.335E-6,7.852E-6,3.754E-6,
0.0,0.0,0.0,0.0,0.0,0.0,0.0,0.0,0.0,0.0,0.0,0.0,0.0,0.0,0.0,0.0,0.0,0.0,0.0,0.0,0.0,0.0,2.8E-6,0.01212,0.02719,0.6751,1.139,0.4884,1.183,0.3475,0.05151,0.02903,0.02661,0.01467,0.0,0.0,0.0,0.0,0.0,0.0,0.0,0.0,0.0,0.0,0.0,0.0,0.0,0.0,0.0,0.0,0.0,0.0,0.0,0.0,0.0,0.0,2.264E-22,0.0,4.704,9.226,1.778,33.4,4.428,0.3542,0.03705,0.03949,0.02766,0.0,0.0,0.0,0.0,0.0,0.0,0.0,0.0,0.0,0.0,0.0,0.0,0.0,0.0,0.0,0.0,0.0,0.0,0.0,0.0,0.0,0.0,0.0,0.0,0.0,0.0,0.0,0.0,0.0,0.0,0.0,0.0,0.0,0.0,0.0,0.0,0.0,0.0,0.0,0.0,0.0,0.0,0.0,0.0,0.0,0.0,1.0E-4,20830.0,9.55E25,3101.0,3940.0,994.7,195100.0,21910.0,6369.0,3218.0,3144.0,2192.0,0.6098,279.5,19.43,97.84,80.25,31.91,10.22,0.6671,0.4419,0.3361,0.2119,0.1382,1651.0,23.71,66.89,27.92,42.0,6.443,0.9806,0.6782,0.52,0.1475,19.59,0.318,0.7525,3.979,9.118,0.9268,2.613,0.236,0.1403,0.1148,0.1017,0.0,0.0,0.0,0.0,0.0,0.0,0.0,0.0,0.0,0.0,0.0,0.5855,0.05127,0.5549,0.8677,0.3012,2.014,3.035,0.6413,0.2989,0.2655,0.08381,9.994E-6,4.451E-6,1.595E-4,2.38E-4,6.507E-5,3.957E-4,7.555E-5,1.816E-5,9.319E-6,7.871E-6,3.735E-6,
0.0,0.0,0.0,0.0,0.0,0.0,0.0,0.0,0.0,0.0,0.0,0.0,0.0,0.0,0.0,0.0,0.0,0.0,0.0,0.0,0.0,0.0,2.8E-6,0.01211,0.02719,0.6751,1.138,0.4884,1.182,0.3507,0.04787,0.02948,0.0266,0.0147,0.0,0.0,0.0,0.0,0.0,0.0,0.0,0.0,0.0,0.0,0.0,0.0,0.0,0.0,0.0,0.0,0.0,0.0,0.0,0.0,0.0,0.0,2.264E-22,0.0,4.704,9.227,1.779,33.4,4.802,0.0292,0.01429,0.01092,0.02816,0.0,0.0,0.0,0.0,0.0,0.0,0.0,0.0,0.0,0.0,0.0,0.0,0.0,0.0,0.0,0.0,0.0,0.0,0.0,0.0,0.0,0.0,0.0,0.0,0.0,0.0,0.0,0.0,0.0,0.0,0.0,0.0,0.0,0.0,0.0,0.0,0.0,0.0,0.0,0.0,0.0,0.0,0.0,0.0,0.0,0.0,1.0E-4,20820.0,9.55E25,3101.0,3940.0,994.4,195100.0,22300.0,5918.0,3281.0,3147.0,2305.0,0.6098,279.5,19.43,97.84,80.25,31.91,10.34,0.5625,0.4365,0.3288,0.2123,0.1382,1651.0,23.71,66.89,27.92,42.0,6.629,0.8134,0.6688,0.5083,0.1475,19.59,0.318,0.7527,3.979,9.118,0.9268,2.654,0.1991,0.1381,0.1123,0.102,0.0,0.0,0.0,0.0,0.0,0.0,0.0,0.0,0.0,0.0,0.0,0.5855,0.05127,0.5549,0.8678,0.3012,2.014,3.073,0.5954,0.305,0.2659,0.08433,9.992E-6,4.451E-6,1.595E-4,2.38E-4,6.507E-5,3.956E-4,7.665E-5,1.687E-5,9.479E-6,7.882E-6,3.746E-6,
0.0,0.0,0.0,0.0,0.0,0.0,0.0,0.0,0.0,0.0,0.0,0.0,0.0,0.0,0.0,0.0,0.0,0.0,0.0,0.0,0.0,0.0,2.8E-6,0.01211,0.02719,0.6749,1.138,0.4883,1.182,0.3514,0.04803,0.02931,0.02612,0.01489,0.0,0.0,0.0,0.0,0.0,0.0,0.0,0.0,0.0,0.0,0.0,0.0,0.0,0.0,0.0,0.0,0.0,0.0,0.0,0.0,0.0,0.0,2.264E-22,0.0,4.686,9.202,1.765,33.4,4.903,0.01435,0.007023,0.005364,0.01384,0.0,0.0,0.0,0.0,0.0,0.0,0.0,0.0,0.0,0.0,0.0,0.0,0.0,0.0,0.0,0.0,0.0,0.0,0.0,0.0,0.0,0.0,0.0,0.0,0.0,0.0,0.0,0.0,0.0,0.0,0.0,0.0,0.0,0.0,0.0,0.0,0.0,0.0,0.0,0.0,0.0,0.0,0.0,0.0,0.0,0.0,1.0E-4,20820.0,9.55E25,3083.0,3914.0,980.2,195100.0,22400.0,5935.0,3257.0,3142.0,2278.0,0.6098,279.5,19.42,97.84,80.25,31.91,10.37,0.5581,0.4339,0.3235,0.212,0.1382,1651.0,23.7,66.88,27.91,42.0,6.678,0.8063,0.6646,0.5003,0.1465,19.59,0.318,0.7506,3.976,9.116,0.9267,2.665,0.1975,0.1372,0.1105,0.1019,0.0,0.0,0.0,0.0,0.0,0.0,0.0,0.0,0.0,0.0,0.0,0.5855,0.05127,0.5531,0.8651,0.2997,2.014,3.083,0.5968,0.3029,0.2609,0.08629,9.992E-6,4.451E-6,1.594E-4,2.379E-4,6.502E-5,3.956E-4,7.692E-5,1.692E-5,9.412E-6,7.751E-6,3.796E-6,
0.0,0.0,0.0,0.0,0.0,0.0,0.0,0.0,0.0,0.0,0.0,0.0,0.0,0.0,0.0,0.0,0.0,0.0,0.0,0.0,0.0,0.0,2.8E-6,0.01211,0.02719,0.6725,1.136,0.4868,1.188,0.3506,0.04884,0.02907,0.02599,0.01487,0.0,0.0,0.0,0.0,0.0,0.0,0.0,0.0,0.0,0.0,0.0,0.0,0.0,0.0,0.0,0.0,0.0,0.0,0.0,0.0,0.0,0.0,2.264E-22,0.0,4.599,9.128,1.712,33.68,4.8,0.02948,0.01443,0.01102,0.02843,0.0,0.0,0.0,0.0,0.0,0.0,0.0,0.0,0.0,0.0,0.0,0.0,0.0,0.0,0.0,0.0,0.0,0.0,0.0,0.0,0.0,0.0,0.0,0.0,0.0,0.0,0.0,0.0,0.0,0.0,0.0,0.0,0.0,0.0,0.0,0.0,0.0,0.0,0.0,0.0,0.0,0.0,0.0,0.0,0.0,0.0,1.0E-4,20820.0,9.55E25,3178.0,4012.0,1044.0,194900.0,22290.0,6035.0,3221.0,3122.0,2279.0,0.6098,279.5,19.4,97.69,80.37,31.98,10.34,0.5614,0.4333,0.3285,0.2171,0.1382,1651.0,23.6,66.59,28.05,42.28,6.629,0.8114,0.6624,0.5079,0.1555,19.59,0.318,0.7519,3.975,9.121,0.9289,2.654,0.1989,0.1371,0.1124,0.1036,0.0,0.0,0.0,0.0,0.0,0.0,0.0,0.0,0.0,0.0,0.0,0.5855,0.05127,0.554,0.8669,0.3006,2.016,3.072,0.6067,0.2986,0.2603,0.08644,9.992E-6,4.451E-6,1.588E-4,2.374E-4,6.468E-5,3.97E-4,7.661E-5,1.719E-5,9.277E-6,7.742E-6,3.802E-6,
0.0,0.0,0.0,0.0,0.0,0.0,0.0,0.0,0.0,0.0,0.0,0.0,0.0,0.0,0.0,0.0,0.0,0.0,0.0,0.0,0.0,0.0,2.8E-6,0.01211,0.02719,0.6725,1.136,0.4868,1.188,0.3503,0.04888,0.02865,0.02661,0.01484,0.0,0.0,0.0,0.0,0.0,0.0,0.0,0.0,0.0,0.0,0.0,0.0,0.0,0.0,0.0,0.0,0.0,0.0,0.0,0.0,0.0,0.0,2.264E-22,0.0,4.684,9.209,1.766,34.46,4.78,0.0389,0.02631,0.01098,0.02831,0.0,0.0,0.0,0.0,0.0,0.0,0.0,0.0,0.0,0.0,0.0,0.0,0.0,0.0,0.0,0.0,0.0,0.0,0.0,0.0,0.0,0.0,0.0,0.0,0.0,0.0,0.0,0.0,0.0,0.0,0.0,0.0,0.0,0.0,0.0,0.0,0.0,0.0,0.0,0.0,0.0,0.0,0.0,0.0,0.0,0.0,1.0E-4,20820.0,9.55E25,3178.0,4012.0,1044.0,194900.0,22270.0,6041.0,3169.0,3198.0,2273.0,0.6098,279.5,19.4,97.69,80.37,31.98,10.33,0.5622,0.4375,0.3285,0.217,0.1382,1651.0,23.6,66.59,28.05,42.28,6.62,0.8141,0.669,0.5079,0.1555,19.59,0.318,0.7519,3.975,9.121,0.9289,2.652,0.199,0.1386,0.1124,0.1035,0.0,0.0,0.0,0.0,0.0,0.0,0.0,0.0,0.0,0.0,0.0,0.5855,0.05127,0.554,0.8668,0.3006,2.016,3.07,0.6068,0.2945,0.2669,0.08619,9.992E-6,4.451E-6,1.588E-4,2.374E-4,6.468E-5,3.969E-4,7.654E-5,1.72E-5,9.168E-6,7.921E-6,3.795E-6,
0.0,0.0,0.0,0.0,0.0,0.0,0.0,0.0,0.0,0.0,0.0,0.0,0.0,0.0,0.0,0.0,0.0,0.0,0.0,0.0,0.0,0.0,2.8E-6,0.01211,0.02719,0.6724,1.136,0.4867,1.187,0.3503,0.04865,0.02893,0.02661,0.01482,0.0,0.0,0.0,0.0,0.0,0.0,0.0,0.0,0.0,0.0,0.0,0.0,0.0,0.0,0.0,0.0,0.0,0.0,0.0,0.0,0.0,0.0,2.264E-22,0.0,4.684,9.209,1.766,34.46,4.78,0.0389,0.02631,0.01098,0.02831,0.0,0.0,0.0,0.0,0.0,0.0,0.0,0.0,0.0,0.0,0.0,0.0,0.0,0.0,0.0,0.0,0.0,0.0,0.0,0.0,0.0,0.0,0.0,0.0,0.0,0.0,0.0,0.0,0.0,0.0,0.0,0.0,0.0,0.0,0.0,0.0,0.0,0.0,0.0,0.0,0.0,0.0,0.0,0.0,0.0,0.0,1.0E-4,20820.0,9.55E25,3177.0,4012.0,1043.0,194900.0,22270.0,6011.0,3204.0,3195.0,2267.0,0.6098,279.5,19.4,97.69,80.37,31.98,10.33,0.562,0.437,0.3291,0.217,0.1382,1651.0,23.6,66.59,28.05,42.28,6.62,0.8137,0.6681,0.509,0.1555,19.59,0.318,0.7519,3.975,9.121,0.9289,2.652,0.1989,0.1384,0.1126,0.1035,0.0,0.0,0.0,0.0,0.0,0.0,0.0,0.0,0.0,0.0,0.0,0.5855,0.05127,0.5539,0.8668,0.3006,2.016,3.07,0.6038,0.2979,0.267,0.08595,9.992E-6,4.451E-6,1.588E-4,2.373E-4,6.467E-5,3.969E-4,7.654E-5,1.712E-5,9.261E-6,7.923E-6,3.789E-6,
0.0,0.0,0.0,0.0,0.0,0.0,0.0,0.0,0.0,0.0,0.0,0.0,0.0,0.0,0.0,0.0,0.0,0.0,0.0,0.0,0.0,0.0,2.8E-6,0.01221,0.02719,0.6724,1.136,0.4867,1.187,0.3521,0.04876,0.029,0.02627,0.01313,0.0,0.0,0.0,0.0,0.0,0.0,0.0,0.0,0.0,0.0,0.0,0.0,0.0,0.0,0.0,0.0,0.0,0.0,0.0,0.0,0.0,0.0,2.264E-22,0.0,4.684,9.209,1.766,34.46,4.78,0.0389,0.02631,0.01098,0.02831,0.0,0.0,0.0,0.0,0.0,0.0,0.0,0.0,0.0,0.0,0.0,0.0,0.0,0.0,0.0,0.0,0.0,0.0,0.0,0.0,0.0,0.0,0.0,0.0,0.0,0.0,0.0,0.0,0.0,0.0,0.0,0.0,0.0,0.0,0.0,0.0,0.0,0.0,0.0,0.0,0.0,0.0,0.0,0.0,0.0,0.0,1.0E-4,20840.0,9.55E25,3177.0,4011.0,1043.0,194900.0,22320.0,6031.0,3220.0,3151.0,2218.0,0.6121,279.5,19.4,97.69,80.37,31.98,10.36,0.5608,0.4329,0.3327,0.191,0.1415,1651.0,23.6,66.59,28.05,42.28,6.624,0.812,0.6605,0.5168,0.1499,19.59,0.318,0.752,3.975,9.121,0.9289,2.665,0.1986,0.1372,0.1138,0.09004,0.0,0.0,0.0,0.0,0.0,0.0,0.0,0.0,0.0,0.0,0.0,0.5865,0.05127,0.5539,0.8668,0.3006,2.016,3.075,0.6055,0.2981,0.2641,0.08035,1.002E-5,4.451E-6,1.588E-4,2.373E-4,6.466E-5,3.967E-4,7.689E-5,1.716E-5,9.24E-6,7.859E-6,3.461E-6,
0.0,0.0,0.0,0.0,0.0,0.0,0.0,0.0,0.0,0.0,0.0,0.0,0.0,0.0,0.0,0.0,0.0,0.0,0.0,0.0,0.0,0.0,2.8E-6,0.01221,0.02719,0.6723,1.136,0.4866,1.186,0.3522,0.04998,0.02882,0.02511,0.01315,0.0,0.0,0.0,0.0,0.0,0.0,0.0,0.0,0.0,0.0,0.0,0.0,0.0,0.0,0.0,0.0,0.0,0.0,0.0,0.0,0.0,0.0,2.264E-22,0.0,4.685,9.209,1.767,34.46,4.777,0.03937,0.02662,0.01111,0.02865,0.0,0.0,0.0,0.0,0.0,0.0,0.0,0.0,0.0,0.0,0.0,0.0,0.0,0.0,0.0,0.0,0.0,0.0,0.0,0.0,0.0,0.0,0.0,0.0,0.0,0.0,0.0,0.0,0.0,0.0,0.0,0.0,0.0,0.0,0.0,0.0,0.0,0.0,0.0,0.0,0.0,0.0,0.0,0.0,0.0,0.0,1.0E-4,20840.0,9.55E25,3176.0,4012.0,1042.0,194900.0,22330.0,6165.0,3210.0,3008.0,2220.0,0.6121,279.5,19.4,97.69,80.37,31.98,10.36,0.5578,0.4319,0.3356,0.1909,0.1415,1651.0,23.6,66.59,28.05,42.28,6.623,0.8088,0.6572,0.5232,0.1504,19.59,0.318,0.752,3.975,9.121,0.9289,2.666,0.1972,0.1371,0.1146,0.0899,0.0,0.0,0.0,0.0,0.0,0.0,0.0,0.0,0.0,0.0,0.0,0.5865,0.05127,0.5539,0.8668,0.3006,2.015,3.077,0.6177,0.2959,0.2522,0.08045,1.002E-5,4.451E-6,1.588E-4,2.373E-4,6.465E-5,3.966E-4,7.692E-5,1.752E-5,9.139E-6,7.558E-6,3.467E-6,
0.0,0.0,0.0,0.0,0.0,0.0,0.0,0.0,0.0,0.0,0.0,0.0,0.0,0.0,0.0,0.0,0.0,0.0,0.0,0.0,0.0,0.0,2.8E-6,0.01221,0.02719,0.6723,1.136,0.4866,1.185,0.3521,0.04901,0.03038,0.02464,0.01316,0.0,0.0,0.0,0.0,0.0,0.0,0.0,0.0,0.0,0.0,0.0,0.0,0.0,0.0,0.0,0.0,0.0,0.0,0.0,0.0,0.0,0.0,2.264E-22,0.0,4.685,9.209,1.767,34.46,4.777,0.03937,0.02662,0.01111,0.02865,0.0,0.0,0.0,0.0,0.0,0.0,0.0,0.0,0.0,0.0,0.0,0.0,0.0,0.0,0.0,0.0,0.0,0.0,0.0,0.0,0.0,0.0,0.0,0.0,0.0,0.0,0.0,0.0,0.0,0.0,0.0,0.0,0.0,0.0,0.0,0.0,0.0,0.0,0.0,0.0,0.0,0.0,0.0,0.0,0.0,0.0,1.0E-4,20830.0,9.55E25,3176.0,4011.0,1042.0,194900.0,22320.0,6051.0,3395.0,2959.0,2260.0,0.612,279.5,19.4,97.69,80.37,31.98,10.36,0.5569,0.4315,0.336,0.1909,0.1415,1651.0,23.6,66.59,28.05,42.28,6.625,0.8069,0.6564,0.5239,0.1506,19.59,0.318,0.752,3.975,9.121,0.9289,2.666,0.197,0.1369,0.1148,0.08992,0.0,0.0,0.0,0.0,0.0,0.0,0.0,0.0,0.0,0.0,0.0,0.5865,0.05127,0.5539,0.8668,0.3006,2.015,3.075,0.6068,0.3134,0.2471,0.08054,1.002E-5,4.451E-6,1.588E-4,2.373E-4,6.464E-5,3.965E-4,7.688E-5,1.721E-5,9.629E-6,7.417E-6,3.47E-6,
0.0,0.0,0.0,0.0,0.0,0.0,0.0,0.0,0.0,0.0,0.0,0.0,0.0,0.0,0.0,0.0,0.0,0.0,0.0,0.0,0.0,0.0,2.8E-6,0.01221,0.02719,0.6712,1.137,0.4866,1.185,0.3521,0.05024,0.0291,0.0247,0.01313,0.0,0.0,0.0,0.0,0.0,0.0,0.0,0.0,0.0,0.0,0.0,0.0,0.0,0.0,0.0,0.0,0.0,0.0,0.0,0.0,0.0,0.0,2.264E-22,0.0,4.685,9.209,1.767,34.46,4.777,0.03937,0.02662,0.01111,0.02865,0.0,0.0,0.0,0.0,0.0,0.0,0.0,0.0,0.0,0.0,0.0,0.0,0.0,0.0,0.0,0.0,0.0,0.0,0.0,0.0,0.0,0.0,0.0,0.0,0.0,0.0,0.0,0.0,0.0,0.0,0.0,0.0,0.0,0.0,0.0,0.0,0.0,0.0,0.0,0.0,0.0,0.0,0.0,0.0,0.0,0.0,1.0E-4,20830.0,9.55E25,3174.0,4012.0,1042.0,194900.0,22330.0,6192.0,3249.0,2966.0,2246.0,0.612,279.5,19.4,97.57,80.49,31.98,10.36,0.5553,0.4315,0.338,0.1904,0.1415,1651.0,23.6,66.4,28.24,42.28,6.625,0.8041,0.6565,0.5269,0.1498,19.59,0.318,0.752,3.972,9.125,0.9289,2.666,0.1964,0.1369,0.1154,0.08969,0.0,0.0,0.0,0.0,0.0,0.0,0.0,0.0,0.0,0.0,0.0,0.5865,0.05127,0.5536,0.867,0.3006,2.015,3.075,0.6203,0.2991,0.2479,0.08025,1.002E-5,4.451E-6,1.586E-4,2.374E-4,6.464E-5,3.964E-4,7.689E-5,1.759E-5,9.224E-6,7.443E-6,3.466E-6,
