R-TfaEn,REn,RabA,RabB,RabC,RabD,RabE,RabF,RabG,RabH,RabI,TfaEn,area,cMHCIEn,exCxEn,imCxEn,membraneMarker,mvb,oMHCIEn,ovaEn,pepEn,pepMHCIEn,protonEn,solubleMarker,volume,
3.7E-36,2.7,3199999.9999999995,0.0,0.0,0.0,0.0,0.0,0.0,0.0,0.0,0.47,3199999.9999999995,36.0,0.0,0.0,0.0,1.0,0.0043,0.0,0.0,0.0,270.0,1.0,5.0E8,
8.2E-42,2.7,3199999.9999999995,0.0,0.0,0.0,0.0,0.0,0.0,0.0,0.0,0.47,3199999.9999999995,36.0,0.0,0.0,0.0,2.0,2.3E-6,0.0,0.0,0.0,31000.0,1.0,5.0E8,
2.5E-34,11.0,3299999.9999999995,120000.0,2200.0,0.0,0.0,0.0,0.0,0.0,0.0,1.8,3399999.9999999995,110.0,0.91,0.91,0.0,6.0,2.2,0.0,0.0,0.0,62000.0,1.0,5.0E8,
1.4E-35,0.64,3099999.9999999995,1600.0,2200.0,0.0,0.0,0.0,0.0,0.0,0.0,1.8,3099999.9999999995,6.6,0.21,0.21,0.0,7.0,1.4E-5,0.0,0.0,0.0,74000.0,1.0,5.0E8,
1.4E-35,0.64,3099999.9999999995,1600.0,2200.0,0.0,0.0,0.0,0.0,0.0,0.0,1.8,3099999.9999999995,6.6,0.21,0.21,0.0,7.0,4.7E-5,0.0,0.0,0.0,97000.0,1.0,5.0E8,
1.4E-35,0.63,3099999.9999999995,1600.0,2200.0,0.0,0.0,0.0,0.0,0.0,0.0,1.8,3099999.9999999995,6.6,0.21,0.21,0.0,8.0,1.1E-4,0.0,0.0,0.0,120000.0,1.0,5.0E8,
1.4E-35,0.63,3099999.9999999995,1600.0,2200.0,0.0,0.0,0.0,0.0,0.0,0.0,1.8,3099999.9999999995,6.6,0.21,0.21,0.0,8.0,2.2E-4,0.0,0.0,0.0,130000.0,1.0,5.0E8,
1.4E-35,0.63,3099999.9999999995,1500.0,2200.0,0.0,0.0,0.0,0.0,0.0,0.0,1.8,3099999.9999999995,6.6,0.21,0.21,0.0,9.0,4.1E-4,0.0,0.0,0.0,150000.0,1.0,5.0E8,
1.4E-35,0.63,3099999.9999999995,1500.0,2200.0,0.0,0.0,0.0,0.0,0.0,0.0,1.8,3099999.9999999995,6.6,0.21,0.21,0.0,11.0,7.1E-4,0.0,0.0,0.0,170000.0,1.0,5.0E8,
1.4E-35,0.63,3099999.9999999995,1500.0,2200.0,0.0,0.0,0.0,0.0,0.0,0.0,1.8,3099999.9999999995,6.5,0.21,0.21,0.0,12.0,0.0012,0.0,0.0,0.0,180000.0,1.0,5.0E8,
1.4E-35,0.63,3099999.9999999995,1500.0,2200.0,0.0,0.0,0.0,0.0,0.0,0.0,1.8,3099999.9999999995,6.5,0.21,0.21,0.0,12.0,0.0019,0.0,0.0,0.0,200000.0,1.0,5.0E8,
1.4E-35,0.63,3099999.9999999995,1500.0,2200.0,0.0,0.0,0.0,0.0,0.0,0.0,1.8,3099999.9999999995,6.5,0.21,0.21,0.0,14.0,0.0029,0.0,0.0,0.0,210000.0,1.0,5.0E8,
1.4E-35,0.63,3099999.9999999995,1500.0,2200.0,0.0,0.0,0.0,0.0,0.0,0.0,1.8,3099999.9999999995,6.5,0.21,0.21,0.0,14.0,0.0027,0.0,0.0,0.0,210000.0,1.0,5.0E8,
1.4E-35,0.63,3099999.9999999995,1500.0,2200.0,0.0,0.0,0.0,0.0,0.0,0.0,1.8,3099999.9999999995,6.5,0.21,0.21,0.0,16.0,0.0028,0.0,0.0,0.0,210000.0,1.0,5.0E8,
1.4E-35,0.62,3099999.9999999995,1500.0,2200.0,0.0,0.0,0.0,0.0,0.0,0.0,1.8,3099999.9999999995,6.5,0.2,0.2,0.0,19.0,0.0034,0.0,0.0,0.0,220000.0,1.0,5.0E8,
1.4E-35,0.62,2999999.9999999995,1500.0,2200.0,0.0,0.0,0.0,0.0,0.0,0.0,1.8,3099999.9999999995,6.4,0.2,0.2,0.0,21.0,0.0044,0.0,0.0,0.0,230000.0,1.0,5.0E8,
1.4E-35,0.62,2999999.9999999995,1500.0,2200.0,0.0,0.0,0.0,0.0,0.0,0.0,1.8,3099999.9999999995,6.4,0.2,0.2,0.0,21.0,0.006,0.0,0.0,0.0,240000.0,1.0,5.0E8,
1.4E-35,0.62,2999999.9999999995,1500.0,2200.0,0.0,0.0,0.0,0.0,0.0,0.0,1.8,3099999.9999999995,6.4,0.2,0.2,0.0,21.0,0.0083,0.0,0.0,0.0,250000.0,1.0,5.0E8,
1.4E-35,0.62,2999999.9999999995,1500.0,2200.0,0.0,0.0,0.0,0.0,0.0,0.0,1.8,3099999.9999999995,6.4,0.2,0.2,0.0,21.0,0.011,0.0,0.0,0.0,270000.0,1.0,5.0E8,
1.4E-35,0.62,2999999.9999999995,1500.0,2200.0,0.0,0.0,0.0,0.0,0.0,0.0,1.8,3099999.9999999995,6.4,0.2,0.2,0.0,21.0,0.016,0.0,0.0,0.0,280000.0,1.0,5.0E8,
1.4E-35,0.62,2999999.9999999995,1500.0,2200.0,0.0,0.0,0.0,0.0,0.0,0.0,1.8,3099999.9999999995,6.4,0.2,0.2,0.0,21.0,0.014,0.0,0.0,0.0,280000.0,1.0,5.0E8,
2.3E-34,11.0,3199999.9999999995,120000.0,64.0,38000.0,0.0,0.0,0.0,0.0,0.0,2.9,3299999.9999999995,110.0,1.1,1.1,0.0,37.0,0.43,0.0,0.0,0.0,310000.0,1.0,5.1E8,
2.3E-34,11.0,2899999.9999999995,120000.0,64.0,38000.0,0.0,0.0,0.0,0.0,0.0,2.9,3099999.9999999995,110.0,1.1,1.1,0.0,37.0,0.4,0.0,0.0,0.0,300000.0,1.0,5.0E8,
2.1E-34,11.0,2899999.9999999995,110000.0,64.0,38000.0,0.0,0.0,0.0,0.0,0.0,2.9,3099999.9999999995,110.0,1.0,1.0,0.0,41.0,0.42,0.0,0.0,0.0,310000.0,1.0,5.0E8,
2.1E-34,11.0,2899999.9999999995,110000.0,64.0,38000.0,0.0,0.0,0.0,0.0,0.0,2.9,3099999.9999999995,110.0,1.0,1.0,0.0,41.0,0.54,0.0,0.0,0.0,320000.0,1.0,5.0E8,
2.1E-34,11.0,2899999.9999999995,110000.0,64.0,37000.0,0.0,0.0,0.0,0.0,0.0,2.9,3099999.9999999995,110.0,1.0,1.0,0.0,43.0,0.77,0.0,0.0,0.0,340000.0,1.0,5.0E8,
2.1E-34,10.0,2899999.9999999995,110000.0,64.0,37000.0,0.0,0.0,0.0,0.0,0.0,2.9,3099999.9999999995,100.0,1.0,1.0,0.0,44.0,1.2,0.0,0.0,0.0,360000.0,1.0,5.0E8,
2.1E-34,10.0,2899999.9999999995,110000.0,64.0,37000.0,0.0,0.0,0.0,0.0,0.0,2.9,3099999.9999999995,100.0,1.0,1.0,0.0,44.0,1.8,0.0,0.0,0.0,380000.0,1.0,5.0E8,
2.1E-34,10.0,2899999.9999999995,110000.0,64.0,37000.0,0.0,0.0,0.0,0.0,0.0,2.9,3099999.9999999995,100.0,1.0,1.0,0.0,44.0,2.8,0.0,0.0,0.0,410000.0,1.0,5.0E8,
2.1E-34,10.0,2899999.9999999995,110000.0,64.0,37000.0,0.0,0.0,0.0,0.0,0.0,2.9,3099999.9999999995,100.0,1.0,1.0,0.0,44.0,4.2,0.0,0.0,0.0,440000.0,1.0,5.0E8,
2.1E-34,10.0,2899999.9999999995,110000.0,64.0,37000.0,0.0,0.0,0.0,0.0,0.0,2.9,3099999.9999999995,99.0,1.0,1.0,0.0,44.0,6.2,0.0,0.0,0.0,470000.0,1.0,5.0E8,
2.1E-34,10.0,2899999.9999999995,110000.0,64.0,37000.0,0.0,0.0,0.0,0.0,0.0,2.9,3099999.9999999995,100.0,1.0,1.0,0.0,44.0,5.9,0.0,0.0,0.0,460000.0,1.0,5.0E8,
2.1E-34,10.0,2899999.9999999995,110000.0,64.0,37000.0,0.0,0.0,0.0,0.0,0.0,2.9,3099999.9999999995,100.0,1.0,1.0,0.0,44.0,4.6,0.0,0.0,0.0,440000.0,1.0,5.0E8,
2.1E-34,10.0,2899999.9999999995,110000.0,64.0,37000.0,0.0,0.0,0.0,0.0,0.0,2.9,3099999.9999999995,100.0,1.0,1.0,0.0,44.0,4.6,0.0,0.0,0.0,440000.0,1.0,5.0E8,
2.1E-34,10.0,2899999.9999999995,110000.0,64.0,37000.0,0.0,0.0,0.0,0.0,0.0,2.9,3099999.9999999995,100.0,1.0,1.0,0.0,44.0,5.4,0.0,0.0,0.0,460000.0,1.0,5.0E8,
2.9E-34,13.0,2999999.9999999995,150000.0,120.0,37000.0,0.0,0.0,0.0,0.0,0.0,3.4,3199999.9999999995,130.0,1.3,1.3,0.0,49.0,6.2,0.0,0.0,0.0,450000.0,1.0,5.0E8,
2.9E-34,13.0,2899999.9999999995,150000.0,120.0,37000.0,0.0,0.0,0.0,0.0,0.0,3.4,3099999.9999999995,130.0,1.3,1.3,0.0,49.0,4.5,0.0,0.0,0.0,430000.0,1.0,5.0E8,
2.9E-34,13.0,2700000.0,290000.0,120.0,37000.0,0.0,0.0,0.0,0.0,0.0,3.4,3099999.9999999995,130.0,1.3,1.3,0.0,49.0,4.1,0.0,0.0,0.0,420000.0,1.0,5.0E8,
2.9E-34,13.0,2700000.0,290000.0,120.0,37000.0,0.0,0.0,0.0,0.0,0.0,3.4,3099999.9999999995,130.0,1.3,1.3,0.0,49.0,4.5,0.0,0.0,0.0,430000.0,1.0,5.0E8,
2.9E-34,13.0,2700000.0,290000.0,120.0,37000.0,0.0,0.0,0.0,0.0,0.0,3.4,3099999.9999999995,130.0,1.3,1.3,0.0,49.0,5.7,0.0,0.0,0.0,440000.0,1.0,5.0E8,
2.9E-34,13.0,2700000.0,290000.0,120.0,37000.0,0.0,0.0,0.0,0.0,0.0,3.4,3099999.9999999995,130.0,1.3,1.3,0.0,49.0,7.5,0.0,0.0,0.0,460000.0,1.0,5.0E8,
3.2E-34,14.0,2700000.0,310000.0,2100.0,51000.0,0.0,0.0,0.0,0.0,0.0,3.5,3099999.9999999995,130.0,1.5,1.5,0.0,49.0,6.5,0.0,0.0,0.0,450000.0,1.0,5.0E8,
3.2E-34,14.0,2700000.0,310000.0,2100.0,50000.0,0.0,0.0,0.0,0.0,0.0,3.5,3099999.9999999995,130.0,1.5,1.5,0.0,50.0,5.8,0.0,0.0,0.0,440000.0,1.0,5.0E8,
3.2E-34,14.0,2700000.0,310000.0,2100.0,50000.0,0.0,0.0,0.0,0.0,0.0,3.5,3099999.9999999995,130.0,1.5,1.5,0.0,50.0,6.5,0.0,0.0,0.0,450000.0,1.0,5.0E8,
3.2E-34,14.0,2700000.0,310000.0,2100.0,50000.0,0.0,0.0,0.0,0.0,0.0,3.5,3099999.9999999995,130.0,1.5,1.5,0.0,50.0,8.2,0.0,0.0,0.0,470000.0,1.0,5.0E8,
3.2E-34,14.0,2700000.0,310000.0,2100.0,50000.0,0.0,0.0,0.0,0.0,0.0,3.5,3099999.9999999995,120.0,1.5,1.5,0.0,50.0,11.0,0.0,0.0,0.0,490000.0,1.0,5.0E8,
3.2E-34,14.0,2700000.0,310000.0,2100.0,50000.0,0.0,0.0,0.0,0.0,0.0,3.5,3099999.9999999995,120.0,1.5,1.5,0.0,50.0,15.0,0.0,0.0,0.0,520000.0,1.0,5.0E8,
3.2E-34,14.0,2700000.0,310000.0,2100.0,50000.0,0.0,0.0,0.0,0.0,0.0,3.5,3099999.9999999995,110.0,1.5,1.5,0.0,50.0,21.0,0.0,0.0,0.0,550000.0,1.0,5.0E8,
3.2E-34,14.0,2700000.0,310000.0,2100.0,50000.0,0.0,0.0,0.0,0.0,0.0,3.5,3099999.9999999995,110.0,1.5,1.5,0.0,50.0,28.0,0.0,0.0,0.0,580000.0,1.0,5.0E8,
3.2E-34,14.0,2700000.0,310000.0,2100.0,50000.0,0.0,0.0,0.0,0.0,0.0,3.5,3099999.9999999995,100.0,1.5,1.5,0.0,50.0,32.0,0.0,0.0,0.0,600000.0,1.0,5.0E8,
3.2E-34,14.0,2700000.0,310000.0,2100.0,50000.0,0.0,0.0,0.0,0.0,0.0,3.5,3099999.9999999995,110.0,1.5,1.5,0.0,50.0,22.0,0.0,0.0,0.0,560000.0,1.0,5.0E8,
3.2E-34,14.0,2600000.0,440000.0,2100.0,50000.0,0.0,0.0,0.0,0.0,0.0,3.5,3099999.9999999995,120.0,1.5,1.5,0.0,50.0,20.0,0.0,0.0,0.0,540000.0,1.0,5.0E8,
3.2E-34,14.0,2600000.0,440000.0,2100.0,50000.0,0.0,0.0,0.0,0.0,0.0,3.5,3099999.9999999995,110.0,1.5,1.5,0.0,50.0,21.0,0.0,0.0,0.0,550000.0,1.0,5.0E8,
3.2E-34,14.0,2600000.0,440000.0,2100.0,50000.0,0.0,0.0,0.0,0.0,0.0,3.5,3099999.9999999995,110.0,1.5,1.5,0.0,50.0,24.0,0.0,0.0,0.0,560000.0,1.0,5.0E8,
3.2E-34,14.0,2600000.0,440000.0,2100.0,50000.0,0.0,0.0,0.0,0.0,0.0,3.5,3099999.9999999995,100.0,1.5,1.5,0.0,50.0,30.0,0.0,0.0,0.0,590000.0,1.0,5.0E8,
3.2E-34,14.0,2600000.0,440000.0,2100.0,50000.0,0.0,0.0,0.0,0.0,0.0,3.5,3099999.9999999995,97.0,1.5,1.5,0.0,50.0,37.0,0.0,0.0,0.0,610000.0,1.0,5.0E8,
3.2E-34,14.0,2600000.0,440000.0,2100.0,50000.0,0.0,0.0,0.0,0.0,0.0,3.5,3099999.9999999995,88.0,1.5,1.5,0.0,50.0,46.0,0.0,0.0,0.0,640000.0,1.0,5.0E8,
3.2E-34,14.0,2600000.0,440000.0,2100.0,50000.0,0.0,0.0,0.0,0.0,0.0,3.5,3099999.9999999995,79.0,1.5,1.5,0.0,50.0,56.0,0.0,0.0,0.0,670000.0,1.0,5.0E8,
3.2E-34,14.0,2600000.0,440000.0,2100.0,50000.0,0.0,0.0,0.0,0.0,0.0,3.5,3099999.9999999995,94.0,1.5,1.5,0.0,50.0,41.0,0.0,0.0,0.0,620000.0,1.0,5.0E8,
3.2E-34,14.0,2600000.0,440000.0,2100.0,50000.0,0.0,0.0,0.0,0.0,0.0,3.5,3099999.9999999995,100.0,1.5,1.5,0.0,50.0,32.0,0.0,0.0,0.0,590000.0,1.0,5.0E8,
3.2E-34,14.0,2600000.0,440000.0,2100.0,50000.0,0.0,0.0,0.0,0.0,0.0,3.5,3099999.9999999995,100.0,1.5,1.5,0.0,50.0,30.0,0.0,0.0,0.0,590000.0,1.0,5.0E8,
3.2E-34,14.0,2600000.0,440000.0,2100.0,50000.0,0.0,0.0,0.0,0.0,0.0,3.5,3099999.9999999995,100.0,1.5,1.5,0.0,50.0,32.0,0.0,0.0,0.0,600000.0,1.0,5.0E8,
3.2E-34,14.0,2600000.0,440000.0,2100.0,50000.0,0.0,0.0,0.0,0.0,0.0,3.5,3099999.9999999995,97.0,1.5,1.5,0.0,50.0,37.0,0.0,0.0,0.0,610000.0,1.0,5.0E8,
3.2E-34,14.0,2600000.0,440000.0,2100.0,50000.0,0.0,0.0,0.0,0.0,0.0,3.5,3099999.9999999995,90.0,1.5,1.5,0.0,50.0,45.0,0.0,0.0,0.0,640000.0,1.0,5.0E8,
3.2E-34,14.0,2600000.0,440000.0,2100.0,50000.0,0.0,0.0,0.0,0.0,0.0,3.5,3099999.9999999995,82.0,1.5,1.5,0.0,50.0,53.0,0.0,0.0,0.0,660000.0,1.0,5.0E8,
3.2E-34,14.0,2600000.0,440000.0,2100.0,50000.0,0.0,0.0,0.0,0.0,0.0,3.5,3099999.9999999995,72.0,1.5,1.5,0.0,50.0,63.0,0.0,0.0,0.0,690000.0,1.0,5.0E8,
3.2E-34,14.0,2600000.0,440000.0,2100.0,50000.0,0.0,0.0,0.0,0.0,0.0,3.5,3099999.9999999995,80.0,1.5,1.5,0.0,50.0,55.0,0.0,0.0,0.0,670000.0,1.0,5.0E8,
3.2E-34,14.0,2400000.0,570000.0,2100.0,50000.0,0.0,0.0,0.0,0.0,0.0,3.5,3099999.9999999995,95.0,1.5,1.5,0.0,50.0,40.0,0.0,0.0,0.0,620000.0,1.0,5.0E8,
3.2E-34,14.0,2400000.0,570000.0,2100.0,50000.0,0.0,0.0,0.0,0.0,0.0,3.5,3099999.9999999995,99.0,1.5,1.5,0.0,50.0,35.0,0.0,0.0,0.0,610000.0,1.0,5.0E8,
3.2E-34,14.0,2400000.0,570000.0,2100.0,50000.0,0.0,0.0,0.0,0.0,0.0,3.5,3099999.9999999995,98.0,1.5,1.5,0.0,50.0,36.0,0.0,0.0,0.0,610000.0,1.0,5.0E8,
3.2E-34,14.0,2400000.0,570000.0,2100.0,50000.0,0.0,0.0,0.0,0.0,0.0,3.5,3099999.9999999995,94.0,1.5,1.5,0.0,50.0,40.0,0.0,0.0,0.0,620000.0,1.0,5.0E8,
3.2E-34,14.0,2400000.0,570000.0,2100.0,50000.0,0.0,0.0,0.0,0.0,0.0,3.5,3099999.9999999995,88.0,1.5,1.5,0.0,50.0,47.0,0.0,0.0,0.0,640000.0,1.0,5.0E8,
3.2E-34,14.0,2400000.0,570000.0,2100.0,50000.0,0.0,0.0,0.0,0.0,0.0,3.5,3099999.9999999995,80.0,1.5,1.5,0.0,50.0,55.0,0.0,0.0,0.0,670000.0,1.0,5.0E8,
3.2E-34,14.0,2400000.0,570000.0,2100.0,50000.0,0.0,0.0,0.0,0.0,0.0,3.5,3099999.9999999995,70.0,1.5,1.5,0.0,50.0,64.0,0.0,0.0,0.0,700000.0,1.0,5.0E8,
3.2E-34,14.0,2400000.0,570000.0,2100.0,50000.0,0.0,0.0,0.0,0.0,0.0,3.5,3099999.9999999995,67.0,1.5,1.5,0.0,50.0,67.0,0.0,0.0,0.0,710000.0,1.0,5.0E8,
3.2E-34,14.0,2400000.0,570000.0,2100.0,50000.0,0.0,0.0,0.0,0.0,0.0,3.5,3099999.9999999995,88.0,1.5,1.5,0.0,50.0,47.0,0.0,0.0,0.0,640000.0,1.0,5.0E8,
3.2E-34,14.0,2400000.0,570000.0,2100.0,50000.0,0.0,0.0,0.0,0.0,0.0,3.5,3099999.9999999995,96.0,1.5,1.5,0.0,50.0,39.0,0.0,0.0,0.0,620000.0,1.0,5.0E8,
3.2E-34,14.0,2400000.0,570000.0,2100.0,50000.0,0.0,0.0,0.0,0.0,0.0,3.5,3099999.9999999995,97.0,1.5,1.5,0.0,50.0,37.0,0.0,0.0,0.0,610000.0,1.0,5.0E8,
3.2E-34,14.0,2400000.0,570000.0,2100.0,50000.0,0.0,0.0,0.0,0.0,0.0,3.5,3099999.9999999995,95.0,1.5,1.5,0.0,50.0,40.0,0.0,0.0,0.0,620000.0,1.0,5.0E8,
3.2E-34,14.0,2400000.0,570000.0,2100.0,50000.0,0.0,0.0,0.0,0.0,0.0,3.5,3099999.9999999995,89.0,1.5,1.5,0.0,50.0,46.0,0.0,0.0,0.0,640000.0,1.0,5.0E8,
3.2E-34,14.0,2400000.0,570000.0,2100.0,50000.0,0.0,0.0,0.0,0.0,0.0,3.5,3099999.9999999995,82.0,1.5,1.5,0.0,50.0,53.0,0.0,0.0,0.0,660000.0,1.0,5.0E8,
3.2E-34,14.0,2400000.0,570000.0,2100.0,50000.0,0.0,0.0,0.0,0.0,0.0,3.5,3099999.9999999995,73.0,1.5,1.5,0.0,50.0,62.0,0.0,0.0,0.0,690000.0,1.0,5.0E8,
3.2E-34,14.0,2400000.0,570000.0,2100.0,50000.0,0.0,0.0,0.0,0.0,0.0,3.5,3099999.9999999995,64.0,1.5,1.5,0.0,50.0,71.0,0.0,0.0,0.0,720000.0,1.0,5.0E8,
3.2E-34,14.0,2400000.0,570000.0,2100.0,50000.0,0.0,0.0,0.0,0.0,0.0,3.5,3099999.9999999995,82.0,1.5,1.5,0.0,50.0,52.0,0.0,0.0,0.0,660000.0,1.0,5.0E8,
3.2E-34,14.0,2400000.0,570000.0,2100.0,50000.0,0.0,0.0,0.0,0.0,0.0,3.5,3099999.9999999995,94.0,1.5,1.5,0.0,50.0,41.0,0.0,0.0,0.0,620000.0,1.0,5.0E8,
3.2E-34,14.0,2400000.0,570000.0,2100.0,50000.0,0.0,0.0,0.0,0.0,0.0,3.5,3099999.9999999995,97.0,1.5,1.5,0.0,50.0,37.0,0.0,0.0,0.0,610000.0,1.0,5.0E8,
3.2E-34,14.0,2400000.0,570000.0,2100.0,50000.0,0.0,0.0,0.0,0.0,0.0,3.5,3099999.9999999995,96.0,1.5,1.5,0.0,50.0,39.0,0.0,0.0,0.0,620000.0,1.0,5.0E8,
3.2E-34,14.0,2400000.0,570000.0,2100.0,50000.0,0.0,0.0,0.0,0.0,0.0,3.5,3099999.9999999995,91.0,1.5,1.5,0.0,50.0,44.0,0.0,0.0,0.0,630000.0,1.0,5.0E8,
3.2E-34,14.0,2400000.0,570000.0,2100.0,50000.0,0.0,0.0,0.0,0.0,0.0,3.5,3099999.9999999995,84.0,1.5,1.5,0.0,50.0,51.0,0.0,0.0,0.0,660000.0,1.0,5.0E8,
3.2E-34,14.0,2400000.0,570000.0,2100.0,50000.0,0.0,0.0,0.0,0.0,0.0,3.5,3099999.9999999995,76.0,1.5,1.5,0.0,50.0,59.0,0.0,0.0,0.0,680000.0,1.0,5.0E8,
3.2E-34,14.0,2400000.0,570000.0,2100.0,50000.0,0.0,0.0,0.0,0.0,0.0,3.5,3099999.9999999995,67.0,1.5,1.5,0.0,50.0,68.0,0.0,0.0,0.0,710000.0,1.0,5.0E8,
3.2E-34,14.0,2400000.0,570000.0,2100.0,50000.0,0.0,0.0,0.0,0.0,0.0,3.5,3099999.9999999995,75.0,1.5,1.5,0.0,50.0,59.0,0.0,0.0,0.0,680000.0,1.0,5.0E8,
3.2E-34,14.0,2400000.0,570000.0,2100.0,50000.0,0.0,0.0,0.0,0.0,0.0,3.5,3099999.9999999995,91.0,1.5,1.5,0.0,50.0,43.0,0.0,0.0,0.0,630000.0,1.0,5.0E8,
3.2E-34,14.0,240000.0,570000.0,2100.0,2200000.0,0.0,0.0,0.0,0.0,0.0,3.5,3099999.9999999995,97.0,1.5,1.5,0.0,50.0,38.0,0.0,0.0,0.0,610000.0,1.0,5.0E8,
3.2E-34,14.0,240000.0,570000.0,2100.0,2200000.0,0.0,0.0,0.0,0.0,0.0,3.5,3099999.9999999995,97.0,1.5,1.5,0.0,50.0,38.0,0.0,0.0,0.0,620000.0,1.0,5.0E8,
3.2E-34,14.0,240000.0,570000.0,2100.0,2200000.0,0.0,0.0,0.0,0.0,0.0,3.5,3099999.9999999995,93.0,1.5,1.5,0.0,50.0,42.0,0.0,0.0,0.0,630000.0,1.0,5.0E8,
3.2E-34,14.0,240000.0,570000.0,2100.0,2200000.0,0.0,0.0,0.0,0.0,0.0,3.5,3099999.9999999995,86.0,1.5,1.5,0.0,50.0,48.0,0.0,0.0,0.0,650000.0,1.0,5.0E8,
3.2E-34,14.0,240000.0,570000.0,2100.0,2200000.0,0.0,0.0,0.0,0.0,0.0,3.5,3099999.9999999995,79.0,1.5,1.5,0.0,50.0,56.0,0.0,0.0,0.0,670000.0,1.0,5.0E8,
3.2E-34,14.0,240000.0,570000.0,2100.0,2200000.0,0.0,0.0,0.0,0.0,0.0,3.5,3099999.9999999995,70.0,1.5,1.5,0.0,50.0,65.0,0.0,0.0,0.0,700000.0,1.0,5.0E8,
3.2E-34,14.0,240000.0,570000.0,2100.0,2200000.0,0.0,0.0,0.0,0.0,0.0,3.5,3099999.9999999995,13.0,1.5,1.5,0.0,50.0,120.0,0.0,0.0,0.0,990000.0,1.0,5.0E8,
3.2E-34,14.0,240000.0,570000.0,2100.0,2200000.0,0.0,0.0,0.0,0.0,0.0,3.5,3099999.9999999995,0.1,1.5,1.5,0.0,50.0,130.0,0.0,0.0,0.0,2400000.0,1.0,5.0E8,
3.2E-34,14.0,240000.0,570000.0,2100.0,2200000.0,0.0,0.0,0.0,0.0,0.0,3.5,3099999.9999999995,0.025,1.5,1.5,0.0,50.0,130.0,0.0,0.0,0.0,3599999.9999999995,1.0,5.0E8,
3.2E-34,14.0,240000.0,570000.0,2100.0,2200000.0,0.0,0.0,0.0,0.0,0.0,3.5,3099999.9999999995,0.011,1.5,1.5,0.0,50.0,130.0,0.0,0.0,0.0,4700000.0,1.0,5.0E8,
3.2E-34,14.0,240000.0,570000.0,2100.0,2200000.0,0.0,0.0,0.0,0.0,0.0,3.5,3099999.9999999995,0.0065,1.5,1.5,0.0,50.0,130.0,0.0,0.0,0.0,5699999.999999999,1.0,5.0E8,
3.2E-34,14.0,240000.0,570000.0,2100.0,2200000.0,0.0,0.0,0.0,0.0,0.0,3.5,3099999.9999999995,0.0042,1.5,1.5,0.0,50.0,130.0,0.0,0.0,0.0,6699999.999999999,1.0,5.0E8,
3.2E-34,14.0,240000.0,570000.0,2100.0,2200000.0,0.0,0.0,0.0,0.0,0.0,3.5,3099999.9999999995,0.0029,1.5,1.5,0.0,50.0,130.0,0.0,0.0,0.0,7599999.999999999,1.0,5.0E8,
3.2E-34,14.0,240000.0,570000.0,2100.0,2200000.0,0.0,0.0,0.0,0.0,0.0,3.5,3099999.9999999995,0.0021,1.5,1.5,0.0,50.0,130.0,0.0,0.0,0.0,8500000.0,1.0,5.0E8,
3.2E-34,14.0,240000.0,570000.0,2100.0,2200000.0,0.0,0.0,0.0,0.0,0.0,3.5,3099999.9999999995,0.0016,1.5,1.5,0.0,50.0,130.0,0.0,0.0,0.0,9400000.0,1.0,5.0E8,
3.2E-34,14.0,240000.0,570000.0,2100.0,2200000.0,0.0,0.0,0.0,0.0,0.0,3.5,3099999.9999999995,0.0016,1.5,1.5,0.0,50.0,130.0,0.0,0.0,0.0,9300000.0,1.0,5.0E8,
3.2E-34,14.0,240000.0,570000.0,2100.0,2200000.0,0.0,0.0,0.0,0.0,0.0,3.5,3099999.9999999995,0.0016,1.5,1.5,0.0,50.0,130.0,0.0,0.0,0.0,9500000.0,1.0,5.0E8,
3.2E-34,14.0,240000.0,570000.0,2100.0,2200000.0,0.0,0.0,0.0,0.0,0.0,3.5,3099999.9999999995,0.0014,1.5,1.5,0.0,50.0,130.0,0.0,0.0,0.0,9900000.0,1.0,5.0E8,
3.2E-34,14.0,240000.0,570000.0,2100.0,2200000.0,0.0,0.0,0.0,0.0,0.0,3.5,3099999.9999999995,0.0012,1.5,1.5,0.0,50.0,130.0,0.0,0.0,0.0,1.1E7,1.0,5.0E8,
3.2E-34,14.0,240000.0,570000.0,2100.0,2200000.0,0.0,0.0,0.0,0.0,0.0,3.5,3099999.9999999995,9.8E-4,1.5,1.5,0.0,50.0,130.0,0.0,0.0,0.0,1.1E7,1.0,5.0E8,
3.2E-34,14.0,240000.0,570000.0,2100.0,2200000.0,0.0,0.0,0.0,0.0,0.0,3.5,3099999.9999999995,8.1E-4,1.5,1.5,0.0,50.0,130.0,0.0,0.0,0.0,1.2E7,1.0,5.0E8,
3.2E-34,14.0,240000.0,570000.0,2100.0,2200000.0,0.0,0.0,0.0,0.0,0.0,3.5,3099999.9999999995,6.8E-4,1.5,1.5,0.0,50.0,130.0,0.0,0.0,0.0,1.3E7,1.0,5.0E8,
3.2E-34,14.0,240000.0,570000.0,2100.0,2200000.0,0.0,0.0,0.0,0.0,0.0,3.5,3099999.9999999995,5.7E-4,1.5,1.5,0.0,50.0,130.0,0.0,0.0,0.0,1.4E7,1.0,5.0E8,
3.2E-34,14.0,240000.0,570000.0,2100.0,2200000.0,0.0,0.0,0.0,0.0,0.0,3.5,3099999.9999999995,5.9E-4,1.5,1.5,0.0,50.0,130.0,0.0,0.0,0.0,1.3E7,1.0,5.0E8,
3.2E-34,14.0,240000.0,570000.0,2100.0,2200000.0,0.0,0.0,0.0,0.0,0.0,3.5,3099999.9999999995,6.8E-4,1.5,1.5,0.0,50.0,130.0,0.0,0.0,0.0,1.3E7,1.0,5.0E8,
3.2E-34,14.0,240000.0,570000.0,2100.0,2200000.0,0.0,0.0,0.0,0.0,0.0,3.5,3099999.9999999995,7.0E-4,1.5,1.5,0.0,50.0,130.0,0.0,0.0,0.0,1.3E7,1.0,5.0E8,
3.2E-34,14.0,240000.0,570000.0,2100.0,2200000.0,0.0,0.0,0.0,0.0,0.0,3.5,3099999.9999999995,6.5E-4,1.5,1.5,0.0,50.0,130.0,0.0,0.0,0.0,1.3E7,1.0,5.0E8,
3.2E-34,14.0,240000.0,570000.0,2100.0,2200000.0,0.0,0.0,0.0,0.0,0.0,3.5,3099999.9999999995,5.9E-4,1.5,1.5,0.0,50.0,130.0,0.0,0.0,0.0,1.3E7,1.0,5.0E8,
3.2E-34,14.0,240000.0,570000.0,2100.0,2200000.0,0.0,0.0,0.0,0.0,0.0,3.5,3099999.9999999995,5.1E-4,1.5,1.5,0.0,50.0,130.0,0.0,0.0,0.0,1.4E7,1.0,5.0E8,
3.2E-34,14.0,240000.0,570000.0,2100.0,2200000.0,0.0,0.0,0.0,0.0,0.0,3.5,3099999.9999999995,4.5E-4,1.5,1.5,0.0,50.0,130.0,0.0,0.0,0.0,1.5E7,1.0,5.0E8,
3.2E-34,14.0,240000.0,570000.0,2100.0,2200000.0,0.0,0.0,0.0,0.0,0.0,3.5,3099999.9999999995,3.9E-4,1.5,1.5,0.0,50.0,130.0,0.0,0.0,0.0,1.6E7,1.0,5.0E8,
3.2E-34,14.0,240000.0,570000.0,2100.0,2200000.0,0.0,0.0,0.0,0.0,0.0,3.5,3099999.9999999995,3.6E-4,1.5,1.5,0.0,50.0,130.0,0.0,0.0,0.0,1.6E7,1.0,5.0E8,
3.2E-34,14.0,240000.0,570000.0,2100.0,2200000.0,0.0,0.0,0.0,0.0,0.0,3.5,3099999.9999999995,4.6E-4,1.5,1.5,0.0,50.0,130.0,0.0,0.0,0.0,1.5E7,1.0,5.0E8,
3.2E-34,14.0,240000.0,570000.0,2100.0,2200000.0,0.0,0.0,0.0,0.0,0.0,3.5,3099999.9999999995,5.1E-4,1.5,1.5,0.0,50.0,130.0,0.0,0.0,0.0,1.4E7,1.0,5.0E8,
3.2E-34,14.0,240000.0,570000.0,2100.0,2200000.0,0.0,0.0,0.0,0.0,0.0,3.5,3099999.9999999995,5.0E-4,1.5,1.5,0.0,50.0,130.0,0.0,0.0,0.0,1.4E7,1.0,5.0E8,
3.2E-34,14.0,240000.0,570000.0,2100.0,2200000.0,0.0,0.0,0.0,0.0,0.0,3.5,3099999.9999999995,4.7E-4,1.5,1.5,0.0,50.0,130.0,0.0,0.0,0.0,1.5E7,1.0,5.0E8,
3.2E-34,14.0,240000.0,570000.0,2100.0,2200000.0,0.0,0.0,0.0,0.0,0.0,3.5,3099999.9999999995,4.2E-4,1.5,1.5,0.0,50.0,130.0,0.0,0.0,0.0,1.5E7,1.0,5.0E8,
3.2E-34,14.0,240000.0,570000.0,2100.0,2200000.0,0.0,0.0,0.0,0.0,0.0,3.5,3099999.9999999995,3.7E-4,1.5,1.5,0.0,50.0,130.0,0.0,0.0,0.0,1.6E7,1.0,5.0E8,
3.2E-34,14.0,240000.0,570000.0,2100.0,2200000.0,0.0,0.0,0.0,0.0,0.0,3.5,3099999.9999999995,3.3E-4,1.5,1.5,0.0,50.0,130.0,0.0,0.0,0.0,1.7E7,1.0,5.0E8,
3.2E-34,14.0,240000.0,570000.0,2100.0,2200000.0,0.0,0.0,0.0,0.0,0.0,3.5,3099999.9999999995,2.9E-4,1.5,1.5,0.0,50.0,130.0,0.0,0.0,0.0,1.7E7,1.0,5.0E8,
3.9000000000000004E-33,26.0,240000.0,670000.0,60000.0,2600000.0,840.0,2800.0,3000.0,1800.0,20000.0,9.6,3599999.9999999995,92.0,6.9,6.9,0.0,180.0,180.0,0.0,0.0,0.0,1.7E7,1.0,5.2E8,
3.5E-33,23.0,210000.0,660000.0,140.0,2600000.0,840.0,2800.0,3000.0,1800.0,2200.0,9.6,3499999.9999999995,3.0E-4,5.1,5.1,0.0,180.0,93.0,0.0,0.0,0.0,1.6E7,1.0,5.2E8,
2.1000000000000003E-33,14.0,200000.0,400000.0,140.0,2600000.0,830.0,2800.0,3000.0,1800.0,2100.0,9.5,3199999.9999999995,2.5E-4,3.2,3.2,0.0,190.0,86.0,0.0,0.0,0.0,1.4E7,1.0,5.1E8,
1.9E-33,13.0,160000.0,360000.0,140.0,2600000.0,830.0,2800.0,3000.0,1800.0,2100.0,9.5,3099999.9999999995,3.8E-4,2.9,2.9,0.0,190.0,84.0,0.0,0.0,0.0,1.4E7,1.0,5.1E8,
1.9E-33,13.0,160000.0,360000.0,140.0,2600000.0,830.0,2800.0,3000.0,1800.0,2100.0,9.5,3099999.9999999995,4.1E-4,2.9,2.9,0.0,190.0,84.0,0.0,0.0,0.0,1.3E7,1.0,5.1E8,
1.9E-33,13.0,160000.0,360000.0,140.0,2600000.0,830.0,2800.0,3000.0,1800.0,2100.0,9.5,3099999.9999999995,4.0E-4,2.9,2.9,0.0,190.0,84.0,0.0,0.0,0.0,1.3E7,1.0,5.1E8,
1.9E-33,13.0,160000.0,360000.0,140.0,2600000.0,830.0,2800.0,3000.0,1800.0,2100.0,9.5,3099999.9999999995,4.0E-4,2.9,2.9,0.0,180.0,84.0,0.0,0.0,0.0,1.3E7,1.0,5.1E8,
1.9E-33,13.0,160000.0,360000.0,140.0,2600000.0,830.0,2800.0,3000.0,1800.0,2100.0,9.5,3099999.9999999995,4.5E-4,2.9,2.9,0.0,180.0,84.0,0.0,0.0,0.0,1.3E7,1.0,5.1E8,
1.9E-33,13.0,160000.0,360000.0,140.0,2600000.0,830.0,2800.0,3000.0,1800.0,2100.0,9.5,3099999.9999999995,4.5E-4,2.9,2.9,0.0,180.0,84.0,0.0,0.0,0.0,1.3E7,1.0,5.1E8,
1.9E-33,13.0,160000.0,360000.0,140.0,2600000.0,830.0,2800.0,3000.0,1800.0,2100.0,9.5,3099999.9999999995,4.1E-4,2.9,2.9,0.0,180.0,84.0,0.0,0.0,0.0,1.3E7,1.0,5.1E8,
1.9E-33,13.0,160000.0,360000.0,140.0,2600000.0,830.0,2800.0,3000.0,1800.0,2100.0,9.5,3099999.9999999995,3.6E-4,2.9,2.9,0.0,180.0,84.0,0.0,0.0,0.0,1.4E7,1.0,5.1E8,
1.9E-33,13.0,160000.0,360000.0,140.0,2600000.0,830.0,2800.0,3000.0,1800.0,2100.0,9.5,3099999.9999999995,3.1E-4,2.9,2.9,0.0,180.0,84.0,0.0,0.0,0.0,1.5E7,1.0,5.1E8,
1.9E-33,13.0,160000.0,360000.0,140.0,2600000.0,830.0,2800.0,3000.0,1800.0,2100.0,9.4,3099999.9999999995,2.6E-4,2.9,2.9,0.0,190.0,83.0,0.0,0.0,0.0,1.5E7,1.0,5.1E8,
1.9E-33,13.0,160000.0,360000.0,140.0,2600000.0,830.0,2800.0,3000.0,1800.0,2100.0,9.4,3099999.9999999995,2.2E-4,2.9,2.9,0.0,190.0,83.0,0.0,0.0,0.0,1.6E7,1.0,5.1E8,
1.9E-33,13.0,160000.0,360000.0,140.0,2600000.0,830.0,2800.0,3000.0,1800.0,2100.0,9.4,3099999.9999999995,1.9E-4,2.9,2.9,0.0,190.0,83.0,0.0,0.0,0.0,1.7E7,1.0,5.1E8,
1.9E-33,13.0,160000.0,360000.0,140.0,2600000.0,830.0,2800.0,3000.0,1800.0,2100.0,9.4,3099999.9999999995,2.3E-4,2.9,2.9,0.0,190.0,83.0,0.0,0.0,0.0,1.6E7,1.0,5.1E8,
1.9E-33,13.0,160000.0,360000.0,140.0,2600000.0,830.0,2800.0,3000.0,1800.0,2100.0,9.4,3099999.9999999995,2.6E-4,2.9,2.9,0.0,190.0,83.0,0.0,0.0,0.0,1.5E7,1.0,5.1E8,
1.9E-33,13.0,160000.0,360000.0,140.0,2600000.0,830.0,2800.0,3000.0,1800.0,2100.0,9.4,3099999.9999999995,2.6E-4,2.9,2.9,0.0,190.0,83.0,0.0,0.0,0.0,1.5E7,1.0,5.1E8,
1.9E-33,13.0,160000.0,360000.0,140.0,2600000.0,830.0,2800.0,3000.0,1800.0,2100.0,9.4,3099999.9999999995,2.4E-4,2.9,2.9,0.0,180.0,83.0,0.0,0.0,0.0,1.6E7,1.0,5.1E8,
1.9E-33,13.0,160000.0,360000.0,140.0,2600000.0,830.0,2800.0,3000.0,1800.0,2100.0,9.4,3099999.9999999995,2.2E-4,2.9,2.9,0.0,180.0,83.0,0.0,0.0,0.0,1.6E7,1.0,5.1E8,
1.9E-33,13.0,160000.0,360000.0,140.0,2600000.0,830.0,2800.0,3000.0,1800.0,2100.0,9.4,3099999.9999999995,1.9E-4,2.9,2.9,0.0,180.0,83.0,0.0,0.0,0.0,1.7E7,1.0,5.1E8,
1.9E-33,13.0,160000.0,360000.0,140.0,2600000.0,830.0,2800.0,3000.0,1800.0,2100.0,9.4,3099999.9999999995,1.7E-4,2.9,2.9,0.0,180.0,83.0,0.0,0.0,0.0,1.8E7,1.0,5.1E8,
1.9E-33,13.0,160000.0,360000.0,140.0,2600000.0,830.0,2800.0,3000.0,1800.0,2100.0,9.4,3099999.9999999995,1.5E-4,2.9,2.9,0.0,180.0,83.0,0.0,0.0,0.0,1.9E7,1.0,5.1E8,
1.9E-33,13.0,160000.0,360000.0,140.0,2600000.0,830.0,2800.0,3000.0,1800.0,2100.0,9.4,3099999.9999999995,1.6E-4,2.9,2.9,0.0,180.0,83.0,0.0,0.0,0.0,1.8E7,1.0,5.1E8,
1.9E-33,13.0,160000.0,360000.0,140.0,2600000.0,830.0,2800.0,3000.0,1800.0,2100.0,9.4,3099999.9999999995,2.0E-4,2.9,2.9,0.0,180.0,83.0,0.0,0.0,0.0,1.7E7,1.0,5.1E8,
1.9E-33,13.0,160000.0,360000.0,140.0,2600000.0,830.0,2800.0,3000.0,1800.0,2100.0,9.4,3099999.9999999995,2.1E-4,2.9,2.9,0.0,180.0,83.0,0.0,0.0,0.0,1.7E7,1.0,5.1E8,
1.9E-33,13.0,160000.0,360000.0,140.0,2600000.0,830.0,2800.0,3000.0,1800.0,2100.0,9.4,3099999.9999999995,2.0E-4,2.9,2.9,0.0,180.0,83.0,0.0,0.0,0.0,1.7E7,1.0,5.1E8,
1.9E-33,13.0,160000.0,360000.0,140.0,2600000.0,830.0,2800.0,3000.0,1800.0,2100.0,9.4,3099999.9999999995,1.9E-4,2.9,2.9,0.0,170.0,83.0,0.0,0.0,0.0,1.7E7,1.0,5.1E8,
1.9E-33,13.0,160000.0,360000.0,140.0,2600000.0,830.0,2800.0,3000.0,1800.0,2100.0,9.4,3099999.9999999995,1.7E-4,2.9,2.9,0.0,170.0,83.0,0.0,0.0,0.0,1.8E7,1.0,5.1E8,
1.9E-33,13.0,160000.0,360000.0,140.0,2600000.0,830.0,2800.0,3000.0,1800.0,2100.0,9.4,3099999.9999999995,1.5E-4,2.9,2.9,0.0,170.0,83.0,0.0,0.0,0.0,1.9E7,1.0,5.1E8,
1.9E-33,13.0,160000.0,360000.0,140.0,2600000.0,830.0,2800.0,3000.0,1800.0,2100.0,9.4,3099999.9999999995,1.3E-4,2.9,2.9,0.0,170.0,83.0,0.0,0.0,0.0,2.0E7,1.0,5.1E8,
1.9E-33,13.0,160000.0,360000.0,140.0,2600000.0,830.0,2800.0,3000.0,1800.0,2100.0,9.4,3099999.9999999995,1.3E-4,2.9,2.9,0.0,170.0,83.0,0.0,0.0,0.0,2.0E7,1.0,5.1E8,
1.9E-33,13.0,160000.0,360000.0,140.0,2600000.0,830.0,2800.0,3000.0,1800.0,2100.0,9.4,3099999.9999999995,1.6E-4,2.9,2.9,0.0,170.0,83.0,0.0,0.0,0.0,1.8E7,1.0,5.1E8,
1.9E-33,13.0,160000.0,360000.0,140.0,2600000.0,830.0,2800.0,3000.0,1800.0,2100.0,9.4,3099999.9999999995,1.8E-4,2.9,2.9,0.0,170.0,83.0,0.0,0.0,0.0,1.7E7,1.0,5.1E8,
1.9E-33,13.0,160000.0,360000.0,140.0,2600000.0,830.0,2800.0,3000.0,1800.0,2100.0,9.4,3099999.9999999995,1.9E-4,2.9,2.9,0.0,170.0,83.0,0.0,0.0,0.0,1.7E7,1.0,5.1E8,
1.9E-33,13.0,160000.0,360000.0,140.0,2500000.0,820.0,2800.0,3000.0,1800.0,2100.0,9.4,3099999.9999999995,1.8E-4,2.9,2.9,0.0,170.0,83.0,0.0,0.0,0.0,1.8E7,1.0,5.1E8,
1.9E-33,13.0,160000.0,360000.0,140.0,2500000.0,820.0,2800.0,3000.0,1800.0,2100.0,9.4,3099999.9999999995,1.6E-4,2.9,2.9,0.0,170.0,83.0,0.0,0.0,0.0,1.8E7,1.0,5.1E8,
1.9E-33,13.0,160000.0,360000.0,140.0,2500000.0,820.0,2800.0,3000.0,1800.0,2100.0,9.4,3099999.9999999995,1.4E-4,2.9,2.9,0.0,170.0,83.0,0.0,0.0,0.0,1.9E7,1.0,5.1E8,
1.9E-33,13.0,160000.0,360000.0,140.0,2500000.0,820.0,2800.0,3000.0,1800.0,2100.0,9.4,3099999.9999999995,1.3E-4,2.9,2.9,0.0,170.0,83.0,0.0,0.0,0.0,2.0E7,1.0,5.1E8,
1.9E-33,13.0,160000.0,360000.0,140.0,2500000.0,820.0,2800.0,3000.0,1800.0,2100.0,9.4,3099999.9999999995,1.1E-4,2.9,2.9,0.0,170.0,83.0,0.0,0.0,0.0,2.1E7,1.0,5.1E8,
1.9E-33,13.0,160000.0,360000.0,140.0,2500000.0,820.0,2800.0,3000.0,1800.0,2100.0,9.4,3099999.9999999995,1.4E-4,2.9,2.9,0.0,160.0,83.0,0.0,0.0,0.0,1.9E7,1.0,5.1E8,
1.9E-33,13.0,160000.0,360000.0,140.0,2500000.0,820.0,2800.0,3000.0,1800.0,2100.0,9.4,3099999.9999999995,1.7E-4,2.9,2.9,0.0,160.0,83.0,0.0,0.0,0.0,1.8E7,1.0,5.1E8,
1.9E-33,13.0,160000.0,360000.0,140.0,2500000.0,820.0,2800.0,3000.0,1800.0,2100.0,9.4,3099999.9999999995,1.8E-4,2.9,2.9,0.0,160.0,83.0,0.0,0.0,0.0,1.8E7,1.0,5.1E8,
1.9E-33,13.0,160000.0,360000.0,140.0,2500000.0,820.0,2800.0,3000.0,1800.0,2100.0,9.4,3099999.9999999995,1.7E-4,2.9,2.9,0.0,160.0,83.0,0.0,0.0,0.0,1.8E7,1.0,5.1E8,
1.9E-33,13.0,160000.0,360000.0,140.0,2500000.0,820.0,2800.0,3000.0,1800.0,2100.0,9.4,3099999.9999999995,1.6E-4,2.9,2.9,0.0,160.0,83.0,0.0,0.0,0.0,1.8E7,1.0,5.1E8,
1.9E-33,13.0,160000.0,360000.0,140.0,2500000.0,820.0,2800.0,3000.0,1800.0,2100.0,9.4,3099999.9999999995,1.4E-4,2.9,2.9,0.0,160.0,83.0,0.0,0.0,0.0,1.9E7,1.0,5.1E8,
1.9E-33,13.0,160000.0,360000.0,140.0,2500000.0,820.0,2800.0,3000.0,1800.0,2100.0,9.4,3099999.9999999995,1.3E-4,2.9,2.9,0.0,160.0,83.0,0.0,0.0,0.0,2.0E7,1.0,5.1E8,
1.9E-33,13.0,160000.0,360000.0,140.0,2500000.0,820.0,2800.0,3000.0,1800.0,2100.0,9.4,3099999.9999999995,1.1E-4,2.9,2.9,0.0,160.0,83.0,0.0,0.0,0.0,2.1E7,1.0,5.1E8,
1.9E-33,13.0,160000.0,360000.0,140.0,2500000.0,820.0,2800.0,3000.0,1800.0,2100.0,9.4,3099999.9999999995,1.3E-4,2.9,2.9,0.0,160.0,83.0,0.0,0.0,0.0,2.0E7,1.0,5.1E8,
1.9E-33,13.0,160000.0,360000.0,140.0,2500000.0,820.0,2800.0,3000.0,1800.0,2100.0,9.4,3099999.9999999995,1.6E-4,2.9,2.9,0.0,160.0,83.0,0.0,0.0,0.0,1.8E7,1.0,5.1E8,
1.9E-33,13.0,160000.0,360000.0,140.0,2500000.0,820.0,2800.0,3000.0,1800.0,2100.0,9.4,3099999.9999999995,1.7E-4,2.9,2.9,0.0,160.0,83.0,0.0,0.0,0.0,1.8E7,1.0,5.1E8,
1.9E-33,13.0,160000.0,360000.0,140.0,2500000.0,820.0,2800.0,3000.0,1800.0,2100.0,9.4,3099999.9999999995,1.7E-4,2.9,2.9,0.0,160.0,83.0,0.0,0.0,0.0,1.8E7,1.0,5.1E8,
1.9E-33,13.0,160000.0,360000.0,140.0,2500000.0,820.0,2800.0,3000.0,1800.0,2100.0,9.4,3099999.9999999995,1.6E-4,2.9,2.9,0.0,150.0,83.0,0.0,0.0,0.0,1.8E7,1.0,5.1E8,
1.9E-33,13.0,160000.0,360000.0,140.0,2500000.0,820.0,2800.0,3000.0,1800.0,2100.0,9.4,3099999.9999999995,1.5E-4,2.9,2.9,0.0,150.0,83.0,0.0,0.0,0.0,1.9E7,1.0,5.1E8,
1.9E-33,13.0,160000.0,360000.0,140.0,2500000.0,820.0,2800.0,3000.0,1800.0,2100.0,9.4,3099999.9999999995,1.3E-4,2.9,2.9,0.0,150.0,83.0,0.0,0.0,0.0,2.0E7,1.0,5.1E8,
1.9E-33,13.0,160000.0,360000.0,140.0,2500000.0,820.0,2800.0,3000.0,1800.0,2100.0,9.4,3099999.9999999995,1.2E-4,2.9,2.9,0.0,150.0,83.0,0.0,0.0,0.0,2.0E7,1.0,5.1E8,
1.9E-33,13.0,160000.0,360000.0,140.0,2500000.0,820.0,2800.0,3000.0,1800.0,2100.0,9.4,3099999.9999999995,1.1E-4,2.9,2.9,0.0,150.0,83.0,0.0,0.0,0.0,2.1E7,1.0,5.1E8,
1.9E-33,13.0,160000.0,360000.0,140.0,2500000.0,820.0,2800.0,3000.0,1800.0,2100.0,9.4,3099999.9999999995,1.5E-4,2.9,2.9,0.0,150.0,83.0,0.0,0.0,0.0,1.9E7,1.0,5.1E8,
1.9E-33,13.0,160000.0,360000.0,140.0,2500000.0,820.0,2800.0,3000.0,1800.0,2100.0,9.4,3099999.9999999995,1.7E-4,2.9,2.9,0.0,150.0,83.0,0.0,0.0,0.0,1.8E7,1.0,5.1E8,
2.1000000000000003E-33,15.0,200000.0,390000.0,30000.0,2999999.9999999995,2500.0,3600.0,4000.0,3000.0,5000.0,14.0,3599999.9999999995,2.8E-4,3.7,3.7,0.0,210.0,120.0,0.0,0.0,0.0,1.8E7,1.0,5.2E8,
2.1000000000000003E-33,15.0,140000.0,390000.0,30000.0,2999999.9999999995,2500.0,3600.0,4000.0,3000.0,5000.0,14.0,3599999.9999999995,3.4E-4,3.7,3.7,0.0,210.0,120.0,0.0,0.0,0.0,1.6E7,1.0,5.2E8,
1.9E-33,14.0,47000.0,390000.0,2400.0,2899999.9999999995,2500.0,3600.0,4000.0,3000.0,4900.0,14.0,3299999.9999999995,6.9E-5,3.4,3.4,0.0,210.0,20.0,0.0,0.0,0.0,1.5E7,1.0,5.2E8,
1.2E-33,8.2,4400.0,230000.0,2400.0,2899999.9999999995,2500.0,3600.0,4000.0,3000.0,4900.0,14.0,3099999.9999999995,7.6E-5,2.3,2.3,0.0,210.0,19.0,0.0,0.0,0.0,1.4E7,1.0,5.1E8,
1.2E-33,8.2,4400.0,230000.0,2400.0,2800000.0,2500.0,3600.0,4000.0,3000.0,4900.0,14.0,3099999.9999999995,8.2E-5,2.3,2.3,0.0,210.0,19.0,0.0,0.0,0.0,1.4E7,1.0,5.1E8,
1.2E-33,8.2,4400.0,230000.0,2400.0,2800000.0,2500.0,3600.0,4000.0,3000.0,4900.0,14.0,3099999.9999999995,8.0E-5,2.3,2.3,0.0,210.0,19.0,0.0,0.0,0.0,1.4E7,1.0,5.1E8,
1.2E-33,8.2,4400.0,230000.0,2400.0,2800000.0,2500.0,3600.0,4000.0,3000.0,4900.0,14.0,3099999.9999999995,7.1E-5,2.3,2.3,0.0,210.0,19.0,0.0,0.0,0.0,1.5E7,1.0,5.1E8,
1.2E-33,8.2,4400.0,230000.0,2400.0,2800000.0,2500.0,3600.0,4000.0,3000.0,4900.0,14.0,3099999.9999999995,6.3E-5,2.3,2.3,0.0,210.0,19.0,0.0,0.0,0.0,1.5E7,1.0,5.1E8,
1.2E-33,8.2,4400.0,230000.0,2400.0,2800000.0,2500.0,3600.0,4000.0,3000.0,4900.0,14.0,3099999.9999999995,5.2E-5,2.3,2.3,0.0,210.0,19.0,0.0,0.0,0.0,1.6E7,1.0,5.1E8,
1.2E-33,8.1,4400.0,230000.0,2400.0,2800000.0,2500.0,3600.0,3900.0,3000.0,4900.0,14.0,3099999.9999999995,4.6E-5,2.3,2.3,0.0,210.0,19.0,0.0,0.0,0.0,1.7E7,1.0,5.1E8,
1.2E-33,8.1,4400.0,230000.0,2400.0,2800000.0,2500.0,3600.0,3900.0,3000.0,4900.0,14.0,3099999.9999999995,3.9E-5,2.3,2.3,0.0,210.0,19.0,0.0,0.0,0.0,1.8E7,1.0,5.1E8,
1.2E-33,8.1,4300.0,230000.0,2400.0,2800000.0,2500.0,3600.0,3900.0,3000.0,4900.0,14.0,3099999.9999999995,3.5E-5,2.3,2.3,0.0,210.0,19.0,0.0,0.0,0.0,1.9E7,1.0,5.1E8,
1.2E-33,8.1,4300.0,230000.0,2400.0,2800000.0,2500.0,3600.0,3900.0,3000.0,4900.0,13.0,3099999.9999999995,4.3E-5,2.3,2.3,0.0,210.0,19.0,0.0,0.0,0.0,1.7E7,1.0,5.1E8,
1.2E-33,8.1,4300.0,230000.0,2400.0,2800000.0,2500.0,3600.0,3900.0,3000.0,4900.0,13.0,3099999.9999999995,4.7E-5,2.3,2.3,0.0,210.0,19.0,0.0,0.0,0.0,1.7E7,1.0,5.1E8,
1.2E-33,8.1,4300.0,230000.0,2400.0,2800000.0,2500.0,3600.0,3900.0,3000.0,4900.0,13.0,3099999.9999999995,4.5E-5,2.3,2.3,0.0,210.0,19.0,0.0,0.0,0.0,1.7E7,1.0,5.1E8,
1.2E-33,8.1,4300.0,230000.0,2400.0,2800000.0,2500.0,3600.0,3900.0,3000.0,4900.0,13.0,3099999.9999999995,4.2E-5,2.3,2.3,0.0,210.0,19.0,0.0,0.0,0.0,1.8E7,1.0,5.1E8,
1.2E-33,8.1,4300.0,230000.0,2400.0,2800000.0,2500.0,3600.0,3900.0,3000.0,4900.0,13.0,3099999.9999999995,3.7E-5,2.3,2.3,0.0,210.0,19.0,0.0,0.0,0.0,1.8E7,1.0,5.1E8,
1.2E-33,8.1,4300.0,230000.0,2400.0,2800000.0,2500.0,3600.0,3900.0,3000.0,4900.0,13.0,3099999.9999999995,3.3E-5,2.3,2.3,0.0,210.0,19.0,0.0,0.0,0.0,1.9E7,1.0,5.1E8,
1.2E-33,8.1,4300.0,230000.0,2400.0,2800000.0,2500.0,3600.0,3900.0,3000.0,4900.0,13.0,3099999.9999999995,2.8E-5,2.3,2.3,0.0,210.0,19.0,0.0,0.0,0.0,2.0E7,1.0,5.1E8,
1.2E-33,8.1,4300.0,230000.0,2400.0,2800000.0,2500.0,3600.0,3900.0,3000.0,4900.0,13.0,3099999.9999999995,2.5E-5,2.3,2.3,0.0,210.0,19.0,0.0,0.0,0.0,2.1E7,1.0,5.1E8,
1.1E-33,7.9,4300.0,220000.0,2400.0,2800000.0,2500.0,3600.0,3900.0,3000.0,4900.0,13.0,3099999.9999999995,3.0E-5,2.2,2.2,0.0,210.0,19.0,0.0,0.0,0.0,2.0E7,1.0,5.1E8,
1.1E-33,7.9,4300.0,220000.0,2400.0,2800000.0,2500.0,3600.0,3900.0,3000.0,4900.0,13.0,3099999.9999999995,3.7E-5,2.2,2.2,0.0,210.0,19.0,0.0,0.0,0.0,1.8E7,1.0,5.1E8,
1.1E-33,7.9,4300.0,220000.0,2400.0,2800000.0,2500.0,3600.0,3900.0,3000.0,4900.0,13.0,3099999.9999999995,4.0E-5,2.2,2.2,0.0,200.0,19.0,0.0,0.0,0.0,1.8E7,1.0,5.1E8,
1.1E-33,7.9,4300.0,220000.0,2400.0,2800000.0,2500.0,3600.0,3900.0,3000.0,4900.0,13.0,3099999.9999999995,3.9E-5,2.2,2.2,0.0,200.0,19.0,0.0,0.0,0.0,1.8E7,1.0,5.1E8,
1.1E-33,7.9,4300.0,220000.0,2400.0,2800000.0,2500.0,3600.0,3900.0,3000.0,4900.0,13.0,3099999.9999999995,3.6E-5,2.2,2.2,0.0,200.0,19.0,0.0,0.0,0.0,1.8E7,1.0,5.1E8,
1.1E-33,7.9,4300.0,220000.0,2400.0,2800000.0,2500.0,3600.0,3900.0,3000.0,4900.0,13.0,3099999.9999999995,3.2E-5,2.2,2.2,0.0,200.0,19.0,0.0,0.0,0.0,1.9E7,1.0,5.1E8,
1.1E-33,7.9,4300.0,220000.0,2400.0,2800000.0,2500.0,3600.0,3900.0,3000.0,4900.0,13.0,3099999.9999999995,2.9E-5,2.2,2.2,0.0,200.0,19.0,0.0,0.0,0.0,2.0E7,1.0,5.1E8,
1.1E-33,7.9,4300.0,220000.0,2400.0,2800000.0,2500.0,3600.0,3900.0,3000.0,4900.0,13.0,3099999.9999999995,2.5E-5,2.2,2.2,0.0,200.0,19.0,0.0,0.0,0.0,2.1E7,1.0,5.1E8,
1.1E-33,7.9,4300.0,220000.0,2400.0,2800000.0,2500.0,3600.0,3900.0,3000.0,4900.0,13.0,3099999.9999999995,2.2E-5,2.2,2.2,0.0,200.0,19.0,0.0,0.0,0.0,2.2E7,1.0,5.1E8,
1.1E-33,7.9,4300.0,220000.0,2400.0,2800000.0,2500.0,3600.0,3900.0,3000.0,4900.0,13.0,3099999.9999999995,2.9E-5,2.2,2.2,0.0,200.0,19.0,0.0,0.0,0.0,2.0E7,1.0,5.1E8,
1.1E-33,7.9,4300.0,220000.0,2400.0,2800000.0,2500.0,3600.0,3900.0,3000.0,4900.0,13.0,3099999.9999999995,3.3E-5,2.2,2.2,0.0,200.0,19.0,0.0,0.0,0.0,1.9E7,1.0,5.1E8,
1.1E-33,7.9,4300.0,220000.0,2400.0,2800000.0,2500.0,3600.0,3900.0,3000.0,4900.0,13.0,3099999.9999999995,3.4E-5,2.2,2.2,0.0,200.0,19.0,0.0,0.0,0.0,1.9E7,1.0,5.1E8,
1.1E-33,7.9,4300.0,220000.0,2400.0,2800000.0,2500.0,3600.0,3900.0,3000.0,4900.0,13.0,3099999.9999999995,3.3E-5,2.2,2.2,0.0,200.0,19.0,0.0,0.0,0.0,1.9E7,1.0,5.1E8,
1.1E-33,7.9,4300.0,220000.0,2400.0,2800000.0,2500.0,3600.0,3900.0,3000.0,4900.0,13.0,3099999.9999999995,3.0E-5,2.2,2.2,0.0,200.0,19.0,0.0,0.0,0.0,2.0E7,1.0,5.1E8,
1.1E-33,7.9,4300.0,220000.0,2400.0,2800000.0,2500.0,3600.0,3900.0,3000.0,4900.0,13.0,3099999.9999999995,2.7E-5,2.2,2.2,0.0,200.0,19.0,0.0,0.0,0.0,2.1E7,1.0,5.1E8,
1.1E-33,7.9,4300.0,220000.0,2400.0,2800000.0,2500.0,3600.0,3900.0,3000.0,4900.0,13.0,3099999.9999999995,2.3E-5,2.2,2.2,0.0,190.0,19.0,0.0,0.0,0.0,2.2E7,1.0,5.1E8,
1.1E-33,7.9,4300.0,220000.0,2400.0,2800000.0,2500.0,3600.0,3900.0,3000.0,4900.0,13.0,3099999.9999999995,2.1E-5,2.2,2.2,0.0,190.0,19.0,0.0,0.0,0.0,2.3E7,1.0,5.1E8,
1.1E-33,7.9,4300.0,220000.0,2400.0,2800000.0,2500.0,3600.0,3900.0,3000.0,4900.0,13.0,3099999.9999999995,2.5E-5,2.2,2.2,0.0,190.0,19.0,0.0,0.0,0.0,2.1E7,1.0,5.1E8,
1.1E-33,7.9,4300.0,220000.0,2400.0,2800000.0,2500.0,3600.0,3900.0,3000.0,4900.0,13.0,3099999.9999999995,3.0E-5,2.2,2.2,0.0,190.0,19.0,0.0,0.0,0.0,2.0E7,1.0,5.1E8,
1.1E-33,7.9,4300.0,220000.0,2400.0,2800000.0,2500.0,3600.0,3900.0,3000.0,4900.0,13.0,3099999.9999999995,3.2E-5,2.2,2.2,0.0,190.0,19.0,0.0,0.0,0.0,1.9E7,1.0,5.1E8,
1.1E-33,7.9,4300.0,220000.0,2400.0,2800000.0,2500.0,3600.0,3900.0,3000.0,4900.0,13.0,3099999.9999999995,3.1E-5,2.2,2.2,0.0,190.0,19.0,0.0,0.0,0.0,1.9E7,1.0,5.1E8,
1.1E-33,7.9,4300.0,220000.0,2400.0,2800000.0,2500.0,3600.0,3900.0,3000.0,4900.0,13.0,3099999.9999999995,2.9E-5,2.2,2.2,0.0,190.0,19.0,0.0,0.0,0.0,2.0E7,1.0,5.1E8,
1.1E-33,7.9,4300.0,220000.0,2400.0,2800000.0,2500.0,3600.0,3900.0,3000.0,4900.0,13.0,3099999.9999999995,2.6E-5,2.2,2.2,0.0,190.0,19.0,0.0,0.0,0.0,2.1E7,1.0,5.1E8,
1.1E-33,7.9,4300.0,220000.0,2400.0,2800000.0,2500.0,3600.0,3900.0,3000.0,4900.0,13.0,3099999.9999999995,2.3E-5,2.2,2.2,0.0,190.0,19.0,0.0,0.0,0.0,2.2E7,1.0,5.1E8,
1.1E-33,7.9,4300.0,220000.0,2400.0,2800000.0,2500.0,3600.0,3900.0,3000.0,4900.0,13.0,3099999.9999999995,2.0E-5,2.2,2.2,0.0,190.0,19.0,0.0,0.0,0.0,2.3E7,1.0,5.1E8,
1.1E-33,7.9,4300.0,220000.0,2400.0,2800000.0,2500.0,3600.0,3900.0,3000.0,4900.0,13.0,3099999.9999999995,2.1E-5,2.2,2.2,0.0,190.0,19.0,0.0,0.0,0.0,2.2E7,1.0,5.1E8,
1.1E-33,7.9,4300.0,220000.0,2400.0,2800000.0,2500.0,3600.0,3900.0,3000.0,4900.0,13.0,3099999.9999999995,2.7E-5,2.2,2.2,0.0,190.0,19.0,0.0,0.0,0.0,2.0E7,1.0,5.1E8,
1.1E-33,7.9,4300.0,220000.0,2400.0,2800000.0,2500.0,3600.0,3900.0,3000.0,4900.0,13.0,3099999.9999999995,3.0E-5,2.2,2.2,0.0,190.0,19.0,0.0,0.0,0.0,2.0E7,1.0,5.1E8,
1.1E-33,7.9,4300.0,220000.0,2400.0,2800000.0,2500.0,3600.0,3900.0,3000.0,4900.0,13.0,3099999.9999999995,3.0E-5,2.2,2.2,0.0,190.0,19.0,0.0,0.0,0.0,2.0E7,1.0,5.1E8,
1.1E-33,7.9,4300.0,220000.0,2400.0,2800000.0,2500.0,3600.0,3900.0,3000.0,4900.0,13.0,3099999.9999999995,2.9E-5,2.2,2.2,0.0,180.0,19.0,0.0,0.0,0.0,2.0E7,1.0,5.1E8,
1.1E-33,7.9,4300.0,220000.0,2400.0,2800000.0,2500.0,3600.0,3900.0,3000.0,4900.0,13.0,3099999.9999999995,2.6E-5,2.2,2.2,0.0,180.0,19.0,0.0,0.0,0.0,2.1E7,1.0,5.1E8,
1.1E-33,7.9,4300.0,220000.0,2400.0,2800000.0,2500.0,3600.0,3900.0,3000.0,4900.0,13.0,3099999.9999999995,2.3E-5,2.2,2.2,0.0,180.0,19.0,0.0,0.0,0.0,2.2E7,1.0,5.1E8,
1.1E-33,7.8,4300.0,220000.0,2400.0,2800000.0,2500.0,3500.0,3900.0,3000.0,4900.0,13.0,3099999.9999999995,2.1E-5,2.2,2.2,0.0,180.0,19.0,0.0,0.0,0.0,2.2E7,1.0,5.1E8,
1.1E-33,7.8,4300.0,220000.0,2400.0,2800000.0,2500.0,3500.0,3900.0,3000.0,4900.0,13.0,3099999.9999999995,1.8E-5,2.2,2.2,0.0,180.0,19.0,0.0,0.0,0.0,2.3E7,1.0,5.1E8,
1.1E-33,7.8,4300.0,220000.0,2400.0,2800000.0,2500.0,3500.0,3900.0,3000.0,4900.0,13.0,3099999.9999999995,2.5E-5,2.2,2.2,0.0,180.0,19.0,0.0,0.0,0.0,2.1E7,1.0,5.1E8,
1.1E-33,7.8,4300.0,220000.0,2400.0,2800000.0,2500.0,3500.0,3900.0,3000.0,4900.0,13.0,3099999.9999999995,2.9E-5,2.2,2.2,0.0,180.0,19.0,0.0,0.0,0.0,2.0E7,1.0,5.1E8,
1.1E-33,7.8,4300.0,220000.0,2400.0,2800000.0,2500.0,3500.0,3900.0,3000.0,4900.0,13.0,3099999.9999999995,3.0E-5,2.2,2.2,0.0,180.0,19.0,0.0,0.0,0.0,2.0E7,1.0,5.1E8,
1.1E-33,7.8,4300.0,220000.0,2400.0,2800000.0,2500.0,3500.0,3900.0,3000.0,4900.0,13.0,3099999.9999999995,2.9E-5,2.2,2.2,0.0,180.0,19.0,0.0,0.0,0.0,2.0E7,1.0,5.1E8,
1.3000000000000001E-33,10.0,12000.0,270000.0,5400.0,3099999.9999999995,5100.0,2000.0,5400.0,3000.0,6200.0,14.0,3399999.9999999995,0.011,2.8,2.8,0.0,200.0,21.0,0.0,0.0,0.0,2.1E7,1.0,5.1E8,
2.2E-34,1.7,4400.0,39000.0,5400.0,3099999.9999999995,5100.0,2000.0,5400.0,3000.0,6200.0,14.0,3099999.9999999995,3.5E-5,1.0,1.0,0.0,200.0,20.0,0.0,0.0,0.0,1.9E7,1.0,5.1E8,
9.4E-35,0.74,4400.0,12000.0,5400.0,2999999.9999999995,5100.0,2000.0,5400.0,3000.0,6200.0,14.0,3099999.9999999995,4.3E-5,0.81,0.81,0.0,200.0,20.0,0.0,0.0,0.0,1.8E7,1.0,5.1E8,
9.4E-35,0.73,4300.0,12000.0,5400.0,2999999.9999999995,5000.0,2000.0,5400.0,3000.0,6200.0,14.0,3099999.9999999995,4.6E-5,0.81,0.81,0.0,200.0,20.0,0.0,0.0,0.0,1.7E7,1.0,5.1E8,
9.4E-35,0.73,4300.0,12000.0,5400.0,2999999.9999999995,5000.0,2000.0,5400.0,3000.0,6200.0,14.0,3099999.9999999995,4.6E-5,0.81,0.81,0.0,200.0,20.0,0.0,0.0,0.0,1.7E7,1.0,5.1E8,
9.4E-35,0.73,4300.0,12000.0,5400.0,2999999.9999999995,5000.0,2000.0,5400.0,3000.0,6200.0,14.0,3099999.9999999995,4.2E-5,0.81,0.81,0.0,200.0,20.0,0.0,0.0,0.0,1.8E7,1.0,5.1E8,
9.4E-35,0.73,4300.0,12000.0,5400.0,2999999.9999999995,5000.0,2000.0,5400.0,3000.0,6200.0,14.0,3099999.9999999995,3.7E-5,0.81,0.81,0.0,200.0,20.0,0.0,0.0,0.0,1.8E7,1.0,5.1E8,
9.4E-35,0.73,4300.0,12000.0,5400.0,2999999.9999999995,5000.0,2000.0,5400.0,3000.0,6200.0,14.0,3099999.9999999995,3.3E-5,0.81,0.81,0.0,200.0,20.0,0.0,0.0,0.0,1.9E7,1.0,5.1E8,
9.4E-35,0.73,4300.0,12000.0,5400.0,2999999.9999999995,5000.0,2000.0,5400.0,3000.0,6200.0,14.0,3099999.9999999995,2.8E-5,0.81,0.81,0.0,200.0,20.0,0.0,0.0,0.0,2.0E7,1.0,5.1E8,
9.4E-35,0.73,4300.0,12000.0,5400.0,2999999.9999999995,5000.0,2000.0,5400.0,3000.0,6200.0,14.0,3099999.9999999995,2.4E-5,0.81,0.81,0.0,200.0,20.0,0.0,0.0,0.0,2.2E7,1.0,5.1E8,
9.4E-35,0.73,4300.0,12000.0,5400.0,2999999.9999999995,5000.0,2000.0,5400.0,3000.0,6200.0,14.0,3099999.9999999995,2.7E-5,0.81,0.81,0.0,190.0,20.0,0.0,0.0,0.0,2.1E7,1.0,5.1E8,
9.4E-35,0.73,4300.0,12000.0,5400.0,2999999.9999999995,5000.0,2000.0,5400.0,3000.0,6200.0,14.0,3099999.9999999995,3.2E-5,0.81,0.81,0.0,190.0,20.0,0.0,0.0,0.0,2.0E7,1.0,5.1E8,
9.4E-35,0.73,4300.0,12000.0,5400.0,2999999.9999999995,5000.0,2000.0,5400.0,3000.0,6200.0,14.0,3099999.9999999995,3.4E-5,0.81,0.81,0.0,190.0,20.0,0.0,0.0,0.0,1.9E7,1.0,5.1E8,
9.4E-35,0.73,4300.0,12000.0,5400.0,2999999.9999999995,5000.0,2000.0,5400.0,3000.0,6200.0,14.0,3099999.9999999995,3.3E-5,0.81,0.81,0.0,190.0,20.0,0.0,0.0,0.0,1.9E7,1.0,5.1E8,
9.4E-35,0.73,4300.0,12000.0,5400.0,2999999.9999999995,5000.0,2000.0,5400.0,3000.0,6200.0,14.0,3099999.9999999995,3.0E-5,0.81,0.81,0.0,190.0,20.0,0.0,0.0,0.0,2.0E7,1.0,5.1E8,
9.4E-35,0.73,4300.0,12000.0,5400.0,2999999.9999999995,5000.0,2000.0,5400.0,3000.0,6200.0,14.0,3099999.9999999995,2.7E-5,0.81,0.81,0.0,190.0,20.0,0.0,0.0,0.0,2.1E7,1.0,5.1E8,
9.4E-35,0.73,4300.0,12000.0,5400.0,2999999.9999999995,5000.0,2000.0,5400.0,3000.0,6200.0,14.0,3099999.9999999995,2.4E-5,0.81,0.81,0.0,180.0,20.0,0.0,0.0,0.0,2.2E7,1.0,5.1E8,
9.4E-35,0.73,4300.0,12000.0,5400.0,2999999.9999999995,5000.0,2000.0,5400.0,3000.0,6200.0,14.0,3099999.9999999995,2.1E-5,0.81,0.81,0.0,180.0,20.0,0.0,0.0,0.0,2.3E7,1.0,5.1E8,
9.4E-35,0.73,4300.0,12000.0,5400.0,2999999.9999999995,5000.0,2000.0,5400.0,3000.0,6200.0,14.0,3099999.9999999995,2.0E-5,0.81,0.81,0.0,180.0,20.0,0.0,0.0,0.0,2.3E7,1.0,5.1E8,
9.4E-35,0.73,4300.0,12000.0,5400.0,2999999.9999999995,5000.0,2000.0,5400.0,3000.0,6200.0,14.0,3099999.9999999995,2.6E-5,0.81,0.81,0.0,180.0,20.0,0.0,0.0,0.0,2.1E7,1.0,5.1E8,
9.4E-35,0.73,4300.0,12000.0,5400.0,2999999.9999999995,5000.0,2000.0,5400.0,3000.0,6200.0,14.0,3099999.9999999995,2.9E-5,0.81,0.81,0.0,180.0,20.0,0.0,0.0,0.0,2.0E7,1.0,5.1E8,
9.4E-35,0.73,4300.0,12000.0,5400.0,2999999.9999999995,5000.0,2000.0,5400.0,3000.0,6200.0,14.0,3099999.9999999995,2.9E-5,0.81,0.81,0.0,180.0,20.0,0.0,0.0,0.0,2.0E7,1.0,5.1E8,
9.4E-35,0.73,4300.0,12000.0,5400.0,2999999.9999999995,5000.0,2000.0,5400.0,3000.0,6200.0,14.0,3099999.9999999995,2.7E-5,0.81,0.81,0.0,170.0,20.0,0.0,0.0,0.0,2.1E7,1.0,5.1E8,
9.4E-35,0.73,4300.0,12000.0,5400.0,2999999.9999999995,5000.0,2000.0,5400.0,3000.0,6200.0,14.0,3099999.9999999995,2.5E-5,0.81,0.81,0.0,180.0,20.0,0.0,0.0,0.0,2.1E7,1.0,5.1E8,
9.4E-35,0.73,4300.0,12000.0,5400.0,2999999.9999999995,5000.0,2000.0,5400.0,3000.0,6200.0,14.0,3099999.9999999995,2.2E-5,0.81,0.81,0.0,170.0,20.0,0.0,0.0,0.0,2.2E7,1.0,5.1E8,
9.4E-35,0.73,4300.0,12000.0,5400.0,2999999.9999999995,5000.0,2000.0,5400.0,3000.0,6200.0,14.0,3099999.9999999995,2.0E-5,0.81,0.81,0.0,170.0,20.0,0.0,0.0,0.0,2.3E7,1.0,5.1E8,
9.4E-35,0.73,4300.0,12000.0,5400.0,2999999.9999999995,5000.0,2000.0,5400.0,3000.0,6200.0,14.0,3099999.9999999995,1.7E-5,0.81,0.81,0.0,170.0,20.0,0.0,0.0,0.0,2.4E7,1.0,5.1E8,
9.4E-35,0.73,4300.0,12000.0,5400.0,2999999.9999999995,5000.0,2000.0,5400.0,3000.0,6200.0,14.0,3099999.9999999995,2.2E-5,0.81,0.81,0.0,170.0,20.0,0.0,0.0,0.0,2.2E7,1.0,5.1E8,
9.4E-35,0.73,4300.0,12000.0,5400.0,2999999.9999999995,5000.0,2000.0,5400.0,3000.0,6200.0,14.0,3099999.9999999995,2.6E-5,0.81,0.81,0.0,170.0,20.0,0.0,0.0,0.0,2.1E7,1.0,5.1E8,
9.4E-35,0.73,4300.0,12000.0,5400.0,2999999.9999999995,5000.0,2000.0,5400.0,3000.0,6200.0,14.0,3099999.9999999995,2.7E-5,0.81,0.81,0.0,160.0,20.0,0.0,0.0,0.0,2.1E7,1.0,5.1E8,
9.4E-35,0.73,4300.0,12000.0,5400.0,2999999.9999999995,5000.0,2000.0,5400.0,3000.0,6200.0,14.0,3099999.9999999995,2.6E-5,0.81,0.81,0.0,160.0,20.0,0.0,0.0,0.0,2.1E7,1.0,5.1E8,
9.4E-35,0.73,4300.0,12000.0,5400.0,2999999.9999999995,5000.0,2000.0,5400.0,3000.0,6200.0,14.0,3099999.9999999995,2.4E-5,0.81,0.81,0.0,160.0,20.0,0.0,0.0,0.0,2.2E7,1.0,5.1E8,
9.4E-35,0.73,4300.0,12000.0,5400.0,2999999.9999999995,5000.0,2000.0,5400.0,3000.0,6200.0,14.0,3099999.9999999995,2.2E-5,0.81,0.81,0.0,160.0,20.0,0.0,0.0,0.0,2.2E7,1.0,5.1E8,
9.4E-35,0.73,4300.0,12000.0,5400.0,2999999.9999999995,5000.0,2000.0,5400.0,3000.0,6200.0,14.0,3099999.9999999995,1.9E-5,0.81,0.81,0.0,160.0,20.0,0.0,0.0,0.0,2.3E7,1.0,5.1E8,
9.4E-35,0.73,4300.0,12000.0,5400.0,2999999.9999999995,5000.0,2000.0,5400.0,3000.0,6200.0,14.0,3099999.9999999995,1.7E-5,0.81,0.81,0.0,160.0,20.0,0.0,0.0,0.0,2.4E7,1.0,5.1E8,
9.4E-35,0.73,4300.0,12000.0,5400.0,2999999.9999999995,5000.0,2000.0,5400.0,3000.0,6200.0,14.0,3099999.9999999995,1.9E-5,0.81,0.81,0.0,160.0,20.0,0.0,0.0,0.0,2.3E7,1.0,5.1E8,
9.4E-35,0.73,4300.0,12000.0,5400.0,2999999.9999999995,5000.0,2000.0,5400.0,3000.0,6200.0,14.0,3099999.9999999995,2.4E-5,0.81,0.81,0.0,160.0,20.0,0.0,0.0,0.0,2.2E7,1.0,5.1E8,
9.4E-35,0.73,4300.0,12000.0,5400.0,2999999.9999999995,5000.0,2000.0,5400.0,3000.0,6200.0,14.0,3099999.9999999995,2.6E-5,0.81,0.81,0.0,160.0,20.0,0.0,0.0,0.0,2.1E7,1.0,5.1E8,
9.4E-35,0.73,4300.0,12000.0,5400.0,2999999.9999999995,5000.0,2000.0,5400.0,3000.0,6200.0,14.0,3099999.9999999995,2.6E-5,0.81,0.81,0.0,160.0,20.0,0.0,0.0,0.0,2.1E7,1.0,5.1E8,
9.4E-35,0.73,4300.0,12000.0,5400.0,2999999.9999999995,5000.0,2000.0,5400.0,3000.0,6200.0,14.0,3099999.9999999995,2.4E-5,0.81,0.81,0.0,160.0,20.0,0.0,0.0,0.0,2.2E7,1.0,5.1E8,
9.4E-35,0.73,4300.0,12000.0,5400.0,2999999.9999999995,5000.0,2000.0,5400.0,3000.0,6200.0,14.0,3099999.9999999995,2.2E-5,0.81,0.81,0.0,160.0,20.0,0.0,0.0,0.0,2.2E7,1.0,5.1E8,
9.4E-35,0.73,4300.0,12000.0,5400.0,2999999.9999999995,5000.0,2000.0,5400.0,3000.0,6200.0,14.0,3099999.9999999995,2.0E-5,0.81,0.81,0.0,160.0,20.0,0.0,0.0,0.0,2.3E7,1.0,5.1E8,
9.4E-35,0.73,4300.0,12000.0,5400.0,2999999.9999999995,5000.0,2000.0,5400.0,3000.0,6200.0,14.0,3099999.9999999995,1.8E-5,0.81,0.81,0.0,160.0,20.0,0.0,0.0,0.0,2.4E7,1.0,5.1E8,
9.4E-35,0.73,4300.0,12000.0,5400.0,2999999.9999999995,5000.0,2000.0,5400.0,3000.0,6200.0,14.0,3099999.9999999995,1.7E-5,0.81,0.81,0.0,160.0,20.0,0.0,0.0,0.0,2.5E7,1.0,5.1E8,
9.4E-35,0.73,4300.0,12000.0,5400.0,2999999.9999999995,5000.0,2000.0,5400.0,3000.0,6200.0,14.0,3099999.9999999995,2.2E-5,0.81,0.81,0.0,160.0,20.0,0.0,0.0,0.0,2.2E7,1.0,5.1E8,
9.4E-35,0.73,4300.0,12000.0,5400.0,2999999.9999999995,5000.0,2000.0,5400.0,3000.0,6200.0,14.0,3099999.9999999995,2.5E-5,0.81,0.81,0.0,160.0,20.0,0.0,0.0,0.0,2.1E7,1.0,5.1E8,
9.4E-35,0.73,4300.0,12000.0,5400.0,2999999.9999999995,5000.0,2000.0,5400.0,3000.0,6200.0,14.0,3099999.9999999995,2.6E-5,0.81,0.81,0.0,160.0,20.0,0.0,0.0,0.0,2.1E7,1.0,5.1E8,
9.4E-35,0.73,4300.0,12000.0,5400.0,2999999.9999999995,5000.0,2000.0,5400.0,3000.0,6200.0,14.0,3099999.9999999995,2.5E-5,0.81,0.81,0.0,160.0,20.0,0.0,0.0,0.0,2.1E7,1.0,5.1E8,
9.4E-35,0.73,4300.0,12000.0,5400.0,2999999.9999999995,5000.0,2000.0,5400.0,3000.0,6200.0,14.0,3099999.9999999995,2.3E-5,0.81,0.81,0.0,160.0,20.0,0.0,0.0,0.0,2.2E7,1.0,5.1E8,
9.4E-35,0.73,4300.0,12000.0,5400.0,2999999.9999999995,5000.0,2000.0,5400.0,3000.0,6200.0,14.0,3099999.9999999995,2.0E-5,0.81,0.81,0.0,160.0,20.0,0.0,0.0,0.0,2.3E7,1.0,5.1E8,
9.4E-35,0.73,4300.0,12000.0,5400.0,2999999.9999999995,5000.0,2000.0,5400.0,3000.0,6200.0,14.0,3099999.9999999995,1.8E-5,0.81,0.81,0.0,160.0,20.0,0.0,0.0,0.0,2.4E7,1.0,5.1E8,
9.4E-35,0.73,4300.0,12000.0,5400.0,2999999.9999999995,5000.0,2000.0,5400.0,3000.0,6200.0,14.0,3099999.9999999995,1.6E-5,0.81,0.81,0.0,160.0,20.0,0.0,0.0,0.0,2.5E7,1.0,5.1E8,
9.4E-35,0.73,4300.0,12000.0,5400.0,2999999.9999999995,5000.0,2000.0,5400.0,3000.0,6200.0,14.0,3099999.9999999995,2.0E-5,0.81,0.81,0.0,160.0,20.0,0.0,0.0,0.0,2.3E7,1.0,5.1E8,
9.4E-35,0.73,4300.0,12000.0,5400.0,2999999.9999999995,5000.0,2000.0,5400.0,3000.0,6200.0,14.0,3099999.9999999995,2.4E-5,0.81,0.81,0.0,150.0,20.0,0.0,0.0,0.0,2.2E7,1.0,5.1E8,
9.4E-35,0.73,4300.0,12000.0,5400.0,2999999.9999999995,5000.0,2000.0,5400.0,3000.0,6200.0,14.0,3099999.9999999995,2.6E-5,0.81,0.81,0.0,150.0,20.0,0.0,0.0,0.0,2.1E7,1.0,5.1E8,
9.4E-35,0.73,4300.0,12000.0,5400.0,2999999.9999999995,5000.0,2000.0,5400.0,3000.0,6200.0,14.0,3099999.9999999995,2.5E-5,0.81,0.81,0.0,150.0,20.0,0.0,0.0,0.0,2.1E7,1.0,5.1E8,
9.4E-35,0.73,4300.0,12000.0,5400.0,2999999.9999999995,5000.0,2000.0,5400.0,3000.0,6200.0,14.0,3099999.9999999995,2.3E-5,0.81,0.81,0.0,150.0,20.0,0.0,0.0,0.0,2.2E7,1.0,5.1E8,
9.4E-35,0.73,4300.0,12000.0,5400.0,2999999.9999999995,5000.0,2000.0,5400.0,3000.0,6200.0,14.0,3099999.9999999995,2.1E-5,0.81,0.81,0.0,150.0,20.0,0.0,0.0,0.0,2.3E7,1.0,5.1E8,
9.4E-35,0.73,4300.0,12000.0,5400.0,2999999.9999999995,5000.0,2000.0,5400.0,3000.0,6200.0,14.0,3099999.9999999995,1.9E-5,0.81,0.81,0.0,150.0,20.0,0.0,0.0,0.0,2.4E7,1.0,5.1E8,
9.4E-35,0.73,4300.0,12000.0,5400.0,2999999.9999999995,5000.0,2000.0,5400.0,3000.0,6200.0,14.0,3099999.9999999995,1.6E-5,0.81,0.81,0.0,150.0,20.0,0.0,0.0,0.0,2.5E7,1.0,5.1E8,
2.3999999999999999E-35,0.26,6000.0,1300.0,3100.0,2999999.9999999995,5000.0,2000.0,5400.0,3000.0,6200.0,14.0,3099999.9999999995,1.2E-6,0.74,0.74,0.0,150.0,16.0,0.0,0.0,0.0,2.4E7,1.0,5.1E8,
2.3999999999999999E-35,0.26,6000.0,1300.0,3100.0,2999999.9999999995,5000.0,2000.0,5400.0,3000.0,6200.0,14.0,3099999.9999999995,1.9E-5,0.74,0.74,0.0,150.0,16.0,0.0,0.0,0.0,2.2E7,1.0,5.1E8,
2.3999999999999999E-35,0.26,6000.0,1300.0,3000.0,2999999.9999999995,5000.0,2000.0,5400.0,3000.0,6200.0,14.0,3099999.9999999995,2.1E-5,0.73,0.73,0.0,150.0,16.0,0.0,0.0,0.0,2.1E7,1.0,5.1E8,
2.3999999999999999E-35,0.26,6000.0,1300.0,3000.0,2999999.9999999995,5000.0,2000.0,5400.0,3000.0,6200.0,14.0,3099999.9999999995,2.2E-5,0.73,0.73,0.0,150.0,16.0,0.0,0.0,0.0,2.0E7,1.0,5.1E8,
2.3999999999999999E-35,0.26,6000.0,1300.0,3000.0,2999999.9999999995,5000.0,2000.0,5400.0,3000.0,6200.0,14.0,3099999.9999999995,2.1E-5,0.73,0.73,0.0,150.0,16.0,0.0,0.0,0.0,2.1E7,1.0,5.1E8,
2.3999999999999999E-35,0.26,6000.0,1300.0,3000.0,2999999.9999999995,5000.0,2000.0,5400.0,3000.0,6200.0,14.0,3099999.9999999995,1.9E-5,0.73,0.73,0.0,150.0,16.0,0.0,0.0,0.0,2.1E7,1.0,5.1E8,
2.3999999999999999E-35,0.26,6000.0,1300.0,3000.0,2999999.9999999995,5000.0,2000.0,5400.0,3000.0,6200.0,14.0,3099999.9999999995,1.7E-5,0.73,0.73,0.0,150.0,16.0,0.0,0.0,0.0,2.2E7,1.0,5.1E8,
2.3999999999999999E-35,0.26,6000.0,1300.0,3000.0,2999999.9999999995,5000.0,2000.0,5400.0,3000.0,6200.0,14.0,3099999.9999999995,1.5E-5,0.73,0.73,0.0,150.0,16.0,0.0,0.0,0.0,2.3E7,1.0,5.1E8,
2.3999999999999999E-35,0.26,6000.0,1300.0,3000.0,2999999.9999999995,5000.0,2000.0,5400.0,3000.0,6200.0,14.0,3099999.9999999995,1.3E-5,0.73,0.73,0.0,150.0,16.0,0.0,0.0,0.0,2.4E7,1.0,5.1E8,
2.3999999999999999E-35,0.26,6000.0,1300.0,3000.0,2999999.9999999995,5000.0,2000.0,5400.0,3000.0,6200.0,14.0,3099999.9999999995,1.6E-5,0.73,0.73,0.0,150.0,16.0,0.0,0.0,0.0,2.3E7,1.0,5.1E8,
2.3999999999999999E-35,0.26,6000.0,1300.0,3000.0,2999999.9999999995,5000.0,2000.0,5400.0,3000.0,6200.0,14.0,3099999.9999999995,2.0E-5,0.73,0.73,0.0,150.0,16.0,0.0,0.0,0.0,2.1E7,1.0,5.1E8,
2.3999999999999999E-35,0.26,6000.0,1300.0,3000.0,2999999.9999999995,5000.0,2000.0,5400.0,3000.0,6200.0,14.0,3099999.9999999995,2.1E-5,0.73,0.73,0.0,150.0,16.0,0.0,0.0,0.0,2.1E7,1.0,5.1E8,
2.3999999999999999E-35,0.26,6000.0,1300.0,3000.0,2999999.9999999995,5000.0,2000.0,5400.0,3000.0,6200.0,14.0,3099999.9999999995,2.0E-5,0.73,0.73,0.0,150.0,16.0,0.0,0.0,0.0,2.1E7,1.0,5.1E8,
2.3999999999999999E-35,0.26,6000.0,1300.0,3000.0,2999999.9999999995,5000.0,2000.0,5400.0,3000.0,6200.0,14.0,3099999.9999999995,1.9E-5,0.73,0.73,0.0,150.0,16.0,0.0,0.0,0.0,2.2E7,1.0,5.1E8,
2.3999999999999999E-35,0.26,6000.0,1300.0,3000.0,2999999.9999999995,5000.0,2000.0,5400.0,3000.0,6200.0,14.0,3099999.9999999995,1.7E-5,0.73,0.73,0.0,150.0,16.0,0.0,0.0,0.0,2.2E7,1.0,5.1E8,
2.3999999999999999E-35,0.26,6000.0,1300.0,3000.0,2999999.9999999995,5000.0,2000.0,5400.0,3000.0,6200.0,14.0,3099999.9999999995,1.5E-5,0.73,0.73,0.0,150.0,16.0,0.0,0.0,0.0,2.3E7,1.0,5.1E8,
2.3999999999999999E-35,0.26,6000.0,1300.0,3000.0,2999999.9999999995,5000.0,2000.0,5400.0,3000.0,6200.0,14.0,3099999.9999999995,1.3E-5,0.73,0.73,0.0,150.0,16.0,0.0,0.0,0.0,2.4E7,1.0,5.1E8,
2.3999999999999999E-35,0.26,6000.0,1300.0,3000.0,2999999.9999999995,5000.0,2000.0,5400.0,3000.0,6200.0,14.0,3099999.9999999995,1.4E-5,0.73,0.73,0.0,150.0,16.0,0.0,0.0,0.0,2.4E7,1.0,5.1E8,
4.0999999999999997E-35,0.54,13000.0,4400.0,5800.0,3199999.9999999995,26.0,3600.0,7300.0,3000.0,6200.0,15.0,3199999.9999999995,2.7E-5,0.86,0.86,0.0,190.0,23.0,0.0,0.0,0.0,2.2E7,1.0,5.1E8,
4.0999999999999997E-35,0.54,5100.0,4400.0,5800.0,3099999.9999999995,26.0,3500.0,7300.0,3000.0,6100.0,15.0,3099999.9999999995,3.3E-5,0.85,0.85,0.0,190.0,23.0,0.0,0.0,0.0,2.0E7,1.0,5.1E8,
4.0999999999999997E-35,0.54,5100.0,4400.0,5800.0,3099999.9999999995,26.0,3500.0,7300.0,3000.0,6100.0,15.0,3099999.9999999995,3.9E-5,0.85,0.85,0.0,190.0,23.0,0.0,0.0,0.0,1.9E7,1.0,5.1E8,
4.0999999999999997E-35,0.54,5100.0,4400.0,5800.0,3099999.9999999995,26.0,3500.0,7300.0,3000.0,6100.0,15.0,3099999.9999999995,4.1E-5,0.85,0.85,0.0,190.0,23.0,0.0,0.0,0.0,1.9E7,1.0,5.1E8,
4.0999999999999997E-35,0.54,5100.0,4400.0,5800.0,3099999.9999999995,26.0,3500.0,7300.0,3000.0,6100.0,15.0,3099999.9999999995,3.9E-5,0.85,0.85,0.0,180.0,23.0,0.0,0.0,0.0,1.9E7,1.0,5.1E8,
4.0999999999999997E-35,0.54,5100.0,4400.0,5800.0,3099999.9999999995,26.0,3500.0,7300.0,3000.0,6100.0,15.0,3099999.9999999995,3.6E-5,0.85,0.85,0.0,180.0,23.0,0.0,0.0,0.0,2.0E7,1.0,5.1E8,
4.0999999999999997E-35,0.54,5100.0,4400.0,5800.0,3099999.9999999995,26.0,3500.0,7300.0,3000.0,6100.0,15.0,3099999.9999999995,3.2E-5,0.85,0.85,0.0,180.0,23.0,0.0,0.0,0.0,2.1E7,1.0,5.1E8,
4.0999999999999997E-35,0.54,5100.0,4400.0,5800.0,3099999.9999999995,26.0,3500.0,7300.0,3000.0,6100.0,15.0,3099999.9999999995,2.8E-5,0.85,0.85,0.0,180.0,23.0,0.0,0.0,0.0,2.2E7,1.0,5.1E8,
4.0999999999999997E-35,0.54,5100.0,4400.0,5800.0,3099999.9999999995,26.0,3500.0,7300.0,3000.0,6100.0,15.0,3099999.9999999995,2.4E-5,0.85,0.85,0.0,180.0,23.0,0.0,0.0,0.0,2.3E7,1.0,5.1E8,
4.0999999999999997E-35,0.54,5100.0,4400.0,5800.0,3099999.9999999995,26.0,3500.0,7300.0,3000.0,6100.0,15.0,3099999.9999999995,2.3E-5,0.85,0.85,0.0,180.0,23.0,0.0,0.0,0.0,2.3E7,1.0,5.1E8,
4.0999999999999997E-35,0.54,5100.0,4400.0,5800.0,3099999.9999999995,26.0,3500.0,7300.0,3000.0,6100.0,15.0,3099999.9999999995,3.0E-5,0.85,0.85,0.0,180.0,23.0,0.0,0.0,0.0,2.1E7,1.0,5.1E8,
4.0999999999999997E-35,0.54,5100.0,4400.0,5800.0,3099999.9999999995,26.0,3500.0,7300.0,3000.0,6100.0,15.0,3099999.9999999995,3.3E-5,0.85,0.85,0.0,180.0,23.0,0.0,0.0,0.0,2.0E7,1.0,5.1E8,
4.0999999999999997E-35,0.54,5100.0,4400.0,5800.0,3099999.9999999995,26.0,3500.0,7300.0,3000.0,6100.0,15.0,3099999.9999999995,3.4E-5,0.85,0.85,0.0,180.0,23.0,0.0,0.0,0.0,2.0E7,1.0,5.1E8,
4.0999999999999997E-35,0.54,5100.0,4400.0,5800.0,3099999.9999999995,26.0,3500.0,7300.0,3000.0,6100.0,15.0,3099999.9999999995,3.2E-5,0.85,0.85,0.0,180.0,23.0,0.0,0.0,0.0,2.1E7,1.0,5.1E8,
4.0999999999999997E-35,0.54,5100.0,4400.0,5800.0,3099999.9999999995,26.0,3500.0,7300.0,3000.0,6100.0,15.0,3099999.9999999995,2.9E-5,0.85,0.85,0.0,180.0,23.0,0.0,0.0,0.0,2.1E7,1.0,5.1E8,
4.0999999999999997E-35,0.54,5100.0,4400.0,5800.0,3099999.9999999995,26.0,3500.0,7300.0,3000.0,6100.0,15.0,3099999.9999999995,2.6E-5,0.85,0.85,0.0,180.0,23.0,0.0,0.0,0.0,2.2E7,1.0,5.1E8,
4.0E-35,0.53,5100.0,4400.0,5800.0,2999999.9999999995,26.0,3500.0,7300.0,3000.0,6100.0,15.0,3099999.9999999995,2.2E-5,0.84,0.84,0.0,180.0,23.0,0.0,0.0,0.0,2.3E7,1.0,5.1E8,
4.0E-35,0.53,5100.0,4400.0,5800.0,2999999.9999999995,26.0,3500.0,7300.0,3000.0,6100.0,15.0,3099999.9999999995,2.0E-5,0.84,0.84,0.0,180.0,23.0,0.0,0.0,0.0,2.4E7,1.0,5.1E8,
4.0E-35,0.53,5100.0,4400.0,5800.0,2999999.9999999995,26.0,3500.0,7300.0,3000.0,6100.0,15.0,3099999.9999999995,2.5E-5,0.84,0.84,0.0,180.0,23.0,0.0,0.0,0.0,2.2E7,1.0,5.1E8,
4.0E-35,0.53,5100.0,4400.0,5800.0,2999999.9999999995,26.0,3500.0,7300.0,3000.0,6100.0,15.0,3099999.9999999995,3.0E-5,0.84,0.84,0.0,180.0,23.0,0.0,0.0,0.0,2.1E7,1.0,5.1E8,
4.0E-35,0.53,5100.0,4400.0,5800.0,2999999.9999999995,26.0,3500.0,7300.0,3000.0,6100.0,15.0,3099999.9999999995,3.1E-5,0.84,0.84,0.0,170.0,23.0,0.0,0.0,0.0,2.1E7,1.0,5.1E8,
4.0E-35,0.53,5100.0,4400.0,5800.0,2999999.9999999995,26.0,3500.0,7300.0,3000.0,6100.0,15.0,3099999.9999999995,3.0E-5,0.84,0.84,0.0,170.0,23.0,0.0,0.0,0.0,2.1E7,1.0,5.1E8,
4.0E-35,0.53,5100.0,4400.0,5800.0,2999999.9999999995,26.0,3500.0,7300.0,3000.0,6100.0,15.0,3099999.9999999995,2.8E-5,0.84,0.84,0.0,170.0,23.0,0.0,0.0,0.0,2.2E7,1.0,5.1E8,
4.0E-35,0.53,5100.0,4400.0,5800.0,2999999.9999999995,26.0,3500.0,7300.0,3000.0,6100.0,15.0,3099999.9999999995,2.5E-5,0.84,0.84,0.0,170.0,23.0,0.0,0.0,0.0,2.2E7,1.0,5.1E8,
4.0E-35,0.53,5100.0,4400.0,5800.0,2999999.9999999995,26.0,3500.0,7300.0,3000.0,6100.0,15.0,3099999.9999999995,2.2E-5,0.84,0.84,0.0,170.0,23.0,0.0,0.0,0.0,2.3E7,1.0,5.1E8,
4.0E-35,0.53,5100.0,4400.0,5800.0,2999999.9999999995,26.0,3500.0,7300.0,3000.0,6100.0,15.0,3099999.9999999995,1.9E-5,0.84,0.84,0.0,170.0,23.0,0.0,0.0,0.0,2.4E7,1.0,5.1E8,
4.0E-35,0.53,5100.0,4400.0,5800.0,2999999.9999999995,26.0,3500.0,7300.0,3000.0,6100.0,15.0,3099999.9999999995,2.2E-5,0.84,0.84,0.0,170.0,23.0,0.0,0.0,0.0,2.3E7,1.0,5.1E8,
4.0E-35,0.53,5100.0,4400.0,5800.0,2999999.9999999995,26.0,3500.0,7300.0,3000.0,6100.0,15.0,3099999.9999999995,2.7E-5,0.84,0.84,0.0,170.0,23.0,0.0,0.0,0.0,2.2E7,1.0,5.1E8,
4.0E-35,0.53,5100.0,4400.0,5800.0,2999999.9999999995,26.0,3500.0,7300.0,3000.0,6100.0,15.0,3099999.9999999995,2.9E-5,0.84,0.84,0.0,160.0,23.0,0.0,0.0,0.0,2.1E7,1.0,5.1E8,
4.0E-35,0.53,5100.0,4400.0,5800.0,2999999.9999999995,26.0,3500.0,7300.0,3000.0,6100.0,15.0,3099999.9999999995,2.9E-5,0.84,0.84,0.0,160.0,23.0,0.0,0.0,0.0,2.1E7,1.0,5.1E8,
4.0E-35,0.53,5100.0,4400.0,5800.0,2999999.9999999995,26.0,3500.0,7300.0,3000.0,6100.0,15.0,3099999.9999999995,2.7E-5,0.84,0.84,0.0,160.0,23.0,0.0,0.0,0.0,2.2E7,1.0,5.1E8,
4.0E-35,0.53,5100.0,4400.0,5800.0,2999999.9999999995,26.0,3500.0,7300.0,3000.0,6100.0,15.0,3099999.9999999995,2.5E-5,0.84,0.84,0.0,160.0,23.0,0.0,0.0,0.0,2.2E7,1.0,5.1E8,
4.0E-35,0.53,5100.0,4400.0,5800.0,2999999.9999999995,26.0,3500.0,7300.0,3000.0,6100.0,15.0,3099999.9999999995,2.2E-5,0.84,0.84,0.0,160.0,23.0,0.0,0.0,0.0,2.3E7,1.0,5.1E8,
4.0E-35,0.53,5100.0,4400.0,5800.0,2999999.9999999995,26.0,3500.0,7300.0,3000.0,6100.0,15.0,3099999.9999999995,2.0E-5,0.84,0.84,0.0,160.0,23.0,0.0,0.0,0.0,2.4E7,1.0,5.1E8,
4.0E-35,0.53,5100.0,4400.0,5800.0,2999999.9999999995,26.0,3500.0,7300.0,3000.0,6100.0,15.0,3099999.9999999995,1.9E-5,0.84,0.84,0.0,160.0,23.0,0.0,0.0,0.0,2.5E7,1.0,5.1E8,
4.0E-35,0.53,5100.0,4400.0,5800.0,2999999.9999999995,26.0,3500.0,7300.0,3000.0,6100.0,15.0,3099999.9999999995,2.5E-5,0.84,0.84,0.0,160.0,23.0,0.0,0.0,0.0,2.2E7,1.0,5.1E8,
4.0E-35,0.53,5100.0,4400.0,5800.0,2999999.9999999995,26.0,3500.0,7300.0,3000.0,6100.0,15.0,3099999.9999999995,2.8E-5,0.84,0.84,0.0,160.0,23.0,0.0,0.0,0.0,2.1E7,1.0,5.1E8,
4.0E-35,0.53,5100.0,4400.0,5800.0,2999999.9999999995,26.0,3500.0,7300.0,3000.0,6100.0,15.0,3099999.9999999995,2.9E-5,0.84,0.84,0.0,160.0,23.0,0.0,0.0,0.0,2.1E7,1.0,5.1E8,
2.6E-35,0.45,2000.0,4800.0,5700.0,3099999.9999999995,26.0,3500.0,7300.0,2900.0,6100.0,15.0,3099999.9999999995,4.2E-5,0.75,0.75,0.0,170.0,28.0,0.0,0.0,0.0,2.0E7,1.0,5.1E8,
2.5E-35,0.44,2000.0,4800.0,5700.0,3099999.9999999995,26.0,3500.0,7300.0,2900.0,6100.0,15.0,3099999.9999999995,5.2E-5,0.74,0.74,0.0,170.0,27.0,0.0,2.3E-13,4.5999999999999995E-24,1.8E7,1.0,5.1E8,
2.5E-35,0.44,2000.0,4800.0,5700.0,3099999.9999999995,26.0,3500.0,7300.0,2900.0,6100.0,15.0,3099999.9999999995,6.0E-5,0.74,0.74,0.0,160.0,27.0,0.0,1.5E-12,7.6E-23,1.7E7,1.0,5.1E8,
2.5E-35,0.44,2000.0,4800.0,5700.0,3099999.9999999995,26.0,3500.0,7300.0,2900.0,6100.0,15.0,3099999.9999999995,6.1E-5,0.74,0.74,0.0,160.0,27.0,0.0,3.9E-12,2.7E-22,1.7E7,1.0,5.1E8,
2.5E-35,0.44,2000.0,4800.0,5700.0,3099999.9999999995,26.0,3500.0,7300.0,2900.0,6100.0,15.0,3099999.9999999995,5.8E-5,0.74,0.74,0.0,160.0,27.0,0.0,7.3E-12,5.600000000000001E-22,1.8E7,1.0,5.1E8,
2.5E-35,0.44,2000.0,4800.0,5700.0,3099999.9999999995,26.0,3500.0,7300.0,2900.0,6100.0,15.0,3099999.9999999995,5.2E-5,0.74,0.74,0.0,160.0,27.0,0.0,1.2E-11,9.000000000000002E-22,1.8E7,1.0,5.1E8,
2.5E-35,0.44,2000.0,4800.0,5700.0,3099999.9999999995,26.0,3500.0,7300.0,2900.0,6100.0,15.0,3099999.9999999995,4.5E-5,0.74,0.74,0.0,160.0,27.0,0.0,1.7E-11,1.2E-21,1.9E7,1.0,5.1E8,
2.5E-35,0.44,2000.0,4800.0,5700.0,3099999.9999999995,26.0,3500.0,7300.0,2900.0,6100.0,15.0,3099999.9999999995,3.9E-5,0.74,0.74,0.0,160.0,27.0,0.0,2.3E-11,1.5E-21,2.0E7,1.0,5.1E8,
2.5E-35,0.44,2000.0,4800.0,5700.0,3099999.9999999995,26.0,3500.0,7300.0,2900.0,6100.0,15.0,3099999.9999999995,3.4E-5,0.74,0.74,0.0,160.0,27.0,0.0,3.0E-11,1.8E-21,2.1E7,1.0,5.1E8,
2.5E-35,0.44,2000.0,4800.0,5700.0,3099999.9999999995,26.0,3500.0,7300.0,2900.0,6100.0,15.0,3099999.9999999995,3.2E-5,0.74,0.74,0.0,160.0,27.0,0.0,3.9E-11,2.0E-21,2.2E7,1.0,5.1E8,
7.199999999999999E-35,1.4,16000.0,28000.0,8800.0,3199999.9999999995,26.0,3500.0,7200.0,2900.0,6100.0,15.0,3299999.9999999995,0.0044,0.91,0.91,0.0,160.0,32.0,0.0,7.3E-11,1.4E-16,2.0E7,1.0,5.1E8,
1.6999999999999999E-35,0.33,3500.0,4900.0,1200.0,3099999.9999999995,26.0,3500.0,7200.0,2900.0,6100.0,15.0,3099999.9999999995,2.1E-5,0.68,0.68,0.0,160.0,11.0,0.0,8.6E-11,1.5E-17,1.9E7,1.0,5.1E8,
1.1999999999999999E-35,0.28,3500.0,1000.0,4200.0,3099999.9999999995,26.0,3500.0,7200.0,2900.0,6100.0,15.0,3099999.9999999995,3.2E-5,0.67,0.67,0.0,170.0,15.0,0.0,1.3E-10,3.5E-17,1.8E7,1.0,5.1E8,
1.1999999999999999E-35,0.27,3500.0,1000.0,4200.0,3099999.9999999995,26.0,3500.0,7200.0,2900.0,6100.0,15.0,3099999.9999999995,3.8E-5,0.67,0.67,0.0,160.0,15.0,0.0,1.4E-10,1.5E-17,1.7E7,1.0,5.1E8,
1.1999999999999999E-35,0.27,3500.0,1000.0,4200.0,3099999.9999999995,26.0,3500.0,7200.0,2900.0,6100.0,15.0,3099999.9999999995,4.5E-5,0.67,0.67,0.0,160.0,15.0,0.0,1.6E-10,4.7E-18,1.6E7,1.0,5.1E8,
1.1E-35,0.64,6800.0,1600.0,6700.0,3099999.9999999995,26.0,3500.0,7200.0,2900.0,6100.0,15.0,3099999.9999999995,6.3E-5,0.71,0.71,0.0,170.0,19.0,270.0,9.9E-9,3.2E-14,1.5E7,1.0,5.1E8,
1.1E-35,0.64,6800.0,1600.0,6700.0,3099999.9999999995,26.0,3500.0,7200.0,2900.0,6100.0,15.0,3099999.9999999995,6.8E-5,0.71,0.71,0.0,160.0,19.0,0.72,1.0E-8,9.6E-15,1.5E7,1.0,5.1E8,
1.1E-35,0.64,6800.0,1600.0,6700.0,3099999.9999999995,26.0,3500.0,7200.0,2900.0,6100.0,15.0,3099999.9999999995,6.6E-5,0.71,0.71,0.0,160.0,19.0,0.0019,1.0E-8,2.9E-15,1.5E7,1.0,5.1E8,
1.1E-35,0.64,6800.0,1600.0,6700.0,3099999.9999999995,26.0,3500.0,7200.0,2900.0,6100.0,15.0,3099999.9999999995,6.0E-5,0.71,0.71,0.0,160.0,19.0,5.0E-6,1.0E-8,8.8E-16,1.5E7,1.0,5.1E8,
1.1E-35,0.64,6800.0,1600.0,6700.0,3099999.9999999995,26.0,3500.0,7200.0,2900.0,6100.0,15.0,3099999.9999999995,5.2E-5,0.71,0.71,0.0,160.0,19.0,1.4E-8,1.0E-8,2.6E-16,1.6E7,1.0,5.1E8,
1.1E-35,0.64,6800.0,1600.0,6700.0,3099999.9999999995,26.0,3500.0,7200.0,2900.0,6100.0,15.0,3099999.9999999995,4.4E-5,0.71,0.71,0.0,160.0,19.0,4.0E-11,1.0E-8,8.0E-17,1.7E7,1.0,5.1E8,
1.1E-35,0.64,6800.0,1600.0,6700.0,3099999.9999999995,26.0,3500.0,7200.0,2900.0,6100.0,15.0,3099999.9999999995,3.7E-5,0.71,0.71,0.0,160.0,19.0,1.7E-13,1.0E-8,2.5E-17,1.8E7,1.0,5.1E8,
1.1E-35,0.64,6800.0,1600.0,6700.0,2999999.9999999995,26.0,3500.0,7200.0,2900.0,6000.0,15.0,3099999.9999999995,3.2E-5,0.71,0.71,0.0,160.0,19.0,0.0,1.0E-8,7.9E-18,1.9E7,1.0,5.1E8,
1.1E-35,0.64,6800.0,1600.0,6700.0,2999999.9999999995,26.0,3500.0,7200.0,2900.0,6000.0,15.0,3099999.9999999995,2.7E-5,0.71,0.71,0.0,160.0,19.0,1.2E-16,1.0E-8,2.8E-18,2.0E7,1.0,5.1E8,
1.1E-35,0.64,6800.0,1600.0,6700.0,2999999.9999999995,26.0,3500.0,7200.0,2900.0,6000.0,15.0,3099999.9999999995,3.4E-5,0.71,0.71,0.0,150.0,19.0,3.2E-19,1.0E-8,1.3E-18,1.9E7,1.0,5.1E8,
1.1E-35,0.64,6800.0,1600.0,6700.0,2999999.9999999995,26.0,3500.0,7200.0,2900.0,6000.0,15.0,3099999.9999999995,3.8E-5,0.71,0.71,0.0,150.0,19.0,8.4E-22,1.0E-8,9.1E-19,1.8E7,1.0,5.1E8,
1.1E-35,0.64,6800.0,1600.0,6700.0,2999999.9999999995,26.0,3500.0,7200.0,2900.0,6000.0,15.0,3099999.9999999995,3.7E-5,0.71,0.71,0.0,150.0,19.0,2.1999999999999996E-24,1.0E-8,8.1E-19,1.8E7,1.0,5.1E8,
1.1E-35,0.64,6800.0,1600.0,6700.0,2999999.9999999995,26.0,3500.0,7200.0,2900.0,6000.0,15.0,3099999.9999999995,3.4E-5,0.71,0.71,0.0,150.0,19.0,6.0E-27,1.1E-8,7.6E-19,1.9E7,1.0,5.1E8,
1.1E-35,0.64,6800.0,1600.0,6700.0,2999999.9999999995,26.0,3500.0,7200.0,2900.0,6000.0,15.0,3099999.9999999995,3.1E-5,0.71,0.71,0.0,150.0,19.0,4.5E-29,1.1E-8,7.0E-19,1.9E7,1.0,5.1E8,
1.1E-35,0.64,6800.0,1600.0,6700.0,2999999.9999999995,26.0,3500.0,7200.0,2900.0,6000.0,15.0,3099999.9999999995,2.7E-5,0.71,0.71,0.0,150.0,19.0,3.1000000000000003E-30,1.1E-8,6.3E-19,2.0E7,1.0,5.1E8,
1.1E-35,0.64,6800.0,1600.0,6700.0,2999999.9999999995,26.0,3500.0,7200.0,2900.0,6000.0,15.0,3099999.9999999995,2.3E-5,0.71,0.71,0.0,150.0,19.0,4.8E-31,1.1E-8,5.6E-19,2.1E7,1.0,5.1E8,
1.1E-35,0.64,6800.0,1600.0,6700.0,2999999.9999999995,26.0,3500.0,7200.0,2900.0,6000.0,15.0,3099999.9999999995,2.0E-5,0.71,0.71,0.0,150.0,19.0,4.9999999999999995E-31,1.1E-8,4.9E-19,2.3E7,1.0,5.1E8,
1.1E-35,0.64,6800.0,1600.0,6700.0,2999999.9999999995,26.0,3500.0,7200.0,2900.0,6000.0,15.0,3099999.9999999995,2.4E-5,0.71,0.71,0.0,150.0,19.0,1.1E-32,1.1E-8,4.8E-19,2.1E7,1.0,5.1E8,
1.1E-35,0.64,6800.0,1600.0,6700.0,2999999.9999999995,26.0,3500.0,7200.0,2900.0,6000.0,15.0,3099999.9999999995,2.8E-5,0.71,0.71,0.0,150.0,19.0,2.8E-35,1.1E-8,5.6E-19,2.0E7,1.0,5.1E8,
1.1E-35,0.64,6800.0,1600.0,6700.0,2999999.9999999995,26.0,3500.0,7200.0,2900.0,6000.0,15.0,3099999.9999999995,3.0E-5,0.71,0.71,0.0,150.0,19.0,7.5E-38,1.1E-8,6.3E-19,2.0E7,1.0,5.1E8,
1.1E-35,0.64,6800.0,1600.0,6700.0,2999999.9999999995,26.0,3500.0,7200.0,2900.0,6000.0,15.0,3099999.9999999995,2.9E-5,0.71,0.71,0.0,150.0,19.0,2.0E-40,1.2E-8,6.5E-19,2.0E7,1.0,5.1E8,
1.1E-35,0.64,6800.0,1600.0,6700.0,2999999.9999999995,26.0,3500.0,7200.0,2900.0,6000.0,15.0,3099999.9999999995,2.6E-5,0.71,0.71,0.0,150.0,19.0,4.699999999999999E-43,1.2E-8,6.4E-19,2.1E7,1.0,5.1E8,
1.1E-35,0.64,6800.0,1600.0,6700.0,2999999.9999999995,26.0,3500.0,7200.0,2900.0,6000.0,15.0,3099999.9999999995,2.4E-5,0.71,0.71,0.0,150.0,19.0,0.0,1.2E-8,6.0E-19,2.1E7,1.0,5.1E8,
1.1E-35,0.64,6800.0,1600.0,6700.0,2999999.9999999995,26.0,3500.0,7200.0,2900.0,6000.0,15.0,3099999.9999999995,2.1E-5,0.71,0.71,0.0,150.0,19.0,2.9E-46,1.2E-8,5.5E-19,2.2E7,1.0,5.1E8,
1.1E-35,0.64,6800.0,1600.0,6700.0,2999999.9999999995,26.0,3500.0,7200.0,2900.0,6000.0,15.0,3099999.9999999995,1.8E-5,0.71,0.71,0.0,150.0,19.0,2.3999999999999997E-46,1.3E-8,5.0E-19,2.3E7,1.0,5.1E8,
1.1E-35,0.64,6800.0,1600.0,6700.0,2999999.9999999995,26.0,3500.0,7200.0,2900.0,6000.0,15.0,3099999.9999999995,1.9E-5,0.71,0.71,0.0,150.0,19.0,9.100000000000001E-48,1.3E-8,4.6E-19,2.3E7,1.0,5.1E8,
1.1E-35,0.64,6800.0,1600.0,6700.0,2999999.9999999995,26.0,3500.0,7200.0,2900.0,6000.0,15.0,3099999.9999999995,2.4E-5,0.71,0.71,0.0,150.0,19.0,2.4E-50,1.3E-8,5.4E-19,2.1E7,1.0,5.1E8,
1.1E-35,0.64,6800.0,1600.0,6700.0,2999999.9999999995,26.0,3500.0,7200.0,2900.0,6000.0,15.0,3099999.9999999995,2.6E-5,0.71,0.71,0.0,140.0,19.0,6.399999999999999E-53,1.4E-8,6.3E-19,2.1E7,1.0,5.1E8,
1.1E-35,0.64,6800.0,1600.0,6700.0,2999999.9999999995,26.0,3500.0,7200.0,2900.0,6000.0,15.0,3099999.9999999995,2.6E-5,0.71,0.71,0.0,140.0,19.0,1.7E-55,1.4E-8,6.9E-19,2.1E7,1.0,5.1E8,
1.1E-35,0.64,6800.0,1600.0,6700.0,2999999.9999999995,26.0,3500.0,7200.0,2900.0,6000.0,15.0,3099999.9999999995,2.5E-5,0.71,0.71,0.0,140.0,19.0,4.6000000000000005E-58,1.4E-8,7.0E-19,2.1E7,1.0,5.1E8,
1.1E-35,0.64,6800.0,1600.0,6700.0,2999999.9999999995,26.0,3500.0,7200.0,2900.0,6000.0,15.0,3099999.9999999995,2.2E-5,0.71,0.71,0.0,140.0,19.0,0.0,1.5E-8,6.7E-19,2.2E7,1.0,5.1E8,
1.1E-35,0.64,6800.0,1600.0,6700.0,2999999.9999999995,26.0,3500.0,7200.0,2900.0,6000.0,15.0,3099999.9999999995,2.0E-5,0.71,0.71,0.0,140.0,19.0,0.0,1.5E-8,6.3E-19,2.3E7,1.0,5.1E8,
1.1E-35,0.64,6800.0,1600.0,6700.0,2999999.9999999995,26.0,3500.0,7200.0,2900.0,6000.0,15.0,3099999.9999999995,1.8E-5,0.71,0.71,0.0,140.0,19.0,0.0,1.5E-8,5.8E-19,2.4E7,1.0,5.1E8,
1.1E-35,0.64,6800.0,1600.0,6700.0,2999999.9999999995,26.0,3500.0,7200.0,2900.0,6000.0,15.0,3099999.9999999995,1.6E-5,0.71,0.71,0.0,140.0,19.0,3.8E-64,1.6E-8,5.3E-19,2.5E7,1.0,5.1E8,
1.1E-35,0.64,6800.0,1600.0,6700.0,2999999.9999999995,26.0,3500.0,7200.0,2900.0,6000.0,15.0,3099999.9999999995,2.1E-5,0.71,0.71,0.0,140.0,19.0,1.0E-66,1.6E-8,5.8E-19,2.2E7,1.0,5.1E8,
1.1E-35,0.64,6800.0,1600.0,6700.0,2999999.9999999995,26.0,3500.0,7200.0,2900.0,6000.0,15.0,3099999.9999999995,2.4E-5,0.71,0.71,0.0,140.0,19.0,2.7E-69,1.7E-8,7.0E-19,2.1E7,1.0,5.1E8,
1.1E-35,0.64,6800.0,1600.0,6700.0,2999999.9999999995,26.0,3500.0,7200.0,2900.0,6000.0,15.0,3099999.9999999995,2.5E-5,0.71,0.71,0.0,140.0,19.0,7.2E-72,1.7E-8,7.9E-19,2.1E7,1.0,5.1E8,
1.1E-35,0.64,6800.0,1600.0,6700.0,2999999.9999999995,26.0,3500.0,7200.0,2900.0,6000.0,15.0,3099999.9999999995,2.4E-5,0.71,0.71,0.0,140.0,19.0,1.9000000000000002E-74,1.7E-8,8.2E-19,2.1E7,1.0,5.1E8,
1.1E-35,0.64,6800.0,1600.0,6700.0,2999999.9999999995,26.0,3500.0,7200.0,2900.0,6000.0,15.0,3099999.9999999995,2.2E-5,0.71,0.71,0.0,140.0,19.0,2.0000000000000002E-76,1.8E-8,8.1E-19,2.2E7,1.0,5.1E8,
1.1E-35,0.64,6800.0,1600.0,6700.0,2999999.9999999995,26.0,3500.0,7200.0,2900.0,6000.0,15.0,3099999.9999999995,2.0E-5,0.71,0.71,0.0,140.0,19.0,6.4E-77,1.9E-8,7.7E-19,2.3E7,1.0,5.1E8,
4.0000000000000004E-36,0.64,3900.0,640.0,4600.0,3099999.9999999995,26.0,3500.0,7100.0,2900.0,6000.0,15.0,3099999.9999999995,1.4E-5,0.63,0.63,0.0,140.0,12.0,2.4E-77,2.6E-8,3.6E-13,2.2E7,1.0,5.1E8,
4.0000000000000004E-36,0.64,3900.0,640.0,4600.0,3099999.9999999995,26.0,3500.0,7100.0,2900.0,6000.0,15.0,3099999.9999999995,1.9E-5,0.63,0.63,0.0,140.0,12.0,6.2E-80,2.7E-8,1.1E-13,2.0E7,1.0,5.1E8,
4.0000000000000004E-36,0.64,3900.0,640.0,4600.0,3099999.9999999995,26.0,3500.0,7100.0,2900.0,6000.0,15.0,3099999.9999999995,2.1E-5,0.63,0.63,0.0,140.0,12.0,1.6E-82,2.7E-8,3.3E-14,1.9E7,1.0,5.1E8,
4.0000000000000004E-36,0.64,3900.0,640.0,4600.0,3099999.9999999995,26.0,3500.0,7100.0,2900.0,6000.0,15.0,3099999.9999999995,2.2E-5,0.63,0.63,0.0,140.0,12.0,4.3E-85,2.8E-8,1.0E-14,1.9E7,1.0,5.1E8,
4.0000000000000004E-36,0.64,3900.0,640.0,4600.0,3099999.9999999995,26.0,3500.0,7100.0,2900.0,6000.0,15.0,3099999.9999999995,2.0E-5,0.63,0.63,0.0,140.0,12.0,1.1E-87,2.8E-8,3.0E-15,1.9E7,1.0,5.1E8,
4.0000000000000004E-36,0.64,3900.0,640.0,4600.0,3099999.9999999995,26.0,3500.0,7100.0,2900.0,6000.0,15.0,3099999.9999999995,1.8E-5,0.63,0.63,0.0,140.0,12.0,2.9999999999999998E-90,2.9E-8,9.0E-16,2.0E7,1.0,5.1E8,
4.0000000000000004E-36,0.64,3900.0,640.0,4600.0,3099999.9999999995,26.0,3500.0,7100.0,2900.0,6000.0,15.0,3099999.9999999995,1.6E-5,0.63,0.63,0.0,140.0,12.0,9.8E-93,2.9E-8,2.7E-16,2.1E7,1.0,5.1E8,
4.0000000000000004E-36,0.64,3900.0,640.0,4600.0,3099999.9999999995,26.0,3500.0,7100.0,2900.0,6000.0,15.0,3099999.9999999995,1.4E-5,0.63,0.63,0.0,140.0,12.0,2.6999999999999998E-95,3.0E-8,8.3E-17,2.2E7,1.0,5.1E8,
4.0000000000000004E-36,0.64,3900.0,640.0,4600.0,3099999.9999999995,26.0,3500.0,7100.0,2900.0,6000.0,15.0,3099999.9999999995,1.3E-5,0.63,0.63,0.0,140.0,12.0,1.1E-97,3.1E-8,2.6E-17,2.3E7,1.0,5.1E8,
4.0000000000000004E-36,0.64,3900.0,640.0,4600.0,3099999.9999999995,26.0,3500.0,7100.0,2900.0,6000.0,15.0,3099999.9999999995,1.4E-5,0.63,0.63,0.0,130.0,12.0,2.9000000000000003E-100,3.1E-8,8.2E-18,2.2E7,1.0,5.1E8,
4.0000000000000004E-36,0.64,3900.0,640.0,4600.0,3099999.9999999995,26.0,3500.0,7100.0,2900.0,6000.0,15.0,3099999.9999999995,1.7E-5,0.63,0.63,0.0,130.0,12.0,7.6E-103,3.2E-8,3.2E-18,2.1E7,1.0,5.1E8,
4.0000000000000004E-36,0.64,3900.0,640.0,4600.0,3099999.9999999995,26.0,3500.0,7100.0,2900.0,6000.0,15.0,3099999.9999999995,1.8E-5,0.63,0.63,0.0,130.0,12.0,2.0E-105,3.2E-8,1.7E-18,2.0E7,1.0,5.1E8,
4.0000000000000004E-36,0.64,3900.0,640.0,4600.0,3099999.9999999995,26.0,3500.0,7100.0,2900.0,6000.0,15.0,3099999.9999999995,1.8E-5,0.63,0.63,0.0,130.0,12.0,5.3E-108,3.3E-8,1.3E-18,2.0E7,1.0,5.1E8,
4.0000000000000004E-36,0.64,3900.0,640.0,4600.0,3099999.9999999995,26.0,3500.0,7100.0,2900.0,6000.0,15.0,3099999.9999999995,1.7E-5,0.63,0.63,0.0,130.0,12.0,1.5E-110,3.4E-8,1.2E-18,2.1E7,1.0,5.1E8,
4.0000000000000004E-36,0.64,3900.0,640.0,4600.0,3099999.9999999995,26.0,3500.0,7100.0,2900.0,6000.0,15.0,3099999.9999999995,1.5E-5,0.63,0.63,0.0,130.0,12.0,3.0E-112,3.5E-8,1.1E-18,2.2E7,1.0,5.1E8,
4.0000000000000004E-36,0.64,3900.0,640.0,4600.0,3099999.9999999995,26.0,3500.0,7100.0,2900.0,6000.0,15.0,3099999.9999999995,1.3E-5,0.63,0.63,0.0,130.0,12.0,7.8E-113,3.5E-8,1.0E-18,2.3E7,1.0,5.1E8,
4.0000000000000004E-36,0.64,3900.0,640.0,4600.0,3099999.9999999995,26.0,3500.0,7100.0,2900.0,6000.0,15.0,3099999.9999999995,1.2E-5,0.63,0.63,0.0,130.0,12.0,0.0,3.6E-8,9.1E-19,2.4E7,1.0,5.1E8,
4.0000000000000004E-36,0.64,3900.0,640.0,4600.0,3099999.9999999995,26.0,3500.0,7100.0,2900.0,6000.0,15.0,3099999.9999999995,1.1E-5,0.63,0.63,0.0,130.0,12.0,0.0,3.7E-8,8.3E-19,2.4E7,1.0,5.1E8,
4.0000000000000004E-36,0.64,3900.0,640.0,4600.0,3099999.9999999995,26.0,3500.0,7100.0,2900.0,6000.0,15.0,3099999.9999999995,1.5E-5,0.63,0.63,0.0,130.0,12.0,0.0,3.8E-8,9.4E-19,2.2E7,1.0,5.1E8,
4.0000000000000004E-36,0.64,3900.0,640.0,4600.0,3099999.9999999995,26.0,3500.0,7100.0,2900.0,6000.0,15.0,3099999.9999999995,1.6E-5,0.63,0.63,0.0,130.0,12.0,0.0,3.9E-8,1.1E-18,2.1E7,1.0,5.1E8,
4.0000000000000004E-36,0.64,3900.0,640.0,4600.0,3099999.9999999995,26.0,3500.0,7100.0,2900.0,6000.0,15.0,3099999.9999999995,1.7E-5,0.63,0.63,0.0,130.0,12.0,0.0,3.9E-8,1.2E-18,2.1E7,1.0,5.1E8,
4.0000000000000004E-36,0.64,3900.0,640.0,4600.0,3099999.9999999995,26.0,3500.0,7100.0,2900.0,6000.0,15.0,3099999.9999999995,1.6E-5,0.63,0.63,0.0,130.0,12.0,0.0,4.0E-8,1.3E-18,2.1E7,1.0,5.1E8,
4.0000000000000004E-36,0.64,3900.0,640.0,4600.0,3099999.9999999995,26.0,3500.0,7100.0,2900.0,6000.0,15.0,3099999.9999999995,1.4E-5,0.63,0.63,0.0,120.0,12.0,0.0,4.1E-8,1.2E-18,2.2E7,1.0,5.1E8,
4.0000000000000004E-36,0.64,3900.0,640.0,4600.0,3099999.9999999995,26.0,3500.0,7100.0,2900.0,6000.0,15.0,3099999.9999999995,1.3E-5,0.63,0.63,0.0,120.0,12.0,0.0,4.2E-8,1.1E-18,2.3E7,1.0,5.1E8,
4.1E-36,0.65,3900.0,640.0,4600.0,3199999.9999999995,26.0,3500.0,7100.0,2900.0,6000.0,15.0,3199999.9999999995,1.4E-5,0.64,0.64,0.0,120.0,13.0,0.0,4.5E-8,5.6E-17,2.2E7,1.0,5.1E8,
4.0000000000000004E-36,0.64,3900.0,630.0,4600.0,3099999.9999999995,26.0,3500.0,7100.0,2900.0,6000.0,15.0,3099999.9999999995,1.8E-5,0.63,0.63,0.0,120.0,13.0,0.0,4.6E-8,2.1E-17,2.0E7,1.0,5.1E8,
4.0000000000000004E-36,0.64,3900.0,630.0,4600.0,3099999.9999999995,26.0,3500.0,7100.0,2900.0,6000.0,15.0,3099999.9999999995,2.1E-5,0.63,0.63,0.0,120.0,13.0,0.0,4.7E-8,7.7E-18,1.9E7,1.0,5.1E8,
1.6E-35,1.5,9700.0,30000.0,1700.0,3299999.9999999995,6000.0,4400.0,8200.0,4300.0,7700.0,15.0,3299999.9999999995,2.7E-5,0.82,0.82,0.0,130.0,7.2,1.0E-23,7.6E-7,2.3E-11,1.9E7,1.0,5.1E8,
3.1E-36,0.3,2100.0,2200.0,1700.0,3099999.9999999995,6000.0,4300.0,690.0,4200.0,180.0,15.0,3099999.9999999995,1.4E-5,0.21,0.21,0.0,130.0,6.9,5.3E-25,7.5E-7,2.5E-12,1.8E7,1.0,5.1E8,
3.1E-36,0.3,2100.0,2200.0,1700.0,3099999.9999999995,6000.0,4300.0,690.0,4200.0,180.0,15.0,3099999.9999999995,1.7E-5,0.21,0.21,0.0,130.0,6.8,1.4E-27,7.5E-7,7.5E-13,1.7E7,1.0,5.1E8,
3.1E-36,0.3,2100.0,2200.0,1700.0,3099999.9999999995,6000.0,4300.0,690.0,4200.0,180.0,15.0,3099999.9999999995,1.8E-5,0.21,0.21,0.0,130.0,6.8,3.5E-30,7.5E-7,2.3E-13,1.6E7,1.0,5.1E8,
3.1E-36,0.3,2100.0,2200.0,1700.0,3099999.9999999995,6000.0,4300.0,690.0,4200.0,180.0,15.0,3099999.9999999995,1.7E-5,0.21,0.21,0.0,130.0,6.8,9.100000000000001E-33,7.5E-7,6.8E-14,1.7E7,1.0,5.1E8,
3.1E-36,0.3,2100.0,2200.0,1700.0,3099999.9999999995,6000.0,4300.0,690.0,4200.0,180.0,15.0,3099999.9999999995,1.5E-5,0.21,0.21,0.0,130.0,6.8,2.3999999999999999E-35,7.5E-7,2.1E-14,1.8E7,1.0,5.1E8,
3.1E-36,0.3,2100.0,2200.0,1700.0,3099999.9999999995,6000.0,4300.0,690.0,4200.0,180.0,15.0,3099999.9999999995,1.3E-5,0.21,0.21,0.0,130.0,6.8,6.200000000000001E-38,7.5E-7,6.2E-15,1.8E7,1.0,5.1E8,
3.1E-36,0.3,2100.0,2200.0,1700.0,3099999.9999999995,6000.0,4300.0,690.0,4200.0,180.0,15.0,3099999.9999999995,1.1E-5,0.21,0.21,0.0,130.0,6.8,1.9E-40,7.5E-7,1.9E-15,1.9E7,1.0,5.1E8,
3.1E-36,0.3,2100.0,2200.0,1700.0,3099999.9999999995,6000.0,4300.0,690.0,4200.0,180.0,15.0,3099999.9999999995,9.7E-6,0.21,0.21,0.0,130.0,6.8,5.1E-43,7.5E-7,5.8E-16,2.0E7,1.0,5.1E8,
3.1E-36,0.3,2100.0,2200.0,1700.0,3099999.9999999995,6000.0,4300.0,690.0,4200.0,180.0,15.0,3099999.9999999995,8.4E-6,0.21,0.21,0.0,120.0,6.8,1.6E-45,7.5E-7,1.8E-16,2.2E7,1.0,5.1E8,
3.1E-36,0.3,2100.0,2200.0,1700.0,3099999.9999999995,6000.0,4300.0,690.0,4200.0,180.0,15.0,3099999.9999999995,1.0E-5,0.21,0.21,0.0,120.0,6.8,3.7000000000000004E-48,7.5E-7,6.5E-17,2.0E7,1.0,5.1E8,
3.1E-36,0.3,2100.0,2200.0,1700.0,3099999.9999999995,6000.0,4300.0,690.0,4200.0,180.0,15.0,3099999.9999999995,1.2E-5,0.21,0.21,0.0,120.0,6.8,9.6E-51,7.6E-7,3.1E-17,1.9E7,1.0,5.1E8,
3.1E-36,0.3,2100.0,2200.0,1700.0,3099999.9999999995,6000.0,4300.0,690.0,4200.0,180.0,15.0,3099999.9999999995,1.2E-5,0.21,0.21,0.0,120.0,6.8,2.5E-53,7.6E-7,2.2E-17,1.9E7,1.0,5.1E8,
3.1E-36,0.3,2100.0,2200.0,1700.0,3099999.9999999995,6000.0,4300.0,690.0,4200.0,180.0,15.0,3099999.9999999995,1.1E-5,0.21,0.21,0.0,120.0,6.8,6.4E-56,7.6E-7,1.9E-17,1.9E7,1.0,5.1E8,
3.1E-36,0.3,2100.0,2200.0,1700.0,3099999.9999999995,6000.0,4300.0,690.0,4200.0,180.0,15.0,3099999.9999999995,1.0E-5,0.21,0.21,0.0,120.0,6.8,4.1E-58,7.6E-7,1.7E-17,2.0E7,1.0,5.1E8,
3.1E-36,0.3,2100.0,2200.0,1700.0,3099999.9999999995,6000.0,4300.0,690.0,4200.0,180.0,15.0,3099999.9999999995,9.0E-6,0.21,0.21,0.0,120.0,6.8,5.1000000000000005E-59,7.6E-7,1.5E-17,2.1E7,1.0,5.1E8,
3.1E-36,0.3,2100.0,2200.0,1700.0,3099999.9999999995,6000.0,4300.0,690.0,4200.0,180.0,15.0,3099999.9999999995,7.9E-6,0.21,0.21,0.0,120.0,6.8,4.4000000000000003E-60,7.6E-7,1.3E-17,2.2E7,1.0,5.1E8,
3.1E-36,0.3,2100.0,2200.0,1700.0,3099999.9999999995,6000.0,4300.0,690.0,4200.0,180.0,15.0,3099999.9999999995,6.9E-6,0.21,0.21,0.0,120.0,6.8,0.0,7.6E-7,1.2E-17,2.3E7,1.0,5.1E8,
3.1E-36,0.3,2100.0,2200.0,1700.0,3099999.9999999995,6000.0,4300.0,690.0,4200.0,180.0,15.0,3099999.9999999995,7.6E-6,0.21,0.21,0.0,120.0,6.8,0.0,7.6E-7,1.1E-17,2.2E7,1.0,5.1E8,
4.4E-36,1.2,4700.0,6400.0,1700.0,3099999.9999999995,6000.0,4300.0,690.0,4200.0,180.0,15.0,3099999.9999999995,1.6E-5,0.21,0.21,0.0,120.0,11.0,2.5999999999999996E-24,7.6E-7,1.7E-17,2.1E7,1.0,5.1E8,
4.4E-36,1.2,4700.0,6400.0,1700.0,3099999.9999999995,6000.0,4300.0,690.0,4200.0,180.0,15.0,3099999.9999999995,2.0E-5,0.21,0.21,0.0,120.0,11.0,6.9E-27,7.6E-7,2.4E-17,1.9E7,1.0,5.1E8,
4.4E-36,1.2,4700.0,6300.0,1700.0,3099999.9999999995,5900.0,4300.0,690.0,4200.0,180.0,15.0,3099999.9999999995,2.2E-5,0.21,0.21,0.0,120.0,11.0,1.8E-29,7.6E-7,2.9E-17,1.8E7,1.0,5.1E8,
4.4E-36,1.2,4700.0,6300.0,1700.0,3099999.9999999995,5900.0,4300.0,690.0,4200.0,180.0,15.0,3099999.9999999995,2.1E-5,0.21,0.21,0.0,120.0,11.0,4.7E-32,7.6E-7,3.1E-17,1.8E7,1.0,5.1E8,
4.4E-36,1.2,4700.0,6300.0,1700.0,3099999.9999999995,5900.0,4300.0,690.0,4200.0,180.0,15.0,3099999.9999999995,2.0E-5,0.21,0.21,0.0,120.0,11.0,1.2E-34,7.6E-7,3.1E-17,1.9E7,1.0,5.1E8,
4.4E-36,1.2,4700.0,6300.0,1700.0,3099999.9999999995,5900.0,4300.0,690.0,4200.0,180.0,15.0,3099999.9999999995,1.8E-5,0.21,0.21,0.0,120.0,11.0,1.3E-36,7.6E-7,2.9E-17,2.0E7,1.0,5.1E8,
4.4E-36,1.2,4700.0,6300.0,1700.0,3099999.9999999995,5900.0,4300.0,690.0,4200.0,180.0,15.0,3099999.9999999995,1.6E-5,0.21,0.21,0.0,120.0,11.0,3.9E-37,7.6E-7,2.6E-17,2.1E7,1.0,5.1E8,
4.4E-36,1.2,4700.0,6300.0,1700.0,3099999.9999999995,5900.0,4300.0,690.0,4200.0,180.0,15.0,3099999.9999999995,1.4E-5,0.21,0.21,0.0,120.0,11.0,1.1E-37,7.6E-7,2.3E-17,2.2E7,1.0,5.1E8,
4.4E-36,1.2,4700.0,6300.0,1700.0,3099999.9999999995,5900.0,4300.0,690.0,4200.0,180.0,15.0,3099999.9999999995,1.2E-5,0.21,0.21,0.0,110.0,11.0,0.0,7.6E-7,2.0E-17,2.3E7,1.0,5.1E8,
4.4E-36,1.2,4700.0,6300.0,1700.0,3099999.9999999995,5900.0,4300.0,690.0,4200.0,180.0,15.0,3099999.9999999995,1.4E-5,0.21,0.21,0.0,110.0,11.0,2.3999999999999998E-39,7.6E-7,1.9E-17,2.1E7,1.0,5.1E8,
4.4E-36,1.2,4700.0,6300.0,1700.0,3099999.9999999995,5900.0,4300.0,690.0,4200.0,180.0,15.0,3099999.9999999995,1.7E-5,0.21,0.21,0.0,110.0,11.0,6.4E-42,7.6E-7,2.2E-17,2.0E7,1.0,5.1E8,
4.4E-36,1.2,4700.0,6300.0,1700.0,3099999.9999999995,5900.0,4300.0,690.0,4200.0,180.0,15.0,3099999.9999999995,1.7E-5,0.21,0.21,0.0,110.0,11.0,1.7E-44,7.6E-7,2.5E-17,2.0E7,1.0,5.1E8,
4.4E-36,1.2,4700.0,6300.0,1700.0,3099999.9999999995,5900.0,4300.0,690.0,4200.0,180.0,15.0,3099999.9999999995,1.7E-5,0.21,0.21,0.0,110.0,11.0,4.399999999999999E-47,7.7E-7,2.5E-17,2.0E7,1.0,5.1E8,
4.4E-36,1.2,4700.0,6300.0,1700.0,3099999.9999999995,5900.0,4300.0,690.0,4200.0,180.0,15.0,3099999.9999999995,1.5E-5,0.21,0.21,0.0,110.0,11.0,1.4999999999999998E-49,7.7E-7,2.4E-17,2.1E7,1.0,5.1E8,
4.4E-36,1.2,4700.0,6300.0,1700.0,3099999.9999999995,5900.0,4300.0,690.0,4200.0,180.0,15.0,3099999.9999999995,1.4E-5,0.21,0.21,0.0,110.0,11.0,2.8E-50,7.7E-7,2.3E-17,2.2E7,1.0,5.1E8,
4.4E-36,1.2,4700.0,6300.0,1700.0,3099999.9999999995,5900.0,4300.0,690.0,4200.0,180.0,15.0,3099999.9999999995,1.2E-5,0.21,0.21,0.0,110.0,11.0,1.2E-51,7.7E-7,2.0E-17,2.3E7,1.0,5.1E8,
4.4E-36,1.2,4700.0,6300.0,1700.0,3099999.9999999995,5900.0,4300.0,690.0,4200.0,180.0,15.0,3099999.9999999995,1.1E-5,0.21,0.21,0.0,110.0,11.0,0.0,7.7E-7,1.8E-17,2.4E7,1.0,5.1E8,
4.4E-36,1.2,4700.0,6300.0,1700.0,3099999.9999999995,5900.0,4300.0,690.0,4200.0,180.0,15.0,3099999.9999999995,1.1E-5,0.21,0.21,0.0,110.0,11.0,0.0,7.7E-7,1.6E-17,2.3E7,1.0,5.1E8,
4.4E-36,1.2,4700.0,6300.0,1700.0,3099999.9999999995,5900.0,4300.0,690.0,4200.0,180.0,15.0,3099999.9999999995,1.4E-5,0.21,0.21,0.0,110.0,11.0,0.0,7.7E-7,1.9E-17,2.1E7,1.0,5.1E8,
4.4E-36,1.2,4700.0,6300.0,1700.0,3099999.9999999995,5900.0,4300.0,690.0,4200.0,180.0,15.0,3099999.9999999995,1.5E-5,0.21,0.21,0.0,110.0,11.0,0.0,7.7E-7,2.1E-17,2.1E7,1.0,5.1E8,
4.4E-36,1.2,4700.0,6300.0,1700.0,3099999.9999999995,5900.0,4300.0,690.0,4200.0,180.0,15.0,3099999.9999999995,1.5E-5,0.21,0.21,0.0,110.0,11.0,0.0,7.7E-7,2.3E-17,2.1E7,1.0,5.1E8,
4.4E-36,1.2,4700.0,6300.0,1700.0,3099999.9999999995,5900.0,4300.0,690.0,4200.0,180.0,15.0,3099999.9999999995,1.4E-5,0.21,0.21,0.0,110.0,11.0,0.0,7.7E-7,2.3E-17,2.1E7,1.0,5.1E8,
4.4E-36,1.2,4700.0,6300.0,1700.0,3099999.9999999995,5900.0,4300.0,690.0,4200.0,180.0,15.0,3099999.9999999995,1.3E-5,0.21,0.21,0.0,100.0,11.0,0.0,7.7E-7,2.1E-17,2.2E7,1.0,5.1E8,
4.4E-36,1.2,4700.0,6300.0,1700.0,3099999.9999999995,5900.0,4300.0,690.0,4200.0,180.0,15.0,3099999.9999999995,1.2E-5,0.21,0.21,0.0,100.0,11.0,0.0,7.7E-7,1.9E-17,2.3E7,1.0,5.1E8,
4.4E-36,1.2,4700.0,6300.0,1700.0,3099999.9999999995,5900.0,4300.0,690.0,4200.0,180.0,15.0,3099999.9999999995,1.0E-5,0.21,0.21,0.0,100.0,11.0,0.0,7.7E-7,1.7E-17,2.4E7,1.0,5.1E8,
4.4E-36,1.2,4700.0,6300.0,1700.0,3099999.9999999995,5900.0,4300.0,690.0,4200.0,180.0,15.0,3099999.9999999995,9.1E-6,0.21,0.21,0.0,100.0,11.0,0.0,7.8E-7,1.5E-17,2.5E7,1.0,5.1E8,
4.4E-36,1.2,4700.0,6300.0,1700.0,3099999.9999999995,5900.0,4300.0,690.0,4200.0,180.0,15.0,3099999.9999999995,1.2E-5,0.21,0.21,0.0,100.0,11.0,0.0,7.8E-7,1.7E-17,2.2E7,1.0,5.1E8,
4.4E-36,1.2,4700.0,6300.0,1700.0,3099999.9999999995,5900.0,4300.0,690.0,4200.0,180.0,15.0,3099999.9999999995,1.4E-5,0.21,0.21,0.0,100.0,11.0,0.0,7.8E-7,2.0E-17,2.1E7,1.0,5.1E8,
4.4E-36,1.2,4700.0,6300.0,1700.0,3099999.9999999995,5900.0,4300.0,690.0,4200.0,180.0,15.0,3099999.9999999995,1.5E-5,0.21,0.21,0.0,100.0,11.0,0.0,7.8E-7,2.2E-17,2.1E7,1.0,5.1E8,
4.4E-36,1.2,4700.0,6300.0,1700.0,3099999.9999999995,5900.0,4300.0,690.0,4200.0,180.0,15.0,3099999.9999999995,1.4E-5,0.21,0.21,0.0,100.0,11.0,0.0,7.8E-7,2.2E-17,2.1E7,1.0,5.1E8,
4.4E-36,1.2,4700.0,6300.0,1700.0,3099999.9999999995,5900.0,4300.0,690.0,4200.0,180.0,15.0,3099999.9999999995,1.3E-5,0.21,0.21,0.0,100.0,11.0,0.0,7.8E-7,2.1E-17,2.2E7,1.0,5.1E8,
4.4E-36,1.2,4700.0,6300.0,1700.0,3099999.9999999995,5900.0,4300.0,690.0,4200.0,180.0,15.0,3099999.9999999995,1.2E-5,0.21,0.21,0.0,100.0,11.0,0.0,7.8E-7,1.9E-17,2.3E7,1.0,5.1E8,
4.4E-36,1.2,4700.0,6300.0,1700.0,3099999.9999999995,5900.0,4300.0,690.0,4200.0,180.0,15.0,3099999.9999999995,1.0E-5,0.21,0.21,0.0,100.0,11.0,0.0,7.8E-7,1.8E-17,2.4E7,1.0,5.1E8,
4.4E-36,1.2,4700.0,6300.0,1700.0,3099999.9999999995,5900.0,4300.0,690.0,4200.0,180.0,15.0,3099999.9999999995,9.2E-6,0.21,0.21,0.0,100.0,11.0,0.0,7.8E-7,1.6E-17,2.5E7,1.0,5.1E8,
4.4E-36,1.2,4700.0,6300.0,1700.0,3099999.9999999995,5900.0,4300.0,690.0,4200.0,180.0,15.0,3099999.9999999995,1.1E-5,0.21,0.21,0.0,100.0,11.0,0.0,7.8E-7,1.5E-17,2.3E7,1.0,5.1E8,
4.4E-36,1.2,4700.0,6300.0,1700.0,3099999.9999999995,5900.0,4300.0,690.0,4200.0,180.0,15.0,3099999.9999999995,1.3E-5,0.21,0.21,0.0,100.0,11.0,0.0,7.8E-7,1.8E-17,2.2E7,1.0,5.1E8,
4.4E-36,1.2,4700.0,6300.0,1700.0,3099999.9999999995,5900.0,4300.0,690.0,4200.0,180.0,15.0,3099999.9999999995,1.4E-5,0.21,0.21,0.0,100.0,11.0,0.0,7.9E-7,2.1E-17,2.1E7,1.0,5.1E8,
4.4E-36,1.2,4700.0,6300.0,1700.0,3099999.9999999995,5900.0,4300.0,690.0,4200.0,180.0,15.0,3099999.9999999995,1.4E-5,0.21,0.21,0.0,100.0,11.0,0.0,7.9E-7,2.2E-17,2.1E7,1.0,5.1E8,
4.4E-36,1.2,4700.0,6300.0,1700.0,3099999.9999999995,5900.0,4300.0,690.0,4200.0,180.0,15.0,3099999.9999999995,1.3E-5,0.21,0.21,0.0,100.0,11.0,0.0,7.9E-7,2.1E-17,2.2E7,1.0,5.1E8,
4.4E-36,1.2,4700.0,6300.0,1700.0,3099999.9999999995,5900.0,4300.0,690.0,4200.0,180.0,15.0,3099999.9999999995,1.2E-5,0.21,0.21,0.0,100.0,11.0,0.0,7.9E-7,2.0E-17,2.3E7,1.0,5.1E8,
4.4E-36,1.2,4700.0,6300.0,1700.0,3099999.9999999995,5900.0,4300.0,690.0,4200.0,180.0,15.0,3099999.9999999995,1.1E-5,0.21,0.21,0.0,100.0,11.0,0.0,7.9E-7,1.8E-17,2.4E7,1.0,5.1E8,
4.4E-36,1.2,4700.0,6300.0,1700.0,3099999.9999999995,5900.0,4300.0,690.0,4200.0,180.0,15.0,3099999.9999999995,9.4E-6,0.21,0.21,0.0,100.0,11.0,0.0,7.9E-7,1.6E-17,2.5E7,1.0,5.1E8,
4.4E-36,1.2,4700.0,6300.0,1700.0,3099999.9999999995,5900.0,4300.0,690.0,4200.0,180.0,15.0,3099999.9999999995,9.8E-6,0.21,0.21,0.0,100.0,11.0,0.0,7.9E-7,1.5E-17,2.4E7,1.0,5.1E8,
4.4E-36,1.2,4700.0,6300.0,1700.0,3099999.9999999995,5900.0,4300.0,690.0,4200.0,180.0,15.0,3099999.9999999995,1.3E-5,0.21,0.21,0.0,100.0,11.0,0.0,7.9E-7,1.7E-17,2.2E7,1.0,5.1E8,
4.4E-36,1.2,4700.0,6300.0,1700.0,3099999.9999999995,5900.0,4300.0,690.0,4200.0,180.0,15.0,3099999.9999999995,1.4E-5,0.21,0.21,0.0,100.0,11.0,0.0,7.9E-7,2.0E-17,2.1E7,1.0,5.1E8,
4.4E-36,1.2,4700.0,6300.0,1700.0,3099999.9999999995,5900.0,4300.0,690.0,4200.0,180.0,15.0,3099999.9999999995,1.4E-5,0.21,0.21,0.0,100.0,11.0,0.0,7.9E-7,2.1E-17,2.1E7,1.0,5.1E8,
3.4E-36,1.1,2000.0,4700.0,6400.0,3299999.9999999995,5900.0,4300.0,690.0,4200.0,180.0,16.0,3299999.9999999995,3.6,0.19,0.19,0.0,110.0,21.0,3300.0,1.3E-6,3.3E-13,2.2E7,1.0,5.1E8,
3.4E-36,1.1,2000.0,4700.0,6400.0,3199999.9999999995,5900.0,4300.0,690.0,4200.0,180.0,16.0,3199999.9999999995,3.9E-5,0.19,0.19,0.0,110.0,24.0,23.0,1.3E-6,1.2E-13,2.0E7,1.0,5.1E8,
3.3E-36,1.1,2000.0,4700.0,6400.0,3099999.9999999995,5900.0,4300.0,680.0,4200.0,180.0,16.0,3099999.9999999995,4.5E-5,0.18,0.18,0.0,110.0,24.0,0.44,1.3E-6,5.4E-14,1.8E7,1.0,5.1E8,
3.3E-36,1.1,2000.0,4700.0,6400.0,3099999.9999999995,5900.0,4300.0,680.0,4200.0,180.0,16.0,3099999.9999999995,5.6E-5,0.18,0.18,0.0,110.0,24.0,0.0011,1.3E-6,1.6E-14,1.7E7,1.0,5.1E8,
3.3E-36,1.1,2000.0,4700.0,6400.0,3099999.9999999995,5900.0,4300.0,680.0,4200.0,180.0,16.0,3099999.9999999995,6.1E-5,0.18,0.18,0.0,110.0,24.0,3.0E-6,1.3E-6,5.0E-15,1.7E7,1.0,5.1E8,
4.6E-36,2.2,21000.0,28000.0,8900.0,3299999.9999999995,5900.0,4300.0,680.0,4200.0,180.0,16.0,3399999.9999999995,0.23,0.24,0.24,0.0,110.0,30.0,2.1E-8,1.3E-6,1.3E-13,1.7E7,1.0,5.1E8,
1.7E-36,0.61,25000.0,2300.0,3300.0,3299999.9999999995,5900.0,4300.0,680.0,4200.0,180.0,16.0,3299999.9999999995,9.6E-5,0.13,0.13,0.0,120.0,31.0,39.0,1.7E-6,1.1E-12,1.6E7,1.0,5.1E8,
1.7E-36,0.6,2700.0,2300.0,3300.0,3199999.9999999995,5900.0,4300.0,680.0,4200.0,180.0,16.0,3199999.9999999995,1.1E-4,0.12,0.12,0.0,120.0,31.0,0.27,1.7E-6,4.1E-13,1.5E7,1.0,5.1E8,
1.6E-36,0.59,2700.0,2300.0,3300.0,3099999.9999999995,5900.0,4300.0,680.0,4200.0,180.0,16.0,3099999.9999999995,1.2E-4,0.12,0.12,0.0,120.0,30.0,0.0051,1.7E-6,1.8E-13,1.4E7,1.0,5.1E8,
1.6E-36,0.59,2700.0,2300.0,3300.0,3099999.9999999995,5900.0,4300.0,680.0,4200.0,180.0,16.0,3099999.9999999995,1.3E-4,0.12,0.12,0.0,120.0,30.0,1.3E-5,1.7E-6,5.6E-14,1.4E7,1.0,5.1E8,
1.6E-36,0.59,2700.0,2300.0,3300.0,3099999.9999999995,5900.0,4300.0,680.0,4200.0,180.0,16.0,3099999.9999999995,1.2E-4,0.12,0.12,0.0,120.0,30.0,3.4E-8,1.7E-6,1.7E-14,1.4E7,1.0,5.1E8,
1.6E-36,0.59,2700.0,2300.0,3300.0,3099999.9999999995,5900.0,4300.0,680.0,4200.0,180.0,16.0,3099999.9999999995,1.1E-4,0.12,0.12,0.0,120.0,30.0,8.9E-11,1.7E-6,5.4E-15,1.5E7,1.0,5.1E8,
1.6E-36,0.59,2700.0,2300.0,3300.0,3099999.9999999995,5900.0,4300.0,680.0,4200.0,180.0,16.0,3099999.9999999995,9.1E-5,0.12,0.12,0.0,120.0,30.0,2.3E-13,1.7E-6,1.8E-15,1.6E7,1.0,5.1E8,
1.6E-36,0.59,2700.0,2300.0,3300.0,3099999.9999999995,5900.0,4300.0,680.0,4200.0,180.0,16.0,3099999.9999999995,7.7E-5,0.12,0.12,0.0,120.0,30.0,5.6E-16,1.7E-6,7.5E-16,1.7E7,1.0,5.1E8,
1.6E-36,0.59,2700.0,2300.0,3300.0,3099999.9999999995,5900.0,4300.0,680.0,4200.0,180.0,16.0,3099999.9999999995,6.5E-5,0.12,0.12,0.0,120.0,30.0,3.8E-18,1.7E-6,3.9E-16,1.8E7,1.0,5.1E8,
1.6E-36,0.59,2700.0,2300.0,3300.0,3099999.9999999995,5900.0,4300.0,680.0,4200.0,180.0,16.0,3099999.9999999995,5.4E-5,0.12,0.12,0.0,120.0,30.0,1.3E-20,1.7E-6,2.5E-16,1.9E7,1.0,5.1E8,
1.6E-36,0.59,2700.0,2300.0,3300.0,3099999.9999999995,5900.0,4300.0,680.0,4200.0,180.0,16.0,3099999.9999999995,4.6E-5,0.12,0.12,0.0,110.0,30.0,0.0,1.7E-6,1.9E-16,2.0E7,1.0,5.1E8,
1.6E-36,0.59,2700.0,2300.0,3300.0,3099999.9999999995,5900.0,4300.0,680.0,4200.0,180.0,16.0,3099999.9999999995,5.8E-5,0.12,0.12,0.0,110.0,30.0,0.0,1.7E-6,1.8E-16,1.8E7,1.0,5.1E8,
1.6E-36,0.59,2700.0,2300.0,3300.0,3099999.9999999995,5900.0,4300.0,680.0,4200.0,180.0,16.0,3099999.9999999995,6.3E-5,0.12,0.12,0.0,110.0,30.0,0.0,1.7E-6,2.0E-16,1.8E7,1.0,5.1E8,
1.6E-36,0.59,2700.0,2300.0,3300.0,3099999.9999999995,5900.0,4300.0,680.0,4200.0,180.0,16.0,3099999.9999999995,6.2E-5,0.12,0.12,0.0,110.0,30.0,0.0,1.7E-6,2.0E-16,1.8E7,1.0,5.1E8,
1.6E-36,0.59,2700.0,2300.0,3300.0,3099999.9999999995,5900.0,4300.0,680.0,4200.0,180.0,16.0,3099999.9999999995,5.7E-5,0.12,0.12,0.0,110.0,30.0,0.0,1.7E-6,2.0E-16,1.9E7,1.0,5.1E8,
1.6E-36,0.59,2700.0,2300.0,3300.0,3099999.9999999995,5900.0,4300.0,680.0,4200.0,180.0,16.0,3099999.9999999995,5.1E-5,0.12,0.12,0.0,110.0,30.0,0.0,1.7E-6,1.8E-16,1.9E7,1.0,5.1E8,
1.6E-36,0.59,2700.0,2300.0,3300.0,3099999.9999999995,5900.0,4300.0,680.0,4200.0,180.0,16.0,3099999.9999999995,4.4E-5,0.12,0.12,0.0,110.0,30.0,0.0,1.7E-6,1.6E-16,2.0E7,1.0,5.1E8,
1.6E-36,0.59,2700.0,2300.0,3300.0,3099999.9999999995,5900.0,4300.0,680.0,4200.0,180.0,16.0,3099999.9999999995,3.8E-5,0.12,0.12,0.0,110.0,30.0,0.0,1.7E-6,1.4E-16,2.1E7,1.0,5.1E8,
1.6E-36,0.59,2700.0,2300.0,3300.0,3099999.9999999995,5900.0,4300.0,680.0,4200.0,180.0,16.0,3099999.9999999995,3.3E-5,0.12,0.12,0.0,110.0,30.0,0.0,1.7E-6,1.3E-16,2.2E7,1.0,5.1E8,
1.6E-36,0.59,2700.0,2300.0,3300.0,3099999.9999999995,5900.0,4300.0,680.0,4200.0,180.0,16.0,3099999.9999999995,3.9E-5,0.12,0.12,0.0,110.0,30.0,0.0,1.7E-6,1.2E-16,2.1E7,1.0,5.1E8,
1.6E-36,0.59,2700.0,2300.0,3300.0,3099999.9999999995,5900.0,4300.0,680.0,4200.0,180.0,16.0,3099999.9999999995,4.6E-5,0.12,0.12,0.0,110.0,30.0,0.0,1.7E-6,1.4E-16,2.0E7,1.0,5.1E8,
1.6E-36,0.59,2700.0,2300.0,3300.0,3099999.9999999995,5900.0,4300.0,680.0,4200.0,180.0,16.0,3099999.9999999995,4.8E-5,0.12,0.12,0.0,110.0,30.0,0.0,1.7E-6,1.5E-16,2.0E7,1.0,5.1E8,
1.6E-36,0.59,2700.0,2300.0,3300.0,3099999.9999999995,5900.0,4300.0,680.0,4200.0,180.0,16.0,3099999.9999999995,4.6E-5,0.12,0.12,0.0,110.0,30.0,0.0,1.7E-6,1.6E-16,2.0E7,1.0,5.1E8,
1.6E-36,0.59,2700.0,2300.0,3300.0,3099999.9999999995,5900.0,4300.0,680.0,4200.0,180.0,16.0,3099999.9999999995,4.2E-5,0.12,0.12,0.0,110.0,30.0,0.0,1.7E-6,1.5E-16,2.1E7,1.0,5.1E8,
1.6E-36,0.59,2700.0,2300.0,3300.0,3099999.9999999995,5900.0,4300.0,680.0,4200.0,180.0,16.0,3099999.9999999995,3.8E-5,0.12,0.12,0.0,110.0,30.0,0.0,1.7E-6,1.4E-16,2.1E7,1.0,5.1E8,
1.6E-36,0.59,2700.0,2300.0,3300.0,3099999.9999999995,5900.0,4300.0,680.0,4200.0,180.0,16.0,3099999.9999999995,3.3E-5,0.12,0.12,0.0,110.0,30.0,0.0,1.7E-6,1.2E-16,2.2E7,1.0,5.1E8,
1.6E-36,0.59,2700.0,2300.0,3300.0,3099999.9999999995,5900.0,4300.0,680.0,4200.0,180.0,16.0,3099999.9999999995,2.9E-5,0.12,0.12,0.0,110.0,30.0,0.0,1.7E-6,1.1E-16,2.4E7,1.0,5.1E8,
4.5E-37,0.3,4800.0,100.0,160.0,3299999.9999999995,5800.0,4200.0,670.0,4200.0,180.0,16.0,3299999.9999999995,1.0E-5,0.1,0.1,0.0,120.0,10.0,0.0,1.9E-6,3.8E-14,2.3E7,1.0,5.1E8,
4.3E-37,0.29,4800.0,100.0,160.0,3099999.9999999995,5800.0,4200.0,670.0,4200.0,180.0,16.0,3199999.9999999995,1.2E-5,0.097,0.097,0.0,120.0,9.8,0.0,1.9E-6,1.6E-14,2.1E7,1.0,5.1E8,
4.3E-37,0.28,4800.0,100.0,160.0,3099999.9999999995,5800.0,4200.0,670.0,4100.0,180.0,16.0,3099999.9999999995,1.6E-5,0.095,0.095,0.0,120.0,9.6,0.0,1.9E-6,5.9E-15,2.0E7,1.0,5.1E8,
4.3E-37,0.28,4800.0,100.0,160.0,3099999.9999999995,5800.0,4200.0,670.0,4100.0,180.0,16.0,3099999.9999999995,1.8E-5,0.095,0.095,0.0,110.0,9.6,0.0,1.9E-6,1.8E-15,1.9E7,1.0,5.1E8,
4.3E-37,0.28,4800.0,100.0,160.0,3099999.9999999995,5800.0,4200.0,670.0,4100.0,180.0,16.0,3099999.9999999995,1.8E-5,0.095,0.095,0.0,110.0,9.6,0.0,1.9E-6,6.0E-16,1.9E7,1.0,5.1E8,
4.3E-37,0.28,4800.0,100.0,160.0,3099999.9999999995,5800.0,4200.0,670.0,4100.0,180.0,16.0,3099999.9999999995,1.7E-5,0.095,0.095,0.0,110.0,9.6,0.0,1.9E-6,2.3E-16,1.9E7,1.0,5.1E8,
4.3E-37,0.28,4800.0,100.0,160.0,3099999.9999999995,5800.0,4200.0,670.0,4100.0,180.0,16.0,3099999.9999999995,1.6E-5,0.095,0.095,0.0,110.0,9.6,0.0,1.9E-6,1.1E-16,2.0E7,1.0,5.1E8,
4.3E-37,0.28,4800.0,100.0,160.0,3099999.9999999995,5800.0,4200.0,670.0,4100.0,180.0,16.0,3099999.9999999995,1.4E-5,0.095,0.095,0.0,110.0,9.6,0.0,1.9E-6,7.2E-17,2.1E7,1.0,5.1E8,
4.3E-37,0.28,4800.0,100.0,160.0,3099999.9999999995,5800.0,4200.0,670.0,4100.0,180.0,16.0,3099999.9999999995,1.2E-5,0.095,0.095,0.0,110.0,9.6,0.0,1.9E-6,5.5E-17,2.2E7,1.0,5.1E8,
4.3E-37,0.28,4800.0,100.0,160.0,3099999.9999999995,5800.0,4200.0,670.0,4100.0,180.0,16.0,3099999.9999999995,1.1E-5,0.095,0.095,0.0,110.0,9.6,0.0,1.9E-6,4.6E-17,2.3E7,1.0,5.1E8,
4.3E-37,0.28,4800.0,100.0,160.0,3099999.9999999995,5800.0,4200.0,670.0,4100.0,180.0,16.0,3099999.9999999995,1.1E-5,0.095,0.095,0.0,110.0,9.6,0.0,1.9E-6,4.0E-17,2.2E7,1.0,5.1E8,
4.3E-37,0.28,4800.0,100.0,160.0,3099999.9999999995,5800.0,4200.0,670.0,4100.0,180.0,16.0,3099999.9999999995,1.3E-5,0.095,0.095,0.0,110.0,9.6,0.0,1.9E-6,4.5E-17,2.1E7,1.0,5.1E8,
4.3E-37,0.28,4800.0,100.0,160.0,3099999.9999999995,5800.0,4200.0,670.0,4100.0,180.0,16.0,3099999.9999999995,1.5E-5,0.095,0.095,0.0,110.0,9.6,0.0,1.9E-6,5.1E-17,2.0E7,1.0,5.1E8,
4.3E-37,0.28,4800.0,100.0,160.0,3099999.9999999995,5800.0,4200.0,670.0,4100.0,180.0,16.0,3099999.9999999995,1.4E-5,0.095,0.095,0.0,110.0,9.6,0.0,1.9E-6,5.4E-17,2.0E7,1.0,5.1E8,
4.3E-37,0.28,4800.0,100.0,160.0,3099999.9999999995,5800.0,4200.0,670.0,4100.0,180.0,16.0,3099999.9999999995,1.3E-5,0.095,0.095,0.0,100.0,9.6,0.0,1.9E-6,5.3E-17,2.1E7,1.0,5.1E8,
4.3E-37,0.28,4800.0,100.0,160.0,3099999.9999999995,5800.0,4200.0,670.0,4100.0,180.0,16.0,3099999.9999999995,1.2E-5,0.095,0.095,0.0,100.0,9.6,0.0,1.9E-6,4.9E-17,2.1E7,1.0,5.1E8,
4.3E-37,0.28,4800.0,100.0,160.0,3099999.9999999995,5800.0,4200.0,670.0,4100.0,180.0,16.0,3099999.9999999995,1.1E-5,0.095,0.095,0.0,100.0,9.6,0.0,1.9E-6,4.4E-17,2.2E7,1.0,5.1E8,
4.3E-37,0.28,4800.0,100.0,160.0,3099999.9999999995,5800.0,4200.0,670.0,4100.0,180.0,16.0,3099999.9999999995,9.5E-6,0.095,0.095,0.0,100.0,9.6,0.0,1.9E-6,4.0E-17,2.3E7,1.0,5.1E8,
4.3E-37,0.28,4800.0,100.0,160.0,3099999.9999999995,5800.0,4200.0,670.0,4100.0,180.0,16.0,3099999.9999999995,8.3E-6,0.095,0.095,0.0,100.0,9.6,0.0,1.9E-6,3.5E-17,2.5E7,1.0,5.1E8,
4.3E-37,0.28,4800.0,100.0,160.0,3099999.9999999995,5800.0,4200.0,670.0,4100.0,180.0,16.0,3099999.9999999995,1.1E-5,0.095,0.095,0.0,100.0,9.6,0.0,1.9E-6,3.7E-17,2.2E7,1.0,5.1E8,
4.3E-37,0.28,4800.0,100.0,160.0,3099999.9999999995,5800.0,4200.0,670.0,4100.0,180.0,16.0,3099999.9999999995,1.3E-5,0.095,0.095,0.0,100.0,9.6,0.0,1.9E-6,4.3E-17,2.1E7,1.0,5.1E8,
4.3E-37,0.28,4800.0,100.0,160.0,3099999.9999999995,5800.0,4200.0,670.0,4100.0,180.0,16.0,3099999.9999999995,1.3E-5,0.095,0.095,0.0,100.0,9.6,0.0,1.9E-6,4.8E-17,2.1E7,1.0,5.1E8,
4.3E-37,0.28,4800.0,100.0,160.0,3099999.9999999995,5800.0,4200.0,670.0,4100.0,180.0,16.0,3099999.9999999995,1.3E-5,0.095,0.095,0.0,100.0,9.6,0.0,1.9E-6,4.8E-17,2.1E7,1.0,5.1E8,
4.3E-37,0.28,4800.0,100.0,160.0,3099999.9999999995,5800.0,4200.0,670.0,4100.0,180.0,16.0,3099999.9999999995,1.2E-5,0.095,0.095,0.0,99.0,9.6,0.0,1.9E-6,4.6E-17,2.2E7,1.0,5.1E8,
4.3E-37,0.28,4800.0,100.0,160.0,3099999.9999999995,5800.0,4200.0,670.0,4100.0,180.0,16.0,3099999.9999999995,1.0E-5,0.095,0.095,0.0,97.0,9.6,0.0,1.9E-6,4.2E-17,2.3E7,1.0,5.1E8,
4.3E-37,0.28,4800.0,100.0,160.0,3099999.9999999995,5800.0,4200.0,670.0,4100.0,180.0,16.0,3099999.9999999995,9.2E-6,0.095,0.095,0.0,96.0,9.6,0.0,1.9E-6,3.8E-17,2.4E7,1.0,5.1E8,
4.3E-37,0.28,4800.0,100.0,160.0,3099999.9999999995,5800.0,4200.0,670.0,4100.0,180.0,16.0,3099999.9999999995,8.1E-6,0.095,0.095,0.0,95.0,9.6,0.0,1.9E-6,3.4E-17,2.5E7,1.0,5.1E8,
4.3E-37,0.28,4800.0,100.0,160.0,3099999.9999999995,5800.0,4200.0,670.0,4100.0,180.0,16.0,3099999.9999999995,9.7E-6,0.095,0.095,0.0,93.0,9.6,0.0,1.9E-6,3.3E-17,2.3E7,1.0,5.1E8,
4.3E-37,0.28,4800.0,100.0,160.0,3099999.9999999995,5800.0,4200.0,670.0,4100.0,180.0,16.0,3099999.9999999995,1.2E-5,0.095,0.095,0.0,93.0,9.6,0.0,1.9E-6,3.9E-17,2.2E7,1.0,5.1E8,
4.3E-37,0.28,4800.0,100.0,160.0,3099999.9999999995,5800.0,4200.0,670.0,4100.0,180.0,16.0,3099999.9999999995,1.3E-5,0.095,0.095,0.0,93.0,9.6,0.0,1.9E-6,4.4E-17,2.1E7,1.0,5.1E8,
4.3E-37,0.28,4800.0,100.0,160.0,3099999.9999999995,5800.0,4200.0,670.0,4100.0,180.0,16.0,3099999.9999999995,1.2E-5,0.095,0.095,0.0,93.0,9.6,0.0,1.9E-6,4.6E-17,2.1E7,1.0,5.1E8,
4.3E-37,0.28,4800.0,100.0,160.0,3099999.9999999995,5800.0,4200.0,670.0,4100.0,180.0,16.0,3099999.9999999995,1.1E-5,0.095,0.095,0.0,90.0,9.6,0.0,1.9E-6,4.5E-17,2.2E7,1.0,5.1E8,
4.3E-37,0.28,4800.0,100.0,160.0,3099999.9999999995,5800.0,4200.0,670.0,4100.0,180.0,16.0,3099999.9999999995,1.0E-5,0.095,0.095,0.0,89.0,9.6,0.0,1.9E-6,4.2E-17,2.3E7,1.0,5.1E8,
4.3E-37,0.28,4800.0,100.0,160.0,3099999.9999999995,5800.0,4200.0,670.0,4100.0,180.0,16.0,3099999.9999999995,9.2E-6,0.095,0.095,0.0,89.0,9.6,0.0,1.9E-6,3.8E-17,2.4E7,1.0,5.1E8,
4.3E-37,0.28,4800.0,100.0,160.0,3099999.9999999995,5800.0,4200.0,670.0,4100.0,180.0,16.0,3099999.9999999995,8.1E-6,0.095,0.095,0.0,89.0,9.6,0.0,1.9E-6,3.4E-17,2.5E7,1.0,5.1E8,
4.3E-37,0.28,4800.0,100.0,160.0,3099999.9999999995,5800.0,4200.0,670.0,4100.0,180.0,16.0,3099999.9999999995,8.5E-6,0.095,0.095,0.0,87.0,9.6,0.0,1.9E-6,3.1E-17,2.4E7,1.0,5.1E8,
4.3E-37,0.28,4800.0,100.0,160.0,3099999.9999999995,5800.0,4200.0,670.0,4100.0,180.0,16.0,3099999.9999999995,1.1E-5,0.095,0.095,0.0,87.0,9.6,0.0,1.9E-6,3.6E-17,2.2E7,1.0,5.1E8,
4.3E-37,0.28,4800.0,100.0,160.0,3099999.9999999995,5800.0,4200.0,670.0,4100.0,180.0,16.0,3099999.9999999995,1.2E-5,0.095,0.095,0.0,87.0,9.6,0.0,1.9E-6,4.2E-17,2.2E7,1.0,5.1E8,
4.3E-37,0.28,4800.0,100.0,160.0,3099999.9999999995,5800.0,4200.0,670.0,4100.0,180.0,16.0,3099999.9999999995,1.2E-5,0.095,0.095,0.0,87.0,9.6,0.0,1.9E-6,4.5E-17,2.1E7,1.0,5.1E8,
4.3E-37,0.28,4800.0,100.0,160.0,3099999.9999999995,5800.0,4200.0,670.0,4100.0,180.0,16.0,3099999.9999999995,1.1E-5,0.095,0.095,0.0,87.0,9.6,0.0,1.9E-6,4.5E-17,2.2E7,1.0,5.1E8,
4.3E-37,0.28,4800.0,100.0,160.0,3099999.9999999995,5800.0,4200.0,670.0,4100.0,180.0,16.0,3099999.9999999995,1.0E-5,0.095,0.095,0.0,87.0,9.6,0.0,1.9E-6,4.2E-17,2.3E7,1.0,5.1E8,
4.3E-37,0.28,4800.0,100.0,160.0,3099999.9999999995,5800.0,4200.0,670.0,4100.0,180.0,16.0,3099999.9999999995,9.4E-6,0.095,0.095,0.0,86.0,9.6,0.0,1.9E-6,3.9E-17,2.4E7,1.0,5.1E8,
4.3E-37,0.28,4800.0,100.0,160.0,3099999.9999999995,5800.0,4200.0,670.0,4100.0,180.0,16.0,3099999.9999999995,8.3E-6,0.095,0.095,0.0,86.0,9.6,0.0,1.9E-6,3.5E-17,2.5E7,1.0,5.1E8,
8.100000000000001E-37,0.57,630.0,640.0,2800.0,3399999.9999999995,5800.0,4200.0,670.0,4100.0,180.0,16.0,3399999.9999999995,7.3E-6,0.12,0.12,0.0,100.0,22.0,0.0,2.2E-6,8.2E-13,2.4E7,1.0,5.2E8,
7.7E-37,0.54,620.0,630.0,2700.0,3099999.9999999995,5800.0,4200.0,660.0,4100.0,180.0,16.0,3099999.9999999995,2.5E-5,0.12,0.12,0.0,110.0,21.0,0.0,2.2E-6,3.6E-13,2.2E7,1.0,5.2E8,
7.7E-37,0.54,620.0,630.0,2700.0,3099999.9999999995,5800.0,4200.0,660.0,4100.0,180.0,16.0,3099999.9999999995,3.2E-5,0.11,0.11,0.0,110.0,21.0,0.0,2.2E-6,1.3E-13,2.0E7,1.0,5.1E8,
7.7E-37,0.54,620.0,630.0,2700.0,3099999.9999999995,5800.0,4200.0,660.0,4100.0,180.0,16.0,3099999.9999999995,3.8E-5,0.11,0.11,0.0,110.0,21.0,0.0,2.2E-6,3.9E-14,1.9E7,1.0,5.1E8,
7.7E-37,0.54,620.0,630.0,2700.0,3099999.9999999995,5800.0,4200.0,660.0,4100.0,180.0,16.0,3099999.9999999995,4.0E-5,0.11,0.11,0.0,110.0,21.0,0.0,2.2E-6,1.2E-14,1.9E7,1.0,5.1E8,
7.7E-37,0.54,620.0,630.0,2700.0,3099999.9999999995,5800.0,4200.0,660.0,4100.0,180.0,16.0,3099999.9999999995,3.8E-5,0.11,0.11,0.0,110.0,21.0,0.0,2.2E-6,3.7E-15,1.9E7,1.0,5.1E8,
7.7E-37,0.54,620.0,630.0,2700.0,3099999.9999999995,5800.0,4200.0,660.0,4100.0,180.0,16.0,3099999.9999999995,3.4E-5,0.11,0.11,0.0,110.0,21.0,0.0,2.2E-6,1.2E-15,2.0E7,1.0,5.1E8,
7.7E-37,0.54,620.0,630.0,2700.0,3099999.9999999995,5800.0,4200.0,660.0,4100.0,180.0,16.0,3099999.9999999995,3.1E-5,0.11,0.11,0.0,110.0,21.0,0.0,2.2E-6,4.7E-16,2.1E7,1.0,5.1E8,
1.2E-36,1.3,4200.0,45000.0,3500.0,3399999.9999999995,5800.0,4200.0,8200.0,4100.0,180.0,16.0,3499999.9999999995,4.1E-5,0.16,0.16,0.0,110.0,27.0,670.0,2.7E-6,1.4E-11,2.0E7,1.0,5.2E8,
2.0E-37,0.21,4100.0,1800.0,3500.0,3199999.9999999995,5700.0,4200.0,660.0,4100.0,170.0,16.0,3199999.9999999995,5.0E-5,0.075,0.075,0.0,110.0,26.0,4.8,2.6E-6,8.3E-13,1.9E7,1.0,5.2E8,
2.0E-37,0.2,4100.0,1800.0,3500.0,3099999.9999999995,5700.0,4100.0,660.0,4100.0,170.0,16.0,3099999.9999999995,5.8E-5,0.073,0.073,0.0,110.0,25.0,0.09,2.6E-6,3.6E-13,1.7E7,1.0,5.2E8,
2.0E-37,0.2,4100.0,1800.0,3500.0,3099999.9999999995,5700.0,4100.0,660.0,4100.0,170.0,16.0,3099999.9999999995,6.7E-5,0.073,0.073,0.0,110.0,25.0,2.3E-4,2.6E-6,1.1E-13,1.7E7,1.0,5.2E8,
2.0E-37,0.2,4100.0,1800.0,3500.0,3099999.9999999995,5700.0,4100.0,660.0,4100.0,170.0,16.0,3099999.9999999995,6.8E-5,0.073,0.073,0.0,110.0,25.0,6.1E-7,2.6E-6,3.3E-14,1.7E7,1.0,5.2E8,
2.0E-37,0.2,4100.0,1800.0,3500.0,3099999.9999999995,5700.0,4100.0,660.0,4100.0,170.0,16.0,3099999.9999999995,6.3E-5,0.073,0.073,0.0,110.0,25.0,1.6E-9,2.6E-6,1.0E-14,1.7E7,1.0,5.2E8,
2.0E-37,0.2,4100.0,1800.0,3500.0,3099999.9999999995,5700.0,4100.0,660.0,4100.0,170.0,16.0,3099999.9999999995,5.6E-5,0.073,0.073,0.0,110.0,25.0,4.3E-12,2.6E-6,3.3E-15,1.8E7,1.0,5.2E8,
2.0E-37,0.2,4100.0,1800.0,3500.0,3099999.9999999995,5700.0,4100.0,660.0,4100.0,170.0,16.0,3099999.9999999995,4.9E-5,0.073,0.073,0.0,100.0,25.0,1.2E-14,2.6E-6,1.2E-15,1.9E7,1.0,5.2E8,
2.0E-37,0.2,4100.0,1800.0,3500.0,3099999.9999999995,5700.0,4100.0,660.0,4100.0,170.0,16.0,3099999.9999999995,4.2E-5,0.073,0.073,0.0,100.0,25.0,5.6E-17,2.6E-6,5.1E-16,2.0E7,1.0,5.2E8,
2.0E-37,0.2,4100.0,1800.0,3500.0,3099999.9999999995,5700.0,4100.0,660.0,4100.0,170.0,16.0,3099999.9999999995,3.6E-5,0.073,0.073,0.0,100.0,25.0,2.2E-18,2.6E-6,2.9E-16,2.1E7,1.0,5.2E8,
2.0E-37,0.2,4100.0,1800.0,3500.0,3099999.9999999995,5700.0,4100.0,660.0,4100.0,170.0,16.0,3099999.9999999995,3.1E-5,0.073,0.073,0.0,100.0,25.0,4.3E-19,2.6E-6,2.0E-16,2.2E7,1.0,5.2E8,
2.0E-37,0.2,4100.0,1800.0,3500.0,3099999.9999999995,5700.0,4100.0,660.0,4100.0,170.0,16.0,3099999.9999999995,4.0E-5,0.073,0.073,0.0,100.0,25.0,1.1E-21,2.6E-6,1.9E-16,2.0E7,1.0,5.2E8,
2.0E-37,0.2,4100.0,1800.0,3500.0,3099999.9999999995,5700.0,4100.0,660.0,4100.0,170.0,16.0,3099999.9999999995,4.4E-5,0.073,0.073,0.0,100.0,25.0,2.9E-24,2.6E-6,2.1E-16,1.9E7,1.0,5.2E8,
2.0E-37,0.2,4100.0,1800.0,3500.0,3099999.9999999995,5700.0,4100.0,660.0,4100.0,170.0,16.0,3099999.9999999995,4.4E-5,0.073,0.073,0.0,99.0,25.0,7.5E-27,2.6E-6,2.2E-16,1.9E7,1.0,5.2E8,
2.0E-37,0.2,4100.0,1800.0,3500.0,3099999.9999999995,5700.0,4100.0,660.0,4100.0,170.0,16.0,3099999.9999999995,4.2E-5,0.073,0.073,0.0,97.0,25.0,2.0E-29,2.6E-6,2.2E-16,2.0E7,1.0,5.2E8,
2.0E-37,0.2,4100.0,1800.0,3500.0,3099999.9999999995,5700.0,4100.0,660.0,4100.0,170.0,16.0,3099999.9999999995,3.7E-5,0.073,0.073,0.0,97.0,25.0,1.9999999999999997E-31,2.6E-6,2.1E-16,2.0E7,1.0,5.2E8,
2.0E-37,0.2,4100.0,1800.0,3500.0,3099999.9999999995,5700.0,4100.0,660.0,4100.0,170.0,16.0,3099999.9999999995,3.3E-5,0.073,0.073,0.0,97.0,25.0,6.2E-32,2.6E-6,1.9E-16,2.1E7,1.0,5.2E8,
2.0E-37,0.2,4100.0,1800.0,3500.0,3099999.9999999995,5700.0,4100.0,660.0,4100.0,170.0,16.0,3099999.9999999995,2.9E-5,0.073,0.073,0.0,96.0,25.0,1.7000000000000002E-32,2.6E-6,1.7E-16,2.2E7,1.0,5.2E8,
2.0E-37,0.2,4100.0,1800.0,3500.0,3099999.9999999995,5700.0,4100.0,660.0,4100.0,170.0,16.0,3099999.9999999995,2.5E-5,0.073,0.073,0.0,96.0,25.0,0.0,2.6E-6,1.5E-16,2.4E7,1.0,5.2E8,
2.0E-37,0.2,4100.0,1800.0,3500.0,3099999.9999999995,5700.0,4100.0,660.0,4100.0,170.0,16.0,3099999.9999999995,3.0E-5,0.073,0.073,0.0,94.0,25.0,0.0,2.6E-6,1.4E-16,2.2E7,1.0,5.2E8,
2.0E-37,0.2,4100.0,1800.0,3500.0,3099999.9999999995,5700.0,4100.0,660.0,4100.0,170.0,16.0,3099999.9999999995,3.6E-5,0.073,0.073,0.0,93.0,25.0,0.0,2.6E-6,1.6E-16,2.1E7,1.0,5.2E8,
2.0E-37,0.2,4100.0,1800.0,3500.0,3099999.9999999995,5700.0,4100.0,660.0,4100.0,170.0,16.0,3099999.9999999995,3.7E-5,0.073,0.073,0.0,93.0,25.0,0.0,2.6E-6,1.8E-16,2.0E7,1.0,5.2E8,
2.0E-37,0.2,4100.0,1800.0,3500.0,3099999.9999999995,5700.0,4100.0,660.0,4100.0,170.0,16.0,3099999.9999999995,3.6E-5,0.073,0.073,0.0,92.0,25.0,0.0,2.6E-6,1.9E-16,2.1E7,1.0,5.2E8,
2.0E-37,0.2,4100.0,1800.0,3500.0,3099999.9999999995,5700.0,4100.0,660.0,4100.0,170.0,16.0,3099999.9999999995,3.3E-5,0.073,0.073,0.0,92.0,25.0,0.0,2.6E-6,1.8E-16,2.1E7,1.0,5.2E8,
2.0E-37,0.2,4100.0,1800.0,3500.0,3099999.9999999995,5700.0,4100.0,660.0,4100.0,170.0,16.0,3099999.9999999995,3.0E-5,0.073,0.073,0.0,92.0,25.0,0.0,2.6E-6,1.7E-16,2.2E7,1.0,5.2E8,
2.0E-37,0.2,4100.0,1800.0,3500.0,3099999.9999999995,5700.0,4100.0,660.0,4100.0,170.0,16.0,3099999.9999999995,2.7E-5,0.073,0.073,0.0,91.0,25.0,0.0,2.6E-6,1.5E-16,2.3E7,1.0,5.2E8,
2.0E-37,0.2,4100.0,1800.0,3500.0,3099999.9999999995,5700.0,4100.0,660.0,4100.0,170.0,16.0,3099999.9999999995,2.3E-5,0.073,0.073,0.0,90.0,25.0,0.0,2.7E-6,1.3E-16,2.4E7,1.0,5.2E8,
2.0E-37,0.2,4100.0,1800.0,3500.0,3099999.9999999995,5700.0,4100.0,660.0,4100.0,170.0,16.0,3099999.9999999995,2.4E-5,0.073,0.073,0.0,89.0,25.0,0.0,2.7E-6,1.2E-16,2.4E7,1.0,5.2E8,
2.0000000000000002E-36,3.2,15000.0,25000.0,4000.0,3399999.9999999995,5700.0,4100.0,660.0,4100.0,170.0,16.0,3499999.9999999995,26.0,0.078,0.078,0.0,100.0,37.0,3.1E-22,2.7E-6,8.3E-12,2.2E7,1.0,5.2E8,
7.4E-37,1.2,2200.0,4600.0,3900.0,3299999.9999999995,5700.0,4100.0,660.0,4100.0,170.0,16.0,3399999.9999999995,9.9E-5,0.052,0.052,0.0,100.0,62.0,2.1999999999999996E-24,2.7E-6,1.1E-12,2.0E7,1.0,5.2E8,
7.3000000000000005E-37,1.1,2100.0,4600.0,3900.0,3199999.9999999995,5700.0,4100.0,660.0,4000.0,170.0,16.0,3199999.9999999995,1.2E-4,0.05,0.05,0.0,100.0,61.0,4.1E-26,2.7E-6,5.0E-13,1.9E7,1.0,5.2E8,
7.2E-37,1.1,2100.0,4600.0,3900.0,3099999.9999999995,5700.0,4100.0,650.0,4000.0,170.0,16.0,3099999.9999999995,1.4E-4,0.049,0.049,0.0,100.0,60.0,7.800000000000001E-28,2.7E-6,2.2E-13,1.7E7,1.0,5.2E8,
7.2E-37,1.1,2100.0,4600.0,3900.0,3099999.9999999995,5700.0,4100.0,650.0,4000.0,170.0,16.0,3099999.9999999995,1.6E-4,0.049,0.049,0.0,100.0,60.0,2.0E-30,2.7E-6,6.8E-14,1.6E7,1.0,5.2E8,
7.2E-37,1.1,2100.0,4600.0,3900.0,3099999.9999999995,5700.0,4100.0,650.0,4000.0,170.0,16.0,3099999.9999999995,1.7E-4,0.049,0.049,0.0,100.0,60.0,5.3000000000000004E-33,2.7E-6,2.1E-14,1.6E7,1.0,5.2E8,
7.2E-37,1.1,2100.0,4600.0,3900.0,3099999.9999999995,5700.0,4100.0,650.0,4000.0,170.0,16.0,3099999.9999999995,1.6E-4,0.049,0.049,0.0,100.0,60.0,1.4E-35,2.7E-6,6.9E-15,1.7E7,1.0,5.2E8,
7.2E-37,1.1,2100.0,4600.0,3900.0,3099999.9999999995,5700.0,4100.0,650.0,4000.0,170.0,16.0,3099999.9999999995,1.4E-4,0.049,0.049,0.0,100.0,60.0,3.7E-38,2.7E-6,2.6E-15,1.7E7,1.0,5.2E8,
5.1E-37,0.79,3600.0,2500.0,4800.0,3399999.9999999995,5700.0,4100.0,650.0,4000.0,170.0,16.0,3499999.9999999995,8.4E-5,0.048,0.048,0.0,100.0,65.0,2.9999999999999998E-40,2.7E-6,1.0E-15,1.8E7,1.0,5.2E8,
5.0E-37,0.76,3600.0,2500.0,4800.0,3099999.9999999995,5700.0,4100.0,650.0,4000.0,170.0,16.0,3099999.9999999995,1.7E-4,0.044,0.044,0.0,100.0,62.0,2.1E-42,2.7E-6,8.9E-16,1.6E7,1.0,5.2E8,
5.0E-37,0.76,3600.0,2500.0,4800.0,3099999.9999999995,5700.0,4100.0,650.0,4000.0,170.0,16.0,3099999.9999999995,2.0E-4,0.044,0.044,0.0,100.0,62.0,5.5E-45,2.7E-6,9.5E-16,1.6E7,1.0,5.2E8,
5.0E-37,0.76,3600.0,2500.0,4800.0,3099999.9999999995,5700.0,4100.0,650.0,4000.0,170.0,16.0,3099999.9999999995,2.0E-4,0.044,0.044,0.0,98.0,62.0,1.4E-47,2.7E-6,1.0E-15,1.5E7,1.0,5.2E8,
5.0E-37,0.76,3600.0,2500.0,4800.0,3099999.9999999995,5700.0,4100.0,650.0,4000.0,170.0,16.0,3099999.9999999995,1.9E-4,0.044,0.044,0.0,98.0,62.0,3.7E-50,2.7E-6,1.0E-15,1.6E7,1.0,5.2E8,
5.0E-37,0.76,3600.0,2500.0,4800.0,3099999.9999999995,5700.0,4100.0,650.0,4000.0,170.0,16.0,3099999.9999999995,1.6E-4,0.044,0.044,0.0,98.0,62.0,9.7E-53,2.7E-6,9.4E-16,1.7E7,1.0,5.2E8,
5.0E-37,0.76,3600.0,2500.0,4800.0,3099999.9999999995,5700.0,4100.0,650.0,4000.0,170.0,16.0,3099999.9999999995,1.4E-4,0.044,0.044,0.0,98.0,62.0,0.0,2.7E-6,8.3E-16,1.8E7,1.0,5.2E8,
5.0E-37,0.76,3600.0,2500.0,4800.0,3099999.9999999995,5700.0,4100.0,650.0,4000.0,170.0,16.0,3099999.9999999995,1.2E-4,0.044,0.044,0.0,98.0,62.0,0.0,2.7E-6,7.2E-16,1.9E7,1.0,5.2E8,
5.0E-37,0.76,3600.0,2500.0,4800.0,3099999.9999999995,5700.0,4100.0,650.0,4000.0,170.0,16.0,3099999.9999999995,1.0E-4,0.044,0.044,0.0,97.0,62.0,1.2E-57,2.7E-6,6.2E-16,2.0E7,1.0,5.2E8,
5.0E-37,0.76,3600.0,2500.0,4800.0,3099999.9999999995,5700.0,4100.0,650.0,4000.0,170.0,16.0,3099999.9999999995,8.7E-5,0.044,0.044,0.0,96.0,62.0,3.2E-58,2.7E-6,5.3E-16,2.1E7,1.0,5.2E8,
5.0E-37,0.76,3600.0,2500.0,4800.0,3099999.9999999995,5700.0,4100.0,650.0,4000.0,170.0,16.0,3099999.9999999995,1.0E-4,0.044,0.044,0.0,94.0,62.0,1.4E-60,2.7E-6,4.9E-16,2.0E7,1.0,5.2E8,
5.0E-37,0.76,3600.0,2500.0,4800.0,3099999.9999999995,5700.0,4100.0,650.0,4000.0,170.0,16.0,3099999.9999999995,1.2E-4,0.044,0.044,0.0,93.0,62.0,3.7E-63,2.7E-6,5.5E-16,1.9E7,1.0,5.2E8,
5.0E-37,0.76,3600.0,2500.0,4800.0,3099999.9999999995,5700.0,4100.0,650.0,4000.0,170.0,16.0,3099999.9999999995,1.2E-4,0.044,0.044,0.0,91.0,62.0,9.6E-66,2.7E-6,6.0E-16,1.9E7,1.0,5.2E8,
5.0E-37,0.76,3600.0,2500.0,4800.0,3099999.9999999995,5700.0,4100.0,650.0,4000.0,170.0,16.0,3099999.9999999995,1.1E-4,0.044,0.044,0.0,91.0,62.0,2.5E-68,2.7E-6,6.0E-16,1.9E7,1.0,5.2E8,
5.0E-37,0.76,3600.0,2500.0,4800.0,3099999.9999999995,5700.0,4100.0,650.0,4000.0,170.0,16.0,3099999.9999999995,1.0E-4,0.044,0.044,0.0,91.0,62.0,8.4E-71,2.7E-6,5.7E-16,2.0E7,1.0,5.2E8,
5.0E-37,0.76,3600.0,2500.0,4800.0,3099999.9999999995,5700.0,4100.0,650.0,4000.0,170.0,16.0,3099999.9999999995,8.9E-5,0.044,0.044,0.0,90.0,62.0,1.7E-71,2.7E-6,5.1E-16,2.1E7,1.0,5.2E8,
5.0E-37,0.76,3600.0,2500.0,4800.0,3099999.9999999995,5700.0,4100.0,650.0,4000.0,170.0,16.0,3099999.9999999995,7.8E-5,0.044,0.044,0.0,90.0,62.0,8.1E-73,2.7E-6,4.6E-16,2.2E7,1.0,5.2E8,
5.0E-37,0.76,3600.0,2500.0,4800.0,3099999.9999999995,5700.0,4100.0,650.0,4000.0,170.0,16.0,3099999.9999999995,6.7E-5,0.044,0.044,0.0,90.0,62.0,0.0,2.7E-6,4.0E-16,2.3E7,1.0,5.2E8,
5.0E-37,0.76,3600.0,2500.0,4800.0,3099999.9999999995,5700.0,4100.0,650.0,4000.0,170.0,16.0,3099999.9999999995,6.9E-5,0.044,0.044,0.0,89.0,62.0,0.0,2.7E-6,3.6E-16,2.3E7,1.0,5.2E8,
5.0E-37,0.76,3600.0,2500.0,4800.0,3099999.9999999995,5700.0,4100.0,650.0,4000.0,170.0,16.0,3099999.9999999995,8.6E-5,0.044,0.044,0.0,89.0,62.0,0.0,2.7E-6,4.0E-16,2.1E7,1.0,5.2E8,
5.0E-37,0.76,3600.0,2500.0,4800.0,3099999.9999999995,5700.0,4100.0,650.0,4000.0,170.0,16.0,3099999.9999999995,9.4E-5,0.044,0.044,0.0,89.0,62.0,0.0,2.7E-6,4.6E-16,2.0E7,1.0,5.2E8,
5.0E-37,0.76,3600.0,2500.0,4800.0,3099999.9999999995,5700.0,4100.0,650.0,4000.0,170.0,16.0,3099999.9999999995,9.3E-5,0.044,0.044,0.0,88.0,62.0,0.0,2.7E-6,4.8E-16,2.0E7,1.0,5.2E8,
5.0E-37,0.76,3600.0,2500.0,4800.0,3099999.9999999995,5700.0,4100.0,650.0,4000.0,170.0,16.0,3099999.9999999995,8.7E-5,0.044,0.044,0.0,87.0,62.0,0.0,2.7E-6,4.7E-16,2.1E7,1.0,5.2E8,
5.0E-37,0.76,3600.0,2500.0,4800.0,3099999.9999999995,5700.0,4100.0,650.0,4000.0,170.0,16.0,3099999.9999999995,7.8E-5,0.044,0.044,0.0,86.0,62.0,0.0,2.7E-6,4.4E-16,2.2E7,1.0,5.2E8,
5.0E-37,0.76,3600.0,2500.0,4800.0,3099999.9999999995,5700.0,4100.0,650.0,4000.0,170.0,16.0,3099999.9999999995,6.9E-5,0.044,0.044,0.0,84.0,62.0,0.0,2.7E-6,4.0E-16,2.3E7,1.0,5.2E8,
5.0E-37,0.76,3600.0,2500.0,4800.0,3099999.9999999995,5700.0,4100.0,650.0,4000.0,170.0,16.0,3099999.9999999995,6.1E-5,0.044,0.044,0.0,84.0,62.0,0.0,2.7E-6,3.6E-16,2.4E7,1.0,5.2E8,
5.0E-37,0.76,3600.0,2500.0,4800.0,3099999.9999999995,5700.0,4100.0,650.0,4000.0,170.0,16.0,3099999.9999999995,5.4E-5,0.044,0.044,0.0,84.0,62.0,0.0,2.7E-6,3.2E-16,2.5E7,1.0,5.2E8,
5.0E-37,0.76,3600.0,2500.0,4800.0,3099999.9999999995,5700.0,4100.0,650.0,4000.0,170.0,16.0,3099999.9999999995,7.2E-5,0.044,0.044,0.0,84.0,62.0,0.0,2.7E-6,3.3E-16,2.2E7,1.0,5.2E8,
5.0E-37,0.76,3600.0,2500.0,4800.0,3099999.9999999995,5700.0,4100.0,650.0,4000.0,170.0,16.0,3099999.9999999995,8.3E-5,0.044,0.044,0.0,84.0,62.0,0.0,2.7E-6,3.9E-16,2.1E7,1.0,5.2E8,
5.0E-37,0.76,3600.0,2500.0,4800.0,3099999.9999999995,5700.0,4100.0,650.0,4000.0,170.0,16.0,3099999.9999999995,8.5E-5,0.044,0.044,0.0,84.0,62.0,0.0,2.7E-6,4.3E-16,2.1E7,1.0,5.2E8,
5.0E-37,0.76,3600.0,2500.0,4800.0,3099999.9999999995,5700.0,4100.0,650.0,4000.0,170.0,16.0,3099999.9999999995,8.1E-5,0.044,0.044,0.0,83.0,62.0,0.0,2.7E-6,4.4E-16,2.1E7,1.0,5.2E8,
5.0E-37,0.76,3600.0,2500.0,4800.0,3099999.9999999995,5700.0,4100.0,650.0,4000.0,170.0,16.0,3099999.9999999995,7.4E-5,0.044,0.044,0.0,83.0,62.0,0.0,2.7E-6,4.2E-16,2.2E7,1.0,5.2E8,
5.0E-37,0.76,3600.0,2500.0,4800.0,3099999.9999999995,5700.0,4100.0,650.0,4000.0,170.0,16.0,3099999.9999999995,6.7E-5,0.044,0.044,0.0,82.0,62.0,0.0,2.7E-6,3.8E-16,2.3E7,1.0,5.2E8,
5.0E-37,0.76,3600.0,2500.0,4800.0,3099999.9999999995,5700.0,4100.0,650.0,4000.0,170.0,16.0,3099999.9999999995,5.9E-5,0.044,0.044,0.0,80.0,62.0,0.0,2.7E-6,3.4E-16,2.4E7,1.0,5.2E8,
5.0E-37,0.76,3600.0,2500.0,4800.0,3099999.9999999995,5700.0,4100.0,650.0,4000.0,170.0,16.0,3099999.9999999995,5.2E-5,0.044,0.044,0.0,79.0,62.0,0.0,2.7E-6,3.1E-16,2.5E7,1.0,5.2E8,
5.0E-37,0.76,3600.0,2500.0,4800.0,3099999.9999999995,5700.0,4100.0,650.0,4000.0,170.0,16.0,3099999.9999999995,6.2E-5,0.044,0.044,0.0,79.0,62.0,0.0,2.7E-6,3.0E-16,2.3E7,1.0,5.2E8,
5.0E-37,0.76,3600.0,2500.0,4800.0,3099999.9999999995,5700.0,4100.0,650.0,4000.0,170.0,16.0,3099999.9999999995,7.6E-5,0.044,0.044,0.0,79.0,62.0,0.0,2.7E-6,3.5E-16,2.2E7,1.0,5.2E8,
5.0E-37,0.76,3600.0,2500.0,4800.0,3099999.9999999995,5700.0,4100.0,650.0,4000.0,170.0,16.0,3099999.9999999995,8.1E-5,0.044,0.044,0.0,79.0,62.0,0.0,2.7E-6,4.0E-16,2.1E7,1.0,5.2E8,
5.0E-37,0.76,3600.0,2500.0,4800.0,3099999.9999999995,5700.0,4100.0,650.0,4000.0,170.0,16.0,3099999.9999999995,7.9E-5,0.044,0.044,0.0,76.0,62.0,0.0,2.7E-6,4.2E-16,2.1E7,1.0,5.2E8,
5.0E-37,0.76,3600.0,2500.0,4800.0,3099999.9999999995,5700.0,4100.0,650.0,4000.0,170.0,16.0,3099999.9999999995,7.4E-5,0.044,0.044,0.0,75.0,62.0,0.0,2.7E-6,4.1E-16,2.2E7,1.0,5.2E8,
5.0E-37,0.76,3600.0,2500.0,4800.0,3099999.9999999995,5700.0,4100.0,650.0,4000.0,170.0,16.0,3099999.9999999995,6.7E-5,0.044,0.044,0.0,74.0,62.0,0.0,2.7E-6,3.8E-16,2.3E7,1.0,5.2E8,
5.0E-37,0.76,3600.0,2500.0,4800.0,3099999.9999999995,5700.0,4100.0,650.0,4000.0,170.0,16.0,3099999.9999999995,5.9E-5,0.044,0.044,0.0,74.0,62.0,0.0,2.7E-6,3.4E-16,2.4E7,1.0,5.2E8,
5.0E-37,0.76,3600.0,2500.0,4800.0,3099999.9999999995,5700.0,4100.0,650.0,4000.0,170.0,16.0,3099999.9999999995,5.2E-5,0.044,0.044,0.0,72.0,62.0,0.0,2.7E-6,3.1E-16,2.5E7,1.0,5.2E8,
5.0E-37,0.76,3600.0,2500.0,4800.0,3099999.9999999995,5700.0,4100.0,650.0,4000.0,170.0,16.0,3099999.9999999995,5.5E-5,0.044,0.044,0.0,72.0,62.0,0.0,2.7E-6,2.8E-16,2.5E7,1.0,5.2E8,
5.0E-37,0.76,3600.0,2500.0,4800.0,3099999.9999999995,5700.0,4100.0,650.0,4000.0,170.0,16.0,3099999.9999999995,7.0E-5,0.044,0.044,0.0,72.0,62.0,0.0,2.7E-6,3.2E-16,2.2E7,1.0,5.2E8,
5.0E-37,0.76,3600.0,2500.0,4800.0,3099999.9999999995,5700.0,4100.0,650.0,4000.0,170.0,16.0,3099999.9999999995,7.8E-5,0.044,0.044,0.0,72.0,62.0,0.0,2.7E-6,3.8E-16,2.2E7,1.0,5.2E8,
5.0E-37,0.76,3600.0,2500.0,4800.0,3099999.9999999995,5700.0,4100.0,650.0,4000.0,170.0,16.0,3099999.9999999995,7.8E-5,0.044,0.044,0.0,72.0,62.0,0.0,2.7E-6,4.0E-16,2.2E7,1.0,5.2E8,
5.0E-37,0.76,3600.0,2500.0,4800.0,3099999.9999999995,5700.0,4100.0,650.0,4000.0,170.0,16.0,3099999.9999999995,7.4E-5,0.044,0.044,0.0,71.0,62.0,0.0,2.7E-6,4.0E-16,2.2E7,1.0,5.2E8,
5.0E-37,0.76,3600.0,2500.0,4800.0,3099999.9999999995,5700.0,4100.0,650.0,4000.0,170.0,16.0,3099999.9999999995,6.8E-5,0.044,0.044,0.0,70.0,62.0,0.0,2.7E-6,3.8E-16,2.3E7,1.0,5.2E8,
5.0E-37,0.76,3600.0,2500.0,4800.0,3099999.9999999995,5700.0,4100.0,650.0,4000.0,170.0,16.0,3099999.9999999995,6.0E-5,0.044,0.044,0.0,69.0,62.0,0.0,2.7E-6,3.5E-16,2.4E7,1.0,5.2E8,
5.0E-37,0.76,3600.0,2500.0,4800.0,3099999.9999999995,5700.0,4100.0,650.0,4000.0,170.0,16.0,3099999.9999999995,5.4E-5,0.044,0.044,0.0,69.0,62.0,0.0,2.7E-6,3.1E-16,2.5E7,1.0,5.2E8,
5.0E-37,0.76,3600.0,2500.0,4800.0,3099999.9999999995,5700.0,4100.0,650.0,4000.0,170.0,16.0,3099999.9999999995,4.7E-5,0.044,0.044,0.0,68.0,62.0,0.0,2.7E-6,2.8E-16,2.6E7,1.0,5.2E8,
5.0E-37,0.76,3600.0,2500.0,4800.0,3099999.9999999995,5700.0,4100.0,650.0,4000.0,170.0,16.0,3099999.9999999995,6.5E-5,0.044,0.044,0.0,68.0,62.0,0.0,2.7E-6,3.0E-16,2.3E7,1.0,5.2E8,
5.0E-37,0.76,3600.0,2500.0,4800.0,3099999.9999999995,5700.0,4100.0,650.0,4000.0,170.0,16.0,3099999.9999999995,7.5E-5,0.044,0.044,0.0,64.0,62.0,0.0,2.7E-6,3.6E-16,2.2E7,1.0,5.2E8,
5.0E-37,0.76,3600.0,2500.0,4800.0,3099999.9999999995,5700.0,4100.0,650.0,4000.0,170.0,16.0,3099999.9999999995,7.8E-5,0.044,0.044,0.0,64.0,62.0,0.0,2.7E-6,3.9E-16,2.2E7,1.0,5.1E8,
5.0E-37,0.76,3600.0,2500.0,4800.0,3099999.9999999995,5700.0,4100.0,650.0,4000.0,170.0,16.0,3099999.9999999995,7.5E-5,0.044,0.044,0.0,64.0,62.0,0.0,2.7E-6,4.0E-16,2.2E7,1.0,5.1E8,
5.0E-37,0.76,3600.0,2500.0,4800.0,3099999.9999999995,5700.0,4100.0,650.0,4000.0,170.0,16.0,3099999.9999999995,6.9E-5,0.044,0.044,0.0,60.0,62.0,0.0,2.7E-6,3.9E-16,2.3E7,1.0,5.1E8,
5.0E-37,0.76,3600.0,2500.0,4800.0,3099999.9999999995,5700.0,4100.0,650.0,4000.0,170.0,16.0,3099999.9999999995,6.2E-5,0.044,0.044,0.0,60.0,62.0,0.0,2.7E-6,3.6E-16,2.3E7,1.0,5.1E8,
5.0E-37,0.76,3600.0,2500.0,4800.0,3099999.9999999995,5700.0,4100.0,650.0,4000.0,170.0,16.0,3099999.9999999995,5.5E-5,0.044,0.044,0.0,60.0,62.0,0.0,2.7E-6,3.2E-16,2.4E7,1.0,5.1E8,
5.0E-37,0.76,3600.0,2500.0,4800.0,3099999.9999999995,5700.0,4100.0,650.0,4000.0,170.0,16.0,3099999.9999999995,4.9E-5,0.044,0.044,0.0,60.0,62.0,0.0,2.7E-6,2.9E-16,2.5E7,1.0,5.1E8,
5.0E-37,0.76,3600.0,2500.0,4800.0,3099999.9999999995,5700.0,4100.0,650.0,4000.0,170.0,16.0,3099999.9999999995,5.9E-5,0.044,0.044,0.0,60.0,62.0,0.0,2.7E-6,2.8E-16,2.4E7,1.0,5.1E8,
5.0E-37,0.76,3600.0,2500.0,4800.0,3099999.9999999995,5700.0,4100.0,650.0,4000.0,170.0,16.0,3099999.9999999995,7.2E-5,0.044,0.044,0.0,60.0,62.0,0.0,2.7E-6,3.4E-16,2.2E7,1.0,5.1E8,
4.9E-37,0.76,3600.0,2500.0,4800.0,3099999.9999999995,5600.0,4100.0,650.0,4000.0,170.0,16.0,3099999.9999999995,7.7E-5,0.044,0.044,0.0,60.0,62.0,0.0,2.7E-6,3.8E-16,2.2E7,1.0,5.1E8,
4.9E-37,0.76,3600.0,2500.0,4800.0,3099999.9999999995,5600.0,4100.0,650.0,4000.0,170.0,16.0,3099999.9999999995,7.6E-5,0.044,0.044,0.0,59.0,62.0,0.0,2.7E-6,4.0E-16,2.2E7,1.0,5.1E8,
4.9E-37,0.76,3600.0,2500.0,4800.0,3099999.9999999995,5600.0,4100.0,650.0,4000.0,170.0,16.0,3099999.9999999995,7.1E-5,0.044,0.044,0.0,59.0,62.0,0.0,2.7E-6,3.9E-16,2.2E7,1.0,5.1E8,
4.9E-37,0.76,3600.0,2500.0,4800.0,3099999.9999999995,5600.0,4100.0,650.0,4000.0,170.0,16.0,3099999.9999999995,6.4E-5,0.044,0.044,0.0,58.0,62.0,0.0,2.7E-6,3.7E-16,2.3E7,1.0,5.1E8,
4.9E-37,0.76,3600.0,2500.0,4800.0,3099999.9999999995,5600.0,4100.0,650.0,4000.0,170.0,16.0,3099999.9999999995,5.7E-5,0.044,0.044,0.0,57.0,62.0,0.0,2.7E-6,3.3E-16,2.4E7,1.0,5.1E8,
4.9E-37,0.76,3600.0,2500.0,4800.0,3099999.9999999995,5600.0,4100.0,650.0,4000.0,170.0,16.0,3099999.9999999995,5.1E-5,0.044,0.044,0.0,57.0,62.0,0.0,2.7E-6,3.0E-16,2.5E7,1.0,5.1E8,
4.9E-37,0.76,3600.0,2500.0,4800.0,3099999.9999999995,5600.0,4100.0,650.0,4000.0,170.0,16.0,3099999.9999999995,5.3E-5,0.044,0.044,0.0,57.0,62.0,0.0,2.7E-6,2.7E-16,2.5E7,1.0,5.1E8,
4.9E-37,0.76,3600.0,2500.0,4800.0,3099999.9999999995,5600.0,4100.0,650.0,4000.0,170.0,16.0,3099999.9999999995,6.8E-5,0.044,0.044,0.0,57.0,62.0,0.0,2.7E-6,3.2E-16,2.3E7,1.0,5.1E8,
4.9E-37,0.76,3600.0,2500.0,4800.0,3099999.9999999995,5600.0,4100.0,650.0,4000.0,170.0,16.0,3099999.9999999995,7.6E-5,0.044,0.044,0.0,57.0,62.0,0.0,2.7E-6,3.7E-16,2.2E7,1.0,5.1E8,
4.9E-37,0.76,3600.0,2400.0,4800.0,3099999.9999999995,5600.0,4100.0,650.0,4000.0,170.0,16.0,3099999.9999999995,7.6E-5,0.044,0.044,0.0,58.0,62.0,0.0,2.7E-6,4.0E-16,2.2E7,1.0,5.1E8,
4.9E-37,0.76,3600.0,2400.0,4800.0,3099999.9999999995,5600.0,4100.0,650.0,4000.0,170.0,16.0,3099999.9999999995,7.2E-5,0.044,0.044,0.0,58.0,62.0,0.0,2.7E-6,4.0E-16,2.2E7,1.0,5.1E8,
4.9E-37,0.76,3600.0,2400.0,4800.0,3099999.9999999995,5600.0,4100.0,650.0,4000.0,170.0,16.0,3099999.9999999995,6.6E-5,0.044,0.044,0.0,57.0,62.0,0.0,2.7E-6,3.8E-16,2.3E7,1.0,5.1E8,
4.9E-37,0.76,3600.0,2400.0,4800.0,3099999.9999999995,5600.0,4100.0,650.0,4000.0,170.0,16.0,3099999.9999999995,5.9E-5,0.044,0.044,0.0,57.0,62.0,0.0,2.7E-6,3.5E-16,2.4E7,1.0,5.1E8,
4.9E-37,0.76,3600.0,2400.0,4800.0,3099999.9999999995,5600.0,4100.0,650.0,4000.0,170.0,16.0,3099999.9999999995,5.3E-5,0.044,0.044,0.0,56.0,62.0,0.0,2.8E-6,3.1E-16,2.5E7,1.0,5.1E8,
4.9E-37,0.76,3600.0,2400.0,4800.0,3099999.9999999995,5600.0,4100.0,650.0,4000.0,170.0,16.0,3099999.9999999995,4.7E-5,0.044,0.044,0.0,55.0,62.0,0.0,2.8E-6,2.8E-16,2.6E7,1.0,5.1E8,
4.9E-37,0.76,3600.0,2400.0,4800.0,3099999.9999999995,5600.0,4100.0,650.0,4000.0,170.0,16.0,3099999.9999999995,6.4E-5,0.044,0.044,0.0,54.0,62.0,0.0,2.8E-6,3.0E-16,2.3E7,1.0,5.1E8,
4.9E-37,0.76,3600.0,2400.0,4800.0,3099999.9999999995,5600.0,4100.0,650.0,4000.0,170.0,16.0,3099999.9999999995,7.4E-5,0.044,0.044,0.0,54.0,62.0,0.0,2.8E-6,3.5E-16,2.2E7,1.0,5.1E8,
4.9E-37,0.76,3600.0,2400.0,4800.0,3099999.9999999995,5600.0,4100.0,650.0,4000.0,170.0,16.0,3099999.9999999995,7.7E-5,0.044,0.044,0.0,52.0,62.0,0.0,2.8E-6,3.9E-16,2.2E7,1.0,5.1E8,
4.9E-37,0.76,3600.0,2400.0,4800.0,3099999.9999999995,5600.0,4100.0,650.0,4000.0,170.0,16.0,3099999.9999999995,7.4E-5,0.044,0.044,0.0,51.0,62.0,0.0,2.8E-6,4.0E-16,2.2E7,1.0,5.1E8,
4.9E-37,0.76,3600.0,2400.0,4800.0,3099999.9999999995,5600.0,4100.0,650.0,4000.0,170.0,16.0,3099999.9999999995,6.8E-5,0.044,0.044,0.0,50.0,62.0,0.0,2.8E-6,3.9E-16,2.3E7,1.0,5.1E8,
4.9E-37,0.76,3600.0,2400.0,4800.0,3099999.9999999995,5600.0,4100.0,650.0,4000.0,170.0,16.0,3099999.9999999995,6.1E-5,0.044,0.044,0.0,50.0,62.0,0.0,2.8E-6,3.6E-16,2.3E7,1.0,5.1E8,
4.9E-37,0.76,3600.0,2400.0,4800.0,3099999.9999999995,5600.0,4100.0,650.0,4000.0,170.0,16.0,3099999.9999999995,5.5E-5,0.044,0.044,0.0,50.0,62.0,0.0,2.8E-6,3.2E-16,2.4E7,1.0,5.1E8,
4.9E-37,0.76,3600.0,2400.0,4800.0,3099999.9999999995,5600.0,4100.0,650.0,4000.0,170.0,16.0,3099999.9999999995,4.8E-5,0.044,0.044,0.0,50.0,62.0,0.0,2.8E-6,2.9E-16,2.6E7,1.0,5.1E8,
4.9E-37,0.76,3600.0,2400.0,4800.0,3099999.9999999995,5600.0,4100.0,650.0,4000.0,170.0,16.0,3099999.9999999995,5.8E-5,0.044,0.044,0.0,50.0,62.0,0.0,2.8E-6,2.8E-16,2.4E7,1.0,5.1E8,
4.9E-37,0.76,3600.0,2400.0,4800.0,3099999.9999999995,5600.0,4100.0,650.0,4000.0,170.0,16.0,3099999.9999999995,7.1E-5,0.044,0.044,0.0,50.0,62.0,0.0,2.8E-6,3.4E-16,2.2E7,1.0,5.1E8,
4.9E-37,0.76,3600.0,2400.0,4800.0,3099999.9999999995,5600.0,4100.0,650.0,4000.0,170.0,16.0,3099999.9999999995,7.6E-5,0.044,0.044,0.0,50.0,62.0,0.0,2.8E-6,3.8E-16,2.2E7,1.0,5.1E8,
4.9E-37,0.76,3600.0,2400.0,4800.0,3099999.9999999995,5600.0,4100.0,650.0,4000.0,170.0,16.0,3099999.9999999995,7.5E-5,0.044,0.044,0.0,50.0,62.0,0.0,2.8E-6,4.0E-16,2.2E7,1.0,5.1E8,
4.9E-37,0.76,3600.0,2400.0,4800.0,3099999.9999999995,5600.0,4100.0,650.0,4000.0,170.0,16.0,3099999.9999999995,7.0E-5,0.044,0.044,0.0,50.0,62.0,0.0,2.8E-6,3.9E-16,2.2E7,1.0,5.1E8,
4.9E-37,0.76,3600.0,2400.0,4800.0,3099999.9999999995,5600.0,4100.0,650.0,4000.0,170.0,16.0,3099999.9999999995,6.4E-5,0.044,0.044,0.0,50.0,62.0,0.0,2.8E-6,3.7E-16,2.3E7,1.0,5.1E8,
4.9E-37,0.76,3600.0,2400.0,4800.0,3099999.9999999995,5600.0,4100.0,650.0,4000.0,170.0,16.0,3099999.9999999995,5.7E-5,0.044,0.044,0.0,50.0,62.0,0.0,2.8E-6,3.4E-16,2.4E7,1.0,5.1E8,
4.9E-37,0.76,3600.0,2400.0,4800.0,3099999.9999999995,5600.0,4100.0,650.0,4000.0,170.0,16.0,3099999.9999999995,5.0E-5,0.044,0.044,0.0,50.0,62.0,0.0,2.8E-6,3.0E-16,2.5E7,1.0,5.1E8,
4.9E-37,0.76,3600.0,2400.0,4800.0,3099999.9999999995,5600.0,4100.0,650.0,4000.0,170.0,16.0,3099999.9999999995,5.3E-5,0.044,0.044,0.0,50.0,62.0,0.0,2.8E-6,2.8E-16,2.5E7,1.0,5.1E8,
4.9E-37,0.76,3600.0,2400.0,4800.0,3099999.9999999995,5600.0,4100.0,650.0,4000.0,170.0,16.0,3099999.9999999995,6.8E-5,0.044,0.044,0.0,50.0,62.0,0.0,2.8E-6,3.2E-16,2.3E7,1.0,5.1E8,
4.9E-37,0.76,3600.0,2400.0,4800.0,3099999.9999999995,5600.0,4100.0,650.0,4000.0,170.0,16.0,3099999.9999999995,7.5E-5,0.044,0.044,0.0,50.0,62.0,0.0,2.8E-6,3.7E-16,2.2E7,1.0,5.1E8,
4.9E-37,0.76,3600.0,2400.0,4800.0,3099999.9999999995,5600.0,4100.0,650.0,4000.0,170.0,16.0,3099999.9999999995,7.6E-5,0.044,0.044,0.0,50.0,62.0,0.0,2.8E-6,4.0E-16,2.2E7,1.0,5.1E8,
4.9E-37,0.76,3600.0,2400.0,4800.0,3099999.9999999995,5600.0,4100.0,650.0,4000.0,170.0,16.0,3099999.9999999995,7.2E-5,0.044,0.044,0.0,50.0,62.0,0.0,2.8E-6,4.0E-16,2.2E7,1.0,5.1E8,
4.9E-37,0.76,3600.0,2400.0,4800.0,3099999.9999999995,5600.0,4100.0,650.0,4000.0,170.0,16.0,3099999.9999999995,6.6E-5,0.044,0.044,0.0,50.0,62.0,0.0,2.8E-6,3.8E-16,2.3E7,1.0,5.1E8,
4.9E-37,0.76,3600.0,2400.0,4800.0,3099999.9999999995,5600.0,4100.0,650.0,4000.0,170.0,16.0,3099999.9999999995,5.9E-5,0.044,0.044,0.0,50.0,62.0,0.0,2.8E-6,3.5E-16,2.4E7,1.0,5.1E8,
4.9E-37,0.76,3600.0,2400.0,4800.0,3099999.9999999995,5600.0,4100.0,650.0,4000.0,170.0,16.0,3099999.9999999995,5.2E-5,0.044,0.044,0.0,50.0,62.0,0.0,2.8E-6,3.1E-16,2.5E7,1.0,5.1E8,
4.9E-37,0.76,3600.0,2400.0,4800.0,3099999.9999999995,5600.0,4100.0,650.0,4000.0,170.0,16.0,3099999.9999999995,4.6E-5,0.044,0.044,0.0,50.0,62.0,0.0,2.8E-6,2.8E-16,2.6E7,1.0,5.1E8,
4.9E-37,0.76,3600.0,2400.0,4800.0,3099999.9999999995,5600.0,4100.0,650.0,4000.0,170.0,16.0,3099999.9999999995,6.3E-5,0.044,0.044,0.0,50.0,62.0,0.0,2.8E-6,3.0E-16,2.3E7,1.0,5.1E8,
4.9E-37,0.76,3600.0,2400.0,4800.0,3099999.9999999995,5600.0,4100.0,650.0,4000.0,170.0,16.0,3099999.9999999995,7.4E-5,0.044,0.044,0.0,50.0,62.0,0.0,2.8E-6,3.6E-16,2.2E7,1.0,5.1E8,
4.9E-37,0.76,3600.0,2400.0,4800.0,3099999.9999999995,5600.0,4100.0,650.0,4000.0,170.0,16.0,3099999.9999999995,7.7E-5,0.044,0.044,0.0,50.0,62.0,0.0,2.8E-6,4.0E-16,2.2E7,1.0,5.1E8,
4.9E-37,0.76,3600.0,2400.0,4800.0,3099999.9999999995,5600.0,4100.0,650.0,4000.0,170.0,16.0,3099999.9999999995,7.4E-5,0.044,0.044,0.0,50.0,62.0,0.0,2.8E-6,4.0E-16,2.2E7,1.0,5.1E8,
4.9E-37,0.76,3600.0,2400.0,4800.0,3099999.9999999995,5600.0,4100.0,650.0,4000.0,170.0,16.0,3099999.9999999995,6.8E-5,0.044,0.044,0.0,50.0,62.0,0.0,2.8E-6,3.9E-16,2.3E7,1.0,5.1E8,
4.9E-37,0.76,3600.0,2400.0,4800.0,3099999.9999999995,5600.0,4100.0,650.0,4000.0,170.0,16.0,3099999.9999999995,6.1E-5,0.044,0.044,0.0,50.0,62.0,0.0,2.8E-6,3.6E-16,2.3E7,1.0,5.1E8,
4.9E-37,0.76,3600.0,2400.0,4800.0,3099999.9999999995,5600.0,4100.0,650.0,4000.0,170.0,16.0,3099999.9999999995,5.5E-5,0.044,0.044,0.0,50.0,62.0,0.0,2.8E-6,3.3E-16,2.4E7,1.0,5.1E8,
4.9E-37,0.76,3600.0,2400.0,4800.0,3099999.9999999995,5600.0,4100.0,650.0,4000.0,170.0,16.0,3099999.9999999995,4.8E-5,0.044,0.044,0.0,50.0,62.0,0.0,2.8E-6,2.9E-16,2.5E7,1.0,5.1E8,
4.9E-37,0.76,3600.0,2400.0,4800.0,3099999.9999999995,5600.0,4100.0,650.0,4000.0,170.0,16.0,3099999.9999999995,5.8E-5,0.044,0.044,0.0,50.0,62.0,0.0,2.8E-6,2.9E-16,2.4E7,1.0,5.1E8,
4.9E-37,0.76,3600.0,2400.0,4800.0,3099999.9999999995,5600.0,4100.0,650.0,4000.0,170.0,16.0,3099999.9999999995,7.1E-5,0.044,0.044,0.0,50.0,62.0,0.0,2.8E-6,3.4E-16,2.2E7,1.0,5.1E8,
4.9E-37,0.76,3600.0,2400.0,4800.0,3099999.9999999995,5600.0,4100.0,650.0,4000.0,170.0,16.0,3099999.9999999995,7.6E-5,0.044,0.044,0.0,50.0,62.0,0.0,2.8E-6,3.9E-16,2.2E7,1.0,5.1E8,
4.9E-37,0.76,3600.0,2400.0,4800.0,3099999.9999999995,5600.0,4100.0,650.0,4000.0,170.0,16.0,3099999.9999999995,7.5E-5,0.044,0.044,0.0,50.0,62.0,0.0,2.8E-6,4.1E-16,2.2E7,1.0,5.1E8,
4.9E-37,0.76,3600.0,2400.0,4800.0,3099999.9999999995,5600.0,4100.0,650.0,4000.0,170.0,16.0,3099999.9999999995,7.0E-5,0.044,0.044,0.0,50.0,62.0,0.0,2.8E-6,4.0E-16,2.2E7,1.0,5.1E8,
4.9E-37,0.76,3600.0,2400.0,4800.0,3099999.9999999995,5600.0,4100.0,650.0,4000.0,170.0,16.0,3099999.9999999995,6.4E-5,0.044,0.044,0.0,50.0,62.0,0.0,2.8E-6,3.7E-16,2.3E7,1.0,5.1E8,
4.9E-37,0.76,3600.0,2400.0,4800.0,3099999.9999999995,5600.0,4100.0,650.0,4000.0,170.0,16.0,3099999.9999999995,5.7E-5,0.044,0.044,0.0,50.0,62.0,0.0,2.8E-6,3.4E-16,2.4E7,1.0,5.1E8,
4.9E-37,0.76,3600.0,2400.0,4800.0,3099999.9999999995,5600.0,4100.0,650.0,4000.0,170.0,16.0,3099999.9999999995,5.0E-5,0.044,0.044,0.0,50.0,62.0,0.0,2.8E-6,3.0E-16,2.5E7,1.0,5.1E8,
4.9E-37,0.76,3600.0,2400.0,4800.0,3099999.9999999995,5600.0,4100.0,650.0,4000.0,170.0,16.0,3099999.9999999995,5.3E-5,0.044,0.044,0.0,50.0,62.0,0.0,2.8E-6,2.8E-16,2.5E7,1.0,5.1E8,
4.9E-37,0.76,3600.0,2400.0,4800.0,3099999.9999999995,5600.0,4100.0,650.0,4000.0,170.0,16.0,3099999.9999999995,6.8E-5,0.044,0.044,0.0,50.0,62.0,0.0,2.8E-6,3.2E-16,2.3E7,1.0,5.1E8,
4.9E-37,0.76,3600.0,2400.0,4800.0,3099999.9999999995,5600.0,4100.0,650.0,4000.0,170.0,16.0,3099999.9999999995,7.5E-5,0.044,0.044,0.0,50.0,62.0,0.0,2.8E-6,3.8E-16,2.2E7,1.0,5.1E8,
4.9E-37,0.76,3600.0,2400.0,4800.0,3099999.9999999995,5600.0,4100.0,650.0,4000.0,170.0,16.0,3099999.9999999995,7.6E-5,0.044,0.044,0.0,50.0,62.0,0.0,2.8E-6,4.1E-16,2.2E7,1.0,5.1E8,
4.9E-37,0.76,3600.0,2400.0,4800.0,3099999.9999999995,5600.0,4100.0,650.0,4000.0,170.0,16.0,3099999.9999999995,7.2E-5,0.044,0.044,0.0,50.0,62.0,0.0,2.8E-6,4.1E-16,2.2E7,1.0,5.1E8,
4.9E-37,0.76,3600.0,2400.0,4800.0,3099999.9999999995,5600.0,4100.0,650.0,4000.0,170.0,16.0,3099999.9999999995,6.6E-5,0.044,0.044,0.0,50.0,62.0,0.0,2.8E-6,3.8E-16,2.3E7,1.0,5.1E8,
4.9E-37,0.76,3600.0,2400.0,4800.0,3099999.9999999995,5600.0,4100.0,650.0,4000.0,170.0,16.0,3099999.9999999995,5.9E-5,0.044,0.044,0.0,50.0,62.0,0.0,2.8E-6,3.5E-16,2.4E7,1.0,5.1E8,
4.9E-37,0.76,3600.0,2400.0,4800.0,3099999.9999999995,5600.0,4100.0,650.0,4000.0,170.0,16.0,3099999.9999999995,5.2E-5,0.044,0.044,0.0,50.0,62.0,0.0,2.8E-6,3.2E-16,2.5E7,1.0,5.1E8,
4.9E-37,0.76,3600.0,2400.0,4800.0,3099999.9999999995,5600.0,4100.0,650.0,4000.0,170.0,16.0,3099999.9999999995,4.6E-5,0.044,0.044,0.0,50.0,62.0,0.0,2.8E-6,2.8E-16,2.6E7,1.0,5.1E8,
1.3E-36,0.97,32000.0,8400.0,3100.0,3599999.9999999995,3000.0,11000.0,2100.0,8200.0,7400.0,16.0,3699999.9999999995,1.4E-5,0.42,0.42,0.0,93.0,14.0,1.1E-4,7.6E-6,3.6E-11,2.4E7,1.0,5.2E8,
6.4E-37,0.48,4500.0,820.0,3100.0,3599999.9999999995,3000.0,3600.0,2100.0,630.0,7400.0,16.0,3599999.9999999995,1.7E-5,0.39,0.39,0.0,93.0,14.0,2.1E-6,7.6E-6,8.1E-12,2.2E7,1.0,5.2E8,
6.1E-37,0.46,4400.0,820.0,3100.0,3299999.9999999995,3000.0,3600.0,2100.0,620.0,7400.0,16.0,3299999.9999999995,1.9E-5,0.38,0.38,0.0,94.0,13.0,1.0E-7,7.6E-6,4.3E-12,2.1E7,1.0,5.2E8,
5.9000000000000005E-37,0.45,4400.0,820.0,3100.0,3099999.9999999995,3000.0,3600.0,2100.0,620.0,7400.0,16.0,3099999.9999999995,2.3E-5,0.37,0.37,0.0,96.0,13.0,7.3E-10,7.6E-6,1.5E-12,1.9E7,1.0,5.2E8,
5.9000000000000005E-37,0.45,4400.0,810.0,3100.0,3099999.9999999995,3000.0,3600.0,2100.0,620.0,7400.0,16.0,3099999.9999999995,2.8E-5,0.37,0.37,0.0,96.0,13.0,1.9E-12,7.6E-6,4.6E-13,1.8E7,1.0,5.2E8,
5.9000000000000005E-37,0.45,4400.0,810.0,3100.0,3099999.9999999995,3000.0,3600.0,2100.0,620.0,7400.0,16.0,3099999.9999999995,2.9E-5,0.37,0.37,0.0,94.0,13.0,4.9E-15,7.6E-6,1.4E-13,1.8E7,1.0,5.2E8,
5.9000000000000005E-37,0.45,4400.0,810.0,3100.0,3099999.9999999995,3000.0,3600.0,2100.0,620.0,7400.0,16.0,3099999.9999999995,2.7E-5,0.37,0.37,0.0,94.0,13.0,1.3E-17,7.6E-6,4.2E-14,1.8E7,1.0,5.2E8,
5.9000000000000005E-37,0.45,4400.0,810.0,3100.0,3099999.9999999995,3000.0,3600.0,2100.0,620.0,7400.0,16.0,3099999.9999999995,2.4E-5,0.37,0.37,0.0,94.0,13.0,3.4E-20,7.6E-6,1.3E-14,1.9E7,1.0,5.2E8,
1.5E-37,0.28,6600.0,2900.0,1600.0,3599999.9999999995,3000.0,2100.0,3600.0,620.0,7400.0,16.0,3599999.9999999995,1.6,0.38,0.38,0.0,100.0,7.1,6.5E-22,8.3E-6,2.3E-11,1.9E7,1.0,5.2E8,
1.4E-37,0.27,6600.0,2900.0,1600.0,3299999.9999999995,3000.0,2100.0,3600.0,620.0,7400.0,16.0,3299999.9999999995,1.7E-5,0.37,0.37,0.0,99.0,8.3,3.3E-23,8.2E-6,1.2E-11,1.8E7,1.0,5.2E8,
1.4E-37,0.26,6600.0,2900.0,1600.0,3099999.9999999995,3000.0,2100.0,3600.0,620.0,7400.0,16.0,3099999.9999999995,1.9E-5,0.37,0.37,0.0,98.0,7.9,1.7E-24,8.2E-6,6.6E-12,1.7E7,1.0,5.2E8,
1.4E-37,0.26,6600.0,2900.0,1600.0,3099999.9999999995,3000.0,2100.0,3600.0,620.0,7400.0,16.0,3099999.9999999995,2.1E-5,0.37,0.37,0.0,98.0,7.9,4.4000000000000005E-27,8.2E-6,2.0E-12,1.7E7,1.0,5.2E8,
1.4E-37,0.26,6600.0,2900.0,1600.0,3099999.9999999995,3000.0,2100.0,3600.0,620.0,7400.0,16.0,3099999.9999999995,2.2E-5,0.37,0.37,0.0,97.0,7.9,1.2E-29,8.2E-6,6.0E-13,1.7E7,1.0,5.2E8,
1.4E-37,0.26,6600.0,2900.0,1600.0,3099999.9999999995,3000.0,2100.0,3600.0,620.0,7400.0,16.0,3099999.9999999995,2.0E-5,0.37,0.37,0.0,97.0,7.9,3.0E-32,8.2E-6,1.8E-13,1.7E7,1.0,5.2E8,
1.4E-37,0.26,6600.0,2900.0,1600.0,3099999.9999999995,3000.0,2100.0,3600.0,620.0,7400.0,16.0,3099999.9999999995,1.8E-5,0.37,0.37,0.0,95.0,7.9,8.199999999999999E-35,8.2E-6,5.4E-14,1.8E7,1.0,5.2E8,
1.4E-37,0.26,6600.0,2900.0,1600.0,3099999.9999999995,3000.0,2100.0,3600.0,620.0,7400.0,16.0,3099999.9999999995,1.5E-5,0.37,0.37,0.0,95.0,7.9,2.4E-37,8.3E-6,1.7E-14,1.9E7,1.0,5.2E8,
1.4E-37,0.26,6600.0,2900.0,1600.0,3099999.9999999995,3000.0,2100.0,3600.0,620.0,7400.0,16.0,3099999.9999999995,1.3E-5,0.37,0.37,0.0,94.0,7.9,8.5E-40,8.3E-6,5.1E-15,2.0E7,1.0,5.2E8,
1.4E-37,0.26,6600.0,2900.0,1600.0,3099999.9999999995,3000.0,2100.0,3600.0,620.0,7400.0,16.0,3099999.9999999995,1.1E-5,0.37,0.37,0.0,94.0,7.9,2.7E-42,8.3E-6,1.7E-15,2.1E7,1.0,5.2E8,
1.4E-37,0.26,6600.0,2900.0,1600.0,3099999.9999999995,3000.0,2100.0,3600.0,620.0,7400.0,16.0,3099999.9999999995,9.7E-6,0.37,0.37,0.0,93.0,7.9,8.7E-45,8.3E-6,6.2E-16,2.2E7,1.0,5.2E8,
1.4E-37,0.26,6600.0,2900.0,1600.0,3099999.9999999995,3000.0,2100.0,3600.0,620.0,7400.0,16.0,3099999.9999999995,1.3E-5,0.37,0.37,0.0,92.0,7.9,2.3E-47,8.3E-6,3.2E-16,2.0E7,1.0,5.2E8,
1.4E-37,0.26,6600.0,2900.0,1600.0,3099999.9999999995,3000.0,2100.0,3600.0,620.0,7400.0,16.0,3099999.9999999995,1.4E-5,0.37,0.37,0.0,90.0,7.9,5.9E-50,8.3E-6,2.5E-16,1.9E7,1.0,5.2E8,
1.4E-37,0.26,6600.0,2900.0,1600.0,3099999.9999999995,3000.0,2100.0,3600.0,620.0,7400.0,16.0,3099999.9999999995,1.4E-5,0.37,0.37,0.0,90.0,7.9,1.6E-52,8.3E-6,2.3E-16,1.9E7,1.0,5.2E8,
1.4E-37,0.26,6600.0,2900.0,1600.0,3099999.9999999995,3000.0,2100.0,3600.0,620.0,7400.0,16.0,3099999.9999999995,1.3E-5,0.37,0.37,0.0,90.0,7.9,4.1E-55,8.4E-6,2.2E-16,2.0E7,1.0,5.2E8,
1.4E-37,0.26,6600.0,2900.0,1600.0,3099999.9999999995,3000.0,2100.0,3600.0,620.0,7400.0,16.0,3099999.9999999995,1.2E-5,0.37,0.37,0.0,90.0,7.9,4.2000000000000005E-57,8.4E-6,2.1E-16,2.0E7,1.0,5.2E8,
1.4E-37,0.26,6600.0,2900.0,1600.0,3099999.9999999995,3000.0,2100.0,3600.0,620.0,7400.0,16.0,3099999.9999999995,1.0E-5,0.37,0.37,0.0,90.0,7.9,3.1000000000000003E-58,8.4E-6,1.9E-16,2.1E7,1.0,5.2E8,
1.4E-37,0.26,6600.0,2900.0,1600.0,3099999.9999999995,3000.0,2100.0,3600.0,620.0,7400.0,16.0,3099999.9999999995,9.1E-6,0.37,0.37,0.0,89.0,7.9,0.0,8.4E-6,1.6E-16,2.2E7,1.0,5.2E8,
1.4E-37,0.26,6600.0,2900.0,1600.0,3099999.9999999995,3000.0,2100.0,3600.0,620.0,7400.0,16.0,3099999.9999999995,7.9E-6,0.37,0.37,0.0,88.0,7.9,1.9000000000000002E-58,8.4E-6,1.4E-16,2.4E7,1.0,5.2E8,
1.4E-37,0.26,6600.0,2900.0,1600.0,3099999.9999999995,3000.0,2100.0,3600.0,620.0,7400.0,16.0,3099999.9999999995,9.4E-6,0.37,0.37,0.0,88.0,7.9,0.0,8.4E-6,1.4E-16,2.2E7,1.0,5.2E8,
1.4E-37,0.26,6600.0,2900.0,1600.0,3099999.9999999995,3000.0,2100.0,3600.0,620.0,7400.0,16.0,3099999.9999999995,1.1E-5,0.37,0.37,0.0,88.0,7.9,0.0,8.5E-6,1.6E-16,2.1E7,1.0,5.2E8,
1.4E-37,0.26,6600.0,2900.0,1600.0,3099999.9999999995,3000.0,2100.0,3600.0,620.0,7400.0,16.0,3099999.9999999995,1.2E-5,0.37,0.37,0.0,88.0,7.9,0.0,8.5E-6,1.8E-16,2.0E7,1.0,5.2E8,
1.4E-37,0.26,6600.0,2900.0,1600.0,3099999.9999999995,3000.0,2100.0,3600.0,620.0,7400.0,16.0,3099999.9999999995,1.1E-5,0.37,0.37,0.0,88.0,7.9,0.0,8.5E-6,1.9E-16,2.1E7,1.0,5.2E8,
1.4E-37,0.26,6600.0,2900.0,1600.0,3099999.9999999995,3000.0,2100.0,3600.0,620.0,7400.0,16.0,3099999.9999999995,1.1E-5,0.37,0.37,0.0,88.0,7.9,0.0,8.5E-6,1.8E-16,2.1E7,1.0,5.2E8,
1.4E-37,0.26,6600.0,2900.0,1600.0,3099999.9999999995,3000.0,2100.0,3600.0,620.0,7400.0,16.0,3099999.9999999995,9.4E-6,0.37,0.37,0.0,88.0,7.9,0.0,8.5E-6,1.7E-16,2.2E7,1.0,5.2E8,
1.4E-37,0.26,6600.0,2900.0,1600.0,3099999.9999999995,3000.0,2100.0,3600.0,620.0,7400.0,16.0,3099999.9999999995,8.3E-6,0.37,0.37,0.0,88.0,7.9,0.0,8.5E-6,1.5E-16,2.3E7,1.0,5.2E8,
1.4E-37,0.26,6600.0,2900.0,1600.0,3099999.9999999995,3000.0,2100.0,3600.0,620.0,7400.0,16.0,3099999.9999999995,7.3E-6,0.37,0.37,0.0,87.0,7.9,0.0,8.6E-6,1.3E-16,2.4E7,1.0,5.2E8,
1.4E-37,0.26,6600.0,2900.0,1600.0,3099999.9999999995,3000.0,2100.0,3600.0,620.0,7400.0,16.0,3099999.9999999995,7.6E-6,0.37,0.37,0.0,86.0,7.9,0.0,8.6E-6,1.2E-16,2.4E7,1.0,5.2E8,
1.4E-37,0.26,6600.0,2900.0,1600.0,3099999.9999999995,3000.0,2100.0,3600.0,620.0,7400.0,16.0,3099999.9999999995,9.7E-6,0.37,0.37,0.0,86.0,7.9,0.0,8.6E-6,1.4E-16,2.2E7,1.0,5.2E8,
1.4E-37,0.26,6600.0,2900.0,1600.0,3099999.9999999995,3000.0,2100.0,3600.0,620.0,7400.0,16.0,3099999.9999999995,1.1E-5,0.37,0.37,0.0,86.0,7.9,0.0,8.6E-6,1.6E-16,2.1E7,1.0,5.2E8,
1.4E-37,0.26,6600.0,2900.0,1600.0,3099999.9999999995,3000.0,2100.0,3600.0,620.0,7400.0,16.0,3099999.9999999995,1.1E-5,0.37,0.37,0.0,86.0,7.9,0.0,8.6E-6,1.7E-16,2.1E7,1.0,5.2E8,
1.4E-37,0.26,6600.0,2900.0,1600.0,3099999.9999999995,3000.0,2100.0,3600.0,620.0,7400.0,16.0,3099999.9999999995,1.0E-5,0.37,0.37,0.0,84.0,7.9,0.0,8.6E-6,1.7E-16,2.2E7,1.0,5.2E8,
1.4E-37,0.26,6600.0,2900.0,1600.0,3099999.9999999995,3000.0,2100.0,3600.0,620.0,7400.0,16.0,3099999.9999999995,9.1E-6,0.37,0.37,0.0,84.0,7.9,0.0,8.7E-6,1.6E-16,2.2E7,1.0,5.2E8,
2.6000000000000002E-37,0.6,15000.0,2900.0,8200.0,3699999.9999999995,3000.0,2100.0,3600.0,4100.0,680.0,16.0,3799999.9999999995,5.1E-5,0.71,0.71,0.0,97.0,44.0,1.5E-13,2.1E-5,3.6E-10,2.3E7,1.0,5.3E8,
1.2E-37,0.28,2200.0,2900.0,630.0,3399999.9999999995,3000.0,2100.0,3600.0,4100.0,680.0,16.0,3399999.9999999995,2.0E-5,0.56,0.56,0.0,97.0,15.0,2.1E-14,2.1E-5,1.1E-10,2.2E7,1.0,5.2E8,
1.2E-37,0.27,2200.0,2900.0,630.0,3099999.9999999995,3000.0,2000.0,3600.0,4100.0,680.0,16.0,3099999.9999999995,2.2E-5,0.53,0.53,0.0,98.0,14.0,3.8E-16,2.1E-5,4.8E-11,2.0E7,1.0,5.2E8,
1.2E-37,0.27,2200.0,2900.0,630.0,3099999.9999999995,3000.0,2000.0,3600.0,4100.0,680.0,16.0,3099999.9999999995,2.8E-5,0.53,0.53,0.0,97.0,14.0,3.6E-19,2.1E-5,1.2E-11,1.8E7,1.0,5.2E8,
2.7E-36,3.7,2200.0,68000.0,3400.0,3699999.9999999995,3000.0,2000.0,3600.0,4100.0,680.0,16.0,3799999.9999999995,24.0,0.76,0.76,0.0,100.0,16.0,2.5E-21,2.1E-5,1.4E-10,1.8E7,1.0,5.3E8,
3.2E-37,0.44,2200.0,2200.0,3400.0,3299999.9999999995,3000.0,2000.0,3600.0,4100.0,680.0,16.0,3299999.9999999995,9.1E-5,0.3,0.3,0.0,100.0,38.0,1.3E-22,2.1E-5,9.2E-12,1.7E7,1.0,5.2E8,
3.2E-37,0.43,2200.0,2200.0,3400.0,3199999.9999999995,3000.0,2000.0,3600.0,4100.0,680.0,15.0,3199999.9999999995,1.1E-4,0.29,0.29,0.0,100.0,37.0,9.1E-25,2.1E-5,3.3E-12,1.6E7,1.0,5.2E8,
3.1E-37,0.43,2200.0,2200.0,3400.0,3099999.9999999995,3000.0,2000.0,3600.0,4100.0,680.0,15.0,3099999.9999999995,1.2E-4,0.29,0.29,0.0,100.0,36.0,6.3E-27,2.1E-5,1.2E-12,1.5E7,1.0,5.2E8,
3.1E-37,0.43,2200.0,2200.0,3400.0,3099999.9999999995,3000.0,2000.0,3600.0,4100.0,680.0,15.0,3099999.9999999995,1.4E-4,0.29,0.29,0.0,100.0,36.0,1.5999999999999999E-29,2.1E-5,3.7E-13,1.5E7,1.0,5.2E8,
3.1E-37,0.43,2200.0,2200.0,3400.0,3099999.9999999995,3000.0,2000.0,3600.0,4100.0,680.0,15.0,3099999.9999999995,1.3E-4,0.29,0.29,0.0,99.0,36.0,4.2000000000000004E-32,2.1E-5,1.2E-13,1.5E7,1.0,5.2E8,
2.3E-37,0.35,6700.0,3800.0,950.0,3699999.9999999995,3000.0,2000.0,3600.0,4000.0,680.0,16.0,3699999.9999999995,0.046,0.27,0.27,0.0,100.0,22.0,2.1999999999999997E-25,2.2E-5,9.6E-13,1.5E7,1.0,5.3E8,
2.2E-37,0.34,6600.0,3800.0,950.0,3399999.9999999995,3000.0,2000.0,3600.0,4000.0,670.0,15.0,3399999.9999999995,8.3E-5,0.25,0.25,0.0,100.0,20.0,1.5E-27,2.1E-5,3.4E-13,1.4E7,1.0,5.2E8,
2.2E-37,0.34,6600.0,3800.0,950.0,3299999.9999999995,2900.0,2000.0,3600.0,4000.0,670.0,15.0,3299999.9999999995,9.0E-5,0.24,0.24,0.0,100.0,20.0,2.8999999999999997E-29,2.1E-5,1.5E-13,1.4E7,1.0,5.2E8,
2.1E-37,0.33,6600.0,3800.0,950.0,3199999.9999999995,2900.0,2000.0,3600.0,4000.0,670.0,15.0,3199999.9999999995,9.7E-5,0.24,0.24,0.0,100.0,20.0,1.9999999999999997E-31,2.1E-5,5.8E-14,1.3E7,1.0,5.2E8,
2.1E-37,0.33,6600.0,3800.0,950.0,3099999.9999999995,2900.0,2000.0,3600.0,4000.0,670.0,15.0,3099999.9999999995,1.0E-4,0.24,0.24,0.0,100.0,19.0,1.4000000000000001E-33,2.1E-5,2.4E-14,1.3E7,1.0,5.2E8,
2.1E-37,0.33,6600.0,3800.0,950.0,3099999.9999999995,2900.0,2000.0,3600.0,4000.0,670.0,15.0,3099999.9999999995,1.0E-4,0.24,0.24,0.0,100.0,19.0,3.6E-36,2.1E-5,1.0E-14,1.3E7,1.0,5.2E8,
4.5E-37,0.88,18000.0,24000.0,7600.0,3699999.9999999995,2900.0,2000.0,3600.0,4000.0,670.0,16.0,3699999.9999999995,1.2E-4,0.35,0.35,0.0,100.0,24.0,2.6E-38,2.2E-5,1.1E-10,1.3E7,1.0,5.3E8,
6.7E-38,0.13,5000.0,1800.0,5.1,3599999.9999999995,2900.0,2000.0,3500.0,4000.0,670.0,15.0,3599999.9999999995,1.9E-5,0.21,0.21,0.0,110.0,7.5,5.1E-40,2.2E-5,7.3E-12,1.3E7,1.0,5.3E8,
6.300000000000001E-38,0.13,5000.0,1800.0,5.1,3299999.9999999995,2900.0,2000.0,3500.0,4000.0,670.0,15.0,3299999.9999999995,3.9E-5,0.19,0.19,0.0,110.0,6.9,2.6E-41,2.2E-5,3.8E-12,1.3E7,1.0,5.2E8,
6.100000000000001E-38,0.12,4900.0,1800.0,5.1,3099999.9999999995,2900.0,2000.0,3500.0,4000.0,670.0,15.0,3099999.9999999995,4.0E-5,0.19,0.19,0.0,110.0,6.6,4.7999999999999996E-43,2.2E-5,1.7E-12,1.3E7,1.0,5.2E8,
6.100000000000001E-38,0.12,4900.0,1800.0,5.1,3099999.9999999995,2900.0,2000.0,3500.0,4000.0,670.0,15.0,3099999.9999999995,4.0E-5,0.19,0.19,0.0,110.0,6.6,1.2E-45,2.2E-5,5.0E-13,1.2E7,1.0,5.2E8,
6.100000000000001E-38,0.12,4900.0,1800.0,5.1,3099999.9999999995,2900.0,2000.0,3500.0,4000.0,670.0,15.0,3099999.9999999995,3.6E-5,0.19,0.19,0.0,100.0,6.6,3.2000000000000004E-48,2.2E-5,1.5E-13,1.3E7,1.0,5.2E8,
6.100000000000001E-38,0.12,4900.0,1800.0,5.1,3099999.9999999995,2900.0,2000.0,3500.0,4000.0,670.0,15.0,3099999.9999999995,3.1E-5,0.19,0.19,0.0,100.0,6.6,8.2E-51,2.2E-5,4.7E-14,1.4E7,1.0,5.2E8,
6.100000000000001E-38,0.12,4900.0,1800.0,5.1,3099999.9999999995,2900.0,2000.0,3500.0,4000.0,670.0,15.0,3099999.9999999995,2.6E-5,0.19,0.19,0.0,100.0,6.6,2.1E-53,2.2E-5,1.5E-14,1.5E7,1.0,5.2E8,
6.100000000000001E-38,0.12,4900.0,1800.0,5.1,3099999.9999999995,2900.0,2000.0,3500.0,4000.0,670.0,15.0,3099999.9999999995,2.1E-5,0.19,0.19,0.0,100.0,6.6,5.7E-56,2.2E-5,5.2E-15,1.6E7,1.0,5.2E8,
6.100000000000001E-38,0.12,4900.0,1800.0,5.1,3099999.9999999995,2900.0,2000.0,3500.0,4000.0,670.0,15.0,3099999.9999999995,1.7E-5,0.19,0.19,0.0,100.0,6.6,2.8E-58,2.2E-5,2.1E-15,1.7E7,1.0,5.2E8,
6.100000000000001E-38,0.12,4900.0,1800.0,5.1,3099999.9999999995,2900.0,2000.0,3500.0,4000.0,670.0,15.0,3099999.9999999995,1.4E-5,0.19,0.19,0.0,100.0,6.6,3.2E-61,2.2E-5,1.1E-15,1.8E7,1.0,5.2E8,
6.100000000000001E-38,0.12,4900.0,1800.0,5.1,3099999.9999999995,2900.0,2000.0,3500.0,4000.0,670.0,15.0,3099999.9999999995,1.2E-5,0.19,0.19,0.0,100.0,6.6,2.3E-63,2.2E-5,7.1E-16,1.9E7,1.0,5.2E8,
3.4E-37,0.71,4900.0,15000.0,5.1,3599999.9999999995,2900.0,2000.0,3500.0,4000.0,670.0,16.0,3699999.9999999995,5.0E-5,0.36,0.36,0.0,110.0,13.0,0.0,2.3E-5,5.6E-13,1.8E7,1.0,5.3E8,
1.0E-37,0.22,4900.0,1900.0,5.1,3599999.9999999995,2900.0,2000.0,3500.0,4000.0,670.0,15.0,3599999.9999999995,3.4E-5,0.28,0.28,0.0,110.0,13.0,0.0,2.3E-5,6.4E-14,1.7E7,1.0,5.3E8,
9.6E-38,0.2,4900.0,1900.0,5.0,3199999.9999999995,2900.0,2000.0,3500.0,4000.0,660.0,15.0,3199999.9999999995,3.4E-5,0.25,0.25,0.0,110.0,12.0,0.0,2.2E-5,3.3E-14,1.6E7,1.0,5.2E8,
9.400000000000001E-38,0.2,4900.0,1900.0,5.0,3099999.9999999995,2900.0,2000.0,3500.0,3900.0,660.0,15.0,3099999.9999999995,3.8E-5,0.25,0.25,0.0,110.0,11.0,0.0,2.2E-5,1.5E-14,1.6E7,1.0,5.2E8,
9.400000000000001E-38,0.2,4900.0,1900.0,5.0,3099999.9999999995,2900.0,2000.0,3500.0,3900.0,660.0,15.0,3099999.9999999995,4.0E-5,0.25,0.25,0.0,110.0,11.0,0.0,2.2E-5,5.8E-15,1.5E7,1.0,5.2E8,
9.400000000000001E-38,0.2,4900.0,1900.0,5.0,3099999.9999999995,2900.0,2000.0,3500.0,3900.0,660.0,15.0,3099999.9999999995,3.7E-5,0.25,0.25,0.0,110.0,11.0,0.0,2.2E-5,2.9E-15,1.6E7,1.0,5.2E8,
9.400000000000001E-38,0.2,4900.0,1900.0,5.0,3099999.9999999995,2900.0,2000.0,3500.0,3900.0,660.0,15.0,3099999.9999999995,3.3E-5,0.25,0.25,0.0,110.0,11.0,0.0,2.2E-5,1.9E-15,1.6E7,1.0,5.2E8,
9.400000000000001E-38,0.2,4900.0,1900.0,5.0,3099999.9999999995,2900.0,2000.0,3500.0,3900.0,660.0,15.0,3099999.9999999995,2.9E-5,0.25,0.25,0.0,110.0,11.0,0.0,2.2E-5,1.5E-15,1.7E7,1.0,5.2E8,
9.400000000000001E-38,0.2,4900.0,1900.0,5.0,3099999.9999999995,2900.0,2000.0,3500.0,3900.0,660.0,15.0,3099999.9999999995,2.4E-5,0.25,0.25,0.0,110.0,11.0,0.0,2.2E-5,1.2E-15,1.8E7,1.0,5.2E8,
9.400000000000001E-38,0.2,4900.0,1900.0,5.0,3099999.9999999995,2900.0,2000.0,3500.0,3900.0,660.0,15.0,3099999.9999999995,2.1E-5,0.25,0.25,0.0,110.0,11.0,0.0,2.3E-5,1.0E-15,1.9E7,1.0,5.2E8,
9.400000000000001E-38,0.2,4900.0,1900.0,5.0,3099999.9999999995,2900.0,2000.0,3500.0,3900.0,660.0,15.0,3099999.9999999995,1.8E-5,0.25,0.25,0.0,110.0,11.0,0.0,2.3E-5,8.8E-16,2.0E7,1.0,5.2E8,
9.400000000000001E-38,0.2,4900.0,1900.0,5.0,3099999.9999999995,2900.0,2000.0,3500.0,3900.0,660.0,15.0,3099999.9999999995,1.7E-5,0.25,0.25,0.0,110.0,11.0,0.0,2.3E-5,7.6E-16,2.0E7,1.0,5.2E8,
9.400000000000001E-38,0.2,4900.0,1900.0,5.0,3099999.9999999995,2900.0,2000.0,3500.0,3900.0,660.0,15.0,3099999.9999999995,2.1E-5,0.25,0.25,0.0,100.0,11.0,0.0,2.3E-5,8.3E-16,1.9E7,1.0,5.2E8,
5.2000000000000004E-37,0.98,12000.0,18000.0,2400.0,3699999.9999999995,2900.0,2000.0,3500.0,3900.0,1800.0,15.0,3699999.9999999995,0.16,0.52,0.52,0.0,130.0,14.0,0.0,3.0E-5,7.9E-11,1.9E7,1.0,5.3E8,
1.4E-37,0.26,4000.0,690.0,2400.0,3299999.9999999995,2900.0,2000.0,3500.0,3900.0,1800.0,15.0,3399999.9999999995,3.0E-5,0.37,0.37,0.0,130.0,13.0,0.0,2.9E-5,1.1E-11,1.8E7,1.0,5.3E8,
1.3000000000000001E-37,0.25,4000.0,690.0,2400.0,3099999.9999999995,2900.0,2000.0,3500.0,3900.0,1800.0,15.0,3199999.9999999995,3.4E-5,0.36,0.36,0.0,130.0,13.0,0.0,2.9E-5,5.0E-12,1.7E7,1.0,5.3E8,
1.3000000000000001E-37,0.25,4000.0,690.0,2400.0,3099999.9999999995,2900.0,2000.0,3500.0,3900.0,1800.0,15.0,3199999.9999999995,3.9E-5,0.36,0.36,0.0,130.0,13.0,0.0,2.9E-5,1.5E-12,1.6E7,1.0,5.3E8,
1.3000000000000001E-37,0.25,4000.0,690.0,2400.0,3099999.9999999995,2900.0,2000.0,3500.0,3900.0,1800.0,15.0,3199999.9999999995,4.0E-5,0.36,0.36,0.0,130.0,13.0,0.0,2.9E-5,4.5E-13,1.6E7,1.0,5.3E8,
1.3000000000000001E-37,0.25,4000.0,690.0,2400.0,3099999.9999999995,2900.0,2000.0,3500.0,3900.0,1800.0,15.0,3199999.9999999995,3.7E-5,0.36,0.36,0.0,130.0,13.0,0.0,2.9E-5,1.4E-13,1.7E7,1.0,5.3E8,
1.3000000000000001E-37,0.25,4000.0,690.0,2400.0,3099999.9999999995,2900.0,2000.0,3500.0,3900.0,1800.0,15.0,3199999.9999999995,3.2E-5,0.36,0.36,0.0,130.0,13.0,0.0,2.9E-5,4.3E-14,1.7E7,1.0,5.3E8,
1.3000000000000001E-37,0.25,4000.0,690.0,2400.0,3099999.9999999995,2900.0,2000.0,3500.0,3900.0,1800.0,15.0,3199999.9999999995,2.8E-5,0.36,0.36,0.0,130.0,13.0,0.0,2.9E-5,1.4E-14,1.8E7,1.0,5.3E8,
1.3000000000000001E-37,0.25,4000.0,690.0,2400.0,3099999.9999999995,2900.0,2000.0,3500.0,3900.0,1800.0,15.0,3199999.9999999995,2.4E-5,0.36,0.36,0.0,130.0,13.0,0.0,2.9E-5,5.2E-15,1.9E7,1.0,5.3E8,
1.3000000000000001E-37,0.25,4000.0,690.0,2400.0,3099999.9999999995,2900.0,2000.0,3500.0,3900.0,1800.0,15.0,3199999.9999999995,2.0E-5,0.36,0.36,0.0,130.0,13.0,0.0,2.9E-5,2.4E-15,2.0E7,1.0,5.3E8,
1.3000000000000001E-37,0.25,4000.0,690.0,2400.0,3099999.9999999995,2900.0,2000.0,3500.0,3900.0,1800.0,15.0,3199999.9999999995,1.7E-5,0.36,0.36,0.0,130.0,13.0,0.0,2.9E-5,1.4E-15,2.2E7,1.0,5.3E8,
1.3000000000000001E-37,0.25,4000.0,690.0,2400.0,3099999.9999999995,2900.0,2000.0,3500.0,3900.0,1800.0,15.0,3199999.9999999995,2.1E-5,0.36,0.36,0.0,130.0,13.0,0.0,2.9E-5,1.2E-15,2.0E7,1.0,5.3E8,
1.3000000000000001E-37,0.25,4000.0,690.0,2400.0,3099999.9999999995,2900.0,2000.0,3500.0,3900.0,1800.0,15.0,3199999.9999999995,2.4E-5,0.36,0.36,0.0,130.0,13.0,0.0,2.9E-5,1.3E-15,1.9E7,1.0,5.3E8,
1.3000000000000001E-37,0.25,4000.0,690.0,2400.0,3099999.9999999995,2900.0,2000.0,3500.0,3900.0,1800.0,15.0,3199999.9999999995,2.4E-5,0.36,0.36,0.0,130.0,13.0,0.0,2.9E-5,1.3E-15,1.9E7,1.0,5.3E8,
1.3000000000000001E-37,0.25,4000.0,690.0,2400.0,3099999.9999999995,2900.0,2000.0,3500.0,3900.0,1800.0,15.0,3199999.9999999995,2.2E-5,0.36,0.36,0.0,130.0,13.0,0.0,3.0E-5,1.3E-15,2.0E7,1.0,5.3E8,
1.3000000000000001E-37,0.25,4000.0,690.0,2400.0,3099999.9999999995,2900.0,2000.0,3500.0,3900.0,1800.0,15.0,3199999.9999999995,2.0E-5,0.36,0.36,0.0,130.0,13.0,0.0,3.0E-5,1.2E-15,2.0E7,1.0,5.3E8,
1.3000000000000001E-37,0.25,4000.0,690.0,2400.0,3099999.9999999995,2900.0,2000.0,3500.0,3900.0,1800.0,15.0,3199999.9999999995,1.8E-5,0.36,0.36,0.0,130.0,13.0,0.0,3.0E-5,1.1E-15,2.1E7,1.0,5.3E8,
1.3000000000000001E-37,0.25,4000.0,690.0,2400.0,3099999.9999999995,2900.0,2000.0,3500.0,3900.0,1800.0,15.0,3199999.9999999995,1.6E-5,0.36,0.36,0.0,130.0,13.0,0.0,3.0E-5,9.8E-16,2.2E7,1.0,5.3E8,
1.3000000000000001E-37,0.25,4000.0,690.0,2400.0,3099999.9999999995,2900.0,2000.0,3500.0,3900.0,1800.0,15.0,3199999.9999999995,1.4E-5,0.36,0.36,0.0,120.0,13.0,0.0,3.0E-5,8.6E-16,2.4E7,1.0,5.3E8,
1.3000000000000001E-37,0.25,4000.0,690.0,2400.0,3099999.9999999995,2900.0,2000.0,3500.0,3900.0,1800.0,15.0,3199999.9999999995,1.5E-5,0.36,0.36,0.0,120.0,13.0,0.0,3.0E-5,7.9E-16,2.3E7,1.0,5.3E8,
1.3000000000000001E-37,0.25,4000.0,690.0,2400.0,3099999.9999999995,2900.0,2000.0,3500.0,3900.0,1800.0,15.0,3199999.9999999995,1.8E-5,0.36,0.36,0.0,120.0,13.0,0.0,3.0E-5,9.1E-16,2.1E7,1.0,5.3E8,
1.3000000000000001E-37,0.25,4000.0,690.0,2400.0,3099999.9999999995,2900.0,2000.0,3500.0,3900.0,1800.0,15.0,3199999.9999999995,2.0E-5,0.36,0.36,0.0,120.0,13.0,0.0,3.0E-5,1.0E-15,2.1E7,1.0,5.3E8,
1.3000000000000001E-37,0.25,4000.0,690.0,2400.0,3099999.9999999995,2900.0,2000.0,3500.0,3900.0,1800.0,15.0,3199999.9999999995,1.9E-5,0.36,0.36,0.0,120.0,13.0,0.0,3.0E-5,1.1E-15,2.1E7,1.0,5.3E8,
1.3000000000000001E-37,0.25,4000.0,690.0,2400.0,3099999.9999999995,2900.0,2000.0,3500.0,3900.0,1800.0,15.0,3199999.9999999995,1.8E-5,0.36,0.36,0.0,120.0,13.0,0.0,3.0E-5,1.0E-15,2.1E7,1.0,5.3E8,
1.3000000000000001E-37,0.25,4000.0,690.0,2400.0,3099999.9999999995,2900.0,2000.0,3500.0,3900.0,1800.0,15.0,3199999.9999999995,1.6E-5,0.36,0.36,0.0,120.0,13.0,0.0,3.0E-5,9.7E-16,2.2E7,1.0,5.3E8,
1.3000000000000001E-37,0.25,4000.0,690.0,2400.0,3099999.9999999995,2900.0,2000.0,3500.0,3900.0,1800.0,15.0,3199999.9999999995,1.4E-5,0.36,0.36,0.0,120.0,13.0,0.0,3.0E-5,8.7E-16,2.3E7,1.0,5.3E8,
1.3000000000000001E-37,0.25,4000.0,690.0,2400.0,3099999.9999999995,2900.0,2000.0,3500.0,3900.0,1800.0,15.0,3199999.9999999995,1.2E-5,0.36,0.36,0.0,120.0,13.0,0.0,3.0E-5,7.8E-16,2.4E7,1.0,5.3E8,
1.3000000000000001E-37,0.25,4000.0,690.0,2400.0,3099999.9999999995,2900.0,2000.0,3500.0,3900.0,1800.0,15.0,3199999.9999999995,1.2E-5,0.36,0.36,0.0,120.0,13.0,0.0,3.0E-5,6.9E-16,2.5E7,1.0,5.3E8,
1.3000000000000001E-37,0.25,4000.0,690.0,2400.0,3099999.9999999995,2900.0,2000.0,3500.0,3900.0,1800.0,15.0,3199999.9999999995,1.5E-5,0.36,0.36,0.0,120.0,13.0,0.0,3.0E-5,7.6E-16,2.3E7,1.0,5.3E8,
1.3000000000000001E-37,0.25,4000.0,690.0,2400.0,3099999.9999999995,2900.0,2000.0,3500.0,3900.0,1800.0,15.0,3199999.9999999995,1.7E-5,0.36,0.36,0.0,120.0,13.0,0.0,3.0E-5,8.9E-16,2.2E7,1.0,5.3E8,
1.3000000000000001E-37,0.25,4000.0,690.0,2400.0,3099999.9999999995,2900.0,2000.0,3500.0,3900.0,1800.0,15.0,3199999.9999999995,1.8E-5,0.36,0.36,0.0,120.0,13.0,0.0,3.0E-5,9.7E-16,2.2E7,1.0,5.3E8,
1.3000000000000001E-37,0.25,4000.0,690.0,2400.0,3099999.9999999995,2900.0,2000.0,3500.0,3900.0,1800.0,15.0,3199999.9999999995,1.7E-5,0.36,0.36,0.0,120.0,13.0,0.0,3.0E-5,9.7E-16,2.2E7,1.0,5.3E8,
1.3000000000000001E-37,0.25,4000.0,690.0,2400.0,3099999.9999999995,2900.0,2000.0,3500.0,3900.0,1800.0,15.0,3199999.9999999995,1.5E-5,0.36,0.36,0.0,120.0,13.0,0.0,3.0E-5,9.2E-16,2.3E7,1.0,5.3E8,
1.3000000000000001E-37,0.25,4000.0,690.0,2400.0,3099999.9999999995,2900.0,2000.0,3500.0,3900.0,1800.0,15.0,3199999.9999999995,1.4E-5,0.36,0.36,0.0,120.0,13.0,0.0,3.0E-5,8.4E-16,2.4E7,1.0,5.3E8,
1.3000000000000001E-37,0.25,4000.0,690.0,2400.0,3099999.9999999995,2900.0,2000.0,3500.0,3900.0,1800.0,15.0,3199999.9999999995,1.2E-5,0.36,0.36,0.0,120.0,13.0,0.0,3.0E-5,7.5E-16,2.5E7,1.0,5.3E8,
1.3000000000000001E-37,0.25,4000.0,690.0,2400.0,3099999.9999999995,2900.0,2000.0,3500.0,3900.0,1800.0,15.0,3199999.9999999995,1.1E-5,0.36,0.36,0.0,120.0,13.0,0.0,3.0E-5,6.7E-16,2.6E7,1.0,5.3E8,
1.3000000000000001E-37,0.25,4000.0,690.0,2400.0,3099999.9999999995,2900.0,2000.0,3500.0,3900.0,1800.0,15.0,3199999.9999999995,1.4E-5,0.36,0.36,0.0,120.0,13.0,0.0,3.0E-5,6.8E-16,2.4E7,1.0,5.3E8,
1.3000000000000001E-37,0.25,4000.0,690.0,2400.0,3099999.9999999995,2900.0,2000.0,3500.0,3900.0,1800.0,15.0,3199999.9999999995,1.6E-5,0.36,0.36,0.0,120.0,13.0,0.0,3.0E-5,8.1E-16,2.2E7,1.0,5.3E8,
1.3000000000000001E-37,0.25,4000.0,690.0,2400.0,3099999.9999999995,2900.0,2000.0,3500.0,3900.0,1800.0,15.0,3199999.9999999995,1.7E-5,0.36,0.36,0.0,120.0,13.0,0.0,3.0E-5,9.1E-16,2.2E7,1.0,5.3E8,
1.6E-36,2.2,22000.0,21000.0,20000.0,3699999.9999999995,2900.0,2000.0,3500.0,3900.0,1800.0,15.0,3799999.9999999995,3.3E-5,0.42,0.42,0.0,140.0,56.0,3.8E-8,3.7E-5,1.0E-10,2.1E7,1.0,5.4E8,
3.6E-37,0.47,4900.0,3500.0,2700.0,3699999.9999999995,2900.0,2000.0,3500.0,3900.0,1800.0,15.0,3699999.9999999995,2.8E-5,0.27,0.27,0.0,140.0,15.0,2.7E-10,3.7E-5,8.2E-12,1.9E7,1.0,5.4E8,
3.5E-37,0.47,4900.0,3500.0,2700.0,3599999.9999999995,2900.0,2000.0,3500.0,3900.0,1800.0,15.0,3599999.9999999995,3.4E-5,0.26,0.26,0.0,140.0,15.0,1.9E-12,3.7E-5,3.0E-12,1.8E7,1.0,5.3E8,
3.4E-37,0.45,4900.0,3500.0,2700.0,3099999.9999999995,2900.0,2000.0,3500.0,3900.0,1800.0,15.0,3199999.9999999995,3.7E-5,0.24,0.24,0.0,140.0,14.0,3.6E-14,3.7E-5,1.3E-12,1.7E7,1.0,5.3E8,
3.4E-37,0.45,4900.0,3500.0,2700.0,3099999.9999999995,2900.0,2000.0,3500.0,3900.0,1800.0,15.0,3199999.9999999995,4.2E-5,0.24,0.24,0.0,140.0,14.0,9.2E-17,3.7E-5,3.9E-13,1.6E7,1.0,5.3E8,
3.4E-37,0.45,4900.0,3500.0,2700.0,3099999.9999999995,2900.0,2000.0,3500.0,3900.0,1800.0,15.0,3199999.9999999995,4.3E-5,0.24,0.24,0.0,140.0,14.0,2.4E-19,3.7E-5,1.2E-13,1.6E7,1.0,5.3E8,
3.4E-37,0.45,4900.0,3500.0,2700.0,3099999.9999999995,2900.0,2000.0,3500.0,3900.0,1800.0,15.0,3199999.9999999995,4.0E-5,0.24,0.24,0.0,140.0,14.0,6.2E-22,3.7E-5,3.8E-14,1.6E7,1.0,5.3E8,
3.4E-37,0.45,4900.0,3500.0,2700.0,3099999.9999999995,2900.0,2000.0,3500.0,3900.0,1800.0,15.0,3199999.9999999995,3.6E-5,0.24,0.24,0.0,140.0,14.0,1.5999999999999999E-24,3.7E-5,1.3E-14,1.7E7,1.0,5.3E8,
3.4E-37,0.45,4800.0,3500.0,2700.0,3099999.9999999995,2900.0,2000.0,3500.0,3900.0,1800.0,15.0,3199999.9999999995,3.1E-5,0.24,0.24,0.0,140.0,14.0,4.8E-27,3.7E-5,5.6E-15,1.8E7,1.0,5.3E8,
4.3E-37,0.78,19000.0,13000.0,3900.0,3999999.9999999995,2900.0,2000.0,3500.0,3900.0,1800.0,15.0,3999999.9999999995,7.4E-5,0.23,0.23,0.0,170.0,24.0,9.1E-22,4.4E-5,1.5E-10,1.9E7,1.0,5.4E8,
1.7E-37,0.3,1400.0,690.0,3900.0,3699999.9999999995,2900.0,2000.0,3500.0,3900.0,1800.0,15.0,3699999.9999999995,5.6E-5,0.18,0.18,0.0,170.0,23.0,4.6E-23,4.4E-5,3.2E-11,1.8E7,1.0,5.4E8,
2.0E-37,0.35,44000.0,4300.0,550.0,3999999.9999999995,1200.0,2000.0,3500.0,3900.0,1800.0,15.0,3999999.9999999995,2.2E-5,0.17,0.17,0.0,170.0,4.7,210.0,4.5E-5,1.3E-11,1.7E7,1.0,5.4E8,
1.9E-37,0.34,6400.0,4300.0,550.0,3599999.9999999995,1200.0,2000.0,3500.0,3900.0,1800.0,15.0,3699999.9999999995,1.3E-5,0.16,0.16,0.0,170.0,4.3,79.0,4.4E-5,1.0E-11,1.7E7,1.0,5.4E8,
1.8E-37,0.32,6400.0,4300.0,550.0,3299999.9999999995,1200.0,2000.0,3500.0,3900.0,1800.0,15.0,3299999.9999999995,1.3E-5,0.15,0.15,0.0,170.0,3.9,4.0,4.4E-5,5.4E-12,1.6E7,1.0,5.4E8,
1.8E-37,0.32,6400.0,4300.0,550.0,3199999.9999999995,1200.0,2000.0,3500.0,3900.0,1800.0,15.0,3199999.9999999995,1.4E-5,0.15,0.15,0.0,170.0,3.8,0.076,4.4E-5,2.4E-12,1.5E7,1.0,5.4E8,
1.8E-37,0.32,6400.0,4300.0,550.0,3199999.9999999995,1200.0,2000.0,3500.0,3900.0,1800.0,15.0,3199999.9999999995,1.4E-5,0.15,0.15,0.0,170.0,3.8,2.0E-4,4.4E-5,7.2E-13,1.5E7,1.0,5.4E8,
1.8E-37,0.32,6400.0,4300.0,550.0,3199999.9999999995,1200.0,2000.0,3500.0,3900.0,1800.0,15.0,3199999.9999999995,1.3E-5,0.15,0.15,0.0,170.0,3.8,5.1E-7,4.4E-5,2.2E-13,1.6E7,1.0,5.4E8,
1.8E-37,0.32,6400.0,4300.0,550.0,3199999.9999999995,1200.0,2000.0,3500.0,3900.0,1800.0,15.0,3199999.9999999995,1.2E-5,0.15,0.15,0.0,170.0,3.8,1.3E-9,4.4E-5,6.7E-14,1.6E7,1.0,5.4E8,
1.8E-37,0.32,6400.0,4300.0,550.0,3199999.9999999995,1200.0,2000.0,3500.0,3900.0,1800.0,15.0,3199999.9999999995,1.0E-5,0.15,0.15,0.0,170.0,3.8,3.8E-12,4.4E-5,2.1E-14,1.7E7,1.0,5.4E8,
1.8E-37,0.32,6400.0,4300.0,550.0,3199999.9999999995,1200.0,2000.0,3500.0,3900.0,1800.0,15.0,3199999.9999999995,8.5E-6,0.15,0.15,0.0,160.0,3.8,1.0E-14,4.4E-5,6.8E-15,1.8E7,1.0,5.4E8,
1.8E-37,0.32,6400.0,4300.0,550.0,3199999.9999999995,1200.0,2000.0,3500.0,3900.0,1800.0,15.0,3199999.9999999995,7.2E-6,0.15,0.15,0.0,160.0,3.8,3.6E-17,4.4E-5,2.5E-15,1.9E7,1.0,5.4E8,
1.8E-37,0.32,6400.0,4300.0,550.0,3199999.9999999995,1200.0,2000.0,3500.0,3900.0,1800.0,15.0,3199999.9999999995,6.1E-6,0.15,0.15,0.0,160.0,3.8,1.3E-19,4.4E-5,1.1E-15,2.1E7,1.0,5.4E8,
2.0000000000000002E-36,3.6,8200.0,64000.0,12000.0,3999999.9999999995,1200.0,2000.0,3500.0,3900.0,1800.0,15.0,4099999.9999999995,10.0,0.4,0.4,0.0,180.0,31.0,2000.0,4.7E-5,5.8E-11,2.1E7,1.0,5.5E8,
2.8E-37,0.5,610.0,3500.0,4100.0,3499999.9999999995,1200.0,2000.0,3400.0,3900.0,1800.0,15.0,3499999.9999999995,3.1E-5,0.18,0.18,0.0,180.0,17.0,270.0,4.6E-5,5.4E-12,2.0E7,1.0,5.4E8,
2.8E-37,0.49,610.0,3500.0,4100.0,3299999.9999999995,1200.0,2000.0,3400.0,3900.0,1800.0,15.0,3299999.9999999995,3.7E-5,0.17,0.17,0.0,180.0,17.0,5.2,4.6E-5,2.4E-12,1.9E7,1.0,5.4E8,
2.7E-37,0.49,610.0,3500.0,4100.0,3199999.9999999995,1200.0,2000.0,3400.0,3900.0,1800.0,15.0,3199999.9999999995,4.4E-5,0.17,0.17,0.0,180.0,17.0,0.036,4.6E-5,8.7E-13,1.7E7,1.0,5.4E8,
2.7E-37,0.49,610.0,3500.0,4100.0,3199999.9999999995,1200.0,2000.0,3400.0,3900.0,1800.0,15.0,3199999.9999999995,4.8E-5,0.17,0.17,0.0,170.0,17.0,9.2E-5,4.6E-5,2.6E-13,1.7E7,1.0,5.4E8,
2.7E-37,0.49,610.0,3500.0,4100.0,3199999.9999999995,1200.0,2000.0,3400.0,3900.0,1800.0,15.0,3199999.9999999995,4.6E-5,0.17,0.17,0.0,170.0,17.0,2.4E-7,4.6E-5,8.2E-14,1.7E7,1.0,5.4E8,
2.7E-37,0.49,610.0,3500.0,4100.0,3199999.9999999995,1200.0,2000.0,3400.0,3900.0,1800.0,15.0,3199999.9999999995,4.2E-5,0.17,0.17,0.0,170.0,17.0,6.1E-10,4.6E-5,2.7E-14,1.8E7,1.0,5.4E8,
2.7E-37,0.49,610.0,3500.0,4100.0,3199999.9999999995,1200.0,2000.0,3400.0,3900.0,1800.0,15.0,3199999.9999999995,3.7E-5,0.17,0.17,0.0,170.0,17.0,1.7E-12,4.6E-5,1.1E-14,1.8E7,1.0,5.4E8,
2.7E-37,0.49,610.0,3500.0,4100.0,3199999.9999999995,1200.0,2000.0,3400.0,3900.0,1800.0,15.0,3199999.9999999995,3.2E-5,0.17,0.17,0.0,160.0,17.0,7.3E-15,4.6E-5,5.2E-15,2.0E7,1.0,5.4E8,
2.7E-37,0.49,610.0,3500.0,4100.0,3199999.9999999995,1200.0,2000.0,3400.0,3900.0,1800.0,15.0,3199999.9999999995,2.7E-5,0.17,0.17,0.0,160.0,17.0,1.7E-16,4.6E-5,3.3E-15,2.1E7,1.0,5.4E8,
2.7E-37,0.49,610.0,3500.0,4100.0,3199999.9999999995,1200.0,2000.0,3400.0,3900.0,1800.0,15.0,3199999.9999999995,2.3E-5,0.17,0.17,0.0,160.0,17.0,0.0,4.6E-5,2.4E-15,2.2E7,1.0,5.4E8,
2.7E-37,0.49,610.0,3500.0,4100.0,3199999.9999999995,1200.0,2000.0,3400.0,3900.0,1800.0,15.0,3199999.9999999995,2.3E-5,0.17,0.17,0.0,160.0,17.0,0.0,4.6E-5,2.0E-15,2.2E7,1.0,5.4E8,
2.7E-37,0.49,610.0,3500.0,4100.0,3199999.9999999995,1200.0,2000.0,3400.0,3900.0,1800.0,15.0,3199999.9999999995,2.8E-5,0.17,0.17,0.0,160.0,17.0,0.0,4.6E-5,2.2E-15,2.0E7,1.0,5.4E8,
2.7E-37,0.49,610.0,3500.0,4100.0,3199999.9999999995,1200.0,2000.0,3400.0,3900.0,1800.0,15.0,3199999.9999999995,3.0E-5,0.17,0.17,0.0,150.0,17.0,0.0,4.6E-5,2.4E-15,2.0E7,1.0,5.4E8,
2.7E-37,0.49,610.0,3500.0,4100.0,3199999.9999999995,1200.0,2000.0,3400.0,3900.0,1800.0,15.0,3199999.9999999995,2.9E-5,0.17,0.17,0.0,150.0,17.0,0.0,4.6E-5,2.5E-15,2.0E7,1.0,5.4E8,
2.7E-37,0.49,610.0,3500.0,4100.0,3199999.9999999995,1200.0,2000.0,3400.0,3900.0,1800.0,15.0,3199999.9999999995,2.7E-5,0.17,0.17,0.0,150.0,17.0,0.0,4.6E-5,2.4E-15,2.1E7,1.0,5.4E8,
2.7E-37,0.49,610.0,3500.0,4100.0,3199999.9999999995,1200.0,2000.0,3400.0,3900.0,1800.0,15.0,3199999.9999999995,2.4E-5,0.17,0.17,0.0,150.0,17.0,0.0,4.6E-5,2.2E-15,2.2E7,1.0,5.4E8,
2.7E-37,0.49,610.0,3500.0,4100.0,3199999.9999999995,1200.0,2000.0,3400.0,3900.0,1800.0,15.0,3199999.9999999995,2.1E-5,0.17,0.17,0.0,150.0,17.0,0.0,4.6E-5,2.0E-15,2.3E7,1.0,5.4E8,
2.7E-37,0.49,610.0,3500.0,4100.0,3199999.9999999995,1200.0,2000.0,3400.0,3900.0,1800.0,15.0,3199999.9999999995,1.8E-5,0.17,0.17,0.0,150.0,17.0,0.0,4.6E-5,1.8E-15,2.4E7,1.0,5.4E8,
2.7E-37,0.49,610.0,3500.0,4100.0,3199999.9999999995,1200.0,2000.0,3400.0,3900.0,1800.0,15.0,3199999.9999999995,1.6E-5,0.17,0.17,0.0,150.0,17.0,0.0,4.6E-5,1.5E-15,2.5E7,1.0,5.4E8,
2.7E-37,0.49,610.0,3500.0,4100.0,3199999.9999999995,1200.0,2000.0,3400.0,3900.0,1800.0,15.0,3199999.9999999995,2.1E-5,0.17,0.17,0.0,150.0,17.0,0.0,4.6E-5,1.6E-15,2.2E7,1.0,5.4E8,
2.7E-37,0.49,610.0,3500.0,4100.0,3199999.9999999995,1200.0,2000.0,3400.0,3900.0,1800.0,15.0,3199999.9999999995,2.4E-5,0.17,0.17,0.0,150.0,17.0,0.0,4.6E-5,1.9E-15,2.1E7,1.0,5.4E8,
2.7E-37,0.49,610.0,3500.0,4100.0,3199999.9999999995,1200.0,2000.0,3400.0,3900.0,1800.0,15.0,3199999.9999999995,2.5E-5,0.17,0.17,0.0,150.0,17.0,0.0,4.6E-5,2.0E-15,2.1E7,1.0,5.4E8,
2.7E-37,0.49,610.0,3500.0,4100.0,3199999.9999999995,1200.0,2000.0,3400.0,3900.0,1800.0,15.0,3199999.9999999995,2.3E-5,0.17,0.17,0.0,150.0,17.0,0.0,4.6E-5,2.0E-15,2.2E7,1.0,5.4E8,
2.7E-37,0.49,610.0,3500.0,4100.0,3199999.9999999995,1200.0,2000.0,3400.0,3900.0,1800.0,15.0,3199999.9999999995,2.1E-5,0.17,0.17,0.0,150.0,17.0,0.0,4.6E-5,1.9E-15,2.2E7,1.0,5.4E8,
2.7E-37,0.49,610.0,3500.0,4100.0,3199999.9999999995,1200.0,2000.0,3400.0,3900.0,1800.0,15.0,3199999.9999999995,1.9E-5,0.17,0.17,0.0,150.0,17.0,0.0,4.6E-5,1.8E-15,2.3E7,1.0,5.4E8,
2.7E-37,0.49,610.0,3500.0,4100.0,3199999.9999999995,1200.0,2000.0,3400.0,3900.0,1800.0,15.0,3199999.9999999995,1.7E-5,0.17,0.17,0.0,150.0,17.0,0.0,4.6E-5,1.6E-15,2.4E7,1.0,5.4E8,
2.7E-37,0.49,610.0,3500.0,4100.0,3199999.9999999995,1200.0,2000.0,3400.0,3900.0,1800.0,15.0,3199999.9999999995,1.5E-5,0.17,0.17,0.0,150.0,17.0,0.0,4.6E-5,1.4E-15,2.6E7,1.0,5.4E8,
2.7E-37,0.49,610.0,3500.0,4100.0,3199999.9999999995,1200.0,2000.0,3400.0,3900.0,1800.0,15.0,3199999.9999999995,1.8E-5,0.17,0.17,0.0,150.0,17.0,0.0,4.6E-5,1.4E-15,2.4E7,1.0,5.4E8,
1.3000000000000001E-37,0.3,3900.0,4800.0,12.0,3699999.9999999995,1200.0,2000.0,3400.0,3900.0,1800.0,15.0,3699999.9999999995,9.8E-6,0.17,0.17,0.0,170.0,7.8,3.3E-16,4.8E-5,2.5E-11,2.3E7,1.0,5.4E8,
1.3000000000000001E-37,0.29,3800.0,4800.0,12.0,3399999.9999999995,1200.0,2000.0,3400.0,3900.0,1800.0,15.0,3499999.9999999995,1.1E-5,0.17,0.17,0.0,170.0,7.3,6.3E-18,4.8E-5,1.1E-11,2.1E7,1.0,5.4E8,
1.3000000000000001E-37,0.28,3800.0,4800.0,12.0,3299999.9999999995,1200.0,1900.0,3400.0,3800.0,1800.0,15.0,3299999.9999999995,1.3E-5,0.16,0.16,0.0,170.0,7.0,1.2E-19,4.8E-5,4.8E-12,2.0E7,1.0,5.4E8,
1.2E-37,0.28,3800.0,4800.0,12.0,3199999.9999999995,1200.0,1900.0,3400.0,3800.0,1800.0,15.0,3199999.9999999995,1.5E-5,0.16,0.16,0.0,170.0,6.8,2.2E-21,4.8E-5,2.1E-12,1.8E7,1.0,5.4E8,
1.2E-37,0.28,3800.0,4800.0,12.0,3199999.9999999995,1200.0,1900.0,3400.0,3800.0,1800.0,15.0,3199999.9999999995,1.8E-5,0.16,0.16,0.0,170.0,6.8,5.5999999999999996E-24,4.8E-5,6.4E-13,1.7E7,1.0,5.4E8,
1.2E-37,0.28,3800.0,4800.0,12.0,3199999.9999999995,1200.0,1900.0,3400.0,3800.0,1800.0,15.0,3199999.9999999995,1.8E-5,0.16,0.16,0.0,170.0,6.8,1.5E-26,4.8E-5,1.9E-13,1.7E7,1.0,5.4E8,
1.2E-37,0.28,3800.0,4800.0,12.0,3199999.9999999995,1200.0,1900.0,3400.0,3800.0,1800.0,15.0,3199999.9999999995,1.7E-5,0.16,0.16,0.0,170.0,6.8,3.7E-29,4.8E-5,5.9E-14,1.8E7,1.0,5.4E8,
1.2E-37,0.28,3800.0,4800.0,12.0,3199999.9999999995,1200.0,1900.0,3400.0,3800.0,1800.0,15.0,3199999.9999999995,1.5E-5,0.16,0.16,0.0,160.0,6.8,9.800000000000001E-32,4.8E-5,1.9E-14,1.9E7,1.0,5.4E8,
1.2E-37,0.28,3800.0,4800.0,12.0,3199999.9999999995,1200.0,1900.0,3400.0,3800.0,1800.0,15.0,3199999.9999999995,1.3E-5,0.16,0.16,0.0,160.0,6.8,2.7E-34,4.8E-5,6.5E-15,2.0E7,1.0,5.4E8,
1.2E-37,0.28,3800.0,4800.0,12.0,3199999.9999999995,1200.0,1900.0,3400.0,3800.0,1800.0,15.0,3199999.9999999995,1.1E-5,0.16,0.16,0.0,150.0,6.8,8.4E-37,4.8E-5,2.7E-15,2.1E7,1.0,5.4E8,
1.2E-37,0.28,3800.0,4800.0,12.0,3199999.9999999995,1200.0,1900.0,3400.0,3800.0,1800.0,15.0,3199999.9999999995,9.5E-6,0.16,0.16,0.0,150.0,6.8,3.0000000000000004E-38,4.8E-5,1.4E-15,2.2E7,1.0,5.4E8,
1.2E-37,0.28,3800.0,4800.0,12.0,3199999.9999999995,1200.0,1900.0,3400.0,3800.0,1800.0,15.0,3199999.9999999995,8.1E-6,0.16,0.16,0.0,150.0,6.8,0.0,4.8E-5,9.6E-16,2.3E7,1.0,5.4E8,
1.2E-37,0.28,3800.0,4800.0,12.0,3199999.9999999995,1200.0,1900.0,3400.0,3800.0,1800.0,15.0,3199999.9999999995,1.1E-5,0.16,0.16,0.0,150.0,6.8,0.0,4.8E-5,8.9E-16,2.1E7,1.0,5.4E8,
1.2E-37,0.28,3800.0,4800.0,12.0,3199999.9999999995,1200.0,1900.0,3400.0,3800.0,1800.0,15.0,3199999.9999999995,1.2E-5,0.16,0.16,0.0,150.0,6.8,0.0,4.8E-5,9.7E-16,2.0E7,1.0,5.4E8,
1.2E-37,0.28,3800.0,4800.0,12.0,3199999.9999999995,1200.0,1900.0,3400.0,3800.0,1800.0,15.0,3199999.9999999995,1.2E-5,0.16,0.16,0.0,140.0,6.8,0.0,4.8E-5,1.0E-15,2.0E7,1.0,5.4E8,
1.2E-37,0.28,3800.0,4800.0,12.0,3199999.9999999995,1200.0,1900.0,3400.0,3800.0,1800.0,15.0,3199999.9999999995,1.1E-5,0.16,0.16,0.0,140.0,6.8,0.0,4.8E-5,1.0E-15,2.1E7,1.0,5.4E8,
1.2E-37,0.28,3800.0,4800.0,12.0,3199999.9999999995,1200.0,1900.0,3400.0,3800.0,1800.0,15.0,3199999.9999999995,9.9E-6,0.16,0.16,0.0,140.0,6.8,0.0,4.8E-5,9.4E-16,2.1E7,1.0,5.4E8,
1.2E-37,0.28,3800.0,4800.0,12.0,3199999.9999999995,1200.0,1900.0,3400.0,3800.0,1800.0,15.0,3199999.9999999995,8.7E-6,0.16,0.16,0.0,140.0,6.8,0.0,4.8E-5,8.5E-16,2.2E7,1.0,5.4E8,
1.2E-37,0.28,3800.0,4800.0,12.0,3199999.9999999995,1200.0,1900.0,3400.0,3800.0,1800.0,15.0,3199999.9999999995,7.7E-6,0.16,0.16,0.0,140.0,6.8,0.0,4.8E-5,7.6E-16,2.4E7,1.0,5.4E8,
1.2E-37,0.28,3800.0,4800.0,12.0,3199999.9999999995,1200.0,1900.0,3400.0,3800.0,1800.0,15.0,3199999.9999999995,6.7E-6,0.16,0.16,0.0,140.0,6.8,0.0,4.8E-5,6.7E-16,2.5E7,1.0,5.4E8,
1.2E-37,0.28,3800.0,4800.0,12.0,3199999.9999999995,1200.0,1900.0,3400.0,3800.0,1800.0,15.0,3199999.9999999995,7.9E-6,0.16,0.16,0.0,140.0,6.8,0.0,4.8E-5,6.4E-16,2.3E7,1.0,5.4E8,
1.2E-37,0.28,3800.0,4800.0,12.0,3199999.9999999995,1200.0,1900.0,3400.0,3800.0,1800.0,15.0,3199999.9999999995,9.4E-6,0.16,0.16,0.0,140.0,6.8,0.0,4.8E-5,7.4E-16,2.2E7,1.0,5.4E8,
1.2E-37,0.28,3800.0,4800.0,12.0,3199999.9999999995,1200.0,1900.0,3400.0,3800.0,1800.0,15.0,3199999.9999999995,9.9E-6,0.16,0.16,0.0,140.0,6.8,0.0,4.8E-5,8.3E-16,2.1E7,1.0,5.4E8,
1.2E-37,0.28,3800.0,4800.0,12.0,3199999.9999999995,1200.0,1900.0,3400.0,3800.0,1800.0,15.0,3199999.9999999995,9.6E-6,0.16,0.16,0.0,140.0,6.8,0.0,4.8E-5,8.6E-16,2.2E7,1.0,5.4E8,
1.2E-37,0.28,3800.0,4800.0,12.0,3199999.9999999995,1200.0,1900.0,3400.0,3800.0,1800.0,15.0,3199999.9999999995,8.9E-6,0.16,0.16,0.0,140.0,6.8,0.0,4.8E-5,8.3E-16,2.2E7,1.0,5.4E8,
1.2E-37,0.28,3800.0,4800.0,12.0,3199999.9999999995,1200.0,1900.0,3400.0,3800.0,1800.0,15.0,3199999.9999999995,8.0E-6,0.16,0.16,0.0,130.0,6.8,0.0,4.8E-5,7.7E-16,2.3E7,1.0,5.4E8,
1.2E-37,0.28,3800.0,4800.0,12.0,3199999.9999999995,1200.0,1900.0,3400.0,3800.0,1800.0,15.0,3199999.9999999995,7.1E-6,0.16,0.16,0.0,130.0,6.8,0.0,4.8E-5,6.9E-16,2.4E7,1.0,5.4E8,
1.2E-37,0.28,3800.0,4800.0,12.0,3199999.9999999995,1200.0,1900.0,3400.0,3800.0,1800.0,15.0,3199999.9999999995,6.2E-6,0.16,0.16,0.0,130.0,6.8,0.0,4.8E-5,6.1E-16,2.5E7,1.0,5.4E8,
1.2E-37,0.28,3800.0,4800.0,12.0,3199999.9999999995,1200.0,1900.0,3400.0,3800.0,1800.0,15.0,3199999.9999999995,6.4E-6,0.16,0.16,0.0,130.0,6.8,0.0,4.8E-5,5.6E-16,2.5E7,1.0,5.4E8,
1.2E-37,0.28,3800.0,4800.0,12.0,3199999.9999999995,1200.0,1900.0,3400.0,3800.0,1800.0,15.0,3199999.9999999995,8.2E-6,0.16,0.16,0.0,130.0,6.8,0.0,4.8E-5,6.4E-16,2.3E7,1.0,5.4E8,
1.2E-37,0.28,3800.0,4800.0,12.0,3199999.9999999995,1200.0,1900.0,3400.0,3800.0,1800.0,15.0,3199999.9999999995,9.0E-6,0.16,0.16,0.0,130.0,6.8,0.0,4.8E-5,7.3E-16,2.2E7,1.0,5.4E8,
1.2E-37,0.28,3800.0,4800.0,12.0,3199999.9999999995,1200.0,1900.0,3400.0,3800.0,1800.0,15.0,3199999.9999999995,9.0E-6,0.16,0.16,0.0,130.0,6.8,0.0,4.8E-5,7.9E-16,2.2E7,1.0,5.4E8,
1.2E-37,0.28,3800.0,4800.0,12.0,3199999.9999999995,1200.0,1900.0,3400.0,3800.0,1800.0,15.0,3199999.9999999995,8.5E-6,0.16,0.16,0.0,130.0,6.8,0.0,4.8E-5,7.8E-16,2.3E7,1.0,5.4E8,
1.2E-37,0.28,3800.0,4800.0,12.0,3199999.9999999995,1200.0,1900.0,3400.0,3800.0,1800.0,15.0,3199999.9999999995,7.7E-6,0.16,0.16,0.0,130.0,6.8,0.0,4.8E-5,7.3E-16,2.3E7,1.0,5.4E8,
1.2E-37,0.28,3800.0,4800.0,12.0,3199999.9999999995,1200.0,1900.0,3400.0,3800.0,1800.0,15.0,3199999.9999999995,6.9E-6,0.16,0.16,0.0,130.0,6.8,0.0,4.8E-5,6.7E-16,2.4E7,1.0,5.4E8,
1.2E-37,0.28,3800.0,4800.0,12.0,3199999.9999999995,1200.0,1900.0,3400.0,3800.0,1800.0,15.0,3199999.9999999995,6.1E-6,0.16,0.16,0.0,130.0,6.8,0.0,4.8E-5,6.0E-16,2.6E7,1.0,5.4E8,
1.2E-37,0.28,3800.0,4800.0,12.0,3199999.9999999995,1200.0,1900.0,3400.0,3800.0,1800.0,15.0,3199999.9999999995,5.4E-6,0.16,0.16,0.0,130.0,6.8,0.0,4.8E-5,5.3E-16,2.7E7,1.0,5.4E8,
1.2E-37,0.28,3800.0,4800.0,12.0,3199999.9999999995,1200.0,1900.0,3400.0,3800.0,1800.0,15.0,3199999.9999999995,7.3E-6,0.16,0.16,0.0,120.0,6.8,0.0,4.8E-5,5.7E-16,2.4E7,1.0,5.4E8,
1.2E-37,0.28,3800.0,4800.0,12.0,3199999.9999999995,1200.0,1900.0,3400.0,3800.0,1800.0,15.0,3199999.9999999995,8.5E-6,0.16,0.16,0.0,120.0,6.8,0.0,4.8E-5,6.7E-16,2.3E7,1.0,5.4E8,
1.2E-37,0.28,3800.0,4800.0,12.0,3199999.9999999995,1200.0,1900.0,3400.0,3800.0,1800.0,15.0,3199999.9999999995,8.7E-6,0.16,0.16,0.0,120.0,6.8,0.0,4.8E-5,7.4E-16,2.2E7,1.0,5.4E8,
1.2E-37,0.28,3800.0,4800.0,12.0,3199999.9999999995,1200.0,1900.0,3400.0,3800.0,1800.0,15.0,3199999.9999999995,8.4E-6,0.16,0.16,0.0,120.0,6.8,0.0,4.8E-5,7.6E-16,2.3E7,1.0,5.4E8,
1.2E-37,0.28,3800.0,4800.0,12.0,3199999.9999999995,1200.0,1900.0,3400.0,3800.0,1800.0,15.0,3199999.9999999995,7.7E-6,0.16,0.16,0.0,120.0,6.8,0.0,4.8E-5,7.3E-16,2.3E7,1.0,5.4E8,
1.2E-37,0.28,3800.0,4800.0,12.0,3199999.9999999995,1200.0,1900.0,3400.0,3800.0,1800.0,15.0,3199999.9999999995,6.9E-6,0.16,0.16,0.0,120.0,6.8,0.0,4.8E-5,6.7E-16,2.4E7,1.0,5.4E8,
1.2E-37,0.28,3800.0,4800.0,12.0,3199999.9999999995,1200.0,1900.0,3400.0,3800.0,1800.0,15.0,3199999.9999999995,6.2E-6,0.16,0.16,0.0,120.0,6.8,0.0,4.8E-5,6.0E-16,2.5E7,1.0,5.4E8,
1.2E-37,0.28,3800.0,4800.0,12.0,3199999.9999999995,1200.0,1900.0,3400.0,3800.0,1800.0,15.0,3199999.9999999995,5.5E-6,0.16,0.16,0.0,120.0,6.8,0.0,4.8E-5,5.4E-16,2.7E7,1.0,5.4E8,
1.2E-37,0.28,3800.0,4800.0,12.0,3199999.9999999995,1200.0,1900.0,3400.0,3800.0,1800.0,15.0,3199999.9999999995,6.6E-6,0.16,0.16,0.0,120.0,6.8,0.0,4.8E-5,5.3E-16,2.5E7,1.0,5.4E8,
1.2E-37,0.28,3800.0,4800.0,12.0,3199999.9999999995,1200.0,1900.0,3400.0,3800.0,1800.0,15.0,3199999.9999999995,8.0E-6,0.16,0.16,0.0,120.0,6.8,0.0,4.8E-5,6.2E-16,2.3E7,1.0,5.4E8,
1.2E-37,0.28,3800.0,4800.0,12.0,3199999.9999999995,1200.0,1900.0,3400.0,3800.0,1800.0,15.0,3199999.9999999995,8.5E-6,0.16,0.16,0.0,120.0,6.8,0.0,4.8E-5,7.1E-16,2.3E7,1.0,5.4E8,
1.2E-37,0.28,3800.0,4800.0,12.0,3199999.9999999995,1200.0,1900.0,3400.0,3800.0,1800.0,15.0,3199999.9999999995,8.4E-6,0.16,0.16,0.0,120.0,6.8,0.0,4.8E-5,7.4E-16,2.3E7,1.0,5.4E8,
1.1E-36,4.1,22000.0,94000.0,39000.0,4099999.9999999995,6000.0,1900.0,3400.0,3800.0,1800.0,15.0,4200000.0,9.7,0.5,0.5,0.0,180.0,34.0,5.8E-21,6.8E-5,1.4E-9,2.4E7,1.0,5.5E8,
9.7E-38,0.36,4600.0,4000.0,4200.0,4099999.9999999995,6000.0,1900.0,3400.0,3800.0,1800.0,15.0,4099999.9999999995,1.2E-5,0.17,0.17,0.0,180.0,8.3,3.1E-22,6.8E-5,6.7E-11,2.2E7,1.0,5.5E8,
9.400000000000001E-38,0.36,4600.0,4000.0,4200.0,3799999.9999999995,6000.0,1900.0,3400.0,3800.0,1800.0,15.0,3799999.9999999995,1.3E-5,0.17,0.17,0.0,180.0,8.0,4.2E-23,6.7E-5,4.4E-11,2.1E7,1.0,5.5E8,
9.2E-38,0.35,4500.0,4000.0,4200.0,3499999.9999999995,5900.0,1900.0,3400.0,3800.0,1800.0,15.0,3599999.9999999995,1.6E-5,0.16,0.16,0.0,180.0,7.8,2.9E-25,6.7E-5,1.6E-11,1.9E7,1.0,5.5E8,
9.2E-38,0.35,4500.0,4000.0,4200.0,3499999.9999999995,5900.0,1900.0,3400.0,3800.0,1800.0,15.0,3499999.9999999995,1.8E-5,0.16,0.16,0.0,180.0,7.7,1.5E-26,6.7E-5,8.6E-12,1.9E7,1.0,5.5E8,
9.0E-38,0.34,4500.0,4000.0,4100.0,3299999.9999999995,5900.0,1900.0,3400.0,3800.0,1800.0,15.0,3299999.9999999995,2.0E-5,0.15,0.15,0.0,180.0,7.5,7.700000000000001E-28,6.6E-5,4.6E-12,1.8E7,1.0,5.5E8,
9.0E-38,0.34,4500.0,4000.0,4100.0,3199999.9999999995,5900.0,1900.0,3400.0,3800.0,1800.0,15.0,3199999.9999999995,2.3E-5,0.15,0.15,0.0,180.0,7.4,5.4000000000000005E-30,6.6E-5,1.7E-12,1.7E7,1.0,5.5E8,
9.0E-38,0.34,4500.0,4000.0,4100.0,3199999.9999999995,5900.0,1900.0,3400.0,3800.0,1800.0,15.0,3199999.9999999995,2.4E-5,0.15,0.15,0.0,170.0,7.4,1.4E-32,6.6E-5,5.1E-13,1.6E7,1.0,5.5E8,
9.0E-38,0.34,4500.0,4000.0,4100.0,3199999.9999999995,5900.0,1900.0,3400.0,3800.0,1800.0,15.0,3199999.9999999995,2.2E-5,0.15,0.15,0.0,170.0,7.4,3.7E-35,6.6E-5,1.6E-13,1.7E7,1.0,5.5E8,
9.0E-38,0.34,4500.0,4000.0,4100.0,3199999.9999999995,5900.0,1900.0,3400.0,3800.0,1800.0,15.0,3199999.9999999995,2.0E-5,0.15,0.15,0.0,170.0,7.4,9.7E-38,6.6E-5,4.9E-14,1.7E7,1.0,5.5E8,
9.0E-38,0.34,4500.0,4000.0,4100.0,3199999.9999999995,5900.0,1900.0,3400.0,3800.0,1800.0,15.0,3199999.9999999995,1.7E-5,0.15,0.15,0.0,170.0,7.4,2.6E-40,6.6E-5,1.6E-14,1.8E7,1.0,5.5E8,
9.0E-38,0.34,4500.0,4000.0,4100.0,3199999.9999999995,5900.0,1900.0,3400.0,3800.0,1800.0,15.0,3199999.9999999995,1.5E-5,0.15,0.15,0.0,170.0,7.4,8.3E-43,6.6E-5,6.2E-15,1.9E7,1.0,5.5E8,
9.0E-38,0.34,4500.0,4000.0,4100.0,3199999.9999999995,5900.0,1900.0,3400.0,3800.0,1800.0,15.0,3199999.9999999995,1.2E-5,0.15,0.15,0.0,170.0,7.4,2.1E-45,6.6E-5,3.0E-15,2.1E7,1.0,5.5E8,
9.0E-38,0.34,4500.0,4000.0,4100.0,3199999.9999999995,5900.0,1900.0,3400.0,3800.0,1800.0,15.0,3199999.9999999995,1.1E-5,0.15,0.15,0.0,170.0,7.4,8.3E-48,6.6E-5,1.9E-15,2.2E7,1.0,5.5E8,
9.0E-38,0.34,4500.0,4000.0,4100.0,3199999.9999999995,5900.0,1900.0,3400.0,3800.0,1800.0,15.0,3199999.9999999995,1.1E-5,0.15,0.15,0.0,170.0,7.4,1.3E-49,6.6E-5,1.5E-15,2.1E7,1.0,5.5E8,
9.0E-38,0.34,4500.0,4000.0,4100.0,3199999.9999999995,5900.0,1900.0,3400.0,3800.0,1800.0,15.0,3199999.9999999995,1.4E-5,0.15,0.15,0.0,170.0,7.4,3.5E-52,6.6E-5,1.5E-15,2.0E7,1.0,5.5E8,
9.0E-38,0.34,4500.0,4000.0,4100.0,3199999.9999999995,5900.0,1900.0,3400.0,3800.0,1800.0,15.0,3199999.9999999995,1.4E-5,0.15,0.15,0.0,160.0,7.4,9.199999999999999E-55,6.6E-5,1.6E-15,2.0E7,1.0,5.5E8,
9.0E-38,0.34,4500.0,4000.0,4100.0,3199999.9999999995,5900.0,1900.0,3400.0,3800.0,1800.0,15.0,3199999.9999999995,1.3E-5,0.15,0.15,0.0,160.0,7.4,2.4E-57,6.6E-5,1.7E-15,2.0E7,1.0,5.5E8,
9.0E-38,0.34,4500.0,4000.0,4100.0,3199999.9999999995,5900.0,1900.0,3400.0,3800.0,1800.0,15.0,3199999.9999999995,1.2E-5,0.15,0.15,0.0,160.0,7.4,6.8E-60,6.6E-5,1.6E-15,2.1E7,1.0,5.5E8,
9.0E-38,0.34,4500.0,4000.0,4100.0,3199999.9999999995,5900.0,1900.0,3400.0,3800.0,1800.0,15.0,3199999.9999999995,1.1E-5,0.15,0.15,0.0,160.0,7.4,1.2999999999999999E-61,6.6E-5,1.4E-15,2.2E7,1.0,5.5E8,
9.0E-38,0.34,4500.0,4000.0,4100.0,3199999.9999999995,5900.0,1900.0,3400.0,3800.0,1800.0,15.0,3199999.9999999995,9.5E-6,0.15,0.15,0.0,160.0,7.4,0.0,6.6E-5,1.3E-15,2.3E7,1.0,5.5E8,
9.0E-38,0.34,4500.0,4000.0,4100.0,3199999.9999999995,5900.0,1900.0,3400.0,3800.0,1800.0,15.0,3199999.9999999995,8.3E-6,0.15,0.15,0.0,160.0,7.4,0.0,6.6E-5,1.1E-15,2.4E7,1.0,5.5E8,
9.0E-38,0.34,4500.0,4000.0,4100.0,3199999.9999999995,5900.0,1900.0,3400.0,3800.0,1800.0,15.0,3199999.9999999995,7.8E-6,0.15,0.15,0.0,160.0,7.4,0.0,6.6E-5,1.0E-15,2.4E7,1.0,5.5E8,
4.5E-37,1.9,16000.0,65000.0,3900.0,4099999.9999999995,5900.0,1900.0,3400.0,3800.0,1800.0,15.0,4200000.0,2.2E-5,0.32,0.32,0.0,180.0,7.6,0.0,7.3E-5,3.7E-10,2.3E7,1.0,5.6E8,
8.9E-38,0.37,3400.0,6700.0,3900.0,3499999.9999999995,5900.0,1900.0,3400.0,3800.0,1800.0,15.0,3599999.9999999995,1.1E-5,0.16,0.16,0.0,180.0,7.0,0.0,7.2E-5,4.9E-11,2.2E7,1.0,5.5E8,
8.7E-38,0.36,3400.0,6700.0,3900.0,3199999.9999999995,5900.0,1900.0,3400.0,3800.0,1800.0,15.0,3199999.9999999995,1.2E-5,0.15,0.15,0.0,180.0,6.7,0.0,7.2E-5,2.1E-11,2.0E7,1.0,5.5E8,
8.6E-38,0.36,3400.0,6700.0,3900.0,3199999.9999999995,5900.0,1900.0,3400.0,3800.0,1800.0,15.0,3199999.9999999995,1.5E-5,0.15,0.15,0.0,180.0,6.7,0.0,7.2E-5,6.4E-12,1.9E7,1.0,5.5E8,
8.6E-38,0.36,3400.0,6700.0,3900.0,3199999.9999999995,5900.0,1900.0,3400.0,3800.0,1800.0,15.0,3199999.9999999995,1.6E-5,0.15,0.15,0.0,180.0,6.7,0.0,7.2E-5,1.9E-12,1.8E7,1.0,5.5E8,
8.6E-38,0.36,3400.0,6700.0,3900.0,3199999.9999999995,5900.0,1900.0,3400.0,3800.0,1800.0,15.0,3199999.9999999995,1.5E-5,0.15,0.15,0.0,180.0,6.7,0.0,7.2E-5,5.8E-13,1.9E7,1.0,5.5E8,
8.6E-38,0.36,3400.0,6700.0,3900.0,3199999.9999999995,5900.0,1900.0,3400.0,3800.0,1800.0,15.0,3199999.9999999995,1.4E-5,0.15,0.15,0.0,180.0,6.7,0.0,7.2E-5,1.8E-13,1.9E7,1.0,5.5E8,
8.6E-38,0.36,3400.0,6700.0,3900.0,3199999.9999999995,5900.0,1900.0,3400.0,3800.0,1800.0,15.0,3199999.9999999995,1.2E-5,0.15,0.15,0.0,180.0,6.7,0.0,7.2E-5,5.4E-14,2.0E7,1.0,5.5E8,
8.6E-38,0.36,3400.0,6700.0,3900.0,3199999.9999999995,5900.0,1900.0,3400.0,3800.0,1800.0,15.0,3199999.9999999995,1.0E-5,0.15,0.15,0.0,180.0,6.7,0.0,7.2E-5,1.7E-14,2.1E7,1.0,5.5E8,
8.6E-38,0.36,3400.0,6700.0,3900.0,3199999.9999999995,5900.0,1900.0,3400.0,3800.0,1800.0,15.0,3199999.9999999995,8.9E-6,0.15,0.15,0.0,180.0,6.7,0.0,7.2E-5,6.1E-15,2.3E7,1.0,5.5E8,
8.6E-38,0.36,3400.0,6700.0,3900.0,3199999.9999999995,5900.0,1900.0,3400.0,3800.0,1800.0,15.0,3199999.9999999995,7.7E-6,0.15,0.15,0.0,170.0,6.7,0.0,7.2E-5,2.6E-15,2.4E7,1.0,5.5E8,
6.3E-37,2.8,24000.0,71000.0,19000.0,4099999.9999999995,9500.0,1900.0,7400.0,5900.0,18000.0,15.0,4300000.0,4.1E-5,0.77,0.77,0.0,200.0,29.0,1.4E-76,8.3E-5,7.2E-10,2.2E7,1.0,5.6E8,
2.7E-37,1.4,1600.0,32000.0,20000.0,4099999.9999999995,1900.0,1900.0,7400.0,5900.0,5800.0,15.0,4200000.0,3.3,1.5,1.5,0.0,200.0,31.0,7.4E-78,8.6E-5,9.7E-10,2.1E7,1.0,5.6E8,
7.4E-38,0.38,1600.0,4100.0,7500.0,3699999.9999999995,1900.0,1900.0,7400.0,5900.0,5800.0,15.0,3699999.9999999995,3.3E-5,1.0,1.0,0.0,200.0,17.0,3.8E-79,8.5E-5,1.5E-10,2.0E7,1.0,5.5E8,
3.9E-37,1.9,16000.0,55000.0,8000.0,4099999.9999999995,1900.0,1900.0,7400.0,5900.0,5800.0,15.0,4200000.0,5.5E-5,1.2,1.2,0.0,200.0,24.0,68.0,8.7E-5,5.5E-10,1.9E7,1.0,5.6E8,
3.8000000000000005E-38,0.19,3400.0,2000.0,460.0,3999999.9999999995,1900.0,1900.0,7400.0,5900.0,5800.0,15.0,3999999.9999999995,2.4E-5,0.72,0.72,0.0,200.0,9.0,0.49,8.7E-5,2.0E-11,1.8E7,1.0,5.6E8,
3.7E-38,0.18,3400.0,2000.0,460.0,3799999.9999999995,1900.0,1900.0,7300.0,5900.0,5800.0,15.0,3799999.9999999995,2.6E-5,0.7,0.7,0.0,200.0,8.5,0.0092,8.7E-5,8.5E-12,1.7E7,1.0,5.6E8,
3.4E-38,0.17,3400.0,2000.0,460.0,3399999.9999999995,1900.0,1900.0,7300.0,5900.0,5800.0,15.0,3399999.9999999995,2.6E-5,0.68,0.68,0.0,200.0,7.8,4.7E-4,8.6E-5,4.4E-12,1.6E7,1.0,5.5E8,
3.4E-38,0.17,3400.0,2000.0,460.0,3199999.9999999995,1900.0,1900.0,7300.0,5900.0,5800.0,15.0,3299999.9999999995,2.9E-5,0.66,0.66,0.0,200.0,7.4,3.3E-6,8.6E-5,1.6E-12,1.5E7,1.0,5.5E8,
3.4E-38,0.17,3400.0,2000.0,460.0,3199999.9999999995,1900.0,1900.0,7300.0,5900.0,5800.0,15.0,3299999.9999999995,3.0E-5,0.66,0.66,0.0,200.0,7.4,8.7E-9,8.6E-5,4.8E-13,1.5E7,1.0,5.5E8,
3.3E-38,0.17,3400.0,2000.0,460.0,3199999.9999999995,1900.0,1900.0,7300.0,5900.0,5800.0,15.0,3199999.9999999995,2.8E-5,0.66,0.66,0.0,190.0,7.4,2.3E-11,8.6E-5,1.5E-13,1.5E7,1.0,5.5E8,
3.3E-38,0.17,3400.0,2000.0,460.0,3199999.9999999995,1900.0,1900.0,7300.0,5900.0,5800.0,15.0,3199999.9999999995,2.5E-5,0.66,0.66,0.0,190.0,7.4,5.9E-14,8.6E-5,4.7E-14,1.6E7,1.0,5.5E8,
3.3E-38,0.17,3400.0,2000.0,460.0,3199999.9999999995,1900.0,1900.0,7300.0,5900.0,5800.0,15.0,3199999.9999999995,2.1E-5,0.66,0.66,0.0,190.0,7.4,1.7E-16,8.6E-5,1.7E-14,1.7E7,1.0,5.5E8,
3.3E-38,0.17,3400.0,2000.0,460.0,3199999.9999999995,1900.0,1900.0,7300.0,5900.0,5800.0,15.0,3199999.9999999995,1.8E-5,0.66,0.66,0.0,190.0,7.4,4.0E-19,8.6E-5,7.1E-15,1.8E7,1.0,5.5E8,
3.3E-38,0.17,3400.0,2000.0,460.0,3199999.9999999995,1900.0,1900.0,7300.0,5900.0,5800.0,15.0,3199999.9999999995,1.5E-5,0.66,0.66,0.0,190.0,7.4,0.0,8.6E-5,3.9E-15,1.9E7,1.0,5.5E8,
3.3E-38,0.17,3400.0,2000.0,460.0,3199999.9999999995,1900.0,1900.0,7300.0,5900.0,5800.0,15.0,3199999.9999999995,1.3E-5,0.66,0.66,0.0,190.0,7.4,3.6000000000000003E-22,8.6E-5,2.7E-15,2.1E7,1.0,5.5E8,
3.3E-38,0.17,3400.0,2000.0,460.0,3199999.9999999995,1900.0,1900.0,7300.0,5900.0,5800.0,15.0,3199999.9999999995,1.2E-5,0.66,0.66,0.0,180.0,7.4,1.8999999999999998E-24,8.6E-5,2.1E-15,2.1E7,1.0,5.5E8,
3.3E-38,0.17,3400.0,2000.0,460.0,3199999.9999999995,1900.0,1900.0,7300.0,5900.0,5800.0,15.0,3199999.9999999995,1.4E-5,0.66,0.66,0.0,180.0,7.4,4.9000000000000005E-27,8.6E-5,2.1E-15,2.0E7,1.0,5.5E8,
3.3E-38,0.17,3400.0,2000.0,460.0,3199999.9999999995,1900.0,1900.0,7300.0,5900.0,5800.0,15.0,3199999.9999999995,1.5E-5,0.66,0.66,0.0,180.0,7.4,1.3E-29,8.6E-5,2.3E-15,1.9E7,1.0,5.5E8,
3.3E-38,0.17,3400.0,2000.0,460.0,3199999.9999999995,1900.0,1900.0,7300.0,5900.0,5800.0,15.0,3199999.9999999995,1.5E-5,0.66,0.66,0.0,180.0,7.4,3.3E-32,8.6E-5,2.4E-15,1.9E7,1.0,5.5E8,
3.3E-38,0.17,3400.0,2000.0,460.0,3199999.9999999995,1900.0,1900.0,7300.0,5900.0,5800.0,15.0,3199999.9999999995,1.4E-5,0.66,0.66,0.0,180.0,7.4,8.9E-35,8.6E-5,2.3E-15,2.0E7,1.0,5.5E8,
3.3E-38,0.17,3400.0,2000.0,460.0,3199999.9999999995,1900.0,1900.0,7300.0,5900.0,5800.0,15.0,3199999.9999999995,1.2E-5,0.66,0.66,0.0,180.0,7.4,7.5E-37,8.6E-5,2.1E-15,2.1E7,1.0,5.5E8,
3.3E-38,0.17,3400.0,2000.0,460.0,3199999.9999999995,1900.0,1900.0,7300.0,5900.0,5800.0,15.0,3199999.9999999995,1.1E-5,0.66,0.66,0.0,180.0,7.4,6.2E-39,8.6E-5,1.9E-15,2.2E7,1.0,5.5E8,
3.3E-38,0.17,3400.0,2000.0,460.0,3199999.9999999995,1900.0,1900.0,7300.0,5900.0,5800.0,15.0,3199999.9999999995,9.2E-6,0.66,0.66,0.0,180.0,7.4,6.500000000000001E-38,8.6E-5,1.6E-15,2.3E7,1.0,5.5E8,
3.3E-38,0.17,3400.0,2000.0,460.0,3199999.9999999995,1900.0,1900.0,7300.0,5900.0,5800.0,15.0,3199999.9999999995,8.0E-6,0.66,0.66,0.0,180.0,7.4,2.0000000000000002E-38,8.6E-5,1.4E-15,2.4E7,1.0,5.5E8,
3.3E-38,0.17,3400.0,2000.0,460.0,3199999.9999999995,1900.0,1900.0,7300.0,5900.0,5800.0,15.0,3199999.9999999995,9.9E-6,0.66,0.66,0.0,170.0,7.4,1.1999999999999999E-39,8.6E-5,1.4E-15,2.3E7,1.0,5.5E8,
3.3E-38,0.17,3400.0,2000.0,460.0,3199999.9999999995,1900.0,1900.0,7300.0,5900.0,5800.0,15.0,3199999.9999999995,1.1E-5,0.66,0.66,0.0,170.0,7.4,3.2E-42,8.7E-5,1.6E-15,2.1E7,1.0,5.5E8,
3.3E-38,0.17,3400.0,2000.0,460.0,3199999.9999999995,1900.0,1900.0,7300.0,5900.0,5800.0,15.0,3199999.9999999995,1.2E-5,0.66,0.66,0.0,170.0,7.4,8.4E-45,8.7E-5,1.8E-15,2.1E7,1.0,5.5E8,
3.3E-38,0.17,3400.0,2000.0,460.0,3199999.9999999995,1900.0,1900.0,7300.0,5900.0,5800.0,15.0,3199999.9999999995,1.1E-5,0.66,0.66,0.0,170.0,7.4,2.1999999999999997E-47,8.7E-5,1.8E-15,2.2E7,1.0,5.5E8,
3.3E-38,0.17,3400.0,2000.0,460.0,3199999.9999999995,1900.0,1900.0,7300.0,5900.0,5800.0,15.0,3199999.9999999995,1.0E-5,0.66,0.66,0.0,170.0,7.4,1.4E-49,8.7E-5,1.7E-15,2.2E7,1.0,5.5E8,
3.3E-38,0.17,3400.0,2000.0,460.0,3199999.9999999995,1900.0,1900.0,7300.0,5900.0,5800.0,15.0,3199999.9999999995,9.1E-6,0.66,0.66,0.0,170.0,7.4,4.0E-50,8.7E-5,1.6E-15,2.3E7,1.0,5.5E8,
3.3E-38,0.17,3400.0,2000.0,460.0,3199999.9999999995,1900.0,1900.0,7300.0,5900.0,5800.0,15.0,3199999.9999999995,8.0E-6,0.66,0.66,0.0,170.0,7.4,8.5E-51,8.7E-5,1.4E-15,2.4E7,1.0,5.5E8,
3.3E-38,0.17,3400.0,2000.0,460.0,3199999.9999999995,1900.0,1900.0,7300.0,5900.0,5800.0,15.0,3199999.9999999995,7.0E-6,0.66,0.66,0.0,170.0,7.4,0.0,8.7E-5,1.2E-15,2.5E7,1.0,5.5E8,
3.3E-38,0.17,3400.0,2000.0,460.0,3199999.9999999995,1900.0,1900.0,7300.0,5900.0,5800.0,15.0,3199999.9999999995,7.8E-6,0.66,0.66,0.0,170.0,7.4,0.0,8.7E-5,1.2E-15,2.5E7,1.0,5.5E8,
3.3E-38,0.17,3400.0,2000.0,460.0,3199999.9999999995,1900.0,1900.0,7300.0,5900.0,5800.0,15.0,3199999.9999999995,9.6E-6,0.66,0.66,0.0,170.0,7.4,0.0,8.7E-5,1.3E-15,2.3E7,1.0,5.5E8,
3.3E-38,0.17,3400.0,2000.0,460.0,3199999.9999999995,1900.0,1900.0,7300.0,5900.0,5800.0,15.0,3199999.9999999995,1.0E-5,0.66,0.66,0.0,170.0,7.4,0.0,8.7E-5,1.5E-15,2.2E7,1.0,5.5E8,
3.3E-38,0.17,3400.0,2000.0,460.0,3199999.9999999995,1900.0,1900.0,7300.0,5900.0,5800.0,15.0,3199999.9999999995,1.0E-5,0.66,0.66,0.0,160.0,7.4,0.0,8.7E-5,1.6E-15,2.2E7,1.0,5.5E8,
3.3E-38,0.17,3400.0,2000.0,460.0,3199999.9999999995,1900.0,1900.0,7300.0,5900.0,5800.0,15.0,3199999.9999999995,9.5E-6,0.66,0.66,0.0,160.0,7.4,0.0,8.7E-5,1.6E-15,2.3E7,1.0,5.5E8,
3.3E-38,0.17,3400.0,2000.0,460.0,3199999.9999999995,1900.0,1900.0,7300.0,5900.0,5800.0,15.0,3199999.9999999995,8.6E-6,0.66,0.66,0.0,160.0,7.4,0.0,8.7E-5,1.5E-15,2.4E7,1.0,5.5E8,
3.3E-38,0.17,3400.0,2000.0,460.0,3199999.9999999995,1900.0,1900.0,7300.0,5900.0,5800.0,15.0,3199999.9999999995,7.7E-6,0.66,0.66,0.0,160.0,7.4,0.0,8.7E-5,1.3E-15,2.5E7,1.0,5.5E8,
3.3E-38,0.17,3400.0,2000.0,460.0,3199999.9999999995,1900.0,1900.0,7300.0,5900.0,5800.0,15.0,3199999.9999999995,6.8E-6,0.66,0.66,0.0,160.0,7.4,0.0,8.7E-5,1.2E-15,2.6E7,1.0,5.5E8,
3.3E-38,0.17,3400.0,2000.0,460.0,3199999.9999999995,1900.0,1900.0,7300.0,5900.0,5800.0,15.0,3199999.9999999995,6.5E-6,0.66,0.66,0.0,160.0,7.4,0.0,8.7E-5,1.1E-15,2.6E7,1.0,5.5E8,
3.3E-38,0.17,3400.0,2000.0,460.0,3199999.9999999995,1900.0,1900.0,7300.0,5900.0,5800.0,15.0,3199999.9999999995,8.5E-6,0.66,0.66,0.0,160.0,7.4,0.0,8.7E-5,1.2E-15,2.4E7,1.0,5.5E8,
3.3E-38,0.17,3400.0,2000.0,460.0,3199999.9999999995,1900.0,1900.0,7300.0,5900.0,5800.0,15.0,3199999.9999999995,9.6E-6,0.66,0.66,0.0,160.0,7.4,0.0,8.7E-5,1.4E-15,2.3E7,1.0,5.5E8,
3.3E-38,0.17,3400.0,2000.0,460.0,3199999.9999999995,1900.0,1900.0,7300.0,5900.0,5800.0,15.0,3199999.9999999995,1.0E-5,0.66,0.66,0.0,160.0,7.4,0.0,8.7E-5,1.5E-15,2.2E7,1.0,5.5E8,
3.3E-38,0.17,3400.0,2000.0,460.0,3199999.9999999995,1900.0,1900.0,7300.0,5900.0,5800.0,15.0,3199999.9999999995,1.3E-5,0.66,0.66,0.0,160.0,7.4,0.0,8.7E-5,1.8E-15,2.0E7,1.0,5.5E8,
3.3E-38,0.17,3400.0,2000.0,460.0,3199999.9999999995,1900.0,1900.0,7300.0,5900.0,5800.0,15.0,3199999.9999999995,1.4E-5,0.66,0.66,0.0,160.0,7.4,0.0,8.7E-5,2.1E-15,2.0E7,1.0,5.5E8,
3.3E-38,0.17,3400.0,2000.0,460.0,3199999.9999999995,1900.0,1900.0,7300.0,5900.0,5800.0,15.0,3199999.9999999995,1.4E-5,0.66,0.66,0.0,150.0,7.4,0.0,8.7E-5,2.2E-15,2.0E7,1.0,5.5E8,
3.3E-38,0.17,3400.0,2000.0,460.0,3199999.9999999995,1900.0,1900.0,7300.0,5900.0,5800.0,15.0,3199999.9999999995,1.3E-5,0.66,0.66,0.0,150.0,7.4,0.0,8.7E-5,2.1E-15,2.1E7,1.0,5.5E8,
3.3E-38,0.17,3400.0,2000.0,460.0,3199999.9999999995,1900.0,1900.0,7300.0,5900.0,5800.0,15.0,3199999.9999999995,1.1E-5,0.66,0.66,0.0,150.0,7.4,0.0,8.7E-5,1.9E-15,2.1E7,1.0,5.5E8,
3.3E-38,0.17,3400.0,2000.0,460.0,3199999.9999999995,1900.0,1900.0,7300.0,5900.0,5800.0,15.0,3199999.9999999995,9.9E-6,0.66,0.66,0.0,150.0,7.4,0.0,8.7E-5,1.7E-15,2.3E7,1.0,5.5E8,
3.3E-38,0.17,3400.0,2000.0,460.0,3199999.9999999995,1900.0,1900.0,7300.0,5900.0,5800.0,15.0,3199999.9999999995,8.6E-6,0.66,0.66,0.0,150.0,7.4,0.0,8.7E-5,1.5E-15,2.4E7,1.0,5.5E8,
3.3E-38,0.17,3400.0,2000.0,460.0,3199999.9999999995,1900.0,1900.0,7300.0,5900.0,5800.0,15.0,3199999.9999999995,7.5E-6,0.66,0.66,0.0,150.0,7.4,0.0,8.8E-5,1.4E-15,2.5E7,1.0,5.5E8,
3.3E-38,0.17,3400.0,2000.0,460.0,3199999.9999999995,1900.0,1900.0,7300.0,5900.0,5800.0,15.0,3199999.9999999995,9.4E-6,0.66,0.66,0.0,150.0,7.4,0.0,8.8E-5,1.4E-15,2.3E7,1.0,5.5E8,
3.3E-38,0.17,3400.0,2000.0,460.0,3199999.9999999995,1900.0,1900.0,7300.0,5900.0,5800.0,15.0,3199999.9999999995,1.1E-5,0.66,0.66,0.0,150.0,7.4,0.0,8.8E-5,1.6E-15,2.2E7,1.0,5.5E8,
3.3E-38,0.17,3400.0,2000.0,460.0,3199999.9999999995,1900.0,1900.0,7300.0,5900.0,5800.0,15.0,3199999.9999999995,1.1E-5,0.66,0.66,0.0,150.0,7.4,0.0,8.8E-5,1.7E-15,2.1E7,1.0,5.5E8,
3.3E-38,0.17,3400.0,2000.0,460.0,3199999.9999999995,1900.0,1900.0,7300.0,5900.0,5800.0,15.0,3199999.9999999995,1.1E-5,0.66,0.66,0.0,150.0,7.4,0.0,8.8E-5,1.8E-15,2.2E7,1.0,5.5E8,
3.3E-38,0.17,3400.0,2000.0,460.0,3199999.9999999995,1900.0,1900.0,7300.0,5900.0,5800.0,15.0,3199999.9999999995,9.9E-6,0.66,0.66,0.0,140.0,7.4,0.0,8.8E-5,1.7E-15,2.3E7,1.0,5.5E8,
3.3E-38,0.17,3400.0,2000.0,460.0,3199999.9999999995,1900.0,1900.0,7300.0,5900.0,5800.0,15.0,3199999.9999999995,8.8E-6,0.66,0.66,0.0,140.0,7.4,0.0,8.8E-5,1.5E-15,2.3E7,1.0,5.5E8,
3.3E-38,0.17,3400.0,2000.0,460.0,3199999.9999999995,1900.0,1900.0,7300.0,5900.0,5800.0,15.0,3199999.9999999995,7.8E-6,0.66,0.66,0.0,140.0,7.4,0.0,8.8E-5,1.4E-15,2.5E7,1.0,5.5E8,
3.3E-38,0.17,3400.0,2000.0,460.0,3199999.9999999995,1900.0,1900.0,7300.0,5900.0,5800.0,15.0,3199999.9999999995,6.8E-6,0.66,0.66,0.0,140.0,7.4,0.0,8.8E-5,1.2E-15,2.6E7,1.0,5.5E8,
3.3E-38,0.17,3400.0,2000.0,460.0,3199999.9999999995,1900.0,1900.0,7300.0,5900.0,5800.0,15.0,3199999.9999999995,7.6E-6,0.66,0.66,0.0,140.0,7.4,0.0,8.8E-5,1.1E-15,2.5E7,1.0,5.5E8,
3.3E-38,0.17,3400.0,2000.0,460.0,3199999.9999999995,1900.0,1900.0,7300.0,5900.0,5800.0,15.0,3199999.9999999995,9.4E-6,0.66,0.66,0.0,140.0,7.4,0.0,8.8E-5,1.3E-15,2.3E7,1.0,5.5E8,
3.3E-38,0.17,3400.0,2000.0,460.0,3199999.9999999995,1900.0,1900.0,7300.0,5900.0,5800.0,15.0,3199999.9999999995,1.0E-5,0.66,0.66,0.0,140.0,7.4,0.0,8.8E-5,1.5E-15,2.2E7,1.0,5.5E8,
2.9E-38,0.25,4700.0,3400.0,340.0,3999999.9999999995,3700.0,1900.0,7300.0,5900.0,750.0,15.0,4099999.9999999995,1.7E-5,0.68,0.68,0.0,220.0,10.0,1.8E-4,1.1E-4,1.4E-11,2.2E7,1.0,5.6E8,
2.6E-38,0.23,4700.0,3400.0,340.0,3399999.9999999995,3700.0,1900.0,7300.0,5900.0,750.0,15.0,3399999.9999999995,1.8E-5,0.6,0.6,0.0,220.0,9.0,3.5E-6,1.0E-4,5.9E-12,2.0E7,1.0,5.6E8,
2.6E-38,0.22,4700.0,3400.0,340.0,3199999.9999999995,3700.0,1900.0,7300.0,5900.0,750.0,15.0,3299999.9999999995,2.0E-5,0.57,0.57,0.0,210.0,8.6,6.5E-8,1.0E-4,2.6E-12,1.9E7,1.0,5.6E8,
2.6E-38,0.22,4700.0,3400.0,340.0,3199999.9999999995,3700.0,1900.0,7300.0,5900.0,750.0,15.0,3299999.9999999995,2.3E-5,0.57,0.57,0.0,210.0,8.6,1.7E-10,1.0E-4,7.8E-13,1.8E7,1.0,5.6E8,
2.6E-38,0.22,4700.0,3400.0,340.0,3199999.9999999995,3700.0,1900.0,7300.0,5900.0,750.0,15.0,3299999.9999999995,2.3E-5,0.57,0.57,0.0,210.0,8.6,4.5E-13,1.0E-4,2.4E-13,1.8E7,1.0,5.6E8,
2.6E-38,0.22,4700.0,3400.0,340.0,3199999.9999999995,3700.0,1900.0,7300.0,5900.0,750.0,15.0,3299999.9999999995,2.1E-5,0.57,0.57,0.0,210.0,8.6,1.2E-15,1.0E-4,7.5E-14,1.8E7,1.0,5.6E8,
2.6E-38,0.22,4700.0,3400.0,340.0,3199999.9999999995,3700.0,1900.0,7300.0,5900.0,750.0,15.0,3299999.9999999995,1.9E-5,0.57,0.57,0.0,200.0,8.6,3.2E-18,1.0E-4,2.5E-14,1.9E7,1.0,5.6E8,
2.6E-38,0.22,4700.0,3400.0,340.0,3199999.9999999995,3700.0,1900.0,7300.0,5900.0,750.0,15.0,3299999.9999999995,1.6E-5,0.57,0.57,0.0,200.0,8.6,5.7E-21,1.0E-4,9.8E-15,2.0E7,1.0,5.6E8,
2.6E-38,0.22,4700.0,3400.0,340.0,3199999.9999999995,3700.0,1900.0,7300.0,5900.0,750.0,14.0,3299999.9999999995,1.4E-5,0.57,0.57,0.0,200.0,8.6,0.0,1.0E-4,4.9E-15,2.1E7,1.0,5.6E8,
2.6E-38,0.22,4700.0,3400.0,340.0,3199999.9999999995,3700.0,1900.0,7300.0,5900.0,750.0,14.0,3299999.9999999995,1.2E-5,0.57,0.57,0.0,200.0,8.6,0.0,1.0E-4,3.2E-15,2.2E7,1.0,5.6E8,
2.6E-38,0.22,4700.0,3400.0,340.0,3199999.9999999995,3700.0,1900.0,7300.0,5900.0,750.0,14.0,3299999.9999999995,1.2E-5,0.57,0.57,0.0,200.0,8.5,1.5999999999999998E-25,1.0E-4,2.5E-15,2.2E7,1.0,5.5E8,
2.6E-38,0.22,4700.0,3400.0,340.0,3199999.9999999995,3700.0,1900.0,7300.0,5900.0,750.0,14.0,3299999.9999999995,1.5E-5,0.57,0.57,0.0,200.0,8.5,4.3E-28,1.0E-4,2.6E-15,2.1E7,1.0,5.5E8,
2.6E-38,0.22,4700.0,3400.0,340.0,3199999.9999999995,3700.0,1900.0,7300.0,5900.0,750.0,14.0,3299999.9999999995,1.6E-5,0.57,0.57,0.0,200.0,8.5,1.1000000000000001E-30,1.0E-4,2.8E-15,2.0E7,1.0,5.5E8,
2.6E-38,0.22,4700.0,3400.0,340.0,3199999.9999999995,3700.0,1900.0,7300.0,5900.0,750.0,14.0,3299999.9999999995,1.5E-5,0.57,0.57,0.0,200.0,8.5,2.9E-33,1.0E-4,2.9E-15,2.1E7,1.0,5.5E8,
2.6E-38,0.22,4700.0,3400.0,340.0,3199999.9999999995,3700.0,1900.0,7300.0,5900.0,750.0,14.0,3299999.9999999995,1.4E-5,0.57,0.57,0.0,200.0,8.5,7.9E-36,1.0E-4,2.8E-15,2.1E7,1.0,5.5E8,
2.6E-38,0.22,4700.0,3400.0,340.0,3199999.9999999995,3700.0,1900.0,7300.0,5900.0,750.0,14.0,3299999.9999999995,1.2E-5,0.57,0.57,0.0,190.0,8.5,1.1E-37,1.0E-4,2.6E-15,2.2E7,1.0,5.5E8,
2.6E-38,0.22,4700.0,3400.0,340.0,3199999.9999999995,3700.0,1900.0,7300.0,5900.0,750.0,14.0,3299999.9999999995,1.1E-5,0.57,0.57,0.0,190.0,8.5,0.0,1.0E-4,2.3E-15,2.3E7,1.0,5.5E8,
2.6E-38,0.22,4700.0,3400.0,340.0,3199999.9999999995,3700.0,1900.0,7300.0,5900.0,750.0,14.0,3299999.9999999995,9.8E-6,0.57,0.57,0.0,190.0,8.5,1.3E-38,1.0E-4,2.1E-15,2.4E7,1.0,5.5E8,
2.6E-38,0.22,4700.0,3400.0,340.0,3199999.9999999995,3700.0,1900.0,7300.0,5900.0,750.0,14.0,3299999.9999999995,8.3E-6,0.57,0.57,0.0,190.0,8.5,0.0,1.0E-4,1.8E-15,2.6E7,1.0,5.5E8,
2.6E-38,0.22,4700.0,3400.0,340.0,3199999.9999999995,3700.0,1900.0,7300.0,5900.0,750.0,14.0,3299999.9999999995,1.1E-5,0.57,0.57,0.0,190.0,8.5,0.0,1.0E-4,1.9E-15,2.3E7,1.0,5.5E8,
2.6E-38,0.22,4700.0,3400.0,340.0,3199999.9999999995,3700.0,1900.0,7300.0,5900.0,750.0,14.0,3299999.9999999995,1.2E-5,0.57,0.57,0.0,180.0,8.5,0.0,1.0E-4,2.1E-15,2.2E7,1.0,5.5E8,
2.6E-38,0.22,4700.0,3400.0,340.0,3199999.9999999995,3700.0,1900.0,7300.0,5900.0,750.0,14.0,3299999.9999999995,1.3E-5,0.57,0.57,0.0,180.0,8.5,0.0,1.0E-4,2.3E-15,2.2E7,1.0,5.5E8,
2.6E-38,0.22,4700.0,3400.0,340.0,3199999.9999999995,3700.0,1900.0,7300.0,5900.0,750.0,14.0,3299999.9999999995,1.2E-5,0.57,0.57,0.0,180.0,8.5,0.0,1.0E-4,2.3E-15,2.2E7,1.0,5.5E8,
2.6E-38,0.22,4700.0,3400.0,340.0,3199999.9999999995,3700.0,1900.0,7300.0,5900.0,750.0,14.0,3299999.9999999995,1.1E-5,0.57,0.57,0.0,180.0,8.5,0.0,1.0E-4,2.3E-15,2.3E7,1.0,5.5E8,
2.6E-38,0.22,4700.0,3400.0,340.0,3199999.9999999995,3700.0,1900.0,7300.0,5900.0,750.0,14.0,3299999.9999999995,9.8E-6,0.57,0.57,0.0,180.0,8.5,0.0,1.0E-4,2.0E-15,2.4E7,1.0,5.5E8,
2.6E-38,0.22,4700.0,3400.0,340.0,3199999.9999999995,3700.0,1900.0,7300.0,5900.0,750.0,14.0,3299999.9999999995,8.9E-6,0.57,0.57,0.0,180.0,8.5,0.0,1.0E-4,1.9E-15,2.5E7,1.0,5.5E8,
2.6E-38,0.22,4700.0,3400.0,340.0,3199999.9999999995,3700.0,1900.0,7300.0,5900.0,750.0,14.0,3299999.9999999995,7.6E-6,0.57,0.57,0.0,180.0,8.5,0.0,1.0E-4,1.6E-15,2.6E7,1.0,5.5E8,
2.6E-38,0.22,4700.0,3400.0,340.0,3199999.9999999995,3700.0,1900.0,7300.0,5900.0,750.0,14.0,3299999.9999999995,9.1E-6,0.57,0.57,0.0,180.0,8.5,0.0,1.0E-4,1.6E-15,2.5E7,1.0,5.5E8,
2.6E-38,0.22,4700.0,3400.0,340.0,3199999.9999999995,3700.0,1900.0,7300.0,5900.0,750.0,14.0,3299999.9999999995,1.1E-5,0.57,0.57,0.0,180.0,8.5,0.0,1.0E-4,1.8E-15,2.3E7,1.0,5.5E8,
2.6E-38,0.22,4700.0,3400.0,340.0,3199999.9999999995,3700.0,1900.0,7300.0,5900.0,750.0,14.0,3299999.9999999995,1.2E-5,0.57,0.57,0.0,180.0,8.5,0.0,1.0E-4,2.1E-15,2.3E7,1.0,5.5E8,
2.6E-38,0.22,4700.0,3400.0,340.0,3199999.9999999995,3700.0,1900.0,7300.0,5900.0,750.0,14.0,3299999.9999999995,1.1E-5,0.57,0.57,0.0,180.0,8.5,0.0,1.0E-4,2.2E-15,2.3E7,1.0,5.5E8,
2.6E-38,0.22,4700.0,3400.0,340.0,3199999.9999999995,3700.0,1900.0,7300.0,5900.0,750.0,14.0,3299999.9999999995,1.1E-5,0.57,0.57,0.0,180.0,8.5,0.0,1.0E-4,2.1E-15,2.3E7,1.0,5.5E8,
2.6E-38,0.22,4700.0,3400.0,340.0,3199999.9999999995,3700.0,1900.0,7300.0,5900.0,750.0,14.0,3299999.9999999995,9.5E-6,0.57,0.57,0.0,180.0,8.5,0.0,1.1E-4,1.9E-15,2.4E7,1.0,5.5E8,
2.6E-38,0.22,4700.0,3400.0,340.0,3199999.9999999995,3700.0,1900.0,7300.0,5900.0,750.0,14.0,3299999.9999999995,8.4E-6,0.57,0.57,0.0,170.0,8.5,0.0,1.1E-4,1.8E-15,2.5E7,1.0,5.5E8,
2.6E-38,0.22,4700.0,3400.0,340.0,3199999.9999999995,3700.0,1900.0,7300.0,5900.0,750.0,14.0,3299999.9999999995,7.5E-6,0.57,0.57,0.0,170.0,8.5,0.0,1.1E-4,1.6E-15,2.6E7,1.0,5.5E8,
2.6E-38,0.22,4700.0,3400.0,340.0,3199999.9999999995,3700.0,1900.0,7300.0,5900.0,750.0,14.0,3299999.9999999995,7.8E-6,0.57,0.57,0.0,170.0,8.5,0.0,1.1E-4,1.4E-15,2.6E7,1.0,5.5E8,
2.6E-38,0.22,4700.0,3400.0,340.0,3199999.9999999995,3700.0,1900.0,7300.0,5900.0,750.0,14.0,3299999.9999999995,9.9E-6,0.57,0.57,0.0,170.0,8.5,0.0,1.1E-4,1.6E-15,2.4E7,1.0,5.5E8,
2.6E-38,0.22,4700.0,3400.0,340.0,3199999.9999999995,3700.0,1900.0,7300.0,5900.0,750.0,14.0,3299999.9999999995,1.1E-5,0.57,0.57,0.0,170.0,8.5,0.0,1.1E-4,1.9E-15,2.3E7,1.0,5.5E8,
2.6E-38,0.22,4700.0,3400.0,340.0,3199999.9999999995,3700.0,1900.0,7300.0,5900.0,750.0,14.0,3299999.9999999995,1.1E-5,0.57,0.57,0.0,170.0,8.5,0.0,1.1E-4,2.0E-15,2.3E7,1.0,5.5E8,
2.6E-38,0.22,4700.0,3400.0,340.0,3199999.9999999995,3700.0,1900.0,7300.0,5900.0,750.0,14.0,3299999.9999999995,1.0E-5,0.57,0.57,0.0,160.0,8.5,0.0,1.1E-4,2.0E-15,2.3E7,1.0,5.5E8,
2.6E-38,0.22,4700.0,3400.0,340.0,3199999.9999999995,3700.0,1900.0,7300.0,5900.0,750.0,14.0,3299999.9999999995,9.5E-6,0.57,0.57,0.0,160.0,8.5,0.0,1.1E-4,1.9E-15,2.4E7,1.0,5.5E8,
2.6E-38,0.22,4700.0,3400.0,340.0,3199999.9999999995,3700.0,1900.0,7300.0,5900.0,750.0,14.0,3299999.9999999995,8.5E-6,0.57,0.57,0.0,160.0,8.5,0.0,1.1E-4,1.8E-15,2.5E7,1.0,5.5E8,
2.6E-38,0.22,4700.0,3400.0,340.0,3199999.9999999995,3700.0,1900.0,7300.0,5900.0,750.0,14.0,3299999.9999999995,7.5E-6,0.57,0.57,0.0,160.0,8.5,0.0,1.1E-4,1.6E-15,2.6E7,1.0,5.5E8,
2.6E-38,0.22,4700.0,3400.0,340.0,3199999.9999999995,3700.0,1900.0,7300.0,5900.0,750.0,14.0,3299999.9999999995,6.7E-6,0.57,0.57,0.0,160.0,8.5,0.0,1.1E-4,1.4E-15,2.8E7,1.0,5.5E8,
2.6E-38,0.22,4700.0,3400.0,340.0,3199999.9999999995,3700.0,1900.0,7300.0,5900.0,750.0,14.0,3299999.9999999995,9.0E-6,0.57,0.57,0.0,160.0,8.5,0.0,1.1E-4,1.5E-15,2.5E7,1.0,5.5E8,
2.6E-38,0.22,4700.0,3400.0,340.0,3199999.9999999995,3700.0,1900.0,7300.0,5900.0,750.0,14.0,3299999.9999999995,1.0E-5,0.57,0.57,0.0,160.0,8.5,0.0,1.1E-4,1.8E-15,2.3E7,1.0,5.5E8,
2.6E-38,0.22,4700.0,3400.0,340.0,3199999.9999999995,3700.0,1900.0,7300.0,5900.0,750.0,14.0,3299999.9999999995,1.1E-5,0.57,0.57,0.0,160.0,8.5,0.0,1.1E-4,2.0E-15,2.3E7,1.0,5.5E8,
2.6E-38,0.22,4700.0,3400.0,340.0,3199999.9999999995,3700.0,1900.0,7300.0,5900.0,750.0,14.0,3299999.9999999995,1.0E-5,0.57,0.57,0.0,160.0,8.5,0.0,1.1E-4,2.0E-15,2.3E7,1.0,5.5E8,
2.6E-38,0.22,4700.0,3400.0,340.0,3199999.9999999995,3700.0,1900.0,7300.0,5900.0,750.0,14.0,3299999.9999999995,9.6E-6,0.57,0.57,0.0,160.0,8.5,0.0,1.1E-4,1.9E-15,2.4E7,1.0,5.5E8,
2.6E-38,0.22,4700.0,3400.0,340.0,3199999.9999999995,3700.0,1900.0,7300.0,5900.0,750.0,14.0,3299999.9999999995,8.7E-6,0.57,0.57,0.0,160.0,8.5,0.0,1.1E-4,1.8E-15,2.5E7,1.0,5.5E8,
2.6E-38,0.22,4700.0,3400.0,340.0,3199999.9999999995,3700.0,1900.0,7300.0,5900.0,750.0,14.0,3299999.9999999995,7.7E-6,0.57,0.57,0.0,160.0,8.5,0.0,1.1E-4,1.6E-15,2.6E7,1.0,5.5E8,
2.6E-38,0.22,4700.0,3400.0,340.0,3199999.9999999995,3700.0,1900.0,7300.0,5900.0,750.0,14.0,3299999.9999999995,6.8E-6,0.57,0.57,0.0,150.0,8.5,0.0,1.1E-4,1.4E-15,2.7E7,1.0,5.5E8,
2.6E-38,0.22,4700.0,3400.0,340.0,3199999.9999999995,3700.0,1900.0,7300.0,5900.0,750.0,14.0,3299999.9999999995,8.2E-6,0.57,0.57,0.0,150.0,8.5,0.0,1.1E-4,1.4E-15,2.6E7,1.0,5.5E8,
2.6E-38,0.22,4700.0,3400.0,340.0,3199999.9999999995,3700.0,1900.0,7300.0,5900.0,750.0,14.0,3299999.9999999995,1.0E-5,0.57,0.57,0.0,150.0,8.5,0.0,1.1E-4,1.7E-15,2.4E7,1.0,5.5E8,
2.6E-38,0.22,4700.0,3400.0,340.0,3199999.9999999995,3700.0,1900.0,7300.0,5900.0,750.0,14.0,3299999.9999999995,1.1E-5,0.57,0.57,0.0,150.0,8.5,0.0,1.1E-4,1.9E-15,2.3E7,1.0,5.5E8,
2.6E-38,0.22,4700.0,3400.0,340.0,3199999.9999999995,3700.0,1900.0,7300.0,5900.0,750.0,14.0,3299999.9999999995,1.1E-5,0.57,0.57,0.0,150.0,8.5,0.0,1.1E-4,2.0E-15,2.3E7,1.0,5.5E8,
2.6E-38,0.22,4700.0,3400.0,340.0,3199999.9999999995,3700.0,1900.0,7300.0,5900.0,750.0,14.0,3299999.9999999995,9.8E-6,0.57,0.57,0.0,150.0,8.5,0.0,1.1E-4,2.0E-15,2.4E7,1.0,5.5E8,
2.6E-38,0.22,4700.0,3400.0,340.0,3199999.9999999995,3700.0,1900.0,7300.0,5900.0,750.0,14.0,3299999.9999999995,8.9E-6,0.57,0.57,0.0,150.0,8.5,0.0,1.1E-4,1.8E-15,2.5E7,1.0,5.5E8,
2.6E-38,0.22,4700.0,3400.0,340.0,3199999.9999999995,3700.0,1900.0,7300.0,5900.0,750.0,14.0,3299999.9999999995,7.9E-6,0.57,0.57,0.0,150.0,8.5,0.0,1.1E-4,1.7E-15,2.6E7,1.0,5.5E8,
2.6E-38,0.22,4700.0,3400.0,340.0,3199999.9999999995,3700.0,1900.0,7300.0,5900.0,750.0,14.0,3299999.9999999995,7.0E-6,0.57,0.57,0.0,150.0,8.5,0.0,1.1E-4,1.5E-15,2.7E7,1.0,5.5E8,
2.6E-38,0.22,4700.0,3400.0,340.0,3199999.9999999995,3700.0,1900.0,7300.0,5900.0,750.0,14.0,3299999.9999999995,7.3E-6,0.57,0.57,0.0,150.0,8.5,0.0,1.1E-4,1.4E-15,2.7E7,1.0,5.5E8,
2.6E-38,0.22,4700.0,3400.0,340.0,3199999.9999999995,3700.0,1900.0,7300.0,5900.0,750.0,14.0,3299999.9999999995,9.4E-6,0.57,0.57,0.0,150.0,8.5,0.0,1.1E-4,1.6E-15,2.4E7,1.0,5.5E8,
2.6E-38,0.22,4700.0,3400.0,340.0,3199999.9999999995,3700.0,1900.0,7300.0,5900.0,750.0,14.0,3299999.9999999995,1.1E-5,0.57,0.57,0.0,150.0,8.5,0.0,1.1E-4,1.8E-15,2.3E7,1.0,5.5E8,
2.6E-38,0.22,4700.0,3400.0,340.0,3199999.9999999995,3700.0,1900.0,7300.0,5900.0,750.0,14.0,3299999.9999999995,1.1E-5,0.57,0.57,0.0,140.0,8.5,0.0,1.1E-4,2.0E-15,2.3E7,1.0,5.5E8,
2.6E-38,0.22,4700.0,3400.0,340.0,3199999.9999999995,3700.0,1900.0,7300.0,5900.0,750.0,14.0,3299999.9999999995,1.0E-5,0.57,0.57,0.0,140.0,8.5,0.0,1.1E-4,2.0E-15,2.4E7,1.0,5.5E8,
2.6E-38,0.22,4700.0,3400.0,340.0,3199999.9999999995,3700.0,1900.0,7300.0,5900.0,750.0,14.0,3299999.9999999995,9.2E-6,0.57,0.57,0.0,140.0,8.5,0.0,1.1E-4,1.9E-15,2.5E7,1.0,5.5E8,
2.6E-38,0.22,4700.0,3400.0,340.0,3199999.9999999995,3700.0,1900.0,7300.0,5900.0,750.0,14.0,3299999.9999999995,8.2E-6,0.57,0.57,0.0,140.0,8.5,0.0,1.1E-4,1.7E-15,2.6E7,1.0,5.5E8,
2.6E-38,0.22,4700.0,3400.0,340.0,3199999.9999999995,3700.0,1900.0,7300.0,5900.0,750.0,14.0,3299999.9999999995,7.3E-6,0.57,0.57,0.0,140.0,8.5,0.0,1.1E-4,1.6E-15,2.7E7,1.0,5.5E8,
2.6E-38,0.22,4700.0,3400.0,340.0,3199999.9999999995,3700.0,1900.0,7300.0,5900.0,750.0,14.0,3299999.9999999995,6.5E-6,0.57,0.57,0.0,140.0,8.5,0.0,1.1E-4,1.4E-15,2.8E7,1.0,5.5E8,
2.6E-38,0.22,4700.0,3400.0,340.0,3199999.9999999995,3700.0,1900.0,7300.0,5900.0,750.0,14.0,3299999.9999999995,8.8E-6,0.57,0.57,0.0,140.0,8.5,0.0,1.1E-4,1.5E-15,2.5E7,1.0,5.5E8,
2.6E-38,0.22,4700.0,3400.0,340.0,3199999.9999999995,3700.0,1900.0,7300.0,5900.0,750.0,14.0,3299999.9999999995,1.0E-5,0.57,0.57,0.0,140.0,8.5,0.0,1.1E-4,1.8E-15,2.4E7,1.0,5.5E8,
2.6E-38,0.22,4700.0,3400.0,340.0,3199999.9999999995,3700.0,1900.0,7300.0,5900.0,750.0,14.0,3299999.9999999995,1.1E-5,0.57,0.57,0.0,140.0,8.5,0.0,1.1E-4,2.0E-15,2.3E7,1.0,5.5E8,
2.6E-38,0.22,4700.0,3400.0,340.0,3199999.9999999995,3700.0,1900.0,7300.0,5900.0,750.0,14.0,3299999.9999999995,1.0E-5,0.57,0.57,0.0,140.0,8.5,0.0,1.1E-4,2.0E-15,2.4E7,1.0,5.5E8,
2.6E-38,0.22,4700.0,3400.0,340.0,3199999.9999999995,3700.0,1900.0,7300.0,5900.0,750.0,14.0,3299999.9999999995,9.5E-6,0.57,0.57,0.0,140.0,8.5,0.0,1.1E-4,1.9E-15,2.4E7,1.0,5.5E8,
2.6E-38,0.22,4700.0,3400.0,340.0,3199999.9999999995,3700.0,1900.0,7300.0,5900.0,750.0,14.0,3299999.9999999995,8.5E-6,0.57,0.57,0.0,140.0,8.5,0.0,1.1E-4,1.8E-15,2.5E7,1.0,5.5E8,
2.6E-38,0.22,4700.0,3400.0,340.0,3199999.9999999995,3700.0,1900.0,7300.0,5900.0,750.0,14.0,3299999.9999999995,7.6E-6,0.57,0.57,0.0,140.0,8.5,0.0,1.1E-4,1.6E-15,2.6E7,1.0,5.5E8,
2.6E-38,0.22,4700.0,3400.0,340.0,3199999.9999999995,3700.0,1900.0,7300.0,5900.0,750.0,14.0,3299999.9999999995,6.7E-6,0.57,0.57,0.0,140.0,8.5,0.0,1.1E-4,1.4E-15,2.7E7,1.0,5.5E8,
2.6E-38,0.22,4700.0,3400.0,340.0,3199999.9999999995,3700.0,1900.0,7300.0,5900.0,750.0,14.0,3299999.9999999995,8.1E-6,0.57,0.57,0.0,140.0,8.5,0.0,1.1E-4,1.4E-15,2.6E7,1.0,5.5E8,
2.6E-38,0.22,4700.0,3400.0,340.0,3199999.9999999995,3700.0,1900.0,7300.0,5900.0,750.0,14.0,3299999.9999999995,9.9E-6,0.57,0.57,0.0,130.0,8.5,0.0,1.1E-4,1.7E-15,2.4E7,1.0,5.5E8,
2.6E-38,0.22,4700.0,3400.0,340.0,3199999.9999999995,3700.0,1900.0,7300.0,5900.0,750.0,14.0,3299999.9999999995,1.1E-5,0.57,0.57,0.0,130.0,8.5,0.0,1.1E-4,1.9E-15,2.3E7,1.0,5.5E8,
2.6E-38,0.22,4700.0,3400.0,340.0,3199999.9999999995,3700.0,1900.0,7300.0,5900.0,750.0,14.0,3299999.9999999995,1.0E-5,0.57,0.57,0.0,130.0,8.5,0.0,1.1E-4,2.0E-15,2.3E7,1.0,5.5E8,
2.6E-38,0.22,4700.0,3400.0,340.0,3199999.9999999995,3700.0,1900.0,7300.0,5900.0,750.0,14.0,3299999.9999999995,9.7E-6,0.57,0.57,0.0,130.0,8.5,0.0,1.1E-4,2.0E-15,2.4E7,1.0,5.5E8,
2.6E-38,0.22,4700.0,3400.0,340.0,3199999.9999999995,3700.0,1900.0,7300.0,5900.0,750.0,14.0,3299999.9999999995,8.8E-6,0.57,0.57,0.0,130.0,8.5,0.0,1.1E-4,1.8E-15,2.5E7,1.0,5.5E8,
2.6E-38,0.22,4700.0,3400.0,340.0,3199999.9999999995,3700.0,1900.0,7300.0,5900.0,750.0,14.0,3299999.9999999995,7.9E-6,0.57,0.57,0.0,130.0,8.5,0.0,1.1E-4,1.7E-15,2.6E7,1.0,5.5E8,
2.6E-38,0.22,4700.0,3400.0,340.0,3199999.9999999995,3700.0,1900.0,7300.0,5900.0,750.0,14.0,3299999.9999999995,7.0E-6,0.57,0.57,0.0,130.0,8.5,0.0,1.1E-4,1.5E-15,2.7E7,1.0,5.5E8,
2.6E-38,0.22,4700.0,3400.0,340.0,3199999.9999999995,3700.0,1900.0,7300.0,5900.0,750.0,14.0,3299999.9999999995,7.3E-6,0.57,0.57,0.0,130.0,8.5,0.0,1.1E-4,1.4E-15,2.7E7,1.0,5.5E8,
2.6E-38,0.22,4700.0,3400.0,340.0,3199999.9999999995,3700.0,1900.0,7300.0,5900.0,750.0,14.0,3299999.9999999995,9.4E-6,0.57,0.57,0.0,130.0,8.5,0.0,1.1E-4,1.6E-15,2.4E7,1.0,5.5E8,
2.6E-38,0.22,4700.0,3400.0,340.0,3199999.9999999995,3700.0,1900.0,7300.0,5900.0,750.0,14.0,3299999.9999999995,1.0E-5,0.57,0.57,0.0,130.0,8.5,0.0,1.1E-4,1.9E-15,2.3E7,1.0,5.5E8,
2.6E-38,0.22,4700.0,3400.0,340.0,3199999.9999999995,3700.0,1900.0,7300.0,5900.0,750.0,14.0,3299999.9999999995,1.1E-5,0.57,0.57,0.0,130.0,8.5,0.0,1.1E-4,2.0E-15,2.3E7,1.0,5.5E8,
2.6E-38,0.22,4700.0,3400.0,340.0,3199999.9999999995,3700.0,1900.0,7300.0,5900.0,750.0,14.0,3299999.9999999995,1.0E-5,0.57,0.57,0.0,130.0,8.5,0.0,1.1E-4,2.0E-15,2.4E7,1.0,5.5E8,
1.7E-37,1.9,16000.0,51000.0,13000.0,4300000.0,3700.0,1900.0,7300.0,5900.0,1600.0,15.0,4400000.0,4.1,1.1,1.1,0.0,240.0,42.0,0.0,1.5E-4,2.5E-9,2.5E7,1.0,5.8E8,
1.9000000000000002E-38,0.21,990.0,3200.0,160.0,4099999.9999999995,3700.0,1900.0,7300.0,5900.0,1600.0,15.0,4099999.9999999995,1.8E-5,0.53,0.53,0.0,230.0,14.0,0.0,1.5E-4,1.5E-10,2.4E7,1.0,5.7E8,
1.8E-38,0.2,990.0,3200.0,160.0,3899999.9999999995,3700.0,1900.0,7300.0,5900.0,1600.0,15.0,3899999.9999999995,2.2E-5,0.51,0.51,0.0,230.0,13.0,0.0,1.5E-4,5.5E-11,2.2E7,1.0,5.7E8,
1.8E-38,0.2,980.0,3200.0,150.0,3699999.9999999995,3600.0,1900.0,7300.0,5800.0,1600.0,15.0,3699999.9999999995,2.5E-5,0.49,0.49,0.0,230.0,12.0,0.0,1.5E-4,2.4E-11,2.0E7,1.0,5.7E8,
1.7E-38,0.19,980.0,3200.0,150.0,3399999.9999999995,3600.0,1900.0,7300.0,5800.0,1600.0,14.0,3399999.9999999995,2.5E-5,0.47,0.47,0.0,230.0,11.0,0.0,1.5E-4,1.5E-11,1.9E7,1.0,5.7E8,
1.7E-38,0.18,980.0,3200.0,150.0,3299999.9999999995,3600.0,1900.0,7300.0,5800.0,1600.0,14.0,3299999.9999999995,3.0E-5,0.46,0.46,0.0,240.0,11.0,0.0,1.5E-4,4.5E-12,1.8E7,1.0,5.7E8,
1.7E-38,0.18,980.0,3200.0,150.0,3299999.9999999995,3600.0,1900.0,7200.0,5800.0,1500.0,14.0,3299999.9999999995,3.3E-5,0.46,0.46,0.0,240.0,11.0,0.0,1.5E-4,1.4E-12,1.8E7,1.0,5.7E8,
1.7E-38,0.18,980.0,3200.0,150.0,3299999.9999999995,3600.0,1900.0,7200.0,5800.0,1500.0,14.0,3299999.9999999995,3.1E-5,0.46,0.46,0.0,240.0,11.0,0.0,1.5E-4,4.2E-13,1.8E7,1.0,5.7E8,
1.7E-38,0.18,980.0,3200.0,150.0,3299999.9999999995,3600.0,1900.0,7200.0,5800.0,1500.0,14.0,3299999.9999999995,2.8E-5,0.46,0.46,0.0,240.0,11.0,0.0,1.5E-4,1.3E-13,1.8E7,1.0,5.7E8,
1.7E-38,0.18,980.0,3200.0,150.0,3299999.9999999995,3600.0,1900.0,7200.0,5800.0,1500.0,14.0,3299999.9999999995,2.5E-5,0.46,0.46,0.0,240.0,11.0,0.0,1.5E-4,4.4E-14,1.9E7,1.0,5.7E8,
1.7E-38,0.18,980.0,3200.0,150.0,3299999.9999999995,3600.0,1900.0,7200.0,5800.0,1500.0,14.0,3299999.9999999995,2.1E-5,0.46,0.46,0.0,240.0,11.0,0.0,1.5E-4,1.8E-14,2.0E7,1.0,5.7E8,
1.7E-38,0.18,980.0,3200.0,150.0,3299999.9999999995,3600.0,1900.0,7200.0,5800.0,1500.0,14.0,3299999.9999999995,1.8E-5,0.46,0.46,0.0,230.0,11.0,0.0,1.5E-4,8.9E-15,2.2E7,1.0,5.7E8,
1.7E-38,0.18,980.0,3200.0,150.0,3299999.9999999995,3600.0,1900.0,7200.0,5800.0,1500.0,14.0,3299999.9999999995,1.6E-5,0.46,0.46,0.0,230.0,11.0,0.0,1.5E-4,5.8E-15,2.3E7,1.0,5.7E8,
1.8E-37,2.2,320.0,70000.0,570.0,4300000.0,24000.0,3300.0,7200.0,5800.0,1500.0,15.0,4400000.0,2.9E-5,0.93,0.93,0.0,250.0,6.6,83.0,1.7E-4,4.1E-10,2.3E7,1.0,5.8E8,
2.3E-38,0.29,320.0,4900.0,570.0,4099999.9999999995,1300.0,3300.0,7200.0,5800.0,1500.0,15.0,4200000.0,1.1E-5,0.45,0.45,0.0,250.0,6.2,1.6,1.7E-4,2.4E-11,2.1E7,1.0,5.8E8,
2.2E-38,0.28,320.0,4900.0,570.0,3699999.9999999995,1300.0,3300.0,7200.0,5800.0,1500.0,14.0,3699999.9999999995,1.2E-5,0.42,0.42,0.0,250.0,5.7,0.08,1.7E-4,1.2E-11,2.0E7,1.0,5.7E8,
2.1E-38,0.27,320.0,4900.0,570.0,3499999.9999999995,1300.0,3300.0,7200.0,5800.0,1500.0,14.0,3499999.9999999995,1.3E-5,0.4,0.4,0.0,250.0,5.3,0.0041,1.7E-4,6.6E-12,1.9E7,1.0,5.7E8,
2.1E-38,0.26,320.0,4900.0,570.0,3299999.9999999995,1300.0,3300.0,7200.0,5800.0,1500.0,14.0,3299999.9999999995,1.4E-5,0.39,0.39,0.0,250.0,5.1,7.6E-5,1.7E-4,2.9E-12,1.8E7,1.0,5.7E8,
2.1E-38,0.26,320.0,4900.0,560.0,3299999.9999999995,1300.0,3300.0,7200.0,5800.0,1500.0,14.0,3299999.9999999995,1.5E-5,0.38,0.38,0.0,250.0,5.1,2.0E-7,1.7E-4,8.8E-13,1.8E7,1.0,5.7E8,
2.1E-38,0.26,320.0,4900.0,560.0,3299999.9999999995,1300.0,3300.0,7200.0,5800.0,1500.0,14.0,3299999.9999999995,1.4E-5,0.38,0.38,0.0,250.0,5.1,5.1E-10,1.7E-4,2.7E-13,1.8E7,1.0,5.7E8,
2.1E-38,0.26,320.0,4900.0,560.0,3299999.9999999995,1300.0,3300.0,7200.0,5800.0,1500.0,14.0,3299999.9999999995,1.3E-5,0.38,0.38,0.0,250.0,5.1,1.3E-12,1.7E-4,8.3E-14,1.8E7,1.0,5.7E8,
2.1E-38,0.26,320.0,4900.0,560.0,3299999.9999999995,1300.0,3300.0,7200.0,5800.0,1500.0,14.0,3299999.9999999995,1.1E-5,0.38,0.38,0.0,250.0,5.1,3.9E-15,1.7E-4,2.8E-14,1.9E7,1.0,5.7E8,
2.1E-38,0.26,320.0,4900.0,560.0,3299999.9999999995,1300.0,3300.0,7200.0,5800.0,1500.0,14.0,3299999.9999999995,9.8E-6,0.38,0.38,0.0,250.0,5.1,1.4E-17,1.7E-4,1.0E-14,2.0E7,1.0,5.7E8,
2.1E-38,0.26,320.0,4900.0,560.0,3299999.9999999995,1300.0,3300.0,7200.0,5800.0,1500.0,14.0,3299999.9999999995,8.4E-6,0.38,0.38,0.0,250.0,5.1,0.0,1.7E-4,5.0E-15,2.2E7,1.0,5.7E8,
2.1E-38,0.26,320.0,4900.0,560.0,3299999.9999999995,1300.0,3300.0,7200.0,5800.0,1500.0,14.0,3299999.9999999995,7.2E-6,0.38,0.38,0.0,250.0,5.1,0.0,1.7E-4,3.1E-15,2.3E7,1.0,5.7E8,
2.1E-38,0.26,320.0,4900.0,560.0,3299999.9999999995,1300.0,3300.0,7200.0,5800.0,1500.0,14.0,3299999.9999999995,7.2E-6,0.38,0.38,0.0,250.0,5.1,0.0,1.7E-4,2.3E-15,2.3E7,1.0,5.7E8,
2.1E-38,0.26,320.0,4900.0,560.0,3299999.9999999995,1300.0,3300.0,7200.0,5800.0,1500.0,14.0,3299999.9999999995,8.8E-6,0.38,0.38,0.0,250.0,5.1,0.0,1.7E-4,2.4E-15,2.1E7,1.0,5.7E8,
2.1E-38,0.26,320.0,4900.0,560.0,3299999.9999999995,1300.0,3300.0,7200.0,5800.0,1500.0,14.0,3299999.9999999995,9.3E-6,0.38,0.38,0.0,250.0,5.1,0.0,1.7E-4,2.6E-15,2.1E7,1.0,5.7E8,
2.1E-38,0.26,320.0,4900.0,560.0,3299999.9999999995,1300.0,3300.0,7200.0,5800.0,1500.0,14.0,3299999.9999999995,9.0E-6,0.38,0.38,0.0,250.0,5.1,0.0,1.7E-4,2.7E-15,2.1E7,1.0,5.7E8,
2.1E-38,0.26,320.0,4900.0,560.0,3299999.9999999995,1300.0,3300.0,7200.0,5800.0,1500.0,14.0,3299999.9999999995,8.3E-6,0.38,0.38,0.0,250.0,5.1,0.0,1.7E-4,2.6E-15,2.2E7,1.0,5.7E8,
2.1E-38,0.26,320.0,4900.0,560.0,3299999.9999999995,1300.0,3300.0,7200.0,5800.0,1500.0,14.0,3299999.9999999995,7.4E-6,0.38,0.38,0.0,250.0,5.1,0.0,1.7E-4,2.4E-15,2.3E7,1.0,5.7E8,
2.1E-38,0.26,320.0,4900.0,560.0,3299999.9999999995,1300.0,3300.0,7200.0,5800.0,1500.0,14.0,3299999.9999999995,6.5E-6,0.38,0.38,0.0,240.0,5.1,0.0,1.7E-4,2.1E-15,2.4E7,1.0,5.7E8,
2.1E-38,0.26,320.0,4900.0,560.0,3299999.9999999995,1300.0,3300.0,7200.0,5800.0,1500.0,14.0,3299999.9999999995,5.7E-6,0.38,0.38,0.0,240.0,5.1,0.0,1.7E-4,1.9E-15,2.5E7,1.0,5.7E8,
