entropy,entropyInd,RabA,RabB,RabC,RabD,RabE,RabF,RabG,RabH,RabI,xER,xPM,
2.099,0.1683,0.09806,0.05136,0.02968,0.1564,0.08511,0.02249,0.007866,0.1032,0.02924,0.2079,0.2087,
2.096,0.1838,0.09539,0.05105,0.02967,0.1563,0.08446,0.02253,0.007883,0.1035,0.02931,0.2093,0.2106,
2.094,0.2015,0.09401,0.05084,0.02963,0.1552,0.0843,0.02253,0.007879,0.1035,0.02931,0.2115,0.2113,
2.093,0.1968,0.09391,0.05083,0.0293,0.1542,0.0834,0.02253,0.007846,0.1035,0.02931,0.2125,0.2126,
2.097,0.1695,0.09789,0.05084,0.02931,0.1526,0.08246,0.02252,0.007852,0.1036,0.03087,0.2123,0.2098,
2.109,0.1689,0.1067,0.05091,0.02936,0.1516,0.08063,0.02257,0.00787,0.1038,0.03484,0.2089,0.2029,
2.109,0.1623,0.1058,0.05069,0.02935,0.1494,0.08038,0.02268,0.007905,0.1043,0.035,0.2098,0.2046,
2.106,0.1621,0.1049,0.05051,0.02942,0.1482,0.07839,0.02275,0.00793,0.1047,0.03512,0.2105,0.2076,
2.106,0.164,0.1045,0.05066,0.02952,0.146,0.07788,0.02283,0.007956,0.105,0.03524,0.2113,0.2091,
2.106,0.1675,0.1033,0.0505,0.02961,0.1445,0.0782,0.02292,0.007987,0.1055,0.03539,0.2122,0.21,
2.11,0.1584,0.1056,0.05043,0.02929,0.1424,0.07766,0.02297,0.008002,0.1057,0.03828,0.2109,0.2089,
2.115,0.1591,0.11,0.05044,0.02929,0.1424,0.07691,0.02297,0.008004,0.1057,0.03964,0.2096,0.2051,
2.114,0.1554,0.1093,0.05047,0.02931,0.1422,0.07654,0.02299,0.008009,0.1058,0.03966,0.2097,0.2061,
2.113,0.1609,0.1086,0.05049,0.02931,0.1421,0.07604,0.023,0.008012,0.1058,0.03968,0.2098,0.2072,
2.112,0.1486,0.1085,0.05012,0.02929,0.142,0.07564,0.02298,0.008006,0.1057,0.03965,0.2107,0.2074,
2.11,0.1511,0.1083,0.05005,0.02887,0.1413,0.07553,0.02295,0.007994,0.1056,0.03959,0.2125,0.2074,
2.117,0.145,0.1091,0.05003,0.02886,0.1406,0.07551,0.02294,0.007992,0.1055,0.04382,0.2092,0.2064,
2.117,0.1475,0.109,0.05002,0.02887,0.1405,0.07518,0.02282,0.007962,0.1056,0.04383,0.2093,0.207,
2.114,0.1431,0.1086,0.04987,0.02883,0.1403,0.07339,0.02277,0.007958,0.1055,0.04381,0.2102,0.2087,
2.114,0.1472,0.1082,0.0498,0.02884,0.1404,0.07343,0.02279,0.007963,0.1056,0.04384,0.2104,0.2088,
2.114,0.1455,0.1081,0.04981,0.02885,0.1403,0.07318,0.0228,0.007966,0.1056,0.04385,0.2104,0.2091,
2.112,0.1458,0.1077,0.04972,0.02853,0.1399,0.07278,0.02275,0.007952,0.1054,0.04378,0.2122,0.2093,
2.111,0.1471,0.1076,0.04973,0.02853,0.1398,0.07198,0.02276,0.007953,0.1055,0.04379,0.2122,0.2102,
2.11,0.1444,0.1069,0.04975,0.02854,0.1399,0.07174,0.02277,0.007956,0.1055,0.0438,0.2123,0.2109,
2.109,0.1423,0.1068,0.04954,0.0285,0.1399,0.07122,0.02278,0.007959,0.1055,0.04382,0.2124,0.2115,
2.109,0.1394,0.1065,0.04955,0.02851,0.14,0.07124,0.02278,0.007962,0.1056,0.04383,0.2124,0.2116,
2.12,0.1412,0.1133,0.04952,0.02848,0.1397,0.07071,0.02277,0.007957,0.1055,0.04869,0.2085,0.2049,
2.119,0.142,0.1128,0.04943,0.02843,0.1394,0.07059,0.02273,0.007944,0.1053,0.04893,0.2099,0.2046,
2.117,0.1446,0.1126,0.04943,0.02813,0.1393,0.06954,0.02274,0.007947,0.1054,0.04895,0.2099,0.206,
2.119,0.1377,0.1123,0.04904,0.02815,0.1392,0.06931,0.02273,0.007955,0.1055,0.05056,0.2086,0.2066,
2.12,0.1352,0.1115,0.0489,0.0281,0.1389,0.06892,0.02269,0.007941,0.1053,0.05229,0.2085,0.207,
2.121,0.143,0.111,0.04901,0.02818,0.139,0.06844,0.0229,0.008714,0.105,0.05133,0.2086,0.2079,
2.119,0.1526,0.11,0.04866,0.02821,0.1393,0.06794,0.02303,0.008843,0.1058,0.05023,0.2096,0.2084,
2.117,0.1455,0.1098,0.04864,0.02827,0.1391,0.06737,0.02271,0.008964,0.1056,0.05019,0.2104,0.209,
2.119,0.1687,0.1109,0.04882,0.0284,0.1394,0.06759,0.02246,0.00922,0.1064,0.04932,0.2111,0.2064,
2.118,0.1495,0.1091,0.04879,0.02847,0.1407,0.06764,0.0226,0.009356,0.1074,0.04826,0.2113,0.2065,
2.117,0.1568,0.1081,0.04894,0.02852,0.1403,0.0678,0.02231,0.009473,0.1076,0.04771,0.2131,0.2063,
2.096,0.1632,0.1078,0.04886,0.02831,0.1399,0.08203,0.008043,0.009467,0.1087,0.04967,0.2108,0.2064,
2.098,0.1604,0.1098,0.04908,0.02786,0.1401,0.08247,0.007659,0.009603,0.1103,0.05042,0.2086,0.2041,
2.097,0.1536,0.1094,0.04924,0.02794,0.14,0.08261,0.009351,0.0078,0.1123,0.04852,0.2087,0.2042,
2.096,0.1589,0.1092,0.04911,0.02801,0.14,0.08265,0.009356,0.007804,0.1135,0.0474,0.2088,0.2043,
2.094,0.1684,0.1088,0.049,0.02812,0.1398,0.08216,0.009281,0.007811,0.1145,0.04652,0.2089,0.2051,
2.092,0.1645,0.1077,0.04922,0.02817,0.1403,0.08083,0.009415,0.007814,0.1158,0.0452,0.209,0.2066,
2.09,0.163,0.1074,0.04917,0.02823,0.1403,0.08042,0.009418,0.007817,0.1172,0.04382,0.2091,0.2071,
2.089,0.1655,0.107,0.04909,0.02824,0.1403,0.08049,0.009281,0.00781,0.1173,0.04354,0.21,0.2069,
2.086,0.1787,0.1034,0.04919,0.02829,0.143,0.07999,0.009536,0.007547,0.1182,0.04265,0.2109,0.2073,
2.085,0.1734,0.1029,0.04921,0.02833,0.1429,0.07907,0.009529,0.007671,0.1181,0.04249,0.2118,0.208,
2.082,0.1706,0.1021,0.04923,0.02834,0.1423,0.07911,0.009388,0.007662,0.1202,0.04019,0.2137,0.2078,
2.08,0.1647,0.1011,0.04937,0.02839,0.1421,0.07919,0.009398,0.00767,0.1216,0.03896,0.214,0.2083,
2.078,0.1941,0.1001,0.04935,0.02823,0.1422,0.0789,0.009395,0.007772,0.1218,0.03855,0.215,0.2087,
2.075,0.1766,0.0995,0.04911,0.02832,0.1422,0.07808,0.00939,0.007766,0.123,0.0373,0.2159,0.2094,
2.072,0.1719,0.09902,0.04889,0.02838,0.1422,0.07803,0.009384,0.007762,0.1248,0.03542,0.2169,0.2093,
2.072,0.1747,0.09819,0.04899,0.02839,0.1426,0.07806,0.009387,0.007765,0.1254,0.03492,0.2169,0.2093,
2.069,0.1714,0.09723,0.04918,0.02853,0.1432,0.07758,0.009389,0.007766,0.1266,0.03366,0.217,0.2099,
2.068,0.2024,0.09684,0.04935,0.02858,0.1429,0.07751,0.00938,0.008066,0.1276,0.03228,0.2179,0.2097,
2.067,0.1767,0.09669,0.04926,0.02865,0.1427,0.07706,0.009241,0.008058,0.1274,0.03225,0.2187,0.2099,
2.068,0.1773,0.09661,0.04921,0.02866,0.1448,0.07675,0.009236,0.008225,0.1274,0.03255,0.2191,0.2074,
2.064,0.1743,0.09594,0.0492,0.02843,0.1448,0.0752,0.009087,0.008231,0.1284,0.03172,0.2193,0.2097,
2.061,0.1761,0.09543,0.04968,0.02846,0.1445,0.07253,0.009092,0.008236,0.1292,0.03103,0.2194,0.2125,
2.064,0.1774,0.0991,0.0496,0.02814,0.1443,0.07256,0.009305,0.008035,0.1297,0.03139,0.2187,0.2091,
2.069,0.1762,0.101,0.04967,0.02818,0.1448,0.07018,0.009265,0.008028,0.1298,0.03442,0.2164,0.2083,
2.071,0.1806,0.1024,0.04972,0.02828,0.1443,0.06848,0.009277,0.008254,0.13,0.03587,0.215,0.2084,
2.073,0.1765,0.1054,0.04976,0.02835,0.144,0.06807,0.009282,0.008258,0.1319,0.0352,0.214,0.2057,
2.078,0.1724,0.105,0.04965,0.02804,0.1441,0.06759,0.009287,0.008467,0.1327,0.03871,0.2098,0.2067,
2.086,0.1875,0.1104,0.04966,0.02809,0.144,0.06648,0.01224,0.005704,0.1329,0.04195,0.2069,0.2016,
2.088,0.1811,0.1096,0.04981,0.0281,0.1442,0.06643,0.01223,0.00619,0.1323,0.04253,0.2072,0.2015,
2.087,0.1719,0.1091,0.04972,0.02818,0.1442,0.06638,0.01223,0.006186,0.1325,0.0422,0.2081,0.2013,
2.085,0.171,0.1086,0.04972,0.02826,0.1444,0.06532,0.01209,0.006317,0.1326,0.04197,0.2081,0.2026,
2.084,0.1798,0.1082,0.04966,0.02794,0.1443,0.06489,0.01219,0.006209,0.1325,0.04194,0.209,0.2032,
2.077,0.1671,0.1081,0.04961,0.02804,0.1443,0.06913,0.007642,0.006209,0.1334,0.04316,0.2069,0.2035,
2.077,0.1633,0.1078,0.04983,0.02812,0.144,0.06915,0.007643,0.006209,0.1339,0.04279,0.207,0.2036,
2.103,0.1798,0.1072,0.04982,0.02818,0.1435,0.06855,0.00763,0.01848,0.1227,0.04136,0.2088,0.2038,
2.104,0.1697,0.1069,0.04987,0.02825,0.1432,0.06873,0.007505,0.01907,0.1222,0.04139,0.2089,0.2039,
2.102,0.183,0.1039,0.04985,0.02826,0.1457,0.06867,0.007628,0.01919,0.1234,0.03985,0.2098,0.2038,
2.101,0.1915,0.1032,0.04998,0.02828,0.1461,0.06868,0.007629,0.01966,0.1258,0.03789,0.2089,0.2038,
2.101,0.199,0.1025,0.04993,0.02841,0.1463,0.06825,0.007879,0.01974,0.1256,0.03827,0.2087,0.2045,
2.101,0.1642,0.1018,0.04987,0.02853,0.1466,0.06828,0.007882,0.02001,0.1262,0.03749,0.2088,0.2046,
2.102,0.1618,0.1009,0.05006,0.02859,0.1466,0.06784,0.007876,0.01999,0.1261,0.03872,0.2085,0.2048,
2.103,0.162,0.1002,0.05017,0.0286,0.1467,0.0669,0.00787,0.02015,0.1263,0.03969,0.2078,0.2055,
2.106,0.1816,0.09996,0.05012,0.0287,0.1468,0.06691,0.007872,0.02049,0.126,0.04146,0.2061,0.2056,
2.108,0.1595,0.1017,0.05018,0.02793,0.1466,0.06686,0.00787,0.02068,0.1261,0.04253,0.2058,0.2038,
2.108,0.1674,0.1012,0.05031,0.02796,0.1464,0.06645,0.007866,0.02086,0.1258,0.0425,0.2067,0.204,
2.108,0.1459,0.1009,0.05026,0.028,0.1463,0.06647,0.007953,0.02078,0.1259,0.04253,0.2068,0.2042,
2.107,0.1462,0.1002,0.05063,0.02808,0.1462,0.06507,0.007957,0.02092,0.1258,0.04255,0.2069,0.2057,
2.109,0.1549,0.0995,0.05057,0.02811,0.1458,0.06427,0.007958,0.02093,0.1258,0.04497,0.2056,0.2065,
2.098,0.1566,0.09838,0.05095,0.02813,0.1455,0.06795,0.003999,0.02093,0.1266,0.04413,0.2066,0.2068,
2.096,0.1533,0.09737,0.05084,0.02825,0.1461,0.06677,0.004001,0.02094,0.1267,0.04416,0.2067,0.2082,
2.101,0.1571,0.101,0.05096,0.02832,0.1453,0.06677,0.004,0.02094,0.1267,0.04607,0.2058,0.2041,
2.101,0.1471,0.1006,0.05116,0.02835,0.1453,0.06653,0.004154,0.0208,0.1273,0.04559,0.2059,0.2044,
2.099,0.1519,0.09708,0.05136,0.0284,0.1483,0.06655,0.004285,0.02067,0.128,0.04489,0.206,0.2045,
2.099,0.1529,0.09619,0.05128,0.02854,0.149,0.06656,0.004286,0.02068,0.1281,0.0449,0.206,0.2045,
2.098,0.1544,0.09596,0.05122,0.02854,0.1487,0.06652,0.004283,0.02079,0.1286,0.04411,0.2069,0.2044,
2.098,0.1526,0.09567,0.05129,0.02863,0.1485,0.06655,0.004284,0.02093,0.1285,0.04413,0.207,0.2045,
2.097,0.1508,0.09538,0.05139,0.02868,0.1479,0.06623,0.004151,0.02118,0.1286,0.04372,0.2079,0.2048,
2.096,0.1548,0.09306,0.05155,0.0287,0.1488,0.06615,0.004275,0.02145,0.1289,0.04276,0.2098,0.2046,
2.097,0.1515,0.09258,0.0516,0.0288,0.1489,0.0654,0.004277,0.02312,0.1275,0.04254,0.2099,0.2054,
2.106,0.1476,0.09218,0.05154,0.02881,0.1488,0.06535,0.004274,0.02349,0.1271,0.04778,0.2055,0.2053,
2.105,0.1505,0.09145,0.05175,0.0289,0.1488,0.06504,0.004146,0.02364,0.127,0.04781,0.2056,0.2059,
2.103,0.1616,0.08917,0.05198,0.02898,0.1506,0.06468,0.004147,0.0239,0.1283,0.04629,0.2056,0.2063,
2.104,0.1618,0.09134,0.05216,0.0291,0.1504,0.0634,0.004321,0.024,0.1286,0.04586,0.2058,0.205,
2.104,0.1744,0.0912,0.05223,0.02915,0.1501,0.06303,0.004324,0.0244,0.1283,0.04588,0.2059,0.2056,
2.103,0.1646,0.09041,0.052,0.02913,0.1501,0.06293,0.004421,0.02478,0.1288,0.04513,0.207,0.2052,
2.102,0.1624,0.09037,0.05203,0.02895,0.1497,0.06258,0.00456,0.02478,0.1292,0.04464,0.2071,0.206,
2.101,0.1647,0.08842,0.05201,0.02902,0.1514,0.0626,0.004821,0.02479,0.1306,0.04308,0.2072,0.206,
2.11,0.1783,0.0879,0.05203,0.02901,0.1512,0.06279,0.02056,0.01107,0.1292,0.04249,0.2074,0.2064,
2.112,0.1794,0.08917,0.05193,0.02901,0.1506,0.06185,0.02053,0.01161,0.1287,0.04307,0.2083,0.2052,
2.115,0.1736,0.09293,0.05211,0.02878,0.1503,0.06111,0.02067,0.01149,0.1288,0.04427,0.2072,0.2023,
2.116,0.1789,0.09264,0.05206,0.02886,0.1503,0.05975,0.02068,0.01175,0.1288,0.0454,0.206,0.2037,
2.119,0.18,0.09229,0.05196,0.02893,0.1501,0.05928,0.02067,0.01188,0.1288,0.04742,0.2046,0.2041,
2.119,0.1825,0.09218,0.05201,0.029,0.1501,0.05928,0.02067,0.01214,0.1288,0.0472,0.2046,0.2041,
2.118,0.1803,0.0917,0.05197,0.0289,0.15,0.05893,0.02078,0.01243,0.1296,0.04607,0.2047,0.2048,
2.117,0.1803,0.09131,0.05202,0.02897,0.1499,0.0587,0.02067,0.01256,0.1304,0.04528,0.2049,0.2054,
2.116,0.1692,0.09068,0.05205,0.02902,0.1496,0.05818,0.02066,0.01282,0.1306,0.04479,0.2058,0.2058,
2.113,0.1762,0.08713,0.0521,0.02909,0.1528,0.05751,0.02072,0.01295,0.1307,0.04447,0.2059,0.2066,
2.108,0.1782,0.08644,0.05201,0.02842,0.1525,0.05533,0.02056,0.01319,0.1303,0.04441,0.2077,0.2092,
2.112,0.1743,0.08811,0.05182,0.02851,0.1521,0.05529,0.02055,0.01318,0.131,0.04575,0.2064,0.2073,
2.108,0.1704,0.08764,0.05181,0.02848,0.1518,0.05428,0.02078,0.01302,0.1318,0.04452,0.2081,0.2079,
2.118,0.1986,0.09186,0.05191,0.0286,0.152,0.0543,0.02079,0.01373,0.1316,0.04745,0.2047,0.203,
2.118,0.1851,0.09119,0.05182,0.02871,0.1518,0.05384,0.02066,0.01424,0.1312,0.04731,0.2057,0.2035,
2.119,0.1834,0.09057,0.05178,0.02874,0.1517,0.05277,0.02105,0.01435,0.1322,0.04797,0.2044,0.2045,
2.116,0.1972,0.09027,0.05183,0.02877,0.1515,0.05231,0.02106,0.01511,0.1345,0.04499,0.2046,0.2051,
2.115,0.1972,0.08988,0.05187,0.02886,0.1515,0.05161,0.021,0.01525,0.1354,0.04406,0.2046,0.2059,
2.114,0.1851,0.08961,0.05175,0.02896,0.1513,0.0517,0.02099,0.01524,0.1354,0.04374,0.2055,0.2058,
2.114,0.187,0.0892,0.05176,0.02904,0.1515,0.05144,0.02099,0.0155,0.1355,0.0434,0.2055,0.2061,
2.112,0.196,0.08859,0.05177,0.02905,0.1511,0.05097,0.02096,0.01573,0.1358,0.04264,0.2073,0.2062,
2.111,0.1872,0.08823,0.052,0.02912,0.1509,0.05068,0.02122,0.01561,0.1366,0.0417,0.2074,0.2065,
2.107,0.1832,0.08766,0.0521,0.02889,0.1508,0.05072,0.02124,0.01588,0.1391,0.0391,0.2075,0.207,
2.104,0.1899,0.08727,0.05215,0.02895,0.1507,0.05063,0.0211,0.01596,0.141,0.03711,0.2076,0.2075,
2.099,0.2168,0.08701,0.05216,0.0285,0.15,0.05057,0.02689,0.01051,0.1409,0.03665,0.2086,0.2082,
2.158,0.2208,0.0897,0.05214,0.02851,0.15,0.05054,0.02688,0.1079,0.04475,0.03747,0.2073,0.2048,
2.156,0.2114,0.08885,0.0521,0.02854,0.1503,0.05048,0.02668,0.108,0.04482,0.03709,0.2082,0.2049,
2.155,0.2181,0.08856,0.05207,0.0283,0.1502,0.05046,0.02669,0.1086,0.04456,0.03688,0.2084,0.2054,
2.163,0.2179,0.09321,0.05213,0.02836,0.15,0.05048,0.0267,0.1089,0.04675,0.03753,0.2053,0.2006,
2.163,0.2193,0.09281,0.05219,0.02833,0.1501,0.05025,0.02697,0.1089,0.04712,0.03691,0.2054,0.201,
2.162,0.2323,0.09247,0.05228,0.02736,0.15,0.05021,0.02695,0.1089,0.04692,0.038,0.2051,0.2018,
2.162,0.2444,0.09232,0.05231,0.02742,0.1499,0.04973,0.02712,0.1088,0.04808,0.03685,0.2051,0.2023,
2.162,0.2231,0.09218,0.05225,0.02758,0.1497,0.04975,0.02727,0.1087,0.04841,0.03657,0.2052,0.2024,
2.161,0.2634,0.09133,0.05208,0.02763,0.1499,0.04984,0.02715,0.1087,0.04881,0.03613,0.2062,0.2024,
2.163,0.2308,0.09091,0.05191,0.02771,0.1501,0.04959,0.02731,0.1088,0.04897,0.0372,0.2047,0.2027,
2.16,0.2173,0.08857,0.05201,0.02742,0.1524,0.04923,0.02729,0.1087,0.04897,0.0372,0.2047,0.2035,
2.159,0.2239,0.08755,0.05224,0.02722,0.1529,0.04897,0.02719,0.1089,0.04974,0.03628,0.2048,0.2042,
2.158,0.2243,0.08739,0.05228,0.02728,0.1528,0.04909,0.02709,0.1092,0.05037,0.03549,0.2048,0.2042,
2.157,0.2242,0.08711,0.05218,0.02737,0.1523,0.04907,0.02707,0.1097,0.05004,0.03526,0.2058,0.2042,
2.156,0.2221,0.08637,0.05211,0.02741,0.1523,0.04905,0.02706,0.1099,0.05024,0.03478,0.2067,0.2041,
2.155,0.2332,0.0857,0.05205,0.02743,0.152,0.04905,0.02706,0.1098,0.05102,0.034,0.2077,0.2041,
2.154,0.2328,0.08503,0.052,0.02743,0.1516,0.04856,0.02731,0.1097,0.05126,0.03363,0.2088,0.2046,
2.154,0.1777,0.0848,0.05199,0.02753,0.151,0.04861,0.02734,0.11,0.05158,0.03324,0.2091,0.2048,
2.151,0.1807,0.08428,0.0519,0.02754,0.1508,0.0477,0.02733,0.1102,0.05163,0.03298,0.21,0.2056,
2.15,0.1794,0.08386,0.05196,0.02752,0.1505,0.04766,0.02731,0.1103,0.0524,0.03198,0.211,0.2055,
2.149,0.1778,0.08359,0.05178,0.02754,0.1501,0.04758,0.02748,0.1099,0.05283,0.0314,0.2127,0.2052,
2.157,0.175,0.08567,0.05171,0.02756,0.1507,0.04724,0.02746,0.1101,0.05255,0.03494,0.2101,0.2021,
2.164,0.1714,0.08484,0.05169,0.02755,0.1508,0.04746,0.02733,0.1099,0.05282,0.03929,0.2063,0.202,
2.139,0.1976,0.08412,0.05176,0.02765,0.1512,0.0667,0.008,0.1097,0.05367,0.03847,0.2064,0.2024,
2.139,0.1925,0.08377,0.05171,0.02771,0.1511,0.06697,0.008031,0.1095,0.05393,0.03827,0.2065,0.2026,
2.177,0.2249,0.0834,0.05174,0.02773,0.1508,0.06689,0.0318,0.08601,0.05459,0.03716,0.2074,0.2024,
2.18,0.1785,0.08297,0.05171,0.02784,0.1508,0.06638,0.03195,0.08605,0.05472,0.03915,0.2053,0.2031,
2.182,0.1788,0.08282,0.05166,0.02726,0.1503,0.06565,0.03245,0.08549,0.05559,0.04026,0.2042,0.2043,
2.182,0.1756,0.08255,0.0516,0.0273,0.15,0.06583,0.03311,0.08497,0.05546,0.0403,0.2044,0.2045,
2.18,0.2302,0.08182,0.05144,0.0275,0.1492,0.06553,0.03293,0.08494,0.05524,0.04026,0.2063,0.2049,
2.185,0.2442,0.0815,0.05137,0.02705,0.1493,0.06491,0.04348,0.07439,0.05655,0.03885,0.2063,0.2062,
2.19,0.2277,0.08167,0.05131,0.02717,0.1515,0.0646,0.05254,0.06556,0.05709,0.03863,0.2061,0.2038,
2.189,0.2193,0.08151,0.05117,0.02723,0.1514,0.06834,0.04911,0.06543,0.05723,0.03842,0.2062,0.2039,
2.191,0.2216,0.08092,0.05113,0.02741,0.1512,0.0684,0.04929,0.06537,0.05777,0.03923,0.2052,0.2041,
2.19,0.211,0.08077,0.05118,0.02742,0.1506,0.06807,0.04939,0.06521,0.05775,0.03922,0.2061,0.2043,
2.193,0.2287,0.07925,0.05123,0.02747,0.1515,0.06802,0.04949,0.06533,0.05763,0.04155,0.2044,0.2041,
2.193,0.1694,0.07902,0.05124,0.02752,0.1514,0.06805,0.04951,0.06536,0.0582,0.04103,0.2045,0.2042,
2.191,0.175,0.07826,0.05121,0.02758,0.1516,0.06754,0.04968,0.06527,0.06012,0.03918,0.2046,0.2049,
2.19,0.1708,0.07732,0.05137,0.02766,0.1521,0.06689,0.0497,0.06529,0.06035,0.03898,0.2047,0.2057,
2.192,0.1991,0.07918,0.05142,0.02775,0.1519,0.06705,0.04972,0.06536,0.06107,0.03813,0.2048,0.2036,
2.194,0.1877,0.07829,0.05138,0.02779,0.1522,0.0662,0.04982,0.06519,0.06153,0.04002,0.2033,0.2043,
2.191,0.1937,0.07482,0.05143,0.02792,0.1546,0.06548,0.04988,0.06528,0.06252,0.03916,0.2035,0.2054,
2.189,0.1868,0.0747,0.05146,0.02793,0.1542,0.06448,0.04992,0.06532,0.06435,0.0374,0.2037,0.2066,
2.188,0.1792,0.07406,0.05171,0.02798,0.1536,0.06378,0.05013,0.06543,0.06473,0.03698,0.2039,0.2076,
2.187,0.1827,0.07388,0.05178,0.02803,0.1535,0.06302,0.05027,0.06532,0.06475,0.03699,0.204,0.2084,
2.189,0.1823,0.07626,0.05191,0.0281,0.1535,0.06206,0.05055,0.06508,0.06477,0.037,0.2041,0.2067,
2.187,0.1781,0.0757,0.05187,0.02812,0.1532,0.06167,0.05081,0.06494,0.06523,0.03626,0.2051,0.2072,
2.185,0.1912,0.07517,0.05195,0.02819,0.1532,0.06101,0.05083,0.06481,0.06571,0.03584,0.2052,0.2081,
2.184,0.1683,0.07478,0.05184,0.02779,0.1533,0.06105,0.05086,0.06497,0.0659,0.03557,0.2053,0.2087,
2.183,0.173,0.07424,0.05183,0.02744,0.153,0.0611,0.05104,0.06504,0.06609,0.03535,0.2055,0.2094,
2.169,0.1701,0.07368,0.05168,0.02748,0.1529,0.06108,0.08561,0.03055,0.06622,0.03505,0.2064,0.2093,
2.175,0.1655,0.07675,0.05172,0.02753,0.1547,0.06058,0.08584,0.03047,0.06777,0.03563,0.2052,0.2037,
2.175,0.1786,0.07652,0.05185,0.02765,0.1537,0.06002,0.0861,0.03052,0.06775,0.03568,0.2056,0.2047,
2.173,0.1704,0.07473,0.05185,0.02771,0.1543,0.05998,0.08625,0.03038,0.0681,0.03534,0.2066,0.2047,
2.171,0.1661,0.07442,0.05181,0.02721,0.1541,0.0594,0.08619,0.03036,0.06805,0.03532,0.2075,0.2056,
2.173,0.1757,0.07399,0.05204,0.02731,0.1541,0.0594,0.08633,0.03049,0.0685,0.03608,0.2061,0.2057,
2.17,0.1844,0.07357,0.05184,0.02688,0.1542,0.05897,0.08626,0.03057,0.06878,0.03562,0.2069,0.2064,
2.169,0.1836,0.07284,0.05191,0.02697,0.154,0.05854,0.08635,0.03073,0.06915,0.03522,0.2072,0.2071,
2.173,0.2006,0.07707,0.05191,0.02709,0.154,0.05758,0.08637,0.03074,0.07064,0.03448,0.2064,0.2037,
2.172,0.1673,0.07627,0.05202,0.02714,0.1542,0.05723,0.08669,0.03075,0.07066,0.03427,0.2066,0.2042,
2.17,0.1698,0.07618,0.05195,0.02719,0.1538,0.05692,0.0869,0.03067,0.07146,0.03318,0.2075,0.2043,
2.172,0.166,0.07575,0.05205,0.0271,0.1536,0.05694,0.08702,0.0306,0.07171,0.03409,0.2064,0.2047,
2.175,0.161,0.07508,0.05205,0.02722,0.1526,0.05714,0.08693,0.03063,0.07203,0.03608,0.2054,0.2048,
2.174,0.1535,0.07496,0.05177,0.02697,0.1521,0.05711,0.08688,0.03061,0.0721,0.03594,0.2063,0.2053,
2.171,0.1504,0.07417,0.05174,0.02704,0.1523,0.05707,0.08682,0.0309,0.07401,0.03364,0.2072,0.2051,
2.177,0.1517,0.07349,0.05185,0.02704,0.1523,0.05703,0.0869,0.03167,0.07326,0.03662,0.2049,0.205,
2.176,0.16,0.07325,0.0519,0.02714,0.1523,0.05726,0.08682,0.03205,0.07389,0.03549,0.2049,0.205,
2.176,0.1687,0.07314,0.05175,0.02722,0.1523,0.0574,0.08691,0.03216,0.07424,0.03487,0.205,0.2051,
2.175,0.1674,0.07254,0.0518,0.02704,0.1523,0.05744,0.08696,0.03218,0.07456,0.03462,0.2051,0.2055,
2.175,0.1595,0.07212,0.05193,0.02711,0.1521,0.05747,0.08702,0.03233,0.07448,0.03464,0.2052,0.2056,
2.174,0.1591,0.0714,0.05199,0.0272,0.1523,0.0575,0.08707,0.03246,0.07513,0.03394,0.2053,0.2057,
2.172,0.1646,0.07105,0.05201,0.02725,0.1518,0.05748,0.0873,0.03217,0.07666,0.03237,0.2063,0.2056,
2.172,0.1759,0.07061,0.05205,0.02731,0.1517,0.05708,0.08736,0.03259,0.07645,0.03226,0.2064,0.2062,
2.171,0.1655,0.07019,0.05199,0.02736,0.1515,0.05705,0.08731,0.03291,0.07691,0.03139,0.2073,0.2061,
2.173,0.1603,0.06965,0.05198,0.02688,0.1516,0.057,0.08724,0.03315,0.07659,0.0334,0.2061,0.2064,
2.172,0.158,0.06918,0.0521,0.027,0.1513,0.05717,0.08729,0.03317,0.07748,0.03246,0.2063,0.2065,
2.171,0.1682,0.06907,0.05188,0.02708,0.1512,0.05752,0.08666,0.03319,0.07788,0.03198,0.2064,0.2071,
2.17,0.1707,0.0686,0.05198,0.02711,0.1508,0.0575,0.08676,0.03317,0.07812,0.03157,0.2073,0.2071,
2.167,0.1635,0.06798,0.05201,0.02718,0.1501,0.05777,0.09178,0.02817,0.07803,0.03299,0.2069,0.2071,
2.165,0.1718,0.06558,0.05199,0.02716,0.1521,0.05784,0.0917,0.02801,0.07796,0.03296,0.2077,0.2069,
2.165,0.1637,0.0655,0.05199,0.02727,0.152,0.05738,0.09198,0.02831,0.07741,0.03297,0.2078,0.2075,
2.164,0.1733,0.06532,0.05207,0.02733,0.1518,0.05739,0.09213,0.02858,0.07749,0.03253,0.2078,0.2075,
2.163,0.1688,0.06505,0.0521,0.02692,0.1517,0.05744,0.09161,0.02859,0.07752,0.03254,0.2079,0.2086,
2.161,0.163,0.06417,0.05214,0.02692,0.1521,0.05764,0.09139,0.02844,0.07826,0.03169,0.2088,0.2084,
2.172,0.1723,0.0658,0.05228,0.02699,0.1523,0.05805,0.09102,0.02857,0.07815,0.03635,0.2042,0.2063,
2.17,0.1843,0.0651,0.05206,0.02701,0.1521,0.05802,0.09064,0.02883,0.0776,0.03625,0.2067,0.2058,
2.169,0.1736,0.06495,0.0518,0.02715,0.1517,0.05846,0.09034,0.02886,0.07981,0.03414,0.2069,0.206,
2.169,0.1912,0.0645,0.05169,0.02718,0.1514,0.05835,0.08992,0.02881,0.07967,0.03486,0.2078,0.2059,
2.174,0.1856,0.06414,0.05167,0.02719,0.1517,0.05861,0.08968,0.02881,0.08109,0.03753,0.2037,0.2059,
2.174,0.1795,0.06412,0.05166,0.0273,0.1511,0.05865,0.08973,0.02883,0.08182,0.03688,0.2038,0.206,
2.173,0.1735,0.06376,0.05154,0.02737,0.1509,0.05888,0.08958,0.02867,0.08178,0.03686,0.2048,0.2059,
2.173,0.1821,0.06347,0.05161,0.02752,0.1507,0.05903,0.08948,0.02881,0.08211,0.03644,0.2048,0.206,
2.172,0.1599,0.06327,0.05149,0.02761,0.1506,0.05906,0.08951,0.02906,0.08321,0.03516,0.2049,0.2061,
2.163,0.1589,0.06311,0.05141,0.02763,0.1499,0.05922,0.09488,0.02324,0.08397,0.0342,0.2066,0.2058,
2.167,0.158,0.06304,0.05145,0.0277,0.1497,0.05924,0.09504,0.02325,0.08387,0.03627,0.2047,0.2058,
2.165,0.1845,0.06292,0.05133,0.02777,0.1493,0.0592,0.09511,0.02336,0.08518,0.03461,0.2055,0.2057,
2.164,0.1665,0.06247,0.05119,0.02788,0.1497,0.05921,0.09552,0.02296,0.08597,0.03384,0.2056,0.2057,
2.156,0.1648,0.06229,0.05119,0.02791,0.1495,0.0594,0.09961,0.0185,0.08645,0.03325,0.2064,0.2055,
2.157,0.1644,0.06221,0.05095,0.02795,0.1495,0.05968,0.09955,0.01847,0.08672,0.03395,0.2054,0.2056,
2.155,0.1775,0.06126,0.05089,0.02803,0.1503,0.05965,0.09942,0.0185,0.08855,0.03203,0.2055,0.2059,
2.154,0.1666,0.06023,0.05101,0.02807,0.1511,0.05978,0.09931,0.01886,0.08902,0.03121,0.2055,0.2059,
2.152,0.1648,0.05757,0.05094,0.02815,0.1537,0.05992,0.09919,0.01926,0.08888,0.03095,0.2055,0.206,
2.151,0.1644,0.05734,0.05103,0.02815,0.1535,0.0605,0.09858,0.01924,0.08879,0.03079,0.2063,0.2058,
2.153,0.179,0.05728,0.05107,0.0282,0.1532,0.06381,0.09532,0.01944,0.08862,0.0308,0.2064,0.2058,
2.152,0.1752,0.05713,0.05086,0.02834,0.153,0.06376,0.0955,0.01927,0.08873,0.03049,0.2073,0.2057,
2.15,0.1873,0.05694,0.05071,0.02838,0.1527,0.06376,0.09534,0.01906,0.08905,0.02993,0.2089,0.2052,
2.148,0.1769,0.05628,0.05101,0.02804,0.153,0.06332,0.09534,0.01906,0.08977,0.0292,0.2089,0.206,
2.156,0.1824,0.05867,0.05093,0.02812,0.1533,0.06326,0.09524,0.01904,0.09036,0.03168,0.2065,0.2029,
2.154,0.1833,0.05863,0.05093,0.02816,0.1533,0.06326,0.09524,0.01973,0.09211,0.02924,0.2065,0.2029,
2.154,0.1788,0.05846,0.05094,0.02829,0.1529,0.06287,0.0953,0.01974,0.09234,0.02909,0.2067,0.2034,
2.153,0.1762,0.0581,0.05099,0.02841,0.1526,0.0627,0.09523,0.02004,0.09233,0.02876,0.2068,0.204,
2.176,0.1988,0.05743,0.05096,0.02847,0.1527,0.07482,0.08248,0.0402,0.07209,0.02874,0.2077,0.2044,
2.171,0.2091,0.05714,0.05097,0.02772,0.1523,0.07414,0.08245,0.04012,0.07308,0.02742,0.2094,0.2053,
2.171,0.205,0.0569,0.0511,0.02778,0.1521,0.0743,0.08248,0.04052,0.07284,0.02719,0.2095,0.2054,
2.175,0.1896,0.05803,0.05105,0.02789,0.152,0.07387,0.08253,0.04067,0.07298,0.02813,0.2084,0.2044,
2.174,0.1719,0.05766,0.05123,0.02802,0.1518,0.07343,0.08264,0.04073,0.07288,0.02814,0.2085,0.205,
2.173,0.1559,0.05737,0.05144,0.02811,0.1518,0.07175,0.08252,0.04097,0.07265,0.02814,0.2085,0.2068,
2.17,0.16,0.05705,0.05151,0.02816,0.1518,0.07106,0.08266,0.04111,0.07375,0.02668,0.2085,0.2077,
2.17,0.161,0.05688,0.05148,0.02824,0.1515,0.07101,0.08222,0.04146,0.0733,0.02665,0.2094,0.2079,
2.169,0.1689,0.05667,0.05161,0.02832,0.1509,0.07073,0.08229,0.04162,0.07381,0.0261,0.2096,0.2084,
2.175,0.1673,0.05914,0.05165,0.0281,0.1508,0.07018,0.08218,0.04163,0.07382,0.02791,0.2078,0.2068,
2.171,0.1898,0.05885,0.05174,0.02812,0.1503,0.06978,0.08214,0.04161,0.07639,0.02528,0.2088,0.207,
2.169,0.1619,0.05862,0.05155,0.02819,0.1497,0.06942,0.082,0.04154,0.07627,0.02511,0.2105,0.207,
2.165,0.1577,0.05569,0.05148,0.02825,0.1523,0.06951,0.08192,0.04209,0.07739,0.02354,0.2107,0.2072,
2.17,0.1573,0.05683,0.05135,0.02826,0.1547,0.06839,0.08174,0.04276,0.07692,0.02541,0.2094,0.2043,
2.17,0.1783,0.05667,0.05133,0.02836,0.1546,0.06799,0.08173,0.04282,0.07681,0.02541,0.2095,0.2048,
2.168,0.1705,0.05578,0.05125,0.02833,0.1548,0.06723,0.0818,0.04298,0.07693,0.02525,0.2096,0.206,
2.176,0.1706,0.05699,0.05124,0.0284,0.1564,0.07191,0.07632,0.04298,0.07716,0.02797,0.2067,0.2039,
2.18,0.1725,0.05624,0.05116,0.02844,0.1567,0.07153,0.076,0.04323,0.07695,0.03123,0.2042,0.2043,
2.18,0.1747,0.05617,0.05114,0.02848,0.156,0.07116,0.07597,0.04334,0.07702,0.03145,0.2045,0.2047,
2.142,0.2079,0.05589,0.05133,0.02829,0.1555,0.123,0.02382,0.0435,0.07821,0.03021,0.2047,0.2055,
2.14,0.2097,0.05565,0.05123,0.02834,0.1548,0.1222,0.02379,0.04344,0.07845,0.02982,0.2064,0.2059,
2.14,0.2095,0.05568,0.05111,0.02843,0.1541,0.122,0.02394,0.04348,0.07868,0.02956,0.2066,0.2064,
2.14,0.1882,0.05567,0.0511,0.02849,0.1538,0.1209,0.02395,0.04349,0.0787,0.02957,0.2067,0.2077,
2.138,0.2136,0.05535,0.05109,0.02855,0.1538,0.1203,0.02333,0.04334,0.07874,0.02958,0.2068,0.2091,
2.137,0.2067,0.05524,0.05087,0.02861,0.1538,0.1198,0.02334,0.04335,0.07876,0.02959,0.2069,0.2097,
2.142,0.1992,0.058,0.0508,0.02867,0.1539,0.1198,0.02346,0.04349,0.07914,0.02987,0.2068,0.2061,
2.15,0.187,0.06137,0.05071,0.02886,0.1538,0.1189,0.02359,0.04363,0.07931,0.03151,0.2048,0.2035,
2.149,0.1885,0.06135,0.05068,0.02891,0.1538,0.1185,0.02346,0.04382,0.07956,0.03107,0.2048,0.204,
2.153,0.215,0.06125,0.05063,0.02906,0.1538,0.1179,0.02346,0.06359,0.06055,0.03031,0.2048,0.2046,
2.152,0.2068,0.06056,0.05064,0.02915,0.1539,0.1168,0.02345,0.06393,0.06025,0.03016,0.2057,0.2054,
2.16,0.1979,0.06208,0.05044,0.02911,0.1539,0.116,0.02343,0.06389,0.06035,0.03371,0.2029,0.2041,
2.159,0.2013,0.06196,0.05036,0.02919,0.1536,0.1159,0.02341,0.06459,0.05977,0.03347,0.2038,0.204,
2.166,0.2031,0.0615,0.0504,0.02924,0.1535,0.1151,0.05134,0.03702,0.06038,0.03236,0.2046,0.2045,
2.164,0.1991,0.06097,0.05022,0.02925,0.1532,0.1147,0.05122,0.03678,0.06052,0.03181,0.2071,0.2042,
2.171,0.2241,0.06299,0.05022,0.02925,0.1528,0.1136,0.05131,0.0375,0.06209,0.03313,0.2042,0.2029,
2.17,0.2133,0.06248,0.05013,0.02929,0.1525,0.113,0.05134,0.03765,0.06216,0.03298,0.2043,0.2042,
2.169,0.2058,0.06217,0.05005,0.02946,0.1524,0.1116,0.05136,0.03779,0.06206,0.03299,0.2044,0.2057,
2.167,0.1808,0.06195,0.04997,0.02914,0.1521,0.111,0.05132,0.03795,0.0623,0.0325,0.2052,0.2066,
2.167,0.1531,0.06185,0.04994,0.02922,0.1518,0.1103,0.05147,0.03784,0.06258,0.03226,0.2053,0.2073,
2.165,0.1572,0.06149,0.05017,0.02892,0.1519,0.1095,0.05163,0.03775,0.06282,0.03184,0.2054,0.2086,
2.171,0.1698,0.06175,0.05052,0.02905,0.1522,0.109,0.05165,0.03793,0.06279,0.03443,0.2027,0.208,
2.169,0.1475,0.0615,0.05047,0.02916,0.1522,0.1072,0.05153,0.03794,0.06385,0.03339,0.2027,0.21,
2.168,0.1544,0.06079,0.05045,0.02928,0.1526,0.1067,0.05154,0.03808,0.06374,0.0334,0.2028,0.2106,
2.171,0.1452,0.06435,0.0503,0.02937,0.1524,0.1059,0.05151,0.03805,0.06369,0.03338,0.2037,0.2074,
2.168,0.1331,0.06389,0.05029,0.02937,0.1524,0.1028,0.05147,0.03802,0.06386,0.03314,0.2045,0.2103,
2.164,0.1403,0.06195,0.05015,0.02891,0.1533,0.1017,0.05153,0.03784,0.06377,0.03309,0.2063,0.2115,
2.162,0.1155,0.06152,0.05027,0.02898,0.1534,0.09942,0.05141,0.03785,0.06391,0.03298,0.2064,0.2139,
2.159,0.1228,0.06118,0.05047,0.02858,0.1533,0.0971,0.05142,0.03808,0.0643,0.03238,0.2064,0.2168,
2.157,0.1224,0.06111,0.05043,0.02865,0.153,0.09618,0.05166,0.03814,0.06584,0.03064,0.2065,0.2179,
2.156,0.1357,0.06095,0.05053,0.02871,0.153,0.09604,0.05153,0.03827,0.0664,0.02995,0.2065,0.2181,
2.167,0.1468,0.06565,0.05068,0.02882,0.1528,0.09543,0.05155,0.03828,0.06676,0.03226,0.2039,0.2138,
2.166,0.1596,0.06528,0.05079,0.02899,0.1528,0.09474,0.05168,0.03816,0.06677,0.03226,0.2039,0.2145,
2.164,0.1563,0.06484,0.05072,0.02905,0.1531,0.09328,0.05184,0.03796,0.06726,0.0318,0.204,0.2162,
2.162,0.1491,0.06449,0.05076,0.02925,0.1531,0.09103,0.05185,0.03797,0.0674,0.03168,0.204,0.2184,
2.172,0.1428,0.0694,0.05062,0.02941,0.1558,0.08964,0.05186,0.03785,0.06796,0.03368,0.2016,0.2122,
2.17,0.1381,0.06829,0.0505,0.02951,0.1566,0.08932,0.05189,0.038,0.06867,0.03289,0.2017,0.2127,
2.17,0.1236,0.06987,0.05019,0.02907,0.1565,0.08918,0.05207,0.03769,0.06893,0.03248,0.2034,0.2106,
2.159,0.1669,0.06912,0.05017,0.02873,0.1569,0.08801,0.05237,0.07873,0.0282,0.03181,0.2035,0.2125,
2.161,0.1784,0.07023,0.05021,0.02881,0.1571,0.08744,0.05241,0.07868,0.02894,0.03119,0.2047,0.2103,
2.161,0.2086,0.07009,0.05027,0.02891,0.157,0.08745,0.05254,0.07869,0.02905,0.03096,0.2048,0.2103,
2.16,0.1649,0.06981,0.05043,0.02875,0.1568,0.0876,0.05243,0.07884,0.0293,0.03061,0.2048,0.2106,
2.161,0.1798,0.07162,0.05026,0.02885,0.1561,0.08671,0.0525,0.07878,0.03106,0.02884,0.2055,0.2098,
2.165,0.1758,0.07389,0.05022,0.02899,0.1554,0.08678,0.0528,0.07885,0.0312,0.02942,0.2048,0.2077,
2.164,0.129,0.07356,0.05025,0.02903,0.1548,0.08573,0.05271,0.07888,0.03139,0.02895,0.2065,0.2082,
2.162,0.1244,0.07336,0.05016,0.02916,0.1546,0.08458,0.05248,0.07888,0.03148,0.02877,0.2066,0.2099,
2.172,0.1472,0.07743,0.05033,0.02882,0.1546,0.08376,0.05262,0.07876,0.03185,0.03222,0.2028,0.2068,
2.172,0.154,0.07736,0.05035,0.02889,0.1545,0.08332,0.05262,0.07888,0.03199,0.03199,0.2028,0.2073,
2.172,0.1543,0.08056,0.05011,0.02893,0.1539,0.08166,0.05254,0.07907,0.0331,0.03047,0.2045,0.2051,
2.176,0.1419,0.08166,0.0501,0.029,0.1539,0.08042,0.05256,0.07922,0.03298,0.03249,0.2026,0.2051,
2.175,0.1397,0.08142,0.05007,0.02863,0.1538,0.08045,0.05257,0.07934,0.03289,0.0325,0.2026,0.2057,
2.178,0.1326,0.08447,0.0499,0.02863,0.1536,0.07963,0.05236,0.07909,0.03379,0.03259,0.2032,0.2027,
2.175,0.133,0.08428,0.04989,0.02831,0.1535,0.07784,0.0525,0.07898,0.03457,0.03183,0.2033,0.205,
2.174,0.1279,0.08403,0.04998,0.0284,0.153,0.07688,0.05255,0.07905,0.03487,0.03147,0.2035,0.2064,
2.168,0.169,0.08699,0.05,0.02842,0.1528,0.07635,0.09314,0.0392,0.03476,0.03122,0.2033,0.2039,
2.167,0.1715,0.08637,0.05007,0.02849,0.1531,0.07602,0.09317,0.03908,0.0349,0.0311,0.2033,0.2044,
2.174,0.1905,0.08943,0.05006,0.02851,0.1528,0.07492,0.09299,0.03906,0.03488,0.03384,0.2015,0.202,
2.171,0.1705,0.08903,0.04996,0.02808,0.1523,0.07439,0.09312,0.03893,0.03488,0.03384,0.2025,0.203,
2.172,0.1653,0.08879,0.04995,0.02817,0.1518,0.07445,0.0932,0.03897,0.03491,0.03387,0.2027,0.2032,
2.168,0.1966,0.08843,0.05007,0.02827,0.1517,0.1036,0.06436,0.03873,0.03664,0.03217,0.2027,0.2033,
2.173,0.1924,0.08838,0.04998,0.02835,0.151,0.1036,0.06447,0.03883,0.03637,0.03543,0.2004,0.2032,
2.172,0.1913,0.08791,0.04993,0.02838,0.1511,0.1037,0.06415,0.0388,0.03715,0.03459,0.2012,0.203,
2.171,0.1786,0.08729,0.04991,0.02806,0.1524,0.1036,0.06411,0.03881,0.03785,0.03391,0.2013,0.2027,
2.169,0.1446,0.08675,0.04996,0.02783,0.1523,0.1013,0.06407,0.03927,0.03734,0.03388,0.2022,0.2051,
2.168,0.1461,0.08621,0.04983,0.02788,0.1524,0.1007,0.06402,0.03943,0.03726,0.03373,0.203,0.2055,
2.166,0.1458,0.08553,0.05005,0.02793,0.1523,0.0995,0.06366,0.03979,0.03723,0.03332,0.2039,0.2068,
2.165,0.1565,0.08546,0.05001,0.02758,0.152,0.09963,0.06324,0.03991,0.03787,0.03261,0.204,0.2077,
2.163,0.1447,0.08526,0.04988,0.0277,0.1518,0.09748,0.06289,0.03993,0.03789,0.03264,0.2041,0.2104,
2.166,0.1462,0.08371,0.04982,0.02789,0.1538,0.09783,0.06284,0.03996,0.03795,0.03476,0.2021,0.2094,
2.166,0.1521,0.08331,0.04998,0.02798,0.1537,0.09774,0.06273,0.03998,0.03845,0.0343,0.2021,0.2097,
2.165,0.1517,0.08265,0.04988,0.02801,0.1534,0.09759,0.06264,0.03992,0.03885,0.03379,0.2039,0.2094,
2.17,0.1439,0.08311,0.05008,0.02807,0.1531,0.09521,0.06245,0.0399,0.03938,0.03693,0.2011,0.2107,
2.172,0.1421,0.08528,0.05005,0.02808,0.1528,0.09517,0.06234,0.0397,0.03955,0.03748,0.2019,0.2076,
2.171,0.1391,0.08382,0.05017,0.02809,0.1537,0.09548,0.06199,0.0397,0.03945,0.03751,0.202,0.2081,
2.171,0.1462,0.08331,0.05002,0.02823,0.154,0.09534,0.06188,0.03997,0.03998,0.03661,0.2021,0.2085,
2.174,0.1439,0.08709,0.0501,0.02827,0.1539,0.09473,0.06172,0.03995,0.04076,0.03609,0.2027,0.2047,
2.14,0.1781,0.08637,0.04996,0.02834,0.1535,0.09425,0.09012,0.01141,0.04071,0.03604,0.2044,0.2048,
2.139,0.1811,0.08574,0.05018,0.0285,0.1533,0.0934,0.09018,0.01142,0.04346,0.03334,0.2046,0.2059,
2.138,0.1626,0.08544,0.05033,0.02857,0.1533,0.09316,0.09033,0.01129,0.04379,0.03303,0.2046,0.2062,
2.141,0.1795,0.08871,0.05029,0.02861,0.1531,0.09064,0.09014,0.01128,0.04417,0.03372,0.2044,0.205,
2.139,0.1775,0.08844,0.05013,0.02868,0.1531,0.08864,0.08993,0.01163,0.04422,0.03336,0.2045,0.2073,
2.142,0.1983,0.08872,0.05026,0.0288,0.1532,0.08882,0.08985,0.01189,0.04521,0.0335,0.2033,0.2065,
2.142,0.1582,0.0883,0.05016,0.02887,0.1528,0.08793,0.08971,0.01229,0.0448,0.0335,0.2042,0.2074,
2.14,0.158,0.08807,0.05005,0.02864,0.1525,0.08661,0.0896,0.01255,0.04503,0.03306,0.2044,0.2095,
2.145,0.168,0.09221,0.05025,0.02869,0.1518,0.08582,0.08976,0.0127,0.04561,0.03334,0.2039,0.206,
2.143,0.1639,0.09175,0.05026,0.02836,0.1516,0.0859,0.08983,0.01271,0.04746,0.03155,0.204,0.2065,
2.142,0.1767,0.09065,0.05015,0.02841,0.1518,0.08552,0.08982,0.01271,0.0482,0.0308,0.205,0.2069,
2.148,0.1661,0.09143,0.05004,0.02854,0.1521,0.08496,0.08977,0.01298,0.04919,0.03302,0.2019,0.206,
2.151,0.1628,0.09432,0.04978,0.02845,0.1511,0.0844,0.08936,0.01304,0.0489,0.03427,0.204,0.2024,
2.154,0.1647,0.09305,0.04962,0.02847,0.1509,0.08352,0.08945,0.01288,0.04929,0.0374,0.2023,0.2031,
2.158,0.1656,0.09557,0.04954,0.02849,0.1507,0.08328,0.08916,0.01311,0.04906,0.03863,0.2021,0.2004,
2.158,0.1679,0.09519,0.04948,0.02852,0.1504,0.08349,0.08886,0.01333,0.0499,0.03798,0.2025,0.2003,
2.157,0.1664,0.09467,0.04949,0.02864,0.1502,0.083,0.0891,0.01305,0.04994,0.03801,0.2027,0.2012,
2.156,0.175,0.09341,0.04962,0.02868,0.1504,0.08295,0.08883,0.01317,0.05069,0.03712,0.2037,0.2014,
2.153,0.1776,0.08916,0.04951,0.02871,0.1539,0.08218,0.08855,0.01337,0.0509,0.03669,0.2046,0.2024,
2.156,0.1845,0.08809,0.04948,0.02879,0.1543,0.08188,0.08813,0.01336,0.05111,0.03917,0.2028,0.2029,
2.154,0.1826,0.08599,0.04939,0.02893,0.1554,0.08201,0.08773,0.01368,0.05199,0.0378,0.2045,0.2026,
2.153,0.1662,0.08535,0.0494,0.029,0.155,0.08188,0.08756,0.01357,0.05234,0.03744,0.2055,0.2029,
2.157,0.1689,0.0869,0.04948,0.02909,0.1545,0.08194,0.08778,0.01343,0.05237,0.03908,0.204,0.2014,
2.157,0.1764,0.0862,0.04966,0.02921,0.1543,0.08229,0.08719,0.01345,0.05242,0.03911,0.2042,0.2019,
2.157,0.1772,0.08551,0.04984,0.02924,0.1543,0.09363,0.07545,0.01348,0.05251,0.0401,0.2038,0.2022,
2.154,0.2168,0.08244,0.04972,0.02895,0.1568,0.09369,0.07539,0.01378,0.05243,0.03967,0.2047,0.2025,
2.153,0.2055,0.08206,0.04974,0.02856,0.1564,0.09365,0.07535,0.01397,0.05293,0.03893,0.2056,0.2028,
2.159,0.1699,0.08412,0.04969,0.02829,0.1566,0.09359,0.07529,0.01398,0.05297,0.04167,0.203,0.2007,
2.157,0.172,0.08334,0.04954,0.02836,0.1566,0.09264,0.07517,0.01422,0.0543,0.03993,0.2048,0.2012,
2.156,0.1532,0.08306,0.04938,0.02844,0.156,0.09246,0.07506,0.01454,0.05443,0.03945,0.2057,0.2014,
2.155,0.1626,0.08269,0.04953,0.02851,0.1559,0.09224,0.07573,0.01413,0.05469,0.039,0.2058,0.2018,
2.158,0.1703,0.08242,0.04973,0.0286,0.1558,0.09149,0.07574,0.01413,0.055,0.04044,0.2041,0.2025,
2.158,0.1614,0.08382,0.04979,0.02866,0.1561,0.09093,0.07805,0.01185,0.05597,0.04168,0.202,0.2012,
2.157,0.1559,0.08311,0.05021,0.02869,0.1554,0.0906,0.07824,0.01177,0.05656,0.04096,0.203,0.2015,
2.154,0.1605,0.08009,0.0502,0.02883,0.1576,0.08944,0.07833,0.01164,0.05666,0.04081,0.2039,0.2025,
2.157,0.1584,0.08164,0.05033,0.02889,0.1572,0.089,0.07826,0.01196,0.05651,0.0415,0.2033,0.2014,
2.155,0.1641,0.08084,0.05038,0.02892,0.1573,0.08742,0.07835,0.01206,0.05707,0.04065,0.2042,0.2029,
2.154,0.16,0.08041,0.05044,0.02895,0.1574,0.08666,0.07838,0.01223,0.05693,0.04067,0.2042,0.2037,
2.153,0.17,0.08013,0.05055,0.02907,0.1571,0.0859,0.07854,0.01211,0.05813,0.0395,0.2043,0.2046,
2.152,0.1645,0.07918,0.05066,0.02917,0.1576,0.08567,0.0787,0.01199,0.05855,0.03913,0.2044,0.205,
2.152,0.1652,0.0786,0.05088,0.02924,0.1572,0.08549,0.0789,0.01187,0.05861,0.03916,0.2046,0.2054,
2.176,0.1976,0.0825,0.0508,0.02945,0.1573,0.08474,0.07894,0.04165,0.02886,0.04242,0.2015,0.2018,
2.176,0.1928,0.08158,0.05099,0.02954,0.1578,0.0845,0.07922,0.0418,0.02902,0.0419,0.2015,0.2022,
2.175,0.1947,0.08075,0.05106,0.02959,0.1579,0.08463,0.07882,0.0419,0.02881,0.04194,0.2017,0.2029,
2.174,0.1942,0.08038,0.05114,0.02961,0.1582,0.08488,0.07856,0.0424,0.02854,0.0417,0.2017,0.2029,
2.174,0.1916,0.07984,0.05139,0.02964,0.1581,0.08518,0.07864,0.04225,0.02869,0.04146,0.2018,0.203,
2.174,0.1954,0.07948,0.05152,0.02972,0.1581,0.08487,0.07854,0.04226,0.02857,0.04147,0.2019,0.2036,
2.173,0.1943,0.07905,0.05157,0.02977,0.158,0.08505,0.07884,0.04203,0.02846,0.04149,0.202,0.2038,
2.174,0.1975,0.07847,0.05183,0.02985,0.1577,0.08484,0.0789,0.04212,0.03099,0.0387,0.2021,0.2045,
2.169,0.1849,0.07729,0.05193,0.02985,0.1582,0.09602,0.06728,0.04253,0.03054,0.03854,0.203,0.2048,
2.168,0.1878,0.07643,0.05189,0.02989,0.1586,0.09645,0.06669,0.04281,0.0303,0.03857,0.2031,0.2052,
2.157,0.1943,0.07797,0.05192,0.02994,0.1584,0.1168,0.04653,0.04283,0.03057,0.03821,0.2033,0.2035,
2.156,0.1779,0.07747,0.05206,0.02966,0.158,0.1173,0.04651,0.04272,0.03047,0.03825,0.2035,0.2041,
2.157,0.1825,0.07897,0.0523,0.02975,0.1578,0.117,0.04593,0.04288,0.03121,0.0375,0.2038,0.2029,
2.156,0.1676,0.07852,0.05234,0.02941,0.1569,0.1162,0.04594,0.04289,0.03122,0.03751,0.2048,0.2043,
2.152,0.1802,0.074,0.0524,0.02951,0.1603,0.1154,0.04561,0.04294,0.03126,0.03755,0.2051,0.2059,
2.15,0.1744,0.07372,0.05249,0.02934,0.1599,0.1145,0.04516,0.04302,0.03163,0.03699,0.206,0.2072,
2.149,0.1693,0.07336,0.05253,0.02942,0.1598,0.1137,0.04508,0.04288,0.03208,0.03658,0.2061,0.2085,
2.145,0.1796,0.07263,0.05263,0.02951,0.1601,0.1137,0.04475,0.04923,0.02576,0.03646,0.2061,0.2091,
2.141,0.1809,0.0701,0.05281,0.02952,0.1621,0.1121,0.04471,0.04905,0.02586,0.03616,0.207,0.2106,
2.139,0.1954,0.06962,0.05277,0.02955,0.1619,0.1098,0.04454,0.04901,0.02768,0.03428,0.2079,0.213,
2.139,0.1744,0.06916,0.05283,0.02967,0.161,0.1096,0.04462,0.04928,0.02794,0.03392,0.2082,0.2137,
2.126,0.1961,0.06837,0.053,0.02978,0.1612,0.1075,0.04451,0.06318,0.01759,0.0304,0.2083,0.2161,
2.126,0.1905,0.06809,0.05316,0.02981,0.1613,0.1055,0.04464,0.06306,0.02128,0.02671,0.2084,0.2182,
2.129,0.1958,0.07219,0.0534,0.0299,0.161,0.105,0.04465,0.06692,0.01804,0.0273,0.2072,0.2144,
2.13,0.1878,0.07115,0.05348,0.03,0.1631,0.1042,0.04442,0.06718,0.01831,0.02815,0.2061,0.2139,
2.13,0.1713,0.07072,0.05381,0.03012,0.163,0.1036,0.04456,0.06693,0.01854,0.02793,0.2061,0.2147,
2.128,0.1815,0.07047,0.05379,0.03021,0.1631,0.1025,0.04457,0.06744,0.01815,0.0277,0.2061,0.216,
2.128,0.1725,0.0703,0.05378,0.03031,0.1629,0.1025,0.04477,0.06727,0.01828,0.02758,0.2062,0.2161,
2.136,0.1658,0.07382,0.0538,0.03037,0.163,0.1016,0.04479,0.06717,0.01853,0.02939,0.2043,0.2133,
2.136,0.168,0.07341,0.05383,0.03045,0.1631,0.1015,0.04465,0.06707,0.01953,0.0284,0.2043,0.2138,
2.134,0.1922,0.07297,0.0539,0.03048,0.1632,0.1015,0.04418,0.06734,0.01954,0.02815,0.2044,0.2144,
2.133,0.1978,0.07262,0.05385,0.03055,0.163,0.1002,0.04402,0.06742,0.01961,0.02792,0.2053,0.2155,
2.136,0.1849,0.07469,0.05379,0.03061,0.163,0.09909,0.04402,0.06743,0.01962,0.02903,0.2042,0.2145,
2.136,0.1876,0.0742,0.054,0.03067,0.1631,0.09793,0.04442,0.06706,0.02034,0.02832,0.2042,0.2158,
2.136,0.1776,0.07643,0.05401,0.03033,0.1631,0.09597,0.04456,0.06695,0.02117,0.0275,0.2043,0.2157,
2.135,0.1775,0.07577,0.05386,0.03043,0.1633,0.09541,0.04478,0.06685,0.02095,0.02749,0.2052,0.216,
2.139,0.1694,0.07853,0.05362,0.03045,0.1627,0.09437,0.04469,0.06694,0.02096,0.0288,0.2053,0.2136,
2.141,0.1798,0.07843,0.05359,0.03048,0.1627,0.09412,0.05247,0.05917,0.02134,0.02843,0.2054,0.2139,
2.14,0.1737,0.07818,0.05349,0.03061,0.1627,0.0933,0.05236,0.05919,0.02135,0.02843,0.2054,0.2149,
2.14,0.1691,0.0779,0.05347,0.03065,0.1628,0.09301,0.05238,0.05941,0.02173,0.02785,0.2055,0.2153,
2.139,0.1738,0.07731,0.05361,0.03072,0.1632,0.09268,0.05238,0.05941,0.0216,0.02785,0.2055,0.2158,
2.139,0.1884,0.0769,0.05388,0.03079,0.1631,0.09269,0.05252,0.05904,0.02186,0.02761,0.2055,0.2161,
2.156,0.177,0.0884,0.05406,0.03056,0.1629,0.09227,0.05252,0.05899,0.02211,0.03081,0.2029,0.2045,
2.155,0.1841,0.08742,0.05401,0.03056,0.1632,0.0921,0.05237,0.05896,0.02235,0.03054,0.2038,0.2046,
2.154,0.1903,0.08699,0.05396,0.03068,0.1629,0.0914,0.06062,0.0507,0.02398,0.02896,0.204,0.2058,
2.154,0.2101,0.08639,0.05424,0.03075,0.1629,0.09117,0.06077,0.0508,0.02403,0.02874,0.2041,0.2061,
2.155,0.1868,0.08924,0.05437,0.03046,0.1621,0.09016,0.06136,0.05079,0.02389,0.02847,0.2044,0.2048,
2.155,0.1881,0.09015,0.05447,0.03059,0.1622,0.0892,0.06165,0.05043,0.02471,0.02768,0.2045,0.2044,
2.149,0.2049,0.08954,0.05449,0.03018,0.1619,0.08885,0.07941,0.03249,0.02454,0.03042,0.2034,0.2048,
2.145,0.2083,0.08777,0.05446,0.03032,0.1632,0.08635,0.07958,0.03212,0.02481,0.03018,0.2035,0.2077,
2.143,0.2249,0.08736,0.05446,0.02995,0.1633,0.08452,0.07974,0.032,0.02641,0.0286,0.2036,0.2101,
2.141,0.1807,0.08696,0.05466,0.0295,0.1632,0.08433,0.07963,0.03201,0.02668,0.02822,0.2036,0.2112,
2.142,0.1778,0.08809,0.05462,0.02962,0.1636,0.08431,0.07977,0.03163,0.0271,0.02771,0.2037,0.2098,
2.092,0.2304,0.08774,0.05459,0.02966,0.1635,0.1415,0.02204,0.0316,0.02733,0.02744,0.2045,0.2101,
2.091,0.2073,0.08686,0.05453,0.02969,0.164,0.1411,0.02205,0.03162,0.02759,0.02721,0.2047,0.2107,
2.091,0.2269,0.08611,0.05456,0.02977,0.1643,0.1404,0.03147,0.02223,0.0282,0.0265,0.2048,0.2117,
2.089,0.1845,0.08567,0.05425,0.02951,0.1644,0.1405,0.03162,0.02232,0.02967,0.02487,0.2049,0.2123,
2.089,0.1609,0.08523,0.0542,0.0296,0.1644,0.1408,0.03151,0.0224,0.03051,0.02386,0.2051,0.2124,
2.087,0.1738,0.08492,0.05423,0.0293,0.164,0.1406,0.03154,0.02229,0.03054,0.02388,0.2052,0.2135,
2.089,0.1694,0.08677,0.05421,0.02941,0.1638,0.1403,0.03181,0.02216,0.03096,0.02335,0.2053,0.2119,
2.092,0.1759,0.09066,0.05423,0.02948,0.1638,0.1394,0.03194,0.02204,0.03151,0.02281,0.2054,0.2088,
2.092,0.1693,0.09047,0.05423,0.02958,0.1638,0.1391,0.03211,0.02236,0.03178,0.02207,0.2054,0.2092,
2.093,0.1781,0.09352,0.0542,0.02969,0.1645,0.1365,0.03207,0.02225,0.03197,0.02189,0.2054,0.208,
2.097,0.1551,0.09773,0.05411,0.02964,0.1641,0.1339,0.03215,0.02221,0.03256,0.02209,0.2062,0.2054,
2.094,0.1617,0.09698,0.05406,0.02973,0.1642,0.1335,0.03151,0.02233,0.03348,0.021,0.2071,0.2062,
2.101,0.1569,0.09983,0.05408,0.02938,0.1641,0.1313,0.03143,0.02217,0.03403,0.02359,0.204,0.206,
2.101,0.1535,0.1004,0.05404,0.02948,0.164,0.1306,0.0314,0.02195,0.03405,0.0236,0.2042,0.2063,
2.1,0.1535,0.1002,0.05402,0.02963,0.1633,0.1293,0.03143,0.02229,0.03403,0.02336,0.2044,0.208,
2.1,0.1485,0.0999,0.05396,0.02977,0.163,0.1278,0.03146,0.02231,0.03406,0.02339,0.2046,0.2098,
2.098,0.1512,0.09948,0.05396,0.02987,0.1628,0.1256,0.03152,0.02216,0.03435,0.02314,0.2047,0.2124,
2.098,0.1564,0.09952,0.05409,0.02996,0.163,0.1238,0.03155,0.02206,0.03439,0.02316,0.2049,0.2136,
2.102,0.1792,0.1046,0.05413,0.03005,0.1663,0.1235,0.03157,0.02233,0.03415,0.02318,0.2051,0.2051,
2.101,0.1679,0.1041,0.05405,0.03012,0.166,0.122,0.03169,0.0224,0.03392,0.02317,0.206,0.2065,
2.1,0.1672,0.1032,0.05409,0.03027,0.1664,0.122,0.03183,0.02216,0.03468,0.02245,0.2061,0.2069,
2.1,0.1619,0.103,0.05406,0.03037,0.1664,0.1217,0.0316,0.02216,0.03501,0.02213,0.2062,0.2074,
2.106,0.1633,0.1062,0.05442,0.03043,0.1663,0.1209,0.03146,0.02215,0.03552,0.02356,0.2052,0.2039,
2.106,0.1704,0.1057,0.05458,0.03051,0.1663,0.1201,0.0316,0.02255,0.03528,0.0233,0.2052,0.2049,
2.105,0.173,0.1051,0.05458,0.03062,0.1664,0.1194,0.03162,0.02256,0.03556,0.02305,0.2054,0.2057,
2.103,0.1821,0.1038,0.05453,0.03077,0.1669,0.116,0.03192,0.02232,0.03613,0.02254,0.2056,0.2094,
2.101,0.1879,0.1035,0.05443,0.03081,0.167,0.1147,0.03163,0.02253,0.03699,0.02152,0.2057,0.2112,
2.1,0.1656,0.1045,0.05458,0.03089,0.1671,0.113,0.03139,0.02251,0.03701,0.02153,0.2058,0.2117,
2.1,0.1698,0.1039,0.05481,0.03099,0.1671,0.1124,0.03127,0.02273,0.03681,0.02154,0.2059,0.2126,
2.099,0.1912,0.1038,0.05478,0.03105,0.1691,0.1107,0.03112,0.02315,0.03636,0.02153,0.2068,0.2116,
2.099,0.1718,0.1044,0.05517,0.03112,0.1687,0.1093,0.03101,0.02353,0.03582,0.02152,0.2078,0.2118,
2.098,0.1627,0.1041,0.05532,0.03127,0.1679,0.1078,0.03105,0.02356,0.03615,0.02126,0.208,0.2136,
2.097,0.1636,0.1034,0.05566,0.03133,0.1676,0.1064,0.03107,0.02345,0.03618,0.02128,0.2082,0.2155,
2.093,0.1762,0.1096,0.05586,0.03145,0.1668,0.1065,0.04517,0.009107,0.03624,0.02323,0.2066,0.2094,
2.091,0.1707,0.109,0.05568,0.0315,0.1661,0.105,0.04513,0.009098,0.03703,0.02238,0.2085,0.2105,
2.089,0.1691,0.1082,0.05587,0.03148,0.166,0.1033,0.04523,0.009303,0.03769,0.02134,0.2094,0.2122,
2.091,0.1681,0.1126,0.05583,0.03152,0.1657,0.1014,0.04508,0.009286,0.03762,0.02194,0.2105,0.2086,
2.099,0.1765,0.1145,0.05584,0.0316,0.1658,0.1004,0.04505,0.009279,0.03759,0.02544,0.2079,0.2067,
2.099,0.1925,0.1136,0.05602,0.03169,0.1656,0.09946,0.04507,0.00929,0.03777,0.02534,0.2081,0.208,
2.098,0.1771,0.1127,0.05617,0.0318,0.1654,0.09912,0.04514,0.009304,0.03783,0.02538,0.2084,0.2088,
2.096,0.1883,0.1112,0.05618,0.03188,0.1661,0.09719,0.04524,0.009167,0.03781,0.02537,0.2094,0.2106,
2.097,0.1694,0.112,0.05626,0.03191,0.1665,0.09665,0.04522,0.009162,0.03801,0.02534,0.2101,0.2089,
2.094,0.175,0.1086,0.05631,0.03201,0.1692,0.09564,0.04531,0.009023,0.03971,0.02369,0.2103,0.2102,
2.099,0.1729,0.1116,0.05625,0.03207,0.1693,0.09517,0.04516,0.009015,0.04037,0.025,0.2091,0.207,
2.101,0.1735,0.1144,0.05609,0.03174,0.1688,0.09434,0.04504,0.009017,0.04038,0.02624,0.209,0.205,
2.099,0.1719,0.1136,0.05619,0.03182,0.1686,0.09249,0.04523,0.008843,0.04087,0.02581,0.2093,0.2072,
2.099,0.1818,0.1133,0.05631,0.03189,0.1682,0.09241,0.04489,0.009087,0.04066,0.02584,0.2095,0.208,
2.097,0.1809,0.1091,0.05643,0.03191,0.1717,0.09195,0.04489,0.009386,0.0411,0.025,0.2096,0.2089,
2.092,0.1811,0.106,0.05649,0.03199,0.1742,0.09024,0.04614,0.00809,0.041,0.02502,0.2098,0.211,
2.072,0.1892,0.1052,0.05655,0.03156,0.1745,0.1041,0.02944,0.008095,0.04143,0.02463,0.2099,0.2146,
2.079,0.1822,0.1064,0.05665,0.03166,0.1737,0.102,0.02937,0.00811,0.0415,0.02807,0.2069,0.2156,
2.078,0.187,0.1059,0.05673,0.03182,0.1735,0.1007,0.02944,0.008067,0.04163,0.02786,0.2071,0.2173,
2.075,0.2258,0.1048,0.05686,0.03191,0.1749,0.09876,0.0291,0.007918,0.04167,0.02789,0.2073,0.2189,
2.076,0.2245,0.1067,0.05683,0.03199,0.1747,0.0977,0.02897,0.008137,0.04172,0.02762,0.2084,0.2173,
2.074,0.2187,0.1054,0.05699,0.03203,0.1744,0.09633,0.02882,0.008265,0.04157,0.02761,0.2093,0.2192,
2.088,0.2222,0.1078,0.05672,0.03215,0.1747,0.09492,0.02872,0.03459,0.0159,0.02954,0.2071,0.2178,
2.086,0.2286,0.1067,0.05688,0.0322,0.1749,0.09297,0.0287,0.03456,0.01657,0.02885,0.208,0.2196,
2.086,0.1752,0.1086,0.05692,0.03222,0.175,0.09097,0.02859,0.03471,0.01672,0.02859,0.2081,0.2196,
2.085,0.1772,0.1081,0.05676,0.03229,0.1747,0.0908,0.02853,0.03465,0.01771,0.02751,0.2098,0.2192,
2.086,0.1743,0.109,0.05685,0.03241,0.1739,0.08952,0.02845,0.03484,0.01761,0.02789,0.2098,0.2197,
2.086,0.183,0.1087,0.05686,0.03255,0.1739,0.08955,0.02863,0.03468,0.01825,0.02726,0.2099,0.2197,
2.085,0.18,0.1083,0.05691,0.0324,0.1738,0.08873,0.02864,0.0347,0.01826,0.02727,0.21,0.221,
2.087,0.188,0.1089,0.05696,0.03242,0.1738,0.08881,0.02849,0.03467,0.01851,0.02756,0.2103,0.2195,
2.086,0.2079,0.1081,0.05683,0.03251,0.1732,0.08833,0.02866,0.0345,0.01884,0.02723,0.2114,0.2204,
2.084,0.2014,0.1076,0.05679,0.0326,0.1733,0.08756,0.02854,0.03494,0.01843,0.02725,0.2115,0.2215,
2.083,0.1911,0.1071,0.05676,0.03268,0.1729,0.08672,0.02854,0.03493,0.01843,0.02724,0.2125,0.2223,
2.082,0.1902,0.1065,0.05678,0.03272,0.1728,0.08619,0.02852,0.03491,0.01894,0.02669,0.2134,0.2226,
2.048,0.2133,0.1052,0.05703,0.03282,0.1731,0.1061,0.008534,0.03488,0.01992,0.02569,0.2143,0.2224,
2.057,0.1936,0.106,0.05732,0.03283,0.1728,0.1055,0.008836,0.03451,0.01989,0.0297,0.2121,0.2206,
2.056,0.1955,0.1052,0.05758,0.03296,0.173,0.1045,0.008673,0.03452,0.01989,0.0297,0.2121,0.2218,
2.056,0.2132,0.1045,0.0576,0.03308,0.1731,0.1048,0.008418,0.03465,0.02159,0.02794,0.2123,0.222,
2.059,0.2126,0.1054,0.05757,0.03319,0.1726,0.1039,0.00842,0.03466,0.02258,0.02817,0.2122,0.2214,
2.07,0.1865,0.1116,0.0575,0.03322,0.1724,0.1029,0.008426,0.03482,0.02269,0.03175,0.2086,0.216,
2.074,0.1735,0.1162,0.05755,0.03328,0.1723,0.1028,0.008421,0.0348,0.02267,0.03239,0.2089,0.2107,
2.074,0.1805,0.115,0.05764,0.03333,0.1757,0.1029,0.008427,0.03521,0.02265,0.03206,0.209,0.2081,
2.071,0.1959,0.1133,0.05777,0.03344,0.1768,0.09975,0.008212,0.03523,0.02303,0.0317,0.2091,0.2116,
2.07,0.1823,0.1127,0.05791,0.03343,0.1762,0.09932,0.008211,0.03523,0.02319,0.03154,0.2102,0.2121,
2.069,0.1892,0.1124,0.05796,0.03353,0.1759,0.09764,0.008321,0.03515,0.02388,0.03089,0.2103,0.214,
2.072,0.189,0.1162,0.05767,0.0332,0.1758,0.09617,0.008191,0.03536,0.0241,0.03191,0.2098,0.2116,
2.067,0.1807,0.1112,0.05731,0.0332,0.1794,0.0947,0.008173,0.03549,0.02385,0.03184,0.2125,0.2124,
2.076,0.1642,0.1132,0.05745,0.03324,0.1812,0.09403,0.00817,0.03534,0.02384,0.03601,0.2092,0.2083,
2.074,0.1688,0.1123,0.05749,0.0333,0.1809,0.09247,0.008038,0.03534,0.02473,0.03511,0.2103,0.21,
2.073,0.1723,0.1117,0.05741,0.03339,0.181,0.09168,0.008045,0.03586,0.02439,0.03501,0.2104,0.2111,
2.078,0.1667,0.1138,0.05717,0.03331,0.1808,0.09079,0.008043,0.03607,0.02418,0.03761,0.2089,0.2094,
2.077,0.1706,0.113,0.05739,0.03341,0.1806,0.08934,0.008049,0.03624,0.02407,0.03764,0.2091,0.2111,
2.074,0.1649,0.1088,0.05734,0.03343,0.1845,0.08887,0.008055,0.03626,0.02451,0.03724,0.2092,0.2118,
2.075,0.1574,0.1082,0.05732,0.03362,0.1843,0.08855,0.008194,0.03634,0.02538,0.03626,0.2094,0.2124,
2.075,0.1625,0.1081,0.05733,0.03373,0.1837,0.08863,0.008334,0.03645,0.02519,0.0363,0.2096,0.2126,
2.075,0.1548,0.1082,0.05713,0.03364,0.1828,0.08884,0.008209,0.03649,0.02543,0.03611,0.2109,0.2123,
2.073,0.1539,0.1076,0.05719,0.03317,0.1829,0.08747,0.008319,0.03641,0.02567,0.03591,0.211,0.2144,
2.072,0.152,0.1071,0.05728,0.03322,0.1824,0.08644,0.008446,0.03625,0.02609,0.03546,0.212,0.2153,
2.072,0.1664,0.1066,0.0573,0.03343,0.1822,0.08587,0.008454,0.03629,0.02767,0.03394,0.2121,0.2161,
2.071,0.1755,0.1054,0.05739,0.03352,0.1824,0.08552,0.00845,0.0364,0.02778,0.03367,0.2131,0.2164,
2.056,0.163,0.1049,0.05738,0.03336,0.1817,0.0899,0.003564,0.03641,0.02765,0.03368,0.2142,0.2172,
2.064,0.1498,0.1126,0.0574,0.03351,0.1817,0.08843,0.003697,0.0363,0.02766,0.03561,0.2124,0.2107,
2.067,0.149,0.1139,0.05763,0.03362,0.1814,0.0881,0.003703,0.03648,0.02779,0.0363,0.2119,0.2091,
2.069,0.1517,0.1133,0.05813,0.03371,0.1806,0.08834,0.003731,0.0364,0.02783,0.03675,0.2118,0.2094,
2.055,0.1819,0.1129,0.05807,0.03381,0.18,0.08724,0.003996,0.05282,0.01241,0.03549,0.2128,0.2105,
2.053,0.1714,0.112,0.05817,0.03335,0.1801,0.08697,0.003856,0.05299,0.01239,0.03529,0.213,0.2119,
2.053,0.1773,0.1115,0.0581,0.03355,0.1799,0.08705,0.003992,0.05291,0.0124,0.03532,0.2132,0.2121,
2.052,0.1654,0.1112,0.05821,0.03303,0.179,0.08654,0.003991,0.0529,0.01264,0.03508,0.2143,0.2131,
2.059,0.1626,0.1146,0.05828,0.03314,0.1788,0.08615,0.004094,0.05313,0.01257,0.03771,0.2116,0.2099,
2.06,0.1651,0.1142,0.05816,0.03319,0.1787,0.08582,0.004357,0.05283,0.01372,0.03652,0.2125,0.21,
2.062,0.1683,0.113,0.05813,0.03342,0.1786,0.08581,0.004499,0.05268,0.01537,0.03486,0.2136,0.21,
2.062,0.1674,0.1121,0.05823,0.03307,0.1791,0.08585,0.004767,0.05245,0.01562,0.03464,0.2137,0.2105,
2.063,0.179,0.1117,0.05841,0.03314,0.1788,0.08553,0.004903,0.05248,0.0155,0.03562,0.2129,0.2111,
2.067,0.1697,0.1114,0.05831,0.03314,0.1784,0.08515,0.005032,0.05232,0.01596,0.03715,0.2118,0.2113,
2.074,0.145,0.1113,0.05833,0.03322,0.1784,0.08516,0.005166,0.05219,0.0203,0.03478,0.2099,0.2113,
2.074,0.1431,0.1106,0.05844,0.03327,0.1788,0.08518,0.005167,0.0522,0.02055,0.03454,0.2099,0.2113,
2.073,0.1637,0.1102,0.05838,0.03333,0.1786,0.08511,0.005163,0.05216,0.02054,0.03451,0.2108,0.2112,
2.074,0.1683,0.1098,0.05842,0.03344,0.1784,0.08479,0.005307,0.05232,0.02127,0.03355,0.211,0.2117,
2.073,0.1749,0.1089,0.05841,0.03366,0.1782,0.08436,0.00523,0.05263,0.02134,0.03334,0.2113,0.2127,
2.072,0.1635,0.108,0.05823,0.03358,0.1788,0.08286,0.005364,0.05252,0.02242,0.03227,0.2114,0.2146,
2.071,0.1611,0.109,0.05828,0.0336,0.1783,0.08178,0.005362,0.05273,0.02244,0.03201,0.2123,0.2142,
2.071,0.16,0.1065,0.05845,0.03379,0.1796,0.08188,0.005501,0.05266,0.02321,0.0313,0.2126,0.2145,
2.077,0.1603,0.1081,0.05851,0.03334,0.18,0.08072,0.005552,0.05255,0.0235,0.03461,0.2091,0.214,
2.078,0.1619,0.1085,0.05848,0.03348,0.1812,0.08034,0.005738,0.05237,0.02401,0.03411,0.2092,0.2127,
2.08,0.1727,0.1124,0.05871,0.03284,0.1811,0.07993,0.005739,0.05239,0.02587,0.03226,0.2092,0.2095,
2.08,0.1862,0.1119,0.0588,0.03291,0.1813,0.08009,0.005883,0.05265,0.02586,0.03177,0.2093,0.2096,
2.08,0.1802,0.1112,0.05898,0.03301,0.1809,0.08018,0.005747,0.05262,0.02641,0.03119,0.2102,0.2095,
2.078,0.1828,0.1107,0.05887,0.03302,0.1805,0.07975,0.005738,0.0524,0.02767,0.02984,0.212,0.2095,
2.078,0.1846,0.1104,0.05881,0.03314,0.1804,0.07979,0.005741,0.05243,0.02833,0.0292,0.2121,0.2097,
2.079,0.1818,0.1102,0.05888,0.03328,0.1802,0.07983,0.005876,0.05259,0.02864,0.02866,0.2122,0.2098,
2.079,0.194,0.1098,0.05862,0.03338,0.1795,0.07957,0.005735,0.05238,0.02918,0.02913,0.2129,0.2098,
2.079,0.1759,0.1095,0.05844,0.03356,0.1794,0.07962,0.005738,0.05241,0.02951,0.02883,0.2131,0.21,
2.078,0.1878,0.1087,0.05846,0.03364,0.1786,0.07966,0.005598,0.05235,0.02999,0.02829,0.2149,0.2097,
2.078,0.1928,0.1074,0.05923,0.03377,0.1787,0.08006,0.005379,0.05237,0.03137,0.0268,0.215,0.2098,
2.084,0.2009,0.1058,0.05934,0.03382,0.1798,0.07996,0.005249,0.05254,0.03125,0.03077,0.2112,0.2102,
2.083,0.1964,0.1019,0.05963,0.03392,0.1822,0.07982,0.005258,0.05283,0.03177,0.03017,0.2116,0.2109,
2.082,0.1951,0.1018,0.05946,0.03402,0.1817,0.07968,0.004997,0.05289,0.03205,0.02996,0.2118,0.2116,
2.082,0.1942,0.1014,0.05927,0.03408,0.1812,0.07937,0.005437,0.05277,0.03172,0.02996,0.2129,0.2119,
2.081,0.1977,0.1011,0.05917,0.03421,0.1812,0.07901,0.00544,0.05292,0.03242,0.02916,0.213,0.2124,
2.08,0.2032,0.1006,0.05922,0.03427,0.1808,0.0782,0.005705,0.05281,0.03245,0.02892,0.2139,0.2131,
2.08,0.1956,0.1002,0.05933,0.03439,0.1806,0.07756,0.005709,0.05298,0.03259,0.02869,0.2141,0.2139,
2.088,0.1967,0.1044,0.05934,0.03449,0.1809,0.07672,0.005777,0.05332,0.03239,0.0315,0.2111,0.2101,
2.086,0.1991,0.1036,0.05928,0.03394,0.1807,0.07599,0.005777,0.05356,0.03291,0.03074,0.2122,0.2113,
2.085,0.2023,0.1028,0.05932,0.0341,0.1803,0.07533,0.005921,0.05363,0.03304,0.03054,0.2125,0.2125,
2.084,0.1979,0.1027,0.05924,0.03427,0.1803,0.07457,0.006055,0.05347,0.03293,0.03054,0.2125,0.2134,
2.084,0.202,0.1018,0.05923,0.03433,0.1805,0.07463,0.006378,0.05299,0.03409,0.02934,0.2134,0.2133,
2.087,0.2031,0.1021,0.0593,0.03441,0.1813,0.07442,0.006519,0.0531,0.03442,0.02969,0.2128,0.2119,
2.084,0.2003,0.1016,0.05949,0.03396,0.181,0.07393,0.006416,0.05325,0.03394,0.02972,0.213,0.2136,
2.085,0.2089,0.1025,0.05962,0.03406,0.181,0.07353,0.00642,0.05328,0.03445,0.02925,0.2131,0.2128,
2.083,0.2091,0.1016,0.05989,0.03414,0.1808,0.07263,0.006416,0.05311,0.03486,0.02879,0.2141,0.2137,
2.082,0.2008,0.1002,0.05987,0.03433,0.1815,0.07283,0.006395,0.05349,0.03468,0.02859,0.2142,0.2139,
2.082,0.191,0.09961,0.06003,0.03441,0.1808,0.07248,0.006394,0.05362,0.03506,0.02807,0.2153,0.2142,
2.085,0.1919,0.1031,0.05996,0.0345,0.1805,0.07206,0.006525,0.05346,0.03531,0.02828,0.2158,0.2105,
2.082,0.1994,0.1011,0.06,0.03454,0.1819,0.0705,0.006663,0.05337,0.03596,0.02768,0.2159,0.2124,
2.083,0.21,0.09966,0.06008,0.03461,0.1827,0.07055,0.00712,0.05335,0.03628,0.02749,0.2156,0.2125,
2.088,0.1786,0.1006,0.06033,0.03421,0.1826,0.0697,0.007533,0.05336,0.03598,0.0296,0.2139,0.2121,
2.09,0.1899,0.1001,0.06019,0.03436,0.1821,0.06878,0.007532,0.05355,0.03684,0.03053,0.2129,0.213,
2.09,0.1947,0.0993,0.06008,0.03453,0.1827,0.0688,0.007885,0.05382,0.03651,0.03029,0.213,0.2131,
2.092,0.1921,0.09848,0.06031,0.03455,0.1823,0.06759,0.007882,0.05367,0.03709,0.03151,0.2122,0.2144,
2.102,0.1951,0.09774,0.06022,0.03466,0.1826,0.06763,0.01519,0.04662,0.0369,0.03153,0.2124,0.2145,
2.102,0.1947,0.09687,0.0603,0.03466,0.1827,0.0676,0.01532,0.04646,0.03715,0.03125,0.2133,0.2144,
2.105,0.1919,0.1004,0.06048,0.03451,0.1818,0.06771,0.01575,0.04633,0.03737,0.03094,0.2137,0.211,
2.105,0.199,0.09959,0.06069,0.03463,0.1811,0.06745,0.01578,0.04662,0.03749,0.03075,0.2141,0.2118,
2.104,0.2135,0.09916,0.06085,0.03476,0.1807,0.06684,0.01579,0.04667,0.03753,0.03078,0.2143,0.2127,
2.104,0.1923,0.09842,0.06078,0.0348,0.1805,0.06671,0.01606,0.04649,0.03725,0.03103,0.2157,0.2123,
2.104,0.1941,0.0978,0.0608,0.03493,0.1806,0.06642,0.01607,0.04679,0.037,0.03105,0.2158,0.2127,
2.103,0.2036,0.09746,0.06069,0.03475,0.1803,0.06637,0.01625,0.04677,0.03787,0.02993,0.2168,0.2129,
2.102,0.1914,0.09704,0.06071,0.03489,0.1802,0.06615,0.01637,0.04708,0.03832,0.02911,0.2169,0.2132,
2.107,0.1893,0.0965,0.06074,0.03501,0.18,0.06621,0.01638,0.04713,0.03867,0.03108,0.2148,0.2134,
2.107,0.1963,0.09595,0.06081,0.03517,0.1792,0.06646,0.01628,0.04699,0.03868,0.03164,0.2154,0.2134,
2.105,0.1942,0.09523,0.06082,0.03521,0.1793,0.06552,0.01627,0.04695,0.03889,0.03136,0.2163,0.2141,
2.106,0.1938,0.09475,0.06103,0.03535,0.179,0.06468,0.01604,0.04699,0.03918,0.03209,0.2155,0.2154,
2.112,0.1813,0.09685,0.06109,0.03549,0.1788,0.0644,0.01608,0.04753,0.03922,0.03379,0.2134,0.2134,
2.111,0.1837,0.09651,0.06111,0.03558,0.178,0.06394,0.01637,0.04744,0.03901,0.03379,0.2144,0.2139,
2.109,0.1837,0.09467,0.061,0.03564,0.1787,0.06418,0.01615,0.04767,0.03988,0.03269,0.2156,0.2139,
2.109,0.1907,0.09384,0.06102,0.03573,0.178,0.06388,0.01607,0.04773,0.03971,0.03312,0.2164,0.2146,
2.109,0.1882,0.09351,0.06112,0.03587,0.1775,0.06406,0.01595,0.04777,0.03974,0.03315,0.2165,0.2148,
2.111,0.1858,0.09304,0.06088,0.03592,0.1768,0.06388,0.01651,0.04722,0.04056,0.03395,0.2171,0.2141,
2.116,0.2186,0.09275,0.06082,0.03593,0.1765,0.06343,0.0165,0.04705,0.04078,0.03681,0.2149,0.2145,
2.113,0.1993,0.09188,0.06069,0.03553,0.1765,0.06342,0.01636,0.04723,0.04082,0.03636,0.2167,0.2145,
2.118,0.2062,0.09603,0.06075,0.03566,0.1767,0.06287,0.01663,0.04739,0.04255,0.03517,0.2158,0.2105,
2.117,0.2321,0.09566,0.06073,0.03576,0.1761,0.06248,0.01663,0.04778,0.042,0.03516,0.2168,0.211,
2.118,0.2099,0.09531,0.06046,0.0359,0.176,0.06267,0.01678,0.04799,0.0416,0.03587,0.2163,0.2112,
2.118,0.1868,0.09471,0.06017,0.03609,0.1756,0.06277,0.0168,0.04834,0.04301,0.03431,0.2167,0.2115,
2.115,0.1853,0.09196,0.06025,0.03622,0.177,0.06233,0.01696,0.04852,0.04381,0.03319,0.2178,0.212,
2.118,0.1786,0.09129,0.06043,0.03633,0.1767,0.06116,0.01726,0.04829,0.04386,0.03516,0.2161,0.2135,
2.117,0.1844,0.09024,0.06056,0.03589,0.177,0.06121,0.01741,0.04839,0.0437,0.03519,0.2163,0.2142,
2.119,0.1695,0.08995,0.06053,0.03601,0.1766,0.06127,0.01758,0.04828,0.04427,0.03609,0.215,0.2144,
2.119,0.1711,0.08946,0.06037,0.03612,0.1764,0.06133,0.01773,0.04853,0.04412,0.036,0.2153,0.2146,
2.118,0.1684,0.08904,0.06028,0.03621,0.1757,0.06134,0.01787,0.0484,0.04619,0.03394,0.2164,0.2146,
2.118,0.1823,0.08846,0.06029,0.03635,0.1754,0.06131,0.01833,0.04825,0.04596,0.03379,0.2174,0.2145,
2.119,0.1783,0.08815,0.06011,0.03642,0.1753,0.06042,0.01854,0.04815,0.046,0.03448,0.2167,0.2157,
2.117,0.1838,0.08738,0.05999,0.0362,0.1753,0.06038,0.01867,0.04831,0.04564,0.03446,0.2177,0.216,
2.116,0.1979,0.0868,0.0599,0.03594,0.1757,0.06011,0.01883,0.04813,0.04551,0.03447,0.2177,0.2168,
2.122,0.1957,0.08812,0.05995,0.036,0.1755,0.0597,0.01882,0.04831,0.04555,0.03713,0.2156,0.2153,
2.122,0.1873,0.08714,0.06015,0.03609,0.1761,0.05971,0.01911,0.04802,0.04578,0.03691,0.2156,0.2154,
2.126,0.183,0.08644,0.06046,0.03624,0.176,0.05974,0.01912,0.04805,0.04613,0.0388,0.2135,0.2155,
2.126,0.1783,0.08616,0.0605,0.03636,0.1758,0.05977,0.0193,0.04802,0.04706,0.03781,0.2137,0.2156,
2.124,0.1969,0.08599,0.06048,0.03653,0.1754,0.05888,0.01931,0.04804,0.04776,0.03715,0.2138,0.2167,
2.131,0.2004,0.08567,0.06042,0.03674,0.175,0.05893,0.03426,0.03346,0.04749,0.03718,0.214,0.2169,
2.13,0.201,0.08502,0.0604,0.03684,0.1748,0.05891,0.03452,0.03318,0.04793,0.03672,0.215,0.2168,
2.13,0.1943,0.08452,0.0604,0.03695,0.1748,0.05894,0.0348,0.03293,0.0491,0.0356,0.2151,0.2169,
2.132,0.2251,0.08708,0.06026,0.03708,0.1752,0.0583,0.03511,0.03301,0.04955,0.03479,0.2151,0.2145,
2.131,0.2235,0.08683,0.06024,0.03718,0.1751,0.05846,0.03514,0.03287,0.04957,0.0348,0.2152,0.2146,
2.131,0.2162,0.08603,0.06053,0.03727,0.1755,0.05846,0.03528,0.03291,0.05075,0.03344,0.2152,0.2146,
2.13,0.2079,0.0854,0.06056,0.03736,0.1758,0.05848,0.0357,0.03252,0.05154,0.03269,0.2153,0.2147,
2.129,0.219,0.0847,0.0604,0.03748,0.1759,0.0579,0.03581,0.03269,0.05187,0.03196,0.2162,0.2151,
2.124,0.1898,0.08432,0.06064,0.03753,0.1759,0.0579,0.04658,0.02193,0.05238,0.03147,0.2162,0.2151,
2.122,0.2007,0.08363,0.06063,0.03755,0.1761,0.05704,0.04668,0.02178,0.05247,0.0313,0.2171,0.2157,
2.122,0.2094,0.08335,0.06046,0.03771,0.1755,0.05663,0.04707,0.02136,0.05331,0.03152,0.2171,0.2161,
2.121,0.2018,0.0831,0.06034,0.03721,0.1753,0.05675,0.04701,0.02149,0.05356,0.03123,0.2172,0.2168,
2.119,0.2117,0.08292,0.06021,0.03652,0.1751,0.05679,0.04705,0.0215,0.05503,0.02981,0.2174,0.2177,
2.125,0.2057,0.08825,0.0602,0.03662,0.1754,0.05681,0.04706,0.02174,0.05553,0.02991,0.2166,0.2118,
2.129,0.1953,0.08791,0.06021,0.03669,0.1751,0.05646,0.04702,0.02158,0.05548,0.03218,0.2152,0.2121,
2.127,0.2012,0.0873,0.05989,0.0366,0.1738,0.05618,0.04679,0.02148,0.05521,0.03253,0.2191,0.2111,
2.129,0.2113,0.08698,0.06,0.03673,0.1739,0.05619,0.04693,0.02134,0.05521,0.03365,0.218,0.2111,
2.128,0.1944,0.08669,0.06004,0.03687,0.1735,0.05636,0.04697,0.02122,0.05619,0.03273,0.2182,0.2112,
2.127,0.1871,0.08648,0.06008,0.03693,0.173,0.05633,0.04709,0.02118,0.05713,0.03161,0.2191,0.2111,
2.126,0.1909,0.0858,0.06026,0.03708,0.1726,0.0564,0.04709,0.021,0.05834,0.0303,0.2194,0.2118,
2.124,0.2019,0.08546,0.06023,0.03707,0.1717,0.05645,0.0469,0.02097,0.05909,0.02942,0.2212,0.2115,
2.127,0.2119,0.08497,0.06023,0.03714,0.1717,0.05662,0.04679,0.02112,0.05899,0.03078,0.22,0.2116,
2.128,0.2093,0.0844,0.06045,0.03724,0.1715,0.05627,0.04667,0.02132,0.05944,0.03129,0.2191,0.2123,
2.132,0.1987,0.08376,0.06059,0.03732,0.1717,0.05643,0.04669,0.0212,0.06008,0.03293,0.2169,0.2124,
2.135,0.1999,0.08369,0.06067,0.03747,0.1709,0.05648,0.04714,0.0211,0.0603,0.0342,0.2154,0.2126,
2.134,0.1885,0.08352,0.06064,0.03753,0.1709,0.05609,0.04729,0.02097,0.06122,0.0333,0.2155,0.213,
2.134,0.2026,0.08305,0.06071,0.0376,0.171,0.05611,0.0473,0.02111,0.06169,0.03272,0.2156,0.2131,
2.132,0.1987,0.08281,0.0608,0.03765,0.1711,0.05585,0.04704,0.02111,0.06223,0.0322,0.2156,0.2137,
2.107,0.2348,0.08233,0.06103,0.03771,0.1707,0.08592,0.01721,0.02096,0.06334,0.03116,0.2158,0.2138,
2.106,0.2329,0.08179,0.06125,0.0378,0.1705,0.08569,0.01723,0.02116,0.06411,0.03027,0.2159,0.2143,
2.107,0.2149,0.08145,0.06146,0.03788,0.1701,0.08575,0.01724,0.02117,0.06415,0.03029,0.2161,0.2144,
2.106,0.1992,0.08121,0.06154,0.03803,0.1698,0.08526,0.01725,0.02119,0.06455,0.02981,0.2162,0.2152,
2.106,0.2074,0.08086,0.06153,0.0381,0.1694,0.0852,0.01713,0.02162,0.06421,0.02984,0.2164,0.2157,
2.105,0.2016,0.08068,0.06139,0.03824,0.1687,0.08543,0.01714,0.02134,0.06467,0.02935,0.2174,0.2156,
2.104,0.2135,0.07954,0.06161,0.03831,0.1683,0.08545,0.01714,0.02169,0.06467,0.02903,0.2186,0.2157,
2.11,0.2101,0.07908,0.06178,0.03838,0.168,0.08501,0.01731,0.02155,0.06506,0.03201,0.2154,0.2164,
2.109,0.2093,0.07831,0.06183,0.03851,0.1677,0.0846,0.01733,0.0217,0.06497,0.03203,0.2156,0.2174,
2.109,0.2058,0.07813,0.06187,0.03862,0.1674,0.08464,0.01734,0.022,0.06515,0.03162,0.2157,0.2175,
2.109,0.2215,0.07814,0.06186,0.03873,0.1668,0.08418,0.0175,0.02199,0.0654,0.03129,0.2159,0.2182,
2.108,0.2123,0.0775,0.06191,0.03879,0.1665,0.08416,0.0175,0.02212,0.06548,0.03105,0.2169,0.2181,
2.107,0.2191,0.07716,0.06193,0.03877,0.1658,0.08349,0.01747,0.02222,0.06522,0.031,0.2187,0.2182,
2.109,0.2093,0.07846,0.06154,0.03883,0.1655,0.08295,0.01759,0.02221,0.06505,0.03193,0.2187,0.2172,
2.109,0.203,0.07818,0.06166,0.03889,0.1655,0.08306,0.01757,0.02212,0.06522,0.03178,0.2187,0.2172,
2.116,0.2043,0.07905,0.06175,0.03906,0.165,0.08192,0.01775,0.02229,0.06517,0.03493,0.2155,0.2176,
2.111,0.2064,0.07579,0.06175,0.03908,0.1675,0.08188,0.01774,0.02299,0.06806,0.03123,0.2165,0.2175,
2.116,0.2205,0.07541,0.06165,0.03915,0.1672,0.08128,0.01746,0.03201,0.05925,0.03096,0.2175,0.2182,
2.121,0.2159,0.07838,0.06159,0.03926,0.1669,0.08095,0.01748,0.03217,0.0593,0.03179,0.2167,0.2155,
2.12,0.2122,0.07768,0.06147,0.03933,0.167,0.08045,0.01798,0.03191,0.06008,0.03067,0.2177,0.2157,
2.12,0.1903,0.07713,0.06157,0.039,0.1672,0.08048,0.01812,0.03192,0.0611,0.03056,0.2167,0.2162,
2.119,0.1868,0.07649,0.06148,0.03909,0.1673,0.08052,0.01799,0.03189,0.06131,0.03028,0.2176,0.216,
2.122,0.1877,0.07559,0.06123,0.03911,0.1678,0.0806,0.01784,0.03187,0.0616,0.03229,0.2162,0.2159,
2.12,0.187,0.0753,0.06127,0.03918,0.1676,0.08052,0.0181,0.0317,0.06375,0.02992,0.217,0.2157,
2.12,0.1899,0.0746,0.06135,0.03938,0.1677,0.08093,0.01773,0.03185,0.06364,0.03044,0.2166,0.2158,
2.122,0.2228,0.07453,0.06145,0.03906,0.1672,0.08057,0.01796,0.03215,0.06384,0.03102,0.2155,0.2167,
2.121,0.2051,0.07416,0.06153,0.0391,0.1672,0.08001,0.01784,0.03217,0.06386,0.03103,0.2156,0.2175,
2.121,0.2052,0.07386,0.06159,0.03925,0.1672,0.08002,0.0181,0.03251,0.06327,0.03104,0.2156,0.2175,
2.121,0.2235,0.0737,0.06156,0.03934,0.1672,0.08017,0.01796,0.03252,0.06395,0.03038,0.2157,0.2175,
2.118,0.2031,0.07356,0.06094,0.03902,0.1667,0.07978,0.01808,0.03241,0.06454,0.0298,0.2168,0.2184,
2.116,0.2067,0.07336,0.06085,0.03881,0.1664,0.07993,0.018,0.03277,0.0662,0.02789,0.217,0.2189,
2.12,0.25,0.0746,0.06112,0.03892,0.1654,0.08007,0.01817,0.0328,0.0668,0.02819,0.2165,0.2175,
2.118,0.2451,0.07363,0.06093,0.03861,0.1656,0.08005,0.0183,0.0329,0.06689,0.02783,0.2175,0.2177,
2.116,0.199,0.07248,0.06075,0.03867,0.1663,0.08012,0.01831,0.03336,0.06781,0.02658,0.2177,0.2179,
2.116,0.2119,0.07214,0.06091,0.03878,0.1662,0.08014,0.01832,0.03337,0.06852,0.02589,0.2178,0.218,
2.104,0.1889,0.07435,0.06092,0.03889,0.1657,0.08838,0.009893,0.0334,0.06867,0.02628,0.2173,0.2162,
2.104,0.1913,0.07389,0.061,0.03899,0.1656,0.08843,0.01045,0.03286,0.06871,0.02629,0.2175,0.2163,
2.102,0.1863,0.0736,0.06102,0.03904,0.165,0.08699,0.01059,0.03284,0.06908,0.02574,0.2184,0.2176,
2.109,0.1873,0.07879,0.06095,0.03913,0.1643,0.08681,0.01031,0.03328,0.06913,0.02657,0.2181,0.2127,
2.106,0.2031,0.07807,0.0608,0.03914,0.1641,0.08492,0.01017,0.03314,0.06944,0.02625,0.2191,0.2148,
2.103,0.2078,0.07734,0.0608,0.03923,0.1645,0.08286,0.01005,0.03315,0.06969,0.02603,0.2192,0.2171,
2.101,0.1693,0.07711,0.06069,0.03917,0.1643,0.08196,0.0102,0.03324,0.06962,0.02577,0.2202,0.2178,
2.1,0.1788,0.07638,0.06033,0.03927,0.1637,0.08188,0.01033,0.03308,0.06955,0.02575,0.2222,0.2176,
2.097,0.1739,0.07521,0.06033,0.03929,0.1632,0.08083,0.01045,0.03318,0.06956,0.02537,0.2242,0.2184,
2.096,0.1849,0.07486,0.06012,0.03944,0.1627,0.08042,0.01034,0.03345,0.06952,0.02512,0.2252,0.2188,
2.094,0.21,0.07473,0.05998,0.03955,0.1625,0.08004,0.01035,0.03417,0.0702,0.02377,0.2253,0.2193,
2.092,0.2054,0.0746,0.05976,0.03965,0.1624,0.0787,0.01038,0.03415,0.07059,0.0233,0.2255,0.221,
2.09,0.2108,0.07381,0.05972,0.03925,0.1625,0.07826,0.01039,0.03446,0.07063,0.02307,0.2257,0.2222,
2.098,0.2085,0.07532,0.05989,0.03936,0.162,0.07833,0.01053,0.03435,0.07069,0.02551,0.2235,0.2205,
2.112,0.2165,0.0803,0.05957,0.03952,0.1621,0.07837,0.01065,0.03488,0.07076,0.02892,0.2195,0.2154,
2.11,0.1954,0.07976,0.05933,0.03955,0.162,0.07779,0.01083,0.03488,0.07079,0.02866,0.2205,0.2159,
2.108,0.1982,0.07693,0.05939,0.03963,0.1644,0.07781,0.01084,0.03551,0.07103,0.02784,0.2206,0.216,
2.108,0.1969,0.07689,0.05907,0.03973,0.1644,0.07785,0.01084,0.03552,0.07187,0.02757,0.2202,0.2161,
2.108,0.1944,0.07307,0.05859,0.03971,0.1674,0.07787,0.01085,0.03574,0.07168,0.02907,0.2199,0.2162,
2.107,0.1895,0.07272,0.05849,0.03987,0.1673,0.07805,0.01082,0.03586,0.0718,0.02881,0.22,0.2163,
2.108,0.1941,0.0724,0.05838,0.03994,0.1674,0.07719,0.01069,0.03747,0.07049,0.02928,0.2194,0.2174,
2.107,0.2036,0.07206,0.05837,0.04011,0.1673,0.07608,0.0107,0.03771,0.07028,0.02929,0.2195,0.2186,
2.113,0.187,0.07409,0.05806,0.0402,0.1673,0.07488,0.01086,0.03759,0.07034,0.03193,0.217,0.2177,
2.111,0.1931,0.07327,0.05809,0.04024,0.1675,0.07424,0.01073,0.03762,0.0708,0.03156,0.2172,0.2188,
2.11,0.2004,0.07264,0.05843,0.04024,0.1673,0.0734,0.01058,0.03792,0.0704,0.03153,0.2181,0.2194,
2.11,0.1902,0.07315,0.05848,0.04032,0.1672,0.07243,0.0107,0.03784,0.07045,0.03156,0.2183,0.2196,
2.11,0.1906,0.07479,0.0584,0.04025,0.167,0.07168,0.01077,0.03766,0.07052,0.03128,0.2192,0.2185,
2.109,0.1843,0.07437,0.05842,0.04036,0.167,0.07198,0.0105,0.03789,0.07071,0.03091,0.2192,0.2186,
2.108,0.1756,0.07581,0.05809,0.04038,0.1668,0.07077,0.01048,0.03824,0.07102,0.03028,0.2208,0.2173,
2.106,0.1891,0.07526,0.05809,0.04042,0.1664,0.07088,0.01034,0.03836,0.07192,0.02921,0.2219,0.2173,
2.103,0.1864,0.07277,0.058,0.04054,0.1684,0.07059,0.01039,0.03852,0.07277,0.02815,0.222,0.2179,
2.108,0.1874,0.07182,0.05798,0.04064,0.1686,0.07068,0.01025,0.0385,0.07313,0.03086,0.2198,0.2177,
2.108,0.1882,0.07166,0.05802,0.04075,0.1682,0.07072,0.01039,0.03838,0.07317,0.03087,0.22,0.2178,
2.108,0.2062,0.07147,0.05798,0.04084,0.1678,0.07067,0.01059,0.03842,0.07284,0.03085,0.2209,0.2177,
2.107,0.1975,0.07059,0.05804,0.04055,0.1673,0.07079,0.01061,0.03849,0.07297,0.0309,0.2213,0.2185,
2.113,0.2032,0.0696,0.05795,0.04068,0.1693,0.071,0.01048,0.03887,0.07271,0.034,0.2185,0.217,
2.111,0.1983,0.06948,0.05796,0.04049,0.169,0.07051,0.01049,0.03916,0.07321,0.03327,0.2185,0.2179,
2.11,0.2212,0.06903,0.05806,0.04055,0.1685,0.06996,0.01048,0.03928,0.07346,0.03284,0.2195,0.2184,
2.11,0.1945,0.06882,0.05823,0.0406,0.1679,0.07001,0.01049,0.03931,0.07377,0.03261,0.2197,0.2185,
2.109,0.1988,0.0685,0.05833,0.04064,0.1679,0.06887,0.0107,0.03898,0.0738,0.03262,0.2198,0.2199,
2.107,0.1819,0.06781,0.05835,0.04077,0.1676,0.06793,0.01072,0.03903,0.07428,0.03227,0.2201,0.2212,
2.106,0.166,0.0677,0.05834,0.04091,0.1664,0.06742,0.01088,0.03887,0.07461,0.03195,0.2212,0.2218,
2.113,0.1676,0.06958,0.05851,0.041,0.1659,0.06747,0.01185,0.03793,0.0749,0.03333,0.2198,0.2198,
2.112,0.1747,0.06914,0.05837,0.04116,0.1654,0.0676,0.01192,0.0377,0.07526,0.03294,0.2208,0.2197,
2.111,0.1776,0.06877,0.05831,0.04121,0.1652,0.06755,0.01205,0.03767,0.07544,0.03254,0.2217,0.2195,
2.11,0.1819,0.06835,0.05833,0.04131,0.1651,0.06707,0.01219,0.03783,0.0756,0.03216,0.2219,0.2202,
2.111,0.2197,0.06804,0.05822,0.04136,0.165,0.06715,0.03575,0.01422,0.07586,0.03166,0.2228,0.22,
2.105,0.2054,0.06767,0.05804,0.04134,0.165,0.07106,0.03089,0.01421,0.0758,0.03163,0.2237,0.2207,
2.108,0.2221,0.06785,0.05798,0.04139,0.1647,0.07021,0.03086,0.01432,0.07563,0.0333,0.2236,0.2201,
2.112,0.2132,0.07215,0.05786,0.0415,0.1645,0.07016,0.03061,0.01432,0.07702,0.03256,0.2231,0.2162,
2.111,0.2248,0.0707,0.05794,0.0416,0.1653,0.07021,0.03064,0.01447,0.0773,0.03223,0.2233,0.2164,
2.116,0.212,0.07042,0.05798,0.04166,0.1652,0.07032,0.03056,0.01506,0.07794,0.03364,0.2208,0.2164,
2.116,0.2141,0.06973,0.05792,0.04176,0.1653,0.07027,0.03054,0.01519,0.07839,0.03372,0.2209,0.2163,
2.115,0.1986,0.06937,0.05804,0.04134,0.1651,0.06981,0.03064,0.01524,0.07854,0.03348,0.221,0.2174,
2.127,0.2714,0.06759,0.05798,0.04142,0.1668,0.06982,0.03123,0.07031,0.02313,0.03485,0.2195,0.2174,
2.135,0.2514,0.06733,0.05792,0.04166,0.1663,0.07018,0.03096,0.07038,0.0237,0.0384,0.2156,0.2176,
2.133,0.194,0.06697,0.05778,0.04167,0.1657,0.07007,0.03104,0.07026,0.02352,0.03834,0.2174,0.2173,
2.134,0.1965,0.06676,0.05769,0.04173,0.1653,0.06958,0.03211,0.06926,0.02515,0.03653,0.2183,0.2175,
2.132,0.2017,0.06659,0.05767,0.04154,0.1653,0.06869,0.03212,0.06927,0.02515,0.03654,0.2184,0.2188,
2.132,0.1963,0.06624,0.05764,0.04159,0.1645,0.06829,0.03225,0.06927,0.02636,0.03519,0.2195,0.2192,
2.13,0.2056,0.06613,0.05749,0.04173,0.1641,0.06757,0.03209,0.06922,0.02767,0.03383,0.2204,0.2198,
2.101,0.198,0.066,0.05756,0.0418,0.164,0.08881,0.01046,0.06933,0.02958,0.03183,0.2204,0.2202,
2.101,0.1913,0.06572,0.05756,0.04185,0.1637,0.08874,0.01075,0.06912,0.02966,0.03156,0.2213,0.22,
2.1,0.2081,0.06569,0.0575,0.04192,0.1634,0.0884,0.01061,0.06915,0.02967,0.03157,0.2214,0.2206,
2.1,0.1955,0.06515,0.05752,0.04207,0.1631,0.0885,0.01062,0.06922,0.02996,0.03134,0.2217,0.2209,
2.098,0.1721,0.06484,0.0576,0.04172,0.1629,0.0884,0.01035,0.06957,0.02965,0.03135,0.2217,0.2219,
2.097,0.1998,0.06434,0.05744,0.04184,0.1629,0.08846,0.01036,0.06937,0.02963,0.03133,0.2227,0.2217,
2.097,0.1949,0.06433,0.05729,0.04193,0.1628,0.08808,0.01036,0.06952,0.02974,0.03109,0.2227,0.2222,
2.103,0.1854,0.06394,0.05732,0.04184,0.1622,0.08793,0.01466,0.06508,0.02969,0.03104,0.2246,0.2218,
2.107,0.1739,0.06463,0.05721,0.04203,0.1625,0.08801,0.01467,0.06514,0.02972,0.03261,0.2232,0.2203,
2.114,0.1806,0.06866,0.05745,0.04215,0.1621,0.08728,0.01482,0.06506,0.03029,0.03335,0.2221,0.2168,
2.115,0.1673,0.06847,0.05738,0.04217,0.1617,0.08692,0.01481,0.06501,0.03068,0.03376,0.2222,0.2169,
2.114,0.1714,0.06819,0.05729,0.04227,0.1616,0.0864,0.01494,0.06507,0.03123,0.03287,0.2231,0.2171,
2.118,0.1794,0.06775,0.05727,0.04243,0.1618,0.08654,0.01497,0.06566,0.03276,0.03283,0.2209,0.2171,
2.115,0.1922,0.06465,0.05723,0.04244,0.1647,0.08657,0.01522,0.06543,0.03277,0.03284,0.2209,0.2172,
2.115,0.1857,0.06434,0.05717,0.04251,0.1645,0.08649,0.01534,0.06524,0.03424,0.03132,0.2219,0.217,
2.116,0.2021,0.06354,0.05693,0.0426,0.165,0.08655,0.01547,0.06504,0.03509,0.03138,0.2217,0.2168,
2.115,0.2005,0.06267,0.05678,0.04267,0.1655,0.08614,0.01584,0.06473,0.03512,0.0314,0.2218,0.2174,
2.113,0.2246,0.06264,0.05674,0.0422,0.1652,0.08545,0.01584,0.06462,0.03599,0.03055,0.2219,0.2189,
2.112,0.2161,0.06234,0.05676,0.04227,0.1647,0.0854,0.01583,0.06493,0.03642,0.02974,0.2229,0.2188,
2.108,0.2109,0.05926,0.05653,0.04239,0.1675,0.08445,0.01612,0.06469,0.03644,0.02976,0.223,0.2199,
2.107,0.2067,0.05915,0.05634,0.04252,0.1674,0.08346,0.01639,0.06473,0.03731,0.02863,0.2231,0.221,
2.107,0.208,0.05866,0.05585,0.04263,0.1676,0.08355,0.0168,0.06441,0.03734,0.02866,0.2233,0.2212,
2.107,0.2126,0.05783,0.05598,0.04272,0.168,0.08297,0.01732,0.06404,0.03721,0.02867,0.2234,0.2219,
2.103,0.2218,0.05721,0.05601,0.04276,0.1681,0.08124,0.01744,0.06411,0.03847,0.02707,0.2242,0.2233,
2.102,0.2156,0.05691,0.05591,0.04279,0.1681,0.08073,0.01772,0.06384,0.03855,0.02672,0.2251,0.2236,
2.102,0.2159,0.05686,0.05587,0.04288,0.1681,0.08073,0.01786,0.06384,0.0388,0.02634,0.2251,0.2236,
2.101,0.2169,0.0568,0.05579,0.04303,0.168,0.08074,0.01797,0.06392,0.04107,0.02389,0.2252,0.2236,
2.108,0.2516,0.06054,0.05574,0.04314,0.168,0.08078,0.01823,0.0637,0.04198,0.02387,0.2244,0.2196,
2.111,0.226,0.06315,0.05568,0.04291,0.1683,0.08049,0.01823,0.06371,0.04198,0.02416,0.2242,0.2172,
2.11,0.2352,0.06251,0.05587,0.04295,0.168,0.07954,0.01835,0.06353,0.04209,0.02401,0.2251,0.218,
2.114,0.222,0.06403,0.05581,0.04298,0.1683,0.07976,0.01834,0.06326,0.04234,0.025,0.2249,0.2154,
2.114,0.2244,0.06377,0.056,0.04311,0.1679,0.07963,0.01835,0.06315,0.04313,0.02424,0.225,0.2158,
2.123,0.221,0.06361,0.05619,0.0432,0.1672,0.07919,0.01837,0.0632,0.0434,0.02834,0.2209,0.2165,
2.122,0.2117,0.06329,0.05597,0.04289,0.1673,0.07921,0.01912,0.06248,0.04389,0.02787,0.2209,0.217,
2.095,0.1998,0.06315,0.05568,0.04293,0.1674,0.07908,0.01922,0.08998,0.01637,0.02773,0.221,0.2174,
2.095,0.1917,0.06306,0.05555,0.04297,0.1671,0.07866,0.01948,0.08962,0.01735,0.02671,0.222,0.2176,
2.098,0.1949,0.06288,0.05538,0.04307,0.1669,0.0787,0.01949,0.08968,0.01823,0.02722,0.2207,0.2177,
2.107,0.2053,0.06265,0.05561,0.04316,0.1664,0.07868,0.02629,0.08272,0.01847,0.027,0.2209,0.2181,
2.112,0.1994,0.0659,0.05552,0.04322,0.1663,0.07738,0.02644,0.08262,0.01848,0.02785,0.2201,0.2162,
2.115,0.2061,0.06578,0.05542,0.04329,0.1661,0.07712,0.02645,0.08266,0.02047,0.02726,0.2188,0.2166,
2.107,0.2261,0.0652,0.05514,0.04329,0.166,0.08197,0.02143,0.0821,0.02128,0.02636,0.2207,0.2166,
2.104,0.234,0.06474,0.05505,0.04315,0.166,0.08081,0.02115,0.08191,0.02126,0.02633,0.2215,0.2181,
2.104,0.2212,0.0647,0.05503,0.04321,0.166,0.08042,0.02168,0.08152,0.02138,0.02608,0.2215,0.2185,
2.104,0.2208,0.06464,0.05503,0.04331,0.1658,0.08043,0.02183,0.0816,0.02168,0.02559,0.2216,0.2185,
2.103,0.2187,0.06438,0.05483,0.04332,0.1653,0.0805,0.02206,0.08096,0.02312,0.02406,0.2234,0.2181,
2.098,0.2025,0.06424,0.05475,0.04337,0.165,0.08281,0.01923,0.08072,0.02346,0.02368,0.2243,0.2185,
2.084,0.229,0.06361,0.05464,0.04349,0.1654,0.09025,0.01167,0.08079,0.02364,0.02333,0.2244,0.2188,
2.092,0.231,0.06612,0.05473,0.04359,0.1653,0.08952,0.01167,0.08108,0.0234,0.0255,0.2223,0.2168,
2.095,0.2229,0.06551,0.05481,0.04317,0.1657,0.08925,0.01167,0.08109,0.0234,0.02784,0.22,0.2176,
2.096,0.2177,0.06769,0.05475,0.0426,0.1651,0.08909,0.01165,0.08154,0.02404,0.02692,0.2214,0.2152,
2.094,0.2038,0.06681,0.05456,0.04266,0.1651,0.08908,0.01165,0.08193,0.02365,0.02691,0.2225,0.2152,
2.094,0.2271,0.06639,0.05458,0.04276,0.165,0.08896,0.01155,0.08197,0.02367,0.02693,0.2227,0.2156,
2.093,0.2096,0.06593,0.05453,0.04288,0.1649,0.08874,0.01156,0.08203,0.02382,0.02681,0.2228,0.216,
2.093,0.2107,0.06578,0.05449,0.04269,0.1649,0.08875,0.01156,0.08204,0.02405,0.02659,0.2228,0.2163,
2.099,0.208,0.06572,0.05427,0.04286,0.1648,0.08878,0.01184,0.08192,0.02408,0.02899,0.2204,0.2164,
2.098,0.2078,0.06505,0.05419,0.04286,0.1641,0.08823,0.01182,0.08182,0.02405,0.02951,0.2218,0.2166,
2.092,0.2096,0.06441,0.05403,0.04286,0.1638,0.09154,0.007943,0.0817,0.02401,0.03195,0.2211,0.2167,
2.099,0.1816,0.06744,0.05392,0.0426,0.1641,0.09059,0.008295,0.08129,0.02402,0.03375,0.2194,0.2146,
2.098,0.1826,0.06703,0.0538,0.04266,0.164,0.09081,0.008302,0.08145,0.02395,0.03365,0.2196,0.2148,
2.099,0.1857,0.06616,0.05384,0.04248,0.164,0.09062,0.00831,0.08153,0.02436,0.03443,0.2187,0.2156,
2.098,0.1942,0.06493,0.05419,0.04233,0.1638,0.0902,0.008458,0.08151,0.02439,0.03448,0.219,0.2167,
2.097,0.1822,0.0646,0.05408,0.04191,0.1631,0.08914,0.008581,0.08124,0.02458,0.0347,0.2203,0.2177,
2.096,0.1889,0.06431,0.05421,0.04198,0.1626,0.08868,0.008589,0.08145,0.0252,0.034,0.2205,0.2184,
2.093,0.1837,0.06411,0.05385,0.04148,0.1616,0.08791,0.008703,0.08129,0.02495,0.03391,0.2233,0.2189,
2.093,0.1861,0.06353,0.05401,0.04158,0.1616,0.08739,0.009117,0.08106,0.02535,0.03342,0.2234,0.2196,
2.093,0.1911,0.06327,0.05408,0.04167,0.1616,0.0863,0.009255,0.08094,0.02535,0.03342,0.2234,0.2207,
2.091,0.2026,0.06308,0.05389,0.04118,0.1616,0.08531,0.009259,0.08097,0.0255,0.0333,0.2236,0.2224,
2.105,0.1841,0.06922,0.05395,0.04104,0.1611,0.08443,0.009254,0.08093,0.02548,0.03792,0.2199,0.2168,
2.104,0.1836,0.06883,0.0539,0.04109,0.1612,0.08469,0.009034,0.08108,0.026,0.03733,0.22,0.2169,
2.103,0.2078,0.06845,0.05385,0.0412,0.1608,0.08437,0.02266,0.08307,0.01091,0.03695,0.2202,0.2175,
2.102,0.2248,0.06812,0.05363,0.04083,0.1607,0.08376,0.02278,0.08287,0.01128,0.03654,0.2211,0.2183,
2.107,0.2094,0.07015,0.05334,0.04043,0.1601,0.08414,0.02283,0.08254,0.01277,0.03629,0.2209,0.2166,
2.105,0.2261,0.0698,0.05331,0.04049,0.1596,0.08402,0.02271,0.08252,0.01267,0.03604,0.2219,0.2169,
2.106,0.2121,0.06971,0.05336,0.04007,0.1593,0.0836,0.023,0.08239,0.01289,0.03633,0.2214,0.218,
2.11,0.2137,0.07213,0.05336,0.04014,0.1591,0.08282,0.02314,0.08229,0.01289,0.03742,0.2204,0.2163,
2.11,0.2241,0.07201,0.05334,0.04029,0.159,0.08307,0.02317,0.08223,0.01292,0.0372,0.2204,0.2163,
2.11,0.1935,0.07169,0.05307,0.04036,0.1587,0.08214,0.02344,0.0821,0.01403,0.03588,0.2214,0.2172,
2.108,0.193,0.07154,0.05296,0.04033,0.158,0.08154,0.02353,0.08182,0.01426,0.03557,0.2233,0.2172,
2.108,0.1998,0.07147,0.05289,0.04047,0.1577,0.07943,0.02395,0.08145,0.01565,0.0342,0.2234,0.2195,
2.124,0.2294,0.07096,0.05317,0.03985,0.1575,0.07896,0.05376,0.05168,0.01673,0.03315,0.2235,0.2208,
2.126,0.2363,0.07522,0.05271,0.03994,0.1574,0.07701,0.05373,0.05463,0.01387,0.03483,0.2226,0.2181,
2.124,0.2369,0.07486,0.05278,0.04002,0.1575,0.07568,0.0539,0.05437,0.01387,0.03483,0.2226,0.2196,
2.121,0.228,0.07383,0.05267,0.03999,0.1572,0.07494,0.05401,0.05419,0.01411,0.03421,0.2253,0.2195,
2.121,0.2393,0.07347,0.05269,0.04008,0.1571,0.07443,0.05418,0.05429,0.01548,0.03265,0.2255,0.2201,
2.12,0.2046,0.07338,0.05278,0.04009,0.1571,0.07348,0.05431,0.05429,0.01558,0.03242,0.2255,0.2211,
2.128,0.2215,0.07477,0.05294,0.04013,0.1571,0.07349,0.05459,0.05403,0.01598,0.03493,0.2226,0.2195,
2.13,0.2154,0.07465,0.05294,0.04024,0.1571,0.07308,0.05459,0.05403,0.01926,0.03166,0.2226,0.2199,
2.136,0.1942,0.07703,0.05299,0.04037,0.1571,0.07309,0.05478,0.05399,0.01959,0.0327,0.2211,0.2173,
2.135,0.2121,0.07684,0.05279,0.04044,0.1563,0.07324,0.05442,0.0539,0.02004,0.03217,0.223,0.2169,
2.135,0.2071,0.07671,0.05287,0.04056,0.1559,0.07327,0.05444,0.05392,0.02134,0.03089,0.2231,0.217,
2.132,0.2201,0.07637,0.05279,0.04057,0.1557,0.07855,0.04846,0.05419,0.02164,0.03024,0.224,0.2174,
2.131,0.1941,0.07634,0.05271,0.04072,0.1555,0.07858,0.04796,0.05441,0.0221,0.02959,0.2241,0.218,
2.13,0.2017,0.07625,0.05276,0.04077,0.1554,0.07762,0.04811,0.05428,0.02235,0.02936,0.2241,0.219,
2.129,0.1927,0.07581,0.05285,0.04028,0.1548,0.07759,0.04822,0.05412,0.02257,0.02911,0.2251,0.2195,
2.137,0.2031,0.08063,0.05284,0.04035,0.1546,0.07764,0.04853,0.05387,0.02258,0.03057,0.2238,0.2146,
2.14,0.192,0.08038,0.05266,0.04036,0.1542,0.07773,0.04846,0.05375,0.02257,0.03265,0.2227,0.2145,
2.142,0.1893,0.07722,0.05261,0.04047,0.1564,0.0777,0.04858,0.05392,0.02252,0.0348,0.2213,0.2144,
2.139,0.1914,0.07665,0.05271,0.04051,0.1563,0.07563,0.04848,0.05396,0.02281,0.03455,0.2215,0.2168,
2.131,0.2073,0.07483,0.05261,0.03977,0.1575,0.07103,0.04878,0.05344,0.02304,0.0342,0.2233,0.2215,
2.13,0.214,0.07292,0.05295,0.0398,0.1586,0.07105,0.04895,0.05334,0.02319,0.03409,0.2234,0.2217,
2.129,0.2134,0.07218,0.05295,0.03986,0.1585,0.07048,0.04893,0.0535,0.02413,0.03294,0.2244,0.2221,
2.123,0.2176,0.07182,0.05277,0.03993,0.1579,0.07838,0.04049,0.05367,0.02433,0.03255,0.2255,0.2226,
2.122,0.2029,0.07129,0.05262,0.04008,0.1582,0.07899,0.04019,0.0536,0.02441,0.03231,0.2256,0.2227,
2.125,0.1996,0.07384,0.0524,0.03999,0.1577,0.07793,0.04007,0.05331,0.02434,0.03335,0.2272,0.2199,
2.124,0.2124,0.07343,0.05228,0.03999,0.1573,0.07764,0.04852,0.04466,0.02489,0.03266,0.2283,0.2203,
2.122,0.2057,0.07185,0.05225,0.04001,0.1586,0.07734,0.04855,0.04454,0.02491,0.03267,0.2284,0.2209,
2.121,0.2024,0.07148,0.05225,0.04013,0.1585,0.0766,0.04899,0.04465,0.02499,0.03213,0.2285,0.2218,
2.12,0.2087,0.07115,0.0522,0.04016,0.1583,0.07618,0.04895,0.04461,0.02519,0.03188,0.2294,0.222,
2.124,0.2359,0.07577,0.05228,0.04023,0.158,0.07481,0.04939,0.04803,0.02184,0.03299,0.2281,0.2185,
2.124,0.2549,0.07559,0.0523,0.04025,0.1578,0.07407,0.04942,0.04806,0.02244,0.03243,0.2283,0.2194,
2.129,0.2289,0.07856,0.05224,0.04036,0.1577,0.07342,0.04972,0.04782,0.02461,0.03134,0.2273,0.2169,
2.114,0.2505,0.08148,0.05227,0.04041,0.1572,0.07338,0.08032,0.01717,0.02615,0.03183,0.2263,0.2135,
2.113,0.2373,0.08098,0.05239,0.04045,0.1568,0.07302,0.08041,0.01716,0.02716,0.03065,0.2273,0.2137,
2.111,0.2349,0.08073,0.05249,0.04055,0.1567,0.07127,0.08054,0.01695,0.02823,0.0296,0.2274,0.2156,
2.116,0.2321,0.08263,0.05241,0.04064,0.1567,0.07143,0.08057,0.01696,0.02869,0.03071,0.2258,0.2135,
2.116,0.2246,0.08208,0.05233,0.0407,0.1566,0.07022,0.0808,0.01688,0.02961,0.03069,0.2256,0.2145,
2.116,0.2354,0.08196,0.05229,0.04077,0.1566,0.07023,0.0808,0.017,0.02977,0.03043,0.2256,0.2145,
2.121,0.2362,0.08141,0.0523,0.04074,0.1563,0.07022,0.08064,0.01725,0.02994,0.03282,0.2243,0.2141,
2.121,0.2263,0.08079,0.05224,0.04075,0.156,0.06971,0.08035,0.01721,0.02989,0.034,0.2248,0.2142,
2.126,0.2289,0.08057,0.05219,0.04052,0.1559,0.06974,0.08039,0.01722,0.03051,0.03624,0.2221,0.2146,
2.13,0.1788,0.08172,0.05218,0.0402,0.1557,0.06916,0.08047,0.01739,0.03074,0.03812,0.2205,0.2138,
2.129,0.1793,0.08174,0.05203,0.04026,0.1551,0.06759,0.08054,0.01761,0.03057,0.03816,0.2208,0.2157,
2.133,0.1906,0.08479,0.05196,0.04032,0.1547,0.06625,0.08052,0.0176,0.03129,0.03921,0.22,0.2133,
2.131,0.1679,0.08449,0.05188,0.04036,0.1546,0.06534,0.08071,0.01748,0.03131,0.03923,0.2202,0.2144,
2.123,0.1687,0.08625,0.05198,0.04029,0.1544,0.065,0.08679,0.01129,0.03117,0.04021,0.2201,0.2125,
2.121,0.1715,0.08548,0.05203,0.04035,0.1545,0.06384,0.08685,0.01143,0.03106,0.04024,0.2202,0.2139,
2.119,0.1811,0.08482,0.05219,0.04001,0.1543,0.06299,0.08707,0.01115,0.03189,0.03937,0.2212,0.215,
2.128,0.155,0.08707,0.05217,0.04009,0.1542,0.07643,0.07326,0.01085,0.03219,0.04319,0.2173,0.2133,
2.136,0.1454,0.08633,0.05239,0.04016,0.154,0.07636,0.07294,0.01084,0.03276,0.04766,0.2131,0.2134,
2.134,0.1527,0.08603,0.05238,0.04018,0.1539,0.07586,0.07271,0.01072,0.03273,0.04762,0.214,0.2139,
2.134,0.151,0.08786,0.05241,0.0399,0.1538,0.07462,0.07259,0.01083,0.0329,0.04737,0.214,0.2137,
2.133,0.1697,0.08686,0.05234,0.03993,0.1531,0.07457,0.07268,0.01069,0.03287,0.04733,0.216,0.2136,
2.132,0.1608,0.08617,0.05259,0.04,0.1532,0.07474,0.07272,0.01055,0.03289,0.04735,0.2161,0.2137,
2.13,0.1619,0.08337,0.05254,0.04005,0.1554,0.08351,0.06385,0.01029,0.03305,0.0485,0.2151,0.2144,
2.115,0.1656,0.08303,0.05259,0.04015,0.1554,0.1076,0.03992,0.01016,0.03306,0.04851,0.2151,0.2144,
2.118,0.1315,0.08251,0.05264,0.04022,0.1552,0.1077,0.0401,0.01034,0.03277,0.05064,0.2132,0.2146,
2.116,0.1352,0.08151,0.05291,0.03983,0.1552,0.1073,0.04008,0.0102,0.03276,0.05062,0.2142,0.2153,
2.116,0.1415,0.08111,0.05289,0.03988,0.1553,0.1075,0.03997,0.0102,0.03277,0.05064,0.2143,0.2154,
2.118,0.1357,0.08479,0.05291,0.03994,0.1557,0.1063,0.04013,0.009871,0.03323,0.05019,0.2143,0.2126,
2.117,0.1414,0.08236,0.05276,0.04,0.1575,0.1063,0.04011,0.009866,0.03353,0.04985,0.2153,0.2125,
2.117,0.1879,0.08188,0.05315,0.04006,0.1571,0.1058,0.04013,0.009872,0.03379,0.04963,0.2154,0.2131,
2.119,0.1703,0.08157,0.05293,0.04017,0.1571,0.1059,0.04016,0.009878,0.03408,0.05092,0.214,0.2132,
2.117,0.1795,0.0809,0.05309,0.03976,0.1572,0.1056,0.04034,0.009613,0.03435,0.05069,0.2141,0.2144,
2.116,0.1638,0.07843,0.0531,0.0398,0.1586,0.1056,0.04033,0.009972,0.03423,0.05044,0.2152,0.2143,
2.115,0.1607,0.07941,0.05299,0.03987,0.1594,0.1048,0.04208,0.008209,0.03465,0.05116,0.2142,0.2132,
2.115,0.1641,0.07914,0.05294,0.04001,0.1588,0.1043,0.04207,0.008423,0.03483,0.05073,0.2152,0.2136,
2.098,0.1598,0.07825,0.05279,0.04001,0.1588,0.1165,0.02927,0.008343,0.03477,0.05052,0.217,0.2138,
2.098,0.1548,0.07797,0.05263,0.04013,0.1584,0.1164,0.02981,0.008188,0.0346,0.05024,0.2179,0.2137,
2.097,0.1512,0.0775,0.05236,0.03985,0.1577,0.1163,0.02977,0.008312,0.03625,0.04835,0.2198,0.2138,
2.095,0.1502,0.0772,0.05229,0.03987,0.1574,0.1149,0.02994,0.008114,0.03731,0.04723,0.2208,0.215,
2.099,0.1513,0.07881,0.05232,0.04,0.1576,0.1145,0.02994,0.00825,0.0382,0.04705,0.22,0.2133,
2.097,0.1529,0.07836,0.05249,0.04,0.1575,0.1124,0.02988,0.008466,0.03875,0.04619,0.2209,0.2151,
2.102,0.1675,0.07937,0.05251,0.0401,0.1588,0.1104,0.02987,0.008597,0.03985,0.04792,0.2189,0.2137,
2.102,0.1559,0.07938,0.05228,0.04018,0.1586,0.1099,0.02988,0.008736,0.04037,0.0473,0.219,0.2144,
2.106,0.1521,0.08311,0.05215,0.03998,0.1581,0.1088,0.02974,0.008731,0.04162,0.04727,0.2187,0.2118,
2.104,0.1591,0.08287,0.05222,0.03992,0.1574,0.1073,0.02946,0.008727,0.04185,0.047,0.2197,0.2135,
2.102,0.1618,0.08265,0.05212,0.03968,0.1573,0.1057,0.02947,0.008732,0.04265,0.04625,0.2198,0.2156,
2.1,0.1657,0.08146,0.05195,0.03968,0.1576,0.1047,0.02943,0.008717,0.04494,0.04382,0.2216,0.2161,
2.099,0.1493,0.08126,0.05187,0.03981,0.1574,0.1041,0.02944,0.008721,0.04545,0.04335,0.2217,0.2169,
2.104,0.1639,0.08464,0.05188,0.03989,0.1571,0.104,0.02934,0.008724,0.04665,0.04343,0.2206,0.2138,
2.109,0.149,0.08825,0.05187,0.03965,0.1574,0.104,0.02936,0.008728,0.04721,0.04406,0.2195,0.2099,
2.108,0.1585,0.08796,0.05201,0.03922,0.1574,0.1036,0.02936,0.008945,0.04957,0.04149,0.2196,0.2108,
2.11,0.1536,0.08591,0.05197,0.03929,0.1588,0.103,0.02947,0.008804,0.05175,0.04162,0.2181,0.2112,
2.109,0.1654,0.08549,0.05207,0.03932,0.1589,0.1022,0.02948,0.009008,0.05211,0.04109,0.2182,0.2121,
2.113,0.1682,0.08491,0.05216,0.03942,0.1584,0.1011,0.02937,0.009005,0.05234,0.0443,0.2157,0.2132,
2.112,0.156,0.08465,0.05194,0.03941,0.1575,0.1004,0.02954,0.008722,0.05303,0.04434,0.2174,0.2131,
2.085,0.154,0.08658,0.05188,0.03954,0.1574,0.1178,0.01018,0.008637,0.05328,0.04778,0.2137,0.2132,
2.084,0.1646,0.08615,0.05189,0.03961,0.1576,0.1165,0.01018,0.008854,0.05308,0.04779,0.2138,0.2146,
2.083,0.1529,0.0857,0.05202,0.0394,0.1573,0.1164,0.01064,0.008377,0.05337,0.04741,0.2147,0.2147,
2.082,0.158,0.0855,0.05215,0.03935,0.1571,0.1161,0.0133,0.005864,0.054,0.04669,0.2147,0.2153,
2.088,0.1652,0.08999,0.05226,0.03947,0.1571,0.1151,0.0133,0.005866,0.05451,0.04817,0.2128,0.2114,
2.087,0.1556,0.08964,0.05206,0.03959,0.157,0.1141,0.01331,0.005871,0.05455,0.0482,0.213,0.2126,
2.085,0.1693,0.0886,0.05183,0.03965,0.1568,0.1116,0.01349,0.005959,0.05452,0.04795,0.214,0.2156,
2.075,0.153,0.08836,0.05165,0.03971,0.1567,0.1149,0.009263,0.006098,0.05529,0.04711,0.2142,0.2167,
2.073,0.1469,0.08817,0.05152,0.03979,0.1563,0.1135,0.009256,0.006093,0.05589,0.04644,0.2151,0.2179,
2.076,0.1626,0.09084,0.05179,0.03988,0.1563,0.1132,0.009261,0.006096,0.05679,0.04601,0.2148,0.215,
2.08,0.1588,0.09468,0.05184,0.03988,0.1565,0.112,0.009243,0.006084,0.05709,0.04653,0.2155,0.2106,
2.079,0.1533,0.09332,0.05168,0.03999,0.1564,0.1109,0.009242,0.006084,0.05735,0.04724,0.2156,0.2122,
2.079,0.1562,0.09305,0.05159,0.03998,0.1562,0.1104,0.009235,0.006079,0.0573,0.04721,0.2165,0.2124,
2.078,0.1693,0.09242,0.05163,0.04004,0.1566,0.1102,0.009237,0.006214,0.0581,0.0463,0.2166,0.2128,
2.076,0.1553,0.09167,0.05174,0.04009,0.1566,0.1079,0.009245,0.006219,0.05925,0.04523,0.2167,0.2153,
2.08,0.1485,0.09353,0.05173,0.04022,0.1565,0.1075,0.009978,0.005501,0.05963,0.04688,0.215,0.2134,
2.078,0.1471,0.09622,0.0516,0.04022,0.1563,0.1074,0.008364,0.005722,0.0601,0.04639,0.2157,0.2119,
2.077,0.1539,0.0937,0.05166,0.04036,0.1583,0.1075,0.008476,0.005618,0.06013,0.04642,0.2159,0.212,
2.076,0.1543,0.09304,0.05172,0.04047,0.1585,0.1071,0.008479,0.00562,0.06079,0.0458,0.2159,0.2125,
2.073,0.1528,0.09084,0.05152,0.04046,0.1597,0.1059,0.008467,0.005611,0.06119,0.04525,0.2178,0.2132,
2.072,0.1552,0.09006,0.05156,0.04053,0.1602,0.1057,0.008291,0.005809,0.06164,0.04463,0.2179,0.2138,
2.07,0.1557,0.0893,0.05163,0.04051,0.1598,0.1042,0.008277,0.005799,0.06195,0.04414,0.2197,0.2147,
2.07,0.1577,0.08895,0.0516,0.04053,0.1596,0.1037,0.008404,0.00584,0.06172,0.04411,0.2206,0.215,
2.07,0.1543,0.08875,0.0516,0.04058,0.1595,0.1037,0.008532,0.005902,0.06155,0.04411,0.2207,0.2151,
2.078,0.1624,0.09103,0.05165,0.04079,0.1591,0.1034,0.008515,0.007455,0.06135,0.04487,0.2189,0.213,
2.078,0.1674,0.09101,0.05163,0.04084,0.1591,0.1031,0.008496,0.007588,0.0622,0.04376,0.2189,0.2134,
2.078,0.1621,0.09074,0.05165,0.0409,0.1591,0.1028,0.008497,0.007992,0.06221,0.04336,0.219,0.2137,
2.076,0.1826,0.08999,0.05201,0.04102,0.1592,0.1034,0.007838,0.008186,0.06247,0.04268,0.219,0.2143,
2.066,0.1738,0.08977,0.05206,0.04101,0.1587,0.1066,0.00453,0.00818,0.06337,0.0417,0.22,0.2141,
2.07,0.1649,0.09292,0.05207,0.04112,0.1587,0.1066,0.00453,0.008314,0.06449,0.04144,0.219,0.2109,
2.068,0.1759,0.09184,0.0522,0.0409,0.1589,0.1046,0.004641,0.008455,0.06562,0.04016,0.2192,0.2135,
2.067,0.1679,0.09155,0.05236,0.04058,0.159,0.1043,0.004642,0.008724,0.06661,0.03892,0.2192,0.2142,
2.066,0.1699,0.09121,0.05251,0.04068,0.159,0.1047,0.004251,0.009,0.06693,0.03833,0.2192,0.2142,
2.063,0.1773,0.0908,0.05256,0.04064,0.1586,0.1028,0.004375,0.008847,0.06917,0.03586,0.2209,0.2154,
2.062,0.1771,0.09059,0.05252,0.04073,0.1584,0.1017,0.004377,0.008985,0.0693,0.03566,0.221,0.2167,
2.06,0.1616,0.0903,0.05266,0.04061,0.158,0.1014,0.00438,0.008991,0.07181,0.03321,0.2212,0.2174,
2.053,0.1685,0.09005,0.05266,0.04064,0.1574,0.09517,0.004378,0.008986,0.07327,0.0317,0.2222,0.2235,
2.051,0.1619,0.0897,0.05276,0.04067,0.1573,0.09512,0.004157,0.008991,0.07458,0.03044,0.2223,0.224,
2.046,0.1619,0.08924,0.05274,0.04074,0.1572,0.0952,0.00416,0.008998,0.07959,0.02551,0.2225,0.2242,
2.043,0.1675,0.08652,0.05281,0.04077,0.1593,0.09458,0.004156,0.009123,0.08019,0.02468,0.2234,0.2245,
2.04,0.1623,0.08579,0.05273,0.04046,0.1594,0.0931,0.004153,0.009295,0.08035,0.02426,0.2243,0.2261,
2.039,0.1704,0.08524,0.05276,0.04055,0.1596,0.09314,0.00415,0.009565,0.08117,0.02323,0.2244,0.2262,
2.035,0.1714,0.08136,0.05272,0.04064,0.1627,0.09195,0.004096,0.009901,0.08137,0.02268,0.2247,0.2279,
2.032,0.1721,0.08082,0.05314,0.04069,0.1626,0.0913,0.003968,0.01004,0.08287,0.02106,0.2247,0.2288,
2.031,0.1733,0.08051,0.05307,0.04083,0.1622,0.08989,0.003971,0.01018,0.08281,0.02108,0.2249,0.2305,
2.031,0.1687,0.08012,0.05326,0.04084,0.1621,0.08979,0.004101,0.0103,0.08272,0.02079,0.2258,0.2302,
2.028,0.1766,0.07974,0.05348,0.04029,0.1621,0.08841,0.004209,0.01038,0.08302,0.02026,0.2258,0.2323,
2.028,0.1685,0.07955,0.05352,0.04034,0.1621,0.08799,0.004209,0.01051,0.08314,0.02002,0.2259,0.2328,
2.027,0.1668,0.08077,0.05352,0.04037,0.1621,0.08581,0.004206,0.0105,0.08408,0.01972,0.2261,0.2328,
2.032,0.1644,0.0823,0.05361,0.0404,0.162,0.08407,0.004498,0.01048,0.08409,0.02124,0.2244,0.2329,
2.032,0.1654,0.08391,0.05349,0.03953,0.1621,0.08298,0.004495,0.01048,0.08417,0.02169,0.2248,0.2324,
2.043,0.1688,0.09486,0.05343,0.03939,0.1621,0.08212,0.004496,0.01048,0.08446,0.02265,0.2236,0.2224,
2.043,0.1644,0.09671,0.05347,0.03893,0.1618,0.08155,0.004765,0.01019,0.08619,0.02162,0.2246,0.2202,
2.047,0.1838,0.09938,0.05351,0.03903,0.1615,0.08111,0.004902,0.01006,0.08661,0.02216,0.2239,0.2178,
2.045,0.1784,0.09868,0.05379,0.03914,0.1614,0.08014,0.005062,0.00991,0.08707,0.02177,0.224,0.219,
2.043,0.1574,0.09763,0.05399,0.03909,0.1608,0.0792,0.005047,0.009881,0.08682,0.02171,0.2267,0.2191,
2.04,0.1677,0.09718,0.05402,0.03856,0.1604,0.07822,0.005045,0.009877,0.08678,0.0217,0.2277,0.2204,
2.04,0.1543,0.09672,0.05394,0.03869,0.1603,0.07787,0.00504,0.009868,0.0867,0.02168,0.2287,0.2205,
2.051,0.1455,0.1012,0.05397,0.03881,0.1599,0.07796,0.005152,0.009771,0.08765,0.02483,0.225,0.2158,
2.067,0.1405,0.1047,0.05398,0.03888,0.1597,0.07761,0.005311,0.01023,0.08795,0.02986,0.2192,0.2125,
2.071,0.1474,0.106,0.05376,0.0387,0.1597,0.07769,0.005315,0.01024,0.08923,0.0311,0.217,0.2112,
2.07,0.1462,0.1049,0.05368,0.03879,0.1604,0.07668,0.005781,0.01007,0.089,0.03111,0.2171,0.2124,
2.068,0.1431,0.1045,0.05359,0.0389,0.1601,0.07517,0.005778,0.01006,0.0892,0.03086,0.2181,0.2138,
2.071,0.1512,0.1065,0.05351,0.03895,0.16,0.07474,0.005774,0.01019,0.08938,0.03193,0.2176,0.2114,
2.072,0.1704,0.1062,0.05358,0.03905,0.1601,0.07399,0.005775,0.01079,0.08998,0.03126,0.2171,0.2122,
2.071,0.1607,0.1055,0.05366,0.03909,0.1602,0.07326,0.006266,0.01044,0.08991,0.03128,0.2173,0.2131,
2.07,0.1507,0.1052,0.05359,0.03917,0.1596,0.07276,0.006371,0.01033,0.09034,0.03081,0.2183,0.2136,
2.073,0.1475,0.1098,0.05371,0.03869,0.1592,0.07072,0.006474,0.01035,0.09029,0.03192,0.218,0.2109,
2.072,0.1471,0.1082,0.05403,0.03876,0.1599,0.07011,0.006479,0.01036,0.09036,0.03194,0.2182,0.2117,
2.071,0.1463,0.1073,0.05423,0.03838,0.16,0.07005,0.006262,0.01037,0.09136,0.0318,0.2176,0.2127,
2.072,0.1436,0.1068,0.05425,0.03841,0.1593,0.07005,0.006262,0.01055,0.09188,0.03206,0.2178,0.2127,
2.071,0.1505,0.106,0.05414,0.03849,0.1596,0.06918,0.006132,0.01098,0.09166,0.03195,0.2179,0.2139,
2.069,0.156,0.1055,0.05416,0.03817,0.1591,0.06802,0.006139,0.01143,0.09167,0.03164,0.2182,0.2159,
2.069,0.1545,0.1056,0.05462,0.03784,0.1593,0.06707,0.006143,0.01155,0.09164,0.03195,0.2181,0.2162,
2.066,0.1541,0.1046,0.05457,0.03789,0.1591,0.06617,0.006139,0.01154,0.09301,0.0305,0.2191,0.2174,
2.074,0.1558,0.1079,0.05457,0.03793,0.159,0.06607,0.007522,0.01027,0.09274,0.03345,0.2179,0.2126,
2.073,0.1584,0.1073,0.05475,0.03807,0.1591,0.06498,0.007658,0.01014,0.09277,0.03346,0.218,0.2138,
2.072,0.1693,0.1069,0.05474,0.03814,0.1585,0.06421,0.007669,0.01015,0.09292,0.03351,0.2183,0.215,
2.075,0.16,0.1101,0.05475,0.03822,0.1581,0.06425,0.007674,0.01016,0.09298,0.03396,0.218,0.2117,
2.072,0.1574,0.1094,0.05469,0.03829,0.1576,0.06219,0.007675,0.01016,0.09299,0.03396,0.2192,0.2138,
2.072,0.156,0.1085,0.05478,0.03844,0.1578,0.06235,0.007574,0.01017,0.09308,0.03399,0.2194,0.214,
2.075,0.1585,0.1108,0.05462,0.03822,0.1577,0.06228,0.007565,0.01016,0.09319,0.03492,0.2201,0.2104,
2.081,0.1621,0.1098,0.05478,0.03834,0.1578,0.06188,0.00788,0.009861,0.09328,0.03887,0.2164,0.2111,
2.079,0.1731,0.1084,0.05471,0.0384,0.1582,0.06196,0.007927,0.009995,0.09475,0.03713,0.2175,0.2111,
2.082,0.1792,0.108,0.05447,0.03846,0.1578,0.06195,0.007926,0.01026,0.0946,0.03848,0.217,0.211,
2.09,0.1659,0.1075,0.05455,0.03857,0.1576,0.0609,0.007932,0.01054,0.0944,0.0441,0.2116,0.2123,
2.086,0.1653,0.1036,0.05456,0.03862,0.1608,0.05931,0.008396,0.01006,0.09434,0.04407,0.2125,0.2137,
2.083,0.1682,0.1024,0.05476,0.03818,0.161,0.05845,0.008392,0.01006,0.09472,0.04363,0.2135,0.2149,
2.079,0.1754,0.1004,0.05497,0.03831,0.1618,0.05638,0.008266,0.01003,0.09509,0.04344,0.2138,0.2175,
2.075,0.1739,0.09983,0.05501,0.0384,0.1619,0.05341,0.00845,0.009861,0.09515,0.04346,0.2139,0.2207,
2.075,0.1796,0.09892,0.05536,0.03851,0.162,0.05266,0.01175,0.007114,0.09477,0.04338,0.214,0.2216,
2.073,0.1942,0.09812,0.05551,0.03848,0.1617,0.05136,0.01172,0.008221,0.09609,0.04069,0.2158,0.2224,
2.074,0.1878,0.09707,0.0555,0.03861,0.1622,0.05139,0.01173,0.008808,0.09556,0.04071,0.2159,0.2225,
2.075,0.1943,0.09621,0.05564,0.03872,0.1626,0.051,0.01174,0.00935,0.09507,0.04073,0.216,0.223,
2.078,0.2027,0.09768,0.05557,0.0388,0.1622,0.05064,0.01153,0.01002,0.09462,0.04197,0.2155,0.2215,
2.084,0.1929,0.1022,0.05578,0.03892,0.1624,0.05023,0.01155,0.01003,0.09517,0.04315,0.2142,0.2164,
2.084,0.1836,0.1016,0.05579,0.03901,0.1623,0.04926,0.01155,0.0108,0.09493,0.04274,0.2144,0.2176,
2.105,0.2517,0.1013,0.0555,0.03923,0.1623,0.0478,0.01153,0.08028,0.02538,0.04276,0.2145,0.2195,
2.105,0.2507,0.1006,0.05565,0.03928,0.162,0.04777,0.01166,0.08029,0.0259,0.04203,0.2154,0.2194,
2.106,0.2655,0.1003,0.05578,0.03935,0.1615,0.04782,0.01189,0.08013,0.02617,0.04182,0.2156,0.2196,
2.105,0.191,0.1,0.05575,0.03944,0.1615,0.04756,0.01205,0.08035,0.02598,0.0417,0.2157,0.22,
2.108,0.1974,0.1007,0.05618,0.03925,0.1619,0.04727,0.01197,0.08054,0.02644,0.04268,0.2143,0.2188,
2.107,0.2169,0.1001,0.05656,0.03932,0.1618,0.04665,0.01186,0.0809,0.0269,0.04191,0.2144,0.2196,
2.106,0.1967,0.09939,0.05646,0.03905,0.1615,0.04658,0.01195,0.0808,0.02695,0.04162,0.2162,0.2196,
2.116,0.1884,0.1048,0.05646,0.03912,0.1609,0.04611,0.01206,0.08109,0.02719,0.04535,0.2128,0.2141,
2.116,0.1879,0.1032,0.05685,0.03925,0.1613,0.0463,0.01206,0.08104,0.02722,0.0454,0.2131,0.2143,
2.115,0.2037,0.1018,0.05668,0.03934,0.162,0.04599,0.0121,0.0812,0.02719,0.04532,0.2133,0.215,
2.113,0.2185,0.1006,0.0565,0.03897,0.1621,0.04604,0.01214,0.08117,0.02718,0.045,0.2152,0.2151,
2.146,0.2171,0.1029,0.05628,0.03913,0.1618,0.04603,0.0413,0.05212,0.02704,0.04762,0.2135,0.2123,
2.145,0.2111,0.1021,0.05642,0.03923,0.1616,0.04601,0.04155,0.0523,0.02686,0.0473,0.2145,0.2122,
2.146,0.1878,0.1012,0.05671,0.03927,0.1614,0.04598,0.04177,0.05217,0.02803,0.04596,0.2155,0.2121,
2.147,0.193,0.1008,0.05677,0.03936,0.1611,0.05337,0.03485,0.05204,0.0291,0.04623,0.2141,0.2122,
2.149,0.1972,0.1004,0.05715,0.03916,0.1609,0.05348,0.04554,0.0413,0.03112,0.04425,0.2142,0.2126,
2.15,0.2069,0.09983,0.05702,0.03918,0.1606,0.05345,0.04603,0.04093,0.03124,0.04509,0.2141,0.2126,
2.15,0.2,0.09952,0.05693,0.03926,0.1598,0.05359,0.0459,0.04107,0.03169,0.04452,0.2152,0.2126,
2.147,0.2385,0.0991,0.05688,0.03934,0.1599,0.06199,0.03768,0.04095,0.03272,0.04351,0.2153,0.2127,
2.147,0.2005,0.0983,0.05662,0.03947,0.1597,0.06199,0.03836,0.04059,0.03282,0.04311,0.2164,0.2127,
2.145,0.2036,0.0947,0.05659,0.03957,0.1629,0.06201,0.03838,0.04061,0.03284,0.04314,0.2165,0.2128,
2.146,0.2033,0.09427,0.05646,0.03957,0.1627,0.06211,0.03878,0.04003,0.03409,0.04273,0.2166,0.2127,
2.146,0.2073,0.09367,0.05648,0.03978,0.163,0.06253,0.03863,0.03993,0.03427,0.04242,0.2166,0.2127,
2.144,0.2256,0.09237,0.0565,0.03937,0.1635,0.06259,0.03849,0.04004,0.03517,0.04134,0.2175,0.2131,
2.143,0.2204,0.09153,0.05657,0.03939,0.164,0.06149,0.03865,0.03978,0.03739,0.03916,0.2176,0.2144,
2.142,0.211,0.09042,0.05677,0.03949,0.164,0.06168,0.03863,0.04001,0.03747,0.03881,0.2178,0.215,
2.141,0.2019,0.08987,0.05676,0.03943,0.1639,0.06163,0.03887,0.03972,0.04055,0.03568,0.2187,0.2149,
2.139,0.2087,0.08882,0.05672,0.03946,0.1646,0.06168,0.03838,0.03943,0.04071,0.03557,0.2188,0.2158,
2.137,0.2061,0.08823,0.05666,0.039,0.1647,0.06067,0.03855,0.03933,0.04074,0.0356,0.219,0.2175,
2.137,0.1994,0.08807,0.05662,0.03917,0.1647,0.06068,0.03882,0.03971,0.04208,0.03361,0.219,0.2175,
2.135,0.2024,0.08764,0.05662,0.03922,0.1645,0.05984,0.03892,0.03954,0.04205,0.03358,0.2199,0.2181,
2.134,0.1905,0.08745,0.05649,0.03925,0.1643,0.05978,0.03903,0.03951,0.04266,0.03276,0.2209,0.2179,
2.133,0.194,0.08696,0.05654,0.03905,0.1646,0.05979,0.03921,0.03934,0.04363,0.0318,0.2209,0.2183,
2.146,0.1869,0.09052,0.0567,0.03914,0.1642,0.05949,0.03918,0.03933,0.04378,0.03702,0.2156,0.215,
2.144,0.1946,0.08999,0.05656,0.03904,0.1636,0.05932,0.03934,0.03908,0.04399,0.03645,0.2182,0.2144,
2.143,0.1864,0.08942,0.05666,0.03915,0.1634,0.05861,0.03951,0.03884,0.04468,0.03583,0.2184,0.2155,
2.141,0.1916,0.08873,0.05664,0.03922,0.1641,0.05757,0.03975,0.0386,0.04517,0.03534,0.2184,0.2165,
2.14,0.2171,0.08845,0.05684,0.03886,0.1641,0.05757,0.04003,0.03852,0.04497,0.03534,0.2184,0.217,
2.138,0.1948,0.08814,0.057,0.03838,0.164,0.0571,0.04019,0.03838,0.04653,0.0338,0.2184,0.2181,
2.136,0.1858,0.08789,0.05686,0.03843,0.1636,0.05575,0.04016,0.03857,0.04715,0.03292,0.2194,0.2192,
2.141,0.1859,0.09306,0.05683,0.03854,0.1633,0.05585,0.04007,0.03834,0.04801,0.03305,0.2187,0.2142,
2.14,0.1825,0.09245,0.05674,0.03807,0.1639,0.05587,0.04035,0.03808,0.04867,0.03241,0.2188,0.2147,
2.139,0.1937,0.09199,0.05658,0.03814,0.1639,0.05604,0.04038,0.03813,0.04949,0.0315,0.2189,0.2149,
2.144,0.1791,0.09306,0.05618,0.03824,0.1634,0.05503,0.04034,0.03809,0.04958,0.03443,0.2178,0.2139,
2.146,0.168,0.09257,0.05637,0.03833,0.1628,0.05523,0.0404,0.03851,0.05,0.03475,0.2169,0.2141,
2.145,0.1757,0.09231,0.05632,0.0384,0.1625,0.05478,0.04043,0.03854,0.05098,0.03384,0.2171,0.2148,
2.137,0.1886,0.09179,0.05649,0.03825,0.1623,0.06034,0.03282,0.03827,0.0521,0.03261,0.2172,0.2178,
2.145,0.1807,0.09615,0.05658,0.03834,0.1619,0.06008,0.03272,0.03842,0.05353,0.03398,0.2146,0.2137,
2.139,0.2482,0.09603,0.0566,0.0384,0.1618,0.05925,0.04926,0.02215,0.05403,0.03327,0.2147,0.2146,
2.138,0.2352,0.09553,0.05645,0.03842,0.1612,0.05917,0.04918,0.02251,0.05396,0.03282,0.2165,0.2143,
2.136,0.2343,0.09527,0.05649,0.03814,0.1612,0.05821,0.0496,0.02211,0.05397,0.03283,0.2166,0.2156,
2.142,0.2027,0.09729,0.05642,0.03818,0.1612,0.05739,0.0499,0.02185,0.05452,0.03547,0.2135,0.2142,
2.143,0.1974,0.09621,0.05626,0.03817,0.1611,0.05728,0.0501,0.02152,0.05442,0.03701,0.2137,0.2142,
2.142,0.1946,0.09586,0.05645,0.03828,0.1609,0.0569,0.05028,0.02137,0.05484,0.03662,0.2138,0.2147,
2.141,0.1902,0.09578,0.05646,0.03837,0.1605,0.05656,0.05056,0.02114,0.05487,0.03665,0.2139,0.2152,
2.14,0.1886,0.09507,0.05658,0.03842,0.1605,0.05611,0.05095,0.02068,0.05483,0.03662,0.2148,0.2155,
2.139,0.1765,0.09423,0.0568,0.03846,0.1603,0.05733,0.04941,0.02102,0.05446,0.0366,0.2158,0.2157,
2.139,0.184,0.09342,0.0573,0.03852,0.1602,0.05749,0.04929,0.02103,0.05448,0.03662,0.2159,0.2158,
2.139,0.2044,0.09207,0.0572,0.03867,0.1633,0.05706,0.04958,0.02097,0.05482,0.03641,0.2156,0.2142,
2.141,0.1899,0.09056,0.05734,0.03861,0.1634,0.05657,0.04963,0.02102,0.05479,0.03871,0.2148,0.2146,
2.14,0.1974,0.09031,0.0573,0.03823,0.163,0.05653,0.04987,0.02073,0.05506,0.03837,0.2157,0.2148,
2.138,0.1883,0.08932,0.05733,0.03833,0.1635,0.05587,0.04976,0.02074,0.0551,0.03839,0.2158,0.2158,
2.142,0.1924,0.09179,0.05728,0.03846,0.1635,0.05542,0.04938,0.02073,0.05549,0.03971,0.2143,0.2139,
2.138,0.1896,0.09023,0.05736,0.03848,0.1645,0.05357,0.04918,0.02071,0.05616,0.03896,0.2152,0.2157,
2.143,0.1967,0.09424,0.05753,0.03807,0.1645,0.05286,0.04919,0.02145,0.05697,0.03898,0.2136,0.2126,
2.142,0.2146,0.09375,0.05748,0.03805,0.1641,0.05228,0.0491,0.02141,0.05687,0.03945,0.2148,0.2127,
2.142,0.1967,0.09303,0.05755,0.03813,0.1645,0.05243,0.04898,0.02141,0.05688,0.03946,0.2149,0.2127,
2.148,0.1992,0.09264,0.0576,0.03813,0.1642,0.05193,0.04894,0.02207,0.05617,0.04349,0.2118,0.2131,
2.146,0.2179,0.09231,0.0577,0.03818,0.1639,0.05112,0.04876,0.02219,0.05599,0.04345,0.2126,0.2138,
2.145,0.2121,0.09181,0.05763,0.03823,0.1638,0.05081,0.04873,0.02217,0.05673,0.04263,0.2136,0.2139,
2.148,0.1794,0.09684,0.05765,0.03829,0.1638,0.05034,0.04865,0.0225,0.05685,0.04225,0.2137,0.2092,
2.148,0.1855,0.0965,0.0578,0.03835,0.1631,0.0501,0.04904,0.02267,0.05645,0.04231,0.214,0.2098,
2.147,0.1713,0.09595,0.05764,0.0384,0.163,0.04927,0.04915,0.02339,0.05578,0.04205,0.2149,0.2104,
2.147,0.179,0.09527,0.05785,0.03846,0.1628,0.04967,0.04852,0.02381,0.05566,0.04187,0.2151,0.211,
2.144,0.1787,0.09434,0.05786,0.03771,0.1632,0.04944,0.04835,0.02379,0.05644,0.04087,0.216,0.212,
2.144,0.1869,0.09387,0.05785,0.03779,0.1631,0.05001,0.04784,0.02402,0.05654,0.04061,0.2161,0.2122,
2.114,0.2217,0.09342,0.05782,0.03781,0.1627,0.08417,0.01329,0.02495,0.05805,0.038,0.2172,0.2126,
2.112,0.2179,0.09291,0.0578,0.03786,0.1618,0.08275,0.01357,0.02483,0.05885,0.03709,0.2184,0.2142,
2.108,0.2095,0.09269,0.05774,0.03709,0.1607,0.08182,0.01341,0.0248,0.05988,0.03594,0.2203,0.2157,
2.107,0.1929,0.09247,0.05786,0.03713,0.1604,0.08155,0.01318,0.02494,0.06005,0.03569,0.2204,0.2163,
2.106,0.1913,0.09151,0.05795,0.03719,0.1609,0.08172,0.01318,0.02482,0.06048,0.0353,0.2205,0.2164,
2.105,0.1889,0.0906,0.05797,0.03723,0.1609,0.08122,0.01333,0.02484,0.06092,0.03478,0.2206,0.2176,
2.109,0.2033,0.09517,0.05796,0.03723,0.1603,0.08148,0.01305,0.02504,0.0617,0.03448,0.221,0.2127,
2.108,0.189,0.09444,0.05807,0.0373,0.1607,0.08163,0.01305,0.02491,0.06263,0.03357,0.221,0.2127,
2.107,0.1885,0.09174,0.0579,0.03739,0.1623,0.08095,0.01317,0.02473,0.06253,0.03449,0.2219,0.2129,
2.112,0.2214,0.09135,0.05796,0.03709,0.1623,0.08099,0.01277,0.02518,0.06274,0.0376,0.2182,0.2138,
2.112,0.2068,0.09092,0.05811,0.03719,0.1623,0.08101,0.01291,0.02553,0.06351,0.03638,0.2183,0.2139,
2.112,0.2051,0.0901,0.05812,0.03726,0.1623,0.08105,0.01318,0.02541,0.06391,0.0359,0.2184,0.2144,
2.112,0.2168,0.08982,0.05817,0.03734,0.1622,0.08109,0.01319,0.02555,0.0638,0.03592,0.2185,0.2145,
2.108,0.241,0.0892,0.05813,0.03708,0.1618,0.08062,0.01332,0.06596,0.02426,0.03489,0.2195,0.2152,
2.108,0.1984,0.08897,0.05804,0.03711,0.1619,0.08078,0.0133,0.06587,0.02464,0.03453,0.2196,0.2153,
2.108,0.2178,0.08811,0.05811,0.03717,0.1624,0.08094,0.01327,0.06579,0.02492,0.03427,0.2197,0.2153,
2.106,0.2109,0.08737,0.05802,0.03725,0.1625,0.08069,0.01299,0.06596,0.02537,0.03356,0.2206,0.2156,
2.106,0.2164,0.08722,0.05798,0.03737,0.1625,0.08082,0.013,0.06587,0.02562,0.03332,0.2207,0.2157,
2.104,0.2048,0.08699,0.05764,0.03738,0.1619,0.07867,0.0132,0.0658,0.02562,0.03318,0.2218,0.2178,
2.107,0.1948,0.08868,0.05761,0.03746,0.1615,0.07831,0.01321,0.06615,0.02532,0.03437,0.2207,0.2166,
2.104,0.2061,0.08829,0.05762,0.03699,0.1618,0.07698,0.01308,0.06615,0.02644,0.03304,0.2207,0.2188,
2.11,0.2085,0.09171,0.05754,0.03695,0.1615,0.07546,0.01305,0.06601,0.02652,0.03579,0.2195,0.216,
2.112,0.2136,0.09451,0.05741,0.03701,0.1614,0.07444,0.01304,0.06594,0.02672,0.03589,0.22,0.2136,
2.116,0.1946,0.09568,0.05751,0.03705,0.1613,0.0739,0.01476,0.06468,0.02639,0.03661,0.22,0.2122,
2.117,0.2046,0.09517,0.05755,0.03719,0.1615,0.07237,0.0149,0.0647,0.02648,0.0376,0.2188,0.2138,
2.104,0.2041,0.09074,0.05761,0.03728,0.1653,0.07767,0.009494,0.06444,0.02776,0.03636,0.219,0.2144,
2.106,0.2388,0.09252,0.05766,0.03728,0.1652,0.07713,0.009619,0.06438,0.0276,0.03673,0.2195,0.2124,
2.106,0.2107,0.09225,0.05759,0.03689,0.1652,0.07728,0.009487,0.0644,0.02831,0.03631,0.2192,0.213,
2.106,0.1865,0.09183,0.05783,0.03696,0.165,0.07733,0.009493,0.06444,0.02856,0.0361,0.2194,0.2131,
2.105,0.1948,0.09101,0.05797,0.03648,0.1655,0.07735,0.009495,0.06468,0.02868,0.03576,0.2194,0.2137,
2.106,0.1904,0.09406,0.05794,0.03651,0.1646,0.07583,0.009494,0.06481,0.02887,0.03602,0.2199,0.212,
2.105,0.1937,0.09354,0.0576,0.03656,0.164,0.07573,0.009615,0.06491,0.029,0.03548,0.2218,0.2117,
2.105,0.1864,0.0934,0.05753,0.03659,0.1633,0.07571,0.009612,0.06489,0.02899,0.03547,0.2228,0.2117,
2.097,0.1887,0.09249,0.05752,0.03652,0.1627,0.07754,0.006828,0.06496,0.02867,0.03605,0.2249,0.2118,
2.096,0.1921,0.09209,0.05754,0.03662,0.1627,0.07713,0.006831,0.06512,0.02877,0.03585,0.225,0.2124,
2.097,0.1866,0.09118,0.05732,0.03665,0.1628,0.07692,0.006484,0.06511,0.02899,0.03723,0.2245,0.2129,
2.1,0.1789,0.09371,0.05767,0.03639,0.1628,0.07647,0.006485,0.06533,0.02878,0.03837,0.2234,0.2106,
2.079,0.1869,0.09349,0.05762,0.03637,0.1626,0.07534,0.006642,0.08073,0.01325,0.0382,0.2243,0.2115,
2.077,0.1708,0.09314,0.05737,0.03591,0.1622,0.07484,0.006928,0.08027,0.01323,0.03812,0.226,0.2119,
2.077,0.1752,0.09301,0.05745,0.03604,0.1619,0.07366,0.007095,0.08057,0.01399,0.03695,0.2261,0.2132,
2.082,0.189,0.0939,0.05773,0.0361,0.1622,0.07371,0.007233,0.08075,0.01424,0.03833,0.2244,0.2114,
2.084,0.1783,0.09352,0.05765,0.03638,0.1621,0.07327,0.007503,0.08087,0.01451,0.03839,0.2238,0.2119,
2.085,0.184,0.09287,0.05792,0.03645,0.1622,0.07301,0.00767,0.08121,0.01572,0.03671,0.2239,0.2123,
2.105,0.1935,0.09398,0.05819,0.03657,0.162,0.07248,0.0178,0.07114,0.01609,0.03674,0.2243,0.2107,
2.104,0.2006,0.09352,0.05828,0.03661,0.1615,0.07193,0.01801,0.0709,0.01608,0.03672,0.2253,0.2111,
2.102,0.2109,0.09278,0.05828,0.03667,0.1614,0.07314,0.01724,0.0708,0.01591,0.03644,0.2263,0.211,
2.101,0.2009,0.09166,0.05831,0.03667,0.1609,0.07295,0.01706,0.07086,0.01601,0.03666,0.2278,0.2111,
2.099,0.2011,0.09093,0.05829,0.03669,0.1604,0.07245,0.01733,0.07045,0.01599,0.0366,0.2298,0.2112,
2.097,0.1856,0.08903,0.05827,0.03673,0.1614,0.07155,0.01732,0.07042,0.01598,0.03659,0.2308,0.2119,
2.099,0.1922,0.08995,0.05805,0.03686,0.1615,0.07135,0.01734,0.07073,0.0156,0.03771,0.2299,0.211,
2.1,0.202,0.08885,0.0582,0.03647,0.1615,0.0713,0.01733,0.07108,0.01553,0.03923,0.229,0.2115,
2.105,0.2057,0.09131,0.05804,0.03652,0.1615,0.07107,0.01747,0.0712,0.01598,0.03987,0.2279,0.2091,
2.105,0.1985,0.09089,0.05805,0.03662,0.161,0.07104,0.01789,0.07092,0.01604,0.0396,0.2289,0.209,
2.113,0.2067,0.08996,0.05784,0.03655,0.1607,0.07034,0.0275,0.06132,0.01692,0.0383,0.2317,0.2089,
2.115,0.2066,0.08964,0.05787,0.03664,0.1606,0.07037,0.02764,0.06122,0.01718,0.03914,0.2307,0.209,
2.115,0.2277,0.08908,0.05792,0.03633,0.1607,0.07028,0.02776,0.06109,0.01765,0.03899,0.2303,0.2099,
2.113,0.2167,0.08687,0.05792,0.03639,0.162,0.06986,0.02823,0.06079,0.01772,0.03871,0.2313,0.2102,
2.114,0.2082,0.08672,0.05789,0.03619,0.1615,0.06959,0.02825,0.0607,0.01952,0.03695,0.2315,0.2111,
2.114,0.2276,0.08618,0.05808,0.0363,0.161,0.0688,0.02839,0.06066,0.02074,0.03579,0.2318,0.2122,
2.105,0.2279,0.08577,0.05818,0.03605,0.1605,0.07641,0.02088,0.06086,0.02077,0.03569,0.232,0.2129,
2.104,0.2163,0.08528,0.05814,0.03619,0.1599,0.0759,0.02101,0.06071,0.02189,0.03456,0.2331,0.2133,
2.114,0.2405,0.09133,0.0581,0.03632,0.1597,0.07547,0.02504,0.05673,0.02261,0.03422,0.2329,0.2076,
2.112,0.2809,0.09068,0.05788,0.03632,0.159,0.07548,0.0249,0.05698,0.02226,0.03415,0.235,0.2074,
2.113,0.2401,0.09036,0.05807,0.03636,0.159,0.07562,0.02504,0.05672,0.02331,0.03311,0.235,0.2074,
2.12,0.2164,0.09015,0.05797,0.03643,0.1589,0.07516,0.02505,0.05675,0.02332,0.03741,0.2308,0.208,
2.12,0.2146,0.09014,0.05774,0.03634,0.1586,0.0752,0.02506,0.05697,0.02313,0.03742,0.2309,0.2084,
2.114,0.2038,0.0895,0.05796,0.0364,0.1587,0.07484,0.06259,0.01948,0.02314,0.03744,0.231,0.2089,
2.123,0.211,0.08841,0.05769,0.03645,0.159,0.07405,0.06272,0.01934,0.02476,0.04172,0.2262,0.2096,
2.126,0.2053,0.08709,0.05776,0.03647,0.1589,0.07394,0.06276,0.01918,0.02521,0.04408,0.2253,0.2093,
2.125,0.1813,0.08588,0.05778,0.0365,0.1591,0.07353,0.06274,0.01935,0.0256,0.04349,0.2263,0.2097,
2.125,0.1834,0.08278,0.05747,0.03653,0.1615,0.07365,0.06277,0.01918,0.02618,0.04431,0.226,0.2096,
2.124,0.1884,0.08243,0.05761,0.03666,0.161,0.07233,0.06282,0.01919,0.0271,0.04344,0.2262,0.2112,
2.123,0.2001,0.08201,0.0577,0.03668,0.1604,0.07249,0.06281,0.01934,0.02738,0.0428,0.2273,0.2111,
2.129,0.1906,0.08188,0.05754,0.03679,0.1599,0.07229,0.06287,0.01956,0.02798,0.04559,0.224,0.2116,
2.128,0.2061,0.08181,0.05756,0.03691,0.1595,0.07146,0.06303,0.01962,0.02795,0.04548,0.2241,0.2126,
2.129,0.1847,0.08168,0.0575,0.03701,0.1596,0.07102,0.06336,0.0193,0.03014,0.04329,0.2241,0.213,
2.128,0.1916,0.0813,0.0574,0.03663,0.1593,0.07092,0.0632,0.01964,0.03177,0.04143,0.2243,0.2141,
2.127,0.1926,0.08058,0.0575,0.03682,0.159,0.07088,0.06333,0.01966,0.03233,0.04061,0.2253,0.214,
2.134,0.1987,0.08455,0.05715,0.03706,0.1591,0.07076,0.06312,0.01998,0.03199,0.04246,0.2245,0.2094,
2.134,0.1909,0.08436,0.05685,0.03722,0.1589,0.07107,0.0629,0.01999,0.03201,0.04249,0.2246,0.2095,
2.133,0.1913,0.08405,0.05689,0.03731,0.1579,0.07046,0.06293,0.02005,0.0323,0.042,0.2258,0.2103,
2.133,0.1925,0.08361,0.05679,0.0374,0.1576,0.07054,0.06276,0.02044,0.03218,0.04207,0.2264,0.2102,
2.134,0.1862,0.08232,0.05692,0.03747,0.1582,0.07016,0.06272,0.02069,0.0318,0.04354,0.2251,0.2111,
2.132,0.1833,0.08179,0.0569,0.03758,0.1584,0.06868,0.06268,0.02078,0.03186,0.04329,0.2252,0.2128,
2.131,0.1909,0.081,0.0571,0.03742,0.1588,0.06896,0.06243,0.02098,0.03167,0.0433,0.2252,0.2131,
2.13,0.1909,0.08045,0.0571,0.03739,0.1584,0.06918,0.06196,0.02126,0.03129,0.04322,0.227,0.2127,
2.129,0.1908,0.08017,0.05692,0.03752,0.1583,0.06869,0.06203,0.0211,0.03131,0.04324,0.2272,0.2135,
2.131,0.1849,0.08085,0.05695,0.0376,0.1583,0.06888,0.06195,0.02111,0.03187,0.0434,0.2267,0.2124,
2.13,0.1902,0.08006,0.05707,0.03763,0.1583,0.06882,0.0619,0.0211,0.03224,0.04296,0.2277,0.2122,
2.129,0.1931,0.07957,0.05734,0.03729,0.1584,0.06869,0.0618,0.02097,0.03249,0.04273,0.2277,0.213,
2.127,0.1985,0.07894,0.0574,0.03729,0.1582,0.06809,0.06195,0.02064,0.03247,0.0427,0.2287,0.2136,
2.132,0.2004,0.08528,0.05738,0.03732,0.1579,0.06819,0.06925,0.01331,0.03635,0.04359,0.2248,0.2066,
2.129,0.2149,0.08494,0.05741,0.03745,0.1579,0.08116,0.05626,0.01305,0.03666,0.0433,0.2249,0.207,
2.128,0.1968,0.08419,0.05742,0.03748,0.1576,0.08141,0.05598,0.01304,0.03801,0.04193,0.2259,0.207,
2.128,0.195,0.08354,0.05747,0.03755,0.1576,0.08161,0.05602,0.01292,0.03839,0.04193,0.2258,0.2071,
2.136,0.1988,0.08281,0.05744,0.03768,0.1577,0.08131,0.05593,0.01293,0.03884,0.04635,0.2212,0.2078,
2.139,0.2061,0.08232,0.05764,0.03778,0.1577,0.08085,0.05609,0.01301,0.03864,0.0486,0.219,0.2084,
2.138,0.2004,0.08198,0.05765,0.0378,0.1578,0.08028,0.05611,0.01287,0.03998,0.04728,0.2191,0.2091,
2.133,0.1938,0.07825,0.05741,0.03778,0.1606,0.07942,0.05594,0.01316,0.0408,0.04587,0.2217,0.2091,
2.131,0.199,0.07499,0.05727,0.03785,0.1635,0.07947,0.05615,0.01344,0.04191,0.04436,0.2218,0.2092,
2.131,0.2094,0.07466,0.05718,0.03793,0.1634,0.07979,0.05608,0.01355,0.04245,0.04362,0.222,0.2094,
2.134,0.2054,0.07416,0.05715,0.03798,0.1633,0.07936,0.05608,0.01356,0.04358,0.04482,0.2204,0.2097,
2.134,0.22,0.0738,0.0571,0.03807,0.1635,0.07937,0.05622,0.01388,0.04437,0.04359,0.2204,0.2097,
2.135,0.2096,0.07322,0.05697,0.03812,0.1634,0.07883,0.05619,0.01544,0.0434,0.04295,0.2214,0.2101,
2.134,0.2036,0.07316,0.05699,0.03822,0.1631,0.07853,0.05621,0.01544,0.04486,0.04152,0.2214,0.2105,
2.134,0.1884,0.07298,0.05699,0.03836,0.1629,0.07829,0.05664,0.01504,0.04612,0.04029,0.2215,0.2109,
2.134,0.1927,0.07265,0.05712,0.03849,0.1627,0.07792,0.05666,0.01535,0.04641,0.03972,0.2216,0.2114,
2.139,0.1809,0.07575,0.05726,0.03859,0.1625,0.07658,0.05656,0.01536,0.0476,0.04078,0.2195,0.2095,
2.135,0.1888,0.0721,0.05712,0.03865,0.1656,0.07634,0.05637,0.01535,0.04835,0.03997,0.2205,0.2097,
2.135,0.1976,0.07192,0.05708,0.03877,0.1656,0.07596,0.05641,0.01539,0.04816,0.03997,0.2205,0.2102,
2.134,0.2042,0.07158,0.05717,0.03885,0.1656,0.07611,0.05646,0.0154,0.04881,0.03916,0.2206,0.2103,
2.137,0.1963,0.07141,0.0571,0.0389,0.1657,0.07496,0.05661,0.01602,0.04925,0.03997,0.2186,0.2115,
2.136,0.2197,0.07134,0.05686,0.03895,0.1651,0.07456,0.05659,0.01602,0.05013,0.03907,0.2196,0.2118,
2.137,0.1983,0.07129,0.05685,0.03906,0.1647,0.07472,0.05648,0.01602,0.05076,0.03933,0.2189,0.2119,
2.136,0.1775,0.07084,0.05673,0.03862,0.165,0.07501,0.05623,0.01623,0.05098,0.03894,0.219,0.2124,
2.135,0.1877,0.07025,0.05662,0.03875,0.1652,0.07499,0.05616,0.01608,0.05234,0.03764,0.2191,0.2129,
2.134,0.1779,0.06962,0.05651,0.03885,0.1649,0.0763,0.05481,0.01621,0.05242,0.03739,0.2201,0.2128,
