R-TfaEn,REn,RabA,RabB,RabC,RabD,RabE,RabF,RabG,RabH,RabI,TfaEn,area,cMHCIEn,exCxEn,imCxEn,membraneMarker,mvb,oMHCIEn,ovaEn,pepEn,pepMHCIEn,protonEn,solubleMarker,volume,
1.6E-37,0.0095,960.0,420.0,3100.0,3799999.9999999995,3900.0,1600.0,2100.0,240.0,2500.0,0.19,3799999.9999999995,3.4E-5,0.031,0.031,0.0,490.0,8.6,0.0,0.0,0.0,2.0E7,1.0,7.0E8,
1.6E-37,0.0095,960.0,420.0,3100.0,3799999.9999999995,3900.0,1600.0,2100.0,240.0,2500.0,0.19,3799999.9999999995,3.8E-5,0.031,0.031,0.0,440.0,8.6,0.0,0.0,0.0,1.9E7,1.0,7.0E8,
1.8E-36,0.14,69000.0,99000.0,460.0,5300000.0,3900.0,1600.0,2100.0,240.0,2500.0,0.2,5500000.0,1.2E-4,0.096,0.096,0.0,470.0,3.9,0.0,0.0,0.0,1.9E7,1.0,7.3E8,
8.8E-37,0.069,1300.0,45000.0,460.0,5300000.0,3900.0,1600.0,2000.0,240.0,2500.0,0.19,5300000.0,2.0E-5,0.067,0.067,0.0,460.0,3.8,0.0,0.0,0.0,1.8E7,1.0,7.2E8,
1.4E-37,0.011,1200.0,2600.0,450.0,5100000.0,3800.0,1500.0,2000.0,230.0,2500.0,0.19,5100000.0,2.1E-5,0.042,0.042,0.0,440.0,3.6,0.0,0.0,0.0,1.7E7,1.0,7.2E8,
8.9E-37,0.16,3400.0,70000.0,3400.0,5200000.0,3800.0,1500.0,2000.0,230.0,2400.0,0.19,5200000.0,4.5E-5,0.087,0.087,0.0,430.0,7.2,0.0,0.0,0.0,1.7E7,1.0,7.3E8,
1.2E-37,0.021,3400.0,2300.0,3300.0,4900000.0,3800.0,1500.0,2000.0,230.0,2400.0,0.19,4900000.0,4.6E-5,0.046,0.046,0.0,420.0,6.9,0.0,6.7E-17,8.000000000000001E-28,1.7E7,1.0,7.2E8,
1.2E-37,0.021,3300.0,2200.0,3300.0,4700000.0,3700.0,1500.0,2000.0,230.0,2400.0,0.19,4700000.0,4.7E-5,0.044,0.044,0.0,410.0,6.7,0.0,3.1E-16,7.0E-27,1.6E7,1.0,7.2E8,
1.1E-37,0.02,3300.0,2200.0,3200.0,4500000.0,3700.0,1500.0,1900.0,220.0,2300.0,0.18,4500000.0,4.9E-5,0.043,0.043,0.0,420.0,6.5,0.0,1.0E-15,2.8E-26,1.6E7,1.0,7.2E8,
1.1E-37,0.02,3200.0,2200.0,3200.0,4300000.0,3600.0,1400.0,1900.0,220.0,2300.0,0.18,4300000.0,5.0E-5,0.041,0.041,0.0,400.0,6.3,0.0,2.2E-15,6.6E-26,1.6E7,1.0,7.2E8,
1.0E-37,0.019,3200.0,2100.0,3100.0,3899999.9999999995,3500.0,1400.0,1900.0,220.0,2300.0,0.18,3899999.9999999995,4.8E-5,0.039,0.039,0.0,400.0,5.9,0.0,4.6E-15,1.5999999999999998E-25,1.5E7,1.0,7.2E8,
1.0E-37,0.019,3200.0,2100.0,3100.0,3899999.9999999995,3500.0,1400.0,1900.0,220.0,2300.0,0.18,3899999.9999999995,4.7E-5,0.039,0.039,0.0,400.0,5.9,0.0,9.6E-15,3.9E-25,1.6E7,1.0,7.2E8,
1.0E-37,0.019,3200.0,2100.0,3100.0,3899999.9999999995,3500.0,1400.0,1900.0,220.0,2300.0,0.18,3899999.9999999995,4.1E-5,0.039,0.039,0.0,390.0,5.9,0.0,1.7E-14,6.9999999999999995E-25,1.6E7,1.0,7.2E8,
1.0E-37,0.019,3200.0,2100.0,3100.0,3899999.9999999995,3500.0,1400.0,1900.0,220.0,2300.0,0.18,3899999.9999999995,3.4E-5,0.039,0.039,0.0,390.0,5.9,0.0,2.7E-14,1.0E-24,1.7E7,1.0,7.2E8,
1.0E-37,0.019,3200.0,2100.0,3100.0,3899999.9999999995,3500.0,1400.0,1900.0,220.0,2300.0,0.18,3899999.9999999995,2.8E-5,0.039,0.039,0.0,380.0,5.9,0.0,3.8E-14,1.2999999999999998E-24,1.9E7,1.0,7.2E8,
1.0E-37,0.019,3200.0,2100.0,3100.0,3899999.9999999995,3500.0,1400.0,1900.0,220.0,2300.0,0.18,3899999.9999999995,2.2E-5,0.039,0.039,0.0,380.0,5.9,0.0,5.2E-14,1.4999999999999998E-24,2.0E7,1.0,7.2E8,
1.0E-37,0.019,3200.0,2100.0,3100.0,3899999.9999999995,3500.0,1400.0,1900.0,220.0,2300.0,0.18,3899999.9999999995,1.8E-5,0.039,0.039,0.0,380.0,5.9,0.0,6.8E-14,1.5999999999999999E-24,2.2E7,1.0,7.2E8,
1.0E-37,0.019,3200.0,2100.0,3100.0,3899999.9999999995,3500.0,1400.0,1900.0,220.0,2300.0,0.18,3899999.9999999995,1.5E-5,0.039,0.039,0.0,380.0,5.9,0.0,8.5E-14,1.7E-24,2.3E7,1.0,7.2E8,
1.0E-37,0.019,3200.0,2100.0,3100.0,3899999.9999999995,3500.0,1400.0,1900.0,220.0,2300.0,0.18,3899999.9999999995,1.2E-5,0.039,0.039,0.0,380.0,5.9,0.0,1.0E-13,1.7E-24,2.5E7,1.0,7.2E8,
1.0E-37,0.019,3200.0,2100.0,3100.0,3899999.9999999995,3500.0,1400.0,1900.0,220.0,2300.0,0.18,3899999.9999999995,1.3E-5,0.039,0.039,0.0,380.0,5.9,0.0,1.2E-13,1.8999999999999998E-24,2.4E7,1.0,7.2E8,
1.0E-37,0.019,3200.0,2100.0,3100.0,3899999.9999999995,3500.0,1400.0,1900.0,220.0,2300.0,0.18,3899999.9999999995,1.5E-5,0.039,0.039,0.0,380.0,5.9,0.0,1.5E-13,2.5E-24,2.3E7,1.0,7.2E8,
1.0E-37,0.019,3200.0,2100.0,3100.0,3899999.9999999995,3500.0,1400.0,1900.0,220.0,2300.0,0.18,3899999.9999999995,1.5E-5,0.039,0.039,0.0,370.0,5.9,0.0,1.8E-13,3.0999999999999997E-24,2.4E7,1.0,7.2E8,
1.0E-37,0.019,3200.0,2100.0,3100.0,3799999.9999999995,3500.0,1400.0,1900.0,220.0,2300.0,0.18,3899999.9999999995,1.5E-5,0.039,0.039,0.0,370.0,5.9,0.0,2.0E-13,3.599999999999999E-24,2.3E7,1.0,7.1E8,
1.0E-37,0.019,3200.0,2100.0,3100.0,3799999.9999999995,3500.0,1400.0,1900.0,220.0,2300.0,0.18,3899999.9999999995,1.7E-5,0.039,0.039,0.0,370.0,5.9,0.0,2.4E-13,4.8E-24,2.2E7,1.0,7.1E8,
1.0E-37,0.019,3200.0,2100.0,3100.0,3799999.9999999995,3500.0,1400.0,1900.0,220.0,2300.0,0.18,3899999.9999999995,1.7E-5,0.039,0.039,0.0,370.0,5.9,0.0,3.0E-13,6.0999999999999996E-24,2.2E7,1.0,7.1E8,
1.0E-37,0.019,3200.0,2100.0,3100.0,3799999.9999999995,3500.0,1400.0,1900.0,220.0,2300.0,0.18,3899999.9999999995,1.6E-5,0.039,0.039,0.0,360.0,5.9,0.0,3.6E-13,7.199999999999999E-24,2.3E7,1.0,7.1E8,
1.0E-37,0.019,3200.0,2100.0,3100.0,3799999.9999999995,3500.0,1400.0,1900.0,220.0,2300.0,0.18,3899999.9999999995,1.4E-5,0.039,0.039,0.0,360.0,5.9,0.0,4.4E-13,8.0E-24,2.4E7,1.0,7.1E8,
1.0E-37,0.019,3200.0,2100.0,3100.0,3799999.9999999995,3500.0,1400.0,1900.0,220.0,2300.0,0.18,3899999.9999999995,1.2E-5,0.039,0.039,0.0,360.0,5.9,0.0,5.2E-13,8.499999999999999E-24,2.5E7,1.0,7.1E8,
1.0E-37,0.019,3200.0,2100.0,3100.0,3799999.9999999995,3500.0,1400.0,1900.0,220.0,2300.0,0.18,3899999.9999999995,1.0E-5,0.039,0.039,0.0,360.0,5.9,0.0,6.2E-13,8.799999999999999E-24,2.7E7,1.0,7.1E8,
1.0E-37,0.019,3200.0,2100.0,3100.0,3799999.9999999995,3500.0,1400.0,1900.0,220.0,2300.0,0.18,3899999.9999999995,8.7E-6,0.039,0.039,0.0,360.0,5.9,0.0,7.3E-13,8.899999999999999E-24,2.8E7,1.0,7.1E8,
1.0E-37,0.019,3200.0,2100.0,3100.0,3799999.9999999995,3500.0,1400.0,1900.0,220.0,2300.0,0.18,3899999.9999999995,7.9E-6,0.039,0.039,0.0,350.0,5.9,0.0,8.6E-13,8.899999999999999E-24,2.9E7,1.0,7.1E8,
1.0E-37,0.019,3200.0,2100.0,3100.0,3799999.9999999995,3500.0,1400.0,1900.0,220.0,2300.0,0.18,3899999.9999999995,9.6E-6,0.039,0.039,0.0,350.0,5.9,0.0,9.7E-13,1.1E-23,2.7E7,1.0,7.1E8,
1.0E-37,0.019,3200.0,2100.0,3100.0,3799999.9999999995,3500.0,1400.0,1900.0,220.0,2300.0,0.18,3899999.9999999995,1.1E-5,0.039,0.039,0.0,350.0,5.9,0.0,1.2E-12,1.5E-23,2.6E7,1.0,7.1E8,
1.0E-37,0.019,3200.0,2100.0,3100.0,3799999.9999999995,3500.0,1400.0,1900.0,220.0,2300.0,0.18,3899999.9999999995,1.1E-5,0.039,0.039,0.0,350.0,5.9,0.0,1.3E-12,1.7E-23,2.6E7,1.0,7.1E8,
1.0E-37,0.019,3200.0,2100.0,3100.0,3799999.9999999995,3500.0,1400.0,1900.0,220.0,2300.0,0.18,3899999.9999999995,9.7E-6,0.039,0.039,0.0,350.0,5.9,0.0,1.6E-12,2.0E-23,2.7E7,1.0,7.1E8,
1.0E-37,0.019,3200.0,2100.0,3100.0,3799999.9999999995,3500.0,1400.0,1900.0,220.0,2300.0,0.18,3899999.9999999995,8.8E-6,0.039,0.039,0.0,350.0,5.9,0.0,1.8E-12,2.1E-23,2.8E7,1.0,7.1E8,
1.0E-37,0.019,3200.0,2100.0,3100.0,3799999.9999999995,3500.0,1400.0,1900.0,220.0,2300.0,0.18,3899999.9999999995,7.6E-6,0.039,0.039,0.0,350.0,5.9,0.0,2.1E-12,2.2E-23,2.9E7,1.0,7.1E8,
1.0E-37,0.019,3200.0,2100.0,3100.0,3799999.9999999995,3500.0,1400.0,1900.0,220.0,2300.0,0.18,3899999.9999999995,6.8E-6,0.039,0.039,0.0,350.0,5.9,0.0,2.4E-12,2.3E-23,3.1E7,1.0,7.1E8,
1.0E-37,0.019,3200.0,2100.0,3100.0,3799999.9999999995,3500.0,1400.0,1900.0,220.0,2300.0,0.18,3899999.9999999995,5.9E-6,0.039,0.039,0.0,350.0,5.9,0.0,2.7E-12,2.2E-23,3.2E7,1.0,7.1E8,
1.0E-37,0.019,3200.0,2100.0,3100.0,3799999.9999999995,3500.0,1400.0,1900.0,220.0,2300.0,0.18,3899999.9999999995,7.0E-6,0.039,0.039,0.0,350.0,5.9,0.0,2.9E-12,2.4E-23,3.0E7,1.0,7.1E8,
1.0E-37,0.019,3200.0,2100.0,3100.0,3799999.9999999995,3500.0,1400.0,1900.0,220.0,2300.0,0.18,3899999.9999999995,8.5E-6,0.039,0.039,0.0,350.0,5.9,0.0,3.2E-12,3.2000000000000003E-23,2.8E7,1.0,7.1E8,
1.0E-37,0.019,3200.0,2100.0,3100.0,3799999.9999999995,3500.0,1400.0,1900.0,220.0,2300.0,0.18,3899999.9999999995,8.7E-6,0.039,0.039,0.0,340.0,5.9,0.0,3.5E-12,3.8E-23,2.8E7,1.0,7.1E8,
1.0E-37,0.019,3200.0,2100.0,3100.0,3799999.9999999995,3500.0,1400.0,1900.0,220.0,2300.0,0.18,3899999.9999999995,8.4E-6,0.039,0.039,0.0,340.0,5.9,0.0,3.9E-12,4.3E-23,2.8E7,1.0,7.1E8,
1.0E-37,0.019,3200.0,2100.0,3100.0,3799999.9999999995,3500.0,1400.0,1900.0,220.0,2300.0,0.18,3899999.9999999995,7.6E-6,0.039,0.039,0.0,340.0,5.9,0.0,4.3E-12,4.5000000000000003E-23,2.9E7,1.0,7.1E8,
1.0E-37,0.019,3200.0,2100.0,3100.0,3799999.9999999995,3500.0,1400.0,1900.0,220.0,2300.0,0.18,3899999.9999999995,6.8E-6,0.039,0.039,0.0,330.0,5.9,0.0,4.8E-12,4.6E-23,3.1E7,1.0,7.1E8,
1.0E-37,0.019,3200.0,2100.0,3100.0,3799999.9999999995,3500.0,1400.0,1900.0,220.0,2300.0,0.18,3899999.9999999995,6.0E-6,0.039,0.039,0.0,330.0,5.9,0.0,5.2E-12,4.5000000000000003E-23,3.2E7,1.0,7.1E8,
1.0E-37,0.019,3200.0,2100.0,3100.0,3799999.9999999995,3500.0,1400.0,1900.0,220.0,2300.0,0.18,3899999.9999999995,5.4E-6,0.039,0.039,0.0,330.0,5.9,0.0,5.7E-12,4.4E-23,3.3E7,1.0,7.1E8,
1.0E-37,0.019,3200.0,2100.0,3100.0,3799999.9999999995,3500.0,1400.0,1900.0,220.0,2300.0,0.18,3899999.9999999995,5.6E-6,0.039,0.039,0.0,330.0,5.9,0.0,6.2E-12,4.4E-23,3.3E7,1.0,7.1E8,
1.0E-37,0.019,3200.0,2100.0,3100.0,3799999.9999999995,3500.0,1400.0,1900.0,220.0,2300.0,0.18,3899999.9999999995,7.1E-6,0.039,0.039,0.0,330.0,5.9,0.0,6.6E-12,5.5E-23,3.0E7,1.0,7.1E8,
1.0E-37,0.019,3200.0,2100.0,3100.0,3799999.9999999995,3500.0,1400.0,1900.0,220.0,2300.0,0.18,3899999.9999999995,7.9E-6,0.039,0.039,0.0,330.0,5.9,0.0,7.2E-12,7.0E-23,2.9E7,1.0,7.1E8,
1.0E-37,0.019,3200.0,2100.0,3100.0,3799999.9999999995,3500.0,1400.0,1900.0,220.0,2300.0,0.18,3899999.9999999995,7.8E-6,0.039,0.039,0.0,320.0,5.9,0.0,7.8E-12,7.9E-23,2.9E7,1.0,7.1E8,
1.0E-37,0.019,3200.0,2100.0,3100.0,3799999.9999999995,3500.0,1400.0,1900.0,220.0,2300.0,0.18,3899999.9999999995,7.4E-6,0.039,0.039,0.0,320.0,5.9,0.0,8.3E-12,8.4E-23,3.0E7,1.0,7.1E8,
1.0E-37,0.019,3200.0,2100.0,3100.0,3799999.9999999995,3500.0,1400.0,1900.0,220.0,2300.0,0.18,3899999.9999999995,6.6E-6,0.039,0.039,0.0,320.0,5.9,0.0,9.1E-12,8.5E-23,3.1E7,1.0,7.1E8,
1.0E-37,0.019,3200.0,2100.0,3100.0,3799999.9999999995,3500.0,1400.0,1900.0,220.0,2300.0,0.18,3899999.9999999995,5.9E-6,0.039,0.039,0.0,320.0,5.9,0.0,9.9E-12,8.4E-23,3.2E7,1.0,7.1E8,
1.0E-37,0.019,3200.0,2100.0,3100.0,3799999.9999999995,3500.0,1400.0,1900.0,220.0,2300.0,0.18,3899999.9999999995,5.2E-6,0.039,0.039,0.0,320.0,5.9,0.0,1.1E-11,8.1E-23,3.4E7,1.0,7.1E8,
1.0E-37,0.019,3200.0,2100.0,3100.0,3799999.9999999995,3500.0,1400.0,1900.0,220.0,2300.0,0.18,3899999.9999999995,5.0E-6,0.039,0.039,0.0,310.0,5.9,0.0,1.2E-11,7.9E-23,3.4E7,1.0,7.1E8,
1.2E-37,0.025,3900.0,4800.0,6500.0,4900000.0,3500.0,1400.0,1900.0,220.0,2300.0,0.19,4900000.0,0.2,0.042,0.042,0.0,410.0,15.0,0.0,1.7E-11,4.5E-19,3.3E7,1.0,7.3E8,
1.1E-37,0.024,3900.0,4800.0,6500.0,4600000.0,3500.0,1400.0,1900.0,220.0,2300.0,0.18,4600000.0,1.8E-5,0.04,0.04,0.0,410.0,15.0,0.0,1.7E-11,2.9E-19,3.1E7,1.0,7.3E8,
1.1E-37,0.024,3900.0,4800.0,6500.0,4400000.0,3500.0,1400.0,1900.0,210.0,2300.0,0.18,4500000.0,2.3E-5,0.039,0.039,0.0,410.0,15.0,0.0,1.7E-11,1.1E-19,2.8E7,1.0,7.3E8,
1.1E-37,0.024,3800.0,4700.0,6500.0,4400000.0,3500.0,1400.0,1800.0,210.0,2200.0,0.18,4400000.0,2.9E-5,0.039,0.039,0.0,410.0,15.0,0.0,1.8E-11,4.0E-20,2.6E7,1.0,7.3E8,
1.1E-37,0.023,3800.0,4700.0,6500.0,3999999.9999999995,3500.0,1400.0,1800.0,210.0,2200.0,0.18,3999999.9999999995,3.2E-5,0.037,0.037,0.0,400.0,14.0,0.0,1.8E-11,2.2E-20,2.5E7,1.0,7.2E8,
1.1E-37,0.023,3800.0,4700.0,6500.0,3899999.9999999995,3500.0,1400.0,1800.0,210.0,2200.0,0.18,3899999.9999999995,3.9E-5,0.036,0.036,0.0,400.0,14.0,0.0,1.9E-11,7.1E-21,2.3E7,1.0,7.2E8,
1.1E-37,0.023,3800.0,4700.0,6500.0,3899999.9999999995,3500.0,1400.0,1800.0,210.0,2200.0,0.18,3899999.9999999995,4.1E-5,0.036,0.036,0.0,400.0,14.0,0.0,2.0E-11,2.9E-21,2.2E7,1.0,7.2E8,
1.1E-37,0.023,3800.0,4700.0,6500.0,3899999.9999999995,3500.0,1400.0,1800.0,210.0,2200.0,0.18,3899999.9999999995,3.9E-5,0.036,0.036,0.0,400.0,14.0,0.0,2.1E-11,1.7E-21,2.3E7,1.0,7.2E8,
1.1E-37,0.023,3800.0,4700.0,6500.0,3899999.9999999995,3500.0,1400.0,1800.0,210.0,2200.0,0.18,3899999.9999999995,3.5E-5,0.036,0.036,0.0,400.0,14.0,0.0,2.2E-11,1.3E-21,2.4E7,1.0,7.2E8,
1.1E-37,0.023,3800.0,4700.0,6500.0,3899999.9999999995,3500.0,1400.0,1800.0,210.0,2200.0,0.18,3899999.9999999995,3.1E-5,0.036,0.036,0.0,400.0,14.0,0.0,2.3E-11,1.1E-21,2.5E7,1.0,7.2E8,
1.1E-37,0.023,3800.0,4700.0,6500.0,3899999.9999999995,3500.0,1400.0,1800.0,210.0,2200.0,0.18,3899999.9999999995,2.6E-5,0.036,0.036,0.0,390.0,14.0,0.0,2.5E-11,9.800000000000001E-22,2.6E7,1.0,7.2E8,
1.1E-37,0.023,3800.0,4700.0,6500.0,3899999.9999999995,3500.0,1400.0,1800.0,210.0,2200.0,0.18,3899999.9999999995,2.3E-5,0.036,0.036,0.0,390.0,14.0,0.0,2.6E-11,8.9E-22,2.8E7,1.0,7.2E8,
1.1E-37,0.023,3800.0,4700.0,6500.0,3899999.9999999995,3500.0,1400.0,1800.0,210.0,2200.0,0.18,3899999.9999999995,1.9E-5,0.036,0.036,0.0,380.0,14.0,0.0,2.8E-11,8.0E-22,2.9E7,1.0,7.2E8,
1.1E-37,0.023,3800.0,4700.0,6500.0,3899999.9999999995,3500.0,1400.0,1800.0,210.0,2200.0,0.18,3899999.9999999995,2.1E-5,0.036,0.036,0.0,380.0,14.0,0.0,2.9E-11,7.7E-22,2.9E7,1.0,7.2E8,
1.1E-37,0.023,3800.0,4700.0,6500.0,3899999.9999999995,3500.0,1400.0,1800.0,210.0,2200.0,0.18,3899999.9999999995,2.5E-5,0.036,0.036,0.0,380.0,14.0,0.0,3.0E-11,9.000000000000002E-22,2.7E7,1.0,7.2E8,
1.1E-37,0.023,3800.0,4700.0,6500.0,3899999.9999999995,3500.0,1400.0,1800.0,210.0,2200.0,0.18,3899999.9999999995,2.6E-5,0.036,0.036,0.0,370.0,14.0,0.0,3.1E-11,1.0E-21,2.7E7,1.0,7.2E8,
1.1E-37,0.023,3800.0,4700.0,6500.0,3899999.9999999995,3500.0,1400.0,1800.0,210.0,2200.0,0.18,3899999.9999999995,2.5E-5,0.036,0.036,0.0,360.0,14.0,0.0,3.3E-11,1.1E-21,2.7E7,1.0,7.2E8,
1.1E-37,0.023,3800.0,4700.0,6500.0,3899999.9999999995,3500.0,1400.0,1800.0,210.0,2200.0,0.18,3899999.9999999995,2.3E-5,0.036,0.036,0.0,360.0,14.0,0.0,3.4E-11,1.1E-21,2.8E7,1.0,7.2E8,
1.1E-37,0.023,3800.0,4700.0,6500.0,3899999.9999999995,3500.0,1400.0,1800.0,210.0,2200.0,0.18,3899999.9999999995,2.0E-5,0.036,0.036,0.0,360.0,14.0,0.0,3.6E-11,1.0E-21,2.9E7,1.0,7.2E8,
1.1E-37,0.023,3800.0,4700.0,6500.0,3899999.9999999995,3500.0,1400.0,1800.0,210.0,2200.0,0.18,3899999.9999999995,1.8E-5,0.036,0.036,0.0,360.0,14.0,0.0,3.7E-11,9.7E-22,3.0E7,1.0,7.2E8,
1.1E-37,0.023,3800.0,4700.0,6500.0,3899999.9999999995,3500.0,1400.0,1800.0,210.0,2200.0,0.18,3899999.9999999995,1.5E-5,0.036,0.036,0.0,360.0,14.0,0.0,3.9E-11,8.9E-22,3.2E7,1.0,7.2E8,
1.1E-37,0.023,3800.0,4700.0,6500.0,3899999.9999999995,3500.0,1400.0,1800.0,210.0,2200.0,0.18,3899999.9999999995,1.5E-5,0.036,0.036,0.0,360.0,14.0,0.0,4.1E-11,8.300000000000001E-22,3.3E7,1.0,7.2E8,
1.1E-37,0.023,3800.0,4700.0,6500.0,3899999.9999999995,3500.0,1400.0,1800.0,210.0,2200.0,0.18,3899999.9999999995,1.9E-5,0.036,0.036,0.0,360.0,14.0,0.0,4.2E-11,9.4E-22,3.0E7,1.0,7.2E8,
1.1E-37,0.023,3800.0,4700.0,6500.0,3899999.9999999995,3500.0,1400.0,1800.0,210.0,2200.0,0.18,3899999.9999999995,2.1E-5,0.036,0.036,0.0,350.0,14.0,0.0,4.4E-11,1.1E-21,2.9E7,1.0,7.2E8,
1.1E-37,0.023,3800.0,4700.0,6500.0,3899999.9999999995,3500.0,1400.0,1800.0,210.0,2200.0,0.18,3899999.9999999995,2.1E-5,0.036,0.036,0.0,350.0,14.0,0.0,4.5E-11,1.3E-21,2.9E7,1.0,7.2E8,
4.3E-37,0.065,20000.0,40000.0,19000.0,4900000.0,3500.0,1400.0,1800.0,210.0,2200.0,0.19,5000000.0,3.5E-5,0.059,0.059,0.0,410.0,19.0,0.0,9.8E-11,1.8E-19,3.0E7,1.0,7.4E8,
7.4E-38,0.011,2300.0,1800.0,4400.0,4800000.0,3500.0,1400.0,1800.0,210.0,2200.0,0.18,4800000.0,1.2E-5,0.035,0.035,0.0,400.0,7.0,0.0,9.9E-11,1.5E-20,2.7E7,1.0,7.4E8,
7.3E-38,0.011,2300.0,1800.0,4400.0,4700000.0,3500.0,1400.0,1800.0,210.0,2200.0,0.18,4700000.0,1.3E-5,0.034,0.034,0.0,400.0,6.9,0.0,9.9E-11,1.0E-20,2.6E7,1.0,7.4E8,
7.0E-38,0.011,2300.0,1800.0,4400.0,4300000.0,3500.0,1400.0,1800.0,210.0,2200.0,0.18,4300000.0,1.5E-5,0.032,0.032,0.0,400.0,6.6,0.0,9.9E-11,6.3E-21,2.5E7,1.0,7.3E8,
6.9E-38,0.011,2300.0,1800.0,4300.0,4200000.0,3500.0,1400.0,1800.0,210.0,2200.0,0.18,4200000.0,1.7E-5,0.032,0.032,0.0,400.0,6.5,0.0,1.0E-10,4.0E-21,2.4E7,1.0,7.3E8,
6.8E-38,0.01,2300.0,1800.0,4300.0,3999999.9999999995,3500.0,1400.0,1800.0,210.0,2200.0,0.18,3999999.9999999995,2.0E-5,0.031,0.031,0.0,390.0,6.4,0.0,1.0E-10,3.1E-21,2.2E7,1.0,7.3E8,
6.8E-38,0.01,2300.0,1800.0,4300.0,3899999.9999999995,3500.0,1400.0,1800.0,210.0,2200.0,0.18,3899999.9999999995,2.3E-5,0.03,0.03,0.0,390.0,6.3,0.0,1.0E-10,3.0E-21,2.1E7,1.0,7.3E8,
6.8E-38,0.01,2300.0,1800.0,4300.0,3899999.9999999995,3500.0,1400.0,1800.0,210.0,2200.0,0.18,3899999.9999999995,2.4E-5,0.03,0.03,0.0,390.0,6.3,0.0,1.0E-10,3.3E-21,2.1E7,1.0,7.3E8,
6.8E-38,0.01,2300.0,1800.0,4300.0,3899999.9999999995,3500.0,1400.0,1800.0,210.0,2200.0,0.18,3899999.9999999995,2.3E-5,0.03,0.03,0.0,390.0,6.3,0.0,1.0E-10,3.3E-21,2.1E7,1.0,7.3E8,
6.8E-38,0.01,2300.0,1800.0,4300.0,3899999.9999999995,3500.0,1400.0,1800.0,210.0,2200.0,0.18,3899999.9999999995,2.0E-5,0.03,0.03,0.0,380.0,6.3,0.0,1.1E-10,3.2E-21,2.2E7,1.0,7.3E8,
6.8E-38,0.01,2300.0,1800.0,4300.0,3899999.9999999995,3500.0,1400.0,1800.0,210.0,2200.0,0.18,3899999.9999999995,1.7E-5,0.03,0.03,0.0,380.0,6.3,0.0,1.1E-10,2.9E-21,2.3E7,1.0,7.3E8,
6.8E-38,0.01,2300.0,1800.0,4300.0,3899999.9999999995,3500.0,1400.0,1800.0,210.0,2200.0,0.18,3899999.9999999995,1.5E-5,0.03,0.03,0.0,380.0,6.3,0.0,1.1E-10,2.5E-21,2.5E7,1.0,7.3E8,
6.8E-38,0.01,2300.0,1800.0,4300.0,3899999.9999999995,3500.0,1400.0,1800.0,210.0,2200.0,0.18,3899999.9999999995,1.2E-5,0.03,0.03,0.0,370.0,6.3,0.0,1.1E-10,2.2E-21,2.6E7,1.0,7.3E8,
6.8E-38,0.01,2300.0,1800.0,4300.0,3899999.9999999995,3500.0,1400.0,1800.0,210.0,2200.0,0.18,3899999.9999999995,1.0E-5,0.03,0.03,0.0,370.0,6.3,0.0,1.2E-10,1.9E-21,2.8E7,1.0,7.3E8,
6.8E-38,0.01,2300.0,1800.0,4300.0,3899999.9999999995,3500.0,1400.0,1800.0,210.0,2200.0,0.18,3899999.9999999995,9.6E-6,0.03,0.03,0.0,370.0,6.3,0.0,1.2E-10,1.7E-21,2.9E7,1.0,7.3E8,
6.8E-38,0.01,2300.0,1800.0,4300.0,3899999.9999999995,3500.0,1400.0,1800.0,210.0,2200.0,0.18,3899999.9999999995,1.2E-5,0.03,0.03,0.0,360.0,6.3,0.0,1.2E-10,1.8E-21,2.6E7,1.0,7.3E8,
6.8E-38,0.01,2300.0,1800.0,4300.0,3899999.9999999995,3500.0,1400.0,1800.0,210.0,2200.0,0.18,3899999.9999999995,1.3E-5,0.03,0.03,0.0,360.0,6.3,0.0,1.2E-10,2.0E-21,2.6E7,1.0,7.3E8,
6.8E-38,0.01,2300.0,1800.0,4300.0,3899999.9999999995,3500.0,1400.0,1800.0,210.0,2200.0,0.18,3899999.9999999995,1.2E-5,0.03,0.03,0.0,360.0,6.3,0.0,1.2E-10,2.1E-21,2.6E7,1.0,7.3E8,
6.8E-38,0.01,2300.0,1800.0,4300.0,3899999.9999999995,3500.0,1400.0,1800.0,210.0,2200.0,0.18,3899999.9999999995,1.1E-5,0.03,0.03,0.0,350.0,6.3,0.0,1.3E-10,2.1E-21,2.7E7,1.0,7.3E8,
1.6E-37,0.043,3100.0,26000.0,1900.0,5100000.0,3500.0,1400.0,1800.0,210.0,2200.0,0.18,5100000.0,1.5E-5,0.05,0.05,0.0,380.0,6.9,0.0,3.4E-10,5.4E-16,2.8E7,1.0,7.5E8,
9.6E-38,0.026,3100.0,13000.0,1900.0,5100000.0,3500.0,1400.0,1800.0,210.0,2200.0,0.18,5100000.0,1.5E-5,0.044,0.044,0.0,380.0,6.9,0.0,3.4E-10,1.2E-16,2.6E7,1.0,7.5E8,
3.5E-38,0.0097,3100.0,840.0,1900.0,4800000.0,3500.0,1400.0,1800.0,210.0,2200.0,0.18,4800000.0,1.8E-5,0.036,0.036,0.0,380.0,6.6,0.0,3.4E-10,1.7E-17,2.4E7,1.0,7.5E8,
3.4E-38,0.0093,3100.0,840.0,1900.0,4400000.0,3500.0,1400.0,1800.0,210.0,2200.0,0.18,4400000.0,1.8E-5,0.034,0.034,0.0,380.0,6.2,0.0,3.4E-10,1.1E-17,2.3E7,1.0,7.4E8,
3.3E-38,0.009,3100.0,840.0,1900.0,4300000.0,3500.0,1400.0,1800.0,210.0,2200.0,0.18,4300000.0,2.1E-5,0.033,0.033,0.0,380.0,6.1,0.0,3.4E-10,3.9E-18,2.2E7,1.0,7.4E8,
3.1000000000000004E-38,0.0086,3100.0,840.0,1900.0,3899999.9999999995,3500.0,1400.0,1800.0,210.0,2200.0,0.18,3999999.9999999995,2.2E-5,0.032,0.032,0.0,370.0,5.8,0.0,3.4E-10,1.7E-18,2.1E7,1.0,7.4E8,
3.1000000000000004E-38,0.0086,3100.0,840.0,1900.0,3899999.9999999995,3500.0,1400.0,1800.0,210.0,2200.0,0.18,3999999.9999999995,2.3E-5,0.032,0.032,0.0,370.0,5.8,0.0,3.4E-10,5.1E-19,2.0E7,1.0,7.4E8,
3.1000000000000004E-38,0.0086,3100.0,840.0,1900.0,3899999.9999999995,3500.0,1400.0,1800.0,210.0,2200.0,0.18,3899999.9999999995,2.2E-5,0.032,0.032,0.0,370.0,5.8,0.0,3.5E-10,1.6E-19,2.1E7,1.0,7.4E8,
3.1000000000000004E-38,0.0086,3100.0,840.0,1900.0,3899999.9999999995,3500.0,1400.0,1800.0,210.0,2200.0,0.18,3899999.9999999995,1.9E-5,0.032,0.032,0.0,370.0,5.8,0.0,3.5E-10,5.5E-20,2.2E7,1.0,7.4E8,
3.1000000000000004E-38,0.0086,3100.0,840.0,1900.0,3899999.9999999995,3500.0,1400.0,1800.0,210.0,2200.0,0.18,3899999.9999999995,1.6E-5,0.032,0.032,0.0,370.0,5.8,0.0,3.5E-10,2.2E-20,2.3E7,1.0,7.4E8,
1.8E-38,0.005,7000.0,1200.0,1900.0,4700000.0,3500.0,1400.0,1800.0,210.0,2200.0,0.18,4800000.0,2.0E-5,0.032,0.032,0.0,380.0,6.5,0.0,3.6E-10,1.9E-19,2.3E7,1.0,7.5E8,
1.7E-38,0.0048,7000.0,1200.0,1900.0,4400000.0,3500.0,1400.0,1800.0,210.0,2200.0,0.18,4400000.0,2.1E-5,0.031,0.031,0.0,380.0,6.2,0.0,3.6E-10,8.7E-20,2.2E7,1.0,7.4E8,
1.6000000000000001E-38,0.0045,7000.0,1200.0,1900.0,3899999.9999999995,3500.0,1400.0,1800.0,210.0,2200.0,0.18,3999999.9999999995,2.3E-5,0.029,0.029,0.0,380.0,5.7,0.0,3.6E-10,3.7E-20,2.0E7,1.0,7.4E8,
1.6000000000000001E-38,0.0045,7000.0,1200.0,1900.0,3899999.9999999995,3500.0,1400.0,1800.0,210.0,2200.0,0.18,3999999.9999999995,2.4E-5,0.029,0.029,0.0,380.0,5.7,0.0,3.7E-10,1.9E-20,2.0E7,1.0,7.4E8,
2.3E-38,0.012,3900.0,1400.0,2300.0,5100000.0,3700.0,1400.0,1800.0,210.0,2500.0,0.18,5100000.0,1.7E-5,0.032,0.032,0.0,390.0,15.0,0.0,6.8E-10,1.6E-15,2.0E7,1.0,7.5E8,
2.2E-38,0.011,3900.0,1400.0,2300.0,4700000.0,3700.0,1400.0,1800.0,210.0,2500.0,0.18,4700000.0,7.0E-5,0.031,0.031,0.0,390.0,14.0,0.0,6.8E-10,7.0E-16,1.9E7,1.0,7.5E8,
2.1E-38,0.011,3900.0,1400.0,2300.0,4400000.0,3700.0,1400.0,1800.0,210.0,2500.0,0.18,4400000.0,7.3E-5,0.03,0.03,0.0,390.0,14.0,0.0,6.8E-10,3.1E-16,1.9E7,1.0,7.4E8,
2.1E-38,0.011,3900.0,1400.0,2300.0,4099999.9999999995,3700.0,1400.0,1800.0,210.0,2500.0,0.18,4200000.0,7.5E-5,0.029,0.029,0.0,380.0,13.0,0.0,6.8E-10,1.6E-16,1.8E7,1.0,7.4E8,
2.0000000000000002E-38,0.01,3900.0,1400.0,2300.0,3899999.9999999995,3700.0,1400.0,1800.0,210.0,2500.0,0.18,3999999.9999999995,7.7E-5,0.028,0.028,0.0,380.0,13.0,0.0,6.8E-10,4.8E-17,1.8E7,1.0,7.4E8,
2.0000000000000002E-38,0.01,3900.0,1400.0,2300.0,3899999.9999999995,3700.0,1400.0,1800.0,210.0,2500.0,0.18,3999999.9999999995,7.4E-5,0.028,0.028,0.0,380.0,13.0,0.0,6.8E-10,1.4E-17,1.8E7,1.0,7.4E8,
2.0000000000000002E-38,0.01,3900.0,1400.0,2300.0,3899999.9999999995,3700.0,1400.0,1800.0,210.0,2500.0,0.18,3999999.9999999995,6.6E-5,0.028,0.028,0.0,370.0,13.0,0.0,6.9E-10,4.4E-18,1.9E7,1.0,7.4E8,
2.0000000000000002E-38,0.01,3900.0,1400.0,2300.0,3899999.9999999995,3700.0,1400.0,1800.0,210.0,2500.0,0.18,3999999.9999999995,5.6E-5,0.028,0.028,0.0,370.0,13.0,0.0,6.9E-10,1.4E-18,2.0E7,1.0,7.4E8,
2.0000000000000002E-38,0.01,3900.0,1400.0,2300.0,3899999.9999999995,3700.0,1400.0,1800.0,210.0,2500.0,0.18,3999999.9999999995,4.6E-5,0.028,0.028,0.0,370.0,13.0,0.0,7.0E-10,4.4E-19,2.1E7,1.0,7.4E8,
2.0000000000000002E-38,0.01,3900.0,1400.0,2300.0,3899999.9999999995,3700.0,1400.0,1800.0,210.0,2500.0,0.18,3999999.9999999995,3.8E-5,0.028,0.028,0.0,370.0,13.0,0.0,7.0E-10,1.6E-19,2.3E7,1.0,7.4E8,
1.4E-37,0.1,30000.0,29000.0,17000.0,5200000.0,5500.0,1400.0,1800.0,210.0,25000.0,0.18,5300000.0,0.011,0.068,0.068,0.0,410.0,24.0,6300.0,1.1E-9,1.8E-15,2.5E7,1.0,7.6E8,
3.7E-38,0.027,4400.0,4300.0,4500.0,5000000.0,5500.0,1400.0,1800.0,210.0,2300.0,0.18,5000000.0,2.9E-5,0.016,0.016,0.0,400.0,10.0,6200.0,1.0E-9,3.2E-16,2.4E7,1.0,7.5E8,
3.6E-38,0.026,4400.0,4300.0,4500.0,4600000.0,5500.0,1400.0,1800.0,210.0,2300.0,0.18,4600000.0,3.1E-5,0.015,0.015,0.0,400.0,9.8,6000.0,1.0E-9,1.4E-16,2.3E7,1.0,7.5E8,
3.6E-38,0.026,4400.0,4300.0,4500.0,4500000.0,5500.0,1400.0,1800.0,210.0,2300.0,0.18,4500000.0,3.5E-5,0.015,0.015,0.0,400.0,9.7,5700.0,1.0E-9,6.3E-17,2.2E7,1.0,7.5E8,
3.5E-38,0.026,4400.0,4300.0,4500.0,4300000.0,5500.0,1400.0,1800.0,210.0,2300.0,0.18,4400000.0,3.8E-5,0.015,0.015,0.0,400.0,9.5,5500.0,1.0E-9,3.4E-17,2.1E7,1.0,7.5E8,
3.4E-38,0.025,4400.0,4300.0,4500.0,3999999.9999999995,5400.0,1400.0,1800.0,210.0,2300.0,0.18,4099999.9999999995,4.0E-5,0.014,0.014,0.0,400.0,9.2,5400.0,1.0E-9,1.8E-17,2.0E7,1.0,7.5E8,
3.4E-38,0.025,4400.0,4300.0,4500.0,3999999.9999999995,5400.0,1400.0,1800.0,210.0,2300.0,0.18,3999999.9999999995,4.4E-5,0.014,0.014,0.0,400.0,9.1,5100.0,1.0E-9,5.6E-18,1.9E7,1.0,7.5E8,
3.4E-38,0.025,4400.0,4300.0,4500.0,3999999.9999999995,5400.0,1400.0,1800.0,210.0,2300.0,0.18,3999999.9999999995,4.6E-5,0.014,0.014,0.0,400.0,9.1,4800.0,1.0E-9,1.7E-18,1.9E7,1.0,7.5E8,
3.4E-38,0.025,4400.0,4300.0,4500.0,3999999.9999999995,5400.0,1400.0,1800.0,210.0,2300.0,0.18,3999999.9999999995,4.3E-5,0.014,0.014,0.0,390.0,9.1,4500.0,1.0E-9,5.6E-19,1.9E7,1.0,7.5E8,
3.4E-38,0.025,4400.0,4300.0,4500.0,3999999.9999999995,5400.0,1400.0,1800.0,210.0,2300.0,0.18,3999999.9999999995,3.8E-5,0.014,0.014,0.0,390.0,9.1,4200.0,1.0E-9,2.1E-19,2.0E7,1.0,7.5E8,
3.4E-38,0.025,4400.0,4300.0,4500.0,3999999.9999999995,5400.0,1400.0,1800.0,210.0,2300.0,0.18,3999999.9999999995,3.2E-5,0.014,0.014,0.0,380.0,9.1,4000.0,1.0E-9,9.6E-20,2.2E7,1.0,7.5E8,
3.4E-38,0.025,4400.0,4300.0,4500.0,3999999.9999999995,5400.0,1400.0,1800.0,210.0,2300.0,0.18,3999999.9999999995,2.7E-5,0.014,0.014,0.0,380.0,9.1,3800.0,1.1E-9,5.7E-20,2.3E7,1.0,7.5E8,
3.4E-38,0.025,4400.0,4300.0,4500.0,3999999.9999999995,5400.0,1400.0,1800.0,210.0,2300.0,0.18,3999999.9999999995,2.2E-5,0.014,0.014,0.0,380.0,9.1,3500.0,1.1E-9,4.1E-20,2.5E7,1.0,7.5E8,
3.4E-38,0.025,4400.0,4300.0,4500.0,3999999.9999999995,5400.0,1400.0,1800.0,210.0,2300.0,0.18,3999999.9999999995,1.8E-5,0.014,0.014,0.0,380.0,9.1,3300.0,1.1E-9,3.2E-20,2.6E7,1.0,7.5E8,
3.4E-38,0.025,4400.0,4300.0,4500.0,3999999.9999999995,5400.0,1400.0,1800.0,210.0,2300.0,0.18,3999999.9999999995,1.5E-5,0.014,0.014,0.0,380.0,9.1,3100.0,1.1E-9,2.6E-20,2.8E7,1.0,7.5E8,
3.4E-38,0.025,4400.0,4300.0,4500.0,3999999.9999999995,5400.0,1400.0,1800.0,210.0,2300.0,0.18,3999999.9999999995,1.8E-5,0.014,0.014,0.0,380.0,9.1,3000.0,1.1E-9,2.5E-20,2.6E7,1.0,7.5E8,
3.4E-38,0.025,4400.0,4300.0,4500.0,3999999.9999999995,5400.0,1400.0,1800.0,210.0,2300.0,0.18,3999999.9999999995,2.0E-5,0.014,0.014,0.0,380.0,9.1,2800.0,1.1E-9,2.7E-20,2.6E7,1.0,7.5E8,
3.4E-38,0.025,4400.0,4300.0,4500.0,3999999.9999999995,5400.0,1400.0,1800.0,210.0,2300.0,0.18,3999999.9999999995,2.0E-5,0.014,0.014,0.0,380.0,9.1,2600.0,1.1E-9,2.8E-20,2.6E7,1.0,7.5E8,
3.4E-38,0.025,4400.0,4300.0,4500.0,3999999.9999999995,5400.0,1400.0,1800.0,210.0,2300.0,0.18,3999999.9999999995,1.8E-5,0.014,0.014,0.0,380.0,9.1,2500.0,1.1E-9,2.8E-20,2.6E7,1.0,7.5E8,
3.4E-38,0.025,4400.0,4300.0,4500.0,3999999.9999999995,5400.0,1400.0,1800.0,210.0,2300.0,0.18,3999999.9999999995,1.6E-5,0.014,0.014,0.0,380.0,9.1,2300.0,1.1E-9,2.6E-20,2.8E7,1.0,7.5E8,
3.4E-38,0.025,4400.0,4300.0,4500.0,3999999.9999999995,5400.0,1400.0,1800.0,210.0,2300.0,0.18,3999999.9999999995,1.4E-5,0.014,0.014,0.0,370.0,9.1,2200.0,1.1E-9,2.3E-20,2.9E7,1.0,7.5E8,
3.4E-38,0.025,4400.0,4300.0,4500.0,3999999.9999999995,5400.0,1400.0,1800.0,210.0,2300.0,0.18,3999999.9999999995,1.2E-5,0.014,0.014,0.0,370.0,9.1,2100.0,1.1E-9,2.0E-20,3.0E7,1.0,7.5E8,
3.4E-38,0.025,4400.0,4300.0,4500.0,3999999.9999999995,5400.0,1400.0,1800.0,210.0,2300.0,0.18,3999999.9999999995,1.1E-5,0.014,0.014,0.0,370.0,9.1,1900.0,1.1E-9,1.8E-20,3.2E7,1.0,7.5E8,
3.4E-38,0.025,4400.0,4300.0,4500.0,3999999.9999999995,5400.0,1400.0,1800.0,210.0,2300.0,0.18,3999999.9999999995,1.2E-5,0.014,0.014,0.0,370.0,9.1,1800.0,1.1E-9,1.6E-20,3.1E7,1.0,7.5E8,
3.4E-38,0.025,4400.0,4300.0,4500.0,3999999.9999999995,5400.0,1400.0,1800.0,210.0,2300.0,0.18,3999999.9999999995,1.4E-5,0.014,0.014,0.0,370.0,9.1,1700.0,1.1E-9,1.8E-20,2.9E7,1.0,7.5E8,
3.4E-38,0.025,4400.0,4300.0,4500.0,3999999.9999999995,5400.0,1400.0,1800.0,210.0,2300.0,0.18,3999999.9999999995,1.5E-5,0.014,0.014,0.0,360.0,9.1,1600.0,1.1E-9,2.1E-20,2.8E7,1.0,7.5E8,
3.4E-38,0.025,4400.0,4300.0,4500.0,3999999.9999999995,5400.0,1400.0,1800.0,210.0,2300.0,0.18,3999999.9999999995,1.4E-5,0.014,0.014,0.0,360.0,9.1,1500.0,1.1E-9,2.1E-20,2.9E7,1.0,7.5E8,
3.4E-38,0.025,4400.0,4300.0,4500.0,3999999.9999999995,5400.0,1400.0,1800.0,210.0,2300.0,0.18,3999999.9999999995,1.3E-5,0.014,0.014,0.0,360.0,9.1,1400.0,1.1E-9,2.1E-20,3.0E7,1.0,7.5E8,
3.4E-38,0.025,4400.0,4300.0,4500.0,3999999.9999999995,5400.0,1400.0,1800.0,210.0,2300.0,0.18,3999999.9999999995,1.2E-5,0.014,0.014,0.0,360.0,9.1,1400.0,1.1E-9,1.9E-20,3.1E7,1.0,7.5E8,
3.4E-38,0.025,4400.0,4300.0,4500.0,3999999.9999999995,5400.0,1400.0,1800.0,210.0,2300.0,0.18,3999999.9999999995,1.0E-5,0.014,0.014,0.0,350.0,9.1,1300.0,1.1E-9,1.7E-20,3.2E7,1.0,7.5E8,
1.9E-37,0.12,15000.0,83000.0,14000.0,5100000.0,11000.0,1400.0,1800.0,210.0,2300.0,0.18,5200000.0,1.9E-5,0.12,0.12,0.0,390.0,17.0,1200.0,2.6E-9,1.8E-14,3.3E7,1.0,7.6E8,
1.6000000000000001E-38,0.01,2900.0,2500.0,1100.0,5100000.0,3100.0,1400.0,1800.0,210.0,2300.0,0.18,5100000.0,7.8E-6,0.054,0.054,0.0,390.0,5.5,1200.0,2.6E-9,6.8E-16,3.1E7,1.0,7.6E8,
1.5000000000000002E-38,0.01,2900.0,2500.0,1100.0,4800000.0,3100.0,1400.0,1800.0,210.0,2300.0,0.18,4800000.0,8.8E-6,0.052,0.052,0.0,390.0,5.3,1100.0,2.6E-9,3.6E-16,2.9E7,1.0,7.6E8,
2.2E-38,0.011,6400.0,1200.0,6300.0,5100000.0,3100.0,1400.0,1800.0,210.0,2300.0,0.18,5100000.0,1.3E-5,0.046,0.046,0.0,380.0,7.0,1100.0,3.0E-9,1.9E-16,2.7E7,1.0,7.6E8,
2.2E-38,0.011,6400.0,1200.0,6300.0,4900000.0,3100.0,1400.0,1800.0,210.0,2300.0,0.18,4900000.0,1.6E-5,0.045,0.045,0.0,390.0,6.8,1000.0,3.0E-9,6.8E-17,2.5E7,1.0,7.6E8,
2.1E-38,0.011,6400.0,1200.0,6300.0,4700000.0,3100.0,1400.0,1800.0,210.0,2300.0,0.18,4700000.0,1.9E-5,0.044,0.044,0.0,390.0,6.7,1000.0,3.0E-9,3.0E-17,2.4E7,1.0,7.6E8,
2.1E-38,0.011,6400.0,1200.0,6300.0,4500000.0,3100.0,1400.0,1800.0,210.0,2300.0,0.18,4500000.0,2.1E-5,0.043,0.043,0.0,390.0,6.6,970.0,3.0E-9,1.6E-17,2.3E7,1.0,7.5E8,
2.1E-38,0.011,6400.0,1200.0,6300.0,4300000.0,3100.0,1400.0,1800.0,210.0,2300.0,0.18,4400000.0,2.4E-5,0.042,0.042,0.0,390.0,6.5,920.0,3.0E-9,6.0E-18,2.2E7,1.0,7.5E8,
2.0000000000000002E-38,0.01,6300.0,1200.0,6300.0,4099999.9999999995,3100.0,1400.0,1800.0,210.0,2300.0,0.18,4099999.9999999995,2.4E-5,0.04,0.04,0.0,380.0,6.3,900.0,2.9E-9,3.9E-18,2.1E7,1.0,7.5E8,
2.0000000000000002E-38,0.01,6300.0,1200.0,6300.0,3999999.9999999995,3100.0,1400.0,1800.0,210.0,2300.0,0.18,3999999.9999999995,2.7E-5,0.04,0.04,0.0,380.0,6.3,860.0,2.9E-9,1.5E-18,2.0E7,1.0,7.5E8,
2.0000000000000002E-38,0.01,6300.0,1200.0,6300.0,3999999.9999999995,3000.0,1400.0,1800.0,210.0,2300.0,0.18,3999999.9999999995,2.7E-5,0.04,0.04,0.0,380.0,6.2,810.0,3.0E-9,5.3E-19,2.0E7,1.0,7.5E8,
2.0000000000000002E-38,0.01,6300.0,1200.0,6300.0,3999999.9999999995,3000.0,1400.0,1800.0,210.0,2300.0,0.18,3999999.9999999995,2.5E-5,0.04,0.04,0.0,370.0,6.2,760.0,3.0E-9,2.3E-19,2.1E7,1.0,7.5E8,
2.0000000000000002E-38,0.01,6300.0,1200.0,6300.0,3999999.9999999995,3000.0,1400.0,1800.0,210.0,2300.0,0.18,3999999.9999999995,2.2E-5,0.04,0.04,0.0,360.0,6.2,720.0,3.0E-9,1.3E-19,2.2E7,1.0,7.5E8,
2.0000000000000002E-38,0.01,6300.0,1200.0,6300.0,3999999.9999999995,3000.0,1400.0,1800.0,210.0,2300.0,0.18,3999999.9999999995,1.8E-5,0.04,0.04,0.0,360.0,6.2,680.0,3.0E-9,9.5E-20,2.3E7,1.0,7.5E8,
2.0000000000000002E-38,0.01,6300.0,1200.0,6300.0,3999999.9999999995,3000.0,1400.0,1800.0,210.0,2300.0,0.18,3999999.9999999995,1.5E-5,0.04,0.04,0.0,360.0,6.2,640.0,3.0E-9,7.5E-20,2.5E7,1.0,7.5E8,
2.0000000000000002E-38,0.01,6300.0,1200.0,6300.0,3999999.9999999995,3000.0,1400.0,1800.0,210.0,2300.0,0.18,3999999.9999999995,1.3E-5,0.04,0.04,0.0,360.0,6.2,600.0,3.0E-9,6.2E-20,2.6E7,1.0,7.5E8,
2.0000000000000002E-38,0.01,6300.0,1200.0,6300.0,3999999.9999999995,3000.0,1400.0,1800.0,210.0,2300.0,0.18,3999999.9999999995,1.1E-5,0.04,0.04,0.0,360.0,6.2,560.0,3.1E-9,5.2E-20,2.8E7,1.0,7.5E8,
2.0000000000000002E-38,0.01,6300.0,1200.0,6300.0,3999999.9999999995,3000.0,1400.0,1800.0,210.0,2300.0,0.18,3999999.9999999995,1.1E-5,0.04,0.04,0.0,360.0,6.2,530.0,3.1E-9,4.5E-20,2.8E7,1.0,7.5E8,
2.0000000000000002E-38,0.01,6300.0,1200.0,6300.0,3999999.9999999995,3000.0,1400.0,1800.0,210.0,2300.0,0.17,3999999.9999999995,1.3E-5,0.04,0.04,0.0,350.0,6.2,500.0,3.1E-9,4.8E-20,2.6E7,1.0,7.4E8,
2.0000000000000002E-38,0.01,6300.0,1200.0,6300.0,3899999.9999999995,3000.0,1400.0,1800.0,210.0,2300.0,0.17,3999999.9999999995,1.5E-5,0.04,0.04,0.0,350.0,6.2,480.0,3.1E-9,5.5E-20,2.5E7,1.0,7.4E8,
2.0000000000000002E-38,0.01,6300.0,1200.0,6300.0,3899999.9999999995,3000.0,1400.0,1800.0,210.0,2300.0,0.17,3999999.9999999995,1.6E-5,0.04,0.04,0.0,350.0,6.2,450.0,3.1E-9,6.3E-20,2.4E7,1.0,7.4E8,
2.0000000000000002E-38,0.01,6300.0,1200.0,6300.0,3899999.9999999995,3000.0,1400.0,1800.0,210.0,2300.0,0.17,3999999.9999999995,1.6E-5,0.04,0.04,0.0,350.0,6.2,420.0,3.1E-9,6.6E-20,2.4E7,1.0,7.4E8,
2.0000000000000002E-38,0.01,6300.0,1200.0,6300.0,3899999.9999999995,3000.0,1400.0,1800.0,210.0,2300.0,0.17,3999999.9999999995,1.4E-5,0.04,0.04,0.0,350.0,6.2,400.0,3.1E-9,6.4E-20,2.5E7,1.0,7.4E8,
2.0000000000000002E-38,0.01,6300.0,1200.0,6300.0,3899999.9999999995,3000.0,1400.0,1800.0,210.0,2300.0,0.17,3999999.9999999995,1.3E-5,0.04,0.04,0.0,350.0,6.2,380.0,3.2E-9,5.9E-20,2.6E7,1.0,7.4E8,
2.0000000000000002E-38,0.01,6300.0,1200.0,6300.0,3899999.9999999995,3000.0,1400.0,1800.0,210.0,2300.0,0.17,3999999.9999999995,1.1E-5,0.04,0.04,0.0,350.0,6.2,350.0,3.2E-9,5.2E-20,2.8E7,1.0,7.4E8,
4.0000000000000004E-38,0.033,25000.0,4700.0,20000.0,5100000.0,3000.0,1300.0,1800.0,210.0,2300.0,0.18,5100000.0,1.5E-5,0.043,0.043,0.0,380.0,15.0,2900.0,4.1E-9,4.1E-16,2.7E7,1.0,7.6E8,
1.6000000000000001E-38,0.013,2200.0,4700.0,2000.0,4700000.0,3000.0,1300.0,1800.0,200.0,2300.0,0.18,4700000.0,9.5E-6,0.034,0.034,0.0,380.0,4.1,2800.0,4.0E-9,7.2E-17,2.5E7,1.0,7.6E8,
1.5000000000000002E-38,0.012,2200.0,4600.0,2000.0,4500000.0,3000.0,1300.0,1800.0,200.0,2300.0,0.18,4500000.0,1.0E-5,0.033,0.033,0.0,370.0,3.9,2700.0,4.0E-9,3.9E-17,2.4E7,1.0,7.5E8,
1.5000000000000002E-38,0.012,2200.0,4600.0,2000.0,4200000.0,3000.0,1300.0,1800.0,200.0,2300.0,0.17,4200000.0,1.1E-5,0.031,0.031,0.0,370.0,3.7,2600.0,4.0E-9,2.1E-17,2.3E7,1.0,7.5E8,
1.4E-38,0.012,2200.0,4600.0,2000.0,3999999.9999999995,3000.0,1300.0,1800.0,200.0,2300.0,0.17,3999999.9999999995,1.2E-5,0.03,0.03,0.0,370.0,3.6,2500.0,4.0E-9,9.1E-18,2.2E7,1.0,7.5E8,
1.4E-38,0.012,2200.0,4600.0,2000.0,3999999.9999999995,3000.0,1300.0,1800.0,200.0,2300.0,0.17,3999999.9999999995,1.3E-5,0.03,0.03,0.0,370.0,3.6,2300.0,4.0E-9,2.8E-18,2.1E7,1.0,7.5E8,
1.4E-38,0.012,2200.0,4600.0,2000.0,3999999.9999999995,3000.0,1300.0,1800.0,200.0,2300.0,0.17,3999999.9999999995,1.3E-5,0.03,0.03,0.0,360.0,3.6,2200.0,4.1E-9,8.9E-19,2.2E7,1.0,7.5E8,
1.4E-38,0.012,2200.0,4600.0,2000.0,3999999.9999999995,3000.0,1300.0,1800.0,200.0,2300.0,0.17,3999999.9999999995,1.2E-5,0.03,0.03,0.0,360.0,3.6,2100.0,4.1E-9,3.1E-19,2.2E7,1.0,7.5E8,
2.4E-37,0.14,1200.0,110000.0,2800.0,5200000.0,3000.0,1300.0,1800.0,200.0,2300.0,0.18,5300000.0,5.4,0.073,0.073,0.0,400.0,7.7,18000.0,6.1E-9,3.4E-13,2.3E7,1.0,7.7E8,
1.1E-37,0.064,1200.0,48000.0,2800.0,5200000.0,3000.0,1300.0,1700.0,200.0,2300.0,0.18,5200000.0,4.7E-5,0.048,0.048,0.0,400.0,13.0,17000.0,6.1E-9,5.9E-14,2.2E7,1.0,7.7E8,
1.6000000000000001E-38,0.0089,1200.0,61.0,2800.0,4900000.0,3000.0,1300.0,1700.0,200.0,2300.0,0.17,4900000.0,5.0E-5,0.029,0.029,0.0,400.0,12.0,16000.0,6.1E-9,3.6E-15,2.1E7,1.0,7.6E8,
1.5000000000000002E-38,0.0083,1200.0,61.0,2800.0,4400000.0,3000.0,1300.0,1700.0,200.0,2300.0,0.17,4400000.0,5.0E-5,0.027,0.027,0.0,400.0,12.0,16000.0,6.0E-9,2.3E-15,2.0E7,1.0,7.6E8,
1.4E-38,0.0079,1200.0,61.0,2800.0,3999999.9999999995,3000.0,1300.0,1700.0,200.0,2200.0,0.17,3999999.9999999995,5.3E-5,0.025,0.025,0.0,400.0,11.0,15000.0,6.0E-9,6.5E-16,2.0E7,1.0,7.6E8,
1.4E-38,0.0079,1200.0,61.0,2800.0,3999999.9999999995,3000.0,1300.0,1700.0,200.0,2200.0,0.17,3999999.9999999995,5.3E-5,0.025,0.025,0.0,400.0,11.0,14000.0,6.0E-9,2.0E-16,2.0E7,1.0,7.6E8,
1.4E-38,0.0079,1200.0,61.0,2800.0,3999999.9999999995,3000.0,1300.0,1700.0,200.0,2200.0,0.17,3999999.9999999995,4.7E-5,0.025,0.025,0.0,400.0,11.0,13000.0,6.0E-9,6.0E-17,2.0E7,1.0,7.6E8,
1.4E-38,0.0079,1200.0,61.0,2800.0,3999999.9999999995,3000.0,1300.0,1700.0,200.0,2200.0,0.17,3999999.9999999995,4.1E-5,0.025,0.025,0.0,400.0,11.0,12000.0,6.1E-9,1.8E-17,2.2E7,1.0,7.6E8,
2.6E-38,0.016,720.0,3100.0,5900.0,5200000.0,3000.0,1300.0,1700.0,200.0,2200.0,0.17,5200000.0,9.0E-5,0.036,0.036,0.0,420.0,24.0,12000.0,7.4E-9,1.2E-14,2.2E7,1.0,7.7E8,
2.6E-38,0.016,720.0,3100.0,5900.0,5100000.0,3000.0,1300.0,1700.0,200.0,2200.0,0.17,5100000.0,1.0E-4,0.036,0.036,0.0,420.0,24.0,11000.0,7.4E-9,3.7E-15,2.1E7,1.0,7.7E8,
2.5E-38,0.016,720.0,3100.0,5800.0,4900000.0,3000.0,1300.0,1700.0,200.0,2200.0,0.17,4900000.0,1.1E-4,0.035,0.035,0.0,410.0,23.0,11000.0,7.4E-9,2.0E-15,2.0E7,1.0,7.7E8,
2.5E-38,0.015,720.0,3100.0,5800.0,4700000.0,3000.0,1300.0,1700.0,200.0,2200.0,0.17,4800000.0,1.2E-4,0.034,0.034,0.0,420.0,23.0,10000.0,7.4E-9,7.2E-16,1.9E7,1.0,7.7E8,
2.4E-38,0.015,720.0,3100.0,5800.0,4200000.0,3000.0,1300.0,1700.0,200.0,2200.0,0.17,4200000.0,1.2E-4,0.032,0.032,0.0,420.0,22.0,10000.0,7.4E-9,3.1E-16,1.9E7,1.0,7.6E8,
2.4E-38,0.015,720.0,3100.0,5800.0,3999999.9999999995,3000.0,1300.0,1700.0,200.0,2200.0,0.17,3999999.9999999995,1.3E-4,0.031,0.031,0.0,420.0,21.0,9600.0,7.4E-9,1.4E-16,1.8E7,1.0,7.6E8,
2.4E-38,0.015,720.0,3100.0,5800.0,3999999.9999999995,3000.0,1300.0,1700.0,200.0,2200.0,0.17,3999999.9999999995,1.3E-4,0.031,0.031,0.0,420.0,21.0,9000.0,7.4E-9,4.3E-17,1.8E7,1.0,7.6E8,
1.4E-38,0.012,2100.0,690.0,3600.0,5100000.0,3000.0,1300.0,1700.0,200.0,2200.0,0.17,5100000.0,8.5E-5,0.032,0.032,0.0,430.0,15.0,8600.0,8.1E-9,8.5E-15,1.9E7,1.0,7.7E8,
1.3E-38,0.012,2100.0,680.0,3600.0,4700000.0,3000.0,1300.0,1700.0,200.0,2200.0,0.17,4700000.0,8.2E-5,0.031,0.031,0.0,420.0,14.0,8600.0,8.0E-9,8.2E-15,1.8E7,1.0,7.7E8,
1.5000000000000002E-38,0.0091,3300.0,2500.0,180.0,5000000.0,3000.0,1300.0,1700.0,200.0,2200.0,0.17,5000000.0,3.7E-5,0.031,0.031,0.0,410.0,6.0,8300.0,8.4E-9,9.4E-16,1.8E7,1.0,7.7E8,
1.4E-38,0.0089,3300.0,2500.0,180.0,4900000.0,3000.0,1300.0,1700.0,200.0,2200.0,0.17,4900000.0,3.7E-5,0.031,0.031,0.0,410.0,5.8,8000.0,8.3E-9,4.2E-16,1.8E7,1.0,7.7E8,
1.3E-38,0.0084,3300.0,2500.0,180.0,4400000.0,3000.0,1300.0,1700.0,200.0,2200.0,0.17,4400000.0,3.5E-5,0.029,0.029,0.0,410.0,5.3,7600.0,8.3E-9,1.8E-16,1.8E7,1.0,7.6E8,
1.3E-38,0.0079,3300.0,2500.0,180.0,3999999.9999999995,3000.0,1300.0,1700.0,200.0,2200.0,0.17,3999999.9999999995,3.3E-5,0.027,0.027,0.0,410.0,4.9,7400.0,8.3E-9,9.1E-17,1.7E7,1.0,7.6E8,
1.3E-38,0.0079,3300.0,2500.0,180.0,3999999.9999999995,3000.0,1300.0,1700.0,200.0,2200.0,0.17,3999999.9999999995,3.2E-5,0.027,0.027,0.0,400.0,4.9,7000.0,8.3E-9,2.8E-17,1.8E7,1.0,7.6E8,
1.3E-38,0.0079,3300.0,2500.0,180.0,3999999.9999999995,3000.0,1300.0,1700.0,200.0,2200.0,0.17,3999999.9999999995,2.8E-5,0.027,0.027,0.0,390.0,4.9,6600.0,8.3E-9,8.6E-18,1.8E7,1.0,7.6E8,
1.3E-38,0.0079,3300.0,2500.0,180.0,3999999.9999999995,3000.0,1300.0,1700.0,200.0,2200.0,0.17,3999999.9999999995,2.4E-5,0.027,0.027,0.0,390.0,4.9,6200.0,8.3E-9,2.8E-18,2.0E7,1.0,7.6E8,
1.3E-38,0.0079,3300.0,2500.0,180.0,3999999.9999999995,3000.0,1300.0,1700.0,200.0,2200.0,0.17,3999999.9999999995,1.9E-5,0.027,0.027,0.0,390.0,4.9,5800.0,8.4E-9,1.0E-18,2.1E7,1.0,7.6E8,
1.3E-38,0.0079,3300.0,2500.0,180.0,3999999.9999999995,3000.0,1300.0,1700.0,200.0,2200.0,0.17,3999999.9999999995,1.6E-5,0.027,0.027,0.0,390.0,4.9,5500.0,8.4E-9,4.3E-19,2.3E7,1.0,7.6E8,
1.3E-38,0.0079,3300.0,2500.0,180.0,3999999.9999999995,3000.0,1300.0,1700.0,200.0,2200.0,0.17,3999999.9999999995,1.3E-5,0.027,0.027,0.0,380.0,4.9,5200.0,8.4E-9,2.4E-19,2.4E7,1.0,7.6E8,
1.3E-38,0.0079,3300.0,2500.0,180.0,3999999.9999999995,3000.0,1300.0,1700.0,200.0,2200.0,0.17,3999999.9999999995,1.1E-5,0.027,0.027,0.0,380.0,4.9,4900.0,8.4E-9,1.6E-19,2.6E7,1.0,7.6E8,
1.3E-38,0.0079,3300.0,2500.0,180.0,3999999.9999999995,3000.0,1300.0,1700.0,200.0,2200.0,0.17,3999999.9999999995,9.0E-6,0.027,0.027,0.0,370.0,4.9,4600.0,8.5E-9,1.2E-19,2.8E7,1.0,7.6E8,
1.3E-38,0.0079,3300.0,2500.0,180.0,3999999.9999999995,3000.0,1300.0,1700.0,200.0,2200.0,0.17,3999999.9999999995,1.1E-5,0.027,0.027,0.0,370.0,4.9,4300.0,8.5E-9,1.2E-19,2.6E7,1.0,7.6E8,
1.3E-38,0.0079,3300.0,2500.0,180.0,3999999.9999999995,3000.0,1300.0,1700.0,200.0,2200.0,0.17,3999999.9999999995,1.2E-5,0.027,0.027,0.0,370.0,4.9,4100.0,8.5E-9,1.3E-19,2.5E7,1.0,7.6E8,
1.3E-38,0.0079,3300.0,2500.0,180.0,3999999.9999999995,3000.0,1300.0,1700.0,200.0,2200.0,0.17,3999999.9999999995,1.1E-5,0.027,0.027,0.0,370.0,4.9,3800.0,8.5E-9,1.3E-19,2.6E7,1.0,7.6E8,
1.3E-38,0.0079,3300.0,2500.0,180.0,3999999.9999999995,3000.0,1300.0,1700.0,200.0,2200.0,0.17,3999999.9999999995,1.0E-5,0.027,0.027,0.0,370.0,4.9,3600.0,8.6E-9,1.2E-19,2.6E7,1.0,7.6E8,
1.3E-38,0.0079,3300.0,2500.0,180.0,3999999.9999999995,3000.0,1300.0,1700.0,200.0,2200.0,0.17,3999999.9999999995,9.0E-6,0.027,0.027,0.0,370.0,4.9,3400.0,8.6E-9,1.1E-19,2.8E7,1.0,7.6E8,
1.3E-38,0.0079,3300.0,2500.0,180.0,3999999.9999999995,3000.0,1300.0,1700.0,200.0,2200.0,0.17,3999999.9999999995,7.8E-6,0.027,0.027,0.0,360.0,4.9,3200.0,8.6E-9,1.0E-19,2.9E7,1.0,7.6E8,
1.3E-38,0.0079,3300.0,2500.0,180.0,3999999.9999999995,3000.0,1300.0,1700.0,200.0,2200.0,0.17,3999999.9999999995,6.7E-6,0.027,0.027,0.0,360.0,4.9,3000.0,8.7E-9,8.7E-20,3.1E7,1.0,7.6E8,
1.3E-38,0.0079,3300.0,2500.0,180.0,3999999.9999999995,3000.0,1300.0,1700.0,200.0,2200.0,0.17,3999999.9999999995,5.8E-6,0.027,0.027,0.0,350.0,4.9,2800.0,8.7E-9,7.6E-20,3.2E7,1.0,7.6E8,
1.3E-38,0.0079,3300.0,2500.0,180.0,3999999.9999999995,3000.0,1300.0,1700.0,200.0,2200.0,0.17,3999999.9999999995,6.7E-6,0.027,0.027,0.0,350.0,4.9,2700.0,8.7E-9,7.2E-20,3.1E7,1.0,7.6E8,
1.3E-38,0.0079,3300.0,2500.0,180.0,3999999.9999999995,3000.0,1300.0,1700.0,200.0,2200.0,0.17,3999999.9999999995,7.9E-6,0.027,0.027,0.0,350.0,4.9,2500.0,8.8E-9,8.2E-20,2.9E7,1.0,7.6E8,
1.3E-38,0.0079,3300.0,2500.0,180.0,3999999.9999999995,3000.0,1300.0,1700.0,200.0,2200.0,0.17,3999999.9999999995,8.2E-6,0.027,0.027,0.0,340.0,4.9,2400.0,8.8E-9,9.0E-20,2.9E7,1.0,7.6E8,
1.3E-38,0.0079,3300.0,2500.0,180.0,3999999.9999999995,3000.0,1300.0,1700.0,200.0,2200.0,0.17,3999999.9999999995,7.8E-6,0.027,0.027,0.0,340.0,4.9,2200.0,8.8E-9,9.2E-20,2.9E7,1.0,7.6E8,
1.3E-38,0.0079,3300.0,2500.0,180.0,3999999.9999999995,3000.0,1300.0,1700.0,200.0,2200.0,0.17,3999999.9999999995,7.1E-6,0.027,0.027,0.0,340.0,4.9,2100.0,8.8E-9,8.8E-20,3.0E7,1.0,7.6E8,
1.3E-38,0.0079,3300.0,2500.0,180.0,3999999.9999999995,3000.0,1300.0,1700.0,200.0,2200.0,0.17,3999999.9999999995,6.3E-6,0.027,0.027,0.0,340.0,4.9,2000.0,8.9E-9,8.1E-20,3.1E7,1.0,7.6E8,
1.3E-38,0.0079,3300.0,2500.0,180.0,3999999.9999999995,3000.0,1300.0,1700.0,200.0,2200.0,0.17,3999999.9999999995,5.6E-6,0.027,0.027,0.0,330.0,4.9,1900.0,8.9E-9,7.2E-20,3.3E7,1.0,7.6E8,
1.3E-38,0.0079,3300.0,2500.0,180.0,3999999.9999999995,3000.0,1300.0,1700.0,200.0,2200.0,0.17,3999999.9999999995,4.9E-6,0.027,0.027,0.0,330.0,4.9,1800.0,8.9E-9,6.4E-20,3.5E7,1.0,7.6E8,
1.3E-38,0.0079,3300.0,2500.0,180.0,3999999.9999999995,3000.0,1300.0,1700.0,200.0,2200.0,0.17,3999999.9999999995,5.0E-6,0.027,0.027,0.0,330.0,4.9,1700.0,9.0E-9,5.8E-20,3.4E7,1.0,7.6E8,
1.3E-38,0.0079,3300.0,2500.0,180.0,3999999.9999999995,3000.0,1300.0,1700.0,200.0,2200.0,0.17,3999999.9999999995,6.3E-6,0.027,0.027,0.0,330.0,4.9,1600.0,9.0E-9,6.6E-20,3.2E7,1.0,7.6E8,
1.3E-38,0.0079,3300.0,2500.0,180.0,3999999.9999999995,3000.0,1300.0,1700.0,200.0,2200.0,0.17,3999999.9999999995,6.9E-6,0.027,0.027,0.0,330.0,4.8,1500.0,8.9E-9,7.5E-20,3.0E7,1.0,7.5E8,
1.3E-38,0.0079,3300.0,2500.0,180.0,3999999.9999999995,3000.0,1300.0,1700.0,200.0,2200.0,0.17,3999999.9999999995,8.7E-6,0.027,0.027,0.0,320.0,4.8,1400.0,9.0E-9,9.0E-20,2.8E7,1.0,7.5E8,
1.3E-38,0.0079,3300.0,2500.0,180.0,3999999.9999999995,3000.0,1300.0,1700.0,200.0,2200.0,0.17,3999999.9999999995,9.6E-6,0.027,0.027,0.0,320.0,4.8,1300.0,9.0E-9,1.0E-19,2.7E7,1.0,7.5E8,
1.3E-38,0.0079,3300.0,2500.0,180.0,3999999.9999999995,3000.0,1300.0,1700.0,200.0,2200.0,0.17,3999999.9999999995,9.4E-6,0.027,0.027,0.0,320.0,4.8,1200.0,9.0E-9,1.1E-19,2.7E7,1.0,7.5E8,
1.3E-38,0.0079,3300.0,2500.0,180.0,3999999.9999999995,3000.0,1300.0,1700.0,200.0,2200.0,0.17,3999999.9999999995,8.7E-6,0.027,0.027,0.0,320.0,4.8,1200.0,9.1E-9,1.1E-19,2.8E7,1.0,7.5E8,
1.3E-38,0.0079,3300.0,2500.0,180.0,3999999.9999999995,3000.0,1300.0,1700.0,200.0,2200.0,0.17,3999999.9999999995,7.8E-6,0.027,0.027,0.0,310.0,4.8,1100.0,9.1E-9,1.0E-19,2.9E7,1.0,7.5E8,
1.3E-38,0.0079,3300.0,2500.0,180.0,3999999.9999999995,3000.0,1300.0,1700.0,200.0,2200.0,0.17,3999999.9999999995,6.8E-6,0.027,0.027,0.0,310.0,4.8,1000.0,9.1E-9,9.1E-20,3.0E7,1.0,7.5E8,
1.3E-38,0.0079,3300.0,2500.0,180.0,3999999.9999999995,3000.0,1300.0,1700.0,200.0,2200.0,0.17,3999999.9999999995,5.9E-6,0.027,0.027,0.0,310.0,4.8,970.0,9.2E-9,8.1E-20,3.2E7,1.0,7.5E8,
5.7E-38,0.037,16000.0,31000.0,12000.0,5200000.0,10000.0,6400.0,4000.0,1300.0,9800.0,0.17,5300000.0,5.4E-5,0.2,0.2,0.0,440.0,17.0,2700.0,2.7E-8,8.5E-16,3.4E7,1.0,7.8E8,
1.6000000000000001E-38,0.01,3000.0,3300.0,4900.0,5200000.0,2500.0,6400.0,4000.0,1300.0,2300.0,0.17,5200000.0,1.4E-5,0.084,0.084,0.0,440.0,9.8,2500.0,2.7E-8,8.7E-17,3.1E7,1.0,7.8E8,
1.6000000000000001E-38,0.01,3000.0,3300.0,4900.0,4900000.0,2500.0,6400.0,4000.0,1300.0,2300.0,0.17,4900000.0,1.6E-5,0.081,0.081,0.0,440.0,9.5,2500.0,2.7E-8,4.7E-17,2.9E7,1.0,7.7E8,
1.5000000000000002E-38,0.01,3000.0,3300.0,4900.0,4700000.0,2500.0,6400.0,4000.0,1300.0,2300.0,0.17,4700000.0,2.0E-5,0.079,0.079,0.0,440.0,9.3,2300.0,2.7E-8,1.7E-17,2.7E7,1.0,7.7E8,
1.5000000000000002E-38,0.0099,3000.0,3300.0,4900.0,4600000.0,2500.0,6400.0,4000.0,1300.0,2300.0,0.17,4700000.0,2.4E-5,0.078,0.078,0.0,440.0,9.2,2200.0,2.7E-8,6.9E-18,2.5E7,1.0,7.7E8,
1.5000000000000002E-38,0.0099,3000.0,3300.0,4900.0,4600000.0,2500.0,6400.0,4000.0,1300.0,2300.0,0.17,4600000.0,2.8E-5,0.078,0.078,0.0,440.0,9.2,2100.0,2.7E-8,3.1E-18,2.3E7,1.0,7.7E8,
1.5000000000000002E-38,0.0097,3000.0,3300.0,4900.0,4300000.0,2500.0,6300.0,4000.0,1300.0,2300.0,0.17,4300000.0,2.9E-5,0.075,0.075,0.0,450.0,8.9,2100.0,2.7E-8,2.4E-18,2.3E7,1.0,7.7E8,
1.4E-38,0.0094,3000.0,3300.0,4900.0,3999999.9999999995,2500.0,6300.0,4000.0,1300.0,2300.0,0.17,4099999.9999999995,3.2E-5,0.072,0.072,0.0,440.0,8.6,2000.0,2.7E-8,1.6E-18,2.2E7,1.0,7.7E8,
1.4E-38,0.0094,3000.0,3300.0,4900.0,3999999.9999999995,2500.0,6300.0,4000.0,1300.0,2300.0,0.17,4099999.9999999995,3.3E-5,0.072,0.072,0.0,440.0,8.6,1900.0,2.7E-8,1.3E-18,2.2E7,1.0,7.7E8,
1.4E-38,0.0094,3000.0,3300.0,4900.0,3999999.9999999995,2500.0,6300.0,4000.0,1300.0,2300.0,0.17,4099999.9999999995,3.1E-5,0.072,0.072,0.0,440.0,8.6,1800.0,2.7E-8,1.2E-18,2.2E7,1.0,7.7E8,
1.4E-38,0.0094,3000.0,3300.0,4900.0,3999999.9999999995,2500.0,6300.0,4000.0,1300.0,2300.0,0.17,4099999.9999999995,2.7E-5,0.072,0.072,0.0,440.0,8.6,1700.0,2.7E-8,1.1E-18,2.3E7,1.0,7.7E8,
1.4E-38,0.0094,3000.0,3300.0,4900.0,3999999.9999999995,2500.0,6300.0,4000.0,1300.0,2300.0,0.17,4099999.9999999995,2.3E-5,0.072,0.072,0.0,440.0,8.6,1600.0,2.8E-8,9.4E-19,2.4E7,1.0,7.7E8,
1.4E-38,0.0094,3000.0,3300.0,4900.0,3999999.9999999995,2500.0,6300.0,4000.0,1300.0,2300.0,0.17,4099999.9999999995,1.9E-5,0.072,0.072,0.0,440.0,8.6,1500.0,2.8E-8,8.1E-19,2.6E7,1.0,7.7E8,
1.4E-38,0.0094,3000.0,3300.0,4900.0,3999999.9999999995,2500.0,6300.0,4000.0,1300.0,2300.0,0.17,4099999.9999999995,1.6E-5,0.072,0.072,0.0,430.0,8.6,1400.0,2.8E-8,6.9E-19,2.8E7,1.0,7.7E8,
1.4E-38,0.0094,3000.0,3300.0,4900.0,3999999.9999999995,2500.0,6300.0,4000.0,1300.0,2300.0,0.17,4099999.9999999995,1.4E-5,0.072,0.072,0.0,430.0,8.6,1300.0,2.8E-8,5.9E-19,2.9E7,1.0,7.7E8,
1.4E-38,0.0094,3000.0,3300.0,4900.0,3999999.9999999995,2500.0,6300.0,4000.0,1300.0,2300.0,0.17,4099999.9999999995,1.4E-5,0.072,0.072,0.0,430.0,8.6,1200.0,2.8E-8,5.1E-19,2.9E7,1.0,7.7E8,
1.4E-38,0.0094,3000.0,3300.0,4900.0,3999999.9999999995,2500.0,6300.0,4000.0,1300.0,2300.0,0.17,4099999.9999999995,1.7E-5,0.072,0.072,0.0,430.0,8.6,1200.0,2.8E-8,5.5E-19,2.8E7,1.0,7.7E8,
1.4E-38,0.0094,3000.0,3300.0,4900.0,3999999.9999999995,2500.0,6300.0,4000.0,1300.0,2300.0,0.17,4099999.9999999995,1.7E-5,0.072,0.072,0.0,420.0,8.6,1100.0,2.8E-8,6.1E-19,2.7E7,1.0,7.7E8,
1.4E-38,0.0094,3000.0,3300.0,4900.0,3999999.9999999995,2500.0,6300.0,4000.0,1300.0,2300.0,0.17,4099999.9999999995,1.7E-5,0.072,0.072,0.0,420.0,8.6,1000.0,2.8E-8,6.2E-19,2.7E7,1.0,7.7E8,
1.4E-38,0.0094,3000.0,3300.0,4900.0,3999999.9999999995,2500.0,6300.0,4000.0,1300.0,2300.0,0.17,4099999.9999999995,1.5E-5,0.072,0.072,0.0,420.0,8.6,970.0,2.8E-8,6.0E-19,2.8E7,1.0,7.7E8,
1.4E-38,0.0094,3000.0,3300.0,4900.0,3999999.9999999995,2500.0,6300.0,4000.0,1300.0,2300.0,0.17,4099999.9999999995,1.3E-5,0.072,0.072,0.0,420.0,8.6,910.0,2.8E-8,5.5E-19,3.0E7,1.0,7.7E8,
1.4E-38,0.0094,3000.0,3300.0,4900.0,3999999.9999999995,2500.0,6300.0,4000.0,1300.0,2300.0,0.17,4099999.9999999995,1.2E-5,0.072,0.072,0.0,420.0,8.6,860.0,2.9E-8,4.9E-19,3.1E7,1.0,7.7E8,
1.4E-38,0.0094,3000.0,3300.0,4900.0,3999999.9999999995,2500.0,6300.0,4000.0,1300.0,2300.0,0.17,4099999.9999999995,1.0E-5,0.072,0.072,0.0,410.0,8.6,810.0,2.9E-8,4.3E-19,3.3E7,1.0,7.7E8,
1.4E-38,0.0094,3000.0,3300.0,4900.0,3999999.9999999995,2500.0,6300.0,4000.0,1300.0,2300.0,0.17,4099999.9999999995,8.9E-6,0.072,0.072,0.0,410.0,8.6,760.0,2.9E-8,3.8E-19,3.5E7,1.0,7.7E8,
1.4E-38,0.0094,3000.0,3300.0,4900.0,3999999.9999999995,2500.0,6300.0,4000.0,1300.0,2300.0,0.17,4099999.9999999995,1.2E-5,0.072,0.072,0.0,410.0,8.6,720.0,2.9E-8,3.9E-19,3.1E7,1.0,7.7E8,
1.4E-38,0.0094,3000.0,3300.0,4900.0,3999999.9999999995,2500.0,6300.0,4000.0,1300.0,2300.0,0.17,4099999.9999999995,1.3E-5,0.072,0.072,0.0,410.0,8.6,680.0,2.9E-8,4.6E-19,3.0E7,1.0,7.7E8,
1.4E-38,0.0094,3000.0,3300.0,4900.0,3999999.9999999995,2500.0,6300.0,4000.0,1300.0,2300.0,0.17,4099999.9999999995,1.3E-5,0.072,0.072,0.0,400.0,8.6,640.0,2.9E-8,4.9E-19,3.0E7,1.0,7.7E8,
1.4E-38,0.0094,3000.0,3300.0,4900.0,3999999.9999999995,2500.0,6300.0,4000.0,1300.0,2300.0,0.17,3999999.9999999995,1.3E-5,0.071,0.071,0.0,400.0,8.6,600.0,2.9E-8,5.0E-19,2.9E7,1.0,7.6E8,
1.4E-38,0.0094,3000.0,3300.0,4900.0,3999999.9999999995,2500.0,6300.0,4000.0,1300.0,2300.0,0.17,3999999.9999999995,1.7E-5,0.071,0.071,0.0,400.0,8.6,570.0,2.9E-8,5.6E-19,2.7E7,1.0,7.6E8,
1.4E-38,0.0094,3000.0,3300.0,4900.0,3999999.9999999995,2500.0,6300.0,4000.0,1300.0,2300.0,0.17,3999999.9999999995,1.8E-5,0.071,0.071,0.0,400.0,8.6,530.0,2.9E-8,6.4E-19,2.7E7,1.0,7.6E8,
1.4E-38,0.0094,3000.0,3300.0,4900.0,3999999.9999999995,2500.0,6300.0,4000.0,1300.0,2300.0,0.17,3999999.9999999995,1.7E-5,0.071,0.071,0.0,400.0,8.6,500.0,2.9E-8,6.6E-19,2.7E7,1.0,7.6E8,
1.4E-38,0.0094,3000.0,3300.0,4900.0,3999999.9999999995,2500.0,6300.0,4000.0,1300.0,2300.0,0.17,3999999.9999999995,1.6E-5,0.071,0.071,0.0,390.0,8.6,470.0,2.9E-8,6.4E-19,2.8E7,1.0,7.6E8,
1.4E-38,0.0094,3000.0,3300.0,4900.0,3999999.9999999995,2500.0,6300.0,4000.0,1300.0,2300.0,0.16,3999999.9999999995,1.4E-5,0.071,0.071,0.0,390.0,8.6,450.0,2.9E-8,5.9E-19,2.9E7,1.0,7.5E8,
1.4E-38,0.0094,3000.0,3300.0,4900.0,3999999.9999999995,2500.0,6300.0,4000.0,1300.0,2300.0,0.16,3999999.9999999995,1.7E-5,0.071,0.071,0.0,380.0,8.6,420.0,2.9E-8,6.1E-19,2.6E7,1.0,7.5E8,
1.4E-38,0.0094,3000.0,3300.0,4900.0,3999999.9999999995,2500.0,6300.0,4000.0,1300.0,2300.0,0.16,3999999.9999999995,1.9E-5,0.071,0.071,0.0,380.0,8.6,400.0,2.9E-8,6.9E-19,2.6E7,1.0,7.5E8,
1.4E-38,0.0094,3000.0,3300.0,4900.0,3999999.9999999995,2500.0,6300.0,4000.0,1300.0,2300.0,0.16,3999999.9999999995,1.8E-5,0.071,0.071,0.0,380.0,8.6,370.0,2.9E-8,7.2E-19,2.6E7,1.0,7.5E8,
1.4E-38,0.0094,3000.0,3300.0,4900.0,3999999.9999999995,2500.0,6300.0,4000.0,1300.0,2300.0,0.16,3999999.9999999995,1.7E-5,0.071,0.071,0.0,380.0,8.6,350.0,2.9E-8,6.9E-19,2.7E7,1.0,7.5E8,
1.4E-38,0.0094,3000.0,3300.0,4900.0,3999999.9999999995,2500.0,6300.0,4000.0,1300.0,2300.0,0.16,3999999.9999999995,1.5E-5,0.071,0.071,0.0,380.0,8.6,330.0,3.0E-8,6.4E-19,2.8E7,1.0,7.5E8,
1.4E-38,0.0094,3000.0,3300.0,4900.0,3999999.9999999995,2500.0,6300.0,4000.0,1300.0,2300.0,0.16,3999999.9999999995,1.3E-5,0.071,0.071,0.0,370.0,8.6,310.0,3.0E-8,5.7E-19,2.9E7,1.0,7.5E8,
1.4E-38,0.0094,3000.0,3300.0,4900.0,3999999.9999999995,2500.0,6300.0,4000.0,1300.0,2300.0,0.16,3999999.9999999995,1.1E-5,0.071,0.071,0.0,370.0,8.6,290.0,3.0E-8,5.0E-19,3.1E7,1.0,7.5E8,
1.4E-38,0.0094,3000.0,3300.0,4900.0,3999999.9999999995,2500.0,6300.0,4000.0,1300.0,2300.0,0.16,3999999.9999999995,9.7E-6,0.071,0.071,0.0,370.0,8.6,280.0,3.0E-8,4.4E-19,3.3E7,1.0,7.5E8,
7.700000000000001E-38,0.08,2200.0,72000.0,2800.0,5200000.0,340.0,6300.0,820.0,1300.0,2300.0,0.17,5300000.0,1.2E-5,0.096,0.096,0.0,460.0,9.3,270.0,4.7E-8,3.1E-13,3.2E7,1.0,7.7E8,
8.9E-39,0.0091,2200.0,1100.0,2800.0,5200000.0,340.0,6300.0,820.0,1300.0,2300.0,0.17,5200000.0,1.5E-5,0.05,0.05,0.0,460.0,9.1,250.0,4.7E-8,1.3E-14,2.9E7,1.0,7.7E8,
8.499999999999999E-39,0.0088,2200.0,1100.0,2800.0,4800000.0,340.0,6300.0,820.0,1300.0,2300.0,0.17,4800000.0,1.7E-5,0.048,0.048,0.0,470.0,8.7,250.0,4.7E-8,6.9E-15,2.8E7,1.0,7.6E8,
8.2E-39,0.0084,2200.0,1100.0,2800.0,4500000.0,340.0,6300.0,820.0,1300.0,2200.0,0.17,4500000.0,1.7E-5,0.046,0.046,0.0,460.0,8.3,240.0,4.7E-8,4.4E-15,2.7E7,1.0,7.6E8,
8.0E-39,0.0082,2200.0,1100.0,2800.0,4300000.0,340.0,6300.0,820.0,1300.0,2200.0,0.17,4300000.0,2.0E-5,0.044,0.044,0.0,460.0,8.1,230.0,4.7E-8,1.9E-15,2.5E7,1.0,7.6E8,
7.799999999999999E-39,0.008,2200.0,1100.0,2800.0,4099999.9999999995,340.0,6300.0,820.0,1300.0,2200.0,0.17,4099999.9999999995,2.3E-5,0.043,0.043,0.0,450.0,7.8,220.0,4.6E-8,8.5E-16,2.4E7,1.0,7.6E8,
7.7E-39,0.0079,2200.0,1100.0,2800.0,3999999.9999999995,340.0,6300.0,820.0,1300.0,2200.0,0.17,3999999.9999999995,2.6E-5,0.043,0.043,0.0,450.0,7.8,210.0,4.6E-8,3.1E-16,2.2E7,1.0,7.6E8,
7.7E-39,0.0079,2200.0,1100.0,2800.0,3999999.9999999995,340.0,6300.0,820.0,1300.0,2200.0,0.17,3999999.9999999995,2.6E-5,0.043,0.043,0.0,450.0,7.8,200.0,4.6E-8,9.5E-17,2.2E7,1.0,7.6E8,
7.7E-39,0.0079,2200.0,1100.0,2800.0,3999999.9999999995,340.0,6300.0,820.0,1300.0,2200.0,0.17,3999999.9999999995,2.5E-5,0.043,0.043,0.0,440.0,7.8,190.0,4.7E-8,3.0E-17,2.3E7,1.0,7.6E8,
7.7E-39,0.0079,2200.0,1100.0,2800.0,3999999.9999999995,340.0,6300.0,820.0,1300.0,2200.0,0.17,3999999.9999999995,2.2E-5,0.043,0.043,0.0,440.0,7.8,180.0,4.7E-8,1.0E-17,2.4E7,1.0,7.6E8,
7.7E-39,0.0079,2200.0,1100.0,2800.0,3999999.9999999995,340.0,6300.0,820.0,1300.0,2200.0,0.17,3999999.9999999995,1.9E-5,0.043,0.043,0.0,440.0,7.8,170.0,4.7E-8,3.9E-18,2.5E7,1.0,7.6E8,
7.7E-39,0.0079,2200.0,1100.0,2800.0,3999999.9999999995,340.0,6300.0,820.0,1300.0,2200.0,0.17,3999999.9999999995,1.6E-5,0.043,0.043,0.0,440.0,7.8,160.0,4.7E-8,1.9E-18,2.7E7,1.0,7.6E8,
7.7E-39,0.0079,2200.0,1100.0,2800.0,3999999.9999999995,340.0,6300.0,820.0,1300.0,2200.0,0.17,3999999.9999999995,1.4E-5,0.043,0.043,0.0,440.0,7.8,150.0,4.7E-8,1.2E-18,2.8E7,1.0,7.6E8,
7.7E-39,0.0079,2200.0,1100.0,2800.0,3999999.9999999995,340.0,6300.0,820.0,1300.0,2200.0,0.17,3999999.9999999995,1.2E-5,0.043,0.043,0.0,440.0,7.8,140.0,4.7E-8,8.9E-19,3.0E7,1.0,7.6E8,
7.7E-39,0.0079,2200.0,1100.0,2800.0,3999999.9999999995,340.0,6300.0,820.0,1300.0,2200.0,0.17,3999999.9999999995,1.2E-5,0.043,0.043,0.0,430.0,7.8,130.0,4.7E-8,7.6E-19,2.9E7,1.0,7.6E8,
7.7E-39,0.0079,2200.0,1100.0,2800.0,3999999.9999999995,340.0,6300.0,820.0,1300.0,2200.0,0.17,3999999.9999999995,1.4E-5,0.043,0.043,0.0,430.0,7.8,120.0,4.7E-8,8.3E-19,2.8E7,1.0,7.6E8,
7.7E-39,0.0079,2200.0,1100.0,2800.0,3999999.9999999995,340.0,6300.0,820.0,1300.0,2200.0,0.17,3999999.9999999995,1.5E-5,0.043,0.043,0.0,430.0,7.8,120.0,4.7E-8,9.0E-19,2.7E7,1.0,7.6E8,
7.7E-39,0.0079,2200.0,1100.0,2800.0,3999999.9999999995,340.0,6300.0,820.0,1300.0,2200.0,0.17,3999999.9999999995,1.4E-5,0.043,0.043,0.0,430.0,7.8,110.0,4.7E-8,9.1E-19,2.8E7,1.0,7.6E8,
7.7E-39,0.0079,2200.0,1100.0,2800.0,3999999.9999999995,340.0,6300.0,820.0,1300.0,2200.0,0.17,3999999.9999999995,1.3E-5,0.043,0.043,0.0,430.0,7.8,100.0,4.7E-8,8.6E-19,2.9E7,1.0,7.6E8,
7.7E-39,0.0079,2200.0,1100.0,2800.0,3999999.9999999995,340.0,6300.0,820.0,1300.0,2200.0,0.17,3999999.9999999995,1.1E-5,0.043,0.043,0.0,430.0,7.8,98.0,4.7E-8,7.9E-19,3.0E7,1.0,7.6E8,
7.7E-39,0.0079,2200.0,1100.0,2800.0,3999999.9999999995,340.0,6300.0,820.0,1300.0,2200.0,0.17,3999999.9999999995,1.0E-5,0.043,0.043,0.0,420.0,7.8,92.0,4.7E-8,7.0E-19,3.1E7,1.0,7.6E8,
7.7E-39,0.0079,2200.0,1100.0,2800.0,3999999.9999999995,340.0,6300.0,820.0,1300.0,2200.0,0.17,3999999.9999999995,8.7E-6,0.043,0.043,0.0,420.0,7.8,87.0,4.8E-8,6.2E-19,3.3E7,1.0,7.6E8,
7.7E-39,0.0079,2200.0,1100.0,2800.0,3999999.9999999995,340.0,6300.0,820.0,1300.0,2200.0,0.17,3999999.9999999995,8.2E-6,0.043,0.043,0.0,410.0,7.8,82.0,4.8E-8,5.4E-19,3.4E7,1.0,7.6E8,
7.7E-39,0.0079,2200.0,1100.0,2800.0,3999999.9999999995,340.0,6300.0,820.0,1300.0,2200.0,0.17,3999999.9999999995,1.1E-5,0.043,0.043,0.0,410.0,7.8,77.0,4.8E-8,5.9E-19,3.1E7,1.0,7.6E8,
7.7E-39,0.0079,2200.0,1100.0,2800.0,3999999.9999999995,340.0,6300.0,820.0,1300.0,2200.0,0.17,3999999.9999999995,1.2E-5,0.043,0.043,0.0,400.0,7.8,72.0,4.8E-8,6.8E-19,3.0E7,1.0,7.6E8,
7.7E-39,0.0079,2200.0,1100.0,2800.0,3999999.9999999995,340.0,6300.0,820.0,1300.0,2200.0,0.17,3999999.9999999995,1.2E-5,0.043,0.043,0.0,400.0,7.8,68.0,4.8E-8,7.3E-19,3.0E7,1.0,7.6E8,
7.7E-39,0.0079,2200.0,1100.0,2800.0,3999999.9999999995,340.0,6300.0,820.0,1300.0,2200.0,0.17,3999999.9999999995,1.1E-5,0.043,0.043,0.0,390.0,7.8,64.0,4.8E-8,7.2E-19,3.0E7,1.0,7.6E8,
7.7E-39,0.0079,2200.0,1100.0,2800.0,3999999.9999999995,340.0,6300.0,820.0,1300.0,2200.0,0.17,3999999.9999999995,1.0E-5,0.043,0.043,0.0,380.0,7.8,61.0,4.8E-8,6.8E-19,3.1E7,1.0,7.6E8,
7.7E-39,0.0079,2200.0,1100.0,2800.0,3999999.9999999995,340.0,6300.0,820.0,1300.0,2200.0,0.17,3999999.9999999995,8.9E-6,0.043,0.043,0.0,370.0,7.8,57.0,4.8E-8,6.2E-19,3.3E7,1.0,7.6E8,
7.7E-39,0.0079,2200.0,1100.0,2800.0,3999999.9999999995,340.0,6300.0,820.0,1300.0,2200.0,0.17,3999999.9999999995,7.8E-6,0.043,0.043,0.0,370.0,7.8,54.0,4.8E-8,5.5E-19,3.4E7,1.0,7.6E8,
7.7E-39,0.0079,2200.0,1100.0,2800.0,3999999.9999999995,340.0,6300.0,820.0,1300.0,2200.0,0.17,3999999.9999999995,6.8E-6,0.043,0.043,0.0,370.0,7.8,51.0,4.8E-8,4.9E-19,3.6E7,1.0,7.6E8,
7.7E-39,0.0079,2200.0,1100.0,2800.0,3999999.9999999995,340.0,6300.0,820.0,1300.0,2200.0,0.17,3999999.9999999995,8.7E-6,0.043,0.043,0.0,370.0,7.8,48.0,4.8E-8,4.9E-19,3.3E7,1.0,7.6E8,
6.899999999999999E-39,0.011,4100.0,1800.0,5000.0,5000000.0,340.0,6300.0,820.0,1300.0,2200.0,0.17,5000000.0,3.2E-6,0.061,0.061,0.0,400.0,6.6,1400.0,6.5E-8,1.5E-14,3.2E7,1.0,7.7E8,
6.8E-39,0.011,4100.0,1800.0,5000.0,4700000.0,340.0,6200.0,810.0,1300.0,2200.0,0.17,4800000.0,1.0E-5,0.059,0.059,0.0,410.0,6.4,1300.0,6.5E-8,7.8E-15,3.0E7,1.0,7.7E8,
6.6E-39,0.01,4000.0,1800.0,5000.0,4500000.0,340.0,6200.0,810.0,1300.0,2200.0,0.17,4500000.0,1.1E-5,0.057,0.057,0.0,410.0,6.2,1300.0,6.4E-8,4.2E-15,2.8E7,1.0,7.7E8,
6.4E-39,0.01,4000.0,1800.0,5000.0,4099999.9999999995,340.0,6200.0,810.0,1300.0,2200.0,0.17,4200000.0,1.3E-5,0.054,0.054,0.0,400.0,6.0,1300.0,6.4E-8,2.2E-15,2.7E7,1.0,7.6E8,
6.3E-39,0.0099,4000.0,1800.0,5000.0,3999999.9999999995,340.0,6200.0,810.0,1300.0,2200.0,0.17,3999999.9999999995,1.6E-5,0.053,0.053,0.0,400.0,5.9,1200.0,6.4E-8,6.6E-16,2.5E7,1.0,7.6E8,
6.3E-39,0.0099,4000.0,1800.0,5000.0,3999999.9999999995,340.0,6200.0,810.0,1300.0,2200.0,0.17,3999999.9999999995,1.7E-5,0.053,0.053,0.0,390.0,5.9,1100.0,6.4E-8,2.0E-16,2.4E7,1.0,7.6E8,
6.3E-39,0.0099,4000.0,1800.0,5000.0,3999999.9999999995,340.0,6200.0,810.0,1300.0,2200.0,0.17,3999999.9999999995,1.6E-5,0.053,0.053,0.0,390.0,5.9,1100.0,6.4E-8,6.1E-17,2.4E7,1.0,7.6E8,
6.3E-39,0.0099,4000.0,1800.0,5000.0,3999999.9999999995,340.0,6200.0,810.0,1300.0,2200.0,0.17,3999999.9999999995,1.5E-5,0.053,0.053,0.0,390.0,5.9,990.0,6.4E-8,1.9E-17,2.5E7,1.0,7.6E8,
6.3E-39,0.0099,4000.0,1800.0,5000.0,3999999.9999999995,340.0,6200.0,810.0,1300.0,2200.0,0.17,3999999.9999999995,1.3E-5,0.053,0.053,0.0,390.0,5.9,930.0,6.5E-8,6.7E-18,2.6E7,1.0,7.6E8,
1.4E-38,0.017,8600.0,5700.0,8500.0,5000000.0,340.0,6200.0,810.0,1300.0,2200.0,0.17,5100000.0,2.0E-5,0.057,0.057,0.0,400.0,9.4,900.0,6.8E-8,1.7E-14,2.7E7,1.0,7.7E8,
8.4E-39,0.01,1000.0,5700.0,940.0,5000000.0,340.0,6200.0,810.0,1300.0,2200.0,0.17,5000000.0,1.1E-5,0.052,0.052,0.0,400.0,4.1,850.0,6.8E-8,3.7E-15,2.5E7,1.0,7.7E8,
8.2E-39,0.01,1000.0,5700.0,940.0,4700000.0,340.0,6200.0,810.0,1300.0,2200.0,0.17,4800000.0,1.2E-5,0.05,0.05,0.0,390.0,3.9,820.0,6.8E-8,1.6E-15,2.4E7,1.0,7.7E8,
7.799999999999999E-39,0.0096,1000.0,5700.0,940.0,4300000.0,330.0,6200.0,810.0,1300.0,2200.0,0.17,4300000.0,1.2E-5,0.047,0.047,0.0,400.0,3.6,790.0,6.8E-8,8.6E-16,2.3E7,1.0,7.7E8,
7.7E-39,0.0094,1000.0,5700.0,930.0,3999999.9999999995,330.0,6200.0,810.0,1300.0,2200.0,0.17,3999999.9999999995,1.3E-5,0.046,0.046,0.0,400.0,3.5,760.0,6.7E-8,3.8E-16,2.2E7,1.0,7.6E8,
7.7E-39,0.0094,1000.0,5700.0,930.0,3999999.9999999995,330.0,6200.0,810.0,1300.0,2200.0,0.17,3999999.9999999995,1.3E-5,0.046,0.046,0.0,400.0,3.5,720.0,6.8E-8,1.1E-16,2.1E7,1.0,7.6E8,
7.7E-39,0.0094,1000.0,5700.0,930.0,3999999.9999999995,330.0,6200.0,810.0,1300.0,2200.0,0.17,3999999.9999999995,1.2E-5,0.046,0.046,0.0,390.0,3.5,670.0,6.8E-8,3.5E-17,2.2E7,1.0,7.6E8,
7.7E-39,0.0094,1000.0,5700.0,930.0,3999999.9999999995,330.0,6200.0,810.0,1300.0,2200.0,0.17,3999999.9999999995,1.1E-5,0.046,0.046,0.0,390.0,3.5,630.0,6.8E-8,1.1E-17,2.3E7,1.0,7.6E8,
7.7E-39,0.0094,1000.0,5700.0,930.0,3999999.9999999995,330.0,6200.0,810.0,1300.0,2200.0,0.17,3999999.9999999995,9.3E-6,0.046,0.046,0.0,390.0,3.5,600.0,6.8E-8,4.0E-18,2.4E7,1.0,7.6E8,
7.7E-39,0.0094,1000.0,5700.0,930.0,3999999.9999999995,330.0,6200.0,810.0,1300.0,2200.0,0.17,3999999.9999999995,7.8E-6,0.046,0.046,0.0,390.0,3.5,560.0,6.8E-8,1.7E-18,2.6E7,1.0,7.6E8,
7.7E-39,0.0094,1000.0,5700.0,930.0,3999999.9999999995,330.0,6200.0,810.0,1300.0,2200.0,0.17,3999999.9999999995,6.6E-6,0.046,0.046,0.0,390.0,3.5,530.0,6.8E-8,9.6E-19,2.8E7,1.0,7.6E8,
7.7E-39,0.0094,1000.0,5700.0,930.0,3999999.9999999995,330.0,6200.0,810.0,1300.0,2200.0,0.17,3999999.9999999995,5.6E-6,0.046,0.046,0.0,390.0,3.4,500.0,6.7E-8,6.6E-19,2.9E7,1.0,7.6E8,
7.599999999999999E-39,0.0094,1000.0,5700.0,930.0,3999999.9999999995,330.0,6200.0,810.0,1300.0,2200.0,0.17,3999999.9999999995,6.8E-6,0.045,0.045,0.0,380.0,3.4,470.0,6.8E-8,6.0E-19,2.7E7,1.0,7.6E8,
7.599999999999999E-39,0.0093,1000.0,5700.0,930.0,3999999.9999999995,330.0,6200.0,810.0,1300.0,2200.0,0.16,3999999.9999999995,7.9E-6,0.045,0.045,0.0,380.0,3.4,450.0,6.7E-8,6.4E-19,2.5E7,1.0,7.5E8,
7.599999999999999E-39,0.0093,1000.0,5700.0,930.0,3999999.9999999995,330.0,6200.0,810.0,1300.0,2200.0,0.16,3999999.9999999995,9.1E-6,0.045,0.045,0.0,380.0,3.4,420.0,6.7E-8,7.4E-19,2.4E7,1.0,7.5E8,
7.599999999999999E-39,0.0093,1000.0,5700.0,930.0,3999999.9999999995,330.0,6200.0,810.0,1300.0,2200.0,0.16,3999999.9999999995,9.2E-6,0.045,0.045,0.0,380.0,3.4,400.0,6.7E-8,8.0E-19,2.4E7,1.0,7.5E8,
7.599999999999999E-39,0.0093,1000.0,5700.0,930.0,3999999.9999999995,330.0,6200.0,810.0,1300.0,2200.0,0.16,3999999.9999999995,8.5E-6,0.045,0.045,0.0,370.0,3.4,370.0,6.7E-8,7.9E-19,2.5E7,1.0,7.5E8,
7.599999999999999E-39,0.0093,1000.0,5700.0,930.0,3999999.9999999995,330.0,6200.0,810.0,1300.0,2200.0,0.16,3999999.9999999995,7.6E-6,0.045,0.045,0.0,370.0,3.4,350.0,6.7E-8,7.4E-19,2.6E7,1.0,7.5E8,
3.6E-39,0.0055,2900.0,1800.0,930.0,4900000.0,330.0,6200.0,810.0,1300.0,2200.0,0.17,4900000.0,1.1E-5,0.071,0.071,0.0,380.0,4.8,340.0,7.3E-8,8.5E-14,2.6E7,1.0,7.6E8,
1.6000000000000001E-38,0.039,2900.0,31000.0,2800.0,4900000.0,330.0,6200.0,810.0,1300.0,2200.0,0.17,5000000.0,3.6,0.081,0.081,0.0,380.0,5.0,330.0,7.3E-8,3.2E-13,2.4E7,1.0,7.6E8,
4.5E-39,0.011,2800.0,3400.0,2800.0,4700000.0,330.0,6200.0,800.0,1300.0,2200.0,0.17,4700000.0,2.5E-5,0.057,0.057,0.0,380.0,8.3,320.0,7.3E-8,4.1E-14,2.3E7,1.0,7.6E8,
4.4E-39,0.011,2800.0,3400.0,2800.0,4400000.0,330.0,6200.0,800.0,1300.0,2200.0,0.16,4500000.0,2.7E-5,0.056,0.056,0.0,380.0,8.0,310.0,7.3E-8,2.2E-14,2.2E7,1.0,7.5E8,
4.2E-39,0.01,2800.0,3400.0,2800.0,4099999.9999999995,330.0,6100.0,800.0,1300.0,2200.0,0.16,4099999.9999999995,2.8E-5,0.053,0.053,0.0,370.0,7.6,300.0,7.2E-8,1.2E-14,2.1E7,1.0,7.5E8,
4.2E-39,0.01,2800.0,3400.0,2800.0,3999999.9999999995,330.0,6100.0,800.0,1300.0,2200.0,0.16,3999999.9999999995,3.2E-5,0.052,0.052,0.0,370.0,7.5,280.0,7.2E-8,4.2E-15,2.0E7,1.0,7.5E8,
4.2E-39,0.01,2800.0,3400.0,2800.0,3999999.9999999995,330.0,6100.0,800.0,1300.0,2200.0,0.16,3999999.9999999995,3.2E-5,0.052,0.052,0.0,370.0,7.5,270.0,7.3E-8,1.3E-15,2.0E7,1.0,7.5E8,
4.2E-39,0.01,2800.0,3400.0,2800.0,3999999.9999999995,330.0,6100.0,800.0,1300.0,2200.0,0.16,3999999.9999999995,2.9E-5,0.052,0.052,0.0,370.0,7.5,250.0,7.3E-8,3.9E-16,2.1E7,1.0,7.5E8,
4.2E-39,0.01,2800.0,3400.0,2800.0,3999999.9999999995,330.0,6100.0,800.0,1300.0,2200.0,0.16,3999999.9999999995,2.5E-5,0.052,0.052,0.0,370.0,7.5,240.0,7.3E-8,1.2E-16,2.2E7,1.0,7.5E8,
4.2E-39,0.01,2800.0,3400.0,2800.0,3999999.9999999995,330.0,6100.0,800.0,1300.0,2200.0,0.16,3999999.9999999995,2.2E-5,0.052,0.052,0.0,370.0,7.5,220.0,7.3E-8,3.7E-17,2.3E7,1.0,7.5E8,
4.2E-39,0.01,2800.0,3400.0,2800.0,3999999.9999999995,330.0,6100.0,800.0,1300.0,2200.0,0.16,3999999.9999999995,1.8E-5,0.052,0.052,0.0,360.0,7.5,210.0,7.3E-8,1.3E-17,2.5E7,1.0,7.5E8,
4.2E-39,0.01,2800.0,3400.0,2800.0,3999999.9999999995,330.0,6100.0,800.0,1300.0,2200.0,0.16,3999999.9999999995,1.5E-5,0.052,0.052,0.0,360.0,7.5,200.0,7.3E-8,4.9E-18,2.7E7,1.0,7.5E8,
4.2E-39,0.01,2800.0,3400.0,2800.0,3999999.9999999995,330.0,6100.0,800.0,1300.0,2200.0,0.16,3999999.9999999995,1.3E-5,0.052,0.052,0.0,350.0,7.5,190.0,7.3E-8,2.4E-18,2.8E7,1.0,7.5E8,
4.2E-39,0.01,2800.0,3400.0,2800.0,3999999.9999999995,330.0,6100.0,800.0,1300.0,2200.0,0.16,3999999.9999999995,1.3E-5,0.052,0.052,0.0,350.0,7.5,170.0,7.3E-8,1.6E-18,2.8E7,1.0,7.5E8,
4.2E-39,0.01,2800.0,3400.0,2800.0,3999999.9999999995,330.0,6100.0,800.0,1300.0,2200.0,0.16,3999999.9999999995,1.5E-5,0.052,0.052,0.0,350.0,7.5,160.0,7.4E-8,1.4E-18,2.7E7,1.0,7.5E8,
4.2E-39,0.01,2800.0,3400.0,2800.0,3999999.9999999995,330.0,6100.0,800.0,1300.0,2200.0,0.16,3999999.9999999995,1.6E-5,0.052,0.052,0.0,350.0,7.5,160.0,7.4E-8,1.5E-18,2.6E7,1.0,7.5E8,
9.7E-39,0.02,9100.0,2300.0,14000.0,5000000.0,370.0,6100.0,800.0,1300.0,2200.0,0.16,5000000.0,1.0E-5,0.06,0.06,0.0,370.0,13.0,2000.0,8.2E-8,2.7E-14,2.6E7,1.0,7.6E8,
3.7999999999999996E-39,0.008,1600.0,2300.0,1100.0,4900000.0,360.0,6100.0,800.0,1300.0,2200.0,0.16,4900000.0,1.1E-5,0.05,0.05,0.0,360.0,4.2,2000.0,8.1E-8,4.8E-15,2.4E7,1.0,7.6E8,
3.7E-39,0.0078,1600.0,2200.0,1100.0,4600000.0,360.0,6100.0,800.0,1300.0,2200.0,0.16,4600000.0,1.2E-5,0.049,0.049,0.0,360.0,4.0,1900.0,8.1E-8,2.1E-15,2.3E7,1.0,7.6E8,
3.6E-39,0.0076,1600.0,2200.0,1100.0,4400000.0,360.0,6100.0,800.0,1300.0,2200.0,0.16,4400000.0,1.3E-5,0.047,0.047,0.0,360.0,3.8,1800.0,8.1E-8,9.0E-16,2.2E7,1.0,7.6E8,
3.4E-39,0.0072,1600.0,2200.0,1100.0,3999999.9999999995,360.0,6100.0,800.0,1300.0,2200.0,0.16,3999999.9999999995,1.4E-5,0.044,0.044,0.0,360.0,3.5,1700.0,8.0E-8,3.9E-16,2.1E7,1.0,7.6E8,
3.4E-39,0.0072,1600.0,2200.0,1100.0,3999999.9999999995,360.0,6100.0,800.0,1300.0,2200.0,0.16,3999999.9999999995,1.6E-5,0.044,0.044,0.0,360.0,3.5,1600.0,8.1E-8,1.2E-16,2.0E7,1.0,7.6E8,
3.4E-39,0.0072,1600.0,2200.0,1100.0,3999999.9999999995,360.0,6100.0,800.0,1300.0,2200.0,0.16,3999999.9999999995,1.5E-5,0.044,0.044,0.0,360.0,3.5,1500.0,8.1E-8,3.7E-17,2.0E7,1.0,7.6E8,
3.4E-39,0.0072,1600.0,2200.0,1100.0,3999999.9999999995,360.0,6100.0,800.0,1300.0,2200.0,0.16,3999999.9999999995,1.3E-5,0.044,0.044,0.0,360.0,3.5,1400.0,8.1E-8,1.2E-17,2.1E7,1.0,7.6E8,
3.4E-39,0.0072,1600.0,2200.0,1100.0,3999999.9999999995,360.0,6100.0,800.0,1300.0,2200.0,0.16,3999999.9999999995,1.2E-5,0.044,0.044,0.0,360.0,3.5,1400.0,8.1E-8,4.6E-18,2.2E7,1.0,7.6E8,
5.8E-39,0.026,16000.0,3400.0,5300.0,5100000.0,360.0,6100.0,800.0,1300.0,2200.0,0.16,5200000.0,5.1E-5,0.045,0.045,0.0,390.0,16.0,16000.0,8.6E-8,5.3E-14,2.3E7,1.0,7.7E8,
5.7E-39,0.025,3500.0,3400.0,5300.0,4700000.0,360.0,6100.0,800.0,1300.0,2200.0,0.16,4800000.0,5.6E-5,0.043,0.043,0.0,390.0,15.0,16000.0,8.6E-8,2.3E-14,2.2E7,1.0,7.7E8,
5.4999999999999995E-39,0.024,3500.0,3400.0,5300.0,4400000.0,360.0,6100.0,800.0,1300.0,2200.0,0.16,4400000.0,5.9E-5,0.041,0.041,0.0,390.0,15.0,15000.0,8.5E-8,1.2E-14,2.1E7,1.0,7.7E8,
5.4999999999999995E-39,0.024,3500.0,3400.0,5300.0,4300000.0,360.0,6100.0,800.0,1300.0,2200.0,0.16,4300000.0,6.6E-5,0.04,0.04,0.0,390.0,14.0,14000.0,8.5E-8,4.5E-15,2.0E7,1.0,7.7E8,
5.3E-39,0.024,3500.0,3400.0,5300.0,3999999.9999999995,360.0,6100.0,790.0,1300.0,2200.0,0.16,4099999.9999999995,6.9E-5,0.039,0.039,0.0,390.0,14.0,14000.0,8.5E-8,2.4E-15,2.0E7,1.0,7.6E8,
5.3E-39,0.024,3500.0,3400.0,5300.0,3999999.9999999995,360.0,6100.0,790.0,1300.0,2200.0,0.16,3999999.9999999995,7.3E-5,0.039,0.039,0.0,380.0,14.0,13000.0,8.5E-8,8.9E-16,1.9E7,1.0,7.6E8,
5.3E-39,0.024,3500.0,3400.0,5300.0,3999999.9999999995,360.0,6100.0,790.0,1300.0,2200.0,0.16,3999999.9999999995,7.0E-5,0.039,0.039,0.0,380.0,14.0,12000.0,8.5E-8,2.7E-16,1.9E7,1.0,7.6E8,
5.3E-39,0.024,3500.0,3400.0,5300.0,3999999.9999999995,360.0,6100.0,790.0,1300.0,2200.0,0.16,3999999.9999999995,7.0E-5,0.039,0.039,0.0,380.0,14.0,12000.0,8.5E-8,1.1E-16,1.9E7,1.0,7.6E8,
5.3E-39,0.024,3500.0,3400.0,5300.0,3999999.9999999995,360.0,6100.0,790.0,1300.0,2200.0,0.16,3999999.9999999995,7.0E-5,0.039,0.039,0.0,380.0,14.0,11000.0,8.5E-8,3.7E-17,1.9E7,1.0,7.6E8,
5.3E-39,0.024,3500.0,3400.0,5300.0,3999999.9999999995,360.0,6100.0,790.0,1300.0,2200.0,0.16,3999999.9999999995,6.3E-5,0.039,0.039,0.0,380.0,14.0,11000.0,8.5E-8,1.6E-17,2.0E7,1.0,7.6E8,
5.3E-39,0.024,3500.0,3400.0,5300.0,3999999.9999999995,360.0,6100.0,790.0,1300.0,2200.0,0.16,3999999.9999999995,5.5E-5,0.039,0.039,0.0,380.0,14.0,9900.0,8.5E-8,9.5E-18,2.1E7,1.0,7.6E8,
5.3E-39,0.024,3500.0,3400.0,5300.0,3999999.9999999995,360.0,6100.0,790.0,1300.0,2200.0,0.16,3999999.9999999995,4.6E-5,0.039,0.039,0.0,370.0,14.0,9400.0,8.5E-8,6.8E-18,2.2E7,1.0,7.6E8,
5.3E-39,0.024,3500.0,3400.0,5300.0,3999999.9999999995,360.0,6100.0,790.0,1300.0,2200.0,0.16,3999999.9999999995,3.8E-5,0.039,0.039,0.0,370.0,14.0,8800.0,8.6E-8,5.3E-18,2.4E7,1.0,7.6E8,
5.3E-39,0.024,3500.0,3400.0,5300.0,3999999.9999999995,360.0,6100.0,790.0,1300.0,2200.0,0.16,3999999.9999999995,3.2E-5,0.039,0.039,0.0,360.0,14.0,8300.0,8.6E-8,4.3E-18,2.6E7,1.0,7.6E8,
5.3E-39,0.024,3500.0,3400.0,5300.0,3999999.9999999995,360.0,6100.0,790.0,1300.0,2200.0,0.16,3999999.9999999995,2.6E-5,0.039,0.039,0.0,360.0,14.0,7800.0,8.6E-8,3.5E-18,2.7E7,1.0,7.6E8,
5.3E-39,0.024,3500.0,3400.0,5300.0,3999999.9999999995,360.0,6100.0,790.0,1300.0,2200.0,0.16,3999999.9999999995,2.4E-5,0.039,0.039,0.0,360.0,14.0,7400.0,8.6E-8,3.0E-18,2.8E7,1.0,7.6E8,
5.3E-39,0.024,3500.0,3400.0,5300.0,3999999.9999999995,360.0,6100.0,790.0,1300.0,2200.0,0.16,3999999.9999999995,2.9E-5,0.039,0.039,0.0,360.0,14.0,7000.0,8.6E-8,3.1E-18,2.6E7,1.0,7.6E8,
5.3E-39,0.024,3500.0,3400.0,5300.0,3999999.9999999995,360.0,6100.0,790.0,1300.0,2200.0,0.16,3999999.9999999995,3.1E-5,0.039,0.039,0.0,360.0,14.0,6500.0,8.6E-8,3.4E-18,2.6E7,1.0,7.6E8,
2.3E-38,0.084,10000.0,49000.0,5900.0,5100000.0,360.0,6100.0,790.0,1300.0,2200.0,0.16,5100000.0,1.1,0.056,0.056,0.0,390.0,26.0,9700.0,9.4E-8,4.6E-13,2.7E7,1.0,7.7E8,
4.6999999999999996E-39,0.017,2600.0,1400.0,5900.0,4900000.0,360.0,6100.0,790.0,1300.0,2200.0,0.16,4900000.0,5.9E-5,0.034,0.034,0.0,390.0,26.0,9700.0,9.3E-8,7.6E-14,2.6E7,1.0,7.7E8,
4.6E-39,0.017,2600.0,1400.0,5900.0,4600000.0,360.0,6100.0,790.0,1300.0,2200.0,0.16,4600000.0,6.8E-5,0.033,0.033,0.0,390.0,25.0,9200.0,9.3E-8,3.4E-14,2.5E7,1.0,7.7E8,
4.4E-39,0.016,2600.0,1400.0,5900.0,4200000.0,360.0,6000.0,790.0,1300.0,2200.0,0.16,4200000.0,7.3E-5,0.031,0.031,0.0,400.0,24.0,8900.0,9.3E-8,1.8E-14,2.4E7,1.0,7.7E8,
4.4E-39,0.016,2600.0,1400.0,5900.0,3999999.9999999995,360.0,6000.0,790.0,1300.0,2200.0,0.16,3999999.9999999995,8.1E-5,0.03,0.03,0.0,390.0,24.0,8600.0,9.2E-8,7.9E-15,2.2E7,1.0,7.6E8,
4.4E-39,0.016,2600.0,1400.0,5900.0,3999999.9999999995,360.0,6000.0,790.0,1300.0,2200.0,0.16,3999999.9999999995,8.6E-5,0.03,0.03,0.0,390.0,24.0,8100.0,9.2E-8,2.4E-15,2.2E7,1.0,7.6E8,
4.4E-39,0.016,2600.0,1400.0,5900.0,3999999.9999999995,360.0,6000.0,790.0,1300.0,2200.0,0.16,3999999.9999999995,8.2E-5,0.03,0.03,0.0,380.0,24.0,7600.0,9.2E-8,7.2E-16,2.2E7,1.0,7.6E8,
4.4E-39,0.016,2600.0,1400.0,5900.0,3999999.9999999995,360.0,6000.0,790.0,1300.0,2200.0,0.16,3999999.9999999995,7.3E-5,0.03,0.03,0.0,370.0,24.0,7200.0,9.3E-8,2.2E-16,2.3E7,1.0,7.6E8,
4.4E-39,0.016,2600.0,1400.0,5900.0,3999999.9999999995,360.0,6000.0,790.0,1300.0,2200.0,0.16,3999999.9999999995,6.3E-5,0.03,0.03,0.0,360.0,24.0,6800.0,9.3E-8,7.3E-17,2.5E7,1.0,7.6E8,
4.4E-39,0.016,2600.0,1400.0,5900.0,3999999.9999999995,360.0,6000.0,790.0,1300.0,2200.0,0.16,3999999.9999999995,5.4E-5,0.03,0.03,0.0,360.0,24.0,6400.0,9.3E-8,2.7E-17,2.6E7,1.0,7.6E8,
4.4E-39,0.016,2600.0,1400.0,5900.0,3999999.9999999995,360.0,6000.0,790.0,1300.0,2200.0,0.16,3999999.9999999995,4.5E-5,0.03,0.03,0.0,360.0,24.0,6000.0,9.3E-8,1.2E-17,2.8E7,1.0,7.6E8,
4.4E-39,0.016,2600.0,1400.0,5900.0,3999999.9999999995,360.0,6000.0,790.0,1300.0,2200.0,0.16,3999999.9999999995,3.9E-5,0.03,0.03,0.0,360.0,24.0,5600.0,9.3E-8,7.2E-18,2.9E7,1.0,7.6E8,
4.4E-39,0.016,2600.0,1400.0,5900.0,3999999.9999999995,360.0,6000.0,790.0,1300.0,2200.0,0.16,3999999.9999999995,3.6E-5,0.03,0.03,0.0,350.0,24.0,5300.0,9.3E-8,5.2E-18,3.0E7,1.0,7.6E8,
4.4E-39,0.016,2600.0,1400.0,5900.0,3999999.9999999995,360.0,6000.0,790.0,1300.0,2200.0,0.16,3999999.9999999995,4.4E-5,0.03,0.03,0.0,340.0,24.0,5000.0,9.3E-8,5.1E-18,2.8E7,1.0,7.6E8,
4.4E-39,0.016,2600.0,1400.0,5900.0,3999999.9999999995,360.0,6000.0,790.0,1300.0,2200.0,0.16,3999999.9999999995,4.7E-5,0.03,0.03,0.0,340.0,24.0,4700.0,9.3E-8,5.5E-18,2.7E7,1.0,7.6E8,
4.4E-39,0.016,2600.0,1400.0,5900.0,3999999.9999999995,360.0,6000.0,790.0,1300.0,2200.0,0.16,3999999.9999999995,4.6E-5,0.03,0.03,0.0,340.0,24.0,4400.0,9.3E-8,5.6E-18,2.7E7,1.0,7.6E8,
4.3E-39,0.016,2600.0,1400.0,5800.0,3999999.9999999995,360.0,6000.0,790.0,1300.0,2200.0,0.16,3999999.9999999995,4.3E-5,0.03,0.03,0.0,340.0,24.0,4200.0,9.3E-8,5.5E-18,2.8E7,1.0,7.6E8,
4.3E-39,0.016,2600.0,1400.0,5800.0,3999999.9999999995,360.0,6000.0,790.0,1300.0,2200.0,0.16,3999999.9999999995,5.2E-5,0.03,0.03,0.0,340.0,24.0,4000.0,9.3E-8,5.8E-18,2.6E7,1.0,7.6E8,
4.3E-39,0.016,2600.0,1400.0,5800.0,3999999.9999999995,360.0,6000.0,790.0,1300.0,2200.0,0.16,3999999.9999999995,5.5E-5,0.03,0.03,0.0,340.0,24.0,3700.0,9.4E-8,6.5E-18,2.5E7,1.0,7.6E8,
4.3E-39,0.016,2600.0,1400.0,5800.0,3999999.9999999995,360.0,6000.0,790.0,1300.0,2200.0,0.16,3999999.9999999995,5.4E-5,0.03,0.03,0.0,340.0,24.0,3500.0,9.4E-8,6.7E-18,2.6E7,1.0,7.6E8,
4.3E-39,0.016,2600.0,1400.0,5800.0,3999999.9999999995,360.0,6000.0,790.0,1300.0,2200.0,0.16,3999999.9999999995,4.9E-5,0.03,0.03,0.0,340.0,24.0,3300.0,9.4E-8,6.4E-18,2.7E7,1.0,7.6E8,
4.3E-39,0.016,2600.0,1400.0,5800.0,3999999.9999999995,360.0,6000.0,790.0,1300.0,2200.0,0.16,3999999.9999999995,4.3E-5,0.03,0.03,0.0,340.0,24.0,3100.0,9.4E-8,5.9E-18,2.8E7,1.0,7.6E8,
4.3E-39,0.016,2600.0,1400.0,5800.0,3999999.9999999995,360.0,6000.0,790.0,1300.0,2200.0,0.16,3999999.9999999995,3.7E-5,0.03,0.03,0.0,340.0,24.0,3000.0,9.4E-8,5.2E-18,2.9E7,1.0,7.6E8,
4.3E-39,0.016,2600.0,1400.0,5800.0,3999999.9999999995,360.0,6000.0,790.0,1300.0,2200.0,0.16,3999999.9999999995,3.2E-5,0.03,0.03,0.0,340.0,24.0,2800.0,9.4E-8,4.6E-18,3.1E7,1.0,7.6E8,
4.3E-39,0.016,2600.0,1400.0,5800.0,3999999.9999999995,360.0,6000.0,790.0,1300.0,2200.0,0.16,3999999.9999999995,2.8E-5,0.03,0.03,0.0,340.0,24.0,2600.0,9.4E-8,3.9E-18,3.3E7,1.0,7.6E8,
4.3E-39,0.016,2600.0,1400.0,5800.0,3999999.9999999995,360.0,6000.0,790.0,1300.0,2200.0,0.16,3999999.9999999995,3.2E-5,0.03,0.03,0.0,330.0,24.0,2500.0,9.4E-8,3.8E-18,3.1E7,1.0,7.6E8,
4.3E-39,0.016,2600.0,1400.0,5800.0,3999999.9999999995,360.0,6000.0,790.0,1300.0,2200.0,0.16,3999999.9999999995,3.8E-5,0.03,0.03,0.0,330.0,24.0,2300.0,9.4E-8,4.3E-18,2.9E7,1.0,7.6E8,
4.3E-39,0.016,2600.0,1400.0,5800.0,3999999.9999999995,360.0,6000.0,790.0,1300.0,2200.0,0.16,3999999.9999999995,3.9E-5,0.03,0.03,0.0,320.0,24.0,2200.0,9.5E-8,4.7E-18,2.9E7,1.0,7.6E8,
4.3E-39,0.016,2600.0,1400.0,5800.0,3999999.9999999995,360.0,6000.0,790.0,1300.0,2200.0,0.16,3999999.9999999995,3.8E-5,0.03,0.03,0.0,320.0,24.0,2100.0,9.5E-8,4.8E-18,2.9E7,1.0,7.6E8,
4.3E-39,0.016,2600.0,1400.0,5800.0,3999999.9999999995,360.0,6000.0,790.0,1300.0,2200.0,0.16,3999999.9999999995,3.5E-5,0.03,0.03,0.0,320.0,24.0,1900.0,9.5E-8,4.6E-18,3.0E7,1.0,7.6E8,
4.3E-39,0.016,2600.0,1400.0,5800.0,3999999.9999999995,360.0,6000.0,790.0,1300.0,2200.0,0.16,3999999.9999999995,3.1E-5,0.03,0.03,0.0,320.0,24.0,1800.0,9.5E-8,4.2E-18,3.1E7,1.0,7.6E8,
4.3E-39,0.016,2600.0,1400.0,5800.0,3999999.9999999995,360.0,6000.0,790.0,1300.0,2200.0,0.16,3999999.9999999995,2.7E-5,0.03,0.03,0.0,320.0,24.0,1700.0,9.5E-8,3.8E-18,3.3E7,1.0,7.6E8,
4.3E-39,0.016,2600.0,1400.0,5800.0,3999999.9999999995,360.0,6000.0,790.0,1300.0,2200.0,0.16,3999999.9999999995,2.4E-5,0.03,0.03,0.0,310.0,24.0,1600.0,9.5E-8,3.3E-18,3.4E7,1.0,7.6E8,
4.3E-39,0.016,2600.0,1400.0,5800.0,3999999.9999999995,360.0,6000.0,790.0,1300.0,2200.0,0.16,3999999.9999999995,2.4E-5,0.03,0.03,0.0,310.0,24.0,1500.0,9.5E-8,3.0E-18,3.4E7,1.0,7.6E8,
4.3E-39,0.016,2600.0,1400.0,5800.0,3999999.9999999995,360.0,6000.0,790.0,1300.0,2200.0,0.16,3999999.9999999995,3.1E-5,0.03,0.03,0.0,310.0,24.0,1400.0,9.5E-8,3.4E-18,3.1E7,1.0,7.6E8,
4.3E-39,0.016,2600.0,1400.0,5800.0,3999999.9999999995,360.0,6000.0,790.0,1300.0,2200.0,0.16,3999999.9999999995,3.4E-5,0.03,0.03,0.0,310.0,24.0,1400.0,9.5E-8,3.9E-18,3.0E7,1.0,7.6E8,
1.6000000000000001E-38,0.08,21000.0,40000.0,15000.0,5300000.0,6100.0,6000.0,790.0,1300.0,2200.0,0.16,5400000.0,7.9,0.064,0.064,0.0,350.0,28.0,1300.0,1.5E-7,1.4E-12,3.1E7,1.0,7.7E8,
1.8999999999999998E-39,0.0096,650.0,57.0,2000.0,5200000.0,6100.0,6000.0,790.0,1300.0,2200.0,0.16,5200000.0,2.3E-5,0.037,0.037,0.0,350.0,13.0,1300.0,1.5E-7,7.5E-14,2.9E7,1.0,7.7E8,
1.8999999999999998E-39,0.0095,650.0,57.0,2000.0,5100000.0,6100.0,6000.0,780.0,1300.0,2200.0,0.16,5100000.0,2.7E-5,0.036,0.036,0.0,350.0,13.0,1200.0,1.5E-7,3.3E-14,2.7E7,1.0,7.7E8,
1.8E-39,0.0091,650.0,57.0,2000.0,4800000.0,6100.0,6000.0,780.0,1300.0,2200.0,0.16,4800000.0,3.2E-5,0.035,0.035,0.0,350.0,12.0,1200.0,1.5E-7,1.2E-14,2.5E7,1.0,7.7E8,
1.8E-39,0.0088,650.0,57.0,2000.0,4600000.0,6100.0,6000.0,780.0,1300.0,2200.0,0.16,4600000.0,3.7E-5,0.034,0.034,0.0,350.0,12.0,1100.0,1.5E-7,5.1E-15,2.3E7,1.0,7.7E8,
1.7E-39,0.0087,650.0,57.0,2000.0,4500000.0,6100.0,6000.0,780.0,1300.0,2200.0,0.16,4500000.0,4.0E-5,0.033,0.033,0.0,350.0,12.0,1100.0,1.5E-7,2.7E-15,2.3E7,1.0,7.7E8,
1.6E-39,0.0081,650.0,57.0,2000.0,3999999.9999999995,6100.0,6000.0,780.0,1300.0,2100.0,0.16,3999999.9999999995,4.1E-5,0.031,0.031,0.0,350.0,11.0,1000.0,1.5E-7,1.4E-15,2.2E7,1.0,7.6E8,
1.6E-39,0.0081,650.0,57.0,2000.0,3999999.9999999995,6100.0,6000.0,780.0,1300.0,2100.0,0.16,3999999.9999999995,4.6E-5,0.031,0.031,0.0,350.0,11.0,980.0,1.5E-7,4.3E-16,2.1E7,1.0,7.6E8,
1.6E-39,0.0081,650.0,57.0,2000.0,3999999.9999999995,6100.0,6000.0,780.0,1300.0,2100.0,0.16,3999999.9999999995,4.5E-5,0.031,0.031,0.0,350.0,11.0,920.0,1.5E-7,1.4E-16,2.1E7,1.0,7.6E8,
1.6E-39,0.0081,650.0,57.0,2000.0,3999999.9999999995,6100.0,6000.0,780.0,1300.0,2100.0,0.16,3999999.9999999995,4.0E-5,0.031,0.031,0.0,350.0,11.0,870.0,1.5E-7,4.7E-17,2.2E7,1.0,7.6E8,
1.6E-39,0.0081,650.0,57.0,2000.0,3999999.9999999995,6100.0,6000.0,780.0,1300.0,2100.0,0.16,3999999.9999999995,3.5E-5,0.031,0.031,0.0,350.0,11.0,820.0,1.5E-7,1.9E-17,2.3E7,1.0,7.6E8,
1.6E-39,0.0081,650.0,57.0,2000.0,3999999.9999999995,6100.0,6000.0,780.0,1300.0,2100.0,0.16,3999999.9999999995,2.9E-5,0.031,0.031,0.0,340.0,11.0,770.0,1.5E-7,1.0E-17,2.4E7,1.0,7.6E8,
1.6E-39,0.0081,650.0,57.0,2000.0,3999999.9999999995,6100.0,6000.0,780.0,1300.0,2100.0,0.16,3999999.9999999995,2.6E-5,0.031,0.031,0.0,340.0,11.0,740.0,1.5E-7,7.0E-18,2.5E7,1.0,7.5E8,
1.6E-39,0.0081,650.0,57.0,2000.0,3999999.9999999995,6100.0,6000.0,780.0,1300.0,2100.0,0.16,3999999.9999999995,3.1E-5,0.031,0.031,0.0,330.0,11.0,690.0,1.5E-7,6.1E-18,2.4E7,1.0,7.5E8,
1.6E-39,0.0081,650.0,57.0,2000.0,3999999.9999999995,6100.0,6000.0,780.0,1300.0,2100.0,0.16,3999999.9999999995,3.1E-5,0.031,0.031,0.0,330.0,11.0,650.0,1.5E-7,6.1E-18,2.4E7,1.0,7.5E8,
1.6E-39,0.0081,650.0,57.0,2000.0,3999999.9999999995,6100.0,6000.0,780.0,1300.0,2100.0,0.16,3999999.9999999995,2.9E-5,0.031,0.031,0.0,330.0,11.0,610.0,1.5E-7,6.0E-18,2.4E7,1.0,7.5E8,
1.6E-39,0.0081,650.0,57.0,2000.0,3999999.9999999995,6100.0,6000.0,780.0,1300.0,2100.0,0.16,3999999.9999999995,2.6E-5,0.031,0.031,0.0,320.0,11.0,580.0,1.5E-7,5.5E-18,2.5E7,1.0,7.5E8,
1.6E-39,0.0081,650.0,57.0,2000.0,3999999.9999999995,6100.0,6000.0,780.0,1300.0,2100.0,0.16,3999999.9999999995,2.2E-5,0.031,0.031,0.0,320.0,11.0,550.0,1.5E-7,4.9E-18,2.7E7,1.0,7.5E8,
1.7E-39,0.012,550.0,650.0,3700.0,5400000.0,1100.0,6000.0,780.0,1300.0,2100.0,0.16,5400000.0,7.5E-6,0.038,0.038,0.0,330.0,10.0,520.0,2.3E-7,6.0E-14,2.7E7,1.0,7.7E8,
1.7E-39,0.011,550.0,640.0,3700.0,5200000.0,1100.0,6000.0,780.0,1300.0,2100.0,0.16,5200000.0,2.4E-5,0.036,0.036,0.0,320.0,10.0,500.0,2.3E-7,2.6E-14,2.5E7,1.0,7.7E8,
1.6E-39,0.011,550.0,640.0,3700.0,4800000.0,1100.0,6000.0,780.0,1300.0,2100.0,0.16,4900000.0,2.6E-5,0.035,0.035,0.0,320.0,9.6,490.0,2.3E-7,1.4E-14,2.4E7,1.0,7.6E8,
1.6E-39,0.011,550.0,640.0,3700.0,4700000.0,1100.0,6000.0,780.0,1300.0,2100.0,0.16,4700000.0,2.9E-5,0.034,0.034,0.0,320.0,9.4,470.0,2.2E-7,6.2E-15,2.3E7,1.0,7.6E8,
1.6E-39,0.01,550.0,640.0,3700.0,4300000.0,1100.0,6000.0,780.0,1300.0,2100.0,0.16,4400000.0,3.2E-5,0.033,0.033,0.0,320.0,9.1,450.0,2.2E-7,2.7E-15,2.2E7,1.0,7.6E8,
1.4999999999999998E-39,0.0099,550.0,640.0,3700.0,3999999.9999999995,1100.0,6000.0,780.0,1300.0,2100.0,0.16,3999999.9999999995,3.4E-5,0.031,0.031,0.0,320.0,8.7,440.0,2.2E-7,1.4E-15,2.1E7,1.0,7.5E8,
1.4999999999999998E-39,0.0099,550.0,640.0,3700.0,3999999.9999999995,1100.0,6000.0,780.0,1300.0,2100.0,0.16,3999999.9999999995,3.7E-5,0.031,0.031,0.0,320.0,8.7,410.0,2.2E-7,4.3E-16,2.0E7,1.0,7.5E8,
1.4999999999999998E-39,0.0099,550.0,640.0,3700.0,3999999.9999999995,1100.0,6000.0,780.0,1300.0,2100.0,0.16,3999999.9999999995,3.5E-5,0.031,0.031,0.0,320.0,8.7,390.0,2.2E-7,1.4E-16,2.1E7,1.0,7.5E8,
1.4999999999999998E-39,0.0099,550.0,640.0,3700.0,3999999.9999999995,1100.0,6000.0,780.0,1300.0,2100.0,0.16,3999999.9999999995,3.1E-5,0.031,0.031,0.0,320.0,8.7,360.0,2.2E-7,4.8E-17,2.2E7,1.0,7.5E8,
1.4999999999999998E-39,0.0099,550.0,640.0,3700.0,3999999.9999999995,1100.0,6000.0,780.0,1300.0,2100.0,0.16,3999999.9999999995,2.7E-5,0.031,0.031,0.0,320.0,8.7,340.0,2.2E-7,2.1E-17,2.3E7,1.0,7.5E8,
1.4999999999999998E-39,0.0099,550.0,640.0,3700.0,3999999.9999999995,1100.0,6000.0,780.0,1300.0,2100.0,0.16,3999999.9999999995,2.3E-5,0.031,0.031,0.0,320.0,8.7,320.0,2.2E-7,1.1E-17,2.4E7,1.0,7.5E8,
1.4999999999999998E-39,0.0099,550.0,640.0,3700.0,3999999.9999999995,1100.0,6000.0,780.0,1300.0,2100.0,0.16,3999999.9999999995,1.9E-5,0.031,0.031,0.0,310.0,8.7,300.0,2.2E-7,7.6E-18,2.6E7,1.0,7.5E8,
1.4999999999999998E-39,0.0099,550.0,640.0,3700.0,3999999.9999999995,1100.0,6000.0,780.0,1300.0,2100.0,0.16,3999999.9999999995,1.9E-5,0.031,0.031,0.0,310.0,8.6,290.0,2.2E-7,6.1E-18,2.6E7,1.0,7.5E8,
1.4999999999999998E-39,0.0099,550.0,640.0,3700.0,3999999.9999999995,1100.0,6000.0,780.0,1300.0,2100.0,0.16,3999999.9999999995,2.2E-5,0.031,0.031,0.0,310.0,8.6,270.0,2.2E-7,6.2E-18,2.4E7,1.0,7.5E8,
1.4999999999999998E-39,0.0099,550.0,640.0,3700.0,3999999.9999999995,1100.0,6000.0,780.0,1300.0,2100.0,0.16,3999999.9999999995,2.2E-5,0.031,0.031,0.0,300.0,8.6,250.0,2.2E-7,6.4E-18,2.4E7,1.0,7.5E8,
1.4999999999999998E-39,0.0099,550.0,640.0,3700.0,3999999.9999999995,1100.0,6000.0,780.0,1300.0,2100.0,0.16,3999999.9999999995,2.0E-5,0.031,0.031,0.0,300.0,8.6,240.0,2.2E-7,6.3E-18,2.5E7,1.0,7.5E8,
1.4999999999999998E-39,0.0099,550.0,640.0,3700.0,3999999.9999999995,1100.0,6000.0,780.0,1300.0,2100.0,0.16,3999999.9999999995,1.8E-5,0.031,0.031,0.0,300.0,8.6,230.0,2.2E-7,5.8E-18,2.6E7,1.0,7.5E8,
1.4999999999999998E-39,0.0099,550.0,640.0,3700.0,3999999.9999999995,1100.0,6000.0,780.0,1300.0,2100.0,0.16,3999999.9999999995,1.5E-5,0.031,0.031,0.0,300.0,8.6,210.0,2.2E-7,5.2E-18,2.8E7,1.0,7.5E8,
1.4999999999999998E-39,0.0099,550.0,640.0,3700.0,3999999.9999999995,1100.0,6000.0,780.0,1300.0,2100.0,0.16,3999999.9999999995,1.3E-5,0.031,0.031,0.0,300.0,8.6,200.0,2.2E-7,4.5E-18,2.9E7,1.0,7.5E8,
1.0000000000000001E-38,0.058,990.0,51000.0,5500.0,5699999.999999999,76000.0,12000.0,2600.0,1500.0,3300.0,0.16,5799999.999999999,3.1E-5,0.074,0.074,0.0,640.0,18.0,1400.0,5.0E-7,1.0E-12,2.8E7,1.0,7.8E8,
2.3E-39,0.013,990.0,2800.0,5500.0,5500000.0,2600.0,4100.0,2600.0,1500.0,3300.0,0.16,5500000.0,9.2E-6,0.049,0.049,0.0,640.0,18.0,1400.0,5.0E-7,1.1E-13,2.6E7,1.0,7.7E8,
2.2E-39,0.013,990.0,2800.0,5500.0,5100000.0,2600.0,4100.0,2600.0,1500.0,3300.0,0.16,5100000.0,4.3E-5,0.046,0.046,0.0,650.0,17.0,1300.0,5.0E-7,6.8E-14,2.5E7,1.0,7.7E8,
2.1E-39,0.012,990.0,2800.0,5500.0,4500000.0,2600.0,4100.0,2600.0,1500.0,3300.0,0.16,4600000.0,4.2E-5,0.044,0.044,0.0,650.0,16.0,1300.0,4.9E-7,5.4E-14,2.5E7,1.0,7.6E8,
2.1E-39,0.012,980.0,2700.0,5500.0,4099999.9999999995,2600.0,4100.0,2600.0,1500.0,3300.0,0.16,4099999.9999999995,4.4E-5,0.041,0.041,0.0,650.0,16.0,1300.0,4.9E-7,3.5E-14,2.4E7,1.0,7.6E8,
2.1E-39,0.012,980.0,2700.0,5500.0,4099999.9999999995,2600.0,4100.0,2600.0,1500.0,3300.0,0.16,4099999.9999999995,5.1E-5,0.041,0.041,0.0,650.0,16.0,1200.0,4.9E-7,1.0E-14,2.3E7,1.0,7.6E8,
2.1E-39,0.012,980.0,2700.0,5500.0,3999999.9999999995,2600.0,4100.0,2600.0,1500.0,3300.0,0.16,4099999.9999999995,5.7E-5,0.041,0.041,0.0,650.0,15.0,1200.0,4.9E-7,3.8E-15,2.2E7,1.0,7.6E8,
2.0E-39,0.012,980.0,2700.0,5500.0,3999999.9999999995,2600.0,4100.0,2600.0,1500.0,3300.0,0.16,3999999.9999999995,6.0E-5,0.041,0.041,0.0,640.0,15.0,1100.0,4.9E-7,1.4E-15,2.1E7,1.0,7.6E8,
2.0E-39,0.012,980.0,2700.0,5500.0,3999999.9999999995,2600.0,4100.0,2600.0,1500.0,3300.0,0.16,3999999.9999999995,6.6E-5,0.041,0.041,0.0,630.0,15.0,1000.0,4.9E-7,4.6E-16,2.1E7,1.0,7.6E8,
2.0E-39,0.012,980.0,2700.0,5500.0,3999999.9999999995,2600.0,4100.0,2600.0,1500.0,3300.0,0.16,3999999.9999999995,6.3E-5,0.041,0.041,0.0,620.0,15.0,970.0,4.9E-7,1.7E-16,2.1E7,1.0,7.6E8,
2.0E-39,0.012,980.0,2700.0,5500.0,3999999.9999999995,2600.0,4100.0,2600.0,1500.0,3300.0,0.16,3999999.9999999995,5.6E-5,0.041,0.041,0.0,590.0,15.0,920.0,4.9E-7,7.7E-17,2.2E7,1.0,7.6E8,
3.2E-39,0.016,5100.0,11000.0,1200.0,5500000.0,2600.0,4100.0,2600.0,1500.0,3300.0,0.16,5600000.0,1.4E-5,0.054,0.054,0.0,620.0,9.8,880.0,5.2E-7,2.0E-13,2.1E7,1.0,7.8E8,
1.8E-39,0.0089,5100.0,3500.0,1200.0,5300000.0,2600.0,4100.0,2600.0,1500.0,3300.0,0.16,5400000.0,4.2E-5,0.048,0.048,0.0,610.0,9.5,850.0,5.2E-7,6.1E-14,2.1E7,1.0,7.7E8,
1.8E-39,0.0086,5100.0,3500.0,1200.0,5100000.0,2600.0,4100.0,2600.0,1500.0,3300.0,0.16,5100000.0,4.6E-5,0.047,0.047,0.0,620.0,9.1,800.0,5.2E-7,1.8E-14,2.0E7,1.0,7.7E8,
1.7E-39,0.0084,5100.0,3500.0,1200.0,4800000.0,2600.0,4100.0,2600.0,1500.0,3300.0,0.16,4800000.0,4.7E-5,0.046,0.046,0.0,620.0,8.7,780.0,5.1E-7,9.6E-15,1.9E7,1.0,7.7E8,
1.6E-39,0.008,5100.0,3500.0,1200.0,4400000.0,2600.0,4100.0,2600.0,1500.0,3300.0,0.16,4400000.0,4.6E-5,0.043,0.043,0.0,620.0,8.1,750.0,5.1E-7,4.1E-15,1.9E7,1.0,7.7E8,
1.6E-39,0.0077,5100.0,3500.0,1200.0,3999999.9999999995,2600.0,4100.0,2600.0,1500.0,3300.0,0.16,3999999.9999999995,4.6E-5,0.041,0.041,0.0,610.0,7.6,720.0,5.1E-7,1.8E-15,1.8E7,1.0,7.6E8,
1.6E-39,0.0077,5100.0,3500.0,1200.0,3999999.9999999995,2600.0,4100.0,2600.0,1500.0,3300.0,0.16,3999999.9999999995,4.7E-5,0.041,0.041,0.0,610.0,7.6,680.0,5.1E-7,5.7E-16,1.8E7,1.0,7.6E8,
1.6E-39,0.0077,5100.0,3500.0,1200.0,3999999.9999999995,2600.0,4100.0,2600.0,1500.0,3300.0,0.16,3999999.9999999995,4.3E-5,0.041,0.041,0.0,610.0,7.6,640.0,5.1E-7,1.9E-16,1.9E7,1.0,7.6E8,
1.6E-39,0.0077,5100.0,3500.0,1200.0,3999999.9999999995,2600.0,4100.0,2600.0,1500.0,3300.0,0.16,3999999.9999999995,3.7E-5,0.041,0.041,0.0,610.0,7.6,600.0,5.1E-7,7.6E-17,2.0E7,1.0,7.6E8,
1.6E-39,0.0077,5100.0,3500.0,1200.0,3999999.9999999995,2600.0,4100.0,2600.0,1500.0,3300.0,0.16,3999999.9999999995,3.1E-5,0.041,0.041,0.0,600.0,7.6,560.0,5.1E-7,3.9E-17,2.1E7,1.0,7.6E8,
1.6E-39,0.0077,5100.0,3500.0,1200.0,3999999.9999999995,2600.0,4100.0,2600.0,1500.0,3300.0,0.16,3999999.9999999995,2.5E-5,0.041,0.041,0.0,600.0,7.6,530.0,5.1E-7,2.4E-17,2.2E7,1.0,7.6E8,
1.6E-39,0.0077,5100.0,3500.0,1200.0,3999999.9999999995,2600.0,4100.0,2600.0,1500.0,3300.0,0.16,3999999.9999999995,2.1E-5,0.041,0.041,0.0,590.0,7.6,500.0,5.1E-7,1.8E-17,2.4E7,1.0,7.6E8,
1.6E-39,0.0077,5100.0,3500.0,1200.0,3999999.9999999995,2600.0,4100.0,2600.0,1500.0,3300.0,0.16,3999999.9999999995,1.7E-5,0.041,0.041,0.0,580.0,7.6,470.0,5.1E-7,1.4E-17,2.6E7,1.0,7.6E8,
1.6E-39,0.0077,5100.0,3500.0,1200.0,3999999.9999999995,2600.0,4100.0,2600.0,1500.0,3300.0,0.16,3999999.9999999995,1.4E-5,0.041,0.041,0.0,570.0,7.6,440.0,5.1E-7,1.2E-17,2.8E7,1.0,7.6E8,
1.6E-39,0.0077,5100.0,3500.0,1200.0,3999999.9999999995,2600.0,4100.0,2600.0,1500.0,3300.0,0.16,3999999.9999999995,1.6E-5,0.041,0.041,0.0,570.0,7.6,420.0,5.1E-7,1.0E-17,2.7E7,1.0,7.6E8,
1.6E-39,0.0077,5100.0,3500.0,1200.0,3999999.9999999995,2600.0,4100.0,2600.0,1500.0,3300.0,0.16,3999999.9999999995,1.8E-5,0.041,0.041,0.0,550.0,7.6,390.0,5.1E-7,1.1E-17,2.6E7,1.0,7.6E8,
1.6E-39,0.0077,5100.0,3500.0,1200.0,3999999.9999999995,2600.0,4100.0,2600.0,1500.0,3300.0,0.16,3999999.9999999995,1.8E-5,0.041,0.041,0.0,550.0,7.6,370.0,5.1E-7,1.2E-17,2.6E7,1.0,7.6E8,
1.6E-39,0.0077,5100.0,3500.0,1200.0,3999999.9999999995,2600.0,4100.0,2600.0,1500.0,3300.0,0.16,3999999.9999999995,1.6E-5,0.041,0.041,0.0,550.0,7.6,350.0,5.1E-7,1.1E-17,2.6E7,1.0,7.6E8,
1.6E-39,0.0077,5100.0,3500.0,1200.0,3999999.9999999995,2600.0,4100.0,2600.0,1500.0,3300.0,0.16,3999999.9999999995,1.5E-5,0.041,0.041,0.0,550.0,7.6,330.0,5.1E-7,1.1E-17,2.7E7,1.0,7.6E8,
1.6E-39,0.0077,5100.0,3500.0,1200.0,3999999.9999999995,2600.0,4100.0,2600.0,1500.0,3300.0,0.16,3999999.9999999995,1.3E-5,0.041,0.041,0.0,550.0,7.6,310.0,5.1E-7,9.5E-18,2.9E7,1.0,7.6E8,
1.6E-39,0.0077,5100.0,3500.0,1200.0,3999999.9999999995,2600.0,4100.0,2600.0,1500.0,3300.0,0.16,3999999.9999999995,1.1E-5,0.041,0.041,0.0,550.0,7.6,290.0,5.1E-7,8.3E-18,3.0E7,1.0,7.6E8,
1.6E-39,0.0077,5100.0,3500.0,1200.0,3999999.9999999995,2600.0,4100.0,2600.0,1500.0,3300.0,0.16,3999999.9999999995,9.4E-6,0.041,0.041,0.0,550.0,7.6,280.0,5.1E-7,7.2E-18,3.2E7,1.0,7.6E8,
1.6E-39,0.0077,5100.0,3500.0,1200.0,3999999.9999999995,2600.0,4100.0,2600.0,1500.0,3300.0,0.16,3999999.9999999995,9.5E-6,0.041,0.041,0.0,550.0,7.6,260.0,5.1E-7,6.4E-18,3.2E7,1.0,7.6E8,
1.6E-39,0.0077,5100.0,3500.0,1200.0,3999999.9999999995,2600.0,4100.0,2600.0,1500.0,3300.0,0.16,3999999.9999999995,1.2E-5,0.041,0.041,0.0,550.0,7.6,250.0,5.1E-7,7.1E-18,3.0E7,1.0,7.6E8,
1.6E-39,0.0077,5100.0,3500.0,1200.0,3999999.9999999995,2600.0,4100.0,2600.0,1500.0,3300.0,0.16,3999999.9999999995,1.3E-5,0.041,0.041,0.0,550.0,7.6,230.0,5.1E-7,8.0E-18,2.9E7,1.0,7.6E8,
1.6E-39,0.0077,5100.0,3500.0,1200.0,3999999.9999999995,2600.0,4100.0,2600.0,1500.0,3300.0,0.16,3999999.9999999995,1.2E-5,0.041,0.041,0.0,550.0,7.6,220.0,5.1E-7,8.3E-18,2.9E7,1.0,7.6E8,
1.6E-39,0.0077,5100.0,3500.0,1200.0,3999999.9999999995,2600.0,4100.0,2600.0,1500.0,3300.0,0.16,3999999.9999999995,1.1E-5,0.041,0.041,0.0,550.0,7.6,200.0,5.1E-7,8.1E-18,3.0E7,1.0,7.6E8,
1.6E-39,0.0077,5100.0,3500.0,1200.0,3999999.9999999995,2600.0,4100.0,2600.0,1500.0,3300.0,0.16,3999999.9999999995,1.0E-5,0.041,0.041,0.0,550.0,7.6,190.0,5.1E-7,7.5E-18,3.1E7,1.0,7.6E8,
1.6E-39,0.0077,5100.0,3500.0,1200.0,3999999.9999999995,2600.0,4100.0,2600.0,1500.0,3300.0,0.16,3999999.9999999995,9.1E-6,0.041,0.041,0.0,550.0,7.6,180.0,5.1E-7,6.7E-18,3.3E7,1.0,7.6E8,
1.6E-39,0.0077,5100.0,3500.0,1200.0,3999999.9999999995,2600.0,4100.0,2600.0,1500.0,3300.0,0.16,3999999.9999999995,7.9E-6,0.041,0.041,0.0,550.0,7.6,170.0,5.1E-7,6.0E-18,3.4E7,1.0,7.6E8,
1.6E-39,0.0077,5100.0,3500.0,1200.0,3999999.9999999995,2600.0,4100.0,2600.0,1500.0,3300.0,0.16,3999999.9999999995,6.9E-6,0.041,0.041,0.0,540.0,7.6,160.0,5.1E-7,5.3E-18,3.6E7,1.0,7.6E8,
1.6E-39,0.0077,5100.0,3500.0,1200.0,3999999.9999999995,2600.0,4100.0,2600.0,1500.0,3300.0,0.16,3999999.9999999995,9.3E-6,0.041,0.041,0.0,540.0,7.6,150.0,5.1E-7,5.5E-18,3.2E7,1.0,7.6E8,
1.6E-39,0.0077,5100.0,3500.0,1200.0,3999999.9999999995,2600.0,4100.0,2600.0,1500.0,3300.0,0.16,3999999.9999999995,1.1E-5,0.041,0.041,0.0,540.0,7.6,140.0,5.1E-7,6.5E-18,3.1E7,1.0,7.6E8,
1.6E-39,0.0077,5100.0,3500.0,1200.0,3999999.9999999995,2600.0,4100.0,2600.0,1500.0,3300.0,0.16,3999999.9999999995,1.1E-5,0.041,0.041,0.0,530.0,7.6,130.0,5.1E-7,7.0E-18,3.1E7,1.0,7.6E8,
1.6E-39,0.0077,5100.0,3500.0,1200.0,3999999.9999999995,2600.0,4100.0,2600.0,1500.0,3300.0,0.16,3999999.9999999995,1.0E-5,0.041,0.041,0.0,530.0,7.6,130.0,5.1E-7,7.1E-18,3.1E7,1.0,7.6E8,
1.6E-39,0.0077,5100.0,3500.0,1200.0,3999999.9999999995,2600.0,4100.0,2600.0,1500.0,3300.0,0.16,3999999.9999999995,9.4E-6,0.041,0.041,0.0,530.0,7.6,120.0,5.2E-7,6.8E-18,3.2E7,1.0,7.6E8,
1.6E-39,0.0077,5100.0,3500.0,1200.0,3999999.9999999995,2600.0,4100.0,2600.0,1500.0,3300.0,0.16,3999999.9999999995,8.4E-6,0.041,0.041,0.0,520.0,7.6,110.0,5.2E-7,6.2E-18,3.3E7,1.0,7.6E8,
1.6E-39,0.0077,5100.0,3500.0,1200.0,3999999.9999999995,2600.0,4100.0,2600.0,1500.0,3300.0,0.16,3999999.9999999995,7.4E-6,0.041,0.041,0.0,510.0,7.6,110.0,5.2E-7,5.6E-18,3.5E7,1.0,7.6E8,
1.6E-39,0.0077,5100.0,3500.0,1200.0,3999999.9999999995,2600.0,4100.0,2600.0,1500.0,3300.0,0.16,3999999.9999999995,6.6E-6,0.041,0.041,0.0,500.0,7.6,100.0,5.2E-7,4.9E-18,3.7E7,1.0,7.6E8,
1.6E-39,0.0077,5100.0,3500.0,1200.0,3999999.9999999995,2600.0,4100.0,2600.0,1500.0,3300.0,0.16,3999999.9999999995,7.8E-6,0.041,0.041,0.0,500.0,7.6,94.0,5.2E-7,4.8E-18,3.4E7,1.0,7.6E8,
1.6E-39,0.0077,5100.0,3500.0,1200.0,3999999.9999999995,2600.0,4100.0,2600.0,1500.0,3300.0,0.16,3999999.9999999995,9.5E-6,0.041,0.041,0.0,500.0,7.6,89.0,5.2E-7,5.7E-18,3.2E7,1.0,7.6E8,
1.6E-39,0.0077,5100.0,3500.0,1200.0,3999999.9999999995,2600.0,4100.0,2600.0,1500.0,3300.0,0.16,3999999.9999999995,1.0E-5,0.041,0.041,0.0,500.0,7.6,84.0,5.2E-7,6.4E-18,3.1E7,1.0,7.6E8,
1.6E-39,0.0077,5100.0,3500.0,1200.0,3999999.9999999995,2600.0,4100.0,2600.0,1500.0,3300.0,0.16,3999999.9999999995,9.8E-6,0.041,0.041,0.0,490.0,7.6,79.0,5.2E-7,6.7E-18,3.2E7,1.0,7.6E8,
1.6E-39,0.0077,5100.0,3500.0,1200.0,3999999.9999999995,2600.0,4100.0,2600.0,1500.0,3300.0,0.16,3999999.9999999995,9.1E-6,0.041,0.041,0.0,480.0,7.6,74.0,5.2E-7,6.5E-18,3.2E7,1.0,7.6E8,
1.6E-39,0.0077,5100.0,3500.0,1200.0,3999999.9999999995,2600.0,4100.0,2600.0,1500.0,3300.0,0.16,3999999.9999999995,8.3E-6,0.041,0.041,0.0,480.0,7.6,70.0,5.2E-7,6.0E-18,3.4E7,1.0,7.6E8,
1.6E-39,0.0077,5100.0,3500.0,1200.0,3999999.9999999995,2600.0,4100.0,2600.0,1500.0,3300.0,0.16,3999999.9999999995,7.3E-6,0.041,0.041,0.0,480.0,7.6,66.0,5.2E-7,5.5E-18,3.5E7,1.0,7.6E8,
1.6E-39,0.0077,5100.0,3500.0,1200.0,3999999.9999999995,2600.0,4100.0,2600.0,1500.0,3300.0,0.16,3999999.9999999995,6.5E-6,0.041,0.041,0.0,480.0,7.6,62.0,5.2E-7,4.9E-18,3.7E7,1.0,7.6E8,
1.6E-39,0.0077,5100.0,3500.0,1200.0,3999999.9999999995,2600.0,4100.0,2600.0,1500.0,3300.0,0.16,3999999.9999999995,6.8E-6,0.041,0.041,0.0,470.0,7.6,59.0,5.2E-7,4.5E-18,3.6E7,1.0,7.6E8,
1.6E-39,0.0077,5100.0,3500.0,1200.0,3999999.9999999995,2600.0,4100.0,2600.0,1500.0,3300.0,0.16,3999999.9999999995,8.6E-6,0.041,0.041,0.0,460.0,7.6,55.0,5.2E-7,5.1E-18,3.3E7,1.0,7.6E8,
1.6E-39,0.0076,5100.0,3500.0,1200.0,3999999.9999999995,2600.0,4100.0,2600.0,1500.0,3300.0,0.16,3999999.9999999995,1.0E-5,0.041,0.041,0.0,450.0,7.5,52.0,5.2E-7,5.9E-18,3.1E7,1.0,7.5E8,
1.6E-39,0.0076,5100.0,3500.0,1200.0,3999999.9999999995,2600.0,4000.0,2500.0,1500.0,3300.0,0.15,3999999.9999999995,1.3E-5,0.041,0.041,0.0,450.0,7.5,49.0,5.1E-7,7.4E-18,2.8E7,1.0,7.5E8,
1.6E-39,0.0076,5100.0,3500.0,1200.0,3999999.9999999995,2600.0,4000.0,2500.0,1500.0,3300.0,0.15,3999999.9999999995,1.5E-5,0.041,0.041,0.0,450.0,7.5,46.0,5.1E-7,9.1E-18,2.6E7,1.0,7.4E8,
1.6E-39,0.0076,5100.0,3500.0,1200.0,3899999.9999999995,2600.0,4000.0,2500.0,1500.0,3300.0,0.15,3999999.9999999995,1.8E-5,0.041,0.041,0.0,450.0,7.5,44.0,5.1E-7,1.1E-17,2.5E7,1.0,7.4E8,
1.6E-39,0.0076,5100.0,3500.0,1200.0,3899999.9999999995,2600.0,4000.0,2500.0,1500.0,3300.0,0.15,3999999.9999999995,1.9E-5,0.041,0.041,0.0,450.0,7.5,42.0,5.1E-7,1.2E-17,2.4E7,1.0,7.4E8,
1.6E-39,0.0076,5100.0,3500.0,1200.0,3899999.9999999995,2600.0,4000.0,2500.0,1500.0,3300.0,0.15,3999999.9999999995,1.9E-5,0.041,0.041,0.0,450.0,7.5,39.0,5.1E-7,1.3E-17,2.4E7,1.0,7.4E8,
1.6E-39,0.0076,5100.0,3500.0,1200.0,3899999.9999999995,2600.0,4000.0,2500.0,1500.0,3300.0,0.15,3999999.9999999995,1.7E-5,0.041,0.041,0.0,440.0,7.5,37.0,5.1E-7,1.3E-17,2.5E7,1.0,7.4E8,
1.6E-39,0.0076,5100.0,3500.0,1200.0,3899999.9999999995,2600.0,4000.0,2500.0,1500.0,3300.0,0.15,3999999.9999999995,1.5E-5,0.041,0.041,0.0,440.0,7.5,35.0,5.1E-7,1.2E-17,2.6E7,1.0,7.4E8,
1.6E-39,0.0076,5100.0,3500.0,1200.0,3899999.9999999995,2600.0,4000.0,2500.0,1500.0,3300.0,0.15,3999999.9999999995,1.3E-5,0.041,0.041,0.0,440.0,7.5,33.0,5.1E-7,1.0E-17,2.7E7,1.0,7.4E8,
1.6E-39,0.0076,5100.0,3500.0,1200.0,3899999.9999999995,2600.0,4000.0,2500.0,1500.0,3300.0,0.15,3999999.9999999995,1.1E-5,0.041,0.041,0.0,440.0,7.5,31.0,5.1E-7,9.0E-18,2.9E7,1.0,7.4E8,
1.6E-39,0.0076,5100.0,3500.0,1200.0,3899999.9999999995,2600.0,4000.0,2500.0,1500.0,3300.0,0.15,3999999.9999999995,9.8E-6,0.041,0.041,0.0,440.0,7.5,29.0,5.1E-7,7.7E-18,3.1E7,1.0,7.4E8,
1.6E-39,0.0076,5100.0,3500.0,1200.0,3899999.9999999995,2600.0,4000.0,2500.0,1500.0,3300.0,0.15,3999999.9999999995,9.9E-6,0.041,0.041,0.0,430.0,7.5,27.0,5.1E-7,6.9E-18,3.0E7,1.0,7.4E8,
1.6E-39,0.0076,5100.0,3500.0,1200.0,3899999.9999999995,2600.0,4000.0,2500.0,1500.0,3300.0,0.15,3999999.9999999995,1.2E-5,0.041,0.041,0.0,430.0,7.5,26.0,5.1E-7,7.6E-18,2.8E7,1.0,7.4E8,
1.6E-39,0.0076,5100.0,3500.0,1200.0,3899999.9999999995,2600.0,4000.0,2500.0,1500.0,3300.0,0.15,3999999.9999999995,1.3E-5,0.041,0.041,0.0,430.0,7.5,24.0,5.1E-7,8.5E-18,2.8E7,1.0,7.4E8,
1.6E-39,0.0076,5100.0,3500.0,1200.0,3899999.9999999995,2600.0,4000.0,2500.0,1500.0,3300.0,0.15,3999999.9999999995,1.3E-5,0.041,0.041,0.0,430.0,7.5,23.0,5.1E-7,8.8E-18,2.8E7,1.0,7.4E8,
1.6E-39,0.0076,5100.0,3500.0,1200.0,3899999.9999999995,2600.0,4000.0,2500.0,1500.0,3300.0,0.15,3999999.9999999995,1.2E-5,0.041,0.041,0.0,430.0,7.5,22.0,5.1E-7,8.5E-18,2.9E7,1.0,7.4E8,
1.6E-39,0.0076,5100.0,3500.0,1200.0,3899999.9999999995,2600.0,4000.0,2500.0,1500.0,3300.0,0.15,3999999.9999999995,1.0E-5,0.041,0.041,0.0,430.0,7.5,20.0,5.1E-7,7.9E-18,3.0E7,1.0,7.4E8,
1.3E-39,0.011,4700.0,1700.0,4000.0,6299999.999999999,5300.0,1400.0,50.0,3400.0,230.0,0.16,6299999.999999999,1.7E-5,0.04,0.04,0.0,930.0,10.0,22000.0,1.1E-6,6.1E-13,3.2E7,1.0,8.2E8,
1.1999999999999999E-39,0.01,4700.0,1700.0,4000.0,5899999.999999999,5300.0,1400.0,50.0,3400.0,230.0,0.16,5999999.999999999,1.9E-5,0.038,0.038,0.0,930.0,9.8,21000.0,1.1E-6,3.2E-13,3.0E7,1.0,8.2E8,
1.3E-39,0.013,4700.0,4000.0,4800.0,6499999.999999999,5300.0,1400.0,50.0,3300.0,230.0,0.16,6499999.999999999,3.8E-5,0.029,0.029,0.0,940.0,18.0,21000.0,1.1E-6,7.3E-13,2.9E7,1.0,8.2E8,
1.3E-39,0.013,4700.0,4000.0,4800.0,6199999.999999999,5300.0,1400.0,50.0,3300.0,230.0,0.16,6199999.999999999,4.3E-5,0.028,0.028,0.0,940.0,18.0,20000.0,1.1E-6,3.9E-13,2.7E7,1.0,8.2E8,
1.1999999999999999E-39,0.012,4700.0,4000.0,4700.0,5500000.0,5200.0,1400.0,50.0,3300.0,230.0,0.15,5500000.0,4.5E-5,0.026,0.026,0.0,920.0,17.0,20000.0,1.1E-6,2.1E-13,2.6E7,1.0,8.2E8,
1.1999999999999999E-39,0.012,4700.0,3900.0,4700.0,5200000.0,5200.0,1400.0,50.0,3300.0,230.0,0.15,5300000.0,4.9E-5,0.025,0.025,0.0,930.0,16.0,19000.0,1.1E-6,1.1E-13,2.5E7,1.0,8.1E8,
1.1999999999999999E-39,0.011,4700.0,3900.0,4700.0,4700000.0,5200.0,1400.0,49.0,3300.0,230.0,0.15,4800000.0,5.1E-5,0.023,0.023,0.0,930.0,16.0,19000.0,1.1E-6,7.1E-14,2.4E7,1.0,8.1E8,
1.1E-39,0.011,4600.0,3900.0,4700.0,4400000.0,5200.0,1400.0,49.0,3300.0,230.0,0.15,4400000.0,5.7E-5,0.021,0.021,0.0,930.0,15.0,18000.0,1.1E-6,2.6E-14,2.3E7,1.0,8.0E8,
1.1E-39,0.011,4600.0,3900.0,4700.0,4200000.0,5200.0,1400.0,49.0,3300.0,230.0,0.15,4200000.0,6.2E-5,0.02,0.02,0.0,920.0,15.0,17000.0,1.0E-6,9.3E-15,2.2E7,1.0,8.0E8,
1.1E-39,0.011,4600.0,3900.0,4700.0,4200000.0,5200.0,1400.0,49.0,3300.0,230.0,0.15,4200000.0,6.3E-5,0.02,0.02,0.0,920.0,15.0,16000.0,1.0E-6,2.9E-15,2.2E7,1.0,8.0E8,
1.1E-39,0.011,4600.0,3900.0,4700.0,4200000.0,5200.0,1400.0,49.0,3300.0,230.0,0.15,4200000.0,5.8E-5,0.02,0.02,0.0,920.0,15.0,15000.0,1.0E-6,9.2E-16,2.2E7,1.0,8.0E8,
1.1E-39,0.011,4600.0,3900.0,4700.0,4200000.0,5200.0,1400.0,49.0,3300.0,230.0,0.15,4200000.0,5.0E-5,0.02,0.02,0.0,920.0,15.0,14000.0,1.0E-6,3.2E-16,2.3E7,1.0,8.0E8,
1.1E-39,0.011,4600.0,3900.0,4700.0,4200000.0,5200.0,1400.0,49.0,3300.0,230.0,0.15,4200000.0,4.2E-5,0.02,0.02,0.0,910.0,15.0,13000.0,1.0E-6,1.4E-16,2.5E7,1.0,8.0E8,
1.1E-39,0.011,4600.0,3900.0,4700.0,4200000.0,5200.0,1400.0,49.0,3300.0,230.0,0.15,4200000.0,3.6E-5,0.02,0.02,0.0,910.0,15.0,13000.0,1.1E-6,7.7E-17,2.7E7,1.0,8.0E8,
1.1E-39,0.011,4600.0,3900.0,4700.0,4200000.0,5200.0,1400.0,49.0,3300.0,230.0,0.15,4200000.0,3.0E-5,0.02,0.02,0.0,910.0,15.0,12000.0,1.0E-6,5.2E-17,2.8E7,1.0,8.0E8,
1.1E-39,0.011,4600.0,3900.0,4700.0,4200000.0,5200.0,1400.0,49.0,3300.0,230.0,0.15,4200000.0,2.5E-5,0.02,0.02,0.0,910.0,15.0,11000.0,1.1E-6,4.0E-17,3.0E7,1.0,8.0E8,
1.1E-39,0.011,4600.0,3900.0,4700.0,4200000.0,5200.0,1400.0,49.0,3300.0,230.0,0.15,4200000.0,2.5E-5,0.02,0.02,0.0,910.0,15.0,10000.0,1.1E-6,3.4E-17,3.0E7,1.0,8.0E8,
1.1E-39,0.011,4600.0,3900.0,4700.0,4200000.0,5200.0,1400.0,49.0,3300.0,230.0,0.15,4200000.0,3.0E-5,0.02,0.02,0.0,910.0,15.0,9900.0,1.1E-6,3.6E-17,2.8E7,1.0,8.0E8,
1.1E-39,0.011,4600.0,3900.0,4700.0,4200000.0,5200.0,1400.0,49.0,3300.0,230.0,0.15,4200000.0,3.1E-5,0.02,0.02,0.0,900.0,15.0,9300.0,1.1E-6,3.9E-17,2.8E7,1.0,8.0E8,
1.1E-39,0.011,4600.0,3900.0,4700.0,4200000.0,5200.0,1400.0,49.0,3300.0,230.0,0.15,4200000.0,2.9E-5,0.02,0.02,0.0,890.0,15.0,8700.0,1.1E-6,3.9E-17,2.8E7,1.0,8.0E8,
1.1E-39,0.011,4600.0,3900.0,4700.0,4200000.0,5200.0,1400.0,49.0,3300.0,230.0,0.15,4200000.0,2.7E-5,0.02,0.02,0.0,880.0,15.0,8200.0,1.1E-6,3.7E-17,2.9E7,1.0,8.0E8,
1.1E-39,0.011,4600.0,3900.0,4700.0,4200000.0,5200.0,1400.0,49.0,3300.0,230.0,0.15,4200000.0,2.3E-5,0.02,0.02,0.0,880.0,15.0,7800.0,1.1E-6,3.4E-17,3.1E7,1.0,8.0E8,
1.1E-39,0.011,4600.0,3900.0,4700.0,4200000.0,5200.0,1400.0,49.0,3300.0,230.0,0.15,4200000.0,2.0E-5,0.02,0.02,0.0,880.0,15.0,7300.0,1.1E-6,3.0E-17,3.2E7,1.0,8.0E8,
1.1E-39,0.011,4600.0,3900.0,4700.0,4200000.0,5200.0,1400.0,49.0,3300.0,230.0,0.15,4200000.0,1.8E-5,0.02,0.02,0.0,870.0,15.0,6900.0,1.1E-6,2.6E-17,3.4E7,1.0,8.0E8,
1.1E-39,0.011,4600.0,3900.0,4700.0,4200000.0,5200.0,1400.0,49.0,3300.0,230.0,0.15,4200000.0,1.5E-5,0.02,0.02,0.0,870.0,15.0,6500.0,1.1E-6,2.3E-17,3.6E7,1.0,8.0E8,
1.1E-39,0.011,4600.0,3900.0,4700.0,4200000.0,5200.0,1400.0,49.0,3300.0,230.0,0.15,4200000.0,2.0E-5,0.02,0.02,0.0,870.0,15.0,6100.0,1.1E-6,2.4E-17,3.2E7,1.0,8.0E8,
1.1E-39,0.011,4600.0,3900.0,4700.0,4200000.0,5200.0,1400.0,49.0,3300.0,230.0,0.15,4200000.0,2.3E-5,0.02,0.02,0.0,860.0,15.0,5800.0,1.1E-6,2.7E-17,3.1E7,1.0,8.0E8,
1.1E-39,0.011,4600.0,3900.0,4700.0,4200000.0,5200.0,1400.0,49.0,3300.0,230.0,0.15,4200000.0,2.3E-5,0.02,0.02,0.0,860.0,15.0,5400.0,1.1E-6,2.9E-17,3.1E7,1.0,8.0E8,
1.1E-39,0.011,4600.0,3900.0,4700.0,4200000.0,5200.0,1400.0,49.0,3300.0,230.0,0.15,4200000.0,2.2E-5,0.02,0.02,0.0,860.0,15.0,5100.0,1.1E-6,2.9E-17,3.2E7,1.0,8.0E8,
1.1E-39,0.011,4600.0,3900.0,4700.0,4200000.0,5200.0,1400.0,49.0,3300.0,230.0,0.15,4200000.0,2.0E-5,0.02,0.02,0.0,850.0,15.0,4800.0,1.1E-6,2.8E-17,3.3E7,1.0,8.0E8,
1.1E-39,0.011,4600.0,3900.0,4700.0,4200000.0,5200.0,1400.0,49.0,3300.0,230.0,0.15,4200000.0,1.8E-5,0.02,0.02,0.0,850.0,15.0,4500.0,1.1E-6,2.5E-17,3.4E7,1.0,8.0E8,
1.1E-39,0.011,4600.0,3900.0,4700.0,4200000.0,5200.0,1400.0,49.0,3300.0,230.0,0.15,4200000.0,1.5E-5,0.02,0.02,0.0,840.0,15.0,4300.0,1.1E-6,2.2E-17,3.6E7,1.0,8.0E8,
1.1E-39,0.011,4600.0,3900.0,4700.0,4200000.0,5200.0,1400.0,49.0,3300.0,230.0,0.15,4200000.0,1.4E-5,0.02,0.02,0.0,840.0,15.0,4000.0,1.1E-6,2.0E-17,3.8E7,1.0,8.0E8,
1.1E-39,0.011,4600.0,3900.0,4700.0,4200000.0,5200.0,1400.0,49.0,3300.0,230.0,0.15,4200000.0,1.6E-5,0.02,0.02,0.0,830.0,15.0,3800.0,1.1E-6,1.9E-17,3.5E7,1.0,8.0E8,
1.1E-39,0.011,4600.0,3900.0,4700.0,4200000.0,5200.0,1400.0,49.0,3300.0,230.0,0.15,4200000.0,1.9E-5,0.02,0.02,0.0,830.0,15.0,3600.0,1.1E-6,2.2E-17,3.3E7,1.0,8.0E8,
2.7999999999999998E-39,0.03,5200.0,36000.0,3800.0,6299999.999999999,6300.0,1400.0,49.0,3300.0,230.0,0.16,6299999.999999999,1.2,0.039,0.039,0.0,940.0,9.9,3500.0,1.3E-6,7.3E-13,3.2E7,1.0,8.3E8,
8.0E-40,0.0084,5200.0,3500.0,3800.0,5799999.999999999,6300.0,1400.0,49.0,3300.0,230.0,0.15,5899999.999999999,1.8E-5,0.025,0.025,0.0,940.0,9.8,3400.0,1.3E-6,1.1E-13,3.1E7,1.0,8.3E8,
7.6E-40,0.008,5200.0,3500.0,3700.0,5200000.0,6300.0,1400.0,49.0,3300.0,230.0,0.15,5200000.0,2.0E-5,0.023,0.023,0.0,950.0,9.2,3200.0,1.3E-6,4.9E-14,2.8E7,1.0,8.2E8,
7.5E-40,0.0078,5200.0,3500.0,3700.0,4900000.0,6300.0,1300.0,49.0,3300.0,230.0,0.15,5000000.0,2.2E-5,0.022,0.022,0.0,940.0,8.9,3100.0,1.3E-6,2.6E-14,2.7E7,1.0,8.2E8,
7.2E-40,0.0075,5200.0,3400.0,3700.0,4500000.0,6300.0,1300.0,49.0,3300.0,230.0,0.15,4500000.0,2.2E-5,0.02,0.02,0.0,930.0,8.4,3100.0,1.3E-6,2.0E-14,2.6E7,1.0,8.1E8,
7.0E-40,0.0074,5200.0,3400.0,3700.0,4300000.0,6300.0,1300.0,49.0,3300.0,230.0,0.15,4300000.0,2.5E-5,0.019,0.019,0.0,930.0,8.2,3000.0,1.3E-6,9.1E-15,2.5E7,1.0,8.1E8,
7.0E-40,0.0073,5200.0,3400.0,3700.0,4200000.0,6300.0,1300.0,49.0,3300.0,230.0,0.15,4200000.0,2.8E-5,0.019,0.019,0.0,930.0,8.1,2800.0,1.3E-6,3.3E-15,2.4E7,1.0,8.1E8,
7.0E-40,0.0073,5200.0,3400.0,3700.0,4200000.0,6300.0,1300.0,49.0,3300.0,230.0,0.15,4200000.0,2.9E-5,0.019,0.019,0.0,920.0,8.1,2700.0,1.3E-6,1.0E-15,2.3E7,1.0,8.1E8,
7.0E-40,0.0073,5200.0,3400.0,3700.0,4200000.0,6300.0,1300.0,49.0,3300.0,230.0,0.15,4200000.0,2.8E-5,0.019,0.019,0.0,920.0,8.1,2500.0,1.3E-6,3.4E-16,2.4E7,1.0,8.1E8,
7.0E-40,0.0073,5200.0,3400.0,3700.0,4200000.0,6300.0,1300.0,49.0,3300.0,230.0,0.15,4200000.0,2.4E-5,0.019,0.019,0.0,920.0,8.1,2400.0,1.3E-6,1.3E-16,2.5E7,1.0,8.1E8,
7.0E-40,0.0073,5200.0,3400.0,3700.0,4200000.0,6300.0,1300.0,49.0,3300.0,230.0,0.15,4200000.0,2.1E-5,0.019,0.019,0.0,920.0,8.1,2200.0,1.3E-6,6.4E-17,2.6E7,1.0,8.1E8,
7.0E-40,0.0073,5200.0,3400.0,3700.0,4200000.0,6300.0,1300.0,49.0,3300.0,230.0,0.15,4200000.0,1.8E-5,0.019,0.019,0.0,920.0,8.1,2100.0,1.3E-6,4.0E-17,2.8E7,1.0,8.1E8,
7.0E-40,0.0073,5200.0,3400.0,3700.0,4200000.0,6300.0,1300.0,49.0,3300.0,230.0,0.15,4200000.0,1.5E-5,0.019,0.019,0.0,910.0,8.1,2000.0,1.3E-6,2.9E-17,3.0E7,1.0,8.1E8,
7.0E-40,0.0073,5200.0,3400.0,3700.0,4200000.0,6300.0,1300.0,49.0,3300.0,230.0,0.15,4200000.0,1.3E-5,0.019,0.019,0.0,900.0,8.1,1900.0,1.3E-6,2.4E-17,3.1E7,1.0,8.1E8,
7.0E-40,0.0073,5200.0,3400.0,3700.0,4200000.0,6300.0,1300.0,49.0,3300.0,230.0,0.15,4200000.0,1.3E-5,0.019,0.019,0.0,890.0,8.1,1700.0,1.3E-6,2.0E-17,3.1E7,1.0,8.1E8,
6.2E-39,0.17,15000.0,120000.0,6600.0,6299999.999999999,6300.0,1300.0,49.0,3300.0,230.0,0.15,6399999.999999999,9.2E-5,0.059,0.059,0.0,940.0,48.0,5500.0,1.3E-6,8.6E-12,3.0E7,1.0,8.4E8,
8.4E-40,0.023,2400.0,4500.0,6600.0,6299999.999999999,6300.0,1300.0,49.0,3300.0,230.0,0.15,6299999.999999999,1.5E-5,0.024,0.024,0.0,940.0,48.0,5300.0,1.3E-6,5.2E-13,2.8E7,1.0,8.4E8,
8.4E-40,0.023,2400.0,4500.0,6600.0,6199999.999999999,6300.0,1300.0,49.0,3300.0,230.0,0.15,6299999.999999999,1.3E-4,0.024,0.024,0.0,940.0,47.0,5000.0,1.3E-6,1.9E-13,2.7E7,1.0,8.4E8,
8.2E-40,0.022,2400.0,4500.0,6500.0,5899999.999999999,6200.0,1300.0,49.0,3300.0,230.0,0.15,5999999.999999999,1.5E-4,0.023,0.023,0.0,940.0,46.0,4800.0,1.3E-6,8.5E-14,2.5E7,1.0,8.4E8,
8.1E-40,0.022,2400.0,4500.0,6500.0,5699999.999999999,6200.0,1300.0,49.0,3300.0,230.0,0.15,5699999.999999999,1.6E-4,0.022,0.022,0.0,950.0,45.0,4700.0,1.3E-6,4.6E-14,2.4E7,1.0,8.3E8,
7.9E-40,0.021,2400.0,4500.0,6500.0,5300000.0,6200.0,1300.0,49.0,3300.0,230.0,0.15,5400000.0,1.7E-4,0.021,0.021,0.0,940.0,44.0,4500.0,1.3E-6,2.5E-14,2.3E7,1.0,8.3E8,
7.5E-40,0.02,2400.0,4500.0,6500.0,4500000.0,6200.0,1300.0,49.0,3300.0,220.0,0.15,4500000.0,1.6E-4,0.018,0.018,0.0,930.0,41.0,4400.0,1.3E-6,1.6E-14,2.3E7,1.0,8.2E8,
6.1E-40,0.0074,3300.0,4600.0,140.0,6299999.999999999,6200.0,1300.0,49.0,3300.0,220.0,0.15,6299999.999999999,2.5E-5,0.022,0.022,0.0,940.0,17.0,4300.0,1.4E-6,2.9E-13,2.2E7,1.0,8.4E8,
5.9E-40,0.0072,3300.0,4600.0,140.0,5899999.999999999,6200.0,1300.0,49.0,3300.0,220.0,0.15,5899999.999999999,7.7E-5,0.021,0.021,0.0,940.0,16.0,4100.0,1.4E-6,1.3E-13,2.2E7,1.0,8.4E8,
5.7E-40,0.0069,3300.0,4600.0,140.0,5500000.0,6200.0,1300.0,48.0,3300.0,220.0,0.15,5500000.0,7.7E-5,0.019,0.019,0.0,940.0,15.0,4000.0,1.4E-6,6.8E-14,2.1E7,1.0,8.3E8,
5.4E-40,0.0066,3200.0,4600.0,140.0,5100000.0,6200.0,1300.0,48.0,3300.0,220.0,0.15,5100000.0,7.4E-5,0.018,0.018,0.0,930.0,14.0,3900.0,1.4E-6,4.4E-14,2.1E7,1.0,8.3E8,
5.3E-40,0.0065,3200.0,4600.0,140.0,4900000.0,6200.0,1300.0,48.0,3200.0,220.0,0.15,4900000.0,7.5E-5,0.017,0.017,0.0,930.0,13.0,3800.0,1.4E-6,2.3E-14,2.0E7,1.0,8.3E8,
5.1E-40,0.0062,3200.0,4600.0,140.0,4500000.0,6200.0,1300.0,48.0,3200.0,220.0,0.15,4500000.0,7.3E-5,0.016,0.016,0.0,930.0,12.0,3700.0,1.3E-6,1.2E-14,2.0E7,1.0,8.2E8,
4.9E-40,0.006,3200.0,4600.0,140.0,4200000.0,6200.0,1300.0,48.0,3200.0,220.0,0.15,4200000.0,7.4E-5,0.015,0.015,0.0,920.0,11.0,3500.0,1.3E-6,4.5E-15,1.9E7,1.0,8.2E8,
4.9E-40,0.006,3200.0,4600.0,140.0,4200000.0,6200.0,1300.0,48.0,3200.0,220.0,0.15,4200000.0,7.2E-5,0.015,0.015,0.0,920.0,11.0,3300.0,1.3E-6,1.4E-15,1.9E7,1.0,8.2E8,
4.9E-40,0.006,3200.0,4600.0,140.0,4200000.0,6200.0,1300.0,48.0,3200.0,220.0,0.15,4200000.0,6.4E-5,0.015,0.015,0.0,920.0,11.0,3100.0,1.3E-6,5.1E-16,2.0E7,1.0,8.2E8,
4.9E-40,0.006,3200.0,4600.0,140.0,4200000.0,6200.0,1300.0,48.0,3200.0,220.0,0.15,4200000.0,5.4E-5,0.015,0.015,0.0,920.0,11.0,2900.0,1.3E-6,2.2E-16,2.1E7,1.0,8.2E8,
4.9E-40,0.006,3200.0,4600.0,140.0,4200000.0,6200.0,1300.0,48.0,3200.0,220.0,0.15,4200000.0,4.4E-5,0.015,0.015,0.0,920.0,11.0,2800.0,1.3E-6,1.2E-16,2.3E7,1.0,8.2E8,
7.5E-40,0.011,18000.0,4300.0,3600.0,5999999.999999999,6200.0,1300.0,48.0,3200.0,220.0,0.15,5999999.999999999,3.5E-4,0.026,0.026,0.0,950.0,28.0,2600.0,1.4E-6,4.2E-15,2.5E7,1.0,8.4E8,
7.4E-40,0.011,3300.0,4300.0,3600.0,5699999.999999999,6200.0,1300.0,48.0,3200.0,220.0,0.15,5699999.999999999,9.4E-5,0.025,0.025,0.0,940.0,27.0,2500.0,1.4E-6,2.8E-15,2.4E7,1.0,8.4E8,
7.0E-40,0.01,3300.0,4300.0,3600.0,5000000.0,6200.0,1300.0,48.0,3200.0,220.0,0.15,5000000.0,9.5E-5,0.022,0.022,0.0,940.0,25.0,2500.0,1.4E-6,1.5E-15,2.3E7,1.0,8.3E8,
6.8E-40,0.01,3300.0,4300.0,3600.0,4600000.0,6100.0,1300.0,48.0,3200.0,220.0,0.15,4700000.0,1.0E-4,0.021,0.021,0.0,940.0,24.0,2400.0,1.4E-6,7.6E-16,2.2E7,1.0,8.3E8,
6.7E-40,0.0098,3200.0,4300.0,3600.0,4500000.0,6100.0,1300.0,48.0,3200.0,220.0,0.15,4500000.0,1.1E-4,0.02,0.02,0.0,940.0,24.0,2300.0,1.4E-6,4.3E-16,2.2E7,1.0,8.3E8,
6.6E-40,0.0097,3200.0,4300.0,3600.0,4300000.0,6100.0,1300.0,48.0,3200.0,220.0,0.15,4300000.0,1.1E-4,0.019,0.019,0.0,940.0,23.0,2200.0,1.4E-6,3.5E-16,2.1E7,1.0,8.2E8,
6.5E-40,0.0096,3200.0,4300.0,3600.0,4200000.0,6100.0,1300.0,48.0,3200.0,220.0,0.15,4300000.0,1.2E-4,0.019,0.019,0.0,940.0,23.0,2100.0,1.4E-6,2.5E-16,2.1E7,1.0,8.2E8,
6.5E-40,0.0096,3200.0,4300.0,3600.0,4200000.0,6100.0,1300.0,48.0,3200.0,220.0,0.15,4300000.0,1.1E-4,0.019,0.019,0.0,940.0,23.0,2000.0,1.4E-6,2.1E-16,2.1E7,1.0,8.2E8,
6.5E-40,0.0096,3200.0,4300.0,3600.0,4200000.0,6100.0,1300.0,48.0,3200.0,220.0,0.15,4300000.0,1.0E-4,0.019,0.019,0.0,930.0,23.0,1900.0,1.4E-6,1.9E-16,2.2E7,1.0,8.2E8,
6.5E-40,0.0096,3200.0,4300.0,3600.0,4200000.0,6100.0,1300.0,48.0,3200.0,220.0,0.15,4300000.0,8.6E-5,0.019,0.019,0.0,930.0,23.0,1800.0,1.4E-6,1.7E-16,2.3E7,1.0,8.2E8,
6.5E-40,0.0096,3200.0,4300.0,3600.0,4200000.0,6100.0,1300.0,48.0,3200.0,220.0,0.15,4300000.0,7.2E-5,0.019,0.019,0.0,930.0,23.0,1700.0,1.4E-6,1.4E-16,2.5E7,1.0,8.2E8,
6.5E-40,0.0096,3200.0,4300.0,3600.0,4200000.0,6100.0,1300.0,48.0,3200.0,220.0,0.15,4300000.0,5.9E-5,0.019,0.019,0.0,920.0,23.0,1600.0,1.4E-6,1.2E-16,2.7E7,1.0,8.2E8,
6.5E-40,0.0096,3200.0,4300.0,3600.0,4200000.0,6100.0,1300.0,48.0,3200.0,220.0,0.15,4300000.0,4.9E-5,0.019,0.019,0.0,910.0,23.0,1500.0,1.4E-6,9.8E-17,2.8E7,1.0,8.2E8,
6.5E-40,0.0096,3200.0,4300.0,3600.0,4200000.0,6100.0,1300.0,48.0,3200.0,220.0,0.15,4300000.0,4.1E-5,0.019,0.019,0.0,910.0,23.0,1400.0,1.4E-6,8.2E-17,3.0E7,1.0,8.2E8,
6.5E-40,0.0096,3200.0,4300.0,3600.0,4200000.0,6100.0,1300.0,48.0,3200.0,220.0,0.15,4300000.0,4.3E-5,0.019,0.019,0.0,900.0,23.0,1300.0,1.4E-6,7.2E-17,3.0E7,1.0,8.2E8,
6.5E-40,0.0096,3200.0,4300.0,3600.0,4200000.0,6100.0,1300.0,48.0,3200.0,220.0,0.15,4300000.0,5.0E-5,0.019,0.019,0.0,870.0,23.0,1200.0,1.4E-6,7.8E-17,2.8E7,1.0,8.2E8,
6.5E-40,0.0096,3200.0,4300.0,3600.0,4200000.0,6100.0,1300.0,48.0,3200.0,220.0,0.15,4300000.0,5.1E-5,0.019,0.019,0.0,870.0,23.0,1200.0,1.4E-6,8.3E-17,2.8E7,1.0,8.2E8,
6.5E-40,0.0096,3200.0,4300.0,3600.0,4200000.0,6100.0,1300.0,48.0,3200.0,220.0,0.15,4300000.0,4.8E-5,0.019,0.019,0.0,870.0,23.0,1100.0,1.4E-6,8.3E-17,2.9E7,1.0,8.2E8,
6.5E-40,0.0096,3200.0,4300.0,3600.0,4200000.0,6100.0,1300.0,48.0,3200.0,220.0,0.15,4300000.0,4.3E-5,0.019,0.019,0.0,870.0,23.0,1000.0,1.4E-6,7.8E-17,3.0E7,1.0,8.2E8,
6.5E-40,0.0096,3200.0,4300.0,3600.0,4200000.0,6100.0,1300.0,48.0,3200.0,220.0,0.15,4300000.0,3.7E-5,0.019,0.019,0.0,860.0,23.0,970.0,1.4E-6,7.0E-17,3.1E7,1.0,8.2E8,
6.5E-40,0.0096,3200.0,4300.0,3600.0,4200000.0,6100.0,1300.0,48.0,3200.0,220.0,0.15,4300000.0,3.2E-5,0.019,0.019,0.0,860.0,23.0,920.0,1.4E-6,6.1E-17,3.3E7,1.0,8.2E8,
6.5E-40,0.0096,3200.0,4300.0,3600.0,4200000.0,6100.0,1300.0,48.0,3200.0,220.0,0.15,4300000.0,2.8E-5,0.019,0.019,0.0,850.0,23.0,860.0,1.4E-6,5.3E-17,3.5E7,1.0,8.2E8,
6.5E-40,0.0096,3200.0,4300.0,3600.0,4200000.0,6100.0,1300.0,48.0,3200.0,220.0,0.15,4300000.0,2.6E-5,0.019,0.019,0.0,850.0,23.0,810.0,1.4E-6,4.7E-17,3.6E7,1.0,8.2E8,
6.5E-40,0.0096,3200.0,4300.0,3600.0,4200000.0,6100.0,1300.0,48.0,3200.0,220.0,0.15,4300000.0,3.4E-5,0.019,0.019,0.0,840.0,23.0,770.0,1.4E-6,5.0E-17,3.3E7,1.0,8.2E8,
6.5E-40,0.0096,3200.0,4300.0,3600.0,4200000.0,6100.0,1300.0,48.0,3200.0,220.0,0.15,4300000.0,3.7E-5,0.019,0.019,0.0,840.0,23.0,720.0,1.4E-6,5.7E-17,3.2E7,1.0,8.2E8,
6.5E-40,0.0096,3200.0,4300.0,3600.0,4200000.0,6100.0,1300.0,48.0,3200.0,220.0,0.15,4300000.0,3.7E-5,0.019,0.019,0.0,840.0,23.0,680.0,1.4E-6,6.1E-17,3.2E7,1.0,8.2E8,
6.5E-40,0.0096,3200.0,4300.0,3600.0,4200000.0,6100.0,1300.0,48.0,3200.0,220.0,0.15,4300000.0,3.4E-5,0.019,0.019,0.0,840.0,23.0,640.0,1.4E-6,6.0E-17,3.2E7,1.0,8.2E8,
6.5E-40,0.0096,3200.0,4300.0,3600.0,4200000.0,6100.0,1300.0,48.0,3200.0,220.0,0.15,4300000.0,3.1E-5,0.019,0.019,0.0,840.0,23.0,600.0,1.4E-6,5.6E-17,3.4E7,1.0,8.2E8,
6.5E-40,0.0096,3200.0,4300.0,3600.0,4200000.0,6100.0,1300.0,48.0,3200.0,220.0,0.15,4300000.0,2.7E-5,0.019,0.019,0.0,830.0,23.0,570.0,1.4E-6,5.1E-17,3.5E7,1.0,8.2E8,
6.5E-40,0.0096,3200.0,4300.0,3600.0,4200000.0,6100.0,1300.0,48.0,3200.0,220.0,0.15,4300000.0,2.4E-5,0.019,0.019,0.0,830.0,23.0,540.0,1.4E-6,4.5E-17,3.7E7,1.0,8.2E8,
6.899999999999999E-39,0.084,26000.0,83000.0,20000.0,6099999.999999999,3400.0,1300.0,48.0,3200.0,220.0,0.15,6299999.999999999,0.73,0.096,0.096,0.0,890.0,32.0,1500.0,1.7E-6,1.7E-12,3.9E7,1.0,8.5E8,
9.9E-40,0.012,26000.0,7400.0,2000.0,6099999.999999999,3400.0,1300.0,48.0,3200.0,220.0,0.15,6099999.999999999,1.3E-5,0.042,0.042,0.0,890.0,10.0,1400.0,1.6E-6,8.9E-14,3.5E7,1.0,8.5E8,
9.8E-40,0.012,3300.0,7400.0,2000.0,5999999.999999999,3400.0,1300.0,48.0,3200.0,220.0,0.15,5999999.999999999,1.5E-5,0.041,0.041,0.0,890.0,10.0,1400.0,1.6E-6,4.9E-14,3.3E7,1.0,8.5E8,
6.7E-40,0.0075,4500.0,5800.0,2000.0,6099999.999999999,3400.0,1300.0,48.0,3200.0,220.0,0.15,6199999.999999999,1.7E-5,0.035,0.035,0.0,880.0,11.0,1400.0,1.7E-6,1.4E-13,3.3E7,1.0,8.5E8,
3.8999999999999996E-39,0.05,4500.0,75000.0,3600.0,6299999.999999999,3400.0,1300.0,48.0,3200.0,220.0,0.15,6299999.999999999,3.3,0.052,0.052,0.0,880.0,11.0,1300.0,1.7E-6,5.6E-12,3.1E7,1.0,8.5E8,
5.1E-40,0.0066,4500.0,1700.0,3600.0,5899999.999999999,3400.0,1300.0,48.0,3200.0,220.0,0.15,5899999.999999999,3.0E-5,0.024,0.024,0.0,880.0,14.0,1300.0,1.7E-6,3.3E-13,2.9E7,1.0,8.5E8,
5.0E-40,0.0065,4500.0,1700.0,3600.0,5600000.0,3400.0,1300.0,48.0,3200.0,220.0,0.15,5600000.0,3.5E-5,0.023,0.023,0.0,870.0,13.0,1200.0,1.7E-6,1.2E-13,2.7E7,1.0,8.4E8,
4.8E-40,0.0062,4500.0,1700.0,3600.0,5100000.0,3400.0,1300.0,48.0,3200.0,220.0,0.15,5200000.0,3.8E-5,0.021,0.021,0.0,860.0,13.0,1200.0,1.7E-6,6.3E-14,2.6E7,1.0,8.4E8,
4.6E-40,0.0059,4500.0,1700.0,3600.0,4700000.0,3300.0,1300.0,48.0,3200.0,220.0,0.15,4700000.0,4.1E-5,0.019,0.019,0.0,850.0,12.0,1100.0,1.6E-6,2.7E-14,2.4E7,1.0,8.3E8,
4.4E-40,0.0057,4500.0,1700.0,3600.0,4300000.0,3300.0,1300.0,47.0,3200.0,220.0,0.15,4300000.0,4.4E-5,0.018,0.018,0.0,850.0,11.0,1100.0,1.6E-6,1.2E-14,2.3E7,1.0,8.3E8,
4.4E-40,0.0057,4500.0,1700.0,3600.0,4300000.0,3300.0,1300.0,47.0,3200.0,220.0,0.15,4300000.0,4.7E-5,0.018,0.018,0.0,850.0,11.0,1000.0,1.6E-6,3.6E-15,2.3E7,1.0,8.3E8,
4.4E-40,0.0057,4500.0,1700.0,3600.0,4300000.0,3300.0,1300.0,47.0,3200.0,220.0,0.15,4300000.0,4.4E-5,0.018,0.018,0.0,840.0,11.0,970.0,1.6E-6,1.1E-15,2.3E7,1.0,8.3E8,
4.4E-40,0.0057,4500.0,1700.0,3600.0,4300000.0,3300.0,1300.0,47.0,3200.0,220.0,0.15,4300000.0,3.9E-5,0.018,0.018,0.0,840.0,11.0,920.0,1.6E-6,4.0E-16,2.4E7,1.0,8.3E8,
4.4E-40,0.0057,4500.0,1700.0,3600.0,4300000.0,3300.0,1300.0,47.0,3200.0,220.0,0.15,4300000.0,3.3E-5,0.018,0.018,0.0,830.0,11.0,860.0,1.6E-6,1.7E-16,2.6E7,1.0,8.3E8,
4.4E-40,0.0057,4500.0,1700.0,3600.0,4300000.0,3300.0,1300.0,47.0,3200.0,220.0,0.15,4300000.0,2.8E-5,0.018,0.018,0.0,830.0,11.0,810.0,1.6E-6,9.3E-17,2.7E7,1.0,8.3E8,
4.4E-40,0.0057,4500.0,1700.0,3600.0,4300000.0,3300.0,1300.0,47.0,3200.0,220.0,0.15,4300000.0,2.4E-5,0.018,0.018,0.0,800.0,11.0,770.0,1.6E-6,6.3E-17,2.9E7,1.0,8.3E8,
4.4E-40,0.0057,4500.0,1700.0,3600.0,4300000.0,3300.0,1300.0,47.0,3200.0,220.0,0.15,4300000.0,2.0E-5,0.018,0.018,0.0,790.0,11.0,720.0,1.6E-6,4.8E-17,3.1E7,1.0,8.3E8,
4.4E-40,0.0057,4500.0,1700.0,3600.0,4300000.0,3300.0,1300.0,47.0,3200.0,220.0,0.15,4300000.0,1.7E-5,0.018,0.018,0.0,790.0,11.0,680.0,1.6E-6,3.9E-17,3.3E7,1.0,8.3E8,
4.4E-40,0.0057,4500.0,1700.0,3600.0,4300000.0,3300.0,1300.0,47.0,3200.0,220.0,0.15,4300000.0,2.1E-5,0.018,0.018,0.0,790.0,11.0,640.0,1.6E-6,3.9E-17,3.0E7,1.0,8.3E8,
4.4E-40,0.0057,4500.0,1700.0,3600.0,4300000.0,3300.0,1300.0,47.0,3200.0,220.0,0.15,4300000.0,2.3E-5,0.018,0.018,0.0,790.0,11.0,600.0,1.6E-6,4.3E-17,2.9E7,1.0,8.3E8,
4.4E-40,0.0057,4500.0,1700.0,3600.0,4300000.0,3300.0,1300.0,47.0,3200.0,220.0,0.15,4300000.0,2.3E-5,0.018,0.018,0.0,790.0,11.0,570.0,1.6E-6,4.5E-17,2.9E7,1.0,8.3E8,
4.4E-40,0.0057,4500.0,1700.0,3600.0,4300000.0,3300.0,1300.0,47.0,3200.0,220.0,0.15,4300000.0,2.1E-5,0.018,0.018,0.0,780.0,11.0,540.0,1.6E-6,4.3E-17,3.0E7,1.0,8.3E8,
4.4E-40,0.0057,4500.0,1700.0,3600.0,4300000.0,3300.0,1300.0,47.0,3200.0,220.0,0.15,4300000.0,1.9E-5,0.018,0.018,0.0,780.0,11.0,510.0,1.6E-6,4.0E-17,3.2E7,1.0,8.3E8,
4.4E-40,0.0057,4500.0,1700.0,3600.0,4300000.0,3300.0,1300.0,47.0,3200.0,220.0,0.15,4300000.0,1.6E-5,0.018,0.018,0.0,770.0,11.0,480.0,1.6E-6,3.6E-17,3.3E7,1.0,8.3E8,
4.4E-40,0.0057,4500.0,1700.0,3600.0,4300000.0,3300.0,1300.0,47.0,3200.0,220.0,0.15,4300000.0,1.4E-5,0.018,0.018,0.0,750.0,11.0,450.0,1.6E-6,3.1E-17,3.5E7,1.0,8.3E8,
4.4E-40,0.0057,4500.0,1700.0,3600.0,4300000.0,3300.0,1300.0,47.0,3200.0,220.0,0.15,4300000.0,1.2E-5,0.018,0.018,0.0,750.0,11.0,420.0,1.6E-6,2.7E-17,3.7E7,1.0,8.3E8,
4.4E-40,0.0057,4500.0,1700.0,3600.0,4300000.0,3300.0,1300.0,47.0,3200.0,220.0,0.15,4300000.0,1.4E-5,0.018,0.018,0.0,750.0,11.0,400.0,1.6E-6,2.6E-17,3.5E7,1.0,8.3E8,
4.4E-40,0.0056,4500.0,1700.0,3600.0,4200000.0,3300.0,1300.0,47.0,3200.0,220.0,0.14,4200000.0,1.8E-5,0.018,0.018,0.0,740.0,11.0,370.0,1.6E-6,3.0E-17,3.2E7,1.0,8.2E8,
4.4E-40,0.0056,4500.0,1700.0,3600.0,4200000.0,3300.0,1300.0,47.0,3200.0,220.0,0.14,4200000.0,2.2E-5,0.018,0.018,0.0,730.0,11.0,350.0,1.6E-6,3.7E-17,3.0E7,1.0,8.2E8,
4.4E-40,0.0056,4500.0,1700.0,3600.0,4200000.0,3300.0,1300.0,47.0,3200.0,220.0,0.14,4200000.0,2.3E-5,0.018,0.018,0.0,730.0,11.0,330.0,1.6E-6,4.2E-17,2.9E7,1.0,8.2E8,
4.4E-40,0.0056,4500.0,1700.0,3600.0,4200000.0,3300.0,1300.0,47.0,3200.0,220.0,0.14,4200000.0,2.2E-5,0.018,0.018,0.0,730.0,11.0,310.0,1.6E-6,4.4E-17,2.9E7,1.0,8.2E8,
4.4E-40,0.0056,4500.0,1700.0,3600.0,4200000.0,3300.0,1300.0,47.0,3200.0,220.0,0.14,4200000.0,2.0E-5,0.018,0.018,0.0,730.0,11.0,290.0,1.6E-6,4.2E-17,3.0E7,1.0,8.2E8,
4.4E-40,0.0056,4500.0,1700.0,3600.0,4200000.0,3300.0,1300.0,47.0,3200.0,220.0,0.14,4200000.0,1.8E-5,0.018,0.018,0.0,730.0,11.0,280.0,1.6E-6,3.9E-17,3.2E7,1.0,8.2E8,
4.4E-40,0.0056,4500.0,1700.0,3600.0,4200000.0,3300.0,1300.0,47.0,3200.0,220.0,0.14,4200000.0,1.6E-5,0.018,0.018,0.0,720.0,11.0,260.0,1.6E-6,3.5E-17,3.3E7,1.0,8.2E8,
4.4E-40,0.0056,4500.0,1700.0,3600.0,4200000.0,3300.0,1300.0,47.0,3200.0,220.0,0.14,4200000.0,1.4E-5,0.018,0.018,0.0,720.0,11.0,250.0,1.6E-6,3.0E-17,3.5E7,1.0,8.2E8,
3.6E-39,0.049,560.0,82000.0,13000.0,5999999.999999999,5500.0,2700.0,3200.0,3200.0,3900.0,0.15,6099999.999999999,1.4E-5,0.12,0.12,0.0,900.0,11.0,16000.0,2.0E-6,7.5E-12,3.6E7,1.0,8.5E8,
4.0E-40,0.0053,560.0,4400.0,670.0,5899999.999999999,5500.0,2700.0,3200.0,3200.0,3900.0,0.15,5999999.999999999,1.7E-6,0.063,0.063,0.0,890.0,3.9,16000.0,2.0E-6,4.4E-13,3.4E7,1.0,8.5E8,
3.8E-40,0.0052,560.0,4400.0,670.0,5600000.0,5500.0,2700.0,3200.0,3200.0,3900.0,0.15,5699999.999999999,6.8E-6,0.061,0.061,0.0,890.0,3.7,15000.0,2.0E-6,1.6E-13,3.1E7,1.0,8.5E8,
3.7E-40,0.005,560.0,4400.0,670.0,5300000.0,5500.0,2700.0,3200.0,3200.0,3900.0,0.15,5300000.0,7.5E-6,0.059,0.059,0.0,890.0,3.5,14000.0,2.0E-6,8.5E-14,2.9E7,1.0,8.5E8,
3.7E-40,0.005,560.0,4400.0,660.0,5300000.0,5500.0,2700.0,3200.0,3200.0,3900.0,0.15,5300000.0,9.2E-6,0.059,0.059,0.0,880.0,3.5,14000.0,2.0E-6,2.5E-14,2.7E7,1.0,8.5E8,
2.3E-40,0.0051,3100.0,520.0,660.0,5500000.0,5400.0,2700.0,3200.0,3200.0,3900.0,0.15,5600000.0,1.6E-5,0.051,0.051,0.0,890.0,5.3,13000.0,2.0E-6,2.5E-13,2.6E7,1.0,8.5E8,
1.7E-39,0.028,5800.0,50000.0,5900.0,5899999.999999999,34000.0,2700.0,3200.0,3200.0,3900.0,0.15,5999999.999999999,2.4E-5,0.073,0.073,0.0,880.0,6.7,13000.0,2.1E-6,6.1E-12,2.5E7,1.0,8.5E8,
5.3E-40,0.0088,5800.0,7500.0,5900.0,5799999.999999999,3800.0,2700.0,3200.0,3200.0,3900.0,0.15,5899999.999999999,2.7E-5,0.052,0.052,0.0,880.0,6.6,12000.0,2.1E-6,8.5E-13,2.4E7,1.0,8.5E8,
5.3E-40,0.0088,5800.0,7500.0,5900.0,5699999.999999999,3800.0,2700.0,3200.0,3200.0,3900.0,0.15,5799999.999999999,2.9E-5,0.052,0.052,0.0,880.0,6.5,12000.0,2.1E-6,3.8E-13,2.3E7,1.0,8.5E8,
5.2E-40,0.0086,5800.0,7500.0,5900.0,5400000.0,3800.0,2700.0,3200.0,3200.0,3900.0,0.14,5400000.0,3.0E-5,0.05,0.05,0.0,870.0,6.3,11000.0,2.1E-6,2.5E-13,2.2E7,1.0,8.5E8,
5.1E-40,0.0084,5800.0,7500.0,5900.0,4800000.0,3800.0,2700.0,3200.0,3200.0,3900.0,0.14,4900000.0,3.0E-5,0.047,0.047,0.0,870.0,6.0,11000.0,2.1E-6,1.6E-13,2.2E7,1.0,8.4E8,
5.0E-40,0.0082,5800.0,7400.0,5900.0,4600000.0,3800.0,2700.0,3200.0,3200.0,3800.0,0.14,4600000.0,3.1E-5,0.046,0.046,0.0,860.0,5.9,11000.0,2.1E-6,7.2E-14,2.1E7,1.0,8.4E8,
7.799999999999999E-39,0.13,5700.0,220000.0,1400.0,5899999.999999999,3800.0,2700.0,3200.0,3200.0,3800.0,0.15,6099999.999999999,6.8,0.13,0.13,0.0,860.0,5.2,10000.0,2.2E-6,2.2E-11,2.1E7,1.0,8.5E8,
4.6E-39,0.074,5700.0,130000.0,1400.0,5899999.999999999,3800.0,2700.0,3200.0,3100.0,3800.0,0.15,5999999.999999999,7.0E-5,0.089,0.089,0.0,860.0,12.0,9900.0,2.2E-6,5.7E-12,2.0E7,1.0,8.5E8,
2.5E-40,0.0041,5700.0,120.0,1300.0,5899999.999999999,3800.0,2700.0,3200.0,3100.0,3800.0,0.14,5899999.999999999,1.4E-5,0.039,0.039,0.0,860.0,12.0,9400.0,2.1E-6,1.2E-13,2.0E7,1.0,8.5E8,
2.5E-40,0.004,5700.0,120.0,1300.0,5699999.999999999,3800.0,2700.0,3200.0,3100.0,3800.0,0.14,5699999.999999999,7.6E-5,0.038,0.038,0.0,860.0,11.0,8900.0,2.1E-6,4.2E-14,1.9E7,1.0,8.4E8,
2.3E-40,0.0037,5700.0,120.0,1300.0,5200000.0,3800.0,2700.0,3200.0,3100.0,3800.0,0.14,5200000.0,7.3E-5,0.036,0.036,0.0,860.0,11.0,8600.0,2.1E-6,1.8E-14,1.9E7,1.0,8.4E8,
2.2E-40,0.0036,5700.0,120.0,1300.0,5000000.0,3800.0,2600.0,3200.0,3100.0,3800.0,0.14,5000000.0,7.3E-5,0.035,0.035,0.0,840.0,10.0,8300.0,2.1E-6,9.4E-15,1.9E7,1.0,8.4E8,
2.2E-40,0.0035,5700.0,120.0,1300.0,4800000.0,3800.0,2600.0,3200.0,3100.0,3800.0,0.14,4800000.0,7.4E-5,0.035,0.035,0.0,840.0,9.9,7900.0,2.1E-6,3.5E-15,1.8E7,1.0,8.4E8,
2.0E-40,0.0032,5700.0,120.0,1300.0,4300000.0,3800.0,2600.0,3200.0,3100.0,3800.0,0.14,4300000.0,7.0E-5,0.033,0.033,0.0,840.0,9.1,7700.0,2.1E-6,2.2E-15,1.8E7,1.0,8.3E8,
2.0E-40,0.0032,5700.0,120.0,1300.0,4300000.0,3800.0,2600.0,3200.0,3100.0,3800.0,0.14,4300000.0,6.9E-5,0.032,0.032,0.0,840.0,9.0,7400.0,2.1E-6,9.2E-16,1.8E7,1.0,8.3E8,
5.4999999999999995E-39,0.094,12000.0,150000.0,260.0,5799999.999999999,3800.0,2600.0,3200.0,3100.0,4900.0,0.14,5999999.999999999,9.4E-5,0.094,0.094,0.0,850.0,4.0,7000.0,2.2E-6,7.3E-12,1.9E7,1.0,8.5E8,
3.3E-40,0.0056,4300.0,3200.0,260.0,5699999.999999999,3800.0,2600.0,3200.0,3100.0,4900.0,0.14,5699999.999999999,4.3E-6,0.04,0.04,0.0,830.0,3.9,6800.0,2.2E-6,2.4E-13,1.9E7,1.0,8.5E8,
2.9999999999999998E-40,0.0051,4300.0,3200.0,260.0,4900000.0,3800.0,2600.0,3200.0,3100.0,4900.0,0.14,5000000.0,2.7E-5,0.037,0.037,0.0,830.0,3.4,6600.0,2.2E-6,1.2E-13,1.8E7,1.0,8.4E8,
2.8E-40,0.0049,4300.0,3200.0,260.0,4500000.0,3800.0,2600.0,3200.0,3100.0,4900.0,0.14,4500000.0,2.5E-5,0.035,0.035,0.0,830.0,3.1,6400.0,2.2E-6,6.3E-14,1.8E7,1.0,8.3E8,
2.8E-40,0.0047,4300.0,3200.0,260.0,4300000.0,3800.0,2600.0,3200.0,3100.0,4900.0,0.14,4300000.0,2.3E-5,0.035,0.035,0.0,830.0,2.9,6100.0,2.2E-6,2.2E-14,1.8E7,1.0,8.3E8,
2.8E-40,0.0047,4300.0,3200.0,260.0,4300000.0,3800.0,2600.0,3200.0,3100.0,4900.0,0.14,4300000.0,2.0E-5,0.035,0.035,0.0,820.0,2.9,5700.0,2.2E-6,6.8E-15,1.9E7,1.0,8.3E8,
2.8E-40,0.0047,4300.0,3200.0,260.0,4300000.0,3800.0,2600.0,3200.0,3100.0,4900.0,0.14,4300000.0,1.7E-5,0.035,0.035,0.0,810.0,2.9,5400.0,2.2E-6,2.1E-15,2.0E7,1.0,8.3E8,
2.8E-40,0.0047,4300.0,3200.0,260.0,4300000.0,3800.0,2600.0,3200.0,3100.0,4900.0,0.14,4300000.0,1.4E-5,0.035,0.035,0.0,810.0,2.9,5100.0,2.2E-6,6.6E-16,2.2E7,1.0,8.3E8,
3.6E-40,0.0058,13000.0,3100.0,2500.0,5600000.0,3800.0,2600.0,3200.0,3100.0,4900.0,0.14,5699999.999999999,6.1E-6,0.039,0.039,0.0,840.0,5.9,4800.0,2.3E-6,8.5E-13,2.3E7,1.0,8.5E8,
3.5E-40,0.0058,930.0,3100.0,2500.0,5500000.0,3800.0,2600.0,3200.0,3100.0,4900.0,0.14,5500000.0,2.7E-5,0.039,0.039,0.0,830.0,5.7,4700.0,2.3E-6,4.6E-13,2.2E7,1.0,8.5E8,
3.5E-40,0.0057,930.0,3100.0,2500.0,5300000.0,3800.0,2600.0,3200.0,3100.0,4900.0,0.14,5300000.0,2.8E-5,0.038,0.038,0.0,820.0,5.6,4500.0,2.3E-6,2.0E-13,2.1E7,1.0,8.4E8,
3.4E-40,0.0055,930.0,3000.0,2500.0,5100000.0,3700.0,2600.0,3100.0,3100.0,4900.0,0.14,5100000.0,3.0E-5,0.037,0.037,0.0,820.0,5.4,4300.0,2.3E-6,7.3E-14,2.1E7,1.0,8.4E8,
3.3E-40,0.0054,930.0,3000.0,2500.0,4700000.0,3700.0,2600.0,3100.0,3100.0,4900.0,0.14,4800000.0,3.0E-5,0.036,0.036,0.0,820.0,5.2,4100.0,2.3E-6,3.2E-14,2.0E7,1.0,8.4E8,
3.2E-40,0.0052,930.0,3000.0,2500.0,4400000.0,3700.0,2600.0,3100.0,3100.0,4900.0,0.14,4400000.0,3.1E-5,0.035,0.035,0.0,800.0,4.9,4000.0,2.2E-6,1.7E-14,2.0E7,1.0,8.4E8,
3.1E-40,0.0051,930.0,3000.0,2500.0,4300000.0,3700.0,2600.0,3100.0,3100.0,4900.0,0.14,4300000.0,3.1E-5,0.034,0.034,0.0,800.0,4.9,3800.0,2.2E-6,7.6E-15,1.9E7,1.0,8.3E8,
3.1E-40,0.0051,930.0,3000.0,2500.0,4300000.0,3700.0,2600.0,3100.0,3100.0,4900.0,0.14,4300000.0,3.0E-5,0.034,0.034,0.0,800.0,4.9,3600.0,2.2E-6,2.3E-15,2.0E7,1.0,8.3E8,
3.1E-40,0.0051,930.0,3000.0,2500.0,4300000.0,3700.0,2600.0,3100.0,3100.0,4900.0,0.14,4300000.0,2.6E-5,0.034,0.034,0.0,790.0,4.9,3400.0,2.2E-6,7.6E-16,2.1E7,1.0,8.3E8,
3.1E-40,0.0051,930.0,3000.0,2500.0,4300000.0,3700.0,2600.0,3100.0,3100.0,4900.0,0.14,4300000.0,2.2E-5,0.034,0.034,0.0,790.0,4.9,3200.0,2.2E-6,2.7E-16,2.2E7,1.0,8.3E8,
3.1E-40,0.0051,930.0,3000.0,2500.0,4300000.0,3700.0,2600.0,3100.0,3100.0,4900.0,0.14,4300000.0,1.8E-5,0.034,0.034,0.0,790.0,4.9,3000.0,2.2E-6,1.2E-16,2.4E7,1.0,8.3E8,
3.1E-40,0.0051,930.0,3000.0,2500.0,4300000.0,3700.0,2600.0,3100.0,3100.0,4900.0,0.14,4300000.0,1.5E-5,0.034,0.034,0.0,780.0,4.9,2800.0,2.2E-6,6.6E-17,2.5E7,1.0,8.3E8,
3.1E-40,0.0051,930.0,3000.0,2500.0,4300000.0,3700.0,2600.0,3100.0,3100.0,4900.0,0.14,4300000.0,1.2E-5,0.034,0.034,0.0,780.0,4.9,2700.0,2.2E-6,4.5E-17,2.7E7,1.0,8.3E8,
3.1E-40,0.0051,930.0,3000.0,2500.0,4300000.0,3700.0,2600.0,3100.0,3100.0,4900.0,0.14,4300000.0,1.0E-5,0.034,0.034,0.0,780.0,4.9,2500.0,2.2E-6,3.4E-17,2.9E7,1.0,8.3E8,
3.1E-40,0.0051,930.0,3000.0,2500.0,4300000.0,3700.0,2600.0,3100.0,3100.0,4900.0,0.14,4300000.0,9.2E-6,0.034,0.034,0.0,760.0,4.9,2400.0,2.2E-6,2.8E-17,3.0E7,1.0,8.3E8,
3.1E-40,0.0051,930.0,3000.0,2500.0,4300000.0,3700.0,2600.0,3100.0,3100.0,4900.0,0.14,4300000.0,1.1E-5,0.034,0.034,0.0,760.0,4.9,2200.0,2.2E-6,2.8E-17,2.8E7,1.0,8.3E8,
3.1E-40,0.0051,930.0,3000.0,2500.0,4300000.0,3700.0,2600.0,3100.0,3100.0,4900.0,0.14,4300000.0,1.2E-5,0.034,0.034,0.0,750.0,4.9,2100.0,2.2E-6,3.0E-17,2.8E7,1.0,8.3E8,
3.1E-40,0.0051,930.0,3000.0,2500.0,4300000.0,3700.0,2600.0,3100.0,3100.0,4900.0,0.14,4300000.0,1.1E-5,0.034,0.034,0.0,750.0,4.9,2000.0,2.2E-6,3.0E-17,2.8E7,1.0,8.3E8,
3.1E-40,0.0051,930.0,3000.0,2500.0,4300000.0,3700.0,2600.0,3100.0,3100.0,4900.0,0.14,4300000.0,1.0E-5,0.034,0.034,0.0,750.0,4.9,1900.0,2.2E-6,2.9E-17,2.9E7,1.0,8.3E8,
3.1E-40,0.0051,930.0,3000.0,2500.0,4300000.0,3700.0,2600.0,3100.0,3100.0,4900.0,0.14,4300000.0,8.7E-6,0.034,0.034,0.0,750.0,4.9,1800.0,2.2E-6,2.6E-17,3.1E7,1.0,8.3E8,
3.1E-40,0.0051,930.0,3000.0,2500.0,4300000.0,3700.0,2600.0,3100.0,3100.0,4900.0,0.14,4300000.0,7.6E-6,0.034,0.034,0.0,750.0,4.9,1700.0,2.2E-6,2.3E-17,3.2E7,1.0,8.3E8,
3.1E-40,0.0051,930.0,3000.0,2500.0,4300000.0,3700.0,2600.0,3100.0,3100.0,4900.0,0.14,4300000.0,6.5E-6,0.034,0.034,0.0,740.0,4.9,1600.0,2.2E-6,2.0E-17,3.4E7,1.0,8.3E8,
3.1E-40,0.0051,930.0,3000.0,2500.0,4300000.0,3700.0,2600.0,3100.0,3100.0,4900.0,0.14,4300000.0,5.6E-6,0.034,0.034,0.0,740.0,4.9,1500.0,2.2E-6,1.7E-17,3.6E7,1.0,8.3E8,
3.1E-40,0.0051,930.0,3000.0,2500.0,4300000.0,3700.0,2600.0,3100.0,3100.0,4900.0,0.14,4300000.0,7.0E-6,0.034,0.034,0.0,740.0,4.9,1400.0,2.2E-6,1.7E-17,3.3E7,1.0,8.3E8,
3.1E-40,0.0051,930.0,3000.0,2500.0,4300000.0,3700.0,2600.0,3100.0,3100.0,4900.0,0.14,4300000.0,8.0E-6,0.034,0.034,0.0,740.0,4.9,1300.0,2.2E-6,1.9E-17,3.2E7,1.0,8.3E8,
3.1E-40,0.0051,930.0,3000.0,2500.0,4300000.0,3700.0,2600.0,3100.0,3100.0,4900.0,0.14,4300000.0,8.1E-6,0.034,0.034,0.0,740.0,4.9,1200.0,2.2E-6,2.1E-17,3.2E7,1.0,8.3E8,
3.1E-40,0.0051,930.0,3000.0,2500.0,4300000.0,3700.0,2600.0,3100.0,3100.0,4900.0,0.14,4300000.0,7.7E-6,0.034,0.034,0.0,740.0,4.9,1200.0,2.2E-6,2.1E-17,3.2E7,1.0,8.3E8,
3.1E-40,0.0051,930.0,3000.0,2500.0,4300000.0,3700.0,2600.0,3100.0,3100.0,4900.0,0.14,4300000.0,7.0E-6,0.034,0.034,0.0,720.0,4.9,1100.0,2.2E-6,2.0E-17,3.3E7,1.0,8.3E8,
3.1E-40,0.0051,930.0,3000.0,2500.0,4300000.0,3700.0,2600.0,3100.0,3100.0,4900.0,0.14,4300000.0,6.2E-6,0.034,0.034,0.0,720.0,4.9,1000.0,2.2E-6,1.8E-17,3.5E7,1.0,8.3E8,
3.1E-40,0.0051,930.0,3000.0,2500.0,4300000.0,3700.0,2600.0,3100.0,3100.0,4900.0,0.14,4300000.0,5.4E-6,0.034,0.034,0.0,720.0,4.9,970.0,2.2E-6,1.6E-17,3.6E7,1.0,8.3E8,
3.1E-40,0.0051,930.0,3000.0,2500.0,4300000.0,3700.0,2600.0,3100.0,3100.0,4900.0,0.14,4300000.0,4.8E-6,0.034,0.034,0.0,720.0,4.9,920.0,2.2E-6,1.4E-17,3.8E7,1.0,8.3E8,
3.1E-40,0.0051,930.0,3000.0,2500.0,4300000.0,3700.0,2600.0,3100.0,3100.0,4900.0,0.14,4300000.0,5.3E-6,0.034,0.034,0.0,720.0,4.9,860.0,2.2E-6,1.3E-17,3.7E7,1.0,8.3E8,
3.1E-40,0.0051,930.0,3000.0,2500.0,4300000.0,3700.0,2600.0,3100.0,3100.0,4900.0,0.14,4300000.0,6.5E-6,0.034,0.034,0.0,710.0,4.9,810.0,2.2E-6,1.5E-17,3.4E7,1.0,8.3E8,
3.1E-40,0.0051,930.0,3000.0,2500.0,4200000.0,3700.0,2600.0,3100.0,3100.0,4900.0,0.14,4300000.0,6.9E-6,0.034,0.034,0.0,700.0,4.8,770.0,2.2E-6,1.7E-17,3.3E7,1.0,8.3E8,
2.6E-40,0.0046,2400.0,4400.0,24.0,5799999.999999999,3700.0,2600.0,7400.0,7200.0,7500.0,0.14,5799999.999999999,5.9E-6,0.041,0.041,0.0,820.0,3.5,6100.0,2.5E-6,9.2E-14,3.2E7,1.0,8.5E8,
2.5E-40,0.0045,2400.0,4400.0,24.0,5500000.0,3700.0,2600.0,7400.0,7200.0,7500.0,0.14,5600000.0,6.9E-6,0.04,0.04,0.0,820.0,3.4,5900.0,2.5E-6,4.0E-14,3.0E7,1.0,8.5E8,
2.5E-40,0.0043,2400.0,4400.0,24.0,5300000.0,3700.0,2600.0,7400.0,7200.0,7500.0,0.14,5300000.0,7.8E-6,0.039,0.039,0.0,800.0,3.2,5600.0,2.5E-6,1.8E-14,2.8E7,1.0,8.5E8,
2.4E-40,0.0042,2400.0,4400.0,24.0,5100000.0,3700.0,2600.0,7400.0,7200.0,7500.0,0.14,5100000.0,8.5E-6,0.039,0.039,0.0,790.0,3.1,5500.0,2.5E-6,9.5E-15,2.7E7,1.0,8.5E8,
2.3E-40,0.004,2400.0,4400.0,24.0,4500000.0,3700.0,2600.0,7400.0,7200.0,7500.0,0.14,4600000.0,8.0E-6,0.037,0.037,0.0,790.0,2.8,5500.0,2.5E-6,8.9E-15,2.7E7,1.0,8.4E8,
2.7E-40,0.0052,4300.0,3600.0,3200.0,5699999.999999999,3700.0,2600.0,7400.0,7200.0,7500.0,0.14,5699999.999999999,3.3E-6,0.037,0.037,0.0,800.0,3.3,5300.0,2.5E-6,9.1E-13,2.6E7,1.0,8.5E8,
2.7E-40,0.0052,4300.0,3600.0,3200.0,5600000.0,3700.0,2600.0,7400.0,7200.0,7500.0,0.14,5600000.0,1.1E-5,0.037,0.037,0.0,800.0,3.2,5100.0,2.5E-6,5.0E-13,2.5E7,1.0,8.5E8,
3.4E-40,0.014,57.0,3100.0,7900.0,5799999.999999999,3700.0,2600.0,7400.0,7200.0,7500.0,0.14,5899999.999999999,1.8E-5,0.041,0.041,0.0,810.0,4.6,4900.0,2.6E-6,1.5E-12,2.4E7,1.0,8.6E8,
1.8E-40,0.0073,56.0,3100.0,380.0,5500000.0,3700.0,2600.0,7300.0,7200.0,7500.0,0.14,5600000.0,8.8E-6,0.038,0.038,0.0,810.0,2.0,4700.0,2.6E-6,2.9E-13,2.3E7,1.0,8.5E8,
1.8E-40,0.0072,56.0,3100.0,380.0,5400000.0,3700.0,2600.0,7300.0,7100.0,7500.0,0.14,5500000.0,9.5E-6,0.038,0.038,0.0,810.0,2.0,4500.0,2.6E-6,1.3E-13,2.2E7,1.0,8.5E8,
1.7E-40,0.0068,56.0,3100.0,380.0,4900000.0,3700.0,2600.0,7300.0,7100.0,7500.0,0.14,4900000.0,9.3E-6,0.036,0.036,0.0,810.0,1.8,4300.0,2.6E-6,5.5E-14,2.1E7,1.0,8.5E8,
1.6E-40,0.0065,56.0,3100.0,380.0,4500000.0,3700.0,2600.0,7300.0,7100.0,7500.0,0.14,4600000.0,9.3E-6,0.035,0.035,0.0,810.0,1.7,4200.0,2.5E-6,2.9E-14,2.1E7,1.0,8.4E8,
1.6E-40,0.0063,56.0,3100.0,380.0,4300000.0,3700.0,2600.0,7300.0,7100.0,7500.0,0.14,4300000.0,9.1E-6,0.035,0.035,0.0,800.0,1.6,4100.0,2.5E-6,1.9E-14,2.0E7,1.0,8.4E8,
1.6E-40,0.0063,56.0,3100.0,380.0,4300000.0,3700.0,2600.0,7300.0,7100.0,7500.0,0.14,4300000.0,9.3E-6,0.035,0.035,0.0,800.0,1.6,3900.0,2.5E-6,5.7E-15,2.0E7,1.0,8.4E8,
1.6E-40,0.0063,56.0,3100.0,380.0,4300000.0,3700.0,2600.0,7300.0,7100.0,7500.0,0.14,4300000.0,8.4E-6,0.035,0.035,0.0,790.0,1.6,3600.0,2.5E-6,1.7E-15,2.1E7,1.0,8.4E8,
1.6E-40,0.0063,56.0,3100.0,380.0,4300000.0,3700.0,2600.0,7300.0,7100.0,7500.0,0.14,4300000.0,7.2E-6,0.035,0.035,0.0,790.0,1.6,3400.0,2.5E-6,5.4E-16,2.2E7,1.0,8.4E8,
1.6E-40,0.0063,56.0,3100.0,380.0,4300000.0,3700.0,2600.0,7300.0,7100.0,7500.0,0.14,4300000.0,6.0E-6,0.035,0.035,0.0,780.0,1.6,3200.0,2.5E-6,1.8E-16,2.4E7,1.0,8.4E8,
1.6E-40,0.0063,56.0,3100.0,380.0,4300000.0,3700.0,2600.0,7300.0,7100.0,7500.0,0.14,4300000.0,5.0E-6,0.035,0.035,0.0,780.0,1.6,3000.0,2.5E-6,6.5E-17,2.5E7,1.0,8.4E8,
1.6E-40,0.0063,56.0,3100.0,380.0,4300000.0,3700.0,2600.0,7300.0,7100.0,7500.0,0.14,4300000.0,4.1E-6,0.035,0.035,0.0,780.0,1.6,2900.0,2.5E-6,2.9E-17,2.7E7,1.0,8.4E8,
1.6E-40,0.0063,56.0,3100.0,380.0,4300000.0,3700.0,2600.0,7300.0,7100.0,7500.0,0.14,4300000.0,3.4E-6,0.035,0.035,0.0,770.0,1.6,2700.0,2.5E-6,1.6E-17,2.9E7,1.0,8.4E8,
1.6E-40,0.0063,56.0,3100.0,380.0,4300000.0,3700.0,2600.0,7300.0,7100.0,7500.0,0.14,4300000.0,2.9E-6,0.035,0.035,0.0,770.0,1.6,2500.0,2.5E-6,1.1E-17,3.1E7,1.0,8.4E8,
1.6E-40,0.0063,56.0,3100.0,380.0,4300000.0,3700.0,2600.0,7300.0,7100.0,7500.0,0.14,4300000.0,3.4E-6,0.035,0.035,0.0,770.0,1.6,2400.0,2.5E-6,1.0E-17,2.9E7,1.0,8.4E8,
1.6E-40,0.0063,56.0,3100.0,380.0,4300000.0,3700.0,2600.0,7300.0,7100.0,7500.0,0.14,4300000.0,3.7E-6,0.035,0.035,0.0,770.0,1.6,2300.0,2.5E-6,1.1E-17,2.8E7,1.0,8.4E8,
1.6E-40,0.0063,56.0,3100.0,380.0,4300000.0,3700.0,2600.0,7300.0,7100.0,7500.0,0.14,4300000.0,3.6E-6,0.035,0.035,0.0,770.0,1.6,2100.0,2.5E-6,1.1E-17,2.8E7,1.0,8.4E8,
1.6E-40,0.0063,56.0,3100.0,380.0,4300000.0,3700.0,2600.0,7300.0,7100.0,7500.0,0.14,4300000.0,3.3E-6,0.035,0.035,0.0,750.0,1.6,2000.0,2.5E-6,1.1E-17,2.9E7,1.0,8.4E8,
1.6E-40,0.0063,56.0,3100.0,380.0,4300000.0,3700.0,2600.0,7300.0,7100.0,7500.0,0.14,4300000.0,2.9E-6,0.035,0.035,0.0,740.0,1.6,1900.0,2.5E-6,9.7E-18,3.1E7,1.0,8.4E8,
1.6E-40,0.0063,56.0,3100.0,380.0,4300000.0,3700.0,2600.0,7300.0,7100.0,7500.0,0.14,4300000.0,2.6E-6,0.035,0.035,0.0,740.0,1.6,1800.0,2.5E-6,8.6E-18,3.2E7,1.0,8.4E8,
1.6E-40,0.0063,56.0,3100.0,380.0,4300000.0,3700.0,2600.0,7300.0,7100.0,7500.0,0.14,4300000.0,2.2E-6,0.035,0.035,0.0,730.0,1.6,1700.0,2.5E-6,7.5E-18,3.4E7,1.0,8.4E8,
1.6E-40,0.0063,56.0,3100.0,380.0,4300000.0,3700.0,2600.0,7300.0,7100.0,7500.0,0.14,4300000.0,1.9E-6,0.035,0.035,0.0,730.0,1.6,1600.0,2.5E-6,6.5E-18,3.6E7,1.0,8.4E8,
1.6E-40,0.0063,56.0,3100.0,380.0,4300000.0,3700.0,2600.0,7300.0,7100.0,7500.0,0.14,4300000.0,2.2E-6,0.035,0.035,0.0,720.0,1.6,1500.0,2.5E-6,6.1E-18,3.4E7,1.0,8.4E8,
1.6E-40,0.0063,56.0,3100.0,380.0,4300000.0,3700.0,2600.0,7300.0,7100.0,7500.0,0.14,4300000.0,2.5E-6,0.035,0.035,0.0,720.0,1.6,1400.0,2.5E-6,6.9E-18,3.2E7,1.0,8.4E8,
1.6E-40,0.0063,56.0,3100.0,380.0,4300000.0,3700.0,2600.0,7300.0,7100.0,7500.0,0.14,4300000.0,2.6E-6,0.035,0.035,0.0,720.0,1.6,1300.0,2.5E-6,7.5E-18,3.2E7,1.0,8.4E8,
1.6E-40,0.0063,56.0,3100.0,380.0,4300000.0,3700.0,2600.0,7300.0,7100.0,7500.0,0.14,4300000.0,2.5E-6,0.035,0.035,0.0,720.0,1.6,1200.0,2.5E-6,7.8E-18,3.2E7,1.0,8.4E8,
1.6E-40,0.0063,56.0,3100.0,380.0,4300000.0,3700.0,2600.0,7300.0,7100.0,7500.0,0.14,4300000.0,2.3E-6,0.035,0.035,0.0,710.0,1.6,1200.0,2.5E-6,7.5E-18,3.3E7,1.0,8.4E8,
1.6E-40,0.0063,56.0,3100.0,380.0,4300000.0,3700.0,2600.0,7300.0,7100.0,7500.0,0.14,4300000.0,2.0E-6,0.035,0.035,0.0,710.0,1.6,1100.0,2.5E-6,6.8E-18,3.5E7,1.0,8.4E8,
1.6E-40,0.0063,56.0,3100.0,380.0,4300000.0,3700.0,2600.0,7300.0,7100.0,7500.0,0.14,4300000.0,1.8E-6,0.035,0.035,0.0,710.0,1.6,1000.0,2.5E-6,6.1E-18,3.7E7,1.0,8.4E8,
1.6E-40,0.0063,56.0,3100.0,380.0,4300000.0,3700.0,2600.0,7300.0,7100.0,7500.0,0.14,4300000.0,1.6E-6,0.035,0.035,0.0,700.0,1.6,980.0,2.5E-6,5.5E-18,3.8E7,1.0,8.4E8,
1.6E-40,0.0063,56.0,3100.0,380.0,4300000.0,3700.0,2600.0,7300.0,7100.0,7500.0,0.14,4300000.0,1.5E-6,0.035,0.035,0.0,690.0,1.6,920.0,2.5E-6,4.8E-18,3.9E7,1.0,8.4E8,
1.6E-40,0.0063,56.0,3100.0,380.0,4300000.0,3700.0,2600.0,7300.0,7100.0,7500.0,0.14,4300000.0,2.1E-6,0.035,0.035,0.0,690.0,1.6,860.0,2.5E-6,5.5E-18,3.5E7,1.0,8.4E8,
1.6E-40,0.0063,56.0,3100.0,380.0,4300000.0,3700.0,2600.0,7300.0,7100.0,7500.0,0.14,4300000.0,2.2E-6,0.035,0.035,0.0,690.0,1.6,810.0,2.5E-6,6.3E-18,3.4E7,1.0,8.4E8,
1.6E-40,0.0063,56.0,3100.0,380.0,4300000.0,3700.0,2600.0,7300.0,7100.0,7500.0,0.14,4300000.0,2.2E-6,0.035,0.035,0.0,690.0,1.6,770.0,2.5E-6,6.7E-18,3.4E7,1.0,8.4E8,
1.6E-40,0.0063,56.0,3100.0,380.0,4300000.0,3700.0,2600.0,7300.0,7100.0,7500.0,0.14,4300000.0,2.1E-6,0.035,0.035,0.0,690.0,1.6,730.0,2.5E-6,6.6E-18,3.4E7,1.0,8.4E8,
1.6E-40,0.0063,56.0,3100.0,380.0,4300000.0,3700.0,2600.0,7300.0,7100.0,7500.0,0.14,4300000.0,1.9E-6,0.035,0.035,0.0,670.0,1.6,680.0,2.5E-6,6.2E-18,3.6E7,1.0,8.4E8,
1.6E-40,0.0063,56.0,3100.0,380.0,4300000.0,3700.0,2600.0,7300.0,7100.0,7500.0,0.14,4300000.0,1.7E-6,0.035,0.035,0.0,670.0,1.6,640.0,2.5E-6,5.6E-18,3.7E7,1.0,8.4E8,
1.6E-40,0.0063,56.0,3100.0,380.0,4300000.0,3700.0,2600.0,7300.0,7100.0,7500.0,0.14,4300000.0,1.5E-6,0.035,0.035,0.0,660.0,1.6,610.0,2.6E-6,5.1E-18,3.9E7,1.0,8.4E8,
1.6E-40,0.0063,56.0,3100.0,380.0,4300000.0,3700.0,2600.0,7300.0,7100.0,7500.0,0.14,4300000.0,1.3E-6,0.035,0.035,0.0,660.0,1.6,570.0,2.5E-6,4.5E-18,4.1E7,1.0,8.4E8,
1.6E-40,0.0063,56.0,3100.0,380.0,4300000.0,3700.0,2600.0,7300.0,7100.0,7500.0,0.14,4300000.0,1.8E-6,0.035,0.035,0.0,650.0,1.6,540.0,2.6E-6,4.7E-18,3.7E7,1.0,8.4E8,
1.6E-40,0.0063,56.0,3100.0,380.0,4300000.0,3700.0,2600.0,7300.0,7100.0,7500.0,0.14,4300000.0,2.0E-6,0.035,0.035,0.0,640.0,1.6,500.0,2.6E-6,5.6E-18,3.5E7,1.0,8.4E8,
1.6E-40,0.0063,56.0,3100.0,380.0,4300000.0,3700.0,2600.0,7300.0,7100.0,7500.0,0.14,4300000.0,2.1E-6,0.035,0.035,0.0,630.0,1.6,480.0,2.6E-6,6.1E-18,3.5E7,1.0,8.4E8,
1.6E-40,0.0063,56.0,3100.0,380.0,4300000.0,3700.0,2600.0,7300.0,7100.0,7500.0,0.14,4300000.0,2.0E-6,0.035,0.035,0.0,630.0,1.6,450.0,2.6E-6,6.2E-18,3.5E7,1.0,8.4E8,
1.6E-40,0.0063,56.0,3100.0,380.0,4300000.0,3700.0,2600.0,7300.0,7100.0,7500.0,0.14,4300000.0,1.8E-6,0.035,0.035,0.0,630.0,1.6,420.0,2.6E-6,5.9E-18,3.6E7,1.0,8.4E8,
1.6E-40,0.0063,56.0,3100.0,380.0,4300000.0,3700.0,2600.0,7300.0,7100.0,7500.0,0.14,4300000.0,1.7E-6,0.035,0.035,0.0,630.0,1.6,400.0,2.6E-6,5.5E-18,3.8E7,1.0,8.4E8,
1.6E-40,0.0063,56.0,3100.0,380.0,4300000.0,3700.0,2600.0,7300.0,7100.0,7500.0,0.14,4300000.0,1.5E-6,0.035,0.035,0.0,620.0,1.6,370.0,2.6E-6,4.9E-18,3.9E7,1.0,8.4E8,
1.6E-40,0.0063,56.0,3100.0,380.0,4300000.0,3700.0,2600.0,7300.0,7100.0,7500.0,0.14,4300000.0,1.3E-6,0.035,0.035,0.0,620.0,1.6,360.0,2.6E-6,4.5E-18,4.1E7,1.0,8.4E8,
1.6E-40,0.0063,56.0,3100.0,380.0,4300000.0,3700.0,2600.0,7300.0,7100.0,7500.0,0.14,4300000.0,1.6E-6,0.035,0.035,0.0,620.0,1.6,330.0,2.6E-6,4.3E-18,3.8E7,1.0,8.4E8,
1.6E-40,0.0063,56.0,3100.0,380.0,4300000.0,3700.0,2600.0,7300.0,7100.0,7500.0,0.14,4300000.0,1.9E-6,0.035,0.035,0.0,620.0,1.6,310.0,2.6E-6,5.1E-18,3.6E7,1.0,8.4E8,
1.6E-40,0.0063,56.0,3100.0,380.0,4300000.0,3700.0,2600.0,7300.0,7100.0,7500.0,0.14,4300000.0,2.0E-6,0.035,0.035,0.0,620.0,1.6,300.0,2.6E-6,5.8E-18,3.5E7,1.0,8.4E8,
1.6E-40,0.0063,56.0,3100.0,380.0,4300000.0,3700.0,2600.0,7300.0,7100.0,7500.0,0.14,4300000.0,2.0E-6,0.035,0.035,0.0,600.0,1.6,280.0,2.6E-6,6.0E-18,3.5E7,1.0,8.4E8,
1.6E-40,0.0063,56.0,3100.0,380.0,4300000.0,3700.0,2600.0,7300.0,7100.0,7500.0,0.14,4300000.0,1.9E-6,0.035,0.035,0.0,600.0,1.6,260.0,2.6E-6,5.9E-18,3.6E7,1.0,8.4E8,
1.6E-40,0.0063,56.0,3100.0,380.0,4300000.0,3700.0,2600.0,7300.0,7100.0,7500.0,0.14,4300000.0,1.7E-6,0.035,0.035,0.0,600.0,1.6,250.0,2.6E-6,5.5E-18,3.8E7,1.0,8.4E8,
1.6E-40,0.0063,56.0,3100.0,380.0,4300000.0,3700.0,2600.0,7300.0,7100.0,7500.0,0.14,4300000.0,1.5E-6,0.035,0.035,0.0,600.0,1.6,230.0,2.6E-6,5.0E-18,3.9E7,1.0,8.4E8,
1.6E-40,0.0063,56.0,3100.0,380.0,4300000.0,3700.0,2600.0,7300.0,7100.0,7500.0,0.14,4300000.0,1.3E-6,0.035,0.035,0.0,600.0,1.6,220.0,2.6E-6,4.5E-18,4.1E7,1.0,8.4E8,
1.6E-40,0.0063,56.0,3100.0,380.0,4300000.0,3700.0,2600.0,7300.0,7100.0,7500.0,0.14,4300000.0,1.4E-6,0.035,0.035,0.0,600.0,1.6,210.0,2.6E-6,4.1E-18,4.0E7,1.0,8.4E8,
1.6E-40,0.0063,56.0,3100.0,380.0,4300000.0,3700.0,2600.0,7300.0,7100.0,7500.0,0.14,4300000.0,1.8E-6,0.035,0.035,0.0,590.0,1.6,190.0,2.6E-6,4.7E-18,3.7E7,1.0,8.4E8,
1.4999999999999999E-40,0.0062,56.0,3100.0,380.0,4300000.0,3700.0,2600.0,7300.0,7100.0,7500.0,0.14,4300000.0,2.1E-6,0.034,0.034,0.0,590.0,1.6,190.0,2.5E-6,5.3E-18,3.4E7,1.0,8.3E8,
1.4999999999999999E-40,0.0062,56.0,3100.0,380.0,4300000.0,3700.0,2600.0,7300.0,7100.0,7500.0,0.14,4300000.0,2.5E-6,0.034,0.034,0.0,590.0,1.6,180.0,2.5E-6,6.7E-18,3.2E7,1.0,8.3E8,
1.4999999999999999E-40,0.0062,56.0,3100.0,380.0,4300000.0,3700.0,2600.0,7300.0,7100.0,7500.0,0.14,4300000.0,2.7E-6,0.034,0.034,0.0,590.0,1.6,170.0,2.5E-6,7.6E-18,3.1E7,1.0,8.3E8,
1.4999999999999999E-40,0.0062,56.0,3100.0,380.0,4300000.0,3700.0,2600.0,7300.0,7100.0,7500.0,0.14,4300000.0,2.6E-6,0.034,0.034,0.0,580.0,1.6,160.0,2.5E-6,7.9E-18,3.2E7,1.0,8.3E8,
1.4999999999999999E-40,0.0062,56.0,3100.0,380.0,4300000.0,3700.0,2600.0,7300.0,7100.0,7500.0,0.14,4300000.0,2.4E-6,0.034,0.034,0.0,580.0,1.6,150.0,2.5E-6,7.6E-18,3.3E7,1.0,8.3E8,
1.4999999999999999E-40,0.0062,56.0,3100.0,380.0,4300000.0,3700.0,2600.0,7300.0,7100.0,7500.0,0.14,4300000.0,2.1E-6,0.034,0.034,0.0,570.0,1.6,140.0,2.5E-6,7.0E-18,3.4E7,1.0,8.3E8,
1.4999999999999999E-40,0.0062,56.0,3100.0,380.0,4300000.0,3700.0,2600.0,7300.0,7100.0,7500.0,0.14,4300000.0,1.9E-6,0.034,0.034,0.0,570.0,1.6,130.0,2.5E-6,6.3E-18,3.6E7,1.0,8.3E8,
1.4999999999999999E-40,0.0047,16000.0,2200.0,1400.0,5500000.0,3700.0,2600.0,7300.0,7100.0,7400.0,0.14,5500000.0,5.1E-6,0.049,0.049,0.0,660.0,3.6,130.0,3.1E-6,1.7E-12,3.4E7,1.0,8.5E8,
1.6E-40,0.0041,580.0,1500.0,3600.0,5500000.0,3700.0,2600.0,7300.0,7100.0,7400.0,0.14,5600000.0,9.1E-6,0.046,0.046,0.0,650.0,5.1,120.0,3.1E-6,3.5E-13,3.1E7,1.0,8.5E8,
1.6E-40,0.0039,580.0,1500.0,3600.0,5100000.0,3700.0,2600.0,7300.0,7100.0,7400.0,0.14,5200000.0,1.1E-5,0.044,0.044,0.0,640.0,4.8,110.0,3.1E-6,1.5E-13,2.9E7,1.0,8.5E8,
1.4999999999999999E-40,0.0038,580.0,1500.0,3600.0,4900000.0,3700.0,2600.0,7200.0,7100.0,7400.0,0.14,5000000.0,1.3E-5,0.043,0.043,0.0,640.0,4.7,110.0,3.1E-6,5.5E-14,2.7E7,1.0,8.5E8,
1.4999999999999999E-40,0.0036,580.0,1500.0,3600.0,4400000.0,3700.0,2600.0,7200.0,7100.0,7400.0,0.14,4400000.0,1.3E-5,0.042,0.042,0.0,640.0,4.4,110.0,3.1E-6,2.9E-14,2.6E7,1.0,8.4E8,
1.4E-40,0.0036,580.0,1500.0,3600.0,4300000.0,3700.0,2600.0,7200.0,7100.0,7400.0,0.14,4300000.0,1.5E-5,0.041,0.041,0.0,640.0,4.3,100.0,3.1E-6,1.3E-14,2.5E7,1.0,8.4E8,
1.4E-40,0.0036,580.0,1500.0,3600.0,4300000.0,3700.0,2600.0,7200.0,7100.0,7400.0,0.14,4300000.0,1.6E-5,0.041,0.041,0.0,630.0,4.3,95.0,3.1E-6,3.9E-15,2.4E7,1.0,8.4E8,
1.4E-40,0.0036,580.0,1500.0,3600.0,4300000.0,3700.0,2600.0,7200.0,7100.0,7400.0,0.14,4300000.0,1.6E-5,0.041,0.041,0.0,630.0,4.3,90.0,3.1E-6,1.2E-15,2.4E7,1.0,8.4E8,
1.4E-40,0.0036,580.0,1500.0,3600.0,4300000.0,3700.0,2600.0,7200.0,7100.0,7400.0,0.14,4300000.0,1.4E-5,0.041,0.041,0.0,620.0,4.3,85.0,3.1E-6,4.0E-16,2.5E7,1.0,8.4E8,
1.4E-40,0.0036,580.0,1500.0,3600.0,4300000.0,3700.0,2600.0,7200.0,7100.0,7400.0,0.14,4300000.0,1.2E-5,0.041,0.041,0.0,610.0,4.3,80.0,3.1E-6,1.5E-16,2.6E7,1.0,8.4E8,
1.4E-40,0.0036,580.0,1500.0,3600.0,4300000.0,3700.0,2600.0,7200.0,7100.0,7400.0,0.14,4300000.0,1.0E-5,0.041,0.041,0.0,610.0,4.3,75.0,3.1E-6,7.4E-17,2.8E7,1.0,8.4E8,
1.4E-40,0.0036,580.0,1500.0,3600.0,4300000.0,3700.0,2600.0,7200.0,7100.0,7400.0,0.14,4300000.0,8.7E-6,0.041,0.041,0.0,610.0,4.3,71.0,3.1E-6,4.6E-17,3.0E7,1.0,8.4E8,
1.4E-40,0.0036,580.0,1500.0,3600.0,4300000.0,3700.0,2600.0,7200.0,7100.0,7400.0,0.14,4300000.0,7.3E-6,0.041,0.041,0.0,610.0,4.3,67.0,3.1E-6,3.4E-17,3.2E7,1.0,8.4E8,
1.4E-40,0.0036,580.0,1500.0,3600.0,4300000.0,3700.0,2600.0,7200.0,7100.0,7400.0,0.14,4300000.0,6.2E-6,0.041,0.041,0.0,610.0,4.3,63.0,3.1E-6,2.7E-17,3.4E7,1.0,8.4E8,
1.4E-40,0.0036,580.0,1500.0,3600.0,4300000.0,3700.0,2600.0,7200.0,7100.0,7400.0,0.14,4300000.0,8.0E-6,0.041,0.041,0.0,610.0,4.3,59.0,3.1E-6,2.7E-17,3.1E7,1.0,8.4E8,
1.4E-40,0.0036,580.0,1500.0,3600.0,4200000.0,3700.0,2600.0,7200.0,7100.0,7400.0,0.13,4200000.0,9.3E-6,0.041,0.041,0.0,610.0,4.3,56.0,3.0E-6,3.0E-17,2.8E7,1.0,8.2E8,
1.4E-40,0.0036,580.0,1500.0,3600.0,4200000.0,3700.0,2600.0,7200.0,7100.0,7400.0,0.13,4200000.0,1.1E-5,0.041,0.041,0.0,610.0,4.3,52.0,3.0E-6,3.6E-17,2.7E7,1.0,8.2E8,
1.4E-40,0.0036,580.0,1500.0,3600.0,4200000.0,3700.0,2600.0,7200.0,7100.0,7400.0,0.13,4200000.0,1.1E-5,0.041,0.041,0.0,600.0,4.3,49.0,3.0E-6,4.0E-17,2.6E7,1.0,8.2E8,
9.1E-40,0.047,6100.0,31000.0,32000.0,5400000.0,7000.0,2600.0,7200.0,7100.0,7400.0,0.13,5500000.0,0.06,0.076,0.076,0.0,680.0,7.8,580.0,3.6E-6,3.5E-12,2.6E7,1.0,8.4E8,
1.7E-40,0.0089,6100.0,3500.0,4300.0,5200000.0,7000.0,2600.0,7200.0,7100.0,7400.0,0.13,5300000.0,6.5E-6,0.053,0.053,0.0,680.0,2.0,570.0,3.6E-6,4.5E-13,2.5E7,1.0,8.4E8,
1.7E-40,0.0087,6100.0,3500.0,4300.0,4900000.0,7000.0,2600.0,7200.0,7100.0,7400.0,0.13,4900000.0,6.9E-6,0.052,0.052,0.0,680.0,1.9,550.0,3.5E-6,2.4E-13,2.4E7,1.0,8.4E8,
1.6E-40,0.0083,6100.0,3500.0,4300.0,4300000.0,7000.0,2600.0,7200.0,7100.0,7400.0,0.13,4300000.0,6.9E-6,0.049,0.049,0.0,680.0,1.8,540.0,3.5E-6,1.5E-13,2.3E7,1.0,8.3E8,
1.6E-40,0.0082,6100.0,3500.0,4300.0,4200000.0,7000.0,2600.0,7200.0,7100.0,7400.0,0.13,4300000.0,7.5E-6,0.049,0.049,0.0,670.0,1.8,520.0,3.5E-6,6.8E-14,2.3E7,1.0,8.3E8,
1.6E-40,0.0082,6100.0,3500.0,4300.0,4200000.0,7000.0,2600.0,7200.0,7100.0,7400.0,0.13,4300000.0,7.6E-6,0.049,0.049,0.0,670.0,1.8,490.0,3.5E-6,2.1E-14,2.3E7,1.0,8.3E8,
1.6E-40,0.0082,6100.0,3500.0,4300.0,4200000.0,7000.0,2600.0,7200.0,7100.0,7400.0,0.13,4300000.0,7.0E-6,0.049,0.049,0.0,670.0,1.8,460.0,3.5E-6,6.2E-15,2.3E7,1.0,8.3E8,
1.6E-40,0.0082,6100.0,3500.0,4300.0,4200000.0,7000.0,2600.0,7200.0,7000.0,7400.0,0.13,4200000.0,7.1E-6,0.049,0.049,0.0,660.0,1.8,430.0,3.5E-6,1.9E-15,2.3E7,1.0,8.2E8,
1.6E-40,0.0082,6100.0,3500.0,4300.0,4200000.0,7000.0,2600.0,7200.0,7000.0,7400.0,0.13,4200000.0,7.4E-6,0.049,0.049,0.0,660.0,1.8,410.0,3.5E-6,5.9E-16,2.2E7,1.0,8.2E8,
1.6E-40,0.0082,6100.0,3500.0,4300.0,4200000.0,7000.0,2600.0,7200.0,7000.0,7400.0,0.13,4200000.0,6.9E-6,0.049,0.049,0.0,650.0,1.8,380.0,3.5E-6,2.0E-16,2.3E7,1.0,8.2E8,
1.6E-40,0.0082,6100.0,3500.0,4300.0,4200000.0,7000.0,2600.0,7200.0,7000.0,7400.0,0.13,4200000.0,6.1E-6,0.049,0.049,0.0,650.0,1.8,360.0,3.5E-6,7.9E-17,2.4E7,1.0,8.2E8,
1.6E-40,0.0082,6100.0,3500.0,4300.0,4200000.0,7000.0,2600.0,7200.0,7000.0,7400.0,0.13,4200000.0,5.4E-6,0.049,0.049,0.0,650.0,1.8,340.0,3.5E-6,4.0E-17,2.5E7,1.0,8.1E8,
1.6E-40,0.0082,6100.0,3500.0,4300.0,4200000.0,7000.0,2600.0,7200.0,7000.0,7400.0,0.13,4200000.0,6.1E-6,0.049,0.049,0.0,650.0,1.8,320.0,3.5E-6,3.0E-17,2.4E7,1.0,8.1E8,
1.6E-40,0.0082,6100.0,3500.0,4300.0,4200000.0,7000.0,2600.0,7200.0,7000.0,7400.0,0.13,4200000.0,6.0E-6,0.049,0.049,0.0,650.0,1.8,300.0,3.5E-6,2.7E-17,2.4E7,1.0,8.1E8,
1.6E-40,0.0082,6100.0,3500.0,4300.0,4200000.0,7000.0,2600.0,7200.0,7000.0,7400.0,0.13,4200000.0,5.5E-6,0.049,0.049,0.0,650.0,1.8,290.0,3.5E-6,2.5E-17,2.5E7,1.0,8.1E8,
1.6E-40,0.0082,6100.0,3500.0,4300.0,4200000.0,7000.0,2600.0,7200.0,7000.0,7400.0,0.13,4200000.0,4.8E-6,0.049,0.049,0.0,630.0,1.8,270.0,3.5E-6,2.3E-17,2.6E7,1.0,8.1E8,
1.6E-40,0.0082,6100.0,3500.0,4300.0,4200000.0,7000.0,2600.0,7200.0,7000.0,7400.0,0.13,4200000.0,4.1E-6,0.049,0.049,0.0,630.0,1.8,250.0,3.5E-6,2.0E-17,2.7E7,1.0,8.1E8,
1.6E-40,0.0082,6100.0,3500.0,4300.0,4200000.0,7000.0,2600.0,7200.0,7000.0,7400.0,0.13,4200000.0,3.5E-6,0.049,0.049,0.0,630.0,1.8,240.0,3.5E-6,1.7E-17,2.9E7,1.0,8.1E8,
1.6E-40,0.0082,6100.0,3500.0,4300.0,4200000.0,7000.0,2600.0,7200.0,7000.0,7400.0,0.13,4200000.0,3.0E-6,0.049,0.049,0.0,630.0,1.8,220.0,3.5E-6,1.5E-17,3.1E7,1.0,8.1E8,
1.6E-40,0.0082,6100.0,3500.0,4300.0,4200000.0,7000.0,2600.0,7200.0,7000.0,7400.0,0.13,4200000.0,2.5E-6,0.049,0.049,0.0,630.0,1.8,210.0,3.5E-6,1.3E-17,3.3E7,1.0,8.1E8,
1.6E-40,0.0082,6100.0,3500.0,4300.0,4200000.0,7000.0,2600.0,7200.0,7000.0,7400.0,0.13,4200000.0,3.1E-6,0.049,0.049,0.0,620.0,1.8,200.0,3.5E-6,1.2E-17,3.0E7,1.0,8.1E8,
1.6E-40,0.0082,6100.0,3500.0,4300.0,4200000.0,7000.0,2600.0,7200.0,7000.0,7400.0,0.13,4200000.0,3.5E-6,0.049,0.049,0.0,620.0,1.8,190.0,3.5E-6,1.4E-17,2.9E7,1.0,8.1E8,
1.6E-40,0.0082,6100.0,3500.0,4300.0,4200000.0,7000.0,2600.0,7200.0,7000.0,7400.0,0.13,4200000.0,3.5E-6,0.049,0.049,0.0,620.0,1.8,180.0,3.5E-6,1.5E-17,2.9E7,1.0,8.1E8,
1.6E-40,0.0082,6100.0,3500.0,4300.0,4200000.0,7000.0,2600.0,7200.0,7000.0,7400.0,0.13,4200000.0,3.2E-6,0.049,0.049,0.0,600.0,1.8,170.0,3.5E-6,1.4E-17,3.0E7,1.0,8.1E8,
1.6E-40,0.0082,6100.0,3500.0,4300.0,4200000.0,7000.0,2600.0,7200.0,7000.0,7400.0,0.13,4200000.0,2.9E-6,0.049,0.049,0.0,600.0,1.8,160.0,3.5E-6,1.4E-17,3.1E7,1.0,8.1E8,
1.6E-40,0.0082,6100.0,3500.0,4300.0,4200000.0,7000.0,2600.0,7200.0,7000.0,7400.0,0.13,4200000.0,2.6E-6,0.049,0.049,0.0,600.0,1.8,150.0,3.5E-6,1.2E-17,3.3E7,1.0,8.1E8,
1.6E-40,0.0082,6100.0,3500.0,4300.0,4200000.0,7000.0,2600.0,7200.0,7000.0,7400.0,0.13,4200000.0,2.2E-6,0.049,0.049,0.0,600.0,1.8,140.0,3.5E-6,1.1E-17,3.4E7,1.0,8.1E8,
1.6E-40,0.0082,6100.0,3500.0,4300.0,4200000.0,7000.0,2600.0,7200.0,7000.0,7400.0,0.13,4200000.0,1.9E-6,0.049,0.049,0.0,600.0,1.8,130.0,3.5E-6,9.4E-18,3.6E7,1.0,8.1E8,
1.6E-40,0.0082,6100.0,3500.0,4300.0,4200000.0,7000.0,2600.0,7200.0,7000.0,7400.0,0.13,4200000.0,2.1E-6,0.049,0.049,0.0,600.0,1.8,120.0,3.5E-6,8.7E-18,3.5E7,1.0,8.1E8,
1.6E-40,0.0082,6100.0,3500.0,4300.0,4200000.0,7000.0,2600.0,7200.0,7000.0,7400.0,0.13,4200000.0,2.6E-6,0.049,0.049,0.0,600.0,1.8,120.0,3.5E-6,1.0E-17,3.2E7,1.0,8.1E8,
1.6E-40,0.0082,6100.0,3500.0,4300.0,4099999.9999999995,7000.0,2600.0,7200.0,7000.0,7400.0,0.13,4200000.0,2.8E-6,0.049,0.049,0.0,590.0,1.8,110.0,3.5E-6,1.1E-17,3.2E7,1.0,8.0E8,
1.6E-40,0.0082,6100.0,3500.0,4300.0,4099999.9999999995,7000.0,2600.0,7200.0,7000.0,7400.0,0.13,4200000.0,3.4E-6,0.049,0.049,0.0,590.0,1.8,100.0,3.5E-6,1.3E-17,2.9E7,1.0,8.0E8,
1.6E-40,0.0082,6100.0,3500.0,4300.0,4099999.9999999995,7000.0,2600.0,7200.0,7000.0,7400.0,0.13,4200000.0,3.7E-6,0.049,0.049,0.0,590.0,1.8,99.0,3.5E-6,1.5E-17,2.8E7,1.0,8.0E8,
1.6E-40,0.0082,6100.0,3500.0,4300.0,4099999.9999999995,7000.0,2600.0,7200.0,7000.0,7400.0,0.13,4200000.0,3.6E-6,0.049,0.049,0.0,590.0,1.8,93.0,3.5E-6,1.6E-17,2.8E7,1.0,8.0E8,
1.6E-40,0.0082,6100.0,3500.0,4300.0,4099999.9999999995,7000.0,2600.0,7200.0,7000.0,7400.0,0.13,4200000.0,3.3E-6,0.049,0.049,0.0,580.0,1.8,88.0,3.5E-6,1.5E-17,2.9E7,1.0,8.0E8,
1.6E-40,0.0082,6100.0,3500.0,4300.0,4099999.9999999995,7000.0,2600.0,7200.0,7000.0,7400.0,0.13,4200000.0,3.0E-6,0.049,0.049,0.0,580.0,1.8,83.0,3.5E-6,1.4E-17,3.0E7,1.0,8.0E8,
1.6E-40,0.0081,6100.0,3500.0,4300.0,4099999.9999999995,7000.0,2600.0,7200.0,7000.0,7400.0,0.13,4200000.0,2.6E-6,0.049,0.049,0.0,570.0,1.8,78.0,3.5E-6,1.3E-17,3.2E7,1.0,8.0E8,
1.6E-40,0.0081,6100.0,3500.0,4300.0,4099999.9999999995,7000.0,2600.0,7200.0,7000.0,7400.0,0.13,4200000.0,3.2E-6,0.049,0.049,0.0,570.0,1.8,74.0,3.5E-6,1.3E-17,2.9E7,1.0,8.0E8,
1.6E-40,0.0081,6100.0,3500.0,4300.0,4099999.9999999995,7000.0,2600.0,7200.0,7000.0,7400.0,0.13,4200000.0,3.6E-6,0.049,0.049,0.0,570.0,1.8,70.0,3.5E-6,1.4E-17,2.8E7,1.0,8.0E8,
1.6E-40,0.0081,6100.0,3500.0,4300.0,4099999.9999999995,7000.0,2600.0,7200.0,7000.0,7400.0,0.13,4200000.0,3.6E-6,0.049,0.049,0.0,560.0,1.8,65.0,3.5E-6,1.5E-17,2.8E7,1.0,8.0E8,
1.6E-40,0.0081,6100.0,3500.0,4300.0,4099999.9999999995,7000.0,2600.0,7200.0,7000.0,7400.0,0.13,4200000.0,3.3E-6,0.049,0.049,0.0,560.0,1.8,62.0,3.5E-6,1.5E-17,2.9E7,1.0,8.0E8,
1.6E-40,0.0081,6100.0,3500.0,4300.0,4099999.9999999995,7000.0,2600.0,7200.0,7000.0,7400.0,0.13,4200000.0,3.0E-6,0.049,0.049,0.0,550.0,1.8,59.0,3.5E-6,1.4E-17,3.0E7,1.0,8.0E8,
1.6E-40,0.0081,6100.0,3500.0,4300.0,4099999.9999999995,7000.0,2600.0,7200.0,7000.0,7400.0,0.13,4200000.0,2.6E-6,0.049,0.049,0.0,540.0,1.8,55.0,3.5E-6,1.3E-17,3.2E7,1.0,8.0E8,
1.6E-40,0.0081,6100.0,3500.0,4300.0,4099999.9999999995,7000.0,2600.0,7200.0,7000.0,7400.0,0.13,4200000.0,2.2E-6,0.049,0.049,0.0,540.0,1.8,52.0,3.5E-6,1.1E-17,3.3E7,1.0,8.0E8,
1.6E-40,0.0081,6100.0,3500.0,4300.0,4099999.9999999995,7000.0,2600.0,7200.0,7000.0,7400.0,0.13,4200000.0,2.0E-6,0.049,0.049,0.0,540.0,1.8,49.0,3.5E-6,9.8E-18,3.5E7,1.0,8.0E8,
1.6E-40,0.0081,6100.0,3500.0,4300.0,4099999.9999999995,7000.0,2600.0,7200.0,7000.0,7400.0,0.13,4200000.0,2.3E-6,0.049,0.049,0.0,540.0,1.8,46.0,3.5E-6,9.1E-18,3.3E7,1.0,8.0E8,
1.6E-40,0.0081,6100.0,3500.0,4300.0,4099999.9999999995,7000.0,2600.0,7200.0,7000.0,7400.0,0.13,4200000.0,2.7E-6,0.049,0.049,0.0,540.0,1.8,43.0,3.5E-6,1.1E-17,3.1E7,1.0,8.0E8,
1.6E-40,0.0081,6100.0,3500.0,4300.0,4099999.9999999995,7000.0,2600.0,7200.0,7000.0,7400.0,0.13,4200000.0,2.8E-6,0.049,0.049,0.0,530.0,1.8,41.0,3.5E-6,1.2E-17,3.1E7,1.0,8.0E8,
1.6E-40,0.0081,6100.0,3500.0,4300.0,4099999.9999999995,7000.0,2600.0,7200.0,7000.0,7400.0,0.13,4200000.0,2.7E-6,0.049,0.049,0.0,530.0,1.8,38.0,3.5E-6,1.2E-17,3.1E7,1.0,8.0E8,
1.6E-40,0.0081,6100.0,3500.0,4300.0,4099999.9999999995,7000.0,2600.0,7200.0,7000.0,7400.0,0.13,4200000.0,2.5E-6,0.049,0.049,0.0,520.0,1.8,36.0,3.5E-6,1.1E-17,3.2E7,1.0,8.0E8,
1.6E-40,0.0081,6100.0,3500.0,4300.0,4099999.9999999995,7000.0,2600.0,7200.0,7000.0,7400.0,0.13,4200000.0,2.2E-6,0.049,0.049,0.0,520.0,1.8,34.0,3.5E-6,1.1E-17,3.3E7,1.0,8.0E8,
9.1E-40,0.056,24000.0,100000.0,2100.0,5500000.0,18000.0,4600.0,400.0,11000.0,14000.0,0.13,5699999.999999999,2.0E-5,0.15,0.15,0.0,710.0,4.8,5700.0,5.7E-6,1.1E-11,3.5E7,1.0,8.3E8,
1.0E-40,0.0062,24000.0,4200.0,2100.0,5500000.0,730.0,4600.0,400.0,11000.0,1100.0,0.13,5600000.0,1.1E-6,0.037,0.037,0.0,700.0,4.7,5400.0,5.7E-6,5.4E-13,3.2E7,1.0,8.3E8,
9.8E-41,0.0061,1700.0,4200.0,2100.0,5300000.0,720.0,4600.0,400.0,3700.0,1100.0,0.13,5300000.0,8.5E-6,0.036,0.036,0.0,700.0,4.6,5300.0,5.6E-6,2.9E-13,3.0E7,1.0,8.3E8,
9.599999999999999E-41,0.006,1700.0,4200.0,2100.0,5100000.0,720.0,4600.0,400.0,3700.0,1100.0,0.13,5200000.0,9.5E-6,0.035,0.035,0.0,700.0,4.5,5100.0,5.6E-6,1.6E-13,2.9E7,1.0,8.3E8,
9.3E-41,0.0058,1700.0,4200.0,2100.0,4700000.0,720.0,4600.0,400.0,3700.0,1100.0,0.13,4700000.0,1.1E-5,0.033,0.033,0.0,690.0,4.2,4900.0,5.6E-6,6.7E-14,2.7E7,1.0,8.2E8,
8.999999999999999E-41,0.0056,1600.0,4100.0,2100.0,4400000.0,720.0,4600.0,400.0,3700.0,1100.0,0.13,4400000.0,1.1E-5,0.032,0.032,0.0,690.0,4.0,4800.0,5.6E-6,4.4E-14,2.6E7,1.0,8.2E8,
8.8E-41,0.0055,1600.0,4100.0,2100.0,4200000.0,720.0,4600.0,400.0,3700.0,1100.0,0.13,4200000.0,1.2E-5,0.031,0.031,0.0,690.0,3.9,4600.0,5.5E-6,1.9E-14,2.5E7,1.0,8.2E8,
8.8E-41,0.0055,1600.0,4100.0,2100.0,4200000.0,720.0,4600.0,400.0,3700.0,1100.0,0.13,4200000.0,1.3E-5,0.031,0.031,0.0,690.0,3.9,4400.0,5.5E-6,5.9E-15,2.4E7,1.0,8.2E8,
8.8E-41,0.0055,1600.0,4100.0,2100.0,4200000.0,720.0,4600.0,400.0,3700.0,1100.0,0.13,4200000.0,1.2E-5,0.031,0.031,0.0,690.0,3.9,4100.0,5.5E-6,1.8E-15,2.5E7,1.0,8.2E8,
8.8E-41,0.0055,1600.0,4100.0,2100.0,4200000.0,720.0,4600.0,400.0,3700.0,1100.0,0.13,4200000.0,1.1E-5,0.031,0.031,0.0,670.0,3.9,3900.0,5.5E-6,6.1E-16,2.6E7,1.0,8.2E8,
8.8E-41,0.0055,1600.0,4100.0,2100.0,4200000.0,720.0,4600.0,400.0,3700.0,1100.0,0.13,4200000.0,9.4E-6,0.031,0.031,0.0,670.0,3.9,3600.0,5.5E-6,2.3E-16,2.7E7,1.0,8.2E8,
8.8E-41,0.0055,1600.0,4100.0,2100.0,4200000.0,720.0,4600.0,400.0,3700.0,1100.0,0.13,4200000.0,8.0E-6,0.031,0.031,0.0,660.0,3.9,3400.0,5.5E-6,1.1E-16,2.9E7,1.0,8.2E8,
8.8E-41,0.0055,1600.0,4100.0,2100.0,4200000.0,720.0,4600.0,400.0,3700.0,1100.0,0.13,4200000.0,6.8E-6,0.031,0.031,0.0,660.0,3.9,3200.0,5.5E-6,6.8E-17,3.0E7,1.0,8.2E8,
8.8E-41,0.0055,1600.0,4100.0,2100.0,4200000.0,720.0,4600.0,400.0,3700.0,1100.0,0.13,4200000.0,5.8E-6,0.031,0.031,0.0,640.0,3.9,3000.0,5.5E-6,5.0E-17,3.2E7,1.0,8.2E8,
8.8E-41,0.0055,1600.0,4100.0,2100.0,4200000.0,720.0,4600.0,400.0,3700.0,1100.0,0.13,4200000.0,5.8E-6,0.031,0.031,0.0,630.0,3.9,2900.0,5.5E-6,4.1E-17,3.2E7,1.0,8.2E8,
8.8E-41,0.0055,1600.0,4100.0,2100.0,4200000.0,720.0,4600.0,400.0,3700.0,1100.0,0.13,4200000.0,7.0E-6,0.031,0.031,0.0,630.0,3.9,2700.0,5.6E-6,4.4E-17,3.0E7,1.0,8.2E8,
8.8E-41,0.0055,1600.0,4100.0,2100.0,4200000.0,720.0,4600.0,400.0,3700.0,1100.0,0.13,4200000.0,7.4E-6,0.031,0.031,0.0,620.0,3.9,2500.0,5.5E-6,4.8E-17,3.0E7,1.0,8.2E8,
8.8E-41,0.0055,1600.0,4100.0,2100.0,4200000.0,720.0,4600.0,400.0,3700.0,1100.0,0.13,4200000.0,7.1E-6,0.031,0.031,0.0,610.0,3.9,2400.0,5.6E-6,4.9E-17,3.0E7,1.0,8.2E8,
1.8E-40,0.014,1200.0,1300.0,15000.0,5600000.0,630.0,4300.0,2200.0,5700.0,3300.0,0.13,5600000.0,2.0E-5,0.086,0.086,0.0,660.0,9.5,2300.0,6.5E-6,2.7E-12,2.9E7,1.0,8.4E8,
7.399999999999999E-41,0.0059,1200.0,1300.0,1900.0,5500000.0,630.0,4300.0,2200.0,5700.0,3300.0,0.13,5500000.0,8.5E-6,0.075,0.075,0.0,660.0,3.5,2200.0,6.4E-6,6.2E-13,2.8E7,1.0,8.3E8,
6.9E-41,0.0055,1200.0,1300.0,1900.0,5000000.0,630.0,4200.0,2200.0,5600.0,3300.0,0.13,5000000.0,8.9E-6,0.071,0.071,0.0,660.0,3.3,2200.0,6.4E-6,3.2E-13,2.6E7,1.0,8.3E8,
6.8E-41,0.0054,1200.0,1300.0,1900.0,4900000.0,630.0,4200.0,2200.0,5600.0,3300.0,0.13,4900000.0,1.0E-5,0.07,0.07,0.0,660.0,3.2,2100.0,6.4E-6,1.4E-13,2.5E7,1.0,8.3E8,
6.499999999999999E-41,0.0052,1200.0,1300.0,1900.0,4500000.0,630.0,4200.0,2200.0,5600.0,3300.0,0.13,4500000.0,9.9E-6,0.067,0.067,0.0,660.0,3.0,2000.0,6.4E-6,1.1E-13,2.5E7,1.0,8.3E8,
6.399999999999999E-41,0.0051,1200.0,1300.0,1900.0,4300000.0,630.0,4200.0,2200.0,5600.0,3300.0,0.13,4400000.0,1.1E-5,0.065,0.065,0.0,650.0,3.0,2000.0,6.3E-6,5.9E-14,2.4E7,1.0,8.2E8,
6.3E-41,0.005,1200.0,1300.0,1900.0,4200000.0,630.0,4200.0,2200.0,5600.0,3300.0,0.13,4200000.0,1.2E-5,0.064,0.064,0.0,650.0,2.9,1900.0,6.3E-6,2.2E-14,2.3E7,1.0,8.2E8,
6.3E-41,0.005,1200.0,1300.0,1900.0,4200000.0,630.0,4200.0,2200.0,5600.0,3300.0,0.13,4200000.0,1.3E-5,0.064,0.064,0.0,650.0,2.9,1800.0,6.3E-6,6.6E-15,2.2E7,1.0,8.2E8,
6.4E-40,0.068,15000.0,57000.0,8700.0,5600000.0,630.0,4200.0,2200.0,5600.0,3300.0,0.13,5699999.999999999,5.4E-5,0.097,0.097,0.0,660.0,12.0,4300.0,6.6E-6,4.5E-12,2.2E7,1.0,8.4E8,
9.7E-41,0.01,2000.0,4500.0,1200.0,5300000.0,630.0,4200.0,2200.0,5600.0,3200.0,0.13,5300000.0,2.6E-5,0.057,0.057,0.0,660.0,5.2,4200.0,6.5E-6,3.7E-13,2.1E7,1.0,8.4E8,
9.3E-41,0.0099,2000.0,4500.0,1200.0,4800000.0,630.0,4200.0,2200.0,5600.0,3200.0,0.13,4800000.0,2.6E-5,0.054,0.054,0.0,650.0,4.8,4000.0,6.5E-6,1.6E-13,2.1E7,1.0,8.3E8,
8.9E-41,0.0095,2000.0,4500.0,1200.0,4400000.0,630.0,4200.0,2200.0,5600.0,3200.0,0.13,4400000.0,2.6E-5,0.051,0.051,0.0,650.0,4.5,3900.0,6.5E-6,8.5E-14,2.0E7,1.0,8.3E8,
8.8E-41,0.0093,2000.0,4500.0,1200.0,4200000.0,630.0,4200.0,2200.0,5600.0,3200.0,0.13,4300000.0,2.6E-5,0.05,0.05,0.0,650.0,4.4,3700.0,6.4E-6,3.1E-14,2.0E7,1.0,8.3E8,
8.8E-41,0.0093,2000.0,4500.0,1200.0,4200000.0,630.0,4200.0,2200.0,5600.0,3200.0,0.13,4300000.0,2.4E-5,0.05,0.05,0.0,650.0,4.4,3500.0,6.4E-6,9.4E-15,2.0E7,1.0,8.3E8,
8.8E-41,0.0093,2000.0,4500.0,1200.0,4200000.0,630.0,4200.0,2200.0,5600.0,3200.0,0.13,4300000.0,2.1E-5,0.05,0.05,0.0,650.0,4.4,3300.0,6.4E-6,3.0E-15,2.1E7,1.0,8.3E8,
8.8E-41,0.0093,2000.0,4500.0,1200.0,4200000.0,630.0,4200.0,2200.0,5600.0,3200.0,0.13,4300000.0,1.8E-5,0.05,0.05,0.0,650.0,4.4,3100.0,6.4E-6,1.0E-15,2.3E7,1.0,8.3E8,
8.8E-41,0.0093,2000.0,4500.0,1200.0,4200000.0,630.0,4200.0,2200.0,5600.0,3200.0,0.13,4300000.0,1.5E-5,0.05,0.05,0.0,640.0,4.4,2900.0,6.4E-6,3.9E-16,2.4E7,1.0,8.3E8,
8.8E-41,0.0093,2000.0,4500.0,1200.0,4200000.0,630.0,4200.0,2200.0,5600.0,3200.0,0.13,4300000.0,1.2E-5,0.05,0.05,0.0,640.0,4.4,2700.0,6.4E-6,1.9E-16,2.6E7,1.0,8.3E8,
8.8E-41,0.0093,2000.0,4500.0,1200.0,4200000.0,630.0,4200.0,2200.0,5600.0,3200.0,0.13,4300000.0,1.0E-5,0.05,0.05,0.0,620.0,4.4,2600.0,6.4E-6,1.2E-16,2.8E7,1.0,8.3E8,
8.8E-41,0.0093,2000.0,4500.0,1200.0,4200000.0,630.0,4200.0,2200.0,5600.0,3200.0,0.13,4300000.0,8.3E-6,0.05,0.05,0.0,620.0,4.4,2400.0,6.4E-6,8.4E-17,3.0E7,1.0,8.3E8,
8.8E-41,0.0093,2000.0,4500.0,1200.0,4200000.0,630.0,4200.0,2200.0,5600.0,3200.0,0.13,4300000.0,8.7E-6,0.05,0.05,0.0,620.0,4.4,2300.0,6.4E-6,7.0E-17,2.9E7,1.0,8.3E8,
8.8E-41,0.0093,2000.0,4500.0,1200.0,4200000.0,630.0,4200.0,2200.0,5600.0,3200.0,0.13,4200000.0,1.0E-5,0.05,0.05,0.0,620.0,4.3,2200.0,6.4E-6,7.3E-17,2.7E7,1.0,8.2E8,
8.8E-41,0.0093,2000.0,4500.0,1200.0,4200000.0,630.0,4200.0,2200.0,5600.0,3200.0,0.13,4200000.0,1.1E-5,0.05,0.05,0.0,620.0,4.3,2100.0,6.4E-6,8.2E-17,2.6E7,1.0,8.2E8,
8.8E-41,0.0093,2000.0,4500.0,1200.0,4200000.0,630.0,4200.0,2200.0,5600.0,3200.0,0.13,4200000.0,1.1E-5,0.05,0.05,0.0,620.0,4.3,1900.0,6.4E-6,8.6E-17,2.7E7,1.0,8.2E8,
8.8E-41,0.0093,2000.0,4500.0,1200.0,4200000.0,630.0,4200.0,2200.0,5600.0,3200.0,0.13,4200000.0,1.0E-5,0.05,0.05,0.0,620.0,4.3,1800.0,6.4E-6,8.3E-17,2.8E7,1.0,8.2E8,
8.8E-41,0.0093,2000.0,4500.0,1200.0,4200000.0,630.0,4200.0,2200.0,5600.0,3200.0,0.13,4200000.0,8.9E-6,0.05,0.05,0.0,610.0,4.3,1700.0,6.4E-6,7.7E-17,2.9E7,1.0,8.2E8,
8.8E-41,0.0093,2000.0,4500.0,1200.0,4200000.0,630.0,4200.0,2200.0,5600.0,3200.0,0.13,4200000.0,7.7E-6,0.05,0.05,0.0,600.0,4.3,1600.0,6.4E-6,6.8E-17,3.0E7,1.0,8.2E8,
8.8E-41,0.0093,2000.0,4500.0,1200.0,4200000.0,630.0,4200.0,2200.0,5600.0,3200.0,0.13,4200000.0,6.6E-6,0.05,0.05,0.0,600.0,4.3,1500.0,6.4E-6,5.9E-17,3.2E7,1.0,8.2E8,
8.8E-41,0.0093,2000.0,4500.0,1200.0,4200000.0,630.0,4200.0,2200.0,5600.0,3200.0,0.13,4200000.0,5.7E-6,0.05,0.05,0.0,600.0,4.3,1400.0,6.4E-6,5.1E-17,3.4E7,1.0,8.2E8,
8.8E-41,0.0093,2000.0,4500.0,1200.0,4200000.0,630.0,4200.0,2200.0,5600.0,3200.0,0.13,4200000.0,5.7E-6,0.05,0.05,0.0,590.0,4.3,1400.0,6.4E-6,4.5E-17,3.4E7,1.0,8.2E8,
8.8E-41,0.0093,2000.0,4500.0,1200.0,4200000.0,630.0,4200.0,2200.0,5600.0,3200.0,0.13,4200000.0,7.0E-6,0.05,0.05,0.0,590.0,4.3,1300.0,6.4E-6,5.0E-17,3.1E7,1.0,8.2E8,
8.8E-41,0.0093,2000.0,4500.0,1200.0,4200000.0,630.0,4200.0,2200.0,5600.0,3200.0,0.13,4200000.0,7.5E-6,0.05,0.05,0.0,580.0,4.3,1200.0,6.4E-6,5.6E-17,3.1E7,1.0,8.2E8,
8.8E-41,0.0093,2000.0,4500.0,1200.0,4200000.0,630.0,4200.0,2200.0,5600.0,3200.0,0.13,4200000.0,7.3E-6,0.05,0.05,0.0,570.0,4.3,1100.0,6.4E-6,5.8E-17,3.1E7,1.0,8.2E8,
8.8E-41,0.0093,2000.0,4500.0,1200.0,4200000.0,630.0,4200.0,2200.0,5600.0,3200.0,0.13,4200000.0,6.8E-6,0.05,0.05,0.0,570.0,4.3,1100.0,6.4E-6,5.6E-17,3.2E7,1.0,8.2E8,
8.8E-41,0.0093,2000.0,4500.0,1200.0,4200000.0,630.0,4200.0,2200.0,5600.0,3200.0,0.13,4200000.0,6.0E-6,0.05,0.05,0.0,570.0,4.3,1000.0,6.4E-6,5.2E-17,3.3E7,1.0,8.2E8,
8.8E-41,0.0093,2000.0,4500.0,1200.0,4200000.0,630.0,4200.0,2200.0,5600.0,3200.0,0.13,4200000.0,5.3E-6,0.05,0.05,0.0,570.0,4.3,950.0,6.5E-6,4.6E-17,3.5E7,1.0,8.2E8,
8.8E-41,0.0093,2000.0,4500.0,1200.0,4200000.0,630.0,4200.0,2200.0,5600.0,3200.0,0.13,4200000.0,4.6E-6,0.05,0.05,0.0,570.0,4.3,890.0,6.5E-6,4.1E-17,3.6E7,1.0,8.2E8,
8.8E-41,0.0093,2000.0,4500.0,1200.0,4200000.0,630.0,4200.0,2200.0,5600.0,3200.0,0.13,4200000.0,4.1E-6,0.05,0.05,0.0,560.0,4.3,840.0,6.5E-6,3.6E-17,3.8E7,1.0,8.2E8,
8.8E-41,0.0093,2000.0,4500.0,1200.0,4200000.0,630.0,4200.0,2200.0,5600.0,3200.0,0.13,4200000.0,5.4E-6,0.05,0.05,0.0,560.0,4.3,790.0,6.5E-6,3.8E-17,3.4E7,1.0,8.2E8,
8.8E-41,0.0093,2000.0,4500.0,1200.0,4200000.0,630.0,4200.0,2200.0,5600.0,3200.0,0.13,4200000.0,6.2E-6,0.05,0.05,0.0,560.0,4.3,740.0,6.5E-6,4.4E-17,3.3E7,1.0,8.2E8,
8.8E-41,0.0093,2000.0,4500.0,1200.0,4200000.0,630.0,4200.0,2200.0,5600.0,3200.0,0.13,4200000.0,6.3E-6,0.05,0.05,0.0,560.0,4.3,700.0,6.5E-6,4.8E-17,3.3E7,1.0,8.2E8,
8.8E-41,0.0093,2000.0,4500.0,1200.0,4200000.0,630.0,4200.0,2200.0,5600.0,3200.0,0.13,4200000.0,6.0E-6,0.05,0.05,0.0,550.0,4.3,660.0,6.5E-6,4.8E-17,3.3E7,1.0,8.2E8,
8.8E-41,0.0093,2000.0,4500.0,1200.0,4200000.0,630.0,4200.0,2200.0,5600.0,3200.0,0.13,4200000.0,5.5E-6,0.05,0.05,0.0,550.0,4.3,620.0,6.5E-6,4.6E-17,3.4E7,1.0,8.2E8,
8.8E-41,0.0093,2000.0,4500.0,1200.0,4200000.0,630.0,4200.0,2200.0,5600.0,3200.0,0.13,4200000.0,4.9E-6,0.05,0.05,0.0,550.0,4.3,590.0,6.5E-6,4.2E-17,3.6E7,1.0,8.2E8,
8.8E-41,0.0093,2000.0,4500.0,1200.0,4200000.0,630.0,4200.0,2200.0,5600.0,3200.0,0.13,4200000.0,4.3E-6,0.05,0.05,0.0,550.0,4.3,550.0,6.5E-6,3.8E-17,3.7E7,1.0,8.2E8,
8.8E-41,0.0093,2000.0,4500.0,1200.0,4200000.0,630.0,4200.0,2200.0,5600.0,3200.0,0.13,4200000.0,3.8E-6,0.05,0.05,0.0,540.0,4.3,520.0,6.5E-6,3.3E-17,3.9E7,1.0,8.2E8,
8.8E-41,0.0093,2000.0,4500.0,1200.0,4200000.0,630.0,4200.0,2200.0,5600.0,3200.0,0.13,4200000.0,4.5E-6,0.05,0.05,0.0,540.0,4.3,490.0,6.5E-6,3.2E-17,3.7E7,1.0,8.2E8,
8.8E-41,0.0093,2000.0,4500.0,1200.0,4200000.0,630.0,4200.0,2200.0,5600.0,3200.0,0.13,4200000.0,5.5E-6,0.05,0.05,0.0,530.0,4.3,460.0,6.5E-6,3.8E-17,3.4E7,1.0,8.2E8,
8.8E-41,0.0093,2000.0,4500.0,1200.0,4200000.0,630.0,4200.0,2200.0,5600.0,3200.0,0.13,4200000.0,5.8E-6,0.05,0.05,0.0,520.0,4.3,440.0,6.5E-6,4.3E-17,3.4E7,1.0,8.2E8,
8.8E-41,0.0093,2000.0,4500.0,1200.0,4200000.0,630.0,4200.0,2200.0,5600.0,3200.0,0.13,4200000.0,5.7E-6,0.05,0.05,0.0,510.0,4.3,410.0,6.5E-6,4.5E-17,3.4E7,1.0,8.2E8,
8.8E-41,0.0093,2000.0,4500.0,1200.0,4200000.0,630.0,4200.0,2200.0,5600.0,3200.0,0.13,4200000.0,5.3E-6,0.05,0.05,0.0,510.0,4.3,390.0,6.5E-6,4.4E-17,3.5E7,1.0,8.2E8,
8.8E-41,0.0093,2000.0,4500.0,1200.0,4200000.0,630.0,4200.0,2200.0,5600.0,3200.0,0.13,4200000.0,4.7E-6,0.05,0.05,0.0,500.0,4.3,360.0,6.5E-6,4.1E-17,3.6E7,1.0,8.2E8,
8.8E-41,0.0093,2000.0,4500.0,1200.0,4200000.0,630.0,4200.0,2200.0,5600.0,3200.0,0.13,4200000.0,4.2E-6,0.05,0.05,0.0,500.0,4.3,340.0,6.5E-6,3.7E-17,3.8E7,1.0,8.2E8,
8.8E-41,0.0093,2000.0,4500.0,1200.0,4200000.0,630.0,4200.0,2200.0,5600.0,3200.0,0.13,4200000.0,3.7E-6,0.05,0.05,0.0,500.0,4.3,320.0,6.5E-6,3.3E-17,3.9E7,1.0,8.2E8,
8.8E-41,0.0093,2000.0,4500.0,1200.0,4200000.0,630.0,4200.0,2200.0,5600.0,3200.0,0.13,4200000.0,3.9E-6,0.05,0.05,0.0,490.0,4.3,300.0,6.5E-6,3.0E-17,3.9E7,1.0,8.2E8,
8.8E-41,0.0093,2000.0,4500.0,1200.0,4200000.0,630.0,4200.0,2200.0,5600.0,3200.0,0.13,4200000.0,5.0E-6,0.05,0.05,0.0,480.0,4.3,290.0,6.5E-6,3.4E-17,3.5E7,1.0,8.2E8,
6.2E-41,0.009,3300.0,4000.0,3500.0,5200000.0,4700.0,4200.0,2200.0,5600.0,3200.0,0.13,5300000.0,2.6E-6,0.051,0.051,0.0,550.0,9.4,280.0,7.2E-6,3.7E-12,3.4E7,1.0,8.3E8,
6.0E-41,0.0089,3300.0,4000.0,3500.0,5000000.0,4700.0,4200.0,2200.0,5600.0,3200.0,0.13,5000000.0,1.5E-5,0.049,0.049,0.0,550.0,9.1,270.0,7.2E-6,1.6E-12,3.2E7,1.0,8.3E8,
5.9E-41,0.0087,3300.0,4000.0,3500.0,4700000.0,4700.0,4200.0,2200.0,5600.0,3200.0,0.13,4700000.0,1.8E-5,0.048,0.048,0.0,550.0,8.8,260.0,7.1E-6,5.8E-13,2.9E7,1.0,8.3E8,
5.8E-41,0.0085,3300.0,4000.0,3500.0,4500000.0,4600.0,4200.0,2200.0,5600.0,3200.0,0.13,4500000.0,2.0E-5,0.047,0.047,0.0,550.0,8.6,250.0,7.1E-6,2.6E-13,2.7E7,1.0,8.3E8,
5.699999999999999E-41,0.0083,3300.0,4000.0,3500.0,4200000.0,4600.0,4200.0,2200.0,5600.0,3200.0,0.13,4300000.0,2.2E-5,0.045,0.045,0.0,550.0,8.3,240.0,7.1E-6,1.7E-13,2.7E7,1.0,8.2E8,
5.699999999999999E-41,0.0083,3300.0,4000.0,3500.0,4200000.0,4600.0,4200.0,2200.0,5600.0,3200.0,0.13,4300000.0,2.5E-5,0.045,0.045,0.0,550.0,8.3,230.0,7.1E-6,5.1E-14,2.5E7,1.0,8.2E8,
5.699999999999999E-41,0.0083,3300.0,4000.0,3500.0,4200000.0,4600.0,4200.0,2200.0,5600.0,3200.0,0.13,4300000.0,2.5E-5,0.045,0.045,0.0,550.0,8.3,210.0,7.1E-6,1.6E-14,2.5E7,1.0,8.2E8,
5.699999999999999E-41,0.0083,3300.0,4000.0,3500.0,4200000.0,4600.0,4200.0,2200.0,5600.0,3200.0,0.12,4300000.0,2.3E-5,0.045,0.045,0.0,540.0,8.3,200.0,7.0E-6,4.8E-15,2.6E7,1.0,8.1E8,
5.599999999999999E-41,0.0083,3300.0,4000.0,3500.0,4200000.0,4600.0,4200.0,2200.0,5600.0,3200.0,0.12,4200000.0,2.6E-5,0.045,0.045,0.0,540.0,8.2,190.0,7.0E-6,1.6E-15,2.4E7,1.0,8.1E8,
5.599999999999999E-41,0.0083,3300.0,4000.0,3500.0,4200000.0,4600.0,4200.0,2200.0,5600.0,3200.0,0.12,4200000.0,2.7E-5,0.045,0.045,0.0,540.0,8.2,180.0,7.0E-6,6.4E-16,2.4E7,1.0,8.1E8,
5.599999999999999E-41,0.0083,3300.0,4000.0,3500.0,4200000.0,4600.0,4200.0,2200.0,5600.0,3200.0,0.12,4200000.0,2.5E-5,0.045,0.045,0.0,530.0,8.2,170.0,7.0E-6,3.5E-16,2.5E7,1.0,8.1E8,
5.599999999999999E-41,0.0083,3300.0,4000.0,3500.0,4200000.0,4600.0,4200.0,2200.0,5600.0,3200.0,0.12,4200000.0,2.3E-5,0.045,0.045,0.0,520.0,8.2,160.0,7.0E-6,2.5E-16,2.6E7,1.0,8.1E8,
5.599999999999999E-41,0.0083,3300.0,4000.0,3500.0,4200000.0,4600.0,4200.0,2200.0,5600.0,3200.0,0.12,4200000.0,2.0E-5,0.045,0.045,0.0,520.0,8.2,150.0,7.0E-6,2.0E-16,2.7E7,1.0,8.1E8,
5.599999999999999E-41,0.0083,3300.0,4000.0,3500.0,4200000.0,4600.0,4200.0,2200.0,5600.0,3200.0,0.12,4200000.0,1.7E-5,0.045,0.045,0.0,520.0,8.2,140.0,7.0E-6,1.7E-16,2.9E7,1.0,8.1E8,
5.599999999999999E-41,0.0083,3300.0,4000.0,3500.0,4200000.0,4600.0,4200.0,2200.0,5600.0,3200.0,0.12,4200000.0,1.4E-5,0.045,0.045,0.0,520.0,8.2,130.0,7.0E-6,1.4E-16,3.1E7,1.0,8.1E8,
5.599999999999999E-41,0.0083,3300.0,4000.0,3500.0,4200000.0,4600.0,4200.0,2200.0,5600.0,3200.0,0.12,4200000.0,1.2E-5,0.045,0.045,0.0,510.0,8.2,120.0,7.0E-6,1.2E-16,3.2E7,1.0,8.1E8,
5.599999999999999E-41,0.0083,3300.0,4000.0,3500.0,4200000.0,4600.0,4200.0,2200.0,5600.0,3200.0,0.12,4200000.0,1.3E-5,0.045,0.045,0.0,510.0,8.2,120.0,7.0E-6,1.1E-16,3.2E7,1.0,8.1E8,
5.599999999999999E-41,0.0083,3300.0,4000.0,3500.0,4200000.0,4600.0,4200.0,2200.0,5600.0,3200.0,0.12,4200000.0,1.5E-5,0.045,0.045,0.0,500.0,8.2,110.0,7.0E-6,1.2E-16,3.0E7,1.0,8.1E8,
5.599999999999999E-41,0.0083,3300.0,4000.0,3500.0,4200000.0,4600.0,4200.0,2200.0,5600.0,3200.0,0.12,4200000.0,1.6E-5,0.045,0.045,0.0,500.0,8.2,100.0,7.0E-6,1.3E-16,2.9E7,1.0,8.1E8,
5.599999999999999E-41,0.0083,3300.0,4000.0,3500.0,4200000.0,4600.0,4200.0,2200.0,5600.0,3200.0,0.12,4200000.0,1.5E-5,0.045,0.045,0.0,500.0,8.2,98.0,7.0E-6,1.3E-16,3.0E7,1.0,8.1E8,
5.599999999999999E-41,0.0083,3300.0,4000.0,3500.0,4200000.0,4600.0,4200.0,2200.0,5600.0,3200.0,0.12,4200000.0,1.4E-5,0.045,0.045,0.0,500.0,8.2,93.0,7.0E-6,1.3E-16,3.1E7,1.0,8.1E8,
5.599999999999999E-41,0.0083,3300.0,4000.0,3500.0,4200000.0,4600.0,4200.0,2200.0,5600.0,3200.0,0.12,4200000.0,1.2E-5,0.045,0.045,0.0,500.0,8.2,87.0,7.0E-6,1.1E-16,3.2E7,1.0,8.1E8,
5.599999999999999E-41,0.0083,3300.0,4000.0,3500.0,4200000.0,4600.0,4200.0,2200.0,5600.0,3200.0,0.12,4200000.0,1.1E-5,0.045,0.045,0.0,500.0,8.2,82.0,7.0E-6,1.0E-16,3.4E7,1.0,8.1E8,
5.599999999999999E-41,0.0083,3300.0,4000.0,3500.0,4200000.0,4600.0,4200.0,2200.0,5600.0,3200.0,0.12,4200000.0,9.2E-6,0.045,0.045,0.0,490.0,8.2,78.0,7.0E-6,9.0E-17,3.6E7,1.0,8.1E8,
5.599999999999999E-41,0.0083,3300.0,4000.0,3500.0,4200000.0,4600.0,4200.0,2200.0,5600.0,3200.0,0.12,4200000.0,8.7E-6,0.045,0.045,0.0,490.0,8.2,73.0,7.0E-6,7.9E-17,3.6E7,1.0,8.1E8,
5.599999999999999E-41,0.0083,3300.0,4000.0,3500.0,4200000.0,4600.0,4200.0,2200.0,5600.0,3200.0,0.12,4200000.0,1.2E-5,0.045,0.045,0.0,490.0,8.2,69.0,7.0E-6,8.7E-17,3.2E7,1.0,8.1E8,
5.599999999999999E-41,0.0083,3300.0,4000.0,3500.0,4200000.0,4600.0,4200.0,2200.0,5600.0,3200.0,0.12,4200000.0,1.4E-5,0.045,0.045,0.0,480.0,8.2,65.0,7.0E-6,1.1E-16,3.1E7,1.0,8.1E8,
5.599999999999999E-41,0.0083,3300.0,4000.0,3500.0,4200000.0,4600.0,4200.0,2200.0,5600.0,3200.0,0.12,4200000.0,1.4E-5,0.045,0.045,0.0,470.0,8.2,61.0,7.0E-6,1.2E-16,3.0E7,1.0,8.1E8,
5.599999999999999E-41,0.0082,3300.0,4000.0,3500.0,4099999.9999999995,4600.0,4200.0,2200.0,5600.0,3200.0,0.12,4200000.0,1.5E-5,0.045,0.045,0.0,470.0,8.2,59.0,6.9E-6,1.2E-16,2.9E7,1.0,8.0E8,
5.599999999999999E-41,0.0082,3300.0,4000.0,3500.0,4099999.9999999995,4600.0,4200.0,2200.0,5600.0,3200.0,0.12,4200000.0,1.8E-5,0.045,0.045,0.0,470.0,8.2,55.0,6.9E-6,1.4E-16,2.7E7,1.0,8.0E8,
5.599999999999999E-41,0.0082,3300.0,4000.0,3500.0,4099999.9999999995,4600.0,4200.0,2200.0,5600.0,3200.0,0.12,4200000.0,1.9E-5,0.045,0.045,0.0,460.0,8.2,52.0,6.9E-6,1.6E-16,2.7E7,1.0,8.0E8,
5.599999999999999E-41,0.0082,3300.0,4000.0,3500.0,4099999.9999999995,4600.0,4200.0,2200.0,5600.0,3200.0,0.12,4200000.0,1.9E-5,0.045,0.045,0.0,450.0,8.2,49.0,6.9E-6,1.6E-16,2.7E7,1.0,8.0E8,
5.599999999999999E-41,0.0082,3300.0,4000.0,3500.0,4099999.9999999995,4600.0,4200.0,2200.0,5600.0,3200.0,0.12,4200000.0,1.7E-5,0.045,0.045,0.0,450.0,8.2,46.0,6.9E-6,1.6E-16,2.8E7,1.0,8.0E8,
5.599999999999999E-41,0.0082,3300.0,4000.0,3500.0,4099999.9999999995,4600.0,4200.0,2200.0,5600.0,3200.0,0.12,4200000.0,1.5E-5,0.045,0.045,0.0,440.0,8.2,44.0,6.9E-6,1.4E-16,2.9E7,1.0,8.0E8,
5.599999999999999E-41,0.0082,3300.0,4000.0,3500.0,4099999.9999999995,4600.0,4200.0,2200.0,5600.0,3200.0,0.12,4200000.0,1.3E-5,0.045,0.045,0.0,440.0,8.2,41.0,6.9E-6,1.3E-16,3.1E7,1.0,8.0E8,
5.599999999999999E-41,0.0082,3300.0,4000.0,3500.0,4099999.9999999995,4600.0,4200.0,2200.0,5600.0,3200.0,0.12,4200000.0,1.1E-5,0.045,0.045,0.0,440.0,8.2,39.0,6.9E-6,1.1E-16,3.2E7,1.0,8.0E8,
5.599999999999999E-41,0.0082,3300.0,4000.0,3500.0,4099999.9999999995,4600.0,4200.0,2200.0,5600.0,3200.0,0.12,4200000.0,9.7E-6,0.045,0.045,0.0,430.0,8.2,36.0,6.9E-6,9.5E-17,3.4E7,1.0,8.0E8,
5.599999999999999E-41,0.0082,3300.0,4000.0,3500.0,4099999.9999999995,4600.0,4200.0,2200.0,5600.0,3200.0,0.12,4200000.0,1.1E-5,0.045,0.045,0.0,430.0,8.2,34.0,6.9E-6,9.0E-17,3.2E7,1.0,7.9E8,
5.599999999999999E-41,0.0082,3200.0,4000.0,3500.0,4099999.9999999995,4600.0,4200.0,2200.0,5500.0,3200.0,0.12,4099999.9999999995,1.4E-5,0.044,0.044,0.0,430.0,8.1,33.0,6.8E-6,1.0E-16,3.0E7,1.0,7.9E8,
5.599999999999999E-41,0.0082,3200.0,4000.0,3500.0,4099999.9999999995,4600.0,4200.0,2200.0,5500.0,3200.0,0.12,4099999.9999999995,1.6E-5,0.044,0.044,0.0,420.0,8.1,31.0,6.8E-6,1.2E-16,2.8E7,1.0,7.9E8,
5.599999999999999E-41,0.0082,3200.0,4000.0,3500.0,4099999.9999999995,4600.0,4200.0,2200.0,5500.0,3200.0,0.12,4099999.9999999995,1.7E-5,0.044,0.044,0.0,420.0,8.1,29.0,6.8E-6,1.4E-16,2.8E7,1.0,7.9E8,
5.599999999999999E-41,0.0082,3200.0,4000.0,3500.0,4099999.9999999995,4600.0,4200.0,2200.0,5500.0,3200.0,0.12,4099999.9999999995,1.6E-5,0.044,0.044,0.0,420.0,8.1,27.0,6.8E-6,1.4E-16,2.8E7,1.0,7.9E8,
5.599999999999999E-41,0.0082,3200.0,4000.0,3500.0,4099999.9999999995,4600.0,4200.0,2200.0,5500.0,3200.0,0.12,4099999.9999999995,1.4E-5,0.044,0.044,0.0,410.0,8.1,26.0,6.8E-6,1.3E-16,2.9E7,1.0,7.9E8,
5.599999999999999E-41,0.0082,3200.0,4000.0,3500.0,4099999.9999999995,4600.0,4200.0,2200.0,5500.0,3200.0,0.12,4099999.9999999995,1.3E-5,0.044,0.044,0.0,410.0,8.1,24.0,6.8E-6,1.2E-16,3.1E7,1.0,7.9E8,
5.599999999999999E-41,0.0082,3200.0,4000.0,3500.0,4099999.9999999995,4600.0,4200.0,2200.0,5500.0,3200.0,0.12,4099999.9999999995,1.1E-5,0.044,0.044,0.0,410.0,8.1,23.0,6.8E-6,1.1E-16,3.2E7,1.0,7.9E8,
5.599999999999999E-41,0.0082,3200.0,4000.0,3500.0,4099999.9999999995,4600.0,4200.0,2200.0,5500.0,3200.0,0.12,4099999.9999999995,9.5E-6,0.044,0.044,0.0,410.0,8.1,21.0,6.8E-6,9.3E-17,3.4E7,1.0,7.9E8,
5.599999999999999E-41,0.0082,3200.0,4000.0,3500.0,4099999.9999999995,4600.0,4200.0,2200.0,5500.0,3200.0,0.12,4099999.9999999995,9.0E-6,0.044,0.044,0.0,410.0,8.1,20.0,6.8E-6,8.1E-17,3.5E7,1.0,7.9E8,
5.599999999999999E-41,0.0082,3200.0,4000.0,3500.0,4099999.9999999995,4600.0,4200.0,2200.0,5500.0,3200.0,0.12,4099999.9999999995,1.1E-5,0.044,0.044,0.0,410.0,8.1,19.0,6.8E-6,8.8E-17,3.2E7,1.0,7.9E8,
5.599999999999999E-41,0.0082,3200.0,4000.0,3500.0,4099999.9999999995,4600.0,4200.0,2200.0,5500.0,3200.0,0.12,4099999.9999999995,1.3E-5,0.044,0.044,0.0,410.0,8.1,18.0,6.8E-6,1.0E-16,3.1E7,1.0,7.9E8,
5.599999999999999E-41,0.0082,3200.0,4000.0,3500.0,4099999.9999999995,4600.0,4200.0,2200.0,5500.0,3200.0,0.12,4099999.9999999995,1.3E-5,0.044,0.044,0.0,410.0,8.1,17.0,6.8E-6,1.1E-16,3.1E7,1.0,7.9E8,
5.599999999999999E-41,0.0082,3200.0,4000.0,3500.0,4099999.9999999995,4600.0,4200.0,2200.0,5500.0,3200.0,0.12,4099999.9999999995,1.2E-5,0.044,0.044,0.0,410.0,8.1,16.0,6.8E-6,1.1E-16,3.1E7,1.0,7.9E8,
5.599999999999999E-41,0.0082,3200.0,4000.0,3500.0,4099999.9999999995,4600.0,4200.0,2200.0,5500.0,3200.0,0.12,4099999.9999999995,1.1E-5,0.044,0.044,0.0,410.0,8.1,15.0,6.8E-6,1.0E-16,3.3E7,1.0,7.9E8,
5.599999999999999E-41,0.0082,3200.0,4000.0,3500.0,4099999.9999999995,4600.0,4200.0,2200.0,5500.0,3200.0,0.12,4099999.9999999995,9.5E-6,0.044,0.044,0.0,400.0,8.1,14.0,6.8E-6,9.1E-17,3.4E7,1.0,7.9E8,
5.599999999999999E-41,0.0082,3200.0,4000.0,3500.0,4099999.9999999995,4600.0,4200.0,2200.0,5500.0,3200.0,0.12,4099999.9999999995,8.4E-6,0.044,0.044,0.0,400.0,8.1,13.0,6.8E-6,8.1E-17,3.6E7,1.0,7.9E8,
5.599999999999999E-41,0.0082,3200.0,4000.0,3500.0,4099999.9999999995,4600.0,4200.0,2200.0,5500.0,3200.0,0.12,4099999.9999999995,7.3E-6,0.044,0.044,0.0,400.0,8.1,13.0,6.8E-6,7.1E-17,3.7E7,1.0,7.9E8,
5.599999999999999E-41,0.0082,3200.0,4000.0,3500.0,4099999.9999999995,4600.0,4200.0,2200.0,5500.0,3200.0,0.12,4099999.9999999995,8.9E-6,0.044,0.044,0.0,390.0,8.1,12.0,6.8E-6,7.0E-17,3.5E7,1.0,7.8E8,
5.599999999999999E-41,0.0082,3200.0,4000.0,3500.0,4099999.9999999995,4600.0,4200.0,2200.0,5500.0,3200.0,0.12,4099999.9999999995,1.2E-5,0.044,0.044,0.0,390.0,8.1,11.0,6.8E-6,8.5E-17,3.1E7,1.0,7.8E8,
5.599999999999999E-41,0.0082,3200.0,4000.0,3500.0,4099999.9999999995,4600.0,4200.0,2200.0,5500.0,3200.0,0.12,4099999.9999999995,1.3E-5,0.044,0.044,0.0,390.0,8.1,11.0,6.8E-6,1.0E-16,3.0E7,1.0,7.8E8,
5.599999999999999E-41,0.0082,3200.0,4000.0,3500.0,4099999.9999999995,4600.0,4200.0,2200.0,5500.0,3200.0,0.12,4099999.9999999995,1.4E-5,0.044,0.044,0.0,390.0,8.1,10.0,6.8E-6,1.1E-16,3.0E7,1.0,7.8E8,
5.599999999999999E-41,0.0082,3200.0,4000.0,3500.0,4099999.9999999995,4600.0,4200.0,2200.0,5500.0,3200.0,0.12,4099999.9999999995,1.3E-5,0.044,0.044,0.0,390.0,8.1,9.4,6.8E-6,1.2E-16,3.0E7,1.0,7.8E8,
5.599999999999999E-41,0.0082,3200.0,4000.0,3500.0,4099999.9999999995,4600.0,4200.0,2200.0,5500.0,3200.0,0.12,4099999.9999999995,1.2E-5,0.044,0.044,0.0,390.0,8.1,8.9,6.8E-6,1.1E-16,3.1E7,1.0,7.8E8,
5.599999999999999E-41,0.0082,3200.0,4000.0,3500.0,4099999.9999999995,4600.0,4200.0,2200.0,5500.0,3200.0,0.12,4099999.9999999995,1.0E-5,0.044,0.044,0.0,380.0,8.1,8.4,6.8E-6,9.9E-17,3.3E7,1.0,7.8E8,
5.599999999999999E-41,0.0082,3200.0,4000.0,3500.0,4099999.9999999995,4600.0,4200.0,2200.0,5500.0,3200.0,0.12,4099999.9999999995,9.1E-6,0.044,0.044,0.0,380.0,8.1,7.9,6.8E-6,8.9E-17,3.4E7,1.0,7.8E8,
5.599999999999999E-41,0.0082,3200.0,4000.0,3500.0,4099999.9999999995,4600.0,4200.0,2200.0,5500.0,3200.0,0.12,4099999.9999999995,8.0E-6,0.044,0.044,0.0,380.0,8.1,7.4,6.8E-6,7.8E-17,3.6E7,1.0,7.8E8,
5.599999999999999E-41,0.0082,3200.0,4000.0,3500.0,4099999.9999999995,4600.0,4200.0,2200.0,5500.0,3200.0,0.12,4099999.9999999995,8.8E-6,0.044,0.044,0.0,380.0,8.1,7.0,6.8E-6,7.3E-17,3.5E7,1.0,7.8E8,
5.599999999999999E-41,0.0082,3200.0,4000.0,3500.0,4099999.9999999995,4600.0,4200.0,2200.0,5500.0,3200.0,0.12,4099999.9999999995,1.1E-5,0.044,0.044,0.0,380.0,8.1,6.6,6.9E-6,8.4E-17,3.2E7,1.0,7.8E8,
5.599999999999999E-41,0.0082,3200.0,4000.0,3500.0,4099999.9999999995,4600.0,4200.0,2200.0,5500.0,3200.0,0.12,4099999.9999999995,1.2E-5,0.044,0.044,0.0,380.0,8.1,6.2,6.8E-6,9.5E-17,3.1E7,1.0,7.8E8,
5.599999999999999E-41,0.0082,3200.0,4000.0,3500.0,4099999.9999999995,4600.0,4200.0,2200.0,5500.0,3200.0,0.12,4099999.9999999995,1.1E-5,0.044,0.044,0.0,380.0,8.1,5.8,6.9E-6,9.9E-17,3.1E7,1.0,7.8E8,
3.4E-40,0.061,33000.0,68000.0,26000.0,5400000.0,5900.0,5400.0,3700.0,5500.0,6000.0,0.12,5500000.0,7.6,0.086,0.086,0.0,440.0,26.0,2800.0,7.9E-6,2.4E-11,3.3E7,1.0,8.0E8,
1.8E-40,0.033,10000.0,45000.0,3200.0,5300000.0,5900.0,5400.0,3700.0,5500.0,6000.0,0.12,5400000.0,2.2E-5,0.067,0.067,0.0,440.0,13.0,2700.0,7.9E-6,5.8E-12,3.0E7,1.0,8.0E8,
3.6E-41,0.0065,2900.0,2300.0,3100.0,5000000.0,5900.0,5400.0,3700.0,5500.0,5900.0,0.12,5100000.0,6.2E-6,0.048,0.048,0.0,430.0,12.0,2600.0,7.8E-6,7.7E-13,2.9E7,1.0,8.0E8,
3.6E-41,0.0064,2900.0,2300.0,3100.0,5000000.0,5900.0,5400.0,3700.0,5500.0,5900.0,0.12,5000000.0,2.9E-5,0.047,0.047,0.0,430.0,12.0,2400.0,7.8E-6,2.3E-13,2.7E7,1.0,8.0E8,
4.2E-40,0.072,14000.0,110000.0,2300.0,5400000.0,5900.0,5400.0,11000.0,5500.0,5900.0,0.12,5600000.0,9.3,0.1,0.1,0.0,450.0,7.5,2300.0,8.2E-6,6.2E-11,2.6E7,1.0,8.1E8,
5.1E-40,0.096,30000.0,170000.0,2300.0,5400000.0,5900.0,5400.0,3700.0,5500.0,5900.0,0.12,5699999.999999999,2.0E-5,0.11,0.11,0.0,450.0,6.8,2300.0,8.2E-6,2.9E-11,2.4E7,1.0,8.1E8,
2.9E-41,0.0053,4900.0,2200.0,2300.0,5400000.0,5900.0,5400.0,3700.0,5500.0,5900.0,0.12,5500000.0,2.4E-5,0.044,0.044,0.0,450.0,6.7,2200.0,8.2E-6,8.9E-13,2.3E7,1.0,8.0E8,
2.9999999999999998E-40,0.041,8700.0,98000.0,500.0,5500000.0,5900.0,5400.0,6500.0,11000.0,810.0,0.12,5600000.0,3.5E-5,0.19,0.19,0.0,450.0,2.8,2100.0,8.9E-6,2.3E-11,2.2E7,1.0,8.1E8,
2.3E-41,0.0032,8700.0,2100.0,500.0,5500000.0,5900.0,5400.0,6500.0,4000.0,810.0,0.12,5500000.0,1.3E-5,0.078,0.078,0.0,450.0,2.8,2000.0,8.9E-6,6.6E-13,2.1E7,1.0,8.1E8,
2.2E-41,0.0031,1100.0,2100.0,500.0,5100000.0,5900.0,5400.0,6500.0,3900.0,800.0,0.12,5100000.0,1.2E-5,0.074,0.074,0.0,440.0,2.6,2000.0,8.8E-6,4.2E-13,2.1E7,1.0,8.0E8,
2.2E-41,0.003,1100.0,2100.0,500.0,4800000.0,5900.0,5400.0,6500.0,3900.0,800.0,0.12,4900000.0,1.3E-5,0.071,0.071,0.0,440.0,2.5,1900.0,8.8E-6,1.8E-13,2.0E7,1.0,8.0E8,
2.0999999999999999E-41,0.0029,1100.0,2100.0,500.0,4600000.0,5800.0,5400.0,6500.0,3900.0,800.0,0.12,4700000.0,1.3E-5,0.068,0.068,0.0,440.0,2.4,1800.0,8.8E-6,6.6E-14,2.0E7,1.0,8.0E8,
2.0E-41,0.0027,1100.0,2100.0,500.0,4200000.0,5800.0,5300.0,6500.0,3900.0,800.0,0.12,4200000.0,1.3E-5,0.063,0.063,0.0,440.0,2.2,1700.0,8.7E-6,4.1E-14,1.9E7,1.0,7.9E8,
2.6E-40,0.056,2300.0,93000.0,3500.0,5400000.0,21000.0,5300.0,6500.0,3900.0,800.0,0.12,5500000.0,6.3,0.09,0.09,0.0,450.0,7.3,1700.0,9.0E-6,2.0E-11,1.9E7,1.0,8.1E8,
3.6E-41,0.0066,2300.0,4900.0,3500.0,5000000.0,3500.0,300.0,6500.0,3900.0,800.0,0.12,5000000.0,8.0E-5,0.041,0.041,0.0,450.0,13.0,1600.0,8.9E-6,1.1E-12,1.9E7,1.0,8.0E8,
3.6E-41,0.0052,2300.0,1600.0,3500.0,5300000.0,3500.0,300.0,6400.0,3900.0,800.0,0.12,5300000.0,8.6E-5,0.037,0.037,0.0,450.0,13.0,1600.0,9.0E-6,2.4E-13,1.9E7,1.0,8.1E8,
3.6E-41,0.0052,2300.0,1600.0,3500.0,5200000.0,3500.0,300.0,6400.0,3900.0,800.0,0.12,5200000.0,8.9E-5,0.036,0.036,0.0,460.0,13.0,1500.0,8.9E-6,1.1E-13,1.8E7,1.0,8.0E8,
3.5E-41,0.0051,2300.0,1600.0,3500.0,5000000.0,3500.0,300.0,6400.0,3900.0,800.0,0.12,5000000.0,9.1E-5,0.035,0.035,0.0,450.0,13.0,1500.0,8.9E-6,5.9E-14,1.8E7,1.0,8.0E8,
3.5E-41,0.005,2300.0,1600.0,3500.0,4900000.0,3500.0,300.0,6400.0,3900.0,800.0,0.12,4900000.0,9.2E-5,0.034,0.034,0.0,440.0,13.0,1400.0,8.9E-6,2.7E-14,1.8E7,1.0,8.0E8,
3.1999999999999996E-41,0.0046,2300.0,1600.0,3400.0,4099999.9999999995,3500.0,300.0,6400.0,3900.0,800.0,0.12,4200000.0,8.6E-5,0.03,0.03,0.0,440.0,11.0,1400.0,8.8E-6,1.7E-14,1.8E7,1.0,7.9E8,
3.1999999999999996E-41,0.0046,2300.0,1600.0,3400.0,4099999.9999999995,3500.0,300.0,6400.0,3900.0,800.0,0.12,4200000.0,8.5E-5,0.03,0.03,0.0,440.0,11.0,1300.0,8.8E-6,5.8E-15,1.8E7,1.0,7.9E8,
3.1999999999999996E-41,0.0046,2300.0,1600.0,3400.0,4099999.9999999995,3500.0,300.0,6400.0,3900.0,800.0,0.12,4200000.0,7.5E-5,0.03,0.03,0.0,440.0,11.0,1200.0,8.8E-6,2.4E-15,1.8E7,1.0,7.9E8,
3.1999999999999996E-41,0.0046,2300.0,1600.0,3400.0,4099999.9999999995,3500.0,300.0,6400.0,3900.0,800.0,0.12,4200000.0,6.3E-5,0.03,0.03,0.0,440.0,11.0,1200.0,8.8E-6,1.2E-15,2.0E7,1.0,7.9E8,
3.1999999999999996E-41,0.0046,2300.0,1600.0,3400.0,4099999.9999999995,3500.0,300.0,6400.0,3900.0,800.0,0.12,4200000.0,5.2E-5,0.03,0.03,0.0,440.0,11.0,1100.0,8.8E-6,8.1E-16,2.1E7,1.0,7.9E8,
3.1999999999999996E-41,0.0046,2300.0,1600.0,3400.0,4099999.9999999995,3500.0,300.0,6400.0,3900.0,800.0,0.12,4200000.0,4.2E-5,0.03,0.03,0.0,440.0,11.0,1000.0,8.8E-6,6.0E-16,2.3E7,1.0,7.9E8,
3.1999999999999996E-41,0.0046,2300.0,1600.0,3400.0,4099999.9999999995,3500.0,300.0,6400.0,3900.0,800.0,0.12,4200000.0,3.4E-5,0.03,0.03,0.0,430.0,11.0,980.0,8.8E-6,4.7E-16,2.4E7,1.0,7.9E8,
3.1999999999999996E-41,0.0046,2300.0,1600.0,3400.0,4099999.9999999995,3500.0,300.0,6400.0,3900.0,800.0,0.12,4200000.0,2.8E-5,0.03,0.03,0.0,430.0,11.0,920.0,8.8E-6,3.8E-16,2.6E7,1.0,7.9E8,
3.1999999999999996E-41,0.0046,2300.0,1600.0,3400.0,4099999.9999999995,3500.0,300.0,6400.0,3900.0,800.0,0.12,4200000.0,2.3E-5,0.03,0.03,0.0,430.0,11.0,870.0,8.8E-6,3.1E-16,2.8E7,1.0,7.9E8,
3.1999999999999996E-41,0.0046,2300.0,1600.0,3400.0,4099999.9999999995,3500.0,300.0,6400.0,3900.0,800.0,0.12,4200000.0,2.6E-5,0.03,0.03,0.0,420.0,11.0,820.0,8.8E-6,2.8E-16,2.7E7,1.0,7.9E8,
3.1999999999999996E-41,0.0046,2300.0,1600.0,3400.0,4099999.9999999995,3500.0,300.0,6400.0,3900.0,800.0,0.12,4200000.0,2.8E-5,0.03,0.03,0.0,420.0,11.0,770.0,8.8E-6,3.0E-16,2.6E7,1.0,7.9E8,
3.1999999999999996E-41,0.0046,2300.0,1600.0,3400.0,4099999.9999999995,3500.0,300.0,6400.0,3900.0,800.0,0.12,4200000.0,2.8E-5,0.03,0.03,0.0,420.0,11.0,720.0,8.8E-6,3.1E-16,2.6E7,1.0,7.9E8,
3.1999999999999996E-41,0.0046,2300.0,1600.0,3400.0,4099999.9999999995,3500.0,300.0,6400.0,3900.0,800.0,0.12,4200000.0,2.6E-5,0.03,0.03,0.0,420.0,11.0,680.0,8.8E-6,3.0E-16,2.7E7,1.0,7.9E8,
2.3E-40,0.054,38000.0,99000.0,11000.0,5600000.0,6800.0,300.0,6400.0,3900.0,800.0,0.12,5699999.999999999,5.8E-5,0.075,0.075,0.0,520.0,26.0,10000.0,9.4E-6,6.4E-11,2.8E7,1.0,8.1E8,
2.5E-41,0.0059,2500.0,3700.0,3600.0,5400000.0,6800.0,300.0,6400.0,3900.0,800.0,0.12,5400000.0,6.2E-6,0.03,0.03,0.0,510.0,14.0,10000.0,9.3E-6,4.7E-12,2.7E7,1.0,8.1E8,
2.3999999999999997E-41,0.0056,2500.0,3700.0,3600.0,4800000.0,6800.0,300.0,6400.0,3900.0,790.0,0.12,4800000.0,3.7E-5,0.027,0.027,0.0,520.0,13.0,9700.0,9.3E-6,2.0E-12,2.5E7,1.0,8.1E8,
2.9E-41,0.0074,3200.0,2000.0,5500.0,5300000.0,6800.0,300.0,6400.0,3900.0,790.0,0.12,5400000.0,4.7E-5,0.028,0.028,0.0,510.0,14.0,9300.0,9.4E-6,2.3E-12,2.4E7,1.0,8.1E8,
2.9E-41,0.0074,3200.0,2000.0,5500.0,5200000.0,6800.0,300.0,6400.0,3900.0,790.0,0.12,5200000.0,5.3E-5,0.027,0.027,0.0,510.0,14.0,9000.0,9.4E-6,1.0E-12,2.3E7,1.0,8.1E8,
2.7999999999999997E-41,0.0071,3200.0,2000.0,5500.0,4700000.0,6800.0,300.0,6400.0,3900.0,790.0,0.12,4700000.0,5.5E-5,0.025,0.025,0.0,510.0,14.0,8700.0,9.3E-6,5.3E-13,2.2E7,1.0,8.1E8,
2.7E-41,0.007,3200.0,2000.0,5500.0,4600000.0,6800.0,300.0,6400.0,3900.0,790.0,0.12,4600000.0,6.2E-5,0.025,0.025,0.0,500.0,13.0,8300.0,9.3E-6,1.9E-13,2.1E7,1.0,8.0E8,
2.7E-41,0.007,3200.0,2000.0,5500.0,4600000.0,6800.0,300.0,6400.0,3900.0,790.0,0.12,4600000.0,6.7E-5,0.025,0.025,0.0,490.0,13.0,7900.0,9.3E-6,7.1E-14,2.1E7,1.0,8.0E8,
2.7E-41,0.007,3200.0,2000.0,5500.0,4500000.0,6800.0,300.0,6400.0,3900.0,790.0,0.12,4500000.0,7.2E-5,0.024,0.024,0.0,490.0,13.0,7400.0,9.3E-6,2.2E-14,2.0E7,1.0,8.0E8,
2.6E-41,0.0068,3200.0,2000.0,5500.0,4200000.0,6800.0,300.0,6400.0,3900.0,790.0,0.12,4200000.0,7.4E-5,0.023,0.023,0.0,480.0,13.0,7100.0,9.2E-6,1.0E-14,1.9E7,1.0,8.0E8,
2.6E-41,0.0067,3200.0,2000.0,5500.0,4099999.9999999995,6800.0,300.0,6400.0,3900.0,790.0,0.11,4200000.0,7.8E-5,0.023,0.023,0.0,480.0,13.0,6800.0,9.2E-6,4.3E-15,1.9E7,1.0,8.0E8,
2.6E-41,0.0067,3200.0,2000.0,5500.0,4099999.9999999995,6800.0,300.0,6400.0,3900.0,790.0,0.11,4200000.0,7.4E-5,0.023,0.023,0.0,480.0,13.0,6400.0,9.2E-6,1.9E-15,1.9E7,1.0,8.0E8,
2.6E-41,0.0067,3200.0,2000.0,5500.0,4099999.9999999995,6800.0,300.0,6400.0,3900.0,790.0,0.11,4200000.0,6.5E-5,0.023,0.023,0.0,480.0,13.0,6000.0,9.2E-6,1.1E-15,2.0E7,1.0,8.0E8,
2.6E-41,0.0067,3200.0,2000.0,5500.0,4099999.9999999995,6800.0,300.0,6400.0,3900.0,790.0,0.11,4200000.0,5.5E-5,0.023,0.023,0.0,480.0,13.0,5700.0,9.2E-6,8.1E-16,2.2E7,1.0,8.0E8,
2.6E-41,0.0067,3200.0,2000.0,5500.0,4099999.9999999995,6800.0,300.0,6400.0,3900.0,790.0,0.11,4200000.0,4.5E-5,0.023,0.023,0.0,480.0,13.0,5300.0,9.2E-6,6.4E-16,2.3E7,1.0,8.0E8,
2.6E-41,0.0067,3200.0,2000.0,5500.0,4099999.9999999995,6800.0,300.0,6400.0,3900.0,790.0,0.11,4200000.0,3.7E-5,0.023,0.023,0.0,470.0,13.0,5000.0,9.2E-6,5.2E-16,2.5E7,1.0,8.0E8,
2.6E-41,0.0067,3200.0,2000.0,5500.0,4099999.9999999995,6800.0,300.0,6400.0,3900.0,790.0,0.11,4200000.0,3.1E-5,0.023,0.023,0.0,470.0,13.0,4700.0,9.2E-6,4.2E-16,2.7E7,1.0,8.0E8,
2.6E-41,0.0067,3200.0,2000.0,5500.0,4099999.9999999995,6800.0,300.0,6400.0,3900.0,790.0,0.11,4200000.0,2.6E-5,0.023,0.023,0.0,470.0,13.0,4500.0,9.2E-6,3.5E-16,2.8E7,1.0,8.0E8,
2.6E-41,0.0067,3200.0,2000.0,5500.0,4099999.9999999995,6800.0,300.0,6400.0,3900.0,790.0,0.11,4200000.0,2.5E-5,0.023,0.023,0.0,470.0,13.0,4200.0,9.2E-6,3.0E-16,2.9E7,1.0,8.0E8,
2.6E-41,0.0067,3200.0,2000.0,5500.0,4099999.9999999995,6800.0,300.0,6400.0,3900.0,790.0,0.11,4200000.0,2.9E-5,0.023,0.023,0.0,470.0,13.0,4000.0,9.2E-6,3.1E-16,2.7E7,1.0,8.0E8,
2.6E-41,0.0067,3200.0,2000.0,5500.0,4099999.9999999995,6800.0,300.0,6400.0,3900.0,790.0,0.11,4200000.0,3.0E-5,0.023,0.023,0.0,460.0,13.0,3700.0,9.2E-6,3.4E-16,2.7E7,1.0,8.0E8,
2.6E-41,0.0067,3200.0,2000.0,5500.0,4099999.9999999995,6800.0,300.0,6400.0,3900.0,790.0,0.11,4200000.0,2.8E-5,0.023,0.023,0.0,460.0,13.0,3500.0,9.2E-6,3.4E-16,2.7E7,1.0,8.0E8,
2.6E-41,0.0067,3200.0,2000.0,5500.0,4099999.9999999995,6800.0,300.0,6400.0,3900.0,790.0,0.11,4200000.0,2.6E-5,0.023,0.023,0.0,450.0,13.0,3300.0,9.2E-6,3.2E-16,2.8E7,1.0,8.0E8,
2.6E-41,0.0067,3200.0,2000.0,5500.0,4099999.9999999995,6800.0,300.0,6400.0,3900.0,790.0,0.11,4200000.0,2.2E-5,0.023,0.023,0.0,450.0,13.0,3100.0,9.2E-6,2.9E-16,3.0E7,1.0,8.0E8,
2.6E-41,0.0067,3200.0,2000.0,5500.0,4099999.9999999995,6800.0,300.0,6400.0,3900.0,790.0,0.11,4200000.0,1.9E-5,0.023,0.023,0.0,450.0,13.0,2900.0,9.2E-6,2.5E-16,3.1E7,1.0,8.0E8,
2.6E-41,0.0067,3200.0,2000.0,5500.0,4099999.9999999995,6800.0,300.0,6400.0,3900.0,790.0,0.11,4200000.0,1.7E-5,0.023,0.023,0.0,450.0,13.0,2800.0,9.2E-6,2.2E-16,3.3E7,1.0,8.0E8,
2.6E-41,0.0067,3200.0,2000.0,5500.0,4099999.9999999995,6800.0,300.0,6400.0,3900.0,790.0,0.11,4200000.0,1.4E-5,0.023,0.023,0.0,450.0,13.0,2600.0,9.2E-6,1.9E-16,3.5E7,1.0,8.0E8,
2.6E-41,0.0067,3200.0,2000.0,5500.0,4099999.9999999995,6800.0,300.0,6400.0,3900.0,790.0,0.11,4200000.0,1.9E-5,0.023,0.023,0.0,440.0,13.0,2500.0,9.2E-6,2.0E-16,3.2E7,1.0,8.0E8,
2.6E-41,0.0067,3200.0,2000.0,5500.0,4099999.9999999995,6800.0,300.0,6400.0,3900.0,790.0,0.11,4200000.0,2.1E-5,0.023,0.023,0.0,440.0,13.0,2300.0,9.2E-6,2.2E-16,3.0E7,1.0,8.0E8,
2.6E-41,0.0067,3200.0,2000.0,5500.0,4099999.9999999995,6800.0,300.0,6400.0,3900.0,790.0,0.11,4099999.9999999995,2.2E-5,0.023,0.023,0.0,440.0,13.0,2200.0,9.1E-6,2.4E-16,2.9E7,1.0,7.9E8,
2.6E-41,0.0067,3200.0,2000.0,5500.0,4099999.9999999995,6700.0,300.0,6400.0,3900.0,790.0,0.11,4099999.9999999995,2.8E-5,0.023,0.023,0.0,440.0,13.0,2100.0,9.0E-6,2.7E-16,2.7E7,1.0,7.8E8,
1.4999999999999999E-40,0.035,3000.0,54000.0,4500.0,5600000.0,170000.0,3300.0,7400.0,5000.0,1800.0,0.11,5799999.999999999,2.0E-5,0.063,0.063,0.0,540.0,7.2,11000.0,1.3E-5,1.1E-11,2.6E7,1.0,8.1E8,
3.4E-41,0.0078,3000.0,4200.0,4500.0,5600000.0,100000.0,3300.0,7300.0,5000.0,1800.0,0.11,5699999.999999999,2.3E-5,0.039,0.039,0.0,550.0,7.1,11000.0,1.3E-5,9.1E-13,2.4E7,1.0,8.1E8,
3.2999999999999997E-41,0.0076,2900.0,4200.0,4500.0,5200000.0,1700.0,3300.0,7300.0,5000.0,1800.0,0.11,5300000.0,2.5E-5,0.037,0.037,0.0,550.0,6.8,10000.0,1.3E-5,4.8E-13,2.3E7,1.0,8.1E8,
3.1999999999999996E-41,0.0074,2900.0,4200.0,4500.0,4900000.0,1700.0,3300.0,7300.0,5000.0,1800.0,0.11,5000000.0,2.7E-5,0.036,0.036,0.0,540.0,6.6,9800.0,1.3E-5,2.1E-13,2.2E7,1.0,8.0E8,
3.1E-41,0.0071,2900.0,4200.0,4500.0,4300000.0,1700.0,3300.0,7300.0,5000.0,1800.0,0.11,4400000.0,2.7E-5,0.033,0.033,0.0,540.0,6.2,9600.0,1.3E-5,1.1E-13,2.1E7,1.0,8.0E8,
3.0E-41,0.007,2900.0,4200.0,4500.0,4099999.9999999995,1700.0,3300.0,7300.0,5000.0,1800.0,0.11,4200000.0,2.9E-5,0.032,0.032,0.0,540.0,6.0,9100.0,1.2E-5,4.1E-14,2.1E7,1.0,8.0E8,
3.0E-41,0.007,2900.0,4200.0,4500.0,4099999.9999999995,1700.0,3300.0,7300.0,5000.0,1800.0,0.11,4200000.0,2.8E-5,0.032,0.032,0.0,540.0,6.0,8600.0,1.2E-5,1.3E-14,2.1E7,1.0,8.0E8,
3.0E-41,0.007,2900.0,4200.0,4500.0,4099999.9999999995,1700.0,3300.0,7300.0,5000.0,1800.0,0.11,4200000.0,2.5E-5,0.032,0.032,0.0,530.0,6.0,8100.0,1.2E-5,4.1E-15,2.2E7,1.0,8.0E8,
3.0E-41,0.007,2900.0,4200.0,4500.0,4099999.9999999995,1700.0,3300.0,7300.0,5000.0,1800.0,0.11,4200000.0,2.2E-5,0.032,0.032,0.0,530.0,6.0,7600.0,1.2E-5,1.5E-15,2.3E7,1.0,8.0E8,
3.0E-41,0.007,2900.0,4200.0,4500.0,4099999.9999999995,1700.0,3300.0,7300.0,5000.0,1800.0,0.11,4200000.0,1.8E-5,0.032,0.032,0.0,530.0,6.0,7200.0,1.2E-5,6.6E-16,2.4E7,1.0,8.0E8,
3.0E-41,0.007,2900.0,4200.0,4500.0,4099999.9999999995,1700.0,3300.0,7300.0,5000.0,1800.0,0.11,4200000.0,1.5E-5,0.032,0.032,0.0,530.0,6.0,6700.0,1.2E-5,3.8E-16,2.6E7,1.0,8.0E8,
3.0E-41,0.007,2900.0,4200.0,4500.0,4099999.9999999995,1700.0,3300.0,7300.0,5000.0,1800.0,0.11,4200000.0,1.3E-5,0.032,0.032,0.0,520.0,6.0,6400.0,1.2E-5,2.6E-16,2.8E7,1.0,8.0E8,
3.0E-41,0.007,2900.0,4200.0,4500.0,4099999.9999999995,1700.0,3300.0,7300.0,5000.0,1800.0,0.11,4200000.0,1.1E-5,0.032,0.032,0.0,520.0,6.0,6000.0,1.2E-5,2.0E-16,3.0E7,1.0,8.0E8,
3.0E-41,0.007,2900.0,4200.0,4500.0,4099999.9999999995,1700.0,3300.0,7300.0,5000.0,1800.0,0.11,4200000.0,1.1E-5,0.032,0.032,0.0,520.0,6.0,5600.0,1.2E-5,1.8E-16,2.9E7,1.0,8.0E8,
3.0E-41,0.007,2900.0,4200.0,4500.0,4099999.9999999995,1700.0,3300.0,7300.0,5000.0,1800.0,0.11,4200000.0,1.3E-5,0.032,0.032,0.0,520.0,6.0,5300.0,1.2E-5,1.9E-16,2.8E7,1.0,8.0E8,
3.0E-41,0.007,2900.0,4200.0,4500.0,4099999.9999999995,1700.0,3300.0,7300.0,5000.0,1800.0,0.11,4200000.0,1.3E-5,0.032,0.032,0.0,520.0,6.0,5000.0,1.2E-5,2.0E-16,2.7E7,1.0,8.0E8,
3.0E-41,0.007,2900.0,4200.0,4500.0,4099999.9999999995,1700.0,3300.0,7300.0,5000.0,1800.0,0.11,4200000.0,1.2E-5,0.032,0.032,0.0,510.0,6.0,4700.0,1.2E-5,2.0E-16,2.8E7,1.0,8.0E8,
3.0E-41,0.007,2900.0,4200.0,4500.0,4099999.9999999995,1700.0,3300.0,7300.0,5000.0,1800.0,0.11,4200000.0,1.1E-5,0.032,0.032,0.0,510.0,6.0,4400.0,1.2E-5,1.9E-16,2.9E7,1.0,8.0E8,
3.0E-41,0.007,2900.0,4200.0,4500.0,4099999.9999999995,1700.0,3300.0,7300.0,5000.0,1800.0,0.11,4200000.0,9.8E-6,0.032,0.032,0.0,510.0,6.0,4200.0,1.2E-5,1.7E-16,3.0E7,1.0,8.0E8,
3.0E-41,0.007,2900.0,4200.0,4500.0,4099999.9999999995,1700.0,3300.0,7300.0,5000.0,1800.0,0.11,4200000.0,8.5E-6,0.032,0.032,0.0,510.0,6.0,3900.0,1.2E-5,1.5E-16,3.2E7,1.0,8.0E8,
3.0E-41,0.007,2900.0,4200.0,4500.0,4099999.9999999995,1700.0,3300.0,7300.0,5000.0,1800.0,0.11,4200000.0,7.3E-6,0.032,0.032,0.0,510.0,6.0,3700.0,1.2E-5,1.3E-16,3.4E7,1.0,8.0E8,
3.0E-41,0.007,2900.0,4200.0,4500.0,4099999.9999999995,1700.0,3300.0,7300.0,5000.0,1800.0,0.11,4200000.0,6.9E-6,0.032,0.032,0.0,510.0,6.0,3500.0,1.2E-5,1.1E-16,3.5E7,1.0,8.0E8,
3.0E-41,0.007,2900.0,4200.0,4500.0,4099999.9999999995,1700.0,3300.0,7300.0,5000.0,1800.0,0.11,4200000.0,8.8E-6,0.032,0.032,0.0,500.0,6.0,3300.0,1.2E-5,1.2E-16,3.2E7,1.0,8.0E8,
3.0E-41,0.007,2900.0,4200.0,4500.0,4099999.9999999995,1700.0,3300.0,7300.0,5000.0,1800.0,0.11,4200000.0,9.7E-6,0.032,0.032,0.0,500.0,6.0,3100.0,1.2E-5,1.4E-16,3.1E7,1.0,8.0E8,
3.0E-41,0.007,2900.0,4200.0,4500.0,4099999.9999999995,1700.0,3300.0,7300.0,5000.0,1800.0,0.11,4099999.9999999995,1.1E-5,0.032,0.032,0.0,500.0,6.0,3000.0,1.2E-5,1.5E-16,2.9E7,1.0,7.8E8,
3.0E-41,0.007,2900.0,4200.0,4500.0,4099999.9999999995,1700.0,3300.0,7300.0,5000.0,1800.0,0.11,4099999.9999999995,1.3E-5,0.032,0.032,0.0,500.0,6.0,2800.0,1.2E-5,1.8E-16,2.7E7,1.0,7.8E8,
3.0E-41,0.007,2900.0,4200.0,4500.0,4099999.9999999995,1700.0,3300.0,7300.0,5000.0,1800.0,0.11,4099999.9999999995,1.3E-5,0.032,0.032,0.0,490.0,6.0,2700.0,1.2E-5,2.0E-16,2.7E7,1.0,7.8E8,
3.0E-41,0.007,2900.0,4200.0,4500.0,4099999.9999999995,1700.0,3300.0,7300.0,5000.0,1800.0,0.11,4099999.9999999995,1.3E-5,0.032,0.032,0.0,490.0,6.0,2500.0,1.2E-5,2.1E-16,2.7E7,1.0,7.8E8,
3.0E-41,0.007,2900.0,4200.0,4500.0,4099999.9999999995,1700.0,3300.0,7300.0,5000.0,1800.0,0.11,4099999.9999999995,1.1E-5,0.032,0.032,0.0,490.0,6.0,2400.0,1.2E-5,1.9E-16,2.8E7,1.0,7.8E8,
3.0E-41,0.007,2900.0,4200.0,4500.0,4099999.9999999995,1700.0,3300.0,7300.0,5000.0,1800.0,0.11,4099999.9999999995,1.0E-5,0.032,0.032,0.0,480.0,6.0,2200.0,1.2E-5,1.8E-16,2.9E7,1.0,7.8E8,
3.0E-41,0.007,2900.0,4200.0,4500.0,4099999.9999999995,1700.0,3300.0,7300.0,5000.0,1800.0,0.11,4099999.9999999995,8.7E-6,0.032,0.032,0.0,480.0,6.0,2100.0,1.2E-5,1.6E-16,3.1E7,1.0,7.8E8,
3.0E-41,0.007,2900.0,4200.0,4500.0,4099999.9999999995,1700.0,3300.0,7300.0,5000.0,1800.0,0.11,4099999.9999999995,7.6E-6,0.032,0.032,0.0,480.0,6.0,2000.0,1.2E-5,1.4E-16,3.3E7,1.0,7.8E8,
3.0E-41,0.0069,2900.0,4200.0,4500.0,3999999.9999999995,1700.0,3300.0,7300.0,5000.0,1800.0,0.11,4099999.9999999995,8.7E-6,0.032,0.032,0.0,480.0,6.0,1900.0,1.2E-5,1.3E-16,3.1E7,1.0,7.7E8,
3.0E-41,0.0069,2900.0,4200.0,4500.0,3999999.9999999995,1700.0,3300.0,7300.0,5000.0,1800.0,0.11,4099999.9999999995,1.0E-5,0.032,0.032,0.0,480.0,6.0,1700.0,1.2E-5,1.5E-16,2.9E7,1.0,7.7E8,
2.7E-40,0.065,480.0,120000.0,16000.0,5500000.0,15000.0,3300.0,7300.0,5000.0,1800.0,0.11,5699999.999999999,2.2,0.1,0.1,0.0,590.0,16.0,7200.0,1.3E-5,3.6E-11,2.9E7,1.0,8.0E8,
1.8E-41,0.0043,480.0,8.0,3400.0,5500000.0,15000.0,3300.0,7300.0,5000.0,1800.0,0.11,5500000.0,5.4E-6,0.038,0.038,0.0,590.0,7.7,6900.0,1.3E-5,1.3E-12,2.8E7,1.0,7.9E8,
1.7E-41,0.0042,480.0,8.0,3400.0,5400000.0,2600.0,3300.0,7300.0,5000.0,1800.0,0.11,5400000.0,1.8E-5,0.037,0.037,0.0,580.0,7.6,6700.0,1.3E-5,7.1E-13,2.6E7,1.0,7.9E8,
1.7E-41,0.004,480.0,8.0,3400.0,5000000.0,2600.0,3300.0,7300.0,5000.0,1800.0,0.11,5000000.0,1.9E-5,0.035,0.035,0.0,580.0,7.2,6500.0,1.3E-5,3.7E-13,2.5E7,1.0,7.9E8,
1.5999999999999998E-41,0.0038,480.0,8.0,3400.0,4600000.0,2600.0,3300.0,7300.0,5000.0,1800.0,0.11,4600000.0,2.0E-5,0.033,0.033,0.0,580.0,6.9,6400.0,1.3E-5,2.4E-13,2.4E7,1.0,7.9E8,
1.5E-41,0.0037,480.0,8.0,3400.0,4300000.0,2600.0,3300.0,7300.0,5000.0,1800.0,0.11,4400000.0,2.3E-5,0.032,0.032,0.0,580.0,6.7,6100.0,1.3E-5,8.5E-14,2.3E7,1.0,7.8E8,
1.5E-41,0.0036,470.0,8.0,3400.0,4099999.9999999995,2600.0,3300.0,7300.0,5000.0,1800.0,0.11,4099999.9999999995,2.5E-5,0.031,0.031,0.0,580.0,6.5,5800.0,1.3E-5,3.7E-14,2.2E7,1.0,7.8E8,
1.5E-41,0.0036,470.0,8.0,3400.0,4099999.9999999995,2600.0,3300.0,7300.0,4900.0,1800.0,0.11,4099999.9999999995,2.8E-5,0.031,0.031,0.0,580.0,6.5,5500.0,1.3E-5,1.1E-14,2.1E7,1.0,7.8E8,
1.5E-41,0.0036,470.0,8.0,3400.0,4099999.9999999995,2600.0,3300.0,7300.0,4900.0,1800.0,0.11,4099999.9999999995,2.7E-5,0.031,0.031,0.0,570.0,6.5,5200.0,1.3E-5,3.8E-15,2.1E7,1.0,7.8E8,
1.5E-41,0.0036,470.0,8.0,3400.0,4099999.9999999995,2600.0,3300.0,7300.0,4900.0,1800.0,0.11,4099999.9999999995,2.4E-5,0.031,0.031,0.0,560.0,6.5,4900.0,1.3E-5,1.4E-15,2.2E7,1.0,7.8E8,
1.5E-41,0.0036,470.0,8.0,3400.0,4099999.9999999995,2600.0,3300.0,7300.0,4900.0,1800.0,0.11,4099999.9999999995,2.1E-5,0.031,0.031,0.0,560.0,6.5,4600.0,1.3E-5,6.9E-16,2.3E7,1.0,7.8E8,
1.4E-40,0.037,3400.0,39000.0,34000.0,5699999.999999999,2600.0,3300.0,7300.0,4900.0,1800.0,0.11,5799999.999999999,3.1E-5,0.071,0.071,0.0,590.0,15.0,4700.0,1.4E-5,3.7E-11,2.5E7,1.0,8.0E8,
1.3999999999999998E-41,0.0038,3400.0,840.0,1800.0,5400000.0,2600.0,3300.0,7200.0,4900.0,1800.0,0.11,5500000.0,8.3E-6,0.036,0.036,0.0,590.0,2.6,4600.0,1.4E-5,3.1E-12,2.4E7,1.0,8.0E8,
1.3999999999999998E-41,0.0037,3400.0,830.0,1800.0,5300000.0,2600.0,3300.0,7200.0,4900.0,1800.0,0.11,5300000.0,9.7E-6,0.035,0.035,0.0,590.0,2.6,4300.0,1.4E-5,9.2E-13,2.3E7,1.0,8.0E8,
1.3999999999999998E-41,0.0036,3300.0,830.0,1800.0,5200000.0,2600.0,3300.0,7200.0,4900.0,1800.0,0.11,5200000.0,1.1E-5,0.035,0.035,0.0,590.0,2.5,4200.0,1.4E-5,4.0E-13,2.2E7,1.0,8.0E8,
1.3999999999999998E-41,0.0036,3300.0,830.0,1800.0,5000000.0,2600.0,3300.0,7200.0,4900.0,1800.0,0.11,5000000.0,1.1E-5,0.034,0.034,0.0,590.0,2.5,4000.0,1.4E-5,1.8E-13,2.1E7,1.0,8.0E8,
1.3E-41,0.0035,3300.0,830.0,1800.0,4900000.0,2600.0,3300.0,7200.0,4900.0,1800.0,0.11,4900000.0,1.2E-5,0.033,0.033,0.0,580.0,2.4,3800.0,1.4E-5,7.9E-14,2.0E7,1.0,8.0E8,
1.3E-41,0.0033,3300.0,830.0,1800.0,4500000.0,2600.0,3300.0,7200.0,4900.0,1800.0,0.11,4500000.0,1.2E-5,0.031,0.031,0.0,580.0,2.3,3800.0,1.3E-5,5.0E-14,2.0E7,1.0,7.9E8,
1.1999999999999999E-41,0.0032,3300.0,830.0,1800.0,4300000.0,2600.0,3300.0,7200.0,4900.0,1800.0,0.11,4300000.0,1.3E-5,0.03,0.03,0.0,580.0,2.2,3600.0,1.3E-5,1.8E-14,1.9E7,1.0,7.9E8,
1.1999999999999999E-41,0.0032,3300.0,830.0,1800.0,4200000.0,2500.0,3300.0,7200.0,4900.0,1800.0,0.11,4200000.0,1.3E-5,0.03,0.03,0.0,580.0,2.2,3400.0,1.3E-5,8.1E-15,1.9E7,1.0,7.9E8,
1.1999999999999999E-41,0.0031,3300.0,830.0,1800.0,4099999.9999999995,2500.0,3300.0,7200.0,4900.0,1800.0,0.11,4099999.9999999995,1.4E-5,0.03,0.03,0.0,570.0,2.1,3200.0,1.3E-5,3.1E-15,1.8E7,1.0,7.9E8,
1.1999999999999999E-41,0.0031,3300.0,830.0,1800.0,4099999.9999999995,2500.0,3300.0,7200.0,4900.0,1800.0,0.11,4099999.9999999995,1.3E-5,0.03,0.03,0.0,570.0,2.1,3100.0,1.3E-5,1.1E-15,1.9E7,1.0,7.9E8,
1.1999999999999999E-41,0.0031,3300.0,830.0,1800.0,4099999.9999999995,2500.0,3300.0,7200.0,4900.0,1800.0,0.11,4099999.9999999995,1.1E-5,0.03,0.03,0.0,570.0,2.1,2900.0,1.3E-5,4.7E-16,2.0E7,1.0,7.9E8,
1.1999999999999999E-41,0.0031,3300.0,830.0,1800.0,4099999.9999999995,2500.0,3300.0,7200.0,4900.0,1800.0,0.11,4099999.9999999995,9.4E-6,0.03,0.03,0.0,570.0,2.1,2700.0,1.3E-5,2.6E-16,2.1E7,1.0,7.9E8,
1.1999999999999999E-41,0.0031,3300.0,830.0,1800.0,4099999.9999999995,2500.0,3300.0,7200.0,4900.0,1800.0,0.11,4099999.9999999995,7.7E-6,0.03,0.03,0.0,560.0,2.1,2600.0,1.3E-5,1.8E-16,2.3E7,1.0,7.9E8,
1.1999999999999999E-41,0.0031,3300.0,830.0,1800.0,4099999.9999999995,2500.0,3300.0,7200.0,4900.0,1800.0,0.11,4099999.9999999995,6.3E-6,0.03,0.03,0.0,560.0,2.1,2400.0,1.3E-5,1.4E-16,2.4E7,1.0,7.9E8,
1.1999999999999999E-41,0.0031,3300.0,830.0,1800.0,4099999.9999999995,2500.0,3300.0,7200.0,4900.0,1800.0,0.11,4099999.9999999995,5.2E-6,0.03,0.03,0.0,560.0,2.1,2300.0,1.3E-5,1.1E-16,2.6E7,1.0,7.9E8,
1.1999999999999999E-41,0.0031,3300.0,830.0,1800.0,4099999.9999999995,2500.0,3300.0,7200.0,4900.0,1800.0,0.11,4099999.9999999995,4.3E-6,0.03,0.03,0.0,560.0,2.1,2100.0,1.3E-5,8.8E-17,2.8E7,1.0,7.9E8,
1.1999999999999999E-41,0.0031,3300.0,830.0,1800.0,4099999.9999999995,2500.0,3300.0,7200.0,4900.0,1800.0,0.11,4099999.9999999995,4.2E-6,0.03,0.03,0.0,560.0,2.1,2000.0,1.3E-5,7.5E-17,2.8E7,1.0,7.9E8,
1.1999999999999999E-41,0.0031,3300.0,830.0,1800.0,4099999.9999999995,2500.0,3300.0,7200.0,4900.0,1800.0,0.11,4099999.9999999995,4.9E-6,0.03,0.03,0.0,560.0,2.1,1900.0,1.3E-5,7.9E-17,2.7E7,1.0,7.9E8,
1.1999999999999999E-41,0.0031,3300.0,830.0,1800.0,4099999.9999999995,2500.0,3300.0,7200.0,4900.0,1800.0,0.11,4099999.9999999995,5.1E-6,0.03,0.03,0.0,550.0,2.1,1800.0,1.3E-5,8.4E-17,2.6E7,1.0,7.9E8,
1.1999999999999999E-41,0.0031,3300.0,830.0,1800.0,4099999.9999999995,2500.0,3300.0,7200.0,4900.0,1800.0,0.11,4099999.9999999995,4.8E-6,0.03,0.03,0.0,540.0,2.1,1700.0,1.3E-5,8.4E-17,2.7E7,1.0,7.9E8,
1.1999999999999999E-41,0.0031,3300.0,830.0,1800.0,4099999.9999999995,2500.0,3300.0,7200.0,4900.0,1800.0,0.11,4099999.9999999995,4.3E-6,0.03,0.03,0.0,540.0,2.1,1600.0,1.3E-5,7.9E-17,2.8E7,1.0,7.9E8,
1.1999999999999999E-41,0.0031,3300.0,830.0,1800.0,4099999.9999999995,2500.0,3300.0,7200.0,4900.0,1800.0,0.11,4099999.9999999995,3.8E-6,0.03,0.03,0.0,540.0,2.1,1500.0,1.3E-5,7.1E-17,2.9E7,1.0,7.9E8,
1.1999999999999999E-41,0.0031,3300.0,830.0,1800.0,4099999.9999999995,2500.0,3300.0,7200.0,4900.0,1800.0,0.11,4099999.9999999995,3.3E-6,0.03,0.03,0.0,540.0,2.1,1400.0,1.3E-5,6.3E-17,3.1E7,1.0,7.9E8,
1.1999999999999999E-41,0.0031,3300.0,830.0,1800.0,4099999.9999999995,2500.0,3300.0,7200.0,4900.0,1800.0,0.11,4099999.9999999995,2.8E-6,0.03,0.03,0.0,540.0,2.1,1300.0,1.3E-5,5.4E-17,3.3E7,1.0,7.9E8,
1.1999999999999999E-41,0.0031,3300.0,830.0,1800.0,4099999.9999999995,2500.0,3300.0,7200.0,4900.0,1800.0,0.11,4099999.9999999995,2.4E-6,0.03,0.03,0.0,540.0,2.1,1300.0,1.3E-5,4.7E-17,3.4E7,1.0,7.9E8,
1.1999999999999999E-41,0.0031,3300.0,830.0,1800.0,4099999.9999999995,2500.0,3300.0,7200.0,4900.0,1800.0,0.11,4099999.9999999995,3.2E-6,0.03,0.03,0.0,540.0,2.1,1200.0,1.3E-5,4.9E-17,3.1E7,1.0,7.9E8,
1.1999999999999999E-41,0.0031,3300.0,830.0,1800.0,4099999.9999999995,2500.0,3300.0,7200.0,4900.0,1800.0,0.11,4099999.9999999995,3.5E-6,0.03,0.03,0.0,530.0,2.1,1100.0,1.3E-5,5.6E-17,3.0E7,1.0,7.9E8,
1.1999999999999999E-41,0.0031,3300.0,830.0,1800.0,4099999.9999999995,2500.0,3300.0,7200.0,4900.0,1800.0,0.11,4099999.9999999995,3.6E-6,0.03,0.03,0.0,530.0,2.1,1000.0,1.3E-5,5.9E-17,3.0E7,1.0,7.9E8,
1.1999999999999999E-41,0.0031,3300.0,830.0,1800.0,4099999.9999999995,2500.0,3300.0,7200.0,4900.0,1800.0,0.11,4099999.9999999995,3.3E-6,0.03,0.03,0.0,530.0,2.1,990.0,1.3E-5,5.9E-17,3.1E7,1.0,7.9E8,
1.5999999999999998E-41,0.0049,9100.0,2300.0,1900.0,5500000.0,2500.0,3200.0,7200.0,4900.0,1800.0,0.11,5500000.0,1.7E-5,0.038,0.038,0.0,580.0,9.2,2600.0,1.5E-5,4.1E-12,2.9E7,1.0,8.1E8,
1.5E-41,0.0048,1500.0,2300.0,1900.0,5400000.0,2500.0,3200.0,7100.0,4900.0,1800.0,0.11,5400000.0,2.0E-5,0.038,0.038,0.0,580.0,9.0,2500.0,1.5E-5,1.8E-12,2.8E7,1.0,8.1E8,
1.5E-41,0.0047,1500.0,2300.0,1900.0,5200000.0,2500.0,3200.0,7100.0,4900.0,1800.0,0.11,5300000.0,2.3E-5,0.037,0.037,0.0,580.0,8.8,2400.0,1.5E-5,8.0E-13,2.6E7,1.0,8.0E8,
1.5E-41,0.0046,1500.0,2200.0,1900.0,5000000.0,2500.0,3200.0,7100.0,4800.0,1800.0,0.11,5000000.0,2.5E-5,0.036,0.036,0.0,580.0,8.5,2300.0,1.5E-5,4.3E-13,2.5E7,1.0,8.0E8,
1.3999999999999998E-41,0.0043,1500.0,2200.0,1900.0,4400000.0,2500.0,3200.0,7100.0,4800.0,1800.0,0.11,4400000.0,2.6E-5,0.033,0.033,0.0,580.0,7.7,2200.0,1.5E-5,1.8E-13,2.4E7,1.0,8.0E8,
1.3E-41,0.0042,1500.0,2200.0,1800.0,4200000.0,2500.0,3200.0,7100.0,4800.0,1800.0,0.11,4200000.0,2.7E-5,0.032,0.032,0.0,580.0,7.5,2100.0,1.5E-5,9.6E-14,2.3E7,1.0,7.9E8,
1.3E-41,0.0041,1500.0,2200.0,1800.0,4099999.9999999995,2500.0,3200.0,7100.0,4800.0,1800.0,0.11,4200000.0,3.0E-5,0.031,0.031,0.0,570.0,7.4,2000.0,1.5E-5,3.6E-14,2.2E7,1.0,7.9E8,
1.4E-40,0.06,5100.0,86000.0,1800.0,5600000.0,2500.0,3200.0,7100.0,4800.0,1800.0,0.11,5699999.999999999,1.9E-5,0.071,0.071,0.0,600.0,4.3,2500.0,1.5E-5,3.3E-11,2.2E7,1.0,8.1E8,
1.1E-41,0.0049,5100.0,140.0,1800.0,5600000.0,2500.0,3200.0,7100.0,4800.0,1800.0,0.11,5600000.0,2.1E-5,0.033,0.033,0.0,600.0,4.3,2400.0,1.5E-5,1.2E-12,2.1E7,1.0,8.1E8,
1.0E-41,0.0046,5100.0,140.0,1800.0,5200000.0,2500.0,3200.0,7100.0,4800.0,1800.0,0.11,5200000.0,2.1E-5,0.031,0.031,0.0,600.0,4.0,2400.0,1.5E-5,6.3E-13,2.0E7,1.0,8.1E8,
1.0E-41,0.0045,5100.0,140.0,1800.0,5000000.0,2500.0,3200.0,7100.0,4800.0,1800.0,0.11,5000000.0,2.2E-5,0.03,0.03,0.0,590.0,3.9,2300.0,1.5E-5,2.8E-13,2.0E7,1.0,8.1E8,
9.5E-42,0.0042,5100.0,140.0,1800.0,4500000.0,2500.0,3200.0,7100.0,4800.0,1800.0,0.11,4600000.0,2.1E-5,0.028,0.028,0.0,590.0,3.6,2200.0,1.5E-5,1.7E-13,2.0E7,1.0,8.0E8,
9.0E-42,0.004,5100.0,140.0,1800.0,4200000.0,2500.0,3200.0,7100.0,4800.0,1800.0,0.11,4200000.0,2.1E-5,0.027,0.027,0.0,590.0,3.4,2100.0,1.5E-5,6.1E-14,1.9E7,1.0,7.9E8,
8.9E-42,0.0039,5100.0,140.0,1800.0,4099999.9999999995,2500.0,3200.0,7100.0,4800.0,1800.0,0.1,4099999.9999999995,2.2E-5,0.027,0.027,0.0,590.0,3.4,2000.0,1.5E-5,2.7E-14,1.8E7,1.0,7.9E8,
8.9E-42,0.0039,5100.0,140.0,1800.0,4099999.9999999995,2500.0,3200.0,7100.0,4800.0,1800.0,0.1,4099999.9999999995,2.2E-5,0.027,0.027,0.0,590.0,3.4,1900.0,1.5E-5,8.5E-15,1.9E7,1.0,7.9E8,
8.9E-42,0.0039,5100.0,140.0,1800.0,4099999.9999999995,2500.0,3200.0,7100.0,4800.0,1800.0,0.1,4099999.9999999995,1.9E-5,0.027,0.027,0.0,590.0,3.4,1800.0,1.5E-5,2.8E-15,1.9E7,1.0,7.9E8,
8.9E-42,0.0039,5100.0,140.0,1800.0,4099999.9999999995,2500.0,3200.0,7100.0,4800.0,1800.0,0.1,4099999.9999999995,1.6E-5,0.027,0.027,0.0,580.0,3.4,1700.0,1.5E-5,1.1E-15,2.1E7,1.0,7.9E8,
8.9E-42,0.0039,5100.0,140.0,1800.0,4099999.9999999995,2500.0,3200.0,7100.0,4800.0,1800.0,0.1,4099999.9999999995,1.3E-5,0.027,0.027,0.0,580.0,3.4,1600.0,1.5E-5,5.1E-16,2.2E7,1.0,7.9E8,
8.9E-42,0.0039,5100.0,140.0,1800.0,4099999.9999999995,2500.0,3200.0,7100.0,4800.0,1800.0,0.1,4099999.9999999995,1.1E-5,0.027,0.027,0.0,580.0,3.4,1500.0,1.5E-5,3.1E-16,2.4E7,1.0,7.9E8,
8.9E-42,0.0039,5100.0,140.0,1800.0,4099999.9999999995,2500.0,3200.0,7100.0,4800.0,1800.0,0.1,4099999.9999999995,9.0E-6,0.027,0.027,0.0,570.0,3.4,1400.0,1.5E-5,2.2E-16,2.5E7,1.0,7.9E8,
8.9E-42,0.0039,5100.0,140.0,1800.0,4099999.9999999995,2500.0,3200.0,7100.0,4800.0,1800.0,0.1,4099999.9999999995,7.4E-6,0.027,0.027,0.0,570.0,3.4,1300.0,1.5E-5,1.7E-16,2.7E7,1.0,7.9E8,
8.9E-42,0.0039,5100.0,140.0,1800.0,4099999.9999999995,2500.0,3200.0,7100.0,4800.0,1800.0,0.1,4099999.9999999995,6.2E-6,0.027,0.027,0.0,560.0,3.4,1300.0,1.5E-5,1.4E-16,2.9E7,1.0,7.9E8,
8.9E-42,0.0039,5100.0,140.0,1800.0,4099999.9999999995,2500.0,3200.0,7100.0,4800.0,1800.0,0.1,4099999.9999999995,7.7E-6,0.027,0.027,0.0,560.0,3.4,1200.0,1.5E-5,1.3E-16,2.7E7,1.0,7.9E8,
8.9E-42,0.0039,5100.0,140.0,1800.0,4099999.9999999995,2500.0,3200.0,7100.0,4800.0,1800.0,0.1,4099999.9999999995,8.2E-6,0.027,0.027,0.0,560.0,3.4,1100.0,1.5E-5,1.4E-16,2.6E7,1.0,7.9E8,
8.9E-42,0.0039,5100.0,140.0,1800.0,4099999.9999999995,2500.0,3200.0,7100.0,4800.0,1800.0,0.1,4099999.9999999995,9.0E-6,0.026,0.026,0.0,560.0,3.4,1100.0,1.4E-5,1.5E-16,2.5E7,1.0,7.8E8,
8.9E-42,0.0039,5100.0,140.0,1800.0,4099999.9999999995,2500.0,3200.0,7100.0,4800.0,1800.0,0.1,4099999.9999999995,9.8E-6,0.026,0.026,0.0,550.0,3.4,1000.0,1.4E-5,1.7E-16,2.4E7,1.0,7.8E8,
8.9E-42,0.0039,5100.0,140.0,1800.0,4099999.9999999995,2500.0,3200.0,7100.0,4800.0,1800.0,0.1,4099999.9999999995,9.7E-6,0.026,0.026,0.0,550.0,3.4,940.0,1.4E-5,1.8E-16,2.4E7,1.0,7.8E8,
8.9E-42,0.0039,5100.0,140.0,1800.0,4099999.9999999995,2500.0,3200.0,7100.0,4800.0,1800.0,0.1,4099999.9999999995,8.9E-6,0.026,0.026,0.0,540.0,3.4,880.0,1.4E-5,1.7E-16,2.5E7,1.0,7.8E8,
8.9E-42,0.0039,5100.0,140.0,1800.0,4099999.9999999995,2500.0,3200.0,7100.0,4800.0,1800.0,0.1,4099999.9999999995,8.0E-6,0.026,0.026,0.0,530.0,3.4,840.0,1.4E-5,1.6E-16,2.6E7,1.0,7.8E8,
8.9E-42,0.0039,5100.0,140.0,1800.0,4099999.9999999995,2500.0,3200.0,7100.0,4800.0,1800.0,0.1,4099999.9999999995,6.9E-6,0.026,0.026,0.0,530.0,3.4,790.0,1.4E-5,1.4E-16,2.8E7,1.0,7.8E8,
8.9E-42,0.0039,5100.0,140.0,1800.0,4099999.9999999995,2500.0,3200.0,7100.0,4800.0,1800.0,0.1,4099999.9999999995,5.7E-6,0.026,0.026,0.0,530.0,3.4,740.0,1.4E-5,1.2E-16,3.0E7,1.0,7.8E8,
8.9E-42,0.0039,5100.0,140.0,1800.0,4099999.9999999995,2500.0,3200.0,7100.0,4800.0,1800.0,0.1,4099999.9999999995,4.9E-6,0.026,0.026,0.0,530.0,3.4,690.0,1.4E-5,1.0E-16,3.1E7,1.0,7.8E8,
8.8E-42,0.0039,5100.0,140.0,1800.0,4099999.9999999995,2500.0,3200.0,7100.0,4800.0,1800.0,0.1,4099999.9999999995,5.2E-6,0.026,0.026,0.0,530.0,3.4,660.0,1.4E-5,9.5E-17,3.0E7,1.0,7.8E8,
8.8E-42,0.0039,5100.0,140.0,1800.0,4099999.9999999995,2500.0,3200.0,7100.0,4800.0,1800.0,0.1,4099999.9999999995,6.1E-6,0.026,0.026,0.0,530.0,3.4,620.0,1.4E-5,1.0E-16,2.8E7,1.0,7.8E8,
8.8E-42,0.0039,5100.0,140.0,1800.0,4099999.9999999995,2500.0,3200.0,7100.0,4800.0,1800.0,0.1,4099999.9999999995,6.4E-6,0.026,0.026,0.0,530.0,3.4,590.0,1.4E-5,1.1E-16,2.8E7,1.0,7.8E8,
8.8E-42,0.0039,5100.0,140.0,1800.0,4099999.9999999995,2500.0,3200.0,7100.0,4800.0,1800.0,0.1,4099999.9999999995,6.1E-6,0.026,0.026,0.0,530.0,3.4,550.0,1.4E-5,1.2E-16,2.9E7,1.0,7.8E8,
8.8E-42,0.0039,5100.0,140.0,1800.0,4099999.9999999995,2500.0,3200.0,7100.0,4800.0,1800.0,0.1,4099999.9999999995,5.5E-6,0.026,0.026,0.0,530.0,3.4,520.0,1.4E-5,1.1E-16,3.0E7,1.0,7.8E8,
8.8E-42,0.0039,5100.0,140.0,1800.0,4099999.9999999995,2500.0,3200.0,7100.0,4800.0,1800.0,0.1,4099999.9999999995,4.9E-6,0.026,0.026,0.0,520.0,3.4,490.0,1.4E-5,1.0E-16,3.1E7,1.0,7.8E8,
8.8E-42,0.0039,5100.0,140.0,1800.0,4099999.9999999995,2500.0,3200.0,7100.0,4800.0,1800.0,0.1,4099999.9999999995,4.3E-6,0.026,0.026,0.0,510.0,3.4,460.0,1.4E-5,9.0E-17,3.2E7,1.0,7.8E8,
8.8E-42,0.0039,5100.0,140.0,1800.0,4099999.9999999995,2500.0,3200.0,7100.0,4800.0,1800.0,0.1,4099999.9999999995,3.7E-6,0.026,0.026,0.0,510.0,3.4,440.0,1.4E-5,7.9E-17,3.4E7,1.0,7.8E8,
8.8E-42,0.0039,5100.0,140.0,1800.0,4099999.9999999995,2500.0,3200.0,7100.0,4800.0,1800.0,0.1,4099999.9999999995,3.5E-6,0.026,0.026,0.0,510.0,3.4,410.0,1.4E-5,6.9E-17,3.5E7,1.0,7.8E8,
8.8E-42,0.0039,5100.0,140.0,1800.0,4099999.9999999995,2500.0,3200.0,7100.0,4800.0,1800.0,0.1,4099999.9999999995,4.6E-6,0.026,0.026,0.0,510.0,3.4,390.0,1.4E-5,7.6E-17,3.2E7,1.0,7.8E8,
8.8E-42,0.0039,5100.0,140.0,1800.0,4099999.9999999995,2500.0,3200.0,7100.0,4800.0,1800.0,0.1,4099999.9999999995,5.1E-6,0.026,0.026,0.0,510.0,3.4,360.0,1.4E-5,8.7E-17,3.0E7,1.0,7.8E8,
8.8E-42,0.0039,5100.0,140.0,1800.0,4099999.9999999995,2500.0,3200.0,7100.0,4800.0,1800.0,0.1,4099999.9999999995,5.1E-6,0.026,0.026,0.0,510.0,3.4,340.0,1.4E-5,9.3E-17,3.0E7,1.0,7.8E8,
8.8E-42,0.0039,5100.0,140.0,1800.0,4099999.9999999995,2500.0,3200.0,7100.0,4800.0,1800.0,0.1,4099999.9999999995,4.8E-6,0.026,0.026,0.0,510.0,3.4,320.0,1.4E-5,9.2E-17,3.1E7,1.0,7.8E8,
8.8E-41,0.048,19000.0,83000.0,7600.0,5699999.999999999,140000.0,6400.0,11000.0,2700.0,3200.0,0.11,5999999.999999999,2.0E-5,0.079,0.079,0.0,650.0,7.9,18000.0,2.0E-5,2.2E-11,3.2E7,1.0,8.1E8,
7.5E-42,0.0042,930.0,2400.0,79.0,5699999.999999999,58000.0,6400.0,11000.0,2700.0,3200.0,0.11,5799999.999999999,6.6E-7,0.04,0.04,0.0,650.0,3.4,17000.0,2.0E-5,8.6E-13,3.0E7,1.0,8.1E8,
7.3E-42,0.004,930.0,2400.0,79.0,5500000.0,4900.0,6400.0,3200.0,2700.0,3200.0,0.1,5500000.0,6.9E-6,0.039,0.039,0.0,650.0,3.2,17000.0,2.0E-5,4.6E-13,2.8E7,1.0,8.1E8,
6.5E-42,0.0036,930.0,2400.0,79.0,4600000.0,4900.0,6400.0,3200.0,2700.0,3200.0,0.1,4600000.0,6.9E-6,0.035,0.035,0.0,650.0,2.7,16000.0,2.0E-5,1.8E-13,2.6E7,1.0,8.0E8,
6.2E-42,0.0034,930.0,2400.0,79.0,4300000.0,4900.0,6400.0,3200.0,2700.0,3200.0,0.1,4300000.0,7.5E-6,0.034,0.034,0.0,650.0,2.5,15000.0,2.0E-5,7.8E-14,2.5E7,1.0,8.0E8,
