RabA,RabB,RabC,RabD,RabE,RabF,RabG,RabH,RabI,RabL,xER,xPM,
6314000.0,2980000.0,2293000.0,6625000.0,1524000.0,4378000.0,4455000.0,2108000.0,2842000.0,1271000.0,6.001E7,6.002E7,
6312000.0,2977000.0,2293000.0,6625000.0,1512000.0,4378000.0,4455000.0,2108000.0,2842000.0,1271000.0,6.001E7,6.003E7,
6306000.0,2970000.0,2291000.0,6619000.0,1491000.0,4378000.0,4455000.0,2108000.0,2842000.0,1271000.0,6.001E7,6.005E7,
6302000.0,2964000.0,2274000.0,6611000.0,1478000.0,4378000.0,4455000.0,2108000.0,2842000.0,1271000.0,6.001E7,6.008E7,
6302000.0,2964000.0,2274000.0,6596000.0,1430000.0,4378000.0,4455000.0,2108000.0,2842000.0,1271000.0,6.001E7,6.013E7,
6297000.0,2956000.0,2272000.0,6591000.0,1430000.0,4378000.0,4455000.0,2108000.0,2842000.0,1270000.0,6.001E7,6.013E7,
6290000.0,2954000.0,2271000.0,6576000.0,1430000.0,4378000.0,4455000.0,2108000.0,2842000.0,1270000.0,6.001E7,6.013E7,
6275000.0,2950000.0,2271000.0,6561000.0,1430000.0,4378000.0,4455000.0,2108000.0,2842000.0,1270000.0,6.001E7,6.013E7,
6271000.0,2949000.0,2269000.0,6536000.0,1420000.0,4375000.0,4455000.0,2108000.0,2842000.0,1270000.0,6.001E7,6.014E7,
6267000.0,2942000.0,2269000.0,6517000.0,1407000.0,4375000.0,4455000.0,2108000.0,2842000.0,1270000.0,6.001E7,6.016E7,
6267000.0,2932000.0,2268000.0,6507000.0,1401000.0,4374000.0,4455000.0,2108000.0,2842000.0,1267000.0,6.001E7,6.016E7,
6407000.0,2914000.0,2268000.0,6496000.0,1401000.0,4374000.0,4455000.0,2108000.0,2950000.0,1267000.0,6.001E7,6.001E7,
6417000.0,2912000.0,2267000.0,6489000.0,1396000.0,4372000.0,4453000.0,2108000.0,3022000.0,1266000.0,6.001E7,6.0E7,
6408000.0,2910000.0,2267000.0,6475000.0,1396000.0,4372000.0,4453000.0,2108000.0,3022000.0,1266000.0,6.001E7,6.0E7,
6402000.0,2901000.0,2245000.0,6453000.0,1384000.0,4372000.0,4453000.0,2107000.0,3022000.0,1266000.0,6.001E7,6.003E7,
6441000.0,2896000.0,2222000.0,6441000.0,1369000.0,4372000.0,4453000.0,2107000.0,3067000.0,1266000.0,6.001E7,6.002E7,
6436000.0,2890000.0,2222000.0,6436000.0,1369000.0,4372000.0,4453000.0,2107000.0,3067000.0,1266000.0,6.001E7,6.002E7,
6397000.0,2881000.0,2219000.0,6424000.0,1369000.0,4372000.0,4453000.0,2107000.0,3067000.0,1266000.0,6.001E7,6.007E7,
6386000.0,2878000.0,2218000.0,6418000.0,1355000.0,4372000.0,4453000.0,2107000.0,3067000.0,1266000.0,6.001E7,6.009E7,
6359000.0,2875000.0,2217000.0,6399000.0,1340000.0,4372000.0,4453000.0,2107000.0,3067000.0,1266000.0,6.001E7,6.012E7,
6354000.0,2869000.0,2200000.0,6383000.0,1340000.0,4372000.0,4453000.0,2107000.0,3067000.0,1264000.0,6.001E7,6.013E7,
6351000.0,2869000.0,2195000.0,6375000.0,1298000.0,4369000.0,4453000.0,2107000.0,3067000.0,1264000.0,6.001E7,6.018E7,
6592000.0,2861000.0,2195000.0,6369000.0,1298000.0,4369000.0,4453000.0,2107000.0,3093000.0,1263000.0,6.001E7,5.993E7,
6556000.0,2859000.0,2193000.0,6341000.0,1298000.0,4369000.0,4453000.0,2107000.0,3093000.0,1263000.0,6.001E7,5.995E7,
6527000.0,2852000.0,2192000.0,6330000.0,1290000.0,4369000.0,4453000.0,2107000.0,3093000.0,1263000.0,6.001E7,5.998E7,
6514000.0,2842000.0,2191000.0,6300000.0,1260000.0,4369000.0,4453000.0,2107000.0,3093000.0,1263000.0,6.001E7,6.001E7,
6528000.0,2840000.0,2190000.0,6286000.0,1260000.0,4369000.0,4453000.0,2107000.0,3214000.0,1263000.0,6.001E7,5.999E7,
6525000.0,2833000.0,2172000.0,6281000.0,1255000.0,4368000.0,4451000.0,2107000.0,3214000.0,1263000.0,6.001E7,6.001E7,
6517000.0,2827000.0,2172000.0,6281000.0,1211000.0,4368000.0,4451000.0,2107000.0,3214000.0,1263000.0,6.001E7,6.006E7,
6515000.0,2824000.0,2172000.0,6276000.0,1207000.0,4367000.0,4450000.0,2106000.0,3214000.0,1263000.0,6.001E7,6.006E7,
6509000.0,2816000.0,2172000.0,6270000.0,1207000.0,4367000.0,4450000.0,2106000.0,3214000.0,1263000.0,6.001E7,6.006E7,
6475000.0,2811000.0,2174000.0,6290000.0,1263000.0,4368000.0,4405000.0,2105000.0,3179000.0,1265000.0,6.001E7,6.006E7,
6506000.0,2825000.0,2176000.0,6292000.0,1272000.0,4384000.0,4365000.0,2126000.0,3275000.0,1264000.0,6.001E7,6.0E7,
6412000.0,2877000.0,2180000.0,6311000.0,1290000.0,4426000.0,4319000.0,2123000.0,3347000.0,1263000.0,6.001E7,6.0E7,
6412000.0,2857000.0,2181000.0,6304000.0,1296000.0,4444000.0,4289000.0,2210000.0,3346000.0,1264000.0,6.001E7,6.0E7,
6365000.0,2872000.0,2183000.0,6310000.0,1326000.0,4441000.0,4266000.0,2265000.0,3286000.0,1263000.0,6.001E7,6.0E7,
6342000.0,2885000.0,2183000.0,6294000.0,1374000.0,4429000.0,4230000.0,2282000.0,3256000.0,1264000.0,6.001E7,6.0E7,
6300000.0,2889000.0,2184000.0,6307000.0,1380000.0,4447000.0,4212000.0,2327000.0,3169000.0,1264000.0,6.001E7,6.0E7,
6279000.0,2884000.0,2190000.0,6281000.0,1371000.0,4453000.0,4200000.0,2359000.0,3188000.0,1265000.0,6.001E7,6.001E7,
6248000.0,2877000.0,2193000.0,6298000.0,1375000.0,4454000.0,4188000.0,2359000.0,3158000.0,1267000.0,6.001E7,6.002E7,
6294000.0,2874000.0,2187000.0,6296000.0,1405000.0,4438000.0,4180000.0,2372000.0,3247000.0,1268000.0,6.001E7,5.995E7,
6267000.0,2866000.0,2150000.0,6306000.0,1383000.0,4432000.0,4180000.0,2471000.0,3130000.0,1270000.0,6.001E7,6.002E7,
6245000.0,2882000.0,2150000.0,6318000.0,1400000.0,4428000.0,4162000.0,2485000.0,3116000.0,1272000.0,5.996E7,5.999E7,
6223000.0,2881000.0,2138000.0,6315000.0,1418000.0,4403000.0,4163000.0,2484000.0,3103000.0,1272000.0,6.001E7,6.003E7,
6150000.0,2877000.0,2136000.0,6329000.0,1424000.0,4415000.0,4145000.0,2505000.0,3082000.0,1271000.0,6.001E7,6.006E7,
6123000.0,2885000.0,2137000.0,6313000.0,1399000.0,4427000.0,4133000.0,2533000.0,3040000.0,1272000.0,6.001E7,6.01E7,
6225000.0,2874000.0,2142000.0,6353000.0,1402000.0,4419000.0,4123000.0,2587000.0,3116000.0,1274000.0,6.001E7,5.996E7,
6162000.0,2885000.0,2142000.0,6341000.0,1369000.0,4990000.0,3534000.0,2593000.0,3267000.0,1278000.0,6.001E7,6.001E7,
6075000.0,2922000.0,2142000.0,6351000.0,1358000.0,4988000.0,3528000.0,2610000.0,3347000.0,1277000.0,6.001E7,6.006E7,
6102000.0,2917000.0,2142000.0,6351000.0,1355000.0,4982000.0,3534000.0,2622000.0,3374000.0,1280000.0,6.001E7,6.001E7,
6036000.0,2932000.0,2131000.0,6356000.0,1367000.0,4970000.0,3548000.0,2645000.0,3324000.0,1278000.0,6.001E7,6.003E7,
5996000.0,2926000.0,2132000.0,6362000.0,1371000.0,4958000.0,3542000.0,2695000.0,3256000.0,1285000.0,6.001E7,6.004E7,
5960000.0,2935000.0,2137000.0,6365000.0,1389000.0,4940000.0,3542000.0,2722000.0,3191000.0,1285000.0,6.001E7,6.004E7,
5902000.0,2970000.0,2142000.0,6377000.0,1389000.0,4946000.0,3980000.0,2309000.0,3145000.0,1285000.0,6.001E7,6.004E7,
5860000.0,2976000.0,2124000.0,6393000.0,1375000.0,4956000.0,3970000.0,2344000.0,3086000.0,1286000.0,6.001E7,6.007E7,
5903000.0,2990000.0,2125000.0,6383000.0,1380000.0,4944000.0,3970000.0,2394000.0,3064000.0,1285000.0,6.001E7,6.0E7,
5916000.0,2995000.0,2105000.0,6395000.0,1386000.0,4938000.0,3970000.0,2429000.0,3141000.0,1288000.0,6.001E7,5.997E7,
5848000.0,3015000.0,2110000.0,6424000.0,1386000.0,4944000.0,3974000.0,2442000.0,3098000.0,1287000.0,6.001E7,5.997E7,
5796000.0,3033000.0,2111000.0,6429000.0,1365000.0,4938000.0,3982000.0,2444000.0,3146000.0,1290000.0,6.001E7,6.0E7,
5763000.0,3033000.0,2113000.0,6420000.0,1407000.0,4895000.0,3982000.0,2511000.0,3064000.0,1289000.0,6.001E7,6.0E7,
5753000.0,3011000.0,2112000.0,6399000.0,1407000.0,4907000.0,3970000.0,2523000.0,3251000.0,1288000.0,6.001E7,6.001E7,
5712000.0,3021000.0,2090000.0,6404000.0,1419000.0,4907000.0,3964000.0,2529000.0,3238000.0,1291000.0,6.001E7,6.003E7,
5774000.0,3045000.0,2081000.0,6395000.0,1413000.0,4899000.0,3970000.0,2551000.0,3259000.0,1290000.0,6.001E7,5.995E7,
5717000.0,3059000.0,2083000.0,6410000.0,1430000.0,5861000.0,2991000.0,2551000.0,3240000.0,1292000.0,6.001E7,5.995E7,
5687000.0,3051000.0,2083000.0,6409000.0,1410000.0,5861000.0,3241000.0,2317000.0,3207000.0,1295000.0,6.001E7,5.997E7,
5644000.0,3046000.0,2086000.0,6418000.0,1393000.0,5871000.0,3226000.0,2311000.0,3179000.0,1298000.0,6.001E7,6.001E7,
5595000.0,3053000.0,2089000.0,6391000.0,1391000.0,5865000.0,3226000.0,2311000.0,3151000.0,1297000.0,6.001E7,6.003E7,
5569000.0,3070000.0,2097000.0,6386000.0,1391000.0,5872000.0,3219000.0,2311000.0,3100000.0,1293000.0,6.001E7,6.003E7,
5539000.0,3073000.0,2101000.0,6406000.0,1386000.0,5869000.0,3213000.0,2403000.0,3007000.0,1295000.0,6.001E7,6.005E7,
5419000.0,3070000.0,2101000.0,6504000.0,1392000.0,5863000.0,3219000.0,2429000.0,2976000.0,1302000.0,6.001E7,6.005E7,
5448000.0,3090000.0,2102000.0,6496000.0,1369000.0,5857000.0,3228000.0,2437000.0,2940000.0,1305000.0,6.001E7,6.001E7,
5370000.0,3109000.0,2104000.0,6518000.0,1352000.0,5857000.0,3228000.0,2451000.0,2926000.0,1305000.0,6.001E7,6.003E7,
5368000.0,3110000.0,2104000.0,6531000.0,1357000.0,5853000.0,3220000.0,2470000.0,2953000.0,1305000.0,6.001E7,6.0E7,
5256000.0,3121000.0,2106000.0,6616000.0,1363000.0,5857000.0,3210000.0,2550000.0,2874000.0,1303000.0,6.001E7,6.0E7,
5197000.0,3127000.0,2106000.0,6632000.0,1369000.0,5850000.0,3226000.0,2534000.0,2874000.0,1302000.0,6.001E7,6.003E7,
5219000.0,3122000.0,2106000.0,6621000.0,1374000.0,5852000.0,3220000.0,2571000.0,2978000.0,1302000.0,6.001E7,5.998E7,
5185000.0,3129000.0,2106000.0,6615000.0,2039000.0,5160000.0,3220000.0,2595000.0,2954000.0,1303000.0,6.001E7,6.0E7,
5149000.0,3121000.0,2111000.0,6634000.0,2045000.0,5154000.0,3226000.0,2589000.0,2954000.0,1299000.0,6.001E7,6.002E7,
5143000.0,3141000.0,2111000.0,6662000.0,2031000.0,5157000.0,3222000.0,2620000.0,2971000.0,1299000.0,6.001E7,5.998E7,
5113000.0,3149000.0,2114000.0,6636000.0,2035000.0,5146000.0,3220000.0,2630000.0,2906000.0,1297000.0,6.001E7,6.001E7,
5085000.0,3148000.0,2118000.0,6645000.0,1997000.0,5143000.0,3220000.0,2687000.0,2849000.0,1297000.0,6.001E7,6.005E7,
5063000.0,3127000.0,2113000.0,6650000.0,1900000.0,5143000.0,3220000.0,2722000.0,2814000.0,1293000.0,6.001E7,6.016E7,
4970000.0,3127000.0,2116000.0,6718000.0,1604000.0,5138000.0,3220000.0,2791000.0,2746000.0,1295000.0,6.001E7,6.046E7,
5414000.0,3125000.0,2119000.0,6713000.0,1595000.0,5107000.0,3220000.0,2801000.0,2821000.0,1293000.0,6.001E7,6.004E7,
5475000.0,3126000.0,2118000.0,6690000.0,1595000.0,5121000.0,3211000.0,2796000.0,2938000.0,1298000.0,6.001E7,5.997E7,
5419000.0,3113000.0,2117000.0,6706000.0,1601000.0,5127000.0,3199000.0,2814000.0,2943000.0,1296000.0,6.001E7,5.997E7,
5374000.0,3111000.0,2119000.0,6735000.0,1573000.0,5127000.0,3199000.0,2814000.0,3108000.0,1298000.0,6.001E7,5.999E7,
5396000.0,3104000.0,2107000.0,6721000.0,1571000.0,5121000.0,3199000.0,2814000.0,3170000.0,1301000.0,6.001E7,5.999E7,
5345000.0,3101000.0,2096000.0,6711000.0,1579000.0,5112000.0,3199000.0,2825000.0,3159000.0,1304000.0,6.001E7,6.004E7,
5377000.0,3095000.0,2099000.0,6719000.0,1579000.0,5112000.0,3199000.0,2831000.0,3406000.0,1305000.0,6.001E7,5.998E7,
5399000.0,3102000.0,2086000.0,6709000.0,3136000.0,3508000.0,3207000.0,2822000.0,3429000.0,1308000.0,6.001E7,6.0E7,
5372000.0,3093000.0,2086000.0,6691000.0,3136000.0,3514000.0,3201000.0,2822000.0,3429000.0,1308000.0,6.001E7,6.002E7,
5345000.0,3089000.0,2086000.0,6700000.0,3114000.0,3503000.0,3201000.0,2862000.0,3363000.0,1310000.0,6.001E7,6.005E7,
5388000.0,3086000.0,2087000.0,6697000.0,3101000.0,3503000.0,3218000.0,2897000.0,3320000.0,1309000.0,6.001E7,6.0E7,
5372000.0,3079000.0,2088000.0,6681000.0,3087000.0,3503000.0,3227000.0,2905000.0,3302000.0,1309000.0,6.001E7,6.001E7,
5345000.0,3073000.0,2073000.0,6689000.0,3049000.0,3503000.0,3227000.0,2905000.0,3284000.0,1310000.0,6.001E7,6.006E7,
5397000.0,3059000.0,2072000.0,6683000.0,3009000.0,3503000.0,3234000.0,2905000.0,3404000.0,1310000.0,6.001E7,6.003E7,
5425000.0,3067000.0,2071000.0,6675000.0,2871000.0,3503000.0,3234000.0,2958000.0,3464000.0,1312000.0,6.001E7,6.01E7,
5354000.0,3089000.0,2077000.0,6712000.0,2832000.0,3499000.0,3234000.0,2973000.0,3450000.0,1309000.0,6.001E7,6.015E7,
5322000.0,3086000.0,2078000.0,6704000.0,2798000.0,3505000.0,3228000.0,3013000.0,3409000.0,1309000.0,6.001E7,6.02E7,
5502000.0,3097000.0,2079000.0,6691000.0,2785000.0,3504000.0,3234000.0,3007000.0,3451000.0,1309000.0,6.001E7,5.998E7,
5492000.0,3094000.0,2081000.0,6681000.0,2747000.0,3504000.0,3234000.0,3007000.0,3451000.0,1309000.0,6.001E7,6.002E7,
5584000.0,3087000.0,2082000.0,6685000.0,2694000.0,3504000.0,3234000.0,3065000.0,3476000.0,1308000.0,6.001E7,5.997E7,
5552000.0,3085000.0,2087000.0,6695000.0,2662000.0,3511000.0,3243000.0,3074000.0,3452000.0,1307000.0,6.001E7,6.0E7,
5556000.0,3107000.0,2088000.0,6688000.0,2638000.0,3515000.0,3235000.0,3108000.0,3607000.0,1310000.0,6.001E7,5.998E7,
5577000.0,3107000.0,2089000.0,6690000.0,2581000.0,3527000.0,3223000.0,3137000.0,3611000.0,1310000.0,6.001E7,5.999E7,
5546000.0,3106000.0,2076000.0,6670000.0,2586000.0,3521000.0,3223000.0,3184000.0,3548000.0,1307000.0,6.001E7,6.001E7,
5542000.0,3101000.0,2078000.0,6749000.0,2513000.0,5168000.0,1570000.0,3202000.0,3608000.0,1308000.0,6.001E7,5.999E7,
5525000.0,3104000.0,2081000.0,6746000.0,2459000.0,5167000.0,1577000.0,3192000.0,3591000.0,1308000.0,6.001E7,6.005E7,
5505000.0,3107000.0,2083000.0,6733000.0,2444000.0,5167000.0,1577000.0,3208000.0,3574000.0,1311000.0,6.001E7,6.006E7,
5432000.0,3124000.0,2085000.0,6738000.0,2436000.0,5174000.0,1570000.0,3242000.0,3493000.0,1310000.0,6.001E7,6.007E7,
5399000.0,3135000.0,2085000.0,6735000.0,2401000.0,5164000.0,1579000.0,3233000.0,3474000.0,1310000.0,6.001E7,6.012E7,
5366000.0,3136000.0,2092000.0,6730000.0,2356000.0,5164000.0,1579000.0,3268000.0,3439000.0,1304000.0,6.001E7,6.016E7,
5336000.0,3129000.0,2092000.0,6725000.0,2342000.0,5173000.0,1574000.0,3324000.0,3363000.0,1306000.0,6.001E7,6.017E7,
5493000.0,3131000.0,2080000.0,6748000.0,2328000.0,5173000.0,1574000.0,3368000.0,3513000.0,1308000.0,6.001E7,5.999E7,
5432000.0,3122000.0,2083000.0,6758000.0,2328000.0,5183000.0,1579000.0,3395000.0,3472000.0,1307000.0,6.001E7,6.001E7,
5414000.0,3111000.0,2082000.0,6760000.0,2319000.0,5177000.0,1579000.0,3395000.0,3472000.0,1309000.0,6.001E7,6.002E7,
5412000.0,3117000.0,2084000.0,6787000.0,2319000.0,5177000.0,1588000.0,3452000.0,3466000.0,1310000.0,6.001E7,5.999E7,
5379000.0,3118000.0,2084000.0,6794000.0,2319000.0,5177000.0,1594000.0,3463000.0,3473000.0,1310000.0,6.001E7,5.999E7,
5356000.0,3115000.0,2089000.0,6803000.0,2279000.0,5167000.0,1594000.0,3481000.0,3592000.0,1309000.0,6.001E7,6.002E7,
5323000.0,3106000.0,2090000.0,6804000.0,2272000.0,5161000.0,2496000.0,2594000.0,3559000.0,1310000.0,6.001E7,6.006E7,
5396000.0,3116000.0,2101000.0,6834000.0,2238000.0,5161000.0,2496000.0,2654000.0,3557000.0,1303000.0,6.001E7,5.995E7,
5339000.0,3122000.0,2106000.0,6872000.0,2210000.0,5161000.0,2496000.0,2654000.0,3557000.0,1301000.0,6.001E7,5.998E7,
5312000.0,3097000.0,2111000.0,6845000.0,2154000.0,5164000.0,2504000.0,2698000.0,3462000.0,1299000.0,6.001E7,6.004E7,
5367000.0,3089000.0,2114000.0,6855000.0,2112000.0,5164000.0,2524000.0,2746000.0,3419000.0,1297000.0,6.001E7,5.999E7,
5385000.0,3081000.0,2115000.0,6886000.0,2073000.0,5170000.0,2524000.0,2740000.0,3510000.0,1299000.0,6.001E7,5.997E7,
5357000.0,3084000.0,2117000.0,6898000.0,2055000.0,5166000.0,2524000.0,2746000.0,3504000.0,1300000.0,6.001E7,5.999E7,
5331000.0,3080000.0,2109000.0,6902000.0,2055000.0,5166000.0,2530000.0,2750000.0,3494000.0,1300000.0,6.001E7,6.001E7,
5304000.0,3080000.0,2114000.0,6898000.0,1976000.0,5172000.0,2875000.0,2399000.0,3473000.0,1297000.0,6.001E7,6.009E7,
5247000.0,3069000.0,2115000.0,6938000.0,1943000.0,5172000.0,2894000.0,2434000.0,3396000.0,1299000.0,6.001E7,6.012E7,
5208000.0,3066000.0,2117000.0,6954000.0,1929000.0,5172000.0,2894000.0,2450000.0,3380000.0,1299000.0,6.001E7,6.015E7,
5130000.0,3086000.0,2120000.0,6983000.0,1906000.0,5181000.0,2878000.0,2484000.0,3345000.0,1299000.0,6.001E7,6.018E7,
5242000.0,3089000.0,2127000.0,7016000.0,1872000.0,5180000.0,2878000.0,2484000.0,3412000.0,1298000.0,6.001E7,6.005E7,
5273000.0,3092000.0,2127000.0,7033000.0,1872000.0,5187000.0,2871000.0,2523000.0,3508000.0,1298000.0,6.001E7,5.996E7,
5250000.0,3088000.0,2132000.0,7019000.0,1872000.0,5187000.0,4517000.0,946500.0,3476000.0,1301000.0,6.001E7,5.996E7,
5218000.0,3090000.0,2119000.0,7008000.0,1861000.0,5181000.0,4523000.0,977700.0,3475000.0,1303000.0,6.001E7,6.0E7,
5162000.0,3073000.0,2124000.0,7036000.0,1861000.0,5181000.0,4533000.0,1016000.0,3427000.0,1304000.0,6.001E7,6.0E7,
5157000.0,3062000.0,2123000.0,7026000.0,1861000.0,5194000.0,4519000.0,1039000.0,3404000.0,1305000.0,6.001E7,6.0E7,
5102000.0,3065000.0,2154000.0,7037000.0,1854000.0,5186000.0,4513000.0,1039000.0,3392000.0,1277000.0,6.001E7,6.004E7,
5088000.0,3053000.0,2161000.0,7034000.0,2814000.0,4232000.0,4507000.0,1094000.0,3337000.0,1275000.0,6.001E7,6.004E7,
5066000.0,3052000.0,2161000.0,7018000.0,2814000.0,4238000.0,4501000.0,1133000.0,3298000.0,1274000.0,6.001E7,6.006E7,
5115000.0,3044000.0,2161000.0,7024000.0,2814000.0,4244000.0,4495000.0,1155000.0,3304000.0,1277000.0,6.001E7,5.999E7,
5073000.0,3034000.0,2148000.0,7046000.0,2826000.0,4232000.0,4495000.0,1155000.0,3383000.0,1279000.0,6.001E7,6.001E7,
5040000.0,3030000.0,2150000.0,7041000.0,2818000.0,4236000.0,4497000.0,1215000.0,3312000.0,1278000.0,6.001E7,6.002E7,
4999000.0,3034000.0,2146000.0,7041000.0,2818000.0,4236000.0,4506000.0,1206000.0,3287000.0,1277000.0,6.001E7,6.003E7,
4913000.0,3055000.0,2148000.0,7079000.0,2797000.0,4241000.0,4501000.0,1212000.0,3281000.0,1277000.0,6.001E7,6.005E7,
4884000.0,3055000.0,2150000.0,7086000.0,2766000.0,4233000.0,4501000.0,1218000.0,3275000.0,1277000.0,6.001E7,6.009E7,
4856000.0,3060000.0,2153000.0,7090000.0,2766000.0,4233000.0,4501000.0,1224000.0,3269000.0,1277000.0,6.001E7,6.009E7,
4836000.0,3051000.0,2157000.0,7092000.0,2739000.0,4239000.0,4495000.0,1290000.0,3203000.0,1280000.0,6.001E7,6.012E7,
4793000.0,3066000.0,2160000.0,7103000.0,2647000.0,4239000.0,4509000.0,1276000.0,3203000.0,1279000.0,6.001E7,6.021E7,
5042000.0,3060000.0,2161000.0,7098000.0,2579000.0,4239000.0,4509000.0,1306000.0,3307000.0,1279000.0,6.001E7,6.002E7,
4982000.0,3056000.0,2162000.0,7140000.0,2561000.0,4235000.0,4514000.0,1345000.0,3259000.0,1279000.0,6.001E7,6.004E7,
5010000.0,3055000.0,2164000.0,7154000.0,2520000.0,4235000.0,4520000.0,1339000.0,3440000.0,1279000.0,6.001E7,6.002E7,
4966000.0,3065000.0,2162000.0,7122000.0,2491000.0,4235000.0,4520000.0,1371000.0,3408000.0,1282000.0,6.001E7,6.005E7,
4908000.0,3071000.0,2151000.0,7125000.0,2473000.0,4223000.0,4526000.0,1384000.0,3389000.0,1284000.0,6.001E7,6.009E7,
4891000.0,3073000.0,2151000.0,7115000.0,2441000.0,4236000.0,4517000.0,1379000.0,3377000.0,1284000.0,6.001E7,6.012E7,
5032000.0,3069000.0,2154000.0,7114000.0,2411000.0,4236000.0,4526000.0,1370000.0,3401000.0,1284000.0,6.001E7,5.999E7,
4963000.0,3063000.0,2157000.0,7161000.0,2418000.0,4236000.0,4525000.0,1366000.0,3401000.0,1283000.0,6.001E7,5.999E7,
4947000.0,3052000.0,2164000.0,7158000.0,2399000.0,4241000.0,4519000.0,1377000.0,3389000.0,1282000.0,6.001E7,6.001E7,
4954000.0,3067000.0,2165000.0,7155000.0,2383000.0,4241000.0,4528000.0,1402000.0,3393000.0,1281000.0,6.001E7,5.998E7,
4924000.0,3076000.0,2167000.0,7145000.0,2324000.0,4245000.0,4527000.0,1462000.0,3324000.0,1281000.0,6.001E7,6.005E7,
4915000.0,3072000.0,2171000.0,7134000.0,2280000.0,4244000.0,4540000.0,1543000.0,3230000.0,1280000.0,6.001E7,6.009E7,
4873000.0,3090000.0,2174000.0,7139000.0,2267000.0,4244000.0,4540000.0,1578000.0,3196000.0,1281000.0,6.001E7,6.01E7,
5034000.0,3093000.0,2177000.0,7139000.0,2202000.0,4244000.0,4540000.0,1598000.0,3240000.0,1279000.0,6.001E7,5.999E7,
4971000.0,3097000.0,2179000.0,7182000.0,2188000.0,4244000.0,4540000.0,1684000.0,3137000.0,1279000.0,6.002E7,6.001E7,
4902000.0,3126000.0,2188000.0,7185000.0,2172000.0,4238000.0,4540000.0,1753000.0,3068000.0,1278000.0,6.001E7,6.003E7,
4946000.0,3125000.0,2190000.0,7188000.0,2144000.0,4248000.0,4530000.0,1753000.0,3122000.0,1277000.0,6.001E7,5.999E7,
4912000.0,3130000.0,2192000.0,7196000.0,2144000.0,4248000.0,4530000.0,1759000.0,3103000.0,1277000.0,6.001E7,5.999E7,
4906000.0,3124000.0,2193000.0,7201000.0,2121000.0,4248000.0,4534000.0,1836000.0,3072000.0,1278000.0,6.001E7,5.999E7,
4897000.0,3119000.0,2180000.0,7186000.0,2112000.0,4236000.0,4534000.0,1836000.0,3040000.0,1275000.0,6.001E7,6.003E7,
4893000.0,3116000.0,2183000.0,7199000.0,2099000.0,4236000.0,4534000.0,1855000.0,3099000.0,1276000.0,6.001E7,6.003E7,
4877000.0,3110000.0,2173000.0,7178000.0,2099000.0,4236000.0,4540000.0,1895000.0,3030000.0,1277000.0,6.001E7,6.006E7,
4958000.0,3105000.0,2168000.0,7168000.0,2049000.0,4226000.0,4545000.0,1886000.0,3054000.0,1276000.0,6.001E7,6.005E7,
4929000.0,3120000.0,2171000.0,7149000.0,2024000.0,4226000.0,4545000.0,1898000.0,3042000.0,1277000.0,6.001E7,6.007E7,
4968000.0,3129000.0,2172000.0,7156000.0,2024000.0,4226000.0,4553000.0,1901000.0,3143000.0,1277000.0,6.001E7,5.998E7,
4932000.0,3136000.0,2173000.0,7148000.0,2024000.0,4226000.0,4553000.0,1901000.0,3143000.0,1277000.0,6.001E7,5.998E7,
4866000.0,3140000.0,2179000.0,7148000.0,2024000.0,4226000.0,4552000.0,1907000.0,3091000.0,1279000.0,6.001E7,6.0E7,
4806000.0,3145000.0,2183000.0,7187000.0,2008000.0,4226000.0,4559000.0,1925000.0,3067000.0,1281000.0,6.001E7,6.002E7,
4791000.0,3141000.0,2185000.0,7200000.0,1981000.0,4238000.0,4546000.0,1936000.0,3089000.0,1281000.0,6.001E7,6.003E7,
4770000.0,3151000.0,2190000.0,7184000.0,1981000.0,4238000.0,4546000.0,2006000.0,3019000.0,1282000.0,6.001E7,6.003E7,
4824000.0,3141000.0,2199000.0,7198000.0,1946000.0,4238000.0,4555000.0,2044000.0,3018000.0,1281000.0,6.001E7,5.998E7,
4808000.0,3138000.0,2177000.0,7195000.0,1917000.0,4238000.0,4555000.0,2044000.0,3018000.0,1286000.0,6.001E7,6.003E7,
4781000.0,3143000.0,2177000.0,7187000.0,1917000.0,4238000.0,4555000.0,2066000.0,2996000.0,1286000.0,6.001E7,6.003E7,
4801000.0,3151000.0,2178000.0,7183000.0,1923000.0,4232000.0,4561000.0,2060000.0,3019000.0,1286000.0,6.001E7,5.999E7,
4762000.0,3143000.0,2182000.0,7186000.0,1910000.0,4251000.0,4542000.0,2070000.0,3009000.0,1280000.0,6.001E7,6.002E7,
4746000.0,3136000.0,2181000.0,7184000.0,1865000.0,4256000.0,4534000.0,2085000.0,2971000.0,1280000.0,6.001E7,6.007E7,
4725000.0,3140000.0,2189000.0,7184000.0,1874000.0,4269000.0,4512000.0,2249000.0,2806000.0,1280000.0,6.001E7,6.007E7,
4819000.0,3134000.0,2192000.0,7190000.0,1874000.0,4275000.0,4521000.0,2235000.0,2834000.0,1281000.0,6.001E7,5.995E7,
4806000.0,3123000.0,2197000.0,7181000.0,1874000.0,4275000.0,4521000.0,2259000.0,3027000.0,1281000.0,6.001E7,5.997E7,
4781000.0,3143000.0,2198000.0,7149000.0,1872000.0,4269000.0,4516000.0,2289000.0,2997000.0,1282000.0,6.001E7,5.998E7,
4763000.0,3144000.0,2201000.0,7127000.0,1857000.0,4269000.0,4531000.0,2289000.0,2998000.0,1283000.0,6.001E7,6.0E7,
4755000.0,3146000.0,2204000.0,7106000.0,1843000.0,4255000.0,4538000.0,2283000.0,2998000.0,1281000.0,6.001E7,6.003E7,
4769000.0,3147000.0,2204000.0,7093000.0,1816000.0,4255000.0,4537000.0,2373000.0,3021000.0,1283000.0,6.001E7,6.001E7,
4748000.0,3147000.0,2204000.0,7075000.0,1771000.0,4249000.0,4537000.0,2383000.0,3011000.0,1283000.0,6.001E7,6.007E7,
4817000.0,3147000.0,2207000.0,7059000.0,1751000.0,4249000.0,4537000.0,2412000.0,3000000.0,1287000.0,6.001E7,6.0E7,
4730000.0,3158000.0,2200000.0,7065000.0,1751000.0,4249000.0,4547000.0,2439000.0,2951000.0,1283000.0,6.001E7,6.005E7,
4795000.0,3170000.0,2202000.0,7045000.0,1742000.0,4249000.0,4541000.0,2453000.0,2972000.0,1287000.0,6.001E7,5.997E7,
4757000.0,3170000.0,2206000.0,7068000.0,1742000.0,4249000.0,4541000.0,2453000.0,2959000.0,1288000.0,6.001E7,5.997E7,
4727000.0,3162000.0,2211000.0,7052000.0,1716000.0,4249000.0,4546000.0,2463000.0,2944000.0,1286000.0,6.001E7,6.0E7,
4696000.0,3161000.0,2213000.0,7060000.0,1704000.0,4255000.0,4540000.0,2469000.0,2938000.0,1283000.0,6.001E7,6.001E7,
4706000.0,3155000.0,2216000.0,7065000.0,1710000.0,4255000.0,4542000.0,2500000.0,3084000.0,1282000.0,6.001E7,5.998E7,
4677000.0,3157000.0,2217000.0,7023000.0,1696000.0,4255000.0,4542000.0,2533000.0,3052000.0,1280000.0,6.001E7,5.999E7,
4637000.0,3150000.0,2223000.0,7040000.0,1696000.0,4255000.0,4548000.0,2555000.0,3008000.0,1279000.0,6.001E7,5.999E7,
4595000.0,3148000.0,2226000.0,7061000.0,1702000.0,4249000.0,4557000.0,2547000.0,3091000.0,1279000.0,6.001E7,5.999E7,
4582000.0,3149000.0,2226000.0,7041000.0,1702000.0,4249000.0,4567000.0,2607000.0,3021000.0,1280000.0,6.001E7,5.999E7,
4506000.0,3164000.0,2228000.0,7041000.0,1695000.0,4243000.0,4567000.0,2795000.0,2864000.0,1279000.0,6.001E7,6.004E7,
4475000.0,3156000.0,2217000.0,7062000.0,1695000.0,4260000.0,4556000.0,2789000.0,2825000.0,1283000.0,6.001E7,6.006E7,
4461000.0,3156000.0,2221000.0,7036000.0,1695000.0,4266000.0,4550000.0,2824000.0,2790000.0,1278000.0,6.001E7,6.006E7,
4417000.0,3142000.0,2225000.0,7026000.0,1695000.0,4266000.0,4555000.0,2840000.0,2769000.0,1282000.0,6.001E7,6.008E7,
4391000.0,3135000.0,2228000.0,7035000.0,1688000.0,4260000.0,4563000.0,2867000.0,2733000.0,1284000.0,6.001E7,6.01E7,
4369000.0,3132000.0,2232000.0,7041000.0,1701000.0,4247000.0,4563000.0,2867000.0,2733000.0,1287000.0,6.001E7,6.01E7,
4456000.0,3138000.0,2233000.0,7038000.0,1701000.0,4247000.0,4563000.0,2879000.0,2853000.0,1292000.0,6.001E7,5.999E7,
4429000.0,3138000.0,2237000.0,6998000.0,4212000.0,1729000.0,4563000.0,2896000.0,2794000.0,1291000.0,6.001E7,6.002E7,
4430000.0,3152000.0,2242000.0,7004000.0,4211000.0,1735000.0,4562000.0,2981000.0,2764000.0,1287000.0,6.001E7,5.998E7,
4352000.0,3178000.0,2245000.0,7015000.0,4211000.0,1741000.0,4565000.0,2983000.0,2741000.0,1285000.0,6.001E7,5.998E7,
4280000.0,3174000.0,2248000.0,7021000.0,4193000.0,1742000.0,4557000.0,2983000.0,2741000.0,1285000.0,6.001E7,6.001E7,
4277000.0,3178000.0,2251000.0,7033000.0,4150000.0,1723000.0,4551000.0,3007000.0,2831000.0,1284000.0,6.001E7,6.003E7,
4249000.0,3174000.0,2235000.0,7048000.0,4113000.0,1723000.0,4545000.0,3033000.0,2784000.0,1285000.0,6.001E7,6.009E7,
4204000.0,3186000.0,2237000.0,7030000.0,3881000.0,1723000.0,4549000.0,3043000.0,2769000.0,1292000.0,6.001E7,6.034E7,
4539000.0,3192000.0,2241000.0,7033000.0,3848000.0,1728000.0,4539000.0,3079000.0,2797000.0,1291000.0,6.001E7,6.0E7,
4531000.0,3191000.0,2244000.0,7033000.0,3832000.0,1728000.0,4551000.0,3079000.0,2785000.0,1292000.0,6.001E7,6.002E7,
4519000.0,3176000.0,2245000.0,7017000.0,3387000.0,1722000.0,4549000.0,3090000.0,2774000.0,1298000.0,6.001E7,6.047E7,
5037000.0,3174000.0,2244000.0,7004000.0,3353000.0,1722000.0,4543000.0,3100000.0,2814000.0,1300000.0,6.001E7,5.997E7,
5020000.0,3171000.0,2228000.0,6997000.0,3267000.0,1735000.0,4530000.0,3178000.0,2736000.0,1301000.0,6.001E7,6.008E7,
4978000.0,3172000.0,2231000.0,7007000.0,3239000.0,1741000.0,4524000.0,3236000.0,2678000.0,1299000.0,6.001E7,6.01E7,
5081000.0,3192000.0,2231000.0,6969000.0,3173000.0,1757000.0,4506000.0,3255000.0,2804000.0,1303000.0,6.001E7,6.004E7,
5180000.0,3197000.0,2228000.0,6958000.0,3081000.0,1764000.0,4499000.0,3371000.0,2733000.0,1305000.0,6.001E7,6.002E7,
5193000.0,3184000.0,2234000.0,6929000.0,3133000.0,1760000.0,6425000.0,1408000.0,2810000.0,1303000.0,6.001E7,5.999E7,
5158000.0,3198000.0,2238000.0,6930000.0,3133000.0,1760000.0,6425000.0,1444000.0,2797000.0,1304000.0,6.001E7,5.999E7,
5122000.0,3206000.0,2241000.0,6929000.0,3139000.0,1754000.0,6425000.0,1466000.0,2789000.0,1306000.0,6.001E7,5.999E7,
5122000.0,3207000.0,2229000.0,6938000.0,3139000.0,1758000.0,6421000.0,1618000.0,2719000.0,1307000.0,6.001E7,5.998E7,
5087000.0,3209000.0,2230000.0,6950000.0,3130000.0,1775000.0,6398000.0,1642000.0,2695000.0,1308000.0,6.001E7,6.0E7,
5021000.0,3215000.0,2233000.0,6932000.0,3101000.0,1779000.0,6409000.0,1642000.0,2662000.0,1309000.0,6.001E7,6.006E7,
5008000.0,3217000.0,2232000.0,6937000.0,3104000.0,1771000.0,6409000.0,1661000.0,2834000.0,1314000.0,6.001E7,6.002E7,
5029000.0,3225000.0,2236000.0,6931000.0,3114000.0,1761000.0,6415000.0,1657000.0,2921000.0,1313000.0,6.001E7,5.999E7,
5073000.0,3213000.0,2224000.0,6916000.0,3070000.0,1764000.0,6409000.0,1657000.0,2921000.0,1316000.0,6.001E7,6.001E7,
5070000.0,3219000.0,2226000.0,6909000.0,3048000.0,1805000.0,6381000.0,1653000.0,3176000.0,1316000.0,6.001E7,6.001E7,
5024000.0,3229000.0,2215000.0,6912000.0,3025000.0,1817000.0,6376000.0,1685000.0,3138000.0,1314000.0,6.001E7,6.006E7,
4985000.0,3243000.0,2193000.0,6872000.0,2997000.0,1816000.0,6368000.0,1691000.0,3132000.0,1316000.0,6.001E7,6.012E7,
5125000.0,3242000.0,2197000.0,6860000.0,2958000.0,1816000.0,6368000.0,1708000.0,3265000.0,1320000.0,6.001E7,6.0E7,
5115000.0,3233000.0,2187000.0,6854000.0,2965000.0,1808000.0,6373000.0,1726000.0,3229000.0,1320000.0,6.001E7,6.002E7,
5106000.0,3229000.0,2188000.0,6842000.0,2936000.0,1808000.0,6382000.0,1865000.0,3080000.0,1319000.0,6.001E7,6.005E7,
5224000.0,3225000.0,2192000.0,6844000.0,2871000.0,1792000.0,6381000.0,1885000.0,3158000.0,1318000.0,6.001E7,6.0E7,
5154000.0,3234000.0,2196000.0,6876000.0,2851000.0,1793000.0,6375000.0,1927000.0,3172000.0,1320000.0,6.001E7,6.002E7,
5204000.0,3235000.0,2194000.0,6880000.0,2812000.0,1793000.0,6375000.0,1965000.0,3284000.0,1318000.0,6.001E7,5.999E7,
5165000.0,3239000.0,2192000.0,6878000.0,2804000.0,1788000.0,6375000.0,2026000.0,3255000.0,1320000.0,6.001E7,6.002E7,
5212000.0,3234000.0,2188000.0,6885000.0,2772000.0,1786000.0,6390000.0,2021000.0,3557000.0,1321000.0,6.001E7,5.999E7,
5178000.0,3228000.0,2193000.0,6904000.0,2759000.0,1786000.0,6390000.0,2021000.0,3656000.0,1322000.0,6.001E7,6.0E7,
5192000.0,3224000.0,2198000.0,6899000.0,2738000.0,1797000.0,6378000.0,2043000.0,3662000.0,1320000.0,6.001E7,5.997E7,
5151000.0,3216000.0,2198000.0,6882000.0,2725000.0,1803000.0,6372000.0,2043000.0,3899000.0,1322000.0,6.001E7,6.001E7,
5134000.0,3212000.0,2201000.0,6889000.0,2725000.0,1803000.0,6378000.0,2037000.0,3899000.0,1322000.0,6.001E7,6.001E7,
5176000.0,3219000.0,2205000.0,6879000.0,2706000.0,1805000.0,6374000.0,2037000.0,3909000.0,1319000.0,6.001E7,5.996E7,
5154000.0,3221000.0,2211000.0,6876000.0,2706000.0,1805000.0,6374000.0,2047000.0,3943000.0,1318000.0,6.001E7,5.996E7,
5088000.0,3262000.0,2210000.0,6869000.0,2691000.0,1805000.0,6368000.0,2047000.0,3943000.0,1315000.0,6.001E7,5.999E7,
5057000.0,3261000.0,2200000.0,6871000.0,2691000.0,1805000.0,6374000.0,2052000.0,3931000.0,1316000.0,6.001E7,6.0E7,
5030000.0,3270000.0,2200000.0,6878000.0,2697000.0,1799000.0,6374000.0,2080000.0,3904000.0,1318000.0,6.001E7,6.0E7,
4982000.0,3273000.0,2204000.0,6886000.0,2679000.0,1799000.0,6374000.0,2092000.0,3879000.0,1315000.0,6.001E7,6.002E7,
4935000.0,3302000.0,2209000.0,6881000.0,2665000.0,1799000.0,6374000.0,2172000.0,3799000.0,1317000.0,6.001E7,6.003E7,
4919000.0,3294000.0,2210000.0,6878000.0,2637000.0,1804000.0,6379000.0,2184000.0,3777000.0,1319000.0,6.001E7,6.006E7,
4866000.0,3331000.0,2210000.0,6871000.0,2637000.0,1817000.0,6375000.0,2209000.0,3742000.0,1322000.0,6.001E7,6.006E7,
4829000.0,3326000.0,2216000.0,6876000.0,2637000.0,1823000.0,6369000.0,2238000.0,3690000.0,1324000.0,6.001E7,6.008E7,
4906000.0,3334000.0,2221000.0,6879000.0,2613000.0,1820000.0,6369000.0,2238000.0,3707000.0,1325000.0,6.001E7,6.0E7,
4864000.0,3358000.0,2223000.0,6872000.0,2587000.0,1826000.0,6372000.0,2235000.0,3700000.0,1324000.0,6.001E7,6.002E7,
4896000.0,3356000.0,2223000.0,6875000.0,2600000.0,1813000.0,6380000.0,2280000.0,3737000.0,1324000.0,6.001E7,5.997E7,
4844000.0,3367000.0,2224000.0,6885000.0,2591000.0,1803000.0,6380000.0,2298000.0,3745000.0,1324000.0,6.001E7,5.999E7,
4799000.0,3366000.0,2227000.0,6895000.0,2591000.0,1807000.0,6376000.0,2320000.0,3780000.0,1326000.0,6.001E7,6.0E7,
4770000.0,3363000.0,2232000.0,6915000.0,2595000.0,1810000.0,7888000.0,944900.0,3662000.0,1321000.0,6.001E7,6.0E7,
4749000.0,3352000.0,2239000.0,6911000.0,2595000.0,1810000.0,7898000.0,1012000.0,3678000.0,1321000.0,6.001E7,5.999E7,
4736000.0,3349000.0,2244000.0,6908000.0,2576000.0,1804000.0,7898000.0,1034000.0,3749000.0,1321000.0,6.001E7,6.002E7,
4694000.0,3337000.0,2245000.0,6937000.0,2576000.0,1804000.0,7898000.0,1057000.0,3726000.0,1320000.0,6.001E7,6.002E7,
4650000.0,3331000.0,2247000.0,6944000.0,2576000.0,1804000.0,7906000.0,1062000.0,3713000.0,1316000.0,6.001E7,6.003E7,
4573000.0,3340000.0,2248000.0,6961000.0,2576000.0,1811000.0,7899000.0,1062000.0,3713000.0,1315000.0,6.001E7,6.003E7,
4588000.0,3328000.0,2255000.0,6967000.0,2582000.0,1805000.0,7899000.0,1076000.0,3787000.0,1314000.0,5.992E7,5.999E7,
4575000.0,3328000.0,2256000.0,6966000.0,2567000.0,1805000.0,7899000.0,1098000.0,3764000.0,1312000.0,6.001E7,6.0E7,
4540000.0,3335000.0,2257000.0,6966000.0,2543000.0,1811000.0,7903000.0,1147000.0,3706000.0,1313000.0,6.001E7,6.003E7,
4533000.0,3333000.0,2262000.0,6956000.0,2547000.0,1792000.0,7903000.0,1157000.0,3696000.0,1314000.0,6.001E7,6.004E7,
4527000.0,3305000.0,2295000.0,6958000.0,2516000.0,1798000.0,7892000.0,1638000.0,3668000.0,1292000.0,6.001E7,6.003E7,
4489000.0,3306000.0,2302000.0,6948000.0,2502000.0,1798000.0,7892000.0,1653000.0,3636000.0,1291000.0,6.001E7,6.006E7,
4467000.0,3303000.0,2309000.0,6926000.0,2511000.0,1795000.0,7884000.0,1728000.0,3561000.0,1289000.0,6.001E7,6.006E7,
4422000.0,3305000.0,2308000.0,6913000.0,2496000.0,1795000.0,7908000.0,1710000.0,3555000.0,1284000.0,6.001E7,6.007E7,
4406000.0,3306000.0,2310000.0,6905000.0,2499000.0,1790000.0,7908000.0,1729000.0,3536000.0,1281000.0,6.001E7,6.007E7,
4497000.0,3308000.0,2311000.0,6898000.0,2482000.0,1776000.0,7922000.0,1715000.0,3693000.0,1281000.0,6.001E7,6.0E7,
4404000.0,3313000.0,2313000.0,6903000.0,2482000.0,1776000.0,7922000.0,1715000.0,3675000.0,1283000.0,6.001E7,6.007E7,
4381000.0,3307000.0,2314000.0,6885000.0,2468000.0,1782000.0,7916000.0,1776000.0,3614000.0,1284000.0,6.001E7,6.009E7,
4503000.0,3307000.0,2292000.0,6865000.0,2455000.0,1782000.0,7922000.0,1770000.0,3778000.0,1283000.0,6.001E7,5.999E7,
4490000.0,3297000.0,2293000.0,6842000.0,2435000.0,1781000.0,7933000.0,1869000.0,3668000.0,1283000.0,6.001E7,6.001E7,
4525000.0,3296000.0,2293000.0,6840000.0,2440000.0,1762000.0,7943000.0,1901000.0,3699000.0,1283000.0,6.001E7,5.999E7,
4479000.0,3309000.0,2296000.0,6843000.0,2446000.0,1762000.0,7937000.0,1901000.0,3699000.0,1285000.0,6.001E7,5.999E7,
4436000.0,3317000.0,2298000.0,6830000.0,2452000.0,1763000.0,7946000.0,1891000.0,3671000.0,1285000.0,6.001E7,6.0E7,
4400000.0,3306000.0,2283000.0,6855000.0,2452000.0,1773000.0,7936000.0,1909000.0,3654000.0,1286000.0,6.001E7,6.002E7,
4354000.0,3291000.0,2286000.0,6877000.0,2439000.0,1794000.0,7914000.0,1909000.0,3654000.0,1286000.0,6.001E7,6.005E7,
4316000.0,3288000.0,2286000.0,6873000.0,2439000.0,1801000.0,7908000.0,1972000.0,3591000.0,1286000.0,6.001E7,6.005E7,
4379000.0,3281000.0,2293000.0,6853000.0,2420000.0,1801000.0,7927000.0,2054000.0,3488000.0,1287000.0,6.001E7,5.999E7,
4342000.0,3276000.0,2292000.0,6837000.0,2413000.0,1794000.0,7927000.0,2132000.0,3410000.0,1289000.0,6.001E7,6.001E7,
4293000.0,3278000.0,2294000.0,6787000.0,2866000.0,2636000.0,6632000.0,2167000.0,3376000.0,1289000.0,6.001E7,6.003E7,
4259000.0,3281000.0,2294000.0,6787000.0,2853000.0,2642000.0,6642000.0,2190000.0,3337000.0,1290000.0,6.001E7,6.005E7,
4247000.0,3274000.0,2296000.0,6764000.0,2839000.0,2648000.0,6636000.0,2208000.0,3307000.0,1289000.0,6.001E7,6.006E7,
4321000.0,3246000.0,2282000.0,6771000.0,2832000.0,7534000.0,1764000.0,2248000.0,3317000.0,1294000.0,6.001E7,5.999E7,
4304000.0,3234000.0,2287000.0,6751000.0,2802000.0,7540000.0,1758000.0,2264000.0,3289000.0,1293000.0,6.001E7,6.002E7,
4272000.0,3221000.0,2293000.0,6770000.0,8507000.0,2106000.0,1447000.0,2270000.0,3301000.0,1294000.0,6.001E7,6.004E7,
4253000.0,3220000.0,2246000.0,6760000.0,8276000.0,2101000.0,1447000.0,2270000.0,3301000.0,1292000.0,6.001E7,6.033E7,
4712000.0,3216000.0,2252000.0,6770000.0,8149000.0,2096000.0,1441000.0,2304000.0,3288000.0,1293000.0,6.001E7,5.999E7,
4673000.0,3216000.0,2254000.0,6800000.0,8072000.0,2104000.0,1428000.0,2323000.0,3298000.0,1290000.0,6.001E7,6.005E7,
4807000.0,3212000.0,2256000.0,6808000.0,7839000.0,2104000.0,1428000.0,2334000.0,3436000.0,1290000.0,6.001E7,6.01E7,
5104000.0,3208000.0,2251000.0,6816000.0,7645000.0,2108000.0,1424000.0,2370000.0,3527000.0,1291000.0,6.001E7,5.999E7,
5190000.0,3238000.0,2249000.0,6804000.0,7365000.0,2108000.0,1424000.0,2392000.0,3514000.0,1289000.0,6.001E7,6.013E7,
5157000.0,3239000.0,2204000.0,6815000.0,7235000.0,2108000.0,1424000.0,2439000.0,3467000.0,1284000.0,6.001E7,6.031E7,
5688000.0,3236000.0,2199000.0,6804000.0,6971000.0,2113000.0,1422000.0,2496000.0,3482000.0,1283000.0,6.001E7,6.002E7,
5623000.0,3243000.0,2200000.0,6830000.0,6688000.0,2113000.0,1422000.0,2533000.0,3444000.0,1284000.0,6.001E7,6.031E7,
5607000.0,3246000.0,2204000.0,6811000.0,6452000.0,2113000.0,1422000.0,2587000.0,3391000.0,1287000.0,6.001E7,6.054E7,
5582000.0,3235000.0,2191000.0,6797000.0,6353000.0,2113000.0,1422000.0,2633000.0,3345000.0,1292000.0,6.001E7,6.066E7,
6348000.0,3237000.0,2199000.0,6795000.0,6230000.0,2108000.0,1421000.0,2675000.0,3446000.0,1288000.0,6.001E7,5.999E7,
6306000.0,3240000.0,2187000.0,6803000.0,6084000.0,2108000.0,1429000.0,2690000.0,3423000.0,1286000.0,6.001E7,6.016E7,
6286000.0,3238000.0,2191000.0,6795000.0,6021000.0,2114000.0,1431000.0,2676000.0,3423000.0,1288000.0,6.001E7,6.023E7,
6271000.0,3234000.0,2191000.0,6779000.0,5880000.0,2114000.0,1431000.0,2682000.0,3376000.0,1289000.0,6.001E7,6.039E7,
6231000.0,3251000.0,2192000.0,6771000.0,5762000.0,2114000.0,1431000.0,2725000.0,3318000.0,1288000.0,6.001E7,6.05E7,
6214000.0,3249000.0,2184000.0,6771000.0,5696000.0,2114000.0,1436000.0,2739000.0,3299000.0,1289000.0,6.001E7,6.058E7,
6210000.0,3246000.0,2185000.0,6765000.0,5607000.0,2114000.0,1436000.0,2762000.0,3276000.0,1291000.0,6.001E7,6.067E7,
6162000.0,3241000.0,2192000.0,6783000.0,5570000.0,2114000.0,1436000.0,2762000.0,3276000.0,1294000.0,6.001E7,6.071E7,
6131000.0,3255000.0,2193000.0,6782000.0,5556000.0,2114000.0,1454000.0,2759000.0,3261000.0,1295000.0,6.001E7,6.072E7,
6903000.0,3258000.0,2197000.0,6775000.0,5515000.0,2114000.0,1454000.0,2759000.0,3356000.0,1292000.0,6.001E7,5.995E7,
6933000.0,3262000.0,2197000.0,6800000.0,5292000.0,2114000.0,1454000.0,2824000.0,3379000.0,1293000.0,6.001E7,6.007E7,
6883000.0,3254000.0,2177000.0,6805000.0,5255000.0,2114000.0,1460000.0,2842000.0,3342000.0,1295000.0,6.001E7,6.012E7,
6821000.0,3291000.0,2179000.0,6788000.0,5095000.0,2096000.0,1460000.0,2887000.0,3298000.0,1295000.0,6.001E7,6.032E7,
6768000.0,3299000.0,2182000.0,6798000.0,5045000.0,2102000.0,1476000.0,2888000.0,3274000.0,1296000.0,6.001E7,6.037E7,
6748000.0,3301000.0,2162000.0,6792000.0,4964000.0,2098000.0,1476000.0,2968000.0,3194000.0,1295000.0,6.001E7,6.049E7,
6736000.0,3301000.0,2165000.0,6792000.0,4932000.0,2108000.0,1466000.0,3027000.0,3136000.0,1293000.0,6.001E7,6.052E7,
6685000.0,3313000.0,2163000.0,6795000.0,4904000.0,2108000.0,1472000.0,3027000.0,3130000.0,1296000.0,6.001E7,6.057E7,
6651000.0,3308000.0,2167000.0,6799000.0,4904000.0,2108000.0,1480000.0,3043000.0,3105000.0,1299000.0,6.001E7,6.057E7,
7213000.0,3310000.0,2171000.0,6788000.0,4888000.0,2108000.0,1499000.0,3072000.0,3094000.0,1296000.0,6.001E7,6.0E7,
7190000.0,3311000.0,2175000.0,6783000.0,4876000.0,2102000.0,1505000.0,3130000.0,3318000.0,1293000.0,6.001E7,6.002E7,
7169000.0,3320000.0,2176000.0,6778000.0,4782000.0,2102000.0,1511000.0,3175000.0,3254000.0,1294000.0,6.001E7,6.011E7,
7299000.0,3319000.0,2176000.0,6801000.0,4710000.0,2108000.0,1505000.0,3200000.0,3261000.0,1295000.0,6.001E7,6.001E7,
7277000.0,3306000.0,2178000.0,6789000.0,4700000.0,2109000.0,1499000.0,3262000.0,3199000.0,1295000.0,6.001E7,6.002E7,
7267000.0,3300000.0,2161000.0,6770000.0,4642000.0,2109000.0,1499000.0,3284000.0,3176000.0,1292000.0,6.001E7,6.01E7,
7216000.0,3302000.0,2149000.0,6797000.0,4613000.0,2097000.0,1499000.0,3342000.0,3119000.0,1294000.0,6.001E7,6.015E7,
7450000.0,3294000.0,2150000.0,6794000.0,4535000.0,2097000.0,1499000.0,3342000.0,3183000.0,1290000.0,6.001E7,5.999E7,
7472000.0,3300000.0,2151000.0,6777000.0,4491000.0,2097000.0,1507000.0,3359000.0,3446000.0,1291000.0,6.001E7,5.998E7,
7445000.0,3290000.0,2153000.0,6783000.0,4472000.0,2103000.0,1509000.0,3357000.0,3440000.0,1296000.0,6.001E7,5.999E7,
7432000.0,3286000.0,2157000.0,6791000.0,4454000.0,2103000.0,1509000.0,3409000.0,3480000.0,1292000.0,6.001E7,5.999E7,
7366000.0,3318000.0,2159000.0,6814000.0,4441000.0,2109000.0,1503000.0,3409000.0,3480000.0,1291000.0,6.001E7,6.001E7,
7289000.0,3322000.0,2165000.0,6837000.0,4392000.0,2109000.0,1497000.0,3424000.0,3465000.0,1290000.0,6.001E7,6.006E7,
7239000.0,3319000.0,2172000.0,6829000.0,4344000.0,2109000.0,1509000.0,3422000.0,3455000.0,1290000.0,6.001E7,6.011E7,
7410000.0,3307000.0,2170000.0,6810000.0,4289000.0,2109000.0,1509000.0,3438000.0,3602000.0,1284000.0,6.001E7,5.999E7,
7394000.0,3342000.0,2170000.0,6812000.0,4241000.0,2107000.0,1525000.0,3420000.0,3763000.0,1285000.0,6.001E7,6.001E7,
7372000.0,3326000.0,2171000.0,6833000.0,4210000.0,2105000.0,1531000.0,3430000.0,3761000.0,1287000.0,6.001E7,6.0E7,
7314000.0,3326000.0,2173000.0,6839000.0,4122000.0,2100000.0,3430000.0,1597000.0,3776000.0,1288000.0,6.001E7,6.013E7,
7269000.0,3335000.0,2148000.0,6817000.0,3989000.0,2084000.0,3430000.0,1603000.0,3770000.0,1288000.0,6.001E7,6.033E7,
7623000.0,3337000.0,2148000.0,6815000.0,3945000.0,2078000.0,3430000.0,1656000.0,3789000.0,1287000.0,6.001E7,5.999E7,
7616000.0,3346000.0,2146000.0,6832000.0,3853000.0,2078000.0,3422000.0,1654000.0,3856000.0,1287000.0,6.001E7,6.006E7,
7604000.0,3362000.0,2148000.0,6859000.0,3856000.0,2075000.0,3422000.0,1670000.0,4035000.0,1286000.0,6.001E7,5.998E7,
7507000.0,3336000.0,2150000.0,6904000.0,4163000.0,1768000.0,3422000.0,1707000.0,4116000.0,1282000.0,6.001E7,6.001E7,
7504000.0,3341000.0,2150000.0,6916000.0,4137000.0,1768000.0,3416000.0,1730000.0,4154000.0,1283000.0,6.001E7,6.001E7,
7469000.0,3330000.0,2154000.0,6930000.0,4143000.0,1769000.0,3462000.0,1677000.0,4154000.0,1286000.0,6.001E7,6.001E7,
7452000.0,3321000.0,2155000.0,6910000.0,4156000.0,1756000.0,3462000.0,1720000.0,4098000.0,1287000.0,6.001E7,6.001E7,
7379000.0,3351000.0,2140000.0,6903000.0,4116000.0,1756000.0,3462000.0,1720000.0,4098000.0,1283000.0,6.001E7,6.007E7,
7309000.0,3352000.0,2142000.0,6895000.0,4116000.0,1756000.0,3468000.0,1743000.0,4069000.0,1283000.0,6.001E7,6.009E7,
7251000.0,3352000.0,2133000.0,6925000.0,4060000.0,1750000.0,3474000.0,1753000.0,4054000.0,1282000.0,6.001E7,6.016E7,
7162000.0,3354000.0,2135000.0,6958000.0,4038000.0,1739000.0,3474000.0,1759000.0,4048000.0,1283000.0,6.001E7,6.021E7,
7114000.0,3368000.0,2138000.0,6965000.0,3989000.0,1739000.0,3484000.0,1769000.0,4027000.0,1282000.0,6.001E7,6.026E7,
7066000.0,3371000.0,2141000.0,6990000.0,3989000.0,1739000.0,3484000.0,1818000.0,3979000.0,1280000.0,6.001E7,6.028E7,
7318000.0,3367000.0,2144000.0,6981000.0,3969000.0,1739000.0,3484000.0,1832000.0,4002000.0,1281000.0,6.001E7,6.001E7,
7316000.0,3368000.0,2144000.0,6981000.0,3959000.0,1733000.0,3493000.0,1838000.0,4255000.0,1279000.0,6.001E7,5.999E7,
7285000.0,3368000.0,2148000.0,6959000.0,4683000.0,994100.0,3493000.0,1883000.0,4211000.0,1274000.0,6.001E7,6.002E7,
7244000.0,3366000.0,2159000.0,6961000.0,4683000.0,994100.0,3510000.0,1866000.0,4211000.0,1274000.0,6.001E7,6.002E7,
7302000.0,3363000.0,2160000.0,6966000.0,4641000.0,994100.0,3510000.0,1919000.0,4286000.0,1274000.0,6.001E7,5.998E7,
7267000.0,3373000.0,2162000.0,6947000.0,4595000.0,994000.0,3509000.0,1991000.0,4214000.0,1276000.0,6.001E7,6.003E7,
7229000.0,3357000.0,2136000.0,7020000.0,4519000.0,994000.0,3518000.0,2044000.0,4212000.0,1274000.0,6.001E7,6.007E7,
7293000.0,3354000.0,2122000.0,7023000.0,4504000.0,1004000.0,3517000.0,2034000.0,4254000.0,1266000.0,6.001E7,6.002E7,
7292000.0,3360000.0,2129000.0,7003000.0,4473000.0,1016000.0,3513000.0,2082000.0,4287000.0,1265000.0,6.001E7,6.002E7,
7319000.0,3384000.0,2127000.0,7008000.0,4447000.0,1014000.0,3515000.0,2155000.0,4248000.0,1263000.0,6.001E7,5.998E7,
7269000.0,3367000.0,2127000.0,7039000.0,4423000.0,1019000.0,3510000.0,2236000.0,4201000.0,1264000.0,6.001E7,5.999E7,
7184000.0,3371000.0,2132000.0,7033000.0,4383000.0,1013000.0,3510000.0,2242000.0,4195000.0,1267000.0,6.001E7,6.01E7,
7290000.0,3384000.0,2116000.0,7074000.0,4295000.0,1019000.0,3504000.0,2362000.0,4102000.0,1265000.0,6.001E7,6.001E7,
7293000.0,3377000.0,2119000.0,7075000.0,4263000.0,1019000.0,3504000.0,2372000.0,4120000.0,1262000.0,6.001E7,6.001E7,
7373000.0,3358000.0,2117000.0,7086000.0,4202000.0,1019000.0,3504000.0,2372000.0,4162000.0,1262000.0,6.001E7,5.998E7,
7261000.0,3372000.0,2127000.0,7086000.0,4104000.0,982300.0,3504000.0,2372000.0,4162000.0,1262000.0,6.001E7,6.013E7,
7226000.0,3385000.0,2133000.0,7087000.0,4096000.0,982300.0,3594000.0,2282000.0,4162000.0,1262000.0,6.001E7,6.014E7,
7356000.0,3382000.0,2111000.0,7073000.0,4006000.0,976300.0,3599000.0,2332000.0,4214000.0,1264000.0,6.001E7,6.009E7,
7257000.0,3376000.0,2112000.0,7103000.0,3968000.0,982300.0,3601000.0,2324000.0,4214000.0,1263000.0,6.001E7,6.015E7,
7182000.0,3374000.0,2099000.0,7123000.0,3954000.0,988400.0,3604000.0,2354000.0,4174000.0,1264000.0,6.001E7,6.019E7,
7102000.0,3370000.0,2101000.0,7148000.0,3913000.0,985700.0,3598000.0,2354000.0,4174000.0,1266000.0,6.001E7,6.025E7,
7031000.0,3377000.0,2090000.0,7170000.0,3899000.0,990500.0,3593000.0,2373000.0,4156000.0,1268000.0,6.001E7,6.03E7,
7338000.0,3373000.0,2097000.0,7176000.0,3870000.0,990500.0,3593000.0,2494000.0,4323000.0,1268000.0,6.001E7,5.999E7,
7266000.0,3386000.0,2102000.0,7188000.0,3840000.0,997000.0,3580000.0,2523000.0,4295000.0,1265000.0,6.001E7,6.002E7,
7245000.0,3379000.0,2105000.0,7207000.0,3846000.0,997300.0,3574000.0,2569000.0,4346000.0,1265000.0,6.001E7,5.999E7,
7234000.0,3370000.0,2106000.0,7193000.0,3837000.0,998900.0,3574000.0,2610000.0,4217000.0,1262000.0,6.001E7,6.001E7,
7250000.0,3371000.0,2113000.0,7207000.0,3788000.0,1005000.0,3574000.0,2668000.0,4223000.0,1264000.0,6.001E7,6.0E7,
7203000.0,3368000.0,2118000.0,7208000.0,3773000.0,1011000.0,3567000.0,2819000.0,4072000.0,1265000.0,6.001E7,6.004E7,
7132000.0,3370000.0,2121000.0,7217000.0,3751000.0,1011000.0,3567000.0,2819000.0,4072000.0,1264000.0,6.001E7,6.007E7,
7192000.0,3360000.0,2124000.0,7245000.0,3722000.0,1019000.0,3560000.0,2884000.0,4262000.0,1265000.0,6.001E7,5.999E7,
7181000.0,3363000.0,2125000.0,7223000.0,3707000.0,1019000.0,3560000.0,2905000.0,4257000.0,1263000.0,6.001E7,6.0E7,
7126000.0,3364000.0,2112000.0,7219000.0,3699000.0,1019000.0,3560000.0,2941000.0,4221000.0,1263000.0,6.001E7,6.004E7,
7062000.0,3386000.0,2114000.0,7236000.0,3687000.0,1019000.0,3560000.0,2984000.0,4156000.0,1263000.0,6.001E7,6.005E7,
6983000.0,3429000.0,2116000.0,7249000.0,3686000.0,1025000.0,3554000.0,3121000.0,4018000.0,1264000.0,6.001E7,6.005E7,
6947000.0,3423000.0,2119000.0,7269000.0,4037000.0,683800.0,3543000.0,3132000.0,4007000.0,1263000.0,6.001E7,6.005E7,
6883000.0,3436000.0,2122000.0,7264000.0,4037000.0,683800.0,3543000.0,3188000.0,3935000.0,1262000.0,6.001E7,6.008E7,
6962000.0,3426000.0,2111000.0,7271000.0,4037000.0,683800.0,3543000.0,3219000.0,4018000.0,1267000.0,6.001E7,5.997E7,
6891000.0,3439000.0,2112000.0,7254000.0,4022000.0,683800.0,3543000.0,3240000.0,3997000.0,1266000.0,6.001E7,6.001E7,
6851000.0,3438000.0,2114000.0,7237000.0,4034000.0,671800.0,3549000.0,3267000.0,3919000.0,1267000.0,6.001E7,6.001E7,
6794000.0,3419000.0,2115000.0,7221000.0,4027000.0,693600.0,3534000.0,3271000.0,3909000.0,1269000.0,6.001E7,6.003E7,
6765000.0,3433000.0,2119000.0,7217000.0,3947000.0,699600.0,3534000.0,3285000.0,3866000.0,1267000.0,6.001E7,6.011E7,
6733000.0,3431000.0,2122000.0,7204000.0,3881000.0,699600.0,3534000.0,3308000.0,3821000.0,1267000.0,6.001E7,6.018E7,
6687000.0,3421000.0,2111000.0,7194000.0,3857000.0,704100.0,3528000.0,3389000.0,3717000.0,1269000.0,6.001E7,6.023E7,
6649000.0,3430000.0,2112000.0,7189000.0,3826000.0,703900.0,3532000.0,3413000.0,3689000.0,1265000.0,6.001E7,6.027E7,
6538000.0,3416000.0,2111000.0,7278000.0,3778000.0,696300.0,3526000.0,3518000.0,3563000.0,1267000.0,6.001E7,6.033E7,
6839000.0,3417000.0,2115000.0,7268000.0,3756000.0,696300.0,3526000.0,3563000.0,3641000.0,1267000.0,6.001E7,6.0E7,
6813000.0,3417000.0,2104000.0,7272000.0,3706000.0,696300.0,3526000.0,3574000.0,3629000.0,1267000.0,6.001E7,6.007E7,
6819000.0,3440000.0,2092000.0,7278000.0,3706000.0,696300.0,3535000.0,3566000.0,3682000.0,1269000.0,6.001E7,6.001E7,
6665000.0,3433000.0,2096000.0,7288000.0,3706000.0,696300.0,3535000.0,3626000.0,3622000.0,1270000.0,6.001E7,6.012E7,
6798000.0,3415000.0,2096000.0,7270000.0,3648000.0,696300.0,3535000.0,3706000.0,3641000.0,1277000.0,6.001E7,6.002E7,
6703000.0,3444000.0,2098000.0,7266000.0,3639000.0,690300.0,3541000.0,3721000.0,3619000.0,1278000.0,6.001E7,6.006E7,
6764000.0,3429000.0,2104000.0,7284000.0,3571000.0,692500.0,3555000.0,3741000.0,3698000.0,1272000.0,6.001E7,6.0E7,
6787000.0,3420000.0,2108000.0,7273000.0,3556000.0,692500.0,3555000.0,3810000.0,3640000.0,1275000.0,6.001E7,5.997E7,
6720000.0,3402000.0,2111000.0,7306000.0,3522000.0,692500.0,3581000.0,3794000.0,3608000.0,1280000.0,6.001E7,6.0E7,
6740000.0,3406000.0,2102000.0,7290000.0,3496000.0,692500.0,3597000.0,3779000.0,3626000.0,1282000.0,6.001E7,6.0E7,
6684000.0,3408000.0,2102000.0,7295000.0,3488000.0,694300.0,3590000.0,3802000.0,3603000.0,1282000.0,6.001E7,6.003E7,
6639000.0,3415000.0,2107000.0,7303000.0,3475000.0,700300.0,3590000.0,3837000.0,3562000.0,1281000.0,6.001E7,6.004E7,
6588000.0,3435000.0,2108000.0,7287000.0,3424000.0,704800.0,4773000.0,2670000.0,3533000.0,1282000.0,6.001E7,6.01E7,
6477000.0,3405000.0,2106000.0,7224000.0,3402000.0,720800.0,4757000.0,2670000.0,3533000.0,1279000.0,6.001E7,6.028E7,
6447000.0,3396000.0,2109000.0,7206000.0,3319000.0,720800.0,4757000.0,2794000.0,3410000.0,1278000.0,6.001E7,6.037E7,
6420000.0,3378000.0,2110000.0,7188000.0,3291000.0,713300.0,4757000.0,2804000.0,3375000.0,1279000.0,6.001E7,6.041E7,
6817000.0,3379000.0,2114000.0,7197000.0,3215000.0,707100.0,4757000.0,2816000.0,3510000.0,1280000.0,6.001E7,6.003E7,
6726000.0,3393000.0,2118000.0,7217000.0,3182000.0,707100.0,4757000.0,2845000.0,3481000.0,1279000.0,6.001E7,6.009E7,
6821000.0,3393000.0,2119000.0,7201000.0,3150000.0,707100.0,4765000.0,2847000.0,3536000.0,1279000.0,6.001E7,6.001E7,
6820000.0,3381000.0,2121000.0,7203000.0,3137000.0,707100.0,4765000.0,2879000.0,3517000.0,1282000.0,6.001E7,6.0E7,
6757000.0,3377000.0,2125000.0,7231000.0,3124000.0,707100.0,4765000.0,2891000.0,3487000.0,1283000.0,6.001E7,6.004E7,
6777000.0,3373000.0,2127000.0,7218000.0,3124000.0,707100.0,4765000.0,2922000.0,3709000.0,1285000.0,6.001E7,6.0E7,
6745000.0,3366000.0,2131000.0,7216000.0,3112000.0,707100.0,4765000.0,2948000.0,3683000.0,1285000.0,6.001E7,6.001E7,
6665000.0,3359000.0,2132000.0,7259000.0,3125000.0,693800.0,4765000.0,2984000.0,3690000.0,1286000.0,6.001E7,6.003E7,
6685000.0,3357000.0,2135000.0,7262000.0,3112000.0,693800.0,4765000.0,3034000.0,3690000.0,1285000.0,6.001E7,6.0E7,
6626000.0,3359000.0,2137000.0,7274000.0,3108000.0,683800.0,4783000.0,3026000.0,3679000.0,1287000.0,6.001E7,6.001E7,
6555000.0,3357000.0,2140000.0,7277000.0,3079000.0,683800.0,4792000.0,3104000.0,3592000.0,1285000.0,6.001E7,6.007E7,
6617000.0,3350000.0,2132000.0,7281000.0,3066000.0,683700.0,4792000.0,3139000.0,3649000.0,1285000.0,6.001E7,6.0E7,
6561000.0,3354000.0,2132000.0,7298000.0,3066000.0,683700.0,4792000.0,3194000.0,3594000.0,1285000.0,6.001E7,6.0E7,
6512000.0,3361000.0,2133000.0,7299000.0,3036000.0,681500.0,4794000.0,3226000.0,3555000.0,1285000.0,6.001E7,6.003E7,
6484000.0,3354000.0,2137000.0,7311000.0,3014000.0,681500.0,6042000.0,2005000.0,3529000.0,1288000.0,6.001E7,6.005E7,
6525000.0,3349000.0,2129000.0,7293000.0,3006000.0,673500.0,6051000.0,2014000.0,3558000.0,1289000.0,6.001E7,6.002E7,
6518000.0,3344000.0,2132000.0,7308000.0,2989000.0,680600.0,6044000.0,2035000.0,3593000.0,1289000.0,6.001E7,6.001E7,
6481000.0,3347000.0,2134000.0,7316000.0,2985000.0,679600.0,6042000.0,2033000.0,3593000.0,1291000.0,6.001E7,6.003E7,
6451000.0,3343000.0,2133000.0,7321000.0,2945000.0,679600.0,6042000.0,2193000.0,3433000.0,1291000.0,6.001E7,6.008E7,
6431000.0,3350000.0,2133000.0,7312000.0,2922000.0,679600.0,6042000.0,2206000.0,3379000.0,1292000.0,6.001E7,6.01E7,
6511000.0,3350000.0,2133000.0,7323000.0,2880000.0,678000.0,6042000.0,2233000.0,3523000.0,1293000.0,6.001E7,6.0E7,
6464000.0,3370000.0,2131000.0,7309000.0,2840000.0,680400.0,6038000.0,2267000.0,3490000.0,1289000.0,6.001E7,6.005E7,
6410000.0,3364000.0,2134000.0,7317000.0,2840000.0,680400.0,6048000.0,2283000.0,3440000.0,1294000.0,6.001E7,6.005E7,
6462000.0,3374000.0,2139000.0,7300000.0,2832000.0,675100.0,6048000.0,2294000.0,3486000.0,1290000.0,6.001E7,5.997E7,
6392000.0,3390000.0,2142000.0,7293000.0,2832000.0,687000.0,6042000.0,2334000.0,3553000.0,1296000.0,6.001E7,5.999E7,
6303000.0,3392000.0,2146000.0,7334000.0,2816000.0,699100.0,6030000.0,2374000.0,3512000.0,1295000.0,6.001E7,6.002E7,
6266000.0,3382000.0,2149000.0,7343000.0,2787000.0,705100.0,6024000.0,2431000.0,3546000.0,1295000.0,6.001E7,6.007E7,
6228000.0,3378000.0,2149000.0,7382000.0,2787000.0,705100.0,6036000.0,2438000.0,3546000.0,1296000.0,6.001E7,6.001E7,
6192000.0,3388000.0,2150000.0,7382000.0,2793000.0,705100.0,6036000.0,2506000.0,3472000.0,1296000.0,6.001E7,6.001E7,
6139000.0,3402000.0,2154000.0,7369000.0,2767000.0,705100.0,6036000.0,2506000.0,3460000.0,1291000.0,6.001E7,6.006E7,
6246000.0,3389000.0,2157000.0,7343000.0,2735000.0,705000.0,6042000.0,2542000.0,3587000.0,1289000.0,6.001E7,5.996E7,
6195000.0,3386000.0,2158000.0,7354000.0,2722000.0,717100.0,6030000.0,2553000.0,3711000.0,1291000.0,6.001E7,5.998E7,
6181000.0,3375000.0,2160000.0,7358000.0,2722000.0,717100.0,6036000.0,2576000.0,3726000.0,1294000.0,6.001E7,5.998E7,
6110000.0,3397000.0,2163000.0,7355000.0,2712000.0,730600.0,6020000.0,2610000.0,3674000.0,1299000.0,6.001E7,6.001E7,
6099000.0,3391000.0,2163000.0,7352000.0,2692000.0,737300.0,6010000.0,2706000.0,3578000.0,1304000.0,6.001E7,6.003E7,
6060000.0,3388000.0,2166000.0,7367000.0,2692000.0,743300.0,6004000.0,2801000.0,3483000.0,1304000.0,6.001E7,6.003E7,
6035000.0,3378000.0,2170000.0,7371000.0,2692000.0,743300.0,6013000.0,2808000.0,3450000.0,1304000.0,6.001E7,6.003E7,
6001000.0,3376000.0,2160000.0,7372000.0,2692000.0,749200.0,6007000.0,2822000.0,3436000.0,1305000.0,6.001E7,6.004E7,
5974000.0,3375000.0,2163000.0,7348000.0,2698000.0,743200.0,6007000.0,2852000.0,3407000.0,1304000.0,6.001E7,6.004E7,
5874000.0,3414000.0,2165000.0,7372000.0,2683000.0,743200.0,6007000.0,2868000.0,3390000.0,1304000.0,6.001E7,6.006E7,
5931000.0,3420000.0,2169000.0,7348000.0,2671000.0,739900.0,6007000.0,2868000.0,3426000.0,1305000.0,6.001E7,5.999E7,
5872000.0,3420000.0,2170000.0,7341000.0,2670000.0,739900.0,6007000.0,2889000.0,3381000.0,1307000.0,6.001E7,6.001E7,
5842000.0,3415000.0,2175000.0,7340000.0,2670000.0,745900.0,6007000.0,2895000.0,3369000.0,1306000.0,6.001E7,6.001E7,
5767000.0,3419000.0,2177000.0,7357000.0,2670000.0,745900.0,6007000.0,2906000.0,3358000.0,1309000.0,6.001E7,6.002E7,
5817000.0,3418000.0,2177000.0,7368000.0,2620000.0,745900.0,6007000.0,2946000.0,3351000.0,1312000.0,6.001E7,5.998E7,
5802000.0,3414000.0,2183000.0,7360000.0,2620000.0,753100.0,6006000.0,2965000.0,3370000.0,1313000.0,6.001E7,5.998E7,
5761000.0,3414000.0,2187000.0,7373000.0,2584000.0,753100.0,6017000.0,2992000.0,3332000.0,1312000.0,6.001E7,6.001E7,
5685000.0,3417000.0,2189000.0,7383000.0,2591000.0,747100.0,6025000.0,2996000.0,3307000.0,1311000.0,6.001E7,6.003E7,
5596000.0,3448000.0,2187000.0,7405000.0,2595000.0,757100.0,6009000.0,3052000.0,3237000.0,1311000.0,6.001E7,6.003E7,
5594000.0,3444000.0,2189000.0,7425000.0,2573000.0,770300.0,5996000.0,3117000.0,3232000.0,1313000.0,6.001E7,6.0E7,
5517000.0,3450000.0,2188000.0,7464000.0,2053000.0,764100.0,5994000.0,3138000.0,3259000.0,1315000.0,6.001E7,6.055E7,
5483000.0,3464000.0,2188000.0,7469000.0,2053000.0,776100.0,5982000.0,3174000.0,3222000.0,1314000.0,6.001E7,6.055E7,
5391000.0,3467000.0,2193000.0,7489000.0,2037000.0,781400.0,5977000.0,3188000.0,3199000.0,1311000.0,6.001E7,6.058E7,
5339000.0,3458000.0,2195000.0,7498000.0,2015000.0,1038000.0,5721000.0,3200000.0,3169000.0,1312000.0,6.001E7,6.06E7,
5918000.0,3465000.0,2199000.0,7482000.0,2015000.0,1038000.0,5721000.0,3211000.0,3269000.0,1313000.0,6.001E7,6.0E7,
5848000.0,3479000.0,2201000.0,7492000.0,2001000.0,1038000.0,5721000.0,3340000.0,3128000.0,1309000.0,6.001E7,6.001E7,
5841000.0,3471000.0,2201000.0,7471000.0,1983000.0,1044000.0,5738000.0,3352000.0,3093000.0,1310000.0,6.001E7,6.003E7,
5872000.0,3462000.0,2193000.0,7447000.0,1955000.0,1052000.0,5730000.0,3358000.0,3114000.0,1313000.0,6.001E7,6.003E7,
5793000.0,3469000.0,2193000.0,7462000.0,1961000.0,1046000.0,5740000.0,3365000.0,3097000.0,1315000.0,6.001E7,6.003E7,
5836000.0,3472000.0,2173000.0,7452000.0,1953000.0,1051000.0,5730000.0,3406000.0,3142000.0,1315000.0,6.001E7,6.0E7,
5818000.0,3469000.0,2173000.0,7436000.0,1961000.0,1044000.0,5730000.0,3422000.0,3126000.0,1317000.0,6.001E7,6.0E7,
5765000.0,3470000.0,2176000.0,7432000.0,1961000.0,1044000.0,7958000.0,1204000.0,3116000.0,1318000.0,6.001E7,6.001E7,
5698000.0,3476000.0,2180000.0,7455000.0,1961000.0,1044000.0,7958000.0,1246000.0,3074000.0,1322000.0,6.001E7,6.001E7,
5660000.0,3470000.0,2185000.0,7456000.0,1967000.0,1038000.0,7958000.0,1344000.0,2975000.0,1321000.0,6.001E7,6.001E7,
5714000.0,3464000.0,2186000.0,7426000.0,1932000.0,1045000.0,7951000.0,1427000.0,2961000.0,1322000.0,6.001E7,5.999E7,
5676000.0,3465000.0,2188000.0,7408000.0,1927000.0,1044000.0,7949000.0,1489000.0,2956000.0,1322000.0,6.001E7,6.0E7,
5641000.0,3464000.0,2192000.0,7425000.0,1927000.0,1044000.0,7949000.0,1523000.0,2910000.0,1323000.0,6.001E7,6.0E7,
5620000.0,3460000.0,2196000.0,7409000.0,1927000.0,1044000.0,7955000.0,1556000.0,2871000.0,1320000.0,6.001E7,6.0E7,
5581000.0,3455000.0,2196000.0,7427000.0,1927000.0,1058000.0,7942000.0,1569000.0,2858000.0,1320000.0,6.001E7,6.0E7,
5580000.0,3463000.0,2186000.0,7438000.0,1927000.0,1058000.0,7942000.0,1582000.0,2864000.0,1318000.0,6.001E7,5.995E7,
5547000.0,3449000.0,2190000.0,7437000.0,1922000.0,7060000.0,1948000.0,1575000.0,2846000.0,1317000.0,6.001E7,5.996E7,
5537000.0,3446000.0,2196000.0,7414000.0,1922000.0,7060000.0,1948000.0,1609000.0,2812000.0,1312000.0,6.001E7,5.996E7,
5499000.0,3447000.0,2201000.0,7398000.0,1922000.0,7060000.0,1958000.0,1625000.0,2787000.0,1313000.0,6.001E7,5.998E7,
5469000.0,3444000.0,2205000.0,7408000.0,1908000.0,7060000.0,1976000.0,1606000.0,2765000.0,1310000.0,6.001E7,5.999E7,
5432000.0,3450000.0,2212000.0,7402000.0,1886000.0,7060000.0,1976000.0,1632000.0,2739000.0,1311000.0,6.001E7,6.001E7,
5401000.0,3453000.0,2214000.0,7394000.0,1866000.0,7054000.0,1976000.0,1679000.0,2645000.0,1310000.0,6.001E7,6.004E7,
5417000.0,3449000.0,2188000.0,7386000.0,1852000.0,7054000.0,1976000.0,1710000.0,2728000.0,1310000.0,6.001E7,6.005E7,
5477000.0,3449000.0,2191000.0,7394000.0,1835000.0,7053000.0,1975000.0,1771000.0,2876000.0,1312000.0,6.001E7,5.999E7,
5500000.0,3442000.0,2194000.0,7391000.0,1808000.0,7053000.0,1975000.0,1784000.0,3055000.0,1313000.0,6.001E7,5.998E7,
5457000.0,3442000.0,2196000.0,7372000.0,1808000.0,7053000.0,1975000.0,1784000.0,3267000.0,1315000.0,6.001E7,6.0E7,
5435000.0,3435000.0,2199000.0,7352000.0,1808000.0,7053000.0,1975000.0,1778000.0,3320000.0,1320000.0,6.001E7,6.0E7,
5411000.0,3437000.0,2200000.0,7326000.0,1793000.0,7053000.0,1975000.0,1885000.0,3282000.0,1322000.0,6.001E7,6.001E7,
5362000.0,3467000.0,2201000.0,7313000.0,1798000.0,7047000.0,1981000.0,1891000.0,3246000.0,1322000.0,6.001E7,6.001E7,
5349000.0,3494000.0,2204000.0,7300000.0,1790000.0,7041000.0,1986000.0,1931000.0,3197000.0,1323000.0,6.001E7,6.0E7,
5298000.0,3515000.0,2204000.0,7300000.0,1790000.0,7041000.0,1992000.0,1925000.0,3197000.0,1322000.0,6.001E7,6.0E7,
5272000.0,3503000.0,2208000.0,7287000.0,1790000.0,7041000.0,1992000.0,1971000.0,3152000.0,1324000.0,6.001E7,6.0E7,
5248000.0,3506000.0,2214000.0,7266000.0,1775000.0,7041000.0,1992000.0,2134000.0,3100000.0,1320000.0,6.001E7,6.001E7,
5208000.0,3498000.0,2192000.0,7273000.0,1781000.0,7035000.0,1992000.0,2134000.0,3100000.0,1326000.0,6.001E7,6.005E7,
5168000.0,3521000.0,2171000.0,7253000.0,1787000.0,7028000.0,2002000.0,2142000.0,3082000.0,1327000.0,6.001E7,6.007E7,
5122000.0,3545000.0,2173000.0,7259000.0,1771000.0,7028000.0,2002000.0,2156000.0,3068000.0,1327000.0,6.001E7,6.009E7,
5046000.0,3570000.0,2164000.0,7281000.0,1771000.0,7027000.0,2006000.0,2151000.0,3068000.0,1325000.0,6.001E7,6.011E7,
5021000.0,3578000.0,2168000.0,7281000.0,1758000.0,7027000.0,2006000.0,2179000.0,3040000.0,1324000.0,6.001E7,6.012E7,
4989000.0,3604000.0,2157000.0,7270000.0,1758000.0,7027000.0,2006000.0,2206000.0,3013000.0,1323000.0,6.001E7,6.013E7,
5093000.0,3613000.0,2160000.0,7260000.0,1764000.0,7028000.0,1999000.0,2248000.0,3124000.0,1323000.0,6.001E7,6.001E7,
5069000.0,3605000.0,2166000.0,7267000.0,2692000.0,6100000.0,2009000.0,2239000.0,3123000.0,1324000.0,6.001E7,6.001E7,
5043000.0,3611000.0,2165000.0,7258000.0,2692000.0,6100000.0,2009000.0,2239000.0,3176000.0,1324000.0,6.001E7,6.0E7,
5008000.0,3601000.0,2167000.0,7236000.0,2692000.0,6108000.0,2001000.0,2255000.0,3232000.0,1325000.0,6.001E7,6.002E7,
4994000.0,3593000.0,2169000.0,7209000.0,2684000.0,6108000.0,2001000.0,2272000.0,3215000.0,1327000.0,6.001E7,6.003E7,
5030000.0,3594000.0,2172000.0,7198000.0,2690000.0,6102000.0,2001000.0,2272000.0,3278000.0,1329000.0,6.001E7,5.997E7,
4990000.0,3590000.0,2177000.0,7205000.0,2667000.0,6102000.0,2017000.0,2273000.0,3261000.0,1327000.0,6.001E7,6.0E7,
4938000.0,3594000.0,2169000.0,7241000.0,2653000.0,6095000.0,2017000.0,2273000.0,3261000.0,1328000.0,6.001E7,6.003E7,
4923000.0,3596000.0,2172000.0,7228000.0,2568000.0,6095000.0,2017000.0,2279000.0,3255000.0,1326000.0,6.001E7,6.012E7,
4872000.0,3590000.0,2178000.0,7262000.0,2549000.0,6084000.0,2017000.0,2342000.0,3192000.0,1327000.0,6.001E7,6.014E7,
4849000.0,3590000.0,2177000.0,7247000.0,2507000.0,6084000.0,2017000.0,2342000.0,3179000.0,1332000.0,6.001E7,6.019E7,
4761000.0,3594000.0,2176000.0,7266000.0,2415000.0,6084000.0,2022000.0,2347000.0,3168000.0,1337000.0,6.001E7,6.029E7,
4738000.0,3588000.0,2177000.0,7249000.0,2399000.0,6084000.0,2022000.0,2365000.0,3151000.0,1340000.0,6.001E7,6.031E7,
4685000.0,3590000.0,2180000.0,7265000.0,2384000.0,6075000.0,2036000.0,2350000.0,3151000.0,1341000.0,6.001E7,6.033E7,
4997000.0,3595000.0,2183000.0,7279000.0,2362000.0,6082000.0,2039000.0,2366000.0,3304000.0,1342000.0,6.001E7,6.0E7,
4999000.0,3599000.0,2185000.0,7275000.0,2330000.0,6082000.0,2039000.0,2533000.0,3231000.0,1344000.0,6.001E7,5.999E7,
4982000.0,3588000.0,2189000.0,7272000.0,2287000.0,6082000.0,2039000.0,2544000.0,3367000.0,1345000.0,6.001E7,6.003E7,
4929000.0,3579000.0,2189000.0,7298000.0,2251000.0,6085000.0,2035000.0,2572000.0,3339000.0,1346000.0,6.001E7,6.008E7,
4901000.0,3586000.0,2179000.0,7290000.0,2211000.0,6085000.0,2035000.0,2597000.0,3314000.0,1343000.0,6.001E7,6.014E7,
5030000.0,3585000.0,2179000.0,7282000.0,2715000.0,5580000.0,2028000.0,2629000.0,3521000.0,1347000.0,6.001E7,5.999E7,
5080000.0,3576000.0,2163000.0,7277000.0,2680000.0,5586000.0,2030000.0,2634000.0,3489000.0,1349000.0,6.001E7,5.999E7,
5053000.0,3568000.0,2164000.0,7290000.0,2650000.0,5586000.0,2044000.0,2639000.0,3469000.0,1352000.0,6.001E7,6.002E7,
5007000.0,3567000.0,2166000.0,7289000.0,2643000.0,5580000.0,2044000.0,2683000.0,3426000.0,1353000.0,6.001E7,6.003E7,
5035000.0,3558000.0,2167000.0,7294000.0,2627000.0,5580000.0,2044000.0,2821000.0,3342000.0,1354000.0,6.001E7,5.998E7,
5023000.0,3548000.0,2164000.0,7306000.0,2627000.0,5580000.0,2049000.0,2867000.0,3336000.0,1354000.0,6.001E7,5.996E7,
5010000.0,3543000.0,2162000.0,7275000.0,2542000.0,5585000.0,2052000.0,2874000.0,3306000.0,1353000.0,6.001E7,6.006E7,
5091000.0,3546000.0,2150000.0,7278000.0,2516000.0,5585000.0,2051000.0,2911000.0,3413000.0,1352000.0,6.001E7,5.997E7,
5057000.0,3545000.0,2139000.0,7261000.0,2488000.0,5585000.0,2051000.0,2971000.0,3353000.0,1354000.0,6.001E7,6.003E7,
5008000.0,3546000.0,2128000.0,7264000.0,2435000.0,5592000.0,2044000.0,2988000.0,3312000.0,1354000.0,6.001E7,6.011E7,
4975000.0,3539000.0,2113000.0,7274000.0,2422000.0,5598000.0,2038000.0,3020000.0,3280000.0,1354000.0,6.001E7,6.014E7,
4925000.0,3522000.0,2098000.0,7301000.0,2396000.0,5598000.0,2038000.0,3026000.0,3274000.0,1354000.0,6.001E7,6.02E7,
4916000.0,3514000.0,2100000.0,7282000.0,2396000.0,5598000.0,2038000.0,3089000.0,3211000.0,1354000.0,6.001E7,6.02E7,
4896000.0,3505000.0,2105000.0,7271000.0,2383000.0,5602000.0,2040000.0,3083000.0,3211000.0,1353000.0,6.001E7,6.021E7,
4863000.0,3518000.0,2107000.0,7282000.0,2383000.0,5602000.0,2040000.0,3111000.0,3183000.0,1354000.0,6.001E7,6.021E7,
5073000.0,3509000.0,2112000.0,7318000.0,2348000.0,5601000.0,2049000.0,3113000.0,3310000.0,1356000.0,6.001E7,5.999E7,
5048000.0,3500000.0,2113000.0,7309000.0,2348000.0,5601000.0,2049000.0,3137000.0,3244000.0,1358000.0,6.001E7,5.999E7,
5029000.0,3509000.0,2114000.0,7298000.0,2320000.0,5601000.0,2049000.0,3182000.0,3199000.0,1359000.0,6.001E7,6.001E7,
5050000.0,3515000.0,2097000.0,7294000.0,2318000.0,5595000.0,2054000.0,3190000.0,3195000.0,1356000.0,6.001E7,6.0E7,
5032000.0,3519000.0,2085000.0,7284000.0,2290000.0,5595000.0,2054000.0,3190000.0,3284000.0,1358000.0,6.001E7,6.004E7,
5045000.0,3503000.0,2086000.0,7297000.0,2201000.0,5595000.0,2060000.0,3215000.0,3283000.0,1357000.0,6.001E7,6.008E7,
5009000.0,3515000.0,2094000.0,7296000.0,2173000.0,5610000.0,2045000.0,3250000.0,3248000.0,1355000.0,6.001E7,6.011E7,
5001000.0,3509000.0,2097000.0,7295000.0,2160000.0,5610000.0,2050000.0,3243000.0,3193000.0,1357000.0,6.001E7,6.012E7,
5124000.0,3512000.0,2098000.0,7292000.0,2147000.0,5610000.0,2050000.0,3275000.0,3238000.0,1356000.0,6.001E7,5.997E7,
5084000.0,3506000.0,2101000.0,7294000.0,2147000.0,5610000.0,2050000.0,3301000.0,3212000.0,1356000.0,6.001E7,5.997E7,
5056000.0,3514000.0,2103000.0,7272000.0,2159000.0,5604000.0,2054000.0,3290000.0,3188000.0,1357000.0,6.001E7,5.997E7,
5023000.0,3516000.0,2090000.0,7258000.0,2159000.0,5604000.0,2054000.0,3296000.0,3221000.0,1354000.0,6.001E7,5.999E7,
5012000.0,3513000.0,2092000.0,7236000.0,2159000.0,5604000.0,2054000.0,3324000.0,3177000.0,1353000.0,6.001E7,5.999E7,
4971000.0,3508000.0,2096000.0,7215000.0,2159000.0,5604000.0,2059000.0,3388000.0,3108000.0,1352000.0,6.001E7,6.0E7,
4894000.0,3506000.0,2094000.0,7264000.0,2151000.0,5604000.0,2059000.0,3388000.0,3108000.0,1352000.0,6.001E7,6.003E7,
4916000.0,3502000.0,2097000.0,7252000.0,2145000.0,5620000.0,2060000.0,3416000.0,3134000.0,1352000.0,6.001E7,6.001E7,
4969000.0,3500000.0,2099000.0,7249000.0,2151000.0,5619000.0,2070000.0,3401000.0,3252000.0,1354000.0,6.001E7,5.994E7,
4938000.0,3487000.0,2103000.0,7265000.0,2151000.0,5619000.0,2535000.0,2985000.0,3296000.0,1353000.0,6.001E7,5.994E7,
4908000.0,3478000.0,2105000.0,7259000.0,2151000.0,5619000.0,2535000.0,3031000.0,3295000.0,1352000.0,6.001E7,5.996E7,
4893000.0,3466000.0,2108000.0,7251000.0,2151000.0,5625000.0,2529000.0,3087000.0,3239000.0,1350000.0,6.001E7,5.996E7,
4850000.0,3454000.0,2110000.0,7272000.0,2119000.0,5625000.0,2529000.0,3087000.0,3177000.0,1351000.0,6.001E7,6.001E7,
4862000.0,3465000.0,2116000.0,7279000.0,3007000.0,4722000.0,2543000.0,3091000.0,3278000.0,1348000.0,6.001E7,5.997E7,
4846000.0,3467000.0,2121000.0,7273000.0,2982000.0,4725000.0,2539000.0,3136000.0,3274000.0,1348000.0,6.001E7,6.0E7,
4800000.0,3480000.0,2123000.0,7289000.0,2982000.0,4731000.0,2533000.0,3152000.0,3258000.0,1348000.0,6.001E7,6.0E7,
4790000.0,3480000.0,2128000.0,7279000.0,2966000.0,4718000.0,2533000.0,3202000.0,3208000.0,1344000.0,6.001E7,6.003E7,
4726000.0,3482000.0,2134000.0,7308000.0,2926000.0,4715000.0,3533000.0,2202000.0,3208000.0,1345000.0,6.001E7,6.007E7,
4701000.0,3481000.0,2135000.0,7290000.0,2926000.0,4753000.0,3500000.0,2223000.0,3181000.0,1347000.0,6.001E7,6.007E7,
4667000.0,3467000.0,2140000.0,7284000.0,2848000.0,4753000.0,3500000.0,2263000.0,3141000.0,1348000.0,6.001E7,6.017E7,
4896000.0,3463000.0,2143000.0,7307000.0,2770000.0,4753000.0,3500000.0,2274000.0,3254000.0,1353000.0,6.001E7,5.997E7,
4839000.0,3450000.0,2146000.0,7352000.0,2712000.0,4748000.0,3500000.0,2295000.0,3213000.0,1351000.0,6.001E7,6.003E7,
4788000.0,3438000.0,2136000.0,7374000.0,2656000.0,4747000.0,3500000.0,2358000.0,3150000.0,1351000.0,6.001E7,6.012E7,
4746000.0,3436000.0,2137000.0,7382000.0,2656000.0,4747000.0,3505000.0,2354000.0,3126000.0,1351000.0,6.001E7,6.012E7,
4692000.0,3442000.0,2141000.0,7396000.0,2585000.0,4747000.0,3505000.0,2354000.0,3114000.0,1352000.0,6.001E7,6.019E7,
4675000.0,3437000.0,2143000.0,7400000.0,2556000.0,4747000.0,3505000.0,2378000.0,3089000.0,1353000.0,6.001E7,6.022E7,
4903000.0,3433000.0,2146000.0,7405000.0,2512000.0,4747000.0,3505000.0,2405000.0,3098000.0,1352000.0,6.001E7,6.001E7,
4880000.0,3429000.0,2130000.0,7400000.0,2466000.0,4741000.0,3515000.0,2479000.0,3014000.0,1350000.0,6.001E7,6.01E7,
4996000.0,3435000.0,2132000.0,7398000.0,2445000.0,4735000.0,3515000.0,2561000.0,2992000.0,1349000.0,6.001E7,6.0E7,
4960000.0,3435000.0,2134000.0,7383000.0,2389000.0,4719000.0,3515000.0,2585000.0,3024000.0,1351000.0,6.001E7,6.01E7,
4940000.0,3435000.0,2137000.0,7380000.0,2359000.0,4719000.0,3515000.0,2596000.0,3013000.0,1351000.0,6.001E7,6.012E7,
5128000.0,3428000.0,2138000.0,7360000.0,2306000.0,4719000.0,3515000.0,2629000.0,3164000.0,1353000.0,6.001E7,5.998E7,
5114000.0,3417000.0,2143000.0,7332000.0,2298000.0,4713000.0,3515000.0,2629000.0,3141000.0,1351000.0,6.001E7,6.0E7,
5108000.0,3417000.0,2143000.0,7314000.0,2258000.0,4713000.0,3515000.0,2724000.0,3046000.0,1353000.0,6.001E7,6.004E7,
5149000.0,3427000.0,2146000.0,7344000.0,2201000.0,4713000.0,3515000.0,2799000.0,3038000.0,1354000.0,6.001E7,6.0E7,
5219000.0,3424000.0,2149000.0,7361000.0,2135000.0,4702000.0,3515000.0,2799000.0,3087000.0,1354000.0,6.001E7,5.998E7,
5181000.0,3422000.0,2152000.0,7347000.0,2094000.0,4702000.0,3525000.0,2789000.0,3087000.0,1356000.0,6.001E7,6.002E7,
5126000.0,3415000.0,2153000.0,7367000.0,2085000.0,4702000.0,3525000.0,2789000.0,3087000.0,1358000.0,6.001E7,6.004E7,
5107000.0,3404000.0,2196000.0,7362000.0,2048000.0,4702000.0,3525000.0,2807000.0,3070000.0,1332000.0,6.001E7,6.008E7,
5092000.0,3407000.0,2201000.0,7340000.0,1995000.0,4689000.0,3525000.0,2837000.0,3040000.0,1334000.0,6.001E7,6.014E7,
5027000.0,3421000.0,2203000.0,7314000.0,1989000.0,4688000.0,3550000.0,2862000.0,2990000.0,1337000.0,6.001E7,6.017E7,
5241000.0,3434000.0,2209000.0,7307000.0,1952000.0,4694000.0,3550000.0,2894000.0,3018000.0,1334000.0,6.001E7,5.998E7,
5212000.0,3445000.0,2190000.0,7281000.0,1940000.0,4685000.0,3550000.0,2942000.0,3082000.0,1336000.0,6.001E7,6.002E7,
5219000.0,3455000.0,2191000.0,7286000.0,1910000.0,4685000.0,3556000.0,2967000.0,3256000.0,1338000.0,6.001E7,6.0E7,
5211000.0,3453000.0,2171000.0,7271000.0,1892000.0,4685000.0,3562000.0,2961000.0,3282000.0,1336000.0,6.001E7,6.002E7,
5209000.0,3455000.0,2172000.0,7276000.0,1892000.0,4685000.0,3577000.0,3046000.0,3329000.0,1335000.0,6.001E7,6.0E7,
5174000.0,3443000.0,2176000.0,7268000.0,1833000.0,4685000.0,3588000.0,3057000.0,3308000.0,1336000.0,6.001E7,6.006E7,
5238000.0,3436000.0,2175000.0,7261000.0,1816000.0,4673000.0,3601000.0,3117000.0,3292000.0,1337000.0,6.001E7,6.001E7,
5209000.0,3445000.0,2161000.0,7258000.0,1774000.0,4682000.0,3586000.0,3145000.0,3249000.0,1339000.0,6.001E7,6.007E7,
5131000.0,3462000.0,2165000.0,7259000.0,1787000.0,4675000.0,3582000.0,3175000.0,3220000.0,1339000.0,6.001E7,6.009E7,
5113000.0,3468000.0,2172000.0,7243000.0,1755000.0,4681000.0,3582000.0,3180000.0,3209000.0,1340000.0,6.001E7,6.012E7,
5077000.0,3478000.0,2154000.0,7262000.0,1755000.0,4681000.0,3582000.0,3192000.0,3197000.0,1342000.0,6.001E7,6.014E7,
4980000.0,3466000.0,2157000.0,7268000.0,1734000.0,4675000.0,3588000.0,3186000.0,3197000.0,1342000.0,6.001E7,6.025E7,
5201000.0,3485000.0,2156000.0,7243000.0,1662000.0,4675000.0,3588000.0,3190000.0,3138000.0,1341000.0,6.001E7,6.008E7,
5189000.0,3477000.0,2159000.0,7220000.0,1647000.0,4675000.0,3588000.0,3202000.0,3126000.0,1346000.0,6.001E7,6.009E7,
5237000.0,3474000.0,2162000.0,7236000.0,1639000.0,4678000.0,3584000.0,3225000.0,3200000.0,1347000.0,6.001E7,6.003E7,
5221000.0,3482000.0,2164000.0,7225000.0,1645000.0,4672000.0,3590000.0,3237000.0,3182000.0,1348000.0,6.001E7,6.003E7,
5197000.0,3481000.0,2169000.0,7226000.0,1645000.0,4678000.0,3584000.0,3237000.0,3165000.0,1353000.0,6.001E7,6.003E7,
5140000.0,3484000.0,2172000.0,7209000.0,1671000.0,4638000.0,3584000.0,3262000.0,3140000.0,1352000.0,6.001E7,6.007E7,
5104000.0,3491000.0,2172000.0,7190000.0,1670000.0,4632000.0,3584000.0,3349000.0,3053000.0,1355000.0,6.001E7,6.009E7,
5203000.0,3486000.0,2171000.0,7165000.0,1646000.0,4638000.0,3584000.0,3402000.0,3055000.0,1356000.0,6.001E7,6.001E7,
5181000.0,3479000.0,2172000.0,7155000.0,1646000.0,4643000.0,3579000.0,3426000.0,3031000.0,1354000.0,6.001E7,6.001E7,
5186000.0,3478000.0,2164000.0,7159000.0,1604000.0,4637000.0,3579000.0,3442000.0,3035000.0,1351000.0,6.001E7,6.004E7,
5156000.0,3466000.0,2164000.0,7152000.0,1600000.0,4637000.0,3579000.0,3452000.0,3013000.0,1350000.0,6.001E7,6.006E7,
5151000.0,3470000.0,2165000.0,7137000.0,1593000.0,4637000.0,3573000.0,3452000.0,3013000.0,1350000.0,6.001E7,6.008E7,
5113000.0,3476000.0,2166000.0,7135000.0,1585000.0,4630000.0,3573000.0,3477000.0,2971000.0,1350000.0,6.001E7,6.011E7,
5068000.0,3487000.0,2168000.0,7123000.0,1585000.0,4630000.0,3583000.0,3497000.0,2942000.0,1350000.0,6.001E7,6.012E7,
5035000.0,3494000.0,2174000.0,7090000.0,1566000.0,4621000.0,3583000.0,3507000.0,2932000.0,1351000.0,6.001E7,6.017E7,
5175000.0,3506000.0,2178000.0,7064000.0,1566000.0,4621000.0,3592000.0,3497000.0,3030000.0,1353000.0,6.001E7,5.999E7,
5162000.0,3493000.0,2164000.0,7075000.0,1550000.0,4621000.0,3592000.0,3529000.0,2999000.0,1353000.0,6.001E7,6.003E7,
5126000.0,3481000.0,2172000.0,7076000.0,1523000.0,4621000.0,3592000.0,3568000.0,2960000.0,1351000.0,6.001E7,6.006E7,
5154000.0,3496000.0,2172000.0,7083000.0,1511000.0,4621000.0,3592000.0,3580000.0,3044000.0,1352000.0,6.001E7,6.0E7,
5137000.0,3491000.0,2176000.0,7080000.0,1511000.0,4621000.0,3592000.0,3592000.0,3032000.0,1353000.0,6.001E7,6.0E7,
5114000.0,3487000.0,2178000.0,7090000.0,1493000.0,4622000.0,3585000.0,3649000.0,2962000.0,1358000.0,6.001E7,6.002E7,
5099000.0,3485000.0,2183000.0,7109000.0,1493000.0,4622000.0,3585000.0,3649000.0,3012000.0,1358000.0,6.001E7,6.0E7,
5068000.0,3483000.0,2185000.0,7103000.0,1466000.0,4628000.0,3585000.0,3681000.0,3026000.0,1359000.0,6.001E7,6.002E7,
5016000.0,3475000.0,2186000.0,7132000.0,1462000.0,4624000.0,3579000.0,3695000.0,2975000.0,1359000.0,6.001E7,6.004E7,
5057000.0,3480000.0,2190000.0,7131000.0,1468000.0,4618000.0,3579000.0,3737000.0,3200000.0,1361000.0,6.001E7,5.998E7,
5042000.0,3470000.0,2196000.0,7130000.0,1468000.0,4618000.0,3589000.0,3792000.0,3135000.0,1362000.0,6.001E7,5.998E7,
5027000.0,3470000.0,2196000.0,7118000.0,1455000.0,4618000.0,3589000.0,3861000.0,3223000.0,1364000.0,6.001E7,5.999E7,
5001000.0,3471000.0,2199000.0,7116000.0,1455000.0,4618000.0,3589000.0,3903000.0,3235000.0,1367000.0,6.001E7,5.999E7,
4974000.0,3465000.0,2205000.0,7129000.0,1461000.0,4634000.0,3567000.0,3945000.0,3240000.0,1371000.0,6.001E7,5.999E7,
4942000.0,3463000.0,2205000.0,7151000.0,1461000.0,4634000.0,3567000.0,3968000.0,3268000.0,1373000.0,6.001E7,5.999E7,
4910000.0,3471000.0,2207000.0,7142000.0,1471000.0,4624000.0,3567000.0,4025000.0,3150000.0,1374000.0,6.001E7,5.999E7,
4880000.0,3458000.0,2210000.0,7154000.0,1475000.0,4620000.0,3572000.0,4097000.0,3073000.0,1380000.0,6.001E7,5.999E7,
4890000.0,3459000.0,2212000.0,7145000.0,1453000.0,4618000.0,3586000.0,4132000.0,3176000.0,1381000.0,6.001E7,5.998E7,
4876000.0,3454000.0,2214000.0,7136000.0,1453000.0,4618000.0,3586000.0,4148000.0,3240000.0,1382000.0,6.001E7,5.998E7,
4818000.0,3472000.0,2216000.0,7131000.0,1459000.0,4612000.0,3600000.0,4134000.0,3362000.0,1381000.0,6.001E7,6.0E7,
4806000.0,3473000.0,2220000.0,7134000.0,1457000.0,4614000.0,3594000.0,4140000.0,3406000.0,1379000.0,6.001E7,6.0E7,
4795000.0,3474000.0,2224000.0,7134000.0,1442000.0,4626000.0,3588000.0,4161000.0,3439000.0,1376000.0,6.001E7,6.001E7,
4784000.0,3506000.0,2225000.0,7099000.0,1466000.0,4614000.0,3588000.0,4170000.0,3466000.0,1377000.0,6.001E7,5.999E7,
4732000.0,3517000.0,2228000.0,7086000.0,1471000.0,4615000.0,3588000.0,4219000.0,3437000.0,1377000.0,6.001E7,6.0E7,
4699000.0,3529000.0,2230000.0,7080000.0,1471000.0,4615000.0,3593000.0,4219000.0,3431000.0,1377000.0,6.001E7,6.0E7,
4654000.0,3549000.0,2231000.0,7093000.0,1457000.0,4615000.0,3593000.0,4239000.0,3435000.0,1379000.0,6.001E7,6.0E7,
4638000.0,3549000.0,2234000.0,7101000.0,1427000.0,4615000.0,3604000.0,4229000.0,3400000.0,1379000.0,6.001E7,6.003E7,
4608000.0,3551000.0,2238000.0,7080000.0,1411000.0,4615000.0,3610000.0,4256000.0,3367000.0,1380000.0,6.001E7,6.004E7,
4626000.0,3545000.0,2242000.0,7093000.0,1411000.0,4615000.0,3622000.0,4256000.0,3562000.0,1381000.0,6.001E7,5.998E7,
4608000.0,3545000.0,2244000.0,7106000.0,1411000.0,4615000.0,3628000.0,4272000.0,3552000.0,1380000.0,6.001E7,5.998E7,
4576000.0,3542000.0,2246000.0,7102000.0,1417000.0,6507000.0,1729000.0,4296000.0,3528000.0,1376000.0,6.001E7,5.998E7,
4512000.0,3536000.0,2234000.0,7162000.0,1411000.0,6505000.0,1729000.0,4296000.0,3528000.0,1376000.0,6.001E7,6.001E7,
4499000.0,3535000.0,2239000.0,7159000.0,1397000.0,6505000.0,1729000.0,4306000.0,3518000.0,1378000.0,6.001E7,6.002E7,
4494000.0,3535000.0,2229000.0,7123000.0,1381000.0,6499000.0,1729000.0,4366000.0,3458000.0,1377000.0,6.001E7,6.006E7,
4436000.0,3550000.0,2232000.0,7127000.0,1358000.0,6499000.0,1723000.0,4366000.0,3458000.0,1375000.0,6.001E7,6.01E7,
4368000.0,3550000.0,2223000.0,7177000.0,1358000.0,6507000.0,1716000.0,4398000.0,3426000.0,1375000.0,6.001E7,6.011E7,
4499000.0,3554000.0,2225000.0,7180000.0,1330000.0,6507000.0,1716000.0,4423000.0,3424000.0,1377000.0,6.001E7,5.999E7,
4471000.0,3554000.0,2230000.0,7177000.0,1297000.0,6501000.0,1716000.0,4433000.0,3414000.0,1375000.0,6.001E7,6.005E7,
4438000.0,3547000.0,2235000.0,7169000.0,1282000.0,6501000.0,1716000.0,4433000.0,3414000.0,1374000.0,6.001E7,6.008E7,
4422000.0,3543000.0,2225000.0,7163000.0,1288000.0,6495000.0,1716000.0,4433000.0,3400000.0,1372000.0,6.001E7,6.009E7,
4406000.0,3545000.0,2210000.0,7152000.0,1288000.0,6495000.0,1716000.0,4433000.0,3400000.0,1373000.0,6.001E7,6.011E7,
4360000.0,3560000.0,2200000.0,7161000.0,1288000.0,6495000.0,1724000.0,4435000.0,3390000.0,1375000.0,6.001E7,6.012E7,
4480000.0,3554000.0,2202000.0,7157000.0,1294000.0,6489000.0,1724000.0,4435000.0,3445000.0,1374000.0,6.001E7,5.998E7,
4466000.0,3553000.0,2203000.0,7152000.0,1288000.0,6483000.0,1724000.0,4435000.0,3445000.0,1373000.0,6.001E7,5.999E7,
4458000.0,3547000.0,2208000.0,7147000.0,1294000.0,6477000.0,1732000.0,4544000.0,3328000.0,1372000.0,6.001E7,5.999E7,
4429000.0,3539000.0,2213000.0,7171000.0,1300000.0,6477000.0,1726000.0,4554000.0,3384000.0,1371000.0,6.001E7,5.999E7,
4452000.0,3535000.0,2216000.0,7156000.0,1311000.0,6466000.0,1741000.0,4562000.0,3427000.0,1373000.0,6.001E7,5.996E7,
4434000.0,3534000.0,2219000.0,7157000.0,1317000.0,6460000.0,1745000.0,4589000.0,3383000.0,1372000.0,6.001E7,5.996E7,
4372000.0,3532000.0,2207000.0,7190000.0,1317000.0,6460000.0,1751000.0,4658000.0,3295000.0,1374000.0,6.001E7,5.999E7,
4364000.0,3535000.0,2210000.0,7190000.0,1306000.0,6447000.0,1751000.0,4670000.0,3259000.0,1376000.0,6.001E7,6.001E7,
4366000.0,3533000.0,2214000.0,7190000.0,1306000.0,6447000.0,1751000.0,4720000.0,3293000.0,1377000.0,6.001E7,5.998E7,
4353000.0,3530000.0,2215000.0,7183000.0,1276000.0,6440000.0,1751000.0,4780000.0,3233000.0,1379000.0,6.001E7,6.002E7,
4341000.0,3528000.0,2215000.0,7187000.0,1276000.0,6440000.0,1751000.0,4861000.0,3227000.0,1380000.0,6.001E7,6.0E7,
4329000.0,3522000.0,2203000.0,7194000.0,1248000.0,6440000.0,1757000.0,4919000.0,3163000.0,1380000.0,6.001E7,6.005E7,
4350000.0,3518000.0,2205000.0,7212000.0,1260000.0,6435000.0,2175000.0,4522000.0,3232000.0,1383000.0,6.001E7,5.999E7,
4325000.0,3511000.0,2210000.0,7206000.0,1253000.0,6429000.0,2202000.0,4496000.0,3232000.0,1384000.0,6.001E7,6.002E7,
4303000.0,3520000.0,2217000.0,7188000.0,1245000.0,6424000.0,2208000.0,4490000.0,3232000.0,1384000.0,6.001E7,6.004E7,
4272000.0,3521000.0,2215000.0,7192000.0,1251000.0,6424000.0,2207000.0,4502000.0,3156000.0,1387000.0,6.001E7,6.004E7,
4326000.0,3529000.0,2217000.0,7180000.0,1251000.0,6424000.0,2207000.0,4502000.0,3236000.0,1384000.0,6.001E7,5.996E7,
4312000.0,3536000.0,2220000.0,7170000.0,1251000.0,6424000.0,2207000.0,4508000.0,3205000.0,1387000.0,6.003E7,5.996E7,
4239000.0,3529000.0,2223000.0,7198000.0,1218000.0,6424000.0,2207000.0,4551000.0,3217000.0,1388000.0,6.001E7,6.001E7,
4228000.0,3527000.0,2224000.0,7183000.0,1203000.0,6424000.0,2223000.0,4542000.0,3211000.0,1395000.0,6.001E7,6.003E7,
4262000.0,3519000.0,2231000.0,7174000.0,1196000.0,6418000.0,2223000.0,4610000.0,3266000.0,1395000.0,6.001E7,6.0E7,
4277000.0,3509000.0,2234000.0,7161000.0,1182000.0,6418000.0,2233000.0,4618000.0,3450000.0,1396000.0,6.001E7,5.998E7,
4257000.0,3511000.0,2238000.0,7145000.0,1182000.0,6418000.0,2233000.0,4637000.0,3430000.0,1396000.0,6.001E7,5.998E7,
4236000.0,3506000.0,2241000.0,7124000.0,1163000.0,6420000.0,2225000.0,4659000.0,3518000.0,1395000.0,6.001E7,6.001E7,
4267000.0,3505000.0,2241000.0,7116000.0,1137000.0,6414000.0,2234000.0,4740000.0,3463000.0,1400000.0,6.001E7,5.999E7,
4232000.0,3501000.0,2243000.0,7141000.0,1137000.0,6420000.0,2236000.0,4782000.0,3400000.0,1401000.0,6.001E7,5.999E7,
4233000.0,3494000.0,2242000.0,7167000.0,1435000.0,6076000.0,2243000.0,4787000.0,3515000.0,1404000.0,6.001E7,6.0E7,
4177000.0,3479000.0,2246000.0,7194000.0,1447000.0,6064000.0,2251000.0,4795000.0,3499000.0,1406000.0,6.001E7,6.001E7,
4165000.0,3490000.0,2242000.0,7211000.0,1447000.0,6077000.0,2238000.0,4795000.0,3687000.0,1401000.0,6.001E7,6.0E7,
4146000.0,3485000.0,2244000.0,7198000.0,1447000.0,6083000.0,2254000.0,4772000.0,3674000.0,1405000.0,6.002E7,6.0E7,
4123000.0,3507000.0,2247000.0,7188000.0,1440000.0,6077000.0,2262000.0,4774000.0,3664000.0,1403000.0,6.001E7,6.001E7,
4086000.0,3496000.0,2251000.0,7187000.0,1440000.0,6083000.0,2262000.0,4832000.0,3601000.0,1402000.0,6.001E7,6.003E7,
4040000.0,3491000.0,2256000.0,7205000.0,1446000.0,6077000.0,2268000.0,4884000.0,3529000.0,1405000.0,6.001E7,6.003E7,
4019000.0,3489000.0,2259000.0,7185000.0,1446000.0,6091000.0,2254000.0,4884000.0,3516000.0,1406000.0,6.001E7,6.004E7,
4061000.0,3483000.0,2263000.0,7176000.0,1458000.0,6079000.0,2254000.0,4907000.0,3534000.0,1413000.0,6.001E7,5.998E7,
4083000.0,3485000.0,2248000.0,7163000.0,1474000.0,6046000.0,2250000.0,5201000.0,3319000.0,1411000.0,6.001E7,5.998E7,
4019000.0,3492000.0,2251000.0,7196000.0,1480000.0,6066000.0,2235000.0,5189000.0,3371000.0,1412000.0,6.001E7,5.998E7,
3999000.0,3486000.0,2255000.0,7199000.0,1516000.0,6065000.0,2200000.0,5230000.0,3330000.0,1410000.0,6.001E7,5.998E7,
3965000.0,3492000.0,2259000.0,7194000.0,1529000.0,6059000.0,2193000.0,5268000.0,3293000.0,1411000.0,6.001E7,5.998E7,
3892000.0,3488000.0,2270000.0,7215000.0,1516000.0,6052000.0,2187000.0,5292000.0,3268000.0,1411000.0,6.001E7,6.003E7,
3869000.0,3481000.0,2273000.0,7213000.0,1516000.0,6072000.0,2176000.0,5300000.0,3236000.0,1411000.0,6.001E7,6.003E7,
3838000.0,3492000.0,2279000.0,7188000.0,1539000.0,6320000.0,1899000.0,5353000.0,3177000.0,1415000.0,6.001E7,6.004E7,
3818000.0,3489000.0,2283000.0,7192000.0,1541000.0,6335000.0,1875000.0,5356000.0,3167000.0,1414000.0,6.001E7,6.006E7,
3776000.0,3503000.0,2285000.0,7170000.0,1571000.0,6317000.0,1874000.0,5393000.0,3119000.0,1418000.0,6.001E7,6.006E7,
3855000.0,3500000.0,2291000.0,7150000.0,1607000.0,6293000.0,1868000.0,5409000.0,3267000.0,1416000.0,6.001E7,5.996E7,
3813000.0,3517000.0,2294000.0,7162000.0,1588000.0,6269000.0,1881000.0,5452000.0,3211000.0,1416000.0,6.001E7,6.001E7,
3784000.0,3516000.0,2296000.0,7162000.0,1792000.0,6071000.0,1881000.0,5456000.0,3173000.0,1419000.0,6.001E7,6.001E7,
3757000.0,3518000.0,2299000.0,7154000.0,1816000.0,6579000.0,1348000.0,5462000.0,3167000.0,1418000.0,6.001E7,6.001E7,
3747000.0,3507000.0,2290000.0,7140000.0,1821000.0,6567000.0,1348000.0,5523000.0,3171000.0,1420000.0,6.001E7,6.0E7,
3731000.0,3508000.0,2293000.0,7141000.0,1863000.0,6531000.0,1342000.0,5529000.0,3162000.0,1424000.0,6.001E7,5.999E7,
3711000.0,3520000.0,2293000.0,7116000.0,1853000.0,6501000.0,1360000.0,5511000.0,3205000.0,1426000.0,6.001E7,6.003E7,
3686000.0,3526000.0,2293000.0,7106000.0,1846000.0,6489000.0,1348000.0,5537000.0,3158000.0,1430000.0,6.001E7,6.007E7,
3652000.0,3521000.0,2298000.0,7103000.0,1885000.0,6451000.0,1341000.0,5546000.0,3147000.0,1436000.0,6.001E7,6.009E7,
3633000.0,3521000.0,2289000.0,7092000.0,1883000.0,6428000.0,1341000.0,5546000.0,3147000.0,1437000.0,6.001E7,6.013E7,
3594000.0,3524000.0,2293000.0,7075000.0,1867000.0,6398000.0,1381000.0,5526000.0,3084000.0,1440000.0,6.001E7,6.019E7,
3801000.0,3515000.0,2282000.0,7067000.0,1864000.0,6363000.0,1375000.0,5546000.0,3126000.0,1444000.0,6.001E7,6.003E7,
3821000.0,3509000.0,2284000.0,7057000.0,1924000.0,6309000.0,1381000.0,5617000.0,3143000.0,1442000.0,6.001E7,6.0E7,
3813000.0,3506000.0,2285000.0,7041000.0,1954000.0,6284000.0,1375000.0,5626000.0,3134000.0,1442000.0,6.001E7,6.0E7,
3784000.0,3516000.0,2286000.0,7038000.0,1978000.0,6266000.0,1381000.0,5640000.0,3076000.0,1442000.0,6.001E7,6.0E7,
3761000.0,3519000.0,2270000.0,7034000.0,2015000.0,6243000.0,1394000.0,5637000.0,3034000.0,1441000.0,6.001E7,6.002E7,
3760000.0,3526000.0,2271000.0,7038000.0,2050000.0,6226000.0,1376000.0,5692000.0,2950000.0,1443000.0,6.001E7,5.999E7,
3754000.0,3527000.0,2257000.0,7042000.0,2069000.0,6190000.0,1407000.0,5672000.0,2916000.0,1442000.0,6.001E7,6.002E7,
3746000.0,3521000.0,2236000.0,7027000.0,2100000.0,6153000.0,1402000.0,5730000.0,2845000.0,1449000.0,6.001E7,6.007E7,
3719000.0,3516000.0,2240000.0,7046000.0,2130000.0,6128000.0,1409000.0,5727000.0,2835000.0,1449000.0,6.001E7,6.007E7,
3712000.0,3509000.0,2231000.0,7043000.0,2213000.0,6050000.0,1420000.0,5794000.0,2736000.0,1449000.0,6.001E7,6.008E7,
3664000.0,3519000.0,2235000.0,7063000.0,2249000.0,6020000.0,1414000.0,5800000.0,2715000.0,1449000.0,6.001E7,6.008E7,
3658000.0,3518000.0,2235000.0,7058000.0,2328000.0,5960000.0,1405000.0,5828000.0,2679000.0,1450000.0,6.001E7,6.008E7,
3737000.0,3523000.0,2237000.0,7059000.0,2350000.0,5901000.0,1402000.0,5872000.0,2685000.0,1450000.0,6.001E7,6.004E7,
3710000.0,3518000.0,2218000.0,7080000.0,2397000.0,5816000.0,1396000.0,5872000.0,2685000.0,1450000.0,6.001E7,6.011E7,
3840000.0,3510000.0,2214000.0,7077000.0,2417000.0,5780000.0,1396000.0,5872000.0,2743000.0,1450000.0,6.001E7,5.999E7,
3823000.0,3500000.0,2216000.0,7058000.0,2405000.0,5762000.0,1390000.0,5907000.0,2681000.0,1455000.0,6.001E7,6.003E7,
3780000.0,3485000.0,2221000.0,7049000.0,2446000.0,5739000.0,1372000.0,5907000.0,2659000.0,1454000.0,6.001E7,6.005E7,
3825000.0,3480000.0,2226000.0,7061000.0,2486000.0,5715000.0,1342000.0,5929000.0,2730000.0,1455000.0,6.001E7,5.999E7,
3812000.0,3482000.0,2229000.0,7050000.0,2497000.0,5737000.0,1302000.0,6000000.0,2716000.0,1454000.0,6.001E7,6.0E7,
3781000.0,3496000.0,2229000.0,7053000.0,2546000.0,5675000.0,1306000.0,6029000.0,2678000.0,1459000.0,6.001E7,6.002E7,
3850000.0,3493000.0,2230000.0,7059000.0,2555000.0,5966000.0,954800.0,6088000.0,2617000.0,1460000.0,6.001E7,5.998E7,
3916000.0,3496000.0,2239000.0,7072000.0,2503000.0,5941000.0,948700.0,6097000.0,2755000.0,1453000.0,6.001E7,5.997E7,
3899000.0,3495000.0,2244000.0,7059000.0,2475000.0,5898000.0,948700.0,6109000.0,2731000.0,1451000.0,6.001E7,6.004E7,
3883000.0,3491000.0,2247000.0,7046000.0,2511000.0,5862000.0,948700.0,6203000.0,2637000.0,1450000.0,6.001E7,6.004E7,
4070000.0,3486000.0,2247000.0,7046000.0,2436000.0,5858000.0,922000.0,6203000.0,2654000.0,1452000.0,6.001E7,5.996E7,
4078000.0,3499000.0,2248000.0,7049000.0,2468000.0,5796000.0,909900.0,6203000.0,2772000.0,1456000.0,6.001E7,5.997E7,
4050000.0,3487000.0,2254000.0,7068000.0,2472000.0,5785000.0,897800.0,6207000.0,3039000.0,1456000.0,6.001E7,6.0E7,
3983000.0,3497000.0,2260000.0,7075000.0,2503000.0,5731000.0,909800.0,6353000.0,2856000.0,1452000.0,6.001E7,6.005E7,
3965000.0,3495000.0,2264000.0,7069000.0,2504000.0,5691000.0,925500.0,6347000.0,2846000.0,1454000.0,6.001E7,6.009E7,
3960000.0,3491000.0,2266000.0,7053000.0,2526000.0,5637000.0,919100.0,6370000.0,2823000.0,1456000.0,6.001E7,6.013E7,
3927000.0,3493000.0,2269000.0,7073000.0,2544000.0,5578000.0,938200.0,6426000.0,2748000.0,1455000.0,6.001E7,6.017E7,
3902000.0,3497000.0,2274000.0,7080000.0,2538000.0,5545000.0,926100.0,6437000.0,2725000.0,1453000.0,6.001E7,6.022E7,
4116000.0,3492000.0,2274000.0,7068000.0,2616000.0,5472000.0,920000.0,6462000.0,2730000.0,1455000.0,6.001E7,5.999E7,
4162000.0,3491000.0,2275000.0,7050000.0,2632000.0,5382000.0,918500.0,6462000.0,2739000.0,1456000.0,6.001E7,6.001E7,
4114000.0,3482000.0,2273000.0,7045000.0,2637000.0,5340000.0,928100.0,6456000.0,2715000.0,1457000.0,6.001E7,6.007E7,
4094000.0,3481000.0,2279000.0,7040000.0,2667000.0,5293000.0,928100.0,6509000.0,2637000.0,1456000.0,6.001E7,6.009E7,
4185000.0,3478000.0,2283000.0,7041000.0,2716000.0,5245000.0,928100.0,6600000.0,2680000.0,1456000.0,6.001E7,5.999E7,
4220000.0,3486000.0,2272000.0,7032000.0,2728000.0,5210000.0,936200.0,6602000.0,2785000.0,1457000.0,6.001E7,5.997E7,
4175000.0,3490000.0,2272000.0,7038000.0,2738000.0,5150000.0,924100.0,6602000.0,2772000.0,1457000.0,6.001E7,6.003E7,
4154000.0,3482000.0,2267000.0,7032000.0,2675000.0,5095000.0,924000.0,6602000.0,2772000.0,1456000.0,6.001E7,6.015E7,
4145000.0,3479000.0,2268000.0,7028000.0,2668000.0,5089000.0,911900.0,6613000.0,2761000.0,1455000.0,6.001E7,6.018E7,
4141000.0,3477000.0,2270000.0,7017000.0,2678000.0,5084000.0,892700.0,6633000.0,2741000.0,1455000.0,6.001E7,6.019E7,
4372000.0,3466000.0,2275000.0,7017000.0,2711000.0,5042000.0,892700.0,6637000.0,2753000.0,1452000.0,6.001E7,5.996E7,
4361000.0,3457000.0,2280000.0,7020000.0,2668000.0,5012000.0,898700.0,6692000.0,2692000.0,1456000.0,6.001E7,6.003E7,
4346000.0,3456000.0,2282000.0,7014000.0,3203000.0,4422000.0,898600.0,6702000.0,2669000.0,1455000.0,6.001E7,6.009E7,
4332000.0,3449000.0,2287000.0,6997000.0,3139000.0,4370000.0,880600.0,6762000.0,2608000.0,1458000.0,6.001E7,6.022E7,
4324000.0,3445000.0,2291000.0,6990000.0,3040000.0,4346000.0,874500.0,6762000.0,2608000.0,1457000.0,6.001E7,6.035E7,
4287000.0,3440000.0,2291000.0,7008000.0,2915000.0,4333000.0,877600.0,6769000.0,2579000.0,1459000.0,6.001E7,6.05E7,
4265000.0,3443000.0,2296000.0,6995000.0,2886000.0,4309000.0,877600.0,6779000.0,2569000.0,1456000.0,6.001E7,6.056E7,
4236000.0,3440000.0,2300000.0,7019000.0,2849000.0,4303000.0,877600.0,6773000.0,2545000.0,1456000.0,6.001E7,6.061E7,
4857000.0,3448000.0,2300000.0,7017000.0,2806000.0,4293000.0,872700.0,6756000.0,2720000.0,1459000.0,6.001E7,6.004E7,
4901000.0,3452000.0,2305000.0,7011000.0,2714000.0,4287000.0,884800.0,6729000.0,2754000.0,1461000.0,6.001E7,6.01E7,
4895000.0,3445000.0,2312000.0,7008000.0,2515000.0,4287000.0,860700.0,6743000.0,2716000.0,1465000.0,6.001E7,6.033E7,
4863000.0,3449000.0,2291000.0,7001000.0,2537000.0,4240000.0,870200.0,6737000.0,2667000.0,1467000.0,6.001E7,6.04E7,
4856000.0,3450000.0,2293000.0,6996000.0,2513000.0,4204000.0,876200.0,6767000.0,2626000.0,1467000.0,6.001E7,6.047E7,
4834000.0,3453000.0,2296000.0,6994000.0,2519000.0,4144000.0,897200.0,6763000.0,2596000.0,1466000.0,6.001E7,6.052E7,
4793000.0,3459000.0,2301000.0,7006000.0,2490000.0,4142000.0,889900.0,6767000.0,2544000.0,1463000.0,6.001E7,6.058E7,
4752000.0,3470000.0,2304000.0,7008000.0,2519000.0,4123000.0,880000.0,6767000.0,2531000.0,1463000.0,6.001E7,6.058E7,
4732000.0,3469000.0,2307000.0,6970000.0,2529000.0,4104000.0,886100.0,6761000.0,2518000.0,1462000.0,6.001E7,6.06E7,
4696000.0,3484000.0,2308000.0,6979000.0,2489000.0,4099000.0,904200.0,6759000.0,2476000.0,1458000.0,6.001E7,6.065E7,
5293000.0,3515000.0,2315000.0,6976000.0,2491000.0,4081000.0,886100.0,6788000.0,2584000.0,1455000.0,6.001E7,6.002E7,
5302000.0,3514000.0,2317000.0,6969000.0,2442000.0,4076000.0,868000.0,6821000.0,2557000.0,1457000.0,6.001E7,6.006E7,
5264000.0,3502000.0,2324000.0,6961000.0,2426000.0,4057000.0,877600.0,6828000.0,2510000.0,1458000.0,6.001E7,6.01E7,
5246000.0,3496000.0,2327000.0,6935000.0,2413000.0,4041000.0,865600.0,6846000.0,2466000.0,1460000.0,6.001E7,6.015E7,
5415000.0,3502000.0,2336000.0,6933000.0,2393000.0,4006000.0,1135000.0,6687000.0,2492000.0,1455000.0,6.001E7,6.001E7,
5434000.0,3493000.0,2341000.0,6923000.0,2429000.0,3970000.0,1147000.0,6686000.0,2524000.0,1455000.0,6.001E7,5.998E7,
5396000.0,3493000.0,2341000.0,6927000.0,2634000.0,3679000.0,4011000.0,3874000.0,2458000.0,1455000.0,6.001E7,6.009E7,
5361000.0,3502000.0,2343000.0,6917000.0,2613000.0,3667000.0,4011000.0,3908000.0,2418000.0,1456000.0,6.001E7,6.015E7,
5547000.0,3495000.0,2345000.0,6922000.0,2605000.0,3649000.0,4018000.0,3947000.0,2421000.0,1459000.0,6.001E7,5.998E7,
5501000.0,3503000.0,2346000.0,6933000.0,3092000.0,3118000.0,4018000.0,3959000.0,2403000.0,1463000.0,6.001E7,6.003E7,
5492000.0,3499000.0,2351000.0,6933000.0,3074000.0,3098000.0,4024000.0,3979000.0,2355000.0,1463000.0,6.001E7,6.007E7,
5453000.0,3506000.0,2354000.0,6917000.0,2976000.0,3074000.0,4034000.0,3978000.0,2334000.0,1460000.0,6.001E7,6.02E7,
5405000.0,3512000.0,2358000.0,6904000.0,2968000.0,3046000.0,4039000.0,3973000.0,2310000.0,1461000.0,6.001E7,6.024E7,
5355000.0,3502000.0,2358000.0,6918000.0,2973000.0,2996000.0,4038000.0,3963000.0,2286000.0,1462000.0,6.001E7,6.029E7,
5635000.0,3500000.0,2358000.0,6913000.0,2760000.0,2974000.0,4045000.0,3956000.0,2304000.0,1463000.0,6.001E7,6.025E7,
5943000.0,3483000.0,2344000.0,6920000.0,2730000.0,2962000.0,4045000.0,3973000.0,2409000.0,1460000.0,6.001E7,5.996E7,
5872000.0,3482000.0,2346000.0,6981000.0,2733000.0,2944000.0,4045000.0,3973000.0,2409000.0,1460000.0,6.001E7,5.998E7,
5839000.0,3478000.0,2347000.0,6985000.0,2711000.0,2955000.0,4038000.0,3975000.0,2403000.0,1462000.0,6.001E7,6.001E7,
5802000.0,3476000.0,2351000.0,6989000.0,2710000.0,2926000.0,4047000.0,3966000.0,2403000.0,1464000.0,6.001E7,6.004E7,
5851000.0,3469000.0,2353000.0,6996000.0,2740000.0,2907000.0,4035000.0,3966000.0,2450000.0,1466000.0,6.001E7,5.997E7,
5842000.0,3468000.0,2357000.0,6971000.0,2675000.0,2903000.0,4035000.0,3966000.0,2450000.0,1467000.0,6.001E7,6.004E7,
5810000.0,3473000.0,2345000.0,6945000.0,2645000.0,2871000.0,4053000.0,3941000.0,2450000.0,1469000.0,6.001E7,6.013E7,
5987000.0,3490000.0,2347000.0,6935000.0,2592000.0,2883000.0,4065000.0,3911000.0,2486000.0,1466000.0,6.001E7,5.999E7,
5905000.0,3500000.0,2349000.0,6949000.0,2547000.0,2889000.0,4047000.0,3921000.0,2507000.0,1468000.0,6.001E7,6.008E7,
5862000.0,3491000.0,2355000.0,6945000.0,2536000.0,2895000.0,4029000.0,3921000.0,2506000.0,1466000.0,6.001E7,6.011E7,
5971000.0,3504000.0,2356000.0,6939000.0,2527000.0,2913000.0,3999000.0,3915000.0,2529000.0,1465000.0,6.001E7,6.002E7,
5928000.0,3506000.0,2358000.0,6956000.0,2537000.0,2907000.0,3975000.0,3926000.0,2493000.0,1466000.0,6.001E7,6.004E7,
5889000.0,3511000.0,2360000.0,6961000.0,2536000.0,2932000.0,3945000.0,3918000.0,2454000.0,1466000.0,6.001E7,6.006E7,
5885000.0,3503000.0,2360000.0,6948000.0,2566000.0,2926000.0,3927000.0,3924000.0,2441000.0,1471000.0,6.001E7,6.006E7,
5956000.0,3510000.0,2363000.0,6936000.0,2526000.0,2908000.0,3927000.0,3934000.0,2534000.0,1471000.0,6.001E7,6.002E7,
5922000.0,3505000.0,2363000.0,6928000.0,2522000.0,2902000.0,3921000.0,3940000.0,2514000.0,1471000.0,6.001E7,6.005E7,
5954000.0,3483000.0,2364000.0,6927000.0,2499000.0,2911000.0,3932000.0,3970000.0,2535000.0,1472000.0,6.001E7,6.003E7,
5951000.0,3484000.0,2384000.0,6926000.0,2510000.0,2891000.0,3928000.0,4052000.0,2555000.0,1451000.0,6.001E7,6.002E7,
5907000.0,3477000.0,2389000.0,6956000.0,2505000.0,2904000.0,3913000.0,4041000.0,2542000.0,1451000.0,6.001E7,6.004E7,
5930000.0,3473000.0,2390000.0,6963000.0,2526000.0,2882000.0,3901000.0,4052000.0,2551000.0,1451000.0,6.001E7,6.001E7,
5906000.0,3472000.0,2399000.0,6976000.0,2526000.0,2882000.0,3901000.0,4073000.0,2673000.0,1447000.0,6.001E7,5.999E7,
5920000.0,3475000.0,2400000.0,6976000.0,2504000.0,2882000.0,3901000.0,4073000.0,2833000.0,1448000.0,6.001E7,5.997E7,
5886000.0,3470000.0,2405000.0,6990000.0,2457000.0,2876000.0,3901000.0,4073000.0,2818000.0,1447000.0,6.001E7,6.002E7,
5830000.0,3468000.0,2410000.0,7025000.0,2463000.0,2876000.0,3895000.0,4073000.0,2806000.0,1450000.0,6.001E7,6.002E7,
5797000.0,3463000.0,2415000.0,7015000.0,2436000.0,2880000.0,3891000.0,4085000.0,2779000.0,1453000.0,6.001E7,6.005E7,
5814000.0,3462000.0,2414000.0,7023000.0,2404000.0,2873000.0,3891000.0,4095000.0,2803000.0,1454000.0,6.001E7,6.003E7,
5765000.0,3472000.0,2416000.0,7031000.0,2324000.0,2867000.0,3885000.0,4095000.0,2803000.0,1458000.0,6.001E7,6.012E7,
5934000.0,3467000.0,2417000.0,7033000.0,2293000.0,2873000.0,3878000.0,4096000.0,2847000.0,1459000.0,6.001E7,5.998E7,
5934000.0,3469000.0,2422000.0,7003000.0,2259000.0,2873000.0,3878000.0,4108000.0,2942000.0,1458000.0,6.001E7,5.998E7,
5909000.0,3475000.0,2422000.0,7018000.0,2271000.0,2884000.0,3856000.0,4108000.0,2988000.0,1458000.0,6.001E7,5.997E7,
5875000.0,3477000.0,2416000.0,7032000.0,2271000.0,2890000.0,3843000.0,4122000.0,2968000.0,1455000.0,6.001E7,6.0E7,
5851000.0,3480000.0,2416000.0,7038000.0,2288000.0,5072000.0,1661000.0,4161000.0,3014000.0,1456000.0,6.001E7,6.0E7,
5792000.0,3498000.0,2396000.0,7060000.0,2288000.0,5084000.0,1651000.0,4173000.0,2982000.0,1456000.0,6.001E7,6.004E7,
5717000.0,3495000.0,2400000.0,7044000.0,2312000.0,5077000.0,1653000.0,4196000.0,2941000.0,1454000.0,6.001E7,6.01E7,
5777000.0,3487000.0,2399000.0,7014000.0,2319000.0,5067000.0,1653000.0,4203000.0,2999000.0,1456000.0,6.001E7,6.003E7,
5695000.0,3502000.0,2400000.0,7070000.0,2298000.0,5061000.0,1677000.0,4245000.0,2917000.0,1455000.0,6.001E7,6.005E7,
5655000.0,3503000.0,2403000.0,7076000.0,2286000.0,5078000.0,1671000.0,4243000.0,2907000.0,1453000.0,6.001E7,6.008E7,
5626000.0,3500000.0,2406000.0,7068000.0,2263000.0,5040000.0,1671000.0,4357000.0,2793000.0,1454000.0,6.001E7,6.014E7,
5599000.0,3481000.0,2419000.0,7069000.0,2272000.0,5041000.0,1655000.0,4381000.0,2763000.0,1457000.0,6.001E7,6.015E7,
5721000.0,3484000.0,2422000.0,7101000.0,2284000.0,5032000.0,1651000.0,4403000.0,2792000.0,1462000.0,6.001E7,5.998E7,
5670000.0,3492000.0,2422000.0,7095000.0,2257000.0,5026000.0,1666000.0,4438000.0,2741000.0,1462000.0,6.001E7,6.003E7,
5623000.0,3505000.0,2428000.0,7108000.0,2249000.0,5026000.0,1666000.0,4456000.0,2718000.0,1458000.0,6.001E7,6.004E7,
5568000.0,3505000.0,2433000.0,7124000.0,2249000.0,5026000.0,1666000.0,4468000.0,2706000.0,1459000.0,6.001E7,6.006E7,
5521000.0,3510000.0,2436000.0,7131000.0,2214000.0,5008000.0,1672000.0,4474000.0,2670000.0,1460000.0,6.001E7,6.011E7,
5461000.0,3506000.0,2438000.0,7143000.0,2223000.0,4991000.0,1671000.0,4469000.0,2656000.0,1460000.0,6.001E7,6.014E7,
5562000.0,3515000.0,2441000.0,7143000.0,2223000.0,4991000.0,1689000.0,4474000.0,2775000.0,1464000.0,6.001E7,6.001E7,
5519000.0,3513000.0,2443000.0,7156000.0,2233000.0,4973000.0,1701000.0,4456000.0,2761000.0,1465000.0,6.001E7,6.002E7,
5538000.0,3521000.0,2447000.0,7163000.0,2209000.0,4961000.0,1713000.0,4438000.0,2865000.0,1464000.0,6.001E7,6.001E7,
5585000.0,3522000.0,2435000.0,7173000.0,2187000.0,4955000.0,1716000.0,4428000.0,2889000.0,1464000.0,6.001E7,5.998E7,
5572000.0,3522000.0,2438000.0,7148000.0,2178000.0,4943000.0,1721000.0,4456000.0,2828000.0,1463000.0,6.001E7,6.001E7,
5532000.0,3527000.0,2442000.0,7161000.0,2189000.0,4919000.0,1727000.0,4521000.0,2736000.0,1461000.0,6.001E7,6.003E7,
5511000.0,3530000.0,2442000.0,7172000.0,2191000.0,4878000.0,1732000.0,4542000.0,2690000.0,1463000.0,6.001E7,6.007E7,
5559000.0,3529000.0,2444000.0,7198000.0,2226000.0,4843000.0,1743000.0,4546000.0,2743000.0,1465000.0,6.001E7,5.998E7,
5547000.0,3542000.0,2447000.0,7201000.0,2236000.0,4788000.0,1749000.0,4540000.0,2793000.0,1465000.0,6.001E7,6.0E7,
5539000.0,3539000.0,2451000.0,7165000.0,2260000.0,4778000.0,1723000.0,4550000.0,2769000.0,1467000.0,6.001E7,6.001E7,
5502000.0,3539000.0,2458000.0,7165000.0,2314000.0,4728000.0,1716000.0,4544000.0,2769000.0,1467000.0,6.001E7,6.002E7,
5539000.0,3519000.0,2464000.0,7194000.0,2333000.0,4704000.0,1716000.0,4556000.0,2817000.0,1467000.0,6.001E7,5.994E7,
5464000.0,3537000.0,2466000.0,7194000.0,2331000.0,4686000.0,1710000.0,4544000.0,2791000.0,1469000.0,6.001E7,6.001E7,
5427000.0,3539000.0,2466000.0,7194000.0,2272000.0,4669000.0,1709000.0,4610000.0,2713000.0,1471000.0,6.001E7,6.011E7,
5401000.0,3542000.0,2469000.0,7203000.0,3785000.0,3158000.0,1705000.0,4638000.0,2679000.0,1471000.0,6.001E7,6.011E7,
5599000.0,3540000.0,2469000.0,7193000.0,3795000.0,3134000.0,1693000.0,4719000.0,2606000.0,1473000.0,6.001E7,5.993E7,
5566000.0,3536000.0,2470000.0,7204000.0,3785000.0,3138000.0,1675000.0,4753000.0,2616000.0,1478000.0,6.001E7,5.995E7,
5499000.0,3559000.0,2467000.0,7214000.0,3786000.0,3126000.0,1675000.0,4793000.0,2684000.0,1477000.0,6.001E7,5.999E7,
5484000.0,3556000.0,2469000.0,7218000.0,3808000.0,3106000.0,1667000.0,4809000.0,2684000.0,1479000.0,6.002E7,5.999E7,
5520000.0,3562000.0,2472000.0,7190000.0,3762000.0,3105000.0,1654000.0,4849000.0,2655000.0,1480000.0,6.001E7,5.999E7,
5476000.0,3567000.0,2477000.0,7203000.0,3714000.0,3102000.0,1648000.0,4862000.0,2643000.0,1478000.0,6.001E7,6.006E7,
5462000.0,3577000.0,2458000.0,7192000.0,3689000.0,3090000.0,1654000.0,4887000.0,2593000.0,1478000.0,6.001E7,6.012E7,
5583000.0,3574000.0,2458000.0,7198000.0,3665000.0,3115000.0,1651000.0,4868000.0,2593000.0,1475000.0,6.001E7,6.001E7,
5570000.0,3570000.0,2468000.0,7194000.0,3640000.0,3089000.0,1659000.0,4854000.0,2706000.0,1471000.0,6.001E7,6.005E7,
6822000.0,3550000.0,2469000.0,7177000.0,2440000.0,3075000.0,1660000.0,4863000.0,2720000.0,1465000.0,6.001E7,6.003E7,
6797000.0,3549000.0,2473000.0,7189000.0,2411000.0,3056000.0,1684000.0,4839000.0,2745000.0,1466000.0,6.001E7,6.004E7,
6855000.0,3560000.0,2477000.0,7179000.0,2380000.0,3070000.0,1677000.0,4880000.0,2840000.0,1464000.0,6.001E7,5.999E7,
6832000.0,3557000.0,2480000.0,7168000.0,2381000.0,3058000.0,1687000.0,4863000.0,2840000.0,1463000.0,6.001E7,6.001E7,
6817000.0,3540000.0,2475000.0,7159000.0,2373000.0,3052000.0,1700000.0,4871000.0,2808000.0,1461000.0,6.001E7,6.004E7,
6788000.0,3531000.0,2479000.0,7161000.0,2373000.0,3022000.0,1716000.0,4865000.0,2797000.0,1460000.0,6.001E7,6.008E7,
6880000.0,3521000.0,2480000.0,7165000.0,2388000.0,2978000.0,1717000.0,4872000.0,2888000.0,1463000.0,6.001E7,5.999E7,
6836000.0,3508000.0,2484000.0,7173000.0,2400000.0,2966000.0,1723000.0,4885000.0,2856000.0,1462000.0,6.001E7,5.999E7,
6783000.0,3512000.0,2484000.0,7184000.0,2394000.0,3842000.0,846500.0,4915000.0,2870000.0,1463000.0,6.001E7,6.002E7,
6771000.0,3520000.0,2487000.0,7187000.0,2437000.0,3800000.0,864600.0,4897000.0,2867000.0,1465000.0,6.001E7,6.0E7,
6727000.0,3519000.0,2489000.0,7201000.0,2448000.0,3776000.0,876700.0,4916000.0,2814000.0,1464000.0,6.001E7,6.002E7,
6699000.0,3513000.0,2493000.0,7224000.0,2438000.0,3770000.0,879300.0,4895000.0,2808000.0,1465000.0,6.001E7,6.006E7,
6671000.0,3521000.0,2494000.0,7231000.0,3834000.0,2311000.0,887600.0,4897000.0,2792000.0,1467000.0,6.001E7,6.013E7,
6627000.0,3540000.0,2492000.0,7240000.0,3825000.0,2302000.0,894200.0,4884000.0,2792000.0,1468000.0,6.001E7,6.015E7,
6607000.0,3542000.0,2491000.0,7225000.0,3745000.0,2265000.0,894200.0,4929000.0,2746000.0,1468000.0,6.001E7,6.027E7,
6548000.0,3550000.0,2495000.0,7209000.0,3663000.0,2226000.0,876100.0,4929000.0,2746000.0,1467000.0,6.001E7,6.043E7,
6508000.0,3558000.0,2498000.0,7208000.0,3597000.0,2240000.0,898500.0,4918000.0,2686000.0,1467000.0,6.001E7,6.05E7,
7028000.0,3551000.0,2500000.0,7203000.0,3531000.0,2216000.0,912800.0,4903000.0,2688000.0,1471000.0,6.001E7,6.005E7,
7090000.0,3547000.0,2498000.0,7206000.0,3472000.0,2203000.0,906800.0,4915000.0,2733000.0,1473000.0,6.001E7,6.005E7,
7154000.0,3547000.0,2503000.0,7210000.0,3439000.0,2184000.0,906800.0,4932000.0,2824000.0,1474000.0,6.001E7,6.001E7,
7140000.0,3534000.0,2496000.0,7216000.0,3489000.0,2141000.0,900800.0,4932000.0,2965000.0,1476000.0,6.001E7,6.0E7,
7112000.0,3535000.0,2501000.0,7202000.0,3498000.0,2098000.0,908500.0,4952000.0,2937000.0,1473000.0,6.001E7,6.004E7,
7085000.0,3547000.0,2502000.0,7189000.0,3416000.0,2080000.0,905000.0,4943000.0,2915000.0,1475000.0,6.001E7,6.015E7,
7273000.0,3555000.0,2511000.0,7176000.0,3355000.0,2050000.0,915900.0,4942000.0,2952000.0,1470000.0,6.001E7,6.003E7,
7198000.0,3560000.0,2513000.0,7224000.0,3331000.0,2054000.0,940800.0,4924000.0,2871000.0,1469000.0,6.002E7,6.006E7,
7145000.0,3583000.0,2509000.0,7213000.0,3292000.0,2072000.0,952800.0,4948000.0,2816000.0,1469000.0,6.001E7,6.012E7,
7313000.0,3583000.0,2498000.0,7210000.0,3303000.0,2048000.0,983000.0,4940000.0,2894000.0,1465000.0,6.001E7,5.996E7,
7289000.0,3576000.0,2501000.0,7211000.0,3278000.0,2048000.0,1007000.0,4953000.0,2802000.0,1468000.0,6.001E7,6.0E7,
7249000.0,3579000.0,2506000.0,7229000.0,3227000.0,2036000.0,1029000.0,4935000.0,2778000.0,1467000.0,6.001E7,6.007E7,
7299000.0,3582000.0,2505000.0,7201000.0,3198000.0,2030000.0,1043000.0,4934000.0,2792000.0,1469000.0,6.001E7,6.004E7,
7216000.0,3576000.0,2494000.0,7261000.0,3125000.0,2007000.0,1079000.0,4898000.0,2779000.0,1474000.0,6.001E7,6.015E7,
7398000.0,3575000.0,2500000.0,7254000.0,3699000.0,1384000.0,1081000.0,4896000.0,2955000.0,1471000.0,6.001E7,6.001E7,
7465000.0,3589000.0,2499000.0,7271000.0,3603000.0,1370000.0,1101000.0,4950000.0,2997000.0,1474000.0,6.001E7,6.0E7,
7445000.0,3588000.0,2500000.0,7256000.0,3584000.0,1345000.0,1113000.0,4938000.0,2997000.0,1473000.0,6.001E7,6.004E7,
7411000.0,3578000.0,2508000.0,7269000.0,3541000.0,1351000.0,1132000.0,4924000.0,2974000.0,1472000.0,6.001E7,6.009E7,
7337000.0,3567000.0,2503000.0,7282000.0,3475000.0,1333000.0,1131000.0,4930000.0,2962000.0,1468000.0,6.001E7,6.022E7,
7280000.0,3572000.0,2506000.0,7290000.0,3409000.0,1333000.0,1131000.0,4942000.0,2944000.0,1469000.0,6.001E7,6.029E7,
7541000.0,3570000.0,2509000.0,7265000.0,3235000.0,1333000.0,1157000.0,4980000.0,2977000.0,1469000.0,6.001E7,6.017E7,
7707000.0,3567000.0,2511000.0,7258000.0,3186000.0,1339000.0,1156000.0,4962000.0,2977000.0,1473000.0,6.001E7,6.005E7,
7592000.0,3548000.0,2500000.0,7312000.0,3137000.0,1332000.0,1165000.0,4968000.0,2959000.0,1477000.0,6.001E7,6.017E7,
7569000.0,3548000.0,2503000.0,7316000.0,3093000.0,1345000.0,1158000.0,4990000.0,2903000.0,1478000.0,6.001E7,6.022E7,
7549000.0,3557000.0,2503000.0,7305000.0,3059000.0,1350000.0,1150000.0,5008000.0,2872000.0,1479000.0,6.001E7,6.025E7,
7525000.0,3552000.0,2470000.0,7317000.0,3016000.0,1362000.0,1150000.0,4996000.0,2872000.0,1479000.0,6.001E7,6.033E7,
7835000.0,3552000.0,2472000.0,7333000.0,2989000.0,1368000.0,1156000.0,4990000.0,2996000.0,1480000.0,6.001E7,5.998E7,
7762000.0,3579000.0,2475000.0,7326000.0,2975000.0,1359000.0,1153000.0,5044000.0,2937000.0,1482000.0,6.001E7,6.003E7,
7856000.0,3576000.0,2474000.0,7302000.0,2898000.0,1359000.0,1147000.0,5044000.0,3030000.0,1482000.0,6.001E7,5.999E7,
7801000.0,3590000.0,2476000.0,7275000.0,2834000.0,1359000.0,1147000.0,5067000.0,3006000.0,1482000.0,6.001E7,6.006E7,
7866000.0,3587000.0,2476000.0,7277000.0,2743000.0,1368000.0,1155000.0,5043000.0,3056000.0,1485000.0,6.001E7,6.008E7,
7891000.0,3601000.0,2478000.0,7307000.0,2735000.0,1362000.0,1160000.0,5037000.0,3184000.0,1489000.0,6.001E7,5.998E7,
7885000.0,3599000.0,2479000.0,7297000.0,2717000.0,1343000.0,1219000.0,5008000.0,3163000.0,1494000.0,6.001E7,5.998E7,
7864000.0,3588000.0,2484000.0,7281000.0,2692000.0,1343000.0,1225000.0,5076000.0,3130000.0,1498000.0,6.001E7,6.0E7,
7834000.0,3594000.0,2487000.0,7267000.0,2658000.0,1349000.0,1218000.0,5076000.0,3150000.0,1496000.0,6.001E7,6.001E7,
7777000.0,3585000.0,2490000.0,7289000.0,2643000.0,1334000.0,1225000.0,5105000.0,3108000.0,1497000.0,6.001E7,6.004E7,
7761000.0,3611000.0,2491000.0,7325000.0,3049000.0,885600.0,1237000.0,5081000.0,3248000.0,1498000.0,6.001E7,6.002E7,
7758000.0,3613000.0,2490000.0,7342000.0,3034000.0,885600.0,1255000.0,5063000.0,3298000.0,1499000.0,6.001E7,5.998E7,
7694000.0,3633000.0,2495000.0,7343000.0,2984000.0,891600.0,1249000.0,5080000.0,3280000.0,1497000.0,6.001E7,6.003E7,
7825000.0,3661000.0,2498000.0,7336000.0,2876000.0,896400.0,1238000.0,5110000.0,3304000.0,1500000.0,6.001E7,5.996E7,
7809000.0,3665000.0,2497000.0,7354000.0,2794000.0,884400.0,1244000.0,5163000.0,3277000.0,1500000.0,6.001E7,6.003E7,
7762000.0,3676000.0,2495000.0,7368000.0,2686000.0,875300.0,1256000.0,5190000.0,3210000.0,1498000.0,6.001E7,6.015E7,
7709000.0,3680000.0,2497000.0,7373000.0,2684000.0,859600.0,1256000.0,5228000.0,3165000.0,1495000.0,6.001E7,6.017E7,
7668000.0,3693000.0,2498000.0,7364000.0,2645000.0,854700.0,1280000.0,5238000.0,3118000.0,1495000.0,6.001E7,6.024E7,
7614000.0,3701000.0,2499000.0,7368000.0,2644000.0,848700.0,1301000.0,5236000.0,3093000.0,1492000.0,6.001E7,6.026E7,
7592000.0,3694000.0,2507000.0,7363000.0,2650000.0,854700.0,1293000.0,5231000.0,3093000.0,1493000.0,6.001E7,6.026E7,
7469000.0,3692000.0,2493000.0,7423000.0,2643000.0,848700.0,1309000.0,5230000.0,3079000.0,1492000.0,6.001E7,6.029E7,
7401000.0,3691000.0,2475000.0,7381000.0,2573000.0,847800.0,1289000.0,5241000.0,3068000.0,1494000.0,6.001E7,6.043E7,
7779000.0,3687000.0,2474000.0,7402000.0,2573000.0,860100.0,1285000.0,5326000.0,2973000.0,1494000.0,6.001E7,6.0E7,
7821000.0,3694000.0,2476000.0,7402000.0,2506000.0,860100.0,1312000.0,5329000.0,3228000.0,1495000.0,6.001E7,5.998E7,
7761000.0,3703000.0,2467000.0,7400000.0,2469000.0,858600.0,1320000.0,5320000.0,3175000.0,1497000.0,6.001E7,6.005E7,
7753000.0,3702000.0,2470000.0,7419000.0,2454000.0,846500.0,1320000.0,5362000.0,3121000.0,1496000.0,6.001E7,6.003E7,
7722000.0,3692000.0,2470000.0,7407000.0,2460000.0,864500.0,1296000.0,5375000.0,3107000.0,1495000.0,6.001E7,6.003E7,
7709000.0,3696000.0,2473000.0,7414000.0,2434000.0,870600.0,1290000.0,5410000.0,3194000.0,1493000.0,6.001E7,6.001E7,
7688000.0,3711000.0,2475000.0,7396000.0,2421000.0,870500.0,1290000.0,5420000.0,3216000.0,1493000.0,6.001E7,5.999E7,
7621000.0,3717000.0,2479000.0,7412000.0,2421000.0,870500.0,1296000.0,5414000.0,3202000.0,1491000.0,6.001E7,5.999E7,
7594000.0,3723000.0,2481000.0,7384000.0,2412000.0,865700.0,1714000.0,5017000.0,3198000.0,1489000.0,6.001E7,6.0E7,
7542000.0,3736000.0,2463000.0,7372000.0,2391000.0,853500.0,1727000.0,5025000.0,3163000.0,1488000.0,6.001E7,6.006E7,
7498000.0,3735000.0,2467000.0,7366000.0,2391000.0,865500.0,1727000.0,5031000.0,3111000.0,1486000.0,6.001E7,6.006E7,
7432000.0,3735000.0,2467000.0,7347000.0,2377000.0,871600.0,1726000.0,5053000.0,3084000.0,1490000.0,6.001E7,6.01E7,
7347000.0,3727000.0,2469000.0,7373000.0,2383000.0,871600.0,1731000.0,5074000.0,3019000.0,1489000.0,6.001E7,6.013E7,
7270000.0,3756000.0,2470000.0,7371000.0,2764000.0,497000.0,1724000.0,5091000.0,2980000.0,1491000.0,6.001E7,6.015E7,
7210000.0,3778000.0,2485000.0,7348000.0,2769000.0,492200.0,1724000.0,5118000.0,2939000.0,1477000.0,6.001E7,6.015E7,
7358000.0,3787000.0,2488000.0,7342000.0,2768000.0,499000.0,1727000.0,5148000.0,2960000.0,1481000.0,6.001E7,5.995E7,
7287000.0,3807000.0,2490000.0,7332000.0,2768000.0,499000.0,1735000.0,5173000.0,2927000.0,1480000.0,6.001E7,5.999E7,
7191000.0,3804000.0,2491000.0,7401000.0,2720000.0,509600.0,1735000.0,5214000.0,2977000.0,1480000.0,6.001E7,6.003E7,
7143000.0,3799000.0,2470000.0,7429000.0,2692000.0,517600.0,1727000.0,5263000.0,2927000.0,1478000.0,6.001E7,6.009E7,
7099000.0,3798000.0,2479000.0,7445000.0,2687000.0,528800.0,1713000.0,5294000.0,2862000.0,1473000.0,6.001E7,6.009E7,
7075000.0,3806000.0,2481000.0,7434000.0,2667000.0,539300.0,1707000.0,5294000.0,2856000.0,1473000.0,6.001E7,6.011E7,
7029000.0,3804000.0,2482000.0,7462000.0,2607000.0,537100.0,1730000.0,5295000.0,2820000.0,1472000.0,6.001E7,6.018E7,
7172000.0,3803000.0,2480000.0,7445000.0,2612000.0,534500.0,1732000.0,5292000.0,2934000.0,1479000.0,6.001E7,6.0E7,
7132000.0,3799000.0,2486000.0,7451000.0,2612000.0,534500.0,1738000.0,5305000.0,2935000.0,1482000.0,6.001E7,6.0E7,
7085000.0,3798000.0,2492000.0,7472000.0,2605000.0,551800.0,1745000.0,5280000.0,2935000.0,1482000.0,6.001E7,6.001E7,
7072000.0,3804000.0,2494000.0,7443000.0,2605000.0,551800.0,1757000.0,5323000.0,3012000.0,1479000.0,6.001E7,5.999E7,
6978000.0,3814000.0,2499000.0,7499000.0,2611000.0,575500.0,1727000.0,5382000.0,2985000.0,1476000.0,6.001E7,5.999E7,
6941000.0,3804000.0,2500000.0,7497000.0,2603000.0,599300.0,2125000.0,4989000.0,2969000.0,1480000.0,6.001E7,6.0E7,
6894000.0,3788000.0,2506000.0,7496000.0,2603000.0,617400.0,2125000.0,4995000.0,2995000.0,1479000.0,6.001E7,6.001E7,
6813000.0,3790000.0,2511000.0,7523000.0,2589000.0,617300.0,2125000.0,5135000.0,2831000.0,1475000.0,6.001E7,6.002E7,
6758000.0,3800000.0,2512000.0,7568000.0,2581000.0,611300.0,2125000.0,5147000.0,2856000.0,1475000.0,6.001E7,6.001E7,
6706000.0,3805000.0,2514000.0,7570000.0,2584000.0,614200.0,2125000.0,5141000.0,2843000.0,1478000.0,6.001E7,6.001E7,
6687000.0,3808000.0,2517000.0,7580000.0,2561000.0,632300.0,2107000.0,5150000.0,3014000.0,1475000.0,6.001E7,6.0E7,
6649000.0,3809000.0,2517000.0,7600000.0,2567000.0,626200.0,2113000.0,5159000.0,2986000.0,1477000.0,6.001E7,6.0E7,
6573000.0,3855000.0,2522000.0,7592000.0,2541000.0,642700.0,2136000.0,5186000.0,3030000.0,1476000.0,6.001E7,6.001E7,
6569000.0,3879000.0,2526000.0,7578000.0,2528000.0,649100.0,2136000.0,5211000.0,3119000.0,1472000.0,6.001E7,5.999E7,
6509000.0,3885000.0,2530000.0,7594000.0,2507000.0,642800.0,2136000.0,5259000.0,3071000.0,1471000.0,6.001E7,6.003E7,
6528000.0,3899000.0,2535000.0,7598000.0,2507000.0,1172000.0,1637000.0,5375000.0,2941000.0,1470000.0,6.001E7,5.999E7,
6484000.0,3907000.0,2541000.0,7610000.0,2506000.0,1173000.0,1658000.0,5378000.0,2899000.0,1469000.0,6.001E7,6.0E7,
6413000.0,3895000.0,2546000.0,7630000.0,2506000.0,1185000.0,1652000.0,5424000.0,2847000.0,1466000.0,6.001E7,6.003E7,
6390000.0,3910000.0,2548000.0,7651000.0,2506000.0,1191000.0,1658000.0,5443000.0,2829000.0,1466000.0,6.001E7,5.999E7,
6269000.0,3909000.0,2549000.0,7757000.0,2515000.0,1187000.0,1658000.0,5455000.0,2799000.0,1467000.0,6.001E7,5.999E7,
6210000.0,3909000.0,2550000.0,7765000.0,2500000.0,1194000.0,1662000.0,5476000.0,2733000.0,1468000.0,6.001E7,6.004E7,
6241000.0,3908000.0,2553000.0,7762000.0,2500000.0,1205000.0,1651000.0,5503000.0,2712000.0,1467000.0,6.001E7,5.999E7,
6160000.0,3933000.0,2555000.0,7771000.0,2974000.0,730300.0,1663000.0,5491000.0,2712000.0,1470000.0,6.001E7,6.0E7,
6128000.0,3924000.0,2558000.0,7756000.0,2955000.0,724300.0,1677000.0,5501000.0,2688000.0,1467000.0,6.001E7,6.003E7,
6093000.0,3927000.0,2563000.0,7745000.0,2937000.0,745800.0,1668000.0,5479000.0,2673000.0,1466000.0,6.001E7,6.005E7,
6062000.0,3926000.0,2565000.0,7726000.0,2934000.0,740800.0,1692000.0,5490000.0,2638000.0,1465000.0,6.001E7,6.006E7,
6199000.0,3918000.0,2569000.0,7727000.0,2829000.0,740800.0,1710000.0,5466000.0,2697000.0,1461000.0,6.001E7,6.002E7,
6285000.0,3920000.0,2571000.0,7709000.0,2693000.0,746400.0,1710000.0,5488000.0,2743000.0,1462000.0,6.001E7,6.002E7,
6213000.0,3913000.0,2577000.0,7745000.0,2649000.0,1336000.0,1139000.0,5481000.0,2719000.0,1464000.0,6.001E7,6.007E7,
6187000.0,3903000.0,2576000.0,7745000.0,2564000.0,1347000.0,1170000.0,5471000.0,2673000.0,1466000.0,6.001E7,6.015E7,
6112000.0,3899000.0,2577000.0,7744000.0,2335000.0,1361000.0,1202000.0,5414000.0,2673000.0,1469000.0,6.001E7,6.041E7,
6076000.0,3899000.0,2582000.0,7739000.0,2331000.0,1377000.0,1205000.0,5394000.0,2664000.0,1471000.0,6.001E7,6.042E7,
6048000.0,3897000.0,2586000.0,7745000.0,2317000.0,1377000.0,1236000.0,5368000.0,2653000.0,1472000.0,6.001E7,6.044E7,
6515000.0,3893000.0,2588000.0,7748000.0,2301000.0,1387000.0,1269000.0,5325000.0,2693000.0,1471000.0,6.001E7,5.996E7,
6495000.0,3878000.0,2595000.0,7733000.0,2295000.0,1391000.0,1317000.0,5329000.0,2635000.0,1470000.0,6.001E7,5.997E7,
6462000.0,3885000.0,2600000.0,7710000.0,2265000.0,1396000.0,2206000.0,4501000.0,2536000.0,1468000.0,6.001E7,6.0E7,
6417000.0,3879000.0,2602000.0,7724000.0,2251000.0,1438000.0,2183000.0,4489000.0,2482000.0,1474000.0,6.001E7,6.002E7,
6372000.0,3891000.0,2605000.0,7697000.0,2218000.0,1442000.0,2213000.0,4484000.0,2450000.0,1475000.0,6.001E7,6.005E7,
6399000.0,3889000.0,2610000.0,7709000.0,2223000.0,1457000.0,2212000.0,4476000.0,2448000.0,1476000.0,6.001E7,5.998E7,
6334000.0,3874000.0,2609000.0,7759000.0,2206000.0,1451000.0,2226000.0,4502000.0,2374000.0,1478000.0,6.001E7,6.001E7,
6275000.0,3855000.0,2613000.0,7769000.0,2166000.0,1468000.0,2227000.0,4502000.0,2337000.0,1480000.0,6.001E7,6.008E7,
6342000.0,3868000.0,2620000.0,7765000.0,2171000.0,1476000.0,2231000.0,4484000.0,2381000.0,1475000.0,6.001E7,5.997E7,
6347000.0,3854000.0,2620000.0,7751000.0,2139000.0,1471000.0,2246000.0,4469000.0,2416000.0,1472000.0,6.001E7,5.997E7,
6300000.0,3851000.0,2624000.0,7731000.0,2107000.0,1481000.0,2242000.0,4475000.0,2386000.0,1471000.0,6.001E7,6.002E7,
6346000.0,3850000.0,2624000.0,7709000.0,2079000.0,1492000.0,2222000.0,4502000.0,2385000.0,1476000.0,6.001E7,5.999E7,
6306000.0,3853000.0,2624000.0,7702000.0,2056000.0,1477000.0,2222000.0,4502000.0,2370000.0,1474000.0,6.001E7,6.003E7,
6300000.0,3848000.0,2624000.0,7698000.0,2035000.0,1472000.0,2231000.0,4500000.0,2434000.0,1477000.0,6.001E7,6.001E7,
6273000.0,3849000.0,2627000.0,7705000.0,2035000.0,1478000.0,2224000.0,4519000.0,2426000.0,1478000.0,6.001E7,5.999E7,
6207000.0,3841000.0,2628000.0,7705000.0,2035000.0,1478000.0,2224000.0,4538000.0,2407000.0,1479000.0,6.001E7,6.002E7,
6150000.0,3842000.0,2632000.0,7692000.0,2050000.0,1473000.0,2224000.0,4538000.0,2397000.0,1479000.0,6.001E7,6.002E7,
6043000.0,3863000.0,2634000.0,7679000.0,2060000.0,1470000.0,2204000.0,4561000.0,2374000.0,1479000.0,6.001E7,6.006E7,
6109000.0,3871000.0,2635000.0,7659000.0,2069000.0,1468000.0,2212000.0,4584000.0,2378000.0,1476000.0,6.001E7,5.997E7,
6020000.0,3872000.0,2622000.0,7676000.0,2068000.0,1461000.0,2212000.0,4614000.0,2349000.0,1476000.0,6.001E7,6.003E7,
5985000.0,3884000.0,2624000.0,7677000.0,2068000.0,1478000.0,2195000.0,4614000.0,2349000.0,1473000.0,6.001E7,6.004E7,
5958000.0,3881000.0,2624000.0,7666000.0,2078000.0,1481000.0,2183000.0,4627000.0,2336000.0,1474000.0,6.001E7,6.004E7,
5915000.0,3875000.0,2628000.0,7677000.0,2068000.0,1463000.0,2192000.0,4641000.0,2313000.0,1471000.0,6.001E7,6.009E7,
5893000.0,3878000.0,2620000.0,7666000.0,2068000.0,1463000.0,2208000.0,4647000.0,2257000.0,1469000.0,6.001E7,6.01E7,
5984000.0,3879000.0,2618000.0,7673000.0,2063000.0,1461000.0,2202000.0,4658000.0,2273000.0,1468000.0,6.001E7,5.999E7,
5942000.0,3889000.0,2610000.0,7651000.0,2076000.0,1441000.0,2214000.0,4696000.0,2222000.0,1469000.0,6.001E7,6.001E7,
5906000.0,3888000.0,2614000.0,7651000.0,2091000.0,1435000.0,2240000.0,4671000.0,2211000.0,1471000.0,6.001E7,6.001E7,
5938000.0,3890000.0,2619000.0,7689000.0,2048000.0,1438000.0,2246000.0,4653000.0,2248000.0,1470000.0,6.001E7,5.996E7,
5853000.0,3907000.0,2626000.0,7714000.0,2001000.0,1432000.0,2270000.0,4660000.0,2217000.0,1469000.0,6.001E7,6.003E7,
5829000.0,3912000.0,2626000.0,7711000.0,1975000.0,1432000.0,2288000.0,4692000.0,2166000.0,1471000.0,6.001E7,6.006E7,
5721000.0,3920000.0,2630000.0,7772000.0,1966000.0,1427000.0,2288000.0,4716000.0,2142000.0,1470000.0,6.001E7,6.007E7,
5687000.0,3907000.0,2624000.0,7772000.0,1951000.0,1412000.0,2288000.0,4761000.0,2098000.0,1470000.0,6.001E7,6.012E7,
5838000.0,3905000.0,2624000.0,7775000.0,1897000.0,1409000.0,2294000.0,4766000.0,2299000.0,1470000.0,6.001E7,5.998E7,
5810000.0,3899000.0,2627000.0,7783000.0,1900000.0,1424000.0,2276000.0,4829000.0,2236000.0,1469000.0,6.001E7,5.998E7,
5764000.0,3914000.0,2632000.0,7792000.0,2479000.0,838600.0,2276000.0,4885000.0,2260000.0,1466000.0,6.001E7,6.0E7,
5751000.0,3907000.0,2633000.0,7773000.0,2442000.0,831100.0,2276000.0,4891000.0,2301000.0,1468000.0,6.001E7,6.004E7,
5767000.0,3931000.0,2634000.0,7792000.0,2465000.0,821300.0,2263000.0,4906000.0,2515000.0,1468000.0,6.001E7,5.996E7,
5711000.0,3935000.0,2624000.0,7788000.0,2432000.0,831800.0,2245000.0,4906000.0,2515000.0,1469000.0,6.001E7,6.002E7,
5675000.0,3930000.0,2626000.0,7756000.0,2387000.0,837800.0,2245000.0,4935000.0,2480000.0,1466000.0,6.001E7,6.008E7,
5650000.0,3931000.0,2630000.0,7751000.0,2235000.0,836300.0,2245000.0,4929000.0,2480000.0,1466000.0,6.001E7,6.024E7,
5629000.0,3928000.0,2631000.0,7749000.0,2215000.0,842300.0,2239000.0,4996000.0,2413000.0,1466000.0,6.001E7,6.026E7,
5592000.0,3932000.0,2634000.0,7732000.0,2182000.0,842300.0,2239000.0,5016000.0,2375000.0,1468000.0,6.001E7,6.03E7,
5910000.0,3926000.0,2637000.0,7716000.0,2163000.0,848300.0,2233000.0,5026000.0,2410000.0,1469000.0,6.001E7,5.997E7,
5893000.0,3921000.0,2639000.0,7716000.0,2118000.0,848300.0,2242000.0,5037000.0,2367000.0,1470000.0,6.001E7,6.002E7,
5879000.0,3913000.0,2640000.0,7699000.0,2099000.0,848300.0,2247000.0,5040000.0,2358000.0,1468000.0,6.001E7,6.004E7,
5836000.0,3920000.0,2638000.0,7712000.0,1947000.0,854600.0,2247000.0,5122000.0,2215000.0,1468000.0,6.001E7,6.021E7,
6004000.0,3929000.0,2639000.0,7724000.0,1938000.0,860700.0,2247000.0,5137000.0,2347000.0,1466000.0,6.001E7,6.0E7,
6004000.0,3930000.0,2640000.0,7722000.0,1888000.0,860700.0,2259000.0,5155000.0,2359000.0,1465000.0,6.001E7,6.003E7,
5965000.0,3937000.0,2644000.0,7717000.0,1881000.0,847700.0,2259000.0,5168000.0,2340000.0,1461000.0,6.001E7,6.006E7,
5985000.0,3933000.0,2646000.0,7725000.0,1843000.0,1166000.0,1968000.0,5140000.0,2381000.0,1463000.0,6.001E7,6.003E7,
5990000.0,3929000.0,2647000.0,7749000.0,1815000.0,1178000.0,1972000.0,5122000.0,2398000.0,1464000.0,6.001E7,6.001E7,
5986000.0,3925000.0,2655000.0,7732000.0,1815000.0,1194000.0,1993000.0,5125000.0,2462000.0,1459000.0,6.001E7,5.999E7,
5942000.0,3935000.0,2660000.0,7714000.0,1821000.0,1200000.0,1987000.0,5119000.0,2473000.0,1457000.0,6.001E7,5.999E7,
5885000.0,3951000.0,2661000.0,7711000.0,1825000.0,1202000.0,2002000.0,5098000.0,2463000.0,1458000.0,6.001E7,6.0E7,
5885000.0,3947000.0,2664000.0,7699000.0,1825000.0,1208000.0,2036000.0,5068000.0,2493000.0,1456000.0,6.001E7,5.998E7,
5832000.0,3948000.0,2667000.0,7673000.0,1824000.0,1219000.0,2037000.0,5050000.0,2481000.0,1457000.0,6.001E7,6.002E7,
5839000.0,3944000.0,2668000.0,7676000.0,1824000.0,1237000.0,2031000.0,5067000.0,2452000.0,1461000.0,6.001E7,5.999E7,
5797000.0,3945000.0,2675000.0,7647000.0,1828000.0,1238000.0,2031000.0,5061000.0,2441000.0,1458000.0,6.001E7,6.0E7,
5812000.0,3966000.0,2678000.0,7655000.0,1834000.0,1232000.0,2060000.0,5048000.0,2593000.0,1460000.0,6.001E7,5.993E7,
5776000.0,3955000.0,2679000.0,7658000.0,1840000.0,1232000.0,2160000.0,4973000.0,2562000.0,1459000.0,6.001E7,5.993E7,
5759000.0,3951000.0,2680000.0,7618000.0,1812000.0,1238000.0,2221000.0,4932000.0,2536000.0,1462000.0,6.001E7,5.996E7,
5695000.0,3943000.0,2679000.0,7664000.0,1988000.0,1068000.0,2247000.0,4909000.0,2526000.0,1464000.0,6.001E7,5.996E7,
5617000.0,3956000.0,2683000.0,7661000.0,1988000.0,1092000.0,2247000.0,4887000.0,2500000.0,1463000.0,6.001E7,6.0E7,
5516000.0,3926000.0,2691000.0,7714000.0,1999000.0,1092000.0,2267000.0,4863000.0,2494000.0,1463000.0,6.001E7,6.002E7,
5479000.0,3925000.0,2694000.0,7720000.0,1962000.0,1106000.0,2279000.0,4827000.0,2481000.0,1461000.0,6.001E7,6.007E7,
5579000.0,3922000.0,2697000.0,7713000.0,1953000.0,1095000.0,2294000.0,4843000.0,2562000.0,1460000.0,6.001E7,5.997E7,
5589000.0,3915000.0,2700000.0,7708000.0,1945000.0,1095000.0,2317000.0,4857000.0,2534000.0,1458000.0,6.001E7,5.996E7,
5504000.0,3913000.0,2702000.0,7734000.0,1920000.0,1100000.0,2304000.0,4857000.0,2534000.0,1462000.0,6.001E7,5.999E7,
5459000.0,3895000.0,2702000.0,7739000.0,1906000.0,1106000.0,2300000.0,4849000.0,2615000.0,1463000.0,6.001E7,6.003E7,
5400000.0,3879000.0,2679000.0,7732000.0,1893000.0,1112000.0,2294000.0,4871000.0,2593000.0,1466000.0,6.001E7,6.01E7,
5307000.0,3881000.0,2682000.0,7806000.0,1860000.0,1112000.0,2294000.0,4887000.0,2565000.0,1465000.0,6.001E7,6.014E7,
5272000.0,3884000.0,2685000.0,7800000.0,1860000.0,1118000.0,2300000.0,4875000.0,2552000.0,1464000.0,6.001E7,6.015E7,
5412000.0,3879000.0,2690000.0,7802000.0,1860000.0,1123000.0,2295000.0,4891000.0,2542000.0,1466000.0,6.001E7,5.999E7,
5360000.0,3873000.0,2694000.0,7807000.0,1853000.0,1134000.0,2302000.0,4873000.0,2645000.0,1467000.0,6.001E7,6.003E7,
5420000.0,3871000.0,2696000.0,7795000.0,1804000.0,1128000.0,2302000.0,4873000.0,2879000.0,1458000.0,6.001E7,6.0E7,
5340000.0,3868000.0,2698000.0,7811000.0,1769000.0,1152000.0,2284000.0,4867000.0,2878000.0,1459000.0,6.001E7,6.007E7,
5368000.0,3873000.0,2701000.0,7811000.0,1767000.0,1146000.0,2300000.0,4883000.0,2891000.0,1458000.0,6.001E7,6.0E7,
5328000.0,3871000.0,2689000.0,7833000.0,1783000.0,1123000.0,2300000.0,4901000.0,2881000.0,1459000.0,6.001E7,6.002E7,
5294000.0,3867000.0,2689000.0,7825000.0,1748000.0,1134000.0,2294000.0,4904000.0,2858000.0,1465000.0,6.001E7,6.007E7,
5281000.0,3871000.0,2675000.0,7834000.0,1759000.0,1134000.0,2294000.0,4961000.0,2849000.0,1467000.0,6.001E7,6.005E7,
5254000.0,3869000.0,2654000.0,7837000.0,1746000.0,1158000.0,2276000.0,4992000.0,2799000.0,1463000.0,6.001E7,6.009E7,
5310000.0,3879000.0,2657000.0,7849000.0,2208000.0,691600.0,2278000.0,4996000.0,2889000.0,1466000.0,6.001E7,5.999E7,
5250000.0,3874000.0,2665000.0,7876000.0,2219000.0,686700.0,2300000.0,5012000.0,2845000.0,1463000.0,6.001E7,6.001E7,
5231000.0,3868000.0,2653000.0,7857000.0,2207000.0,711400.0,2298000.0,5004000.0,2829000.0,1460000.0,6.001E7,6.005E7,
5171000.0,3869000.0,2658000.0,7857000.0,2207000.0,717400.0,2322000.0,4986000.0,2804000.0,1460000.0,6.001E7,6.007E7,
5238000.0,3875000.0,2661000.0,7852000.0,2205000.0,711300.0,2324000.0,5029000.0,2759000.0,1461000.0,6.001E7,6.001E7,
5191000.0,3888000.0,2661000.0,7815000.0,2180000.0,735500.0,2306000.0,5078000.0,2704000.0,1464000.0,6.001E7,6.004E7,
5159000.0,3887000.0,2656000.0,7786000.0,1968000.0,726200.0,2300000.0,5089000.0,2672000.0,1463000.0,6.001E7,6.029E7,
5447000.0,3883000.0,2660000.0,7764000.0,1968000.0,738200.0,2300000.0,5077000.0,2796000.0,1466000.0,6.001E7,6.0E7,
5408000.0,3891000.0,2648000.0,7752000.0,1937000.0,736600.0,2300000.0,5147000.0,2725000.0,1467000.0,6.001E7,6.005E7,
5397000.0,3882000.0,2651000.0,7732000.0,1959000.0,736600.0,4918000.0,2514000.0,2675000.0,1466000.0,6.001E7,6.005E7,
5367000.0,3874000.0,2650000.0,7749000.0,1943000.0,742600.0,4919000.0,2527000.0,2655000.0,1468000.0,6.001E7,6.006E7,
5424000.0,3882000.0,2650000.0,7749000.0,1919000.0,748700.0,4913000.0,2533000.0,2719000.0,1468000.0,6.001E7,5.998E7,
5377000.0,3883000.0,2641000.0,7754000.0,1889000.0,739500.0,4921000.0,2552000.0,2678000.0,1468000.0,6.001E7,6.005E7,
5364000.0,3884000.0,2644000.0,7805000.0,1894000.0,734700.0,4926000.0,2547000.0,2764000.0,1467000.0,6.001E7,5.998E7,
5378000.0,3868000.0,2644000.0,7779000.0,1895000.0,721300.0,4926000.0,2547000.0,2839000.0,1469000.0,6.001E7,5.997E7,
5347000.0,3865000.0,2650000.0,7775000.0,1868000.0,733300.0,4914000.0,2585000.0,2787000.0,1470000.0,6.001E7,6.0E7,
5291000.0,3857000.0,2650000.0,7779000.0,1839000.0,745700.0,4896000.0,2593000.0,2778000.0,1469000.0,6.001E7,6.004E7,
5269000.0,3857000.0,2654000.0,7779000.0,1801000.0,739600.0,4902000.0,2587000.0,2755000.0,1467000.0,6.001E7,6.008E7,
5337000.0,3873000.0,2655000.0,7777000.0,1749000.0,745600.0,4902000.0,2618000.0,2846000.0,1468000.0,6.001E7,6.002E7,
5358000.0,3866000.0,2644000.0,7779000.0,1726000.0,766000.0,4877000.0,2628000.0,2883000.0,1472000.0,6.001E7,6.003E7,
5409000.0,3868000.0,2646000.0,7773000.0,1716000.0,766000.0,4871000.0,2663000.0,2902000.0,1472000.0,6.001E7,5.996E7,
5343000.0,3876000.0,2641000.0,7817000.0,1687000.0,776600.0,4859000.0,2663000.0,2910000.0,1469000.0,6.001E7,6.001E7,
5318000.0,3878000.0,2644000.0,7807000.0,1644000.0,771700.0,4868000.0,2664000.0,2900000.0,1468000.0,6.001E7,6.005E7,
5256000.0,3874000.0,2633000.0,7835000.0,1647000.0,768100.0,4861000.0,2685000.0,2856000.0,1466000.0,6.001E7,6.008E7,
5351000.0,3865000.0,2635000.0,7809000.0,1619000.0,774000.0,4867000.0,2689000.0,2874000.0,1466000.0,6.001E7,6.0E7,
5310000.0,3861000.0,2632000.0,7798000.0,1598000.0,786100.0,4861000.0,2683000.0,3039000.0,1468000.0,6.001E7,6.005E7,
5344000.0,3848000.0,2633000.0,7808000.0,1599000.0,782100.0,4855000.0,2716000.0,3064000.0,1467000.0,6.001E7,6.001E7,
5337000.0,3870000.0,2638000.0,7770000.0,1599000.0,818200.0,4818000.0,2803000.0,3128000.0,1464000.0,6.001E7,5.998E7,
5313000.0,3872000.0,2640000.0,7771000.0,1588000.0,1075000.0,4574000.0,2817000.0,3114000.0,1464000.0,6.001E7,6.0E7,
5291000.0,3865000.0,2644000.0,7742000.0,1541000.0,1099000.0,4562000.0,2805000.0,3100000.0,1467000.0,6.001E7,6.005E7,
5261000.0,3854000.0,2644000.0,7732000.0,1553000.0,1123000.0,4532000.0,2811000.0,3076000.0,1468000.0,6.001E7,6.005E7,
5380000.0,3843000.0,2648000.0,7709000.0,1534000.0,1154000.0,4496000.0,2911000.0,3078000.0,1466000.0,6.001E7,5.996E7,
5326000.0,3835000.0,2653000.0,7677000.0,1534000.0,1178000.0,4472000.0,2976000.0,3088000.0,1468000.0,6.001E7,6.0E7,
5307000.0,3828000.0,2659000.0,7663000.0,1540000.0,1214000.0,4429000.0,3007000.0,3031000.0,1468000.0,6.001E7,6.0E7,
5268000.0,3846000.0,2663000.0,7641000.0,1522000.0,1258000.0,4394000.0,2995000.0,3125000.0,1466000.0,6.001E7,6.002E7,
5248000.0,3843000.0,2665000.0,7642000.0,1528000.0,2654000.0,2992000.0,3028000.0,3077000.0,1467000.0,6.001E7,6.002E7,
5218000.0,3837000.0,2669000.0,7628000.0,1533000.0,2659000.0,2974000.0,3113000.0,2980000.0,1467000.0,6.001E7,6.003E7,
5281000.0,3833000.0,2669000.0,7614000.0,1527000.0,2695000.0,2940000.0,3105000.0,3000000.0,1469000.0,6.001E7,5.998E7,
5247000.0,3845000.0,2672000.0,7608000.0,1531000.0,2703000.0,2915000.0,3105000.0,3000000.0,1469000.0,6.001E7,5.999E7,
5219000.0,3844000.0,2675000.0,7601000.0,1522000.0,2715000.0,2897000.0,3105000.0,3055000.0,1467000.0,6.001E7,6.0E7,
5200000.0,3844000.0,2666000.0,7591000.0,1527000.0,2734000.0,2873000.0,3122000.0,3037000.0,1466000.0,6.001E7,6.002E7,
5236000.0,3839000.0,2653000.0,7572000.0,1527000.0,2770000.0,2847000.0,3125000.0,3131000.0,1466000.0,6.001E7,5.999E7,
5190000.0,3846000.0,2655000.0,7549000.0,1527000.0,2807000.0,2810000.0,3217000.0,3028000.0,1464000.0,6.001E7,5.999E7,
5158000.0,3860000.0,2660000.0,7533000.0,1527000.0,2855000.0,2762000.0,3251000.0,2993000.0,1464000.0,6.001E7,5.999E7,
5102000.0,3862000.0,2662000.0,7536000.0,1539000.0,2853000.0,2744000.0,3262000.0,2963000.0,1468000.0,6.001E7,6.001E7,
5109000.0,3868000.0,2666000.0,7534000.0,1545000.0,2853000.0,2738000.0,3285000.0,3031000.0,1468000.0,6.001E7,5.998E7,
5081000.0,3862000.0,2671000.0,7526000.0,1539000.0,2853000.0,2732000.0,3284000.0,3016000.0,1467000.0,6.001E7,5.999E7,
5055000.0,3860000.0,2670000.0,7505000.0,1513000.0,2862000.0,2707000.0,3349000.0,2952000.0,1467000.0,6.001E7,6.005E7,
5034000.0,3854000.0,2672000.0,7486000.0,1519000.0,2880000.0,2683000.0,3372000.0,2929000.0,1470000.0,6.001E7,6.005E7,
5003000.0,3839000.0,2675000.0,7476000.0,1517000.0,2898000.0,2653000.0,3372000.0,2929000.0,1468000.0,6.001E7,6.009E7,
5096000.0,3820000.0,2678000.0,7463000.0,1505000.0,2904000.0,2647000.0,3372000.0,3166000.0,1470000.0,6.001E7,6.0E7,
5097000.0,3811000.0,2673000.0,7477000.0,1515000.0,2904000.0,2623000.0,3386000.0,3190000.0,1472000.0,6.001E7,5.998E7,
5060000.0,3809000.0,2658000.0,7501000.0,1520000.0,2899000.0,2623000.0,3386000.0,3190000.0,1473000.0,6.001E7,6.0E7,
5099000.0,3817000.0,2646000.0,7490000.0,1540000.0,2885000.0,2616000.0,3392000.0,3250000.0,1473000.0,6.001E7,5.995E7,
5028000.0,3823000.0,2650000.0,7489000.0,1545000.0,2880000.0,2616000.0,3407000.0,3235000.0,1472000.0,6.001E7,5.999E7,
4920000.0,3834000.0,2651000.0,7557000.0,1556000.0,2875000.0,2610000.0,3407000.0,3233000.0,1474000.0,6.001E7,5.999E7,
4894000.0,3814000.0,2653000.0,7551000.0,1561000.0,2870000.0,2610000.0,3407000.0,3233000.0,1474000.0,6.001E7,5.999E7,
4853000.0,3822000.0,2652000.0,7558000.0,1566000.0,2865000.0,2620000.0,3397000.0,3315000.0,1475000.0,6.001E7,5.999E7,
4821000.0,3822000.0,2654000.0,7567000.0,1571000.0,2866000.0,2623000.0,3388000.0,3302000.0,1476000.0,6.001E7,5.999E7,
4807000.0,3797000.0,2657000.0,7554000.0,1577000.0,2860000.0,2631000.0,3380000.0,3302000.0,1474000.0,6.001E7,5.999E7,
4816000.0,3785000.0,2660000.0,7541000.0,1556000.0,2861000.0,2625000.0,3392000.0,3464000.0,1478000.0,6.001E7,6.0E7,
4752000.0,3781000.0,2667000.0,7550000.0,1562000.0,2867000.0,3275000.0,2736000.0,3458000.0,1478000.0,6.001E7,6.001E7,
4727000.0,3795000.0,2667000.0,7548000.0,1567000.0,2875000.0,3263000.0,2851000.0,3467000.0,1478000.0,6.001E7,5.999E7,
4698000.0,3779000.0,2674000.0,7521000.0,1572000.0,2870000.0,3272000.0,2863000.0,3501000.0,1478000.0,6.001E7,5.999E7,
4689000.0,3773000.0,2668000.0,7506000.0,1557000.0,2870000.0,3272000.0,2895000.0,3521000.0,1477000.0,6.001E7,6.001E7,
4651000.0,3773000.0,2668000.0,7525000.0,1561000.0,2871000.0,3266000.0,2915000.0,3500000.0,1478000.0,6.001E7,6.001E7,
4605000.0,3766000.0,2671000.0,7517000.0,1566000.0,2878000.0,3254000.0,2947000.0,3467000.0,1478000.0,6.001E7,6.003E7,
4580000.0,3769000.0,2673000.0,7530000.0,1565000.0,2878000.0,3248000.0,2969000.0,3446000.0,1481000.0,6.001E7,6.004E7,
4540000.0,3768000.0,2676000.0,7563000.0,1574000.0,2868000.0,3248000.0,3044000.0,3370000.0,1481000.0,6.001E7,6.004E7,
4518000.0,3770000.0,2681000.0,7561000.0,1542000.0,2874000.0,3242000.0,3061000.0,3353000.0,1483000.0,6.001E7,6.007E7,
4489000.0,3764000.0,2685000.0,7563000.0,1554000.0,2868000.0,3245000.0,3073000.0,3332000.0,1481000.0,6.001E7,6.007E7,
4540000.0,3783000.0,2687000.0,7516000.0,1559000.0,2869000.0,3249000.0,3120000.0,3343000.0,1480000.0,6.001E7,5.999E7,
4511000.0,3778000.0,2692000.0,7494000.0,1564000.0,2863000.0,3249000.0,3130000.0,3333000.0,1478000.0,6.001E7,6.001E7,
4494000.0,3777000.0,2696000.0,7498000.0,1570000.0,2869000.0,3243000.0,3156000.0,3282000.0,1477000.0,6.001E7,6.001E7,
4472000.0,3766000.0,2700000.0,7510000.0,1561000.0,2864000.0,3243000.0,3167000.0,3271000.0,1476000.0,6.001E7,6.003E7,
4420000.0,3765000.0,2690000.0,7518000.0,1552000.0,2865000.0,3243000.0,3172000.0,3232000.0,1478000.0,6.001E7,6.007E7,
4437000.0,3781000.0,2680000.0,7529000.0,1552000.0,2865000.0,3252000.0,3215000.0,3356000.0,1473000.0,6.001E7,5.999E7,
4409000.0,3781000.0,2681000.0,7523000.0,1556000.0,2866000.0,3246000.0,3227000.0,3310000.0,1475000.0,6.001E7,6.001E7,
4360000.0,3778000.0,2684000.0,7567000.0,1556000.0,2872000.0,3240000.0,3269000.0,3268000.0,1476000.0,6.001E7,6.001E7,
4328000.0,3778000.0,2686000.0,7547000.0,1537000.0,2856000.0,3240000.0,3269000.0,3256000.0,1475000.0,6.001E7,6.004E7,
4306000.0,3782000.0,2689000.0,7539000.0,1533000.0,2853000.0,3234000.0,3297000.0,3225000.0,1475000.0,6.001E7,6.006E7,
4413000.0,3776000.0,2696000.0,7515000.0,1537000.0,2854000.0,3227000.0,3354000.0,3226000.0,1471000.0,6.001E7,5.995E7,
4381000.0,3758000.0,2698000.0,7516000.0,1560000.0,2837000.0,3221000.0,3375000.0,3409000.0,1467000.0,6.001E7,5.995E7,
4348000.0,3760000.0,2680000.0,7520000.0,1576000.0,2828000.0,3221000.0,3375000.0,3403000.0,1470000.0,6.001E7,5.997E7,
4303000.0,3771000.0,2682000.0,7541000.0,1586000.0,2824000.0,3215000.0,3386000.0,3391000.0,1471000.0,6.001E7,5.997E7,
4280000.0,3767000.0,2686000.0,7508000.0,1592000.0,2823000.0,3209000.0,3386000.0,3370000.0,1473000.0,6.001E7,5.999E7,
4247000.0,3769000.0,2688000.0,7511000.0,1574000.0,2819000.0,3209000.0,3396000.0,3360000.0,1473000.0,6.001E7,6.002E7,
4224000.0,3745000.0,2688000.0,7511000.0,1523000.0,2818000.0,3209000.0,3410000.0,3345000.0,1465000.0,6.001E7,6.011E7,
4205000.0,3747000.0,2691000.0,7513000.0,1513000.0,2821000.0,3201000.0,3455000.0,3301000.0,1465000.0,6.001E7,6.012E7,
4281000.0,3749000.0,2695000.0,7519000.0,1480000.0,2831000.0,3191000.0,3481000.0,3321000.0,1466000.0,6.001E7,6.005E7,
4252000.0,3756000.0,2697000.0,7512000.0,1452000.0,2830000.0,3191000.0,3522000.0,3279000.0,1463000.0,6.001E7,6.008E7,
4324000.0,3743000.0,2703000.0,7510000.0,1452000.0,2836000.0,3190000.0,3562000.0,3295000.0,1467000.0,6.001E7,5.999E7,
4313000.0,3741000.0,2714000.0,7509000.0,1445000.0,2834000.0,3199000.0,3576000.0,3250000.0,1464000.0,6.001E7,6.0E7,
4289000.0,3739000.0,2692000.0,7499000.0,1445000.0,2834000.0,3203000.0,3583000.0,3347000.0,1467000.0,6.001E7,6.002E7,
4271000.0,3734000.0,2693000.0,7523000.0,1432000.0,2825000.0,3203000.0,3639000.0,3654000.0,1469000.0,6.001E7,6.002E7,
4234000.0,3722000.0,2696000.0,7534000.0,1428000.0,2824000.0,3208000.0,3643000.0,3630000.0,1469000.0,6.001E7,6.003E7,
4184000.0,3736000.0,2698000.0,7537000.0,1428000.0,2824000.0,3208000.0,3649000.0,3609000.0,1469000.0,6.001E7,6.003E7,
4155000.0,3731000.0,2704000.0,7520000.0,1428000.0,2824000.0,3237000.0,3633000.0,3595000.0,1472000.0,6.001E7,6.004E7,
4142000.0,3724000.0,2710000.0,7510000.0,1405000.0,2824000.0,3237000.0,3668000.0,3557000.0,1470000.0,6.001E7,6.007E7,
4122000.0,3717000.0,2711000.0,7508000.0,1405000.0,2824000.0,3237000.0,3750000.0,3475000.0,1473000.0,6.001E7,6.007E7,
4216000.0,3718000.0,2696000.0,7471000.0,1405000.0,2824000.0,3237000.0,3750000.0,3481000.0,1472000.0,6.001E7,5.998E7,
4179000.0,3712000.0,2699000.0,7475000.0,1417000.0,2812000.0,3237000.0,3817000.0,3414000.0,1473000.0,6.001E7,6.0E7,
4159000.0,3703000.0,2707000.0,7495000.0,1417000.0,2812000.0,3243000.0,3892000.0,3314000.0,1469000.0,6.001E7,6.0E7,
4177000.0,3703000.0,2714000.0,7504000.0,1383000.0,2814000.0,3226000.0,3898000.0,3352000.0,1467000.0,6.001E7,6.001E7,
4123000.0,3702000.0,2715000.0,7523000.0,1375000.0,2809000.0,3235000.0,3905000.0,3335000.0,1470000.0,6.001E7,6.004E7,
4102000.0,3705000.0,2716000.0,7497000.0,1363000.0,2809000.0,3241000.0,3905000.0,3329000.0,1469000.0,6.001E7,6.006E7,
4096000.0,3703000.0,2720000.0,7498000.0,1369000.0,2803000.0,3246000.0,3909000.0,3320000.0,1468000.0,6.001E7,6.006E7,
4071000.0,3698000.0,2722000.0,7508000.0,1348000.0,2793000.0,3252000.0,3951000.0,3272000.0,1471000.0,6.001E7,6.009E7,
4135000.0,3696000.0,2723000.0,7487000.0,1347000.0,2782000.0,3252000.0,3973000.0,3342000.0,1475000.0,6.001E7,6.003E7,
4175000.0,3700000.0,2728000.0,7468000.0,1352000.0,2777000.0,3252000.0,3999000.0,3370000.0,1473000.0,6.001E7,5.997E7,
4141000.0,3710000.0,2731000.0,7439000.0,1318000.0,2777000.0,3260000.0,4046000.0,3337000.0,1473000.0,6.001E7,6.0E7,
4115000.0,3705000.0,2733000.0,7431000.0,1317000.0,2771000.0,3260000.0,4113000.0,3252000.0,1474000.0,6.001E7,6.0E7,
4128000.0,3703000.0,2736000.0,7421000.0,1311000.0,2770000.0,3675000.0,3710000.0,3299000.0,1475000.0,6.001E7,5.999E7,
4100000.0,3687000.0,2738000.0,7409000.0,1311000.0,2770000.0,3689000.0,3761000.0,3261000.0,1476000.0,6.001E7,5.999E7,
4083000.0,3685000.0,2744000.0,7398000.0,1316000.0,2765000.0,3689000.0,3811000.0,3211000.0,1471000.0,6.001E7,5.999E7,
4075000.0,3697000.0,2734000.0,7411000.0,1313000.0,2761000.0,3698000.0,3811000.0,3347000.0,1471000.0,6.001E7,5.998E7,
4055000.0,3704000.0,2737000.0,7413000.0,1317000.0,2760000.0,3694000.0,3838000.0,3389000.0,1470000.0,6.001E7,5.998E7,
4030000.0,3693000.0,2738000.0,7403000.0,1316000.0,2753000.0,3703000.0,3906000.0,3310000.0,1471000.0,6.001E7,6.0E7,
4001000.0,3707000.0,2741000.0,7405000.0,1324000.0,2745000.0,3712000.0,3931000.0,3277000.0,1472000.0,6.001E7,6.0E7,
3976000.0,3708000.0,2746000.0,7409000.0,1329000.0,2747000.0,4699000.0,2943000.0,3259000.0,1471000.0,6.001E7,6.0E7,
3943000.0,3715000.0,2749000.0,7397000.0,1335000.0,2741000.0,4699000.0,2965000.0,3236000.0,1473000.0,6.001E7,6.002E7,
3911000.0,3698000.0,2756000.0,7377000.0,1333000.0,2745000.0,4688000.0,2986000.0,3195000.0,1472000.0,6.001E7,6.005E7,
3901000.0,3692000.0,2759000.0,7358000.0,1333000.0,2745000.0,4688000.0,2986000.0,3195000.0,1474000.0,6.001E7,6.005E7,
3906000.0,3730000.0,2764000.0,7351000.0,1318000.0,2745000.0,4694000.0,2990000.0,3198000.0,1471000.0,6.001E7,5.999E7,
3859000.0,3741000.0,2768000.0,7367000.0,1324000.0,2740000.0,4694000.0,2990000.0,3383000.0,1473000.0,6.001E7,5.999E7,
3828000.0,3739000.0,2769000.0,7366000.0,1324000.0,2748000.0,4686000.0,2990000.0,3493000.0,1476000.0,6.001E7,5.999E7,
3807000.0,3729000.0,2772000.0,7373000.0,1329000.0,2742000.0,4695000.0,2981000.0,3493000.0,1478000.0,6.001E7,6.001E7,
3793000.0,3730000.0,2777000.0,7347000.0,1329000.0,2749000.0,4688000.0,2981000.0,3493000.0,1476000.0,6.001E7,6.001E7,
3785000.0,3722000.0,2748000.0,7345000.0,1324000.0,2748000.0,4687000.0,3040000.0,3430000.0,1478000.0,6.001E7,6.005E7,
3778000.0,3719000.0,2750000.0,7337000.0,1329000.0,2743000.0,4687000.0,3100000.0,3370000.0,1479000.0,6.001E7,6.005E7,
3830000.0,3711000.0,2759000.0,7331000.0,1333000.0,2738000.0,4696000.0,3109000.0,3449000.0,1482000.0,6.001E7,5.998E7,
3797000.0,3702000.0,2761000.0,7305000.0,1318000.0,2744000.0,4699000.0,3116000.0,3419000.0,1482000.0,6.001E7,6.003E7,
3842000.0,3701000.0,2753000.0,7306000.0,1318000.0,2744000.0,4699000.0,3174000.0,3426000.0,1482000.0,6.001E7,5.999E7,
3823000.0,3698000.0,2757000.0,7291000.0,1324000.0,2746000.0,4700000.0,3164000.0,3639000.0,1482000.0,6.001E7,6.0E7,
3810000.0,3703000.0,2762000.0,7288000.0,1303000.0,2750000.0,4701000.0,3190000.0,3608000.0,1482000.0,6.001E7,6.002E7,
3810000.0,3714000.0,2769000.0,7296000.0,1303000.0,2750000.0,4701000.0,3252000.0,3725000.0,1484000.0,6.001E7,5.998E7,
3776000.0,3712000.0,2771000.0,7321000.0,1303000.0,2750000.0,4701000.0,3307000.0,3669000.0,1482000.0,6.001E7,5.998E7,
3731000.0,3700000.0,2775000.0,7326000.0,1303000.0,2750000.0,4701000.0,3363000.0,3596000.0,1485000.0,6.001E7,5.999E7,
3673000.0,3700000.0,2778000.0,7325000.0,1303000.0,2750000.0,4701000.0,3381000.0,3576000.0,1485000.0,6.001E7,6.002E7,
3645000.0,3706000.0,2780000.0,7338000.0,1303000.0,2750000.0,4701000.0,3413000.0,3517000.0,1487000.0,6.001E7,6.002E7,
3636000.0,3703000.0,2783000.0,7331000.0,1288000.0,2756000.0,4700000.0,3444000.0,3460000.0,1489000.0,6.001E7,6.004E7,
3598000.0,3692000.0,2791000.0,7310000.0,1294000.0,2750000.0,4708000.0,3467000.0,3417000.0,1489000.0,6.001E7,6.008E7,
3574000.0,3699000.0,2780000.0,7299000.0,1281000.0,2750000.0,4708000.0,3473000.0,3411000.0,1494000.0,6.001E7,6.01E7,
3534000.0,3701000.0,2767000.0,7313000.0,1281000.0,2750000.0,4708000.0,3479000.0,3392000.0,1494000.0,6.001E7,6.012E7,
3486000.0,3719000.0,2748000.0,7319000.0,1287000.0,2744000.0,4708000.0,3489000.0,3382000.0,1497000.0,6.001E7,6.014E7,
3473000.0,3720000.0,2741000.0,7303000.0,1290000.0,2740000.0,4708000.0,3595000.0,3274000.0,1498000.0,6.001E7,6.015E7,
3464000.0,3707000.0,2747000.0,7292000.0,1302000.0,2728000.0,4717000.0,3603000.0,3256000.0,1494000.0,6.001E7,6.015E7,
3584000.0,3695000.0,2735000.0,7304000.0,1302000.0,2728000.0,4717000.0,3603000.0,3348000.0,1494000.0,6.001E7,6.001E7,
3574000.0,3684000.0,2736000.0,7297000.0,1302000.0,2728000.0,4717000.0,3645000.0,3306000.0,1496000.0,6.001E7,6.001E7,
3542000.0,3687000.0,2725000.0,7281000.0,1302000.0,2736000.0,4710000.0,3645000.0,3306000.0,1494000.0,6.001E7,6.002E7,
3536000.0,3690000.0,2687000.0,7261000.0,1302000.0,2742000.0,4704000.0,3676000.0,3260000.0,1491000.0,6.001E7,6.007E7,
3529000.0,3688000.0,2692000.0,7251000.0,1296000.0,2744000.0,4700000.0,3690000.0,3247000.0,1491000.0,6.001E7,6.007E7,
3606000.0,3681000.0,2699000.0,7255000.0,1269000.0,2744000.0,4704000.0,3685000.0,3273000.0,1490000.0,6.001E7,6.001E7,
3569000.0,3682000.0,2703000.0,7252000.0,1252000.0,2746000.0,4697000.0,3696000.0,3262000.0,1487000.0,6.001E7,6.005E7,
3605000.0,3672000.0,2701000.0,7259000.0,1246000.0,2751000.0,4698000.0,3699000.0,3293000.0,1491000.0,6.001E7,6.0E7,
3584000.0,3670000.0,2703000.0,7265000.0,1252000.0,2745000.0,4710000.0,3730000.0,3250000.0,1491000.0,6.001E7,6.0E7,
3566000.0,3675000.0,2692000.0,7260000.0,1252000.0,2752000.0,4715000.0,3729000.0,3214000.0,1486000.0,6.001E7,6.002E7,
3594000.0,3677000.0,2693000.0,7239000.0,1214000.0,2751000.0,4722000.0,3777000.0,3286000.0,1487000.0,6.001E7,6.003E7,
3582000.0,3680000.0,2698000.0,7215000.0,1223000.0,2735000.0,4722000.0,3805000.0,3238000.0,1484000.0,6.001E7,6.004E7,
3616000.0,3669000.0,2678000.0,7212000.0,1210000.0,2753000.0,4715000.0,3817000.0,3240000.0,1483000.0,6.001E7,6.002E7,
3639000.0,3669000.0,2654000.0,7195000.0,1220000.0,2968000.0,4482000.0,3811000.0,3294000.0,1477000.0,6.001E7,6.002E7,
3676000.0,3666000.0,2639000.0,7200000.0,1226000.0,2980000.0,4464000.0,3837000.0,3291000.0,1479000.0,6.001E7,5.997E7,
3620000.0,3659000.0,2642000.0,7205000.0,1243000.0,2975000.0,4461000.0,3909000.0,3206000.0,1482000.0,6.001E7,6.001E7,
3579000.0,3664000.0,2648000.0,7219000.0,1243000.0,2973000.0,4454000.0,4043000.0,3072000.0,1483000.0,6.001E7,6.002E7,
3591000.0,3661000.0,2651000.0,7217000.0,1262000.0,2976000.0,4432000.0,4054000.0,3158000.0,1482000.0,6.001E7,5.999E7,
3582000.0,3656000.0,2655000.0,7211000.0,1245000.0,2994000.0,4414000.0,4077000.0,3129000.0,1483000.0,6.001E7,6.001E7,
3574000.0,3655000.0,2660000.0,7208000.0,1256000.0,3036000.0,4359000.0,4109000.0,3095000.0,1480000.0,6.001E7,6.001E7,
3539000.0,3664000.0,2661000.0,7210000.0,1256000.0,3054000.0,4374000.0,4102000.0,3068000.0,1483000.0,6.001E7,6.001E7,
3533000.0,3661000.0,2664000.0,7198000.0,1256000.0,3072000.0,4356000.0,4118000.0,3039000.0,1486000.0,6.001E7,6.001E7,
3517000.0,3668000.0,2652000.0,7209000.0,1256000.0,3084000.0,4344000.0,4130000.0,3106000.0,1484000.0,6.001E7,6.0E7,
3557000.0,3664000.0,2637000.0,7219000.0,1232000.0,3097000.0,4325000.0,4130000.0,3204000.0,1486000.0,6.001E7,5.998E7,
3543000.0,3652000.0,2641000.0,7220000.0,1242000.0,3109000.0,4309000.0,4239000.0,3123000.0,1491000.0,6.001E7,5.998E7,
3521000.0,3660000.0,2642000.0,7219000.0,1215000.0,3115000.0,4303000.0,4249000.0,3090000.0,1495000.0,6.001E7,6.0E7,
3498000.0,3658000.0,2646000.0,7224000.0,1215000.0,3115000.0,4313000.0,4252000.0,3078000.0,1497000.0,6.001E7,6.0E7,
3491000.0,3652000.0,2648000.0,7216000.0,1209000.0,3118000.0,4309000.0,4252000.0,3160000.0,1499000.0,6.001E7,6.0E7,
3477000.0,3658000.0,2650000.0,7211000.0,1191000.0,3109000.0,4309000.0,4284000.0,3127000.0,1500000.0,6.001E7,6.003E7,
3444000.0,3651000.0,2656000.0,7230000.0,1162000.0,3115000.0,4303000.0,4284000.0,3127000.0,1499000.0,6.001E7,6.006E7,
3433000.0,3653000.0,2659000.0,7220000.0,1147000.0,3120000.0,4297000.0,4286000.0,3101000.0,1500000.0,6.001E7,6.008E7,
3399000.0,3664000.0,2662000.0,7226000.0,1167000.0,3099000.0,4297000.0,4286000.0,3101000.0,1500000.0,6.001E7,6.008E7,
3503000.0,3665000.0,2664000.0,7231000.0,1164000.0,3095000.0,4305000.0,4321000.0,3077000.0,1501000.0,6.001E7,5.995E7,
3465000.0,3660000.0,2665000.0,7233000.0,1151000.0,3095000.0,4305000.0,4384000.0,3105000.0,1503000.0,6.001E7,5.999E7,
3446000.0,3654000.0,2665000.0,7229000.0,1156000.0,3090000.0,4305000.0,4419000.0,3137000.0,1506000.0,6.001E7,5.999E7,
3430000.0,3665000.0,2667000.0,7220000.0,1136000.0,3096000.0,4292000.0,4433000.0,3262000.0,1509000.0,6.001E7,6.002E7,
3442000.0,3675000.0,2658000.0,7218000.0,1136000.0,3096000.0,4292000.0,4457000.0,3328000.0,1509000.0,6.001E7,5.999E7,
3404000.0,3671000.0,2665000.0,7231000.0,1171000.0,3067000.0,4292000.0,4505000.0,3259000.0,1505000.0,6.001E7,6.0E7,
3388000.0,3662000.0,2667000.0,7219000.0,1177000.0,3061000.0,4292000.0,4564000.0,3185000.0,1509000.0,6.001E7,6.0E7,
3411000.0,3650000.0,2672000.0,7212000.0,1177000.0,3061000.0,4291000.0,4564000.0,3361000.0,1510000.0,6.001E7,5.996E7,
3408000.0,3642000.0,2664000.0,7191000.0,1900000.0,2344000.0,4285000.0,4589000.0,3425000.0,1511000.0,6.001E7,5.998E7,
3375000.0,3634000.0,2656000.0,7181000.0,1906000.0,2338000.0,4285000.0,4624000.0,3498000.0,1509000.0,6.001E7,6.0E7,
3368000.0,3621000.0,2661000.0,7171000.0,1898000.0,2332000.0,4297000.0,4658000.0,3424000.0,1515000.0,6.001E7,6.002E7,
3381000.0,3618000.0,2663000.0,7185000.0,1904000.0,2332000.0,4327000.0,4634000.0,3451000.0,1516000.0,6.001E7,5.996E7,
3353000.0,3626000.0,2666000.0,7183000.0,1894000.0,2321000.0,4337000.0,4677000.0,3488000.0,1515000.0,6.001E7,5.999E7,
3331000.0,3614000.0,2666000.0,7153000.0,1868000.0,2305000.0,4352000.0,4679000.0,3442000.0,1518000.0,6.001E7,6.006E7,
3312000.0,3609000.0,2674000.0,7159000.0,1750000.0,2318000.0,4334000.0,4692000.0,3401000.0,1518000.0,6.001E7,6.018E7,
3293000.0,3604000.0,2678000.0,7158000.0,1684000.0,2372000.0,4286000.0,4717000.0,3343000.0,1518000.0,6.001E7,6.024E7,
3248000.0,3587000.0,2670000.0,7154000.0,1645000.0,2374000.0,4268000.0,4711000.0,3332000.0,1518000.0,6.001E7,6.036E7,
3608000.0,3601000.0,2666000.0,7144000.0,1648000.0,2737000.0,3917000.0,4696000.0,3322000.0,1516000.0,6.001E7,5.999E7,
3585000.0,3597000.0,2669000.0,7136000.0,1638000.0,3027000.0,3626000.0,4678000.0,3322000.0,1515000.0,6.001E7,6.003E7,
3632000.0,3588000.0,2674000.0,7124000.0,1629000.0,3056000.0,3603000.0,4710000.0,3337000.0,1514000.0,6.001E7,5.999E7,
3603000.0,3586000.0,2675000.0,7118000.0,1652000.0,3068000.0,3580000.0,4733000.0,3303000.0,1515000.0,6.001E7,6.001E7,
3606000.0,3589000.0,2677000.0,7112000.0,1655000.0,3062000.0,3568000.0,4804000.0,3271000.0,1516000.0,6.001E7,6.0E7,
3604000.0,3574000.0,2680000.0,7104000.0,1671000.0,3083000.0,3544000.0,4961000.0,3088000.0,1516000.0,6.001E7,6.0E7,
3600000.0,3566000.0,2684000.0,7070000.0,1636000.0,3095000.0,3538000.0,4964000.0,3078000.0,1515000.0,6.001E7,6.003E7,
3588000.0,3560000.0,2686000.0,7055000.0,1657000.0,3086000.0,3530000.0,4993000.0,3038000.0,1518000.0,6.001E7,6.004E7,
3625000.0,3562000.0,2676000.0,7028000.0,1591000.0,3093000.0,3518000.0,4987000.0,3111000.0,1519000.0,6.001E7,6.008E7,
3586000.0,3553000.0,2682000.0,7038000.0,1552000.0,3094000.0,3512000.0,5050000.0,3030000.0,1516000.0,6.001E7,6.013E7,
3723000.0,3555000.0,2682000.0,7026000.0,1540000.0,3091000.0,3512000.0,5050000.0,3059000.0,1517000.0,6.001E7,5.998E7,
3709000.0,3541000.0,2650000.0,7015000.0,1526000.0,3103000.0,3506000.0,5063000.0,3040000.0,1517000.0,6.001E7,6.003E7,
3684000.0,3539000.0,2651000.0,7008000.0,2197000.0,2432000.0,3506000.0,5063000.0,3040000.0,1520000.0,6.001E7,6.004E7,
3648000.0,3540000.0,2654000.0,7026000.0,2154000.0,2432000.0,3512000.0,5162000.0,2922000.0,1524000.0,6.001E7,6.008E7,
3634000.0,3537000.0,2656000.0,7030000.0,2136000.0,2440000.0,3499000.0,5186000.0,2871000.0,1525000.0,6.001E7,6.011E7,
3731000.0,3532000.0,2661000.0,7055000.0,2136000.0,2446000.0,3499000.0,5191000.0,2890000.0,1527000.0,6.001E7,5.998E7,
3708000.0,3526000.0,2666000.0,7062000.0,3775000.0,792400.0,3507000.0,5359000.0,2829000.0,1525000.0,6.001E7,5.999E7,
3703000.0,3514000.0,2668000.0,7062000.0,3730000.0,787500.0,3501000.0,5447000.0,2735000.0,1524000.0,6.001E7,6.006E7,
3697000.0,3507000.0,2668000.0,7042000.0,3696000.0,785000.0,3507000.0,5487000.0,2687000.0,1525000.0,6.001E7,6.009E7,
3776000.0,3511000.0,2671000.0,7048000.0,3688000.0,779000.0,3507000.0,5487000.0,2862000.0,1527000.0,6.001E7,6.0E7,
3749000.0,3500000.0,2669000.0,7057000.0,3508000.0,785000.0,3506000.0,5514000.0,2813000.0,1530000.0,6.001E7,6.018E7,
3917000.0,3489000.0,2655000.0,7048000.0,3377000.0,784900.0,3537000.0,5478000.0,2893000.0,1537000.0,6.001E7,6.015E7,
4419000.0,3486000.0,2654000.0,7047000.0,3011000.0,810600.0,3511000.0,5536000.0,2930000.0,1537000.0,6.001E7,6.001E7,
4385000.0,3500000.0,2658000.0,7032000.0,1378000.0,843600.0,3468000.0,5536000.0,2911000.0,1531000.0,6.001E7,6.169E7,
6074000.0,3496000.0,2667000.0,7027000.0,1329000.0,891800.0,3432000.0,5586000.0,2980000.0,1529000.0,6.001E7,6.003E7,
6094000.0,3488000.0,2670000.0,7035000.0,1299000.0,909900.0,3432000.0,5578000.0,2978000.0,1530000.0,6.001E7,6.001E7,
6086000.0,3493000.0,2673000.0,7013000.0,1253000.0,909900.0,3438000.0,5572000.0,3010000.0,1528000.0,6.001E7,6.004E7,
6120000.0,3489000.0,2678000.0,6989000.0,1226000.0,909900.0,3452000.0,5596000.0,3055000.0,1532000.0,6.001E7,6.0E7,
6103000.0,3492000.0,2684000.0,7000000.0,1221000.0,907100.0,3458000.0,5666000.0,3052000.0,1534000.0,6.001E7,6.0E7,
6086000.0,3491000.0,2686000.0,6995000.0,1221000.0,913000.0,3451000.0,5689000.0,3027000.0,1534000.0,6.001E7,6.0E7,
6065000.0,3491000.0,2686000.0,7011000.0,1218000.0,931900.0,3427000.0,5703000.0,3013000.0,1532000.0,6.001E7,6.001E7,
6030000.0,3493000.0,2690000.0,7000000.0,1192000.0,937900.0,3421000.0,5713000.0,3003000.0,1534000.0,6.001E7,6.004E7,
6026000.0,3482000.0,2678000.0,6987000.0,1197000.0,931800.0,3421000.0,5798000.0,2916000.0,1531000.0,6.001E7,6.006E7,
6058000.0,3468000.0,2679000.0,6995000.0,1189000.0,931600.0,3441000.0,5797000.0,2943000.0,1532000.0,6.001E7,6.0E7,
6106000.0,3463000.0,2680000.0,7020000.0,1158000.0,919600.0,3441000.0,5817000.0,3043000.0,1530000.0,6.001E7,5.994E7,
6074000.0,3462000.0,2641000.0,7008000.0,1134000.0,931600.0,3423000.0,5850000.0,3010000.0,1531000.0,6.001E7,6.003E7,
6102000.0,3470000.0,2647000.0,7002000.0,1134000.0,931600.0,3429000.0,5844000.0,3083000.0,1529000.0,6.001E7,5.997E7,
6083000.0,3466000.0,2653000.0,7002000.0,1121000.0,931600.0,3441000.0,5856000.0,3089000.0,1528000.0,6.001E7,5.999E7,
6042000.0,3458000.0,2655000.0,6998000.0,1121000.0,943700.0,3438000.0,5869000.0,3155000.0,1531000.0,6.001E7,6.001E7,
6033000.0,3452000.0,2657000.0,6986000.0,1076000.0,930100.0,3450000.0,5896000.0,3132000.0,1531000.0,6.001E7,6.005E7,
6011000.0,3441000.0,2662000.0,6982000.0,1100000.0,918100.0,3450000.0,5896000.0,3080000.0,1533000.0,6.001E7,6.005E7,
5992000.0,3440000.0,2662000.0,6958000.0,1106000.0,929500.0,3444000.0,5929000.0,3007000.0,1534000.0,6.001E7,6.005E7,
6024000.0,3430000.0,2662000.0,6964000.0,1111000.0,930700.0,3487000.0,5926000.0,3057000.0,1536000.0,6.001E7,5.999E7,
6025000.0,3430000.0,2663000.0,6980000.0,1112000.0,935500.0,3497000.0,5902000.0,3086000.0,1539000.0,6.001E7,5.997E7,
5997000.0,3433000.0,2668000.0,6951000.0,1092000.0,946400.0,3496000.0,5920000.0,3045000.0,1539000.0,6.001E7,6.0E7,
5975000.0,3424000.0,2671000.0,6950000.0,1092000.0,946400.0,3502000.0,5948000.0,3011000.0,1544000.0,6.001E7,6.0E7,
5900000.0,3426000.0,2670000.0,6998000.0,1098000.0,962300.0,3492000.0,5955000.0,2968000.0,1544000.0,6.001E7,6.0E7,
5850000.0,3424000.0,2674000.0,7046000.0,1098000.0,968300.0,3504000.0,5946000.0,3009000.0,1540000.0,6.001E7,6.0E7,
5816000.0,3427000.0,2677000.0,7062000.0,1098000.0,974300.0,3498000.0,5956000.0,2999000.0,1541000.0,6.001E7,6.0E7,
5776000.0,3439000.0,2681000.0,7092000.0,1086000.0,978700.0,3498000.0,5969000.0,3127000.0,1542000.0,6.001E7,6.0E7,
5787000.0,3436000.0,2684000.0,7071000.0,1077000.0,978700.0,3492000.0,5984000.0,3178000.0,1541000.0,6.001E7,5.998E7,
5762000.0,3436000.0,2688000.0,7072000.0,1077000.0,984800.0,3492000.0,5999000.0,3126000.0,1540000.0,6.001E7,5.998E7,
5750000.0,3425000.0,2689000.0,7065000.0,1077000.0,997800.0,3485000.0,6023000.0,3144000.0,1543000.0,6.001E7,5.998E7,
5734000.0,3425000.0,2691000.0,7057000.0,1063000.0,997800.0,3509000.0,5999000.0,3090000.0,1541000.0,6.001E7,5.999E7,
5743000.0,3422000.0,2693000.0,7056000.0,1050000.0,1012000.0,3500000.0,6008000.0,3171000.0,1543000.0,5.994E7,5.998E7,
5712000.0,3433000.0,2697000.0,7040000.0,1074000.0,1024000.0,3464000.0,6014000.0,3265000.0,1545000.0,6.001E7,5.998E7,
5629000.0,3446000.0,2700000.0,7083000.0,1074000.0,1036000.0,3470000.0,5996000.0,3265000.0,1543000.0,6.001E7,5.998E7,
5529000.0,3449000.0,2704000.0,7124000.0,1054000.0,1071000.0,3462000.0,5990000.0,3183000.0,1542000.0,6.001E7,6.002E7,
5522000.0,3443000.0,2707000.0,7116000.0,1059000.0,1084000.0,3456000.0,5978000.0,3161000.0,1544000.0,6.001E7,6.002E7,
5442000.0,3454000.0,2680000.0,7159000.0,1071000.0,1102000.0,3450000.0,5973000.0,3141000.0,1542000.0,6.001E7,6.005E7,
5396000.0,3446000.0,2686000.0,7178000.0,1071000.0,1933000.0,2644000.0,5949000.0,3130000.0,1543000.0,6.001E7,6.007E7,
5371000.0,3441000.0,2673000.0,7158000.0,1071000.0,1939000.0,2659000.0,5934000.0,3099000.0,1544000.0,6.001E7,6.01E7,
5469000.0,3424000.0,2677000.0,7162000.0,1065000.0,2655000.0,1996000.0,5880000.0,3224000.0,1545000.0,6.001E7,5.998E7,
5419000.0,3417000.0,2677000.0,7176000.0,1071000.0,2679000.0,1990000.0,5896000.0,3170000.0,1543000.0,6.001E7,6.001E7,
5335000.0,3423000.0,2681000.0,7221000.0,1070000.0,2697000.0,2020000.0,5994000.0,2989000.0,1541000.0,6.002E7,6.002E7,
5343000.0,3415000.0,2683000.0,7231000.0,1053000.0,2717000.0,2047000.0,5954000.0,3050000.0,1540000.0,6.001E7,6.0E7,
5324000.0,3413000.0,2686000.0,7262000.0,1049000.0,2709000.0,2065000.0,5939000.0,3145000.0,1541000.0,6.001E7,5.999E7,
5340000.0,3404000.0,2673000.0,7262000.0,1055000.0,2727000.0,2131000.0,5861000.0,3239000.0,1542000.0,6.001E7,5.998E7,
5257000.0,3431000.0,2676000.0,7278000.0,1061000.0,2739000.0,2161000.0,5824000.0,3296000.0,1544000.0,6.001E7,6.001E7,
5270000.0,3428000.0,2678000.0,7275000.0,1051000.0,2741000.0,2179000.0,5847000.0,3359000.0,1543000.0,6.001E7,6.001E7,
5251000.0,3428000.0,2678000.0,7294000.0,1051000.0,2759000.0,2197000.0,5810000.0,3461000.0,1542000.0,6.001E7,6.0E7,
5215000.0,3424000.0,2691000.0,7297000.0,1052000.0,2761000.0,2187000.0,5804000.0,3716000.0,1536000.0,6.001E7,6.001E7,
5204000.0,3425000.0,2692000.0,7293000.0,1058000.0,2778000.0,2177000.0,5792000.0,3795000.0,1538000.0,6.001E7,6.0E7,
5203000.0,3402000.0,2697000.0,7283000.0,1058000.0,2796000.0,2203000.0,5821000.0,3751000.0,1534000.0,6.001E7,5.999E7,
5164000.0,3411000.0,2703000.0,7276000.0,1058000.0,2795000.0,2197000.0,5856000.0,3793000.0,1534000.0,6.001E7,6.0E7,
5128000.0,3405000.0,2704000.0,7285000.0,1070000.0,2783000.0,2212000.0,5856000.0,3812000.0,1536000.0,6.001E7,6.0E7,
5094000.0,3402000.0,2713000.0,7292000.0,1057000.0,2783000.0,2230000.0,5888000.0,3724000.0,1537000.0,6.001E7,6.001E7,
5061000.0,3401000.0,2713000.0,7290000.0,1069000.0,2771000.0,2242000.0,5876000.0,3714000.0,1538000.0,6.001E7,6.001E7,
5045000.0,3403000.0,2706000.0,7288000.0,1074000.0,2771000.0,2260000.0,5846000.0,3714000.0,1538000.0,6.001E7,6.003E7,
5017000.0,3413000.0,2710000.0,7278000.0,1079000.0,2768000.0,2256000.0,5840000.0,3695000.0,1539000.0,6.001E7,6.006E7,
4978000.0,3407000.0,2712000.0,7302000.0,1079000.0,2768000.0,2268000.0,5863000.0,3648000.0,1543000.0,6.001E7,6.006E7,
4962000.0,3408000.0,2711000.0,7308000.0,1110000.0,2730000.0,2322000.0,5871000.0,3580000.0,1543000.0,6.001E7,6.007E7,
4899000.0,3428000.0,2704000.0,7327000.0,1105000.0,2730000.0,2376000.0,5810000.0,3574000.0,1546000.0,6.001E7,6.01E7,
4885000.0,3429000.0,2707000.0,7317000.0,1111000.0,2730000.0,2388000.0,5803000.0,3563000.0,1546000.0,6.001E7,6.01E7,
4977000.0,3426000.0,2708000.0,7336000.0,1123000.0,2724000.0,2406000.0,5794000.0,3723000.0,1548000.0,6.001E7,5.997E7,
4912000.0,3454000.0,2712000.0,7333000.0,1133000.0,2712000.0,2418000.0,5807000.0,3660000.0,1550000.0,6.001E7,5.999E7,
4874000.0,3463000.0,2711000.0,7347000.0,1493000.0,2352000.0,2461000.0,5759000.0,3626000.0,1551000.0,6.001E7,6.0E7,
4836000.0,3462000.0,2710000.0,7356000.0,1499000.0,2352000.0,2478000.0,5787000.0,3565000.0,1552000.0,6.001E7,6.0E7,
4825000.0,3455000.0,2717000.0,7361000.0,1510000.0,2364000.0,2493000.0,5792000.0,3538000.0,1551000.0,6.001E7,5.998E7,
4812000.0,3452000.0,2719000.0,7337000.0,1494000.0,2382000.0,2529000.0,5796000.0,3432000.0,1549000.0,6.001E7,6.0E7,
4808000.0,3467000.0,2720000.0,7331000.0,1536000.0,2346000.0,2554000.0,5806000.0,3570000.0,1549000.0,6.001E7,5.999E7,
4773000.0,3468000.0,2725000.0,7326000.0,1212000.0,2356000.0,2533000.0,5797000.0,3544000.0,1549000.0,6.001E7,6.033E7,
5114000.0,3471000.0,2725000.0,7308000.0,1198000.0,2356000.0,2539000.0,5821000.0,3659000.0,1547000.0,6.001E7,5.998E7,
5073000.0,3475000.0,2714000.0,7326000.0,1213000.0,2359000.0,2535000.0,5821000.0,3699000.0,1552000.0,6.001E7,6.0E7,
5012000.0,3491000.0,2716000.0,7332000.0,1189000.0,2359000.0,2555000.0,5799000.0,3847000.0,1551000.0,6.001E7,6.003E7,
4994000.0,3490000.0,2719000.0,7338000.0,1176000.0,2341000.0,2567000.0,5803000.0,3831000.0,1556000.0,6.001E7,6.006E7,
5047000.0,3497000.0,2723000.0,7347000.0,1170000.0,2339000.0,2561000.0,5797000.0,3926000.0,1555000.0,6.001E7,5.998E7,
5032000.0,3494000.0,2726000.0,7333000.0,1145000.0,2339000.0,2543000.0,5829000.0,3999000.0,1554000.0,6.001E7,6.002E7,
5007000.0,3496000.0,2729000.0,7331000.0,1125000.0,2333000.0,2543000.0,5940000.0,3877000.0,1556000.0,6.001E7,6.005E7,
4999000.0,3492000.0,2734000.0,7314000.0,1131000.0,2346000.0,2525000.0,6009000.0,3809000.0,1559000.0,6.001E7,6.005E7,
4983000.0,3492000.0,2739000.0,7301000.0,1127000.0,2337000.0,2527000.0,6009000.0,3798000.0,1559000.0,6.001E7,6.007E7,
4965000.0,3487000.0,2739000.0,7316000.0,1086000.0,2338000.0,2527000.0,6013000.0,3788000.0,1562000.0,6.001E7,6.012E7,
5073000.0,3479000.0,2743000.0,7333000.0,2124000.0,1306000.0,2531000.0,6036000.0,3787000.0,1560000.0,6.001E7,5.997E7,
5053000.0,3471000.0,2748000.0,7341000.0,2130000.0,1300000.0,2537000.0,6056000.0,3762000.0,1559000.0,6.001E7,5.997E7,
4986000.0,3469000.0,2752000.0,7385000.0,2097000.0,1306000.0,2531000.0,6129000.0,3693000.0,1560000.0,6.001E7,6.001E7,
4947000.0,3484000.0,2756000.0,7388000.0,2058000.0,1315000.0,2525000.0,6133000.0,3643000.0,1562000.0,6.001E7,6.005E7,
4876000.0,3502000.0,2752000.0,7420000.0,1950000.0,1326000.0,2525000.0,6133000.0,3608000.0,1561000.0,6.001E7,6.017E7,
5088000.0,3503000.0,2752000.0,7395000.0,1908000.0,1318000.0,2549000.0,6184000.0,3626000.0,1563000.0,6.001E7,6.0E7,
4990000.0,3497000.0,2736000.0,7462000.0,1867000.0,1330000.0,2537000.0,6228000.0,3563000.0,1563000.0,6.001E7,6.008E7,
4959000.0,3498000.0,2737000.0,7457000.0,1551000.0,1341000.0,2519000.0,6250000.0,3501000.0,1563000.0,6.001E7,6.042E7,
4936000.0,3495000.0,2739000.0,7460000.0,1462000.0,1378000.0,2494000.0,6299000.0,3413000.0,1563000.0,6.001E7,6.052E7,
4911000.0,3497000.0,2741000.0,7455000.0,1396000.0,1372000.0,2524000.0,6279000.0,3385000.0,1564000.0,6.001E7,6.06E7,
4817000.0,3494000.0,2739000.0,7483000.0,1348000.0,1401000.0,2520000.0,6254000.0,3373000.0,1562000.0,6.001E7,6.067E7,
5468000.0,3502000.0,2742000.0,7450000.0,1322000.0,1398000.0,2515000.0,6274000.0,3615000.0,1562000.0,6.001E7,6.004E7,
5565000.0,3499000.0,2743000.0,7423000.0,1292000.0,1366000.0,2529000.0,6277000.0,3680000.0,1562000.0,6.001E7,5.999E7,
5525000.0,3495000.0,2746000.0,7442000.0,1278000.0,1378000.0,2535000.0,6259000.0,3680000.0,1560000.0,6.001E7,6.002E7,
5510000.0,3494000.0,2749000.0,7445000.0,1254000.0,1371000.0,2539000.0,6257000.0,3648000.0,1562000.0,6.001E7,6.006E7,
5480000.0,3502000.0,2747000.0,7454000.0,1260000.0,1365000.0,2539000.0,6272000.0,3633000.0,1556000.0,6.001E7,6.007E7,
5468000.0,3497000.0,2735000.0,7441000.0,1240000.0,1365000.0,2527000.0,6357000.0,3536000.0,1560000.0,6.001E7,6.011E7,
5451000.0,3497000.0,2742000.0,7443000.0,1231000.0,1359000.0,2548000.0,6387000.0,3486000.0,1558000.0,6.001E7,6.013E7,
5551000.0,3496000.0,2742000.0,7477000.0,1238000.0,1355000.0,2553000.0,6406000.0,3396000.0,1559000.0,6.001E7,6.0E7,
5537000.0,3493000.0,2743000.0,7466000.0,1229000.0,1378000.0,2536000.0,6440000.0,3322000.0,1561000.0,6.001E7,6.001E7,
5604000.0,3505000.0,2743000.0,7481000.0,1200000.0,1378000.0,2548000.0,6459000.0,3334000.0,1562000.0,6.001E7,5.995E7,
5553000.0,3510000.0,2730000.0,7510000.0,1202000.0,1362000.0,2578000.0,6444000.0,3504000.0,1562000.0,6.001E7,5.997E7,
5523000.0,3510000.0,2731000.0,7515000.0,1217000.0,1352000.0,2572000.0,6476000.0,3565000.0,1565000.0,6.001E7,5.999E7,
5525000.0,3522000.0,2736000.0,7508000.0,1217000.0,1351000.0,2609000.0,6533000.0,3641000.0,1563000.0,6.001E7,5.996E7,
5498000.0,3510000.0,2740000.0,7504000.0,1223000.0,1387000.0,2578000.0,6544000.0,3658000.0,1562000.0,6.001E7,5.996E7,
5472000.0,3506000.0,2739000.0,7486000.0,1188000.0,1414000.0,2555000.0,6562000.0,3802000.0,1565000.0,6.001E7,6.0E7,
5411000.0,3500000.0,2725000.0,7535000.0,1175000.0,1420000.0,2537000.0,6606000.0,3738000.0,1566000.0,6.001E7,6.004E7,
5364000.0,3501000.0,2726000.0,7532000.0,1169000.0,1432000.0,2519000.0,6650000.0,3694000.0,1570000.0,6.001E7,6.007E7,
5264000.0,3500000.0,2717000.0,7536000.0,1589000.0,1023000.0,2507000.0,6647000.0,3685000.0,1571000.0,6.001E7,6.016E7,
5437000.0,3501000.0,2718000.0,7519000.0,1606000.0,1012000.0,2531000.0,6617000.0,3717000.0,1571000.0,6.001E7,5.997E7,
5385000.0,3506000.0,2720000.0,7521000.0,1644000.0,2150000.0,1398000.0,6716000.0,3656000.0,1570000.0,6.001E7,5.997E7,
5340000.0,3505000.0,2714000.0,7530000.0,1660000.0,2139000.0,1422000.0,6751000.0,3784000.0,1570000.0,6.001E7,6.0E7,
5317000.0,3507000.0,2713000.0,7527000.0,1672000.0,2138000.0,1451000.0,6728000.0,4054000.0,1574000.0,6.001E7,5.999E7,
5287000.0,3504000.0,2721000.0,7516000.0,1605000.0,2143000.0,1457000.0,6741000.0,4023000.0,1571000.0,6.001E7,6.008E7,
5341000.0,3515000.0,2725000.0,7549000.0,1585000.0,2133000.0,1488000.0,6736000.0,4017000.0,1572000.0,6.001E7,6.0E7,
5292000.0,3501000.0,2696000.0,7550000.0,1507000.0,2133000.0,1506000.0,6758000.0,3962000.0,1571000.0,6.001E7,6.012E7,
5262000.0,3500000.0,2702000.0,7563000.0,1509000.0,2127000.0,1512000.0,6784000.0,3918000.0,1571000.0,6.001E7,6.014E7,
5226000.0,3493000.0,2706000.0,7580000.0,1482000.0,2131000.0,1520000.0,6776000.0,3895000.0,1574000.0,6.001E7,6.017E7,
5463000.0,3494000.0,2711000.0,7557000.0,1454000.0,2136000.0,1537000.0,6763000.0,3891000.0,1570000.0,6.001E7,5.995E7,
5440000.0,3524000.0,2715000.0,7560000.0,1397000.0,2136000.0,1525000.0,6787000.0,3883000.0,1570000.0,6.002E7,6.0E7,
5425000.0,3515000.0,2719000.0,7548000.0,1358000.0,2128000.0,1545000.0,6784000.0,3823000.0,1569000.0,6.001E7,6.005E7,
5386000.0,3525000.0,2710000.0,7552000.0,1356000.0,2128000.0,1539000.0,6833000.0,3748000.0,1572000.0,6.001E7,6.007E7,
5439000.0,3518000.0,2715000.0,7541000.0,1355000.0,2123000.0,1545000.0,6821000.0,3800000.0,1570000.0,6.001E7,6.0E7,
5344000.0,3512000.0,2715000.0,7598000.0,1309000.0,2134000.0,1534000.0,6827000.0,3768000.0,1570000.0,6.001E7,6.006E7,
5305000.0,3507000.0,2718000.0,7599000.0,1337000.0,2123000.0,1517000.0,6875000.0,3721000.0,1571000.0,6.001E7,6.008E7,
5407000.0,3502000.0,2696000.0,7575000.0,1340000.0,2118000.0,1499000.0,6979000.0,3662000.0,1574000.0,6.001E7,6.0E7,
5414000.0,3519000.0,2698000.0,7574000.0,1330000.0,2114000.0,1493000.0,6979000.0,3680000.0,1573000.0,6.001E7,5.996E7,
5388000.0,3513000.0,2701000.0,7565000.0,1329000.0,2105000.0,1486000.0,6979000.0,3680000.0,1571000.0,6.001E7,5.998E7,
5313000.0,3521000.0,2701000.0,7598000.0,1353000.0,2110000.0,1457000.0,6989000.0,3669000.0,1571000.0,6.001E7,5.998E7,
5277000.0,3514000.0,2704000.0,7613000.0,1353000.0,2116000.0,1444000.0,6983000.0,3827000.0,1569000.0,6.001E7,6.001E7,
5304000.0,3515000.0,2691000.0,7607000.0,1336000.0,2095000.0,1444000.0,7036000.0,3822000.0,1568000.0,6.001E7,5.999E7,
5250000.0,3525000.0,2694000.0,7621000.0,1336000.0,2095000.0,1444000.0,7036000.0,3908000.0,1567000.0,6.001E7,5.999E7,
5223000.0,3524000.0,2693000.0,7600000.0,1341000.0,2095000.0,1438000.0,7036000.0,3908000.0,1567000.0,6.001E7,5.999E7,
5189000.0,3511000.0,2698000.0,7598000.0,1347000.0,2088000.0,1438000.0,7066000.0,3878000.0,1570000.0,6.001E7,5.999E7,
5161000.0,3501000.0,2700000.0,7572000.0,1359000.0,2082000.0,1447000.0,7071000.0,3905000.0,1570000.0,6.001E7,6.001E7,
5125000.0,3500000.0,2715000.0,7582000.0,1346000.0,2082000.0,1453000.0,7160000.0,3796000.0,1556000.0,6.001E7,6.004E7,
5154000.0,3502000.0,2721000.0,7579000.0,1346000.0,2082000.0,1459000.0,7175000.0,3821000.0,1552000.0,6.001E7,5.999E7,
5118000.0,3489000.0,2726000.0,7542000.0,1370000.0,2058000.0,1483000.0,7162000.0,3752000.0,1551000.0,6.001E7,6.0E7,
5152000.0,3490000.0,2729000.0,7531000.0,1322000.0,2062000.0,1491000.0,7204000.0,3748000.0,1551000.0,6.001E7,6.001E7,
5136000.0,3486000.0,2737000.0,7519000.0,1322000.0,2765000.0,804000.0,7199000.0,3738000.0,1550000.0,6.001E7,6.001E7,
5103000.0,3488000.0,2739000.0,7584000.0,1328000.0,2765000.0,797900.0,7231000.0,3846000.0,1548000.0,6.001E7,5.997E7,
5064000.0,3487000.0,2738000.0,7577000.0,1340000.0,2752000.0,809900.0,7302000.0,3733000.0,1550000.0,6.001E7,5.998E7,
5040000.0,3485000.0,2743000.0,7585000.0,1352000.0,2740000.0,818100.0,7294000.0,3718000.0,1550000.0,6.001E7,5.998E7,
4997000.0,3488000.0,2743000.0,7578000.0,1370000.0,2722000.0,818100.0,7393000.0,3618000.0,1550000.0,6.001E7,5.999E7,
4974000.0,3487000.0,2746000.0,7578000.0,1376000.0,2721000.0,813300.0,7393000.0,3736000.0,1550000.0,6.001E7,5.999E7,
4972000.0,3481000.0,2735000.0,7577000.0,1383000.0,2724000.0,812400.0,7427000.0,3703000.0,1549000.0,6.001E7,5.998E7,
4943000.0,3488000.0,2737000.0,7565000.0,1371000.0,2724000.0,812400.0,7476000.0,3667000.0,1551000.0,6.001E7,5.999E7,
4895000.0,3493000.0,2720000.0,7581000.0,1383000.0,2720000.0,813800.0,7489000.0,3646000.0,1551000.0,6.001E7,6.001E7,
4899000.0,3489000.0,2721000.0,7574000.0,1389000.0,2713000.0,821900.0,7497000.0,3729000.0,1553000.0,6.001E7,5.999E7,
4859000.0,3494000.0,2723000.0,7552000.0,1375000.0,2718000.0,817000.0,7518000.0,3708000.0,1554000.0,6.001E7,6.003E7,
4849000.0,3501000.0,2725000.0,7578000.0,1370000.0,2717000.0,825000.0,7580000.0,3746000.0,1553000.0,6.001E7,5.999E7,
4873000.0,3519000.0,2701000.0,7575000.0,1370000.0,2717000.0,812900.0,7607000.0,3782000.0,1550000.0,6.001E7,5.996E7,
4821000.0,3515000.0,2693000.0,7587000.0,1340000.0,2717000.0,812900.0,7645000.0,3795000.0,1550000.0,6.001E7,6.003E7,
4836000.0,3514000.0,2695000.0,7587000.0,1339000.0,2706000.0,873400.0,7606000.0,3844000.0,1550000.0,6.001E7,5.999E7,
4750000.0,3544000.0,2696000.0,7623000.0,1332000.0,2700000.0,891500.0,7655000.0,3869000.0,1550000.0,6.001E7,6.0E7,
4707000.0,3547000.0,2696000.0,7632000.0,1312000.0,2700000.0,927100.0,7669000.0,3808000.0,1550000.0,6.001E7,6.002E7,
4689000.0,3552000.0,2696000.0,7626000.0,1298000.0,2705000.0,921000.0,7702000.0,3761000.0,1551000.0,6.001E7,6.003E7,
4671000.0,3553000.0,2697000.0,7617000.0,1296000.0,2700000.0,964200.0,7674000.0,3731000.0,1552000.0,6.001E7,6.004E7,
4621000.0,3555000.0,2701000.0,7620000.0,1253000.0,2701000.0,994400.0,7676000.0,3693000.0,1547000.0,6.001E7,6.009E7,
4707000.0,3561000.0,2687000.0,7636000.0,1240000.0,2689000.0,1031000.0,7678000.0,3763000.0,1541000.0,6.001E7,6.002E7,
4746000.0,3557000.0,2687000.0,7626000.0,1225000.0,2695000.0,1025000.0,7692000.0,3807000.0,1542000.0,6.001E7,6.0E7,
4758000.0,3564000.0,2686000.0,7603000.0,1204000.0,3062000.0,669700.0,7715000.0,3870000.0,1540000.0,6.001E7,5.998E7,
4745000.0,3571000.0,2688000.0,7609000.0,1155000.0,3049000.0,681700.0,7713000.0,3944000.0,1542000.0,6.001E7,6.002E7,
4692000.0,3576000.0,2691000.0,7599000.0,1155000.0,3061000.0,5632000.0,2793000.0,3902000.0,1541000.0,6.001E7,6.004E7,
4677000.0,3572000.0,2694000.0,7566000.0,1143000.0,3061000.0,5638000.0,2818000.0,3843000.0,1544000.0,6.001E7,6.006E7,
4642000.0,3566000.0,2700000.0,7577000.0,1126000.0,3073000.0,5638000.0,2820000.0,3816000.0,1543000.0,6.001E7,6.007E7,
4618000.0,3569000.0,2707000.0,7565000.0,1135000.0,3063000.0,5650000.0,2860000.0,3763000.0,1543000.0,6.001E7,6.007E7,
4676000.0,3579000.0,2693000.0,7577000.0,1135000.0,3063000.0,5650000.0,2876000.0,3776000.0,1542000.0,6.001E7,5.998E7,
4629000.0,3592000.0,2699000.0,7585000.0,1128000.0,3069000.0,5648000.0,2949000.0,3656000.0,1543000.0,6.002E7,5.999E7,
4616000.0,3583000.0,2703000.0,7556000.0,1134000.0,3063000.0,5661000.0,2957000.0,3723000.0,1542000.0,6.001E7,5.999E7,
4564000.0,3577000.0,2706000.0,7583000.0,1140000.0,3088000.0,5630000.0,2967000.0,3674000.0,1544000.0,6.001E7,5.999E7,
4533000.0,3584000.0,2712000.0,7581000.0,1139000.0,3094000.0,5612000.0,2973000.0,3668000.0,1545000.0,6.001E7,6.0E7,
4520000.0,3587000.0,2714000.0,7568000.0,1145000.0,3094000.0,5606000.0,3022000.0,3619000.0,1545000.0,6.001E7,6.0E7,
4499000.0,3594000.0,2715000.0,7561000.0,1157000.0,3093000.0,5595000.0,3050000.0,3661000.0,1544000.0,6.001E7,6.0E7,
4462000.0,3589000.0,2720000.0,7544000.0,1175000.0,3075000.0,5595000.0,3061000.0,3670000.0,1547000.0,6.001E7,6.001E7,
4412000.0,3586000.0,2721000.0,7536000.0,1168000.0,3069000.0,5588000.0,3084000.0,3633000.0,1543000.0,6.001E7,6.005E7,
4381000.0,3603000.0,2725000.0,7531000.0,1160000.0,3069000.0,5582000.0,3084000.0,3633000.0,1542000.0,6.001E7,6.006E7,
4454000.0,3603000.0,2732000.0,7525000.0,1170000.0,3058000.0,5582000.0,3150000.0,3612000.0,1536000.0,6.001E7,5.999E7,
4403000.0,3616000.0,2719000.0,7524000.0,1175000.0,3052000.0,5586000.0,3147000.0,3617000.0,1537000.0,6.001E7,6.001E7,
4390000.0,3606000.0,2719000.0,7509000.0,1169000.0,3051000.0,5588000.0,3226000.0,3503000.0,1540000.0,6.001E7,6.002E7,
4342000.0,3609000.0,2702000.0,7537000.0,1186000.0,3052000.0,5570000.0,3226000.0,3503000.0,1541000.0,6.001E7,6.004E7,
4333000.0,3600000.0,2689000.0,7518000.0,1186000.0,3052000.0,5576000.0,3244000.0,3456000.0,1538000.0,6.001E7,6.006E7,
4316000.0,3593000.0,2696000.0,7495000.0,1186000.0,3052000.0,5576000.0,3250000.0,3436000.0,1538000.0,6.001E7,6.006E7,
4367000.0,3583000.0,2706000.0,7478000.0,1186000.0,3059000.0,5569000.0,3277000.0,3496000.0,1535000.0,6.001E7,5.999E7,
4384000.0,3585000.0,2709000.0,7463000.0,1183000.0,3048000.0,5578000.0,3319000.0,3572000.0,1534000.0,6.001E7,5.998E7,
4351000.0,3586000.0,2709000.0,7460000.0,1178000.0,3047000.0,5572000.0,3319000.0,3691000.0,1533000.0,6.001E7,5.999E7,
4290000.0,3573000.0,2710000.0,7439000.0,1178000.0,3047000.0,5577000.0,3327000.0,3665000.0,1534000.0,6.001E7,6.003E7,
4282000.0,3566000.0,2693000.0,7427000.0,1146000.0,3059000.0,5563000.0,3342000.0,3631000.0,1534000.0,6.001E7,6.009E7,
4402000.0,3559000.0,2676000.0,7420000.0,1152000.0,3059000.0,5567000.0,3403000.0,3634000.0,1533000.0,6.001E7,5.998E7,
4362000.0,3579000.0,2681000.0,7411000.0,1164000.0,3065000.0,5537000.0,3471000.0,3532000.0,1531000.0,6.001E7,5.999E7,
4344000.0,3575000.0,2685000.0,7417000.0,1156000.0,3077000.0,5524000.0,3511000.0,3442000.0,1531000.0,6.001E7,6.0E7,
4310000.0,3597000.0,2691000.0,7390000.0,1166000.0,3084000.0,5515000.0,3525000.0,3408000.0,1529000.0,6.001E7,6.0E7,
4307000.0,3602000.0,2693000.0,7393000.0,1166000.0,3099000.0,5500000.0,3624000.0,3407000.0,1529000.0,6.001E7,5.998E7,
4291000.0,3591000.0,2696000.0,7375000.0,1133000.0,3111000.0,5482000.0,3634000.0,3385000.0,1526000.0,6.001E7,6.002E7,
4249000.0,3596000.0,2698000.0,7387000.0,1114000.0,3111000.0,5470000.0,3646000.0,3339000.0,1525000.0,6.001E7,6.006E7,
4207000.0,3610000.0,2702000.0,7365000.0,2995000.0,1218000.0,5496000.0,3655000.0,3273000.0,1520000.0,6.001E7,6.009E7,
4325000.0,3609000.0,2706000.0,7371000.0,2934000.0,1224000.0,5490000.0,3686000.0,3245000.0,1518000.0,6.001E7,5.998E7,
4306000.0,3609000.0,2710000.0,7359000.0,2942000.0,1208000.0,5498000.0,3690000.0,3205000.0,1518000.0,6.001E7,5.999E7,
4294000.0,3612000.0,2716000.0,7346000.0,2868000.0,1214000.0,5491000.0,3710000.0,3214000.0,1517000.0,6.001E7,6.007E7,
4287000.0,3613000.0,2702000.0,7330000.0,2749000.0,1236000.0,5473000.0,3727000.0,3191000.0,1517000.0,6.001E7,6.02E7,
4549000.0,3613000.0,2703000.0,7326000.0,2634000.0,1254000.0,5543000.0,3650000.0,3296000.0,1517000.0,6.001E7,6.002E7,
4702000.0,3607000.0,2705000.0,7316000.0,2429000.0,1272000.0,5525000.0,3662000.0,3261000.0,1517000.0,6.001E7,6.007E7,
4832000.0,3596000.0,2712000.0,7277000.0,2325000.0,1284000.0,5754000.0,3479000.0,3343000.0,1519000.0,6.001E7,6.003E7,
4840000.0,3588000.0,2716000.0,7287000.0,2296000.0,1295000.0,5756000.0,3478000.0,3342000.0,1525000.0,6.003E7,6.001E7,
4779000.0,3591000.0,2718000.0,7288000.0,2277000.0,1289000.0,5774000.0,3468000.0,3333000.0,1528000.0,6.001E7,6.005E7,
4738000.0,3594000.0,2721000.0,7260000.0,2237000.0,1295000.0,5798000.0,3475000.0,3296000.0,1524000.0,6.001E7,6.011E7,
4719000.0,3598000.0,2725000.0,7263000.0,2213000.0,1300000.0,5804000.0,3505000.0,3254000.0,1523000.0,6.001E7,6.013E7,
4856000.0,3604000.0,2726000.0,7267000.0,2192000.0,1294000.0,5828000.0,3492000.0,3294000.0,1523000.0,6.001E7,6.0E7,
4830000.0,3596000.0,2733000.0,7248000.0,2115000.0,1322000.0,5815000.0,3490000.0,3282000.0,1528000.0,6.001E7,6.007E7,
4799000.0,3616000.0,2740000.0,7234000.0,2094000.0,1340000.0,5795000.0,3542000.0,3204000.0,1521000.0,6.001E7,6.01E7,
4988000.0,3618000.0,2742000.0,7222000.0,2003000.0,1340000.0,5795000.0,3563000.0,3211000.0,1525000.0,6.001E7,5.999E7,
5040000.0,3608000.0,2743000.0,7210000.0,1565000.0,1347000.0,5793000.0,3571000.0,3227000.0,1529000.0,6.001E7,6.04E7,
5020000.0,3604000.0,2747000.0,7207000.0,1514000.0,1353000.0,5795000.0,3567000.0,3216000.0,1526000.0,6.001E7,6.045E7,
5005000.0,3597000.0,2750000.0,7196000.0,1519000.0,1758000.0,5372000.0,3579000.0,3205000.0,1526000.0,6.001E7,6.047E7,
4957000.0,3587000.0,2748000.0,7230000.0,1542000.0,1747000.0,5360000.0,3579000.0,3205000.0,1527000.0,6.001E7,6.047E7,
4931000.0,3580000.0,2753000.0,7210000.0,1542000.0,1760000.0,5347000.0,3661000.0,3110000.0,1525000.0,6.001E7,6.047E7,
4904000.0,3570000.0,2736000.0,7203000.0,1548000.0,1784000.0,5323000.0,3668000.0,3082000.0,1518000.0,6.001E7,6.052E7,
4882000.0,3576000.0,2747000.0,7183000.0,1500000.0,1795000.0,5309000.0,3745000.0,3005000.0,1513000.0,6.001E7,6.057E7,
5456000.0,3572000.0,2752000.0,7169000.0,1485000.0,1813000.0,5290000.0,3745000.0,3268000.0,1510000.0,6.001E7,5.999E7,
5442000.0,3570000.0,2755000.0,7130000.0,1478000.0,1807000.0,5284000.0,3830000.0,3313000.0,1512000.0,6.001E7,6.001E7,
5444000.0,3581000.0,2760000.0,7136000.0,1452000.0,1814000.0,5288000.0,3831000.0,3337000.0,1512000.0,6.001E7,5.999E7,
5394000.0,3580000.0,2763000.0,7134000.0,1444000.0,1826000.0,5276000.0,3879000.0,3335000.0,1511000.0,6.001E7,6.0E7,
5422000.0,3583000.0,2768000.0,7115000.0,1431000.0,1832000.0,5270000.0,3898000.0,3408000.0,1509000.0,6.001E7,5.997E7,
5405000.0,3578000.0,2771000.0,7104000.0,1417000.0,1851000.0,5251000.0,3908000.0,3368000.0,1505000.0,6.001E7,5.999E7,
5337000.0,3574000.0,2779000.0,7109000.0,1423000.0,1857000.0,6555000.0,2602000.0,3344000.0,1508000.0,6.001E7,6.001E7,
5314000.0,3582000.0,2780000.0,7111000.0,1432000.0,1852000.0,6543000.0,2658000.0,3311000.0,1513000.0,6.001E7,6.001E7,
5285000.0,3576000.0,2758000.0,7095000.0,1432000.0,1858000.0,6537000.0,2658000.0,3287000.0,1512000.0,6.001E7,6.003E7,
5236000.0,3589000.0,2758000.0,7093000.0,1444000.0,1856000.0,6533000.0,2671000.0,3253000.0,1512000.0,6.001E7,6.003E7,
5213000.0,3567000.0,2761000.0,7090000.0,1425000.0,1856000.0,6533000.0,2687000.0,3237000.0,1515000.0,6.001E7,6.005E7,
5152000.0,3566000.0,2767000.0,7092000.0,1412000.0,1874000.0,6509000.0,2728000.0,3195000.0,1513000.0,6.001E7,6.009E7,
5225000.0,3561000.0,2754000.0,7073000.0,1435000.0,1857000.0,6509000.0,2716000.0,3247000.0,1513000.0,6.001E7,6.001E7,
5216000.0,3558000.0,2758000.0,7049000.0,1422000.0,1869000.0,6491000.0,2817000.0,3146000.0,1512000.0,6.001E7,6.003E7,
5262000.0,3566000.0,2743000.0,7059000.0,1428000.0,1875000.0,6479000.0,2845000.0,3175000.0,1513000.0,6.001E7,5.998E7,
5234000.0,3582000.0,2748000.0,7039000.0,1412000.0,1867000.0,6471000.0,2886000.0,3130000.0,1511000.0,6.001E7,6.001E7,
5204000.0,3584000.0,2736000.0,7038000.0,1408000.0,1850000.0,6471000.0,2886000.0,3112000.0,1513000.0,6.001E7,6.005E7,
5145000.0,3574000.0,2739000.0,7032000.0,1395000.0,1850000.0,6471000.0,2948000.0,3050000.0,1515000.0,6.001E7,6.011E7,
5139000.0,3568000.0,2742000.0,7028000.0,1412000.0,1833000.0,6471000.0,2948000.0,3020000.0,1514000.0,6.001E7,6.011E7,
5127000.0,3572000.0,2727000.0,7016000.0,1419000.0,1826000.0,6464000.0,2948000.0,3020000.0,1513000.0,6.001E7,6.013E7,
5072000.0,3565000.0,2731000.0,7036000.0,1425000.0,1820000.0,6478000.0,2934000.0,3018000.0,1516000.0,6.001E7,6.015E7,
4978000.0,3562000.0,2703000.0,7100000.0,1431000.0,1820000.0,6478000.0,2939000.0,2994000.0,1518000.0,6.001E7,6.018E7,
4926000.0,3597000.0,2704000.0,7080000.0,1404000.0,1826000.0,6472000.0,2981000.0,2952000.0,1519000.0,6.001E7,6.02E7,
5138000.0,3590000.0,2709000.0,7071000.0,1379000.0,1821000.0,6483000.0,3036000.0,3090000.0,1514000.0,6.001E7,6.001E7,
5101000.0,3602000.0,2715000.0,7076000.0,1371000.0,1822000.0,6477000.0,3048000.0,3076000.0,1514000.0,6.001E7,6.002E7,
5158000.0,3613000.0,2700000.0,7081000.0,1347000.0,1817000.0,6483000.0,3066000.0,3143000.0,1515000.0,6.001E7,5.997E7,
5148000.0,3611000.0,2703000.0,7065000.0,1345000.0,1821000.0,6473000.0,3080000.0,3128000.0,1517000.0,6.001E7,5.998E7,
5165000.0,3605000.0,2690000.0,7063000.0,1316000.0,1816000.0,6528000.0,3029000.0,3274000.0,1515000.0,6.001E7,6.0E7,
5152000.0,3591000.0,2678000.0,7055000.0,1332000.0,1800000.0,6528000.0,3047000.0,3317000.0,1514000.0,6.001E7,6.001E7,
5093000.0,3595000.0,2683000.0,7088000.0,1341000.0,1790000.0,6528000.0,3047000.0,3317000.0,1510000.0,6.001E7,6.001E7,
5030000.0,3593000.0,2681000.0,7130000.0,1302000.0,1790000.0,6528000.0,3054000.0,3303000.0,1510000.0,6.001E7,6.006E7,
4969000.0,3603000.0,2681000.0,7129000.0,1291000.0,1781000.0,6528000.0,3092000.0,3263000.0,1510000.0,6.001E7,6.009E7,
5111000.0,3604000.0,2683000.0,7130000.0,1279000.0,1774000.0,6528000.0,3115000.0,3357000.0,1510000.0,6.001E7,5.995E7,
5070000.0,3603000.0,2684000.0,7129000.0,1818000.0,1242000.0,6521000.0,3243000.0,3229000.0,1513000.0,6.001E7,5.995E7,
5001000.0,3608000.0,2691000.0,7146000.0,1818000.0,1283000.0,6479000.0,3315000.0,3134000.0,1512000.0,6.001E7,5.995E7,
4972000.0,3612000.0,2695000.0,7140000.0,1804000.0,1295000.0,6485000.0,3318000.0,3113000.0,1514000.0,6.001E7,5.997E7,
4929000.0,3616000.0,2697000.0,7147000.0,1804000.0,1295000.0,6485000.0,3367000.0,3064000.0,1514000.0,6.001E7,5.997E7,
4883000.0,3600000.0,2689000.0,7139000.0,1804000.0,1303000.0,6477000.0,3377000.0,3054000.0,1515000.0,6.001E7,6.002E7,
4857000.0,3593000.0,2693000.0,7136000.0,1789000.0,1303000.0,6477000.0,3447000.0,2984000.0,1515000.0,6.001E7,6.003E7,
4834000.0,3582000.0,2681000.0,7108000.0,1760000.0,2300000.0,5480000.0,3459000.0,2949000.0,1513000.0,6.001E7,6.008E7,
4917000.0,3567000.0,2673000.0,7109000.0,1752000.0,2306000.0,5489000.0,3464000.0,2945000.0,1513000.0,6.001E7,5.999E7,
4856000.0,3559000.0,2674000.0,7133000.0,1730000.0,2318000.0,5477000.0,3481000.0,2928000.0,1511000.0,6.001E7,6.001E7,
4773000.0,3554000.0,2675000.0,7171000.0,1717000.0,2318000.0,5483000.0,3494000.0,2871000.0,1513000.0,6.001E7,6.004E7,
4725000.0,3572000.0,2679000.0,7166000.0,1661000.0,2320000.0,5601000.0,3388000.0,2835000.0,1512000.0,6.001E7,6.01E7,
4709000.0,3572000.0,2681000.0,7166000.0,1653000.0,2321000.0,5593000.0,3415000.0,2784000.0,1510000.0,6.001E7,6.012E7,
4674000.0,3571000.0,2684000.0,7175000.0,1638000.0,2321000.0,5593000.0,3415000.0,2784000.0,1510000.0,6.001E7,6.013E7,
4660000.0,3560000.0,2689000.0,7176000.0,1624000.0,2321000.0,5593000.0,3427000.0,2752000.0,1513000.0,6.001E7,6.015E7,
4635000.0,3544000.0,2693000.0,7189000.0,1613000.0,2319000.0,5587000.0,3461000.0,2718000.0,1517000.0,6.001E7,6.017E7,
4601000.0,3550000.0,2696000.0,7173000.0,1595000.0,2319000.0,5593000.0,3507000.0,2640000.0,1519000.0,6.001E7,6.018E7,
4559000.0,3537000.0,2684000.0,7173000.0,1595000.0,2325000.0,5587000.0,3545000.0,2602000.0,1518000.0,6.001E7,6.02E7,
4534000.0,3548000.0,2685000.0,7170000.0,1568000.0,2331000.0,5581000.0,3551000.0,2596000.0,1519000.0,6.001E7,6.023E7,
4494000.0,3548000.0,2687000.0,7176000.0,2372000.0,1473000.0,5575000.0,3557000.0,2572000.0,1519000.0,6.001E7,6.029E7,
4453000.0,3541000.0,2691000.0,7178000.0,2378000.0,1473000.0,5569000.0,3588000.0,2541000.0,1521000.0,6.001E7,6.032E7,
4768000.0,3543000.0,2672000.0,7187000.0,2365000.0,1473000.0,5578000.0,3585000.0,2548000.0,1524000.0,6.001E7,6.0E7,
4778000.0,3537000.0,2672000.0,7172000.0,2344000.0,3148000.0,3918000.0,3644000.0,2554000.0,1526000.0,6.001E7,6.001E7,
4734000.0,3548000.0,2677000.0,7162000.0,2330000.0,3141000.0,3918000.0,3687000.0,2486000.0,1524000.0,6.001E7,6.004E7,
4696000.0,3545000.0,2672000.0,7156000.0,2330000.0,3147000.0,3912000.0,3705000.0,2468000.0,1525000.0,6.001E7,6.007E7,
4731000.0,3546000.0,2675000.0,7176000.0,2330000.0,3147000.0,3924000.0,3736000.0,2448000.0,1521000.0,6.001E7,5.999E7,
4751000.0,3545000.0,2678000.0,7198000.0,2279000.0,3144000.0,3931000.0,3742000.0,2433000.0,1520000.0,6.001E7,5.999E7,
4723000.0,3544000.0,2656000.0,7206000.0,2227000.0,3154000.0,3927000.0,3767000.0,2403000.0,1520000.0,6.001E7,6.006E7,
4799000.0,3539000.0,2659000.0,7228000.0,2158000.0,3154000.0,3927000.0,3822000.0,2521000.0,1522000.0,6.001E7,6.003E7,
4797000.0,3534000.0,2661000.0,7226000.0,2110000.0,3148000.0,3938000.0,3892000.0,2401000.0,1524000.0,6.001E7,6.008E7,
4780000.0,3535000.0,2651000.0,7210000.0,2051000.0,3148000.0,3962000.0,3911000.0,2358000.0,1527000.0,6.001E7,6.016E7,
4775000.0,3531000.0,2651000.0,7189000.0,1991000.0,3148000.0,4348000.0,3536000.0,2324000.0,1526000.0,6.001E7,6.022E7,
4964000.0,3537000.0,2652000.0,7225000.0,1974000.0,3156000.0,4340000.0,3584000.0,2422000.0,1527000.0,6.001E7,6.0E7,
4924000.0,3527000.0,2658000.0,7235000.0,1953000.0,3156000.0,4340000.0,3621000.0,2385000.0,1528000.0,6.001E7,6.002E7,
4910000.0,3515000.0,2660000.0,7223000.0,1942000.0,3156000.0,4328000.0,3644000.0,2362000.0,1529000.0,6.001E7,6.004E7,
4992000.0,3517000.0,2663000.0,7200000.0,1885000.0,3156000.0,4334000.0,3638000.0,2460000.0,1529000.0,6.001E7,5.999E7,
5062000.0,3501000.0,2654000.0,7184000.0,1860000.0,3150000.0,4334000.0,3650000.0,2523000.0,1533000.0,6.001E7,5.995E7,
4984000.0,3509000.0,2650000.0,7224000.0,1821000.0,3150000.0,4334000.0,3680000.0,2539000.0,1533000.0,6.001E7,6.0E7,
4948000.0,3511000.0,2651000.0,7212000.0,1821000.0,3150000.0,4340000.0,3686000.0,2527000.0,1532000.0,6.001E7,6.0E7,
4888000.0,3513000.0,2650000.0,7241000.0,1793000.0,3150000.0,4340000.0,3719000.0,2480000.0,1531000.0,6.001E7,6.003E7,
4860000.0,3500000.0,2653000.0,7250000.0,1786000.0,3144000.0,4346000.0,3730000.0,2463000.0,1531000.0,6.001E7,6.004E7,
4835000.0,3486000.0,2654000.0,7247000.0,1736000.0,3154000.0,4350000.0,3715000.0,2463000.0,1533000.0,6.001E7,6.011E7,
4810000.0,3477000.0,2654000.0,7260000.0,1736000.0,3154000.0,4359000.0,3706000.0,2463000.0,1533000.0,6.001E7,6.011E7,
4789000.0,3473000.0,2618000.0,7267000.0,2578000.0,2291000.0,4372000.0,3753000.0,2403000.0,1535000.0,6.001E7,6.016E7,
4760000.0,3465000.0,2616000.0,7235000.0,2269000.0,2280000.0,4377000.0,3748000.0,2403000.0,1533000.0,6.001E7,6.051E7,
4750000.0,3460000.0,2616000.0,7214000.0,2261000.0,2274000.0,4377000.0,3748000.0,2402000.0,1535000.0,6.001E7,6.053E7,
5336000.0,3457000.0,2614000.0,7215000.0,2184000.0,2280000.0,4368000.0,3748000.0,2456000.0,1540000.0,6.001E7,5.999E7,
5303000.0,3452000.0,2615000.0,7228000.0,2166000.0,2271000.0,4368000.0,3748000.0,2456000.0,1539000.0,6.001E7,6.002E7,
5285000.0,3448000.0,2619000.0,7227000.0,2126000.0,2283000.0,4374000.0,3742000.0,2444000.0,1542000.0,6.001E7,6.006E7,
5253000.0,3436000.0,2627000.0,7240000.0,2021000.0,2282000.0,4372000.0,3763000.0,2410000.0,1546000.0,6.001E7,6.016E7,
5211000.0,3442000.0,2627000.0,7250000.0,1931000.0,2288000.0,4366000.0,3763000.0,2410000.0,1546000.0,6.001E7,6.025E7,
5466000.0,3444000.0,2614000.0,7235000.0,1858000.0,2292000.0,4362000.0,3794000.0,2398000.0,1549000.0,6.001E7,6.004E7,
5558000.0,3442000.0,2616000.0,7209000.0,1773000.0,2292000.0,4362000.0,3794000.0,2421000.0,1549000.0,6.001E7,6.001E7,
5584000.0,3436000.0,2615000.0,7195000.0,1729000.0,2298000.0,6824000.0,1338000.0,2422000.0,1546000.0,6.001E7,6.0E7,
5533000.0,3443000.0,2616000.0,7152000.0,1711000.0,2298000.0,6834000.0,1340000.0,2410000.0,1546000.0,6.001E7,6.006E7,
5586000.0,3435000.0,2614000.0,7135000.0,1696000.0,2298000.0,6842000.0,1343000.0,2417000.0,1545000.0,6.001E7,6.0E7,
5682000.0,3428000.0,2598000.0,7139000.0,1669000.0,2298000.0,6842000.0,1364000.0,2466000.0,1537000.0,6.001E7,5.994E7,
5654000.0,3400000.0,2598000.0,7139000.0,1669000.0,2297000.0,6842000.0,1398000.0,2582000.0,1541000.0,6.001E7,5.994E7,
5615000.0,3397000.0,2604000.0,7138000.0,1623000.0,2297000.0,6850000.0,1389000.0,2582000.0,1543000.0,6.001E7,6.0E7,
5574000.0,3398000.0,2605000.0,7144000.0,1585000.0,2292000.0,6859000.0,1438000.0,2523000.0,1544000.0,6.001E7,6.004E7,
5549000.0,3396000.0,2592000.0,7149000.0,1563000.0,2301000.0,6850000.0,1450000.0,2511000.0,1540000.0,6.001E7,6.008E7,
5640000.0,3397000.0,2593000.0,7165000.0,1544000.0,2301000.0,6850000.0,1477000.0,2614000.0,1540000.0,6.001E7,5.998E7,
5601000.0,3405000.0,2599000.0,7157000.0,1544000.0,2308000.0,6843000.0,1518000.0,2574000.0,1534000.0,6.001E7,5.998E7,
5577000.0,3401000.0,2598000.0,7152000.0,1515000.0,2308000.0,6843000.0,1555000.0,2537000.0,1533000.0,6.001E7,6.002E7,
5559000.0,3428000.0,2600000.0,7134000.0,1521000.0,2302000.0,6843000.0,1616000.0,2543000.0,1535000.0,6.001E7,5.999E7,
5534000.0,3410000.0,2605000.0,7154000.0,1468000.0,2302000.0,6843000.0,1635000.0,2524000.0,1536000.0,6.001E7,6.004E7,
5545000.0,3405000.0,2606000.0,7150000.0,1468000.0,2302000.0,6851000.0,1639000.0,2607000.0,1538000.0,6.001E7,6.001E7,
5514000.0,3381000.0,2608000.0,7156000.0,1468000.0,2302000.0,6860000.0,1642000.0,2577000.0,1543000.0,6.001E7,6.002E7,
5472000.0,3373000.0,2612000.0,7169000.0,1430000.0,2302000.0,6860000.0,1642000.0,2577000.0,1541000.0,6.001E7,6.007E7,
5445000.0,3370000.0,2617000.0,7183000.0,1391000.0,2302000.0,6860000.0,1663000.0,2543000.0,1543000.0,6.001E7,6.011E7,
5400000.0,3363000.0,2616000.0,7176000.0,1371000.0,2302000.0,6876000.0,1657000.0,2533000.0,1545000.0,6.001E7,6.016E7,
5333000.0,3346000.0,2622000.0,7223000.0,1383000.0,2302000.0,6879000.0,1685000.0,2490000.0,1541000.0,6.001E7,6.016E7,
5294000.0,3347000.0,2626000.0,7199000.0,1375000.0,2296000.0,6879000.0,1685000.0,2490000.0,1543000.0,6.001E7,6.017E7,
5236000.0,3351000.0,2627000.0,7221000.0,1375000.0,2302000.0,6873000.0,1685000.0,2490000.0,1545000.0,6.001E7,6.017E7,
5447000.0,3345000.0,2610000.0,7211000.0,1361000.0,2301000.0,6878000.0,1721000.0,2480000.0,1548000.0,6.001E7,5.998E7,
5416000.0,3342000.0,2612000.0,7217000.0,1367000.0,2301000.0,6872000.0,1742000.0,2526000.0,1550000.0,6.001E7,5.998E7,
5399000.0,3330000.0,2617000.0,7189000.0,1367000.0,2307000.0,7849000.0,804400.0,2518000.0,1552000.0,6.001E7,5.999E7,
5419000.0,3333000.0,2620000.0,7159000.0,1831000.0,1843000.0,7849000.0,814600.0,2605000.0,1554000.0,6.001E7,5.995E7,
5379000.0,3347000.0,2626000.0,7147000.0,1831000.0,1843000.0,7849000.0,828400.0,2599000.0,1552000.0,6.001E7,5.996E7,
5346000.0,3348000.0,2627000.0,7117000.0,1823000.0,1829000.0,7849000.0,855000.0,2571000.0,1551000.0,6.001E7,6.0E7,
5323000.0,3348000.0,2630000.0,7115000.0,1829000.0,1822000.0,7849000.0,855000.0,2612000.0,1552000.0,6.001E7,6.0E7,
5235000.0,3349000.0,2633000.0,7184000.0,1820000.0,1821000.0,7849000.0,969600.0,2482000.0,1551000.0,6.001E7,6.001E7,
5173000.0,3339000.0,2636000.0,7216000.0,1820000.0,1821000.0,7849000.0,1027000.0,2425000.0,1555000.0,6.001E7,6.002E7,
5135000.0,3350000.0,2639000.0,7233000.0,2222000.0,1382000.0,7849000.0,1049000.0,2402000.0,1557000.0,6.001E7,6.006E7,
5094000.0,3347000.0,2643000.0,7241000.0,2222000.0,1382000.0,7849000.0,1132000.0,2320000.0,1559000.0,6.001E7,6.006E7,
5016000.0,3356000.0,2629000.0,7275000.0,2180000.0,1374000.0,7858000.0,1160000.0,2282000.0,1559000.0,6.001E7,6.014E7,
5108000.0,3372000.0,2635000.0,7279000.0,2180000.0,1381000.0,7851000.0,1187000.0,2341000.0,1558000.0,6.001E7,6.002E7,
5066000.0,3363000.0,2630000.0,7277000.0,2192000.0,1370000.0,7851000.0,1263000.0,2265000.0,1553000.0,6.001E7,6.005E7,
5022000.0,3371000.0,2630000.0,7281000.0,2178000.0,1370000.0,7851000.0,1370000.0,2135000.0,1554000.0,6.001E7,6.006E7,
4957000.0,3384000.0,2631000.0,7287000.0,2175000.0,1360000.0,7857000.0,1413000.0,2086000.0,1554000.0,6.001E7,6.007E7,
5027000.0,3362000.0,2634000.0,7288000.0,2066000.0,3744000.0,5466000.0,1421000.0,2253000.0,1551000.0,6.001E7,6.01E7,
4987000.0,3382000.0,2637000.0,7286000.0,2035000.0,3769000.0,5441000.0,1437000.0,2235000.0,1552000.0,6.001E7,6.013E7,
4942000.0,3378000.0,2639000.0,7316000.0,1971000.0,3781000.0,5429000.0,1448000.0,2224000.0,1553000.0,6.001E7,6.019E7,
5157000.0,3366000.0,2643000.0,7319000.0,1909000.0,3793000.0,5417000.0,1448000.0,2431000.0,1556000.0,6.001E7,5.999E7,
5163000.0,3358000.0,2632000.0,7320000.0,1893000.0,3805000.0,5408000.0,1469000.0,2423000.0,1555000.0,6.001E7,5.999E7,
5135000.0,3361000.0,2635000.0,7313000.0,1877000.0,3821000.0,5384000.0,1479000.0,2491000.0,1559000.0,6.001E7,6.001E7,
5126000.0,3355000.0,2637000.0,7300000.0,1810000.0,3809000.0,5388000.0,1481000.0,2473000.0,1556000.0,6.001E7,6.01E7,
5235000.0,3357000.0,2639000.0,7305000.0,1822000.0,3827000.0,5358000.0,1491000.0,2529000.0,1556000.0,6.001E7,5.997E7,
5220000.0,3344000.0,2641000.0,7305000.0,1840000.0,3852000.0,5315000.0,1506000.0,2590000.0,1561000.0,6.001E7,5.997E7,
5180000.0,3344000.0,2641000.0,7286000.0,1834000.0,3852000.0,5297000.0,1500000.0,2590000.0,1560000.0,6.001E7,6.0E7,
5114000.0,3337000.0,2642000.0,7310000.0,1821000.0,3870000.0,5270000.0,1503000.0,2662000.0,1560000.0,6.001E7,6.004E7,
5081000.0,3328000.0,2642000.0,7315000.0,1847000.0,3858000.0,5249000.0,1513000.0,2643000.0,1559000.0,6.001E7,6.007E7,
5049000.0,3324000.0,2644000.0,7333000.0,1914000.0,3822000.0,5219000.0,1592000.0,2565000.0,1560000.0,6.001E7,6.007E7,
5105000.0,3333000.0,2645000.0,7344000.0,1931000.0,3828000.0,5195000.0,1592000.0,2604000.0,1563000.0,6.001E7,5.995E7,
5059000.0,3330000.0,2649000.0,7382000.0,1953000.0,3830000.0,5179000.0,1582000.0,2603000.0,1562000.0,6.001E7,5.995E7,
5013000.0,3327000.0,2652000.0,7406000.0,2026000.0,3763000.0,5155000.0,1640000.0,2637000.0,1564000.0,6.001E7,5.997E7,
4974000.0,3339000.0,2655000.0,7401000.0,1984000.0,3807000.0,5099000.0,1640000.0,2625000.0,1567000.0,6.001E7,6.002E7,
5010000.0,3330000.0,2638000.0,7414000.0,1957000.0,3874000.0,5033000.0,1651000.0,2622000.0,1567000.0,6.001E7,6.001E7,
4965000.0,3344000.0,2641000.0,7426000.0,1929000.0,3904000.0,5009000.0,1645000.0,2608000.0,1568000.0,6.001E7,6.004E7,
4943000.0,3344000.0,2630000.0,7398000.0,1886000.0,3910000.0,5000000.0,1636000.0,2582000.0,1569000.0,6.001E7,6.011E7,
5081000.0,3346000.0,2634000.0,7366000.0,3164000.0,2648000.0,4943000.0,1641000.0,2661000.0,1568000.0,6.001E7,6.001E7,
5072000.0,3351000.0,2637000.0,7371000.0,3146000.0,2630000.0,4925000.0,1702000.0,2595000.0,1568000.0,6.001E7,6.003E7,
5130000.0,3354000.0,2624000.0,7386000.0,3119000.0,2618000.0,4925000.0,1713000.0,2610000.0,1571000.0,6.001E7,5.999E7,
5028000.0,3354000.0,2629000.0,7458000.0,3120000.0,2612000.0,4913000.0,1713000.0,2610000.0,1571000.0,6.001E7,6.001E7,
5223000.0,3351000.0,2620000.0,7445000.0,2997000.0,2592000.0,4907000.0,1713000.0,2615000.0,1569000.0,5.999E7,5.996E7,
5192000.0,3352000.0,2622000.0,7448000.0,2783000.0,2604000.0,4901000.0,1707000.0,2615000.0,1569000.0,6.001E7,6.017E7,
5405000.0,3360000.0,2623000.0,7428000.0,2691000.0,2592000.0,4889000.0,1707000.0,2673000.0,1572000.0,6.001E7,6.004E7,
5377000.0,3364000.0,2632000.0,7424000.0,2613000.0,2577000.0,4883000.0,1684000.0,2671000.0,1572000.0,6.001E7,6.016E7,
5356000.0,3371000.0,2608000.0,7408000.0,2497000.0,2595000.0,4853000.0,1695000.0,2661000.0,1578000.0,6.001E7,6.031E7,
5334000.0,3366000.0,2614000.0,7387000.0,2482000.0,2601000.0,4847000.0,1695000.0,2661000.0,1580000.0,6.001E7,6.033E7,
5302000.0,3361000.0,2618000.0,7391000.0,2485000.0,2590000.0,4859000.0,1746000.0,2592000.0,1579000.0,6.001E7,6.034E7,
5292000.0,3350000.0,2627000.0,7395000.0,2468000.0,2591000.0,4846000.0,1764000.0,2574000.0,1577000.0,6.001E7,6.037E7,
5258000.0,3355000.0,2629000.0,7398000.0,2425000.0,2603000.0,4828000.0,1785000.0,2552000.0,1577000.0,6.001E7,6.042E7,
5665000.0,3375000.0,2631000.0,7430000.0,2379000.0,2603000.0,4798000.0,1785000.0,2584000.0,1578000.0,6.001E7,6.002E7,
5687000.0,3386000.0,2633000.0,7412000.0,2357000.0,2585000.0,4785000.0,1794000.0,2588000.0,1579000.0,6.001E7,6.002E7,
5761000.0,3387000.0,2638000.0,7402000.0,2315000.0,2589000.0,4769000.0,1786000.0,2629000.0,1579000.0,6.001E7,6.0E7,
5691000.0,3396000.0,2640000.0,7420000.0,2327000.0,2589000.0,4757000.0,1797000.0,2584000.0,1579000.0,6.001E7,6.002E7,
5743000.0,3388000.0,2644000.0,7402000.0,2275000.0,2596000.0,4739000.0,1797000.0,2620000.0,1580000.0,6.001E7,6.001E7,
5765000.0,3386000.0,2633000.0,7409000.0,2261000.0,2644000.0,4692000.0,1826000.0,2617000.0,1580000.0,6.001E7,5.998E7,
5748000.0,3375000.0,2640000.0,7403000.0,2249000.0,3592000.0,3725000.0,1889000.0,2554000.0,1577000.0,6.001E7,6.001E7,
5766000.0,3359000.0,2644000.0,7383000.0,2238000.0,3604000.0,3713000.0,1902000.0,2603000.0,1579000.0,6.001E7,5.999E7,
5732000.0,3358000.0,2645000.0,7381000.0,2208000.0,3624000.0,3689000.0,1908000.0,2577000.0,1579000.0,6.001E7,6.003E7,
5722000.0,3354000.0,2629000.0,7372000.0,2203000.0,3624000.0,3683000.0,1921000.0,2559000.0,1581000.0,6.001E7,6.007E7,
5673000.0,3364000.0,2633000.0,7374000.0,2193000.0,3630000.0,3689000.0,1902000.0,2545000.0,1584000.0,6.001E7,6.009E7,
5647000.0,3365000.0,2635000.0,7373000.0,2172000.0,3624000.0,3677000.0,1947000.0,2501000.0,1583000.0,6.001E7,6.012E7,
5789000.0,3363000.0,2637000.0,7358000.0,2195000.0,3632000.0,3656000.0,1958000.0,2659000.0,1583000.0,6.001E7,5.996E7,
5759000.0,3364000.0,2622000.0,7373000.0,2206000.0,3614000.0,3650000.0,1958000.0,2659000.0,1586000.0,6.001E7,5.999E7,
5751000.0,3364000.0,2624000.0,7349000.0,2185000.0,3638000.0,3632000.0,1978000.0,2594000.0,1590000.0,6.001E7,6.001E7,
5697000.0,3358000.0,2634000.0,7333000.0,2191000.0,5711000.0,1560000.0,2001000.0,2553000.0,1583000.0,6.001E7,6.005E7,
5738000.0,3359000.0,2636000.0,7323000.0,2184000.0,5689000.0,1570000.0,2002000.0,2672000.0,1586000.0,6.001E7,6.001E7,
5689000.0,3370000.0,2639000.0,7336000.0,2184000.0,5697000.0,1569000.0,2011000.0,2657000.0,1581000.0,6.001E7,6.001E7,
5654000.0,3387000.0,2642000.0,7328000.0,2190000.0,5721000.0,1539000.0,2033000.0,2655000.0,1583000.0,6.001E7,6.0E7,
5625000.0,3388000.0,2646000.0,7308000.0,2175000.0,5740000.0,1520000.0,2033000.0,2655000.0,1584000.0,6.001E7,6.003E7,
5587000.0,3386000.0,2656000.0,7314000.0,2128000.0,5758000.0,1511000.0,2034000.0,2622000.0,1575000.0,6.001E7,6.007E7,
5566000.0,3392000.0,2660000.0,7300000.0,2134000.0,5752000.0,2843000.0,702300.0,2602000.0,1574000.0,6.001E7,6.007E7,
5615000.0,3395000.0,2663000.0,7311000.0,2145000.0,5741000.0,2852000.0,704100.0,2632000.0,1573000.0,6.001E7,5.999E7,
5598000.0,3390000.0,2664000.0,7292000.0,2140000.0,5762000.0,2824000.0,722600.0,2614000.0,1572000.0,6.001E7,6.0E7,
5587000.0,3400000.0,2668000.0,7307000.0,2140000.0,5768000.0,2818000.0,776700.0,2722000.0,1572000.0,6.001E7,5.997E7,
5576000.0,3394000.0,2673000.0,7301000.0,2118000.0,5774000.0,2805000.0,797400.0,2729000.0,1571000.0,6.001E7,6.0E7,
5542000.0,3402000.0,2660000.0,7288000.0,2130000.0,5798000.0,2776000.0,847500.0,2624000.0,1570000.0,6.001E7,6.001E7,
5504000.0,3403000.0,2666000.0,7303000.0,2128000.0,5797000.0,3114000.0,514600.0,2585000.0,1566000.0,6.001E7,6.003E7,
5498000.0,3409000.0,2676000.0,7297000.0,2139000.0,5792000.0,3108000.0,533100.0,2632000.0,1555000.0,6.001E7,6.001E7,
5488000.0,3408000.0,2679000.0,7294000.0,2139000.0,5810000.0,3090000.0,567000.0,2587000.0,1556000.0,6.001E7,6.001E7,
5453000.0,3401000.0,2679000.0,7307000.0,2143000.0,5823000.0,3072000.0,645600.0,2493000.0,1557000.0,6.001E7,6.001E7,
5422000.0,3400000.0,2683000.0,7319000.0,2143000.0,5847000.0,3048000.0,670800.0,2468000.0,1557000.0,6.001E7,6.001E7,
5407000.0,3399000.0,2684000.0,7318000.0,2143000.0,5853000.0,3052000.0,680400.0,2564000.0,1561000.0,6.001E7,6.0E7,
5369000.0,3411000.0,2686000.0,7318000.0,2144000.0,5837000.0,3052000.0,692600.0,2551000.0,1560000.0,6.001E7,6.001E7,
5315000.0,3412000.0,2688000.0,7320000.0,2144000.0,5848000.0,3049000.0,726700.0,2495000.0,1560000.0,6.001E7,6.001E7,
5295000.0,3406000.0,2692000.0,7335000.0,2132000.0,5854000.0,3043000.0,753200.0,2533000.0,1554000.0,6.001E7,6.001E7,
5261000.0,3423000.0,2697000.0,7345000.0,2117000.0,5859000.0,3033000.0,747100.0,2533000.0,1553000.0,6.001E7,6.003E7,
5243000.0,3406000.0,2699000.0,7342000.0,2107000.0,5848000.0,3027000.0,756500.0,2509000.0,1553000.0,6.001E7,6.006E7,
5191000.0,3395000.0,2699000.0,7347000.0,2960000.0,4980000.0,3027000.0,777400.0,2486000.0,1551000.0,6.001E7,6.009E7,
5143000.0,3386000.0,2700000.0,7373000.0,2975000.0,4952000.0,3027000.0,777400.0,2486000.0,1551000.0,6.001E7,6.01E7,
5117000.0,3389000.0,2700000.0,7364000.0,2980000.0,4954000.0,3027000.0,793600.0,2450000.0,1552000.0,6.001E7,6.01E7,
5173000.0,3386000.0,2705000.0,7372000.0,2966000.0,4966000.0,3015000.0,837200.0,2598000.0,1552000.0,6.001E7,6.002E7,
5142000.0,3376000.0,2718000.0,7353000.0,2917000.0,4982000.0,2998000.0,836300.0,2596000.0,1551000.0,6.001E7,6.007E7,
5121000.0,3370000.0,2721000.0,7353000.0,2903000.0,4982000.0,2998000.0,857000.0,2563000.0,1549000.0,6.001E7,6.009E7,
5226000.0,3373000.0,2725000.0,7355000.0,2866000.0,4988000.0,2986000.0,857000.0,2599000.0,1549000.0,6.001E7,5.999E7,
5194000.0,3383000.0,2729000.0,7340000.0,2776000.0,4985000.0,2973000.0,863100.0,2593000.0,1548000.0,6.001E7,6.01E7,
5767000.0,3383000.0,2726000.0,7343000.0,2275000.0,4992000.0,2965000.0,862000.0,2646000.0,1545000.0,6.001E7,6.0E7,
5747000.0,3367000.0,2731000.0,7348000.0,2281000.0,4986000.0,2965000.0,890700.0,2617000.0,1546000.0,6.001E7,6.0E7,
5809000.0,3360000.0,2734000.0,7320000.0,2260000.0,4992000.0,2963000.0,886700.0,2667000.0,1545000.0,6.001E7,5.995E7,
5789000.0,3356000.0,2738000.0,7316000.0,2238000.0,4992000.0,2973000.0,887700.0,2656000.0,1548000.0,6.001E7,5.997E7,
5753000.0,3361000.0,2739000.0,7305000.0,2253000.0,4989000.0,2970000.0,877600.0,2642000.0,1550000.0,6.001E7,5.997E7,
5724000.0,3361000.0,2740000.0,7297000.0,2262000.0,4993000.0,2965000.0,880000.0,2728000.0,1546000.0,6.001E7,5.997E7,
5670000.0,3356000.0,2745000.0,7289000.0,2234000.0,4984000.0,2965000.0,880000.0,2728000.0,1542000.0,6.001E7,6.005E7,
5726000.0,3362000.0,2746000.0,7312000.0,2199000.0,4971000.0,2965000.0,890600.0,2828000.0,1544000.0,6.001E7,5.999E7,
5673000.0,3354000.0,2750000.0,7334000.0,2180000.0,4965000.0,2965000.0,890600.0,2901000.0,1544000.0,6.001E7,6.001E7,
5642000.0,3343000.0,2754000.0,7340000.0,2186000.0,4959000.0,2974000.0,894400.0,2969000.0,1546000.0,6.001E7,6.001E7,
5591000.0,3358000.0,2738000.0,7348000.0,2186000.0,4959000.0,2983000.0,885600.0,2969000.0,1545000.0,6.001E7,6.005E7,
5560000.0,3351000.0,2744000.0,7366000.0,2191000.0,4954000.0,2983000.0,891600.0,2963000.0,1546000.0,6.001E7,6.005E7,
5540000.0,3355000.0,2746000.0,7365000.0,2155000.0,4952000.0,3394000.0,492700.0,2951000.0,1549000.0,6.001E7,6.009E7,
5480000.0,3368000.0,2736000.0,7368000.0,2161000.0,4952000.0,3410000.0,490000.0,2916000.0,1550000.0,6.001E7,6.012E7,
5454000.0,3383000.0,2724000.0,7323000.0,2148000.0,4956000.0,3400000.0,552400.0,2854000.0,1553000.0,6.001E7,6.015E7,
5439000.0,3362000.0,2727000.0,7300000.0,2154000.0,4950000.0,3400000.0,652100.0,2754000.0,1553000.0,6.001E7,6.015E7,
5575000.0,3363000.0,2731000.0,7298000.0,2160000.0,4944000.0,3414000.0,637200.0,2898000.0,1554000.0,6.001E7,6.0E7,
5531000.0,3372000.0,2735000.0,7296000.0,2146000.0,4956000.0,3402000.0,670800.0,2863000.0,1552000.0,6.001E7,6.003E7,
5473000.0,3377000.0,2735000.0,7296000.0,2152000.0,4956000.0,3409000.0,669900.0,2851000.0,1551000.0,6.001E7,6.006E7,
5545000.0,3378000.0,2735000.0,7287000.0,2146000.0,4950000.0,3409000.0,700400.0,2830000.0,1552000.0,6.001E7,5.998E7,
5574000.0,3378000.0,2738000.0,7277000.0,2112000.0,4951000.0,3403000.0,711900.0,3158000.0,1552000.0,6.001E7,5.997E7,
5542000.0,3389000.0,2743000.0,7251000.0,2086000.0,4951000.0,3403000.0,735300.0,3134000.0,1550000.0,6.001E7,6.0E7,
5524000.0,3399000.0,2746000.0,7227000.0,2086000.0,4951000.0,3731000.0,423600.0,3108000.0,1548000.0,6.001E7,6.0E7,
5517000.0,3395000.0,2748000.0,7229000.0,2063000.0,5662000.0,3015000.0,449200.0,3277000.0,1548000.0,6.001E7,6.0E7,
5491000.0,3398000.0,2750000.0,7217000.0,2030000.0,5664000.0,3017000.0,441600.0,3277000.0,1550000.0,6.001E7,6.004E7,
5551000.0,3395000.0,2749000.0,7196000.0,2004000.0,5664000.0,3017000.0,475200.0,3241000.0,1555000.0,6.001E7,5.999E7,
5502000.0,3399000.0,2756000.0,7183000.0,2004000.0,5664000.0,3026000.0,479800.0,3303000.0,1555000.0,6.001E7,5.999E7,
5471000.0,3396000.0,2761000.0,7175000.0,2003000.0,5664000.0,3032000.0,473700.0,3277000.0,1559000.0,6.001E7,5.999E7,
5440000.0,3381000.0,2754000.0,7181000.0,1991000.0,5664000.0,3038000.0,593000.0,3127000.0,1557000.0,6.001E7,6.001E7,
5391000.0,3385000.0,2763000.0,7205000.0,1996000.0,5666000.0,3031000.0,673400.0,3046000.0,1553000.0,6.001E7,6.001E7,
5372000.0,3404000.0,2765000.0,7215000.0,2002000.0,5665000.0,3027000.0,683400.0,3049000.0,1556000.0,6.001E7,5.999E7,
5331000.0,3398000.0,2756000.0,7228000.0,1989000.0,5665000.0,3042000.0,773700.0,2944000.0,1559000.0,6.001E7,6.002E7,
5299000.0,3391000.0,2742000.0,7218000.0,1922000.0,5659000.0,3042000.0,790200.0,2915000.0,1557000.0,6.001E7,6.011E7,
5273000.0,3378000.0,2743000.0,7203000.0,1878000.0,5659000.0,3042000.0,876800.0,2828000.0,1559000.0,6.001E7,6.015E7,
5201000.0,3392000.0,2744000.0,7246000.0,1871000.0,5653000.0,3042000.0,924500.0,2780000.0,1558000.0,6.001E7,6.016E7,
5357000.0,3383000.0,2739000.0,7256000.0,1871000.0,5661000.0,3034000.0,950400.0,2804000.0,1558000.0,6.001E7,5.999E7,
5306000.0,3396000.0,2742000.0,7260000.0,2802000.0,4728000.0,3043000.0,946800.0,2875000.0,1556000.0,6.001E7,5.999E7,
5278000.0,3397000.0,2745000.0,7252000.0,2808000.0,4721000.0,3043000.0,956700.0,2852000.0,1555000.0,6.001E7,5.999E7,
5259000.0,3391000.0,2750000.0,7237000.0,2799000.0,4708000.0,3043000.0,956700.0,2852000.0,1558000.0,6.001E7,6.001E7,
5213000.0,3400000.0,2749000.0,7246000.0,2778000.0,4702000.0,3043000.0,1020000.0,2789000.0,1561000.0,6.001E7,6.004E7,
5190000.0,3413000.0,2746000.0,7241000.0,2779000.0,4692000.0,3049000.0,1014000.0,2789000.0,1561000.0,6.001E7,6.006E7,
5126000.0,3420000.0,2734000.0,7261000.0,2766000.0,4701000.0,3037000.0,1028000.0,2775000.0,1564000.0,6.001E7,6.009E7,
5216000.0,3416000.0,2738000.0,7271000.0,2753000.0,4707000.0,3041000.0,1017000.0,2839000.0,1566000.0,6.001E7,5.998E7,
5160000.0,3413000.0,2738000.0,7275000.0,2758000.0,4714000.0,3029000.0,1027000.0,2829000.0,1566000.0,6.001E7,6.002E7,
5148000.0,3403000.0,2739000.0,7274000.0,2737000.0,4722000.0,3022000.0,1039000.0,2817000.0,1568000.0,6.001E7,6.004E7,
5100000.0,3416000.0,2743000.0,7263000.0,2719000.0,4715000.0,3022000.0,1105000.0,2750000.0,1567000.0,6.001E7,6.006E7,
5037000.0,3429000.0,2746000.0,7274000.0,3117000.0,4132000.0,3001000.0,1145000.0,2708000.0,1566000.0,6.001E7,6.029E7,
5000000.0,3441000.0,2753000.0,7278000.0,3103000.0,4126000.0,3001000.0,1230000.0,2623000.0,1559000.0,6.001E7,6.031E7,
4988000.0,3444000.0,2757000.0,7274000.0,3103000.0,4132000.0,3667000.0,569400.0,2612000.0,1559000.0,6.001E7,6.031E7,
4942000.0,3439000.0,2762000.0,7287000.0,3109000.0,4123000.0,3655000.0,569400.0,2587000.0,1555000.0,6.001E7,6.035E7,
5270000.0,3431000.0,2753000.0,7292000.0,3078000.0,4123000.0,3655000.0,585000.0,2643000.0,1556000.0,6.001E7,6.004E7,
5249000.0,3431000.0,2755000.0,7275000.0,3023000.0,4123000.0,3655000.0,610300.0,2618000.0,1555000.0,6.001E7,6.009E7,
5217000.0,3427000.0,2756000.0,7264000.0,3000000.0,4115000.0,3657000.0,644900.0,2577000.0,1557000.0,6.001E7,6.013E7,
5335000.0,3434000.0,2759000.0,7273000.0,2950000.0,4119000.0,3657000.0,639900.0,2742000.0,1558000.0,6.001E7,6.0E7,
5349000.0,3430000.0,2763000.0,7274000.0,2876000.0,4125000.0,3651000.0,690700.0,2820000.0,1559000.0,6.001E7,6.003E7,
5299000.0,3432000.0,2765000.0,7295000.0,2812000.0,4131000.0,3645000.0,690700.0,2819000.0,1559000.0,6.001E7,6.009E7,
5246000.0,3419000.0,2770000.0,7324000.0,2804000.0,4127000.0,3653000.0,735900.0,2766000.0,1559000.0,6.001E7,6.011E7,
5217000.0,3408000.0,2774000.0,7326000.0,2671000.0,4123000.0,3651000.0,749200.0,2752000.0,1558000.0,6.001E7,6.024E7,
5520000.0,3399000.0,2777000.0,7323000.0,2990000.0,3661000.0,3651000.0,803700.0,2848000.0,1559000.0,6.001E7,6.006E7,
5572000.0,3387000.0,2778000.0,7317000.0,2965000.0,3661000.0,3651000.0,862600.0,3001000.0,1559000.0,6.001E7,5.999E7,
5556000.0,3390000.0,2783000.0,7286000.0,2937000.0,3667000.0,3653000.0,861800.0,2993000.0,1558000.0,6.001E7,6.002E7,
5542000.0,3391000.0,2789000.0,7289000.0,2896000.0,3667000.0,3653000.0,902800.0,2952000.0,1557000.0,6.001E7,6.006E7,
5485000.0,3401000.0,2790000.0,7290000.0,2883000.0,4057000.0,3257000.0,932400.0,2922000.0,1558000.0,6.001E7,6.008E7,
5527000.0,3402000.0,2791000.0,7339000.0,2821000.0,4057000.0,3257000.0,977400.0,2931000.0,1561000.0,6.001E7,6.002E7,
5531000.0,3388000.0,2769000.0,7326000.0,2795000.0,4057000.0,3251000.0,977400.0,2939000.0,1565000.0,6.001E7,6.005E7,
5504000.0,3398000.0,2771000.0,7308000.0,2751000.0,4057000.0,3251000.0,1059000.0,2857000.0,1566000.0,6.001E7,6.011E7,
5464000.0,3391000.0,2761000.0,7324000.0,2725000.0,4051000.0,3251000.0,1059000.0,2857000.0,1565000.0,6.001E7,6.015E7,
5418000.0,3384000.0,2764000.0,7323000.0,5695000.0,1073000.0,3251000.0,1068000.0,2848000.0,1565000.0,6.001E7,6.018E7,
5584000.0,3392000.0,2765000.0,7310000.0,5699000.0,1062000.0,3251000.0,1118000.0,2952000.0,1567000.0,6.001E7,5.999E7,
5535000.0,3405000.0,2767000.0,7335000.0,5686000.0,1062000.0,3251000.0,1129000.0,2983000.0,1567000.0,6.001E7,5.999E7,
5495000.0,3401000.0,2768000.0,7362000.0,5634000.0,1062000.0,3251000.0,1147000.0,2965000.0,1567000.0,6.001E7,6.005E7,
5450000.0,3395000.0,2768000.0,7369000.0,5526000.0,1062000.0,3251000.0,1180000.0,2909000.0,1569000.0,6.001E7,6.015E7,
5423000.0,3393000.0,2772000.0,7368000.0,5217000.0,1097000.0,3215000.0,1227000.0,2861000.0,1570000.0,6.001E7,6.046E7,
5961000.0,3409000.0,2779000.0,7358000.0,5083000.0,1085000.0,3215000.0,1270000.0,2880000.0,1569000.0,6.001E7,6.002E7,
5922000.0,3407000.0,2780000.0,7346000.0,5054000.0,1091000.0,3209000.0,1287000.0,2861000.0,1571000.0,6.001E7,6.005E7,
6034000.0,3409000.0,2784000.0,7342000.0,5022000.0,1105000.0,3195000.0,1338000.0,2841000.0,1573000.0,6.001E7,5.993E7,
5983000.0,3406000.0,2783000.0,7364000.0,4723000.0,1105000.0,3204000.0,1348000.0,2820000.0,1574000.0,6.001E7,6.023E7,
6392000.0,3388000.0,2760000.0,7414000.0,4536000.0,1107000.0,3194000.0,1360000.0,2827000.0,1574000.0,6.001E7,5.998E7,
6443000.0,3384000.0,2764000.0,7410000.0,4439000.0,1114000.0,3181000.0,1360000.0,2870000.0,1574000.0,6.001E7,6.002E7,
6431000.0,3377000.0,2765000.0,7415000.0,4416000.0,1108000.0,3190000.0,1351000.0,3104000.0,1573000.0,6.001E7,6.002E7,
6400000.0,3367000.0,2775000.0,7413000.0,4325000.0,1108000.0,3190000.0,1404000.0,3050000.0,1568000.0,6.001E7,6.011E7,
6362000.0,3353000.0,2783000.0,7424000.0,4232000.0,1108000.0,3190000.0,1404000.0,3048000.0,1568000.0,6.001E7,6.02E7,
6544000.0,3359000.0,2785000.0,7432000.0,4163000.0,1102000.0,3190000.0,1433000.0,3043000.0,1568000.0,6.001E7,6.004E7,
6626000.0,3363000.0,2790000.0,7427000.0,4105000.0,1097000.0,3190000.0,1445000.0,3154000.0,1566000.0,6.001E7,5.998E7,
6616000.0,3355000.0,2793000.0,7409000.0,3964000.0,1097000.0,3190000.0,1476000.0,3122000.0,1565000.0,6.001E7,6.012E7,
6578000.0,3364000.0,2779000.0,7395000.0,3881000.0,1097000.0,3190000.0,1488000.0,3111000.0,1565000.0,6.001E7,6.022E7,
6542000.0,3352000.0,2780000.0,7386000.0,3838000.0,1097000.0,3190000.0,1603000.0,2973000.0,1565000.0,6.001E7,6.029E7,
6495000.0,3351000.0,2783000.0,7370000.0,3747000.0,1097000.0,3190000.0,1614000.0,2962000.0,1558000.0,6.001E7,6.042E7,
6985000.0,3340000.0,2769000.0,7374000.0,3699000.0,1097000.0,3190000.0,1692000.0,3000000.0,1560000.0,6.001E7,5.998E7,
6949000.0,3339000.0,2752000.0,7380000.0,3699000.0,1097000.0,3190000.0,1749000.0,3060000.0,1564000.0,6.001E7,6.0E7,
6949000.0,3347000.0,2754000.0,7372000.0,3636000.0,1097000.0,3190000.0,1782000.0,3044000.0,1563000.0,6.001E7,6.002E7,
7665000.0,3345000.0,2759000.0,7358000.0,2931000.0,1090000.0,3194000.0,1771000.0,3231000.0,1556000.0,6.001E7,6.0E7,
7637000.0,3346000.0,2762000.0,7351000.0,2863000.0,1088000.0,3194000.0,1835000.0,3165000.0,1557000.0,6.001E7,6.006E7,
7570000.0,3340000.0,2764000.0,7362000.0,2799000.0,1088000.0,3203000.0,1850000.0,3139000.0,1560000.0,6.001E7,6.014E7,
7546000.0,3330000.0,2773000.0,7360000.0,2761000.0,1088000.0,3203000.0,1885000.0,3104000.0,1561000.0,6.001E7,6.018E7,
7509000.0,3315000.0,2769000.0,7351000.0,2761000.0,1088000.0,3213000.0,1904000.0,3075000.0,1556000.0,6.001E7,6.022E7,
7456000.0,3312000.0,2770000.0,7354000.0,2656000.0,1078000.0,3213000.0,1904000.0,3074000.0,1556000.0,6.001E7,6.035E7,
7402000.0,3311000.0,2779000.0,7353000.0,2602000.0,1078000.0,3213000.0,1914000.0,3021000.0,1555000.0,6.001E7,6.04E7,
7771000.0,3312000.0,2780000.0,7362000.0,2589000.0,1073000.0,3213000.0,1947000.0,3085000.0,1554000.0,6.001E7,6.0E7,
7745000.0,3300000.0,2781000.0,7337000.0,2579000.0,1068000.0,3213000.0,1953000.0,3061000.0,1556000.0,6.001E7,6.001E7,
7727000.0,3300000.0,2780000.0,7307000.0,2541000.0,1068000.0,3213000.0,2006000.0,3008000.0,1556000.0,6.001E7,6.006E7,
7687000.0,3289000.0,2780000.0,7396000.0,2539000.0,1056000.0,3222000.0,2034000.0,3028000.0,1555000.0,6.001E7,6.001E7,
7696000.0,3293000.0,2759000.0,7391000.0,2526000.0,1063000.0,3215000.0,2086000.0,3019000.0,1559000.0,6.001E7,6.001E7,
7653000.0,3292000.0,2765000.0,7381000.0,2478000.0,1058000.0,3225000.0,2120000.0,2976000.0,1560000.0,6.001E7,6.008E7,
7755000.0,3303000.0,2769000.0,7381000.0,2478000.0,1058000.0,3225000.0,2130000.0,3052000.0,1562000.0,6.001E7,5.994E7,
7732000.0,3300000.0,2778000.0,7354000.0,2452000.0,1058000.0,3229000.0,2161000.0,3071000.0,1561000.0,6.001E7,5.997E7,
7707000.0,3294000.0,2766000.0,7347000.0,2391000.0,1064000.0,3223000.0,2208000.0,3065000.0,1562000.0,6.001E7,6.004E7,
7656000.0,3306000.0,2768000.0,7345000.0,2357000.0,1064000.0,3223000.0,2243000.0,3028000.0,1563000.0,6.001E7,6.009E7,
7604000.0,3314000.0,2771000.0,7350000.0,2340000.0,1071000.0,3213000.0,2272000.0,2999000.0,1560000.0,6.001E7,6.012E7,
7559000.0,3321000.0,2773000.0,7314000.0,2340000.0,1071000.0,3224000.0,2255000.0,2992000.0,1562000.0,6.001E7,6.012E7,
7629000.0,3348000.0,2774000.0,7297000.0,2351000.0,1066000.0,3227000.0,2317000.0,2932000.0,1562000.0,6.001E7,5.998E7,
7572000.0,3350000.0,2778000.0,7299000.0,2333000.0,1066000.0,3227000.0,2317000.0,2932000.0,1565000.0,6.001E7,6.0E7,
7505000.0,3352000.0,2782000.0,7328000.0,2333000.0,1066000.0,3227000.0,2375000.0,2874000.0,1566000.0,6.001E7,6.001E7,
7493000.0,3352000.0,2783000.0,7302000.0,2333000.0,1066000.0,3227000.0,2413000.0,2912000.0,1568000.0,6.001E7,6.0E7,
7407000.0,3373000.0,2786000.0,7320000.0,2313000.0,1072000.0,3221000.0,2455000.0,2871000.0,1568000.0,6.001E7,6.002E7,
7399000.0,3398000.0,2788000.0,7309000.0,2294000.0,1070000.0,3221000.0,2489000.0,2903000.0,1569000.0,6.001E7,6.002E7,
7331000.0,3409000.0,2789000.0,7337000.0,2285000.0,1066000.0,3221000.0,2489000.0,2878000.0,1572000.0,6.001E7,6.003E7,
7304000.0,3418000.0,2791000.0,7301000.0,2285000.0,1066000.0,3221000.0,2519000.0,2847000.0,1569000.0,6.001E7,6.005E7,
7258000.0,3414000.0,2790000.0,7322000.0,2262000.0,1066000.0,3215000.0,2554000.0,2813000.0,1569000.0,6.001E7,6.008E7,
7206000.0,3430000.0,2795000.0,7328000.0,2262000.0,1072000.0,3407000.0,2361000.0,2807000.0,1566000.0,6.001E7,6.009E7,
7172000.0,3446000.0,2793000.0,7323000.0,2255000.0,1067000.0,3440000.0,2397000.0,2731000.0,1564000.0,6.001E7,6.012E7,
7147000.0,3449000.0,2797000.0,7322000.0,2445000.0,865500.0,3440000.0,2508000.0,2620000.0,1563000.0,6.001E7,6.013E7,
7255000.0,3469000.0,2799000.0,7315000.0,2445000.0,865500.0,3463000.0,2594000.0,2573000.0,1564000.0,6.001E7,5.997E7,
7216000.0,3480000.0,2804000.0,7279000.0,2417000.0,871500.0,3473000.0,2597000.0,2573000.0,1564000.0,6.001E7,5.999E7,
7180000.0,3496000.0,2806000.0,7266000.0,2404000.0,870000.0,3473000.0,2610000.0,2641000.0,1558000.0,6.001E7,6.002E7,
7155000.0,3507000.0,2800000.0,7276000.0,2404000.0,877100.0,3466000.0,2641000.0,2674000.0,1557000.0,6.001E7,6.001E7,
7054000.0,3531000.0,2800000.0,7282000.0,2404000.0,877100.0,3466000.0,2670000.0,2631000.0,1556000.0,6.001E7,6.005E7,
7066000.0,3560000.0,2776000.0,7266000.0,2378000.0,877100.0,3466000.0,2689000.0,2797000.0,1555000.0,6.001E7,6.003E7,
6969000.0,3621000.0,2781000.0,7304000.0,2384000.0,882300.0,3454000.0,2702000.0,2816000.0,1558000.0,6.001E7,6.0E7,
6881000.0,3641000.0,2781000.0,7333000.0,2370000.0,882300.0,3454000.0,2729000.0,2789000.0,1562000.0,6.001E7,6.002E7,
6880000.0,3660000.0,2782000.0,7333000.0,2354000.0,883500.0,3448000.0,2729000.0,2798000.0,1563000.0,6.001E7,5.999E7,
6808000.0,3684000.0,2784000.0,7323000.0,2882000.0,345400.0,5212000.0,945400.0,2772000.0,1563000.0,6.001E7,6.002E7,
6754000.0,3683000.0,2788000.0,7347000.0,2882000.0,345400.0,5267000.0,902500.0,3012000.0,1562000.0,6.001E7,6.0E7,
6603000.0,3693000.0,2789000.0,7355000.0,2869000.0,351400.0,5261000.0,939400.0,2975000.0,1566000.0,6.001E7,6.012E7,
6575000.0,3701000.0,2792000.0,7348000.0,2829000.0,351400.0,5261000.0,939300.0,2938000.0,1566000.0,6.001E7,6.016E7,
6708000.0,3698000.0,2792000.0,7372000.0,2819000.0,348900.0,5261000.0,963000.0,3196000.0,1567000.0,6.001E7,5.999E7,
6723000.0,3686000.0,2793000.0,7365000.0,2735000.0,352700.0,5262000.0,1059000.0,3155000.0,1566000.0,6.001E7,6.005E7,
6781000.0,3706000.0,2794000.0,7349000.0,2701000.0,352700.0,5262000.0,1095000.0,3181000.0,1566000.0,6.001E7,5.998E7,
6746000.0,3715000.0,2795000.0,7329000.0,2580000.0,338000.0,5260000.0,1114000.0,3162000.0,1565000.0,6.001E7,6.012E7,
6658000.0,3712000.0,2799000.0,7339000.0,2469000.0,337900.0,5260000.0,1125000.0,3151000.0,1566000.0,6.001E7,6.026E7,
6923000.0,3717000.0,2785000.0,7342000.0,2411000.0,337900.0,5280000.0,1106000.0,3193000.0,1564000.0,6.001E7,6.004E7,
6963000.0,3722000.0,2780000.0,7333000.0,2373000.0,331900.0,5280000.0,1160000.0,3190000.0,1559000.0,6.001E7,6.004E7,
6857000.0,3715000.0,2786000.0,7402000.0,2298000.0,331900.0,5280000.0,1178000.0,3172000.0,1552000.0,6.001E7,6.012E7,
6818000.0,3710000.0,2789000.0,7400000.0,2266000.0,331900.0,5297000.0,1161000.0,3172000.0,1551000.0,6.001E7,6.017E7,
6767000.0,3717000.0,2790000.0,7415000.0,2272000.0,333000.0,5290000.0,1197000.0,3136000.0,1555000.0,6.001E7,6.017E7,
6731000.0,3713000.0,2792000.0,7407000.0,2257000.0,333000.0,5290000.0,1243000.0,3090000.0,1553000.0,6.001E7,6.02E7,
6646000.0,3723000.0,2795000.0,7422000.0,2224000.0,332900.0,5296000.0,1263000.0,3038000.0,1553000.0,6.001E7,6.026E7,
6901000.0,3731000.0,2797000.0,7399000.0,2212000.0,332900.0,5296000.0,1263000.0,3200000.0,1552000.0,6.001E7,5.998E7,
6885000.0,3748000.0,2799000.0,7401000.0,2178000.0,332900.0,5296000.0,1275000.0,3247000.0,1551000.0,6.001E7,5.999E7,
6826000.0,3766000.0,2803000.0,7414000.0,2178000.0,332900.0,5296000.0,1290000.0,3259000.0,1549000.0,6.001E7,5.999E7,
6812000.0,3769000.0,2811000.0,7454000.0,2127000.0,332900.0,5296000.0,1303000.0,3396000.0,1546000.0,6.001E7,5.997E7,
6734000.0,3771000.0,2811000.0,7472000.0,2105000.0,335800.0,5298000.0,1315000.0,3352000.0,1548000.0,6.001E7,5.999E7,
6689000.0,3773000.0,2815000.0,7496000.0,2091000.0,341900.0,5292000.0,1326000.0,3317000.0,1553000.0,6.001E7,6.001E7,
6654000.0,3782000.0,2816000.0,7502000.0,2072000.0,341900.0,5297000.0,1321000.0,3304000.0,1552000.0,6.001E7,6.003E7,
6704000.0,3776000.0,2808000.0,7477000.0,2060000.0,347900.0,5291000.0,1362000.0,3296000.0,1549000.0,6.001E7,5.998E7,
6602000.0,3790000.0,2808000.0,7490000.0,2161000.0,231300.0,5291000.0,1374000.0,3298000.0,1549000.0,6.001E7,6.005E7,
6678000.0,3798000.0,2809000.0,7484000.0,2131000.0,235100.0,5287000.0,1411000.0,3286000.0,1551000.0,6.001E7,5.998E7,
6600000.0,3794000.0,2812000.0,7494000.0,2104000.0,241200.0,5281000.0,1485000.0,3212000.0,1549000.0,6.001E7,6.004E7,
6572000.0,3787000.0,2816000.0,7482000.0,2091000.0,261200.0,5261000.0,1508000.0,3189000.0,1549000.0,6.001E7,6.007E7,
6540000.0,3778000.0,2822000.0,7494000.0,2049000.0,261200.0,5268000.0,1563000.0,3126000.0,1551000.0,6.001E7,6.012E7,
6632000.0,3777000.0,2830000.0,7519000.0,2005000.0,261200.0,5268000.0,1575000.0,3152000.0,1547000.0,6.001E7,6.002E7,
6591000.0,3780000.0,2833000.0,7531000.0,1979000.0,261200.0,5274000.0,1569000.0,3152000.0,1549000.0,6.001E7,6.005E7,
6516000.0,3778000.0,2842000.0,7538000.0,1979000.0,267300.0,5274000.0,1569000.0,3146000.0,1546000.0,6.001E7,6.006E7,
6574000.0,3777000.0,2843000.0,7526000.0,1954000.0,266000.0,5282000.0,1602000.0,3153000.0,1547000.0,6.001E7,6.0E7,
6535000.0,3810000.0,2845000.0,7516000.0,1924000.0,266000.0,5282000.0,1643000.0,3069000.0,1546000.0,6.001E7,6.003E7,
6485000.0,3816000.0,2844000.0,7528000.0,1917000.0,280800.0,5267000.0,1676000.0,3036000.0,1548000.0,6.001E7,6.005E7,
6427000.0,3809000.0,2851000.0,7545000.0,1909000.0,280800.0,5280000.0,1680000.0,3019000.0,1550000.0,6.001E7,6.006E7,
6450000.0,3803000.0,2853000.0,7576000.0,1873000.0,280800.0,6073000.0,892900.0,3037000.0,1549000.0,6.001E7,6.002E7,
6446000.0,3806000.0,2853000.0,7591000.0,1872000.0,3083000.0,3270000.0,903700.0,3093000.0,1548000.0,6.001E7,5.997E7,
6373000.0,3799000.0,2856000.0,7592000.0,1872000.0,3083000.0,3285000.0,895700.0,3075000.0,1548000.0,6.001E7,6.001E7,
6348000.0,3801000.0,2857000.0,7587000.0,1872000.0,3089000.0,3279000.0,938100.0,3032000.0,1548000.0,6.001E7,6.001E7,
6317000.0,3809000.0,2864000.0,7585000.0,1846000.0,3105000.0,3262000.0,1001000.0,2969000.0,1546000.0,6.001E7,6.003E7,
6322000.0,3827000.0,2866000.0,7564000.0,1852000.0,3105000.0,3266000.0,1099000.0,2960000.0,1546000.0,6.001E7,5.998E7,
6266000.0,3833000.0,2871000.0,7573000.0,1827000.0,3100000.0,3276000.0,1114000.0,2921000.0,1541000.0,6.001E7,6.003E7,
6174000.0,3822000.0,2872000.0,7605000.0,1827000.0,3100000.0,3276000.0,1146000.0,2889000.0,1546000.0,6.001E7,6.008E7,
6132000.0,3819000.0,2882000.0,7605000.0,1827000.0,3100000.0,3276000.0,1223000.0,2813000.0,1542000.0,6.001E7,6.01E7,
6064000.0,3837000.0,2886000.0,7628000.0,1827000.0,3106000.0,3270000.0,1235000.0,2801000.0,1543000.0,6.001E7,6.012E7,
6050000.0,3819000.0,2885000.0,7620000.0,1805000.0,3106000.0,3280000.0,1256000.0,2755000.0,1548000.0,6.001E7,6.014E7,
6110000.0,3838000.0,2894000.0,7649000.0,1778000.0,3106000.0,3280000.0,1280000.0,2852000.0,1541000.0,6.001E7,6.002E7,
6050000.0,3855000.0,2885000.0,7649000.0,1778000.0,3112000.0,3274000.0,1290000.0,2842000.0,1541000.0,6.001E7,6.005E7,
5967000.0,3895000.0,2872000.0,7677000.0,1763000.0,3112000.0,3274000.0,1397000.0,2710000.0,1545000.0,6.001E7,6.008E7,
5878000.0,3920000.0,2883000.0,7714000.0,1755000.0,3106000.0,3278000.0,1448000.0,2655000.0,1545000.0,6.001E7,6.01E7,
5951000.0,3908000.0,2886000.0,7719000.0,1755000.0,3106000.0,3278000.0,1454000.0,2683000.0,1546000.0,6.001E7,5.999E7,
5919000.0,3901000.0,2872000.0,7722000.0,1761000.0,3100000.0,3278000.0,1468000.0,2669000.0,1552000.0,6.001E7,6.001E7,
5925000.0,3894000.0,2873000.0,7748000.0,1743000.0,3092000.0,3278000.0,1468000.0,2721000.0,1553000.0,6.001E7,6.0E7,
5913000.0,3888000.0,2879000.0,7736000.0,1725000.0,3086000.0,3290000.0,1456000.0,2756000.0,1552000.0,6.001E7,6.002E7,
5890000.0,3875000.0,2878000.0,7732000.0,1711000.0,3086000.0,3297000.0,1481000.0,2726000.0,1557000.0,6.001E7,6.003E7,
5888000.0,3875000.0,2884000.0,7753000.0,1723000.0,3074000.0,3297000.0,1492000.0,2761000.0,1551000.0,6.001E7,5.999E7,
5855000.0,3878000.0,2888000.0,7735000.0,1723000.0,3074000.0,3297000.0,1504000.0,2749000.0,1554000.0,6.001E7,5.999E7,
5827000.0,3874000.0,2896000.0,7751000.0,1691000.0,3074000.0,3297000.0,1630000.0,2723000.0,1553000.0,6.001E7,6.002E7,
5764000.0,3858000.0,2902000.0,7763000.0,1676000.0,3074000.0,3297000.0,1643000.0,2710000.0,1554000.0,6.001E7,6.007E7,
5681000.0,3866000.0,2907000.0,7808000.0,1662000.0,3074000.0,3303000.0,1694000.0,2653000.0,1554000.0,6.001E7,6.009E7,
5747000.0,3866000.0,2909000.0,7792000.0,1638000.0,3074000.0,3312000.0,1729000.0,2652000.0,1552000.0,6.001E7,6.0E7,
5734000.0,3861000.0,2917000.0,7776000.0,1644000.0,3077000.0,3309000.0,1734000.0,2619000.0,1553000.0,6.001E7,6.0E7,
5680000.0,3850000.0,2924000.0,7794000.0,1650000.0,3077000.0,3303000.0,1827000.0,2496000.0,1553000.0,6.001E7,6.0E7,
5639000.0,3849000.0,2928000.0,7810000.0,1656000.0,3082000.0,3292000.0,1841000.0,2469000.0,1555000.0,6.001E7,6.001E7,
5601000.0,3845000.0,2935000.0,7804000.0,1662000.0,3076000.0,3292000.0,1876000.0,2434000.0,1557000.0,6.001E7,6.001E7,
5559000.0,3841000.0,2937000.0,7814000.0,1670000.0,3068000.0,3292000.0,1900000.0,2410000.0,1556000.0,6.001E7,6.001E7,
5592000.0,3841000.0,2940000.0,7811000.0,1683000.0,3062000.0,3286000.0,1900000.0,2524000.0,1554000.0,6.001E7,5.996E7,
5559000.0,3842000.0,2944000.0,7796000.0,1656000.0,3056000.0,3302000.0,1884000.0,2588000.0,1557000.0,6.001E7,5.999E7,
5529000.0,3833000.0,2948000.0,7799000.0,1643000.0,3062000.0,3310000.0,1870000.0,2588000.0,1560000.0,6.001E7,6.001E7,
5504000.0,3821000.0,2952000.0,7785000.0,1633000.0,3070000.0,3301000.0,1901000.0,2551000.0,1557000.0,6.001E7,6.004E7,
5453000.0,3827000.0,2957000.0,7809000.0,1633000.0,3070000.0,3301000.0,1901000.0,2551000.0,1557000.0,6.001E7,6.004E7,
5534000.0,3832000.0,2950000.0,7812000.0,1622000.0,3070000.0,3301000.0,1943000.0,2624000.0,1558000.0,6.001E7,5.995E7,
5446000.0,3817000.0,2956000.0,7850000.0,1609000.0,3070000.0,3307000.0,1937000.0,2624000.0,1554000.0,6.001E7,5.999E7,
5414000.0,3813000.0,2934000.0,7841000.0,1604000.0,3069000.0,3305000.0,1955000.0,2592000.0,1555000.0,6.001E7,6.004E7,
5469000.0,3817000.0,2940000.0,7827000.0,1591000.0,3069000.0,3305000.0,1977000.0,2690000.0,1550000.0,6.001E7,5.997E7,
5429000.0,3821000.0,2943000.0,7839000.0,1586000.0,3068000.0,3304000.0,1977000.0,2768000.0,1549000.0,6.001E7,5.998E7,
5421000.0,3818000.0,2945000.0,7812000.0,1586000.0,3068000.0,3304000.0,1995000.0,2917000.0,1548000.0,6.001E7,5.998E7,
5368000.0,3825000.0,2949000.0,7790000.0,1586000.0,3068000.0,3313000.0,1998000.0,2905000.0,1546000.0,6.001E7,6.002E7,
5316000.0,3842000.0,2950000.0,7801000.0,1570000.0,3068000.0,3324000.0,2000000.0,2893000.0,1546000.0,6.001E7,6.005E7,
5279000.0,3857000.0,2934000.0,7796000.0,1558000.0,3068000.0,3318000.0,2058000.0,2834000.0,1547000.0,6.001E7,6.008E7,
5245000.0,3855000.0,2934000.0,7822000.0,1568000.0,3057000.0,3326000.0,2091000.0,2794000.0,1546000.0,6.001E7,6.008E7,
5350000.0,3848000.0,2908000.0,7843000.0,1568000.0,3057000.0,3326000.0,2127000.0,2813000.0,1544000.0,6.001E7,5.997E7,
5324000.0,3847000.0,2892000.0,7832000.0,1568000.0,3057000.0,3326000.0,2152000.0,2883000.0,1547000.0,6.001E7,6.001E7,
5288000.0,3853000.0,2893000.0,7845000.0,1560000.0,3051000.0,3337000.0,2169000.0,2898000.0,1549000.0,6.001E7,6.001E7,
5368000.0,3853000.0,2872000.0,7828000.0,1535000.0,3053000.0,3329000.0,2169000.0,2970000.0,1548000.0,6.001E7,5.997E7,
5325000.0,3864000.0,2872000.0,7827000.0,1520000.0,3059000.0,3331000.0,2183000.0,3014000.0,1547000.0,6.001E7,5.998E7,
5290000.0,3866000.0,2882000.0,7846000.0,1520000.0,3059000.0,3343000.0,2198000.0,3112000.0,1541000.0,6.001E7,5.998E7,
5191000.0,3898000.0,2884000.0,7866000.0,1506000.0,3058000.0,3343000.0,2220000.0,3064000.0,1541000.0,6.001E7,6.002E7,
5169000.0,3903000.0,2887000.0,7835000.0,1512000.0,4827000.0,1576000.0,2233000.0,3042000.0,1543000.0,6.001E7,6.002E7,
5145000.0,3890000.0,2890000.0,7833000.0,1518000.0,4821000.0,1594000.0,2227000.0,3030000.0,1543000.0,6.001E7,6.002E7,
5103000.0,3882000.0,2896000.0,7809000.0,1524000.0,4821000.0,1603000.0,2224000.0,3018000.0,1543000.0,6.001E7,6.003E7,
5080000.0,3874000.0,2900000.0,7805000.0,1524000.0,4821000.0,1617000.0,2264000.0,2964000.0,1544000.0,6.001E7,6.003E7,
5065000.0,3873000.0,2903000.0,7792000.0,1517000.0,4815000.0,1617000.0,2335000.0,2893000.0,1541000.0,6.001E7,6.005E7,
5021000.0,3861000.0,2903000.0,7805000.0,1517000.0,4815000.0,1617000.0,2358000.0,2870000.0,1543000.0,6.001E7,6.005E7,
5036000.0,3863000.0,2907000.0,7810000.0,1494000.0,4815000.0,1617000.0,2385000.0,2870000.0,1547000.0,6.001E7,6.002E7,
5006000.0,3866000.0,2908000.0,7788000.0,1446000.0,4815000.0,1626000.0,2430000.0,2804000.0,1550000.0,6.001E7,6.008E7,
4972000.0,3865000.0,2913000.0,7792000.0,1464000.0,4797000.0,1626000.0,2477000.0,2757000.0,1551000.0,6.001E7,6.008E7,
4891000.0,3883000.0,2915000.0,7818000.0,1452000.0,4797000.0,1626000.0,2494000.0,2740000.0,1552000.0,6.001E7,6.01E7,
4812000.0,3872000.0,2914000.0,7840000.0,1444000.0,4796000.0,1623000.0,2511000.0,2711000.0,1552000.0,6.001E7,6.014E7,
4795000.0,3876000.0,2899000.0,7828000.0,1414000.0,4803000.0,1623000.0,2514000.0,2700000.0,1550000.0,6.001E7,6.019E7,
4913000.0,3860000.0,2880000.0,7874000.0,1407000.0,4804000.0,1626000.0,2537000.0,2762000.0,1551000.0,6.001E7,6.002E7,
4940000.0,3854000.0,2885000.0,7850000.0,1413000.0,4810000.0,1620000.0,2576000.0,2935000.0,1553000.0,6.001E7,5.998E7,
4905000.0,3851000.0,2886000.0,7864000.0,1413000.0,4810000.0,1635000.0,2561000.0,3011000.0,1555000.0,6.001E7,5.998E7,
4942000.0,3839000.0,2890000.0,7853000.0,1363000.0,4806000.0,1630000.0,2581000.0,3114000.0,1553000.0,6.001E7,5.998E7,
4934000.0,3834000.0,2893000.0,7835000.0,1363000.0,4814000.0,1622000.0,2657000.0,3026000.0,1555000.0,6.001E7,5.998E7,
4880000.0,3836000.0,2849000.0,7846000.0,1329000.0,4814000.0,1627000.0,2664000.0,3013000.0,1549000.0,6.001E7,6.009E7,
4835000.0,3834000.0,2841000.0,7856000.0,1309000.0,4814000.0,1649000.0,2643000.0,3013000.0,1551000.0,6.001E7,6.014E7,
4781000.0,3839000.0,2846000.0,7851000.0,1319000.0,4811000.0,1649000.0,2692000.0,2925000.0,1550000.0,6.001E7,6.015E7,
4927000.0,3850000.0,2850000.0,7841000.0,1319000.0,4811000.0,1648000.0,2692000.0,2948000.0,1548000.0,6.001E7,5.997E7,
4888000.0,3852000.0,2852000.0,7832000.0,1312000.0,4817000.0,1655000.0,2705000.0,2991000.0,1548000.0,6.001E7,5.998E7,
4870000.0,3861000.0,2853000.0,7787000.0,1318000.0,4811000.0,1655000.0,2720000.0,3125000.0,1550000.0,6.001E7,5.998E7,
4845000.0,3866000.0,2841000.0,7794000.0,4004000.0,2124000.0,1655000.0,2756000.0,3137000.0,1550000.0,6.001E7,5.999E7,
4813000.0,3874000.0,2840000.0,7772000.0,3981000.0,2118000.0,1654000.0,2788000.0,3105000.0,1556000.0,6.001E7,6.002E7,
4762000.0,3864000.0,2840000.0,7767000.0,3985000.0,2113000.0,1654000.0,2788000.0,3093000.0,1558000.0,6.001E7,6.006E7,
4826000.0,3865000.0,2846000.0,7764000.0,3830000.0,2117000.0,1650000.0,2798000.0,3120000.0,1558000.0,6.001E7,6.012E7,
4962000.0,3845000.0,2852000.0,7740000.0,3755000.0,2117000.0,1650000.0,2855000.0,3139000.0,1560000.0,6.001E7,6.005E7,
5040000.0,3852000.0,2849000.0,7794000.0,3665000.0,2109000.0,1655000.0,2872000.0,3274000.0,1560000.0,6.001E7,5.999E7,
4970000.0,3849000.0,2840000.0,7816000.0,3560000.0,2571000.0,1214000.0,2851000.0,3274000.0,1559000.0,6.001E7,6.012E7,
4930000.0,3849000.0,2840000.0,7816000.0,3358000.0,2571000.0,1220000.0,2845000.0,3240000.0,1561000.0,6.001E7,6.033E7,
5324000.0,3837000.0,2843000.0,7819000.0,3257000.0,2571000.0,1288000.0,2824000.0,3314000.0,1565000.0,6.001E7,6.001E7,
5421000.0,3841000.0,2843000.0,7841000.0,3072000.0,2581000.0,1307000.0,2828000.0,3495000.0,1567000.0,6.001E7,6.006E7,
5389000.0,3851000.0,2833000.0,7834000.0,2954000.0,2575000.0,1307000.0,2866000.0,3440000.0,1567000.0,6.001E7,6.02E7,
5359000.0,3866000.0,2836000.0,7835000.0,2886000.0,2569000.0,1317000.0,2897000.0,3398000.0,1568000.0,6.001E7,6.027E7,
5315000.0,3864000.0,2836000.0,7817000.0,2807000.0,2569000.0,1330000.0,2896000.0,3387000.0,1567000.0,6.001E7,6.039E7,
5271000.0,3852000.0,2840000.0,7817000.0,2707000.0,2563000.0,1329000.0,2902000.0,3381000.0,1564000.0,6.001E7,6.049E7,
5756000.0,3861000.0,2843000.0,7816000.0,2712000.0,2567000.0,1327000.0,2908000.0,3762000.0,1563000.0,6.001E7,5.998E7,
5728000.0,3856000.0,2845000.0,7804000.0,2702000.0,2546000.0,1331000.0,2935000.0,3729000.0,1562000.0,6.001E7,6.001E7,
5656000.0,3865000.0,2845000.0,7845000.0,2631000.0,2956000.0,914600.0,2935000.0,3729000.0,1565000.0,6.001E7,6.009E7,
5740000.0,3859000.0,2848000.0,7846000.0,2631000.0,2956000.0,920700.0,2942000.0,3894000.0,1571000.0,6.001E7,5.998E7,
5670000.0,3844000.0,2791000.0,7900000.0,2642000.0,2945000.0,938500.0,2934000.0,3862000.0,1570000.0,6.001E7,6.004E7,
5691000.0,3845000.0,2795000.0,7883000.0,2634000.0,2939000.0,938500.0,2952000.0,3893000.0,1571000.0,6.001E7,6.001E7,
5716000.0,3847000.0,2798000.0,7884000.0,2622000.0,2939000.0,932500.0,2963000.0,4000000.0,1570000.0,6.001E7,5.997E7,
5703000.0,3834000.0,2803000.0,7869000.0,2556000.0,2939000.0,932500.0,2963000.0,4000000.0,1577000.0,6.001E7,6.004E7,
5725000.0,3831000.0,2806000.0,7867000.0,2554000.0,2927000.0,945300.0,2997000.0,4029000.0,1578000.0,6.001E7,6.001E7,
5664000.0,3847000.0,2812000.0,7868000.0,2489000.0,2927000.0,945300.0,3030000.0,3995000.0,1577000.0,6.001E7,6.008E7,
5627000.0,3838000.0,2814000.0,7873000.0,2466000.0,2922000.0,938900.0,3086000.0,3939000.0,1576000.0,6.001E7,6.013E7,
5577000.0,3852000.0,2815000.0,7870000.0,2440000.0,2915000.0,946700.0,3112000.0,3905000.0,1580000.0,6.001E7,6.018E7,
5722000.0,3869000.0,2819000.0,7891000.0,2434000.0,2909000.0,946700.0,3112000.0,3927000.0,1580000.0,6.001E7,5.999E7,
5707000.0,3863000.0,2820000.0,7849000.0,2405000.0,2908000.0,945200.0,3164000.0,3876000.0,1581000.0,6.001E7,6.002E7,
5666000.0,3867000.0,2809000.0,7850000.0,2334000.0,2912000.0,941400.0,3164000.0,3876000.0,1583000.0,6.001E7,6.011E7,
5625000.0,3871000.0,2811000.0,7869000.0,2305000.0,2932000.0,921300.0,3209000.0,3830000.0,1585000.0,6.001E7,6.014E7,
5590000.0,3872000.0,2817000.0,7877000.0,2264000.0,2950000.0,903200.0,3221000.0,3818000.0,1583000.0,6.001E7,6.018E7,
5567000.0,3881000.0,2803000.0,7871000.0,2174000.0,2942000.0,900600.0,3232000.0,3808000.0,1581000.0,6.001E7,6.03E7,
5940000.0,3879000.0,2800000.0,7873000.0,2099000.0,2946000.0,903600.0,3268000.0,3912000.0,1584000.0,6.001E7,5.999E7,
5975000.0,3872000.0,2798000.0,7865000.0,2034000.0,2941000.0,903600.0,3329000.0,3922000.0,1581000.0,6.001E7,6.001E7,
5934000.0,3883000.0,2796000.0,7864000.0,2009000.0,2941000.0,1427000.0,2863000.0,3864000.0,1583000.0,6.001E7,6.003E7,
5886000.0,3867000.0,2795000.0,7861000.0,1996000.0,2941000.0,1436000.0,2919000.0,3799000.0,1584000.0,6.001E7,6.008E7,
5855000.0,3860000.0,2783000.0,7846000.0,2002000.0,2942000.0,1429000.0,2919000.0,3780000.0,1581000.0,6.001E7,6.009E7,
5908000.0,3851000.0,2786000.0,7838000.0,2007000.0,2924000.0,1429000.0,2919000.0,3825000.0,1583000.0,6.001E7,6.0E7,
5884000.0,3855000.0,2777000.0,7808000.0,1994000.0,2930000.0,1431000.0,2958000.0,3756000.0,1583000.0,6.001E7,6.003E7,
5840000.0,3845000.0,2778000.0,7800000.0,2006000.0,2918000.0,1431000.0,2958000.0,3756000.0,1584000.0,6.001E7,6.005E7,
5889000.0,3854000.0,2779000.0,7792000.0,1993000.0,2912000.0,1425000.0,2958000.0,3987000.0,1584000.0,6.001E7,6.0E7,
5860000.0,3856000.0,2777000.0,7772000.0,2004000.0,2900000.0,1434000.0,3013000.0,3923000.0,1583000.0,6.001E7,6.001E7,
5845000.0,3847000.0,2778000.0,7767000.0,2004000.0,2900000.0,1434000.0,3101000.0,3836000.0,1583000.0,6.001E7,6.001E7,
5799000.0,3841000.0,2778000.0,7792000.0,2004000.0,2913000.0,1429000.0,3121000.0,3722000.0,1584000.0,6.001E7,6.001E7,
5746000.0,3862000.0,2780000.0,7823000.0,2010000.0,2907000.0,1429000.0,3141000.0,3821000.0,1583000.0,6.001E7,6.0E7,
5705000.0,3867000.0,2783000.0,7815000.0,1993000.0,2906000.0,1437000.0,3143000.0,3810000.0,1581000.0,6.001E7,6.003E7,
5668000.0,3866000.0,2788000.0,7820000.0,1942000.0,2905000.0,1446000.0,3155000.0,3790000.0,1583000.0,6.001E7,6.008E7,
5763000.0,3863000.0,2792000.0,7796000.0,1903000.0,2905000.0,1446000.0,3155000.0,3708000.0,1583000.0,6.001E7,6.001E7,
5694000.0,3867000.0,2779000.0,7823000.0,1903000.0,2905000.0,1446000.0,3155000.0,3682000.0,1582000.0,6.001E7,6.004E7,
5664000.0,3870000.0,2779000.0,7822000.0,1891000.0,2905000.0,1455000.0,3171000.0,3636000.0,1585000.0,6.001E7,6.005E7,
5652000.0,3870000.0,2781000.0,7802000.0,1903000.0,2899000.0,1449000.0,3190000.0,3617000.0,1585000.0,6.001E7,6.005E7,
5621000.0,3881000.0,2782000.0,7773000.0,1890000.0,2899000.0,1449000.0,3190000.0,3617000.0,1587000.0,6.001E7,6.006E7,
5686000.0,3889000.0,2783000.0,7742000.0,1874000.0,2898000.0,1467000.0,3206000.0,3633000.0,1592000.0,6.001E7,5.999E7,
5621000.0,3895000.0,2787000.0,7757000.0,1874000.0,2904000.0,1467000.0,3281000.0,3603000.0,1593000.0,6.001E7,5.999E7,
5568000.0,3889000.0,2787000.0,7774000.0,1874000.0,2904000.0,1467000.0,3281000.0,3588000.0,1594000.0,6.001E7,5.999E7,
5543000.0,3884000.0,2788000.0,7768000.0,1874000.0,2903000.0,1467000.0,3368000.0,3556000.0,1596000.0,6.001E7,5.999E7,
5470000.0,3900000.0,2793000.0,7784000.0,1880000.0,2897000.0,1467000.0,3389000.0,3668000.0,1595000.0,6.001E7,5.999E7,
5441000.0,3907000.0,2791000.0,7786000.0,1880000.0,2897000.0,1467000.0,3431000.0,3598000.0,1597000.0,6.001E7,5.999E7,
5380000.0,3900000.0,2797000.0,7825000.0,1886000.0,2891000.0,1467000.0,3444000.0,3585000.0,1600000.0,6.001E7,5.999E7,
5353000.0,3918000.0,2799000.0,7809000.0,1886000.0,2898000.0,1460000.0,3507000.0,3579000.0,1603000.0,6.001E7,5.999E7,
5329000.0,3919000.0,2806000.0,7821000.0,1867000.0,2895000.0,1460000.0,3635000.0,3514000.0,1600000.0,6.001E7,6.0E7,
5286000.0,3920000.0,2807000.0,7814000.0,1854000.0,2895000.0,1474000.0,3645000.0,3490000.0,1603000.0,6.001E7,6.003E7,
5299000.0,3922000.0,2809000.0,7834000.0,1876000.0,2873000.0,1485000.0,3663000.0,3466000.0,1603000.0,6.001E7,5.997E7,
5264000.0,3928000.0,2810000.0,7844000.0,1869000.0,2873000.0,1485000.0,3673000.0,3481000.0,1605000.0,6.001E7,5.998E7,
5221000.0,3927000.0,2814000.0,7857000.0,1887000.0,2855000.0,1505000.0,3671000.0,3497000.0,1602000.0,6.001E7,5.998E7,
5199000.0,3909000.0,2816000.0,7850000.0,1877000.0,2857000.0,1498000.0,3697000.0,3513000.0,1601000.0,6.001E7,6.0E7,
5174000.0,3903000.0,2820000.0,7852000.0,1856000.0,2863000.0,1492000.0,3719000.0,3463000.0,1602000.0,6.001E7,6.002E7,
5190000.0,3890000.0,2833000.0,7857000.0,1841000.0,2863000.0,1500000.0,3747000.0,3486000.0,1594000.0,6.001E7,6.0E7,
5151000.0,3879000.0,2838000.0,7848000.0,1841000.0,2863000.0,1500000.0,3788000.0,3557000.0,1595000.0,6.001E7,6.001E7,
5112000.0,3875000.0,2846000.0,7837000.0,1841000.0,2876000.0,1499000.0,3883000.0,3449000.0,1592000.0,6.001E7,6.001E7,
5040000.0,3887000.0,2848000.0,7846000.0,1827000.0,2876000.0,1499000.0,3980000.0,3352000.0,1591000.0,6.001E7,6.004E7,
5051000.0,3888000.0,2849000.0,7852000.0,1827000.0,2894000.0,1480000.0,3996000.0,3400000.0,1591000.0,6.001E7,5.999E7,
4982000.0,3905000.0,2850000.0,7862000.0,1810000.0,2889000.0,1485000.0,4007000.0,3443000.0,1593000.0,6.001E7,6.003E7,
4938000.0,3896000.0,2851000.0,7891000.0,1802000.0,2887000.0,1483000.0,4024000.0,3425000.0,1592000.0,6.001E7,6.004E7,
4962000.0,3896000.0,2853000.0,7881000.0,1787000.0,2887000.0,1483000.0,4048000.0,3459000.0,1592000.0,6.001E7,6.002E7,
4982000.0,3885000.0,2858000.0,7883000.0,1787000.0,2887000.0,1483000.0,4084000.0,3479000.0,1595000.0,6.001E7,5.998E7,
4939000.0,3874000.0,2839000.0,7889000.0,1787000.0,2887000.0,1483000.0,4115000.0,3479000.0,1597000.0,6.001E7,6.0E7,
4901000.0,3874000.0,2842000.0,7869000.0,1787000.0,2887000.0,1489000.0,4121000.0,3444000.0,1591000.0,6.001E7,6.001E7,
4871000.0,3886000.0,2844000.0,7864000.0,1759000.0,2887000.0,1489000.0,4177000.0,3387000.0,1591000.0,6.001E7,6.004E7,
4805000.0,3898000.0,2847000.0,7904000.0,1759000.0,2893000.0,1482000.0,4233000.0,3309000.0,1592000.0,6.001E7,6.004E7,
4775000.0,3893000.0,2850000.0,7899000.0,1761000.0,2875000.0,1482000.0,4286000.0,3200000.0,1592000.0,6.001E7,6.007E7,
4833000.0,3902000.0,2852000.0,7895000.0,1761000.0,2875000.0,1488000.0,4299000.0,3217000.0,1592000.0,6.001E7,5.999E7,
4821000.0,3904000.0,2854000.0,7885000.0,1735000.0,2868000.0,1487000.0,4299000.0,3338000.0,1588000.0,6.001E7,6.002E7,
4819000.0,3895000.0,2861000.0,7875000.0,2018000.0,2585000.0,1496000.0,4289000.0,3298000.0,1588000.0,6.001E7,6.002E7,
4757000.0,3906000.0,2867000.0,7880000.0,2018000.0,2585000.0,1496000.0,4289000.0,3298000.0,1584000.0,6.001E7,6.002E7,
4723000.0,3916000.0,2872000.0,7849000.0,2011000.0,2586000.0,1508000.0,4282000.0,3300000.0,1583000.0,6.001E7,6.004E7,
4747000.0,3912000.0,2872000.0,7863000.0,2004000.0,2596000.0,1498000.0,4309000.0,3303000.0,1583000.0,6.001E7,5.997E7,
4720000.0,3915000.0,2877000.0,7871000.0,2004000.0,2603000.0,1496000.0,4315000.0,3356000.0,1583000.0,6.001E7,5.998E7,
4654000.0,3909000.0,2878000.0,7879000.0,1984000.0,2603000.0,1502000.0,4331000.0,3333000.0,1581000.0,6.001E7,6.004E7,
4644000.0,3904000.0,2882000.0,7854000.0,1984000.0,2603000.0,1502000.0,4366000.0,3299000.0,1581000.0,6.001E7,6.004E7,
4615000.0,3902000.0,2885000.0,7853000.0,1984000.0,2603000.0,1508000.0,4409000.0,3249000.0,1580000.0,6.001E7,6.004E7,
4650000.0,3901000.0,2885000.0,7835000.0,1963000.0,2603000.0,1525000.0,4393000.0,3320000.0,1583000.0,6.001E7,6.001E7,
4712000.0,3891000.0,2884000.0,7827000.0,1940000.0,2608000.0,1523000.0,4406000.0,3552000.0,1581000.0,6.001E7,5.995E7,
4648000.0,3895000.0,2886000.0,7851000.0,1940000.0,2608000.0,1523000.0,4522000.0,3436000.0,1582000.0,6.001E7,5.997E7,
4641000.0,3888000.0,2890000.0,7829000.0,1930000.0,2600000.0,1523000.0,4522000.0,3436000.0,1584000.0,6.001E7,5.999E7,
4587000.0,3914000.0,2892000.0,7833000.0,1907000.0,2600000.0,1523000.0,4522000.0,3436000.0,1585000.0,6.001E7,6.001E7,
4570000.0,3911000.0,2894000.0,7811000.0,1900000.0,2600000.0,1517000.0,4549000.0,3409000.0,1585000.0,6.001E7,6.002E7,
4550000.0,3915000.0,2897000.0,7803000.0,1900000.0,2600000.0,1517000.0,4549000.0,3409000.0,1586000.0,6.001E7,6.002E7,
4559000.0,3906000.0,2899000.0,7790000.0,1912000.0,2594000.0,1511000.0,4622000.0,3346000.0,1587000.0,6.001E7,5.999E7,
4527000.0,3917000.0,2899000.0,7772000.0,1757000.0,2590000.0,1511000.0,4634000.0,3334000.0,1589000.0,6.001E7,6.016E7,
4698000.0,3913000.0,2901000.0,7773000.0,1728000.0,2596000.0,1515000.0,4749000.0,3293000.0,1591000.0,6.001E7,5.999E7,
4668000.0,3905000.0,2904000.0,7750000.0,1703000.0,2596000.0,1521000.0,4780000.0,3256000.0,1592000.0,6.001E7,6.004E7,
4693000.0,3914000.0,2905000.0,7753000.0,1684000.0,2590000.0,1521000.0,4791000.0,3443000.0,1594000.0,6.001E7,6.002E7,
4733000.0,3916000.0,2908000.0,7750000.0,1655000.0,2590000.0,1521000.0,4808000.0,3458000.0,1595000.0,6.001E7,5.998E7,
4725000.0,3908000.0,2909000.0,7748000.0,1666000.0,2579000.0,1533000.0,4808000.0,3430000.0,1596000.0,6.001E7,5.998E7,
4703000.0,3889000.0,2896000.0,7752000.0,1623000.0,2585000.0,1533000.0,4842000.0,3367000.0,1593000.0,6.001E7,6.004E7,
4786000.0,3881000.0,2898000.0,7755000.0,1584000.0,2585000.0,1545000.0,4852000.0,3478000.0,1593000.0,5.998E7,5.997E7,
4777000.0,3869000.0,2903000.0,7744000.0,1584000.0,2592000.0,1533000.0,4862000.0,3423000.0,1596000.0,6.001E7,5.998E7,
4761000.0,3862000.0,2904000.0,7746000.0,1555000.0,2570000.0,1533000.0,4872000.0,3413000.0,1600000.0,6.001E7,6.004E7,
4776000.0,3865000.0,2903000.0,7752000.0,1518000.0,2564000.0,1524000.0,4891000.0,3486000.0,1596000.0,6.001E7,6.003E7,
4764000.0,3859000.0,2907000.0,7730000.0,1531000.0,2539000.0,1538000.0,4907000.0,3437000.0,1597000.0,6.001E7,6.005E7,
4730000.0,3863000.0,2895000.0,7726000.0,1523000.0,2544000.0,1528000.0,4907000.0,3415000.0,1596000.0,6.001E7,6.008E7,
4714000.0,3872000.0,2875000.0,7723000.0,1533000.0,2533000.0,1522000.0,4929000.0,3393000.0,1594000.0,6.001E7,6.011E7,
4680000.0,3874000.0,2882000.0,7716000.0,1545000.0,2527000.0,1516000.0,5036000.0,3270000.0,1595000.0,6.001E7,6.011E7,
4623000.0,3877000.0,2882000.0,7720000.0,1538000.0,2521000.0,1530000.0,5038000.0,3242000.0,1594000.0,6.001E7,6.012E7,
4759000.0,3870000.0,2887000.0,7703000.0,1544000.0,2527000.0,1532000.0,5055000.0,3281000.0,1593000.0,6.001E7,5.997E7,
4750000.0,3856000.0,2887000.0,7695000.0,1518000.0,2539000.0,1536000.0,5044000.0,3265000.0,1595000.0,6.001E7,5.999E7,
4713000.0,3859000.0,2890000.0,7707000.0,1518000.0,2531000.0,2546000.0,4069000.0,3296000.0,1595000.0,6.001E7,5.999E7,
4672000.0,3854000.0,2892000.0,7719000.0,1518000.0,2531000.0,2528000.0,4063000.0,3296000.0,1592000.0,6.001E7,6.002E7,
4656000.0,3876000.0,2895000.0,7712000.0,1548000.0,2507000.0,2534000.0,4076000.0,3324000.0,1593000.0,6.001E7,5.999E7,
4641000.0,3874000.0,2896000.0,7720000.0,1572000.0,2495000.0,2522000.0,4124000.0,3304000.0,1592000.0,6.001E7,5.998E7,
4622000.0,3871000.0,2877000.0,7707000.0,1559000.0,2489000.0,2521000.0,4154000.0,3251000.0,1593000.0,6.001E7,6.003E7,
4592000.0,3869000.0,2881000.0,7697000.0,1551000.0,2474000.0,2521000.0,4178000.0,3215000.0,1595000.0,6.001E7,6.009E7,
4701000.0,3867000.0,2867000.0,7711000.0,1536000.0,2480000.0,2624000.0,4069000.0,3243000.0,1596000.0,6.001E7,5.998E7,
4684000.0,3873000.0,2861000.0,7673000.0,1520000.0,2492000.0,2611000.0,4063000.0,3243000.0,1594000.0,6.001E7,6.001E7,
4626000.0,3873000.0,2861000.0,7661000.0,1893000.0,2143000.0,2587000.0,4063000.0,3243000.0,1597000.0,6.001E7,6.005E7,
4583000.0,3867000.0,2858000.0,7632000.0,1819000.0,2131000.0,3030000.0,3623000.0,3228000.0,1596000.0,6.001E7,6.018E7,
4804000.0,3864000.0,2861000.0,7628000.0,1837000.0,2149000.0,2999000.0,3626000.0,3213000.0,1592000.0,6.001E7,5.994E7,
4792000.0,3851000.0,2851000.0,7631000.0,1869000.0,2132000.0,2996000.0,3621000.0,3191000.0,1588000.0,6.001E7,5.997E7,
4753000.0,3852000.0,2852000.0,7628000.0,1875000.0,2138000.0,3006000.0,3599000.0,3250000.0,1587000.0,6.001E7,5.999E7,
4724000.0,3865000.0,2860000.0,7624000.0,1899000.0,2138000.0,3029000.0,3576000.0,3215000.0,1585000.0,6.001E7,5.999E7,
4739000.0,3869000.0,2862000.0,7613000.0,1905000.0,2138000.0,3035000.0,3567000.0,3248000.0,1584000.0,6.001E7,5.998E7,
5090000.0,3857000.0,2863000.0,7604000.0,1524000.0,2142000.0,3066000.0,3511000.0,3328000.0,1580000.0,6.001E7,6.002E7,
5033000.0,3890000.0,2864000.0,7600000.0,1525000.0,2130000.0,3060000.0,3533000.0,3291000.0,1581000.0,6.001E7,6.004E7,
4982000.0,3904000.0,2865000.0,7594000.0,1536000.0,2126000.0,3057000.0,3541000.0,3266000.0,1583000.0,6.001E7,6.007E7,
4970000.0,3888000.0,2855000.0,7582000.0,1501000.0,2144000.0,3057000.0,3579000.0,3170000.0,1587000.0,6.001E7,6.013E7,
4964000.0,3871000.0,2856000.0,7574000.0,1517000.0,2311000.0,2890000.0,3657000.0,3068000.0,1591000.0,6.001E7,6.014E7,
4937000.0,3875000.0,2857000.0,7558000.0,1525000.0,2302000.0,2877000.0,3644000.0,3040000.0,1590000.0,6.001E7,6.019E7,
5075000.0,3890000.0,2858000.0,7577000.0,1537000.0,2300000.0,2886000.0,3792000.0,2911000.0,1590000.0,6.001E7,6.0E7,
5029000.0,3889000.0,2862000.0,7604000.0,1549000.0,2300000.0,2882000.0,3904000.0,2873000.0,1587000.0,6.001E7,6.0E7,
4987000.0,3888000.0,2866000.0,7595000.0,1555000.0,2301000.0,2867000.0,3918000.0,2841000.0,1587000.0,6.001E7,6.003E7,
5011000.0,3876000.0,2868000.0,7587000.0,1564000.0,3402000.0,1747000.0,3912000.0,2916000.0,1588000.0,6.001E7,5.999E7,
4962000.0,3871000.0,2873000.0,7615000.0,1564000.0,3402000.0,1740000.0,4008000.0,2853000.0,1591000.0,6.001E7,6.0E7,
4972000.0,3885000.0,2859000.0,7640000.0,1568000.0,3428000.0,1709000.0,4015000.0,2877000.0,1592000.0,6.001E7,5.995E7,
4968000.0,3878000.0,2862000.0,7621000.0,1598000.0,3402000.0,1685000.0,4009000.0,2903000.0,1593000.0,6.001E7,5.998E7,
4939000.0,3859000.0,2867000.0,7637000.0,1592000.0,3396000.0,1673000.0,4016000.0,2971000.0,1590000.0,6.001E7,6.0E7,
4979000.0,3856000.0,2878000.0,7639000.0,1583000.0,3378000.0,1661000.0,4113000.0,2940000.0,1585000.0,6.001E7,5.997E7,
4911000.0,3859000.0,2867000.0,7689000.0,1582000.0,3366000.0,1655000.0,4113000.0,3011000.0,1585000.0,6.001E7,6.001E7,
4931000.0,3875000.0,2869000.0,7673000.0,1575000.0,3335000.0,1641000.0,4110000.0,3097000.0,1587000.0,6.001E7,6.0E7,
4966000.0,3877000.0,2872000.0,7651000.0,1579000.0,3316000.0,1632000.0,4137000.0,3208000.0,1590000.0,6.001E7,5.997E7,
4930000.0,3881000.0,2869000.0,7661000.0,1563000.0,3307000.0,1629000.0,4141000.0,3180000.0,1591000.0,6.001E7,6.001E7,
4911000.0,3872000.0,2874000.0,7671000.0,1574000.0,3308000.0,1613000.0,4133000.0,3180000.0,1590000.0,6.001E7,6.002E7,
4900000.0,3875000.0,2864000.0,7666000.0,1573000.0,3277000.0,1627000.0,4166000.0,3096000.0,1592000.0,6.001E7,6.008E7,
4976000.0,3877000.0,2858000.0,7667000.0,1583000.0,3284000.0,1621000.0,4154000.0,3161000.0,1594000.0,6.001E7,6.0E7,
4936000.0,3877000.0,2860000.0,7650000.0,1589000.0,3284000.0,1621000.0,4204000.0,3105000.0,1594000.0,6.001E7,6.001E7,
4918000.0,3862000.0,2864000.0,7650000.0,1605000.0,3273000.0,1633000.0,4234000.0,3049000.0,1595000.0,6.001E7,6.002E7,
4892000.0,3861000.0,2866000.0,7649000.0,1602000.0,3267000.0,1651000.0,4230000.0,3036000.0,1596000.0,6.001E7,6.003E7,
4878000.0,3862000.0,2867000.0,7630000.0,1619000.0,3261000.0,1633000.0,4247000.0,3013000.0,1601000.0,6.001E7,6.004E7,
4976000.0,3863000.0,2870000.0,7625000.0,1621000.0,3251000.0,3238000.0,2704000.0,3076000.0,1602000.0,6.001E7,5.994E7,
4956000.0,3857000.0,2859000.0,7600000.0,1620000.0,3247000.0,3231000.0,2704000.0,3076000.0,1604000.0,6.001E7,5.997E7,
4890000.0,3855000.0,2860000.0,7643000.0,1626000.0,3247000.0,3264000.0,2671000.0,3070000.0,1608000.0,6.001E7,5.997E7,
4868000.0,3847000.0,2863000.0,7646000.0,1624000.0,3235000.0,3258000.0,2726000.0,3072000.0,1610000.0,6.001E7,5.999E7,
4854000.0,3848000.0,2870000.0,7636000.0,1608000.0,3217000.0,3270000.0,2702000.0,3058000.0,1607000.0,6.001E7,6.004E7,
4889000.0,3842000.0,2873000.0,7625000.0,1608000.0,3211000.0,3268000.0,2715000.0,3087000.0,1607000.0,6.001E7,6.001E7,
4847000.0,3865000.0,2877000.0,7659000.0,1614000.0,3224000.0,3255000.0,2722000.0,3066000.0,1608000.0,6.001E7,5.997E7,
4803000.0,3863000.0,2879000.0,7671000.0,1600000.0,3230000.0,3257000.0,2722000.0,3029000.0,1612000.0,6.001E7,5.998E7,
4744000.0,3876000.0,2885000.0,7680000.0,1575000.0,3237000.0,3244000.0,2751000.0,2976000.0,1612000.0,6.001E7,6.001E7,
4732000.0,3869000.0,2890000.0,7664000.0,1581000.0,3231000.0,3244000.0,2763000.0,2942000.0,1613000.0,6.001E7,6.001E7,
4698000.0,3884000.0,2874000.0,7666000.0,1554000.0,3242000.0,3241000.0,2764000.0,2889000.0,1617000.0,6.001E7,6.006E7,
4710000.0,3897000.0,2876000.0,7656000.0,1561000.0,3261000.0,3216000.0,2786000.0,2860000.0,1618000.0,6.001E7,6.001E7,
4676000.0,3902000.0,2878000.0,7649000.0,1573000.0,3255000.0,3224000.0,2784000.0,2848000.0,1616000.0,6.001E7,6.002E7,
4638000.0,3898000.0,2879000.0,7652000.0,1579000.0,3241000.0,3224000.0,2839000.0,2793000.0,1618000.0,6.001E7,6.003E7,
4635000.0,3894000.0,2883000.0,7627000.0,1573000.0,3241000.0,3244000.0,2818000.0,2748000.0,1616000.0,6.001E7,6.005E7,
4593000.0,3894000.0,2884000.0,7658000.0,1585000.0,3229000.0,3244000.0,2842000.0,2724000.0,1616000.0,6.001E7,6.005E7,
4558000.0,3894000.0,2885000.0,7668000.0,1602000.0,3212000.0,3271000.0,2854000.0,2686000.0,1621000.0,6.001E7,6.005E7,
4658000.0,3891000.0,2889000.0,7673000.0,1596000.0,3196000.0,3292000.0,2820000.0,2693000.0,1617000.0,6.001E7,5.998E7,
4620000.0,3889000.0,2857000.0,7671000.0,1592000.0,3188000.0,3277000.0,2853000.0,2648000.0,1613000.0,6.001E7,6.004E7,
4621000.0,3899000.0,2859000.0,7685000.0,1617000.0,3160000.0,3271000.0,2871000.0,2660000.0,1612000.0,6.001E7,6.001E7,
4571000.0,3910000.0,2864000.0,7701000.0,1618000.0,3159000.0,3258000.0,2876000.0,2637000.0,1610000.0,6.001E7,6.003E7,
4564000.0,3904000.0,2868000.0,7681000.0,1621000.0,3160000.0,3252000.0,2870000.0,2625000.0,1613000.0,6.001E7,6.003E7,
4530000.0,3917000.0,2857000.0,7677000.0,1633000.0,3167000.0,3245000.0,2858000.0,2542000.0,1617000.0,6.001E7,6.005E7,
4471000.0,3923000.0,2858000.0,7680000.0,1645000.0,3172000.0,3228000.0,2948000.0,2452000.0,1619000.0,6.001E7,6.008E7,
4561000.0,3917000.0,2869000.0,7670000.0,1669000.0,3185000.0,3191000.0,2972000.0,2509000.0,1609000.0,6.001E7,5.997E7,
4528000.0,3922000.0,2870000.0,7629000.0,1692000.0,4398000.0,1959000.0,2979000.0,2505000.0,1612000.0,6.001E7,5.997E7,
4480000.0,3918000.0,2876000.0,7653000.0,1699000.0,4441000.0,1893000.0,2989000.0,2543000.0,1612000.0,6.001E7,5.999E7,
4440000.0,3912000.0,2882000.0,7675000.0,1717000.0,4441000.0,1875000.0,2989000.0,2543000.0,1609000.0,6.001E7,5.999E7,
4405000.0,3928000.0,2885000.0,7672000.0,1708000.0,4453000.0,1869000.0,2977000.0,2533000.0,1608000.0,6.001E7,6.001E7,
4321000.0,3921000.0,2888000.0,7732000.0,1700000.0,4431000.0,1881000.0,2975000.0,2510000.0,1612000.0,6.001E7,6.003E7,
4311000.0,3945000.0,2891000.0,7726000.0,1707000.0,4417000.0,1875000.0,2975000.0,2594000.0,1610000.0,6.001E7,6.0E7,
4284000.0,3936000.0,2892000.0,7709000.0,1731000.0,4407000.0,1876000.0,2972000.0,2581000.0,1613000.0,6.001E7,6.003E7,
4236000.0,3950000.0,2893000.0,7720000.0,1743000.0,4417000.0,1872000.0,2946000.0,2552000.0,1611000.0,6.001E7,6.005E7,
4269000.0,3937000.0,2896000.0,7716000.0,1744000.0,4422000.0,1864000.0,2966000.0,2536000.0,1615000.0,6.001E7,6.001E7,
4289000.0,3932000.0,2896000.0,7712000.0,1784000.0,4394000.0,1858000.0,2971000.0,2559000.0,1618000.0,6.001E7,5.998E7,
4273000.0,3926000.0,2900000.0,7708000.0,1796000.0,4406000.0,1834000.0,2999000.0,2531000.0,1619000.0,6.001E7,5.998E7,
4237000.0,3939000.0,2900000.0,7689000.0,1796000.0,4412000.0,1844000.0,3087000.0,2552000.0,1620000.0,6.001E7,5.998E7,
4202000.0,3945000.0,2906000.0,7685000.0,1796000.0,4425000.0,1820000.0,3104000.0,2643000.0,1618000.0,6.001E7,5.999E7,
4184000.0,3944000.0,2911000.0,7688000.0,1820000.0,4400000.0,1808000.0,3155000.0,2581000.0,1619000.0,6.001E7,6.0E7,
4156000.0,3953000.0,2918000.0,7671000.0,1835000.0,4370000.0,1816000.0,3179000.0,2549000.0,1619000.0,6.001E7,6.002E7,
4107000.0,3950000.0,2918000.0,7688000.0,1876000.0,4335000.0,1818000.0,3208000.0,2511000.0,1618000.0,6.001E7,6.002E7,
4089000.0,3942000.0,2919000.0,7686000.0,1905000.0,4319000.0,1805000.0,3223000.0,2494000.0,1618000.0,6.001E7,6.002E7,
4060000.0,3937000.0,2921000.0,7703000.0,1934000.0,4308000.0,1787000.0,3261000.0,2455000.0,1617000.0,6.001E7,6.002E7,
4022000.0,3938000.0,2912000.0,7700000.0,1943000.0,4291000.0,1793000.0,3267000.0,2437000.0,1622000.0,6.001E7,6.007E7,
4009000.0,3935000.0,2915000.0,7694000.0,1967000.0,4279000.0,1797000.0,3258000.0,2431000.0,1622000.0,6.001E7,6.007E7,
3977000.0,3932000.0,2895000.0,7666000.0,1991000.0,4259000.0,1793000.0,3264000.0,2425000.0,1627000.0,6.001E7,6.012E7,
4059000.0,3939000.0,2898000.0,7678000.0,1991000.0,4277000.0,1775000.0,3295000.0,2428000.0,1628000.0,6.001E7,5.999E7,
4045000.0,3935000.0,2901000.0,7668000.0,2020000.0,4254000.0,1773000.0,3302000.0,2416000.0,1632000.0,6.001E7,6.001E7,
4046000.0,3924000.0,2902000.0,7644000.0,2034000.0,4244000.0,1761000.0,3331000.0,2520000.0,1624000.0,6.001E7,6.001E7,
3997000.0,3921000.0,2908000.0,7634000.0,2057000.0,4214000.0,1755000.0,3356000.0,2494000.0,1621000.0,6.001E7,6.004E7,
3977000.0,3920000.0,2912000.0,7630000.0,2096000.0,4166000.0,1755000.0,3350000.0,2494000.0,1623000.0,6.001E7,6.006E7,
4030000.0,3935000.0,2914000.0,7616000.0,2142000.0,4147000.0,1728000.0,3380000.0,2627000.0,1626000.0,6.001E7,5.998E7,
4019000.0,3927000.0,2916000.0,7614000.0,2158000.0,4126000.0,1721000.0,3390000.0,2692000.0,1625000.0,6.001E7,5.999E7,
3993000.0,3926000.0,2918000.0,7618000.0,2158000.0,4096000.0,1723000.0,3403000.0,2665000.0,1627000.0,6.001E7,6.003E7,
3975000.0,3924000.0,2909000.0,7621000.0,2167000.0,4079000.0,1723000.0,3418000.0,2650000.0,1625000.0,6.001E7,6.005E7,
3965000.0,3917000.0,2912000.0,7609000.0,2159000.0,4097000.0,1705000.0,3481000.0,2587000.0,1626000.0,6.001E7,6.006E7,
4006000.0,3920000.0,2915000.0,7624000.0,2176000.0,4086000.0,1707000.0,3482000.0,2612000.0,1619000.0,6.001E7,5.998E7,
3969000.0,3903000.0,2911000.0,7621000.0,2188000.0,4087000.0,1694000.0,3541000.0,2541000.0,1620000.0,6.001E7,6.0E7,
3955000.0,3897000.0,2915000.0,7606000.0,2179000.0,4081000.0,1700000.0,3535000.0,2541000.0,1626000.0,6.001E7,6.001E7,
3932000.0,3897000.0,2920000.0,7605000.0,2174000.0,4093000.0,1682000.0,3535000.0,2541000.0,1625000.0,6.001E7,6.002E7,
3999000.0,3894000.0,2922000.0,7586000.0,2173000.0,4098000.0,1654000.0,3558000.0,2539000.0,1628000.0,6.001E7,5.998E7,
3968000.0,3898000.0,2905000.0,7578000.0,2162000.0,4067000.0,1658000.0,3569000.0,2425000.0,1627000.0,6.001E7,6.006E7,
3955000.0,3895000.0,2911000.0,7556000.0,2113000.0,4055000.0,1661000.0,3560000.0,2425000.0,1625000.0,6.001E7,6.013E7,
3930000.0,3896000.0,2902000.0,7548000.0,2102000.0,4055000.0,1643000.0,3603000.0,2382000.0,1624000.0,6.001E7,6.019E7,
3914000.0,3899000.0,2905000.0,7538000.0,2109000.0,4052000.0,1640000.0,3591000.0,2365000.0,1625000.0,6.001E7,6.02E7,
3879000.0,3896000.0,2906000.0,7539000.0,2102000.0,4046000.0,1646000.0,3594000.0,2356000.0,1625000.0,6.001E7,6.023E7,
3866000.0,3890000.0,2910000.0,7552000.0,2106000.0,4034000.0,1640000.0,3594000.0,2342000.0,1627000.0,6.001E7,6.025E7,
4133000.0,3892000.0,2913000.0,7560000.0,2099000.0,4034000.0,1634000.0,3594000.0,2426000.0,1630000.0,6.001E7,5.995E7,
4105000.0,3898000.0,2902000.0,7541000.0,2094000.0,4022000.0,1657000.0,3574000.0,2414000.0,1629000.0,6.001E7,6.0E7,
4083000.0,3891000.0,2888000.0,7553000.0,2094000.0,4022000.0,1663000.0,3568000.0,2499000.0,1630000.0,6.001E7,6.001E7,
4081000.0,3885000.0,2891000.0,7568000.0,2112000.0,3996000.0,1676000.0,3566000.0,2537000.0,1630000.0,6.001E7,5.997E7,
4055000.0,3883000.0,2893000.0,7563000.0,2066000.0,3979000.0,1681000.0,3576000.0,2504000.0,1631000.0,6.001E7,6.005E7,
4070000.0,3873000.0,2896000.0,7561000.0,3788000.0,2250000.0,1687000.0,3576000.0,2600000.0,1628000.0,6.001E7,6.003E7,
4086000.0,3869000.0,2902000.0,7586000.0,3771000.0,2244000.0,1687000.0,3634000.0,2664000.0,1629000.0,6.001E7,6.0E7,
4061000.0,3875000.0,2893000.0,7587000.0,3771000.0,2213000.0,1702000.0,3619000.0,2664000.0,1630000.0,6.001E7,6.004E7,
4013000.0,3856000.0,2895000.0,7620000.0,3734000.0,2204000.0,1690000.0,3651000.0,2619000.0,1630000.0,6.001E7,6.011E7,
4125000.0,3852000.0,2899000.0,7611000.0,3643000.0,2183000.0,1694000.0,3691000.0,2657000.0,1626000.0,6.001E7,6.01E7,
4653000.0,3847000.0,2904000.0,7603000.0,3096000.0,2171000.0,1688000.0,3702000.0,2697000.0,1624000.0,6.001E7,6.014E7,
4794000.0,3848000.0,2896000.0,7599000.0,3038000.0,2170000.0,1688000.0,3716000.0,2848000.0,1624000.0,6.001E7,6.005E7,
4787000.0,3837000.0,2899000.0,7586000.0,2924000.0,2164000.0,1688000.0,3734000.0,2824000.0,1628000.0,6.001E7,6.018E7,
4777000.0,3827000.0,2908000.0,7572000.0,2871000.0,2151000.0,1694000.0,3731000.0,2799000.0,1629000.0,6.001E7,6.025E7,
5727000.0,3840000.0,2877000.0,7520000.0,2195000.0,2151000.0,1685000.0,3753000.0,3080000.0,1627000.0,6.001E7,6.001E7,
5817000.0,3839000.0,2879000.0,7533000.0,2088000.0,2145000.0,1685000.0,3753000.0,3202000.0,1627000.0,6.001E7,5.998E7,
5842000.0,3836000.0,2883000.0,7506000.0,2043000.0,2139000.0,1689000.0,3754000.0,3214000.0,1631000.0,6.001E7,5.999E7,
5832000.0,3823000.0,2885000.0,7489000.0,2039000.0,2121000.0,1688000.0,3884000.0,3071000.0,1634000.0,6.001E7,6.001E7,
5832000.0,3818000.0,2885000.0,7483000.0,2039000.0,2127000.0,1682000.0,3892000.0,3062000.0,1636000.0,6.001E7,6.001E7,
5872000.0,3813000.0,2889000.0,7482000.0,2012000.0,2134000.0,1669000.0,3892000.0,3205000.0,1637000.0,6.001E7,5.999E7,
5856000.0,3818000.0,2890000.0,7469000.0,1989000.0,2116000.0,1675000.0,3926000.0,3337000.0,1637000.0,6.001E7,6.003E7,
5833000.0,3817000.0,2894000.0,7461000.0,1932000.0,2109000.0,1675000.0,3992000.0,3271000.0,1639000.0,6.001E7,6.009E7,
5824000.0,3808000.0,2897000.0,7435000.0,1938000.0,2107000.0,1663000.0,4033000.0,3230000.0,1640000.0,6.001E7,6.01E7,
5920000.0,3814000.0,2901000.0,7437000.0,1929000.0,2114000.0,1675000.0,4061000.0,3371000.0,1639000.0,6.001E7,5.999E7,
5917000.0,3806000.0,2905000.0,7427000.0,1888000.0,2114000.0,1705000.0,4044000.0,3389000.0,1641000.0,6.001E7,6.003E7,
5890000.0,3797000.0,2892000.0,7399000.0,1836000.0,2110000.0,1720000.0,4055000.0,3336000.0,1641000.0,6.001E7,6.012E7,
5863000.0,3789000.0,2891000.0,7387000.0,1807000.0,2118000.0,1713000.0,4066000.0,3305000.0,1642000.0,6.001E7,6.018E7,
5822000.0,3778000.0,2879000.0,7405000.0,1812000.0,2118000.0,1707000.0,4071000.0,3237000.0,1641000.0,6.001E7,6.021E7,
5785000.0,3780000.0,2882000.0,7397000.0,1775000.0,2110000.0,1713000.0,4087000.0,3214000.0,1638000.0,6.001E7,6.027E7,
6079000.0,3769000.0,2893000.0,7396000.0,1723000.0,2120000.0,1706000.0,4081000.0,3335000.0,1634000.0,6.001E7,5.999E7,
6048000.0,3780000.0,2900000.0,7367000.0,1729000.0,2123000.0,1715000.0,4102000.0,3278000.0,1631000.0,6.001E7,5.999E7,
6035000.0,3778000.0,2906000.0,7351000.0,1712000.0,2117000.0,1725000.0,4091000.0,3251000.0,1631000.0,6.001E7,6.001E7,
6018000.0,3775000.0,2908000.0,7379000.0,1664000.0,2117000.0,1728000.0,4110000.0,3397000.0,1635000.0,6.001E7,6.002E7,
6014000.0,3785000.0,2909000.0,7376000.0,1649000.0,2105000.0,1728000.0,4203000.0,3340000.0,1637000.0,6.001E7,6.001E7,
6008000.0,3785000.0,2910000.0,7361000.0,2476000.0,1284000.0,1722000.0,4212000.0,3421000.0,1637000.0,6.001E7,5.999E7,
5929000.0,3769000.0,2910000.0,7377000.0,2494000.0,1260000.0,1716000.0,4221000.0,3412000.0,1640000.0,6.001E7,6.002E7,
5891000.0,3762000.0,2913000.0,7370000.0,2520000.0,1240000.0,1718000.0,4245000.0,3381000.0,1639000.0,6.001E7,6.004E7,
5871000.0,3761000.0,2915000.0,7344000.0,2546000.0,1225000.0,1706000.0,4245000.0,3381000.0,1639000.0,6.001E7,6.004E7,
5848000.0,3755000.0,2915000.0,7345000.0,2436000.0,1244000.0,1681000.0,4257000.0,3369000.0,1643000.0,6.001E7,6.016E7,
5817000.0,3748000.0,2901000.0,7360000.0,2338000.0,1244000.0,1682000.0,4318000.0,3301000.0,1642000.0,6.001E7,6.028E7,
5766000.0,3754000.0,2904000.0,7379000.0,2318000.0,1238000.0,1682000.0,4318000.0,3286000.0,1644000.0,6.001E7,6.03E7,
5741000.0,3740000.0,2909000.0,7394000.0,2284000.0,1232000.0,1682000.0,4524000.0,3063000.0,1643000.0,6.001E7,6.034E7,
5697000.0,3762000.0,2915000.0,7392000.0,2208000.0,1230000.0,1682000.0,4524000.0,3063000.0,1642000.0,6.001E7,6.042E7,
6098000.0,3761000.0,2918000.0,7407000.0,2208000.0,1242000.0,1670000.0,4524000.0,3094000.0,1643000.0,6.001E7,5.998E7,
6075000.0,3762000.0,2919000.0,7398000.0,2146000.0,1236000.0,1687000.0,4557000.0,3044000.0,1643000.0,6.001E7,6.005E7,
6059000.0,3790000.0,2910000.0,7415000.0,2086000.0,1236000.0,1691000.0,4562000.0,3194000.0,1640000.0,6.001E7,6.005E7,
6112000.0,3802000.0,2910000.0,7427000.0,2031000.0,1236000.0,1703000.0,4578000.0,3179000.0,1644000.0,6.001E7,6.001E7,
6223000.0,3816000.0,2916000.0,7458000.0,1899000.0,1241000.0,1703000.0,4609000.0,3216000.0,1642000.0,6.001E7,5.998E7,
6176000.0,3830000.0,2918000.0,7472000.0,1858000.0,1231000.0,1703000.0,4690000.0,3135000.0,1643000.0,6.001E7,6.003E7,
6150000.0,3812000.0,2921000.0,7453000.0,1731000.0,1232000.0,1708000.0,4715000.0,3083000.0,1643000.0,6.001E7,6.018E7,
6105000.0,3801000.0,2892000.0,7470000.0,1744000.0,1218000.0,1708000.0,4725000.0,3072000.0,1644000.0,6.001E7,6.022E7,
6076000.0,3787000.0,2893000.0,7479000.0,1743000.0,1212000.0,1708000.0,4754000.0,3044000.0,1642000.0,6.001E7,6.023E7,
6007000.0,3788000.0,2896000.0,7492000.0,1728000.0,1224000.0,1696000.0,4775000.0,3001000.0,1641000.0,6.001E7,6.027E7,
5949000.0,3787000.0,2903000.0,7508000.0,1691000.0,1218000.0,1696000.0,4803000.0,2955000.0,1638000.0,6.001E7,6.032E7,
6329000.0,3784000.0,2904000.0,7490000.0,1672000.0,1200000.0,1696000.0,4833000.0,2971000.0,1637000.0,6.001E7,5.995E7,
6307000.0,3781000.0,2909000.0,7453000.0,1628000.0,1211000.0,1690000.0,4872000.0,2933000.0,1637000.0,6.001E7,6.001E7,
6283000.0,3774000.0,2914000.0,7455000.0,1634000.0,1217000.0,1690000.0,4879000.0,2878000.0,1641000.0,6.001E7,6.001E7,
6256000.0,3761000.0,2916000.0,7431000.0,1634000.0,1216000.0,1708000.0,4867000.0,3045000.0,1641000.0,6.001E7,5.999E7,
6271000.0,3772000.0,2917000.0,7432000.0,1605000.0,1204000.0,1712000.0,4861000.0,3222000.0,1643000.0,6.001E7,5.997E7,
6224000.0,3795000.0,2919000.0,7410000.0,1617000.0,1203000.0,1720000.0,4843000.0,3355000.0,1644000.0,6.001E7,5.997E7,
6158000.0,3816000.0,2925000.0,7428000.0,1615000.0,1191000.0,1747000.0,4902000.0,3527000.0,1641000.0,6.001E7,5.999E7,
6129000.0,3814000.0,2932000.0,7424000.0,1631000.0,1181000.0,1753000.0,4896000.0,3594000.0,1639000.0,6.001E7,5.999E7,
6102000.0,3799000.0,2937000.0,7402000.0,1617000.0,1803000.0,1137000.0,4921000.0,3714000.0,1637000.0,6.001E7,6.002E7,
6052000.0,3792000.0,2929000.0,7404000.0,1623000.0,1803000.0,1139000.0,4998000.0,3616000.0,1638000.0,6.001E7,6.004E7,
5950000.0,3782000.0,2934000.0,7438000.0,1641000.0,1791000.0,1149000.0,4995000.0,3603000.0,1636000.0,6.001E7,6.009E7,
5994000.0,3787000.0,2936000.0,7449000.0,1647000.0,1797000.0,1137000.0,5022000.0,3768000.0,1635000.0,6.001E7,6.001E7,
6014000.0,3781000.0,2939000.0,7434000.0,1656000.0,1822000.0,1094000.0,5133000.0,3895000.0,1636000.0,6.001E7,5.998E7,
5991000.0,3778000.0,2941000.0,7435000.0,1656000.0,1828000.0,1086000.0,5147000.0,3868000.0,1634000.0,6.001E7,5.998E7,
5945000.0,3776000.0,2942000.0,7430000.0,1661000.0,1829000.0,1080000.0,5160000.0,3855000.0,1634000.0,6.001E7,5.998E7,
5885000.0,3772000.0,2942000.0,7440000.0,1650000.0,1835000.0,1074000.0,5166000.0,3849000.0,1634000.0,6.001E7,6.001E7,
5895000.0,3777000.0,2947000.0,7458000.0,1650000.0,1853000.0,1055000.0,5175000.0,3984000.0,1638000.0,6.001E7,5.997E7,
5865000.0,3782000.0,2954000.0,7456000.0,1650000.0,1853000.0,1067000.0,5173000.0,3974000.0,1633000.0,6.001E7,5.997E7,
5797000.0,3795000.0,2936000.0,7478000.0,1644000.0,1847000.0,1085000.0,5165000.0,4122000.0,1630000.0,6.001E7,5.999E7,
5763000.0,3798000.0,2943000.0,7486000.0,1642000.0,1841000.0,1091000.0,5159000.0,4109000.0,1627000.0,6.001E7,6.0E7,
5725000.0,3779000.0,2947000.0,7483000.0,1636000.0,1845000.0,1085000.0,5176000.0,4092000.0,1623000.0,6.001E7,6.001E7,
5655000.0,3785000.0,2948000.0,7514000.0,1629000.0,1845000.0,1091000.0,5180000.0,4083000.0,1625000.0,6.001E7,6.002E7,
5680000.0,3776000.0,2930000.0,7519000.0,1614000.0,1844000.0,1085000.0,5231000.0,4125000.0,1628000.0,6.001E7,6.0E7,
5714000.0,3763000.0,2933000.0,7525000.0,1590000.0,1836000.0,1085000.0,5231000.0,4196000.0,1630000.0,6.001E7,5.999E7,
5679000.0,3763000.0,2938000.0,7517000.0,1597000.0,1837000.0,1066000.0,5242000.0,4185000.0,1631000.0,6.001E7,6.002E7,
5640000.0,3782000.0,2938000.0,7509000.0,1572000.0,1844000.0,1053000.0,5255000.0,4172000.0,1634000.0,6.001E7,6.005E7,
5579000.0,3775000.0,2925000.0,7531000.0,1600000.0,1829000.0,1041000.0,5267000.0,4160000.0,1634000.0,6.001E7,6.007E7,
5647000.0,3769000.0,2926000.0,7502000.0,1617000.0,1811000.0,1046000.0,5262000.0,4234000.0,1635000.0,6.001E7,5.998E7,
5626000.0,3769000.0,2935000.0,7500000.0,1606000.0,1801000.0,1046000.0,5280000.0,4192000.0,1629000.0,6.001E7,6.0E7,
5585000.0,3766000.0,2939000.0,7521000.0,1612000.0,1795000.0,1046000.0,5302000.0,4170000.0,1628000.0,6.001E7,6.0E7,
5531000.0,3761000.0,2940000.0,7512000.0,1583000.0,1789000.0,1052000.0,5296000.0,4170000.0,1628000.0,6.001E7,6.008E7,
5497000.0,3758000.0,2927000.0,7518000.0,1601000.0,1783000.0,1055000.0,5282000.0,4170000.0,1628000.0,6.001E7,6.009E7,
5428000.0,3774000.0,2925000.0,7529000.0,1607000.0,1783000.0,1055000.0,5276000.0,4157000.0,1627000.0,6.002E7,6.01E7,
5403000.0,3766000.0,2929000.0,7530000.0,1607000.0,1783000.0,1061000.0,5279000.0,4148000.0,1625000.0,6.001E7,6.01E7,
5336000.0,3785000.0,2935000.0,7533000.0,1613000.0,1777000.0,1067000.0,5286000.0,4135000.0,1625000.0,6.001E7,6.01E7,
5307000.0,3776000.0,2906000.0,7550000.0,1816000.0,1563000.0,1067000.0,5286000.0,4120000.0,1626000.0,6.001E7,6.015E7,
5254000.0,3774000.0,2910000.0,7553000.0,1834000.0,1581000.0,1036000.0,5289000.0,4083000.0,1625000.0,6.001E7,6.015E7,
5396000.0,3781000.0,2911000.0,7562000.0,1821000.0,1579000.0,1035000.0,5327000.0,4122000.0,1626000.0,6.001E7,5.999E7,
5384000.0,3779000.0,2893000.0,7537000.0,1835000.0,1556000.0,1035000.0,5321000.0,4149000.0,1623000.0,6.001E7,6.001E7,
5322000.0,3783000.0,2895000.0,7556000.0,1791000.0,1562000.0,1044000.0,5318000.0,4124000.0,1623000.0,6.001E7,6.007E7,
5243000.0,3799000.0,2895000.0,7536000.0,1789000.0,1543000.0,1050000.0,5353000.0,4065000.0,1626000.0,6.001E7,6.013E7,
5197000.0,3807000.0,2899000.0,7552000.0,1787000.0,1516000.0,1044000.0,5554000.0,3864000.0,1624000.0,6.001E7,6.018E7,
5368000.0,3800000.0,2886000.0,7547000.0,1793000.0,1510000.0,1044000.0,5611000.0,3913000.0,1626000.0,6.001E7,6.0E7,
5288000.0,3801000.0,2887000.0,7578000.0,1788000.0,1504000.0,1099000.0,5561000.0,3904000.0,1627000.0,6.001E7,6.001E7,
5299000.0,3793000.0,2888000.0,7586000.0,1788000.0,1498000.0,1099000.0,5686000.0,3883000.0,1626000.0,6.001E7,5.999E7,
5275000.0,3790000.0,2890000.0,7585000.0,1800000.0,1485000.0,1105000.0,5777000.0,3727000.0,1626000.0,6.001E7,5.999E7,
5261000.0,3784000.0,2897000.0,7567000.0,1795000.0,1473000.0,1099000.0,5790000.0,3735000.0,1628000.0,6.001E7,6.001E7,
5218000.0,3788000.0,2885000.0,7557000.0,1810000.0,1453000.0,1101000.0,5801000.0,3698000.0,1633000.0,6.001E7,6.004E7,
5123000.0,3778000.0,2885000.0,7625000.0,1785000.0,1437000.0,1110000.0,5802000.0,3688000.0,1635000.0,6.001E7,6.008E7,
5193000.0,3797000.0,2885000.0,7640000.0,1769000.0,1431000.0,1125000.0,5775000.0,3732000.0,1637000.0,6.001E7,5.999E7,
5111000.0,3796000.0,2885000.0,7709000.0,1759000.0,1443000.0,1107000.0,5810000.0,3697000.0,1640000.0,6.001E7,6.0E7,
5108000.0,3802000.0,2877000.0,7708000.0,1753000.0,1437000.0,1107000.0,5826000.0,3693000.0,1641000.0,6.001E7,6.0E7,
5056000.0,3801000.0,2877000.0,7721000.0,1733000.0,1435000.0,1113000.0,5868000.0,3645000.0,1646000.0,6.001E7,6.004E7,
5074000.0,3813000.0,2878000.0,7728000.0,1720000.0,1423000.0,1119000.0,5899000.0,3652000.0,1646000.0,6.001E7,6.001E7,
5059000.0,3814000.0,2882000.0,7697000.0,1711000.0,1429000.0,1107000.0,5917000.0,3724000.0,1645000.0,6.001E7,6.002E7,
5078000.0,3803000.0,2872000.0,7712000.0,1717000.0,1430000.0,1106000.0,5941000.0,3761000.0,1646000.0,6.001E7,5.999E7,
5036000.0,3803000.0,2875000.0,7703000.0,1698000.0,1416000.0,1122000.0,5933000.0,3751000.0,1648000.0,6.001E7,6.003E7,
4989000.0,3799000.0,2880000.0,7714000.0,1701000.0,1405000.0,1122000.0,5965000.0,3706000.0,1651000.0,6.001E7,6.005E7,
5010000.0,3789000.0,2889000.0,7700000.0,1700000.0,1411000.0,1116000.0,6052000.0,3654000.0,1649000.0,6.001E7,6.0E7,
5030000.0,3777000.0,2891000.0,7699000.0,1712000.0,1399000.0,1122000.0,6106000.0,3704000.0,1650000.0,6.001E7,5.997E7,
5019000.0,3776000.0,2892000.0,7701000.0,1734000.0,1383000.0,1122000.0,6106000.0,3620000.0,1650000.0,6.001E7,5.997E7,
5003000.0,3784000.0,2897000.0,7690000.0,1714000.0,1380000.0,1118000.0,6118000.0,3779000.0,1649000.0,6.001E7,6.0E7,
5003000.0,3802000.0,2899000.0,7684000.0,1688000.0,1375000.0,1118000.0,6195000.0,3832000.0,1649000.0,6.001E7,6.001E7,
5018000.0,3810000.0,2901000.0,7686000.0,1694000.0,1377000.0,1128000.0,6196000.0,4085000.0,1649000.0,6.001E7,5.996E7,
4996000.0,3803000.0,2904000.0,7660000.0,1704000.0,1359000.0,1128000.0,6207000.0,4106000.0,1651000.0,6.001E7,5.998E7,
4970000.0,3804000.0,2903000.0,7651000.0,1704000.0,1383000.0,1104000.0,6217000.0,4064000.0,1651000.0,6.001E7,5.998E7,
4945000.0,3811000.0,2904000.0,7642000.0,1692000.0,1381000.0,1098000.0,6217000.0,4122000.0,1651000.0,6.001E7,6.0E7,
4930000.0,3815000.0,2905000.0,7657000.0,1697000.0,1369000.0,1107000.0,6242000.0,4139000.0,1652000.0,6.001E7,5.998E7,
4862000.0,3835000.0,2906000.0,7690000.0,1703000.0,1351000.0,1137000.0,6223000.0,4128000.0,1653000.0,6.001E7,5.999E7,
4899000.0,3834000.0,2892000.0,7679000.0,1699000.0,1333000.0,1142000.0,6253000.0,4048000.0,1653000.0,6.001E7,5.999E7,
4863000.0,3824000.0,2896000.0,7686000.0,1686000.0,1327000.0,1151000.0,6238000.0,4023000.0,1653000.0,6.001E7,6.001E7,
4821000.0,3814000.0,2900000.0,7722000.0,1686000.0,1327000.0,1161000.0,6237000.0,4077000.0,1662000.0,6.001E7,6.0E7,
4764000.0,3818000.0,2904000.0,7720000.0,1704000.0,1301000.0,1161000.0,6250000.0,4065000.0,1662000.0,6.001E7,6.002E7,
4736000.0,3828000.0,2906000.0,7715000.0,1691000.0,1294000.0,1155000.0,6267000.0,4022000.0,1663000.0,6.001E7,6.005E7,
4778000.0,3825000.0,2912000.0,7701000.0,1703000.0,1306000.0,1131000.0,6277000.0,4048000.0,1665000.0,6.001E7,5.999E7,
4801000.0,3827000.0,2900000.0,7686000.0,1666000.0,1312000.0,1133000.0,6318000.0,4104000.0,1661000.0,6.001E7,5.999E7,
4775000.0,3815000.0,2901000.0,7705000.0,1655000.0,1699000.0,732800.0,6387000.0,4035000.0,1664000.0,6.001E7,6.001E7,
4790000.0,3800000.0,2907000.0,7679000.0,1648000.0,1700000.0,726800.0,6431000.0,4073000.0,1662000.0,6.001E7,5.999E7,
4729000.0,3797000.0,2908000.0,7699000.0,1654000.0,1686000.0,726800.0,6477000.0,4011000.0,1665000.0,6.001E7,6.0E7,
4657000.0,3798000.0,2916000.0,7712000.0,1671000.0,1669000.0,735700.0,6479000.0,3973000.0,1664000.0,6.001E7,6.003E7,
4597000.0,3796000.0,2926000.0,7709000.0,1675000.0,1657000.0,750100.0,6488000.0,3944000.0,1659000.0,6.001E7,6.006E7,
4641000.0,3793000.0,2918000.0,7710000.0,1687000.0,1885000.0,510200.0,6488000.0,3956000.0,1659000.0,6.001E7,6.0E7,
4615000.0,3795000.0,2920000.0,7705000.0,1699000.0,1873000.0,510200.0,6519000.0,3925000.0,1660000.0,6.001E7,6.0E7,
4612000.0,3786000.0,2924000.0,7689000.0,1697000.0,1873000.0,498100.0,6555000.0,3877000.0,1663000.0,6.001E7,6.002E7,
4575000.0,3769000.0,2930000.0,7711000.0,1703000.0,1877000.0,494100.0,6627000.0,3759000.0,1664000.0,6.001E7,6.002E7,
4508000.0,3774000.0,2934000.0,7725000.0,1698000.0,1894000.0,486500.0,6643000.0,3639000.0,1663000.0,6.001E7,6.004E7,
4487000.0,3760000.0,2923000.0,7725000.0,1691000.0,1889000.0,492600.0,6692000.0,3563000.0,1667000.0,6.001E7,6.007E7,
4462000.0,3771000.0,2906000.0,7718000.0,1686000.0,1889000.0,484900.0,6702000.0,3552000.0,1666000.0,6.001E7,6.01E7,
4428000.0,3779000.0,2898000.0,7700000.0,1686000.0,1889000.0,490900.0,6731000.0,3506000.0,1666000.0,6.001E7,6.011E7,
4409000.0,3768000.0,2863000.0,7703000.0,1691000.0,1882000.0,496900.0,6741000.0,3467000.0,1668000.0,6.001E7,6.015E7,
4572000.0,3771000.0,2865000.0,7687000.0,1669000.0,1864000.0,516200.0,6837000.0,3414000.0,1663000.0,6.001E7,6.001E7,
4549000.0,3764000.0,2868000.0,7669000.0,1680000.0,1846000.0,817100.0,6576000.0,3361000.0,1665000.0,6.001E7,6.002E7,
4504000.0,3787000.0,2870000.0,7640000.0,1680000.0,1838000.0,1519000.0,5880000.0,3355000.0,1668000.0,6.001E7,6.003E7,
4439000.0,3774000.0,2853000.0,7665000.0,1690000.0,1833000.0,1506000.0,5922000.0,3297000.0,1664000.0,6.001E7,6.007E7,
4524000.0,3765000.0,2840000.0,7697000.0,1695000.0,1821000.0,1506000.0,5964000.0,3348000.0,1666000.0,6.001E7,5.997E7,
4484000.0,3775000.0,2843000.0,7705000.0,1695000.0,1814000.0,1512000.0,5968000.0,3473000.0,1666000.0,6.001E7,5.998E7,
4461000.0,3778000.0,2844000.0,7694000.0,1707000.0,1808000.0,1506000.0,5985000.0,3381000.0,1666000.0,6.001E7,5.998E7,
4391000.0,3779000.0,2847000.0,7681000.0,1713000.0,1808000.0,1500000.0,6031000.0,3283000.0,1666000.0,6.002E7,6.002E7,
4340000.0,3793000.0,2851000.0,7678000.0,1713000.0,1808000.0,1500000.0,6079000.0,3235000.0,1666000.0,6.001E7,6.002E7,
4299000.0,3784000.0,2842000.0,7681000.0,1712000.0,1796000.0,1512000.0,6128000.0,3161000.0,1663000.0,6.001E7,6.007E7,
4281000.0,3794000.0,2849000.0,7641000.0,1690000.0,1791000.0,1512000.0,6177000.0,3106000.0,1664000.0,6.001E7,6.01E7,
4265000.0,3792000.0,2849000.0,7639000.0,1699000.0,1773000.0,1512000.0,6171000.0,3106000.0,1668000.0,6.001E7,6.012E7,
4384000.0,3783000.0,2850000.0,7641000.0,1697000.0,1773000.0,1524000.0,6164000.0,3208000.0,1668000.0,6.001E7,5.999E7,
4310000.0,3798000.0,2855000.0,7649000.0,1702000.0,1755000.0,1536000.0,6249000.0,3218000.0,1664000.0,6.001E7,6.004E7,
4278000.0,3798000.0,2857000.0,7644000.0,1700000.0,2064000.0,1237000.0,6243000.0,3207000.0,1664000.0,6.001E7,6.005E7,
4313000.0,3799000.0,2861000.0,7652000.0,1687000.0,2057000.0,1251000.0,6262000.0,3252000.0,1667000.0,6.001E7,6.001E7,
4299000.0,3797000.0,2866000.0,7645000.0,1687000.0,2057000.0,1263000.0,6302000.0,3200000.0,1664000.0,6.001E7,6.001E7,
4278000.0,3797000.0,2872000.0,7631000.0,1687000.0,2061000.0,1259000.0,6392000.0,3102000.0,1663000.0,6.001E7,6.001E7,
4251000.0,3798000.0,2876000.0,7641000.0,2164000.0,1550000.0,1258000.0,6432000.0,3058000.0,1666000.0,6.001E7,6.005E7,
4346000.0,3791000.0,2880000.0,7639000.0,2170000.0,1544000.0,1278000.0,6422000.0,3150000.0,1668000.0,6.001E7,5.995E7,
4339000.0,3785000.0,2864000.0,7634000.0,2170000.0,1548000.0,1281000.0,6413000.0,3150000.0,1670000.0,6.001E7,5.997E7,
4311000.0,3794000.0,2853000.0,7625000.0,2170000.0,1552000.0,1278000.0,6426000.0,3138000.0,1674000.0,6.001E7,5.998E7,
4277000.0,3786000.0,2858000.0,7612000.0,2119000.0,1551000.0,1288000.0,6433000.0,3121000.0,1674000.0,6.001E7,6.007E7,
4333000.0,3796000.0,2860000.0,7609000.0,1995000.0,1548000.0,1286000.0,6509000.0,3077000.0,1674000.0,6.001E7,6.011E7,
4317000.0,3800000.0,2861000.0,7608000.0,1920000.0,1541000.0,1286000.0,6509000.0,3077000.0,1675000.0,6.001E7,6.019E7,
4277000.0,3798000.0,2867000.0,7609000.0,1904000.0,1535000.0,1286000.0,6515000.0,3057000.0,1675000.0,6.001E7,6.022E7,
4231000.0,3803000.0,2859000.0,7608000.0,1890000.0,1535000.0,1300000.0,6529000.0,3029000.0,1670000.0,6.001E7,6.026E7,
4205000.0,3807000.0,2857000.0,7594000.0,1862000.0,1535000.0,1317000.0,6537000.0,2987000.0,1668000.0,6.001E7,6.029E7,
4184000.0,3808000.0,2861000.0,7571000.0,1836000.0,1535000.0,1325000.0,6554000.0,2961000.0,1666000.0,6.001E7,6.032E7,
4126000.0,3828000.0,2861000.0,7597000.0,1808000.0,1535000.0,1325000.0,6554000.0,2961000.0,1666000.0,6.001E7,6.035E7,
4461000.0,3829000.0,2864000.0,7574000.0,1789000.0,1535000.0,1335000.0,6544000.0,3058000.0,1663000.0,6.001E7,6.001E7,
4412000.0,3817000.0,2864000.0,7562000.0,1773000.0,1535000.0,1335000.0,6592000.0,2997000.0,1664000.0,6.001E7,6.006E7,
4398000.0,3823000.0,2867000.0,7524000.0,1767000.0,1533000.0,1335000.0,6598000.0,2966000.0,1661000.0,6.001E7,6.007E7,
4393000.0,3813000.0,2872000.0,7518000.0,1779000.0,1521000.0,1352000.0,6658000.0,2888000.0,1662000.0,6.001E7,6.007E7,
4369000.0,3818000.0,2876000.0,7515000.0,1755000.0,1521000.0,1369000.0,6651000.0,2865000.0,1660000.0,6.001E7,6.009E7,
4458000.0,3816000.0,2878000.0,7523000.0,1761000.0,1515000.0,1387000.0,6694000.0,2871000.0,1661000.0,6.001E7,5.998E7,
4435000.0,3819000.0,2880000.0,7529000.0,1742000.0,1521000.0,1467000.0,6642000.0,2897000.0,1663000.0,6.001E7,6.0E7,
4415000.0,3812000.0,2886000.0,7502000.0,1746000.0,1509000.0,1487000.0,6662000.0,2836000.0,1666000.0,6.001E7,6.001E7,
4384000.0,3826000.0,2887000.0,7502000.0,1764000.0,1497000.0,1495000.0,6648000.0,2816000.0,1667000.0,6.001E7,6.001E7,
4362000.0,3815000.0,2901000.0,7504000.0,1767000.0,1478000.0,1507000.0,6660000.0,2764000.0,1663000.0,6.001E7,6.003E7,
4336000.0,3807000.0,2901000.0,7502000.0,1771000.0,1477000.0,1496000.0,6654000.0,2729000.0,1667000.0,6.001E7,6.006E7,
4405000.0,3798000.0,2905000.0,7500000.0,1771000.0,2166000.0,819800.0,6653000.0,2744000.0,1672000.0,6.001E7,5.998E7,
4392000.0,3793000.0,2906000.0,7498000.0,1777000.0,2167000.0,827200.0,6664000.0,2821000.0,1675000.0,6.001E7,5.998E7,
4360000.0,3795000.0,2890000.0,7511000.0,1789000.0,2167000.0,833300.0,6701000.0,2809000.0,1671000.0,6.001E7,6.0E7,
4395000.0,3785000.0,2893000.0,7482000.0,1782000.0,2192000.0,819700.0,6689000.0,2840000.0,1670000.0,6.001E7,5.997E7,
4417000.0,3784000.0,2875000.0,7475000.0,1763000.0,2284000.0,727900.0,6737000.0,2794000.0,1668000.0,6.001E7,5.997E7,
4404000.0,3785000.0,2878000.0,7466000.0,1744000.0,2292000.0,743200.0,6727000.0,2757000.0,1665000.0,6.001E7,5.999E7,
4411000.0,3782000.0,2886000.0,7451000.0,1744000.0,2302000.0,733300.0,6727000.0,2905000.0,1665000.0,6.001E7,5.996E7,
4371000.0,3779000.0,2887000.0,7446000.0,1744000.0,2301000.0,745400.0,6785000.0,2809000.0,1665000.0,6.001E7,5.999E7,
4315000.0,3773000.0,2894000.0,7464000.0,1711000.0,2311000.0,740500.0,6777000.0,2796000.0,1664000.0,6.001E7,6.005E7,
4277000.0,3785000.0,2882000.0,7472000.0,1705000.0,2305000.0,740500.0,6798000.0,2774000.0,1664000.0,6.001E7,6.007E7,
4255000.0,3768000.0,2870000.0,7470000.0,1678000.0,2330000.0,720500.0,6794000.0,2749000.0,1668000.0,6.001E7,6.013E7,
4353000.0,3793000.0,2875000.0,7476000.0,1684000.0,2336000.0,714500.0,6851000.0,2843000.0,1670000.0,6.001E7,5.999E7,
4341000.0,3787000.0,2865000.0,7466000.0,1684000.0,2336000.0,740000.0,6887000.0,2759000.0,1671000.0,6.001E7,6.001E7,
4315000.0,3785000.0,2838000.0,7450000.0,1681000.0,2337000.0,745300.0,6919000.0,2710000.0,1670000.0,6.001E7,6.006E7,
4299000.0,3781000.0,2841000.0,7439000.0,1667000.0,2323000.0,777500.0,6942000.0,2641000.0,1670000.0,6.001E7,6.009E7,
4269000.0,3777000.0,2830000.0,7417000.0,1640000.0,2328000.0,771400.0,6942000.0,2627000.0,1672000.0,6.001E7,6.015E7,
4222000.0,3807000.0,2831000.0,7411000.0,1646000.0,2334000.0,769800.0,6943000.0,2615000.0,1674000.0,6.001E7,6.015E7,
4178000.0,3814000.0,2834000.0,7418000.0,1650000.0,2328000.0,769800.0,6962000.0,2590000.0,1676000.0,6.001E7,6.015E7,
4162000.0,3806000.0,2835000.0,7396000.0,1657000.0,2322000.0,769800.0,6962000.0,2584000.0,1673000.0,6.001E7,6.017E7,
4318000.0,3791000.0,2840000.0,7387000.0,1657000.0,2332000.0,771800.0,6977000.0,2652000.0,1675000.0,6.001E7,5.999E7,
4300000.0,3781000.0,2845000.0,7363000.0,1663000.0,2338000.0,779900.0,7017000.0,2634000.0,1677000.0,6.001E7,5.999E7,
4274000.0,3779000.0,2846000.0,7352000.0,1663000.0,2340000.0,770000.0,7029000.0,2700000.0,1680000.0,6.001E7,6.0E7,
4251000.0,3773000.0,2851000.0,7351000.0,1686000.0,2317000.0,770000.0,7067000.0,2663000.0,1683000.0,6.001E7,6.0E7,
4237000.0,3764000.0,2859000.0,7346000.0,1658000.0,2311000.0,782100.0,7066000.0,2652000.0,1685000.0,6.001E7,6.003E7,
4219000.0,3766000.0,2846000.0,7334000.0,1651000.0,2305000.0,800200.0,7065000.0,2616000.0,1690000.0,6.001E7,6.006E7,
4151000.0,3760000.0,2832000.0,7334000.0,1651000.0,2312000.0,5014000.0,2857000.0,2580000.0,1692000.0,6.001E7,6.013E7,
4141000.0,3761000.0,2837000.0,7320000.0,1646000.0,2287000.0,5014000.0,2888000.0,2536000.0,1690000.0,6.001E7,6.016E7,
4134000.0,3754000.0,2839000.0,7296000.0,1693000.0,2227000.0,5014000.0,2896000.0,2513000.0,1691000.0,6.001E7,6.017E7,
4355000.0,3755000.0,2842000.0,7291000.0,1673000.0,2222000.0,5007000.0,2930000.0,2523000.0,1690000.0,6.001E7,5.997E7,
4300000.0,3758000.0,2850000.0,7277000.0,1685000.0,2210000.0,5014000.0,2935000.0,2512000.0,1687000.0,6.001E7,5.999E7,
4282000.0,3756000.0,2852000.0,7276000.0,1676000.0,2204000.0,5021000.0,2951000.0,2453000.0,1688000.0,6.001E7,6.0E7,
4301000.0,3748000.0,2842000.0,7267000.0,1683000.0,2190000.0,6756000.0,1279000.0,2498000.0,1687000.0,6.001E7,6.0E7,
4268000.0,3753000.0,2841000.0,7268000.0,1681000.0,2184000.0,6756000.0,1342000.0,2539000.0,1691000.0,6.001E7,6.001E7,
4255000.0,3759000.0,2829000.0,7251000.0,1681000.0,2196000.0,6743000.0,1387000.0,2495000.0,1691000.0,6.001E7,6.002E7,
4232000.0,3738000.0,2811000.0,7247000.0,1679000.0,2190000.0,6756000.0,1414000.0,2440000.0,1686000.0,6.001E7,6.005E7,
4184000.0,3727000.0,2811000.0,7235000.0,1685000.0,2183000.0,6768000.0,1431000.0,2411000.0,1688000.0,6.001E7,6.008E7,
4238000.0,3719000.0,2815000.0,7260000.0,1691000.0,2180000.0,6759000.0,1452000.0,2479000.0,1687000.0,6.001E7,5.999E7,
4200000.0,3731000.0,2818000.0,7274000.0,1677000.0,2180000.0,6759000.0,1481000.0,2450000.0,1687000.0,6.001E7,6.001E7,
4226000.0,3732000.0,2821000.0,7260000.0,1670000.0,2186000.0,6753000.0,1518000.0,2560000.0,1686000.0,6.001E7,5.999E7,
4201000.0,3712000.0,2824000.0,7261000.0,1632000.0,2189000.0,6760000.0,1519000.0,2543000.0,1687000.0,6.001E7,6.003E7,
4222000.0,3721000.0,2836000.0,7258000.0,1602000.0,2195000.0,7558000.0,743200.0,2598000.0,1681000.0,6.001E7,6.001E7,
