RabA,RabB,RabC,RabD,RabE,RabF,RabG,RabH,RabI,xER,xPM,
4368000.0,1038000.0,783700.0,1432000.0,623400.0,450500.0,350300.0,389700.0,400700.0,8364000.0,8396000.0,
4363000.0,1038000.0,783500.0,1423000.0,617500.0,449000.0,348400.0,389600.0,400600.0,8406000.0,8405000.0,
4358000.0,1038000.0,764400.0,1423000.0,617500.0,449000.0,348400.0,389600.0,400600.0,8448000.0,8424000.0,
4358000.0,1038000.0,764400.0,1423000.0,617500.0,449000.0,348400.0,389600.0,400600.0,8448000.0,8424000.0,
4358000.0,1037000.0,739800.0,1418000.0,617500.0,449000.0,348400.0,389600.0,400600.0,8448000.0,8448000.0,
4343000.0,1037000.0,739800.0,1418000.0,617500.0,449000.0,348400.0,389600.0,400600.0,8448000.0,8448000.0,
4328000.0,1037000.0,739800.0,1418000.0,617500.0,449000.0,348400.0,389600.0,400600.0,8448000.0,8448000.0,
4328000.0,1037000.0,739800.0,1418000.0,604900.0,449000.0,348400.0,389600.0,400600.0,8448000.0,8461000.0,
4308000.0,1037000.0,739800.0,1413000.0,597400.0,449000.0,348400.0,389600.0,400600.0,8448000.0,8468000.0,
4287000.0,1037000.0,739800.0,1413000.0,597400.0,449000.0,348400.0,389600.0,400600.0,8490000.0,8468000.0,
4269000.0,1037000.0,739800.0,1408000.0,576200.0,447500.0,348400.0,389600.0,400600.0,8490000.0,8505000.0,
4269000.0,1037000.0,732100.0,1404000.0,568600.0,442400.0,348400.0,389600.0,400600.0,8490000.0,8525000.0,
4269000.0,1037000.0,732000.0,1399000.0,553500.0,442400.0,348300.0,389600.0,400500.0,8533000.0,8540000.0,
4252000.0,1037000.0,732000.0,1399000.0,545900.0,442400.0,348300.0,389600.0,400500.0,8533000.0,8564000.0,
4245000.0,1037000.0,732000.0,1392000.0,545900.0,442300.0,348200.0,389500.0,400400.0,8533000.0,8564000.0,
4237000.0,1035000.0,732000.0,1377000.0,545800.0,442300.0,348200.0,389400.0,400300.0,8533000.0,8564000.0,
4222000.0,1035000.0,732000.0,1372000.0,538300.0,442300.0,348200.0,389400.0,400300.0,8533000.0,8572000.0,
4217000.0,1035000.0,732000.0,1372000.0,538300.0,442300.0,348200.0,389400.0,400300.0,8533000.0,8572000.0,
4217000.0,1035000.0,732000.0,1372000.0,538300.0,442300.0,348200.0,389400.0,400300.0,8575000.0,8572000.0,
4207000.0,1035000.0,732000.0,1372000.0,538300.0,442300.0,348200.0,389400.0,400300.0,8618000.0,8572000.0,
4202000.0,1035000.0,709900.0,1367000.0,538300.0,442300.0,348200.0,389400.0,400300.0,8618000.0,8594000.0,
4193000.0,1033000.0,709600.0,1362000.0,538300.0,442300.0,348100.0,389400.0,400300.0,8618000.0,8594000.0,
4183000.0,1033000.0,693800.0,1352000.0,538300.0,442300.0,348100.0,389400.0,400300.0,8618000.0,8610000.0,
4168000.0,1033000.0,693800.0,1348000.0,538100.0,442200.0,348100.0,389400.0,400200.0,8661000.0,8625000.0,
4168000.0,1033000.0,693800.0,1348000.0,538100.0,442200.0,348100.0,389400.0,400200.0,8661000.0,8625000.0,
4153000.0,1033000.0,693800.0,1348000.0,538100.0,442200.0,348100.0,389400.0,400200.0,8661000.0,8639000.0,
4146000.0,1031000.0,679600.0,1348000.0,538100.0,442200.0,348100.0,389400.0,400200.0,8748000.0,8653000.0,
4141000.0,1031000.0,679600.0,1348000.0,538100.0,442200.0,348100.0,389400.0,400200.0,8792000.0,8653000.0,
4141000.0,1031000.0,679600.0,1348000.0,538100.0,442200.0,348100.0,389400.0,400200.0,8924000.0,8653000.0,
4141000.0,1031000.0,679600.0,1348000.0,538100.0,442200.0,348100.0,389400.0,400200.0,8969000.0,8653000.0,
4141000.0,1026000.0,679600.0,1343000.0,538100.0,442200.0,348100.0,389400.0,400200.0,8969000.0,8653000.0,
4126000.0,1026000.0,667800.0,1357000.0,543300.0,437100.0,356900.0,380500.0,400200.0,8969000.0,8667000.0,
4123000.0,1026000.0,669000.0,1353000.0,846000.0,134300.0,368900.0,368400.0,400100.0,9059000.0,8667000.0,
4123000.0,1022000.0,673400.0,1353000.0,846000.0,134300.0,368900.0,410400.0,358100.0,9059000.0,8667000.0,
4099000.0,1023000.0,673900.0,1360000.0,845800.0,134200.0,368900.0,410400.0,358000.0,9059000.0,8667000.0,
4091000.0,1023000.0,664900.0,1360000.0,845800.0,134200.0,368900.0,410400.0,358000.0,9104000.0,8684000.0,
4078000.0,1023000.0,666400.0,1372000.0,845800.0,134200.0,456700.0,322600.0,358000.0,9150000.0,8684000.0,
4077000.0,1023000.0,668000.0,1372000.0,845800.0,134200.0,456700.0,322600.0,358000.0,9150000.0,8684000.0,
4076000.0,1022000.0,669300.0,1372000.0,845800.0,134200.0,456700.0,328700.0,352000.0,9150000.0,8684000.0,
4076000.0,1020000.0,671100.0,1372000.0,845800.0,361200.0,229700.0,328700.0,352000.0,9150000.0,8684000.0,
4076000.0,1019000.0,672700.0,1372000.0,845800.0,361200.0,229700.0,334700.0,345900.0,9196000.0,8684000.0,
4075000.0,1019000.0,672500.0,1368000.0,845800.0,368800.0,222100.0,346800.0,333900.0,9196000.0,8684000.0,
4074000.0,1019000.0,673500.0,1368000.0,845800.0,368800.0,222100.0,358900.0,321700.0,9196000.0,8684000.0,
4062000.0,1023000.0,675000.0,1374000.0,828200.0,368800.0,222100.0,369000.0,311700.0,9241000.0,8701000.0,
4062000.0,1022000.0,675500.0,1374000.0,828200.0,368800.0,222100.0,369000.0,311700.0,9288000.0,8701000.0,
4058000.0,1024000.0,677300.0,1361000.0,827900.0,368700.0,222100.0,368900.0,311400.0,9334000.0,8701000.0,
4053000.0,1029000.0,677300.0,1356000.0,820300.0,368700.0,222000.0,368900.0,311400.0,9381000.0,8709000.0,
4051000.0,1030000.0,678400.0,1356000.0,820300.0,368700.0,222000.0,368900.0,311400.0,9428000.0,8709000.0,
4038000.0,1026000.0,680100.0,1351000.0,820300.0,368700.0,222000.0,368900.0,311400.0,9428000.0,8709000.0,
4029000.0,1028000.0,681700.0,1341000.0,820300.0,368700.0,222000.0,368900.0,311400.0,9428000.0,8709000.0,
3998000.0,1027000.0,682300.0,1358000.0,820200.0,368600.0,222000.0,400700.0,279300.0,9428000.0,8709000.0,
3845000.0,1180000.0,682300.0,1353000.0,820200.0,368600.0,222000.0,453700.0,226400.0,9475000.0,8709000.0,
3839000.0,1179000.0,683600.0,1348000.0,820200.0,368600.0,222000.0,463700.0,216300.0,9475000.0,8709000.0,
3832000.0,1175000.0,688200.0,1345000.0,820000.0,368600.0,221900.0,463700.0,216300.0,9475000.0,8709000.0,
3827000.0,1174000.0,689600.0,1345000.0,820000.0,368600.0,226800.0,458900.0,216300.0,9522000.0,8709000.0,
3807000.0,1173000.0,690100.0,1340000.0,820000.0,368500.0,226700.0,458800.0,216200.0,9522000.0,8709000.0,
3795000.0,1173000.0,692100.0,1340000.0,820000.0,368500.0,226700.0,458800.0,216200.0,9522000.0,8709000.0,
3778000.0,1175000.0,692100.0,1350000.0,820000.0,368500.0,226700.0,458800.0,216200.0,9570000.0,8709000.0,
3771000.0,1181000.0,692400.0,1346000.0,820000.0,368500.0,226700.0,458800.0,216200.0,9570000.0,8709000.0,
3705000.0,1185000.0,693900.0,1397000.0,820000.0,368500.0,226700.0,458800.0,216200.0,9570000.0,8709000.0,
3595000.0,1180000.0,699300.0,1496000.0,820000.0,368500.0,245800.0,439700.0,216200.0,9570000.0,8709000.0,
3570000.0,1178000.0,699600.0,1513000.0,820000.0,368500.0,245800.0,439700.0,216200.0,9570000.0,8709000.0,
3547000.0,1177000.0,699900.0,1536000.0,820000.0,368500.0,245800.0,439700.0,216200.0,9618000.0,8709000.0,
3546000.0,1177000.0,700800.0,1536000.0,820000.0,368500.0,245800.0,439700.0,307500.0,9526000.0,8709000.0,
3546000.0,1176000.0,702400.0,1536000.0,820000.0,368500.0,245800.0,445700.0,301500.0,9526000.0,8709000.0,
3542000.0,1179000.0,702400.0,1536000.0,813400.0,362500.0,253900.0,457700.0,281400.0,9574000.0,8721000.0,
3529000.0,1178000.0,704700.0,1548000.0,813400.0,362500.0,253900.0,467800.0,271300.0,9574000.0,8721000.0,
3528000.0,1177000.0,707000.0,1548000.0,813400.0,434700.0,181700.0,477900.0,261300.0,9622000.0,8721000.0,
3528000.0,1176000.0,708500.0,1543000.0,794000.0,434700.0,181700.0,477900.0,261300.0,9622000.0,8741000.0,
3523000.0,1179000.0,696700.0,1543000.0,794000.0,434700.0,181700.0,477900.0,261300.0,9718000.0,8754000.0,
3508000.0,1182000.0,694800.0,1546000.0,793900.0,434700.0,181600.0,477800.0,261200.0,9718000.0,8754000.0,
3507000.0,1176000.0,696600.0,1546000.0,781400.0,434700.0,224000.0,435500.0,331700.0,9648000.0,8767000.0,
3506000.0,1177000.0,698000.0,1546000.0,781400.0,434700.0,224000.0,435500.0,331700.0,9648000.0,8767000.0,
3492000.0,1175000.0,700800.0,1559000.0,781400.0,441800.0,216900.0,435500.0,331700.0,9648000.0,8767000.0,
3491000.0,1173000.0,703200.0,1559000.0,984100.0,239000.0,216900.0,435500.0,361200.0,9618000.0,8767000.0,
3486000.0,1178000.0,703200.0,1559000.0,984100.0,239000.0,216900.0,435500.0,381800.0,9598000.0,8767000.0,
3486000.0,1173000.0,703700.0,1559000.0,984100.0,239000.0,221700.0,430700.0,381800.0,9598000.0,8767000.0,
3484000.0,1174000.0,705200.0,1559000.0,984100.0,239000.0,221700.0,430700.0,451700.0,9576000.0,8767000.0,
3343000.0,1314000.0,706500.0,1559000.0,984100.0,239000.0,221700.0,430700.0,483700.0,9592000.0,8767000.0,
3208000.0,1445000.0,710000.0,1559000.0,984100.0,239000.0,221700.0,430700.0,483700.0,9592000.0,8767000.0,
3207000.0,1443000.0,712900.0,1559000.0,984100.0,239000.0,231800.0,420600.0,483700.0,9592000.0,8767000.0,
3193000.0,1443000.0,713900.0,1572000.0,984100.0,239000.0,373900.0,278500.0,483700.0,9592000.0,8767000.0,
3191000.0,1444000.0,714100.0,1563000.0,984000.0,239000.0,373900.0,278200.0,483600.0,9592000.0,8767000.0,
3190000.0,1444000.0,714900.0,1528000.0,948900.0,239000.0,373900.0,278200.0,483600.0,9640000.0,8802000.0,
3171000.0,1442000.0,715000.0,1540000.0,930800.0,238900.0,373900.0,278200.0,483500.0,9640000.0,8820000.0,
3157000.0,1439000.0,715700.0,1547000.0,911500.0,238900.0,378700.0,273400.0,483500.0,9640000.0,8838000.0,
3152000.0,1435000.0,719400.0,1522000.0,893100.0,238900.0,378700.0,273400.0,580600.0,9543000.0,8856000.0,
3147000.0,1429000.0,720000.0,1508000.0,875600.0,237400.0,378700.0,273400.0,580600.0,9543000.0,8875000.0,
3143000.0,1427000.0,698300.0,1503000.0,875500.0,237400.0,388300.0,275900.0,568400.0,9638000.0,8897000.0,
3143000.0,1425000.0,700000.0,1503000.0,854200.0,237400.0,396400.0,267800.0,613800.0,9593000.0,8919000.0,
3141000.0,1425000.0,701800.0,1503000.0,854200.0,237400.0,396400.0,267800.0,613800.0,9593000.0,8919000.0,
3138000.0,1427000.0,702800.0,1498000.0,832800.0,237400.0,396400.0,273800.0,607800.0,9593000.0,8940000.0,
3138000.0,1426000.0,704300.0,1493000.0,832800.0,237400.0,404400.0,265800.0,607800.0,9641000.0,8940000.0,
3138000.0,1426000.0,704800.0,1493000.0,832800.0,237400.0,409300.0,261000.0,607800.0,9689000.0,8940000.0,
3138000.0,1425000.0,705500.0,1493000.0,832800.0,237400.0,409300.0,270000.0,676700.0,9611000.0,8940000.0,
3138000.0,1423000.0,707500.0,1493000.0,844500.0,225700.0,409300.0,270000.0,676700.0,9659000.0,8940000.0,
3136000.0,1423000.0,709000.0,1493000.0,819400.0,225700.0,409300.0,270000.0,676700.0,9659000.0,8965000.0,
3136000.0,1423000.0,709000.0,1493000.0,819400.0,225700.0,409300.0,287100.0,659600.0,9659000.0,8965000.0,
3135000.0,1422000.0,711200.0,1493000.0,819400.0,225700.0,409300.0,302700.0,703200.0,9600000.0,8965000.0,
3135000.0,1420000.0,713200.0,1493000.0,794200.0,225700.0,409300.0,302700.0,703200.0,9648000.0,8990000.0,
3135000.0,1420000.0,713200.0,1488000.0,794200.0,229600.0,405400.0,302700.0,841900.0,9509000.0,8990000.0,
3135000.0,1418000.0,715700.0,1488000.0,794200.0,472900.0,162100.0,312700.0,831900.0,9557000.0,8990000.0,
3135000.0,1417000.0,716300.0,1488000.0,794200.0,472900.0,174200.0,306700.0,825900.0,9557000.0,8990000.0,
3134000.0,1416000.0,718200.0,1478000.0,794200.0,472800.0,174100.0,306600.0,825800.0,9605000.0,8990000.0,
3121000.0,1415000.0,720400.0,1485000.0,794200.0,479200.0,177400.0,296900.0,875300.0,9555000.0,8990000.0,
3109000.0,1415000.0,722300.0,1496000.0,750300.0,479200.0,177400.0,296900.0,875300.0,9555000.0,9034000.0,
3109000.0,1415000.0,722300.0,1496000.0,750300.0,479200.0,177400.0,296900.0,875300.0,9651000.0,9034000.0,
3109000.0,1414000.0,723100.0,1496000.0,727700.0,479200.0,177400.0,296900.0,875300.0,9651000.0,9057000.0,
3109000.0,1413000.0,723900.0,1496000.0,727700.0,485300.0,171300.0,348800.0,823300.0,9651000.0,9057000.0,
3108000.0,1411000.0,726100.0,1491000.0,727600.0,485200.0,171300.0,358800.0,813200.0,9699000.0,9057000.0,
3101000.0,1409000.0,729000.0,1498000.0,710700.0,493000.0,163600.0,358800.0,813200.0,9748000.0,9074000.0,
2975000.0,1533000.0,731000.0,1493000.0,710700.0,493000.0,163600.0,358800.0,984800.0,9576000.0,9074000.0,
2956000.0,1535000.0,731000.0,1510000.0,710700.0,493000.0,163600.0,408600.0,935100.0,9576000.0,9074000.0,
2937000.0,1533000.0,733000.0,1520000.0,688800.0,492900.0,163600.0,408400.0,935000.0,9576000.0,9095000.0,
2934000.0,1535000.0,733600.0,1515000.0,643700.0,492900.0,163600.0,418500.0,924900.0,9576000.0,9140000.0,
2934000.0,1535000.0,733900.0,1515000.0,621200.0,492900.0,163600.0,418500.0,924900.0,9624000.0,9163000.0,
2934000.0,1533000.0,736000.0,1515000.0,621200.0,492900.0,163600.0,418500.0,924900.0,9672000.0,9163000.0,
2934000.0,1529000.0,739500.0,1515000.0,621200.0,492900.0,173300.0,450200.0,956900.0,9599000.0,9163000.0,
2914000.0,1527000.0,741800.0,1535000.0,608700.0,492900.0,173300.0,450200.0,956900.0,9599000.0,9175000.0,
2913000.0,1527000.0,743000.0,1530000.0,608600.0,492900.0,269800.0,365600.0,944700.0,9647000.0,9175000.0,
2913000.0,1525000.0,744800.0,1530000.0,608600.0,492900.0,269800.0,365600.0,944700.0,9647000.0,9175000.0,
2913000.0,1524000.0,745500.0,1530000.0,608600.0,492900.0,280600.0,366400.0,933000.0,9695000.0,9175000.0,
2912000.0,1522000.0,748200.0,1530000.0,608600.0,492900.0,280600.0,372500.0,971600.0,9698000.0,9175000.0,
2912000.0,1521000.0,749500.0,1526000.0,608400.0,492900.0,280600.0,372500.0,971600.0,9747000.0,9175000.0,
2907000.0,1519000.0,750900.0,1526000.0,952000.0,126700.0,280600.0,395800.0,948200.0,9894000.0,9198000.0,
2903000.0,1517000.0,751800.0,1526000.0,943000.0,126400.0,427300.0,238500.0,948200.0,9943000.0,9218000.0,
2892000.0,1516000.0,752600.0,1519000.0,942600.0,126300.0,431800.0,233500.0,1022000.0,9870000.0,9218000.0,
2892000.0,1516000.0,752600.0,1519000.0,942600.0,126300.0,431800.0,233500.0,1051000.0,9939000.0,9218000.0,
2891000.0,1515000.0,753600.0,1519000.0,942600.0,126300.0,431800.0,233500.0,1051000.0,9988000.0,9218000.0,
2890000.0,1515000.0,755000.0,1519000.0,907400.0,126300.0,431800.0,233500.0,1051000.0,9988000.0,9253000.0,
2890000.0,1512000.0,756000.0,1517000.0,907400.0,126300.0,439800.0,225500.0,1163000.0,9877000.0,9253000.0,
2888000.0,1513000.0,756600.0,1517000.0,907400.0,126300.0,444600.0,220700.0,1303000.0,9787000.0,9253000.0,
2887000.0,1510000.0,759100.0,1504000.0,907100.0,126300.0,444400.0,220600.0,1539000.0,9599000.0,9253000.0,
2867000.0,1508000.0,761900.0,1510000.0,912100.0,121100.0,444300.0,324300.0,1434000.0,9599000.0,9253000.0,
2857000.0,1507000.0,763500.0,1514000.0,915200.0,117900.0,444300.0,357200.0,1401000.0,9647000.0,9253000.0,
2851000.0,1505000.0,765400.0,1520000.0,915200.0,117900.0,452300.0,360000.0,1526000.0,9511000.0,9253000.0,
2850000.0,1506000.0,766300.0,1520000.0,915200.0,117900.0,452300.0,397100.0,1489000.0,9511000.0,9253000.0,
2728000.0,1627000.0,750900.0,1520000.0,880000.0,117900.0,452300.0,407900.0,1478000.0,9606000.0,9304000.0,
2712000.0,1629000.0,751700.0,1522000.0,880000.0,117900.0,452300.0,423500.0,1463000.0,9655000.0,9304000.0,
2712000.0,1626000.0,755000.0,1512000.0,880000.0,208900.0,367400.0,417500.0,1463000.0,9655000.0,9304000.0,
2712000.0,1619000.0,746700.0,1499000.0,879800.0,208900.0,367200.0,429100.0,1451000.0,9703000.0,9319000.0,
2709000.0,1621000.0,747400.0,1499000.0,879800.0,208900.0,367200.0,429100.0,1451000.0,9703000.0,9319000.0,
2709000.0,1618000.0,750900.0,1499000.0,867300.0,208900.0,367200.0,458100.0,1532000.0,9593000.0,9331000.0,
2707000.0,1613000.0,757900.0,1499000.0,867300.0,208900.0,367200.0,458100.0,1532000.0,9641000.0,9331000.0,
2706000.0,1612000.0,758600.0,1499000.0,867300.0,215300.0,360800.0,476200.0,1514000.0,9641000.0,9331000.0,
2706000.0,1611000.0,759600.0,1499000.0,867300.0,215300.0,360800.0,539900.0,1450000.0,9641000.0,9331000.0,
2703000.0,1614000.0,752400.0,1499000.0,855000.0,215300.0,360800.0,552000.0,1438000.0,9689000.0,9351000.0,
2479000.0,1837000.0,731600.0,1499000.0,835300.0,215300.0,360800.0,564000.0,1426000.0,9689000.0,9393000.0,
2477000.0,1837000.0,732300.0,1494000.0,835200.0,215300.0,370100.0,566700.0,1414000.0,9786000.0,9393000.0,
2477000.0,1836000.0,733900.0,1494000.0,817600.0,215300.0,378800.0,558000.0,1414000.0,9983000.0,9411000.0,
2476000.0,1835000.0,735100.0,1490000.0,817600.0,215300.0,378800.0,578200.0,1428000.0,9999000.0,9411000.0,
2476000.0,1832000.0,736700.0,1486000.0,817600.0,215300.0,388900.0,568200.0,1428000.0,1.005E7,9411000.0,
2474000.0,1831000.0,739800.0,1486000.0,817600.0,215300.0,388900.0,568200.0,1428000.0,1.01E7,9411000.0,
2471000.0,1832000.0,741400.0,1481000.0,817600.0,215300.0,402400.0,554600.0,1428000.0,1.02E7,9411000.0,
2470000.0,1833000.0,721700.0,1481000.0,817600.0,215300.0,402400.0,554600.0,1428000.0,1.02E7,9431000.0,
2470000.0,1830000.0,723000.0,1473000.0,817600.0,215300.0,402400.0,566700.0,1416000.0,1.025E7,9431000.0,
2451000.0,1830000.0,723500.0,1491000.0,817600.0,223100.0,394600.0,598600.0,1384000.0,1.025E7,9431000.0,
2450000.0,1830000.0,724000.0,1491000.0,817600.0,223100.0,402700.0,590600.0,1384000.0,1.025E7,9431000.0,
2450000.0,1828000.0,726900.0,1491000.0,817600.0,223100.0,420000.0,583300.0,1374000.0,1.025E7,9431000.0,
2449000.0,1828000.0,727800.0,1491000.0,817600.0,223100.0,420000.0,583300.0,1498000.0,1.013E7,9431000.0,
2346000.0,1930000.0,728600.0,1491000.0,817600.0,223100.0,420000.0,589400.0,1492000.0,1.018E7,9431000.0,
2346000.0,1928000.0,731100.0,1491000.0,800000.0,223100.0,437400.0,624200.0,1508000.0,1.026E7,9448000.0,
2346000.0,1926000.0,733000.0,1487000.0,800000.0,223100.0,437300.0,624100.0,1508000.0,1.026E7,9448000.0,
2344000.0,1926000.0,734500.0,1487000.0,800000.0,223100.0,445400.0,650600.0,1538000.0,1.025E7,9448000.0,
2343000.0,1927000.0,734600.0,1478000.0,799900.0,223000.0,445100.0,661500.0,1527000.0,1.025E7,9448000.0,
2343000.0,1923000.0,737600.0,1469000.0,799900.0,223000.0,453800.0,652700.0,1527000.0,1.025E7,9448000.0,
2341000.0,1923000.0,738300.0,1464000.0,799800.0,223000.0,453700.0,652600.0,1527000.0,1.025E7,9448000.0,
2341000.0,1921000.0,741000.0,1464000.0,799800.0,223000.0,453700.0,670700.0,1531000.0,1.023E7,9448000.0,
2341000.0,1920000.0,741400.0,1456000.0,799800.0,223000.0,560500.0,563900.0,1531000.0,1.023E7,9448000.0,
2340000.0,1920000.0,741900.0,1456000.0,799800.0,441300.0,351600.0,631500.0,1524000.0,1.021E7,9448000.0,
2332000.0,1919000.0,743000.0,1464000.0,787200.0,441300.0,361300.0,657400.0,1489000.0,1.021E7,9461000.0,
2331000.0,1919000.0,744000.0,1454000.0,769600.0,441300.0,361300.0,692800.0,1453000.0,1.021E7,9479000.0,
2324000.0,1918000.0,745200.0,1460000.0,769600.0,441300.0,361300.0,784300.0,1362000.0,1.026E7,9479000.0,
2314000.0,1918000.0,745400.0,1456000.0,769400.0,447300.0,361100.0,789300.0,1589000.0,1.002E7,9479000.0,
2314000.0,1916000.0,747900.0,1456000.0,769400.0,467500.0,345700.0,807700.0,1566000.0,1.002E7,9479000.0,
2313000.0,1914000.0,750300.0,1456000.0,769400.0,467500.0,345700.0,860600.0,1513000.0,1.002E7,9479000.0,
2312000.0,1910000.0,755600.0,1456000.0,769400.0,475600.0,337600.0,860600.0,1513000.0,1.002E7,9479000.0,
2309000.0,1908000.0,756900.0,1454000.0,769400.0,475600.0,347000.0,867300.0,1531000.0,1.009E7,9479000.0,
2308000.0,1907000.0,760100.0,1454000.0,769400.0,480400.0,342200.0,884300.0,1670000.0,1.003E7,9479000.0,
2306000.0,1905000.0,762500.0,1449000.0,769400.0,487300.0,344500.0,944300.0,1600000.0,1.003E7,9479000.0,
2305000.0,1905000.0,747500.0,1449000.0,769400.0,493400.0,338500.0,1005000.0,1680000.0,9942000.0,9495000.0,
2304000.0,1904000.0,749300.0,1449000.0,769400.0,493400.0,338500.0,1037000.0,1647000.0,9942000.0,9495000.0,
2300000.0,1903000.0,750100.0,1449000.0,769400.0,493400.0,338500.0,1054000.0,1778000.0,9794000.0,9495000.0,
2296000.0,1900000.0,751300.0,1449000.0,769400.0,493400.0,346500.0,1046000.0,1778000.0,9794000.0,9495000.0,
2295000.0,1899000.0,753000.0,1449000.0,775400.0,487300.0,346500.0,1071000.0,1753000.0,9843000.0,9495000.0,
2294000.0,1900000.0,753000.0,1449000.0,775400.0,487300.0,346500.0,1071000.0,1753000.0,9892000.0,9495000.0,
2293000.0,1900000.0,754400.0,1449000.0,781700.0,481100.0,354500.0,1074000.0,1742000.0,9941000.0,9495000.0,
2292000.0,1900000.0,754900.0,1449000.0,781700.0,481100.0,354500.0,1085000.0,1731000.0,9941000.0,9495000.0,
2292000.0,1900000.0,755600.0,1444000.0,781700.0,481100.0,359400.0,1115000.0,1735000.0,9904000.0,9495000.0,
2287000.0,1902000.0,758600.0,1444000.0,781700.0,481100.0,359400.0,1148000.0,1715000.0,9890000.0,9495000.0,
2287000.0,1900000.0,760800.0,1444000.0,781700.0,492400.0,348100.0,1164000.0,1698000.0,9989000.0,9495000.0,
2286000.0,1900000.0,761100.0,1431000.0,781600.0,492400.0,348000.0,1164000.0,1697000.0,9989000.0,9495000.0,
2286000.0,1899000.0,762000.0,1423000.0,781500.0,492300.0,352600.0,1159000.0,1696000.0,9989000.0,9495000.0,
2286000.0,1898000.0,762800.0,1423000.0,781500.0,492300.0,352600.0,1159000.0,1696000.0,1.004E7,9495000.0,
2285000.0,1897000.0,764900.0,1418000.0,781500.0,498800.0,346100.0,1178000.0,1824000.0,9893000.0,9495000.0,
2277000.0,1896000.0,764300.0,1418000.0,781500.0,498700.0,352100.0,1172000.0,1981000.0,9735000.0,9495000.0,
2277000.0,1895000.0,765600.0,1418000.0,786300.0,514000.0,336800.0,1178000.0,1970000.0,9735000.0,9495000.0,
2277000.0,1893000.0,767500.0,1418000.0,786300.0,521700.0,329100.0,1178000.0,1970000.0,9833000.0,9495000.0,
2276000.0,1892000.0,769600.0,1418000.0,786300.0,521700.0,329100.0,1196000.0,1952000.0,9931000.0,9495000.0,
2276000.0,1890000.0,771800.0,1418000.0,786300.0,528200.0,322600.0,1196000.0,1952000.0,9931000.0,9495000.0,
2276000.0,1889000.0,772700.0,1418000.0,786300.0,528200.0,322600.0,1226000.0,1923000.0,9931000.0,9495000.0,
2266000.0,1886000.0,774700.0,1423000.0,791100.0,523300.0,343500.0,1235000.0,1893000.0,9931000.0,9495000.0,
2266000.0,1884000.0,777300.0,1423000.0,807400.0,507000.0,343500.0,1241000.0,2079000.0,9839000.0,9495000.0,
2265000.0,1881000.0,780400.0,1423000.0,807400.0,513000.0,351600.0,1330000.0,2155000.0,9708000.0,9495000.0,
2264000.0,1880000.0,783100.0,1423000.0,807400.0,513000.0,363600.0,1347000.0,2126000.0,9708000.0,9495000.0,
2264000.0,1879000.0,768300.0,1423000.0,807400.0,519100.0,357600.0,1385000.0,2088000.0,9708000.0,9511000.0,
2264000.0,1879000.0,768700.0,1423000.0,807400.0,525500.0,351200.0,1397000.0,2076000.0,9757000.0,9511000.0,
2263000.0,1874000.0,772800.0,1414000.0,807400.0,525500.0,351200.0,1410000.0,2063000.0,9757000.0,9511000.0,
2263000.0,1872000.0,774800.0,1414000.0,807400.0,525500.0,360800.0,1423000.0,2040000.0,9757000.0,9511000.0,
2263000.0,1871000.0,775800.0,1410000.0,807400.0,525500.0,366800.0,1465000.0,2069000.0,9728000.0,9511000.0,
2263000.0,1868000.0,778400.0,1410000.0,807400.0,525500.0,366800.0,1476000.0,2157000.0,9630000.0,9511000.0,
2162000.0,1958000.0,779300.0,1405000.0,807400.0,532500.0,368600.0,1493000.0,2196000.0,9564000.0,9511000.0,
2159000.0,1937000.0,783000.0,1405000.0,807400.0,532500.0,368600.0,1511000.0,2178000.0,9612000.0,9511000.0,
1967000.0,2116000.0,786200.0,1400000.0,807400.0,549900.0,351100.0,1517000.0,2246000.0,9586000.0,9511000.0,
1964000.0,2112000.0,787000.0,1396000.0,812200.0,545100.0,359800.0,1509000.0,2246000.0,9586000.0,9511000.0,
1958000.0,2114000.0,786800.0,1396000.0,812200.0,545100.0,368600.0,1500000.0,2246000.0,9586000.0,9511000.0,
1955000.0,2109000.0,789500.0,1396000.0,812200.0,552000.0,370300.0,1491000.0,2246000.0,9586000.0,9511000.0,
1955000.0,2108000.0,790700.0,1396000.0,812200.0,552000.0,370300.0,1508000.0,2229000.0,9682000.0,9511000.0,
1955000.0,2106000.0,792400.0,1396000.0,812200.0,552000.0,370300.0,1530000.0,2273000.0,9713000.0,9511000.0,
1948000.0,2105000.0,793800.0,1402000.0,826300.0,538000.0,1195000.0,743200.0,2235000.0,9810000.0,9511000.0,
1948000.0,2105000.0,793800.0,1392000.0,826300.0,538000.0,1210000.0,728300.0,2235000.0,9859000.0,9511000.0,
1948000.0,2104000.0,795200.0,1392000.0,831100.0,533100.0,1210000.0,793400.0,2170000.0,9909000.0,9511000.0,
1947000.0,2092000.0,797300.0,1388000.0,837000.0,531900.0,1205000.0,793300.0,2170000.0,9909000.0,9511000.0,
1947000.0,2092000.0,798100.0,1383000.0,837000.0,625100.0,1123000.0,800500.0,2187000.0,9873000.0,9511000.0,
1946000.0,2091000.0,799900.0,1383000.0,837000.0,632500.0,1130000.0,785700.0,2187000.0,9923000.0,9511000.0,
1946000.0,2089000.0,801900.0,1383000.0,853800.0,603200.0,1139000.0,777000.0,2187000.0,9923000.0,9523000.0,
1946000.0,2088000.0,803400.0,1383000.0,853800.0,603200.0,1139000.0,806600.0,2157000.0,9923000.0,9523000.0,
1905000.0,2087000.0,803800.0,1423000.0,853800.0,603200.0,1139000.0,806600.0,2157000.0,9923000.0,9523000.0,
1905000.0,2085000.0,806600.0,1423000.0,853800.0,603200.0,1148000.0,842500.0,2112000.0,9972000.0,9523000.0,
1905000.0,2082000.0,809000.0,1423000.0,853800.0,603200.0,1148000.0,876500.0,2078000.0,9972000.0,9523000.0,
1905000.0,2082000.0,809000.0,1418000.0,853800.0,609200.0,1142000.0,898200.0,2056000.0,9972000.0,9523000.0,
1904000.0,2080000.0,810100.0,1401000.0,863600.0,599200.0,1142000.0,1055000.0,1899000.0,9972000.0,9523000.0,
1903000.0,2078000.0,811400.0,1392000.0,863500.0,599200.0,1158000.0,1051000.0,1888000.0,1.002E7,9523000.0,
1903000.0,2077000.0,812300.0,1392000.0,850900.0,599200.0,1158000.0,1153000.0,2265000.0,9542000.0,9536000.0,
1903000.0,2074000.0,815000.0,1384000.0,850900.0,605200.0,1159000.0,1145000.0,2265000.0,9590000.0,9536000.0,
1902000.0,2070000.0,818600.0,1379000.0,836600.0,605200.0,1171000.0,1167000.0,2232000.0,9638000.0,9550000.0,
1902000.0,2070000.0,819900.0,1379000.0,803500.0,605200.0,1177000.0,1189000.0,2203000.0,9686000.0,9583000.0,
1902000.0,2069000.0,820400.0,1379000.0,780900.0,605200.0,1177000.0,1201000.0,2191000.0,9686000.0,9606000.0,
1899000.0,2066000.0,821700.0,1379000.0,786500.0,607200.0,1170000.0,1280000.0,2112000.0,9686000.0,9606000.0,
1898000.0,2066000.0,822500.0,1379000.0,786500.0,607200.0,1170000.0,1280000.0,2112000.0,9686000.0,9606000.0,
1898000.0,2064000.0,824100.0,1379000.0,786500.0,607200.0,1179000.0,1302000.0,2082000.0,9686000.0,9606000.0,
1897000.0,2064000.0,825500.0,1379000.0,786500.0,607200.0,1179000.0,1329000.0,2055000.0,9686000.0,9606000.0,
1935000.0,2063000.0,826800.0,1379000.0,786500.0,613200.0,1173000.0,1397000.0,2036000.0,9734000.0,9567000.0,
1934000.0,2062000.0,827800.0,1365000.0,786200.0,613200.0,1173000.0,1465000.0,2016000.0,9831000.0,9567000.0,
1933000.0,2063000.0,828200.0,1360000.0,792300.0,613200.0,1178000.0,1525000.0,2019000.0,9855000.0,9567000.0,
1932000.0,2063000.0,829200.0,1355000.0,1130000.0,275400.0,1186000.0,1566000.0,1970000.0,9855000.0,9567000.0,
1931000.0,2061000.0,832100.0,1351000.0,1106000.0,287400.0,1182000.0,1590000.0,1937000.0,9954000.0,9591000.0,
1931000.0,2060000.0,833300.0,1351000.0,1106000.0,287400.0,1182000.0,1654000.0,1924000.0,9903000.0,9591000.0,
1930000.0,2060000.0,834100.0,1351000.0,1106000.0,287400.0,1199000.0,1638000.0,1976000.0,9901000.0,9591000.0,
1930000.0,2059000.0,835200.0,1351000.0,1106000.0,287400.0,1199000.0,1649000.0,1965000.0,9901000.0,9591000.0,
1930000.0,2058000.0,836300.0,1341000.0,1106000.0,1027000.0,459500.0,1792000.0,1886000.0,9835000.0,9591000.0,
1930000.0,2056000.0,837900.0,1336000.0,1106000.0,1027000.0,459500.0,1857000.0,1932000.0,9774000.0,9591000.0,
1929000.0,2055000.0,840100.0,1336000.0,1100000.0,1028000.0,452500.0,1857000.0,1932000.0,9823000.0,9603000.0,
1929000.0,2053000.0,841200.0,1332000.0,1100000.0,1034000.0,452500.0,1887000.0,1896000.0,9823000.0,9603000.0,
1928000.0,2054000.0,841200.0,1332000.0,1100000.0,1034000.0,452500.0,1898000.0,1885000.0,9823000.0,9603000.0,
1867000.0,2134000.0,843300.0,1332000.0,1100000.0,1034000.0,452500.0,1945000.0,1890000.0,9821000.0,9582000.0,
1866000.0,2133000.0,844700.0,1332000.0,1087000.0,1041000.0,445400.0,1956000.0,1878000.0,9821000.0,9595000.0,
1865000.0,2132000.0,846300.0,1332000.0,1087000.0,1047000.0,439400.0,1956000.0,1878000.0,9821000.0,9595000.0,
1865000.0,2130000.0,848800.0,1332000.0,1087000.0,1058000.0,428500.0,1979000.0,1928000.0,9846000.0,9595000.0,
1865000.0,2129000.0,849800.0,1327000.0,1074000.0,1064000.0,422500.0,1979000.0,1928000.0,9895000.0,9607000.0,
1865000.0,2130000.0,849800.0,1327000.0,1093000.0,1032000.0,428500.0,1994000.0,1906000.0,9945000.0,9620000.0,
1915000.0,2127000.0,852000.0,1327000.0,1105000.0,1026000.0,429700.0,2002000.0,1937000.0,9901000.0,9569000.0,
1915000.0,2125000.0,854700.0,1327000.0,1105000.0,1032000.0,429700.0,1996000.0,1937000.0,9901000.0,9569000.0,
1915000.0,2123000.0,856500.0,1307000.0,1092000.0,1038000.0,429700.0,1990000.0,1986000.0,9901000.0,9582000.0,
1915000.0,2122000.0,857400.0,1307000.0,1092000.0,1045000.0,428700.0,1995000.0,1975000.0,9901000.0,9582000.0,
1838000.0,2197000.0,860000.0,1307000.0,1092000.0,1051000.0,422700.0,2079000.0,1891000.0,9950000.0,9582000.0,
1837000.0,2196000.0,861500.0,1307000.0,1079000.0,1057000.0,416400.0,2079000.0,1911000.0,9980000.0,9594000.0,
1837000.0,2194000.0,862200.0,1304000.0,1045000.0,1059000.0,414800.0,2186000.0,1798000.0,1.003E7,9635000.0,
1866000.0,2193000.0,839900.0,1304000.0,1051000.0,1053000.0,423900.0,2237000.0,1869000.0,9949000.0,9628000.0,
1866000.0,2192000.0,841300.0,1304000.0,1051000.0,1053000.0,436000.0,2225000.0,1869000.0,9949000.0,9628000.0,
1909000.0,2193000.0,841700.0,1304000.0,1051000.0,1053000.0,1626000.0,1054000.0,1913000.0,9886000.0,9584000.0,
1902000.0,2189000.0,842900.0,1304000.0,1051000.0,1053000.0,1626000.0,1064000.0,1916000.0,9971000.0,9584000.0,
1893000.0,2186000.0,844900.0,1303000.0,1080000.0,1024000.0,1635000.0,1079000.0,1892000.0,9971000.0,9584000.0,
1889000.0,2185000.0,845300.0,1298000.0,1086000.0,1024000.0,1647000.0,1139000.0,1814000.0,9971000.0,9584000.0,
1889000.0,2184000.0,846200.0,1298000.0,1094000.0,1010000.0,1647000.0,1143000.0,1804000.0,1.002E7,9597000.0,
1882000.0,2181000.0,847600.0,1297000.0,1084000.0,999500.0,1653000.0,1179000.0,1763000.0,1.012E7,9617000.0,
1952000.0,2177000.0,851100.0,1297000.0,1084000.0,1004000.0,1657000.0,1199000.0,1794000.0,1.011E7,9546000.0,
1952000.0,2176000.0,852500.0,1297000.0,1095000.0,992700.0,1663000.0,1254000.0,1754000.0,1.009E7,9546000.0,
1951000.0,2176000.0,853900.0,1297000.0,1073000.0,992700.0,1663000.0,1292000.0,1715000.0,1.009E7,9568000.0,
1950000.0,2176000.0,855000.0,1297000.0,1037000.0,986700.0,1669000.0,1310000.0,1691000.0,1.019E7,9611000.0,
1947000.0,2178000.0,855000.0,1297000.0,1037000.0,986700.0,1669000.0,1310000.0,1691000.0,1.024E7,9611000.0,
1997000.0,2179000.0,855500.0,1297000.0,1043000.0,980600.0,1674000.0,1333000.0,1722000.0,1.018E7,9560000.0,
1995000.0,2174000.0,856400.0,1297000.0,1043000.0,980600.0,1686000.0,1372000.0,1824000.0,1.008E7,9560000.0,
1995000.0,2173000.0,856600.0,1289000.0,1043000.0,986700.0,1686000.0,1366000.0,1824000.0,1.008E7,9560000.0,
1992000.0,2172000.0,856600.0,1288000.0,1036000.0,980600.0,1686000.0,1379000.0,1936000.0,9956000.0,9573000.0,
1979000.0,2160000.0,857800.0,1286000.0,1036000.0,986700.0,1699000.0,1389000.0,1938000.0,9926000.0,9573000.0,
1970000.0,2156000.0,858000.0,1285000.0,1042000.0,986700.0,1697000.0,1430000.0,1892000.0,9926000.0,9573000.0,
1969000.0,2155000.0,859000.0,1285000.0,1042000.0,986700.0,1709000.0,1541000.0,1963000.0,9732000.0,9573000.0,
1968000.0,2155000.0,859700.0,1285000.0,1024000.0,985200.0,1729000.0,1521000.0,1963000.0,9732000.0,9593000.0,
1968000.0,2155000.0,860900.0,1285000.0,1024000.0,991200.0,1729000.0,1568000.0,1910000.0,9781000.0,9593000.0,
1966000.0,2155000.0,861800.0,1285000.0,1024000.0,991200.0,1729000.0,1586000.0,1892000.0,9879000.0,9593000.0,
1964000.0,2152000.0,862300.0,1285000.0,1024000.0,991200.0,1729000.0,1604000.0,1923000.0,9829000.0,9593000.0,
1962000.0,2139000.0,862300.0,1285000.0,1028000.0,987300.0,1729000.0,1604000.0,1941000.0,9812000.0,9593000.0,
1962000.0,2133000.0,863700.0,1285000.0,1040000.0,975300.0,1737000.0,1633000.0,1904000.0,9812000.0,9593000.0,
1961000.0,2132000.0,865700.0,1275000.0,1051000.0,964100.0,1743000.0,1627000.0,1904000.0,9910000.0,9593000.0,
1961000.0,2127000.0,870700.0,1265000.0,1057000.0,958100.0,1752000.0,1618000.0,1989000.0,9825000.0,9593000.0,
1961000.0,2121000.0,871400.0,1265000.0,1044000.0,964100.0,1755000.0,1620000.0,1999000.0,9804000.0,9605000.0,
1974000.0,2116000.0,871400.0,1274000.0,1050000.0,970200.0,1749000.0,1633000.0,1998000.0,9786000.0,9583000.0,
1974000.0,2115000.0,872900.0,1269000.0,1030000.0,970200.0,1749000.0,1649000.0,2174000.0,9593000.0,9604000.0,
1974000.0,2115000.0,872900.0,1264000.0,1036000.0,975400.0,1744000.0,1676000.0,2142000.0,9593000.0,9604000.0,
1973000.0,2115000.0,873900.0,1264000.0,1036000.0,981500.0,1738000.0,1717000.0,2100000.0,9593000.0,9604000.0,
1999000.0,2112000.0,876000.0,1264000.0,1042000.0,982700.0,1731000.0,1729000.0,2089000.0,9593000.0,9577000.0,
1985000.0,2110000.0,876300.0,1263000.0,1042000.0,986600.0,1727000.0,1821000.0,1996000.0,9593000.0,9590000.0,
1985000.0,2109000.0,860100.0,1263000.0,1054000.0,981800.0,1720000.0,1863000.0,1955000.0,9593000.0,9607000.0,
2002000.0,2090000.0,860100.0,1263000.0,1054000.0,989400.0,1712000.0,1874000.0,1943000.0,9593000.0,9588000.0,
1981000.0,2075000.0,862900.0,1281000.0,1054000.0,995400.0,1712000.0,1868000.0,1943000.0,9641000.0,9588000.0,
1979000.0,2076000.0,863400.0,1281000.0,1060000.0,1830000.0,877600.0,1908000.0,1912000.0,9724000.0,9588000.0,
1979000.0,2075000.0,864700.0,1281000.0,1060000.0,1830000.0,883600.0,1936000.0,1877000.0,9724000.0,9588000.0,
1977000.0,2069000.0,868300.0,1281000.0,1060000.0,1830000.0,883600.0,1936000.0,1877000.0,9724000.0,9588000.0,
1998000.0,2068000.0,870000.0,1281000.0,1047000.0,1843000.0,870600.0,1996000.0,1869000.0,9721000.0,9579000.0,
1998000.0,2066000.0,871300.0,1281000.0,2393000.0,497700.0,870600.0,2020000.0,1845000.0,9769000.0,9579000.0,
1973000.0,2070000.0,872700.0,1300000.0,2393000.0,497700.0,870600.0,2026000.0,1839000.0,9769000.0,9579000.0,
1973000.0,2068000.0,874800.0,1300000.0,2393000.0,502500.0,865800.0,2092000.0,1773000.0,9818000.0,9579000.0,
1972000.0,2061000.0,878100.0,1300000.0,2375000.0,502500.0,865800.0,2152000.0,1713000.0,9818000.0,9597000.0,
1971000.0,2047000.0,877400.0,1300000.0,2381000.0,502500.0,871800.0,2140000.0,1713000.0,9867000.0,9597000.0,
1969000.0,2045000.0,881200.0,1300000.0,2381000.0,508600.0,871800.0,2134000.0,1713000.0,9966000.0,9597000.0,
1963000.0,2038000.0,881700.0,1299000.0,2381000.0,508600.0,883900.0,2122000.0,1713000.0,9966000.0,9597000.0,
1957000.0,2038000.0,880900.0,1291000.0,2355000.0,517300.0,881100.0,2135000.0,1693000.0,9966000.0,9623000.0,
2006000.0,2033000.0,880900.0,1298000.0,2342000.0,517300.0,887100.0,2198000.0,1893000.0,9697000.0,9576000.0,
2001000.0,2029000.0,884100.0,1298000.0,2333000.0,512500.0,887100.0,2245000.0,1846000.0,9697000.0,9590000.0,
2000000.0,2023000.0,885700.0,1298000.0,2312000.0,512500.0,902500.0,2289000.0,1820000.0,9664000.0,9591000.0,
1962000.0,2024000.0,886300.0,1330000.0,2291000.0,507600.0,902500.0,2315000.0,1794000.0,9664000.0,9616000.0,
1933000.0,2020000.0,887500.0,1351000.0,2291000.0,513700.0,908500.0,2332000.0,1765000.0,9664000.0,9616000.0,
1927000.0,2016000.0,888000.0,1341000.0,2291000.0,513600.0,908500.0,2352000.0,1745000.0,9664000.0,9616000.0,
1922000.0,2005000.0,887500.0,1338000.0,2265000.0,513600.0,917500.0,2343000.0,1745000.0,9664000.0,9642000.0,
1917000.0,2006000.0,887600.0,1336000.0,2226000.0,517500.0,922400.0,2363000.0,1716000.0,9664000.0,9681000.0,
1938000.0,2003000.0,889100.0,1333000.0,2209000.0,511500.0,931700.0,2354000.0,1757000.0,9623000.0,9684000.0,
1934000.0,2004000.0,888600.0,1332000.0,2208000.0,511400.0,961800.0,2369000.0,1712000.0,9671000.0,9684000.0,
1909000.0,2001000.0,891100.0,1357000.0,2519000.0,200200.0,973900.0,2372000.0,1697000.0,9671000.0,9684000.0,
1909000.0,2000000.0,891800.0,1357000.0,2499000.0,200200.0,983400.0,2425000.0,1635000.0,9719000.0,9704000.0,
1907000.0,2001000.0,893300.0,1357000.0,2438000.0,206200.0,983400.0,2477000.0,1576000.0,9719000.0,9765000.0,
1967000.0,2001000.0,894700.0,1357000.0,2426000.0,206200.0,983400.0,2489000.0,1782000.0,9502000.0,9716000.0,
1960000.0,2001000.0,895300.0,1364000.0,2426000.0,206200.0,983400.0,2562000.0,1708000.0,9502000.0,9716000.0,
1958000.0,2000000.0,899000.0,1364000.0,2403000.0,217000.0,978600.0,2562000.0,1702000.0,9549000.0,9739000.0,
1951000.0,2001000.0,900000.0,1363000.0,2389000.0,211400.0,978600.0,2562000.0,1702000.0,9549000.0,9758000.0,
1947000.0,1999000.0,901200.0,1359000.0,2357000.0,211400.0,986600.0,2578000.0,1679000.0,9645000.0,9789000.0,
2003000.0,1998000.0,903100.0,1351000.0,2356000.0,211400.0,992500.0,2599000.0,1688000.0,9608000.0,9732000.0,
2063000.0,1997000.0,904400.0,1351000.0,2339000.0,204100.0,1002000.0,2613000.0,1719000.0,9554000.0,9696000.0,
2105000.0,1996000.0,888200.0,1362000.0,2277000.0,204100.0,1010000.0,2674000.0,1650000.0,9554000.0,9720000.0,
2103000.0,1997000.0,890200.0,1352000.0,2249000.0,198100.0,1020000.0,2677000.0,1637000.0,9650000.0,9755000.0,
2112000.0,1997000.0,890100.0,1347000.0,2249000.0,198100.0,1026000.0,2693000.0,1658000.0,9655000.0,9736000.0,
2112000.0,1996000.0,890600.0,1347000.0,2227000.0,208900.0,1024000.0,2739000.0,1603000.0,9655000.0,9758000.0,
2179000.0,1996000.0,893000.0,1358000.0,2234000.0,201700.0,1030000.0,2749000.0,1800000.0,9489000.0,9677000.0,
2224000.0,1996000.0,893000.0,1358000.0,2218000.0,207700.0,1034000.0,2754000.0,1785000.0,9537000.0,9649000.0,
2238000.0,1995000.0,894600.0,1358000.0,2182000.0,207700.0,1048000.0,2773000.0,1750000.0,9537000.0,9671000.0,
2238000.0,1993000.0,896200.0,1358000.0,2165000.0,207700.0,1048000.0,2783000.0,1740000.0,9584000.0,9688000.0,
2260000.0,1996000.0,896600.0,1358000.0,2165000.0,207700.0,1048000.0,2783000.0,1740000.0,9584000.0,9664000.0,
2260000.0,1995000.0,897300.0,1358000.0,2165000.0,213700.0,1042000.0,2783000.0,1740000.0,9632000.0,9664000.0,
2259000.0,1994000.0,899200.0,1358000.0,2093000.0,225800.0,1030000.0,2833000.0,1690000.0,9632000.0,9736000.0,
2268000.0,1994000.0,887100.0,1381000.0,2064000.0,225800.0,1042000.0,2821000.0,1810000.0,9608000.0,9745000.0,
2305000.0,1996000.0,887000.0,1376000.0,2032000.0,225700.0,1048000.0,2853000.0,1842000.0,9586000.0,9738000.0,
2363000.0,1998000.0,887300.0,1376000.0,2001000.0,243000.0,1043000.0,2841000.0,1842000.0,9586000.0,9709000.0,
2362000.0,1998000.0,887800.0,1376000.0,1979000.0,243000.0,1049000.0,2846000.0,1832000.0,9586000.0,9730000.0,
2385000.0,1994000.0,888600.0,1376000.0,1979000.0,247800.0,1079000.0,2841000.0,1802000.0,9586000.0,9705000.0,
2385000.0,1994000.0,889600.0,1376000.0,1966000.0,252600.0,1074000.0,2861000.0,1782000.0,9682000.0,9719000.0,
2385000.0,1992000.0,891100.0,1376000.0,1966000.0,252600.0,1083000.0,2852000.0,1782000.0,9730000.0,9719000.0,
2378000.0,1988000.0,888600.0,1375000.0,1965000.0,258600.0,1083000.0,2845000.0,1782000.0,9779000.0,9719000.0,
2409000.0,1970000.0,889300.0,1375000.0,1973000.0,255300.0,1090000.0,2877000.0,1903000.0,9614000.0,9681000.0,
2452000.0,1954000.0,890400.0,1375000.0,1951000.0,255300.0,1109000.0,2873000.0,1918000.0,9633000.0,9661000.0,
2465000.0,1948000.0,891200.0,1375000.0,2022000.0,183600.0,1115000.0,2887000.0,2101000.0,9525000.0,9642000.0,
2465000.0,1942000.0,891500.0,1375000.0,2022000.0,183600.0,1115000.0,2957000.0,2031000.0,9572000.0,9642000.0,
2484000.0,1943000.0,891200.0,1375000.0,2033000.0,172700.0,1121000.0,2951000.0,2202000.0,9496000.0,9619000.0,
2473000.0,1942000.0,893300.0,1375000.0,1988000.0,172700.0,1138000.0,2967000.0,2167000.0,9496000.0,9666000.0,
2517000.0,1943000.0,893800.0,1375000.0,1998000.0,162600.0,1138000.0,2978000.0,2156000.0,9496000.0,9615000.0,
2517000.0,1941000.0,896100.0,1375000.0,1998000.0,167500.0,1133000.0,2978000.0,2156000.0,9496000.0,9615000.0,
2564000.0,1941000.0,896500.0,1375000.0,1983000.0,178300.0,1122000.0,2989000.0,2145000.0,9496000.0,9577000.0,
2559000.0,1938000.0,895700.0,1373000.0,1958000.0,183100.0,1117000.0,2999000.0,2135000.0,9592000.0,9602000.0,
2559000.0,1922000.0,897300.0,1373000.0,1958000.0,189200.0,1111000.0,2999000.0,2135000.0,9592000.0,9602000.0,
2558000.0,1908000.0,897000.0,1373000.0,1958000.0,195200.0,1111000.0,3023000.0,2105000.0,9592000.0,9602000.0,
2586000.0,1905000.0,897700.0,1373000.0,1912000.0,201200.0,1111000.0,3043000.0,2079000.0,9640000.0,9616000.0,
2610000.0,1907000.0,898200.0,1368000.0,1853000.0,212100.0,1113000.0,3051000.0,2218000.0,9481000.0,9650000.0,
2610000.0,1906000.0,899100.0,1368000.0,1853000.0,219900.0,1111000.0,3090000.0,2172000.0,9576000.0,9650000.0,
2607000.0,1908000.0,900200.0,1364000.0,1820000.0,202800.0,1111000.0,3101000.0,2161000.0,9672000.0,9699000.0,
2635000.0,1910000.0,900400.0,1380000.0,1796000.0,217700.0,1096000.0,3120000.0,2263000.0,9598000.0,9676000.0,
2641000.0,1911000.0,901700.0,1385000.0,1796000.0,217700.0,1102000.0,3311000.0,2067000.0,9598000.0,9658000.0,
2650000.0,1901000.0,903100.0,1405000.0,1796000.0,275600.0,1050000.0,3320000.0,2052000.0,9598000.0,9630000.0,
2689000.0,1904000.0,903800.0,1405000.0,1773000.0,293700.0,1049000.0,3333000.0,2022000.0,9598000.0,9609000.0,
2688000.0,1902000.0,906800.0,1405000.0,1734000.0,301000.0,1041000.0,3333000.0,2022000.0,9646000.0,9648000.0,
2684000.0,1904000.0,908500.0,1400000.0,1739000.0,302200.0,3182000.0,1187000.0,2022000.0,9694000.0,9648000.0,
2713000.0,1900000.0,909600.0,1395000.0,1739000.0,302200.0,3188000.0,1191000.0,2067000.0,9687000.0,9616000.0,
2712000.0,1898000.0,912100.0,1395000.0,1739000.0,920300.0,2570000.0,1217000.0,2041000.0,9687000.0,9616000.0,
2712000.0,1897000.0,913600.0,1395000.0,1716000.0,920300.0,2588000.0,1199000.0,2041000.0,9687000.0,9639000.0,
2711000.0,1894000.0,917900.0,1395000.0,1704000.0,920300.0,2612000.0,1258000.0,1958000.0,9687000.0,9651000.0,
2685000.0,1893000.0,893500.0,1417000.0,1691000.0,932400.0,2606000.0,1252000.0,1958000.0,9736000.0,9688000.0,
2684000.0,1894000.0,891000.0,1417000.0,1680000.0,932400.0,2606000.0,1276000.0,1933000.0,9736000.0,9703000.0,
2648000.0,1888000.0,892300.0,1452000.0,1662000.0,932400.0,2606000.0,1331000.0,1878000.0,9784000.0,9720000.0,
2641000.0,1885000.0,892800.0,1447000.0,1662000.0,944500.0,2594000.0,1353000.0,1856000.0,9932000.0,9720000.0,
2653000.0,1886000.0,894800.0,1447000.0,1662000.0,944500.0,2594000.0,1388000.0,1874000.0,9929000.0,9700000.0,
2601000.0,1887000.0,896500.0,1492000.0,1662000.0,944500.0,2594000.0,1419000.0,1843000.0,9979000.0,9700000.0,
2636000.0,1889000.0,898400.0,1492000.0,1649000.0,944500.0,2594000.0,1451000.0,1841000.0,9948000.0,9670000.0,
2626000.0,1888000.0,898900.0,1508000.0,1649000.0,954700.0,2583000.0,1451000.0,1990000.0,9800000.0,9653000.0,
2623000.0,1890000.0,900400.0,1503000.0,1649000.0,954700.0,2589000.0,1545000.0,1890000.0,9800000.0,9653000.0,
2618000.0,1889000.0,900700.0,1503000.0,1649000.0,977800.0,2587000.0,1547000.0,1867000.0,9849000.0,9653000.0,
2597000.0,1884000.0,900600.0,1520000.0,1649000.0,977800.0,2599000.0,1574000.0,1829000.0,9849000.0,9653000.0,
2597000.0,1882000.0,901700.0,1520000.0,1613000.0,977800.0,2608000.0,1594000.0,1799000.0,9849000.0,9690000.0,
2595000.0,1882000.0,903600.0,1520000.0,1613000.0,977800.0,2608000.0,1607000.0,1786000.0,9849000.0,9690000.0,
2574000.0,1883000.0,904100.0,1539000.0,1623000.0,973000.0,2602000.0,1626000.0,1767000.0,9898000.0,9690000.0,
2593000.0,1883000.0,905000.0,1534000.0,1583000.0,985000.0,2602000.0,1624000.0,1894000.0,9809000.0,9711000.0,
2612000.0,1883000.0,906100.0,1529000.0,1573000.0,1157000.0,2430000.0,1640000.0,1972000.0,9758000.0,9706000.0,
2686000.0,1885000.0,906100.0,1529000.0,1573000.0,1164000.0,2430000.0,1650000.0,2025000.0,9690000.0,9630000.0,
2726000.0,1881000.0,905400.0,1523000.0,1555000.0,1170000.0,2510000.0,1563000.0,2153000.0,9561000.0,9585000.0,
2711000.0,1882000.0,904300.0,1533000.0,1555000.0,1785000.0,1910000.0,1624000.0,2077000.0,9561000.0,9585000.0,
2702000.0,1887000.0,904100.0,1532000.0,1555000.0,1785000.0,1935000.0,1626000.0,2050000.0,9561000.0,9585000.0,
2693000.0,1895000.0,904500.0,1527000.0,1537000.0,1785000.0,1946000.0,1615000.0,2050000.0,9609000.0,9602000.0,
2694000.0,1902000.0,903800.0,1514000.0,1537000.0,1785000.0,1952000.0,1626000.0,2066000.0,9624000.0,9593000.0,
2693000.0,1899000.0,905400.0,1512000.0,1922000.0,1401000.0,1952000.0,1626000.0,2066000.0,9720000.0,9593000.0,
2686000.0,1906000.0,905600.0,1507000.0,1922000.0,1401000.0,1952000.0,1709000.0,2001000.0,9751000.0,9593000.0,
2683000.0,1908000.0,906100.0,1507000.0,1928000.0,1395000.0,1952000.0,1727000.0,2060000.0,9674000.0,9593000.0,
2675000.0,1915000.0,907400.0,1507000.0,1894000.0,1384000.0,1952000.0,1742000.0,2045000.0,9674000.0,9637000.0,
2689000.0,1918000.0,908300.0,1507000.0,1878000.0,1390000.0,1952000.0,1765000.0,2081000.0,9609000.0,9636000.0,
2661000.0,1919000.0,911500.0,1530000.0,1873000.0,1385000.0,1953000.0,1775000.0,2065000.0,9609000.0,9651000.0,
2657000.0,1919000.0,911400.0,1540000.0,1876000.0,1385000.0,1941000.0,1780000.0,2120000.0,9543000.0,9645000.0,
2686000.0,1922000.0,911800.0,1540000.0,1849000.0,1379000.0,1947000.0,1789000.0,2105000.0,9591000.0,9641000.0,
2720000.0,1922000.0,912400.0,1548000.0,1791000.0,1379000.0,1947000.0,1799000.0,2094000.0,9639000.0,9648000.0,
2717000.0,1920000.0,912100.0,1542000.0,1791000.0,1379000.0,1953000.0,1803000.0,2084000.0,9639000.0,9648000.0,
2731000.0,1917000.0,912000.0,1540000.0,1815000.0,1355000.0,1963000.0,1853000.0,2041000.0,9671000.0,9624000.0,
2752000.0,1921000.0,912600.0,1571000.0,2552000.0,597300.0,1958000.0,1896000.0,2075000.0,9594000.0,9593000.0,
2751000.0,1921000.0,913400.0,1571000.0,2534000.0,582600.0,1956000.0,1896000.0,2075000.0,9642000.0,9628000.0,
2748000.0,1923000.0,914100.0,1571000.0,2579000.0,1198000.0,1296000.0,1896000.0,2075000.0,9642000.0,9628000.0,
2745000.0,1927000.0,914000.0,1566000.0,2518000.0,1204000.0,1290000.0,1921000.0,2050000.0,9738000.0,9688000.0,
2701000.0,1927000.0,914200.0,1599000.0,2499000.0,1204000.0,1301000.0,1957000.0,2002000.0,9836000.0,9708000.0,
2699000.0,1929000.0,914500.0,1599000.0,2499000.0,1204000.0,1301000.0,1974000.0,1985000.0,9836000.0,9708000.0,
2741000.0,1933000.0,914500.0,1599000.0,2499000.0,1204000.0,1301000.0,2019000.0,2104000.0,9672000.0,9662000.0,
2762000.0,1931000.0,916000.0,1628000.0,2488000.0,1193000.0,1301000.0,2019000.0,2127000.0,9746000.0,9628000.0,
2755000.0,1933000.0,916500.0,1628000.0,2446000.0,1193000.0,1301000.0,2174000.0,1972000.0,9746000.0,9671000.0,
2771000.0,1936000.0,918300.0,1628000.0,2446000.0,1193000.0,1301000.0,2174000.0,2001000.0,9717000.0,9645000.0,
2832000.0,1943000.0,918300.0,1628000.0,2385000.0,1193000.0,1301000.0,2195000.0,2132000.0,9564000.0,9638000.0,
2884000.0,1943000.0,918300.0,1628000.0,2355000.0,1193000.0,1307000.0,2212000.0,2110000.0,9564000.0,9615000.0,
2888000.0,1938000.0,916500.0,1643000.0,2355000.0,1193000.0,1307000.0,2259000.0,2063000.0,9612000.0,9588000.0,
2886000.0,1938000.0,917800.0,1639000.0,2355000.0,1201000.0,1305000.0,2263000.0,2053000.0,9612000.0,9588000.0,
2884000.0,1935000.0,917600.0,1634000.0,2322000.0,1195000.0,1315000.0,2309000.0,1996000.0,9612000.0,9627000.0,
2884000.0,1935000.0,917600.0,1634000.0,2254000.0,1195000.0,1315000.0,2333000.0,1972000.0,9612000.0,9694000.0,
2856000.0,1923000.0,917600.0,1654000.0,2217000.0,1195000.0,1324000.0,2352000.0,1944000.0,9709000.0,9732000.0,
2885000.0,1923000.0,918600.0,1654000.0,2184000.0,1195000.0,1324000.0,2395000.0,2081000.0,9529000.0,9735000.0,
2883000.0,1925000.0,919500.0,1654000.0,2164000.0,1195000.0,1330000.0,2419000.0,2051000.0,9577000.0,9755000.0,
2876000.0,1931000.0,920500.0,1649000.0,2141000.0,1195000.0,1346000.0,2430000.0,2024000.0,9625000.0,9777000.0,
2894000.0,1931000.0,922000.0,1644000.0,2141000.0,1195000.0,1346000.0,2442000.0,2181000.0,9551000.0,9758000.0,
2858000.0,1932000.0,922700.0,1672000.0,2097000.0,1195000.0,1346000.0,2474000.0,2150000.0,9647000.0,9802000.0,
2856000.0,1930000.0,923500.0,1666000.0,2085000.0,1195000.0,1355000.0,2499000.0,2115000.0,9647000.0,9815000.0,
2979000.0,1934000.0,924400.0,1666000.0,2085000.0,1195000.0,1365000.0,2489000.0,2212000.0,9647000.0,9687000.0,
2974000.0,1936000.0,926000.0,1662000.0,2085000.0,1200000.0,1360000.0,2535000.0,2165000.0,9695000.0,9687000.0,
2971000.0,1937000.0,927200.0,1658000.0,2085000.0,1200000.0,1369000.0,2654000.0,2038000.0,9743000.0,9687000.0,
2965000.0,1937000.0,928100.0,1658000.0,2072000.0,1200000.0,1383000.0,2656000.0,2021000.0,9743000.0,9700000.0,
3006000.0,1936000.0,930000.0,1653000.0,2839000.0,433500.0,1383000.0,2749000.0,2079000.0,9641000.0,9657000.0,
3033000.0,1936000.0,929800.0,1653000.0,2839000.0,439500.0,1387000.0,2764000.0,2095000.0,9601000.0,9611000.0,
3027000.0,1935000.0,931300.0,1649000.0,2820000.0,1380000.0,435100.0,2800000.0,2058000.0,9601000.0,9641000.0,
3023000.0,1938000.0,932500.0,1644000.0,2832000.0,1368000.0,447100.0,2812000.0,2069000.0,9614000.0,9630000.0,
3022000.0,1937000.0,933900.0,1644000.0,2793000.0,1368000.0,453100.0,2816000.0,2059000.0,9662000.0,9669000.0,
3027000.0,1941000.0,935900.0,1644000.0,2781000.0,1368000.0,453100.0,2828000.0,2201000.0,9555000.0,9671000.0,
3012000.0,1945000.0,936600.0,1654000.0,2763000.0,1368000.0,462800.0,2819000.0,2201000.0,9555000.0,9689000.0,
3034000.0,1945000.0,938800.0,1654000.0,2728000.0,1374000.0,462800.0,2829000.0,2185000.0,9555000.0,9700000.0,
3050000.0,1946000.0,939300.0,1654000.0,2728000.0,1383000.0,453100.0,2839000.0,2376000.0,9402000.0,9683000.0,
3050000.0,1945000.0,940500.0,1654000.0,2691000.0,1391000.0,445700.0,2863000.0,2352000.0,9402000.0,9721000.0,
3046000.0,1949000.0,940500.0,1654000.0,2655000.0,1391000.0,451700.0,2868000.0,2341000.0,9449000.0,9756000.0,
3059000.0,1948000.0,940400.0,1653000.0,2598000.0,1391000.0,451700.0,2878000.0,2331000.0,9496000.0,9796000.0,
3056000.0,1951000.0,940600.0,1653000.0,2550000.0,1391000.0,472800.0,2867000.0,2321000.0,9496000.0,9844000.0,
3084000.0,1951000.0,942300.0,1652000.0,2527000.0,1391000.0,484900.0,2865000.0,2311000.0,9591000.0,9833000.0,
3082000.0,1952000.0,943700.0,1652000.0,2527000.0,1391000.0,490900.0,2869000.0,2301000.0,9591000.0,9833000.0,
3128000.0,1953000.0,945200.0,1652000.0,2527000.0,1397000.0,494600.0,2859000.0,2301000.0,9639000.0,9779000.0,
3125000.0,1954000.0,947200.0,1652000.0,2527000.0,1397000.0,500600.0,2917000.0,2238000.0,9639000.0,9779000.0,
3114000.0,1945000.0,945700.0,1649000.0,2479000.0,1397000.0,500600.0,2974000.0,2181000.0,9639000.0,9827000.0,
3106000.0,1937000.0,945700.0,1655000.0,2432000.0,1397000.0,524100.0,3020000.0,2111000.0,9639000.0,9874000.0,
3101000.0,1935000.0,945300.0,1653000.0,2438000.0,1391000.0,530100.0,3014000.0,2111000.0,9687000.0,9874000.0,
3084000.0,1935000.0,947000.0,1663000.0,2402000.0,1391000.0,530100.0,3014000.0,2111000.0,9736000.0,9910000.0,
3071000.0,1941000.0,947900.0,1663000.0,2402000.0,1391000.0,530100.0,3014000.0,2111000.0,9736000.0,9910000.0,
3120000.0,1941000.0,949500.0,1663000.0,2312000.0,1406000.0,514300.0,3065000.0,2104000.0,9739000.0,9950000.0,
3105000.0,1938000.0,953100.0,1677000.0,2312000.0,1406000.0,514300.0,3084000.0,2085000.0,9739000.0,9950000.0,
3168000.0,1939000.0,953800.0,1677000.0,2283000.0,1412000.0,510200.0,3076000.0,2395000.0,9430000.0,9921000.0,
3163000.0,1942000.0,956700.0,1677000.0,2245000.0,1411000.0,510200.0,3070000.0,2395000.0,9430000.0,9966000.0,
3193000.0,1938000.0,961800.0,1677000.0,2306000.0,1356000.0,510200.0,3086000.0,2373000.0,9525000.0,9935000.0,
3160000.0,1943000.0,962900.0,1699000.0,2312000.0,1350000.0,540800.0,3055000.0,2373000.0,9572000.0,9935000.0,
3158000.0,1938000.0,964600.0,1684000.0,2232000.0,1349000.0,546800.0,3072000.0,2344000.0,9620000.0,1.002E7,
3146000.0,1933000.0,965300.0,1711000.0,2203000.0,1339000.0,565700.0,3063000.0,2358000.0,9637000.0,1.004E7,
3197000.0,1933000.0,967700.0,1711000.0,2186000.0,1333000.0,585200.0,3075000.0,2391000.0,9572000.0,1.001E7,
3207000.0,1938000.0,966800.0,1711000.0,2286000.0,1198000.0,581200.0,3078000.0,2380000.0,9572000.0,1.004E7,
3204000.0,1940000.0,968500.0,1711000.0,2219000.0,1204000.0,581200.0,3072000.0,2380000.0,9572000.0,1.011E7,
3203000.0,1933000.0,970100.0,1701000.0,2225000.0,1204000.0,575200.0,3096000.0,2356000.0,9620000.0,1.011E7,
3201000.0,1929000.0,971300.0,1701000.0,2208000.0,1214000.0,559600.0,3192000.0,2260000.0,9668000.0,1.013E7,
3193000.0,1921000.0,960000.0,1696000.0,2220000.0,1202000.0,581600.0,3278000.0,2152000.0,9668000.0,1.014E7,
3209000.0,1922000.0,960000.0,1696000.0,2181000.0,1202000.0,587600.0,3283000.0,2246000.0,9564000.0,1.016E7,
3204000.0,1928000.0,960000.0,1696000.0,2169000.0,1202000.0,587600.0,3437000.0,2091000.0,9564000.0,1.018E7,
3198000.0,1937000.0,961200.0,1735000.0,2163000.0,1190000.0,587600.0,3451000.0,2078000.0,9564000.0,1.015E7,
3196000.0,1937000.0,962900.0,1735000.0,2139000.0,1394000.0,377300.0,3609000.0,1919000.0,9612000.0,1.018E7,
3190000.0,1936000.0,964500.0,1735000.0,2151000.0,1382000.0,2426000.0,1609000.0,1870000.0,9612000.0,1.018E7,
3239000.0,1938000.0,965200.0,1735000.0,2134000.0,1382000.0,2426000.0,1655000.0,1913000.0,9572000.0,1.015E7,
3238000.0,1939000.0,965600.0,1735000.0,2111000.0,1382000.0,2426000.0,1811000.0,1756000.0,9572000.0,1.017E7,
3238000.0,1937000.0,967600.0,1735000.0,2094000.0,1382000.0,2435000.0,1813000.0,1746000.0,9619000.0,1.019E7,
3285000.0,1939000.0,969100.0,1735000.0,2076000.0,1382000.0,2879000.0,1521000.0,1654000.0,9559000.0,1.015E7,
3276000.0,1943000.0,969100.0,1735000.0,2041000.0,1382000.0,2879000.0,1521000.0,1654000.0,9559000.0,1.019E7,
3270000.0,1943000.0,970200.0,1735000.0,2041000.0,1382000.0,2888000.0,1511000.0,1654000.0,9559000.0,1.019E7,
3266000.0,1938000.0,973400.0,1731000.0,2041000.0,1382000.0,2888000.0,1511000.0,1654000.0,9559000.0,1.019E7,
3257000.0,1938000.0,974800.0,1761000.0,2006000.0,1382000.0,2888000.0,1527000.0,1637000.0,9559000.0,1.02E7,
3251000.0,1936000.0,976600.0,1742000.0,2006000.0,1382000.0,3794000.0,681000.0,1578000.0,9607000.0,1.02E7,
3241000.0,1940000.0,976500.0,1750000.0,2006000.0,1382000.0,3800000.0,739800.0,1576000.0,9592000.0,1.018E7,
3235000.0,1941000.0,977400.0,1761000.0,2006000.0,1382000.0,3800000.0,753700.0,1562000.0,9592000.0,1.017E7,
3231000.0,1928000.0,979000.0,1751000.0,2006000.0,1387000.0,3795000.0,753600.0,1562000.0,9592000.0,1.017E7,
3260000.0,1929000.0,978600.0,1745000.0,1989000.0,1387000.0,3804000.0,785200.0,1522000.0,9592000.0,1.015E7,
3273000.0,1926000.0,978500.0,1739000.0,1995000.0,1381000.0,3812000.0,808100.0,1491000.0,9592000.0,1.011E7,
3261000.0,1929000.0,977900.0,1738000.0,1995000.0,1395000.0,3798000.0,823200.0,1475000.0,9592000.0,1.011E7,
3238000.0,1927000.0,977300.0,1754000.0,2007000.0,1383000.0,3798000.0,858400.0,1440000.0,9592000.0,1.011E7,
3271000.0,1917000.0,976700.0,1762000.0,2007000.0,1383000.0,3798000.0,891600.0,1407000.0,9592000.0,1.006E7,
3240000.0,1919000.0,976600.0,1785000.0,2007000.0,1398000.0,3791000.0,901900.0,1388000.0,9592000.0,1.006E7,
3272000.0,1922000.0,976600.0,1785000.0,2934000.0,471100.0,3800000.0,904700.0,1377000.0,9592000.0,1.003E7,
3271000.0,1923000.0,976900.0,1785000.0,2946000.0,472100.0,3801000.0,926700.0,1341000.0,9640000.0,1.003E7,
3269000.0,1924000.0,977600.0,1785000.0,2929000.0,472100.0,3842000.0,899700.0,1326000.0,9736000.0,1.005E7,
3280000.0,1932000.0,979200.0,1785000.0,2916000.0,484500.0,3830000.0,910800.0,1342000.0,9709000.0,1.004E7,
3260000.0,1934000.0,981000.0,1800000.0,2902000.0,490500.0,3847000.0,897200.0,1332000.0,9709000.0,1.005E7,
3259000.0,1930000.0,981400.0,1800000.0,2908000.0,490500.0,3852000.0,886300.0,1332000.0,9758000.0,1.005E7,
3253000.0,1927000.0,981200.0,1794000.0,2914000.0,484500.0,3858000.0,903400.0,1309000.0,9758000.0,1.005E7,
3239000.0,1920000.0,981600.0,1791000.0,2901000.0,490500.0,3860000.0,938600.0,1266000.0,9758000.0,1.007E7,
3223000.0,1921000.0,982000.0,1829000.0,2860000.0,484400.0,3869000.0,941300.0,1308000.0,9704000.0,1.008E7,
3204000.0,1925000.0,981600.0,1834000.0,2854000.0,472400.0,3878000.0,968200.0,1272000.0,9704000.0,1.011E7,
3198000.0,1924000.0,983000.0,1834000.0,2838000.0,478400.0,3872000.0,997800.0,1243000.0,9752000.0,1.012E7,
3210000.0,1921000.0,983800.0,1833000.0,2838000.0,478400.0,3880000.0,1044000.0,1226000.0,9715000.0,1.011E7,
3220000.0,1918000.0,983400.0,1831000.0,2805000.0,478400.0,3880000.0,1063000.0,1248000.0,9723000.0,1.013E7,
3209000.0,1918000.0,985500.0,1841000.0,2783000.0,478400.0,3889000.0,1092000.0,1209000.0,9771000.0,1.015E7,
3190000.0,1923000.0,989700.0,1841000.0,2775000.0,472700.0,3883000.0,1127000.0,1175000.0,9820000.0,1.017E7,
3216000.0,1928000.0,988400.0,1837000.0,2753000.0,480400.0,3884000.0,1146000.0,1219000.0,9748000.0,1.015E7,
3253000.0,1930000.0,989600.0,1842000.0,2713000.0,498500.0,3866000.0,1187000.0,1243000.0,9683000.0,1.013E7,
3250000.0,1933000.0,989600.0,1837000.0,2901000.0,295000.0,3878000.0,1169000.0,1243000.0,9731000.0,1.016E7,
3246000.0,1933000.0,989500.0,1836000.0,2815000.0,301000.0,3875000.0,1264000.0,1138000.0,9780000.0,1.025E7,
3229000.0,1935000.0,989700.0,1836000.0,2784000.0,307100.0,3875000.0,1312000.0,1085000.0,9780000.0,1.028E7,
3247000.0,1938000.0,989700.0,1836000.0,2784000.0,320500.0,3862000.0,1312000.0,1259000.0,9654000.0,1.026E7,
3245000.0,1936000.0,992900.0,1831000.0,2767000.0,326600.0,3855000.0,1322000.0,1249000.0,9702000.0,1.028E7,
3245000.0,1935000.0,993900.0,1831000.0,2767000.0,340700.0,3841000.0,1355000.0,1215000.0,9702000.0,1.028E7,
3240000.0,1938000.0,995800.0,1831000.0,2767000.0,340700.0,3841000.0,1355000.0,1215000.0,9702000.0,1.028E7,
3079000.0,1939000.0,997500.0,1980000.0,2751000.0,338400.0,3837000.0,1355000.0,1215000.0,9750000.0,1.03E7,
3069000.0,1944000.0,998100.0,1965000.0,2730000.0,344300.0,3831000.0,1361000.0,1209000.0,9750000.0,1.032E7,
2981000.0,1936000.0,998400.0,2035000.0,2644000.0,344300.0,3846000.0,1357000.0,1199000.0,9750000.0,1.04E7,
3019000.0,1938000.0,999600.0,2034000.0,2650000.0,338300.0,3855000.0,1348000.0,1274000.0,9676000.0,1.035E7,
3014000.0,1938000.0,1000000.0,2033000.0,2605000.0,333100.0,3855000.0,1363000.0,1259000.0,9773000.0,1.04E7,
3010000.0,1940000.0,1001000.0,2020000.0,2569000.0,339800.0,4406000.0,835000.0,1228000.0,9822000.0,1.044E7,
3005000.0,1938000.0,1002000.0,2006000.0,2535000.0,346200.0,4400000.0,834800.0,1228000.0,9822000.0,1.047E7,
2978000.0,1941000.0,1002000.0,2015000.0,2492000.0,346200.0,4408000.0,825900.0,1228000.0,9822000.0,1.052E7,
2978000.0,1941000.0,1002000.0,2015000.0,2468000.0,353200.0,4401000.0,864000.0,1190000.0,9822000.0,1.054E7,
2975000.0,1943000.0,1003000.0,2015000.0,2473000.0,348100.0,4401000.0,893700.0,1160000.0,9871000.0,1.054E7,
2993000.0,1951000.0,1004000.0,2015000.0,2461000.0,340500.0,4401000.0,904000.0,1226000.0,9844000.0,1.054E7,
2989000.0,1949000.0,1004000.0,2015000.0,2413000.0,340500.0,4401000.0,921500.0,1209000.0,9844000.0,1.058E7,
3037000.0,1957000.0,1004000.0,2021000.0,2407000.0,328300.0,4411000.0,931300.0,1223000.0,9811000.0,1.054E7,
3082000.0,1961000.0,1004000.0,2020000.0,2407000.0,342500.0,4440000.0,906200.0,1317000.0,9699000.0,1.049E7,
3080000.0,1954000.0,1004000.0,2019000.0,2407000.0,348900.0,4433000.0,917300.0,1305000.0,9699000.0,1.049E7,
3076000.0,1952000.0,1005000.0,2019000.0,2384000.0,348900.0,4433000.0,991700.0,1231000.0,9747000.0,1.051E7,
3100000.0,1951000.0,1006000.0,2019000.0,2318000.0,347100.0,4436000.0,986900.0,1335000.0,9644000.0,1.056E7,
3165000.0,1952000.0,1006000.0,2032000.0,2281000.0,359600.0,4424000.0,999800.0,1353000.0,9613000.0,1.051E7,
3179000.0,1952000.0,1008000.0,2028000.0,2229000.0,389700.0,4392000.0,1006000.0,1435000.0,9568000.0,1.055E7,
3192000.0,1962000.0,1009000.0,2039000.0,2322000.0,283700.0,4395000.0,997100.0,1435000.0,9568000.0,1.054E7,
3209000.0,1962000.0,1011000.0,2039000.0,2322000.0,289700.0,4389000.0,1008000.0,1424000.0,9568000.0,1.052E7,
3229000.0,1967000.0,1012000.0,2039000.0,2322000.0,295800.0,4388000.0,1016000.0,1411000.0,9568000.0,1.049E7,
3192000.0,1971000.0,1013000.0,2094000.0,2302000.0,680800.0,4011000.0,1008000.0,1411000.0,9568000.0,1.049E7,
3237000.0,1974000.0,1013000.0,2094000.0,2278000.0,698900.0,4002000.0,1014000.0,1450000.0,9561000.0,1.047E7,
3255000.0,1968000.0,1011000.0,2094000.0,2265000.0,3399000.0,1302000.0,1025000.0,1456000.0,9593000.0,1.046E7,
3251000.0,1968000.0,1010000.0,2094000.0,2227000.0,3394000.0,1302000.0,1043000.0,1437000.0,9593000.0,1.05E7,
3250000.0,1966000.0,1011000.0,2090000.0,2207000.0,3395000.0,1296000.0,1054000.0,1426000.0,9689000.0,1.052E7,
3302000.0,1969000.0,1013000.0,2086000.0,2127000.0,3395000.0,1310000.0,1200000.0,1297000.0,9755000.0,1.053E7,
3298000.0,1973000.0,1013000.0,2086000.0,2133000.0,3390000.0,1310000.0,1200000.0,1297000.0,9902000.0,1.053E7,
3297000.0,1973000.0,1014000.0,2086000.0,2133000.0,3390000.0,1316000.0,1205000.0,1286000.0,9902000.0,1.053E7,
3291000.0,1978000.0,1015000.0,2086000.0,2100000.0,3390000.0,1316000.0,1219000.0,1272000.0,1.0E7,1.057E7,
3289000.0,1980000.0,1015000.0,2076000.0,2083000.0,3397000.0,1309000.0,1242000.0,1249000.0,1.0E7,1.058E7,
3294000.0,1984000.0,1016000.0,2081000.0,2083000.0,3409000.0,1851000.0,688100.0,1274000.0,9976000.0,1.057E7,
3290000.0,1986000.0,1018000.0,2081000.0,2083000.0,3415000.0,1855000.0,678800.0,1274000.0,1.008E7,1.057E7,
3283000.0,1984000.0,1020000.0,2081000.0,2066000.0,3422000.0,1848000.0,678800.0,1274000.0,1.008E7,1.059E7,
3281000.0,1988000.0,1021000.0,2088000.0,2055000.0,3429000.0,1837000.0,700900.0,1346000.0,9982000.0,1.059E7,
3297000.0,1991000.0,1023000.0,2098000.0,2037000.0,3443000.0,1823000.0,700900.0,1491000.0,9886000.0,1.057E7,
3293000.0,1993000.0,1025000.0,2098000.0,2023000.0,3449000.0,1817000.0,700900.0,1491000.0,9886000.0,1.058E7,
3290000.0,1995000.0,1027000.0,2098000.0,2001000.0,3449000.0,1817000.0,755800.0,1436000.0,9886000.0,1.061E7,
3286000.0,1997000.0,1029000.0,2098000.0,1961000.0,3456000.0,1819000.0,777100.0,1406000.0,9886000.0,1.065E7,
3271000.0,2000000.0,1028000.0,2096000.0,1921000.0,3460000.0,1839000.0,792400.0,1366000.0,9886000.0,1.069E7,
3269000.0,2001000.0,1028000.0,2091000.0,1888000.0,3454000.0,1839000.0,792400.0,1366000.0,9886000.0,1.072E7,
3261000.0,2002000.0,1029000.0,2098000.0,1803000.0,3460000.0,1833000.0,809900.0,1346000.0,9886000.0,1.081E7,
3282000.0,1999000.0,1030000.0,2098000.0,1740000.0,3460000.0,1844000.0,809700.0,1398000.0,9823000.0,1.085E7,
3294000.0,2001000.0,1031000.0,2098000.0,1728000.0,3460000.0,1853000.0,843600.0,1405000.0,9872000.0,1.085E7,
3288000.0,2006000.0,1032000.0,2098000.0,1728000.0,3460000.0,1853000.0,843600.0,1405000.0,9921000.0,1.085E7,
3265000.0,2009000.0,1033000.0,2112000.0,1728000.0,3460000.0,1853000.0,870800.0,1378000.0,9971000.0,1.085E7,
3258000.0,2011000.0,1034000.0,2112000.0,1676000.0,3454000.0,1871000.0,889100.0,1342000.0,9971000.0,1.09E7,
3235000.0,2016000.0,1035000.0,2124000.0,1693000.0,4159000.0,1149000.0,915500.0,1316000.0,1.002E7,1.09E7,
3224000.0,2017000.0,1035000.0,2133000.0,1682000.0,4165000.0,1137000.0,927100.0,1304000.0,1.007E7,1.092E7,
3218000.0,2024000.0,1011000.0,2133000.0,1694000.0,4159000.0,1131000.0,971800.0,1259000.0,1.012E7,1.095E7,
3237000.0,2026000.0,1013000.0,2193000.0,1700000.0,4419000.0,865600.0,971800.0,1416000.0,1.002E7,1.086E7,
3246000.0,2029000.0,1014000.0,2188000.0,1706000.0,4419000.0,859100.0,982800.0,1503000.0,9917000.0,1.084E7,
3277000.0,2032000.0,1015000.0,2188000.0,1917000.0,4220000.0,847100.0,1004000.0,1559000.0,9840000.0,1.08E7,
3275000.0,2032000.0,1016000.0,2188000.0,1895000.0,4220000.0,853100.0,997900.0,1559000.0,9840000.0,1.083E7,
3393000.0,2032000.0,1018000.0,2188000.0,1907000.0,4214000.0,851900.0,1016000.0,1752000.0,9624000.0,1.071E7,
3393000.0,2031000.0,1019000.0,2188000.0,1919000.0,4208000.0,854700.0,1022000.0,1737000.0,9624000.0,1.071E7,
3407000.0,2032000.0,1020000.0,2198000.0,1919000.0,4208000.0,862700.0,1025000.0,1742000.0,9608000.0,1.068E7,
3373000.0,2037000.0,1021000.0,2211000.0,4248000.0,1877000.0,862700.0,1067000.0,1699000.0,9608000.0,1.068E7,
3358000.0,2030000.0,1021000.0,2201000.0,4234000.0,1877000.0,872900.0,1096000.0,1661000.0,9608000.0,1.07E7,
3353000.0,2029000.0,1022000.0,2173000.0,4219000.0,1889000.0,884500.0,1072000.0,1660000.0,9705000.0,1.071E7,
3342000.0,2029000.0,1024000.0,2167000.0,4201000.0,1889000.0,878500.0,1100000.0,1632000.0,9753000.0,1.073E7,
3332000.0,2026000.0,1024000.0,2165000.0,4166000.0,1889000.0,878500.0,1100000.0,1632000.0,9851000.0,1.077E7,
3300000.0,2026000.0,1025000.0,2223000.0,4178000.0,1877000.0,878500.0,1115000.0,1638000.0,9830000.0,1.074E7,
3336000.0,2032000.0,1026000.0,2223000.0,4166000.0,1871000.0,893200.0,1100000.0,1655000.0,9813000.0,1.071E7,
3374000.0,2035000.0,1025000.0,2223000.0,4166000.0,1871000.0,899200.0,1094000.0,1685000.0,9832000.0,1.066E7,
3373000.0,2037000.0,1026000.0,2234000.0,4172000.0,1865000.0,899200.0,1113000.0,1707000.0,9791000.0,1.065E7,
3359000.0,2030000.0,1027000.0,2228000.0,4142000.0,1865000.0,893200.0,1128000.0,1692000.0,9791000.0,1.069E7,
3343000.0,2024000.0,1028000.0,2220000.0,4106000.0,1888000.0,878600.0,1149000.0,1657000.0,9791000.0,1.073E7,
3372000.0,2022000.0,1031000.0,2220000.0,4106000.0,1888000.0,901900.0,1156000.0,1756000.0,9711000.0,1.07E7,
3365000.0,2024000.0,1031000.0,2220000.0,4021000.0,1888000.0,901900.0,1183000.0,1730000.0,9711000.0,1.078E7,
3349000.0,2021000.0,1034000.0,2216000.0,4011000.0,1875000.0,901900.0,1200000.0,1712000.0,9808000.0,1.08E7,
3382000.0,2023000.0,1035000.0,2216000.0,4011000.0,1875000.0,901900.0,1213000.0,1728000.0,9779000.0,1.076E7,
3335000.0,2026000.0,1036000.0,2259000.0,4017000.0,1869000.0,907900.0,1233000.0,1703000.0,9779000.0,1.076E7,
3363000.0,2029000.0,1036000.0,2255000.0,3920000.0,1875000.0,910700.0,1240000.0,1760000.0,9705000.0,1.082E7,
3332000.0,2031000.0,1037000.0,2304000.0,3920000.0,1875000.0,916700.0,1260000.0,1902000.0,9585000.0,1.08E7,
3325000.0,2032000.0,1037000.0,2304000.0,3920000.0,1875000.0,925600.0,1251000.0,1902000.0,9585000.0,1.08E7,
3313000.0,2037000.0,1040000.0,2304000.0,3880000.0,1875000.0,931700.0,1256000.0,1891000.0,9585000.0,1.084E7,
3327000.0,2039000.0,1023000.0,2302000.0,3886000.0,1869000.0,941000.0,1277000.0,1860000.0,9585000.0,1.084E7,
3321000.0,2043000.0,1024000.0,2302000.0,3833000.0,1874000.0,945000.0,1279000.0,1850000.0,9633000.0,1.089E7,
3327000.0,2049000.0,1025000.0,2302000.0,3833000.0,1880000.0,943400.0,1304000.0,1956000.0,9544000.0,1.088E7,
3296000.0,2050000.0,1025000.0,2322000.0,3799000.0,1880000.0,943400.0,1352000.0,1902000.0,9640000.0,1.092E7,
3317000.0,2053000.0,1026000.0,2322000.0,3735000.0,1875000.0,951500.0,1354000.0,1923000.0,9657000.0,1.096E7,
3313000.0,2056000.0,1027000.0,2317000.0,3706000.0,1879000.0,940500.0,1390000.0,1887000.0,9705000.0,1.1E7,
3310000.0,2057000.0,1029000.0,2312000.0,3699000.0,1873000.0,940500.0,1390000.0,1887000.0,9754000.0,1.101E7,
3277000.0,2057000.0,1029000.0,2335000.0,3667000.0,1883000.0,930600.0,1458000.0,1819000.0,9754000.0,1.104E7,
3267000.0,2056000.0,1031000.0,2331000.0,3648000.0,1889000.0,923700.0,1458000.0,1819000.0,9803000.0,1.106E7,
3265000.0,2056000.0,1032000.0,2326000.0,3625000.0,1896000.0,917600.0,1469000.0,1808000.0,9803000.0,1.109E7,
3288000.0,2057000.0,1035000.0,2340000.0,3625000.0,1883000.0,917600.0,1485000.0,1827000.0,9768000.0,1.106E7,
3314000.0,2063000.0,1035000.0,2340000.0,3607000.0,1896000.0,905600.0,1495000.0,1955000.0,9679000.0,1.104E7,
3312000.0,2068000.0,1035000.0,2335000.0,3580000.0,1902000.0,899500.0,1513000.0,1978000.0,9686000.0,1.105E7,
3308000.0,2064000.0,1037000.0,2335000.0,3586000.0,1896000.0,899500.0,1537000.0,1954000.0,9783000.0,1.105E7,
3299000.0,2067000.0,1039000.0,2335000.0,3592000.0,1897000.0,892100.0,1537000.0,1954000.0,9783000.0,1.105E7,
3287000.0,2067000.0,1040000.0,2335000.0,4958000.0,500400.0,892100.0,1537000.0,1954000.0,9783000.0,1.108E7,
3301000.0,2065000.0,1042000.0,2335000.0,4958000.0,500400.0,892100.0,1537000.0,2009000.0,9727000.0,1.106E7,
3270000.0,2068000.0,1043000.0,2362000.0,4913000.0,500400.0,892100.0,1537000.0,2009000.0,9727000.0,1.111E7,
3267000.0,2068000.0,1046000.0,2360000.0,4913000.0,500400.0,896900.0,1553000.0,2011000.0,9705000.0,1.11E7,
3277000.0,2066000.0,1034000.0,2360000.0,4845000.0,506400.0,890900.0,1553000.0,2077000.0,9687000.0,1.116E7,
3271000.0,2066000.0,1032000.0,2359000.0,4833000.0,506400.0,895700.0,1559000.0,2067000.0,9687000.0,1.117E7,
3305000.0,2067000.0,1033000.0,2363000.0,4808000.0,512400.0,889700.0,1582000.0,2183000.0,9644000.0,1.115E7,
3279000.0,2066000.0,1032000.0,2377000.0,4729000.0,512400.0,889700.0,1609000.0,2155000.0,9644000.0,1.123E7,
3275000.0,2069000.0,1032000.0,2377000.0,4693000.0,524500.0,883700.0,1603000.0,2155000.0,9644000.0,1.127E7,
3271000.0,2071000.0,1034000.0,2377000.0,4667000.0,524500.0,883700.0,1633000.0,2126000.0,9644000.0,1.129E7,
3300000.0,2072000.0,1035000.0,2371000.0,4615000.0,524500.0,883700.0,1669000.0,2161000.0,9621000.0,1.131E7,
3318000.0,2076000.0,1035000.0,2412000.0,4560000.0,531600.0,876600.0,1719000.0,2234000.0,9546000.0,1.13E7,
3309000.0,2079000.0,1036000.0,2408000.0,4550000.0,531500.0,870500.0,1744000.0,2209000.0,9546000.0,1.132E7,
3414000.0,2083000.0,1012000.0,2408000.0,4478000.0,531500.0,864500.0,1744000.0,2209000.0,9546000.0,1.131E7,
3379000.0,2087000.0,1013000.0,2438000.0,4314000.0,530000.0,864500.0,1767000.0,2185000.0,9546000.0,1.148E7,
3363000.0,2085000.0,1015000.0,2454000.0,4246000.0,531700.0,865700.0,1835000.0,2112000.0,9594000.0,1.155E7,
3354000.0,2080000.0,1017000.0,2445000.0,4192000.0,531700.0,884100.0,1862000.0,2060000.0,9594000.0,1.161E7,
3404000.0,2078000.0,1020000.0,2445000.0,4124000.0,537800.0,878000.0,1897000.0,2088000.0,9579000.0,1.163E7,
3399000.0,2077000.0,999400.0,2445000.0,4078000.0,537800.0,887200.0,1971000.0,2004000.0,9627000.0,1.169E7,
3440000.0,2081000.0,999600.0,2442000.0,4041000.0,531700.0,887200.0,1981000.0,2105000.0,9516000.0,1.168E7,
3520000.0,2088000.0,1000000.0,2442000.0,3972000.0,537800.0,881200.0,2079000.0,2008000.0,9516000.0,1.167E7,
3528000.0,2089000.0,1004000.0,2442000.0,3954000.0,543800.0,875200.0,2110000.0,1976000.0,9516000.0,1.166E7,
3519000.0,2091000.0,1000000.0,2438000.0,3803000.0,542300.0,873700.0,2122000.0,1965000.0,9516000.0,1.182E7,
3515000.0,2091000.0,1002000.0,2430000.0,3708000.0,1058000.0,358100.0,2205000.0,1873000.0,9516000.0,1.192E7,
3512000.0,2090000.0,991000.0,2430000.0,3678000.0,1054000.0,358100.0,2205000.0,1873000.0,9516000.0,1.197E7,
3484000.0,2093000.0,991600.0,2449000.0,3528000.0,1054000.0,364100.0,2199000.0,1873000.0,9516000.0,1.212E7,
3479000.0,2095000.0,991600.0,2448000.0,3793000.0,771900.0,364100.0,2209000.0,1863000.0,9612000.0,1.214E7,
3457000.0,2093000.0,992200.0,2461000.0,3803000.0,748900.0,370200.0,2203000.0,1863000.0,9612000.0,1.215E7,
3443000.0,2096000.0,992700.0,2461000.0,3803000.0,748900.0,386600.0,2234000.0,1816000.0,9708000.0,1.215E7,
3417000.0,2100000.0,993000.0,2483000.0,3776000.0,748900.0,676600.0,2027000.0,1733000.0,9708000.0,1.218E7,
3428000.0,2103000.0,995200.0,2483000.0,3776000.0,748900.0,694700.0,2023000.0,1760000.0,9668000.0,1.216E7,
3443000.0,2106000.0,995200.0,2483000.0,3745000.0,762000.0,702200.0,2125000.0,1698000.0,9654000.0,1.217E7,
3467000.0,2109000.0,997500.0,2473000.0,3725000.0,762000.0,708200.0,2119000.0,1842000.0,9558000.0,1.216E7,
3459000.0,2104000.0,997200.0,2462000.0,3709000.0,756300.0,708200.0,2140000.0,1822000.0,9558000.0,1.218E7,
3507000.0,2104000.0,997500.0,2460000.0,3709000.0,756300.0,708200.0,2151000.0,1811000.0,9558000.0,1.213E7,
3481000.0,2108000.0,998100.0,2462000.0,3709000.0,756200.0,714200.0,2145000.0,1810000.0,9558000.0,1.213E7,
3499000.0,2107000.0,998900.0,2451000.0,3651000.0,756200.0,728400.0,2149000.0,1791000.0,9558000.0,1.216E7,
3490000.0,2106000.0,1000000.0,2449000.0,3616000.0,760100.0,724600.0,2186000.0,1754000.0,9606000.0,1.219E7,
3478000.0,2109000.0,1001000.0,2462000.0,3620000.0,755300.0,724600.0,2213000.0,1788000.0,9546000.0,1.217E7,
3420000.0,2106000.0,981700.0,2512000.0,3537000.0,755300.0,724600.0,2239000.0,1761000.0,9593000.0,1.228E7,
3417000.0,2107000.0,984200.0,2502000.0,3514000.0,755300.0,742000.0,2222000.0,1761000.0,9690000.0,1.23E7,
3428000.0,2113000.0,984200.0,2513000.0,3491000.0,755300.0,748000.0,2230000.0,1807000.0,9629000.0,1.229E7,
3418000.0,2115000.0,987200.0,2508000.0,3474000.0,749200.0,748000.0,2249000.0,1789000.0,9629000.0,1.232E7,
3417000.0,2113000.0,989000.0,2494000.0,3613000.0,583100.0,769300.0,2279000.0,1737000.0,9629000.0,1.234E7,
3459000.0,2113000.0,968500.0,2525000.0,3506000.0,583100.0,769300.0,2300000.0,1839000.0,9554000.0,1.238E7,
3455000.0,2110000.0,970100.0,2520000.0,3441000.0,583100.0,769300.0,2367000.0,1772000.0,9602000.0,1.245E7,
3451000.0,2114000.0,970300.0,2515000.0,3427000.0,583100.0,769200.0,2381000.0,1758000.0,9602000.0,1.246E7,
3515000.0,2118000.0,955900.0,2534000.0,3369000.0,583100.0,769200.0,2397000.0,1802000.0,9638000.0,1.244E7,
3506000.0,2113000.0,950500.0,2539000.0,3322000.0,583100.0,779300.0,2387000.0,1802000.0,9638000.0,1.25E7,
3523000.0,2117000.0,937600.0,2539000.0,3261000.0,581800.0,780500.0,2381000.0,1882000.0,9558000.0,1.256E7,
3509000.0,2119000.0,939900.0,2570000.0,3244000.0,576100.0,788900.0,2429000.0,1825000.0,9558000.0,1.257E7,
3526000.0,2119000.0,941200.0,2555000.0,3227000.0,576200.0,797300.0,2431000.0,1848000.0,9567000.0,1.257E7,
3522000.0,2118000.0,942000.0,2550000.0,3220000.0,577800.0,798700.0,2475000.0,1796000.0,9663000.0,1.258E7,
3507000.0,2118000.0,944000.0,2558000.0,3129000.0,577800.0,804800.0,2518000.0,1747000.0,9711000.0,1.267E7,
3503000.0,2118000.0,948100.0,2558000.0,3092000.0,572600.0,807100.0,2538000.0,1716000.0,9857000.0,1.272E7,
3559000.0,2122000.0,948700.0,2553000.0,3053000.0,579100.0,806700.0,2571000.0,1789000.0,9744000.0,1.27E7,
3573000.0,2128000.0,949000.0,2573000.0,2966000.0,579100.0,812700.0,2649000.0,1788000.0,9709000.0,1.275E7,
3564000.0,2130000.0,926300.0,2579000.0,2928000.0,579100.0,840900.0,2665000.0,1744000.0,9709000.0,1.281E7,
3548000.0,2130000.0,926900.0,2585000.0,2852000.0,585900.0,1262000.0,2260000.0,1721000.0,9709000.0,1.289E7,
3561000.0,2125000.0,926500.0,2596000.0,2820000.0,585900.0,1276000.0,2276000.0,1728000.0,9672000.0,1.288E7,
3568000.0,2123000.0,926500.0,2596000.0,2775000.0,607100.0,1261000.0,2286000.0,1750000.0,9634000.0,1.291E7,
3557000.0,2128000.0,908800.0,2596000.0,2708000.0,607100.0,1261000.0,2298000.0,1739000.0,9634000.0,1.299E7,
3576000.0,2123000.0,910000.0,2591000.0,2640000.0,615100.0,1253000.0,2298000.0,1782000.0,9591000.0,1.304E7,
3572000.0,2122000.0,911000.0,2591000.0,2603000.0,626600.0,1241000.0,2351000.0,1729000.0,9736000.0,1.307E7,
3554000.0,2124000.0,911200.0,2602000.0,2565000.0,633300.0,1240000.0,2345000.0,1729000.0,9736000.0,1.311E7,
3531000.0,2132000.0,903300.0,2602000.0,2549000.0,640600.0,1238000.0,2355000.0,1714000.0,9736000.0,1.315E7,
3525000.0,2137000.0,903800.0,2602000.0,2511000.0,637500.0,1238000.0,2355000.0,1714000.0,9784000.0,1.319E7,
3509000.0,2141000.0,903800.0,2602000.0,2497000.0,637500.0,1254000.0,2415000.0,1638000.0,9784000.0,1.321E7,
3504000.0,2145000.0,904600.0,2602000.0,2460000.0,637500.0,1283000.0,2386000.0,1638000.0,9784000.0,1.325E7,
3491000.0,2152000.0,904600.0,2597000.0,2430000.0,637500.0,1283000.0,2503000.0,1521000.0,9784000.0,1.328E7,
3483000.0,2155000.0,904900.0,2597000.0,2372000.0,632700.0,1283000.0,2531000.0,1493000.0,9882000.0,1.334E7,
3477000.0,2159000.0,899000.0,2597000.0,2357000.0,632700.0,1283000.0,2553000.0,1472000.0,9882000.0,1.337E7,
3467000.0,2161000.0,899700.0,2604000.0,2357000.0,632700.0,1283000.0,2553000.0,1472000.0,9882000.0,1.337E7,
3467000.0,2160000.0,884100.0,2604000.0,2334000.0,638800.0,1277000.0,2565000.0,1459000.0,9882000.0,1.341E7,
3453000.0,2161000.0,884000.0,2602000.0,2321000.0,638800.0,1281000.0,2570000.0,1449000.0,9882000.0,1.342E7,
3448000.0,2162000.0,883800.0,2602000.0,2321000.0,638800.0,1281000.0,2634000.0,1385000.0,9882000.0,1.342E7,
3444000.0,2165000.0,884500.0,2602000.0,2321000.0,638800.0,1281000.0,2666000.0,1353000.0,9882000.0,1.342E7,
3458000.0,2166000.0,885500.0,2606000.0,2321000.0,638700.0,1287000.0,2678000.0,1350000.0,9867000.0,1.339E7,
3441000.0,2169000.0,888000.0,2618000.0,2321000.0,638700.0,1299000.0,2712000.0,1304000.0,9917000.0,1.339E7,
3483000.0,2169000.0,890600.0,2618000.0,2308000.0,644800.0,1293000.0,2712000.0,1394000.0,9827000.0,1.336E7,
3497000.0,2174000.0,890600.0,2628000.0,2312000.0,651800.0,1295000.0,2712000.0,1404000.0,9805000.0,1.333E7,
3492000.0,2171000.0,867900.0,2626000.0,2297000.0,1464000.0,487900.0,2756000.0,1347000.0,9953000.0,1.337E7,
3486000.0,2173000.0,868800.0,2619000.0,2262000.0,1470000.0,487900.0,2750000.0,1347000.0,1.0E7,1.341E7,
3516000.0,2175000.0,870000.0,2619000.0,2262000.0,1470000.0,487900.0,2750000.0,1376000.0,9974000.0,1.337E7,
3505000.0,2167000.0,871000.0,2612000.0,2262000.0,1470000.0,503000.0,2745000.0,1366000.0,9974000.0,1.337E7,
3488000.0,2174000.0,871100.0,2612000.0,2262000.0,1483000.0,490600.0,2759000.0,1352000.0,9974000.0,1.337E7,
3477000.0,2173000.0,871900.0,2608000.0,2262000.0,1489000.0,489300.0,2779000.0,1327000.0,1.002E7,1.337E7,
3470000.0,2170000.0,874600.0,2600000.0,2262000.0,1507000.0,471200.0,2803000.0,1303000.0,1.002E7,1.337E7,
3460000.0,2169000.0,877000.0,2588000.0,2262000.0,1507000.0,477300.0,2797000.0,1303000.0,1.002E7,1.337E7,
3460000.0,2167000.0,880200.0,2583000.0,2268000.0,1510000.0,474000.0,2834000.0,1260000.0,1.002E7,1.337E7,
3523000.0,2167000.0,880800.0,2577000.0,2279000.0,1499000.0,480100.0,2828000.0,1273000.0,1.001E7,1.33E7,
3530000.0,2161000.0,882700.0,2575000.0,2283000.0,1495000.0,486100.0,2896000.0,1224000.0,1.004E7,1.329E7,
3528000.0,2160000.0,885200.0,2575000.0,2255000.0,1494000.0,504200.0,2913000.0,1183000.0,1.004E7,1.332E7,
3523000.0,2165000.0,885500.0,2575000.0,2249000.0,1488000.0,501500.0,2908000.0,1183000.0,1.009E7,1.334E7,
3548000.0,2166000.0,886500.0,2571000.0,2232000.0,1481000.0,501400.0,2921000.0,1218000.0,1.004E7,1.334E7,
3540000.0,2166000.0,887700.0,2568000.0,2232000.0,1481000.0,509800.0,2980000.0,1150000.0,1.004E7,1.334E7,
3525000.0,2174000.0,889700.0,2568000.0,2238000.0,1484000.0,507200.0,2995000.0,1129000.0,1.004E7,1.334E7,
3617000.0,2183000.0,890200.0,2565000.0,2238000.0,1492000.0,499400.0,3042000.0,1122000.0,1.0E7,1.324E7,
3674000.0,2184000.0,891500.0,2576000.0,2215000.0,1492000.0,515500.0,3025000.0,1330000.0,9792000.0,1.319E7,
3652000.0,2186000.0,891500.0,2625000.0,2215000.0,1492000.0,521500.0,3045000.0,1467000.0,9679000.0,1.315E7,
3675000.0,2192000.0,876400.0,2664000.0,2215000.0,1492000.0,521500.0,3125000.0,1501000.0,9564000.0,1.309E7,
3631000.0,2191000.0,878300.0,2698000.0,2196000.0,1492000.0,521500.0,3140000.0,1487000.0,9612000.0,1.311E7,
3620000.0,2193000.0,881600.0,2689000.0,2196000.0,1492000.0,526300.0,3135000.0,1487000.0,9660000.0,1.311E7,
3616000.0,2197000.0,882500.0,2689000.0,2179000.0,1491000.0,521500.0,3150000.0,1472000.0,9660000.0,1.313E7,
3719000.0,2192000.0,883900.0,2686000.0,2179000.0,1495000.0,534700.0,3179000.0,1485000.0,9599000.0,1.302E7,
3708000.0,2191000.0,885600.0,2681000.0,2796000.0,885100.0,534700.0,3222000.0,1436000.0,9647000.0,1.302E7,
3704000.0,2195000.0,886000.0,2718000.0,2808000.0,873000.0,534700.0,3237000.0,1472000.0,9596000.0,1.297E7,
3700000.0,2197000.0,888900.0,2718000.0,2808000.0,879100.0,534700.0,3231000.0,1472000.0,9596000.0,1.297E7,
3770000.0,2194000.0,890200.0,2718000.0,2797000.0,879100.0,542800.0,3223000.0,1472000.0,9596000.0,1.291E7,
3764000.0,2190000.0,891400.0,2718000.0,2763000.0,885100.0,545400.0,3225000.0,1461000.0,9644000.0,1.294E7,
3741000.0,2196000.0,893400.0,2718000.0,2763000.0,891100.0,545400.0,3251000.0,1429000.0,9692000.0,1.294E7,
3737000.0,2196000.0,896800.0,2718000.0,2747000.0,888600.0,553700.0,3239000.0,1429000.0,9741000.0,1.296E7,
3800000.0,2196000.0,897400.0,2718000.0,2747000.0,888600.0,991700.0,2813000.0,1505000.0,9653000.0,1.29E7,
3890000.0,2194000.0,900600.0,2716000.0,2747000.0,892400.0,999900.0,2801000.0,1575000.0,9583000.0,1.281E7,
3880000.0,2195000.0,890100.0,2723000.0,2724000.0,898500.0,999900.0,2824000.0,1546000.0,9583000.0,1.284E7,
3918000.0,2194000.0,890800.0,2721000.0,2709000.0,904500.0,999900.0,2818000.0,1546000.0,9583000.0,1.281E7,
4004000.0,2194000.0,891200.0,2721000.0,2709000.0,904500.0,1014000.0,2804000.0,1546000.0,9583000.0,1.271E7,
3989000.0,2204000.0,892200.0,2721000.0,2709000.0,916500.0,1015000.0,2885000.0,1452000.0,9583000.0,1.271E7,
4082000.0,2207000.0,894700.0,2725000.0,2709000.0,916500.0,1015000.0,2940000.0,1489000.0,9539000.0,1.261E7,
4042000.0,2208000.0,895700.0,2748000.0,2709000.0,916500.0,1015000.0,2940000.0,1489000.0,9539000.0,1.261E7,
4019000.0,2204000.0,899300.0,2756000.0,2709000.0,916500.0,1438000.0,2528000.0,1477000.0,9539000.0,1.261E7,
4058000.0,2205000.0,900700.0,2752000.0,2681000.0,917700.0,1437000.0,2533000.0,1466000.0,9587000.0,1.26E7,
4090000.0,2211000.0,900900.0,2743000.0,2668000.0,922500.0,1437000.0,2528000.0,1466000.0,9587000.0,1.257E7,
4075000.0,2220000.0,900700.0,2730000.0,2678000.0,912100.0,1443000.0,2546000.0,1442000.0,9635000.0,1.257E7,
4070000.0,2221000.0,886900.0,2728000.0,2678000.0,930900.0,1424000.0,2565000.0,1423000.0,9635000.0,1.258E7,
4020000.0,2221000.0,886800.0,2767000.0,2678000.0,930900.0,1430000.0,2559000.0,1423000.0,9683000.0,1.258E7,
4009000.0,2221000.0,887900.0,2767000.0,2683000.0,939800.0,1416000.0,2559000.0,1423000.0,9683000.0,1.258E7,
3994000.0,2219000.0,888000.0,2764000.0,2683000.0,939800.0,1429000.0,2557000.0,1413000.0,9683000.0,1.258E7,
3986000.0,2221000.0,888700.0,2764000.0,2683000.0,939800.0,1435000.0,2587000.0,1377000.0,9731000.0,1.258E7,
4017000.0,2224000.0,890300.0,2764000.0,2683000.0,946300.0,1428000.0,2675000.0,1300000.0,9768000.0,1.254E7,
4037000.0,2221000.0,895600.0,2771000.0,2666000.0,946300.0,1428000.0,2718000.0,1303000.0,9722000.0,1.253E7,
4076000.0,2222000.0,896500.0,2771000.0,2627000.0,951100.0,1431000.0,2710000.0,1409000.0,9665000.0,1.252E7,
4072000.0,2222000.0,897500.0,2769000.0,2633000.0,955900.0,1427000.0,2719000.0,1394000.0,9811000.0,1.252E7,
4067000.0,2226000.0,900100.0,2780000.0,2980000.0,608900.0,1436000.0,2735000.0,1420000.0,9759000.0,1.25E7,
4038000.0,2230000.0,900700.0,2800000.0,2964000.0,605800.0,1436000.0,2757000.0,1398000.0,9759000.0,1.252E7,
4030000.0,2238000.0,900700.0,2800000.0,2975000.0,601900.0,1441000.0,2745000.0,1398000.0,9759000.0,1.252E7,
4013000.0,2240000.0,904200.0,2811000.0,2975000.0,601900.0,1441000.0,2802000.0,1341000.0,9759000.0,1.252E7,
4005000.0,2244000.0,908900.0,2811000.0,2975000.0,612800.0,1437000.0,2825000.0,1312000.0,9759000.0,1.252E7,
3995000.0,2247000.0,909200.0,2818000.0,2934000.0,1562000.0,605600.0,2706000.0,1312000.0,9759000.0,1.256E7,
4089000.0,2252000.0,909200.0,2824000.0,2922000.0,1562000.0,605600.0,2712000.0,1408000.0,9657000.0,1.247E7,
4082000.0,2253000.0,909800.0,2824000.0,2913000.0,1548000.0,605600.0,2712000.0,1408000.0,9657000.0,1.249E7,
4100000.0,2256000.0,910100.0,2824000.0,2896000.0,1548000.0,605600.0,2712000.0,1540000.0,9573000.0,1.249E7,
4080000.0,2259000.0,910000.0,2837000.0,2880000.0,1548000.0,611600.0,2712000.0,1534000.0,9669000.0,1.251E7,
4103000.0,2266000.0,911300.0,2837000.0,2839000.0,1548000.0,629700.0,2710000.0,1553000.0,9682000.0,1.252E7,
4097000.0,2269000.0,913800.0,2837000.0,2845000.0,1546000.0,648800.0,2687000.0,1553000.0,9682000.0,1.252E7,
4084000.0,2276000.0,914400.0,2832000.0,2825000.0,1552000.0,642700.0,2732000.0,1508000.0,9682000.0,1.254E7,
4078000.0,2274000.0,917200.0,2832000.0,2817000.0,1552000.0,656400.0,2765000.0,1455000.0,9730000.0,1.255E7,
4085000.0,2279000.0,919000.0,2838000.0,2782000.0,1552000.0,1015000.0,2425000.0,1550000.0,9763000.0,1.256E7,
4086000.0,2286000.0,922000.0,2828000.0,2789000.0,1545000.0,1021000.0,2465000.0,1571000.0,9697000.0,1.255E7,
4084000.0,2284000.0,926400.0,2818000.0,2789000.0,1551000.0,1021000.0,2507000.0,1522000.0,9745000.0,1.255E7,
4081000.0,2292000.0,926400.0,2818000.0,2758000.0,1558000.0,1035000.0,2543000.0,1519000.0,9692000.0,1.257E7,
4020000.0,2293000.0,928500.0,2876000.0,2713000.0,1558000.0,1041000.0,2556000.0,1500000.0,9692000.0,1.261E7,
3970000.0,2299000.0,928400.0,2910000.0,2713000.0,1558000.0,1053000.0,2544000.0,1500000.0,9692000.0,1.261E7,
4012000.0,2300000.0,932800.0,2917000.0,2713000.0,1570000.0,1053000.0,2542000.0,1620000.0,9610000.0,1.255E7,
4001000.0,2306000.0,932800.0,2897000.0,2713000.0,1570000.0,1059000.0,2536000.0,1620000.0,9610000.0,1.255E7,
4004000.0,2314000.0,932800.0,2897000.0,2691000.0,1570000.0,1077000.0,2530000.0,1650000.0,9568000.0,1.256E7,
3998000.0,2319000.0,934500.0,2897000.0,2698000.0,1563000.0,1095000.0,2511000.0,1650000.0,9568000.0,1.256E7,
3995000.0,2320000.0,934400.0,2894000.0,2704000.0,1563000.0,1089000.0,2530000.0,1632000.0,9568000.0,1.256E7,
4062000.0,2321000.0,935600.0,2878000.0,2685000.0,1557000.0,1089000.0,2540000.0,1650000.0,9588000.0,1.251E7,
4049000.0,2321000.0,936400.0,2885000.0,2591000.0,1562000.0,1096000.0,2521000.0,1650000.0,9684000.0,1.261E7,
4024000.0,2326000.0,937700.0,2894000.0,2596000.0,1557000.0,1102000.0,2515000.0,1650000.0,9684000.0,1.261E7,
4015000.0,2329000.0,938300.0,2894000.0,2602000.0,1551000.0,1108000.0,2509000.0,1650000.0,9732000.0,1.261E7,
4029000.0,2333000.0,939100.0,2927000.0,2537000.0,1551000.0,1126000.0,2491000.0,1707000.0,9724000.0,1.262E7,
4094000.0,2335000.0,938800.0,2921000.0,2522000.0,1545000.0,1144000.0,2495000.0,1751000.0,9658000.0,1.256E7,
4103000.0,2340000.0,938800.0,2932000.0,2925000.0,1148000.0,1138000.0,2537000.0,1815000.0,9553000.0,1.254E7,
4084000.0,2337000.0,943100.0,2941000.0,2930000.0,1142000.0,1146000.0,2539000.0,1804000.0,9600000.0,1.254E7,
4061000.0,2343000.0,944900.0,2936000.0,2936000.0,1135000.0,1146000.0,2539000.0,1804000.0,9600000.0,1.254E7,
4063000.0,2347000.0,946600.0,2936000.0,2936000.0,1144000.0,1138000.0,2539000.0,1820000.0,9585000.0,1.253E7,
4034000.0,2356000.0,947800.0,2936000.0,2918000.0,1144000.0,1147000.0,2558000.0,1792000.0,9585000.0,1.256E7,
4049000.0,2357000.0,950200.0,2934000.0,2924000.0,1137000.0,1147000.0,2569000.0,1937000.0,9524000.0,1.254E7,
4042000.0,2352000.0,953800.0,2932000.0,2924000.0,1137000.0,1147000.0,2581000.0,1925000.0,9572000.0,1.254E7,
4127000.0,2355000.0,954700.0,2932000.0,2880000.0,1137000.0,1165000.0,2588000.0,1900000.0,9572000.0,1.249E7,
4153000.0,2355000.0,956500.0,2932000.0,2868000.0,1137000.0,1177000.0,2588000.0,1888000.0,9572000.0,1.247E7,
4177000.0,2358000.0,957300.0,2932000.0,2825000.0,1137000.0,1188000.0,2614000.0,2015000.0,9503000.0,1.248E7,
4174000.0,2359000.0,947300.0,2932000.0,2836000.0,1126000.0,1193000.0,2609000.0,2015000.0,9503000.0,1.25E7,
4092000.0,2355000.0,948900.0,3045000.0,2842000.0,1120000.0,1199000.0,2663000.0,1955000.0,9503000.0,1.246E7,
4130000.0,2356000.0,950700.0,3045000.0,2818000.0,1120000.0,1199000.0,2712000.0,1907000.0,9550000.0,1.244E7,
4120000.0,2352000.0,953900.0,3045000.0,2770000.0,1127000.0,1198000.0,2762000.0,1851000.0,9550000.0,1.249E7,
4113000.0,2352000.0,956900.0,3044000.0,2746000.0,1127000.0,1204000.0,2767000.0,1840000.0,9550000.0,1.251E7,
4088000.0,2356000.0,960100.0,3042000.0,2722000.0,1139000.0,1196000.0,2858000.0,1745000.0,9550000.0,1.254E7,
4089000.0,2359000.0,960900.0,3038000.0,2680000.0,1145000.0,1190000.0,2858000.0,1745000.0,9550000.0,1.255E7,
4096000.0,2363000.0,962300.0,3041000.0,2635000.0,1146000.0,1200000.0,2871000.0,1717000.0,9646000.0,1.256E7,
4076000.0,2365000.0,963700.0,3043000.0,2607000.0,1138000.0,1220000.0,2899000.0,1668000.0,9646000.0,1.26E7,
4118000.0,2370000.0,943300.0,3043000.0,2586000.0,1138000.0,1220000.0,2913000.0,1707000.0,9593000.0,1.259E7,
4134000.0,2374000.0,945000.0,3043000.0,2586000.0,1544000.0,815300.0,3047000.0,1573000.0,9593000.0,1.257E7,
4139000.0,2376000.0,945400.0,3038000.0,2511000.0,1564000.0,816900.0,3031000.0,1567000.0,9593000.0,1.263E7,
4163000.0,2379000.0,924200.0,3029000.0,2523000.0,1552000.0,823000.0,3025000.0,1567000.0,9593000.0,1.261E7,
4125000.0,2364000.0,924200.0,3045000.0,2506000.0,1552000.0,829600.0,3012000.0,1567000.0,9593000.0,1.265E7,
4111000.0,2366000.0,926400.0,3045000.0,2480000.0,1557000.0,833200.0,3003000.0,1567000.0,9593000.0,1.267E7,
4071000.0,2366000.0,930800.0,3080000.0,2446000.0,1556000.0,839200.0,3065000.0,1499000.0,9593000.0,1.271E7,
4055000.0,2367000.0,935500.0,3071000.0,2404000.0,1556000.0,839200.0,3071000.0,1493000.0,9593000.0,1.275E7,
4100000.0,2367000.0,923400.0,3057000.0,2377000.0,1548000.0,834400.0,3071000.0,1538000.0,9596000.0,1.275E7,
4099000.0,2367000.0,924200.0,3053000.0,2365000.0,1548000.0,834400.0,3102000.0,1506000.0,9693000.0,1.277E7,
4076000.0,2369000.0,928000.0,3065000.0,2321000.0,1547000.0,834400.0,3134000.0,1475000.0,9693000.0,1.281E7,
4020000.0,2375000.0,929000.0,3125000.0,3041000.0,814600.0,825400.0,3159000.0,1531000.0,9611000.0,1.282E7,
4076000.0,2376000.0,914600.0,3136000.0,3030000.0,801300.0,840600.0,3160000.0,1554000.0,9571000.0,1.277E7,
4071000.0,2380000.0,916700.0,3136000.0,3019000.0,794900.0,845400.0,3174000.0,1536000.0,9571000.0,1.279E7,
4047000.0,2381000.0,917800.0,3157000.0,2938000.0,794900.0,841000.0,3171000.0,1536000.0,9571000.0,1.288E7,
4031000.0,2394000.0,920300.0,3153000.0,2938000.0,805700.0,845400.0,3186000.0,1505000.0,9619000.0,1.288E7,
4019000.0,2400000.0,922100.0,3207000.0,2880000.0,813000.0,844100.0,3197000.0,1593000.0,9562000.0,1.289E7,
3984000.0,2393000.0,922100.0,3234000.0,2880000.0,813000.0,853000.0,3188000.0,1593000.0,9658000.0,1.289E7,
3962000.0,2391000.0,924400.0,3245000.0,2862000.0,820200.0,851800.0,3294000.0,1482000.0,9706000.0,1.29E7,
3943000.0,2382000.0,925000.0,3243000.0,2832000.0,820200.0,880600.0,3282000.0,1465000.0,9755000.0,1.293E7,
3938000.0,2383000.0,925800.0,3221000.0,2838000.0,814200.0,880500.0,3300000.0,1446000.0,9755000.0,1.293E7,
3883000.0,2382000.0,927200.0,3251000.0,2825000.0,816300.0,880500.0,3311000.0,1429000.0,9755000.0,1.295E7,
3871000.0,2380000.0,927900.0,3250000.0,2813000.0,811500.0,880500.0,3391000.0,1343000.0,9755000.0,1.297E7,
3859000.0,2382000.0,928200.0,3250000.0,2813000.0,817500.0,880500.0,3400000.0,1328000.0,9755000.0,1.297E7,
3810000.0,2386000.0,929500.0,3299000.0,2813000.0,817500.0,886500.0,3406000.0,1411000.0,9708000.0,1.296E7,
3791000.0,2389000.0,934100.0,3310000.0,2813000.0,798500.0,902200.0,3441000.0,1360000.0,9708000.0,1.298E7,
3808000.0,2389000.0,934900.0,3307000.0,2771000.0,798500.0,917400.0,3436000.0,1454000.0,9604000.0,1.299E7,
3775000.0,2379000.0,936100.0,3333000.0,2758000.0,798500.0,917400.0,3457000.0,1434000.0,9652000.0,1.3E7,
3773000.0,2371000.0,937300.0,3333000.0,2758000.0,802300.0,919500.0,3500000.0,1385000.0,9652000.0,1.3E7,
3771000.0,2372000.0,937800.0,3333000.0,2758000.0,802300.0,919500.0,3508000.0,1376000.0,9652000.0,1.3E7,
3828000.0,2379000.0,938000.0,3332000.0,2758000.0,802300.0,925600.0,3515000.0,1468000.0,9596000.0,1.293E7,
3751000.0,2383000.0,941000.0,3403000.0,2723000.0,802300.0,925600.0,3515000.0,1468000.0,9644000.0,1.297E7,
3763000.0,2386000.0,942100.0,3403000.0,2722000.0,814900.0,913000.0,3513000.0,1501000.0,9658000.0,1.295E7,
3757000.0,2390000.0,944600.0,3403000.0,2722000.0,820900.0,916100.0,3535000.0,1470000.0,9658000.0,1.295E7,
3751000.0,2388000.0,947400.0,3403000.0,2699000.0,824300.0,899500.0,3535000.0,1470000.0,9706000.0,1.299E7,
3749000.0,2379000.0,948200.0,3403000.0,2692000.0,822100.0,912900.0,3532000.0,1456000.0,9853000.0,1.3E7,
3726000.0,2369000.0,947600.0,3401000.0,2692000.0,822100.0,919000.0,3526000.0,1456000.0,9902000.0,1.3E7,
3718000.0,2352000.0,949000.0,3394000.0,2659000.0,822100.0,918900.0,3541000.0,1441000.0,9902000.0,1.303E7,
3714000.0,2355000.0,950900.0,3394000.0,2616000.0,822100.0,918900.0,3541000.0,1441000.0,9951000.0,1.307E7,
3691000.0,2357000.0,953000.0,3397000.0,2592000.0,820600.0,918900.0,3541000.0,1441000.0,9951000.0,1.31E7,
3751000.0,2361000.0,955200.0,3386000.0,3085000.0,313000.0,926200.0,3529000.0,1577000.0,9816000.0,1.305E7,
3714000.0,2359000.0,939500.0,3418000.0,3085000.0,319100.0,920100.0,3563000.0,1543000.0,9865000.0,1.307E7,
3722000.0,2364000.0,940600.0,3413000.0,3085000.0,325100.0,914100.0,3563000.0,1656000.0,9752000.0,1.305E7,
3765000.0,2356000.0,941200.0,3411000.0,3085000.0,325100.0,920100.0,3582000.0,1673000.0,9710000.0,1.3E7,
3761000.0,2358000.0,944000.0,3406000.0,3085000.0,325100.0,920100.0,3677000.0,1578000.0,9710000.0,1.3E7,
3751000.0,2359000.0,945700.0,3404000.0,3085000.0,325100.0,1283000.0,3322000.0,1568000.0,9710000.0,1.3E7,
3742000.0,2343000.0,949700.0,3404000.0,3085000.0,331100.0,1277000.0,3322000.0,1568000.0,9710000.0,1.3E7,
3726000.0,2342000.0,951600.0,3405000.0,3085000.0,331100.0,1277000.0,3334000.0,1556000.0,9710000.0,1.3E7,
3722000.0,2343000.0,953700.0,3386000.0,3054000.0,331100.0,1289000.0,3334000.0,1543000.0,9710000.0,1.303E7,
3708000.0,2346000.0,955000.0,3377000.0,3032000.0,335900.0,1315000.0,3366000.0,1481000.0,9758000.0,1.305E7,
3730000.0,2350000.0,956700.0,3383000.0,3014000.0,340700.0,1322000.0,3367000.0,1573000.0,9702000.0,1.303E7,
3744000.0,2340000.0,959300.0,3383000.0,2989000.0,346800.0,1328000.0,3355000.0,1613000.0,9710000.0,1.303E7,
3733000.0,2341000.0,962700.0,3390000.0,2969000.0,351600.0,1339000.0,3354000.0,1598000.0,9710000.0,1.305E7,
3712000.0,2342000.0,965400.0,3407000.0,2969000.0,351600.0,1345000.0,3416000.0,1530000.0,9758000.0,1.305E7,
3713000.0,2345000.0,967600.0,3441000.0,2957000.0,351500.0,1345000.0,3469000.0,1631000.0,9604000.0,1.3E7,
3702000.0,2344000.0,956200.0,3436000.0,2957000.0,351500.0,1345000.0,3482000.0,1618000.0,9604000.0,1.301E7,
3759000.0,2340000.0,959300.0,3436000.0,2962000.0,346700.0,1345000.0,3494000.0,1720000.0,9490000.0,1.295E7,
3754000.0,2339000.0,964300.0,3427000.0,2962000.0,346600.0,1351000.0,3488000.0,1720000.0,9538000.0,1.295E7,
3748000.0,2341000.0,965400.0,3416000.0,2957000.0,332500.0,1371000.0,3503000.0,1685000.0,9538000.0,1.297E7,
3741000.0,2348000.0,966100.0,3416000.0,2957000.0,332500.0,1371000.0,3514000.0,1673000.0,9538000.0,1.297E7,
3735000.0,2352000.0,967800.0,3401000.0,2956000.0,332500.0,1371000.0,3551000.0,1637000.0,9585000.0,1.297E7,
3732000.0,2350000.0,968300.0,3396000.0,2962000.0,332500.0,1380000.0,3551000.0,1621000.0,9633000.0,1.297E7,
3729000.0,2346000.0,969800.0,3381000.0,2949000.0,347600.0,1372000.0,3549000.0,1611000.0,9633000.0,1.299E7,
3755000.0,2339000.0,966800.0,3381000.0,2897000.0,347600.0,1372000.0,3623000.0,1575000.0,9596000.0,1.302E7,
3745000.0,2345000.0,970800.0,3376000.0,2841000.0,347600.0,1372000.0,3655000.0,1543000.0,9596000.0,1.307E7,
3770000.0,2346000.0,974800.0,3371000.0,2828000.0,347600.0,1406000.0,3723000.0,1441000.0,9596000.0,1.305E7,
3794000.0,2360000.0,976500.0,3366000.0,2793000.0,347600.0,1424000.0,3721000.0,1425000.0,9596000.0,1.305E7,
3784000.0,2358000.0,978900.0,3356000.0,2793000.0,347600.0,1430000.0,3755000.0,1386000.0,9644000.0,1.305E7,
3826000.0,2357000.0,983200.0,3356000.0,2793000.0,353600.0,1424000.0,3768000.0,1508000.0,9557000.0,1.3E7,
3760000.0,2356000.0,984800.0,3421000.0,2799000.0,347600.0,1424000.0,3779000.0,1496000.0,9557000.0,1.3E7,
3758000.0,2347000.0,982800.0,3416000.0,2768000.0,360900.0,1428000.0,3775000.0,1483000.0,9605000.0,1.304E7,
3796000.0,2349000.0,986800.0,3409000.0,2768000.0,377800.0,1424000.0,3784000.0,1577000.0,9489000.0,1.298E7,
3777000.0,2343000.0,988300.0,3446000.0,2768000.0,1313000.0,488000.0,3821000.0,1540000.0,9489000.0,1.293E7,
3761000.0,2340000.0,988400.0,3454000.0,2739000.0,1313000.0,504100.0,3799000.0,1540000.0,9489000.0,1.297E7,
3639000.0,2329000.0,991300.0,3569000.0,2742000.0,1310000.0,516100.0,3836000.0,1491000.0,9489000.0,1.297E7,
3698000.0,2325000.0,997000.0,3569000.0,2746000.0,1305000.0,522200.0,3864000.0,1457000.0,9632000.0,1.291E7,
3692000.0,2320000.0,1002000.0,3564000.0,2750000.0,1309000.0,521700.0,3877000.0,1438000.0,9632000.0,1.291E7,
3678000.0,2323000.0,1005000.0,3558000.0,2749000.0,1309000.0,538100.0,3861000.0,1438000.0,9632000.0,1.291E7,
3610000.0,2322000.0,1009000.0,3613000.0,2749000.0,1309000.0,538100.0,3876000.0,1423000.0,9680000.0,1.291E7,
3633000.0,2325000.0,1012000.0,3603000.0,2749000.0,1309000.0,538100.0,3896000.0,1556000.0,9526000.0,1.288E7,
3649000.0,2330000.0,1012000.0,3603000.0,2749000.0,1315000.0,532100.0,3896000.0,1556000.0,9526000.0,1.285E7,
3643000.0,2335000.0,1013000.0,3603000.0,2728000.0,1315000.0,544100.0,3884000.0,1556000.0,9526000.0,1.288E7,
3652000.0,2338000.0,1015000.0,3618000.0,2728000.0,1315000.0,550200.0,3878000.0,1556000.0,9573000.0,1.285E7,
3660000.0,2338000.0,1016000.0,3618000.0,2706000.0,1323000.0,541800.0,3890000.0,1580000.0,9584000.0,1.286E7,
3683000.0,2333000.0,1013000.0,3606000.0,2667000.0,1323000.0,559900.0,3872000.0,1690000.0,9570000.0,1.286E7,
3676000.0,2332000.0,1012000.0,3597000.0,2665000.0,1336000.0,561400.0,3878000.0,1670000.0,9570000.0,1.286E7,
3683000.0,2330000.0,1013000.0,3604000.0,2642000.0,1336000.0,573400.0,3880000.0,1677000.0,9645000.0,1.286E7,
3680000.0,2328000.0,1013000.0,3594000.0,2629000.0,1336000.0,785800.0,3738000.0,1606000.0,9645000.0,1.287E7,
3714000.0,2329000.0,1014000.0,3599000.0,2571000.0,1330000.0,797900.0,3772000.0,1684000.0,9570000.0,1.29E7,
3711000.0,2320000.0,1021000.0,3596000.0,2570000.0,1330000.0,824000.0,3768000.0,1663000.0,9617000.0,1.29E7,
3700000.0,2320000.0,1022000.0,3611000.0,2557000.0,1326000.0,830000.0,3816000.0,1675000.0,9647000.0,1.29E7,
3701000.0,2318000.0,1025000.0,3626000.0,2516000.0,1332000.0,830000.0,3810000.0,1751000.0,9571000.0,1.292E7,
3731000.0,2317000.0,1029000.0,3626000.0,2491000.0,1337000.0,841500.0,3808000.0,1737000.0,9571000.0,1.291E7,
3721000.0,2310000.0,1031000.0,3626000.0,2421000.0,1337000.0,841500.0,3958000.0,1586000.0,9571000.0,1.298E7,
3708000.0,2306000.0,1033000.0,3626000.0,2392000.0,1337000.0,1038000.0,3761000.0,1586000.0,9571000.0,1.301E7,
3692000.0,2305000.0,1034000.0,3623000.0,2363000.0,1331000.0,1057000.0,3788000.0,1541000.0,9571000.0,1.304E7,
3703000.0,2295000.0,1037000.0,3620000.0,2363000.0,1331000.0,1069000.0,3788000.0,1529000.0,9571000.0,1.303E7,
3700000.0,2293000.0,1041000.0,3620000.0,2338000.0,1331000.0,1075000.0,3863000.0,1448000.0,9571000.0,1.305E7,
3698000.0,2285000.0,1037000.0,3618000.0,2296000.0,1337000.0,1075000.0,3857000.0,1448000.0,9571000.0,1.309E7,
3730000.0,2286000.0,1039000.0,3618000.0,2289000.0,1331000.0,1109000.0,3847000.0,1424000.0,9571000.0,1.307E7,
3785000.0,2285000.0,1041000.0,3618000.0,2461000.0,1148000.0,1142000.0,3818000.0,1413000.0,9571000.0,1.303E7,
3781000.0,2287000.0,1044000.0,3618000.0,2445000.0,1142000.0,1407000.0,3564000.0,1402000.0,9619000.0,1.305E7,
3820000.0,2289000.0,1046000.0,3623000.0,2405000.0,1130000.0,1414000.0,3556000.0,1493000.0,9575000.0,1.306E7,
3815000.0,2290000.0,1047000.0,3621000.0,2392000.0,1130000.0,1432000.0,3538000.0,1493000.0,9575000.0,1.307E7,
3739000.0,2293000.0,1048000.0,3694000.0,2974000.0,511900.0,1456000.0,3549000.0,1459000.0,9575000.0,1.311E7,
3729000.0,2294000.0,1051000.0,3689000.0,2914000.0,518900.0,1455000.0,3556000.0,1440000.0,9575000.0,1.317E7,
3717000.0,2295000.0,1057000.0,3684000.0,2821000.0,517700.0,1477000.0,3560000.0,1409000.0,9575000.0,1.327E7,
3733000.0,2290000.0,1063000.0,3684000.0,2810000.0,511700.0,1502000.0,3534000.0,1409000.0,9575000.0,1.327E7,
3726000.0,2295000.0,1065000.0,3684000.0,2810000.0,511700.0,1521000.0,3589000.0,1336000.0,9575000.0,1.327E7,
3752000.0,2290000.0,1070000.0,3679000.0,2810000.0,525500.0,1543000.0,3559000.0,1330000.0,9671000.0,1.324E7,
3741000.0,2294000.0,1072000.0,3679000.0,2791000.0,521700.0,1573000.0,3549000.0,1309000.0,9671000.0,1.327E7,
3736000.0,2294000.0,1078000.0,3679000.0,2791000.0,521700.0,1573000.0,3581000.0,1277000.0,9671000.0,1.327E7,
3727000.0,2291000.0,1080000.0,3703000.0,2797000.0,515600.0,1593000.0,3587000.0,1312000.0,9611000.0,1.323E7,
3699000.0,2289000.0,1081000.0,3717000.0,2784000.0,515600.0,1611000.0,3569000.0,1312000.0,9611000.0,1.324E7,
3724000.0,2289000.0,1084000.0,3717000.0,2754000.0,509500.0,1635000.0,3627000.0,1379000.0,9462000.0,1.325E7,
3682000.0,2292000.0,1086000.0,3733000.0,2734000.0,509500.0,1635000.0,3680000.0,1326000.0,9462000.0,1.327E7,
3666000.0,2275000.0,1088000.0,3731000.0,2740000.0,509500.0,1654000.0,3655000.0,1326000.0,9509000.0,1.327E7,
3655000.0,2262000.0,1091000.0,3718000.0,2718000.0,509500.0,1660000.0,3649000.0,1326000.0,9557000.0,1.329E7,
3651000.0,2254000.0,1096000.0,3715000.0,2698000.0,515900.0,1671000.0,3680000.0,1277000.0,9557000.0,1.331E7,
3592000.0,2247000.0,1097000.0,3764000.0,2644000.0,530600.0,1669000.0,3710000.0,1235000.0,9605000.0,1.336E7,
3591000.0,2236000.0,1101000.0,3763000.0,2620000.0,530600.0,1678000.0,3711000.0,1225000.0,9605000.0,1.338E7,
3586000.0,2235000.0,1102000.0,3763000.0,2612000.0,525300.0,1673000.0,3763000.0,1173000.0,9605000.0,1.34E7,
3624000.0,2237000.0,1104000.0,3758000.0,2612000.0,538200.0,1666000.0,3777000.0,1187000.0,9763000.0,1.336E7,
3594000.0,2246000.0,1104000.0,3775000.0,2556000.0,554100.0,1663000.0,3765000.0,1187000.0,9812000.0,1.342E7,
3587000.0,2247000.0,1105000.0,3770000.0,2556000.0,566100.0,1650000.0,3765000.0,1187000.0,9812000.0,1.342E7,
3592000.0,2244000.0,1108000.0,3776000.0,2516000.0,718500.0,1504000.0,3773000.0,1325000.0,9708000.0,1.343E7,
3630000.0,2249000.0,1113000.0,3767000.0,2516000.0,718500.0,1504000.0,3804000.0,1345000.0,9657000.0,1.338E7,
3607000.0,2256000.0,1115000.0,3776000.0,2516000.0,718500.0,1504000.0,3816000.0,1333000.0,9657000.0,1.338E7,
3554000.0,2254000.0,1119000.0,3812000.0,2516000.0,724500.0,1510000.0,3814000.0,1323000.0,9754000.0,1.338E7,
3523000.0,2254000.0,1121000.0,3831000.0,2516000.0,724400.0,2092000.0,3232000.0,1386000.0,9740000.0,1.336E7,
3537000.0,2252000.0,1098000.0,3828000.0,2516000.0,724400.0,2098000.0,3236000.0,1446000.0,9670000.0,1.335E7,
3522000.0,2260000.0,1099000.0,3828000.0,2516000.0,736600.0,2086000.0,3320000.0,1361000.0,9670000.0,1.335E7,
3520000.0,2257000.0,1103000.0,3819000.0,2502000.0,736600.0,2092000.0,3324000.0,1351000.0,9718000.0,1.337E7,
3518000.0,2258000.0,1105000.0,3799000.0,2481000.0,736600.0,2092000.0,3390000.0,1286000.0,9718000.0,1.339E7,
3475000.0,2259000.0,1109000.0,3806000.0,2481000.0,736600.0,2104000.0,3409000.0,1255000.0,9718000.0,1.339E7,
3434000.0,2256000.0,1108000.0,3832000.0,2481000.0,736600.0,2104000.0,3429000.0,1234000.0,9718000.0,1.339E7,
3488000.0,2255000.0,1113000.0,3832000.0,2481000.0,742600.0,2098000.0,3483000.0,1213000.0,9685000.0,1.333E7,
3444000.0,2261000.0,1113000.0,3869000.0,2481000.0,750500.0,2107000.0,3466000.0,1213000.0,9685000.0,1.333E7,
3442000.0,2259000.0,1117000.0,3867000.0,2479000.0,756800.0,2109000.0,3468000.0,1203000.0,9685000.0,1.333E7,
3438000.0,2260000.0,1120000.0,3867000.0,2479000.0,756800.0,2115000.0,3474000.0,1191000.0,9685000.0,1.333E7,
3492000.0,2264000.0,1114000.0,3867000.0,2450000.0,761300.0,2109000.0,3474000.0,1289000.0,9585000.0,1.331E7,
3483000.0,2265000.0,1116000.0,3857000.0,2435000.0,761300.0,2119000.0,3463000.0,1289000.0,9585000.0,1.333E7,
3471000.0,2257000.0,1121000.0,3852000.0,2416000.0,761300.0,2128000.0,3477000.0,1266000.0,9585000.0,1.335E7,
3440000.0,2254000.0,1124000.0,3872000.0,2386000.0,761300.0,2139000.0,3497000.0,1235000.0,9585000.0,1.338E7,
3427000.0,2264000.0,1127000.0,3862000.0,2362000.0,761300.0,2139000.0,3520000.0,1211000.0,9633000.0,1.34E7,
3465000.0,2266000.0,1130000.0,3862000.0,2362000.0,761300.0,2139000.0,3520000.0,1370000.0,9474000.0,1.335E7,
3486000.0,2269000.0,1133000.0,3853000.0,2362000.0,761300.0,2139000.0,3520000.0,1370000.0,9474000.0,1.333E7,
3502000.0,2270000.0,1137000.0,3853000.0,2329000.0,761300.0,2139000.0,3530000.0,1360000.0,9474000.0,1.334E7,
3534000.0,2273000.0,1138000.0,3845000.0,2309000.0,771800.0,2129000.0,3536000.0,1354000.0,9522000.0,1.332E7,
3525000.0,2272000.0,1142000.0,3840000.0,2286000.0,771800.0,2143000.0,3542000.0,1334000.0,9617000.0,1.334E7,
3493000.0,2274000.0,1145000.0,3858000.0,2266000.0,762200.0,2155000.0,3565000.0,1299000.0,9665000.0,1.337E7,
3485000.0,2277000.0,1131000.0,3856000.0,2256000.0,762200.0,2159000.0,3661000.0,1193000.0,9714000.0,1.34E7,
3527000.0,2268000.0,1136000.0,3856000.0,2244000.0,762200.0,2159000.0,3748000.0,1225000.0,9643000.0,1.336E7,
3521000.0,2259000.0,1135000.0,3838000.0,2206000.0,1150000.0,1771000.0,3748000.0,1225000.0,9643000.0,1.34E7,
3512000.0,2254000.0,1138000.0,3838000.0,2190000.0,1150000.0,1777000.0,3789000.0,1177000.0,9643000.0,1.342E7,
3627000.0,2251000.0,1142000.0,3850000.0,2190000.0,1150000.0,1783000.0,3793000.0,1275000.0,9584000.0,1.329E7,
3610000.0,2239000.0,1124000.0,3882000.0,2161000.0,1155000.0,1772000.0,3813000.0,1388000.0,9498000.0,1.333E7,
3607000.0,2236000.0,1127000.0,3879000.0,2167000.0,1161000.0,1769000.0,3815000.0,1377000.0,9594000.0,1.333E7,
3601000.0,2238000.0,1112000.0,3875000.0,2173000.0,1168000.0,1757000.0,3848000.0,1344000.0,9642000.0,1.334E7,
3599000.0,2237000.0,1116000.0,3875000.0,2173000.0,1174000.0,1751000.0,3848000.0,1344000.0,9642000.0,1.334E7,
3592000.0,2238000.0,1117000.0,3875000.0,2161000.0,1180000.0,1768000.0,3878000.0,1291000.0,9642000.0,1.336E7,
3552000.0,2231000.0,1121000.0,3907000.0,2126000.0,1180000.0,1782000.0,3891000.0,1264000.0,9642000.0,1.339E7,
3531000.0,2229000.0,1125000.0,3922000.0,2113000.0,1186000.0,1781000.0,3914000.0,1237000.0,9642000.0,1.34E7,
3527000.0,2229000.0,1128000.0,3922000.0,2120000.0,1178000.0,1781000.0,3928000.0,1223000.0,9642000.0,1.34E7,
3557000.0,2230000.0,1128000.0,3922000.0,2120000.0,1186000.0,1787000.0,3924000.0,1279000.0,9575000.0,1.336E7,
3548000.0,2227000.0,1130000.0,3916000.0,2546000.0,756200.0,1779000.0,3918000.0,1279000.0,9575000.0,1.338E7,
3601000.0,2224000.0,1130000.0,3912000.0,2528000.0,755900.0,1807000.0,3890000.0,1278000.0,9623000.0,1.333E7,
3581000.0,2226000.0,1132000.0,3922000.0,2528000.0,777100.0,1791000.0,3884000.0,1278000.0,9623000.0,1.333E7,
3553000.0,2232000.0,1135000.0,3922000.0,2510000.0,788000.0,1803000.0,3871000.0,1268000.0,9623000.0,1.335E7,
3582000.0,2241000.0,1136000.0,3922000.0,2510000.0,800000.0,1791000.0,3885000.0,1356000.0,9522000.0,1.331E7,
3611000.0,2247000.0,1140000.0,3918000.0,2510000.0,805900.0,1785000.0,3898000.0,1343000.0,9522000.0,1.327E7,
3539000.0,2254000.0,1144000.0,3978000.0,2510000.0,805900.0,1799000.0,3906000.0,1321000.0,9522000.0,1.327E7,
3536000.0,2256000.0,1145000.0,3978000.0,2493000.0,812000.0,1815000.0,3967000.0,1237000.0,9569000.0,1.329E7,
3577000.0,2258000.0,1149000.0,3991000.0,2476000.0,800800.0,1809000.0,3967000.0,1237000.0,9569000.0,1.327E7,
3609000.0,2256000.0,1150000.0,3991000.0,2455000.0,797800.0,1811000.0,3972000.0,1220000.0,9569000.0,1.326E7,
3588000.0,2254000.0,1150000.0,3993000.0,2449000.0,801400.0,1796000.0,4016000.0,1177000.0,9617000.0,1.328E7,
3595000.0,2262000.0,1151000.0,3983000.0,2449000.0,811000.0,1819000.0,4025000.0,1148000.0,9605000.0,1.325E7,
3535000.0,2262000.0,1151000.0,4036000.0,2424000.0,837100.0,1801000.0,4027000.0,1189000.0,9649000.0,1.325E7,
3562000.0,2263000.0,1154000.0,4052000.0,2424000.0,1047000.0,1597000.0,4057000.0,1195000.0,9607000.0,1.321E7,
3586000.0,2263000.0,1155000.0,4052000.0,2430000.0,1324000.0,1335000.0,4035000.0,1267000.0,9534000.0,1.317E7,
3599000.0,2261000.0,1158000.0,4052000.0,2430000.0,1324000.0,1335000.0,4070000.0,1232000.0,9582000.0,1.316E7,
3639000.0,2254000.0,1161000.0,4046000.0,2430000.0,1324000.0,1341000.0,4064000.0,1278000.0,9584000.0,1.311E7,
3629000.0,2260000.0,1163000.0,4043000.0,2429000.0,1320000.0,1334000.0,4064000.0,1278000.0,9584000.0,1.312E7,
3663000.0,2252000.0,1165000.0,4070000.0,2429000.0,1326000.0,1334000.0,4058000.0,1278000.0,9584000.0,1.304E7,
3679000.0,2249000.0,1167000.0,4070000.0,2429000.0,1339000.0,1322000.0,4155000.0,1181000.0,9584000.0,1.302E7,
3672000.0,2247000.0,1133000.0,4070000.0,2429000.0,1350000.0,1320000.0,4175000.0,1152000.0,9584000.0,1.306E7,
3623000.0,2259000.0,1136000.0,4118000.0,2416000.0,1350000.0,1320000.0,4208000.0,1119000.0,9584000.0,1.305E7,
3640000.0,2264000.0,1136000.0,4115000.0,2416000.0,1903000.0,767300.0,4208000.0,1119000.0,9584000.0,1.303E7,
3616000.0,2263000.0,1139000.0,4127000.0,2416000.0,1903000.0,777000.0,4198000.0,1119000.0,9632000.0,1.303E7,
3657000.0,2262000.0,1140000.0,4117000.0,2395000.0,1903000.0,786900.0,4244000.0,1161000.0,9534000.0,1.3E7,
3668000.0,2260000.0,1144000.0,4105000.0,2400000.0,1903000.0,790000.0,4257000.0,1139000.0,9582000.0,1.299E7,
3690000.0,2262000.0,1145000.0,4130000.0,2391000.0,1898000.0,804900.0,4242000.0,1139000.0,9630000.0,1.295E7,
3683000.0,2260000.0,1148000.0,4130000.0,2391000.0,1910000.0,798900.0,4248000.0,1127000.0,9630000.0,1.295E7,
3648000.0,2262000.0,1149000.0,4163000.0,2391000.0,1967000.0,755900.0,4234000.0,1127000.0,9630000.0,1.295E7,
3675000.0,2256000.0,1152000.0,4168000.0,2391000.0,1967000.0,3761000.0,1235000.0,1201000.0,9549000.0,1.291E7,
3722000.0,2259000.0,1155000.0,4168000.0,2397000.0,1961000.0,3767000.0,1229000.0,1201000.0,9549000.0,1.285E7,
3669000.0,2249000.0,1155000.0,4263000.0,2389000.0,1961000.0,3777000.0,1219000.0,1201000.0,9549000.0,1.282E7,
3651000.0,2259000.0,1157000.0,4263000.0,2374000.0,1961000.0,3789000.0,1207000.0,1201000.0,9549000.0,1.283E7,
3644000.0,2253000.0,1161000.0,4258000.0,2374000.0,1967000.0,3783000.0,1232000.0,1176000.0,9597000.0,1.283E7,
3633000.0,2247000.0,1168000.0,4258000.0,2887000.0,1461000.0,3783000.0,1254000.0,1148000.0,9597000.0,1.283E7,
3627000.0,2251000.0,1171000.0,4270000.0,2880000.0,1479000.0,3765000.0,1282000.0,1192000.0,9615000.0,1.283E7,
3605000.0,2256000.0,1174000.0,4284000.0,2840000.0,1485000.0,3759000.0,1300000.0,1174000.0,9615000.0,1.287E7,
3596000.0,2263000.0,1174000.0,4275000.0,2847000.0,1482000.0,3767000.0,1303000.0,1159000.0,9664000.0,1.287E7,
3587000.0,2266000.0,1153000.0,4275000.0,2830000.0,1476000.0,3787000.0,1387000.0,1055000.0,9712000.0,1.292E7,
3553000.0,2270000.0,1154000.0,4299000.0,2830000.0,1490000.0,3791000.0,1369000.0,1055000.0,9760000.0,1.292E7,
3615000.0,2277000.0,1157000.0,4299000.0,2818000.0,1490000.0,3797000.0,1385000.0,1189000.0,9653000.0,1.285E7,
3584000.0,2276000.0,1158000.0,4309000.0,2800000.0,1503000.0,3797000.0,1377000.0,1183000.0,9653000.0,1.287E7,
3627000.0,2280000.0,1160000.0,4309000.0,2800000.0,1503000.0,3797000.0,1377000.0,1374000.0,9509000.0,1.282E7,
3653000.0,2280000.0,1160000.0,4294000.0,2799000.0,1509000.0,3785000.0,1391000.0,1360000.0,9604000.0,1.279E7,
3712000.0,2279000.0,1164000.0,4276000.0,2750000.0,1517000.0,3784000.0,1385000.0,1398000.0,9614000.0,1.277E7,
3705000.0,2280000.0,1168000.0,4238000.0,2742000.0,1508000.0,3784000.0,1425000.0,1359000.0,9614000.0,1.279E7,
3747000.0,2278000.0,1171000.0,4228000.0,2695000.0,1497000.0,3777000.0,1437000.0,1412000.0,9548000.0,1.28E7,
3736000.0,2281000.0,1174000.0,4228000.0,2701000.0,1491000.0,3777000.0,1449000.0,1400000.0,9548000.0,1.28E7,
3735000.0,2278000.0,1177000.0,4228000.0,2642000.0,1491000.0,3792000.0,1460000.0,1373000.0,9548000.0,1.286E7,
3666000.0,2277000.0,1180000.0,4309000.0,2635000.0,1485000.0,3798000.0,1477000.0,1351000.0,9548000.0,1.286E7,
3664000.0,2275000.0,1183000.0,4304000.0,3331000.0,782400.0,3798000.0,1481000.0,1341000.0,9596000.0,1.287E7,
3607000.0,2276000.0,1184000.0,4334000.0,3329000.0,770400.0,3798000.0,1481000.0,1341000.0,9596000.0,1.289E7,
3597000.0,2274000.0,1186000.0,4334000.0,3298000.0,764300.0,3798000.0,1487000.0,1335000.0,9644000.0,1.292E7,
3538000.0,2276000.0,1190000.0,4367000.0,3284000.0,764300.0,3798000.0,1487000.0,1335000.0,9644000.0,1.294E7,
3529000.0,2270000.0,1191000.0,4370000.0,3262000.0,758300.0,3792000.0,1528000.0,1442000.0,9495000.0,1.295E7,
3559000.0,2265000.0,1193000.0,4370000.0,3249000.0,764800.0,3786000.0,1546000.0,1424000.0,9495000.0,1.293E7,
3550000.0,2264000.0,1193000.0,4370000.0,3220000.0,764800.0,3786000.0,1594000.0,1375000.0,9495000.0,1.296E7,
3521000.0,2264000.0,1197000.0,4365000.0,3198000.0,764800.0,3786000.0,1594000.0,1375000.0,9495000.0,1.298E7,
3412000.0,2259000.0,1202000.0,4469000.0,3171000.0,772900.0,3772000.0,1606000.0,1364000.0,9543000.0,1.301E7,
3434000.0,2259000.0,1202000.0,4469000.0,3132000.0,762800.0,3772000.0,1618000.0,1352000.0,9543000.0,1.304E7,
3432000.0,2255000.0,1208000.0,4469000.0,3112000.0,781300.0,3759000.0,1612000.0,1352000.0,9638000.0,1.306E7,
3443000.0,2250000.0,1212000.0,4486000.0,3097000.0,787400.0,3753000.0,1624000.0,1360000.0,9667000.0,1.304E7,
3433000.0,2251000.0,1214000.0,4493000.0,3062000.0,1419000.0,3137000.0,1671000.0,1296000.0,9715000.0,1.308E7,
3457000.0,2252000.0,1218000.0,4493000.0,3001000.0,1433000.0,3123000.0,1671000.0,1351000.0,9661000.0,1.31E7,
3492000.0,2256000.0,1222000.0,4493000.0,3446000.0,973000.0,3101000.0,1671000.0,1391000.0,9669000.0,1.31E7,
3481000.0,2259000.0,1224000.0,4493000.0,3415000.0,985000.0,3089000.0,1684000.0,1377000.0,9669000.0,1.313E7,
3537000.0,2261000.0,1227000.0,4493000.0,3364000.0,991100.0,3083000.0,1695000.0,1423000.0,9758000.0,1.312E7,
3532000.0,2260000.0,1229000.0,4493000.0,3322000.0,991100.0,3500000.0,1319000.0,1382000.0,9758000.0,1.316E7,
3546000.0,2262000.0,1230000.0,4493000.0,3322000.0,1489000.0,3002000.0,1331000.0,1394000.0,9734000.0,1.314E7,
3540000.0,2259000.0,1232000.0,4491000.0,3294000.0,1489000.0,2999000.0,1341000.0,1384000.0,9832000.0,1.317E7,
3532000.0,2254000.0,1234000.0,4491000.0,3294000.0,1507000.0,2987000.0,1360000.0,1359000.0,9832000.0,1.317E7,
3525000.0,2254000.0,1236000.0,4525000.0,3271000.0,1532000.0,2972000.0,1350000.0,1372000.0,9868000.0,1.316E7,
3517000.0,2252000.0,1237000.0,4515000.0,3248000.0,1538000.0,2966000.0,1350000.0,1372000.0,9868000.0,1.318E7,
3424000.0,2255000.0,1239000.0,4582000.0,3230000.0,1550000.0,2954000.0,1403000.0,1320000.0,9868000.0,1.32E7,
3408000.0,2250000.0,1243000.0,4589000.0,3230000.0,1565000.0,2939000.0,1429000.0,1294000.0,9917000.0,1.32E7,
3419000.0,2247000.0,1247000.0,4585000.0,3230000.0,1571000.0,2933000.0,1435000.0,1301000.0,9904000.0,1.317E7,
3417000.0,2243000.0,1254000.0,4581000.0,3234000.0,1566000.0,2933000.0,1435000.0,1301000.0,9904000.0,1.317E7,
3428000.0,2236000.0,1256000.0,4572000.0,3198000.0,1566000.0,2944000.0,1424000.0,1393000.0,9861000.0,1.318E7,
3417000.0,2233000.0,1260000.0,4567000.0,3371000.0,1391000.0,2932000.0,1446000.0,1371000.0,9861000.0,1.32E7,
3402000.0,2241000.0,1263000.0,4567000.0,3319000.0,1392000.0,2926000.0,1487000.0,1331000.0,9910000.0,1.325E7,
3396000.0,2242000.0,1266000.0,4604000.0,3289000.0,1379000.0,2935000.0,1478000.0,1454000.0,9787000.0,1.326E7,
3402000.0,2239000.0,1269000.0,4618000.0,3286000.0,1367000.0,2935000.0,1523000.0,1511000.0,9685000.0,1.324E7,
3384000.0,2236000.0,1273000.0,4631000.0,3267000.0,1373000.0,2929000.0,1523000.0,1511000.0,9685000.0,1.326E7,
3378000.0,2236000.0,1276000.0,4628000.0,3261000.0,1360000.0,2929000.0,1540000.0,1494000.0,9685000.0,1.328E7,
3370000.0,2234000.0,1281000.0,4628000.0,3261000.0,1366000.0,2923000.0,1540000.0,1494000.0,9685000.0,1.328E7,
3358000.0,2222000.0,1283000.0,4625000.0,3240000.0,1372000.0,2911000.0,1540000.0,1494000.0,9733000.0,1.33E7,
3370000.0,2210000.0,1284000.0,4627000.0,3240000.0,1390000.0,2893000.0,1540000.0,1575000.0,9652000.0,1.327E7,
3343000.0,2215000.0,1286000.0,4617000.0,3222000.0,1396000.0,2887000.0,1561000.0,1554000.0,9701000.0,1.329E7,
3370000.0,2213000.0,1287000.0,4626000.0,3184000.0,1396000.0,2887000.0,1579000.0,1687000.0,9549000.0,1.328E7,
3365000.0,2199000.0,1291000.0,4641000.0,3460000.0,1530000.0,2475000.0,1650000.0,1616000.0,9549000.0,1.326E7,
3334000.0,2199000.0,1254000.0,4653000.0,3460000.0,1536000.0,2469000.0,1714000.0,1552000.0,9549000.0,1.33E7,
3378000.0,2202000.0,1254000.0,4643000.0,3466000.0,1542000.0,2457000.0,1714000.0,1552000.0,9549000.0,1.324E7,
3335000.0,2194000.0,1255000.0,4663000.0,4240000.0,762500.0,2451000.0,1748000.0,1518000.0,9549000.0,1.326E7,
3289000.0,2194000.0,1255000.0,4704000.0,4246000.0,756500.0,2451000.0,1769000.0,1497000.0,9549000.0,1.326E7,
3273000.0,2197000.0,1257000.0,4716000.0,4252000.0,756500.0,2445000.0,1884000.0,1381000.0,9549000.0,1.326E7,
3300000.0,2191000.0,1260000.0,4709000.0,4234000.0,1134000.0,2067000.0,1895000.0,1371000.0,9549000.0,1.324E7,
3221000.0,2180000.0,1263000.0,4777000.0,4216000.0,1140000.0,2060000.0,1895000.0,1371000.0,9549000.0,1.325E7,
3260000.0,2175000.0,1265000.0,4780000.0,4216000.0,1140000.0,2066000.0,1910000.0,1350000.0,9549000.0,1.321E7,
3284000.0,2176000.0,1269000.0,4791000.0,4216000.0,1530000.0,1677000.0,1920000.0,1340000.0,9549000.0,1.316E7,
3273000.0,2173000.0,1269000.0,4779000.0,4216000.0,1530000.0,1686000.0,1921000.0,1330000.0,9597000.0,1.316E7,
3312000.0,2172000.0,1261000.0,4779000.0,4226000.0,1520000.0,1703000.0,1903000.0,1330000.0,9597000.0,1.313E7,
3323000.0,2171000.0,1267000.0,4771000.0,4214000.0,1520000.0,1703000.0,1924000.0,1405000.0,9550000.0,1.313E7,
3358000.0,2170000.0,1269000.0,4771000.0,4197000.0,1520000.0,1716000.0,1967000.0,1343000.0,9598000.0,1.311E7,
3349000.0,2172000.0,1271000.0,4766000.0,4197000.0,1520000.0,1716000.0,1967000.0,1343000.0,9694000.0,1.311E7,
3348000.0,2169000.0,1257000.0,4766000.0,4197000.0,1532000.0,1704000.0,1977000.0,1333000.0,9694000.0,1.313E7,
3344000.0,2161000.0,1262000.0,4752000.0,4197000.0,1532000.0,1708000.0,2020000.0,1285000.0,9694000.0,1.313E7,
3325000.0,2163000.0,1247000.0,4748000.0,4188000.0,1520000.0,1708000.0,2020000.0,1285000.0,9694000.0,1.316E7,
3371000.0,2154000.0,1250000.0,4743000.0,4188000.0,1526000.0,1702000.0,2031000.0,1358000.0,9658000.0,1.311E7,
3363000.0,2152000.0,1251000.0,4743000.0,4188000.0,1526000.0,1712000.0,2021000.0,1358000.0,9658000.0,1.311E7,
3346000.0,2146000.0,1253000.0,4758000.0,4132000.0,1526000.0,1706000.0,2090000.0,1289000.0,9658000.0,1.317E7,
3333000.0,2134000.0,1257000.0,4739000.0,4107000.0,1536000.0,1707000.0,2090000.0,1278000.0,9707000.0,1.32E7,
3303000.0,2132000.0,1260000.0,4759000.0,4107000.0,1536000.0,1707000.0,2192000.0,1176000.0,9804000.0,1.32E7,
3351000.0,2128000.0,1265000.0,4755000.0,4088000.0,1536000.0,3044000.0,871900.0,1174000.0,9838000.0,1.317E7,
3337000.0,2120000.0,1267000.0,4765000.0,4076000.0,1546000.0,3034000.0,908000.0,1138000.0,9838000.0,1.318E7,
3326000.0,2117000.0,1267000.0,4763000.0,4033000.0,1546000.0,3034000.0,908000.0,1138000.0,9838000.0,1.322E7,
3312000.0,2119000.0,1268000.0,4775000.0,3989000.0,1540000.0,3044000.0,897900.0,1138000.0,9838000.0,1.327E7,
3320000.0,2112000.0,1267000.0,4794000.0,3905000.0,1538000.0,3063000.0,872900.0,1191000.0,9835000.0,1.331E7,
3312000.0,2104000.0,1269000.0,4794000.0,4962000.0,421900.0,3063000.0,913400.0,1150000.0,9835000.0,1.337E7,
3297000.0,2103000.0,1273000.0,4806000.0,4940000.0,421900.0,3063000.0,935800.0,1128000.0,9835000.0,1.34E7,
3287000.0,2106000.0,1266000.0,4806000.0,4933000.0,431900.0,3053000.0,935800.0,1128000.0,9835000.0,1.341E7,
3272000.0,2113000.0,1267000.0,4807000.0,4933000.0,431900.0,3065000.0,960700.0,1091000.0,9835000.0,1.341E7,
3264000.0,2114000.0,1270000.0,4807000.0,4933000.0,438000.0,3059000.0,975200.0,1076000.0,9884000.0,1.341E7,
3251000.0,2117000.0,1271000.0,4805000.0,4933000.0,438000.0,3059000.0,986200.0,1065000.0,1.003E7,1.341E7,
3245000.0,2118000.0,1272000.0,4795000.0,4922000.0,438000.0,3059000.0,986200.0,1065000.0,1.008E7,1.342E7,
3236000.0,2116000.0,1272000.0,4785000.0,4922000.0,438000.0,3059000.0,1020000.0,1031000.0,1.018E7,1.342E7,
3294000.0,2114000.0,1274000.0,4756000.0,4909000.0,444000.0,3053000.0,1020000.0,1085000.0,1.013E7,1.336E7,
3292000.0,2114000.0,1275000.0,4756000.0,4909000.0,444000.0,3053000.0,1020000.0,1085000.0,1.018E7,1.336E7,
3297000.0,2122000.0,1278000.0,4751000.0,4909000.0,454800.0,3042000.0,1020000.0,1128000.0,1.019E7,1.334E7,
3286000.0,2124000.0,1279000.0,4746000.0,4908000.0,454800.0,3050000.0,1031000.0,1109000.0,1.024E7,1.334E7,
3270000.0,2127000.0,1280000.0,4758000.0,4842000.0,455800.0,3049000.0,1057000.0,1249000.0,1.007E7,1.34E7,
3309000.0,2124000.0,1284000.0,4773000.0,4827000.0,455800.0,3057000.0,1049000.0,1259000.0,1.011E7,1.335E7,
3326000.0,2120000.0,1286000.0,4764000.0,4790000.0,453300.0,3053000.0,1083000.0,1251000.0,1.013E7,1.337E7,
3299000.0,2113000.0,1287000.0,4772000.0,4778000.0,453300.0,3055000.0,1074000.0,1251000.0,1.013E7,1.339E7,
3297000.0,2108000.0,1287000.0,4763000.0,4785000.0,446200.0,3068000.0,1121000.0,1225000.0,1.015E7,1.337E7,
3286000.0,2109000.0,1294000.0,4761000.0,4713000.0,446200.0,3068000.0,1127000.0,1219000.0,1.015E7,1.345E7,
3259000.0,2108000.0,1284000.0,4777000.0,4713000.0,446200.0,3074000.0,1141000.0,1200000.0,1.02E7,1.346E7,
3267000.0,2109000.0,1287000.0,4777000.0,4705000.0,458300.0,3073000.0,1139000.0,1274000.0,1.021E7,1.346E7,
3307000.0,2105000.0,1292000.0,4777000.0,4691000.0,476400.0,3055000.0,1236000.0,1217000.0,1.017E7,1.344E7,
3373000.0,2073000.0,1293000.0,4771000.0,4678000.0,476400.0,3055000.0,1261000.0,1325000.0,1.014E7,1.337E7,
3286000.0,2069000.0,1295000.0,4875000.0,4678000.0,482400.0,3058000.0,1277000.0,1371000.0,1.007E7,1.333E7,
3247000.0,2070000.0,1298000.0,4937000.0,4626000.0,488400.0,3052000.0,1295000.0,1544000.0,9879000.0,1.335E7,
3243000.0,2072000.0,1302000.0,4927000.0,4576000.0,494500.0,3061000.0,1280000.0,1544000.0,9879000.0,1.34E7,
3242000.0,2068000.0,1306000.0,4922000.0,4563000.0,541900.0,3014000.0,1280000.0,1544000.0,9879000.0,1.342E7,
3230000.0,2068000.0,1307000.0,4927000.0,4536000.0,572100.0,2983000.0,1280000.0,1544000.0,9879000.0,1.344E7,
3202000.0,2069000.0,1308000.0,4943000.0,4505000.0,578100.0,2977000.0,1300000.0,1524000.0,9879000.0,1.347E7,
3162000.0,2070000.0,1310000.0,4980000.0,4459000.0,595000.0,2961000.0,1317000.0,1507000.0,9879000.0,1.352E7,
3186000.0,2077000.0,1312000.0,4986000.0,4433000.0,602300.0,2948000.0,1343000.0,1599000.0,9762000.0,1.351E7,
3182000.0,2076000.0,1312000.0,4971000.0,4433000.0,602300.0,2948000.0,1374000.0,1567000.0,9762000.0,1.351E7,
3168000.0,2074000.0,1315000.0,4978000.0,4433000.0,637300.0,2913000.0,1394000.0,1548000.0,9762000.0,1.351E7,
3173000.0,2067000.0,1322000.0,4971000.0,4421000.0,649400.0,2901000.0,1411000.0,1614000.0,9727000.0,1.351E7,
3169000.0,2068000.0,1324000.0,4952000.0,4421000.0,691600.0,2865000.0,1434000.0,1585000.0,9776000.0,1.351E7,
3230000.0,2067000.0,1327000.0,4951000.0,4392000.0,686000.0,2865000.0,1434000.0,1658000.0,9703000.0,1.347E7,
3228000.0,2056000.0,1327000.0,4947000.0,4391000.0,697100.0,2858000.0,1438000.0,1648000.0,9703000.0,1.347E7,
3288000.0,2062000.0,1328000.0,4943000.0,4397000.0,697100.0,2862000.0,1433000.0,1802000.0,9591000.0,1.338E7,
3282000.0,2063000.0,1331000.0,4940000.0,4397000.0,715200.0,2853000.0,1424000.0,1802000.0,9591000.0,1.338E7,
3280000.0,2054000.0,1332000.0,4935000.0,4257000.0,1225000.0,2343000.0,1442000.0,1784000.0,9591000.0,1.352E7,
3266000.0,2054000.0,1333000.0,4938000.0,4272000.0,1210000.0,2343000.0,1441000.0,1784000.0,9639000.0,1.352E7,
3262000.0,2058000.0,1334000.0,4938000.0,4585000.0,872500.0,2337000.0,1459000.0,1767000.0,9639000.0,1.355E7,
3232000.0,2053000.0,1336000.0,4955000.0,4568000.0,897100.0,2307000.0,1477000.0,1749000.0,9639000.0,1.357E7,
3205000.0,2058000.0,1339000.0,4968000.0,4568000.0,909200.0,2295000.0,1515000.0,1710000.0,9639000.0,1.357E7,
3187000.0,2061000.0,1340000.0,4975000.0,4508000.0,915200.0,2302000.0,1503000.0,1777000.0,9621000.0,1.362E7,
3182000.0,2064000.0,1341000.0,4975000.0,4473000.0,921200.0,2646000.0,1277000.0,1652000.0,9621000.0,1.365E7,
3159000.0,2062000.0,1344000.0,4992000.0,4478000.0,916400.0,2646000.0,1288000.0,1641000.0,9621000.0,1.365E7,
3132000.0,2067000.0,1346000.0,5003000.0,4467000.0,916400.0,2656000.0,1284000.0,1635000.0,9717000.0,1.366E7,
3091000.0,2068000.0,1338000.0,5018000.0,4467000.0,924400.0,2648000.0,1284000.0,1635000.0,9766000.0,1.368E7,
3081000.0,2068000.0,1338000.0,5018000.0,4421000.0,925600.0,2642000.0,1297000.0,1622000.0,9815000.0,1.373E7,
3063000.0,2067000.0,1344000.0,5026000.0,4380000.0,955800.0,2618000.0,1291000.0,1622000.0,9815000.0,1.377E7,
3061000.0,2063000.0,1349000.0,5022000.0,4354000.0,949800.0,2618000.0,1291000.0,1622000.0,9815000.0,1.38E7,
3044000.0,2064000.0,1330000.0,5057000.0,4348000.0,876100.0,2630000.0,1306000.0,1676000.0,9733000.0,1.387E7,
2975000.0,2059000.0,1334000.0,5111000.0,4319000.0,867400.0,2636000.0,1486000.0,1490000.0,9782000.0,1.391E7,
2969000.0,2047000.0,1340000.0,5109000.0,4283000.0,878300.0,2619000.0,1565000.0,1411000.0,9880000.0,1.395E7,
2960000.0,2036000.0,1345000.0,5104000.0,4266000.0,879300.0,2641000.0,1611000.0,1338000.0,9930000.0,1.397E7,
2950000.0,2038000.0,1349000.0,5099000.0,4149000.0,1271000.0,2265000.0,1634000.0,1297000.0,9930000.0,1.409E7,
2938000.0,2041000.0,1351000.0,5106000.0,4146000.0,1190000.0,2259000.0,1679000.0,1253000.0,9930000.0,1.418E7,
2937000.0,2039000.0,1351000.0,5122000.0,4096000.0,1190000.0,2265000.0,1683000.0,1285000.0,9937000.0,1.42E7,
2992000.0,2031000.0,1356000.0,5107000.0,4040000.0,1185000.0,2269000.0,1714000.0,1260000.0,9920000.0,1.421E7,
2983000.0,2035000.0,1361000.0,5107000.0,4021000.0,1181000.0,2269000.0,1811000.0,1164000.0,9970000.0,1.424E7,
2931000.0,2029000.0,1369000.0,5143000.0,3947000.0,1181000.0,2282000.0,1833000.0,1128000.0,9970000.0,1.431E7,
2926000.0,2025000.0,1373000.0,5118000.0,3906000.0,1182000.0,2274000.0,1847000.0,1114000.0,9970000.0,1.436E7,
2916000.0,2027000.0,1375000.0,5118000.0,3894000.0,1189000.0,2268000.0,1932000.0,1030000.0,1.007E7,1.437E7,
2907000.0,2028000.0,1378000.0,5113000.0,3859000.0,1205000.0,2252000.0,1932000.0,1030000.0,1.007E7,1.441E7,
2886000.0,2033000.0,1379000.0,5124000.0,3841000.0,1211000.0,2246000.0,1944000.0,1017000.0,1.007E7,1.442E7,
2872000.0,2032000.0,1381000.0,5131000.0,3841000.0,1211000.0,2246000.0,1944000.0,1017000.0,1.017E7,1.442E7,
2875000.0,2038000.0,1383000.0,5106000.0,3788000.0,1211000.0,2246000.0,1977000.0,1058000.0,1.015E7,1.447E7,
2882000.0,2038000.0,1388000.0,5105000.0,3766000.0,1211000.0,2246000.0,1983000.0,1178000.0,1.002E7,1.447E7,
2872000.0,2034000.0,1368000.0,5105000.0,3752000.0,1211000.0,2269000.0,1960000.0,1178000.0,1.007E7,1.45E7,
2862000.0,2036000.0,1369000.0,5102000.0,3721000.0,1219000.0,2261000.0,2000000.0,1138000.0,1.012E7,1.454E7,
2798000.0,2030000.0,1372000.0,5159000.0,3708000.0,1219000.0,2261000.0,2026000.0,1111000.0,1.012E7,1.455E7,
2788000.0,2029000.0,1373000.0,5153000.0,3690000.0,1219000.0,2261000.0,2026000.0,1111000.0,1.012E7,1.457E7,
2807000.0,2030000.0,1374000.0,5150000.0,3683000.0,1212000.0,2261000.0,2045000.0,1263000.0,1.0E7,1.456E7,
2798000.0,2033000.0,1376000.0,5140000.0,3674000.0,1212000.0,2256000.0,2045000.0,1263000.0,1.005E7,1.457E7,
2802000.0,2038000.0,1378000.0,5140000.0,3674000.0,1212000.0,2272000.0,2040000.0,1353000.0,1.0E7,1.456E7,
2799000.0,2039000.0,1380000.0,5126000.0,3674000.0,1212000.0,2272000.0,2051000.0,1343000.0,1.005E7,1.456E7,
2792000.0,2034000.0,1382000.0,5111000.0,4392000.0,512300.0,2260000.0,2064000.0,1324000.0,1.01E7,1.456E7,
2785000.0,2028000.0,1385000.0,5091000.0,4380000.0,512300.0,2268000.0,2124000.0,1249000.0,1.02E7,1.458E7,
2772000.0,2037000.0,1374000.0,5071000.0,4380000.0,542400.0,2243000.0,2135000.0,1233000.0,1.025E7,1.459E7,
2757000.0,2045000.0,1376000.0,5051000.0,4386000.0,542400.0,2245000.0,2144000.0,1216000.0,1.025E7,1.459E7,
2795000.0,2036000.0,1376000.0,5045000.0,4374000.0,536400.0,2251000.0,2145000.0,1266000.0,1.019E7,1.455E7,
2798000.0,2045000.0,1379000.0,5041000.0,4323000.0,548400.0,2239000.0,2165000.0,1299000.0,1.014E7,1.458E7,
2773000.0,2039000.0,1382000.0,5054000.0,4297000.0,554500.0,2253000.0,2145000.0,1299000.0,1.019E7,1.461E7,
2762000.0,2042000.0,1384000.0,5041000.0,4297000.0,554500.0,2259000.0,2183000.0,1255000.0,1.024E7,1.461E7,
2758000.0,2039000.0,1388000.0,5028000.0,4255000.0,554500.0,2277000.0,2181000.0,1239000.0,1.029E7,1.465E7,
2742000.0,2035000.0,1391000.0,5034000.0,4242000.0,554400.0,2277000.0,2228000.0,1192000.0,1.029E7,1.466E7,
2782000.0,2035000.0,1394000.0,5041000.0,4248000.0,554600.0,2277000.0,2251000.0,1219000.0,1.024E7,1.461E7,
2840000.0,2037000.0,1397000.0,5041000.0,4242000.0,548500.0,2298000.0,2230000.0,1321000.0,1.014E7,1.456E7,
2822000.0,2042000.0,1399000.0,5051000.0,4206000.0,548500.0,2317000.0,2224000.0,1309000.0,1.014E7,1.459E7,
2816000.0,2042000.0,1403000.0,5065000.0,4167000.0,554600.0,2311000.0,2253000.0,1313000.0,1.01E7,1.461E7,
2809000.0,2033000.0,1405000.0,5065000.0,4139000.0,560600.0,2305000.0,2320000.0,1247000.0,1.01E7,1.464E7,
2802000.0,2031000.0,1409000.0,5065000.0,4120000.0,554600.0,2305000.0,2346000.0,1220000.0,1.01E7,1.466E7,
2797000.0,2031000.0,1413000.0,5065000.0,4095000.0,554600.0,2305000.0,2346000.0,1220000.0,1.01E7,1.469E7,
2822000.0,2031000.0,1416000.0,5079000.0,4057000.0,554600.0,2305000.0,2356000.0,1441000.0,9972000.0,1.467E7,
2807000.0,2030000.0,1420000.0,5079000.0,4055000.0,2058000.0,800700.0,2356000.0,1441000.0,9972000.0,1.467E7,
2701000.0,2034000.0,1424000.0,5167000.0,4043000.0,2052000.0,828300.0,2354000.0,1415000.0,9972000.0,1.469E7,
2698000.0,2031000.0,1428000.0,5158000.0,4043000.0,2052000.0,828300.0,2393000.0,1376000.0,9972000.0,1.469E7,
2694000.0,2030000.0,1430000.0,5142000.0,3970000.0,2052000.0,828300.0,2445000.0,1324000.0,1.002E7,1.476E7,
2652000.0,2026000.0,1434000.0,5183000.0,3918000.0,2058000.0,822200.0,2445000.0,1324000.0,1.002E7,1.481E7,
2696000.0,2023000.0,1438000.0,5183000.0,3918000.0,2058000.0,822200.0,2523000.0,1392000.0,9876000.0,1.476E7,
2685000.0,2013000.0,1439000.0,5178000.0,4177000.0,1741000.0,2396000.0,979300.0,1362000.0,9876000.0,1.482E7,
2683000.0,2009000.0,1440000.0,5163000.0,4177000.0,1741000.0,2402000.0,973300.0,1362000.0,9876000.0,1.482E7,
2633000.0,2005000.0,1440000.0,5191000.0,4177000.0,1741000.0,2411000.0,989500.0,1337000.0,9876000.0,1.482E7,
2624000.0,2001000.0,1442000.0,5187000.0,4164000.0,1747000.0,2404000.0,989500.0,1337000.0,9876000.0,1.483E7,
2620000.0,2000000.0,1443000.0,5187000.0,4124000.0,1747000.0,2424000.0,975800.0,1331000.0,9925000.0,1.487E7,
2709000.0,2003000.0,1445000.0,5192000.0,4124000.0,1747000.0,2424000.0,975800.0,1601000.0,9803000.0,1.477E7,
2699000.0,2006000.0,1447000.0,5192000.0,4130000.0,1741000.0,2429000.0,994600.0,1577000.0,9803000.0,1.477E7,
2682000.0,2006000.0,1449000.0,5192000.0,4099000.0,1732000.0,2429000.0,988500.0,1577000.0,9803000.0,1.482E7,
2676000.0,2006000.0,1452000.0,5182000.0,4092000.0,1732000.0,2429000.0,988500.0,1692000.0,9687000.0,1.481E7,
2704000.0,2005000.0,1454000.0,5177000.0,4076000.0,1732000.0,2435000.0,1018000.0,1709000.0,9634000.0,1.479E7,
2698000.0,2009000.0,1455000.0,5172000.0,4038000.0,1732000.0,2435000.0,1036000.0,1692000.0,9634000.0,1.483E7,
2711000.0,2011000.0,1457000.0,5172000.0,3998000.0,1744000.0,2438000.0,1033000.0,1757000.0,9653000.0,1.485E7,
2708000.0,2008000.0,1461000.0,5169000.0,3978000.0,1744000.0,2438000.0,1044000.0,1746000.0,9701000.0,1.487E7,
2701000.0,2009000.0,1462000.0,5169000.0,3913000.0,1744000.0,2438000.0,1131000.0,1659000.0,9701000.0,1.493E7,
2706000.0,1994000.0,1464000.0,5169000.0,3873000.0,1756000.0,2425000.0,1142000.0,1835000.0,9514000.0,1.496E7,
2699000.0,1999000.0,1466000.0,5169000.0,3814000.0,1750000.0,2425000.0,1154000.0,1823000.0,9514000.0,1.502E7,
2674000.0,1999000.0,1469000.0,5186000.0,3800000.0,1744000.0,2419000.0,1163000.0,1814000.0,9514000.0,1.505E7,
