entropy,entropyInd,RabA,RabB,RabC,RabD,RabE,RabF,RabG,RabH,RabI,xER,xPM,
2.052,0.2279,0.2985,0.0709,0.05354,0.09783,0.04259,0.03078,0.02393,0.02663,0.02738,0.164,0.164,
1.751,0.2286,0.1638,0.03904,0.02948,0.05371,0.02346,0.01695,0.01318,0.01466,0.01507,0.3147,0.3159,
1.751,0.2313,0.1638,0.03905,0.02949,0.05354,0.02346,0.01695,0.01318,0.01466,0.01508,0.3148,0.316,
1.75,0.2245,0.1634,0.039,0.02945,0.05346,0.02343,0.01693,0.01316,0.01464,0.01505,0.3159,0.3155,
1.749,0.2312,0.1634,0.03894,0.02945,0.05343,0.02315,0.01693,0.01316,0.01465,0.01506,0.316,0.3159,
1.747,0.227,0.1629,0.03896,0.02868,0.05346,0.02316,0.01694,0.01317,0.01465,0.01506,0.3162,0.3168,
1.747,0.2259,0.1626,0.03898,0.02869,0.05348,0.02317,0.01695,0.01317,0.01466,0.01507,0.3163,0.317,
1.745,0.2403,0.1615,0.03887,0.02865,0.05339,0.02313,0.01692,0.01315,0.01464,0.01505,0.3174,0.3174,
1.745,0.2303,0.1605,0.03889,0.02866,0.05341,0.02314,0.01693,0.01316,0.01464,0.01505,0.3175,0.3181,
1.744,0.2337,0.1601,0.03884,0.02862,0.05316,0.02311,0.01691,0.01314,0.01462,0.01503,0.3187,0.3178,
1.742,0.2398,0.1597,0.03881,0.02836,0.05301,0.02291,0.01686,0.01315,0.01463,0.01504,0.3189,0.3186,
1.74,0.2374,0.1597,0.03881,0.02836,0.05301,0.02206,0.01686,0.01315,0.01463,0.01504,0.3189,0.3194,
1.74,0.2367,0.1596,0.03881,0.02836,0.05302,0.02206,0.01687,0.01316,0.01464,0.01505,0.319,0.3195,
1.736,0.2403,0.1563,0.03873,0.02818,0.0528,0.02203,0.01685,0.01314,0.01462,0.01503,0.3203,0.322,
1.734,0.2386,0.1558,0.03869,0.02815,0.05258,0.02153,0.01683,0.01313,0.0146,0.01501,0.3215,0.3222,
1.734,0.2356,0.1556,0.03869,0.02816,0.05259,0.02154,0.01683,0.01313,0.01461,0.01501,0.3216,0.3222,
1.733,0.2335,0.1554,0.03863,0.02811,0.0525,0.0215,0.01681,0.01311,0.01458,0.01499,0.3227,0.3217,
1.732,0.2324,0.1551,0.03857,0.02807,0.05242,0.02147,0.01678,0.01309,0.01456,0.01496,0.3238,0.3212,
1.73,0.2408,0.1549,0.03851,0.02802,0.05233,0.02115,0.01675,0.01306,0.01454,0.01494,0.3249,0.3209,
1.73,0.2404,0.1547,0.03852,0.02803,0.05234,0.02116,0.01675,0.01307,0.01454,0.01494,0.3249,0.321,
1.728,0.2206,0.1539,0.0384,0.02773,0.05212,0.02114,0.01674,0.01305,0.01453,0.01493,0.3263,0.3212,
1.727,0.2235,0.1536,0.03831,0.02774,0.05199,0.02115,0.01675,0.01306,0.01453,0.01494,0.3265,0.3214,
1.726,0.2262,0.153,0.03825,0.02771,0.05192,0.02113,0.01673,0.01304,0.01452,0.01492,0.3277,0.321,
1.725,0.2277,0.1528,0.03819,0.02766,0.05184,0.02109,0.0167,0.01302,0.01449,0.01489,0.3288,0.3205,
1.724,0.2261,0.1524,0.03814,0.02763,0.05159,0.02106,0.01668,0.01301,0.01447,0.01487,0.33,0.3201,
1.724,0.235,0.1523,0.03814,0.02763,0.05145,0.02107,0.01669,0.01301,0.01448,0.01488,0.3302,0.3202,
1.722,0.2332,0.1523,0.03814,0.02763,0.05145,0.02042,0.01669,0.01301,0.01448,0.01488,0.3302,0.3209,
1.719,0.2342,0.152,0.03808,0.02704,0.05137,0.02038,0.01666,0.01299,0.01446,0.01486,0.3313,0.3209,
1.718,0.231,0.1518,0.03801,0.027,0.05128,0.02035,0.01663,0.01297,0.01443,0.01483,0.3324,0.3204,
1.717,0.215,0.1515,0.03795,0.02695,0.0512,0.02032,0.0166,0.01295,0.01441,0.01481,0.3335,0.3198,
1.715,0.21,0.1513,0.0379,0.02692,0.05077,0.01999,0.01658,0.01293,0.01439,0.01478,0.3347,0.3197,
1.71,0.2103,0.1513,0.03778,0.02705,0.0506,0.01843,0.01658,0.01293,0.01461,0.01456,0.3348,0.3213,
1.715,0.2851,0.1456,0.04351,0.02709,0.0506,0.01826,0.01669,0.01842,0.008899,0.01456,0.3348,0.3216,
1.715,0.2898,0.1451,0.04336,0.02714,0.05076,0.01823,0.01666,0.01839,0.009582,0.01384,0.3359,0.3211,
1.712,0.2956,0.1443,0.04311,0.02707,0.05051,0.01814,0.01658,0.0183,0.009534,0.01377,0.3392,0.3195,
1.702,0.2997,0.1439,0.04308,0.02711,0.05042,0.01811,0.02947,0.005691,0.009172,0.01375,0.3404,0.3189,
1.7,0.3068,0.1433,0.043,0.02708,0.05008,0.01805,0.02938,0.005673,0.009142,0.0137,0.3427,0.3179,
1.699,0.3169,0.143,0.04297,0.02708,0.04999,0.02804,0.0193,0.005663,0.009127,0.01368,0.3438,0.3173,
1.698,0.3089,0.1428,0.04289,0.02708,0.04973,0.028,0.01949,0.005435,0.009572,0.0132,0.345,0.3169,
1.695,0.3163,0.1422,0.04283,0.02646,0.04956,0.02812,0.01921,0.005416,0.009539,0.01315,0.3472,0.3163,
1.695,0.3118,0.1421,0.04276,0.02658,0.04956,0.02812,0.01921,0.005416,0.009539,0.01315,0.3472,0.3163,
1.704,0.3154,0.1417,0.04274,0.0266,0.04947,0.02762,0.01917,0.005407,0.01003,0.01625,0.3447,0.3162,
1.704,0.3177,0.1417,0.04265,0.02671,0.04947,0.02762,0.01941,0.005174,0.01003,0.01625,0.3447,0.3162,
1.704,0.309,0.1417,0.04271,0.02671,0.04932,0.02762,0.01941,0.005173,0.01003,0.01625,0.3448,0.3163,
1.703,0.3088,0.1413,0.04276,0.02671,0.04923,0.02758,0.01952,0.005025,0.01002,0.01622,0.3459,0.3157,
1.702,0.3145,0.1412,0.04271,0.02683,0.04923,0.02725,0.01902,0.005199,0.01229,0.01377,0.3459,0.3166,
1.702,0.3218,0.1412,0.04266,0.02687,0.04923,0.02725,0.01902,0.005199,0.01484,0.01122,0.3459,0.3166,
1.701,0.3158,0.1411,0.04258,0.02687,0.04924,0.02726,0.01903,0.0052,0.01484,0.01123,0.346,0.3166,
1.702,0.32,0.1405,0.04262,0.02687,0.04988,0.02726,0.01903,0.0052,0.01484,0.01123,0.346,0.3166,
1.702,0.3247,0.1404,0.04271,0.0269,0.04988,0.02726,0.01903,0.0052,0.01484,0.01123,0.346,0.3166,
1.702,0.2785,0.1402,0.04267,0.027,0.04989,0.02726,0.01903,0.005201,0.01484,0.01123,0.3461,0.3167,
1.701,0.2647,0.1395,0.04273,0.02697,0.04966,0.02723,0.01901,0.005193,0.01483,0.01121,0.3474,0.3163,
1.699,0.2747,0.1393,0.04238,0.02649,0.04969,0.02724,0.01902,0.005196,0.01483,0.01122,0.3476,0.317,
1.699,0.2628,0.1393,0.04236,0.0266,0.04969,0.02724,0.01902,0.005196,0.01483,0.01122,0.3476,0.317,
1.71,0.2668,0.1385,0.04255,0.0266,0.05025,0.02724,0.01902,0.005196,0.01546,0.0136,0.3446,0.317,
1.71,0.2677,0.1384,0.04256,0.02664,0.05025,0.02736,0.01891,0.005414,0.01525,0.0136,0.3446,0.317,
1.711,0.2748,0.1383,0.04267,0.02673,0.05025,0.02736,0.01891,0.005414,0.01525,0.0136,0.3446,0.317,
1.71,0.2563,0.138,0.04255,0.02673,0.05017,0.02753,0.01866,0.005753,0.01524,0.01322,0.3457,0.3165,
1.709,0.2556,0.1376,0.04257,0.02682,0.05019,0.02732,0.01861,0.005755,0.01524,0.01322,0.3458,0.3169,
1.708,0.294,0.1371,0.04256,0.02684,0.04996,0.02728,0.01858,0.005747,0.01522,0.0132,0.3471,0.3164,
1.707,0.2953,0.1364,0.04254,0.02683,0.04973,0.02725,0.01856,0.00618,0.01476,0.01319,0.3484,0.3161,
1.707,0.2985,0.1362,0.04256,0.02689,0.04974,0.02725,0.01857,0.006181,0.01477,0.01319,0.3485,0.3162,
1.706,0.3001,0.1361,0.04257,0.02692,0.04974,0.02698,0.01857,0.006399,0.01455,0.01319,0.3485,0.3164,
1.718,0.3361,0.131,0.04771,0.02695,0.04974,0.02716,0.01861,0.006181,0.01455,0.01521,0.3465,0.3164,
1.724,0.3301,0.1309,0.04774,0.02697,0.04974,0.02716,0.01861,0.006544,0.01419,0.01688,0.3448,0.3164,
1.725,0.333,0.1292,0.04778,0.02698,0.05137,0.02803,0.01774,0.006544,0.01419,0.01688,0.3448,0.3164,
1.723,0.3502,0.1292,0.0478,0.02699,0.05137,0.02721,0.01774,0.006761,0.01397,0.01688,0.3448,0.3173,
1.722,0.3453,0.1292,0.04775,0.02704,0.05137,0.02662,0.01774,0.006761,0.01397,0.01688,0.3448,0.3179,
1.709,0.3538,0.1292,0.04768,0.02711,0.05122,0.03852,0.005853,0.006759,0.01397,0.01688,0.3449,0.3179,
1.709,0.3362,0.1285,0.04773,0.02716,0.05184,0.03863,0.005741,0.006759,0.01433,0.01652,0.3449,0.3179,
1.71,0.3357,0.1281,0.04769,0.0272,0.05206,0.03864,0.005742,0.00676,0.01433,0.01652,0.3449,0.318,
1.71,0.341,0.128,0.04771,0.02725,0.05206,0.03864,0.005742,0.00676,0.01455,0.01631,0.3449,0.318,
1.709,0.339,0.1273,0.04761,0.02725,0.05231,0.03858,0.005734,0.006966,0.01453,0.01606,0.3461,0.3175,
1.72,0.3331,0.1272,0.04773,0.02726,0.05214,0.03869,0.005762,0.006828,0.01453,0.0198,0.3425,0.3176,
1.72,0.3362,0.1271,0.04779,0.02737,0.05197,0.0387,0.005763,0.006829,0.01534,0.019,0.3425,0.3176,
1.715,0.3496,0.1258,0.0475,0.0272,0.05153,0.03837,0.005714,0.006771,0.01542,0.01862,0.3482,0.3149,
1.736,0.3321,0.1255,0.04745,0.02717,0.05144,0.03776,0.005704,0.006759,0.01539,0.02724,0.3406,0.3149,
1.736,0.3521,0.1254,0.04745,0.02728,0.05144,0.03776,0.005704,0.006759,0.01539,0.02724,0.3406,0.3149,
1.736,0.3348,0.1254,0.04747,0.0273,0.05144,0.03776,0.005704,0.006759,0.01539,0.02724,0.3406,0.3149,
1.736,0.3318,0.1254,0.04748,0.02733,0.05144,0.03776,0.005704,0.006759,0.01539,0.02724,0.3406,0.3149,
1.736,0.3329,0.1253,0.04753,0.02739,0.05144,0.03776,0.005704,0.006759,0.01539,0.02724,0.3406,0.3149,
1.737,0.3499,0.1252,0.04751,0.02751,0.05144,0.03776,0.005704,0.006759,0.01575,0.02688,0.3406,0.3149,
1.733,0.3396,0.1249,0.04738,0.02754,0.05135,0.03668,0.005641,0.006747,0.01573,0.02683,0.3418,0.3154,
1.738,0.3254,0.1246,0.04727,0.02756,0.05095,0.03663,0.005632,0.006737,0.01571,0.0293,0.3406,0.3151,
1.738,0.3276,0.1245,0.04726,0.02765,0.05095,0.03663,0.005632,0.006737,0.0161,0.02891,0.3406,0.3151,
1.736,0.3337,0.1241,0.04728,0.02769,0.05086,0.03711,0.005221,0.006588,0.01607,0.02886,0.3417,0.3145,
1.743,0.336,0.1241,0.04726,0.02779,0.05037,0.03713,0.005395,0.00642,0.01629,0.03161,0.3389,0.3147,
1.742,0.3324,0.1239,0.04713,0.02781,0.04998,0.03708,0.005387,0.006408,0.01762,0.03021,0.3402,0.3143,
1.746,0.3382,0.1236,0.04706,0.02787,0.04989,0.03702,0.005378,0.006398,0.01759,0.03206,0.3394,0.3137,
1.746,0.3304,0.1234,0.04704,0.02792,0.04977,0.03703,0.005515,0.006261,0.0176,0.03208,0.3395,0.3139,
1.749,0.3415,0.1186,0.05182,0.02797,0.04977,0.03658,0.005515,0.006261,0.01781,0.03186,0.3395,0.3143,
1.749,0.3413,0.1186,0.05184,0.02797,0.04977,0.03658,0.005515,0.006261,0.01781,0.03186,0.3395,0.3143,
1.749,0.3436,0.1183,0.05186,0.02808,0.04983,0.03659,0.005516,0.006262,0.01803,0.03165,0.3396,0.3144,
1.749,0.3435,0.1183,0.05181,0.02815,0.04966,0.03615,0.005517,0.006263,0.01846,0.03123,0.3396,0.3149,
1.749,0.3476,0.1182,0.05176,0.02824,0.04966,0.03615,0.005517,0.006263,0.01889,0.03081,0.3396,0.3149,
1.747,0.3492,0.1182,0.05175,0.02825,0.04966,0.03536,0.005517,0.006263,0.01928,0.03041,0.3396,0.3156,
1.747,0.3562,0.1181,0.0518,0.02834,0.04951,0.03537,0.008051,0.00394,0.01907,0.03042,0.3397,0.3157,
1.745,0.3562,0.1181,0.05184,0.02838,0.04951,0.03452,0.008051,0.00394,0.01928,0.03021,0.3397,0.3165,
1.745,0.3624,0.118,0.05174,0.0284,0.04952,0.03453,0.008053,0.003941,0.01928,0.03021,0.3397,0.3166,
1.745,0.3491,0.1179,0.0516,0.02851,0.04952,0.03453,0.008054,0.003941,0.02039,0.02911,0.3398,0.3167,
1.743,0.3477,0.1179,0.05147,0.02854,0.04936,0.03376,0.008057,0.003943,0.02061,0.02891,0.3399,0.3176,
1.742,0.3485,0.117,0.05111,0.02858,0.04957,0.03365,0.008031,0.004328,0.02015,0.02882,0.3422,0.3165,
1.759,0.3453,0.1169,0.05113,0.02867,0.04957,0.03365,0.008031,0.004328,0.02015,0.03584,0.3352,0.3165,
1.757,0.3414,0.1165,0.05089,0.02869,0.04941,0.03353,0.008287,0.0042,0.01991,0.03572,0.3374,0.3155,
1.755,0.3392,0.1164,0.05093,0.02869,0.04941,0.03274,0.008287,0.0042,0.01991,0.03572,0.3374,0.3163,
1.754,0.3429,0.1162,0.05084,0.02868,0.04933,0.03268,0.008273,0.004193,0.0203,0.03523,0.3385,0.3157,
1.754,0.3413,0.1158,0.05061,0.02864,0.04916,0.03307,0.008105,0.004108,0.01995,0.03639,0.3395,0.3147,
1.752,0.3453,0.1154,0.05045,0.02858,0.04899,0.03295,0.008246,0.003926,0.02069,0.03546,0.3417,0.3136,
1.753,0.3477,0.115,0.0505,0.0286,0.04928,0.03295,0.008246,0.003926,0.0209,0.03525,0.3417,0.3136,
1.75,0.3524,0.1148,0.0504,0.02786,0.0492,0.03325,0.007881,0.003919,0.02262,0.03343,0.3429,0.3138,
1.75,0.351,0.1147,0.05044,0.02789,0.0492,0.03325,0.007881,0.003919,0.02262,0.03343,0.3429,0.3138,
1.748,0.3528,0.1138,0.05031,0.02784,0.04949,0.03339,0.007603,0.003906,0.02255,0.03331,0.3451,0.3127,
1.748,0.3635,0.1138,0.05025,0.0279,0.04949,0.03349,0.007496,0.004074,0.02238,0.03331,0.3451,0.3127,
1.743,0.3554,0.1135,0.05021,0.02746,0.04941,0.03503,0.005885,0.004067,0.02234,0.03326,0.3462,0.3126,
1.742,0.3571,0.1135,0.05021,0.02749,0.04941,0.03426,0.005885,0.004067,0.02293,0.03266,0.3462,0.3134,
1.745,0.3539,0.1132,0.05014,0.02747,0.04916,0.03421,0.005876,0.00406,0.02397,0.03335,0.3456,0.3129,
1.749,0.354,0.1129,0.04993,0.02742,0.04899,0.03366,0.005856,0.004046,0.02448,0.03564,0.3449,0.3123,
1.747,0.3741,0.1081,0.05446,0.02743,0.04852,0.03606,0.003487,0.004049,0.02502,0.03515,0.3452,0.3125,
1.752,0.3663,0.1081,0.05445,0.02746,0.04852,0.03562,0.003487,0.004049,0.02589,0.0367,0.3427,0.313,
1.75,0.3637,0.1077,0.05435,0.02745,0.04863,0.03513,0.003481,0.004042,0.02688,0.0356,0.3439,0.3129,
1.751,0.3611,0.1072,0.05439,0.02748,0.04911,0.03513,0.003481,0.004042,0.02709,0.03539,0.3439,0.3129,
1.755,0.362,0.107,0.05429,0.02743,0.04902,0.03507,0.003475,0.004616,0.0295,0.03383,0.3435,0.3123,
1.754,0.3701,0.1068,0.05415,0.02743,0.04894,0.03501,0.003469,0.004608,0.02984,0.03338,0.3446,0.3118,
1.751,0.3613,0.1068,0.0542,0.02743,0.04894,0.03404,0.003425,0.004553,0.03015,0.033,0.3446,0.3129,
1.751,0.3597,0.1064,0.05421,0.0274,0.04873,0.03398,0.00342,0.005208,0.02997,0.03242,0.3458,0.3125,
1.754,0.3609,0.1064,0.05414,0.02747,0.04873,0.03398,0.00342,0.005208,0.03155,0.03227,0.3443,0.3125,
1.756,0.3665,0.1062,0.05405,0.02753,0.04874,0.03399,0.003421,0.005541,0.03207,0.03196,0.3439,0.3126,
1.758,0.37,0.1059,0.05388,0.02763,0.04866,0.03394,0.003415,0.005945,0.03181,0.03275,0.344,0.312,
1.759,0.3781,0.1057,0.05372,0.02771,0.04841,0.03345,0.00341,0.005936,0.03176,0.03392,0.344,0.312,
1.765,0.3789,0.105,0.05357,0.02779,0.04905,0.03346,0.00341,0.005937,0.03261,0.03546,0.3416,0.312,
1.773,0.3779,0.1051,0.05355,0.02791,0.04839,0.03376,0.003269,0.005809,0.03263,0.03988,0.3375,0.3122,
1.773,0.3759,0.1051,0.05358,0.02793,0.04806,0.03377,0.003271,0.005811,0.03264,0.0399,0.3376,0.3123,
1.768,0.3775,0.1049,0.05345,0.02796,0.04798,0.03206,0.003265,0.005801,0.03259,0.03983,0.3387,0.3135,
1.767,0.3798,0.1047,0.05322,0.02804,0.0479,0.032,0.00326,0.005956,0.03237,0.03976,0.3398,0.3129,
1.767,0.3723,0.1046,0.05334,0.02804,0.0479,0.032,0.00326,0.00612,0.0322,0.03976,0.3398,0.3129,
1.774,0.3742,0.1036,0.05341,0.02813,0.04877,0.03222,0.00304,0.00612,0.0322,0.04279,0.3368,0.3129,
1.773,0.3711,0.1031,0.05332,0.02812,0.04871,0.03218,0.003343,0.005804,0.03261,0.04228,0.338,0.3125,
1.773,0.3874,0.1031,0.05328,0.02816,0.04871,0.03218,0.003474,0.005673,0.03261,0.04228,0.338,0.3125,
1.77,0.3775,0.1029,0.05323,0.02814,0.04847,0.03131,0.003467,0.005661,0.03277,0.04201,0.3392,0.3129,
1.767,0.3761,0.1027,0.05312,0.0281,0.04839,0.03066,0.003235,0.005652,0.03343,0.04122,0.3403,0.3132,
1.772,0.3783,0.1027,0.05308,0.02816,0.04826,0.03066,0.003235,0.006117,0.03297,0.04333,0.3383,0.3132,
1.772,0.372,0.1027,0.05302,0.02824,0.04826,0.03066,0.003235,0.006117,0.03297,0.04333,0.3383,0.3132,
1.771,0.3783,0.1026,0.0529,0.0279,0.04826,0.03066,0.003235,0.006117,0.03336,0.04294,0.3383,0.3137,
1.776,0.3598,0.1025,0.053,0.02791,0.04826,0.03066,0.003235,0.006117,0.03336,0.04568,0.3356,0.3137,
1.78,0.3583,0.102,0.05289,0.02792,0.04845,0.02998,0.00323,0.006516,0.0329,0.0481,0.3342,0.3138,
1.778,0.3648,0.1012,0.05283,0.02783,0.04867,0.02988,0.003219,0.006657,0.03341,0.04716,0.3364,0.3128,
1.783,0.3635,0.101,0.05271,0.02786,0.04852,0.02977,0.00321,0.006644,0.03335,0.05009,0.3345,0.3123,
1.785,0.3615,0.101,0.05266,0.02791,0.04852,0.02997,0.003007,0.006644,0.03446,0.0503,0.3332,0.3123,
1.784,0.3632,0.101,0.05263,0.02794,0.04852,0.0294,0.003007,0.006644,0.03466,0.05009,0.3332,0.3129,
1.79,0.3576,0.101,0.05258,0.02799,0.04852,0.0294,0.003007,0.006847,0.03446,0.05331,0.33,0.3129,
1.803,0.3833,0.09839,0.05257,0.02798,0.05078,0.02878,0.003002,0.02072,0.02052,0.05529,0.3291,0.3129,
1.803,0.3846,0.09816,0.05253,0.02805,0.05098,0.02888,0.002976,0.02068,0.02085,0.05466,0.3291,0.3132,
1.806,0.3857,0.09801,0.05239,0.02737,0.05076,0.02884,0.003231,0.02837,0.01323,0.05851,0.3259,0.3134,
1.804,0.391,0.09779,0.05233,0.02662,0.05053,0.0288,0.003226,0.02867,0.01359,0.05769,0.327,0.3137,
1.803,0.3944,0.0976,0.05224,0.02661,0.05036,0.02875,0.003222,0.02861,0.01376,0.0574,0.3282,0.3133,
1.776,0.4729,0.02403,0.05224,0.02663,0.1239,0.02875,0.003222,0.02861,0.01549,0.05568,0.3282,0.3133,
1.778,0.4704,0.02398,0.05227,0.02667,0.1238,0.02876,0.003222,0.0286,0.01568,0.05668,0.327,0.3133,
1.785,0.4712,0.02396,0.05221,0.02674,0.1238,0.02876,0.003222,0.02889,0.01684,0.05819,0.3241,0.3133,
1.784,0.4721,0.02392,0.05221,0.0268,0.1237,0.02817,0.003425,0.0287,0.01684,0.0582,0.3241,0.314,
1.786,0.4727,0.02383,0.052,0.02676,0.1233,0.02808,0.003414,0.0286,0.01711,0.06008,0.3239,0.3129,
1.788,0.4809,0.0238,0.05197,0.02683,0.1232,0.02802,0.003411,0.0286,0.01853,0.05866,0.324,0.313,
1.788,0.4978,0.02312,0.05199,0.02684,0.1238,0.02802,0.00354,0.02848,0.01942,0.05777,0.324,0.313,
1.795,0.4712,0.02299,0.05211,0.02685,0.1238,0.02802,0.00354,0.02848,0.01978,0.0615,0.3199,0.313,
1.795,0.4704,0.02296,0.05213,0.02687,0.1238,0.02802,0.00354,0.02848,0.01978,0.0615,0.3199,0.313,
1.794,0.4723,0.02259,0.052,0.02687,0.124,0.02797,0.003534,0.02863,0.01994,0.06101,0.321,0.3125,
1.797,0.4705,0.02193,0.05206,0.02689,0.1246,0.02797,0.003792,0.02837,0.02354,0.05741,0.321,0.3125,
1.797,0.466,0.02188,0.05197,0.02687,0.1244,0.02793,0.003786,0.02833,0.02419,0.05663,0.3221,0.312,
1.805,0.462,0.02184,0.05186,0.02687,0.124,0.02789,0.003995,0.02807,0.02517,0.06036,0.3184,0.3115,
1.806,0.4579,0.02174,0.05169,0.02682,0.1236,0.0278,0.003982,0.02814,0.02534,0.06166,0.3186,0.3106,
1.808,0.4534,0.02171,0.0514,0.02683,0.1234,0.02776,0.003976,0.0281,0.0262,0.06208,0.3184,0.3101,
1.808,0.4488,0.02164,0.05136,0.02679,0.1232,0.02772,0.004226,0.0278,0.02706,0.06108,0.3195,0.3096,
1.807,0.4531,0.02155,0.05121,0.02671,0.1229,0.02763,0.004212,0.02772,0.0273,0.06056,0.3216,0.3086,
1.804,0.447,0.02152,0.05114,0.0267,0.1221,0.02789,0.00367,0.02769,0.0276,0.06017,0.3229,0.3086,
1.804,0.4426,0.0215,0.05115,0.0267,0.122,0.0279,0.003671,0.02769,0.0278,0.05998,0.323,0.3086,
1.804,0.4459,0.02143,0.05105,0.02672,0.1215,0.02786,0.003899,0.0274,0.02928,0.05838,0.3242,0.3082,
1.805,0.4484,0.02142,0.05102,0.02677,0.1215,0.0274,0.003899,0.0274,0.03073,0.05726,0.3239,0.3087,
1.805,0.4533,0.02138,0.05088,0.02678,0.1213,0.02736,0.003893,0.02762,0.0318,0.05577,0.325,0.3082,
1.806,0.4441,0.02135,0.05076,0.02677,0.1212,0.02617,0.004282,0.02718,0.03208,0.0576,0.3238,0.3088,
1.808,0.4419,0.02135,0.05072,0.02681,0.1212,0.02617,0.004282,0.02718,0.03611,0.05357,0.3238,0.3088,
1.808,0.441,0.02133,0.05074,0.02684,0.1209,0.02618,0.004482,0.02699,0.03613,0.05359,0.3239,0.309,
1.808,0.459,0.02132,0.0507,0.02691,0.1207,0.02618,0.004481,0.02721,0.03651,0.053,0.324,0.309,
1.82,0.4413,0.02129,0.0506,0.02689,0.1205,0.02614,0.004474,0.02716,0.03722,0.05927,0.3179,0.3085,
1.819,0.4441,0.02129,0.05055,0.02695,0.1203,0.02568,0.004472,0.02771,0.03761,0.05836,0.318,0.3091,
1.821,0.4354,0.02122,0.05027,0.02698,0.1198,0.0256,0.004656,0.02743,0.0375,0.06019,0.3182,0.3082,
1.821,0.4373,0.02122,0.05018,0.02707,0.1198,0.0256,0.004656,0.02743,0.03893,0.05876,0.3182,0.3082,
1.831,0.4293,0.02114,0.05008,0.02708,0.1196,0.02556,0.004649,0.02739,0.04106,0.06222,0.3136,0.3077,
1.833,0.4303,0.02095,0.05005,0.02713,0.1198,0.02515,0.005431,0.02696,0.04138,0.06283,0.3123,0.3081,
1.832,0.4286,0.02091,0.05004,0.02671,0.1198,0.02532,0.005263,0.02696,0.04138,0.06283,0.3123,0.3086,
1.838,0.5024,0.0209,0.04985,0.02688,0.1197,0.02552,0.02099,0.01104,0.04186,0.06236,0.3123,0.3086,
1.837,0.4456,0.02085,0.04962,0.0269,0.1189,0.0256,0.02088,0.01103,0.04324,0.06091,0.3137,0.3084,
1.837,0.4004,0.02084,0.04939,0.02697,0.1189,0.02577,0.02073,0.01103,0.04345,0.06073,0.3138,0.3085,
1.844,0.3544,0.0205,0.04899,0.02723,0.1187,0.02599,0.02074,0.01084,0.04443,0.06458,0.3093,0.3087,
1.846,0.357,0.02051,0.04879,0.02727,0.1186,0.02599,0.02075,0.01193,0.04484,0.06313,0.3094,0.3088,
1.845,0.3555,0.02016,0.04863,0.02733,0.1189,0.026,0.02075,0.01219,0.04458,0.06314,0.3094,0.3089,
1.844,0.349,0.02012,0.0485,0.02736,0.1187,0.02596,0.02111,0.01178,0.04512,0.06244,0.3105,0.3084,
1.844,0.3371,0.02009,0.04833,0.02741,0.1185,0.02592,0.02108,0.01176,0.04642,0.06098,0.3115,0.3079,
1.843,0.3318,0.02006,0.0483,0.02747,0.1185,0.02571,0.02123,0.0115,0.04676,0.06055,0.3115,0.3083,
1.841,0.3351,0.01978,0.04823,0.02744,0.1186,0.02567,0.02139,0.01128,0.04669,0.06046,0.3126,0.3079,
1.84,0.3523,0.01962,0.048,0.02739,0.1182,0.02559,0.02145,0.01113,0.04867,0.05888,0.3141,0.3069,
1.84,0.3324,0.01956,0.04769,0.02747,0.1179,0.02556,0.02142,0.01158,0.04888,0.05807,0.3153,0.3066,
1.84,0.3386,0.01951,0.04769,0.0275,0.1179,0.02556,0.02142,0.01158,0.04988,0.05708,0.3153,0.3066,
1.838,0.3333,0.01943,0.04745,0.02744,0.1176,0.02564,0.0214,0.01135,0.05081,0.05577,0.3175,0.3057,
1.839,0.3318,0.01938,0.04732,0.02747,0.1176,0.02583,0.02122,0.01135,0.0522,0.05536,0.3166,0.3057,
1.839,0.3311,0.01932,0.04708,0.02748,0.1172,0.02554,0.02096,0.01131,0.05258,0.05643,0.3169,0.3051,
1.839,0.3286,0.01926,0.04712,0.0275,0.117,0.02554,0.02096,0.01131,0.0536,0.05544,0.317,0.3052,
1.837,0.3265,0.01926,0.04706,0.02693,0.117,0.02554,0.02096,0.01131,0.05397,0.05507,0.317,0.3059,
1.838,0.3484,0.01864,0.04687,0.02701,0.117,0.02557,0.02157,0.01113,0.0547,0.05523,0.3162,0.3062,
1.846,0.3286,0.01862,0.04676,0.027,0.1168,0.02553,0.02153,0.01131,0.05565,0.05905,0.3121,0.3057,
1.845,0.3172,0.018,0.0467,0.02707,0.1174,0.02572,0.02134,0.0115,0.05583,0.05869,0.3121,0.3057,
1.845,0.3139,0.018,0.04661,0.02716,0.1174,0.02572,0.02134,0.0115,0.05583,0.05869,0.3121,0.3057,
1.845,0.3051,0.01795,0.04661,0.02721,0.1172,0.02533,0.02154,0.01196,0.05645,0.05743,0.3122,0.3061,
1.845,0.3166,0.01772,0.04666,0.02724,0.1173,0.02534,0.02154,0.01196,0.05646,0.05744,0.3122,0.3062,
1.834,0.3328,0.01772,0.0466,0.0273,0.1171,0.03914,0.007938,0.01193,0.05806,0.0557,0.3123,0.3062,
1.837,0.3042,0.01768,0.0465,0.02729,0.117,0.03908,0.007925,0.0121,0.05814,0.05759,0.311,0.3057,
1.846,0.2964,0.01763,0.0464,0.02731,0.1168,0.03918,0.007952,0.01189,0.05893,0.06271,0.3059,0.3053,
1.845,0.298,0.01707,0.04639,0.02736,0.1173,0.03918,0.008146,0.01189,0.05916,0.06229,0.3059,0.3053,
1.844,0.3071,0.01704,0.04629,0.02736,0.1171,0.03875,0.00794,0.01235,0.06234,0.05844,0.307,0.3054,
1.842,0.3138,0.01699,0.04623,0.02732,0.1168,0.03869,0.008133,0.01213,0.06554,0.05508,0.3081,0.305,
1.848,0.3053,0.01697,0.0461,0.02734,0.1163,0.03865,0.008125,0.01247,0.06745,0.05641,0.3056,0.3046,
1.847,0.2878,0.01697,0.04606,0.0274,0.1159,0.03867,0.008515,0.01209,0.06841,0.0555,0.3057,0.3048,
1.846,0.2812,0.01694,0.04602,0.02749,0.1154,0.03813,0.008519,0.0121,0.06937,0.0546,0.3059,0.3055,
1.845,0.2839,0.01685,0.04584,0.02755,0.1151,0.03814,0.008524,0.01211,0.06961,0.05445,0.3061,0.3057,
1.844,0.2846,0.01675,0.04565,0.02753,0.1147,0.03803,0.008727,0.01213,0.06949,0.05393,0.3083,0.3048,
1.844,0.2884,0.01657,0.04554,0.02768,0.1147,0.03823,0.008536,0.01264,0.06931,0.05361,0.3083,0.3049,
1.842,0.3021,0.01651,0.04546,0.02767,0.1144,0.03746,0.008524,0.0132,0.07032,0.05185,0.3094,0.3052,
1.842,0.2938,0.01651,0.04542,0.02771,0.1144,0.03746,0.008524,0.01339,0.07013,0.05185,0.3094,0.3052,
1.853,0.3088,0.01626,0.04526,0.0277,0.1141,0.03773,0.008116,0.02533,0.05795,0.0517,0.3116,0.3043,
1.85,0.322,0.01623,0.04522,0.02777,0.1141,0.0362,0.008116,0.02552,0.05902,0.05044,0.3116,0.3058,
1.859,0.3486,0.01616,0.04506,0.02772,0.1137,0.03537,0.02202,0.01919,0.05209,0.04935,0.3137,0.3056,
1.858,0.354,0.01616,0.04498,0.02738,0.1133,0.03539,0.02203,0.0192,0.05265,0.04884,0.3139,0.3061,
1.877,0.3487,0.01832,0.04491,0.02748,0.1133,0.03461,0.02238,0.01933,0.05217,0.0566,0.3061,0.3047,
1.882,0.3388,0.01904,0.04483,0.02757,0.1132,0.03461,0.02257,0.01934,0.05198,0.05809,0.3047,0.304,
1.88,0.3382,0.01899,0.0448,0.02764,0.1131,0.03403,0.02238,0.01988,0.05202,0.05753,0.3048,0.3049,
1.881,0.3408,0.01897,0.04469,0.02778,0.1131,0.03403,0.02238,0.02019,0.052,0.05724,0.3048,0.3049,
1.881,0.3475,0.01897,0.04464,0.02782,0.1131,0.03403,0.02238,0.02019,0.05418,0.05506,0.3048,0.3049,
1.88,0.3411,0.01894,0.04452,0.02783,0.1129,0.03413,0.0222,0.02064,0.05532,0.05327,0.3058,0.3044,
1.879,0.354,0.01889,0.04446,0.02781,0.1128,0.03408,0.02216,0.0208,0.05603,0.0522,0.3069,0.3039,
1.89,0.3385,0.01977,0.04436,0.02782,0.1126,0.03403,0.02213,0.02077,0.05789,0.05528,0.3028,0.3025,
1.894,0.3371,0.01995,0.04411,0.02775,0.112,0.03293,0.02188,0.02087,0.05745,0.06056,0.3005,0.302,
1.896,0.3451,0.02147,0.04407,0.02768,0.112,0.03205,0.02183,0.02115,0.0581,0.05963,0.3005,0.3015,
1.893,0.3647,0.02132,0.04373,0.02761,0.1113,0.03192,0.02174,0.02107,0.0584,0.05885,0.3038,0.3003,
1.892,0.3466,0.02128,0.04373,0.02763,0.111,0.03193,0.02205,0.02078,0.06034,0.05694,0.3039,0.3004,
1.892,0.2994,0.02128,0.04371,0.02768,0.1108,0.03194,0.02206,0.02078,0.06151,0.05581,0.304,0.3005,
1.897,0.3054,0.02119,0.04359,0.02761,0.1104,0.03184,0.02619,0.01652,0.06132,0.06039,0.3014,0.2996,
1.896,0.3284,0.02113,0.04356,0.02769,0.1104,0.03145,0.02634,0.01636,0.06344,0.05827,0.3014,0.2999,
1.896,0.3064,0.02106,0.0436,0.02773,0.1103,0.03145,0.02635,0.01637,0.06345,0.05828,0.3014,0.3,
1.892,0.3124,0.021,0.04346,0.02764,0.11,0.03106,0.02635,0.01608,0.06707,0.0543,0.3035,0.2995,
1.879,0.3485,0.02067,0.0434,0.02724,0.1101,0.04609,0.01123,0.0163,0.06672,0.05422,0.3046,0.2995,
1.878,0.3304,0.0212,0.0432,0.02724,0.1095,0.04569,0.01104,0.01624,0.06716,0.0542,0.3052,0.2993,
1.876,0.3098,0.02101,0.04293,0.02728,0.1094,0.04582,0.01083,0.01622,0.06743,0.05379,0.3064,0.2989,
1.876,0.3134,0.02099,0.04289,0.02733,0.1094,0.04582,0.01083,0.01622,0.06821,0.05301,0.3064,0.2989,
1.875,0.3135,0.02096,0.04279,0.02732,0.1092,0.04575,0.01082,0.0162,0.06901,0.05202,0.3074,0.2985,
1.873,0.3181,0.0209,0.04277,0.0274,0.1092,0.04508,0.01078,0.01615,0.06957,0.05145,0.3074,0.2992,
1.871,0.3314,0.02088,0.04275,0.02706,0.1092,0.04469,0.0109,0.01603,0.06992,0.05111,0.3074,0.3,
1.885,0.3204,0.02229,0.04265,0.02717,0.109,0.04431,0.0109,0.01631,0.07007,0.05688,0.3014,0.299,
1.892,0.3114,0.02372,0.04261,0.02723,0.109,0.04431,0.01112,0.01652,0.06964,0.05852,0.2997,0.2976,
1.891,0.3169,0.02369,0.04244,0.02716,0.1089,0.04425,0.01111,0.0165,0.0705,0.05748,0.3008,0.2972,
1.889,0.3138,0.02369,0.04202,0.02682,0.1089,0.04425,0.01111,0.0165,0.07206,0.05593,0.3008,0.2979,
1.896,0.3044,0.02393,0.04192,0.0268,0.1087,0.0438,0.01109,0.01674,0.07169,0.06039,0.2974,0.2976,
1.895,0.3111,0.02394,0.04172,0.02683,0.1083,0.04383,0.01151,0.01634,0.07337,0.05879,0.2976,0.2978,
1.891,0.2582,0.02388,0.0414,0.02692,0.1079,0.04258,0.01145,0.01633,0.0737,0.05833,0.2987,0.2987,
1.888,0.248,0.02383,0.0411,0.02699,0.108,0.0411,0.01168,0.01611,0.07403,0.05804,0.2988,0.3003,
1.886,0.2676,0.02376,0.04104,0.02697,0.1078,0.04062,0.01166,0.01623,0.07377,0.05795,0.2999,0.3003,
1.884,0.266,0.02371,0.0409,0.02703,0.1076,0.0399,0.01165,0.01621,0.07366,0.05786,0.3009,0.3005,
1.882,0.2582,0.02369,0.04079,0.02717,0.1076,0.0391,0.01165,0.01621,0.07446,0.05706,0.3009,0.3013,
1.885,0.263,0.0243,0.04075,0.02724,0.1076,0.0383,0.01165,0.01621,0.07446,0.05851,0.2995,0.3015,
1.882,0.2585,0.02423,0.04078,0.02729,0.1076,0.03788,0.019,0.008806,0.07465,0.05832,0.2995,0.3019,
1.883,0.2584,0.02466,0.04069,0.02738,0.1076,0.03711,0.019,0.008992,0.07446,0.05874,0.2991,0.3023,
1.882,0.2677,0.02466,0.04068,0.02739,0.1076,0.03711,0.019,0.008992,0.07525,0.05795,0.2991,0.3023,
1.879,0.2593,0.02331,0.04059,0.02749,0.109,0.03665,0.019,0.008992,0.07525,0.05795,0.2991,0.3027,
1.878,0.2597,0.0225,0.04049,0.02749,0.1096,0.03659,0.01897,0.009226,0.0749,0.05786,0.3001,0.3023,
1.876,0.2764,0.02244,0.04048,0.02689,0.1096,0.03678,0.01879,0.009226,0.0749,0.05786,0.3001,0.3029,
1.881,0.2636,0.02318,0.04043,0.02695,0.1096,0.0369,0.01867,0.009226,0.07586,0.05902,0.298,0.3022,
1.877,0.2571,0.02312,0.04035,0.02694,0.1094,0.03573,0.01889,0.008965,0.07615,0.05853,0.299,0.3029,
1.883,0.2724,0.02445,0.04035,0.02694,0.1093,0.03499,0.01908,0.00903,0.07649,0.06049,0.2966,0.3022,
1.901,0.2716,0.0244,0.04021,0.027,0.1092,0.03494,0.01942,0.0202,0.06753,0.0577,0.2977,0.3018,
1.901,0.2786,0.02438,0.04009,0.02714,0.1092,0.03494,0.01942,0.02038,0.06734,0.0577,0.2977,0.3018,
1.9,0.2946,0.02428,0.04006,0.02715,0.1089,0.03462,0.01939,0.02134,0.06745,0.05625,0.2987,0.3018,
1.907,0.288,0.02618,0.04008,0.02658,0.1089,0.03423,0.01939,0.02134,0.07035,0.05669,0.2954,0.3009,
1.916,0.2869,0.02737,0.04004,0.02667,0.1089,0.03392,0.01925,0.02177,0.07079,0.05967,0.2916,0.3001,
1.918,0.2502,0.02796,0.04004,0.02672,0.1089,0.03392,0.01978,0.02152,0.07126,0.05892,0.2916,0.2995,
1.918,0.251,0.02787,0.04002,0.02682,0.1089,0.03392,0.01978,0.02184,0.07136,0.0585,0.2916,0.2995,
1.918,0.2525,0.02786,0.03996,0.02691,0.1087,0.03392,0.01978,0.02203,0.07186,0.05783,0.2916,0.2995,
1.921,0.242,0.02872,0.03989,0.02701,0.1091,0.03393,0.01979,0.02228,0.0724,0.05707,0.2916,0.2982,
1.92,0.2358,0.02864,0.0397,0.02716,0.1088,0.03407,0.01957,0.02318,0.07221,0.05615,0.2927,0.2978,
1.921,0.2813,0.02935,0.0396,0.02711,0.1085,0.03379,0.01916,0.02348,0.07194,0.05653,0.2939,0.2966,
1.929,0.2691,0.03098,0.0395,0.02714,0.1084,0.0338,0.01916,0.02349,0.07239,0.05935,0.2908,0.295,
1.927,0.2477,0.03087,0.03918,0.02714,0.1081,0.03371,0.01911,0.02343,0.07254,0.05884,0.2929,0.2942,
1.931,0.2383,0.03192,0.0391,0.02726,0.1081,0.03371,0.01911,0.02361,0.07502,0.05718,0.2919,0.2931,
1.923,0.2551,0.03177,0.03895,0.02728,0.1078,0.04024,0.01242,0.02354,0.0757,0.05611,0.294,0.2923,
1.921,0.2261,0.03177,0.03892,0.02731,0.1078,0.03986,0.01242,0.02354,0.07836,0.05345,0.294,0.2926,
1.935,0.2709,0.03171,0.03878,0.02737,0.1076,0.0398,0.01241,0.04664,0.05578,0.05271,0.295,0.2922,
1.942,0.2635,0.0337,0.03867,0.02744,0.1073,0.03975,0.01239,0.04658,0.05881,0.05155,0.2941,0.2897,
1.95,0.281,0.03359,0.03834,0.02717,0.1071,0.0397,0.01256,0.04634,0.05907,0.05696,0.2894,0.2898,
1.948,0.2805,0.0335,0.03828,0.02718,0.107,0.03926,0.01254,0.04627,0.06011,0.05575,0.2904,0.2897,
1.948,0.2819,0.03339,0.0382,0.02709,0.107,0.03928,0.01254,0.04647,0.06013,0.05559,0.2905,0.2898,
1.944,0.2751,0.03324,0.03806,0.0271,0.1067,0.03863,0.01251,0.04634,0.06122,0.05415,0.2925,0.2895,
1.947,0.2509,0.03343,0.03812,0.02713,0.1069,0.03825,0.0127,0.04614,0.06225,0.05471,0.291,0.2894,
1.955,0.2512,0.03404,0.03811,0.02721,0.1069,0.03825,0.0127,0.04614,0.06243,0.05862,0.2869,0.2887,
1.955,0.2609,0.034,0.03805,0.02731,0.1069,0.03772,0.01299,0.04627,0.06362,0.057,0.2869,0.2892,
1.954,0.2547,0.03395,0.03781,0.02723,0.107,0.03789,0.01285,0.04667,0.06389,0.05627,0.287,0.2894,
1.957,0.2585,0.03544,0.03767,0.02728,0.107,0.0379,0.01286,0.04692,0.064,0.05595,0.2871,0.2878,
1.957,0.2519,0.03521,0.0377,0.02735,0.1069,0.03791,0.01304,0.04703,0.06416,0.05554,0.2872,0.2879,
1.957,0.2618,0.03521,0.03757,0.02748,0.1069,0.03791,0.01324,0.04684,0.06497,0.05473,0.2872,0.2879,
1.954,0.2565,0.03508,0.03723,0.02753,0.1066,0.03781,0.01338,0.04653,0.06837,0.051,0.2893,0.2871,
1.956,0.2599,0.03501,0.03726,0.02757,0.1066,0.03796,0.01324,0.04653,0.0691,0.05156,0.288,0.2871,
1.953,0.2071,0.03432,0.03723,0.02758,0.1071,0.03719,0.0134,0.04628,0.06931,0.05118,0.289,0.2874,
1.953,0.2039,0.0343,0.03715,0.02769,0.1071,0.03719,0.0134,0.04628,0.07032,0.05017,0.289,0.2874,
1.958,0.2117,0.03372,0.03697,0.02762,0.1071,0.0371,0.02228,0.03743,0.06996,0.05004,0.2912,0.2867,
1.964,0.228,0.03369,0.03697,0.02765,0.1071,0.0371,0.02228,0.03761,0.07105,0.05271,0.2872,0.2867,
1.964,0.2125,0.03367,0.0367,0.02767,0.1071,0.03711,0.02265,0.03744,0.07138,0.05224,0.2873,0.2867,
1.962,0.2141,0.03335,0.03651,0.02763,0.107,0.03707,0.02263,0.03778,0.07192,0.0512,0.2885,0.2865,
1.963,0.2081,0.03315,0.03627,0.02767,0.107,0.03709,0.02264,0.0378,0.07195,0.05194,0.2879,0.2866,
1.963,0.2045,0.03305,0.03619,0.02771,0.107,0.03732,0.02241,0.03859,0.07118,0.05195,0.2879,0.2866,
1.963,0.2184,0.03254,0.0362,0.02773,0.1073,0.03733,0.0226,0.03859,0.07186,0.05139,0.2877,0.2867,
1.966,0.2013,0.03242,0.0363,0.02775,0.1073,0.03733,0.0226,0.03859,0.07251,0.05252,0.286,0.2867,
1.966,0.2097,0.03238,0.03628,0.0278,0.1073,0.03733,0.02278,0.03859,0.07233,0.05252,0.286,0.2867,
1.963,0.2015,0.03152,0.03631,0.02775,0.1076,0.03723,0.02289,0.0383,0.07212,0.05237,0.288,0.2859,
1.963,0.2061,0.03152,0.03623,0.02782,0.1076,0.03723,0.02325,0.03812,0.07224,0.05207,0.288,0.2859,
1.964,0.2119,0.03079,0.03633,0.02785,0.1082,0.03723,0.0234,0.03854,0.07168,0.0529,0.2872,0.2859,
1.966,0.2173,0.03079,0.0363,0.02788,0.1081,0.03723,0.02355,0.03858,0.07151,0.05351,0.2866,0.2859,
1.966,0.2265,0.03066,0.03638,0.02792,0.108,0.03724,0.02373,0.03903,0.0723,0.05212,0.2867,0.286,
1.965,0.2384,0.03066,0.03636,0.02794,0.108,0.03671,0.02387,0.03906,0.07263,0.05161,0.2867,0.2865,
1.962,0.2354,0.03051,0.03639,0.02795,0.1077,0.03615,0.02367,0.03901,0.07296,0.05112,0.2877,0.2868,
1.962,0.2397,0.03051,0.03631,0.02802,0.1077,0.03615,0.02387,0.03882,0.07329,0.05079,0.2877,0.2868,
1.955,0.2625,0.0312,0.03626,0.02803,0.1075,0.05137,0.009037,0.03829,0.07318,0.05509,0.2844,0.2856,
1.953,0.2346,0.03051,0.03621,0.02807,0.1079,0.05148,0.008833,0.03824,0.07326,0.05484,0.2854,0.2852,
1.951,0.1997,0.02976,0.03614,0.02809,0.1085,0.05141,0.00882,0.03818,0.07422,0.05369,0.2864,0.2848,
1.95,0.198,0.0297,0.03601,0.02815,0.1083,0.05163,0.00881,0.0381,0.07423,0.05323,0.2874,0.2844,
1.95,0.1843,0.02961,0.03604,0.0282,0.1083,0.05163,0.009002,0.03809,0.07497,0.0523,0.2874,0.2844,
1.953,0.1901,0.02951,0.03606,0.02815,0.1083,0.05164,0.009182,0.0381,0.0748,0.05436,0.2854,0.2845,
1.958,0.1945,0.03006,0.03603,0.02823,0.1081,0.05097,0.009185,0.03811,0.07546,0.05649,0.2828,0.2846,
1.957,0.1921,0.02997,0.03612,0.02823,0.1081,0.05045,0.009185,0.03811,0.0763,0.05566,0.2828,0.2852,
1.956,0.1965,0.03075,0.03596,0.02831,0.1078,0.04987,0.009173,0.03833,0.0769,0.05461,0.2838,0.2845,
1.953,0.1901,0.03064,0.03594,0.0283,0.1076,0.04844,0.009517,0.03791,0.07851,0.05281,0.2848,0.2855,
1.953,0.1868,0.03054,0.03597,0.02836,0.1075,0.04859,0.009554,0.03798,0.07863,0.05248,0.2849,0.2855,
1.962,0.1833,0.03089,0.036,0.02843,0.108,0.04859,0.009554,0.03875,0.07785,0.057,0.2804,0.2846,
1.961,0.2196,0.03081,0.03603,0.02847,0.108,0.04873,0.009411,0.03875,0.08162,0.05323,0.2804,0.2846,
1.959,0.2022,0.03232,0.03599,0.02841,0.1077,0.04757,0.009243,0.03865,0.08264,0.05183,0.2824,0.2833,
1.962,0.1967,0.03341,0.03595,0.0284,0.1075,0.04703,0.00923,0.03877,0.08299,0.05236,0.2821,0.2822,
1.962,0.1882,0.03338,0.03593,0.02845,0.1075,0.04703,0.009372,0.03912,0.08471,0.05015,0.2821,0.2822,
1.961,0.1853,0.03337,0.03585,0.02854,0.1075,0.04721,0.009351,0.0392,0.08603,0.04859,0.2821,0.2822,
1.96,0.1808,0.03315,0.03596,0.02851,0.1074,0.04715,0.009338,0.03915,0.08621,0.04822,0.2832,0.2818,
1.959,0.1842,0.03306,0.03595,0.02847,0.1072,0.04708,0.009542,0.03888,0.08626,0.04797,0.2842,0.2814,
1.957,0.1815,0.03301,0.03592,0.02856,0.1072,0.04656,0.009542,0.03888,0.08774,0.0465,0.2842,0.2819,
1.956,0.2087,0.03298,0.0359,0.02861,0.1072,0.04656,0.009542,0.03905,0.0895,0.04456,0.2842,0.2819,
1.958,0.2297,0.03296,0.0358,0.02873,0.1072,0.04656,0.009542,0.03905,0.09018,0.04514,0.2829,0.2819,
1.956,0.2181,0.03277,0.03564,0.02881,0.1071,0.0465,0.00953,0.039,0.09119,0.04397,0.284,0.2815,
1.939,0.2691,0.0327,0.03556,0.02882,0.107,0.04506,0.009693,0.1044,0.02772,0.04165,0.285,0.2825,
1.945,0.2764,0.03279,0.03564,0.02885,0.1073,0.04506,0.009693,0.1044,0.02843,0.04342,0.2825,0.282,
1.944,0.2767,0.03265,0.03574,0.02889,0.1073,0.04454,0.009693,0.1045,0.02912,0.04256,0.2825,0.2825,
1.944,0.2089,0.03265,0.03572,0.02891,0.1073,0.04454,0.009693,0.1045,0.02965,0.04202,0.2825,0.2825,
1.94,0.1892,0.03297,0.0358,0.02892,0.1076,0.04904,0.005124,0.1044,0.0305,0.04278,0.2818,0.2811,
1.938,0.2003,0.03273,0.03558,0.02884,0.1072,0.04884,0.005467,0.1036,0.03101,0.04197,0.2849,0.2799,
1.936,0.1761,0.03257,0.03521,0.0287,0.1071,0.04878,0.005462,0.1035,0.03175,0.04117,0.2861,0.2797,
1.946,0.1677,0.03257,0.03511,0.02881,0.1071,0.04878,0.005462,0.1035,0.0341,0.04355,0.2813,0.2797,
1.946,0.1766,0.03254,0.03506,0.02889,0.1071,0.04878,0.005638,0.1033,0.0341,0.04355,0.2813,0.2797,
1.946,0.1787,0.03214,0.035,0.02891,0.1074,0.04908,0.005526,0.1032,0.03472,0.04293,0.2814,0.2797,
1.951,0.1727,0.03198,0.03494,0.02899,0.1073,0.04874,0.005343,0.103,0.03503,0.04626,0.2786,0.2798,
1.951,0.1744,0.03192,0.03495,0.02905,0.1073,0.04874,0.00553,0.1034,0.03613,0.04456,0.2786,0.2798,
1.953,0.1773,0.03317,0.03488,0.02911,0.1073,0.04815,0.005612,0.1029,0.03714,0.04356,0.2786,0.2796,
1.953,0.1786,0.03314,0.03484,0.02919,0.1073,0.04815,0.005612,0.1029,0.03714,0.04356,0.2786,0.2796,
1.957,0.1845,0.03461,0.03491,0.02922,0.1073,0.04815,0.005788,0.1029,0.03778,0.04277,0.2786,0.278,
1.956,0.179,0.03454,0.03489,0.02931,0.1073,0.04768,0.005788,0.1029,0.03813,0.04243,0.2786,0.2785,
1.953,0.1889,0.03438,0.03483,0.02925,0.107,0.04685,0.005772,0.1026,0.03837,0.04196,0.2806,0.2784,
1.952,0.1875,0.03427,0.03467,0.02927,0.1069,0.04686,0.005774,0.1026,0.04119,0.03918,0.2808,0.2785,
1.951,0.1857,0.03423,0.03457,0.02929,0.1067,0.0468,0.005766,0.1025,0.04113,0.03912,0.2818,0.2781,
1.949,0.1847,0.03421,0.03454,0.02934,0.1067,0.04564,0.005766,0.103,0.04089,0.03881,0.2818,0.2793,
1.952,0.187,0.03471,0.03439,0.0294,0.1066,0.04558,0.005933,0.1027,0.04153,0.03933,0.2815,0.2783,
1.951,0.2042,0.03458,0.03433,0.02946,0.1066,0.04541,0.00589,0.1026,0.04193,0.03877,0.2815,0.2789,
1.951,0.2035,0.03458,0.03428,0.02951,0.1066,0.04541,0.006065,0.1028,0.04183,0.03846,0.2815,0.2789,
1.95,0.208,0.03414,0.03429,0.02949,0.1067,0.04499,0.006579,0.1021,0.04208,0.0381,0.2826,0.2789,
1.949,0.2059,0.03387,0.03424,0.02955,0.1068,0.04431,0.006581,0.1021,0.04244,0.03776,0.2826,0.2797,
1.949,0.2043,0.03413,0.03415,0.02951,0.1064,0.04437,0.006738,0.1015,0.04267,0.03785,0.2842,0.2785,
1.95,0.2096,0.03406,0.03408,0.02952,0.1062,0.04448,0.007261,0.1007,0.04261,0.03779,0.2852,0.2781,
1.951,0.2115,0.03406,0.03398,0.02961,0.1062,0.04448,0.007956,0.1003,0.0423,0.03779,0.2852,0.2781,
1.981,0.2432,0.03388,0.03401,0.02962,0.1061,0.04405,0.02625,0.08185,0.04224,0.03774,0.2862,0.2781,
1.981,0.2423,0.03376,0.03386,0.02976,0.1057,0.04408,0.02626,0.08217,0.04233,0.03741,0.2864,0.2783,
1.98,0.2327,0.03368,0.03391,0.02979,0.1057,0.04408,0.02626,0.0824,0.04248,0.03704,0.2864,0.2783,
1.995,0.2528,0.0341,0.03391,0.02985,0.1057,0.04408,0.03958,0.06908,0.04248,0.03823,0.2852,0.2778,
1.992,0.2525,0.03352,0.0339,0.02983,0.1061,0.04345,0.0397,0.06881,0.04331,0.03728,0.2862,0.2779,
1.995,0.2549,0.03392,0.03379,0.02986,0.1059,0.0434,0.03965,0.06889,0.04308,0.03854,0.286,0.277,
2.003,0.2623,0.03463,0.03371,0.02996,0.1059,0.0433,0.03958,0.0687,0.04525,0.03995,0.2824,0.2766,
2.002,0.2663,0.03459,0.03367,0.03004,0.1059,0.04268,0.04022,0.06823,0.04572,0.03931,0.2824,0.2772,
2.002,0.2597,0.03459,0.03354,0.03017,0.1059,0.04268,0.04091,0.06771,0.04554,0.03931,0.2824,0.2772,
2.005,0.27,0.03501,0.03353,0.0302,0.1059,0.04212,0.04108,0.06768,0.04623,0.04006,0.2808,0.2774,
2.011,0.2302,0.03483,0.03351,0.03027,0.1069,0.04212,0.04108,0.06785,0.04623,0.04304,0.2776,0.2766,
2.011,0.207,0.0346,0.03372,0.0303,0.1067,0.04213,0.04126,0.06769,0.04717,0.04211,0.2777,0.2766,
2.009,0.2076,0.03455,0.03367,0.02981,0.1066,0.04207,0.04121,0.0676,0.04788,0.04127,0.2787,0.2767,
2.009,0.2008,0.03455,0.03356,0.02992,0.1066,0.04222,0.04123,0.06742,0.04788,0.04127,0.2787,0.2767,
2.004,0.2107,0.03491,0.03361,0.02997,0.1066,0.05843,0.02451,0.06784,0.04801,0.04182,0.2776,0.2767,
2.004,0.2079,0.03484,0.03363,0.03001,0.1066,0.0586,0.02434,0.06784,0.04801,0.04182,0.2776,0.2767,
2.004,0.2189,0.03482,0.03353,0.03015,0.1064,0.05861,0.02434,0.06785,0.04801,0.04182,0.2776,0.2768,
2.007,0.2214,0.03467,0.03353,0.03017,0.1071,0.05767,0.02409,0.06823,0.04773,0.04429,0.2758,0.2767,
2.006,0.2166,0.03459,0.03347,0.03017,0.1069,0.05759,0.02406,0.06814,0.04766,0.04423,0.2768,0.2763,
2.004,0.2189,0.03445,0.03349,0.03015,0.1068,0.05715,0.02403,0.06822,0.04742,0.04417,0.2778,0.2763,
2.008,0.2561,0.03435,0.03333,0.03014,0.1065,0.05678,0.0325,0.0596,0.04767,0.04342,0.2798,0.2759,
2.017,0.2392,0.03498,0.03334,0.03018,0.1069,0.05678,0.03268,0.05966,0.04803,0.04638,0.2763,0.2749,
2.015,0.2423,0.03487,0.03337,0.03026,0.1069,0.05577,0.03268,0.05966,0.04893,0.04548,0.2763,0.2759,
2.015,0.2503,0.03462,0.03347,0.03028,0.1069,0.05578,0.03269,0.05967,0.04924,0.04519,0.2763,0.2759,
2.015,0.2497,0.03462,0.03343,0.03032,0.1069,0.05578,0.03286,0.05949,0.04963,0.0448,0.2763,0.2759,
2.014,0.2473,0.03462,0.03336,0.0304,0.1069,0.05542,0.03303,0.05949,0.04946,0.0448,0.2763,0.2763,
2.012,0.2378,0.03403,0.03326,0.03041,0.1073,0.05486,0.03317,0.05907,0.05021,0.04391,0.2773,0.2765,
2.012,0.2675,0.03403,0.03324,0.03044,0.1073,0.05517,0.03305,0.05939,0.05109,0.04253,0.2773,0.2765,
2.01,0.2564,0.03389,0.03336,0.03045,0.1073,0.05452,0.03305,0.05998,0.05373,0.0393,0.2773,0.2772,
2.011,0.2565,0.03478,0.03325,0.03048,0.1071,0.05401,0.0329,0.05973,0.05455,0.03924,0.2774,0.2766,
2.009,0.2554,0.03463,0.0333,0.03045,0.107,0.05428,0.03286,0.0596,0.05516,0.03819,0.2784,0.2762,
2.009,0.2476,0.03462,0.03328,0.03047,0.107,0.05428,0.03286,0.0596,0.05618,0.03717,0.2784,0.2762,
2.009,0.2491,0.03454,0.0332,0.0305,0.107,0.05445,0.03281,0.0595,0.05619,0.03718,0.2785,0.2762,
2.014,0.2764,0.03625,0.03316,0.03057,0.107,0.05446,0.03281,0.0595,0.05659,0.03765,0.2776,0.2744,
2.011,0.2691,0.03593,0.03325,0.03001,0.1067,0.05488,0.0323,0.05944,0.05722,0.03692,0.2787,0.2746,
2.01,0.2635,0.03588,0.03313,0.03004,0.1066,0.05498,0.03208,0.05936,0.05714,0.03687,0.2797,0.2742,
2.008,0.2557,0.03575,0.03302,0.03014,0.1064,0.05426,0.03221,0.0591,0.05706,0.03681,0.2807,0.2745,
2.009,0.218,0.03725,0.03283,0.03015,0.1061,0.05272,0.03212,0.05894,0.0569,0.03778,0.2817,0.2735,
2.013,0.2243,0.03837,0.03284,0.03013,0.1059,0.05265,0.03207,0.05903,0.05699,0.03867,0.2814,0.2719,
2.012,0.2358,0.03831,0.03272,0.03015,0.1058,0.05284,0.03191,0.05905,0.05772,0.03792,0.2815,0.272,
2.012,0.2375,0.03827,0.03272,0.03019,0.1058,0.05301,0.03174,0.05918,0.05759,0.03792,0.2815,0.272,
2.011,0.2241,0.03804,0.03262,0.0302,0.1057,0.05346,0.0312,0.05929,0.05735,0.03786,0.2826,0.2717,
2.012,0.2186,0.03875,0.03257,0.03029,0.1053,0.05331,0.03117,0.05931,0.05814,0.03759,0.2823,0.2713,
2.013,0.2001,0.03941,0.03253,0.03027,0.1052,0.0534,0.03096,0.05939,0.05805,0.03783,0.2828,0.2702,
2.006,0.2121,0.03984,0.03251,0.03025,0.1053,0.07359,0.01116,0.05897,0.0578,0.04584,0.2758,0.269,
2.005,0.178,0.03976,0.03241,0.03025,0.1051,0.07367,0.01097,0.0589,0.05806,0.04545,0.2768,0.2686,
2.005,0.1774,0.03971,0.03243,0.03028,0.1051,0.07367,0.01116,0.05871,0.05953,0.04398,0.2768,0.2686,
2.003,0.1936,0.03927,0.03243,0.0303,0.1055,0.07367,0.01116,0.05871,0.06236,0.04116,0.2768,0.2686,
2.003,0.2127,0.03914,0.03253,0.03033,0.1055,0.07332,0.01116,0.05894,0.06212,0.04116,0.2768,0.269,
2.001,0.195,0.03895,0.0324,0.0299,0.1055,0.07269,0.01134,0.05878,0.06243,0.04086,0.2768,0.2703,
2.0,0.2185,0.03889,0.03245,0.02991,0.1055,0.07256,0.0113,0.05905,0.0624,0.04058,0.2768,0.2705,
2.0,0.211,0.0388,0.03248,0.02996,0.1055,0.07256,0.01158,0.05876,0.06317,0.03981,0.2768,0.2705,
1.998,0.203,0.03864,0.03254,0.02994,0.1053,0.07141,0.01174,0.05903,0.06362,0.03873,0.2779,0.2712,
2.007,0.2541,0.03862,0.0325,0.03001,0.1053,0.07123,0.05205,0.01888,0.06328,0.03873,0.2779,0.2716,
2.012,0.2512,0.03961,0.03248,0.03001,0.1051,0.0713,0.05232,0.01835,0.06319,0.04133,0.2762,0.2701,
2.013,0.2503,0.03946,0.03263,0.03004,0.1049,0.07132,0.05252,0.01884,0.06301,0.04086,0.2763,0.2702,
2.011,0.2823,0.03926,0.03264,0.0301,0.1049,0.07161,0.05225,0.01925,0.06564,0.03785,0.2763,0.2702,
2.011,0.2645,0.03909,0.03254,0.03011,0.1047,0.07152,0.05238,0.01946,0.06513,0.0378,0.2774,0.2699,
2.01,0.2665,0.03902,0.03256,0.03016,0.1047,0.07152,0.05238,0.01946,0.06681,0.03612,0.2774,0.2699,
2.01,0.2251,0.03896,0.03261,0.03017,0.1047,0.07152,0.05238,0.01985,0.06642,0.03612,0.2774,0.2699,
2.008,0.2194,0.03883,0.03257,0.0302,0.1046,0.07023,0.05231,0.0201,0.06642,0.03569,0.2784,0.2707,
2.008,0.2038,0.03868,0.03266,0.03026,0.1046,0.07023,0.05231,0.02035,0.06692,0.03495,0.2784,0.2707,
2.005,0.2141,0.03661,0.03258,0.03031,0.1063,0.07014,0.05224,0.02049,0.06667,0.0349,0.2794,0.2703,
2.001,0.238,0.03644,0.03262,0.03031,0.106,0.06959,0.05196,0.02072,0.06905,0.03213,0.2805,0.2707,
2.005,0.211,0.03736,0.03252,0.03035,0.1062,0.06949,0.05188,0.02069,0.06957,0.03287,0.2801,0.269,
2.014,0.212,0.03808,0.03252,0.03039,0.1062,0.06752,0.05172,0.02069,0.06986,0.03794,0.2747,0.2704,
2.013,0.2071,0.03799,0.03257,0.03043,0.1062,0.06689,0.05172,0.02069,0.07028,0.03752,0.2747,0.271,
2.018,0.2002,0.03963,0.03246,0.03043,0.1062,0.06691,0.05186,0.02056,0.0703,0.03854,0.2738,0.2694,
2.024,0.2031,0.04048,0.03248,0.03039,0.106,0.06649,0.05163,0.02085,0.07073,0.04046,0.272,0.2684,
2.02,0.206,0.03992,0.03236,0.03044,0.1064,0.0651,0.0514,0.02082,0.07141,0.03963,0.273,0.2696,
1.992,0.2263,0.04089,0.03228,0.02992,0.1064,0.09966,0.01683,0.02082,0.07202,0.04118,0.2708,0.2692,
1.995,0.2072,0.04273,0.03207,0.03006,0.1064,0.1,0.01591,0.02083,0.07352,0.04129,0.2693,0.2678,
1.994,0.2515,0.04206,0.03199,0.03011,0.1069,0.09944,0.01591,0.02117,0.07408,0.04043,0.2694,0.2685,
1.989,0.2545,0.04188,0.03207,0.03008,0.1067,0.09576,0.01589,0.02114,0.07399,0.04038,0.2704,0.2717,
1.987,0.2259,0.04079,0.032,0.03014,0.1077,0.09607,0.01559,0.02131,0.07442,0.0398,0.2705,0.2717,
1.984,0.2167,0.04073,0.03194,0.03012,0.1075,0.09481,0.01557,0.02152,0.07601,0.03782,0.2715,0.2725,
1.993,0.2035,0.04298,0.03188,0.03021,0.1075,0.09336,0.01591,0.02135,0.07584,0.04052,0.2688,0.2717,
1.99,0.2049,0.04263,0.03161,0.0302,0.1074,0.09343,0.01574,0.02133,0.07633,0.03993,0.2699,0.2715,
1.99,0.2448,0.0426,0.03161,0.03023,0.1074,0.09343,0.01591,0.0215,0.07776,0.03817,0.2699,0.2715,
1.988,0.2235,0.04251,0.03153,0.03028,0.1071,0.09271,0.01589,0.02148,0.07803,0.03777,0.2709,0.2718,
1.987,0.2236,0.04249,0.03153,0.0303,0.1069,0.09237,0.01589,0.02171,0.07858,0.037,0.271,0.2722,
1.985,0.2018,0.04216,0.0315,0.03026,0.1067,0.09115,0.01593,0.0229,0.07721,0.03663,0.273,0.2726,
1.999,0.2197,0.04212,0.03133,0.03031,0.1075,0.09116,0.01633,0.02275,0.07714,0.043,0.2665,0.2719,
2.009,0.1913,0.0445,0.03132,0.03035,0.1078,0.09117,0.01633,0.02275,0.07924,0.04495,0.2625,0.269,
2.005,0.1945,0.04444,0.03129,0.02968,0.1076,0.0893,0.01621,0.02275,0.0789,0.0449,0.2635,0.2714,
2.005,0.1973,0.04438,0.0313,0.02974,0.1076,0.08945,0.01606,0.02312,0.07887,0.04456,0.2635,0.2714,
2.004,0.2125,0.0443,0.0313,0.02981,0.1076,0.08893,0.01627,0.02291,0.07887,0.04456,0.2635,0.272,
2.003,0.199,0.04415,0.03133,0.02979,0.1074,0.08833,0.01625,0.02288,0.07877,0.0445,0.2645,0.2721,
2.002,0.2052,0.04406,0.03133,0.02986,0.1072,0.088,0.01626,0.02288,0.07949,0.04381,0.2646,0.2725,
2.003,0.1951,0.04418,0.03121,0.02943,0.1075,0.0879,0.01624,0.02285,0.0794,0.0452,0.2641,0.272,
2.003,0.2062,0.04416,0.03121,0.02945,0.1075,0.08738,0.01624,0.02285,0.0794,0.0452,0.2641,0.2725,
2.002,0.2039,0.04405,0.03118,0.02945,0.1071,0.08729,0.01622,0.02283,0.07931,0.04515,0.2652,0.2722,
2.001,0.1925,0.04388,0.03119,0.02949,0.1072,0.08665,0.01622,0.02283,0.07933,0.04516,0.2652,0.2729,
2.0,0.1989,0.04384,0.03117,0.02899,0.1072,0.08665,0.01622,0.02283,0.07968,0.0448,0.2652,0.2735,
1.999,0.1973,0.04382,0.03114,0.02906,0.1069,0.08667,0.01623,0.02284,0.0797,0.04481,0.2653,0.2735,
1.998,0.2016,0.04375,0.0311,0.02903,0.1068,0.08589,0.01621,0.02281,0.0796,0.04475,0.2662,0.2738,
2.007,0.1992,0.04543,0.0311,0.02909,0.1067,0.08523,0.01621,0.0232,0.07961,0.04832,0.2623,0.2728,
2.01,0.1871,0.04632,0.03119,0.02912,0.1067,0.08523,0.01637,0.02379,0.07885,0.04832,0.2623,0.2718,
2.011,0.1889,0.04707,0.03113,0.02914,0.1067,0.08524,0.01654,0.02385,0.07974,0.04722,0.2624,0.271,
2.012,0.1939,0.04863,0.03116,0.02914,0.1067,0.08544,0.01614,0.02407,0.08056,0.04599,0.2624,0.2698,
2.012,0.1944,0.04796,0.03109,0.0292,0.1073,0.08544,0.01665,0.02372,0.08056,0.04583,0.2624,0.2698,
2.011,0.2008,0.04791,0.03114,0.0292,0.1073,0.08497,0.01665,0.02388,0.08155,0.04468,0.2624,0.2703,
2.004,0.214,0.04706,0.03117,0.02919,0.1079,0.08285,0.01663,0.02385,0.08653,0.03953,0.2633,0.272,
2.005,0.1868,0.04766,0.03114,0.02913,0.1075,0.08218,0.01697,0.02364,0.08746,0.03926,0.2635,0.2716,
2.002,0.1777,0.04762,0.03118,0.02916,0.1073,0.08186,0.01698,0.02403,0.09,0.03636,0.2636,0.272,
2.013,0.1875,0.04903,0.03116,0.02919,0.1073,0.08118,0.01698,0.02403,0.09,0.04114,0.2588,0.2712,
2.01,0.1814,0.04897,0.03112,0.02929,0.1073,0.07872,0.01725,0.02375,0.09016,0.04098,0.2588,0.2737,
2.008,0.1842,0.04899,0.0312,0.02936,0.1069,0.07768,0.0174,0.02356,0.09054,0.04047,0.2598,0.2741,
2.005,0.1832,0.04867,0.03113,0.02935,0.1064,0.07684,0.01736,0.02367,0.0905,0.04005,0.2618,0.2741,
2.002,0.1857,0.04811,0.031,0.02936,0.1069,0.07562,0.01781,0.0234,0.0916,0.03882,0.2619,0.2755,
2.001,0.1906,0.04797,0.03104,0.02942,0.1068,0.07518,0.01764,0.0234,0.09208,0.03836,0.2619,0.2761,
2.004,0.1948,0.04889,0.03096,0.02943,0.1066,0.07516,0.0176,0.02318,0.09266,0.0392,0.2622,0.2742,
2.002,0.1819,0.04883,0.03091,0.0294,0.1064,0.0746,0.01776,0.02297,0.09286,0.03883,0.2631,0.2743,
2.0,0.2091,0.04862,0.03099,0.02939,0.1063,0.0737,0.01814,0.0227,0.09289,0.03846,0.2641,0.2747,
1.999,0.1842,0.04858,0.03093,0.0295,0.1062,0.07297,0.01833,0.02251,0.09355,0.03782,0.2641,0.2755,
2.002,0.1817,0.04871,0.03093,0.02958,0.1065,0.07195,0.0187,0.02231,0.09338,0.03971,0.2622,0.2759,
2.005,0.1816,0.04901,0.03093,0.02965,0.1071,0.07199,0.01831,0.02231,0.09366,0.04104,0.2606,0.2753,
2.004,0.2022,0.04897,0.03094,0.02971,0.1069,0.07167,0.01832,0.02232,0.09432,0.04042,0.2607,0.2757,
2.002,0.2097,0.04875,0.03091,0.02967,0.1066,0.07148,0.01827,0.02226,0.09438,0.04,0.2626,0.275,
2.001,0.206,0.04908,0.03087,0.02965,0.1065,0.0708,0.01825,0.02223,0.09532,0.03956,0.2629,0.2748,
2.001,0.1933,0.04887,0.03105,0.02969,0.1065,0.0708,0.01825,0.02223,0.09562,0.03926,0.2629,0.2748,
2.002,0.1887,0.04864,0.03113,0.02972,0.1071,0.07081,0.01825,0.02237,0.09552,0.03957,0.2627,0.2741,
2.007,0.1922,0.05021,0.03113,0.02967,0.1071,0.06952,0.01851,0.02211,0.09643,0.04107,0.2603,0.2739,
2.022,0.2125,0.05016,0.03113,0.02972,0.1071,0.0688,0.01835,0.03687,0.08224,0.04049,0.2603,0.2748,
2.021,0.212,0.05003,0.03107,0.02976,0.107,0.06871,0.01877,0.03654,0.08255,0.03986,0.2613,0.2744,
2.018,0.2016,0.04969,0.03105,0.02969,0.1066,0.06844,0.01869,0.03656,0.08265,0.03912,0.2642,0.2734,
2.016,0.2033,0.04962,0.03108,0.02972,0.1066,0.06943,0.01771,0.03656,0.08313,0.03864,0.2642,0.2734,
2.018,0.1944,0.04986,0.03101,0.0297,0.1064,0.069,0.01768,0.03667,0.08285,0.03962,0.2641,0.273,
2.015,0.2219,0.0487,0.03106,0.0298,0.1075,0.06839,0.01785,0.03678,0.08464,0.03756,0.2641,0.2737,
2.018,0.2108,0.04924,0.03103,0.02978,0.1073,0.0683,0.01798,0.03673,0.08526,0.03861,0.2631,0.2727,
2.027,0.2021,0.0504,0.03106,0.02977,0.1071,0.06823,0.0182,0.03679,0.08544,0.042,0.2601,0.271,
2.026,0.1913,0.04913,0.03112,0.02925,0.1079,0.06826,0.02117,0.03397,0.086,0.04136,0.2602,0.2717,
2.026,0.1934,0.04903,0.03112,0.02935,0.1079,0.06826,0.02149,0.03364,0.08691,0.04045,0.2602,0.2717,
2.026,0.1918,0.04877,0.03108,0.02939,0.1081,0.06826,0.02165,0.03373,0.08697,0.04013,0.2602,0.2717,
2.026,0.193,0.04869,0.03114,0.0294,0.1081,0.06842,0.02149,0.03422,0.08711,0.03951,0.2602,0.2717,
2.032,0.2015,0.04956,0.03096,0.02902,0.1093,0.06858,0.02168,0.03387,0.08711,0.04231,0.2574,0.2702,
2.033,0.2167,0.04812,0.03105,0.02902,0.1107,0.06766,0.0215,0.03379,0.08944,0.04295,0.2553,0.2705,
2.032,0.1951,0.04881,0.03094,0.02906,0.1105,0.06694,0.0213,0.03379,0.08961,0.04279,0.2566,0.2697,
2.032,0.1986,0.04869,0.03089,0.02912,0.1105,0.06695,0.0213,0.03395,0.08963,0.04263,0.2566,0.2698,
2.032,0.2087,0.04795,0.03092,0.0291,0.1111,0.06717,0.02115,0.03405,0.08969,0.0431,0.2566,0.2692,
2.03,0.209,0.04784,0.03085,0.02913,0.111,0.06708,0.02112,0.034,0.0915,0.04112,0.2576,0.2688,
2.029,0.2092,0.04736,0.03083,0.02917,0.1114,0.06731,0.02105,0.03384,0.0915,0.04112,0.2576,0.2688,
2.028,0.2182,0.04679,0.03078,0.02914,0.1118,0.06722,0.02132,0.03374,0.09114,0.04107,0.2585,0.2685,
2.039,0.2115,0.04776,0.03086,0.02917,0.1118,0.06737,0.02131,0.03378,0.09098,0.04596,0.2536,0.2674,
2.039,0.21,0.04748,0.03103,0.02915,0.1116,0.06728,0.02128,0.0339,0.0907,0.0459,0.2546,0.2671,
2.037,0.206,0.04736,0.03099,0.02919,0.1117,0.06645,0.02128,0.0341,0.09178,0.04464,0.2546,0.2679,
2.035,0.2035,0.04705,0.03101,0.02922,0.1115,0.06578,0.02126,0.03456,0.09173,0.04404,0.2556,0.2682,
2.036,0.2089,0.04691,0.03109,0.02928,0.1115,0.06578,0.02126,0.0352,0.09108,0.04404,0.2556,0.2682,
2.035,0.2041,0.04647,0.03115,0.02943,0.1116,0.0658,0.02126,0.03521,0.09137,0.04379,0.2556,0.2683,
2.038,0.2127,0.04755,0.03112,0.02949,0.1116,0.06548,0.02949,0.02694,0.09137,0.04379,0.2556,0.2676,
2.037,0.2092,0.04749,0.03112,0.02947,0.1114,0.06502,0.0295,0.02719,0.09162,0.04334,0.2557,0.2681,
2.022,0.2524,0.04858,0.03106,0.02948,0.1112,0.07821,0.01609,0.02728,0.09163,0.04284,0.2577,0.266,
2.03,0.2043,0.0491,0.03107,0.0295,0.1112,0.07821,0.01609,0.02728,0.09163,0.04647,0.254,0.2655,
2.031,0.2111,0.0493,0.03118,0.02953,0.112,0.07822,0.01609,0.02728,0.09164,0.04648,0.2541,0.2642,
2.031,0.1939,0.04929,0.03116,0.02956,0.112,0.07822,0.01625,0.02712,0.09261,0.04551,0.2541,0.2642,
2.032,0.1947,0.04999,0.03114,0.0296,0.112,0.07765,0.01625,0.02786,0.09187,0.04551,0.2541,0.264,
2.03,0.2269,0.04929,0.03123,0.02956,0.1123,0.077,0.01623,0.02806,0.09223,0.04476,0.255,0.2643,
2.028,0.2255,0.04928,0.03118,0.02963,0.1123,0.07616,0.01591,0.02806,0.09223,0.04476,0.255,0.2655,
2.031,0.214,0.04978,0.03117,0.02963,0.1125,0.07607,0.0159,0.02819,0.09236,0.04556,0.2548,0.2641,
2.03,0.2131,0.04896,0.03133,0.02969,0.1129,0.07609,0.0159,0.0282,0.09271,0.04525,0.2548,0.2642,
2.028,0.204,0.04898,0.03128,0.02976,0.1125,0.07499,0.0279,0.01621,0.09328,0.04473,0.2549,0.2654,
2.045,0.2186,0.04897,0.03131,0.02979,0.1122,0.07446,0.02813,0.02929,0.0803,0.04448,0.255,0.2661,
2.043,0.2195,0.04896,0.0313,0.02955,0.1126,0.07401,0.02861,0.0288,0.08273,0.04205,0.255,0.2663,
2.043,0.225,0.04885,0.0314,0.02957,0.1125,0.07402,0.02877,0.0291,0.08329,0.04106,0.2551,0.2663,
2.042,0.2159,0.04838,0.0314,0.02963,0.113,0.07402,0.02914,0.02874,0.08359,0.04076,0.2551,0.2663,
2.042,0.2202,0.04852,0.03154,0.02966,0.113,0.07402,0.02974,0.02813,0.08407,0.04028,0.2551,0.266,
2.041,0.2177,0.04841,0.03147,0.0297,0.1128,0.07408,0.02971,0.02809,0.08429,0.03974,0.256,0.2657,
2.037,0.2325,0.04742,0.03135,0.02969,0.1134,0.07405,0.02963,0.02802,0.08593,0.03762,0.2579,0.265,
2.032,0.2304,0.0462,0.03137,0.02967,0.1142,0.07291,0.0296,0.02799,0.08811,0.0353,0.2589,0.2657,
2.04,0.2182,0.04587,0.03136,0.02967,0.1156,0.07282,0.02956,0.02821,0.08837,0.03857,0.2559,0.264,
2.039,0.215,0.04506,0.03131,0.02963,0.1162,0.07246,0.02932,0.02814,0.08814,0.03969,0.2566,0.2634,
2.039,0.2217,0.045,0.03131,0.02968,0.1162,0.07246,0.02932,0.02852,0.08891,0.03855,0.2566,0.2634,
2.035,0.2192,0.04479,0.03116,0.0296,0.1155,0.07146,0.02901,0.02842,0.0886,0.03841,0.2596,0.2635,
2.031,0.2118,0.04465,0.03118,0.02961,0.1152,0.06927,0.02898,0.02839,0.08851,0.03837,0.2606,0.2653,
2.034,0.2418,0.0452,0.03121,0.02968,0.115,0.06889,0.02899,0.02839,0.08911,0.03942,0.259,0.2651,
2.033,0.2236,0.04479,0.03125,0.0297,0.115,0.06855,0.02919,0.02838,0.08951,0.03892,0.2591,0.2656,
2.035,0.2194,0.04532,0.03122,0.02965,0.1146,0.06838,0.02912,0.02874,0.08918,0.03952,0.2601,0.2642,
2.034,0.2122,0.04513,0.03125,0.02969,0.1146,0.06793,0.02912,0.02896,0.08945,0.03905,0.2601,0.2647,
2.03,0.2258,0.04432,0.03118,0.02969,0.115,0.06801,0.02893,0.0293,0.09161,0.03638,0.2611,0.2645,
2.03,0.2219,0.04455,0.03111,0.02968,0.1148,0.06778,0.02874,0.02911,0.09224,0.03673,0.261,0.2643,
2.029,0.2362,0.04439,0.03099,0.0297,0.1144,0.06761,0.02866,0.02919,0.09185,0.03664,0.2629,0.2636,
2.028,0.2166,0.04431,0.0309,0.02973,0.1143,0.06752,0.02863,0.02962,0.09154,0.03632,0.2639,0.2633,
2.026,0.2075,0.04408,0.03082,0.02969,0.1136,0.06738,0.02872,0.02971,0.09164,0.03564,0.266,0.2627,
2.024,0.2151,0.04403,0.03072,0.02972,0.1136,0.06682,0.02888,0.02987,0.09217,0.03481,0.266,0.2633,
2.024,0.211,0.0434,0.0308,0.02979,0.1138,0.06685,0.02905,0.03004,0.09217,0.03455,0.2661,0.2634,
2.023,0.2137,0.04332,0.03071,0.02983,0.1136,0.06677,0.02902,0.03,0.09233,0.03424,0.2671,0.2631,
2.021,0.211,0.043,0.03071,0.0298,0.1133,0.06604,0.02899,0.03044,0.09204,0.03393,0.2682,0.2635,
2.02,0.2161,0.04279,0.0308,0.02979,0.1131,0.06612,0.0288,0.03056,0.09178,0.03389,0.2692,0.2632,
2.023,0.2245,0.04331,0.03068,0.02985,0.1134,0.06628,0.02865,0.03119,0.09201,0.03416,0.2681,0.2624,
2.029,0.2321,0.04455,0.03072,0.02983,0.1134,0.06505,0.02881,0.03104,0.09441,0.03562,0.2644,0.2621,
2.032,0.2066,0.04494,0.0307,0.0299,0.1129,0.06471,0.029,0.03089,0.095,0.03688,0.2628,0.2622,
2.032,0.2018,0.04448,0.03067,0.02998,0.1132,0.06473,0.0295,0.03056,0.09518,0.03658,0.2629,0.2623,
2.031,0.1998,0.04434,0.03069,0.02997,0.113,0.06432,0.02964,0.03059,0.09481,0.03653,0.2638,0.2623,
2.029,0.1899,0.0442,0.03061,0.02993,0.1129,0.06424,0.0296,0.03056,0.09516,0.03602,0.2648,0.262,
2.029,0.214,0.04391,0.0308,0.02989,0.1127,0.06416,0.02972,0.03052,0.09488,0.03597,0.2658,0.2616,
2.026,0.1896,0.04374,0.03076,0.02982,0.1124,0.06359,0.02949,0.03069,0.09453,0.03572,0.2677,0.2615,
2.024,0.1768,0.0436,0.0308,0.02981,0.112,0.06288,0.02945,0.03065,0.09443,0.03568,0.2688,0.2619,
2.016,0.2032,0.04352,0.03086,0.02986,0.1118,0.06289,0.04532,0.01496,0.09482,0.03517,0.2689,0.2619,
2.017,0.203,0.04333,0.03091,0.0299,0.1121,0.06258,0.04521,0.01517,0.09488,0.03577,0.268,0.2622,
2.013,0.1991,0.04325,0.03099,0.0299,0.1121,0.06068,0.04549,0.0149,0.09584,0.03481,0.268,0.2641,
2.021,0.2039,0.04569,0.03094,0.02992,0.1119,0.06011,0.04528,0.01488,0.09608,0.03738,0.266,0.2618,
2.022,0.1985,0.04563,0.03093,0.02998,0.1119,0.05979,0.04512,0.01585,0.09562,0.03686,0.266,0.2623,
2.02,0.2043,0.04603,0.03085,0.03006,0.1119,0.05737,0.04528,0.01569,0.09578,0.0375,0.2652,0.2643,
2.024,0.2122,0.04644,0.03081,0.0301,0.1118,0.05624,0.04538,0.0155,0.09565,0.04023,0.2634,0.2645,
2.021,0.2097,0.04634,0.03079,0.03008,0.1116,0.05522,0.04563,0.01533,0.09583,0.03972,0.2644,0.2651,
2.029,0.2,0.04797,0.03074,0.03012,0.1117,0.05538,0.04548,0.01533,0.09646,0.04193,0.2616,0.2633,
2.027,0.2002,0.04788,0.03084,0.03012,0.1117,0.05504,0.04555,0.01525,0.09701,0.04126,0.2616,0.2638,
2.026,0.21,0.04779,0.03083,0.03021,0.1116,0.05411,0.04555,0.01578,0.09708,0.04052,0.2616,0.2649,
2.024,0.2053,0.04759,0.0307,0.03016,0.1116,0.05405,0.04565,0.01585,0.09764,0.03954,0.2626,0.2646,
2.024,0.2042,0.0475,0.03069,0.03016,0.1111,0.05415,0.04546,0.01599,0.0974,0.03951,0.2637,0.2644,
2.023,0.2082,0.04737,0.03075,0.03023,0.1111,0.05373,0.04546,0.01627,0.0976,0.03888,0.2637,0.265,
2.022,0.2045,0.04732,0.03071,0.03032,0.1111,0.05337,0.04546,0.01646,0.09784,0.03833,0.2637,0.2654,
2.024,0.1999,0.04735,0.0306,0.02902,0.1111,0.05292,0.04534,0.01667,0.09735,0.04124,0.2626,0.2657,
2.024,0.199,0.04732,0.03063,0.02906,0.1108,0.05294,0.04561,0.01658,0.09724,0.04125,0.2627,0.2658,
2.023,0.1981,0.04726,0.03067,0.0291,0.1107,0.05295,0.04593,0.01627,0.09778,0.04072,0.2628,0.2659,
2.023,0.2022,0.04784,0.0307,0.02916,0.1107,0.05204,0.04593,0.01643,0.09837,0.04054,0.262,0.2663,
2.025,0.2139,0.04822,0.03069,0.02917,0.1104,0.05253,0.0458,0.01613,0.0993,0.04068,0.2612,0.2659,
2.023,0.2399,0.04812,0.03067,0.02867,0.1103,0.05262,0.04558,0.0161,0.09917,0.04062,0.2621,0.266,
2.027,0.207,0.04848,0.03065,0.0287,0.1109,0.05211,0.0458,0.01592,0.09938,0.0429,0.2598,0.2653,
2.024,0.2069,0.04805,0.03055,0.02872,0.1112,0.05993,0.03802,0.01608,0.09971,0.04247,0.2599,0.2654,
2.024,0.2026,0.04776,0.03052,0.02872,0.1112,0.05985,0.03812,0.01637,0.09948,0.04205,0.2609,0.265,
2.022,0.208,0.04756,0.03048,0.02869,0.1109,0.05942,0.03777,0.01685,0.0987,0.04194,0.2628,0.2649,
2.021,0.2096,0.04738,0.03026,0.02872,0.1108,0.05936,0.03773,0.01727,0.0993,0.04075,0.2639,0.2646,
2.026,0.208,0.04763,0.03033,0.02877,0.1108,0.05937,0.03789,0.01758,0.09978,0.04228,0.2614,0.2641,
2.028,0.21,0.04801,0.03043,0.02876,0.1101,0.05931,0.03755,0.01787,0.09941,0.04384,0.261,0.2637,
2.028,0.2129,0.04791,0.03051,0.02879,0.11,0.05932,0.03756,0.01787,0.09971,0.04355,0.261,0.2638,
2.033,0.2078,0.0483,0.03047,0.02828,0.1096,0.05917,0.03747,0.01814,0.09945,0.04657,0.2595,0.263,
2.035,0.2094,0.04848,0.03043,0.02832,0.1096,0.0591,0.03742,0.01842,0.09993,0.0473,0.2588,0.2622,
2.034,0.2336,0.04792,0.03041,0.02839,0.1101,0.0591,0.03754,0.0186,0.1011,0.04582,0.2588,0.2622,
2.032,0.2324,0.04771,0.03049,0.02837,0.11,0.05902,0.03749,0.01879,0.1025,0.04402,0.2598,0.2619,
2.033,0.2305,0.04764,0.03055,0.02839,0.11,0.05902,0.03749,0.01915,0.1021,0.04402,0.2598,0.2619,
2.032,0.2237,0.04761,0.03053,0.02844,0.11,0.0587,0.03749,0.01915,0.1021,0.04402,0.2598,0.2622,
2.03,0.2276,0.0474,0.03057,0.02847,0.1098,0.05816,0.03744,0.01912,0.1026,0.04339,0.2607,0.2623,
2.028,0.2235,0.04722,0.03049,0.02847,0.1093,0.0572,0.03742,0.01944,0.1022,0.04334,0.2618,0.2631,
2.029,0.211,0.04663,0.03041,0.02851,0.1107,0.05733,0.03752,0.01938,0.1028,0.04331,0.2611,0.2623,
2.033,0.2118,0.04803,0.03029,0.02858,0.1105,0.05726,0.03747,0.01935,0.1027,0.04468,0.2607,0.2604,
2.033,0.2151,0.04768,0.03042,0.0286,0.1107,0.05726,0.03763,0.0192,0.103,0.04442,0.2607,0.2604,
2.036,0.2373,0.04794,0.03035,0.02863,0.111,0.05682,0.03775,0.01982,0.1048,0.04409,0.2585,0.2603,
2.022,0.2084,0.04783,0.03036,0.02859,0.1109,0.05683,0.04778,0.009322,0.1057,0.04302,0.2594,0.2603,
2.038,0.2142,0.05054,0.03034,0.02862,0.1109,0.05683,0.04778,0.009443,0.1059,0.04933,0.2527,0.2576,
2.037,0.2102,0.05024,0.03033,0.0287,0.1109,0.05699,0.04764,0.009446,0.1069,0.04844,0.2528,0.2576,
2.037,0.2067,0.05015,0.03024,0.02877,0.1109,0.057,0.04765,0.009447,0.1074,0.04789,0.2528,0.2577,
2.034,0.2104,0.04961,0.03018,0.02876,0.1112,0.05709,0.04744,0.009588,0.109,0.04595,0.2538,0.2574,
2.035,0.2098,0.04973,0.03015,0.02835,0.1114,0.05709,0.04761,0.009418,0.1099,0.04665,0.2522,0.2575,
2.034,0.2137,0.04943,0.03017,0.02841,0.1116,0.05677,0.04761,0.009418,0.1104,0.04617,0.2522,0.2578,
2.036,0.2337,0.04992,0.03023,0.02826,0.1116,0.05658,0.04761,0.009702,0.1101,0.04667,0.2517,0.2576,
2.041,0.2063,0.04934,0.03023,0.02824,0.1123,0.05659,0.04762,0.01018,0.1103,0.04917,0.2487,0.2574,
2.039,0.1693,0.04937,0.03015,0.02819,0.1122,0.06541,0.03842,0.01032,0.1099,0.05016,0.2486,0.2573,
2.038,0.1795,0.04931,0.03009,0.02818,0.112,0.06533,0.03838,0.01031,0.1097,0.0501,0.2496,0.257,
2.038,0.1688,0.04929,0.03006,0.02823,0.1119,0.06534,0.03853,0.01016,0.1097,0.0501,0.2496,0.257,
2.017,0.199,0.05045,0.03003,0.02828,0.1118,0.09151,0.01239,0.01085,0.1094,0.05353,0.246,0.2558,
2.02,0.1931,0.05061,0.02993,0.02827,0.1119,0.09142,0.01253,0.01069,0.1094,0.0559,0.2444,0.255,
2.02,0.1711,0.05036,0.02992,0.02831,0.1119,0.09145,0.01253,0.01089,0.1095,0.05566,0.2444,0.2551,
2.022,0.1782,0.05158,0.0299,0.02837,0.1118,0.09058,0.01253,0.01089,0.1101,0.05564,0.2439,0.2547,
2.022,0.1843,0.05266,0.02974,0.0284,0.1117,0.08906,0.01273,0.01085,0.1107,0.05549,0.2436,0.2551,
2.021,0.1729,0.05233,0.02994,0.02845,0.1115,0.08853,0.01274,0.01086,0.1109,0.05536,0.2437,0.2558,
2.021,0.184,0.05213,0.02989,0.02846,0.1116,0.088,0.01274,0.01108,0.1106,0.05536,0.2437,0.2563,
2.019,0.1681,0.05199,0.0298,0.02857,0.1117,0.08648,0.01274,0.01108,0.1114,0.0546,0.2438,0.2579,
2.016,0.1659,0.05186,0.02983,0.02854,0.1115,0.08638,0.01288,0.01092,0.1138,0.05199,0.2447,0.2576,
2.015,0.1744,0.05172,0.02984,0.02858,0.1111,0.08588,0.01277,0.01091,0.1137,0.05195,0.2457,0.2579,
2.013,0.1965,0.05164,0.02992,0.02859,0.1109,0.08589,0.01277,0.01091,0.116,0.0497,0.2457,0.2579,
2.012,0.1641,0.05197,0.0299,0.02864,0.1108,0.08268,0.01277,0.01119,0.116,0.05038,0.2448,0.2608,
2.007,0.1572,0.05119,0.02992,0.02865,0.111,0.08126,0.01266,0.01101,0.1168,0.04921,0.2467,0.2617,
2.007,0.1559,0.05092,0.03004,0.02871,0.1109,0.08095,0.01266,0.01116,0.1169,0.04896,0.2467,0.262,
2.006,0.1551,0.05051,0.0301,0.02874,0.1109,0.08003,0.01266,0.01153,0.1166,0.04896,0.2467,0.2633,
2.006,0.1576,0.04918,0.03016,0.02878,0.1122,0.08003,0.01281,0.01213,0.1161,0.0487,0.2467,0.2633,
2.032,0.1868,0.04914,0.0302,0.0288,0.1121,0.07861,0.01281,0.02867,0.1006,0.04766,0.2468,0.2647,
2.051,0.2254,0.04911,0.03013,0.02882,0.1115,0.07859,0.01222,0.06418,0.06546,0.04742,0.247,0.2656,
2.031,0.21,0.049,0.02994,0.02881,0.1105,0.0856,0.004782,0.06408,0.06648,0.04607,0.249,0.2656,
2.037,0.2017,0.04877,0.02991,0.02883,0.1111,0.08561,0.004783,0.06454,0.06818,0.04784,0.2452,0.2653,
2.034,0.1995,0.04812,0.02998,0.02882,0.1113,0.08446,0.004925,0.06444,0.06858,0.04701,0.2461,0.2662,
2.034,0.1926,0.04794,0.02994,0.0288,0.1112,0.08437,0.005166,0.06444,0.06866,0.04649,0.2471,0.2659,
2.033,0.1908,0.04822,0.02998,0.02876,0.111,0.08348,0.005059,0.06436,0.0689,0.04659,0.2474,0.2662,
2.04,0.1862,0.04923,0.02995,0.02873,0.1109,0.0834,0.005175,0.06448,0.06853,0.04957,0.2453,0.2647,
2.037,0.1496,0.04881,0.03004,0.02872,0.1103,0.08228,0.005165,0.0645,0.06901,0.04871,0.2473,0.2651,
2.036,0.1466,0.04866,0.03008,0.02871,0.1102,0.08218,0.005308,0.06427,0.06892,0.04865,0.2483,0.2648,
2.059,0.2114,0.04855,0.03015,0.02878,0.1096,0.0816,0.04899,0.02065,0.06957,0.0481,0.2484,0.2656,
2.061,0.2089,0.04874,0.03019,0.02879,0.1091,0.08116,0.04894,0.02108,0.07047,0.04854,0.2476,0.2654,
2.063,0.2024,0.04911,0.03005,0.0289,0.1091,0.0808,0.04898,0.02093,0.0711,0.04952,0.246,0.2655,
2.061,0.2064,0.04896,0.03018,0.02862,0.109,0.07979,0.04914,0.02078,0.07284,0.04779,0.246,0.2668,
2.064,0.2023,0.04934,0.03021,0.02864,0.109,0.0793,0.04914,0.02125,0.07372,0.04863,0.2439,0.2669,
2.078,0.1735,0.05209,0.03031,0.02864,0.1088,0.07835,0.04924,0.02123,0.07395,0.05519,0.2377,0.2645,
2.081,0.1621,0.05217,0.03034,0.02861,0.1082,0.07821,0.04915,0.02179,0.07381,0.05669,0.2375,0.2635,
2.078,0.1652,0.05034,0.03029,0.02856,0.1097,0.07767,0.04919,0.02159,0.07388,0.05631,0.2393,0.2632,
2.083,0.164,0.0507,0.0303,0.0286,0.1099,0.07782,0.04934,0.02158,0.07517,0.05812,0.2359,0.2625,
2.083,0.1779,0.05089,0.03023,0.02864,0.1102,0.07702,0.04929,0.02185,0.07508,0.05777,0.2368,0.2623,
2.084,0.1691,0.05186,0.03019,0.02873,0.1102,0.07702,0.04947,0.02182,0.07628,0.05641,0.2368,0.2613,
2.091,0.2095,0.05415,0.03015,0.02875,0.1107,0.07695,0.04942,0.02194,0.07968,0.05604,0.2345,0.2578,
2.092,0.179,0.05475,0.03006,0.02881,0.1104,0.07668,0.04958,0.02183,0.08029,0.05551,0.2346,0.2575,
2.09,0.1988,0.05471,0.03011,0.02842,0.11,0.07633,0.0496,0.02184,0.08076,0.0551,0.2347,0.2584,
2.09,0.1921,0.05469,0.03011,0.02846,0.1098,0.0759,0.04961,0.02206,0.0813,0.05438,0.2348,0.2589,
2.088,0.1812,0.05458,0.0301,0.02801,0.1097,0.07592,0.04979,0.02191,0.08212,0.05358,0.2348,0.2594,
2.088,0.1776,0.05535,0.03022,0.02799,0.1098,0.07549,0.05005,0.02157,0.08297,0.05259,0.2358,0.2582,
2.087,0.1837,0.05522,0.0302,0.02804,0.1097,0.0755,0.05006,0.02157,0.08481,0.05079,0.2358,0.2582,
2.086,0.1469,0.05497,0.0302,0.02803,0.1094,0.0751,0.05003,0.02177,0.08523,0.05007,0.2368,0.2584,
2.087,0.1468,0.05524,0.03015,0.02803,0.1091,0.07447,0.04978,0.02172,0.08544,0.05163,0.2366,0.2578,
2.086,0.1422,0.05508,0.03019,0.02803,0.109,0.07408,0.04984,0.02172,0.0858,0.05096,0.2375,0.2578,
2.085,0.1454,0.05491,0.03014,0.02811,0.1091,0.07367,0.04984,0.02172,0.0858,0.05096,0.2375,0.2582,
2.086,0.1547,0.05519,0.03013,0.0281,0.109,0.07288,0.04971,0.02173,0.08626,0.05141,0.2367,0.2589,
2.085,0.1454,0.05491,0.03014,0.02816,0.109,0.0729,0.04972,0.02188,0.08638,0.05118,0.2368,0.259,
2.088,0.1683,0.05542,0.03026,0.02819,0.109,0.07306,0.04958,0.02189,0.08757,0.05105,0.2358,0.2582,
2.087,0.1586,0.05528,0.03029,0.02821,0.1089,0.0734,0.04926,0.02189,0.08759,0.05107,0.2358,0.2583,
2.1,0.1673,0.05491,0.03032,0.02821,0.1086,0.0735,0.04908,0.0351,0.07494,0.0504,0.2368,0.2581,
2.101,0.1694,0.05575,0.03035,0.02819,0.1085,0.07303,0.04847,0.03492,0.07628,0.05044,0.2362,0.2579,
2.096,0.18,0.05559,0.03037,0.0282,0.1082,0.07228,0.05368,0.02962,0.07715,0.04943,0.2372,0.2583,
2.091,0.1803,0.05552,0.03028,0.02795,0.1078,0.07989,0.04576,0.02968,0.07723,0.04901,0.2382,0.2587,
2.09,0.1939,0.05532,0.03027,0.02794,0.1074,0.07981,0.04531,0.02989,0.07694,0.04897,0.2392,0.259,
2.087,0.2025,0.05524,0.03035,0.02796,0.1073,0.07966,0.04959,0.02577,0.07692,0.04871,0.2392,0.2593,
2.089,0.1753,0.05479,0.03045,0.02793,0.1075,0.07861,0.04941,0.02582,0.0765,0.05148,0.239,0.2585,
2.089,0.2122,0.05456,0.03047,0.02799,0.1077,0.07823,0.04941,0.02582,0.07698,0.051,0.239,0.2589,
2.087,0.176,0.05425,0.03054,0.02801,0.1076,0.07735,0.04943,0.02622,0.07738,0.05026,0.2391,0.2599,
2.085,0.174,0.05399,0.03051,0.02806,0.1074,0.07654,0.04926,0.02619,0.07731,0.05021,0.24,0.2605,
2.089,0.1761,0.05545,0.03054,0.02808,0.1073,0.07608,0.0492,0.02639,0.07788,0.05106,0.2391,0.2589,
2.093,0.1873,0.05608,0.03058,0.02814,0.1073,0.07609,0.04921,0.02666,0.07838,0.05172,0.2377,0.2581,
2.091,0.1797,0.05559,0.03058,0.02819,0.1076,0.07475,0.04921,0.02666,0.07918,0.05094,0.2378,0.2595,
2.09,0.1787,0.05543,0.03055,0.02819,0.1078,0.07401,0.04916,0.02663,0.08337,0.04868,0.2366,0.2596,
2.088,0.1799,0.05505,0.03066,0.0282,0.108,0.07238,0.04899,0.02705,0.08396,0.04763,0.2366,0.2614,
2.088,0.1841,0.05499,0.0308,0.02821,0.1087,0.071,0.04899,0.02705,0.08396,0.04817,0.2361,0.2621,
2.087,0.1798,0.05474,0.03085,0.02826,0.1088,0.0707,0.04899,0.02719,0.08428,0.0477,0.2361,0.2624,
2.089,0.1741,0.05471,0.03087,0.02828,0.1092,0.07023,0.04896,0.02718,0.08645,0.04778,0.2348,0.2615,
2.088,0.1844,0.05417,0.03088,0.0283,0.1097,0.07001,0.04882,0.02744,0.08662,0.04734,0.2348,0.2618,
2.088,0.1694,0.05377,0.03102,0.02835,0.1098,0.06972,0.04883,0.02764,0.08696,0.04685,0.2349,0.2622,
2.086,0.22,0.05244,0.03104,0.0284,0.1108,0.06943,0.04896,0.02753,0.08729,0.04654,0.2349,0.2626,
2.088,0.1639,0.05316,0.03087,0.02846,0.1108,0.06854,0.04896,0.02778,0.08754,0.04744,0.2336,0.2628,
2.085,0.167,0.05291,0.03085,0.02838,0.1101,0.06717,0.04881,0.0282,0.08676,0.04729,0.2364,0.2631,
2.084,0.1908,0.05275,0.031,0.02843,0.1098,0.06663,0.0487,0.02821,0.08679,0.0473,0.2365,0.2639,
2.082,0.191,0.0527,0.03102,0.02846,0.1098,0.0658,0.04855,0.0286,0.08843,0.04527,0.2365,0.2649,
2.08,0.1697,0.05212,0.03113,0.02852,0.1099,0.06477,0.04857,0.02876,0.08832,0.04529,0.2365,0.266,
2.078,0.1671,0.05179,0.03122,0.02853,0.1099,0.06399,0.04858,0.02862,0.08835,0.04531,0.2366,0.2671,
2.075,0.1708,0.05176,0.03108,0.02859,0.1099,0.06371,0.04859,0.02848,0.09133,0.04234,0.2367,0.2676,
2.074,0.1751,0.05172,0.03109,0.02851,0.1098,0.06303,0.0486,0.02888,0.09235,0.04095,0.2367,0.2684,
2.069,0.1716,0.05148,0.03103,0.02845,0.1095,0.06103,0.04867,0.02912,0.09256,0.03994,0.2385,0.2697,
2.07,0.1942,0.0522,0.03099,0.02844,0.1094,0.06123,0.04846,0.02897,0.09427,0.03947,0.238,0.2685,
2.07,0.1837,0.05152,0.03121,0.02845,0.1097,0.06139,0.04851,0.02879,0.09459,0.03918,0.2381,0.2686,
2.067,0.1809,0.05114,0.03113,0.02845,0.1096,0.06148,0.04833,0.02877,0.09606,0.03759,0.2391,0.2684,
2.065,0.185,0.0508,0.03106,0.02847,0.1097,0.0612,0.04812,0.02897,0.09616,0.0371,0.24,0.2684,
2.065,0.1656,0.05077,0.03098,0.02858,0.1097,0.06105,0.04816,0.02878,0.09616,0.0371,0.24,0.2687,
2.073,0.1726,0.05281,0.03083,0.02864,0.1097,0.06105,0.04832,0.02897,0.09584,0.03945,0.2377,0.2667,
2.068,0.1673,0.05256,0.03079,0.02871,0.1097,0.06777,0.04072,0.02894,0.09612,0.0392,0.2377,0.2677,
2.069,0.1624,0.05327,0.03083,0.02875,0.1097,0.06732,0.04072,0.02894,0.09734,0.03845,0.2373,0.2674,
2.073,0.18,0.05279,0.03084,0.02871,0.1109,0.06725,0.04077,0.02881,0.09854,0.04023,0.2351,0.2661,
2.072,0.1605,0.05244,0.03078,0.02871,0.1109,0.06688,0.04091,0.02894,0.09835,0.03993,0.236,0.2661,
2.069,0.1805,0.05241,0.03076,0.02877,0.1109,0.06654,0.04091,0.02894,0.1001,0.03817,0.236,0.2665,
2.074,0.1654,0.05313,0.03077,0.02879,0.1108,0.06673,0.04075,0.02894,0.1001,0.04026,0.234,0.2657,
2.08,0.1595,0.05386,0.03068,0.02881,0.1107,0.06665,0.04096,0.02909,0.1,0.04294,0.2317,0.2646,
2.089,0.197,0.05407,0.03074,0.02883,0.1107,0.09467,0.03029,0.04885,0.06391,0.04345,0.2299,0.2645,
2.089,0.1814,0.0544,0.03077,0.02884,0.1107,0.09496,0.03,0.04923,0.06502,0.04196,0.2299,0.2642,
2.09,0.1754,0.05501,0.03082,0.02893,0.1107,0.09498,0.03049,0.0489,0.06601,0.04084,0.23,0.2633,
2.09,0.1726,0.05495,0.03094,0.02899,0.111,0.09499,0.0305,0.04905,0.06734,0.03938,0.23,0.2629,
2.089,0.1639,0.05584,0.03095,0.02893,0.111,0.09391,0.03022,0.04958,0.0679,0.03828,0.23,0.2634,
2.088,0.1751,0.05577,0.0307,0.02901,0.1107,0.09348,0.03019,0.05003,0.06734,0.03825,0.2309,0.2635,
2.087,0.1736,0.05537,0.03058,0.02904,0.111,0.09351,0.0305,0.05005,0.06741,0.03792,0.231,0.2636,
2.084,0.1509,0.05492,0.03042,0.029,0.111,0.09229,0.03043,0.05009,0.06742,0.03754,0.2328,0.2641,
2.083,0.1574,0.0547,0.03046,0.02903,0.1111,0.09175,0.03057,0.04981,0.06811,0.03687,0.2328,0.2648,
2.081,0.1679,0.05396,0.03051,0.02903,0.1115,0.09081,0.03068,0.04975,0.06903,0.03567,0.2337,0.2653,
2.079,0.1687,0.05377,0.03056,0.029,0.1113,0.08993,0.03065,0.0497,0.06955,0.03505,0.2347,0.2658,
2.085,0.1599,0.05508,0.03061,0.02906,0.1113,0.08916,0.03097,0.04939,0.0698,0.03763,0.2319,0.2651,
2.085,0.1636,0.05504,0.03065,0.02908,0.1111,0.08843,0.03112,0.0494,0.06993,0.03738,0.2319,0.266,
2.084,0.164,0.05483,0.03083,0.02912,0.1111,0.08843,0.03112,0.0494,0.07047,0.03684,0.2319,0.266,
2.082,0.1647,0.05406,0.03086,0.02917,0.1114,0.08756,0.03132,0.04938,0.07188,0.03534,0.232,0.267,
2.087,0.1707,0.05433,0.03085,0.02918,0.1116,0.08727,0.03123,0.04942,0.07193,0.0378,0.2298,0.2666,
2.083,0.1613,0.05311,0.03078,0.02912,0.1121,0.08659,0.03113,0.04925,0.07225,0.03712,0.2324,0.2661,
2.082,0.2095,0.05306,0.03081,0.02916,0.1119,0.08619,0.03113,0.04927,0.07307,0.03632,0.2325,0.2666,
2.087,0.2155,0.05412,0.03084,0.02912,0.1118,0.08516,0.03126,0.04913,0.07293,0.03869,0.2318,0.2652,
2.085,0.2025,0.05395,0.03068,0.02909,0.1113,0.08499,0.0312,0.04903,0.07279,0.03862,0.2336,0.2647,
2.085,0.1559,0.05395,0.03067,0.02914,0.111,0.08469,0.0314,0.049,0.0731,0.0382,0.2337,0.2651,
2.083,0.1696,0.05281,0.0306,0.02915,0.1118,0.08494,0.03104,0.04895,0.07303,0.03816,0.2347,0.2649,
2.086,0.2362,0.05353,0.03062,0.02916,0.1116,0.08423,0.0309,0.04897,0.07329,0.04007,0.2326,0.2651,
2.085,0.2191,0.05348,0.03066,0.02918,0.1113,0.08319,0.03091,0.04898,0.07355,0.03985,0.2327,0.2662,
2.09,0.1745,0.0535,0.03083,0.02924,0.1112,0.08324,0.03093,0.04922,0.07419,0.04196,0.2299,0.2658,
2.089,0.1617,0.05295,0.03084,0.02934,0.1113,0.08253,0.03108,0.0491,0.07421,0.04198,0.23,0.2666,
2.093,0.1738,0.05256,0.03081,0.02935,0.1115,0.08117,0.03106,0.04906,0.07415,0.04535,0.2276,0.2675,
2.092,0.1789,0.05252,0.03078,0.02936,0.1114,0.08051,0.03106,0.04921,0.07402,0.04533,0.2276,0.2682,
2.093,0.1793,0.05303,0.03085,0.02938,0.1114,0.08066,0.03092,0.04921,0.07403,0.04532,0.2276,0.2676,
2.09,0.18,0.05298,0.03085,0.02942,0.1114,0.0798,0.03064,0.04907,0.07465,0.0447,0.2276,0.2689,
2.089,0.1731,0.0514,0.03088,0.02944,0.1129,0.08005,0.03054,0.04908,0.07478,0.04444,0.2276,0.2689,
2.064,0.2391,0.05213,0.03094,0.02947,0.1129,0.1017,0.04329,0.01503,0.07515,0.04375,0.2276,0.2681,
2.062,0.23,0.05174,0.03114,0.02949,0.113,0.1012,0.04343,0.01511,0.07791,0.04077,0.2276,0.2685,
2.06,0.2313,0.05191,0.03106,0.02941,0.1126,0.1004,0.04328,0.01506,0.07778,0.04049,0.2303,0.2676,
2.06,0.2233,0.0519,0.03108,0.02941,0.1126,0.1002,0.043,0.01506,0.07778,0.04049,0.2303,0.2682,
2.059,0.2223,0.05171,0.03123,0.02944,0.1126,0.09999,0.04286,0.0152,0.0779,0.04023,0.2303,0.2685,
2.055,0.2286,0.05119,0.03101,0.02913,0.1125,0.0988,0.04299,0.01505,0.07918,0.03889,0.2313,0.2699,
2.052,0.2314,0.05109,0.031,0.02882,0.1124,0.09747,0.04293,0.01523,0.07904,0.03855,0.2322,0.2713,
2.051,0.2249,0.05075,0.03095,0.02887,0.1124,0.09737,0.04289,0.01521,0.07949,0.03798,0.2331,0.271,
2.052,0.2126,0.0515,0.03069,0.02891,0.1118,0.09696,0.04298,0.01509,0.08066,0.03808,0.2329,0.2704,
2.058,0.1847,0.05185,0.03052,0.02898,0.1112,0.09608,0.04296,0.0153,0.08228,0.04063,0.2295,0.2707,
2.062,0.174,0.05254,0.03062,0.02904,0.1108,0.09586,0.04295,0.01516,0.08256,0.04213,0.2279,0.2705,
2.061,0.1741,0.05208,0.03047,0.02905,0.1109,0.09578,0.04305,0.01515,0.08234,0.04209,0.2288,0.2702,
2.058,0.1797,0.05181,0.03048,0.02914,0.1103,0.09539,0.04303,0.01525,0.08385,0.04041,0.2299,0.2705,
2.065,0.1762,0.05198,0.03046,0.02913,0.1102,0.0947,0.04299,0.01538,0.08429,0.04403,0.2264,0.2704,
2.062,0.1688,0.05038,0.03048,0.02864,0.1115,0.09459,0.04306,0.01547,0.08398,0.04398,0.2273,0.2706,
2.061,0.1774,0.05017,0.03044,0.02865,0.1115,0.09449,0.04301,0.01573,0.08519,0.04234,0.2282,0.2703,
2.05,0.1705,0.05017,0.03036,0.02873,0.1115,0.09371,0.05029,0.00856,0.08495,0.04222,0.2282,0.2713,
2.049,0.175,0.05013,0.03036,0.02878,0.1114,0.09372,0.05041,0.008589,0.0858,0.04125,0.2282,0.2713,
2.049,0.1732,0.05003,0.0303,0.02883,0.1112,0.09363,0.05036,0.00879,0.08603,0.04068,0.2291,0.2711,
2.05,0.1793,0.04947,0.03016,0.0288,0.1116,0.09249,0.05015,0.008618,0.08657,0.04252,0.229,0.2707,
2.049,0.1786,0.04937,0.03018,0.02879,0.1111,0.09241,0.05011,0.008751,0.08636,0.04249,0.2299,0.2705,
2.053,0.1674,0.0494,0.03042,0.0288,0.1112,0.09214,0.05026,0.008754,0.087,0.04402,0.2277,0.2703,
2.055,0.163,0.04931,0.03045,0.02884,0.112,0.09157,0.05041,0.008977,0.08758,0.04408,0.2267,0.27,
2.053,0.1713,0.04881,0.03044,0.02883,0.1123,0.09042,0.05064,0.008826,0.08734,0.04403,0.2276,0.2708,
2.051,0.1706,0.04832,0.03071,0.02886,0.1124,0.0894,0.05096,0.008507,0.08749,0.04389,0.2276,0.2718,
2.05,0.1862,0.04817,0.03077,0.02884,0.1122,0.08902,0.05068,0.008734,0.0877,0.04331,0.2285,0.2721,
2.049,0.1892,0.0481,0.03075,0.02889,0.1119,0.08962,0.05022,0.008788,0.0876,0.04331,0.2286,0.2722,
2.048,0.1939,0.04784,0.03081,0.02884,0.1116,0.08956,0.05008,0.008655,0.08773,0.04288,0.2304,0.2716,
2.046,0.1833,0.04827,0.03056,0.02877,0.1113,0.08938,0.04962,0.008616,0.08851,0.04196,0.2336,0.2695,
2.045,0.176,0.04789,0.03052,0.0288,0.1115,0.08901,0.04977,0.008478,0.08839,0.04197,0.2336,0.2701,
2.044,0.1763,0.04784,0.03057,0.0288,0.1115,0.08929,0.04949,0.008478,0.08853,0.04183,0.2336,0.2701,
2.05,0.1745,0.04845,0.03057,0.02881,0.1115,0.08945,0.04936,0.008723,0.0883,0.04413,0.2313,0.2693,
2.053,0.182,0.04846,0.03059,0.02883,0.1119,0.08963,0.04917,0.008807,0.08797,0.0457,0.2306,0.2684,
2.054,0.1773,0.04906,0.03054,0.02888,0.1119,0.08861,0.04931,0.008526,0.08837,0.04695,0.229,0.269,
2.054,0.1712,0.04892,0.03056,0.02893,0.1116,0.08864,0.04933,0.008669,0.08843,0.04681,0.2291,0.2691,
2.054,0.1733,0.04857,0.03059,0.02898,0.1118,0.08829,0.04919,0.008669,0.08843,0.04681,0.2291,0.2696,
2.072,0.1807,0.04845,0.03067,0.02904,0.1116,0.08845,0.04921,0.01878,0.07846,0.04655,0.2291,0.2696,
2.086,0.2084,0.04666,0.03064,0.02905,0.1132,0.08863,0.04901,0.03637,0.06086,0.04626,0.23,0.2693,
2.091,0.2079,0.04835,0.03069,0.02907,0.1132,0.08863,0.04943,0.03621,0.0606,0.04751,0.2287,0.2676,
2.099,0.216,0.04849,0.03082,0.02914,0.1132,0.08851,0.04959,0.04524,0.05125,0.05073,0.2253,0.2678,
2.099,0.2234,0.04827,0.03082,0.02913,0.1131,0.08842,0.04954,0.04547,0.05173,0.04986,0.2262,0.2675,
2.103,0.2345,0.04999,0.03089,0.02915,0.1131,0.08842,0.05024,0.04477,0.05276,0.04993,0.2251,0.2657,
2.102,0.2492,0.04971,0.03092,0.02919,0.1131,0.0877,0.05011,0.04493,0.05383,0.04875,0.2251,0.2666,
2.111,0.2275,0.05133,0.03098,0.02923,0.1131,0.08638,0.05025,0.04488,0.05386,0.05389,0.2197,0.2664,
2.11,0.1973,0.0513,0.03098,0.02891,0.1131,0.08622,0.04995,0.04549,0.05429,0.05284,0.2197,0.2672,
2.109,0.1844,0.051,0.03093,0.02891,0.1131,0.08614,0.04991,0.04564,0.05604,0.0508,0.2206,0.2669,
2.106,0.1904,0.05092,0.0309,0.02862,0.113,0.08529,0.05016,0.04577,0.05816,0.04807,0.2215,0.2677,
2.107,0.2069,0.05201,0.03089,0.02868,0.113,0.08431,0.05016,0.04615,0.0582,0.0475,0.2215,0.2676,
2.106,0.2038,0.05199,0.03085,0.02873,0.113,0.08387,0.05016,0.04615,0.05901,0.04669,0.2215,0.2681,
2.104,0.1785,0.05138,0.0308,0.0284,0.1133,0.08298,0.05018,0.04653,0.0594,0.04598,0.2216,0.2695,
2.104,0.1735,0.05312,0.03089,0.02834,0.1129,0.08203,0.04949,0.04644,0.05958,0.04559,0.2233,0.2683,
2.102,0.177,0.05309,0.03085,0.02841,0.1129,0.081,0.04921,0.04644,0.05972,0.04545,0.2233,0.2696,
2.102,0.1961,0.05361,0.03091,0.02796,0.1128,0.08065,0.05028,0.04561,0.05992,0.04575,0.2226,0.2699,
2.101,0.1883,0.05341,0.031,0.02795,0.1127,0.07995,0.05008,0.04591,0.0595,0.0457,0.2235,0.2703,
2.097,0.1959,0.05321,0.03098,0.02742,0.1124,0.08006,0.04941,0.04595,0.06107,0.04376,0.2252,0.2705,
2.099,0.1988,0.05402,0.03103,0.02745,0.112,0.07969,0.04944,0.04597,0.06173,0.04359,0.2249,0.2702,
2.097,0.192,0.05328,0.03108,0.02745,0.1118,0.07922,0.0494,0.04594,0.06222,0.04302,0.2259,0.2707,
2.1,0.1839,0.05329,0.03098,0.02748,0.1128,0.07927,0.04963,0.04558,0.06268,0.04405,0.2251,0.2692,
2.075,0.2254,0.05307,0.03117,0.02753,0.1126,0.0886,0.0705,0.01594,0.0627,0.04353,0.2251,0.2693,
2.074,0.2076,0.05301,0.03118,0.02759,0.1125,0.08813,0.07028,0.01586,0.06325,0.043,0.2251,0.2701,
2.077,0.2168,0.05355,0.03126,0.0276,0.1122,0.08739,0.0702,0.01624,0.06279,0.04437,0.2246,0.2698,
2.075,0.246,0.05319,0.03115,0.02768,0.1124,0.08638,0.06978,0.01636,0.06284,0.04406,0.2255,0.2707,
2.072,0.2378,0.05311,0.03112,0.02767,0.112,0.08463,0.06958,0.01694,0.06262,0.04361,0.2264,0.2723,
2.07,0.2454,0.05219,0.0312,0.02765,0.1122,0.08413,0.06974,0.01672,0.06304,0.04311,0.2274,0.2726,
2.071,0.1965,0.05304,0.03117,0.02768,0.112,0.08404,0.06981,0.01656,0.06473,0.04202,0.2276,0.2713,
2.07,0.1558,0.05295,0.03118,0.02771,0.1114,0.0833,0.07005,0.01648,0.06499,0.0415,0.2286,0.2719,
2.02,0.2158,0.05287,0.03128,0.02774,0.1109,0.1328,0.01931,0.01634,0.06516,0.04138,0.2287,0.2735,
2.018,0.2033,0.0528,0.03129,0.02782,0.1104,0.1322,0.01933,0.01649,0.06953,0.03694,0.2289,0.2744,
2.011,0.1836,0.0523,0.03123,0.02782,0.1106,0.132,0.01917,0.01654,0.07541,0.03075,0.2298,0.2744,
2.009,0.1699,0.05014,0.03136,0.02788,0.1122,0.1311,0.01954,0.01667,0.07576,0.02997,0.2299,0.2755,
2.035,0.2111,0.05151,0.03141,0.02794,0.1119,0.1311,0.01955,0.04809,0.04564,0.03044,0.2283,0.2741,
2.039,0.206,0.05165,0.03147,0.02796,0.1119,0.1311,0.01987,0.0479,0.04577,0.03174,0.2267,0.2739,
2.028,0.2438,0.05158,0.03151,0.02768,0.1119,0.1313,0.02002,0.06792,0.02597,0.03123,0.2267,0.2742,
2.026,0.1713,0.0512,0.03148,0.02768,0.1117,0.1298,0.01995,0.0679,0.02736,0.02969,0.2277,0.2756,
2.025,0.1527,0.05103,0.0315,0.02773,0.1117,0.129,0.01985,0.06791,0.02771,0.02935,0.2278,0.2765,
2.027,0.158,0.05117,0.03155,0.02772,0.1116,0.128,0.01982,0.06797,0.02754,0.03046,0.2275,0.2766,
2.025,0.1995,0.05115,0.03157,0.02774,0.1115,0.1266,0.01983,0.06799,0.02754,0.03046,0.2275,0.2781,
2.028,0.1761,0.05225,0.0316,0.02778,0.1111,0.1258,0.01984,0.06802,0.02797,0.03075,0.227,0.2779,
2.027,0.1392,0.0522,0.03157,0.02781,0.1104,0.1255,0.01983,0.06799,0.02821,0.03048,0.228,0.278,
2.027,0.1389,0.05214,0.0316,0.02786,0.1101,0.1249,0.01983,0.06801,0.02886,0.02984,0.2281,0.2787,
2.026,0.1376,0.05167,0.03172,0.0279,0.1105,0.1236,0.0202,0.06764,0.02913,0.02957,0.2281,0.28,
2.025,0.137,0.05163,0.03173,0.02793,0.1105,0.1227,0.0202,0.06791,0.02914,0.02929,0.2281,0.2809,
2.023,0.1427,0.05144,0.03192,0.02794,0.1104,0.1204,0.0202,0.06812,0.02917,0.02907,0.2281,0.2833,
2.022,0.1418,0.0511,0.03196,0.02794,0.1108,0.1194,0.01997,0.06804,0.02928,0.02919,0.2287,0.2836,
2.02,0.1452,0.05063,0.03202,0.02795,0.1112,0.1181,0.02001,0.06826,0.02953,0.02854,0.2287,0.285,
2.018,0.1611,0.05027,0.03202,0.02794,0.1112,0.1163,0.02014,0.06825,0.02976,0.02803,0.2296,0.2864,
2.016,0.1571,0.0505,0.03201,0.02793,0.111,0.1142,0.02013,0.06833,0.02959,0.02823,0.2303,0.2878,
2.014,0.1727,0.05046,0.03198,0.02745,0.111,0.1133,0.02013,0.06873,0.02956,0.02786,0.2303,0.2892,
2.012,0.1646,0.05012,0.0322,0.02714,0.1109,0.1122,0.02013,0.06895,0.02996,0.02727,0.2304,0.2907,
2.011,0.1646,0.05009,0.03223,0.02715,0.1108,0.1117,0.02027,0.06893,0.03282,0.02431,0.2304,0.2913,
2.008,0.1648,0.04995,0.03228,0.02712,0.1107,0.1104,0.02025,0.06949,0.03276,0.02366,0.2313,0.2921,
2.006,0.1655,0.04894,0.0322,0.02716,0.1112,0.1099,0.02023,0.06962,0.03279,0.0234,0.2323,0.2922,
2.004,0.1683,0.04841,0.0323,0.02718,0.1116,0.1087,0.02023,0.07023,0.03245,0.02312,0.2323,0.2934,
1.979,0.179,0.04937,0.03225,0.02713,0.1113,0.1206,0.007032,0.0704,0.03277,0.02432,0.2321,0.2927,
1.978,0.1626,0.04919,0.03233,0.02715,0.1113,0.1198,0.00703,0.07061,0.03257,0.02432,0.2322,0.2936,
1.976,0.1694,0.04898,0.03242,0.02717,0.1113,0.1168,0.007031,0.07061,0.03258,0.02433,0.2322,0.2966,
1.973,0.1662,0.04827,0.03237,0.02726,0.1117,0.1158,0.006885,0.07088,0.03228,0.02406,0.2331,0.2974,
1.971,0.1536,0.04761,0.03261,0.02727,0.112,0.1143,0.007196,0.07072,0.0332,0.023,0.2331,0.299,
1.979,0.159,0.04937,0.03261,0.02731,0.112,0.1133,0.007503,0.0706,0.03302,0.02522,0.2309,0.2981,
1.976,0.157,0.04904,0.03284,0.02679,0.1119,0.112,0.007794,0.07057,0.0329,0.02493,0.2318,0.2995,
1.981,0.185,0.04874,0.03292,0.02649,0.1129,0.1093,0.00807,0.0705,0.03297,0.02801,0.2285,0.3016,
1.984,0.1818,0.04972,0.03303,0.0265,0.1128,0.1081,0.007923,0.07042,0.0332,0.02879,0.2282,0.3012,
1.981,0.1807,0.04936,0.03311,0.02651,0.113,0.1061,0.008061,0.07029,0.03448,0.02752,0.2283,0.3034,
1.988,0.1798,0.05023,0.0331,0.02651,0.1132,0.1051,0.008064,0.07032,0.03483,0.02984,0.2257,0.3031,
1.985,0.186,0.0499,0.03315,0.02661,0.1131,0.1022,0.008204,0.0702,0.03484,0.02985,0.2258,0.3062,
1.98,0.1751,0.04968,0.03318,0.02613,0.1131,0.09954,0.008205,0.07042,0.03579,0.0287,0.2258,0.3094,
1.976,0.1806,0.04919,0.03319,0.0261,0.113,0.09679,0.008324,0.07014,0.03596,0.02838,0.2276,0.3113,
1.972,0.1828,0.04876,0.03308,0.02575,0.1127,0.09502,0.008798,0.06966,0.03616,0.02774,0.2303,0.3121,
1.969,0.1906,0.0484,0.03318,0.02578,0.1128,0.09305,0.008935,0.06939,0.03763,0.02628,0.2303,0.3142,
1.97,0.1881,0.04814,0.03318,0.02557,0.1126,0.09248,0.01006,0.06853,0.03743,0.02629,0.2304,0.3153,
1.967,0.192,0.04783,0.03315,0.02563,0.1126,0.09116,0.01035,0.06911,0.03719,0.02572,0.2305,0.3168,
1.971,0.2038,0.048,0.0332,0.02568,0.1125,0.08844,0.01076,0.06913,0.03723,0.02802,0.2278,0.3192,
1.975,0.2045,0.04885,0.03326,0.02574,0.1125,0.08623,0.01089,0.06899,0.03723,0.03066,0.2252,0.3205,
1.973,0.2082,0.04861,0.0331,0.02549,0.1122,0.08545,0.01104,0.06891,0.03726,0.03069,0.2253,0.3219,
1.973,0.1967,0.04837,0.03311,0.02554,0.1122,0.08463,0.01161,0.06836,0.03752,0.03045,0.2254,0.3228,
1.975,0.2112,0.04847,0.0331,0.0256,0.1126,0.08268,0.01189,0.06836,0.03794,0.03145,0.2237,0.3241,
1.977,0.2026,0.04838,0.03297,0.02568,0.113,0.08259,0.01243,0.06805,0.03921,0.0306,0.2238,0.3233,
1.976,0.2077,0.04852,0.03285,0.0258,0.113,0.08143,0.01257,0.06812,0.03904,0.03093,0.2235,0.3242,
1.976,0.207,0.04839,0.03281,0.02585,0.1128,0.08057,0.01258,0.06816,0.03999,0.03073,0.223,0.3251,
1.975,0.2045,0.04826,0.03288,0.02585,0.1125,0.07981,0.01259,0.0682,0.04049,0.03026,0.2231,0.3261,
1.967,0.234,0.04781,0.03279,0.02579,0.1127,0.07532,0.01271,0.06822,0.04024,0.03024,0.224,0.3302,
1.963,0.2173,0.04628,0.03283,0.02584,0.1137,0.07348,0.0127,0.06815,0.04066,0.02975,0.2249,0.3316,
1.962,0.2223,0.04602,0.03301,0.02591,0.1132,0.07319,0.01295,0.06796,0.04103,0.02942,0.2251,0.3323,
1.966,0.2208,0.0463,0.03295,0.02597,0.1127,0.07291,0.01354,0.0673,0.04107,0.03091,0.2238,0.3326,
1.964,0.2229,0.04625,0.03296,0.02601,0.1126,0.07201,0.0134,0.06701,0.04132,0.03066,0.2238,0.334,
1.962,0.2261,0.0462,0.03291,0.02603,0.1121,0.07153,0.01368,0.0669,0.04116,0.03041,0.2248,0.3342,
1.972,0.2284,0.04617,0.03287,0.02611,0.112,0.07062,0.02329,0.05717,0.04117,0.03041,0.2248,0.3354,
1.98,0.2307,0.04802,0.0327,0.02608,0.112,0.07063,0.02373,0.05711,0.04082,0.03222,0.2231,0.3336,
1.977,0.2335,0.04779,0.03273,0.02609,0.112,0.06945,0.02376,0.05699,0.04106,0.03198,0.2231,0.335,
1.975,0.2286,0.04763,0.03276,0.02611,0.1119,0.06811,0.02428,0.05665,0.04112,0.03156,0.224,0.3359,
1.961,0.2708,0.0475,0.03276,0.02612,0.1118,0.06764,0.02453,0.07458,0.02347,0.03087,0.2249,0.3359,
1.965,0.2549,0.04829,0.03267,0.02609,0.1115,0.06657,0.02461,0.07455,0.02314,0.03322,0.2242,0.3352,
1.963,0.2585,0.04818,0.03276,0.02612,0.1115,0.06592,0.0252,0.0747,0.02276,0.03273,0.2242,0.3359,
1.955,0.2483,0.04806,0.03274,0.02614,0.1114,0.07117,0.01928,0.07434,0.02371,0.03172,0.225,0.3364,
1.955,0.2355,0.04783,0.03275,0.02614,0.1116,0.07099,0.01945,0.0742,0.02397,0.03132,0.225,0.3367,
1.953,0.2205,0.04731,0.03272,0.02617,0.112,0.07065,0.01959,0.0747,0.02335,0.03132,0.2251,0.3371,
1.973,0.2993,0.04789,0.03265,0.02619,0.1119,0.07029,0.0464,0.04779,0.02357,0.03232,0.2247,0.3363,
1.978,0.2918,0.04817,0.03267,0.02621,0.1127,0.06961,0.0464,0.04779,0.02385,0.03437,0.2223,0.3359,
1.98,0.2811,0.0482,0.03263,0.0262,0.1131,0.06902,0.04873,0.04623,0.02469,0.03353,0.2223,0.3354,
1.982,0.2866,0.04897,0.03246,0.02623,0.1128,0.06831,0.04863,0.0464,0.0245,0.03479,0.2226,0.3343,
1.982,0.2705,0.04893,0.03248,0.02625,0.1128,0.06803,0.04863,0.0464,0.02474,0.03455,0.2226,0.3345,
1.98,0.2622,0.04893,0.03243,0.0263,0.1128,0.06713,0.0488,0.04623,0.02487,0.03442,0.2226,0.3354,
1.985,0.2607,0.04949,0.03248,0.02627,0.1127,0.06706,0.04888,0.04604,0.02565,0.03573,0.2213,0.3344,
1.991,0.2388,0.05044,0.03247,0.02626,0.1127,0.0667,0.04883,0.04599,0.02606,0.03783,0.2196,0.3331,
1.993,0.2485,0.05135,0.03231,0.02636,0.1126,0.06649,0.05525,0.03948,0.02612,0.03862,0.2194,0.332,
1.993,0.2314,0.05133,0.03228,0.02642,0.1125,0.06674,0.05501,0.03983,0.02619,0.03823,0.2195,0.332,
1.992,0.2359,0.05073,0.03238,0.02648,0.1127,0.06686,0.05491,0.03983,0.02651,0.03791,0.2195,0.3321,
1.997,0.2484,0.05126,0.03246,0.02651,0.1127,0.06687,0.05506,0.04005,0.02727,0.03872,0.2176,0.3315,
1.981,0.2702,0.05102,0.03251,0.02657,0.1125,0.0668,0.055,0.05664,0.0106,0.03868,0.2185,0.3312,
1.979,0.2677,0.05094,0.03246,0.02609,0.1124,0.06715,0.05465,0.05643,0.01085,0.03837,0.2193,0.3313,
1.979,0.2531,0.0507,0.03247,0.0261,0.1126,0.06715,0.05465,0.05643,0.01116,0.03807,0.2193,0.3313,
1.979,0.2579,0.05056,0.0324,0.0261,0.1121,0.06703,0.05455,0.05633,0.01167,0.03746,0.2211,0.3307,
1.989,0.253,0.05244,0.03244,0.02616,0.1116,0.06672,0.05483,0.05667,0.01141,0.0416,0.2169,0.3293,
1.987,0.2778,0.0523,0.03236,0.02614,0.1114,0.06611,0.05455,0.05654,0.0116,0.04128,0.2186,0.3292,
1.988,0.2755,0.05222,0.03242,0.02581,0.1114,0.06611,0.05532,0.05578,0.01315,0.03974,0.2186,0.3295,
1.984,0.269,0.05192,0.03238,0.02576,0.1112,0.06438,0.05493,0.05563,0.01312,0.03965,0.2203,0.3307,
1.984,0.2814,0.05126,0.03237,0.02578,0.1116,0.0644,0.05495,0.05564,0.01365,0.03914,0.2203,0.3308,
1.963,0.2725,0.05161,0.03235,0.02534,0.1116,0.06494,0.08903,0.02116,0.01419,0.03934,0.2195,0.3309,
1.965,0.3819,0.05152,0.03238,0.02534,0.1119,0.08863,0.0655,0.02103,0.01419,0.0402,0.2187,0.3307,
1.964,0.3844,0.05134,0.03238,0.0253,0.1115,0.08819,0.06523,0.02112,0.01527,0.03888,0.2204,0.3304,
1.965,0.3782,0.05156,0.03239,0.0253,0.1112,0.08812,0.06531,0.02096,0.01525,0.03947,0.2207,0.3298,
1.965,0.3648,0.05118,0.03242,0.0253,0.1111,0.08804,0.06554,0.02085,0.01565,0.03883,0.2216,0.3295,
1.97,0.1917,0.05204,0.0326,0.02535,0.111,0.08706,0.06585,0.02055,0.01682,0.04002,0.2193,0.3294,
1.974,0.1973,0.0526,0.03267,0.02539,0.111,0.08706,0.06612,0.02028,0.01789,0.03987,0.2183,0.3287,
1.97,0.1972,0.05257,0.03266,0.02543,0.111,0.08764,0.0658,0.02732,0.01124,0.03921,0.2183,0.3287,
1.975,0.1914,0.05285,0.03265,0.02554,0.111,0.08662,0.06568,0.02738,0.01153,0.04196,0.2151,0.3297,
1.975,0.1939,0.05243,0.03259,0.0253,0.1114,0.08717,0.06528,0.02725,0.01232,0.04118,0.2151,0.33,
1.972,0.215,0.05195,0.03255,0.02537,0.1117,0.08561,0.06556,0.02699,0.01275,0.04075,0.2151,0.3316,
1.974,0.2643,0.05227,0.03274,0.02508,0.1117,0.08464,0.06572,0.02683,0.01344,0.04103,0.2142,0.3323,
1.974,0.2193,0.0522,0.03271,0.02513,0.1118,0.08412,0.06575,0.02684,0.01365,0.04142,0.2137,0.3327,
1.976,0.205,0.05243,0.03286,0.02515,0.1118,0.08297,0.06564,0.02685,0.01379,0.04263,0.2124,0.3334,
1.96,0.2302,0.05215,0.03277,0.02515,0.1119,0.1077,0.03973,0.02682,0.01501,0.04135,0.2133,0.3341,
1.958,0.1826,0.05175,0.03276,0.02522,0.1121,0.1065,0.03974,0.02696,0.01488,0.04136,0.2133,0.3354,
1.958,0.1875,0.05158,0.03264,0.02526,0.1118,0.1063,0.03977,0.02698,0.01609,0.04019,0.2135,0.3359,
1.96,0.1868,0.05214,0.03275,0.02528,0.1115,0.105,0.03989,0.02688,0.0161,0.04153,0.2122,0.3368,
1.958,0.1872,0.05196,0.03289,0.02532,0.1115,0.1029,0.03972,0.02688,0.01657,0.04107,0.2122,0.339,
1.959,0.2696,0.05374,0.0329,0.02538,0.1114,0.1013,0.03973,0.02688,0.01657,0.04108,0.2122,0.3388,
1.96,0.2118,0.05462,0.03275,0.02515,0.1111,0.1008,0.03975,0.0269,0.0175,0.04018,0.2124,0.3389,
1.959,0.2021,0.05425,0.03268,0.02514,0.111,0.1003,0.03967,0.02685,0.01801,0.03956,0.2141,0.3385,
1.958,0.1971,0.05292,0.03277,0.02519,0.112,0.1001,0.03968,0.02685,0.01801,0.03957,0.2141,0.3388,
1.957,0.1842,0.05292,0.03271,0.02519,0.112,0.0983,0.03965,0.02708,0.01817,0.03947,0.2147,0.3399,
1.953,0.192,0.05265,0.03257,0.02452,0.1116,0.09728,0.0395,0.02703,0.0196,0.03794,0.2164,0.3409,
1.95,0.1901,0.05149,0.03251,0.02449,0.1125,0.09567,0.03947,0.02701,0.02005,0.03744,0.2173,0.3421,
1.95,0.2123,0.05072,0.03249,0.02452,0.1131,0.09568,0.03961,0.02688,0.02057,0.03693,0.2173,0.3421,
1.952,0.1958,0.05149,0.03251,0.02451,0.1129,0.0952,0.03952,0.02682,0.0208,0.03713,0.2185,0.3407,
1.944,0.2124,0.05139,0.03257,0.02456,0.1129,0.09481,0.03935,0.03727,0.0107,0.03678,0.2185,0.3412,
1.947,0.2019,0.05164,0.03271,0.02454,0.113,0.09403,0.03938,0.03723,0.01292,0.03492,0.2187,0.3409,
1.947,0.1922,0.05163,0.03269,0.02458,0.1129,0.09404,0.03951,0.0371,0.01317,0.03468,0.2188,0.3409,
1.951,0.1864,0.05209,0.03274,0.02464,0.113,0.09407,0.03953,0.03732,0.01315,0.03597,0.2174,0.3402,
1.951,0.1925,0.05199,0.03273,0.02462,0.1128,0.0941,0.03957,0.03706,0.01383,0.03524,0.2182,0.3398,
1.95,0.2036,0.0519,0.03269,0.02467,0.1125,0.09365,0.03941,0.03703,0.01395,0.03507,0.2191,0.34,
1.909,0.2006,0.05189,0.03267,0.02473,0.1121,0.1195,0.0122,0.03764,0.01448,0.03398,0.2192,0.3416,
1.908,0.1878,0.05179,0.03267,0.02472,0.1118,0.1179,0.01219,0.03783,0.01542,0.03278,0.2201,0.3428,
1.905,0.1926,0.0517,0.03272,0.02476,0.1118,0.115,0.01205,0.03783,0.01629,0.0319,0.2201,0.3458,
1.91,0.1803,0.05217,0.03272,0.02478,0.1116,0.1149,0.01204,0.03779,0.01641,0.03418,0.2186,0.3448,
1.914,0.2018,0.052,0.0328,0.02476,0.1113,0.1136,0.01893,0.03073,0.01677,0.03377,0.2195,0.3458,
1.913,0.2044,0.05067,0.0327,0.02479,0.1126,0.1132,0.01894,0.03096,0.01815,0.03217,0.2195,0.3463,
1.912,0.2331,0.05062,0.0327,0.02485,0.1125,0.1116,0.01894,0.03096,0.0184,0.03193,0.2195,0.3479,
1.913,0.2314,0.05078,0.03272,0.02491,0.1124,0.1092,0.0252,0.02457,0.01895,0.03236,0.2186,0.3502,
1.91,0.2198,0.04975,0.03277,0.02494,0.1128,0.1082,0.02509,0.02481,0.01953,0.0316,0.2188,0.3517,
1.91,0.2236,0.04947,0.03283,0.02499,0.1127,0.1074,0.0251,0.02482,0.02086,0.03029,0.2189,0.3527,
1.901,0.245,0.04901,0.03288,0.02496,0.1125,0.1066,0.02505,0.03536,0.01023,0.03023,0.2206,0.3526,
1.902,0.2386,0.04934,0.03292,0.02459,0.1125,0.1054,0.02491,0.03536,0.01127,0.03014,0.2197,0.3539,
1.899,0.2425,0.04907,0.03286,0.02461,0.1124,0.1039,0.02476,0.03533,0.01126,0.03011,0.2206,0.3551,
1.902,0.2385,0.04968,0.03267,0.02457,0.1123,0.1022,0.02461,0.03551,0.01245,0.03059,0.2196,0.3558,
1.9,0.2284,0.0493,0.03286,0.02453,0.112,0.101,0.02456,0.03543,0.01242,0.03052,0.2213,0.356,
1.9,0.224,0.04869,0.03255,0.02467,0.1124,0.09884,0.02464,0.03524,0.01317,0.03096,0.221,0.3578,
1.867,0.253,0.04809,0.03255,0.02466,0.1126,0.114,0.008459,0.03521,0.01399,0.03011,0.2219,0.3584,
1.866,0.2261,0.04796,0.03256,0.02467,0.1125,0.113,0.008187,0.03517,0.01524,0.02881,0.2228,0.3591,
1.859,0.1922,0.04747,0.03222,0.02466,0.1127,0.1093,0.007871,0.03514,0.01522,0.02879,0.2237,0.3629,
1.857,0.1914,0.04745,0.03214,0.02468,0.1125,0.1076,0.007873,0.03565,0.01619,0.02734,0.2238,0.3648,
1.853,0.2159,0.04646,0.03207,0.02471,0.1129,0.1052,0.007999,0.03555,0.01621,0.0271,0.2248,0.367,
1.856,0.2083,0.04759,0.03184,0.02476,0.1125,0.1041,0.008006,0.03558,0.01672,0.02809,0.2236,0.3672,
1.856,0.1996,0.04742,0.03186,0.02481,0.1125,0.1037,0.008139,0.03564,0.01653,0.02809,0.2236,0.3676,
1.862,0.2056,0.04763,0.03188,0.02485,0.1126,0.1027,0.008141,0.03565,0.0171,0.0305,0.2207,0.3683,
1.867,0.1968,0.04881,0.03194,0.02486,0.1125,0.1022,0.008142,0.03583,0.01724,0.03209,0.2188,0.3676,
1.865,0.2051,0.04876,0.03198,0.02485,0.1115,0.1007,0.008141,0.03602,0.01705,0.03209,0.2199,0.369,
1.862,0.1967,0.04854,0.03189,0.02483,0.1107,0.1006,0.007761,0.03602,0.0179,0.03124,0.221,0.3695,
1.859,0.2033,0.04848,0.03192,0.02486,0.1107,0.09755,0.007911,0.03587,0.01851,0.03063,0.221,0.3726,
1.857,0.201,0.04799,0.03187,0.02491,0.1108,0.09686,0.007915,0.03589,0.01852,0.03064,0.2211,0.3735,
1.858,0.2058,0.04762,0.032,0.02493,0.1109,0.09688,0.008211,0.0356,0.01904,0.03013,0.2211,0.3736,
1.866,0.2127,0.04827,0.032,0.02496,0.1113,0.09613,0.008203,0.03576,0.01883,0.03379,0.2183,0.3725,
1.863,0.2255,0.04757,0.03204,0.02497,0.1118,0.09467,0.008116,0.03582,0.01974,0.03271,0.2183,0.3742,
1.864,0.2217,0.04749,0.03217,0.02497,0.1117,0.09385,0.008108,0.03578,0.02007,0.03292,0.2186,0.3743,
1.863,0.2562,0.04736,0.03224,0.02503,0.1115,0.09176,0.008111,0.03579,0.02034,0.03369,0.2177,0.3766,
1.868,0.2171,0.04809,0.03228,0.02502,0.1111,0.09004,0.008104,0.03627,0.02044,0.03639,0.2152,0.3771,
1.866,0.2079,0.04807,0.03233,0.02503,0.1106,0.08909,0.008239,0.03655,0.02064,0.03584,0.2153,0.3783,
1.872,0.2069,0.04898,0.03253,0.02505,0.1102,0.08914,0.008244,0.03657,0.02168,0.03618,0.2141,0.3773,
1.871,0.2087,0.04824,0.03253,0.02512,0.1105,0.08919,0.008248,0.03659,0.0217,0.0362,0.2142,0.3775,
1.87,0.2074,0.04803,0.03248,0.02508,0.1097,0.08851,0.008665,0.03604,0.02201,0.03573,0.2168,0.3769,
1.869,0.2122,0.04773,0.03242,0.02511,0.1097,0.08876,0.00845,0.03606,0.02348,0.03428,0.2169,0.3771,
1.857,0.2122,0.04754,0.03233,0.02508,0.1091,0.09283,0.004094,0.03595,0.02341,0.03417,0.2195,0.3759,
1.857,0.2097,0.04753,0.03233,0.02518,0.1084,0.09291,0.004228,0.03585,0.02343,0.0342,0.2197,0.3762,
1.868,0.1995,0.04958,0.0322,0.0252,0.1082,0.09293,0.004229,0.03586,0.02367,0.03822,0.2155,0.3744,
1.871,0.2065,0.05006,0.0322,0.02525,0.1082,0.09294,0.00423,0.03586,0.02368,0.03942,0.2144,0.3738,
1.879,0.2198,0.05141,0.03218,0.02528,0.1082,0.09292,0.00423,0.03586,0.0243,0.04129,0.2119,0.3724,
1.878,0.2592,0.05133,0.03207,0.02529,0.1079,0.09246,0.004227,0.03594,0.02451,0.04094,0.2128,0.3726,
1.876,0.2358,0.05121,0.03216,0.02534,0.1078,0.09149,0.004227,0.0362,0.02425,0.04094,0.2128,0.3736,
1.875,0.2283,0.05106,0.0322,0.02536,0.1077,0.09086,0.004228,0.0364,0.02476,0.04025,0.2129,0.3743,
1.875,0.2113,0.05093,0.03229,0.02541,0.1076,0.09054,0.004228,0.0364,0.02562,0.0394,0.2129,0.3747,
1.873,0.2188,0.0509,0.03232,0.02543,0.1074,0.09134,0.003444,0.03641,0.02597,0.03906,0.2129,0.3748,
1.872,0.2218,0.05063,0.03235,0.02536,0.1072,0.09078,0.003568,0.0362,0.02666,0.03824,0.2146,0.3744,
1.874,0.2174,0.05079,0.03225,0.02533,0.1071,0.08996,0.003436,0.03617,0.02664,0.04022,0.2135,0.3746,
1.873,0.2209,0.05072,0.03226,0.02514,0.1069,0.08922,0.003567,0.03605,0.02781,0.03906,0.2135,0.3757,
1.876,0.2218,0.05117,0.03231,0.02518,0.1073,0.08885,0.003563,0.03601,0.02778,0.04031,0.2131,0.3745,
1.879,0.2263,0.0522,0.03237,0.02518,0.1071,0.08822,0.00356,0.03598,0.02798,0.04079,0.2132,0.3735,
1.892,0.2529,0.05195,0.03232,0.02517,0.107,0.08814,0.02651,0.01342,0.02846,0.03982,0.2141,0.3731,
1.89,0.2351,0.05078,0.03231,0.02521,0.1081,0.0876,0.02664,0.01329,0.02859,0.03969,0.2141,0.3737,
1.894,0.2079,0.05165,0.03231,0.02521,0.1081,0.0866,0.02694,0.01316,0.02894,0.04112,0.2121,0.3738,
1.891,0.2079,0.05151,0.03228,0.0252,0.1077,0.08542,0.02679,0.01315,0.02926,0.04076,0.2131,0.3748,
1.893,0.2069,0.05263,0.03226,0.02521,0.1076,0.0844,0.02677,0.01314,0.03026,0.04015,0.2135,0.3741,
1.892,0.2345,0.05235,0.03222,0.02522,0.1074,0.08385,0.02675,0.01313,0.03177,0.03859,0.2144,0.3743,
1.891,0.2229,0.05202,0.03233,0.02525,0.1075,0.08338,0.02691,0.01298,0.03233,0.03805,0.2144,0.3749,
1.892,0.2113,0.05199,0.03232,0.0253,0.1074,0.08339,0.02705,0.01304,0.03233,0.03785,0.2144,0.3749,
1.888,0.2037,0.05187,0.03234,0.02531,0.1074,0.08149,0.02702,0.01304,0.03256,0.03764,0.2145,0.3769,
1.89,0.2052,0.05194,0.03246,0.02534,0.1074,0.08019,0.02717,0.01289,0.03256,0.03954,0.2126,0.378,
1.89,0.2063,0.05185,0.03241,0.02541,0.1071,0.08023,0.02733,0.01275,0.033,0.03912,0.2127,0.3781,
1.891,0.2095,0.05244,0.03237,0.02544,0.1071,0.07966,0.0273,0.01274,0.03481,0.0376,0.2132,0.3773,
1.896,0.2098,0.05334,0.03236,0.02546,0.1071,0.07966,0.0273,0.01274,0.03503,0.03881,0.2117,0.3764,
1.898,0.209,0.05314,0.03241,0.02549,0.1071,0.07921,0.02742,0.0126,0.03588,0.03981,0.2108,0.3762,
1.901,0.2211,0.05369,0.03241,0.02525,0.1068,0.07924,0.02743,0.01274,0.03717,0.03956,0.2098,0.376,
1.907,0.2385,0.05549,0.03237,0.02525,0.1067,0.07806,0.02756,0.0127,0.03724,0.04221,0.2077,0.3747,
1.906,0.2347,0.05534,0.03233,0.02528,0.1066,0.07763,0.02777,0.01251,0.03725,0.04223,0.2078,0.3753,
1.91,0.2001,0.05586,0.03234,0.02526,0.1067,0.07647,0.02774,0.01249,0.03764,0.0447,0.2057,0.3751,
1.912,0.2026,0.05644,0.03249,0.02529,0.1067,0.07647,0.02775,0.01249,0.03833,0.04402,0.2057,0.3744,
1.911,0.2081,0.05638,0.03249,0.02536,0.1066,0.07595,0.0279,0.01247,0.04002,0.04221,0.2057,0.3749,
1.909,0.2031,0.05614,0.0325,0.02537,0.1065,0.07485,0.0282,0.01214,0.03998,0.04218,0.2066,0.3756,
1.908,0.2184,0.05591,0.03245,0.02549,0.1063,0.07461,0.02795,0.01236,0.04024,0.04173,0.2066,0.3763,
1.907,0.1892,0.0558,0.03249,0.02556,0.1063,0.07434,0.02809,0.01223,0.04024,0.04173,0.2066,0.3766,
1.907,0.19,0.05555,0.03258,0.02558,0.1064,0.07461,0.02817,0.01188,0.04254,0.03944,0.2067,0.3766,
1.911,0.1924,0.05691,0.03258,0.02564,0.1063,0.07462,0.02818,0.01189,0.04403,0.03881,0.2058,0.3753,
1.911,0.1886,0.05771,0.03271,0.02567,0.1055,0.07366,0.02817,0.01201,0.04413,0.03856,0.2068,0.3751,
1.911,0.199,0.05757,0.0327,0.02571,0.1054,0.0738,0.02805,0.01255,0.04403,0.03814,0.2069,0.3752,
1.91,0.2022,0.05721,0.03276,0.02574,0.1056,0.07354,0.02805,0.01255,0.04427,0.03791,0.2069,0.3755,
1.908,0.1918,0.05716,0.03271,0.02576,0.1051,0.07249,0.02818,0.01239,0.04449,0.03764,0.2078,0.3763,
1.906,0.1924,0.05653,0.03263,0.02582,0.1052,0.07172,0.02816,0.01238,0.04445,0.03761,0.2086,0.3769,
1.905,0.1957,0.05647,0.03267,0.02584,0.1052,0.07145,0.02816,0.01238,0.04467,0.03739,0.2086,0.3772,
1.904,0.2045,0.05596,0.03258,0.02592,0.105,0.07132,0.02811,0.01235,0.04705,0.03487,0.2103,0.3765,
1.902,0.2009,0.05584,0.03265,0.02557,0.1049,0.07095,0.02811,0.01235,0.04829,0.03363,0.2104,0.3773,
1.9,0.2053,0.05569,0.03262,0.02525,0.1048,0.07101,0.0281,0.01239,0.04807,0.03361,0.2112,0.3773,
1.904,0.2035,0.05631,0.03267,0.02526,0.1045,0.07021,0.02785,0.01239,0.04831,0.03602,0.2087,0.3778,
1.906,0.2135,0.05721,0.03262,0.0253,0.1042,0.06909,0.02783,0.01285,0.04806,0.03667,0.2087,0.3774,
1.912,0.1937,0.05863,0.03268,0.02535,0.1042,0.0691,0.02784,0.01285,0.04806,0.0384,0.207,0.3759,
1.91,0.1957,0.05821,0.03263,0.02541,0.104,0.06878,0.02771,0.01285,0.04866,0.03782,0.2071,0.3768,
1.911,0.2012,0.05818,0.03263,0.02549,0.1043,0.06904,0.02772,0.01259,0.04916,0.03798,0.2064,0.3765,
1.889,0.216,0.05906,0.03262,0.02548,0.1045,0.08835,0.008314,0.01333,0.04861,0.04027,0.2047,0.3748,
1.894,0.2191,0.05871,0.03265,0.02548,0.1049,0.08801,0.01592,0.005897,0.04889,0.04404,0.2012,0.3742,
1.894,0.2093,0.05869,0.03261,0.02556,0.1049,0.08812,0.0158,0.006026,0.04984,0.04296,0.2012,0.3742,
1.892,0.2093,0.05828,0.03262,0.02558,0.1053,0.08693,0.0158,0.006026,0.05055,0.04225,0.2012,0.3754,
1.891,0.2151,0.05816,0.03253,0.02555,0.1051,0.08649,0.01577,0.006014,0.05045,0.04216,0.2028,0.3749,
1.89,0.2046,0.05814,0.0325,0.02563,0.1049,0.08624,0.0158,0.005885,0.05087,0.04177,0.2029,0.3754,
1.889,0.1945,0.05812,0.03251,0.02565,0.1047,0.08589,0.0158,0.005887,0.05152,0.04113,0.2029,0.3758,
1.89,0.1959,0.05948,0.03271,0.02567,0.1045,0.08449,0.01581,0.005888,0.05217,0.0405,0.203,0.3758,
1.889,0.2056,0.05939,0.03271,0.02571,0.1042,0.08467,0.01568,0.00609,0.05411,0.03841,0.2031,0.376,
1.889,0.2052,0.05921,0.03276,0.02573,0.104,0.08459,0.01567,0.006085,0.05489,0.03755,0.2039,0.3757,
1.889,0.2049,0.06003,0.03279,0.02577,0.104,0.08409,0.01567,0.006085,0.05559,0.03685,0.2039,0.3753,
1.889,0.2018,0.06085,0.03271,0.02588,0.104,0.08368,0.01567,0.006086,0.05773,0.03473,0.2039,0.3748,
1.886,0.1967,0.06058,0.03265,0.02588,0.1038,0.08256,0.01581,0.005903,0.05864,0.03364,0.2056,0.375,
1.886,0.2007,0.0604,0.0328,0.0259,0.1038,0.08208,0.01581,0.006092,0.05908,0.03301,0.2056,0.3755,
1.886,0.2062,0.06062,0.03282,0.02593,0.104,0.08079,0.01568,0.006286,0.05888,0.03379,0.2048,0.3764,
1.885,0.2064,0.06039,0.03283,0.02597,0.104,0.08031,0.01569,0.006487,0.0602,0.03229,0.2049,0.3769,
1.884,0.2022,0.05944,0.0328,0.02602,0.1047,0.08024,0.01567,0.006481,0.06054,0.03187,0.2057,0.3766,
1.887,0.209,0.06009,0.03291,0.02603,0.1046,0.0799,0.01602,0.006303,0.06068,0.03255,0.2054,0.3755,
1.885,0.2007,0.05993,0.03306,0.02604,0.1046,0.07892,0.01602,0.006432,0.06105,0.03206,0.2054,0.3765,
1.889,0.2205,0.06065,0.03297,0.02611,0.1046,0.07848,0.01603,0.006433,0.06142,0.03327,0.2039,0.3761,
1.888,0.1999,0.05991,0.03299,0.02614,0.1051,0.07799,0.01636,0.00664,0.06123,0.03295,0.2039,0.3767,
1.887,0.208,0.05967,0.03289,0.02606,0.1048,0.07735,0.01633,0.006842,0.06091,0.03289,0.2056,0.3766,
1.886,0.2075,0.05942,0.03304,0.02607,0.1045,0.07669,0.01632,0.006836,0.06099,0.03274,0.2065,0.3769,
1.883,0.2047,0.05875,0.033,0.02609,0.1041,0.07663,0.01605,0.006832,0.0614,0.03227,0.2074,0.3774,
1.882,0.205,0.05846,0.03307,0.02613,0.1042,0.07627,0.01605,0.006834,0.06199,0.03169,0.2074,0.3779,
1.889,0.2018,0.05887,0.03318,0.02616,0.1036,0.07645,0.01622,0.006562,0.06204,0.03525,0.2041,0.3776,
1.886,0.2045,0.05852,0.03322,0.02615,0.1035,0.07509,0.01621,0.006745,0.06248,0.03454,0.2049,0.3786,
1.885,0.2094,0.05848,0.03322,0.02619,0.1035,0.07472,0.01621,0.006745,0.06338,0.03364,0.2049,0.379,
1.883,0.2018,0.05666,0.03318,0.02625,0.1053,0.07387,0.01621,0.006745,0.06361,0.03341,0.2049,0.3798,
1.88,0.2099,0.05541,0.03316,0.02633,0.1063,0.07347,0.01621,0.006746,0.06503,0.03201,0.205,0.3803,
1.887,0.2246,0.0569,0.0331,0.02634,0.1064,0.0734,0.0162,0.00674,0.06497,0.03386,0.2039,0.3781,
1.884,0.214,0.05683,0.03312,0.02638,0.1064,0.07207,0.0162,0.00674,0.06611,0.03273,0.2039,0.3795,
1.882,0.2176,0.05654,0.03329,0.02638,0.1063,0.07153,0.01618,0.006734,0.0664,0.03233,0.2047,0.3796,
1.881,0.2116,0.05634,0.03326,0.02641,0.1061,0.07122,0.01635,0.006442,0.06635,0.03231,0.2056,0.3796,
1.869,0.2039,0.05583,0.0332,0.02638,0.1061,0.07664,0.01029,0.006652,0.066,0.03224,0.2073,0.3794,
1.868,0.1975,0.054,0.03322,0.02643,0.1074,0.07669,0.01043,0.006657,0.06628,0.0319,0.2074,0.3796,
1.864,0.1978,0.05358,0.03315,0.02633,0.1067,0.07517,0.01051,0.006503,0.06603,0.03178,0.2108,0.3794,
1.864,0.213,0.05356,0.03316,0.02635,0.1064,0.07498,0.01038,0.006499,0.06634,0.0318,0.2113,0.3792,
1.867,0.2007,0.05378,0.03331,0.02638,0.1064,0.07445,0.01069,0.006484,0.06627,0.03274,0.2101,0.3793,
1.866,0.2195,0.05257,0.03331,0.02647,0.1073,0.07447,0.01069,0.006486,0.06653,0.03252,0.2102,0.3795,
1.863,0.1968,0.05238,0.03327,0.02653,0.1071,0.0734,0.01058,0.006489,0.06678,0.03232,0.2103,0.3809,
1.869,0.1947,0.05259,0.03331,0.02659,0.1066,0.07344,0.01076,0.006311,0.06794,0.03478,0.2068,0.3808,
1.868,0.202,0.05217,0.03335,0.02668,0.1066,0.0736,0.01077,0.006186,0.0682,0.03457,0.2069,0.381,
1.869,0.1999,0.05195,0.03335,0.02678,0.1058,0.07358,0.01077,0.006643,0.06773,0.03456,0.2079,0.3809,
1.867,0.2167,0.05087,0.0334,0.02684,0.1067,0.07348,0.01061,0.006644,0.06797,0.03433,0.2079,0.3812,
1.868,0.198,0.05191,0.03343,0.02692,0.1066,0.07267,0.01076,0.006491,0.06797,0.03454,0.2077,0.3809,
1.873,0.2033,0.05251,0.03347,0.02696,0.1064,0.07178,0.01077,0.006493,0.068,0.03767,0.2047,0.3812,
1.895,0.266,0.05213,0.03328,0.02707,0.1064,0.07089,0.01077,0.05297,0.02287,0.03638,0.2048,0.3824,
1.894,0.266,0.05251,0.03327,0.02708,0.1061,0.06958,0.01078,0.05299,0.02288,0.03698,0.2043,0.3834,
1.9,0.1999,0.05247,0.03339,0.02711,0.106,0.0696,0.01078,0.05301,0.02407,0.03893,0.2013,0.3833,
1.899,0.1971,0.0524,0.03341,0.02715,0.106,0.06879,0.01075,0.05322,0.02539,0.0374,0.2013,0.3842,
1.899,0.1975,0.05251,0.03354,0.02719,0.1062,0.06824,0.01074,0.05317,0.02537,0.03737,0.2021,0.3836,
1.897,0.2022,0.05172,0.03345,0.02717,0.1066,0.0675,0.01072,0.05304,0.02589,0.03662,0.2037,0.3836,
1.899,0.208,0.0519,0.03341,0.02722,0.1064,0.06614,0.01072,0.05306,0.02723,0.03742,0.2017,0.3848,
1.898,0.2138,0.05182,0.0333,0.02729,0.1063,0.06556,0.01084,0.05288,0.02772,0.03686,0.2025,0.3849,
1.897,0.2164,0.05162,0.03337,0.02703,0.1063,0.06511,0.0111,0.05276,0.0276,0.03687,0.2025,0.3857,
1.897,0.2135,0.05147,0.03342,0.02706,0.1062,0.06512,0.0111,0.05329,0.02815,0.03582,0.2026,0.3858,
1.901,0.2161,0.05162,0.03336,0.02711,0.1059,0.06507,0.01109,0.05337,0.02826,0.03799,0.201,0.3852,
1.902,0.2262,0.05197,0.03336,0.02714,0.1064,0.06507,0.01109,0.05363,0.02823,0.03776,0.201,0.3843,
1.901,0.2065,0.05168,0.03332,0.02716,0.1061,0.06462,0.01133,0.05367,0.02803,0.03779,0.2011,0.3852,
1.901,0.2129,0.05154,0.03336,0.02718,0.1059,0.06464,0.01146,0.05356,0.02803,0.0378,0.2012,0.3853,
1.904,0.2033,0.05283,0.03346,0.02721,0.1059,0.06417,0.01159,0.05368,0.02873,0.03684,0.2012,0.3843,
1.903,0.2116,0.0525,0.03373,0.02719,0.1056,0.06413,0.01171,0.05377,0.02845,0.03682,0.2021,0.3841,
1.903,0.2121,0.05155,0.03386,0.0272,0.1058,0.06414,0.01184,0.05379,0.02974,0.03542,0.2021,0.3845,
1.887,0.2245,0.05005,0.0338,0.02732,0.1068,0.0711,0.005287,0.05365,0.02957,0.03544,0.2022,0.3848,
1.899,0.2546,0.04986,0.0338,0.02731,0.1067,0.07077,0.01197,0.04691,0.02955,0.03541,0.2031,0.3847,
1.897,0.2248,0.04952,0.03382,0.02737,0.1068,0.07007,0.01197,0.04692,0.03016,0.0348,0.2031,0.3854,
1.895,0.2232,0.04946,0.03379,0.02737,0.1065,0.06906,0.01209,0.04675,0.03014,0.03477,0.2039,0.3861,
1.893,0.2073,0.0494,0.03379,0.02741,0.1063,0.06786,0.01197,0.04677,0.03015,0.03478,0.204,0.3875,
1.897,0.205,0.04918,0.0338,0.02749,0.107,0.06668,0.0121,0.04667,0.03016,0.03777,0.2012,0.3879,
1.895,0.2219,0.04888,0.0338,0.02753,0.1066,0.06585,0.01221,0.04646,0.03056,0.03725,0.2029,0.388,
1.898,0.2071,0.04864,0.0339,0.02719,0.1074,0.06468,0.01236,0.04651,0.0306,0.03998,0.2,0.3888,
1.895,0.2214,0.04855,0.03391,0.02723,0.1071,0.06261,0.01262,0.04627,0.03112,0.03949,0.2001,0.391,
1.894,0.2075,0.04877,0.03389,0.02726,0.107,0.06168,0.01275,0.04616,0.03207,0.03856,0.2001,0.3918,
1.892,0.2034,0.04863,0.03397,0.02733,0.1069,0.06047,0.013,0.04591,0.03263,0.038,0.2001,0.3931,
1.891,0.225,0.04854,0.03391,0.0273,0.1068,0.06009,0.01316,0.0458,0.03434,0.03619,0.2002,0.3937,
1.89,0.2021,0.04812,0.034,0.0273,0.1071,0.05964,0.01316,0.04649,0.03507,0.03476,0.2002,0.3941,
1.889,0.2076,0.04804,0.03393,0.02731,0.107,0.05931,0.01352,0.04608,0.03504,0.03473,0.201,0.394,
1.887,0.2013,0.04778,0.03413,0.02736,0.1069,0.058,0.01377,0.04583,0.03626,0.03352,0.201,0.3954,
1.896,0.2491,0.04951,0.03412,0.02735,0.1068,0.05767,0.03885,0.02069,0.03638,0.0333,0.2019,0.3935,
1.897,0.2454,0.05033,0.03386,0.02742,0.1065,0.05728,0.03868,0.02086,0.03634,0.033,0.2035,0.3922,
1.894,0.1926,0.05019,0.03386,0.02746,0.1064,0.05579,0.03868,0.02105,0.03641,0.03277,0.2036,0.3938,
1.898,0.1866,0.0507,0.0339,0.02747,0.1068,0.05547,0.03881,0.02087,0.03762,0.03326,0.2026,0.3925,
1.9,0.177,0.05089,0.03395,0.02747,0.1071,0.05476,0.03894,0.02074,0.03931,0.03289,0.2013,0.3926,
1.898,0.1877,0.05049,0.03397,0.02751,0.108,0.0535,0.03907,0.02164,0.03996,0.03123,0.2013,0.3933,
1.886,0.1991,0.05025,0.03404,0.02757,0.108,0.05122,0.04695,0.01395,0.04116,0.02986,0.2013,0.3957,
1.886,0.1994,0.05019,0.03407,0.0276,0.108,0.05122,0.04707,0.01382,0.04116,0.02986,0.2013,0.3957,
1.884,0.199,0.05007,0.03405,0.02765,0.108,0.05038,0.04708,0.01395,0.04192,0.02898,0.2014,0.3966,
1.882,0.2109,0.04997,0.03399,0.02733,0.108,0.05004,0.04708,0.01395,0.04244,0.02846,0.2014,0.3973,
1.88,0.2113,0.04965,0.03396,0.02731,0.1079,0.04927,0.04699,0.01392,0.04236,0.0284,0.203,0.3972,
1.879,0.2113,0.04926,0.03399,0.02734,0.108,0.04922,0.04694,0.01416,0.04231,0.02812,0.2038,0.3968,
1.881,0.2126,0.04965,0.03405,0.02736,0.108,0.0483,0.04718,0.01392,0.04344,0.02868,0.2021,0.3973,
1.881,0.2083,0.04961,0.03405,0.0274,0.108,0.0483,0.04734,0.01376,0.04344,0.02868,0.2021,0.3973,
1.884,0.2338,0.05034,0.0341,0.02741,0.1082,0.04805,0.04722,0.01372,0.04411,0.02954,0.2006,0.3968,
1.856,0.2662,0.04942,0.03411,0.02712,0.1088,0.08011,0.01452,0.01357,0.04432,0.02926,0.2014,0.3974,
1.856,0.2375,0.04926,0.03412,0.02718,0.1082,0.08005,0.01451,0.01377,0.04409,0.02924,0.2023,0.3972,
1.855,0.2179,0.0492,0.03406,0.02724,0.108,0.08009,0.01451,0.01377,0.04444,0.02892,0.2024,0.3974,
1.864,0.2238,0.04977,0.03395,0.02734,0.1077,0.0793,0.0145,0.03206,0.02612,0.02911,0.203,0.3972,
1.863,0.2201,0.04955,0.03381,0.02735,0.1077,0.07923,0.01449,0.03228,0.02881,0.02611,0.2038,0.3968,
1.861,0.215,0.04937,0.03385,0.0274,0.1077,0.07861,0.01426,0.03238,0.02909,0.02573,0.2039,0.3977,
1.867,0.227,0.05052,0.03377,0.02737,0.1074,0.07645,0.01421,0.03238,0.02918,0.0289,0.2028,0.3971,
1.869,0.2137,0.05162,0.03386,0.02742,0.1074,0.07514,0.01421,0.03238,0.02918,0.02936,0.2023,0.3971,
1.87,0.2242,0.05152,0.03387,0.0274,0.1073,0.07416,0.0198,0.02688,0.03129,0.02706,0.2031,0.3976,
1.869,0.2184,0.05133,0.03396,0.02751,0.1072,0.07429,0.01949,0.02671,0.0317,0.02665,0.2031,0.398,
1.869,0.2201,0.05154,0.03405,0.02752,0.1074,0.0743,0.01935,0.02651,0.03229,0.02652,0.2027,0.3979,
1.873,0.2118,0.05198,0.03403,0.02729,0.1073,0.07372,0.01948,0.0268,0.03181,0.02835,0.2017,0.3975,
1.872,0.2091,0.05194,0.03399,0.0273,0.1069,0.0738,0.01934,0.02678,0.03179,0.02833,0.2026,0.3973,
1.87,0.216,0.05192,0.03402,0.02732,0.1067,0.07267,0.01949,0.02664,0.03293,0.02721,0.2026,0.3985,
1.868,0.2126,0.05128,0.03383,0.02732,0.1068,0.07228,0.01949,0.02663,0.03291,0.0272,0.2036,0.3987,
1.867,0.2689,0.05126,0.03382,0.02735,0.1068,0.07167,0.01936,0.02663,0.03359,0.02652,0.2036,0.3994,
1.865,0.2543,0.05067,0.03377,0.02741,0.1072,0.07084,0.01949,0.02646,0.03356,0.02649,0.2044,0.3998,
1.867,0.251,0.0515,0.03384,0.02739,0.1068,0.07034,0.03414,0.01255,0.03356,0.02838,0.2026,0.3989,
1.869,0.2397,0.05222,0.03388,0.02744,0.1062,0.06994,0.03412,0.01274,0.03334,0.02901,0.2029,0.3982,
1.866,0.2458,0.0522,0.03386,0.02749,0.1061,0.06839,0.03411,0.01281,0.03387,0.02831,0.2029,0.4,
1.864,0.2264,0.0518,0.03394,0.02758,0.1063,0.06751,0.03411,0.01294,0.03452,0.02754,0.2029,0.4009,
1.863,0.2365,0.05169,0.034,0.0274,0.106,0.06727,0.03425,0.01298,0.03461,0.02729,0.203,0.4015,
1.863,0.2283,0.0516,0.03394,0.02746,0.1058,0.06721,0.03434,0.01304,0.03478,0.02687,0.2038,0.4012,
1.861,0.2345,0.0508,0.03396,0.02747,0.1063,0.06748,0.03435,0.0128,0.03604,0.02563,0.2039,0.4013,
1.864,0.2286,0.05175,0.03412,0.02748,0.1063,0.06711,0.03433,0.0128,0.03667,0.02558,0.2032,0.4007,
1.867,0.2379,0.05219,0.03424,0.02756,0.1063,0.0664,0.03422,0.0128,0.03769,0.02632,0.2014,0.4009,
1.872,0.215,0.05226,0.03425,0.02732,0.1065,0.06607,0.03418,0.03134,0.01909,0.02686,0.2016,0.4005,
1.876,0.2173,0.05288,0.03426,0.02739,0.1065,0.06572,0.03419,0.03147,0.01954,0.02792,0.2,0.4001,
1.875,0.2278,0.05268,0.03434,0.02743,0.1065,0.06483,0.03419,0.03148,0.01975,0.02771,0.2,0.401,
1.873,0.2159,0.05226,0.03437,0.02749,0.1068,0.06452,0.03403,0.03132,0.01975,0.02771,0.2,0.4017,
1.875,0.2082,0.05275,0.03452,0.02756,0.1075,0.06452,0.03413,0.03453,0.01695,0.02757,0.1997,0.4003,
1.861,0.2185,0.05239,0.03465,0.02758,0.1073,0.07621,0.02133,0.03471,0.01725,0.02703,0.2005,0.401,
1.859,0.2035,0.05215,0.03465,0.02759,0.1072,0.07537,0.02132,0.03468,0.01818,0.02607,0.2013,0.4014,
1.87,0.2603,0.05297,0.03489,0.02727,0.107,0.07513,0.02155,0.03459,0.01912,0.02992,0.1965,0.401,
1.874,0.2432,0.05461,0.03493,0.02729,0.1067,0.07516,0.02156,0.03473,0.01921,0.02972,0.1966,0.3995,
1.873,0.2432,0.05479,0.03489,0.02709,0.1067,0.07484,0.02156,0.03485,0.01909,0.02972,0.1966,0.3999,
1.871,0.2073,0.0547,0.03485,0.02713,0.1067,0.07389,0.02156,0.03486,0.01932,0.02949,0.1966,0.4009,
1.871,0.197,0.05435,0.03494,0.02717,0.1069,0.07357,0.02156,0.03486,0.01932,0.02949,0.1966,0.4012,
1.875,0.1978,0.05472,0.03489,0.02714,0.1065,0.07258,0.02168,0.03487,0.01896,0.03203,0.1964,0.4002,
1.875,0.1984,0.05529,0.03495,0.02719,0.1066,0.07173,0.02166,0.03484,0.01957,0.03138,0.1972,0.3997,
1.865,0.2095,0.05569,0.03503,0.02715,0.1065,0.07936,0.01402,0.03492,0.02114,0.02961,0.1972,0.3994,
1.865,0.2076,0.05514,0.0352,0.02719,0.1065,0.07929,0.01414,0.03581,0.02037,0.02929,0.198,0.399,
1.864,0.2053,0.05498,0.03524,0.02724,0.1063,0.07968,0.01402,0.03558,0.02038,0.0293,0.1981,0.3991,
1.864,0.2313,0.05453,0.03524,0.02724,0.1066,0.07961,0.0144,0.03515,0.02061,0.02902,0.1989,0.3988,
1.856,0.237,0.05443,0.03517,0.02731,0.1066,0.08379,0.01022,0.03515,0.02154,0.02809,0.1989,0.3988,
1.855,0.2085,0.05407,0.03511,0.02726,0.1068,0.08323,0.01046,0.03517,0.02144,0.02786,0.1997,0.3989,
1.851,0.1975,0.05373,0.03491,0.02684,0.1064,0.08155,0.01055,0.03513,0.02278,0.02621,0.2022,0.3997,
1.849,0.1986,0.05372,0.03487,0.02691,0.1061,0.08108,0.01071,0.03747,0.02069,0.02583,0.2023,0.4003,
1.856,0.2055,0.05454,0.03493,0.02692,0.1061,0.08109,0.01084,0.03745,0.02059,0.02807,0.2001,0.3994,
1.855,0.199,0.05444,0.03502,0.02693,0.1061,0.08073,0.01092,0.03747,0.02098,0.02758,0.2001,0.3997,
1.858,0.1886,0.05479,0.03499,0.02691,0.106,0.0803,0.01103,0.03744,0.02133,0.02804,0.1999,0.3992,
1.857,0.2034,0.05464,0.03512,0.02693,0.106,0.0796,0.01115,0.03744,0.02148,0.02776,0.1999,0.3999,
1.856,0.22,0.0541,0.03518,0.02696,0.1063,0.07885,0.01139,0.03715,0.02181,0.02739,0.2007,0.4002,
1.855,0.2235,0.05399,0.03498,0.02699,0.1063,0.07851,0.01139,0.03716,0.02209,0.02713,0.2008,0.4007,
1.858,0.2025,0.05453,0.03491,0.02706,0.1066,0.07698,0.01127,0.03717,0.02266,0.02917,0.1982,0.4015,
1.858,0.219,0.0544,0.03492,0.02706,0.1064,0.07619,0.03636,0.01203,0.02291,0.02888,0.199,0.4018,
1.857,0.2177,0.05415,0.03492,0.02713,0.1065,0.07564,0.03646,0.01194,0.02291,0.02888,0.199,0.4025,
1.855,0.2179,0.05407,0.03489,0.02712,0.1064,0.07472,0.03633,0.0118,0.02369,0.02805,0.1998,0.4032,
1.854,0.2238,0.05361,0.0349,0.02715,0.1066,0.07485,0.03622,0.0118,0.02398,0.02777,0.1998,0.4032,
1.86,0.2305,0.05387,0.03486,0.0272,0.1066,0.0745,0.03622,0.0118,0.02411,0.03058,0.1969,0.4033,
1.859,0.2458,0.05301,0.03498,0.02722,0.1072,0.0741,0.03623,0.01181,0.02433,0.03037,0.197,0.4038,
1.858,0.242,0.05276,0.03496,0.02729,0.1072,0.07398,0.03623,0.01165,0.02471,0.03,0.197,0.4042,
1.854,0.2255,0.05208,0.03489,0.0273,0.1067,0.07295,0.03617,0.01163,0.02467,0.02996,0.1987,0.405,
1.859,0.2061,0.05323,0.0349,0.0273,0.1066,0.07297,0.03618,0.01164,0.02468,0.03084,0.1979,0.4037,
1.858,0.2084,0.05293,0.0349,0.02736,0.1069,0.07251,0.03618,0.0118,0.02533,0.03003,0.1979,0.4042,
1.856,0.2184,0.05257,0.03486,0.02732,0.1066,0.07205,0.03596,0.01177,0.02556,0.02963,0.2003,0.4034,
1.859,0.2077,0.05314,0.03487,0.02738,0.1065,0.07205,0.03624,0.01166,0.02683,0.02905,0.1995,0.4028,
1.856,0.2183,0.05284,0.0349,0.02743,0.1065,0.07029,0.03612,0.01166,0.02684,0.02906,0.1995,0.4048,
1.859,0.2034,0.05387,0.0349,0.02747,0.1063,0.07023,0.03609,0.01198,0.02672,0.02945,0.1997,0.4033,
1.857,0.2067,0.0531,0.03479,0.02757,0.1067,0.06967,0.03598,0.01217,0.02755,0.02845,0.1998,0.4043,
