RabA,RabB,RabC,RabD,RabE,RabF,RabG,RabH,RabI,xER,xPM,
4368000.0,1038000.0,783700.0,1432000.0,623400.0,450500.0,350300.0,389700.0,400700.0,8364000.0,8396000.0,
4353000.0,1038000.0,783500.0,1423000.0,623300.0,450500.0,350200.0,389600.0,400600.0,8364000.0,8396000.0,
4343000.0,1038000.0,762600.0,1423000.0,617300.0,449000.0,350200.0,389600.0,400600.0,8448000.0,8424000.0,
4340000.0,1036000.0,762100.0,1423000.0,617300.0,449000.0,350200.0,389600.0,400600.0,8448000.0,8424000.0,
4335000.0,1036000.0,762100.0,1423000.0,617300.0,449000.0,350200.0,389600.0,400600.0,8490000.0,8424000.0,
4335000.0,1036000.0,762100.0,1423000.0,617300.0,449000.0,350200.0,389600.0,400600.0,8490000.0,8424000.0,
4330000.0,1036000.0,762100.0,1423000.0,617300.0,449000.0,350200.0,389600.0,400600.0,8490000.0,8424000.0,
4320000.0,1036000.0,762100.0,1423000.0,617300.0,449000.0,350200.0,389600.0,400600.0,8490000.0,8424000.0,
4315000.0,1036000.0,762100.0,1423000.0,609800.0,449000.0,350200.0,389600.0,400600.0,8490000.0,8432000.0,
4315000.0,1036000.0,762100.0,1423000.0,609800.0,449000.0,350200.0,389600.0,400600.0,8490000.0,8432000.0,
4303000.0,1034000.0,761400.0,1418000.0,592100.0,449000.0,350100.0,389600.0,400500.0,8490000.0,8449000.0,
4301000.0,1031000.0,760800.0,1413000.0,592100.0,448900.0,350100.0,389600.0,400500.0,8533000.0,8449000.0,
4296000.0,1031000.0,760800.0,1413000.0,592100.0,448900.0,350100.0,389600.0,400500.0,8575000.0,8449000.0,
4291000.0,1031000.0,760800.0,1413000.0,592100.0,448900.0,350100.0,389600.0,400500.0,8618000.0,8449000.0,
4291000.0,1031000.0,760800.0,1413000.0,592100.0,448900.0,350100.0,389600.0,400500.0,8618000.0,8449000.0,
4291000.0,1031000.0,760800.0,1413000.0,592100.0,448900.0,350100.0,389600.0,400500.0,8618000.0,8449000.0,
4286000.0,1031000.0,760800.0,1413000.0,572000.0,448900.0,350100.0,389600.0,400500.0,8705000.0,8469000.0,
4281000.0,1031000.0,753200.0,1413000.0,572000.0,448900.0,350100.0,389600.0,400500.0,8748000.0,8477000.0,
4276000.0,1031000.0,753200.0,1408000.0,549200.0,448900.0,350100.0,389600.0,400400.0,8836000.0,8499000.0,
4248000.0,1031000.0,753200.0,1404000.0,549100.0,448900.0,350000.0,389600.0,400300.0,8924000.0,8517000.0,
4238000.0,1031000.0,753200.0,1404000.0,549100.0,448900.0,350000.0,389600.0,400300.0,8924000.0,8517000.0,
4238000.0,1031000.0,753200.0,1404000.0,549100.0,448900.0,350000.0,389600.0,400300.0,8924000.0,8517000.0,
4228000.0,1031000.0,753200.0,1404000.0,544300.0,447700.0,348500.0,389600.0,400300.0,8969000.0,8525000.0,
4200000.0,1026000.0,752800.0,1404000.0,544300.0,447700.0,348500.0,389600.0,400300.0,9014000.0,8542000.0,
4200000.0,1026000.0,752800.0,1404000.0,544300.0,447700.0,348500.0,389600.0,400300.0,9014000.0,8542000.0,
4190000.0,1026000.0,752800.0,1404000.0,544300.0,447700.0,348500.0,389600.0,400300.0,9014000.0,8542000.0,
4175000.0,1026000.0,752800.0,1404000.0,544300.0,447700.0,348500.0,389600.0,400300.0,9014000.0,8542000.0,
4171000.0,1021000.0,752300.0,1404000.0,544300.0,447700.0,348500.0,389600.0,400300.0,9014000.0,8542000.0,
4171000.0,1021000.0,752300.0,1404000.0,544300.0,447700.0,348500.0,389600.0,400300.0,9014000.0,8542000.0,
4171000.0,1021000.0,752300.0,1404000.0,544300.0,447700.0,348500.0,389600.0,400300.0,9014000.0,8542000.0,
4171000.0,1020000.0,752800.0,1404000.0,544300.0,447700.0,348500.0,389600.0,400300.0,9059000.0,8542000.0,
4169000.0,1021000.0,753400.0,1404000.0,544300.0,447700.0,348500.0,429600.0,360300.0,9104000.0,8542000.0,
4127000.0,1025000.0,753600.0,1442000.0,544300.0,447700.0,359800.0,428300.0,350300.0,9104000.0,8542000.0,
1421000.0,1026000.0,755300.0,4146000.0,529000.0,444600.0,359800.0,428300.0,350300.0,9104000.0,8561000.0,
1420000.0,1025000.0,757300.0,4146000.0,521500.0,444600.0,359800.0,434400.0,344300.0,9196000.0,8568000.0,
1412000.0,1029000.0,758900.0,4146000.0,519900.0,460300.0,343600.0,434100.0,343900.0,9196000.0,8568000.0,
1406000.0,1030000.0,760000.0,4144000.0,519900.0,460300.0,343600.0,440100.0,337800.0,9334000.0,8568000.0,
1404000.0,1030000.0,750000.0,4144000.0,524500.0,448300.0,343600.0,446100.0,331800.0,9381000.0,8588000.0,
1403000.0,1026000.0,753300.0,4141000.0,501200.0,448300.0,343600.0,452200.0,325800.0,9381000.0,8611000.0,
1398000.0,1026000.0,753300.0,4141000.0,504300.0,445200.0,349700.0,446100.0,325800.0,9381000.0,8611000.0,
1358000.0,1024000.0,756100.0,4175000.0,504300.0,445200.0,349600.0,446100.0,325800.0,9428000.0,8611000.0,
1349000.0,1023000.0,754700.0,4166000.0,504300.0,451600.0,343200.0,446100.0,325700.0,9428000.0,8611000.0,
1336000.0,1026000.0,755500.0,4166000.0,504300.0,641300.0,159500.0,440100.0,325700.0,9428000.0,8611000.0,
1336000.0,1026000.0,755500.0,4166000.0,504300.0,648800.0,152000.0,440100.0,325700.0,9428000.0,8611000.0,
1330000.0,1024000.0,758000.0,4166000.0,504300.0,654900.0,146000.0,440100.0,325700.0,9475000.0,8611000.0,
1329000.0,1020000.0,762000.0,4162000.0,504300.0,654900.0,334100.0,258000.0,319700.0,9475000.0,8611000.0,
1325000.0,1021000.0,744000.0,4162000.0,504300.0,654900.0,334100.0,323100.0,254700.0,9475000.0,8633000.0,
1322000.0,1023000.0,744300.0,4162000.0,504300.0,654900.0,334100.0,323100.0,254700.0,9522000.0,8633000.0,
1318000.0,1026000.0,746100.0,4162000.0,510300.0,648800.0,340100.0,317000.0,254700.0,9522000.0,8633000.0,
1316000.0,1026000.0,747500.0,4157000.0,510300.0,648800.0,340100.0,317000.0,254700.0,9570000.0,8633000.0,
1304000.0,1026000.0,750200.0,4147000.0,510300.0,648800.0,351400.0,305800.0,392700.0,9480000.0,8633000.0,
1299000.0,1029000.0,750700.0,4142000.0,510300.0,648800.0,351400.0,315800.0,382700.0,9480000.0,8633000.0,
1276000.0,1030000.0,752400.0,4163000.0,510300.0,648800.0,351400.0,315800.0,382700.0,9480000.0,8633000.0,
1247000.0,1032000.0,752000.0,4163000.0,510300.0,648800.0,351400.0,315800.0,382700.0,9480000.0,8655000.0,
1246000.0,1030000.0,754900.0,4163000.0,497700.0,648800.0,351400.0,315800.0,382700.0,9480000.0,8668000.0,
1232000.0,1028000.0,754300.0,4160000.0,497700.0,648800.0,351400.0,315800.0,382700.0,9527000.0,8668000.0,
1222000.0,1023000.0,754500.0,4166000.0,497400.0,648800.0,359400.0,307300.0,381500.0,9527000.0,8668000.0,
1203000.0,1024000.0,756400.0,4182000.0,474800.0,648800.0,359400.0,313300.0,375500.0,9671000.0,8690000.0,
1202000.0,1022000.0,758800.0,4182000.0,474800.0,648800.0,359400.0,313300.0,403500.0,9643000.0,8690000.0,
1198000.0,1020000.0,760400.0,4178000.0,477900.0,645700.0,359400.0,313300.0,403400.0,9691000.0,8690000.0,
1196000.0,1019000.0,762700.0,4178000.0,477900.0,645700.0,359400.0,313300.0,403400.0,9691000.0,8690000.0,
1191000.0,1022000.0,764800.0,4178000.0,482700.0,640800.0,359400.0,313300.0,403400.0,9788000.0,8690000.0,
1188000.0,1023000.0,767200.0,4168000.0,482700.0,640800.0,359300.0,323400.0,456800.0,9725000.0,8690000.0,
1183000.0,1027000.0,767700.0,4163000.0,482700.0,640800.0,364100.0,318500.0,456800.0,9725000.0,8690000.0,
1167000.0,1033000.0,768300.0,4163000.0,482700.0,640800.0,364100.0,371500.0,403900.0,9773000.0,8690000.0,
1162000.0,1036000.0,769700.0,4158000.0,473600.0,637300.0,364100.0,377500.0,397800.0,9773000.0,8703000.0,
1156000.0,1036000.0,757600.0,4158000.0,479700.0,637300.0,447600.0,288100.0,397800.0,9822000.0,8716000.0,
1155000.0,1034000.0,760600.0,4158000.0,479700.0,637300.0,447600.0,288100.0,397800.0,9822000.0,8716000.0,
1153000.0,1030000.0,762100.0,4158000.0,479700.0,637300.0,447600.0,288100.0,464500.0,9755000.0,8716000.0,
1153000.0,1029000.0,762500.0,4158000.0,490500.0,626500.0,452400.0,283200.0,464500.0,9804000.0,8716000.0,
1149000.0,1033000.0,763100.0,4158000.0,490500.0,626500.0,463200.0,272400.0,478400.0,9790000.0,8716000.0,
1147000.0,1034000.0,751400.0,4158000.0,490500.0,626500.0,463200.0,272400.0,478400.0,9790000.0,8728000.0,
1144000.0,1036000.0,752000.0,4158000.0,490500.0,632500.0,457200.0,272400.0,478400.0,9790000.0,8728000.0,
1075000.0,1040000.0,752000.0,4218000.0,893800.0,229200.0,465200.0,264300.0,478400.0,9790000.0,8728000.0,
1072000.0,1039000.0,755200.0,4205000.0,893800.0,229200.0,470100.0,259500.0,478400.0,9790000.0,8728000.0,
1049000.0,1038000.0,755900.0,4218000.0,893800.0,234000.0,465200.0,259500.0,549800.0,9719000.0,8728000.0,
1047000.0,1039000.0,756800.0,4218000.0,893800.0,234000.0,471300.0,253500.0,549800.0,9767000.0,8728000.0,
1043000.0,1042000.0,757400.0,4218000.0,893800.0,234000.0,476100.0,248700.0,549800.0,9767000.0,8728000.0,
1042000.0,1043000.0,757700.0,4218000.0,893800.0,238900.0,471300.0,254700.0,596800.0,9714000.0,8728000.0,
1035000.0,1044000.0,759500.0,4213000.0,893600.0,238800.0,471300.0,254300.0,596800.0,9714000.0,8728000.0,
1033000.0,1045000.0,760000.0,4203000.0,893600.0,238800.0,471300.0,305500.0,710700.0,9549000.0,8728000.0,
1031000.0,1045000.0,761800.0,4203000.0,893600.0,238800.0,471300.0,305500.0,710700.0,9597000.0,8728000.0,
1021000.0,1044000.0,761600.0,4210000.0,893600.0,238800.0,476100.0,300600.0,710700.0,9597000.0,8728000.0,
1013000.0,1045000.0,751300.0,4210000.0,893400.0,245200.0,469600.0,300300.0,710700.0,9645000.0,8740000.0,
1010000.0,1046000.0,753800.0,4210000.0,893400.0,245200.0,469600.0,321400.0,689600.0,9693000.0,8740000.0,
1009000.0,1045000.0,756000.0,4205000.0,893300.0,245200.0,469600.0,321400.0,754300.0,9629000.0,8740000.0,
1008000.0,1045000.0,756600.0,4200000.0,893300.0,245200.0,469600.0,336500.0,765500.0,9602000.0,8740000.0,
1004000.0,1047000.0,758600.0,4186000.0,893300.0,245200.0,469500.0,336500.0,765500.0,9650000.0,8740000.0,
985800.0,1047000.0,759900.0,4202000.0,893300.0,245200.0,469500.0,336500.0,765500.0,9747000.0,8740000.0,
972300.0,1050000.0,737900.0,4211000.0,893300.0,245200.0,469500.0,336500.0,765500.0,9747000.0,8764000.0,
967700.0,1053000.0,739000.0,4206000.0,877800.0,239100.0,469500.0,336500.0,765500.0,9747000.0,8785000.0,
965000.0,1054000.0,740700.0,4196000.0,833100.0,239100.0,469500.0,361800.0,790200.0,9697000.0,8830000.0,
962800.0,1056000.0,741000.0,4186000.0,766100.0,239100.0,469500.0,361800.0,958000.0,9529000.0,8897000.0,
960700.0,1057000.0,741900.0,4186000.0,721400.0,239100.0,469500.0,361800.0,958000.0,9529000.0,8942000.0,
957300.0,1058000.0,744300.0,4182000.0,699900.0,239100.0,469500.0,361800.0,958000.0,9529000.0,8963000.0,
956000.0,1058000.0,745600.0,4167000.0,655900.0,239100.0,469400.0,361800.0,958000.0,9529000.0,9007000.0,
954000.0,1058000.0,747500.0,4157000.0,655900.0,239100.0,475400.0,361800.0,951900.0,9529000.0,9007000.0,
943000.0,1056000.0,748900.0,4158000.0,661900.0,233100.0,475400.0,361800.0,951900.0,9625000.0,9007000.0,
922800.0,1058000.0,749900.0,4165000.0,661900.0,239100.0,478800.0,352300.0,998200.0,9578000.0,9007000.0,
917200.0,1058000.0,750700.0,4155000.0,661900.0,239100.0,484800.0,372200.0,972300.0,9626000.0,9007000.0,
914300.0,1061000.0,750700.0,4150000.0,661900.0,243000.0,480900.0,372200.0,972300.0,9626000.0,9007000.0,
914300.0,1060000.0,751200.0,4150000.0,672200.0,232700.0,480900.0,372200.0,1041000.0,9606000.0,9007000.0,
908100.0,1061000.0,752400.0,4150000.0,672000.0,534200.0,179400.0,371900.0,1041000.0,9606000.0,9007000.0,
884100.0,1060000.0,753800.0,4174000.0,672000.0,534200.0,179400.0,371900.0,1061000.0,9585000.0,9007000.0,
883000.0,1060000.0,755100.0,4174000.0,672000.0,534200.0,185400.0,388200.0,1039000.0,9585000.0,9007000.0,
882400.0,1059000.0,757100.0,4174000.0,672000.0,534200.0,185400.0,402300.0,1025000.0,9585000.0,9007000.0,
882400.0,1057000.0,758900.0,4174000.0,672000.0,534200.0,185400.0,416400.0,1011000.0,9585000.0,9007000.0,
855400.0,1061000.0,760300.0,4195000.0,672000.0,534200.0,185400.0,416400.0,1011000.0,9633000.0,9007000.0,
855400.0,1058000.0,738200.0,4190000.0,672000.0,540200.0,179400.0,416400.0,1011000.0,9633000.0,9032000.0,
852500.0,1060000.0,739100.0,4190000.0,672000.0,540200.0,179400.0,422400.0,1005000.0,9681000.0,9032000.0,
851400.0,1058000.0,740900.0,4186000.0,672000.0,540200.0,179400.0,454400.0,1015000.0,9736000.0,9032000.0,
835100.0,1058000.0,742500.0,4201000.0,672000.0,540200.0,179400.0,532300.0,937200.0,9785000.0,9032000.0,
834200.0,1051000.0,745000.0,4201000.0,650400.0,540200.0,185400.0,581700.0,881800.0,9785000.0,9054000.0,
831600.0,1053000.0,746000.0,4201000.0,650400.0,540200.0,185400.0,581700.0,945900.0,9720000.0,9054000.0,
824400.0,1046000.0,747300.0,4190000.0,650100.0,540100.0,190200.0,576400.0,1010000.0,9656000.0,9054000.0,
820700.0,1044000.0,747700.0,4180000.0,650000.0,540100.0,190200.0,582200.0,1140000.0,9521000.0,9054000.0,
813600.0,1046000.0,747700.0,4185000.0,637500.0,540100.0,190200.0,593300.0,1129000.0,9521000.0,9066000.0,
811300.0,1048000.0,747700.0,4185000.0,642600.0,534900.0,190200.0,615400.0,1106000.0,9521000.0,9066000.0,
811000.0,1048000.0,747700.0,4181000.0,642600.0,534900.0,190200.0,626400.0,1095000.0,9616000.0,9066000.0,
805700.0,1046000.0,749400.0,4181000.0,642600.0,534900.0,215800.0,600900.0,1095000.0,9616000.0,9066000.0,
805300.0,1045000.0,749900.0,4177000.0,642600.0,534900.0,215800.0,612900.0,1150000.0,9550000.0,9066000.0,
805300.0,1044000.0,750600.0,4177000.0,642600.0,541000.0,215800.0,606900.0,1150000.0,9550000.0,9066000.0,
797000.0,1045000.0,751800.0,4183000.0,642600.0,541000.0,215800.0,617700.0,1139000.0,9550000.0,9066000.0,
795600.0,1044000.0,753900.0,4183000.0,648600.0,534900.0,225800.0,619100.0,1128000.0,9597000.0,9066000.0,
757900.0,1045000.0,756800.0,4217000.0,648600.0,544600.0,216200.0,644900.0,1102000.0,9597000.0,9066000.0,
742800.0,1045000.0,757900.0,4232000.0,648600.0,544600.0,216200.0,667900.0,1079000.0,9645000.0,9066000.0,
740500.0,1043000.0,757400.0,4232000.0,648600.0,544600.0,216200.0,667900.0,1079000.0,9694000.0,9066000.0,
737900.0,1039000.0,759100.0,4231000.0,654700.0,544600.0,210100.0,667900.0,1153000.0,9668000.0,9066000.0,
736500.0,1036000.0,762600.0,4202000.0,654700.0,544600.0,210100.0,667900.0,1230000.0,9736000.0,9066000.0,
735600.0,1035000.0,764800.0,4202000.0,654700.0,544600.0,229400.0,670700.0,1208000.0,9784000.0,9066000.0,
733900.0,1035000.0,766300.0,4187000.0,654700.0,544600.0,229400.0,746400.0,1252000.0,9664000.0,9066000.0,
730100.0,1037000.0,766800.0,4168000.0,660700.0,538500.0,229400.0,779800.0,1342000.0,9541000.0,9066000.0,
726300.0,1039000.0,768700.0,4168000.0,660700.0,538500.0,229400.0,779800.0,1342000.0,9588000.0,9066000.0,
723700.0,1037000.0,770400.0,4136000.0,660500.0,538500.0,229400.0,812000.0,1310000.0,9588000.0,9066000.0,
709800.0,1035000.0,773100.0,4149000.0,660500.0,538500.0,229400.0,818000.0,1304000.0,9588000.0,9066000.0,
708900.0,1034000.0,775200.0,4149000.0,668800.0,534100.0,233600.0,826800.0,1287000.0,9588000.0,9066000.0,
707000.0,1034000.0,776500.0,4110000.0,668800.0,534100.0,233600.0,832800.0,1281000.0,9684000.0,9066000.0,
706200.0,1034000.0,777700.0,4110000.0,1022000.0,180700.0,233600.0,884300.0,1300000.0,9662000.0,9066000.0,
705600.0,1031000.0,780900.0,4105000.0,1022000.0,180700.0,241600.0,897400.0,1279000.0,9759000.0,9066000.0,
705300.0,1031000.0,780900.0,4105000.0,1022000.0,184500.0,242600.0,927900.0,1287000.0,9715000.0,9066000.0,
692300.0,1028000.0,783800.0,4118000.0,1027000.0,179700.0,242600.0,954200.0,1261000.0,9764000.0,9066000.0,
692300.0,1025000.0,786800.0,4118000.0,1027000.0,179700.0,242600.0,970300.0,1267000.0,9741000.0,9066000.0,
692200.0,1020000.0,787800.0,4112000.0,1027000.0,184500.0,246600.0,971500.0,1257000.0,9741000.0,9066000.0,
664000.0,1020000.0,788800.0,4139000.0,1027000.0,184500.0,246600.0,981500.0,1283000.0,9705000.0,9066000.0,
662300.0,1021000.0,789100.0,4139000.0,1027000.0,192600.0,238600.0,981500.0,1283000.0,9705000.0,9066000.0,
659700.0,1023000.0,790200.0,4134000.0,1037000.0,182500.0,238600.0,981500.0,1283000.0,9754000.0,9066000.0,
659100.0,1022000.0,791200.0,4129000.0,1037000.0,188500.0,232600.0,993600.0,1393000.0,9632000.0,9066000.0,
657500.0,1021000.0,794300.0,4120000.0,1021000.0,195000.0,226100.0,1058000.0,1329000.0,9632000.0,9083000.0,
656300.0,1019000.0,794600.0,4105000.0,1005000.0,195000.0,235800.0,1048000.0,1372000.0,9589000.0,9100000.0,
580800.0,1019000.0,795900.0,4170000.0,1019000.0,186900.0,229700.0,1077000.0,1342000.0,9685000.0,9100000.0,
577300.0,1021000.0,797000.0,4156000.0,1025000.0,180800.0,229700.0,1107000.0,1312000.0,9685000.0,9100000.0,
573600.0,1024000.0,797500.0,4156000.0,1025000.0,180800.0,238900.0,1098000.0,1312000.0,9685000.0,9100000.0,
573000.0,1020000.0,800000.0,4153000.0,1025000.0,180800.0,247700.0,1089000.0,1312000.0,9685000.0,9100000.0,
573000.0,1011000.0,803500.0,4153000.0,1031000.0,174800.0,247700.0,1105000.0,1462000.0,9520000.0,9100000.0,
572500.0,1009000.0,806800.0,4153000.0,1012000.0,174800.0,247700.0,1105000.0,1462000.0,9520000.0,9119000.0,
558000.0,1011000.0,783500.0,4164000.0,993100.0,174800.0,266800.0,1098000.0,1450000.0,9615000.0,9162000.0,
556200.0,1010000.0,786100.0,4164000.0,973800.0,180800.0,269400.0,1090000.0,1450000.0,9615000.0,9181000.0,
552300.0,1013000.0,787500.0,4154000.0,961300.0,180800.0,284300.0,1086000.0,1439000.0,9615000.0,9194000.0,
551400.0,1012000.0,789000.0,4149000.0,961300.0,180800.0,284300.0,1096000.0,1429000.0,9615000.0,9194000.0,
551300.0,1001000.0,790000.0,4114000.0,942000.0,180800.0,290300.0,1104000.0,1415000.0,9615000.0,9213000.0,
550400.0,1002000.0,790600.0,4099000.0,946900.0,176000.0,296400.0,1117000.0,1395000.0,9615000.0,9213000.0,
546500.0,1004000.0,792500.0,4099000.0,946900.0,286400.0,190800.0,1137000.0,1370000.0,9663000.0,9213000.0,
524700.0,1004000.0,792500.0,4121000.0,946900.0,286400.0,190800.0,1155000.0,1353000.0,9712000.0,9213000.0,
524400.0,1003000.0,793700.0,4121000.0,918400.0,293700.0,201700.0,1261000.0,1294000.0,9743000.0,9241000.0,
524400.0,994800.0,801600.0,4116000.0,905000.0,293700.0,201600.0,1272000.0,1302000.0,9724000.0,9255000.0,
523200.0,995900.0,801600.0,4116000.0,905000.0,293700.0,201600.0,1302000.0,1400000.0,9692000.0,9255000.0,
521200.0,997100.0,802300.0,4116000.0,1054000.0,129500.0,207700.0,1306000.0,1389000.0,9741000.0,9270000.0,
520100.0,997500.0,803100.0,4116000.0,1060000.0,127300.0,213900.0,1322000.0,1511000.0,9592000.0,9270000.0,
518100.0,997500.0,805100.0,4116000.0,1066000.0,121200.0,219900.0,1373000.0,1455000.0,9592000.0,9270000.0,
515600.0,999200.0,805900.0,4116000.0,1047000.0,121200.0,224700.0,1379000.0,1444000.0,9592000.0,9289000.0,
515600.0,999200.0,791600.0,4111000.0,1047000.0,121200.0,229600.0,1396000.0,1422000.0,9592000.0,9303000.0,
512300.0,996400.0,791800.0,4102000.0,1028000.0,119700.0,229500.0,1442000.0,1376000.0,9592000.0,9323000.0,
510400.0,997300.0,792800.0,4102000.0,1028000.0,119700.0,229500.0,1505000.0,1313000.0,9592000.0,9323000.0,
509600.0,996800.0,794000.0,4102000.0,1028000.0,119700.0,244900.0,1490000.0,1313000.0,9640000.0,9323000.0,
508400.0,990000.0,797100.0,4102000.0,1028000.0,119700.0,253600.0,1499000.0,1295000.0,9640000.0,9323000.0,
508400.0,989200.0,797800.0,4102000.0,1028000.0,119700.0,253600.0,1510000.0,1285000.0,9737000.0,9323000.0,
508400.0,987300.0,781400.0,4102000.0,1028000.0,119700.0,253600.0,1539000.0,1255000.0,9737000.0,9342000.0,
508100.0,985700.0,783300.0,4102000.0,1028000.0,127800.0,245500.0,1553000.0,1277000.0,9701000.0,9342000.0,
508100.0,983900.0,785100.0,4102000.0,1028000.0,134200.0,239100.0,1553000.0,1277000.0,9701000.0,9342000.0,
508100.0,982500.0,786500.0,4092000.0,1009000.0,134200.0,239100.0,1553000.0,1277000.0,9946000.0,9361000.0,
507800.0,979300.0,790000.0,4087000.0,1009000.0,134200.0,256400.0,1536000.0,1277000.0,9995000.0,9361000.0,
473900.0,980600.0,791100.0,4118000.0,991000.0,132700.0,256400.0,1542000.0,1291000.0,1.003E7,9380000.0,
470200.0,983300.0,792100.0,4118000.0,991000.0,138700.0,250400.0,1568000.0,1265000.0,1.003E7,9380000.0,
470200.0,983300.0,792100.0,4118000.0,1008000.0,121800.0,256400.0,1593000.0,1359000.0,9950000.0,9380000.0,
469300.0,983100.0,793200.0,4118000.0,1008000.0,121800.0,256400.0,1610000.0,1364000.0,1.003E7,9380000.0,
469300.0,983100.0,793200.0,4118000.0,1008000.0,121800.0,268100.0,1627000.0,1406000.0,9957000.0,9380000.0,
450400.0,983500.0,793900.0,4136000.0,1008000.0,121800.0,268100.0,1674000.0,1359000.0,1.006E7,9380000.0,
440300.0,980000.0,797400.0,4146000.0,1008000.0,121800.0,268100.0,1692000.0,1342000.0,1.006E7,9380000.0,
437300.0,982500.0,797700.0,4136000.0,1008000.0,121800.0,274000.0,1718000.0,1309000.0,1.016E7,9380000.0,
436200.0,982000.0,799000.0,4122000.0,1008000.0,121800.0,284800.0,1729000.0,1510000.0,9984000.0,9380000.0,
435600.0,981100.0,800400.0,4117000.0,1014000.0,119300.0,281000.0,1757000.0,1482000.0,9984000.0,9380000.0,
435600.0,978300.0,803200.0,4117000.0,1014000.0,119300.0,287000.0,1762000.0,1492000.0,1.001E7,9380000.0,
435000.0,976800.0,805400.0,4117000.0,1014000.0,125300.0,281000.0,1783000.0,1471000.0,1.001E7,9380000.0,
433800.0,976600.0,806800.0,4117000.0,1014000.0,130100.0,282200.0,1777000.0,1471000.0,1.001E7,9380000.0,
433800.0,976000.0,807400.0,4117000.0,1014000.0,130100.0,282200.0,1802000.0,1446000.0,1.011E7,9380000.0,
433200.0,975200.0,808400.0,4112000.0,1019000.0,139800.0,267700.0,1832000.0,1416000.0,1.016E7,9380000.0,
433200.0,973900.0,809300.0,4102000.0,982800.0,141500.0,265200.0,1836000.0,1406000.0,1.016E7,9423000.0,
427100.0,971200.0,811900.0,4099000.0,961300.0,147500.0,267200.0,1913000.0,1320000.0,1.016E7,9445000.0,
426000.0,971500.0,812800.0,4099000.0,964400.0,144500.0,279300.0,1921000.0,1300000.0,1.022E7,9445000.0,
415100.0,971900.0,798900.0,4108000.0,964400.0,151400.0,284400.0,1946000.0,1264000.0,1.022E7,9460000.0,
414800.0,970000.0,798800.0,4100000.0,970400.0,145300.0,284400.0,1983000.0,1226000.0,1.022E7,9460000.0,
413700.0,969900.0,799700.0,4096000.0,970400.0,145300.0,284400.0,1983000.0,1226000.0,1.027E7,9460000.0,
400200.0,969900.0,799700.0,4109000.0,970400.0,145300.0,301700.0,2026000.0,1166000.0,1.027E7,9460000.0,
400200.0,969300.0,800300.0,4104000.0,954500.0,143200.0,297800.0,2026000.0,1166000.0,1.032E7,9482000.0,
400200.0,967800.0,801800.0,4104000.0,960600.0,137100.0,297800.0,2065000.0,1127000.0,1.032E7,9482000.0,
399800.0,966200.0,803800.0,4104000.0,960600.0,137100.0,297800.0,2095000.0,1097000.0,1.042E7,9482000.0,
397700.0,965000.0,807100.0,4104000.0,960600.0,137100.0,297800.0,2095000.0,1097000.0,1.047E7,9482000.0,
396700.0,965400.0,807700.0,4099000.0,960600.0,137100.0,319400.0,2082000.0,1113000.0,1.045E7,9482000.0,
395300.0,966100.0,808400.0,4099000.0,960600.0,137100.0,324200.0,2096000.0,1179000.0,1.042E7,9482000.0,
394700.0,966100.0,809000.0,4079000.0,960600.0,137100.0,324200.0,2096000.0,1179000.0,1.042E7,9482000.0,
394500.0,960700.0,810100.0,4079000.0,960600.0,137100.0,324200.0,2096000.0,1179000.0,1.042E7,9482000.0,
386000.0,958400.0,812400.0,4087000.0,960600.0,210000.0,257400.0,2090000.0,1179000.0,1.042E7,9482000.0,
383200.0,960600.0,813000.0,4087000.0,960600.0,210000.0,275500.0,2072000.0,1179000.0,1.042E7,9482000.0,
383200.0,959200.0,814400.0,4087000.0,936800.0,216000.0,269400.0,2124000.0,1126000.0,1.047E7,9505000.0,
382300.0,959500.0,814900.0,4077000.0,936800.0,222000.0,269400.0,2133000.0,1112000.0,1.047E7,9505000.0,
381900.0,958800.0,816000.0,4077000.0,942800.0,222000.0,269400.0,2145000.0,1145000.0,1.047E7,9505000.0,
381400.0,957000.0,818400.0,4077000.0,942800.0,222000.0,269400.0,2156000.0,1168000.0,1.044E7,9505000.0,
379600.0,954800.0,822400.0,4067000.0,942800.0,228100.0,263400.0,2179000.0,1145000.0,1.044E7,9505000.0,
372600.0,953700.0,823500.0,4074000.0,942800.0,228100.0,272200.0,2245000.0,1071000.0,1.049E7,9505000.0,
354400.0,953500.0,824000.0,4092000.0,960900.0,210000.0,272200.0,2274000.0,1041000.0,1.049E7,9505000.0,
353600.0,953300.0,825000.0,4092000.0,960900.0,210000.0,272200.0,2274000.0,1041000.0,1.054E7,9505000.0,
352500.0,952200.0,812500.0,4092000.0,965700.0,224900.0,252400.0,2306000.0,1061000.0,1.07E7,9520000.0,
350300.0,948600.0,813200.0,4092000.0,941900.0,231000.0,246400.0,2316000.0,1137000.0,1.061E7,9544000.0,
349700.0,947600.0,813100.0,4089000.0,941900.0,234800.0,242600.0,2363000.0,1132000.0,1.057E7,9544000.0,
334800.0,946800.0,815100.0,4102000.0,941900.0,234800.0,251400.0,2473000.0,1013000.0,1.057E7,9544000.0,
334800.0,943700.0,818100.0,4102000.0,948000.0,239700.0,240500.0,2484000.0,1002000.0,1.057E7,9544000.0,
333900.0,944600.0,818100.0,4102000.0,930400.0,277300.0,202900.0,2484000.0,1075000.0,1.05E7,9562000.0,
331800.0,946000.0,819000.0,4102000.0,936400.0,271300.0,208900.0,2491000.0,1061000.0,1.055E7,9562000.0,
331800.0,944500.0,820500.0,4102000.0,936400.0,271300.0,208900.0,2507000.0,1045000.0,1.055E7,9562000.0,
327300.0,943200.0,821700.0,4107000.0,936400.0,271300.0,215000.0,2533000.0,1013000.0,1.055E7,9562000.0,
326500.0,943500.0,822200.0,4107000.0,923900.0,271300.0,221000.0,2540000.0,999700.0,1.055E7,9574000.0,
325500.0,942600.0,800400.0,4107000.0,926900.0,268200.0,237000.0,2524000.0,1054000.0,1.05E7,9598000.0,
324700.0,941500.0,802300.0,4097000.0,926900.0,268200.0,249000.0,2528000.0,1124000.0,1.041E7,9598000.0,
324400.0,941800.0,802300.0,4097000.0,926900.0,268200.0,255100.0,2522000.0,1194000.0,1.034E7,9598000.0,
324400.0,939300.0,804800.0,4097000.0,919200.0,263400.0,261100.0,2533000.0,1250000.0,1.027E7,9610000.0,
324400.0,938900.0,805200.0,4097000.0,919200.0,263400.0,267100.0,2533000.0,1244000.0,1.032E7,9610000.0,
323800.0,939100.0,805600.0,4097000.0,906600.0,263400.0,279200.0,2531000.0,1235000.0,1.032E7,9623000.0,
309300.0,939100.0,805900.0,4134000.0,906600.0,263400.0,279200.0,2537000.0,1320000.0,1.023E7,9600000.0,
309300.0,937700.0,807400.0,4134000.0,906600.0,263400.0,285200.0,2594000.0,1257000.0,1.023E7,9600000.0,
308700.0,936500.0,792100.0,4134000.0,906600.0,263400.0,306500.0,2594000.0,1235000.0,1.023E7,9617000.0,
306600.0,937400.0,793200.0,4134000.0,906600.0,263400.0,306500.0,2622000.0,1207000.0,1.023E7,9617000.0,
306600.0,936500.0,794100.0,4134000.0,906600.0,263400.0,306500.0,2640000.0,1189000.0,1.023E7,9617000.0,
306600.0,933700.0,796900.0,4134000.0,911500.0,258500.0,311400.0,2658000.0,1167000.0,1.023E7,9617000.0,
293100.0,930500.0,800100.0,4148000.0,914500.0,255400.0,311400.0,2658000.0,1167000.0,1.023E7,9617000.0,
331500.0,929700.0,801500.0,4143000.0,914500.0,255400.0,311400.0,2658000.0,1240000.0,1.016E7,9578000.0,
331400.0,929200.0,801800.0,4138000.0,914500.0,262500.0,325200.0,2637000.0,1240000.0,1.016E7,9578000.0,
325100.0,926700.0,804700.0,4139000.0,920600.0,256500.0,325200.0,2665000.0,1381000.0,9986000.0,9578000.0,
323500.0,926900.0,806200.0,4139000.0,898600.0,256500.0,325200.0,2675000.0,1371000.0,9986000.0,9600000.0,
323200.0,926200.0,807100.0,4134000.0,977500.0,182400.0,320400.0,2685000.0,1449000.0,9898000.0,9600000.0,
323200.0,924500.0,808800.0,4134000.0,981400.0,183300.0,315500.0,2695000.0,1463000.0,9874000.0,9600000.0,
322700.0,923900.0,810000.0,4134000.0,967200.0,189300.0,309500.0,2701000.0,1491000.0,9840000.0,9614000.0,
322100.0,922600.0,811800.0,4134000.0,959100.0,183300.0,309500.0,2724000.0,1468000.0,9939000.0,9628000.0,
321800.0,920100.0,814700.0,4134000.0,920200.0,183300.0,309500.0,2739000.0,1453000.0,9939000.0,9667000.0,
321800.0,918000.0,816700.0,4129000.0,920200.0,183300.0,309500.0,2739000.0,1453000.0,9939000.0,9667000.0,
408300.0,916300.0,819100.0,4124000.0,897400.0,183300.0,309500.0,2799000.0,1490000.0,9892000.0,9602000.0,
408300.0,914800.0,820600.0,4124000.0,861000.0,183300.0,309500.0,2799000.0,1490000.0,9941000.0,9639000.0,
408200.0,912800.0,822100.0,4120000.0,861000.0,183300.0,309500.0,2799000.0,1490000.0,1.004E7,9639000.0,
447600.0,912300.0,823500.0,4115000.0,860900.0,183300.0,309500.0,2815000.0,1534000.0,9981000.0,9598000.0,
446300.0,912000.0,825100.0,4115000.0,838300.0,183300.0,309500.0,2815000.0,1534000.0,9981000.0,9620000.0,
446300.0,911200.0,825900.0,4115000.0,844300.0,177200.0,309500.0,2855000.0,1494000.0,9981000.0,9620000.0,
445600.0,909000.0,813300.0,4106000.0,844200.0,177200.0,317900.0,2858000.0,1483000.0,9981000.0,9635000.0,
444800.0,906800.0,816200.0,4097000.0,844200.0,177200.0,317900.0,2881000.0,1460000.0,1.003E7,9635000.0,
444000.0,906700.0,817100.0,4086000.0,844200.0,177200.0,317900.0,2900000.0,1440000.0,1.003E7,9635000.0,
474900.0,905400.0,817600.0,4084000.0,831700.0,182000.0,317900.0,2929000.0,1526000.0,9911000.0,9615000.0,
474700.0,904900.0,818400.0,4084000.0,831700.0,182000.0,317900.0,2945000.0,1510000.0,9911000.0,9615000.0,
473500.0,904600.0,819800.0,4079000.0,831700.0,182000.0,317800.0,2945000.0,1510000.0,9911000.0,9615000.0,
471900.0,905000.0,820900.0,4049000.0,831600.0,188000.0,311800.0,2959000.0,1496000.0,1.001E7,9615000.0,
453600.0,904500.0,821400.0,4062000.0,831600.0,188000.0,311800.0,2959000.0,1496000.0,1.001E7,9615000.0,
472300.0,901400.0,824800.0,4062000.0,831600.0,188000.0,311800.0,2965000.0,1553000.0,9948000.0,9596000.0,
471100.0,897500.0,825100.0,4057000.0,831600.0,188000.0,1185000.0,2135000.0,1509000.0,9948000.0,9596000.0,
470700.0,896300.0,826800.0,4057000.0,804200.0,187300.0,1206000.0,2122000.0,1498000.0,9998000.0,9628000.0,
533100.0,893200.0,829800.0,4052000.0,804200.0,187300.0,1218000.0,2160000.0,1559000.0,9886000.0,9566000.0,
520800.0,892500.0,830900.0,4054000.0,804200.0,187300.0,1228000.0,2156000.0,1553000.0,1.004E7,9566000.0,
520000.0,891500.0,832600.0,4054000.0,804200.0,193300.0,1232000.0,2174000.0,1525000.0,1.009E7,9566000.0,
519600.0,890500.0,834100.0,4054000.0,804200.0,193300.0,1661000.0,1745000.0,1696000.0,1.001E7,9566000.0,
519600.0,890100.0,834500.0,4054000.0,804200.0,193300.0,1675000.0,1939000.0,1489000.0,1.001E7,9566000.0,
519600.0,886700.0,837900.0,4054000.0,804200.0,193300.0,1687000.0,1948000.0,1566000.0,9916000.0,9566000.0,
519300.0,885400.0,839500.0,4039000.0,804200.0,193300.0,1687000.0,1958000.0,1556000.0,9916000.0,9566000.0,
518500.0,885400.0,840300.0,4039000.0,804200.0,193300.0,1695000.0,1964000.0,1602000.0,9954000.0,9566000.0,
518100.0,883700.0,842400.0,4039000.0,814300.0,183200.0,1695000.0,1992000.0,1636000.0,9892000.0,9566000.0,
518100.0,880700.0,829400.0,4034000.0,814300.0,183200.0,1695000.0,2009000.0,1619000.0,9892000.0,9582000.0,
517300.0,881200.0,829700.0,4034000.0,814300.0,183200.0,1701000.0,2037000.0,1585000.0,9941000.0,9582000.0,
516800.0,881200.0,830200.0,4034000.0,826300.0,171200.0,1716000.0,2075000.0,1581000.0,9892000.0,9582000.0,
516100.0,880900.0,831100.0,4034000.0,826300.0,171200.0,1716000.0,2102000.0,1594000.0,9853000.0,9582000.0,
516100.0,875800.0,836300.0,4034000.0,826300.0,171200.0,1721000.0,2112000.0,1658000.0,9822000.0,9582000.0,
514300.0,877600.0,836300.0,4024000.0,826300.0,171200.0,1730000.0,2110000.0,1763000.0,9760000.0,9582000.0,
514300.0,875900.0,838000.0,4009000.0,826300.0,171200.0,1730000.0,2124000.0,1862000.0,9647000.0,9582000.0,
510600.0,871900.0,836200.0,4008000.0,810400.0,171200.0,1730000.0,2124000.0,1862000.0,9744000.0,9598000.0,
510600.0,871300.0,836800.0,4008000.0,810400.0,171200.0,1730000.0,2130000.0,1915000.0,9685000.0,9598000.0,
509300.0,871700.0,837700.0,4003000.0,810400.0,171200.0,1729000.0,2144000.0,1921000.0,9762000.0,9598000.0,
509300.0,871200.0,838200.0,4003000.0,810400.0,171200.0,1729000.0,2198000.0,1988000.0,9689000.0,9598000.0,
495100.0,871200.0,838200.0,4017000.0,821300.0,164200.0,1726000.0,2217000.0,2032000.0,9674000.0,9598000.0,
492400.0,871900.0,840200.0,4017000.0,808000.0,164200.0,1730000.0,2282000.0,1963000.0,9722000.0,9611000.0,
524400.0,870600.0,841600.0,4017000.0,765300.0,164200.0,1745000.0,2285000.0,1984000.0,9684000.0,9622000.0,
524400.0,868900.0,843200.0,4017000.0,728600.0,164200.0,1745000.0,2367000.0,1901000.0,9684000.0,9658000.0,
523300.0,868600.0,844600.0,4017000.0,728600.0,164200.0,1745000.0,2389000.0,1880000.0,9732000.0,9658000.0,
523300.0,866000.0,847200.0,4017000.0,728600.0,1263000.0,646400.0,2408000.0,1861000.0,9732000.0,9658000.0,
557100.0,865300.0,847900.0,4017000.0,728600.0,1263000.0,656400.0,2398000.0,1948000.0,9742000.0,9625000.0,
575000.0,862700.0,851500.0,4026000.0,734600.0,1257000.0,667800.0,2386000.0,2022000.0,9717000.0,9597000.0,
567600.0,861100.0,853700.0,4033000.0,717000.0,1257000.0,679900.0,2435000.0,2072000.0,9654000.0,9615000.0,
584800.0,861000.0,854500.0,4033000.0,717000.0,1257000.0,685900.0,2494000.0,2047000.0,9614000.0,9597000.0,
584800.0,859700.0,838800.0,4033000.0,717000.0,1257000.0,698000.0,2488000.0,2041000.0,9614000.0,9614000.0,
613000.0,858300.0,840900.0,4039000.0,717000.0,1257000.0,698000.0,2488000.0,2082000.0,9574000.0,9578000.0,
611700.0,854700.0,832000.0,4039000.0,723000.0,1251000.0,704000.0,2482000.0,2082000.0,9622000.0,9592000.0,
605100.0,854500.0,833200.0,4045000.0,729100.0,1245000.0,704000.0,2492000.0,2094000.0,9599000.0,9592000.0,
604600.0,853400.0,834900.0,4030000.0,719200.0,1250000.0,697700.0,2572000.0,2009000.0,9647000.0,9608000.0,
604400.0,852400.0,835600.0,4025000.0,719200.0,1262000.0,706500.0,2573000.0,1987000.0,9647000.0,9608000.0,
640200.0,851600.0,831400.0,4025000.0,689000.0,1262000.0,732300.0,2566000.0,2038000.0,9578000.0,9607000.0,
687700.0,851500.0,833400.0,4025000.0,695100.0,1256000.0,732300.0,2612000.0,1992000.0,9626000.0,9558000.0,
686400.0,850900.0,835300.0,4025000.0,695100.0,1262000.0,726200.0,2612000.0,1992000.0,9626000.0,9558000.0,
686400.0,849900.0,836200.0,4025000.0,695100.0,1262000.0,737200.0,2601000.0,2050000.0,9615000.0,9558000.0,
685400.0,848700.0,838400.0,4025000.0,695100.0,1262000.0,737200.0,2634000.0,2077000.0,9555000.0,9558000.0,
682700.0,850200.0,839100.0,4021000.0,695100.0,1262000.0,750900.0,2657000.0,2133000.0,9558000.0,9558000.0,
682700.0,849800.0,839500.0,4021000.0,709100.0,1248000.0,750900.0,2707000.0,2083000.0,9605000.0,9558000.0,
682700.0,848100.0,841200.0,4016000.0,712200.0,1245000.0,763000.0,2719000.0,2059000.0,9605000.0,9558000.0,
679800.0,850000.0,842200.0,4016000.0,712200.0,1261000.0,764700.0,2729000.0,2221000.0,9462000.0,9558000.0,
679400.0,849200.0,843300.0,4011000.0,712200.0,1261000.0,764700.0,2729000.0,2221000.0,9462000.0,9558000.0,
632200.0,848800.0,844200.0,4053000.0,712100.0,1261000.0,764600.0,2760000.0,2190000.0,9462000.0,9558000.0,
631900.0,849200.0,844200.0,4043000.0,695500.0,1255000.0,774400.0,2834000.0,2106000.0,9557000.0,9580000.0,
631900.0,848800.0,844500.0,4033000.0,695500.0,1255000.0,774400.0,2877000.0,2063000.0,9557000.0,9580000.0,
627000.0,847700.0,845400.0,4033000.0,695500.0,1255000.0,774400.0,2877000.0,2063000.0,9557000.0,9580000.0,
626100.0,848200.0,845800.0,4033000.0,707600.0,1243000.0,774400.0,3016000.0,2006000.0,9523000.0,9580000.0,
625700.0,847400.0,847100.0,4033000.0,725700.0,1225000.0,774400.0,3016000.0,2006000.0,9523000.0,9580000.0,
625300.0,847200.0,847600.0,4033000.0,737800.0,1213000.0,780400.0,3032000.0,1984000.0,9523000.0,9580000.0,
596200.0,847200.0,848100.0,4061000.0,1488000.0,463200.0,780400.0,3043000.0,1973000.0,9570000.0,9580000.0,
596200.0,844600.0,831700.0,4061000.0,1494000.0,457100.0,780400.0,3043000.0,1973000.0,9570000.0,9599000.0,
595200.0,844900.0,832300.0,4061000.0,1500000.0,451100.0,793300.0,3041000.0,1962000.0,9570000.0,9599000.0,
594800.0,843100.0,834500.0,4061000.0,1505000.0,446300.0,793300.0,3073000.0,1931000.0,9618000.0,9599000.0,
593700.0,842600.0,836100.0,4061000.0,1489000.0,440200.0,793300.0,3096000.0,1908000.0,9666000.0,9621000.0,
593400.0,841400.0,837600.0,4061000.0,1489000.0,448300.0,791300.0,3127000.0,1871000.0,9666000.0,9621000.0,
593400.0,839800.0,839300.0,4061000.0,1470000.0,448300.0,796100.0,3136000.0,1857000.0,9763000.0,9640000.0,
638500.0,839000.0,840000.0,4061000.0,1470000.0,448300.0,796100.0,3266000.0,1916000.0,9573000.0,9595000.0,
636700.0,839500.0,841300.0,4061000.0,1458000.0,448300.0,796100.0,3276000.0,1907000.0,9621000.0,9607000.0,
668500.0,842100.0,841800.0,4056000.0,1440000.0,447600.0,792200.0,3285000.0,1965000.0,9601000.0,9594000.0,
729000.0,841200.0,843000.0,4056000.0,1439000.0,436400.0,792200.0,3336000.0,1971000.0,9545000.0,9541000.0,
729000.0,838900.0,845100.0,4052000.0,1413000.0,436400.0,800700.0,3349000.0,1949000.0,9593000.0,9567000.0,
728500.0,839100.0,845100.0,4047000.0,1419000.0,430400.0,800700.0,3371000.0,1927000.0,9593000.0,9567000.0,
728400.0,834700.0,849500.0,4043000.0,1419000.0,436400.0,794600.0,3391000.0,1987000.0,9561000.0,9567000.0,
728100.0,833700.0,850600.0,4033000.0,1403000.0,425300.0,865000.0,3337000.0,1970000.0,9608000.0,9594000.0,
724300.0,837200.0,850600.0,4024000.0,1391000.0,425300.0,865000.0,3349000.0,2083000.0,9531000.0,9606000.0,
721600.0,839100.0,851400.0,4024000.0,1371000.0,425300.0,874000.0,3373000.0,2050000.0,9578000.0,9626000.0,
721600.0,836100.0,854400.0,4024000.0,1317000.0,425300.0,880000.0,3544000.0,1873000.0,9626000.0,9680000.0,
721600.0,833900.0,856600.0,4024000.0,1331000.0,411200.0,880000.0,3561000.0,1857000.0,9626000.0,9680000.0,
721200.0,833800.0,857000.0,4020000.0,1312000.0,411200.0,880000.0,3619000.0,1798000.0,9674000.0,9698000.0,
720800.0,832800.0,858400.0,4020000.0,1312000.0,411200.0,886000.0,3624000.0,1787000.0,9674000.0,9698000.0,
671200.0,830700.0,860100.0,4060000.0,1298000.0,411200.0,3316000.0,1231000.0,1750000.0,9723000.0,9713000.0,
684700.0,833900.0,860800.0,4060000.0,1281000.0,416000.0,3317000.0,1225000.0,1908000.0,9565000.0,9713000.0,
688900.0,831900.0,863500.0,4091000.0,1281000.0,416000.0,3317000.0,1299000.0,1985000.0,9509000.0,9676000.0,
684200.0,836100.0,863900.0,4091000.0,1485000.0,219600.0,3323000.0,1314000.0,1957000.0,9509000.0,9676000.0,
760500.0,830300.0,863500.0,4091000.0,1490000.0,213400.0,3330000.0,1352000.0,1911000.0,9556000.0,9598000.0,
758200.0,831400.0,864700.0,4091000.0,1490000.0,231500.0,3321000.0,1365000.0,1889000.0,9652000.0,9598000.0,
758200.0,827900.0,868200.0,4081000.0,1496000.0,225100.0,3321000.0,1387000.0,1866000.0,9700000.0,9598000.0,
756900.0,828600.0,868700.0,4081000.0,1496000.0,225100.0,3327000.0,1381000.0,1866000.0,9749000.0,9598000.0,
756900.0,826600.0,870800.0,4081000.0,1496000.0,225100.0,3327000.0,1414000.0,1834000.0,9749000.0,9598000.0,
756800.0,826000.0,871200.0,4071000.0,1455000.0,225100.0,3327000.0,1436000.0,1812000.0,9749000.0,9639000.0,
700100.0,826500.0,871200.0,4128000.0,1455000.0,225100.0,3327000.0,1447000.0,1801000.0,9749000.0,9639000.0,
756300.0,827200.0,871200.0,4118000.0,1439000.0,223600.0,3327000.0,1469000.0,1867000.0,9708000.0,9596000.0,
753700.0,828400.0,872600.0,4113000.0,1300000.0,220600.0,3341000.0,1503000.0,1818000.0,9708000.0,9738000.0,
752800.0,828500.0,873400.0,4103000.0,1300000.0,220600.0,3341000.0,1526000.0,1795000.0,9756000.0,9738000.0,
795500.0,828900.0,873800.0,4094000.0,1293000.0,214500.0,3341000.0,1536000.0,1811000.0,9779000.0,9706000.0,
794700.0,828400.0,875200.0,4094000.0,1281000.0,214500.0,3359000.0,1518000.0,1811000.0,9828000.0,9719000.0,
838000.0,829500.0,876000.0,4094000.0,1246000.0,219000.0,3363000.0,1542000.0,1906000.0,9699000.0,9710000.0,
893000.0,830200.0,876000.0,4094000.0,1246000.0,219000.0,3368000.0,1560000.0,1931000.0,9701000.0,9654000.0,
957500.0,828100.0,878100.0,4094000.0,1234000.0,219000.0,3368000.0,1590000.0,2040000.0,9561000.0,9602000.0,
955700.0,829100.0,878900.0,4094000.0,1221000.0,214200.0,3374000.0,1584000.0,2040000.0,9609000.0,9620000.0,
1009000.0,828000.0,880000.0,4094000.0,1221000.0,214200.0,3384000.0,1584000.0,2055000.0,9583000.0,9566000.0,
983100.0,827100.0,880900.0,4120000.0,1221000.0,214200.0,3389000.0,1617000.0,2017000.0,9631000.0,9566000.0,
982500.0,826800.0,857800.0,4120000.0,1221000.0,214200.0,3389000.0,1635000.0,1999000.0,9631000.0,9590000.0,
982500.0,823500.0,861200.0,4120000.0,1208000.0,218100.0,3402000.0,1684000.0,1934000.0,9631000.0,9603000.0,
982000.0,823600.0,861500.0,4120000.0,1190000.0,221900.0,3418000.0,1721000.0,1876000.0,9631000.0,9621000.0,
978600.0,820300.0,863300.0,4120000.0,1156000.0,221900.0,3418000.0,1721000.0,1876000.0,9631000.0,9655000.0,
975200.0,822900.0,864000.0,4120000.0,1143000.0,221900.0,3449000.0,1740000.0,1827000.0,9679000.0,9668000.0,
972800.0,822200.0,867100.0,4120000.0,1143000.0,234000.0,3477000.0,1730000.0,1797000.0,9728000.0,9668000.0,
1001000.0,820000.0,869300.0,4120000.0,1143000.0,793900.0,2917000.0,1742000.0,1899000.0,9662000.0,9640000.0,
1033000.0,819600.0,869800.0,4120000.0,1130000.0,793900.0,2917000.0,1816000.0,1919000.0,9567000.0,9621000.0,
1031000.0,821500.0,869800.0,4120000.0,1115000.0,790000.0,2916000.0,1833000.0,1900000.0,9567000.0,9644000.0,
1101000.0,821100.0,870600.0,4112000.0,1115000.0,1289000.0,2422000.0,1864000.0,1862000.0,9567000.0,9572000.0,
1101000.0,820200.0,872200.0,4107000.0,1085000.0,2784000.0,1079000.0,1750000.0,1824000.0,9567000.0,9602000.0,
1117000.0,819100.0,872500.0,4094000.0,1085000.0,2790000.0,1073000.0,1791000.0,1782000.0,9567000.0,9585000.0,
1116000.0,818800.0,874200.0,4094000.0,1073000.0,2784000.0,1073000.0,1814000.0,1759000.0,9615000.0,9603000.0,
1178000.0,816600.0,876700.0,4089000.0,1073000.0,2784000.0,1073000.0,1814000.0,1773000.0,9649000.0,9540000.0,
1178000.0,815200.0,878100.0,4084000.0,1055000.0,2784000.0,1085000.0,1816000.0,1795000.0,9662000.0,9558000.0,
1178000.0,815300.0,878600.0,4084000.0,1043000.0,2790000.0,1079000.0,1816000.0,1795000.0,9711000.0,9570000.0,
1174000.0,816500.0,879800.0,4080000.0,1043000.0,2790000.0,1079000.0,1837000.0,1772000.0,9759000.0,9570000.0,
1174000.0,816200.0,880100.0,4080000.0,999900.0,2797000.0,1072000.0,1848000.0,1946000.0,9575000.0,9613000.0,
1173000.0,815200.0,882200.0,4065000.0,987300.0,2797000.0,1072000.0,1848000.0,1946000.0,9575000.0,9626000.0,
1231000.0,821400.0,882100.0,4055000.0,974700.0,2802000.0,1067000.0,1875000.0,1919000.0,9575000.0,9574000.0,
1231000.0,820200.0,883300.0,4055000.0,962200.0,2810000.0,1059000.0,1888000.0,1906000.0,9623000.0,9587000.0,
1225000.0,820600.0,884100.0,4061000.0,962200.0,2819000.0,1072000.0,1872000.0,1900000.0,9623000.0,9587000.0,
1211000.0,818800.0,885500.0,4061000.0,962000.0,2828000.0,1078000.0,1881000.0,1943000.0,9605000.0,9587000.0,
1210000.0,817600.0,887000.0,4061000.0,973600.0,2816000.0,1078000.0,1905000.0,1952000.0,9571000.0,9587000.0,
1208000.0,817200.0,889200.0,4061000.0,961100.0,2826000.0,1092000.0,1887000.0,1946000.0,9619000.0,9599000.0,
1233000.0,813300.0,890200.0,4046000.0,948500.0,2842000.0,1097000.0,1924000.0,1989000.0,9565000.0,9584000.0,
1227000.0,813300.0,890200.0,4053000.0,948500.0,2849000.0,1455000.0,1602000.0,1947000.0,9565000.0,9584000.0,
1227000.0,812400.0,891100.0,4053000.0,948500.0,2849000.0,1455000.0,1626000.0,1923000.0,9565000.0,9584000.0,
1223000.0,814200.0,892800.0,4053000.0,941900.0,2843000.0,1461000.0,1644000.0,1899000.0,9565000.0,9597000.0,
1223000.0,814200.0,892800.0,4048000.0,941900.0,2843000.0,1461000.0,1682000.0,1862000.0,9613000.0,9597000.0,
1216000.0,820500.0,893200.0,4043000.0,941900.0,2843000.0,1461000.0,1705000.0,1838000.0,9613000.0,9597000.0,
1216000.0,819700.0,894400.0,4043000.0,941900.0,2854000.0,1457000.0,1714000.0,1822000.0,9613000.0,9597000.0,
1212000.0,821400.0,897000.0,4043000.0,948000.0,2855000.0,1468000.0,1715000.0,1802000.0,9709000.0,9597000.0,
1204000.0,827500.0,884700.0,4043000.0,954000.0,2868000.0,1482000.0,1694000.0,1822000.0,9678000.0,9610000.0,
1204000.0,827100.0,885400.0,4043000.0,976900.0,2845000.0,1498000.0,1692000.0,1809000.0,9678000.0,9610000.0,
1203000.0,827300.0,885600.0,4038000.0,988900.0,2833000.0,1506000.0,1683000.0,1809000.0,9727000.0,9610000.0,
1194000.0,829500.0,887600.0,4038000.0,1012000.0,2810000.0,1506000.0,1711000.0,1781000.0,9727000.0,9610000.0,
1178000.0,827300.0,890500.0,4038000.0,1018000.0,2810000.0,1500000.0,1730000.0,1762000.0,9727000.0,9610000.0,
1178000.0,823300.0,890300.0,4038000.0,1036000.0,2792000.0,1506000.0,1759000.0,1727000.0,9727000.0,9610000.0,
1175000.0,823100.0,893400.0,4018000.0,1016000.0,2798000.0,1500000.0,1843000.0,1643000.0,9775000.0,9631000.0,
1172000.0,823500.0,895500.0,4018000.0,1016000.0,2798000.0,1506000.0,1843000.0,1637000.0,9824000.0,9631000.0,
1207000.0,824800.0,896100.0,4018000.0,1016000.0,2798000.0,1506000.0,1894000.0,1790000.0,9719000.0,9594000.0,
1204000.0,823400.0,899700.0,4018000.0,1040000.0,2774000.0,1514000.0,1943000.0,1732000.0,9767000.0,9594000.0,
1201000.0,825100.0,901000.0,4013000.0,1040000.0,2778000.0,1510000.0,1960000.0,2017000.0,9465000.0,9594000.0,
1201000.0,822900.0,903500.0,4013000.0,1040000.0,2778000.0,1522000.0,1949000.0,2017000.0,9465000.0,9594000.0,
1197000.0,824700.0,905800.0,4013000.0,1046000.0,2772000.0,1531000.0,1969000.0,1988000.0,9560000.0,9594000.0,
1192000.0,829300.0,906700.0,4013000.0,1046000.0,2772000.0,1545000.0,2009000.0,1934000.0,9560000.0,9594000.0,
1189000.0,830100.0,908100.0,4008000.0,1052000.0,2766000.0,1551000.0,2036000.0,1901000.0,9608000.0,9594000.0,
1186000.0,831300.0,909800.0,4003000.0,1064000.0,2760000.0,1545000.0,2060000.0,1966000.0,9519000.0,9594000.0,
1182000.0,835000.0,910200.0,4003000.0,1021000.0,2772000.0,1533000.0,2090000.0,1936000.0,9519000.0,9637000.0,
1181000.0,836100.0,910200.0,4003000.0,1002000.0,2767000.0,1533000.0,2113000.0,1913000.0,9567000.0,9661000.0,
1233000.0,835700.0,898300.0,4003000.0,1008000.0,2761000.0,1538000.0,2131000.0,2056000.0,9449000.0,9621000.0,
1200000.0,839400.0,899400.0,4026000.0,1468000.0,2289000.0,1542000.0,2237000.0,1945000.0,9449000.0,9634000.0,
1237000.0,842300.0,900400.0,4036000.0,1471000.0,2292000.0,1536000.0,2249000.0,1933000.0,9496000.0,9583000.0,
1237000.0,839400.0,903300.0,4036000.0,1448000.0,2298000.0,1540000.0,2240000.0,1933000.0,9496000.0,9606000.0,
1274000.0,837600.0,905100.0,4036000.0,1464000.0,2282000.0,1540000.0,2240000.0,1933000.0,9496000.0,9564000.0,
1238000.0,836200.0,907100.0,4071000.0,1447000.0,2282000.0,1540000.0,2269000.0,1903000.0,9496000.0,9582000.0,
1191000.0,834500.0,908000.0,4109000.0,1453000.0,2282000.0,1533000.0,2293000.0,1880000.0,9496000.0,9582000.0,
1190000.0,835400.0,908500.0,4104000.0,1453000.0,2282000.0,1533000.0,2368000.0,1805000.0,9496000.0,9582000.0,
1189000.0,834800.0,909500.0,4089000.0,1459000.0,2276000.0,1539000.0,2381000.0,1785000.0,9591000.0,9582000.0,
1246000.0,834300.0,909900.0,4084000.0,1443000.0,2269000.0,1539000.0,2388000.0,1779000.0,9639000.0,9548000.0,
1232000.0,832600.0,911800.0,4084000.0,1443000.0,2275000.0,1533000.0,2398000.0,1767000.0,9639000.0,9548000.0,
1225000.0,826500.0,905700.0,4090000.0,1449000.0,2279000.0,1523000.0,2398000.0,1767000.0,9639000.0,9561000.0,
1221000.0,829900.0,906500.0,4090000.0,1431000.0,2274000.0,1523000.0,2404000.0,1761000.0,9639000.0,9584000.0,
1174000.0,828700.0,908300.0,4116000.0,1406000.0,2279000.0,1543000.0,2390000.0,1750000.0,9639000.0,9609000.0,
1174000.0,828000.0,909000.0,4101000.0,1418000.0,2273000.0,1554000.0,2410000.0,1714000.0,9687000.0,9609000.0,
1172000.0,830000.0,909300.0,4096000.0,1418000.0,2280000.0,1556000.0,2400000.0,1714000.0,9736000.0,9609000.0,
1144000.0,828600.0,911900.0,4117000.0,1418000.0,2287000.0,1550000.0,2436000.0,1678000.0,9736000.0,9609000.0,
1142000.0,828400.0,914300.0,4117000.0,1424000.0,2292000.0,1538000.0,2447000.0,1666000.0,9736000.0,9609000.0,
1136000.0,828800.0,914800.0,4113000.0,1424000.0,2292000.0,1553000.0,2469000.0,1630000.0,9736000.0,9609000.0,
1189000.0,832800.0,914800.0,4113000.0,1424000.0,2292000.0,1571000.0,2478000.0,1707000.0,9681000.0,9551000.0,
1161000.0,832600.0,915900.0,4135000.0,1424000.0,3078000.0,790800.0,2482000.0,1697000.0,9681000.0,9551000.0,
1160000.0,831300.0,900800.0,4135000.0,1424000.0,3078000.0,790800.0,2510000.0,1669000.0,9729000.0,9568000.0,
1160000.0,829900.0,903000.0,4135000.0,1430000.0,3080000.0,805100.0,2515000.0,1641000.0,9729000.0,9568000.0,
1158000.0,831300.0,903700.0,4135000.0,1413000.0,3080000.0,811200.0,2602000.0,1548000.0,9729000.0,9586000.0,
1157000.0,832000.0,903700.0,4130000.0,1413000.0,3080000.0,811200.0,2751000.0,1400000.0,9778000.0,9586000.0,
1156000.0,833100.0,903700.0,4130000.0,1413000.0,3080000.0,823200.0,2921000.0,1218000.0,9778000.0,9586000.0,
1156000.0,830100.0,884000.0,4130000.0,1419000.0,3074000.0,835300.0,2918000.0,1208000.0,9778000.0,9609000.0,
1155000.0,828500.0,886300.0,4130000.0,1431000.0,3062000.0,856900.0,2923000.0,1182000.0,9778000.0,9609000.0,
1183000.0,828700.0,886800.0,4130000.0,1419000.0,3068000.0,859800.0,2968000.0,1160000.0,9795000.0,9591000.0,
1179000.0,826300.0,888300.0,4130000.0,1432000.0,3062000.0,859100.0,3005000.0,1116000.0,9795000.0,9591000.0,
1178000.0,825600.0,890200.0,4130000.0,1432000.0,3062000.0,871100.0,3005000.0,1133000.0,9767000.0,9591000.0,
1175000.0,820800.0,888600.0,4129000.0,1444000.0,3050000.0,871100.0,3018000.0,1120000.0,9816000.0,9591000.0,
1174000.0,821600.0,888600.0,4129000.0,1437000.0,3044000.0,880700.0,3023000.0,1105000.0,9914000.0,9604000.0,
1173000.0,820300.0,890500.0,4129000.0,1437000.0,3375000.0,555200.0,3028000.0,1095000.0,9914000.0,9604000.0,
1169000.0,818300.0,869900.0,4126000.0,1437000.0,3381000.0,564900.0,3052000.0,1055000.0,9914000.0,9624000.0,
1167000.0,820400.0,870200.0,4126000.0,1414000.0,3381000.0,571000.0,3060000.0,1041000.0,9964000.0,9646000.0,
1162000.0,824200.0,871500.0,4126000.0,1403000.0,3375000.0,571000.0,3076000.0,1026000.0,9964000.0,9664000.0,
1173000.0,819200.0,873400.0,4162000.0,1409000.0,3375000.0,578400.0,3079000.0,1045000.0,1.003E7,9615000.0,
1169000.0,822700.0,873900.0,4162000.0,1391000.0,3552000.0,401200.0,3174000.0,950000.0,1.013E7,9633000.0,
1210000.0,824400.0,874700.0,4162000.0,1401000.0,3548000.0,395200.0,3191000.0,1007000.0,1.005E7,9589000.0,
1262000.0,822900.0,876300.0,4161000.0,1371000.0,3548000.0,398600.0,3202000.0,1045000.0,9994000.0,9570000.0,
1256000.0,821900.0,877800.0,4161000.0,1364000.0,3549000.0,400800.0,3192000.0,1102000.0,9937000.0,9583000.0,
1245000.0,817800.0,879500.0,4171000.0,1363000.0,3537000.0,400800.0,3270000.0,1024000.0,1.004E7,9597000.0,
1239000.0,820500.0,882100.0,4171000.0,1368000.0,3538000.0,400800.0,3298000.0,990200.0,1.004E7,9597000.0,
1236000.0,818500.0,881900.0,4142000.0,1368000.0,3538000.0,424100.0,3290000.0,974500.0,1.004E7,9597000.0,
1234000.0,818800.0,883300.0,4142000.0,1398000.0,3507000.0,433600.0,3291000.0,1016000.0,1.003E7,9597000.0,
1221000.0,818700.0,884600.0,4150000.0,2865000.0,2027000.0,439600.0,3285000.0,1016000.0,1.008E7,9610000.0,
1214000.0,823700.0,886100.0,4150000.0,2872000.0,2028000.0,445100.0,3273000.0,1016000.0,1.013E7,9610000.0,
1197000.0,827900.0,886100.0,4163000.0,2882000.0,2022000.0,447300.0,3267000.0,1016000.0,1.018E7,9610000.0,
1196000.0,828300.0,887200.0,4157000.0,2851000.0,2023000.0,449200.0,3281000.0,993100.0,1.018E7,9646000.0,
1254000.0,827800.0,887800.0,4157000.0,2859000.0,2021000.0,443200.0,3292000.0,1046000.0,1.012E7,9588000.0,
1249000.0,831200.0,888600.0,4157000.0,2845000.0,2032000.0,449900.0,3275000.0,1046000.0,1.017E7,9601000.0,
1249000.0,828500.0,890600.0,4154000.0,2845000.0,2032000.0,466300.0,3270000.0,1034000.0,1.017E7,9601000.0,
1270000.0,832100.0,890900.0,4138000.0,2851000.0,2034000.0,464400.0,3288000.0,1065000.0,1.022E7,9576000.0,
1265000.0,830500.0,892100.0,4138000.0,2851000.0,2034000.0,464400.0,3308000.0,1120000.0,1.025E7,9576000.0,
1257000.0,828600.0,892600.0,4138000.0,2851000.0,2034000.0,464400.0,3326000.0,1102000.0,1.025E7,9576000.0,
1256000.0,828900.0,878800.0,4138000.0,2823000.0,2040000.0,458400.0,3337000.0,1091000.0,1.03E7,9618000.0,
1303000.0,826500.0,882300.0,4138000.0,2760000.0,2040000.0,2299000.0,1496000.0,1121000.0,1.032E7,9634000.0,
1320000.0,827200.0,883500.0,4138000.0,2672000.0,2040000.0,2299000.0,1496000.0,1164000.0,1.033E7,9698000.0,
1317000.0,829800.0,884100.0,4134000.0,2671000.0,2028000.0,2299000.0,1496000.0,1164000.0,1.038E7,9710000.0,
1312000.0,834200.0,884100.0,4119000.0,2624000.0,2034000.0,2311000.0,1484000.0,1158000.0,1.043E7,9758000.0,
1331000.0,833000.0,885300.0,4109000.0,2576000.0,2040000.0,2314000.0,1475000.0,1174000.0,1.041E7,9786000.0,
1327000.0,834300.0,887600.0,4103000.0,2412000.0,2034000.0,2314000.0,1512000.0,1138000.0,1.047E7,9957000.0,
1372000.0,833500.0,889600.0,4103000.0,2377000.0,2008000.0,2339000.0,1496000.0,1161000.0,1.043E7,9971000.0,
1369000.0,835000.0,891100.0,4093000.0,2336000.0,2008000.0,2339000.0,1507000.0,1150000.0,1.043E7,1.001E7,
1394000.0,833900.0,892200.0,4093000.0,2287000.0,2008000.0,2356000.0,1502000.0,1250000.0,1.032E7,1.004E7,
1435000.0,833700.0,894000.0,4088000.0,2589000.0,1707000.0,2356000.0,1502000.0,1260000.0,1.031E7,9993000.0,
1494000.0,834700.0,895100.0,4083000.0,2595000.0,1707000.0,2358000.0,1499000.0,1265000.0,1.03E7,9932000.0,
1516000.0,831600.0,899400.0,4083000.0,2600000.0,1701000.0,2358000.0,1499000.0,1335000.0,1.023E7,9909000.0,
1528000.0,835600.0,900100.0,4078000.0,2600000.0,1701000.0,2358000.0,1499000.0,1396000.0,1.017E7,9888000.0,
1562000.0,840000.0,900800.0,4073000.0,2528000.0,1689000.0,2364000.0,1493000.0,1484000.0,1.008E7,9933000.0,
1558000.0,843800.0,886300.0,4068000.0,3637000.0,524600.0,2358000.0,1499000.0,1478000.0,1.008E7,1.001E7,
1655000.0,848900.0,887500.0,4068000.0,3604000.0,500800.0,2351000.0,1499000.0,1575000.0,1.004E7,9970000.0,
1711000.0,848200.0,889400.0,4064000.0,3520000.0,500800.0,2337000.0,1499000.0,1740000.0,9870000.0,1.001E7,
1709000.0,849200.0,890900.0,4064000.0,3488000.0,506800.0,2331000.0,1521000.0,1719000.0,9969000.0,1.004E7,
1738000.0,854000.0,891100.0,4076000.0,3422000.0,508000.0,2325000.0,1521000.0,1777000.0,9960000.0,1.007E7,
1738000.0,853700.0,868300.0,4076000.0,3395000.0,520600.0,3273000.0,596000.0,1734000.0,9960000.0,1.012E7,
1767000.0,852500.0,869600.0,4071000.0,3378000.0,520600.0,3273000.0,596000.0,1832000.0,9912000.0,1.011E7,
1765000.0,854300.0,870300.0,4066000.0,3349000.0,526600.0,3267000.0,607300.0,1821000.0,9912000.0,1.014E7,
1759000.0,849900.0,870700.0,4066000.0,3315000.0,532700.0,3255000.0,628600.0,1799000.0,9912000.0,1.018E7,
1786000.0,848600.0,872300.0,4066000.0,3315000.0,538700.0,3249000.0,665900.0,1875000.0,9848000.0,1.015E7,
1798000.0,845400.0,874000.0,4066000.0,3286000.0,535600.0,3261000.0,662300.0,1886000.0,9827000.0,1.017E7,
1791000.0,846700.0,875200.0,4066000.0,3193000.0,517700.0,3259000.0,683900.0,1864000.0,9925000.0,1.029E7,
1774000.0,844900.0,875300.0,4093000.0,3176000.0,529800.0,3247000.0,741000.0,1840000.0,9942000.0,1.029E7,
1782000.0,847800.0,875600.0,4093000.0,3150000.0,525500.0,3240000.0,741000.0,1977000.0,9904000.0,1.031E7,
1782000.0,847800.0,875500.0,4088000.0,3133000.0,537600.0,3228000.0,751000.0,1966000.0,9904000.0,1.033E7,
1776000.0,848400.0,876000.0,4078000.0,3376000.0,289500.0,3215000.0,751000.0,1966000.0,9904000.0,1.035E7,
1775000.0,847500.0,877500.0,4078000.0,3363000.0,297600.0,3207000.0,797200.0,1920000.0,9904000.0,1.036E7,
1767000.0,845600.0,877800.0,4078000.0,3314000.0,285000.0,3207000.0,840200.0,1877000.0,9954000.0,1.042E7,
1796000.0,845000.0,878800.0,4078000.0,3276000.0,285000.0,3201000.0,853800.0,1898000.0,9919000.0,1.044E7,
1780000.0,847800.0,879400.0,4085000.0,3229000.0,291100.0,3201000.0,858600.0,1887000.0,1.002E7,1.049E7,
1791000.0,849200.0,880800.0,4095000.0,3229000.0,291100.0,3201000.0,867300.0,1906000.0,9991000.0,1.045E7,
1760000.0,851300.0,881200.0,4124000.0,3207000.0,297100.0,3195000.0,888100.0,1885000.0,9991000.0,1.047E7,
1776000.0,851500.0,881700.0,4124000.0,3159000.0,297100.0,3201000.0,882100.0,1943000.0,9933000.0,1.05E7,
1772000.0,854500.0,883100.0,4109000.0,3139000.0,303100.0,3201000.0,930000.0,1889000.0,9933000.0,1.052E7,
1767000.0,854600.0,882900.0,4104000.0,3189000.0,214700.0,3201000.0,935300.0,1878000.0,9933000.0,1.057E7,
1758000.0,856900.0,883200.0,4111000.0,3127000.0,691700.0,2718000.0,991800.0,1821000.0,9933000.0,1.064E7,
1747000.0,861000.0,884300.0,4111000.0,3133000.0,715800.0,2688000.0,1003000.0,1811000.0,9933000.0,1.064E7,
1787000.0,864800.0,884600.0,4106000.0,3133000.0,721800.0,2688000.0,996500.0,1835000.0,9908000.0,1.059E7,
1787000.0,865200.0,885000.0,4106000.0,3113000.0,733900.0,2676000.0,1010000.0,1822000.0,9958000.0,1.061E7,
1771000.0,867600.0,885200.0,4118000.0,3103000.0,736300.0,2664000.0,1010000.0,1822000.0,9958000.0,1.063E7,
1730000.0,865800.0,888000.0,4159000.0,3103000.0,760400.0,2639000.0,1030000.0,1802000.0,1.001E7,1.063E7,
1725000.0,865600.0,888500.0,4159000.0,3063000.0,760400.0,2656000.0,1061000.0,1755000.0,1.006E7,1.067E7,
1732000.0,862900.0,891100.0,4159000.0,3040000.0,787400.0,2637000.0,1078000.0,1749000.0,1.019E7,1.068E7,
1729000.0,864000.0,892900.0,4159000.0,2997000.0,787400.0,2637000.0,1078000.0,1749000.0,1.019E7,1.072E7,
1744000.0,866900.0,893900.0,4159000.0,2962000.0,793400.0,2631000.0,1089000.0,1784000.0,1.014E7,1.074E7,
1673000.0,866600.0,894600.0,4230000.0,2976000.0,785400.0,2625000.0,1131000.0,1742000.0,1.019E7,1.074E7,
1663000.0,869700.0,895600.0,4230000.0,2930000.0,783900.0,2633000.0,1143000.0,1722000.0,1.025E7,1.079E7,
1753000.0,874400.0,896200.0,4225000.0,2847000.0,783900.0,2633000.0,1256000.0,1803000.0,1.005E7,1.077E7,
1749000.0,878100.0,896200.0,4225000.0,2847000.0,789900.0,2627000.0,1256000.0,1803000.0,1.005E7,1.077E7,
1749000.0,876800.0,897900.0,4225000.0,2847000.0,793800.0,2652000.0,1258000.0,1773000.0,1.025E7,1.077E7,
1747000.0,878400.0,898300.0,4215000.0,2847000.0,799800.0,2661000.0,1265000.0,1751000.0,1.03E7,1.077E7,
1735000.0,882600.0,900900.0,4215000.0,2861000.0,1066000.0,2352000.0,1318000.0,1697000.0,1.036E7,1.08E7,
1735000.0,880500.0,903000.0,4215000.0,2848000.0,1072000.0,2352000.0,1346000.0,1663000.0,1.036E7,1.081E7,
1706000.0,888400.0,903000.0,4231000.0,2848000.0,2536000.0,897900.0,1358000.0,1642000.0,1.036E7,1.081E7,
1738000.0,889900.0,903000.0,4231000.0,2841000.0,2531000.0,906500.0,1363000.0,1780000.0,1.02E7,1.079E7,
1736000.0,891400.0,903800.0,4231000.0,2829000.0,2531000.0,906500.0,1363000.0,1780000.0,1.02E7,1.081E7,
1732000.0,895000.0,904000.0,4231000.0,2822000.0,2532000.0,899500.0,1374000.0,1769000.0,1.02E7,1.082E7,
1758000.0,897500.0,904700.0,4231000.0,2822000.0,2532000.0,899500.0,1403000.0,1860000.0,1.013E7,1.078E7,
1759000.0,903100.0,905300.0,4237000.0,2827000.0,2527000.0,899500.0,1432000.0,1907000.0,1.011E7,1.077E7,
1773000.0,907100.0,906700.0,4237000.0,2827000.0,2533000.0,903100.0,1467000.0,1922000.0,1.01E7,1.075E7,
1858000.0,907700.0,907800.0,4237000.0,2827000.0,2543000.0,892800.0,1507000.0,2012000.0,1.002E7,1.066E7,
1849000.0,913600.0,910700.0,4237000.0,2804000.0,2543000.0,899400.0,1517000.0,1996000.0,1.007E7,1.069E7,
1964000.0,912600.0,913200.0,4245000.0,2735000.0,2541000.0,908000.0,1521000.0,2355000.0,9797000.0,1.063E7,
1954000.0,922200.0,905900.0,4245000.0,2702000.0,2535000.0,906800.0,1568000.0,2303000.0,9846000.0,1.068E7,
1951000.0,924800.0,906300.0,4240000.0,2654000.0,2529000.0,917300.0,1652000.0,2209000.0,9945000.0,1.074E7,
1946000.0,927800.0,907500.0,4235000.0,2619000.0,2699000.0,754200.0,1702000.0,2152000.0,9945000.0,1.077E7,
1945000.0,928000.0,908300.0,4235000.0,3223000.0,2059000.0,746600.0,1713000.0,2141000.0,9994000.0,1.081E7,
1941000.0,929900.0,884900.0,4222000.0,3268000.0,2014000.0,746600.0,1713000.0,2141000.0,9994000.0,1.084E7,
1934000.0,931000.0,885900.0,4222000.0,3239000.0,2021000.0,740600.0,1726000.0,2128000.0,1.004E7,1.087E7,
1929000.0,934900.0,887300.0,4217000.0,3532000.0,1713000.0,740600.0,1726000.0,2128000.0,1.004E7,1.088E7,
1925000.0,937700.0,887800.0,4217000.0,3518000.0,1713000.0,746600.0,1733000.0,2116000.0,1.009E7,1.09E7,
1914000.0,943100.0,888500.0,4217000.0,3530000.0,1701000.0,746600.0,1759000.0,2090000.0,1.015E7,1.09E7,
1930000.0,946700.0,888200.0,4217000.0,3504000.0,1699000.0,746600.0,1773000.0,2179000.0,1.014E7,1.09E7,
1928000.0,948200.0,889000.0,4217000.0,3700000.0,1480000.0,746600.0,1803000.0,2149000.0,1.019E7,1.092E7,
1988000.0,949600.0,889500.0,4215000.0,3706000.0,1480000.0,740400.0,1818000.0,2217000.0,1.011E7,1.086E7,
1985000.0,951900.0,890400.0,4215000.0,3683000.0,1486000.0,734000.0,1830000.0,2205000.0,1.011E7,1.088E7,
1947000.0,950000.0,891600.0,4249000.0,3653000.0,1486000.0,734000.0,1870000.0,2165000.0,1.016E7,1.091E7,
1944000.0,950900.0,893500.0,4249000.0,3644000.0,1480000.0,734000.0,1926000.0,2109000.0,1.016E7,1.093E7,
1934000.0,955400.0,881700.0,4244000.0,3655000.0,1469000.0,793600.0,1885000.0,2090000.0,1.021E7,1.094E7,
1893000.0,953900.0,883200.0,4284000.0,3642000.0,1483000.0,788400.0,1983000.0,1985000.0,1.021E7,1.095E7,
1919000.0,958700.0,861600.0,4284000.0,3642000.0,1483000.0,803700.0,1968000.0,2043000.0,1.02E7,1.094E7,
1914000.0,963300.0,861900.0,4280000.0,3627000.0,1483000.0,803700.0,1978000.0,2032000.0,1.02E7,1.096E7,
1948000.0,964900.0,861700.0,4290000.0,3627000.0,1483000.0,803700.0,1984000.0,2126000.0,1.01E7,1.09E7,
2009000.0,970500.0,861700.0,4265000.0,3633000.0,1477000.0,803700.0,1995000.0,2346000.0,9923000.0,1.083E7,
2004000.0,974100.0,862400.0,4245000.0,3633000.0,1477000.0,803700.0,2028000.0,2313000.0,9923000.0,1.083E7,
2004000.0,973800.0,863400.0,4235000.0,3585000.0,1477000.0,803700.0,2050000.0,2291000.0,9923000.0,1.088E7,
2066000.0,977700.0,864300.0,4235000.0,3585000.0,1483000.0,821800.0,2037000.0,2350000.0,9902000.0,1.081E7,
2066000.0,978000.0,864300.0,4215000.0,3560000.0,1489000.0,815800.0,2056000.0,2331000.0,9902000.0,1.083E7,
2091000.0,980200.0,866100.0,4215000.0,3544000.0,1511000.0,1090000.0,1786000.0,2421000.0,9884000.0,1.082E7,
2091000.0,980200.0,866100.0,4215000.0,3551000.0,1485000.0,1096000.0,1790000.0,2411000.0,9934000.0,1.084E7,
2089000.0,982000.0,865700.0,4211000.0,3518000.0,1872000.0,717300.0,1846000.0,2347000.0,9934000.0,1.087E7,
2089000.0,982300.0,866000.0,4211000.0,3480000.0,1879000.0,710300.0,1916000.0,2277000.0,9934000.0,1.091E7,
2129000.0,979100.0,871300.0,4211000.0,3423000.0,1874000.0,722400.0,1928000.0,2280000.0,9956000.0,1.093E7,
2114000.0,978300.0,871300.0,4222000.0,3410000.0,1874000.0,1439000.0,1222000.0,2269000.0,9956000.0,1.094E7,
2114000.0,978300.0,871300.0,4222000.0,3350000.0,1874000.0,1439000.0,1367000.0,2123000.0,1.011E7,1.1E7,
2111000.0,980600.0,872000.0,4222000.0,3281000.0,1874000.0,1445000.0,1411000.0,2074000.0,1.011E7,1.107E7,
2111000.0,978100.0,874500.0,4222000.0,3222000.0,1874000.0,1451000.0,1452000.0,2027000.0,1.016E7,1.113E7,
2103000.0,974900.0,875800.0,4217000.0,3147000.0,1874000.0,1464000.0,1526000.0,1941000.0,1.016E7,1.121E7,
2097000.0,979800.0,876800.0,4212000.0,3147000.0,1874000.0,1470000.0,1545000.0,1915000.0,1.016E7,1.121E7,
2128000.0,982300.0,878000.0,4218000.0,3076000.0,1862000.0,1506000.0,1524000.0,1963000.0,1.009E7,1.124E7,
2201000.0,983500.0,879100.0,4229000.0,3054000.0,1868000.0,1500000.0,1595000.0,2061000.0,9926000.0,1.118E7,
2209000.0,983600.0,880000.0,4241000.0,3038000.0,1852000.0,1528000.0,1580000.0,2235000.0,9730000.0,1.118E7,
2203000.0,988200.0,881700.0,4241000.0,2995000.0,1829000.0,1534000.0,1584000.0,2225000.0,9827000.0,1.125E7,
2160000.0,989400.0,883100.0,4267000.0,2877000.0,1829000.0,1534000.0,1609000.0,2199000.0,9827000.0,1.137E7,
2176000.0,994100.0,882900.0,4253000.0,2823000.0,1829000.0,1542000.0,1666000.0,2156000.0,9903000.0,1.14E7,
2212000.0,998400.0,883100.0,4239000.0,2806000.0,1835000.0,1536000.0,1710000.0,2270000.0,9795000.0,1.137E7,
2258000.0,999900.0,884500.0,4239000.0,2795000.0,1823000.0,1542000.0,1726000.0,2334000.0,9709000.0,1.134E7,
2294000.0,1002000.0,885800.0,4234000.0,2729000.0,1823000.0,1542000.0,1830000.0,2337000.0,9650000.0,1.137E7,
2331000.0,1005000.0,886800.0,4229000.0,2671000.0,1800000.0,1559000.0,1825000.0,2475000.0,9500000.0,1.141E7,
2336000.0,1013000.0,887500.0,4229000.0,2574000.0,1800000.0,1568000.0,1821000.0,2469000.0,9500000.0,1.149E7,
2387000.0,1019000.0,888800.0,4229000.0,3843000.0,506500.0,1568000.0,1910000.0,2374000.0,9547000.0,1.145E7,
2403000.0,1018000.0,890200.0,4229000.0,3805000.0,518600.0,1573000.0,1907000.0,2360000.0,9547000.0,1.147E7,
2422000.0,1019000.0,892000.0,4229000.0,3727000.0,1259000.0,838100.0,1901000.0,2360000.0,9547000.0,1.153E7,
2409000.0,1022000.0,891400.0,4233000.0,3688000.0,1268000.0,828800.0,1934000.0,2328000.0,9547000.0,1.157E7,
2395000.0,1030000.0,892300.0,4233000.0,3673000.0,1282000.0,815200.0,1938000.0,2317000.0,9595000.0,1.159E7,
2394000.0,1031000.0,892900.0,4233000.0,3680000.0,1288000.0,830500.0,1911000.0,2317000.0,9643000.0,1.159E7,
2410000.0,1033000.0,893200.0,4233000.0,3657000.0,1288000.0,842600.0,1916000.0,2348000.0,9643000.0,1.159E7,
2395000.0,1037000.0,894100.0,4271000.0,3613000.0,1288000.0,863200.0,1895000.0,2427000.0,9564000.0,1.159E7,
2440000.0,1037000.0,895800.0,4271000.0,3535000.0,1288000.0,863200.0,1998000.0,2324000.0,9564000.0,1.162E7,
2436000.0,1039000.0,896500.0,4267000.0,3488000.0,1589000.0,562400.0,2014000.0,2308000.0,9564000.0,1.167E7,
2431000.0,1043000.0,897100.0,4262000.0,3463000.0,1589000.0,580800.0,2072000.0,2232000.0,9564000.0,1.169E7,
2428000.0,1044000.0,899000.0,4247000.0,3361000.0,1595000.0,1030000.0,1623000.0,2226000.0,9564000.0,1.179E7,
2436000.0,1046000.0,900100.0,4276000.0,3367000.0,1601000.0,1024000.0,1617000.0,2226000.0,9564000.0,1.175E7,
2422000.0,1049000.0,900400.0,4287000.0,3332000.0,1594000.0,1045000.0,1595000.0,2226000.0,9612000.0,1.179E7,
2371000.0,1051000.0,899900.0,4332000.0,3332000.0,1605000.0,1034000.0,1606000.0,2215000.0,9708000.0,1.179E7,
2351000.0,1048000.0,899900.0,4345000.0,3309000.0,1610000.0,1036000.0,1660000.0,2155000.0,9757000.0,1.182E7,
2346000.0,1047000.0,902100.0,4345000.0,3309000.0,1610000.0,1036000.0,1707000.0,2108000.0,9757000.0,1.182E7,
2343000.0,1048000.0,903600.0,4345000.0,3287000.0,1610000.0,1038000.0,1767000.0,2040000.0,9757000.0,1.184E7,
2341000.0,1048000.0,904700.0,4330000.0,3271000.0,1605000.0,1032000.0,1829000.0,1978000.0,9806000.0,1.187E7,
2400000.0,1052000.0,905500.0,4330000.0,3257000.0,1605000.0,1032000.0,1841000.0,2126000.0,9646000.0,1.182E7,
2387000.0,1048000.0,906800.0,4329000.0,3240000.0,1605000.0,1041000.0,1861000.0,2096000.0,9646000.0,1.183E7,
2378000.0,1056000.0,908600.0,4319000.0,3252000.0,1593000.0,1041000.0,1861000.0,2096000.0,9646000.0,1.183E7,
2372000.0,1060000.0,909400.0,4319000.0,3238000.0,1615000.0,1030000.0,1881000.0,2066000.0,9646000.0,1.185E7,
2364000.0,1067000.0,909200.0,4301000.0,3226000.0,1615000.0,1030000.0,1900000.0,2047000.0,9743000.0,1.186E7,
2319000.0,1072000.0,911200.0,4339000.0,3204000.0,1621000.0,1024000.0,1972000.0,1974000.0,9791000.0,1.188E7,
2377000.0,1072000.0,912200.0,4351000.0,3204000.0,1627000.0,1026000.0,1981000.0,2011000.0,9737000.0,1.181E7,
2371000.0,1071000.0,913600.0,4342000.0,3225000.0,1607000.0,1036000.0,2019000.0,1963000.0,9737000.0,1.181E7,
2412000.0,1074000.0,915400.0,4337000.0,3147000.0,1607000.0,1036000.0,2051000.0,2203000.0,9465000.0,1.184E7,
2432000.0,1082000.0,917000.0,4337000.0,3147000.0,1607000.0,1036000.0,2085000.0,2169000.0,9465000.0,1.181E7,
2451000.0,1084000.0,918800.0,4312000.0,3153000.0,1613000.0,1024000.0,2113000.0,2141000.0,9465000.0,1.178E7,
2496000.0,1090000.0,920300.0,4307000.0,3152000.0,1620000.0,1017000.0,2147000.0,2107000.0,9560000.0,1.173E7,
2478000.0,1094000.0,920300.0,4312000.0,3152000.0,1626000.0,1011000.0,2147000.0,2107000.0,9560000.0,1.173E7,
2469000.0,1102000.0,920600.0,4312000.0,3127000.0,1612000.0,1021000.0,2196000.0,2049000.0,9560000.0,1.177E7,
2463000.0,1102000.0,922700.0,4311000.0,3139000.0,1615000.0,1006000.0,2212000.0,2033000.0,9607000.0,1.177E7,
2382000.0,1103000.0,923900.0,4389000.0,3103000.0,1620000.0,1012000.0,2309000.0,1924000.0,9607000.0,1.181E7,
2329000.0,1106000.0,924600.0,4428000.0,3008000.0,1632000.0,1006000.0,2322000.0,1906000.0,9656000.0,1.19E7,
2294000.0,1112000.0,902700.0,4453000.0,3008000.0,1632000.0,1006000.0,2467000.0,1760000.0,9801000.0,1.192E7,
2258000.0,1114000.0,903700.0,4476000.0,2983000.0,1639000.0,999100.0,2491000.0,1736000.0,9801000.0,1.195E7,
2206000.0,1116000.0,878900.0,4548000.0,2983000.0,1639000.0,999100.0,2497000.0,1806000.0,9725000.0,1.194E7,
2202000.0,1120000.0,878900.0,4528000.0,2983000.0,1645000.0,992700.0,2614000.0,1689000.0,9773000.0,1.194E7,
2245000.0,1120000.0,880800.0,4513000.0,2983000.0,1655000.0,993000.0,2649000.0,1690000.0,9825000.0,1.189E7,
2241000.0,1122000.0,882400.0,4498000.0,2958000.0,1655000.0,993000.0,2702000.0,1638000.0,9825000.0,1.191E7,
2271000.0,1123000.0,883800.0,4494000.0,2951000.0,1641000.0,993000.0,2787000.0,1606000.0,9869000.0,1.19E7,
2239000.0,1127000.0,886100.0,4504000.0,2939000.0,1641000.0,993000.0,2839000.0,1553000.0,9919000.0,1.191E7,
2185000.0,1125000.0,888400.0,4544000.0,2945000.0,1648000.0,980000.0,2839000.0,1553000.0,9919000.0,1.191E7,
2176000.0,1132000.0,890300.0,4539000.0,2922000.0,1643000.0,980000.0,2839000.0,1553000.0,9919000.0,1.194E7,
2170000.0,1135000.0,892600.0,4528000.0,2904000.0,1650000.0,973600.0,2881000.0,1512000.0,9968000.0,1.196E7,
2169000.0,1136000.0,880000.0,4528000.0,2904000.0,1650000.0,985600.0,2894000.0,1487000.0,1.002E7,1.197E7,
2169000.0,1134000.0,882100.0,4528000.0,2887000.0,1650000.0,985600.0,2920000.0,1460000.0,1.002E7,1.199E7,
2168000.0,1135000.0,883000.0,4528000.0,2833000.0,1650000.0,985600.0,2926000.0,1454000.0,1.007E7,1.204E7,
2217000.0,1135000.0,883200.0,4528000.0,2820000.0,1656000.0,979100.0,2954000.0,1463000.0,1.008E7,1.2E7,
2292000.0,1139000.0,884200.0,4524000.0,2820000.0,1656000.0,979100.0,3039000.0,1538000.0,9922000.0,1.192E7,
2289000.0,1131000.0,884500.0,4508000.0,2793000.0,1662000.0,983900.0,3045000.0,1521000.0,9972000.0,1.195E7,
2280000.0,1133000.0,885700.0,4500000.0,2793000.0,1662000.0,995900.0,3044000.0,1509000.0,9972000.0,1.195E7,
2274000.0,1133000.0,886500.0,4485000.0,2793000.0,1649000.0,995900.0,3070000.0,1483000.0,9972000.0,1.196E7,
2251000.0,1138000.0,887600.0,4491000.0,2755000.0,1649000.0,995900.0,3106000.0,1447000.0,9972000.0,1.2E7,
2243000.0,1139000.0,889800.0,4487000.0,3192000.0,1201000.0,988800.0,3142000.0,1411000.0,9972000.0,1.202E7,
2258000.0,1134000.0,891400.0,4482000.0,3155000.0,1201000.0,988800.0,3154000.0,1418000.0,9953000.0,1.204E7,
2247000.0,1138000.0,892900.0,4462000.0,3155000.0,1201000.0,993600.0,3149000.0,1418000.0,1.0E7,1.204E7,
2245000.0,1141000.0,892900.0,4462000.0,3141000.0,1836000.0,359100.0,3170000.0,1397000.0,1.01E7,1.205E7,
2242000.0,1142000.0,894000.0,4447000.0,3119000.0,1836000.0,364000.0,3192000.0,1370000.0,1.015E7,1.207E7,
2202000.0,1148000.0,895800.0,4450000.0,3131000.0,1824000.0,364000.0,3214000.0,1348000.0,1.02E7,1.207E7,
2121000.0,1154000.0,880500.0,4514000.0,3131000.0,1824000.0,385400.0,3192000.0,1348000.0,1.02E7,1.21E7,
2137000.0,1160000.0,882400.0,4514000.0,3131000.0,1824000.0,395700.0,3220000.0,1392000.0,1.012E7,1.207E7,
2171000.0,1152000.0,885700.0,4521000.0,3131000.0,1824000.0,400500.0,3231000.0,1389000.0,1.011E7,1.202E7,
2144000.0,1147000.0,889200.0,4523000.0,3117000.0,1816000.0,429100.0,3203000.0,1389000.0,1.011E7,1.206E7,
2167000.0,1148000.0,879500.0,4518000.0,3103000.0,1808000.0,445200.0,3187000.0,1466000.0,1.003E7,1.207E7,
2186000.0,1154000.0,880300.0,4493000.0,3103000.0,1808000.0,445200.0,3209000.0,1547000.0,9929000.0,1.204E7,
2179000.0,1154000.0,881300.0,4483000.0,3087000.0,1800000.0,458000.0,3232000.0,1511000.0,9978000.0,1.206E7,
2148000.0,1157000.0,882300.0,4473000.0,3087000.0,1800000.0,466100.0,3238000.0,1497000.0,9978000.0,1.208E7,
2194000.0,1160000.0,883500.0,4473000.0,3045000.0,1789000.0,466100.0,3251000.0,1515000.0,9948000.0,1.207E7,
2180000.0,1159000.0,883500.0,4473000.0,3026000.0,1789000.0,478200.0,3267000.0,1486000.0,9998000.0,1.209E7,
2151000.0,1162000.0,884500.0,4492000.0,3026000.0,1789000.0,478200.0,3281000.0,1472000.0,1.005E7,1.209E7,
2138000.0,1158000.0,885900.0,4498000.0,3018000.0,1849000.0,413200.0,3281000.0,1472000.0,1.005E7,1.211E7,
2162000.0,1160000.0,891000.0,4498000.0,2999000.0,1849000.0,430800.0,3284000.0,1481000.0,1.002E7,1.209E7,
2176000.0,1161000.0,893600.0,4498000.0,2957000.0,1849000.0,1641000.0,2088000.0,1490000.0,1.01E7,1.212E7,
2174000.0,1159000.0,897900.0,4493000.0,2962000.0,1849000.0,1637000.0,2101000.0,1476000.0,1.01E7,1.212E7,
2197000.0,1163000.0,898800.0,4493000.0,2914000.0,1854000.0,1646000.0,2104000.0,1482000.0,1.007E7,1.214E7,
2182000.0,1165000.0,901700.0,4503000.0,2896000.0,1854000.0,1640000.0,2104000.0,1482000.0,1.007E7,1.216E7,
2177000.0,1166000.0,903000.0,4501000.0,2883000.0,1858000.0,1641000.0,2129000.0,1445000.0,1.007E7,1.218E7,
2165000.0,1167000.0,903400.0,4497000.0,2883000.0,1858000.0,1653000.0,2123000.0,1439000.0,1.012E7,1.218E7,
2162000.0,1168000.0,905500.0,4497000.0,2889000.0,1852000.0,1659000.0,2127000.0,1429000.0,1.012E7,1.218E7,
2156000.0,1168000.0,906600.0,4487000.0,2894000.0,1854000.0,1658000.0,2183000.0,1367000.0,1.017E7,1.218E7,
2195000.0,1175000.0,908100.0,4481000.0,2894000.0,1872000.0,2110000.0,1728000.0,1382000.0,1.02E7,1.212E7,
2184000.0,1184000.0,910400.0,4481000.0,2877000.0,1860000.0,2104000.0,1738000.0,1371000.0,1.02E7,1.215E7,
2181000.0,1184000.0,913100.0,4481000.0,2855000.0,1854000.0,2115000.0,1787000.0,1311000.0,1.02E7,1.218E7,
2179000.0,1184000.0,915300.0,4481000.0,2872000.0,1845000.0,2102000.0,1811000.0,1281000.0,1.02E7,1.219E7,
2176000.0,1186000.0,915800.0,4481000.0,2859000.0,1851000.0,2096000.0,1816000.0,1270000.0,1.02E7,1.221E7,
2172000.0,1189000.0,915800.0,4481000.0,3594000.0,1125000.0,2111000.0,1802000.0,1260000.0,1.025E7,1.221E7,
2170000.0,1192000.0,916500.0,4476000.0,3576000.0,1118000.0,2111000.0,1829000.0,1233000.0,1.03E7,1.224E7,
2171000.0,1200000.0,918000.0,4471000.0,3558000.0,1113000.0,2109000.0,1857000.0,1219000.0,1.033E7,1.225E7,
2186000.0,1210000.0,919000.0,4471000.0,3565000.0,1119000.0,2095000.0,1857000.0,1323000.0,1.033E7,1.223E7,
2155000.0,1206000.0,920600.0,4489000.0,3545000.0,1131000.0,2089000.0,1887000.0,1287000.0,1.033E7,1.225E7,
2152000.0,1207000.0,921200.0,4539000.0,3525000.0,1131000.0,2089000.0,1924000.0,1430000.0,1.015E7,1.222E7,
2145000.0,1207000.0,922900.0,4539000.0,3525000.0,1143000.0,2087000.0,1946000.0,1397000.0,1.02E7,1.222E7,
2135000.0,1212000.0,924400.0,4537000.0,3517000.0,1144000.0,3117000.0,929800.0,1377000.0,1.02E7,1.223E7,
2135000.0,1211000.0,924900.0,4537000.0,3516000.0,1156000.0,3104000.0,929100.0,1376000.0,1.02E7,1.223E7,
2140000.0,1217000.0,924900.0,4537000.0,3482000.0,1156000.0,3113000.0,954900.0,1373000.0,1.022E7,1.225E7,
2104000.0,1224000.0,925200.0,4566000.0,3448000.0,1156000.0,3113000.0,988900.0,1339000.0,1.022E7,1.228E7,
2102000.0,1222000.0,928900.0,4566000.0,3424000.0,1156000.0,3113000.0,1060000.0,1267000.0,1.022E7,1.23E7,
2117000.0,1224000.0,930700.0,4562000.0,3424000.0,1168000.0,3106000.0,1120000.0,1238000.0,1.018E7,1.228E7,
2170000.0,1225000.0,931400.0,4557000.0,3400000.0,1174000.0,3100000.0,1130000.0,1239000.0,1.017E7,1.225E7,
2167000.0,1226000.0,932600.0,4552000.0,3377000.0,2589000.0,1685000.0,1177000.0,1193000.0,1.017E7,1.228E7,
2165000.0,1227000.0,934600.0,4552000.0,3349000.0,2596000.0,1685000.0,1192000.0,1171000.0,1.017E7,1.23E7,
2118000.0,1236000.0,936200.0,4583000.0,3337000.0,2590000.0,1685000.0,1246000.0,1117000.0,1.017E7,1.232E7,
2151000.0,1235000.0,938700.0,4593000.0,3329000.0,2584000.0,1690000.0,1248000.0,1170000.0,1.011E7,1.229E7,
2142000.0,1233000.0,941500.0,4592000.0,3329000.0,2590000.0,1684000.0,1295000.0,1123000.0,1.011E7,1.229E7,
2150000.0,1240000.0,941500.0,4598000.0,3329000.0,2590000.0,1684000.0,1295000.0,1274000.0,1.006E7,1.227E7,
2122000.0,1243000.0,941700.0,4636000.0,3290000.0,2590000.0,1684000.0,1295000.0,1291000.0,1.015E7,1.23E7,
2077000.0,1245000.0,943900.0,4677000.0,3281000.0,2585000.0,1674000.0,1295000.0,1291000.0,1.015E7,1.232E7,
2072000.0,1248000.0,945700.0,4677000.0,3242000.0,2598000.0,1661000.0,1301000.0,1279000.0,1.02E7,1.236E7,
2055000.0,1248000.0,947800.0,4692000.0,3197000.0,2598000.0,1661000.0,1317000.0,1263000.0,1.02E7,1.241E7,
1921000.0,1246000.0,949800.0,4806000.0,3182000.0,2598000.0,1682000.0,1306000.0,1253000.0,1.02E7,1.242E7,
1918000.0,1250000.0,949800.0,4806000.0,3182000.0,2598000.0,1682000.0,1318000.0,1241000.0,1.025E7,1.242E7,
1898000.0,1249000.0,953800.0,4832000.0,3182000.0,2604000.0,1692000.0,1315000.0,1356000.0,1.022E7,1.241E7,
1939000.0,1249000.0,954600.0,4832000.0,3144000.0,2615000.0,1680000.0,1309000.0,1377000.0,1.025E7,1.241E7,
2001000.0,1257000.0,955100.0,4838000.0,3129000.0,2615000.0,1680000.0,1345000.0,1489000.0,1.01E7,1.235E7,
2083000.0,1253000.0,956900.0,4829000.0,3112000.0,2616000.0,1684000.0,1335000.0,1567000.0,1.003E7,1.228E7,
2070000.0,1252000.0,959000.0,4805000.0,3096000.0,2623000.0,1676000.0,1335000.0,1567000.0,1.003E7,1.23E7,
2069000.0,1250000.0,961400.0,4825000.0,3096000.0,2629000.0,1670000.0,1346000.0,1589000.0,1.004E7,1.227E7,
2085000.0,1250000.0,963200.0,4800000.0,3081000.0,2629000.0,1670000.0,1370000.0,1655000.0,1.0E7,1.226E7,
2066000.0,1256000.0,964900.0,4797000.0,3070000.0,2629000.0,1667000.0,1392000.0,1633000.0,1.0E7,1.228E7,
2086000.0,1258000.0,966100.0,4757000.0,3070000.0,2635000.0,1661000.0,1392000.0,1806000.0,9829000.0,1.225E7,
2083000.0,1255000.0,967900.0,4742000.0,3076000.0,2629000.0,1661000.0,1392000.0,1806000.0,9829000.0,1.225E7,
2028000.0,1253000.0,969300.0,4796000.0,4923000.0,793700.0,1659000.0,1382000.0,1861000.0,9823000.0,1.222E7,
2065000.0,1249000.0,967300.0,4776000.0,4916000.0,788500.0,1659000.0,1405000.0,1904000.0,9757000.0,1.219E7,
2062000.0,1248000.0,966400.0,4756000.0,4940000.0,764400.0,1659000.0,1418000.0,1891000.0,9757000.0,1.219E7,
2094000.0,1248000.0,967800.0,4756000.0,4952000.0,752300.0,1668000.0,1428000.0,1950000.0,9727000.0,1.216E7,
2126000.0,1250000.0,969100.0,4791000.0,4947000.0,735100.0,1668000.0,1476000.0,1968000.0,9661000.0,1.21E7,
2112000.0,1249000.0,970100.0,4790000.0,4925000.0,717000.0,1680000.0,1476000.0,1956000.0,9661000.0,1.214E7,
2103000.0,1252000.0,971400.0,4775000.0,4925000.0,717000.0,1692000.0,1495000.0,1925000.0,9661000.0,1.214E7,
2131000.0,1250000.0,974600.0,4766000.0,4925000.0,717000.0,1706000.0,1520000.0,1945000.0,9602000.0,1.211E7,
2094000.0,1249000.0,977600.0,4801000.0,4902000.0,723100.0,1706000.0,1514000.0,1945000.0,9602000.0,1.214E7,
2094000.0,1248000.0,979000.0,4786000.0,4902000.0,723000.0,1712000.0,1514000.0,1939000.0,9698000.0,1.214E7,
2086000.0,1252000.0,982500.0,4776000.0,4880000.0,733200.0,1702000.0,1539000.0,1914000.0,9698000.0,1.216E7,
2096000.0,1253000.0,984400.0,4766000.0,4757000.0,738400.0,1703000.0,1533000.0,2001000.0,9659000.0,1.227E7,
2094000.0,1253000.0,986100.0,4766000.0,4741000.0,738400.0,1703000.0,1546000.0,1988000.0,9707000.0,1.229E7,
2092000.0,1253000.0,987400.0,4766000.0,4703000.0,738400.0,1703000.0,1546000.0,1988000.0,9707000.0,1.232E7,
2089000.0,1256000.0,987800.0,4761000.0,4651000.0,738400.0,1703000.0,1581000.0,1953000.0,9756000.0,1.238E7,
2128000.0,1253000.0,990000.0,4757000.0,4563000.0,738400.0,1703000.0,1612000.0,1968000.0,9759000.0,1.242E7,
2181000.0,1253000.0,990000.0,4737000.0,4521000.0,744400.0,1715000.0,1593000.0,2025000.0,9751000.0,1.241E7,
2250000.0,1261000.0,991300.0,4732000.0,4508000.0,750400.0,1709000.0,1593000.0,2272000.0,9599000.0,1.234E7,
2297000.0,1260000.0,992700.0,4732000.0,4508000.0,750400.0,1709000.0,1603000.0,2262000.0,9647000.0,1.229E7,
2265000.0,1257000.0,995400.0,4748000.0,4478000.0,1871000.0,598600.0,1612000.0,2243000.0,9647000.0,1.232E7,
2280000.0,1259000.0,996000.0,4772000.0,4478000.0,1871000.0,598600.0,1638000.0,2282000.0,9583000.0,1.228E7,
2320000.0,1258000.0,997900.0,4753000.0,4441000.0,1871000.0,618600.0,1712000.0,2245000.0,9573000.0,1.228E7,
2320000.0,1255000.0,1000000.0,4735000.0,4440000.0,1875000.0,613500.0,1723000.0,2234000.0,9621000.0,1.228E7,
2317000.0,1253000.0,1002000.0,4724000.0,4439000.0,1881000.0,607100.0,1743000.0,2214000.0,9621000.0,1.228E7,
2311000.0,1256000.0,1004000.0,4711000.0,4439000.0,1881000.0,614500.0,1749000.0,2200000.0,9621000.0,1.228E7,
2327000.0,1251000.0,1004000.0,4711000.0,4415000.0,1881000.0,614500.0,1761000.0,2243000.0,9566000.0,1.228E7,
2331000.0,1246000.0,1009000.0,4713000.0,4390000.0,1881000.0,614500.0,1788000.0,2217000.0,9566000.0,1.23E7,
2326000.0,1245000.0,1011000.0,4713000.0,4390000.0,1881000.0,614500.0,1819000.0,2185000.0,9566000.0,1.23E7,
2386000.0,1252000.0,1013000.0,4713000.0,4390000.0,1881000.0,614500.0,1879000.0,2126000.0,9613000.0,1.223E7,
2377000.0,1259000.0,1015000.0,4713000.0,4381000.0,1876000.0,614500.0,1916000.0,2089000.0,9661000.0,1.224E7,
2363000.0,1257000.0,1017000.0,4729000.0,4357000.0,1876000.0,631800.0,1918000.0,2173000.0,9606000.0,1.225E7,
2408000.0,1251000.0,1019000.0,4729000.0,4357000.0,1889000.0,628800.0,1994000.0,2138000.0,9603000.0,1.221E7,
2422000.0,1250000.0,1020000.0,4716000.0,4368000.0,1888000.0,616400.0,2030000.0,2170000.0,9536000.0,1.219E7,
2434000.0,1247000.0,1023000.0,4716000.0,4493000.0,1758000.0,610400.0,2064000.0,2135000.0,9584000.0,1.218E7,
2483000.0,1249000.0,1024000.0,4716000.0,4477000.0,1939000.0,427600.0,2096000.0,2216000.0,9509000.0,1.215E7,
2489000.0,1248000.0,1026000.0,4716000.0,4415000.0,1933000.0,427600.0,2156000.0,2156000.0,9509000.0,1.22E7,
2477000.0,1247000.0,1028000.0,4716000.0,4362000.0,1933000.0,427600.0,2204000.0,2108000.0,9509000.0,1.226E7,
2473000.0,1247000.0,1027000.0,4716000.0,4336000.0,1921000.0,440100.0,2246000.0,2053000.0,9509000.0,1.23E7,
2495000.0,1244000.0,1031000.0,4716000.0,4306000.0,1915000.0,450500.0,2257000.0,2130000.0,9555000.0,1.231E7,
2510000.0,1244000.0,1032000.0,4701000.0,4237000.0,1921000.0,444500.0,2267000.0,2120000.0,9555000.0,1.236E7,
2465000.0,1243000.0,1034000.0,4741000.0,4197000.0,1921000.0,444500.0,2412000.0,1975000.0,9555000.0,1.24E7,
2459000.0,1244000.0,1034000.0,4741000.0,4179000.0,1929000.0,436100.0,2433000.0,1954000.0,9555000.0,1.241E7,
2459000.0,1243000.0,1036000.0,4741000.0,4166000.0,1937000.0,428100.0,2482000.0,1906000.0,9555000.0,1.243E7,
2538000.0,1243000.0,1035000.0,4740000.0,4147000.0,1931000.0,428100.0,2501000.0,1886000.0,9555000.0,1.237E7,
2564000.0,1243000.0,1036000.0,4740000.0,4147000.0,1931000.0,428100.0,2539000.0,1848000.0,9602000.0,1.233E7,
2552000.0,1248000.0,1037000.0,4740000.0,4089000.0,1931000.0,428100.0,2545000.0,1842000.0,9602000.0,1.239E7,
2591000.0,1243000.0,1042000.0,4741000.0,4014000.0,1931000.0,442100.0,2543000.0,1932000.0,9501000.0,1.241E7,
2574000.0,1246000.0,1042000.0,4756000.0,3996000.0,1925000.0,442100.0,2578000.0,1897000.0,9501000.0,1.243E7,
2578000.0,1246000.0,1045000.0,4748000.0,3954000.0,1931000.0,454000.0,2607000.0,1849000.0,9501000.0,1.246E7,
2629000.0,1246000.0,1045000.0,4748000.0,3907000.0,1931000.0,460100.0,2632000.0,1818000.0,9501000.0,1.245E7,
2591000.0,1244000.0,1048000.0,4795000.0,3885000.0,1931000.0,460100.0,2632000.0,1818000.0,9548000.0,1.247E7,
2584000.0,1250000.0,1049000.0,4795000.0,3869000.0,1930000.0,457200.0,2627000.0,1818000.0,9548000.0,1.249E7,
2597000.0,1250000.0,1053000.0,4795000.0,3847000.0,1930000.0,457200.0,2664000.0,1781000.0,9596000.0,1.25E7,
2576000.0,1245000.0,1030000.0,4804000.0,3828000.0,1930000.0,457200.0,2683000.0,1762000.0,9644000.0,1.254E7,
2558000.0,1245000.0,1033000.0,4804000.0,3810000.0,1954000.0,438500.0,2738000.0,1702000.0,9644000.0,1.256E7,
2555000.0,1242000.0,1026000.0,4770000.0,3789000.0,1960000.0,432500.0,2764000.0,1676000.0,9692000.0,1.259E7,
2559000.0,1243000.0,1026000.0,4770000.0,3750000.0,1960000.0,432500.0,2780000.0,1703000.0,9794000.0,1.261E7,
2590000.0,1242000.0,1027000.0,4751000.0,3750000.0,1965000.0,426400.0,2790000.0,1746000.0,9790000.0,1.257E7,
2579000.0,1252000.0,1028000.0,4741000.0,3724000.0,1966000.0,424600.0,2793000.0,1732000.0,9889000.0,1.261E7,
2568000.0,1255000.0,1031000.0,4736000.0,4019000.0,1631000.0,424600.0,2833000.0,1693000.0,9889000.0,1.265E7,
2607000.0,1255000.0,1034000.0,4743000.0,4006000.0,1605000.0,435200.0,2828000.0,1822000.0,9747000.0,1.264E7,
2536000.0,1248000.0,1035000.0,4800000.0,3938000.0,1599000.0,447300.0,2843000.0,1795000.0,9747000.0,1.272E7,
2543000.0,1256000.0,1035000.0,4800000.0,3876000.0,1593000.0,453300.0,2837000.0,1832000.0,9711000.0,1.277E7,
2622000.0,1260000.0,1037000.0,4800000.0,3861000.0,1593000.0,1653000.0,1729000.0,1866000.0,9585000.0,1.27E7,
2613000.0,1264000.0,1037000.0,4800000.0,4902000.0,532700.0,1711000.0,1733000.0,1803000.0,9681000.0,1.272E7,
2595000.0,1267000.0,1037000.0,4795000.0,4848000.0,513100.0,1710000.0,1767000.0,1770000.0,9729000.0,1.279E7,
2590000.0,1263000.0,1036000.0,4795000.0,4809000.0,519200.0,1728000.0,1807000.0,1705000.0,9729000.0,1.283E7,
2606000.0,1263000.0,1038000.0,4802000.0,4728000.0,525200.0,1722000.0,1818000.0,1830000.0,9593000.0,1.288E7,
2574000.0,1267000.0,1038000.0,4815000.0,4698000.0,525200.0,1745000.0,1795000.0,1830000.0,9593000.0,1.291E7,
2590000.0,1271000.0,1040000.0,4810000.0,4673000.0,533700.0,1743000.0,1821000.0,1798000.0,9593000.0,1.292E7,
2585000.0,1270000.0,1040000.0,4800000.0,4658000.0,539700.0,1749000.0,1820000.0,1788000.0,9593000.0,1.293E7,
2559000.0,1270000.0,1043000.0,4818000.0,4635000.0,539700.0,1755000.0,1829000.0,1773000.0,9689000.0,1.295E7,
2558000.0,1270000.0,1044000.0,4814000.0,4635000.0,539700.0,1763000.0,1821000.0,1773000.0,9738000.0,1.295E7,
2555000.0,1271000.0,1045000.0,4804000.0,4579000.0,541800.0,1758000.0,1872000.0,1715000.0,9738000.0,1.302E7,
2553000.0,1271000.0,1047000.0,4800000.0,4584000.0,536900.0,1778000.0,1909000.0,1658000.0,9738000.0,1.302E7,
2555000.0,1271000.0,1034000.0,4818000.0,4542000.0,536900.0,1778000.0,2007000.0,1606000.0,9740000.0,1.305E7,
2549000.0,1269000.0,1037000.0,4818000.0,4474000.0,541800.0,1773000.0,2057000.0,1555000.0,9740000.0,1.312E7,
2580000.0,1274000.0,1040000.0,4818000.0,4486000.0,533300.0,1769000.0,2057000.0,1812000.0,9532000.0,1.308E7,
2542000.0,1295000.0,1040000.0,4834000.0,4486000.0,539400.0,1763000.0,2067000.0,1802000.0,9580000.0,1.308E7,
2537000.0,1298000.0,1042000.0,4834000.0,4409000.0,534300.0,1758000.0,2088000.0,1782000.0,9580000.0,1.317E7,
2564000.0,1299000.0,1045000.0,4829000.0,4370000.0,534300.0,1758000.0,2088000.0,1782000.0,9580000.0,1.318E7,
2520000.0,1305000.0,1045000.0,4862000.0,4301000.0,537800.0,1752000.0,2102000.0,1768000.0,9580000.0,1.325E7,
2539000.0,1304000.0,1045000.0,4821000.0,4300000.0,537600.0,1752000.0,2143000.0,1726000.0,9580000.0,1.322E7,
2518000.0,1314000.0,1045000.0,4817000.0,4280000.0,537600.0,1761000.0,2134000.0,1726000.0,9628000.0,1.324E7,
2514000.0,1313000.0,1043000.0,4810000.0,4259000.0,537600.0,1779000.0,2132000.0,1711000.0,9676000.0,1.326E7,
2460000.0,1323000.0,1027000.0,4852000.0,4259000.0,537600.0,1787000.0,2139000.0,1695000.0,9676000.0,1.328E7,
2452000.0,1329000.0,1028000.0,4848000.0,4225000.0,537600.0,1793000.0,2147000.0,1681000.0,9676000.0,1.332E7,
2436000.0,1334000.0,1030000.0,4843000.0,4141000.0,537600.0,1812000.0,2169000.0,1641000.0,9676000.0,1.34E7,
2424000.0,1335000.0,1032000.0,4911000.0,4126000.0,537600.0,1812000.0,2169000.0,1651000.0,9762000.0,1.334E7,
2379000.0,1329000.0,1034000.0,4949000.0,4073000.0,537600.0,1812000.0,2169000.0,1651000.0,9762000.0,1.339E7,
2370000.0,1321000.0,1038000.0,4941000.0,4345000.0,234000.0,1824000.0,2216000.0,1587000.0,9762000.0,1.343E7,
2358000.0,1324000.0,1039000.0,4999000.0,4329000.0,234000.0,1841000.0,2205000.0,1641000.0,9751000.0,1.34E7,
2339000.0,1330000.0,1039000.0,4997000.0,4294000.0,229200.0,1852000.0,2237000.0,1597000.0,9751000.0,1.344E7,
2336000.0,1326000.0,1041000.0,4988000.0,4294000.0,229200.0,1864000.0,2241000.0,1581000.0,9751000.0,1.344E7,
2402000.0,1321000.0,1042000.0,4988000.0,4278000.0,229200.0,2090000.0,2027000.0,1714000.0,9652000.0,1.338E7,
2443000.0,1318000.0,1046000.0,4979000.0,4254000.0,229200.0,2102000.0,2031000.0,1762000.0,9589000.0,1.336E7,
2435000.0,1319000.0,1048000.0,4969000.0,4236000.0,229200.0,2102000.0,2083000.0,1710000.0,9686000.0,1.338E7,
2426000.0,1325000.0,1050000.0,4969000.0,4212000.0,234000.0,2110000.0,2098000.0,1683000.0,9686000.0,1.34E7,
2423000.0,1327000.0,1036000.0,4969000.0,4200000.0,240100.0,2110000.0,2141000.0,1634000.0,9686000.0,1.343E7,
2421000.0,1328000.0,1036000.0,4964000.0,4158000.0,240100.0,2116000.0,2171000.0,1597000.0,9783000.0,1.348E7,
2508000.0,1327000.0,1024000.0,4964000.0,4245000.0,152800.0,2146000.0,2141000.0,1706000.0,9722000.0,1.339E7,
2498000.0,1325000.0,1029000.0,4966000.0,4228000.0,148000.0,2155000.0,2177000.0,1662000.0,9722000.0,1.341E7,
2496000.0,1326000.0,1029000.0,4966000.0,4127000.0,151800.0,2162000.0,2227000.0,1601000.0,9770000.0,1.351E7,
2597000.0,1327000.0,1030000.0,4954000.0,4073000.0,151800.0,2167000.0,2277000.0,1640000.0,9722000.0,1.346E7,
2636000.0,1332000.0,1030000.0,4943000.0,4073000.0,151800.0,2173000.0,2344000.0,1625000.0,9665000.0,1.341E7,
2626000.0,1337000.0,1031000.0,4943000.0,4073000.0,151800.0,2182000.0,2334000.0,1625000.0,9665000.0,1.341E7,
2626000.0,1336000.0,1030000.0,4934000.0,4069000.0,150600.0,2175000.0,2369000.0,1641000.0,9614000.0,1.34E7,
2625000.0,1332000.0,1031000.0,4934000.0,4069000.0,150600.0,2191000.0,2397000.0,1598000.0,9662000.0,1.34E7,
2604000.0,1329000.0,1032000.0,4946000.0,4047000.0,159000.0,2199000.0,2414000.0,1565000.0,9808000.0,1.343E7,
2560000.0,1331000.0,1019000.0,4972000.0,4034000.0,159000.0,2199000.0,2490000.0,1488000.0,9808000.0,1.345E7,
2524000.0,1334000.0,1020000.0,5026000.0,4034000.0,171000.0,2187000.0,2528000.0,1509000.0,9798000.0,1.343E7,
2546000.0,1337000.0,1023000.0,5032000.0,4024000.0,169500.0,2193000.0,2516000.0,1619000.0,9737000.0,1.341E7,
2582000.0,1339000.0,1024000.0,5024000.0,4024000.0,182900.0,2185000.0,2509000.0,1644000.0,9712000.0,1.337E7,
2604000.0,1348000.0,1025000.0,5020000.0,4007000.0,182900.0,2450000.0,2334000.0,1644000.0,9622000.0,1.334E7,
2599000.0,1349000.0,1029000.0,5020000.0,4007000.0,195000.0,3063000.0,1709000.0,1644000.0,9670000.0,1.334E7,
2650000.0,1347000.0,1033000.0,5020000.0,4007000.0,207800.0,3050000.0,1724000.0,1654000.0,9693000.0,1.329E7,
2690000.0,1349000.0,1034000.0,5000000.0,3972000.0,209900.0,3050000.0,1735000.0,1660000.0,9670000.0,1.328E7,
2700000.0,1350000.0,1035000.0,5019000.0,3933000.0,221900.0,3050000.0,1723000.0,1683000.0,9647000.0,1.329E7,
2721000.0,1348000.0,1038000.0,5019000.0,3863000.0,221900.0,3050000.0,1742000.0,1675000.0,9637000.0,1.333E7,
2709000.0,1351000.0,1042000.0,5019000.0,3846000.0,470400.0,2811000.0,1732000.0,1675000.0,9637000.0,1.335E7,
2709000.0,1349000.0,1029000.0,5009000.0,3831000.0,463200.0,2811000.0,1726000.0,1675000.0,9637000.0,1.339E7,
2684000.0,1352000.0,1030000.0,5004000.0,3806000.0,475300.0,2799000.0,1767000.0,1634000.0,9637000.0,1.342E7,
2708000.0,1353000.0,1032000.0,5023000.0,3739000.0,2353000.0,921300.0,1784000.0,1766000.0,9488000.0,1.342E7,
2699000.0,1356000.0,1032000.0,5023000.0,3710000.0,2353000.0,921300.0,1809000.0,1741000.0,9535000.0,1.345E7,
2697000.0,1353000.0,1033000.0,5018000.0,3710000.0,2359000.0,915200.0,1809000.0,1741000.0,9631000.0,1.345E7,
2689000.0,1355000.0,1034000.0,5008000.0,3710000.0,2365000.0,915200.0,1837000.0,1708000.0,9631000.0,1.345E7,
2699000.0,1354000.0,1037000.0,5015000.0,3692000.0,2365000.0,915200.0,1837000.0,1822000.0,9564000.0,1.345E7,
2745000.0,1348000.0,1039000.0,5012000.0,3692000.0,2365000.0,932100.0,1819000.0,1821000.0,9564000.0,1.339E7,
2768000.0,1353000.0,1040000.0,5012000.0,3676000.0,2363000.0,926100.0,1879000.0,1869000.0,9504000.0,1.338E7,
2786000.0,1353000.0,1043000.0,5012000.0,3676000.0,2363000.0,926100.0,1879000.0,1869000.0,9552000.0,1.335E7,
2664000.0,1356000.0,1045000.0,5160000.0,3676000.0,2363000.0,926100.0,1904000.0,1843000.0,9599000.0,1.331E7,
2657000.0,1361000.0,1047000.0,5160000.0,3636000.0,2363000.0,935400.0,1931000.0,1808000.0,9599000.0,1.335E7,
2656000.0,1361000.0,1049000.0,5160000.0,4324000.0,1684000.0,926700.0,1973000.0,1765000.0,9647000.0,1.335E7,
2709000.0,1364000.0,1051000.0,5155000.0,4246000.0,1684000.0,926700.0,1992000.0,1846000.0,9549000.0,1.337E7,
2705000.0,1368000.0,1051000.0,5150000.0,4222000.0,2082000.0,524900.0,2107000.0,1721000.0,9549000.0,1.34E7,
2759000.0,1372000.0,1054000.0,5125000.0,4202000.0,2070000.0,524900.0,2119000.0,1709000.0,9549000.0,1.337E7,
2761000.0,1375000.0,1055000.0,5140000.0,4202000.0,2076000.0,518800.0,2152000.0,1676000.0,9596000.0,1.335E7,
2736000.0,1379000.0,1056000.0,5149000.0,4170000.0,2081000.0,520100.0,2152000.0,1670000.0,9596000.0,1.339E7,
2750000.0,1381000.0,1059000.0,5149000.0,4170000.0,2106000.0,494600.0,2158000.0,1718000.0,9639000.0,1.337E7,
2730000.0,1381000.0,1060000.0,5168000.0,4140000.0,2106000.0,503700.0,2149000.0,1718000.0,9735000.0,1.34E7,
2742000.0,1383000.0,1061000.0,5168000.0,4136000.0,2094000.0,515800.0,2137000.0,1870000.0,9632000.0,1.34E7,
2698000.0,1384000.0,1048000.0,5204000.0,4079000.0,2101000.0,538900.0,2103000.0,1870000.0,9632000.0,1.348E7,
2693000.0,1387000.0,1050000.0,5189000.0,4056000.0,2114000.0,536400.0,2092000.0,1870000.0,9632000.0,1.35E7,
2679000.0,1384000.0,1052000.0,5193000.0,4067000.0,2121000.0,536700.0,2099000.0,1845000.0,9632000.0,1.35E7,
2665000.0,1392000.0,1053000.0,5193000.0,5558000.0,620400.0,545500.0,2132000.0,1797000.0,9680000.0,1.351E7,
2549000.0,1398000.0,1054000.0,5278000.0,5554000.0,626500.0,527100.0,2188000.0,1741000.0,9728000.0,1.353E7,
2515000.0,1398000.0,1058000.0,5284000.0,5554000.0,626500.0,538800.0,2194000.0,1723000.0,9777000.0,1.353E7,
2511000.0,1402000.0,1058000.0,5284000.0,5554000.0,717600.0,447600.0,2212000.0,1705000.0,9826000.0,1.353E7,
2508000.0,1402000.0,1060000.0,5284000.0,5519000.0,714500.0,447600.0,2251000.0,1666000.0,9826000.0,1.357E7,
2478000.0,1400000.0,1062000.0,5315000.0,5492000.0,708500.0,456700.0,2253000.0,1686000.0,9795000.0,1.359E7,
2523000.0,1399000.0,1065000.0,5312000.0,5375000.0,717500.0,447700.0,2329000.0,1711000.0,9742000.0,1.365E7,
2520000.0,1402000.0,1065000.0,5312000.0,5300000.0,717500.0,453700.0,2363000.0,1671000.0,9742000.0,1.373E7,
2517000.0,1402000.0,1066000.0,5308000.0,5300000.0,723500.0,453700.0,2371000.0,1657000.0,9791000.0,1.373E7,
2515000.0,1402000.0,1068000.0,5299000.0,5219000.0,725200.0,452700.0,2365000.0,1657000.0,9791000.0,1.381E7,
2507000.0,1406000.0,1071000.0,5284000.0,5138000.0,725200.0,452700.0,2377000.0,1645000.0,9840000.0,1.39E7,
2499000.0,1408000.0,1072000.0,5284000.0,5072000.0,725200.0,458700.0,2371000.0,1645000.0,9889000.0,1.396E7,
2512000.0,1412000.0,1074000.0,5300000.0,5019000.0,725200.0,458700.0,2382000.0,1730000.0,9842000.0,1.398E7,
2537000.0,1416000.0,1075000.0,5295000.0,4987000.0,717900.0,458700.0,2403000.0,1842000.0,9758000.0,1.399E7,
2512000.0,1417000.0,1077000.0,5311000.0,4827000.0,717900.0,458700.0,2409000.0,1836000.0,9806000.0,1.415E7,
2487000.0,1417000.0,1080000.0,5302000.0,4621000.0,722500.0,452700.0,2409000.0,1836000.0,9806000.0,1.437E7,
2431000.0,1424000.0,1080000.0,5346000.0,4511000.0,722500.0,452700.0,2409000.0,1836000.0,9855000.0,1.448E7,
2434000.0,1424000.0,1083000.0,5346000.0,4482000.0,727300.0,455900.0,2418000.0,1829000.0,9846000.0,1.45E7,
2478000.0,1421000.0,1087000.0,5346000.0,4459000.0,727300.0,464600.0,2419000.0,1927000.0,9738000.0,1.447E7,
2444000.0,1419000.0,1090000.0,5377000.0,4446000.0,727300.0,464600.0,2431000.0,1915000.0,9786000.0,1.448E7,
2441000.0,1420000.0,1091000.0,5369000.0,4429000.0,836000.0,362000.0,2529000.0,1811000.0,9835000.0,1.45E7,
2482000.0,1424000.0,1091000.0,5364000.0,4406000.0,836000.0,362000.0,2543000.0,1940000.0,9692000.0,1.448E7,
2492000.0,1427000.0,1092000.0,5364000.0,4385000.0,844000.0,353900.0,2554000.0,2046000.0,9624000.0,1.449E7,
2499000.0,1430000.0,1058000.0,5360000.0,4385000.0,855800.0,342200.0,2571000.0,2193000.0,9507000.0,1.451E7,
2482000.0,1432000.0,1059000.0,5369000.0,4355000.0,855800.0,359500.0,2553000.0,2193000.0,9507000.0,1.454E7,
2450000.0,1431000.0,1061000.0,5400000.0,4324000.0,855800.0,370000.0,2571000.0,2165000.0,9555000.0,1.457E7,
2386000.0,1434000.0,1064000.0,5458000.0,4284000.0,863000.0,362700.0,2596000.0,2140000.0,9603000.0,1.461E7,
2373000.0,1438000.0,1066000.0,5466000.0,4265000.0,869100.0,368800.0,2641000.0,2083000.0,9603000.0,1.463E7,
2362000.0,1442000.0,1066000.0,5463000.0,4265000.0,869100.0,379600.0,2659000.0,2054000.0,9603000.0,1.463E7,
2388000.0,1440000.0,1068000.0,5458000.0,4247000.0,876100.0,378600.0,2664000.0,2103000.0,9591000.0,1.462E7,
2425000.0,1440000.0,1070000.0,5454000.0,4225000.0,876100.0,378600.0,2690000.0,2077000.0,9639000.0,1.46E7,
2420000.0,1442000.0,1071000.0,5450000.0,4212000.0,892200.0,368500.0,2855000.0,1906000.0,9687000.0,1.461E7,
2442000.0,1445000.0,1072000.0,5450000.0,4168000.0,950400.0,1228000.0,1961000.0,2029000.0,9540000.0,1.463E7,
2428000.0,1439000.0,1074000.0,5449000.0,4152000.0,954300.0,1263000.0,1935000.0,2018000.0,9540000.0,1.465E7,
2451000.0,1440000.0,1075000.0,5460000.0,4113000.0,954300.0,1271000.0,1933000.0,2011000.0,9540000.0,1.465E7,
2447000.0,1443000.0,1076000.0,5460000.0,4055000.0,954300.0,1277000.0,1982000.0,1956000.0,9540000.0,1.47E7,
2463000.0,1443000.0,1076000.0,5455000.0,4045000.0,955200.0,1282000.0,1994000.0,1932000.0,9540000.0,1.469E7,
2456000.0,1448000.0,1079000.0,5455000.0,4045000.0,955200.0,1288000.0,1994000.0,1926000.0,9540000.0,1.469E7,
2439000.0,1454000.0,1079000.0,5455000.0,3975000.0,955200.0,1298000.0,2016000.0,1894000.0,9587000.0,1.476E7,
2458000.0,1457000.0,1079000.0,5456000.0,3974000.0,961200.0,1291000.0,2055000.0,1855000.0,9587000.0,1.473E7,
2467000.0,1457000.0,1080000.0,5468000.0,3952000.0,961200.0,1304000.0,2070000.0,1828000.0,9587000.0,1.473E7,
2493000.0,1461000.0,1082000.0,5495000.0,3939000.0,961200.0,1304000.0,2217000.0,1737000.0,9579000.0,1.467E7,
2508000.0,1463000.0,1082000.0,5470000.0,3936000.0,880300.0,1304000.0,2227000.0,1727000.0,9579000.0,1.474E7,
2505000.0,1459000.0,1085000.0,5460000.0,3942000.0,874400.0,1318000.0,2233000.0,1707000.0,9579000.0,1.474E7,
2568000.0,1457000.0,1088000.0,5482000.0,3928000.0,886500.0,1306000.0,2233000.0,1707000.0,9627000.0,1.466E7,
2579000.0,1455000.0,1090000.0,5479000.0,3928000.0,891300.0,1301000.0,2261000.0,1720000.0,9587000.0,1.462E7,
2625000.0,1460000.0,1092000.0,5479000.0,3888000.0,891300.0,1316000.0,2246000.0,1720000.0,9634000.0,1.46E7,
2607000.0,1466000.0,1093000.0,5479000.0,3866000.0,891300.0,1341000.0,2262000.0,1678000.0,9634000.0,1.462E7,
2586000.0,1466000.0,1096000.0,5437000.0,3866000.0,907800.0,1331000.0,2279000.0,1655000.0,9634000.0,1.462E7,
2648000.0,1466000.0,1097000.0,5435000.0,3866000.0,907800.0,1331000.0,2307000.0,1666000.0,9596000.0,1.454E7,
2647000.0,1464000.0,1100000.0,5430000.0,3866000.0,913800.0,1325000.0,2349000.0,1623000.0,9596000.0,1.454E7,
2643000.0,1461000.0,1101000.0,5416000.0,3866000.0,913800.0,1325000.0,2363000.0,1609000.0,9644000.0,1.454E7,
2731000.0,1461000.0,1104000.0,5411000.0,3866000.0,919800.0,1325000.0,2375000.0,1724000.0,9511000.0,1.445E7,
2727000.0,1463000.0,1106000.0,5406000.0,3870000.0,892700.0,1325000.0,2407000.0,1692000.0,9559000.0,1.448E7,
2724000.0,1465000.0,1107000.0,5401000.0,3870000.0,892700.0,1331000.0,2410000.0,1683000.0,9559000.0,1.448E7,
2719000.0,1467000.0,1109000.0,5396000.0,3854000.0,886700.0,1335000.0,2417000.0,1670000.0,9559000.0,1.45E7,
2702000.0,1471000.0,1110000.0,5408000.0,3842000.0,892700.0,1334000.0,2440000.0,1642000.0,9607000.0,1.451E7,
2696000.0,1475000.0,1113000.0,5404000.0,3799000.0,898800.0,1334000.0,2434000.0,1642000.0,9607000.0,1.456E7,
2646000.0,1476000.0,1115000.0,5445000.0,3810000.0,900000.0,2897000.0,859100.0,1642000.0,9607000.0,1.456E7,
2653000.0,1475000.0,1115000.0,5433000.0,4298000.0,416100.0,2905000.0,861800.0,1692000.0,9542000.0,1.454E7,
2629000.0,1465000.0,1118000.0,5419000.0,4298000.0,416100.0,2905000.0,893700.0,1660000.0,9542000.0,1.454E7,
2623000.0,1470000.0,1119000.0,5380000.0,4416000.0,207600.0,2919000.0,905100.0,1635000.0,9637000.0,1.463E7,
2605000.0,1473000.0,1118000.0,5385000.0,4416000.0,207600.0,2919000.0,988500.0,1552000.0,9637000.0,1.463E7,
2649000.0,1467000.0,1123000.0,5380000.0,4416000.0,207600.0,2925000.0,1011000.0,1594000.0,9712000.0,1.458E7,
2629000.0,1468000.0,1124000.0,5398000.0,4398000.0,219700.0,2913000.0,1022000.0,1628000.0,9714000.0,1.459E7,
2623000.0,1467000.0,1126000.0,5383000.0,4386000.0,216100.0,2907000.0,1061000.0,1590000.0,9714000.0,1.461E7,
2608000.0,1464000.0,1127000.0,5385000.0,4373000.0,226400.0,2896000.0,1061000.0,1590000.0,9714000.0,1.463E7,
2577000.0,1463000.0,1127000.0,5411000.0,4359000.0,226400.0,2902000.0,1160000.0,1484000.0,9763000.0,1.464E7,
2569000.0,1470000.0,1129000.0,5401000.0,4339000.0,226300.0,2907000.0,1169000.0,1470000.0,9861000.0,1.466E7,
2555000.0,1469000.0,1131000.0,5399000.0,4254000.0,237200.0,2906000.0,1176000.0,1454000.0,9910000.0,1.474E7,
2543000.0,1469000.0,1133000.0,5379000.0,4254000.0,237200.0,2906000.0,1256000.0,1374000.0,9910000.0,1.474E7,
2531000.0,1478000.0,1135000.0,5374000.0,4234000.0,237200.0,2914000.0,1248000.0,1374000.0,9959000.0,1.476E7,
2547000.0,1483000.0,1136000.0,5369000.0,4234000.0,237200.0,2914000.0,1327000.0,1440000.0,9864000.0,1.474E7,
2557000.0,1482000.0,1137000.0,5382000.0,4214000.0,237200.0,2914000.0,1357000.0,1432000.0,9891000.0,1.473E7,
2579000.0,1489000.0,1121000.0,5382000.0,4214000.0,250400.0,2900000.0,1357000.0,1485000.0,9838000.0,1.472E7,
2581000.0,1493000.0,1122000.0,5406000.0,4214000.0,250400.0,2900000.0,1401000.0,1491000.0,9837000.0,1.468E7,
2578000.0,1493000.0,1125000.0,5406000.0,4190000.0,255200.0,2896000.0,1450000.0,1442000.0,9837000.0,1.47E7,
2572000.0,1493000.0,1126000.0,5406000.0,4170000.0,255200.0,2914000.0,1443000.0,1430000.0,9837000.0,1.473E7,
2566000.0,1498000.0,1126000.0,5406000.0,4170000.0,255200.0,2924000.0,1451000.0,1412000.0,9887000.0,1.473E7,
2515000.0,1498000.0,1128000.0,5451000.0,4170000.0,261300.0,2918000.0,1469000.0,1394000.0,9887000.0,1.473E7,
2513000.0,1496000.0,1131000.0,5426000.0,4170000.0,266100.0,2913000.0,1492000.0,1371000.0,9887000.0,1.473E7,
2562000.0,1502000.0,1132000.0,5416000.0,4170000.0,266100.0,2913000.0,1492000.0,1418000.0,9839000.0,1.467E7,
2576000.0,1502000.0,1119000.0,5416000.0,4170000.0,1509000.0,1670000.0,1565000.0,1482000.0,9703000.0,1.466E7,
2603000.0,1503000.0,1120000.0,5416000.0,4149000.0,1515000.0,1664000.0,1623000.0,1556000.0,9618000.0,1.466E7,
2603000.0,1502000.0,1122000.0,5416000.0,4124000.0,1539000.0,1649000.0,1632000.0,1538000.0,9618000.0,1.468E7,
2600000.0,1499000.0,1124000.0,5416000.0,4112000.0,1551000.0,1646000.0,1658000.0,1502000.0,9666000.0,1.469E7,
2597000.0,1499000.0,1126000.0,5416000.0,4098000.0,1557000.0,1640000.0,1690000.0,1471000.0,9763000.0,1.471E7,
2534000.0,1499000.0,1106000.0,5468000.0,4607000.0,1067000.0,1628000.0,1684000.0,1471000.0,9763000.0,1.473E7,
2515000.0,1500000.0,1105000.0,5467000.0,4564000.0,1071000.0,1624000.0,1690000.0,1464000.0,9763000.0,1.477E7,
2511000.0,1503000.0,1106000.0,5437000.0,4514000.0,1071000.0,1624000.0,1736000.0,1419000.0,9763000.0,1.482E7,
2528000.0,1507000.0,1107000.0,5437000.0,4498000.0,1071000.0,1644000.0,1740000.0,1478000.0,9680000.0,1.481E7,
2528000.0,1507000.0,1107000.0,5427000.0,4498000.0,1071000.0,1644000.0,1758000.0,1459000.0,9680000.0,1.481E7,
2551000.0,1507000.0,1109000.0,5417000.0,4498000.0,1078000.0,1655000.0,1741000.0,1468000.0,9671000.0,1.478E7,
2574000.0,1506000.0,1113000.0,5442000.0,4504000.0,1072000.0,1661000.0,1735000.0,1560000.0,9579000.0,1.472E7,
2629000.0,1506000.0,1114000.0,5424000.0,4487000.0,1075000.0,1655000.0,1806000.0,1489000.0,9579000.0,1.468E7,
2655000.0,1519000.0,1093000.0,5424000.0,4469000.0,1077000.0,1680000.0,1773000.0,1489000.0,9579000.0,1.468E7,
2679000.0,1520000.0,1094000.0,5424000.0,4448000.0,1091000.0,1666000.0,1773000.0,1489000.0,9579000.0,1.468E7,
2674000.0,1522000.0,1097000.0,5419000.0,4423000.0,1115000.0,1666000.0,1749000.0,1489000.0,9627000.0,1.47E7,
2621000.0,1526000.0,1099000.0,5466000.0,4423000.0,1891000.0,896000.0,1743000.0,1489000.0,9627000.0,1.47E7,
2615000.0,1527000.0,1099000.0,5456000.0,4400000.0,1905000.0,882500.0,1743000.0,1489000.0,9675000.0,1.473E7,
2613000.0,1523000.0,1100000.0,5441000.0,4400000.0,1917000.0,880400.0,1766000.0,1457000.0,9675000.0,1.473E7,
2597000.0,1532000.0,1102000.0,5416000.0,4403000.0,1920000.0,879200.0,1779000.0,1438000.0,9772000.0,1.473E7,
2609000.0,1525000.0,1105000.0,5406000.0,4386000.0,1920000.0,873200.0,1779000.0,1538000.0,9673000.0,1.472E7,
2608000.0,1525000.0,1107000.0,5391000.0,4373000.0,1945000.0,847900.0,1779000.0,1538000.0,9721000.0,1.474E7,
2593000.0,1533000.0,1108000.0,5386000.0,4373000.0,1957000.0,835900.0,1797000.0,1520000.0,9770000.0,1.474E7,
2588000.0,1536000.0,1111000.0,5386000.0,4379000.0,1951000.0,841900.0,1835000.0,1475000.0,9819000.0,1.474E7,
2579000.0,1541000.0,1114000.0,5386000.0,4408000.0,1928000.0,835900.0,1835000.0,1475000.0,9819000.0,1.474E7,
2594000.0,1549000.0,1114000.0,5386000.0,4408000.0,1934000.0,829800.0,1835000.0,1517000.0,9777000.0,1.471E7,
2585000.0,1550000.0,1116000.0,5376000.0,4402000.0,1936000.0,826200.0,1858000.0,1489000.0,9826000.0,1.473E7,
2580000.0,1552000.0,1119000.0,5356000.0,4381000.0,1913000.0,820200.0,1885000.0,1462000.0,9875000.0,1.477E7,
2579000.0,1553000.0,1104000.0,5351000.0,4359000.0,1926000.0,823000.0,1870000.0,1462000.0,9875000.0,1.481E7,
2547000.0,1554000.0,1105000.0,5366000.0,4365000.0,1927000.0,821500.0,1878000.0,1449000.0,9925000.0,1.481E7,
2533000.0,1552000.0,1105000.0,5362000.0,4392000.0,1900000.0,2058000.0,750300.0,1339000.0,9974000.0,1.481E7,
2553000.0,1557000.0,1105000.0,5362000.0,4843000.0,1429000.0,2058000.0,762300.0,1347000.0,9955000.0,1.481E7,
2552000.0,1556000.0,1107000.0,5337000.0,4816000.0,1432000.0,2046000.0,787900.0,1321000.0,1.0E7,1.484E7,
2546000.0,1560000.0,1109000.0,5337000.0,4793000.0,1432000.0,2046000.0,816300.0,1293000.0,1.0E7,1.487E7,
2520000.0,1560000.0,1108000.0,5333000.0,4774000.0,1438000.0,2035000.0,816300.0,1293000.0,1.01E7,1.489E7,
2596000.0,1558000.0,1110000.0,5333000.0,4774000.0,1438000.0,2035000.0,850000.0,1447000.0,9917000.0,1.481E7,
2515000.0,1558000.0,1111000.0,5404000.0,4774000.0,1449000.0,2030000.0,861100.0,1430000.0,9917000.0,1.481E7,
2507000.0,1558000.0,1114000.0,5404000.0,4749000.0,1457000.0,2023000.0,1095000.0,1196000.0,9917000.0,1.484E7,
2528000.0,1557000.0,1116000.0,5399000.0,4749000.0,1457000.0,2028000.0,1149000.0,1203000.0,9851000.0,1.481E7,
2545000.0,1554000.0,1120000.0,5385000.0,4749000.0,1465000.0,2019000.0,1149000.0,1236000.0,9818000.0,1.479E7,
2496000.0,1548000.0,1121000.0,5418000.0,4745000.0,1459000.0,2007000.0,1149000.0,1236000.0,9818000.0,1.481E7,
2486000.0,1557000.0,1122000.0,5403000.0,4722000.0,1465000.0,2009000.0,1173000.0,1203000.0,9867000.0,1.483E7,
2523000.0,1558000.0,1127000.0,5403000.0,4695000.0,1460000.0,2015000.0,1214000.0,1194000.0,9878000.0,1.482E7,
2505000.0,1551000.0,1129000.0,5434000.0,4677000.0,1460000.0,2015000.0,1247000.0,1200000.0,9890000.0,1.483E7,
2516000.0,1548000.0,1130000.0,5436000.0,4655000.0,1466000.0,2009000.0,1280000.0,1207000.0,9850000.0,1.482E7,
2529000.0,1551000.0,1131000.0,5406000.0,4655000.0,1466000.0,2018000.0,1289000.0,1233000.0,9853000.0,1.48E7,
2563000.0,1549000.0,1133000.0,5409000.0,4646000.0,1460000.0,2012000.0,1289000.0,1288000.0,9848000.0,1.477E7,
2573000.0,1549000.0,1135000.0,5404000.0,4600000.0,1473000.0,1999000.0,1301000.0,1305000.0,9820000.0,1.48E7,
2536000.0,1549000.0,1135000.0,5420000.0,4532000.0,1539000.0,1933000.0,1323000.0,1283000.0,9820000.0,1.486E7,
2523000.0,1554000.0,1137000.0,5401000.0,4516000.0,1539000.0,1933000.0,1335000.0,1270000.0,9820000.0,1.488E7,
2501000.0,1555000.0,1139000.0,5416000.0,4505000.0,1531000.0,1935000.0,1329000.0,1270000.0,9820000.0,1.49E7,
2555000.0,1557000.0,1143000.0,5391000.0,4500000.0,1515000.0,1935000.0,1329000.0,1329000.0,9761000.0,1.486E7,
2565000.0,1562000.0,1144000.0,5386000.0,4497000.0,1506000.0,1937000.0,1340000.0,1352000.0,9721000.0,1.486E7,
2570000.0,1566000.0,1144000.0,5373000.0,4461000.0,1506000.0,1941000.0,1335000.0,1395000.0,9679000.0,1.488E7,
2511000.0,1564000.0,1145000.0,5413000.0,4461000.0,1506000.0,1941000.0,1350000.0,1380000.0,9727000.0,1.488E7,
2556000.0,1563000.0,1148000.0,5453000.0,4467000.0,1505000.0,1984000.0,1365000.0,1471000.0,9574000.0,1.479E7,
2543000.0,1569000.0,1149000.0,5443000.0,4467000.0,1511000.0,2470000.0,950300.0,1393000.0,9621000.0,1.479E7,
2477000.0,1565000.0,1152000.0,5523000.0,4467000.0,1511000.0,2475000.0,956300.0,1437000.0,9614000.0,1.476E7,
2467000.0,1567000.0,1153000.0,5513000.0,4476000.0,1515000.0,2463000.0,956300.0,1437000.0,9614000.0,1.476E7,
2483000.0,1574000.0,1157000.0,5523000.0,4476000.0,1522000.0,2462000.0,950300.0,1474000.0,9578000.0,1.472E7,
2501000.0,1579000.0,1159000.0,5508000.0,4849000.0,1141000.0,2450000.0,950300.0,1474000.0,9578000.0,1.471E7,
2526000.0,1584000.0,1160000.0,5498000.0,4822000.0,1148000.0,2448000.0,981100.0,1431000.0,9578000.0,1.472E7,
2524000.0,1584000.0,1163000.0,5498000.0,4842000.0,1128000.0,2458000.0,970600.0,1431000.0,9578000.0,1.472E7,
2512000.0,1584000.0,1165000.0,5498000.0,4810000.0,1138000.0,2448000.0,970600.0,1431000.0,9578000.0,1.475E7,
2573000.0,1582000.0,1169000.0,5493000.0,4797000.0,1157000.0,2435000.0,964600.0,1431000.0,9578000.0,1.47E7,
2572000.0,1582000.0,1170000.0,5493000.0,4786000.0,1219000.0,2599000.0,756300.0,1407000.0,9626000.0,1.471E7,
2625000.0,1580000.0,1173000.0,5488000.0,4760000.0,1219000.0,2605000.0,773300.0,1457000.0,9601000.0,1.468E7,
2621000.0,1583000.0,1175000.0,5488000.0,4732000.0,1209000.0,2605000.0,783300.0,1447000.0,9649000.0,1.472E7,
2599000.0,1594000.0,1175000.0,5478000.0,4732000.0,1221000.0,2599000.0,777300.0,1447000.0,9697000.0,1.472E7,
2595000.0,1596000.0,1177000.0,5462000.0,4683000.0,1221000.0,2599000.0,777300.0,1447000.0,9697000.0,1.477E7,
2580000.0,1595000.0,1179000.0,5471000.0,4661000.0,1221000.0,2599000.0,800800.0,1424000.0,9697000.0,1.479E7,
2573000.0,1597000.0,1180000.0,5471000.0,4667000.0,1215000.0,2599000.0,806900.0,1418000.0,9745000.0,1.479E7,
2592000.0,1596000.0,1185000.0,5489000.0,4667000.0,1215000.0,2599000.0,806900.0,1443000.0,9768000.0,1.475E7,
2653000.0,1595000.0,1174000.0,5459000.0,4667000.0,1224000.0,2590000.0,812800.0,1568000.0,9637000.0,1.47E7,
2645000.0,1591000.0,1175000.0,5429000.0,4667000.0,1224000.0,2602000.0,812300.0,1558000.0,9637000.0,1.47E7,
2674000.0,1587000.0,1176000.0,5404000.0,4693000.0,1204000.0,2596000.0,812300.0,1633000.0,9562000.0,1.467E7,
2671000.0,1582000.0,1177000.0,5376000.0,4693000.0,1204000.0,2602000.0,885400.0,1554000.0,9562000.0,1.467E7,
2692000.0,1581000.0,1178000.0,5404000.0,4680000.0,1204000.0,2602000.0,919100.0,1520000.0,9609000.0,1.461E7,
2670000.0,1584000.0,1179000.0,5424000.0,4655000.0,1204000.0,2608000.0,923100.0,1636000.0,9483000.0,1.462E7,
2666000.0,1587000.0,1180000.0,5393000.0,4639000.0,1177000.0,2608000.0,936000.0,1623000.0,9483000.0,1.466E7,
2656000.0,1588000.0,1185000.0,5368000.0,4642000.0,1174000.0,2625000.0,969100.0,1573000.0,9531000.0,1.466E7,
2627000.0,1592000.0,1187000.0,5371000.0,4633000.0,1160000.0,2625000.0,982000.0,1560000.0,9531000.0,1.469E7,
2663000.0,1595000.0,1188000.0,5356000.0,4596000.0,1142000.0,2640000.0,1042000.0,1485000.0,9531000.0,1.47E7,
2661000.0,1595000.0,1191000.0,5356000.0,4553000.0,1149000.0,2634000.0,1042000.0,1485000.0,9531000.0,1.474E7,
2650000.0,1592000.0,1193000.0,5362000.0,4540000.0,1167000.0,2626000.0,1032000.0,1485000.0,9578000.0,1.476E7,
2647000.0,1594000.0,1194000.0,5357000.0,4449000.0,1173000.0,2620000.0,1049000.0,1468000.0,9674000.0,1.485E7,
2684000.0,1597000.0,1196000.0,5357000.0,4424000.0,1179000.0,2614000.0,1049000.0,1498000.0,9645000.0,1.483E7,
2734000.0,1594000.0,1198000.0,5357000.0,4437000.0,1191000.0,2596000.0,1042000.0,1622000.0,9521000.0,1.478E7,
2698000.0,1601000.0,1201000.0,5378000.0,4436000.0,1191000.0,2595000.0,1051000.0,1602000.0,9521000.0,1.479E7,
2704000.0,1604000.0,1202000.0,5378000.0,4413000.0,1209000.0,2585000.0,1065000.0,1580000.0,9521000.0,1.48E7,
2729000.0,1605000.0,1204000.0,5378000.0,4395000.0,1203000.0,2585000.0,1077000.0,1568000.0,9521000.0,1.478E7,
2718000.0,1592000.0,1208000.0,5373000.0,4393000.0,1187000.0,2578000.0,1110000.0,1535000.0,9568000.0,1.481E7,
2712000.0,1591000.0,1210000.0,5363000.0,4353000.0,1195000.0,2577000.0,1102000.0,1535000.0,9568000.0,1.485E7,
2705000.0,1593000.0,1210000.0,5363000.0,4338000.0,1195000.0,2583000.0,1109000.0,1522000.0,9616000.0,1.486E7,
2654000.0,1594000.0,1212000.0,5395000.0,4321000.0,2967000.0,818100.0,1142000.0,1483000.0,9712000.0,1.488E7,
2682000.0,1593000.0,1212000.0,5387000.0,4321000.0,2973000.0,812100.0,1142000.0,1532000.0,9664000.0,1.484E7,
2673000.0,1590000.0,1196000.0,5376000.0,4304000.0,2973000.0,812100.0,1155000.0,1518000.0,9712000.0,1.487E7,
2694000.0,1592000.0,1197000.0,5376000.0,4275000.0,2979000.0,832900.0,1201000.0,1542000.0,9616000.0,1.488E7,
2604000.0,1590000.0,1200000.0,5455000.0,4275000.0,2997000.0,814900.0,1218000.0,1524000.0,9616000.0,1.488E7,
2636000.0,1593000.0,1202000.0,5450000.0,4275000.0,3003000.0,808900.0,1237000.0,1641000.0,9528000.0,1.484E7,
2632000.0,1595000.0,1204000.0,5450000.0,4275000.0,3003000.0,832000.0,1233000.0,1622000.0,9528000.0,1.484E7,
2657000.0,1597000.0,1206000.0,5445000.0,4255000.0,3009000.0,825900.0,1243000.0,1611000.0,9576000.0,1.483E7,
2683000.0,1596000.0,1209000.0,5440000.0,4255000.0,3009000.0,825900.0,1253000.0,1703000.0,9522000.0,1.48E7,
2722000.0,1597000.0,1196000.0,5430000.0,4275000.0,2989000.0,853700.0,1246000.0,1682000.0,9570000.0,1.477E7,
2761000.0,1606000.0,1198000.0,5420000.0,4279000.0,2976000.0,853700.0,1240000.0,1800000.0,9500000.0,1.474E7,
2701000.0,1609000.0,1199000.0,5476000.0,4272000.0,2970000.0,853700.0,1262000.0,1778000.0,9500000.0,1.475E7,
2722000.0,1611000.0,1183000.0,5476000.0,4272000.0,2970000.0,859700.0,1278000.0,1756000.0,9500000.0,1.474E7,
2782000.0,1613000.0,1184000.0,5476000.0,4272000.0,2988000.0,854800.0,1279000.0,1742000.0,9500000.0,1.467E7,
2776000.0,1616000.0,1188000.0,5471000.0,4258000.0,2988000.0,859600.0,1311000.0,1705000.0,9547000.0,1.469E7,
2832000.0,1623000.0,1191000.0,5451000.0,4238000.0,3382000.0,1125000.0,673300.0,1684000.0,9547000.0,1.464E7,
2870000.0,1626000.0,1193000.0,5451000.0,4224000.0,3382000.0,1134000.0,697700.0,1651000.0,9595000.0,1.461E7,
2881000.0,1626000.0,1194000.0,5441000.0,4224000.0,3382000.0,1134000.0,766100.0,1618000.0,9607000.0,1.46E7,
2845000.0,1628000.0,1196000.0,5465000.0,4224000.0,3386000.0,1136000.0,800700.0,1689000.0,9543000.0,1.457E7,
2840000.0,1629000.0,1200000.0,5450000.0,4224000.0,3386000.0,1144000.0,803500.0,1678000.0,9543000.0,1.457E7,
2837000.0,1626000.0,1193000.0,5445000.0,4224000.0,3390000.0,1154000.0,788200.0,1678000.0,9543000.0,1.459E7,
2833000.0,1629000.0,1194000.0,5430000.0,4214000.0,3392000.0,1148000.0,831000.0,1636000.0,9591000.0,1.46E7,
2902000.0,1630000.0,1195000.0,5430000.0,4214000.0,3392000.0,1154000.0,824900.0,1636000.0,9591000.0,1.453E7,
2891000.0,1637000.0,1199000.0,5430000.0,4177000.0,3392000.0,1162000.0,835900.0,1617000.0,9591000.0,1.457E7,
2923000.0,1641000.0,1187000.0,5420000.0,4184000.0,3384000.0,1162000.0,835900.0,1617000.0,9591000.0,1.454E7,
2914000.0,1642000.0,1175000.0,5427000.0,4176000.0,3378000.0,1172000.0,860800.0,1582000.0,9591000.0,1.457E7,
2914000.0,1640000.0,1176000.0,5427000.0,4176000.0,3378000.0,1381000.0,695900.0,1538000.0,9591000.0,1.457E7,
2900000.0,1643000.0,1179000.0,5435000.0,4176000.0,3382000.0,1377000.0,726500.0,1507000.0,9639000.0,1.457E7,
2903000.0,1645000.0,1182000.0,5455000.0,4176000.0,3382000.0,1383000.0,731400.0,1508000.0,9627000.0,1.454E7,
2918000.0,1648000.0,1183000.0,5445000.0,4176000.0,3382000.0,1383000.0,756800.0,1535000.0,9574000.0,1.452E7,
2996000.0,1660000.0,1184000.0,5440000.0,4155000.0,3382000.0,1383000.0,766900.0,1525000.0,9574000.0,1.445E7,
3033000.0,1658000.0,1186000.0,5416000.0,4154000.0,3382000.0,1383000.0,796800.0,1543000.0,9575000.0,1.441E7,
2972000.0,1658000.0,1189000.0,5464000.0,4154000.0,3382000.0,1383000.0,814900.0,1525000.0,9623000.0,1.441E7,
2957000.0,1668000.0,1189000.0,5454000.0,4161000.0,3376000.0,1392000.0,845800.0,1485000.0,9623000.0,1.441E7,
2936000.0,1672000.0,1189000.0,5456000.0,4161000.0,3381000.0,1395000.0,837500.0,1485000.0,9671000.0,1.441E7,
2969000.0,1682000.0,1191000.0,5451000.0,4161000.0,3388000.0,1389000.0,837500.0,1496000.0,9707000.0,1.437E7,
2957000.0,1690000.0,1190000.0,5436000.0,4148000.0,3400000.0,1388000.0,880300.0,1441000.0,9707000.0,1.438E7,
2956000.0,1690000.0,1191000.0,5426000.0,4135000.0,3400000.0,1388000.0,999000.0,1323000.0,9756000.0,1.439E7,
2953000.0,1685000.0,1195000.0,5416000.0,5368000.0,2148000.0,1400000.0,1024000.0,1286000.0,9756000.0,1.441E7,
2943000.0,1682000.0,1197000.0,5416000.0,5386000.0,2136000.0,1399000.0,1019000.0,1286000.0,9756000.0,1.441E7,
2939000.0,1676000.0,1197000.0,5416000.0,5392000.0,2136000.0,1393000.0,1031000.0,1274000.0,9756000.0,1.441E7,
2937000.0,1676000.0,1199000.0,5416000.0,5410000.0,2134000.0,1377000.0,1068000.0,1237000.0,9756000.0,1.441E7,
2957000.0,1668000.0,1200000.0,5406000.0,5410000.0,2134000.0,1377000.0,1111000.0,1211000.0,9738000.0,1.439E7,
2929000.0,1668000.0,1203000.0,5434000.0,5397000.0,2134000.0,1391000.0,1097000.0,1254000.0,9695000.0,1.438E7,
2870000.0,1676000.0,1206000.0,5478000.0,5386000.0,2128000.0,1391000.0,1123000.0,1229000.0,9695000.0,1.44E7,
2798000.0,1674000.0,1209000.0,5543000.0,5307000.0,2132000.0,1387000.0,1131000.0,1215000.0,9744000.0,1.448E7,
2796000.0,1673000.0,1213000.0,5543000.0,5293000.0,2085000.0,1387000.0,1148000.0,1197000.0,9744000.0,1.454E7,
2792000.0,1670000.0,1214000.0,5543000.0,5248000.0,2085000.0,1397000.0,1209000.0,1126000.0,9792000.0,1.459E7,
2723000.0,1678000.0,1216000.0,5587000.0,5163000.0,2079000.0,1405000.0,1287000.0,1040000.0,9792000.0,1.468E7,
2675000.0,1676000.0,1219000.0,5609000.0,5117000.0,2073000.0,1424000.0,1267000.0,1040000.0,9792000.0,1.473E7,
2707000.0,1677000.0,1223000.0,5600000.0,5098000.0,2067000.0,1418000.0,1307000.0,1054000.0,9788000.0,1.472E7,
2697000.0,1679000.0,1225000.0,5590000.0,5095000.0,2051000.0,1418000.0,1317000.0,1043000.0,9886000.0,1.474E7,
2691000.0,1682000.0,1228000.0,5585000.0,5101000.0,2045000.0,1418000.0,1343000.0,1017000.0,9886000.0,1.474E7,
2694000.0,1693000.0,1229000.0,5580000.0,5021000.0,2045000.0,1418000.0,1354000.0,1043000.0,9850000.0,1.481E7,
2717000.0,1696000.0,1218000.0,5580000.0,5002000.0,2051000.0,1423000.0,1369000.0,1150000.0,9717000.0,1.481E7,
2722000.0,1693000.0,1215000.0,5613000.0,5002000.0,2051000.0,1427000.0,1390000.0,1210000.0,9728000.0,1.476E7,
2716000.0,1696000.0,1217000.0,5613000.0,4947000.0,2051000.0,1445000.0,1383000.0,1199000.0,9777000.0,1.482E7,
2746000.0,1692000.0,1220000.0,5607000.0,4947000.0,2051000.0,1445000.0,1399000.0,1382000.0,9578000.0,1.478E7,
2742000.0,1693000.0,1224000.0,5602000.0,4940000.0,2043000.0,1445000.0,1420000.0,1361000.0,9626000.0,1.48E7,
2721000.0,1695000.0,1225000.0,5600000.0,4888000.0,2043000.0,1445000.0,1522000.0,1259000.0,9722000.0,1.485E7,
2782000.0,1703000.0,1226000.0,5600000.0,4830000.0,2035000.0,1445000.0,1522000.0,1306000.0,9724000.0,1.484E7,
2775000.0,1703000.0,1228000.0,5575000.0,4794000.0,2035000.0,1445000.0,1528000.0,1300000.0,9773000.0,1.487E7,
2821000.0,1707000.0,1229000.0,5560000.0,4769000.0,2029000.0,1522000.0,1514000.0,1361000.0,9696000.0,1.485E7,
2873000.0,1709000.0,1233000.0,5545000.0,4737000.0,2022000.0,1526000.0,1511000.0,1507000.0,9683000.0,1.485E7,
2869000.0,1711000.0,1234000.0,5525000.0,4693000.0,2022000.0,1526000.0,1541000.0,1476000.0,9683000.0,1.489E7,
2841000.0,1716000.0,1237000.0,5516000.0,4693000.0,2034000.0,1530000.0,1551000.0,1451000.0,9683000.0,1.489E7,
2802000.0,1720000.0,1237000.0,5520000.0,4693000.0,2034000.0,1530000.0,1551000.0,1451000.0,9683000.0,1.489E7,
2762000.0,1722000.0,1237000.0,5540000.0,5745000.0,986000.0,1523000.0,1551000.0,1451000.0,9683000.0,1.489E7,
2689000.0,1730000.0,1238000.0,5592000.0,5673000.0,992000.0,1763000.0,1316000.0,1440000.0,9683000.0,1.498E7,
2675000.0,1728000.0,1241000.0,5601000.0,5656000.0,982400.0,1781000.0,1319000.0,1413000.0,9731000.0,1.501E7,
2643000.0,1729000.0,1243000.0,5619000.0,5617000.0,988400.0,1781000.0,1313000.0,1413000.0,9731000.0,1.505E7,
2639000.0,1729000.0,1248000.0,5619000.0,5600000.0,1000000.0,2272000.0,810500.0,1413000.0,9780000.0,1.506E7,
2635000.0,1729000.0,1251000.0,5619000.0,5580000.0,1000000.0,2281000.0,801600.0,1413000.0,9878000.0,1.508E7,
2627000.0,1730000.0,1254000.0,5619000.0,5540000.0,1006000.0,2318000.0,764200.0,1407000.0,9878000.0,1.512E7,
2659000.0,1733000.0,1256000.0,5609000.0,5514000.0,1013000.0,2312000.0,776200.0,1519000.0,9754000.0,1.511E7,
2655000.0,1734000.0,1241000.0,5609000.0,5493000.0,1013000.0,2312000.0,788300.0,1507000.0,9754000.0,1.515E7,
2653000.0,1734000.0,1242000.0,5609000.0,5462000.0,1019000.0,2305000.0,788300.0,1507000.0,9754000.0,1.518E7,
2642000.0,1733000.0,1245000.0,5609000.0,5451000.0,1020000.0,2313000.0,786100.0,1495000.0,9754000.0,1.519E7,
2639000.0,1734000.0,1247000.0,5604000.0,5434000.0,1026000.0,2315000.0,778100.0,1495000.0,9802000.0,1.521E7,
2617000.0,1736000.0,1248000.0,5617000.0,5434000.0,1026000.0,2315000.0,790900.0,1482000.0,9802000.0,1.521E7,
2611000.0,1737000.0,1241000.0,5612000.0,5389000.0,1038000.0,2303000.0,803700.0,1469000.0,9802000.0,1.526E7,
2596000.0,1740000.0,1242000.0,5603000.0,5377000.0,1044000.0,2297000.0,816500.0,1457000.0,9802000.0,1.528E7,
2617000.0,1742000.0,1244000.0,5588000.0,5364000.0,1050000.0,2291000.0,816500.0,1569000.0,9787000.0,1.526E7,
2633000.0,1742000.0,1246000.0,5574000.0,5365000.0,1043000.0,2300000.0,801400.0,1673000.0,9732000.0,1.525E7,
2647000.0,1743000.0,1249000.0,5588000.0,5371000.0,1047000.0,2297000.0,795400.0,1831000.0,9573000.0,1.521E7,
2632000.0,1744000.0,1251000.0,5559000.0,5371000.0,1059000.0,2295000.0,859300.0,1757000.0,9573000.0,1.521E7,
2658000.0,1743000.0,1253000.0,5572000.0,5325000.0,1059000.0,2295000.0,870400.0,1746000.0,9573000.0,1.52E7,
2639000.0,1743000.0,1255000.0,5585000.0,5325000.0,1065000.0,2307000.0,895700.0,1702000.0,9621000.0,1.52E7,
2606000.0,1750000.0,1257000.0,5599000.0,5256000.0,1077000.0,2295000.0,895700.0,1702000.0,9621000.0,1.527E7,
2602000.0,1748000.0,1258000.0,5589000.0,5256000.0,1441000.0,1931000.0,895700.0,1702000.0,9621000.0,1.527E7,
2590000.0,1751000.0,1261000.0,5580000.0,5221000.0,1441000.0,1937000.0,883300.0,1702000.0,9621000.0,1.531E7,
2593000.0,1747000.0,1263000.0,5575000.0,5221000.0,1441000.0,1937000.0,901400.0,1782000.0,9524000.0,1.53E7,
2604000.0,1750000.0,1265000.0,5575000.0,5214000.0,1430000.0,1937000.0,901400.0,1782000.0,9571000.0,1.531E7,
2587000.0,1754000.0,1267000.0,5580000.0,5184000.0,1436000.0,1937000.0,969300.0,1708000.0,9571000.0,1.534E7,
2577000.0,1764000.0,1267000.0,5580000.0,5184000.0,1442000.0,1949000.0,1004000.0,1655000.0,9571000.0,1.534E7,
2591000.0,1767000.0,1269000.0,5586000.0,5184000.0,1453000.0,1954000.0,1078000.0,1679000.0,9505000.0,1.531E7,
2594000.0,1776000.0,1271000.0,5586000.0,5144000.0,1453000.0,1972000.0,1112000.0,1627000.0,9505000.0,1.533E7,
2583000.0,1774000.0,1274000.0,5581000.0,5102000.0,1459000.0,1975000.0,1148000.0,1582000.0,9505000.0,1.537E7,
2578000.0,1776000.0,1276000.0,5572000.0,5064000.0,1449000.0,1997000.0,1155000.0,1548000.0,9600000.0,1.543E7,
2560000.0,1781000.0,1280000.0,5581000.0,5023000.0,1457000.0,1984000.0,1177000.0,1525000.0,9600000.0,1.547E7,
2546000.0,1793000.0,1281000.0,5576000.0,4980000.0,1457000.0,1984000.0,1189000.0,1513000.0,9648000.0,1.552E7,
2614000.0,1799000.0,1282000.0,5576000.0,4965000.0,1465000.0,2001000.0,1165000.0,1596000.0,9614000.0,1.545E7,
2610000.0,1802000.0,1284000.0,5576000.0,4918000.0,1465000.0,2001000.0,1165000.0,1596000.0,9614000.0,1.55E7,
2656000.0,1796000.0,1290000.0,5591000.0,4876000.0,1465000.0,2001000.0,1165000.0,1648000.0,9562000.0,1.547E7,
2649000.0,1795000.0,1292000.0,5582000.0,4841000.0,1471000.0,1995000.0,1165000.0,1648000.0,9610000.0,1.551E7,
2568000.0,1797000.0,1293000.0,5655000.0,4841000.0,1477000.0,1989000.0,1205000.0,1607000.0,9610000.0,1.551E7,
2540000.0,1804000.0,1293000.0,5665000.0,4753000.0,2608000.0,851800.0,1218000.0,1594000.0,9658000.0,1.56E7,
2552000.0,1806000.0,1297000.0,5655000.0,4753000.0,2608000.0,851800.0,1233000.0,1605000.0,9632000.0,1.557E7,
2608000.0,1797000.0,1301000.0,5655000.0,4714000.0,2608000.0,861200.0,1230000.0,1652000.0,9627000.0,1.555E7,
2604000.0,1798000.0,1303000.0,5655000.0,4676000.0,2630000.0,838600.0,1251000.0,1631000.0,9675000.0,1.558E7,
2601000.0,1787000.0,1305000.0,5632000.0,4669000.0,2632000.0,832600.0,1275000.0,1607000.0,9772000.0,1.56E7,
2632000.0,1790000.0,1305000.0,5639000.0,4610000.0,2632000.0,835400.0,1363000.0,1554000.0,9777000.0,1.561E7,
2623000.0,1787000.0,1310000.0,5664000.0,4523000.0,2634000.0,827200.0,1369000.0,1590000.0,9735000.0,1.568E7,
2641000.0,1784000.0,1316000.0,5644000.0,4425000.0,2659000.0,807700.0,1374000.0,1603000.0,9710000.0,1.574E7,
2622000.0,1785000.0,1319000.0,5644000.0,4330000.0,2659000.0,801600.0,1437000.0,1541000.0,9710000.0,1.584E7,
2605000.0,1784000.0,1321000.0,5634000.0,4294000.0,2659000.0,795600.0,1437000.0,1541000.0,9710000.0,1.589E7,
2632000.0,1781000.0,1299000.0,5625000.0,4212000.0,2667000.0,791700.0,1447000.0,1569000.0,9662000.0,1.596E7,
2638000.0,1784000.0,1302000.0,5640000.0,4124000.0,2659000.0,819800.0,1437000.0,1580000.0,9727000.0,1.602E7,
2604000.0,1778000.0,1306000.0,5646000.0,4099000.0,2659000.0,825600.0,1442000.0,1569000.0,9727000.0,1.605E7,
2617000.0,1779000.0,1310000.0,5652000.0,4075000.0,2678000.0,806400.0,1481000.0,1560000.0,9746000.0,1.605E7,
2612000.0,1780000.0,1313000.0,5652000.0,4014000.0,2678000.0,806400.0,1505000.0,1536000.0,9746000.0,1.611E7,
2610000.0,1779000.0,1318000.0,5652000.0,3996000.0,2672000.0,815300.0,1634000.0,1398000.0,9746000.0,1.613E7,
2597000.0,1782000.0,1320000.0,5658000.0,4002000.0,2666000.0,823600.0,1649000.0,1375000.0,9794000.0,1.613E7,
2575000.0,1785000.0,1323000.0,5674000.0,4748000.0,1890000.0,817200.0,1649000.0,1375000.0,9794000.0,1.617E7,
2604000.0,1784000.0,1326000.0,5674000.0,4734000.0,2330000.0,377300.0,1693000.0,1498000.0,9669000.0,1.615E7,
2638000.0,1787000.0,1326000.0,5674000.0,4711000.0,2330000.0,389300.0,1721000.0,1577000.0,9551000.0,1.614E7,
2631000.0,1788000.0,1327000.0,5674000.0,4674000.0,2338000.0,381600.0,1721000.0,1577000.0,9551000.0,1.618E7,
2616000.0,1796000.0,1329000.0,5664000.0,5661000.0,1350000.0,381600.0,1721000.0,1577000.0,9551000.0,1.618E7,
2594000.0,1791000.0,1334000.0,5651000.0,5667000.0,1364000.0,371400.0,1712000.0,1577000.0,9551000.0,1.618E7,
2590000.0,1790000.0,1334000.0,5641000.0,5642000.0,1364000.0,371400.0,1728000.0,1560000.0,9551000.0,1.62E7,
2647000.0,1788000.0,1336000.0,5631000.0,5640000.0,1354000.0,371400.0,1739000.0,1550000.0,9551000.0,1.616E7,
2642000.0,1788000.0,1340000.0,5620000.0,5598000.0,1348000.0,377400.0,1733000.0,1550000.0,9551000.0,1.621E7,
2678000.0,1788000.0,1345000.0,5615000.0,5598000.0,1336000.0,383400.0,1726000.0,1550000.0,9551000.0,1.618E7,
2675000.0,1791000.0,1345000.0,5615000.0,5598000.0,1336000.0,383400.0,1749000.0,1527000.0,9598000.0,1.618E7,
2633000.0,1796000.0,1347000.0,5652000.0,5604000.0,1330000.0,383400.0,1760000.0,1516000.0,9598000.0,1.618E7,
2642000.0,1794000.0,1349000.0,5670000.0,5604000.0,1335000.0,378600.0,1770000.0,1506000.0,9598000.0,1.614E7,
2696000.0,1799000.0,1352000.0,5665000.0,5564000.0,1335000.0,399500.0,1785000.0,1582000.0,9534000.0,1.612E7,
2646000.0,1793000.0,1355000.0,5699000.0,5539000.0,1330000.0,399500.0,1805000.0,1563000.0,9630000.0,1.615E7,
2643000.0,1789000.0,1356000.0,5699000.0,5516000.0,1330000.0,416900.0,1788000.0,1563000.0,9630000.0,1.617E7,
2704000.0,1789000.0,1359000.0,5689000.0,5516000.0,1338000.0,414800.0,1782000.0,1672000.0,9569000.0,1.61E7,
2657000.0,1791000.0,1361000.0,5728000.0,5481000.0,1344000.0,414800.0,1782000.0,1666000.0,9569000.0,1.614E7,
2663000.0,1800000.0,1359000.0,5728000.0,5462000.0,1350000.0,408800.0,1792000.0,1655000.0,9569000.0,1.614E7,
2733000.0,1794000.0,1342000.0,5728000.0,5445000.0,1345000.0,414800.0,1797000.0,1645000.0,9569000.0,1.611E7,
2713000.0,1795000.0,1343000.0,5746000.0,5427000.0,1339000.0,414800.0,1896000.0,1545000.0,9713000.0,1.613E7,
2688000.0,1796000.0,1344000.0,5746000.0,5399000.0,1360000.0,387400.0,1910000.0,1531000.0,9762000.0,1.619E7,
2682000.0,1795000.0,1346000.0,5751000.0,5331000.0,1358000.0,402500.0,1915000.0,1506000.0,9762000.0,1.627E7,
2680000.0,1795000.0,1348000.0,5751000.0,5297000.0,1365000.0,395400.0,1926000.0,1494000.0,9762000.0,1.63E7,
2674000.0,1798000.0,1351000.0,5741000.0,5275000.0,1365000.0,410600.0,1935000.0,1470000.0,9811000.0,1.632E7,
2672000.0,1795000.0,1353000.0,5734000.0,5264000.0,1364000.0,411800.0,1957000.0,1442000.0,9811000.0,1.634E7,
2666000.0,1793000.0,1360000.0,5730000.0,5151000.0,1358000.0,417800.0,1968000.0,1425000.0,9860000.0,1.646E7,
2659000.0,1794000.0,1361000.0,5725000.0,5093000.0,1378000.0,391900.0,1997000.0,1396000.0,9860000.0,1.652E7,
2640000.0,1793000.0,1366000.0,5735000.0,5989000.0,452300.0,385800.0,1997000.0,1396000.0,9860000.0,1.656E7,
2637000.0,1791000.0,1370000.0,5726000.0,5970000.0,463900.0,373800.0,2066000.0,1327000.0,9909000.0,1.658E7,
2635000.0,1782000.0,1363000.0,5722000.0,5930000.0,463900.0,379800.0,2096000.0,1291000.0,9909000.0,1.662E7,
2717000.0,1785000.0,1365000.0,5722000.0,5925000.0,516500.0,317200.0,2126000.0,1552000.0,9618000.0,1.655E7,
2704000.0,1783000.0,1369000.0,5722000.0,5893000.0,522500.0,320800.0,2172000.0,1496000.0,9666000.0,1.658E7,
2698000.0,1787000.0,1371000.0,5722000.0,5893000.0,522500.0,320800.0,2183000.0,1485000.0,9666000.0,1.658E7,
2709000.0,1796000.0,1374000.0,5717000.0,5830000.0,522500.0,326800.0,2220000.0,1466000.0,9642000.0,1.661E7,
2676000.0,1787000.0,1376000.0,5723000.0,5746000.0,528900.0,319800.0,2250000.0,1436000.0,9642000.0,1.67E7,
2675000.0,1783000.0,1379000.0,5719000.0,5661000.0,524900.0,313700.0,2250000.0,1436000.0,9642000.0,1.679E7,
2665000.0,1785000.0,1383000.0,5718000.0,5619000.0,532400.0,312300.0,2250000.0,1430000.0,9642000.0,1.683E7,
2642000.0,1786000.0,1383000.0,5725000.0,5562000.0,532400.0,324400.0,2238000.0,1430000.0,9691000.0,1.689E7,
2636000.0,1791000.0,1384000.0,5725000.0,5523000.0,522300.0,330400.0,2244000.0,1417000.0,9691000.0,1.694E7,
2636000.0,1794000.0,1383000.0,5732000.0,5500000.0,522300.0,330400.0,2244000.0,1494000.0,9661000.0,1.695E7,
2597000.0,1795000.0,1388000.0,5761000.0,5450000.0,522300.0,330400.0,2304000.0,1435000.0,9661000.0,1.7E7,
2603000.0,1792000.0,1390000.0,5804000.0,5416000.0,523500.0,324400.0,2382000.0,1450000.0,9568000.0,1.698E7,
2602000.0,1790000.0,1393000.0,5799000.0,5322000.0,523500.0,333800.0,2372000.0,1450000.0,9568000.0,1.708E7,
