cMHCIEnEr,cMHCIEnPm,cMHCIEnRabA,cMHCIEnRabB,cMHCIEnRabC,cMHCIEnRabD,cMHCIEnRabE,cMHCIEnRabF,cMHCIEnRabG,cMHCIEnRabH,cMHCIEnRabI,exCxEnEr,exCxEnPm,exCxEnRabA,exCxEnRabB,exCxEnRabC,exCxEnRabD,exCxEnRabE,exCxEnRabF,exCxEnRabG,exCxEnRabH,exCxEnRabI,FeCyCy,FeEnEr,FeEnPm,FeEnRabA,FeEnRabB,FeEnRabC,FeEnRabD,FeEnRabE,FeEnRabF,FeEnRabG,FeEnRabH,FeEnRabI,imCxEnEr,imCxEnPm,imCxEnRabA,imCxEnRabB,imCxEnRabC,imCxEnRabD,imCxEnRabE,imCxEnRabF,imCxEnRabG,imCxEnRabH,imCxEnRabI,membraneMarkerEr,membraneMarkerPm,membraneMarkerRabA,membraneMarkerRabB,membraneMarkerRabC,membraneMarkerRabD,membraneMarkerRabE,membraneMarkerRabF,membraneMarkerRabG,membraneMarkerRabH,membraneMarkerRabI,mvbEr,mvbPm,mvbRabA,mvbRabB,mvbRabC,mvbRabD,mvbRabE,mvbRabF,mvbRabG,mvbRabH,mvbRabI,oMHCIEnEr,oMHCIEnPm,oMHCIEnRabA,oMHCIEnRabB,oMHCIEnRabC,oMHCIEnRabD,oMHCIEnRabE,oMHCIEnRabF,oMHCIEnRabG,oMHCIEnRabH,oMHCIEnRabI,ovaCyCy,ovaEnEr,ovaEnPm,ovaEnRabA,ovaEnRabB,ovaEnRabC,ovaEnRabD,ovaEnRabE,ovaEnRabF,ovaEnRabG,ovaEnRabH,ovaEnRabI,pepCyCy,pepEnEr,pepEnPm,pepEnRabA,pepEnRabB,pepEnRabC,pepEnRabD,pepEnRabE,pepEnRabF,pepEnRabG,pepEnRabH,pepEnRabI,pepMHCIEnEr,pepMHCIEnPm,pepMHCIEnRabA,pepMHCIEnRabB,pepMHCIEnRabC,pepMHCIEnRabD,pepMHCIEnRabE,pepMHCIEnRabF,pepMHCIEnRabG,pepMHCIEnRabH,pepMHCIEnRabI,protonCyCy,protonEnEr,protonEnPm,protonEnRabA,protonEnRabB,protonEnRabC,protonEnRabD,protonEnRabE,protonEnRabF,protonEnRabG,protonEnRabH,protonEnRabI,R-TfaEnEr,R-TfaEnPm,R-TfaEnRabA,R-TfaEnRabB,R-TfaEnRabC,R-TfaEnRabD,R-TfaEnRabE,R-TfaEnRabF,R-TfaEnRabG,R-TfaEnRabH,R-TfaEnRabI,R-TfEnEr,R-TfEnPm,R-TfEnRabA,R-TfEnRabB,R-TfEnRabC,R-TfEnRabD,R-TfEnRabE,R-TfEnRabF,R-TfEnRabG,R-TfEnRabH,R-TfEnRabI,REnEr,REnPm,REnRabA,REnRabB,REnRabC,REnRabD,REnRabE,REnRabF,REnRabG,REnRabH,REnRabI,solubleMarkerEr,solubleMarkerPm,solubleMarkerRabA,solubleMarkerRabB,solubleMarkerRabC,solubleMarkerRabD,solubleMarkerRabE,solubleMarkerRabF,solubleMarkerRabG,solubleMarkerRabH,solubleMarkerRabI,TfaEnEr,TfaEnPm,TfaEnRabA,TfaEnRabB,TfaEnRabC,TfaEnRabD,TfaEnRabE,TfaEnRabF,TfaEnRabG,TfaEnRabH,TfaEnRabI,TfEnEr,TfEnPm,TfEnRabA,TfEnRabB,TfEnRabC,TfEnRabD,TfEnRabE,TfEnRabF,TfEnRabG,TfEnRabH,TfEnRabI,
0.0,0.0,0.0,0.0,0.0,0.0,0.0,0.0,0.0,0.0,0.0,0.0,0.0,0.0,0.0,0.0,0.0,0.0,0.0,0.0,0.0,0.0,2.8E-6,0.001843,0.0,3.018,1.224,0.01596,1.483E-6,2.881E-4,4.616E-5,0.02024,0.004404,3.998E-4,0.0,0.0,0.0,0.0,0.0,0.0,0.0,0.0,0.0,0.0,0.0,0.0,0.0,0.0,0.0,0.0,0.0,0.0,0.0,0.0,0.0,0.0,2.3E-22,0.0,4.001,0.001848,0.01539,0.0,0.01654,0.008959,0.7643,0.177,0.01462,0.0,0.0,0.0,0.0,0.0,0.0,0.0,0.0,0.0,0.0,0.0,0.0,0.0,0.0,0.0,0.0,0.0,0.0,0.0,0.0,0.0,0.0,0.0,0.0,0.0,0.0,0.0,0.0,0.0,0.0,0.0,0.0,0.0,0.0,0.0,0.0,0.0,0.0,0.0,0.0,0.0,0.0,0.0,0.0,0.0,0.0,1.0E-4,18640.0,9.55E25,5913.0,1243.0,81.54,202600.0,673.0,812.8,12410.0,4072.0,2417.0,0.3167,269.5,55.89,182.2,4.891,3.315,0.08566,0.03388,3.816,1.069,0.3055,0.004054,1647.0,144.8,28.41,0.3864,1.878E-5,3.282E-4,1.074E-4,0.01617,0.004466,7.919E-4,19.42,0.1425,1.561,5.631,5.745,0.3159,0.1259,0.03442,3.74,0.9603,0.2113,0.0,0.0,0.0,0.0,0.0,0.0,0.0,0.0,0.0,0.0,0.0,0.4509,0.0,2.534,0.4256,0.06865,1.096,0.286,0.03892,2.889,0.7679,0.2945,6.57E-6,0.0,7.986E-4,7.32E-5,5.661E-6,1.125E-4,3.659E-6,7.45E-7,3.429E-5,9.464E-6,4.668E-6,
0.0,0.0,0.0,0.0,0.0,0.0,0.0,0.0,0.0,0.0,0.0,0.0,0.0,0.0,0.0,0.0,0.0,0.0,0.0,0.0,0.0,0.0,2.8E-6,0.001843,7.635E-4,3.018,1.224,0.01596,1.483E-6,2.881E-4,4.616E-5,0.02024,0.004404,3.998E-4,0.0,0.0,0.0,0.0,0.0,0.0,0.0,0.0,0.0,0.0,0.0,0.0,0.0,0.0,0.0,0.0,0.0,0.0,0.0,0.0,0.0,0.0,2.3E-22,0.0,4.001,0.001848,0.01539,0.0,0.01654,0.008959,0.7643,0.177,0.01462,0.0,0.0,0.0,0.0,0.0,0.0,0.0,0.0,0.0,0.0,0.0,0.0,0.0,0.0,0.0,0.0,0.0,0.0,0.0,0.0,0.0,0.0,0.0,0.0,0.0,0.0,0.0,0.0,0.0,0.0,0.0,0.0,0.0,0.0,0.0,0.0,0.0,0.0,0.0,0.0,0.0,0.0,0.0,0.0,0.0,0.0,1.0E-4,18640.0,9.551999999999999E25,5913.0,1243.0,81.54,202600.0,673.0,812.8,12410.0,4072.0,2417.0,0.3167,220.6,55.89,182.2,4.891,3.315,0.08566,0.03388,3.816,1.069,0.3055,0.004054,1633.0,144.8,28.41,0.3864,1.878E-5,3.282E-4,1.074E-4,0.01617,0.004466,7.919E-4,19.42,62.73,1.561,5.631,5.745,0.3159,0.1259,0.03442,3.74,0.9603,0.2113,0.0,0.0,0.0,0.0,0.0,0.0,0.0,0.0,0.0,0.0,0.0,0.4509,48.92,2.534,0.4256,0.06865,1.096,0.286,0.03892,2.889,0.7679,0.2945,6.57E-6,13.67,7.986E-4,7.32E-5,5.661E-6,1.125E-4,3.659E-6,7.45E-7,3.429E-5,9.464E-6,4.668E-6,
0.0,0.0,0.0,0.0,0.0,0.0,0.0,0.0,0.0,0.0,0.0,0.0,0.0,0.0,0.0,0.0,0.0,0.0,0.0,0.0,0.0,0.0,2.8E-6,0.001843,0.001822,3.018,1.224,0.01596,1.483E-6,2.881E-4,4.616E-5,0.02024,0.004404,3.998E-4,0.0,0.0,0.0,0.0,0.0,0.0,0.0,0.0,0.0,0.0,0.0,0.0,0.0,0.0,0.0,0.0,0.0,0.0,0.0,0.0,0.0,0.0,2.3E-22,0.0,4.001,0.001848,0.01539,0.0,0.01654,0.008959,0.7643,0.177,0.01462,0.0,0.0,0.0,0.0,0.0,0.0,0.0,0.0,0.0,0.0,0.0,0.0,0.0,0.0,0.0,0.0,0.0,0.0,0.0,0.0,0.0,0.0,0.0,0.0,0.0,0.0,0.0,0.0,0.0,0.0,0.0,0.0,0.0,0.0,0.0,0.0,0.0,0.0,0.0,0.0,0.0,0.0,0.0,0.0,0.0,0.0,1.0E-4,18640.0,9.551999999999999E25,5913.0,1243.0,81.54,202600.0,673.0,812.8,12410.0,4072.0,2417.0,0.3167,166.6,55.89,182.2,4.891,3.315,0.08566,0.03388,3.816,1.069,0.3055,0.004054,1615.0,144.8,28.41,0.3864,1.878E-5,3.282E-4,1.074E-4,0.01617,0.004466,7.919E-4,19.42,135.6,1.561,5.631,5.745,0.3159,0.1259,0.03442,3.74,0.9603,0.2113,0.0,0.0,0.0,0.0,0.0,0.0,0.0,0.0,0.0,0.0,0.0,0.4509,102.9,2.534,0.4256,0.06865,1.096,0.286,0.03892,2.889,0.7679,0.2945,6.57E-6,32.62,7.986E-4,7.32E-5,5.661E-6,1.125E-4,3.659E-6,7.45E-7,3.429E-5,9.464E-6,4.668E-6,
0.0,0.0,0.0,0.0,0.0,0.0,0.0,0.0,0.0,0.0,0.0,0.0,0.0,0.0,0.0,0.0,0.0,0.0,0.0,0.0,0.0,0.0,2.8E-6,0.001843,0.002719,3.018,1.224,0.01596,1.483E-6,2.881E-4,4.616E-5,0.02024,0.004404,3.998E-4,0.0,0.0,0.0,0.0,0.0,0.0,0.0,0.0,0.0,0.0,0.0,0.0,0.0,0.0,0.0,0.0,0.0,0.0,0.0,0.0,0.0,0.0,2.3E-22,0.0,4.001,0.001848,0.01539,0.0,0.01654,0.008959,0.7643,0.177,0.01462,0.0,0.0,0.0,0.0,0.0,0.0,0.0,0.0,0.0,0.0,0.0,0.0,0.0,0.0,0.0,0.0,0.0,0.0,0.0,0.0,0.0,0.0,0.0,0.0,0.0,0.0,0.0,0.0,0.0,0.0,0.0,0.0,0.0,0.0,0.0,0.0,0.0,0.0,0.0,0.0,0.0,0.0,0.0,0.0,0.0,0.0,1.0E-4,18640.0,9.551999999999999E25,5913.0,1243.0,81.54,202600.0,673.0,812.8,12410.0,4072.0,2417.0,0.3167,131.0,55.89,182.2,4.891,3.315,0.08566,0.03388,3.816,1.069,0.3055,0.004054,1598.0,144.8,28.41,0.3864,1.878E-5,3.282E-4,1.074E-4,0.01617,0.004466,7.919E-4,19.42,187.3,1.561,5.631,5.745,0.3159,0.1259,0.03442,3.74,0.9603,0.2113,0.0,0.0,0.0,0.0,0.0,0.0,0.0,0.0,0.0,0.0,0.0,0.4509,138.5,2.534,0.4256,0.06865,1.096,0.286,0.03892,2.889,0.7679,0.2945,6.57E-6,48.68,7.986E-4,7.32E-5,5.661E-6,1.125E-4,3.659E-6,7.45E-7,3.429E-5,9.464E-6,4.668E-6,
0.0,0.0,0.0,0.0,0.0,0.0,0.0,0.0,0.0,0.0,0.0,0.0,0.0,0.0,0.0,0.0,0.0,0.0,0.0,0.0,0.0,0.0,2.8E-6,0.001843,0.003608,3.018,1.224,0.01596,1.483E-6,2.881E-4,4.616E-5,0.02024,0.004404,3.998E-4,0.0,0.0,0.0,0.0,0.0,0.0,0.0,0.0,0.0,0.0,0.0,0.0,0.0,0.0,0.0,0.0,0.0,0.0,0.0,0.0,0.0,0.0,2.3E-22,0.0,4.001,0.001848,0.01539,0.0,0.01654,0.008959,0.7643,0.177,0.01462,0.0,0.0,0.0,0.0,0.0,0.0,0.0,0.0,0.0,0.0,0.0,0.0,0.0,0.0,0.0,0.0,0.0,0.0,0.0,0.0,0.0,0.0,0.0,0.0,0.0,0.0,0.0,0.0,0.0,0.0,0.0,0.0,0.0,0.0,0.0,0.0,0.0,0.0,0.0,0.0,0.0,0.0,0.0,0.0,0.0,0.0,1.0E-4,18640.0,9.551999999999999E25,5913.0,1243.0,81.54,202600.0,673.0,812.8,12410.0,4072.0,2417.0,0.3167,103.0,55.89,182.2,4.891,3.315,0.08566,0.03388,3.816,1.069,0.3055,0.004054,1583.0,144.8,28.41,0.3864,1.878E-5,3.282E-4,1.074E-4,0.01617,0.004466,7.919E-4,19.42,231.2,1.561,5.631,5.745,0.3159,0.1259,0.03442,3.74,0.9603,0.2113,0.0,0.0,0.0,0.0,0.0,0.0,0.0,0.0,0.0,0.0,0.0,0.4509,166.5,2.534,0.4256,0.06865,1.096,0.286,0.03892,2.889,0.7679,0.2945,6.57E-6,64.58,7.986E-4,7.32E-5,5.661E-6,1.125E-4,3.659E-6,7.45E-7,3.429E-5,9.464E-6,4.668E-6,
0.0,0.0,0.0,0.0,0.0,0.0,0.0,0.0,0.0,0.0,0.0,0.0,0.0,0.0,0.0,0.0,0.0,0.0,0.0,0.0,0.0,0.0,2.8E-6,0.001843,0.004487,3.018,1.224,0.01596,1.483E-6,2.881E-4,4.616E-5,0.02024,0.004404,3.998E-4,0.0,0.0,0.0,0.0,0.0,0.0,0.0,0.0,0.0,0.0,0.0,0.0,0.0,0.0,0.0,0.0,0.0,0.0,0.0,0.0,0.0,0.0,2.3E-22,0.0,4.001,0.001848,0.01539,0.0,0.01654,0.008959,0.7643,0.177,0.01462,0.0,0.0,0.0,0.0,0.0,0.0,0.0,0.0,0.0,0.0,0.0,0.0,0.0,0.0,0.0,0.0,0.0,0.0,0.0,0.0,0.0,0.0,0.0,0.0,0.0,0.0,0.0,0.0,0.0,0.0,0.0,0.0,0.0,0.0,0.0,0.0,0.0,0.0,0.0,0.0,0.0,0.0,0.0,0.0,0.0,0.0,1.0E-4,18640.0,9.551999999999999E25,5913.0,1243.0,81.54,202600.0,673.0,812.8,12410.0,4072.0,2417.0,0.3167,81.03,55.89,182.2,4.891,3.315,0.08566,0.03388,3.816,1.069,0.3055,0.004054,1567.0,144.8,28.41,0.3864,1.878E-5,3.282E-4,1.074E-4,0.01617,0.004466,7.919E-4,19.42,268.9,1.561,5.631,5.745,0.3159,0.1259,0.03442,3.74,0.9603,0.2113,0.0,0.0,0.0,0.0,0.0,0.0,0.0,0.0,0.0,0.0,0.0,0.4509,188.5,2.534,0.4256,0.06865,1.096,0.286,0.03892,2.889,0.7679,0.2945,6.57E-6,80.33,7.986E-4,7.32E-5,5.661E-6,1.125E-4,3.659E-6,7.45E-7,3.429E-5,9.464E-6,4.668E-6,
0.0,0.0,0.0,0.0,0.0,0.0,0.0,0.0,0.0,0.0,0.0,0.0,0.0,0.0,0.0,0.0,0.0,0.0,0.0,0.0,0.0,0.0,2.8E-6,0.001843,0.005358,3.018,1.224,0.01596,1.483E-6,2.881E-4,4.616E-5,0.02024,0.004404,3.998E-4,0.0,0.0,0.0,0.0,0.0,0.0,0.0,0.0,0.0,0.0,0.0,0.0,0.0,0.0,0.0,0.0,0.0,0.0,0.0,0.0,0.0,0.0,2.3E-22,0.0,4.001,0.001848,0.01539,0.0,0.01654,0.008959,0.7643,0.177,0.01462,0.0,0.0,0.0,0.0,0.0,0.0,0.0,0.0,0.0,0.0,0.0,0.0,0.0,0.0,0.0,0.0,0.0,0.0,0.0,0.0,0.0,0.0,0.0,0.0,0.0,0.0,0.0,0.0,0.0,0.0,0.0,0.0,0.0,0.0,0.0,0.0,0.0,0.0,0.0,0.0,0.0,0.0,0.0,0.0,0.0,0.0,1.0E-4,18640.0,9.551999999999999E25,5913.0,1243.0,81.54,202600.0,673.0,812.8,12410.0,4072.0,2417.0,0.3167,63.72,55.89,182.2,4.891,3.315,0.08566,0.03388,3.816,1.069,0.3055,0.004054,1551.0,144.8,28.41,0.3864,1.878E-5,3.282E-4,1.074E-4,0.01617,0.004466,7.919E-4,19.42,301.9,1.561,5.631,5.745,0.3159,0.1259,0.03442,3.74,0.9603,0.2113,0.0,0.0,0.0,0.0,0.0,0.0,0.0,0.0,0.0,0.0,0.0,0.4509,205.8,2.534,0.4256,0.06865,1.096,0.286,0.03892,2.889,0.7679,0.2945,6.57E-6,95.92,7.986E-4,7.32E-5,5.661E-6,1.125E-4,3.659E-6,7.45E-7,3.429E-5,9.464E-6,4.668E-6,
0.0,0.0,0.0,0.0,0.0,0.0,0.0,0.0,0.0,0.0,0.0,0.0,0.0,0.0,0.0,0.0,0.0,0.0,0.0,0.0,0.0,0.0,2.8E-6,0.001843,0.00622,3.018,1.224,0.01596,1.483E-6,2.881E-4,4.616E-5,0.02024,0.004404,3.998E-4,0.0,0.0,0.0,0.0,0.0,0.0,0.0,0.0,0.0,0.0,0.0,0.0,0.0,0.0,0.0,0.0,0.0,0.0,0.0,0.0,0.0,0.0,2.3E-22,0.0,4.001,0.001848,0.01539,0.0,0.01654,0.008959,0.7643,0.177,0.01462,0.0,0.0,0.0,0.0,0.0,0.0,0.0,0.0,0.0,0.0,0.0,0.0,0.0,0.0,0.0,0.0,0.0,0.0,0.0,0.0,0.0,0.0,0.0,0.0,0.0,0.0,0.0,0.0,0.0,0.0,0.0,0.0,0.0,0.0,0.0,0.0,0.0,0.0,0.0,0.0,0.0,0.0,0.0,0.0,0.0,0.0,1.0E-4,18640.0,9.551999999999999E25,5913.0,1243.0,81.54,202600.0,673.0,812.8,12410.0,4072.0,2417.0,0.3167,50.11,55.89,182.2,4.891,3.315,0.08566,0.03388,3.816,1.069,0.3055,0.004054,1536.0,144.8,28.41,0.3864,1.878E-5,3.282E-4,1.074E-4,0.01617,0.004466,7.919E-4,19.42,330.9,1.561,5.631,5.745,0.3159,0.1259,0.03442,3.74,0.9603,0.2113,0.0,0.0,0.0,0.0,0.0,0.0,0.0,0.0,0.0,0.0,0.0,0.4509,219.4,2.534,0.4256,0.06865,1.096,0.286,0.03892,2.889,0.7679,0.2945,6.57E-6,111.4,7.986E-4,7.32E-5,5.661E-6,1.125E-4,3.659E-6,7.45E-7,3.429E-5,9.464E-6,4.668E-6,
0.0,0.0,0.0,0.0,0.0,0.0,0.0,0.0,0.0,0.0,0.0,0.0,0.0,0.0,0.0,0.0,0.0,0.0,0.0,0.0,0.0,0.0,2.8E-6,0.001843,0.007074,3.018,1.224,0.01596,1.483E-6,2.881E-4,4.616E-5,0.02024,0.004404,3.998E-4,0.0,0.0,0.0,0.0,0.0,0.0,0.0,0.0,0.0,0.0,0.0,0.0,0.0,0.0,0.0,0.0,0.0,0.0,0.0,0.0,0.0,0.0,2.3E-22,0.0,4.001,0.001848,0.01539,0.0,0.01654,0.008959,0.7643,0.177,0.01462,0.0,0.0,0.0,0.0,0.0,0.0,0.0,0.0,0.0,0.0,0.0,0.0,0.0,0.0,0.0,0.0,0.0,0.0,0.0,0.0,0.0,0.0,0.0,0.0,0.0,0.0,0.0,0.0,0.0,0.0,0.0,0.0,0.0,0.0,0.0,0.0,0.0,0.0,0.0,0.0,0.0,0.0,0.0,0.0,0.0,0.0,1.0E-4,18640.0,9.551999999999999E25,5913.0,1243.0,81.54,202600.0,673.0,812.8,12410.0,4072.0,2417.0,0.3167,39.4,55.89,182.2,4.891,3.315,0.08566,0.03388,3.816,1.069,0.3055,0.004054,1520.0,144.8,28.41,0.3864,1.878E-5,3.282E-4,1.074E-4,0.01617,0.004466,7.919E-4,19.42,356.9,1.561,5.631,5.745,0.3159,0.1259,0.03442,3.74,0.9603,0.2113,0.0,0.0,0.0,0.0,0.0,0.0,0.0,0.0,0.0,0.0,0.0,0.4509,230.1,2.534,0.4256,0.06865,1.096,0.286,0.03892,2.889,0.7679,0.2945,6.57E-6,126.6,7.986E-4,7.32E-5,5.661E-6,1.125E-4,3.659E-6,7.45E-7,3.429E-5,9.464E-6,4.668E-6,
0.0,0.0,0.0,0.0,0.0,0.0,0.0,0.0,0.0,0.0,0.0,0.0,0.0,0.0,0.0,0.0,0.0,0.0,0.0,0.0,0.0,0.0,2.8E-6,0.001843,0.007919,3.018,1.224,0.01596,1.483E-6,2.881E-4,4.616E-5,0.02024,0.004404,3.998E-4,0.0,0.0,0.0,0.0,0.0,0.0,0.0,0.0,0.0,0.0,0.0,0.0,0.0,0.0,0.0,0.0,0.0,0.0,0.0,0.0,0.0,0.0,2.3E-22,0.0,4.001,0.001848,0.01539,0.0,0.01654,0.008959,0.7643,0.177,0.01462,0.0,0.0,0.0,0.0,0.0,0.0,0.0,0.0,0.0,0.0,0.0,0.0,0.0,0.0,0.0,0.0,0.0,0.0,0.0,0.0,0.0,0.0,0.0,0.0,0.0,0.0,0.0,0.0,0.0,0.0,0.0,0.0,0.0,0.0,0.0,0.0,0.0,0.0,0.0,0.0,0.0,0.0,0.0,0.0,0.0,0.0,1.0E-4,18640.0,9.551999999999999E25,5913.0,1243.0,81.54,202600.0,673.0,812.8,12410.0,4072.0,2417.0,0.3167,30.99,55.89,182.2,4.891,3.315,0.08566,0.03388,3.816,1.069,0.3055,0.004054,1505.0,144.8,28.41,0.3864,1.878E-5,3.282E-4,1.074E-4,0.01617,0.004466,7.919E-4,19.42,380.4,1.561,5.631,5.745,0.3159,0.1259,0.03442,3.74,0.9603,0.2113,0.0,0.0,0.0,0.0,0.0,0.0,0.0,0.0,0.0,0.0,0.0,0.4509,238.5,2.534,0.4256,0.06865,1.096,0.286,0.03892,2.889,0.7679,0.2945,6.57E-6,141.8,7.986E-4,7.32E-5,5.661E-6,1.125E-4,3.659E-6,7.45E-7,3.429E-5,9.464E-6,4.668E-6,
0.0,0.0,0.0,0.0,0.0,0.0,0.0,0.0,0.0,0.0,0.0,0.0,0.0,0.0,0.0,0.0,0.0,0.0,0.0,0.0,0.0,0.0,2.8E-6,0.001843,0.008755,3.018,1.224,0.01596,1.483E-6,2.881E-4,4.616E-5,0.02024,0.004404,3.998E-4,0.0,0.0,0.0,0.0,0.0,0.0,0.0,0.0,0.0,0.0,0.0,0.0,0.0,0.0,0.0,0.0,0.0,0.0,0.0,0.0,0.0,0.0,2.3E-22,0.0,4.001,0.001848,0.01539,0.0,0.01654,0.008959,0.7643,0.177,0.01462,0.0,0.0,0.0,0.0,0.0,0.0,0.0,0.0,0.0,0.0,0.0,0.0,0.0,0.0,0.0,0.0,0.0,0.0,0.0,0.0,0.0,0.0,0.0,0.0,0.0,0.0,0.0,0.0,0.0,0.0,0.0,0.0,0.0,0.0,0.0,0.0,0.0,0.0,0.0,0.0,0.0,0.0,0.0,0.0,0.0,0.0,1.0E-4,18640.0,9.551999999999999E25,5913.0,1243.0,81.54,202600.0,673.0,812.8,12410.0,4072.0,2417.0,0.3167,24.37,55.89,182.2,4.891,3.315,0.08566,0.03388,3.816,1.069,0.3055,0.004054,1490.0,144.8,28.41,0.3864,1.878E-5,3.282E-4,1.074E-4,0.01617,0.004466,7.919E-4,19.42,402.0,1.561,5.631,5.745,0.3159,0.1259,0.03442,3.74,0.9603,0.2113,0.0,0.0,0.0,0.0,0.0,0.0,0.0,0.0,0.0,0.0,0.0,0.4509,245.1,2.534,0.4256,0.06865,1.096,0.286,0.03892,2.889,0.7679,0.2945,6.57E-6,156.7,7.986E-4,7.32E-5,5.661E-6,1.125E-4,3.659E-6,7.45E-7,3.429E-5,9.464E-6,4.668E-6,
0.0,0.0,0.0,0.0,0.0,0.0,0.0,0.0,0.0,0.0,0.0,0.0,0.0,0.0,0.0,0.0,0.0,0.0,0.0,0.0,0.0,0.0,2.8E-6,0.001843,0.009584,3.018,1.224,0.01596,1.483E-6,2.881E-4,4.616E-5,0.02024,0.004404,3.998E-4,0.0,0.0,0.0,0.0,0.0,0.0,0.0,0.0,0.0,0.0,0.0,0.0,0.0,0.0,0.0,0.0,0.0,0.0,0.0,0.0,0.0,0.0,2.3E-22,0.0,4.001,0.001848,0.01539,0.0,0.01654,0.008959,0.7643,0.177,0.01462,0.0,0.0,0.0,0.0,0.0,0.0,0.0,0.0,0.0,0.0,0.0,0.0,0.0,0.0,0.0,0.0,0.0,0.0,0.0,0.0,0.0,0.0,0.0,0.0,0.0,0.0,0.0,0.0,0.0,0.0,0.0,0.0,0.0,0.0,0.0,0.0,0.0,0.0,0.0,0.0,0.0,0.0,0.0,0.0,0.0,0.0,1.0E-4,18640.0,9.551999999999999E25,5913.0,1243.0,81.54,202600.0,673.0,812.8,12410.0,4072.0,2417.0,0.3167,19.16,55.89,182.2,4.891,3.315,0.08566,0.03388,3.816,1.069,0.3055,0.004054,1476.0,144.8,28.41,0.3864,1.878E-5,3.282E-4,1.074E-4,0.01617,0.004466,7.919E-4,19.42,422.1,1.561,5.631,5.745,0.3159,0.1259,0.03442,3.74,0.9603,0.2113,0.0,0.0,0.0,0.0,0.0,0.0,0.0,0.0,0.0,0.0,0.0,0.4509,250.4,2.534,0.4256,0.06865,1.096,0.286,0.03892,2.889,0.7679,0.2945,6.57E-6,171.6,7.986E-4,7.32E-5,5.661E-6,1.125E-4,3.659E-6,7.45E-7,3.429E-5,9.464E-6,4.668E-6,
0.0,0.0,0.0,0.0,0.0,0.0,0.0,0.0,0.0,0.0,0.0,0.0,0.0,0.0,0.0,0.0,0.0,0.0,0.0,0.0,0.0,0.0,2.8E-6,0.001843,0.0104,3.018,1.224,0.01596,1.483E-6,2.881E-4,4.616E-5,0.02024,0.004404,3.998E-4,0.0,0.0,0.0,0.0,0.0,0.0,0.0,0.0,0.0,0.0,0.0,0.0,0.0,0.0,0.0,0.0,0.0,0.0,0.0,0.0,0.0,0.0,2.3E-22,0.0,4.001,0.001848,0.01539,0.0,0.01654,0.008959,0.7643,0.177,0.01462,0.0,0.0,0.0,0.0,0.0,0.0,0.0,0.0,0.0,0.0,0.0,0.0,0.0,0.0,0.0,0.0,0.0,0.0,0.0,0.0,0.0,0.0,0.0,0.0,0.0,0.0,0.0,0.0,0.0,0.0,0.0,0.0,0.0,0.0,0.0,0.0,0.0,0.0,0.0,0.0,0.0,0.0,0.0,0.0,0.0,0.0,1.0E-4,18640.0,9.551999999999999E25,5913.0,1243.0,81.54,202600.0,673.0,812.8,12410.0,4072.0,2417.0,0.3167,15.07,55.89,182.2,4.891,3.315,0.08566,0.03388,3.816,1.069,0.3055,0.004054,1461.0,144.8,28.41,0.3864,1.878E-5,3.282E-4,1.074E-4,0.01617,0.004466,7.919E-4,19.42,440.8,1.561,5.631,5.745,0.3159,0.1259,0.03442,3.74,0.9603,0.2113,0.0,0.0,0.0,0.0,0.0,0.0,0.0,0.0,0.0,0.0,0.0,0.4509,254.4,2.534,0.4256,0.06865,1.096,0.286,0.03892,2.889,0.7679,0.2945,6.57E-6,186.3,7.986E-4,7.32E-5,5.661E-6,1.125E-4,3.659E-6,7.45E-7,3.429E-5,9.464E-6,4.668E-6,
0.0,0.0,0.0,0.0,0.0,0.0,0.0,0.0,0.0,0.0,0.0,0.0,0.0,0.0,0.0,0.0,0.0,0.0,0.0,0.0,0.0,0.0,2.8E-6,0.001843,0.01122,3.018,1.224,0.01596,1.483E-6,2.881E-4,4.616E-5,0.02024,0.004404,3.998E-4,0.0,0.0,0.0,0.0,0.0,0.0,0.0,0.0,0.0,0.0,0.0,0.0,0.0,0.0,0.0,0.0,0.0,0.0,0.0,0.0,0.0,0.0,2.3E-22,0.0,4.001,0.001848,0.01539,0.0,0.01654,0.008959,0.7643,0.177,0.01462,0.0,0.0,0.0,0.0,0.0,0.0,0.0,0.0,0.0,0.0,0.0,0.0,0.0,0.0,0.0,0.0,0.0,0.0,0.0,0.0,0.0,0.0,0.0,0.0,0.0,0.0,0.0,0.0,0.0,0.0,0.0,0.0,0.0,0.0,0.0,0.0,0.0,0.0,0.0,0.0,0.0,0.0,0.0,0.0,0.0,0.0,1.0E-4,18640.0,9.551999999999999E25,5913.0,1243.0,81.54,202600.0,673.0,812.8,12410.0,4072.0,2417.0,0.3167,11.85,55.89,182.2,4.891,3.315,0.08566,0.03388,3.816,1.069,0.3055,0.004054,1446.0,144.8,28.41,0.3864,1.878E-5,3.282E-4,1.074E-4,0.01617,0.004466,7.919E-4,19.42,458.6,1.561,5.631,5.745,0.3159,0.1259,0.03442,3.74,0.9603,0.2113,0.0,0.0,0.0,0.0,0.0,0.0,0.0,0.0,0.0,0.0,0.0,0.4509,257.7,2.534,0.4256,0.06865,1.096,0.286,0.03892,2.889,0.7679,0.2945,6.57E-6,200.8,7.986E-4,7.32E-5,5.661E-6,1.125E-4,3.659E-6,7.45E-7,3.429E-5,9.464E-6,4.668E-6,
0.0,0.0,0.0,0.0,0.0,0.0,0.0,0.0,0.0,0.0,0.0,0.0,0.0,0.0,0.0,0.0,0.0,0.0,0.0,0.0,0.0,0.0,2.8E-6,0.001843,0.01202,3.018,1.224,0.01596,1.483E-6,2.881E-4,4.616E-5,0.02024,0.004404,3.998E-4,0.0,0.0,0.0,0.0,0.0,0.0,0.0,0.0,0.0,0.0,0.0,0.0,0.0,0.0,0.0,0.0,0.0,0.0,0.0,0.0,0.0,0.0,2.3E-22,0.0,4.001,0.001848,0.01539,0.0,0.01654,0.008959,0.7643,0.177,0.01462,0.0,0.0,0.0,0.0,0.0,0.0,0.0,0.0,0.0,0.0,0.0,0.0,0.0,0.0,0.0,0.0,0.0,0.0,0.0,0.0,0.0,0.0,0.0,0.0,0.0,0.0,0.0,0.0,0.0,0.0,0.0,0.0,0.0,0.0,0.0,0.0,0.0,0.0,0.0,0.0,0.0,0.0,0.0,0.0,0.0,0.0,1.0E-4,18640.0,9.551999999999999E25,5913.0,1243.0,81.54,202600.0,673.0,812.8,12410.0,4072.0,2417.0,0.3167,9.318,55.89,182.2,4.891,3.315,0.08566,0.03388,3.816,1.069,0.3055,0.004054,1432.0,144.8,28.41,0.3864,1.878E-5,3.282E-4,1.074E-4,0.01617,0.004466,7.919E-4,19.42,475.5,1.561,5.631,5.745,0.3159,0.1259,0.03442,3.74,0.9603,0.2113,0.0,0.0,0.0,0.0,0.0,0.0,0.0,0.0,0.0,0.0,0.0,0.4509,260.2,2.534,0.4256,0.06865,1.096,0.286,0.03892,2.889,0.7679,0.2945,6.57E-6,215.2,7.986E-4,7.32E-5,5.661E-6,1.125E-4,3.659E-6,7.45E-7,3.429E-5,9.464E-6,4.668E-6,
0.0,0.0,0.0,0.0,0.0,0.0,0.0,0.0,0.0,0.0,0.0,0.0,0.0,0.0,0.0,0.0,0.0,0.0,0.0,0.0,0.0,0.0,2.8E-6,0.001843,0.01282,3.018,1.224,0.01596,1.483E-6,2.881E-4,4.616E-5,0.02024,0.004404,3.998E-4,0.0,0.0,0.0,0.0,0.0,0.0,0.0,0.0,0.0,0.0,0.0,0.0,0.0,0.0,0.0,0.0,0.0,0.0,0.0,0.0,0.0,0.0,2.3E-22,0.0,4.001,0.001848,0.01539,0.0,0.01654,0.008959,0.7643,0.177,0.01462,0.0,0.0,0.0,0.0,0.0,0.0,0.0,0.0,0.0,0.0,0.0,0.0,0.0,0.0,0.0,0.0,0.0,0.0,0.0,0.0,0.0,0.0,0.0,0.0,0.0,0.0,0.0,0.0,0.0,0.0,0.0,0.0,0.0,0.0,0.0,0.0,0.0,0.0,0.0,0.0,0.0,0.0,0.0,0.0,0.0,0.0,1.0E-4,18640.0,9.551999999999999E25,5913.0,1243.0,81.54,202600.0,673.0,812.8,12410.0,4072.0,2417.0,0.3167,7.328,55.89,182.2,4.891,3.315,0.08566,0.03388,3.816,1.069,0.3055,0.004054,1418.0,144.8,28.41,0.3864,1.878E-5,3.282E-4,1.074E-4,0.01617,0.004466,7.919E-4,19.42,491.8,1.561,5.631,5.745,0.3159,0.1259,0.03442,3.74,0.9603,0.2113,0.0,0.0,0.0,0.0,0.0,0.0,0.0,0.0,0.0,0.0,0.0,0.4509,262.2,2.534,0.4256,0.06865,1.096,0.286,0.03892,2.889,0.7679,0.2945,6.57E-6,229.4,7.986E-4,7.32E-5,5.661E-6,1.125E-4,3.659E-6,7.45E-7,3.429E-5,9.464E-6,4.668E-6,
0.0,0.0,0.0,0.0,0.0,0.0,0.0,0.0,0.0,0.0,0.0,0.0,0.0,0.0,0.0,0.0,0.0,0.0,0.0,0.0,0.0,0.0,2.8E-6,0.001843,0.0136,3.018,1.224,0.01596,1.483E-6,2.881E-4,4.616E-5,0.02024,0.004404,3.998E-4,0.0,0.0,0.0,0.0,0.0,0.0,0.0,0.0,0.0,0.0,0.0,0.0,0.0,0.0,0.0,0.0,0.0,0.0,0.0,0.0,0.0,0.0,2.3E-22,0.0,4.001,0.001848,0.01539,0.0,0.01654,0.008959,0.7643,0.177,0.01462,0.0,0.0,0.0,0.0,0.0,0.0,0.0,0.0,0.0,0.0,0.0,0.0,0.0,0.0,0.0,0.0,0.0,0.0,0.0,0.0,0.0,0.0,0.0,0.0,0.0,0.0,0.0,0.0,0.0,0.0,0.0,0.0,0.0,0.0,0.0,0.0,0.0,0.0,0.0,0.0,0.0,0.0,0.0,0.0,0.0,0.0,1.0E-4,18640.0,9.551999999999999E25,5913.0,1243.0,81.54,202600.0,673.0,812.8,12410.0,4072.0,2417.0,0.3167,5.763,55.89,182.2,4.891,3.315,0.08566,0.03388,3.816,1.069,0.3055,0.004054,1404.0,144.8,28.41,0.3864,1.878E-5,3.282E-4,1.074E-4,0.01617,0.004466,7.919E-4,19.42,507.4,1.561,5.631,5.745,0.3159,0.1259,0.03442,3.74,0.9603,0.2113,0.0,0.0,0.0,0.0,0.0,0.0,0.0,0.0,0.0,0.0,0.0,0.4509,263.8,2.534,0.4256,0.06865,1.096,0.286,0.03892,2.889,0.7679,0.2945,6.57E-6,243.5,7.986E-4,7.32E-5,5.661E-6,1.125E-4,3.659E-6,7.45E-7,3.429E-5,9.464E-6,4.668E-6,
0.0,0.0,0.0,0.0,0.0,0.0,0.0,0.0,0.0,0.0,0.0,0.0,0.0,0.0,0.0,0.0,0.0,0.0,0.0,0.0,0.0,0.0,2.8E-6,0.001843,0.01438,3.018,1.224,0.01596,1.483E-6,2.881E-4,4.616E-5,0.02024,0.004404,3.998E-4,0.0,0.0,0.0,0.0,0.0,0.0,0.0,0.0,0.0,0.0,0.0,0.0,0.0,0.0,0.0,0.0,0.0,0.0,0.0,0.0,0.0,0.0,2.3E-22,0.0,4.001,0.001848,0.01539,0.0,0.01654,0.008959,0.7643,0.177,0.01462,0.0,0.0,0.0,0.0,0.0,0.0,0.0,0.0,0.0,0.0,0.0,0.0,0.0,0.0,0.0,0.0,0.0,0.0,0.0,0.0,0.0,0.0,0.0,0.0,0.0,0.0,0.0,0.0,0.0,0.0,0.0,0.0,0.0,0.0,0.0,0.0,0.0,0.0,0.0,0.0,0.0,0.0,0.0,0.0,0.0,0.0,1.0E-4,18640.0,9.551999999999999E25,5913.0,1243.0,81.54,202600.0,673.0,812.8,12410.0,4072.0,2417.0,0.3167,4.533,55.89,182.2,4.891,3.315,0.08566,0.03388,3.816,1.069,0.3055,0.004054,1390.0,144.8,28.41,0.3864,1.878E-5,3.282E-4,1.074E-4,0.01617,0.004466,7.919E-4,19.42,522.6,1.561,5.631,5.745,0.3159,0.1259,0.03442,3.74,0.9603,0.2113,0.0,0.0,0.0,0.0,0.0,0.0,0.0,0.0,0.0,0.0,0.0,0.4509,265.0,2.534,0.4256,0.06865,1.096,0.286,0.03892,2.889,0.7679,0.2945,6.57E-6,257.5,7.986E-4,7.32E-5,5.661E-6,1.125E-4,3.659E-6,7.45E-7,3.429E-5,9.464E-6,4.668E-6,
0.0,0.0,0.0,0.0,0.0,0.0,0.0,0.0,0.0,0.0,0.0,0.0,0.0,0.0,0.0,0.0,0.0,0.0,0.0,0.0,0.0,0.0,2.8E-6,0.001843,0.01516,3.018,1.224,0.01596,1.483E-6,2.881E-4,4.616E-5,0.02024,0.004404,3.998E-4,0.0,0.0,0.0,0.0,0.0,0.0,0.0,0.0,0.0,0.0,0.0,0.0,0.0,0.0,0.0,0.0,0.0,0.0,0.0,0.0,0.0,0.0,2.3E-22,0.0,4.001,0.001848,0.01539,0.0,0.01654,0.008959,0.7643,0.177,0.01462,0.0,0.0,0.0,0.0,0.0,0.0,0.0,0.0,0.0,0.0,0.0,0.0,0.0,0.0,0.0,0.0,0.0,0.0,0.0,0.0,0.0,0.0,0.0,0.0,0.0,0.0,0.0,0.0,0.0,0.0,0.0,0.0,0.0,0.0,0.0,0.0,0.0,0.0,0.0,0.0,0.0,0.0,0.0,0.0,0.0,0.0,1.0E-4,18640.0,9.551999999999999E25,5913.0,1243.0,81.54,202600.0,673.0,812.8,12410.0,4072.0,2417.0,0.3167,3.565,55.89,182.2,4.891,3.315,0.08566,0.03388,3.816,1.069,0.3055,0.004054,1376.0,144.8,28.41,0.3864,1.878E-5,3.282E-4,1.074E-4,0.01617,0.004466,7.919E-4,19.42,537.4,1.561,5.631,5.745,0.3159,0.1259,0.03442,3.74,0.9603,0.2113,0.0,0.0,0.0,0.0,0.0,0.0,0.0,0.0,0.0,0.0,0.0,0.4509,266.0,2.534,0.4256,0.06865,1.096,0.286,0.03892,2.889,0.7679,0.2945,6.57E-6,271.3,7.986E-4,7.32E-5,5.661E-6,1.125E-4,3.659E-6,7.45E-7,3.429E-5,9.464E-6,4.668E-6,
0.0,0.0,0.0,0.0,0.0,0.0,0.0,0.0,0.0,0.0,0.0,0.0,0.0,0.0,0.0,0.0,0.0,0.0,0.0,0.0,0.0,0.0,2.8E-6,0.001843,0.01592,3.018,1.224,0.01596,1.483E-6,2.881E-4,4.616E-5,0.02024,0.004404,3.998E-4,0.0,0.0,0.0,0.0,0.0,0.0,0.0,0.0,0.0,0.0,0.0,0.0,0.0,0.0,0.0,0.0,0.0,0.0,0.0,0.0,0.0,0.0,2.3E-22,0.0,4.001,0.001848,0.01539,0.0,0.01654,0.008959,0.7643,0.177,0.01462,0.0,0.0,0.0,0.0,0.0,0.0,0.0,0.0,0.0,0.0,0.0,0.0,0.0,0.0,0.0,0.0,0.0,0.0,0.0,0.0,0.0,0.0,0.0,0.0,0.0,0.0,0.0,0.0,0.0,0.0,0.0,0.0,0.0,0.0,0.0,0.0,0.0,0.0,0.0,0.0,0.0,0.0,0.0,0.0,0.0,0.0,1.0E-4,18640.0,9.551999999999999E25,5913.0,1243.0,81.54,202600.0,673.0,812.8,12410.0,4072.0,2417.0,0.3167,2.804,55.89,182.2,4.891,3.315,0.08566,0.03388,3.816,1.069,0.3055,0.004054,1362.0,144.8,28.41,0.3864,1.878E-5,3.282E-4,1.074E-4,0.01617,0.004466,7.919E-4,19.42,551.9,1.561,5.631,5.745,0.3159,0.1259,0.03442,3.74,0.9603,0.2113,0.0,0.0,0.0,0.0,0.0,0.0,0.0,0.0,0.0,0.0,0.0,0.4509,266.7,2.534,0.4256,0.06865,1.096,0.286,0.03892,2.889,0.7679,0.2945,6.57E-6,285.0,7.986E-4,7.32E-5,5.661E-6,1.125E-4,3.659E-6,7.45E-7,3.429E-5,9.464E-6,4.668E-6,
0.0,0.0,0.0,0.0,0.0,0.0,0.0,0.0,0.0,0.0,0.0,0.0,0.0,0.0,0.0,0.0,0.0,0.0,0.0,0.0,0.0,0.0,2.8E-6,0.001843,0.01668,3.018,1.224,0.01596,1.483E-6,2.881E-4,4.616E-5,0.02024,0.004404,3.998E-4,0.0,0.0,0.0,0.0,0.0,0.0,0.0,0.0,0.0,0.0,0.0,0.0,0.0,0.0,0.0,0.0,0.0,0.0,0.0,0.0,0.0,0.0,2.3E-22,0.0,4.001,0.001848,0.01539,0.0,0.01654,0.008959,0.7643,0.177,0.01462,0.0,0.0,0.0,0.0,0.0,0.0,0.0,0.0,0.0,0.0,0.0,0.0,0.0,0.0,0.0,0.0,0.0,0.0,0.0,0.0,0.0,0.0,0.0,0.0,0.0,0.0,0.0,0.0,0.0,0.0,0.0,0.0,0.0,0.0,0.0,0.0,0.0,0.0,0.0,0.0,0.0,0.0,0.0,0.0,0.0,0.0,1.0E-4,18640.0,9.551999999999999E25,5913.0,1243.0,81.54,202600.0,673.0,812.8,12410.0,4072.0,2417.0,0.3167,2.206,55.89,182.2,4.891,3.315,0.08566,0.03388,3.816,1.069,0.3055,0.004054,1349.0,144.8,28.41,0.3864,1.878E-5,3.282E-4,1.074E-4,0.01617,0.004466,7.919E-4,19.42,566.0,1.561,5.631,5.745,0.3159,0.1259,0.03442,3.74,0.9603,0.2113,0.0,0.0,0.0,0.0,0.0,0.0,0.0,0.0,0.0,0.0,0.0,0.4509,267.3,2.534,0.4256,0.06865,1.096,0.286,0.03892,2.889,0.7679,0.2945,6.57E-6,298.6,7.986E-4,7.32E-5,5.661E-6,1.125E-4,3.659E-6,7.45E-7,3.429E-5,9.464E-6,4.668E-6,
0.0,0.0,0.0,0.0,0.0,0.0,0.0,0.0,0.0,0.0,0.0,0.0,0.0,0.0,0.0,0.0,0.0,0.0,0.0,0.0,0.0,0.0,2.8E-6,0.001843,0.01743,3.018,1.224,0.01596,1.483E-6,2.881E-4,4.616E-5,0.02024,0.004404,3.998E-4,0.0,0.0,0.0,0.0,0.0,0.0,0.0,0.0,0.0,0.0,0.0,0.0,0.0,0.0,0.0,0.0,0.0,0.0,0.0,0.0,0.0,0.0,2.3E-22,0.0,4.001,0.001848,0.01539,0.0,0.01654,0.008959,0.7643,0.177,0.01462,0.0,0.0,0.0,0.0,0.0,0.0,0.0,0.0,0.0,0.0,0.0,0.0,0.0,0.0,0.0,0.0,0.0,0.0,0.0,0.0,0.0,0.0,0.0,0.0,0.0,0.0,0.0,0.0,0.0,0.0,0.0,0.0,0.0,0.0,0.0,0.0,0.0,0.0,0.0,0.0,0.0,0.0,0.0,0.0,0.0,0.0,1.0E-4,18640.0,9.551999999999999E25,5913.0,1243.0,81.54,202600.0,673.0,812.8,12410.0,4072.0,2417.0,0.3167,1.735,55.89,182.2,4.891,3.315,0.08566,0.03388,3.816,1.069,0.3055,0.004054,1335.0,144.8,28.41,0.3864,1.878E-5,3.282E-4,1.074E-4,0.01617,0.004466,7.919E-4,19.42,579.9,1.561,5.631,5.745,0.3159,0.1259,0.03442,3.74,0.9603,0.2113,0.0,0.0,0.0,0.0,0.0,0.0,0.0,0.0,0.0,0.0,0.0,0.4509,267.8,2.534,0.4256,0.06865,1.096,0.286,0.03892,2.889,0.7679,0.2945,6.57E-6,312.0,7.986E-4,7.32E-5,5.661E-6,1.125E-4,3.659E-6,7.45E-7,3.429E-5,9.464E-6,4.668E-6,
0.0,0.0,0.0,0.0,0.0,0.0,0.0,0.0,0.0,0.0,0.0,0.0,0.0,0.0,0.0,0.0,0.0,0.0,0.0,0.0,0.0,0.0,2.8E-6,0.001843,0.01817,3.018,1.224,0.01596,1.483E-6,2.881E-4,4.616E-5,0.02024,0.004404,3.998E-4,0.0,0.0,0.0,0.0,0.0,0.0,0.0,0.0,0.0,0.0,0.0,0.0,0.0,0.0,0.0,0.0,0.0,0.0,0.0,0.0,0.0,0.0,2.3E-22,0.0,4.001,0.001848,0.01539,0.0,0.01654,0.008959,0.7643,0.177,0.01462,0.0,0.0,0.0,0.0,0.0,0.0,0.0,0.0,0.0,0.0,0.0,0.0,0.0,0.0,0.0,0.0,0.0,0.0,0.0,0.0,0.0,0.0,0.0,0.0,0.0,0.0,0.0,0.0,0.0,0.0,0.0,0.0,0.0,0.0,0.0,0.0,0.0,0.0,0.0,0.0,0.0,0.0,0.0,0.0,0.0,0.0,1.0E-4,18640.0,9.551999999999999E25,5913.0,1243.0,81.54,202600.0,673.0,812.8,12410.0,4072.0,2417.0,0.3167,1.365,55.89,182.2,4.891,3.315,0.08566,0.03388,3.816,1.069,0.3055,0.004054,1322.0,144.8,28.41,0.3864,1.878E-5,3.282E-4,1.074E-4,0.01617,0.004466,7.919E-4,19.42,593.6,1.561,5.631,5.745,0.3159,0.1259,0.03442,3.74,0.9603,0.2113,0.0,0.0,0.0,0.0,0.0,0.0,0.0,0.0,0.0,0.0,0.0,0.4509,268.2,2.534,0.4256,0.06865,1.096,0.286,0.03892,2.889,0.7679,0.2945,6.57E-6,325.3,7.986E-4,7.32E-5,5.661E-6,1.125E-4,3.659E-6,7.45E-7,3.429E-5,9.464E-6,4.668E-6,
0.0,0.0,0.0,0.0,0.0,0.0,0.0,0.0,0.0,0.0,0.0,0.0,0.0,0.0,0.0,0.0,0.0,0.0,0.0,0.0,0.0,0.0,2.8E-6,0.001843,0.0189,3.018,1.224,0.01596,1.483E-6,2.881E-4,4.616E-5,0.02024,0.004404,3.998E-4,0.0,0.0,0.0,0.0,0.0,0.0,0.0,0.0,0.0,0.0,0.0,0.0,0.0,0.0,0.0,0.0,0.0,0.0,0.0,0.0,0.0,0.0,2.3E-22,0.0,4.001,0.001848,0.01539,0.0,0.01654,0.008959,0.7643,0.177,0.01462,0.0,0.0,0.0,0.0,0.0,0.0,0.0,0.0,0.0,0.0,0.0,0.0,0.0,0.0,0.0,0.0,0.0,0.0,0.0,0.0,0.0,0.0,0.0,0.0,0.0,0.0,0.0,0.0,0.0,0.0,0.0,0.0,0.0,0.0,0.0,0.0,0.0,0.0,0.0,0.0,0.0,0.0,0.0,0.0,0.0,0.0,1.0E-4,18640.0,9.551999999999999E25,5913.0,1243.0,81.54,202600.0,673.0,812.8,12410.0,4072.0,2417.0,0.3167,1.074,55.89,182.2,4.891,3.315,0.08566,0.03388,3.816,1.069,0.3055,0.004054,1309.0,144.8,28.41,0.3864,1.878E-5,3.282E-4,1.074E-4,0.01617,0.004466,7.919E-4,19.42,607.0,1.561,5.631,5.745,0.3159,0.1259,0.03442,3.74,0.9603,0.2113,0.0,0.0,0.0,0.0,0.0,0.0,0.0,0.0,0.0,0.0,0.0,0.4509,268.4,2.534,0.4256,0.06865,1.096,0.286,0.03892,2.889,0.7679,0.2945,6.57E-6,338.4,7.986E-4,7.32E-5,5.661E-6,1.125E-4,3.659E-6,7.45E-7,3.429E-5,9.464E-6,4.668E-6,
0.0,0.0,0.0,0.0,0.0,0.0,0.0,0.0,0.0,0.0,0.0,0.0,0.0,0.0,0.0,0.0,0.0,0.0,0.0,0.0,0.0,0.0,2.8E-6,0.001843,0.01963,3.018,1.224,0.01596,1.483E-6,2.881E-4,4.616E-5,0.02024,0.004404,3.998E-4,0.0,0.0,0.0,0.0,0.0,0.0,0.0,0.0,0.0,0.0,0.0,0.0,0.0,0.0,0.0,0.0,0.0,0.0,0.0,0.0,0.0,0.0,2.3E-22,0.0,4.001,0.001848,0.01539,0.0,0.01654,0.008959,0.7643,0.177,0.01462,0.0,0.0,0.0,0.0,0.0,0.0,0.0,0.0,0.0,0.0,0.0,0.0,0.0,0.0,0.0,0.0,0.0,0.0,0.0,0.0,0.0,0.0,0.0,0.0,0.0,0.0,0.0,0.0,0.0,0.0,0.0,0.0,0.0,0.0,0.0,0.0,0.0,0.0,0.0,0.0,0.0,0.0,0.0,0.0,0.0,0.0,1.0E-4,18640.0,9.551999999999999E25,5913.0,1243.0,81.54,202600.0,673.0,812.8,12410.0,4072.0,2417.0,0.3167,0.8452,55.89,182.2,4.891,3.315,0.08566,0.03388,3.816,1.069,0.3055,0.004054,1296.0,144.8,28.41,0.3864,1.878E-5,3.282E-4,1.074E-4,0.01617,0.004466,7.919E-4,19.42,620.3,1.561,5.631,5.745,0.3159,0.1259,0.03442,3.74,0.9603,0.2113,0.0,0.0,0.0,0.0,0.0,0.0,0.0,0.0,0.0,0.0,0.0,0.4509,268.7,2.534,0.4256,0.06865,1.096,0.286,0.03892,2.889,0.7679,0.2945,6.57E-6,351.4,7.986E-4,7.32E-5,5.661E-6,1.125E-4,3.659E-6,7.45E-7,3.429E-5,9.464E-6,4.668E-6,
0.0,0.0,0.0,0.0,0.0,0.0,0.0,0.0,0.0,0.0,0.0,0.0,0.0,0.0,0.0,0.0,0.0,0.0,0.0,0.0,0.0,0.0,2.8E-6,0.001843,0.02035,3.018,1.224,0.01596,1.483E-6,2.881E-4,4.616E-5,0.02024,0.004404,3.998E-4,0.0,0.0,0.0,0.0,0.0,0.0,0.0,0.0,0.0,0.0,0.0,0.0,0.0,0.0,0.0,0.0,0.0,0.0,0.0,0.0,0.0,0.0,2.3E-22,0.0,4.001,0.001848,0.01539,0.0,0.01654,0.008959,0.7643,0.177,0.01462,0.0,0.0,0.0,0.0,0.0,0.0,0.0,0.0,0.0,0.0,0.0,0.0,0.0,0.0,0.0,0.0,0.0,0.0,0.0,0.0,0.0,0.0,0.0,0.0,0.0,0.0,0.0,0.0,0.0,0.0,0.0,0.0,0.0,0.0,0.0,0.0,0.0,0.0,0.0,0.0,0.0,0.0,0.0,0.0,0.0,0.0,1.0E-4,18640.0,9.551999999999999E25,5913.0,1243.0,81.54,202600.0,673.0,812.8,12410.0,4072.0,2417.0,0.3167,0.6653,55.89,182.2,4.891,3.315,0.08566,0.03388,3.816,1.069,0.3055,0.004054,1283.0,144.8,28.41,0.3864,1.878E-5,3.282E-4,1.074E-4,0.01617,0.004466,7.919E-4,19.42,633.3,1.561,5.631,5.745,0.3159,0.1259,0.03442,3.74,0.9603,0.2113,0.0,0.0,0.0,0.0,0.0,0.0,0.0,0.0,0.0,0.0,0.0,0.4509,268.9,2.534,0.4256,0.06865,1.096,0.286,0.03892,2.889,0.7679,0.2945,6.57E-6,364.3,7.986E-4,7.32E-5,5.661E-6,1.125E-4,3.659E-6,7.45E-7,3.429E-5,9.464E-6,4.668E-6,
0.0,0.0,0.0,0.0,0.0,0.0,0.0,0.0,0.0,0.0,0.0,0.0,0.0,0.0,0.0,0.0,0.0,0.0,0.0,0.0,0.0,0.0,2.8E-6,0.001843,0.02106,3.018,1.224,0.01596,1.483E-6,2.881E-4,4.616E-5,0.02024,0.004404,3.998E-4,0.0,0.0,0.0,0.0,0.0,0.0,0.0,0.0,0.0,0.0,0.0,0.0,0.0,0.0,0.0,0.0,0.0,0.0,0.0,0.0,0.0,0.0,2.3E-22,0.0,4.001,0.001848,0.01539,0.0,0.01654,0.008959,0.7643,0.177,0.01462,0.0,0.0,0.0,0.0,0.0,0.0,0.0,0.0,0.0,0.0,0.0,0.0,0.0,0.0,0.0,0.0,0.0,0.0,0.0,0.0,0.0,0.0,0.0,0.0,0.0,0.0,0.0,0.0,0.0,0.0,0.0,0.0,0.0,0.0,0.0,0.0,0.0,0.0,0.0,0.0,0.0,0.0,0.0,0.0,0.0,0.0,1.0E-4,18640.0,9.551999999999999E25,5913.0,1243.0,81.54,202600.0,673.0,812.8,12410.0,4072.0,2417.0,0.3167,0.5238,55.89,182.2,4.891,3.315,0.08566,0.03388,3.816,1.069,0.3055,0.004054,1270.0,144.8,28.41,0.3864,1.878E-5,3.282E-4,1.074E-4,0.01617,0.004466,7.919E-4,19.42,646.2,1.561,5.631,5.745,0.3159,0.1259,0.03442,3.74,0.9603,0.2113,0.0,0.0,0.0,0.0,0.0,0.0,0.0,0.0,0.0,0.0,0.0,0.4509,269.0,2.534,0.4256,0.06865,1.096,0.286,0.03892,2.889,0.7679,0.2945,6.57E-6,377.1,7.986E-4,7.32E-5,5.661E-6,1.125E-4,3.659E-6,7.45E-7,3.429E-5,9.464E-6,4.668E-6,
0.0,0.0,0.0,0.0,0.0,0.0,0.0,0.0,0.0,0.0,0.0,0.0,0.0,0.0,0.0,0.0,0.0,0.0,0.0,0.0,0.0,0.0,2.8E-6,0.001843,0.02177,3.018,1.224,0.01596,1.483E-6,2.881E-4,4.616E-5,0.02024,0.004404,3.998E-4,0.0,0.0,0.0,0.0,0.0,0.0,0.0,0.0,0.0,0.0,0.0,0.0,0.0,0.0,0.0,0.0,0.0,0.0,0.0,0.0,0.0,0.0,2.3E-22,0.0,4.001,0.001848,0.01539,0.0,0.01654,0.008959,0.7643,0.177,0.01462,0.0,0.0,0.0,0.0,0.0,0.0,0.0,0.0,0.0,0.0,0.0,0.0,0.0,0.0,0.0,0.0,0.0,0.0,0.0,0.0,0.0,0.0,0.0,0.0,0.0,0.0,0.0,0.0,0.0,0.0,0.0,0.0,0.0,0.0,0.0,0.0,0.0,0.0,0.0,0.0,0.0,0.0,0.0,0.0,0.0,0.0,1.0E-4,18640.0,9.551999999999999E25,5913.0,1243.0,81.54,202600.0,673.0,812.8,12410.0,4072.0,2417.0,0.3167,0.4125,55.89,182.2,4.891,3.315,0.08566,0.03388,3.816,1.069,0.3055,0.004054,1257.0,144.8,28.41,0.3864,1.878E-5,3.282E-4,1.074E-4,0.01617,0.004466,7.919E-4,19.42,659.0,1.561,5.631,5.745,0.3159,0.1259,0.03442,3.74,0.9603,0.2113,0.0,0.0,0.0,0.0,0.0,0.0,0.0,0.0,0.0,0.0,0.0,0.4509,269.1,2.534,0.4256,0.06865,1.096,0.286,0.03892,2.889,0.7679,0.2945,6.57E-6,389.7,7.986E-4,7.32E-5,5.661E-6,1.125E-4,3.659E-6,7.45E-7,3.429E-5,9.464E-6,4.668E-6,
0.0,0.0,0.0,0.0,0.0,0.0,0.0,0.0,0.0,0.0,0.0,0.0,0.0,0.0,0.0,0.0,0.0,0.0,0.0,0.0,0.0,0.0,2.8E-6,0.001843,0.02247,3.018,1.224,0.01596,1.483E-6,2.881E-4,4.616E-5,0.02024,0.004404,3.998E-4,0.0,0.0,0.0,0.0,0.0,0.0,0.0,0.0,0.0,0.0,0.0,0.0,0.0,0.0,0.0,0.0,0.0,0.0,0.0,0.0,0.0,0.0,2.3E-22,0.0,4.001,0.001848,0.01539,0.0,0.01654,0.008959,0.7643,0.177,0.01462,0.0,0.0,0.0,0.0,0.0,0.0,0.0,0.0,0.0,0.0,0.0,0.0,0.0,0.0,0.0,0.0,0.0,0.0,0.0,0.0,0.0,0.0,0.0,0.0,0.0,0.0,0.0,0.0,0.0,0.0,0.0,0.0,0.0,0.0,0.0,0.0,0.0,0.0,0.0,0.0,0.0,0.0,0.0,0.0,0.0,0.0,1.0E-4,18640.0,9.551999999999999E25,5913.0,1243.0,81.54,202600.0,673.0,812.8,12410.0,4072.0,2417.0,0.3167,0.325,55.89,182.2,4.891,3.315,0.08566,0.03388,3.816,1.069,0.3055,0.004054,1245.0,144.8,28.41,0.3864,1.878E-5,3.282E-4,1.074E-4,0.01617,0.004466,7.919E-4,19.42,671.6,1.561,5.631,5.745,0.3159,0.1259,0.03442,3.74,0.9603,0.2113,0.0,0.0,0.0,0.0,0.0,0.0,0.0,0.0,0.0,0.0,0.0,0.4509,269.2,2.534,0.4256,0.06865,1.096,0.286,0.03892,2.889,0.7679,0.2945,6.57E-6,402.3,7.986E-4,7.32E-5,5.661E-6,1.125E-4,3.659E-6,7.45E-7,3.429E-5,9.464E-6,4.668E-6,
0.0,0.0,0.0,0.0,0.0,0.0,0.0,0.0,0.0,0.0,0.0,0.0,0.0,0.0,0.0,0.0,0.0,0.0,0.0,0.0,0.0,0.0,2.8E-6,0.001843,0.02316,3.018,1.224,0.01596,1.483E-6,2.881E-4,4.616E-5,0.02024,0.004404,3.998E-4,0.0,0.0,0.0,0.0,0.0,0.0,0.0,0.0,0.0,0.0,0.0,0.0,0.0,0.0,0.0,0.0,0.0,0.0,0.0,0.0,0.0,0.0,2.3E-22,0.0,4.001,0.001848,0.01539,0.0,0.01654,0.008959,0.7643,0.177,0.01462,0.0,0.0,0.0,0.0,0.0,0.0,0.0,0.0,0.0,0.0,0.0,0.0,0.0,0.0,0.0,0.0,0.0,0.0,0.0,0.0,0.0,0.0,0.0,0.0,0.0,0.0,0.0,0.0,0.0,0.0,0.0,0.0,0.0,0.0,0.0,0.0,0.0,0.0,0.0,0.0,0.0,0.0,0.0,0.0,0.0,0.0,1.0E-4,18640.0,9.551999999999999E25,5913.0,1243.0,81.54,202600.0,673.0,812.8,12410.0,4072.0,2417.0,0.3167,0.2562,55.89,182.2,4.891,3.315,0.08566,0.03388,3.816,1.069,0.3055,0.004054,1232.0,144.8,28.41,0.3864,1.878E-5,3.282E-4,1.074E-4,0.01617,0.004466,7.919E-4,19.42,684.1,1.561,5.631,5.745,0.3159,0.1259,0.03442,3.74,0.9603,0.2113,0.0,0.0,0.0,0.0,0.0,0.0,0.0,0.0,0.0,0.0,0.0,0.4509,269.3,2.534,0.4256,0.06865,1.096,0.286,0.03892,2.889,0.7679,0.2945,6.57E-6,414.6,7.986E-4,7.32E-5,5.661E-6,1.125E-4,3.659E-6,7.45E-7,3.429E-5,9.464E-6,4.668E-6,
0.0,0.0,0.0,0.0,0.0,0.0,0.0,0.0,0.0,0.0,0.0,0.0,0.0,0.0,0.0,0.0,0.0,0.0,0.0,0.0,0.0,0.0,2.8E-6,0.001843,0.02385,3.018,1.224,0.01596,1.483E-6,2.881E-4,4.616E-5,0.02024,0.004404,3.998E-4,0.0,0.0,0.0,0.0,0.0,0.0,0.0,0.0,0.0,0.0,0.0,0.0,0.0,0.0,0.0,0.0,0.0,0.0,0.0,0.0,0.0,0.0,2.3E-22,0.0,4.001,0.001848,0.01539,0.0,0.01654,0.008959,0.7643,0.177,0.01462,0.0,0.0,0.0,0.0,0.0,0.0,0.0,0.0,0.0,0.0,0.0,0.0,0.0,0.0,0.0,0.0,0.0,0.0,0.0,0.0,0.0,0.0,0.0,0.0,0.0,0.0,0.0,0.0,0.0,0.0,0.0,0.0,0.0,0.0,0.0,0.0,0.0,0.0,0.0,0.0,0.0,0.0,0.0,0.0,0.0,0.0,1.0E-4,18640.0,9.551999999999999E25,5913.0,1243.0,81.54,202600.0,673.0,812.8,12410.0,4072.0,2417.0,0.3167,0.202,55.89,182.2,4.891,3.315,0.08566,0.03388,3.816,1.069,0.3055,0.004054,1220.0,144.8,28.41,0.3864,1.878E-5,3.282E-4,1.074E-4,0.01617,0.004466,7.919E-4,19.42,696.4,1.561,5.631,5.745,0.3159,0.1259,0.03442,3.74,0.9603,0.2113,0.0,0.0,0.0,0.0,0.0,0.0,0.0,0.0,0.0,0.0,0.0,0.4509,269.3,2.534,0.4256,0.06865,1.096,0.286,0.03892,2.889,0.7679,0.2945,6.57E-6,426.9,7.986E-4,7.32E-5,5.661E-6,1.125E-4,3.659E-6,7.45E-7,3.429E-5,9.464E-6,4.668E-6,
0.0,0.0,0.0,0.0,0.0,0.0,0.0,0.0,0.0,0.0,0.0,0.0,0.0,0.0,0.0,0.0,0.0,0.0,0.0,0.0,0.0,0.0,2.8E-6,0.001843,0.02452,3.018,1.224,0.01596,1.483E-6,2.881E-4,4.616E-5,0.02024,0.004404,3.998E-4,0.0,0.0,0.0,0.0,0.0,0.0,0.0,0.0,0.0,0.0,0.0,0.0,0.0,0.0,0.0,0.0,0.0,0.0,0.0,0.0,0.0,0.0,2.3E-22,0.0,4.001,0.001848,0.01539,0.0,0.01654,0.008959,0.7643,0.177,0.01462,0.0,0.0,0.0,0.0,0.0,0.0,0.0,0.0,0.0,0.0,0.0,0.0,0.0,0.0,0.0,0.0,0.0,0.0,0.0,0.0,0.0,0.0,0.0,0.0,0.0,0.0,0.0,0.0,0.0,0.0,0.0,0.0,0.0,0.0,0.0,0.0,0.0,0.0,0.0,0.0,0.0,0.0,0.0,0.0,0.0,0.0,1.0E-4,18640.0,9.551999999999999E25,5913.0,1243.0,81.54,202600.0,673.0,812.8,12410.0,4072.0,2417.0,0.3167,0.1595,55.89,182.2,4.891,3.315,0.08566,0.03388,3.816,1.069,0.3055,0.004054,1208.0,144.8,28.41,0.3864,1.878E-5,3.282E-4,1.074E-4,0.01617,0.004466,7.919E-4,19.42,708.6,1.561,5.631,5.745,0.3159,0.1259,0.03442,3.74,0.9603,0.2113,0.0,0.0,0.0,0.0,0.0,0.0,0.0,0.0,0.0,0.0,0.0,0.4509,269.4,2.534,0.4256,0.06865,1.096,0.286,0.03892,2.889,0.7679,0.2945,6.57E-6,439.0,7.986E-4,7.32E-5,5.661E-6,1.125E-4,3.659E-6,7.45E-7,3.429E-5,9.464E-6,4.668E-6,
0.0,0.0,0.0,0.0,0.0,0.0,0.0,0.0,0.0,0.0,0.0,0.0,0.0,0.0,0.0,0.0,0.0,0.0,0.0,0.0,0.0,0.0,2.8E-6,0.001843,0.0252,3.018,1.224,0.01596,1.483E-6,2.881E-4,4.616E-5,0.02024,0.004404,3.998E-4,0.0,0.0,0.0,0.0,0.0,0.0,0.0,0.0,0.0,0.0,0.0,0.0,0.0,0.0,0.0,0.0,0.0,0.0,0.0,0.0,0.0,0.0,2.3E-22,0.0,4.001,0.001848,0.01539,0.0,0.01654,0.008959,0.7643,0.177,0.01462,0.0,0.0,0.0,0.0,0.0,0.0,0.0,0.0,0.0,0.0,0.0,0.0,0.0,0.0,0.0,0.0,0.0,0.0,0.0,0.0,0.0,0.0,0.0,0.0,0.0,0.0,0.0,0.0,0.0,0.0,0.0,0.0,0.0,0.0,0.0,0.0,0.0,0.0,0.0,0.0,0.0,0.0,0.0,0.0,0.0,0.0,1.0E-4,18640.0,9.551999999999999E25,5913.0,1243.0,81.54,202600.0,673.0,812.8,12410.0,4072.0,2417.0,0.3167,0.126,55.89,182.2,4.891,3.315,0.08566,0.03388,3.816,1.069,0.3055,0.004054,1196.0,144.8,28.41,0.3864,1.878E-5,3.282E-4,1.074E-4,0.01617,0.004466,7.919E-4,19.42,720.6,1.561,5.631,5.745,0.3159,0.1259,0.03442,3.74,0.9603,0.2113,0.0,0.0,0.0,0.0,0.0,0.0,0.0,0.0,0.0,0.0,0.0,0.4509,269.4,2.534,0.4256,0.06865,1.096,0.286,0.03892,2.889,0.7679,0.2945,6.57E-6,451.1,7.986E-4,7.32E-5,5.661E-6,1.125E-4,3.659E-6,7.45E-7,3.429E-5,9.464E-6,4.668E-6,
0.0,0.0,0.0,0.0,0.0,0.0,0.0,0.0,0.0,0.0,0.0,0.0,0.0,0.0,0.0,0.0,0.0,0.0,0.0,0.0,0.0,0.0,2.8E-6,0.001843,0.02586,3.018,1.224,0.01596,1.483E-6,2.881E-4,4.616E-5,0.02024,0.004404,3.998E-4,0.0,0.0,0.0,0.0,0.0,0.0,0.0,0.0,0.0,0.0,0.0,0.0,0.0,0.0,0.0,0.0,0.0,0.0,0.0,0.0,0.0,0.0,2.3E-22,0.0,4.001,0.001848,0.01539,0.0,0.01654,0.008959,0.7643,0.177,0.01462,0.0,0.0,0.0,0.0,0.0,0.0,0.0,0.0,0.0,0.0,0.0,0.0,0.0,0.0,0.0,0.0,0.0,0.0,0.0,0.0,0.0,0.0,0.0,0.0,0.0,0.0,0.0,0.0,0.0,0.0,0.0,0.0,0.0,0.0,0.0,0.0,0.0,0.0,0.0,0.0,0.0,0.0,0.0,0.0,0.0,0.0,1.0E-4,18640.0,9.551999999999999E25,5913.0,1243.0,81.54,202600.0,673.0,812.8,12410.0,4072.0,2417.0,0.3167,0.09967,55.89,182.2,4.891,3.315,0.08566,0.03388,3.816,1.069,0.3055,0.004054,1184.0,144.8,28.41,0.3864,1.878E-5,3.282E-4,1.074E-4,0.01617,0.004466,7.919E-4,19.42,732.5,1.561,5.631,5.745,0.3159,0.1259,0.03442,3.74,0.9603,0.2113,0.0,0.0,0.0,0.0,0.0,0.0,0.0,0.0,0.0,0.0,0.0,0.4509,269.4,2.534,0.4256,0.06865,1.096,0.286,0.03892,2.889,0.7679,0.2945,6.57E-6,463.0,7.986E-4,7.32E-5,5.661E-6,1.125E-4,3.659E-6,7.45E-7,3.429E-5,9.464E-6,4.668E-6,
0.0,0.0,0.0,0.0,0.0,0.0,0.0,0.0,0.0,0.0,0.0,0.0,0.0,0.0,0.0,0.0,0.0,0.0,0.0,0.0,0.0,0.0,2.8E-6,0.001843,0.02652,3.018,1.224,0.01596,1.483E-6,2.881E-4,4.616E-5,0.02024,0.004404,3.998E-4,0.0,0.0,0.0,0.0,0.0,0.0,0.0,0.0,0.0,0.0,0.0,0.0,0.0,0.0,0.0,0.0,0.0,0.0,0.0,0.0,0.0,0.0,2.3E-22,0.0,4.001,0.001848,0.01539,0.0,0.01654,0.008959,0.7643,0.177,0.01462,0.0,0.0,0.0,0.0,0.0,0.0,0.0,0.0,0.0,0.0,0.0,0.0,0.0,0.0,0.0,0.0,0.0,0.0,0.0,0.0,0.0,0.0,0.0,0.0,0.0,0.0,0.0,0.0,0.0,0.0,0.0,0.0,0.0,0.0,0.0,0.0,0.0,0.0,0.0,0.0,0.0,0.0,0.0,0.0,0.0,0.0,1.0E-4,18640.0,9.551999999999999E25,5913.0,1243.0,81.54,202600.0,673.0,812.8,12410.0,4072.0,2417.0,0.3167,0.07896,55.89,182.2,4.891,3.315,0.08566,0.03388,3.816,1.069,0.3055,0.004054,1172.0,144.8,28.41,0.3864,1.878E-5,3.282E-4,1.074E-4,0.01617,0.004466,7.919E-4,19.42,744.3,1.561,5.631,5.745,0.3159,0.1259,0.03442,3.74,0.9603,0.2113,0.0,0.0,0.0,0.0,0.0,0.0,0.0,0.0,0.0,0.0,0.0,0.4509,269.4,2.534,0.4256,0.06865,1.096,0.286,0.03892,2.889,0.7679,0.2945,6.57E-6,474.7,7.986E-4,7.32E-5,5.661E-6,1.125E-4,3.659E-6,7.45E-7,3.429E-5,9.464E-6,4.668E-6,
0.0,0.0,0.0,0.0,0.0,0.0,0.0,0.0,0.0,0.0,0.0,0.0,0.0,0.0,0.0,0.0,0.0,0.0,0.0,0.0,0.0,0.0,2.8E-6,0.001843,0.02717,3.018,1.224,0.01596,1.483E-6,2.881E-4,4.616E-5,0.02024,0.004404,3.998E-4,0.0,0.0,0.0,0.0,0.0,0.0,0.0,0.0,0.0,0.0,0.0,0.0,0.0,0.0,0.0,0.0,0.0,0.0,0.0,0.0,0.0,0.0,2.3E-22,0.0,4.001,0.001848,0.01539,0.0,0.01654,0.008959,0.7643,0.177,0.01462,0.0,0.0,0.0,0.0,0.0,0.0,0.0,0.0,0.0,0.0,0.0,0.0,0.0,0.0,0.0,0.0,0.0,0.0,0.0,0.0,0.0,0.0,0.0,0.0,0.0,0.0,0.0,0.0,0.0,0.0,0.0,0.0,0.0,0.0,0.0,0.0,0.0,0.0,0.0,0.0,0.0,0.0,0.0,0.0,0.0,0.0,1.0E-4,18640.0,9.551999999999999E25,5913.0,1243.0,81.54,202600.0,673.0,812.8,12410.0,4072.0,2417.0,0.3167,0.06267,55.89,182.2,4.891,3.315,0.08566,0.03388,3.816,1.069,0.3055,0.004054,1161.0,144.8,28.41,0.3864,1.878E-5,3.282E-4,1.074E-4,0.01617,0.004466,7.919E-4,19.42,756.0,1.561,5.631,5.745,0.3159,0.1259,0.03442,3.74,0.9603,0.2113,0.0,0.0,0.0,0.0,0.0,0.0,0.0,0.0,0.0,0.0,0.0,0.4509,269.5,2.534,0.4256,0.06865,1.096,0.286,0.03892,2.889,0.7679,0.2945,6.57E-6,486.4,7.986E-4,7.32E-5,5.661E-6,1.125E-4,3.659E-6,7.45E-7,3.429E-5,9.464E-6,4.668E-6,
0.0,0.0,0.0,0.0,0.0,0.0,0.0,0.0,0.0,0.0,0.0,0.0,0.0,0.0,0.0,0.0,0.0,0.0,0.0,0.0,0.0,0.0,2.8E-6,0.001843,0.02781,3.018,1.224,0.01596,1.483E-6,2.881E-4,4.616E-5,0.02024,0.004404,3.998E-4,0.0,0.0,0.0,0.0,0.0,0.0,0.0,0.0,0.0,0.0,0.0,0.0,0.0,0.0,0.0,0.0,0.0,0.0,0.0,0.0,0.0,0.0,2.3E-22,0.0,4.001,0.001848,0.01539,0.0,0.01654,0.008959,0.7643,0.177,0.01462,0.0,0.0,0.0,0.0,0.0,0.0,0.0,0.0,0.0,0.0,0.0,0.0,0.0,0.0,0.0,0.0,0.0,0.0,0.0,0.0,0.0,0.0,0.0,0.0,0.0,0.0,0.0,0.0,0.0,0.0,0.0,0.0,0.0,0.0,0.0,0.0,0.0,0.0,0.0,0.0,0.0,0.0,0.0,0.0,0.0,0.0,1.0E-4,18640.0,9.551999999999999E25,5913.0,1243.0,81.54,202600.0,673.0,812.8,12410.0,4072.0,2417.0,0.3167,0.04986,55.89,182.2,4.891,3.315,0.08566,0.03388,3.816,1.069,0.3055,0.004054,1149.0,144.8,28.41,0.3864,1.878E-5,3.282E-4,1.074E-4,0.01617,0.004466,7.919E-4,19.42,767.6,1.561,5.631,5.745,0.3159,0.1259,0.03442,3.74,0.9603,0.2113,0.0,0.0,0.0,0.0,0.0,0.0,0.0,0.0,0.0,0.0,0.0,0.4509,269.5,2.534,0.4256,0.06865,1.096,0.286,0.03892,2.889,0.7679,0.2945,6.57E-6,498.0,7.986E-4,7.32E-5,5.661E-6,1.125E-4,3.659E-6,7.45E-7,3.429E-5,9.464E-6,4.668E-6,
0.0,0.0,0.0,0.0,0.0,0.0,0.0,0.0,0.0,0.0,0.0,0.0,0.0,0.0,0.0,0.0,0.0,0.0,0.0,0.0,0.0,0.0,2.8E-6,0.001843,0.02845,3.018,1.224,0.01596,1.483E-6,2.881E-4,4.616E-5,0.02024,0.004404,3.998E-4,0.0,0.0,0.0,0.0,0.0,0.0,0.0,0.0,0.0,0.0,0.0,0.0,0.0,0.0,0.0,0.0,0.0,0.0,0.0,0.0,0.0,0.0,2.3E-22,0.0,4.001,0.001848,0.01539,0.0,0.01654,0.008959,0.7643,0.177,0.01462,0.0,0.0,0.0,0.0,0.0,0.0,0.0,0.0,0.0,0.0,0.0,0.0,0.0,0.0,0.0,0.0,0.0,0.0,0.0,0.0,0.0,0.0,0.0,0.0,0.0,0.0,0.0,0.0,0.0,0.0,0.0,0.0,0.0,0.0,0.0,0.0,0.0,0.0,0.0,0.0,0.0,0.0,0.0,0.0,0.0,0.0,1.0E-4,18640.0,9.551999999999999E25,5913.0,1243.0,81.54,202600.0,673.0,812.8,12410.0,4072.0,2417.0,0.3167,0.03977,55.89,182.2,4.891,3.315,0.08566,0.03388,3.816,1.069,0.3055,0.004054,1138.0,144.8,28.41,0.3864,1.878E-5,3.282E-4,1.074E-4,0.01617,0.004466,7.919E-4,19.42,779.0,1.561,5.631,5.745,0.3159,0.1259,0.03442,3.74,0.9603,0.2113,0.0,0.0,0.0,0.0,0.0,0.0,0.0,0.0,0.0,0.0,0.0,0.4509,269.5,2.534,0.4256,0.06865,1.096,0.286,0.03892,2.889,0.7679,0.2945,6.57E-6,509.4,7.986E-4,7.32E-5,5.661E-6,1.125E-4,3.659E-6,7.45E-7,3.429E-5,9.464E-6,4.668E-6,
0.0,0.0,0.0,0.0,0.0,0.0,0.0,0.0,0.0,0.0,0.0,0.0,0.0,0.0,0.0,0.0,0.0,0.0,0.0,0.0,0.0,0.0,2.8E-6,0.001843,0.02909,3.018,1.224,0.01596,1.483E-6,2.881E-4,4.616E-5,0.02024,0.004404,3.998E-4,0.0,0.0,0.0,0.0,0.0,0.0,0.0,0.0,0.0,0.0,0.0,0.0,0.0,0.0,0.0,0.0,0.0,0.0,0.0,0.0,0.0,0.0,2.3E-22,0.0,4.001,0.001848,0.01539,0.0,0.01654,0.008959,0.7643,0.177,0.01462,0.0,0.0,0.0,0.0,0.0,0.0,0.0,0.0,0.0,0.0,0.0,0.0,0.0,0.0,0.0,0.0,0.0,0.0,0.0,0.0,0.0,0.0,0.0,0.0,0.0,0.0,0.0,0.0,0.0,0.0,0.0,0.0,0.0,0.0,0.0,0.0,0.0,0.0,0.0,0.0,0.0,0.0,0.0,0.0,0.0,0.0,1.0E-4,18640.0,9.551999999999999E25,5913.0,1243.0,81.54,202600.0,673.0,812.8,12410.0,4072.0,2417.0,0.3167,0.03184,55.89,182.2,4.891,3.315,0.08566,0.03388,3.816,1.069,0.3055,0.004054,1126.0,144.8,28.41,0.3864,1.878E-5,3.282E-4,1.074E-4,0.01617,0.004466,7.919E-4,19.42,790.4,1.561,5.631,5.745,0.3159,0.1259,0.03442,3.74,0.9603,0.2113,0.0,0.0,0.0,0.0,0.0,0.0,0.0,0.0,0.0,0.0,0.0,0.4509,269.5,2.534,0.4256,0.06865,1.096,0.286,0.03892,2.889,0.7679,0.2945,6.57E-6,520.7,7.986E-4,7.32E-5,5.661E-6,1.125E-4,3.659E-6,7.45E-7,3.429E-5,9.464E-6,4.668E-6,
0.0,0.0,0.0,0.0,0.0,0.0,0.0,0.0,0.0,0.0,0.0,0.0,0.0,0.0,0.0,0.0,0.0,0.0,0.0,0.0,0.0,0.0,2.8E-6,0.001843,0.02971,3.018,1.224,0.01596,1.483E-6,2.881E-4,4.616E-5,0.02024,0.004404,3.998E-4,0.0,0.0,0.0,0.0,0.0,0.0,0.0,0.0,0.0,0.0,0.0,0.0,0.0,0.0,0.0,0.0,0.0,0.0,0.0,0.0,0.0,0.0,2.3E-22,0.0,4.001,0.001848,0.01539,0.0,0.01654,0.008959,0.7643,0.177,0.01462,0.0,0.0,0.0,0.0,0.0,0.0,0.0,0.0,0.0,0.0,0.0,0.0,0.0,0.0,0.0,0.0,0.0,0.0,0.0,0.0,0.0,0.0,0.0,0.0,0.0,0.0,0.0,0.0,0.0,0.0,0.0,0.0,0.0,0.0,0.0,0.0,0.0,0.0,0.0,0.0,0.0,0.0,0.0,0.0,0.0,0.0,1.0E-4,18640.0,9.551999999999999E25,5913.0,1243.0,81.54,202600.0,673.0,812.8,12410.0,4072.0,2417.0,0.3167,0.02559,55.89,182.2,4.891,3.315,0.08566,0.03388,3.816,1.069,0.3055,0.004054,1115.0,144.8,28.41,0.3864,1.878E-5,3.282E-4,1.074E-4,0.01617,0.004466,7.919E-4,19.42,801.6,1.561,5.631,5.745,0.3159,0.1259,0.03442,3.74,0.9603,0.2113,0.0,0.0,0.0,0.0,0.0,0.0,0.0,0.0,0.0,0.0,0.0,0.4509,269.5,2.534,0.4256,0.06865,1.096,0.286,0.03892,2.889,0.7679,0.2945,6.57E-6,531.9,7.986E-4,7.32E-5,5.661E-6,1.125E-4,3.659E-6,7.45E-7,3.429E-5,9.464E-6,4.668E-6,
0.0,0.0,0.0,0.0,0.0,0.0,0.0,0.0,0.0,0.0,0.0,0.0,0.0,0.0,0.0,0.0,0.0,0.0,0.0,0.0,0.0,0.0,2.8E-6,0.001843,0.03033,3.018,1.224,0.01596,1.483E-6,2.881E-4,4.616E-5,0.02024,0.004404,3.998E-4,0.0,0.0,0.0,0.0,0.0,0.0,0.0,0.0,0.0,0.0,0.0,0.0,0.0,0.0,0.0,0.0,0.0,0.0,0.0,0.0,0.0,0.0,2.3E-22,0.0,4.001,0.001848,0.01539,0.0,0.01654,0.008959,0.7643,0.177,0.01462,0.0,0.0,0.0,0.0,0.0,0.0,0.0,0.0,0.0,0.0,0.0,0.0,0.0,0.0,0.0,0.0,0.0,0.0,0.0,0.0,0.0,0.0,0.0,0.0,0.0,0.0,0.0,0.0,0.0,0.0,0.0,0.0,0.0,0.0,0.0,0.0,0.0,0.0,0.0,0.0,0.0,0.0,0.0,0.0,0.0,0.0,1.0E-4,18640.0,9.551999999999999E25,5913.0,1243.0,81.54,202600.0,673.0,812.8,12410.0,4072.0,2417.0,0.3167,0.02067,55.89,182.2,4.891,3.315,0.08566,0.03388,3.816,1.069,0.3055,0.004054,1104.0,144.8,28.41,0.3864,1.878E-5,3.282E-4,1.074E-4,0.01617,0.004466,7.919E-4,19.42,812.7,1.561,5.631,5.745,0.3159,0.1259,0.03442,3.74,0.9603,0.2113,0.0,0.0,0.0,0.0,0.0,0.0,0.0,0.0,0.0,0.0,0.0,0.4509,269.5,2.534,0.4256,0.06865,1.096,0.286,0.03892,2.889,0.7679,0.2945,6.57E-6,543.0,7.986E-4,7.32E-5,5.661E-6,1.125E-4,3.659E-6,7.45E-7,3.429E-5,9.464E-6,4.668E-6,
0.0,0.0,0.0,0.0,0.0,0.0,0.0,0.0,0.0,0.0,0.0,0.0,0.0,0.0,0.0,0.0,0.0,0.0,0.0,0.0,0.0,0.0,2.8E-6,0.001843,0.03095,3.018,1.224,0.01596,1.483E-6,2.881E-4,4.616E-5,0.02024,0.004404,3.998E-4,0.0,0.0,0.0,0.0,0.0,0.0,0.0,0.0,0.0,0.0,0.0,0.0,0.0,0.0,0.0,0.0,0.0,0.0,0.0,0.0,0.0,0.0,2.3E-22,0.0,4.001,0.001848,0.01539,0.0,0.01654,0.008959,0.7643,0.177,0.01462,0.0,0.0,0.0,0.0,0.0,0.0,0.0,0.0,0.0,0.0,0.0,0.0,0.0,0.0,0.0,0.0,0.0,0.0,0.0,0.0,0.0,0.0,0.0,0.0,0.0,0.0,0.0,0.0,0.0,0.0,0.0,0.0,0.0,0.0,0.0,0.0,0.0,0.0,0.0,0.0,0.0,0.0,0.0,0.0,0.0,0.0,1.0E-4,18640.0,9.551999999999999E25,5913.0,1243.0,81.54,202600.0,673.0,812.8,12410.0,4072.0,2417.0,0.3167,0.0168,55.89,182.2,4.891,3.315,0.08566,0.03388,3.816,1.069,0.3055,0.004054,1093.0,144.8,28.41,0.3864,1.878E-5,3.282E-4,1.074E-4,0.01617,0.004466,7.919E-4,19.42,823.7,1.561,5.631,5.745,0.3159,0.1259,0.03442,3.74,0.9603,0.2113,0.0,0.0,0.0,0.0,0.0,0.0,0.0,0.0,0.0,0.0,0.0,0.4509,269.5,2.534,0.4256,0.06865,1.096,0.286,0.03892,2.889,0.7679,0.2945,6.57E-6,554.0,7.986E-4,7.32E-5,5.661E-6,1.125E-4,3.659E-6,7.45E-7,3.429E-5,9.464E-6,4.668E-6,
0.0,0.0,0.0,0.0,0.0,0.0,0.0,0.0,0.0,0.0,0.0,0.0,0.0,0.0,0.0,0.0,0.0,0.0,0.0,0.0,0.0,0.0,2.8E-6,0.001843,0.03155,3.018,1.224,0.01596,1.483E-6,2.881E-4,4.616E-5,0.02024,0.004404,3.998E-4,0.0,0.0,0.0,0.0,0.0,0.0,0.0,0.0,0.0,0.0,0.0,0.0,0.0,0.0,0.0,0.0,0.0,0.0,0.0,0.0,0.0,0.0,2.3E-22,0.0,4.001,0.001848,0.01539,0.0,0.01654,0.008959,0.7643,0.177,0.01462,0.0,0.0,0.0,0.0,0.0,0.0,0.0,0.0,0.0,0.0,0.0,0.0,0.0,0.0,0.0,0.0,0.0,0.0,0.0,0.0,0.0,0.0,0.0,0.0,0.0,0.0,0.0,0.0,0.0,0.0,0.0,0.0,0.0,0.0,0.0,0.0,0.0,0.0,0.0,0.0,0.0,0.0,0.0,0.0,0.0,0.0,1.0E-4,18640.0,9.551999999999999E25,5913.0,1243.0,81.54,202600.0,673.0,812.8,12410.0,4072.0,2417.0,0.3167,0.01375,55.89,182.2,4.891,3.315,0.08566,0.03388,3.816,1.069,0.3055,0.004054,1082.0,144.8,28.41,0.3864,1.878E-5,3.282E-4,1.074E-4,0.01617,0.004466,7.919E-4,19.42,834.5,1.561,5.631,5.745,0.3159,0.1259,0.03442,3.74,0.9603,0.2113,0.0,0.0,0.0,0.0,0.0,0.0,0.0,0.0,0.0,0.0,0.0,0.4509,269.5,2.534,0.4256,0.06865,1.096,0.286,0.03892,2.889,0.7679,0.2945,6.57E-6,564.9,7.986E-4,7.32E-5,5.661E-6,1.125E-4,3.659E-6,7.45E-7,3.429E-5,9.464E-6,4.668E-6,
0.0,0.0,0.0,0.0,0.0,0.0,0.0,0.0,0.0,0.0,0.0,0.0,0.0,0.0,0.0,0.0,0.0,0.0,0.0,0.0,0.0,0.0,2.8E-6,0.001843,0.03215,3.018,1.224,0.01596,1.483E-6,2.881E-4,4.616E-5,0.02024,0.004404,3.998E-4,0.0,0.0,0.0,0.0,0.0,0.0,0.0,0.0,0.0,0.0,0.0,0.0,0.0,0.0,0.0,0.0,0.0,0.0,0.0,0.0,0.0,0.0,2.3E-22,0.0,4.001,0.001848,0.01539,0.0,0.01654,0.008959,0.7643,0.177,0.01462,0.0,0.0,0.0,0.0,0.0,0.0,0.0,0.0,0.0,0.0,0.0,0.0,0.0,0.0,0.0,0.0,0.0,0.0,0.0,0.0,0.0,0.0,0.0,0.0,0.0,0.0,0.0,0.0,0.0,0.0,0.0,0.0,0.0,0.0,0.0,0.0,0.0,0.0,0.0,0.0,0.0,0.0,0.0,0.0,0.0,0.0,1.0E-4,18640.0,9.551999999999999E25,5913.0,1243.0,81.54,202600.0,673.0,812.8,12410.0,4072.0,2417.0,0.3167,0.01135,55.89,182.2,4.891,3.315,0.08566,0.03388,3.816,1.069,0.3055,0.004054,1071.0,144.8,28.41,0.3864,1.878E-5,3.282E-4,1.074E-4,0.01617,0.004466,7.919E-4,19.42,845.3,1.561,5.631,5.745,0.3159,0.1259,0.03442,3.74,0.9603,0.2113,0.0,0.0,0.0,0.0,0.0,0.0,0.0,0.0,0.0,0.0,0.0,0.4509,269.5,2.534,0.4256,0.06865,1.096,0.286,0.03892,2.889,0.7679,0.2945,6.57E-6,575.6,7.986E-4,7.32E-5,5.661E-6,1.125E-4,3.659E-6,7.45E-7,3.429E-5,9.464E-6,4.668E-6,
0.0,0.0,0.0,0.0,0.0,0.0,0.0,0.0,0.0,0.0,0.0,0.0,0.0,0.0,0.0,0.0,0.0,0.0,0.0,0.0,0.0,0.0,2.8E-6,0.001843,0.03275,3.018,1.224,0.01596,1.483E-6,2.881E-4,4.616E-5,0.02024,0.004404,3.998E-4,0.0,0.0,0.0,0.0,0.0,0.0,0.0,0.0,0.0,0.0,0.0,0.0,0.0,0.0,0.0,0.0,0.0,0.0,0.0,0.0,0.0,0.0,2.3E-22,0.0,4.001,0.001848,0.01539,0.0,0.01654,0.008959,0.7643,0.177,0.01462,0.0,0.0,0.0,0.0,0.0,0.0,0.0,0.0,0.0,0.0,0.0,0.0,0.0,0.0,0.0,0.0,0.0,0.0,0.0,0.0,0.0,0.0,0.0,0.0,0.0,0.0,0.0,0.0,0.0,0.0,0.0,0.0,0.0,0.0,0.0,0.0,0.0,0.0,0.0,0.0,0.0,0.0,0.0,0.0,0.0,0.0,1.0E-4,18640.0,9.551999999999999E25,5913.0,1243.0,81.54,202600.0,673.0,812.8,12410.0,4072.0,2417.0,0.3167,0.009453,55.89,182.2,4.891,3.315,0.08566,0.03388,3.816,1.069,0.3055,0.004054,1061.0,144.8,28.41,0.3864,1.878E-5,3.282E-4,1.074E-4,0.01617,0.004466,7.919E-4,19.42,856.0,1.561,5.631,5.745,0.3159,0.1259,0.03442,3.74,0.9603,0.2113,0.0,0.0,0.0,0.0,0.0,0.0,0.0,0.0,0.0,0.0,0.0,0.4509,269.5,2.534,0.4256,0.06865,1.096,0.286,0.03892,2.889,0.7679,0.2945,6.57E-6,586.3,7.986E-4,7.32E-5,5.661E-6,1.125E-4,3.659E-6,7.45E-7,3.429E-5,9.464E-6,4.668E-6,
0.0,0.0,0.0,0.0,0.0,0.0,0.0,0.0,0.0,0.0,0.0,0.0,0.0,0.0,0.0,0.0,0.0,0.0,0.0,0.0,0.0,0.0,2.8E-6,0.001843,0.03334,3.018,1.224,0.01596,1.483E-6,2.881E-4,4.616E-5,0.02024,0.004404,3.998E-4,0.0,0.0,0.0,0.0,0.0,0.0,0.0,0.0,0.0,0.0,0.0,0.0,0.0,0.0,0.0,0.0,0.0,0.0,0.0,0.0,0.0,0.0,2.3E-22,0.0,4.001,0.001848,0.01539,0.0,0.01654,0.008959,0.7643,0.177,0.01462,0.0,0.0,0.0,0.0,0.0,0.0,0.0,0.0,0.0,0.0,0.0,0.0,0.0,0.0,0.0,0.0,0.0,0.0,0.0,0.0,0.0,0.0,0.0,0.0,0.0,0.0,0.0,0.0,0.0,0.0,0.0,0.0,0.0,0.0,0.0,0.0,0.0,0.0,0.0,0.0,0.0,0.0,0.0,0.0,0.0,0.0,1.0E-4,18640.0,9.551999999999999E25,5913.0,1243.0,81.54,202600.0,673.0,812.8,12410.0,4072.0,2417.0,0.3167,0.007958,55.89,182.2,4.891,3.315,0.08566,0.03388,3.816,1.069,0.3055,0.004054,1050.0,144.8,28.41,0.3864,1.878E-5,3.282E-4,1.074E-4,0.01617,0.004466,7.919E-4,19.42,866.5,1.561,5.631,5.745,0.3159,0.1259,0.03442,3.74,0.9603,0.2113,0.0,0.0,0.0,0.0,0.0,0.0,0.0,0.0,0.0,0.0,0.0,0.4509,269.5,2.534,0.4256,0.06865,1.096,0.286,0.03892,2.889,0.7679,0.2945,6.57E-6,596.9,7.986E-4,7.32E-5,5.661E-6,1.125E-4,3.659E-6,7.45E-7,3.429E-5,9.464E-6,4.668E-6,
0.0,0.0,0.0,0.0,0.0,0.0,0.0,0.0,0.0,0.0,0.0,0.0,0.0,0.0,0.0,0.0,0.0,0.0,0.0,0.0,0.0,0.0,2.8E-6,0.001843,0.03392,3.018,1.224,0.01596,1.483E-6,2.881E-4,4.616E-5,0.02024,0.004404,3.998E-4,0.0,0.0,0.0,0.0,0.0,0.0,0.0,0.0,0.0,0.0,0.0,0.0,0.0,0.0,0.0,0.0,0.0,0.0,0.0,0.0,0.0,0.0,2.3E-22,0.0,4.001,0.001848,0.01539,0.0,0.01654,0.008959,0.7643,0.177,0.01462,0.0,0.0,0.0,0.0,0.0,0.0,0.0,0.0,0.0,0.0,0.0,0.0,0.0,0.0,0.0,0.0,0.0,0.0,0.0,0.0,0.0,0.0,0.0,0.0,0.0,0.0,0.0,0.0,0.0,0.0,0.0,0.0,0.0,0.0,0.0,0.0,0.0,0.0,0.0,0.0,0.0,0.0,0.0,0.0,0.0,0.0,1.0E-4,18640.0,9.551999999999999E25,5913.0,1243.0,81.54,202600.0,673.0,812.8,12410.0,4072.0,2417.0,0.3167,0.006776,55.89,182.2,4.891,3.315,0.08566,0.03388,3.816,1.069,0.3055,0.004054,1040.0,144.8,28.41,0.3864,1.878E-5,3.282E-4,1.074E-4,0.01617,0.004466,7.919E-4,19.42,877.0,1.561,5.631,5.745,0.3159,0.1259,0.03442,3.74,0.9603,0.2113,0.0,0.0,0.0,0.0,0.0,0.0,0.0,0.0,0.0,0.0,0.0,0.4509,269.5,2.534,0.4256,0.06865,1.096,0.286,0.03892,2.889,0.7679,0.2945,6.57E-6,607.3,7.986E-4,7.32E-5,5.661E-6,1.125E-4,3.659E-6,7.45E-7,3.429E-5,9.464E-6,4.668E-6,
0.0,0.0,0.0,0.0,0.0,0.0,0.0,0.0,0.0,0.0,0.0,0.0,0.0,0.0,0.0,0.0,0.0,0.0,0.0,0.0,0.0,0.0,2.8E-6,0.001843,0.0345,3.018,1.224,0.01596,1.483E-6,2.881E-4,4.616E-5,0.02024,0.004404,3.998E-4,0.0,0.0,0.0,0.0,0.0,0.0,0.0,0.0,0.0,0.0,0.0,0.0,0.0,0.0,0.0,0.0,0.0,0.0,0.0,0.0,0.0,0.0,2.3E-22,0.0,4.001,0.001848,0.01539,0.0,0.01654,0.008959,0.7643,0.177,0.01462,0.0,0.0,0.0,0.0,0.0,0.0,0.0,0.0,0.0,0.0,0.0,0.0,0.0,0.0,0.0,0.0,0.0,0.0,0.0,0.0,0.0,0.0,0.0,0.0,0.0,0.0,0.0,0.0,0.0,0.0,0.0,0.0,0.0,0.0,0.0,0.0,0.0,0.0,0.0,0.0,0.0,0.0,0.0,0.0,0.0,0.0,1.0E-4,18640.0,9.551999999999999E25,5913.0,1243.0,81.54,202600.0,673.0,812.8,12410.0,4072.0,2417.0,0.3167,0.005842,55.89,182.2,4.891,3.315,0.08566,0.03388,3.816,1.069,0.3055,0.004054,1029.0,144.8,28.41,0.3864,1.878E-5,3.282E-4,1.074E-4,0.01617,0.004466,7.919E-4,19.42,887.3,1.561,5.631,5.745,0.3159,0.1259,0.03442,3.74,0.9603,0.2113,0.0,0.0,0.0,0.0,0.0,0.0,0.0,0.0,0.0,0.0,0.0,0.4509,269.5,2.534,0.4256,0.06865,1.096,0.286,0.03892,2.889,0.7679,0.2945,6.57E-6,617.7,7.986E-4,7.32E-5,5.661E-6,1.125E-4,3.659E-6,7.45E-7,3.429E-5,9.464E-6,4.668E-6,
0.0,0.0,0.0,0.0,0.0,0.0,0.0,0.0,0.0,0.0,0.0,0.0,0.0,0.0,0.0,0.0,0.0,0.0,0.0,0.0,0.0,0.0,2.8E-6,0.001843,0.03507,3.018,1.224,0.01596,1.483E-6,2.881E-4,4.616E-5,0.02024,0.004404,3.998E-4,0.0,0.0,0.0,0.0,0.0,0.0,0.0,0.0,0.0,0.0,0.0,0.0,0.0,0.0,0.0,0.0,0.0,0.0,0.0,0.0,0.0,0.0,2.3E-22,0.0,4.001,0.001848,0.01539,0.0,0.01654,0.008959,0.7643,0.177,0.01462,0.0,0.0,0.0,0.0,0.0,0.0,0.0,0.0,0.0,0.0,0.0,0.0,0.0,0.0,0.0,0.0,0.0,0.0,0.0,0.0,0.0,0.0,0.0,0.0,0.0,0.0,0.0,0.0,0.0,0.0,0.0,0.0,0.0,0.0,0.0,0.0,0.0,0.0,0.0,0.0,0.0,0.0,0.0,0.0,0.0,0.0,1.0E-4,18640.0,9.551999999999999E25,5913.0,1243.0,81.54,202600.0,673.0,812.8,12410.0,4072.0,2417.0,0.3167,0.005102,55.89,182.2,4.891,3.315,0.08566,0.03388,3.816,1.069,0.3055,0.004054,1019.0,144.8,28.41,0.3864,1.878E-5,3.282E-4,1.074E-4,0.01617,0.004466,7.919E-4,19.42,897.6,1.561,5.631,5.745,0.3159,0.1259,0.03442,3.74,0.9603,0.2113,0.0,0.0,0.0,0.0,0.0,0.0,0.0,0.0,0.0,0.0,0.0,0.4509,269.5,2.534,0.4256,0.06865,1.096,0.286,0.03892,2.889,0.7679,0.2945,6.57E-6,627.9,7.986E-4,7.32E-5,5.661E-6,1.125E-4,3.659E-6,7.45E-7,3.429E-5,9.464E-6,4.668E-6,
0.0,0.0,0.0,0.0,0.0,0.0,0.0,0.0,0.0,0.0,0.0,0.0,0.0,0.0,0.0,0.0,0.0,0.0,0.0,0.0,0.0,0.0,2.8E-6,0.001843,0.03564,3.018,1.224,0.01596,1.483E-6,2.881E-4,4.616E-5,0.02024,0.004404,3.998E-4,0.0,0.0,0.0,0.0,0.0,0.0,0.0,0.0,0.0,0.0,0.0,0.0,0.0,0.0,0.0,0.0,0.0,0.0,0.0,0.0,0.0,0.0,2.3E-22,0.0,4.001,0.001848,0.01539,0.0,0.01654,0.008959,0.7643,0.177,0.01462,0.0,0.0,0.0,0.0,0.0,0.0,0.0,0.0,0.0,0.0,0.0,0.0,0.0,0.0,0.0,0.0,0.0,0.0,0.0,0.0,0.0,0.0,0.0,0.0,0.0,0.0,0.0,0.0,0.0,0.0,0.0,0.0,0.0,0.0,0.0,0.0,0.0,0.0,0.0,0.0,0.0,0.0,0.0,0.0,0.0,0.0,1.0E-4,18640.0,9.551999999999999E25,5913.0,1243.0,81.54,202600.0,673.0,812.8,12410.0,4072.0,2417.0,0.3167,0.004516,55.89,182.2,4.891,3.315,0.08566,0.03388,3.816,1.069,0.3055,0.004054,1009.0,144.8,28.41,0.3864,1.878E-5,3.282E-4,1.074E-4,0.01617,0.004466,7.919E-4,19.42,907.7,1.561,5.631,5.745,0.3159,0.1259,0.03442,3.74,0.9603,0.2113,0.0,0.0,0.0,0.0,0.0,0.0,0.0,0.0,0.0,0.0,0.0,0.4509,269.5,2.534,0.4256,0.06865,1.096,0.286,0.03892,2.889,0.7679,0.2945,6.57E-6,638.0,7.986E-4,7.32E-5,5.661E-6,1.125E-4,3.659E-6,7.45E-7,3.429E-5,9.464E-6,4.668E-6,
0.0,0.0,0.0,0.0,0.0,0.0,0.0,0.0,0.0,0.0,0.0,0.0,0.0,0.0,0.0,0.0,0.0,0.0,0.0,0.0,0.0,0.0,2.8E-6,0.001843,0.0362,3.018,1.224,0.01596,1.483E-6,2.881E-4,4.616E-5,0.02024,0.004404,3.998E-4,0.0,0.0,0.0,0.0,0.0,0.0,0.0,0.0,0.0,0.0,0.0,0.0,0.0,0.0,0.0,0.0,0.0,0.0,0.0,0.0,0.0,0.0,2.3E-22,0.0,4.001,0.001848,0.01539,0.0,0.01654,0.008959,0.7643,0.177,0.01462,0.0,0.0,0.0,0.0,0.0,0.0,0.0,0.0,0.0,0.0,0.0,0.0,0.0,0.0,0.0,0.0,0.0,0.0,0.0,0.0,0.0,0.0,0.0,0.0,0.0,0.0,0.0,0.0,0.0,0.0,0.0,0.0,0.0,0.0,0.0,0.0,0.0,0.0,0.0,0.0,0.0,0.0,0.0,0.0,0.0,0.0,1.0E-4,18640.0,9.551999999999999E25,5913.0,1243.0,81.54,202600.0,673.0,812.8,12410.0,4072.0,2417.0,0.3167,0.004049,55.89,182.2,4.891,3.315,0.08566,0.03388,3.816,1.069,0.3055,0.004054,999.0,144.8,28.41,0.3864,1.878E-5,3.282E-4,1.074E-4,0.01617,0.004466,7.919E-4,19.42,917.8,1.561,5.631,5.745,0.3159,0.1259,0.03442,3.74,0.9603,0.2113,0.0,0.0,0.0,0.0,0.0,0.0,0.0,0.0,0.0,0.0,0.0,0.4509,269.5,2.534,0.4256,0.06865,1.096,0.286,0.03892,2.889,0.7679,0.2945,6.57E-6,648.1,7.986E-4,7.32E-5,5.661E-6,1.125E-4,3.659E-6,7.45E-7,3.429E-5,9.464E-6,4.668E-6,
0.0,0.0,0.0,0.0,0.0,0.0,0.0,0.0,0.0,0.0,0.0,0.0,0.0,0.0,0.0,0.0,0.0,0.0,0.0,0.0,0.0,0.0,2.8E-6,0.001843,0.03676,3.018,1.224,0.01596,1.483E-6,2.881E-4,4.616E-5,0.02024,0.004404,3.998E-4,0.0,0.0,0.0,0.0,0.0,0.0,0.0,0.0,0.0,0.0,0.0,0.0,0.0,0.0,0.0,0.0,0.0,0.0,0.0,0.0,0.0,0.0,2.3E-22,0.0,4.001,0.001848,0.01539,0.0,0.01654,0.008959,0.7643,0.177,0.01462,0.0,0.0,0.0,0.0,0.0,0.0,0.0,0.0,0.0,0.0,0.0,0.0,0.0,0.0,0.0,0.0,0.0,0.0,0.0,0.0,0.0,0.0,0.0,0.0,0.0,0.0,0.0,0.0,0.0,0.0,0.0,0.0,0.0,0.0,0.0,0.0,0.0,0.0,0.0,0.0,0.0,0.0,0.0,0.0,0.0,0.0,1.0E-4,18640.0,9.551999999999999E25,5913.0,1243.0,81.54,202600.0,673.0,812.8,12410.0,4072.0,2417.0,0.3167,0.003678,55.89,182.2,4.891,3.315,0.08566,0.03388,3.816,1.069,0.3055,0.004054,989.1,144.8,28.41,0.3864,1.878E-5,3.282E-4,1.074E-4,0.01617,0.004466,7.919E-4,19.42,927.7,1.561,5.631,5.745,0.3159,0.1259,0.03442,3.74,0.9603,0.2113,0.0,0.0,0.0,0.0,0.0,0.0,0.0,0.0,0.0,0.0,0.0,0.4509,269.5,2.534,0.4256,0.06865,1.096,0.286,0.03892,2.889,0.7679,0.2945,6.57E-6,658.0,7.986E-4,7.32E-5,5.661E-6,1.125E-4,3.659E-6,7.45E-7,3.429E-5,9.464E-6,4.668E-6,
0.0,0.0,0.0,0.0,0.0,0.0,0.0,0.0,0.0,0.0,0.0,0.0,0.0,0.0,0.0,0.0,0.0,0.0,0.0,0.0,0.0,0.0,2.8E-6,0.001843,0.03731,3.018,1.224,0.01596,1.483E-6,2.881E-4,4.616E-5,0.02024,0.004404,3.998E-4,0.0,0.0,0.0,0.0,0.0,0.0,0.0,0.0,0.0,0.0,0.0,0.0,0.0,0.0,0.0,0.0,0.0,0.0,0.0,0.0,0.0,0.0,2.3E-22,0.0,4.001,0.001848,0.01539,0.0,0.01654,0.008959,0.7643,0.177,0.01462,0.0,0.0,0.0,0.0,0.0,0.0,0.0,0.0,0.0,0.0,0.0,0.0,0.0,0.0,0.0,0.0,0.0,0.0,0.0,0.0,0.0,0.0,0.0,0.0,0.0,0.0,0.0,0.0,0.0,0.0,0.0,0.0,0.0,0.0,0.0,0.0,0.0,0.0,0.0,0.0,0.0,0.0,0.0,0.0,0.0,0.0,1.0E-4,18640.0,9.551999999999999E25,5913.0,1243.0,81.54,202600.0,673.0,812.8,12410.0,4072.0,2417.0,0.3167,0.00338,55.89,182.2,4.891,3.315,0.08566,0.03388,3.816,1.069,0.3055,0.004054,979.2,144.8,28.41,0.3864,1.878E-5,3.282E-4,1.074E-4,0.01617,0.004466,7.919E-4,19.42,937.5,1.561,5.631,5.745,0.3159,0.1259,0.03442,3.74,0.9603,0.2113,0.0,0.0,0.0,0.0,0.0,0.0,0.0,0.0,0.0,0.0,0.0,0.4509,269.5,2.534,0.4256,0.06865,1.096,0.286,0.03892,2.889,0.7679,0.2945,6.57E-6,667.9,7.986E-4,7.32E-5,5.661E-6,1.125E-4,3.659E-6,7.45E-7,3.429E-5,9.464E-6,4.668E-6,
0.0,0.0,0.0,0.0,0.0,0.0,0.0,0.0,0.0,0.0,0.0,0.0,0.0,0.0,0.0,0.0,0.0,0.0,0.0,0.0,0.0,0.0,2.8E-6,0.001843,0.03785,3.018,1.224,0.01596,1.483E-6,2.881E-4,4.616E-5,0.02024,0.004404,3.998E-4,0.0,0.0,0.0,0.0,0.0,0.0,0.0,0.0,0.0,0.0,0.0,0.0,0.0,0.0,0.0,0.0,0.0,0.0,0.0,0.0,0.0,0.0,2.3E-22,0.0,4.001,0.001848,0.01539,0.0,0.01654,0.008959,0.7643,0.177,0.01462,0.0,0.0,0.0,0.0,0.0,0.0,0.0,0.0,0.0,0.0,0.0,0.0,0.0,0.0,0.0,0.0,0.0,0.0,0.0,0.0,0.0,0.0,0.0,0.0,0.0,0.0,0.0,0.0,0.0,0.0,0.0,0.0,0.0,0.0,0.0,0.0,0.0,0.0,0.0,0.0,0.0,0.0,0.0,0.0,0.0,0.0,1.0E-4,18640.0,9.551999999999999E25,5913.0,1243.0,81.54,202600.0,673.0,812.8,12410.0,4072.0,2417.0,0.3167,0.003142,55.89,182.2,4.891,3.315,0.08566,0.03388,3.816,1.069,0.3055,0.004054,969.5,144.8,28.41,0.3864,1.878E-5,3.282E-4,1.074E-4,0.01617,0.004466,7.919E-4,19.42,947.3,1.561,5.631,5.745,0.3159,0.1259,0.03442,3.74,0.9603,0.2113,0.0,0.0,0.0,0.0,0.0,0.0,0.0,0.0,0.0,0.0,0.0,0.4509,269.5,2.534,0.4256,0.06865,1.096,0.286,0.03892,2.889,0.7679,0.2945,6.57E-6,677.6,7.986E-4,7.32E-5,5.661E-6,1.125E-4,3.659E-6,7.45E-7,3.429E-5,9.464E-6,4.668E-6,
0.0,0.0,0.0,0.0,0.0,0.0,0.0,0.0,0.0,0.0,0.0,0.0,0.0,0.0,0.0,0.0,0.0,0.0,0.0,0.0,0.0,0.0,2.8E-6,0.001843,0.03839,3.018,1.224,0.01596,1.483E-6,2.881E-4,4.616E-5,0.02024,0.004404,3.998E-4,0.0,0.0,0.0,0.0,0.0,0.0,0.0,0.0,0.0,0.0,0.0,0.0,0.0,0.0,0.0,0.0,0.0,0.0,0.0,0.0,0.0,0.0,2.3E-22,0.0,4.001,0.001848,0.01539,0.0,0.01654,0.008959,0.7643,0.177,0.01462,0.0,0.0,0.0,0.0,0.0,0.0,0.0,0.0,0.0,0.0,0.0,0.0,0.0,0.0,0.0,0.0,0.0,0.0,0.0,0.0,0.0,0.0,0.0,0.0,0.0,0.0,0.0,0.0,0.0,0.0,0.0,0.0,0.0,0.0,0.0,0.0,0.0,0.0,0.0,0.0,0.0,0.0,0.0,0.0,0.0,0.0,1.0E-4,18640.0,9.551999999999999E25,5913.0,1243.0,81.54,202600.0,673.0,812.8,12410.0,4072.0,2417.0,0.3167,0.002949,55.89,182.2,4.891,3.315,0.08566,0.03388,3.816,1.069,0.3055,0.004054,959.8,144.8,28.41,0.3864,1.878E-5,3.282E-4,1.074E-4,0.01617,0.004466,7.919E-4,19.42,956.9,1.561,5.631,5.745,0.3159,0.1259,0.03442,3.74,0.9603,0.2113,0.0,0.0,0.0,0.0,0.0,0.0,0.0,0.0,0.0,0.0,0.0,0.4509,269.5,2.534,0.4256,0.06865,1.096,0.286,0.03892,2.889,0.7679,0.2945,6.57E-6,687.3,7.986E-4,7.32E-5,5.661E-6,1.125E-4,3.659E-6,7.45E-7,3.429E-5,9.464E-6,4.668E-6,
0.0,0.0,0.0,0.0,0.0,0.0,0.0,0.0,0.0,0.0,0.0,0.0,0.0,0.0,0.0,0.0,0.0,0.0,0.0,0.0,0.0,0.0,2.8E-6,0.001843,0.03892,3.018,1.224,0.01596,1.483E-6,2.881E-4,4.616E-5,0.02024,0.004404,3.998E-4,0.0,0.0,0.0,0.0,0.0,0.0,0.0,0.0,0.0,0.0,0.0,0.0,0.0,0.0,0.0,0.0,0.0,0.0,0.0,0.0,0.0,0.0,2.3E-22,0.0,4.001,0.001848,0.01539,0.0,0.01654,0.008959,0.7643,0.177,0.01462,0.0,0.0,0.0,0.0,0.0,0.0,0.0,0.0,0.0,0.0,0.0,0.0,0.0,0.0,0.0,0.0,0.0,0.0,0.0,0.0,0.0,0.0,0.0,0.0,0.0,0.0,0.0,0.0,0.0,0.0,0.0,0.0,0.0,0.0,0.0,0.0,0.0,0.0,0.0,0.0,0.0,0.0,0.0,0.0,0.0,0.0,1.0E-4,18640.0,9.551999999999999E25,5913.0,1243.0,81.54,202600.0,673.0,812.8,12410.0,4072.0,2417.0,0.3167,0.002793,55.89,182.2,4.891,3.315,0.08566,0.03388,3.816,1.069,0.3055,0.004054,950.3,144.8,28.41,0.3864,1.878E-5,3.282E-4,1.074E-4,0.01617,0.004466,7.919E-4,19.42,966.5,1.561,5.631,5.745,0.3159,0.1259,0.03442,3.74,0.9603,0.2113,0.0,0.0,0.0,0.0,0.0,0.0,0.0,0.0,0.0,0.0,0.0,0.4509,269.5,2.534,0.4256,0.06865,1.096,0.286,0.03892,2.889,0.7679,0.2945,6.57E-6,696.8,7.986E-4,7.32E-5,5.661E-6,1.125E-4,3.659E-6,7.45E-7,3.429E-5,9.464E-6,4.668E-6,
0.0,0.0,0.0,0.0,0.0,0.0,0.0,0.0,0.0,0.0,0.0,0.0,0.0,0.0,0.0,0.0,0.0,0.0,0.0,0.0,0.0,0.0,2.8E-6,0.001843,0.03945,3.018,1.224,0.01596,1.483E-6,2.881E-4,4.616E-5,0.02024,0.004404,3.998E-4,0.0,0.0,0.0,0.0,0.0,0.0,0.0,0.0,0.0,0.0,0.0,0.0,0.0,0.0,0.0,0.0,0.0,0.0,0.0,0.0,0.0,0.0,2.3E-22,0.0,4.001,0.001848,0.01539,0.0,0.01654,0.008959,0.7643,0.177,0.01462,0.0,0.0,0.0,0.0,0.0,0.0,0.0,0.0,0.0,0.0,0.0,0.0,0.0,0.0,0.0,0.0,0.0,0.0,0.0,0.0,0.0,0.0,0.0,0.0,0.0,0.0,0.0,0.0,0.0,0.0,0.0,0.0,0.0,0.0,0.0,0.0,0.0,0.0,0.0,0.0,0.0,0.0,0.0,0.0,0.0,0.0,1.0E-4,18640.0,9.551999999999999E25,5913.0,1243.0,81.54,202600.0,673.0,812.8,12410.0,4072.0,2417.0,0.3167,0.002666,55.89,182.2,4.891,3.315,0.08566,0.03388,3.816,1.069,0.3055,0.004054,940.8,144.8,28.41,0.3864,1.878E-5,3.282E-4,1.074E-4,0.01617,0.004466,7.919E-4,19.42,975.9,1.561,5.631,5.745,0.3159,0.1259,0.03442,3.74,0.9603,0.2113,0.0,0.0,0.0,0.0,0.0,0.0,0.0,0.0,0.0,0.0,0.0,0.4509,269.5,2.534,0.4256,0.06865,1.096,0.286,0.03892,2.889,0.7679,0.2945,6.57E-6,706.3,7.986E-4,7.32E-5,5.661E-6,1.125E-4,3.659E-6,7.45E-7,3.429E-5,9.464E-6,4.668E-6,
0.0,0.0,0.0,0.0,0.0,0.0,0.0,0.0,0.0,0.0,0.0,0.0,0.0,0.0,0.0,0.0,0.0,0.0,0.0,0.0,0.0,0.0,2.8E-6,0.001843,0.03997,3.018,1.224,0.01596,1.483E-6,2.881E-4,4.616E-5,0.02024,0.004404,3.998E-4,0.0,0.0,0.0,0.0,0.0,0.0,0.0,0.0,0.0,0.0,0.0,0.0,0.0,0.0,0.0,0.0,0.0,0.0,0.0,0.0,0.0,0.0,2.3E-22,0.0,4.001,0.001848,0.01539,0.0,0.01654,0.008959,0.7643,0.177,0.01462,0.0,0.0,0.0,0.0,0.0,0.0,0.0,0.0,0.0,0.0,0.0,0.0,0.0,0.0,0.0,0.0,0.0,0.0,0.0,0.0,0.0,0.0,0.0,0.0,0.0,0.0,0.0,0.0,0.0,0.0,0.0,0.0,0.0,0.0,0.0,0.0,0.0,0.0,0.0,0.0,0.0,0.0,0.0,0.0,0.0,0.0,1.0E-4,18640.0,9.551999999999999E25,5913.0,1243.0,81.54,202600.0,673.0,812.8,12410.0,4072.0,2417.0,0.3167,0.002561,55.89,182.2,4.891,3.315,0.08566,0.03388,3.816,1.069,0.3055,0.004054,931.5,144.8,28.41,0.3864,1.878E-5,3.282E-4,1.074E-4,0.01617,0.004466,7.919E-4,19.42,985.3,1.561,5.631,5.745,0.3159,0.1259,0.03442,3.74,0.9603,0.2113,0.0,0.0,0.0,0.0,0.0,0.0,0.0,0.0,0.0,0.0,0.0,0.4509,269.5,2.534,0.4256,0.06865,1.096,0.286,0.03892,2.889,0.7679,0.2945,6.57E-6,715.6,7.986E-4,7.32E-5,5.661E-6,1.125E-4,3.659E-6,7.45E-7,3.429E-5,9.464E-6,4.668E-6,
0.0,0.0,0.0,0.0,0.0,0.0,0.0,0.0,0.0,0.0,0.0,0.0,0.0,0.0,0.0,0.0,0.0,0.0,0.0,0.0,0.0,0.0,2.8E-6,0.001843,0.04049,3.018,1.224,0.01596,1.483E-6,2.881E-4,4.616E-5,0.02024,0.004404,3.998E-4,0.0,0.0,0.0,0.0,0.0,0.0,0.0,0.0,0.0,0.0,0.0,0.0,0.0,0.0,0.0,0.0,0.0,0.0,0.0,0.0,0.0,0.0,2.3E-22,0.0,4.001,0.001848,0.01539,0.0,0.01654,0.008959,0.7643,0.177,0.01462,0.0,0.0,0.0,0.0,0.0,0.0,0.0,0.0,0.0,0.0,0.0,0.0,0.0,0.0,0.0,0.0,0.0,0.0,0.0,0.0,0.0,0.0,0.0,0.0,0.0,0.0,0.0,0.0,0.0,0.0,0.0,0.0,0.0,0.0,0.0,0.0,0.0,0.0,0.0,0.0,0.0,0.0,0.0,0.0,0.0,0.0,1.0E-4,18640.0,9.551999999999999E25,5913.0,1243.0,81.54,202600.0,673.0,812.8,12410.0,4072.0,2417.0,0.3167,0.002474,55.89,182.2,4.891,3.315,0.08566,0.03388,3.816,1.069,0.3055,0.004054,922.2,144.8,28.41,0.3864,1.878E-5,3.282E-4,1.074E-4,0.01617,0.004466,7.919E-4,19.42,994.6,1.561,5.631,5.745,0.3159,0.1259,0.03442,3.74,0.9603,0.2113,0.0,0.0,0.0,0.0,0.0,0.0,0.0,0.0,0.0,0.0,0.0,0.4509,269.5,2.534,0.4256,0.06865,1.096,0.286,0.03892,2.889,0.7679,0.2945,6.57E-6,724.9,7.986E-4,7.32E-5,5.661E-6,1.125E-4,3.659E-6,7.45E-7,3.429E-5,9.464E-6,4.668E-6,
0.0,0.0,0.0,0.0,0.0,0.0,0.0,0.0,0.0,0.0,0.0,0.0,0.0,0.0,0.0,0.0,0.0,0.0,0.0,0.0,0.0,0.0,2.8E-6,0.001843,0.041,3.018,1.224,0.01596,1.483E-6,2.881E-4,4.616E-5,0.02024,0.004404,3.998E-4,0.0,0.0,0.0,0.0,0.0,0.0,0.0,0.0,0.0,0.0,0.0,0.0,0.0,0.0,0.0,0.0,0.0,0.0,0.0,0.0,0.0,0.0,2.3E-22,0.0,4.001,0.001848,0.01539,0.0,0.01654,0.008959,0.7643,0.177,0.01462,0.0,0.0,0.0,0.0,0.0,0.0,0.0,0.0,0.0,0.0,0.0,0.0,0.0,0.0,0.0,0.0,0.0,0.0,0.0,0.0,0.0,0.0,0.0,0.0,0.0,0.0,0.0,0.0,0.0,0.0,0.0,0.0,0.0,0.0,0.0,0.0,0.0,0.0,0.0,0.0,0.0,0.0,0.0,0.0,0.0,0.0,1.0E-4,18640.0,9.551999999999999E25,5913.0,1243.0,81.54,202600.0,673.0,812.8,12410.0,4072.0,2417.0,0.3167,0.002401,55.89,182.2,4.891,3.315,0.08566,0.03388,3.816,1.069,0.3055,0.004054,913.0,144.8,28.41,0.3864,1.878E-5,3.282E-4,1.074E-4,0.01617,0.004466,7.919E-4,19.42,1004.0,1.561,5.631,5.745,0.3159,0.1259,0.03442,3.74,0.9603,0.2113,0.0,0.0,0.0,0.0,0.0,0.0,0.0,0.0,0.0,0.0,0.0,0.4509,269.5,2.534,0.4256,0.06865,1.096,0.286,0.03892,2.889,0.7679,0.2945,6.57E-6,734.1,7.986E-4,7.32E-5,5.661E-6,1.125E-4,3.659E-6,7.45E-7,3.429E-5,9.464E-6,4.668E-6,
0.0,0.0,0.0,0.0,0.0,0.0,0.0,0.0,0.0,0.0,0.0,0.0,0.0,0.0,0.0,0.0,0.0,0.0,0.0,0.0,0.0,0.0,2.8E-6,0.001843,0.04151,3.018,1.224,0.01596,1.483E-6,2.881E-4,4.616E-5,0.02024,0.004404,3.998E-4,0.0,0.0,0.0,0.0,0.0,0.0,0.0,0.0,0.0,0.0,0.0,0.0,0.0,0.0,0.0,0.0,0.0,0.0,0.0,0.0,0.0,0.0,2.3E-22,0.0,4.001,0.001848,0.01539,0.0,0.01654,0.008959,0.7643,0.177,0.01462,0.0,0.0,0.0,0.0,0.0,0.0,0.0,0.0,0.0,0.0,0.0,0.0,0.0,0.0,0.0,0.0,0.0,0.0,0.0,0.0,0.0,0.0,0.0,0.0,0.0,0.0,0.0,0.0,0.0,0.0,0.0,0.0,0.0,0.0,0.0,0.0,0.0,0.0,0.0,0.0,0.0,0.0,0.0,0.0,0.0,0.0,1.0E-4,18640.0,9.551999999999999E25,5913.0,1243.0,81.54,202600.0,673.0,812.8,12410.0,4072.0,2417.0,0.3167,0.002339,55.89,182.2,4.891,3.315,0.08566,0.03388,3.816,1.069,0.3055,0.004054,903.9,144.8,28.41,0.3864,1.878E-5,3.282E-4,1.074E-4,0.01617,0.004466,7.919E-4,19.42,1013.0,1.561,5.631,5.745,0.3159,0.1259,0.03442,3.74,0.9603,0.2113,0.0,0.0,0.0,0.0,0.0,0.0,0.0,0.0,0.0,0.0,0.0,0.4509,269.5,2.534,0.4256,0.06865,1.096,0.286,0.03892,2.889,0.7679,0.2945,6.57E-6,743.2,7.986E-4,7.32E-5,5.661E-6,1.125E-4,3.659E-6,7.45E-7,3.429E-5,9.464E-6,4.668E-6,
0.0,0.0,0.0,0.0,0.0,0.0,0.0,0.0,0.0,0.0,0.0,0.0,0.0,0.0,0.0,0.0,0.0,0.0,0.0,0.0,0.0,0.0,2.8E-6,0.001843,0.04201,3.018,1.224,0.01596,1.483E-6,2.881E-4,4.616E-5,0.02024,0.004404,3.998E-4,0.0,0.0,0.0,0.0,0.0,0.0,0.0,0.0,0.0,0.0,0.0,0.0,0.0,0.0,0.0,0.0,0.0,0.0,0.0,0.0,0.0,0.0,2.3E-22,0.0,4.001,0.001848,0.01539,0.0,0.01654,0.008959,0.7643,0.177,0.01462,0.0,0.0,0.0,0.0,0.0,0.0,0.0,0.0,0.0,0.0,0.0,0.0,0.0,0.0,0.0,0.0,0.0,0.0,0.0,0.0,0.0,0.0,0.0,0.0,0.0,0.0,0.0,0.0,0.0,0.0,0.0,0.0,0.0,0.0,0.0,0.0,0.0,0.0,0.0,0.0,0.0,0.0,0.0,0.0,0.0,0.0,1.0E-4,18640.0,9.551999999999999E25,5913.0,1243.0,81.54,202600.0,673.0,812.8,12410.0,4072.0,2417.0,0.3167,0.002286,55.89,182.2,4.891,3.315,0.08566,0.03388,3.816,1.069,0.3055,0.004054,894.9,144.8,28.41,0.3864,1.878E-5,3.282E-4,1.074E-4,0.01617,0.004466,7.919E-4,19.42,1022.0,1.561,5.631,5.745,0.3159,0.1259,0.03442,3.74,0.9603,0.2113,0.0,0.0,0.0,0.0,0.0,0.0,0.0,0.0,0.0,0.0,0.0,0.4509,269.5,2.534,0.4256,0.06865,1.096,0.286,0.03892,2.889,0.7679,0.2945,6.57E-6,752.1,7.986E-4,7.32E-5,5.661E-6,1.125E-4,3.659E-6,7.45E-7,3.429E-5,9.464E-6,4.668E-6,
0.0,0.0,0.0,0.0,0.0,0.0,0.0,0.0,0.0,0.0,0.0,0.0,0.0,0.0,0.0,0.0,0.0,0.0,0.0,0.0,0.0,0.0,2.8E-6,0.001843,0.04251,3.018,1.224,0.01596,1.483E-6,2.881E-4,4.616E-5,0.02024,0.004404,3.998E-4,0.0,0.0,0.0,0.0,0.0,0.0,0.0,0.0,0.0,0.0,0.0,0.0,0.0,0.0,0.0,0.0,0.0,0.0,0.0,0.0,0.0,0.0,2.3E-22,0.0,4.001,0.001848,0.01539,0.0,0.01654,0.008959,0.7643,0.177,0.01462,0.0,0.0,0.0,0.0,0.0,0.0,0.0,0.0,0.0,0.0,0.0,0.0,0.0,0.0,0.0,0.0,0.0,0.0,0.0,0.0,0.0,0.0,0.0,0.0,0.0,0.0,0.0,0.0,0.0,0.0,0.0,0.0,0.0,0.0,0.0,0.0,0.0,0.0,0.0,0.0,0.0,0.0,0.0,0.0,0.0,0.0,1.0E-4,18640.0,9.551999999999999E25,5913.0,1243.0,81.54,202600.0,673.0,812.8,12410.0,4072.0,2417.0,0.3167,0.002239,55.89,182.2,4.891,3.315,0.08566,0.03388,3.816,1.069,0.3055,0.004054,886.0,144.8,28.41,0.3864,1.878E-5,3.282E-4,1.074E-4,0.01617,0.004466,7.919E-4,19.42,1031.0,1.561,5.631,5.745,0.3159,0.1259,0.03442,3.74,0.9603,0.2113,0.0,0.0,0.0,0.0,0.0,0.0,0.0,0.0,0.0,0.0,0.0,0.4509,269.5,2.534,0.4256,0.06865,1.096,0.286,0.03892,2.889,0.7679,0.2945,6.57E-6,761.0,7.986E-4,7.32E-5,5.661E-6,1.125E-4,3.659E-6,7.45E-7,3.429E-5,9.464E-6,4.668E-6,
0.0,0.0,0.0,0.0,0.0,0.0,0.0,0.0,0.0,0.0,0.0,0.0,0.0,0.0,0.0,0.0,0.0,0.0,0.0,0.0,0.0,0.0,2.8E-6,0.001843,0.043,3.018,1.224,0.01596,1.483E-6,2.881E-4,4.616E-5,0.02024,0.004404,3.998E-4,0.0,0.0,0.0,0.0,0.0,0.0,0.0,0.0,0.0,0.0,0.0,0.0,0.0,0.0,0.0,0.0,0.0,0.0,0.0,0.0,0.0,0.0,2.3E-22,0.0,4.001,0.001848,0.01539,0.0,0.01654,0.008959,0.7643,0.177,0.01462,0.0,0.0,0.0,0.0,0.0,0.0,0.0,0.0,0.0,0.0,0.0,0.0,0.0,0.0,0.0,0.0,0.0,0.0,0.0,0.0,0.0,0.0,0.0,0.0,0.0,0.0,0.0,0.0,0.0,0.0,0.0,0.0,0.0,0.0,0.0,0.0,0.0,0.0,0.0,0.0,0.0,0.0,0.0,0.0,0.0,0.0,1.0E-4,18640.0,9.551999999999999E25,5913.0,1243.0,81.54,202600.0,673.0,812.8,12410.0,4072.0,2417.0,0.3167,0.002199,55.89,182.2,4.891,3.315,0.08566,0.03388,3.816,1.069,0.3055,0.004054,877.2,144.8,28.41,0.3864,1.878E-5,3.282E-4,1.074E-4,0.01617,0.004466,7.919E-4,19.42,1040.0,1.561,5.631,5.745,0.3159,0.1259,0.03442,3.74,0.9603,0.2113,0.0,0.0,0.0,0.0,0.0,0.0,0.0,0.0,0.0,0.0,0.0,0.4509,269.5,2.534,0.4256,0.06865,1.096,0.286,0.03892,2.889,0.7679,0.2945,6.57E-6,769.9,7.986E-4,7.32E-5,5.661E-6,1.125E-4,3.659E-6,7.45E-7,3.429E-5,9.464E-6,4.668E-6,
0.0,0.0,0.0,0.0,0.0,0.0,0.0,0.0,0.0,0.0,0.0,0.0,0.0,0.0,0.0,0.0,0.0,0.0,0.0,0.0,0.0,0.0,2.8E-6,0.001843,0.04349,3.018,1.224,0.01596,1.483E-6,2.881E-4,4.616E-5,0.02024,0.004404,3.998E-4,0.0,0.0,0.0,0.0,0.0,0.0,0.0,0.0,0.0,0.0,0.0,0.0,0.0,0.0,0.0,0.0,0.0,0.0,0.0,0.0,0.0,0.0,2.3E-22,0.0,4.001,0.001848,0.01539,0.0,0.01654,0.008959,0.7643,0.177,0.01462,0.0,0.0,0.0,0.0,0.0,0.0,0.0,0.0,0.0,0.0,0.0,0.0,0.0,0.0,0.0,0.0,0.0,0.0,0.0,0.0,0.0,0.0,0.0,0.0,0.0,0.0,0.0,0.0,0.0,0.0,0.0,0.0,0.0,0.0,0.0,0.0,0.0,0.0,0.0,0.0,0.0,0.0,0.0,0.0,0.0,0.0,1.0E-4,18640.0,9.551999999999999E25,5913.0,1243.0,81.54,202600.0,673.0,812.8,12410.0,4072.0,2417.0,0.3167,0.002162,55.89,182.2,4.891,3.315,0.08566,0.03388,3.816,1.069,0.3055,0.004054,868.5,144.8,28.41,0.3864,1.878E-5,3.282E-4,1.074E-4,0.01617,0.004466,7.919E-4,19.42,1048.0,1.561,5.631,5.745,0.3159,0.1259,0.03442,3.74,0.9603,0.2113,0.0,0.0,0.0,0.0,0.0,0.0,0.0,0.0,0.0,0.0,0.0,0.4509,269.5,2.534,0.4256,0.06865,1.096,0.286,0.03892,2.889,0.7679,0.2945,6.57E-6,778.6,7.986E-4,7.32E-5,5.661E-6,1.125E-4,3.659E-6,7.45E-7,3.429E-5,9.464E-6,4.668E-6,
0.0,0.0,0.0,0.0,0.0,0.0,0.0,0.0,0.0,0.0,0.0,0.0,0.0,0.0,0.0,0.0,0.0,0.0,0.0,0.0,0.0,0.0,2.8E-6,0.001843,0.04397,3.018,1.224,0.01596,1.483E-6,2.881E-4,4.616E-5,0.02024,0.004404,3.998E-4,0.0,0.0,0.0,0.0,0.0,0.0,0.0,0.0,0.0,0.0,0.0,0.0,0.0,0.0,0.0,0.0,0.0,0.0,0.0,0.0,0.0,0.0,2.3E-22,0.0,4.001,0.001848,0.01539,0.0,0.01654,0.008959,0.7643,0.177,0.01462,0.0,0.0,0.0,0.0,0.0,0.0,0.0,0.0,0.0,0.0,0.0,0.0,0.0,0.0,0.0,0.0,0.0,0.0,0.0,0.0,0.0,0.0,0.0,0.0,0.0,0.0,0.0,0.0,0.0,0.0,0.0,0.0,0.0,0.0,0.0,0.0,0.0,0.0,0.0,0.0,0.0,0.0,0.0,0.0,0.0,0.0,1.0E-4,18640.0,9.551999999999999E25,5913.0,1243.0,81.54,202600.0,673.0,812.8,12410.0,4072.0,2417.0,0.3167,0.002129,55.89,182.2,4.891,3.315,0.08566,0.03388,3.816,1.069,0.3055,0.004054,859.8,144.8,28.41,0.3864,1.878E-5,3.282E-4,1.074E-4,0.01617,0.004466,7.919E-4,19.42,1057.0,1.561,5.631,5.745,0.3159,0.1259,0.03442,3.74,0.9603,0.2113,0.0,0.0,0.0,0.0,0.0,0.0,0.0,0.0,0.0,0.0,0.0,0.4509,269.5,2.534,0.4256,0.06865,1.096,0.286,0.03892,2.889,0.7679,0.2945,6.57E-6,787.2,7.986E-4,7.32E-5,5.661E-6,1.125E-4,3.659E-6,7.45E-7,3.429E-5,9.464E-6,4.668E-6,
0.0,0.0,0.0,0.0,0.0,0.0,0.0,0.0,0.0,0.0,0.0,0.0,0.0,0.0,0.0,0.0,0.0,0.0,0.0,0.0,0.0,0.0,2.8E-6,0.001843,0.04445,3.018,1.224,0.01596,1.483E-6,2.881E-4,4.616E-5,0.02024,0.004404,3.998E-4,0.0,0.0,0.0,0.0,0.0,0.0,0.0,0.0,0.0,0.0,0.0,0.0,0.0,0.0,0.0,0.0,0.0,0.0,0.0,0.0,0.0,0.0,2.3E-22,0.0,4.001,0.001848,0.01539,0.0,0.01654,0.008959,0.7643,0.177,0.01462,0.0,0.0,0.0,0.0,0.0,0.0,0.0,0.0,0.0,0.0,0.0,0.0,0.0,0.0,0.0,0.0,0.0,0.0,0.0,0.0,0.0,0.0,0.0,0.0,0.0,0.0,0.0,0.0,0.0,0.0,0.0,0.0,0.0,0.0,0.0,0.0,0.0,0.0,0.0,0.0,0.0,0.0,0.0,0.0,0.0,0.0,1.0E-4,18640.0,9.551999999999999E25,5913.0,1243.0,81.54,202600.0,673.0,812.8,12410.0,4072.0,2417.0,0.3167,0.002099,55.89,182.2,4.891,3.315,0.08566,0.03388,3.816,1.069,0.3055,0.004054,851.3,144.8,28.41,0.3864,1.878E-5,3.282E-4,1.074E-4,0.01617,0.004466,7.919E-4,19.42,1065.0,1.561,5.631,5.745,0.3159,0.1259,0.03442,3.74,0.9603,0.2113,0.0,0.0,0.0,0.0,0.0,0.0,0.0,0.0,0.0,0.0,0.0,0.4509,269.5,2.534,0.4256,0.06865,1.096,0.286,0.03892,2.889,0.7679,0.2945,6.57E-6,795.8,7.986E-4,7.32E-5,5.661E-6,1.125E-4,3.659E-6,7.45E-7,3.429E-5,9.464E-6,4.668E-6,
0.0,0.0,0.0,0.0,0.0,0.0,0.0,0.0,0.0,0.0,0.0,0.0,0.0,0.0,0.0,0.0,0.0,0.0,0.0,0.0,0.0,0.0,2.8E-6,0.001843,0.04492,3.018,1.224,0.01596,1.483E-6,2.881E-4,4.616E-5,0.02024,0.004404,3.998E-4,0.0,0.0,0.0,0.0,0.0,0.0,0.0,0.0,0.0,0.0,0.0,0.0,0.0,0.0,0.0,0.0,0.0,0.0,0.0,0.0,0.0,0.0,2.3E-22,0.0,4.001,0.001848,0.01539,0.0,0.01654,0.008959,0.7643,0.177,0.01462,0.0,0.0,0.0,0.0,0.0,0.0,0.0,0.0,0.0,0.0,0.0,0.0,0.0,0.0,0.0,0.0,0.0,0.0,0.0,0.0,0.0,0.0,0.0,0.0,0.0,0.0,0.0,0.0,0.0,0.0,0.0,0.0,0.0,0.0,0.0,0.0,0.0,0.0,0.0,0.0,0.0,0.0,0.0,0.0,0.0,0.0,1.0E-4,18640.0,9.551999999999999E25,5913.0,1243.0,81.54,202600.0,673.0,812.8,12410.0,4072.0,2417.0,0.3167,0.002071,55.89,182.2,4.891,3.315,0.08566,0.03388,3.816,1.069,0.3055,0.004054,842.8,144.8,28.41,0.3864,1.878E-5,3.282E-4,1.074E-4,0.01617,0.004466,7.919E-4,19.42,1074.0,1.561,5.631,5.745,0.3159,0.1259,0.03442,3.74,0.9603,0.2113,0.0,0.0,0.0,0.0,0.0,0.0,0.0,0.0,0.0,0.0,0.0,0.4509,269.5,2.534,0.4256,0.06865,1.096,0.286,0.03892,2.889,0.7679,0.2945,6.57E-6,804.3,7.986E-4,7.32E-5,5.661E-6,1.125E-4,3.659E-6,7.45E-7,3.429E-5,9.464E-6,4.668E-6,
0.0,0.0,0.0,0.0,0.0,0.0,0.0,0.0,0.0,0.0,0.0,0.0,0.0,0.0,0.0,0.0,0.0,0.0,0.0,0.0,0.0,0.0,2.8E-6,0.001843,0.04539,3.018,1.224,0.01596,1.483E-6,2.881E-4,4.616E-5,0.02024,0.004404,3.998E-4,0.0,0.0,0.0,0.0,0.0,0.0,0.0,0.0,0.0,0.0,0.0,0.0,0.0,0.0,0.0,0.0,0.0,0.0,0.0,0.0,0.0,0.0,2.3E-22,0.0,4.001,0.001848,0.01539,0.0,0.01654,0.008959,0.7643,0.177,0.01462,0.0,0.0,0.0,0.0,0.0,0.0,0.0,0.0,0.0,0.0,0.0,0.0,0.0,0.0,0.0,0.0,0.0,0.0,0.0,0.0,0.0,0.0,0.0,0.0,0.0,0.0,0.0,0.0,0.0,0.0,0.0,0.0,0.0,0.0,0.0,0.0,0.0,0.0,0.0,0.0,0.0,0.0,0.0,0.0,0.0,0.0,1.0E-4,18640.0,9.551999999999999E25,5913.0,1243.0,81.54,202600.0,673.0,812.8,12410.0,4072.0,2417.0,0.3167,0.002045,55.89,182.2,4.891,3.315,0.08566,0.03388,3.816,1.069,0.3055,0.004054,834.4,144.8,28.41,0.3864,1.878E-5,3.282E-4,1.074E-4,0.01617,0.004466,7.919E-4,19.42,1082.0,1.561,5.631,5.745,0.3159,0.1259,0.03442,3.74,0.9603,0.2113,0.0,0.0,0.0,0.0,0.0,0.0,0.0,0.0,0.0,0.0,0.0,0.4509,269.5,2.534,0.4256,0.06865,1.096,0.286,0.03892,2.889,0.7679,0.2945,6.57E-6,812.6,7.986E-4,7.32E-5,5.661E-6,1.125E-4,3.659E-6,7.45E-7,3.429E-5,9.464E-6,4.668E-6,
0.0,0.0,0.0,0.0,0.0,0.0,0.0,0.0,0.0,0.0,0.0,0.0,0.0,0.0,0.0,0.0,0.0,0.0,0.0,0.0,0.0,0.0,2.8E-6,0.001843,0.04586,3.018,1.224,0.01596,1.483E-6,2.881E-4,4.616E-5,0.02024,0.004404,3.998E-4,0.0,0.0,0.0,0.0,0.0,0.0,0.0,0.0,0.0,0.0,0.0,0.0,0.0,0.0,0.0,0.0,0.0,0.0,0.0,0.0,0.0,0.0,2.3E-22,0.0,4.001,0.001848,0.01539,0.0,0.01654,0.008959,0.7643,0.177,0.01462,0.0,0.0,0.0,0.0,0.0,0.0,0.0,0.0,0.0,0.0,0.0,0.0,0.0,0.0,0.0,0.0,0.0,0.0,0.0,0.0,0.0,0.0,0.0,0.0,0.0,0.0,0.0,0.0,0.0,0.0,0.0,0.0,0.0,0.0,0.0,0.0,0.0,0.0,0.0,0.0,0.0,0.0,0.0,0.0,0.0,0.0,1.0E-4,18640.0,9.551999999999999E25,5913.0,1243.0,81.54,202600.0,673.0,812.8,12410.0,4072.0,2417.0,0.3167,0.00202,55.89,182.2,4.891,3.315,0.08566,0.03388,3.816,1.069,0.3055,0.004054,826.1,144.8,28.41,0.3864,1.878E-5,3.282E-4,1.074E-4,0.01617,0.004466,7.919E-4,19.42,1091.0,1.561,5.631,5.745,0.3159,0.1259,0.03442,3.74,0.9603,0.2113,0.0,0.0,0.0,0.0,0.0,0.0,0.0,0.0,0.0,0.0,0.0,0.4509,269.5,2.534,0.4256,0.06865,1.096,0.286,0.03892,2.889,0.7679,0.2945,6.57E-6,820.9,7.986E-4,7.32E-5,5.661E-6,1.125E-4,3.659E-6,7.45E-7,3.429E-5,9.464E-6,4.668E-6,
0.0,0.0,0.0,0.0,0.0,0.0,0.0,0.0,0.0,0.0,0.0,0.0,0.0,0.0,0.0,0.0,0.0,0.0,0.0,0.0,0.0,0.0,2.8E-6,0.001843,0.04632,3.018,1.224,0.01596,1.483E-6,2.881E-4,4.616E-5,0.02024,0.004404,3.998E-4,0.0,0.0,0.0,0.0,0.0,0.0,0.0,0.0,0.0,0.0,0.0,0.0,0.0,0.0,0.0,0.0,0.0,0.0,0.0,0.0,0.0,0.0,2.3E-22,0.0,4.001,0.001848,0.01539,0.0,0.01654,0.008959,0.7643,0.177,0.01462,0.0,0.0,0.0,0.0,0.0,0.0,0.0,0.0,0.0,0.0,0.0,0.0,0.0,0.0,0.0,0.0,0.0,0.0,0.0,0.0,0.0,0.0,0.0,0.0,0.0,0.0,0.0,0.0,0.0,0.0,0.0,0.0,0.0,0.0,0.0,0.0,0.0,0.0,0.0,0.0,0.0,0.0,0.0,0.0,0.0,0.0,1.0E-4,18640.0,9.551999999999999E25,5913.0,1243.0,81.54,202600.0,673.0,812.8,12410.0,4072.0,2417.0,0.3167,0.001997,55.89,182.2,4.891,3.315,0.08566,0.03388,3.816,1.069,0.3055,0.004054,817.9,144.8,28.41,0.3864,1.878E-5,3.282E-4,1.074E-4,0.01617,0.004466,7.919E-4,19.42,1099.0,1.561,5.631,5.745,0.3159,0.1259,0.03442,3.74,0.9603,0.2113,0.0,0.0,0.0,0.0,0.0,0.0,0.0,0.0,0.0,0.0,0.0,0.4509,269.5,2.534,0.4256,0.06865,1.096,0.286,0.03892,2.889,0.7679,0.2945,6.57E-6,829.2,7.986E-4,7.32E-5,5.661E-6,1.125E-4,3.659E-6,7.45E-7,3.429E-5,9.464E-6,4.668E-6,
0.0,0.0,0.0,0.0,0.0,0.0,0.0,0.0,0.0,0.0,0.0,0.0,0.0,0.0,0.0,0.0,0.0,0.0,0.0,0.0,0.0,0.0,2.8E-6,0.001843,0.04677,3.018,1.224,0.01596,1.483E-6,2.881E-4,4.616E-5,0.02024,0.004404,3.998E-4,0.0,0.0,0.0,0.0,0.0,0.0,0.0,0.0,0.0,0.0,0.0,0.0,0.0,0.0,0.0,0.0,0.0,0.0,0.0,0.0,0.0,0.0,2.3E-22,0.0,4.001,0.001848,0.01539,0.0,0.01654,0.008959,0.7643,0.177,0.01462,0.0,0.0,0.0,0.0,0.0,0.0,0.0,0.0,0.0,0.0,0.0,0.0,0.0,0.0,0.0,0.0,0.0,0.0,0.0,0.0,0.0,0.0,0.0,0.0,0.0,0.0,0.0,0.0,0.0,0.0,0.0,0.0,0.0,0.0,0.0,0.0,0.0,0.0,0.0,0.0,0.0,0.0,0.0,0.0,0.0,0.0,1.0E-4,18640.0,9.551999999999999E25,5913.0,1243.0,81.54,202600.0,673.0,812.8,12410.0,4072.0,2417.0,0.3167,0.001974,55.89,182.2,4.891,3.315,0.08566,0.03388,3.816,1.069,0.3055,0.004054,809.8,144.8,28.41,0.3864,1.878E-5,3.282E-4,1.074E-4,0.01617,0.004466,7.919E-4,19.42,1107.0,1.561,5.631,5.745,0.3159,0.1259,0.03442,3.74,0.9603,0.2113,0.0,0.0,0.0,0.0,0.0,0.0,0.0,0.0,0.0,0.0,0.0,0.4509,269.5,2.534,0.4256,0.06865,1.096,0.286,0.03892,2.889,0.7679,0.2945,6.57E-6,837.3,7.986E-4,7.32E-5,5.661E-6,1.125E-4,3.659E-6,7.45E-7,3.429E-5,9.464E-6,4.668E-6,
0.0,0.0,0.0,0.0,0.0,0.0,0.0,0.0,0.0,0.0,0.0,0.0,0.0,0.0,0.0,0.0,0.0,0.0,0.0,0.0,0.0,0.0,2.8E-6,0.001843,0.04722,3.018,1.224,0.01596,1.483E-6,2.881E-4,4.616E-5,0.02024,0.004404,3.998E-4,0.0,0.0,0.0,0.0,0.0,0.0,0.0,0.0,0.0,0.0,0.0,0.0,0.0,0.0,0.0,0.0,0.0,0.0,0.0,0.0,0.0,0.0,2.3E-22,0.0,4.001,0.001848,0.01539,0.0,0.01654,0.008959,0.7643,0.177,0.01462,0.0,0.0,0.0,0.0,0.0,0.0,0.0,0.0,0.0,0.0,0.0,0.0,0.0,0.0,0.0,0.0,0.0,0.0,0.0,0.0,0.0,0.0,0.0,0.0,0.0,0.0,0.0,0.0,0.0,0.0,0.0,0.0,0.0,0.0,0.0,0.0,0.0,0.0,0.0,0.0,0.0,0.0,0.0,0.0,0.0,0.0,1.0E-4,18640.0,9.551999999999999E25,5913.0,1243.0,81.54,202600.0,673.0,812.8,12410.0,4072.0,2417.0,0.3167,0.001952,55.89,182.2,4.891,3.315,0.08566,0.03388,3.816,1.069,0.3055,0.004054,801.7,144.8,28.41,0.3864,1.878E-5,3.282E-4,1.074E-4,0.01617,0.004466,7.919E-4,19.42,1115.0,1.561,5.631,5.745,0.3159,0.1259,0.03442,3.74,0.9603,0.2113,0.0,0.0,0.0,0.0,0.0,0.0,0.0,0.0,0.0,0.0,0.0,0.4509,269.5,2.534,0.4256,0.06865,1.096,0.286,0.03892,2.889,0.7679,0.2945,6.57E-6,845.4,7.986E-4,7.32E-5,5.661E-6,1.125E-4,3.659E-6,7.45E-7,3.429E-5,9.464E-6,4.668E-6,
0.0,0.0,0.0,0.0,0.0,0.0,0.0,0.0,0.0,0.0,0.0,0.0,0.0,0.0,0.0,0.0,0.0,0.0,0.0,0.0,0.0,0.0,2.8E-6,0.001843,0.04767,3.018,1.224,0.01596,1.483E-6,2.881E-4,4.616E-5,0.02024,0.004404,3.998E-4,0.0,0.0,0.0,0.0,0.0,0.0,0.0,0.0,0.0,0.0,0.0,0.0,0.0,0.0,0.0,0.0,0.0,0.0,0.0,0.0,0.0,0.0,2.3E-22,0.0,4.001,0.001848,0.01539,0.0,0.01654,0.008959,0.7643,0.177,0.01462,0.0,0.0,0.0,0.0,0.0,0.0,0.0,0.0,0.0,0.0,0.0,0.0,0.0,0.0,0.0,0.0,0.0,0.0,0.0,0.0,0.0,0.0,0.0,0.0,0.0,0.0,0.0,0.0,0.0,0.0,0.0,0.0,0.0,0.0,0.0,0.0,0.0,0.0,0.0,0.0,0.0,0.0,0.0,0.0,0.0,0.0,1.0E-4,18640.0,9.551999999999999E25,5913.0,1243.0,81.54,202600.0,673.0,812.8,12410.0,4072.0,2417.0,0.3167,0.001931,55.89,182.2,4.891,3.315,0.08566,0.03388,3.816,1.069,0.3055,0.004054,793.7,144.8,28.41,0.3864,1.878E-5,3.282E-4,1.074E-4,0.01617,0.004466,7.919E-4,19.42,1123.0,1.561,5.631,5.745,0.3159,0.1259,0.03442,3.74,0.9603,0.2113,0.0,0.0,0.0,0.0,0.0,0.0,0.0,0.0,0.0,0.0,0.0,0.4509,269.5,2.534,0.4256,0.06865,1.096,0.286,0.03892,2.889,0.7679,0.2945,6.57E-6,853.3,7.986E-4,7.32E-5,5.661E-6,1.125E-4,3.659E-6,7.45E-7,3.429E-5,9.464E-6,4.668E-6,
0.0,0.0,0.0,0.0,0.0,0.0,0.0,0.0,0.0,0.0,0.0,0.0,0.0,0.0,0.0,0.0,0.0,0.0,0.0,0.0,0.0,0.0,2.8E-6,0.001843,0.04811,3.018,1.224,0.01596,1.483E-6,2.881E-4,4.616E-5,0.02024,0.004404,3.998E-4,0.0,0.0,0.0,0.0,0.0,0.0,0.0,0.0,0.0,0.0,0.0,0.0,0.0,0.0,0.0,0.0,0.0,0.0,0.0,0.0,0.0,0.0,2.3E-22,0.0,4.001,0.001848,0.01539,0.0,0.01654,0.008959,0.7643,0.177,0.01462,0.0,0.0,0.0,0.0,0.0,0.0,0.0,0.0,0.0,0.0,0.0,0.0,0.0,0.0,0.0,0.0,0.0,0.0,0.0,0.0,0.0,0.0,0.0,0.0,0.0,0.0,0.0,0.0,0.0,0.0,0.0,0.0,0.0,0.0,0.0,0.0,0.0,0.0,0.0,0.0,0.0,0.0,0.0,0.0,0.0,0.0,1.0E-4,18640.0,9.551999999999999E25,5913.0,1243.0,81.54,202600.0,673.0,812.8,12410.0,4072.0,2417.0,0.3167,0.001911,55.89,182.2,4.891,3.315,0.08566,0.03388,3.816,1.069,0.3055,0.004054,785.8,144.8,28.41,0.3864,1.878E-5,3.282E-4,1.074E-4,0.01617,0.004466,7.919E-4,19.42,1131.0,1.561,5.631,5.745,0.3159,0.1259,0.03442,3.74,0.9603,0.2113,0.0,0.0,0.0,0.0,0.0,0.0,0.0,0.0,0.0,0.0,0.0,0.4509,269.5,2.534,0.4256,0.06865,1.096,0.286,0.03892,2.889,0.7679,0.2945,6.57E-6,861.2,7.986E-4,7.32E-5,5.661E-6,1.125E-4,3.659E-6,7.45E-7,3.429E-5,9.464E-6,4.668E-6,
0.0,0.0,0.0,0.0,0.0,0.0,0.0,0.0,0.0,0.0,0.0,0.0,0.0,0.0,0.0,0.0,0.0,0.0,0.0,0.0,0.0,0.0,2.8E-6,0.001843,0.04854,3.018,1.224,0.01596,1.483E-6,2.881E-4,4.616E-5,0.02024,0.004404,3.998E-4,0.0,0.0,0.0,0.0,0.0,0.0,0.0,0.0,0.0,0.0,0.0,0.0,0.0,0.0,0.0,0.0,0.0,0.0,0.0,0.0,0.0,0.0,2.3E-22,0.0,4.001,0.001848,0.01539,0.0,0.01654,0.008959,0.7643,0.177,0.01462,0.0,0.0,0.0,0.0,0.0,0.0,0.0,0.0,0.0,0.0,0.0,0.0,0.0,0.0,0.0,0.0,0.0,0.0,0.0,0.0,0.0,0.0,0.0,0.0,0.0,0.0,0.0,0.0,0.0,0.0,0.0,0.0,0.0,0.0,0.0,0.0,0.0,0.0,0.0,0.0,0.0,0.0,0.0,0.0,0.0,0.0,1.0E-4,18640.0,9.551999999999999E25,5913.0,1243.0,81.54,202600.0,673.0,812.8,12410.0,4072.0,2417.0,0.3167,0.001891,55.89,182.2,4.891,3.315,0.08566,0.03388,3.816,1.069,0.3055,0.004054,778.0,144.8,28.41,0.3864,1.878E-5,3.282E-4,1.074E-4,0.01617,0.004466,7.919E-4,19.42,1139.0,1.561,5.631,5.745,0.3159,0.1259,0.03442,3.74,0.9603,0.2113,0.0,0.0,0.0,0.0,0.0,0.0,0.0,0.0,0.0,0.0,0.0,0.4509,269.5,2.534,0.4256,0.06865,1.096,0.286,0.03892,2.889,0.7679,0.2945,6.57E-6,869.1,7.986E-4,7.32E-5,5.661E-6,1.125E-4,3.659E-6,7.45E-7,3.429E-5,9.464E-6,4.668E-6,
0.0,0.0,0.0,0.0,0.0,0.0,0.0,0.0,0.0,0.0,0.0,0.0,0.0,0.0,0.0,0.0,0.0,0.0,0.0,0.0,0.0,0.0,2.8E-6,0.001843,0.04898,3.018,1.224,0.01596,1.483E-6,2.881E-4,4.616E-5,0.02024,0.004404,3.998E-4,0.0,0.0,0.0,0.0,0.0,0.0,0.0,0.0,0.0,0.0,0.0,0.0,0.0,0.0,0.0,0.0,0.0,0.0,0.0,0.0,0.0,0.0,2.3E-22,0.0,4.001,0.001848,0.01539,0.0,0.01654,0.008959,0.7643,0.177,0.01462,0.0,0.0,0.0,0.0,0.0,0.0,0.0,0.0,0.0,0.0,0.0,0.0,0.0,0.0,0.0,0.0,0.0,0.0,0.0,0.0,0.0,0.0,0.0,0.0,0.0,0.0,0.0,0.0,0.0,0.0,0.0,0.0,0.0,0.0,0.0,0.0,0.0,0.0,0.0,0.0,0.0,0.0,0.0,0.0,0.0,0.0,1.0E-4,18640.0,9.551999999999999E25,5913.0,1243.0,81.54,202600.0,673.0,812.8,12410.0,4072.0,2417.0,0.3167,0.001871,55.89,182.2,4.891,3.315,0.08566,0.03388,3.816,1.069,0.3055,0.004054,770.3,144.8,28.41,0.3864,1.878E-5,3.282E-4,1.074E-4,0.01617,0.004466,7.919E-4,19.42,1146.0,1.561,5.631,5.745,0.3159,0.1259,0.03442,3.74,0.9603,0.2113,0.0,0.0,0.0,0.0,0.0,0.0,0.0,0.0,0.0,0.0,0.0,0.4509,269.5,2.534,0.4256,0.06865,1.096,0.286,0.03892,2.889,0.7679,0.2945,6.57E-6,876.8,7.986E-4,7.32E-5,5.661E-6,1.125E-4,3.659E-6,7.45E-7,3.429E-5,9.464E-6,4.668E-6,
0.0,0.0,0.0,0.0,0.0,0.0,0.0,0.0,0.0,0.0,0.0,0.0,0.0,0.0,0.0,0.0,0.0,0.0,0.0,0.0,0.0,0.0,2.8E-6,0.001843,0.0494,3.018,1.224,0.01596,1.483E-6,2.881E-4,4.616E-5,0.02024,0.004404,3.998E-4,0.0,0.0,0.0,0.0,0.0,0.0,0.0,0.0,0.0,0.0,0.0,0.0,0.0,0.0,0.0,0.0,0.0,0.0,0.0,0.0,0.0,0.0,2.3E-22,0.0,4.001,0.001848,0.01539,0.0,0.01654,0.008959,0.7643,0.177,0.01462,0.0,0.0,0.0,0.0,0.0,0.0,0.0,0.0,0.0,0.0,0.0,0.0,0.0,0.0,0.0,0.0,0.0,0.0,0.0,0.0,0.0,0.0,0.0,0.0,0.0,0.0,0.0,0.0,0.0,0.0,0.0,0.0,0.0,0.0,0.0,0.0,0.0,0.0,0.0,0.0,0.0,0.0,0.0,0.0,0.0,0.0,1.0E-4,18640.0,9.551999999999999E25,5913.0,1243.0,81.54,202600.0,673.0,812.8,12410.0,4072.0,2417.0,0.3167,0.001852,55.89,182.2,4.891,3.315,0.08566,0.03388,3.816,1.069,0.3055,0.004054,762.6,144.8,28.41,0.3864,1.878E-5,3.282E-4,1.074E-4,0.01617,0.004466,7.919E-4,19.42,1154.0,1.561,5.631,5.745,0.3159,0.1259,0.03442,3.74,0.9603,0.2113,0.0,0.0,0.0,0.0,0.0,0.0,0.0,0.0,0.0,0.0,0.0,0.4509,269.5,2.534,0.4256,0.06865,1.096,0.286,0.03892,2.889,0.7679,0.2945,6.57E-6,884.5,7.986E-4,7.32E-5,5.661E-6,1.125E-4,3.659E-6,7.45E-7,3.429E-5,9.464E-6,4.668E-6,
0.0,0.0,0.0,0.0,0.0,0.0,0.0,0.0,0.0,0.0,0.0,0.0,0.0,0.0,0.0,0.0,0.0,0.0,0.0,0.0,0.0,0.0,2.8E-6,0.001843,0.04983,3.018,1.224,0.01596,1.483E-6,2.881E-4,4.616E-5,0.02024,0.004404,3.998E-4,0.0,0.0,0.0,0.0,0.0,0.0,0.0,0.0,0.0,0.0,0.0,0.0,0.0,0.0,0.0,0.0,0.0,0.0,0.0,0.0,0.0,0.0,2.3E-22,0.0,4.001,0.001848,0.01539,0.0,0.01654,0.008959,0.7643,0.177,0.01462,0.0,0.0,0.0,0.0,0.0,0.0,0.0,0.0,0.0,0.0,0.0,0.0,0.0,0.0,0.0,0.0,0.0,0.0,0.0,0.0,0.0,0.0,0.0,0.0,0.0,0.0,0.0,0.0,0.0,0.0,0.0,0.0,0.0,0.0,0.0,0.0,0.0,0.0,0.0,0.0,0.0,0.0,0.0,0.0,0.0,0.0,1.0E-4,18640.0,9.551999999999999E25,5913.0,1243.0,81.54,202600.0,673.0,812.8,12410.0,4072.0,2417.0,0.3167,0.001833,55.89,182.2,4.891,3.315,0.08566,0.03388,3.816,1.069,0.3055,0.004054,755.0,144.8,28.41,0.3864,1.878E-5,3.282E-4,1.074E-4,0.01617,0.004466,7.919E-4,19.42,1162.0,1.561,5.631,5.745,0.3159,0.1259,0.03442,3.74,0.9603,0.2113,0.0,0.0,0.0,0.0,0.0,0.0,0.0,0.0,0.0,0.0,0.0,0.4509,269.6,2.534,0.4256,0.06865,1.096,0.286,0.03892,2.889,0.7679,0.2945,6.57E-6,892.1,7.986E-4,7.32E-5,5.661E-6,1.125E-4,3.659E-6,7.45E-7,3.429E-5,9.464E-6,4.668E-6,
0.0,0.0,0.0,0.0,0.0,0.0,0.0,0.0,0.0,0.0,0.0,0.0,0.0,0.0,0.0,0.0,0.0,0.0,0.0,0.0,0.0,0.0,2.8E-6,0.001843,0.05025,3.018,1.224,0.01596,1.483E-6,2.881E-4,4.616E-5,0.02024,0.004404,3.998E-4,0.0,0.0,0.0,0.0,0.0,0.0,0.0,0.0,0.0,0.0,0.0,0.0,0.0,0.0,0.0,0.0,0.0,0.0,0.0,0.0,0.0,0.0,2.3E-22,0.0,4.001,0.001848,0.01539,0.0,0.01654,0.008959,0.7643,0.177,0.01462,0.0,0.0,0.0,0.0,0.0,0.0,0.0,0.0,0.0,0.0,0.0,0.0,0.0,0.0,0.0,0.0,0.0,0.0,0.0,0.0,0.0,0.0,0.0,0.0,0.0,0.0,0.0,0.0,0.0,0.0,0.0,0.0,0.0,0.0,0.0,0.0,0.0,0.0,0.0,0.0,0.0,0.0,0.0,0.0,0.0,0.0,1.0E-4,18640.0,9.551999999999999E25,5913.0,1243.0,81.54,202600.0,673.0,812.8,12410.0,4072.0,2417.0,0.3167,0.001814,55.89,182.2,4.891,3.315,0.08566,0.03388,3.816,1.069,0.3055,0.004054,747.5,144.8,28.41,0.3864,1.878E-5,3.282E-4,1.074E-4,0.01617,0.004466,7.919E-4,19.42,1169.0,1.561,5.631,5.745,0.3159,0.1259,0.03442,3.74,0.9603,0.2113,0.0,0.0,0.0,0.0,0.0,0.0,0.0,0.0,0.0,0.0,0.0,0.4509,269.6,2.534,0.4256,0.06865,1.096,0.286,0.03892,2.889,0.7679,0.2945,6.57E-6,899.6,7.986E-4,7.32E-5,5.661E-6,1.125E-4,3.659E-6,7.45E-7,3.429E-5,9.464E-6,4.668E-6,
0.0,0.0,0.0,0.0,0.0,0.0,0.0,0.0,0.0,0.0,0.0,0.0,0.0,0.0,0.0,0.0,0.0,0.0,0.0,0.0,0.0,0.0,2.8E-6,0.001843,0.05066,3.018,1.224,0.01596,1.483E-6,2.881E-4,4.616E-5,0.02024,0.004404,3.998E-4,0.0,0.0,0.0,0.0,0.0,0.0,0.0,0.0,0.0,0.0,0.0,0.0,0.0,0.0,0.0,0.0,0.0,0.0,0.0,0.0,0.0,0.0,2.3E-22,0.0,4.001,0.001848,0.01539,0.0,0.01654,0.008959,0.7643,0.177,0.01462,0.0,0.0,0.0,0.0,0.0,0.0,0.0,0.0,0.0,0.0,0.0,0.0,0.0,0.0,0.0,0.0,0.0,0.0,0.0,0.0,0.0,0.0,0.0,0.0,0.0,0.0,0.0,0.0,0.0,0.0,0.0,0.0,0.0,0.0,0.0,0.0,0.0,0.0,0.0,0.0,0.0,0.0,0.0,0.0,0.0,0.0,1.0E-4,18640.0,9.551999999999999E25,5913.0,1243.0,81.54,202600.0,673.0,812.8,12410.0,4072.0,2417.0,0.3167,0.001796,55.89,182.2,4.891,3.315,0.08566,0.03388,3.816,1.069,0.3055,0.004054,740.1,144.8,28.41,0.3864,1.878E-5,3.282E-4,1.074E-4,0.01617,0.004466,7.919E-4,19.42,1177.0,1.561,5.631,5.745,0.3159,0.1259,0.03442,3.74,0.9603,0.2113,0.0,0.0,0.0,0.0,0.0,0.0,0.0,0.0,0.0,0.0,0.0,0.4509,269.6,2.534,0.4256,0.06865,1.096,0.286,0.03892,2.889,0.7679,0.2945,6.57E-6,907.0,7.986E-4,7.32E-5,5.661E-6,1.125E-4,3.659E-6,7.45E-7,3.429E-5,9.464E-6,4.668E-6,
0.0,0.0,0.0,0.0,0.0,0.0,0.0,0.0,0.0,0.0,0.0,0.0,0.0,0.0,0.0,0.0,0.0,0.0,0.0,0.0,0.0,0.0,2.8E-6,0.001843,0.05107,3.018,1.224,0.01596,1.483E-6,2.881E-4,4.616E-5,0.02024,0.004404,3.998E-4,0.0,0.0,0.0,0.0,0.0,0.0,0.0,0.0,0.0,0.0,0.0,0.0,0.0,0.0,0.0,0.0,0.0,0.0,0.0,0.0,0.0,0.0,2.3E-22,0.0,4.001,0.001848,0.01539,0.0,0.01654,0.008959,0.7643,0.177,0.01462,0.0,0.0,0.0,0.0,0.0,0.0,0.0,0.0,0.0,0.0,0.0,0.0,0.0,0.0,0.0,0.0,0.0,0.0,0.0,0.0,0.0,0.0,0.0,0.0,0.0,0.0,0.0,0.0,0.0,0.0,0.0,0.0,0.0,0.0,0.0,0.0,0.0,0.0,0.0,0.0,0.0,0.0,0.0,0.0,0.0,0.0,1.0E-4,18640.0,9.551999999999999E25,5913.0,1243.0,81.54,202600.0,673.0,812.8,12410.0,4072.0,2417.0,0.3167,0.001778,55.89,182.2,4.891,3.315,0.08566,0.03388,3.816,1.069,0.3055,0.004054,732.7,144.8,28.41,0.3864,1.878E-5,3.282E-4,1.074E-4,0.01617,0.004466,7.919E-4,19.42,1184.0,1.561,5.631,5.745,0.3159,0.1259,0.03442,3.74,0.9603,0.2113,0.0,0.0,0.0,0.0,0.0,0.0,0.0,0.0,0.0,0.0,0.0,0.4509,269.6,2.534,0.4256,0.06865,1.096,0.286,0.03892,2.889,0.7679,0.2945,6.57E-6,914.4,7.986E-4,7.32E-5,5.661E-6,1.125E-4,3.659E-6,7.45E-7,3.429E-5,9.464E-6,4.668E-6,
0.0,0.0,0.0,0.0,0.0,0.0,0.0,0.0,0.0,0.0,0.0,0.0,0.0,0.0,0.0,0.0,0.0,0.0,0.0,0.0,0.0,0.0,2.8E-6,0.001843,0.05148,3.018,1.224,0.01596,1.483E-6,2.881E-4,4.616E-5,0.02024,0.004404,3.998E-4,0.0,0.0,0.0,0.0,0.0,0.0,0.0,0.0,0.0,0.0,0.0,0.0,0.0,0.0,0.0,0.0,0.0,0.0,0.0,0.0,0.0,0.0,2.3E-22,0.0,4.001,0.001848,0.01539,0.0,0.01654,0.008959,0.7643,0.177,0.01462,0.0,0.0,0.0,0.0,0.0,0.0,0.0,0.0,0.0,0.0,0.0,0.0,0.0,0.0,0.0,0.0,0.0,0.0,0.0,0.0,0.0,0.0,0.0,0.0,0.0,0.0,0.0,0.0,0.0,0.0,0.0,0.0,0.0,0.0,0.0,0.0,0.0,0.0,0.0,0.0,0.0,0.0,0.0,0.0,0.0,0.0,1.0E-4,18640.0,9.551999999999999E25,5913.0,1243.0,81.54,202600.0,673.0,812.8,12410.0,4072.0,2417.0,0.3167,0.00176,55.89,182.2,4.891,3.315,0.08566,0.03388,3.816,1.069,0.3055,0.004054,725.4,144.8,28.41,0.3864,1.878E-5,3.282E-4,1.074E-4,0.01617,0.004466,7.919E-4,19.42,1191.0,1.561,5.631,5.745,0.3159,0.1259,0.03442,3.74,0.9603,0.2113,0.0,0.0,0.0,0.0,0.0,0.0,0.0,0.0,0.0,0.0,0.0,0.4509,269.6,2.534,0.4256,0.06865,1.096,0.286,0.03892,2.889,0.7679,0.2945,6.57E-6,921.7,7.986E-4,7.32E-5,5.661E-6,1.125E-4,3.659E-6,7.45E-7,3.429E-5,9.464E-6,4.668E-6,
0.0,0.0,0.0,0.0,0.0,0.0,0.0,0.0,0.0,0.0,0.0,0.0,0.0,0.0,0.0,0.0,0.0,0.0,0.0,0.0,0.0,0.0,2.8E-6,0.001843,0.05188,3.018,1.224,0.01596,1.483E-6,2.881E-4,4.616E-5,0.02024,0.004404,3.998E-4,0.0,0.0,0.0,0.0,0.0,0.0,0.0,0.0,0.0,0.0,0.0,0.0,0.0,0.0,0.0,0.0,0.0,0.0,0.0,0.0,0.0,0.0,2.3E-22,0.0,4.001,0.001848,0.01539,0.0,0.01654,0.008959,0.7643,0.177,0.01462,0.0,0.0,0.0,0.0,0.0,0.0,0.0,0.0,0.0,0.0,0.0,0.0,0.0,0.0,0.0,0.0,0.0,0.0,0.0,0.0,0.0,0.0,0.0,0.0,0.0,0.0,0.0,0.0,0.0,0.0,0.0,0.0,0.0,0.0,0.0,0.0,0.0,0.0,0.0,0.0,0.0,0.0,0.0,0.0,0.0,0.0,1.0E-4,18640.0,9.551999999999999E25,5913.0,1243.0,81.54,202600.0,673.0,812.8,12410.0,4072.0,2417.0,0.3167,0.001742,55.89,182.2,4.891,3.315,0.08566,0.03388,3.816,1.069,0.3055,0.004054,718.2,144.8,28.41,0.3864,1.878E-5,3.282E-4,1.074E-4,0.01617,0.004466,7.919E-4,19.42,1199.0,1.561,5.631,5.745,0.3159,0.1259,0.03442,3.74,0.9603,0.2113,0.0,0.0,0.0,0.0,0.0,0.0,0.0,0.0,0.0,0.0,0.0,0.4509,269.6,2.534,0.4256,0.06865,1.096,0.286,0.03892,2.889,0.7679,0.2945,6.57E-6,928.9,7.986E-4,7.32E-5,5.661E-6,1.125E-4,3.659E-6,7.45E-7,3.429E-5,9.464E-6,4.668E-6,
0.0,0.0,0.0,0.0,0.0,0.0,0.0,0.0,0.0,0.0,0.0,0.0,0.0,0.0,0.0,0.0,0.0,0.0,0.0,0.0,0.0,0.0,2.8E-6,0.001843,0.05228,3.018,1.224,0.01596,1.483E-6,2.881E-4,4.616E-5,0.02024,0.004404,3.998E-4,0.0,0.0,0.0,0.0,0.0,0.0,0.0,0.0,0.0,0.0,0.0,0.0,0.0,0.0,0.0,0.0,0.0,0.0,0.0,0.0,0.0,0.0,2.3E-22,0.0,4.001,0.001848,0.01539,0.0,0.01654,0.008959,0.7643,0.177,0.01462,0.0,0.0,0.0,0.0,0.0,0.0,0.0,0.0,0.0,0.0,0.0,0.0,0.0,0.0,0.0,0.0,0.0,0.0,0.0,0.0,0.0,0.0,0.0,0.0,0.0,0.0,0.0,0.0,0.0,0.0,0.0,0.0,0.0,0.0,0.0,0.0,0.0,0.0,0.0,0.0,0.0,0.0,0.0,0.0,0.0,0.0,1.0E-4,18640.0,9.551999999999999E25,5913.0,1243.0,81.54,202600.0,673.0,812.8,12410.0,4072.0,2417.0,0.3167,0.001725,55.89,182.2,4.891,3.315,0.08566,0.03388,3.816,1.069,0.3055,0.004054,711.0,144.8,28.41,0.3864,1.878E-5,3.282E-4,1.074E-4,0.01617,0.004466,7.919E-4,19.42,1206.0,1.561,5.631,5.745,0.3159,0.1259,0.03442,3.74,0.9603,0.2113,0.0,0.0,0.0,0.0,0.0,0.0,0.0,0.0,0.0,0.0,0.0,0.4509,269.6,2.534,0.4256,0.06865,1.096,0.286,0.03892,2.889,0.7679,0.2945,6.57E-6,936.0,7.986E-4,7.32E-5,5.661E-6,1.125E-4,3.659E-6,7.45E-7,3.429E-5,9.464E-6,4.668E-6,
0.0,0.0,0.0,0.0,0.0,0.0,0.0,0.0,0.0,0.0,0.0,0.0,0.0,0.0,0.0,0.0,0.0,0.0,0.0,0.0,0.0,0.0,2.8E-6,0.001843,0.05268,3.018,1.224,0.01596,1.483E-6,2.881E-4,4.616E-5,0.02024,0.004404,3.998E-4,0.0,0.0,0.0,0.0,0.0,0.0,0.0,0.0,0.0,0.0,0.0,0.0,0.0,0.0,0.0,0.0,0.0,0.0,0.0,0.0,0.0,0.0,2.3E-22,0.0,4.001,0.001848,0.01539,0.0,0.01654,0.008959,0.7643,0.177,0.01462,0.0,0.0,0.0,0.0,0.0,0.0,0.0,0.0,0.0,0.0,0.0,0.0,0.0,0.0,0.0,0.0,0.0,0.0,0.0,0.0,0.0,0.0,0.0,0.0,0.0,0.0,0.0,0.0,0.0,0.0,0.0,0.0,0.0,0.0,0.0,0.0,0.0,0.0,0.0,0.0,0.0,0.0,0.0,0.0,0.0,0.0,1.0E-4,18640.0,9.551999999999999E25,5913.0,1243.0,81.54,202600.0,673.0,812.8,12410.0,4072.0,2417.0,0.3167,0.001707,55.89,182.2,4.891,3.315,0.08566,0.03388,3.816,1.069,0.3055,0.004054,704.0,144.8,28.41,0.3864,1.878E-5,3.282E-4,1.074E-4,0.01617,0.004466,7.919E-4,19.42,1213.0,1.561,5.631,5.745,0.3159,0.1259,0.03442,3.74,0.9603,0.2113,0.0,0.0,0.0,0.0,0.0,0.0,0.0,0.0,0.0,0.0,0.0,0.4509,269.6,2.534,0.4256,0.06865,1.096,0.286,0.03892,2.889,0.7679,0.2945,6.57E-6,943.1,7.986E-4,7.32E-5,5.661E-6,1.125E-4,3.659E-6,7.45E-7,3.429E-5,9.464E-6,4.668E-6,
0.0,0.0,0.0,0.0,0.0,0.0,0.0,0.0,0.0,0.0,0.0,0.0,0.0,0.0,0.0,0.0,0.0,0.0,0.0,0.0,0.0,0.0,2.8E-6,0.001843,0.05307,3.018,1.224,0.01596,1.483E-6,2.881E-4,4.616E-5,0.02024,0.004404,3.998E-4,0.0,0.0,0.0,0.0,0.0,0.0,0.0,0.0,0.0,0.0,0.0,0.0,0.0,0.0,0.0,0.0,0.0,0.0,0.0,0.0,0.0,0.0,2.3E-22,0.0,4.001,0.001848,0.01539,0.0,0.01654,0.008959,0.7643,0.177,0.01462,0.0,0.0,0.0,0.0,0.0,0.0,0.0,0.0,0.0,0.0,0.0,0.0,0.0,0.0,0.0,0.0,0.0,0.0,0.0,0.0,0.0,0.0,0.0,0.0,0.0,0.0,0.0,0.0,0.0,0.0,0.0,0.0,0.0,0.0,0.0,0.0,0.0,0.0,0.0,0.0,0.0,0.0,0.0,0.0,0.0,0.0,1.0E-4,18640.0,9.551999999999999E25,5913.0,1243.0,81.54,202600.0,673.0,812.8,12410.0,4072.0,2417.0,0.3167,0.00169,55.89,182.2,4.891,3.315,0.08566,0.03388,3.816,1.069,0.3055,0.004054,697.0,144.8,28.41,0.3864,1.878E-5,3.282E-4,1.074E-4,0.01617,0.004466,7.919E-4,19.42,1220.0,1.561,5.631,5.745,0.3159,0.1259,0.03442,3.74,0.9603,0.2113,0.0,0.0,0.0,0.0,0.0,0.0,0.0,0.0,0.0,0.0,0.0,0.4509,269.6,2.534,0.4256,0.06865,1.096,0.286,0.03892,2.889,0.7679,0.2945,6.57E-6,950.1,7.986E-4,7.32E-5,5.661E-6,1.125E-4,3.659E-6,7.45E-7,3.429E-5,9.464E-6,4.668E-6,
0.0,0.0,0.0,0.0,0.0,0.0,0.0,0.0,0.0,0.0,0.0,0.0,0.0,0.0,0.0,0.0,0.0,0.0,0.0,0.0,0.0,0.0,2.8E-6,0.001843,0.05346,3.018,1.224,0.01596,1.483E-6,2.881E-4,4.616E-5,0.02024,0.004404,3.998E-4,0.0,0.0,0.0,0.0,0.0,0.0,0.0,0.0,0.0,0.0,0.0,0.0,0.0,0.0,0.0,0.0,0.0,0.0,0.0,0.0,0.0,0.0,2.3E-22,0.0,4.001,0.001848,0.01539,0.0,0.01654,0.008959,0.7643,0.177,0.01462,0.0,0.0,0.0,0.0,0.0,0.0,0.0,0.0,0.0,0.0,0.0,0.0,0.0,0.0,0.0,0.0,0.0,0.0,0.0,0.0,0.0,0.0,0.0,0.0,0.0,0.0,0.0,0.0,0.0,0.0,0.0,0.0,0.0,0.0,0.0,0.0,0.0,0.0,0.0,0.0,0.0,0.0,0.0,0.0,0.0,0.0,1.0E-4,18640.0,9.551999999999999E25,5913.0,1243.0,81.54,202600.0,673.0,812.8,12410.0,4072.0,2417.0,0.3167,0.001673,55.89,182.2,4.891,3.315,0.08566,0.03388,3.816,1.069,0.3055,0.004054,690.0,144.8,28.41,0.3864,1.878E-5,3.282E-4,1.074E-4,0.01617,0.004466,7.919E-4,19.42,1227.0,1.561,5.631,5.745,0.3159,0.1259,0.03442,3.74,0.9603,0.2113,0.0,0.0,0.0,0.0,0.0,0.0,0.0,0.0,0.0,0.0,0.0,0.4509,269.6,2.534,0.4256,0.06865,1.096,0.286,0.03892,2.889,0.7679,0.2945,6.57E-6,957.0,7.986E-4,7.32E-5,5.661E-6,1.125E-4,3.659E-6,7.45E-7,3.429E-5,9.464E-6,4.668E-6,
0.0,0.0,0.0,0.0,0.0,0.0,0.0,0.0,0.0,0.0,0.0,0.0,0.0,0.0,0.0,0.0,0.0,0.0,0.0,0.0,0.0,0.0,2.8E-6,0.001843,0.05384,3.018,1.224,0.01596,1.483E-6,2.881E-4,4.616E-5,0.02024,0.004404,3.998E-4,0.0,0.0,0.0,0.0,0.0,0.0,0.0,0.0,0.0,0.0,0.0,0.0,0.0,0.0,0.0,0.0,0.0,0.0,0.0,0.0,0.0,0.0,2.3E-22,0.0,4.001,0.001848,0.01539,0.0,0.01654,0.008959,0.7643,0.177,0.01462,0.0,0.0,0.0,0.0,0.0,0.0,0.0,0.0,0.0,0.0,0.0,0.0,0.0,0.0,0.0,0.0,0.0,0.0,0.0,0.0,0.0,0.0,0.0,0.0,0.0,0.0,0.0,0.0,0.0,0.0,0.0,0.0,0.0,0.0,0.0,0.0,0.0,0.0,0.0,0.0,0.0,0.0,0.0,0.0,0.0,0.0,1.0E-4,18640.0,9.551999999999999E25,5913.0,1243.0,81.54,202600.0,673.0,812.8,12410.0,4072.0,2417.0,0.3167,0.001657,55.89,182.2,4.891,3.315,0.08566,0.03388,3.816,1.069,0.3055,0.004054,683.2,144.8,28.41,0.3864,1.878E-5,3.282E-4,1.074E-4,0.01617,0.004466,7.919E-4,19.42,1234.0,1.561,5.631,5.745,0.3159,0.1259,0.03442,3.74,0.9603,0.2113,0.0,0.0,0.0,0.0,0.0,0.0,0.0,0.0,0.0,0.0,0.0,0.4509,269.6,2.534,0.4256,0.06865,1.096,0.286,0.03892,2.889,0.7679,0.2945,6.57E-6,963.9,7.986E-4,7.32E-5,5.661E-6,1.125E-4,3.659E-6,7.45E-7,3.429E-5,9.464E-6,4.668E-6,
0.0,0.0,0.0,0.0,0.0,0.0,0.0,0.0,0.0,0.0,0.0,0.0,0.0,0.0,0.0,0.0,0.0,0.0,0.0,0.0,0.0,0.0,2.8E-6,0.001843,0.05422,3.018,1.224,0.01596,1.483E-6,2.881E-4,4.616E-5,0.02024,0.004404,3.998E-4,0.0,0.0,0.0,0.0,0.0,0.0,0.0,0.0,0.0,0.0,0.0,0.0,0.0,0.0,0.0,0.0,0.0,0.0,0.0,0.0,0.0,0.0,2.3E-22,0.0,4.001,0.001848,0.01539,0.0,0.01654,0.008959,0.7643,0.177,0.01462,0.0,0.0,0.0,0.0,0.0,0.0,0.0,0.0,0.0,0.0,0.0,0.0,0.0,0.0,0.0,0.0,0.0,0.0,0.0,0.0,0.0,0.0,0.0,0.0,0.0,0.0,0.0,0.0,0.0,0.0,0.0,0.0,0.0,0.0,0.0,0.0,0.0,0.0,0.0,0.0,0.0,0.0,0.0,0.0,0.0,0.0,1.0E-4,18640.0,9.551999999999999E25,5913.0,1243.0,81.54,202600.0,673.0,812.8,12410.0,4072.0,2417.0,0.3167,0.00164,55.89,182.2,4.891,3.315,0.08566,0.03388,3.816,1.069,0.3055,0.004054,676.4,144.8,28.41,0.3864,1.878E-5,3.282E-4,1.074E-4,0.01617,0.004466,7.919E-4,19.42,1240.0,1.561,5.631,5.745,0.3159,0.1259,0.03442,3.74,0.9603,0.2113,0.0,0.0,0.0,0.0,0.0,0.0,0.0,0.0,0.0,0.0,0.0,0.4509,269.6,2.534,0.4256,0.06865,1.096,0.286,0.03892,2.889,0.7679,0.2945,6.57E-6,970.7,7.986E-4,7.32E-5,5.661E-6,1.125E-4,3.659E-6,7.45E-7,3.429E-5,9.464E-6,4.668E-6,
0.0,0.0,0.0,0.0,0.0,0.0,0.0,0.0,0.0,0.0,0.0,0.0,0.0,0.0,0.0,0.0,0.0,0.0,0.0,0.0,0.0,0.0,2.8E-6,0.001843,0.0546,3.018,1.224,0.01596,1.483E-6,2.881E-4,4.616E-5,0.02024,0.004404,3.998E-4,0.0,0.0,0.0,0.0,0.0,0.0,0.0,0.0,0.0,0.0,0.0,0.0,0.0,0.0,0.0,0.0,0.0,0.0,0.0,0.0,0.0,0.0,2.3E-22,0.0,4.001,0.001848,0.01539,0.0,0.01654,0.008959,0.7643,0.177,0.01462,0.0,0.0,0.0,0.0,0.0,0.0,0.0,0.0,0.0,0.0,0.0,0.0,0.0,0.0,0.0,0.0,0.0,0.0,0.0,0.0,0.0,0.0,0.0,0.0,0.0,0.0,0.0,0.0,0.0,0.0,0.0,0.0,0.0,0.0,0.0,0.0,0.0,0.0,0.0,0.0,0.0,0.0,0.0,0.0,0.0,0.0,1.0E-4,18640.0,9.551999999999999E25,5913.0,1243.0,81.54,202600.0,673.0,812.8,12410.0,4072.0,2417.0,0.3167,0.001624,55.89,182.2,4.891,3.315,0.08566,0.03388,3.816,1.069,0.3055,0.004054,669.6,144.8,28.41,0.3864,1.878E-5,3.282E-4,1.074E-4,0.01617,0.004466,7.919E-4,19.42,1247.0,1.561,5.631,5.745,0.3159,0.1259,0.03442,3.74,0.9603,0.2113,0.0,0.0,0.0,0.0,0.0,0.0,0.0,0.0,0.0,0.0,0.0,0.4509,269.6,2.534,0.4256,0.06865,1.096,0.286,0.03892,2.889,0.7679,0.2945,6.57E-6,977.4,7.986E-4,7.32E-5,5.661E-6,1.125E-4,3.659E-6,7.45E-7,3.429E-5,9.464E-6,4.668E-6,
0.0,0.0,0.0,0.0,0.0,0.0,0.0,0.0,0.0,0.0,0.0,0.0,0.0,0.0,0.0,0.0,0.0,0.0,0.0,0.0,0.0,0.0,2.8E-6,0.001843,0.05497,3.018,1.224,0.01596,1.483E-6,2.881E-4,4.616E-5,0.02024,0.004404,3.998E-4,0.0,0.0,0.0,0.0,0.0,0.0,0.0,0.0,0.0,0.0,0.0,0.0,0.0,0.0,0.0,0.0,0.0,0.0,0.0,0.0,0.0,0.0,2.3E-22,0.0,4.001,0.001848,0.01539,0.0,0.01654,0.008959,0.7643,0.177,0.01462,0.0,0.0,0.0,0.0,0.0,0.0,0.0,0.0,0.0,0.0,0.0,0.0,0.0,0.0,0.0,0.0,0.0,0.0,0.0,0.0,0.0,0.0,0.0,0.0,0.0,0.0,0.0,0.0,0.0,0.0,0.0,0.0,0.0,0.0,0.0,0.0,0.0,0.0,0.0,0.0,0.0,0.0,0.0,0.0,0.0,0.0,1.0E-4,18640.0,9.551999999999999E25,5913.0,1243.0,81.54,202600.0,673.0,812.8,12410.0,4072.0,2417.0,0.3167,0.001608,55.89,182.2,4.891,3.315,0.08566,0.03388,3.816,1.069,0.3055,0.004054,663.0,144.8,28.41,0.3864,1.878E-5,3.282E-4,1.074E-4,0.01617,0.004466,7.919E-4,19.42,1254.0,1.561,5.631,5.745,0.3159,0.1259,0.03442,3.74,0.9603,0.2113,0.0,0.0,0.0,0.0,0.0,0.0,0.0,0.0,0.0,0.0,0.0,0.4509,269.6,2.534,0.4256,0.06865,1.096,0.286,0.03892,2.889,0.7679,0.2945,6.57E-6,984.1,7.986E-4,7.32E-5,5.661E-6,1.125E-4,3.659E-6,7.45E-7,3.429E-5,9.464E-6,4.668E-6,
0.0,0.0,0.0,0.0,0.0,0.0,0.0,0.0,0.0,0.0,0.0,0.0,0.0,0.0,0.0,0.0,0.0,0.0,0.0,0.0,0.0,0.0,2.8E-6,0.001843,0.05534,3.018,1.224,0.01596,1.483E-6,2.881E-4,4.616E-5,0.02024,0.004404,3.998E-4,0.0,0.0,0.0,0.0,0.0,0.0,0.0,0.0,0.0,0.0,0.0,0.0,0.0,0.0,0.0,0.0,0.0,0.0,0.0,0.0,0.0,0.0,2.3E-22,0.0,4.001,0.001848,0.01539,0.0,0.01654,0.008959,0.7643,0.177,0.01462,0.0,0.0,0.0,0.0,0.0,0.0,0.0,0.0,0.0,0.0,0.0,0.0,0.0,0.0,0.0,0.0,0.0,0.0,0.0,0.0,0.0,0.0,0.0,0.0,0.0,0.0,0.0,0.0,0.0,0.0,0.0,0.0,0.0,0.0,0.0,0.0,0.0,0.0,0.0,0.0,0.0,0.0,0.0,0.0,0.0,0.0,1.0E-4,18640.0,9.551999999999999E25,5913.0,1243.0,81.54,202600.0,673.0,812.8,12410.0,4072.0,2417.0,0.3167,0.001592,55.89,182.2,4.891,3.315,0.08566,0.03388,3.816,1.069,0.3055,0.004054,656.4,144.8,28.41,0.3864,1.878E-5,3.282E-4,1.074E-4,0.01617,0.004466,7.919E-4,19.42,1260.0,1.561,5.631,5.745,0.3159,0.1259,0.03442,3.74,0.9603,0.2113,0.0,0.0,0.0,0.0,0.0,0.0,0.0,0.0,0.0,0.0,0.0,0.4509,269.6,2.534,0.4256,0.06865,1.096,0.286,0.03892,2.889,0.7679,0.2945,6.57E-6,990.7,7.986E-4,7.32E-5,5.661E-6,1.125E-4,3.659E-6,7.45E-7,3.429E-5,9.464E-6,4.668E-6,
0.0,0.0,0.0,0.0,0.0,0.0,0.0,0.0,0.0,0.0,0.0,0.0,0.0,0.0,0.0,0.0,0.0,0.0,0.0,0.0,0.0,0.0,2.8E-6,0.001843,0.0557,3.018,1.224,0.01596,1.483E-6,2.881E-4,4.616E-5,0.02024,0.004404,3.998E-4,0.0,0.0,0.0,0.0,0.0,0.0,0.0,0.0,0.0,0.0,0.0,0.0,0.0,0.0,0.0,0.0,0.0,0.0,0.0,0.0,0.0,0.0,2.3E-22,0.0,4.001,0.001848,0.01539,0.0,0.01654,0.008959,0.7643,0.177,0.01462,0.0,0.0,0.0,0.0,0.0,0.0,0.0,0.0,0.0,0.0,0.0,0.0,0.0,0.0,0.0,0.0,0.0,0.0,0.0,0.0,0.0,0.0,0.0,0.0,0.0,0.0,0.0,0.0,0.0,0.0,0.0,0.0,0.0,0.0,0.0,0.0,0.0,0.0,0.0,0.0,0.0,0.0,0.0,0.0,0.0,0.0,1.0E-4,18640.0,9.551999999999999E25,5913.0,1243.0,81.54,202600.0,673.0,812.8,12410.0,4072.0,2417.0,0.3167,0.001576,55.89,182.2,4.891,3.315,0.08566,0.03388,3.816,1.069,0.3055,0.004054,649.8,144.8,28.41,0.3864,1.878E-5,3.282E-4,1.074E-4,0.01617,0.004466,7.919E-4,19.42,1267.0,1.561,5.631,5.745,0.3159,0.1259,0.03442,3.74,0.9603,0.2113,0.0,0.0,0.0,0.0,0.0,0.0,0.0,0.0,0.0,0.0,0.0,0.4509,269.6,2.534,0.4256,0.06865,1.096,0.286,0.03892,2.889,0.7679,0.2945,6.57E-6,997.2,7.986E-4,7.32E-5,5.661E-6,1.125E-4,3.659E-6,7.45E-7,3.429E-5,9.464E-6,4.668E-6,
0.0,0.0,0.0,0.0,0.0,0.0,0.0,0.0,0.0,0.0,0.0,0.0,0.0,0.0,0.0,0.0,0.0,0.0,0.0,0.0,0.0,0.0,2.8E-6,0.001843,0.05606,3.018,1.224,0.01596,1.483E-6,2.881E-4,4.616E-5,0.02024,0.004404,3.998E-4,0.0,0.0,0.0,0.0,0.0,0.0,0.0,0.0,0.0,0.0,0.0,0.0,0.0,0.0,0.0,0.0,0.0,0.0,0.0,0.0,0.0,0.0,2.3E-22,0.0,4.001,0.001848,0.01539,0.0,0.01654,0.008959,0.7643,0.177,0.01462,0.0,0.0,0.0,0.0,0.0,0.0,0.0,0.0,0.0,0.0,0.0,0.0,0.0,0.0,0.0,0.0,0.0,0.0,0.0,0.0,0.0,0.0,0.0,0.0,0.0,0.0,0.0,0.0,0.0,0.0,0.0,0.0,0.0,0.0,0.0,0.0,0.0,0.0,0.0,0.0,0.0,0.0,0.0,0.0,0.0,0.0,1.0E-4,18640.0,9.551999999999999E25,5913.0,1243.0,81.54,202600.0,673.0,812.8,12410.0,4072.0,2417.0,0.3167,0.00156,55.89,182.2,4.891,3.315,0.08566,0.03388,3.816,1.069,0.3055,0.004054,643.4,144.8,28.41,0.3864,1.878E-5,3.282E-4,1.074E-4,0.01617,0.004466,7.919E-4,19.42,1273.0,1.561,5.631,5.745,0.3159,0.1259,0.03442,3.74,0.9603,0.2113,0.0,0.0,0.0,0.0,0.0,0.0,0.0,0.0,0.0,0.0,0.0,0.4509,269.6,2.534,0.4256,0.06865,1.096,0.286,0.03892,2.889,0.7679,0.2945,6.57E-6,1004.0,7.986E-4,7.32E-5,5.661E-6,1.125E-4,3.659E-6,7.45E-7,3.429E-5,9.464E-6,4.668E-6,
0.0,0.0,0.0,0.0,0.0,0.0,0.0,0.0,0.0,0.0,0.0,0.0,0.0,0.0,0.0,0.0,0.0,0.0,0.0,0.0,0.0,0.0,2.8E-6,0.001843,0.05642,3.018,1.224,0.01596,1.483E-6,2.881E-4,4.616E-5,0.02024,0.004404,3.998E-4,0.0,0.0,0.0,0.0,0.0,0.0,0.0,0.0,0.0,0.0,0.0,0.0,0.0,0.0,0.0,0.0,0.0,0.0,0.0,0.0,0.0,0.0,2.3E-22,0.0,4.001,0.001848,0.01539,0.0,0.01654,0.008959,0.7643,0.177,0.01462,0.0,0.0,0.0,0.0,0.0,0.0,0.0,0.0,0.0,0.0,0.0,0.0,0.0,0.0,0.0,0.0,0.0,0.0,0.0,0.0,0.0,0.0,0.0,0.0,0.0,0.0,0.0,0.0,0.0,0.0,0.0,0.0,0.0,0.0,0.0,0.0,0.0,0.0,0.0,0.0,0.0,0.0,0.0,0.0,0.0,0.0,1.0E-4,18640.0,9.551999999999999E25,5913.0,1243.0,81.54,202600.0,673.0,812.8,12410.0,4072.0,2417.0,0.3167,0.001545,55.89,182.2,4.891,3.315,0.08566,0.03388,3.816,1.069,0.3055,0.004054,637.0,144.8,28.41,0.3864,1.878E-5,3.282E-4,1.074E-4,0.01617,0.004466,7.919E-4,19.42,1280.0,1.561,5.631,5.745,0.3159,0.1259,0.03442,3.74,0.9603,0.2113,0.0,0.0,0.0,0.0,0.0,0.0,0.0,0.0,0.0,0.0,0.0,0.4509,269.6,2.534,0.4256,0.06865,1.096,0.286,0.03892,2.889,0.7679,0.2945,6.57E-6,1010.0,7.986E-4,7.32E-5,5.661E-6,1.125E-4,3.659E-6,7.45E-7,3.429E-5,9.464E-6,4.668E-6,
0.0,0.0,0.0,0.0,0.0,0.0,0.0,0.0,0.0,0.0,0.0,0.0,0.0,0.0,0.0,0.0,0.0,0.0,0.0,0.0,0.0,0.0,2.8E-6,0.001843,0.05678,3.018,1.224,0.01596,1.483E-6,2.881E-4,4.616E-5,0.02024,0.004404,3.998E-4,0.0,0.0,0.0,0.0,0.0,0.0,0.0,0.0,0.0,0.0,0.0,0.0,0.0,0.0,0.0,0.0,0.0,0.0,0.0,0.0,0.0,0.0,2.3E-22,0.0,4.001,0.001848,0.01539,0.0,0.01654,0.008959,0.7643,0.177,0.01462,0.0,0.0,0.0,0.0,0.0,0.0,0.0,0.0,0.0,0.0,0.0,0.0,0.0,0.0,0.0,0.0,0.0,0.0,0.0,0.0,0.0,0.0,0.0,0.0,0.0,0.0,0.0,0.0,0.0,0.0,0.0,0.0,0.0,0.0,0.0,0.0,0.0,0.0,0.0,0.0,0.0,0.0,0.0,0.0,0.0,0.0,1.0E-4,18640.0,9.551999999999999E25,5913.0,1243.0,81.54,202600.0,673.0,812.8,12410.0,4072.0,2417.0,0.3167,0.001529,55.89,182.2,4.891,3.315,0.08566,0.03388,3.816,1.069,0.3055,0.004054,630.6,144.8,28.41,0.3864,1.878E-5,3.282E-4,1.074E-4,0.01617,0.004466,7.919E-4,19.42,1286.0,1.561,5.631,5.745,0.3159,0.1259,0.03442,3.74,0.9603,0.2113,0.0,0.0,0.0,0.0,0.0,0.0,0.0,0.0,0.0,0.0,0.0,0.4509,269.6,2.534,0.4256,0.06865,1.096,0.286,0.03892,2.889,0.7679,0.2945,6.57E-6,1016.0,7.986E-4,7.32E-5,5.661E-6,1.125E-4,3.659E-6,7.45E-7,3.429E-5,9.464E-6,4.668E-6,
0.0,0.0,0.0,0.0,0.0,0.0,0.0,0.0,0.0,0.0,0.0,0.0,0.0,0.0,0.0,0.0,0.0,0.0,0.0,0.0,0.0,0.0,2.8E-6,0.001843,0.05713,3.018,1.224,0.01596,1.483E-6,2.881E-4,4.616E-5,0.02024,0.004404,3.998E-4,0.0,0.0,0.0,0.0,0.0,0.0,0.0,0.0,0.0,0.0,0.0,0.0,0.0,0.0,0.0,0.0,0.0,0.0,0.0,0.0,0.0,0.0,2.3E-22,0.0,4.001,0.001848,0.01539,0.0,0.01654,0.008959,0.7643,0.177,0.01462,0.0,0.0,0.0,0.0,0.0,0.0,0.0,0.0,0.0,0.0,0.0,0.0,0.0,0.0,0.0,0.0,0.0,0.0,0.0,0.0,0.0,0.0,0.0,0.0,0.0,0.0,0.0,0.0,0.0,0.0,0.0,0.0,0.0,0.0,0.0,0.0,0.0,0.0,0.0,0.0,0.0,0.0,0.0,0.0,0.0,0.0,1.0E-4,18640.0,9.551999999999999E25,5913.0,1243.0,81.54,202600.0,673.0,812.8,12410.0,4072.0,2417.0,0.3167,0.001514,55.89,182.2,4.891,3.315,0.08566,0.03388,3.816,1.069,0.3055,0.004054,624.4,144.8,28.41,0.3864,1.878E-5,3.282E-4,1.074E-4,0.01617,0.004466,7.919E-4,19.42,1292.0,1.561,5.631,5.745,0.3159,0.1259,0.03442,3.74,0.9603,0.2113,0.0,0.0,0.0,0.0,0.0,0.0,0.0,0.0,0.0,0.0,0.0,0.4509,269.6,2.534,0.4256,0.06865,1.096,0.286,0.03892,2.889,0.7679,0.2945,6.57E-6,1023.0,7.986E-4,7.32E-5,5.661E-6,1.125E-4,3.659E-6,7.45E-7,3.429E-5,9.464E-6,4.668E-6,
0.0,0.0,0.0,0.0,0.0,0.0,0.0,0.0,0.0,0.0,0.0,0.0,0.0,0.0,0.0,0.0,0.0,0.0,0.0,0.0,0.0,0.0,2.8E-6,0.001843,0.05747,3.018,1.224,0.01596,1.483E-6,2.881E-4,4.616E-5,0.02024,0.004404,3.998E-4,0.0,0.0,0.0,0.0,0.0,0.0,0.0,0.0,0.0,0.0,0.0,0.0,0.0,0.0,0.0,0.0,0.0,0.0,0.0,0.0,0.0,0.0,2.3E-22,0.0,4.001,0.001848,0.01539,0.0,0.01654,0.008959,0.7643,0.177,0.01462,0.0,0.0,0.0,0.0,0.0,0.0,0.0,0.0,0.0,0.0,0.0,0.0,0.0,0.0,0.0,0.0,0.0,0.0,0.0,0.0,0.0,0.0,0.0,0.0,0.0,0.0,0.0,0.0,0.0,0.0,0.0,0.0,0.0,0.0,0.0,0.0,0.0,0.0,0.0,0.0,0.0,0.0,0.0,0.0,0.0,0.0,1.0E-4,18640.0,9.551999999999999E25,5913.0,1243.0,81.54,202600.0,673.0,812.8,12410.0,4072.0,2417.0,0.3167,0.001499,55.89,182.2,4.891,3.315,0.08566,0.03388,3.816,1.069,0.3055,0.004054,618.2,144.8,28.41,0.3864,1.878E-5,3.282E-4,1.074E-4,0.01617,0.004466,7.919E-4,19.42,1299.0,1.561,5.631,5.745,0.3159,0.1259,0.03442,3.74,0.9603,0.2113,0.0,0.0,0.0,0.0,0.0,0.0,0.0,0.0,0.0,0.0,0.0,0.4509,269.6,2.534,0.4256,0.06865,1.096,0.286,0.03892,2.889,0.7679,0.2945,6.57E-6,1029.0,7.986E-4,7.32E-5,5.661E-6,1.125E-4,3.659E-6,7.45E-7,3.429E-5,9.464E-6,4.668E-6,
0.0,0.0,0.0,0.0,0.0,0.0,0.0,0.0,0.0,0.0,0.0,0.0,0.0,0.0,0.0,0.0,0.0,0.0,0.0,0.0,0.0,0.0,2.8E-6,0.001843,0.05782,3.018,1.224,0.01596,1.483E-6,2.881E-4,4.616E-5,0.02024,0.004404,3.998E-4,0.0,0.0,0.0,0.0,0.0,0.0,0.0,0.0,0.0,0.0,0.0,0.0,0.0,0.0,0.0,0.0,0.0,0.0,0.0,0.0,0.0,0.0,2.3E-22,0.0,4.001,0.001848,0.01539,0.0,0.01654,0.008959,0.7643,0.177,0.01462,0.0,0.0,0.0,0.0,0.0,0.0,0.0,0.0,0.0,0.0,0.0,0.0,0.0,0.0,0.0,0.0,0.0,0.0,0.0,0.0,0.0,0.0,0.0,0.0,0.0,0.0,0.0,0.0,0.0,0.0,0.0,0.0,0.0,0.0,0.0,0.0,0.0,0.0,0.0,0.0,0.0,0.0,0.0,0.0,0.0,0.0,1.0E-4,18640.0,9.551999999999999E25,5913.0,1243.0,81.54,202600.0,673.0,812.8,12410.0,4072.0,2417.0,0.3167,0.001484,55.89,182.2,4.891,3.315,0.08566,0.03388,3.816,1.069,0.3055,0.004054,612.0,144.8,28.41,0.3864,1.878E-5,3.282E-4,1.074E-4,0.01617,0.004466,7.919E-4,19.42,1305.0,1.561,5.631,5.745,0.3159,0.1259,0.03442,3.74,0.9603,0.2113,0.0,0.0,0.0,0.0,0.0,0.0,0.0,0.0,0.0,0.0,0.0,0.4509,269.6,2.534,0.4256,0.06865,1.096,0.286,0.03892,2.889,0.7679,0.2945,6.57E-6,1035.0,7.986E-4,7.32E-5,5.661E-6,1.125E-4,3.659E-6,7.45E-7,3.429E-5,9.464E-6,4.668E-6,
0.0,0.0,0.0,0.0,0.0,0.0,0.0,0.0,0.0,0.0,0.0,0.0,0.0,0.0,0.0,0.0,0.0,0.0,0.0,0.0,0.0,0.0,2.8E-6,0.001843,0.05816,3.018,1.224,0.01596,1.483E-6,2.881E-4,4.616E-5,0.02024,0.004404,3.998E-4,0.0,0.0,0.0,0.0,0.0,0.0,0.0,0.0,0.0,0.0,0.0,0.0,0.0,0.0,0.0,0.0,0.0,0.0,0.0,0.0,0.0,0.0,2.3E-22,0.0,4.001,0.001848,0.01539,0.0,0.01654,0.008959,0.7643,0.177,0.01462,0.0,0.0,0.0,0.0,0.0,0.0,0.0,0.0,0.0,0.0,0.0,0.0,0.0,0.0,0.0,0.0,0.0,0.0,0.0,0.0,0.0,0.0,0.0,0.0,0.0,0.0,0.0,0.0,0.0,0.0,0.0,0.0,0.0,0.0,0.0,0.0,0.0,0.0,0.0,0.0,0.0,0.0,0.0,0.0,0.0,0.0,1.0E-4,18640.0,9.551999999999999E25,5913.0,1243.0,81.54,202600.0,673.0,812.8,12410.0,4072.0,2417.0,0.3167,0.001469,55.89,182.2,4.891,3.315,0.08566,0.03388,3.816,1.069,0.3055,0.004054,605.9,144.8,28.41,0.3864,1.878E-5,3.282E-4,1.074E-4,0.01617,0.004466,7.919E-4,19.42,1311.0,1.561,5.631,5.745,0.3159,0.1259,0.03442,3.74,0.9603,0.2113,0.0,0.0,0.0,0.0,0.0,0.0,0.0,0.0,0.0,0.0,0.0,0.4509,269.6,2.534,0.4256,0.06865,1.096,0.286,0.03892,2.889,0.7679,0.2945,6.57E-6,1041.0,7.986E-4,7.32E-5,5.661E-6,1.125E-4,3.659E-6,7.45E-7,3.429E-5,9.464E-6,4.668E-6,
0.0,0.0,0.0,0.0,0.0,0.0,0.0,0.0,0.0,0.0,0.0,0.0,0.0,0.0,0.0,0.0,0.0,0.0,0.0,0.0,0.0,0.0,2.8E-6,0.001843,0.05849,3.018,1.224,0.01596,1.483E-6,2.881E-4,4.616E-5,0.02024,0.004404,3.998E-4,0.0,0.0,0.0,0.0,0.0,0.0,0.0,0.0,0.0,0.0,0.0,0.0,0.0,0.0,0.0,0.0,0.0,0.0,0.0,0.0,0.0,0.0,2.3E-22,0.0,4.001,0.001848,0.01539,0.0,0.01654,0.008959,0.7643,0.177,0.01462,0.0,0.0,0.0,0.0,0.0,0.0,0.0,0.0,0.0,0.0,0.0,0.0,0.0,0.0,0.0,0.0,0.0,0.0,0.0,0.0,0.0,0.0,0.0,0.0,0.0,0.0,0.0,0.0,0.0,0.0,0.0,0.0,0.0,0.0,0.0,0.0,0.0,0.0,0.0,0.0,0.0,0.0,0.0,0.0,0.0,0.0,1.0E-4,18640.0,9.551999999999999E25,5913.0,1243.0,81.54,202600.0,673.0,812.8,12410.0,4072.0,2417.0,0.3167,0.001455,55.89,182.2,4.891,3.315,0.08566,0.03388,3.816,1.069,0.3055,0.004054,599.9,144.8,28.41,0.3864,1.878E-5,3.282E-4,1.074E-4,0.01617,0.004466,7.919E-4,19.42,1317.0,1.561,5.631,5.745,0.3159,0.1259,0.03442,3.74,0.9603,0.2113,0.0,0.0,0.0,0.0,0.0,0.0,0.0,0.0,0.0,0.0,0.0,0.4509,269.6,2.534,0.4256,0.06865,1.096,0.286,0.03892,2.889,0.7679,0.2945,6.57E-6,1047.0,7.986E-4,7.32E-5,5.661E-6,1.125E-4,3.659E-6,7.45E-7,3.429E-5,9.464E-6,4.668E-6,
0.0,0.0,0.0,0.0,0.0,0.0,0.0,0.0,0.0,0.0,0.0,0.0,0.0,0.0,0.0,0.0,0.0,0.0,0.0,0.0,0.0,0.0,2.8E-6,0.001843,0.05883,3.018,1.224,0.01596,1.483E-6,2.881E-4,4.616E-5,0.02024,0.004404,3.998E-4,0.0,0.0,0.0,0.0,0.0,0.0,0.0,0.0,0.0,0.0,0.0,0.0,0.0,0.0,0.0,0.0,0.0,0.0,0.0,0.0,0.0,0.0,2.3E-22,0.0,4.001,0.001848,0.01539,0.0,0.01654,0.008959,0.7643,0.177,0.01462,0.0,0.0,0.0,0.0,0.0,0.0,0.0,0.0,0.0,0.0,0.0,0.0,0.0,0.0,0.0,0.0,0.0,0.0,0.0,0.0,0.0,0.0,0.0,0.0,0.0,0.0,0.0,0.0,0.0,0.0,0.0,0.0,0.0,0.0,0.0,0.0,0.0,0.0,0.0,0.0,0.0,0.0,0.0,0.0,0.0,0.0,1.0E-4,18640.0,9.551999999999999E25,5913.0,1243.0,81.54,202600.0,673.0,812.8,12410.0,4072.0,2417.0,0.3167,0.00144,55.89,182.2,4.891,3.315,0.08566,0.03388,3.816,1.069,0.3055,0.004054,593.9,144.8,28.41,0.3864,1.878E-5,3.282E-4,1.074E-4,0.01617,0.004466,7.919E-4,19.42,1323.0,1.561,5.631,5.745,0.3159,0.1259,0.03442,3.74,0.9603,0.2113,0.0,0.0,0.0,0.0,0.0,0.0,0.0,0.0,0.0,0.0,0.0,0.4509,269.6,2.534,0.4256,0.06865,1.096,0.286,0.03892,2.889,0.7679,0.2945,6.57E-6,1053.0,7.986E-4,7.32E-5,5.661E-6,1.125E-4,3.659E-6,7.45E-7,3.429E-5,9.464E-6,4.668E-6,
0.0,0.0,0.0,0.0,0.0,0.0,0.0,0.0,0.0,0.0,0.0,0.0,0.0,0.0,0.0,0.0,0.0,0.0,0.0,0.0,0.0,0.0,2.8E-6,0.001843,0.05916,3.018,1.224,0.01596,1.483E-6,2.881E-4,4.616E-5,0.02024,0.004404,3.998E-4,0.0,0.0,0.0,0.0,0.0,0.0,0.0,0.0,0.0,0.0,0.0,0.0,0.0,0.0,0.0,0.0,0.0,0.0,0.0,0.0,0.0,0.0,2.3E-22,0.0,4.001,0.001848,0.01539,0.0,0.01654,0.008959,0.7643,0.177,0.01462,0.0,0.0,0.0,0.0,0.0,0.0,0.0,0.0,0.0,0.0,0.0,0.0,0.0,0.0,0.0,0.0,0.0,0.0,0.0,0.0,0.0,0.0,0.0,0.0,0.0,0.0,0.0,0.0,0.0,0.0,0.0,0.0,0.0,0.0,0.0,0.0,0.0,0.0,0.0,0.0,0.0,0.0,0.0,0.0,0.0,0.0,1.0E-4,18640.0,9.551999999999999E25,5913.0,1243.0,81.54,202600.0,673.0,812.8,12410.0,4072.0,2417.0,0.3167,0.001426,55.89,182.2,4.891,3.315,0.08566,0.03388,3.816,1.069,0.3055,0.004054,588.0,144.8,28.41,0.3864,1.878E-5,3.282E-4,1.074E-4,0.01617,0.004466,7.919E-4,19.42,1329.0,1.561,5.631,5.745,0.3159,0.1259,0.03442,3.74,0.9603,0.2113,0.0,0.0,0.0,0.0,0.0,0.0,0.0,0.0,0.0,0.0,0.0,0.4509,269.6,2.534,0.4256,0.06865,1.096,0.286,0.03892,2.889,0.7679,0.2945,6.57E-6,1059.0,7.986E-4,7.32E-5,5.661E-6,1.125E-4,3.659E-6,7.45E-7,3.429E-5,9.464E-6,4.668E-6,
0.0,0.0,0.0,0.0,0.0,0.0,0.0,0.0,0.0,0.0,0.0,0.0,0.0,0.0,0.0,0.0,0.0,0.0,0.0,0.0,0.0,0.0,2.8E-6,0.001843,0.05948,3.018,1.224,0.01596,1.483E-6,2.881E-4,4.616E-5,0.02024,0.004404,3.998E-4,0.0,0.0,0.0,0.0,0.0,0.0,0.0,0.0,0.0,0.0,0.0,0.0,0.0,0.0,0.0,0.0,0.0,0.0,0.0,0.0,0.0,0.0,2.3E-22,0.0,4.001,0.001848,0.01539,0.0,0.01654,0.008959,0.7643,0.177,0.01462,0.0,0.0,0.0,0.0,0.0,0.0,0.0,0.0,0.0,0.0,0.0,0.0,0.0,0.0,0.0,0.0,0.0,0.0,0.0,0.0,0.0,0.0,0.0,0.0,0.0,0.0,0.0,0.0,0.0,0.0,0.0,0.0,0.0,0.0,0.0,0.0,0.0,0.0,0.0,0.0,0.0,0.0,0.0,0.0,0.0,0.0,1.0E-4,18640.0,9.551999999999999E25,5913.0,1243.0,81.54,202600.0,673.0,812.8,12410.0,4072.0,2417.0,0.3167,0.001412,55.89,182.2,4.891,3.315,0.08566,0.03388,3.816,1.069,0.3055,0.004054,582.2,144.8,28.41,0.3864,1.878E-5,3.282E-4,1.074E-4,0.01617,0.004466,7.919E-4,19.42,1335.0,1.561,5.631,5.745,0.3159,0.1259,0.03442,3.74,0.9603,0.2113,0.0,0.0,0.0,0.0,0.0,0.0,0.0,0.0,0.0,0.0,0.0,0.4509,269.6,2.534,0.4256,0.06865,1.096,0.286,0.03892,2.889,0.7679,0.2945,6.57E-6,1065.0,7.986E-4,7.32E-5,5.661E-6,1.125E-4,3.659E-6,7.45E-7,3.429E-5,9.464E-6,4.668E-6,
0.0,0.0,0.0,0.0,0.0,0.0,0.0,0.0,0.0,0.0,0.0,0.0,0.0,0.0,0.0,0.0,0.0,0.0,0.0,0.0,0.0,0.0,2.8E-6,0.001843,0.05981,3.018,1.224,0.01596,1.483E-6,2.881E-4,4.616E-5,0.02024,0.004404,3.998E-4,0.0,0.0,0.0,0.0,0.0,0.0,0.0,0.0,0.0,0.0,0.0,0.0,0.0,0.0,0.0,0.0,0.0,0.0,0.0,0.0,0.0,0.0,2.3E-22,0.0,4.001,0.001848,0.01539,0.0,0.01654,0.008959,0.7643,0.177,0.01462,0.0,0.0,0.0,0.0,0.0,0.0,0.0,0.0,0.0,0.0,0.0,0.0,0.0,0.0,0.0,0.0,0.0,0.0,0.0,0.0,0.0,0.0,0.0,0.0,0.0,0.0,0.0,0.0,0.0,0.0,0.0,0.0,0.0,0.0,0.0,0.0,0.0,0.0,0.0,0.0,0.0,0.0,0.0,0.0,0.0,0.0,1.0E-4,18640.0,9.551999999999999E25,5913.0,1243.0,81.54,202600.0,673.0,812.8,12410.0,4072.0,2417.0,0.3167,0.001398,55.89,182.2,4.891,3.315,0.08566,0.03388,3.816,1.069,0.3055,0.004054,576.4,144.8,28.41,0.3864,1.878E-5,3.282E-4,1.074E-4,0.01617,0.004466,7.919E-4,19.42,1340.0,1.561,5.631,5.745,0.3159,0.1259,0.03442,3.74,0.9603,0.2113,0.0,0.0,0.0,0.0,0.0,0.0,0.0,0.0,0.0,0.0,0.0,0.4509,269.6,2.534,0.4256,0.06865,1.096,0.286,0.03892,2.889,0.7679,0.2945,6.57E-6,1071.0,7.986E-4,7.32E-5,5.661E-6,1.125E-4,3.659E-6,7.45E-7,3.429E-5,9.464E-6,4.668E-6,
0.0,0.0,0.0,0.0,0.0,0.0,0.0,0.0,0.0,0.0,0.0,0.0,0.0,0.0,0.0,0.0,0.0,0.0,0.0,0.0,0.0,0.0,2.8E-6,0.001843,0.06013,3.018,1.224,0.01596,1.483E-6,2.881E-4,4.616E-5,0.02024,0.004404,3.998E-4,0.0,0.0,0.0,0.0,0.0,0.0,0.0,0.0,0.0,0.0,0.0,0.0,0.0,0.0,0.0,0.0,0.0,0.0,0.0,0.0,0.0,0.0,2.3E-22,0.0,4.001,0.001848,0.01539,0.0,0.01654,0.008959,0.7643,0.177,0.01462,0.0,0.0,0.0,0.0,0.0,0.0,0.0,0.0,0.0,0.0,0.0,0.0,0.0,0.0,0.0,0.0,0.0,0.0,0.0,0.0,0.0,0.0,0.0,0.0,0.0,0.0,0.0,0.0,0.0,0.0,0.0,0.0,0.0,0.0,0.0,0.0,0.0,0.0,0.0,0.0,0.0,0.0,0.0,0.0,0.0,0.0,1.0E-4,18640.0,9.551999999999999E25,5913.0,1243.0,81.54,202600.0,673.0,812.8,12410.0,4072.0,2417.0,0.3167,0.001384,55.89,182.2,4.891,3.315,0.08566,0.03388,3.816,1.069,0.3055,0.004054,570.6,144.8,28.41,0.3864,1.878E-5,3.282E-4,1.074E-4,0.01617,0.004466,7.919E-4,19.42,1346.0,1.561,5.631,5.745,0.3159,0.1259,0.03442,3.74,0.9603,0.2113,0.0,0.0,0.0,0.0,0.0,0.0,0.0,0.0,0.0,0.0,0.0,0.4509,269.6,2.534,0.4256,0.06865,1.096,0.286,0.03892,2.889,0.7679,0.2945,6.57E-6,1076.0,7.986E-4,7.32E-5,5.661E-6,1.125E-4,3.659E-6,7.45E-7,3.429E-5,9.464E-6,4.668E-6,
0.0,0.0,0.0,0.0,0.0,0.0,0.0,0.0,0.0,0.0,0.0,0.0,0.0,0.0,0.0,0.0,0.0,0.0,0.0,0.0,0.0,0.0,2.8E-6,0.001843,0.06044,3.018,1.224,0.01596,1.483E-6,2.881E-4,4.616E-5,0.02024,0.004404,3.998E-4,0.0,0.0,0.0,0.0,0.0,0.0,0.0,0.0,0.0,0.0,0.0,0.0,0.0,0.0,0.0,0.0,0.0,0.0,0.0,0.0,0.0,0.0,2.3E-22,0.0,4.001,0.001848,0.01539,0.0,0.01654,0.008959,0.7643,0.177,0.01462,0.0,0.0,0.0,0.0,0.0,0.0,0.0,0.0,0.0,0.0,0.0,0.0,0.0,0.0,0.0,0.0,0.0,0.0,0.0,0.0,0.0,0.0,0.0,0.0,0.0,0.0,0.0,0.0,0.0,0.0,0.0,0.0,0.0,0.0,0.0,0.0,0.0,0.0,0.0,0.0,0.0,0.0,0.0,0.0,0.0,0.0,1.0E-4,18640.0,9.551999999999999E25,5913.0,1243.0,81.54,202600.0,673.0,812.8,12410.0,4072.0,2417.0,0.3167,0.00137,55.89,182.2,4.891,3.315,0.08566,0.03388,3.816,1.069,0.3055,0.004054,564.9,144.8,28.41,0.3864,1.878E-5,3.282E-4,1.074E-4,0.01617,0.004466,7.919E-4,19.42,1352.0,1.561,5.631,5.745,0.3159,0.1259,0.03442,3.74,0.9603,0.2113,0.0,0.0,0.0,0.0,0.0,0.0,0.0,0.0,0.0,0.0,0.0,0.4509,269.6,2.534,0.4256,0.06865,1.096,0.286,0.03892,2.889,0.7679,0.2945,6.57E-6,1082.0,7.986E-4,7.32E-5,5.661E-6,1.125E-4,3.659E-6,7.45E-7,3.429E-5,9.464E-6,4.668E-6,
0.0,0.0,0.0,0.0,0.0,0.0,0.0,0.0,0.0,0.0,0.0,0.0,0.0,0.0,0.0,0.0,0.0,0.0,0.0,0.0,0.0,0.0,2.8E-6,0.001843,0.06076,3.018,1.224,0.01596,1.483E-6,2.881E-4,4.616E-5,0.02024,0.004404,3.998E-4,0.0,0.0,0.0,0.0,0.0,0.0,0.0,0.0,0.0,0.0,0.0,0.0,0.0,0.0,0.0,0.0,0.0,0.0,0.0,0.0,0.0,0.0,2.3E-22,0.0,4.001,0.001848,0.01539,0.0,0.01654,0.008959,0.7643,0.177,0.01462,0.0,0.0,0.0,0.0,0.0,0.0,0.0,0.0,0.0,0.0,0.0,0.0,0.0,0.0,0.0,0.0,0.0,0.0,0.0,0.0,0.0,0.0,0.0,0.0,0.0,0.0,0.0,0.0,0.0,0.0,0.0,0.0,0.0,0.0,0.0,0.0,0.0,0.0,0.0,0.0,0.0,0.0,0.0,0.0,0.0,0.0,1.0E-4,18640.0,9.551999999999999E25,5913.0,1243.0,81.54,202600.0,673.0,812.8,12410.0,4072.0,2417.0,0.3167,0.001356,55.89,182.2,4.891,3.315,0.08566,0.03388,3.816,1.069,0.3055,0.004054,559.3,144.8,28.41,0.3864,1.878E-5,3.282E-4,1.074E-4,0.01617,0.004466,7.919E-4,19.42,1357.0,1.561,5.631,5.745,0.3159,0.1259,0.03442,3.74,0.9603,0.2113,0.0,0.0,0.0,0.0,0.0,0.0,0.0,0.0,0.0,0.0,0.0,0.4509,269.6,2.534,0.4256,0.06865,1.096,0.286,0.03892,2.889,0.7679,0.2945,6.57E-6,1088.0,7.986E-4,7.32E-5,5.661E-6,1.125E-4,3.659E-6,7.45E-7,3.429E-5,9.464E-6,4.668E-6,
0.0,0.0,0.0,0.0,0.0,0.0,0.0,0.0,0.0,0.0,0.0,0.0,0.0,0.0,0.0,0.0,0.0,0.0,0.0,0.0,0.0,0.0,2.8E-6,0.001843,0.06107,3.018,1.224,0.01596,1.483E-6,2.881E-4,4.616E-5,0.02024,0.004404,3.998E-4,0.0,0.0,0.0,0.0,0.0,0.0,0.0,0.0,0.0,0.0,0.0,0.0,0.0,0.0,0.0,0.0,0.0,0.0,0.0,0.0,0.0,0.0,2.3E-22,0.0,4.001,0.001848,0.01539,0.0,0.01654,0.008959,0.7643,0.177,0.01462,0.0,0.0,0.0,0.0,0.0,0.0,0.0,0.0,0.0,0.0,0.0,0.0,0.0,0.0,0.0,0.0,0.0,0.0,0.0,0.0,0.0,0.0,0.0,0.0,0.0,0.0,0.0,0.0,0.0,0.0,0.0,0.0,0.0,0.0,0.0,0.0,0.0,0.0,0.0,0.0,0.0,0.0,0.0,0.0,0.0,0.0,1.0E-4,18640.0,9.551999999999999E25,5913.0,1243.0,81.54,202600.0,673.0,812.8,12410.0,4072.0,2417.0,0.3167,0.001343,55.89,182.2,4.891,3.315,0.08566,0.03388,3.816,1.069,0.3055,0.004054,553.8,144.8,28.41,0.3864,1.878E-5,3.282E-4,1.074E-4,0.01617,0.004466,7.919E-4,19.42,1363.0,1.561,5.631,5.745,0.3159,0.1259,0.03442,3.74,0.9603,0.2113,0.0,0.0,0.0,0.0,0.0,0.0,0.0,0.0,0.0,0.0,0.0,0.4509,269.6,2.534,0.4256,0.06865,1.096,0.286,0.03892,2.889,0.7679,0.2945,6.57E-6,1093.0,7.986E-4,7.32E-5,5.661E-6,1.125E-4,3.659E-6,7.45E-7,3.429E-5,9.464E-6,4.668E-6,
0.0,0.0,0.0,0.0,0.0,0.0,0.0,0.0,0.0,0.0,0.0,0.0,0.0,0.0,0.0,0.0,0.0,0.0,0.0,0.0,0.0,0.0,2.8E-6,0.001843,0.06138,3.018,1.224,0.01596,1.483E-6,2.881E-4,4.616E-5,0.02024,0.004404,3.998E-4,0.0,0.0,0.0,0.0,0.0,0.0,0.0,0.0,0.0,0.0,0.0,0.0,0.0,0.0,0.0,0.0,0.0,0.0,0.0,0.0,0.0,0.0,2.3E-22,0.0,4.001,0.001848,0.01539,0.0,0.01654,0.008959,0.7643,0.177,0.01462,0.0,0.0,0.0,0.0,0.0,0.0,0.0,0.0,0.0,0.0,0.0,0.0,0.0,0.0,0.0,0.0,0.0,0.0,0.0,0.0,0.0,0.0,0.0,0.0,0.0,0.0,0.0,0.0,0.0,0.0,0.0,0.0,0.0,0.0,0.0,0.0,0.0,0.0,0.0,0.0,0.0,0.0,0.0,0.0,0.0,0.0,1.0E-4,18640.0,9.551999999999999E25,5913.0,1243.0,81.54,202600.0,673.0,812.8,12410.0,4072.0,2417.0,0.3167,0.001329,55.89,182.2,4.891,3.315,0.08566,0.03388,3.816,1.069,0.3055,0.004054,548.2,144.8,28.41,0.3864,1.878E-5,3.282E-4,1.074E-4,0.01617,0.004466,7.919E-4,19.42,1369.0,1.561,5.631,5.745,0.3159,0.1259,0.03442,3.74,0.9603,0.2113,0.0,0.0,0.0,0.0,0.0,0.0,0.0,0.0,0.0,0.0,0.0,0.4509,269.6,2.534,0.4256,0.06865,1.096,0.286,0.03892,2.889,0.7679,0.2945,6.57E-6,1099.0,7.986E-4,7.32E-5,5.661E-6,1.125E-4,3.659E-6,7.45E-7,3.429E-5,9.464E-6,4.668E-6,
0.0,0.0,0.0,0.0,0.0,0.0,0.0,0.0,0.0,0.0,0.0,0.0,0.0,0.0,0.0,0.0,0.0,0.0,0.0,0.0,0.0,0.0,2.8E-6,0.001843,0.06168,3.018,1.224,0.01596,1.483E-6,2.881E-4,4.616E-5,0.02024,0.004404,3.998E-4,0.0,0.0,0.0,0.0,0.0,0.0,0.0,0.0,0.0,0.0,0.0,0.0,0.0,0.0,0.0,0.0,0.0,0.0,0.0,0.0,0.0,0.0,2.3E-22,0.0,4.001,0.001848,0.01539,0.0,0.01654,0.008959,0.7643,0.177,0.01462,0.0,0.0,0.0,0.0,0.0,0.0,0.0,0.0,0.0,0.0,0.0,0.0,0.0,0.0,0.0,0.0,0.0,0.0,0.0,0.0,0.0,0.0,0.0,0.0,0.0,0.0,0.0,0.0,0.0,0.0,0.0,0.0,0.0,0.0,0.0,0.0,0.0,0.0,0.0,0.0,0.0,0.0,0.0,0.0,0.0,0.0,1.0E-4,18640.0,9.551999999999999E25,5913.0,1243.0,81.54,202600.0,673.0,812.8,12410.0,4072.0,2417.0,0.3167,0.001316,55.89,182.2,4.891,3.315,0.08566,0.03388,3.816,1.069,0.3055,0.004054,542.8,144.8,28.41,0.3864,1.878E-5,3.282E-4,1.074E-4,0.01617,0.004466,7.919E-4,19.42,1374.0,1.561,5.631,5.745,0.3159,0.1259,0.03442,3.74,0.9603,0.2113,0.0,0.0,0.0,0.0,0.0,0.0,0.0,0.0,0.0,0.0,0.0,0.4509,269.6,2.534,0.4256,0.06865,1.096,0.286,0.03892,2.889,0.7679,0.2945,6.57E-6,1104.0,7.986E-4,7.32E-5,5.661E-6,1.125E-4,3.659E-6,7.45E-7,3.429E-5,9.464E-6,4.668E-6,
0.0,0.0,0.0,0.0,0.0,0.0,0.0,0.0,0.0,0.0,0.0,0.0,0.0,0.0,0.0,0.0,0.0,0.0,0.0,0.0,0.0,0.0,2.8E-6,0.001843,0.06198,3.018,1.224,0.01596,1.483E-6,2.881E-4,4.616E-5,0.02024,0.004404,3.998E-4,0.0,0.0,0.0,0.0,0.0,0.0,0.0,0.0,0.0,0.0,0.0,0.0,0.0,0.0,0.0,0.0,0.0,0.0,0.0,0.0,0.0,0.0,2.3E-22,0.0,4.001,0.001848,0.01539,0.0,0.01654,0.008959,0.7643,0.177,0.01462,0.0,0.0,0.0,0.0,0.0,0.0,0.0,0.0,0.0,0.0,0.0,0.0,0.0,0.0,0.0,0.0,0.0,0.0,0.0,0.0,0.0,0.0,0.0,0.0,0.0,0.0,0.0,0.0,0.0,0.0,0.0,0.0,0.0,0.0,0.0,0.0,0.0,0.0,0.0,0.0,0.0,0.0,0.0,0.0,0.0,0.0,1.0E-4,18640.0,9.551999999999999E25,5913.0,1243.0,81.54,202600.0,673.0,812.8,12410.0,4072.0,2417.0,0.3167,0.001303,55.89,182.2,4.891,3.315,0.08566,0.03388,3.816,1.069,0.3055,0.004054,537.4,144.8,28.41,0.3864,1.878E-5,3.282E-4,1.074E-4,0.01617,0.004466,7.919E-4,19.42,1379.0,1.561,5.631,5.745,0.3159,0.1259,0.03442,3.74,0.9603,0.2113,0.0,0.0,0.0,0.0,0.0,0.0,0.0,0.0,0.0,0.0,0.0,0.4509,269.6,2.534,0.4256,0.06865,1.096,0.286,0.03892,2.889,0.7679,0.2945,6.57E-6,1110.0,7.986E-4,7.32E-5,5.661E-6,1.125E-4,3.659E-6,7.45E-7,3.429E-5,9.464E-6,4.668E-6,
0.0,0.0,0.0,0.0,0.0,0.0,0.0,0.0,0.0,0.0,0.0,0.0,0.0,0.0,0.0,0.0,0.0,0.0,0.0,0.0,0.0,0.0,2.8E-6,0.001843,0.06228,3.018,1.224,0.01596,1.483E-6,2.881E-4,4.616E-5,0.02024,0.004404,3.998E-4,0.0,0.0,0.0,0.0,0.0,0.0,0.0,0.0,0.0,0.0,0.0,0.0,0.0,0.0,0.0,0.0,0.0,0.0,0.0,0.0,0.0,0.0,2.3E-22,0.0,4.001,0.001848,0.01539,0.0,0.01654,0.008959,0.7643,0.177,0.01462,0.0,0.0,0.0,0.0,0.0,0.0,0.0,0.0,0.0,0.0,0.0,0.0,0.0,0.0,0.0,0.0,0.0,0.0,0.0,0.0,0.0,0.0,0.0,0.0,0.0,0.0,0.0,0.0,0.0,0.0,0.0,0.0,0.0,0.0,0.0,0.0,0.0,0.0,0.0,0.0,0.0,0.0,0.0,0.0,0.0,0.0,1.0E-4,18640.0,9.551999999999999E25,5913.0,1243.0,81.54,202600.0,673.0,812.8,12410.0,4072.0,2417.0,0.3167,0.00129,55.89,182.2,4.891,3.315,0.08566,0.03388,3.816,1.069,0.3055,0.004054,532.0,144.8,28.41,0.3864,1.878E-5,3.282E-4,1.074E-4,0.01617,0.004466,7.919E-4,19.42,1385.0,1.561,5.631,5.745,0.3159,0.1259,0.03442,3.74,0.9603,0.2113,0.0,0.0,0.0,0.0,0.0,0.0,0.0,0.0,0.0,0.0,0.0,0.4509,269.6,2.534,0.4256,0.06865,1.096,0.286,0.03892,2.889,0.7679,0.2945,6.57E-6,1115.0,7.986E-4,7.32E-5,5.661E-6,1.125E-4,3.659E-6,7.45E-7,3.429E-5,9.464E-6,4.668E-6,
0.0,0.0,0.0,0.0,0.0,0.0,0.0,0.0,0.0,0.0,0.0,0.0,0.0,0.0,0.0,0.0,0.0,0.0,0.0,0.0,0.0,0.0,2.8E-6,0.001843,0.06258,3.018,1.224,0.01596,1.483E-6,2.881E-4,4.616E-5,0.02024,0.004404,3.998E-4,0.0,0.0,0.0,0.0,0.0,0.0,0.0,0.0,0.0,0.0,0.0,0.0,0.0,0.0,0.0,0.0,0.0,0.0,0.0,0.0,0.0,0.0,2.3E-22,0.0,4.001,0.001848,0.01539,0.0,0.01654,0.008959,0.7643,0.177,0.01462,0.0,0.0,0.0,0.0,0.0,0.0,0.0,0.0,0.0,0.0,0.0,0.0,0.0,0.0,0.0,0.0,0.0,0.0,0.0,0.0,0.0,0.0,0.0,0.0,0.0,0.0,0.0,0.0,0.0,0.0,0.0,0.0,0.0,0.0,0.0,0.0,0.0,0.0,0.0,0.0,0.0,0.0,0.0,0.0,0.0,0.0,1.0E-4,18640.0,9.551999999999999E25,5913.0,1243.0,81.54,202600.0,673.0,812.8,12410.0,4072.0,2417.0,0.3167,0.001277,55.89,182.2,4.891,3.315,0.08566,0.03388,3.816,1.069,0.3055,0.004054,526.7,144.8,28.41,0.3864,1.878E-5,3.282E-4,1.074E-4,0.01617,0.004466,7.919E-4,19.42,1390.0,1.561,5.631,5.745,0.3159,0.1259,0.03442,3.74,0.9603,0.2113,0.0,0.0,0.0,0.0,0.0,0.0,0.0,0.0,0.0,0.0,0.0,0.4509,269.6,2.534,0.4256,0.06865,1.096,0.286,0.03892,2.889,0.7679,0.2945,6.57E-6,1120.0,7.986E-4,7.32E-5,5.661E-6,1.125E-4,3.659E-6,7.45E-7,3.429E-5,9.464E-6,4.668E-6,
0.0,0.0,0.0,0.0,0.0,0.0,0.0,0.0,0.0,0.0,0.0,0.0,0.0,0.0,0.0,0.0,0.0,0.0,0.0,0.0,0.0,0.0,2.8E-6,0.001843,0.06287,3.018,1.224,0.01596,1.483E-6,2.881E-4,4.616E-5,0.02024,0.004404,3.998E-4,0.0,0.0,0.0,0.0,0.0,0.0,0.0,0.0,0.0,0.0,0.0,0.0,0.0,0.0,0.0,0.0,0.0,0.0,0.0,0.0,0.0,0.0,2.3E-22,0.0,4.001,0.001848,0.01539,0.0,0.01654,0.008959,0.7643,0.177,0.01462,0.0,0.0,0.0,0.0,0.0,0.0,0.0,0.0,0.0,0.0,0.0,0.0,0.0,0.0,0.0,0.0,0.0,0.0,0.0,0.0,0.0,0.0,0.0,0.0,0.0,0.0,0.0,0.0,0.0,0.0,0.0,0.0,0.0,0.0,0.0,0.0,0.0,0.0,0.0,0.0,0.0,0.0,0.0,0.0,0.0,0.0,1.0E-4,18640.0,9.551999999999999E25,5913.0,1243.0,81.54,202600.0,673.0,812.8,12410.0,4072.0,2417.0,0.3167,0.001265,55.89,182.2,4.891,3.315,0.08566,0.03388,3.816,1.069,0.3055,0.004054,521.5,144.8,28.41,0.3864,1.878E-5,3.282E-4,1.074E-4,0.01617,0.004466,7.919E-4,19.42,1395.0,1.561,5.631,5.745,0.3159,0.1259,0.03442,3.74,0.9603,0.2113,0.0,0.0,0.0,0.0,0.0,0.0,0.0,0.0,0.0,0.0,0.0,0.4509,269.6,2.534,0.4256,0.06865,1.096,0.286,0.03892,2.889,0.7679,0.2945,6.57E-6,1126.0,7.986E-4,7.32E-5,5.661E-6,1.125E-4,3.659E-6,7.45E-7,3.429E-5,9.464E-6,4.668E-6,
0.0,0.0,0.0,0.0,0.0,0.0,0.0,0.0,0.0,0.0,0.0,0.0,0.0,0.0,0.0,0.0,0.0,0.0,0.0,0.0,0.0,0.0,2.8E-6,0.001843,0.06316,3.018,1.224,0.01596,1.483E-6,2.881E-4,4.616E-5,0.02024,0.004404,3.998E-4,0.0,0.0,0.0,0.0,0.0,0.0,0.0,0.0,0.0,0.0,0.0,0.0,0.0,0.0,0.0,0.0,0.0,0.0,0.0,0.0,0.0,0.0,2.3E-22,0.0,4.001,0.001848,0.01539,0.0,0.01654,0.008959,0.7643,0.177,0.01462,0.0,0.0,0.0,0.0,0.0,0.0,0.0,0.0,0.0,0.0,0.0,0.0,0.0,0.0,0.0,0.0,0.0,0.0,0.0,0.0,0.0,0.0,0.0,0.0,0.0,0.0,0.0,0.0,0.0,0.0,0.0,0.0,0.0,0.0,0.0,0.0,0.0,0.0,0.0,0.0,0.0,0.0,0.0,0.0,0.0,0.0,1.0E-4,18640.0,9.551999999999999E25,5913.0,1243.0,81.54,202600.0,673.0,812.8,12410.0,4072.0,2417.0,0.3167,0.001252,55.89,182.2,4.891,3.315,0.08566,0.03388,3.816,1.069,0.3055,0.004054,516.3,144.8,28.41,0.3864,1.878E-5,3.282E-4,1.074E-4,0.01617,0.004466,7.919E-4,19.42,1400.0,1.561,5.631,5.745,0.3159,0.1259,0.03442,3.74,0.9603,0.2113,0.0,0.0,0.0,0.0,0.0,0.0,0.0,0.0,0.0,0.0,0.0,0.4509,269.6,2.534,0.4256,0.06865,1.096,0.286,0.03892,2.889,0.7679,0.2945,6.57E-6,1131.0,7.986E-4,7.32E-5,5.661E-6,1.125E-4,3.659E-6,7.45E-7,3.429E-5,9.464E-6,4.668E-6,
0.0,0.0,0.0,0.0,0.0,0.0,0.0,0.0,0.0,0.0,0.0,0.0,0.0,0.0,0.0,0.0,0.0,0.0,0.0,0.0,0.0,0.0,2.8E-6,0.001843,0.06345,3.018,1.224,0.01596,1.483E-6,2.881E-4,4.616E-5,0.02024,0.004404,3.998E-4,0.0,0.0,0.0,0.0,0.0,0.0,0.0,0.0,0.0,0.0,0.0,0.0,0.0,0.0,0.0,0.0,0.0,0.0,0.0,0.0,0.0,0.0,2.3E-22,0.0,4.001,0.001848,0.01539,0.0,0.01654,0.008959,0.7643,0.177,0.01462,0.0,0.0,0.0,0.0,0.0,0.0,0.0,0.0,0.0,0.0,0.0,0.0,0.0,0.0,0.0,0.0,0.0,0.0,0.0,0.0,0.0,0.0,0.0,0.0,0.0,0.0,0.0,0.0,0.0,0.0,0.0,0.0,0.0,0.0,0.0,0.0,0.0,0.0,0.0,0.0,0.0,0.0,0.0,0.0,0.0,0.0,1.0E-4,18640.0,9.551999999999999E25,5913.0,1243.0,81.54,202600.0,673.0,812.8,12410.0,4072.0,2417.0,0.3167,0.00124,55.89,182.2,4.891,3.315,0.08566,0.03388,3.816,1.069,0.3055,0.004054,511.2,144.8,28.41,0.3864,1.878E-5,3.282E-4,1.074E-4,0.01617,0.004466,7.919E-4,19.42,1406.0,1.561,5.631,5.745,0.3159,0.1259,0.03442,3.74,0.9603,0.2113,0.0,0.0,0.0,0.0,0.0,0.0,0.0,0.0,0.0,0.0,0.0,0.4509,269.6,2.534,0.4256,0.06865,1.096,0.286,0.03892,2.889,0.7679,0.2945,6.57E-6,1136.0,7.986E-4,7.32E-5,5.661E-6,1.125E-4,3.659E-6,7.45E-7,3.429E-5,9.464E-6,4.668E-6,
0.0,0.0,0.0,0.0,0.0,0.0,0.0,0.0,0.0,0.0,0.0,0.0,0.0,0.0,0.0,0.0,0.0,0.0,0.0,0.0,0.0,0.0,2.8E-6,0.001843,0.06373,3.018,1.224,0.01596,1.483E-6,2.881E-4,4.616E-5,0.02024,0.004404,3.998E-4,0.0,0.0,0.0,0.0,0.0,0.0,0.0,0.0,0.0,0.0,0.0,0.0,0.0,0.0,0.0,0.0,0.0,0.0,0.0,0.0,0.0,0.0,2.3E-22,0.0,4.001,0.001848,0.01539,0.0,0.01654,0.008959,0.7643,0.177,0.01462,0.0,0.0,0.0,0.0,0.0,0.0,0.0,0.0,0.0,0.0,0.0,0.0,0.0,0.0,0.0,0.0,0.0,0.0,0.0,0.0,0.0,0.0,0.0,0.0,0.0,0.0,0.0,0.0,0.0,0.0,0.0,0.0,0.0,0.0,0.0,0.0,0.0,0.0,0.0,0.0,0.0,0.0,0.0,0.0,0.0,0.0,1.0E-4,18640.0,9.551999999999999E25,5913.0,1243.0,81.54,202600.0,673.0,812.8,12410.0,4072.0,2417.0,0.3167,0.001227,55.89,182.2,4.891,3.315,0.08566,0.03388,3.816,1.069,0.3055,0.004054,506.1,144.8,28.41,0.3864,1.878E-5,3.282E-4,1.074E-4,0.01617,0.004466,7.919E-4,19.42,1411.0,1.561,5.631,5.745,0.3159,0.1259,0.03442,3.74,0.9603,0.2113,0.0,0.0,0.0,0.0,0.0,0.0,0.0,0.0,0.0,0.0,0.0,0.4509,269.6,2.534,0.4256,0.06865,1.096,0.286,0.03892,2.889,0.7679,0.2945,6.57E-6,1141.0,7.986E-4,7.32E-5,5.661E-6,1.125E-4,3.659E-6,7.45E-7,3.429E-5,9.464E-6,4.668E-6,
0.0,0.0,0.0,0.0,0.0,0.0,0.0,0.0,0.0,0.0,0.0,0.0,0.0,0.0,0.0,0.0,0.0,0.0,0.0,0.0,0.0,0.0,2.8E-6,0.001843,0.06401,3.018,1.224,0.01596,1.483E-6,2.881E-4,4.616E-5,0.02024,0.004404,3.998E-4,0.0,0.0,0.0,0.0,0.0,0.0,0.0,0.0,0.0,0.0,0.0,0.0,0.0,0.0,0.0,0.0,0.0,0.0,0.0,0.0,0.0,0.0,2.3E-22,0.0,4.001,0.001848,0.01539,0.0,0.01654,0.008959,0.7643,0.177,0.01462,0.0,0.0,0.0,0.0,0.0,0.0,0.0,0.0,0.0,0.0,0.0,0.0,0.0,0.0,0.0,0.0,0.0,0.0,0.0,0.0,0.0,0.0,0.0,0.0,0.0,0.0,0.0,0.0,0.0,0.0,0.0,0.0,0.0,0.0,0.0,0.0,0.0,0.0,0.0,0.0,0.0,0.0,0.0,0.0,0.0,0.0,1.0E-4,18640.0,9.551999999999999E25,5913.0,1243.0,81.54,202600.0,673.0,812.8,12410.0,4072.0,2417.0,0.3167,0.001215,55.89,182.2,4.891,3.315,0.08566,0.03388,3.816,1.069,0.3055,0.004054,501.1,144.8,28.41,0.3864,1.878E-5,3.282E-4,1.074E-4,0.01617,0.004466,7.919E-4,19.42,1416.0,1.561,5.631,5.745,0.3159,0.1259,0.03442,3.74,0.9603,0.2113,0.0,0.0,0.0,0.0,0.0,0.0,0.0,0.0,0.0,0.0,0.0,0.4509,269.6,2.534,0.4256,0.06865,1.096,0.286,0.03892,2.889,0.7679,0.2945,6.57E-6,1146.0,7.986E-4,7.32E-5,5.661E-6,1.125E-4,3.659E-6,7.45E-7,3.429E-5,9.464E-6,4.668E-6,
0.0,0.0,0.0,0.0,0.0,0.0,0.0,0.0,0.0,0.0,0.0,0.0,0.0,0.0,0.0,0.0,0.0,0.0,0.0,0.0,0.0,0.0,2.8E-6,0.001843,0.06429,3.018,1.224,0.01596,1.483E-6,2.881E-4,4.616E-5,0.02024,0.004404,3.998E-4,0.0,0.0,0.0,0.0,0.0,0.0,0.0,0.0,0.0,0.0,0.0,0.0,0.0,0.0,0.0,0.0,0.0,0.0,0.0,0.0,0.0,0.0,2.3E-22,0.0,4.001,0.001848,0.01539,0.0,0.01654,0.008959,0.7643,0.177,0.01462,0.0,0.0,0.0,0.0,0.0,0.0,0.0,0.0,0.0,0.0,0.0,0.0,0.0,0.0,0.0,0.0,0.0,0.0,0.0,0.0,0.0,0.0,0.0,0.0,0.0,0.0,0.0,0.0,0.0,0.0,0.0,0.0,0.0,0.0,0.0,0.0,0.0,0.0,0.0,0.0,0.0,0.0,0.0,0.0,0.0,0.0,1.0E-4,18640.0,9.551999999999999E25,5913.0,1243.0,81.54,202600.0,673.0,812.8,12410.0,4072.0,2417.0,0.3167,0.001203,55.89,182.2,4.891,3.315,0.08566,0.03388,3.816,1.069,0.3055,0.004054,496.1,144.8,28.41,0.3864,1.878E-5,3.282E-4,1.074E-4,0.01617,0.004466,7.919E-4,19.42,1421.0,1.561,5.631,5.745,0.3159,0.1259,0.03442,3.74,0.9603,0.2113,0.0,0.0,0.0,0.0,0.0,0.0,0.0,0.0,0.0,0.0,0.0,0.4509,269.6,2.534,0.4256,0.06865,1.096,0.286,0.03892,2.889,0.7679,0.2945,6.57E-6,1151.0,7.986E-4,7.32E-5,5.661E-6,1.125E-4,3.659E-6,7.45E-7,3.429E-5,9.464E-6,4.668E-6,
0.0,0.0,0.0,0.0,0.0,0.0,0.0,0.0,0.0,0.0,0.0,0.0,0.0,0.0,0.0,0.0,0.0,0.0,0.0,0.0,0.0,0.0,2.8E-6,0.001843,0.06457,3.018,1.224,0.01596,1.483E-6,2.881E-4,4.616E-5,0.02024,0.004404,3.998E-4,0.0,0.0,0.0,0.0,0.0,0.0,0.0,0.0,0.0,0.0,0.0,0.0,0.0,0.0,0.0,0.0,0.0,0.0,0.0,0.0,0.0,0.0,2.3E-22,0.0,4.001,0.001848,0.01539,0.0,0.01654,0.008959,0.7643,0.177,0.01462,0.0,0.0,0.0,0.0,0.0,0.0,0.0,0.0,0.0,0.0,0.0,0.0,0.0,0.0,0.0,0.0,0.0,0.0,0.0,0.0,0.0,0.0,0.0,0.0,0.0,0.0,0.0,0.0,0.0,0.0,0.0,0.0,0.0,0.0,0.0,0.0,0.0,0.0,0.0,0.0,0.0,0.0,0.0,0.0,0.0,0.0,1.0E-4,18640.0,9.551999999999999E25,5913.0,1243.0,81.54,202600.0,673.0,812.8,12410.0,4072.0,2417.0,0.3167,0.001191,55.89,182.2,4.891,3.315,0.08566,0.03388,3.816,1.069,0.3055,0.004054,491.1,144.8,28.41,0.3864,1.878E-5,3.282E-4,1.074E-4,0.01617,0.004466,7.919E-4,19.42,1426.0,1.561,5.631,5.745,0.3159,0.1259,0.03442,3.74,0.9603,0.2113,0.0,0.0,0.0,0.0,0.0,0.0,0.0,0.0,0.0,0.0,0.0,0.4509,269.6,2.534,0.4256,0.06865,1.096,0.286,0.03892,2.889,0.7679,0.2945,6.57E-6,1156.0,7.986E-4,7.32E-5,5.661E-6,1.125E-4,3.659E-6,7.45E-7,3.429E-5,9.464E-6,4.668E-6,
0.0,0.0,0.0,0.0,0.0,0.0,0.0,0.0,0.0,0.0,0.0,0.0,0.0,0.0,0.0,0.0,0.0,0.0,0.0,0.0,0.0,0.0,2.8E-6,0.001843,0.06484,3.018,1.224,0.01596,1.483E-6,2.881E-4,4.616E-5,0.02024,0.004404,3.998E-4,0.0,0.0,0.0,0.0,0.0,0.0,0.0,0.0,0.0,0.0,0.0,0.0,0.0,0.0,0.0,0.0,0.0,0.0,0.0,0.0,0.0,0.0,2.3E-22,0.0,4.001,0.001848,0.01539,0.0,0.01654,0.008959,0.7643,0.177,0.01462,0.0,0.0,0.0,0.0,0.0,0.0,0.0,0.0,0.0,0.0,0.0,0.0,0.0,0.0,0.0,0.0,0.0,0.0,0.0,0.0,0.0,0.0,0.0,0.0,0.0,0.0,0.0,0.0,0.0,0.0,0.0,0.0,0.0,0.0,0.0,0.0,0.0,0.0,0.0,0.0,0.0,0.0,0.0,0.0,0.0,0.0,1.0E-4,18640.0,9.551999999999999E25,5913.0,1243.0,81.54,202600.0,673.0,812.8,12410.0,4072.0,2417.0,0.3167,0.001179,55.89,182.2,4.891,3.315,0.08566,0.03388,3.816,1.069,0.3055,0.004054,486.2,144.8,28.41,0.3864,1.878E-5,3.282E-4,1.074E-4,0.01617,0.004466,7.919E-4,19.42,1431.0,1.561,5.631,5.745,0.3159,0.1259,0.03442,3.74,0.9603,0.2113,0.0,0.0,0.0,0.0,0.0,0.0,0.0,0.0,0.0,0.0,0.0,0.4509,269.6,2.534,0.4256,0.06865,1.096,0.286,0.03892,2.889,0.7679,0.2945,6.57E-6,1161.0,7.986E-4,7.32E-5,5.661E-6,1.125E-4,3.659E-6,7.45E-7,3.429E-5,9.464E-6,4.668E-6,
0.0,0.0,0.0,0.0,0.0,0.0,0.0,0.0,0.0,0.0,0.0,0.0,0.0,0.0,0.0,0.0,0.0,0.0,0.0,0.0,0.0,0.0,2.8E-6,0.001843,0.06511,3.018,1.224,0.01596,1.483E-6,2.881E-4,4.616E-5,0.02024,0.004404,3.998E-4,0.0,0.0,0.0,0.0,0.0,0.0,0.0,0.0,0.0,0.0,0.0,0.0,0.0,0.0,0.0,0.0,0.0,0.0,0.0,0.0,0.0,0.0,2.3E-22,0.0,4.001,0.001848,0.01539,0.0,0.01654,0.008959,0.7643,0.177,0.01462,0.0,0.0,0.0,0.0,0.0,0.0,0.0,0.0,0.0,0.0,0.0,0.0,0.0,0.0,0.0,0.0,0.0,0.0,0.0,0.0,0.0,0.0,0.0,0.0,0.0,0.0,0.0,0.0,0.0,0.0,0.0,0.0,0.0,0.0,0.0,0.0,0.0,0.0,0.0,0.0,0.0,0.0,0.0,0.0,0.0,0.0,1.0E-4,18640.0,9.551999999999999E25,5913.0,1243.0,81.54,202600.0,673.0,812.8,12410.0,4072.0,2417.0,0.3167,0.001167,55.89,182.2,4.891,3.315,0.08566,0.03388,3.816,1.069,0.3055,0.004054,481.4,144.8,28.41,0.3864,1.878E-5,3.282E-4,1.074E-4,0.01617,0.004466,7.919E-4,19.42,1435.0,1.561,5.631,5.745,0.3159,0.1259,0.03442,3.74,0.9603,0.2113,0.0,0.0,0.0,0.0,0.0,0.0,0.0,0.0,0.0,0.0,0.0,0.4509,269.6,2.534,0.4256,0.06865,1.096,0.286,0.03892,2.889,0.7679,0.2945,6.57E-6,1166.0,7.986E-4,7.32E-5,5.661E-6,1.125E-4,3.659E-6,7.45E-7,3.429E-5,9.464E-6,4.668E-6,
0.0,0.0,0.0,0.0,0.0,0.0,0.0,0.0,0.0,0.0,0.0,0.0,0.0,0.0,0.0,0.0,0.0,0.0,0.0,0.0,0.0,0.0,2.8E-6,0.001843,0.06538,3.018,1.224,0.01596,1.483E-6,2.881E-4,4.616E-5,0.02024,0.004404,3.998E-4,0.0,0.0,0.0,0.0,0.0,0.0,0.0,0.0,0.0,0.0,0.0,0.0,0.0,0.0,0.0,0.0,0.0,0.0,0.0,0.0,0.0,0.0,2.3E-22,0.0,4.001,0.001848,0.01539,0.0,0.01654,0.008959,0.7643,0.177,0.01462,0.0,0.0,0.0,0.0,0.0,0.0,0.0,0.0,0.0,0.0,0.0,0.0,0.0,0.0,0.0,0.0,0.0,0.0,0.0,0.0,0.0,0.0,0.0,0.0,0.0,0.0,0.0,0.0,0.0,0.0,0.0,0.0,0.0,0.0,0.0,0.0,0.0,0.0,0.0,0.0,0.0,0.0,0.0,0.0,0.0,0.0,1.0E-4,18640.0,9.551999999999999E25,5913.0,1243.0,81.54,202600.0,673.0,812.8,12410.0,4072.0,2417.0,0.3167,0.001156,55.89,182.2,4.891,3.315,0.08566,0.03388,3.816,1.069,0.3055,0.004054,476.6,144.8,28.41,0.3864,1.878E-5,3.282E-4,1.074E-4,0.01617,0.004466,7.919E-4,19.42,1440.0,1.561,5.631,5.745,0.3159,0.1259,0.03442,3.74,0.9603,0.2113,0.0,0.0,0.0,0.0,0.0,0.0,0.0,0.0,0.0,0.0,0.0,0.4509,269.6,2.534,0.4256,0.06865,1.096,0.286,0.03892,2.889,0.7679,0.2945,6.57E-6,1170.0,7.986E-4,7.32E-5,5.661E-6,1.125E-4,3.659E-6,7.45E-7,3.429E-5,9.464E-6,4.668E-6,
0.0,0.0,0.0,0.0,0.0,0.0,0.0,0.0,0.0,0.0,0.0,0.0,0.0,0.0,0.0,0.0,0.0,0.0,0.0,0.0,0.0,0.0,2.8E-6,0.001843,0.06564,3.018,1.224,0.01596,1.483E-6,2.881E-4,4.616E-5,0.02024,0.004404,3.998E-4,0.0,0.0,0.0,0.0,0.0,0.0,0.0,0.0,0.0,0.0,0.0,0.0,0.0,0.0,0.0,0.0,0.0,0.0,0.0,0.0,0.0,0.0,2.3E-22,0.0,4.001,0.001848,0.01539,0.0,0.01654,0.008959,0.7643,0.177,0.01462,0.0,0.0,0.0,0.0,0.0,0.0,0.0,0.0,0.0,0.0,0.0,0.0,0.0,0.0,0.0,0.0,0.0,0.0,0.0,0.0,0.0,0.0,0.0,0.0,0.0,0.0,0.0,0.0,0.0,0.0,0.0,0.0,0.0,0.0,0.0,0.0,0.0,0.0,0.0,0.0,0.0,0.0,0.0,0.0,0.0,0.0,1.0E-4,18640.0,9.551999999999999E25,5913.0,1243.0,81.54,202600.0,673.0,812.8,12410.0,4072.0,2417.0,0.3167,0.001144,55.89,182.2,4.891,3.315,0.08566,0.03388,3.816,1.069,0.3055,0.004054,471.9,144.8,28.41,0.3864,1.878E-5,3.282E-4,1.074E-4,0.01617,0.004466,7.919E-4,19.42,1445.0,1.561,5.631,5.745,0.3159,0.1259,0.03442,3.74,0.9603,0.2113,0.0,0.0,0.0,0.0,0.0,0.0,0.0,0.0,0.0,0.0,0.0,0.4509,269.6,2.534,0.4256,0.06865,1.096,0.286,0.03892,2.889,0.7679,0.2945,6.57E-6,1175.0,7.986E-4,7.32E-5,5.661E-6,1.125E-4,3.659E-6,7.45E-7,3.429E-5,9.464E-6,4.668E-6,
0.0,0.0,0.0,0.0,0.0,0.0,0.0,0.0,0.0,0.0,0.0,0.0,0.0,0.0,0.0,0.0,0.0,0.0,0.0,0.0,0.0,0.0,2.8E-6,0.001843,0.0659,3.018,1.224,0.01596,1.483E-6,2.881E-4,4.616E-5,0.02024,0.004404,3.998E-4,0.0,0.0,0.0,0.0,0.0,0.0,0.0,0.0,0.0,0.0,0.0,0.0,0.0,0.0,0.0,0.0,0.0,0.0,0.0,0.0,0.0,0.0,2.3E-22,0.0,4.001,0.001848,0.01539,0.0,0.01654,0.008959,0.7643,0.177,0.01462,0.0,0.0,0.0,0.0,0.0,0.0,0.0,0.0,0.0,0.0,0.0,0.0,0.0,0.0,0.0,0.0,0.0,0.0,0.0,0.0,0.0,0.0,0.0,0.0,0.0,0.0,0.0,0.0,0.0,0.0,0.0,0.0,0.0,0.0,0.0,0.0,0.0,0.0,0.0,0.0,0.0,0.0,0.0,0.0,0.0,0.0,1.0E-4,18640.0,9.551999999999999E25,5913.0,1243.0,81.54,202600.0,673.0,812.8,12410.0,4072.0,2417.0,0.3167,0.001133,55.89,182.2,4.891,3.315,0.08566,0.03388,3.816,1.069,0.3055,0.004054,467.2,144.8,28.41,0.3864,1.878E-5,3.282E-4,1.074E-4,0.01617,0.004466,7.919E-4,19.42,1450.0,1.561,5.631,5.745,0.3159,0.1259,0.03442,3.74,0.9603,0.2113,0.0,0.0,0.0,0.0,0.0,0.0,0.0,0.0,0.0,0.0,0.0,0.4509,269.6,2.534,0.4256,0.06865,1.096,0.286,0.03892,2.889,0.7679,0.2945,6.57E-6,1180.0,7.986E-4,7.32E-5,5.661E-6,1.125E-4,3.659E-6,7.45E-7,3.429E-5,9.464E-6,4.668E-6,
0.0,0.0,0.0,0.0,0.0,0.0,0.0,0.0,0.0,0.0,0.0,0.0,0.0,0.0,0.0,0.0,0.0,0.0,0.0,0.0,0.0,0.0,2.8E-6,0.001843,0.06616,3.018,1.224,0.01596,1.483E-6,2.881E-4,4.616E-5,0.02024,0.004404,3.998E-4,0.0,0.0,0.0,0.0,0.0,0.0,0.0,0.0,0.0,0.0,0.0,0.0,0.0,0.0,0.0,0.0,0.0,0.0,0.0,0.0,0.0,0.0,2.3E-22,0.0,4.001,0.001848,0.01539,0.0,0.01654,0.008959,0.7643,0.177,0.01462,0.0,0.0,0.0,0.0,0.0,0.0,0.0,0.0,0.0,0.0,0.0,0.0,0.0,0.0,0.0,0.0,0.0,0.0,0.0,0.0,0.0,0.0,0.0,0.0,0.0,0.0,0.0,0.0,0.0,0.0,0.0,0.0,0.0,0.0,0.0,0.0,0.0,0.0,0.0,0.0,0.0,0.0,0.0,0.0,0.0,0.0,1.0E-4,18640.0,9.551999999999999E25,5913.0,1243.0,81.54,202600.0,673.0,812.8,12410.0,4072.0,2417.0,0.3167,0.001122,55.89,182.2,4.891,3.315,0.08566,0.03388,3.816,1.069,0.3055,0.004054,462.5,144.8,28.41,0.3864,1.878E-5,3.282E-4,1.074E-4,0.01617,0.004466,7.919E-4,19.42,1454.0,1.561,5.631,5.745,0.3159,0.1259,0.03442,3.74,0.9603,0.2113,0.0,0.0,0.0,0.0,0.0,0.0,0.0,0.0,0.0,0.0,0.0,0.4509,269.6,2.534,0.4256,0.06865,1.096,0.286,0.03892,2.889,0.7679,0.2945,6.57E-6,1185.0,7.986E-4,7.32E-5,5.661E-6,1.125E-4,3.659E-6,7.45E-7,3.429E-5,9.464E-6,4.668E-6,
0.0,0.0,0.0,0.0,0.0,0.0,0.0,0.0,0.0,0.0,0.0,0.0,0.0,0.0,0.0,0.0,0.0,0.0,0.0,0.0,0.0,0.0,2.8E-6,0.001843,0.06642,3.018,1.224,0.01596,1.483E-6,2.881E-4,4.616E-5,0.02024,0.004404,3.998E-4,0.0,0.0,0.0,0.0,0.0,0.0,0.0,0.0,0.0,0.0,0.0,0.0,0.0,0.0,0.0,0.0,0.0,0.0,0.0,0.0,0.0,0.0,2.3E-22,0.0,4.001,0.001848,0.01539,0.0,0.01654,0.008959,0.7643,0.177,0.01462,0.0,0.0,0.0,0.0,0.0,0.0,0.0,0.0,0.0,0.0,0.0,0.0,0.0,0.0,0.0,0.0,0.0,0.0,0.0,0.0,0.0,0.0,0.0,0.0,0.0,0.0,0.0,0.0,0.0,0.0,0.0,0.0,0.0,0.0,0.0,0.0,0.0,0.0,0.0,0.0,0.0,0.0,0.0,0.0,0.0,0.0,1.0E-4,18640.0,9.551999999999999E25,5913.0,1243.0,81.54,202600.0,673.0,812.8,12410.0,4072.0,2417.0,0.3167,0.00111,55.89,182.2,4.891,3.315,0.08566,0.03388,3.816,1.069,0.3055,0.004054,457.9,144.8,28.41,0.3864,1.878E-5,3.282E-4,1.074E-4,0.01617,0.004466,7.919E-4,19.42,1459.0,1.561,5.631,5.745,0.3159,0.1259,0.03442,3.74,0.9603,0.2113,0.0,0.0,0.0,0.0,0.0,0.0,0.0,0.0,0.0,0.0,0.0,0.4509,269.6,2.534,0.4256,0.06865,1.096,0.286,0.03892,2.889,0.7679,0.2945,6.57E-6,1189.0,7.986E-4,7.32E-5,5.661E-6,1.125E-4,3.659E-6,7.45E-7,3.429E-5,9.464E-6,4.668E-6,
0.0,0.0,0.0,0.0,0.0,0.0,0.0,0.0,0.0,0.0,0.0,0.0,0.0,0.0,0.0,0.0,0.0,0.0,0.0,0.0,0.0,0.0,2.8E-6,0.001843,0.06668,3.018,1.224,0.01596,1.483E-6,2.881E-4,4.616E-5,0.02024,0.004404,3.998E-4,0.0,0.0,0.0,0.0,0.0,0.0,0.0,0.0,0.0,0.0,0.0,0.0,0.0,0.0,0.0,0.0,0.0,0.0,0.0,0.0,0.0,0.0,2.3E-22,0.0,4.001,0.001848,0.01539,0.0,0.01654,0.008959,0.7643,0.177,0.01462,0.0,0.0,0.0,0.0,0.0,0.0,0.0,0.0,0.0,0.0,0.0,0.0,0.0,0.0,0.0,0.0,0.0,0.0,0.0,0.0,0.0,0.0,0.0,0.0,0.0,0.0,0.0,0.0,0.0,0.0,0.0,0.0,0.0,0.0,0.0,0.0,0.0,0.0,0.0,0.0,0.0,0.0,0.0,0.0,0.0,0.0,1.0E-4,18640.0,9.551999999999999E25,5913.0,1243.0,81.54,202600.0,673.0,812.8,12410.0,4072.0,2417.0,0.3167,0.001099,55.89,182.2,4.891,3.315,0.08566,0.03388,3.816,1.069,0.3055,0.004054,453.4,144.8,28.41,0.3864,1.878E-5,3.282E-4,1.074E-4,0.01617,0.004466,7.919E-4,19.42,1463.0,1.561,5.631,5.745,0.3159,0.1259,0.03442,3.74,0.9603,0.2113,0.0,0.0,0.0,0.0,0.0,0.0,0.0,0.0,0.0,0.0,0.0,0.4509,269.6,2.534,0.4256,0.06865,1.096,0.286,0.03892,2.889,0.7679,0.2945,6.57E-6,1194.0,7.986E-4,7.32E-5,5.661E-6,1.125E-4,3.659E-6,7.45E-7,3.429E-5,9.464E-6,4.668E-6,
0.0,0.0,0.0,0.0,0.0,0.0,0.0,0.0,0.0,0.0,0.0,0.0,0.0,0.0,0.0,0.0,0.0,0.0,0.0,0.0,0.0,0.0,2.8E-6,0.001843,0.06693,3.018,1.224,0.01596,1.483E-6,2.881E-4,4.616E-5,0.02024,0.004404,3.998E-4,0.0,0.0,0.0,0.0,0.0,0.0,0.0,0.0,0.0,0.0,0.0,0.0,0.0,0.0,0.0,0.0,0.0,0.0,0.0,0.0,0.0,0.0,2.3E-22,0.0,4.001,0.001848,0.01539,0.0,0.01654,0.008959,0.7643,0.177,0.01462,0.0,0.0,0.0,0.0,0.0,0.0,0.0,0.0,0.0,0.0,0.0,0.0,0.0,0.0,0.0,0.0,0.0,0.0,0.0,0.0,0.0,0.0,0.0,0.0,0.0,0.0,0.0,0.0,0.0,0.0,0.0,0.0,0.0,0.0,0.0,0.0,0.0,0.0,0.0,0.0,0.0,0.0,0.0,0.0,0.0,0.0,1.0E-4,18640.0,9.551999999999999E25,5913.0,1243.0,81.54,202600.0,673.0,812.8,12410.0,4072.0,2417.0,0.3167,0.001088,55.89,182.2,4.891,3.315,0.08566,0.03388,3.816,1.069,0.3055,0.004054,448.9,144.8,28.41,0.3864,1.878E-5,3.282E-4,1.074E-4,0.01617,0.004466,7.919E-4,19.42,1468.0,1.561,5.631,5.745,0.3159,0.1259,0.03442,3.74,0.9603,0.2113,0.0,0.0,0.0,0.0,0.0,0.0,0.0,0.0,0.0,0.0,0.0,0.4509,269.6,2.534,0.4256,0.06865,1.096,0.286,0.03892,2.889,0.7679,0.2945,6.57E-6,1198.0,7.986E-4,7.32E-5,5.661E-6,1.125E-4,3.659E-6,7.45E-7,3.429E-5,9.464E-6,4.668E-6,
0.0,0.0,0.0,0.0,0.0,0.0,0.0,0.0,0.0,0.0,0.0,0.0,0.0,0.0,0.0,0.0,0.0,0.0,0.0,0.0,0.0,0.0,2.8E-6,0.001843,0.06718,3.018,1.224,0.01596,1.483E-6,2.881E-4,4.616E-5,0.02024,0.004404,3.998E-4,0.0,0.0,0.0,0.0,0.0,0.0,0.0,0.0,0.0,0.0,0.0,0.0,0.0,0.0,0.0,0.0,0.0,0.0,0.0,0.0,0.0,0.0,2.3E-22,0.0,4.001,0.001848,0.01539,0.0,0.01654,0.008959,0.7643,0.177,0.01462,0.0,0.0,0.0,0.0,0.0,0.0,0.0,0.0,0.0,0.0,0.0,0.0,0.0,0.0,0.0,0.0,0.0,0.0,0.0,0.0,0.0,0.0,0.0,0.0,0.0,0.0,0.0,0.0,0.0,0.0,0.0,0.0,0.0,0.0,0.0,0.0,0.0,0.0,0.0,0.0,0.0,0.0,0.0,0.0,0.0,0.0,1.0E-4,18640.0,9.551999999999999E25,5913.0,1243.0,81.54,202600.0,673.0,812.8,12410.0,4072.0,2417.0,0.3167,0.001078,55.89,182.2,4.891,3.315,0.08566,0.03388,3.816,1.069,0.3055,0.004054,444.4,144.8,28.41,0.3864,1.878E-5,3.282E-4,1.074E-4,0.01617,0.004466,7.919E-4,19.42,1472.0,1.561,5.631,5.745,0.3159,0.1259,0.03442,3.74,0.9603,0.2113,0.0,0.0,0.0,0.0,0.0,0.0,0.0,0.0,0.0,0.0,0.0,0.4509,269.6,2.534,0.4256,0.06865,1.096,0.286,0.03892,2.889,0.7679,0.2945,6.57E-6,1203.0,7.986E-4,7.32E-5,5.661E-6,1.125E-4,3.659E-6,7.45E-7,3.429E-5,9.464E-6,4.668E-6,
0.0,0.0,0.0,0.0,0.0,0.0,0.0,0.0,0.0,0.0,0.0,0.0,0.0,0.0,0.0,0.0,0.0,0.0,0.0,0.0,0.0,0.0,2.8E-6,0.001843,0.06742,3.018,1.224,0.01596,1.483E-6,2.881E-4,4.616E-5,0.02024,0.004404,3.998E-4,0.0,0.0,0.0,0.0,0.0,0.0,0.0,0.0,0.0,0.0,0.0,0.0,0.0,0.0,0.0,0.0,0.0,0.0,0.0,0.0,0.0,0.0,2.3E-22,0.0,4.001,0.001848,0.01539,0.0,0.01654,0.008959,0.7643,0.177,0.01462,0.0,0.0,0.0,0.0,0.0,0.0,0.0,0.0,0.0,0.0,0.0,0.0,0.0,0.0,0.0,0.0,0.0,0.0,0.0,0.0,0.0,0.0,0.0,0.0,0.0,0.0,0.0,0.0,0.0,0.0,0.0,0.0,0.0,0.0,0.0,0.0,0.0,0.0,0.0,0.0,0.0,0.0,0.0,0.0,0.0,0.0,1.0E-4,18640.0,9.551999999999999E25,5913.0,1243.0,81.54,202600.0,673.0,812.8,12410.0,4072.0,2417.0,0.3167,0.001067,55.89,182.2,4.891,3.315,0.08566,0.03388,3.816,1.069,0.3055,0.004054,440.0,144.8,28.41,0.3864,1.878E-5,3.282E-4,1.074E-4,0.01617,0.004466,7.919E-4,19.42,1477.0,1.561,5.631,5.745,0.3159,0.1259,0.03442,3.74,0.9603,0.2113,0.0,0.0,0.0,0.0,0.0,0.0,0.0,0.0,0.0,0.0,0.0,0.4509,269.6,2.534,0.4256,0.06865,1.096,0.286,0.03892,2.889,0.7679,0.2945,6.57E-6,1207.0,7.986E-4,7.32E-5,5.661E-6,1.125E-4,3.659E-6,7.45E-7,3.429E-5,9.464E-6,4.668E-6,
0.0,0.0,0.0,0.0,0.0,0.0,0.0,0.0,0.0,0.0,0.0,0.0,0.0,0.0,0.0,0.0,0.0,0.0,0.0,0.0,0.0,0.0,2.8E-6,0.001843,0.06767,3.018,1.224,0.01596,1.483E-6,2.881E-4,4.616E-5,0.02024,0.004404,3.998E-4,0.0,0.0,0.0,0.0,0.0,0.0,0.0,0.0,0.0,0.0,0.0,0.0,0.0,0.0,0.0,0.0,0.0,0.0,0.0,0.0,0.0,0.0,2.3E-22,0.0,4.001,0.001848,0.01539,0.0,0.01654,0.008959,0.7643,0.177,0.01462,0.0,0.0,0.0,0.0,0.0,0.0,0.0,0.0,0.0,0.0,0.0,0.0,0.0,0.0,0.0,0.0,0.0,0.0,0.0,0.0,0.0,0.0,0.0,0.0,0.0,0.0,0.0,0.0,0.0,0.0,0.0,0.0,0.0,0.0,0.0,0.0,0.0,0.0,0.0,0.0,0.0,0.0,0.0,0.0,0.0,0.0,1.0E-4,18640.0,9.551999999999999E25,5913.0,1243.0,81.54,202600.0,673.0,812.8,12410.0,4072.0,2417.0,0.3167,0.001056,55.89,182.2,4.891,3.315,0.08566,0.03388,3.816,1.069,0.3055,0.004054,435.6,144.8,28.41,0.3864,1.878E-5,3.282E-4,1.074E-4,0.01617,0.004466,7.919E-4,19.42,1481.0,1.561,5.631,5.745,0.3159,0.1259,0.03442,3.74,0.9603,0.2113,0.0,0.0,0.0,0.0,0.0,0.0,0.0,0.0,0.0,0.0,0.0,0.4509,269.6,2.534,0.4256,0.06865,1.096,0.286,0.03892,2.889,0.7679,0.2945,6.57E-6,1211.0,7.986E-4,7.32E-5,5.661E-6,1.125E-4,3.659E-6,7.45E-7,3.429E-5,9.464E-6,4.668E-6,
0.0,0.0,0.0,0.0,0.0,0.0,0.0,0.0,0.0,0.0,0.0,0.0,0.0,0.0,0.0,0.0,0.0,0.0,0.0,0.0,0.0,0.0,2.8E-6,0.001843,0.06791,3.018,1.224,0.01596,1.483E-6,2.881E-4,4.616E-5,0.02024,0.004404,3.998E-4,0.0,0.0,0.0,0.0,0.0,0.0,0.0,0.0,0.0,0.0,0.0,0.0,0.0,0.0,0.0,0.0,0.0,0.0,0.0,0.0,0.0,0.0,2.3E-22,0.0,4.001,0.001848,0.01539,0.0,0.01654,0.008959,0.7643,0.177,0.01462,0.0,0.0,0.0,0.0,0.0,0.0,0.0,0.0,0.0,0.0,0.0,0.0,0.0,0.0,0.0,0.0,0.0,0.0,0.0,0.0,0.0,0.0,0.0,0.0,0.0,0.0,0.0,0.0,0.0,0.0,0.0,0.0,0.0,0.0,0.0,0.0,0.0,0.0,0.0,0.0,0.0,0.0,0.0,0.0,0.0,0.0,1.0E-4,18640.0,9.551999999999999E25,5913.0,1243.0,81.54,202600.0,673.0,812.8,12410.0,4072.0,2417.0,0.3167,0.001046,55.89,182.2,4.891,3.315,0.08566,0.03388,3.816,1.069,0.3055,0.004054,431.3,144.8,28.41,0.3864,1.878E-5,3.282E-4,1.074E-4,0.01617,0.004466,7.919E-4,19.42,1486.0,1.561,5.631,5.745,0.3159,0.1259,0.03442,3.74,0.9603,0.2113,0.0,0.0,0.0,0.0,0.0,0.0,0.0,0.0,0.0,0.0,0.0,0.4509,269.6,2.534,0.4256,0.06865,1.096,0.286,0.03892,2.889,0.7679,0.2945,6.57E-6,1216.0,7.986E-4,7.32E-5,5.661E-6,1.125E-4,3.659E-6,7.45E-7,3.429E-5,9.464E-6,4.668E-6,
0.0,0.0,0.0,0.0,0.0,0.0,0.0,0.0,0.0,0.0,0.0,0.0,0.0,0.0,0.0,0.0,0.0,0.0,0.0,0.0,0.0,0.0,2.8E-6,0.001843,0.06815,3.018,1.224,0.01596,1.483E-6,2.881E-4,4.616E-5,0.02024,0.004404,3.998E-4,0.0,0.0,0.0,0.0,0.0,0.0,0.0,0.0,0.0,0.0,0.0,0.0,0.0,0.0,0.0,0.0,0.0,0.0,0.0,0.0,0.0,0.0,2.3E-22,0.0,4.001,0.001848,0.01539,0.0,0.01654,0.008959,0.7643,0.177,0.01462,0.0,0.0,0.0,0.0,0.0,0.0,0.0,0.0,0.0,0.0,0.0,0.0,0.0,0.0,0.0,0.0,0.0,0.0,0.0,0.0,0.0,0.0,0.0,0.0,0.0,0.0,0.0,0.0,0.0,0.0,0.0,0.0,0.0,0.0,0.0,0.0,0.0,0.0,0.0,0.0,0.0,0.0,0.0,0.0,0.0,0.0,1.0E-4,18640.0,9.551999999999999E25,5913.0,1243.0,81.54,202600.0,673.0,812.8,12410.0,4072.0,2417.0,0.3167,0.001035,55.89,182.2,4.891,3.315,0.08566,0.03388,3.816,1.069,0.3055,0.004054,427.0,144.8,28.41,0.3864,1.878E-5,3.282E-4,1.074E-4,0.01617,0.004466,7.919E-4,19.42,1490.0,1.561,5.631,5.745,0.3159,0.1259,0.03442,3.74,0.9603,0.2113,0.0,0.0,0.0,0.0,0.0,0.0,0.0,0.0,0.0,0.0,0.0,0.4509,269.6,2.534,0.4256,0.06865,1.096,0.286,0.03892,2.889,0.7679,0.2945,6.57E-6,1220.0,7.986E-4,7.32E-5,5.661E-6,1.125E-4,3.659E-6,7.45E-7,3.429E-5,9.464E-6,4.668E-6,
0.0,0.0,0.0,0.0,0.0,0.0,0.0,0.0,0.0,0.0,0.0,0.0,0.0,0.0,0.0,0.0,0.0,0.0,0.0,0.0,0.0,0.0,2.8E-6,0.001843,0.06839,3.018,1.224,0.01596,1.483E-6,2.881E-4,4.616E-5,0.02024,0.004404,3.998E-4,0.0,0.0,0.0,0.0,0.0,0.0,0.0,0.0,0.0,0.0,0.0,0.0,0.0,0.0,0.0,0.0,0.0,0.0,0.0,0.0,0.0,0.0,2.3E-22,0.0,4.001,0.001848,0.01539,0.0,0.01654,0.008959,0.7643,0.177,0.01462,0.0,0.0,0.0,0.0,0.0,0.0,0.0,0.0,0.0,0.0,0.0,0.0,0.0,0.0,0.0,0.0,0.0,0.0,0.0,0.0,0.0,0.0,0.0,0.0,0.0,0.0,0.0,0.0,0.0,0.0,0.0,0.0,0.0,0.0,0.0,0.0,0.0,0.0,0.0,0.0,0.0,0.0,0.0,0.0,0.0,0.0,1.0E-4,18640.0,9.551999999999999E25,5913.0,1243.0,81.54,202600.0,673.0,812.8,12410.0,4072.0,2417.0,0.3167,0.001025,55.89,182.2,4.891,3.315,0.08566,0.03388,3.816,1.069,0.3055,0.004054,422.7,144.8,28.41,0.3864,1.878E-5,3.282E-4,1.074E-4,0.01617,0.004466,7.919E-4,19.42,1494.0,1.561,5.631,5.745,0.3159,0.1259,0.03442,3.74,0.9603,0.2113,0.0,0.0,0.0,0.0,0.0,0.0,0.0,0.0,0.0,0.0,0.0,0.4509,269.6,2.534,0.4256,0.06865,1.096,0.286,0.03892,2.889,0.7679,0.2945,6.57E-6,1224.0,7.986E-4,7.32E-5,5.661E-6,1.125E-4,3.659E-6,7.45E-7,3.429E-5,9.464E-6,4.668E-6,
0.0,0.0,0.0,0.0,0.0,0.0,0.0,0.0,0.0,0.0,0.0,0.0,0.0,0.0,0.0,0.0,0.0,0.0,0.0,0.0,0.0,0.0,2.8E-6,0.001843,0.06862,3.018,1.224,0.01596,1.483E-6,2.881E-4,4.616E-5,0.02024,0.004404,3.998E-4,0.0,0.0,0.0,0.0,0.0,0.0,0.0,0.0,0.0,0.0,0.0,0.0,0.0,0.0,0.0,0.0,0.0,0.0,0.0,0.0,0.0,0.0,2.3E-22,0.0,4.001,0.001848,0.01539,0.0,0.01654,0.008959,0.7643,0.177,0.01462,0.0,0.0,0.0,0.0,0.0,0.0,0.0,0.0,0.0,0.0,0.0,0.0,0.0,0.0,0.0,0.0,0.0,0.0,0.0,0.0,0.0,0.0,0.0,0.0,0.0,0.0,0.0,0.0,0.0,0.0,0.0,0.0,0.0,0.0,0.0,0.0,0.0,0.0,0.0,0.0,0.0,0.0,0.0,0.0,0.0,0.0,1.0E-4,18640.0,9.551999999999999E25,5913.0,1243.0,81.54,202600.0,673.0,812.8,12410.0,4072.0,2417.0,0.3167,0.001015,55.89,182.2,4.891,3.315,0.08566,0.03388,3.816,1.069,0.3055,0.004054,418.5,144.8,28.41,0.3864,1.878E-5,3.282E-4,1.074E-4,0.01617,0.004466,7.919E-4,19.42,1498.0,1.561,5.631,5.745,0.3159,0.1259,0.03442,3.74,0.9603,0.2113,0.0,0.0,0.0,0.0,0.0,0.0,0.0,0.0,0.0,0.0,0.0,0.4509,269.6,2.534,0.4256,0.06865,1.096,0.286,0.03892,2.889,0.7679,0.2945,6.57E-6,1229.0,7.986E-4,7.32E-5,5.661E-6,1.125E-4,3.659E-6,7.45E-7,3.429E-5,9.464E-6,4.668E-6,
0.0,0.0,0.0,0.0,0.0,0.0,0.0,0.0,0.0,0.0,0.0,0.0,0.0,0.0,0.0,0.0,0.0,0.0,0.0,0.0,0.0,0.0,2.8E-6,0.001843,0.06886,3.018,1.224,0.01596,1.483E-6,2.881E-4,4.616E-5,0.02024,0.004404,3.998E-4,0.0,0.0,0.0,0.0,0.0,0.0,0.0,0.0,0.0,0.0,0.0,0.0,0.0,0.0,0.0,0.0,0.0,0.0,0.0,0.0,0.0,0.0,2.3E-22,0.0,4.001,0.001848,0.01539,0.0,0.01654,0.008959,0.7643,0.177,0.01462,0.0,0.0,0.0,0.0,0.0,0.0,0.0,0.0,0.0,0.0,0.0,0.0,0.0,0.0,0.0,0.0,0.0,0.0,0.0,0.0,0.0,0.0,0.0,0.0,0.0,0.0,0.0,0.0,0.0,0.0,0.0,0.0,0.0,0.0,0.0,0.0,0.0,0.0,0.0,0.0,0.0,0.0,0.0,0.0,0.0,0.0,1.0E-4,18640.0,9.551999999999999E25,5913.0,1243.0,81.54,202600.0,673.0,812.8,12410.0,4072.0,2417.0,0.3167,0.001005,55.89,182.2,4.891,3.315,0.08566,0.03388,3.816,1.069,0.3055,0.004054,414.4,144.8,28.41,0.3864,1.878E-5,3.282E-4,1.074E-4,0.01617,0.004466,7.919E-4,19.42,1502.0,1.561,5.631,5.745,0.3159,0.1259,0.03442,3.74,0.9603,0.2113,0.0,0.0,0.0,0.0,0.0,0.0,0.0,0.0,0.0,0.0,0.0,0.4509,269.6,2.534,0.4256,0.06865,1.096,0.286,0.03892,2.889,0.7679,0.2945,6.57E-6,1233.0,7.986E-4,7.32E-5,5.661E-6,1.125E-4,3.659E-6,7.45E-7,3.429E-5,9.464E-6,4.668E-6,
0.0,0.0,0.0,0.0,0.0,0.0,0.0,0.0,0.0,0.0,0.0,0.0,0.0,0.0,0.0,0.0,0.0,0.0,0.0,0.0,0.0,0.0,2.8E-6,0.001843,0.06909,3.018,1.224,0.01596,1.483E-6,2.881E-4,4.616E-5,0.02024,0.004404,3.998E-4,0.0,0.0,0.0,0.0,0.0,0.0,0.0,0.0,0.0,0.0,0.0,0.0,0.0,0.0,0.0,0.0,0.0,0.0,0.0,0.0,0.0,0.0,2.3E-22,0.0,4.001,0.001848,0.01539,0.0,0.01654,0.008959,0.7643,0.177,0.01462,0.0,0.0,0.0,0.0,0.0,0.0,0.0,0.0,0.0,0.0,0.0,0.0,0.0,0.0,0.0,0.0,0.0,0.0,0.0,0.0,0.0,0.0,0.0,0.0,0.0,0.0,0.0,0.0,0.0,0.0,0.0,0.0,0.0,0.0,0.0,0.0,0.0,0.0,0.0,0.0,0.0,0.0,0.0,0.0,0.0,0.0,1.0E-4,18640.0,9.551999999999999E25,5913.0,1243.0,81.54,202600.0,673.0,812.8,12410.0,4072.0,2417.0,0.3167,9.947E-4,55.89,182.2,4.891,3.315,0.08566,0.03388,3.816,1.069,0.3055,0.004054,410.2,144.8,28.41,0.3864,1.878E-5,3.282E-4,1.074E-4,0.01617,0.004466,7.919E-4,19.42,1507.0,1.561,5.631,5.745,0.3159,0.1259,0.03442,3.74,0.9603,0.2113,0.0,0.0,0.0,0.0,0.0,0.0,0.0,0.0,0.0,0.0,0.0,0.4509,269.6,2.534,0.4256,0.06865,1.096,0.286,0.03892,2.889,0.7679,0.2945,6.57E-6,1237.0,7.986E-4,7.32E-5,5.661E-6,1.125E-4,3.659E-6,7.45E-7,3.429E-5,9.464E-6,4.668E-6,
0.0,0.0,0.0,0.0,0.0,0.0,0.0,0.0,0.0,0.0,0.0,0.0,0.0,0.0,0.0,0.0,0.0,0.0,0.0,0.0,0.0,0.0,2.8E-6,0.001843,0.06931,3.018,1.224,0.01596,1.483E-6,2.881E-4,4.616E-5,0.02024,0.004404,3.998E-4,0.0,0.0,0.0,0.0,0.0,0.0,0.0,0.0,0.0,0.0,0.0,0.0,0.0,0.0,0.0,0.0,0.0,0.0,0.0,0.0,0.0,0.0,2.3E-22,0.0,4.001,0.001848,0.01539,0.0,0.01654,0.008959,0.7643,0.177,0.01462,0.0,0.0,0.0,0.0,0.0,0.0,0.0,0.0,0.0,0.0,0.0,0.0,0.0,0.0,0.0,0.0,0.0,0.0,0.0,0.0,0.0,0.0,0.0,0.0,0.0,0.0,0.0,0.0,0.0,0.0,0.0,0.0,0.0,0.0,0.0,0.0,0.0,0.0,0.0,0.0,0.0,0.0,0.0,0.0,0.0,0.0,1.0E-4,18640.0,9.551999999999999E25,5913.0,1243.0,81.54,202600.0,673.0,812.8,12410.0,4072.0,2417.0,0.3167,9.848E-4,55.89,182.2,4.891,3.315,0.08566,0.03388,3.816,1.069,0.3055,0.004054,406.1,144.8,28.41,0.3864,1.878E-5,3.282E-4,1.074E-4,0.01617,0.004466,7.919E-4,19.42,1511.0,1.561,5.631,5.745,0.3159,0.1259,0.03442,3.74,0.9603,0.2113,0.0,0.0,0.0,0.0,0.0,0.0,0.0,0.0,0.0,0.0,0.0,0.4509,269.6,2.534,0.4256,0.06865,1.096,0.286,0.03892,2.889,0.7679,0.2945,6.57E-6,1241.0,7.986E-4,7.32E-5,5.661E-6,1.125E-4,3.659E-6,7.45E-7,3.429E-5,9.464E-6,4.668E-6,
0.0,0.0,0.0,0.0,0.0,0.0,0.0,0.0,0.0,0.0,0.0,0.0,0.0,0.0,0.0,0.0,0.0,0.0,0.0,0.0,0.0,0.0,2.8E-6,0.001843,0.06954,3.018,1.224,0.01596,1.483E-6,2.881E-4,4.616E-5,0.02024,0.004404,3.998E-4,0.0,0.0,0.0,0.0,0.0,0.0,0.0,0.0,0.0,0.0,0.0,0.0,0.0,0.0,0.0,0.0,0.0,0.0,0.0,0.0,0.0,0.0,2.3E-22,0.0,4.001,0.001848,0.01539,0.0,0.01654,0.008959,0.7643,0.177,0.01462,0.0,0.0,0.0,0.0,0.0,0.0,0.0,0.0,0.0,0.0,0.0,0.0,0.0,0.0,0.0,0.0,0.0,0.0,0.0,0.0,0.0,0.0,0.0,0.0,0.0,0.0,0.0,0.0,0.0,0.0,0.0,0.0,0.0,0.0,0.0,0.0,0.0,0.0,0.0,0.0,0.0,0.0,0.0,0.0,0.0,0.0,1.0E-4,18640.0,9.551999999999999E25,5913.0,1243.0,81.54,202600.0,673.0,812.8,12410.0,4072.0,2417.0,0.3167,9.75E-4,55.89,182.2,4.891,3.315,0.08566,0.03388,3.816,1.069,0.3055,0.004054,402.1,144.8,28.41,0.3864,1.878E-5,3.282E-4,1.074E-4,0.01617,0.004466,7.919E-4,19.42,1515.0,1.561,5.631,5.745,0.3159,0.1259,0.03442,3.74,0.9603,0.2113,0.0,0.0,0.0,0.0,0.0,0.0,0.0,0.0,0.0,0.0,0.0,0.4509,269.6,2.534,0.4256,0.06865,1.096,0.286,0.03892,2.889,0.7679,0.2945,6.57E-6,1245.0,7.986E-4,7.32E-5,5.661E-6,1.125E-4,3.659E-6,7.45E-7,3.429E-5,9.464E-6,4.668E-6,
0.0,0.0,0.0,0.0,0.0,0.0,0.0,0.0,0.0,0.0,0.0,0.0,0.0,0.0,0.0,0.0,0.0,0.0,0.0,0.0,0.0,0.0,2.8E-6,0.001843,0.06976,3.018,1.224,0.01596,1.483E-6,2.881E-4,4.616E-5,0.02024,0.004404,3.998E-4,0.0,0.0,0.0,0.0,0.0,0.0,0.0,0.0,0.0,0.0,0.0,0.0,0.0,0.0,0.0,0.0,0.0,0.0,0.0,0.0,0.0,0.0,2.3E-22,0.0,4.001,0.001848,0.01539,0.0,0.01654,0.008959,0.7643,0.177,0.01462,0.0,0.0,0.0,0.0,0.0,0.0,0.0,0.0,0.0,0.0,0.0,0.0,0.0,0.0,0.0,0.0,0.0,0.0,0.0,0.0,0.0,0.0,0.0,0.0,0.0,0.0,0.0,0.0,0.0,0.0,0.0,0.0,0.0,0.0,0.0,0.0,0.0,0.0,0.0,0.0,0.0,0.0,0.0,0.0,0.0,0.0,1.0E-4,18640.0,9.551999999999999E25,5913.0,1243.0,81.54,202600.0,673.0,812.8,12410.0,4072.0,2417.0,0.3167,9.654E-4,55.89,182.2,4.891,3.315,0.08566,0.03388,3.816,1.069,0.3055,0.004054,398.1,144.8,28.41,0.3864,1.878E-5,3.282E-4,1.074E-4,0.01617,0.004466,7.919E-4,19.42,1519.0,1.561,5.631,5.745,0.3159,0.1259,0.03442,3.74,0.9603,0.2113,0.0,0.0,0.0,0.0,0.0,0.0,0.0,0.0,0.0,0.0,0.0,0.4509,269.6,2.534,0.4256,0.06865,1.096,0.286,0.03892,2.889,0.7679,0.2945,6.57E-6,1249.0,7.986E-4,7.32E-5,5.661E-6,1.125E-4,3.659E-6,7.45E-7,3.429E-5,9.464E-6,4.668E-6,
0.0,0.0,0.0,0.0,0.0,0.0,0.0,0.0,0.0,0.0,0.0,0.0,0.0,0.0,0.0,0.0,0.0,0.0,0.0,0.0,0.0,0.0,2.8E-6,0.001843,0.06998,3.018,1.224,0.01596,1.483E-6,2.881E-4,4.616E-5,0.02024,0.004404,3.998E-4,0.0,0.0,0.0,0.0,0.0,0.0,0.0,0.0,0.0,0.0,0.0,0.0,0.0,0.0,0.0,0.0,0.0,0.0,0.0,0.0,0.0,0.0,2.3E-22,0.0,4.001,0.001848,0.01539,0.0,0.01654,0.008959,0.7643,0.177,0.01462,0.0,0.0,0.0,0.0,0.0,0.0,0.0,0.0,0.0,0.0,0.0,0.0,0.0,0.0,0.0,0.0,0.0,0.0,0.0,0.0,0.0,0.0,0.0,0.0,0.0,0.0,0.0,0.0,0.0,0.0,0.0,0.0,0.0,0.0,0.0,0.0,0.0,0.0,0.0,0.0,0.0,0.0,0.0,0.0,0.0,0.0,1.0E-4,18640.0,9.551999999999999E25,5913.0,1243.0,81.54,202600.0,673.0,812.8,12410.0,4072.0,2417.0,0.3167,9.557E-4,55.89,182.2,4.891,3.315,0.08566,0.03388,3.816,1.069,0.3055,0.004054,394.1,144.8,28.41,0.3864,1.878E-5,3.282E-4,1.074E-4,0.01617,0.004466,7.919E-4,19.42,1523.0,1.561,5.631,5.745,0.3159,0.1259,0.03442,3.74,0.9603,0.2113,0.0,0.0,0.0,0.0,0.0,0.0,0.0,0.0,0.0,0.0,0.0,0.4509,269.6,2.534,0.4256,0.06865,1.096,0.286,0.03892,2.889,0.7679,0.2945,6.57E-6,1253.0,7.986E-4,7.32E-5,5.661E-6,1.125E-4,3.659E-6,7.45E-7,3.429E-5,9.464E-6,4.668E-6,
0.0,0.0,0.0,0.0,0.0,0.0,0.0,0.0,0.0,0.0,0.0,0.0,0.0,0.0,0.0,0.0,0.0,0.0,0.0,0.0,0.0,0.0,2.8E-6,0.001843,0.0702,3.018,1.224,0.01596,1.483E-6,2.881E-4,4.616E-5,0.02024,0.004404,3.998E-4,0.0,0.0,0.0,0.0,0.0,0.0,0.0,0.0,0.0,0.0,0.0,0.0,0.0,0.0,0.0,0.0,0.0,0.0,0.0,0.0,0.0,0.0,2.3E-22,0.0,4.001,0.001848,0.01539,0.0,0.01654,0.008959,0.7643,0.177,0.01462,0.0,0.0,0.0,0.0,0.0,0.0,0.0,0.0,0.0,0.0,0.0,0.0,0.0,0.0,0.0,0.0,0.0,0.0,0.0,0.0,0.0,0.0,0.0,0.0,0.0,0.0,0.0,0.0,0.0,0.0,0.0,0.0,0.0,0.0,0.0,0.0,0.0,0.0,0.0,0.0,0.0,0.0,0.0,0.0,0.0,0.0,1.0E-4,18640.0,9.551999999999999E25,5913.0,1243.0,81.54,202600.0,673.0,812.8,12410.0,4072.0,2417.0,0.3167,9.462E-4,55.89,182.2,4.891,3.315,0.08566,0.03388,3.816,1.069,0.3055,0.004054,390.2,144.8,28.41,0.3864,1.878E-5,3.282E-4,1.074E-4,0.01617,0.004466,7.919E-4,19.42,1527.0,1.561,5.631,5.745,0.3159,0.1259,0.03442,3.74,0.9603,0.2113,0.0,0.0,0.0,0.0,0.0,0.0,0.0,0.0,0.0,0.0,0.0,0.4509,269.6,2.534,0.4256,0.06865,1.096,0.286,0.03892,2.889,0.7679,0.2945,6.57E-6,1257.0,7.986E-4,7.32E-5,5.661E-6,1.125E-4,3.659E-6,7.45E-7,3.429E-5,9.464E-6,4.668E-6,
0.0,0.0,0.0,0.0,0.0,0.0,0.0,0.0,0.0,0.0,0.0,0.0,0.0,0.0,0.0,0.0,0.0,0.0,0.0,0.0,0.0,0.0,2.8E-6,0.001843,0.07042,3.018,1.224,0.01596,1.483E-6,2.881E-4,4.616E-5,0.02024,0.004404,3.998E-4,0.0,0.0,0.0,0.0,0.0,0.0,0.0,0.0,0.0,0.0,0.0,0.0,0.0,0.0,0.0,0.0,0.0,0.0,0.0,0.0,0.0,0.0,2.3E-22,0.0,4.001,0.001848,0.01539,0.0,0.01654,0.008959,0.7643,0.177,0.01462,0.0,0.0,0.0,0.0,0.0,0.0,0.0,0.0,0.0,0.0,0.0,0.0,0.0,0.0,0.0,0.0,0.0,0.0,0.0,0.0,0.0,0.0,0.0,0.0,0.0,0.0,0.0,0.0,0.0,0.0,0.0,0.0,0.0,0.0,0.0,0.0,0.0,0.0,0.0,0.0,0.0,0.0,0.0,0.0,0.0,0.0,1.0E-4,18640.0,9.551999999999999E25,5913.0,1243.0,81.54,202600.0,673.0,812.8,12410.0,4072.0,2417.0,0.3167,9.368E-4,55.89,182.2,4.891,3.315,0.08566,0.03388,3.816,1.069,0.3055,0.004054,386.3,144.8,28.41,0.3864,1.878E-5,3.282E-4,1.074E-4,0.01617,0.004466,7.919E-4,19.42,1530.0,1.561,5.631,5.745,0.3159,0.1259,0.03442,3.74,0.9603,0.2113,0.0,0.0,0.0,0.0,0.0,0.0,0.0,0.0,0.0,0.0,0.0,0.4509,269.6,2.534,0.4256,0.06865,1.096,0.286,0.03892,2.889,0.7679,0.2945,6.57E-6,1261.0,7.986E-4,7.32E-5,5.661E-6,1.125E-4,3.659E-6,7.45E-7,3.429E-5,9.464E-6,4.668E-6,
0.0,0.0,0.0,0.0,0.0,0.0,0.0,0.0,0.0,0.0,0.0,0.0,0.0,0.0,0.0,0.0,0.0,0.0,0.0,0.0,0.0,0.0,2.8E-6,0.001843,0.07064,3.018,1.224,0.01596,1.483E-6,2.881E-4,4.616E-5,0.02024,0.004404,3.998E-4,0.0,0.0,0.0,0.0,0.0,0.0,0.0,0.0,0.0,0.0,0.0,0.0,0.0,0.0,0.0,0.0,0.0,0.0,0.0,0.0,0.0,0.0,2.3E-22,0.0,4.001,0.001848,0.01539,0.0,0.01654,0.008959,0.7643,0.177,0.01462,0.0,0.0,0.0,0.0,0.0,0.0,0.0,0.0,0.0,0.0,0.0,0.0,0.0,0.0,0.0,0.0,0.0,0.0,0.0,0.0,0.0,0.0,0.0,0.0,0.0,0.0,0.0,0.0,0.0,0.0,0.0,0.0,0.0,0.0,0.0,0.0,0.0,0.0,0.0,0.0,0.0,0.0,0.0,0.0,0.0,0.0,1.0E-4,18640.0,9.551999999999999E25,5913.0,1243.0,81.54,202600.0,673.0,812.8,12410.0,4072.0,2417.0,0.3167,9.275E-4,55.89,182.2,4.891,3.315,0.08566,0.03388,3.816,1.069,0.3055,0.004054,382.5,144.8,28.41,0.3864,1.878E-5,3.282E-4,1.074E-4,0.01617,0.004466,7.919E-4,19.42,1534.0,1.561,5.631,5.745,0.3159,0.1259,0.03442,3.74,0.9603,0.2113,0.0,0.0,0.0,0.0,0.0,0.0,0.0,0.0,0.0,0.0,0.0,0.4509,269.6,2.534,0.4256,0.06865,1.096,0.286,0.03892,2.889,0.7679,0.2945,6.57E-6,1265.0,7.986E-4,7.32E-5,5.661E-6,1.125E-4,3.659E-6,7.45E-7,3.429E-5,9.464E-6,4.668E-6,
0.0,0.0,0.0,0.0,0.0,0.0,0.0,0.0,0.0,0.0,0.0,0.0,0.0,0.0,0.0,0.0,0.0,0.0,0.0,0.0,0.0,0.0,2.8E-6,0.001843,0.07085,3.018,1.224,0.01596,1.483E-6,2.881E-4,4.616E-5,0.02024,0.004404,3.998E-4,0.0,0.0,0.0,0.0,0.0,0.0,0.0,0.0,0.0,0.0,0.0,0.0,0.0,0.0,0.0,0.0,0.0,0.0,0.0,0.0,0.0,0.0,2.3E-22,0.0,4.001,0.001848,0.01539,0.0,0.01654,0.008959,0.7643,0.177,0.01462,0.0,0.0,0.0,0.0,0.0,0.0,0.0,0.0,0.0,0.0,0.0,0.0,0.0,0.0,0.0,0.0,0.0,0.0,0.0,0.0,0.0,0.0,0.0,0.0,0.0,0.0,0.0,0.0,0.0,0.0,0.0,0.0,0.0,0.0,0.0,0.0,0.0,0.0,0.0,0.0,0.0,0.0,0.0,0.0,0.0,0.0,1.0E-4,18640.0,9.551999999999999E25,5913.0,1243.0,81.54,202600.0,673.0,812.8,12410.0,4072.0,2417.0,0.3167,9.183E-4,55.89,182.2,4.891,3.315,0.08566,0.03388,3.816,1.069,0.3055,0.004054,378.7,144.8,28.41,0.3864,1.878E-5,3.282E-4,1.074E-4,0.01617,0.004466,7.919E-4,19.42,1538.0,1.561,5.631,5.745,0.3159,0.1259,0.03442,3.74,0.9603,0.2113,0.0,0.0,0.0,0.0,0.0,0.0,0.0,0.0,0.0,0.0,0.0,0.4509,269.6,2.534,0.4256,0.06865,1.096,0.286,0.03892,2.889,0.7679,0.2945,6.57E-6,1268.0,7.986E-4,7.32E-5,5.661E-6,1.125E-4,3.659E-6,7.45E-7,3.429E-5,9.464E-6,4.668E-6,
0.0,0.0,0.0,0.0,0.0,0.0,0.0,0.0,0.0,0.0,0.0,0.0,0.0,0.0,0.0,0.0,0.0,0.0,0.0,0.0,0.0,0.0,2.8E-6,0.001843,0.07106,3.018,1.224,0.01596,1.483E-6,2.881E-4,4.616E-5,0.02024,0.004404,3.998E-4,0.0,0.0,0.0,0.0,0.0,0.0,0.0,0.0,0.0,0.0,0.0,0.0,0.0,0.0,0.0,0.0,0.0,0.0,0.0,0.0,0.0,0.0,2.3E-22,0.0,4.001,0.001848,0.01539,0.0,0.01654,0.008959,0.7643,0.177,0.01462,0.0,0.0,0.0,0.0,0.0,0.0,0.0,0.0,0.0,0.0,0.0,0.0,0.0,0.0,0.0,0.0,0.0,0.0,0.0,0.0,0.0,0.0,0.0,0.0,0.0,0.0,0.0,0.0,0.0,0.0,0.0,0.0,0.0,0.0,0.0,0.0,0.0,0.0,0.0,0.0,0.0,0.0,0.0,0.0,0.0,0.0,1.0E-4,18640.0,9.551999999999999E25,5913.0,1243.0,81.54,202600.0,673.0,812.8,12410.0,4072.0,2417.0,0.3167,9.091E-4,55.89,182.2,4.891,3.315,0.08566,0.03388,3.816,1.069,0.3055,0.004054,374.9,144.8,28.41,0.3864,1.878E-5,3.282E-4,1.074E-4,0.01617,0.004466,7.919E-4,19.42,1542.0,1.561,5.631,5.745,0.3159,0.1259,0.03442,3.74,0.9603,0.2113,0.0,0.0,0.0,0.0,0.0,0.0,0.0,0.0,0.0,0.0,0.0,0.4509,269.6,2.534,0.4256,0.06865,1.096,0.286,0.03892,2.889,0.7679,0.2945,6.57E-6,1272.0,7.986E-4,7.32E-5,5.661E-6,1.125E-4,3.659E-6,7.45E-7,3.429E-5,9.464E-6,4.668E-6,
0.0,0.0,0.0,0.0,0.0,0.0,0.0,0.0,0.0,0.0,0.0,0.0,0.0,0.0,0.0,0.0,0.0,0.0,0.0,0.0,0.0,0.0,2.8E-6,0.001843,0.07127,3.018,1.224,0.01596,1.483E-6,2.881E-4,4.616E-5,0.02024,0.004404,3.998E-4,0.0,0.0,0.0,0.0,0.0,0.0,0.0,0.0,0.0,0.0,0.0,0.0,0.0,0.0,0.0,0.0,0.0,0.0,0.0,0.0,0.0,0.0,2.3E-22,0.0,4.001,0.001848,0.01539,0.0,0.01654,0.008959,0.7643,0.177,0.01462,0.0,0.0,0.0,0.0,0.0,0.0,0.0,0.0,0.0,0.0,0.0,0.0,0.0,0.0,0.0,0.0,0.0,0.0,0.0,0.0,0.0,0.0,0.0,0.0,0.0,0.0,0.0,0.0,0.0,0.0,0.0,0.0,0.0,0.0,0.0,0.0,0.0,0.0,0.0,0.0,0.0,0.0,0.0,0.0,0.0,0.0,1.0E-4,18640.0,9.551999999999999E25,5913.0,1243.0,81.54,202600.0,673.0,812.8,12410.0,4072.0,2417.0,0.3167,9.001E-4,55.89,182.2,4.891,3.315,0.08566,0.03388,3.816,1.069,0.3055,0.004054,371.2,144.8,28.41,0.3864,1.878E-5,3.282E-4,1.074E-4,0.01617,0.004466,7.919E-4,19.42,1546.0,1.561,5.631,5.745,0.3159,0.1259,0.03442,3.74,0.9603,0.2113,0.0,0.0,0.0,0.0,0.0,0.0,0.0,0.0,0.0,0.0,0.0,0.4509,269.6,2.534,0.4256,0.06865,1.096,0.286,0.03892,2.889,0.7679,0.2945,6.57E-6,1276.0,7.986E-4,7.32E-5,5.661E-6,1.125E-4,3.659E-6,7.45E-7,3.429E-5,9.464E-6,4.668E-6,
0.0,0.0,0.0,0.0,0.0,0.0,0.0,0.0,0.0,0.0,0.0,0.0,0.0,0.0,0.0,0.0,0.0,0.0,0.0,0.0,0.0,0.0,2.8E-6,0.001843,0.07147,3.018,1.224,0.01596,1.483E-6,2.881E-4,4.616E-5,0.02024,0.004404,3.998E-4,0.0,0.0,0.0,0.0,0.0,0.0,0.0,0.0,0.0,0.0,0.0,0.0,0.0,0.0,0.0,0.0,0.0,0.0,0.0,0.0,0.0,0.0,2.3E-22,0.0,4.001,0.001848,0.01539,0.0,0.01654,0.008959,0.7643,0.177,0.01462,0.0,0.0,0.0,0.0,0.0,0.0,0.0,0.0,0.0,0.0,0.0,0.0,0.0,0.0,0.0,0.0,0.0,0.0,0.0,0.0,0.0,0.0,0.0,0.0,0.0,0.0,0.0,0.0,0.0,0.0,0.0,0.0,0.0,0.0,0.0,0.0,0.0,0.0,0.0,0.0,0.0,0.0,0.0,0.0,0.0,0.0,1.0E-4,18640.0,9.551999999999999E25,5913.0,1243.0,81.54,202600.0,673.0,812.8,12410.0,4072.0,2417.0,0.3167,8.911E-4,55.89,182.2,4.891,3.315,0.08566,0.03388,3.816,1.069,0.3055,0.004054,367.5,144.8,28.41,0.3864,1.878E-5,3.282E-4,1.074E-4,0.01617,0.004466,7.919E-4,19.42,1549.0,1.561,5.631,5.745,0.3159,0.1259,0.03442,3.74,0.9603,0.2113,0.0,0.0,0.0,0.0,0.0,0.0,0.0,0.0,0.0,0.0,0.0,0.4509,269.6,2.534,0.4256,0.06865,1.096,0.286,0.03892,2.889,0.7679,0.2945,6.57E-6,1280.0,7.986E-4,7.32E-5,5.661E-6,1.125E-4,3.659E-6,7.45E-7,3.429E-5,9.464E-6,4.668E-6,
0.0,0.0,0.0,0.0,0.0,0.0,0.0,0.0,0.0,0.0,0.0,0.0,0.0,0.0,0.0,0.0,0.0,0.0,0.0,0.0,0.0,0.0,2.8E-6,0.001843,0.07168,3.018,1.224,0.01596,1.483E-6,2.881E-4,4.616E-5,0.02024,0.004404,3.998E-4,0.0,0.0,0.0,0.0,0.0,0.0,0.0,0.0,0.0,0.0,0.0,0.0,0.0,0.0,0.0,0.0,0.0,0.0,0.0,0.0,0.0,0.0,2.3E-22,0.0,4.001,0.001848,0.01539,0.0,0.01654,0.008959,0.7643,0.177,0.01462,0.0,0.0,0.0,0.0,0.0,0.0,0.0,0.0,0.0,0.0,0.0,0.0,0.0,0.0,0.0,0.0,0.0,0.0,0.0,0.0,0.0,0.0,0.0,0.0,0.0,0.0,0.0,0.0,0.0,0.0,0.0,0.0,0.0,0.0,0.0,0.0,0.0,0.0,0.0,0.0,0.0,0.0,0.0,0.0,0.0,0.0,1.0E-4,18640.0,9.551999999999999E25,5913.0,1243.0,81.54,202600.0,673.0,812.8,12410.0,4072.0,2417.0,0.3167,8.823E-4,55.89,182.2,4.891,3.315,0.08566,0.03388,3.816,1.069,0.3055,0.004054,363.8,144.8,28.41,0.3864,1.878E-5,3.282E-4,1.074E-4,0.01617,0.004466,7.919E-4,19.42,1553.0,1.561,5.631,5.745,0.3159,0.1259,0.03442,3.74,0.9603,0.2113,0.0,0.0,0.0,0.0,0.0,0.0,0.0,0.0,0.0,0.0,0.0,0.4509,269.6,2.534,0.4256,0.06865,1.096,0.286,0.03892,2.889,0.7679,0.2945,6.57E-6,1283.0,7.986E-4,7.32E-5,5.661E-6,1.125E-4,3.659E-6,7.45E-7,3.429E-5,9.464E-6,4.668E-6,
0.0,0.0,0.0,0.0,0.0,0.0,0.0,0.0,0.0,0.0,0.0,0.0,0.0,0.0,0.0,0.0,0.0,0.0,0.0,0.0,0.0,0.0,2.8E-6,0.001843,0.07188,3.018,1.224,0.01596,1.483E-6,2.881E-4,4.616E-5,0.02024,0.004404,3.998E-4,0.0,0.0,0.0,0.0,0.0,0.0,0.0,0.0,0.0,0.0,0.0,0.0,0.0,0.0,0.0,0.0,0.0,0.0,0.0,0.0,0.0,0.0,2.3E-22,0.0,4.001,0.001848,0.01539,0.0,0.01654,0.008959,0.7643,0.177,0.01462,0.0,0.0,0.0,0.0,0.0,0.0,0.0,0.0,0.0,0.0,0.0,0.0,0.0,0.0,0.0,0.0,0.0,0.0,0.0,0.0,0.0,0.0,0.0,0.0,0.0,0.0,0.0,0.0,0.0,0.0,0.0,0.0,0.0,0.0,0.0,0.0,0.0,0.0,0.0,0.0,0.0,0.0,0.0,0.0,0.0,0.0,1.0E-4,18640.0,9.551999999999999E25,5913.0,1243.0,81.54,202600.0,673.0,812.8,12410.0,4072.0,2417.0,0.3167,8.735E-4,55.89,182.2,4.891,3.315,0.08566,0.03388,3.816,1.069,0.3055,0.004054,360.2,144.8,28.41,0.3864,1.878E-5,3.282E-4,1.074E-4,0.01617,0.004466,7.919E-4,19.42,1557.0,1.561,5.631,5.745,0.3159,0.1259,0.03442,3.74,0.9603,0.2113,0.0,0.0,0.0,0.0,0.0,0.0,0.0,0.0,0.0,0.0,0.0,0.4509,269.6,2.534,0.4256,0.06865,1.096,0.286,0.03892,2.889,0.7679,0.2945,6.57E-6,1287.0,7.986E-4,7.32E-5,5.661E-6,1.125E-4,3.659E-6,7.45E-7,3.429E-5,9.464E-6,4.668E-6,
0.0,0.0,0.0,0.0,0.0,0.0,0.0,0.0,0.0,0.0,0.0,0.0,0.0,0.0,0.0,0.0,0.0,0.0,0.0,0.0,0.0,0.0,2.8E-6,0.001843,0.07208,3.018,1.224,0.01596,1.483E-6,2.881E-4,4.616E-5,0.02024,0.004404,3.998E-4,0.0,0.0,0.0,0.0,0.0,0.0,0.0,0.0,0.0,0.0,0.0,0.0,0.0,0.0,0.0,0.0,0.0,0.0,0.0,0.0,0.0,0.0,2.3E-22,0.0,4.001,0.001848,0.01539,0.0,0.01654,0.008959,0.7643,0.177,0.01462,0.0,0.0,0.0,0.0,0.0,0.0,0.0,0.0,0.0,0.0,0.0,0.0,0.0,0.0,0.0,0.0,0.0,0.0,0.0,0.0,0.0,0.0,0.0,0.0,0.0,0.0,0.0,0.0,0.0,0.0,0.0,0.0,0.0,0.0,0.0,0.0,0.0,0.0,0.0,0.0,0.0,0.0,0.0,0.0,0.0,0.0,1.0E-4,18640.0,9.551999999999999E25,5913.0,1243.0,81.54,202600.0,673.0,812.8,12410.0,4072.0,2417.0,0.3167,8.648E-4,55.89,182.2,4.891,3.315,0.08566,0.03388,3.816,1.069,0.3055,0.004054,356.6,144.8,28.41,0.3864,1.878E-5,3.282E-4,1.074E-4,0.01617,0.004466,7.919E-4,19.42,1560.0,1.561,5.631,5.745,0.3159,0.1259,0.03442,3.74,0.9603,0.2113,0.0,0.0,0.0,0.0,0.0,0.0,0.0,0.0,0.0,0.0,0.0,0.4509,269.6,2.534,0.4256,0.06865,1.096,0.286,0.03892,2.889,0.7679,0.2945,6.57E-6,1290.0,7.986E-4,7.32E-5,5.661E-6,1.125E-4,3.659E-6,7.45E-7,3.429E-5,9.464E-6,4.668E-6,
0.0,0.0,0.0,0.0,0.0,0.0,0.0,0.0,0.0,0.0,0.0,0.0,0.0,0.0,0.0,0.0,0.0,0.0,0.0,0.0,0.0,0.0,2.8E-6,0.001843,0.07228,3.018,1.224,0.01596,1.483E-6,2.881E-4,4.616E-5,0.02024,0.004404,3.998E-4,0.0,0.0,0.0,0.0,0.0,0.0,0.0,0.0,0.0,0.0,0.0,0.0,0.0,0.0,0.0,0.0,0.0,0.0,0.0,0.0,0.0,0.0,2.3E-22,0.0,4.001,0.001848,0.01539,0.0,0.01654,0.008959,0.7643,0.177,0.01462,0.0,0.0,0.0,0.0,0.0,0.0,0.0,0.0,0.0,0.0,0.0,0.0,0.0,0.0,0.0,0.0,0.0,0.0,0.0,0.0,0.0,0.0,0.0,0.0,0.0,0.0,0.0,0.0,0.0,0.0,0.0,0.0,0.0,0.0,0.0,0.0,0.0,0.0,0.0,0.0,0.0,0.0,0.0,0.0,0.0,0.0,1.0E-4,18640.0,9.551999999999999E25,5913.0,1243.0,81.54,202600.0,673.0,812.8,12410.0,4072.0,2417.0,0.3167,8.562E-4,55.89,182.2,4.891,3.315,0.08566,0.03388,3.816,1.069,0.3055,0.004054,353.1,144.8,28.41,0.3864,1.878E-5,3.282E-4,1.074E-4,0.01617,0.004466,7.919E-4,19.42,1564.0,1.561,5.631,5.745,0.3159,0.1259,0.03442,3.74,0.9603,0.2113,0.0,0.0,0.0,0.0,0.0,0.0,0.0,0.0,0.0,0.0,0.0,0.4509,269.6,2.534,0.4256,0.06865,1.096,0.286,0.03892,2.889,0.7679,0.2945,6.57E-6,1294.0,7.986E-4,7.32E-5,5.661E-6,1.125E-4,3.659E-6,7.45E-7,3.429E-5,9.464E-6,4.668E-6,
0.0,0.0,0.0,0.0,0.0,0.0,0.0,0.0,0.0,0.0,0.0,0.0,0.0,0.0,0.0,0.0,0.0,0.0,0.0,0.0,0.0,0.0,2.8E-6,0.001843,0.07247,3.018,1.224,0.01596,1.483E-6,2.881E-4,4.616E-5,0.02024,0.004404,3.998E-4,0.0,0.0,0.0,0.0,0.0,0.0,0.0,0.0,0.0,0.0,0.0,0.0,0.0,0.0,0.0,0.0,0.0,0.0,0.0,0.0,0.0,0.0,2.3E-22,0.0,4.001,0.001848,0.01539,0.0,0.01654,0.008959,0.7643,0.177,0.01462,0.0,0.0,0.0,0.0,0.0,0.0,0.0,0.0,0.0,0.0,0.0,0.0,0.0,0.0,0.0,0.0,0.0,0.0,0.0,0.0,0.0,0.0,0.0,0.0,0.0,0.0,0.0,0.0,0.0,0.0,0.0,0.0,0.0,0.0,0.0,0.0,0.0,0.0,0.0,0.0,0.0,0.0,0.0,0.0,0.0,0.0,1.0E-4,18640.0,9.551999999999999E25,5913.0,1243.0,81.54,202600.0,673.0,812.8,12410.0,4072.0,2417.0,0.3167,8.477E-4,55.89,182.2,4.891,3.315,0.08566,0.03388,3.816,1.069,0.3055,0.004054,349.6,144.8,28.41,0.3864,1.878E-5,3.282E-4,1.074E-4,0.01617,0.004466,7.919E-4,19.42,1567.0,1.561,5.631,5.745,0.3159,0.1259,0.03442,3.74,0.9603,0.2113,0.0,0.0,0.0,0.0,0.0,0.0,0.0,0.0,0.0,0.0,0.0,0.4509,269.6,2.534,0.4256,0.06865,1.096,0.286,0.03892,2.889,0.7679,0.2945,6.57E-6,1297.0,7.986E-4,7.32E-5,5.661E-6,1.125E-4,3.659E-6,7.45E-7,3.429E-5,9.464E-6,4.668E-6,
0.0,0.0,0.0,0.0,0.0,0.0,0.0,0.0,0.0,0.0,0.0,0.0,0.0,0.0,0.0,0.0,0.0,0.0,0.0,0.0,0.0,0.0,2.8E-6,0.001843,0.07267,3.018,1.224,0.01596,1.483E-6,2.881E-4,4.616E-5,0.02024,0.004404,3.998E-4,0.0,0.0,0.0,0.0,0.0,0.0,0.0,0.0,0.0,0.0,0.0,0.0,0.0,0.0,0.0,0.0,0.0,0.0,0.0,0.0,0.0,0.0,2.3E-22,0.0,4.001,0.001848,0.01539,0.0,0.01654,0.008959,0.7643,0.177,0.01462,0.0,0.0,0.0,0.0,0.0,0.0,0.0,0.0,0.0,0.0,0.0,0.0,0.0,0.0,0.0,0.0,0.0,0.0,0.0,0.0,0.0,0.0,0.0,0.0,0.0,0.0,0.0,0.0,0.0,0.0,0.0,0.0,0.0,0.0,0.0,0.0,0.0,0.0,0.0,0.0,0.0,0.0,0.0,0.0,0.0,0.0,1.0E-4,18640.0,9.551999999999999E25,5913.0,1243.0,81.54,202600.0,673.0,812.8,12410.0,4072.0,2417.0,0.3167,8.392E-4,55.89,182.2,4.891,3.315,0.08566,0.03388,3.816,1.069,0.3055,0.004054,346.1,144.8,28.41,0.3864,1.878E-5,3.282E-4,1.074E-4,0.01617,0.004466,7.919E-4,19.42,1571.0,1.561,5.631,5.745,0.3159,0.1259,0.03442,3.74,0.9603,0.2113,0.0,0.0,0.0,0.0,0.0,0.0,0.0,0.0,0.0,0.0,0.0,0.4509,269.6,2.534,0.4256,0.06865,1.096,0.286,0.03892,2.889,0.7679,0.2945,6.57E-6,1301.0,7.986E-4,7.32E-5,5.661E-6,1.125E-4,3.659E-6,7.45E-7,3.429E-5,9.464E-6,4.668E-6,
0.0,0.0,0.0,0.0,0.0,0.0,0.0,0.0,0.0,0.0,0.0,0.0,0.0,0.0,0.0,0.0,0.0,0.0,0.0,0.0,0.0,0.0,2.8E-6,0.001843,0.07286,3.018,1.224,0.01596,1.483E-6,2.881E-4,4.616E-5,0.02024,0.004404,3.998E-4,0.0,0.0,0.0,0.0,0.0,0.0,0.0,0.0,0.0,0.0,0.0,0.0,0.0,0.0,0.0,0.0,0.0,0.0,0.0,0.0,0.0,0.0,2.3E-22,0.0,4.001,0.001848,0.01539,0.0,0.01654,0.008959,0.7643,0.177,0.01462,0.0,0.0,0.0,0.0,0.0,0.0,0.0,0.0,0.0,0.0,0.0,0.0,0.0,0.0,0.0,0.0,0.0,0.0,0.0,0.0,0.0,0.0,0.0,0.0,0.0,0.0,0.0,0.0,0.0,0.0,0.0,0.0,0.0,0.0,0.0,0.0,0.0,0.0,0.0,0.0,0.0,0.0,0.0,0.0,0.0,0.0,1.0E-4,18640.0,9.551999999999999E25,5913.0,1243.0,81.54,202600.0,673.0,812.8,12410.0,4072.0,2417.0,0.3167,8.309E-4,55.89,182.2,4.891,3.315,0.08566,0.03388,3.816,1.069,0.3055,0.004054,342.6,144.8,28.41,0.3864,1.878E-5,3.282E-4,1.074E-4,0.01617,0.004466,7.919E-4,19.42,1574.0,1.561,5.631,5.745,0.3159,0.1259,0.03442,3.74,0.9603,0.2113,0.0,0.0,0.0,0.0,0.0,0.0,0.0,0.0,0.0,0.0,0.0,0.4509,269.6,2.534,0.4256,0.06865,1.096,0.286,0.03892,2.889,0.7679,0.2945,6.57E-6,1304.0,7.986E-4,7.32E-5,5.661E-6,1.125E-4,3.659E-6,7.45E-7,3.429E-5,9.464E-6,4.668E-6,
0.0,0.0,0.0,0.0,0.0,0.0,0.0,0.0,0.0,0.0,0.0,0.0,0.0,0.0,0.0,0.0,0.0,0.0,0.0,0.0,0.0,0.0,2.8E-6,0.001843,0.07305,3.018,1.224,0.01596,1.483E-6,2.881E-4,4.616E-5,0.02024,0.004404,3.998E-4,0.0,0.0,0.0,0.0,0.0,0.0,0.0,0.0,0.0,0.0,0.0,0.0,0.0,0.0,0.0,0.0,0.0,0.0,0.0,0.0,0.0,0.0,2.3E-22,0.0,4.001,0.001848,0.01539,0.0,0.01654,0.008959,0.7643,0.177,0.01462,0.0,0.0,0.0,0.0,0.0,0.0,0.0,0.0,0.0,0.0,0.0,0.0,0.0,0.0,0.0,0.0,0.0,0.0,0.0,0.0,0.0,0.0,0.0,0.0,0.0,0.0,0.0,0.0,0.0,0.0,0.0,0.0,0.0,0.0,0.0,0.0,0.0,0.0,0.0,0.0,0.0,0.0,0.0,0.0,0.0,0.0,1.0E-4,18640.0,9.551999999999999E25,5913.0,1243.0,81.54,202600.0,673.0,812.8,12410.0,4072.0,2417.0,0.3167,8.226E-4,55.89,182.2,4.891,3.315,0.08566,0.03388,3.816,1.069,0.3055,0.004054,339.2,144.8,28.41,0.3864,1.878E-5,3.282E-4,1.074E-4,0.01617,0.004466,7.919E-4,19.42,1578.0,1.561,5.631,5.745,0.3159,0.1259,0.03442,3.74,0.9603,0.2113,0.0,0.0,0.0,0.0,0.0,0.0,0.0,0.0,0.0,0.0,0.0,0.4509,269.6,2.534,0.4256,0.06865,1.096,0.286,0.03892,2.889,0.7679,0.2945,6.57E-6,1308.0,7.986E-4,7.32E-5,5.661E-6,1.125E-4,3.659E-6,7.45E-7,3.429E-5,9.464E-6,4.668E-6,
0.0,0.0,0.0,0.0,0.0,0.0,0.0,0.0,0.0,0.0,0.0,0.0,0.0,0.0,0.0,0.0,0.0,0.0,0.0,0.0,0.0,0.0,2.8E-6,0.001843,0.07324,3.018,1.224,0.01596,1.483E-6,2.881E-4,4.616E-5,0.02024,0.004404,3.998E-4,0.0,0.0,0.0,0.0,0.0,0.0,0.0,0.0,0.0,0.0,0.0,0.0,0.0,0.0,0.0,0.0,0.0,0.0,0.0,0.0,0.0,0.0,2.3E-22,0.0,4.001,0.001848,0.01539,0.0,0.01654,0.008959,0.7643,0.177,0.01462,0.0,0.0,0.0,0.0,0.0,0.0,0.0,0.0,0.0,0.0,0.0,0.0,0.0,0.0,0.0,0.0,0.0,0.0,0.0,0.0,0.0,0.0,0.0,0.0,0.0,0.0,0.0,0.0,0.0,0.0,0.0,0.0,0.0,0.0,0.0,0.0,0.0,0.0,0.0,0.0,0.0,0.0,0.0,0.0,0.0,0.0,1.0E-4,18640.0,9.551999999999999E25,5913.0,1243.0,81.54,202600.0,673.0,812.8,12410.0,4072.0,2417.0,0.3167,8.144E-4,55.89,182.2,4.891,3.315,0.08566,0.03388,3.816,1.069,0.3055,0.004054,335.9,144.8,28.41,0.3864,1.878E-5,3.282E-4,1.074E-4,0.01617,0.004466,7.919E-4,19.42,1581.0,1.561,5.631,5.745,0.3159,0.1259,0.03442,3.74,0.9603,0.2113,0.0,0.0,0.0,0.0,0.0,0.0,0.0,0.0,0.0,0.0,0.0,0.4509,269.6,2.534,0.4256,0.06865,1.096,0.286,0.03892,2.889,0.7679,0.2945,6.57E-6,1311.0,7.986E-4,7.32E-5,5.661E-6,1.125E-4,3.659E-6,7.45E-7,3.429E-5,9.464E-6,4.668E-6,
0.0,0.0,0.0,0.0,0.0,0.0,0.0,0.0,0.0,0.0,0.0,0.0,0.0,0.0,0.0,0.0,0.0,0.0,0.0,0.0,0.0,0.0,2.8E-6,0.001843,0.07343,3.018,1.224,0.01596,1.483E-6,2.881E-4,4.616E-5,0.02024,0.004404,3.998E-4,0.0,0.0,0.0,0.0,0.0,0.0,0.0,0.0,0.0,0.0,0.0,0.0,0.0,0.0,0.0,0.0,0.0,0.0,0.0,0.0,0.0,0.0,2.3E-22,0.0,4.001,0.001848,0.01539,0.0,0.01654,0.008959,0.7643,0.177,0.01462,0.0,0.0,0.0,0.0,0.0,0.0,0.0,0.0,0.0,0.0,0.0,0.0,0.0,0.0,0.0,0.0,0.0,0.0,0.0,0.0,0.0,0.0,0.0,0.0,0.0,0.0,0.0,0.0,0.0,0.0,0.0,0.0,0.0,0.0,0.0,0.0,0.0,0.0,0.0,0.0,0.0,0.0,0.0,0.0,0.0,0.0,1.0E-4,18640.0,9.551999999999999E25,5913.0,1243.0,81.54,202600.0,673.0,812.8,12410.0,4072.0,2417.0,0.3167,8.063E-4,55.89,182.2,4.891,3.315,0.08566,0.03388,3.816,1.069,0.3055,0.004054,332.5,144.8,28.41,0.3864,1.878E-5,3.282E-4,1.074E-4,0.01617,0.004466,7.919E-4,19.42,1584.0,1.561,5.631,5.745,0.3159,0.1259,0.03442,3.74,0.9603,0.2113,0.0,0.0,0.0,0.0,0.0,0.0,0.0,0.0,0.0,0.0,0.0,0.4509,269.6,2.534,0.4256,0.06865,1.096,0.286,0.03892,2.889,0.7679,0.2945,6.57E-6,1315.0,7.986E-4,7.32E-5,5.661E-6,1.125E-4,3.659E-6,7.45E-7,3.429E-5,9.464E-6,4.668E-6,
0.0,0.0,0.0,0.0,0.0,0.0,0.0,0.0,0.0,0.0,0.0,0.0,0.0,0.0,0.0,0.0,0.0,0.0,0.0,0.0,0.0,0.0,2.8E-6,0.001843,0.07361,3.018,1.224,0.01596,1.483E-6,2.881E-4,4.616E-5,0.02024,0.004404,3.998E-4,0.0,0.0,0.0,0.0,0.0,0.0,0.0,0.0,0.0,0.0,0.0,0.0,0.0,0.0,0.0,0.0,0.0,0.0,0.0,0.0,0.0,0.0,2.3E-22,0.0,4.001,0.001848,0.01539,0.0,0.01654,0.008959,0.7643,0.177,0.01462,0.0,0.0,0.0,0.0,0.0,0.0,0.0,0.0,0.0,0.0,0.0,0.0,0.0,0.0,0.0,0.0,0.0,0.0,0.0,0.0,0.0,0.0,0.0,0.0,0.0,0.0,0.0,0.0,0.0,0.0,0.0,0.0,0.0,0.0,0.0,0.0,0.0,0.0,0.0,0.0,0.0,0.0,0.0,0.0,0.0,0.0,1.0E-4,18640.0,9.551999999999999E25,5913.0,1243.0,81.54,202600.0,673.0,812.8,12410.0,4072.0,2417.0,0.3167,7.983E-4,55.89,182.2,4.891,3.315,0.08566,0.03388,3.816,1.069,0.3055,0.004054,329.2,144.8,28.41,0.3864,1.878E-5,3.282E-4,1.074E-4,0.01617,0.004466,7.919E-4,19.42,1588.0,1.561,5.631,5.745,0.3159,0.1259,0.03442,3.74,0.9603,0.2113,0.0,0.0,0.0,0.0,0.0,0.0,0.0,0.0,0.0,0.0,0.0,0.4509,269.6,2.534,0.4256,0.06865,1.096,0.286,0.03892,2.889,0.7679,0.2945,6.57E-6,1318.0,7.986E-4,7.32E-5,5.661E-6,1.125E-4,3.659E-6,7.45E-7,3.429E-5,9.464E-6,4.668E-6,
0.0,0.0,0.0,0.0,0.0,0.0,0.0,0.0,0.0,0.0,0.0,0.0,0.0,0.0,0.0,0.0,0.0,0.0,0.0,0.0,0.0,0.0,2.8E-6,0.001843,0.07379,3.018,1.224,0.01596,1.483E-6,2.881E-4,4.616E-5,0.02024,0.004404,3.998E-4,0.0,0.0,0.0,0.0,0.0,0.0,0.0,0.0,0.0,0.0,0.0,0.0,0.0,0.0,0.0,0.0,0.0,0.0,0.0,0.0,0.0,0.0,2.3E-22,0.0,4.001,0.001848,0.01539,0.0,0.01654,0.008959,0.7643,0.177,0.01462,0.0,0.0,0.0,0.0,0.0,0.0,0.0,0.0,0.0,0.0,0.0,0.0,0.0,0.0,0.0,0.0,0.0,0.0,0.0,0.0,0.0,0.0,0.0,0.0,0.0,0.0,0.0,0.0,0.0,0.0,0.0,0.0,0.0,0.0,0.0,0.0,0.0,0.0,0.0,0.0,0.0,0.0,0.0,0.0,0.0,0.0,1.0E-4,18640.0,9.551999999999999E25,5913.0,1243.0,81.54,202600.0,673.0,812.8,12410.0,4072.0,2417.0,0.3167,7.904E-4,55.89,182.2,4.891,3.315,0.08566,0.03388,3.816,1.069,0.3055,0.004054,325.9,144.8,28.41,0.3864,1.878E-5,3.282E-4,1.074E-4,0.01617,0.004466,7.919E-4,19.42,1591.0,1.561,5.631,5.745,0.3159,0.1259,0.03442,3.74,0.9603,0.2113,0.0,0.0,0.0,0.0,0.0,0.0,0.0,0.0,0.0,0.0,0.0,0.4509,269.6,2.534,0.4256,0.06865,1.096,0.286,0.03892,2.889,0.7679,0.2945,6.57E-6,1321.0,7.986E-4,7.32E-5,5.661E-6,1.125E-4,3.659E-6,7.45E-7,3.429E-5,9.464E-6,4.668E-6,
0.0,0.0,0.0,0.0,0.0,0.0,0.0,0.0,0.0,0.0,0.0,0.0,0.0,0.0,0.0,0.0,0.0,0.0,0.0,0.0,0.0,0.0,2.8E-6,0.001843,0.07398,3.018,1.224,0.01596,1.483E-6,2.881E-4,4.616E-5,0.02024,0.004404,3.998E-4,0.0,0.0,0.0,0.0,0.0,0.0,0.0,0.0,0.0,0.0,0.0,0.0,0.0,0.0,0.0,0.0,0.0,0.0,0.0,0.0,0.0,0.0,2.3E-22,0.0,4.001,0.001848,0.01539,0.0,0.01654,0.008959,0.7643,0.177,0.01462,0.0,0.0,0.0,0.0,0.0,0.0,0.0,0.0,0.0,0.0,0.0,0.0,0.0,0.0,0.0,0.0,0.0,0.0,0.0,0.0,0.0,0.0,0.0,0.0,0.0,0.0,0.0,0.0,0.0,0.0,0.0,0.0,0.0,0.0,0.0,0.0,0.0,0.0,0.0,0.0,0.0,0.0,0.0,0.0,0.0,0.0,1.0E-4,18640.0,9.551999999999999E25,5913.0,1243.0,81.54,202600.0,673.0,812.8,12410.0,4072.0,2417.0,0.3167,7.825E-4,55.89,182.2,4.891,3.315,0.08566,0.03388,3.816,1.069,0.3055,0.004054,322.7,144.8,28.41,0.3864,1.878E-5,3.282E-4,1.074E-4,0.01617,0.004466,7.919E-4,19.42,1594.0,1.561,5.631,5.745,0.3159,0.1259,0.03442,3.74,0.9603,0.2113,0.0,0.0,0.0,0.0,0.0,0.0,0.0,0.0,0.0,0.0,0.0,0.4509,269.6,2.534,0.4256,0.06865,1.096,0.286,0.03892,2.889,0.7679,0.2945,6.57E-6,1324.0,7.986E-4,7.32E-5,5.661E-6,1.125E-4,3.659E-6,7.45E-7,3.429E-5,9.464E-6,4.668E-6,
0.0,0.0,0.0,0.0,0.0,0.0,0.0,0.0,0.0,0.0,0.0,0.0,0.0,0.0,0.0,0.0,0.0,0.0,0.0,0.0,0.0,0.0,2.8E-6,0.001843,0.07415,3.018,1.224,0.01596,1.483E-6,2.881E-4,4.616E-5,0.02024,0.004404,3.998E-4,0.0,0.0,0.0,0.0,0.0,0.0,0.0,0.0,0.0,0.0,0.0,0.0,0.0,0.0,0.0,0.0,0.0,0.0,0.0,0.0,0.0,0.0,2.3E-22,0.0,4.001,0.001848,0.01539,0.0,0.01654,0.008959,0.7643,0.177,0.01462,0.0,0.0,0.0,0.0,0.0,0.0,0.0,0.0,0.0,0.0,0.0,0.0,0.0,0.0,0.0,0.0,0.0,0.0,0.0,0.0,0.0,0.0,0.0,0.0,0.0,0.0,0.0,0.0,0.0,0.0,0.0,0.0,0.0,0.0,0.0,0.0,0.0,0.0,0.0,0.0,0.0,0.0,0.0,0.0,0.0,0.0,1.0E-4,18640.0,9.551999999999999E25,5913.0,1243.0,81.54,202600.0,673.0,812.8,12410.0,4072.0,2417.0,0.3167,7.747E-4,55.89,182.2,4.891,3.315,0.08566,0.03388,3.816,1.069,0.3055,0.004054,319.5,144.8,28.41,0.3864,1.878E-5,3.282E-4,1.074E-4,0.01617,0.004466,7.919E-4,19.42,1597.0,1.561,5.631,5.745,0.3159,0.1259,0.03442,3.74,0.9603,0.2113,0.0,0.0,0.0,0.0,0.0,0.0,0.0,0.0,0.0,0.0,0.0,0.4509,269.6,2.534,0.4256,0.06865,1.096,0.286,0.03892,2.889,0.7679,0.2945,6.57E-6,1328.0,7.986E-4,7.32E-5,5.661E-6,1.125E-4,3.659E-6,7.45E-7,3.429E-5,9.464E-6,4.668E-6,
0.0,0.0,0.0,0.0,0.0,0.0,0.0,0.0,0.0,0.0,0.0,0.0,0.0,0.0,0.0,0.0,0.0,0.0,0.0,0.0,0.0,0.0,2.8E-6,0.001843,0.07433,3.018,1.224,0.01596,1.483E-6,2.881E-4,4.616E-5,0.02024,0.004404,3.998E-4,0.0,0.0,0.0,0.0,0.0,0.0,0.0,0.0,0.0,0.0,0.0,0.0,0.0,0.0,0.0,0.0,0.0,0.0,0.0,0.0,0.0,0.0,2.3E-22,0.0,4.001,0.001848,0.01539,0.0,0.01654,0.008959,0.7643,0.177,0.01462,0.0,0.0,0.0,0.0,0.0,0.0,0.0,0.0,0.0,0.0,0.0,0.0,0.0,0.0,0.0,0.0,0.0,0.0,0.0,0.0,0.0,0.0,0.0,0.0,0.0,0.0,0.0,0.0,0.0,0.0,0.0,0.0,0.0,0.0,0.0,0.0,0.0,0.0,0.0,0.0,0.0,0.0,0.0,0.0,0.0,0.0,1.0E-4,18640.0,9.551999999999999E25,5913.0,1243.0,81.54,202600.0,673.0,812.8,12410.0,4072.0,2417.0,0.3167,7.67E-4,55.89,182.2,4.891,3.315,0.08566,0.03388,3.816,1.069,0.3055,0.004054,316.3,144.8,28.41,0.3864,1.878E-5,3.282E-4,1.074E-4,0.01617,0.004466,7.919E-4,19.42,1600.0,1.561,5.631,5.745,0.3159,0.1259,0.03442,3.74,0.9603,0.2113,0.0,0.0,0.0,0.0,0.0,0.0,0.0,0.0,0.0,0.0,0.0,0.4509,269.6,2.534,0.4256,0.06865,1.096,0.286,0.03892,2.889,0.7679,0.2945,6.57E-6,1331.0,7.986E-4,7.32E-5,5.661E-6,1.125E-4,3.659E-6,7.45E-7,3.429E-5,9.464E-6,4.668E-6,
0.0,0.0,0.0,0.0,0.0,0.0,0.0,0.0,0.0,0.0,0.0,0.0,0.0,0.0,0.0,0.0,0.0,0.0,0.0,0.0,0.0,0.0,2.8E-6,0.001843,0.07451,3.018,1.224,0.01596,1.483E-6,2.881E-4,4.616E-5,0.02024,0.004404,3.998E-4,0.0,0.0,0.0,0.0,0.0,0.0,0.0,0.0,0.0,0.0,0.0,0.0,0.0,0.0,0.0,0.0,0.0,0.0,0.0,0.0,0.0,0.0,2.3E-22,0.0,4.001,0.001848,0.01539,0.0,0.01654,0.008959,0.7643,0.177,0.01462,0.0,0.0,0.0,0.0,0.0,0.0,0.0,0.0,0.0,0.0,0.0,0.0,0.0,0.0,0.0,0.0,0.0,0.0,0.0,0.0,0.0,0.0,0.0,0.0,0.0,0.0,0.0,0.0,0.0,0.0,0.0,0.0,0.0,0.0,0.0,0.0,0.0,0.0,0.0,0.0,0.0,0.0,0.0,0.0,0.0,0.0,1.0E-4,18640.0,9.551999999999999E25,5913.0,1243.0,81.54,202600.0,673.0,812.8,12410.0,4072.0,2417.0,0.3167,7.594E-4,55.89,182.2,4.891,3.315,0.08566,0.03388,3.816,1.069,0.3055,0.004054,313.2,144.8,28.41,0.3864,1.878E-5,3.282E-4,1.074E-4,0.01617,0.004466,7.919E-4,19.42,1604.0,1.561,5.631,5.745,0.3159,0.1259,0.03442,3.74,0.9603,0.2113,0.0,0.0,0.0,0.0,0.0,0.0,0.0,0.0,0.0,0.0,0.0,0.4509,269.6,2.534,0.4256,0.06865,1.096,0.286,0.03892,2.889,0.7679,0.2945,6.57E-6,1334.0,7.986E-4,7.32E-5,5.661E-6,1.125E-4,3.659E-6,7.45E-7,3.429E-5,9.464E-6,4.668E-6,
0.0,0.0,0.0,0.0,0.0,0.0,0.0,0.0,0.0,0.0,0.0,0.0,0.0,0.0,0.0,0.0,0.0,0.0,0.0,0.0,0.0,0.0,2.8E-6,0.001843,0.07468,3.018,1.224,0.01596,1.483E-6,2.881E-4,4.616E-5,0.02024,0.004404,3.998E-4,0.0,0.0,0.0,0.0,0.0,0.0,0.0,0.0,0.0,0.0,0.0,0.0,0.0,0.0,0.0,0.0,0.0,0.0,0.0,0.0,0.0,0.0,2.3E-22,0.0,4.001,0.001848,0.01539,0.0,0.01654,0.008959,0.7643,0.177,0.01462,0.0,0.0,0.0,0.0,0.0,0.0,0.0,0.0,0.0,0.0,0.0,0.0,0.0,0.0,0.0,0.0,0.0,0.0,0.0,0.0,0.0,0.0,0.0,0.0,0.0,0.0,0.0,0.0,0.0,0.0,0.0,0.0,0.0,0.0,0.0,0.0,0.0,0.0,0.0,0.0,0.0,0.0,0.0,0.0,0.0,0.0,1.0E-4,18640.0,9.551999999999999E25,5913.0,1243.0,81.54,202600.0,673.0,812.8,12410.0,4072.0,2417.0,0.3167,7.518E-4,55.89,182.2,4.891,3.315,0.08566,0.03388,3.816,1.069,0.3055,0.004054,310.0,144.8,28.41,0.3864,1.878E-5,3.282E-4,1.074E-4,0.01617,0.004466,7.919E-4,19.42,1607.0,1.561,5.631,5.745,0.3159,0.1259,0.03442,3.74,0.9603,0.2113,0.0,0.0,0.0,0.0,0.0,0.0,0.0,0.0,0.0,0.0,0.0,0.4509,269.6,2.534,0.4256,0.06865,1.096,0.286,0.03892,2.889,0.7679,0.2945,6.57E-6,1337.0,7.986E-4,7.32E-5,5.661E-6,1.125E-4,3.659E-6,7.45E-7,3.429E-5,9.464E-6,4.668E-6,
0.0,0.0,0.0,0.0,0.0,0.0,0.0,0.0,0.0,0.0,0.0,0.0,0.0,0.0,0.0,0.0,0.0,0.0,0.0,0.0,0.0,0.0,2.8E-6,0.001843,0.07485,3.018,1.224,0.01596,1.483E-6,2.881E-4,4.616E-5,0.02024,0.004404,3.998E-4,0.0,0.0,0.0,0.0,0.0,0.0,0.0,0.0,0.0,0.0,0.0,0.0,0.0,0.0,0.0,0.0,0.0,0.0,0.0,0.0,0.0,0.0,2.3E-22,0.0,4.001,0.001848,0.01539,0.0,0.01654,0.008959,0.7643,0.177,0.01462,0.0,0.0,0.0,0.0,0.0,0.0,0.0,0.0,0.0,0.0,0.0,0.0,0.0,0.0,0.0,0.0,0.0,0.0,0.0,0.0,0.0,0.0,0.0,0.0,0.0,0.0,0.0,0.0,0.0,0.0,0.0,0.0,0.0,0.0,0.0,0.0,0.0,0.0,0.0,0.0,0.0,0.0,0.0,0.0,0.0,0.0,1.0E-4,18640.0,9.551999999999999E25,5913.0,1243.0,81.54,202600.0,673.0,812.8,12410.0,4072.0,2417.0,0.3167,7.443E-4,55.89,182.2,4.891,3.315,0.08566,0.03388,3.816,1.069,0.3055,0.004054,307.0,144.8,28.41,0.3864,1.878E-5,3.282E-4,1.074E-4,0.01617,0.004466,7.919E-4,19.42,1610.0,1.561,5.631,5.745,0.3159,0.1259,0.03442,3.74,0.9603,0.2113,0.0,0.0,0.0,0.0,0.0,0.0,0.0,0.0,0.0,0.0,0.0,0.4509,269.6,2.534,0.4256,0.06865,1.096,0.286,0.03892,2.889,0.7679,0.2945,6.57E-6,1340.0,7.986E-4,7.32E-5,5.661E-6,1.125E-4,3.659E-6,7.45E-7,3.429E-5,9.464E-6,4.668E-6,
0.0,0.0,0.0,0.0,0.0,0.0,0.0,0.0,0.0,0.0,0.0,0.0,0.0,0.0,0.0,0.0,0.0,0.0,0.0,0.0,0.0,0.0,2.8E-6,0.001843,0.07503,3.018,1.224,0.01596,1.483E-6,2.881E-4,4.616E-5,0.02024,0.004404,3.998E-4,0.0,0.0,0.0,0.0,0.0,0.0,0.0,0.0,0.0,0.0,0.0,0.0,0.0,0.0,0.0,0.0,0.0,0.0,0.0,0.0,0.0,0.0,2.3E-22,0.0,4.001,0.001848,0.01539,0.0,0.01654,0.008959,0.7643,0.177,0.01462,0.0,0.0,0.0,0.0,0.0,0.0,0.0,0.0,0.0,0.0,0.0,0.0,0.0,0.0,0.0,0.0,0.0,0.0,0.0,0.0,0.0,0.0,0.0,0.0,0.0,0.0,0.0,0.0,0.0,0.0,0.0,0.0,0.0,0.0,0.0,0.0,0.0,0.0,0.0,0.0,0.0,0.0,0.0,0.0,0.0,0.0,1.0E-4,18640.0,9.551999999999999E25,5913.0,1243.0,81.54,202600.0,673.0,812.8,12410.0,4072.0,2417.0,0.3167,7.369E-4,55.89,182.2,4.891,3.315,0.08566,0.03388,3.816,1.069,0.3055,0.004054,303.9,144.8,28.41,0.3864,1.878E-5,3.282E-4,1.074E-4,0.01617,0.004466,7.919E-4,19.42,1613.0,1.561,5.631,5.745,0.3159,0.1259,0.03442,3.74,0.9603,0.2113,0.0,0.0,0.0,0.0,0.0,0.0,0.0,0.0,0.0,0.0,0.0,0.4509,269.6,2.534,0.4256,0.06865,1.096,0.286,0.03892,2.889,0.7679,0.2945,6.57E-6,1343.0,7.986E-4,7.32E-5,5.661E-6,1.125E-4,3.659E-6,7.45E-7,3.429E-5,9.464E-6,4.668E-6,
0.0,0.0,0.0,0.0,0.0,0.0,0.0,0.0,0.0,0.0,0.0,0.0,0.0,0.0,0.0,0.0,0.0,0.0,0.0,0.0,0.0,0.0,2.8E-6,0.001843,0.07519,3.018,1.224,0.01596,1.483E-6,2.881E-4,4.616E-5,0.02024,0.004404,3.998E-4,0.0,0.0,0.0,0.0,0.0,0.0,0.0,0.0,0.0,0.0,0.0,0.0,0.0,0.0,0.0,0.0,0.0,0.0,0.0,0.0,0.0,0.0,2.3E-22,0.0,4.001,0.001848,0.01539,0.0,0.01654,0.008959,0.7643,0.177,0.01462,0.0,0.0,0.0,0.0,0.0,0.0,0.0,0.0,0.0,0.0,0.0,0.0,0.0,0.0,0.0,0.0,0.0,0.0,0.0,0.0,0.0,0.0,0.0,0.0,0.0,0.0,0.0,0.0,0.0,0.0,0.0,0.0,0.0,0.0,0.0,0.0,0.0,0.0,0.0,0.0,0.0,0.0,0.0,0.0,0.0,0.0,1.0E-4,18640.0,9.551999999999999E25,5913.0,1243.0,81.54,202600.0,673.0,812.8,12410.0,4072.0,2417.0,0.3167,7.296E-4,55.89,182.2,4.891,3.315,0.08566,0.03388,3.816,1.069,0.3055,0.004054,300.9,144.8,28.41,0.3864,1.878E-5,3.282E-4,1.074E-4,0.01617,0.004466,7.919E-4,19.42,1616.0,1.561,5.631,5.745,0.3159,0.1259,0.03442,3.74,0.9603,0.2113,0.0,0.0,0.0,0.0,0.0,0.0,0.0,0.0,0.0,0.0,0.0,0.4509,269.6,2.534,0.4256,0.06865,1.096,0.286,0.03892,2.889,0.7679,0.2945,6.57E-6,1346.0,7.986E-4,7.32E-5,5.661E-6,1.125E-4,3.659E-6,7.45E-7,3.429E-5,9.464E-6,4.668E-6,
0.0,0.0,0.0,0.0,0.0,0.0,0.0,0.0,0.0,0.0,0.0,0.0,0.0,0.0,0.0,0.0,0.0,0.0,0.0,0.0,0.0,0.0,2.8E-6,0.001843,0.07536,3.018,1.224,0.01596,1.483E-6,2.881E-4,4.616E-5,0.02024,0.004404,3.998E-4,0.0,0.0,0.0,0.0,0.0,0.0,0.0,0.0,0.0,0.0,0.0,0.0,0.0,0.0,0.0,0.0,0.0,0.0,0.0,0.0,0.0,0.0,2.3E-22,0.0,4.001,0.001848,0.01539,0.0,0.01654,0.008959,0.7643,0.177,0.01462,0.0,0.0,0.0,0.0,0.0,0.0,0.0,0.0,0.0,0.0,0.0,0.0,0.0,0.0,0.0,0.0,0.0,0.0,0.0,0.0,0.0,0.0,0.0,0.0,0.0,0.0,0.0,0.0,0.0,0.0,0.0,0.0,0.0,0.0,0.0,0.0,0.0,0.0,0.0,0.0,0.0,0.0,0.0,0.0,0.0,0.0,1.0E-4,18640.0,9.551999999999999E25,5913.0,1243.0,81.54,202600.0,673.0,812.8,12410.0,4072.0,2417.0,0.3167,7.223E-4,55.89,182.2,4.891,3.315,0.08566,0.03388,3.816,1.069,0.3055,0.004054,297.9,144.8,28.41,0.3864,1.878E-5,3.282E-4,1.074E-4,0.01617,0.004466,7.919E-4,19.42,1619.0,1.561,5.631,5.745,0.3159,0.1259,0.03442,3.74,0.9603,0.2113,0.0,0.0,0.0,0.0,0.0,0.0,0.0,0.0,0.0,0.0,0.0,0.4509,269.6,2.534,0.4256,0.06865,1.096,0.286,0.03892,2.889,0.7679,0.2945,6.57E-6,1349.0,7.986E-4,7.32E-5,5.661E-6,1.125E-4,3.659E-6,7.45E-7,3.429E-5,9.464E-6,4.668E-6,
0.0,0.0,0.0,0.0,0.0,0.0,0.0,0.0,0.0,0.0,0.0,0.0,0.0,0.0,0.0,0.0,0.0,0.0,0.0,0.0,0.0,0.0,2.8E-6,0.001843,0.07553,3.018,1.224,0.01596,1.483E-6,2.881E-4,4.616E-5,0.02024,0.004404,3.998E-4,0.0,0.0,0.0,0.0,0.0,0.0,0.0,0.0,0.0,0.0,0.0,0.0,0.0,0.0,0.0,0.0,0.0,0.0,0.0,0.0,0.0,0.0,2.3E-22,0.0,4.001,0.001848,0.01539,0.0,0.01654,0.008959,0.7643,0.177,0.01462,0.0,0.0,0.0,0.0,0.0,0.0,0.0,0.0,0.0,0.0,0.0,0.0,0.0,0.0,0.0,0.0,0.0,0.0,0.0,0.0,0.0,0.0,0.0,0.0,0.0,0.0,0.0,0.0,0.0,0.0,0.0,0.0,0.0,0.0,0.0,0.0,0.0,0.0,0.0,0.0,0.0,0.0,0.0,0.0,0.0,0.0,1.0E-4,18640.0,9.551999999999999E25,5913.0,1243.0,81.54,202600.0,673.0,812.8,12410.0,4072.0,2417.0,0.3167,7.151E-4,55.89,182.2,4.891,3.315,0.08566,0.03388,3.816,1.069,0.3055,0.004054,294.9,144.8,28.41,0.3864,1.878E-5,3.282E-4,1.074E-4,0.01617,0.004466,7.919E-4,19.42,1622.0,1.561,5.631,5.745,0.3159,0.1259,0.03442,3.74,0.9603,0.2113,0.0,0.0,0.0,0.0,0.0,0.0,0.0,0.0,0.0,0.0,0.0,0.4509,269.6,2.534,0.4256,0.06865,1.096,0.286,0.03892,2.889,0.7679,0.2945,6.57E-6,1352.0,7.986E-4,7.32E-5,5.661E-6,1.125E-4,3.659E-6,7.45E-7,3.429E-5,9.464E-6,4.668E-6,
0.0,0.0,0.0,0.0,0.0,0.0,0.0,0.0,0.0,0.0,0.0,0.0,0.0,0.0,0.0,0.0,0.0,0.0,0.0,0.0,0.0,0.0,2.8E-6,0.001843,0.07569,3.018,1.224,0.01596,1.483E-6,2.881E-4,4.616E-5,0.02024,0.004404,3.998E-4,0.0,0.0,0.0,0.0,0.0,0.0,0.0,0.0,0.0,0.0,0.0,0.0,0.0,0.0,0.0,0.0,0.0,0.0,0.0,0.0,0.0,0.0,2.3E-22,0.0,4.001,0.001848,0.01539,0.0,0.01654,0.008959,0.7643,0.177,0.01462,0.0,0.0,0.0,0.0,0.0,0.0,0.0,0.0,0.0,0.0,0.0,0.0,0.0,0.0,0.0,0.0,0.0,0.0,0.0,0.0,0.0,0.0,0.0,0.0,0.0,0.0,0.0,0.0,0.0,0.0,0.0,0.0,0.0,0.0,0.0,0.0,0.0,0.0,0.0,0.0,0.0,0.0,0.0,0.0,0.0,0.0,1.0E-4,18640.0,9.551999999999999E25,5913.0,1243.0,81.54,202600.0,673.0,812.8,12410.0,4072.0,2417.0,0.3167,7.08E-4,55.89,182.2,4.891,3.315,0.08566,0.03388,3.816,1.069,0.3055,0.004054,292.0,144.8,28.41,0.3864,1.878E-5,3.282E-4,1.074E-4,0.01617,0.004466,7.919E-4,19.42,1625.0,1.561,5.631,5.745,0.3159,0.1259,0.03442,3.74,0.9603,0.2113,0.0,0.0,0.0,0.0,0.0,0.0,0.0,0.0,0.0,0.0,0.0,0.4509,269.6,2.534,0.4256,0.06865,1.096,0.286,0.03892,2.889,0.7679,0.2945,6.57E-6,1355.0,7.986E-4,7.32E-5,5.661E-6,1.125E-4,3.659E-6,7.45E-7,3.429E-5,9.464E-6,4.668E-6,
0.0,0.0,0.0,0.0,0.0,0.0,0.0,0.0,0.0,0.0,0.0,0.0,0.0,0.0,0.0,0.0,0.0,0.0,0.0,0.0,0.0,0.0,2.8E-6,0.001843,0.07585,3.018,1.224,0.01596,1.483E-6,2.881E-4,4.616E-5,0.02024,0.004404,3.998E-4,0.0,0.0,0.0,0.0,0.0,0.0,0.0,0.0,0.0,0.0,0.0,0.0,0.0,0.0,0.0,0.0,0.0,0.0,0.0,0.0,0.0,0.0,2.3E-22,0.0,4.001,0.001848,0.01539,0.0,0.01654,0.008959,0.7643,0.177,0.01462,0.0,0.0,0.0,0.0,0.0,0.0,0.0,0.0,0.0,0.0,0.0,0.0,0.0,0.0,0.0,0.0,0.0,0.0,0.0,0.0,0.0,0.0,0.0,0.0,0.0,0.0,0.0,0.0,0.0,0.0,0.0,0.0,0.0,0.0,0.0,0.0,0.0,0.0,0.0,0.0,0.0,0.0,0.0,0.0,0.0,0.0,1.0E-4,18640.0,9.551999999999999E25,5913.0,1243.0,81.54,202600.0,673.0,812.8,12410.0,4072.0,2417.0,0.3167,7.01E-4,55.89,182.2,4.891,3.315,0.08566,0.03388,3.816,1.069,0.3055,0.004054,289.1,144.8,28.41,0.3864,1.878E-5,3.282E-4,1.074E-4,0.01617,0.004466,7.919E-4,19.42,1628.0,1.561,5.631,5.745,0.3159,0.1259,0.03442,3.74,0.9603,0.2113,0.0,0.0,0.0,0.0,0.0,0.0,0.0,0.0,0.0,0.0,0.0,0.4509,269.6,2.534,0.4256,0.06865,1.096,0.286,0.03892,2.889,0.7679,0.2945,6.57E-6,1358.0,7.986E-4,7.32E-5,5.661E-6,1.125E-4,3.659E-6,7.45E-7,3.429E-5,9.464E-6,4.668E-6,
0.0,0.0,0.0,0.0,0.0,0.0,0.0,0.0,0.0,0.0,0.0,0.0,0.0,0.0,0.0,0.0,0.0,0.0,0.0,0.0,0.0,0.0,2.8E-6,0.001843,0.07601,3.018,1.224,0.01596,1.483E-6,2.881E-4,4.616E-5,0.02024,0.004404,3.998E-4,0.0,0.0,0.0,0.0,0.0,0.0,0.0,0.0,0.0,0.0,0.0,0.0,0.0,0.0,0.0,0.0,0.0,0.0,0.0,0.0,0.0,0.0,2.3E-22,0.0,4.001,0.001848,0.01539,0.0,0.01654,0.008959,0.7643,0.177,0.01462,0.0,0.0,0.0,0.0,0.0,0.0,0.0,0.0,0.0,0.0,0.0,0.0,0.0,0.0,0.0,0.0,0.0,0.0,0.0,0.0,0.0,0.0,0.0,0.0,0.0,0.0,0.0,0.0,0.0,0.0,0.0,0.0,0.0,0.0,0.0,0.0,0.0,0.0,0.0,0.0,0.0,0.0,0.0,0.0,0.0,0.0,1.0E-4,18640.0,9.551999999999999E25,5913.0,1243.0,81.54,202600.0,673.0,812.8,12410.0,4072.0,2417.0,0.3167,6.94E-4,55.89,182.2,4.891,3.315,0.08566,0.03388,3.816,1.069,0.3055,0.004054,286.2,144.8,28.41,0.3864,1.878E-5,3.282E-4,1.074E-4,0.01617,0.004466,7.919E-4,19.42,1631.0,1.561,5.631,5.745,0.3159,0.1259,0.03442,3.74,0.9603,0.2113,0.0,0.0,0.0,0.0,0.0,0.0,0.0,0.0,0.0,0.0,0.0,0.4509,269.6,2.534,0.4256,0.06865,1.096,0.286,0.03892,2.889,0.7679,0.2945,6.57E-6,1361.0,7.986E-4,7.32E-5,5.661E-6,1.125E-4,3.659E-6,7.45E-7,3.429E-5,9.464E-6,4.668E-6,
0.0,0.0,0.0,0.0,0.0,0.0,0.0,0.0,0.0,0.0,0.0,0.0,0.0,0.0,0.0,0.0,0.0,0.0,0.0,0.0,0.0,0.0,2.8E-6,0.001843,0.07617,3.018,1.224,0.01596,1.483E-6,2.881E-4,4.616E-5,0.02024,0.004404,3.998E-4,0.0,0.0,0.0,0.0,0.0,0.0,0.0,0.0,0.0,0.0,0.0,0.0,0.0,0.0,0.0,0.0,0.0,0.0,0.0,0.0,0.0,0.0,2.3E-22,0.0,4.001,0.001848,0.01539,0.0,0.01654,0.008959,0.7643,0.177,0.01462,0.0,0.0,0.0,0.0,0.0,0.0,0.0,0.0,0.0,0.0,0.0,0.0,0.0,0.0,0.0,0.0,0.0,0.0,0.0,0.0,0.0,0.0,0.0,0.0,0.0,0.0,0.0,0.0,0.0,0.0,0.0,0.0,0.0,0.0,0.0,0.0,0.0,0.0,0.0,0.0,0.0,0.0,0.0,0.0,0.0,0.0,1.0E-4,18640.0,9.551999999999999E25,5913.0,1243.0,81.54,202600.0,673.0,812.8,12410.0,4072.0,2417.0,0.3167,6.871E-4,55.89,182.2,4.891,3.315,0.08566,0.03388,3.816,1.069,0.3055,0.004054,283.4,144.8,28.41,0.3864,1.878E-5,3.282E-4,1.074E-4,0.01617,0.004466,7.919E-4,19.42,1633.0,1.561,5.631,5.745,0.3159,0.1259,0.03442,3.74,0.9603,0.2113,0.0,0.0,0.0,0.0,0.0,0.0,0.0,0.0,0.0,0.0,0.0,0.4509,269.6,2.534,0.4256,0.06865,1.096,0.286,0.03892,2.889,0.7679,0.2945,6.57E-6,1364.0,7.986E-4,7.32E-5,5.661E-6,1.125E-4,3.659E-6,7.45E-7,3.429E-5,9.464E-6,4.668E-6,
0.0,0.0,0.0,0.0,0.0,0.0,0.0,0.0,0.0,0.0,0.0,0.0,0.0,0.0,0.0,0.0,0.0,0.0,0.0,0.0,0.0,0.0,2.8E-6,0.001843,0.07633,3.018,1.224,0.01596,1.483E-6,2.881E-4,4.616E-5,0.02024,0.004404,3.998E-4,0.0,0.0,0.0,0.0,0.0,0.0,0.0,0.0,0.0,0.0,0.0,0.0,0.0,0.0,0.0,0.0,0.0,0.0,0.0,0.0,0.0,0.0,2.3E-22,0.0,4.001,0.001848,0.01539,0.0,0.01654,0.008959,0.7643,0.177,0.01462,0.0,0.0,0.0,0.0,0.0,0.0,0.0,0.0,0.0,0.0,0.0,0.0,0.0,0.0,0.0,0.0,0.0,0.0,0.0,0.0,0.0,0.0,0.0,0.0,0.0,0.0,0.0,0.0,0.0,0.0,0.0,0.0,0.0,0.0,0.0,0.0,0.0,0.0,0.0,0.0,0.0,0.0,0.0,0.0,0.0,0.0,1.0E-4,18640.0,9.551999999999999E25,5913.0,1243.0,81.54,202600.0,673.0,812.8,12410.0,4072.0,2417.0,0.3167,6.803E-4,55.89,182.2,4.891,3.315,0.08566,0.03388,3.816,1.069,0.3055,0.004054,280.5,144.8,28.41,0.3864,1.878E-5,3.282E-4,1.074E-4,0.01617,0.004466,7.919E-4,19.42,1636.0,1.561,5.631,5.745,0.3159,0.1259,0.03442,3.74,0.9603,0.2113,0.0,0.0,0.0,0.0,0.0,0.0,0.0,0.0,0.0,0.0,0.0,0.4509,269.6,2.534,0.4256,0.06865,1.096,0.286,0.03892,2.889,0.7679,0.2945,6.57E-6,1367.0,7.986E-4,7.32E-5,5.661E-6,1.125E-4,3.659E-6,7.45E-7,3.429E-5,9.464E-6,4.668E-6,
0.0,0.0,0.0,0.0,0.0,0.0,0.0,0.0,0.0,0.0,0.0,0.0,0.0,0.0,0.0,0.0,0.0,0.0,0.0,0.0,0.0,0.0,2.8E-6,0.001843,0.07649,3.018,1.224,0.01596,1.483E-6,2.881E-4,4.616E-5,0.02024,0.004404,3.998E-4,0.0,0.0,0.0,0.0,0.0,0.0,0.0,0.0,0.0,0.0,0.0,0.0,0.0,0.0,0.0,0.0,0.0,0.0,0.0,0.0,0.0,0.0,2.3E-22,0.0,4.001,0.001848,0.01539,0.0,0.01654,0.008959,0.7643,0.177,0.01462,0.0,0.0,0.0,0.0,0.0,0.0,0.0,0.0,0.0,0.0,0.0,0.0,0.0,0.0,0.0,0.0,0.0,0.0,0.0,0.0,0.0,0.0,0.0,0.0,0.0,0.0,0.0,0.0,0.0,0.0,0.0,0.0,0.0,0.0,0.0,0.0,0.0,0.0,0.0,0.0,0.0,0.0,0.0,0.0,0.0,0.0,1.0E-4,18640.0,9.551999999999999E25,5913.0,1243.0,81.54,202600.0,673.0,812.8,12410.0,4072.0,2417.0,0.3167,6.735E-4,55.89,182.2,4.891,3.315,0.08566,0.03388,3.816,1.069,0.3055,0.004054,277.7,144.8,28.41,0.3864,1.878E-5,3.282E-4,1.074E-4,0.01617,0.004466,7.919E-4,19.42,1639.0,1.561,5.631,5.745,0.3159,0.1259,0.03442,3.74,0.9603,0.2113,0.0,0.0,0.0,0.0,0.0,0.0,0.0,0.0,0.0,0.0,0.0,0.4509,269.6,2.534,0.4256,0.06865,1.096,0.286,0.03892,2.889,0.7679,0.2945,6.57E-6,1369.0,7.986E-4,7.32E-5,5.661E-6,1.125E-4,3.659E-6,7.45E-7,3.429E-5,9.464E-6,4.668E-6,
0.0,0.0,0.0,0.0,0.0,0.0,0.0,0.0,0.0,0.0,0.0,0.0,0.0,0.0,0.0,0.0,0.0,0.0,0.0,0.0,0.0,0.0,2.8E-6,0.001843,0.07664,3.018,1.224,0.01596,1.483E-6,2.881E-4,4.616E-5,0.02024,0.004404,3.998E-4,0.0,0.0,0.0,0.0,0.0,0.0,0.0,0.0,0.0,0.0,0.0,0.0,0.0,0.0,0.0,0.0,0.0,0.0,0.0,0.0,0.0,0.0,2.3E-22,0.0,4.001,0.001848,0.01539,0.0,0.01654,0.008959,0.7643,0.177,0.01462,0.0,0.0,0.0,0.0,0.0,0.0,0.0,0.0,0.0,0.0,0.0,0.0,0.0,0.0,0.0,0.0,0.0,0.0,0.0,0.0,0.0,0.0,0.0,0.0,0.0,0.0,0.0,0.0,0.0,0.0,0.0,0.0,0.0,0.0,0.0,0.0,0.0,0.0,0.0,0.0,0.0,0.0,0.0,0.0,0.0,0.0,1.0E-4,18640.0,9.551999999999999E25,5913.0,1243.0,81.54,202600.0,673.0,812.8,12410.0,4072.0,2417.0,0.3167,6.668E-4,55.89,182.2,4.891,3.315,0.08566,0.03388,3.816,1.069,0.3055,0.004054,275.0,144.8,28.41,0.3864,1.878E-5,3.282E-4,1.074E-4,0.01617,0.004466,7.919E-4,19.42,1642.0,1.561,5.631,5.745,0.3159,0.1259,0.03442,3.74,0.9603,0.2113,0.0,0.0,0.0,0.0,0.0,0.0,0.0,0.0,0.0,0.0,0.0,0.4509,269.6,2.534,0.4256,0.06865,1.096,0.286,0.03892,2.889,0.7679,0.2945,6.57E-6,1372.0,7.986E-4,7.32E-5,5.661E-6,1.125E-4,3.659E-6,7.45E-7,3.429E-5,9.464E-6,4.668E-6,
0.0,0.0,0.0,0.0,0.0,0.0,0.0,0.0,0.0,0.0,0.0,0.0,0.0,0.0,0.0,0.0,0.0,0.0,0.0,0.0,0.0,0.0,2.8E-6,0.001843,0.07679,3.018,1.224,0.01596,1.483E-6,2.881E-4,4.616E-5,0.02024,0.004404,3.998E-4,0.0,0.0,0.0,0.0,0.0,0.0,0.0,0.0,0.0,0.0,0.0,0.0,0.0,0.0,0.0,0.0,0.0,0.0,0.0,0.0,0.0,0.0,2.3E-22,0.0,4.001,0.001848,0.01539,0.0,0.01654,0.008959,0.7643,0.177,0.01462,0.0,0.0,0.0,0.0,0.0,0.0,0.0,0.0,0.0,0.0,0.0,0.0,0.0,0.0,0.0,0.0,0.0,0.0,0.0,0.0,0.0,0.0,0.0,0.0,0.0,0.0,0.0,0.0,0.0,0.0,0.0,0.0,0.0,0.0,0.0,0.0,0.0,0.0,0.0,0.0,0.0,0.0,0.0,0.0,0.0,0.0,1.0E-4,18640.0,9.551999999999999E25,5913.0,1243.0,81.54,202600.0,673.0,812.8,12410.0,4072.0,2417.0,0.3167,6.602E-4,55.89,182.2,4.891,3.315,0.08566,0.03388,3.816,1.069,0.3055,0.004054,272.2,144.8,28.41,0.3864,1.878E-5,3.282E-4,1.074E-4,0.01617,0.004466,7.919E-4,19.42,1645.0,1.561,5.631,5.745,0.3159,0.1259,0.03442,3.74,0.9603,0.2113,0.0,0.0,0.0,0.0,0.0,0.0,0.0,0.0,0.0,0.0,0.0,0.4509,269.6,2.534,0.4256,0.06865,1.096,0.286,0.03892,2.889,0.7679,0.2945,6.57E-6,1375.0,7.986E-4,7.32E-5,5.661E-6,1.125E-4,3.659E-6,7.45E-7,3.429E-5,9.464E-6,4.668E-6,
0.0,0.0,0.0,0.0,0.0,0.0,0.0,0.0,0.0,0.0,0.0,0.0,0.0,0.0,0.0,0.0,0.0,0.0,0.0,0.0,0.0,0.0,2.8E-6,0.001843,0.07694,3.018,1.224,0.01596,1.483E-6,2.881E-4,4.616E-5,0.02024,0.004404,3.998E-4,0.0,0.0,0.0,0.0,0.0,0.0,0.0,0.0,0.0,0.0,0.0,0.0,0.0,0.0,0.0,0.0,0.0,0.0,0.0,0.0,0.0,0.0,2.3E-22,0.0,4.001,0.001848,0.01539,0.0,0.01654,0.008959,0.7643,0.177,0.01462,0.0,0.0,0.0,0.0,0.0,0.0,0.0,0.0,0.0,0.0,0.0,0.0,0.0,0.0,0.0,0.0,0.0,0.0,0.0,0.0,0.0,0.0,0.0,0.0,0.0,0.0,0.0,0.0,0.0,0.0,0.0,0.0,0.0,0.0,0.0,0.0,0.0,0.0,0.0,0.0,0.0,0.0,0.0,0.0,0.0,0.0,1.0E-4,18640.0,9.551999999999999E25,5913.0,1243.0,81.54,202600.0,673.0,812.8,12410.0,4072.0,2417.0,0.3167,6.536E-4,55.89,182.2,4.891,3.315,0.08566,0.03388,3.816,1.069,0.3055,0.004054,269.5,144.8,28.41,0.3864,1.878E-5,3.282E-4,1.074E-4,0.01617,0.004466,7.919E-4,19.42,1647.0,1.561,5.631,5.745,0.3159,0.1259,0.03442,3.74,0.9603,0.2113,0.0,0.0,0.0,0.0,0.0,0.0,0.0,0.0,0.0,0.0,0.0,0.4509,269.6,2.534,0.4256,0.06865,1.096,0.286,0.03892,2.889,0.7679,0.2945,6.57E-6,1378.0,7.986E-4,7.32E-5,5.661E-6,1.125E-4,3.659E-6,7.45E-7,3.429E-5,9.464E-6,4.668E-6,
0.0,0.0,0.0,0.0,0.0,0.0,0.0,0.0,0.0,0.0,0.0,0.0,0.0,0.0,0.0,0.0,0.0,0.0,0.0,0.0,0.0,0.0,2.8E-6,0.001843,0.07709,3.018,1.224,0.01596,1.483E-6,2.881E-4,4.616E-5,0.02024,0.004404,3.998E-4,0.0,0.0,0.0,0.0,0.0,0.0,0.0,0.0,0.0,0.0,0.0,0.0,0.0,0.0,0.0,0.0,0.0,0.0,0.0,0.0,0.0,0.0,2.3E-22,0.0,4.001,0.001848,0.01539,0.0,0.01654,0.008959,0.7643,0.177,0.01462,0.0,0.0,0.0,0.0,0.0,0.0,0.0,0.0,0.0,0.0,0.0,0.0,0.0,0.0,0.0,0.0,0.0,0.0,0.0,0.0,0.0,0.0,0.0,0.0,0.0,0.0,0.0,0.0,0.0,0.0,0.0,0.0,0.0,0.0,0.0,0.0,0.0,0.0,0.0,0.0,0.0,0.0,0.0,0.0,0.0,0.0,1.0E-4,18640.0,9.551999999999999E25,5913.0,1243.0,81.54,202600.0,673.0,812.8,12410.0,4072.0,2417.0,0.3167,6.471E-4,55.89,182.2,4.891,3.315,0.08566,0.03388,3.816,1.069,0.3055,0.004054,266.9,144.8,28.41,0.3864,1.878E-5,3.282E-4,1.074E-4,0.01617,0.004466,7.919E-4,19.42,1650.0,1.561,5.631,5.745,0.3159,0.1259,0.03442,3.74,0.9603,0.2113,0.0,0.0,0.0,0.0,0.0,0.0,0.0,0.0,0.0,0.0,0.0,0.4509,269.6,2.534,0.4256,0.06865,1.096,0.286,0.03892,2.889,0.7679,0.2945,6.57E-6,1380.0,7.986E-4,7.32E-5,5.661E-6,1.125E-4,3.659E-6,7.45E-7,3.429E-5,9.464E-6,4.668E-6,
0.0,0.0,0.0,0.0,0.0,0.0,0.0,0.0,0.0,0.0,0.0,0.0,0.0,0.0,0.0,0.0,0.0,0.0,0.0,0.0,0.0,0.0,2.8E-6,0.001843,0.07724,3.018,1.224,0.01596,1.483E-6,2.881E-4,4.616E-5,0.02024,0.004404,3.998E-4,0.0,0.0,0.0,0.0,0.0,0.0,0.0,0.0,0.0,0.0,0.0,0.0,0.0,0.0,0.0,0.0,0.0,0.0,0.0,0.0,0.0,0.0,2.3E-22,0.0,4.001,0.001848,0.01539,0.0,0.01654,0.008959,0.7643,0.177,0.01462,0.0,0.0,0.0,0.0,0.0,0.0,0.0,0.0,0.0,0.0,0.0,0.0,0.0,0.0,0.0,0.0,0.0,0.0,0.0,0.0,0.0,0.0,0.0,0.0,0.0,0.0,0.0,0.0,0.0,0.0,0.0,0.0,0.0,0.0,0.0,0.0,0.0,0.0,0.0,0.0,0.0,0.0,0.0,0.0,0.0,0.0,1.0E-4,18640.0,9.551999999999999E25,5913.0,1243.0,81.54,202600.0,673.0,812.8,12410.0,4072.0,2417.0,0.3167,6.406E-4,55.89,182.2,4.891,3.315,0.08566,0.03388,3.816,1.069,0.3055,0.004054,264.2,144.8,28.41,0.3864,1.878E-5,3.282E-4,1.074E-4,0.01617,0.004466,7.919E-4,19.42,1653.0,1.561,5.631,5.745,0.3159,0.1259,0.03442,3.74,0.9603,0.2113,0.0,0.0,0.0,0.0,0.0,0.0,0.0,0.0,0.0,0.0,0.0,0.4509,269.6,2.534,0.4256,0.06865,1.096,0.286,0.03892,2.889,0.7679,0.2945,6.57E-6,1383.0,7.986E-4,7.32E-5,5.661E-6,1.125E-4,3.659E-6,7.45E-7,3.429E-5,9.464E-6,4.668E-6,
0.0,0.0,0.0,0.0,0.0,0.0,0.0,0.0,0.0,0.0,0.0,0.0,0.0,0.0,0.0,0.0,0.0,0.0,0.0,0.0,0.0,0.0,2.8E-6,0.001843,0.07739,3.018,1.224,0.01596,1.483E-6,2.881E-4,4.616E-5,0.02024,0.004404,3.998E-4,0.0,0.0,0.0,0.0,0.0,0.0,0.0,0.0,0.0,0.0,0.0,0.0,0.0,0.0,0.0,0.0,0.0,0.0,0.0,0.0,0.0,0.0,2.3E-22,0.0,4.001,0.001848,0.01539,0.0,0.01654,0.008959,0.7643,0.177,0.01462,0.0,0.0,0.0,0.0,0.0,0.0,0.0,0.0,0.0,0.0,0.0,0.0,0.0,0.0,0.0,0.0,0.0,0.0,0.0,0.0,0.0,0.0,0.0,0.0,0.0,0.0,0.0,0.0,0.0,0.0,0.0,0.0,0.0,0.0,0.0,0.0,0.0,0.0,0.0,0.0,0.0,0.0,0.0,0.0,0.0,0.0,1.0E-4,18640.0,9.551999999999999E25,5913.0,1243.0,81.54,202600.0,673.0,812.8,12410.0,4072.0,2417.0,0.3167,6.343E-4,55.89,182.2,4.891,3.315,0.08566,0.03388,3.816,1.069,0.3055,0.004054,261.6,144.8,28.41,0.3864,1.878E-5,3.282E-4,1.074E-4,0.01617,0.004466,7.919E-4,19.42,1655.0,1.561,5.631,5.745,0.3159,0.1259,0.03442,3.74,0.9603,0.2113,0.0,0.0,0.0,0.0,0.0,0.0,0.0,0.0,0.0,0.0,0.0,0.4509,269.6,2.534,0.4256,0.06865,1.096,0.286,0.03892,2.889,0.7679,0.2945,6.57E-6,1385.0,7.986E-4,7.32E-5,5.661E-6,1.125E-4,3.659E-6,7.45E-7,3.429E-5,9.464E-6,4.668E-6,
0.0,0.0,0.0,0.0,0.0,0.0,0.0,0.0,0.0,0.0,0.0,0.0,0.0,0.0,0.0,0.0,0.0,0.0,0.0,0.0,0.0,0.0,2.8E-6,0.001843,0.07754,3.018,1.224,0.01596,1.483E-6,2.881E-4,4.616E-5,0.02024,0.004404,3.998E-4,0.0,0.0,0.0,0.0,0.0,0.0,0.0,0.0,0.0,0.0,0.0,0.0,0.0,0.0,0.0,0.0,0.0,0.0,0.0,0.0,0.0,0.0,2.3E-22,0.0,4.001,0.001848,0.01539,0.0,0.01654,0.008959,0.7643,0.177,0.01462,0.0,0.0,0.0,0.0,0.0,0.0,0.0,0.0,0.0,0.0,0.0,0.0,0.0,0.0,0.0,0.0,0.0,0.0,0.0,0.0,0.0,0.0,0.0,0.0,0.0,0.0,0.0,0.0,0.0,0.0,0.0,0.0,0.0,0.0,0.0,0.0,0.0,0.0,0.0,0.0,0.0,0.0,0.0,0.0,0.0,0.0,1.0E-4,18640.0,9.551999999999999E25,5913.0,1243.0,81.54,202600.0,673.0,812.8,12410.0,4072.0,2417.0,0.3167,6.28E-4,55.89,182.2,4.891,3.315,0.08566,0.03388,3.816,1.069,0.3055,0.004054,259.0,144.8,28.41,0.3864,1.878E-5,3.282E-4,1.074E-4,0.01617,0.004466,7.919E-4,19.42,1658.0,1.561,5.631,5.745,0.3159,0.1259,0.03442,3.74,0.9603,0.2113,0.0,0.0,0.0,0.0,0.0,0.0,0.0,0.0,0.0,0.0,0.0,0.4509,269.6,2.534,0.4256,0.06865,1.096,0.286,0.03892,2.889,0.7679,0.2945,6.57E-6,1388.0,7.986E-4,7.32E-5,5.661E-6,1.125E-4,3.659E-6,7.45E-7,3.429E-5,9.464E-6,4.668E-6,
0.0,0.0,0.0,0.0,0.0,0.0,0.0,0.0,0.0,0.0,0.0,0.0,0.0,0.0,0.0,0.0,0.0,0.0,0.0,0.0,0.0,0.0,2.8E-6,0.001843,0.07768,3.018,1.224,0.01596,1.483E-6,2.881E-4,4.616E-5,0.02024,0.004404,3.998E-4,0.0,0.0,0.0,0.0,0.0,0.0,0.0,0.0,0.0,0.0,0.0,0.0,0.0,0.0,0.0,0.0,0.0,0.0,0.0,0.0,0.0,0.0,2.3E-22,0.0,4.001,0.001848,0.01539,0.0,0.01654,0.008959,0.7643,0.177,0.01462,0.0,0.0,0.0,0.0,0.0,0.0,0.0,0.0,0.0,0.0,0.0,0.0,0.0,0.0,0.0,0.0,0.0,0.0,0.0,0.0,0.0,0.0,0.0,0.0,0.0,0.0,0.0,0.0,0.0,0.0,0.0,0.0,0.0,0.0,0.0,0.0,0.0,0.0,0.0,0.0,0.0,0.0,0.0,0.0,0.0,0.0,1.0E-4,18640.0,9.551999999999999E25,5913.0,1243.0,81.54,202600.0,673.0,812.8,12410.0,4072.0,2417.0,0.3167,6.217E-4,55.89,182.2,4.891,3.315,0.08566,0.03388,3.816,1.069,0.3055,0.004054,256.4,144.8,28.41,0.3864,1.878E-5,3.282E-4,1.074E-4,0.01617,0.004466,7.919E-4,19.42,1660.0,1.561,5.631,5.745,0.3159,0.1259,0.03442,3.74,0.9603,0.2113,0.0,0.0,0.0,0.0,0.0,0.0,0.0,0.0,0.0,0.0,0.0,0.4509,269.6,2.534,0.4256,0.06865,1.096,0.286,0.03892,2.889,0.7679,0.2945,6.57E-6,1391.0,7.986E-4,7.32E-5,5.661E-6,1.125E-4,3.659E-6,7.45E-7,3.429E-5,9.464E-6,4.668E-6,
0.0,0.0,0.0,0.0,0.0,0.0,0.0,0.0,0.0,0.0,0.0,0.0,0.0,0.0,0.0,0.0,0.0,0.0,0.0,0.0,0.0,0.0,2.8E-6,0.001843,0.07782,3.018,1.224,0.01596,1.483E-6,2.881E-4,4.616E-5,0.02024,0.004404,3.998E-4,0.0,0.0,0.0,0.0,0.0,0.0,0.0,0.0,0.0,0.0,0.0,0.0,0.0,0.0,0.0,0.0,0.0,0.0,0.0,0.0,0.0,0.0,2.3E-22,0.0,4.001,0.001848,0.01539,0.0,0.01654,0.008959,0.7643,0.177,0.01462,0.0,0.0,0.0,0.0,0.0,0.0,0.0,0.0,0.0,0.0,0.0,0.0,0.0,0.0,0.0,0.0,0.0,0.0,0.0,0.0,0.0,0.0,0.0,0.0,0.0,0.0,0.0,0.0,0.0,0.0,0.0,0.0,0.0,0.0,0.0,0.0,0.0,0.0,0.0,0.0,0.0,0.0,0.0,0.0,0.0,0.0,1.0E-4,18640.0,9.551999999999999E25,5913.0,1243.0,81.54,202600.0,673.0,812.8,12410.0,4072.0,2417.0,0.3167,6.155E-4,55.89,182.2,4.891,3.315,0.08566,0.03388,3.816,1.069,0.3055,0.004054,253.8,144.8,28.41,0.3864,1.878E-5,3.282E-4,1.074E-4,0.01617,0.004466,7.919E-4,19.42,1663.0,1.561,5.631,5.745,0.3159,0.1259,0.03442,3.74,0.9603,0.2113,0.0,0.0,0.0,0.0,0.0,0.0,0.0,0.0,0.0,0.0,0.0,0.4509,269.6,2.534,0.4256,0.06865,1.096,0.286,0.03892,2.889,0.7679,0.2945,6.57E-6,1393.0,7.986E-4,7.32E-5,5.661E-6,1.125E-4,3.659E-6,7.45E-7,3.429E-5,9.464E-6,4.668E-6,
0.0,0.0,0.0,0.0,0.0,0.0,0.0,0.0,0.0,0.0,0.0,0.0,0.0,0.0,0.0,0.0,0.0,0.0,0.0,0.0,0.0,0.0,2.8E-6,0.001843,0.07796,3.018,1.224,0.01596,1.483E-6,2.881E-4,4.616E-5,0.02024,0.004404,3.998E-4,0.0,0.0,0.0,0.0,0.0,0.0,0.0,0.0,0.0,0.0,0.0,0.0,0.0,0.0,0.0,0.0,0.0,0.0,0.0,0.0,0.0,0.0,2.3E-22,0.0,4.001,0.001848,0.01539,0.0,0.01654,0.008959,0.7643,0.177,0.01462,0.0,0.0,0.0,0.0,0.0,0.0,0.0,0.0,0.0,0.0,0.0,0.0,0.0,0.0,0.0,0.0,0.0,0.0,0.0,0.0,0.0,0.0,0.0,0.0,0.0,0.0,0.0,0.0,0.0,0.0,0.0,0.0,0.0,0.0,0.0,0.0,0.0,0.0,0.0,0.0,0.0,0.0,0.0,0.0,0.0,0.0,1.0E-4,18640.0,9.551999999999999E25,5913.0,1243.0,81.54,202600.0,673.0,812.8,12410.0,4072.0,2417.0,0.3167,6.094E-4,55.89,182.2,4.891,3.315,0.08566,0.03388,3.816,1.069,0.3055,0.004054,251.3,144.8,28.41,0.3864,1.878E-5,3.282E-4,1.074E-4,0.01617,0.004466,7.919E-4,19.42,1665.0,1.561,5.631,5.745,0.3159,0.1259,0.03442,3.74,0.9603,0.2113,0.0,0.0,0.0,0.0,0.0,0.0,0.0,0.0,0.0,0.0,0.0,0.4509,269.6,2.534,0.4256,0.06865,1.096,0.286,0.03892,2.889,0.7679,0.2945,6.57E-6,1396.0,7.986E-4,7.32E-5,5.661E-6,1.125E-4,3.659E-6,7.45E-7,3.429E-5,9.464E-6,4.668E-6,
0.0,0.0,0.0,0.0,0.0,0.0,0.0,0.0,0.0,0.0,0.0,0.0,0.0,0.0,0.0,0.0,0.0,0.0,0.0,0.0,0.0,0.0,2.8E-6,0.001843,0.0781,3.018,1.224,0.01596,1.483E-6,2.881E-4,4.616E-5,0.02024,0.004404,3.998E-4,0.0,0.0,0.0,0.0,0.0,0.0,0.0,0.0,0.0,0.0,0.0,0.0,0.0,0.0,0.0,0.0,0.0,0.0,0.0,0.0,0.0,0.0,2.3E-22,0.0,4.001,0.001848,0.01539,0.0,0.01654,0.008959,0.7643,0.177,0.01462,0.0,0.0,0.0,0.0,0.0,0.0,0.0,0.0,0.0,0.0,0.0,0.0,0.0,0.0,0.0,0.0,0.0,0.0,0.0,0.0,0.0,0.0,0.0,0.0,0.0,0.0,0.0,0.0,0.0,0.0,0.0,0.0,0.0,0.0,0.0,0.0,0.0,0.0,0.0,0.0,0.0,0.0,0.0,0.0,0.0,0.0,1.0E-4,18640.0,9.551999999999999E25,5913.0,1243.0,81.54,202600.0,673.0,812.8,12410.0,4072.0,2417.0,0.3167,6.033E-4,55.89,182.2,4.891,3.315,0.08566,0.03388,3.816,1.069,0.3055,0.004054,248.8,144.8,28.41,0.3864,1.878E-5,3.282E-4,1.074E-4,0.01617,0.004466,7.919E-4,19.42,1668.0,1.561,5.631,5.745,0.3159,0.1259,0.03442,3.74,0.9603,0.2113,0.0,0.0,0.0,0.0,0.0,0.0,0.0,0.0,0.0,0.0,0.0,0.4509,269.6,2.534,0.4256,0.06865,1.096,0.286,0.03892,2.889,0.7679,0.2945,6.57E-6,1398.0,7.986E-4,7.32E-5,5.661E-6,1.125E-4,3.659E-6,7.45E-7,3.429E-5,9.464E-6,4.668E-6,
0.0,0.0,0.0,0.0,0.0,0.0,0.0,0.0,0.0,0.0,0.0,0.0,0.0,0.0,0.0,0.0,0.0,0.0,0.0,0.0,0.0,0.0,2.8E-6,0.001843,0.07824,3.018,1.224,0.01596,1.483E-6,2.881E-4,4.616E-5,0.02024,0.004404,3.998E-4,0.0,0.0,0.0,0.0,0.0,0.0,0.0,0.0,0.0,0.0,0.0,0.0,0.0,0.0,0.0,0.0,0.0,0.0,0.0,0.0,0.0,0.0,2.3E-22,0.0,4.001,0.001848,0.01539,0.0,0.01654,0.008959,0.7643,0.177,0.01462,0.0,0.0,0.0,0.0,0.0,0.0,0.0,0.0,0.0,0.0,0.0,0.0,0.0,0.0,0.0,0.0,0.0,0.0,0.0,0.0,0.0,0.0,0.0,0.0,0.0,0.0,0.0,0.0,0.0,0.0,0.0,0.0,0.0,0.0,0.0,0.0,0.0,0.0,0.0,0.0,0.0,0.0,0.0,0.0,0.0,0.0,1.0E-4,18640.0,9.551999999999999E25,5913.0,1243.0,81.54,202600.0,673.0,812.8,12410.0,4072.0,2417.0,0.3167,5.973E-4,55.89,182.2,4.891,3.315,0.08566,0.03388,3.816,1.069,0.3055,0.004054,246.3,144.8,28.41,0.3864,1.878E-5,3.282E-4,1.074E-4,0.01617,0.004466,7.919E-4,19.42,1670.0,1.561,5.631,5.745,0.3159,0.1259,0.03442,3.74,0.9603,0.2113,0.0,0.0,0.0,0.0,0.0,0.0,0.0,0.0,0.0,0.0,0.0,0.4509,269.6,2.534,0.4256,0.06865,1.096,0.286,0.03892,2.889,0.7679,0.2945,6.57E-6,1401.0,7.986E-4,7.32E-5,5.661E-6,1.125E-4,3.659E-6,7.45E-7,3.429E-5,9.464E-6,4.668E-6,
0.0,0.0,0.0,0.0,0.0,0.0,0.0,0.0,0.0,0.0,0.0,0.0,0.0,0.0,0.0,0.0,0.0,0.0,0.0,0.0,0.0,0.0,2.8E-6,0.001843,0.07838,3.018,1.224,0.01596,1.483E-6,2.881E-4,4.616E-5,0.02024,0.004404,3.998E-4,0.0,0.0,0.0,0.0,0.0,0.0,0.0,0.0,0.0,0.0,0.0,0.0,0.0,0.0,0.0,0.0,0.0,0.0,0.0,0.0,0.0,0.0,2.3E-22,0.0,4.001,0.001848,0.01539,0.0,0.01654,0.008959,0.7643,0.177,0.01462,0.0,0.0,0.0,0.0,0.0,0.0,0.0,0.0,0.0,0.0,0.0,0.0,0.0,0.0,0.0,0.0,0.0,0.0,0.0,0.0,0.0,0.0,0.0,0.0,0.0,0.0,0.0,0.0,0.0,0.0,0.0,0.0,0.0,0.0,0.0,0.0,0.0,0.0,0.0,0.0,0.0,0.0,0.0,0.0,0.0,0.0,1.0E-4,18640.0,9.551999999999999E25,5913.0,1243.0,81.54,202600.0,673.0,812.8,12410.0,4072.0,2417.0,0.3167,5.914E-4,55.89,182.2,4.891,3.315,0.08566,0.03388,3.816,1.069,0.3055,0.004054,243.9,144.8,28.41,0.3864,1.878E-5,3.282E-4,1.074E-4,0.01617,0.004466,7.919E-4,19.42,1673.0,1.561,5.631,5.745,0.3159,0.1259,0.03442,3.74,0.9603,0.2113,0.0,0.0,0.0,0.0,0.0,0.0,0.0,0.0,0.0,0.0,0.0,0.4509,269.6,2.534,0.4256,0.06865,1.096,0.286,0.03892,2.889,0.7679,0.2945,6.57E-6,1403.0,7.986E-4,7.32E-5,5.661E-6,1.125E-4,3.659E-6,7.45E-7,3.429E-5,9.464E-6,4.668E-6,
0.0,0.0,0.0,0.0,0.0,0.0,0.0,0.0,0.0,0.0,0.0,0.0,0.0,0.0,0.0,0.0,0.0,0.0,0.0,0.0,0.0,0.0,2.8E-6,0.001843,0.07851,3.018,1.224,0.01596,1.483E-6,2.881E-4,4.616E-5,0.02024,0.004404,3.998E-4,0.0,0.0,0.0,0.0,0.0,0.0,0.0,0.0,0.0,0.0,0.0,0.0,0.0,0.0,0.0,0.0,0.0,0.0,0.0,0.0,0.0,0.0,2.3E-22,0.0,4.001,0.001848,0.01539,0.0,0.01654,0.008959,0.7643,0.177,0.01462,0.0,0.0,0.0,0.0,0.0,0.0,0.0,0.0,0.0,0.0,0.0,0.0,0.0,0.0,0.0,0.0,0.0,0.0,0.0,0.0,0.0,0.0,0.0,0.0,0.0,0.0,0.0,0.0,0.0,0.0,0.0,0.0,0.0,0.0,0.0,0.0,0.0,0.0,0.0,0.0,0.0,0.0,0.0,0.0,0.0,0.0,1.0E-4,18640.0,9.551999999999999E25,5913.0,1243.0,81.54,202600.0,673.0,812.8,12410.0,4072.0,2417.0,0.3167,5.855E-4,55.89,182.2,4.891,3.315,0.08566,0.03388,3.816,1.069,0.3055,0.004054,241.5,144.8,28.41,0.3864,1.878E-5,3.282E-4,1.074E-4,0.01617,0.004466,7.919E-4,19.42,1675.0,1.561,5.631,5.745,0.3159,0.1259,0.03442,3.74,0.9603,0.2113,0.0,0.0,0.0,0.0,0.0,0.0,0.0,0.0,0.0,0.0,0.0,0.4509,269.6,2.534,0.4256,0.06865,1.096,0.286,0.03892,2.889,0.7679,0.2945,6.57E-6,1406.0,7.986E-4,7.32E-5,5.661E-6,1.125E-4,3.659E-6,7.45E-7,3.429E-5,9.464E-6,4.668E-6,
0.0,0.0,0.0,0.0,0.0,0.0,0.0,0.0,0.0,0.0,0.0,0.0,0.0,0.0,0.0,0.0,0.0,0.0,0.0,0.0,0.0,0.0,2.8E-6,0.001843,0.07865,3.018,1.224,0.01596,1.483E-6,2.881E-4,4.616E-5,0.02024,0.004404,3.998E-4,0.0,0.0,0.0,0.0,0.0,0.0,0.0,0.0,0.0,0.0,0.0,0.0,0.0,0.0,0.0,0.0,0.0,0.0,0.0,0.0,0.0,0.0,2.3E-22,0.0,4.001,0.001848,0.01539,0.0,0.01654,0.008959,0.7643,0.177,0.01462,0.0,0.0,0.0,0.0,0.0,0.0,0.0,0.0,0.0,0.0,0.0,0.0,0.0,0.0,0.0,0.0,0.0,0.0,0.0,0.0,0.0,0.0,0.0,0.0,0.0,0.0,0.0,0.0,0.0,0.0,0.0,0.0,0.0,0.0,0.0,0.0,0.0,0.0,0.0,0.0,0.0,0.0,0.0,0.0,0.0,0.0,1.0E-4,18640.0,9.551999999999999E25,5913.0,1243.0,81.54,202600.0,673.0,812.8,12410.0,4072.0,2417.0,0.3167,5.797E-4,55.89,182.2,4.891,3.315,0.08566,0.03388,3.816,1.069,0.3055,0.004054,239.1,144.8,28.41,0.3864,1.878E-5,3.282E-4,1.074E-4,0.01617,0.004466,7.919E-4,19.42,1678.0,1.561,5.631,5.745,0.3159,0.1259,0.03442,3.74,0.9603,0.2113,0.0,0.0,0.0,0.0,0.0,0.0,0.0,0.0,0.0,0.0,0.0,0.4509,269.6,2.534,0.4256,0.06865,1.096,0.286,0.03892,2.889,0.7679,0.2945,6.57E-6,1408.0,7.986E-4,7.32E-5,5.661E-6,1.125E-4,3.659E-6,7.45E-7,3.429E-5,9.464E-6,4.668E-6,
0.0,0.0,0.0,0.0,0.0,0.0,0.0,0.0,0.0,0.0,0.0,0.0,0.0,0.0,0.0,0.0,0.0,0.0,0.0,0.0,0.0,0.0,2.8E-6,0.001843,0.07878,3.018,1.224,0.01596,1.483E-6,2.881E-4,4.616E-5,0.02024,0.004404,3.998E-4,0.0,0.0,0.0,0.0,0.0,0.0,0.0,0.0,0.0,0.0,0.0,0.0,0.0,0.0,0.0,0.0,0.0,0.0,0.0,0.0,0.0,0.0,2.3E-22,0.0,4.001,0.001848,0.01539,0.0,0.01654,0.008959,0.7643,0.177,0.01462,0.0,0.0,0.0,0.0,0.0,0.0,0.0,0.0,0.0,0.0,0.0,0.0,0.0,0.0,0.0,0.0,0.0,0.0,0.0,0.0,0.0,0.0,0.0,0.0,0.0,0.0,0.0,0.0,0.0,0.0,0.0,0.0,0.0,0.0,0.0,0.0,0.0,0.0,0.0,0.0,0.0,0.0,0.0,0.0,0.0,0.0,1.0E-4,18640.0,9.551999999999999E25,5913.0,1243.0,81.54,202600.0,673.0,812.8,12410.0,4072.0,2417.0,0.3167,5.739E-4,55.89,182.2,4.891,3.315,0.08566,0.03388,3.816,1.069,0.3055,0.004054,236.7,144.8,28.41,0.3864,1.878E-5,3.282E-4,1.074E-4,0.01617,0.004466,7.919E-4,19.42,1680.0,1.561,5.631,5.745,0.3159,0.1259,0.03442,3.74,0.9603,0.2113,0.0,0.0,0.0,0.0,0.0,0.0,0.0,0.0,0.0,0.0,0.0,0.4509,269.6,2.534,0.4256,0.06865,1.096,0.286,0.03892,2.889,0.7679,0.2945,6.57E-6,1410.0,7.986E-4,7.32E-5,5.661E-6,1.125E-4,3.659E-6,7.45E-7,3.429E-5,9.464E-6,4.668E-6,
0.0,0.0,0.0,0.0,0.0,0.0,0.0,0.0,0.0,0.0,0.0,0.0,0.0,0.0,0.0,0.0,0.0,0.0,0.0,0.0,0.0,0.0,2.8E-6,0.001843,0.07891,3.018,1.224,0.01596,1.483E-6,2.881E-4,4.616E-5,0.02024,0.004404,3.998E-4,0.0,0.0,0.0,0.0,0.0,0.0,0.0,0.0,0.0,0.0,0.0,0.0,0.0,0.0,0.0,0.0,0.0,0.0,0.0,0.0,0.0,0.0,2.3E-22,0.0,4.001,0.001848,0.01539,0.0,0.01654,0.008959,0.7643,0.177,0.01462,0.0,0.0,0.0,0.0,0.0,0.0,0.0,0.0,0.0,0.0,0.0,0.0,0.0,0.0,0.0,0.0,0.0,0.0,0.0,0.0,0.0,0.0,0.0,0.0,0.0,0.0,0.0,0.0,0.0,0.0,0.0,0.0,0.0,0.0,0.0,0.0,0.0,0.0,0.0,0.0,0.0,0.0,0.0,0.0,0.0,0.0,1.0E-4,18640.0,9.551999999999999E25,5913.0,1243.0,81.54,202600.0,673.0,812.8,12410.0,4072.0,2417.0,0.3167,5.682E-4,55.89,182.2,4.891,3.315,0.08566,0.03388,3.816,1.069,0.3055,0.004054,234.3,144.8,28.41,0.3864,1.878E-5,3.282E-4,1.074E-4,0.01617,0.004466,7.919E-4,19.42,1682.0,1.561,5.631,5.745,0.3159,0.1259,0.03442,3.74,0.9603,0.2113,0.0,0.0,0.0,0.0,0.0,0.0,0.0,0.0,0.0,0.0,0.0,0.4509,269.6,2.534,0.4256,0.06865,1.096,0.286,0.03892,2.889,0.7679,0.2945,6.57E-6,1413.0,7.986E-4,7.32E-5,5.661E-6,1.125E-4,3.659E-6,7.45E-7,3.429E-5,9.464E-6,4.668E-6,
0.0,0.0,0.0,0.0,0.0,0.0,0.0,0.0,0.0,0.0,0.0,0.0,0.0,0.0,0.0,0.0,0.0,0.0,0.0,0.0,0.0,0.0,2.8E-6,0.001843,0.07904,3.018,1.224,0.01596,1.483E-6,2.881E-4,4.616E-5,0.02024,0.004404,3.998E-4,0.0,0.0,0.0,0.0,0.0,0.0,0.0,0.0,0.0,0.0,0.0,0.0,0.0,0.0,0.0,0.0,0.0,0.0,0.0,0.0,0.0,0.0,2.3E-22,0.0,4.001,0.001848,0.01539,0.0,0.01654,0.008959,0.7643,0.177,0.01462,0.0,0.0,0.0,0.0,0.0,0.0,0.0,0.0,0.0,0.0,0.0,0.0,0.0,0.0,0.0,0.0,0.0,0.0,0.0,0.0,0.0,0.0,0.0,0.0,0.0,0.0,0.0,0.0,0.0,0.0,0.0,0.0,0.0,0.0,0.0,0.0,0.0,0.0,0.0,0.0,0.0,0.0,0.0,0.0,0.0,0.0,1.0E-4,18640.0,9.551999999999999E25,5913.0,1243.0,81.54,202600.0,673.0,812.8,12410.0,4072.0,2417.0,0.3167,5.625E-4,55.89,182.2,4.891,3.315,0.08566,0.03388,3.816,1.069,0.3055,0.004054,232.0,144.8,28.41,0.3864,1.878E-5,3.282E-4,1.074E-4,0.01617,0.004466,7.919E-4,19.42,1685.0,1.561,5.631,5.745,0.3159,0.1259,0.03442,3.74,0.9603,0.2113,0.0,0.0,0.0,0.0,0.0,0.0,0.0,0.0,0.0,0.0,0.0,0.4509,269.6,2.534,0.4256,0.06865,1.096,0.286,0.03892,2.889,0.7679,0.2945,6.57E-6,1415.0,7.986E-4,7.32E-5,5.661E-6,1.125E-4,3.659E-6,7.45E-7,3.429E-5,9.464E-6,4.668E-6,
0.0,0.0,0.0,0.0,0.0,0.0,0.0,0.0,0.0,0.0,0.0,0.0,0.0,0.0,0.0,0.0,0.0,0.0,0.0,0.0,0.0,0.0,2.8E-6,0.001843,0.07917,3.018,1.224,0.01596,1.483E-6,2.881E-4,4.616E-5,0.02024,0.004404,3.998E-4,0.0,0.0,0.0,0.0,0.0,0.0,0.0,0.0,0.0,0.0,0.0,0.0,0.0,0.0,0.0,0.0,0.0,0.0,0.0,0.0,0.0,0.0,2.3E-22,0.0,4.001,0.001848,0.01539,0.0,0.01654,0.008959,0.7643,0.177,0.01462,0.0,0.0,0.0,0.0,0.0,0.0,0.0,0.0,0.0,0.0,0.0,0.0,0.0,0.0,0.0,0.0,0.0,0.0,0.0,0.0,0.0,0.0,0.0,0.0,0.0,0.0,0.0,0.0,0.0,0.0,0.0,0.0,0.0,0.0,0.0,0.0,0.0,0.0,0.0,0.0,0.0,0.0,0.0,0.0,0.0,0.0,1.0E-4,18640.0,9.551999999999999E25,5913.0,1243.0,81.54,202600.0,673.0,812.8,12410.0,4072.0,2417.0,0.3167,5.569E-4,55.89,182.2,4.891,3.315,0.08566,0.03388,3.816,1.069,0.3055,0.004054,229.7,144.8,28.41,0.3864,1.878E-5,3.282E-4,1.074E-4,0.01617,0.004466,7.919E-4,19.42,1687.0,1.561,5.631,5.745,0.3159,0.1259,0.03442,3.74,0.9603,0.2113,0.0,0.0,0.0,0.0,0.0,0.0,0.0,0.0,0.0,0.0,0.0,0.4509,269.6,2.534,0.4256,0.06865,1.096,0.286,0.03892,2.889,0.7679,0.2945,6.57E-6,1417.0,7.986E-4,7.32E-5,5.661E-6,1.125E-4,3.659E-6,7.45E-7,3.429E-5,9.464E-6,4.668E-6,
0.0,0.0,0.0,0.0,0.0,0.0,0.0,0.0,0.0,0.0,0.0,0.0,0.0,0.0,0.0,0.0,0.0,0.0,0.0,0.0,0.0,0.0,2.8E-6,0.001843,0.0793,3.018,1.224,0.01596,1.483E-6,2.881E-4,4.616E-5,0.02024,0.004404,3.998E-4,0.0,0.0,0.0,0.0,0.0,0.0,0.0,0.0,0.0,0.0,0.0,0.0,0.0,0.0,0.0,0.0,0.0,0.0,0.0,0.0,0.0,0.0,2.3E-22,0.0,4.001,0.001848,0.01539,0.0,0.01654,0.008959,0.7643,0.177,0.01462,0.0,0.0,0.0,0.0,0.0,0.0,0.0,0.0,0.0,0.0,0.0,0.0,0.0,0.0,0.0,0.0,0.0,0.0,0.0,0.0,0.0,0.0,0.0,0.0,0.0,0.0,0.0,0.0,0.0,0.0,0.0,0.0,0.0,0.0,0.0,0.0,0.0,0.0,0.0,0.0,0.0,0.0,0.0,0.0,0.0,0.0,1.0E-4,18640.0,9.551999999999999E25,5913.0,1243.0,81.54,202600.0,673.0,812.8,12410.0,4072.0,2417.0,0.3167,5.514E-4,55.89,182.2,4.891,3.315,0.08566,0.03388,3.816,1.069,0.3055,0.004054,227.4,144.8,28.41,0.3864,1.878E-5,3.282E-4,1.074E-4,0.01617,0.004466,7.919E-4,19.42,1689.0,1.561,5.631,5.745,0.3159,0.1259,0.03442,3.74,0.9603,0.2113,0.0,0.0,0.0,0.0,0.0,0.0,0.0,0.0,0.0,0.0,0.0,0.4509,269.6,2.534,0.4256,0.06865,1.096,0.286,0.03892,2.889,0.7679,0.2945,6.57E-6,1420.0,7.986E-4,7.32E-5,5.661E-6,1.125E-4,3.659E-6,7.45E-7,3.429E-5,9.464E-6,4.668E-6,
0.0,0.0,0.0,0.0,0.0,0.0,0.0,0.0,0.0,0.0,0.0,0.0,0.0,0.0,0.0,0.0,0.0,0.0,0.0,0.0,0.0,0.0,2.8E-6,0.001843,0.07942,3.018,1.224,0.01596,1.483E-6,2.881E-4,4.616E-5,0.02024,0.004404,3.998E-4,0.0,0.0,0.0,0.0,0.0,0.0,0.0,0.0,0.0,0.0,0.0,0.0,0.0,0.0,0.0,0.0,0.0,0.0,0.0,0.0,0.0,0.0,2.3E-22,0.0,4.001,0.001848,0.01539,0.0,0.01654,0.008959,0.7643,0.177,0.01462,0.0,0.0,0.0,0.0,0.0,0.0,0.0,0.0,0.0,0.0,0.0,0.0,0.0,0.0,0.0,0.0,0.0,0.0,0.0,0.0,0.0,0.0,0.0,0.0,0.0,0.0,0.0,0.0,0.0,0.0,0.0,0.0,0.0,0.0,0.0,0.0,0.0,0.0,0.0,0.0,0.0,0.0,0.0,0.0,0.0,0.0,1.0E-4,18640.0,9.551999999999999E25,5913.0,1243.0,81.54,202600.0,673.0,812.8,12410.0,4072.0,2417.0,0.3167,5.459E-4,55.89,182.2,4.891,3.315,0.08566,0.03388,3.816,1.069,0.3055,0.004054,225.1,144.8,28.41,0.3864,1.878E-5,3.282E-4,1.074E-4,0.01617,0.004466,7.919E-4,19.42,1692.0,1.561,5.631,5.745,0.3159,0.1259,0.03442,3.74,0.9603,0.2113,0.0,0.0,0.0,0.0,0.0,0.0,0.0,0.0,0.0,0.0,0.0,0.4509,269.6,2.534,0.4256,0.06865,1.096,0.286,0.03892,2.889,0.7679,0.2945,6.57E-6,1422.0,7.986E-4,7.32E-5,5.661E-6,1.125E-4,3.659E-6,7.45E-7,3.429E-5,9.464E-6,4.668E-6,
0.0,0.0,0.0,0.0,0.0,0.0,0.0,0.0,0.0,0.0,0.0,0.0,0.0,0.0,0.0,0.0,0.0,0.0,0.0,0.0,0.0,0.0,2.8E-6,0.001843,0.07955,3.018,1.224,0.01596,1.483E-6,2.881E-4,4.616E-5,0.02024,0.004404,3.998E-4,0.0,0.0,0.0,0.0,0.0,0.0,0.0,0.0,0.0,0.0,0.0,0.0,0.0,0.0,0.0,0.0,0.0,0.0,0.0,0.0,0.0,0.0,2.3E-22,0.0,4.001,0.001848,0.01539,0.0,0.01654,0.008959,0.7643,0.177,0.01462,0.0,0.0,0.0,0.0,0.0,0.0,0.0,0.0,0.0,0.0,0.0,0.0,0.0,0.0,0.0,0.0,0.0,0.0,0.0,0.0,0.0,0.0,0.0,0.0,0.0,0.0,0.0,0.0,0.0,0.0,0.0,0.0,0.0,0.0,0.0,0.0,0.0,0.0,0.0,0.0,0.0,0.0,0.0,0.0,0.0,0.0,1.0E-4,18640.0,9.551999999999999E25,5913.0,1243.0,81.54,202600.0,673.0,812.8,12410.0,4072.0,2417.0,0.3167,5.405E-4,55.89,182.2,4.891,3.315,0.08566,0.03388,3.816,1.069,0.3055,0.004054,222.9,144.8,28.41,0.3864,1.878E-5,3.282E-4,1.074E-4,0.01617,0.004466,7.919E-4,19.42,1694.0,1.561,5.631,5.745,0.3159,0.1259,0.03442,3.74,0.9603,0.2113,0.0,0.0,0.0,0.0,0.0,0.0,0.0,0.0,0.0,0.0,0.0,0.4509,269.6,2.534,0.4256,0.06865,1.096,0.286,0.03892,2.889,0.7679,0.2945,6.57E-6,1424.0,7.986E-4,7.32E-5,5.661E-6,1.125E-4,3.659E-6,7.45E-7,3.429E-5,9.464E-6,4.668E-6,
0.0,0.0,0.0,0.0,0.0,0.0,0.0,0.0,0.0,0.0,0.0,0.0,0.0,0.0,0.0,0.0,0.0,0.0,0.0,0.0,0.0,0.0,2.8E-6,0.001843,0.07967,3.018,1.224,0.01596,1.483E-6,2.881E-4,4.616E-5,0.02024,0.004404,3.998E-4,0.0,0.0,0.0,0.0,0.0,0.0,0.0,0.0,0.0,0.0,0.0,0.0,0.0,0.0,0.0,0.0,0.0,0.0,0.0,0.0,0.0,0.0,2.3E-22,0.0,4.001,0.001848,0.01539,0.0,0.01654,0.008959,0.7643,0.177,0.01462,0.0,0.0,0.0,0.0,0.0,0.0,0.0,0.0,0.0,0.0,0.0,0.0,0.0,0.0,0.0,0.0,0.0,0.0,0.0,0.0,0.0,0.0,0.0,0.0,0.0,0.0,0.0,0.0,0.0,0.0,0.0,0.0,0.0,0.0,0.0,0.0,0.0,0.0,0.0,0.0,0.0,0.0,0.0,0.0,0.0,0.0,1.0E-4,18640.0,9.551999999999999E25,5913.0,1243.0,81.54,202600.0,673.0,812.8,12410.0,4072.0,2417.0,0.3167,5.351E-4,55.89,182.2,4.891,3.315,0.08566,0.03388,3.816,1.069,0.3055,0.004054,220.7,144.8,28.41,0.3864,1.878E-5,3.282E-4,1.074E-4,0.01617,0.004466,7.919E-4,19.42,1696.0,1.561,5.631,5.745,0.3159,0.1259,0.03442,3.74,0.9603,0.2113,0.0,0.0,0.0,0.0,0.0,0.0,0.0,0.0,0.0,0.0,0.0,0.4509,269.6,2.534,0.4256,0.06865,1.096,0.286,0.03892,2.889,0.7679,0.2945,6.57E-6,1426.0,7.986E-4,7.32E-5,5.661E-6,1.125E-4,3.659E-6,7.45E-7,3.429E-5,9.464E-6,4.668E-6,
0.0,0.0,0.0,0.0,0.0,0.0,0.0,0.0,0.0,0.0,0.0,0.0,0.0,0.0,0.0,0.0,0.0,0.0,0.0,0.0,0.0,0.0,2.8E-6,0.001843,0.0798,3.018,1.224,0.01596,1.483E-6,2.881E-4,4.616E-5,0.02024,0.004404,3.998E-4,0.0,0.0,0.0,0.0,0.0,0.0,0.0,0.0,0.0,0.0,0.0,0.0,0.0,0.0,0.0,0.0,0.0,0.0,0.0,0.0,0.0,0.0,2.3E-22,0.0,4.001,0.001848,0.01539,0.0,0.01654,0.008959,0.7643,0.177,0.01462,0.0,0.0,0.0,0.0,0.0,0.0,0.0,0.0,0.0,0.0,0.0,0.0,0.0,0.0,0.0,0.0,0.0,0.0,0.0,0.0,0.0,0.0,0.0,0.0,0.0,0.0,0.0,0.0,0.0,0.0,0.0,0.0,0.0,0.0,0.0,0.0,0.0,0.0,0.0,0.0,0.0,0.0,0.0,0.0,0.0,0.0,1.0E-4,18640.0,9.551999999999999E25,5913.0,1243.0,81.54,202600.0,673.0,812.8,12410.0,4072.0,2417.0,0.3167,5.298E-4,55.89,182.2,4.891,3.315,0.08566,0.03388,3.816,1.069,0.3055,0.004054,218.5,144.8,28.41,0.3864,1.878E-5,3.282E-4,1.074E-4,0.01617,0.004466,7.919E-4,19.42,1698.0,1.561,5.631,5.745,0.3159,0.1259,0.03442,3.74,0.9603,0.2113,0.0,0.0,0.0,0.0,0.0,0.0,0.0,0.0,0.0,0.0,0.0,0.4509,269.6,2.534,0.4256,0.06865,1.096,0.286,0.03892,2.889,0.7679,0.2945,6.57E-6,1429.0,7.986E-4,7.32E-5,5.661E-6,1.125E-4,3.659E-6,7.45E-7,3.429E-5,9.464E-6,4.668E-6,
0.0,0.0,0.0,0.0,0.0,0.0,0.0,0.0,0.0,0.0,0.0,0.0,0.0,0.0,0.0,0.0,0.0,0.0,0.0,0.0,0.0,0.0,2.8E-6,0.001843,0.07992,3.018,1.224,0.01596,1.483E-6,2.881E-4,4.616E-5,0.02024,0.004404,3.998E-4,0.0,0.0,0.0,0.0,0.0,0.0,0.0,0.0,0.0,0.0,0.0,0.0,0.0,0.0,0.0,0.0,0.0,0.0,0.0,0.0,0.0,0.0,2.3E-22,0.0,4.001,0.001848,0.01539,0.0,0.01654,0.008959,0.7643,0.177,0.01462,0.0,0.0,0.0,0.0,0.0,0.0,0.0,0.0,0.0,0.0,0.0,0.0,0.0,0.0,0.0,0.0,0.0,0.0,0.0,0.0,0.0,0.0,0.0,0.0,0.0,0.0,0.0,0.0,0.0,0.0,0.0,0.0,0.0,0.0,0.0,0.0,0.0,0.0,0.0,0.0,0.0,0.0,0.0,0.0,0.0,0.0,1.0E-4,18640.0,9.551999999999999E25,5913.0,1243.0,81.54,202600.0,673.0,812.8,12410.0,4072.0,2417.0,0.3167,5.245E-4,55.89,182.2,4.891,3.315,0.08566,0.03388,3.816,1.069,0.3055,0.004054,216.3,144.8,28.41,0.3864,1.878E-5,3.282E-4,1.074E-4,0.01617,0.004466,7.919E-4,19.42,1700.0,1.561,5.631,5.745,0.3159,0.1259,0.03442,3.74,0.9603,0.2113,0.0,0.0,0.0,0.0,0.0,0.0,0.0,0.0,0.0,0.0,0.0,0.4509,269.6,2.534,0.4256,0.06865,1.096,0.286,0.03892,2.889,0.7679,0.2945,6.57E-6,1431.0,7.986E-4,7.32E-5,5.661E-6,1.125E-4,3.659E-6,7.45E-7,3.429E-5,9.464E-6,4.668E-6,
0.0,0.0,0.0,0.0,0.0,0.0,0.0,0.0,0.0,0.0,0.0,0.0,0.0,0.0,0.0,0.0,0.0,0.0,0.0,0.0,0.0,0.0,2.8E-6,0.001843,0.08004,3.018,1.224,0.01596,1.483E-6,2.881E-4,4.616E-5,0.02024,0.004404,3.998E-4,0.0,0.0,0.0,0.0,0.0,0.0,0.0,0.0,0.0,0.0,0.0,0.0,0.0,0.0,0.0,0.0,0.0,0.0,0.0,0.0,0.0,0.0,2.3E-22,0.0,4.001,0.001848,0.01539,0.0,0.01654,0.008959,0.7643,0.177,0.01462,0.0,0.0,0.0,0.0,0.0,0.0,0.0,0.0,0.0,0.0,0.0,0.0,0.0,0.0,0.0,0.0,0.0,0.0,0.0,0.0,0.0,0.0,0.0,0.0,0.0,0.0,0.0,0.0,0.0,0.0,0.0,0.0,0.0,0.0,0.0,0.0,0.0,0.0,0.0,0.0,0.0,0.0,0.0,0.0,0.0,0.0,1.0E-4,18640.0,9.551999999999999E25,5913.0,1243.0,81.54,202600.0,673.0,812.8,12410.0,4072.0,2417.0,0.3167,5.193E-4,55.89,182.2,4.891,3.315,0.08566,0.03388,3.816,1.069,0.3055,0.004054,214.2,144.8,28.41,0.3864,1.878E-5,3.282E-4,1.074E-4,0.01617,0.004466,7.919E-4,19.42,1703.0,1.561,5.631,5.745,0.3159,0.1259,0.03442,3.74,0.9603,0.2113,0.0,0.0,0.0,0.0,0.0,0.0,0.0,0.0,0.0,0.0,0.0,0.4509,269.6,2.534,0.4256,0.06865,1.096,0.286,0.03892,2.889,0.7679,0.2945,6.57E-6,1433.0,7.986E-4,7.32E-5,5.661E-6,1.125E-4,3.659E-6,7.45E-7,3.429E-5,9.464E-6,4.668E-6,
0.0,0.0,0.0,0.0,0.0,0.0,0.0,0.0,0.0,0.0,0.0,0.0,0.0,0.0,0.0,0.0,0.0,0.0,0.0,0.0,0.0,0.0,2.8E-6,0.001843,0.08016,3.018,1.224,0.01596,1.483E-6,2.881E-4,4.616E-5,0.02024,0.004404,3.998E-4,0.0,0.0,0.0,0.0,0.0,0.0,0.0,0.0,0.0,0.0,0.0,0.0,0.0,0.0,0.0,0.0,0.0,0.0,0.0,0.0,0.0,0.0,2.3E-22,0.0,4.001,0.001848,0.01539,0.0,0.01654,0.008959,0.7643,0.177,0.01462,0.0,0.0,0.0,0.0,0.0,0.0,0.0,0.0,0.0,0.0,0.0,0.0,0.0,0.0,0.0,0.0,0.0,0.0,0.0,0.0,0.0,0.0,0.0,0.0,0.0,0.0,0.0,0.0,0.0,0.0,0.0,0.0,0.0,0.0,0.0,0.0,0.0,0.0,0.0,0.0,0.0,0.0,0.0,0.0,0.0,0.0,1.0E-4,18640.0,9.551999999999999E25,5913.0,1243.0,81.54,202600.0,673.0,812.8,12410.0,4072.0,2417.0,0.3167,5.141E-4,55.89,182.2,4.891,3.315,0.08566,0.03388,3.816,1.069,0.3055,0.004054,212.0,144.8,28.41,0.3864,1.878E-5,3.282E-4,1.074E-4,0.01617,0.004466,7.919E-4,19.42,1705.0,1.561,5.631,5.745,0.3159,0.1259,0.03442,3.74,0.9603,0.2113,0.0,0.0,0.0,0.0,0.0,0.0,0.0,0.0,0.0,0.0,0.0,0.4509,269.6,2.534,0.4256,0.06865,1.096,0.286,0.03892,2.889,0.7679,0.2945,6.57E-6,1435.0,7.986E-4,7.32E-5,5.661E-6,1.125E-4,3.659E-6,7.45E-7,3.429E-5,9.464E-6,4.668E-6,
0.0,0.0,0.0,0.0,0.0,0.0,0.0,0.0,0.0,0.0,0.0,0.0,0.0,0.0,0.0,0.0,0.0,0.0,0.0,0.0,0.0,0.0,2.8E-6,0.001843,0.08027,3.018,1.224,0.01596,1.483E-6,2.881E-4,4.616E-5,0.02024,0.004404,3.998E-4,0.0,0.0,0.0,0.0,0.0,0.0,0.0,0.0,0.0,0.0,0.0,0.0,0.0,0.0,0.0,0.0,0.0,0.0,0.0,0.0,0.0,0.0,2.3E-22,0.0,4.001,0.001848,0.01539,0.0,0.01654,0.008959,0.7643,0.177,0.01462,0.0,0.0,0.0,0.0,0.0,0.0,0.0,0.0,0.0,0.0,0.0,0.0,0.0,0.0,0.0,0.0,0.0,0.0,0.0,0.0,0.0,0.0,0.0,0.0,0.0,0.0,0.0,0.0,0.0,0.0,0.0,0.0,0.0,0.0,0.0,0.0,0.0,0.0,0.0,0.0,0.0,0.0,0.0,0.0,0.0,0.0,1.0E-4,18640.0,9.551999999999999E25,5913.0,1243.0,81.54,202600.0,673.0,812.8,12410.0,4072.0,2417.0,0.3167,5.09E-4,55.89,182.2,4.891,3.315,0.08566,0.03388,3.816,1.069,0.3055,0.004054,209.9,144.8,28.41,0.3864,1.878E-5,3.282E-4,1.074E-4,0.01617,0.004466,7.919E-4,19.42,1707.0,1.561,5.631,5.745,0.3159,0.1259,0.03442,3.74,0.9603,0.2113,0.0,0.0,0.0,0.0,0.0,0.0,0.0,0.0,0.0,0.0,0.0,0.4509,269.6,2.534,0.4256,0.06865,1.096,0.286,0.03892,2.889,0.7679,0.2945,6.57E-6,1437.0,7.986E-4,7.32E-5,5.661E-6,1.125E-4,3.659E-6,7.45E-7,3.429E-5,9.464E-6,4.668E-6,
0.0,0.0,0.0,0.0,0.0,0.0,0.0,0.0,0.0,0.0,0.0,0.0,0.0,0.0,0.0,0.0,0.0,0.0,0.0,0.0,0.0,0.0,2.8E-6,0.001843,0.08039,3.018,1.224,0.01596,1.483E-6,2.881E-4,4.616E-5,0.02024,0.004404,3.998E-4,0.0,0.0,0.0,0.0,0.0,0.0,0.0,0.0,0.0,0.0,0.0,0.0,0.0,0.0,0.0,0.0,0.0,0.0,0.0,0.0,0.0,0.0,2.3E-22,0.0,4.001,0.001848,0.01539,0.0,0.01654,0.008959,0.7643,0.177,0.01462,0.0,0.0,0.0,0.0,0.0,0.0,0.0,0.0,0.0,0.0,0.0,0.0,0.0,0.0,0.0,0.0,0.0,0.0,0.0,0.0,0.0,0.0,0.0,0.0,0.0,0.0,0.0,0.0,0.0,0.0,0.0,0.0,0.0,0.0,0.0,0.0,0.0,0.0,0.0,0.0,0.0,0.0,0.0,0.0,0.0,0.0,1.0E-4,18640.0,9.551999999999999E25,5913.0,1243.0,81.54,202600.0,673.0,812.8,12410.0,4072.0,2417.0,0.3167,5.039E-4,55.89,182.2,4.891,3.315,0.08566,0.03388,3.816,1.069,0.3055,0.004054,207.8,144.8,28.41,0.3864,1.878E-5,3.282E-4,1.074E-4,0.01617,0.004466,7.919E-4,19.42,1709.0,1.561,5.631,5.745,0.3159,0.1259,0.03442,3.74,0.9603,0.2113,0.0,0.0,0.0,0.0,0.0,0.0,0.0,0.0,0.0,0.0,0.0,0.4509,269.6,2.534,0.4256,0.06865,1.096,0.286,0.03892,2.889,0.7679,0.2945,6.57E-6,1439.0,7.986E-4,7.32E-5,5.661E-6,1.125E-4,3.659E-6,7.45E-7,3.429E-5,9.464E-6,4.668E-6,
0.0,0.0,0.0,0.0,0.0,0.0,0.0,0.0,0.0,0.0,0.0,0.0,0.0,0.0,0.0,0.0,0.0,0.0,0.0,0.0,0.0,0.0,2.8E-6,0.001843,0.08051,3.018,1.224,0.01596,1.483E-6,2.881E-4,4.616E-5,0.02024,0.004404,3.998E-4,0.0,0.0,0.0,0.0,0.0,0.0,0.0,0.0,0.0,0.0,0.0,0.0,0.0,0.0,0.0,0.0,0.0,0.0,0.0,0.0,0.0,0.0,2.3E-22,0.0,4.001,0.001848,0.01539,0.0,0.01654,0.008959,0.7643,0.177,0.01462,0.0,0.0,0.0,0.0,0.0,0.0,0.0,0.0,0.0,0.0,0.0,0.0,0.0,0.0,0.0,0.0,0.0,0.0,0.0,0.0,0.0,0.0,0.0,0.0,0.0,0.0,0.0,0.0,0.0,0.0,0.0,0.0,0.0,0.0,0.0,0.0,0.0,0.0,0.0,0.0,0.0,0.0,0.0,0.0,0.0,0.0,1.0E-4,18640.0,9.551999999999999E25,5913.0,1243.0,81.54,202600.0,673.0,812.8,12410.0,4072.0,2417.0,0.3167,4.989E-4,55.89,182.2,4.891,3.315,0.08566,0.03388,3.816,1.069,0.3055,0.004054,205.8,144.8,28.41,0.3864,1.878E-5,3.282E-4,1.074E-4,0.01617,0.004466,7.919E-4,19.42,1711.0,1.561,5.631,5.745,0.3159,0.1259,0.03442,3.74,0.9603,0.2113,0.0,0.0,0.0,0.0,0.0,0.0,0.0,0.0,0.0,0.0,0.0,0.4509,269.6,2.534,0.4256,0.06865,1.096,0.286,0.03892,2.889,0.7679,0.2945,6.57E-6,1441.0,7.986E-4,7.32E-5,5.661E-6,1.125E-4,3.659E-6,7.45E-7,3.429E-5,9.464E-6,4.668E-6,
0.0,0.0,0.0,0.0,0.0,0.0,0.0,0.0,0.0,0.0,0.0,0.0,0.0,0.0,0.0,0.0,0.0,0.0,0.0,0.0,0.0,0.0,2.8E-6,0.001843,0.08062,3.018,1.224,0.01596,1.483E-6,2.881E-4,4.616E-5,0.02024,0.004404,3.998E-4,0.0,0.0,0.0,0.0,0.0,0.0,0.0,0.0,0.0,0.0,0.0,0.0,0.0,0.0,0.0,0.0,0.0,0.0,0.0,0.0,0.0,0.0,2.3E-22,0.0,4.001,0.001848,0.01539,0.0,0.01654,0.008959,0.7643,0.177,0.01462,0.0,0.0,0.0,0.0,0.0,0.0,0.0,0.0,0.0,0.0,0.0,0.0,0.0,0.0,0.0,0.0,0.0,0.0,0.0,0.0,0.0,0.0,0.0,0.0,0.0,0.0,0.0,0.0,0.0,0.0,0.0,0.0,0.0,0.0,0.0,0.0,0.0,0.0,0.0,0.0,0.0,0.0,0.0,0.0,0.0,0.0,1.0E-4,18640.0,9.551999999999999E25,5913.0,1243.0,81.54,202600.0,673.0,812.8,12410.0,4072.0,2417.0,0.3167,4.94E-4,55.89,182.2,4.891,3.315,0.08566,0.03388,3.816,1.069,0.3055,0.004054,203.7,144.8,28.41,0.3864,1.878E-5,3.282E-4,1.074E-4,0.01617,0.004466,7.919E-4,19.42,1713.0,1.561,5.631,5.745,0.3159,0.1259,0.03442,3.74,0.9603,0.2113,0.0,0.0,0.0,0.0,0.0,0.0,0.0,0.0,0.0,0.0,0.0,0.4509,269.6,2.534,0.4256,0.06865,1.096,0.286,0.03892,2.889,0.7679,0.2945,6.57E-6,1443.0,7.986E-4,7.32E-5,5.661E-6,1.125E-4,3.659E-6,7.45E-7,3.429E-5,9.464E-6,4.668E-6,
0.0,0.0,0.0,0.0,0.0,0.0,0.0,0.0,0.0,0.0,0.0,0.0,0.0,0.0,0.0,0.0,0.0,0.0,0.0,0.0,0.0,0.0,2.8E-6,0.001843,0.08073,3.018,1.224,0.01596,1.483E-6,2.881E-4,4.616E-5,0.02024,0.004404,3.998E-4,0.0,0.0,0.0,0.0,0.0,0.0,0.0,0.0,0.0,0.0,0.0,0.0,0.0,0.0,0.0,0.0,0.0,0.0,0.0,0.0,0.0,0.0,2.3E-22,0.0,4.001,0.001848,0.01539,0.0,0.01654,0.008959,0.7643,0.177,0.01462,0.0,0.0,0.0,0.0,0.0,0.0,0.0,0.0,0.0,0.0,0.0,0.0,0.0,0.0,0.0,0.0,0.0,0.0,0.0,0.0,0.0,0.0,0.0,0.0,0.0,0.0,0.0,0.0,0.0,0.0,0.0,0.0,0.0,0.0,0.0,0.0,0.0,0.0,0.0,0.0,0.0,0.0,0.0,0.0,0.0,0.0,1.0E-4,18640.0,9.551999999999999E25,5913.0,1243.0,81.54,202600.0,673.0,812.8,12410.0,4072.0,2417.0,0.3167,4.89E-4,55.89,182.2,4.891,3.315,0.08566,0.03388,3.816,1.069,0.3055,0.004054,201.7,144.8,28.41,0.3864,1.878E-5,3.282E-4,1.074E-4,0.01617,0.004466,7.919E-4,19.42,1715.0,1.561,5.631,5.745,0.3159,0.1259,0.03442,3.74,0.9603,0.2113,0.0,0.0,0.0,0.0,0.0,0.0,0.0,0.0,0.0,0.0,0.0,0.4509,269.6,2.534,0.4256,0.06865,1.096,0.286,0.03892,2.889,0.7679,0.2945,6.57E-6,1445.0,7.986E-4,7.32E-5,5.661E-6,1.125E-4,3.659E-6,7.45E-7,3.429E-5,9.464E-6,4.668E-6,
0.0,0.0,0.0,0.0,0.0,0.0,0.0,0.0,0.0,0.0,0.0,0.0,0.0,0.0,0.0,0.0,0.0,0.0,0.0,0.0,0.0,0.0,2.8E-6,0.001843,0.08085,3.018,1.224,0.01596,1.483E-6,2.881E-4,4.616E-5,0.02024,0.004404,3.998E-4,0.0,0.0,0.0,0.0,0.0,0.0,0.0,0.0,0.0,0.0,0.0,0.0,0.0,0.0,0.0,0.0,0.0,0.0,0.0,0.0,0.0,0.0,2.3E-22,0.0,4.001,0.001848,0.01539,0.0,0.01654,0.008959,0.7643,0.177,0.01462,0.0,0.0,0.0,0.0,0.0,0.0,0.0,0.0,0.0,0.0,0.0,0.0,0.0,0.0,0.0,0.0,0.0,0.0,0.0,0.0,0.0,0.0,0.0,0.0,0.0,0.0,0.0,0.0,0.0,0.0,0.0,0.0,0.0,0.0,0.0,0.0,0.0,0.0,0.0,0.0,0.0,0.0,0.0,0.0,0.0,0.0,1.0E-4,18640.0,9.551999999999999E25,5913.0,1243.0,81.54,202600.0,673.0,812.8,12410.0,4072.0,2417.0,0.3167,4.842E-4,55.89,182.2,4.891,3.315,0.08566,0.03388,3.816,1.069,0.3055,0.004054,199.7,144.8,28.41,0.3864,1.878E-5,3.282E-4,1.074E-4,0.01617,0.004466,7.919E-4,19.42,1717.0,1.561,5.631,5.745,0.3159,0.1259,0.03442,3.74,0.9603,0.2113,0.0,0.0,0.0,0.0,0.0,0.0,0.0,0.0,0.0,0.0,0.0,0.4509,269.6,2.534,0.4256,0.06865,1.096,0.286,0.03892,2.889,0.7679,0.2945,6.57E-6,1447.0,7.986E-4,7.32E-5,5.661E-6,1.125E-4,3.659E-6,7.45E-7,3.429E-5,9.464E-6,4.668E-6,
0.0,0.0,0.0,0.0,0.0,0.0,0.0,0.0,0.0,0.0,0.0,0.0,0.0,0.0,0.0,0.0,0.0,0.0,0.0,0.0,0.0,0.0,2.8E-6,0.001843,0.08096,3.018,1.224,0.01596,1.483E-6,2.881E-4,4.616E-5,0.02024,0.004404,3.998E-4,0.0,0.0,0.0,0.0,0.0,0.0,0.0,0.0,0.0,0.0,0.0,0.0,0.0,0.0,0.0,0.0,0.0,0.0,0.0,0.0,0.0,0.0,2.3E-22,0.0,4.001,0.001848,0.01539,0.0,0.01654,0.008959,0.7643,0.177,0.01462,0.0,0.0,0.0,0.0,0.0,0.0,0.0,0.0,0.0,0.0,0.0,0.0,0.0,0.0,0.0,0.0,0.0,0.0,0.0,0.0,0.0,0.0,0.0,0.0,0.0,0.0,0.0,0.0,0.0,0.0,0.0,0.0,0.0,0.0,0.0,0.0,0.0,0.0,0.0,0.0,0.0,0.0,0.0,0.0,0.0,0.0,1.0E-4,18640.0,9.551999999999999E25,5913.0,1243.0,81.54,202600.0,673.0,812.8,12410.0,4072.0,2417.0,0.3167,4.794E-4,55.89,182.2,4.891,3.315,0.08566,0.03388,3.816,1.069,0.3055,0.004054,197.7,144.8,28.41,0.3864,1.878E-5,3.282E-4,1.074E-4,0.01617,0.004466,7.919E-4,19.42,1719.0,1.561,5.631,5.745,0.3159,0.1259,0.03442,3.74,0.9603,0.2113,0.0,0.0,0.0,0.0,0.0,0.0,0.0,0.0,0.0,0.0,0.0,0.4509,269.6,2.534,0.4256,0.06865,1.096,0.286,0.03892,2.889,0.7679,0.2945,6.57E-6,1449.0,7.986E-4,7.32E-5,5.661E-6,1.125E-4,3.659E-6,7.45E-7,3.429E-5,9.464E-6,4.668E-6,
0.0,0.0,0.0,0.0,0.0,0.0,0.0,0.0,0.0,0.0,0.0,0.0,0.0,0.0,0.0,0.0,0.0,0.0,0.0,0.0,0.0,0.0,2.8E-6,0.001843,0.08107,3.018,1.224,0.01596,1.483E-6,2.881E-4,4.616E-5,0.02024,0.004404,3.998E-4,0.0,0.0,0.0,0.0,0.0,0.0,0.0,0.0,0.0,0.0,0.0,0.0,0.0,0.0,0.0,0.0,0.0,0.0,0.0,0.0,0.0,0.0,2.3E-22,0.0,4.001,0.001848,0.01539,0.0,0.01654,0.008959,0.7643,0.177,0.01462,0.0,0.0,0.0,0.0,0.0,0.0,0.0,0.0,0.0,0.0,0.0,0.0,0.0,0.0,0.0,0.0,0.0,0.0,0.0,0.0,0.0,0.0,0.0,0.0,0.0,0.0,0.0,0.0,0.0,0.0,0.0,0.0,0.0,0.0,0.0,0.0,0.0,0.0,0.0,0.0,0.0,0.0,0.0,0.0,0.0,0.0,1.0E-4,18640.0,9.551999999999999E25,5913.0,1243.0,81.54,202600.0,673.0,812.8,12410.0,4072.0,2417.0,0.3167,4.746E-4,55.89,182.2,4.891,3.315,0.08566,0.03388,3.816,1.069,0.3055,0.004054,195.7,144.8,28.41,0.3864,1.878E-5,3.282E-4,1.074E-4,0.01617,0.004466,7.919E-4,19.42,1721.0,1.561,5.631,5.745,0.3159,0.1259,0.03442,3.74,0.9603,0.2113,0.0,0.0,0.0,0.0,0.0,0.0,0.0,0.0,0.0,0.0,0.0,0.4509,269.6,2.534,0.4256,0.06865,1.096,0.286,0.03892,2.889,0.7679,0.2945,6.57E-6,1451.0,7.986E-4,7.32E-5,5.661E-6,1.125E-4,3.659E-6,7.45E-7,3.429E-5,9.464E-6,4.668E-6,
0.0,0.0,0.0,0.0,0.0,0.0,0.0,0.0,0.0,0.0,0.0,0.0,0.0,0.0,0.0,0.0,0.0,0.0,0.0,0.0,0.0,0.0,2.8E-6,0.001843,0.08118,3.018,1.224,0.01596,1.483E-6,2.881E-4,4.616E-5,0.02024,0.004404,3.998E-4,0.0,0.0,0.0,0.0,0.0,0.0,0.0,0.0,0.0,0.0,0.0,0.0,0.0,0.0,0.0,0.0,0.0,0.0,0.0,0.0,0.0,0.0,2.3E-22,0.0,4.001,0.001848,0.01539,0.0,0.01654,0.008959,0.7643,0.177,0.01462,0.0,0.0,0.0,0.0,0.0,0.0,0.0,0.0,0.0,0.0,0.0,0.0,0.0,0.0,0.0,0.0,0.0,0.0,0.0,0.0,0.0,0.0,0.0,0.0,0.0,0.0,0.0,0.0,0.0,0.0,0.0,0.0,0.0,0.0,0.0,0.0,0.0,0.0,0.0,0.0,0.0,0.0,0.0,0.0,0.0,0.0,1.0E-4,18640.0,9.551999999999999E25,5913.0,1243.0,81.54,202600.0,673.0,812.8,12410.0,4072.0,2417.0,0.3167,4.699E-4,55.89,182.2,4.891,3.315,0.08566,0.03388,3.816,1.069,0.3055,0.004054,193.8,144.8,28.41,0.3864,1.878E-5,3.282E-4,1.074E-4,0.01617,0.004466,7.919E-4,19.42,1723.0,1.561,5.631,5.745,0.3159,0.1259,0.03442,3.74,0.9603,0.2113,0.0,0.0,0.0,0.0,0.0,0.0,0.0,0.0,0.0,0.0,0.0,0.4509,269.6,2.534,0.4256,0.06865,1.096,0.286,0.03892,2.889,0.7679,0.2945,6.57E-6,1453.0,7.986E-4,7.32E-5,5.661E-6,1.125E-4,3.659E-6,7.45E-7,3.429E-5,9.464E-6,4.668E-6,
0.0,0.0,0.0,0.0,0.0,0.0,0.0,0.0,0.0,0.0,0.0,0.0,0.0,0.0,0.0,0.0,0.0,0.0,0.0,0.0,0.0,0.0,2.8E-6,0.001843,0.08128,3.018,1.224,0.01596,1.483E-6,2.881E-4,4.616E-5,0.02024,0.004404,3.998E-4,0.0,0.0,0.0,0.0,0.0,0.0,0.0,0.0,0.0,0.0,0.0,0.0,0.0,0.0,0.0,0.0,0.0,0.0,0.0,0.0,0.0,0.0,2.3E-22,0.0,4.001,0.001848,0.01539,0.0,0.01654,0.008959,0.7643,0.177,0.01462,0.0,0.0,0.0,0.0,0.0,0.0,0.0,0.0,0.0,0.0,0.0,0.0,0.0,0.0,0.0,0.0,0.0,0.0,0.0,0.0,0.0,0.0,0.0,0.0,0.0,0.0,0.0,0.0,0.0,0.0,0.0,0.0,0.0,0.0,0.0,0.0,0.0,0.0,0.0,0.0,0.0,0.0,0.0,0.0,0.0,0.0,1.0E-4,18640.0,9.551999999999999E25,5913.0,1243.0,81.54,202600.0,673.0,812.8,12410.0,4072.0,2417.0,0.3167,4.652E-4,55.89,182.2,4.891,3.315,0.08566,0.03388,3.816,1.069,0.3055,0.004054,191.8,144.8,28.41,0.3864,1.878E-5,3.282E-4,1.074E-4,0.01617,0.004466,7.919E-4,19.42,1725.0,1.561,5.631,5.745,0.3159,0.1259,0.03442,3.74,0.9603,0.2113,0.0,0.0,0.0,0.0,0.0,0.0,0.0,0.0,0.0,0.0,0.0,0.4509,269.6,2.534,0.4256,0.06865,1.096,0.286,0.03892,2.889,0.7679,0.2945,6.57E-6,1455.0,7.986E-4,7.32E-5,5.661E-6,1.125E-4,3.659E-6,7.45E-7,3.429E-5,9.464E-6,4.668E-6,
0.0,0.0,0.0,0.0,0.0,0.0,0.0,0.0,0.0,0.0,0.0,0.0,0.0,0.0,0.0,0.0,0.0,0.0,0.0,0.0,0.0,0.0,2.8E-6,0.001843,0.08139,3.018,1.224,0.01596,1.483E-6,2.881E-4,4.616E-5,0.02024,0.004404,3.998E-4,0.0,0.0,0.0,0.0,0.0,0.0,0.0,0.0,0.0,0.0,0.0,0.0,0.0,0.0,0.0,0.0,0.0,0.0,0.0,0.0,0.0,0.0,2.3E-22,0.0,4.001,0.001848,0.01539,0.0,0.01654,0.008959,0.7643,0.177,0.01462,0.0,0.0,0.0,0.0,0.0,0.0,0.0,0.0,0.0,0.0,0.0,0.0,0.0,0.0,0.0,0.0,0.0,0.0,0.0,0.0,0.0,0.0,0.0,0.0,0.0,0.0,0.0,0.0,0.0,0.0,0.0,0.0,0.0,0.0,0.0,0.0,0.0,0.0,0.0,0.0,0.0,0.0,0.0,0.0,0.0,0.0,1.0E-4,18640.0,9.551999999999999E25,5913.0,1243.0,81.54,202600.0,673.0,812.8,12410.0,4072.0,2417.0,0.3167,4.606E-4,55.89,182.2,4.891,3.315,0.08566,0.03388,3.816,1.069,0.3055,0.004054,189.9,144.8,28.41,0.3864,1.878E-5,3.282E-4,1.074E-4,0.01617,0.004466,7.919E-4,19.42,1727.0,1.561,5.631,5.745,0.3159,0.1259,0.03442,3.74,0.9603,0.2113,0.0,0.0,0.0,0.0,0.0,0.0,0.0,0.0,0.0,0.0,0.0,0.4509,269.6,2.534,0.4256,0.06865,1.096,0.286,0.03892,2.889,0.7679,0.2945,6.57E-6,1457.0,7.986E-4,7.32E-5,5.661E-6,1.125E-4,3.659E-6,7.45E-7,3.429E-5,9.464E-6,4.668E-6,
0.0,0.0,0.0,0.0,0.0,0.0,0.0,0.0,0.0,0.0,0.0,0.0,0.0,0.0,0.0,0.0,0.0,0.0,0.0,0.0,0.0,0.0,2.8E-6,0.001843,0.0815,3.018,1.224,0.01596,1.483E-6,2.881E-4,4.616E-5,0.02024,0.004404,3.998E-4,0.0,0.0,0.0,0.0,0.0,0.0,0.0,0.0,0.0,0.0,0.0,0.0,0.0,0.0,0.0,0.0,0.0,0.0,0.0,0.0,0.0,0.0,2.3E-22,0.0,4.001,0.001848,0.01539,0.0,0.01654,0.008959,0.7643,0.177,0.01462,0.0,0.0,0.0,0.0,0.0,0.0,0.0,0.0,0.0,0.0,0.0,0.0,0.0,0.0,0.0,0.0,0.0,0.0,0.0,0.0,0.0,0.0,0.0,0.0,0.0,0.0,0.0,0.0,0.0,0.0,0.0,0.0,0.0,0.0,0.0,0.0,0.0,0.0,0.0,0.0,0.0,0.0,0.0,0.0,0.0,0.0,1.0E-4,18640.0,9.551999999999999E25,5913.0,1243.0,81.54,202600.0,673.0,812.8,12410.0,4072.0,2417.0,0.3167,4.56E-4,55.89,182.2,4.891,3.315,0.08566,0.03388,3.816,1.069,0.3055,0.004054,188.0,144.8,28.41,0.3864,1.878E-5,3.282E-4,1.074E-4,0.01617,0.004466,7.919E-4,19.42,1729.0,1.561,5.631,5.745,0.3159,0.1259,0.03442,3.74,0.9603,0.2113,0.0,0.0,0.0,0.0,0.0,0.0,0.0,0.0,0.0,0.0,0.0,0.4509,269.6,2.534,0.4256,0.06865,1.096,0.286,0.03892,2.889,0.7679,0.2945,6.57E-6,1459.0,7.986E-4,7.32E-5,5.661E-6,1.125E-4,3.659E-6,7.45E-7,3.429E-5,9.464E-6,4.668E-6,
0.0,0.0,0.0,0.0,0.0,0.0,0.0,0.0,0.0,0.0,0.0,0.0,0.0,0.0,0.0,0.0,0.0,0.0,0.0,0.0,0.0,0.0,2.8E-6,0.001843,0.0816,3.018,1.224,0.01596,1.483E-6,2.881E-4,4.616E-5,0.02024,0.004404,3.998E-4,0.0,0.0,0.0,0.0,0.0,0.0,0.0,0.0,0.0,0.0,0.0,0.0,0.0,0.0,0.0,0.0,0.0,0.0,0.0,0.0,0.0,0.0,2.3E-22,0.0,4.001,0.001848,0.01539,0.0,0.01654,0.008959,0.7643,0.177,0.01462,0.0,0.0,0.0,0.0,0.0,0.0,0.0,0.0,0.0,0.0,0.0,0.0,0.0,0.0,0.0,0.0,0.0,0.0,0.0,0.0,0.0,0.0,0.0,0.0,0.0,0.0,0.0,0.0,0.0,0.0,0.0,0.0,0.0,0.0,0.0,0.0,0.0,0.0,0.0,0.0,0.0,0.0,0.0,0.0,0.0,0.0,1.0E-4,18640.0,9.551999999999999E25,5913.0,1243.0,81.54,202600.0,673.0,812.8,12410.0,4072.0,2417.0,0.3167,4.514E-4,55.89,182.2,4.891,3.315,0.08566,0.03388,3.816,1.069,0.3055,0.004054,186.2,144.8,28.41,0.3864,1.878E-5,3.282E-4,1.074E-4,0.01617,0.004466,7.919E-4,19.42,1731.0,1.561,5.631,5.745,0.3159,0.1259,0.03442,3.74,0.9603,0.2113,0.0,0.0,0.0,0.0,0.0,0.0,0.0,0.0,0.0,0.0,0.0,0.4509,269.6,2.534,0.4256,0.06865,1.096,0.286,0.03892,2.889,0.7679,0.2945,6.57E-6,1461.0,7.986E-4,7.32E-5,5.661E-6,1.125E-4,3.659E-6,7.45E-7,3.429E-5,9.464E-6,4.668E-6,
0.0,0.0,0.0,0.0,0.0,0.0,0.0,0.0,0.0,0.0,0.0,0.0,0.0,0.0,0.0,0.0,0.0,0.0,0.0,0.0,0.0,0.0,2.8E-6,0.001843,0.0817,3.018,1.224,0.01596,1.483E-6,2.881E-4,4.616E-5,0.02024,0.004404,3.998E-4,0.0,0.0,0.0,0.0,0.0,0.0,0.0,0.0,0.0,0.0,0.0,0.0,0.0,0.0,0.0,0.0,0.0,0.0,0.0,0.0,0.0,0.0,2.3E-22,0.0,4.001,0.001848,0.01539,0.0,0.01654,0.008959,0.7643,0.177,0.01462,0.0,0.0,0.0,0.0,0.0,0.0,0.0,0.0,0.0,0.0,0.0,0.0,0.0,0.0,0.0,0.0,0.0,0.0,0.0,0.0,0.0,0.0,0.0,0.0,0.0,0.0,0.0,0.0,0.0,0.0,0.0,0.0,0.0,0.0,0.0,0.0,0.0,0.0,0.0,0.0,0.0,0.0,0.0,0.0,0.0,0.0,1.0E-4,18640.0,9.551999999999999E25,5913.0,1243.0,81.54,202600.0,673.0,812.8,12410.0,4072.0,2417.0,0.3167,4.469E-4,55.89,182.2,4.891,3.315,0.08566,0.03388,3.816,1.069,0.3055,0.004054,184.3,144.8,28.41,0.3864,1.878E-5,3.282E-4,1.074E-4,0.01617,0.004466,7.919E-4,19.42,1732.0,1.561,5.631,5.745,0.3159,0.1259,0.03442,3.74,0.9603,0.2113,0.0,0.0,0.0,0.0,0.0,0.0,0.0,0.0,0.0,0.0,0.0,0.4509,269.6,2.534,0.4256,0.06865,1.096,0.286,0.03892,2.889,0.7679,0.2945,6.57E-6,1463.0,7.986E-4,7.32E-5,5.661E-6,1.125E-4,3.659E-6,7.45E-7,3.429E-5,9.464E-6,4.668E-6,
0.0,0.0,0.0,0.0,0.0,0.0,0.0,0.0,0.0,0.0,0.0,0.0,0.0,0.0,0.0,0.0,0.0,0.0,0.0,0.0,0.0,0.0,2.8E-6,0.001843,0.08181,3.018,1.224,0.01596,1.483E-6,2.881E-4,4.616E-5,0.02024,0.004404,3.998E-4,0.0,0.0,0.0,0.0,0.0,0.0,0.0,0.0,0.0,0.0,0.0,0.0,0.0,0.0,0.0,0.0,0.0,0.0,0.0,0.0,0.0,0.0,2.3E-22,0.0,4.001,0.001848,0.01539,0.0,0.01654,0.008959,0.7643,0.177,0.01462,0.0,0.0,0.0,0.0,0.0,0.0,0.0,0.0,0.0,0.0,0.0,0.0,0.0,0.0,0.0,0.0,0.0,0.0,0.0,0.0,0.0,0.0,0.0,0.0,0.0,0.0,0.0,0.0,0.0,0.0,0.0,0.0,0.0,0.0,0.0,0.0,0.0,0.0,0.0,0.0,0.0,0.0,0.0,0.0,0.0,0.0,1.0E-4,18640.0,9.551999999999999E25,5913.0,1243.0,81.54,202600.0,673.0,812.8,12410.0,4072.0,2417.0,0.3167,4.425E-4,55.89,182.2,4.891,3.315,0.08566,0.03388,3.816,1.069,0.3055,0.004054,182.5,144.8,28.41,0.3864,1.878E-5,3.282E-4,1.074E-4,0.01617,0.004466,7.919E-4,19.42,1734.0,1.561,5.631,5.745,0.3159,0.1259,0.03442,3.74,0.9603,0.2113,0.0,0.0,0.0,0.0,0.0,0.0,0.0,0.0,0.0,0.0,0.0,0.4509,269.6,2.534,0.4256,0.06865,1.096,0.286,0.03892,2.889,0.7679,0.2945,6.57E-6,1465.0,7.986E-4,7.32E-5,5.661E-6,1.125E-4,3.659E-6,7.45E-7,3.429E-5,9.464E-6,4.668E-6,
0.0,0.0,0.0,0.0,0.0,0.0,0.0,0.0,0.0,0.0,0.0,0.0,0.0,0.0,0.0,0.0,0.0,0.0,0.0,0.0,0.0,0.0,2.8E-6,0.001843,0.08191,3.018,1.224,0.01596,1.483E-6,2.881E-4,4.616E-5,0.02024,0.004404,3.998E-4,0.0,0.0,0.0,0.0,0.0,0.0,0.0,0.0,0.0,0.0,0.0,0.0,0.0,0.0,0.0,0.0,0.0,0.0,0.0,0.0,0.0,0.0,2.3E-22,0.0,4.001,0.001848,0.01539,0.0,0.01654,0.008959,0.7643,0.177,0.01462,0.0,0.0,0.0,0.0,0.0,0.0,0.0,0.0,0.0,0.0,0.0,0.0,0.0,0.0,0.0,0.0,0.0,0.0,0.0,0.0,0.0,0.0,0.0,0.0,0.0,0.0,0.0,0.0,0.0,0.0,0.0,0.0,0.0,0.0,0.0,0.0,0.0,0.0,0.0,0.0,0.0,0.0,0.0,0.0,0.0,0.0,1.0E-4,18640.0,9.551999999999999E25,5913.0,1243.0,81.54,202600.0,673.0,812.8,12410.0,4072.0,2417.0,0.3167,4.381E-4,55.89,182.2,4.891,3.315,0.08566,0.03388,3.816,1.069,0.3055,0.004054,180.7,144.8,28.41,0.3864,1.878E-5,3.282E-4,1.074E-4,0.01617,0.004466,7.919E-4,19.42,1736.0,1.561,5.631,5.745,0.3159,0.1259,0.03442,3.74,0.9603,0.2113,0.0,0.0,0.0,0.0,0.0,0.0,0.0,0.0,0.0,0.0,0.0,0.4509,269.6,2.534,0.4256,0.06865,1.096,0.286,0.03892,2.889,0.7679,0.2945,6.57E-6,1466.0,7.986E-4,7.32E-5,5.661E-6,1.125E-4,3.659E-6,7.45E-7,3.429E-5,9.464E-6,4.668E-6,
0.0,0.0,0.0,0.0,0.0,0.0,0.0,0.0,0.0,0.0,0.0,0.0,0.0,0.0,0.0,0.0,0.0,0.0,0.0,0.0,0.0,0.0,2.8E-6,0.001843,0.08201,3.018,1.224,0.01596,1.483E-6,2.881E-4,4.616E-5,0.02024,0.004404,3.998E-4,0.0,0.0,0.0,0.0,0.0,0.0,0.0,0.0,0.0,0.0,0.0,0.0,0.0,0.0,0.0,0.0,0.0,0.0,0.0,0.0,0.0,0.0,2.3E-22,0.0,4.001,0.001848,0.01539,0.0,0.01654,0.008959,0.7643,0.177,0.01462,0.0,0.0,0.0,0.0,0.0,0.0,0.0,0.0,0.0,0.0,0.0,0.0,0.0,0.0,0.0,0.0,0.0,0.0,0.0,0.0,0.0,0.0,0.0,0.0,0.0,0.0,0.0,0.0,0.0,0.0,0.0,0.0,0.0,0.0,0.0,0.0,0.0,0.0,0.0,0.0,0.0,0.0,0.0,0.0,0.0,0.0,1.0E-4,18640.0,9.551999999999999E25,5913.0,1243.0,81.54,202600.0,673.0,812.8,12410.0,4072.0,2417.0,0.3167,4.337E-4,55.89,182.2,4.891,3.315,0.08566,0.03388,3.816,1.069,0.3055,0.004054,178.9,144.8,28.41,0.3864,1.878E-5,3.282E-4,1.074E-4,0.01617,0.004466,7.919E-4,19.42,1738.0,1.561,5.631,5.745,0.3159,0.1259,0.03442,3.74,0.9603,0.2113,0.0,0.0,0.0,0.0,0.0,0.0,0.0,0.0,0.0,0.0,0.0,0.4509,269.6,2.534,0.4256,0.06865,1.096,0.286,0.03892,2.889,0.7679,0.2945,6.57E-6,1468.0,7.986E-4,7.32E-5,5.661E-6,1.125E-4,3.659E-6,7.45E-7,3.429E-5,9.464E-6,4.668E-6,
0.0,0.0,0.0,0.0,0.0,0.0,0.0,0.0,0.0,0.0,0.0,0.0,0.0,0.0,0.0,0.0,0.0,0.0,0.0,0.0,0.0,0.0,2.8E-6,0.001843,0.08211,3.018,1.224,0.01596,1.483E-6,2.881E-4,4.616E-5,0.02024,0.004404,3.998E-4,0.0,0.0,0.0,0.0,0.0,0.0,0.0,0.0,0.0,0.0,0.0,0.0,0.0,0.0,0.0,0.0,0.0,0.0,0.0,0.0,0.0,0.0,2.3E-22,0.0,4.001,0.001848,0.01539,0.0,0.01654,0.008959,0.7643,0.177,0.01462,0.0,0.0,0.0,0.0,0.0,0.0,0.0,0.0,0.0,0.0,0.0,0.0,0.0,0.0,0.0,0.0,0.0,0.0,0.0,0.0,0.0,0.0,0.0,0.0,0.0,0.0,0.0,0.0,0.0,0.0,0.0,0.0,0.0,0.0,0.0,0.0,0.0,0.0,0.0,0.0,0.0,0.0,0.0,0.0,0.0,0.0,1.0E-4,18640.0,9.551999999999999E25,5913.0,1243.0,81.54,202600.0,673.0,812.8,12410.0,4072.0,2417.0,0.3167,4.294E-4,55.89,182.2,4.891,3.315,0.08566,0.03388,3.816,1.069,0.3055,0.004054,177.1,144.8,28.41,0.3864,1.878E-5,3.282E-4,1.074E-4,0.01617,0.004466,7.919E-4,19.42,1740.0,1.561,5.631,5.745,0.3159,0.1259,0.03442,3.74,0.9603,0.2113,0.0,0.0,0.0,0.0,0.0,0.0,0.0,0.0,0.0,0.0,0.0,0.4509,269.6,2.534,0.4256,0.06865,1.096,0.286,0.03892,2.889,0.7679,0.2945,6.57E-6,1470.0,7.986E-4,7.32E-5,5.661E-6,1.125E-4,3.659E-6,7.45E-7,3.429E-5,9.464E-6,4.668E-6,
0.0,0.0,0.0,0.0,0.0,0.0,0.0,0.0,0.0,0.0,0.0,0.0,0.0,0.0,0.0,0.0,0.0,0.0,0.0,0.0,0.0,0.0,2.8E-6,0.001843,0.08221,3.018,1.224,0.01596,1.483E-6,2.881E-4,4.616E-5,0.02024,0.004404,3.998E-4,0.0,0.0,0.0,0.0,0.0,0.0,0.0,0.0,0.0,0.0,0.0,0.0,0.0,0.0,0.0,0.0,0.0,0.0,0.0,0.0,0.0,0.0,2.3E-22,0.0,4.001,0.001848,0.01539,0.0,0.01654,0.008959,0.7643,0.177,0.01462,0.0,0.0,0.0,0.0,0.0,0.0,0.0,0.0,0.0,0.0,0.0,0.0,0.0,0.0,0.0,0.0,0.0,0.0,0.0,0.0,0.0,0.0,0.0,0.0,0.0,0.0,0.0,0.0,0.0,0.0,0.0,0.0,0.0,0.0,0.0,0.0,0.0,0.0,0.0,0.0,0.0,0.0,0.0,0.0,0.0,0.0,1.0E-4,18640.0,9.551999999999999E25,5913.0,1243.0,81.54,202600.0,673.0,812.8,12410.0,4072.0,2417.0,0.3167,4.252E-4,55.89,182.2,4.891,3.315,0.08566,0.03388,3.816,1.069,0.3055,0.004054,175.3,144.8,28.41,0.3864,1.878E-5,3.282E-4,1.074E-4,0.01617,0.004466,7.919E-4,19.42,1741.0,1.561,5.631,5.745,0.3159,0.1259,0.03442,3.74,0.9603,0.2113,0.0,0.0,0.0,0.0,0.0,0.0,0.0,0.0,0.0,0.0,0.0,0.4509,269.6,2.534,0.4256,0.06865,1.096,0.286,0.03892,2.889,0.7679,0.2945,6.57E-6,1472.0,7.986E-4,7.32E-5,5.661E-6,1.125E-4,3.659E-6,7.45E-7,3.429E-5,9.464E-6,4.668E-6,
0.0,0.0,0.0,0.0,0.0,0.0,0.0,0.0,0.0,0.0,0.0,0.0,0.0,0.0,0.0,0.0,0.0,0.0,0.0,0.0,0.0,0.0,2.8E-6,0.001843,0.0823,3.018,1.224,0.01596,1.483E-6,2.881E-4,4.616E-5,0.02024,0.004404,3.998E-4,0.0,0.0,0.0,0.0,0.0,0.0,0.0,0.0,0.0,0.0,0.0,0.0,0.0,0.0,0.0,0.0,0.0,0.0,0.0,0.0,0.0,0.0,2.3E-22,0.0,4.001,0.001848,0.01539,0.0,0.01654,0.008959,0.7643,0.177,0.01462,0.0,0.0,0.0,0.0,0.0,0.0,0.0,0.0,0.0,0.0,0.0,0.0,0.0,0.0,0.0,0.0,0.0,0.0,0.0,0.0,0.0,0.0,0.0,0.0,0.0,0.0,0.0,0.0,0.0,0.0,0.0,0.0,0.0,0.0,0.0,0.0,0.0,0.0,0.0,0.0,0.0,0.0,0.0,0.0,0.0,0.0,1.0E-4,18640.0,9.551999999999999E25,5913.0,1243.0,81.54,202600.0,673.0,812.8,12410.0,4072.0,2417.0,0.3167,4.209E-4,55.89,182.2,4.891,3.315,0.08566,0.03388,3.816,1.069,0.3055,0.004054,173.6,144.8,28.41,0.3864,1.878E-5,3.282E-4,1.074E-4,0.01617,0.004466,7.919E-4,19.42,1743.0,1.561,5.631,5.745,0.3159,0.1259,0.03442,3.74,0.9603,0.2113,0.0,0.0,0.0,0.0,0.0,0.0,0.0,0.0,0.0,0.0,0.0,0.4509,269.6,2.534,0.4256,0.06865,1.096,0.286,0.03892,2.889,0.7679,0.2945,6.57E-6,1473.0,7.986E-4,7.32E-5,5.661E-6,1.125E-4,3.659E-6,7.45E-7,3.429E-5,9.464E-6,4.668E-6,
0.0,0.0,0.0,0.0,0.0,0.0,0.0,0.0,0.0,0.0,0.0,0.0,0.0,0.0,0.0,0.0,0.0,0.0,0.0,0.0,0.0,0.0,2.8E-6,0.001843,0.0824,3.018,1.224,0.01596,1.483E-6,2.881E-4,4.616E-5,0.02024,0.004404,3.998E-4,0.0,0.0,0.0,0.0,0.0,0.0,0.0,0.0,0.0,0.0,0.0,0.0,0.0,0.0,0.0,0.0,0.0,0.0,0.0,0.0,0.0,0.0,2.3E-22,0.0,4.001,0.001848,0.01539,0.0,0.01654,0.008959,0.7643,0.177,0.01462,0.0,0.0,0.0,0.0,0.0,0.0,0.0,0.0,0.0,0.0,0.0,0.0,0.0,0.0,0.0,0.0,0.0,0.0,0.0,0.0,0.0,0.0,0.0,0.0,0.0,0.0,0.0,0.0,0.0,0.0,0.0,0.0,0.0,0.0,0.0,0.0,0.0,0.0,0.0,0.0,0.0,0.0,0.0,0.0,0.0,0.0,1.0E-4,18640.0,9.551999999999999E25,5913.0,1243.0,81.54,202600.0,673.0,812.8,12410.0,4072.0,2417.0,0.3167,4.167E-4,55.89,182.2,4.891,3.315,0.08566,0.03388,3.816,1.069,0.3055,0.004054,171.9,144.8,28.41,0.3864,1.878E-5,3.282E-4,1.074E-4,0.01617,0.004466,7.919E-4,19.42,1745.0,1.561,5.631,5.745,0.3159,0.1259,0.03442,3.74,0.9603,0.2113,0.0,0.0,0.0,0.0,0.0,0.0,0.0,0.0,0.0,0.0,0.0,0.4509,269.6,2.534,0.4256,0.06865,1.096,0.286,0.03892,2.889,0.7679,0.2945,6.57E-6,1475.0,7.986E-4,7.32E-5,5.661E-6,1.125E-4,3.659E-6,7.45E-7,3.429E-5,9.464E-6,4.668E-6,
0.0,0.0,0.0,0.0,0.0,0.0,0.0,0.0,0.0,0.0,0.0,0.0,0.0,0.0,0.0,0.0,0.0,0.0,0.0,0.0,0.0,0.0,2.8E-6,0.001843,0.0825,3.018,1.224,0.01596,1.483E-6,2.881E-4,4.616E-5,0.02024,0.004404,3.998E-4,0.0,0.0,0.0,0.0,0.0,0.0,0.0,0.0,0.0,0.0,0.0,0.0,0.0,0.0,0.0,0.0,0.0,0.0,0.0,0.0,0.0,0.0,2.3E-22,0.0,4.001,0.001848,0.01539,0.0,0.01654,0.008959,0.7643,0.177,0.01462,0.0,0.0,0.0,0.0,0.0,0.0,0.0,0.0,0.0,0.0,0.0,0.0,0.0,0.0,0.0,0.0,0.0,0.0,0.0,0.0,0.0,0.0,0.0,0.0,0.0,0.0,0.0,0.0,0.0,0.0,0.0,0.0,0.0,0.0,0.0,0.0,0.0,0.0,0.0,0.0,0.0,0.0,0.0,0.0,0.0,0.0,1.0E-4,18640.0,9.551999999999999E25,5913.0,1243.0,81.54,202600.0,673.0,812.8,12410.0,4072.0,2417.0,0.3167,4.126E-4,55.89,182.2,4.891,3.315,0.08566,0.03388,3.816,1.069,0.3055,0.004054,170.1,144.8,28.41,0.3864,1.878E-5,3.282E-4,1.074E-4,0.01617,0.004466,7.919E-4,19.42,1747.0,1.561,5.631,5.745,0.3159,0.1259,0.03442,3.74,0.9603,0.2113,0.0,0.0,0.0,0.0,0.0,0.0,0.0,0.0,0.0,0.0,0.0,0.4509,269.6,2.534,0.4256,0.06865,1.096,0.286,0.03892,2.889,0.7679,0.2945,6.57E-6,1477.0,7.986E-4,7.32E-5,5.661E-6,1.125E-4,3.659E-6,7.45E-7,3.429E-5,9.464E-6,4.668E-6,
0.0,0.0,0.0,0.0,0.0,0.0,0.0,0.0,0.0,0.0,0.0,0.0,0.0,0.0,0.0,0.0,0.0,0.0,0.0,0.0,0.0,0.0,2.8E-6,0.001843,0.08259,3.018,1.224,0.01596,1.483E-6,2.881E-4,4.616E-5,0.02024,0.004404,3.998E-4,0.0,0.0,0.0,0.0,0.0,0.0,0.0,0.0,0.0,0.0,0.0,0.0,0.0,0.0,0.0,0.0,0.0,0.0,0.0,0.0,0.0,0.0,2.3E-22,0.0,4.001,0.001848,0.01539,0.0,0.01654,0.008959,0.7643,0.177,0.01462,0.0,0.0,0.0,0.0,0.0,0.0,0.0,0.0,0.0,0.0,0.0,0.0,0.0,0.0,0.0,0.0,0.0,0.0,0.0,0.0,0.0,0.0,0.0,0.0,0.0,0.0,0.0,0.0,0.0,0.0,0.0,0.0,0.0,0.0,0.0,0.0,0.0,0.0,0.0,0.0,0.0,0.0,0.0,0.0,0.0,0.0,1.0E-4,18640.0,9.551999999999999E25,5913.0,1243.0,81.54,202600.0,673.0,812.8,12410.0,4072.0,2417.0,0.3167,4.085E-4,55.89,182.2,4.891,3.315,0.08566,0.03388,3.816,1.069,0.3055,0.004054,168.5,144.8,28.41,0.3864,1.878E-5,3.282E-4,1.074E-4,0.01617,0.004466,7.919E-4,19.42,1748.0,1.561,5.631,5.745,0.3159,0.1259,0.03442,3.74,0.9603,0.2113,0.0,0.0,0.0,0.0,0.0,0.0,0.0,0.0,0.0,0.0,0.0,0.4509,269.6,2.534,0.4256,0.06865,1.096,0.286,0.03892,2.889,0.7679,0.2945,6.57E-6,1479.0,7.986E-4,7.32E-5,5.661E-6,1.125E-4,3.659E-6,7.45E-7,3.429E-5,9.464E-6,4.668E-6,
0.0,0.0,0.0,0.0,0.0,0.0,0.0,0.0,0.0,0.0,0.0,0.0,0.0,0.0,0.0,0.0,0.0,0.0,0.0,0.0,0.0,0.0,2.8E-6,0.001843,0.08268,3.018,1.224,0.01596,1.483E-6,2.881E-4,4.616E-5,0.02024,0.004404,3.998E-4,0.0,0.0,0.0,0.0,0.0,0.0,0.0,0.0,0.0,0.0,0.0,0.0,0.0,0.0,0.0,0.0,0.0,0.0,0.0,0.0,0.0,0.0,2.3E-22,0.0,4.001,0.001848,0.01539,0.0,0.01654,0.008959,0.7643,0.177,0.01462,0.0,0.0,0.0,0.0,0.0,0.0,0.0,0.0,0.0,0.0,0.0,0.0,0.0,0.0,0.0,0.0,0.0,0.0,0.0,0.0,0.0,0.0,0.0,0.0,0.0,0.0,0.0,0.0,0.0,0.0,0.0,0.0,0.0,0.0,0.0,0.0,0.0,0.0,0.0,0.0,0.0,0.0,0.0,0.0,0.0,0.0,1.0E-4,18640.0,9.551999999999999E25,5913.0,1243.0,81.54,202600.0,673.0,812.8,12410.0,4072.0,2417.0,0.3167,4.044E-4,55.89,182.2,4.891,3.315,0.08566,0.03388,3.816,1.069,0.3055,0.004054,166.8,144.8,28.41,0.3864,1.878E-5,3.282E-4,1.074E-4,0.01617,0.004466,7.919E-4,19.42,1750.0,1.561,5.631,5.745,0.3159,0.1259,0.03442,3.74,0.9603,0.2113,0.0,0.0,0.0,0.0,0.0,0.0,0.0,0.0,0.0,0.0,0.0,0.4509,269.6,2.534,0.4256,0.06865,1.096,0.286,0.03892,2.889,0.7679,0.2945,6.57E-6,1480.0,7.986E-4,7.32E-5,5.661E-6,1.125E-4,3.659E-6,7.45E-7,3.429E-5,9.464E-6,4.668E-6,
0.0,0.0,0.0,0.0,0.0,0.0,0.0,0.0,0.0,0.0,0.0,0.0,0.0,0.0,0.0,0.0,0.0,0.0,0.0,0.0,0.0,0.0,2.8E-6,0.001843,0.08278,3.018,1.224,0.01596,1.483E-6,2.881E-4,4.616E-5,0.02024,0.004404,3.998E-4,0.0,0.0,0.0,0.0,0.0,0.0,0.0,0.0,0.0,0.0,0.0,0.0,0.0,0.0,0.0,0.0,0.0,0.0,0.0,0.0,0.0,0.0,2.3E-22,0.0,4.001,0.001848,0.01539,0.0,0.01654,0.008959,0.7643,0.177,0.01462,0.0,0.0,0.0,0.0,0.0,0.0,0.0,0.0,0.0,0.0,0.0,0.0,0.0,0.0,0.0,0.0,0.0,0.0,0.0,0.0,0.0,0.0,0.0,0.0,0.0,0.0,0.0,0.0,0.0,0.0,0.0,0.0,0.0,0.0,0.0,0.0,0.0,0.0,0.0,0.0,0.0,0.0,0.0,0.0,0.0,0.0,1.0E-4,18640.0,9.551999999999999E25,5913.0,1243.0,81.54,202600.0,673.0,812.8,12410.0,4072.0,2417.0,0.3167,4.004E-4,55.89,182.2,4.891,3.315,0.08566,0.03388,3.816,1.069,0.3055,0.004054,165.1,144.8,28.41,0.3864,1.878E-5,3.282E-4,1.074E-4,0.01617,0.004466,7.919E-4,19.42,1752.0,1.561,5.631,5.745,0.3159,0.1259,0.03442,3.74,0.9603,0.2113,0.0,0.0,0.0,0.0,0.0,0.0,0.0,0.0,0.0,0.0,0.0,0.4509,269.6,2.534,0.4256,0.06865,1.096,0.286,0.03892,2.889,0.7679,0.2945,6.57E-6,1482.0,7.986E-4,7.32E-5,5.661E-6,1.125E-4,3.659E-6,7.45E-7,3.429E-5,9.464E-6,4.668E-6,
0.0,0.0,0.0,0.0,0.0,0.0,0.0,0.0,0.0,0.0,0.0,0.0,0.0,0.0,0.0,0.0,0.0,0.0,0.0,0.0,0.0,0.0,2.8E-6,0.001843,0.08287,3.018,1.224,0.01596,1.483E-6,2.881E-4,4.616E-5,0.02024,0.004404,3.998E-4,0.0,0.0,0.0,0.0,0.0,0.0,0.0,0.0,0.0,0.0,0.0,0.0,0.0,0.0,0.0,0.0,0.0,0.0,0.0,0.0,0.0,0.0,2.3E-22,0.0,4.001,0.001848,0.01539,0.0,0.01654,0.008959,0.7643,0.177,0.01462,0.0,0.0,0.0,0.0,0.0,0.0,0.0,0.0,0.0,0.0,0.0,0.0,0.0,0.0,0.0,0.0,0.0,0.0,0.0,0.0,0.0,0.0,0.0,0.0,0.0,0.0,0.0,0.0,0.0,0.0,0.0,0.0,0.0,0.0,0.0,0.0,0.0,0.0,0.0,0.0,0.0,0.0,0.0,0.0,0.0,0.0,1.0E-4,18640.0,9.551999999999999E25,5913.0,1243.0,81.54,202600.0,673.0,812.8,12410.0,4072.0,2417.0,0.3167,3.964E-4,55.89,182.2,4.891,3.315,0.08566,0.03388,3.816,1.069,0.3055,0.004054,163.5,144.8,28.41,0.3864,1.878E-5,3.282E-4,1.074E-4,0.01617,0.004466,7.919E-4,19.42,1753.0,1.561,5.631,5.745,0.3159,0.1259,0.03442,3.74,0.9603,0.2113,0.0,0.0,0.0,0.0,0.0,0.0,0.0,0.0,0.0,0.0,0.0,0.4509,269.6,2.534,0.4256,0.06865,1.096,0.286,0.03892,2.889,0.7679,0.2945,6.57E-6,1484.0,7.986E-4,7.32E-5,5.661E-6,1.125E-4,3.659E-6,7.45E-7,3.429E-5,9.464E-6,4.668E-6,
0.0,0.0,0.0,0.0,0.0,0.0,0.0,0.0,0.0,0.0,0.0,0.0,0.0,0.0,0.0,0.0,0.0,0.0,0.0,0.0,0.0,0.0,2.8E-6,0.001843,0.08296,3.018,1.224,0.01596,1.483E-6,2.881E-4,4.616E-5,0.02024,0.004404,3.998E-4,0.0,0.0,0.0,0.0,0.0,0.0,0.0,0.0,0.0,0.0,0.0,0.0,0.0,0.0,0.0,0.0,0.0,0.0,0.0,0.0,0.0,0.0,2.3E-22,0.0,4.001,0.001848,0.01539,0.0,0.01654,0.008959,0.7643,0.177,0.01462,0.0,0.0,0.0,0.0,0.0,0.0,0.0,0.0,0.0,0.0,0.0,0.0,0.0,0.0,0.0,0.0,0.0,0.0,0.0,0.0,0.0,0.0,0.0,0.0,0.0,0.0,0.0,0.0,0.0,0.0,0.0,0.0,0.0,0.0,0.0,0.0,0.0,0.0,0.0,0.0,0.0,0.0,0.0,0.0,0.0,0.0,1.0E-4,18640.0,9.551999999999999E25,5913.0,1243.0,81.54,202600.0,673.0,812.8,12410.0,4072.0,2417.0,0.3167,3.925E-4,55.89,182.2,4.891,3.315,0.08566,0.03388,3.816,1.069,0.3055,0.004054,161.8,144.8,28.41,0.3864,1.878E-5,3.282E-4,1.074E-4,0.01617,0.004466,7.919E-4,19.42,1755.0,1.561,5.631,5.745,0.3159,0.1259,0.03442,3.74,0.9603,0.2113,0.0,0.0,0.0,0.0,0.0,0.0,0.0,0.0,0.0,0.0,0.0,0.4509,269.6,2.534,0.4256,0.06865,1.096,0.286,0.03892,2.889,0.7679,0.2945,6.57E-6,1485.0,7.986E-4,7.32E-5,5.661E-6,1.125E-4,3.659E-6,7.45E-7,3.429E-5,9.464E-6,4.668E-6,
0.0,0.0,0.0,0.0,0.0,0.0,0.0,0.0,0.0,0.0,0.0,0.0,0.0,0.0,0.0,0.0,0.0,0.0,0.0,0.0,0.0,0.0,2.8E-6,0.001843,0.08305,3.018,1.224,0.01596,1.483E-6,2.881E-4,4.616E-5,0.02024,0.004404,3.998E-4,0.0,0.0,0.0,0.0,0.0,0.0,0.0,0.0,0.0,0.0,0.0,0.0,0.0,0.0,0.0,0.0,0.0,0.0,0.0,0.0,0.0,0.0,2.3E-22,0.0,4.001,0.001848,0.01539,0.0,0.01654,0.008959,0.7643,0.177,0.01462,0.0,0.0,0.0,0.0,0.0,0.0,0.0,0.0,0.0,0.0,0.0,0.0,0.0,0.0,0.0,0.0,0.0,0.0,0.0,0.0,0.0,0.0,0.0,0.0,0.0,0.0,0.0,0.0,0.0,0.0,0.0,0.0,0.0,0.0,0.0,0.0,0.0,0.0,0.0,0.0,0.0,0.0,0.0,0.0,0.0,0.0,1.0E-4,18640.0,9.551999999999999E25,5913.0,1243.0,81.54,202600.0,673.0,812.8,12410.0,4072.0,2417.0,0.3167,3.886E-4,55.89,182.2,4.891,3.315,0.08566,0.03388,3.816,1.069,0.3055,0.004054,160.2,144.8,28.41,0.3864,1.878E-5,3.282E-4,1.074E-4,0.01617,0.004466,7.919E-4,19.42,1757.0,1.561,5.631,5.745,0.3159,0.1259,0.03442,3.74,0.9603,0.2113,0.0,0.0,0.0,0.0,0.0,0.0,0.0,0.0,0.0,0.0,0.0,0.4509,269.6,2.534,0.4256,0.06865,1.096,0.286,0.03892,2.889,0.7679,0.2945,6.57E-6,1487.0,7.986E-4,7.32E-5,5.661E-6,1.125E-4,3.659E-6,7.45E-7,3.429E-5,9.464E-6,4.668E-6,
0.0,0.0,0.0,0.0,0.0,0.0,0.0,0.0,0.0,0.0,0.0,0.0,0.0,0.0,0.0,0.0,0.0,0.0,0.0,0.0,0.0,0.0,2.8E-6,0.001843,0.08314,3.018,1.224,0.01596,1.483E-6,2.881E-4,4.616E-5,0.02024,0.004404,3.998E-4,0.0,0.0,0.0,0.0,0.0,0.0,0.0,0.0,0.0,0.0,0.0,0.0,0.0,0.0,0.0,0.0,0.0,0.0,0.0,0.0,0.0,0.0,2.3E-22,0.0,4.001,0.001848,0.01539,0.0,0.01654,0.008959,0.7643,0.177,0.01462,0.0,0.0,0.0,0.0,0.0,0.0,0.0,0.0,0.0,0.0,0.0,0.0,0.0,0.0,0.0,0.0,0.0,0.0,0.0,0.0,0.0,0.0,0.0,0.0,0.0,0.0,0.0,0.0,0.0,0.0,0.0,0.0,0.0,0.0,0.0,0.0,0.0,0.0,0.0,0.0,0.0,0.0,0.0,0.0,0.0,0.0,1.0E-4,18640.0,9.551999999999999E25,5913.0,1243.0,81.54,202600.0,673.0,812.8,12410.0,4072.0,2417.0,0.3167,3.847E-4,55.89,182.2,4.891,3.315,0.08566,0.03388,3.816,1.069,0.3055,0.004054,158.6,144.8,28.41,0.3864,1.878E-5,3.282E-4,1.074E-4,0.01617,0.004466,7.919E-4,19.42,1758.0,1.561,5.631,5.745,0.3159,0.1259,0.03442,3.74,0.9603,0.2113,0.0,0.0,0.0,0.0,0.0,0.0,0.0,0.0,0.0,0.0,0.0,0.4509,269.6,2.534,0.4256,0.06865,1.096,0.286,0.03892,2.889,0.7679,0.2945,6.57E-6,1488.0,7.986E-4,7.32E-5,5.661E-6,1.125E-4,3.659E-6,7.45E-7,3.429E-5,9.464E-6,4.668E-6,
0.0,0.0,0.0,0.0,0.0,0.0,0.0,0.0,0.0,0.0,0.0,0.0,0.0,0.0,0.0,0.0,0.0,0.0,0.0,0.0,0.0,0.0,2.8E-6,0.001843,0.08323,3.018,1.224,0.01596,1.483E-6,2.881E-4,4.616E-5,0.02024,0.004404,3.998E-4,0.0,0.0,0.0,0.0,0.0,0.0,0.0,0.0,0.0,0.0,0.0,0.0,0.0,0.0,0.0,0.0,0.0,0.0,0.0,0.0,0.0,0.0,2.3E-22,0.0,4.001,0.001848,0.01539,0.0,0.01654,0.008959,0.7643,0.177,0.01462,0.0,0.0,0.0,0.0,0.0,0.0,0.0,0.0,0.0,0.0,0.0,0.0,0.0,0.0,0.0,0.0,0.0,0.0,0.0,0.0,0.0,0.0,0.0,0.0,0.0,0.0,0.0,0.0,0.0,0.0,0.0,0.0,0.0,0.0,0.0,0.0,0.0,0.0,0.0,0.0,0.0,0.0,0.0,0.0,0.0,0.0,1.0E-4,18640.0,9.551999999999999E25,5913.0,1243.0,81.54,202600.0,673.0,812.8,12410.0,4072.0,2417.0,0.3167,3.809E-4,55.89,182.2,4.891,3.315,0.08566,0.03388,3.816,1.069,0.3055,0.004054,157.1,144.8,28.41,0.3864,1.878E-5,3.282E-4,1.074E-4,0.01617,0.004466,7.919E-4,19.42,1760.0,1.561,5.631,5.745,0.3159,0.1259,0.03442,3.74,0.9603,0.2113,0.0,0.0,0.0,0.0,0.0,0.0,0.0,0.0,0.0,0.0,0.0,0.4509,269.6,2.534,0.4256,0.06865,1.096,0.286,0.03892,2.889,0.7679,0.2945,6.57E-6,1490.0,7.986E-4,7.32E-5,5.661E-6,1.125E-4,3.659E-6,7.45E-7,3.429E-5,9.464E-6,4.668E-6,
0.0,0.0,0.0,0.0,0.0,0.0,0.0,0.0,0.0,0.0,0.0,0.0,0.0,0.0,0.0,0.0,0.0,0.0,0.0,0.0,0.0,0.0,2.8E-6,0.001843,0.08331,3.018,1.224,0.01596,1.483E-6,2.881E-4,4.616E-5,0.02024,0.004404,3.998E-4,0.0,0.0,0.0,0.0,0.0,0.0,0.0,0.0,0.0,0.0,0.0,0.0,0.0,0.0,0.0,0.0,0.0,0.0,0.0,0.0,0.0,0.0,2.3E-22,0.0,4.001,0.001848,0.01539,0.0,0.01654,0.008959,0.7643,0.177,0.01462,0.0,0.0,0.0,0.0,0.0,0.0,0.0,0.0,0.0,0.0,0.0,0.0,0.0,0.0,0.0,0.0,0.0,0.0,0.0,0.0,0.0,0.0,0.0,0.0,0.0,0.0,0.0,0.0,0.0,0.0,0.0,0.0,0.0,0.0,0.0,0.0,0.0,0.0,0.0,0.0,0.0,0.0,0.0,0.0,0.0,0.0,1.0E-4,18640.0,9.551999999999999E25,5913.0,1243.0,81.54,202600.0,673.0,812.8,12410.0,4072.0,2417.0,0.3167,3.771E-4,55.89,182.2,4.891,3.315,0.08566,0.03388,3.816,1.069,0.3055,0.004054,155.5,144.8,28.41,0.3864,1.878E-5,3.282E-4,1.074E-4,0.01617,0.004466,7.919E-4,19.42,1761.0,1.561,5.631,5.745,0.3159,0.1259,0.03442,3.74,0.9603,0.2113,0.0,0.0,0.0,0.0,0.0,0.0,0.0,0.0,0.0,0.0,0.0,0.4509,269.6,2.534,0.4256,0.06865,1.096,0.286,0.03892,2.889,0.7679,0.2945,6.57E-6,1492.0,7.986E-4,7.32E-5,5.661E-6,1.125E-4,3.659E-6,7.45E-7,3.429E-5,9.464E-6,4.668E-6,
0.0,0.0,0.0,0.0,0.0,0.0,0.0,0.0,0.0,0.0,0.0,0.0,0.0,0.0,0.0,0.0,0.0,0.0,0.0,0.0,0.0,0.0,2.8E-6,0.001843,0.0834,3.018,1.224,0.01596,1.483E-6,2.881E-4,4.616E-5,0.02024,0.004404,3.998E-4,0.0,0.0,0.0,0.0,0.0,0.0,0.0,0.0,0.0,0.0,0.0,0.0,0.0,0.0,0.0,0.0,0.0,0.0,0.0,0.0,0.0,0.0,2.3E-22,0.0,4.001,0.001848,0.01539,0.0,0.01654,0.008959,0.7643,0.177,0.01462,0.0,0.0,0.0,0.0,0.0,0.0,0.0,0.0,0.0,0.0,0.0,0.0,0.0,0.0,0.0,0.0,0.0,0.0,0.0,0.0,0.0,0.0,0.0,0.0,0.0,0.0,0.0,0.0,0.0,0.0,0.0,0.0,0.0,0.0,0.0,0.0,0.0,0.0,0.0,0.0,0.0,0.0,0.0,0.0,0.0,0.0,1.0E-4,18640.0,9.551999999999999E25,5913.0,1243.0,81.54,202600.0,673.0,812.8,12410.0,4072.0,2417.0,0.3167,3.733E-4,55.89,182.2,4.891,3.315,0.08566,0.03388,3.816,1.069,0.3055,0.004054,154.0,144.8,28.41,0.3864,1.878E-5,3.282E-4,1.074E-4,0.01617,0.004466,7.919E-4,19.42,1763.0,1.561,5.631,5.745,0.3159,0.1259,0.03442,3.74,0.9603,0.2113,0.0,0.0,0.0,0.0,0.0,0.0,0.0,0.0,0.0,0.0,0.0,0.4509,269.6,2.534,0.4256,0.06865,1.096,0.286,0.03892,2.889,0.7679,0.2945,6.57E-6,1493.0,7.986E-4,7.32E-5,5.661E-6,1.125E-4,3.659E-6,7.45E-7,3.429E-5,9.464E-6,4.668E-6,
0.0,0.0,0.0,0.0,0.0,0.0,0.0,0.0,0.0,0.0,0.0,0.0,0.0,0.0,0.0,0.0,0.0,0.0,0.0,0.0,0.0,0.0,2.8E-6,0.001843,0.08349,3.018,1.224,0.01596,1.483E-6,2.881E-4,4.616E-5,0.02024,0.004404,3.998E-4,0.0,0.0,0.0,0.0,0.0,0.0,0.0,0.0,0.0,0.0,0.0,0.0,0.0,0.0,0.0,0.0,0.0,0.0,0.0,0.0,0.0,0.0,2.3E-22,0.0,4.001,0.001848,0.01539,0.0,0.01654,0.008959,0.7643,0.177,0.01462,0.0,0.0,0.0,0.0,0.0,0.0,0.0,0.0,0.0,0.0,0.0,0.0,0.0,0.0,0.0,0.0,0.0,0.0,0.0,0.0,0.0,0.0,0.0,0.0,0.0,0.0,0.0,0.0,0.0,0.0,0.0,0.0,0.0,0.0,0.0,0.0,0.0,0.0,0.0,0.0,0.0,0.0,0.0,0.0,0.0,0.0,1.0E-4,18640.0,9.551999999999999E25,5913.0,1243.0,81.54,202600.0,673.0,812.8,12410.0,4072.0,2417.0,0.3167,3.696E-4,55.89,182.2,4.891,3.315,0.08566,0.03388,3.816,1.069,0.3055,0.004054,152.4,144.8,28.41,0.3864,1.878E-5,3.282E-4,1.074E-4,0.01617,0.004466,7.919E-4,19.42,1764.0,1.561,5.631,5.745,0.3159,0.1259,0.03442,3.74,0.9603,0.2113,0.0,0.0,0.0,0.0,0.0,0.0,0.0,0.0,0.0,0.0,0.0,0.4509,269.6,2.534,0.4256,0.06865,1.096,0.286,0.03892,2.889,0.7679,0.2945,6.57E-6,1495.0,7.986E-4,7.32E-5,5.661E-6,1.125E-4,3.659E-6,7.45E-7,3.429E-5,9.464E-6,4.668E-6,
0.0,0.0,0.0,0.0,0.0,0.0,0.0,0.0,0.0,0.0,0.0,0.0,0.0,0.0,0.0,0.0,0.0,0.0,0.0,0.0,0.0,0.0,2.8E-6,0.001843,0.08357,3.018,1.224,0.01596,1.483E-6,2.881E-4,4.616E-5,0.02024,0.004404,3.998E-4,0.0,0.0,0.0,0.0,0.0,0.0,0.0,0.0,0.0,0.0,0.0,0.0,0.0,0.0,0.0,0.0,0.0,0.0,0.0,0.0,0.0,0.0,2.3E-22,0.0,4.001,0.001848,0.01539,0.0,0.01654,0.008959,0.7643,0.177,0.01462,0.0,0.0,0.0,0.0,0.0,0.0,0.0,0.0,0.0,0.0,0.0,0.0,0.0,0.0,0.0,0.0,0.0,0.0,0.0,0.0,0.0,0.0,0.0,0.0,0.0,0.0,0.0,0.0,0.0,0.0,0.0,0.0,0.0,0.0,0.0,0.0,0.0,0.0,0.0,0.0,0.0,0.0,0.0,0.0,0.0,0.0,1.0E-4,18640.0,9.551999999999999E25,5913.0,1243.0,81.54,202600.0,673.0,812.8,12410.0,4072.0,2417.0,0.3167,3.659E-4,55.89,182.2,4.891,3.315,0.08566,0.03388,3.816,1.069,0.3055,0.004054,150.9,144.8,28.41,0.3864,1.878E-5,3.282E-4,1.074E-4,0.01617,0.004466,7.919E-4,19.42,1766.0,1.561,5.631,5.745,0.3159,0.1259,0.03442,3.74,0.9603,0.2113,0.0,0.0,0.0,0.0,0.0,0.0,0.0,0.0,0.0,0.0,0.0,0.4509,269.6,2.534,0.4256,0.06865,1.096,0.286,0.03892,2.889,0.7679,0.2945,6.57E-6,1496.0,7.986E-4,7.32E-5,5.661E-6,1.125E-4,3.659E-6,7.45E-7,3.429E-5,9.464E-6,4.668E-6,
0.0,0.0,0.0,0.0,0.0,0.0,0.0,0.0,0.0,0.0,0.0,0.0,0.0,0.0,0.0,0.0,0.0,0.0,0.0,0.0,0.0,0.0,2.8E-6,0.001843,0.08365,3.018,1.224,0.01596,1.483E-6,2.881E-4,4.616E-5,0.02024,0.004404,3.998E-4,0.0,0.0,0.0,0.0,0.0,0.0,0.0,0.0,0.0,0.0,0.0,0.0,0.0,0.0,0.0,0.0,0.0,0.0,0.0,0.0,0.0,0.0,2.3E-22,0.0,4.001,0.001848,0.01539,0.0,0.01654,0.008959,0.7643,0.177,0.01462,0.0,0.0,0.0,0.0,0.0,0.0,0.0,0.0,0.0,0.0,0.0,0.0,0.0,0.0,0.0,0.0,0.0,0.0,0.0,0.0,0.0,0.0,0.0,0.0,0.0,0.0,0.0,0.0,0.0,0.0,0.0,0.0,0.0,0.0,0.0,0.0,0.0,0.0,0.0,0.0,0.0,0.0,0.0,0.0,0.0,0.0,1.0E-4,18640.0,9.551999999999999E25,5913.0,1243.0,81.54,202600.0,673.0,812.8,12410.0,4072.0,2417.0,0.3167,3.623E-4,55.89,182.2,4.891,3.315,0.08566,0.03388,3.816,1.069,0.3055,0.004054,149.4,144.8,28.41,0.3864,1.878E-5,3.282E-4,1.074E-4,0.01617,0.004466,7.919E-4,19.42,1767.0,1.561,5.631,5.745,0.3159,0.1259,0.03442,3.74,0.9603,0.2113,0.0,0.0,0.0,0.0,0.0,0.0,0.0,0.0,0.0,0.0,0.0,0.4509,269.6,2.534,0.4256,0.06865,1.096,0.286,0.03892,2.889,0.7679,0.2945,6.57E-6,1498.0,7.986E-4,7.32E-5,5.661E-6,1.125E-4,3.659E-6,7.45E-7,3.429E-5,9.464E-6,4.668E-6,
0.0,0.0,0.0,0.0,0.0,0.0,0.0,0.0,0.0,0.0,0.0,0.0,0.0,0.0,0.0,0.0,0.0,0.0,0.0,0.0,0.0,0.0,2.8E-6,0.001843,0.08374,3.018,1.224,0.01596,1.483E-6,2.881E-4,4.616E-5,0.02024,0.004404,3.998E-4,0.0,0.0,0.0,0.0,0.0,0.0,0.0,0.0,0.0,0.0,0.0,0.0,0.0,0.0,0.0,0.0,0.0,0.0,0.0,0.0,0.0,0.0,2.3E-22,0.0,4.001,0.001848,0.01539,0.0,0.01654,0.008959,0.7643,0.177,0.01462,0.0,0.0,0.0,0.0,0.0,0.0,0.0,0.0,0.0,0.0,0.0,0.0,0.0,0.0,0.0,0.0,0.0,0.0,0.0,0.0,0.0,0.0,0.0,0.0,0.0,0.0,0.0,0.0,0.0,0.0,0.0,0.0,0.0,0.0,0.0,0.0,0.0,0.0,0.0,0.0,0.0,0.0,0.0,0.0,0.0,0.0,1.0E-4,18640.0,9.551999999999999E25,5913.0,1243.0,81.54,202600.0,673.0,812.8,12410.0,4072.0,2417.0,0.3167,3.587E-4,55.89,182.2,4.891,3.315,0.08566,0.03388,3.816,1.069,0.3055,0.004054,147.9,144.8,28.41,0.3864,1.878E-5,3.282E-4,1.074E-4,0.01617,0.004466,7.919E-4,19.42,1769.0,1.561,5.631,5.745,0.3159,0.1259,0.03442,3.74,0.9603,0.2113,0.0,0.0,0.0,0.0,0.0,0.0,0.0,0.0,0.0,0.0,0.0,0.4509,269.6,2.534,0.4256,0.06865,1.096,0.286,0.03892,2.889,0.7679,0.2945,6.57E-6,1499.0,7.986E-4,7.32E-5,5.661E-6,1.125E-4,3.659E-6,7.45E-7,3.429E-5,9.464E-6,4.668E-6,
0.0,0.0,0.0,0.0,0.0,0.0,0.0,0.0,0.0,0.0,0.0,0.0,0.0,0.0,0.0,0.0,0.0,0.0,0.0,0.0,0.0,0.0,2.8E-6,0.001843,0.08382,3.018,1.224,0.01596,1.483E-6,2.881E-4,4.616E-5,0.02024,0.004404,3.998E-4,0.0,0.0,0.0,0.0,0.0,0.0,0.0,0.0,0.0,0.0,0.0,0.0,0.0,0.0,0.0,0.0,0.0,0.0,0.0,0.0,0.0,0.0,2.3E-22,0.0,4.001,0.001848,0.01539,0.0,0.01654,0.008959,0.7643,0.177,0.01462,0.0,0.0,0.0,0.0,0.0,0.0,0.0,0.0,0.0,0.0,0.0,0.0,0.0,0.0,0.0,0.0,0.0,0.0,0.0,0.0,0.0,0.0,0.0,0.0,0.0,0.0,0.0,0.0,0.0,0.0,0.0,0.0,0.0,0.0,0.0,0.0,0.0,0.0,0.0,0.0,0.0,0.0,0.0,0.0,0.0,0.0,1.0E-4,18640.0,9.551999999999999E25,5913.0,1243.0,81.54,202600.0,673.0,812.8,12410.0,4072.0,2417.0,0.3167,3.551E-4,55.89,182.2,4.891,3.315,0.08566,0.03388,3.816,1.069,0.3055,0.004054,146.4,144.8,28.41,0.3864,1.878E-5,3.282E-4,1.074E-4,0.01617,0.004466,7.919E-4,19.42,1770.0,1.561,5.631,5.745,0.3159,0.1259,0.03442,3.74,0.9603,0.2113,0.0,0.0,0.0,0.0,0.0,0.0,0.0,0.0,0.0,0.0,0.0,0.4509,269.6,2.534,0.4256,0.06865,1.096,0.286,0.03892,2.889,0.7679,0.2945,6.57E-6,1501.0,7.986E-4,7.32E-5,5.661E-6,1.125E-4,3.659E-6,7.45E-7,3.429E-5,9.464E-6,4.668E-6,
0.0,0.0,0.0,0.0,0.0,0.0,0.0,0.0,0.0,0.0,0.0,0.0,0.0,0.0,0.0,0.0,0.0,0.0,0.0,0.0,0.0,0.0,2.8E-6,0.001843,0.0839,3.018,1.224,0.01596,1.483E-6,2.881E-4,4.616E-5,0.02024,0.004404,3.998E-4,0.0,0.0,0.0,0.0,0.0,0.0,0.0,0.0,0.0,0.0,0.0,0.0,0.0,0.0,0.0,0.0,0.0,0.0,0.0,0.0,0.0,0.0,2.3E-22,0.0,4.001,0.001848,0.01539,0.0,0.01654,0.008959,0.7643,0.177,0.01462,0.0,0.0,0.0,0.0,0.0,0.0,0.0,0.0,0.0,0.0,0.0,0.0,0.0,0.0,0.0,0.0,0.0,0.0,0.0,0.0,0.0,0.0,0.0,0.0,0.0,0.0,0.0,0.0,0.0,0.0,0.0,0.0,0.0,0.0,0.0,0.0,0.0,0.0,0.0,0.0,0.0,0.0,0.0,0.0,0.0,0.0,1.0E-4,18640.0,9.551999999999999E25,5913.0,1243.0,81.54,202600.0,673.0,812.8,12410.0,4072.0,2417.0,0.3167,3.516E-4,55.89,182.2,4.891,3.315,0.08566,0.03388,3.816,1.069,0.3055,0.004054,145.0,144.8,28.41,0.3864,1.878E-5,3.282E-4,1.074E-4,0.01617,0.004466,7.919E-4,19.42,1772.0,1.561,5.631,5.745,0.3159,0.1259,0.03442,3.74,0.9603,0.2113,0.0,0.0,0.0,0.0,0.0,0.0,0.0,0.0,0.0,0.0,0.0,0.4509,269.6,2.534,0.4256,0.06865,1.096,0.286,0.03892,2.889,0.7679,0.2945,6.57E-6,1502.0,7.986E-4,7.32E-5,5.661E-6,1.125E-4,3.659E-6,7.45E-7,3.429E-5,9.464E-6,4.668E-6,
0.0,0.0,0.0,0.0,0.0,0.0,0.0,0.0,0.0,0.0,0.0,0.0,0.0,0.0,0.0,0.0,0.0,0.0,0.0,0.0,0.0,0.0,2.8E-6,0.001843,0.08398,3.018,1.224,0.01596,1.483E-6,2.881E-4,4.616E-5,0.02024,0.004404,3.998E-4,0.0,0.0,0.0,0.0,0.0,0.0,0.0,0.0,0.0,0.0,0.0,0.0,0.0,0.0,0.0,0.0,0.0,0.0,0.0,0.0,0.0,0.0,2.3E-22,0.0,4.001,0.001848,0.01539,0.0,0.01654,0.008959,0.7643,0.177,0.01462,0.0,0.0,0.0,0.0,0.0,0.0,0.0,0.0,0.0,0.0,0.0,0.0,0.0,0.0,0.0,0.0,0.0,0.0,0.0,0.0,0.0,0.0,0.0,0.0,0.0,0.0,0.0,0.0,0.0,0.0,0.0,0.0,0.0,0.0,0.0,0.0,0.0,0.0,0.0,0.0,0.0,0.0,0.0,0.0,0.0,0.0,1.0E-4,18640.0,9.551999999999999E25,5913.0,1243.0,81.54,202600.0,673.0,812.8,12410.0,4072.0,2417.0,0.3167,3.481E-4,55.89,182.2,4.891,3.315,0.08566,0.03388,3.816,1.069,0.3055,0.004054,143.5,144.8,28.41,0.3864,1.878E-5,3.282E-4,1.074E-4,0.01617,0.004466,7.919E-4,19.42,1773.0,1.561,5.631,5.745,0.3159,0.1259,0.03442,3.74,0.9603,0.2113,0.0,0.0,0.0,0.0,0.0,0.0,0.0,0.0,0.0,0.0,0.0,0.4509,269.6,2.534,0.4256,0.06865,1.096,0.286,0.03892,2.889,0.7679,0.2945,6.57E-6,1503.0,7.986E-4,7.32E-5,5.661E-6,1.125E-4,3.659E-6,7.45E-7,3.429E-5,9.464E-6,4.668E-6,
0.0,0.0,0.0,0.0,0.0,0.0,0.0,0.0,0.0,0.0,0.0,0.0,0.0,0.0,0.0,0.0,0.0,0.0,0.0,0.0,0.0,0.0,2.8E-6,0.001843,0.08406,3.018,1.224,0.01596,1.483E-6,2.881E-4,4.616E-5,0.02024,0.004404,3.998E-4,0.0,0.0,0.0,0.0,0.0,0.0,0.0,0.0,0.0,0.0,0.0,0.0,0.0,0.0,0.0,0.0,0.0,0.0,0.0,0.0,0.0,0.0,2.3E-22,0.0,4.001,0.001848,0.01539,0.0,0.01654,0.008959,0.7643,0.177,0.01462,0.0,0.0,0.0,0.0,0.0,0.0,0.0,0.0,0.0,0.0,0.0,0.0,0.0,0.0,0.0,0.0,0.0,0.0,0.0,0.0,0.0,0.0,0.0,0.0,0.0,0.0,0.0,0.0,0.0,0.0,0.0,0.0,0.0,0.0,0.0,0.0,0.0,0.0,0.0,0.0,0.0,0.0,0.0,0.0,0.0,0.0,1.0E-4,18640.0,9.551999999999999E25,5913.0,1243.0,81.54,202600.0,673.0,812.8,12410.0,4072.0,2417.0,0.3167,3.446E-4,55.89,182.2,4.891,3.315,0.08566,0.03388,3.816,1.069,0.3055,0.004054,142.1,144.8,28.41,0.3864,1.878E-5,3.282E-4,1.074E-4,0.01617,0.004466,7.919E-4,19.42,1775.0,1.561,5.631,5.745,0.3159,0.1259,0.03442,3.74,0.9603,0.2113,0.0,0.0,0.0,0.0,0.0,0.0,0.0,0.0,0.0,0.0,0.0,0.4509,269.6,2.534,0.4256,0.06865,1.096,0.286,0.03892,2.889,0.7679,0.2945,6.57E-6,1505.0,7.986E-4,7.32E-5,5.661E-6,1.125E-4,3.659E-6,7.45E-7,3.429E-5,9.464E-6,4.668E-6,
0.0,0.0,0.0,0.0,0.0,0.0,0.0,0.0,0.0,0.0,0.0,0.0,0.0,0.0,0.0,0.0,0.0,0.0,0.0,0.0,0.0,0.0,2.8E-6,0.001843,0.08414,3.018,1.224,0.01596,1.483E-6,2.881E-4,4.616E-5,0.02024,0.004404,3.998E-4,0.0,0.0,0.0,0.0,0.0,0.0,0.0,0.0,0.0,0.0,0.0,0.0,0.0,0.0,0.0,0.0,0.0,0.0,0.0,0.0,0.0,0.0,2.3E-22,0.0,4.001,0.001848,0.01539,0.0,0.01654,0.008959,0.7643,0.177,0.01462,0.0,0.0,0.0,0.0,0.0,0.0,0.0,0.0,0.0,0.0,0.0,0.0,0.0,0.0,0.0,0.0,0.0,0.0,0.0,0.0,0.0,0.0,0.0,0.0,0.0,0.0,0.0,0.0,0.0,0.0,0.0,0.0,0.0,0.0,0.0,0.0,0.0,0.0,0.0,0.0,0.0,0.0,0.0,0.0,0.0,0.0,1.0E-4,18640.0,9.551999999999999E25,5913.0,1243.0,81.54,202600.0,673.0,812.8,12410.0,4072.0,2417.0,0.3167,3.412E-4,55.89,182.2,4.891,3.315,0.08566,0.03388,3.816,1.069,0.3055,0.004054,140.7,144.8,28.41,0.3864,1.878E-5,3.282E-4,1.074E-4,0.01617,0.004466,7.919E-4,19.42,1776.0,1.561,5.631,5.745,0.3159,0.1259,0.03442,3.74,0.9603,0.2113,0.0,0.0,0.0,0.0,0.0,0.0,0.0,0.0,0.0,0.0,0.0,0.4509,269.6,2.534,0.4256,0.06865,1.096,0.286,0.03892,2.889,0.7679,0.2945,6.57E-6,1506.0,7.986E-4,7.32E-5,5.661E-6,1.125E-4,3.659E-6,7.45E-7,3.429E-5,9.464E-6,4.668E-6,
0.0,0.0,0.0,0.0,0.0,0.0,0.0,0.0,0.0,0.0,0.0,0.0,0.0,0.0,0.0,0.0,0.0,0.0,0.0,0.0,0.0,0.0,2.8E-6,0.001843,0.08422,3.018,1.224,0.01596,1.483E-6,2.881E-4,4.616E-5,0.02024,0.004404,3.998E-4,0.0,0.0,0.0,0.0,0.0,0.0,0.0,0.0,0.0,0.0,0.0,0.0,0.0,0.0,0.0,0.0,0.0,0.0,0.0,0.0,0.0,0.0,2.3E-22,0.0,4.001,0.001848,0.01539,0.0,0.01654,0.008959,0.7643,0.177,0.01462,0.0,0.0,0.0,0.0,0.0,0.0,0.0,0.0,0.0,0.0,0.0,0.0,0.0,0.0,0.0,0.0,0.0,0.0,0.0,0.0,0.0,0.0,0.0,0.0,0.0,0.0,0.0,0.0,0.0,0.0,0.0,0.0,0.0,0.0,0.0,0.0,0.0,0.0,0.0,0.0,0.0,0.0,0.0,0.0,0.0,0.0,1.0E-4,18640.0,9.551999999999999E25,5913.0,1243.0,81.54,202600.0,673.0,812.8,12410.0,4072.0,2417.0,0.3167,3.378E-4,55.89,182.2,4.891,3.315,0.08566,0.03388,3.816,1.069,0.3055,0.004054,139.3,144.8,28.41,0.3864,1.878E-5,3.282E-4,1.074E-4,0.01617,0.004466,7.919E-4,19.42,1777.0,1.561,5.631,5.745,0.3159,0.1259,0.03442,3.74,0.9603,0.2113,0.0,0.0,0.0,0.0,0.0,0.0,0.0,0.0,0.0,0.0,0.0,0.4509,269.6,2.534,0.4256,0.06865,1.096,0.286,0.03892,2.889,0.7679,0.2945,6.57E-6,1508.0,7.986E-4,7.32E-5,5.661E-6,1.125E-4,3.659E-6,7.45E-7,3.429E-5,9.464E-6,4.668E-6,
0.0,0.0,0.0,0.0,0.0,0.0,0.0,0.0,0.0,0.0,0.0,0.0,0.0,0.0,0.0,0.0,0.0,0.0,0.0,0.0,0.0,0.0,2.8E-6,0.001843,0.0843,3.018,1.224,0.01596,1.483E-6,2.881E-4,4.616E-5,0.02024,0.004404,3.998E-4,0.0,0.0,0.0,0.0,0.0,0.0,0.0,0.0,0.0,0.0,0.0,0.0,0.0,0.0,0.0,0.0,0.0,0.0,0.0,0.0,0.0,0.0,2.3E-22,0.0,4.001,0.001848,0.01539,0.0,0.01654,0.008959,0.7643,0.177,0.01462,0.0,0.0,0.0,0.0,0.0,0.0,0.0,0.0,0.0,0.0,0.0,0.0,0.0,0.0,0.0,0.0,0.0,0.0,0.0,0.0,0.0,0.0,0.0,0.0,0.0,0.0,0.0,0.0,0.0,0.0,0.0,0.0,0.0,0.0,0.0,0.0,0.0,0.0,0.0,0.0,0.0,0.0,0.0,0.0,0.0,0.0,1.0E-4,18640.0,9.551999999999999E25,5913.0,1243.0,81.54,202600.0,673.0,812.8,12410.0,4072.0,2417.0,0.3167,3.344E-4,55.89,182.2,4.891,3.315,0.08566,0.03388,3.816,1.069,0.3055,0.004054,137.9,144.8,28.41,0.3864,1.878E-5,3.282E-4,1.074E-4,0.01617,0.004466,7.919E-4,19.42,1779.0,1.561,5.631,5.745,0.3159,0.1259,0.03442,3.74,0.9603,0.2113,0.0,0.0,0.0,0.0,0.0,0.0,0.0,0.0,0.0,0.0,0.0,0.4509,269.6,2.534,0.4256,0.06865,1.096,0.286,0.03892,2.889,0.7679,0.2945,6.57E-6,1509.0,7.986E-4,7.32E-5,5.661E-6,1.125E-4,3.659E-6,7.45E-7,3.429E-5,9.464E-6,4.668E-6,
0.0,0.0,0.0,0.0,0.0,0.0,0.0,0.0,0.0,0.0,0.0,0.0,0.0,0.0,0.0,0.0,0.0,0.0,0.0,0.0,0.0,0.0,2.8E-6,0.001843,0.08437,3.018,1.224,0.01596,1.483E-6,2.881E-4,4.616E-5,0.02024,0.004404,3.998E-4,0.0,0.0,0.0,0.0,0.0,0.0,0.0,0.0,0.0,0.0,0.0,0.0,0.0,0.0,0.0,0.0,0.0,0.0,0.0,0.0,0.0,0.0,2.3E-22,0.0,4.001,0.001848,0.01539,0.0,0.01654,0.008959,0.7643,0.177,0.01462,0.0,0.0,0.0,0.0,0.0,0.0,0.0,0.0,0.0,0.0,0.0,0.0,0.0,0.0,0.0,0.0,0.0,0.0,0.0,0.0,0.0,0.0,0.0,0.0,0.0,0.0,0.0,0.0,0.0,0.0,0.0,0.0,0.0,0.0,0.0,0.0,0.0,0.0,0.0,0.0,0.0,0.0,0.0,0.0,0.0,0.0,1.0E-4,18640.0,9.551999999999999E25,5913.0,1243.0,81.54,202600.0,673.0,812.8,12410.0,4072.0,2417.0,0.3167,3.311E-4,55.89,182.2,4.891,3.315,0.08566,0.03388,3.816,1.069,0.3055,0.004054,136.5,144.8,28.41,0.3864,1.878E-5,3.282E-4,1.074E-4,0.01617,0.004466,7.919E-4,19.42,1780.0,1.561,5.631,5.745,0.3159,0.1259,0.03442,3.74,0.9603,0.2113,0.0,0.0,0.0,0.0,0.0,0.0,0.0,0.0,0.0,0.0,0.0,0.4509,269.6,2.534,0.4256,0.06865,1.096,0.286,0.03892,2.889,0.7679,0.2945,6.57E-6,1510.0,7.986E-4,7.32E-5,5.661E-6,1.125E-4,3.659E-6,7.45E-7,3.429E-5,9.464E-6,4.668E-6,
0.0,0.0,0.0,0.0,0.0,0.0,0.0,0.0,0.0,0.0,0.0,0.0,0.0,0.0,0.0,0.0,0.0,0.0,0.0,0.0,0.0,0.0,2.8E-6,0.001843,0.08445,3.018,1.224,0.01596,1.483E-6,2.881E-4,4.616E-5,0.02024,0.004404,3.998E-4,0.0,0.0,0.0,0.0,0.0,0.0,0.0,0.0,0.0,0.0,0.0,0.0,0.0,0.0,0.0,0.0,0.0,0.0,0.0,0.0,0.0,0.0,2.3E-22,0.0,4.001,0.001848,0.01539,0.0,0.01654,0.008959,0.7643,0.177,0.01462,0.0,0.0,0.0,0.0,0.0,0.0,0.0,0.0,0.0,0.0,0.0,0.0,0.0,0.0,0.0,0.0,0.0,0.0,0.0,0.0,0.0,0.0,0.0,0.0,0.0,0.0,0.0,0.0,0.0,0.0,0.0,0.0,0.0,0.0,0.0,0.0,0.0,0.0,0.0,0.0,0.0,0.0,0.0,0.0,0.0,0.0,1.0E-4,18640.0,9.551999999999999E25,5913.0,1243.0,81.54,202600.0,673.0,812.8,12410.0,4072.0,2417.0,0.3167,3.278E-4,55.89,182.2,4.891,3.315,0.08566,0.03388,3.816,1.069,0.3055,0.004054,135.2,144.8,28.41,0.3864,1.878E-5,3.282E-4,1.074E-4,0.01617,0.004466,7.919E-4,19.42,1782.0,1.561,5.631,5.745,0.3159,0.1259,0.03442,3.74,0.9603,0.2113,0.0,0.0,0.0,0.0,0.0,0.0,0.0,0.0,0.0,0.0,0.0,0.4509,269.6,2.534,0.4256,0.06865,1.096,0.286,0.03892,2.889,0.7679,0.2945,6.57E-6,1512.0,7.986E-4,7.32E-5,5.661E-6,1.125E-4,3.659E-6,7.45E-7,3.429E-5,9.464E-6,4.668E-6,
0.0,0.0,0.0,0.0,0.0,0.0,0.0,0.0,0.0,0.0,0.0,0.0,0.0,0.0,0.0,0.0,0.0,0.0,0.0,0.0,0.0,0.0,2.8E-6,0.001843,0.08452,3.018,1.224,0.01596,1.483E-6,2.881E-4,4.616E-5,0.02024,0.004404,3.998E-4,0.0,0.0,0.0,0.0,0.0,0.0,0.0,0.0,0.0,0.0,0.0,0.0,0.0,0.0,0.0,0.0,0.0,0.0,0.0,0.0,0.0,0.0,2.3E-22,0.0,4.001,0.001848,0.01539,0.0,0.01654,0.008959,0.7643,0.177,0.01462,0.0,0.0,0.0,0.0,0.0,0.0,0.0,0.0,0.0,0.0,0.0,0.0,0.0,0.0,0.0,0.0,0.0,0.0,0.0,0.0,0.0,0.0,0.0,0.0,0.0,0.0,0.0,0.0,0.0,0.0,0.0,0.0,0.0,0.0,0.0,0.0,0.0,0.0,0.0,0.0,0.0,0.0,0.0,0.0,0.0,0.0,1.0E-4,18640.0,9.551999999999999E25,5913.0,1243.0,81.54,202600.0,673.0,812.8,12410.0,4072.0,2417.0,0.3167,3.245E-4,55.89,182.2,4.891,3.315,0.08566,0.03388,3.816,1.069,0.3055,0.004054,133.8,144.8,28.41,0.3864,1.878E-5,3.282E-4,1.074E-4,0.01617,0.004466,7.919E-4,19.42,1783.0,1.561,5.631,5.745,0.3159,0.1259,0.03442,3.74,0.9603,0.2113,0.0,0.0,0.0,0.0,0.0,0.0,0.0,0.0,0.0,0.0,0.0,0.4509,269.6,2.534,0.4256,0.06865,1.096,0.286,0.03892,2.889,0.7679,0.2945,6.57E-6,1513.0,7.986E-4,7.32E-5,5.661E-6,1.125E-4,3.659E-6,7.45E-7,3.429E-5,9.464E-6,4.668E-6,
0.0,0.0,0.0,0.0,0.0,0.0,0.0,0.0,0.0,0.0,0.0,0.0,0.0,0.0,0.0,0.0,0.0,0.0,0.0,0.0,0.0,0.0,2.8E-6,0.001843,0.0846,3.018,1.224,0.01596,1.483E-6,2.881E-4,4.616E-5,0.02024,0.004404,3.998E-4,0.0,0.0,0.0,0.0,0.0,0.0,0.0,0.0,0.0,0.0,0.0,0.0,0.0,0.0,0.0,0.0,0.0,0.0,0.0,0.0,0.0,0.0,2.3E-22,0.0,4.001,0.001848,0.01539,0.0,0.01654,0.008959,0.7643,0.177,0.01462,0.0,0.0,0.0,0.0,0.0,0.0,0.0,0.0,0.0,0.0,0.0,0.0,0.0,0.0,0.0,0.0,0.0,0.0,0.0,0.0,0.0,0.0,0.0,0.0,0.0,0.0,0.0,0.0,0.0,0.0,0.0,0.0,0.0,0.0,0.0,0.0,0.0,0.0,0.0,0.0,0.0,0.0,0.0,0.0,0.0,0.0,1.0E-4,18640.0,9.551999999999999E25,5913.0,1243.0,81.54,202600.0,673.0,812.8,12410.0,4072.0,2417.0,0.3167,3.213E-4,55.89,182.2,4.891,3.315,0.08566,0.03388,3.816,1.069,0.3055,0.004054,132.5,144.8,28.41,0.3864,1.878E-5,3.282E-4,1.074E-4,0.01617,0.004466,7.919E-4,19.42,1784.0,1.561,5.631,5.745,0.3159,0.1259,0.03442,3.74,0.9603,0.2113,0.0,0.0,0.0,0.0,0.0,0.0,0.0,0.0,0.0,0.0,0.0,0.4509,269.6,2.534,0.4256,0.06865,1.096,0.286,0.03892,2.889,0.7679,0.2945,6.57E-6,1515.0,7.986E-4,7.32E-5,5.661E-6,1.125E-4,3.659E-6,7.45E-7,3.429E-5,9.464E-6,4.668E-6,
0.0,0.0,0.0,0.0,0.0,0.0,0.0,0.0,0.0,0.0,0.0,0.0,0.0,0.0,0.0,0.0,0.0,0.0,0.0,0.0,0.0,0.0,2.8E-6,0.001843,0.08467,3.018,1.224,0.01596,1.483E-6,2.881E-4,4.616E-5,0.02024,0.004404,3.998E-4,0.0,0.0,0.0,0.0,0.0,0.0,0.0,0.0,0.0,0.0,0.0,0.0,0.0,0.0,0.0,0.0,0.0,0.0,0.0,0.0,0.0,0.0,2.3E-22,0.0,4.001,0.001848,0.01539,0.0,0.01654,0.008959,0.7643,0.177,0.01462,0.0,0.0,0.0,0.0,0.0,0.0,0.0,0.0,0.0,0.0,0.0,0.0,0.0,0.0,0.0,0.0,0.0,0.0,0.0,0.0,0.0,0.0,0.0,0.0,0.0,0.0,0.0,0.0,0.0,0.0,0.0,0.0,0.0,0.0,0.0,0.0,0.0,0.0,0.0,0.0,0.0,0.0,0.0,0.0,0.0,0.0,1.0E-4,18640.0,9.551999999999999E25,5913.0,1243.0,81.54,202600.0,673.0,812.8,12410.0,4072.0,2417.0,0.3167,3.181E-4,55.89,182.2,4.891,3.315,0.08566,0.03388,3.816,1.069,0.3055,0.004054,131.2,144.8,28.41,0.3864,1.878E-5,3.282E-4,1.074E-4,0.01617,0.004466,7.919E-4,19.42,1786.0,1.561,5.631,5.745,0.3159,0.1259,0.03442,3.74,0.9603,0.2113,0.0,0.0,0.0,0.0,0.0,0.0,0.0,0.0,0.0,0.0,0.0,0.4509,269.6,2.534,0.4256,0.06865,1.096,0.286,0.03892,2.889,0.7679,0.2945,6.57E-6,1516.0,7.986E-4,7.32E-5,5.661E-6,1.125E-4,3.659E-6,7.45E-7,3.429E-5,9.464E-6,4.668E-6,
0.0,0.0,0.0,0.0,0.0,0.0,0.0,0.0,0.0,0.0,0.0,0.0,0.0,0.0,0.0,0.0,0.0,0.0,0.0,0.0,0.0,0.0,2.8E-6,0.001843,0.08474,3.018,1.224,0.01596,1.483E-6,2.881E-4,4.616E-5,0.02024,0.004404,3.998E-4,0.0,0.0,0.0,0.0,0.0,0.0,0.0,0.0,0.0,0.0,0.0,0.0,0.0,0.0,0.0,0.0,0.0,0.0,0.0,0.0,0.0,0.0,2.3E-22,0.0,4.001,0.001848,0.01539,0.0,0.01654,0.008959,0.7643,0.177,0.01462,0.0,0.0,0.0,0.0,0.0,0.0,0.0,0.0,0.0,0.0,0.0,0.0,0.0,0.0,0.0,0.0,0.0,0.0,0.0,0.0,0.0,0.0,0.0,0.0,0.0,0.0,0.0,0.0,0.0,0.0,0.0,0.0,0.0,0.0,0.0,0.0,0.0,0.0,0.0,0.0,0.0,0.0,0.0,0.0,0.0,0.0,1.0E-4,18640.0,9.551999999999999E25,5913.0,1243.0,81.54,202600.0,673.0,812.8,12410.0,4072.0,2417.0,0.3167,3.15E-4,55.89,182.2,4.891,3.315,0.08566,0.03388,3.816,1.069,0.3055,0.004054,129.9,144.8,28.41,0.3864,1.878E-5,3.282E-4,1.074E-4,0.01617,0.004466,7.919E-4,19.42,1787.0,1.561,5.631,5.745,0.3159,0.1259,0.03442,3.74,0.9603,0.2113,0.0,0.0,0.0,0.0,0.0,0.0,0.0,0.0,0.0,0.0,0.0,0.4509,269.6,2.534,0.4256,0.06865,1.096,0.286,0.03892,2.889,0.7679,0.2945,6.57E-6,1517.0,7.986E-4,7.32E-5,5.661E-6,1.125E-4,3.659E-6,7.45E-7,3.429E-5,9.464E-6,4.668E-6,
0.0,0.0,0.0,0.0,0.0,0.0,0.0,0.0,0.0,0.0,0.0,0.0,0.0,0.0,0.0,0.0,0.0,0.0,0.0,0.0,0.0,0.0,2.8E-6,0.001843,0.08482,3.018,1.224,0.01596,1.483E-6,2.881E-4,4.616E-5,0.02024,0.004404,3.998E-4,0.0,0.0,0.0,0.0,0.0,0.0,0.0,0.0,0.0,0.0,0.0,0.0,0.0,0.0,0.0,0.0,0.0,0.0,0.0,0.0,0.0,0.0,2.3E-22,0.0,4.001,0.001848,0.01539,0.0,0.01654,0.008959,0.7643,0.177,0.01462,0.0,0.0,0.0,0.0,0.0,0.0,0.0,0.0,0.0,0.0,0.0,0.0,0.0,0.0,0.0,0.0,0.0,0.0,0.0,0.0,0.0,0.0,0.0,0.0,0.0,0.0,0.0,0.0,0.0,0.0,0.0,0.0,0.0,0.0,0.0,0.0,0.0,0.0,0.0,0.0,0.0,0.0,0.0,0.0,0.0,0.0,1.0E-4,18640.0,9.551999999999999E25,5913.0,1243.0,81.54,202600.0,673.0,812.8,12410.0,4072.0,2417.0,0.3167,3.118E-4,55.89,182.2,4.891,3.315,0.08566,0.03388,3.816,1.069,0.3055,0.004054,128.6,144.8,28.41,0.3864,1.878E-5,3.282E-4,1.074E-4,0.01617,0.004466,7.919E-4,19.42,1788.0,1.561,5.631,5.745,0.3159,0.1259,0.03442,3.74,0.9603,0.2113,0.0,0.0,0.0,0.0,0.0,0.0,0.0,0.0,0.0,0.0,0.0,0.4509,269.6,2.534,0.4256,0.06865,1.096,0.286,0.03892,2.889,0.7679,0.2945,6.57E-6,1518.0,7.986E-4,7.32E-5,5.661E-6,1.125E-4,3.659E-6,7.45E-7,3.429E-5,9.464E-6,4.668E-6,
0.0,0.0,0.0,0.0,0.0,0.0,0.0,0.0,0.0,0.0,0.0,0.0,0.0,0.0,0.0,0.0,0.0,0.0,0.0,0.0,0.0,0.0,2.8E-6,0.001843,0.08489,3.018,1.224,0.01596,1.483E-6,2.881E-4,4.616E-5,0.02024,0.004404,3.998E-4,0.0,0.0,0.0,0.0,0.0,0.0,0.0,0.0,0.0,0.0,0.0,0.0,0.0,0.0,0.0,0.0,0.0,0.0,0.0,0.0,0.0,0.0,2.3E-22,0.0,4.001,0.001848,0.01539,0.0,0.01654,0.008959,0.7643,0.177,0.01462,0.0,0.0,0.0,0.0,0.0,0.0,0.0,0.0,0.0,0.0,0.0,0.0,0.0,0.0,0.0,0.0,0.0,0.0,0.0,0.0,0.0,0.0,0.0,0.0,0.0,0.0,0.0,0.0,0.0,0.0,0.0,0.0,0.0,0.0,0.0,0.0,0.0,0.0,0.0,0.0,0.0,0.0,0.0,0.0,0.0,0.0,1.0E-4,18640.0,9.551999999999999E25,5913.0,1243.0,81.54,202600.0,673.0,812.8,12410.0,4072.0,2417.0,0.3167,3.087E-4,55.89,182.2,4.891,3.315,0.08566,0.03388,3.816,1.069,0.3055,0.004054,127.3,144.8,28.41,0.3864,1.878E-5,3.282E-4,1.074E-4,0.01617,0.004466,7.919E-4,19.42,1789.0,1.561,5.631,5.745,0.3159,0.1259,0.03442,3.74,0.9603,0.2113,0.0,0.0,0.0,0.0,0.0,0.0,0.0,0.0,0.0,0.0,0.0,0.4509,269.6,2.534,0.4256,0.06865,1.096,0.286,0.03892,2.889,0.7679,0.2945,6.57E-6,1520.0,7.986E-4,7.32E-5,5.661E-6,1.125E-4,3.659E-6,7.45E-7,3.429E-5,9.464E-6,4.668E-6,
0.0,0.0,0.0,0.0,0.0,0.0,0.0,0.0,0.0,0.0,0.0,0.0,0.0,0.0,0.0,0.0,0.0,0.0,0.0,0.0,0.0,0.0,2.8E-6,0.001843,0.08496,3.018,1.224,0.01596,1.483E-6,2.881E-4,4.616E-5,0.02024,0.004404,3.998E-4,0.0,0.0,0.0,0.0,0.0,0.0,0.0,0.0,0.0,0.0,0.0,0.0,0.0,0.0,0.0,0.0,0.0,0.0,0.0,0.0,0.0,0.0,2.3E-22,0.0,4.001,0.001848,0.01539,0.0,0.01654,0.008959,0.7643,0.177,0.01462,0.0,0.0,0.0,0.0,0.0,0.0,0.0,0.0,0.0,0.0,0.0,0.0,0.0,0.0,0.0,0.0,0.0,0.0,0.0,0.0,0.0,0.0,0.0,0.0,0.0,0.0,0.0,0.0,0.0,0.0,0.0,0.0,0.0,0.0,0.0,0.0,0.0,0.0,0.0,0.0,0.0,0.0,0.0,0.0,0.0,0.0,1.0E-4,18640.0,9.551999999999999E25,5913.0,1243.0,81.54,202600.0,673.0,812.8,12410.0,4072.0,2417.0,0.3167,3.056E-4,55.89,182.2,4.891,3.315,0.08566,0.03388,3.816,1.069,0.3055,0.004054,126.0,144.8,28.41,0.3864,1.878E-5,3.282E-4,1.074E-4,0.01617,0.004466,7.919E-4,19.42,1791.0,1.561,5.631,5.745,0.3159,0.1259,0.03442,3.74,0.9603,0.2113,0.0,0.0,0.0,0.0,0.0,0.0,0.0,0.0,0.0,0.0,0.0,0.4509,269.6,2.534,0.4256,0.06865,1.096,0.286,0.03892,2.889,0.7679,0.2945,6.57E-6,1521.0,7.986E-4,7.32E-5,5.661E-6,1.125E-4,3.659E-6,7.45E-7,3.429E-5,9.464E-6,4.668E-6,
0.0,0.0,0.0,0.0,0.0,0.0,0.0,0.0,0.0,0.0,0.0,0.0,0.0,0.0,0.0,0.0,0.0,0.0,0.0,0.0,0.0,0.0,2.8E-6,0.001843,0.08503,3.018,1.224,0.01596,1.483E-6,2.881E-4,4.616E-5,0.02024,0.004404,3.998E-4,0.0,0.0,0.0,0.0,0.0,0.0,0.0,0.0,0.0,0.0,0.0,0.0,0.0,0.0,0.0,0.0,0.0,0.0,0.0,0.0,0.0,0.0,2.3E-22,0.0,4.001,0.001848,0.01539,0.0,0.01654,0.008959,0.7643,0.177,0.01462,0.0,0.0,0.0,0.0,0.0,0.0,0.0,0.0,0.0,0.0,0.0,0.0,0.0,0.0,0.0,0.0,0.0,0.0,0.0,0.0,0.0,0.0,0.0,0.0,0.0,0.0,0.0,0.0,0.0,0.0,0.0,0.0,0.0,0.0,0.0,0.0,0.0,0.0,0.0,0.0,0.0,0.0,0.0,0.0,0.0,0.0,1.0E-4,18640.0,9.551999999999999E25,5913.0,1243.0,81.54,202600.0,673.0,812.8,12410.0,4072.0,2417.0,0.3167,3.026E-4,55.89,182.2,4.891,3.315,0.08566,0.03388,3.816,1.069,0.3055,0.004054,124.8,144.8,28.41,0.3864,1.878E-5,3.282E-4,1.074E-4,0.01617,0.004466,7.919E-4,19.42,1792.0,1.561,5.631,5.745,0.3159,0.1259,0.03442,3.74,0.9603,0.2113,0.0,0.0,0.0,0.0,0.0,0.0,0.0,0.0,0.0,0.0,0.0,0.4509,269.6,2.534,0.4256,0.06865,1.096,0.286,0.03892,2.889,0.7679,0.2945,6.57E-6,1522.0,7.986E-4,7.32E-5,5.661E-6,1.125E-4,3.659E-6,7.45E-7,3.429E-5,9.464E-6,4.668E-6,
0.0,0.0,0.0,0.0,0.0,0.0,0.0,0.0,0.0,0.0,0.0,0.0,0.0,0.0,0.0,0.0,0.0,0.0,0.0,0.0,0.0,0.0,2.8E-6,0.001843,0.0851,3.018,1.224,0.01596,1.483E-6,2.881E-4,4.616E-5,0.02024,0.004404,3.998E-4,0.0,0.0,0.0,0.0,0.0,0.0,0.0,0.0,0.0,0.0,0.0,0.0,0.0,0.0,0.0,0.0,0.0,0.0,0.0,0.0,0.0,0.0,2.3E-22,0.0,4.001,0.001848,0.01539,0.0,0.01654,0.008959,0.7643,0.177,0.01462,0.0,0.0,0.0,0.0,0.0,0.0,0.0,0.0,0.0,0.0,0.0,0.0,0.0,0.0,0.0,0.0,0.0,0.0,0.0,0.0,0.0,0.0,0.0,0.0,0.0,0.0,0.0,0.0,0.0,0.0,0.0,0.0,0.0,0.0,0.0,0.0,0.0,0.0,0.0,0.0,0.0,0.0,0.0,0.0,0.0,0.0,1.0E-4,18640.0,9.551999999999999E25,5913.0,1243.0,81.54,202600.0,673.0,812.8,12410.0,4072.0,2417.0,0.3167,2.996E-4,55.89,182.2,4.891,3.315,0.08566,0.03388,3.816,1.069,0.3055,0.004054,123.6,144.8,28.41,0.3864,1.878E-5,3.282E-4,1.074E-4,0.01617,0.004466,7.919E-4,19.42,1793.0,1.561,5.631,5.745,0.3159,0.1259,0.03442,3.74,0.9603,0.2113,0.0,0.0,0.0,0.0,0.0,0.0,0.0,0.0,0.0,0.0,0.0,0.4509,269.6,2.534,0.4256,0.06865,1.096,0.286,0.03892,2.889,0.7679,0.2945,6.57E-6,1523.0,7.986E-4,7.32E-5,5.661E-6,1.125E-4,3.659E-6,7.45E-7,3.429E-5,9.464E-6,4.668E-6,
0.0,0.0,0.0,0.0,0.0,0.0,0.0,0.0,0.0,0.0,0.0,0.0,0.0,0.0,0.0,0.0,0.0,0.0,0.0,0.0,0.0,0.0,2.8E-6,0.001843,0.08517,3.018,1.224,0.01596,1.483E-6,2.881E-4,4.616E-5,0.02024,0.004404,3.998E-4,0.0,0.0,0.0,0.0,0.0,0.0,0.0,0.0,0.0,0.0,0.0,0.0,0.0,0.0,0.0,0.0,0.0,0.0,0.0,0.0,0.0,0.0,2.3E-22,0.0,4.001,0.001848,0.01539,0.0,0.01654,0.008959,0.7643,0.177,0.01462,0.0,0.0,0.0,0.0,0.0,0.0,0.0,0.0,0.0,0.0,0.0,0.0,0.0,0.0,0.0,0.0,0.0,0.0,0.0,0.0,0.0,0.0,0.0,0.0,0.0,0.0,0.0,0.0,0.0,0.0,0.0,0.0,0.0,0.0,0.0,0.0,0.0,0.0,0.0,0.0,0.0,0.0,0.0,0.0,0.0,0.0,1.0E-4,18640.0,9.551999999999999E25,5913.0,1243.0,81.54,202600.0,673.0,812.8,12410.0,4072.0,2417.0,0.3167,2.966E-4,55.89,182.2,4.891,3.315,0.08566,0.03388,3.816,1.069,0.3055,0.004054,122.3,144.8,28.41,0.3864,1.878E-5,3.282E-4,1.074E-4,0.01617,0.004466,7.919E-4,19.42,1794.0,1.561,5.631,5.745,0.3159,0.1259,0.03442,3.74,0.9603,0.2113,0.0,0.0,0.0,0.0,0.0,0.0,0.0,0.0,0.0,0.0,0.0,0.4509,269.6,2.534,0.4256,0.06865,1.096,0.286,0.03892,2.889,0.7679,0.2945,6.57E-6,1525.0,7.986E-4,7.32E-5,5.661E-6,1.125E-4,3.659E-6,7.45E-7,3.429E-5,9.464E-6,4.668E-6,
0.0,0.0,0.0,0.0,0.0,0.0,0.0,0.0,0.0,0.0,0.0,0.0,0.0,0.0,0.0,0.0,0.0,0.0,0.0,0.0,0.0,0.0,2.8E-6,0.001843,0.08524,3.018,1.224,0.01596,1.483E-6,2.881E-4,4.616E-5,0.02024,0.004404,3.998E-4,0.0,0.0,0.0,0.0,0.0,0.0,0.0,0.0,0.0,0.0,0.0,0.0,0.0,0.0,0.0,0.0,0.0,0.0,0.0,0.0,0.0,0.0,2.3E-22,0.0,4.001,0.001848,0.01539,0.0,0.01654,0.008959,0.7643,0.177,0.01462,0.0,0.0,0.0,0.0,0.0,0.0,0.0,0.0,0.0,0.0,0.0,0.0,0.0,0.0,0.0,0.0,0.0,0.0,0.0,0.0,0.0,0.0,0.0,0.0,0.0,0.0,0.0,0.0,0.0,0.0,0.0,0.0,0.0,0.0,0.0,0.0,0.0,0.0,0.0,0.0,0.0,0.0,0.0,0.0,0.0,0.0,1.0E-4,18640.0,9.551999999999999E25,5913.0,1243.0,81.54,202600.0,673.0,812.8,12410.0,4072.0,2417.0,0.3167,2.937E-4,55.89,182.2,4.891,3.315,0.08566,0.03388,3.816,1.069,0.3055,0.004054,121.1,144.8,28.41,0.3864,1.878E-5,3.282E-4,1.074E-4,0.01617,0.004466,7.919E-4,19.42,1796.0,1.561,5.631,5.745,0.3159,0.1259,0.03442,3.74,0.9603,0.2113,0.0,0.0,0.0,0.0,0.0,0.0,0.0,0.0,0.0,0.0,0.0,0.4509,269.6,2.534,0.4256,0.06865,1.096,0.286,0.03892,2.889,0.7679,0.2945,6.57E-6,1526.0,7.986E-4,7.32E-5,5.661E-6,1.125E-4,3.659E-6,7.45E-7,3.429E-5,9.464E-6,4.668E-6,
0.0,0.0,0.0,0.0,0.0,0.0,0.0,0.0,0.0,0.0,0.0,0.0,0.0,0.0,0.0,0.0,0.0,0.0,0.0,0.0,0.0,0.0,2.8E-6,0.001843,0.0853,3.018,1.224,0.01596,1.483E-6,2.881E-4,4.616E-5,0.02024,0.004404,3.998E-4,0.0,0.0,0.0,0.0,0.0,0.0,0.0,0.0,0.0,0.0,0.0,0.0,0.0,0.0,0.0,0.0,0.0,0.0,0.0,0.0,0.0,0.0,2.3E-22,0.0,4.001,0.001848,0.01539,0.0,0.01654,0.008959,0.7643,0.177,0.01462,0.0,0.0,0.0,0.0,0.0,0.0,0.0,0.0,0.0,0.0,0.0,0.0,0.0,0.0,0.0,0.0,0.0,0.0,0.0,0.0,0.0,0.0,0.0,0.0,0.0,0.0,0.0,0.0,0.0,0.0,0.0,0.0,0.0,0.0,0.0,0.0,0.0,0.0,0.0,0.0,0.0,0.0,0.0,0.0,0.0,0.0,1.0E-4,18640.0,9.551999999999999E25,5913.0,1243.0,81.54,202600.0,673.0,812.8,12410.0,4072.0,2417.0,0.3167,2.907E-4,55.89,182.2,4.891,3.315,0.08566,0.03388,3.816,1.069,0.3055,0.004054,119.9,144.8,28.41,0.3864,1.878E-5,3.282E-4,1.074E-4,0.01617,0.004466,7.919E-4,19.42,1797.0,1.561,5.631,5.745,0.3159,0.1259,0.03442,3.74,0.9603,0.2113,0.0,0.0,0.0,0.0,0.0,0.0,0.0,0.0,0.0,0.0,0.0,0.4509,269.6,2.534,0.4256,0.06865,1.096,0.286,0.03892,2.889,0.7679,0.2945,6.57E-6,1527.0,7.986E-4,7.32E-5,5.661E-6,1.125E-4,3.659E-6,7.45E-7,3.429E-5,9.464E-6,4.668E-6,
0.0,0.0,0.0,0.0,0.0,0.0,0.0,0.0,0.0,0.0,0.0,0.0,0.0,0.0,0.0,0.0,0.0,0.0,0.0,0.0,0.0,0.0,2.8E-6,0.001843,0.08537,3.018,1.224,0.01596,1.483E-6,2.881E-4,4.616E-5,0.02024,0.004404,3.998E-4,0.0,0.0,0.0,0.0,0.0,0.0,0.0,0.0,0.0,0.0,0.0,0.0,0.0,0.0,0.0,0.0,0.0,0.0,0.0,0.0,0.0,0.0,2.3E-22,0.0,4.001,0.001848,0.01539,0.0,0.01654,0.008959,0.7643,0.177,0.01462,0.0,0.0,0.0,0.0,0.0,0.0,0.0,0.0,0.0,0.0,0.0,0.0,0.0,0.0,0.0,0.0,0.0,0.0,0.0,0.0,0.0,0.0,0.0,0.0,0.0,0.0,0.0,0.0,0.0,0.0,0.0,0.0,0.0,0.0,0.0,0.0,0.0,0.0,0.0,0.0,0.0,0.0,0.0,0.0,0.0,0.0,1.0E-4,18640.0,9.551999999999999E25,5913.0,1243.0,81.54,202600.0,673.0,812.8,12410.0,4072.0,2417.0,0.3167,2.878E-4,55.89,182.2,4.891,3.315,0.08566,0.03388,3.816,1.069,0.3055,0.004054,118.7,144.8,28.41,0.3864,1.878E-5,3.282E-4,1.074E-4,0.01617,0.004466,7.919E-4,19.42,1798.0,1.561,5.631,5.745,0.3159,0.1259,0.03442,3.74,0.9603,0.2113,0.0,0.0,0.0,0.0,0.0,0.0,0.0,0.0,0.0,0.0,0.0,0.4509,269.6,2.534,0.4256,0.06865,1.096,0.286,0.03892,2.889,0.7679,0.2945,6.57E-6,1528.0,7.986E-4,7.32E-5,5.661E-6,1.125E-4,3.659E-6,7.45E-7,3.429E-5,9.464E-6,4.668E-6,
0.0,0.0,0.0,0.0,0.0,0.0,0.0,0.0,0.0,0.0,0.0,0.0,0.0,0.0,0.0,0.0,0.0,0.0,0.0,0.0,0.0,0.0,2.8E-6,0.001843,0.08544,3.018,1.224,0.01596,1.483E-6,2.881E-4,4.616E-5,0.02024,0.004404,3.998E-4,0.0,0.0,0.0,0.0,0.0,0.0,0.0,0.0,0.0,0.0,0.0,0.0,0.0,0.0,0.0,0.0,0.0,0.0,0.0,0.0,0.0,0.0,2.3E-22,0.0,4.001,0.001848,0.01539,0.0,0.01654,0.008959,0.7643,0.177,0.01462,0.0,0.0,0.0,0.0,0.0,0.0,0.0,0.0,0.0,0.0,0.0,0.0,0.0,0.0,0.0,0.0,0.0,0.0,0.0,0.0,0.0,0.0,0.0,0.0,0.0,0.0,0.0,0.0,0.0,0.0,0.0,0.0,0.0,0.0,0.0,0.0,0.0,0.0,0.0,0.0,0.0,0.0,0.0,0.0,0.0,0.0,1.0E-4,18640.0,9.551999999999999E25,5913.0,1243.0,81.54,202600.0,673.0,812.8,12410.0,4072.0,2417.0,0.3167,2.85E-4,55.89,182.2,4.891,3.315,0.08566,0.03388,3.816,1.069,0.3055,0.004054,117.5,144.8,28.41,0.3864,1.878E-5,3.282E-4,1.074E-4,0.01617,0.004466,7.919E-4,19.42,1799.0,1.561,5.631,5.745,0.3159,0.1259,0.03442,3.74,0.9603,0.2113,0.0,0.0,0.0,0.0,0.0,0.0,0.0,0.0,0.0,0.0,0.0,0.4509,269.6,2.534,0.4256,0.06865,1.096,0.286,0.03892,2.889,0.7679,0.2945,6.57E-6,1530.0,7.986E-4,7.32E-5,5.661E-6,1.125E-4,3.659E-6,7.45E-7,3.429E-5,9.464E-6,4.668E-6,
0.0,0.0,0.0,0.0,0.0,0.0,0.0,0.0,0.0,0.0,0.0,0.0,0.0,0.0,0.0,0.0,0.0,0.0,0.0,0.0,0.0,0.0,2.8E-6,0.001843,0.0855,3.018,1.224,0.01596,1.483E-6,2.881E-4,4.616E-5,0.02024,0.004404,3.998E-4,0.0,0.0,0.0,0.0,0.0,0.0,0.0,0.0,0.0,0.0,0.0,0.0,0.0,0.0,0.0,0.0,0.0,0.0,0.0,0.0,0.0,0.0,2.3E-22,0.0,4.001,0.001848,0.01539,0.0,0.01654,0.008959,0.7643,0.177,0.01462,0.0,0.0,0.0,0.0,0.0,0.0,0.0,0.0,0.0,0.0,0.0,0.0,0.0,0.0,0.0,0.0,0.0,0.0,0.0,0.0,0.0,0.0,0.0,0.0,0.0,0.0,0.0,0.0,0.0,0.0,0.0,0.0,0.0,0.0,0.0,0.0,0.0,0.0,0.0,0.0,0.0,0.0,0.0,0.0,0.0,0.0,1.0E-4,18640.0,9.551999999999999E25,5913.0,1243.0,81.54,202600.0,673.0,812.8,12410.0,4072.0,2417.0,0.3167,2.821E-4,55.89,182.2,4.891,3.315,0.08566,0.03388,3.816,1.069,0.3055,0.004054,116.4,144.8,28.41,0.3864,1.878E-5,3.282E-4,1.074E-4,0.01617,0.004466,7.919E-4,19.42,1800.0,1.561,5.631,5.745,0.3159,0.1259,0.03442,3.74,0.9603,0.2113,0.0,0.0,0.0,0.0,0.0,0.0,0.0,0.0,0.0,0.0,0.0,0.4509,269.6,2.534,0.4256,0.06865,1.096,0.286,0.03892,2.889,0.7679,0.2945,6.57E-6,1531.0,7.986E-4,7.32E-5,5.661E-6,1.125E-4,3.659E-6,7.45E-7,3.429E-5,9.464E-6,4.668E-6,
0.0,0.0,0.0,0.0,0.0,0.0,0.0,0.0,0.0,0.0,0.0,0.0,0.0,0.0,0.0,0.0,0.0,0.0,0.0,0.0,0.0,0.0,2.8E-6,0.001843,0.08557,3.018,1.224,0.01596,1.483E-6,2.881E-4,4.616E-5,0.02024,0.004404,3.998E-4,0.0,0.0,0.0,0.0,0.0,0.0,0.0,0.0,0.0,0.0,0.0,0.0,0.0,0.0,0.0,0.0,0.0,0.0,0.0,0.0,0.0,0.0,2.3E-22,0.0,4.001,0.001848,0.01539,0.0,0.01654,0.008959,0.7643,0.177,0.01462,0.0,0.0,0.0,0.0,0.0,0.0,0.0,0.0,0.0,0.0,0.0,0.0,0.0,0.0,0.0,0.0,0.0,0.0,0.0,0.0,0.0,0.0,0.0,0.0,0.0,0.0,0.0,0.0,0.0,0.0,0.0,0.0,0.0,0.0,0.0,0.0,0.0,0.0,0.0,0.0,0.0,0.0,0.0,0.0,0.0,0.0,1.0E-4,18640.0,9.551999999999999E25,5913.0,1243.0,81.54,202600.0,673.0,812.8,12410.0,4072.0,2417.0,0.3167,2.793E-4,55.89,182.2,4.891,3.315,0.08566,0.03388,3.816,1.069,0.3055,0.004054,115.2,144.8,28.41,0.3864,1.878E-5,3.282E-4,1.074E-4,0.01617,0.004466,7.919E-4,19.42,1802.0,1.561,5.631,5.745,0.3159,0.1259,0.03442,3.74,0.9603,0.2113,0.0,0.0,0.0,0.0,0.0,0.0,0.0,0.0,0.0,0.0,0.0,0.4509,269.6,2.534,0.4256,0.06865,1.096,0.286,0.03892,2.889,0.7679,0.2945,6.57E-6,1532.0,7.986E-4,7.32E-5,5.661E-6,1.125E-4,3.659E-6,7.45E-7,3.429E-5,9.464E-6,4.668E-6,
0.0,0.0,0.0,0.0,0.0,0.0,0.0,0.0,0.0,0.0,0.0,0.0,0.0,0.0,0.0,0.0,0.0,0.0,0.0,0.0,0.0,0.0,2.8E-6,0.001843,0.08563,3.018,1.224,0.01596,1.483E-6,2.881E-4,4.616E-5,0.02024,0.004404,3.998E-4,0.0,0.0,0.0,0.0,0.0,0.0,0.0,0.0,0.0,0.0,0.0,0.0,0.0,0.0,0.0,0.0,0.0,0.0,0.0,0.0,0.0,0.0,2.3E-22,0.0,4.001,0.001848,0.01539,0.0,0.01654,0.008959,0.7643,0.177,0.01462,0.0,0.0,0.0,0.0,0.0,0.0,0.0,0.0,0.0,0.0,0.0,0.0,0.0,0.0,0.0,0.0,0.0,0.0,0.0,0.0,0.0,0.0,0.0,0.0,0.0,0.0,0.0,0.0,0.0,0.0,0.0,0.0,0.0,0.0,0.0,0.0,0.0,0.0,0.0,0.0,0.0,0.0,0.0,0.0,0.0,0.0,1.0E-4,18640.0,9.551999999999999E25,5913.0,1243.0,81.54,202600.0,673.0,812.8,12410.0,4072.0,2417.0,0.3167,2.766E-4,55.89,182.2,4.891,3.315,0.08566,0.03388,3.816,1.069,0.3055,0.004054,114.1,144.8,28.41,0.3864,1.878E-5,3.282E-4,1.074E-4,0.01617,0.004466,7.919E-4,19.42,1803.0,1.561,5.631,5.745,0.3159,0.1259,0.03442,3.74,0.9603,0.2113,0.0,0.0,0.0,0.0,0.0,0.0,0.0,0.0,0.0,0.0,0.0,0.4509,269.6,2.534,0.4256,0.06865,1.096,0.286,0.03892,2.889,0.7679,0.2945,6.57E-6,1533.0,7.986E-4,7.32E-5,5.661E-6,1.125E-4,3.659E-6,7.45E-7,3.429E-5,9.464E-6,4.668E-6,
0.0,0.0,0.0,0.0,0.0,0.0,0.0,0.0,0.0,0.0,0.0,0.0,0.0,0.0,0.0,0.0,0.0,0.0,0.0,0.0,0.0,0.0,2.8E-6,0.001843,0.08569,3.018,1.224,0.01596,1.483E-6,2.881E-4,4.616E-5,0.02024,0.004404,3.998E-4,0.0,0.0,0.0,0.0,0.0,0.0,0.0,0.0,0.0,0.0,0.0,0.0,0.0,0.0,0.0,0.0,0.0,0.0,0.0,0.0,0.0,0.0,2.3E-22,0.0,4.001,0.001848,0.01539,0.0,0.01654,0.008959,0.7643,0.177,0.01462,0.0,0.0,0.0,0.0,0.0,0.0,0.0,0.0,0.0,0.0,0.0,0.0,0.0,0.0,0.0,0.0,0.0,0.0,0.0,0.0,0.0,0.0,0.0,0.0,0.0,0.0,0.0,0.0,0.0,0.0,0.0,0.0,0.0,0.0,0.0,0.0,0.0,0.0,0.0,0.0,0.0,0.0,0.0,0.0,0.0,0.0,1.0E-4,18640.0,9.551999999999999E25,5913.0,1243.0,81.54,202600.0,673.0,812.8,12410.0,4072.0,2417.0,0.3167,2.738E-4,55.89,182.2,4.891,3.315,0.08566,0.03388,3.816,1.069,0.3055,0.004054,112.9,144.8,28.41,0.3864,1.878E-5,3.282E-4,1.074E-4,0.01617,0.004466,7.919E-4,19.42,1804.0,1.561,5.631,5.745,0.3159,0.1259,0.03442,3.74,0.9603,0.2113,0.0,0.0,0.0,0.0,0.0,0.0,0.0,0.0,0.0,0.0,0.0,0.4509,269.6,2.534,0.4256,0.06865,1.096,0.286,0.03892,2.889,0.7679,0.2945,6.57E-6,1534.0,7.986E-4,7.32E-5,5.661E-6,1.125E-4,3.659E-6,7.45E-7,3.429E-5,9.464E-6,4.668E-6,
0.0,0.0,0.0,0.0,0.0,0.0,0.0,0.0,0.0,0.0,0.0,0.0,0.0,0.0,0.0,0.0,0.0,0.0,0.0,0.0,0.0,0.0,2.8E-6,0.001843,0.08576,3.018,1.224,0.01596,1.483E-6,2.881E-4,4.616E-5,0.02024,0.004404,3.998E-4,0.0,0.0,0.0,0.0,0.0,0.0,0.0,0.0,0.0,0.0,0.0,0.0,0.0,0.0,0.0,0.0,0.0,0.0,0.0,0.0,0.0,0.0,2.3E-22,0.0,4.001,0.001848,0.01539,0.0,0.01654,0.008959,0.7643,0.177,0.01462,0.0,0.0,0.0,0.0,0.0,0.0,0.0,0.0,0.0,0.0,0.0,0.0,0.0,0.0,0.0,0.0,0.0,0.0,0.0,0.0,0.0,0.0,0.0,0.0,0.0,0.0,0.0,0.0,0.0,0.0,0.0,0.0,0.0,0.0,0.0,0.0,0.0,0.0,0.0,0.0,0.0,0.0,0.0,0.0,0.0,0.0,1.0E-4,18640.0,9.551999999999999E25,5913.0,1243.0,81.54,202600.0,673.0,812.8,12410.0,4072.0,2417.0,0.3167,2.711E-4,55.89,182.2,4.891,3.315,0.08566,0.03388,3.816,1.069,0.3055,0.004054,111.8,144.8,28.41,0.3864,1.878E-5,3.282E-4,1.074E-4,0.01617,0.004466,7.919E-4,19.42,1805.0,1.561,5.631,5.745,0.3159,0.1259,0.03442,3.74,0.9603,0.2113,0.0,0.0,0.0,0.0,0.0,0.0,0.0,0.0,0.0,0.0,0.0,0.4509,269.6,2.534,0.4256,0.06865,1.096,0.286,0.03892,2.889,0.7679,0.2945,6.57E-6,1535.0,7.986E-4,7.32E-5,5.661E-6,1.125E-4,3.659E-6,7.45E-7,3.429E-5,9.464E-6,4.668E-6,
0.0,0.0,0.0,0.0,0.0,0.0,0.0,0.0,0.0,0.0,0.0,0.0,0.0,0.0,0.0,0.0,0.0,0.0,0.0,0.0,0.0,0.0,2.8E-6,0.001843,0.08582,3.018,1.224,0.01596,1.483E-6,2.881E-4,4.616E-5,0.02024,0.004404,3.998E-4,0.0,0.0,0.0,0.0,0.0,0.0,0.0,0.0,0.0,0.0,0.0,0.0,0.0,0.0,0.0,0.0,0.0,0.0,0.0,0.0,0.0,0.0,2.3E-22,0.0,4.001,0.001848,0.01539,0.0,0.01654,0.008959,0.7643,0.177,0.01462,0.0,0.0,0.0,0.0,0.0,0.0,0.0,0.0,0.0,0.0,0.0,0.0,0.0,0.0,0.0,0.0,0.0,0.0,0.0,0.0,0.0,0.0,0.0,0.0,0.0,0.0,0.0,0.0,0.0,0.0,0.0,0.0,0.0,0.0,0.0,0.0,0.0,0.0,0.0,0.0,0.0,0.0,0.0,0.0,0.0,0.0,1.0E-4,18640.0,9.551999999999999E25,5913.0,1243.0,81.54,202600.0,673.0,812.8,12410.0,4072.0,2417.0,0.3167,2.684E-4,55.89,182.2,4.891,3.315,0.08566,0.03388,3.816,1.069,0.3055,0.004054,110.7,144.8,28.41,0.3864,1.878E-5,3.282E-4,1.074E-4,0.01617,0.004466,7.919E-4,19.42,1806.0,1.561,5.631,5.745,0.3159,0.1259,0.03442,3.74,0.9603,0.2113,0.0,0.0,0.0,0.0,0.0,0.0,0.0,0.0,0.0,0.0,0.0,0.4509,269.6,2.534,0.4256,0.06865,1.096,0.286,0.03892,2.889,0.7679,0.2945,6.57E-6,1536.0,7.986E-4,7.32E-5,5.661E-6,1.125E-4,3.659E-6,7.45E-7,3.429E-5,9.464E-6,4.668E-6,
0.0,0.0,0.0,0.0,0.0,0.0,0.0,0.0,0.0,0.0,0.0,0.0,0.0,0.0,0.0,0.0,0.0,0.0,0.0,0.0,0.0,0.0,2.8E-6,0.001843,0.08588,3.018,1.224,0.01596,1.483E-6,2.881E-4,4.616E-5,0.02024,0.004404,3.998E-4,0.0,0.0,0.0,0.0,0.0,0.0,0.0,0.0,0.0,0.0,0.0,0.0,0.0,0.0,0.0,0.0,0.0,0.0,0.0,0.0,0.0,0.0,2.3E-22,0.0,4.001,0.001848,0.01539,0.0,0.01654,0.008959,0.7643,0.177,0.01462,0.0,0.0,0.0,0.0,0.0,0.0,0.0,0.0,0.0,0.0,0.0,0.0,0.0,0.0,0.0,0.0,0.0,0.0,0.0,0.0,0.0,0.0,0.0,0.0,0.0,0.0,0.0,0.0,0.0,0.0,0.0,0.0,0.0,0.0,0.0,0.0,0.0,0.0,0.0,0.0,0.0,0.0,0.0,0.0,0.0,0.0,1.0E-4,18640.0,9.551999999999999E25,5913.0,1243.0,81.54,202600.0,673.0,812.8,12410.0,4072.0,2417.0,0.3167,2.657E-4,55.89,182.2,4.891,3.315,0.08566,0.03388,3.816,1.069,0.3055,0.004054,109.6,144.8,28.41,0.3864,1.878E-5,3.282E-4,1.074E-4,0.01617,0.004466,7.919E-4,19.42,1807.0,1.561,5.631,5.745,0.3159,0.1259,0.03442,3.74,0.9603,0.2113,0.0,0.0,0.0,0.0,0.0,0.0,0.0,0.0,0.0,0.0,0.0,0.4509,269.6,2.534,0.4256,0.06865,1.096,0.286,0.03892,2.889,0.7679,0.2945,6.57E-6,1537.0,7.986E-4,7.32E-5,5.661E-6,1.125E-4,3.659E-6,7.45E-7,3.429E-5,9.464E-6,4.668E-6,
0.0,0.0,0.0,0.0,0.0,0.0,0.0,0.0,0.0,0.0,0.0,0.0,0.0,0.0,0.0,0.0,0.0,0.0,0.0,0.0,0.0,0.0,2.8E-6,0.001843,0.08594,3.018,1.224,0.01596,1.483E-6,2.881E-4,4.616E-5,0.02024,0.004404,3.998E-4,0.0,0.0,0.0,0.0,0.0,0.0,0.0,0.0,0.0,0.0,0.0,0.0,0.0,0.0,0.0,0.0,0.0,0.0,0.0,0.0,0.0,0.0,2.3E-22,0.0,4.001,0.001848,0.01539,0.0,0.01654,0.008959,0.7643,0.177,0.01462,0.0,0.0,0.0,0.0,0.0,0.0,0.0,0.0,0.0,0.0,0.0,0.0,0.0,0.0,0.0,0.0,0.0,0.0,0.0,0.0,0.0,0.0,0.0,0.0,0.0,0.0,0.0,0.0,0.0,0.0,0.0,0.0,0.0,0.0,0.0,0.0,0.0,0.0,0.0,0.0,0.0,0.0,0.0,0.0,0.0,0.0,1.0E-4,18640.0,9.551999999999999E25,5913.0,1243.0,81.54,202600.0,673.0,812.8,12410.0,4072.0,2417.0,0.3167,2.631E-4,55.89,182.2,4.891,3.315,0.08566,0.03388,3.816,1.069,0.3055,0.004054,108.5,144.8,28.41,0.3864,1.878E-5,3.282E-4,1.074E-4,0.01617,0.004466,7.919E-4,19.42,1808.0,1.561,5.631,5.745,0.3159,0.1259,0.03442,3.74,0.9603,0.2113,0.0,0.0,0.0,0.0,0.0,0.0,0.0,0.0,0.0,0.0,0.0,0.4509,269.6,2.534,0.4256,0.06865,1.096,0.286,0.03892,2.889,0.7679,0.2945,6.57E-6,1539.0,7.986E-4,7.32E-5,5.661E-6,1.125E-4,3.659E-6,7.45E-7,3.429E-5,9.464E-6,4.668E-6,
0.0,0.0,0.0,0.0,0.0,0.0,0.0,0.0,0.0,0.0,0.0,0.0,0.0,0.0,0.0,0.0,0.0,0.0,0.0,0.0,0.0,0.0,2.8E-6,0.001843,0.086,3.018,1.224,0.01596,1.483E-6,2.881E-4,4.616E-5,0.02024,0.004404,3.998E-4,0.0,0.0,0.0,0.0,0.0,0.0,0.0,0.0,0.0,0.0,0.0,0.0,0.0,0.0,0.0,0.0,0.0,0.0,0.0,0.0,0.0,0.0,2.3E-22,0.0,4.001,0.001848,0.01539,0.0,0.01654,0.008959,0.7643,0.177,0.01462,0.0,0.0,0.0,0.0,0.0,0.0,0.0,0.0,0.0,0.0,0.0,0.0,0.0,0.0,0.0,0.0,0.0,0.0,0.0,0.0,0.0,0.0,0.0,0.0,0.0,0.0,0.0,0.0,0.0,0.0,0.0,0.0,0.0,0.0,0.0,0.0,0.0,0.0,0.0,0.0,0.0,0.0,0.0,0.0,0.0,0.0,1.0E-4,18640.0,9.551999999999999E25,5913.0,1243.0,81.54,202600.0,673.0,812.8,12410.0,4072.0,2417.0,0.3167,2.605E-4,55.89,182.2,4.891,3.315,0.08566,0.03388,3.816,1.069,0.3055,0.004054,107.4,144.8,28.41,0.3864,1.878E-5,3.282E-4,1.074E-4,0.01617,0.004466,7.919E-4,19.42,1809.0,1.561,5.631,5.745,0.3159,0.1259,0.03442,3.74,0.9603,0.2113,0.0,0.0,0.0,0.0,0.0,0.0,0.0,0.0,0.0,0.0,0.0,0.4509,269.6,2.534,0.4256,0.06865,1.096,0.286,0.03892,2.889,0.7679,0.2945,6.57E-6,1540.0,7.986E-4,7.32E-5,5.661E-6,1.125E-4,3.659E-6,7.45E-7,3.429E-5,9.464E-6,4.668E-6,
0.0,0.0,0.0,0.0,0.0,0.0,0.0,0.0,0.0,0.0,0.0,0.0,0.0,0.0,0.0,0.0,0.0,0.0,0.0,0.0,0.0,0.0,2.8E-6,0.001843,0.08606,3.018,1.224,0.01596,1.483E-6,2.881E-4,4.616E-5,0.02024,0.004404,3.998E-4,0.0,0.0,0.0,0.0,0.0,0.0,0.0,0.0,0.0,0.0,0.0,0.0,0.0,0.0,0.0,0.0,0.0,0.0,0.0,0.0,0.0,0.0,2.3E-22,0.0,4.001,0.001848,0.01539,0.0,0.01654,0.008959,0.7643,0.177,0.01462,0.0,0.0,0.0,0.0,0.0,0.0,0.0,0.0,0.0,0.0,0.0,0.0,0.0,0.0,0.0,0.0,0.0,0.0,0.0,0.0,0.0,0.0,0.0,0.0,0.0,0.0,0.0,0.0,0.0,0.0,0.0,0.0,0.0,0.0,0.0,0.0,0.0,0.0,0.0,0.0,0.0,0.0,0.0,0.0,0.0,0.0,1.0E-4,18640.0,9.551999999999999E25,5913.0,1243.0,81.54,202600.0,673.0,812.8,12410.0,4072.0,2417.0,0.3167,2.579E-4,55.89,182.2,4.891,3.315,0.08566,0.03388,3.816,1.069,0.3055,0.004054,106.3,144.8,28.41,0.3864,1.878E-5,3.282E-4,1.074E-4,0.01617,0.004466,7.919E-4,19.42,1810.0,1.561,5.631,5.745,0.3159,0.1259,0.03442,3.74,0.9603,0.2113,0.0,0.0,0.0,0.0,0.0,0.0,0.0,0.0,0.0,0.0,0.0,0.4509,269.6,2.534,0.4256,0.06865,1.096,0.286,0.03892,2.889,0.7679,0.2945,6.57E-6,1541.0,7.986E-4,7.32E-5,5.661E-6,1.125E-4,3.659E-6,7.45E-7,3.429E-5,9.464E-6,4.668E-6,
0.0,0.0,0.0,0.0,0.0,0.0,0.0,0.0,0.0,0.0,0.0,0.0,0.0,0.0,0.0,0.0,0.0,0.0,0.0,0.0,0.0,0.0,2.8E-6,0.001843,0.08612,3.018,1.224,0.01596,1.483E-6,2.881E-4,4.616E-5,0.02024,0.004404,3.998E-4,0.0,0.0,0.0,0.0,0.0,0.0,0.0,0.0,0.0,0.0,0.0,0.0,0.0,0.0,0.0,0.0,0.0,0.0,0.0,0.0,0.0,0.0,2.3E-22,0.0,4.001,0.001848,0.01539,0.0,0.01654,0.008959,0.7643,0.177,0.01462,0.0,0.0,0.0,0.0,0.0,0.0,0.0,0.0,0.0,0.0,0.0,0.0,0.0,0.0,0.0,0.0,0.0,0.0,0.0,0.0,0.0,0.0,0.0,0.0,0.0,0.0,0.0,0.0,0.0,0.0,0.0,0.0,0.0,0.0,0.0,0.0,0.0,0.0,0.0,0.0,0.0,0.0,0.0,0.0,0.0,0.0,1.0E-4,18640.0,9.551999999999999E25,5913.0,1243.0,81.54,202600.0,673.0,812.8,12410.0,4072.0,2417.0,0.3167,2.553E-4,55.89,182.2,4.891,3.315,0.08566,0.03388,3.816,1.069,0.3055,0.004054,105.3,144.8,28.41,0.3864,1.878E-5,3.282E-4,1.074E-4,0.01617,0.004466,7.919E-4,19.42,1811.0,1.561,5.631,5.745,0.3159,0.1259,0.03442,3.74,0.9603,0.2113,0.0,0.0,0.0,0.0,0.0,0.0,0.0,0.0,0.0,0.0,0.0,0.4509,269.6,2.534,0.4256,0.06865,1.096,0.286,0.03892,2.889,0.7679,0.2945,6.57E-6,1542.0,7.986E-4,7.32E-5,5.661E-6,1.125E-4,3.659E-6,7.45E-7,3.429E-5,9.464E-6,4.668E-6,
0.0,0.0,0.0,0.0,0.0,0.0,0.0,0.0,0.0,0.0,0.0,0.0,0.0,0.0,0.0,0.0,0.0,0.0,0.0,0.0,0.0,0.0,2.8E-6,0.001843,0.08618,3.018,1.224,0.01596,1.483E-6,2.881E-4,4.616E-5,0.02024,0.004404,3.998E-4,0.0,0.0,0.0,0.0,0.0,0.0,0.0,0.0,0.0,0.0,0.0,0.0,0.0,0.0,0.0,0.0,0.0,0.0,0.0,0.0,0.0,0.0,2.3E-22,0.0,4.001,0.001848,0.01539,0.0,0.01654,0.008959,0.7643,0.177,0.01462,0.0,0.0,0.0,0.0,0.0,0.0,0.0,0.0,0.0,0.0,0.0,0.0,0.0,0.0,0.0,0.0,0.0,0.0,0.0,0.0,0.0,0.0,0.0,0.0,0.0,0.0,0.0,0.0,0.0,0.0,0.0,0.0,0.0,0.0,0.0,0.0,0.0,0.0,0.0,0.0,0.0,0.0,0.0,0.0,0.0,0.0,1.0E-4,18640.0,9.551999999999999E25,5913.0,1243.0,81.54,202600.0,673.0,812.8,12410.0,4072.0,2417.0,0.3167,2.528E-4,55.89,182.2,4.891,3.315,0.08566,0.03388,3.816,1.069,0.3055,0.004054,104.2,144.8,28.41,0.3864,1.878E-5,3.282E-4,1.074E-4,0.01617,0.004466,7.919E-4,19.42,1813.0,1.561,5.631,5.745,0.3159,0.1259,0.03442,3.74,0.9603,0.2113,0.0,0.0,0.0,0.0,0.0,0.0,0.0,0.0,0.0,0.0,0.0,0.4509,269.6,2.534,0.4256,0.06865,1.096,0.286,0.03892,2.889,0.7679,0.2945,6.57E-6,1543.0,7.986E-4,7.32E-5,5.661E-6,1.125E-4,3.659E-6,7.45E-7,3.429E-5,9.464E-6,4.668E-6,
0.0,0.0,0.0,0.0,0.0,0.0,0.0,0.0,0.0,0.0,0.0,0.0,0.0,0.0,0.0,0.0,0.0,0.0,0.0,0.0,0.0,0.0,2.8E-6,0.001843,0.08624,3.018,1.224,0.01596,1.483E-6,2.881E-4,4.616E-5,0.02024,0.004404,3.998E-4,0.0,0.0,0.0,0.0,0.0,0.0,0.0,0.0,0.0,0.0,0.0,0.0,0.0,0.0,0.0,0.0,0.0,0.0,0.0,0.0,0.0,0.0,2.3E-22,0.0,4.001,0.001848,0.01539,0.0,0.01654,0.008959,0.7643,0.177,0.01462,0.0,0.0,0.0,0.0,0.0,0.0,0.0,0.0,0.0,0.0,0.0,0.0,0.0,0.0,0.0,0.0,0.0,0.0,0.0,0.0,0.0,0.0,0.0,0.0,0.0,0.0,0.0,0.0,0.0,0.0,0.0,0.0,0.0,0.0,0.0,0.0,0.0,0.0,0.0,0.0,0.0,0.0,0.0,0.0,0.0,0.0,1.0E-4,18640.0,9.551999999999999E25,5913.0,1243.0,81.54,202600.0,673.0,812.8,12410.0,4072.0,2417.0,0.3167,2.502E-4,55.89,182.2,4.891,3.315,0.08566,0.03388,3.816,1.069,0.3055,0.004054,103.2,144.8,28.41,0.3864,1.878E-5,3.282E-4,1.074E-4,0.01617,0.004466,7.919E-4,19.42,1814.0,1.561,5.631,5.745,0.3159,0.1259,0.03442,3.74,0.9603,0.2113,0.0,0.0,0.0,0.0,0.0,0.0,0.0,0.0,0.0,0.0,0.0,0.4509,269.6,2.534,0.4256,0.06865,1.096,0.286,0.03892,2.889,0.7679,0.2945,6.57E-6,1544.0,7.986E-4,7.32E-5,5.661E-6,1.125E-4,3.659E-6,7.45E-7,3.429E-5,9.464E-6,4.668E-6,
0.0,0.0,0.0,0.0,0.0,0.0,0.0,0.0,0.0,0.0,0.0,0.0,0.0,0.0,0.0,0.0,0.0,0.0,0.0,0.0,0.0,0.0,2.8E-6,0.001843,0.08629,3.018,1.224,0.01596,1.483E-6,2.881E-4,4.616E-5,0.02024,0.004404,3.998E-4,0.0,0.0,0.0,0.0,0.0,0.0,0.0,0.0,0.0,0.0,0.0,0.0,0.0,0.0,0.0,0.0,0.0,0.0,0.0,0.0,0.0,0.0,2.3E-22,0.0,4.001,0.001848,0.01539,0.0,0.01654,0.008959,0.7643,0.177,0.01462,0.0,0.0,0.0,0.0,0.0,0.0,0.0,0.0,0.0,0.0,0.0,0.0,0.0,0.0,0.0,0.0,0.0,0.0,0.0,0.0,0.0,0.0,0.0,0.0,0.0,0.0,0.0,0.0,0.0,0.0,0.0,0.0,0.0,0.0,0.0,0.0,0.0,0.0,0.0,0.0,0.0,0.0,0.0,0.0,0.0,0.0,1.0E-4,18640.0,9.551999999999999E25,5913.0,1243.0,81.54,202600.0,673.0,812.8,12410.0,4072.0,2417.0,0.3167,2.477E-4,55.89,182.2,4.891,3.315,0.08566,0.03388,3.816,1.069,0.3055,0.004054,102.2,144.8,28.41,0.3864,1.878E-5,3.282E-4,1.074E-4,0.01617,0.004466,7.919E-4,19.42,1815.0,1.561,5.631,5.745,0.3159,0.1259,0.03442,3.74,0.9603,0.2113,0.0,0.0,0.0,0.0,0.0,0.0,0.0,0.0,0.0,0.0,0.0,0.4509,269.6,2.534,0.4256,0.06865,1.096,0.286,0.03892,2.889,0.7679,0.2945,6.57E-6,1545.0,7.986E-4,7.32E-5,5.661E-6,1.125E-4,3.659E-6,7.45E-7,3.429E-5,9.464E-6,4.668E-6,
0.0,0.0,0.0,0.0,0.0,0.0,0.0,0.0,0.0,0.0,0.0,0.0,0.0,0.0,0.0,0.0,0.0,0.0,0.0,0.0,0.0,0.0,2.8E-6,0.001843,0.08635,3.018,1.224,0.01596,1.483E-6,2.881E-4,4.616E-5,0.02024,0.004404,3.998E-4,0.0,0.0,0.0,0.0,0.0,0.0,0.0,0.0,0.0,0.0,0.0,0.0,0.0,0.0,0.0,0.0,0.0,0.0,0.0,0.0,0.0,0.0,2.3E-22,0.0,4.001,0.001848,0.01539,0.0,0.01654,0.008959,0.7643,0.177,0.01462,0.0,0.0,0.0,0.0,0.0,0.0,0.0,0.0,0.0,0.0,0.0,0.0,0.0,0.0,0.0,0.0,0.0,0.0,0.0,0.0,0.0,0.0,0.0,0.0,0.0,0.0,0.0,0.0,0.0,0.0,0.0,0.0,0.0,0.0,0.0,0.0,0.0,0.0,0.0,0.0,0.0,0.0,0.0,0.0,0.0,0.0,1.0E-4,18640.0,9.551999999999999E25,5913.0,1243.0,81.54,202600.0,673.0,812.8,12410.0,4072.0,2417.0,0.3167,2.453E-4,55.89,182.2,4.891,3.315,0.08566,0.03388,3.816,1.069,0.3055,0.004054,101.2,144.8,28.41,0.3864,1.878E-5,3.282E-4,1.074E-4,0.01617,0.004466,7.919E-4,19.42,1816.0,1.561,5.631,5.745,0.3159,0.1259,0.03442,3.74,0.9603,0.2113,0.0,0.0,0.0,0.0,0.0,0.0,0.0,0.0,0.0,0.0,0.0,0.4509,269.6,2.534,0.4256,0.06865,1.096,0.286,0.03892,2.889,0.7679,0.2945,6.57E-6,1546.0,7.986E-4,7.32E-5,5.661E-6,1.125E-4,3.659E-6,7.45E-7,3.429E-5,9.464E-6,4.668E-6,
0.0,0.0,0.0,0.0,0.0,0.0,0.0,0.0,0.0,0.0,0.0,0.0,0.0,0.0,0.0,0.0,0.0,0.0,0.0,0.0,0.0,0.0,2.8E-6,0.001843,0.08641,3.018,1.224,0.01596,1.483E-6,2.881E-4,4.616E-5,0.02024,0.004404,3.998E-4,0.0,0.0,0.0,0.0,0.0,0.0,0.0,0.0,0.0,0.0,0.0,0.0,0.0,0.0,0.0,0.0,0.0,0.0,0.0,0.0,0.0,0.0,2.3E-22,0.0,4.001,0.001848,0.01539,0.0,0.01654,0.008959,0.7643,0.177,0.01462,0.0,0.0,0.0,0.0,0.0,0.0,0.0,0.0,0.0,0.0,0.0,0.0,0.0,0.0,0.0,0.0,0.0,0.0,0.0,0.0,0.0,0.0,0.0,0.0,0.0,0.0,0.0,0.0,0.0,0.0,0.0,0.0,0.0,0.0,0.0,0.0,0.0,0.0,0.0,0.0,0.0,0.0,0.0,0.0,0.0,0.0,1.0E-4,18640.0,9.551999999999999E25,5913.0,1243.0,81.54,202600.0,673.0,812.8,12410.0,4072.0,2417.0,0.3167,2.428E-4,55.89,182.2,4.891,3.315,0.08566,0.03388,3.816,1.069,0.3055,0.004054,100.1,144.8,28.41,0.3864,1.878E-5,3.282E-4,1.074E-4,0.01617,0.004466,7.919E-4,19.42,1817.0,1.561,5.631,5.745,0.3159,0.1259,0.03442,3.74,0.9603,0.2113,0.0,0.0,0.0,0.0,0.0,0.0,0.0,0.0,0.0,0.0,0.0,0.4509,269.6,2.534,0.4256,0.06865,1.096,0.286,0.03892,2.889,0.7679,0.2945,6.57E-6,1547.0,7.986E-4,7.32E-5,5.661E-6,1.125E-4,3.659E-6,7.45E-7,3.429E-5,9.464E-6,4.668E-6,
0.0,0.0,0.0,0.0,0.0,0.0,0.0,0.0,0.0,0.0,0.0,0.0,0.0,0.0,0.0,0.0,0.0,0.0,0.0,0.0,0.0,0.0,2.8E-6,0.001843,0.08646,3.018,1.224,0.01596,1.483E-6,2.881E-4,4.616E-5,0.02024,0.004404,3.998E-4,0.0,0.0,0.0,0.0,0.0,0.0,0.0,0.0,0.0,0.0,0.0,0.0,0.0,0.0,0.0,0.0,0.0,0.0,0.0,0.0,0.0,0.0,2.3E-22,0.0,4.001,0.001848,0.01539,0.0,0.01654,0.008959,0.7643,0.177,0.01462,0.0,0.0,0.0,0.0,0.0,0.0,0.0,0.0,0.0,0.0,0.0,0.0,0.0,0.0,0.0,0.0,0.0,0.0,0.0,0.0,0.0,0.0,0.0,0.0,0.0,0.0,0.0,0.0,0.0,0.0,0.0,0.0,0.0,0.0,0.0,0.0,0.0,0.0,0.0,0.0,0.0,0.0,0.0,0.0,0.0,0.0,1.0E-4,18640.0,9.551999999999999E25,5913.0,1243.0,81.54,202600.0,673.0,812.8,12410.0,4072.0,2417.0,0.3167,2.404E-4,55.89,182.2,4.891,3.315,0.08566,0.03388,3.816,1.069,0.3055,0.004054,99.15,144.8,28.41,0.3864,1.878E-5,3.282E-4,1.074E-4,0.01617,0.004466,7.919E-4,19.42,1818.0,1.561,5.631,5.745,0.3159,0.1259,0.03442,3.74,0.9603,0.2113,0.0,0.0,0.0,0.0,0.0,0.0,0.0,0.0,0.0,0.0,0.0,0.4509,269.6,2.534,0.4256,0.06865,1.096,0.286,0.03892,2.889,0.7679,0.2945,6.57E-6,1548.0,7.986E-4,7.32E-5,5.661E-6,1.125E-4,3.659E-6,7.45E-7,3.429E-5,9.464E-6,4.668E-6,
0.0,0.0,0.0,0.0,0.0,0.0,0.0,0.0,0.0,0.0,0.0,0.0,0.0,0.0,0.0,0.0,0.0,0.0,0.0,0.0,0.0,0.0,2.8E-6,0.001843,0.08652,3.018,1.224,0.01596,1.483E-6,2.881E-4,4.616E-5,0.02024,0.004404,3.998E-4,0.0,0.0,0.0,0.0,0.0,0.0,0.0,0.0,0.0,0.0,0.0,0.0,0.0,0.0,0.0,0.0,0.0,0.0,0.0,0.0,0.0,0.0,2.3E-22,0.0,4.001,0.001848,0.01539,0.0,0.01654,0.008959,0.7643,0.177,0.01462,0.0,0.0,0.0,0.0,0.0,0.0,0.0,0.0,0.0,0.0,0.0,0.0,0.0,0.0,0.0,0.0,0.0,0.0,0.0,0.0,0.0,0.0,0.0,0.0,0.0,0.0,0.0,0.0,0.0,0.0,0.0,0.0,0.0,0.0,0.0,0.0,0.0,0.0,0.0,0.0,0.0,0.0,0.0,0.0,0.0,0.0,1.0E-4,18640.0,9.551999999999999E25,5913.0,1243.0,81.54,202600.0,673.0,812.8,12410.0,4072.0,2417.0,0.3167,2.38E-4,55.89,182.2,4.891,3.315,0.08566,0.03388,3.816,1.069,0.3055,0.004054,98.16,144.8,28.41,0.3864,1.878E-5,3.282E-4,1.074E-4,0.01617,0.004466,7.919E-4,19.42,1819.0,1.561,5.631,5.745,0.3159,0.1259,0.03442,3.74,0.9603,0.2113,0.0,0.0,0.0,0.0,0.0,0.0,0.0,0.0,0.0,0.0,0.0,0.4509,269.6,2.534,0.4256,0.06865,1.096,0.286,0.03892,2.889,0.7679,0.2945,6.57E-6,1549.0,7.986E-4,7.32E-5,5.661E-6,1.125E-4,3.659E-6,7.45E-7,3.429E-5,9.464E-6,4.668E-6,
0.0,0.0,0.0,0.0,0.0,0.0,0.0,0.0,0.0,0.0,0.0,0.0,0.0,0.0,0.0,0.0,0.0,0.0,0.0,0.0,0.0,0.0,2.8E-6,0.001843,0.08657,3.018,1.224,0.01596,1.483E-6,2.881E-4,4.616E-5,0.02024,0.004404,3.998E-4,0.0,0.0,0.0,0.0,0.0,0.0,0.0,0.0,0.0,0.0,0.0,0.0,0.0,0.0,0.0,0.0,0.0,0.0,0.0,0.0,0.0,0.0,2.3E-22,0.0,4.001,0.001848,0.01539,0.0,0.01654,0.008959,0.7643,0.177,0.01462,0.0,0.0,0.0,0.0,0.0,0.0,0.0,0.0,0.0,0.0,0.0,0.0,0.0,0.0,0.0,0.0,0.0,0.0,0.0,0.0,0.0,0.0,0.0,0.0,0.0,0.0,0.0,0.0,0.0,0.0,0.0,0.0,0.0,0.0,0.0,0.0,0.0,0.0,0.0,0.0,0.0,0.0,0.0,0.0,0.0,0.0,1.0E-4,18640.0,9.551999999999999E25,5913.0,1243.0,81.54,202600.0,673.0,812.8,12410.0,4072.0,2417.0,0.3167,2.357E-4,55.89,182.2,4.891,3.315,0.08566,0.03388,3.816,1.069,0.3055,0.004054,97.19,144.8,28.41,0.3864,1.878E-5,3.282E-4,1.074E-4,0.01617,0.004466,7.919E-4,19.42,1820.0,1.561,5.631,5.745,0.3159,0.1259,0.03442,3.74,0.9603,0.2113,0.0,0.0,0.0,0.0,0.0,0.0,0.0,0.0,0.0,0.0,0.0,0.4509,269.6,2.534,0.4256,0.06865,1.096,0.286,0.03892,2.889,0.7679,0.2945,6.57E-6,1550.0,7.986E-4,7.32E-5,5.661E-6,1.125E-4,3.659E-6,7.45E-7,3.429E-5,9.464E-6,4.668E-6,
0.0,0.0,0.0,0.0,0.0,0.0,0.0,0.0,0.0,0.0,0.0,0.0,0.0,0.0,0.0,0.0,0.0,0.0,0.0,0.0,0.0,0.0,2.8E-6,0.001843,0.08662,3.018,1.224,0.01596,1.483E-6,2.881E-4,4.616E-5,0.02024,0.004404,3.998E-4,0.0,0.0,0.0,0.0,0.0,0.0,0.0,0.0,0.0,0.0,0.0,0.0,0.0,0.0,0.0,0.0,0.0,0.0,0.0,0.0,0.0,0.0,2.3E-22,0.0,4.001,0.001848,0.01539,0.0,0.01654,0.008959,0.7643,0.177,0.01462,0.0,0.0,0.0,0.0,0.0,0.0,0.0,0.0,0.0,0.0,0.0,0.0,0.0,0.0,0.0,0.0,0.0,0.0,0.0,0.0,0.0,0.0,0.0,0.0,0.0,0.0,0.0,0.0,0.0,0.0,0.0,0.0,0.0,0.0,0.0,0.0,0.0,0.0,0.0,0.0,0.0,0.0,0.0,0.0,0.0,0.0,1.0E-4,18640.0,9.551999999999999E25,5913.0,1243.0,81.54,202600.0,673.0,812.8,12410.0,4072.0,2417.0,0.3167,2.333E-4,55.89,182.2,4.891,3.315,0.08566,0.03388,3.816,1.069,0.3055,0.004054,96.22,144.8,28.41,0.3864,1.878E-5,3.282E-4,1.074E-4,0.01617,0.004466,7.919E-4,19.42,1821.0,1.561,5.631,5.745,0.3159,0.1259,0.03442,3.74,0.9603,0.2113,0.0,0.0,0.0,0.0,0.0,0.0,0.0,0.0,0.0,0.0,0.0,0.4509,269.6,2.534,0.4256,0.06865,1.096,0.286,0.03892,2.889,0.7679,0.2945,6.57E-6,1551.0,7.986E-4,7.32E-5,5.661E-6,1.125E-4,3.659E-6,7.45E-7,3.429E-5,9.464E-6,4.668E-6,
0.0,0.0,0.0,0.0,0.0,0.0,0.0,0.0,0.0,0.0,0.0,0.0,0.0,0.0,0.0,0.0,0.0,0.0,0.0,0.0,0.0,0.0,2.8E-6,0.001843,0.08668,3.018,1.224,0.01596,1.483E-6,2.881E-4,4.616E-5,0.02024,0.004404,3.998E-4,0.0,0.0,0.0,0.0,0.0,0.0,0.0,0.0,0.0,0.0,0.0,0.0,0.0,0.0,0.0,0.0,0.0,0.0,0.0,0.0,0.0,0.0,2.3E-22,0.0,4.001,0.001848,0.01539,0.0,0.01654,0.008959,0.7643,0.177,0.01462,0.0,0.0,0.0,0.0,0.0,0.0,0.0,0.0,0.0,0.0,0.0,0.0,0.0,0.0,0.0,0.0,0.0,0.0,0.0,0.0,0.0,0.0,0.0,0.0,0.0,0.0,0.0,0.0,0.0,0.0,0.0,0.0,0.0,0.0,0.0,0.0,0.0,0.0,0.0,0.0,0.0,0.0,0.0,0.0,0.0,0.0,1.0E-4,18640.0,9.551999999999999E25,5913.0,1243.0,81.54,202600.0,673.0,812.8,12410.0,4072.0,2417.0,0.3167,2.31E-4,55.89,182.2,4.891,3.315,0.08566,0.03388,3.816,1.069,0.3055,0.004054,95.26,144.8,28.41,0.3864,1.878E-5,3.282E-4,1.074E-4,0.01617,0.004466,7.919E-4,19.42,1822.0,1.561,5.631,5.745,0.3159,0.1259,0.03442,3.74,0.9603,0.2113,0.0,0.0,0.0,0.0,0.0,0.0,0.0,0.0,0.0,0.0,0.0,0.4509,269.6,2.534,0.4256,0.06865,1.096,0.286,0.03892,2.889,0.7679,0.2945,6.57E-6,1552.0,7.986E-4,7.32E-5,5.661E-6,1.125E-4,3.659E-6,7.45E-7,3.429E-5,9.464E-6,4.668E-6,
0.0,0.0,0.0,0.0,0.0,0.0,0.0,0.0,0.0,0.0,0.0,0.0,0.0,0.0,0.0,0.0,0.0,0.0,0.0,0.0,0.0,0.0,2.8E-6,0.001843,0.08673,3.018,1.224,0.01596,1.483E-6,2.881E-4,4.616E-5,0.02024,0.004404,3.998E-4,0.0,0.0,0.0,0.0,0.0,0.0,0.0,0.0,0.0,0.0,0.0,0.0,0.0,0.0,0.0,0.0,0.0,0.0,0.0,0.0,0.0,0.0,2.3E-22,0.0,4.001,0.001848,0.01539,0.0,0.01654,0.008959,0.7643,0.177,0.01462,0.0,0.0,0.0,0.0,0.0,0.0,0.0,0.0,0.0,0.0,0.0,0.0,0.0,0.0,0.0,0.0,0.0,0.0,0.0,0.0,0.0,0.0,0.0,0.0,0.0,0.0,0.0,0.0,0.0,0.0,0.0,0.0,0.0,0.0,0.0,0.0,0.0,0.0,0.0,0.0,0.0,0.0,0.0,0.0,0.0,0.0,1.0E-4,18640.0,9.551999999999999E25,5913.0,1243.0,81.54,202600.0,673.0,812.8,12410.0,4072.0,2417.0,0.3167,2.287E-4,55.89,182.2,4.891,3.315,0.08566,0.03388,3.816,1.069,0.3055,0.004054,94.31,144.8,28.41,0.3864,1.878E-5,3.282E-4,1.074E-4,0.01617,0.004466,7.919E-4,19.42,1822.0,1.561,5.631,5.745,0.3159,0.1259,0.03442,3.74,0.9603,0.2113,0.0,0.0,0.0,0.0,0.0,0.0,0.0,0.0,0.0,0.0,0.0,0.4509,269.6,2.534,0.4256,0.06865,1.096,0.286,0.03892,2.889,0.7679,0.2945,6.57E-6,1553.0,7.986E-4,7.32E-5,5.661E-6,1.125E-4,3.659E-6,7.45E-7,3.429E-5,9.464E-6,4.668E-6,
0.0,0.0,0.0,0.0,0.0,0.0,0.0,0.0,0.0,0.0,0.0,0.0,0.0,0.0,0.0,0.0,0.0,0.0,0.0,0.0,0.0,0.0,2.8E-6,0.001843,0.08678,3.018,1.224,0.01596,1.483E-6,2.881E-4,4.616E-5,0.02024,0.004404,3.998E-4,0.0,0.0,0.0,0.0,0.0,0.0,0.0,0.0,0.0,0.0,0.0,0.0,0.0,0.0,0.0,0.0,0.0,0.0,0.0,0.0,0.0,0.0,2.3E-22,0.0,4.001,0.001848,0.01539,0.0,0.01654,0.008959,0.7643,0.177,0.01462,0.0,0.0,0.0,0.0,0.0,0.0,0.0,0.0,0.0,0.0,0.0,0.0,0.0,0.0,0.0,0.0,0.0,0.0,0.0,0.0,0.0,0.0,0.0,0.0,0.0,0.0,0.0,0.0,0.0,0.0,0.0,0.0,0.0,0.0,0.0,0.0,0.0,0.0,0.0,0.0,0.0,0.0,0.0,0.0,0.0,0.0,1.0E-4,18640.0,9.551999999999999E25,5913.0,1243.0,81.54,202600.0,673.0,812.8,12410.0,4072.0,2417.0,0.3167,2.264E-4,55.89,182.2,4.891,3.315,0.08566,0.03388,3.816,1.069,0.3055,0.004054,93.38,144.8,28.41,0.3864,1.878E-5,3.282E-4,1.074E-4,0.01617,0.004466,7.919E-4,19.42,1823.0,1.561,5.631,5.745,0.3159,0.1259,0.03442,3.74,0.9603,0.2113,0.0,0.0,0.0,0.0,0.0,0.0,0.0,0.0,0.0,0.0,0.0,0.4509,269.6,2.534,0.4256,0.06865,1.096,0.286,0.03892,2.889,0.7679,0.2945,6.57E-6,1554.0,7.986E-4,7.32E-5,5.661E-6,1.125E-4,3.659E-6,7.45E-7,3.429E-5,9.464E-6,4.668E-6,
0.0,0.0,0.0,0.0,0.0,0.0,0.0,0.0,0.0,0.0,0.0,0.0,0.0,0.0,0.0,0.0,0.0,0.0,0.0,0.0,0.0,0.0,2.8E-6,0.001843,0.08684,3.018,1.224,0.01596,1.483E-6,2.881E-4,4.616E-5,0.02024,0.004404,3.998E-4,0.0,0.0,0.0,0.0,0.0,0.0,0.0,0.0,0.0,0.0,0.0,0.0,0.0,0.0,0.0,0.0,0.0,0.0,0.0,0.0,0.0,0.0,2.3E-22,0.0,4.001,0.001848,0.01539,0.0,0.01654,0.008959,0.7643,0.177,0.01462,0.0,0.0,0.0,0.0,0.0,0.0,0.0,0.0,0.0,0.0,0.0,0.0,0.0,0.0,0.0,0.0,0.0,0.0,0.0,0.0,0.0,0.0,0.0,0.0,0.0,0.0,0.0,0.0,0.0,0.0,0.0,0.0,0.0,0.0,0.0,0.0,0.0,0.0,0.0,0.0,0.0,0.0,0.0,0.0,0.0,0.0,1.0E-4,18640.0,9.551999999999999E25,5913.0,1243.0,81.54,202600.0,673.0,812.8,12410.0,4072.0,2417.0,0.3167,2.242E-4,55.89,182.2,4.891,3.315,0.08566,0.03388,3.816,1.069,0.3055,0.004054,92.45,144.8,28.41,0.3864,1.878E-5,3.282E-4,1.074E-4,0.01617,0.004466,7.919E-4,19.42,1824.0,1.561,5.631,5.745,0.3159,0.1259,0.03442,3.74,0.9603,0.2113,0.0,0.0,0.0,0.0,0.0,0.0,0.0,0.0,0.0,0.0,0.0,0.4509,269.6,2.534,0.4256,0.06865,1.096,0.286,0.03892,2.889,0.7679,0.2945,6.57E-6,1555.0,7.986E-4,7.32E-5,5.661E-6,1.125E-4,3.659E-6,7.45E-7,3.429E-5,9.464E-6,4.668E-6,
0.0,0.0,0.0,0.0,0.0,0.0,0.0,0.0,0.0,0.0,0.0,0.0,0.0,0.0,0.0,0.0,0.0,0.0,0.0,0.0,0.0,0.0,2.8E-6,0.001843,0.08689,3.018,1.224,0.01596,1.483E-6,2.881E-4,4.616E-5,0.02024,0.004404,3.998E-4,0.0,0.0,0.0,0.0,0.0,0.0,0.0,0.0,0.0,0.0,0.0,0.0,0.0,0.0,0.0,0.0,0.0,0.0,0.0,0.0,0.0,0.0,2.3E-22,0.0,4.001,0.001848,0.01539,0.0,0.01654,0.008959,0.7643,0.177,0.01462,0.0,0.0,0.0,0.0,0.0,0.0,0.0,0.0,0.0,0.0,0.0,0.0,0.0,0.0,0.0,0.0,0.0,0.0,0.0,0.0,0.0,0.0,0.0,0.0,0.0,0.0,0.0,0.0,0.0,0.0,0.0,0.0,0.0,0.0,0.0,0.0,0.0,0.0,0.0,0.0,0.0,0.0,0.0,0.0,0.0,0.0,1.0E-4,18640.0,9.551999999999999E25,5913.0,1243.0,81.54,202600.0,673.0,812.8,12410.0,4072.0,2417.0,0.3167,2.219E-4,55.89,182.2,4.891,3.315,0.08566,0.03388,3.816,1.069,0.3055,0.004054,91.53,144.8,28.41,0.3864,1.878E-5,3.282E-4,1.074E-4,0.01617,0.004466,7.919E-4,19.42,1825.0,1.561,5.631,5.745,0.3159,0.1259,0.03442,3.74,0.9603,0.2113,0.0,0.0,0.0,0.0,0.0,0.0,0.0,0.0,0.0,0.0,0.0,0.4509,269.6,2.534,0.4256,0.06865,1.096,0.286,0.03892,2.889,0.7679,0.2945,6.57E-6,1556.0,7.986E-4,7.32E-5,5.661E-6,1.125E-4,3.659E-6,7.45E-7,3.429E-5,9.464E-6,4.668E-6,
0.0,0.0,0.0,0.0,0.0,0.0,0.0,0.0,0.0,0.0,0.0,0.0,0.0,0.0,0.0,0.0,0.0,0.0,0.0,0.0,0.0,0.0,2.8E-6,0.001843,0.08694,3.018,1.224,0.01596,1.483E-6,2.881E-4,4.616E-5,0.02024,0.004404,3.998E-4,0.0,0.0,0.0,0.0,0.0,0.0,0.0,0.0,0.0,0.0,0.0,0.0,0.0,0.0,0.0,0.0,0.0,0.0,0.0,0.0,0.0,0.0,2.3E-22,0.0,4.001,0.001848,0.01539,0.0,0.01654,0.008959,0.7643,0.177,0.01462,0.0,0.0,0.0,0.0,0.0,0.0,0.0,0.0,0.0,0.0,0.0,0.0,0.0,0.0,0.0,0.0,0.0,0.0,0.0,0.0,0.0,0.0,0.0,0.0,0.0,0.0,0.0,0.0,0.0,0.0,0.0,0.0,0.0,0.0,0.0,0.0,0.0,0.0,0.0,0.0,0.0,0.0,0.0,0.0,0.0,0.0,1.0E-4,18640.0,9.551999999999999E25,5913.0,1243.0,81.54,202600.0,673.0,812.8,12410.0,4072.0,2417.0,0.3167,2.197E-4,55.89,182.2,4.891,3.315,0.08566,0.03388,3.816,1.069,0.3055,0.004054,90.62,144.8,28.41,0.3864,1.878E-5,3.282E-4,1.074E-4,0.01617,0.004466,7.919E-4,19.42,1826.0,1.561,5.631,5.745,0.3159,0.1259,0.03442,3.74,0.9603,0.2113,0.0,0.0,0.0,0.0,0.0,0.0,0.0,0.0,0.0,0.0,0.0,0.4509,269.6,2.534,0.4256,0.06865,1.096,0.286,0.03892,2.889,0.7679,0.2945,6.57E-6,1556.0,7.986E-4,7.32E-5,5.661E-6,1.125E-4,3.659E-6,7.45E-7,3.429E-5,9.464E-6,4.668E-6,
0.0,0.0,0.0,0.0,0.0,0.0,0.0,0.0,0.0,0.0,0.0,0.0,0.0,0.0,0.0,0.0,0.0,0.0,0.0,0.0,0.0,0.0,2.8E-6,0.001843,0.08699,3.018,1.224,0.01596,1.483E-6,2.881E-4,4.616E-5,0.02024,0.004404,3.998E-4,0.0,0.0,0.0,0.0,0.0,0.0,0.0,0.0,0.0,0.0,0.0,0.0,0.0,0.0,0.0,0.0,0.0,0.0,0.0,0.0,0.0,0.0,2.3E-22,0.0,4.001,0.001848,0.01539,0.0,0.01654,0.008959,0.7643,0.177,0.01462,0.0,0.0,0.0,0.0,0.0,0.0,0.0,0.0,0.0,0.0,0.0,0.0,0.0,0.0,0.0,0.0,0.0,0.0,0.0,0.0,0.0,0.0,0.0,0.0,0.0,0.0,0.0,0.0,0.0,0.0,0.0,0.0,0.0,0.0,0.0,0.0,0.0,0.0,0.0,0.0,0.0,0.0,0.0,0.0,0.0,0.0,1.0E-4,18640.0,9.551999999999999E25,5913.0,1243.0,81.54,202600.0,673.0,812.8,12410.0,4072.0,2417.0,0.3167,2.175E-4,55.89,182.2,4.891,3.315,0.08566,0.03388,3.816,1.069,0.3055,0.004054,89.71,144.8,28.41,0.3864,1.878E-5,3.282E-4,1.074E-4,0.01617,0.004466,7.919E-4,19.42,1827.0,1.561,5.631,5.745,0.3159,0.1259,0.03442,3.74,0.9603,0.2113,0.0,0.0,0.0,0.0,0.0,0.0,0.0,0.0,0.0,0.0,0.0,0.4509,269.6,2.534,0.4256,0.06865,1.096,0.286,0.03892,2.889,0.7679,0.2945,6.57E-6,1557.0,7.986E-4,7.32E-5,5.661E-6,1.125E-4,3.659E-6,7.45E-7,3.429E-5,9.464E-6,4.668E-6,
0.0,0.0,0.0,0.0,0.0,0.0,0.0,0.0,0.0,0.0,0.0,0.0,0.0,0.0,0.0,0.0,0.0,0.0,0.0,0.0,0.0,0.0,2.8E-6,0.001843,0.08704,3.018,1.224,0.01596,1.483E-6,2.881E-4,4.616E-5,0.02024,0.004404,3.998E-4,0.0,0.0,0.0,0.0,0.0,0.0,0.0,0.0,0.0,0.0,0.0,0.0,0.0,0.0,0.0,0.0,0.0,0.0,0.0,0.0,0.0,0.0,2.3E-22,0.0,4.001,0.001848,0.01539,0.0,0.01654,0.008959,0.7643,0.177,0.01462,0.0,0.0,0.0,0.0,0.0,0.0,0.0,0.0,0.0,0.0,0.0,0.0,0.0,0.0,0.0,0.0,0.0,0.0,0.0,0.0,0.0,0.0,0.0,0.0,0.0,0.0,0.0,0.0,0.0,0.0,0.0,0.0,0.0,0.0,0.0,0.0,0.0,0.0,0.0,0.0,0.0,0.0,0.0,0.0,0.0,0.0,1.0E-4,18640.0,9.551999999999999E25,5913.0,1243.0,81.54,202600.0,673.0,812.8,12410.0,4072.0,2417.0,0.3167,2.154E-4,55.89,182.2,4.891,3.315,0.08566,0.03388,3.816,1.069,0.3055,0.004054,88.82,144.8,28.41,0.3864,1.878E-5,3.282E-4,1.074E-4,0.01617,0.004466,7.919E-4,19.42,1828.0,1.561,5.631,5.745,0.3159,0.1259,0.03442,3.74,0.9603,0.2113,0.0,0.0,0.0,0.0,0.0,0.0,0.0,0.0,0.0,0.0,0.0,0.4509,269.6,2.534,0.4256,0.06865,1.096,0.286,0.03892,2.889,0.7679,0.2945,6.57E-6,1558.0,7.986E-4,7.32E-5,5.661E-6,1.125E-4,3.659E-6,7.45E-7,3.429E-5,9.464E-6,4.668E-6,
0.0,0.0,0.0,0.0,0.0,0.0,0.0,0.0,0.0,0.0,0.0,0.0,0.0,0.0,0.0,0.0,0.0,0.0,0.0,0.0,0.0,0.0,2.8E-6,0.001843,0.08709,3.018,1.224,0.01596,1.483E-6,2.881E-4,4.616E-5,0.02024,0.004404,3.998E-4,0.0,0.0,0.0,0.0,0.0,0.0,0.0,0.0,0.0,0.0,0.0,0.0,0.0,0.0,0.0,0.0,0.0,0.0,0.0,0.0,0.0,0.0,2.3E-22,0.0,4.001,0.001848,0.01539,0.0,0.01654,0.008959,0.7643,0.177,0.01462,0.0,0.0,0.0,0.0,0.0,0.0,0.0,0.0,0.0,0.0,0.0,0.0,0.0,0.0,0.0,0.0,0.0,0.0,0.0,0.0,0.0,0.0,0.0,0.0,0.0,0.0,0.0,0.0,0.0,0.0,0.0,0.0,0.0,0.0,0.0,0.0,0.0,0.0,0.0,0.0,0.0,0.0,0.0,0.0,0.0,0.0,1.0E-4,18640.0,9.551999999999999E25,5913.0,1243.0,81.54,202600.0,673.0,812.8,12410.0,4072.0,2417.0,0.3167,2.132E-4,55.89,182.2,4.891,3.315,0.08566,0.03388,3.816,1.069,0.3055,0.004054,87.94,144.8,28.41,0.3864,1.878E-5,3.282E-4,1.074E-4,0.01617,0.004466,7.919E-4,19.42,1829.0,1.561,5.631,5.745,0.3159,0.1259,0.03442,3.74,0.9603,0.2113,0.0,0.0,0.0,0.0,0.0,0.0,0.0,0.0,0.0,0.0,0.0,0.4509,269.6,2.534,0.4256,0.06865,1.096,0.286,0.03892,2.889,0.7679,0.2945,6.57E-6,1559.0,7.986E-4,7.32E-5,5.661E-6,1.125E-4,3.659E-6,7.45E-7,3.429E-5,9.464E-6,4.668E-6,
0.0,0.0,0.0,0.0,0.0,0.0,0.0,0.0,0.0,0.0,0.0,0.0,0.0,0.0,0.0,0.0,0.0,0.0,0.0,0.0,0.0,0.0,2.8E-6,0.001843,0.08714,3.018,1.224,0.01596,1.483E-6,2.881E-4,4.616E-5,0.02024,0.004404,3.998E-4,0.0,0.0,0.0,0.0,0.0,0.0,0.0,0.0,0.0,0.0,0.0,0.0,0.0,0.0,0.0,0.0,0.0,0.0,0.0,0.0,0.0,0.0,2.3E-22,0.0,4.001,0.001848,0.01539,0.0,0.01654,0.008959,0.7643,0.177,0.01462,0.0,0.0,0.0,0.0,0.0,0.0,0.0,0.0,0.0,0.0,0.0,0.0,0.0,0.0,0.0,0.0,0.0,0.0,0.0,0.0,0.0,0.0,0.0,0.0,0.0,0.0,0.0,0.0,0.0,0.0,0.0,0.0,0.0,0.0,0.0,0.0,0.0,0.0,0.0,0.0,0.0,0.0,0.0,0.0,0.0,0.0,1.0E-4,18640.0,9.551999999999999E25,5913.0,1243.0,81.54,202600.0,673.0,812.8,12410.0,4072.0,2417.0,0.3167,2.111E-4,55.89,182.2,4.891,3.315,0.08566,0.03388,3.816,1.069,0.3055,0.004054,87.06,144.8,28.41,0.3864,1.878E-5,3.282E-4,1.074E-4,0.01617,0.004466,7.919E-4,19.42,1830.0,1.561,5.631,5.745,0.3159,0.1259,0.03442,3.74,0.9603,0.2113,0.0,0.0,0.0,0.0,0.0,0.0,0.0,0.0,0.0,0.0,0.0,0.4509,269.6,2.534,0.4256,0.06865,1.096,0.286,0.03892,2.889,0.7679,0.2945,6.57E-6,1560.0,7.986E-4,7.32E-5,5.661E-6,1.125E-4,3.659E-6,7.45E-7,3.429E-5,9.464E-6,4.668E-6,
0.0,0.0,0.0,0.0,0.0,0.0,0.0,0.0,0.0,0.0,0.0,0.0,0.0,0.0,0.0,0.0,0.0,0.0,0.0,0.0,0.0,0.0,2.8E-6,0.001843,0.08718,3.018,1.224,0.01596,1.483E-6,2.881E-4,4.616E-5,0.02024,0.004404,3.998E-4,0.0,0.0,0.0,0.0,0.0,0.0,0.0,0.0,0.0,0.0,0.0,0.0,0.0,0.0,0.0,0.0,0.0,0.0,0.0,0.0,0.0,0.0,2.3E-22,0.0,4.001,0.001848,0.01539,0.0,0.01654,0.008959,0.7643,0.177,0.01462,0.0,0.0,0.0,0.0,0.0,0.0,0.0,0.0,0.0,0.0,0.0,0.0,0.0,0.0,0.0,0.0,0.0,0.0,0.0,0.0,0.0,0.0,0.0,0.0,0.0,0.0,0.0,0.0,0.0,0.0,0.0,0.0,0.0,0.0,0.0,0.0,0.0,0.0,0.0,0.0,0.0,0.0,0.0,0.0,0.0,0.0,1.0E-4,18640.0,9.551999999999999E25,5913.0,1243.0,81.54,202600.0,673.0,812.8,12410.0,4072.0,2417.0,0.3167,2.09E-4,55.89,182.2,4.891,3.315,0.08566,0.03388,3.816,1.069,0.3055,0.004054,86.2,144.8,28.41,0.3864,1.878E-5,3.282E-4,1.074E-4,0.01617,0.004466,7.919E-4,19.42,1831.0,1.561,5.631,5.745,0.3159,0.1259,0.03442,3.74,0.9603,0.2113,0.0,0.0,0.0,0.0,0.0,0.0,0.0,0.0,0.0,0.0,0.0,0.4509,269.6,2.534,0.4256,0.06865,1.096,0.286,0.03892,2.889,0.7679,0.2945,6.57E-6,1561.0,7.986E-4,7.32E-5,5.661E-6,1.125E-4,3.659E-6,7.45E-7,3.429E-5,9.464E-6,4.668E-6,
0.0,0.0,0.0,0.0,0.0,0.0,0.0,0.0,0.0,0.0,0.0,0.0,0.0,0.0,0.0,0.0,0.0,0.0,0.0,0.0,0.0,0.0,2.8E-6,0.001843,0.08723,3.018,1.224,0.01596,1.483E-6,2.881E-4,4.616E-5,0.02024,0.004404,3.998E-4,0.0,0.0,0.0,0.0,0.0,0.0,0.0,0.0,0.0,0.0,0.0,0.0,0.0,0.0,0.0,0.0,0.0,0.0,0.0,0.0,0.0,0.0,2.3E-22,0.0,4.001,0.001848,0.01539,0.0,0.01654,0.008959,0.7643,0.177,0.01462,0.0,0.0,0.0,0.0,0.0,0.0,0.0,0.0,0.0,0.0,0.0,0.0,0.0,0.0,0.0,0.0,0.0,0.0,0.0,0.0,0.0,0.0,0.0,0.0,0.0,0.0,0.0,0.0,0.0,0.0,0.0,0.0,0.0,0.0,0.0,0.0,0.0,0.0,0.0,0.0,0.0,0.0,0.0,0.0,0.0,0.0,1.0E-4,18640.0,9.551999999999999E25,5913.0,1243.0,81.54,202600.0,673.0,812.8,12410.0,4072.0,2417.0,0.3167,2.069E-4,55.89,182.2,4.891,3.315,0.08566,0.03388,3.816,1.069,0.3055,0.004054,85.34,144.8,28.41,0.3864,1.878E-5,3.282E-4,1.074E-4,0.01617,0.004466,7.919E-4,19.42,1831.0,1.561,5.631,5.745,0.3159,0.1259,0.03442,3.74,0.9603,0.2113,0.0,0.0,0.0,0.0,0.0,0.0,0.0,0.0,0.0,0.0,0.0,0.4509,269.6,2.534,0.4256,0.06865,1.096,0.286,0.03892,2.889,0.7679,0.2945,6.57E-6,1562.0,7.986E-4,7.32E-5,5.661E-6,1.125E-4,3.659E-6,7.45E-7,3.429E-5,9.464E-6,4.668E-6,
0.0,0.0,0.0,0.0,0.0,0.0,0.0,0.0,0.0,0.0,0.0,0.0,0.0,0.0,0.0,0.0,0.0,0.0,0.0,0.0,0.0,0.0,2.8E-6,0.001843,0.08728,3.018,1.224,0.01596,1.483E-6,2.881E-4,4.616E-5,0.02024,0.004404,3.998E-4,0.0,0.0,0.0,0.0,0.0,0.0,0.0,0.0,0.0,0.0,0.0,0.0,0.0,0.0,0.0,0.0,0.0,0.0,0.0,0.0,0.0,0.0,2.3E-22,0.0,4.001,0.001848,0.01539,0.0,0.01654,0.008959,0.7643,0.177,0.01462,0.0,0.0,0.0,0.0,0.0,0.0,0.0,0.0,0.0,0.0,0.0,0.0,0.0,0.0,0.0,0.0,0.0,0.0,0.0,0.0,0.0,0.0,0.0,0.0,0.0,0.0,0.0,0.0,0.0,0.0,0.0,0.0,0.0,0.0,0.0,0.0,0.0,0.0,0.0,0.0,0.0,0.0,0.0,0.0,0.0,0.0,1.0E-4,18640.0,9.551999999999999E25,5913.0,1243.0,81.54,202600.0,673.0,812.8,12410.0,4072.0,2417.0,0.3167,2.049E-4,55.89,182.2,4.891,3.315,0.08566,0.03388,3.816,1.069,0.3055,0.004054,84.49,144.8,28.41,0.3864,1.878E-5,3.282E-4,1.074E-4,0.01617,0.004466,7.919E-4,19.42,1832.0,1.561,5.631,5.745,0.3159,0.1259,0.03442,3.74,0.9603,0.2113,0.0,0.0,0.0,0.0,0.0,0.0,0.0,0.0,0.0,0.0,0.0,0.4509,269.6,2.534,0.4256,0.06865,1.096,0.286,0.03892,2.889,0.7679,0.2945,6.57E-6,1563.0,7.986E-4,7.32E-5,5.661E-6,1.125E-4,3.659E-6,7.45E-7,3.429E-5,9.464E-6,4.668E-6,
0.0,0.0,0.0,0.0,0.0,0.0,0.0,0.0,0.0,0.0,0.0,0.0,0.0,0.0,0.0,0.0,0.0,0.0,0.0,0.0,0.0,0.0,2.8E-6,0.001843,0.08733,3.018,1.224,0.01596,1.483E-6,2.881E-4,4.616E-5,0.02024,0.004404,3.998E-4,0.0,0.0,0.0,0.0,0.0,0.0,0.0,0.0,0.0,0.0,0.0,0.0,0.0,0.0,0.0,0.0,0.0,0.0,0.0,0.0,0.0,0.0,2.3E-22,0.0,4.001,0.001848,0.01539,0.0,0.01654,0.008959,0.7643,0.177,0.01462,0.0,0.0,0.0,0.0,0.0,0.0,0.0,0.0,0.0,0.0,0.0,0.0,0.0,0.0,0.0,0.0,0.0,0.0,0.0,0.0,0.0,0.0,0.0,0.0,0.0,0.0,0.0,0.0,0.0,0.0,0.0,0.0,0.0,0.0,0.0,0.0,0.0,0.0,0.0,0.0,0.0,0.0,0.0,0.0,0.0,0.0,1.0E-4,18640.0,9.551999999999999E25,5913.0,1243.0,81.54,202600.0,673.0,812.8,12410.0,4072.0,2417.0,0.3167,2.028E-4,55.89,182.2,4.891,3.315,0.08566,0.03388,3.816,1.069,0.3055,0.004054,83.65,144.8,28.41,0.3864,1.878E-5,3.282E-4,1.074E-4,0.01617,0.004466,7.919E-4,19.42,1833.0,1.561,5.631,5.745,0.3159,0.1259,0.03442,3.74,0.9603,0.2113,0.0,0.0,0.0,0.0,0.0,0.0,0.0,0.0,0.0,0.0,0.0,0.4509,269.6,2.534,0.4256,0.06865,1.096,0.286,0.03892,2.889,0.7679,0.2945,6.57E-6,1563.0,7.986E-4,7.32E-5,5.661E-6,1.125E-4,3.659E-6,7.45E-7,3.429E-5,9.464E-6,4.668E-6,
0.0,0.0,0.0,0.0,0.0,0.0,0.0,0.0,0.0,0.0,0.0,0.0,0.0,0.0,0.0,0.0,0.0,0.0,0.0,0.0,0.0,0.0,2.8E-6,0.001843,0.08737,3.018,1.224,0.01596,1.483E-6,2.881E-4,4.616E-5,0.02024,0.004404,3.998E-4,0.0,0.0,0.0,0.0,0.0,0.0,0.0,0.0,0.0,0.0,0.0,0.0,0.0,0.0,0.0,0.0,0.0,0.0,0.0,0.0,0.0,0.0,2.3E-22,0.0,4.001,0.001848,0.01539,0.0,0.01654,0.008959,0.7643,0.177,0.01462,0.0,0.0,0.0,0.0,0.0,0.0,0.0,0.0,0.0,0.0,0.0,0.0,0.0,0.0,0.0,0.0,0.0,0.0,0.0,0.0,0.0,0.0,0.0,0.0,0.0,0.0,0.0,0.0,0.0,0.0,0.0,0.0,0.0,0.0,0.0,0.0,0.0,0.0,0.0,0.0,0.0,0.0,0.0,0.0,0.0,0.0,1.0E-4,18640.0,9.551999999999999E25,5913.0,1243.0,81.54,202600.0,673.0,812.8,12410.0,4072.0,2417.0,0.3167,2.008E-4,55.89,182.2,4.891,3.315,0.08566,0.03388,3.816,1.069,0.3055,0.004054,82.82,144.8,28.41,0.3864,1.878E-5,3.282E-4,1.074E-4,0.01617,0.004466,7.919E-4,19.42,1834.0,1.561,5.631,5.745,0.3159,0.1259,0.03442,3.74,0.9603,0.2113,0.0,0.0,0.0,0.0,0.0,0.0,0.0,0.0,0.0,0.0,0.0,0.4509,269.6,2.534,0.4256,0.06865,1.096,0.286,0.03892,2.889,0.7679,0.2945,6.57E-6,1564.0,7.986E-4,7.32E-5,5.661E-6,1.125E-4,3.659E-6,7.45E-7,3.429E-5,9.464E-6,4.668E-6,
0.0,0.0,0.0,0.0,0.0,0.0,0.0,0.0,0.0,0.0,0.0,0.0,0.0,0.0,0.0,0.0,0.0,0.0,0.0,0.0,0.0,0.0,2.8E-6,0.001843,0.08742,3.018,1.224,0.01596,1.483E-6,2.881E-4,4.616E-5,0.02024,0.004404,3.998E-4,0.0,0.0,0.0,0.0,0.0,0.0,0.0,0.0,0.0,0.0,0.0,0.0,0.0,0.0,0.0,0.0,0.0,0.0,0.0,0.0,0.0,0.0,2.3E-22,0.0,4.001,0.001848,0.01539,0.0,0.01654,0.008959,0.7643,0.177,0.01462,0.0,0.0,0.0,0.0,0.0,0.0,0.0,0.0,0.0,0.0,0.0,0.0,0.0,0.0,0.0,0.0,0.0,0.0,0.0,0.0,0.0,0.0,0.0,0.0,0.0,0.0,0.0,0.0,0.0,0.0,0.0,0.0,0.0,0.0,0.0,0.0,0.0,0.0,0.0,0.0,0.0,0.0,0.0,0.0,0.0,0.0,1.0E-4,18640.0,9.551999999999999E25,5913.0,1243.0,81.54,202600.0,673.0,812.8,12410.0,4072.0,2417.0,0.3167,1.988E-4,55.89,182.2,4.891,3.315,0.08566,0.03388,3.816,1.069,0.3055,0.004054,81.99,144.8,28.41,0.3864,1.878E-5,3.282E-4,1.074E-4,0.01617,0.004466,7.919E-4,19.42,1835.0,1.561,5.631,5.745,0.3159,0.1259,0.03442,3.74,0.9603,0.2113,0.0,0.0,0.0,0.0,0.0,0.0,0.0,0.0,0.0,0.0,0.0,0.4509,269.6,2.534,0.4256,0.06865,1.096,0.286,0.03892,2.889,0.7679,0.2945,6.57E-6,1565.0,7.986E-4,7.32E-5,5.661E-6,1.125E-4,3.659E-6,7.45E-7,3.429E-5,9.464E-6,4.668E-6,
0.0,0.0,0.0,0.0,0.0,0.0,0.0,0.0,0.0,0.0,0.0,0.0,0.0,0.0,0.0,0.0,0.0,0.0,0.0,0.0,0.0,0.0,2.8E-6,0.001843,0.08747,3.018,1.224,0.01596,1.483E-6,2.881E-4,4.616E-5,0.02024,0.004404,3.998E-4,0.0,0.0,0.0,0.0,0.0,0.0,0.0,0.0,0.0,0.0,0.0,0.0,0.0,0.0,0.0,0.0,0.0,0.0,0.0,0.0,0.0,0.0,2.3E-22,0.0,4.001,0.001848,0.01539,0.0,0.01654,0.008959,0.7643,0.177,0.01462,0.0,0.0,0.0,0.0,0.0,0.0,0.0,0.0,0.0,0.0,0.0,0.0,0.0,0.0,0.0,0.0,0.0,0.0,0.0,0.0,0.0,0.0,0.0,0.0,0.0,0.0,0.0,0.0,0.0,0.0,0.0,0.0,0.0,0.0,0.0,0.0,0.0,0.0,0.0,0.0,0.0,0.0,0.0,0.0,0.0,0.0,1.0E-4,18640.0,9.551999999999999E25,5913.0,1243.0,81.54,202600.0,673.0,812.8,12410.0,4072.0,2417.0,0.3167,1.968E-4,55.89,182.2,4.891,3.315,0.08566,0.03388,3.816,1.069,0.3055,0.004054,81.18,144.8,28.41,0.3864,1.878E-5,3.282E-4,1.074E-4,0.01617,0.004466,7.919E-4,19.42,1836.0,1.561,5.631,5.745,0.3159,0.1259,0.03442,3.74,0.9603,0.2113,0.0,0.0,0.0,0.0,0.0,0.0,0.0,0.0,0.0,0.0,0.0,0.4509,269.6,2.534,0.4256,0.06865,1.096,0.286,0.03892,2.889,0.7679,0.2945,6.57E-6,1566.0,7.986E-4,7.32E-5,5.661E-6,1.125E-4,3.659E-6,7.45E-7,3.429E-5,9.464E-6,4.668E-6,
0.0,0.0,0.0,0.0,0.0,0.0,0.0,0.0,0.0,0.0,0.0,0.0,0.0,0.0,0.0,0.0,0.0,0.0,0.0,0.0,0.0,0.0,2.8E-6,0.001843,0.08751,3.018,1.224,0.01596,1.483E-6,2.881E-4,4.616E-5,0.02024,0.004404,3.998E-4,0.0,0.0,0.0,0.0,0.0,0.0,0.0,0.0,0.0,0.0,0.0,0.0,0.0,0.0,0.0,0.0,0.0,0.0,0.0,0.0,0.0,0.0,2.3E-22,0.0,4.001,0.001848,0.01539,0.0,0.01654,0.008959,0.7643,0.177,0.01462,0.0,0.0,0.0,0.0,0.0,0.0,0.0,0.0,0.0,0.0,0.0,0.0,0.0,0.0,0.0,0.0,0.0,0.0,0.0,0.0,0.0,0.0,0.0,0.0,0.0,0.0,0.0,0.0,0.0,0.0,0.0,0.0,0.0,0.0,0.0,0.0,0.0,0.0,0.0,0.0,0.0,0.0,0.0,0.0,0.0,0.0,1.0E-4,18640.0,9.551999999999999E25,5913.0,1243.0,81.54,202600.0,673.0,812.8,12410.0,4072.0,2417.0,0.3167,1.949E-4,55.89,182.2,4.891,3.315,0.08566,0.03388,3.816,1.069,0.3055,0.004054,80.37,144.8,28.41,0.3864,1.878E-5,3.282E-4,1.074E-4,0.01617,0.004466,7.919E-4,19.42,1836.0,1.561,5.631,5.745,0.3159,0.1259,0.03442,3.74,0.9603,0.2113,0.0,0.0,0.0,0.0,0.0,0.0,0.0,0.0,0.0,0.0,0.0,0.4509,269.6,2.534,0.4256,0.06865,1.096,0.286,0.03892,2.889,0.7679,0.2945,6.57E-6,1567.0,7.986E-4,7.32E-5,5.661E-6,1.125E-4,3.659E-6,7.45E-7,3.429E-5,9.464E-6,4.668E-6,
0.0,0.0,0.0,0.0,0.0,0.0,0.0,0.0,0.0,0.0,0.0,0.0,0.0,0.0,0.0,0.0,0.0,0.0,0.0,0.0,0.0,0.0,2.8E-6,0.001843,0.08755,3.018,1.224,0.01596,1.483E-6,2.881E-4,4.616E-5,0.02024,0.004404,3.998E-4,0.0,0.0,0.0,0.0,0.0,0.0,0.0,0.0,0.0,0.0,0.0,0.0,0.0,0.0,0.0,0.0,0.0,0.0,0.0,0.0,0.0,0.0,2.3E-22,0.0,4.001,0.001848,0.01539,0.0,0.01654,0.008959,0.7643,0.177,0.01462,0.0,0.0,0.0,0.0,0.0,0.0,0.0,0.0,0.0,0.0,0.0,0.0,0.0,0.0,0.0,0.0,0.0,0.0,0.0,0.0,0.0,0.0,0.0,0.0,0.0,0.0,0.0,0.0,0.0,0.0,0.0,0.0,0.0,0.0,0.0,0.0,0.0,0.0,0.0,0.0,0.0,0.0,0.0,0.0,0.0,0.0,1.0E-4,18640.0,9.551999999999999E25,5913.0,1243.0,81.54,202600.0,673.0,812.8,12410.0,4072.0,2417.0,0.3167,1.929E-4,55.89,182.2,4.891,3.315,0.08566,0.03388,3.816,1.069,0.3055,0.004054,79.57,144.8,28.41,0.3864,1.878E-5,3.282E-4,1.074E-4,0.01617,0.004466,7.919E-4,19.42,1837.0,1.561,5.631,5.745,0.3159,0.1259,0.03442,3.74,0.9603,0.2113,0.0,0.0,0.0,0.0,0.0,0.0,0.0,0.0,0.0,0.0,0.0,0.4509,269.6,2.534,0.4256,0.06865,1.096,0.286,0.03892,2.889,0.7679,0.2945,6.57E-6,1567.0,7.986E-4,7.32E-5,5.661E-6,1.125E-4,3.659E-6,7.45E-7,3.429E-5,9.464E-6,4.668E-6,
0.0,0.0,0.0,0.0,0.0,0.0,0.0,0.0,0.0,0.0,0.0,0.0,0.0,0.0,0.0,0.0,0.0,0.0,0.0,0.0,0.0,0.0,2.8E-6,0.001843,0.0876,3.018,1.224,0.01596,1.483E-6,2.881E-4,4.616E-5,0.02024,0.004404,3.998E-4,0.0,0.0,0.0,0.0,0.0,0.0,0.0,0.0,0.0,0.0,0.0,0.0,0.0,0.0,0.0,0.0,0.0,0.0,0.0,0.0,0.0,0.0,2.3E-22,0.0,4.001,0.001848,0.01539,0.0,0.01654,0.008959,0.7643,0.177,0.01462,0.0,0.0,0.0,0.0,0.0,0.0,0.0,0.0,0.0,0.0,0.0,0.0,0.0,0.0,0.0,0.0,0.0,0.0,0.0,0.0,0.0,0.0,0.0,0.0,0.0,0.0,0.0,0.0,0.0,0.0,0.0,0.0,0.0,0.0,0.0,0.0,0.0,0.0,0.0,0.0,0.0,0.0,0.0,0.0,0.0,0.0,1.0E-4,18640.0,9.551999999999999E25,5913.0,1243.0,81.54,202600.0,673.0,812.8,12410.0,4072.0,2417.0,0.3167,1.91E-4,55.89,182.2,4.891,3.315,0.08566,0.03388,3.816,1.069,0.3055,0.004054,78.78,144.8,28.41,0.3864,1.878E-5,3.282E-4,1.074E-4,0.01617,0.004466,7.919E-4,19.42,1838.0,1.561,5.631,5.745,0.3159,0.1259,0.03442,3.74,0.9603,0.2113,0.0,0.0,0.0,0.0,0.0,0.0,0.0,0.0,0.0,0.0,0.0,0.4509,269.6,2.534,0.4256,0.06865,1.096,0.286,0.03892,2.889,0.7679,0.2945,6.57E-6,1568.0,7.986E-4,7.32E-5,5.661E-6,1.125E-4,3.659E-6,7.45E-7,3.429E-5,9.464E-6,4.668E-6,
0.0,0.0,0.0,0.0,0.0,0.0,0.0,0.0,0.0,0.0,0.0,0.0,0.0,0.0,0.0,0.0,0.0,0.0,0.0,0.0,0.0,0.0,2.8E-6,0.001843,0.08764,3.018,1.224,0.01596,1.483E-6,2.881E-4,4.616E-5,0.02024,0.004404,3.998E-4,0.0,0.0,0.0,0.0,0.0,0.0,0.0,0.0,0.0,0.0,0.0,0.0,0.0,0.0,0.0,0.0,0.0,0.0,0.0,0.0,0.0,0.0,2.3E-22,0.0,4.001,0.001848,0.01539,0.0,0.01654,0.008959,0.7643,0.177,0.01462,0.0,0.0,0.0,0.0,0.0,0.0,0.0,0.0,0.0,0.0,0.0,0.0,0.0,0.0,0.0,0.0,0.0,0.0,0.0,0.0,0.0,0.0,0.0,0.0,0.0,0.0,0.0,0.0,0.0,0.0,0.0,0.0,0.0,0.0,0.0,0.0,0.0,0.0,0.0,0.0,0.0,0.0,0.0,0.0,0.0,0.0,1.0E-4,18640.0,9.551999999999999E25,5913.0,1243.0,81.54,202600.0,673.0,812.8,12410.0,4072.0,2417.0,0.3167,1.891E-4,55.89,182.2,4.891,3.315,0.08566,0.03388,3.816,1.069,0.3055,0.004054,77.99,144.8,28.41,0.3864,1.878E-5,3.282E-4,1.074E-4,0.01617,0.004466,7.919E-4,19.42,1839.0,1.561,5.631,5.745,0.3159,0.1259,0.03442,3.74,0.9603,0.2113,0.0,0.0,0.0,0.0,0.0,0.0,0.0,0.0,0.0,0.0,0.0,0.4509,269.6,2.534,0.4256,0.06865,1.096,0.286,0.03892,2.889,0.7679,0.2945,6.57E-6,1569.0,7.986E-4,7.32E-5,5.661E-6,1.125E-4,3.659E-6,7.45E-7,3.429E-5,9.464E-6,4.668E-6,
0.0,0.0,0.0,0.0,0.0,0.0,0.0,0.0,0.0,0.0,0.0,0.0,0.0,0.0,0.0,0.0,0.0,0.0,0.0,0.0,0.0,0.0,2.8E-6,0.001843,0.08769,3.018,1.224,0.01596,1.483E-6,2.881E-4,4.616E-5,0.02024,0.004404,3.998E-4,0.0,0.0,0.0,0.0,0.0,0.0,0.0,0.0,0.0,0.0,0.0,0.0,0.0,0.0,0.0,0.0,0.0,0.0,0.0,0.0,0.0,0.0,2.3E-22,0.0,4.001,0.001848,0.01539,0.0,0.01654,0.008959,0.7643,0.177,0.01462,0.0,0.0,0.0,0.0,0.0,0.0,0.0,0.0,0.0,0.0,0.0,0.0,0.0,0.0,0.0,0.0,0.0,0.0,0.0,0.0,0.0,0.0,0.0,0.0,0.0,0.0,0.0,0.0,0.0,0.0,0.0,0.0,0.0,0.0,0.0,0.0,0.0,0.0,0.0,0.0,0.0,0.0,0.0,0.0,0.0,0.0,1.0E-4,18640.0,9.551999999999999E25,5913.0,1243.0,81.54,202600.0,673.0,812.8,12410.0,4072.0,2417.0,0.3167,1.872E-4,55.89,182.2,4.891,3.315,0.08566,0.03388,3.816,1.069,0.3055,0.004054,77.22,144.8,28.41,0.3864,1.878E-5,3.282E-4,1.074E-4,0.01617,0.004466,7.919E-4,19.42,1840.0,1.561,5.631,5.745,0.3159,0.1259,0.03442,3.74,0.9603,0.2113,0.0,0.0,0.0,0.0,0.0,0.0,0.0,0.0,0.0,0.0,0.0,0.4509,269.6,2.534,0.4256,0.06865,1.096,0.286,0.03892,2.889,0.7679,0.2945,6.57E-6,1570.0,7.986E-4,7.32E-5,5.661E-6,1.125E-4,3.659E-6,7.45E-7,3.429E-5,9.464E-6,4.668E-6,
0.0,0.0,0.0,0.0,0.0,0.0,0.0,0.0,0.0,0.0,0.0,0.0,0.0,0.0,0.0,0.0,0.0,0.0,0.0,0.0,0.0,0.0,2.8E-6,0.001843,0.08773,3.018,1.224,0.01596,1.483E-6,2.881E-4,4.616E-5,0.02024,0.004404,3.998E-4,0.0,0.0,0.0,0.0,0.0,0.0,0.0,0.0,0.0,0.0,0.0,0.0,0.0,0.0,0.0,0.0,0.0,0.0,0.0,0.0,0.0,0.0,2.3E-22,0.0,4.001,0.001848,0.01539,0.0,0.01654,0.008959,0.7643,0.177,0.01462,0.0,0.0,0.0,0.0,0.0,0.0,0.0,0.0,0.0,0.0,0.0,0.0,0.0,0.0,0.0,0.0,0.0,0.0,0.0,0.0,0.0,0.0,0.0,0.0,0.0,0.0,0.0,0.0,0.0,0.0,0.0,0.0,0.0,0.0,0.0,0.0,0.0,0.0,0.0,0.0,0.0,0.0,0.0,0.0,0.0,0.0,1.0E-4,18640.0,9.551999999999999E25,5913.0,1243.0,81.54,202600.0,673.0,812.8,12410.0,4072.0,2417.0,0.3167,1.854E-4,55.89,182.2,4.891,3.315,0.08566,0.03388,3.816,1.069,0.3055,0.004054,76.45,144.8,28.41,0.3864,1.878E-5,3.282E-4,1.074E-4,0.01617,0.004466,7.919E-4,19.42,1840.0,1.561,5.631,5.745,0.3159,0.1259,0.03442,3.74,0.9603,0.2113,0.0,0.0,0.0,0.0,0.0,0.0,0.0,0.0,0.0,0.0,0.0,0.4509,269.6,2.534,0.4256,0.06865,1.096,0.286,0.03892,2.889,0.7679,0.2945,6.57E-6,1571.0,7.986E-4,7.32E-5,5.661E-6,1.125E-4,3.659E-6,7.45E-7,3.429E-5,9.464E-6,4.668E-6,
0.0,0.0,0.0,0.0,0.0,0.0,0.0,0.0,0.0,0.0,0.0,0.0,0.0,0.0,0.0,0.0,0.0,0.0,0.0,0.0,0.0,0.0,2.8E-6,0.001843,0.08777,3.018,1.224,0.01596,1.483E-6,2.881E-4,4.616E-5,0.02024,0.004404,3.998E-4,0.0,0.0,0.0,0.0,0.0,0.0,0.0,0.0,0.0,0.0,0.0,0.0,0.0,0.0,0.0,0.0,0.0,0.0,0.0,0.0,0.0,0.0,2.3E-22,0.0,4.001,0.001848,0.01539,0.0,0.01654,0.008959,0.7643,0.177,0.01462,0.0,0.0,0.0,0.0,0.0,0.0,0.0,0.0,0.0,0.0,0.0,0.0,0.0,0.0,0.0,0.0,0.0,0.0,0.0,0.0,0.0,0.0,0.0,0.0,0.0,0.0,0.0,0.0,0.0,0.0,0.0,0.0,0.0,0.0,0.0,0.0,0.0,0.0,0.0,0.0,0.0,0.0,0.0,0.0,0.0,0.0,1.0E-4,18640.0,9.551999999999999E25,5913.0,1243.0,81.54,202600.0,673.0,812.8,12410.0,4072.0,2417.0,0.3167,1.835E-4,55.89,182.2,4.891,3.315,0.08566,0.03388,3.816,1.069,0.3055,0.004054,75.69,144.8,28.41,0.3864,1.878E-5,3.282E-4,1.074E-4,0.01617,0.004466,7.919E-4,19.42,1841.0,1.561,5.631,5.745,0.3159,0.1259,0.03442,3.74,0.9603,0.2113,0.0,0.0,0.0,0.0,0.0,0.0,0.0,0.0,0.0,0.0,0.0,0.4509,269.6,2.534,0.4256,0.06865,1.096,0.286,0.03892,2.889,0.7679,0.2945,6.57E-6,1571.0,7.986E-4,7.32E-5,5.661E-6,1.125E-4,3.659E-6,7.45E-7,3.429E-5,9.464E-6,4.668E-6,
0.0,0.0,0.0,0.0,0.0,0.0,0.0,0.0,0.0,0.0,0.0,0.0,0.0,0.0,0.0,0.0,0.0,0.0,0.0,0.0,0.0,0.0,2.8E-6,0.001843,0.08781,3.018,1.224,0.01596,1.483E-6,2.881E-4,4.616E-5,0.02024,0.004404,3.998E-4,0.0,0.0,0.0,0.0,0.0,0.0,0.0,0.0,0.0,0.0,0.0,0.0,0.0,0.0,0.0,0.0,0.0,0.0,0.0,0.0,0.0,0.0,2.3E-22,0.0,4.001,0.001848,0.01539,0.0,0.01654,0.008959,0.7643,0.177,0.01462,0.0,0.0,0.0,0.0,0.0,0.0,0.0,0.0,0.0,0.0,0.0,0.0,0.0,0.0,0.0,0.0,0.0,0.0,0.0,0.0,0.0,0.0,0.0,0.0,0.0,0.0,0.0,0.0,0.0,0.0,0.0,0.0,0.0,0.0,0.0,0.0,0.0,0.0,0.0,0.0,0.0,0.0,0.0,0.0,0.0,0.0,1.0E-4,18640.0,9.551999999999999E25,5913.0,1243.0,81.54,202600.0,673.0,812.8,12410.0,4072.0,2417.0,0.3167,1.817E-4,55.89,182.2,4.891,3.315,0.08566,0.03388,3.816,1.069,0.3055,0.004054,74.94,144.8,28.41,0.3864,1.878E-5,3.282E-4,1.074E-4,0.01617,0.004466,7.919E-4,19.42,1842.0,1.561,5.631,5.745,0.3159,0.1259,0.03442,3.74,0.9603,0.2113,0.0,0.0,0.0,0.0,0.0,0.0,0.0,0.0,0.0,0.0,0.0,0.4509,269.6,2.534,0.4256,0.06865,1.096,0.286,0.03892,2.889,0.7679,0.2945,6.57E-6,1572.0,7.986E-4,7.32E-5,5.661E-6,1.125E-4,3.659E-6,7.45E-7,3.429E-5,9.464E-6,4.668E-6,
0.0,0.0,0.0,0.0,0.0,0.0,0.0,0.0,0.0,0.0,0.0,0.0,0.0,0.0,0.0,0.0,0.0,0.0,0.0,0.0,0.0,0.0,2.8E-6,0.001843,0.08786,3.018,1.224,0.01596,1.483E-6,2.881E-4,4.616E-5,0.02024,0.004404,3.998E-4,0.0,0.0,0.0,0.0,0.0,0.0,0.0,0.0,0.0,0.0,0.0,0.0,0.0,0.0,0.0,0.0,0.0,0.0,0.0,0.0,0.0,0.0,2.3E-22,0.0,4.001,0.001848,0.01539,0.0,0.01654,0.008959,0.7643,0.177,0.01462,0.0,0.0,0.0,0.0,0.0,0.0,0.0,0.0,0.0,0.0,0.0,0.0,0.0,0.0,0.0,0.0,0.0,0.0,0.0,0.0,0.0,0.0,0.0,0.0,0.0,0.0,0.0,0.0,0.0,0.0,0.0,0.0,0.0,0.0,0.0,0.0,0.0,0.0,0.0,0.0,0.0,0.0,0.0,0.0,0.0,0.0,1.0E-4,18640.0,9.551999999999999E25,5913.0,1243.0,81.54,202600.0,673.0,812.8,12410.0,4072.0,2417.0,0.3167,1.799E-4,55.89,182.2,4.891,3.315,0.08566,0.03388,3.816,1.069,0.3055,0.004054,74.19,144.8,28.41,0.3864,1.878E-5,3.282E-4,1.074E-4,0.01617,0.004466,7.919E-4,19.42,1843.0,1.561,5.631,5.745,0.3159,0.1259,0.03442,3.74,0.9603,0.2113,0.0,0.0,0.0,0.0,0.0,0.0,0.0,0.0,0.0,0.0,0.0,0.4509,269.6,2.534,0.4256,0.06865,1.096,0.286,0.03892,2.889,0.7679,0.2945,6.57E-6,1573.0,7.986E-4,7.32E-5,5.661E-6,1.125E-4,3.659E-6,7.45E-7,3.429E-5,9.464E-6,4.668E-6,
0.0,0.0,0.0,0.0,0.0,0.0,0.0,0.0,0.0,0.0,0.0,0.0,0.0,0.0,0.0,0.0,0.0,0.0,0.0,0.0,0.0,0.0,2.8E-6,0.001843,0.0879,3.018,1.224,0.01596,1.483E-6,2.881E-4,4.616E-5,0.02024,0.004404,3.998E-4,0.0,0.0,0.0,0.0,0.0,0.0,0.0,0.0,0.0,0.0,0.0,0.0,0.0,0.0,0.0,0.0,0.0,0.0,0.0,0.0,0.0,0.0,2.3E-22,0.0,4.001,0.001848,0.01539,0.0,0.01654,0.008959,0.7643,0.177,0.01462,0.0,0.0,0.0,0.0,0.0,0.0,0.0,0.0,0.0,0.0,0.0,0.0,0.0,0.0,0.0,0.0,0.0,0.0,0.0,0.0,0.0,0.0,0.0,0.0,0.0,0.0,0.0,0.0,0.0,0.0,0.0,0.0,0.0,0.0,0.0,0.0,0.0,0.0,0.0,0.0,0.0,0.0,0.0,0.0,0.0,0.0,1.0E-4,18640.0,9.551999999999999E25,5913.0,1243.0,81.54,202600.0,673.0,812.8,12410.0,4072.0,2417.0,0.3167,1.781E-4,55.89,182.2,4.891,3.315,0.08566,0.03388,3.816,1.069,0.3055,0.004054,73.45,144.8,28.41,0.3864,1.878E-5,3.282E-4,1.074E-4,0.01617,0.004466,7.919E-4,19.42,1843.0,1.561,5.631,5.745,0.3159,0.1259,0.03442,3.74,0.9603,0.2113,0.0,0.0,0.0,0.0,0.0,0.0,0.0,0.0,0.0,0.0,0.0,0.4509,269.6,2.534,0.4256,0.06865,1.096,0.286,0.03892,2.889,0.7679,0.2945,6.57E-6,1574.0,7.986E-4,7.32E-5,5.661E-6,1.125E-4,3.659E-6,7.45E-7,3.429E-5,9.464E-6,4.668E-6,
0.0,0.0,0.0,0.0,0.0,0.0,0.0,0.0,0.0,0.0,0.0,0.0,0.0,0.0,0.0,0.0,0.0,0.0,0.0,0.0,0.0,0.0,2.8E-6,0.001843,0.08794,3.018,1.224,0.01596,1.483E-6,2.881E-4,4.616E-5,0.02024,0.004404,3.998E-4,0.0,0.0,0.0,0.0,0.0,0.0,0.0,0.0,0.0,0.0,0.0,0.0,0.0,0.0,0.0,0.0,0.0,0.0,0.0,0.0,0.0,0.0,2.3E-22,0.0,4.001,0.001848,0.01539,0.0,0.01654,0.008959,0.7643,0.177,0.01462,0.0,0.0,0.0,0.0,0.0,0.0,0.0,0.0,0.0,0.0,0.0,0.0,0.0,0.0,0.0,0.0,0.0,0.0,0.0,0.0,0.0,0.0,0.0,0.0,0.0,0.0,0.0,0.0,0.0,0.0,0.0,0.0,0.0,0.0,0.0,0.0,0.0,0.0,0.0,0.0,0.0,0.0,0.0,0.0,0.0,0.0,1.0E-4,18640.0,9.551999999999999E25,5913.0,1243.0,81.54,202600.0,673.0,812.8,12410.0,4072.0,2417.0,0.3167,1.763E-4,55.89,182.2,4.891,3.315,0.08566,0.03388,3.816,1.069,0.3055,0.004054,72.72,144.8,28.41,0.3864,1.878E-5,3.282E-4,1.074E-4,0.01617,0.004466,7.919E-4,19.42,1844.0,1.561,5.631,5.745,0.3159,0.1259,0.03442,3.74,0.9603,0.2113,0.0,0.0,0.0,0.0,0.0,0.0,0.0,0.0,0.0,0.0,0.0,0.4509,269.6,2.534,0.4256,0.06865,1.096,0.286,0.03892,2.889,0.7679,0.2945,6.57E-6,1574.0,7.986E-4,7.32E-5,5.661E-6,1.125E-4,3.659E-6,7.45E-7,3.429E-5,9.464E-6,4.668E-6,
0.0,0.0,0.0,0.0,0.0,0.0,0.0,0.0,0.0,0.0,0.0,0.0,0.0,0.0,0.0,0.0,0.0,0.0,0.0,0.0,0.0,0.0,2.8E-6,0.001843,0.08798,3.018,1.224,0.01596,1.483E-6,2.881E-4,4.616E-5,0.02024,0.004404,3.998E-4,0.0,0.0,0.0,0.0,0.0,0.0,0.0,0.0,0.0,0.0,0.0,0.0,0.0,0.0,0.0,0.0,0.0,0.0,0.0,0.0,0.0,0.0,2.3E-22,0.0,4.001,0.001848,0.01539,0.0,0.01654,0.008959,0.7643,0.177,0.01462,0.0,0.0,0.0,0.0,0.0,0.0,0.0,0.0,0.0,0.0,0.0,0.0,0.0,0.0,0.0,0.0,0.0,0.0,0.0,0.0,0.0,0.0,0.0,0.0,0.0,0.0,0.0,0.0,0.0,0.0,0.0,0.0,0.0,0.0,0.0,0.0,0.0,0.0,0.0,0.0,0.0,0.0,0.0,0.0,0.0,0.0,1.0E-4,18640.0,9.551999999999999E25,5913.0,1243.0,81.54,202600.0,673.0,812.8,12410.0,4072.0,2417.0,0.3167,1.746E-4,55.89,182.2,4.891,3.315,0.08566,0.03388,3.816,1.069,0.3055,0.004054,72.0,144.8,28.41,0.3864,1.878E-5,3.282E-4,1.074E-4,0.01617,0.004466,7.919E-4,19.42,1845.0,1.561,5.631,5.745,0.3159,0.1259,0.03442,3.74,0.9603,0.2113,0.0,0.0,0.0,0.0,0.0,0.0,0.0,0.0,0.0,0.0,0.0,0.4509,269.6,2.534,0.4256,0.06865,1.096,0.286,0.03892,2.889,0.7679,0.2945,6.57E-6,1575.0,7.986E-4,7.32E-5,5.661E-6,1.125E-4,3.659E-6,7.45E-7,3.429E-5,9.464E-6,4.668E-6,
0.0,0.0,0.0,0.0,0.0,0.0,0.0,0.0,0.0,0.0,0.0,0.0,0.0,0.0,0.0,0.0,0.0,0.0,0.0,0.0,0.0,0.0,2.8E-6,0.001843,0.08802,3.018,1.224,0.01596,1.483E-6,2.881E-4,4.616E-5,0.02024,0.004404,3.998E-4,0.0,0.0,0.0,0.0,0.0,0.0,0.0,0.0,0.0,0.0,0.0,0.0,0.0,0.0,0.0,0.0,0.0,0.0,0.0,0.0,0.0,0.0,2.3E-22,0.0,4.001,0.001848,0.01539,0.0,0.01654,0.008959,0.7643,0.177,0.01462,0.0,0.0,0.0,0.0,0.0,0.0,0.0,0.0,0.0,0.0,0.0,0.0,0.0,0.0,0.0,0.0,0.0,0.0,0.0,0.0,0.0,0.0,0.0,0.0,0.0,0.0,0.0,0.0,0.0,0.0,0.0,0.0,0.0,0.0,0.0,0.0,0.0,0.0,0.0,0.0,0.0,0.0,0.0,0.0,0.0,0.0,1.0E-4,18640.0,9.551999999999999E25,5913.0,1243.0,81.54,202600.0,673.0,812.8,12410.0,4072.0,2417.0,0.3167,1.728E-4,55.89,182.2,4.891,3.315,0.08566,0.03388,3.816,1.069,0.3055,0.004054,71.28,144.8,28.41,0.3864,1.878E-5,3.282E-4,1.074E-4,0.01617,0.004466,7.919E-4,19.42,1845.0,1.561,5.631,5.745,0.3159,0.1259,0.03442,3.74,0.9603,0.2113,0.0,0.0,0.0,0.0,0.0,0.0,0.0,0.0,0.0,0.0,0.0,0.4509,269.6,2.534,0.4256,0.06865,1.096,0.286,0.03892,2.889,0.7679,0.2945,6.57E-6,1576.0,7.986E-4,7.32E-5,5.661E-6,1.125E-4,3.659E-6,7.45E-7,3.429E-5,9.464E-6,4.668E-6,
0.0,0.0,0.0,0.0,0.0,0.0,0.0,0.0,0.0,0.0,0.0,0.0,0.0,0.0,0.0,0.0,0.0,0.0,0.0,0.0,0.0,0.0,2.8E-6,0.001843,0.08806,3.018,1.224,0.01596,1.483E-6,2.881E-4,4.616E-5,0.02024,0.004404,3.998E-4,0.0,0.0,0.0,0.0,0.0,0.0,0.0,0.0,0.0,0.0,0.0,0.0,0.0,0.0,0.0,0.0,0.0,0.0,0.0,0.0,0.0,0.0,2.3E-22,0.0,4.001,0.001848,0.01539,0.0,0.01654,0.008959,0.7643,0.177,0.01462,0.0,0.0,0.0,0.0,0.0,0.0,0.0,0.0,0.0,0.0,0.0,0.0,0.0,0.0,0.0,0.0,0.0,0.0,0.0,0.0,0.0,0.0,0.0,0.0,0.0,0.0,0.0,0.0,0.0,0.0,0.0,0.0,0.0,0.0,0.0,0.0,0.0,0.0,0.0,0.0,0.0,0.0,0.0,0.0,0.0,0.0,1.0E-4,18640.0,9.551999999999999E25,5913.0,1243.0,81.54,202600.0,673.0,812.8,12410.0,4072.0,2417.0,0.3167,1.711E-4,55.89,182.2,4.891,3.315,0.08566,0.03388,3.816,1.069,0.3055,0.004054,70.57,144.8,28.41,0.3864,1.878E-5,3.282E-4,1.074E-4,0.01617,0.004466,7.919E-4,19.42,1846.0,1.561,5.631,5.745,0.3159,0.1259,0.03442,3.74,0.9603,0.2113,0.0,0.0,0.0,0.0,0.0,0.0,0.0,0.0,0.0,0.0,0.0,0.4509,269.6,2.534,0.4256,0.06865,1.096,0.286,0.03892,2.889,0.7679,0.2945,6.57E-6,1576.0,7.986E-4,7.32E-5,5.661E-6,1.125E-4,3.659E-6,7.45E-7,3.429E-5,9.464E-6,4.668E-6,
0.0,0.0,0.0,0.0,0.0,0.0,0.0,0.0,0.0,0.0,0.0,0.0,0.0,0.0,0.0,0.0,0.0,0.0,0.0,0.0,0.0,0.0,2.8E-6,0.001843,0.0881,3.018,1.224,0.01596,1.483E-6,2.881E-4,4.616E-5,0.02024,0.004404,3.998E-4,0.0,0.0,0.0,0.0,0.0,0.0,0.0,0.0,0.0,0.0,0.0,0.0,0.0,0.0,0.0,0.0,0.0,0.0,0.0,0.0,0.0,0.0,2.3E-22,0.0,4.001,0.001848,0.01539,0.0,0.01654,0.008959,0.7643,0.177,0.01462,0.0,0.0,0.0,0.0,0.0,0.0,0.0,0.0,0.0,0.0,0.0,0.0,0.0,0.0,0.0,0.0,0.0,0.0,0.0,0.0,0.0,0.0,0.0,0.0,0.0,0.0,0.0,0.0,0.0,0.0,0.0,0.0,0.0,0.0,0.0,0.0,0.0,0.0,0.0,0.0,0.0,0.0,0.0,0.0,0.0,0.0,1.0E-4,18640.0,9.551999999999999E25,5913.0,1243.0,81.54,202600.0,673.0,812.8,12410.0,4072.0,2417.0,0.3167,1.694E-4,55.89,182.2,4.891,3.315,0.08566,0.03388,3.816,1.069,0.3055,0.004054,69.87,144.8,28.41,0.3864,1.878E-5,3.282E-4,1.074E-4,0.01617,0.004466,7.919E-4,19.42,1847.0,1.561,5.631,5.745,0.3159,0.1259,0.03442,3.74,0.9603,0.2113,0.0,0.0,0.0,0.0,0.0,0.0,0.0,0.0,0.0,0.0,0.0,0.4509,269.6,2.534,0.4256,0.06865,1.096,0.286,0.03892,2.889,0.7679,0.2945,6.57E-6,1577.0,7.986E-4,7.32E-5,5.661E-6,1.125E-4,3.659E-6,7.45E-7,3.429E-5,9.464E-6,4.668E-6,
0.0,0.0,0.0,0.0,0.0,0.0,0.0,0.0,0.0,0.0,0.0,0.0,0.0,0.0,0.0,0.0,0.0,0.0,0.0,0.0,0.0,0.0,2.8E-6,0.001843,0.08814,3.018,1.224,0.01596,1.483E-6,2.881E-4,4.616E-5,0.02024,0.004404,3.998E-4,0.0,0.0,0.0,0.0,0.0,0.0,0.0,0.0,0.0,0.0,0.0,0.0,0.0,0.0,0.0,0.0,0.0,0.0,0.0,0.0,0.0,0.0,2.3E-22,0.0,4.001,0.001848,0.01539,0.0,0.01654,0.008959,0.7643,0.177,0.01462,0.0,0.0,0.0,0.0,0.0,0.0,0.0,0.0,0.0,0.0,0.0,0.0,0.0,0.0,0.0,0.0,0.0,0.0,0.0,0.0,0.0,0.0,0.0,0.0,0.0,0.0,0.0,0.0,0.0,0.0,0.0,0.0,0.0,0.0,0.0,0.0,0.0,0.0,0.0,0.0,0.0,0.0,0.0,0.0,0.0,0.0,1.0E-4,18640.0,9.551999999999999E25,5913.0,1243.0,81.54,202600.0,673.0,812.8,12410.0,4072.0,2417.0,0.3167,1.677E-4,55.89,182.2,4.891,3.315,0.08566,0.03388,3.816,1.069,0.3055,0.004054,69.17,144.8,28.41,0.3864,1.878E-5,3.282E-4,1.074E-4,0.01617,0.004466,7.919E-4,19.42,1848.0,1.561,5.631,5.745,0.3159,0.1259,0.03442,3.74,0.9603,0.2113,0.0,0.0,0.0,0.0,0.0,0.0,0.0,0.0,0.0,0.0,0.0,0.4509,269.6,2.534,0.4256,0.06865,1.096,0.286,0.03892,2.889,0.7679,0.2945,6.57E-6,1578.0,7.986E-4,7.32E-5,5.661E-6,1.125E-4,3.659E-6,7.45E-7,3.429E-5,9.464E-6,4.668E-6,
0.0,0.0,0.0,0.0,0.0,0.0,0.0,0.0,0.0,0.0,0.0,0.0,0.0,0.0,0.0,0.0,0.0,0.0,0.0,0.0,0.0,0.0,2.8E-6,0.001843,0.08817,3.018,1.224,0.01596,1.483E-6,2.881E-4,4.616E-5,0.02024,0.004404,3.998E-4,0.0,0.0,0.0,0.0,0.0,0.0,0.0,0.0,0.0,0.0,0.0,0.0,0.0,0.0,0.0,0.0,0.0,0.0,0.0,0.0,0.0,0.0,2.3E-22,0.0,4.001,0.001848,0.01539,0.0,0.01654,0.008959,0.7643,0.177,0.01462,0.0,0.0,0.0,0.0,0.0,0.0,0.0,0.0,0.0,0.0,0.0,0.0,0.0,0.0,0.0,0.0,0.0,0.0,0.0,0.0,0.0,0.0,0.0,0.0,0.0,0.0,0.0,0.0,0.0,0.0,0.0,0.0,0.0,0.0,0.0,0.0,0.0,0.0,0.0,0.0,0.0,0.0,0.0,0.0,0.0,0.0,1.0E-4,18640.0,9.551999999999999E25,5913.0,1243.0,81.54,202600.0,673.0,812.8,12410.0,4072.0,2417.0,0.3167,1.661E-4,55.89,182.2,4.891,3.315,0.08566,0.03388,3.816,1.069,0.3055,0.004054,68.49,144.8,28.41,0.3864,1.878E-5,3.282E-4,1.074E-4,0.01617,0.004466,7.919E-4,19.42,1848.0,1.561,5.631,5.745,0.3159,0.1259,0.03442,3.74,0.9603,0.2113,0.0,0.0,0.0,0.0,0.0,0.0,0.0,0.0,0.0,0.0,0.0,0.4509,269.6,2.534,0.4256,0.06865,1.096,0.286,0.03892,2.889,0.7679,0.2945,6.57E-6,1579.0,7.986E-4,7.32E-5,5.661E-6,1.125E-4,3.659E-6,7.45E-7,3.429E-5,9.464E-6,4.668E-6,
0.0,0.0,0.0,0.0,0.0,0.0,0.0,0.0,0.0,0.0,0.0,0.0,0.0,0.0,0.0,0.0,0.0,0.0,0.0,0.0,0.0,0.0,2.8E-6,0.001843,0.08821,3.018,1.224,0.01596,1.483E-6,2.881E-4,4.616E-5,0.02024,0.004404,3.998E-4,0.0,0.0,0.0,0.0,0.0,0.0,0.0,0.0,0.0,0.0,0.0,0.0,0.0,0.0,0.0,0.0,0.0,0.0,0.0,0.0,0.0,0.0,2.3E-22,0.0,4.001,0.001848,0.01539,0.0,0.01654,0.008959,0.7643,0.177,0.01462,0.0,0.0,0.0,0.0,0.0,0.0,0.0,0.0,0.0,0.0,0.0,0.0,0.0,0.0,0.0,0.0,0.0,0.0,0.0,0.0,0.0,0.0,0.0,0.0,0.0,0.0,0.0,0.0,0.0,0.0,0.0,0.0,0.0,0.0,0.0,0.0,0.0,0.0,0.0,0.0,0.0,0.0,0.0,0.0,0.0,0.0,1.0E-4,18640.0,9.551999999999999E25,5913.0,1243.0,81.54,202600.0,673.0,812.8,12410.0,4072.0,2417.0,0.3167,1.644E-4,55.89,182.2,4.891,3.315,0.08566,0.03388,3.816,1.069,0.3055,0.004054,67.8,144.8,28.41,0.3864,1.878E-5,3.282E-4,1.074E-4,0.01617,0.004466,7.919E-4,19.42,1849.0,1.561,5.631,5.745,0.3159,0.1259,0.03442,3.74,0.9603,0.2113,0.0,0.0,0.0,0.0,0.0,0.0,0.0,0.0,0.0,0.0,0.0,0.4509,269.6,2.534,0.4256,0.06865,1.096,0.286,0.03892,2.889,0.7679,0.2945,6.57E-6,1579.0,7.986E-4,7.32E-5,5.661E-6,1.125E-4,3.659E-6,7.45E-7,3.429E-5,9.464E-6,4.668E-6,
0.0,0.0,0.0,0.0,0.0,0.0,0.0,0.0,0.0,0.0,0.0,0.0,0.0,0.0,0.0,0.0,0.0,0.0,0.0,0.0,0.0,0.0,2.8E-6,0.001843,0.08825,3.018,1.224,0.01596,1.483E-6,2.881E-4,4.616E-5,0.02024,0.004404,3.998E-4,0.0,0.0,0.0,0.0,0.0,0.0,0.0,0.0,0.0,0.0,0.0,0.0,0.0,0.0,0.0,0.0,0.0,0.0,0.0,0.0,0.0,0.0,2.3E-22,0.0,4.001,0.001848,0.01539,0.0,0.01654,0.008959,0.7643,0.177,0.01462,0.0,0.0,0.0,0.0,0.0,0.0,0.0,0.0,0.0,0.0,0.0,0.0,0.0,0.0,0.0,0.0,0.0,0.0,0.0,0.0,0.0,0.0,0.0,0.0,0.0,0.0,0.0,0.0,0.0,0.0,0.0,0.0,0.0,0.0,0.0,0.0,0.0,0.0,0.0,0.0,0.0,0.0,0.0,0.0,0.0,0.0,1.0E-4,18640.0,9.551999999999999E25,5913.0,1243.0,81.54,202600.0,673.0,812.8,12410.0,4072.0,2417.0,0.3167,1.628E-4,55.89,182.2,4.891,3.315,0.08566,0.03388,3.816,1.069,0.3055,0.004054,67.13,144.8,28.41,0.3864,1.878E-5,3.282E-4,1.074E-4,0.01617,0.004466,7.919E-4,19.42,1850.0,1.561,5.631,5.745,0.3159,0.1259,0.03442,3.74,0.9603,0.2113,0.0,0.0,0.0,0.0,0.0,0.0,0.0,0.0,0.0,0.0,0.0,0.4509,269.6,2.534,0.4256,0.06865,1.096,0.286,0.03892,2.889,0.7679,0.2945,6.57E-6,1580.0,7.986E-4,7.32E-5,5.661E-6,1.125E-4,3.659E-6,7.45E-7,3.429E-5,9.464E-6,4.668E-6,
0.0,0.0,0.0,0.0,0.0,0.0,0.0,0.0,0.0,0.0,0.0,0.0,0.0,0.0,0.0,0.0,0.0,0.0,0.0,0.0,0.0,0.0,2.8E-6,0.001843,0.08829,3.018,1.224,0.01596,1.483E-6,2.881E-4,4.616E-5,0.02024,0.004404,3.998E-4,0.0,0.0,0.0,0.0,0.0,0.0,0.0,0.0,0.0,0.0,0.0,0.0,0.0,0.0,0.0,0.0,0.0,0.0,0.0,0.0,0.0,0.0,2.3E-22,0.0,4.001,0.001848,0.01539,0.0,0.01654,0.008959,0.7643,0.177,0.01462,0.0,0.0,0.0,0.0,0.0,0.0,0.0,0.0,0.0,0.0,0.0,0.0,0.0,0.0,0.0,0.0,0.0,0.0,0.0,0.0,0.0,0.0,0.0,0.0,0.0,0.0,0.0,0.0,0.0,0.0,0.0,0.0,0.0,0.0,0.0,0.0,0.0,0.0,0.0,0.0,0.0,0.0,0.0,0.0,0.0,0.0,1.0E-4,18640.0,9.551999999999999E25,5913.0,1243.0,81.54,202600.0,673.0,812.8,12410.0,4072.0,2417.0,0.3167,1.612E-4,55.89,182.2,4.891,3.315,0.08566,0.03388,3.816,1.069,0.3055,0.004054,66.46,144.8,28.41,0.3864,1.878E-5,3.282E-4,1.074E-4,0.01617,0.004466,7.919E-4,19.42,1850.0,1.561,5.631,5.745,0.3159,0.1259,0.03442,3.74,0.9603,0.2113,0.0,0.0,0.0,0.0,0.0,0.0,0.0,0.0,0.0,0.0,0.0,0.4509,269.6,2.534,0.4256,0.06865,1.096,0.286,0.03892,2.889,0.7679,0.2945,6.57E-6,1581.0,7.986E-4,7.32E-5,5.661E-6,1.125E-4,3.659E-6,7.45E-7,3.429E-5,9.464E-6,4.668E-6,
0.0,0.0,0.0,0.0,0.0,0.0,0.0,0.0,0.0,0.0,0.0,0.0,0.0,0.0,0.0,0.0,0.0,0.0,0.0,0.0,0.0,0.0,2.8E-6,0.001843,0.08832,3.018,1.224,0.01596,1.483E-6,2.881E-4,4.616E-5,0.02024,0.004404,3.998E-4,0.0,0.0,0.0,0.0,0.0,0.0,0.0,0.0,0.0,0.0,0.0,0.0,0.0,0.0,0.0,0.0,0.0,0.0,0.0,0.0,0.0,0.0,2.3E-22,0.0,4.001,0.001848,0.01539,0.0,0.01654,0.008959,0.7643,0.177,0.01462,0.0,0.0,0.0,0.0,0.0,0.0,0.0,0.0,0.0,0.0,0.0,0.0,0.0,0.0,0.0,0.0,0.0,0.0,0.0,0.0,0.0,0.0,0.0,0.0,0.0,0.0,0.0,0.0,0.0,0.0,0.0,0.0,0.0,0.0,0.0,0.0,0.0,0.0,0.0,0.0,0.0,0.0,0.0,0.0,0.0,0.0,1.0E-4,18640.0,9.551999999999999E25,5913.0,1243.0,81.54,202600.0,673.0,812.8,12410.0,4072.0,2417.0,0.3167,1.596E-4,55.89,182.2,4.891,3.315,0.08566,0.03388,3.816,1.069,0.3055,0.004054,65.8,144.8,28.41,0.3864,1.878E-5,3.282E-4,1.074E-4,0.01617,0.004466,7.919E-4,19.42,1851.0,1.561,5.631,5.745,0.3159,0.1259,0.03442,3.74,0.9603,0.2113,0.0,0.0,0.0,0.0,0.0,0.0,0.0,0.0,0.0,0.0,0.0,0.4509,269.6,2.534,0.4256,0.06865,1.096,0.286,0.03892,2.889,0.7679,0.2945,6.57E-6,1581.0,7.986E-4,7.32E-5,5.661E-6,1.125E-4,3.659E-6,7.45E-7,3.429E-5,9.464E-6,4.668E-6,
0.0,0.0,0.0,0.0,0.0,0.0,0.0,0.0,0.0,0.0,0.0,0.0,0.0,0.0,0.0,0.0,0.0,0.0,0.0,0.0,0.0,0.0,2.8E-6,0.001843,0.08836,3.018,1.224,0.01596,1.483E-6,2.881E-4,4.616E-5,0.02024,0.004404,3.998E-4,0.0,0.0,0.0,0.0,0.0,0.0,0.0,0.0,0.0,0.0,0.0,0.0,0.0,0.0,0.0,0.0,0.0,0.0,0.0,0.0,0.0,0.0,2.3E-22,0.0,4.001,0.001848,0.01539,0.0,0.01654,0.008959,0.7643,0.177,0.01462,0.0,0.0,0.0,0.0,0.0,0.0,0.0,0.0,0.0,0.0,0.0,0.0,0.0,0.0,0.0,0.0,0.0,0.0,0.0,0.0,0.0,0.0,0.0,0.0,0.0,0.0,0.0,0.0,0.0,0.0,0.0,0.0,0.0,0.0,0.0,0.0,0.0,0.0,0.0,0.0,0.0,0.0,0.0,0.0,0.0,0.0,1.0E-4,18640.0,9.551999999999999E25,5913.0,1243.0,81.54,202600.0,673.0,812.8,12410.0,4072.0,2417.0,0.3167,1.58E-4,55.89,182.2,4.891,3.315,0.08566,0.03388,3.816,1.069,0.3055,0.004054,65.15,144.8,28.41,0.3864,1.878E-5,3.282E-4,1.074E-4,0.01617,0.004466,7.919E-4,19.42,1852.0,1.561,5.631,5.745,0.3159,0.1259,0.03442,3.74,0.9603,0.2113,0.0,0.0,0.0,0.0,0.0,0.0,0.0,0.0,0.0,0.0,0.0,0.4509,269.6,2.534,0.4256,0.06865,1.096,0.286,0.03892,2.889,0.7679,0.2945,6.57E-6,1582.0,7.986E-4,7.32E-5,5.661E-6,1.125E-4,3.659E-6,7.45E-7,3.429E-5,9.464E-6,4.668E-6,
0.0,0.0,0.0,0.0,0.0,0.0,0.0,0.0,0.0,0.0,0.0,0.0,0.0,0.0,0.0,0.0,0.0,0.0,0.0,0.0,0.0,0.0,2.8E-6,0.001843,0.0884,3.018,1.224,0.01596,1.483E-6,2.881E-4,4.616E-5,0.02024,0.004404,3.998E-4,0.0,0.0,0.0,0.0,0.0,0.0,0.0,0.0,0.0,0.0,0.0,0.0,0.0,0.0,0.0,0.0,0.0,0.0,0.0,0.0,0.0,0.0,2.3E-22,0.0,4.001,0.001848,0.01539,0.0,0.01654,0.008959,0.7643,0.177,0.01462,0.0,0.0,0.0,0.0,0.0,0.0,0.0,0.0,0.0,0.0,0.0,0.0,0.0,0.0,0.0,0.0,0.0,0.0,0.0,0.0,0.0,0.0,0.0,0.0,0.0,0.0,0.0,0.0,0.0,0.0,0.0,0.0,0.0,0.0,0.0,0.0,0.0,0.0,0.0,0.0,0.0,0.0,0.0,0.0,0.0,0.0,1.0E-4,18640.0,9.551999999999999E25,5913.0,1243.0,81.54,202600.0,673.0,812.8,12410.0,4072.0,2417.0,0.3167,1.564E-4,55.89,182.2,4.891,3.315,0.08566,0.03388,3.816,1.069,0.3055,0.004054,64.5,144.8,28.41,0.3864,1.878E-5,3.282E-4,1.074E-4,0.01617,0.004466,7.919E-4,19.42,1852.0,1.561,5.631,5.745,0.3159,0.1259,0.03442,3.74,0.9603,0.2113,0.0,0.0,0.0,0.0,0.0,0.0,0.0,0.0,0.0,0.0,0.0,0.4509,269.6,2.534,0.4256,0.06865,1.096,0.286,0.03892,2.889,0.7679,0.2945,6.57E-6,1583.0,7.986E-4,7.32E-5,5.661E-6,1.125E-4,3.659E-6,7.45E-7,3.429E-5,9.464E-6,4.668E-6,
0.0,0.0,0.0,0.0,0.0,0.0,0.0,0.0,0.0,0.0,0.0,0.0,0.0,0.0,0.0,0.0,0.0,0.0,0.0,0.0,0.0,0.0,2.8E-6,0.001843,0.08843,3.018,1.224,0.01596,1.483E-6,2.881E-4,4.616E-5,0.02024,0.004404,3.998E-4,0.0,0.0,0.0,0.0,0.0,0.0,0.0,0.0,0.0,0.0,0.0,0.0,0.0,0.0,0.0,0.0,0.0,0.0,0.0,0.0,0.0,0.0,2.3E-22,0.0,4.001,0.001848,0.01539,0.0,0.01654,0.008959,0.7643,0.177,0.01462,0.0,0.0,0.0,0.0,0.0,0.0,0.0,0.0,0.0,0.0,0.0,0.0,0.0,0.0,0.0,0.0,0.0,0.0,0.0,0.0,0.0,0.0,0.0,0.0,0.0,0.0,0.0,0.0,0.0,0.0,0.0,0.0,0.0,0.0,0.0,0.0,0.0,0.0,0.0,0.0,0.0,0.0,0.0,0.0,0.0,0.0,1.0E-4,18640.0,9.551999999999999E25,5913.0,1243.0,81.54,202600.0,673.0,812.8,12410.0,4072.0,2417.0,0.3167,1.548E-4,55.89,182.2,4.891,3.315,0.08566,0.03388,3.816,1.069,0.3055,0.004054,63.86,144.8,28.41,0.3864,1.878E-5,3.282E-4,1.074E-4,0.01617,0.004466,7.919E-4,19.42,1853.0,1.561,5.631,5.745,0.3159,0.1259,0.03442,3.74,0.9603,0.2113,0.0,0.0,0.0,0.0,0.0,0.0,0.0,0.0,0.0,0.0,0.0,0.4509,269.6,2.534,0.4256,0.06865,1.096,0.286,0.03892,2.889,0.7679,0.2945,6.57E-6,1583.0,7.986E-4,7.32E-5,5.661E-6,1.125E-4,3.659E-6,7.45E-7,3.429E-5,9.464E-6,4.668E-6,
0.0,0.0,0.0,0.0,0.0,0.0,0.0,0.0,0.0,0.0,0.0,0.0,0.0,0.0,0.0,0.0,0.0,0.0,0.0,0.0,0.0,0.0,2.8E-6,0.001843,0.08847,3.018,1.224,0.01596,1.483E-6,2.881E-4,4.616E-5,0.02024,0.004404,3.998E-4,0.0,0.0,0.0,0.0,0.0,0.0,0.0,0.0,0.0,0.0,0.0,0.0,0.0,0.0,0.0,0.0,0.0,0.0,0.0,0.0,0.0,0.0,2.3E-22,0.0,4.001,0.001848,0.01539,0.0,0.01654,0.008959,0.7643,0.177,0.01462,0.0,0.0,0.0,0.0,0.0,0.0,0.0,0.0,0.0,0.0,0.0,0.0,0.0,0.0,0.0,0.0,0.0,0.0,0.0,0.0,0.0,0.0,0.0,0.0,0.0,0.0,0.0,0.0,0.0,0.0,0.0,0.0,0.0,0.0,0.0,0.0,0.0,0.0,0.0,0.0,0.0,0.0,0.0,0.0,0.0,0.0,1.0E-4,18640.0,9.551999999999999E25,5913.0,1243.0,81.54,202600.0,673.0,812.8,12410.0,4072.0,2417.0,0.3167,1.533E-4,55.89,182.2,4.891,3.315,0.08566,0.03388,3.816,1.069,0.3055,0.004054,63.22,144.8,28.41,0.3864,1.878E-5,3.282E-4,1.074E-4,0.01617,0.004466,7.919E-4,19.42,1854.0,1.561,5.631,5.745,0.3159,0.1259,0.03442,3.74,0.9603,0.2113,0.0,0.0,0.0,0.0,0.0,0.0,0.0,0.0,0.0,0.0,0.0,0.4509,269.6,2.534,0.4256,0.06865,1.096,0.286,0.03892,2.889,0.7679,0.2945,6.57E-6,1584.0,7.986E-4,7.32E-5,5.661E-6,1.125E-4,3.659E-6,7.45E-7,3.429E-5,9.464E-6,4.668E-6,
0.0,0.0,0.0,0.0,0.0,0.0,0.0,0.0,0.0,0.0,0.0,0.0,0.0,0.0,0.0,0.0,0.0,0.0,0.0,0.0,0.0,0.0,2.8E-6,0.001843,0.0885,3.018,1.224,0.01596,1.483E-6,2.881E-4,4.616E-5,0.02024,0.004404,3.998E-4,0.0,0.0,0.0,0.0,0.0,0.0,0.0,0.0,0.0,0.0,0.0,0.0,0.0,0.0,0.0,0.0,0.0,0.0,0.0,0.0,0.0,0.0,2.3E-22,0.0,4.001,0.001848,0.01539,0.0,0.01654,0.008959,0.7643,0.177,0.01462,0.0,0.0,0.0,0.0,0.0,0.0,0.0,0.0,0.0,0.0,0.0,0.0,0.0,0.0,0.0,0.0,0.0,0.0,0.0,0.0,0.0,0.0,0.0,0.0,0.0,0.0,0.0,0.0,0.0,0.0,0.0,0.0,0.0,0.0,0.0,0.0,0.0,0.0,0.0,0.0,0.0,0.0,0.0,0.0,0.0,0.0,1.0E-4,18640.0,9.551999999999999E25,5913.0,1243.0,81.54,202600.0,673.0,812.8,12410.0,4072.0,2417.0,0.3167,1.518E-4,55.89,182.2,4.891,3.315,0.08566,0.03388,3.816,1.069,0.3055,0.004054,62.59,144.8,28.41,0.3864,1.878E-5,3.282E-4,1.074E-4,0.01617,0.004466,7.919E-4,19.42,1854.0,1.561,5.631,5.745,0.3159,0.1259,0.03442,3.74,0.9603,0.2113,0.0,0.0,0.0,0.0,0.0,0.0,0.0,0.0,0.0,0.0,0.0,0.4509,269.6,2.534,0.4256,0.06865,1.096,0.286,0.03892,2.889,0.7679,0.2945,6.57E-6,1584.0,7.986E-4,7.32E-5,5.661E-6,1.125E-4,3.659E-6,7.45E-7,3.429E-5,9.464E-6,4.668E-6,
0.0,0.0,0.0,0.0,0.0,0.0,0.0,0.0,0.0,0.0,0.0,0.0,0.0,0.0,0.0,0.0,0.0,0.0,0.0,0.0,0.0,0.0,2.8E-6,0.001843,0.08854,3.018,1.224,0.01596,1.483E-6,2.881E-4,4.616E-5,0.02024,0.004404,3.998E-4,0.0,0.0,0.0,0.0,0.0,0.0,0.0,0.0,0.0,0.0,0.0,0.0,0.0,0.0,0.0,0.0,0.0,0.0,0.0,0.0,0.0,0.0,2.3E-22,0.0,4.001,0.001848,0.01539,0.0,0.01654,0.008959,0.7643,0.177,0.01462,0.0,0.0,0.0,0.0,0.0,0.0,0.0,0.0,0.0,0.0,0.0,0.0,0.0,0.0,0.0,0.0,0.0,0.0,0.0,0.0,0.0,0.0,0.0,0.0,0.0,0.0,0.0,0.0,0.0,0.0,0.0,0.0,0.0,0.0,0.0,0.0,0.0,0.0,0.0,0.0,0.0,0.0,0.0,0.0,0.0,0.0,1.0E-4,18640.0,9.551999999999999E25,5913.0,1243.0,81.54,202600.0,673.0,812.8,12410.0,4072.0,2417.0,0.3167,1.503E-4,55.89,182.2,4.891,3.315,0.08566,0.03388,3.816,1.069,0.3055,0.004054,61.97,144.8,28.41,0.3864,1.878E-5,3.282E-4,1.074E-4,0.01617,0.004466,7.919E-4,19.42,1855.0,1.561,5.631,5.745,0.3159,0.1259,0.03442,3.74,0.9603,0.2113,0.0,0.0,0.0,0.0,0.0,0.0,0.0,0.0,0.0,0.0,0.0,0.4509,269.6,2.534,0.4256,0.06865,1.096,0.286,0.03892,2.889,0.7679,0.2945,6.57E-6,1585.0,7.986E-4,7.32E-5,5.661E-6,1.125E-4,3.659E-6,7.45E-7,3.429E-5,9.464E-6,4.668E-6,
0.0,0.0,0.0,0.0,0.0,0.0,0.0,0.0,0.0,0.0,0.0,0.0,0.0,0.0,0.0,0.0,0.0,0.0,0.0,0.0,0.0,0.0,2.8E-6,0.001843,0.08857,3.018,1.224,0.01596,1.483E-6,2.881E-4,4.616E-5,0.02024,0.004404,3.998E-4,0.0,0.0,0.0,0.0,0.0,0.0,0.0,0.0,0.0,0.0,0.0,0.0,0.0,0.0,0.0,0.0,0.0,0.0,0.0,0.0,0.0,0.0,2.3E-22,0.0,4.001,0.001848,0.01539,0.0,0.01654,0.008959,0.7643,0.177,0.01462,0.0,0.0,0.0,0.0,0.0,0.0,0.0,0.0,0.0,0.0,0.0,0.0,0.0,0.0,0.0,0.0,0.0,0.0,0.0,0.0,0.0,0.0,0.0,0.0,0.0,0.0,0.0,0.0,0.0,0.0,0.0,0.0,0.0,0.0,0.0,0.0,0.0,0.0,0.0,0.0,0.0,0.0,0.0,0.0,0.0,0.0,1.0E-4,18640.0,9.551999999999999E25,5913.0,1243.0,81.54,202600.0,673.0,812.8,12410.0,4072.0,2417.0,0.3167,1.488E-4,55.89,182.2,4.891,3.315,0.08566,0.03388,3.816,1.069,0.3055,0.004054,61.35,144.8,28.41,0.3864,1.878E-5,3.282E-4,1.074E-4,0.01617,0.004466,7.919E-4,19.42,1855.0,1.561,5.631,5.745,0.3159,0.1259,0.03442,3.74,0.9603,0.2113,0.0,0.0,0.0,0.0,0.0,0.0,0.0,0.0,0.0,0.0,0.0,0.4509,269.6,2.534,0.4256,0.06865,1.096,0.286,0.03892,2.889,0.7679,0.2945,6.57E-6,1586.0,7.986E-4,7.32E-5,5.661E-6,1.125E-4,3.659E-6,7.45E-7,3.429E-5,9.464E-6,4.668E-6,
0.0,0.0,0.0,0.0,0.0,0.0,0.0,0.0,0.0,0.0,0.0,0.0,0.0,0.0,0.0,0.0,0.0,0.0,0.0,0.0,0.0,0.0,2.8E-6,0.001843,0.08861,3.018,1.224,0.01596,1.483E-6,2.881E-4,4.616E-5,0.02024,0.004404,3.998E-4,0.0,0.0,0.0,0.0,0.0,0.0,0.0,0.0,0.0,0.0,0.0,0.0,0.0,0.0,0.0,0.0,0.0,0.0,0.0,0.0,0.0,0.0,2.3E-22,0.0,4.001,0.001848,0.01539,0.0,0.01654,0.008959,0.7643,0.177,0.01462,0.0,0.0,0.0,0.0,0.0,0.0,0.0,0.0,0.0,0.0,0.0,0.0,0.0,0.0,0.0,0.0,0.0,0.0,0.0,0.0,0.0,0.0,0.0,0.0,0.0,0.0,0.0,0.0,0.0,0.0,0.0,0.0,0.0,0.0,0.0,0.0,0.0,0.0,0.0,0.0,0.0,0.0,0.0,0.0,0.0,0.0,1.0E-4,18640.0,9.551999999999999E25,5913.0,1243.0,81.54,202600.0,673.0,812.8,12410.0,4072.0,2417.0,0.3167,1.473E-4,55.89,182.2,4.891,3.315,0.08566,0.03388,3.816,1.069,0.3055,0.004054,60.74,144.8,28.41,0.3864,1.878E-5,3.282E-4,1.074E-4,0.01617,0.004466,7.919E-4,19.42,1856.0,1.561,5.631,5.745,0.3159,0.1259,0.03442,3.74,0.9603,0.2113,0.0,0.0,0.0,0.0,0.0,0.0,0.0,0.0,0.0,0.0,0.0,0.4509,269.6,2.534,0.4256,0.06865,1.096,0.286,0.03892,2.889,0.7679,0.2945,6.57E-6,1586.0,7.986E-4,7.32E-5,5.661E-6,1.125E-4,3.659E-6,7.45E-7,3.429E-5,9.464E-6,4.668E-6,
0.0,0.0,0.0,0.0,0.0,0.0,0.0,0.0,0.0,0.0,0.0,0.0,0.0,0.0,0.0,0.0,0.0,0.0,0.0,0.0,0.0,0.0,2.8E-6,0.001843,0.08864,3.018,1.224,0.01596,1.483E-6,2.881E-4,4.616E-5,0.02024,0.004404,3.998E-4,0.0,0.0,0.0,0.0,0.0,0.0,0.0,0.0,0.0,0.0,0.0,0.0,0.0,0.0,0.0,0.0,0.0,0.0,0.0,0.0,0.0,0.0,2.3E-22,0.0,4.001,0.001848,0.01539,0.0,0.01654,0.008959,0.7643,0.177,0.01462,0.0,0.0,0.0,0.0,0.0,0.0,0.0,0.0,0.0,0.0,0.0,0.0,0.0,0.0,0.0,0.0,0.0,0.0,0.0,0.0,0.0,0.0,0.0,0.0,0.0,0.0,0.0,0.0,0.0,0.0,0.0,0.0,0.0,0.0,0.0,0.0,0.0,0.0,0.0,0.0,0.0,0.0,0.0,0.0,0.0,0.0,1.0E-4,18640.0,9.551999999999999E25,5913.0,1243.0,81.54,202600.0,673.0,812.8,12410.0,4072.0,2417.0,0.3167,1.458E-4,55.89,182.2,4.891,3.315,0.08566,0.03388,3.816,1.069,0.3055,0.004054,60.14,144.8,28.41,0.3864,1.878E-5,3.282E-4,1.074E-4,0.01617,0.004466,7.919E-4,19.42,1857.0,1.561,5.631,5.745,0.3159,0.1259,0.03442,3.74,0.9603,0.2113,0.0,0.0,0.0,0.0,0.0,0.0,0.0,0.0,0.0,0.0,0.0,0.4509,269.6,2.534,0.4256,0.06865,1.096,0.286,0.03892,2.889,0.7679,0.2945,6.57E-6,1587.0,7.986E-4,7.32E-5,5.661E-6,1.125E-4,3.659E-6,7.45E-7,3.429E-5,9.464E-6,4.668E-6,
0.0,0.0,0.0,0.0,0.0,0.0,0.0,0.0,0.0,0.0,0.0,0.0,0.0,0.0,0.0,0.0,0.0,0.0,0.0,0.0,0.0,0.0,2.8E-6,0.001843,0.08867,3.018,1.224,0.01596,1.483E-6,2.881E-4,4.616E-5,0.02024,0.004404,3.998E-4,0.0,0.0,0.0,0.0,0.0,0.0,0.0,0.0,0.0,0.0,0.0,0.0,0.0,0.0,0.0,0.0,0.0,0.0,0.0,0.0,0.0,0.0,2.3E-22,0.0,4.001,0.001848,0.01539,0.0,0.01654,0.008959,0.7643,0.177,0.01462,0.0,0.0,0.0,0.0,0.0,0.0,0.0,0.0,0.0,0.0,0.0,0.0,0.0,0.0,0.0,0.0,0.0,0.0,0.0,0.0,0.0,0.0,0.0,0.0,0.0,0.0,0.0,0.0,0.0,0.0,0.0,0.0,0.0,0.0,0.0,0.0,0.0,0.0,0.0,0.0,0.0,0.0,0.0,0.0,0.0,0.0,1.0E-4,18640.0,9.551999999999999E25,5913.0,1243.0,81.54,202600.0,673.0,812.8,12410.0,4072.0,2417.0,0.3167,1.444E-4,55.89,182.2,4.891,3.315,0.08566,0.03388,3.816,1.069,0.3055,0.004054,59.54,144.8,28.41,0.3864,1.878E-5,3.282E-4,1.074E-4,0.01617,0.004466,7.919E-4,19.42,1857.0,1.561,5.631,5.745,0.3159,0.1259,0.03442,3.74,0.9603,0.2113,0.0,0.0,0.0,0.0,0.0,0.0,0.0,0.0,0.0,0.0,0.0,0.4509,269.6,2.534,0.4256,0.06865,1.096,0.286,0.03892,2.889,0.7679,0.2945,6.57E-6,1587.0,7.986E-4,7.32E-5,5.661E-6,1.125E-4,3.659E-6,7.45E-7,3.429E-5,9.464E-6,4.668E-6,
0.0,0.0,0.0,0.0,0.0,0.0,0.0,0.0,0.0,0.0,0.0,0.0,0.0,0.0,0.0,0.0,0.0,0.0,0.0,0.0,0.0,0.0,2.8E-6,0.001843,0.08871,3.018,1.224,0.01596,1.483E-6,2.881E-4,4.616E-5,0.02024,0.004404,3.998E-4,0.0,0.0,0.0,0.0,0.0,0.0,0.0,0.0,0.0,0.0,0.0,0.0,0.0,0.0,0.0,0.0,0.0,0.0,0.0,0.0,0.0,0.0,2.3E-22,0.0,4.001,0.001848,0.01539,0.0,0.01654,0.008959,0.7643,0.177,0.01462,0.0,0.0,0.0,0.0,0.0,0.0,0.0,0.0,0.0,0.0,0.0,0.0,0.0,0.0,0.0,0.0,0.0,0.0,0.0,0.0,0.0,0.0,0.0,0.0,0.0,0.0,0.0,0.0,0.0,0.0,0.0,0.0,0.0,0.0,0.0,0.0,0.0,0.0,0.0,0.0,0.0,0.0,0.0,0.0,0.0,0.0,1.0E-4,18640.0,9.551999999999999E25,5913.0,1243.0,81.54,202600.0,673.0,812.8,12410.0,4072.0,2417.0,0.3167,1.429E-4,55.89,182.2,4.891,3.315,0.08566,0.03388,3.816,1.069,0.3055,0.004054,58.95,144.8,28.41,0.3864,1.878E-5,3.282E-4,1.074E-4,0.01617,0.004466,7.919E-4,19.42,1858.0,1.561,5.631,5.745,0.3159,0.1259,0.03442,3.74,0.9603,0.2113,0.0,0.0,0.0,0.0,0.0,0.0,0.0,0.0,0.0,0.0,0.0,0.4509,269.6,2.534,0.4256,0.06865,1.096,0.286,0.03892,2.889,0.7679,0.2945,6.57E-6,1588.0,7.986E-4,7.32E-5,5.661E-6,1.125E-4,3.659E-6,7.45E-7,3.429E-5,9.464E-6,4.668E-6,
0.0,0.0,0.0,0.0,0.0,0.0,0.0,0.0,0.0,0.0,0.0,0.0,0.0,0.0,0.0,0.0,0.0,0.0,0.0,0.0,0.0,0.0,2.8E-6,0.001843,0.08874,3.018,1.224,0.01596,1.483E-6,2.881E-4,4.616E-5,0.02024,0.004404,3.998E-4,0.0,0.0,0.0,0.0,0.0,0.0,0.0,0.0,0.0,0.0,0.0,0.0,0.0,0.0,0.0,0.0,0.0,0.0,0.0,0.0,0.0,0.0,2.3E-22,0.0,4.001,0.001848,0.01539,0.0,0.01654,0.008959,0.7643,0.177,0.01462,0.0,0.0,0.0,0.0,0.0,0.0,0.0,0.0,0.0,0.0,0.0,0.0,0.0,0.0,0.0,0.0,0.0,0.0,0.0,0.0,0.0,0.0,0.0,0.0,0.0,0.0,0.0,0.0,0.0,0.0,0.0,0.0,0.0,0.0,0.0,0.0,0.0,0.0,0.0,0.0,0.0,0.0,0.0,0.0,0.0,0.0,1.0E-4,18640.0,9.551999999999999E25,5913.0,1243.0,81.54,202600.0,673.0,812.8,12410.0,4072.0,2417.0,0.3167,1.415E-4,55.89,182.2,4.891,3.315,0.08566,0.03388,3.816,1.069,0.3055,0.004054,58.36,144.8,28.41,0.3864,1.878E-5,3.282E-4,1.074E-4,0.01617,0.004466,7.919E-4,19.42,1858.0,1.561,5.631,5.745,0.3159,0.1259,0.03442,3.74,0.9603,0.2113,0.0,0.0,0.0,0.0,0.0,0.0,0.0,0.0,0.0,0.0,0.0,0.4509,269.6,2.534,0.4256,0.06865,1.096,0.286,0.03892,2.889,0.7679,0.2945,6.57E-6,1589.0,7.986E-4,7.32E-5,5.661E-6,1.125E-4,3.659E-6,7.45E-7,3.429E-5,9.464E-6,4.668E-6,
0.0,0.0,0.0,0.0,0.0,0.0,0.0,0.0,0.0,0.0,0.0,0.0,0.0,0.0,0.0,0.0,0.0,0.0,0.0,0.0,0.0,0.0,2.8E-6,0.001843,0.08877,3.018,1.224,0.01596,1.483E-6,2.881E-4,4.616E-5,0.02024,0.004404,3.998E-4,0.0,0.0,0.0,0.0,0.0,0.0,0.0,0.0,0.0,0.0,0.0,0.0,0.0,0.0,0.0,0.0,0.0,0.0,0.0,0.0,0.0,0.0,2.3E-22,0.0,4.001,0.001848,0.01539,0.0,0.01654,0.008959,0.7643,0.177,0.01462,0.0,0.0,0.0,0.0,0.0,0.0,0.0,0.0,0.0,0.0,0.0,0.0,0.0,0.0,0.0,0.0,0.0,0.0,0.0,0.0,0.0,0.0,0.0,0.0,0.0,0.0,0.0,0.0,0.0,0.0,0.0,0.0,0.0,0.0,0.0,0.0,0.0,0.0,0.0,0.0,0.0,0.0,0.0,0.0,0.0,0.0,1.0E-4,18640.0,9.551999999999999E25,5913.0,1243.0,81.54,202600.0,673.0,812.8,12410.0,4072.0,2417.0,0.3167,1.401E-4,55.89,182.2,4.891,3.315,0.08566,0.03388,3.816,1.069,0.3055,0.004054,57.78,144.8,28.41,0.3864,1.878E-5,3.282E-4,1.074E-4,0.01617,0.004466,7.919E-4,19.42,1859.0,1.561,5.631,5.745,0.3159,0.1259,0.03442,3.74,0.9603,0.2113,0.0,0.0,0.0,0.0,0.0,0.0,0.0,0.0,0.0,0.0,0.0,0.4509,269.6,2.534,0.4256,0.06865,1.096,0.286,0.03892,2.889,0.7679,0.2945,6.57E-6,1589.0,7.986E-4,7.32E-5,5.661E-6,1.125E-4,3.659E-6,7.45E-7,3.429E-5,9.464E-6,4.668E-6,
0.0,0.0,0.0,0.0,0.0,0.0,0.0,0.0,0.0,0.0,0.0,0.0,0.0,0.0,0.0,0.0,0.0,0.0,0.0,0.0,0.0,0.0,2.8E-6,0.001843,0.0888,3.018,1.224,0.01596,1.483E-6,2.881E-4,4.616E-5,0.02024,0.004404,3.998E-4,0.0,0.0,0.0,0.0,0.0,0.0,0.0,0.0,0.0,0.0,0.0,0.0,0.0,0.0,0.0,0.0,0.0,0.0,0.0,0.0,0.0,0.0,2.3E-22,0.0,4.001,0.001848,0.01539,0.0,0.01654,0.008959,0.7643,0.177,0.01462,0.0,0.0,0.0,0.0,0.0,0.0,0.0,0.0,0.0,0.0,0.0,0.0,0.0,0.0,0.0,0.0,0.0,0.0,0.0,0.0,0.0,0.0,0.0,0.0,0.0,0.0,0.0,0.0,0.0,0.0,0.0,0.0,0.0,0.0,0.0,0.0,0.0,0.0,0.0,0.0,0.0,0.0,0.0,0.0,0.0,0.0,1.0E-4,18640.0,9.551999999999999E25,5913.0,1243.0,81.54,202600.0,673.0,812.8,12410.0,4072.0,2417.0,0.3167,1.387E-4,55.89,182.2,4.891,3.315,0.08566,0.03388,3.816,1.069,0.3055,0.004054,57.2,144.8,28.41,0.3864,1.878E-5,3.282E-4,1.074E-4,0.01617,0.004466,7.919E-4,19.42,1860.0,1.561,5.631,5.745,0.3159,0.1259,0.03442,3.74,0.9603,0.2113,0.0,0.0,0.0,0.0,0.0,0.0,0.0,0.0,0.0,0.0,0.0,0.4509,269.6,2.534,0.4256,0.06865,1.096,0.286,0.03892,2.889,0.7679,0.2945,6.57E-6,1590.0,7.986E-4,7.32E-5,5.661E-6,1.125E-4,3.659E-6,7.45E-7,3.429E-5,9.464E-6,4.668E-6,
0.0,0.0,0.0,0.0,0.0,0.0,0.0,0.0,0.0,0.0,0.0,0.0,0.0,0.0,0.0,0.0,0.0,0.0,0.0,0.0,0.0,0.0,2.8E-6,0.001843,0.08884,3.018,1.224,0.01596,1.483E-6,2.881E-4,4.616E-5,0.02024,0.004404,3.998E-4,0.0,0.0,0.0,0.0,0.0,0.0,0.0,0.0,0.0,0.0,0.0,0.0,0.0,0.0,0.0,0.0,0.0,0.0,0.0,0.0,0.0,0.0,2.3E-22,0.0,4.001,0.001848,0.01539,0.0,0.01654,0.008959,0.7643,0.177,0.01462,0.0,0.0,0.0,0.0,0.0,0.0,0.0,0.0,0.0,0.0,0.0,0.0,0.0,0.0,0.0,0.0,0.0,0.0,0.0,0.0,0.0,0.0,0.0,0.0,0.0,0.0,0.0,0.0,0.0,0.0,0.0,0.0,0.0,0.0,0.0,0.0,0.0,0.0,0.0,0.0,0.0,0.0,0.0,0.0,0.0,0.0,1.0E-4,18640.0,9.551999999999999E25,5913.0,1243.0,81.54,202600.0,673.0,812.8,12410.0,4072.0,2417.0,0.3167,1.373E-4,55.89,182.2,4.891,3.315,0.08566,0.03388,3.816,1.069,0.3055,0.004054,56.63,144.8,28.41,0.3864,1.878E-5,3.282E-4,1.074E-4,0.01617,0.004466,7.919E-4,19.42,1860.0,1.561,5.631,5.745,0.3159,0.1259,0.03442,3.74,0.9603,0.2113,0.0,0.0,0.0,0.0,0.0,0.0,0.0,0.0,0.0,0.0,0.0,0.4509,269.6,2.534,0.4256,0.06865,1.096,0.286,0.03892,2.889,0.7679,0.2945,6.57E-6,1590.0,7.986E-4,7.32E-5,5.661E-6,1.125E-4,3.659E-6,7.45E-7,3.429E-5,9.464E-6,4.668E-6,
0.0,0.0,0.0,0.0,0.0,0.0,0.0,0.0,0.0,0.0,0.0,0.0,0.0,0.0,0.0,0.0,0.0,0.0,0.0,0.0,0.0,0.0,2.8E-6,0.001843,0.08887,3.018,1.224,0.01596,1.483E-6,2.881E-4,4.616E-5,0.02024,0.004404,3.998E-4,0.0,0.0,0.0,0.0,0.0,0.0,0.0,0.0,0.0,0.0,0.0,0.0,0.0,0.0,0.0,0.0,0.0,0.0,0.0,0.0,0.0,0.0,2.3E-22,0.0,4.001,0.001848,0.01539,0.0,0.01654,0.008959,0.7643,0.177,0.01462,0.0,0.0,0.0,0.0,0.0,0.0,0.0,0.0,0.0,0.0,0.0,0.0,0.0,0.0,0.0,0.0,0.0,0.0,0.0,0.0,0.0,0.0,0.0,0.0,0.0,0.0,0.0,0.0,0.0,0.0,0.0,0.0,0.0,0.0,0.0,0.0,0.0,0.0,0.0,0.0,0.0,0.0,0.0,0.0,0.0,0.0,1.0E-4,18640.0,9.551999999999999E25,5913.0,1243.0,81.54,202600.0,673.0,812.8,12410.0,4072.0,2417.0,0.3167,1.36E-4,55.89,182.2,4.891,3.315,0.08566,0.03388,3.816,1.069,0.3055,0.004054,56.07,144.8,28.41,0.3864,1.878E-5,3.282E-4,1.074E-4,0.01617,0.004466,7.919E-4,19.42,1861.0,1.561,5.631,5.745,0.3159,0.1259,0.03442,3.74,0.9603,0.2113,0.0,0.0,0.0,0.0,0.0,0.0,0.0,0.0,0.0,0.0,0.0,0.4509,269.6,2.534,0.4256,0.06865,1.096,0.286,0.03892,2.889,0.7679,0.2945,6.57E-6,1591.0,7.986E-4,7.32E-5,5.661E-6,1.125E-4,3.659E-6,7.45E-7,3.429E-5,9.464E-6,4.668E-6,
0.0,0.0,0.0,0.0,0.0,0.0,0.0,0.0,0.0,0.0,0.0,0.0,0.0,0.0,0.0,0.0,0.0,0.0,0.0,0.0,0.0,0.0,2.8E-6,0.001843,0.0889,3.018,1.224,0.01596,1.483E-6,2.881E-4,4.616E-5,0.02024,0.004404,3.998E-4,0.0,0.0,0.0,0.0,0.0,0.0,0.0,0.0,0.0,0.0,0.0,0.0,0.0,0.0,0.0,0.0,0.0,0.0,0.0,0.0,0.0,0.0,2.3E-22,0.0,4.001,0.001848,0.01539,0.0,0.01654,0.008959,0.7643,0.177,0.01462,0.0,0.0,0.0,0.0,0.0,0.0,0.0,0.0,0.0,0.0,0.0,0.0,0.0,0.0,0.0,0.0,0.0,0.0,0.0,0.0,0.0,0.0,0.0,0.0,0.0,0.0,0.0,0.0,0.0,0.0,0.0,0.0,0.0,0.0,0.0,0.0,0.0,0.0,0.0,0.0,0.0,0.0,0.0,0.0,0.0,0.0,1.0E-4,18640.0,9.551999999999999E25,5913.0,1243.0,81.54,202600.0,673.0,812.8,12410.0,4072.0,2417.0,0.3167,1.346E-4,55.89,182.2,4.891,3.315,0.08566,0.03388,3.816,1.069,0.3055,0.004054,55.51,144.8,28.41,0.3864,1.878E-5,3.282E-4,1.074E-4,0.01617,0.004466,7.919E-4,19.42,1861.0,1.561,5.631,5.745,0.3159,0.1259,0.03442,3.74,0.9603,0.2113,0.0,0.0,0.0,0.0,0.0,0.0,0.0,0.0,0.0,0.0,0.0,0.4509,269.6,2.534,0.4256,0.06865,1.096,0.286,0.03892,2.889,0.7679,0.2945,6.57E-6,1592.0,7.986E-4,7.32E-5,5.661E-6,1.125E-4,3.659E-6,7.45E-7,3.429E-5,9.464E-6,4.668E-6,
0.0,0.0,0.0,0.0,0.0,0.0,0.0,0.0,0.0,0.0,0.0,0.0,0.0,0.0,0.0,0.0,0.0,0.0,0.0,0.0,0.0,0.0,2.8E-6,0.001843,0.08893,3.018,1.224,0.01596,1.483E-6,2.881E-4,4.616E-5,0.02024,0.004404,3.998E-4,0.0,0.0,0.0,0.0,0.0,0.0,0.0,0.0,0.0,0.0,0.0,0.0,0.0,0.0,0.0,0.0,0.0,0.0,0.0,0.0,0.0,0.0,2.3E-22,0.0,4.001,0.001848,0.01539,0.0,0.01654,0.008959,0.7643,0.177,0.01462,0.0,0.0,0.0,0.0,0.0,0.0,0.0,0.0,0.0,0.0,0.0,0.0,0.0,0.0,0.0,0.0,0.0,0.0,0.0,0.0,0.0,0.0,0.0,0.0,0.0,0.0,0.0,0.0,0.0,0.0,0.0,0.0,0.0,0.0,0.0,0.0,0.0,0.0,0.0,0.0,0.0,0.0,0.0,0.0,0.0,0.0,1.0E-4,18640.0,9.551999999999999E25,5913.0,1243.0,81.54,202600.0,673.0,812.8,12410.0,4072.0,2417.0,0.3167,1.333E-4,55.89,182.2,4.891,3.315,0.08566,0.03388,3.816,1.069,0.3055,0.004054,54.96,144.8,28.41,0.3864,1.878E-5,3.282E-4,1.074E-4,0.01617,0.004466,7.919E-4,19.42,1862.0,1.561,5.631,5.745,0.3159,0.1259,0.03442,3.74,0.9603,0.2113,0.0,0.0,0.0,0.0,0.0,0.0,0.0,0.0,0.0,0.0,0.0,0.4509,269.6,2.534,0.4256,0.06865,1.096,0.286,0.03892,2.889,0.7679,0.2945,6.57E-6,1592.0,7.986E-4,7.32E-5,5.661E-6,1.125E-4,3.659E-6,7.45E-7,3.429E-5,9.464E-6,4.668E-6,
0.0,0.0,0.0,0.0,0.0,0.0,0.0,0.0,0.0,0.0,0.0,0.0,0.0,0.0,0.0,0.0,0.0,0.0,0.0,0.0,0.0,0.0,2.8E-6,0.001843,0.08896,3.018,1.224,0.01596,1.483E-6,2.881E-4,4.616E-5,0.02024,0.004404,3.998E-4,0.0,0.0,0.0,0.0,0.0,0.0,0.0,0.0,0.0,0.0,0.0,0.0,0.0,0.0,0.0,0.0,0.0,0.0,0.0,0.0,0.0,0.0,2.3E-22,0.0,4.001,0.001848,0.01539,0.0,0.01654,0.008959,0.7643,0.177,0.01462,0.0,0.0,0.0,0.0,0.0,0.0,0.0,0.0,0.0,0.0,0.0,0.0,0.0,0.0,0.0,0.0,0.0,0.0,0.0,0.0,0.0,0.0,0.0,0.0,0.0,0.0,0.0,0.0,0.0,0.0,0.0,0.0,0.0,0.0,0.0,0.0,0.0,0.0,0.0,0.0,0.0,0.0,0.0,0.0,0.0,0.0,1.0E-4,18640.0,9.551999999999999E25,5913.0,1243.0,81.54,202600.0,673.0,812.8,12410.0,4072.0,2417.0,0.3167,1.319E-4,55.89,182.2,4.891,3.315,0.08566,0.03388,3.816,1.069,0.3055,0.004054,54.41,144.8,28.41,0.3864,1.878E-5,3.282E-4,1.074E-4,0.01617,0.004466,7.919E-4,19.42,1862.0,1.561,5.631,5.745,0.3159,0.1259,0.03442,3.74,0.9603,0.2113,0.0,0.0,0.0,0.0,0.0,0.0,0.0,0.0,0.0,0.0,0.0,0.4509,269.6,2.534,0.4256,0.06865,1.096,0.286,0.03892,2.889,0.7679,0.2945,6.57E-6,1593.0,7.986E-4,7.32E-5,5.661E-6,1.125E-4,3.659E-6,7.45E-7,3.429E-5,9.464E-6,4.668E-6,
0.0,0.0,0.0,0.0,0.0,0.0,0.0,0.0,0.0,0.0,0.0,0.0,0.0,0.0,0.0,0.0,0.0,0.0,0.0,0.0,0.0,0.0,2.8E-6,0.001843,0.08899,3.018,1.224,0.01596,1.483E-6,2.881E-4,4.616E-5,0.02024,0.004404,3.998E-4,0.0,0.0,0.0,0.0,0.0,0.0,0.0,0.0,0.0,0.0,0.0,0.0,0.0,0.0,0.0,0.0,0.0,0.0,0.0,0.0,0.0,0.0,2.3E-22,0.0,4.001,0.001848,0.01539,0.0,0.01654,0.008959,0.7643,0.177,0.01462,0.0,0.0,0.0,0.0,0.0,0.0,0.0,0.0,0.0,0.0,0.0,0.0,0.0,0.0,0.0,0.0,0.0,0.0,0.0,0.0,0.0,0.0,0.0,0.0,0.0,0.0,0.0,0.0,0.0,0.0,0.0,0.0,0.0,0.0,0.0,0.0,0.0,0.0,0.0,0.0,0.0,0.0,0.0,0.0,0.0,0.0,1.0E-4,18640.0,9.551999999999999E25,5913.0,1243.0,81.54,202600.0,673.0,812.8,12410.0,4072.0,2417.0,0.3167,1.306E-4,55.89,182.2,4.891,3.315,0.08566,0.03388,3.816,1.069,0.3055,0.004054,53.87,144.8,28.41,0.3864,1.878E-5,3.282E-4,1.074E-4,0.01617,0.004466,7.919E-4,19.42,1863.0,1.561,5.631,5.745,0.3159,0.1259,0.03442,3.74,0.9603,0.2113,0.0,0.0,0.0,0.0,0.0,0.0,0.0,0.0,0.0,0.0,0.0,0.4509,269.6,2.534,0.4256,0.06865,1.096,0.286,0.03892,2.889,0.7679,0.2945,6.57E-6,1593.0,7.986E-4,7.32E-5,5.661E-6,1.125E-4,3.659E-6,7.45E-7,3.429E-5,9.464E-6,4.668E-6,
0.0,0.0,0.0,0.0,0.0,0.0,0.0,0.0,0.0,0.0,0.0,0.0,0.0,0.0,0.0,0.0,0.0,0.0,0.0,0.0,0.0,0.0,2.8E-6,0.001843,0.08902,3.018,1.224,0.01596,1.483E-6,2.881E-4,4.616E-5,0.02024,0.004404,3.998E-4,0.0,0.0,0.0,0.0,0.0,0.0,0.0,0.0,0.0,0.0,0.0,0.0,0.0,0.0,0.0,0.0,0.0,0.0,0.0,0.0,0.0,0.0,2.3E-22,0.0,4.001,0.001848,0.01539,0.0,0.01654,0.008959,0.7643,0.177,0.01462,0.0,0.0,0.0,0.0,0.0,0.0,0.0,0.0,0.0,0.0,0.0,0.0,0.0,0.0,0.0,0.0,0.0,0.0,0.0,0.0,0.0,0.0,0.0,0.0,0.0,0.0,0.0,0.0,0.0,0.0,0.0,0.0,0.0,0.0,0.0,0.0,0.0,0.0,0.0,0.0,0.0,0.0,0.0,0.0,0.0,0.0,1.0E-4,18640.0,9.551999999999999E25,5913.0,1243.0,81.54,202600.0,673.0,812.8,12410.0,4072.0,2417.0,0.3167,1.293E-4,55.89,182.2,4.891,3.315,0.08566,0.03388,3.816,1.069,0.3055,0.004054,53.34,144.8,28.41,0.3864,1.878E-5,3.282E-4,1.074E-4,0.01617,0.004466,7.919E-4,19.42,1863.0,1.561,5.631,5.745,0.3159,0.1259,0.03442,3.74,0.9603,0.2113,0.0,0.0,0.0,0.0,0.0,0.0,0.0,0.0,0.0,0.0,0.0,0.4509,269.6,2.534,0.4256,0.06865,1.096,0.286,0.03892,2.889,0.7679,0.2945,6.57E-6,1594.0,7.986E-4,7.32E-5,5.661E-6,1.125E-4,3.659E-6,7.45E-7,3.429E-5,9.464E-6,4.668E-6,
0.0,0.0,0.0,0.0,0.0,0.0,0.0,0.0,0.0,0.0,0.0,0.0,0.0,0.0,0.0,0.0,0.0,0.0,0.0,0.0,0.0,0.0,2.8E-6,0.001843,0.08905,3.018,1.224,0.01596,1.483E-6,2.881E-4,4.616E-5,0.02024,0.004404,3.998E-4,0.0,0.0,0.0,0.0,0.0,0.0,0.0,0.0,0.0,0.0,0.0,0.0,0.0,0.0,0.0,0.0,0.0,0.0,0.0,0.0,0.0,0.0,2.3E-22,0.0,4.001,0.001848,0.01539,0.0,0.01654,0.008959,0.7643,0.177,0.01462,0.0,0.0,0.0,0.0,0.0,0.0,0.0,0.0,0.0,0.0,0.0,0.0,0.0,0.0,0.0,0.0,0.0,0.0,0.0,0.0,0.0,0.0,0.0,0.0,0.0,0.0,0.0,0.0,0.0,0.0,0.0,0.0,0.0,0.0,0.0,0.0,0.0,0.0,0.0,0.0,0.0,0.0,0.0,0.0,0.0,0.0,1.0E-4,18640.0,9.551999999999999E25,5913.0,1243.0,81.54,202600.0,673.0,812.8,12410.0,4072.0,2417.0,0.3167,1.28E-4,55.89,182.2,4.891,3.315,0.08566,0.03388,3.816,1.069,0.3055,0.004054,52.81,144.8,28.41,0.3864,1.878E-5,3.282E-4,1.074E-4,0.01617,0.004466,7.919E-4,19.42,1864.0,1.561,5.631,5.745,0.3159,0.1259,0.03442,3.74,0.9603,0.2113,0.0,0.0,0.0,0.0,0.0,0.0,0.0,0.0,0.0,0.0,0.0,0.4509,269.6,2.534,0.4256,0.06865,1.096,0.286,0.03892,2.889,0.7679,0.2945,6.57E-6,1594.0,7.986E-4,7.32E-5,5.661E-6,1.125E-4,3.659E-6,7.45E-7,3.429E-5,9.464E-6,4.668E-6,
0.0,0.0,0.0,0.0,0.0,0.0,0.0,0.0,0.0,0.0,0.0,0.0,0.0,0.0,0.0,0.0,0.0,0.0,0.0,0.0,0.0,0.0,2.8E-6,0.001843,0.08908,3.018,1.224,0.01596,1.483E-6,2.881E-4,4.616E-5,0.02024,0.004404,3.998E-4,0.0,0.0,0.0,0.0,0.0,0.0,0.0,0.0,0.0,0.0,0.0,0.0,0.0,0.0,0.0,0.0,0.0,0.0,0.0,0.0,0.0,0.0,2.3E-22,0.0,4.001,0.001848,0.01539,0.0,0.01654,0.008959,0.7643,0.177,0.01462,0.0,0.0,0.0,0.0,0.0,0.0,0.0,0.0,0.0,0.0,0.0,0.0,0.0,0.0,0.0,0.0,0.0,0.0,0.0,0.0,0.0,0.0,0.0,0.0,0.0,0.0,0.0,0.0,0.0,0.0,0.0,0.0,0.0,0.0,0.0,0.0,0.0,0.0,0.0,0.0,0.0,0.0,0.0,0.0,0.0,0.0,1.0E-4,18640.0,9.551999999999999E25,5913.0,1243.0,81.54,202600.0,673.0,812.8,12410.0,4072.0,2417.0,0.3167,1.268E-4,55.89,182.2,4.891,3.315,0.08566,0.03388,3.816,1.069,0.3055,0.004054,52.28,144.8,28.41,0.3864,1.878E-5,3.282E-4,1.074E-4,0.01617,0.004466,7.919E-4,19.42,1864.0,1.561,5.631,5.745,0.3159,0.1259,0.03442,3.74,0.9603,0.2113,0.0,0.0,0.0,0.0,0.0,0.0,0.0,0.0,0.0,0.0,0.0,0.4509,269.6,2.534,0.4256,0.06865,1.096,0.286,0.03892,2.889,0.7679,0.2945,6.57E-6,1595.0,7.986E-4,7.32E-5,5.661E-6,1.125E-4,3.659E-6,7.45E-7,3.429E-5,9.464E-6,4.668E-6,
0.0,0.0,0.0,0.0,0.0,0.0,0.0,0.0,0.0,0.0,0.0,0.0,0.0,0.0,0.0,0.0,0.0,0.0,0.0,0.0,0.0,0.0,2.8E-6,0.001843,0.08911,3.018,1.224,0.01596,1.483E-6,2.881E-4,4.616E-5,0.02024,0.004404,3.998E-4,0.0,0.0,0.0,0.0,0.0,0.0,0.0,0.0,0.0,0.0,0.0,0.0,0.0,0.0,0.0,0.0,0.0,0.0,0.0,0.0,0.0,0.0,2.3E-22,0.0,4.001,0.001848,0.01539,0.0,0.01654,0.008959,0.7643,0.177,0.01462,0.0,0.0,0.0,0.0,0.0,0.0,0.0,0.0,0.0,0.0,0.0,0.0,0.0,0.0,0.0,0.0,0.0,0.0,0.0,0.0,0.0,0.0,0.0,0.0,0.0,0.0,0.0,0.0,0.0,0.0,0.0,0.0,0.0,0.0,0.0,0.0,0.0,0.0,0.0,0.0,0.0,0.0,0.0,0.0,0.0,0.0,1.0E-4,18640.0,9.551999999999999E25,5913.0,1243.0,81.54,202600.0,673.0,812.8,12410.0,4072.0,2417.0,0.3167,1.255E-4,55.89,182.2,4.891,3.315,0.08566,0.03388,3.816,1.069,0.3055,0.004054,51.76,144.8,28.41,0.3864,1.878E-5,3.282E-4,1.074E-4,0.01617,0.004466,7.919E-4,19.42,1865.0,1.561,5.631,5.745,0.3159,0.1259,0.03442,3.74,0.9603,0.2113,0.0,0.0,0.0,0.0,0.0,0.0,0.0,0.0,0.0,0.0,0.0,0.4509,269.6,2.534,0.4256,0.06865,1.096,0.286,0.03892,2.889,0.7679,0.2945,6.57E-6,1595.0,7.986E-4,7.32E-5,5.661E-6,1.125E-4,3.659E-6,7.45E-7,3.429E-5,9.464E-6,4.668E-6,
0.0,0.0,0.0,0.0,0.0,0.0,0.0,0.0,0.0,0.0,0.0,0.0,0.0,0.0,0.0,0.0,0.0,0.0,0.0,0.0,0.0,0.0,2.8E-6,0.001843,0.08914,3.018,1.224,0.01596,1.483E-6,2.881E-4,4.616E-5,0.02024,0.004404,3.998E-4,0.0,0.0,0.0,0.0,0.0,0.0,0.0,0.0,0.0,0.0,0.0,0.0,0.0,0.0,0.0,0.0,0.0,0.0,0.0,0.0,0.0,0.0,2.3E-22,0.0,4.001,0.001848,0.01539,0.0,0.01654,0.008959,0.7643,0.177,0.01462,0.0,0.0,0.0,0.0,0.0,0.0,0.0,0.0,0.0,0.0,0.0,0.0,0.0,0.0,0.0,0.0,0.0,0.0,0.0,0.0,0.0,0.0,0.0,0.0,0.0,0.0,0.0,0.0,0.0,0.0,0.0,0.0,0.0,0.0,0.0,0.0,0.0,0.0,0.0,0.0,0.0,0.0,0.0,0.0,0.0,0.0,1.0E-4,18640.0,9.551999999999999E25,5913.0,1243.0,81.54,202600.0,673.0,812.8,12410.0,4072.0,2417.0,0.3167,1.243E-4,55.89,182.2,4.891,3.315,0.08566,0.03388,3.816,1.069,0.3055,0.004054,51.24,144.8,28.41,0.3864,1.878E-5,3.282E-4,1.074E-4,0.01617,0.004466,7.919E-4,19.42,1866.0,1.561,5.631,5.745,0.3159,0.1259,0.03442,3.74,0.9603,0.2113,0.0,0.0,0.0,0.0,0.0,0.0,0.0,0.0,0.0,0.0,0.0,0.4509,269.6,2.534,0.4256,0.06865,1.096,0.286,0.03892,2.889,0.7679,0.2945,6.57E-6,1596.0,7.986E-4,7.32E-5,5.661E-6,1.125E-4,3.659E-6,7.45E-7,3.429E-5,9.464E-6,4.668E-6,
0.0,0.0,0.0,0.0,0.0,0.0,0.0,0.0,0.0,0.0,0.0,0.0,0.0,0.0,0.0,0.0,0.0,0.0,0.0,0.0,0.0,0.0,2.8E-6,0.001843,0.08917,3.018,1.224,0.01596,1.483E-6,2.881E-4,4.616E-5,0.02024,0.004404,3.998E-4,0.0,0.0,0.0,0.0,0.0,0.0,0.0,0.0,0.0,0.0,0.0,0.0,0.0,0.0,0.0,0.0,0.0,0.0,0.0,0.0,0.0,0.0,2.3E-22,0.0,4.001,0.001848,0.01539,0.0,0.01654,0.008959,0.7643,0.177,0.01462,0.0,0.0,0.0,0.0,0.0,0.0,0.0,0.0,0.0,0.0,0.0,0.0,0.0,0.0,0.0,0.0,0.0,0.0,0.0,0.0,0.0,0.0,0.0,0.0,0.0,0.0,0.0,0.0,0.0,0.0,0.0,0.0,0.0,0.0,0.0,0.0,0.0,0.0,0.0,0.0,0.0,0.0,0.0,0.0,0.0,0.0,1.0E-4,18640.0,9.551999999999999E25,5913.0,1243.0,81.54,202600.0,673.0,812.8,12410.0,4072.0,2417.0,0.3167,1.23E-4,55.89,182.2,4.891,3.315,0.08566,0.03388,3.816,1.069,0.3055,0.004054,50.73,144.8,28.41,0.3864,1.878E-5,3.282E-4,1.074E-4,0.01617,0.004466,7.919E-4,19.42,1866.0,1.561,5.631,5.745,0.3159,0.1259,0.03442,3.74,0.9603,0.2113,0.0,0.0,0.0,0.0,0.0,0.0,0.0,0.0,0.0,0.0,0.0,0.4509,269.6,2.534,0.4256,0.06865,1.096,0.286,0.03892,2.889,0.7679,0.2945,6.57E-6,1596.0,7.986E-4,7.32E-5,5.661E-6,1.125E-4,3.659E-6,7.45E-7,3.429E-5,9.464E-6,4.668E-6,
0.0,0.0,0.0,0.0,0.0,0.0,0.0,0.0,0.0,0.0,0.0,0.0,0.0,0.0,0.0,0.0,0.0,0.0,0.0,0.0,0.0,0.0,2.8E-6,0.001843,0.08919,3.018,1.224,0.01596,1.483E-6,2.881E-4,4.616E-5,0.02024,0.004404,3.998E-4,0.0,0.0,0.0,0.0,0.0,0.0,0.0,0.0,0.0,0.0,0.0,0.0,0.0,0.0,0.0,0.0,0.0,0.0,0.0,0.0,0.0,0.0,2.3E-22,0.0,4.001,0.001848,0.01539,0.0,0.01654,0.008959,0.7643,0.177,0.01462,0.0,0.0,0.0,0.0,0.0,0.0,0.0,0.0,0.0,0.0,0.0,0.0,0.0,0.0,0.0,0.0,0.0,0.0,0.0,0.0,0.0,0.0,0.0,0.0,0.0,0.0,0.0,0.0,0.0,0.0,0.0,0.0,0.0,0.0,0.0,0.0,0.0,0.0,0.0,0.0,0.0,0.0,0.0,0.0,0.0,0.0,1.0E-4,18640.0,9.551999999999999E25,5913.0,1243.0,81.54,202600.0,673.0,812.8,12410.0,4072.0,2417.0,0.3167,1.218E-4,55.89,182.2,4.891,3.315,0.08566,0.03388,3.816,1.069,0.3055,0.004054,50.23,144.8,28.41,0.3864,1.878E-5,3.282E-4,1.074E-4,0.01617,0.004466,7.919E-4,19.42,1867.0,1.561,5.631,5.745,0.3159,0.1259,0.03442,3.74,0.9603,0.2113,0.0,0.0,0.0,0.0,0.0,0.0,0.0,0.0,0.0,0.0,0.0,0.4509,269.6,2.534,0.4256,0.06865,1.096,0.286,0.03892,2.889,0.7679,0.2945,6.57E-6,1597.0,7.986E-4,7.32E-5,5.661E-6,1.125E-4,3.659E-6,7.45E-7,3.429E-5,9.464E-6,4.668E-6,
0.0,0.0,0.0,0.0,0.0,0.0,0.0,0.0,0.0,0.0,0.0,0.0,0.0,0.0,0.0,0.0,0.0,0.0,0.0,0.0,0.0,0.0,2.8E-6,0.001843,0.08922,3.018,1.224,0.01596,1.483E-6,2.881E-4,4.616E-5,0.02024,0.004404,3.998E-4,0.0,0.0,0.0,0.0,0.0,0.0,0.0,0.0,0.0,0.0,0.0,0.0,0.0,0.0,0.0,0.0,0.0,0.0,0.0,0.0,0.0,0.0,2.3E-22,0.0,4.001,0.001848,0.01539,0.0,0.01654,0.008959,0.7643,0.177,0.01462,0.0,0.0,0.0,0.0,0.0,0.0,0.0,0.0,0.0,0.0,0.0,0.0,0.0,0.0,0.0,0.0,0.0,0.0,0.0,0.0,0.0,0.0,0.0,0.0,0.0,0.0,0.0,0.0,0.0,0.0,0.0,0.0,0.0,0.0,0.0,0.0,0.0,0.0,0.0,0.0,0.0,0.0,0.0,0.0,0.0,0.0,1.0E-4,18640.0,9.551999999999999E25,5913.0,1243.0,81.54,202600.0,673.0,812.8,12410.0,4072.0,2417.0,0.3167,1.206E-4,55.89,182.2,4.891,3.315,0.08566,0.03388,3.816,1.069,0.3055,0.004054,49.73,144.8,28.41,0.3864,1.878E-5,3.282E-4,1.074E-4,0.01617,0.004466,7.919E-4,19.42,1867.0,1.561,5.631,5.745,0.3159,0.1259,0.03442,3.74,0.9603,0.2113,0.0,0.0,0.0,0.0,0.0,0.0,0.0,0.0,0.0,0.0,0.0,0.4509,269.6,2.534,0.4256,0.06865,1.096,0.286,0.03892,2.889,0.7679,0.2945,6.57E-6,1597.0,7.986E-4,7.32E-5,5.661E-6,1.125E-4,3.659E-6,7.45E-7,3.429E-5,9.464E-6,4.668E-6,
0.0,0.0,0.0,0.0,0.0,0.0,0.0,0.0,0.0,0.0,0.0,0.0,0.0,0.0,0.0,0.0,0.0,0.0,0.0,0.0,0.0,0.0,2.8E-6,0.001843,0.08925,3.018,1.224,0.01596,1.483E-6,2.881E-4,4.616E-5,0.02024,0.004404,3.998E-4,0.0,0.0,0.0,0.0,0.0,0.0,0.0,0.0,0.0,0.0,0.0,0.0,0.0,0.0,0.0,0.0,0.0,0.0,0.0,0.0,0.0,0.0,2.3E-22,0.0,4.001,0.001848,0.01539,0.0,0.01654,0.008959,0.7643,0.177,0.01462,0.0,0.0,0.0,0.0,0.0,0.0,0.0,0.0,0.0,0.0,0.0,0.0,0.0,0.0,0.0,0.0,0.0,0.0,0.0,0.0,0.0,0.0,0.0,0.0,0.0,0.0,0.0,0.0,0.0,0.0,0.0,0.0,0.0,0.0,0.0,0.0,0.0,0.0,0.0,0.0,0.0,0.0,0.0,0.0,0.0,0.0,1.0E-4,18640.0,9.551999999999999E25,5913.0,1243.0,81.54,202600.0,673.0,812.8,12410.0,4072.0,2417.0,0.3167,1.194E-4,55.89,182.2,4.891,3.315,0.08566,0.03388,3.816,1.069,0.3055,0.004054,49.24,144.8,28.41,0.3864,1.878E-5,3.282E-4,1.074E-4,0.01617,0.004466,7.919E-4,19.42,1868.0,1.561,5.631,5.745,0.3159,0.1259,0.03442,3.74,0.9603,0.2113,0.0,0.0,0.0,0.0,0.0,0.0,0.0,0.0,0.0,0.0,0.0,0.4509,269.6,2.534,0.4256,0.06865,1.096,0.286,0.03892,2.889,0.7679,0.2945,6.57E-6,1598.0,7.986E-4,7.32E-5,5.661E-6,1.125E-4,3.659E-6,7.45E-7,3.429E-5,9.464E-6,4.668E-6,
0.0,0.0,0.0,0.0,0.0,0.0,0.0,0.0,0.0,0.0,0.0,0.0,0.0,0.0,0.0,0.0,0.0,0.0,0.0,0.0,0.0,0.0,2.8E-6,0.001843,0.08928,3.018,1.224,0.01596,1.483E-6,2.881E-4,4.616E-5,0.02024,0.004404,3.998E-4,0.0,0.0,0.0,0.0,0.0,0.0,0.0,0.0,0.0,0.0,0.0,0.0,0.0,0.0,0.0,0.0,0.0,0.0,0.0,0.0,0.0,0.0,2.3E-22,0.0,4.001,0.001848,0.01539,0.0,0.01654,0.008959,0.7643,0.177,0.01462,0.0,0.0,0.0,0.0,0.0,0.0,0.0,0.0,0.0,0.0,0.0,0.0,0.0,0.0,0.0,0.0,0.0,0.0,0.0,0.0,0.0,0.0,0.0,0.0,0.0,0.0,0.0,0.0,0.0,0.0,0.0,0.0,0.0,0.0,0.0,0.0,0.0,0.0,0.0,0.0,0.0,0.0,0.0,0.0,0.0,0.0,1.0E-4,18640.0,9.551999999999999E25,5913.0,1243.0,81.54,202600.0,673.0,812.8,12410.0,4072.0,2417.0,0.3167,1.182E-4,55.89,182.2,4.891,3.315,0.08566,0.03388,3.816,1.069,0.3055,0.004054,48.75,144.8,28.41,0.3864,1.878E-5,3.282E-4,1.074E-4,0.01617,0.004466,7.919E-4,19.42,1868.0,1.561,5.631,5.745,0.3159,0.1259,0.03442,3.74,0.9603,0.2113,0.0,0.0,0.0,0.0,0.0,0.0,0.0,0.0,0.0,0.0,0.0,0.4509,269.6,2.534,0.4256,0.06865,1.096,0.286,0.03892,2.889,0.7679,0.2945,6.57E-6,1598.0,7.986E-4,7.32E-5,5.661E-6,1.125E-4,3.659E-6,7.45E-7,3.429E-5,9.464E-6,4.668E-6,
0.0,0.0,0.0,0.0,0.0,0.0,0.0,0.0,0.0,0.0,0.0,0.0,0.0,0.0,0.0,0.0,0.0,0.0,0.0,0.0,0.0,0.0,2.8E-6,0.001843,0.0893,3.018,1.224,0.01596,1.483E-6,2.881E-4,4.616E-5,0.02024,0.004404,3.998E-4,0.0,0.0,0.0,0.0,0.0,0.0,0.0,0.0,0.0,0.0,0.0,0.0,0.0,0.0,0.0,0.0,0.0,0.0,0.0,0.0,0.0,0.0,2.3E-22,0.0,4.001,0.001848,0.01539,0.0,0.01654,0.008959,0.7643,0.177,0.01462,0.0,0.0,0.0,0.0,0.0,0.0,0.0,0.0,0.0,0.0,0.0,0.0,0.0,0.0,0.0,0.0,0.0,0.0,0.0,0.0,0.0,0.0,0.0,0.0,0.0,0.0,0.0,0.0,0.0,0.0,0.0,0.0,0.0,0.0,0.0,0.0,0.0,0.0,0.0,0.0,0.0,0.0,0.0,0.0,0.0,0.0,1.0E-4,18640.0,9.551999999999999E25,5913.0,1243.0,81.54,202600.0,673.0,812.8,12410.0,4072.0,2417.0,0.3167,1.17E-4,55.89,182.2,4.891,3.315,0.08566,0.03388,3.816,1.069,0.3055,0.004054,48.26,144.8,28.41,0.3864,1.878E-5,3.282E-4,1.074E-4,0.01617,0.004466,7.919E-4,19.42,1869.0,1.561,5.631,5.745,0.3159,0.1259,0.03442,3.74,0.9603,0.2113,0.0,0.0,0.0,0.0,0.0,0.0,0.0,0.0,0.0,0.0,0.0,0.4509,269.6,2.534,0.4256,0.06865,1.096,0.286,0.03892,2.889,0.7679,0.2945,6.57E-6,1599.0,7.986E-4,7.32E-5,5.661E-6,1.125E-4,3.659E-6,7.45E-7,3.429E-5,9.464E-6,4.668E-6,
0.0,0.0,0.0,0.0,0.0,0.0,0.0,0.0,0.0,0.0,0.0,0.0,0.0,0.0,0.0,0.0,0.0,0.0,0.0,0.0,0.0,0.0,2.8E-6,0.001843,0.08933,3.018,1.224,0.01596,1.483E-6,2.881E-4,4.616E-5,0.02024,0.004404,3.998E-4,0.0,0.0,0.0,0.0,0.0,0.0,0.0,0.0,0.0,0.0,0.0,0.0,0.0,0.0,0.0,0.0,0.0,0.0,0.0,0.0,0.0,0.0,2.3E-22,0.0,4.001,0.001848,0.01539,0.0,0.01654,0.008959,0.7643,0.177,0.01462,0.0,0.0,0.0,0.0,0.0,0.0,0.0,0.0,0.0,0.0,0.0,0.0,0.0,0.0,0.0,0.0,0.0,0.0,0.0,0.0,0.0,0.0,0.0,0.0,0.0,0.0,0.0,0.0,0.0,0.0,0.0,0.0,0.0,0.0,0.0,0.0,0.0,0.0,0.0,0.0,0.0,0.0,0.0,0.0,0.0,0.0,1.0E-4,18640.0,9.551999999999999E25,5913.0,1243.0,81.54,202600.0,673.0,812.8,12410.0,4072.0,2417.0,0.3167,1.159E-4,55.89,182.2,4.891,3.315,0.08566,0.03388,3.816,1.069,0.3055,0.004054,47.78,144.8,28.41,0.3864,1.878E-5,3.282E-4,1.074E-4,0.01617,0.004466,7.919E-4,19.42,1869.0,1.561,5.631,5.745,0.3159,0.1259,0.03442,3.74,0.9603,0.2113,0.0,0.0,0.0,0.0,0.0,0.0,0.0,0.0,0.0,0.0,0.0,0.4509,269.6,2.534,0.4256,0.06865,1.096,0.286,0.03892,2.889,0.7679,0.2945,6.57E-6,1599.0,7.986E-4,7.32E-5,5.661E-6,1.125E-4,3.659E-6,7.45E-7,3.429E-5,9.464E-6,4.668E-6,
0.0,0.0,0.0,0.0,0.0,0.0,0.0,0.0,0.0,0.0,0.0,0.0,0.0,0.0,0.0,0.0,0.0,0.0,0.0,0.0,0.0,0.0,2.8E-6,0.001843,0.08936,3.018,1.224,0.01596,1.483E-6,2.881E-4,4.616E-5,0.02024,0.004404,3.998E-4,0.0,0.0,0.0,0.0,0.0,0.0,0.0,0.0,0.0,0.0,0.0,0.0,0.0,0.0,0.0,0.0,0.0,0.0,0.0,0.0,0.0,0.0,2.3E-22,0.0,4.001,0.001848,0.01539,0.0,0.01654,0.008959,0.7643,0.177,0.01462,0.0,0.0,0.0,0.0,0.0,0.0,0.0,0.0,0.0,0.0,0.0,0.0,0.0,0.0,0.0,0.0,0.0,0.0,0.0,0.0,0.0,0.0,0.0,0.0,0.0,0.0,0.0,0.0,0.0,0.0,0.0,0.0,0.0,0.0,0.0,0.0,0.0,0.0,0.0,0.0,0.0,0.0,0.0,0.0,0.0,0.0,1.0E-4,18640.0,9.551999999999999E25,5913.0,1243.0,81.54,202600.0,673.0,812.8,12410.0,4072.0,2417.0,0.3167,1.147E-4,55.89,182.2,4.891,3.315,0.08566,0.03388,3.816,1.069,0.3055,0.004054,47.3,144.8,28.41,0.3864,1.878E-5,3.282E-4,1.074E-4,0.01617,0.004466,7.919E-4,19.42,1869.0,1.561,5.631,5.745,0.3159,0.1259,0.03442,3.74,0.9603,0.2113,0.0,0.0,0.0,0.0,0.0,0.0,0.0,0.0,0.0,0.0,0.0,0.4509,269.6,2.534,0.4256,0.06865,1.096,0.286,0.03892,2.889,0.7679,0.2945,6.57E-6,1600.0,7.986E-4,7.32E-5,5.661E-6,1.125E-4,3.659E-6,7.45E-7,3.429E-5,9.464E-6,4.668E-6,
0.0,0.0,0.0,0.0,0.0,0.0,0.0,0.0,0.0,0.0,0.0,0.0,0.0,0.0,0.0,0.0,0.0,0.0,0.0,0.0,0.0,0.0,2.8E-6,0.001843,0.08938,3.018,1.224,0.01596,1.483E-6,2.881E-4,4.616E-5,0.02024,0.004404,3.998E-4,0.0,0.0,0.0,0.0,0.0,0.0,0.0,0.0,0.0,0.0,0.0,0.0,0.0,0.0,0.0,0.0,0.0,0.0,0.0,0.0,0.0,0.0,2.3E-22,0.0,4.001,0.001848,0.01539,0.0,0.01654,0.008959,0.7643,0.177,0.01462,0.0,0.0,0.0,0.0,0.0,0.0,0.0,0.0,0.0,0.0,0.0,0.0,0.0,0.0,0.0,0.0,0.0,0.0,0.0,0.0,0.0,0.0,0.0,0.0,0.0,0.0,0.0,0.0,0.0,0.0,0.0,0.0,0.0,0.0,0.0,0.0,0.0,0.0,0.0,0.0,0.0,0.0,0.0,0.0,0.0,0.0,1.0E-4,18640.0,9.551999999999999E25,5913.0,1243.0,81.54,202600.0,673.0,812.8,12410.0,4072.0,2417.0,0.3167,1.136E-4,55.89,182.2,4.891,3.315,0.08566,0.03388,3.816,1.069,0.3055,0.004054,46.83,144.8,28.41,0.3864,1.878E-5,3.282E-4,1.074E-4,0.01617,0.004466,7.919E-4,19.42,1870.0,1.561,5.631,5.745,0.3159,0.1259,0.03442,3.74,0.9603,0.2113,0.0,0.0,0.0,0.0,0.0,0.0,0.0,0.0,0.0,0.0,0.0,0.4509,269.6,2.534,0.4256,0.06865,1.096,0.286,0.03892,2.889,0.7679,0.2945,6.57E-6,1600.0,7.986E-4,7.32E-5,5.661E-6,1.125E-4,3.659E-6,7.45E-7,3.429E-5,9.464E-6,4.668E-6,
0.0,0.0,0.0,0.0,0.0,0.0,0.0,0.0,0.0,0.0,0.0,0.0,0.0,0.0,0.0,0.0,0.0,0.0,0.0,0.0,0.0,0.0,2.8E-6,0.001843,0.08941,3.018,1.224,0.01596,1.483E-6,2.881E-4,4.616E-5,0.02024,0.004404,3.998E-4,0.0,0.0,0.0,0.0,0.0,0.0,0.0,0.0,0.0,0.0,0.0,0.0,0.0,0.0,0.0,0.0,0.0,0.0,0.0,0.0,0.0,0.0,2.3E-22,0.0,4.001,0.001848,0.01539,0.0,0.01654,0.008959,0.7643,0.177,0.01462,0.0,0.0,0.0,0.0,0.0,0.0,0.0,0.0,0.0,0.0,0.0,0.0,0.0,0.0,0.0,0.0,0.0,0.0,0.0,0.0,0.0,0.0,0.0,0.0,0.0,0.0,0.0,0.0,0.0,0.0,0.0,0.0,0.0,0.0,0.0,0.0,0.0,0.0,0.0,0.0,0.0,0.0,0.0,0.0,0.0,0.0,1.0E-4,18640.0,9.551999999999999E25,5913.0,1243.0,81.54,202600.0,673.0,812.8,12410.0,4072.0,2417.0,0.3167,1.124E-4,55.89,182.2,4.891,3.315,0.08566,0.03388,3.816,1.069,0.3055,0.004054,46.37,144.8,28.41,0.3864,1.878E-5,3.282E-4,1.074E-4,0.01617,0.004466,7.919E-4,19.42,1870.0,1.561,5.631,5.745,0.3159,0.1259,0.03442,3.74,0.9603,0.2113,0.0,0.0,0.0,0.0,0.0,0.0,0.0,0.0,0.0,0.0,0.0,0.4509,269.6,2.534,0.4256,0.06865,1.096,0.286,0.03892,2.889,0.7679,0.2945,6.57E-6,1601.0,7.986E-4,7.32E-5,5.661E-6,1.125E-4,3.659E-6,7.45E-7,3.429E-5,9.464E-6,4.668E-6,
0.0,0.0,0.0,0.0,0.0,0.0,0.0,0.0,0.0,0.0,0.0,0.0,0.0,0.0,0.0,0.0,0.0,0.0,0.0,0.0,0.0,0.0,2.8E-6,0.001843,0.08944,3.018,1.224,0.01596,1.483E-6,2.881E-4,4.616E-5,0.02024,0.004404,3.998E-4,0.0,0.0,0.0,0.0,0.0,0.0,0.0,0.0,0.0,0.0,0.0,0.0,0.0,0.0,0.0,0.0,0.0,0.0,0.0,0.0,0.0,0.0,2.3E-22,0.0,4.001,0.001848,0.01539,0.0,0.01654,0.008959,0.7643,0.177,0.01462,0.0,0.0,0.0,0.0,0.0,0.0,0.0,0.0,0.0,0.0,0.0,0.0,0.0,0.0,0.0,0.0,0.0,0.0,0.0,0.0,0.0,0.0,0.0,0.0,0.0,0.0,0.0,0.0,0.0,0.0,0.0,0.0,0.0,0.0,0.0,0.0,0.0,0.0,0.0,0.0,0.0,0.0,0.0,0.0,0.0,0.0,1.0E-4,18640.0,9.551999999999999E25,5913.0,1243.0,81.54,202600.0,673.0,812.8,12410.0,4072.0,2417.0,0.3167,1.113E-4,55.89,182.2,4.891,3.315,0.08566,0.03388,3.816,1.069,0.3055,0.004054,45.91,144.8,28.41,0.3864,1.878E-5,3.282E-4,1.074E-4,0.01617,0.004466,7.919E-4,19.42,1871.0,1.561,5.631,5.745,0.3159,0.1259,0.03442,3.74,0.9603,0.2113,0.0,0.0,0.0,0.0,0.0,0.0,0.0,0.0,0.0,0.0,0.0,0.4509,269.6,2.534,0.4256,0.06865,1.096,0.286,0.03892,2.889,0.7679,0.2945,6.57E-6,1601.0,7.986E-4,7.32E-5,5.661E-6,1.125E-4,3.659E-6,7.45E-7,3.429E-5,9.464E-6,4.668E-6,
0.0,0.0,0.0,0.0,0.0,0.0,0.0,0.0,0.0,0.0,0.0,0.0,0.0,0.0,0.0,0.0,0.0,0.0,0.0,0.0,0.0,0.0,2.8E-6,0.001843,0.08946,3.018,1.224,0.01596,1.483E-6,2.881E-4,4.616E-5,0.02024,0.004404,3.998E-4,0.0,0.0,0.0,0.0,0.0,0.0,0.0,0.0,0.0,0.0,0.0,0.0,0.0,0.0,0.0,0.0,0.0,0.0,0.0,0.0,0.0,0.0,2.3E-22,0.0,4.001,0.001848,0.01539,0.0,0.01654,0.008959,0.7643,0.177,0.01462,0.0,0.0,0.0,0.0,0.0,0.0,0.0,0.0,0.0,0.0,0.0,0.0,0.0,0.0,0.0,0.0,0.0,0.0,0.0,0.0,0.0,0.0,0.0,0.0,0.0,0.0,0.0,0.0,0.0,0.0,0.0,0.0,0.0,0.0,0.0,0.0,0.0,0.0,0.0,0.0,0.0,0.0,0.0,0.0,0.0,0.0,1.0E-4,18640.0,9.551999999999999E25,5913.0,1243.0,81.54,202600.0,673.0,812.8,12410.0,4072.0,2417.0,0.3167,1.102E-4,55.89,182.2,4.891,3.315,0.08566,0.03388,3.816,1.069,0.3055,0.004054,45.45,144.8,28.41,0.3864,1.878E-5,3.282E-4,1.074E-4,0.01617,0.004466,7.919E-4,19.42,1871.0,1.561,5.631,5.745,0.3159,0.1259,0.03442,3.74,0.9603,0.2113,0.0,0.0,0.0,0.0,0.0,0.0,0.0,0.0,0.0,0.0,0.0,0.4509,269.6,2.534,0.4256,0.06865,1.096,0.286,0.03892,2.889,0.7679,0.2945,6.57E-6,1602.0,7.986E-4,7.32E-5,5.661E-6,1.125E-4,3.659E-6,7.45E-7,3.429E-5,9.464E-6,4.668E-6,
0.0,0.0,0.0,0.0,0.0,0.0,0.0,0.0,0.0,0.0,0.0,0.0,0.0,0.0,0.0,0.0,0.0,0.0,0.0,0.0,0.0,0.0,2.8E-6,0.001843,0.08949,3.018,1.224,0.01596,1.483E-6,2.881E-4,4.616E-5,0.02024,0.004404,3.998E-4,0.0,0.0,0.0,0.0,0.0,0.0,0.0,0.0,0.0,0.0,0.0,0.0,0.0,0.0,0.0,0.0,0.0,0.0,0.0,0.0,0.0,0.0,2.3E-22,0.0,4.001,0.001848,0.01539,0.0,0.01654,0.008959,0.7643,0.177,0.01462,0.0,0.0,0.0,0.0,0.0,0.0,0.0,0.0,0.0,0.0,0.0,0.0,0.0,0.0,0.0,0.0,0.0,0.0,0.0,0.0,0.0,0.0,0.0,0.0,0.0,0.0,0.0,0.0,0.0,0.0,0.0,0.0,0.0,0.0,0.0,0.0,0.0,0.0,0.0,0.0,0.0,0.0,0.0,0.0,0.0,0.0,1.0E-4,18640.0,9.551999999999999E25,5913.0,1243.0,81.54,202600.0,673.0,812.8,12410.0,4072.0,2417.0,0.3167,1.091E-4,55.89,182.2,4.891,3.315,0.08566,0.03388,3.816,1.069,0.3055,0.004054,45.0,144.8,28.41,0.3864,1.878E-5,3.282E-4,1.074E-4,0.01617,0.004466,7.919E-4,19.42,1872.0,1.561,5.631,5.745,0.3159,0.1259,0.03442,3.74,0.9603,0.2113,0.0,0.0,0.0,0.0,0.0,0.0,0.0,0.0,0.0,0.0,0.0,0.4509,269.6,2.534,0.4256,0.06865,1.096,0.286,0.03892,2.889,0.7679,0.2945,6.57E-6,1602.0,7.986E-4,7.32E-5,5.661E-6,1.125E-4,3.659E-6,7.45E-7,3.429E-5,9.464E-6,4.668E-6,
0.0,0.0,0.0,0.0,0.0,0.0,0.0,0.0,0.0,0.0,0.0,0.0,0.0,0.0,0.0,0.0,0.0,0.0,0.0,0.0,0.0,0.0,2.8E-6,0.001843,0.08951,3.018,1.224,0.01596,1.483E-6,2.881E-4,4.616E-5,0.02024,0.004404,3.998E-4,0.0,0.0,0.0,0.0,0.0,0.0,0.0,0.0,0.0,0.0,0.0,0.0,0.0,0.0,0.0,0.0,0.0,0.0,0.0,0.0,0.0,0.0,2.3E-22,0.0,4.001,0.001848,0.01539,0.0,0.01654,0.008959,0.7643,0.177,0.01462,0.0,0.0,0.0,0.0,0.0,0.0,0.0,0.0,0.0,0.0,0.0,0.0,0.0,0.0,0.0,0.0,0.0,0.0,0.0,0.0,0.0,0.0,0.0,0.0,0.0,0.0,0.0,0.0,0.0,0.0,0.0,0.0,0.0,0.0,0.0,0.0,0.0,0.0,0.0,0.0,0.0,0.0,0.0,0.0,0.0,0.0,1.0E-4,18640.0,9.551999999999999E25,5913.0,1243.0,81.54,202600.0,673.0,812.8,12410.0,4072.0,2417.0,0.3167,1.08E-4,55.89,182.2,4.891,3.315,0.08566,0.03388,3.816,1.069,0.3055,0.004054,44.55,144.8,28.41,0.3864,1.878E-5,3.282E-4,1.074E-4,0.01617,0.004466,7.919E-4,19.42,1872.0,1.561,5.631,5.745,0.3159,0.1259,0.03442,3.74,0.9603,0.2113,0.0,0.0,0.0,0.0,0.0,0.0,0.0,0.0,0.0,0.0,0.0,0.4509,269.6,2.534,0.4256,0.06865,1.096,0.286,0.03892,2.889,0.7679,0.2945,6.57E-6,1602.0,7.986E-4,7.32E-5,5.661E-6,1.125E-4,3.659E-6,7.45E-7,3.429E-5,9.464E-6,4.668E-6,
0.0,0.0,0.0,0.0,0.0,0.0,0.0,0.0,0.0,0.0,0.0,0.0,0.0,0.0,0.0,0.0,0.0,0.0,0.0,0.0,0.0,0.0,2.8E-6,0.001843,0.08954,3.018,1.224,0.01596,1.483E-6,2.881E-4,4.616E-5,0.02024,0.004404,3.998E-4,0.0,0.0,0.0,0.0,0.0,0.0,0.0,0.0,0.0,0.0,0.0,0.0,0.0,0.0,0.0,0.0,0.0,0.0,0.0,0.0,0.0,0.0,2.3E-22,0.0,4.001,0.001848,0.01539,0.0,0.01654,0.008959,0.7643,0.177,0.01462,0.0,0.0,0.0,0.0,0.0,0.0,0.0,0.0,0.0,0.0,0.0,0.0,0.0,0.0,0.0,0.0,0.0,0.0,0.0,0.0,0.0,0.0,0.0,0.0,0.0,0.0,0.0,0.0,0.0,0.0,0.0,0.0,0.0,0.0,0.0,0.0,0.0,0.0,0.0,0.0,0.0,0.0,0.0,0.0,0.0,0.0,1.0E-4,18640.0,9.551999999999999E25,5913.0,1243.0,81.54,202600.0,673.0,812.8,12410.0,4072.0,2417.0,0.3167,1.07E-4,55.89,182.2,4.891,3.315,0.08566,0.03388,3.816,1.069,0.3055,0.004054,44.11,144.8,28.41,0.3864,1.878E-5,3.282E-4,1.074E-4,0.01617,0.004466,7.919E-4,19.42,1873.0,1.561,5.631,5.745,0.3159,0.1259,0.03442,3.74,0.9603,0.2113,0.0,0.0,0.0,0.0,0.0,0.0,0.0,0.0,0.0,0.0,0.0,0.4509,269.6,2.534,0.4256,0.06865,1.096,0.286,0.03892,2.889,0.7679,0.2945,6.57E-6,1603.0,7.986E-4,7.32E-5,5.661E-6,1.125E-4,3.659E-6,7.45E-7,3.429E-5,9.464E-6,4.668E-6,
0.0,0.0,0.0,0.0,0.0,0.0,0.0,0.0,0.0,0.0,0.0,0.0,0.0,0.0,0.0,0.0,0.0,0.0,0.0,0.0,0.0,0.0,2.8E-6,0.001843,0.08956,3.018,1.224,0.01596,1.483E-6,2.881E-4,4.616E-5,0.02024,0.004404,3.998E-4,0.0,0.0,0.0,0.0,0.0,0.0,0.0,0.0,0.0,0.0,0.0,0.0,0.0,0.0,0.0,0.0,0.0,0.0,0.0,0.0,0.0,0.0,2.3E-22,0.0,4.001,0.001848,0.01539,0.0,0.01654,0.008959,0.7643,0.177,0.01462,0.0,0.0,0.0,0.0,0.0,0.0,0.0,0.0,0.0,0.0,0.0,0.0,0.0,0.0,0.0,0.0,0.0,0.0,0.0,0.0,0.0,0.0,0.0,0.0,0.0,0.0,0.0,0.0,0.0,0.0,0.0,0.0,0.0,0.0,0.0,0.0,0.0,0.0,0.0,0.0,0.0,0.0,0.0,0.0,0.0,0.0,1.0E-4,18640.0,9.551999999999999E25,5913.0,1243.0,81.54,202600.0,673.0,812.8,12410.0,4072.0,2417.0,0.3167,1.059E-4,55.89,182.2,4.891,3.315,0.08566,0.03388,3.816,1.069,0.3055,0.004054,43.67,144.8,28.41,0.3864,1.878E-5,3.282E-4,1.074E-4,0.01617,0.004466,7.919E-4,19.42,1873.0,1.561,5.631,5.745,0.3159,0.1259,0.03442,3.74,0.9603,0.2113,0.0,0.0,0.0,0.0,0.0,0.0,0.0,0.0,0.0,0.0,0.0,0.4509,269.6,2.534,0.4256,0.06865,1.096,0.286,0.03892,2.889,0.7679,0.2945,6.57E-6,1603.0,7.986E-4,7.32E-5,5.661E-6,1.125E-4,3.659E-6,7.45E-7,3.429E-5,9.464E-6,4.668E-6,
0.0,0.0,0.0,0.0,0.0,0.0,0.0,0.0,0.0,0.0,0.0,0.0,0.0,0.0,0.0,0.0,0.0,0.0,0.0,0.0,0.0,0.0,2.8E-6,0.001843,0.08958,3.018,1.224,0.01596,1.483E-6,2.881E-4,4.616E-5,0.02024,0.004404,3.998E-4,0.0,0.0,0.0,0.0,0.0,0.0,0.0,0.0,0.0,0.0,0.0,0.0,0.0,0.0,0.0,0.0,0.0,0.0,0.0,0.0,0.0,0.0,2.3E-22,0.0,4.001,0.001848,0.01539,0.0,0.01654,0.008959,0.7643,0.177,0.01462,0.0,0.0,0.0,0.0,0.0,0.0,0.0,0.0,0.0,0.0,0.0,0.0,0.0,0.0,0.0,0.0,0.0,0.0,0.0,0.0,0.0,0.0,0.0,0.0,0.0,0.0,0.0,0.0,0.0,0.0,0.0,0.0,0.0,0.0,0.0,0.0,0.0,0.0,0.0,0.0,0.0,0.0,0.0,0.0,0.0,0.0,1.0E-4,18640.0,9.551999999999999E25,5913.0,1243.0,81.54,202600.0,673.0,812.8,12410.0,4072.0,2417.0,0.3167,1.048E-4,55.89,182.2,4.891,3.315,0.08566,0.03388,3.816,1.069,0.3055,0.004054,43.23,144.8,28.41,0.3864,1.878E-5,3.282E-4,1.074E-4,0.01617,0.004466,7.919E-4,19.42,1874.0,1.561,5.631,5.745,0.3159,0.1259,0.03442,3.74,0.9603,0.2113,0.0,0.0,0.0,0.0,0.0,0.0,0.0,0.0,0.0,0.0,0.0,0.4509,269.6,2.534,0.4256,0.06865,1.096,0.286,0.03892,2.889,0.7679,0.2945,6.57E-6,1604.0,7.986E-4,7.32E-5,5.661E-6,1.125E-4,3.659E-6,7.45E-7,3.429E-5,9.464E-6,4.668E-6,
0.0,0.0,0.0,0.0,0.0,0.0,0.0,0.0,0.0,0.0,0.0,0.0,0.0,0.0,0.0,0.0,0.0,0.0,0.0,0.0,0.0,0.0,2.8E-6,0.001843,0.08961,3.018,1.224,0.01596,1.483E-6,2.881E-4,4.616E-5,0.02024,0.004404,3.998E-4,0.0,0.0,0.0,0.0,0.0,0.0,0.0,0.0,0.0,0.0,0.0,0.0,0.0,0.0,0.0,0.0,0.0,0.0,0.0,0.0,0.0,0.0,2.3E-22,0.0,4.001,0.001848,0.01539,0.0,0.01654,0.008959,0.7643,0.177,0.01462,0.0,0.0,0.0,0.0,0.0,0.0,0.0,0.0,0.0,0.0,0.0,0.0,0.0,0.0,0.0,0.0,0.0,0.0,0.0,0.0,0.0,0.0,0.0,0.0,0.0,0.0,0.0,0.0,0.0,0.0,0.0,0.0,0.0,0.0,0.0,0.0,0.0,0.0,0.0,0.0,0.0,0.0,0.0,0.0,0.0,0.0,1.0E-4,18640.0,9.551999999999999E25,5913.0,1243.0,81.54,202600.0,673.0,812.8,12410.0,4072.0,2417.0,0.3167,1.038E-4,55.89,182.2,4.891,3.315,0.08566,0.03388,3.816,1.069,0.3055,0.004054,42.8,144.8,28.41,0.3864,1.878E-5,3.282E-4,1.074E-4,0.01617,0.004466,7.919E-4,19.42,1874.0,1.561,5.631,5.745,0.3159,0.1259,0.03442,3.74,0.9603,0.2113,0.0,0.0,0.0,0.0,0.0,0.0,0.0,0.0,0.0,0.0,0.0,0.4509,269.6,2.534,0.4256,0.06865,1.096,0.286,0.03892,2.889,0.7679,0.2945,6.57E-6,1604.0,7.986E-4,7.32E-5,5.661E-6,1.125E-4,3.659E-6,7.45E-7,3.429E-5,9.464E-6,4.668E-6,
0.0,0.0,0.0,0.0,0.0,0.0,0.0,0.0,0.0,0.0,0.0,0.0,0.0,0.0,0.0,0.0,0.0,0.0,0.0,0.0,0.0,0.0,2.8E-6,0.001843,0.08963,3.018,1.224,0.01596,1.483E-6,2.881E-4,4.616E-5,0.02024,0.004404,3.998E-4,0.0,0.0,0.0,0.0,0.0,0.0,0.0,0.0,0.0,0.0,0.0,0.0,0.0,0.0,0.0,0.0,0.0,0.0,0.0,0.0,0.0,0.0,2.3E-22,0.0,4.001,0.001848,0.01539,0.0,0.01654,0.008959,0.7643,0.177,0.01462,0.0,0.0,0.0,0.0,0.0,0.0,0.0,0.0,0.0,0.0,0.0,0.0,0.0,0.0,0.0,0.0,0.0,0.0,0.0,0.0,0.0,0.0,0.0,0.0,0.0,0.0,0.0,0.0,0.0,0.0,0.0,0.0,0.0,0.0,0.0,0.0,0.0,0.0,0.0,0.0,0.0,0.0,0.0,0.0,0.0,0.0,1.0E-4,18640.0,9.551999999999999E25,5913.0,1243.0,81.54,202600.0,673.0,812.8,12410.0,4072.0,2417.0,0.3167,1.028E-4,55.89,182.2,4.891,3.315,0.08566,0.03388,3.816,1.069,0.3055,0.004054,42.38,144.8,28.41,0.3864,1.878E-5,3.282E-4,1.074E-4,0.01617,0.004466,7.919E-4,19.42,1874.0,1.561,5.631,5.745,0.3159,0.1259,0.03442,3.74,0.9603,0.2113,0.0,0.0,0.0,0.0,0.0,0.0,0.0,0.0,0.0,0.0,0.0,0.4509,269.6,2.534,0.4256,0.06865,1.096,0.286,0.03892,2.889,0.7679,0.2945,6.57E-6,1605.0,7.986E-4,7.32E-5,5.661E-6,1.125E-4,3.659E-6,7.45E-7,3.429E-5,9.464E-6,4.668E-6,
0.0,0.0,0.0,0.0,0.0,0.0,0.0,0.0,0.0,0.0,0.0,0.0,0.0,0.0,0.0,0.0,0.0,0.0,0.0,0.0,0.0,0.0,2.8E-6,0.001843,0.08966,3.018,1.224,0.01596,1.483E-6,2.881E-4,4.616E-5,0.02024,0.004404,3.998E-4,0.0,0.0,0.0,0.0,0.0,0.0,0.0,0.0,0.0,0.0,0.0,0.0,0.0,0.0,0.0,0.0,0.0,0.0,0.0,0.0,0.0,0.0,2.3E-22,0.0,4.001,0.001848,0.01539,0.0,0.01654,0.008959,0.7643,0.177,0.01462,0.0,0.0,0.0,0.0,0.0,0.0,0.0,0.0,0.0,0.0,0.0,0.0,0.0,0.0,0.0,0.0,0.0,0.0,0.0,0.0,0.0,0.0,0.0,0.0,0.0,0.0,0.0,0.0,0.0,0.0,0.0,0.0,0.0,0.0,0.0,0.0,0.0,0.0,0.0,0.0,0.0,0.0,0.0,0.0,0.0,0.0,1.0E-4,18640.0,9.551999999999999E25,5913.0,1243.0,81.54,202600.0,673.0,812.8,12410.0,4072.0,2417.0,0.3167,1.017E-4,55.89,182.2,4.891,3.315,0.08566,0.03388,3.816,1.069,0.3055,0.004054,41.96,144.8,28.41,0.3864,1.878E-5,3.282E-4,1.074E-4,0.01617,0.004466,7.919E-4,19.42,1875.0,1.561,5.631,5.745,0.3159,0.1259,0.03442,3.74,0.9603,0.2113,0.0,0.0,0.0,0.0,0.0,0.0,0.0,0.0,0.0,0.0,0.0,0.4509,269.6,2.534,0.4256,0.06865,1.096,0.286,0.03892,2.889,0.7679,0.2945,6.57E-6,1605.0,7.986E-4,7.32E-5,5.661E-6,1.125E-4,3.659E-6,7.45E-7,3.429E-5,9.464E-6,4.668E-6,
0.0,0.0,0.0,0.0,0.0,0.0,0.0,0.0,0.0,0.0,0.0,0.0,0.0,0.0,0.0,0.0,0.0,0.0,0.0,0.0,0.0,0.0,2.8E-6,0.001843,0.08968,3.018,1.224,0.01596,1.483E-6,2.881E-4,4.616E-5,0.02024,0.004404,3.998E-4,0.0,0.0,0.0,0.0,0.0,0.0,0.0,0.0,0.0,0.0,0.0,0.0,0.0,0.0,0.0,0.0,0.0,0.0,0.0,0.0,0.0,0.0,2.3E-22,0.0,4.001,0.001848,0.01539,0.0,0.01654,0.008959,0.7643,0.177,0.01462,0.0,0.0,0.0,0.0,0.0,0.0,0.0,0.0,0.0,0.0,0.0,0.0,0.0,0.0,0.0,0.0,0.0,0.0,0.0,0.0,0.0,0.0,0.0,0.0,0.0,0.0,0.0,0.0,0.0,0.0,0.0,0.0,0.0,0.0,0.0,0.0,0.0,0.0,0.0,0.0,0.0,0.0,0.0,0.0,0.0,0.0,1.0E-4,18640.0,9.551999999999999E25,5913.0,1243.0,81.54,202600.0,673.0,812.8,12410.0,4072.0,2417.0,0.3167,1.007E-4,55.89,182.2,4.891,3.315,0.08566,0.03388,3.816,1.069,0.3055,0.004054,41.54,144.8,28.41,0.3864,1.878E-5,3.282E-4,1.074E-4,0.01617,0.004466,7.919E-4,19.42,1875.0,1.561,5.631,5.745,0.3159,0.1259,0.03442,3.74,0.9603,0.2113,0.0,0.0,0.0,0.0,0.0,0.0,0.0,0.0,0.0,0.0,0.0,0.4509,269.6,2.534,0.4256,0.06865,1.096,0.286,0.03892,2.889,0.7679,0.2945,6.57E-6,1605.0,7.986E-4,7.32E-5,5.661E-6,1.125E-4,3.659E-6,7.45E-7,3.429E-5,9.464E-6,4.668E-6,
0.0,0.0,0.0,0.0,0.0,0.0,0.0,0.0,0.0,0.0,0.0,0.0,0.0,0.0,0.0,0.0,0.0,0.0,0.0,0.0,0.0,0.0,2.8E-6,0.001843,0.0897,3.018,1.224,0.01596,1.483E-6,2.881E-4,4.616E-5,0.02024,0.004404,3.998E-4,0.0,0.0,0.0,0.0,0.0,0.0,0.0,0.0,0.0,0.0,0.0,0.0,0.0,0.0,0.0,0.0,0.0,0.0,0.0,0.0,0.0,0.0,2.3E-22,0.0,4.001,0.001848,0.01539,0.0,0.01654,0.008959,0.7643,0.177,0.01462,0.0,0.0,0.0,0.0,0.0,0.0,0.0,0.0,0.0,0.0,0.0,0.0,0.0,0.0,0.0,0.0,0.0,0.0,0.0,0.0,0.0,0.0,0.0,0.0,0.0,0.0,0.0,0.0,0.0,0.0,0.0,0.0,0.0,0.0,0.0,0.0,0.0,0.0,0.0,0.0,0.0,0.0,0.0,0.0,0.0,0.0,1.0E-4,18640.0,9.551999999999999E25,5913.0,1243.0,81.54,202600.0,673.0,812.8,12410.0,4072.0,2417.0,0.3167,9.972E-5,55.89,182.2,4.891,3.315,0.08566,0.03388,3.816,1.069,0.3055,0.004054,41.12,144.8,28.41,0.3864,1.878E-5,3.282E-4,1.074E-4,0.01617,0.004466,7.919E-4,19.42,1876.0,1.561,5.631,5.745,0.3159,0.1259,0.03442,3.74,0.9603,0.2113,0.0,0.0,0.0,0.0,0.0,0.0,0.0,0.0,0.0,0.0,0.0,0.4509,269.6,2.534,0.4256,0.06865,1.096,0.286,0.03892,2.889,0.7679,0.2945,6.57E-6,1606.0,7.986E-4,7.32E-5,5.661E-6,1.125E-4,3.659E-6,7.45E-7,3.429E-5,9.464E-6,4.668E-6,
0.0,0.0,0.0,0.0,0.0,0.0,0.0,0.0,0.0,0.0,0.0,0.0,0.0,0.0,0.0,0.0,0.0,0.0,0.0,0.0,0.0,0.0,2.8E-6,0.001843,0.08973,3.018,1.224,0.01596,1.483E-6,2.881E-4,4.616E-5,0.02024,0.004404,3.998E-4,0.0,0.0,0.0,0.0,0.0,0.0,0.0,0.0,0.0,0.0,0.0,0.0,0.0,0.0,0.0,0.0,0.0,0.0,0.0,0.0,0.0,0.0,2.3E-22,0.0,4.001,0.001848,0.01539,0.0,0.01654,0.008959,0.7643,0.177,0.01462,0.0,0.0,0.0,0.0,0.0,0.0,0.0,0.0,0.0,0.0,0.0,0.0,0.0,0.0,0.0,0.0,0.0,0.0,0.0,0.0,0.0,0.0,0.0,0.0,0.0,0.0,0.0,0.0,0.0,0.0,0.0,0.0,0.0,0.0,0.0,0.0,0.0,0.0,0.0,0.0,0.0,0.0,0.0,0.0,0.0,0.0,1.0E-4,18640.0,9.551999999999999E25,5913.0,1243.0,81.54,202600.0,673.0,812.8,12410.0,4072.0,2417.0,0.3167,9.873E-5,55.89,182.2,4.891,3.315,0.08566,0.03388,3.816,1.069,0.3055,0.004054,40.72,144.8,28.41,0.3864,1.878E-5,3.282E-4,1.074E-4,0.01617,0.004466,7.919E-4,19.42,1876.0,1.561,5.631,5.745,0.3159,0.1259,0.03442,3.74,0.9603,0.2113,0.0,0.0,0.0,0.0,0.0,0.0,0.0,0.0,0.0,0.0,0.0,0.4509,269.6,2.534,0.4256,0.06865,1.096,0.286,0.03892,2.889,0.7679,0.2945,6.57E-6,1606.0,7.986E-4,7.32E-5,5.661E-6,1.125E-4,3.659E-6,7.45E-7,3.429E-5,9.464E-6,4.668E-6,
0.0,0.0,0.0,0.0,0.0,0.0,0.0,0.0,0.0,0.0,0.0,0.0,0.0,0.0,0.0,0.0,0.0,0.0,0.0,0.0,0.0,0.0,2.8E-6,0.001843,0.08975,3.018,1.224,0.01596,1.483E-6,2.881E-4,4.616E-5,0.02024,0.004404,3.998E-4,0.0,0.0,0.0,0.0,0.0,0.0,0.0,0.0,0.0,0.0,0.0,0.0,0.0,0.0,0.0,0.0,0.0,0.0,0.0,0.0,0.0,0.0,2.3E-22,0.0,4.001,0.001848,0.01539,0.0,0.01654,0.008959,0.7643,0.177,0.01462,0.0,0.0,0.0,0.0,0.0,0.0,0.0,0.0,0.0,0.0,0.0,0.0,0.0,0.0,0.0,0.0,0.0,0.0,0.0,0.0,0.0,0.0,0.0,0.0,0.0,0.0,0.0,0.0,0.0,0.0,0.0,0.0,0.0,0.0,0.0,0.0,0.0,0.0,0.0,0.0,0.0,0.0,0.0,0.0,0.0,0.0,1.0E-4,18640.0,9.551999999999999E25,5913.0,1243.0,81.54,202600.0,673.0,812.8,12410.0,4072.0,2417.0,0.3167,9.775E-5,55.89,182.2,4.891,3.315,0.08566,0.03388,3.816,1.069,0.3055,0.004054,40.31,144.8,28.41,0.3864,1.878E-5,3.282E-4,1.074E-4,0.01617,0.004466,7.919E-4,19.42,1876.0,1.561,5.631,5.745,0.3159,0.1259,0.03442,3.74,0.9603,0.2113,0.0,0.0,0.0,0.0,0.0,0.0,0.0,0.0,0.0,0.0,0.0,0.4509,269.6,2.534,0.4256,0.06865,1.096,0.286,0.03892,2.889,0.7679,0.2945,6.57E-6,1607.0,7.986E-4,7.32E-5,5.661E-6,1.125E-4,3.659E-6,7.45E-7,3.429E-5,9.464E-6,4.668E-6,
0.0,0.0,0.0,0.0,0.0,0.0,0.0,0.0,0.0,0.0,0.0,0.0,0.0,0.0,0.0,0.0,0.0,0.0,0.0,0.0,0.0,0.0,2.8E-6,0.001843,0.08977,3.018,1.224,0.01596,1.483E-6,2.881E-4,4.616E-5,0.02024,0.004404,3.998E-4,0.0,0.0,0.0,0.0,0.0,0.0,0.0,0.0,0.0,0.0,0.0,0.0,0.0,0.0,0.0,0.0,0.0,0.0,0.0,0.0,0.0,0.0,2.3E-22,0.0,4.001,0.001848,0.01539,0.0,0.01654,0.008959,0.7643,0.177,0.01462,0.0,0.0,0.0,0.0,0.0,0.0,0.0,0.0,0.0,0.0,0.0,0.0,0.0,0.0,0.0,0.0,0.0,0.0,0.0,0.0,0.0,0.0,0.0,0.0,0.0,0.0,0.0,0.0,0.0,0.0,0.0,0.0,0.0,0.0,0.0,0.0,0.0,0.0,0.0,0.0,0.0,0.0,0.0,0.0,0.0,0.0,1.0E-4,18640.0,9.551999999999999E25,5913.0,1243.0,81.54,202600.0,673.0,812.8,12410.0,4072.0,2417.0,0.3167,9.677E-5,55.89,182.2,4.891,3.315,0.08566,0.03388,3.816,1.069,0.3055,0.004054,39.91,144.8,28.41,0.3864,1.878E-5,3.282E-4,1.074E-4,0.01617,0.004466,7.919E-4,19.42,1877.0,1.561,5.631,5.745,0.3159,0.1259,0.03442,3.74,0.9603,0.2113,0.0,0.0,0.0,0.0,0.0,0.0,0.0,0.0,0.0,0.0,0.0,0.4509,269.6,2.534,0.4256,0.06865,1.096,0.286,0.03892,2.889,0.7679,0.2945,6.57E-6,1607.0,7.986E-4,7.32E-5,5.661E-6,1.125E-4,3.659E-6,7.45E-7,3.429E-5,9.464E-6,4.668E-6,
0.0,0.0,0.0,0.0,0.0,0.0,0.0,0.0,0.0,0.0,0.0,0.0,0.0,0.0,0.0,0.0,0.0,0.0,0.0,0.0,0.0,0.0,2.8E-6,0.001843,0.08979,3.018,1.224,0.01596,1.483E-6,2.881E-4,4.616E-5,0.02024,0.004404,3.998E-4,0.0,0.0,0.0,0.0,0.0,0.0,0.0,0.0,0.0,0.0,0.0,0.0,0.0,0.0,0.0,0.0,0.0,0.0,0.0,0.0,0.0,0.0,2.3E-22,0.0,4.001,0.001848,0.01539,0.0,0.01654,0.008959,0.7643,0.177,0.01462,0.0,0.0,0.0,0.0,0.0,0.0,0.0,0.0,0.0,0.0,0.0,0.0,0.0,0.0,0.0,0.0,0.0,0.0,0.0,0.0,0.0,0.0,0.0,0.0,0.0,0.0,0.0,0.0,0.0,0.0,0.0,0.0,0.0,0.0,0.0,0.0,0.0,0.0,0.0,0.0,0.0,0.0,0.0,0.0,0.0,0.0,1.0E-4,18640.0,9.551999999999999E25,5913.0,1243.0,81.54,202600.0,673.0,812.8,12410.0,4072.0,2417.0,0.3167,9.581E-5,55.89,182.2,4.891,3.315,0.08566,0.03388,3.816,1.069,0.3055,0.004054,39.51,144.8,28.41,0.3864,1.878E-5,3.282E-4,1.074E-4,0.01617,0.004466,7.919E-4,19.42,1877.0,1.561,5.631,5.745,0.3159,0.1259,0.03442,3.74,0.9603,0.2113,0.0,0.0,0.0,0.0,0.0,0.0,0.0,0.0,0.0,0.0,0.0,0.4509,269.6,2.534,0.4256,0.06865,1.096,0.286,0.03892,2.889,0.7679,0.2945,6.57E-6,1608.0,7.986E-4,7.32E-5,5.661E-6,1.125E-4,3.659E-6,7.45E-7,3.429E-5,9.464E-6,4.668E-6,
0.0,0.0,0.0,0.0,0.0,0.0,0.0,0.0,0.0,0.0,0.0,0.0,0.0,0.0,0.0,0.0,0.0,0.0,0.0,0.0,0.0,0.0,2.8E-6,0.001843,0.08981,3.018,1.224,0.01596,1.483E-6,2.881E-4,4.616E-5,0.02024,0.004404,3.998E-4,0.0,0.0,0.0,0.0,0.0,0.0,0.0,0.0,0.0,0.0,0.0,0.0,0.0,0.0,0.0,0.0,0.0,0.0,0.0,0.0,0.0,0.0,2.3E-22,0.0,4.001,0.001848,0.01539,0.0,0.01654,0.008959,0.7643,0.177,0.01462,0.0,0.0,0.0,0.0,0.0,0.0,0.0,0.0,0.0,0.0,0.0,0.0,0.0,0.0,0.0,0.0,0.0,0.0,0.0,0.0,0.0,0.0,0.0,0.0,0.0,0.0,0.0,0.0,0.0,0.0,0.0,0.0,0.0,0.0,0.0,0.0,0.0,0.0,0.0,0.0,0.0,0.0,0.0,0.0,0.0,0.0,1.0E-4,18640.0,9.551999999999999E25,5913.0,1243.0,81.54,202600.0,673.0,812.8,12410.0,4072.0,2417.0,0.3167,9.486E-5,55.89,182.2,4.891,3.315,0.08566,0.03388,3.816,1.069,0.3055,0.004054,39.12,144.8,28.41,0.3864,1.878E-5,3.282E-4,1.074E-4,0.01617,0.004466,7.919E-4,19.42,1878.0,1.561,5.631,5.745,0.3159,0.1259,0.03442,3.74,0.9603,0.2113,0.0,0.0,0.0,0.0,0.0,0.0,0.0,0.0,0.0,0.0,0.0,0.4509,269.6,2.534,0.4256,0.06865,1.096,0.286,0.03892,2.889,0.7679,0.2945,6.57E-6,1608.0,7.986E-4,7.32E-5,5.661E-6,1.125E-4,3.659E-6,7.45E-7,3.429E-5,9.464E-6,4.668E-6,
0.0,0.0,0.0,0.0,0.0,0.0,0.0,0.0,0.0,0.0,0.0,0.0,0.0,0.0,0.0,0.0,0.0,0.0,0.0,0.0,0.0,0.0,2.8E-6,0.001843,0.08984,3.018,1.224,0.01596,1.483E-6,2.881E-4,4.616E-5,0.02024,0.004404,3.998E-4,0.0,0.0,0.0,0.0,0.0,0.0,0.0,0.0,0.0,0.0,0.0,0.0,0.0,0.0,0.0,0.0,0.0,0.0,0.0,0.0,0.0,0.0,2.3E-22,0.0,4.001,0.001848,0.01539,0.0,0.01654,0.008959,0.7643,0.177,0.01462,0.0,0.0,0.0,0.0,0.0,0.0,0.0,0.0,0.0,0.0,0.0,0.0,0.0,0.0,0.0,0.0,0.0,0.0,0.0,0.0,0.0,0.0,0.0,0.0,0.0,0.0,0.0,0.0,0.0,0.0,0.0,0.0,0.0,0.0,0.0,0.0,0.0,0.0,0.0,0.0,0.0,0.0,0.0,0.0,0.0,0.0,1.0E-4,18640.0,9.551999999999999E25,5913.0,1243.0,81.54,202600.0,673.0,812.8,12410.0,4072.0,2417.0,0.3167,9.391E-5,55.89,182.2,4.891,3.315,0.08566,0.03388,3.816,1.069,0.3055,0.004054,38.73,144.8,28.41,0.3864,1.878E-5,3.282E-4,1.074E-4,0.01617,0.004466,7.919E-4,19.42,1878.0,1.561,5.631,5.745,0.3159,0.1259,0.03442,3.74,0.9603,0.2113,0.0,0.0,0.0,0.0,0.0,0.0,0.0,0.0,0.0,0.0,0.0,0.4509,269.6,2.534,0.4256,0.06865,1.096,0.286,0.03892,2.889,0.7679,0.2945,6.57E-6,1608.0,7.986E-4,7.32E-5,5.661E-6,1.125E-4,3.659E-6,7.45E-7,3.429E-5,9.464E-6,4.668E-6,
0.0,0.0,0.0,0.0,0.0,0.0,0.0,0.0,0.0,0.0,0.0,0.0,0.0,0.0,0.0,0.0,0.0,0.0,0.0,0.0,0.0,0.0,2.8E-6,0.001843,0.08986,3.018,1.224,0.01596,1.483E-6,2.881E-4,4.616E-5,0.02024,0.004404,3.998E-4,0.0,0.0,0.0,0.0,0.0,0.0,0.0,0.0,0.0,0.0,0.0,0.0,0.0,0.0,0.0,0.0,0.0,0.0,0.0,0.0,0.0,0.0,2.3E-22,0.0,4.001,0.001848,0.01539,0.0,0.01654,0.008959,0.7643,0.177,0.01462,0.0,0.0,0.0,0.0,0.0,0.0,0.0,0.0,0.0,0.0,0.0,0.0,0.0,0.0,0.0,0.0,0.0,0.0,0.0,0.0,0.0,0.0,0.0,0.0,0.0,0.0,0.0,0.0,0.0,0.0,0.0,0.0,0.0,0.0,0.0,0.0,0.0,0.0,0.0,0.0,0.0,0.0,0.0,0.0,0.0,0.0,1.0E-4,18640.0,9.551999999999999E25,5913.0,1243.0,81.54,202600.0,673.0,812.8,12410.0,4072.0,2417.0,0.3167,9.298E-5,55.89,182.2,4.891,3.315,0.08566,0.03388,3.816,1.069,0.3055,0.004054,38.34,144.8,28.41,0.3864,1.878E-5,3.282E-4,1.074E-4,0.01617,0.004466,7.919E-4,19.42,1878.0,1.561,5.631,5.745,0.3159,0.1259,0.03442,3.74,0.9603,0.2113,0.0,0.0,0.0,0.0,0.0,0.0,0.0,0.0,0.0,0.0,0.0,0.4509,269.6,2.534,0.4256,0.06865,1.096,0.286,0.03892,2.889,0.7679,0.2945,6.57E-6,1609.0,7.986E-4,7.32E-5,5.661E-6,1.125E-4,3.659E-6,7.45E-7,3.429E-5,9.464E-6,4.668E-6,
0.0,0.0,0.0,0.0,0.0,0.0,0.0,0.0,0.0,0.0,0.0,0.0,0.0,0.0,0.0,0.0,0.0,0.0,0.0,0.0,0.0,0.0,2.8E-6,0.001843,0.08988,3.018,1.224,0.01596,1.483E-6,2.881E-4,4.616E-5,0.02024,0.004404,3.998E-4,0.0,0.0,0.0,0.0,0.0,0.0,0.0,0.0,0.0,0.0,0.0,0.0,0.0,0.0,0.0,0.0,0.0,0.0,0.0,0.0,0.0,0.0,2.3E-22,0.0,4.001,0.001848,0.01539,0.0,0.01654,0.008959,0.7643,0.177,0.01462,0.0,0.0,0.0,0.0,0.0,0.0,0.0,0.0,0.0,0.0,0.0,0.0,0.0,0.0,0.0,0.0,0.0,0.0,0.0,0.0,0.0,0.0,0.0,0.0,0.0,0.0,0.0,0.0,0.0,0.0,0.0,0.0,0.0,0.0,0.0,0.0,0.0,0.0,0.0,0.0,0.0,0.0,0.0,0.0,0.0,0.0,1.0E-4,18640.0,9.551999999999999E25,5913.0,1243.0,81.54,202600.0,673.0,812.8,12410.0,4072.0,2417.0,0.3167,9.205E-5,55.89,182.2,4.891,3.315,0.08566,0.03388,3.816,1.069,0.3055,0.004054,37.96,144.8,28.41,0.3864,1.878E-5,3.282E-4,1.074E-4,0.01617,0.004466,7.919E-4,19.42,1879.0,1.561,5.631,5.745,0.3159,0.1259,0.03442,3.74,0.9603,0.2113,0.0,0.0,0.0,0.0,0.0,0.0,0.0,0.0,0.0,0.0,0.0,0.4509,269.6,2.534,0.4256,0.06865,1.096,0.286,0.03892,2.889,0.7679,0.2945,6.57E-6,1609.0,7.986E-4,7.32E-5,5.661E-6,1.125E-4,3.659E-6,7.45E-7,3.429E-5,9.464E-6,4.668E-6,
0.0,0.0,0.0,0.0,0.0,0.0,0.0,0.0,0.0,0.0,0.0,0.0,0.0,0.0,0.0,0.0,0.0,0.0,0.0,0.0,0.0,0.0,2.8E-6,0.001843,0.0899,3.018,1.224,0.01596,1.483E-6,2.881E-4,4.616E-5,0.02024,0.004404,3.998E-4,0.0,0.0,0.0,0.0,0.0,0.0,0.0,0.0,0.0,0.0,0.0,0.0,0.0,0.0,0.0,0.0,0.0,0.0,0.0,0.0,0.0,0.0,2.3E-22,0.0,4.001,0.001848,0.01539,0.0,0.01654,0.008959,0.7643,0.177,0.01462,0.0,0.0,0.0,0.0,0.0,0.0,0.0,0.0,0.0,0.0,0.0,0.0,0.0,0.0,0.0,0.0,0.0,0.0,0.0,0.0,0.0,0.0,0.0,0.0,0.0,0.0,0.0,0.0,0.0,0.0,0.0,0.0,0.0,0.0,0.0,0.0,0.0,0.0,0.0,0.0,0.0,0.0,0.0,0.0,0.0,0.0,1.0E-4,18640.0,9.551999999999999E25,5913.0,1243.0,81.54,202600.0,673.0,812.8,12410.0,4072.0,2417.0,0.3167,9.114E-5,55.89,182.2,4.891,3.315,0.08566,0.03388,3.816,1.069,0.3055,0.004054,37.58,144.8,28.41,0.3864,1.878E-5,3.282E-4,1.074E-4,0.01617,0.004466,7.919E-4,19.42,1879.0,1.561,5.631,5.745,0.3159,0.1259,0.03442,3.74,0.9603,0.2113,0.0,0.0,0.0,0.0,0.0,0.0,0.0,0.0,0.0,0.0,0.0,0.4509,269.6,2.534,0.4256,0.06865,1.096,0.286,0.03892,2.889,0.7679,0.2945,6.57E-6,1609.0,7.986E-4,7.32E-5,5.661E-6,1.125E-4,3.659E-6,7.45E-7,3.429E-5,9.464E-6,4.668E-6,
0.0,0.0,0.0,0.0,0.0,0.0,0.0,0.0,0.0,0.0,0.0,0.0,0.0,0.0,0.0,0.0,0.0,0.0,0.0,0.0,0.0,0.0,2.8E-6,0.001843,0.08992,3.018,1.224,0.01596,1.483E-6,2.881E-4,4.616E-5,0.02024,0.004404,3.998E-4,0.0,0.0,0.0,0.0,0.0,0.0,0.0,0.0,0.0,0.0,0.0,0.0,0.0,0.0,0.0,0.0,0.0,0.0,0.0,0.0,0.0,0.0,2.3E-22,0.0,4.001,0.001848,0.01539,0.0,0.01654,0.008959,0.7643,0.177,0.01462,0.0,0.0,0.0,0.0,0.0,0.0,0.0,0.0,0.0,0.0,0.0,0.0,0.0,0.0,0.0,0.0,0.0,0.0,0.0,0.0,0.0,0.0,0.0,0.0,0.0,0.0,0.0,0.0,0.0,0.0,0.0,0.0,0.0,0.0,0.0,0.0,0.0,0.0,0.0,0.0,0.0,0.0,0.0,0.0,0.0,0.0,1.0E-4,18640.0,9.551999999999999E25,5913.0,1243.0,81.54,202600.0,673.0,812.8,12410.0,4072.0,2417.0,0.3167,9.023E-5,55.89,182.2,4.891,3.315,0.08566,0.03388,3.816,1.069,0.3055,0.004054,37.21,144.8,28.41,0.3864,1.878E-5,3.282E-4,1.074E-4,0.01617,0.004466,7.919E-4,19.42,1880.0,1.561,5.631,5.745,0.3159,0.1259,0.03442,3.74,0.9603,0.2113,0.0,0.0,0.0,0.0,0.0,0.0,0.0,0.0,0.0,0.0,0.0,0.4509,269.6,2.534,0.4256,0.06865,1.096,0.286,0.03892,2.889,0.7679,0.2945,6.57E-6,1610.0,7.986E-4,7.32E-5,5.661E-6,1.125E-4,3.659E-6,7.45E-7,3.429E-5,9.464E-6,4.668E-6,
0.0,0.0,0.0,0.0,0.0,0.0,0.0,0.0,0.0,0.0,0.0,0.0,0.0,0.0,0.0,0.0,0.0,0.0,0.0,0.0,0.0,0.0,2.8E-6,0.001843,0.08994,3.018,1.224,0.01596,1.483E-6,2.881E-4,4.616E-5,0.02024,0.004404,3.998E-4,0.0,0.0,0.0,0.0,0.0,0.0,0.0,0.0,0.0,0.0,0.0,0.0,0.0,0.0,0.0,0.0,0.0,0.0,0.0,0.0,0.0,0.0,2.3E-22,0.0,4.001,0.001848,0.01539,0.0,0.01654,0.008959,0.7643,0.177,0.01462,0.0,0.0,0.0,0.0,0.0,0.0,0.0,0.0,0.0,0.0,0.0,0.0,0.0,0.0,0.0,0.0,0.0,0.0,0.0,0.0,0.0,0.0,0.0,0.0,0.0,0.0,0.0,0.0,0.0,0.0,0.0,0.0,0.0,0.0,0.0,0.0,0.0,0.0,0.0,0.0,0.0,0.0,0.0,0.0,0.0,0.0,1.0E-4,18640.0,9.551999999999999E25,5913.0,1243.0,81.54,202600.0,673.0,812.8,12410.0,4072.0,2417.0,0.3167,8.933E-5,55.89,182.2,4.891,3.315,0.08566,0.03388,3.816,1.069,0.3055,0.004054,36.84,144.8,28.41,0.3864,1.878E-5,3.282E-4,1.074E-4,0.01617,0.004466,7.919E-4,19.42,1880.0,1.561,5.631,5.745,0.3159,0.1259,0.03442,3.74,0.9603,0.2113,0.0,0.0,0.0,0.0,0.0,0.0,0.0,0.0,0.0,0.0,0.0,0.4509,269.6,2.534,0.4256,0.06865,1.096,0.286,0.03892,2.889,0.7679,0.2945,6.57E-6,1610.0,7.986E-4,7.32E-5,5.661E-6,1.125E-4,3.659E-6,7.45E-7,3.429E-5,9.464E-6,4.668E-6,
0.0,0.0,0.0,0.0,0.0,0.0,0.0,0.0,0.0,0.0,0.0,0.0,0.0,0.0,0.0,0.0,0.0,0.0,0.0,0.0,0.0,0.0,2.8E-6,0.001843,0.08996,3.018,1.224,0.01596,1.483E-6,2.881E-4,4.616E-5,0.02024,0.004404,3.998E-4,0.0,0.0,0.0,0.0,0.0,0.0,0.0,0.0,0.0,0.0,0.0,0.0,0.0,0.0,0.0,0.0,0.0,0.0,0.0,0.0,0.0,0.0,2.3E-22,0.0,4.001,0.001848,0.01539,0.0,0.01654,0.008959,0.7643,0.177,0.01462,0.0,0.0,0.0,0.0,0.0,0.0,0.0,0.0,0.0,0.0,0.0,0.0,0.0,0.0,0.0,0.0,0.0,0.0,0.0,0.0,0.0,0.0,0.0,0.0,0.0,0.0,0.0,0.0,0.0,0.0,0.0,0.0,0.0,0.0,0.0,0.0,0.0,0.0,0.0,0.0,0.0,0.0,0.0,0.0,0.0,0.0,1.0E-4,18640.0,9.551999999999999E25,5913.0,1243.0,81.54,202600.0,673.0,812.8,12410.0,4072.0,2417.0,0.3167,8.844E-5,55.89,182.2,4.891,3.315,0.08566,0.03388,3.816,1.069,0.3055,0.004054,36.47,144.8,28.41,0.3864,1.878E-5,3.282E-4,1.074E-4,0.01617,0.004466,7.919E-4,19.42,1880.0,1.561,5.631,5.745,0.3159,0.1259,0.03442,3.74,0.9603,0.2113,0.0,0.0,0.0,0.0,0.0,0.0,0.0,0.0,0.0,0.0,0.0,0.4509,269.6,2.534,0.4256,0.06865,1.096,0.286,0.03892,2.889,0.7679,0.2945,6.57E-6,1611.0,7.986E-4,7.32E-5,5.661E-6,1.125E-4,3.659E-6,7.45E-7,3.429E-5,9.464E-6,4.668E-6,
0.0,0.0,0.0,0.0,0.0,0.0,0.0,0.0,0.0,0.0,0.0,0.0,0.0,0.0,0.0,0.0,0.0,0.0,0.0,0.0,0.0,0.0,2.8E-6,0.001843,0.08998,3.018,1.224,0.01596,1.483E-6,2.881E-4,4.616E-5,0.02024,0.004404,3.998E-4,0.0,0.0,0.0,0.0,0.0,0.0,0.0,0.0,0.0,0.0,0.0,0.0,0.0,0.0,0.0,0.0,0.0,0.0,0.0,0.0,0.0,0.0,2.3E-22,0.0,4.001,0.001848,0.01539,0.0,0.01654,0.008959,0.7643,0.177,0.01462,0.0,0.0,0.0,0.0,0.0,0.0,0.0,0.0,0.0,0.0,0.0,0.0,0.0,0.0,0.0,0.0,0.0,0.0,0.0,0.0,0.0,0.0,0.0,0.0,0.0,0.0,0.0,0.0,0.0,0.0,0.0,0.0,0.0,0.0,0.0,0.0,0.0,0.0,0.0,0.0,0.0,0.0,0.0,0.0,0.0,0.0,1.0E-4,18640.0,9.551999999999999E25,5913.0,1243.0,81.54,202600.0,673.0,812.8,12410.0,4072.0,2417.0,0.3167,8.756E-5,55.89,182.2,4.891,3.315,0.08566,0.03388,3.816,1.069,0.3055,0.004054,36.11,144.8,28.41,0.3864,1.878E-5,3.282E-4,1.074E-4,0.01617,0.004466,7.919E-4,19.42,1881.0,1.561,5.631,5.745,0.3159,0.1259,0.03442,3.74,0.9603,0.2113,0.0,0.0,0.0,0.0,0.0,0.0,0.0,0.0,0.0,0.0,0.0,0.4509,269.6,2.534,0.4256,0.06865,1.096,0.286,0.03892,2.889,0.7679,0.2945,6.57E-6,1611.0,7.986E-4,7.32E-5,5.661E-6,1.125E-4,3.659E-6,7.45E-7,3.429E-5,9.464E-6,4.668E-6,
0.0,0.0,0.0,0.0,0.0,0.0,0.0,0.0,0.0,0.0,0.0,0.0,0.0,0.0,0.0,0.0,0.0,0.0,0.0,0.0,0.0,0.0,2.8E-6,0.001843,0.09,3.018,1.224,0.01596,1.483E-6,2.881E-4,4.616E-5,0.02024,0.004404,3.998E-4,0.0,0.0,0.0,0.0,0.0,0.0,0.0,0.0,0.0,0.0,0.0,0.0,0.0,0.0,0.0,0.0,0.0,0.0,0.0,0.0,0.0,0.0,2.3E-22,0.0,4.001,0.001848,0.01539,0.0,0.01654,0.008959,0.7643,0.177,0.01462,0.0,0.0,0.0,0.0,0.0,0.0,0.0,0.0,0.0,0.0,0.0,0.0,0.0,0.0,0.0,0.0,0.0,0.0,0.0,0.0,0.0,0.0,0.0,0.0,0.0,0.0,0.0,0.0,0.0,0.0,0.0,0.0,0.0,0.0,0.0,0.0,0.0,0.0,0.0,0.0,0.0,0.0,0.0,0.0,0.0,0.0,1.0E-4,18640.0,9.551999999999999E25,5913.0,1243.0,81.54,202600.0,673.0,812.8,12410.0,4072.0,2417.0,0.3167,8.669E-5,55.89,182.2,4.891,3.315,0.08566,0.03388,3.816,1.069,0.3055,0.004054,35.75,144.8,28.41,0.3864,1.878E-5,3.282E-4,1.074E-4,0.01617,0.004466,7.919E-4,19.42,1881.0,1.561,5.631,5.745,0.3159,0.1259,0.03442,3.74,0.9603,0.2113,0.0,0.0,0.0,0.0,0.0,0.0,0.0,0.0,0.0,0.0,0.0,0.4509,269.6,2.534,0.4256,0.06865,1.096,0.286,0.03892,2.889,0.7679,0.2945,6.57E-6,1611.0,7.986E-4,7.32E-5,5.661E-6,1.125E-4,3.659E-6,7.45E-7,3.429E-5,9.464E-6,4.668E-6,
0.0,0.0,0.0,0.0,0.0,0.0,0.0,0.0,0.0,0.0,0.0,0.0,0.0,0.0,0.0,0.0,0.0,0.0,0.0,0.0,0.0,0.0,2.8E-6,0.001843,0.09002,3.018,1.224,0.01596,1.483E-6,2.881E-4,4.616E-5,0.02024,0.004404,3.998E-4,0.0,0.0,0.0,0.0,0.0,0.0,0.0,0.0,0.0,0.0,0.0,0.0,0.0,0.0,0.0,0.0,0.0,0.0,0.0,0.0,0.0,0.0,2.3E-22,0.0,4.001,0.001848,0.01539,0.0,0.01654,0.008959,0.7643,0.177,0.01462,0.0,0.0,0.0,0.0,0.0,0.0,0.0,0.0,0.0,0.0,0.0,0.0,0.0,0.0,0.0,0.0,0.0,0.0,0.0,0.0,0.0,0.0,0.0,0.0,0.0,0.0,0.0,0.0,0.0,0.0,0.0,0.0,0.0,0.0,0.0,0.0,0.0,0.0,0.0,0.0,0.0,0.0,0.0,0.0,0.0,0.0,1.0E-4,18640.0,9.551999999999999E25,5913.0,1243.0,81.54,202600.0,673.0,812.8,12410.0,4072.0,2417.0,0.3167,8.583E-5,55.89,182.2,4.891,3.315,0.08566,0.03388,3.816,1.069,0.3055,0.004054,35.4,144.8,28.41,0.3864,1.878E-5,3.282E-4,1.074E-4,0.01617,0.004466,7.919E-4,19.42,1881.0,1.561,5.631,5.745,0.3159,0.1259,0.03442,3.74,0.9603,0.2113,0.0,0.0,0.0,0.0,0.0,0.0,0.0,0.0,0.0,0.0,0.0,0.4509,269.6,2.534,0.4256,0.06865,1.096,0.286,0.03892,2.889,0.7679,0.2945,6.57E-6,1612.0,7.986E-4,7.32E-5,5.661E-6,1.125E-4,3.659E-6,7.45E-7,3.429E-5,9.464E-6,4.668E-6,
0.0,0.0,0.0,0.0,0.0,0.0,0.0,0.0,0.0,0.0,0.0,0.0,0.0,0.0,0.0,0.0,0.0,0.0,0.0,0.0,0.0,0.0,2.8E-6,0.001843,0.09004,3.018,1.224,0.01596,1.483E-6,2.881E-4,4.616E-5,0.02024,0.004404,3.998E-4,0.0,0.0,0.0,0.0,0.0,0.0,0.0,0.0,0.0,0.0,0.0,0.0,0.0,0.0,0.0,0.0,0.0,0.0,0.0,0.0,0.0,0.0,2.3E-22,0.0,4.001,0.001848,0.01539,0.0,0.01654,0.008959,0.7643,0.177,0.01462,0.0,0.0,0.0,0.0,0.0,0.0,0.0,0.0,0.0,0.0,0.0,0.0,0.0,0.0,0.0,0.0,0.0,0.0,0.0,0.0,0.0,0.0,0.0,0.0,0.0,0.0,0.0,0.0,0.0,0.0,0.0,0.0,0.0,0.0,0.0,0.0,0.0,0.0,0.0,0.0,0.0,0.0,0.0,0.0,0.0,0.0,1.0E-4,18640.0,9.551999999999999E25,5913.0,1243.0,81.54,202600.0,673.0,812.8,12410.0,4072.0,2417.0,0.3167,8.498E-5,55.89,182.2,4.891,3.315,0.08566,0.03388,3.816,1.069,0.3055,0.004054,35.04,144.8,28.41,0.3864,1.878E-5,3.282E-4,1.074E-4,0.01617,0.004466,7.919E-4,19.42,1882.0,1.561,5.631,5.745,0.3159,0.1259,0.03442,3.74,0.9603,0.2113,0.0,0.0,0.0,0.0,0.0,0.0,0.0,0.0,0.0,0.0,0.0,0.4509,269.6,2.534,0.4256,0.06865,1.096,0.286,0.03892,2.889,0.7679,0.2945,6.57E-6,1612.0,7.986E-4,7.32E-5,5.661E-6,1.125E-4,3.659E-6,7.45E-7,3.429E-5,9.464E-6,4.668E-6,
0.0,0.0,0.0,0.0,0.0,0.0,0.0,0.0,0.0,0.0,0.0,0.0,0.0,0.0,0.0,0.0,0.0,0.0,0.0,0.0,0.0,0.0,2.8E-6,0.001843,0.09006,3.018,1.224,0.01596,1.483E-6,2.881E-4,4.616E-5,0.02024,0.004404,3.998E-4,0.0,0.0,0.0,0.0,0.0,0.0,0.0,0.0,0.0,0.0,0.0,0.0,0.0,0.0,0.0,0.0,0.0,0.0,0.0,0.0,0.0,0.0,2.3E-22,0.0,4.001,0.001848,0.01539,0.0,0.01654,0.008959,0.7643,0.177,0.01462,0.0,0.0,0.0,0.0,0.0,0.0,0.0,0.0,0.0,0.0,0.0,0.0,0.0,0.0,0.0,0.0,0.0,0.0,0.0,0.0,0.0,0.0,0.0,0.0,0.0,0.0,0.0,0.0,0.0,0.0,0.0,0.0,0.0,0.0,0.0,0.0,0.0,0.0,0.0,0.0,0.0,0.0,0.0,0.0,0.0,0.0,1.0E-4,18640.0,9.551999999999999E25,5913.0,1243.0,81.54,202600.0,673.0,812.8,12410.0,4072.0,2417.0,0.3167,8.413E-5,55.89,182.2,4.891,3.315,0.08566,0.03388,3.816,1.069,0.3055,0.004054,34.69,144.8,28.41,0.3864,1.878E-5,3.282E-4,1.074E-4,0.01617,0.004466,7.919E-4,19.42,1882.0,1.561,5.631,5.745,0.3159,0.1259,0.03442,3.74,0.9603,0.2113,0.0,0.0,0.0,0.0,0.0,0.0,0.0,0.0,0.0,0.0,0.0,0.4509,269.6,2.534,0.4256,0.06865,1.096,0.286,0.03892,2.889,0.7679,0.2945,6.57E-6,1612.0,7.986E-4,7.32E-5,5.661E-6,1.125E-4,3.659E-6,7.45E-7,3.429E-5,9.464E-6,4.668E-6,
0.0,0.0,0.0,0.0,0.0,0.0,0.0,0.0,0.0,0.0,0.0,0.0,0.0,0.0,0.0,0.0,0.0,0.0,0.0,0.0,0.0,0.0,2.8E-6,0.001843,0.09008,3.018,1.224,0.01596,1.483E-6,2.881E-4,4.616E-5,0.02024,0.004404,3.998E-4,0.0,0.0,0.0,0.0,0.0,0.0,0.0,0.0,0.0,0.0,0.0,0.0,0.0,0.0,0.0,0.0,0.0,0.0,0.0,0.0,0.0,0.0,2.3E-22,0.0,4.001,0.001848,0.01539,0.0,0.01654,0.008959,0.7643,0.177,0.01462,0.0,0.0,0.0,0.0,0.0,0.0,0.0,0.0,0.0,0.0,0.0,0.0,0.0,0.0,0.0,0.0,0.0,0.0,0.0,0.0,0.0,0.0,0.0,0.0,0.0,0.0,0.0,0.0,0.0,0.0,0.0,0.0,0.0,0.0,0.0,0.0,0.0,0.0,0.0,0.0,0.0,0.0,0.0,0.0,0.0,0.0,1.0E-4,18640.0,9.551999999999999E25,5913.0,1243.0,81.54,202600.0,673.0,812.8,12410.0,4072.0,2417.0,0.3167,8.329E-5,55.89,182.2,4.891,3.315,0.08566,0.03388,3.816,1.069,0.3055,0.004054,34.35,144.8,28.41,0.3864,1.878E-5,3.282E-4,1.074E-4,0.01617,0.004466,7.919E-4,19.42,1882.0,1.561,5.631,5.745,0.3159,0.1259,0.03442,3.74,0.9603,0.2113,0.0,0.0,0.0,0.0,0.0,0.0,0.0,0.0,0.0,0.0,0.0,0.4509,269.6,2.534,0.4256,0.06865,1.096,0.286,0.03892,2.889,0.7679,0.2945,6.57E-6,1613.0,7.986E-4,7.32E-5,5.661E-6,1.125E-4,3.659E-6,7.45E-7,3.429E-5,9.464E-6,4.668E-6,
0.0,0.0,0.0,0.0,0.0,0.0,0.0,0.0,0.0,0.0,0.0,0.0,0.0,0.0,0.0,0.0,0.0,0.0,0.0,0.0,0.0,0.0,2.8E-6,0.001843,0.0901,3.018,1.224,0.01596,1.483E-6,2.881E-4,4.616E-5,0.02024,0.004404,3.998E-4,0.0,0.0,0.0,0.0,0.0,0.0,0.0,0.0,0.0,0.0,0.0,0.0,0.0,0.0,0.0,0.0,0.0,0.0,0.0,0.0,0.0,0.0,2.3E-22,0.0,4.001,0.001848,0.01539,0.0,0.01654,0.008959,0.7643,0.177,0.01462,0.0,0.0,0.0,0.0,0.0,0.0,0.0,0.0,0.0,0.0,0.0,0.0,0.0,0.0,0.0,0.0,0.0,0.0,0.0,0.0,0.0,0.0,0.0,0.0,0.0,0.0,0.0,0.0,0.0,0.0,0.0,0.0,0.0,0.0,0.0,0.0,0.0,0.0,0.0,0.0,0.0,0.0,0.0,0.0,0.0,0.0,1.0E-4,18640.0,9.551999999999999E25,5913.0,1243.0,81.54,202600.0,673.0,812.8,12410.0,4072.0,2417.0,0.3167,8.246E-5,55.89,182.2,4.891,3.315,0.08566,0.03388,3.816,1.069,0.3055,0.004054,34.01,144.8,28.41,0.3864,1.878E-5,3.282E-4,1.074E-4,0.01617,0.004466,7.919E-4,19.42,1883.0,1.561,5.631,5.745,0.3159,0.1259,0.03442,3.74,0.9603,0.2113,0.0,0.0,0.0,0.0,0.0,0.0,0.0,0.0,0.0,0.0,0.0,0.4509,269.6,2.534,0.4256,0.06865,1.096,0.286,0.03892,2.889,0.7679,0.2945,6.57E-6,1613.0,7.986E-4,7.32E-5,5.661E-6,1.125E-4,3.659E-6,7.45E-7,3.429E-5,9.464E-6,4.668E-6,
0.0,0.0,0.0,0.0,0.0,0.0,0.0,0.0,0.0,0.0,0.0,0.0,0.0,0.0,0.0,0.0,0.0,0.0,0.0,0.0,0.0,0.0,2.8E-6,0.001843,0.09012,3.018,1.224,0.01596,1.483E-6,2.881E-4,4.616E-5,0.02024,0.004404,3.998E-4,0.0,0.0,0.0,0.0,0.0,0.0,0.0,0.0,0.0,0.0,0.0,0.0,0.0,0.0,0.0,0.0,0.0,0.0,0.0,0.0,0.0,0.0,2.3E-22,0.0,4.001,0.001848,0.01539,0.0,0.01654,0.008959,0.7643,0.177,0.01462,0.0,0.0,0.0,0.0,0.0,0.0,0.0,0.0,0.0,0.0,0.0,0.0,0.0,0.0,0.0,0.0,0.0,0.0,0.0,0.0,0.0,0.0,0.0,0.0,0.0,0.0,0.0,0.0,0.0,0.0,0.0,0.0,0.0,0.0,0.0,0.0,0.0,0.0,0.0,0.0,0.0,0.0,0.0,0.0,0.0,0.0,1.0E-4,18640.0,9.551999999999999E25,5913.0,1243.0,81.54,202600.0,673.0,812.8,12410.0,4072.0,2417.0,0.3167,8.164E-5,55.89,182.2,4.891,3.315,0.08566,0.03388,3.816,1.069,0.3055,0.004054,33.67,144.8,28.41,0.3864,1.878E-5,3.282E-4,1.074E-4,0.01617,0.004466,7.919E-4,19.42,1883.0,1.561,5.631,5.745,0.3159,0.1259,0.03442,3.74,0.9603,0.2113,0.0,0.0,0.0,0.0,0.0,0.0,0.0,0.0,0.0,0.0,0.0,0.4509,269.6,2.534,0.4256,0.06865,1.096,0.286,0.03892,2.889,0.7679,0.2945,6.57E-6,1613.0,7.986E-4,7.32E-5,5.661E-6,1.125E-4,3.659E-6,7.45E-7,3.429E-5,9.464E-6,4.668E-6,
0.0,0.0,0.0,0.0,0.0,0.0,0.0,0.0,0.0,0.0,0.0,0.0,0.0,0.0,0.0,0.0,0.0,0.0,0.0,0.0,0.0,0.0,2.8E-6,0.001843,0.09014,3.018,1.224,0.01596,1.483E-6,2.881E-4,4.616E-5,0.02024,0.004404,3.998E-4,0.0,0.0,0.0,0.0,0.0,0.0,0.0,0.0,0.0,0.0,0.0,0.0,0.0,0.0,0.0,0.0,0.0,0.0,0.0,0.0,0.0,0.0,2.3E-22,0.0,4.001,0.001848,0.01539,0.0,0.01654,0.008959,0.7643,0.177,0.01462,0.0,0.0,0.0,0.0,0.0,0.0,0.0,0.0,0.0,0.0,0.0,0.0,0.0,0.0,0.0,0.0,0.0,0.0,0.0,0.0,0.0,0.0,0.0,0.0,0.0,0.0,0.0,0.0,0.0,0.0,0.0,0.0,0.0,0.0,0.0,0.0,0.0,0.0,0.0,0.0,0.0,0.0,0.0,0.0,0.0,0.0,1.0E-4,18640.0,9.551999999999999E25,5913.0,1243.0,81.54,202600.0,673.0,812.8,12410.0,4072.0,2417.0,0.3167,8.083E-5,55.89,182.2,4.891,3.315,0.08566,0.03388,3.816,1.069,0.3055,0.004054,33.33,144.8,28.41,0.3864,1.878E-5,3.282E-4,1.074E-4,0.01617,0.004466,7.919E-4,19.42,1883.0,1.561,5.631,5.745,0.3159,0.1259,0.03442,3.74,0.9603,0.2113,0.0,0.0,0.0,0.0,0.0,0.0,0.0,0.0,0.0,0.0,0.0,0.4509,269.6,2.534,0.4256,0.06865,1.096,0.286,0.03892,2.889,0.7679,0.2945,6.57E-6,1614.0,7.986E-4,7.32E-5,5.661E-6,1.125E-4,3.659E-6,7.45E-7,3.429E-5,9.464E-6,4.668E-6,
0.0,0.0,0.0,0.0,0.0,0.0,0.0,0.0,0.0,0.0,0.0,0.0,0.0,0.0,0.0,0.0,0.0,0.0,0.0,0.0,0.0,0.0,2.8E-6,0.001843,0.09016,3.018,1.224,0.01596,1.483E-6,2.881E-4,4.616E-5,0.02024,0.004404,3.998E-4,0.0,0.0,0.0,0.0,0.0,0.0,0.0,0.0,0.0,0.0,0.0,0.0,0.0,0.0,0.0,0.0,0.0,0.0,0.0,0.0,0.0,0.0,2.3E-22,0.0,4.001,0.001848,0.01539,0.0,0.01654,0.008959,0.7643,0.177,0.01462,0.0,0.0,0.0,0.0,0.0,0.0,0.0,0.0,0.0,0.0,0.0,0.0,0.0,0.0,0.0,0.0,0.0,0.0,0.0,0.0,0.0,0.0,0.0,0.0,0.0,0.0,0.0,0.0,0.0,0.0,0.0,0.0,0.0,0.0,0.0,0.0,0.0,0.0,0.0,0.0,0.0,0.0,0.0,0.0,0.0,0.0,1.0E-4,18640.0,9.551999999999999E25,5913.0,1243.0,81.54,202600.0,673.0,812.8,12410.0,4072.0,2417.0,0.3167,8.003E-5,55.89,182.2,4.891,3.315,0.08566,0.03388,3.816,1.069,0.3055,0.004054,33.0,144.8,28.41,0.3864,1.878E-5,3.282E-4,1.074E-4,0.01617,0.004466,7.919E-4,19.42,1884.0,1.561,5.631,5.745,0.3159,0.1259,0.03442,3.74,0.9603,0.2113,0.0,0.0,0.0,0.0,0.0,0.0,0.0,0.0,0.0,0.0,0.0,0.4509,269.6,2.534,0.4256,0.06865,1.096,0.286,0.03892,2.889,0.7679,0.2945,6.57E-6,1614.0,7.986E-4,7.32E-5,5.661E-6,1.125E-4,3.659E-6,7.45E-7,3.429E-5,9.464E-6,4.668E-6,
0.0,0.0,0.0,0.0,0.0,0.0,0.0,0.0,0.0,0.0,0.0,0.0,0.0,0.0,0.0,0.0,0.0,0.0,0.0,0.0,0.0,0.0,2.8E-6,0.001843,0.09017,3.018,1.224,0.01596,1.483E-6,2.881E-4,4.616E-5,0.02024,0.004404,3.998E-4,0.0,0.0,0.0,0.0,0.0,0.0,0.0,0.0,0.0,0.0,0.0,0.0,0.0,0.0,0.0,0.0,0.0,0.0,0.0,0.0,0.0,0.0,2.3E-22,0.0,4.001,0.001848,0.01539,0.0,0.01654,0.008959,0.7643,0.177,0.01462,0.0,0.0,0.0,0.0,0.0,0.0,0.0,0.0,0.0,0.0,0.0,0.0,0.0,0.0,0.0,0.0,0.0,0.0,0.0,0.0,0.0,0.0,0.0,0.0,0.0,0.0,0.0,0.0,0.0,0.0,0.0,0.0,0.0,0.0,0.0,0.0,0.0,0.0,0.0,0.0,0.0,0.0,0.0,0.0,0.0,0.0,1.0E-4,18640.0,9.551999999999999E25,5913.0,1243.0,81.54,202600.0,673.0,812.8,12410.0,4072.0,2417.0,0.3167,7.923E-5,55.89,182.2,4.891,3.315,0.08566,0.03388,3.816,1.069,0.3055,0.004054,32.67,144.8,28.41,0.3864,1.878E-5,3.282E-4,1.074E-4,0.01617,0.004466,7.919E-4,19.42,1884.0,1.561,5.631,5.745,0.3159,0.1259,0.03442,3.74,0.9603,0.2113,0.0,0.0,0.0,0.0,0.0,0.0,0.0,0.0,0.0,0.0,0.0,0.4509,269.6,2.534,0.4256,0.06865,1.096,0.286,0.03892,2.889,0.7679,0.2945,6.57E-6,1614.0,7.986E-4,7.32E-5,5.661E-6,1.125E-4,3.659E-6,7.45E-7,3.429E-5,9.464E-6,4.668E-6,
0.0,0.0,0.0,0.0,0.0,0.0,0.0,0.0,0.0,0.0,0.0,0.0,0.0,0.0,0.0,0.0,0.0,0.0,0.0,0.0,0.0,0.0,2.8E-6,0.001843,0.09019,3.018,1.224,0.01596,1.483E-6,2.881E-4,4.616E-5,0.02024,0.004404,3.998E-4,0.0,0.0,0.0,0.0,0.0,0.0,0.0,0.0,0.0,0.0,0.0,0.0,0.0,0.0,0.0,0.0,0.0,0.0,0.0,0.0,0.0,0.0,2.3E-22,0.0,4.001,0.001848,0.01539,0.0,0.01654,0.008959,0.7643,0.177,0.01462,0.0,0.0,0.0,0.0,0.0,0.0,0.0,0.0,0.0,0.0,0.0,0.0,0.0,0.0,0.0,0.0,0.0,0.0,0.0,0.0,0.0,0.0,0.0,0.0,0.0,0.0,0.0,0.0,0.0,0.0,0.0,0.0,0.0,0.0,0.0,0.0,0.0,0.0,0.0,0.0,0.0,0.0,0.0,0.0,0.0,0.0,1.0E-4,18640.0,9.551999999999999E25,5913.0,1243.0,81.54,202600.0,673.0,812.8,12410.0,4072.0,2417.0,0.3167,7.844E-5,55.89,182.2,4.891,3.315,0.08566,0.03388,3.816,1.069,0.3055,0.004054,32.35,144.8,28.41,0.3864,1.878E-5,3.282E-4,1.074E-4,0.01617,0.004466,7.919E-4,19.42,1884.0,1.561,5.631,5.745,0.3159,0.1259,0.03442,3.74,0.9603,0.2113,0.0,0.0,0.0,0.0,0.0,0.0,0.0,0.0,0.0,0.0,0.0,0.4509,269.6,2.534,0.4256,0.06865,1.096,0.286,0.03892,2.889,0.7679,0.2945,6.57E-6,1615.0,7.986E-4,7.32E-5,5.661E-6,1.125E-4,3.659E-6,7.45E-7,3.429E-5,9.464E-6,4.668E-6,
0.0,0.0,0.0,0.0,0.0,0.0,0.0,0.0,0.0,0.0,0.0,0.0,0.0,0.0,0.0,0.0,0.0,0.0,0.0,0.0,0.0,0.0,2.8E-6,0.001843,0.09021,3.018,1.224,0.01596,1.483E-6,2.881E-4,4.616E-5,0.02024,0.004404,3.998E-4,0.0,0.0,0.0,0.0,0.0,0.0,0.0,0.0,0.0,0.0,0.0,0.0,0.0,0.0,0.0,0.0,0.0,0.0,0.0,0.0,0.0,0.0,2.3E-22,0.0,4.001,0.001848,0.01539,0.0,0.01654,0.008959,0.7643,0.177,0.01462,0.0,0.0,0.0,0.0,0.0,0.0,0.0,0.0,0.0,0.0,0.0,0.0,0.0,0.0,0.0,0.0,0.0,0.0,0.0,0.0,0.0,0.0,0.0,0.0,0.0,0.0,0.0,0.0,0.0,0.0,0.0,0.0,0.0,0.0,0.0,0.0,0.0,0.0,0.0,0.0,0.0,0.0,0.0,0.0,0.0,0.0,1.0E-4,18640.0,9.551999999999999E25,5913.0,1243.0,81.54,202600.0,673.0,812.8,12410.0,4072.0,2417.0,0.3167,7.766E-5,55.89,182.2,4.891,3.315,0.08566,0.03388,3.816,1.069,0.3055,0.004054,32.03,144.8,28.41,0.3864,1.878E-5,3.282E-4,1.074E-4,0.01617,0.004466,7.919E-4,19.42,1885.0,1.561,5.631,5.745,0.3159,0.1259,0.03442,3.74,0.9603,0.2113,0.0,0.0,0.0,0.0,0.0,0.0,0.0,0.0,0.0,0.0,0.0,0.4509,269.6,2.534,0.4256,0.06865,1.096,0.286,0.03892,2.889,0.7679,0.2945,6.57E-6,1615.0,7.986E-4,7.32E-5,5.661E-6,1.125E-4,3.659E-6,7.45E-7,3.429E-5,9.464E-6,4.668E-6,
0.0,0.0,0.0,0.0,0.0,0.0,0.0,0.0,0.0,0.0,0.0,0.0,0.0,0.0,0.0,0.0,0.0,0.0,0.0,0.0,0.0,0.0,2.8E-6,0.001843,0.09023,3.018,1.224,0.01596,1.483E-6,2.881E-4,4.616E-5,0.02024,0.004404,3.998E-4,0.0,0.0,0.0,0.0,0.0,0.0,0.0,0.0,0.0,0.0,0.0,0.0,0.0,0.0,0.0,0.0,0.0,0.0,0.0,0.0,0.0,0.0,2.3E-22,0.0,4.001,0.001848,0.01539,0.0,0.01654,0.008959,0.7643,0.177,0.01462,0.0,0.0,0.0,0.0,0.0,0.0,0.0,0.0,0.0,0.0,0.0,0.0,0.0,0.0,0.0,0.0,0.0,0.0,0.0,0.0,0.0,0.0,0.0,0.0,0.0,0.0,0.0,0.0,0.0,0.0,0.0,0.0,0.0,0.0,0.0,0.0,0.0,0.0,0.0,0.0,0.0,0.0,0.0,0.0,0.0,0.0,1.0E-4,18640.0,9.551999999999999E25,5913.0,1243.0,81.54,202600.0,673.0,812.8,12410.0,4072.0,2417.0,0.3167,7.689E-5,55.89,182.2,4.891,3.315,0.08566,0.03388,3.816,1.069,0.3055,0.004054,31.71,144.8,28.41,0.3864,1.878E-5,3.282E-4,1.074E-4,0.01617,0.004466,7.919E-4,19.42,1885.0,1.561,5.631,5.745,0.3159,0.1259,0.03442,3.74,0.9603,0.2113,0.0,0.0,0.0,0.0,0.0,0.0,0.0,0.0,0.0,0.0,0.0,0.4509,269.6,2.534,0.4256,0.06865,1.096,0.286,0.03892,2.889,0.7679,0.2945,6.57E-6,1615.0,7.986E-4,7.32E-5,5.661E-6,1.125E-4,3.659E-6,7.45E-7,3.429E-5,9.464E-6,4.668E-6,
0.0,0.0,0.0,0.0,0.0,0.0,0.0,0.0,0.0,0.0,0.0,0.0,0.0,0.0,0.0,0.0,0.0,0.0,0.0,0.0,0.0,0.0,2.8E-6,0.001843,0.09025,3.018,1.224,0.01596,1.483E-6,2.881E-4,4.616E-5,0.02024,0.004404,3.998E-4,0.0,0.0,0.0,0.0,0.0,0.0,0.0,0.0,0.0,0.0,0.0,0.0,0.0,0.0,0.0,0.0,0.0,0.0,0.0,0.0,0.0,0.0,2.3E-22,0.0,4.001,0.001848,0.01539,0.0,0.01654,0.008959,0.7643,0.177,0.01462,0.0,0.0,0.0,0.0,0.0,0.0,0.0,0.0,0.0,0.0,0.0,0.0,0.0,0.0,0.0,0.0,0.0,0.0,0.0,0.0,0.0,0.0,0.0,0.0,0.0,0.0,0.0,0.0,0.0,0.0,0.0,0.0,0.0,0.0,0.0,0.0,0.0,0.0,0.0,0.0,0.0,0.0,0.0,0.0,0.0,0.0,1.0E-4,18640.0,9.551999999999999E25,5913.0,1243.0,81.54,202600.0,673.0,812.8,12410.0,4072.0,2417.0,0.3167,7.612E-5,55.89,182.2,4.891,3.315,0.08566,0.03388,3.816,1.069,0.3055,0.004054,31.39,144.8,28.41,0.3864,1.878E-5,3.282E-4,1.074E-4,0.01617,0.004466,7.919E-4,19.42,1885.0,1.561,5.631,5.745,0.3159,0.1259,0.03442,3.74,0.9603,0.2113,0.0,0.0,0.0,0.0,0.0,0.0,0.0,0.0,0.0,0.0,0.0,0.4509,269.6,2.534,0.4256,0.06865,1.096,0.286,0.03892,2.889,0.7679,0.2945,6.57E-6,1616.0,7.986E-4,7.32E-5,5.661E-6,1.125E-4,3.659E-6,7.45E-7,3.429E-5,9.464E-6,4.668E-6,
0.0,0.0,0.0,0.0,0.0,0.0,0.0,0.0,0.0,0.0,0.0,0.0,0.0,0.0,0.0,0.0,0.0,0.0,0.0,0.0,0.0,0.0,2.8E-6,0.001843,0.09026,3.018,1.224,0.01596,1.483E-6,2.881E-4,4.616E-5,0.02024,0.004404,3.998E-4,0.0,0.0,0.0,0.0,0.0,0.0,0.0,0.0,0.0,0.0,0.0,0.0,0.0,0.0,0.0,0.0,0.0,0.0,0.0,0.0,0.0,0.0,2.3E-22,0.0,4.001,0.001848,0.01539,0.0,0.01654,0.008959,0.7643,0.177,0.01462,0.0,0.0,0.0,0.0,0.0,0.0,0.0,0.0,0.0,0.0,0.0,0.0,0.0,0.0,0.0,0.0,0.0,0.0,0.0,0.0,0.0,0.0,0.0,0.0,0.0,0.0,0.0,0.0,0.0,0.0,0.0,0.0,0.0,0.0,0.0,0.0,0.0,0.0,0.0,0.0,0.0,0.0,0.0,0.0,0.0,0.0,1.0E-4,18640.0,9.551999999999999E25,5913.0,1243.0,81.54,202600.0,673.0,812.8,12410.0,4072.0,2417.0,0.3167,7.537E-5,55.89,182.2,4.891,3.315,0.08566,0.03388,3.816,1.069,0.3055,0.004054,31.08,144.8,28.41,0.3864,1.878E-5,3.282E-4,1.074E-4,0.01617,0.004466,7.919E-4,19.42,1886.0,1.561,5.631,5.745,0.3159,0.1259,0.03442,3.74,0.9603,0.2113,0.0,0.0,0.0,0.0,0.0,0.0,0.0,0.0,0.0,0.0,0.0,0.4509,269.6,2.534,0.4256,0.06865,1.096,0.286,0.03892,2.889,0.7679,0.2945,6.57E-6,1616.0,7.986E-4,7.32E-5,5.661E-6,1.125E-4,3.659E-6,7.45E-7,3.429E-5,9.464E-6,4.668E-6,
0.0,0.0,0.0,0.0,0.0,0.0,0.0,0.0,0.0,0.0,0.0,0.0,0.0,0.0,0.0,0.0,0.0,0.0,0.0,0.0,0.0,0.0,2.8E-6,0.001843,0.09028,3.018,1.224,0.01596,1.483E-6,2.881E-4,4.616E-5,0.02024,0.004404,3.998E-4,0.0,0.0,0.0,0.0,0.0,0.0,0.0,0.0,0.0,0.0,0.0,0.0,0.0,0.0,0.0,0.0,0.0,0.0,0.0,0.0,0.0,0.0,2.3E-22,0.0,4.001,0.001848,0.01539,0.0,0.01654,0.008959,0.7643,0.177,0.01462,0.0,0.0,0.0,0.0,0.0,0.0,0.0,0.0,0.0,0.0,0.0,0.0,0.0,0.0,0.0,0.0,0.0,0.0,0.0,0.0,0.0,0.0,0.0,0.0,0.0,0.0,0.0,0.0,0.0,0.0,0.0,0.0,0.0,0.0,0.0,0.0,0.0,0.0,0.0,0.0,0.0,0.0,0.0,0.0,0.0,0.0,1.0E-4,18640.0,9.551999999999999E25,5913.0,1243.0,81.54,202600.0,673.0,812.8,12410.0,4072.0,2417.0,0.3167,7.462E-5,55.89,182.2,4.891,3.315,0.08566,0.03388,3.816,1.069,0.3055,0.004054,30.77,144.8,28.41,0.3864,1.878E-5,3.282E-4,1.074E-4,0.01617,0.004466,7.919E-4,19.42,1886.0,1.561,5.631,5.745,0.3159,0.1259,0.03442,3.74,0.9603,0.2113,0.0,0.0,0.0,0.0,0.0,0.0,0.0,0.0,0.0,0.0,0.0,0.4509,269.6,2.534,0.4256,0.06865,1.096,0.286,0.03892,2.889,0.7679,0.2945,6.57E-6,1616.0,7.986E-4,7.32E-5,5.661E-6,1.125E-4,3.659E-6,7.45E-7,3.429E-5,9.464E-6,4.668E-6,
0.0,0.0,0.0,0.0,0.0,0.0,0.0,0.0,0.0,0.0,0.0,0.0,0.0,0.0,0.0,0.0,0.0,0.0,0.0,0.0,0.0,0.0,2.8E-6,0.001843,0.0903,3.018,1.224,0.01596,1.483E-6,2.881E-4,4.616E-5,0.02024,0.004404,3.998E-4,0.0,0.0,0.0,0.0,0.0,0.0,0.0,0.0,0.0,0.0,0.0,0.0,0.0,0.0,0.0,0.0,0.0,0.0,0.0,0.0,0.0,0.0,2.3E-22,0.0,4.001,0.001848,0.01539,0.0,0.01654,0.008959,0.7643,0.177,0.01462,0.0,0.0,0.0,0.0,0.0,0.0,0.0,0.0,0.0,0.0,0.0,0.0,0.0,0.0,0.0,0.0,0.0,0.0,0.0,0.0,0.0,0.0,0.0,0.0,0.0,0.0,0.0,0.0,0.0,0.0,0.0,0.0,0.0,0.0,0.0,0.0,0.0,0.0,0.0,0.0,0.0,0.0,0.0,0.0,0.0,0.0,1.0E-4,18640.0,9.551999999999999E25,5913.0,1243.0,81.54,202600.0,673.0,812.8,12410.0,4072.0,2417.0,0.3167,7.387E-5,55.89,182.2,4.891,3.315,0.08566,0.03388,3.816,1.069,0.3055,0.004054,30.47,144.8,28.41,0.3864,1.878E-5,3.282E-4,1.074E-4,0.01617,0.004466,7.919E-4,19.42,1886.0,1.561,5.631,5.745,0.3159,0.1259,0.03442,3.74,0.9603,0.2113,0.0,0.0,0.0,0.0,0.0,0.0,0.0,0.0,0.0,0.0,0.0,0.4509,269.6,2.534,0.4256,0.06865,1.096,0.286,0.03892,2.889,0.7679,0.2945,6.57E-6,1617.0,7.986E-4,7.32E-5,5.661E-6,1.125E-4,3.659E-6,7.45E-7,3.429E-5,9.464E-6,4.668E-6,
0.0,0.0,0.0,0.0,0.0,0.0,0.0,0.0,0.0,0.0,0.0,0.0,0.0,0.0,0.0,0.0,0.0,0.0,0.0,0.0,0.0,0.0,2.8E-6,0.001843,0.09032,3.018,1.224,0.01596,1.483E-6,2.881E-4,4.616E-5,0.02024,0.004404,3.998E-4,0.0,0.0,0.0,0.0,0.0,0.0,0.0,0.0,0.0,0.0,0.0,0.0,0.0,0.0,0.0,0.0,0.0,0.0,0.0,0.0,0.0,0.0,2.3E-22,0.0,4.001,0.001848,0.01539,0.0,0.01654,0.008959,0.7643,0.177,0.01462,0.0,0.0,0.0,0.0,0.0,0.0,0.0,0.0,0.0,0.0,0.0,0.0,0.0,0.0,0.0,0.0,0.0,0.0,0.0,0.0,0.0,0.0,0.0,0.0,0.0,0.0,0.0,0.0,0.0,0.0,0.0,0.0,0.0,0.0,0.0,0.0,0.0,0.0,0.0,0.0,0.0,0.0,0.0,0.0,0.0,0.0,1.0E-4,18640.0,9.551999999999999E25,5913.0,1243.0,81.54,202600.0,673.0,812.8,12410.0,4072.0,2417.0,0.3167,7.302E-5,55.89,182.2,4.891,3.315,0.08566,0.03388,3.816,1.069,0.3055,0.004054,30.11,144.8,28.41,0.3864,1.878E-5,3.282E-4,1.074E-4,0.01617,0.004466,7.919E-4,19.42,1887.0,1.561,5.631,5.745,0.3159,0.1259,0.03442,3.74,0.9603,0.2113,0.0,0.0,0.0,0.0,0.0,0.0,0.0,0.0,0.0,0.0,0.0,0.4509,269.6,2.534,0.4256,0.06865,1.096,0.286,0.03892,2.889,0.7679,0.2945,6.57E-6,1617.0,7.986E-4,7.32E-5,5.661E-6,1.125E-4,3.659E-6,7.45E-7,3.429E-5,9.464E-6,4.668E-6,
0.0,0.0,0.0,0.0,0.0,0.0,0.0,0.0,0.0,0.0,0.0,0.0,0.0,0.0,0.0,0.0,0.0,0.0,0.0,0.0,0.0,0.0,2.8E-6,0.001843,0.09033,3.018,1.224,0.01596,1.483E-6,2.881E-4,4.616E-5,0.02024,0.004404,3.998E-4,0.0,0.0,0.0,0.0,0.0,0.0,0.0,0.0,0.0,0.0,0.0,0.0,0.0,0.0,0.0,0.0,0.0,0.0,0.0,0.0,0.0,0.0,2.3E-22,0.0,4.001,0.001848,0.01539,0.0,0.01654,0.008959,0.7643,0.177,0.01462,0.0,0.0,0.0,0.0,0.0,0.0,0.0,0.0,0.0,0.0,0.0,0.0,0.0,0.0,0.0,0.0,0.0,0.0,0.0,0.0,0.0,0.0,0.0,0.0,0.0,0.0,0.0,0.0,0.0,0.0,0.0,0.0,0.0,0.0,0.0,0.0,0.0,0.0,0.0,0.0,0.0,0.0,0.0,0.0,0.0,0.0,1.0E-4,18640.0,9.551999999999999E25,5913.0,1243.0,81.54,202600.0,673.0,812.8,12410.0,4072.0,2417.0,0.3167,7.241E-5,55.89,182.2,4.891,3.315,0.08566,0.03388,3.816,1.069,0.3055,0.004054,29.86,144.8,28.41,0.3864,1.878E-5,3.282E-4,1.074E-4,0.01617,0.004466,7.919E-4,19.42,1887.0,1.561,5.631,5.745,0.3159,0.1259,0.03442,3.74,0.9603,0.2113,0.0,0.0,0.0,0.0,0.0,0.0,0.0,0.0,0.0,0.0,0.0,0.4509,269.6,2.534,0.4256,0.06865,1.096,0.286,0.03892,2.889,0.7679,0.2945,6.57E-6,1617.0,7.986E-4,7.32E-5,5.661E-6,1.125E-4,3.659E-6,7.45E-7,3.429E-5,9.464E-6,4.668E-6,
0.0,0.0,0.0,0.0,0.0,0.0,0.0,0.0,0.0,0.0,0.0,0.0,0.0,0.0,0.0,0.0,0.0,0.0,0.0,0.0,0.0,0.0,2.8E-6,0.001843,0.09035,3.018,1.224,0.01596,1.483E-6,2.881E-4,4.616E-5,0.02024,0.004404,3.998E-4,0.0,0.0,0.0,0.0,0.0,0.0,0.0,0.0,0.0,0.0,0.0,0.0,0.0,0.0,0.0,0.0,0.0,0.0,0.0,0.0,0.0,0.0,2.3E-22,0.0,4.001,0.001848,0.01539,0.0,0.01654,0.008959,0.7643,0.177,0.01462,0.0,0.0,0.0,0.0,0.0,0.0,0.0,0.0,0.0,0.0,0.0,0.0,0.0,0.0,0.0,0.0,0.0,0.0,0.0,0.0,0.0,0.0,0.0,0.0,0.0,0.0,0.0,0.0,0.0,0.0,0.0,0.0,0.0,0.0,0.0,0.0,0.0,0.0,0.0,0.0,0.0,0.0,0.0,0.0,0.0,0.0,1.0E-4,18640.0,9.551999999999999E25,5913.0,1243.0,81.54,202600.0,673.0,812.8,12410.0,4072.0,2417.0,0.3167,7.169E-5,55.89,182.2,4.891,3.315,0.08566,0.03388,3.816,1.069,0.3055,0.004054,29.56,144.8,28.41,0.3864,1.878E-5,3.282E-4,1.074E-4,0.01617,0.004466,7.919E-4,19.42,1887.0,1.561,5.631,5.745,0.3159,0.1259,0.03442,3.74,0.9603,0.2113,0.0,0.0,0.0,0.0,0.0,0.0,0.0,0.0,0.0,0.0,0.0,0.4509,269.6,2.534,0.4256,0.06865,1.096,0.286,0.03892,2.889,0.7679,0.2945,6.57E-6,1617.0,7.986E-4,7.32E-5,5.661E-6,1.125E-4,3.659E-6,7.45E-7,3.429E-5,9.464E-6,4.668E-6,
0.0,0.0,0.0,0.0,0.0,0.0,0.0,0.0,0.0,0.0,0.0,0.0,0.0,0.0,0.0,0.0,0.0,0.0,0.0,0.0,0.0,0.0,2.8E-6,0.001843,0.09037,3.018,1.224,0.01596,1.483E-6,2.881E-4,4.616E-5,0.02024,0.004404,3.998E-4,0.0,0.0,0.0,0.0,0.0,0.0,0.0,0.0,0.0,0.0,0.0,0.0,0.0,0.0,0.0,0.0,0.0,0.0,0.0,0.0,0.0,0.0,2.3E-22,0.0,4.001,0.001848,0.01539,0.0,0.01654,0.008959,0.7643,0.177,0.01462,0.0,0.0,0.0,0.0,0.0,0.0,0.0,0.0,0.0,0.0,0.0,0.0,0.0,0.0,0.0,0.0,0.0,0.0,0.0,0.0,0.0,0.0,0.0,0.0,0.0,0.0,0.0,0.0,0.0,0.0,0.0,0.0,0.0,0.0,0.0,0.0,0.0,0.0,0.0,0.0,0.0,0.0,0.0,0.0,0.0,0.0,1.0E-4,18640.0,9.551999999999999E25,5913.0,1243.0,81.54,202600.0,673.0,812.8,12410.0,4072.0,2417.0,0.3167,7.086E-5,55.89,182.2,4.891,3.315,0.08566,0.03388,3.816,1.069,0.3055,0.004054,29.22,144.8,28.41,0.3864,1.878E-5,3.282E-4,1.074E-4,0.01617,0.004466,7.919E-4,19.42,1888.0,1.561,5.631,5.745,0.3159,0.1259,0.03442,3.74,0.9603,0.2113,0.0,0.0,0.0,0.0,0.0,0.0,0.0,0.0,0.0,0.0,0.0,0.4509,269.6,2.534,0.4256,0.06865,1.096,0.286,0.03892,2.889,0.7679,0.2945,6.57E-6,1618.0,7.986E-4,7.32E-5,5.661E-6,1.125E-4,3.659E-6,7.45E-7,3.429E-5,9.464E-6,4.668E-6,
0.0,0.0,0.0,0.0,0.0,0.0,0.0,0.0,0.0,0.0,0.0,0.0,0.0,0.0,0.0,0.0,0.0,0.0,0.0,0.0,0.0,0.0,2.8E-6,0.001843,0.09038,3.018,1.224,0.01596,1.483E-6,2.881E-4,4.616E-5,0.02024,0.004404,3.998E-4,0.0,0.0,0.0,0.0,0.0,0.0,0.0,0.0,0.0,0.0,0.0,0.0,0.0,0.0,0.0,0.0,0.0,0.0,0.0,0.0,0.0,0.0,2.3E-22,0.0,4.001,0.001848,0.01539,0.0,0.01654,0.008959,0.7643,0.177,0.01462,0.0,0.0,0.0,0.0,0.0,0.0,0.0,0.0,0.0,0.0,0.0,0.0,0.0,0.0,0.0,0.0,0.0,0.0,0.0,0.0,0.0,0.0,0.0,0.0,0.0,0.0,0.0,0.0,0.0,0.0,0.0,0.0,0.0,0.0,0.0,0.0,0.0,0.0,0.0,0.0,0.0,0.0,0.0,0.0,0.0,0.0,1.0E-4,18640.0,9.551999999999999E25,5913.0,1243.0,81.54,202600.0,673.0,812.8,12410.0,4072.0,2417.0,0.3167,7.015E-5,55.89,182.2,4.891,3.315,0.08566,0.03388,3.816,1.069,0.3055,0.004054,28.93,144.8,28.41,0.3864,1.878E-5,3.282E-4,1.074E-4,0.01617,0.004466,7.919E-4,19.42,1888.0,1.561,5.631,5.745,0.3159,0.1259,0.03442,3.74,0.9603,0.2113,0.0,0.0,0.0,0.0,0.0,0.0,0.0,0.0,0.0,0.0,0.0,0.4509,269.6,2.534,0.4256,0.06865,1.096,0.286,0.03892,2.889,0.7679,0.2945,6.57E-6,1618.0,7.986E-4,7.32E-5,5.661E-6,1.125E-4,3.659E-6,7.45E-7,3.429E-5,9.464E-6,4.668E-6,
0.0,0.0,0.0,0.0,0.0,0.0,0.0,0.0,0.0,0.0,0.0,0.0,0.0,0.0,0.0,0.0,0.0,0.0,0.0,0.0,0.0,0.0,2.8E-6,0.001843,0.0904,3.018,1.224,0.01596,1.483E-6,2.881E-4,4.616E-5,0.02024,0.004404,3.998E-4,0.0,0.0,0.0,0.0,0.0,0.0,0.0,0.0,0.0,0.0,0.0,0.0,0.0,0.0,0.0,0.0,0.0,0.0,0.0,0.0,0.0,0.0,2.3E-22,0.0,4.001,0.001848,0.01539,0.0,0.01654,0.008959,0.7643,0.177,0.01462,0.0,0.0,0.0,0.0,0.0,0.0,0.0,0.0,0.0,0.0,0.0,0.0,0.0,0.0,0.0,0.0,0.0,0.0,0.0,0.0,0.0,0.0,0.0,0.0,0.0,0.0,0.0,0.0,0.0,0.0,0.0,0.0,0.0,0.0,0.0,0.0,0.0,0.0,0.0,0.0,0.0,0.0,0.0,0.0,0.0,0.0,1.0E-4,18640.0,9.551999999999999E25,5913.0,1243.0,81.54,202600.0,673.0,812.8,12410.0,4072.0,2417.0,0.3167,6.946E-5,55.89,182.2,4.891,3.315,0.08566,0.03388,3.816,1.069,0.3055,0.004054,28.64,144.8,28.41,0.3864,1.878E-5,3.282E-4,1.074E-4,0.01617,0.004466,7.919E-4,19.42,1888.0,1.561,5.631,5.745,0.3159,0.1259,0.03442,3.74,0.9603,0.2113,0.0,0.0,0.0,0.0,0.0,0.0,0.0,0.0,0.0,0.0,0.0,0.4509,269.6,2.534,0.4256,0.06865,1.096,0.286,0.03892,2.889,0.7679,0.2945,6.57E-6,1618.0,7.986E-4,7.32E-5,5.661E-6,1.125E-4,3.659E-6,7.45E-7,3.429E-5,9.464E-6,4.668E-6,
0.0,0.0,0.0,0.0,0.0,0.0,0.0,0.0,0.0,0.0,0.0,0.0,0.0,0.0,0.0,0.0,0.0,0.0,0.0,0.0,0.0,0.0,2.8E-6,0.001843,0.09041,3.018,1.224,0.01596,1.483E-6,2.881E-4,4.616E-5,0.02024,0.004404,3.998E-4,0.0,0.0,0.0,0.0,0.0,0.0,0.0,0.0,0.0,0.0,0.0,0.0,0.0,0.0,0.0,0.0,0.0,0.0,0.0,0.0,0.0,0.0,2.3E-22,0.0,4.001,0.001848,0.01539,0.0,0.01654,0.008959,0.7643,0.177,0.01462,0.0,0.0,0.0,0.0,0.0,0.0,0.0,0.0,0.0,0.0,0.0,0.0,0.0,0.0,0.0,0.0,0.0,0.0,0.0,0.0,0.0,0.0,0.0,0.0,0.0,0.0,0.0,0.0,0.0,0.0,0.0,0.0,0.0,0.0,0.0,0.0,0.0,0.0,0.0,0.0,0.0,0.0,0.0,0.0,0.0,0.0,1.0E-4,18640.0,9.551999999999999E25,5913.0,1243.0,81.54,202600.0,673.0,812.8,12410.0,4072.0,2417.0,0.3167,6.888E-5,55.89,182.2,4.891,3.315,0.08566,0.03388,3.816,1.069,0.3055,0.004054,28.41,144.8,28.41,0.3864,1.878E-5,3.282E-4,1.074E-4,0.01617,0.004466,7.919E-4,19.42,1888.0,1.561,5.631,5.745,0.3159,0.1259,0.03442,3.74,0.9603,0.2113,0.0,0.0,0.0,0.0,0.0,0.0,0.0,0.0,0.0,0.0,0.0,0.4509,269.6,2.534,0.4256,0.06865,1.096,0.286,0.03892,2.889,0.7679,0.2945,6.57E-6,1619.0,7.986E-4,7.32E-5,5.661E-6,1.125E-4,3.659E-6,7.45E-7,3.429E-5,9.464E-6,4.668E-6,
0.0,0.0,0.0,0.0,0.0,0.0,0.0,0.0,0.0,0.0,0.0,0.0,0.0,0.0,0.0,0.0,0.0,0.0,0.0,0.0,0.0,0.0,2.8E-6,0.001843,0.09043,3.018,1.224,0.01596,1.483E-6,2.881E-4,4.616E-5,0.02024,0.004404,3.998E-4,0.0,0.0,0.0,0.0,0.0,0.0,0.0,0.0,0.0,0.0,0.0,0.0,0.0,0.0,0.0,0.0,0.0,0.0,0.0,0.0,0.0,0.0,2.3E-22,0.0,4.001,0.001848,0.01539,0.0,0.01654,0.008959,0.7643,0.177,0.01462,0.0,0.0,0.0,0.0,0.0,0.0,0.0,0.0,0.0,0.0,0.0,0.0,0.0,0.0,0.0,0.0,0.0,0.0,0.0,0.0,0.0,0.0,0.0,0.0,0.0,0.0,0.0,0.0,0.0,0.0,0.0,0.0,0.0,0.0,0.0,0.0,0.0,0.0,0.0,0.0,0.0,0.0,0.0,0.0,0.0,0.0,1.0E-4,18640.0,9.551999999999999E25,5913.0,1243.0,81.54,202600.0,673.0,812.8,12410.0,4072.0,2417.0,0.3167,6.819E-5,55.89,182.2,4.891,3.315,0.08566,0.03388,3.816,1.069,0.3055,0.004054,28.12,144.8,28.41,0.3864,1.878E-5,3.282E-4,1.074E-4,0.01617,0.004466,7.919E-4,19.42,1889.0,1.561,5.631,5.745,0.3159,0.1259,0.03442,3.74,0.9603,0.2113,0.0,0.0,0.0,0.0,0.0,0.0,0.0,0.0,0.0,0.0,0.0,0.4509,269.6,2.534,0.4256,0.06865,1.096,0.286,0.03892,2.889,0.7679,0.2945,6.57E-6,1619.0,7.986E-4,7.32E-5,5.661E-6,1.125E-4,3.659E-6,7.45E-7,3.429E-5,9.464E-6,4.668E-6,
0.0,0.0,0.0,0.0,0.0,0.0,0.0,0.0,0.0,0.0,0.0,0.0,0.0,0.0,0.0,0.0,0.0,0.0,0.0,0.0,0.0,0.0,2.8E-6,0.001843,0.09045,3.018,1.224,0.01596,1.483E-6,2.881E-4,4.616E-5,0.02024,0.004404,3.998E-4,0.0,0.0,0.0,0.0,0.0,0.0,0.0,0.0,0.0,0.0,0.0,0.0,0.0,0.0,0.0,0.0,0.0,0.0,0.0,0.0,0.0,0.0,2.3E-22,0.0,4.001,0.001848,0.01539,0.0,0.01654,0.008959,0.7643,0.177,0.01462,0.0,0.0,0.0,0.0,0.0,0.0,0.0,0.0,0.0,0.0,0.0,0.0,0.0,0.0,0.0,0.0,0.0,0.0,0.0,0.0,0.0,0.0,0.0,0.0,0.0,0.0,0.0,0.0,0.0,0.0,0.0,0.0,0.0,0.0,0.0,0.0,0.0,0.0,0.0,0.0,0.0,0.0,0.0,0.0,0.0,0.0,1.0E-4,18640.0,9.551999999999999E25,5913.0,1243.0,81.54,202600.0,673.0,812.8,12410.0,4072.0,2417.0,0.3167,6.74E-5,55.89,182.2,4.891,3.315,0.08566,0.03388,3.816,1.069,0.3055,0.004054,27.8,144.8,28.41,0.3864,1.878E-5,3.282E-4,1.074E-4,0.01617,0.004466,7.919E-4,19.42,1889.0,1.561,5.631,5.745,0.3159,0.1259,0.03442,3.74,0.9603,0.2113,0.0,0.0,0.0,0.0,0.0,0.0,0.0,0.0,0.0,0.0,0.0,0.4509,269.6,2.534,0.4256,0.06865,1.096,0.286,0.03892,2.889,0.7679,0.2945,6.57E-6,1619.0,7.986E-4,7.32E-5,5.661E-6,1.125E-4,3.659E-6,7.45E-7,3.429E-5,9.464E-6,4.668E-6,
0.0,0.0,0.0,0.0,0.0,0.0,0.0,0.0,0.0,0.0,0.0,0.0,0.0,0.0,0.0,0.0,0.0,0.0,0.0,0.0,0.0,0.0,2.8E-6,0.001843,0.09046,3.018,1.224,0.01596,1.483E-6,2.881E-4,4.616E-5,0.02024,0.004404,3.998E-4,0.0,0.0,0.0,0.0,0.0,0.0,0.0,0.0,0.0,0.0,0.0,0.0,0.0,0.0,0.0,0.0,0.0,0.0,0.0,0.0,0.0,0.0,2.3E-22,0.0,4.001,0.001848,0.01539,0.0,0.01654,0.008959,0.7643,0.177,0.01462,0.0,0.0,0.0,0.0,0.0,0.0,0.0,0.0,0.0,0.0,0.0,0.0,0.0,0.0,0.0,0.0,0.0,0.0,0.0,0.0,0.0,0.0,0.0,0.0,0.0,0.0,0.0,0.0,0.0,0.0,0.0,0.0,0.0,0.0,0.0,0.0,0.0,0.0,0.0,0.0,0.0,0.0,0.0,0.0,0.0,0.0,1.0E-4,18640.0,9.551999999999999E25,5913.0,1243.0,81.54,202600.0,673.0,812.8,12410.0,4072.0,2417.0,0.3167,6.673E-5,55.89,182.2,4.891,3.315,0.08566,0.03388,3.816,1.069,0.3055,0.004054,27.52,144.8,28.41,0.3864,1.878E-5,3.282E-4,1.074E-4,0.01617,0.004466,7.919E-4,19.42,1889.0,1.561,5.631,5.745,0.3159,0.1259,0.03442,3.74,0.9603,0.2113,0.0,0.0,0.0,0.0,0.0,0.0,0.0,0.0,0.0,0.0,0.0,0.4509,269.6,2.534,0.4256,0.06865,1.096,0.286,0.03892,2.889,0.7679,0.2945,6.57E-6,1620.0,7.986E-4,7.32E-5,5.661E-6,1.125E-4,3.659E-6,7.45E-7,3.429E-5,9.464E-6,4.668E-6,
0.0,0.0,0.0,0.0,0.0,0.0,0.0,0.0,0.0,0.0,0.0,0.0,0.0,0.0,0.0,0.0,0.0,0.0,0.0,0.0,0.0,0.0,2.8E-6,0.001843,0.09047,3.018,1.224,0.01596,1.483E-6,2.881E-4,4.616E-5,0.02024,0.004404,3.998E-4,0.0,0.0,0.0,0.0,0.0,0.0,0.0,0.0,0.0,0.0,0.0,0.0,0.0,0.0,0.0,0.0,0.0,0.0,0.0,0.0,0.0,0.0,2.3E-22,0.0,4.001,0.001848,0.01539,0.0,0.01654,0.008959,0.7643,0.177,0.01462,0.0,0.0,0.0,0.0,0.0,0.0,0.0,0.0,0.0,0.0,0.0,0.0,0.0,0.0,0.0,0.0,0.0,0.0,0.0,0.0,0.0,0.0,0.0,0.0,0.0,0.0,0.0,0.0,0.0,0.0,0.0,0.0,0.0,0.0,0.0,0.0,0.0,0.0,0.0,0.0,0.0,0.0,0.0,0.0,0.0,0.0,1.0E-4,18640.0,9.551999999999999E25,5913.0,1243.0,81.54,202600.0,673.0,812.8,12410.0,4072.0,2417.0,0.3167,6.618E-5,55.89,182.2,4.891,3.315,0.08566,0.03388,3.816,1.069,0.3055,0.004054,27.29,144.8,28.41,0.3864,1.878E-5,3.282E-4,1.074E-4,0.01617,0.004466,7.919E-4,19.42,1889.0,1.561,5.631,5.745,0.3159,0.1259,0.03442,3.74,0.9603,0.2113,0.0,0.0,0.0,0.0,0.0,0.0,0.0,0.0,0.0,0.0,0.0,0.4509,269.6,2.534,0.4256,0.06865,1.096,0.286,0.03892,2.889,0.7679,0.2945,6.57E-6,1620.0,7.986E-4,7.32E-5,5.661E-6,1.125E-4,3.659E-6,7.45E-7,3.429E-5,9.464E-6,4.668E-6,
0.0,0.0,0.0,0.0,0.0,0.0,0.0,0.0,0.0,0.0,0.0,0.0,0.0,0.0,0.0,0.0,0.0,0.0,0.0,0.0,0.0,0.0,2.8E-6,0.001843,0.09049,3.018,1.224,0.01596,1.483E-6,2.881E-4,4.616E-5,0.02024,0.004404,3.998E-4,0.0,0.0,0.0,0.0,0.0,0.0,0.0,0.0,0.0,0.0,0.0,0.0,0.0,0.0,0.0,0.0,0.0,0.0,0.0,0.0,0.0,0.0,2.3E-22,0.0,4.001,0.001848,0.01539,0.0,0.01654,0.008959,0.7643,0.177,0.01462,0.0,0.0,0.0,0.0,0.0,0.0,0.0,0.0,0.0,0.0,0.0,0.0,0.0,0.0,0.0,0.0,0.0,0.0,0.0,0.0,0.0,0.0,0.0,0.0,0.0,0.0,0.0,0.0,0.0,0.0,0.0,0.0,0.0,0.0,0.0,0.0,0.0,0.0,0.0,0.0,0.0,0.0,0.0,0.0,0.0,0.0,1.0E-4,18640.0,9.551999999999999E25,5913.0,1243.0,81.54,202600.0,673.0,812.8,12410.0,4072.0,2417.0,0.3167,6.552E-5,55.89,182.2,4.891,3.315,0.08566,0.03388,3.816,1.069,0.3055,0.004054,27.02,144.8,28.41,0.3864,1.878E-5,3.282E-4,1.074E-4,0.01617,0.004466,7.919E-4,19.42,1890.0,1.561,5.631,5.745,0.3159,0.1259,0.03442,3.74,0.9603,0.2113,0.0,0.0,0.0,0.0,0.0,0.0,0.0,0.0,0.0,0.0,0.0,0.4509,269.6,2.534,0.4256,0.06865,1.096,0.286,0.03892,2.889,0.7679,0.2945,6.57E-6,1620.0,7.986E-4,7.32E-5,5.661E-6,1.125E-4,3.659E-6,7.45E-7,3.429E-5,9.464E-6,4.668E-6,
0.0,0.0,0.0,0.0,0.0,0.0,0.0,0.0,0.0,0.0,0.0,0.0,0.0,0.0,0.0,0.0,0.0,0.0,0.0,0.0,0.0,0.0,2.8E-6,0.001843,0.0905,3.018,1.224,0.01596,1.483E-6,2.881E-4,4.616E-5,0.02024,0.004404,3.998E-4,0.0,0.0,0.0,0.0,0.0,0.0,0.0,0.0,0.0,0.0,0.0,0.0,0.0,0.0,0.0,0.0,0.0,0.0,0.0,0.0,0.0,0.0,2.3E-22,0.0,4.001,0.001848,0.01539,0.0,0.01654,0.008959,0.7643,0.177,0.01462,0.0,0.0,0.0,0.0,0.0,0.0,0.0,0.0,0.0,0.0,0.0,0.0,0.0,0.0,0.0,0.0,0.0,0.0,0.0,0.0,0.0,0.0,0.0,0.0,0.0,0.0,0.0,0.0,0.0,0.0,0.0,0.0,0.0,0.0,0.0,0.0,0.0,0.0,0.0,0.0,0.0,0.0,0.0,0.0,0.0,0.0,1.0E-4,18640.0,9.551999999999999E25,5913.0,1243.0,81.54,202600.0,673.0,812.8,12410.0,4072.0,2417.0,0.3167,6.487E-5,55.89,182.2,4.891,3.315,0.08566,0.03388,3.816,1.069,0.3055,0.004054,26.75,144.8,28.41,0.3864,1.878E-5,3.282E-4,1.074E-4,0.01617,0.004466,7.919E-4,19.42,1890.0,1.561,5.631,5.745,0.3159,0.1259,0.03442,3.74,0.9603,0.2113,0.0,0.0,0.0,0.0,0.0,0.0,0.0,0.0,0.0,0.0,0.0,0.4509,269.6,2.534,0.4256,0.06865,1.096,0.286,0.03892,2.889,0.7679,0.2945,6.57E-6,1620.0,7.986E-4,7.32E-5,5.661E-6,1.125E-4,3.659E-6,7.45E-7,3.429E-5,9.464E-6,4.668E-6,
0.0,0.0,0.0,0.0,0.0,0.0,0.0,0.0,0.0,0.0,0.0,0.0,0.0,0.0,0.0,0.0,0.0,0.0,0.0,0.0,0.0,0.0,2.8E-6,0.001843,0.09052,3.018,1.224,0.01596,1.483E-6,2.881E-4,4.616E-5,0.02024,0.004404,3.998E-4,0.0,0.0,0.0,0.0,0.0,0.0,0.0,0.0,0.0,0.0,0.0,0.0,0.0,0.0,0.0,0.0,0.0,0.0,0.0,0.0,0.0,0.0,2.3E-22,0.0,4.001,0.001848,0.01539,0.0,0.01654,0.008959,0.7643,0.177,0.01462,0.0,0.0,0.0,0.0,0.0,0.0,0.0,0.0,0.0,0.0,0.0,0.0,0.0,0.0,0.0,0.0,0.0,0.0,0.0,0.0,0.0,0.0,0.0,0.0,0.0,0.0,0.0,0.0,0.0,0.0,0.0,0.0,0.0,0.0,0.0,0.0,0.0,0.0,0.0,0.0,0.0,0.0,0.0,0.0,0.0,0.0,1.0E-4,18640.0,9.551999999999999E25,5913.0,1243.0,81.54,202600.0,673.0,812.8,12410.0,4072.0,2417.0,0.3167,6.412E-5,55.89,182.2,4.891,3.315,0.08566,0.03388,3.816,1.069,0.3055,0.004054,26.44,144.8,28.41,0.3864,1.878E-5,3.282E-4,1.074E-4,0.01617,0.004466,7.919E-4,19.42,1890.0,1.561,5.631,5.745,0.3159,0.1259,0.03442,3.74,0.9603,0.2113,0.0,0.0,0.0,0.0,0.0,0.0,0.0,0.0,0.0,0.0,0.0,0.4509,269.6,2.534,0.4256,0.06865,1.096,0.286,0.03892,2.889,0.7679,0.2945,6.57E-6,1621.0,7.986E-4,7.32E-5,5.661E-6,1.125E-4,3.659E-6,7.45E-7,3.429E-5,9.464E-6,4.668E-6,
0.0,0.0,0.0,0.0,0.0,0.0,0.0,0.0,0.0,0.0,0.0,0.0,0.0,0.0,0.0,0.0,0.0,0.0,0.0,0.0,0.0,0.0,2.8E-6,0.001843,0.09053,3.018,1.224,0.01596,1.483E-6,2.881E-4,4.616E-5,0.02024,0.004404,3.998E-4,0.0,0.0,0.0,0.0,0.0,0.0,0.0,0.0,0.0,0.0,0.0,0.0,0.0,0.0,0.0,0.0,0.0,0.0,0.0,0.0,0.0,0.0,2.3E-22,0.0,4.001,0.001848,0.01539,0.0,0.01654,0.008959,0.7643,0.177,0.01462,0.0,0.0,0.0,0.0,0.0,0.0,0.0,0.0,0.0,0.0,0.0,0.0,0.0,0.0,0.0,0.0,0.0,0.0,0.0,0.0,0.0,0.0,0.0,0.0,0.0,0.0,0.0,0.0,0.0,0.0,0.0,0.0,0.0,0.0,0.0,0.0,0.0,0.0,0.0,0.0,0.0,0.0,0.0,0.0,0.0,0.0,1.0E-4,18640.0,9.551999999999999E25,5913.0,1243.0,81.54,202600.0,673.0,812.8,12410.0,4072.0,2417.0,0.3167,6.358E-5,55.89,182.2,4.891,3.315,0.08566,0.03388,3.816,1.069,0.3055,0.004054,26.22,144.8,28.41,0.3864,1.878E-5,3.282E-4,1.074E-4,0.01617,0.004466,7.919E-4,19.42,1891.0,1.561,5.631,5.745,0.3159,0.1259,0.03442,3.74,0.9603,0.2113,0.0,0.0,0.0,0.0,0.0,0.0,0.0,0.0,0.0,0.0,0.0,0.4509,269.6,2.534,0.4256,0.06865,1.096,0.286,0.03892,2.889,0.7679,0.2945,6.57E-6,1621.0,7.986E-4,7.32E-5,5.661E-6,1.125E-4,3.659E-6,7.45E-7,3.429E-5,9.464E-6,4.668E-6,
0.0,0.0,0.0,0.0,0.0,0.0,0.0,0.0,0.0,0.0,0.0,0.0,0.0,0.0,0.0,0.0,0.0,0.0,0.0,0.0,0.0,0.0,2.8E-6,0.001843,0.09055,3.018,1.224,0.01596,1.483E-6,2.881E-4,4.616E-5,0.02024,0.004404,3.998E-4,0.0,0.0,0.0,0.0,0.0,0.0,0.0,0.0,0.0,0.0,0.0,0.0,0.0,0.0,0.0,0.0,0.0,0.0,0.0,0.0,0.0,0.0,2.3E-22,0.0,4.001,0.001848,0.01539,0.0,0.01654,0.008959,0.7643,0.177,0.01462,0.0,0.0,0.0,0.0,0.0,0.0,0.0,0.0,0.0,0.0,0.0,0.0,0.0,0.0,0.0,0.0,0.0,0.0,0.0,0.0,0.0,0.0,0.0,0.0,0.0,0.0,0.0,0.0,0.0,0.0,0.0,0.0,0.0,0.0,0.0,0.0,0.0,0.0,0.0,0.0,0.0,0.0,0.0,0.0,0.0,0.0,1.0E-4,18640.0,9.551999999999999E25,5913.0,1243.0,81.54,202600.0,673.0,812.8,12410.0,4072.0,2417.0,0.3167,6.295E-5,55.89,182.2,4.891,3.315,0.08566,0.03388,3.816,1.069,0.3055,0.004054,25.96,144.8,28.41,0.3864,1.878E-5,3.282E-4,1.074E-4,0.01617,0.004466,7.919E-4,19.42,1891.0,1.561,5.631,5.745,0.3159,0.1259,0.03442,3.74,0.9603,0.2113,0.0,0.0,0.0,0.0,0.0,0.0,0.0,0.0,0.0,0.0,0.0,0.4509,269.6,2.534,0.4256,0.06865,1.096,0.286,0.03892,2.889,0.7679,0.2945,6.57E-6,1621.0,7.986E-4,7.32E-5,5.661E-6,1.125E-4,3.659E-6,7.45E-7,3.429E-5,9.464E-6,4.668E-6,
0.0,0.0,0.0,0.0,0.0,0.0,0.0,0.0,0.0,0.0,0.0,0.0,0.0,0.0,0.0,0.0,0.0,0.0,0.0,0.0,0.0,0.0,2.8E-6,0.001843,0.09056,3.018,1.224,0.01596,1.483E-6,2.881E-4,4.616E-5,0.02024,0.004404,3.998E-4,0.0,0.0,0.0,0.0,0.0,0.0,0.0,0.0,0.0,0.0,0.0,0.0,0.0,0.0,0.0,0.0,0.0,0.0,0.0,0.0,0.0,0.0,2.3E-22,0.0,4.001,0.001848,0.01539,0.0,0.01654,0.008959,0.7643,0.177,0.01462,0.0,0.0,0.0,0.0,0.0,0.0,0.0,0.0,0.0,0.0,0.0,0.0,0.0,0.0,0.0,0.0,0.0,0.0,0.0,0.0,0.0,0.0,0.0,0.0,0.0,0.0,0.0,0.0,0.0,0.0,0.0,0.0,0.0,0.0,0.0,0.0,0.0,0.0,0.0,0.0,0.0,0.0,0.0,0.0,0.0,0.0,1.0E-4,18640.0,9.551999999999999E25,5913.0,1243.0,81.54,202600.0,673.0,812.8,12410.0,4072.0,2417.0,0.3167,6.232E-5,55.89,182.2,4.891,3.315,0.08566,0.03388,3.816,1.069,0.3055,0.004054,25.7,144.8,28.41,0.3864,1.878E-5,3.282E-4,1.074E-4,0.01617,0.004466,7.919E-4,19.42,1891.0,1.561,5.631,5.745,0.3159,0.1259,0.03442,3.74,0.9603,0.2113,0.0,0.0,0.0,0.0,0.0,0.0,0.0,0.0,0.0,0.0,0.0,0.4509,269.6,2.534,0.4256,0.06865,1.096,0.286,0.03892,2.889,0.7679,0.2945,6.57E-6,1621.0,7.986E-4,7.32E-5,5.661E-6,1.125E-4,3.659E-6,7.45E-7,3.429E-5,9.464E-6,4.668E-6,
0.0,0.0,0.0,0.0,0.0,0.0,0.0,0.0,0.0,0.0,0.0,0.0,0.0,0.0,0.0,0.0,0.0,0.0,0.0,0.0,0.0,0.0,2.8E-6,0.001843,0.09058,3.018,1.224,0.01596,1.483E-6,2.881E-4,4.616E-5,0.02024,0.004404,3.998E-4,0.0,0.0,0.0,0.0,0.0,0.0,0.0,0.0,0.0,0.0,0.0,0.0,0.0,0.0,0.0,0.0,0.0,0.0,0.0,0.0,0.0,0.0,2.3E-22,0.0,4.001,0.001848,0.01539,0.0,0.01654,0.008959,0.7643,0.177,0.01462,0.0,0.0,0.0,0.0,0.0,0.0,0.0,0.0,0.0,0.0,0.0,0.0,0.0,0.0,0.0,0.0,0.0,0.0,0.0,0.0,0.0,0.0,0.0,0.0,0.0,0.0,0.0,0.0,0.0,0.0,0.0,0.0,0.0,0.0,0.0,0.0,0.0,0.0,0.0,0.0,0.0,0.0,0.0,0.0,0.0,0.0,1.0E-4,18640.0,9.551999999999999E25,5913.0,1243.0,81.54,202600.0,673.0,812.8,12410.0,4072.0,2417.0,0.3167,6.16E-5,55.89,182.2,4.891,3.315,0.08566,0.03388,3.816,1.069,0.3055,0.004054,25.4,144.8,28.41,0.3864,1.878E-5,3.282E-4,1.074E-4,0.01617,0.004466,7.919E-4,19.42,1891.0,1.561,5.631,5.745,0.3159,0.1259,0.03442,3.74,0.9603,0.2113,0.0,0.0,0.0,0.0,0.0,0.0,0.0,0.0,0.0,0.0,0.0,0.4509,269.6,2.534,0.4256,0.06865,1.096,0.286,0.03892,2.889,0.7679,0.2945,6.57E-6,1622.0,7.986E-4,7.32E-5,5.661E-6,1.125E-4,3.659E-6,7.45E-7,3.429E-5,9.464E-6,4.668E-6,
0.0,0.0,0.0,0.0,0.0,0.0,0.0,0.0,0.0,0.0,0.0,0.0,0.0,0.0,0.0,0.0,0.0,0.0,0.0,0.0,0.0,0.0,2.8E-6,0.001843,0.09059,3.018,1.224,0.01596,1.483E-6,2.881E-4,4.616E-5,0.02024,0.004404,3.998E-4,0.0,0.0,0.0,0.0,0.0,0.0,0.0,0.0,0.0,0.0,0.0,0.0,0.0,0.0,0.0,0.0,0.0,0.0,0.0,0.0,0.0,0.0,2.3E-22,0.0,4.001,0.001848,0.01539,0.0,0.01654,0.008959,0.7643,0.177,0.01462,0.0,0.0,0.0,0.0,0.0,0.0,0.0,0.0,0.0,0.0,0.0,0.0,0.0,0.0,0.0,0.0,0.0,0.0,0.0,0.0,0.0,0.0,0.0,0.0,0.0,0.0,0.0,0.0,0.0,0.0,0.0,0.0,0.0,0.0,0.0,0.0,0.0,0.0,0.0,0.0,0.0,0.0,0.0,0.0,0.0,0.0,1.0E-4,18640.0,9.551999999999999E25,5913.0,1243.0,81.54,202600.0,673.0,812.8,12410.0,4072.0,2417.0,0.3167,6.099E-5,55.89,182.2,4.891,3.315,0.08566,0.03388,3.816,1.069,0.3055,0.004054,25.15,144.8,28.41,0.3864,1.878E-5,3.282E-4,1.074E-4,0.01617,0.004466,7.919E-4,19.42,1892.0,1.561,5.631,5.745,0.3159,0.1259,0.03442,3.74,0.9603,0.2113,0.0,0.0,0.0,0.0,0.0,0.0,0.0,0.0,0.0,0.0,0.0,0.4509,269.6,2.534,0.4256,0.06865,1.096,0.286,0.03892,2.889,0.7679,0.2945,6.57E-6,1622.0,7.986E-4,7.32E-5,5.661E-6,1.125E-4,3.659E-6,7.45E-7,3.429E-5,9.464E-6,4.668E-6,
0.0,0.0,0.0,0.0,0.0,0.0,0.0,0.0,0.0,0.0,0.0,0.0,0.0,0.0,0.0,0.0,0.0,0.0,0.0,0.0,0.0,0.0,2.8E-6,0.001843,0.09061,3.018,1.224,0.01596,1.483E-6,2.881E-4,4.616E-5,0.02024,0.004404,3.998E-4,0.0,0.0,0.0,0.0,0.0,0.0,0.0,0.0,0.0,0.0,0.0,0.0,0.0,0.0,0.0,0.0,0.0,0.0,0.0,0.0,0.0,0.0,2.3E-22,0.0,4.001,0.001848,0.01539,0.0,0.01654,0.008959,0.7643,0.177,0.01462,0.0,0.0,0.0,0.0,0.0,0.0,0.0,0.0,0.0,0.0,0.0,0.0,0.0,0.0,0.0,0.0,0.0,0.0,0.0,0.0,0.0,0.0,0.0,0.0,0.0,0.0,0.0,0.0,0.0,0.0,0.0,0.0,0.0,0.0,0.0,0.0,0.0,0.0,0.0,0.0,0.0,0.0,0.0,0.0,0.0,0.0,1.0E-4,18640.0,9.551999999999999E25,5913.0,1243.0,81.54,202600.0,673.0,812.8,12410.0,4072.0,2417.0,0.3167,6.048E-5,55.89,182.2,4.891,3.315,0.08566,0.03388,3.816,1.069,0.3055,0.004054,24.94,144.8,28.41,0.3864,1.878E-5,3.282E-4,1.074E-4,0.01617,0.004466,7.919E-4,19.42,1892.0,1.561,5.631,5.745,0.3159,0.1259,0.03442,3.74,0.9603,0.2113,0.0,0.0,0.0,0.0,0.0,0.0,0.0,0.0,0.0,0.0,0.0,0.4509,269.6,2.534,0.4256,0.06865,1.096,0.286,0.03892,2.889,0.7679,0.2945,6.57E-6,1622.0,7.986E-4,7.32E-5,5.661E-6,1.125E-4,3.659E-6,7.45E-7,3.429E-5,9.464E-6,4.668E-6,
0.0,0.0,0.0,0.0,0.0,0.0,0.0,0.0,0.0,0.0,0.0,0.0,0.0,0.0,0.0,0.0,0.0,0.0,0.0,0.0,0.0,0.0,2.8E-6,0.001843,0.09062,3.018,1.224,0.01596,1.483E-6,2.881E-4,4.616E-5,0.02024,0.004404,3.998E-4,0.0,0.0,0.0,0.0,0.0,0.0,0.0,0.0,0.0,0.0,0.0,0.0,0.0,0.0,0.0,0.0,0.0,0.0,0.0,0.0,0.0,0.0,2.3E-22,0.0,4.001,0.001848,0.01539,0.0,0.01654,0.008959,0.7643,0.177,0.01462,0.0,0.0,0.0,0.0,0.0,0.0,0.0,0.0,0.0,0.0,0.0,0.0,0.0,0.0,0.0,0.0,0.0,0.0,0.0,0.0,0.0,0.0,0.0,0.0,0.0,0.0,0.0,0.0,0.0,0.0,0.0,0.0,0.0,0.0,0.0,0.0,0.0,0.0,0.0,0.0,0.0,0.0,0.0,0.0,0.0,0.0,1.0E-4,18640.0,9.551999999999999E25,5913.0,1243.0,81.54,202600.0,673.0,812.8,12410.0,4072.0,2417.0,0.3167,5.988E-5,55.89,182.2,4.891,3.315,0.08566,0.03388,3.816,1.069,0.3055,0.004054,24.69,144.8,28.41,0.3864,1.878E-5,3.282E-4,1.074E-4,0.01617,0.004466,7.919E-4,19.42,1892.0,1.561,5.631,5.745,0.3159,0.1259,0.03442,3.74,0.9603,0.2113,0.0,0.0,0.0,0.0,0.0,0.0,0.0,0.0,0.0,0.0,0.0,0.4509,269.6,2.534,0.4256,0.06865,1.096,0.286,0.03892,2.889,0.7679,0.2945,6.57E-6,1622.0,7.986E-4,7.32E-5,5.661E-6,1.125E-4,3.659E-6,7.45E-7,3.429E-5,9.464E-6,4.668E-6,
