entropy,entropyInd,RabA,RabB,RabC,RabD,RabE,RabF,RabG,RabH,RabI,xER,xPM,
2.099,0.1682,0.0974,0.05137,0.02968,0.1565,0.08513,0.02249,0.007867,0.1033,0.02925,0.2079,0.2092,
2.097,0.1634,0.09532,0.05055,0.02974,0.1559,0.08481,0.0226,0.007905,0.1038,0.0294,0.209,0.211,
2.097,0.163,0.09554,0.0507,0.02981,0.1522,0.08509,0.02268,0.00793,0.1041,0.0295,0.2107,0.2117,
2.1,0.1762,0.09653,0.05094,0.02994,0.149,0.08539,0.0228,0.007969,0.1047,0.03048,0.211,0.2112,
2.115,0.1653,0.1019,0.05102,0.02999,0.1468,0.08388,0.0228,0.007981,0.1049,0.03743,0.2055,0.2078,
2.115,0.1634,0.1013,0.05097,0.03,0.1461,0.08398,0.02283,0.007989,0.105,0.03747,0.2058,0.2086,
2.114,0.1594,0.1011,0.05063,0.02977,0.1458,0.08377,0.02285,0.007996,0.1051,0.03751,0.206,0.2094,
2.113,0.1604,0.1015,0.05057,0.02974,0.1456,0.0837,0.02283,0.007989,0.105,0.03748,0.2069,0.2087,
2.111,0.1628,0.1012,0.05058,0.02919,0.1447,0.08252,0.02287,0.007968,0.1052,0.03754,0.2072,0.211,
2.112,0.1586,0.1026,0.05038,0.0292,0.1446,0.08117,0.02289,0.007974,0.1053,0.03815,0.2068,0.2109,
2.112,0.17,0.1038,0.05038,0.0292,0.1438,0.07978,0.0229,0.007979,0.1054,0.03864,0.2075,0.2107,
2.111,0.1583,0.1036,0.05026,0.02921,0.1437,0.07901,0.02291,0.00798,0.1054,0.03865,0.2076,0.2118,
2.11,0.1564,0.1036,0.05026,0.02921,0.1436,0.07848,0.02284,0.00798,0.1054,0.03865,0.2076,0.2124,
2.108,0.157,0.1032,0.05012,0.02912,0.1431,0.07752,0.02278,0.007957,0.1051,0.03854,0.2101,0.2125,
2.107,0.1583,0.1031,0.05006,0.02909,0.1429,0.07714,0.02275,0.007948,0.105,0.0385,0.2109,0.2126,
2.105,0.1574,0.1028,0.04991,0.029,0.1425,0.07658,0.02268,0.007923,0.1046,0.03838,0.2134,0.2122,
2.105,0.1877,0.1027,0.0499,0.029,0.1425,0.07659,0.02268,0.007924,0.1047,0.03838,0.2135,0.2122,
2.105,0.1571,0.1038,0.04967,0.02899,0.1421,0.07609,0.02268,0.007921,0.1046,0.03858,0.2142,0.2113,
2.109,0.1516,0.1055,0.04938,0.02894,0.1416,0.07566,0.02264,0.00791,0.1045,0.04106,0.2135,0.2093,
2.108,0.1555,0.1055,0.04917,0.02893,0.1409,0.07565,0.02264,0.007908,0.1045,0.04105,0.2145,0.2093,
2.106,0.1607,0.1049,0.04914,0.02891,0.1405,0.07472,0.02262,0.007903,0.1044,0.04102,0.2155,0.2104,
2.11,0.1731,0.1092,0.04916,0.02892,0.1404,0.07448,0.02263,0.007906,0.1044,0.04153,0.2151,0.2063,
2.114,0.1658,0.1101,0.04907,0.02891,0.14,0.07445,0.02262,0.007903,0.1044,0.04413,0.2134,0.2051,
2.122,0.148,0.1135,0.04897,0.02892,0.1396,0.07451,0.02264,0.00791,0.1045,0.04842,0.2094,0.2017,
2.12,0.1575,0.113,0.04889,0.02893,0.1396,0.07254,0.02266,0.007915,0.1045,0.04845,0.2095,0.2039,
2.12,0.157,0.1122,0.04877,0.02896,0.1398,0.07235,0.02268,0.007924,0.1047,0.0485,0.2097,0.2044,
2.12,0.1501,0.112,0.04879,0.02897,0.1398,0.07211,0.02269,0.007926,0.1047,0.04921,0.2091,0.2047,
2.119,0.1444,0.1115,0.04879,0.02898,0.1398,0.07104,0.02257,0.007898,0.1048,0.04923,0.2092,0.2061,
2.117,0.1363,0.1111,0.04879,0.02851,0.1397,0.07064,0.02259,0.007904,0.1048,0.04927,0.2094,0.2072,
2.118,0.1391,0.112,0.04877,0.02849,0.1395,0.07026,0.02259,0.007904,0.1048,0.04963,0.2101,0.2059,
2.116,0.1375,0.1113,0.04875,0.02821,0.1395,0.06965,0.02268,0.007772,0.1048,0.04961,0.2111,0.2067,
2.118,0.1386,0.1129,0.0487,0.02747,0.1399,0.06999,0.0223,0.008113,0.1056,0.05039,0.2101,0.2046,
2.119,0.14,0.1124,0.04871,0.02753,0.1394,0.06937,0.02242,0.008241,0.1068,0.05086,0.2091,0.2052,
2.119,0.142,0.1114,0.04891,0.02729,0.1384,0.06887,0.02254,0.008495,0.1069,0.05174,0.2097,0.2058,
2.117,0.1502,0.1137,0.04903,0.02701,0.1376,0.06791,0.02447,0.007011,0.1088,0.05013,0.2111,0.2032,
2.122,0.1492,0.113,0.04895,0.02716,0.1368,0.06775,0.02465,0.007154,0.1088,0.05311,0.2087,0.2039,
2.119,0.1498,0.1115,0.04922,0.02691,0.1373,0.06739,0.02451,0.007151,0.1107,0.05116,0.2096,0.2046,
2.118,0.1535,0.1107,0.04934,0.02679,0.137,0.06706,0.02489,0.007278,0.1106,0.05069,0.2106,0.2051,
2.117,0.1675,0.1098,0.04934,0.02689,0.1369,0.06666,0.02505,0.00749,0.1122,0.04893,0.2109,0.2058,
2.116,0.1714,0.1091,0.04932,0.02708,0.1363,0.06614,0.02531,0.007732,0.1124,0.04822,0.212,0.2064,
2.117,0.1647,0.1096,0.04934,0.0272,0.1374,0.06612,0.02495,0.007869,0.1137,0.04801,0.2111,0.2046,
2.114,0.1649,0.1084,0.04953,0.02724,0.138,0.06434,0.0247,0.00797,0.1142,0.04745,0.2113,0.2069,
2.112,0.1603,0.1068,0.04942,0.02729,0.1387,0.06305,0.02453,0.008344,0.1136,0.04737,0.213,0.2078,
2.114,0.1592,0.1079,0.04945,0.02734,0.1382,0.06167,0.02455,0.008993,0.1133,0.04767,0.2127,0.2083,
2.118,0.173,0.1133,0.04941,0.02739,0.1382,0.06107,0.02459,0.009122,0.1132,0.04844,0.2117,0.2036,
2.119,0.1594,0.1121,0.04926,0.0275,0.1382,0.06072,0.02456,0.009366,0.1127,0.04988,0.212,0.2037,
2.15,0.175,0.1118,0.04927,0.02756,0.138,0.05945,0.02457,0.02779,0.09433,0.04991,0.2121,0.2051,
2.148,0.1773,0.111,0.04926,0.02763,0.138,0.05829,0.02456,0.02791,0.09462,0.04943,0.2131,0.2062,
2.153,0.1833,0.1137,0.04924,0.02769,0.1379,0.05742,0.02455,0.02803,0.09569,0.05157,0.2107,0.2035,
2.136,0.1958,0.1132,0.04948,0.02778,0.1379,0.07194,0.01006,0.02817,0.0963,0.05303,0.2086,0.2036,
2.136,0.1719,0.1123,0.0495,0.02693,0.1371,0.07189,0.01018,0.02841,0.09624,0.054,0.2092,0.2043,
2.132,0.1667,0.1116,0.04935,0.02655,0.137,0.07118,0.01003,0.02836,0.09713,0.05285,0.2109,0.2051,
2.132,0.1735,0.1146,0.04928,0.02656,0.137,0.07032,0.0099,0.0286,0.09901,0.05112,0.2114,0.2022,
2.137,0.1732,0.1136,0.04952,0.02657,0.1373,0.07026,0.01002,0.02845,0.09922,0.05498,0.208,0.202,
2.136,0.1822,0.1134,0.04938,0.02662,0.1372,0.07021,0.01001,0.02843,0.1011,0.05299,0.2089,0.2019,
2.134,0.1841,0.1129,0.04967,0.02673,0.1371,0.06979,0.01001,0.02843,0.1055,0.04967,0.2079,0.2023,
2.133,0.1957,0.112,0.0499,0.02628,0.1371,0.06834,0.009889,0.02844,0.1068,0.05073,0.2057,0.2049,
2.135,0.1823,0.1135,0.04996,0.02633,0.1393,0.0684,0.009781,0.02855,0.1069,0.0509,0.206,0.2003,
2.135,0.1792,0.1127,0.05015,0.0264,0.1395,0.06843,0.009785,0.02856,0.1077,0.05026,0.2061,0.2004,
2.136,0.1691,0.1122,0.05008,0.02652,0.1395,0.06858,0.009689,0.02859,0.1086,0.05048,0.2052,0.2006,
2.137,0.1702,0.111,0.05015,0.02655,0.1393,0.0686,0.009575,0.02894,0.1081,0.05186,0.2056,0.2003,
2.139,0.169,0.1092,0.04995,0.02657,0.1391,0.06851,0.00969,0.02877,0.1079,0.0545,0.2046,0.2011,
2.14,0.1745,0.1086,0.04983,0.02636,0.1392,0.06856,0.009697,0.02879,0.1082,0.05529,0.2038,0.2016,
2.139,0.1808,0.1079,0.04989,0.02612,0.1395,0.0686,0.009831,0.02886,0.1088,0.05461,0.2039,0.202,
2.138,0.1875,0.1072,0.04993,0.02619,0.1396,0.06877,0.009708,0.02888,0.1093,0.05419,0.204,0.2021,
2.137,0.1838,0.1067,0.0498,0.02592,0.1395,0.06873,0.009704,0.02887,0.1099,0.05354,0.205,0.2023,
2.136,0.1952,0.1062,0.04975,0.02564,0.1394,0.0687,0.00987,0.02881,0.1097,0.05348,0.2059,0.2025,
2.136,0.1924,0.1059,0.04964,0.02572,0.1393,0.06875,0.009877,0.02883,0.1098,0.05399,0.2055,0.2027,
2.137,0.1817,0.1056,0.04954,0.02579,0.1392,0.0688,0.009987,0.02905,0.1096,0.05403,0.2057,0.2028,
2.138,0.2002,0.1053,0.04952,0.02589,0.139,0.06883,0.01045,0.02898,0.11,0.05411,0.205,0.2029,
2.138,0.1997,0.1047,0.04913,0.02598,0.1393,0.06848,0.0108,0.02868,0.1103,0.05392,0.2052,0.2035,
2.138,0.1815,0.1038,0.04889,0.02606,0.1396,0.06768,0.01095,0.02857,0.1108,0.05462,0.2044,0.2046,
2.126,0.1754,0.105,0.049,0.02613,0.1388,0.07269,0.005494,0.02849,0.1114,0.05405,0.2046,0.2043,
2.125,0.1658,0.1043,0.04907,0.02625,0.1388,0.07276,0.005499,0.02851,0.1118,0.05383,0.2048,0.2045,
2.124,0.1752,0.1038,0.04916,0.02631,0.1388,0.07218,0.005501,0.02852,0.1133,0.05235,0.2049,0.2052,
2.123,0.1683,0.1033,0.04922,0.02635,0.1388,0.07238,0.005348,0.02878,0.1138,0.05174,0.205,0.2053,
2.122,0.1674,0.09998,0.04927,0.02635,0.1413,0.07233,0.005474,0.02876,0.1136,0.0517,0.2059,0.2054,
2.124,0.1772,0.1004,0.04951,0.02637,0.1415,0.07204,0.005474,0.02876,0.1138,0.0527,0.2047,0.2047,
2.123,0.1737,0.09981,0.04963,0.02639,0.1414,0.07178,0.005475,0.02889,0.1142,0.05226,0.2047,0.2055,
2.124,0.1677,0.102,0.0497,0.02647,0.1419,0.0714,0.005609,0.02892,0.1159,0.05055,0.2049,0.2028,
2.123,0.172,0.1018,0.04977,0.02655,0.1415,0.07065,0.005747,0.0289,0.1162,0.05004,0.205,0.2038,
2.121,0.1636,0.1011,0.05008,0.02662,0.1415,0.07041,0.005093,0.02891,0.1163,0.05007,0.2051,0.2049,
2.12,0.164,0.1008,0.04989,0.02666,0.1415,0.07016,0.005097,0.02936,0.1168,0.04926,0.2053,0.2053,
2.119,0.1764,0.1003,0.04976,0.02672,0.1409,0.06968,0.005096,0.03001,0.117,0.04839,0.2063,0.2058,
2.118,0.1697,0.09889,0.0497,0.02676,0.1416,0.06954,0.005086,0.03008,0.1172,0.04773,0.208,0.2054,
2.122,0.1687,0.09866,0.0497,0.02686,0.1415,0.06913,0.005088,0.03069,0.1167,0.05046,0.2053,0.2059,
2.121,0.174,0.09774,0.04986,0.02693,0.1418,0.06917,0.005221,0.03058,0.1184,0.04881,0.2054,0.206,
2.124,0.166,0.101,0.04991,0.02696,0.1425,0.06917,0.00535,0.03084,0.118,0.04881,0.2065,0.201,
2.123,0.1629,0.1003,0.04997,0.02702,0.1425,0.06922,0.005354,0.03112,0.1194,0.04735,0.2066,0.2012,
2.122,0.1709,0.09958,0.04999,0.027,0.1427,0.06917,0.00535,0.03136,0.1198,0.04651,0.2075,0.201,
2.123,0.172,0.09803,0.05025,0.0271,0.1437,0.06919,0.005481,0.0315,0.1197,0.04697,0.207,0.2011,
2.118,0.1632,0.0976,0.05057,0.02715,0.1435,0.06763,0.005267,0.03163,0.1229,0.04371,0.2071,0.2029,
2.116,0.163,0.09648,0.05057,0.02718,0.1437,0.06709,0.005266,0.03176,0.1235,0.04292,0.2081,0.2034,
2.114,0.1925,0.09589,0.05041,0.02728,0.1438,0.06581,0.005271,0.03179,0.1236,0.04296,0.2082,0.205,
2.115,0.1638,0.09575,0.05043,0.02734,0.1437,0.06603,0.005059,0.03192,0.1252,0.04307,0.2065,0.205,
2.113,0.1555,0.09557,0.05037,0.02742,0.1429,0.0656,0.004954,0.03214,0.1262,0.04183,0.2075,0.2055,
2.116,0.1611,0.09491,0.05023,0.02756,0.1429,0.06557,0.00495,0.03233,0.1262,0.04429,0.2057,0.2054,
2.116,0.1558,0.09618,0.05025,0.02763,0.1431,0.06462,0.00508,0.03234,0.1268,0.04364,0.2057,0.2048,
2.116,0.1854,0.09615,0.05009,0.02767,0.143,0.0643,0.005445,0.03186,0.1272,0.04328,0.2057,0.2053,
2.115,0.1934,0.09587,0.05015,0.02773,0.1429,0.06386,0.005447,0.0325,0.1274,0.04254,0.2058,0.2059,
2.114,0.1894,0.09699,0.05006,0.02785,0.1429,0.06287,0.005578,0.03238,0.1285,0.0414,0.2059,0.2056,
2.11,0.1678,0.09671,0.05,0.02797,0.1426,0.06183,0.005574,0.03235,0.1309,0.03893,0.2068,0.2064,
2.107,0.1937,0.09626,0.05009,0.02802,0.1426,0.06109,0.005317,0.03237,0.1312,0.0387,0.2068,0.2075,
2.112,0.1787,0.09933,0.05013,0.02808,0.1425,0.06063,0.005318,0.03263,0.1311,0.04005,0.2054,0.2048,
2.109,0.1777,0.09865,0.05004,0.0281,0.1425,0.05999,0.005308,0.03257,0.1319,0.03893,0.2071,0.2049,
2.109,0.1515,0.09842,0.05003,0.02816,0.1424,0.05993,0.005432,0.03241,0.1317,0.03889,0.2079,0.2047,
2.108,0.1536,0.09811,0.05006,0.02818,0.1424,0.06008,0.005433,0.03229,0.1322,0.03852,0.208,0.2048,
2.108,0.1562,0.09797,0.05005,0.02824,0.1424,0.0596,0.005563,0.03294,0.132,0.03795,0.208,0.2053,
2.111,0.1597,0.09711,0.04998,0.02825,0.1428,0.05956,0.005818,0.03266,0.1327,0.03925,0.2067,0.2052,
2.109,0.174,0.09701,0.04997,0.02836,0.1428,0.05903,0.006096,0.03238,0.1341,0.03787,0.2067,0.2057,
2.107,0.1661,0.09585,0.05024,0.02841,0.1432,0.05927,0.005802,0.03248,0.1344,0.03725,0.2075,0.2055,
2.102,0.1703,0.09565,0.05041,0.02845,0.1432,0.06096,0.003966,0.03248,0.1352,0.0371,0.2068,0.2058,
2.108,0.1655,0.0983,0.05039,0.02848,0.1436,0.06098,0.004096,0.0327,0.1349,0.03856,0.2055,0.2026,
2.106,0.1779,0.09473,0.05064,0.0286,0.1466,0.061,0.00433,0.03247,0.1358,0.03767,0.2055,0.2026,
2.105,0.1806,0.09352,0.0509,0.02866,0.147,0.06049,0.004327,0.03245,0.1357,0.03764,0.2064,0.203,
2.105,0.177,0.09298,0.05103,0.02877,0.1467,0.06054,0.004589,0.03222,0.1361,0.03743,0.2066,0.2031,
2.105,0.1772,0.09272,0.05117,0.02878,0.1462,0.06014,0.004715,0.03207,0.136,0.0374,0.2075,0.2034,
2.104,0.1684,0.09234,0.05116,0.02887,0.1465,0.05889,0.004974,0.0322,0.1359,0.03707,0.2075,0.2046,
2.104,0.1714,0.09229,0.05107,0.02892,0.1465,0.05889,0.005103,0.03246,0.1362,0.03642,0.2075,0.2046,
2.101,0.1704,0.09212,0.05108,0.02854,0.1464,0.05745,0.005337,0.0325,0.1366,0.03581,0.2076,0.2066,
2.099,0.1736,0.09182,0.05099,0.02834,0.1463,0.05716,0.00529,0.03258,0.137,0.03526,0.2077,0.2075,
2.099,0.1722,0.09116,0.05126,0.02839,0.1456,0.0575,0.005083,0.03273,0.1369,0.03513,0.2087,0.2075,
2.101,0.1709,0.09231,0.05114,0.02846,0.1455,0.05621,0.00508,0.03271,0.1368,0.03699,0.2077,0.2071,
2.104,0.1735,0.09439,0.05121,0.02851,0.1452,0.05542,0.005206,0.03256,0.1384,0.03781,0.2062,0.2052,
2.108,0.1768,0.09695,0.05122,0.02853,0.146,0.05468,0.005613,0.03225,0.1386,0.0389,0.2055,0.2019,
2.108,0.1761,0.09642,0.05128,0.02859,0.1458,0.0537,0.005867,0.03262,0.1378,0.03888,0.2064,0.2027,
2.111,0.1979,0.09605,0.0513,0.02861,0.1452,0.05313,0.005857,0.03269,0.1385,0.04143,0.2044,0.2028,
2.108,0.2092,0.09567,0.05129,0.02862,0.1447,0.05218,0.006048,0.03249,0.1394,0.04041,0.2054,0.2037,
2.108,0.2085,0.09526,0.05126,0.02869,0.1444,0.05223,0.006183,0.03266,0.1395,0.04022,0.2056,0.2039,
2.106,0.1814,0.09307,0.05139,0.02878,0.1459,0.05226,0.006187,0.03288,0.1409,0.03879,0.2058,0.2041,
2.105,0.1962,0.09247,0.05158,0.02885,0.1457,0.05263,0.005779,0.03307,0.1415,0.03804,0.2064,0.2039,
2.104,0.1949,0.0921,0.05178,0.02895,0.1453,0.05219,0.005912,0.03297,0.1418,0.03785,0.2066,0.2046,
2.105,0.179,0.09201,0.05171,0.02905,0.145,0.05182,0.00594,0.03298,0.1424,0.03842,0.2055,0.2051,
2.114,0.1912,0.09133,0.05186,0.02908,0.1448,0.0515,0.02155,0.01755,0.1426,0.0383,0.2057,0.2057,
2.113,0.1854,0.09107,0.05187,0.02909,0.1446,0.05095,0.02176,0.0173,0.1425,0.03827,0.2066,0.2061,
2.112,0.1968,0.09117,0.05179,0.02863,0.1448,0.05113,0.02147,0.0174,0.1421,0.03856,0.2079,0.205,
2.116,0.1932,0.09439,0.05168,0.0287,0.1447,0.05114,0.02131,0.01737,0.1423,0.03935,0.2072,0.2019,
2.114,0.1834,0.09356,0.05168,0.0286,0.1449,0.04979,0.02133,0.01738,0.1424,0.03978,0.207,0.2036,
2.116,0.1836,0.0932,0.05182,0.02859,0.1446,0.04976,0.02145,0.01724,0.1426,0.04113,0.2061,0.2034,
2.114,0.2032,0.09279,0.0518,0.02872,0.1438,0.04977,0.02145,0.01724,0.1439,0.03993,0.2072,0.2035,
2.119,0.1892,0.0906,0.05179,0.02879,0.1457,0.04978,0.02159,0.01731,0.1437,0.04358,0.2036,0.2035,
2.119,0.1843,0.09013,0.05199,0.02881,0.1453,0.04975,0.02158,0.0173,0.1436,0.04356,0.2045,0.2034,
2.118,0.1833,0.08981,0.05215,0.02884,0.1451,0.0495,0.02149,0.01731,0.1438,0.04345,0.2046,0.2039,
2.117,0.1841,0.08951,0.05225,0.02895,0.1451,0.04902,0.02162,0.01731,0.1442,0.04295,0.2046,0.2044,
2.115,0.1843,0.0894,0.05214,0.02913,0.1446,0.04931,0.02112,0.01732,0.1456,0.04174,0.2048,0.2048,
2.114,0.1828,0.08925,0.05214,0.02884,0.1446,0.04872,0.02099,0.01771,0.1452,0.04174,0.2048,0.2059,
2.114,0.1851,0.08842,0.05208,0.02889,0.1449,0.04868,0.02098,0.01832,0.1453,0.04091,0.2057,0.2058,
2.116,0.1912,0.09011,0.05198,0.02887,0.1449,0.04861,0.02094,0.0188,0.1461,0.04071,0.2061,0.203,
2.114,0.1939,0.08899,0.05214,0.02893,0.1451,0.04859,0.02093,0.01914,0.1468,0.0395,0.207,0.2029,
2.115,0.1823,0.08873,0.05224,0.02896,0.1451,0.0486,0.02152,0.01882,0.1466,0.03951,0.207,0.2029,
2.113,0.1802,0.08842,0.05217,0.02905,0.1451,0.0485,0.02133,0.01887,0.1474,0.0387,0.2071,0.2034,
2.112,0.1847,0.08805,0.05225,0.02914,0.145,0.04707,0.02157,0.01916,0.1469,0.03872,0.2072,0.2049,
2.116,0.1827,0.0889,0.05253,0.02919,0.1451,0.04659,0.02184,0.01941,0.1464,0.0401,0.2058,0.2042,
2.118,0.1827,0.08869,0.05241,0.02926,0.145,0.04684,0.02162,0.0198,0.1464,0.0409,0.2048,0.2042,
2.116,0.1835,0.08845,0.05224,0.02934,0.1448,0.04653,0.0215,0.01992,0.1473,0.03972,0.2057,0.2045,
2.115,0.1874,0.08801,0.05225,0.02939,0.1449,0.04668,0.02148,0.02034,0.1477,0.03895,0.2058,0.2046,
2.111,0.1826,0.08771,0.05202,0.02917,0.1444,0.04612,0.02145,0.02062,0.1488,0.0372,0.2075,0.205,
2.111,0.185,0.08757,0.05212,0.02923,0.1443,0.04612,0.02145,0.02088,0.149,0.03677,0.2075,0.2051,
2.115,0.181,0.08929,0.05235,0.02924,0.1442,0.04614,0.02162,0.02086,0.1491,0.03747,0.2067,0.2031,
2.113,0.1888,0.08891,0.05243,0.02905,0.1439,0.04566,0.02215,0.02042,0.1492,0.0372,0.2075,0.2036,
2.116,0.1836,0.0886,0.05273,0.02909,0.1437,0.04582,0.022,0.02081,0.1488,0.03824,0.2066,0.2037,
2.117,0.189,0.08757,0.05273,0.02918,0.144,0.0457,0.02176,0.02083,0.1492,0.03959,0.2051,0.2042,
2.115,0.1945,0.0874,0.05257,0.02928,0.1441,0.04527,0.02177,0.02084,0.1498,0.03911,0.2052,0.2048,
2.116,0.192,0.08674,0.05277,0.02937,0.1441,0.04542,0.02177,0.02123,0.1493,0.03912,0.2053,0.2048,
2.113,0.1946,0.08538,0.05302,0.02941,0.144,0.04488,0.02173,0.0212,0.1503,0.03782,0.2069,0.2053,
2.146,0.216,0.08735,0.05325,0.02942,0.1442,0.04436,0.02159,0.04018,0.1318,0.03949,0.2055,0.2028,
2.149,0.2298,0.08721,0.05312,0.02956,0.144,0.04438,0.0216,0.04061,0.1314,0.04095,0.2042,0.2029,
2.145,0.2245,0.08687,0.05308,0.02955,0.1437,0.0442,0.02133,0.04072,0.1331,0.03905,0.2051,0.2033,
2.143,0.2126,0.08658,0.05317,0.02953,0.1432,0.04417,0.02132,0.04083,0.134,0.03796,0.2061,0.2032,
2.144,0.2106,0.08634,0.0533,0.02959,0.1431,0.0435,0.02136,0.04069,0.134,0.0387,0.2054,0.204,
2.143,0.2032,0.08604,0.05323,0.02966,0.1428,0.04406,0.02111,0.04072,0.1345,0.03808,0.2055,0.2042,
2.155,0.2043,0.08547,0.0532,0.02967,0.1427,0.04366,0.0211,0.05867,0.1193,0.03528,0.2065,0.2045,
2.153,0.1929,0.08524,0.05316,0.02956,0.1427,0.04286,0.0211,0.05881,0.1197,0.03475,0.2065,0.2056,
2.146,0.1926,0.0901,0.05316,0.02956,0.1427,0.04283,0.02108,0.1353,0.04343,0.03654,0.2053,0.2001,
2.146,0.2259,0.08969,0.05275,0.02963,0.1422,0.04242,0.02108,0.1354,0.04353,0.03737,0.2056,0.2003,
2.144,0.2194,0.08872,0.05235,0.02972,0.1424,0.04262,0.02092,0.1354,0.04314,0.03732,0.2074,0.2,
2.145,0.173,0.08839,0.05251,0.02988,0.142,0.04277,0.02133,0.1351,0.04386,0.03652,0.2075,0.2001,
2.144,0.1911,0.08621,0.05268,0.02994,0.1435,0.0428,0.02171,0.135,0.04404,0.03623,0.2077,0.2003,
2.144,0.1822,0.08585,0.05285,0.03001,0.1426,0.0428,0.02183,0.1348,0.04469,0.03558,0.2087,0.2003,
2.145,0.1791,0.08534,0.05245,0.03014,0.1424,0.04197,0.02275,0.134,0.04483,0.03594,0.2091,0.2011,
2.147,0.1863,0.08493,0.05236,0.03018,0.1425,0.04212,0.02276,0.1342,0.04555,0.03644,0.2077,0.2011,
2.142,0.2219,0.08442,0.05236,0.03017,0.1422,0.04152,0.03705,0.138,0.02777,0.03578,0.2094,0.2013,
2.142,0.2171,0.08387,0.05251,0.03018,0.1421,0.04148,0.03714,0.1377,0.02861,0.03489,0.2103,0.2012,
2.14,0.2468,0.08376,0.05248,0.03016,0.1419,0.04039,0.03737,0.1377,0.0295,0.03357,0.2112,0.202,
2.157,0.2515,0.08337,0.05254,0.03023,0.1419,0.0404,0.04781,0.1275,0.02948,0.03663,0.208,0.2021,
2.158,0.2202,0.08251,0.05233,0.03027,0.1421,0.04039,0.04819,0.1274,0.03066,0.03607,0.2081,0.202,
2.158,0.2116,0.08193,0.05234,0.03039,0.1418,0.04003,0.04853,0.1273,0.03238,0.03429,0.2083,0.2026,
2.157,0.2465,0.08186,0.05223,0.03044,0.141,0.04002,0.04878,0.1272,0.03327,0.03326,0.2093,0.2026,
2.158,0.2012,0.0792,0.05214,0.03047,0.1432,0.04041,0.04858,0.1272,0.03329,0.03469,0.2081,0.2028,
2.162,0.1955,0.07857,0.05203,0.03051,0.1431,0.04045,0.04892,0.127,0.03393,0.0359,0.2065,0.203,
2.161,0.2072,0.07715,0.0519,0.03068,0.1442,0.0406,0.04882,0.1271,0.03462,0.03525,0.2066,0.2031,
2.159,0.2102,0.07697,0.05191,0.03072,0.1437,0.04009,0.04879,0.1272,0.03473,0.03484,0.2075,0.2034,
2.157,0.177,0.07638,0.05183,0.03084,0.1434,0.03909,0.04878,0.1272,0.03472,0.03483,0.2085,0.2044,
2.157,0.1775,0.07575,0.0518,0.03094,0.1438,0.0391,0.04879,0.1272,0.03652,0.03305,0.2086,0.2044,
2.161,0.1756,0.07635,0.05174,0.03108,0.1442,0.03912,0.04881,0.1273,0.03731,0.03388,0.2071,0.2031,
2.159,0.1569,0.07583,0.05168,0.03115,0.1442,0.03909,0.04877,0.1279,0.0368,0.0336,0.208,0.203,
2.162,0.1567,0.07558,0.05172,0.03119,0.1442,0.0391,0.04878,0.1281,0.03664,0.03557,0.206,0.203,
2.162,0.1683,0.07539,0.05175,0.03122,0.144,0.03912,0.04907,0.128,0.03666,0.03559,0.2062,0.2031,
2.162,0.1802,0.07516,0.05158,0.03133,0.1437,0.0389,0.04911,0.1281,0.03719,0.03513,0.2063,0.2036,
2.161,0.1715,0.07464,0.05157,0.03139,0.1436,0.03887,0.04907,0.128,0.03781,0.03445,0.2072,0.2034,
2.159,0.167,0.07267,0.05153,0.03141,0.1448,0.03848,0.04918,0.1278,0.03829,0.03394,0.2082,0.2037,
2.161,0.1857,0.07219,0.05163,0.03143,0.1442,0.03848,0.04982,0.1271,0.03925,0.03415,0.208,0.2037,
2.173,0.2124,0.07156,0.05168,0.03147,0.1442,0.03771,0.06569,0.1111,0.03923,0.03535,0.2077,0.2043,
2.176,0.1545,0.07339,0.05166,0.03155,0.1445,0.03783,0.06553,0.1111,0.03945,0.03575,0.208,0.2012,
2.176,0.1536,0.07304,0.05157,0.03163,0.1445,0.03798,0.0657,0.1109,0.04072,0.03452,0.2081,0.2014,
2.175,0.1567,0.07221,0.05153,0.03169,0.1446,0.03827,0.06551,0.1111,0.04088,0.03433,0.2083,0.2016,
2.173,0.172,0.06932,0.05158,0.03174,0.1471,0.03841,0.06553,0.1112,0.04478,0.03062,0.2081,0.2016,
2.175,0.158,0.06903,0.0516,0.03176,0.1473,0.03815,0.06554,0.111,0.04588,0.0315,0.2061,0.2021,
2.183,0.1586,0.06832,0.05174,0.03159,0.1471,0.03864,0.06499,0.111,0.04682,0.03531,0.2022,0.2023,
2.184,0.1901,0.068,0.05169,0.03156,0.1468,0.05455,0.04857,0.1106,0.04695,0.03502,0.2039,0.2023,
2.184,0.187,0.06779,0.05163,0.0316,0.1468,0.05457,0.04872,0.1106,0.0471,0.0349,0.2039,0.2024,
2.183,0.1811,0.06741,0.05165,0.03163,0.1462,0.05474,0.04887,0.1101,0.04686,0.03485,0.2057,0.2021,
2.19,0.202,0.06714,0.05188,0.03169,0.146,0.05448,0.04901,0.11,0.04709,0.03855,0.2018,0.2024,
2.189,0.1837,0.06681,0.05194,0.03166,0.1457,0.05455,0.04888,0.1099,0.04706,0.03852,0.2027,0.2023,
2.188,0.1452,0.0664,0.05192,0.03146,0.1458,0.05456,0.0489,0.1101,0.04762,0.03786,0.2028,0.2026,
2.159,0.2284,0.0631,0.05191,0.03164,0.1487,0.05434,0.1326,0.02651,0.04765,0.03757,0.2028,0.2032,
2.158,0.2303,0.06261,0.05165,0.03172,0.1481,0.05435,0.1326,0.02665,0.04846,0.03665,0.2039,0.2032,
2.157,0.2284,0.06245,0.05164,0.03181,0.1481,0.05409,0.1327,0.02683,0.04865,0.0363,0.2039,0.2035,
2.158,0.1565,0.06231,0.05157,0.03141,0.148,0.05423,0.1326,0.02684,0.04866,0.03746,0.2028,0.2041,
2.158,0.156,0.06217,0.05145,0.03155,0.1477,0.05419,0.1326,0.02666,0.04862,0.03743,0.2037,0.2039,
2.162,0.1407,0.06474,0.0514,0.03164,0.1477,0.0533,0.1326,0.02667,0.04863,0.03897,0.2022,0.2021,
2.161,0.1622,0.06467,0.0514,0.03173,0.1476,0.05277,0.1327,0.02667,0.0499,0.03771,0.2023,0.2027,
2.161,0.1466,0.06459,0.05128,0.03196,0.1469,0.05282,0.1328,0.02669,0.05139,0.0363,0.2024,0.2029,
2.159,0.1731,0.06438,0.05117,0.03174,0.1468,0.05212,0.1328,0.02671,0.0522,0.03554,0.2025,0.2039,
2.157,0.167,0.06421,0.05107,0.03187,0.1467,0.05119,0.1328,0.02687,0.05319,0.0344,0.2026,0.2051,
2.156,0.1444,0.06369,0.05116,0.03189,0.1466,0.05115,0.1327,0.02685,0.05364,0.03387,0.2035,0.205,
2.157,0.1387,0.06635,0.05107,0.03188,0.1461,0.05069,0.1324,0.02683,0.05409,0.03301,0.206,0.2016,
2.157,0.1429,0.06619,0.051,0.03199,0.1461,0.05038,0.1324,0.02683,0.05409,0.03302,0.206,0.2019,
2.156,0.1542,0.06576,0.05099,0.03206,0.1463,0.05007,0.1325,0.02684,0.05475,0.03239,0.2061,0.2023,
2.155,0.1448,0.06547,0.05093,0.0321,0.146,0.04977,0.1324,0.02704,0.05488,0.03198,0.207,0.2025,
2.16,0.1485,0.0653,0.05105,0.03221,0.1456,0.04992,0.1323,0.0273,0.05614,0.0336,0.204,0.2025,
2.159,0.1431,0.0646,0.05116,0.03231,0.1457,0.04976,0.1323,0.02757,0.05714,0.0324,0.2041,0.203,
2.159,0.1419,0.06417,0.05108,0.03239,0.1459,0.0499,0.1323,0.02766,0.05695,0.03241,0.2042,0.2031,
2.156,0.1392,0.06377,0.05108,0.03245,0.1458,0.04782,0.1325,0.02774,0.05679,0.03243,0.2043,0.2053,
2.155,0.152,0.0635,0.05106,0.0322,0.1459,0.04834,0.132,0.02774,0.05703,0.0322,0.2043,0.2056,
2.153,0.1363,0.06336,0.05094,0.03212,0.1457,0.04828,0.1316,0.02775,0.05898,0.03028,0.2044,0.2067,
2.16,0.1527,0.06788,0.05086,0.0322,0.1456,0.04829,0.1319,0.02767,0.05883,0.03133,0.2034,0.202,
2.158,0.1325,0.06773,0.05082,0.03199,0.1455,0.04711,0.1314,0.02764,0.05884,0.03133,0.2035,0.2041,
2.156,0.1392,0.06743,0.05068,0.03207,0.1454,0.04676,0.1313,0.02766,0.06073,0.02951,0.2036,0.2048,
2.155,0.1379,0.06674,0.05075,0.03185,0.1456,0.04717,0.131,0.02778,0.06156,0.02861,0.2037,0.2052,
2.156,0.1465,0.0696,0.05083,0.03158,0.1454,0.04668,0.1307,0.02778,0.06182,0.02837,0.2038,0.2034,
2.156,0.1511,0.06953,0.05073,0.03165,0.1449,0.04691,0.1307,0.02763,0.06194,0.02808,0.2047,0.2033,
2.162,0.2298,0.06921,0.05105,0.03167,0.1448,0.1283,0.04875,0.02751,0.06194,0.03078,0.202,0.2041,
2.16,0.2201,0.06919,0.05104,0.03154,0.1448,0.1266,0.04862,0.02738,0.06227,0.03046,0.202,0.2062,
2.16,0.2004,0.06886,0.05107,0.03158,0.1447,0.1264,0.04864,0.02762,0.06208,0.03047,0.2021,0.2065,
2.159,0.1873,0.06881,0.05101,0.03161,0.1441,0.1257,0.04869,0.02777,0.0619,0.03024,0.203,0.2072,
2.161,0.1743,0.07103,0.05082,0.03175,0.1442,0.126,0.04858,0.02778,0.06227,0.02977,0.2031,0.2048,
2.158,0.147,0.07055,0.05072,0.03144,0.1437,0.1257,0.04832,0.02758,0.0622,0.02945,0.2056,0.2047,
2.158,0.1379,0.07055,0.0507,0.03148,0.1436,0.1253,0.04832,0.0279,0.0624,0.02894,0.2056,0.2052,
2.157,0.1381,0.07012,0.0506,0.0316,0.1429,0.124,0.04851,0.02772,0.06269,0.02867,0.2066,0.2065,
2.155,0.1564,0.06961,0.05062,0.03133,0.1432,0.1242,0.04839,0.02786,0.06288,0.02837,0.2067,0.2069,
2.155,0.1484,0.06925,0.05064,0.03135,0.1429,0.1241,0.04836,0.02797,0.06293,0.02813,0.2076,0.2068,
2.153,0.1605,0.06885,0.05062,0.03147,0.1431,0.1237,0.04837,0.02818,0.06469,0.02618,0.2076,0.2073,
2.158,0.1472,0.07082,0.05057,0.03145,0.143,0.1235,0.0484,0.028,0.06537,0.0273,0.2073,0.2043,
2.156,0.1425,0.06792,0.05057,0.03156,0.1456,0.1232,0.04842,0.028,0.06539,0.02731,0.2074,0.2047,
2.162,0.1444,0.07064,0.05051,0.0314,0.1456,0.1229,0.04855,0.02828,0.06522,0.029,0.2055,0.2025,
2.161,0.1399,0.0705,0.05042,0.03154,0.1451,0.123,0.04872,0.0283,0.06618,0.02799,0.2057,0.2026,
2.161,0.1363,0.07021,0.05033,0.0317,0.1451,0.1221,0.04873,0.02831,0.0662,0.028,0.2057,0.2036,
2.159,0.1428,0.07011,0.0503,0.03135,0.1448,0.1219,0.04892,0.02829,0.06664,0.02748,0.2058,0.2045,
2.166,0.1576,0.07503,0.05023,0.03137,0.1443,0.1214,0.04886,0.02862,0.06682,0.02829,0.2062,0.1989,
2.169,0.1454,0.07485,0.0503,0.03143,0.144,0.1215,0.04888,0.02888,0.06687,0.02968,0.2046,0.199,
2.169,0.1361,0.07436,0.05026,0.03083,0.1441,0.1211,0.0489,0.02902,0.06677,0.03038,0.204,0.2003,
2.174,0.1467,0.07354,0.05021,0.03093,0.1438,0.1209,0.04895,0.02938,0.06787,0.03229,0.201,0.2012,
2.173,0.1376,0.07322,0.05024,0.03067,0.1433,0.121,0.04899,0.02979,0.0682,0.03166,0.2011,0.2018,
2.173,0.1395,0.07314,0.05024,0.03072,0.1424,0.1204,0.04906,0.03001,0.06847,0.03134,0.2014,0.2028,
2.169,0.1486,0.0728,0.05021,0.03074,0.1424,0.1205,0.05436,0.02501,0.06828,0.03107,0.2015,0.2032,
2.168,0.145,0.07262,0.0502,0.03051,0.1422,0.1201,0.05438,0.02502,0.06867,0.03072,0.2016,0.2039,
2.128,0.1867,0.07214,0.05019,0.03059,0.1424,0.1504,0.02343,0.02515,0.06895,0.03035,0.2017,0.2048,
2.128,0.1731,0.07293,0.05005,0.03046,0.1431,0.1502,0.02359,0.02528,0.06902,0.03008,0.2018,0.2035,
2.128,0.1752,0.07277,0.05007,0.03059,0.1423,0.1499,0.02339,0.02597,0.06867,0.02987,0.202,0.2044,
2.128,0.1546,0.0724,0.05018,0.03068,0.1413,0.1503,0.02317,0.02615,0.06888,0.02958,0.2024,0.205,
2.126,0.1538,0.07211,0.05001,0.03067,0.1404,0.1497,0.02311,0.02634,0.06833,0.02951,0.2049,0.2049,
2.131,0.1536,0.07449,0.04993,0.0308,0.1403,0.1493,0.02299,0.02635,0.06984,0.03016,0.2027,0.2032,
2.13,0.1821,0.07423,0.04982,0.03015,0.1401,0.1487,0.02297,0.02768,0.0687,0.02988,0.2036,0.2042,
2.129,0.178,0.07407,0.04987,0.03023,0.1398,0.1478,0.02277,0.02834,0.06889,0.02908,0.2037,0.2055,
2.124,0.2039,0.0731,0.05002,0.03037,0.14,0.1473,0.03628,0.0146,0.06881,0.0291,0.2038,0.2066,
2.123,0.1925,0.07286,0.05005,0.03048,0.14,0.147,0.03642,0.01447,0.06904,0.02888,0.2038,0.2069,
2.122,0.1664,0.07244,0.05009,0.03052,0.1398,0.1466,0.03643,0.0143,0.069,0.02886,0.2047,0.2072,
2.121,0.2053,0.07187,0.04998,0.03063,0.1399,0.1457,0.03663,0.01414,0.06953,0.02839,0.2049,0.2084,
2.124,0.1902,0.07587,0.04983,0.03071,0.1397,0.1446,0.0366,0.01413,0.06949,0.02837,0.2058,0.205,
2.131,0.188,0.07684,0.04983,0.03081,0.1397,0.1432,0.03648,0.01439,0.06949,0.03115,0.2028,0.2052,
2.134,0.1829,0.07989,0.04987,0.03088,0.1395,0.1424,0.0365,0.01465,0.06926,0.03116,0.2029,0.203,
2.134,0.1603,0.07931,0.04988,0.03097,0.1398,0.1409,0.03646,0.01509,0.06876,0.03117,0.2029,0.2047,
2.132,0.1475,0.07893,0.04972,0.03102,0.1394,0.1403,0.0365,0.01507,0.06898,0.03047,0.2054,0.2043,
2.13,0.1507,0.07844,0.04952,0.03104,0.139,0.139,0.03638,0.0154,0.06858,0.03006,0.2079,0.2048,
2.128,0.1577,0.07541,0.04969,0.03111,0.1412,0.1378,0.03648,0.01544,0.06848,0.02992,0.2088,0.2057,
2.132,0.16,0.07626,0.04974,0.03129,0.1413,0.1373,0.03649,0.01574,0.06842,0.03135,0.2071,0.205,
2.132,0.1607,0.07566,0.04995,0.03136,0.1414,0.1365,0.0365,0.01598,0.0682,0.03136,0.2072,0.2059,
2.139,0.1652,0.07929,0.0499,0.03095,0.1415,0.1349,0.03646,0.01627,0.06796,0.03359,0.2056,0.2035,
2.137,0.1653,0.07875,0.04978,0.03106,0.1413,0.1334,0.03645,0.01652,0.06887,0.03239,0.2066,0.2049,
2.152,0.1728,0.08193,0.04971,0.0311,0.1411,0.1322,0.03639,0.02706,0.0592,0.03239,0.2065,0.2023,
2.151,0.1726,0.081,0.04974,0.03116,0.1416,0.1315,0.03641,0.02721,0.05923,0.03228,0.2066,0.2032,
2.148,0.1787,0.08076,0.0497,0.03119,0.1415,0.1316,0.03612,0.02761,0.06182,0.02918,0.2075,0.203,
2.158,0.1624,0.08274,0.04968,0.03134,0.1415,0.1302,0.03629,0.02764,0.06175,0.03357,0.2033,0.202,
2.158,0.1528,0.08226,0.04968,0.03153,0.1412,0.13,0.03619,0.02789,0.0627,0.03247,0.2035,0.2026,
2.156,0.1594,0.08203,0.0497,0.0316,0.141,0.1288,0.03673,0.0275,0.06378,0.0313,0.2036,0.204,
2.157,0.1673,0.08266,0.04958,0.03165,0.141,0.1278,0.03657,0.02759,0.0638,0.03171,0.2045,0.2031,
2.148,0.1677,0.08199,0.0496,0.03172,0.1404,0.1314,0.03126,0.02747,0.06381,0.03172,0.2056,0.205,
2.147,0.1774,0.08117,0.04965,0.03182,0.14,0.1314,0.03113,0.02741,0.06449,0.03119,0.2059,0.2059,
2.144,0.1557,0.08057,0.04967,0.03186,0.1402,0.1313,0.03697,0.02147,0.065,0.03073,0.206,0.2062,
2.142,0.1586,0.08018,0.04981,0.03196,0.14,0.1285,0.03699,0.02148,0.06539,0.03038,0.2061,0.2092,
2.149,0.1619,0.08457,0.04989,0.03199,0.14,0.1268,0.03701,0.02162,0.06531,0.03164,0.205,0.2062,
2.133,0.1655,0.08395,0.04972,0.03205,0.1401,0.1348,0.02721,0.02148,0.06564,0.03125,0.2059,0.2079,
2.124,0.1689,0.08853,0.0497,0.03206,0.1402,0.144,0.01806,0.02152,0.06543,0.03362,0.2044,0.2024,
2.125,0.1629,0.08768,0.04964,0.03211,0.1405,0.1427,0.01818,0.02138,0.06564,0.03472,0.2039,0.2036,
2.124,0.1575,0.08709,0.04971,0.03216,0.1407,0.142,0.01806,0.02139,0.0665,0.0339,0.204,0.2045,
2.126,0.1703,0.08853,0.04966,0.03219,0.1407,0.1416,0.01806,0.02126,0.06688,0.03419,0.2034,0.2036,
2.125,0.163,0.08805,0.04958,0.03225,0.1406,0.1415,0.01815,0.02133,0.06687,0.03395,0.2043,0.2034,
2.125,0.1604,0.08767,0.04951,0.03229,0.1407,0.1407,0.01837,0.02113,0.06677,0.03397,0.2044,0.2046,
2.127,0.1595,0.08978,0.04929,0.03235,0.1407,0.1386,0.01836,0.02131,0.06679,0.0347,0.2043,0.2037,
2.128,0.1608,0.08812,0.04912,0.03248,0.1438,0.1375,0.01838,0.02146,0.06672,0.03554,0.2037,0.2032,
2.128,0.1732,0.09162,0.04917,0.03256,0.1437,0.1349,0.01844,0.02129,0.06964,0.03269,0.2038,0.2022,
2.126,0.1692,0.09134,0.04911,0.03264,0.1434,0.1319,0.01833,0.02163,0.06995,0.03214,0.204,0.2057,
2.125,0.1955,0.09104,0.04907,0.0327,0.1433,0.1298,0.01831,0.02177,0.06975,0.03216,0.2041,0.208,
2.121,0.1826,0.08998,0.04873,0.03247,0.1439,0.1299,0.01843,0.02179,0.07355,0.02836,0.2043,0.2086,
2.12,0.1791,0.08942,0.04865,0.03257,0.144,0.1292,0.01846,0.02199,0.07326,0.02838,0.2044,0.2096,
2.122,0.1715,0.09186,0.04867,0.03265,0.1442,0.1275,0.01835,0.02214,0.07347,0.02816,0.2047,0.2083,
2.123,0.1871,0.09483,0.04841,0.03275,0.144,0.1255,0.01838,0.02248,0.07353,0.02792,0.2049,0.2072,
2.121,0.1728,0.0943,0.04824,0.03283,0.144,0.1232,0.01878,0.02206,0.07374,0.02766,0.2059,0.2094,
2.121,0.1759,0.09392,0.04823,0.03291,0.1441,0.1222,0.01878,0.02207,0.07377,0.02767,0.2059,0.2104,
2.118,0.1786,0.09282,0.04833,0.03298,0.1442,0.1222,0.01822,0.02204,0.07401,0.02729,0.2069,0.2111,
2.117,0.1812,0.09258,0.04836,0.03303,0.1441,0.1209,0.01836,0.02192,0.07475,0.02658,0.207,0.2125,
2.116,0.2,0.09172,0.04857,0.03315,0.1442,0.1204,0.0185,0.0218,0.07518,0.02622,0.2071,0.2131,
2.119,0.1975,0.09419,0.04852,0.03319,0.1441,0.1198,0.01848,0.02191,0.07574,0.02657,0.2063,0.2113,
2.116,0.1734,0.09255,0.0484,0.03253,0.1439,0.1192,0.01848,0.02201,0.07562,0.02657,0.2073,0.2135,
2.114,0.1844,0.09224,0.04836,0.03258,0.1435,0.1189,0.01873,0.02195,0.07646,0.02534,0.2082,0.2138,
2.099,0.1878,0.09788,0.04851,0.03256,0.1431,0.1291,0.007808,0.02192,0.07693,0.0279,0.2067,0.2075,
2.103,0.1599,0.09993,0.04883,0.03266,0.1437,0.1289,0.007659,0.02193,0.07754,0.02851,0.2057,0.2046,
2.101,0.1599,0.09935,0.04874,0.03275,0.1432,0.1268,0.007551,0.02183,0.07754,0.02851,0.2068,0.2069,
2.104,0.1741,0.1006,0.04882,0.03278,0.1431,0.1258,0.009662,0.0197,0.07772,0.02901,0.2061,0.2066,
2.103,0.1683,0.09988,0.04896,0.03286,0.1431,0.1245,0.00967,0.01981,0.07802,0.02868,0.2063,0.2082,
2.111,0.1567,0.1046,0.04902,0.03294,0.1432,0.1242,0.00972,0.01969,0.07841,0.03085,0.2038,0.2035,
2.11,0.1468,0.1044,0.04901,0.03299,0.1432,0.1231,0.009591,0.01996,0.07852,0.0305,0.2039,0.2048,
2.11,0.1489,0.1067,0.04898,0.03305,0.1432,0.1208,0.009525,0.01995,0.07836,0.03049,0.2048,0.2041,
2.11,0.1565,0.1056,0.04901,0.03317,0.1436,0.1193,0.009804,0.02021,0.07817,0.03026,0.205,0.2059,
2.109,0.1458,0.1068,0.04899,0.03323,0.1431,0.1187,0.009821,0.02003,0.07807,0.02994,0.2075,0.2038,
2.107,0.1608,0.1064,0.0489,0.03329,0.1432,0.1176,0.02024,0.009777,0.0792,0.02861,0.2076,0.2051,
2.118,0.1688,0.1057,0.04884,0.03332,0.1433,0.1165,0.02023,0.01678,0.07273,0.02803,0.2086,0.206,
2.126,0.1828,0.1046,0.04881,0.03249,0.1437,0.115,0.02036,0.02722,0.06283,0.02737,0.2088,0.2089,
2.125,0.1859,0.1033,0.04888,0.03227,0.1445,0.1139,0.02065,0.02719,0.06323,0.02679,0.2089,0.2105,
2.124,0.1857,0.103,0.04872,0.03248,0.1445,0.1134,0.02065,0.02732,0.06312,0.0268,0.2089,0.211,
2.12,0.1848,0.1028,0.04883,0.03193,0.1442,0.1102,0.02067,0.02751,0.06455,0.02525,0.209,0.215,
2.119,0.1854,0.1021,0.04903,0.03203,0.1441,0.1087,0.02068,0.02753,0.06486,0.02501,0.2092,0.2168,
2.125,0.1846,0.1038,0.04923,0.03208,0.1436,0.1078,0.02094,0.02752,0.06498,0.02701,0.2085,0.2145,
2.133,0.1866,0.1099,0.04915,0.03214,0.1431,0.1064,0.02108,0.02749,0.06519,0.02961,0.2065,0.2094,
2.137,0.1729,0.1125,0.04917,0.03219,0.1438,0.1062,0.02096,0.02786,0.06476,0.03055,0.2065,0.2055,
2.136,0.1674,0.1123,0.04915,0.03225,0.1434,0.1047,0.02108,0.02784,0.0646,0.03054,0.2074,0.2067,
2.135,0.1745,0.1111,0.0495,0.03234,0.1435,0.1036,0.02123,0.02832,0.06511,0.02953,0.2076,0.2082,
2.133,0.1794,0.1105,0.04953,0.032,0.1436,0.1005,0.02139,0.02872,0.06463,0.02955,0.2077,0.2119,
2.133,0.1717,0.1102,0.04959,0.03208,0.1434,0.0997,0.02151,0.02935,0.06386,0.02957,0.2078,0.2129,
2.133,0.1715,0.1112,0.04979,0.03176,0.1435,0.09852,0.02165,0.02937,0.06407,0.02975,0.2075,0.2129,
2.14,0.1711,0.1126,0.04987,0.03185,0.1435,0.09822,0.02166,0.02956,0.06392,0.03259,0.2047,0.2114,
2.138,0.1947,0.1127,0.0504,0.0316,0.1442,0.09638,0.0214,0.03022,0.06319,0.03257,0.2056,0.2118,
2.136,0.1693,0.1125,0.05044,0.03133,0.144,0.09421,0.02141,0.03043,0.06322,0.03234,0.2057,0.2144,
2.14,0.1773,0.1135,0.0503,0.03144,0.1437,0.09297,0.02138,0.03055,0.06359,0.03435,0.2047,0.2136,
2.113,0.1721,0.1126,0.05048,0.03151,0.144,0.1061,0.007982,0.03063,0.06369,0.03411,0.2048,0.2141,
2.112,0.1703,0.1118,0.05071,0.03147,0.1438,0.1059,0.007967,0.03067,0.06389,0.03362,0.2065,0.2138,
2.109,0.1682,0.1109,0.05057,0.03145,0.1436,0.1052,0.007809,0.03093,0.06508,0.03183,0.209,0.2137,
2.109,0.1647,0.1105,0.05051,0.03155,0.1437,0.105,0.007939,0.03081,0.06536,0.03158,0.209,0.214,
2.107,0.183,0.1099,0.05052,0.0316,0.1441,0.103,0.00794,0.03094,0.06593,0.0309,0.2091,0.216,
2.107,0.1921,0.1088,0.05081,0.03174,0.1442,0.1028,0.007948,0.03097,0.06599,0.03093,0.2093,0.2165,
2.106,0.1718,0.1081,0.05079,0.0318,0.1444,0.1021,0.007954,0.03157,0.06598,0.03044,0.2095,0.2175,
2.11,0.1692,0.1084,0.05087,0.03192,0.1444,0.1022,0.007964,0.03208,0.06573,0.03176,0.2083,0.2164,
2.125,0.2131,0.1097,0.05091,0.032,0.1455,0.1017,0.01278,0.0596,0.03368,0.03389,0.2061,0.2141,
2.125,0.2013,0.1094,0.05078,0.03206,0.1457,0.1012,0.01279,0.05975,0.0337,0.03377,0.2061,0.2147,
2.134,0.1719,0.1159,0.05083,0.0321,0.1457,0.1008,0.0129,0.05954,0.03406,0.03642,0.2048,0.2069,
2.138,0.1749,0.1173,0.05086,0.03206,0.1455,0.1002,0.01321,0.05952,0.03351,0.03842,0.2053,0.2041,
2.139,0.1699,0.1158,0.05092,0.03214,0.1461,0.09993,0.01312,0.05984,0.03368,0.03911,0.2045,0.2048,
2.139,0.1667,0.1153,0.05114,0.03218,0.1461,0.09966,0.01313,0.06013,0.0343,0.03827,0.2046,0.2053,
2.139,0.1724,0.1143,0.05118,0.03226,0.1465,0.09936,0.01353,0.05978,0.03455,0.03806,0.2047,0.2058,
2.138,0.1751,0.1132,0.051,0.03234,0.1468,0.09794,0.01376,0.05954,0.03455,0.03805,0.2057,0.2071,
2.137,0.1855,0.1125,0.05099,0.03236,0.1467,0.09755,0.01402,0.05925,0.03475,0.03782,0.2067,0.2074,
2.139,0.1813,0.1146,0.05096,0.03246,0.1468,0.09815,0.01346,0.0594,0.03464,0.03866,0.2059,0.205,
2.142,0.1761,0.1135,0.05114,0.03257,0.1468,0.09812,0.01346,0.05939,0.03499,0.0401,0.2051,0.2049,
2.14,0.17,0.1128,0.05119,0.03232,0.1468,0.09755,0.01345,0.05947,0.03557,0.03934,0.206,0.2056,
2.145,0.1665,0.1158,0.05115,0.03236,0.1469,0.09761,0.01346,0.05951,0.03593,0.04059,0.2046,0.2021,
2.145,0.1736,0.1155,0.05112,0.03248,0.1466,0.09769,0.01347,0.05956,0.03662,0.03995,0.2047,0.2023,
2.145,0.1813,0.1143,0.0511,0.03262,0.1469,0.09699,0.01349,0.05963,0.03679,0.03988,0.205,0.2034,
2.144,0.1755,0.1136,0.05124,0.03272,0.1462,0.09674,0.01359,0.0598,0.03817,0.03826,0.206,0.2037,
2.128,0.1735,0.1132,0.05118,0.03279,0.1462,0.09629,0.01368,0.07793,0.02051,0.03776,0.2062,0.2043,
2.131,0.1759,0.1127,0.05128,0.03285,0.146,0.09502,0.01369,0.0782,0.02059,0.03981,0.204,0.2058,
2.131,0.1821,0.1147,0.05105,0.03254,0.1452,0.09495,0.0137,0.07811,0.02047,0.03983,0.2051,0.2043,
2.132,0.1733,0.1137,0.05115,0.03261,0.1452,0.09386,0.01411,0.07811,0.02099,0.03967,0.2053,0.2053,
2.131,0.1774,0.1125,0.05142,0.03269,0.1453,0.09334,0.01424,0.07796,0.02139,0.03925,0.2062,0.2057,
2.139,0.1793,0.1148,0.05175,0.03257,0.1454,0.09336,0.01477,0.07758,0.02248,0.04084,0.2035,0.203,
2.138,0.1854,0.1135,0.05175,0.03266,0.1459,0.09189,0.01476,0.0774,0.02342,0.03986,0.2044,0.2044,
2.138,0.1932,0.1125,0.05209,0.03268,0.1464,0.09169,0.01463,0.07755,0.02409,0.03895,0.2044,0.205,
2.136,0.1862,0.1119,0.05208,0.03244,0.1463,0.09109,0.0147,0.07755,0.02438,0.0385,0.2053,0.2057,
2.136,0.1866,0.1115,0.05208,0.03251,0.1465,0.09032,0.01494,0.07733,0.02438,0.0385,0.2054,0.2066,
2.117,0.1895,0.1111,0.05216,0.03254,0.1462,0.09826,0.00666,0.07702,0.02436,0.03848,0.2062,0.2069,
2.117,0.1858,0.1107,0.05213,0.03266,0.1463,0.09785,0.006792,0.07705,0.02425,0.03849,0.2063,0.2075,
2.118,0.1855,0.1106,0.05219,0.03269,0.1457,0.09792,0.007084,0.07695,0.02453,0.03812,0.2065,0.2076,
2.117,0.1886,0.1099,0.0522,0.03261,0.146,0.09705,0.007106,0.07677,0.02455,0.03814,0.2066,0.2091,
2.1,0.1854,0.1118,0.05211,0.03267,0.1453,0.09626,0.007529,0.08952,0.01174,0.03891,0.2064,0.2077,
2.121,0.1986,0.1114,0.05183,0.03286,0.1449,0.0949,0.01755,0.0801,0.01494,0.03531,0.2067,0.2095,
2.125,0.2013,0.1157,0.0516,0.03302,0.1453,0.09465,0.01739,0.08035,0.01521,0.0359,0.2057,0.2052,
2.124,0.1905,0.1152,0.05161,0.03304,0.1449,0.09366,0.01738,0.08032,0.01552,0.03557,0.2067,0.2061,
2.14,0.2371,0.1127,0.05185,0.03297,0.1457,0.09311,0.06245,0.03513,0.01565,0.03522,0.2093,0.2059,
2.142,0.2025,0.1147,0.05205,0.03307,0.1452,0.09203,0.06275,0.0349,0.01566,0.03573,0.209,0.2049,
2.14,0.2457,0.1134,0.0521,0.03312,0.1448,0.09108,0.06284,0.03475,0.0159,0.03546,0.2109,0.2057,
2.13,0.2432,0.1102,0.05196,0.03322,0.1475,0.0905,0.07328,0.02444,0.01641,0.03485,0.2111,0.2065,
2.129,0.231,0.1096,0.05182,0.03325,0.1471,0.08992,0.07359,0.02398,0.01672,0.03447,0.2129,0.2067,
2.127,0.2096,0.109,0.0518,0.0333,0.1472,0.08862,0.07378,0.02371,0.01695,0.03419,0.2137,0.2077,
2.131,0.1956,0.1107,0.05179,0.03336,0.1476,0.08864,0.07393,0.02358,0.01695,0.0357,0.2123,0.2055,
2.129,0.191,0.1094,0.05172,0.0334,0.1483,0.0882,0.0743,0.02348,0.01682,0.03546,0.2132,0.2057,
2.128,0.1976,0.1091,0.05165,0.0334,0.1482,0.08778,0.07437,0.02333,0.01702,0.03522,0.2141,0.2059,
2.127,0.2045,0.1088,0.05158,0.03342,0.148,0.08693,0.07422,0.02331,0.01737,0.03482,0.215,0.2065,
2.13,0.2134,0.1091,0.05156,0.03348,0.1485,0.08616,0.0742,0.02316,0.01736,0.03689,0.2138,0.2058,
2.13,0.2054,0.1085,0.05158,0.03363,0.1487,0.08619,0.07448,0.02313,0.01728,0.03678,0.2139,0.2059,
2.128,0.1936,0.1078,0.05151,0.03363,0.1486,0.08564,0.07433,0.02308,0.01724,0.0367,0.2156,0.2058,
2.128,0.1804,0.1068,0.05154,0.03374,0.1494,0.08502,0.0745,0.02307,0.01842,0.03541,0.2156,0.2065,
2.128,0.1795,0.106,0.05171,0.03381,0.1497,0.08416,0.07454,0.02295,0.01868,0.03517,0.2157,0.2076,
2.127,0.1819,0.1057,0.05184,0.03386,0.1496,0.08339,0.07445,0.02316,0.01932,0.03434,0.2158,0.2086,
2.131,0.18,0.1085,0.05189,0.03394,0.1493,0.08315,0.07428,0.02341,0.01909,0.03527,0.215,0.2062,
2.133,0.173,0.1094,0.05192,0.03401,0.1493,0.08317,0.07444,0.02339,0.01963,0.03506,0.2145,0.2051,
2.132,0.1751,0.1088,0.05198,0.03377,0.1493,0.08285,0.07439,0.02338,0.02046,0.03421,0.2155,0.2055,
2.131,0.1874,0.1082,0.05214,0.03386,0.1489,0.08173,0.07444,0.02326,0.02171,0.03291,0.2164,0.2064,
2.135,0.1857,0.1106,0.05198,0.03384,0.1488,0.07978,0.07444,0.02326,0.02272,0.03407,0.2153,0.2052,
2.132,0.1787,0.1071,0.0522,0.0338,0.1507,0.0794,0.07389,0.02307,0.02392,0.03281,0.2172,0.2059,
2.113,0.184,0.1058,0.05261,0.03384,0.1509,0.07922,0.08586,0.01094,0.02435,0.03244,0.2175,0.2066,
2.113,0.1987,0.1049,0.05309,0.03391,0.1506,0.07904,0.08569,0.0239,0.01167,0.03222,0.2177,0.2074,
2.116,0.2167,0.1073,0.05314,0.03404,0.1509,0.07877,0.08559,0.02411,0.01171,0.03268,0.2171,0.2047,
2.116,0.1993,0.1068,0.05339,0.0341,0.1507,0.07849,0.08552,0.02451,0.01146,0.03258,0.2172,0.2053,
2.116,0.1981,0.1064,0.05362,0.03415,0.1504,0.07794,0.08555,0.02444,0.01147,0.03259,0.2173,0.2061,
2.114,0.2105,0.1043,0.0537,0.0338,0.1519,0.07762,0.08547,0.02446,0.01184,0.03225,0.2175,0.2072,
2.121,0.1833,0.1067,0.05386,0.03385,0.1517,0.07726,0.08558,0.02431,0.01219,0.03453,0.2151,0.2049,
2.116,0.21,0.1062,0.05383,0.0339,0.1514,0.09896,0.06395,0.02444,0.01204,0.03439,0.216,0.2048,
2.117,0.1952,0.1057,0.05388,0.03397,0.1513,0.0982,0.06386,0.02458,0.01217,0.03465,0.2157,0.2059,
2.117,0.2426,0.1052,0.05382,0.03397,0.1512,0.09821,0.06349,0.02444,0.01378,0.03301,0.2166,0.2062,
2.116,0.2074,0.1048,0.05384,0.03403,0.1512,0.0973,0.06371,0.02428,0.01378,0.03303,0.2168,0.2073,
2.116,0.1982,0.1035,0.05377,0.03406,0.1524,0.09731,0.06371,0.02465,0.01366,0.03279,0.2168,0.2073,
2.119,0.1638,0.1053,0.05375,0.03416,0.1525,0.09688,0.06375,0.02484,0.01378,0.0336,0.2158,0.2056,
2.117,0.159,0.1051,0.05352,0.03378,0.152,0.0959,0.06345,0.02482,0.01399,0.03337,0.2168,0.2072,
2.129,0.1666,0.1103,0.05356,0.03383,0.1525,0.09539,0.06367,0.02464,0.01423,0.03843,0.2116,0.2019,
2.129,0.153,0.1095,0.05367,0.03385,0.1527,0.09499,0.06388,0.0246,0.01414,0.03845,0.2118,0.2025,
2.129,0.184,0.1086,0.05399,0.03396,0.1526,0.09455,0.06393,0.02462,0.01437,0.03827,0.212,0.2032,
2.13,0.1743,0.1081,0.05419,0.03404,0.1526,0.0943,0.06407,0.02449,0.0148,0.03856,0.2113,0.2035,
2.13,0.1759,0.107,0.05444,0.03407,0.1525,0.09381,0.06443,0.02413,0.01553,0.03782,0.2123,0.204,
2.129,0.1746,0.1065,0.05467,0.03371,0.1517,0.0935,0.06451,0.02433,0.01561,0.03764,0.2126,0.2052,
2.128,0.1844,0.1064,0.05468,0.03337,0.1515,0.09278,0.06454,0.02435,0.01562,0.03765,0.2127,0.2065,
2.127,0.1834,0.1059,0.05469,0.03294,0.1509,0.0929,0.06439,0.02444,0.01579,0.03737,0.2137,0.2069,
2.126,0.1755,0.1051,0.05452,0.033,0.1509,0.09243,0.06435,0.02443,0.01637,0.03675,0.2147,0.2075,
2.126,0.1776,0.1045,0.05465,0.03299,0.1508,0.09236,0.0643,0.02441,0.01659,0.03649,0.2156,0.2073,
2.126,0.1704,0.104,0.05472,0.03305,0.1507,0.09194,0.06435,0.02468,0.01707,0.03578,0.2157,0.208,
2.132,0.1773,0.1069,0.05461,0.03306,0.1514,0.09181,0.06426,0.02482,0.01781,0.03742,0.2149,0.203,
2.133,0.1763,0.1061,0.05494,0.03321,0.1512,0.09214,0.06417,0.02492,0.01789,0.03717,0.2151,0.2031,
2.132,0.1888,0.1057,0.05495,0.0333,0.1511,0.09177,0.06434,0.02506,0.01788,0.03695,0.2152,0.2037,
2.132,0.1968,0.1055,0.05491,0.03343,0.151,0.09142,0.06449,0.02494,0.01821,0.03664,0.2153,0.2042,
2.133,0.183,0.1053,0.05488,0.03351,0.151,0.09143,0.0645,0.02494,0.0186,0.03626,0.2154,0.2042,
2.084,0.2257,0.105,0.05495,0.03352,0.1509,0.1385,0.01735,0.02498,0.01869,0.03784,0.2143,0.204,
2.084,0.2033,0.1045,0.05494,0.03356,0.1511,0.1387,0.01735,0.02507,0.01848,0.03785,0.2143,0.204,
2.084,0.1935,0.1041,0.0551,0.03366,0.151,0.138,0.01723,0.02508,0.01934,0.03701,0.2144,0.205,
2.084,0.1842,0.1033,0.05515,0.03387,0.1514,0.1381,0.0171,0.0257,0.01941,0.03635,0.2145,0.2051,
2.093,0.1897,0.1032,0.05507,0.03404,0.1514,0.1379,0.01685,0.02583,0.01928,0.0419,0.2089,0.2056,
2.094,0.1884,0.1028,0.05509,0.03411,0.1517,0.1374,0.01676,0.02583,0.02136,0.03982,0.2089,0.2061,
2.093,0.1997,0.1035,0.05524,0.0342,0.1517,0.1369,0.03104,0.0121,0.02152,0.03973,0.2083,0.2057,
2.098,0.1961,0.1031,0.05531,0.03428,0.1519,0.1369,0.03085,0.01223,0.02139,0.04355,0.2045,0.206,
2.098,0.1917,0.1026,0.05533,0.03436,0.1522,0.1369,0.03085,0.01233,0.02129,0.04356,0.2046,0.206,
2.098,0.2313,0.1025,0.0552,0.03406,0.1521,0.1369,0.03086,0.01259,0.02104,0.04357,0.2046,0.2065,
2.096,0.2382,0.1022,0.05534,0.03368,0.1519,0.1355,0.03087,0.01233,0.02129,0.04334,0.2047,0.2088,
2.097,0.2144,0.1018,0.05549,0.03374,0.1518,0.1355,0.03089,0.01234,0.02217,0.0425,0.2048,0.2089,
2.102,0.1833,0.109,0.05541,0.03382,0.151,0.1356,0.0309,0.01234,0.02285,0.04185,0.2059,0.2013,
2.1,0.1902,0.1055,0.05537,0.03392,0.1539,0.1346,0.03103,0.01247,0.02265,0.04188,0.2061,0.2025,
2.1,0.1801,0.1051,0.0555,0.03397,0.1532,0.1347,0.03111,0.01225,0.02378,0.04075,0.2071,0.2025,
2.103,0.1697,0.1046,0.0557,0.03406,0.1529,0.1344,0.03094,0.01562,0.02043,0.0414,0.2066,0.2033,
2.105,0.1727,0.1038,0.05566,0.03413,0.1527,0.1337,0.03102,0.01643,0.01954,0.04354,0.2055,0.204,
2.105,0.1787,0.1031,0.05575,0.03421,0.1525,0.1324,0.03119,0.01632,0.01995,0.04321,0.2057,0.2057,
2.106,0.1758,0.1022,0.05603,0.03432,0.1526,0.1315,0.0312,0.01633,0.02147,0.04172,0.2059,0.2068,
2.105,0.1733,0.1019,0.05611,0.0344,0.1524,0.131,0.03122,0.01633,0.02148,0.04174,0.2059,0.2074,
2.106,0.1784,0.1012,0.05644,0.0345,0.1524,0.1306,0.03123,0.01634,0.02202,0.04122,0.206,0.208,
2.106,0.1786,0.103,0.05638,0.03449,0.1519,0.1295,0.03126,0.01623,0.02198,0.04115,0.2077,0.2064,
2.105,0.1994,0.1024,0.05663,0.03455,0.1516,0.1286,0.03124,0.01635,0.02184,0.04112,0.2086,0.207,
2.104,0.1957,0.1011,0.0565,0.0344,0.1525,0.1283,0.03139,0.01641,0.02165,0.04115,0.2087,0.2078,
2.104,0.1918,0.1005,0.05663,0.03451,0.1521,0.1284,0.03125,0.01641,0.02213,0.04063,0.2097,0.2077,
2.103,0.2089,0.1004,0.05655,0.03415,0.1521,0.127,0.03142,0.01643,0.02218,0.04042,0.2098,0.2097,
2.101,0.1819,0.09937,0.05655,0.03423,0.1515,0.1254,0.03139,0.01629,0.02278,0.03976,0.2117,0.2111,
2.098,0.1841,0.09868,0.05634,0.03392,0.1514,0.1236,0.03134,0.01626,0.02275,0.03969,0.2134,0.2126,
2.108,0.1958,0.1018,0.05693,0.03397,0.1545,0.1224,0.03148,0.01626,0.02285,0.04339,0.2096,0.2068,
2.114,0.1792,0.1066,0.05695,0.03404,0.1546,0.1209,0.03149,0.01627,0.02299,0.04502,0.2079,0.2033,
2.115,0.1927,0.1039,0.0571,0.03418,0.1567,0.1189,0.03137,0.01628,0.02345,0.0467,0.2059,0.2055,
2.115,0.1748,0.1029,0.05731,0.03418,0.1569,0.1185,0.03149,0.01626,0.02365,0.04633,0.2068,0.2057,
2.116,0.189,0.1013,0.05736,0.03426,0.1579,0.1179,0.03096,0.01627,0.02546,0.04587,0.2056,0.2071,
2.117,0.177,0.1031,0.05737,0.03443,0.1581,0.1167,0.0311,0.01632,0.02575,0.04543,0.2057,0.206,
2.12,0.1678,0.1026,0.05729,0.03462,0.1579,0.1167,0.03095,0.01631,0.02722,0.0458,0.2047,0.2059,
2.122,0.1685,0.1019,0.05747,0.03473,0.1576,0.1164,0.03125,0.01628,0.03073,0.04216,0.2049,0.2066,
2.122,0.1736,0.1015,0.05755,0.03482,0.1571,0.1156,0.03141,0.01617,0.03242,0.04053,0.2051,0.2077,
2.121,0.1776,0.1005,0.05772,0.03505,0.1565,0.1151,0.03141,0.01617,0.03282,0.04016,0.2062,0.2082,
2.122,0.1687,0.1023,0.05794,0.03512,0.1562,0.1146,0.03132,0.01616,0.03332,0.0396,0.2071,0.2064,
2.121,0.1676,0.1013,0.05819,0.03479,0.1566,0.1137,0.03165,0.01586,0.03403,0.03893,0.2072,0.2078,
2.121,0.2,0.1007,0.05839,0.03489,0.1565,0.1133,0.03167,0.01586,0.03404,0.03895,0.2073,0.2083,
2.121,0.1829,0.1002,0.05851,0.03501,0.1563,0.113,0.03169,0.01609,0.03385,0.03898,0.2074,0.2089,
2.12,0.1933,0.09926,0.05846,0.03519,0.1562,0.1125,0.03173,0.01612,0.0339,0.03903,0.2077,0.2098,
2.12,0.1804,0.09894,0.05851,0.03488,0.1559,0.1126,0.03191,0.01597,0.03638,0.03661,0.2079,0.2104,
2.12,0.1812,0.09852,0.05856,0.03504,0.1553,0.1121,0.03195,0.01621,0.03678,0.03607,0.2081,0.2112,
2.124,0.1736,0.1005,0.05862,0.03524,0.157,0.112,0.032,0.01623,0.0373,0.03635,0.2078,0.207,
2.124,0.1699,0.1,0.0586,0.035,0.1572,0.112,0.03201,0.01708,0.03683,0.03599,0.2079,0.2074,
2.122,0.1798,0.09921,0.05865,0.03505,0.1573,0.1109,0.03199,0.01707,0.03703,0.03575,0.2088,0.2083,
2.121,0.176,0.09879,0.0586,0.03482,0.157,0.1102,0.0322,0.01691,0.03754,0.03532,0.209,0.2097,
2.122,0.1854,0.1,0.05836,0.0349,0.1577,0.1096,0.03232,0.01677,0.03817,0.03504,0.2095,0.2076,
2.124,0.1913,0.09661,0.05844,0.03492,0.1602,0.1089,0.03205,0.01676,0.03816,0.03761,0.2079,0.2085,
2.123,0.1879,0.09575,0.05855,0.03501,0.1601,0.1084,0.03174,0.01665,0.03866,0.03719,0.2081,0.2098,
2.122,0.1808,0.09563,0.05859,0.0351,0.1601,0.1083,0.03148,0.01701,0.03853,0.03698,0.2082,0.2102,
2.121,0.1849,0.09665,0.05854,0.03477,0.1603,0.1066,0.0315,0.01685,0.03898,0.03656,0.2083,0.2111,
2.121,0.1814,0.09628,0.05879,0.03482,0.1602,0.1063,0.03151,0.01685,0.03945,0.03611,0.2083,0.2114,
2.111,0.1964,0.09577,0.05875,0.03491,0.1603,0.113,0.02461,0.01699,0.03958,0.03589,0.2084,0.2118,
2.085,0.1922,0.09629,0.05863,0.03501,0.1597,0.1267,0.01029,0.01718,0.03981,0.03626,0.2086,0.2115,
2.085,0.1799,0.09587,0.05862,0.03509,0.1598,0.1268,0.01029,0.01719,0.04008,0.03602,0.2087,0.2116,
2.081,0.1872,0.09541,0.05858,0.03401,0.1596,0.1267,0.01003,0.01715,0.03999,0.03595,0.2103,0.2122,
2.081,0.19,0.09528,0.05851,0.03413,0.1595,0.1253,0.01017,0.01772,0.04024,0.03501,0.2104,0.2137,
2.081,0.2025,0.09511,0.05856,0.03424,0.1588,0.1255,0.01019,0.01774,0.04112,0.03422,0.2106,0.214,
2.087,0.1773,0.09849,0.05854,0.03437,0.1584,0.1251,0.01036,0.01774,0.04183,0.03517,0.2097,0.2103,
2.088,0.2049,0.09812,0.05863,0.03401,0.1581,0.1247,0.01054,0.04102,0.02061,0.033,0.2099,0.2114,
2.088,0.1841,0.09773,0.05855,0.0341,0.1579,0.1247,0.0106,0.04138,0.0213,0.03169,0.2108,0.2113,
2.086,0.1855,0.09577,0.05839,0.03415,0.1591,0.1242,0.01073,0.04142,0.02167,0.03112,0.2118,0.2117,
2.086,0.1844,0.09489,0.05839,0.03395,0.1594,0.1243,0.01095,0.04124,0.02231,0.03051,0.2119,0.2121,
2.085,0.2092,0.09432,0.05834,0.03414,0.1594,0.1234,0.01082,0.04127,0.02264,0.03022,0.2121,0.2134,
2.085,0.2056,0.09387,0.05849,0.0342,0.1594,0.1231,0.01083,0.04175,0.02307,0.02934,0.2122,0.2138,
2.095,0.189,0.09841,0.05839,0.03427,0.1592,0.1231,0.01082,0.04187,0.02326,0.03239,0.2097,0.2086,
2.099,0.2081,0.09789,0.05855,0.03435,0.1591,0.1233,0.03867,0.01426,0.02318,0.03217,0.2098,0.2087,
2.105,0.2162,0.09733,0.05865,0.03441,0.1592,0.1233,0.03869,0.01446,0.023,0.03541,0.2067,0.2088,
2.105,0.247,0.09696,0.05878,0.03444,0.1587,0.1228,0.0388,0.0145,0.02368,0.03452,0.2077,0.2091,
2.104,0.248,0.0965,0.05878,0.03457,0.1587,0.1221,0.039,0.01451,0.02376,0.0343,0.2078,0.21,
2.104,0.2541,0.09559,0.05927,0.03465,0.1589,0.1213,0.03901,0.01451,0.0242,0.03387,0.2078,0.2109,
2.104,0.2423,0.09684,0.05915,0.03449,0.1589,0.1209,0.03911,0.01455,0.02488,0.03295,0.2087,0.2096,
2.103,0.2647,0.09604,0.05946,0.03448,0.1588,0.1197,0.03923,0.01458,0.02468,0.03293,0.2096,0.2105,
2.111,0.2334,0.09867,0.05983,0.03456,0.1582,0.1198,0.03927,0.01509,0.02451,0.03509,0.2074,0.2076,
2.111,0.2084,0.09775,0.06,0.03463,0.1587,0.1199,0.03928,0.01552,0.02442,0.03477,0.2074,0.2076,
2.111,0.1896,0.09772,0.06004,0.03467,0.1585,0.1199,0.03929,0.01553,0.02442,0.03478,0.2075,0.2077,
2.11,0.1751,0.09703,0.06005,0.03475,0.1581,0.1189,0.03949,0.01532,0.02505,0.03415,0.2085,0.2086,
2.108,0.1957,0.09653,0.06002,0.03476,0.1574,0.1176,0.0393,0.01552,0.02513,0.03377,0.2103,0.2097,
2.112,0.1829,0.09818,0.05981,0.03487,0.1574,0.1176,0.03932,0.01553,0.02559,0.03466,0.2091,0.2079,
2.118,0.1814,0.09809,0.05973,0.03497,0.1574,0.1162,0.03933,0.01605,0.02508,0.03823,0.2056,0.2094,
2.115,0.1855,0.09471,0.0597,0.03463,0.1597,0.1158,0.03917,0.01605,0.02631,0.037,0.2066,0.2103,
2.116,0.1699,0.09461,0.05957,0.03486,0.1592,0.1159,0.0392,0.01606,0.02661,0.03674,0.2068,0.2105,
2.116,0.1747,0.09441,0.05974,0.03495,0.1589,0.116,0.03959,0.016,0.02797,0.03509,0.2069,0.2105,
2.119,0.1653,0.09782,0.0597,0.03506,0.1586,0.1155,0.0396,0.01614,0.02798,0.03497,0.2069,0.2077,
2.116,0.1586,0.09485,0.05984,0.03517,0.1612,0.1132,0.03961,0.01614,0.02821,0.03475,0.207,0.2101,
2.118,0.1619,0.09753,0.06003,0.03522,0.161,0.1122,0.03976,0.01621,0.02888,0.03383,0.2079,0.2074,
2.117,0.1657,0.09696,0.06013,0.03511,0.1611,0.1119,0.03965,0.01622,0.0289,0.03384,0.208,0.2082,
2.107,0.1715,0.09662,0.06018,0.03515,0.161,0.1203,0.03166,0.01592,0.02943,0.03334,0.2082,0.2083,
2.107,0.1655,0.0965,0.06008,0.03535,0.1607,0.1195,0.03181,0.01593,0.02931,0.03336,0.2082,0.2092,
2.108,0.1754,0.09783,0.06013,0.03543,0.1608,0.1185,0.03182,0.01612,0.0297,0.03282,0.2084,0.2085,
2.108,0.1644,0.09777,0.06019,0.03559,0.1601,0.1176,0.03198,0.01617,0.03015,0.03226,0.2085,0.2097,
2.106,0.1899,0.09704,0.06036,0.0357,0.16,0.1156,0.03191,0.01645,0.02975,0.03224,0.2094,0.2115,
2.106,0.1902,0.09671,0.06037,0.03579,0.1619,0.1152,0.03224,0.01633,0.02981,0.03204,0.2096,0.21,
2.105,0.182,0.0961,0.06032,0.03553,0.1619,0.1148,0.03222,0.01632,0.02984,0.03184,0.2105,0.2106,
2.105,0.1825,0.09588,0.06035,0.03564,0.1613,0.1151,0.03215,0.0162,0.03009,0.03165,0.2107,0.2108,
2.109,0.1571,0.09663,0.05997,0.03573,0.1612,0.1146,0.03224,0.01629,0.02986,0.03387,0.2094,0.2102,
2.115,0.1609,0.09753,0.05986,0.0359,0.1605,0.1131,0.0322,0.01629,0.03052,0.03697,0.2067,0.2105,
2.116,0.1582,0.09743,0.05994,0.03602,0.1596,0.113,0.03232,0.01685,0.03071,0.03623,0.2069,0.211,
2.115,0.159,0.09676,0.0599,0.0357,0.1596,0.1129,0.03245,0.01682,0.03159,0.03518,0.2078,0.2112,
2.118,0.1655,0.1021,0.0597,0.03585,0.1589,0.1118,0.03247,0.01704,0.03164,0.03477,0.2089,0.2068,
2.116,0.1636,0.0985,0.05963,0.03593,0.1616,0.1118,0.03275,0.01686,0.03308,0.0332,0.2099,0.2067,
2.118,0.1737,0.09771,0.05951,0.03597,0.1619,0.1121,0.03251,0.017,0.03403,0.03406,0.2082,0.2069,
2.118,0.1627,0.09711,0.05938,0.03602,0.1617,0.1119,0.03246,0.01724,0.03418,0.03353,0.2099,0.2066,
2.118,0.1714,0.09647,0.05936,0.03616,0.1618,0.1121,0.03235,0.01763,0.03382,0.03372,0.2099,0.2067,
2.119,0.1632,0.09614,0.05954,0.03572,0.1613,0.1119,0.03238,0.01778,0.03371,0.03485,0.209,0.2077,
2.119,0.161,0.09533,0.05967,0.03585,0.1615,0.112,0.0324,0.01779,0.0345,0.0341,0.2091,0.2078,
2.12,0.1759,0.0947,0.0597,0.0359,0.1615,0.1115,0.03252,0.01763,0.03473,0.03473,0.209,0.208,
2.119,0.1713,0.09442,0.05966,0.03593,0.1613,0.1107,0.03236,0.01761,0.0347,0.03469,0.2099,0.2086,
2.12,0.1636,0.0942,0.05982,0.03604,0.1612,0.11,0.0325,0.01747,0.03551,0.03496,0.2089,0.2094,
2.12,0.1426,0.09344,0.05981,0.03612,0.1611,0.11,0.03262,0.01754,0.03528,0.03494,0.2099,0.2093,
2.116,0.1532,0.0931,0.05984,0.03575,0.1606,0.1072,0.03257,0.0174,0.03568,0.0345,0.2108,0.2125,
2.116,0.1484,0.09258,0.05992,0.03587,0.1602,0.1065,0.0326,0.01833,0.03518,0.03417,0.211,0.2136,
2.115,0.1484,0.09233,0.06002,0.03597,0.1596,0.1051,0.03264,0.01835,0.03591,0.03351,0.2112,0.2154,
2.113,0.1511,0.0894,0.06003,0.03609,0.1611,0.1048,0.03265,0.01836,0.03695,0.03249,0.2124,0.2157,
2.111,0.1509,0.08869,0.06016,0.03612,0.1611,0.1041,0.03223,0.01834,0.03832,0.03106,0.2133,0.2166,
2.114,0.1568,0.09143,0.06052,0.03568,0.1606,0.1032,0.03251,0.01833,0.03863,0.0312,0.2134,0.2145,
2.114,0.1517,0.0914,0.06062,0.03573,0.1601,0.1034,0.03277,0.01798,0.03866,0.03122,0.2136,0.2146,
2.111,0.1705,0.09109,0.0606,0.03532,0.1597,0.1021,0.03292,0.01779,0.04001,0.02981,0.2145,0.2161,
2.102,0.1724,0.09031,0.06052,0.03556,0.1599,0.1079,0.02661,0.01781,0.04079,0.02908,0.2146,0.2169,
2.098,0.1616,0.0941,0.06082,0.03557,0.1598,0.1159,0.01754,0.01784,0.04058,0.03342,0.2111,0.2133,
2.098,0.1577,0.09316,0.0612,0.03564,0.1597,0.1155,0.01755,0.0182,0.04091,0.03282,0.2113,0.214,
2.098,0.1574,0.09255,0.06124,0.03577,0.1596,0.1147,0.01779,0.01798,0.04142,0.03236,0.2115,0.2151,
2.098,0.1756,0.09259,0.06123,0.03588,0.1608,0.1129,0.01781,0.018,0.04146,0.03292,0.2112,0.2152,
2.098,0.178,0.09216,0.06129,0.03602,0.1606,0.1118,0.01797,0.01786,0.04196,0.03247,0.2113,0.2165,
2.105,0.1708,0.09878,0.06113,0.03619,0.1611,0.1115,0.01799,0.01787,0.04247,0.03319,0.2103,0.2095,
2.112,0.171,0.1016,0.06119,0.03615,0.1614,0.11,0.01796,0.01785,0.04265,0.03653,0.2084,0.2063,
2.106,0.1776,0.1,0.06111,0.03635,0.1625,0.109,0.0266,0.00893,0.04458,0.03464,0.2086,0.2077,
2.106,0.1741,0.09975,0.06106,0.03651,0.1624,0.1087,0.02675,0.009118,0.0445,0.03443,0.2086,0.2082,
2.104,0.1969,0.09941,0.06105,0.03609,0.1624,0.1076,0.02689,0.00899,0.04452,0.03444,0.2087,0.2099,
2.103,0.2026,0.09816,0.0611,0.03614,0.1632,0.1071,0.02678,0.008994,0.04499,0.03401,0.2088,0.2107,
2.101,0.1841,0.09747,0.06102,0.0363,0.1634,0.1054,0.02694,0.008855,0.04649,0.03257,0.209,0.2126,
2.099,0.1732,0.09669,0.06102,0.03571,0.1628,0.1051,0.02695,0.008856,0.04699,0.03208,0.2101,0.2136,
2.1,0.1791,0.09902,0.06081,0.03595,0.162,0.1043,0.02696,0.008858,0.04739,0.03171,0.2112,0.2117,
2.1,0.1755,0.09832,0.06074,0.03619,0.1618,0.1045,0.02712,0.008736,0.04783,0.03137,0.2115,0.212,
2.103,0.1766,0.09834,0.06106,0.03636,0.162,0.1031,0.02713,0.009055,0.04784,0.03264,0.21,0.2125,
2.102,0.1885,0.09811,0.06111,0.03595,0.1617,0.1029,0.02728,0.008928,0.04787,0.03266,0.2101,0.2134,
2.103,0.1748,0.1016,0.06106,0.03608,0.1613,0.1011,0.02744,0.008957,0.04803,0.03244,0.2103,0.2116,
2.104,0.1768,0.1042,0.06094,0.03599,0.1612,0.1011,0.0271,0.00897,0.04918,0.0314,0.2106,0.2093,
2.103,0.1998,0.103,0.06103,0.0361,0.1617,0.1004,0.027,0.009111,0.04961,0.03091,0.2108,0.2104,
2.102,0.2049,0.1025,0.06079,0.03628,0.1617,0.1006,0.02688,0.009254,0.05192,0.02853,0.211,0.2106,
2.101,0.1963,0.1019,0.06066,0.03638,0.1619,0.1003,0.02676,0.009259,0.0522,0.02829,0.2111,0.2112,
2.1,0.1848,0.1014,0.06068,0.03647,0.1616,0.1003,0.02675,0.009255,0.05217,0.02828,0.2121,0.2111,
2.101,0.185,0.1008,0.06066,0.03664,0.161,0.09992,0.02679,0.01005,0.05147,0.02833,0.2124,0.2119,
2.101,0.1884,0.1003,0.06073,0.03678,0.1606,0.09958,0.02682,0.01037,0.05239,0.02718,0.2126,0.2126,
2.1,0.1789,0.09978,0.06078,0.03685,0.1596,0.09919,0.02679,0.01049,0.05281,0.02654,0.2145,0.2126,
2.1,0.187,0.09943,0.06084,0.03698,0.159,0.09918,0.02645,0.0109,0.05248,0.02657,0.2148,0.2134,
2.098,0.1825,0.09928,0.06091,0.03702,0.1588,0.09871,0.02626,0.01073,0.05342,0.02565,0.2149,0.2143,
2.096,0.2002,0.09861,0.06095,0.03705,0.1587,0.09797,0.02627,0.01074,0.05404,0.02507,0.2149,0.2157,
2.1,0.1866,0.09942,0.06076,0.03723,0.1603,0.09679,0.02612,0.01092,0.05412,0.02625,0.2143,0.2137,
2.067,0.1875,0.09923,0.06089,0.03689,0.1599,0.1126,0.009175,0.01092,0.05425,0.02605,0.2145,0.2157,
2.066,0.184,0.09832,0.06107,0.03695,0.1601,0.1112,0.009056,0.01113,0.05438,0.02576,0.2146,0.2174,
2.062,0.1848,0.09711,0.06099,0.03662,0.1604,0.1104,0.009038,0.01148,0.05578,0.02367,0.2164,0.2182,
2.059,0.1782,0.09649,0.06091,0.03572,0.1604,0.1104,0.00892,0.01174,0.05564,0.02348,0.2173,0.219,
2.073,0.1728,0.1033,0.0608,0.03551,0.1599,0.1084,0.008916,0.01173,0.05561,0.02855,0.2132,0.214,
2.072,0.1958,0.1029,0.06098,0.03559,0.1599,0.1079,0.00865,0.01214,0.05586,0.02793,0.2133,0.2149,
2.077,0.1803,0.1085,0.06098,0.03563,0.1598,0.1069,0.008811,0.01213,0.05602,0.02815,0.213,0.2101,
2.079,0.1709,0.1078,0.06089,0.03562,0.1595,0.1058,0.008663,0.01224,0.05579,0.03005,0.2128,0.2108,
2.078,0.1785,0.1066,0.06086,0.03518,0.1601,0.105,0.009702,0.01092,0.05576,0.03104,0.2128,0.2121,
2.078,0.1742,0.1061,0.06091,0.03525,0.1602,0.1048,0.009704,0.01126,0.05543,0.03105,0.2128,0.2124,
2.086,0.1801,0.1077,0.06106,0.03538,0.1602,0.1044,0.009709,0.01127,0.05658,0.03395,0.2089,0.2108,
2.085,0.1795,0.1071,0.06095,0.03536,0.1599,0.104,0.00958,0.01125,0.0565,0.0339,0.2106,0.2109,
2.084,0.1722,0.1068,0.06094,0.03545,0.1599,0.1031,0.009584,0.01125,0.05677,0.03365,0.2107,0.2119,
2.083,0.1672,0.1063,0.06078,0.03531,0.1598,0.1027,0.00959,0.01126,0.05713,0.03337,0.2109,0.2128,
2.083,0.1778,0.1053,0.06089,0.03543,0.1596,0.1029,0.009843,0.01104,0.05747,0.03316,0.2112,0.2131,
2.082,0.17,0.1045,0.0609,0.03547,0.1598,0.1023,0.009836,0.01103,0.05743,0.03314,0.2121,0.2135,
2.081,0.1676,0.1032,0.06105,0.03522,0.1595,0.1022,0.009993,0.01113,0.05709,0.0331,0.214,0.2135,
2.08,0.1746,0.1028,0.06111,0.03535,0.1596,0.1018,0.009996,0.01157,0.05801,0.03175,0.2141,0.214,
2.087,0.1735,0.1061,0.0611,0.03546,0.1596,0.1014,0.01,0.01189,0.05774,0.03391,0.2121,0.2106,
2.087,0.1816,0.1052,0.06126,0.03555,0.1599,0.1017,0.01001,0.01195,0.05755,0.03394,0.2122,0.2108,
2.087,0.1842,0.1048,0.06147,0.03563,0.1597,0.1017,0.01001,0.01196,0.05783,0.0337,0.2123,0.2109,
2.087,0.1682,0.1044,0.06146,0.03564,0.1594,0.1011,0.01001,0.01229,0.05821,0.03292,0.2133,0.2113,
2.085,0.1734,0.1038,0.0614,0.03574,0.1591,0.09851,0.01015,0.01214,0.0582,0.03363,0.2136,0.2138,
2.084,0.1699,0.1029,0.0615,0.03585,0.1593,0.09678,0.01077,0.01154,0.05891,0.03298,0.2137,0.2158,
2.089,0.1723,0.1038,0.06137,0.03587,0.1589,0.09622,0.01091,0.01135,0.0592,0.036,0.212,0.2144,
2.091,0.1617,0.1048,0.06136,0.03607,0.1591,0.09607,0.01103,0.01144,0.0595,0.03565,0.2123,0.2128,
2.088,0.1678,0.1042,0.06132,0.03609,0.1585,0.0946,0.01102,0.01142,0.06019,0.03481,0.2141,0.2138,
2.087,0.1766,0.1034,0.06138,0.0357,0.1588,0.09416,0.01089,0.01143,0.06023,0.03483,0.2142,0.215,
2.095,0.1728,0.1061,0.06162,0.03587,0.1587,0.09424,0.01115,0.01168,0.05977,0.03781,0.2114,0.2116,
2.094,0.1713,0.1055,0.06153,0.03592,0.1584,0.0933,0.01115,0.01168,0.05998,0.03758,0.2124,0.2125,
2.094,0.1688,0.1049,0.06149,0.03604,0.1588,0.0928,0.01124,0.01182,0.06003,0.03733,0.2125,0.2131,
2.094,0.1742,0.1045,0.06155,0.03609,0.1581,0.0928,0.01124,0.01214,0.0597,0.03733,0.2135,0.213,
2.079,0.176,0.1029,0.06168,0.03621,0.158,0.09653,0.005903,0.01213,0.05964,0.03729,0.2155,0.2143,
2.077,0.1857,0.102,0.0618,0.03601,0.1577,0.09665,0.00575,0.01213,0.05984,0.03706,0.2165,0.2146,
2.076,0.1858,0.1012,0.06161,0.0361,0.1578,0.09612,0.005715,0.01229,0.05987,0.03698,0.2168,0.2156,
2.079,0.1801,0.1006,0.06155,0.0362,0.1611,0.09617,0.005718,0.01243,0.05977,0.03826,0.2156,0.2126,
2.077,0.1926,0.09965,0.06174,0.03578,0.1609,0.09616,0.005423,0.01262,0.06001,0.03779,0.2166,0.2133,
2.077,0.1906,0.1008,0.06176,0.03589,0.1612,0.09567,0.005426,0.01262,0.06332,0.03504,0.2162,0.212,
2.083,0.1721,0.1006,0.06177,0.03603,0.1607,0.09577,0.005431,0.01264,0.06396,0.03788,0.2131,0.2122,
2.083,0.1882,0.1002,0.06191,0.03615,0.1606,0.09513,0.005432,0.01264,0.06678,0.03628,0.2119,0.213,
2.083,0.1844,0.09954,0.06207,0.03615,0.1602,0.0946,0.005574,0.01294,0.06713,0.03545,0.2129,0.2134,
2.083,0.1943,0.09892,0.06213,0.03633,0.1602,0.09465,0.005577,0.01308,0.06732,0.03518,0.2131,0.2135,
2.084,0.1967,0.09873,0.06211,0.03647,0.16,0.09433,0.0102,0.008472,0.06798,0.03456,0.2131,0.214,
2.081,0.1852,0.1002,0.06222,0.03612,0.16,0.09488,0.009087,0.008788,0.06808,0.03407,0.2133,0.2132,
2.08,0.1851,0.0991,0.0623,0.03627,0.1606,0.09414,0.009124,0.008735,0.06826,0.03385,0.2134,0.2143,
2.081,0.1862,0.1005,0.06228,0.03638,0.1609,0.09393,0.00913,0.008741,0.06844,0.03373,0.2135,0.2124,
2.08,0.1885,0.1003,0.0623,0.03603,0.1608,0.09355,0.00912,0.008866,0.06889,0.03304,0.2144,0.2128,
2.08,0.181,0.0993,0.06274,0.03616,0.1611,0.09301,0.009409,0.008715,0.06917,0.03264,0.2144,0.2134,
2.081,0.1823,0.09866,0.0629,0.03622,0.1613,0.09317,0.009278,0.009389,0.07078,0.03148,0.2134,0.2135,
2.082,0.1857,0.1018,0.06302,0.03573,0.1613,0.09245,0.009456,0.009492,0.07145,0.0306,0.2135,0.2111,
2.081,0.1902,0.1014,0.06299,0.03581,0.1612,0.09186,0.009447,0.009617,0.07195,0.02988,0.2144,0.2114,
2.081,0.184,0.1008,0.06287,0.036,0.1615,0.09111,0.00945,0.009951,0.07204,0.02987,0.2141,0.2123,
2.08,0.1756,0.1003,0.06283,0.03608,0.1618,0.09036,0.009704,0.009936,0.07208,0.02964,0.2142,0.2131,
2.078,0.175,0.09767,0.06288,0.03616,0.1639,0.08942,0.009709,0.009942,0.07264,0.02914,0.2143,0.2142,
2.082,0.1757,0.09934,0.06304,0.03622,0.1634,0.08949,0.009716,0.009949,0.07385,0.0296,0.2129,0.2125,
2.082,0.1824,0.09924,0.06298,0.03637,0.1631,0.08954,0.01004,0.009775,0.07408,0.02929,0.213,0.2127,
2.081,0.1731,0.09909,0.06283,0.03646,0.1628,0.0892,0.01004,0.009916,0.07462,0.02868,0.2131,0.2132,
2.078,0.1651,0.09851,0.06296,0.03653,0.1622,0.0883,0.01004,0.01005,0.0766,0.02656,0.2142,0.2141,
2.074,0.193,0.0949,0.06302,0.03564,0.1652,0.0878,0.009801,0.01062,0.07674,0.02593,0.2143,0.216,
2.07,0.1871,0.09395,0.06283,0.03516,0.1656,0.08707,0.01015,0.0105,0.07784,0.0244,0.2153,0.2173,
2.068,0.1775,0.0932,0.0629,0.03528,0.166,0.08613,0.01002,0.01068,0.07847,0.02361,0.2153,0.2184,
2.068,0.1798,0.09296,0.06306,0.03538,0.1659,0.08614,0.01002,0.01082,0.0789,0.02306,0.2153,0.2184,
2.066,0.1829,0.09234,0.06309,0.03554,0.1661,0.08572,0.01002,0.01082,0.08018,0.02181,0.2154,0.2189,
2.066,0.1941,0.09224,0.06322,0.03563,0.1656,0.08575,0.01017,0.01068,0.08023,0.02182,0.2156,0.2191,
2.07,0.1876,0.09428,0.06321,0.03571,0.1653,0.08575,0.01031,0.01083,0.07999,0.0225,0.215,0.2172,
2.071,0.1713,0.0942,0.0633,0.0358,0.1648,0.08579,0.0107,0.01058,0.0799,0.02251,0.2151,0.2173,
2.07,0.1748,0.09413,0.06335,0.03591,0.1644,0.08583,0.01071,0.01059,0.08024,0.02221,0.2152,0.2174,
2.067,0.1735,0.09811,0.06337,0.03603,0.1644,0.09,0.006,0.01059,0.08098,0.0242,0.2125,0.2138,
2.066,0.1746,0.09775,0.06337,0.03614,0.1646,0.08973,0.006001,0.01059,0.08181,0.02338,0.2125,0.2141,
2.065,0.1937,0.09749,0.06324,0.0362,0.1639,0.08958,0.005991,0.01071,0.08182,0.02306,0.2143,0.2138,
2.064,0.172,0.09707,0.06316,0.03625,0.1623,0.08911,0.00599,0.01097,0.08196,0.02263,0.2164,0.2142,
2.063,0.1887,0.09629,0.06322,0.03641,0.1616,0.08882,0.006119,0.01107,0.08198,0.02231,0.2176,0.2146,
2.063,0.1734,0.09602,0.06308,0.03648,0.1615,0.08848,0.006365,0.0115,0.08217,0.02151,0.2177,0.2152,
2.064,0.1789,0.094,0.06305,0.03668,0.1631,0.08819,0.006368,0.01259,0.0815,0.02115,0.2178,0.2156,
2.073,0.1839,0.09653,0.06302,0.03681,0.1631,0.08826,0.006616,0.01297,0.08173,0.02315,0.2152,0.2126,
2.098,0.1988,0.09612,0.06299,0.03689,0.1628,0.08834,0.006477,0.03399,0.06169,0.02375,0.2145,0.2125,
2.097,0.1999,0.09561,0.06295,0.0369,0.1622,0.08833,0.006477,0.03417,0.06192,0.023,0.2163,0.2121,
2.102,0.1866,0.09476,0.06295,0.03699,0.1624,0.08796,0.006479,0.0349,0.06143,0.02537,0.2138,0.213,
2.102,0.1751,0.09365,0.06291,0.03715,0.1631,0.088,0.006751,0.03464,0.06189,0.02494,0.2139,0.2131,
2.101,0.1824,0.09336,0.06309,0.0369,0.1627,0.08749,0.006755,0.03466,0.06193,0.02496,0.214,0.2142,
2.1,0.1878,0.09278,0.06313,0.03698,0.1628,0.08754,0.006759,0.03468,0.06269,0.02424,0.2141,0.2143,
2.098,0.1828,0.09263,0.06316,0.03708,0.1624,0.08673,0.006619,0.03459,0.06364,0.02335,0.2142,0.2155,
2.097,0.1775,0.09235,0.06317,0.03715,0.1622,0.08645,0.006507,0.03461,0.06367,0.02337,0.2144,0.2161,
2.105,0.1798,0.09634,0.06343,0.03723,0.1613,0.08593,0.01014,0.03134,0.06366,0.02307,0.2146,0.213,
2.103,0.1819,0.09279,0.06349,0.03733,0.1645,0.08553,0.01033,0.03117,0.06368,0.02308,0.2147,0.2135,
2.102,0.2092,0.09182,0.06359,0.03703,0.165,0.08557,0.01033,0.03132,0.06413,0.02254,0.2148,0.2139,
2.098,0.1885,0.09058,0.06355,0.03702,0.165,0.08431,0.0103,0.03122,0.06459,0.02181,0.2173,0.2143,
2.102,0.1854,0.09079,0.06364,0.03701,0.1652,0.08246,0.01043,0.03119,0.0644,0.02395,0.2161,0.2148,
2.102,0.1872,0.09052,0.06378,0.03717,0.1651,0.08248,0.01051,0.03138,0.06415,0.02396,0.2161,0.2149,
2.1,0.1896,0.08959,0.06379,0.03725,0.1649,0.08104,0.01051,0.03155,0.06396,0.02395,0.2171,0.2163,
2.104,0.1964,0.09038,0.0637,0.03733,0.1648,0.0807,0.0105,0.03153,0.06391,0.02567,0.2163,0.2151,
2.104,0.2121,0.08922,0.06386,0.03745,0.1654,0.08073,0.01051,0.03154,0.06394,0.02568,0.2164,0.2152,
2.108,0.1998,0.0929,0.06394,0.03755,0.1653,0.07941,0.01051,0.03169,0.06396,0.02655,0.2155,0.2127,
2.108,0.1787,0.09245,0.06393,0.03767,0.1654,0.07908,0.01016,0.03196,0.06465,0.02671,0.2145,0.2135,
2.108,0.1843,0.09234,0.0639,0.03779,0.1652,0.07869,0.01016,0.03198,0.06468,0.02672,0.2146,0.214,
2.107,0.1844,0.0921,0.06408,0.03745,0.1651,0.0782,0.01016,0.03211,0.06455,0.02672,0.2146,0.2149,
2.113,0.2018,0.09289,0.06391,0.03755,0.1641,0.07776,0.009966,0.03276,0.06452,0.02938,0.2122,0.2149,
2.114,0.1912,0.09461,0.06392,0.03763,0.1638,0.07782,0.009972,0.03331,0.06444,0.029,0.2123,0.2131,
2.113,0.1828,0.09396,0.06403,0.0377,0.1636,0.07767,0.01022,0.03288,0.06508,0.02818,0.2133,0.2134,
2.112,0.1765,0.0937,0.06395,0.03786,0.1633,0.07717,0.01021,0.0331,0.06494,0.02797,0.2142,0.2136,
2.111,0.1821,0.09323,0.06406,0.03759,0.1635,0.0762,0.01021,0.03325,0.06482,0.02798,0.2142,0.215,
2.111,0.1782,0.09371,0.06404,0.03725,0.1636,0.07634,0.01011,0.0334,0.06472,0.02799,0.2143,0.2146,
2.113,0.193,0.09047,0.06392,0.03745,0.1664,0.07649,0.01,0.04715,0.05156,0.02745,0.2144,0.2147,
2.112,0.1996,0.09007,0.06412,0.0375,0.1663,0.07528,0.01016,0.04715,0.05145,0.02746,0.2145,0.216,
2.112,0.1999,0.09105,0.06417,0.03716,0.1689,0.07417,0.01029,0.04711,0.0515,0.02721,0.2154,0.213,
2.114,0.2177,0.09081,0.06381,0.03723,0.168,0.07334,0.01028,0.0472,0.05131,0.02907,0.2155,0.2135,
2.113,0.1969,0.09005,0.06379,0.03743,0.1677,0.07357,0.01016,0.0474,0.05237,0.02799,0.2158,0.2138,
2.112,0.203,0.08932,0.06389,0.03758,0.1679,0.0736,0.01016,0.04742,0.05375,0.02665,0.2159,0.2139,
2.109,0.1989,0.08869,0.06362,0.03775,0.1672,0.07266,0.009881,0.04736,0.05368,0.02661,0.2177,0.2148,
2.108,0.201,0.08822,0.06383,0.03729,0.1671,0.07193,0.01002,0.04777,0.05318,0.02662,0.2178,0.2161,
2.107,0.1935,0.08797,0.06366,0.03748,0.167,0.07113,0.01003,0.04779,0.05321,0.02664,0.218,0.2171,
2.094,0.2361,0.089,0.0636,0.03758,0.1671,0.07078,0.01026,0.07914,0.02165,0.02808,0.2172,0.2156,
2.09,0.2299,0.0935,0.06351,0.03764,0.1675,0.0757,0.00488,0.07921,0.02186,0.03053,0.2153,0.2104,
2.09,0.2189,0.09339,0.06338,0.03739,0.167,0.07548,0.005106,0.07933,0.02204,0.03013,0.2155,0.2113,
2.089,0.1902,0.09223,0.06345,0.03708,0.1672,0.07422,0.005112,0.07943,0.02207,0.03088,0.215,0.2133,
2.087,0.1958,0.08974,0.06348,0.03716,0.1692,0.07365,0.004898,0.07947,0.02403,0.02894,0.2151,0.2143,
2.116,0.2113,0.08948,0.06352,0.03685,0.1687,0.07362,0.02213,0.06213,0.02435,0.02867,0.2153,0.2152,
2.116,0.2058,0.08905,0.06365,0.03697,0.1678,0.07357,0.02259,0.06185,0.02426,0.02872,0.2157,0.2159,
2.115,0.2095,0.08857,0.06365,0.03674,0.1679,0.0736,0.02287,0.06174,0.02413,0.02873,0.2158,0.2163,
2.116,0.2286,0.09015,0.06389,0.03681,0.168,0.07296,0.02288,0.06191,0.0244,0.02836,0.2159,0.2147,
2.115,0.1997,0.08901,0.06382,0.03685,0.1687,0.07237,0.023,0.06182,0.02467,0.02793,0.2168,0.2151,
2.117,0.1944,0.08875,0.06373,0.03691,0.1684,0.07231,0.02322,0.06153,0.0255,0.02833,0.2164,0.2149,
2.116,0.2088,0.08839,0.0639,0.03704,0.1684,0.07143,0.0232,0.06164,0.02537,0.02834,0.2165,0.2159,
2.113,0.2115,0.08805,0.0638,0.03715,0.1676,0.07302,0.02145,0.06124,0.02677,0.02694,0.2176,0.2165,
2.113,0.2119,0.08803,0.06382,0.0373,0.1668,0.07308,0.02147,0.06129,0.02703,0.02673,0.2177,0.2167,
2.113,0.2114,0.08762,0.06405,0.03707,0.1663,0.07314,0.02149,0.06134,0.02719,0.02661,0.2179,0.2173,
2.113,0.2113,0.08736,0.06418,0.03714,0.1661,0.07317,0.02163,0.06149,0.02692,0.02662,0.218,0.2173,
2.117,0.2042,0.08935,0.06395,0.03721,0.1666,0.07272,0.02178,0.06139,0.02729,0.02732,0.2171,0.2153,
2.117,0.2046,0.089,0.06407,0.03734,0.1663,0.07226,0.02193,0.06129,0.02842,0.02622,0.2172,0.216,
2.115,0.2081,0.0888,0.06416,0.0374,0.1661,0.07164,0.02169,0.06131,0.02857,0.0261,0.2173,0.217,
2.122,0.2338,0.09019,0.064,0.03763,0.1659,0.07117,0.02167,0.06125,0.0287,0.02872,0.2153,0.2154,
2.12,0.2495,0.08983,0.06404,0.03775,0.1659,0.0701,0.02168,0.06141,0.02896,0.02833,0.2154,0.2166,
2.119,0.2234,0.08882,0.06408,0.03781,0.1654,0.06925,0.02167,0.06139,0.02895,0.02832,0.2164,0.2178,
2.118,0.2132,0.08818,0.0641,0.03801,0.1652,0.06838,0.02196,0.06118,0.0292,0.02813,0.2167,0.219,
2.114,0.2144,0.087,0.06419,0.03763,0.1644,0.0669,0.02185,0.06121,0.02913,0.02796,0.2186,0.2211,
2.112,0.221,0.08562,0.06414,0.03764,0.1649,0.06677,0.02221,0.06069,0.02988,0.02711,0.2203,0.2207,
2.122,0.2071,0.09199,0.06418,0.03736,0.165,0.0668,0.02222,0.06071,0.03032,0.0287,0.2184,0.2144,
2.121,0.2129,0.09107,0.06454,0.03747,0.1652,0.06676,0.02203,0.06066,0.03044,0.02839,0.2184,0.2149,
2.119,0.218,0.08884,0.06455,0.03759,0.167,0.06648,0.02182,0.06069,0.03046,0.02841,0.2186,0.2156,
2.117,0.2252,0.08859,0.06451,0.03725,0.1664,0.06645,0.02194,0.06052,0.03111,0.02773,0.2195,0.2159,
2.109,0.2346,0.09017,0.06445,0.03642,0.1664,0.07889,0.01698,0.05283,0.03249,0.02647,0.2192,0.2157,
2.114,0.2447,0.08966,0.06449,0.03652,0.1661,0.07883,0.04705,0.0227,0.03317,0.02629,0.2196,0.2156,
2.112,0.2401,0.08684,0.06461,0.0367,0.1682,0.07783,0.04736,0.02244,0.03343,0.02607,0.2198,0.2167,
2.111,0.2443,0.08677,0.06468,0.03685,0.1669,0.07759,0.0473,0.02263,0.03438,0.02507,0.2201,0.2177,
2.112,0.2129,0.08652,0.06478,0.03694,0.1664,0.07766,0.04735,0.02308,0.03399,0.02509,0.2203,0.2179,
2.117,0.2077,0.08927,0.06454,0.03706,0.1654,0.07744,0.04722,0.02315,0.03376,0.02664,0.2214,0.2141,
2.118,0.2087,0.08915,0.06433,0.03644,0.1651,0.0775,0.04747,0.02294,0.03378,0.02828,0.22,0.2151,
2.123,0.2041,0.08832,0.06441,0.03648,0.1652,0.0769,0.04753,0.02283,0.03408,0.03102,0.2178,0.2154,
2.122,0.1663,0.08823,0.06443,0.03656,0.1651,0.07596,0.04753,0.02284,0.03422,0.03089,0.2178,0.2164,
2.12,0.1784,0.08723,0.06446,0.03666,0.1652,0.07439,0.04751,0.02282,0.03436,0.03071,0.2188,0.2178,
2.125,0.177,0.0882,0.06457,0.03592,0.1649,0.07254,0.04753,0.0232,0.03423,0.03423,0.2152,0.2195,
2.125,0.1918,0.08964,0.06442,0.03562,0.1645,0.07212,0.04747,0.02303,0.03572,0.03312,0.2165,0.2179,
2.125,0.1835,0.08909,0.06468,0.03576,0.164,0.07171,0.04751,0.02305,0.03632,0.03258,0.2167,0.2186,
2.121,0.1933,0.08827,0.06447,0.03524,0.1635,0.07052,0.04745,0.02302,0.03627,0.03253,0.2186,0.2202,
2.119,0.1759,0.08778,0.06445,0.0353,0.1634,0.07013,0.04727,0.023,0.03771,0.03104,0.2195,0.2205,
2.116,0.1909,0.08764,0.06431,0.03436,0.1632,0.06924,0.04722,0.02298,0.03767,0.03101,0.2203,0.2221,
2.115,0.1803,0.08718,0.06423,0.03447,0.1625,0.06912,0.04714,0.02313,0.03741,0.03095,0.2222,0.2217,
2.118,0.1976,0.08683,0.0642,0.03455,0.1642,0.0683,0.04717,0.02315,0.03743,0.03293,0.2203,0.2209,
2.124,0.1836,0.08931,0.06391,0.03479,0.1639,0.06825,0.04714,0.02313,0.0374,0.03472,0.2195,0.218,
2.124,0.1848,0.08891,0.06399,0.03485,0.164,0.06827,0.04715,0.02314,0.03742,0.03473,0.2195,0.218,
2.13,0.1886,0.0938,0.06392,0.03489,0.1633,0.06788,0.04707,0.02299,0.03736,0.03659,0.2195,0.2127,
2.129,0.1831,0.09308,0.06397,0.03478,0.1633,0.06808,0.04711,0.02287,0.03802,0.036,0.2197,0.2131,
2.129,0.1781,0.09281,0.06383,0.03493,0.1633,0.06825,0.047,0.02299,0.03793,0.03601,0.2198,0.2132,
2.129,0.2034,0.09176,0.06411,0.03507,0.163,0.068,0.04693,0.02353,0.03798,0.03555,0.2201,0.2139,
2.132,0.1749,0.09135,0.06418,0.03515,0.1627,0.06836,0.04649,0.02352,0.03859,0.03718,0.2187,0.2138,
2.132,0.1797,0.09087,0.06423,0.03528,0.1625,0.06834,0.04612,0.02392,0.03846,0.03697,0.2189,0.2144,
2.132,0.1605,0.0902,0.06436,0.03543,0.1618,0.06859,0.0462,0.02382,0.03853,0.03703,0.2193,0.2148,
2.127,0.1752,0.08956,0.06447,0.03558,0.1605,0.07527,0.03904,0.02388,0.03886,0.03676,0.2211,0.215,
2.126,0.1608,0.08835,0.06437,0.03535,0.1607,0.07514,0.03911,0.02411,0.04006,0.03546,0.2224,0.2149,
2.126,0.1667,0.08783,0.0644,0.03548,0.1602,0.07524,0.03916,0.02415,0.04011,0.03551,0.2227,0.2152,
2.119,0.1839,0.08919,0.06479,0.03567,0.1596,0.07509,0.05074,0.0125,0.041,0.03586,0.2217,0.2139,
2.118,0.1884,0.08808,0.06489,0.03583,0.1593,0.07545,0.0505,0.01237,0.04101,0.03586,0.2228,0.2139,
2.12,0.1846,0.08785,0.06485,0.0359,0.1583,0.07471,0.05051,0.01237,0.04101,0.03734,0.2225,0.2147,
2.12,0.1861,0.08747,0.06497,0.03604,0.1576,0.07528,0.0501,0.01238,0.04106,0.03738,0.2228,0.215,
2.12,0.2083,0.08678,0.06496,0.03615,0.1579,0.0743,0.05043,0.01208,0.04134,0.03812,0.2219,0.2161,
2.119,0.22,0.08614,0.06532,0.03621,0.158,0.07444,0.05043,0.01195,0.04194,0.03753,0.2219,0.2161,
2.134,0.2233,0.0896,0.06535,0.03628,0.1578,0.0745,0.05047,0.02105,0.03327,0.03943,0.2198,0.2124,
2.133,0.213,0.08905,0.06554,0.03601,0.1578,0.07366,0.05049,0.02119,0.03341,0.03918,0.2199,0.2137,
2.134,0.2029,0.08851,0.0656,0.0361,0.1573,0.07378,0.05034,0.02132,0.03376,0.03955,0.2201,0.2137,
2.139,0.1996,0.08794,0.06573,0.03618,0.1569,0.074,0.05026,0.02134,0.03412,0.04206,0.2176,0.2139,
2.119,0.2285,0.08712,0.06581,0.03635,0.1569,0.09855,0.02513,0.02134,0.03402,0.04353,0.2163,0.2149,
2.119,0.1728,0.08668,0.06594,0.03639,0.157,0.09881,0.02491,0.02165,0.03441,0.04287,0.2164,0.215,
2.118,0.1762,0.08509,0.06613,0.0365,0.1579,0.09903,0.02476,0.02185,0.03506,0.04207,0.2165,0.2151,
2.118,0.2257,0.08432,0.06617,0.0366,0.1581,0.09864,0.02491,0.02173,0.03751,0.03967,0.2167,0.2157,
2.118,0.2131,0.0842,0.06605,0.03679,0.1578,0.09823,0.02492,0.02173,0.03874,0.03847,0.2168,0.2163,
2.117,0.1961,0.08367,0.0659,0.03702,0.1579,0.0978,0.02517,0.02152,0.03877,0.0385,0.2169,0.2169,
2.115,0.1829,0.08245,0.06594,0.037,0.1582,0.09649,0.02533,0.02154,0.0392,0.03801,0.2171,0.2187,
2.114,0.1967,0.08172,0.06621,0.03661,0.1585,0.09568,0.02533,0.02205,0.03895,0.03777,0.2171,0.22,
2.113,0.1943,0.08127,0.06625,0.03645,0.1583,0.09524,0.02556,0.02199,0.03909,0.03754,0.2173,0.221,
2.116,0.1934,0.08429,0.06648,0.03661,0.1577,0.09479,0.02557,0.02201,0.03953,0.03716,0.2174,0.2184,
2.116,0.2267,0.08351,0.06657,0.03674,0.1581,0.09432,0.02558,0.02201,0.03994,0.03677,0.2175,0.219,
2.114,0.2048,0.08285,0.06677,0.03661,0.1581,0.09411,0.02546,0.02216,0.042,0.03462,0.2176,0.2197,
2.118,0.2113,0.08677,0.06683,0.03664,0.1587,0.09427,0.02533,0.02244,0.04263,0.03374,0.2177,0.215,
2.118,0.2043,0.08589,0.067,0.03663,0.1585,0.09257,0.02528,0.02274,0.0434,0.03379,0.2181,0.2161,
2.115,0.2004,0.08552,0.06696,0.03545,0.1582,0.09198,0.02526,0.02272,0.04361,0.03351,0.219,0.2177,
2.114,0.2126,0.085,0.06735,0.03527,0.1582,0.09169,0.02526,0.02272,0.04361,0.03351,0.219,0.2183,
2.114,0.2022,0.08446,0.06735,0.03537,0.1586,0.09181,0.02515,0.02283,0.04351,0.03351,0.2191,0.2183,
2.113,0.2301,0.08381,0.06739,0.03545,0.1591,0.09129,0.02515,0.04396,0.02302,0.03289,0.2191,0.2189,
2.113,0.2303,0.08345,0.06716,0.03563,0.159,0.09064,0.02531,0.04435,0.02431,0.03113,0.2192,0.2198,
2.12,0.2379,0.08747,0.06712,0.03562,0.1585,0.09061,0.04052,0.02906,0.02492,0.03149,0.2199,0.2148,
2.118,0.2182,0.08597,0.06719,0.03574,0.1594,0.09036,0.04023,0.02917,0.02494,0.03127,0.22,0.2157,
2.117,0.2523,0.08535,0.06717,0.0359,0.1596,0.08983,0.04025,0.02966,0.02514,0.03049,0.2201,0.2165,
2.115,0.2429,0.08489,0.0671,0.03592,0.1592,0.08868,0.04016,0.03242,0.02315,0.02954,0.2219,0.217,
2.12,0.2344,0.08727,0.06724,0.03605,0.1592,0.08873,0.03981,0.03259,0.02406,0.02989,0.2205,0.2147,
2.12,0.2285,0.08704,0.06726,0.03617,0.1592,0.08789,0.03981,0.03259,0.02429,0.02998,0.2202,0.2156,
2.119,0.237,0.08674,0.06734,0.03623,0.1592,0.0877,0.03968,0.0328,0.02483,0.02925,0.2202,0.216,
2.119,0.2285,0.08653,0.06723,0.03631,0.1586,0.08745,0.03982,0.03275,0.0251,0.02905,0.2205,0.2166,
2.121,0.2292,0.08587,0.06718,0.03634,0.1585,0.08742,0.0398,0.03274,0.02604,0.02939,0.2202,0.2165,
2.121,0.2312,0.08513,0.06726,0.03648,0.1585,0.08739,0.03979,0.03284,0.02584,0.02941,0.2204,0.217,
2.122,0.2061,0.08678,0.06726,0.03648,0.1581,0.08654,0.03972,0.03278,0.02638,0.02947,0.2215,0.215,
2.121,0.2016,0.0864,0.06753,0.0361,0.1578,0.08606,0.03973,0.0328,0.02712,0.02876,0.2216,0.2161,
2.12,0.2064,0.08605,0.06749,0.03609,0.1577,0.08612,0.03956,0.03277,0.02709,0.02874,0.2225,0.2159,
2.121,0.2034,0.08571,0.06743,0.03625,0.1572,0.0862,0.0394,0.03275,0.02737,0.02912,0.2228,0.2158,
2.12,0.1876,0.08545,0.06722,0.0363,0.1568,0.0863,0.03924,0.03274,0.02777,0.0287,0.2238,0.2157,
2.118,0.1963,0.0853,0.06709,0.0363,0.1566,0.08636,0.03922,0.03729,0.02327,0.02841,0.2247,0.2155,
2.08,0.2217,0.08475,0.06695,0.03644,0.1567,0.1138,0.01154,0.03731,0.02364,0.02891,0.224,0.2159,
2.078,0.2075,0.08463,0.06684,0.03608,0.1563,0.1134,0.01153,0.03728,0.02385,0.02866,0.225,0.2165,
2.077,0.2044,0.08406,0.06664,0.03614,0.156,0.1126,0.01178,0.03701,0.02397,0.02824,0.2268,0.2168,
2.076,0.1979,0.08381,0.06654,0.03588,0.1561,0.1122,0.01178,0.03701,0.02419,0.02802,0.2268,0.2177,
2.075,0.2175,0.08364,0.0662,0.03602,0.1562,0.1108,0.01187,0.03732,0.02382,0.02803,0.2269,0.2193,
2.081,0.2062,0.08769,0.06614,0.03607,0.156,0.1106,0.01174,0.03733,0.02412,0.02905,0.2262,0.215,
2.08,0.2052,0.08741,0.06627,0.03585,0.1558,0.1103,0.01199,0.0373,0.02392,0.02906,0.2263,0.2158,
2.08,0.2085,0.08697,0.06628,0.03596,0.1557,0.1095,0.01249,0.03671,0.02492,0.02808,0.2264,0.217,
2.079,0.21,0.08668,0.06632,0.03602,0.1558,0.1087,0.01249,0.03671,0.0253,0.02772,0.2265,0.2178,
2.064,0.2132,0.08631,0.06638,0.03609,0.1556,0.1145,0.006663,0.03664,0.02513,0.02774,0.2266,0.2183,
2.064,0.227,0.08594,0.06639,0.03617,0.1557,0.1142,0.006529,0.03665,0.02579,0.0271,0.2267,0.2189,
2.067,0.1982,0.08691,0.06631,0.03639,0.1555,0.1135,0.006534,0.03669,0.02638,0.028,0.2255,0.2183,
2.067,0.1987,0.08651,0.06619,0.0365,0.1547,0.1131,0.006678,0.03655,0.02841,0.02599,0.2266,0.2188,
2.075,0.1966,0.08768,0.06636,0.03659,0.154,0.1127,0.006676,0.03654,0.02896,0.02908,0.224,0.2174,
2.074,0.1883,0.08727,0.06632,0.03655,0.1535,0.112,0.006672,0.03652,0.02944,0.02856,0.225,0.2181,
2.074,0.1941,0.08706,0.06626,0.03662,0.1529,0.1119,0.006669,0.03651,0.02943,0.02855,0.2261,0.218,
2.079,0.2085,0.08832,0.06627,0.03664,0.1527,0.111,0.006819,0.03703,0.02931,0.03048,0.2244,0.217,
2.078,0.2043,0.08768,0.06645,0.03649,0.1526,0.1107,0.006822,0.03704,0.02961,0.03021,0.2245,0.2178,
2.078,0.1987,0.08695,0.06655,0.03652,0.1528,0.1105,0.006963,0.03713,0.02943,0.03023,0.2247,0.2183,
2.075,0.2264,0.08425,0.06639,0.0366,0.1548,0.1097,0.006889,0.03753,0.02946,0.02974,0.2257,0.2189,
2.075,0.205,0.08352,0.06622,0.03672,0.1552,0.1098,0.006893,0.03788,0.02915,0.02975,0.2258,0.2191,
2.075,0.2041,0.08274,0.06609,0.03686,0.1553,0.1099,0.007171,0.03799,0.02953,0.0291,0.226,0.2193,
2.082,0.2199,0.08218,0.06618,0.03693,0.1551,0.1106,0.03036,0.01426,0.02955,0.02912,0.2263,0.2195,
2.08,0.2361,0.08141,0.06631,0.03665,0.155,0.1096,0.03047,0.01449,0.02929,0.02897,0.2272,0.2206,
2.077,0.2365,0.0774,0.06636,0.03672,0.158,0.1095,0.03093,0.0142,0.02957,0.02848,0.2283,0.2205,
2.082,0.2436,0.07873,0.0662,0.03661,0.1577,0.1088,0.03096,0.01441,0.02979,0.0301,0.2265,0.2203,
2.085,0.2315,0.07944,0.06619,0.03671,0.1574,0.1081,0.03125,0.01415,0.0302,0.03112,0.2252,0.2202,
2.082,0.2327,0.07868,0.06593,0.03625,0.1569,0.1069,0.03119,0.01449,0.03018,0.03066,0.227,0.2218,
2.089,0.2716,0.08163,0.06582,0.03636,0.1568,0.1061,0.03134,0.02824,0.0169,0.0314,0.2258,0.2195,
2.096,0.2507,0.08567,0.06564,0.03654,0.1566,0.1055,0.03151,0.02835,0.01667,0.03335,0.224,0.2162,
2.095,0.2106,0.08566,0.06559,0.03656,0.1564,0.1043,0.03152,0.02855,0.01647,0.03335,0.2241,0.2176,
2.099,0.2164,0.08863,0.06544,0.03673,0.1576,0.1031,0.03152,0.02857,0.01634,0.03435,0.2232,0.2145,
2.097,0.216,0.08809,0.06541,0.03634,0.1576,0.1032,0.03108,0.02877,0.01657,0.03397,0.2234,0.2156,
2.095,0.2098,0.08745,0.06539,0.03618,0.1575,0.1027,0.0313,0.02871,0.01634,0.03399,0.2235,0.217,
2.099,0.1928,0.088,0.06541,0.03625,0.1581,0.102,0.03132,0.02885,0.01621,0.03559,0.222,0.2162,
2.097,0.1978,0.08747,0.06517,0.0363,0.1585,0.1012,0.03134,0.02873,0.01622,0.03561,0.2221,0.2174,
2.104,0.1823,0.08773,0.06542,0.03639,0.1578,0.1011,0.03133,0.02873,0.01621,0.03897,0.2198,0.2164,
2.102,0.1738,0.08722,0.06528,0.03641,0.1573,0.101,0.03128,0.02868,0.01619,0.03891,0.2217,0.2161,
2.101,0.2039,0.08673,0.06507,0.03606,0.1572,0.1009,0.03137,0.02855,0.01618,0.03888,0.2226,0.2165,
2.102,0.18,0.08554,0.06495,0.03616,0.1576,0.1008,0.03128,0.0288,0.01599,0.04032,0.2215,0.2171,
2.1,0.17,0.08546,0.06495,0.03579,0.157,0.09974,0.03124,0.02879,0.016,0.04035,0.2217,0.219,
2.1,0.1657,0.08479,0.06508,0.03596,0.1568,0.09983,0.03156,0.02852,0.01615,0.04025,0.2219,0.2192,
2.105,0.164,0.08719,0.06512,0.03608,0.1562,0.09879,0.03151,0.02855,0.01616,0.04183,0.2206,0.218,
2.104,0.1635,0.08706,0.06501,0.03624,0.1562,0.09781,0.03165,0.02842,0.01617,0.04184,0.2206,0.219,
2.104,0.1634,0.08667,0.06499,0.03636,0.1563,0.09784,0.0318,0.02849,0.01629,0.04153,0.2207,0.2191,
2.104,0.1699,0.08618,0.06506,0.03653,0.156,0.09828,0.03161,0.02836,0.0163,0.04156,0.2208,0.2193,
2.102,0.1765,0.08579,0.06496,0.03655,0.1555,0.09809,0.03155,0.0283,0.01627,0.04148,0.2226,0.2188,
2.111,0.2171,0.08369,0.06484,0.03662,0.1586,0.09727,0.03165,0.02813,0.01648,0.0475,0.2182,0.217,
2.111,0.1907,0.08328,0.06503,0.03673,0.1582,0.09758,0.03139,0.02815,0.01711,0.04691,0.2184,0.2172,
2.091,0.1751,0.08309,0.06503,0.03686,0.1577,0.1123,0.01731,0.02767,0.01825,0.04582,0.2186,0.2174,
2.077,0.1625,0.08287,0.06498,0.03697,0.157,0.1184,0.01099,0.02753,0.01852,0.04553,0.2196,0.2176,
2.081,0.1682,0.08623,0.06496,0.03718,0.1567,0.1184,0.01127,0.03443,0.01181,0.04816,0.2166,0.2142,
2.08,0.1632,0.08601,0.06492,0.03724,0.1561,0.1187,0.01112,0.03427,0.01181,0.04814,0.2176,0.2141,
2.082,0.167,0.08577,0.06488,0.03736,0.1557,0.1184,0.01099,0.03478,0.0138,0.04557,0.2185,0.2142,
2.08,0.1702,0.08486,0.06481,0.03749,0.156,0.1165,0.01098,0.03472,0.0141,0.04508,0.2194,0.216,
2.084,0.1678,0.08473,0.06474,0.0376,0.156,0.1156,0.01098,0.03473,0.01442,0.04747,0.2168,0.217,
2.087,0.1844,0.08391,0.06479,0.03763,0.1561,0.1151,0.01129,0.03439,0.01498,0.04906,0.2155,0.2172,
2.089,0.1905,0.08621,0.06478,0.03769,0.1558,0.1141,0.01128,0.03436,0.01521,0.04879,0.2164,0.2153,
2.089,0.1736,0.08598,0.06462,0.03791,0.1558,0.1139,0.01145,0.0342,0.01546,0.04856,0.2165,0.2157,
2.09,0.1836,0.08584,0.06459,0.038,0.1557,0.1135,0.01162,0.03405,0.01655,0.04748,0.2165,0.2161,
2.092,0.1741,0.08571,0.06451,0.03811,0.1555,0.1132,0.01162,0.03481,0.01776,0.04556,0.2166,0.2166,
2.091,0.1782,0.08486,0.06497,0.03814,0.1558,0.1125,0.01176,0.03468,0.01776,0.04557,0.2167,0.2173,
2.078,0.1829,0.08551,0.06534,0.03824,0.1562,0.1174,0.006193,0.03468,0.01821,0.04512,0.2167,0.2164,
2.078,0.1721,0.08549,0.06529,0.03804,0.1558,0.1175,0.006087,0.0349,0.01925,0.04392,0.2168,0.2169,
2.077,0.16,0.08468,0.06519,0.03786,0.1557,0.1168,0.006084,0.03489,0.01924,0.0439,0.2178,0.2178,
2.077,0.1672,0.08453,0.06509,0.03757,0.1552,0.1161,0.006361,0.03458,0.02032,0.04278,0.2188,0.2187,
2.075,0.1658,0.08373,0.06491,0.03771,0.1546,0.1151,0.00635,0.03452,0.02061,0.04236,0.2205,0.2196,
2.074,0.1717,0.08301,0.06504,0.03783,0.1547,0.1136,0.006489,0.03458,0.02067,0.04216,0.2207,0.2212,
2.084,0.1697,0.08818,0.06527,0.03792,0.1553,0.1125,0.006494,0.03447,0.02618,0.0382,0.2193,0.2162,
2.094,0.1626,0.09046,0.06523,0.03806,0.1557,0.1108,0.006495,0.03447,0.02842,0.04033,0.215,0.215,
2.092,0.1639,0.08976,0.06506,0.03781,0.1561,0.1099,0.006488,0.03462,0.02883,0.03967,0.2158,0.2159,
2.091,0.1649,0.08974,0.06496,0.03796,0.156,0.109,0.006488,0.03462,0.02919,0.03931,0.2158,0.2168,
2.089,0.1644,0.09111,0.06484,0.03812,0.1559,0.1094,0.005514,0.03449,0.02943,0.03908,0.2159,0.2162,
2.092,0.1615,0.09146,0.06497,0.03766,0.1562,0.1085,0.005509,0.03446,0.03009,0.04015,0.215,0.216,
2.093,0.1647,0.09349,0.065,0.03772,0.156,0.1075,0.005503,0.03442,0.03044,0.03973,0.2158,0.2144,
2.078,0.1757,0.09335,0.06506,0.03753,0.1559,0.1073,0.005371,0.0525,0.01224,0.03974,0.2159,0.2152,
2.077,0.1749,0.09305,0.06495,0.03759,0.1555,0.1062,0.005245,0.05246,0.01249,0.03945,0.2168,0.2162,
2.077,0.1811,0.09266,0.06527,0.03766,0.1555,0.1057,0.005245,0.05246,0.01272,0.03922,0.2168,0.2168,
2.075,0.1802,0.09187,0.06527,0.03766,0.1551,0.1041,0.005237,0.05264,0.01326,0.03835,0.2186,0.2178,
2.08,0.198,0.09474,0.06522,0.0378,0.155,0.103,0.004236,0.05244,0.01479,0.04038,0.2152,0.2171,
2.078,0.1712,0.09315,0.06531,0.03791,0.1557,0.1013,0.004113,0.05247,0.01529,0.03991,0.2154,0.2195,
2.08,0.1708,0.0948,0.06547,0.03803,0.1555,0.1003,0.004116,0.05251,0.01581,0.03944,0.2155,0.2185,
2.08,0.1801,0.09461,0.06542,0.03815,0.1555,0.09991,0.004116,0.05252,0.01615,0.0391,0.2156,0.2189,
2.084,0.1749,0.0991,0.06534,0.03826,0.1552,0.0997,0.004107,0.0524,0.01611,0.03984,0.2164,0.2135,
2.083,0.1708,0.09803,0.06568,0.0373,0.1555,0.09914,0.004254,0.05228,0.01653,0.03945,0.2165,0.2153,
2.086,0.1753,0.1,0.06581,0.03736,0.1553,0.09836,0.004479,0.0521,0.01654,0.04048,0.2157,0.2138,
2.085,0.1742,0.09926,0.06574,0.03745,0.1555,0.09761,0.004612,0.05221,0.01677,0.03993,0.2166,0.2144,
2.083,0.1783,0.09845,0.06533,0.03746,0.155,0.09683,0.004592,0.05185,0.01743,0.03903,0.22,0.214,
2.083,0.1872,0.09799,0.06527,0.03747,0.1551,0.09579,0.004723,0.05166,0.01865,0.03775,0.2209,0.2147,
2.083,0.1756,0.09759,0.06507,0.03755,0.1551,0.09549,0.005141,0.05165,0.01866,0.03743,0.2211,0.2152,
2.083,0.1908,0.09676,0.06506,0.03772,0.1555,0.09553,0.005143,0.05167,0.01902,0.03709,0.2212,0.2153,
2.081,0.2118,0.09624,0.06498,0.03771,0.1552,0.09576,0.004709,0.05157,0.01898,0.03702,0.223,0.2149,
2.084,0.1685,0.09662,0.06517,0.03785,0.1555,0.09406,0.004966,0.05137,0.01981,0.03738,0.2221,0.2152,
2.084,0.1679,0.09625,0.06477,0.03748,0.155,0.09405,0.00537,0.05096,0.02112,0.03606,0.2231,0.2157,
2.084,0.1787,0.09604,0.06481,0.03759,0.1546,0.09413,0.00551,0.051,0.02162,0.03548,0.2233,0.2159,
2.09,0.1668,0.09719,0.0648,0.03767,0.1546,0.09418,0.005942,0.05078,0.02167,0.03726,0.2215,0.2145,
2.106,0.2104,0.09364,0.06495,0.03775,0.1572,0.09412,0.03754,0.01933,0.02285,0.03586,0.2224,0.2143,
2.104,0.2095,0.09256,0.065,0.03786,0.1577,0.09308,0.03725,0.01934,0.02336,0.03539,0.2226,0.2159,
2.107,0.2123,0.09339,0.06487,0.03803,0.1578,0.09316,0.03728,0.01977,0.02379,0.03498,0.2224,0.2146,
2.106,0.2148,0.09259,0.06484,0.03769,0.1581,0.09322,0.03731,0.02014,0.02367,0.03478,0.2225,0.2151,
2.105,0.229,0.09257,0.0648,0.03758,0.1576,0.09353,0.03722,0.02015,0.02399,0.03437,0.2227,0.2155,
2.11,0.1785,0.09719,0.06463,0.03772,0.1578,0.09261,0.03726,0.02017,0.02442,0.0346,0.2223,0.2112,
2.109,0.1892,0.09696,0.06457,0.03779,0.1572,0.09149,0.03745,0.02007,0.02512,0.03398,0.2226,0.2128,
2.108,0.1844,0.0962,0.0644,0.03754,0.1567,0.09178,0.03718,0.02018,0.02501,0.03399,0.2238,0.2132,
2.106,0.1855,0.09571,0.06408,0.03763,0.1564,0.09056,0.03731,0.02004,0.02551,0.03349,0.2249,0.2143,
2.107,0.2026,0.09284,0.06411,0.03772,0.1589,0.08978,0.03761,0.01977,0.02605,0.03451,0.2235,0.2153,
2.105,0.1905,0.0923,0.06398,0.03754,0.159,0.08902,0.03867,0.01874,0.02651,0.03409,0.2236,0.2165,
2.109,0.1924,0.09661,0.06397,0.03723,0.1595,0.08787,0.03872,0.0186,0.0281,0.03375,0.2233,0.2123,
2.11,0.1984,0.09572,0.0639,0.03732,0.1598,0.08827,0.03843,0.0188,0.03035,0.03188,0.223,0.2125,
2.109,0.1875,0.09528,0.0638,0.03739,0.16,0.08758,0.03845,0.01881,0.0305,0.03175,0.2231,0.2133,
2.108,0.1842,0.09432,0.06361,0.03742,0.1599,0.08771,0.03834,0.019,0.03287,0.02921,0.2243,0.2134,
2.107,0.198,0.09369,0.06339,0.03746,0.1592,0.08552,0.03823,0.01895,0.03328,0.02966,0.2259,0.2147,
2.105,0.1855,0.09307,0.06354,0.03757,0.1589,0.08519,0.03763,0.01897,0.03357,0.02944,0.2262,0.2159,
2.105,0.1937,0.09244,0.06363,0.03767,0.1589,0.08525,0.03765,0.01944,0.03338,0.02921,0.2263,0.2161,
2.103,0.1918,0.09137,0.0637,0.0377,0.1588,0.08454,0.03777,0.01922,0.03421,0.02826,0.2282,0.2163,
2.108,0.2027,0.09245,0.06371,0.03784,0.1588,0.08351,0.03778,0.01933,0.03532,0.02923,0.2261,0.216,
2.11,0.1898,0.09382,0.0638,0.03792,0.1587,0.08242,0.03778,0.01951,0.03537,0.02996,0.2262,0.2145,
2.108,0.1783,0.09326,0.06389,0.03795,0.1584,0.08163,0.03753,0.0195,0.03596,0.02934,0.2272,0.2153,
2.112,0.1963,0.09199,0.06405,0.03794,0.1589,0.08157,0.03763,0.01962,0.0358,0.03175,0.2256,0.2152,
2.117,0.1972,0.09171,0.06391,0.03801,0.1589,0.08162,0.03809,0.01934,0.03568,0.03427,0.2232,0.2153,
2.115,0.1937,0.09059,0.06419,0.03776,0.1591,0.08133,0.038,0.01955,0.03599,0.03382,0.2234,0.2163,
2.116,0.207,0.09141,0.06426,0.03781,0.1591,0.08105,0.03776,0.01954,0.03646,0.03372,0.2239,0.2149,
2.114,0.1865,0.09093,0.06388,0.03789,0.1588,0.08076,0.03756,0.01951,0.03664,0.03341,0.2258,0.2149,
2.116,0.1885,0.09047,0.06369,0.03797,0.1587,0.08015,0.03753,0.0195,0.03687,0.03481,0.2251,0.2153,
2.115,0.1973,0.08983,0.06358,0.03804,0.1585,0.07979,0.03738,0.01949,0.03726,0.03439,0.2261,0.2157,
2.117,0.1928,0.09177,0.06336,0.03813,0.1583,0.07945,0.03736,0.01961,0.0371,0.03497,0.2276,0.2124,
2.116,0.1964,0.09155,0.06334,0.03818,0.1579,0.07876,0.03739,0.01963,0.03873,0.03341,0.2278,0.2133,
2.116,0.1929,0.09131,0.06335,0.0383,0.1578,0.07836,0.0374,0.01981,0.03885,0.03313,0.2279,0.2138,
2.113,0.1978,0.09071,0.06328,0.03836,0.1578,0.07668,0.03734,0.01996,0.0394,0.03232,0.2288,0.2153,
2.111,0.2108,0.09049,0.06344,0.03814,0.1578,0.07565,0.03693,0.01982,0.0394,0.03232,0.2288,0.2171,
2.115,0.1986,0.09123,0.06327,0.03818,0.158,0.07445,0.03686,0.01973,0.0396,0.03496,0.2269,0.2168,
2.114,0.2071,0.09079,0.06324,0.03829,0.1581,0.07344,0.03688,0.02013,0.03923,0.03498,0.227,0.2179,
2.11,0.2122,0.09041,0.06316,0.0383,0.1581,0.07073,0.03684,0.02028,0.03927,0.03468,0.2279,0.2203,
2.116,0.2089,0.09228,0.06315,0.03842,0.158,0.07042,0.03718,0.02024,0.03925,0.03656,0.226,0.2186,
2.115,0.1997,0.092,0.0633,0.03858,0.1574,0.06968,0.03735,0.0203,0.03908,0.03658,0.2261,0.2196,
2.119,0.2024,0.09443,0.06319,0.03865,0.1572,0.06928,0.03746,0.02062,0.03875,0.03784,0.2256,0.217,
2.123,0.2038,0.09596,0.06306,0.03873,0.1592,0.06922,0.03742,0.0206,0.03893,0.03882,0.2253,0.2128,
2.121,0.2101,0.09552,0.06329,0.03851,0.159,0.06826,0.03752,0.02058,0.04064,0.03688,0.2254,0.2144,
2.121,0.1965,0.09473,0.06351,0.03863,0.1588,0.06776,0.03756,0.02074,0.04079,0.03668,0.2256,0.2152,
2.119,0.1905,0.09443,0.06349,0.03869,0.1582,0.06699,0.03754,0.02111,0.04039,0.03666,0.2266,0.2158,
2.117,0.1868,0.09392,0.06347,0.03832,0.158,0.06624,0.03771,0.02099,0.04042,0.03669,0.2268,0.2174,
2.114,0.1924,0.09286,0.06346,0.03846,0.1597,0.07097,0.03263,0.02073,0.04051,0.03736,0.226,0.2173,
2.118,0.1959,0.09731,0.06353,0.03763,0.1597,0.07073,0.03264,0.0206,0.04052,0.03829,0.2252,0.2139,
2.117,0.2115,0.09683,0.06359,0.03736,0.1597,0.07077,0.0328,0.02045,0.04051,0.03831,0.2253,0.2144,
2.117,0.2042,0.09651,0.06358,0.03753,0.1592,0.07085,0.03297,0.02031,0.04052,0.03835,0.2255,0.2146,
2.116,0.2043,0.09589,0.06356,0.03759,0.1594,0.0706,0.0333,0.02015,0.04091,0.03787,0.2257,0.215,
2.116,0.2082,0.09547,0.06354,0.03767,0.1595,0.07064,0.03332,0.02016,0.04218,0.03664,0.2258,0.2151,
2.115,0.1966,0.09258,0.06376,0.03781,0.1618,0.07026,0.03333,0.02027,0.04226,0.03686,0.2255,0.2156,
2.114,0.213,0.09203,0.06369,0.0376,0.1621,0.06942,0.03349,0.02013,0.04274,0.0364,0.2255,0.2168,
2.117,0.2082,0.09353,0.06364,0.03774,0.1621,0.06946,0.0335,0.02027,0.04263,0.03769,0.2244,0.2151,
2.116,0.2032,0.09273,0.06383,0.03782,0.1625,0.06879,0.03351,0.02028,0.04482,0.03551,0.2244,0.2158,
2.115,0.198,0.09158,0.06374,0.03798,0.1633,0.06809,0.03352,0.02029,0.04575,0.03462,0.2245,0.2166,
2.12,0.2052,0.09546,0.0638,0.0381,0.1635,0.06813,0.03354,0.0203,0.04693,0.0345,0.2236,0.2121,
2.125,0.2,0.09479,0.06369,0.03824,0.1634,0.06712,0.03352,0.02029,0.04747,0.03759,0.2209,0.213,
2.123,0.201,0.09416,0.06372,0.03843,0.1634,0.06613,0.03354,0.0203,0.04817,0.03695,0.2211,0.2141,
2.123,0.2027,0.0933,0.06372,0.03851,0.1641,0.06584,0.03355,0.0203,0.0488,0.03679,0.2206,0.2145,
2.124,0.2094,0.09239,0.06381,0.03853,0.1642,0.06554,0.03358,0.02032,0.04885,0.03742,0.2202,0.2151,
2.125,0.2082,0.09214,0.06375,0.03856,0.1637,0.06507,0.03835,0.01552,0.05076,0.03929,0.2174,0.2154,
2.131,0.2033,0.09197,0.06369,0.03854,0.1633,0.06503,0.03833,0.01571,0.05113,0.04198,0.2151,0.2153,
2.13,0.2146,0.09144,0.06369,0.03853,0.1623,0.06496,0.03829,0.01609,0.05094,0.04167,0.217,0.2151,
2.129,0.2212,0.09067,0.06387,0.03853,0.1622,0.06492,0.03827,0.01639,0.0518,0.04045,0.218,0.2149,
2.129,0.2072,0.09052,0.06377,0.03863,0.1622,0.06494,0.03841,0.01653,0.05305,0.03896,0.218,0.215,
2.13,0.2059,0.09019,0.0637,0.03869,0.1618,0.06459,0.03839,0.01652,0.05439,0.03882,0.2177,0.2152,
2.128,0.2112,0.09009,0.06337,0.03878,0.1613,0.06386,0.03837,0.01665,0.05475,0.03828,0.2187,0.2158,
2.127,0.1929,0.08981,0.06344,0.03884,0.1609,0.06351,0.03864,0.01659,0.05506,0.03766,0.2196,0.2159,
2.135,0.1838,0.09092,0.06367,0.0389,0.161,0.06354,0.03865,0.01659,0.05538,0.04121,0.2159,0.2142,
2.134,0.2059,0.09061,0.06389,0.03847,0.1605,0.06359,0.03924,0.01605,0.05583,0.04084,0.216,0.2149,
2.134,0.1854,0.09041,0.06381,0.03862,0.1604,0.06361,0.03926,0.01606,0.05616,0.04056,0.2161,0.215,
2.133,0.192,0.08938,0.064,0.03869,0.1605,0.06316,0.03928,0.01602,0.05598,0.04053,0.2171,0.2154,
2.131,0.191,0.08844,0.06398,0.03843,0.1606,0.06326,0.03938,0.01617,0.05554,0.04051,0.2181,0.2156,
2.133,0.198,0.0878,0.06387,0.03803,0.1602,0.06316,0.03932,0.01628,0.05579,0.04238,0.2175,0.2157,
2.137,0.1918,0.08928,0.0639,0.03812,0.1622,0.06319,0.03945,0.01645,0.05605,0.04267,0.2168,0.2119,
2.126,0.1866,0.08839,0.06444,0.03816,0.1622,0.06333,0.04775,0.008196,0.05594,0.04269,0.2169,0.212,
2.129,0.1907,0.08681,0.0646,0.03827,0.1629,0.06311,0.0478,0.008452,0.056,0.0442,0.2154,0.2125,
2.122,0.183,0.08599,0.06479,0.03829,0.1628,0.07374,0.03692,0.008194,0.05631,0.04383,0.2163,0.2128,
2.121,0.181,0.08496,0.06481,0.03841,0.1628,0.07445,0.03617,0.008192,0.05629,0.04442,0.2167,0.2128,
2.121,0.2272,0.08432,0.06508,0.03859,0.1625,0.07465,0.03606,0.008198,0.05634,0.04445,0.2169,0.2129,
2.12,0.2331,0.08374,0.06516,0.03871,0.1625,0.07411,0.03644,0.007847,0.05666,0.04418,0.217,0.2136,
2.119,0.2166,0.08292,0.06509,0.03871,0.1619,0.07403,0.0364,0.007973,0.05719,0.0434,0.219,0.2134,
2.118,0.2041,0.0825,0.06498,0.03878,0.1617,0.07398,0.03666,0.00788,0.05757,0.04276,0.2199,0.2132,
2.116,0.1932,0.08218,0.06492,0.03881,0.161,0.07372,0.03674,0.00753,0.05756,0.04276,0.221,0.2137,
2.115,0.1934,0.08141,0.06467,0.03893,0.1612,0.07403,0.03637,0.007526,0.05801,0.04226,0.222,0.2136,
2.113,0.195,0.08124,0.06465,0.03854,0.1609,0.07377,0.03679,0.007394,0.05844,0.0416,0.2221,0.2146,
2.13,0.2359,0.081,0.0647,0.03865,0.1609,0.07378,0.03704,0.04624,0.01962,0.04134,0.2221,0.2146,
2.128,0.2317,0.08059,0.06458,0.03835,0.1608,0.07373,0.03701,0.04695,0.01886,0.04131,0.223,0.2148,
2.135,0.2317,0.07993,0.06483,0.03849,0.1608,0.07403,0.03676,0.04697,0.01985,0.0443,0.2192,0.2149,
2.135,0.1912,0.07948,0.06482,0.03808,0.1609,0.07419,0.03663,0.04699,0.02118,0.04298,0.2193,0.2154,
2.133,0.2001,0.07836,0.0645,0.0381,0.1609,0.07371,0.03694,0.0471,0.02064,0.04293,0.2212,0.2156,
2.133,0.193,0.07824,0.06451,0.03816,0.1608,0.07398,0.03684,0.04698,0.02091,0.04268,0.2213,0.2156,
2.133,0.1921,0.07796,0.06471,0.03822,0.1604,0.07402,0.037,0.04687,0.02119,0.04245,0.2214,0.2158,
2.134,0.1943,0.07773,0.06471,0.03829,0.1603,0.07374,0.03702,0.04689,0.02333,0.04034,0.2215,0.2162,
2.14,0.1905,0.08137,0.06476,0.03833,0.1602,0.07379,0.03704,0.04693,0.02521,0.03922,0.2209,0.2122,
2.14,0.2238,0.081,0.06457,0.03835,0.16,0.07282,0.03681,0.0469,0.02595,0.0397,0.2206,0.2132,
2.145,0.2101,0.08043,0.06447,0.03842,0.1597,0.07294,0.03667,0.04689,0.02595,0.04318,0.2182,0.2132,
2.147,0.2104,0.07807,0.06432,0.03789,0.1615,0.07289,0.03675,0.04675,0.02593,0.04635,0.2159,0.2136,
2.146,0.2076,0.07696,0.06422,0.03803,0.1616,0.07257,0.03674,0.04697,0.02648,0.04556,0.217,0.2139,
2.144,0.1985,0.07463,0.06398,0.03809,0.1634,0.07265,0.03661,0.04694,0.02713,0.04488,0.2179,0.2138,
2.143,0.1891,0.07459,0.06346,0.03817,0.1634,0.07238,0.03647,0.04714,0.0271,0.04478,0.2181,0.2144,
2.143,0.1882,0.07218,0.06298,0.03832,0.1657,0.07243,0.03649,0.04761,0.02749,0.04529,0.217,0.2146,
2.144,0.1945,0.07162,0.06297,0.03843,0.1656,0.07262,0.03639,0.04778,0.02905,0.04366,0.2172,0.2147,
2.144,0.194,0.0713,0.0629,0.03847,0.1656,0.07265,0.0364,0.0478,0.0293,0.04344,0.2173,0.2148,
2.144,0.1996,0.07073,0.06276,0.0385,0.1659,0.0727,0.03643,0.04784,0.03048,0.04273,0.217,0.215,
2.149,0.1904,0.07049,0.06281,0.03859,0.1653,0.07279,0.03649,0.04758,0.03072,0.04543,0.2149,0.2148,
2.149,0.196,0.0704,0.06273,0.03867,0.165,0.07284,0.03652,0.04761,0.03104,0.04517,0.2151,0.215,
2.149,0.196,0.07033,0.06272,0.03874,0.1648,0.073,0.03653,0.04762,0.03119,0.0449,0.2151,0.215,
2.148,0.189,0.06994,0.06264,0.03877,0.1649,0.07292,0.03649,0.0477,0.03102,0.04486,0.216,0.2148,
2.13,0.2195,0.06941,0.06245,0.03884,0.1653,0.07253,0.06894,0.01555,0.03075,0.04487,0.216,0.2153,
2.129,0.2211,0.0693,0.06245,0.03882,0.1652,0.07237,0.0688,0.01551,0.03099,0.04454,0.2161,0.2159,
2.129,0.2166,0.06906,0.06261,0.0389,0.1652,0.07237,0.0688,0.01551,0.03099,0.04454,0.2161,0.2159,
2.128,0.1991,0.06884,0.06268,0.03887,0.1651,0.07212,0.06846,0.0155,0.03122,0.04423,0.2169,0.2161,
2.128,0.201,0.06879,0.06268,0.03893,0.165,0.07213,0.06871,0.01525,0.03188,0.04357,0.2169,0.2162,
2.126,0.2046,0.06856,0.06254,0.03903,0.1644,0.07858,0.06261,0.01486,0.03215,0.04329,0.218,0.2161,
2.135,0.1996,0.07246,0.06262,0.03912,0.1641,0.07862,0.06263,0.01486,0.03216,0.04601,0.2153,0.2121,
2.134,0.1996,0.07245,0.06228,0.03921,0.164,0.07822,0.06267,0.01487,0.03218,0.04604,0.2155,0.2126,
2.134,0.1998,0.07217,0.06222,0.03892,0.1639,0.07826,0.0627,0.01509,0.03224,0.0458,0.2156,0.2131,
2.133,0.2024,0.072,0.06209,0.03896,0.1637,0.07833,0.06265,0.01494,0.03298,0.04499,0.2165,0.2129,
2.132,0.1958,0.07147,0.06218,0.03895,0.1632,0.07825,0.0626,0.01478,0.03344,0.04439,0.2182,0.2125,
2.132,0.1921,0.07135,0.06218,0.03907,0.1632,0.0777,0.06273,0.01464,0.03494,0.04289,0.2182,0.2131,
2.132,0.2208,0.07096,0.06193,0.03919,0.1635,0.07767,0.06294,0.03385,0.01623,0.04199,0.2183,0.2135,
2.129,0.2549,0.07056,0.06217,0.03903,0.1633,0.07554,0.06296,0.034,0.0161,0.04201,0.2184,0.216,
2.09,0.2687,0.07356,0.06212,0.03906,0.1631,0.1218,0.01583,0.03391,0.01621,0.0442,0.2167,0.2136,
2.088,0.2679,0.07307,0.06193,0.03901,0.1625,0.1199,0.01606,0.03369,0.01735,0.04271,0.2193,0.2145,
2.087,0.2645,0.07226,0.06218,0.03911,0.1629,0.1194,0.01579,0.03356,0.0179,0.04216,0.2194,0.2154,
2.09,0.24,0.07212,0.06208,0.03924,0.1655,0.1189,0.01579,0.03356,0.01952,0.04136,0.2185,0.2135,
2.092,0.2266,0.07154,0.06194,0.03795,0.165,0.1182,0.01563,0.0335,0.02205,0.0411,0.218,0.215,
2.098,0.2203,0.07578,0.0619,0.03805,0.1647,0.1178,0.01553,0.03352,0.02257,0.04169,0.217,0.2114,
2.096,0.2073,0.07505,0.0618,0.03806,0.1647,0.1171,0.0155,0.03345,0.02312,0.04101,0.2187,0.2115,
2.097,0.2034,0.07505,0.06167,0.03818,0.1644,0.1166,0.01577,0.03361,0.02272,0.04137,0.2185,0.2122,
2.096,0.2092,0.07477,0.06169,0.0382,0.1637,0.1163,0.01563,0.03374,0.02279,0.04114,0.2196,0.2125,
2.095,0.2027,0.07413,0.06174,0.03825,0.1638,0.115,0.01564,0.03395,0.02261,0.04117,0.2197,0.214,
2.097,0.2154,0.07345,0.06192,0.03785,0.164,0.1141,0.01578,0.03404,0.02241,0.04396,0.217,0.2155,
2.103,0.208,0.07409,0.06167,0.03796,0.1638,0.1134,0.01576,0.03419,0.02284,0.04642,0.2156,0.2142,
2.102,0.213,0.0737,0.06154,0.03812,0.1638,0.1124,0.01563,0.03421,0.02355,0.04575,0.2158,0.2156,
2.1,0.2131,0.07345,0.06156,0.03817,0.1638,0.1099,0.01563,0.03421,0.02381,0.04551,0.2158,0.2182,
2.105,0.2045,0.07614,0.06165,0.03819,0.1638,0.1092,0.01562,0.03419,0.02445,0.04615,0.2154,0.2152,
2.11,0.2082,0.07781,0.06188,0.03836,0.1639,0.1081,0.01549,0.03441,0.02643,0.04525,0.2143,0.2141,
2.109,0.1991,0.07761,0.06178,0.03847,0.1639,0.1078,0.01536,0.03442,0.02753,0.04417,0.2143,0.2146,
2.112,0.2411,0.07904,0.06178,0.03868,0.1633,0.1071,0.03377,0.01626,0.02764,0.04391,0.2145,0.214,
2.11,0.2088,0.07863,0.06162,0.03877,0.1633,0.1049,0.03379,0.01647,0.02778,0.04361,0.2146,0.2164,
2.107,0.2071,0.07794,0.06135,0.03884,0.1637,0.102,0.03394,0.01629,0.02873,0.04262,0.2156,0.2191,
2.111,0.2086,0.08016,0.06132,0.03892,0.1633,0.1022,0.03398,0.01616,0.02898,0.04342,0.2147,0.2169,
2.11,0.1936,0.07967,0.06176,0.03898,0.1628,0.1017,0.03371,0.01617,0.02925,0.04319,0.2148,0.2179,
2.11,0.1765,0.07949,0.06172,0.03909,0.1625,0.1006,0.03387,0.01605,0.02987,0.04262,0.215,0.2193,
2.113,0.174,0.08402,0.0615,0.03922,0.1619,0.09946,0.03405,0.01612,0.02996,0.04243,0.2152,0.2161,
2.112,0.1709,0.08343,0.06152,0.03929,0.162,0.09861,0.03431,0.01588,0.03051,0.04191,0.2153,0.2172,
2.112,0.1668,0.08322,0.0616,0.03933,0.1617,0.09769,0.03433,0.01589,0.03105,0.04143,0.2155,0.2183,
2.11,0.1588,0.08154,0.06172,0.03892,0.1643,0.0968,0.03435,0.01604,0.03236,0.04003,0.2156,0.2183,
2.112,0.1613,0.08129,0.06178,0.03852,0.164,0.09686,0.03438,0.01936,0.02931,0.03982,0.2158,0.2189,
2.109,0.1663,0.07914,0.06162,0.03824,0.1658,0.09605,0.0344,0.01937,0.0307,0.03847,0.2159,0.2203,
2.109,0.1736,0.07896,0.0618,0.03835,0.1653,0.09537,0.03431,0.01938,0.03328,0.03592,0.216,0.2213,
2.108,0.1735,0.07857,0.06213,0.03799,0.1649,0.09499,0.03433,0.0198,0.03401,0.03484,0.2161,0.2223,
2.111,0.1718,0.08103,0.06209,0.03813,0.1647,0.09509,0.03436,0.01996,0.03436,0.03442,0.2164,0.2195,
2.109,0.1855,0.08105,0.06207,0.03755,0.1643,0.09401,0.03438,0.01997,0.03437,0.03443,0.2165,0.2214,
2.109,0.1809,0.08079,0.06217,0.03763,0.1643,0.09347,0.03439,0.01997,0.03452,0.03431,0.2165,0.222,
2.108,0.1693,0.08056,0.06208,0.0377,0.1639,0.09251,0.03436,0.02009,0.03563,0.03301,0.2174,0.2227,
2.106,0.1619,0.08021,0.06203,0.03772,0.1636,0.09178,0.03451,0.02005,0.038,0.03047,0.2184,0.2233,
2.105,0.1697,0.08001,0.06198,0.0378,0.1636,0.09099,0.03468,0.01989,0.03787,0.03048,0.2185,0.2243,
2.104,0.1766,0.07911,0.0621,0.03784,0.1636,0.09053,0.03493,0.02005,0.03867,0.02919,0.2194,0.2245,
2.102,0.1747,0.0789,0.06211,0.03756,0.1636,0.08961,0.03501,0.02001,0.03881,0.02892,0.2194,0.226,
2.098,0.1702,0.07836,0.06213,0.03763,0.1637,0.08772,0.03503,0.02023,0.04204,0.02552,0.2196,0.2281,
2.103,0.167,0.0817,0.06206,0.03772,0.1636,0.0876,0.03482,0.02058,0.04245,0.02543,0.219,0.225,
2.102,0.1732,0.08148,0.06197,0.03775,0.1634,0.08751,0.03478,0.02077,0.04221,0.02541,0.2199,0.2248,
2.104,0.1659,0.08405,0.06183,0.03785,0.1632,0.08614,0.03458,0.02089,0.04204,0.02595,0.2203,0.2232,
2.102,0.1624,0.0837,0.062,0.03796,0.1628,0.0856,0.03433,0.0209,0.04407,0.02397,0.2204,0.2243,
2.1,0.177,0.08359,0.06191,0.03807,0.1624,0.08425,0.03468,0.02059,0.04514,0.02294,0.2206,0.2258,
2.105,0.1726,0.0862,0.06189,0.03815,0.1628,0.08289,0.03451,0.02057,0.0457,0.02414,0.2196,0.2235,
2.105,0.1868,0.086,0.06202,0.03825,0.1623,0.08309,0.0344,0.02072,0.04607,0.02369,0.2198,0.2237,
2.112,0.1697,0.08843,0.06227,0.03837,0.1621,0.08328,0.03429,0.02093,0.04613,0.02553,0.2179,0.2207,
2.089,0.1639,0.08808,0.06213,0.0374,0.1621,0.0994,0.01783,0.02094,0.04616,0.02554,0.218,0.2224,
2.082,0.18,0.08751,0.06196,0.03744,0.1622,0.09896,0.0289,0.009703,0.04686,0.02479,0.219,0.2227,
2.094,0.1745,0.09403,0.06211,0.03757,0.1622,0.09913,0.02881,0.01032,0.04653,0.02708,0.2166,0.2156,
2.093,0.1974,0.09378,0.06218,0.0375,0.1622,0.09837,0.02895,0.01025,0.04633,0.02708,0.2166,0.2167,
2.091,0.185,0.09297,0.06218,0.0376,0.162,0.09808,0.02908,0.01044,0.04883,0.02424,0.2177,0.2169,
2.097,0.1814,0.09843,0.0622,0.03767,0.1622,0.09705,0.02925,0.01048,0.04866,0.02513,0.2169,0.2121,
2.096,0.1836,0.0978,0.06218,0.03779,0.1622,0.09699,0.02913,0.01067,0.04906,0.02461,0.217,0.2125,
2.096,0.1894,0.09739,0.06213,0.03796,0.162,0.09693,0.02902,0.01067,0.04968,0.02405,0.2172,0.213,
2.099,0.1775,0.09705,0.06205,0.03802,0.1617,0.09687,0.029,0.01067,0.05003,0.02539,0.2164,0.2129,
2.098,0.2031,0.0967,0.06205,0.03808,0.1614,0.09619,0.02916,0.01054,0.05059,0.02488,0.2166,0.2138,
2.096,0.1891,0.09625,0.06212,0.03818,0.1615,0.0954,0.02953,0.01019,0.05155,0.02395,0.2167,0.2147,
2.095,0.2001,0.09593,0.06213,0.03833,0.1614,0.09458,0.02967,0.01005,0.05182,0.02371,0.2167,0.2156,
2.095,0.1673,0.09539,0.06186,0.03838,0.1616,0.09466,0.02986,0.01059,0.05153,0.02339,0.2169,0.2158,
2.094,0.189,0.09459,0.06199,0.03802,0.1619,0.0947,0.03,0.01078,0.0525,0.02212,0.217,0.2164,
2.093,0.1683,0.09396,0.06195,0.03797,0.1618,0.09464,0.02999,0.01092,0.05234,0.02211,0.218,0.2163,
2.091,0.1768,0.09319,0.06189,0.03807,0.162,0.09349,0.03002,0.01093,0.05264,0.02188,0.2182,0.2177,
2.099,0.1916,0.09452,0.06199,0.03818,0.1622,0.09287,0.02983,0.01093,0.05321,0.0245,0.2151,0.2167,
2.098,0.1586,0.0941,0.06195,0.03832,0.1623,0.09303,0.0297,0.01112,0.05353,0.02401,0.2151,0.2168,
2.099,0.16,0.09342,0.062,0.03839,0.1627,0.09306,0.02985,0.01138,0.0534,0.02377,0.2152,0.2169,
2.099,0.1768,0.09319,0.06193,0.03845,0.1625,0.09313,0.03004,0.01166,0.05349,0.0233,0.2153,0.217,
2.098,0.1799,0.09287,0.06193,0.03851,0.1622,0.09256,0.03011,0.01203,0.05296,0.02329,0.2162,0.2173,
2.097,0.1708,0.0923,0.06174,0.03853,0.1617,0.09242,0.03021,0.01218,0.05256,0.02325,0.2181,0.217,
2.097,0.1731,0.09198,0.06173,0.03862,0.1612,0.09205,0.03023,0.0122,0.05313,0.02278,0.2184,0.2178,
2.095,0.167,0.09088,0.06193,0.03865,0.161,0.09127,0.02999,0.01244,0.05313,0.02252,0.2194,0.2188,
2.094,0.1816,0.08983,0.06217,0.03866,0.1615,0.09125,0.02973,0.01265,0.05309,0.02239,0.2195,0.2192,
2.101,0.1709,0.09449,0.06214,0.03881,0.1615,0.09105,0.02946,0.01265,0.0531,0.02398,0.218,0.2148,
2.106,0.1646,0.09286,0.06169,0.0389,0.1624,0.09057,0.02945,0.01297,0.05279,0.02695,0.2161,0.2153,
2.106,0.1679,0.09245,0.06166,0.03896,0.1624,0.09029,0.02978,0.0128,0.05267,0.02696,0.2162,0.2158,
2.104,0.161,0.09139,0.06157,0.03895,0.1622,0.08974,0.02962,0.01301,0.05238,0.02693,0.2181,0.216,
2.088,0.1852,0.09065,0.06168,0.03895,0.1623,0.1014,0.01733,0.013,0.05233,0.02826,0.2177,0.2164,
2.087,0.1799,0.0899,0.06179,0.03903,0.1628,0.1011,0.01739,0.01301,0.05239,0.02801,0.2177,0.2169,
2.072,0.1723,0.08981,0.06189,0.03909,0.1625,0.1071,0.01048,0.01286,0.05255,0.02788,0.2178,0.2181,
2.057,0.1827,0.08666,0.06159,0.03928,0.1654,0.1122,0.005665,0.01272,0.05244,0.0279,0.2179,0.2182,
2.061,0.1791,0.08842,0.06149,0.03948,0.1651,0.1117,0.00586,0.01254,0.05272,0.02893,0.2168,0.217,
2.06,0.178,0.08776,0.06145,0.03899,0.1643,0.1113,0.005853,0.01311,0.05226,0.0287,0.2187,0.2175,
2.06,0.1832,0.0876,0.06087,0.03909,0.1645,0.1114,0.005858,0.01346,0.05224,0.02844,0.2189,0.2177,
2.059,0.2124,0.08693,0.06051,0.03918,0.1641,0.1113,0.005849,0.01385,0.05176,0.0284,0.2208,0.2174,
2.059,0.1836,0.08415,0.06045,0.03928,0.1659,0.1112,0.006231,0.01347,0.05175,0.02955,0.2207,0.2173,
2.064,0.2176,0.08584,0.06034,0.03944,0.1656,0.1103,0.006387,0.01355,0.05179,0.03069,0.2194,0.2167,
2.066,0.1818,0.08516,0.06039,0.03948,0.1654,0.1099,0.006382,0.01354,0.05177,0.03243,0.2186,0.2169,
2.074,0.1688,0.08468,0.06004,0.03953,0.1657,0.11,0.006379,0.01376,0.05174,0.03698,0.2141,0.217,
2.072,0.1645,0.0841,0.05991,0.03926,0.1658,0.1096,0.006375,0.01375,0.05281,0.03585,0.2151,0.2175,
2.069,0.1734,0.08402,0.05995,0.03917,0.1652,0.1103,0.005344,0.0139,0.05258,0.03588,0.2153,0.2184,
2.066,0.1686,0.0813,0.06004,0.03889,0.1673,0.11,0.005494,0.01377,0.0533,0.03522,0.2154,0.2193,
2.068,0.1784,0.08336,0.06026,0.03895,0.1675,0.1093,0.005697,0.01385,0.05532,0.03297,0.2155,0.2173,
2.067,0.1889,0.08287,0.06005,0.03907,0.1675,0.1085,0.005853,0.01412,0.05483,0.03294,0.2164,0.2179,
2.068,0.1931,0.08485,0.05998,0.03914,0.1673,0.108,0.005747,0.01427,0.05537,0.0323,0.2165,0.2165,
2.068,0.184,0.0845,0.0598,0.03924,0.1669,0.108,0.005745,0.0144,0.05596,0.03155,0.2175,0.2164,
2.066,0.185,0.08429,0.05967,0.03931,0.1666,0.108,0.00562,0.01478,0.05674,0.03031,0.2184,0.2162,
2.071,0.1777,0.08391,0.05949,0.03927,0.166,0.1077,0.005602,0.01494,0.0569,0.03278,0.2179,0.2156,
2.07,0.1803,0.08369,0.05947,0.03942,0.1656,0.1075,0.005742,0.01482,0.05754,0.0322,0.218,0.216,
2.069,0.1802,0.08288,0.05986,0.03954,0.1658,0.107,0.005954,0.01441,0.05834,0.03142,0.2181,0.2167,
2.068,0.2002,0.08228,0.05993,0.03947,0.1653,0.1068,0.005945,0.01479,0.05822,0.03099,0.2199,0.2164,
2.076,0.1956,0.08205,0.0599,0.03949,0.1652,0.1069,0.00625,0.0149,0.05785,0.03441,0.2166,0.2165,
2.074,0.1816,0.08161,0.05979,0.03954,0.1653,0.1065,0.006073,0.01488,0.05779,0.03437,0.2175,0.2167,
2.073,0.185,0.07982,0.05993,0.03963,0.1663,0.1065,0.006244,0.01473,0.05892,0.03332,0.2177,0.2169,
2.072,0.1901,0.07933,0.05994,0.03969,0.1658,0.106,0.006591,0.01451,0.05913,0.03295,0.2187,0.2174,
2.069,0.2064,0.07879,0.06,0.03884,0.166,0.1057,0.006585,0.01436,0.05961,0.0325,0.2188,0.2188,
2.07,0.2066,0.07828,0.05984,0.03899,0.166,0.1054,0.01155,0.009525,0.05979,0.03228,0.2189,0.2194,
2.068,0.203,0.07637,0.05924,0.0393,0.1679,0.1051,0.01155,0.009725,0.06112,0.0308,0.219,0.2198,
2.067,0.2106,0.07589,0.05905,0.03931,0.1678,0.1051,0.01155,0.01002,0.06079,0.03078,0.22,0.2197,
2.066,0.1958,0.0755,0.05902,0.03928,0.1675,0.105,0.01154,0.01001,0.06101,0.03052,0.221,0.2196,
2.067,0.2069,0.0754,0.05901,0.03931,0.1675,0.105,0.01209,0.009998,0.06049,0.03052,0.2211,0.2196,
2.063,0.2048,0.0721,0.05905,0.03941,0.1702,0.1059,0.01133,0.0102,0.06033,0.03054,0.2212,0.2198,
2.057,0.2066,0.06889,0.05917,0.03832,0.1723,0.1064,0.01082,0.0102,0.0607,0.03016,0.2223,0.2208,
2.057,0.1976,0.06855,0.05931,0.03834,0.1723,0.1064,0.01082,0.01021,0.06072,0.03017,0.2223,0.2209,
2.064,0.217,0.0729,0.05926,0.03802,0.1723,0.1064,0.01099,0.01016,0.06086,0.03132,0.221,0.2167,
2.063,0.1962,0.07177,0.05942,0.03761,0.1727,0.1065,0.011,0.0103,0.06078,0.03135,0.2212,0.2173,
2.063,0.2252,0.07106,0.05947,0.03778,0.1726,0.1066,0.01101,0.01031,0.06097,0.03124,0.2214,0.2175,
2.067,0.2135,0.07275,0.05944,0.03781,0.1728,0.1067,0.01101,0.01056,0.0615,0.03186,0.2202,0.2155,
2.066,0.1913,0.07235,0.05939,0.0379,0.1728,0.1059,0.01151,0.0102,0.06203,0.03124,0.2203,0.2164,
2.071,0.1878,0.07184,0.05933,0.03805,0.1729,0.1057,0.01138,0.01093,0.06134,0.03358,0.2181,0.2169,
2.071,0.2076,0.07137,0.05955,0.03813,0.1724,0.1052,0.01153,0.0108,0.0614,0.03361,0.2183,0.2177,
2.071,0.2299,0.07169,0.05948,0.03785,0.1726,0.1054,0.0117,0.01085,0.06175,0.03342,0.2183,0.217,
2.085,0.2181,0.07079,0.05956,0.03791,0.1726,0.1056,0.01187,0.04991,0.0222,0.0334,0.2193,0.2169,
2.085,0.1875,0.07021,0.05963,0.038,0.172,0.1056,0.01204,0.05026,0.02384,0.03122,0.2204,0.2168,
2.084,0.1955,0.07004,0.05952,0.03808,0.1708,0.1055,0.01216,0.0502,0.02367,0.03118,0.2223,0.2166,
2.083,0.1877,0.06944,0.05997,0.03821,0.1703,0.104,0.01246,0.05029,0.02376,0.0308,0.2225,0.2182,
2.098,0.1802,0.07427,0.05997,0.03836,0.1703,0.1041,0.0126,0.05032,0.02363,0.0353,0.2181,0.2131,
2.097,0.1806,0.07386,0.06008,0.0384,0.17,0.104,0.01259,0.05041,0.02433,0.03441,0.219,0.2129,
2.099,0.1885,0.07358,0.05991,0.03844,0.1701,0.1038,0.01258,0.05054,0.02487,0.03513,0.2176,0.2134,
2.098,0.1857,0.073,0.05975,0.03847,0.1695,0.1033,0.01244,0.05047,0.02572,0.03419,0.2195,0.2136,
2.096,0.1933,0.07219,0.05994,0.03855,0.1696,0.1014,0.01254,0.05042,0.02637,0.03359,0.2197,0.2157,
2.095,0.1907,0.07198,0.06017,0.03815,0.169,0.1009,0.01284,0.0503,0.02625,0.03362,0.2198,0.217,
2.088,0.1942,0.07166,0.05995,0.03813,0.1676,0.1049,0.007515,0.05034,0.02677,0.03661,0.2189,0.2177,
2.084,0.1752,0.07101,0.05971,0.0377,0.1666,0.1033,0.007499,0.04999,0.02734,0.03581,0.2225,0.2186,
2.088,0.1794,0.07408,0.05956,0.03783,0.1659,0.103,0.006893,0.04997,0.028,0.03725,0.2213,0.2162,
2.093,0.1794,0.07302,0.05946,0.03796,0.1661,0.1023,0.007026,0.05013,0.02841,0.03968,0.2191,0.2168,
2.091,0.1803,0.07262,0.05946,0.03747,0.1654,0.1023,0.007025,0.05013,0.02903,0.03906,0.2202,0.2173,
2.094,0.1832,0.07329,0.05936,0.0377,0.1646,0.1013,0.007023,0.05019,0.0296,0.03988,0.2192,0.2179,
2.104,0.1972,0.07483,0.05941,0.03774,0.164,0.1013,0.007019,0.05034,0.03234,0.04133,0.2157,0.216,
2.103,0.2138,0.07398,0.05949,0.03786,0.1643,0.1006,0.007022,0.05055,0.03218,0.04135,0.2159,0.2168,
2.104,0.2053,0.07535,0.05947,0.03804,0.1641,0.1003,0.007024,0.05086,0.03214,0.04111,0.2159,0.2157,
2.103,0.1981,0.07506,0.05939,0.03807,0.1641,0.09999,0.007028,0.05122,0.03183,0.04113,0.216,0.2162,
2.103,0.1934,0.07455,0.05928,0.03827,0.1643,0.1,0.00703,0.05123,0.03233,0.04066,0.2161,0.2162,
2.101,0.1933,0.07427,0.05917,0.03786,0.1642,0.09845,0.007275,0.05077,0.03257,0.04036,0.217,0.2181,
2.105,0.2,0.07658,0.05922,0.03738,0.164,0.09802,0.007268,0.05072,0.03312,0.04147,0.2161,0.2162,
2.105,0.2008,0.07607,0.05914,0.03743,0.164,0.09794,0.007371,0.05057,0.03373,0.0408,0.217,0.216,
2.106,0.1891,0.07546,0.05929,0.03715,0.1641,0.09757,0.00746,0.0505,0.03441,0.04141,0.2158,0.2168,
2.105,0.2041,0.07371,0.05949,0.03687,0.1684,0.09727,0.007615,0.05036,0.03442,0.04142,0.2159,0.2146,
2.105,0.1943,0.07345,0.05926,0.03709,0.1684,0.09729,0.007773,0.05022,0.03468,0.04118,0.216,0.2147,
2.104,0.1856,0.0732,0.05922,0.0371,0.1683,0.09711,0.007742,0.04994,0.03571,0.04008,0.2168,0.2148,
2.103,0.1998,0.07268,0.05908,0.03716,0.1683,0.09636,0.008008,0.04991,0.03564,0.03982,0.2177,0.2153,
2.095,0.2018,0.07197,0.05908,0.03728,0.1686,0.09561,0.008393,0.06212,0.02308,0.03984,0.2178,0.2162,
2.096,0.2165,0.0715,0.05919,0.03736,0.1689,0.09561,0.008529,0.06231,0.02301,0.0404,0.217,0.2162,
2.094,0.2044,0.071,0.0593,0.03681,0.1687,0.09503,0.008352,0.06234,0.02302,0.04042,0.2172,0.2178,
2.1,0.213,0.07317,0.05919,0.03687,0.1683,0.09445,0.008336,0.06242,0.02301,0.0431,0.2159,0.2153,
2.099,0.2032,0.07261,0.05898,0.03653,0.1685,0.0945,0.008341,0.06245,0.02357,0.04256,0.216,0.2159,
2.098,0.194,0.07194,0.05885,0.03658,0.1681,0.09479,0.008351,0.06218,0.02409,0.04204,0.2172,0.2159,
2.099,0.1923,0.0717,0.05884,0.03664,0.1681,0.09406,0.009028,0.06214,0.02454,0.04098,0.2172,0.2167,
2.097,0.2016,0.07128,0.0587,0.03673,0.1681,0.09261,0.009035,0.0625,0.02467,0.0406,0.2174,0.2184,
2.094,0.2061,0.0711,0.05864,0.03679,0.1679,0.0902,0.008788,0.06289,0.02488,0.04006,0.2175,0.2213,
2.1,0.228,0.07374,0.05875,0.03692,0.1679,0.08844,0.00862,0.06315,0.02487,0.04277,0.2147,0.2201,
2.081,0.1966,0.07361,0.05866,0.03698,0.1679,0.0909,0.006194,0.0735,0.01456,0.04278,0.2147,0.2202,
2.08,0.1883,0.07354,0.05848,0.03685,0.1673,0.08974,0.006196,0.07329,0.01505,0.04225,0.2157,0.2216,
2.078,0.188,0.07272,0.05845,0.03687,0.1669,0.08923,0.006192,0.07356,0.01531,0.04175,0.2168,0.2222,
